max_day,cooldown_minutes,min_entry_minute,rescue_pnl_threshold,rescue_start_bday,min_month_trades,select_spxw_trades,select_spxw_win_rate,select_spxw_profit_factor,select_spxw_pnl_return,select_spxw_avg_return,select_spxw_max_drawdown,select_spxw_call_rate,select_spxw_days_with_trades,select_spxw_daily_win_rate,select_spxw_daily_max_drawdown,select_spxw_top5_share_of_pnl,select_spxw_min_month_trades,select_spxw_positive_month_rate,select_spxw_pass,select_spy_trades,select_spy_win_rate,select_spy_profit_factor,select_spy_pnl_return,select_spy_avg_return,select_spy_max_drawdown,select_spy_call_rate,select_spy_days_with_trades,select_spy_daily_win_rate,select_spy_daily_max_drawdown,select_spy_top5_share_of_pnl,select_spy_min_month_trades,select_spy_positive_month_rate,select_spy_pass,select_qqq_trades,select_qqq_win_rate,select_qqq_profit_factor,select_qqq_pnl_return,select_qqq_avg_return,select_qqq_max_drawdown,select_qqq_call_rate,select_qqq_days_with_trades,select_qqq_daily_win_rate,select_qqq_daily_max_drawdown,select_qqq_top5_share_of_pnl,select_qqq_min_month_trades,select_qqq_positive_month_rate,select_qqq_pass,select_overall_trades,select_overall_win_rate,select_overall_profit_factor,select_overall_pnl_return,select_overall_avg_return,select_overall_max_drawdown,select_overall_call_rate,select_overall_days_with_trades,select_overall_daily_win_rate,select_overall_daily_max_drawdown,select_overall_top5_share_of_pnl,select_overall_min_month_trades,select_overall_positive_month_rate,select_pass,select_pf_min,select_wr_min,select_min_month_min,valid_spxw_trades,valid_spxw_win_rate,valid_spxw_profit_factor,valid_spxw_pnl_return,valid_spxw_avg_return,valid_spxw_max_drawdown,valid_spxw_call_rate,valid_spxw_days_with_trades,valid_spxw_daily_win_rate,valid_spxw_daily_max_drawdown,valid_spxw_top5_share_of_pnl,valid_spxw_min_month_trades,valid_spxw_positive_month_rate,valid_spxw_pass,valid_spy_trades,valid_spy_win_rate,valid_spy_profit_factor,valid_spy_pnl_return,valid_spy_avg_return,valid_spy_max_drawdown,valid_spy_call_rate,valid_spy_days_with_trades,valid_spy_daily_win_rate,valid_spy_daily_max_drawdown,valid_spy_top5_share_of_pnl,valid_spy_min_month_trades,valid_spy_positive_month_rate,valid_spy_pass,valid_qqq_trades,valid_qqq_win_rate,valid_qqq_profit_factor,valid_qqq_pnl_return,valid_qqq_avg_return,valid_qqq_max_drawdown,valid_qqq_call_rate,valid_qqq_days_with_trades,valid_qqq_daily_win_rate,valid_qqq_daily_max_drawdown,valid_qqq_top5_share_of_pnl,valid_qqq_min_month_trades,valid_qqq_positive_month_rate,valid_qqq_pass,valid_overall_trades,valid_overall_win_rate,valid_overall_profit_factor,valid_overall_pnl_return,valid_overall_avg_return,valid_overall_max_drawdown,valid_overall_call_rate,valid_overall_days_with_trades,valid_overall_daily_win_rate,valid_overall_daily_max_drawdown,valid_overall_top5_share_of_pnl,valid_overall_min_month_trades,valid_overall_positive_month_rate,valid_pass,valid_pf_min,valid_wr_min,valid_min_month_min,pretest_health_flag_count,pretest_negative_months,pretest_max_negative_day_streak,pretest_max_dd_to_pnl,pretest_flags_json,select_pass_count,valid_pass_count,pretest_pass,selection_score
3,45,0,-1.0,10,18,625,0.4624,1.4343455149172928,43.44406680862898,0.06951050689380638,-5.099999999999909,0.2608,469,0.5181236673773987,-4.799999999999997,0.14961766882075025,18,0.7916666666666666,True,595,0.426890756302521,1.232256241236214,23.572320291677343,0.03961734502802915,-7.47272723804819,0.24369747899159663,474,0.4831223628691983,-7.472727238048197,0.21211318776138238,18,0.6666666666666666,False,573,0.4467713787085515,1.3288007941614361,31.268955524752585,0.054570603010039416,-3.9000000000000234,0.268760907504363,484,0.4896694214876033,-3.8000000000000096,0.15990300654724418,18,0.8333333333333334,False,1793,0.4456218627997769,1.3313570196484028,98.28534262505892,0.05481614201062963,-7.472727238047874,0.25766871165644173,497,0.5050301810865191,-9.931170129144586,0.1312504963147069,54,0.75,False,1.232256241236214,0.426890756302521,18,355,0.5746478873239437,2.251655629139073,56.7,0.15971830985915494,-2.09999999999998,0.30985915492957744,339,0.5929203539823009,-2.09999999999998,0.07054673721340388,19,1.0,True,383,0.5274151436031331,1.8573417783763921,46.553658565838084,0.12155002236511249,-2.4000000000000057,0.30548302872062666,337,0.5548961424332344,-2.000000000000007,0.13962382764842068,18,1.0,True,375,0.5253333333333333,1.8445692883895135,45.099999999999994,0.12026666666666665,-2.799999999999998,0.328,328,0.5792682926829268,-2.699999999999998,0.1108647450110865,19,1.0,True,1113,0.5417789757412399,1.9696317553322755,148.3536585658381,0.13329169682465236,-2.7999999999999687,0.31446540880503143,348,0.5632183908045977,-3.999999999999986,0.07347307848941705,57,1.0,True,1.8445692883895135,0.5253333333333333,18,12,16,9,0.10656146780113503,"{""QQQ"": ""negative_months;negative_day_streak>4;first_2_month_share<0.1;first_3_month_share<0.2"", ""SPXW"": ""negative_months;negative_day_streak>4;first_2_month_share<0.1;first_3_month_share<0.2"", ""SPY"": ""negative_months;negative_day_streak>4;first_2_month_share<0.1;first_3_month_share<0.2""}",1,3,False,-23.332860872785385
4,45,0,-1.0,10,18,627,0.4609250398724083,1.4257926328218449,42.84406680862898,0.06833184498983888,-5.099999999999909,0.25996810207336524,469,0.5181236673773987,-4.999999999999993,0.15171295547253866,18,0.7916666666666666,True,596,0.4261744966442953,1.2286245784687646,23.27232029167734,0.039047517267915,-7.47272723804819,0.24496644295302014,474,0.4831223628691983,-7.472727238048197,0.21484750713868883,18,0.6666666666666666,False,573,0.4467713787085515,1.3288007941614361,31.268955524752585,0.054570603010039416,-3.9000000000000234,0.268760907504363,484,0.4896694214876033,-3.8000000000000096,0.15990300654724418,18,0.8333333333333334,False,1796,0.4448775055679287,1.3273295831384242,97.38534262505891,0.05422346471328447,-7.472727238047874,0.2577951002227171,497,0.5030181086519114,-9.931170129144586,0.132463465777042,54,0.75,False,1.2286245784687646,0.4261744966442953,18,355,0.5746478873239437,2.251655629139073,56.7,0.15971830985915494,-2.09999999999998,0.30985915492957744,339,0.5929203539823009,-2.09999999999998,0.07054673721340388,19,1.0,True,383,0.5274151436031331,1.8573417783763921,46.553658565838084,0.12155002236511249,-2.4000000000000057,0.30548302872062666,337,0.5548961424332344,-2.000000000000007,0.13962382764842068,18,1.0,True,375,0.5253333333333333,1.8445692883895135,45.099999999999994,0.12026666666666665,-2.799999999999998,0.328,328,0.5792682926829268,-2.699999999999998,0.1108647450110865,19,1.0,True,1113,0.5417789757412399,1.9696317553322755,148.3536585658381,0.13329169682465236,-2.7999999999999687,0.31446540880503143,348,0.5632183908045977,-3.999999999999986,0.07347307848941705,57,1.0,True,1.8445692883895135,0.5253333333333333,18,12,16,9,0.10701929797929227,"{""QQQ"": ""negative_months;negative_day_streak>4;first_2_month_share<0.1;first_3_month_share<0.2"", ""SPXW"": ""negative_months;negative_day_streak>4;first_2_month_share<0.1;first_3_month_share<0.2"", ""SPY"": ""negative_months;negative_day_streak>4;first_2_month_share<0.1;first_3_month_share<0.2""}",1,3,False,-23.332860872785385
5,45,0,-1.0,10,18,627,0.4609250398724083,1.4257926328218449,42.84406680862898,0.06833184498983888,-5.099999999999909,0.25996810207336524,469,0.5181236673773987,-4.999999999999993,0.15171295547253866,18,0.7916666666666666,True,596,0.4261744966442953,1.2286245784687646,23.27232029167734,0.039047517267915,-7.47272723804819,0.24496644295302014,474,0.4831223628691983,-7.472727238048197,0.21484750713868883,18,0.6666666666666666,False,573,0.4467713787085515,1.3288007941614361,31.268955524752585,0.054570603010039416,-3.9000000000000234,0.268760907504363,484,0.4896694214876033,-3.8000000000000096,0.15990300654724418,18,0.8333333333333334,False,1796,0.4448775055679287,1.3273295831384242,97.38534262505891,0.05422346471328447,-7.472727238047874,0.2577951002227171,497,0.5030181086519114,-9.931170129144586,0.132463465777042,54,0.75,False,1.2286245784687646,0.4261744966442953,18,355,0.5746478873239437,2.251655629139073,56.7,0.15971830985915494,-2.09999999999998,0.30985915492957744,339,0.5929203539823009,-2.09999999999998,0.07054673721340388,19,1.0,True,383,0.5274151436031331,1.8573417783763921,46.553658565838084,0.12155002236511249,-2.4000000000000057,0.30548302872062666,337,0.5548961424332344,-2.000000000000007,0.13962382764842068,18,1.0,True,375,0.5253333333333333,1.8445692883895135,45.099999999999994,0.12026666666666665,-2.799999999999998,0.328,328,0.5792682926829268,-2.699999999999998,0.1108647450110865,19,1.0,True,1113,0.5417789757412399,1.9696317553322755,148.3536585658381,0.13329169682465236,-2.7999999999999687,0.31446540880503143,348,0.5632183908045977,-3.999999999999986,0.07347307848941705,57,1.0,True,1.8445692883895135,0.5253333333333333,18,12,16,9,0.10701929797929227,"{""QQQ"": ""negative_months;negative_day_streak>4;first_2_month_share<0.1;first_3_month_share<0.2"", ""SPXW"": ""negative_months;negative_day_streak>4;first_2_month_share<0.1;first_3_month_share<0.2"", ""SPY"": ""negative_months;negative_day_streak>4;first_2_month_share<0.1;first_3_month_share<0.2""}",1,3,False,-23.332860872785385
3,45,0,-1.0,5,18,629,0.4642289348171701,1.4450081545622082,44.644066808628985,0.070976258837248,-5.4999999999999005,0.2655007949125596,468,0.5277777777777778,-5.200000000000003,0.14559605485456478,18,0.8333333333333334,True,601,0.4176372712146423,1.185927751813909,19.372320291677344,0.032233478022757646,-7.47272723804819,0.2529118136439268,476,0.47689075630252103,-7.472727238048197,0.2581002133310835,18,0.6666666666666666,False,569,0.44815465729349735,1.336188487523913,31.66895552475258,0.05565721533348432,-3.8000000000000043,0.27065026362038663,484,0.49173553719008267,-3.8000000000000114,0.15788332507815045,18,0.875,False,1799,0.44357976653696496,1.3203235806549458,95.6853426250589,0.05318807260981595,-7.472727238047874,0.26292384658143414,498,0.5080321285140562,-11.98041965270653,0.13063651816538924,54,0.75,False,1.185927751813909,0.4176372712146423,18,359,0.5710306406685237,2.218614718614719,56.3,0.15682451253481894,-1.8999999999999773,0.3064066852367688,339,0.5870206489675516,-1.8999999999999844,0.08880994671403197,19,1.0,True,383,0.5274151436031331,1.8573417783763921,46.553658565838084,0.12155002236511249,-2.4000000000000057,0.30548302872062666,337,0.5548961424332344,-2.000000000000007,0.13962382764842068,18,1.0,True,377,0.5251989389920424,1.8435754189944138,45.3,0.12015915119363395,-3.099999999999998,0.32891246684350134,328,0.5792682926829268,-2.9999999999999987,0.11037527593818985,19,0.9411764705882353,True,1119,0.5406613047363718,1.960788966056019,148.1536585658381,0.13239826502755864,-3.099999999999966,0.3136729222520107,348,0.5603448275862069,-4.1999999999999975,0.07357226345616125,57,1.0,True,1.8435754189944138,0.5251989389920424,18,12,16,9,0.11335026597327998,"{""QQQ"": ""negative_months;negative_day_streak>4;first_2_month_share<0.1;first_3_month_share<0.2"", ""SPXW"": ""negative_months;negative_day_streak>4;first_2_month_share<0.1;first_3_month_share<0.2"", ""SPY"": ""negative_months;negative_day_streak>4;first_2_month_share<0.1;first_3_month_share<0.2""}",1,3,False,-23.354233402784754
3,45,0,-1.0,1,18,629,0.4642289348171701,1.4450081545622082,44.644066808628985,0.070976258837248,-5.4999999999999005,0.2655007949125596,468,0.5277777777777778,-5.200000000000003,0.14559605485456478,18,0.8333333333333334,True,604,0.41721854304635764,1.183908941459395,19.27232029167734,0.03190781505244593,-7.57272723804819,0.2533112582781457,476,0.47689075630252103,-7.572727238048195,0.25943944083158615,18,0.6666666666666666,False,569,0.44815465729349735,1.336188487523913,31.66895552475258,0.05565721533348432,-3.8000000000000043,0.27240773286467485,484,0.49173553719008267,-3.8000000000000114,0.15788332507815045,18,0.875,False,1802,0.44339622641509435,1.3193473699698421,95.5853426250589,0.053044030313573194,-7.572727238047868,0.26359600443951164,498,0.5080321285140562,-11.98041965270653,0.130773188197193,54,0.75,False,1.183908941459395,0.41721854304635764,18,359,0.5710306406685237,2.218614718614719,56.3,0.15682451253481894,-1.8999999999999773,0.3064066852367688,339,0.5870206489675516,-1.8999999999999844,0.08880994671403197,19,1.0,True,383,0.5274151436031331,1.8573417783763921,46.553658565838084,0.12155002236511249,-2.4000000000000057,0.30548302872062666,337,0.5548961424332344,-2.000000000000007,0.13962382764842068,18,1.0,True,377,0.5251989389920424,1.8435754189944138,45.3,0.12015915119363395,-3.099999999999998,0.32891246684350134,328,0.5792682926829268,-2.9999999999999987,0.11037527593818985,19,0.9411764705882353,True,1119,0.5406613047363718,1.960788966056019,148.1536585658381,0.13239826502755864,-3.099999999999966,0.3136729222520107,348,0.5603448275862069,-4.1999999999999975,0.07357226345616125,57,1.0,True,1.8435754189944138,0.5251989389920424,18,12,16,9,0.1150416198814128,"{""QQQ"": ""negative_months;negative_day_streak>4;first_2_month_share<0.1;first_3_month_share<0.2"", ""SPXW"": ""negative_months;negative_day_streak>4;first_2_month_share<0.1;first_3_month_share<0.2"", ""SPY"": ""negative_months;negative_day_streak>4;first_2_month_share<0.1;first_3_month_share<0.2""}",1,3,False,-23.354233402784754
4,45,0,-1.0,1,18,631,0.46275752773375595,1.4364173052972662,44.04406680862898,0.06980042283459427,-5.4999999999999005,0.26465927099841524,468,0.5277777777777778,-5.399999999999999,0.1475794691766869,18,0.8333333333333334,True,604,0.41721854304635764,1.183908941459395,19.27232029167734,0.03190781505244593,-7.57272723804819,0.2533112582781457,476,0.47689075630252103,-7.572727238048195,0.25943944083158615,18,0.6666666666666666,False,569,0.44815465729349735,1.336188487523913,31.66895552475258,0.05565721533348432,-3.8000000000000043,0.27240773286467485,484,0.49173553719008267,-3.8000000000000114,0.15788332507815045,18,0.875,False,1804,0.4429046563192905,1.3167079242071376,94.9853426250589,0.05265262894958919,-7.572727238047868,0.2633037694013304,498,0.5080321285140562,-12.580419652706524,0.13159925157444521,54,0.75,False,1.183908941459395,0.41721854304635764,18,359,0.5710306406685237,2.218614718614719,56.3,0.15682451253481894,-1.8999999999999773,0.3064066852367688,339,0.5870206489675516,-1.8999999999999844,0.08880994671403197,19,1.0,True,383,0.5274151436031331,1.8573417783763921,46.553658565838084,0.12155002236511249,-2.4000000000000057,0.30548302872062666,337,0.5548961424332344,-2.000000000000007,0.13962382764842068,18,1.0,True,377,0.5251989389920424,1.8435754189944138,45.3,0.12015915119363395,-3.099999999999998,0.32891246684350134,328,0.5792682926829268,-2.9999999999999987,0.11037527593818985,19,0.9411764705882353,True,1119,0.5406613047363718,1.960788966056019,148.1536585658381,0.13239826502755864,-3.099999999999966,0.3136729222520107,348,0.5603448275862069,-4.1999999999999975,0.07357226345616125,57,1.0,True,1.8435754189944138,0.5251989389920424,18,12,16,9,0.1150416198814128,"{""QQQ"": ""negative_months;negative_day_streak>4;first_2_month_share<0.1;first_3_month_share<0.2"", ""SPXW"": ""negative_months;negative_day_streak>4;first_2_month_share<0.1;first_3_month_share<0.2"", ""SPY"": ""negative_months;negative_day_streak>4;first_2_month_share<0.1;first_3_month_share<0.2""}",1,3,False,-23.354233402784754
4,45,0,-1.0,5,18,631,0.46275752773375595,1.4364173052972662,44.04406680862898,0.06980042283459427,-5.4999999999999005,0.26465927099841524,468,0.5277777777777778,-5.399999999999999,0.1475794691766869,18,0.8333333333333334,True,601,0.4176372712146423,1.185927751813909,19.372320291677344,0.032233478022757646,-7.47272723804819,0.2529118136439268,476,0.47689075630252103,-7.472727238048197,0.2581002133310835,18,0.6666666666666666,False,569,0.44815465729349735,1.336188487523913,31.66895552475258,0.05565721533348432,-3.8000000000000043,0.27065026362038663,484,0.49173553719008267,-3.8000000000000114,0.15788332507815045,18,0.875,False,1801,0.4430871737923376,1.3176768870213085,95.08534262505891,0.052795859314302564,-7.472727238047874,0.2626318711826763,498,0.5080321285140562,-12.580419652706524,0.1314608503782762,54,0.75,False,1.185927751813909,0.4176372712146423,18,359,0.5710306406685237,2.218614718614719,56.3,0.15682451253481894,-1.8999999999999773,0.3064066852367688,339,0.5870206489675516,-1.8999999999999844,0.08880994671403197,19,1.0,True,383,0.5274151436031331,1.8573417783763921,46.553658565838084,0.12155002236511249,-2.4000000000000057,0.30548302872062666,337,0.5548961424332344,-2.000000000000007,0.13962382764842068,18,1.0,True,377,0.5251989389920424,1.8435754189944138,45.3,0.12015915119363395,-3.099999999999998,0.32891246684350134,328,0.5792682926829268,-2.9999999999999987,0.11037527593818985,19,0.9411764705882353,True,1119,0.5406613047363718,1.960788966056019,148.1536585658381,0.13239826502755864,-3.099999999999966,0.3136729222520107,348,0.5603448275862069,-4.1999999999999975,0.07357226345616125,57,1.0,True,1.8435754189944138,0.5251989389920424,18,12,16,9,0.11335026597327998,"{""QQQ"": ""negative_months;negative_day_streak>4;first_2_month_share<0.1;first_3_month_share<0.2"", ""SPXW"": ""negative_months;negative_day_streak>4;first_2_month_share<0.1;first_3_month_share<0.2"", ""SPY"": ""negative_months;negative_day_streak>4;first_2_month_share<0.1;first_3_month_share<0.2""}",1,3,False,-23.354233402784754
5,45,0,-1.0,1,18,631,0.46275752773375595,1.4364173052972662,44.04406680862898,0.06980042283459427,-5.4999999999999005,0.26465927099841524,468,0.5277777777777778,-5.399999999999999,0.1475794691766869,18,0.8333333333333334,True,604,0.41721854304635764,1.183908941459395,19.27232029167734,0.03190781505244593,-7.57272723804819,0.2533112582781457,476,0.47689075630252103,-7.572727238048195,0.25943944083158615,18,0.6666666666666666,False,569,0.44815465729349735,1.336188487523913,31.66895552475258,0.05565721533348432,-3.8000000000000043,0.27240773286467485,484,0.49173553719008267,-3.8000000000000114,0.15788332507815045,18,0.875,False,1804,0.4429046563192905,1.3167079242071376,94.9853426250589,0.05265262894958919,-7.572727238047868,0.2633037694013304,498,0.5080321285140562,-12.580419652706524,0.13159925157444521,54,0.75,False,1.183908941459395,0.41721854304635764,18,359,0.5710306406685237,2.218614718614719,56.3,0.15682451253481894,-1.8999999999999773,0.3064066852367688,339,0.5870206489675516,-1.8999999999999844,0.08880994671403197,19,1.0,True,383,0.5274151436031331,1.8573417783763921,46.553658565838084,0.12155002236511249,-2.4000000000000057,0.30548302872062666,337,0.5548961424332344,-2.000000000000007,0.13962382764842068,18,1.0,True,377,0.5251989389920424,1.8435754189944138,45.3,0.12015915119363395,-3.099999999999998,0.32891246684350134,328,0.5792682926829268,-2.9999999999999987,0.11037527593818985,19,0.9411764705882353,True,1119,0.5406613047363718,1.960788966056019,148.1536585658381,0.13239826502755864,-3.099999999999966,0.3136729222520107,348,0.5603448275862069,-4.1999999999999975,0.07357226345616125,57,1.0,True,1.8435754189944138,0.5251989389920424,18,12,16,9,0.1150416198814128,"{""QQQ"": ""negative_months;negative_day_streak>4;first_2_month_share<0.1;first_3_month_share<0.2"", ""SPXW"": ""negative_months;negative_day_streak>4;first_2_month_share<0.1;first_3_month_share<0.2"", ""SPY"": ""negative_months;negative_day_streak>4;first_2_month_share<0.1;first_3_month_share<0.2""}",1,3,False,-23.354233402784754
5,45,0,-1.0,5,18,631,0.46275752773375595,1.4364173052972662,44.04406680862898,0.06980042283459427,-5.4999999999999005,0.26465927099841524,468,0.5277777777777778,-5.399999999999999,0.1475794691766869,18,0.8333333333333334,True,601,0.4176372712146423,1.185927751813909,19.372320291677344,0.032233478022757646,-7.47272723804819,0.2529118136439268,476,0.47689075630252103,-7.472727238048197,0.2581002133310835,18,0.6666666666666666,False,569,0.44815465729349735,1.336188487523913,31.66895552475258,0.05565721533348432,-3.8000000000000043,0.27065026362038663,484,0.49173553719008267,-3.8000000000000114,0.15788332507815045,18,0.875,False,1801,0.4430871737923376,1.3176768870213085,95.08534262505891,0.052795859314302564,-7.472727238047874,0.2626318711826763,498,0.5080321285140562,-12.580419652706524,0.1314608503782762,54,0.75,False,1.185927751813909,0.4176372712146423,18,359,0.5710306406685237,2.218614718614719,56.3,0.15682451253481894,-1.8999999999999773,0.3064066852367688,339,0.5870206489675516,-1.8999999999999844,0.08880994671403197,19,1.0,True,383,0.5274151436031331,1.8573417783763921,46.553658565838084,0.12155002236511249,-2.4000000000000057,0.30548302872062666,337,0.5548961424332344,-2.000000000000007,0.13962382764842068,18,1.0,True,377,0.5251989389920424,1.8435754189944138,45.3,0.12015915119363395,-3.099999999999998,0.32891246684350134,328,0.5792682926829268,-2.9999999999999987,0.11037527593818985,19,0.9411764705882353,True,1119,0.5406613047363718,1.960788966056019,148.1536585658381,0.13239826502755864,-3.099999999999966,0.3136729222520107,348,0.5603448275862069,-4.1999999999999975,0.07357226345616125,57,1.0,True,1.8435754189944138,0.5251989389920424,18,12,16,9,0.11335026597327998,"{""QQQ"": ""negative_months;negative_day_streak>4;first_2_month_share<0.1;first_3_month_share<0.2"", ""SPXW"": ""negative_months;negative_day_streak>4;first_2_month_share<0.1;first_3_month_share<0.2"", ""SPY"": ""negative_months;negative_day_streak>4;first_2_month_share<0.1;first_3_month_share<0.2""}",1,3,False,-23.354233402784754
3,45,0,-3.0,1,18,583,0.4751286449399657,1.5102515230729312,46.44406680862899,0.07966392248478386,-4.19999999999996,0.24871355060034306,464,0.5237068965517241,-3.6999999999999957,0.1184220155108841,18,0.7916666666666666,True,538,0.4368029739776952,1.2869613807855196,25.876613238708444,0.04809779412399339,-4.868965453455192,0.22862453531598512,472,0.4682203389830508,-4.868965453455192,0.19322466792217513,18,0.625,False,545,0.44770642201834865,1.3329895406949346,30.068955524752578,0.05517239545826161,-3.7000000000000135,0.26788990825688075,484,0.4834710743801653,-3.7000000000000135,0.16628445892921126,18,0.8333333333333334,False,1666,0.453781512605042,1.377130651329817,102.38963557209001,0.06145836468912966,-4.868965453455118,0.24849939975990396,496,0.4939516129032258,-8.212131869297728,0.11036273287684426,54,0.75,False,1.2869613807855196,0.4368029739776952,18,354,0.5734463276836158,2.240618101545254,56.2,0.15875706214689267,-2.09999999999998,0.307909604519774,339,0.5899705014749262,-2.09999999999998,0.07117437722419928,19,1.0,True,383,0.5274151436031331,1.8573417783763921,46.553658565838084,0.12155002236511249,-2.4000000000000057,0.30548302872062666,337,0.5548961424332344,-2.000000000000007,0.13962382764842068,18,1.0,True,355,0.5408450704225352,1.9631901840490802,47.1,0.13267605633802818,-2.0999999999999988,0.3211267605633803,326,0.5766871165644172,-2.0999999999999988,0.09554140127388534,19,1.0,True,1092,0.5467032967032966,2.0091155458978998,149.8536585658381,0.1372286250602913,-2.3999999999999773,0.31135531135531136,348,0.5660919540229885,-3.999999999999986,0.07273763019413433,57,1.0,True,1.8573417783763921,0.5274151436031331,18,12,18,8,0.06722279693487997,"{""QQQ"": ""negative_months;negative_day_streak>4;first_2_month_share<0.1;first_3_month_share<0.2"", ""SPXW"": ""negative_months;negative_day_streak>4;first_2_month_share<0.1;first_3_month_share<0.2"", ""SPY"": ""negative_months;negative_day_streak>4;first_2_month_share<0.1;first_3_month_share<0.2""}",1,3,False,-24.142752992041594
3,45,0,-3.0,5,18,583,0.4751286449399657,1.5102515230729312,46.44406680862899,0.07966392248478386,-4.19999999999996,0.24871355060034306,464,0.5237068965517241,-3.6999999999999957,0.1184220155108841,18,0.7916666666666666,True,538,0.4368029739776952,1.2869613807855196,25.876613238708444,0.04809779412399339,-4.868965453455192,0.22862453531598512,472,0.4682203389830508,-4.868965453455192,0.19322466792217513,18,0.625,False,545,0.44770642201834865,1.3329895406949346,30.068955524752578,0.05517239545826161,-3.7000000000000135,0.26788990825688075,484,0.4834710743801653,-3.7000000000000135,0.16628445892921126,18,0.8333333333333334,False,1666,0.453781512605042,1.377130651329817,102.38963557209001,0.06145836468912966,-4.868965453455118,0.24849939975990396,496,0.4939516129032258,-8.212131869297728,0.11036273287684426,54,0.75,False,1.2869613807855196,0.4368029739776952,18,354,0.5734463276836158,2.240618101545254,56.2,0.15875706214689267,-2.09999999999998,0.307909604519774,339,0.5899705014749262,-2.09999999999998,0.07117437722419928,19,1.0,True,383,0.5274151436031331,1.8573417783763921,46.553658565838084,0.12155002236511249,-2.4000000000000057,0.30548302872062666,337,0.5548961424332344,-2.000000000000007,0.13962382764842068,18,1.0,True,355,0.5408450704225352,1.9631901840490802,47.1,0.13267605633802818,-2.0999999999999988,0.3211267605633803,326,0.5766871165644172,-2.0999999999999988,0.09554140127388534,19,1.0,True,1092,0.5467032967032966,2.0091155458978998,149.8536585658381,0.1372286250602913,-2.3999999999999773,0.31135531135531136,348,0.5660919540229885,-3.999999999999986,0.07273763019413433,57,1.0,True,1.8573417783763921,0.5274151436031331,18,12,18,8,0.06722279693487997,"{""QQQ"": ""negative_months;negative_day_streak>4;first_2_month_share<0.1;first_3_month_share<0.2"", ""SPXW"": ""negative_months;negative_day_streak>4;first_2_month_share<0.1;first_3_month_share<0.2"", ""SPY"": ""negative_months;negative_day_streak>4;first_2_month_share<0.1;first_3_month_share<0.2""}",1,3,False,-24.142752992041594
3,45,0,-3.0,10,18,583,0.4751286449399657,1.5102515230729312,46.44406680862899,0.07966392248478386,-4.19999999999996,0.24871355060034306,464,0.5237068965517241,-3.6999999999999957,0.1184220155108841,18,0.7916666666666666,True,538,0.4368029739776952,1.2869613807855196,25.876613238708444,0.04809779412399339,-4.868965453455192,0.22862453531598512,472,0.4682203389830508,-4.868965453455192,0.19322466792217513,18,0.625,False,545,0.44770642201834865,1.3329895406949346,30.068955524752578,0.05517239545826161,-3.7000000000000135,0.26788990825688075,484,0.4834710743801653,-3.7000000000000135,0.16628445892921126,18,0.8333333333333334,False,1666,0.453781512605042,1.377130651329817,102.38963557209001,0.06145836468912966,-4.868965453455118,0.24849939975990396,496,0.4939516129032258,-8.212131869297728,0.11036273287684426,54,0.75,False,1.2869613807855196,0.4368029739776952,18,354,0.5734463276836158,2.240618101545254,56.2,0.15875706214689267,-2.09999999999998,0.307909604519774,339,0.5899705014749262,-2.09999999999998,0.07117437722419928,19,1.0,True,383,0.5274151436031331,1.8573417783763921,46.553658565838084,0.12155002236511249,-2.4000000000000057,0.30548302872062666,337,0.5548961424332344,-2.000000000000007,0.13962382764842068,18,1.0,True,355,0.5408450704225352,1.9631901840490802,47.1,0.13267605633802818,-2.0999999999999988,0.3211267605633803,326,0.5766871165644172,-2.0999999999999988,0.09554140127388534,19,1.0,True,1092,0.5467032967032966,2.0091155458978998,149.8536585658381,0.1372286250602913,-2.3999999999999773,0.31135531135531136,348,0.5660919540229885,-3.999999999999986,0.07273763019413433,57,1.0,True,1.8573417783763921,0.5274151436031331,18,12,18,8,0.06722279693487997,"{""QQQ"": ""negative_months;negative_day_streak>4;first_2_month_share<0.1;first_3_month_share<0.2"", ""SPXW"": ""negative_months;negative_day_streak>4;first_2_month_share<0.1;first_3_month_share<0.2"", ""SPY"": ""negative_months;negative_day_streak>4;first_2_month_share<0.1;first_3_month_share<0.2""}",1,3,False,-24.142752992041594
4,45,0,-3.0,5,18,583,0.4751286449399657,1.5102515230729312,46.44406680862899,0.07966392248478386,-4.19999999999996,0.24871355060034306,464,0.5237068965517241,-3.6999999999999957,0.1184220155108841,18,0.7916666666666666,True,539,0.4359925788497217,1.2826940103887339,25.576613238708443,0.04745197261355926,-4.868965453455191,0.2300556586270872,472,0.4682203389830508,-4.868965453455191,0.1954910899787484,18,0.625,False,545,0.44770642201834865,1.3329895406949346,30.068955524752578,0.05517239545826161,-3.7000000000000135,0.26788990825688075,484,0.4834710743801653,-3.7000000000000135,0.16628445892921126,18,0.8333333333333334,False,1667,0.45350929814037194,1.3756106197579487,102.08963557209,0.06124153303664667,-4.868965453455118,0.2489502099580084,496,0.49193548387096775,-8.212131869297728,0.11068704415171089,54,0.75,False,1.2826940103887339,0.4359925788497217,18,354,0.5734463276836158,2.240618101545254,56.2,0.15875706214689267,-2.09999999999998,0.307909604519774,339,0.5899705014749262,-2.09999999999998,0.07117437722419928,19,1.0,True,383,0.5274151436031331,1.8573417783763921,46.553658565838084,0.12155002236511249,-2.4000000000000057,0.30548302872062666,337,0.5548961424332344,-2.000000000000007,0.13962382764842068,18,1.0,True,355,0.5408450704225352,1.9631901840490802,47.1,0.13267605633802818,-2.0999999999999988,0.3211267605633803,326,0.5766871165644172,-2.0999999999999988,0.09554140127388534,19,1.0,True,1092,0.5467032967032966,2.0091155458978998,149.8536585658381,0.1372286250602913,-2.3999999999999773,0.31135531135531136,348,0.5660919540229885,-3.999999999999986,0.07273763019413433,57,1.0,True,1.8573417783763921,0.5274151436031331,18,12,18,8,0.06750238605295664,"{""QQQ"": ""negative_months;negative_day_streak>4;first_2_month_share<0.1;first_3_month_share<0.2"", ""SPXW"": ""negative_months;negative_day_streak>4;first_2_month_share<0.1;first_3_month_share<0.2"", ""SPY"": ""negative_months;negative_day_streak>4;first_2_month_share<0.1;first_3_month_share<0.2""}",1,3,False,-24.142752992041594
4,45,0,-3.0,10,18,583,0.4751286449399657,1.5102515230729312,46.44406680862899,0.07966392248478386,-4.19999999999996,0.24871355060034306,464,0.5237068965517241,-3.6999999999999957,0.1184220155108841,18,0.7916666666666666,True,539,0.4359925788497217,1.2826940103887339,25.576613238708443,0.04745197261355926,-4.868965453455191,0.2300556586270872,472,0.4682203389830508,-4.868965453455191,0.1954910899787484,18,0.625,False,545,0.44770642201834865,1.3329895406949346,30.068955524752578,0.05517239545826161,-3.7000000000000135,0.26788990825688075,484,0.4834710743801653,-3.7000000000000135,0.16628445892921126,18,0.8333333333333334,False,1667,0.45350929814037194,1.3756106197579487,102.08963557209,0.06124153303664667,-4.868965453455118,0.2489502099580084,496,0.49193548387096775,-8.212131869297728,0.11068704415171089,54,0.75,False,1.2826940103887339,0.4359925788497217,18,354,0.5734463276836158,2.240618101545254,56.2,0.15875706214689267,-2.09999999999998,0.307909604519774,339,0.5899705014749262,-2.09999999999998,0.07117437722419928,19,1.0,True,383,0.5274151436031331,1.8573417783763921,46.553658565838084,0.12155002236511249,-2.4000000000000057,0.30548302872062666,337,0.5548961424332344,-2.000000000000007,0.13962382764842068,18,1.0,True,355,0.5408450704225352,1.9631901840490802,47.1,0.13267605633802818,-2.0999999999999988,0.3211267605633803,326,0.5766871165644172,-2.0999999999999988,0.09554140127388534,19,1.0,True,1092,0.5467032967032966,2.0091155458978998,149.8536585658381,0.1372286250602913,-2.3999999999999773,0.31135531135531136,348,0.5660919540229885,-3.999999999999986,0.07273763019413433,57,1.0,True,1.8573417783763921,0.5274151436031331,18,12,18,8,0.06750238605295664,"{""QQQ"": ""negative_months;negative_day_streak>4;first_2_month_share<0.1;first_3_month_share<0.2"", ""SPXW"": ""negative_months;negative_day_streak>4;first_2_month_share<0.1;first_3_month_share<0.2"", ""SPY"": ""negative_months;negative_day_streak>4;first_2_month_share<0.1;first_3_month_share<0.2""}",1,3,False,-24.142752992041594
4,45,0,-3.0,1,18,583,0.4751286449399657,1.5102515230729312,46.44406680862899,0.07966392248478386,-4.19999999999996,0.24871355060034306,464,0.5237068965517241,-3.6999999999999957,0.1184220155108841,18,0.7916666666666666,True,539,0.4359925788497217,1.2826940103887339,25.576613238708443,0.04745197261355926,-4.868965453455191,0.2300556586270872,472,0.4682203389830508,-4.868965453455191,0.1954910899787484,18,0.625,False,545,0.44770642201834865,1.3329895406949346,30.068955524752578,0.05517239545826161,-3.7000000000000135,0.26788990825688075,484,0.4834710743801653,-3.7000000000000135,0.16628445892921126,18,0.8333333333333334,False,1667,0.45350929814037194,1.3756106197579487,102.08963557209,0.06124153303664667,-4.868965453455118,0.2489502099580084,496,0.49193548387096775,-8.212131869297728,0.11068704415171089,54,0.75,False,1.2826940103887339,0.4359925788497217,18,354,0.5734463276836158,2.240618101545254,56.2,0.15875706214689267,-2.09999999999998,0.307909604519774,339,0.5899705014749262,-2.09999999999998,0.07117437722419928,19,1.0,True,383,0.5274151436031331,1.8573417783763921,46.553658565838084,0.12155002236511249,-2.4000000000000057,0.30548302872062666,337,0.5548961424332344,-2.000000000000007,0.13962382764842068,18,1.0,True,355,0.5408450704225352,1.9631901840490802,47.1,0.13267605633802818,-2.0999999999999988,0.3211267605633803,326,0.5766871165644172,-2.0999999999999988,0.09554140127388534,19,1.0,True,1092,0.5467032967032966,2.0091155458978998,149.8536585658381,0.1372286250602913,-2.3999999999999773,0.31135531135531136,348,0.5660919540229885,-3.999999999999986,0.07273763019413433,57,1.0,True,1.8573417783763921,0.5274151436031331,18,12,18,8,0.06750238605295664,"{""QQQ"": ""negative_months;negative_day_streak>4;first_2_month_share<0.1;first_3_month_share<0.2"", ""SPXW"": ""negative_months;negative_day_streak>4;first_2_month_share<0.1;first_3_month_share<0.2"", ""SPY"": ""negative_months;negative_day_streak>4;first_2_month_share<0.1;first_3_month_share<0.2""}",1,3,False,-24.142752992041594
5,45,0,-3.0,1,18,583,0.4751286449399657,1.5102515230729312,46.44406680862899,0.07966392248478386,-4.19999999999996,0.24871355060034306,464,0.5237068965517241,-3.6999999999999957,0.1184220155108841,18,0.7916666666666666,True,539,0.4359925788497217,1.2826940103887339,25.576613238708443,0.04745197261355926,-4.868965453455191,0.2300556586270872,472,0.4682203389830508,-4.868965453455191,0.1954910899787484,18,0.625,False,545,0.44770642201834865,1.3329895406949346,30.068955524752578,0.05517239545826161,-3.7000000000000135,0.26788990825688075,484,0.4834710743801653,-3.7000000000000135,0.16628445892921126,18,0.8333333333333334,False,1667,0.45350929814037194,1.3756106197579487,102.08963557209,0.06124153303664667,-4.868965453455118,0.2489502099580084,496,0.49193548387096775,-8.212131869297728,0.11068704415171089,54,0.75,False,1.2826940103887339,0.4359925788497217,18,354,0.5734463276836158,2.240618101545254,56.2,0.15875706214689267,-2.09999999999998,0.307909604519774,339,0.5899705014749262,-2.09999999999998,0.07117437722419928,19,1.0,True,383,0.5274151436031331,1.8573417783763921,46.553658565838084,0.12155002236511249,-2.4000000000000057,0.30548302872062666,337,0.5548961424332344,-2.000000000000007,0.13962382764842068,18,1.0,True,355,0.5408450704225352,1.9631901840490802,47.1,0.13267605633802818,-2.0999999999999988,0.3211267605633803,326,0.5766871165644172,-2.0999999999999988,0.09554140127388534,19,1.0,True,1092,0.5467032967032966,2.0091155458978998,149.8536585658381,0.1372286250602913,-2.3999999999999773,0.31135531135531136,348,0.5660919540229885,-3.999999999999986,0.07273763019413433,57,1.0,True,1.8573417783763921,0.5274151436031331,18,12,18,8,0.06750238605295664,"{""QQQ"": ""negative_months;negative_day_streak>4;first_2_month_share<0.1;first_3_month_share<0.2"", ""SPXW"": ""negative_months;negative_day_streak>4;first_2_month_share<0.1;first_3_month_share<0.2"", ""SPY"": ""negative_months;negative_day_streak>4;first_2_month_share<0.1;first_3_month_share<0.2""}",1,3,False,-24.142752992041594
5,45,0,-3.0,5,18,583,0.4751286449399657,1.5102515230729312,46.44406680862899,0.07966392248478386,-4.19999999999996,0.24871355060034306,464,0.5237068965517241,-3.6999999999999957,0.1184220155108841,18,0.7916666666666666,True,539,0.4359925788497217,1.2826940103887339,25.576613238708443,0.04745197261355926,-4.868965453455191,0.2300556586270872,472,0.4682203389830508,-4.868965453455191,0.1954910899787484,18,0.625,False,545,0.44770642201834865,1.3329895406949346,30.068955524752578,0.05517239545826161,-3.7000000000000135,0.26788990825688075,484,0.4834710743801653,-3.7000000000000135,0.16628445892921126,18,0.8333333333333334,False,1667,0.45350929814037194,1.3756106197579487,102.08963557209,0.06124153303664667,-4.868965453455118,0.2489502099580084,496,0.49193548387096775,-8.212131869297728,0.11068704415171089,54,0.75,False,1.2826940103887339,0.4359925788497217,18,354,0.5734463276836158,2.240618101545254,56.2,0.15875706214689267,-2.09999999999998,0.307909604519774,339,0.5899705014749262,-2.09999999999998,0.07117437722419928,19,1.0,True,383,0.5274151436031331,1.8573417783763921,46.553658565838084,0.12155002236511249,-2.4000000000000057,0.30548302872062666,337,0.5548961424332344,-2.000000000000007,0.13962382764842068,18,1.0,True,355,0.5408450704225352,1.9631901840490802,47.1,0.13267605633802818,-2.0999999999999988,0.3211267605633803,326,0.5766871165644172,-2.0999999999999988,0.09554140127388534,19,1.0,True,1092,0.5467032967032966,2.0091155458978998,149.8536585658381,0.1372286250602913,-2.3999999999999773,0.31135531135531136,348,0.5660919540229885,-3.999999999999986,0.07273763019413433,57,1.0,True,1.8573417783763921,0.5274151436031331,18,12,18,8,0.06750238605295664,"{""QQQ"": ""negative_months;negative_day_streak>4;first_2_month_share<0.1;first_3_month_share<0.2"", ""SPXW"": ""negative_months;negative_day_streak>4;first_2_month_share<0.1;first_3_month_share<0.2"", ""SPY"": ""negative_months;negative_day_streak>4;first_2_month_share<0.1;first_3_month_share<0.2""}",1,3,False,-24.142752992041594
5,45,0,-3.0,10,18,583,0.4751286449399657,1.5102515230729312,46.44406680862899,0.07966392248478386,-4.19999999999996,0.24871355060034306,464,0.5237068965517241,-3.6999999999999957,0.1184220155108841,18,0.7916666666666666,True,539,0.4359925788497217,1.2826940103887339,25.576613238708443,0.04745197261355926,-4.868965453455191,0.2300556586270872,472,0.4682203389830508,-4.868965453455191,0.1954910899787484,18,0.625,False,545,0.44770642201834865,1.3329895406949346,30.068955524752578,0.05517239545826161,-3.7000000000000135,0.26788990825688075,484,0.4834710743801653,-3.7000000000000135,0.16628445892921126,18,0.8333333333333334,False,1667,0.45350929814037194,1.3756106197579487,102.08963557209,0.06124153303664667,-4.868965453455118,0.2489502099580084,496,0.49193548387096775,-8.212131869297728,0.11068704415171089,54,0.75,False,1.2826940103887339,0.4359925788497217,18,354,0.5734463276836158,2.240618101545254,56.2,0.15875706214689267,-2.09999999999998,0.307909604519774,339,0.5899705014749262,-2.09999999999998,0.07117437722419928,19,1.0,True,383,0.5274151436031331,1.8573417783763921,46.553658565838084,0.12155002236511249,-2.4000000000000057,0.30548302872062666,337,0.5548961424332344,-2.000000000000007,0.13962382764842068,18,1.0,True,355,0.5408450704225352,1.9631901840490802,47.1,0.13267605633802818,-2.0999999999999988,0.3211267605633803,326,0.5766871165644172,-2.0999999999999988,0.09554140127388534,19,1.0,True,1092,0.5467032967032966,2.0091155458978998,149.8536585658381,0.1372286250602913,-2.3999999999999773,0.31135531135531136,348,0.5660919540229885,-3.999999999999986,0.07273763019413433,57,1.0,True,1.8573417783763921,0.5274151436031331,18,12,18,8,0.06750238605295664,"{""QQQ"": ""negative_months;negative_day_streak>4;first_2_month_share<0.1;first_3_month_share<0.2"", ""SPXW"": ""negative_months;negative_day_streak>4;first_2_month_share<0.1;first_3_month_share<0.2"", ""SPY"": ""negative_months;negative_day_streak>4;first_2_month_share<0.1;first_3_month_share<0.2""}",1,3,False,-24.142752992041594
4,45,0,0.0,1,18,728,0.4381868131868132,1.3104171818552754,37.55759518836547,0.0515901032807218,-5.149241572770659,0.29395604395604397,467,0.5417558886509636,-5.149241572770638,0.17306752382307905,18,0.75,False,739,0.40730717185385656,1.1398967578996728,18.247622245352705,0.024692316976120034,-9.531081083258016,0.2922868741542625,476,0.5147058823529411,-8.931081083258018,0.2740083027131602,18,0.6666666666666666,False,632,0.4651898734177215,1.4342813673700703,44.015790914307786,0.06964523878846168,-4.369696998888103,0.2674050632911392,482,0.5352697095435685,-4.369696998888102,0.11359559594724217,18,0.9166666666666666,True,2099,0.4354454502143878,1.2829552279021383,99.82100834802596,0.047556459432122895,-9.531081083257856,0.28537398761314914,499,0.5230460921843687,-12.768927995912438,0.147263589531659,55,0.7083333333333334,False,1.1398967578996728,0.40730717185385656,18,415,0.5493975903614458,2.0320855614973263,57.9,0.13951807228915664,-1.7000000000000064,0.30120481927710846,342,0.6140350877192983,-1.7000000000000064,0.08635578583765112,20,1.0,True,436,0.5045871559633027,1.7025898258306085,45.33215321016853,0.10397282846368928,-2.7,0.286697247706422,336,0.5714285714285714,-2.7,0.13235638669495475,18,0.9411764705882353,True,411,0.537712895377129,1.9385964912280704,53.5,0.13017031630170317,-3.1000000000000023,0.31630170316301703,327,0.6116207951070336,-3.000000000000001,0.09345794392523364,19,1.0,True,1262,0.5301109350237718,1.8823940147130713,156.73215321016852,0.12419346530124288,-3.099999999999966,0.3011093502377179,350,0.5885714285714285,-3.999999999999986,0.0925145204925269,62,1.0,True,1.7025898258306085,0.5045871559633027,18,12,18,9,0.1404704722416954,"{""QQQ"": ""negative_months;negative_day_streak>4;first_2_month_share<0.1;first_3_month_share<0.2"", ""SPXW"": ""negative_months;negative_day_streak>4;first_2_month_share<0.1;first_3_month_share<0.2"", ""SPY"": ""negative_months;negative_day_streak>4;first_2_month_share<0.1;first_3_month_share<0.2""}",1,3,False,-26.43471714614357
5,45,0,0.0,1,18,728,0.4381868131868132,1.3104171818552754,37.55759518836547,0.0515901032807218,-5.149241572770659,0.29395604395604397,467,0.5417558886509636,-5.149241572770638,0.17306752382307905,18,0.75,False,739,0.40730717185385656,1.1398967578996728,18.247622245352705,0.024692316976120034,-9.531081083258016,0.2922868741542625,476,0.5147058823529411,-8.931081083258018,0.2740083027131602,18,0.6666666666666666,False,632,0.4651898734177215,1.4342813673700703,44.015790914307786,0.06964523878846168,-4.369696998888103,0.2674050632911392,482,0.5352697095435685,-4.369696998888102,0.11359559594724217,18,0.9166666666666666,True,2099,0.4354454502143878,1.2829552279021383,99.82100834802596,0.047556459432122895,-9.531081083257856,0.28537398761314914,499,0.5230460921843687,-12.768927995912438,0.147263589531659,55,0.7083333333333334,False,1.1398967578996728,0.40730717185385656,18,415,0.5493975903614458,2.0320855614973263,57.9,0.13951807228915664,-1.7000000000000064,0.30120481927710846,342,0.6140350877192983,-1.7000000000000064,0.08635578583765112,20,1.0,True,436,0.5045871559633027,1.7025898258306085,45.33215321016853,0.10397282846368928,-2.7,0.286697247706422,336,0.5714285714285714,-2.7,0.13235638669495475,18,0.9411764705882353,True,411,0.537712895377129,1.9385964912280704,53.5,0.13017031630170317,-3.1000000000000023,0.31630170316301703,327,0.6116207951070336,-3.000000000000001,0.09345794392523364,19,1.0,True,1262,0.5301109350237718,1.8823940147130713,156.73215321016852,0.12419346530124288,-3.099999999999966,0.3011093502377179,350,0.5885714285714285,-3.999999999999986,0.0925145204925269,62,1.0,True,1.7025898258306085,0.5045871559633027,18,12,18,9,0.1404704722416954,"{""QQQ"": ""negative_months;negative_day_streak>4;first_2_month_share<0.1;first_3_month_share<0.2"", ""SPXW"": ""negative_months;negative_day_streak>4;first_2_month_share<0.1;first_3_month_share<0.2"", ""SPY"": ""negative_months;negative_day_streak>4;first_2_month_share<0.1;first_3_month_share<0.2""}",1,3,False,-26.43471714614357
3,45,0,-2.0,1,18,600,0.4666666666666667,1.4593907859102089,43.744066808628986,0.07290677801438164,-5.599999999999909,0.265,470,0.5170212765957447,-5.299999999999997,0.13716145840414717,18,0.7916666666666666,True,543,0.43646408839779005,1.2852236259071168,25.976613238708445,0.04783906673795294,-5.1727272380482034,0.2265193370165746,472,0.4745762711864407,-5.172727238048205,0.1924808270444342,18,0.625,False,547,0.44789762340036565,1.3340944318405363,30.268955524752577,0.055336298948359376,-3.7000000000000135,0.2687385740402194,484,0.4834710743801653,-3.7000000000000135,0.16518574603313374,18,0.7916666666666666,False,1690,0.450887573964497,1.361108396769127,99.98963557209001,0.059165464835556215,-5.599999999999909,0.25384615384615383,497,0.4969818913480885,-8.780419652706556,0.1180122312926373,54,0.75,False,1.2852236259071168,0.43646408839779005,18,354,0.5734463276836158,2.240618101545254,56.2,0.15875706214689267,-2.09999999999998,0.307909604519774,339,0.5899705014749262,-2.09999999999998,0.07117437722419928,19,1.0,True,383,0.5274151436031331,1.8573417783763921,46.553658565838084,0.12155002236511249,-2.4000000000000057,0.30548302872062666,337,0.5548961424332344,-2.000000000000007,0.13962382764842068,18,1.0,True,355,0.5408450704225352,1.9631901840490802,47.1,0.13267605633802818,-2.0999999999999988,0.3211267605633803,326,0.5766871165644172,-2.0999999999999988,0.09554140127388534,19,1.0,True,1092,0.5467032967032966,2.0091155458978998,149.8536585658381,0.1372286250602913,-2.3999999999999773,0.31135531135531136,348,0.5660919540229885,-3.999999999999986,0.07273763019413433,57,1.0,True,1.8573417783763921,0.5274151436031331,18,12,19,8,0.07131818355772322,"{""QQQ"": ""negative_months;negative_day_streak>4;first_2_month_share<0.1;first_3_month_share<0.2"", ""SPXW"": ""negative_months;negative_day_streak>4;first_2_month_share<0.1;first_3_month_share<0.2"", ""SPY"": ""negative_months;negative_day_streak>4;first_2_month_share<0.1;first_3_month_share<0.2""}",1,3,False,-25.642752992041594
3,45,0,-2.0,5,18,600,0.4666666666666667,1.4593907859102089,43.744066808628986,0.07290677801438164,-5.599999999999909,0.265,470,0.5170212765957447,-5.299999999999997,0.13716145840414717,18,0.7916666666666666,True,543,0.43646408839779005,1.2852236259071168,25.976613238708445,0.04783906673795294,-5.1727272380482034,0.2265193370165746,472,0.4745762711864407,-5.172727238048205,0.1924808270444342,18,0.625,False,547,0.44789762340036565,1.3340944318405363,30.268955524752577,0.055336298948359376,-3.7000000000000135,0.2687385740402194,484,0.4834710743801653,-3.7000000000000135,0.16518574603313374,18,0.7916666666666666,False,1690,0.450887573964497,1.361108396769127,99.98963557209001,0.059165464835556215,-5.599999999999909,0.25384615384615383,497,0.4969818913480885,-8.780419652706556,0.1180122312926373,54,0.75,False,1.2852236259071168,0.43646408839779005,18,354,0.5734463276836158,2.240618101545254,56.2,0.15875706214689267,-2.09999999999998,0.307909604519774,339,0.5899705014749262,-2.09999999999998,0.07117437722419928,19,1.0,True,383,0.5274151436031331,1.8573417783763921,46.553658565838084,0.12155002236511249,-2.4000000000000057,0.30548302872062666,337,0.5548961424332344,-2.000000000000007,0.13962382764842068,18,1.0,True,355,0.5408450704225352,1.9631901840490802,47.1,0.13267605633802818,-2.0999999999999988,0.3211267605633803,326,0.5766871165644172,-2.0999999999999988,0.09554140127388534,19,1.0,True,1092,0.5467032967032966,2.0091155458978998,149.8536585658381,0.1372286250602913,-2.3999999999999773,0.31135531135531136,348,0.5660919540229885,-3.999999999999986,0.07273763019413433,57,1.0,True,1.8573417783763921,0.5274151436031331,18,12,19,8,0.07131818355772322,"{""QQQ"": ""negative_months;negative_day_streak>4;first_2_month_share<0.1;first_3_month_share<0.2"", ""SPXW"": ""negative_months;negative_day_streak>4;first_2_month_share<0.1;first_3_month_share<0.2"", ""SPY"": ""negative_months;negative_day_streak>4;first_2_month_share<0.1;first_3_month_share<0.2""}",1,3,False,-25.642752992041594
3,45,0,-2.0,10,18,600,0.4666666666666667,1.4593907859102089,43.744066808628986,0.07290677801438164,-5.599999999999909,0.265,470,0.5170212765957447,-5.299999999999997,0.13716145840414717,18,0.7916666666666666,True,543,0.43646408839779005,1.2852236259071168,25.976613238708445,0.04783906673795294,-5.1727272380482034,0.2265193370165746,472,0.4745762711864407,-5.172727238048205,0.1924808270444342,18,0.625,False,547,0.44789762340036565,1.3340944318405363,30.268955524752577,0.055336298948359376,-3.7000000000000135,0.2687385740402194,484,0.4834710743801653,-3.7000000000000135,0.16518574603313374,18,0.7916666666666666,False,1690,0.450887573964497,1.361108396769127,99.98963557209001,0.059165464835556215,-5.599999999999909,0.25384615384615383,497,0.4969818913480885,-8.780419652706556,0.1180122312926373,54,0.75,False,1.2852236259071168,0.43646408839779005,18,354,0.5734463276836158,2.240618101545254,56.2,0.15875706214689267,-2.09999999999998,0.307909604519774,339,0.5899705014749262,-2.09999999999998,0.07117437722419928,19,1.0,True,383,0.5274151436031331,1.8573417783763921,46.553658565838084,0.12155002236511249,-2.4000000000000057,0.30548302872062666,337,0.5548961424332344,-2.000000000000007,0.13962382764842068,18,1.0,True,355,0.5408450704225352,1.9631901840490802,47.1,0.13267605633802818,-2.0999999999999988,0.3211267605633803,326,0.5766871165644172,-2.0999999999999988,0.09554140127388534,19,1.0,True,1092,0.5467032967032966,2.0091155458978998,149.8536585658381,0.1372286250602913,-2.3999999999999773,0.31135531135531136,348,0.5660919540229885,-3.999999999999986,0.07273763019413433,57,1.0,True,1.8573417783763921,0.5274151436031331,18,12,19,8,0.07131818355772322,"{""QQQ"": ""negative_months;negative_day_streak>4;first_2_month_share<0.1;first_3_month_share<0.2"", ""SPXW"": ""negative_months;negative_day_streak>4;first_2_month_share<0.1;first_3_month_share<0.2"", ""SPY"": ""negative_months;negative_day_streak>4;first_2_month_share<0.1;first_3_month_share<0.2""}",1,3,False,-25.642752992041594
4,45,0,-2.0,1,18,602,0.46511627906976744,1.450252641026095,43.144066808628985,0.07166788506416776,-5.599999999999909,0.26411960132890366,470,0.5170212765957447,-5.499999999999993,0.13906894838202818,18,0.7916666666666666,True,544,0.43566176470588236,1.2810039926520636,25.67661323870844,0.04719965668880228,-5.1727272380482034,0.22794117647058823,472,0.4745762711864407,-5.172727238048205,0.1947297314297789,18,0.625,False,547,0.44789762340036565,1.3340944318405363,30.268955524752577,0.055336298948359376,-3.7000000000000135,0.2687385740402194,484,0.4834710743801653,-3.7000000000000135,0.16518574603313374,18,0.7916666666666666,False,1693,0.4500886001181335,1.356698702090605,99.08963557209002,0.05852902278327821,-5.599999999999909,0.2539870053160071,497,0.4949698189134809,-9.38041965270655,0.11908409927913426,54,0.75,False,1.2810039926520636,0.43566176470588236,18,354,0.5734463276836158,2.240618101545254,56.2,0.15875706214689267,-2.09999999999998,0.307909604519774,339,0.5899705014749262,-2.09999999999998,0.07117437722419928,19,1.0,True,383,0.5274151436031331,1.8573417783763921,46.553658565838084,0.12155002236511249,-2.4000000000000057,0.30548302872062666,337,0.5548961424332344,-2.000000000000007,0.13962382764842068,18,1.0,True,355,0.5408450704225352,1.9631901840490802,47.1,0.13267605633802818,-2.0999999999999988,0.3211267605633803,326,0.5766871165644172,-2.0999999999999988,0.09554140127388534,19,1.0,True,1092,0.5467032967032966,2.0091155458978998,149.8536585658381,0.1372286250602913,-2.3999999999999773,0.31135531135531136,348,0.5660919540229885,-3.999999999999986,0.07273763019413433,57,1.0,True,1.8573417783763921,0.5274151436031331,18,12,19,8,0.07161439530568968,"{""QQQ"": ""negative_months;negative_day_streak>4;first_2_month_share<0.1;first_3_month_share<0.2"", ""SPXW"": ""negative_months;negative_day_streak>4;first_2_month_share<0.1;first_3_month_share<0.2"", ""SPY"": ""negative_months;negative_day_streak>4;first_2_month_share<0.1;first_3_month_share<0.2""}",1,3,False,-25.642752992041594
4,45,0,-2.0,5,18,602,0.46511627906976744,1.450252641026095,43.144066808628985,0.07166788506416776,-5.599999999999909,0.26411960132890366,470,0.5170212765957447,-5.499999999999993,0.13906894838202818,18,0.7916666666666666,True,544,0.43566176470588236,1.2810039926520636,25.67661323870844,0.04719965668880228,-5.1727272380482034,0.22794117647058823,472,0.4745762711864407,-5.172727238048205,0.1947297314297789,18,0.625,False,547,0.44789762340036565,1.3340944318405363,30.268955524752577,0.055336298948359376,-3.7000000000000135,0.2687385740402194,484,0.4834710743801653,-3.7000000000000135,0.16518574603313374,18,0.7916666666666666,False,1693,0.4500886001181335,1.356698702090605,99.08963557209002,0.05852902278327821,-5.599999999999909,0.2539870053160071,497,0.4949698189134809,-9.38041965270655,0.11908409927913426,54,0.75,False,1.2810039926520636,0.43566176470588236,18,354,0.5734463276836158,2.240618101545254,56.2,0.15875706214689267,-2.09999999999998,0.307909604519774,339,0.5899705014749262,-2.09999999999998,0.07117437722419928,19,1.0,True,383,0.5274151436031331,1.8573417783763921,46.553658565838084,0.12155002236511249,-2.4000000000000057,0.30548302872062666,337,0.5548961424332344,-2.000000000000007,0.13962382764842068,18,1.0,True,355,0.5408450704225352,1.9631901840490802,47.1,0.13267605633802818,-2.0999999999999988,0.3211267605633803,326,0.5766871165644172,-2.0999999999999988,0.09554140127388534,19,1.0,True,1092,0.5467032967032966,2.0091155458978998,149.8536585658381,0.1372286250602913,-2.3999999999999773,0.31135531135531136,348,0.5660919540229885,-3.999999999999986,0.07273763019413433,57,1.0,True,1.8573417783763921,0.5274151436031331,18,12,19,8,0.07161439530568968,"{""QQQ"": ""negative_months;negative_day_streak>4;first_2_month_share<0.1;first_3_month_share<0.2"", ""SPXW"": ""negative_months;negative_day_streak>4;first_2_month_share<0.1;first_3_month_share<0.2"", ""SPY"": ""negative_months;negative_day_streak>4;first_2_month_share<0.1;first_3_month_share<0.2""}",1,3,False,-25.642752992041594
4,45,0,-2.0,10,18,602,0.46511627906976744,1.450252641026095,43.144066808628985,0.07166788506416776,-5.599999999999909,0.26411960132890366,470,0.5170212765957447,-5.499999999999993,0.13906894838202818,18,0.7916666666666666,True,544,0.43566176470588236,1.2810039926520636,25.67661323870844,0.04719965668880228,-5.1727272380482034,0.22794117647058823,472,0.4745762711864407,-5.172727238048205,0.1947297314297789,18,0.625,False,547,0.44789762340036565,1.3340944318405363,30.268955524752577,0.055336298948359376,-3.7000000000000135,0.2687385740402194,484,0.4834710743801653,-3.7000000000000135,0.16518574603313374,18,0.7916666666666666,False,1693,0.4500886001181335,1.356698702090605,99.08963557209002,0.05852902278327821,-5.599999999999909,0.2539870053160071,497,0.4949698189134809,-9.38041965270655,0.11908409927913426,54,0.75,False,1.2810039926520636,0.43566176470588236,18,354,0.5734463276836158,2.240618101545254,56.2,0.15875706214689267,-2.09999999999998,0.307909604519774,339,0.5899705014749262,-2.09999999999998,0.07117437722419928,19,1.0,True,383,0.5274151436031331,1.8573417783763921,46.553658565838084,0.12155002236511249,-2.4000000000000057,0.30548302872062666,337,0.5548961424332344,-2.000000000000007,0.13962382764842068,18,1.0,True,355,0.5408450704225352,1.9631901840490802,47.1,0.13267605633802818,-2.0999999999999988,0.3211267605633803,326,0.5766871165644172,-2.0999999999999988,0.09554140127388534,19,1.0,True,1092,0.5467032967032966,2.0091155458978998,149.8536585658381,0.1372286250602913,-2.3999999999999773,0.31135531135531136,348,0.5660919540229885,-3.999999999999986,0.07273763019413433,57,1.0,True,1.8573417783763921,0.5274151436031331,18,12,19,8,0.07161439530568968,"{""QQQ"": ""negative_months;negative_day_streak>4;first_2_month_share<0.1;first_3_month_share<0.2"", ""SPXW"": ""negative_months;negative_day_streak>4;first_2_month_share<0.1;first_3_month_share<0.2"", ""SPY"": ""negative_months;negative_day_streak>4;first_2_month_share<0.1;first_3_month_share<0.2""}",1,3,False,-25.642752992041594
5,45,0,-2.0,1,18,602,0.46511627906976744,1.450252641026095,43.144066808628985,0.07166788506416776,-5.599999999999909,0.26411960132890366,470,0.5170212765957447,-5.499999999999993,0.13906894838202818,18,0.7916666666666666,True,544,0.43566176470588236,1.2810039926520636,25.67661323870844,0.04719965668880228,-5.1727272380482034,0.22794117647058823,472,0.4745762711864407,-5.172727238048205,0.1947297314297789,18,0.625,False,547,0.44789762340036565,1.3340944318405363,30.268955524752577,0.055336298948359376,-3.7000000000000135,0.2687385740402194,484,0.4834710743801653,-3.7000000000000135,0.16518574603313374,18,0.7916666666666666,False,1693,0.4500886001181335,1.356698702090605,99.08963557209002,0.05852902278327821,-5.599999999999909,0.2539870053160071,497,0.4949698189134809,-9.38041965270655,0.11908409927913426,54,0.75,False,1.2810039926520636,0.43566176470588236,18,354,0.5734463276836158,2.240618101545254,56.2,0.15875706214689267,-2.09999999999998,0.307909604519774,339,0.5899705014749262,-2.09999999999998,0.07117437722419928,19,1.0,True,383,0.5274151436031331,1.8573417783763921,46.553658565838084,0.12155002236511249,-2.4000000000000057,0.30548302872062666,337,0.5548961424332344,-2.000000000000007,0.13962382764842068,18,1.0,True,355,0.5408450704225352,1.9631901840490802,47.1,0.13267605633802818,-2.0999999999999988,0.3211267605633803,326,0.5766871165644172,-2.0999999999999988,0.09554140127388534,19,1.0,True,1092,0.5467032967032966,2.0091155458978998,149.8536585658381,0.1372286250602913,-2.3999999999999773,0.31135531135531136,348,0.5660919540229885,-3.999999999999986,0.07273763019413433,57,1.0,True,1.8573417783763921,0.5274151436031331,18,12,19,8,0.07161439530568968,"{""QQQ"": ""negative_months;negative_day_streak>4;first_2_month_share<0.1;first_3_month_share<0.2"", ""SPXW"": ""negative_months;negative_day_streak>4;first_2_month_share<0.1;first_3_month_share<0.2"", ""SPY"": ""negative_months;negative_day_streak>4;first_2_month_share<0.1;first_3_month_share<0.2""}",1,3,False,-25.642752992041594
5,45,0,-2.0,5,18,602,0.46511627906976744,1.450252641026095,43.144066808628985,0.07166788506416776,-5.599999999999909,0.26411960132890366,470,0.5170212765957447,-5.499999999999993,0.13906894838202818,18,0.7916666666666666,True,544,0.43566176470588236,1.2810039926520636,25.67661323870844,0.04719965668880228,-5.1727272380482034,0.22794117647058823,472,0.4745762711864407,-5.172727238048205,0.1947297314297789,18,0.625,False,547,0.44789762340036565,1.3340944318405363,30.268955524752577,0.055336298948359376,-3.7000000000000135,0.2687385740402194,484,0.4834710743801653,-3.7000000000000135,0.16518574603313374,18,0.7916666666666666,False,1693,0.4500886001181335,1.356698702090605,99.08963557209002,0.05852902278327821,-5.599999999999909,0.2539870053160071,497,0.4949698189134809,-9.38041965270655,0.11908409927913426,54,0.75,False,1.2810039926520636,0.43566176470588236,18,354,0.5734463276836158,2.240618101545254,56.2,0.15875706214689267,-2.09999999999998,0.307909604519774,339,0.5899705014749262,-2.09999999999998,0.07117437722419928,19,1.0,True,383,0.5274151436031331,1.8573417783763921,46.553658565838084,0.12155002236511249,-2.4000000000000057,0.30548302872062666,337,0.5548961424332344,-2.000000000000007,0.13962382764842068,18,1.0,True,355,0.5408450704225352,1.9631901840490802,47.1,0.13267605633802818,-2.0999999999999988,0.3211267605633803,326,0.5766871165644172,-2.0999999999999988,0.09554140127388534,19,1.0,True,1092,0.5467032967032966,2.0091155458978998,149.8536585658381,0.1372286250602913,-2.3999999999999773,0.31135531135531136,348,0.5660919540229885,-3.999999999999986,0.07273763019413433,57,1.0,True,1.8573417783763921,0.5274151436031331,18,12,19,8,0.07161439530568968,"{""QQQ"": ""negative_months;negative_day_streak>4;first_2_month_share<0.1;first_3_month_share<0.2"", ""SPXW"": ""negative_months;negative_day_streak>4;first_2_month_share<0.1;first_3_month_share<0.2"", ""SPY"": ""negative_months;negative_day_streak>4;first_2_month_share<0.1;first_3_month_share<0.2""}",1,3,False,-25.642752992041594
5,45,0,-2.0,10,18,602,0.46511627906976744,1.450252641026095,43.144066808628985,0.07166788506416776,-5.599999999999909,0.26411960132890366,470,0.5170212765957447,-5.499999999999993,0.13906894838202818,18,0.7916666666666666,True,544,0.43566176470588236,1.2810039926520636,25.67661323870844,0.04719965668880228,-5.1727272380482034,0.22794117647058823,472,0.4745762711864407,-5.172727238048205,0.1947297314297789,18,0.625,False,547,0.44789762340036565,1.3340944318405363,30.268955524752577,0.055336298948359376,-3.7000000000000135,0.2687385740402194,484,0.4834710743801653,-3.7000000000000135,0.16518574603313374,18,0.7916666666666666,False,1693,0.4500886001181335,1.356698702090605,99.08963557209002,0.05852902278327821,-5.599999999999909,0.2539870053160071,497,0.4949698189134809,-9.38041965270655,0.11908409927913426,54,0.75,False,1.2810039926520636,0.43566176470588236,18,354,0.5734463276836158,2.240618101545254,56.2,0.15875706214689267,-2.09999999999998,0.307909604519774,339,0.5899705014749262,-2.09999999999998,0.07117437722419928,19,1.0,True,383,0.5274151436031331,1.8573417783763921,46.553658565838084,0.12155002236511249,-2.4000000000000057,0.30548302872062666,337,0.5548961424332344,-2.000000000000007,0.13962382764842068,18,1.0,True,355,0.5408450704225352,1.9631901840490802,47.1,0.13267605633802818,-2.0999999999999988,0.3211267605633803,326,0.5766871165644172,-2.0999999999999988,0.09554140127388534,19,1.0,True,1092,0.5467032967032966,2.0091155458978998,149.8536585658381,0.1372286250602913,-2.3999999999999773,0.31135531135531136,348,0.5660919540229885,-3.999999999999986,0.07273763019413433,57,1.0,True,1.8573417783763921,0.5274151436031331,18,12,19,8,0.07161439530568968,"{""QQQ"": ""negative_months;negative_day_streak>4;first_2_month_share<0.1;first_3_month_share<0.2"", ""SPXW"": ""negative_months;negative_day_streak>4;first_2_month_share<0.1;first_3_month_share<0.2"", ""SPY"": ""negative_months;negative_day_streak>4;first_2_month_share<0.1;first_3_month_share<0.2""}",1,3,False,-25.642752992041594
3,45,0,0.0,1,18,725,0.44,1.3202378870950995,38.457595188365474,0.0530449588805041,-5.149241572770659,0.29379310344827586,467,0.5417558886509636,-5.1492415727706415,0.16901732851893028,18,0.75,False,735,0.40680272108843535,1.137462447713845,17.847622245352703,0.02428247924537783,-10.031081083258014,0.2897959183673469,476,0.5126050420168067,-9.431081083258015,0.28014936282629677,18,0.6666666666666666,False,631,0.4643423137876387,1.4293481222965516,43.515790914307786,0.06896321856467161,-4.369696998888103,0.26782884310618066,482,0.533195020746888,-4.369696998888102,0.11490081864411256,18,0.875,True,2091,0.43567670970827355,1.2841634736679923,99.82100834802596,0.047738406670505,-10.031081083257856,0.2845528455284553,499,0.5210420841683366,-12.768927995912438,0.147263589531659,55,0.7083333333333334,False,1.137462447713845,0.40680272108843535,18,415,0.5493975903614458,2.0320855614973263,57.9,0.13951807228915664,-1.7000000000000064,0.30120481927710846,342,0.6140350877192983,-1.7000000000000064,0.08635578583765112,20,1.0,True,436,0.5045871559633027,1.7025898258306085,45.33215321016853,0.10397282846368928,-2.7,0.286697247706422,336,0.5714285714285714,-2.7,0.13235638669495475,18,0.9411764705882353,True,411,0.537712895377129,1.9385964912280704,53.5,0.13017031630170317,-3.1000000000000023,0.31630170316301703,327,0.6116207951070336,-3.000000000000001,0.09345794392523364,19,1.0,True,1262,0.5301109350237718,1.8823940147130713,156.73215321016852,0.12419346530124288,-3.099999999999966,0.3011093502377179,350,0.5885714285714285,-3.999999999999986,0.0925145204925269,62,1.0,True,1.7025898258306085,0.5045871559633027,18,12,19,9,0.14927373538859018,"{""QQQ"": ""negative_months;negative_day_streak>4;first_2_month_share<0.1;first_3_month_share<0.2"", ""SPXW"": ""negative_months;negative_day_streak>4;first_2_month_share<0.1;first_3_month_share<0.2"", ""SPY"": ""negative_months;negative_day_streak>4;first_2_month_share<0.1;first_3_month_share<0.2""}",1,3,False,-27.93471714614357
5,15,0,0.0,5,18,889,0.4263217097862767,1.2422589743495973,36.75366772839739,0.04134270835590258,-8.099999999999895,0.2890888638920135,480,0.475,-8.0,0.2149445344714845,18,0.8333333333333334,False,898,0.40311804008908686,1.119723698002428,19.071654982209495,0.021237923142772265,-9.156783652593422,0.3040089086859688,483,0.4472049689440994,-9.156783652593434,0.42995744247938417,18,0.6666666666666666,False,814,0.4275184275184275,1.2351094357793362,32.756138812202195,0.04024095677174717,-6.360642803887142,0.2727272727272727,485,0.465979381443299,-6.0606428038871165,0.22896471537744637,18,0.875,False,2601,0.4186851211072664,1.1967023540114496,88.58146152280906,0.034056694164863156,-9.156783652593031,0.289119569396386,499,0.5230460921843687,-18.03684208324853,0.18852703164871437,54,0.7083333333333334,False,1.119723698002428,0.40311804008908686,18,425,0.5623529411764706,2.1415770609319,63.7,0.14988235294117647,-3.6999999999999966,0.30823529411764705,342,0.5994152046783626,-3.3999999999999995,0.10832025117739404,19,1.0,True,437,0.5240274599542334,1.840806302280013,52.23215321016852,0.11952437805530554,-2.5,0.2768878718535469,336,0.5565476190476191,-2.5,0.14358971512857152,19,1.0,True,461,0.5075921908893709,1.7154029851724195,48.66144365277363,0.10555627690406427,-5.099999999999997,0.3080260303687636,328,0.5884146341463414,-4.999999999999993,0.15823616033555782,19,0.8823529411764706,True,1323,0.5306122448979592,1.8851919715793353,164.59359686294215,0.12440937026677411,-5.100000000000421,0.29780801209372637,348,0.5977011494252874,-8.499999999999998,0.10632248358101276,57,1.0,True,1.7154029851724195,0.5075921908893709,19,12,17,11,0.12841927920439247,"{""QQQ"": ""negative_months;negative_day_streak>4;first_2_month_share<0.1;first_3_month_share<0.2"", ""SPXW"": ""negative_months;negative_day_streak>4;first_2_month_share<0.1;first_3_month_share<0.2"", ""SPY"": ""negative_months;negative_day_streak>4;first_2_month_share<0.1;first_3_month_share<0.2""}",0,3,False,-36.23272075243441
4,15,0,0.0,5,18,881,0.42338251986379116,1.2273386500549983,34.35366772839738,0.03899394747831712,-9.199999999999994,0.2883087400681044,481,0.4656964656964657,-9.2,0.2183173004785268,18,0.8333333333333334,False,887,0.4036076662908681,1.1219592319067366,19.171654982209493,0.021614041693584548,-8.856783652593421,0.29988726042841035,483,0.44306418219461696,-8.856783652593435,0.44336287127468393,18,0.6666666666666666,False,818,0.4254278728606357,1.2245621808031875,31.5561388122022,0.038577186811983126,-6.360642803887142,0.27383863080684595,487,0.46611909650924027,-6.0606428038871165,0.23767166333733716,18,0.875,False,2586,0.41724671307037897,1.1895617246748456,85.08146152280908,0.03290079718592772,-9.199999999999994,0.2877030162412993,499,0.5190380761523046,-19.836842083248527,0.19745782100247736,54,0.7083333333333334,False,1.1219592319067366,0.4036076662908681,18,425,0.5623529411764706,2.1415770609319,63.7,0.14988235294117647,-3.6999999999999966,0.30823529411764705,342,0.5994152046783626,-3.3999999999999995,0.10832025117739404,19,1.0,True,436,0.5252293577981652,1.849739146724788,52.532153210168524,0.12048658993157918,-2.5,0.2775229357798165,336,0.5565476190476191,-2.5,0.14276970467961406,19,1.0,True,465,0.5053763440860215,1.7002568977107138,48.26144365277362,0.10378805086617983,-5.099999999999997,0.3053763440860215,328,0.5853658536585366,-4.999999999999993,0.14918741452911782,19,0.8823529411764706,True,1326,0.5301659125188537,1.8818087221179718,164.49359686294213,0.12405248632197748,-5.100000000000421,0.2971342383107089,348,0.6005747126436781,-8.499999999999998,0.10638711982558928,57,1.0,True,1.7002568977107138,0.5053763440860215,19,12,17,11,0.12351901350666197,"{""QQQ"": ""negative_months;negative_day_streak>4;first_2_month_share<0.1;first_3_month_share<0.2"", ""SPXW"": ""negative_months;negative_day_streak>4;first_2_month_share<0.1;first_3_month_share<0.2"", ""SPY"": ""negative_months;negative_day_streak>4;first_2_month_share<0.1;first_3_month_share<0.2""}",0,3,False,-36.323098730153
3,30,0,-1.0,5,18,726,0.4366391184573003,1.2935826729784443,35.737400116531,0.049225069031034435,-8.099999999999977,0.2630853994490358,458,0.48034934497816595,-7.699999999999996,0.20986417522103784,18,0.7083333333333334,False,742,0.3975741239892183,1.0943287541801983,12.547390278533191,0.01691022948589379,-9.172727238048196,0.2776280323450135,482,0.4460580912863071,-9.1727272380482,0.5578849342062795,18,0.5833333333333334,False,632,0.43670886075949367,1.2765113915813875,29.476757410079777,0.04664043893999965,-4.40000000000002,0.2721518987341772,484,0.4834710743801653,-3.936842083248532,0.16962517045006503,18,0.875,False,2100,0.4228571428571429,1.2151981665683425,77.76154780514398,0.037029308478639986,-9.172727238047916,0.27095238095238094,498,0.5040160642570282,-17.73684208324851,0.17875158600020183,54,0.6666666666666666,False,1.0943287541801983,0.3975741239892183,18,386,0.5699481865284974,2.208835341365462,60.2,0.15595854922279795,-2.000000000000007,0.28756476683937826,339,0.5988200589970502,-2.000000000000007,0.09966777408637874,19,1.0,True,407,0.5331695331695332,1.900941378348037,51.35365856583809,0.12617606527232947,-2.4000000000000057,0.28992628992628994,336,0.5565476190476191,-2.000000000000007,0.13630966508502276,19,1.0,True,397,0.5264483627204031,1.8528368794326244,48.1,0.12115869017632243,-3.1999999999999993,0.3198992443324937,328,0.5853658536585366,-2.8999999999999995,0.12474012474012473,19,0.9411764705882353,True,1190,0.5428571428571428,1.9782699667024395,159.6536585658381,0.13416273829062025,-3.19999999999996,0.2991596638655462,348,0.5862068965517241,-4.299999999999983,0.09395337466578813,57,1.0,True,1.8528368794326244,0.5264483627204031,19,12,21,10,0.14354580095215738,"{""QQQ"": ""negative_months;negative_day_streak>4;first_2_month_share<0.1;first_3_month_share<0.2"", ""SPXW"": ""negative_months;negative_day_streak>4;first_2_month_share<0.1;first_3_month_share<0.2"", ""SPY"": ""negative_months;negative_day_streak>4;first_2_month_share<0.1;first_3_month_share<0.2""}",0,3,False,-39.88417782940862
3,30,0,-1.0,1,18,725,0.4386206896551724,1.3041181689578651,36.837400116531,0.05081020705728414,-7.2999999999999226,0.2620689655172414,458,0.48034934497816595,-6.8999999999999915,0.20359743022782792,18,0.7083333333333334,False,762,0.39501312335958005,1.0826962809845178,11.347390278533197,0.014891588292038316,-10.372727238048203,0.2782152230971129,483,0.43685300207039335,-10.372727238048203,0.6609449235379147,18,0.5833333333333334,False,637,0.4364207221350079,1.275126675004055,29.57675741007978,0.046431330314096984,-4.40000000000002,0.27472527472527475,484,0.4793388429752066,-3.936842083248532,0.18595682832106525,18,0.875,False,2124,0.422316384180791,1.2125511922380763,77.76154780514398,0.03661089821334462,-10.37272723804788,0.2716572504708098,498,0.5080321285140562,-16.936842083248514,0.18518149916567672,54,0.6666666666666666,False,1.0826962809845178,0.39501312335958005,18,386,0.5699481865284974,2.208835341365462,60.2,0.15595854922279795,-2.000000000000007,0.28756476683937826,339,0.5988200589970502,-2.000000000000007,0.09966777408637874,19,1.0,True,407,0.5331695331695332,1.900941378348037,51.35365856583809,0.12617606527232947,-2.4000000000000057,0.28992628992628994,336,0.5565476190476191,-2.000000000000007,0.13630966508502276,19,1.0,True,400,0.525,1.842105263157895,48.0,0.12,-3.1999999999999997,0.3175,328,0.5853658536585366,-2.8999999999999995,0.125,19,0.9411764705882353,True,1193,0.5423302598491199,1.9740760596205014,159.55365856583808,0.13374154112811237,-3.19999999999996,0.29840737636211234,348,0.5862068965517241,-4.5,0.0940122597929048,57,1.0,True,1.842105263157895,0.525,19,12,21,10,0.16543147888632767,"{""QQQ"": ""negative_months;negative_day_streak>4;first_2_month_share<0.1;first_3_month_share<0.2"", ""SPXW"": ""negative_months;negative_day_streak>4;first_2_month_share<0.1;first_3_month_share<0.2"", ""SPY"": ""negative_months;negative_day_streak>4;first_2_month_share<0.1;first_3_month_share<0.2""}",0,3,False,-39.95018099894348
3,15,0,0.0,5,18,845,0.4284023668639053,1.2531375524612203,36.3536677283974,0.043022091986269106,-9.299999999999999,0.2863905325443787,480,0.46041666666666664,-9.200000000000001,0.20630655635721265,18,0.8333333333333334,False,856,0.4100467289719626,1.1526508406034413,22.940173562908164,0.02679926818096748,-7.615537833846558,0.29789719626168226,484,0.44421487603305787,-7.615537833846565,0.32693736947686863,18,0.6666666666666666,False,806,0.42555831265508687,1.2234165750453752,30.925980110576806,0.03836970237044269,-6.260642803887141,0.27419354838709675,484,0.45041322314049587,-5.960642803887115,0.24251454515535212,18,0.7916666666666666,False,2507,0.42122058236936577,1.2086905043114864,90.21982140188234,0.03598716450015251,-9.299999999999999,0.2863980853609892,499,0.5210420841683366,-17.5368420832485,0.17734462063195988,54,0.75,False,1.1526508406034413,0.4100467289719626,18,459,0.5403050108932462,1.964717411432295,60.88659790030414,0.13265054008780858,-3.399999999999997,0.3006535947712418,344,0.5843023255813954,-3.200000000000003,0.12317981721167141,19,0.9411764705882353,True,455,0.5098901098901099,1.7389828997008527,49.23215321016853,0.10820253452784293,-4.299999999999926,0.26153846153846155,336,0.5446428571428571,-4.0,0.15233946742046883,19,0.9411764705882353,True,455,0.5076923076923077,1.7160564853350568,48.06144365277362,0.10562954648961236,-4.1999999999999975,0.3032967032967033,328,0.5823170731707317,-4.09999999999998,0.14564689422507662,19,0.8823529411764706,True,1369,0.5193571950328707,1.803538490095704,158.18019476324628,0.115544335108288,-4.299999999999926,0.2885317750182615,348,0.5948275862068966,-10.799999999999997,0.1093689385443829,57,0.9411764705882353,True,1.7160564853350568,0.5076923076923077,19,12,21,11,0.10551880719865446,"{""QQQ"": ""negative_months;negative_day_streak>4;first_2_month_share<0.1;first_3_month_share<0.2"", ""SPXW"": ""negative_months;negative_day_streak>4;first_2_month_share<0.1;first_3_month_share<0.2"", ""SPY"": ""negative_months;negative_day_streak>4;first_2_month_share<0.1;first_3_month_share<0.2""}",0,3,False,-42.742225069188095
5,15,0,0.0,1,18,921,0.43105320304017375,1.273403742512055,42.39537364687199,0.046031893210501613,-7.6999999999998465,0.2909880564603692,467,0.4582441113490364,-6.799999999999997,0.1981348264545787,18,0.8333333333333334,False,972,0.404320987654321,1.1288082571330145,22.128407046572327,0.022765850870959184,-7.518518610500986,0.3230452674897119,476,0.44537815126050423,-7.5,0.3705644054152634,18,0.625,False,811,0.4401972872996301,1.3020529963358365,40.873503778128196,0.05039889491754401,-5.599999999999838,0.2725030826140567,480,0.4895833333333333,-5.136842083248496,0.18349295525805454,18,0.7916666666666666,False,2704,0.42418639053254437,1.2280450592799352,105.3972844715725,0.03897828567735669,-7.6999999999998465,0.2969674556213018,497,0.5211267605633803,-18.536842083248544,0.1859630454263408,54,0.8333333333333334,False,1.1288082571330145,0.404320987654321,18,487,0.5441478439425051,1.9950792432090576,66.08659790030413,0.13570143306017274,-3.399999999999997,0.28952772073921973,340,0.5911764705882353,-3.099999999999999,0.1134874579459247,21,1.0,True,565,0.4902654867256637,1.6064937322502335,52.23215321016852,0.0924462888675549,-4.299999999999926,0.22831858407079647,334,0.5239520958083832,-4.300000000000004,0.15699142187390486,20,0.9411764705882353,True,534,0.49250936329588013,1.6149207165543005,49.871878679645505,0.0933930312352912,-6.409191199660726,0.2883895131086142,324,0.5555555555555556,-6.409191199660733,0.15439562743287322,20,0.8823529411764706,True,1586,0.5075662042875158,1.719877497598306,168.19062979011818,0.10604705535316405,-6.409191199660597,0.2673392181588903,348,0.603448275862069,-7.6,0.1313985209971457,65,1.0,True,1.6064937322502335,0.4902654867256637,20,12,21,12,0.1008599178664757,"{""QQQ"": ""negative_months;negative_day_streak>4;first_2_month_share<0.1;first_3_month_share<0.2"", ""SPXW"": ""negative_months;negative_day_streak>4;first_2_month_share<0.1;first_3_month_share<0.2"", ""SPY"": ""negative_months;negative_day_streak>4;first_2_month_share<0.1;first_3_month_share<0.2""}",0,3,False,-44.54148449536239
4,30,0,-1.0,5,18,758,0.42744063324538256,1.2455911966506656,31.737400116531003,0.041869920998062006,-7.700000000000035,0.2612137203166227,461,0.48156182212581344,-7.099999999999994,0.2363142529779397,18,0.6666666666666666,False,753,0.39707835325365204,1.092122600071153,12.447390278533193,0.016530398776272503,-9.972727238048199,0.28286852589641437,482,0.45228215767634855,-9.972727238048204,0.5623668771816548,18,0.5833333333333334,False,633,0.43601895734597157,1.272929117620913,29.176757410079777,0.046092823712606285,-4.40000000000002,0.2717219589257504,484,0.4834710743801653,-4.236842083248529,0.1713692830812185,18,0.875,False,2144,0.4193097014925373,1.197607628755633,73.36154780514397,0.03421713983448879,-9.972727238048297,0.2719216417910448,498,0.5040160642570282,-15.936842083248543,0.18538322059565915,54,0.6666666666666666,False,1.092122600071153,0.39707835325365204,18,386,0.5699481865284974,2.208835341365462,60.2,0.15595854922279795,-2.000000000000007,0.28756476683937826,339,0.5988200589970502,-2.000000000000007,0.09966777408637874,19,1.0,True,408,0.5318627450980392,1.8909888056865287,51.05365856583809,0.12513151609274042,-2.4000000000000057,0.28921568627450983,336,0.5565476190476191,-2.000000000000007,0.1371106439115014,19,1.0,True,397,0.5264483627204031,1.8528368794326244,48.1,0.12115869017632243,-3.1999999999999993,0.3198992443324937,328,0.5853658536585366,-2.8999999999999995,0.12474012474012473,19,0.9411764705882353,True,1191,0.5424013434089001,1.9746401135525264,159.3536585658381,0.13379820198642997,-3.19999999999996,0.2989084802686818,348,0.5862068965517241,-4.299999999999983,0.09413025176201176,57,1.0,True,1.8528368794326244,0.5264483627204031,19,12,22,8,0.1570482286440563,"{""QQQ"": ""negative_months;negative_day_streak>4;first_2_month_share<0.1;first_3_month_share<0.2"", ""SPXW"": ""negative_months;negative_day_streak>4;first_2_month_share<0.1;first_3_month_share<0.2"", ""SPY"": ""negative_months;negative_day_streak>4;first_2_month_share<0.1;first_3_month_share<0.2""}",0,3,False,-37.40817782940862
5,30,0,-1.0,5,18,762,0.42650918635170604,1.2408187469252916,31.337400116531008,0.04112519700332153,-7.700000000000035,0.26115485564304464,461,0.4837310195227766,-7.099999999999994,0.23933063917589076,18,0.6666666666666666,False,750,0.3973333333333333,1.0932768987594548,12.547390278533195,0.016729853704710928,-9.772727238048198,0.2813333333333333,481,0.4553014553014553,-9.772727238048203,0.5578849342062793,18,0.5833333333333334,False,634,0.43690851735015773,1.2776062843427816,29.676757410079777,0.04680876563104066,-4.40000000000002,0.27129337539432175,484,0.4855371900826446,-3.736842083248529,0.16848201880377062,18,0.875,False,2146,0.4193849021435228,1.1979863617832067,73.56154780514397,0.03427844725309598,-9.772727238048311,0.2712022367194781,498,0.5080321285140562,-16.43684208324855,0.18487919851856333,54,0.6666666666666666,False,1.0932768987594548,0.3973333333333333,18,386,0.5699481865284974,2.208835341365462,60.2,0.15595854922279795,-2.000000000000007,0.28756476683937826,339,0.5988200589970502,-2.000000000000007,0.09966777408637874,19,1.0,True,408,0.5318627450980392,1.8909888056865287,51.05365856583809,0.12513151609274042,-2.4000000000000057,0.28921568627450983,336,0.5565476190476191,-2.000000000000007,0.1371106439115014,19,1.0,True,397,0.5264483627204031,1.8528368794326244,48.1,0.12115869017632243,-3.1999999999999993,0.3198992443324937,328,0.5853658536585366,-2.8999999999999995,0.12474012474012473,19,0.9411764705882353,True,1191,0.5424013434089001,1.9746401135525264,159.3536585658381,0.13379820198642997,-3.19999999999996,0.2989084802686818,348,0.5862068965517241,-4.299999999999983,0.09413025176201176,57,1.0,True,1.8528368794326244,0.5264483627204031,19,12,22,8,0.15365669930949727,"{""QQQ"": ""negative_months;negative_day_streak>4;first_2_month_share<0.1;first_3_month_share<0.2"", ""SPXW"": ""negative_months;negative_day_streak>4;first_2_month_share<0.1;first_3_month_share<0.2"", ""SPY"": ""negative_months;negative_day_streak>4;first_2_month_share<0.1;first_3_month_share<0.2""}",0,3,False,-37.40817782940862
4,30,0,-1.0,1,18,736,0.4388586956521739,1.30535943688264,37.537400116531,0.051001902332243214,-7.199999999999914,0.2595108695652174,458,0.4912663755458515,-6.599999999999987,0.19980073144962146,18,0.7083333333333334,False,771,0.3942931258106355,1.0794675307564314,11.047390278533197,0.014328651463726584,-11.372727238048208,0.28664072632944226,483,0.44306418219461696,-11.372727238048212,0.6788933685608691,18,0.5416666666666666,False,640,0.4359375,1.272674590801247,29.476757410079777,0.046057433453249655,-4.40000000000002,0.2734375,484,0.4793388429752066,-4.236842083248529,0.18658768749507154,18,0.875,False,2147,0.42198416394969723,1.2109494700049086,78.06154780514396,0.03635842934566556,-11.37272723804788,0.2734047508150908,498,0.5060240963855421,-15.436842083248536,0.18062670285754778,54,0.6666666666666666,False,1.0794675307564314,0.3942931258106355,18,386,0.5699481865284974,2.208835341365462,60.2,0.15595854922279795,-2.000000000000007,0.28756476683937826,339,0.5988200589970502,-2.000000000000007,0.09966777408637874,19,1.0,True,408,0.5318627450980392,1.8909888056865287,51.05365856583809,0.12513151609274042,-2.4000000000000057,0.28921568627450983,336,0.5565476190476191,-2.000000000000007,0.1371106439115014,19,1.0,True,400,0.525,1.842105263157895,48.0,0.12,-3.1999999999999997,0.3175,328,0.5853658536585366,-2.8999999999999995,0.125,19,0.9411764705882353,True,1194,0.5418760469011725,1.9704671454347233,159.2536585658381,0.13337827350572704,-3.19999999999996,0.2981574539363484,348,0.5862068965517241,-4.5,0.09418935888244447,57,1.0,True,1.842105263157895,0.525,19,12,22,8,0.18313261127922173,"{""QQQ"": ""negative_months;negative_day_streak>4;first_2_month_share<0.1;first_3_month_share<0.2"", ""SPXW"": ""negative_months;negative_day_streak>4;first_2_month_share<0.1;first_3_month_share<0.2"", ""SPY"": ""negative_months;negative_day_streak>4;first_2_month_share<0.1;first_3_month_share<0.2""}",0,3,False,-37.474180998943474
5,30,0,-1.0,1,18,740,0.43648648648648647,1.292740011117245,36.337400116531,0.04910459475206892,-7.499999999999929,0.2581081081081081,458,0.4912663755458515,-6.8999999999999915,0.2063989161565805,18,0.7083333333333334,False,768,0.39453125,1.08053445037507,11.147390278533194,0.014514831091840097,-11.172727238048207,0.28515625,482,0.4460580912863071,-11.172727238048212,0.6728032133622285,18,0.5416666666666666,False,641,0.43681747269890797,1.2772998381954532,29.976757410079777,0.046765612184211824,-4.40000000000002,0.27301092043681746,484,0.48140495867768596,-3.736842083248529,0.18347548151257373,18,0.875,False,2149,0.42159143787808284,1.2089892042475787,77.46154780514397,0.03604539218480408,-11.172727238047948,0.27221963704048396,498,0.5080321285140562,-16.23684208324854,0.18202579730873472,54,0.6666666666666666,False,1.08053445037507,0.39453125,18,386,0.5699481865284974,2.208835341365462,60.2,0.15595854922279795,-2.000000000000007,0.28756476683937826,339,0.5988200589970502,-2.000000000000007,0.09966777408637874,19,1.0,True,408,0.5318627450980392,1.8909888056865287,51.05365856583809,0.12513151609274042,-2.4000000000000057,0.28921568627450983,336,0.5565476190476191,-2.000000000000007,0.1371106439115014,19,1.0,True,400,0.525,1.842105263157895,48.0,0.12,-3.1999999999999997,0.3175,328,0.5853658536585366,-2.8999999999999995,0.125,19,0.9411764705882353,True,1194,0.5418760469011725,1.9704671454347233,159.2536585658381,0.13337827350572704,-3.19999999999996,0.2981574539363484,348,0.5862068965517241,-4.5,0.09418935888244447,57,1.0,True,1.842105263157895,0.525,19,12,22,8,0.17962281095938873,"{""QQQ"": ""negative_months;negative_day_streak>4;first_2_month_share<0.1;first_3_month_share<0.2"", ""SPXW"": ""negative_months;negative_day_streak>4;first_2_month_share<0.1;first_3_month_share<0.2"", ""SPY"": ""negative_months;negative_day_streak>4;first_2_month_share<0.1;first_3_month_share<0.2""}",0,3,False,-37.474180998943474
4,45,0,0.0,10,18,683,0.43923865300146414,1.3025282531414015,34.525101246286255,0.05054919655385982,-5.100000000000019,0.2708638360175695,470,0.5234042553191489,-5.000000000000018,0.18826881791401504,18,0.6666666666666666,False,679,0.40795287187039764,1.1400111685021055,16.772320291677346,0.02470150263870007,-9.472727238048186,0.28276877761413843,482,0.49377593360995853,-9.472727238048192,0.2981102145110518,18,0.6666666666666666,False,623,0.44141252006420545,1.3014267770570174,31.46895552475258,0.050511967134434316,-3.9000000000000234,0.2696629213483146,485,0.5030927835051546,-3.8000000000000096,0.158886747800293,18,0.8333333333333334,False,1985,0.4292191435768262,1.2446432037623198,82.76637706271619,0.04169590784015929,-9.47272723804825,0.27455919395465994,497,0.5010060362173038,-12.791547043953852,0.16310971289428774,54,0.6666666666666666,False,1.1400111685021055,0.40795287187039764,18,369,0.5663956639566395,2.18557967872913,56.68659790030413,0.1536222165319895,-2.1999999999999744,0.3116531165311653,340,0.5911764705882353,-2.1999999999999886,0.08820427023674275,19,1.0,True,394,0.5203045685279187,1.8140894667843703,45.93215321016852,0.11657906906134143,-2.4000000000000057,0.2969543147208122,337,0.5578635014836796,-2.4,0.14151306972826655,18,1.0,True,399,0.5037593984962406,1.6970340504009342,41.27903152487937,0.10345621936059993,-3.300000000000015,0.3157894736842105,329,0.5805471124620061,-3.200000000000017,0.12112687278010482,19,0.8823529411764706,True,1162,0.5292598967297762,1.880346343110653,143.89778263535203,0.12383630175159382,-3.3000000000002387,0.3080895008605852,348,0.5718390804597702,-6.000000000000014,0.07574821376936317,57,0.9411764705882353,True,1.6970340504009342,0.5037593984962406,18,12,22,9,0.15106940077838868,"{""QQQ"": ""negative_months;negative_day_streak>4;first_2_month_share<0.1;first_3_month_share<0.2"", ""SPXW"": ""negative_months;negative_day_streak>4;first_2_month_share<0.1;first_3_month_share<0.2"", ""SPY"": ""negative_months;negative_day_streak>4;first_2_month_share<0.1;first_3_month_share<0.2""}",0,3,False,-41.491728941678446
5,45,0,0.0,10,18,692,0.43641618497109824,1.2875972528453408,33.42510124628626,0.04830216943104951,-6.1999999999999895,0.27601156069364163,473,0.5221987315010571,-5.699999999999993,0.1944646315984515,18,0.6666666666666666,False,682,0.40762463343108507,1.1384827813721903,16.672320291677345,0.024446217436477045,-9.472727238048186,0.2844574780058651,482,0.49377593360995853,-9.472727238048192,0.2998982692586556,18,0.6666666666666666,False,623,0.44141252006420545,1.3014267770570174,31.46895552475258,0.050511967134434316,-3.9000000000000234,0.2696629213483146,485,0.5030927835051546,-3.8000000000000096,0.158886747800293,18,0.8333333333333334,False,1997,0.42814221331998,1.2391873187660412,81.56637706271619,0.040844455214179363,-9.472727238048272,0.2769153730595894,497,0.5030181086519114,-12.791547043953852,0.16550937391297743,54,0.6666666666666666,False,1.1384827813721903,0.40762463343108507,18,369,0.5663956639566395,2.18557967872913,56.68659790030413,0.1536222165319895,-2.1999999999999744,0.3116531165311653,340,0.5911764705882353,-2.1999999999999886,0.08820427023674275,19,1.0,True,394,0.5203045685279187,1.8140894667843703,45.93215321016852,0.11657906906134143,-2.4000000000000057,0.2969543147208122,337,0.5578635014836796,-2.4,0.14151306972826655,18,1.0,True,399,0.5037593984962406,1.6970340504009342,41.27903152487937,0.10345621936059993,-3.300000000000015,0.3157894736842105,329,0.5805471124620061,-3.200000000000017,0.12112687278010482,19,0.8823529411764706,True,1162,0.5292598967297762,1.880346343110653,143.89778263535203,0.12383630175159382,-3.3000000000002387,0.3080895008605852,348,0.5718390804597702,-6.000000000000014,0.07574821376936317,57,0.9411764705882353,True,1.6970340504009342,0.5037593984962406,18,12,22,9,0.1513107084555053,"{""QQQ"": ""negative_months;negative_day_streak>4;first_2_month_share<0.1;first_3_month_share<0.2"", ""SPXW"": ""negative_months;negative_day_streak>4;first_2_month_share<0.1;first_3_month_share<0.2"", ""SPY"": ""negative_months;negative_day_streak>4;first_2_month_share<0.1;first_3_month_share<0.2""}",0,3,False,-41.491728941678446
4,15,0,0.0,1,18,899,0.43381535038932145,1.2882167178537476,43.39537364687199,0.04827071595870076,-7.399999999999849,0.2936596218020022,466,0.45064377682403434,-7.1999999999999815,0.18435144873044904,18,0.8333333333333334,False,970,0.40103092783505156,1.1132781665239944,19.528407046572326,0.02013237839852817,-7.988347317855508,0.3237113402061856,475,0.4357894736842105,-7.5,0.4096596297343249,18,0.625,False,806,0.43672456575682383,1.2835781306884322,38.373503778128196,0.04760980617633771,-6.799999999999827,0.27667493796526055,481,0.4864864864864865,-6.4368420832485,0.19544735980754477,18,0.7916666666666666,False,2675,0.422803738317757,1.2210392067035065,101.29728447157251,0.03786814372769066,-7.988347317854966,0.2994392523364486,496,0.5201612903225806,-20.13684208324851,0.19645146564204907,54,0.7916666666666666,False,1.1132781665239944,0.40103092783505156,18,486,0.5432098765432098,1.9875506422912876,65.58659790030413,0.13495184753148998,-3.399999999999997,0.29012345679012347,340,0.5911764705882353,-3.099999999999999,0.11435263056944173,21,1.0,True,555,0.4918918918918919,1.6170685994124039,52.032153210168524,0.09375162740570905,-4.299999999999926,0.22702702702702704,334,0.5239520958083832,-4.300000000000004,0.15375108478956007,20,0.9411764705882353,True,532,0.4924812030075188,1.6147285974950814,49.6718786796455,0.09336819300685245,-6.409191199660726,0.2894736842105263,324,0.5555555555555556,-6.409191199660733,0.15099086644921572,20,0.8823529411764706,True,1573,0.5079465988556897,1.722519582893091,167.29062979011815,0.10635132218062184,-6.409191199660597,0.26764144945963125,348,0.603448275862069,-7.6,0.12971437806902092,65,1.0,True,1.6147285974950814,0.4918918918918919,20,12,22,12,0.104806334286539,"{""QQQ"": ""negative_months;negative_day_streak>4;first_2_month_share<0.1;first_3_month_share<0.2"", ""SPXW"": ""negative_months;negative_day_streak>4;first_2_month_share<0.1;first_3_month_share<0.2"", ""SPY"": ""negative_months;negative_day_streak>4;first_2_month_share<0.1;first_3_month_share<0.2""}",0,3,False,-46.067430953639466
3,30,0,0.0,1,18,842,0.44418052256532065,1.3449560300349968,47.695373646871985,0.056645336872769576,-6.499999999999872,0.3028503562945368,463,0.4535637149028078,-6.099999999999994,0.15724795565139416,18,0.8333333333333334,False,900,0.4111111111111111,1.1591545433351058,25.046925657073324,0.027829917396748137,-8.999999999999996,0.31,477,0.4381551362683438,-8.4,0.29943794710317984,18,0.6666666666666666,False,770,0.44545454545454544,1.3260775018901412,41.60379978605709,0.054030908813061156,-5.602892085724401,0.2779220779220779,481,0.4802494802494803,-5.6028920857244,0.18027199531215696,18,0.7916666666666666,False,2512,0.43272292993630573,1.27017571343724,114.34609909000238,0.045519943905255725,-8.999999999999815,0.29777070063694266,497,0.5372233400402414,-16.836842083248513,0.1722839708287209,54,0.9166666666666666,False,1.1591545433351058,0.4111111111111111,18,510,0.5352941176470588,1.9248829693447391,65.58659790030413,0.12860117235353752,-3.099999999999997,0.28431372549019607,342,0.5672514619883041,-2.799999999999999,0.11435263056944173,21,1.0,True,555,0.4846846846846847,1.5709926761354798,48.83215321016853,0.08798586163994329,-4.199999999999903,0.23063063063063063,334,0.5119760479041916,-4.0,0.15358732939177958,19,0.8823529411764706,True,550,0.4690909090909091,1.4699141487068228,41.0718786796455,0.07467614305390091,-6.209191199660727,0.29818181818181816,326,0.5184049079754601,-6.209191199660731,0.1826066944368159,20,0.8235294117647058,True,1615,0.4953560371517028,1.6376804531645983,155.4906297901182,0.09627902773381931,-6.209191199660609,0.27058823529411763,348,0.5747126436781609,-8.299999999999999,0.13955824881081733,65,0.8823529411764706,True,1.4699141487068228,0.4690909090909091,19,12,22,12,0.11369930606599074,"{""QQQ"": ""negative_months;negative_day_streak>4;first_2_month_share<0.1;first_3_month_share<0.2"", ""SPXW"": ""negative_months;negative_day_streak>4;first_2_month_share<0.1;first_3_month_share<0.2"", ""SPY"": ""negative_months;negative_day_streak>4;first_2_month_share<0.1;first_3_month_share<0.2""}",0,3,False,-47.8039061459837
4,45,0,0.0,5,18,711,0.4430379746835443,1.3230341055639463,38.12510124628626,0.053621802034157895,-5.499999999999922,0.2812939521800281,476,0.5378151260504201,-5.400000000000009,0.17049135051498807,18,0.7083333333333334,False,721,0.406380027739251,1.1312385521525796,16.745085325040918,0.0232248062760623,-10.031081083258016,0.289875173370319,487,0.5092402464065708,-9.431081083258016,0.2985950744916722,18,0.625,False,651,0.4393241167434716,1.2893247247059227,31.681057355298485,0.048665218671733464,-4.61304347450508,0.271889400921659,486,0.5185185185185185,-4.513043474505077,0.15782301530929735,18,0.8333333333333334,False,2083,0.42918867018722995,1.243727615036959,86.55124392662566,0.04155124528402576,-10.031081083257856,0.2813250120019203,499,0.5090180360721442,-13.380419652706522,0.14442311205367483,54,0.6666666666666666,False,1.1312385521525796,0.406380027739251,18,393,0.5572519083969466,2.1052266450503967,57.48659790030413,0.146276330535125,-2.5999999999999375,0.3053435114503817,342,0.6081871345029239,-2.299999999999983,0.08697679428988347,19,0.9411764705882353,True,398,0.5175879396984925,1.7943293346476121,45.532153210168524,0.11440239500042343,-2.4999999999999716,0.30402010050251255,337,0.5548961424332344,-2.499999999999986,0.142756262151652,18,0.9411764705882353,True,395,0.5189873417721519,1.8007848398733945,45.58037377346738,0.11539335132523387,-3.1999999999999975,0.31645569620253167,329,0.5866261398176292,-3.099999999999997,0.10969633607766796,19,0.9411764705882353,True,1186,0.5311973018549747,1.8938049483105295,148.59912488394002,0.12529437174025296,-3.200000000000273,0.3086003372681282,348,0.5718390804597702,-6.700000000000003,0.08546483709052154,57,0.9411764705882353,True,1.7943293346476121,0.5175879396984925,18,12,23,9,0.15143704674583489,"{""QQQ"": ""negative_months;negative_day_streak>4;first_2_month_share<0.1;first_3_month_share<0.2"", ""SPXW"": ""negative_months;negative_day_streak>4;first_2_month_share<0.1;first_3_month_share<0.2"", ""SPY"": ""negative_months;negative_day_streak>4;first_2_month_share<0.1;first_3_month_share<0.2""}",0,3,False,-42.08765951695126
5,45,0,0.0,5,18,711,0.4430379746835443,1.3230341055639463,38.12510124628626,0.053621802034157895,-5.499999999999922,0.2812939521800281,476,0.5378151260504201,-5.400000000000009,0.17049135051498807,18,0.7083333333333334,False,721,0.406380027739251,1.1312385521525796,16.745085325040918,0.0232248062760623,-10.031081083258016,0.289875173370319,487,0.5092402464065708,-9.431081083258016,0.2985950744916722,18,0.625,False,651,0.4393241167434716,1.2893247247059227,31.681057355298485,0.048665218671733464,-4.61304347450508,0.271889400921659,486,0.5185185185185185,-4.513043474505077,0.15782301530929735,18,0.8333333333333334,False,2083,0.42918867018722995,1.243727615036959,86.55124392662566,0.04155124528402576,-10.031081083257856,0.2813250120019203,499,0.5090180360721442,-13.380419652706522,0.14442311205367483,54,0.6666666666666666,False,1.1312385521525796,0.406380027739251,18,393,0.5572519083969466,2.1052266450503967,57.48659790030413,0.146276330535125,-2.5999999999999375,0.3053435114503817,342,0.6081871345029239,-2.299999999999983,0.08697679428988347,19,0.9411764705882353,True,398,0.5175879396984925,1.7943293346476121,45.532153210168524,0.11440239500042343,-2.4999999999999716,0.30402010050251255,337,0.5548961424332344,-2.499999999999986,0.142756262151652,18,0.9411764705882353,True,395,0.5189873417721519,1.8007848398733945,45.58037377346738,0.11539335132523387,-3.1999999999999975,0.31645569620253167,329,0.5866261398176292,-3.099999999999997,0.10969633607766796,19,0.9411764705882353,True,1186,0.5311973018549747,1.8938049483105295,148.59912488394002,0.12529437174025296,-3.200000000000273,0.3086003372681282,348,0.5718390804597702,-6.700000000000003,0.08546483709052154,57,0.9411764705882353,True,1.7943293346476121,0.5175879396984925,18,12,23,9,0.15143704674583489,"{""QQQ"": ""negative_months;negative_day_streak>4;first_2_month_share<0.1;first_3_month_share<0.2"", ""SPXW"": ""negative_months;negative_day_streak>4;first_2_month_share<0.1;first_3_month_share<0.2"", ""SPY"": ""negative_months;negative_day_streak>4;first_2_month_share<0.1;first_3_month_share<0.2""}",0,3,False,-42.08765951695126
4,15,0,0.0,10,18,842,0.4192399049881235,1.2044854587341514,29.73470216605467,0.035314373118829775,-9.599999999999994,0.27672209026128264,469,0.4669509594882729,-9.1,0.2522305405352958,18,0.7916666666666666,False,819,0.40415140415140416,1.1257479795570136,18.231401122867645,0.022260563031584427,-10.556783652593422,0.27106227106227104,481,0.45114345114345117,-10.156783652593436,0.49365377566682467,18,0.6666666666666666,False,770,0.43116883116883115,1.2579879718402651,33.6244178188992,0.04366807508947947,-6.400000000000034,0.2779220779220779,486,0.4897119341563786,-5.600000000000019,0.23792233498548365,18,0.7916666666666666,False,2431,0.41793500617030027,1.1939264365873195,81.5905211078215,0.03356253439235767,-10.556783652593559,0.27519539284245165,498,0.5040160642570282,-18.036842083248516,0.23899835097548697,54,0.75,False,1.1257479795570136,0.40415140415140416,18,430,0.5534883720930233,2.072686788240866,61.586597900304135,0.14322464627977705,-3.19999999999996,0.2837209302325581,338,0.5976331360946746,-3.1999999999999957,0.1298983914154559,19,0.9411764705882353,True,460,0.5,1.6712913660929087,46.132153210168525,0.10028728958732289,-4.299999999999999,0.2565217391304348,336,0.5446428571428571,-4.299999999999999,0.15940419109284468,19,0.8823529411764706,True,458,0.49563318777292575,1.637434665286043,44.06010140418561,0.09620109476896421,-4.9999999999999964,0.29475982532751094,328,0.573170731707317,-4.899999999999995,0.1384472528567652,19,0.8823529411764706,True,1348,0.5155786350148368,1.777333085579938,151.77885251465824,0.11259558791888594,-5.000000000000341,0.27818991097922846,348,0.5862068965517241,-10.0,0.10936965015199884,57,0.8823529411764706,True,1.637434665286043,0.49563318777292575,19,12,23,9,0.1578033369636366,"{""QQQ"": ""negative_months;negative_day_streak>4;first_2_month_share<0.1;first_3_month_share<0.2"", ""SPXW"": ""negative_months;negative_day_streak>4;first_2_month_share<0.1;first_3_month_share<0.2"", ""SPY"": ""negative_months;negative_day_streak>4;first_2_month_share<0.1;first_3_month_share<0.2""}",0,3,False,-42.68361890907835
3,45,0,0.0,10,18,676,0.4408284023668639,1.31099723047432,35.02510124628626,0.051812279950127604,-5.19999999999999,0.2677514792899408,469,0.5202558635394456,-4.800000000000015,0.18558119088061736,18,0.6666666666666666,False,678,0.40707964601769914,1.1358372925544948,16.272320291677346,0.024000472406603756,-9.972727238048188,0.28023598820059,482,0.4896265560165975,-9.972727238048192,0.3072702546641307,18,0.6666666666666666,False,622,0.4405144694533762,1.2966375050263659,30.96895552475258,0.049789317563910904,-3.9000000000000234,0.27009646302250806,485,0.5010309278350515,-3.8000000000000096,0.1614520062197011,18,0.7916666666666666,False,1976,0.4291497975708502,1.2442482233216952,82.26637706271619,0.04163278191433006,-9.972727238048215,0.2727732793522267,497,0.5010060362173038,-12.791547043953852,0.1641010639098426,54,0.6666666666666666,False,1.1358372925544948,0.40707964601769914,18,369,0.5663956639566395,2.18557967872913,56.68659790030413,0.1536222165319895,-2.1999999999999744,0.3116531165311653,340,0.5911764705882353,-2.1999999999999886,0.08820427023674275,19,1.0,True,394,0.5203045685279187,1.8140894667843703,45.93215321016852,0.11657906906134143,-2.4000000000000057,0.2969543147208122,337,0.5578635014836796,-2.4,0.14151306972826655,18,1.0,True,399,0.5037593984962406,1.6970340504009342,41.27903152487937,0.10345621936059993,-3.300000000000015,0.3157894736842105,329,0.5805471124620061,-3.200000000000017,0.12112687278010482,19,0.8823529411764706,True,1162,0.5292598967297762,1.880346343110653,143.89778263535203,0.12383630175159382,-3.3000000000002387,0.3080895008605852,348,0.5718390804597702,-6.000000000000014,0.07574821376936317,57,0.9411764705882353,True,1.6970340504009342,0.5037593984962406,18,12,23,9,0.1603217048007371,"{""QQQ"": ""negative_months;negative_day_streak>4;first_2_month_share<0.1;first_3_month_share<0.2"", ""SPXW"": ""negative_months;negative_day_streak>4;first_2_month_share<0.1;first_3_month_share<0.2"", ""SPY"": ""negative_months;negative_day_streak>4;first_2_month_share<0.1;first_3_month_share<0.2""}",0,3,False,-42.991728941678446
3,30,0,-1.0,10,18,710,0.4422535211267606,1.3236685197806006,38.137400116531,0.05371464805145211,-8.39999999999991,0.2563380281690141,462,0.48268398268398266,-7.999999999999986,0.19665734887756697,18,0.75,False,719,0.40055632823365783,1.1068601551503785,13.715457537412883,0.019075740663995665,-9.172727238048196,0.2726008344923505,480,0.4479166666666667,-9.1727272380482,0.5103730576180541,18,0.5833333333333334,False,646,0.43188854489164086,1.2523130209756579,27.729787795894303,0.04292536810509954,-6.400000000000034,0.2678018575851393,484,0.4793388429752066,-5.600000000000007,0.21637381591821503,18,0.7916666666666666,False,2075,0.42457831325301204,1.2234962230826603,79.5826454498382,0.03835308214450034,-9.172727238047862,0.2655421686746988,497,0.4969818913480885,-17.63684208324851,0.18973985992357711,54,0.7083333333333334,False,1.1068601551503785,0.40055632823365783,18,378,0.5714285714285714,2.2222222222222223,59.400000000000006,0.15714285714285717,-2.09999999999998,0.2962962962962963,338,0.6035502958579881,-2.09999999999998,0.09259259259259259,19,1.0,True,405,0.5308641975308642,1.883397518698914,50.35365856583809,0.1243300211502175,-2.4000000000000057,0.291358024691358,336,0.5565476190476191,-2.000000000000007,0.1290869459167731,19,0.9411764705882353,True,398,0.5201005025125628,1.806282722513089,46.199999999999996,0.11608040201005024,-3.3999999999999995,0.31909547738693467,328,0.5853658536585366,-3.0999999999999996,0.10822510822510824,19,0.9411764705882353,True,1181,0.5402201524132092,1.9573582477952003,155.95365856583808,0.13205220877717028,-3.399999999999963,0.3022861981371719,348,0.5862068965517241,-4.3,0.07951079900293048,57,0.9411764705882353,True,1.806282722513089,0.5201005025125628,19,12,23,10,0.14316924902266237,"{""QQQ"": ""negative_months;negative_day_streak>4;first_2_month_share<0.1;first_3_month_share<0.2"", ""SPXW"": ""negative_months;negative_day_streak>4;first_2_month_share<0.1;first_3_month_share<0.2"", ""SPY"": ""negative_months;negative_day_streak>4;first_2_month_share<0.1;first_3_month_share<0.2""}",0,3,False,-43.43199219462982
3,30,0,0.0,5,18,849,0.4275618374558304,1.2487931210896162,35.95366772839739,0.042348254097052285,-9.4,0.29093050647820967,481,0.4594594594594595,-9.2,0.20860180543072251,18,0.7916666666666666,False,839,0.40762812872467225,1.1407319987613256,20.77165498220949,0.024757634066995816,-8.418518610500985,0.29797377830750893,486,0.4444444444444444,-8.31851861050099,0.36106896664823296,18,0.6666666666666666,False,815,0.41840490797546015,1.1844507046525854,26.19242902763859,0.03213794972716391,-6.660642803887143,0.2687116564417178,485,0.4536082474226804,-6.3606428038871154,0.2863422858600057,18,0.75,False,2503,0.4178985217738714,1.1910054909057044,82.91775173824547,0.03312734787784478,-9.4,0.28605673192169395,500,0.53,-18.3368420832485,0.2026104139079192,54,0.75,False,1.1407319987613256,0.40762812872467225,18,462,0.5367965367965368,1.9370943573172337,59.98659790030413,0.1298411209963293,-3.399999999999997,0.30303030303030304,344,0.5755813953488372,-3.200000000000003,0.1250279272791027,19,0.9411764705882353,True,452,0.5132743362831859,1.7627967883399045,50.132153210168525,0.1109118433853286,-3.999999999999929,0.2676991150442478,336,0.5446428571428571,-4.0,0.13963094644377172,19,0.9411764705882353,True,454,0.4977973568281938,1.649322107027943,44.36144365277362,0.09771243095324586,-4.999999999999947,0.30176211453744495,328,0.5670731707317073,-4.899999999999984,0.15779468438381936,19,0.8823529411764706,True,1368,0.5160818713450293,1.779988177455014,154.4801947632463,0.1129241189789812,-5.000000000000398,0.2909356725146199,348,0.5862068965517241,-11.599999999999994,0.10939913706025974,57,0.9411764705882353,True,1.649322107027943,0.4977973568281938,19,12,23,11,0.11732118235357646,"{""QQQ"": ""negative_months;negative_day_streak>4;first_2_month_share<0.1;first_3_month_share<0.2"", ""SPXW"": ""negative_months;negative_day_streak>4;first_2_month_share<0.1;first_3_month_share<0.2"", ""SPY"": ""negative_months;negative_day_streak>4;first_2_month_share<0.1;first_3_month_share<0.2""}",0,3,False,-46.401581813316
4,30,0,0.0,5,18,877,0.427594070695553,1.2488319190890047,37.153667728397394,0.04236450140068118,-7.799999999999993,0.2919042189281642,482,0.4730290456431535,-7.800000000000001,0.20186432345863875,18,0.7916666666666666,False,850,0.40588235294117647,1.132480135097489,19.871654982209492,0.023378417626128814,-9.484056414545229,0.30117647058823527,484,0.45041322314049587,-9.484056414545229,0.40258347918993986,18,0.6666666666666666,False,838,0.4116945107398568,1.1522821589255536,22.492429027638593,0.026840607431549635,-6.660642803887143,0.27088305489260145,487,0.4537987679671458,-6.536842083248526,0.33344553364085466,18,0.75,False,2565,0.4152046783625731,1.1778873364128266,79.51775173824548,0.031001072802434883,-9.484056414544924,0.2881091617933723,499,0.533066132264529,-18.63684208324853,0.2112735789525566,54,0.75,False,1.132480135097489,0.40588235294117647,18,462,0.5367965367965368,1.9370943573172337,59.98659790030413,0.1298411209963293,-3.399999999999997,0.30303030303030304,344,0.5755813953488372,-3.200000000000003,0.1250279272791027,19,0.9411764705882353,True,452,0.5132743362831859,1.7627967883399045,50.13215321016853,0.11091184338532861,-4.299999999999926,0.2676991150442478,336,0.5476190476190477,-4.300000000000004,0.1396309464437717,19,0.9411764705882353,True,454,0.4977973568281938,1.649322107027943,44.36144365277362,0.09771243095324586,-4.999999999999947,0.30176211453744495,328,0.5670731707317073,-4.899999999999984,0.15779468438381936,19,0.8823529411764706,True,1368,0.5160818713450293,1.779988177455014,154.4801947632463,0.1129241189789812,-5.000000000000398,0.2909356725146199,348,0.5862068965517241,-11.899999999999991,0.10939913706025974,57,0.9411764705882353,True,1.649322107027943,0.4977973568281938,19,12,23,11,0.13547914976970998,"{""QQQ"": ""negative_months;negative_day_streak>4;first_2_month_share<0.1;first_3_month_share<0.2"", ""SPXW"": ""negative_months;negative_day_streak>4;first_2_month_share<0.1;first_3_month_share<0.2"", ""SPY"": ""negative_months;negative_day_streak>4;first_2_month_share<0.1;first_3_month_share<0.2""}",0,3,False,-46.401581813316
5,30,0,0.0,5,18,882,0.42630385487528344,1.2421972569325515,36.45366772839739,0.041330689034464164,-7.6999999999999105,0.29365079365079366,482,0.475103734439834,-7.6000000000000005,0.20574061452141626,18,0.7916666666666666,False,855,0.4058479532163743,1.1323526833214408,19.971654982209493,0.02335866079790584,-9.584056414545227,0.30292397660818715,484,0.4524793388429752,-9.58405641454523,0.3855464160010308,18,0.6666666666666666,False,840,0.41309523809523807,1.159052533025142,23.492429027638593,0.027967177413855467,-6.660642803887143,0.2726190476190476,487,0.45585215605749485,-6.3606428038871154,0.31925178921159364,18,0.75,False,2577,0.4152114862242918,1.1779462005734542,79.91775173824547,0.031011933154150358,-9.584056414544968,0.28987194412107103,499,0.5370741482965932,-18.63684208324853,0.20646226452969338,54,0.75,False,1.1323526833214408,0.4058479532163743,18,462,0.5367965367965368,1.9370943573172337,59.98659790030413,0.1298411209963293,-3.399999999999997,0.30303030303030304,344,0.5755813953488372,-3.200000000000003,0.1250279272791027,19,0.9411764705882353,True,452,0.5132743362831859,1.7627967883399045,50.13215321016853,0.11091184338532861,-4.299999999999926,0.2676991150442478,336,0.5476190476190477,-4.300000000000004,0.1396309464437717,19,0.9411764705882353,True,454,0.4977973568281938,1.649322107027943,44.36144365277362,0.09771243095324586,-4.999999999999947,0.30176211453744495,328,0.5670731707317073,-4.899999999999984,0.15779468438381936,19,0.8823529411764706,True,1368,0.5160818713450293,1.779988177455014,154.4801947632463,0.1129241189789812,-5.000000000000398,0.2909356725146199,348,0.5862068965517241,-11.899999999999991,0.10939913706025974,57,0.9411764705882353,True,1.649322107027943,0.4977973568281938,19,12,23,11,0.13671235075054386,"{""QQQ"": ""negative_months;negative_day_streak>4;first_2_month_share<0.1;first_3_month_share<0.2"", ""SPXW"": ""negative_months;negative_day_streak>4;first_2_month_share<0.1;first_3_month_share<0.2"", ""SPY"": ""negative_months;negative_day_streak>4;first_2_month_share<0.1;first_3_month_share<0.2""}",0,3,False,-46.401581813316
4,30,0,0.0,1,18,894,0.43400447427293065,1.2892817294405976,43.29537364687198,0.04842882958263085,-6.799999999999999,0.2986577181208054,467,0.4539614561027837,-6.200000000000001,0.18477724814780497,18,0.7916666666666666,False,914,0.4102844638949672,1.157255610988343,25.128407046572327,0.027492786703033182,-7.618518610500986,0.31838074398249455,476,0.44537815126050423,-7.418518610500989,0.2984669894155924,18,0.6666666666666666,False,790,0.44050632911392407,1.2998273446605142,39.60379978605708,0.05013139213424947,-5.602892085724401,0.2759493670886076,482,0.48132780082987553,-5.6028920857244,0.1893757679948794,18,0.7916666666666666,False,2598,0.42763664357197845,1.244656949951455,108.0275804795014,0.041581054841994376,-7.618518610500644,0.29869130100076985,496,0.5342741935483871,-16.836842083248527,0.17958376845884477,54,0.875,False,1.157255610988343,0.4102844638949672,18,511,0.5322896281800391,1.9017414359675449,64.48659790030413,0.12619686477554626,-3.099999999999997,0.2857142857142857,341,0.5777126099706745,-2.799999999999999,0.1163032357761368,21,1.0,True,560,0.48392857142857143,1.5662034352304697,48.93215321016852,0.08737884501815807,-5.399999999999892,0.23035714285714284,334,0.5089820359281437,-4.900000000000006,0.15327345125784156,19,0.8823529411764706,True,549,0.46994535519125685,1.4749768278637763,41.371878679645505,0.07535861325982787,-6.209191199660727,0.29690346083788705,324,0.5277777777777778,-6.209191199660731,0.1812825580891475,20,0.8235294117647058,True,1620,0.49444444444444446,1.6317009012210737,154.79062979011817,0.09554977147538159,-6.209191199660609,0.27037037037037037,348,0.5804597701149425,-8.299999999999999,0.14018936436542184,65,0.8823529411764706,True,1.4749768278637763,0.46994535519125685,19,12,23,12,0.10016827559477949,"{""QQQ"": ""negative_months;negative_day_streak>4;first_2_month_share<0.1;first_3_month_share<0.2"", ""SPXW"": ""negative_months;negative_day_streak>4;first_2_month_share<0.1;first_3_month_share<0.2"", ""SPY"": ""negative_months;negative_day_streak>4;first_2_month_share<0.1;first_3_month_share<0.2""}",0,3,False,-49.33202941189789
5,30,0,0.0,1,18,905,0.4298342541436464,1.267221379079778,40.79537364687199,0.04507776093577015,-6.9999999999998685,0.30165745856353593,468,0.45726495726495725,-6.3999999999999915,0.18384437571084897,18,0.7916666666666666,False,918,0.4106753812636166,1.1591612171668746,25.528407046572326,0.027808722272954604,-7.4185186105009855,0.3202614379084967,476,0.4474789915966387,-7.21851861050099,0.29379036405669573,18,0.6666666666666666,False,795,0.4389937106918239,1.2918762360509106,38.903799786057085,0.048935597215166146,-6.6368420832483395,0.27169811320754716,482,0.4854771784232365,-6.236842083248483,0.19278322532103817,18,0.7916666666666666,False,2618,0.42589763177998474,1.2357527745688002,105.2275804795014,0.04019388100821291,-7.418518610500641,0.29908326967150495,496,0.5403225806451613,-18.836842083248527,0.18436231177793894,54,0.875,False,1.1591612171668746,0.4106753812636166,18,511,0.5322896281800391,1.9017414359675449,64.48659790030413,0.12619686477554626,-3.099999999999997,0.2857142857142857,341,0.5777126099706745,-2.799999999999999,0.1163032357761368,21,1.0,True,560,0.48392857142857143,1.5662034352304697,48.93215321016852,0.08737884501815807,-5.399999999999892,0.22857142857142856,334,0.5119760479041916,-4.900000000000006,0.15327345125784156,19,0.8823529411764706,True,549,0.46994535519125685,1.4749768278637763,41.371878679645505,0.07535861325982787,-6.209191199660727,0.29690346083788705,324,0.5277777777777778,-6.209191199660731,0.1812825580891475,20,0.8235294117647058,True,1620,0.49444444444444446,1.6317009012210737,154.79062979011817,0.09554977147538159,-6.209191199660609,0.2697530864197531,348,0.5804597701149425,-8.299999999999999,0.14018936436542184,65,0.8823529411764706,True,1.4749768278637763,0.46994535519125685,19,12,23,12,0.09694418878412218,"{""QQQ"": ""negative_months;negative_day_streak>4;first_2_month_share<0.1;first_3_month_share<0.2"", ""SPXW"": ""negative_months;negative_day_streak>4;first_2_month_share<0.1;first_3_month_share<0.2"", ""SPY"": ""negative_months;negative_day_streak>4;first_2_month_share<0.1;first_3_month_share<0.2""}",0,3,False,-49.33202941189789
5,15,0,-1.0,5,18,771,0.4267185473411154,1.2418730155802902,31.837400116531,0.0412936447685227,-8.100000000000037,0.2619974059662776,461,0.48590021691973967,-7.199999999999992,0.23557199936391035,18,0.6666666666666666,False,763,0.39711664482306686,1.0947781151968925,12.990364157706136,0.017025378974713155,-9.372727238048192,0.2817824377457405,479,0.4572025052192067,-9.372727238048203,0.6158410882772862,18,0.5833333333333334,False,652,0.4386503067484663,1.290480091182634,31.756138812202195,0.048705734374543244,-4.499999999999986,0.26533742331288346,484,0.4896694214876033,-4.136842083248496,0.1952378416237956,18,0.8333333333333334,False,2186,0.41994510521500455,1.2025963168058837,76.58390308643934,0.03503380745033821,-9.372727238048284,0.2698993595608417,498,0.5020080321285141,-17.336842083248527,0.19325209872491633,54,0.6666666666666666,False,1.0947781151968925,0.39711664482306686,18,388,0.5721649484536082,2.2289156626506026,61.199999999999996,0.1577319587628866,-2.000000000000007,0.28865979381443296,339,0.6047197640117994,-2.000000000000007,0.09803921568627452,19,1.0,True,410,0.526829268292683,1.853155645461136,49.65365856583809,0.12110648430692218,-2.4000000000000057,0.28292682926829266,336,0.5565476190476191,-2.000000000000007,0.14097652020381085,19,0.9411764705882353,True,397,0.5340050377833753,1.9099099099099104,50.5,0.12720403022670027,-3.4999999999999982,0.3198992443324937,327,0.5963302752293578,-3.1999999999999993,0.12277227722772277,19,0.9411764705882353,True,1195,0.5439330543933054,1.9868725294546672,161.3536585658381,0.13502398206346283,-3.4999999999999574,0.29707112970711297,348,0.5890804597701149,-4.300000000000001,0.09296349480591083,57,1.0,True,1.853155645461136,0.526829268292683,19,12,24,8,0.14961885955841636,"{""QQQ"": ""negative_months;negative_day_streak>4;first_2_month_share<0.1;first_3_month_share<0.2"", ""SPXW"": ""negative_months;negative_day_streak>4;first_2_month_share<0.1;first_3_month_share<0.2"", ""SPY"": ""negative_months;negative_day_streak>4;first_2_month_share<0.1;first_3_month_share<0.2""}",0,3,False,-40.24544128254922
4,30,0,-1.0,10,18,740,0.43108108108108106,1.264404190309865,33.137400116531,0.044780270427744594,-8.500000000000025,0.25675675675675674,465,0.4817204301075269,-7.899999999999995,0.2263303691184431,18,0.7083333333333334,False,730,0.4,1.10437332237722,13.615457537412883,0.01865131169508614,-9.972727238048199,0.27808219178082194,480,0.45416666666666666,-9.972727238048204,0.5141215402247946,18,0.5833333333333334,False,647,0.4312210200927357,1.248903892319872,27.429787795894306,0.042395344352232314,-6.400000000000034,0.26738794435857804,484,0.4793388429752066,-5.600000000000007,0.21874029958401942,18,0.7916666666666666,False,2117,0.4204062352385451,1.2026956264932904,74.18264544983819,0.03504140077932839,-9.972727238048158,0.2673594709494568,497,0.4949698189134809,-16.336842083248534,0.19950757903353097,54,0.7083333333333334,False,1.10437332237722,0.4,18,378,0.5714285714285714,2.2222222222222223,59.400000000000006,0.15714285714285717,-2.09999999999998,0.2962962962962963,338,0.6035502958579881,-2.09999999999998,0.09259259259259259,19,1.0,True,406,0.5295566502463054,1.8735367987057259,50.05365856583809,0.12328487331487215,-2.4000000000000057,0.29064039408866993,336,0.5565476190476191,-2.000000000000007,0.12986063728888517,19,0.9411764705882353,True,398,0.5201005025125628,1.806282722513089,46.199999999999996,0.11608040201005024,-3.3999999999999995,0.31909547738693467,328,0.5853658536585366,-3.0999999999999996,0.10822510822510824,19,0.9411764705882353,True,1182,0.5397631133671743,1.9537601627808707,155.6536585658381,0.13168668237380549,-3.399999999999963,0.3020304568527919,348,0.5862068965517241,-4.3,0.07966404461193612,57,0.9411764705882353,True,1.806282722513089,0.5201005025125628,19,12,24,8,0.15663366869858264,"{""QQQ"": ""negative_months;negative_day_streak>4;first_2_month_share<0.1;first_3_month_share<0.2"", ""SPXW"": ""negative_months;negative_day_streak>4;first_2_month_share<0.1;first_3_month_share<0.2"", ""SPY"": ""negative_months;negative_day_streak>4;first_2_month_share<0.1;first_3_month_share<0.2""}",0,3,False,-40.95599219462982
5,30,0,-1.0,10,18,744,0.43010752688172044,1.2593501541963101,32.737400116531,0.044001881877057794,-8.500000000000018,0.2567204301075269,465,0.4838709677419355,-7.899999999999995,0.2290957734365967,18,0.7083333333333334,False,730,0.4,1.10437332237722,13.615457537412883,0.01865131169508614,-9.772727238048198,0.27671232876712326,479,0.4551148225469729,-9.772727238048203,0.5141215402247946,18,0.5833333333333334,False,648,0.43209876543209874,1.2534410016510118,27.929787795894303,0.043101524376380096,-6.400000000000034,0.26697530864197533,484,0.48140495867768596,-5.600000000000007,0.21482440338776954,18,0.7916666666666666,False,2122,0.4203581526861451,1.2024709591553835,74.28264544983818,0.03500595921293034,-9.772727238048166,0.26672950047125354,497,0.4969818913480885,-16.83684208324854,0.19923900004334377,54,0.7083333333333334,False,1.10437332237722,0.4,18,378,0.5714285714285714,2.2222222222222223,59.400000000000006,0.15714285714285717,-2.09999999999998,0.2962962962962963,338,0.6035502958579881,-2.09999999999998,0.09259259259259259,19,1.0,True,406,0.5295566502463054,1.8735367987057259,50.05365856583809,0.12328487331487215,-2.4000000000000057,0.29064039408866993,336,0.5565476190476191,-2.000000000000007,0.12986063728888517,19,0.9411764705882353,True,398,0.5201005025125628,1.806282722513089,46.199999999999996,0.11608040201005024,-3.3999999999999995,0.31909547738693467,328,0.5853658536585366,-3.0999999999999996,0.10822510822510824,19,0.9411764705882353,True,1182,0.5397631133671743,1.9537601627808707,155.6536585658381,0.13168668237380549,-3.399999999999963,0.3020304568527919,348,0.5862068965517241,-4.3,0.07966404461193612,57,0.9411764705882353,True,1.806282722513089,0.5201005025125628,19,12,24,8,0.15349242829443344,"{""QQQ"": ""negative_months;negative_day_streak>4;first_2_month_share<0.1;first_3_month_share<0.2"", ""SPXW"": ""negative_months;negative_day_streak>4;first_2_month_share<0.1;first_3_month_share<0.2"", ""SPY"": ""negative_months;negative_day_streak>4;first_2_month_share<0.1;first_3_month_share<0.2""}",0,3,False,-40.95599219462982
3,15,0,-1.0,5,18,747,0.428380187416332,1.2504346515393707,31.837400116531,0.04262034821490094,-8.200000000000035,0.2583668005354752,461,0.47071583514099785,-7.699999999999999,0.23557199936391035,18,0.6666666666666666,False,741,0.40215924426450744,1.1181439057987872,15.590364157706135,0.021039627743193165,-8.399999999999995,0.27530364372469635,480,0.45,-8.399999999999995,0.4810663769064584,18,0.5833333333333334,False,640,0.440625,1.2985886737076213,31.925980110576802,0.049884343922776256,-4.40000000000002,0.2703125,484,0.4834710743801653,-3.936842083248532,0.21204803344884063,18,0.8333333333333334,False,2128,0.42293233082706766,1.2168062131990773,79.35374438481395,0.03729029341391633,-8.40000000000002,0.26785714285714285,498,0.5,-16.936842083248507,0.1865066370180296,54,0.6666666666666666,False,1.1181439057987872,0.40215924426450744,18,387,0.5736434108527132,2.242424242424242,61.5,0.15891472868217055,-2.000000000000007,0.28940568475452194,339,0.6047197640117994,-2.000000000000007,0.0975609756097561,19,1.0,True,409,0.5281173594132029,1.8627574881837323,49.95365856583809,0.12213608451305157,-2.4000000000000057,0.28361858190709044,336,0.5565476190476191,-2.000000000000007,0.14012987638881577,19,0.9411764705882353,True,398,0.535175879396985,1.9189189189189193,51.0,0.12814070351758794,-3.1999999999999984,0.31909547738693467,328,0.5975609756097561,-2.8999999999999995,0.11764705882352941,19,0.9411764705882353,True,1194,0.5452261306532663,1.9972600280284722,162.45365856583808,0.1360583405074021,-3.399999999999892,0.29731993299832493,348,0.5919540229885057,-4.299999999999983,0.09233402394517884,57,1.0,True,1.8627574881837323,0.5281173594132029,19,12,24,9,0.12815813938412138,"{""QQQ"": ""negative_months;negative_day_streak>4;first_2_month_share<0.1;first_3_month_share<0.2"", ""SPXW"": ""negative_months;negative_day_streak>4;first_2_month_share<0.1;first_3_month_share<0.2"", ""SPY"": ""negative_months;negative_day_streak>4;first_2_month_share<0.1;first_3_month_share<0.2""}",0,3,False,-42.105567795574686
3,45,0,0.0,5,18,708,0.4435028248587571,1.3255363683036099,38.22510124628626,0.05399025599757946,-5.499999999999947,0.2810734463276836,476,0.5357142857142857,-5.20000000000001,0.17004533115871093,18,0.7083333333333334,False,719,0.40611961057023643,1.1299766699329512,16.545085325040912,0.023011245236496402,-10.531081083258016,0.28789986091794156,487,0.5071868583162218,-9.931081083258016,0.3022045460492442,18,0.625,False,650,0.43846153846153846,1.2847585146602605,31.181057355298485,0.04797085746968998,-4.61304347450508,0.2723076923076923,486,0.5164609053497943,-4.513043474505077,0.1603537668086925,18,0.7916666666666666,False,2077,0.4289841116995667,1.2426529978274923,85.95124392662566,0.041382399579502,-10.531081083257856,0.280693307655272,499,0.5090180360721442,-13.280419652706527,0.14543128672658798,54,0.6666666666666666,False,1.1299766699329512,0.40611961057023643,18,393,0.5572519083969466,2.1052266450503967,57.48659790030413,0.146276330535125,-2.5999999999999375,0.3053435114503817,342,0.6081871345029239,-2.299999999999983,0.08697679428988347,19,0.9411764705882353,True,398,0.5175879396984925,1.7943293346476121,45.532153210168524,0.11440239500042343,-2.4999999999999716,0.30402010050251255,337,0.5548961424332344,-2.499999999999986,0.142756262151652,18,0.9411764705882353,True,395,0.5189873417721519,1.8007848398733945,45.58037377346738,0.11539335132523387,-3.1999999999999975,0.31645569620253167,329,0.5866261398176292,-3.099999999999997,0.10969633607766796,19,0.9411764705882353,True,1186,0.5311973018549747,1.8938049483105295,148.59912488394002,0.12529437174025296,-3.200000000000273,0.3086003372681282,348,0.5718390804597702,-6.700000000000003,0.08546483709052154,57,0.9411764705882353,True,1.7943293346476121,0.5175879396984925,18,12,24,9,0.15997942752600433,"{""QQQ"": ""negative_months;negative_day_streak>4;first_2_month_share<0.1;first_3_month_share<0.2"", ""SPXW"": ""negative_months;negative_day_streak>4;first_2_month_share<0.1;first_3_month_share<0.2"", ""SPY"": ""negative_months;negative_day_streak>4;first_2_month_share<0.1;first_3_month_share<0.2""}",0,3,False,-43.58765951695126
3,15,0,0.0,10,18,810,0.42345679012345677,1.2257343242387244,31.33470216605467,0.03868481748895638,-9.200000000000001,0.2716049382716049,469,0.4605543710021322,-8.7,0.23935124579307018,18,0.75,False,788,0.40609137055837563,1.1349937306239681,18.799919703566317,0.023857766121277053,-9.688265071894754,0.2614213197969543,482,0.4460580912863071,-9.288265071894761,0.3989378741110932,18,0.6666666666666666,False,752,0.4321808510638298,1.2613036511260942,33.1942591172738,0.04414130201765133,-6.400000000000034,0.26861702127659576,486,0.4711934156378601,-5.600000000000007,0.2259426840497582,18,0.7916666666666666,False,2350,0.4204255319148936,1.2056940925822945,83.32888098689477,0.03545909829229565,-9.688265071894879,0.2672340425531915,498,0.5020080321285141,-17.236842083248504,0.21121128462973082,54,0.75,False,1.1349937306239681,0.40609137055837563,18,424,0.5518867924528302,2.05937324074853,60.186597900304136,0.1419495233497739,-3.0999999999999996,0.2806603773584906,338,0.5946745562130178,-2.8999999999999915,0.12461245961141294,19,0.9411764705882353,True,452,0.5022123893805309,1.686270754665236,46.132153210168525,0.1020622858632047,-4.299999999999999,0.25663716814159293,336,0.5446428571428571,-4.299999999999999,0.15940419109284468,19,0.8823529411764706,True,456,0.4956140350877193,1.6373072390000072,43.86010140418561,0.09618443290391582,-4.400000000000006,0.30043859649122806,328,0.5670731707317073,-4.299999999999994,0.13679858933083575,19,0.8823529411764706,True,1332,0.5157657657657657,1.7787102767290819,150.17885251465827,0.11274688627226598,-4.400000000000318,0.27927927927927926,348,0.5890804597701149,-9.299999999999999,0.10720550683678017,57,0.8823529411764706,True,1.6373072390000072,0.4956140350877193,19,12,24,9,0.14304587325026027,"{""QQQ"": ""negative_months;negative_day_streak>4;first_2_month_share<0.1;first_3_month_share<0.2"", ""SPXW"": ""negative_months;negative_day_streak>4;first_2_month_share<0.1;first_3_month_share<0.2"", ""SPY"": ""negative_months;negative_day_streak>4;first_2_month_share<0.1;first_3_month_share<0.2""}",0,3,False,-44.312313498564144
5,15,0,-1.0,1,18,771,0.4280155642023346,1.248517128726921,32.637400116531,0.042331258257498054,-7.900000000000038,0.2607003891050584,461,0.48590021691973967,-6.999999999999993,0.22979771590939974,18,0.6666666666666666,False,783,0.3946360153256705,1.083465223723941,11.790364157706136,0.015057936344452282,-10.572727238048202,0.28735632183908044,480,0.4479166666666667,-10.572727238048206,0.6785201791050051,18,0.5833333333333334,False,662,0.4380664652567976,1.2875746231325678,31.95613881220219,0.048272113009368865,-4.499999999999986,0.2673716012084592,484,0.4855371900826446,-4.136842083248496,0.20966237627687548,18,0.8333333333333334,False,2216,0.41922382671480146,1.1990655492319615,76.38390308643932,0.03446927034586612,-10.57272723804822,0.2721119133574007,498,0.5040160642570282,-17.136842083248524,0.19899480631146885,54,0.6666666666666666,False,1.083465223723941,0.3946360153256705,18,388,0.5721649484536082,2.2289156626506026,61.199999999999996,0.1577319587628866,-2.000000000000007,0.28865979381443296,339,0.6047197640117994,-2.000000000000007,0.09803921568627452,19,1.0,True,410,0.526829268292683,1.853155645461136,49.65365856583809,0.12110648430692218,-2.4000000000000057,0.28292682926829266,336,0.5565476190476191,-2.000000000000007,0.14097652020381085,19,0.9411764705882353,True,405,0.5308641975308642,1.885964912280702,50.5,0.12469135802469136,-3.4999999999999982,0.3135802469135803,327,0.5932721712538226,-3.1999999999999993,0.13663366336633664,19,0.9411764705882353,True,1203,0.542809642560266,1.9779009610050793,161.3536585658381,0.13412606697077148,-3.999999999999943,0.2950955943474647,348,0.5890804597701149,-5.1,0.09420300806998964,57,1.0,True,1.853155645461136,0.526829268292683,19,12,25,8,0.17207088288503172,"{""QQQ"": ""negative_months;negative_day_streak>4;first_2_month_share<0.1;first_3_month_share<0.2"", ""SPXW"": ""negative_months;negative_day_streak>4;first_2_month_share<0.1;first_3_month_share<0.2"", ""SPY"": ""negative_months;negative_day_streak>4;first_2_month_share<0.1;first_3_month_share<0.2""}",0,3,False,-41.74544128254922
5,15,0,-1.0,10,18,751,0.43142476697736354,1.266166755958873,33.837400116531,0.04505645821109321,-8.600000000000009,0.2583222370173103,465,0.4860215053763441,-7.699999999999996,0.22164823462119163,18,0.7083333333333334,False,743,0.3997308209959623,1.1057082689851874,14.058431416585826,0.018921172835243374,-9.372727238048192,0.2772543741588156,477,0.4570230607966457,-9.372727238048203,0.5690535283020108,18,0.5833333333333334,False,671,0.4307004470938897,1.2521364948887281,28.72111889439666,0.04280345587838549,-6.400000000000034,0.26229508196721313,484,0.48140495867768596,-5.600000000000007,0.2332778198730668,18,0.7916666666666666,False,2165,0.42032332563510394,1.2048404655530185,76.6169504275135,0.03538889165243118,-9.372727238048068,0.2660508083140878,497,0.49295774647887325,-17.43684208324852,0.2075258792118439,54,0.7083333333333334,False,1.1057082689851874,0.3997308209959623,18,377,0.5729442970822282,2.236024844720497,59.7,0.1583554376657825,-2.000000000000007,0.29708222811671087,338,0.6094674556213018,-2.000000000000007,0.08375209380234505,19,1.0,True,408,0.5245098039215687,1.8359735148769434,48.653658565838086,0.11924916315156393,-2.4000000000000057,0.28431372549019607,336,0.5565476190476191,-2.000000000000007,0.13359735303778247,19,0.8823529411764706,True,393,0.5318066157760815,1.8931159420289858,49.3,0.12544529262086512,-3.3999999999999986,0.3155216284987277,327,0.5963302752293578,-3.099999999999999,0.1054766734279919,19,0.9411764705882353,True,1178,0.5424448217317487,1.9749762434498337,157.65365856583807,0.13383162866369955,-3.699999999999889,0.298811544991511,348,0.5890804597701149,-4.3,0.07357900923787127,57,0.9411764705882353,True,1.8359735148769434,0.5245098039215687,19,12,25,8,0.1494564643065646,"{""QQQ"": ""negative_months;negative_day_streak>4;first_2_month_share<0.1;first_3_month_share<0.2"", ""SPXW"": ""negative_months;negative_day_streak>4;first_2_month_share<0.1;first_3_month_share<0.2"", ""SPY"": ""negative_months;negative_day_streak>4;first_2_month_share<0.1;first_3_month_share<0.2""}",0,3,False,-42.13431032858354
5,15,0,0.0,10,18,852,0.4213615023474178,1.2150890532645455,31.53470216605467,0.037012561227763696,-8.899999999999997,0.2805164319248826,469,0.47547974413646055,-8.3,0.2505176664869188,18,0.75,False,842,0.4002375296912114,1.1084571360959965,16.26333386398796,0.01931512335390494,-10.856783652593425,0.2838479809976247,482,0.45435684647302904,-10.456783652593437,0.5226480665702635,18,0.625,False,775,0.4309677419354839,1.2569806878830956,33.72441781889919,0.043515377830837663,-6.400000000000034,0.27741935483870966,486,0.4897119341563786,-5.600000000000019,0.2372168451642416,18,0.7916666666666666,False,2469,0.41717294451194814,1.1905632728836406,81.52245384894181,0.03301840982136161,-10.856783652593556,0.28068043742405835,498,0.5080321285140562,-17.836842083248527,0.23183796742699897,54,0.7083333333333334,False,1.1084571360959965,0.4002375296912114,18,430,0.5534883720930233,2.072686788240866,61.586597900304135,0.14322464627977705,-3.19999999999996,0.2837209302325581,338,0.5976331360946746,-3.1999999999999957,0.1298983914154559,19,0.9411764705882353,True,461,0.5010845986984815,1.6785671089249705,46.632153210168525,0.10115434535828313,-4.299999999999999,0.25813449023861174,336,0.5446428571428571,-4.299999999999999,0.16512212003800314,19,0.8823529411764706,True,458,0.4978165938864629,1.651837694210929,44.860101404185606,0.0979478196597939,-4.999999999999975,0.29475982532751094,328,0.573170731707317,-4.899999999999981,0.14712405441384485,19,0.8823529411764706,True,1349,0.5166790214974055,1.7851974288235375,153.07885251465825,0.11347579875067328,-5.000000000000341,0.2787249814677539,348,0.5862068965517241,-10.0,0.10844084422706558,57,0.8823529411764706,True,1.651837694210929,0.4978165938864629,19,12,25,8,0.16625650168293382,"{""QQQ"": ""negative_months;negative_day_streak>4;first_2_month_share<0.1;first_3_month_share<0.2"", ""SPXW"": ""negative_months;negative_day_streak>4;first_2_month_share<0.1;first_3_month_share<0.2"", ""SPY"": ""negative_months;negative_day_streak>4;first_2_month_share<0.1;first_3_month_share<0.2""}",0,3,False,-43.50105354611331
3,15,0,-1.0,1,18,746,0.43029490616621985,1.2603159040655416,32.937400116531,0.044152010880068364,-7.400000000000034,0.257372654155496,461,0.47071583514099785,-6.900000000000002,0.22770467533762065,18,0.6666666666666666,False,759,0.39920948616600793,1.104447819422645,14.190364157706135,0.018696131960087136,-9.799999999999992,0.27931488801054016,481,0.4407484407484408,-9.799999999999997,0.528527662620067,18,0.5416666666666666,False,645,0.44031007751937984,1.2970237952161212,32.0259801105768,0.04965268234197954,-4.40000000000002,0.27286821705426356,484,0.4793388429752066,-3.936842083248532,0.22699824558917073,18,0.8333333333333334,False,2150,0.4223255813953488,1.2138063505659205,79.15374438481395,0.036815695062704164,-9.799999999999986,0.26976744186046514,498,0.5020080321285141,-16.13684208324851,0.19076798093833466,54,0.6666666666666666,False,1.104447819422645,0.39920948616600793,18,387,0.5736434108527132,2.242424242424242,61.5,0.15891472868217055,-2.000000000000007,0.28940568475452194,339,0.6047197640117994,-2.000000000000007,0.0975609756097561,19,1.0,True,409,0.5281173594132029,1.8627574881837323,49.95365856583809,0.12213608451305157,-2.4000000000000057,0.28361858190709044,336,0.5565476190476191,-2.000000000000007,0.14012987638881577,19,0.9411764705882353,True,401,0.5336658354114713,1.9073083778966133,50.900000000000006,0.12693266832917707,-3.1999999999999984,0.3167082294264339,328,0.5975609756097561,-2.8999999999999995,0.11787819253438113,19,0.9411764705882353,True,1197,0.5446950710108605,1.9929887374057376,162.3536585658381,0.13563379997146038,-3.4999999999998863,0.29657477025898077,348,0.5919540229885057,-4.5,0.09239089609993088,57,1.0,True,1.8627574881837323,0.5281173594132029,19,12,25,9,0.1527811880810351,"{""QQQ"": ""negative_months;negative_day_streak>4;first_2_month_share<0.1;first_3_month_share<0.2"", ""SPXW"": ""negative_months;negative_day_streak>4;first_2_month_share<0.1;first_3_month_share<0.2"", ""SPY"": ""negative_months;negative_day_streak>4;first_2_month_share<0.1;first_3_month_share<0.2""}",0,3,False,-43.61356779557468
4,15,0,-1.0,5,18,764,0.42408376963350786,1.2284799354465412,29.937400116531002,0.039185078686558905,-8.400000000000038,0.2617801047120419,461,0.4750542299349241,-8.199999999999989,0.25052275651213307,18,0.6666666666666666,False,760,0.3973684210526316,1.0959276531648612,13.090364157706137,0.017224163365402813,-9.199999999999992,0.2802631578947368,479,0.4551148225469729,-9.099999999999996,0.6111365507956857,18,0.5833333333333334,False,648,0.4382716049382716,1.2884040625498465,31.35613881220219,0.04838910310525029,-4.40000000000002,0.26697530864197533,484,0.4896694214876033,-4.036842083248512,0.19772842686827502,18,0.8333333333333334,False,2172,0.4189686924493554,1.1977178836767697,74.38390308643933,0.034246732544401165,-9.200000000000045,0.26979742173112337,498,0.4959839357429719,-18.036842083248537,0.19896777912825248,54,0.6666666666666666,False,1.0959276531648612,0.3973684210526316,18,388,0.5721649484536082,2.2289156626506026,61.199999999999996,0.1577319587628866,-2.000000000000007,0.28865979381443296,339,0.6047197640117994,-2.000000000000007,0.09803921568627452,19,1.0,True,410,0.526829268292683,1.853155645461136,49.65365856583809,0.12110648430692218,-2.4000000000000057,0.28292682926829266,336,0.5565476190476191,-2.000000000000007,0.14097652020381085,19,0.9411764705882353,True,397,0.5340050377833753,1.9099099099099104,50.5,0.12720403022670027,-3.4999999999999982,0.3198992443324937,327,0.5963302752293578,-3.1999999999999993,0.12277227722772277,19,0.9411764705882353,True,1195,0.5439330543933054,1.9868725294546672,161.3536585658381,0.13502398206346283,-3.4999999999999574,0.29707112970711297,348,0.5890804597701149,-4.300000000000001,0.09296349480591083,57,1.0,True,1.853155645461136,0.526829268292683,19,12,25,9,0.14503373556546437,"{""QQQ"": ""negative_months;negative_day_streak>4;first_2_month_share<0.1;first_3_month_share<0.2"", ""SPXW"": ""negative_months;negative_day_streak>4;first_2_month_share<0.1;first_3_month_share<0.2"", ""SPY"": ""negative_months;negative_day_streak>4;first_2_month_share<0.1;first_3_month_share<0.2""}",0,3,False,-43.74544128254922
3,15,0,-2.0,5,18,704,0.4346590909090909,1.2831867259686769,33.537400116531,0.04763835243825427,-8.1,0.2571022727272727,472,0.4830508474576271,-7.899999999999999,0.2236309306606971,18,0.7083333333333334,False,595,0.4369747899159664,1.2884163685070775,28.776613238708446,0.04836405586337554,-5.6,0.23529411764705882,469,0.48187633262260127,-5.599999999999999,0.2258778663799331,18,0.625,False,611,0.4369885433715221,1.2812685866179976,28.948336926875,0.047378620174918167,-4.90000000000002,0.2635024549918167,484,0.4896694214876033,-4.600000000000007,0.18999364329264526,18,0.75,False,1910,0.4361256544502618,1.2841968323462347,91.26235028211445,0.04778133522623793,-8.1,0.2523560209424084,497,0.5010060362173038,-10.300000000000011,0.1490209265700373,54,0.7083333333333334,False,1.2812685866179976,0.4346590909090909,18,377,0.5729442970822282,2.236024844720497,59.7,0.1583554376657825,-2.000000000000007,0.29708222811671087,338,0.6094674556213018,-2.000000000000007,0.08375209380234505,19,1.0,True,407,0.5257985257985258,1.8454863310162022,48.95365856583809,0.12027925937552356,-2.4000000000000057,0.28501228501228504,336,0.5565476190476191,-2.000000000000007,0.13277863576341506,19,0.8823529411764706,True,379,0.5356200527704486,1.9223484848484853,48.7,0.12849604221635885,-2.5,0.3034300791556728,326,0.598159509202454,-2.5000000000000004,0.1026694045174538,19,0.9411764705882353,True,1163,0.5442820292347378,1.9896456513574725,157.3536585658381,0.13529979240398804,-3.599999999999895,0.29492691315563196,348,0.5890804597701149,-4.299999999999983,0.0737192900738718,57,0.9411764705882353,True,1.8454863310162022,0.5257985257985258,19,12,25,9,0.08472994731863324,"{""QQQ"": ""negative_months;negative_day_streak>4;first_2_month_share<0.1;first_3_month_share<0.2"", ""SPXW"": ""negative_months;negative_day_streak>4;first_2_month_share<0.1;first_3_month_share<0.2"", ""SPY"": ""negative_months;negative_day_streak>4;first_2_month_share<0.1;first_3_month_share<0.2""}",0,3,False,-44.10688008225636
3,15,0,-2.0,10,18,702,0.43304843304843305,1.2747428178247928,32.537400116531,0.04634957281557123,-8.500000000000025,0.254985754985755,472,0.4809322033898305,-8.0,0.23050397306297185,18,0.7083333333333334,False,595,0.4369747899159664,1.2884163685070775,28.776613238708446,0.04836405586337554,-5.6,0.23529411764705882,469,0.48187633262260127,-5.599999999999999,0.2258778663799331,18,0.625,False,611,0.4369885433715221,1.2812685866179976,28.948336926875,0.047378620174918167,-4.90000000000002,0.2635024549918167,484,0.4896694214876033,-4.600000000000007,0.18999364329264526,18,0.75,False,1908,0.43553459119496857,1.28108276798708,90.26235028211445,0.047307311468613444,-8.500000000000025,0.25157232704402516,497,0.49899396378269617,-11.300000000000011,0.15067190204435493,54,0.7083333333333334,False,1.2747428178247928,0.43304843304843305,18,377,0.5729442970822282,2.236024844720497,59.7,0.1583554376657825,-2.000000000000007,0.29708222811671087,338,0.6094674556213018,-2.000000000000007,0.08375209380234505,19,1.0,True,407,0.5257985257985258,1.8454863310162022,48.95365856583809,0.12027925937552356,-2.4000000000000057,0.28501228501228504,336,0.5565476190476191,-2.000000000000007,0.13277863576341506,19,0.8823529411764706,True,379,0.5356200527704486,1.9223484848484853,48.7,0.12849604221635885,-2.5,0.3034300791556728,326,0.598159509202454,-2.5000000000000004,0.1026694045174538,19,0.9411764705882353,True,1163,0.5442820292347378,1.9896456513574725,157.3536585658381,0.13529979240398804,-3.599999999999895,0.29492691315563196,348,0.5890804597701149,-4.299999999999983,0.0737192900738718,57,0.9411764705882353,True,1.8454863310162022,0.5257985257985258,19,12,25,9,0.08673271351851798,"{""QQQ"": ""negative_months;negative_day_streak>4;first_2_month_share<0.1;first_3_month_share<0.2"", ""SPXW"": ""negative_months;negative_day_streak>4;first_2_month_share<0.1;first_3_month_share<0.2"", ""SPY"": ""negative_months;negative_day_streak>4;first_2_month_share<0.1;first_3_month_share<0.2""}",0,3,False,-44.10688008225636
3,15,0,-2.0,1,18,704,0.4346590909090909,1.2831867259686769,33.537400116531,0.04763835243825427,-8.1,0.2571022727272727,472,0.4830508474576271,-7.899999999999999,0.2236309306606971,18,0.7083333333333334,False,595,0.4369747899159664,1.2884163685070775,28.776613238708446,0.04836405586337554,-5.6,0.23529411764705882,469,0.48187633262260127,-5.599999999999999,0.2258778663799331,18,0.625,False,611,0.4369885433715221,1.2812685866179976,28.948336926875,0.047378620174918167,-4.90000000000002,0.2635024549918167,484,0.4896694214876033,-4.600000000000007,0.18999364329264526,18,0.75,False,1910,0.4361256544502618,1.2841968323462347,91.26235028211445,0.04778133522623793,-8.1,0.2523560209424084,497,0.5010060362173038,-10.300000000000011,0.1490209265700373,54,0.7083333333333334,False,1.2812685866179976,0.4346590909090909,18,377,0.5729442970822282,2.236024844720497,59.7,0.1583554376657825,-2.000000000000007,0.29708222811671087,338,0.6094674556213018,-2.000000000000007,0.08375209380234505,19,1.0,True,407,0.5257985257985258,1.8454863310162022,48.95365856583809,0.12027925937552356,-2.4000000000000057,0.28501228501228504,336,0.5565476190476191,-2.000000000000007,0.13277863576341506,19,0.8823529411764706,True,379,0.5356200527704486,1.9223484848484853,48.7,0.12849604221635885,-2.5,0.3034300791556728,326,0.598159509202454,-2.5000000000000004,0.1026694045174538,19,0.9411764705882353,True,1163,0.5442820292347378,1.9896456513574725,157.3536585658381,0.13529979240398804,-3.599999999999895,0.29492691315563196,348,0.5890804597701149,-4.299999999999983,0.0737192900738718,57,0.9411764705882353,True,1.8454863310162022,0.5257985257985258,19,12,25,9,0.08472994731863324,"{""QQQ"": ""negative_months;negative_day_streak>4;first_2_month_share<0.1;first_3_month_share<0.2"", ""SPXW"": ""negative_months;negative_day_streak>4;first_2_month_share<0.1;first_3_month_share<0.2"", ""SPY"": ""negative_months;negative_day_streak>4;first_2_month_share<0.1;first_3_month_share<0.2""}",0,3,False,-44.10688008225636
3,15,0,0.0,1,18,837,0.4444444444444444,1.3443095158218594,47.37275459883057,0.0565982731168824,-7.225473555065328,0.2998805256869773,462,0.45454545454545453,-6.825473555065283,0.15831884937898763,18,0.8333333333333334,False,923,0.40628385698808234,1.136254636087092,22.175004834722138,0.024024923981280755,-9.515537833846558,0.3066088840736728,478,0.4309623430962343,-9.015537833846563,0.33821864102849375,18,0.5833333333333334,False,763,0.44954128440366975,1.350413219506407,43.84334507650281,0.05746178909109149,-4.523510683601983,0.27522935779816515,480,0.475,-4.523510683601982,0.17106358985413078,18,0.7916666666666666,False,2523,0.43202536662703134,1.2665182249033922,113.39110451005551,0.044942966512110785,-9.515537833846174,0.29488703923900117,497,0.5311871227364185,-15.036842083248487,0.17197116197303416,54,0.875,False,1.136254636087092,0.40628385698808234,18,510,0.5333333333333333,1.9097528834474946,64.78659790030413,0.1270325449025571,-3.099999999999997,0.2803921568627451,341,0.5689149560117303,-2.7999999999999994,0.11576468348502048,21,0.9411764705882353,True,550,0.48545454545454547,1.575883789887029,48.73215321016852,0.08860391492757913,-4.299999999999926,0.22545454545454546,334,0.5119760479041916,-4.0,0.15390249570246856,20,0.8823529411764706,True,536,0.48134328358208955,1.5404654654472973,45.07481981830462,0.0840948130938519,-3.899999999999997,0.30223880597014924,326,0.5214723926380368,-3.5999999999999996,0.1663900162048855,20,0.8235294117647058,True,1596,0.4993734335839599,1.6629198582082614,158.59357092877727,0.0993694053438454,-4.299999999999926,0.26879699248120303,348,0.5660919540229885,-8.299999999999999,0.13682774070170375,65,0.8823529411764706,True,1.5404654654472973,0.48134328358208955,20,12,25,11,0.12714566600086993,"{""QQQ"": ""negative_months;negative_day_streak>4;first_2_month_share<0.1;first_3_month_share<0.2"", ""SPXW"": ""negative_months;negative_day_streak>4;first_2_month_share<0.1;first_3_month_share<0.2"", ""SPY"": ""negative_months;negative_day_streak>4;first_2_month_share<0.1;first_3_month_share<0.2""}",0,3,False,-49.66615714771506
5,15,0,-2.0,1,18,723,0.4343015214384509,1.2812601758736826,34.237400116531006,0.04735463363282297,-7.40000000000002,0.26141078838174275,472,0.4936440677966102,-7.0,0.2190586894586876,18,0.7083333333333334,False,600,0.43333333333333335,1.269333345554742,27.276613238708443,0.04546102206451407,-5.6727272380482034,0.235,469,0.48187633262260127,-5.6727272380482034,0.21996865767357643,18,0.625,False,616,0.43506493506493504,1.2713039675260902,28.248336926874998,0.04585768981635552,-4.90000000000002,0.26461038961038963,484,0.49173553719008267,-4.600000000000007,0.1840816333174222,18,0.7083333333333334,False,1939,0.43424445590510574,1.274398763352588,89.76235028211445,0.046293115153230764,-7.40000000000002,0.25425477050025785,497,0.49899396378269617,-9.90000000000002,0.14594092020572053,54,0.7083333333333334,False,1.269333345554742,0.43333333333333335,18,377,0.5729442970822282,2.236024844720497,59.7,0.1583554376657825,-2.000000000000007,0.29708222811671087,338,0.6094674556213018,-2.000000000000007,0.08375209380234505,19,1.0,True,408,0.5245098039215687,1.8359735148769434,48.653658565838086,0.11924916315156393,-2.4000000000000057,0.28431372549019607,336,0.5565476190476191,-2.000000000000007,0.13359735303778247,19,0.8823529411764706,True,379,0.5356200527704486,1.9223484848484853,48.7,0.12849604221635885,-2.5,0.3034300791556728,326,0.598159509202454,-2.5000000000000004,0.1026694045174538,19,0.9411764705882353,True,1164,0.5438144329896907,1.9858986727296806,157.05365856583808,0.13492582351017016,-3.599999999999895,0.29467353951890035,348,0.5890804597701149,-4.299999999999983,0.07386010683181375,57,0.9411764705882353,True,1.8359735148769434,0.5245098039215687,19,12,26,8,0.07470969223777409,"{""QQQ"": ""negative_months;negative_day_streak>4;first_2_month_share<0.1;first_3_month_share<0.2"", ""SPXW"": ""negative_months;negative_day_streak>4;first_2_month_share<0.1;first_3_month_share<0.2"", ""SPY"": ""negative_months;negative_day_streak>4;first_2_month_share<0.1;first_3_month_share<0.2""}",0,3,False,-43.68231032858353
5,15,0,-2.0,5,18,723,0.4343015214384509,1.2812601758736826,34.237400116531006,0.04735463363282297,-7.40000000000002,0.26141078838174275,472,0.4936440677966102,-7.0,0.2190586894586876,18,0.7083333333333334,False,600,0.43333333333333335,1.269333345554742,27.276613238708443,0.04546102206451407,-5.6727272380482034,0.235,469,0.48187633262260127,-5.6727272380482034,0.21996865767357643,18,0.625,False,616,0.43506493506493504,1.2713039675260902,28.248336926874998,0.04585768981635552,-4.90000000000002,0.26461038961038963,484,0.49173553719008267,-4.600000000000007,0.1840816333174222,18,0.7083333333333334,False,1939,0.43424445590510574,1.274398763352588,89.76235028211445,0.046293115153230764,-7.40000000000002,0.25425477050025785,497,0.49899396378269617,-9.90000000000002,0.14594092020572053,54,0.7083333333333334,False,1.269333345554742,0.43333333333333335,18,377,0.5729442970822282,2.236024844720497,59.7,0.1583554376657825,-2.000000000000007,0.29708222811671087,338,0.6094674556213018,-2.000000000000007,0.08375209380234505,19,1.0,True,408,0.5245098039215687,1.8359735148769434,48.653658565838086,0.11924916315156393,-2.4000000000000057,0.28431372549019607,336,0.5565476190476191,-2.000000000000007,0.13359735303778247,19,0.8823529411764706,True,379,0.5356200527704486,1.9223484848484853,48.7,0.12849604221635885,-2.5,0.3034300791556728,326,0.598159509202454,-2.5000000000000004,0.1026694045174538,19,0.9411764705882353,True,1164,0.5438144329896907,1.9858986727296806,157.05365856583808,0.13492582351017016,-3.599999999999895,0.29467353951890035,348,0.5890804597701149,-4.299999999999983,0.07386010683181375,57,0.9411764705882353,True,1.8359735148769434,0.5245098039215687,19,12,26,8,0.07470969223777409,"{""QQQ"": ""negative_months;negative_day_streak>4;first_2_month_share<0.1;first_3_month_share<0.2"", ""SPXW"": ""negative_months;negative_day_streak>4;first_2_month_share<0.1;first_3_month_share<0.2"", ""SPY"": ""negative_months;negative_day_streak>4;first_2_month_share<0.1;first_3_month_share<0.2""}",0,3,False,-43.68231032858353
5,15,0,-2.0,10,18,719,0.4325452016689847,1.2720727012044484,33.037400116531,0.04594909612869402,-8.60000000000002,0.26008344923504867,472,0.4894067796610169,-7.699999999999996,0.22701544230313714,18,0.7083333333333334,False,600,0.43333333333333335,1.269333345554742,27.276613238708443,0.04546102206451407,-5.6727272380482034,0.235,469,0.48187633262260127,-5.6727272380482034,0.21996865767357643,18,0.625,False,616,0.43506493506493504,1.2713039675260902,28.248336926874998,0.04585768981635552,-4.90000000000002,0.26461038961038963,484,0.49173553719008267,-4.600000000000007,0.1840816333174222,18,0.7083333333333334,False,1935,0.43359173126614986,1.2709789372286364,88.56235028211444,0.045768656476544926,-8.60000000000002,0.2537467700258398,497,0.4969818913480885,-11.100000000000023,0.14791838696997187,54,0.7083333333333334,False,1.269333345554742,0.4325452016689847,18,377,0.5729442970822282,2.236024844720497,59.7,0.1583554376657825,-2.000000000000007,0.29708222811671087,338,0.6094674556213018,-2.000000000000007,0.08375209380234505,19,1.0,True,408,0.5245098039215687,1.8359735148769434,48.653658565838086,0.11924916315156393,-2.4000000000000057,0.28431372549019607,336,0.5565476190476191,-2.000000000000007,0.13359735303778247,19,0.8823529411764706,True,379,0.5356200527704486,1.9223484848484853,48.7,0.12849604221635885,-2.5,0.3034300791556728,326,0.598159509202454,-2.5000000000000004,0.1026694045174538,19,0.9411764705882353,True,1164,0.5438144329896907,1.9858986727296806,157.05365856583808,0.13492582351017016,-3.599999999999895,0.29467353951890035,348,0.5890804597701149,-4.299999999999983,0.07386010683181375,57,0.9411764705882353,True,1.8359735148769434,0.5245098039215687,19,12,26,8,0.08303014738740157,"{""QQQ"": ""negative_months;negative_day_streak>4;first_2_month_share<0.1;first_3_month_share<0.2"", ""SPXW"": ""negative_months;negative_day_streak>4;first_2_month_share<0.1;first_3_month_share<0.2"", ""SPY"": ""negative_months;negative_day_streak>4;first_2_month_share<0.1;first_3_month_share<0.2""}",0,3,False,-43.68231032858353
4,30,0,-2.0,1,18,712,0.43258426966292135,1.2722930085787796,32.737400116531006,0.045979494545689614,-8.199999999999994,0.25702247191011235,472,0.4894067796610169,-7.9999999999999964,0.22909577343659665,18,0.7083333333333334,False,585,0.4307692307692308,1.255878280914202,25.376613238708444,0.04337882604907426,-5.499999999999998,0.22905982905982905,471,0.47770700636942676,-5.4999999999999964,0.2167349893487964,18,0.5833333333333334,False,608,0.43585526315789475,1.2718071479567794,27.96895552475258,0.046001571586764115,-4.90000000000002,0.26644736842105265,484,0.48760330578512395,-4.600000000000007,0.1787696360550536,18,0.7083333333333334,False,1905,0.4330708661417323,1.267086983078725,86.08296887999202,0.04518791017322416,-8.199999999999994,0.25144356955380576,497,0.5030181086519114,-10.800000000000011,0.14520874642957782,54,0.7083333333333334,False,1.255878280914202,0.4307692307692308,18,374,0.56951871657754,2.204968944099379,58.2,0.15561497326203208,-2.09999999999998,0.2967914438502674,338,0.6035502958579881,-2.09999999999998,0.0859106529209622,19,1.0,True,406,0.5295566502463054,1.8735367987057259,50.05365856583809,0.12328487331487215,-2.4000000000000057,0.29064039408866993,336,0.5565476190476191,-2.000000000000007,0.12986063728888517,19,0.9411764705882353,True,378,0.5264550264550265,1.852886405959032,45.8,0.12116402116402115,-2.5,0.30423280423280424,326,0.5858895705521472,-2.5000000000000004,0.1091703056768559,19,0.9411764705882353,True,1158,0.5414507772020726,1.967066281015933,154.05365856583808,0.13303424746618142,-2.9999999999999147,0.2970639032815199,348,0.5833333333333334,-4.299999999999983,0.07529843892050442,57,0.9411764705882353,True,1.852886405959032,0.5264550264550265,19,12,26,8,0.08797260521796824,"{""QQQ"": ""negative_months;negative_day_streak>4;first_2_month_share<0.1;first_3_month_share<0.2"", ""SPXW"": ""negative_months;negative_day_streak>4;first_2_month_share<0.1;first_3_month_share<0.2"", ""SPY"": ""negative_months;negative_day_streak>4;first_2_month_share<0.1;first_3_month_share<0.2""}",0,3,False,-43.83191020557271
4,30,0,-2.0,5,18,712,0.43258426966292135,1.2722930085787796,32.737400116531006,0.045979494545689614,-8.199999999999994,0.25702247191011235,472,0.4894067796610169,-7.9999999999999964,0.22909577343659665,18,0.7083333333333334,False,585,0.4307692307692308,1.255878280914202,25.376613238708444,0.04337882604907426,-5.499999999999998,0.22905982905982905,471,0.47770700636942676,-5.4999999999999964,0.2167349893487964,18,0.5833333333333334,False,608,0.43585526315789475,1.2718071479567794,27.96895552475258,0.046001571586764115,-4.90000000000002,0.26644736842105265,484,0.48760330578512395,-4.600000000000007,0.1787696360550536,18,0.7083333333333334,False,1905,0.4330708661417323,1.267086983078725,86.08296887999202,0.04518791017322416,-8.199999999999994,0.25144356955380576,497,0.5030181086519114,-10.800000000000011,0.14520874642957782,54,0.7083333333333334,False,1.255878280914202,0.4307692307692308,18,374,0.56951871657754,2.204968944099379,58.2,0.15561497326203208,-2.09999999999998,0.2967914438502674,338,0.6035502958579881,-2.09999999999998,0.0859106529209622,19,1.0,True,406,0.5295566502463054,1.8735367987057259,50.05365856583809,0.12328487331487215,-2.4000000000000057,0.29064039408866993,336,0.5565476190476191,-2.000000000000007,0.12986063728888517,19,0.9411764705882353,True,378,0.5264550264550265,1.852886405959032,45.8,0.12116402116402115,-2.5,0.30423280423280424,326,0.5858895705521472,-2.5000000000000004,0.1091703056768559,19,0.9411764705882353,True,1158,0.5414507772020726,1.967066281015933,154.05365856583808,0.13303424746618142,-2.9999999999999147,0.2970639032815199,348,0.5833333333333334,-4.299999999999983,0.07529843892050442,57,0.9411764705882353,True,1.852886405959032,0.5264550264550265,19,12,26,8,0.08797260521796824,"{""QQQ"": ""negative_months;negative_day_streak>4;first_2_month_share<0.1;first_3_month_share<0.2"", ""SPXW"": ""negative_months;negative_day_streak>4;first_2_month_share<0.1;first_3_month_share<0.2"", ""SPY"": ""negative_months;negative_day_streak>4;first_2_month_share<0.1;first_3_month_share<0.2""}",0,3,False,-43.83191020557271
4,30,0,-2.0,10,18,710,0.4309859154929577,1.2639755182585486,31.737400116531006,0.04470056354440987,-8.500000000000032,0.2577464788732394,472,0.4851694915254237,-7.9999999999999964,0.23631425297793968,18,0.7083333333333334,False,585,0.4307692307692308,1.255878280914202,25.376613238708444,0.04337882604907426,-5.499999999999998,0.22905982905982905,471,0.47770700636942676,-5.4999999999999964,0.2167349893487964,18,0.5833333333333334,False,608,0.43585526315789475,1.2718071479567794,27.96895552475258,0.046001571586764115,-4.90000000000002,0.26644736842105265,484,0.48760330578512395,-4.600000000000007,0.1787696360550536,18,0.7083333333333334,False,1903,0.4324750394114556,1.2639843137986833,85.08296887999202,0.04470991533367947,-8.500000000000032,0.2517078297425118,497,0.5010060362173038,-11.800000000000011,0.14691541873240252,54,0.7083333333333334,False,1.255878280914202,0.4307692307692308,18,374,0.56951871657754,2.204968944099379,58.2,0.15561497326203208,-2.09999999999998,0.2967914438502674,338,0.6035502958579881,-2.09999999999998,0.0859106529209622,19,1.0,True,406,0.5295566502463054,1.8735367987057259,50.05365856583809,0.12328487331487215,-2.4000000000000057,0.29064039408866993,336,0.5565476190476191,-2.000000000000007,0.12986063728888517,19,0.9411764705882353,True,378,0.5264550264550265,1.852886405959032,45.8,0.12116402116402115,-2.5,0.30423280423280424,326,0.5858895705521472,-2.5000000000000004,0.1091703056768559,19,0.9411764705882353,True,1158,0.5414507772020726,1.967066281015933,154.05365856583808,0.13303424746618142,-2.9999999999999147,0.2970639032815199,348,0.5833333333333334,-4.299999999999983,0.07529843892050442,57,0.9411764705882353,True,1.852886405959032,0.5264550264550265,19,12,26,8,0.08895075896828772,"{""QQQ"": ""negative_months;negative_day_streak>4;first_2_month_share<0.1;first_3_month_share<0.2"", ""SPXW"": ""negative_months;negative_day_streak>4;first_2_month_share<0.1;first_3_month_share<0.2"", ""SPY"": ""negative_months;negative_day_streak>4;first_2_month_share<0.1;first_3_month_share<0.2""}",0,3,False,-43.83191020557271
5,30,0,-2.0,1,18,716,0.43156424581005587,1.266967562346617,32.337400116531,0.04516396664319972,-7.699999999999991,0.2569832402234637,472,0.4915254237288136,-7.4999999999999964,0.2319295915247674,18,0.7083333333333334,False,585,0.4307692307692308,1.255878280914202,25.376613238708444,0.04337882604907426,-5.499999999999998,0.22905982905982905,471,0.47770700636942676,-5.4999999999999964,0.2167349893487964,18,0.5833333333333334,False,609,0.4367816091954023,1.276666234448519,28.46895552475258,0.04674705340681869,-4.90000000000002,0.2660098522167488,484,0.4896694214876033,-4.600000000000007,0.17562990660660896,18,0.7083333333333334,False,1910,0.4329842931937173,1.266652648523814,86.18296887999203,0.045121973235597926,-7.699999999999991,0.2513089005235602,497,0.5010060362173038,-11.400000000000006,0.14504025751776997,54,0.7083333333333334,False,1.255878280914202,0.4307692307692308,18,374,0.56951871657754,2.204968944099379,58.2,0.15561497326203208,-2.09999999999998,0.2967914438502674,338,0.6035502958579881,-2.09999999999998,0.0859106529209622,19,1.0,True,406,0.5295566502463054,1.8735367987057259,50.05365856583809,0.12328487331487215,-2.4000000000000057,0.29064039408866993,336,0.5565476190476191,-2.000000000000007,0.12986063728888517,19,0.9411764705882353,True,378,0.5264550264550265,1.852886405959032,45.8,0.12116402116402115,-2.5,0.30423280423280424,326,0.5858895705521472,-2.5000000000000004,0.1091703056768559,19,0.9411764705882353,True,1158,0.5414507772020726,1.967066281015933,154.05365856583808,0.13303424746618142,-2.9999999999999147,0.2970639032815199,348,0.5833333333333334,-4.299999999999983,0.07529843892050442,57,0.9411764705882353,True,1.852886405959032,0.5264550264550265,19,12,26,8,0.08283869417883355,"{""QQQ"": ""negative_months;negative_day_streak>4;first_2_month_share<0.1;first_3_month_share<0.2"", ""SPXW"": ""negative_months;negative_day_streak>4;first_2_month_share<0.1;first_3_month_share<0.2"", ""SPY"": ""negative_months;negative_day_streak>4;first_2_month_share<0.1;first_3_month_share<0.2""}",0,3,False,-43.83191020557271
5,30,0,-2.0,10,18,714,0.42997198879551823,1.2587118719885617,31.337400116531,0.04388991612959524,-8.500000000000032,0.25770308123249297,472,0.4872881355932203,-7.899999999999995,0.2393306391758908,18,0.7083333333333334,False,585,0.4307692307692308,1.255878280914202,25.376613238708444,0.04337882604907426,-5.499999999999998,0.22905982905982905,471,0.47770700636942676,-5.4999999999999964,0.2167349893487964,18,0.5833333333333334,False,609,0.4367816091954023,1.276666234448519,28.46895552475258,0.04674705340681869,-4.90000000000002,0.2660098522167488,484,0.4896694214876033,-4.600000000000007,0.17562990660660896,18,0.7083333333333334,False,1908,0.43238993710691825,1.2635586190190389,85.18296887999205,0.044645161886788284,-8.500000000000032,0.25157232704402516,497,0.49899396378269617,-12.400000000000006,0.14674294831881618,54,0.7083333333333334,False,1.255878280914202,0.42997198879551823,18,374,0.56951871657754,2.204968944099379,58.2,0.15561497326203208,-2.09999999999998,0.2967914438502674,338,0.6035502958579881,-2.09999999999998,0.0859106529209622,19,1.0,True,406,0.5295566502463054,1.8735367987057259,50.05365856583809,0.12328487331487215,-2.4000000000000057,0.29064039408866993,336,0.5565476190476191,-2.000000000000007,0.12986063728888517,19,0.9411764705882353,True,378,0.5264550264550265,1.852886405959032,45.8,0.12116402116402115,-2.5,0.30423280423280424,326,0.5858895705521472,-2.5000000000000004,0.1091703056768559,19,0.9411764705882353,True,1158,0.5414507772020726,1.967066281015933,154.05365856583808,0.13303424746618142,-2.9999999999999147,0.2970639032815199,348,0.5833333333333334,-4.299999999999983,0.07529843892050442,57,0.9411764705882353,True,1.852886405959032,0.5264550264550265,19,12,26,8,0.08823128647602366,"{""QQQ"": ""negative_months;negative_day_streak>4;first_2_month_share<0.1;first_3_month_share<0.2"", ""SPXW"": ""negative_months;negative_day_streak>4;first_2_month_share<0.1;first_3_month_share<0.2"", ""SPY"": ""negative_months;negative_day_streak>4;first_2_month_share<0.1;first_3_month_share<0.2""}",0,3,False,-43.83191020557271
5,30,0,-2.0,5,18,716,0.43156424581005587,1.266967562346617,32.337400116531,0.04516396664319972,-7.699999999999991,0.2569832402234637,472,0.4915254237288136,-7.4999999999999964,0.2319295915247674,18,0.7083333333333334,False,585,0.4307692307692308,1.255878280914202,25.376613238708444,0.04337882604907426,-5.499999999999998,0.22905982905982905,471,0.47770700636942676,-5.4999999999999964,0.2167349893487964,18,0.5833333333333334,False,609,0.4367816091954023,1.276666234448519,28.46895552475258,0.04674705340681869,-4.90000000000002,0.2660098522167488,484,0.4896694214876033,-4.600000000000007,0.17562990660660896,18,0.7083333333333334,False,1910,0.4329842931937173,1.266652648523814,86.18296887999203,0.045121973235597926,-7.699999999999991,0.2513089005235602,497,0.5010060362173038,-11.400000000000006,0.14504025751776997,54,0.7083333333333334,False,1.255878280914202,0.4307692307692308,18,374,0.56951871657754,2.204968944099379,58.2,0.15561497326203208,-2.09999999999998,0.2967914438502674,338,0.6035502958579881,-2.09999999999998,0.0859106529209622,19,1.0,True,406,0.5295566502463054,1.8735367987057259,50.05365856583809,0.12328487331487215,-2.4000000000000057,0.29064039408866993,336,0.5565476190476191,-2.000000000000007,0.12986063728888517,19,0.9411764705882353,True,378,0.5264550264550265,1.852886405959032,45.8,0.12116402116402115,-2.5,0.30423280423280424,326,0.5858895705521472,-2.5000000000000004,0.1091703056768559,19,0.9411764705882353,True,1158,0.5414507772020726,1.967066281015933,154.05365856583808,0.13303424746618142,-2.9999999999999147,0.2970639032815199,348,0.5833333333333334,-4.299999999999983,0.07529843892050442,57,0.9411764705882353,True,1.852886405959032,0.5264550264550265,19,12,26,8,0.08283869417883355,"{""QQQ"": ""negative_months;negative_day_streak>4;first_2_month_share<0.1;first_3_month_share<0.2"", ""SPXW"": ""negative_months;negative_day_streak>4;first_2_month_share<0.1;first_3_month_share<0.2"", ""SPY"": ""negative_months;negative_day_streak>4;first_2_month_share<0.1;first_3_month_share<0.2""}",0,3,False,-43.83191020557271
4,30,0,-3.0,1,18,689,0.4412191582002903,1.3181511727731254,36.437400116530995,0.05288447041586501,-8.499999999999975,0.2539912917271408,469,0.4968017057569296,-7.899999999999984,0.2058324681786883,18,0.7083333333333334,False,578,0.4273356401384083,1.2381609995250682,23.47661323870845,0.040616977921640915,-6.1727272380482,0.23183391003460208,471,0.47558386411889597,-6.172727238048202,0.23427569999456102,18,0.5833333333333334,False,597,0.4371859296482412,1.2784618603646092,28.06895552475258,0.0470166759208586,-5.10000000000003,0.2562814070351759,484,0.49173553719008267,-4.800000000000017,0.17813274154753478,18,0.7083333333333334,False,1864,0.4356223175965665,1.280287013114354,87.98296887999203,0.047201163562227484,-8.499999999999975,0.2478540772532189,497,0.49899396378269617,-11.800000000000011,0.14207295069855946,54,0.7083333333333334,False,1.2381609995250682,0.4273356401384083,18,374,0.56951871657754,2.204968944099379,58.2,0.15561497326203208,-2.09999999999998,0.2967914438502674,338,0.6035502958579881,-2.09999999999998,0.0859106529209622,19,1.0,True,406,0.5295566502463054,1.8735367987057259,50.05365856583809,0.12328487331487215,-2.4000000000000057,0.29064039408866993,336,0.5565476190476191,-2.000000000000007,0.12986063728888517,19,0.9411764705882353,True,376,0.526595744680851,1.8539325842696632,45.599999999999994,0.12127659574468083,-2.6,0.3058510638297872,326,0.5858895705521472,-2.6,0.10964912280701755,19,0.9411764705882353,True,1156,0.5415224913494809,1.9676330727411204,153.8536585658381,0.13309140014345855,-3.099999999999909,0.2975778546712803,348,0.5833333333333334,-4.299999999999983,0.07539632211629242,57,0.9411764705882353,True,1.8539325842696632,0.526595744680851,19,12,26,8,0.08394810853489235,"{""QQQ"": ""negative_months;negative_day_streak>4;first_2_month_share<0.1;first_3_month_share<0.2"", ""SPXW"": ""negative_months;negative_day_streak>4;first_2_month_share<0.1;first_3_month_share<0.2"", ""SPY"": ""negative_months;negative_day_streak>4;first_2_month_share<0.1;first_3_month_share<0.2""}",0,3,False,-43.84225715934208
4,30,0,-3.0,5,18,689,0.4412191582002903,1.3181511727731254,36.437400116530995,0.05288447041586501,-8.499999999999975,0.2539912917271408,469,0.4968017057569296,-7.899999999999984,0.2058324681786883,18,0.7083333333333334,False,578,0.4273356401384083,1.2381609995250682,23.47661323870845,0.040616977921640915,-6.1727272380482,0.23183391003460208,471,0.47558386411889597,-6.172727238048202,0.23427569999456102,18,0.5833333333333334,False,597,0.4371859296482412,1.2784618603646092,28.06895552475258,0.0470166759208586,-5.10000000000003,0.2562814070351759,484,0.49173553719008267,-4.800000000000017,0.17813274154753478,18,0.7083333333333334,False,1864,0.4356223175965665,1.280287013114354,87.98296887999203,0.047201163562227484,-8.499999999999975,0.2478540772532189,497,0.49899396378269617,-11.800000000000011,0.14207295069855946,54,0.7083333333333334,False,1.2381609995250682,0.4273356401384083,18,374,0.56951871657754,2.204968944099379,58.2,0.15561497326203208,-2.09999999999998,0.2967914438502674,338,0.6035502958579881,-2.09999999999998,0.0859106529209622,19,1.0,True,406,0.5295566502463054,1.8735367987057259,50.05365856583809,0.12328487331487215,-2.4000000000000057,0.29064039408866993,336,0.5565476190476191,-2.000000000000007,0.12986063728888517,19,0.9411764705882353,True,376,0.526595744680851,1.8539325842696632,45.599999999999994,0.12127659574468083,-2.6,0.3058510638297872,326,0.5858895705521472,-2.6,0.10964912280701755,19,0.9411764705882353,True,1156,0.5415224913494809,1.9676330727411204,153.8536585658381,0.13309140014345855,-3.099999999999909,0.2975778546712803,348,0.5833333333333334,-4.299999999999983,0.07539632211629242,57,0.9411764705882353,True,1.8539325842696632,0.526595744680851,19,12,26,8,0.08394810853489235,"{""QQQ"": ""negative_months;negative_day_streak>4;first_2_month_share<0.1;first_3_month_share<0.2"", ""SPXW"": ""negative_months;negative_day_streak>4;first_2_month_share<0.1;first_3_month_share<0.2"", ""SPY"": ""negative_months;negative_day_streak>4;first_2_month_share<0.1;first_3_month_share<0.2""}",0,3,False,-43.84225715934208
4,30,0,-3.0,10,18,689,0.4412191582002903,1.3181511727731254,36.437400116531,0.052884470415865026,-8.499999999999975,0.25689404934687954,469,0.4946695095948827,-7.899999999999984,0.20583246817868828,18,0.7083333333333334,False,578,0.4273356401384083,1.2381609995250682,23.47661323870845,0.040616977921640915,-6.1727272380482,0.23183391003460208,471,0.47558386411889597,-6.172727238048202,0.23427569999456102,18,0.5833333333333334,False,597,0.4371859296482412,1.2784618603646092,28.06895552475258,0.0470166759208586,-5.10000000000003,0.2562814070351759,484,0.49173553719008267,-4.800000000000017,0.17813274154753478,18,0.7083333333333334,False,1864,0.4356223175965665,1.280287013114354,87.98296887999203,0.047201163562227484,-8.499999999999975,0.24892703862660945,497,0.49899396378269617,-11.800000000000011,0.14207295069855946,54,0.7083333333333334,False,1.2381609995250682,0.4273356401384083,18,374,0.56951871657754,2.204968944099379,58.2,0.15561497326203208,-2.09999999999998,0.2967914438502674,338,0.6035502958579881,-2.09999999999998,0.0859106529209622,19,1.0,True,406,0.5295566502463054,1.8735367987057259,50.05365856583809,0.12328487331487215,-2.4000000000000057,0.29064039408866993,336,0.5565476190476191,-2.000000000000007,0.12986063728888517,19,0.9411764705882353,True,376,0.526595744680851,1.8539325842696632,45.599999999999994,0.12127659574468083,-2.6,0.3058510638297872,326,0.5858895705521472,-2.6,0.10964912280701755,19,0.9411764705882353,True,1156,0.5415224913494809,1.9676330727411204,153.8536585658381,0.13309140014345855,-3.099999999999909,0.2975778546712803,348,0.5833333333333334,-4.299999999999983,0.07539632211629242,57,0.9411764705882353,True,1.8539325842696632,0.526595744680851,19,12,26,8,0.08394810853489235,"{""QQQ"": ""negative_months;negative_day_streak>4;first_2_month_share<0.1;first_3_month_share<0.2"", ""SPXW"": ""negative_months;negative_day_streak>4;first_2_month_share<0.1;first_3_month_share<0.2"", ""SPY"": ""negative_months;negative_day_streak>4;first_2_month_share<0.1;first_3_month_share<0.2""}",0,3,False,-43.84225715934208
5,30,0,-3.0,5,18,692,0.4393063583815029,1.3078735091500397,35.537400116531,0.05135462444585405,-8.499999999999975,0.25289017341040465,469,0.4968017057569296,-7.899999999999984,0.21104526429639434,18,0.7083333333333334,False,578,0.4273356401384083,1.2381609995250682,23.47661323870845,0.040616977921640915,-6.1727272380482,0.23183391003460208,471,0.47558386411889597,-6.172727238048202,0.23427569999456102,18,0.5833333333333334,False,597,0.4371859296482412,1.2784618603646092,28.06895552475258,0.0470166759208586,-5.10000000000003,0.2562814070351759,484,0.49173553719008267,-4.800000000000017,0.17813274154753478,18,0.7083333333333334,False,1867,0.43492233529726837,1.2766267625451633,87.08296887999202,0.04664326131761758,-8.499999999999975,0.24745581146223888,497,0.4969818913480885,-12.400000000000006,0.1435412705924863,54,0.7083333333333334,False,1.2381609995250682,0.4273356401384083,18,374,0.56951871657754,2.204968944099379,58.2,0.15561497326203208,-2.09999999999998,0.2967914438502674,338,0.6035502958579881,-2.09999999999998,0.0859106529209622,19,1.0,True,406,0.5295566502463054,1.8735367987057259,50.05365856583809,0.12328487331487215,-2.4000000000000057,0.29064039408866993,336,0.5565476190476191,-2.000000000000007,0.12986063728888517,19,0.9411764705882353,True,376,0.526595744680851,1.8539325842696632,45.599999999999994,0.12127659574468083,-2.6,0.3058510638297872,326,0.5858895705521472,-2.6,0.10964912280701755,19,0.9411764705882353,True,1156,0.5415224913494809,1.9676330727411204,153.8536585658381,0.13309140014345855,-3.099999999999909,0.2975778546712803,348,0.5833333333333334,-4.299999999999983,0.07539632211629242,57,0.9411764705882353,True,1.8539325842696632,0.526595744680851,19,12,26,8,0.08427799352423901,"{""QQQ"": ""negative_months;negative_day_streak>4;first_2_month_share<0.1;first_3_month_share<0.2"", ""SPXW"": ""negative_months;negative_day_streak>4;first_2_month_share<0.1;first_3_month_share<0.2"", ""SPY"": ""negative_months;negative_day_streak>4;first_2_month_share<0.1;first_3_month_share<0.2""}",0,3,False,-43.84225715934208
5,30,0,-3.0,1,18,692,0.4393063583815029,1.3078735091500397,35.537400116531,0.05135462444585405,-8.499999999999975,0.25289017341040465,469,0.4968017057569296,-7.899999999999984,0.21104526429639434,18,0.7083333333333334,False,578,0.4273356401384083,1.2381609995250682,23.47661323870845,0.040616977921640915,-6.1727272380482,0.23183391003460208,471,0.47558386411889597,-6.172727238048202,0.23427569999456102,18,0.5833333333333334,False,597,0.4371859296482412,1.2784618603646092,28.06895552475258,0.0470166759208586,-5.10000000000003,0.2562814070351759,484,0.49173553719008267,-4.800000000000017,0.17813274154753478,18,0.7083333333333334,False,1867,0.43492233529726837,1.2766267625451633,87.08296887999202,0.04664326131761758,-8.499999999999975,0.24745581146223888,497,0.4969818913480885,-12.400000000000006,0.1435412705924863,54,0.7083333333333334,False,1.2381609995250682,0.4273356401384083,18,374,0.56951871657754,2.204968944099379,58.2,0.15561497326203208,-2.09999999999998,0.2967914438502674,338,0.6035502958579881,-2.09999999999998,0.0859106529209622,19,1.0,True,406,0.5295566502463054,1.8735367987057259,50.05365856583809,0.12328487331487215,-2.4000000000000057,0.29064039408866993,336,0.5565476190476191,-2.000000000000007,0.12986063728888517,19,0.9411764705882353,True,376,0.526595744680851,1.8539325842696632,45.599999999999994,0.12127659574468083,-2.6,0.3058510638297872,326,0.5858895705521472,-2.6,0.10964912280701755,19,0.9411764705882353,True,1156,0.5415224913494809,1.9676330727411204,153.8536585658381,0.13309140014345855,-3.099999999999909,0.2975778546712803,348,0.5833333333333334,-4.299999999999983,0.07539632211629242,57,0.9411764705882353,True,1.8539325842696632,0.526595744680851,19,12,26,8,0.08427799352423901,"{""QQQ"": ""negative_months;negative_day_streak>4;first_2_month_share<0.1;first_3_month_share<0.2"", ""SPXW"": ""negative_months;negative_day_streak>4;first_2_month_share<0.1;first_3_month_share<0.2"", ""SPY"": ""negative_months;negative_day_streak>4;first_2_month_share<0.1;first_3_month_share<0.2""}",0,3,False,-43.84225715934208
5,30,0,-3.0,10,18,692,0.4393063583815029,1.3078735091500397,35.537400116531,0.05135462444585405,-8.499999999999975,0.25578034682080925,469,0.4946695095948827,-7.899999999999984,0.21104526429639434,18,0.7083333333333334,False,578,0.4273356401384083,1.2381609995250682,23.47661323870845,0.040616977921640915,-6.1727272380482,0.23183391003460208,471,0.47558386411889597,-6.172727238048202,0.23427569999456102,18,0.5833333333333334,False,597,0.4371859296482412,1.2784618603646092,28.06895552475258,0.0470166759208586,-5.10000000000003,0.2562814070351759,484,0.49173553719008267,-4.800000000000017,0.17813274154753478,18,0.7083333333333334,False,1867,0.43492233529726837,1.2766267625451633,87.08296887999202,0.04664326131761758,-8.499999999999975,0.2485270487412962,497,0.4969818913480885,-12.400000000000006,0.1435412705924863,54,0.7083333333333334,False,1.2381609995250682,0.4273356401384083,18,374,0.56951871657754,2.204968944099379,58.2,0.15561497326203208,-2.09999999999998,0.2967914438502674,338,0.6035502958579881,-2.09999999999998,0.0859106529209622,19,1.0,True,406,0.5295566502463054,1.8735367987057259,50.05365856583809,0.12328487331487215,-2.4000000000000057,0.29064039408866993,336,0.5565476190476191,-2.000000000000007,0.12986063728888517,19,0.9411764705882353,True,376,0.526595744680851,1.8539325842696632,45.599999999999994,0.12127659574468083,-2.6,0.3058510638297872,326,0.5858895705521472,-2.6,0.10964912280701755,19,0.9411764705882353,True,1156,0.5415224913494809,1.9676330727411204,153.8536585658381,0.13309140014345855,-3.099999999999909,0.2975778546712803,348,0.5833333333333334,-4.299999999999983,0.07539632211629242,57,0.9411764705882353,True,1.8539325842696632,0.526595744680851,19,12,26,8,0.08427799352423901,"{""QQQ"": ""negative_months;negative_day_streak>4;first_2_month_share<0.1;first_3_month_share<0.2"", ""SPXW"": ""negative_months;negative_day_streak>4;first_2_month_share<0.1;first_3_month_share<0.2"", ""SPY"": ""negative_months;negative_day_streak>4;first_2_month_share<0.1;first_3_month_share<0.2""}",0,3,False,-43.84225715934208
4,15,0,-1.0,1,18,763,0.4259501965923984,1.2379647279567525,31.037400116531003,0.04067811286570249,-7.900000000000038,0.2608125819134993,461,0.4750542299349241,-7.699999999999989,0.2416439512279053,18,0.6666666666666666,False,780,0.39487179487179486,1.0845321815098996,11.890364157706136,0.015244056612443765,-10.1727272380482,0.2858974358974359,480,0.44583333333333336,-10.172727238048205,0.6728137081331699,18,0.5833333333333334,False,656,0.4375,1.284479234585996,31.356138812202193,0.04779899209177164,-4.40000000000002,0.2698170731707317,484,0.4855371900826446,-4.036842083248512,0.21367426774474876,18,0.8333333333333334,False,2199,0.4183719872669395,1.1948111818526128,74.28390308643932,0.03378076538719387,-10.172727238048328,0.2723965438835834,498,0.4979919678714859,-17.536842083248537,0.20462037357289578,54,0.6666666666666666,False,1.0845321815098996,0.39487179487179486,18,388,0.5721649484536082,2.2289156626506026,61.199999999999996,0.1577319587628866,-2.000000000000007,0.28865979381443296,339,0.6047197640117994,-2.000000000000007,0.09803921568627452,19,1.0,True,410,0.526829268292683,1.853155645461136,49.65365856583809,0.12110648430692218,-2.4000000000000057,0.28292682926829266,336,0.5565476190476191,-2.000000000000007,0.14097652020381085,19,0.9411764705882353,True,403,0.5310173697270472,1.8871252204585542,50.3,0.12481389578163771,-3.4999999999999982,0.315136476426799,327,0.5963302752293578,-3.1999999999999993,0.12723658051689862,19,0.9411764705882353,True,1201,0.5428809325562032,1.9784678722880273,161.1536585658381,0.13418289639120576,-3.699999999999946,0.29558701082431305,348,0.5890804597701149,-4.8,0.09307886729653031,57,1.0,True,1.853155645461136,0.526829268292683,19,12,26,9,0.16529188031377315,"{""QQQ"": ""negative_months;negative_day_streak>4;first_2_month_share<0.1;first_3_month_share<0.2"", ""SPXW"": ""negative_months;negative_day_streak>4;first_2_month_share<0.1;first_3_month_share<0.2"", ""SPY"": ""negative_months;negative_day_streak>4;first_2_month_share<0.1;first_3_month_share<0.2""}",0,3,False,-45.26144128254923
3,15,0,-1.0,10,18,731,0.43365253077975374,1.2778365359636732,34.237400116531006,0.04683638866830507,-8.500000000000004,0.25170998632010944,465,0.4731182795698925,-8.0,0.2190586894586876,18,0.7083333333333334,False,719,0.4047287899860918,1.1289919201895722,16.458431416585825,0.02289072519692048,-8.399999999999995,0.2712100139082058,478,0.45188284518828453,-8.399999999999995,0.4556934868314333,18,0.5833333333333334,False,662,0.43202416918429004,1.2568076423644048,28.79096019277128,0.0434908764241258,-6.400000000000034,0.26586102719033233,484,0.47520661157024796,-5.600000000000007,0.2525043016870237,18,0.75,False,2112,0.42329545454545453,1.2190127243145787,79.48679172588811,0.03763579153687884,-8.500000000000004,0.2627840909090909,497,0.49295774647887325,-17.136842083248496,0.19877516323072436,54,0.7083333333333334,False,1.1289919201895722,0.4047287899860918,18,377,0.5729442970822282,2.236024844720497,59.7,0.1583554376657825,-2.000000000000007,0.29708222811671087,338,0.6094674556213018,-2.000000000000007,0.08375209380234505,19,1.0,True,407,0.5257985257985258,1.8454863310162022,48.95365856583809,0.12027925937552356,-2.4000000000000057,0.28501228501228504,336,0.5565476190476191,-2.000000000000007,0.13277863576341506,19,0.8823529411764706,True,399,0.5288220551378446,1.870567375886525,49.1,0.1230576441102757,-3.3999999999999986,0.3208020050125313,328,0.5975609756097561,-3.099999999999999,0.10183299389002036,19,0.9411764705882353,True,1183,0.5418427726120034,1.9701947021269255,157.75365856583807,0.13335051442589863,-3.699999999999889,0.30092983939137785,348,0.5919540229885057,-4.3,0.07353236752451464,57,0.9411764705882353,True,1.8454863310162022,0.5257985257985258,19,12,26,9,0.12841662760289513,"{""QQQ"": ""negative_months;negative_day_streak>4;first_2_month_share<0.1;first_3_month_share<0.2"", ""SPXW"": ""negative_months;negative_day_streak>4;first_2_month_share<0.1;first_3_month_share<0.2"", ""SPY"": ""negative_months;negative_day_streak>4;first_2_month_share<0.1;first_3_month_share<0.2""}",0,3,False,-45.574880082256364
4,15,0,-1.0,10,18,745,0.42953020134228187,1.2563642275041775,32.437400116531,0.04354013438460537,-8.400000000000023,0.25771812080536916,465,0.4774193548387097,-8.199999999999992,0.23121458480199808,18,0.7083333333333334,False,741,0.4008097165991903,1.1107193066359908,14.658431416585827,0.019781958726836475,-9.199999999999992,0.27800269905533065,478,0.4560669456066946,-9.099999999999996,0.5457609871509241,18,0.5833333333333334,False,667,0.4302848575712144,1.2499414907405353,28.321118894396662,0.04246044811753622,-6.400000000000034,0.2638680659670165,484,0.48140495867768596,-5.6000000000000085,0.23657257416215982,18,0.7916666666666666,False,2153,0.4198792382721784,1.202607217222874,75.41695042751348,0.03502877400256084,-9.200000000000028,0.2666047375754761,497,0.4909456740442656,-17.63684208324853,0.2108279360258962,54,0.7083333333333334,False,1.1107193066359908,0.4008097165991903,18,377,0.5729442970822282,2.236024844720497,59.7,0.1583554376657825,-2.000000000000007,0.29708222811671087,338,0.6094674556213018,-2.000000000000007,0.08375209380234505,19,1.0,True,408,0.5245098039215687,1.8359735148769434,48.653658565838086,0.11924916315156393,-2.4000000000000057,0.28431372549019607,336,0.5565476190476191,-2.000000000000007,0.13359735303778247,19,0.8823529411764706,True,393,0.5318066157760815,1.8931159420289858,49.3,0.12544529262086512,-3.3999999999999986,0.3155216284987277,327,0.5963302752293578,-3.099999999999999,0.1054766734279919,19,0.9411764705882353,True,1178,0.5424448217317487,1.9749762434498337,157.65365856583807,0.13383162866369955,-3.699999999999889,0.298811544991511,348,0.5890804597701149,-4.3,0.07357900923787127,57,0.9411764705882353,True,1.8359735148769434,0.5245098039215687,19,12,26,9,0.1437324214463028,"{""QQQ"": ""negative_months;negative_day_streak>4;first_2_month_share<0.1;first_3_month_share<0.2"", ""SPXW"": ""negative_months;negative_day_streak>4;first_2_month_share<0.1;first_3_month_share<0.2"", ""SPY"": ""negative_months;negative_day_streak>4;first_2_month_share<0.1;first_3_month_share<0.2""}",0,3,False,-45.63431032858354
4,15,0,-2.0,1,18,717,0.43235704323570434,1.2710954075256446,32.837400116531,0.04579832652235844,-7.700000000000028,0.26220362622036264,472,0.4851694915254237,-7.5,0.22839810622596612,18,0.7083333333333334,False,599,0.4340567612687813,1.2731045929187512,27.576613238708447,0.04603775165059841,-5.599999999999998,0.2353923205342237,469,0.48187633262260127,-5.599999999999998,0.2248281885208895,18,0.625,False,615,0.43414634146341463,1.2665018446926575,27.748336926874998,0.045119247035569104,-4.90000000000002,0.26504065040650404,484,0.4896694214876033,-4.600000000000007,0.1873986182920989,18,0.7083333333333334,False,1931,0.4334541688244433,1.2702511770841107,88.16235028211445,0.04565631811606134,-7.700000000000028,0.2547902641118591,497,0.4969818913480885,-11.100000000000023,0.14858950513547736,54,0.7083333333333334,False,1.2665018446926575,0.43235704323570434,18,377,0.5729442970822282,2.236024844720497,59.7,0.1583554376657825,-2.000000000000007,0.29708222811671087,338,0.6094674556213018,-2.000000000000007,0.08375209380234505,19,1.0,True,408,0.5245098039215687,1.8359735148769434,48.653658565838086,0.11924916315156393,-2.4000000000000057,0.28431372549019607,336,0.5565476190476191,-2.000000000000007,0.13359735303778247,19,0.8823529411764706,True,379,0.5356200527704486,1.9223484848484853,48.7,0.12849604221635885,-2.5,0.3034300791556728,326,0.598159509202454,-2.5000000000000004,0.1026694045174538,19,0.9411764705882353,True,1164,0.5438144329896907,1.9858986727296806,157.05365856583808,0.13492582351017016,-3.599999999999895,0.29467353951890035,348,0.5890804597701149,-4.299999999999983,0.07386010683181375,57,0.9411764705882353,True,1.8359735148769434,0.5245098039215687,19,12,26,9,0.08104831117532327,"{""QQQ"": ""negative_months;negative_day_streak>4;first_2_month_share<0.1;first_3_month_share<0.2"", ""SPXW"": ""negative_months;negative_day_streak>4;first_2_month_share<0.1;first_3_month_share<0.2"", ""SPY"": ""negative_months;negative_day_streak>4;first_2_month_share<0.1;first_3_month_share<0.2""}",0,3,False,-45.68231032858353
4,15,0,-2.0,5,18,717,0.43235704323570434,1.2710954075256446,32.837400116531,0.04579832652235844,-7.700000000000028,0.26220362622036264,472,0.4851694915254237,-7.5,0.22839810622596612,18,0.7083333333333334,False,599,0.4340567612687813,1.2731045929187512,27.576613238708447,0.04603775165059841,-5.599999999999998,0.2353923205342237,469,0.48187633262260127,-5.599999999999998,0.2248281885208895,18,0.625,False,615,0.43414634146341463,1.2665018446926575,27.748336926874998,0.045119247035569104,-4.90000000000002,0.26504065040650404,484,0.4896694214876033,-4.600000000000007,0.1873986182920989,18,0.7083333333333334,False,1931,0.4334541688244433,1.2702511770841107,88.16235028211445,0.04565631811606134,-7.700000000000028,0.2547902641118591,497,0.4969818913480885,-11.100000000000023,0.14858950513547736,54,0.7083333333333334,False,1.2665018446926575,0.43235704323570434,18,377,0.5729442970822282,2.236024844720497,59.7,0.1583554376657825,-2.000000000000007,0.29708222811671087,338,0.6094674556213018,-2.000000000000007,0.08375209380234505,19,1.0,True,408,0.5245098039215687,1.8359735148769434,48.653658565838086,0.11924916315156393,-2.4000000000000057,0.28431372549019607,336,0.5565476190476191,-2.000000000000007,0.13359735303778247,19,0.8823529411764706,True,379,0.5356200527704486,1.9223484848484853,48.7,0.12849604221635885,-2.5,0.3034300791556728,326,0.598159509202454,-2.5000000000000004,0.1026694045174538,19,0.9411764705882353,True,1164,0.5438144329896907,1.9858986727296806,157.05365856583808,0.13492582351017016,-3.599999999999895,0.29467353951890035,348,0.5890804597701149,-4.299999999999983,0.07386010683181375,57,0.9411764705882353,True,1.8359735148769434,0.5245098039215687,19,12,26,9,0.08104831117532327,"{""QQQ"": ""negative_months;negative_day_streak>4;first_2_month_share<0.1;first_3_month_share<0.2"", ""SPXW"": ""negative_months;negative_day_streak>4;first_2_month_share<0.1;first_3_month_share<0.2"", ""SPY"": ""negative_months;negative_day_streak>4;first_2_month_share<0.1;first_3_month_share<0.2""}",0,3,False,-45.68231032858353
4,15,0,-2.0,10,18,714,0.43137254901960786,1.2659751668611672,32.137400116531005,0.04501036430886696,-8.400000000000027,0.2605042016806723,472,0.4830508474576271,-8.199999999999992,0.23337295402878935,18,0.7083333333333334,False,599,0.4340567612687813,1.2731045929187512,27.576613238708447,0.04603775165059841,-5.599999999999998,0.2353923205342237,469,0.48187633262260127,-5.599999999999998,0.2248281885208895,18,0.625,False,615,0.43414634146341463,1.2665018446926575,27.748336926874998,0.045119247035569104,-4.90000000000002,0.26504065040650404,484,0.4896694214876033,-4.600000000000007,0.1873986182920989,18,0.7083333333333334,False,1928,0.43309128630705396,1.268352191011542,87.46235028211444,0.04536428956541205,-8.400000000000027,0.254149377593361,497,0.4969818913480885,-11.800000000000026,0.1497787328804366,54,0.7083333333333334,False,1.2659751668611672,0.43137254901960786,18,377,0.5729442970822282,2.236024844720497,59.7,0.1583554376657825,-2.000000000000007,0.29708222811671087,338,0.6094674556213018,-2.000000000000007,0.08375209380234505,19,1.0,True,408,0.5245098039215687,1.8359735148769434,48.653658565838086,0.11924916315156393,-2.4000000000000057,0.28431372549019607,336,0.5565476190476191,-2.000000000000007,0.13359735303778247,19,0.8823529411764706,True,379,0.5356200527704486,1.9223484848484853,48.7,0.12849604221635885,-2.5,0.3034300791556728,326,0.598159509202454,-2.5000000000000004,0.1026694045174538,19,0.9411764705882353,True,1164,0.5438144329896907,1.9858986727296806,157.05365856583808,0.13492582351017016,-3.599999999999895,0.29467353951890035,348,0.5890804597701149,-4.299999999999983,0.07386010683181375,57,0.9411764705882353,True,1.8359735148769434,0.5245098039215687,19,12,26,9,0.08928824193188345,"{""QQQ"": ""negative_months;negative_day_streak>4;first_2_month_share<0.1;first_3_month_share<0.2"", ""SPXW"": ""negative_months;negative_day_streak>4;first_2_month_share<0.1;first_3_month_share<0.2"", ""SPY"": ""negative_months;negative_day_streak>4;first_2_month_share<0.1;first_3_month_share<0.2""}",0,3,False,-45.68231032858353
3,30,0,-3.0,5,18,681,0.44052863436123346,1.314460853746642,35.637400116531,0.052330984018400875,-8.399999999999988,0.25844346549192365,469,0.488272921108742,-7.999999999999993,0.21045306266662817,18,0.7083333333333334,False,577,0.42807625649913345,1.241940699373246,23.77661323870845,0.04120730197349818,-6.1727272380482,0.23050259965337955,471,0.47558386411889597,-6.172727238048202,0.23131974031717736,18,0.5833333333333334,False,597,0.4371859296482412,1.2784618603646092,28.06895552475258,0.0470166759208586,-5.10000000000003,0.2562814070351759,484,0.49173553719008267,-4.800000000000017,0.17813274154753478,18,0.7083333333333334,False,1855,0.43557951482479784,1.2800323118186405,87.48296887999203,0.04716063012398492,-8.399999999999988,0.2490566037735849,497,0.4969818913480885,-12.700000000000003,0.1428849541805941,54,0.7083333333333334,False,1.241940699373246,0.42807625649913345,18,374,0.56951871657754,2.204968944099379,58.2,0.15561497326203208,-2.09999999999998,0.2967914438502674,338,0.6035502958579881,-2.09999999999998,0.0859106529209622,19,1.0,True,405,0.5308641975308642,1.883397518698914,50.35365856583809,0.1243300211502175,-2.4000000000000057,0.291358024691358,336,0.5565476190476191,-2.000000000000007,0.1290869459167731,19,0.9411764705882353,True,376,0.526595744680851,1.8539325842696632,45.599999999999994,0.12127659574468083,-2.6,0.3058510638297872,326,0.5858895705521472,-2.6,0.10964912280701755,19,0.9411764705882353,True,1155,0.541991341991342,1.9713526059599125,154.1536585658381,0.13346637105267367,-3.099999999999909,0.29783549783549784,348,0.5833333333333334,-4.299999999999983,0.07524959256835095,57,0.9411764705882353,True,1.8539325842696632,0.526595744680851,19,12,26,9,0.0852538539011661,"{""QQQ"": ""negative_months;negative_day_streak>4;first_2_month_share<0.1;first_3_month_share<0.2"", ""SPXW"": ""negative_months;negative_day_streak>4;first_2_month_share<0.1;first_3_month_share<0.2"", ""SPY"": ""negative_months;negative_day_streak>4;first_2_month_share<0.1;first_3_month_share<0.2""}",0,3,False,-45.81825715934208
3,30,0,-3.0,1,18,681,0.44052863436123346,1.314460853746642,35.637400116531,0.052330984018400875,-8.399999999999988,0.25844346549192365,469,0.488272921108742,-7.999999999999993,0.21045306266662817,18,0.7083333333333334,False,577,0.42807625649913345,1.241940699373246,23.77661323870845,0.04120730197349818,-6.1727272380482,0.23050259965337955,471,0.47558386411889597,-6.172727238048202,0.23131974031717736,18,0.5833333333333334,False,597,0.4371859296482412,1.2784618603646092,28.06895552475258,0.0470166759208586,-5.10000000000003,0.2562814070351759,484,0.49173553719008267,-4.800000000000017,0.17813274154753478,18,0.7083333333333334,False,1855,0.43557951482479784,1.2800323118186405,87.48296887999203,0.04716063012398492,-8.399999999999988,0.2490566037735849,497,0.4969818913480885,-12.700000000000003,0.1428849541805941,54,0.7083333333333334,False,1.241940699373246,0.42807625649913345,18,374,0.56951871657754,2.204968944099379,58.2,0.15561497326203208,-2.09999999999998,0.2967914438502674,338,0.6035502958579881,-2.09999999999998,0.0859106529209622,19,1.0,True,405,0.5308641975308642,1.883397518698914,50.35365856583809,0.1243300211502175,-2.4000000000000057,0.291358024691358,336,0.5565476190476191,-2.000000000000007,0.1290869459167731,19,0.9411764705882353,True,376,0.526595744680851,1.8539325842696632,45.599999999999994,0.12127659574468083,-2.6,0.3058510638297872,326,0.5858895705521472,-2.6,0.10964912280701755,19,0.9411764705882353,True,1155,0.541991341991342,1.9713526059599125,154.1536585658381,0.13346637105267367,-3.099999999999909,0.29783549783549784,348,0.5833333333333334,-4.299999999999983,0.07524959256835095,57,0.9411764705882353,True,1.8539325842696632,0.526595744680851,19,12,26,9,0.0852538539011661,"{""QQQ"": ""negative_months;negative_day_streak>4;first_2_month_share<0.1;first_3_month_share<0.2"", ""SPXW"": ""negative_months;negative_day_streak>4;first_2_month_share<0.1;first_3_month_share<0.2"", ""SPY"": ""negative_months;negative_day_streak>4;first_2_month_share<0.1;first_3_month_share<0.2""}",0,3,False,-45.81825715934208
3,30,0,-3.0,10,18,681,0.44052863436123346,1.314460853746642,35.637400116531,0.052330984018400875,-8.399999999999988,0.25844346549192365,469,0.488272921108742,-7.999999999999993,0.21045306266662817,18,0.7083333333333334,False,577,0.42807625649913345,1.241940699373246,23.77661323870845,0.04120730197349818,-6.1727272380482,0.23050259965337955,471,0.47558386411889597,-6.172727238048202,0.23131974031717736,18,0.5833333333333334,False,597,0.4371859296482412,1.2784618603646092,28.06895552475258,0.0470166759208586,-5.10000000000003,0.2562814070351759,484,0.49173553719008267,-4.800000000000017,0.17813274154753478,18,0.7083333333333334,False,1855,0.43557951482479784,1.2800323118186405,87.48296887999203,0.04716063012398492,-8.399999999999988,0.2490566037735849,497,0.4969818913480885,-12.700000000000003,0.1428849541805941,54,0.7083333333333334,False,1.241940699373246,0.42807625649913345,18,374,0.56951871657754,2.204968944099379,58.2,0.15561497326203208,-2.09999999999998,0.2967914438502674,338,0.6035502958579881,-2.09999999999998,0.0859106529209622,19,1.0,True,405,0.5308641975308642,1.883397518698914,50.35365856583809,0.1243300211502175,-2.4000000000000057,0.291358024691358,336,0.5565476190476191,-2.000000000000007,0.1290869459167731,19,0.9411764705882353,True,376,0.526595744680851,1.8539325842696632,45.599999999999994,0.12127659574468083,-2.6,0.3058510638297872,326,0.5858895705521472,-2.6,0.10964912280701755,19,0.9411764705882353,True,1155,0.541991341991342,1.9713526059599125,154.1536585658381,0.13346637105267367,-3.099999999999909,0.29783549783549784,348,0.5833333333333334,-4.299999999999983,0.07524959256835095,57,0.9411764705882353,True,1.8539325842696632,0.526595744680851,19,12,26,9,0.0852538539011661,"{""QQQ"": ""negative_months;negative_day_streak>4;first_2_month_share<0.1;first_3_month_share<0.2"", ""SPXW"": ""negative_months;negative_day_streak>4;first_2_month_share<0.1;first_3_month_share<0.2"", ""SPY"": ""negative_months;negative_day_streak>4;first_2_month_share<0.1;first_3_month_share<0.2""}",0,3,False,-45.81825715934208
3,30,0,-2.0,1,18,701,0.43081312410841655,1.2630992614388494,31.237400116531003,0.04456119845439516,-8.899999999999995,0.2582025677603424,472,0.4788135593220339,-8.7,0.2400968061369153,18,0.7083333333333334,False,584,0.4315068493150685,1.2596888012770926,25.67661323870844,0.043966803490939114,-5.499999999999998,0.22773972602739725,471,0.47770700636942676,-5.4999999999999964,0.21420270457275678,18,0.5833333333333334,False,607,0.43657331136738053,1.2755258823075302,28.26895552475258,0.04657159065033374,-4.90000000000002,0.26688632619439867,484,0.48760330578512395,-4.600000000000007,0.17687247042509052,18,0.7083333333333334,False,1892,0.4328752642706131,1.266027913660921,85.18296887999203,0.0450227108245201,-8.899999999999995,0.25158562367864695,497,0.5010060362173038,-11.700000000000003,0.1467429483188162,54,0.7083333333333334,False,1.2596888012770926,0.43081312410841655,18,374,0.56951871657754,2.204968944099379,58.2,0.15561497326203208,-2.09999999999998,0.2967914438502674,338,0.6035502958579881,-2.09999999999998,0.0859106529209622,19,1.0,True,405,0.5308641975308642,1.883397518698914,50.35365856583809,0.1243300211502175,-2.4000000000000057,0.291358024691358,336,0.5565476190476191,-2.000000000000007,0.1290869459167731,19,0.9411764705882353,True,378,0.5264550264550265,1.852886405959032,45.8,0.12116402116402115,-2.5,0.30423280423280424,326,0.5858895705521472,-2.5000000000000004,0.1091703056768559,19,0.9411764705882353,True,1157,0.5419187554019015,1.9707777268291706,154.3536585658381,0.1334085208002058,-2.9999999999999147,0.29732065687121867,348,0.5833333333333334,-4.299999999999983,0.07515208973846338,57,0.9411764705882353,True,1.852886405959032,0.5264550264550265,19,12,26,10,0.09727474175976134,"{""QQQ"": ""negative_months;negative_day_streak>4;first_2_month_share<0.1;first_3_month_share<0.2"", ""SPXW"": ""negative_months;negative_day_streak>4;first_2_month_share<0.1;first_3_month_share<0.2"", ""SPY"": ""negative_months;negative_day_streak>4;first_2_month_share<0.1;first_3_month_share<0.2""}",0,3,False,-47.80791020557271
3,30,0,-2.0,5,18,701,0.43081312410841655,1.2630992614388494,31.237400116531003,0.04456119845439516,-8.899999999999995,0.2582025677603424,472,0.4788135593220339,-8.7,0.2400968061369153,18,0.7083333333333334,False,584,0.4315068493150685,1.2596888012770926,25.67661323870844,0.043966803490939114,-5.499999999999998,0.22773972602739725,471,0.47770700636942676,-5.4999999999999964,0.21420270457275678,18,0.5833333333333334,False,607,0.43657331136738053,1.2755258823075302,28.26895552475258,0.04657159065033374,-4.90000000000002,0.26688632619439867,484,0.48760330578512395,-4.600000000000007,0.17687247042509052,18,0.7083333333333334,False,1892,0.4328752642706131,1.266027913660921,85.18296887999203,0.0450227108245201,-8.899999999999995,0.25158562367864695,497,0.5010060362173038,-11.700000000000003,0.1467429483188162,54,0.7083333333333334,False,1.2596888012770926,0.43081312410841655,18,374,0.56951871657754,2.204968944099379,58.2,0.15561497326203208,-2.09999999999998,0.2967914438502674,338,0.6035502958579881,-2.09999999999998,0.0859106529209622,19,1.0,True,405,0.5308641975308642,1.883397518698914,50.35365856583809,0.1243300211502175,-2.4000000000000057,0.291358024691358,336,0.5565476190476191,-2.000000000000007,0.1290869459167731,19,0.9411764705882353,True,378,0.5264550264550265,1.852886405959032,45.8,0.12116402116402115,-2.5,0.30423280423280424,326,0.5858895705521472,-2.5000000000000004,0.1091703056768559,19,0.9411764705882353,True,1157,0.5419187554019015,1.9707777268291706,154.3536585658381,0.1334085208002058,-2.9999999999999147,0.29732065687121867,348,0.5833333333333334,-4.299999999999983,0.07515208973846338,57,0.9411764705882353,True,1.852886405959032,0.5264550264550265,19,12,26,10,0.09727474175976134,"{""QQQ"": ""negative_months;negative_day_streak>4;first_2_month_share<0.1;first_3_month_share<0.2"", ""SPXW"": ""negative_months;negative_day_streak>4;first_2_month_share<0.1;first_3_month_share<0.2"", ""SPY"": ""negative_months;negative_day_streak>4;first_2_month_share<0.1;first_3_month_share<0.2""}",0,3,False,-47.80791020557271
3,30,0,-2.0,10,18,699,0.4291845493562232,1.2546766891230563,30.237400116531003,0.04325808314239056,-8.899999999999995,0.25608011444921314,472,0.4766949152542373,-8.7,0.24803719800961646,18,0.7083333333333334,False,584,0.4315068493150685,1.2596888012770926,25.67661323870844,0.043966803490939114,-5.499999999999998,0.22773972602739725,471,0.47770700636942676,-5.4999999999999964,0.21420270457275678,18,0.5833333333333334,False,607,0.43657331136738053,1.2755258823075302,28.26895552475258,0.04657159065033374,-4.90000000000002,0.26688632619439867,484,0.48760330578512395,-4.600000000000007,0.17687247042509052,18,0.7083333333333334,False,1890,0.43227513227513226,1.2629048960300644,84.18296887999205,0.04454125337565717,-8.899999999999995,0.2507936507936508,497,0.49899396378269617,-12.700000000000003,0.148486091264131,54,0.7083333333333334,False,1.2546766891230563,0.4291845493562232,18,374,0.56951871657754,2.204968944099379,58.2,0.15561497326203208,-2.09999999999998,0.2967914438502674,338,0.6035502958579881,-2.09999999999998,0.0859106529209622,19,1.0,True,405,0.5308641975308642,1.883397518698914,50.35365856583809,0.1243300211502175,-2.4000000000000057,0.291358024691358,336,0.5565476190476191,-2.000000000000007,0.1290869459167731,19,0.9411764705882353,True,378,0.5264550264550265,1.852886405959032,45.8,0.12116402116402115,-2.5,0.30423280423280424,326,0.5858895705521472,-2.5000000000000004,0.1091703056768559,19,0.9411764705882353,True,1157,0.5419187554019015,1.9707777268291706,154.3536585658381,0.1334085208002058,-2.9999999999999147,0.29732065687121867,348,0.5833333333333334,-4.299999999999983,0.07515208973846338,57,0.9411764705882353,True,1.852886405959032,0.5264550264550265,19,12,26,10,0.09837466941063738,"{""QQQ"": ""negative_months;negative_day_streak>4;first_2_month_share<0.1;first_3_month_share<0.2"", ""SPXW"": ""negative_months;negative_day_streak>4;first_2_month_share<0.1;first_3_month_share<0.2"", ""SPY"": ""negative_months;negative_day_streak>4;first_2_month_share<0.1;first_3_month_share<0.2""}",0,3,False,-47.80791020557271
5,15,0,-3.0,1,18,698,0.44126074498567336,1.3183474454675668,36.937400116531,0.05291891134173496,-8.399999999999924,0.25787965616045844,469,0.4968017057569296,-7.499999999999986,0.20304623434077165,18,0.7083333333333334,False,583,0.4288164665523156,1.2457950488253786,24.376613238708448,0.04181237262214142,-6.7727272380481995,0.22984562607204118,469,0.48187633262260127,-6.772727238048201,0.2256260927693747,18,0.5833333333333334,False,601,0.43594009983361065,1.2755685906204863,27.948336926874997,0.04650305645070715,-5.10000000000003,0.2562396006655574,484,0.493801652892562,-4.800000000000017,0.17890152151386232,18,0.7083333333333334,False,1882,0.4357066950053135,1.2819193207175414,89.26235028211445,0.04742951662173988,-8.399999999999924,0.24867162592986186,497,0.4949698189134809,-11.500000000000028,0.14563811012048622,54,0.75,False,1.2457950488253786,0.4288164665523156,18,377,0.5729442970822282,2.236024844720497,59.7,0.1583554376657825,-2.000000000000007,0.29708222811671087,338,0.6094674556213018,-2.000000000000007,0.08375209380234505,19,1.0,True,408,0.5245098039215687,1.8359735148769434,48.653658565838086,0.11924916315156393,-2.4000000000000057,0.28431372549019607,336,0.5565476190476191,-2.000000000000007,0.13359735303778247,19,0.8823529411764706,True,377,0.5358090185676393,1.9238095238095239,48.5,0.1286472148541114,-2.6,0.3050397877984085,326,0.598159509202454,-2.6,0.10309278350515463,19,0.9411764705882353,True,1162,0.5438898450946644,1.9865009972694223,156.8536585658381,0.13498593680364723,-3.699999999999889,0.29518072289156627,348,0.5890804597701149,-4.299999999999983,0.07395428392338706,57,0.9411764705882353,True,1.8359735148769434,0.5245098039215687,19,12,27,8,0.09273862838925608,"{""QQQ"": ""negative_months;negative_day_streak>4;first_2_month_share<0.1;first_3_month_share<0.2"", ""SPXW"": ""negative_months;negative_day_streak>4;first_2_month_share<0.1;first_3_month_share<0.2"", ""SPY"": ""negative_months;negative_day_streak>4;first_2_month_share<0.1;first_3_month_share<0.2""}",0,3,False,-45.19831032858353
5,15,0,-3.0,10,18,696,0.4410919540229885,1.317444507128331,36.737400116531006,0.05278362085708478,-8.599999999999927,0.25862068965517243,469,0.4946695095948827,-7.699999999999989,0.2041516268492056,18,0.7083333333333334,False,583,0.4288164665523156,1.2457950488253786,24.376613238708448,0.04181237262214142,-6.7727272380481995,0.22984562607204118,469,0.48187633262260127,-6.772727238048201,0.2256260927693747,18,0.5833333333333334,False,601,0.43594009983361065,1.2755685906204863,27.948336926874997,0.04650305645070715,-5.10000000000003,0.2562396006655574,484,0.493801652892562,-4.800000000000017,0.17890152151386232,18,0.7083333333333334,False,1880,0.43563829787234043,1.2815544280824323,89.06235028211447,0.0473735905755928,-8.599999999999927,0.24893617021276596,497,0.4949698189134809,-11.700000000000031,0.14596515765439738,54,0.75,False,1.2457950488253786,0.4288164665523156,18,377,0.5729442970822282,2.236024844720497,59.7,0.1583554376657825,-2.000000000000007,0.29708222811671087,338,0.6094674556213018,-2.000000000000007,0.08375209380234505,19,1.0,True,408,0.5245098039215687,1.8359735148769434,48.653658565838086,0.11924916315156393,-2.4000000000000057,0.28431372549019607,336,0.5565476190476191,-2.000000000000007,0.13359735303778247,19,0.8823529411764706,True,377,0.5358090185676393,1.9238095238095239,48.5,0.1286472148541114,-2.6,0.3050397877984085,326,0.598159509202454,-2.6,0.10309278350515463,19,0.9411764705882353,True,1162,0.5438898450946644,1.9865009972694223,156.8536585658381,0.13498593680364723,-3.699999999999889,0.29518072289156627,348,0.5890804597701149,-4.299999999999983,0.07395428392338706,57,0.9411764705882353,True,1.8359735148769434,0.5245098039215687,19,12,27,8,0.09273862838925608,"{""QQQ"": ""negative_months;negative_day_streak>4;first_2_month_share<0.1;first_3_month_share<0.2"", ""SPXW"": ""negative_months;negative_day_streak>4;first_2_month_share<0.1;first_3_month_share<0.2"", ""SPY"": ""negative_months;negative_day_streak>4;first_2_month_share<0.1;first_3_month_share<0.2""}",0,3,False,-45.19831032858353
5,15,0,-3.0,5,18,698,0.44126074498567336,1.3183474454675668,36.937400116531,0.05291891134173496,-8.399999999999924,0.25787965616045844,469,0.4968017057569296,-7.499999999999986,0.20304623434077165,18,0.7083333333333334,False,583,0.4288164665523156,1.2457950488253786,24.376613238708448,0.04181237262214142,-6.7727272380481995,0.22984562607204118,469,0.48187633262260127,-6.772727238048201,0.2256260927693747,18,0.5833333333333334,False,601,0.43594009983361065,1.2755685906204863,27.948336926874997,0.04650305645070715,-5.10000000000003,0.2562396006655574,484,0.493801652892562,-4.800000000000017,0.17890152151386232,18,0.7083333333333334,False,1882,0.4357066950053135,1.2819193207175414,89.26235028211445,0.04742951662173988,-8.399999999999924,0.24867162592986186,497,0.4949698189134809,-11.500000000000028,0.14563811012048622,54,0.75,False,1.2457950488253786,0.4288164665523156,18,377,0.5729442970822282,2.236024844720497,59.7,0.1583554376657825,-2.000000000000007,0.29708222811671087,338,0.6094674556213018,-2.000000000000007,0.08375209380234505,19,1.0,True,408,0.5245098039215687,1.8359735148769434,48.653658565838086,0.11924916315156393,-2.4000000000000057,0.28431372549019607,336,0.5565476190476191,-2.000000000000007,0.13359735303778247,19,0.8823529411764706,True,377,0.5358090185676393,1.9238095238095239,48.5,0.1286472148541114,-2.6,0.3050397877984085,326,0.598159509202454,-2.6,0.10309278350515463,19,0.9411764705882353,True,1162,0.5438898450946644,1.9865009972694223,156.8536585658381,0.13498593680364723,-3.699999999999889,0.29518072289156627,348,0.5890804597701149,-4.299999999999983,0.07395428392338706,57,0.9411764705882353,True,1.8359735148769434,0.5245098039215687,19,12,27,8,0.09273862838925608,"{""QQQ"": ""negative_months;negative_day_streak>4;first_2_month_share<0.1;first_3_month_share<0.2"", ""SPXW"": ""negative_months;negative_day_streak>4;first_2_month_share<0.1;first_3_month_share<0.2"", ""SPY"": ""negative_months;negative_day_streak>4;first_2_month_share<0.1;first_3_month_share<0.2""}",0,3,False,-45.19831032858353
3,15,0,-3.0,1,18,684,0.44298245614035087,1.3276967036985907,37.137400116531,0.0542944446148114,-8.499999999999918,0.25877192982456143,469,0.4904051172707889,-7.999999999999986,0.20195274780857692,18,0.7083333333333334,False,581,0.43029259896729777,1.2533779090364698,24.976613238708445,0.04298900729553949,-6.472727238048201,0.2289156626506024,469,0.48187633262260127,-6.472727238048201,0.2202059962027265,18,0.5833333333333334,False,601,0.43594009983361065,1.2755685906204863,27.948336926874997,0.04650305645070715,-5.10000000000003,0.2562396006655574,484,0.493801652892562,-4.800000000000017,0.17890152151386232,18,0.7083333333333334,False,1866,0.4367631296891747,1.2874418315462464,90.06235028211445,0.048264925124391456,-8.499999999999918,0.24866023579849947,497,0.4969818913480885,-12.200000000000017,0.1443444453678851,54,0.75,False,1.2533779090364698,0.43029259896729777,18,377,0.5729442970822282,2.236024844720497,59.7,0.1583554376657825,-2.000000000000007,0.29708222811671087,338,0.6094674556213018,-2.000000000000007,0.08375209380234505,19,1.0,True,407,0.5257985257985258,1.8454863310162022,48.95365856583809,0.12027925937552356,-2.4000000000000057,0.28501228501228504,336,0.5565476190476191,-2.000000000000007,0.13277863576341506,19,0.8823529411764706,True,377,0.5358090185676393,1.9238095238095239,48.5,0.1286472148541114,-2.6,0.3050397877984085,326,0.598159509202454,-2.6,0.10309278350515463,19,0.9411764705882353,True,1161,0.5443583118001722,1.990256197642332,157.1536585658381,0.13536060169322833,-3.699999999999889,0.2954349698535745,348,0.5890804597701149,-4.299999999999983,0.07381310817616306,57,0.9411764705882353,True,1.8454863310162022,0.5257985257985258,19,12,27,9,0.08755178467570776,"{""QQQ"": ""negative_months;negative_day_streak>4;first_2_month_share<0.1;first_3_month_share<0.2"", ""SPXW"": ""negative_months;negative_day_streak>4;first_2_month_share<0.1;first_3_month_share<0.2"", ""SPY"": ""negative_months;negative_day_streak>4;first_2_month_share<0.1;first_3_month_share<0.2""}",0,3,False,-47.12288008225636
3,15,0,-3.0,10,18,684,0.44298245614035087,1.3276967036985907,37.137400116531,0.0542944446148114,-8.499999999999918,0.25877192982456143,469,0.4904051172707889,-7.999999999999986,0.20195274780857692,18,0.7083333333333334,False,581,0.43029259896729777,1.2533779090364698,24.976613238708445,0.04298900729553949,-6.472727238048201,0.2289156626506024,469,0.48187633262260127,-6.472727238048201,0.2202059962027265,18,0.5833333333333334,False,601,0.43594009983361065,1.2755685906204863,27.948336926874997,0.04650305645070715,-5.10000000000003,0.2562396006655574,484,0.493801652892562,-4.800000000000017,0.17890152151386232,18,0.7083333333333334,False,1866,0.4367631296891747,1.2874418315462464,90.06235028211445,0.048264925124391456,-8.499999999999918,0.24866023579849947,497,0.4969818913480885,-12.200000000000017,0.1443444453678851,54,0.75,False,1.2533779090364698,0.43029259896729777,18,377,0.5729442970822282,2.236024844720497,59.7,0.1583554376657825,-2.000000000000007,0.29708222811671087,338,0.6094674556213018,-2.000000000000007,0.08375209380234505,19,1.0,True,407,0.5257985257985258,1.8454863310162022,48.95365856583809,0.12027925937552356,-2.4000000000000057,0.28501228501228504,336,0.5565476190476191,-2.000000000000007,0.13277863576341506,19,0.8823529411764706,True,377,0.5358090185676393,1.9238095238095239,48.5,0.1286472148541114,-2.6,0.3050397877984085,326,0.598159509202454,-2.6,0.10309278350515463,19,0.9411764705882353,True,1161,0.5443583118001722,1.990256197642332,157.1536585658381,0.13536060169322833,-3.699999999999889,0.2954349698535745,348,0.5890804597701149,-4.299999999999983,0.07381310817616306,57,0.9411764705882353,True,1.8454863310162022,0.5257985257985258,19,12,27,9,0.08755178467570776,"{""QQQ"": ""negative_months;negative_day_streak>4;first_2_month_share<0.1;first_3_month_share<0.2"", ""SPXW"": ""negative_months;negative_day_streak>4;first_2_month_share<0.1;first_3_month_share<0.2"", ""SPY"": ""negative_months;negative_day_streak>4;first_2_month_share<0.1;first_3_month_share<0.2""}",0,3,False,-47.12288008225636
3,15,0,-3.0,5,18,684,0.44298245614035087,1.3276967036985907,37.137400116531,0.0542944446148114,-8.499999999999918,0.25877192982456143,469,0.4904051172707889,-7.999999999999986,0.20195274780857692,18,0.7083333333333334,False,581,0.43029259896729777,1.2533779090364698,24.976613238708445,0.04298900729553949,-6.472727238048201,0.2289156626506024,469,0.48187633262260127,-6.472727238048201,0.2202059962027265,18,0.5833333333333334,False,601,0.43594009983361065,1.2755685906204863,27.948336926874997,0.04650305645070715,-5.10000000000003,0.2562396006655574,484,0.493801652892562,-4.800000000000017,0.17890152151386232,18,0.7083333333333334,False,1866,0.4367631296891747,1.2874418315462464,90.06235028211445,0.048264925124391456,-8.499999999999918,0.24866023579849947,497,0.4969818913480885,-12.200000000000017,0.1443444453678851,54,0.75,False,1.2533779090364698,0.43029259896729777,18,377,0.5729442970822282,2.236024844720497,59.7,0.1583554376657825,-2.000000000000007,0.29708222811671087,338,0.6094674556213018,-2.000000000000007,0.08375209380234505,19,1.0,True,407,0.5257985257985258,1.8454863310162022,48.95365856583809,0.12027925937552356,-2.4000000000000057,0.28501228501228504,336,0.5565476190476191,-2.000000000000007,0.13277863576341506,19,0.8823529411764706,True,377,0.5358090185676393,1.9238095238095239,48.5,0.1286472148541114,-2.6,0.3050397877984085,326,0.598159509202454,-2.6,0.10309278350515463,19,0.9411764705882353,True,1161,0.5443583118001722,1.990256197642332,157.1536585658381,0.13536060169322833,-3.699999999999889,0.2954349698535745,348,0.5890804597701149,-4.299999999999983,0.07381310817616306,57,0.9411764705882353,True,1.8454863310162022,0.5257985257985258,19,12,27,9,0.08755178467570776,"{""QQQ"": ""negative_months;negative_day_streak>4;first_2_month_share<0.1;first_3_month_share<0.2"", ""SPXW"": ""negative_months;negative_day_streak>4;first_2_month_share<0.1;first_3_month_share<0.2"", ""SPY"": ""negative_months;negative_day_streak>4;first_2_month_share<0.1;first_3_month_share<0.2""}",0,3,False,-47.12288008225636
4,15,0,-3.0,1,18,693,0.4401154401154401,1.3122051922239348,36.037400116531,0.05200202037017461,-8.699999999999942,0.2597402597402597,469,0.4904051172707889,-8.499999999999979,0.20811712209393304,18,0.7083333333333334,False,583,0.4288164665523156,1.2457950488253786,24.376613238708448,0.04181237262214142,-6.7727272380481995,0.22984562607204118,469,0.48187633262260127,-6.772727238048201,0.2256260927693747,18,0.5833333333333334,False,601,0.43594009983361065,1.2755685906204863,27.948336926874997,0.04650305645070715,-5.10000000000003,0.2562396006655574,484,0.493801652892562,-4.800000000000017,0.17890152151386232,18,0.7083333333333334,False,1877,0.4352690463505594,1.2796066830567574,88.36235028211445,0.04707637202030605,-8.699999999999942,0.24933404368673415,497,0.49295774647887325,-12.700000000000017,0.147121482831714,54,0.75,False,1.2457950488253786,0.4288164665523156,18,377,0.5729442970822282,2.236024844720497,59.7,0.1583554376657825,-2.000000000000007,0.29708222811671087,338,0.6094674556213018,-2.000000000000007,0.08375209380234505,19,1.0,True,408,0.5245098039215687,1.8359735148769434,48.653658565838086,0.11924916315156393,-2.4000000000000057,0.28431372549019607,336,0.5565476190476191,-2.000000000000007,0.13359735303778247,19,0.8823529411764706,True,377,0.5358090185676393,1.9238095238095239,48.5,0.1286472148541114,-2.6,0.3050397877984085,326,0.598159509202454,-2.6,0.10309278350515463,19,0.9411764705882353,True,1162,0.5438898450946644,1.9865009972694223,156.8536585658381,0.13498593680364723,-3.699999999999889,0.29518072289156627,348,0.5890804597701149,-4.299999999999983,0.07395428392338706,57,0.9411764705882353,True,1.8359735148769434,0.5245098039215687,19,12,27,9,0.09273862838925608,"{""QQQ"": ""negative_months;negative_day_streak>4;first_2_month_share<0.1;first_3_month_share<0.2"", ""SPXW"": ""negative_months;negative_day_streak>4;first_2_month_share<0.1;first_3_month_share<0.2"", ""SPY"": ""negative_months;negative_day_streak>4;first_2_month_share<0.1;first_3_month_share<0.2""}",0,3,False,-47.19831032858353
4,15,0,-3.0,10,18,692,0.4407514450867052,1.3156245132854152,36.337400116531,0.0525106938100159,-8.399999999999924,0.26011560693641617,469,0.4904051172707889,-8.199999999999982,0.2063989161565805,18,0.7083333333333334,False,583,0.4288164665523156,1.2457950488253786,24.376613238708448,0.04181237262214142,-6.7727272380481995,0.22984562607204118,469,0.48187633262260127,-6.772727238048201,0.2256260927693747,18,0.5833333333333334,False,601,0.43594009983361065,1.2755685906204863,27.948336926874997,0.04650305645070715,-5.10000000000003,0.2562396006655574,484,0.493801652892562,-4.800000000000017,0.17890152151386232,18,0.7083333333333334,False,1876,0.43550106609808104,1.280822562491174,88.66235028211446,0.04726138074739577,-8.399999999999924,0.24946695095948826,497,0.4949698189134809,-12.40000000000002,0.14662367914492838,54,0.75,False,1.2457950488253786,0.4288164665523156,18,377,0.5729442970822282,2.236024844720497,59.7,0.1583554376657825,-2.000000000000007,0.29708222811671087,338,0.6094674556213018,-2.000000000000007,0.08375209380234505,19,1.0,True,408,0.5245098039215687,1.8359735148769434,48.653658565838086,0.11924916315156393,-2.4000000000000057,0.28431372549019607,336,0.5565476190476191,-2.000000000000007,0.13359735303778247,19,0.8823529411764706,True,377,0.5358090185676393,1.9238095238095239,48.5,0.1286472148541114,-2.6,0.3050397877984085,326,0.598159509202454,-2.6,0.10309278350515463,19,0.9411764705882353,True,1162,0.5438898450946644,1.9865009972694223,156.8536585658381,0.13498593680364723,-3.699999999999889,0.29518072289156627,348,0.5890804597701149,-4.299999999999983,0.07395428392338706,57,0.9411764705882353,True,1.8359735148769434,0.5245098039215687,19,12,27,9,0.09273862838925608,"{""QQQ"": ""negative_months;negative_day_streak>4;first_2_month_share<0.1;first_3_month_share<0.2"", ""SPXW"": ""negative_months;negative_day_streak>4;first_2_month_share<0.1;first_3_month_share<0.2"", ""SPY"": ""negative_months;negative_day_streak>4;first_2_month_share<0.1;first_3_month_share<0.2""}",0,3,False,-47.19831032858353
4,15,0,-3.0,5,18,693,0.4401154401154401,1.3122051922239348,36.037400116531,0.05200202037017461,-8.699999999999942,0.2597402597402597,469,0.4904051172707889,-8.499999999999979,0.20811712209393304,18,0.7083333333333334,False,583,0.4288164665523156,1.2457950488253786,24.376613238708448,0.04181237262214142,-6.7727272380481995,0.22984562607204118,469,0.48187633262260127,-6.772727238048201,0.2256260927693747,18,0.5833333333333334,False,601,0.43594009983361065,1.2755685906204863,27.948336926874997,0.04650305645070715,-5.10000000000003,0.2562396006655574,484,0.493801652892562,-4.800000000000017,0.17890152151386232,18,0.7083333333333334,False,1877,0.4352690463505594,1.2796066830567574,88.36235028211445,0.04707637202030605,-8.699999999999942,0.24933404368673415,497,0.49295774647887325,-12.700000000000017,0.147121482831714,54,0.75,False,1.2457950488253786,0.4288164665523156,18,377,0.5729442970822282,2.236024844720497,59.7,0.1583554376657825,-2.000000000000007,0.29708222811671087,338,0.6094674556213018,-2.000000000000007,0.08375209380234505,19,1.0,True,408,0.5245098039215687,1.8359735148769434,48.653658565838086,0.11924916315156393,-2.4000000000000057,0.28431372549019607,336,0.5565476190476191,-2.000000000000007,0.13359735303778247,19,0.8823529411764706,True,377,0.5358090185676393,1.9238095238095239,48.5,0.1286472148541114,-2.6,0.3050397877984085,326,0.598159509202454,-2.6,0.10309278350515463,19,0.9411764705882353,True,1162,0.5438898450946644,1.9865009972694223,156.8536585658381,0.13498593680364723,-3.699999999999889,0.29518072289156627,348,0.5890804597701149,-4.299999999999983,0.07395428392338706,57,0.9411764705882353,True,1.8359735148769434,0.5245098039215687,19,12,27,9,0.09273862838925608,"{""QQQ"": ""negative_months;negative_day_streak>4;first_2_month_share<0.1;first_3_month_share<0.2"", ""SPXW"": ""negative_months;negative_day_streak>4;first_2_month_share<0.1;first_3_month_share<0.2"", ""SPY"": ""negative_months;negative_day_streak>4;first_2_month_share<0.1;first_3_month_share<0.2""}",0,3,False,-47.19831032858353
4,30,0,0.0,10,18,827,0.4207980652962515,1.2145437323161952,30.553667728397386,0.03694518467762683,-8.500000000000032,0.279322853688029,469,0.47334754797441364,-7.899999999999995,0.2618343588440804,18,0.75,False,808,0.39851485148514854,1.0992591686823505,14.331401122867646,0.017736882577806493,-11.45678365259344,0.275990099009901,482,0.44398340248962653,-11.45678365259344,0.5582147852407077,18,0.625,False,745,0.4228187919463087,1.2102936342837272,27.04173749227425,0.03629763421781779,-6.400000000000033,0.2697986577181208,485,0.4742268041237113,-5.600000000000007,0.2588591062981763,18,0.7083333333333334,False,2380,0.41386554621848737,1.1731564104594572,71.92680634353928,0.030221347203167766,-11.456783652593568,0.27521008403361347,498,0.5100401606425703,-18.51851861050099,0.23218047413695647,54,0.75,False,1.0992591686823505,0.39851485148514854,18,423,0.5508274231678487,2.0505725004034505,59.68659790030413,0.141103068322232,-3.0999999999999996,0.28368794326241137,338,0.5887573964497042,-2.8999999999999915,0.12565634939567874,19,0.9411764705882353,True,451,0.5055432372505543,1.7089625633346497,47.23215321016853,0.10472761243939809,-4.299999999999999,0.2660753880266075,336,0.5446428571428571,-4.299999999999999,0.1493401864287551,19,0.8823529411764706,True,454,0.486784140969163,1.5803146784833242,40.46010140418561,0.08911916608851456,-5.200000000000021,0.2973568281938326,328,0.5548780487804879,-5.1000000000000085,0.14829424029518865,19,0.8823529411764706,True,1328,0.5135542168674698,1.7630047587457176,147.37885251465826,0.11097805159236315,-5.20000000000033,0.28237951807228917,348,0.5862068965517241,-9.900000000000006,0.10584965029801971,57,0.8823529411764706,True,1.5803146784833242,0.486784140969163,19,12,27,9,0.18609685189091676,"{""QQQ"": ""negative_months;negative_day_streak>4;first_2_month_share<0.1;first_3_month_share<0.2"", ""SPXW"": ""negative_months;negative_day_streak>4;first_2_month_share<0.1;first_3_month_share<0.2"", ""SPY"": ""negative_months;negative_day_streak>4;first_2_month_share<0.1;first_3_month_share<0.2""}",0,3,False,-49.34776598350322
5,30,0,0.0,10,18,833,0.4189675870348139,1.2053588638907144,29.553667728397386,0.03547859271116133,-8.500000000000032,0.28211284513805523,469,0.47547974413646055,-7.899999999999995,0.2706939819964545,18,0.7083333333333334,False,831,0.39590854392298436,1.0883138688994447,13.163333863987962,0.01584035362694099,-11.356783652593437,0.29001203369434414,484,0.4462809917355372,-11.356783652593439,0.5697644743721331,18,0.625,False,746,0.42359249329758714,1.2141819501573616,27.54173749227425,0.03691921915854457,-6.400000000000033,0.26943699731903487,485,0.4762886597938144,-5.600000000000007,0.2541597094941296,18,0.7083333333333334,False,2410,0.41244813278008297,1.1666658895576623,70.2587390846596,0.029153003769568298,-11.35678365259357,0.2809128630705394,498,0.5160642570281124,-18.11851861050099,0.22772967759527388,54,0.7083333333333334,False,1.0883138688994447,0.39590854392298436,18,423,0.5508274231678487,2.0505725004034505,59.68659790030413,0.141103068322232,-3.0999999999999996,0.28368794326241137,338,0.5887573964497042,-2.8999999999999915,0.12565634939567874,19,0.9411764705882353,True,451,0.5055432372505543,1.7089625633346497,47.23215321016853,0.10472761243939809,-4.299999999999999,0.2660753880266075,336,0.5446428571428571,-4.299999999999999,0.1493401864287551,19,0.8823529411764706,True,454,0.486784140969163,1.5803146784833242,40.46010140418561,0.08911916608851456,-5.200000000000021,0.2973568281938326,328,0.5548780487804879,-5.1000000000000085,0.14829424029518865,19,0.8823529411764706,True,1328,0.5135542168674698,1.7630047587457176,147.37885251465826,0.11097805159236315,-5.20000000000033,0.28237951807228917,348,0.5862068965517241,-9.900000000000006,0.10584965029801971,57,0.8823529411764706,True,1.5803146784833242,0.486784140969163,19,12,28,8,0.18804026927788553,"{""QQQ"": ""negative_months;negative_day_streak>4;first_2_month_share<0.1;first_3_month_share<0.2"", ""SPXW"": ""negative_months;negative_day_streak>4;first_2_month_share<0.1;first_3_month_share<0.2"", ""SPY"": ""negative_months;negative_day_streak>4;first_2_month_share<0.1;first_3_month_share<0.2""}",0,3,False,-48.84776598350322
4,15,0,1.0,10,18,925,0.42702702702702705,1.2422809124072571,38.25437202683067,0.04135607786684397,-9.899999999999995,0.2897297297297297,478,0.4707112970711297,-9.299999999999999,0.19605602190357968,18,0.75,False,921,0.3952225841476656,1.080622201940138,13.353740384719664,0.014499175227708647,-13.756783652593446,0.27904451682953313,480,0.4395833333333333,-13.356783652593437,0.6739684718072297,18,0.625,False,929,0.41657696447793324,1.1814482517995144,29.30993073483262,0.03154997926246784,-8.200000000000042,0.28094725511302476,487,0.4702258726899384,-7.400000000000015,0.28215151285043927,18,0.7083333333333334,False,2775,0.412972972972973,1.1668208777823912,80.91804314638296,0.02915965518788575,-13.756783652593189,0.28324324324324324,498,0.5100401606425703,-19.336842083248527,0.2446920270202439,54,0.7916666666666666,False,1.080622201940138,0.3952225841476656,18,482,0.5414937759336099,1.9680943141869798,64.00400866427306,0.13278839971840883,-3.7,0.27800829875518673,340,0.5941176470588235,-3.3,0.1249921710679598,19,0.9411764705882353,True,575,0.4747826086956522,1.509647763607375,46.032153210168524,0.08005591862638003,-5.199999999999999,0.24521739130434783,338,0.5207100591715976,-5.199999999999999,0.17379156615756128,19,0.8235294117647058,True,525,0.4780952380952381,1.5236935401002139,42.95385134318398,0.08181685970130281,-5.000000000000021,0.29904761904761906,330,0.5575757575757576,-4.900000000000009,0.1746059960974866,19,0.8235294117647058,True,1582,0.49620733249051835,1.6415862583408296,152.99001321762557,0.0967067087342766,-5.199999999999946,0.27307206068268014,348,0.6149425287356322,-11.099999999999994,0.12026928825626236,57,0.8823529411764706,True,1.509647763607375,0.4747826086956522,19,12,29,9,0.2249150908414244,"{""QQQ"": ""negative_months;negative_day_streak>4;first_2_month_share<0.1;first_3_month_share<0.2"", ""SPXW"": ""negative_months;negative_day_streak>4;first_2_month_share<0.1;first_3_month_share<0.2"", ""SPY"": ""negative_months;negative_day_streak>4;first_2_month_share<0.1;first_3_month_share<0.2""}",0,3,False,-52.28821229846612
3,45,0,1.0,10,18,722,0.4390581717451524,1.3017273506959908,36.42510124628626,0.05045027873446851,-5.89999999999999,0.29362880886426596,476,0.5315126050420168,-5.399999999999994,0.17844837152409318,18,0.6666666666666666,False,745,0.39731543624161075,1.0877496458997462,11.732853273061453,0.015748796339679804,-12.319346155152791,0.2993288590604027,485,0.5051546391752577,-12.01934615515278,0.4687691793289498,18,0.5833333333333334,False,736,0.4279891304347826,1.232640374142717,29.31561960404053,0.0398310048967942,-5.5696969988881015,0.28532608695652173,486,0.5205761316872428,-5.569696998888103,0.18761329537929816,18,0.75,False,2203,0.4212437585111212,1.2036405417088207,77.47357412338826,0.03516730554851941,-12.319346155152719,0.29278256922378576,498,0.5,-15.091547043953852,0.19361440555343756,57,0.625,False,1.0877496458997462,0.39731543624161075,18,412,0.5461165048543689,2.0120399720876927,56.58659790030413,0.13734611140850517,-2.70000000000001,0.3106796116504854,343,0.60932944606414,-2.7000000000000064,0.08836014507903694,19,1.0,True,459,0.4923747276688453,1.6209597593345915,43.232153210168526,0.09418769762563949,-2.70000000000001,0.2984749455337691,339,0.5870206489675516,-2.7000000000000064,0.13878559253876707,19,0.8823529411764706,True,438,0.4885844748858447,1.5934378802455256,39.77278146387774,0.09080543713214097,-3.300000000000015,0.319634703196347,331,0.595166163141994,-3.200000000000017,0.12571411442624594,19,0.8235294117647058,True,1309,0.5080213903743316,1.7249403940534325,139.5915325743504,0.10663982626000794,-3.3000000000002387,0.3093964858670741,348,0.5948275862068966,-6.100000000000023,0.09312885789169076,57,0.9411764705882353,True,1.5934378802455256,0.4885844748858447,19,12,29,9,0.21867269603288303,"{""QQQ"": ""negative_months;negative_day_streak>4;first_2_month_share<0.1;first_3_month_share<0.2"", ""SPXW"": ""negative_months;negative_day_streak>4;first_2_month_share<0.1;first_3_month_share<0.2"", ""SPY"": ""negative_months;negative_day_streak>4;first_2_month_share<0.1;first_3_month_share<0.2""}",0,3,False,-52.89973456816681
3,30,0,0.0,10,18,811,0.41800246609124536,1.198376770317165,27.834702166054672,0.034321457664679006,-9.318965562342715,0.2762022194821208,469,0.4562899786780384,-9.2,0.26944782650293614,18,0.6666666666666666,False,794,0.3979848866498741,1.0967111429497152,13.731401122867652,0.01729395607414062,-10.456783652593433,0.27329974811083124,483,0.4389233954451346,-10.456783652593428,0.5461933514934496,18,0.625,False,738,0.4268292682926829,1.230386994058513,29.141737492274245,0.039487449176523366,-6.400000000000034,0.2682926829268293,485,0.4742268041237113,-5.600000000000007,0.24020530697099882,18,0.7083333333333334,False,2343,0.4139991463935126,1.172970168290384,70.70784078119655,0.030178335800766773,-10.456783652593561,0.2727272727272727,498,0.5040160642570282,-17.736842083248504,0.23759741231509435,54,0.7083333333333334,False,1.0967111429497152,0.3979848866498741,18,423,0.5508274231678487,2.0505725004034505,59.68659790030413,0.141103068322232,-3.0999999999999996,0.28368794326241137,338,0.5887573964497042,-2.8999999999999915,0.12565634939567874,19,0.9411764705882353,True,449,0.5055679287305123,1.7091538854244055,47.03215321016853,0.10474867084670052,-4.299999999999999,0.2650334075723831,336,0.5446428571428571,-4.299999999999999,0.14572283210619208,19,0.8823529411764706,True,454,0.486784140969163,1.5803146784833242,40.46010140418561,0.08911916608851456,-5.200000000000021,0.2973568281938326,328,0.5548780487804879,-5.1000000000000085,0.14829424029518865,19,0.8823529411764706,True,1326,0.5135746606334841,1.7631546189845322,147.17885251465827,0.1109946097395613,-5.20000000000033,0.28205128205128205,348,0.5862068965517241,-9.900000000000006,0.10599348842216526,57,0.8823529411764706,True,1.5803146784833242,0.486784140969163,19,12,29,10,0.1720897298943596,"{""QQQ"": ""negative_months;negative_day_streak>4;first_2_month_share<0.1;first_3_month_share<0.2"", ""SPXW"": ""negative_months;negative_day_streak>4;first_2_month_share<0.1;first_3_month_share<0.2"", ""SPY"": ""negative_months;negative_day_streak>4;first_2_month_share<0.1;first_3_month_share<0.2""}",0,3,False,-54.36376598350323
3,15,0,1.0,10,18,893,0.42889137737961924,1.2548041263907175,38.61179714615804,0.04323829467654876,-9.1,0.2877939529675252,482,0.4605809128630705,-8.599999999999998,0.1942411530758357,18,0.7083333333333334,False,890,0.3955056179775281,1.0819040510808773,13.122258965418334,0.014744111197099253,-11.688265071894762,0.27303370786516856,481,0.42411642411642414,-11.288265071894768,0.5715479339163386,18,0.5833333333333334,False,891,0.41975308641975306,1.1967752118768953,30.309930734832626,0.034017879612606765,-8.10000000000004,0.265993265993266,486,0.4403292181069959,-7.300000000000006,0.24744365355414316,18,0.7916666666666666,False,2674,0.41473448017950637,1.176141889581015,82.04398684640898,0.030682119239494758,-11.688265071894428,0.2756170531039641,498,0.5120481927710844,-16.436842083248493,0.22792651501696845,54,0.7083333333333334,False,1.0819040510808773,0.3955056179775281,18,483,0.5320910973084886,1.8948523042082692,60.50400866427306,0.12526709868379515,-3.482589236031078,0.3084886128364389,341,0.5806451612903226,-3.482589236031071,0.12395872877805973,19,0.8823529411764706,True,535,0.4934579439252336,1.6273908758794926,50.83215321016853,0.09501337048629631,-3.7999999999999403,0.23925233644859814,336,0.5267857142857143,-3.4,0.14754440892934062,19,0.9411764705882353,True,511,0.4755381604696673,1.5080199369049403,40.75385134318398,0.07975313374399996,-4.40000000000002,0.29354207436399216,331,0.552870090634441,-4.300000000000008,0.17176290753611778,19,0.7647058823529411,True,1529,0.499672988881622,1.6645667829119768,152.09001321762554,0.09947025063284862,-4.400000000000318,0.27926749509483323,348,0.6149425287356322,-9.900000000000006,0.12098098757918738,57,0.8823529411764706,True,1.5080199369049403,0.4755381604696673,19,12,29,10,0.17650486788781417,"{""QQQ"": ""negative_months;negative_day_streak>4;first_2_month_share<0.1;first_3_month_share<0.2"", ""SPXW"": ""negative_months;negative_day_streak>4;first_2_month_share<0.1;first_3_month_share<0.2"", ""SPY"": ""negative_months;negative_day_streak>4;first_2_month_share<0.1;first_3_month_share<0.2""}",0,3,False,-54.36608477665625
5,15,0,1.0,10,18,949,0.42571127502634354,1.236940729313098,38.43470216605468,0.0405002130306161,-8.599999999999909,0.2950474183350896,479,0.4759916492693111,-7.9,0.2055434166204425,18,0.7083333333333334,False,933,0.39442658092175775,1.0770902088695642,12.953740384719662,0.013883966114383346,-14.356783652593458,0.2840300107181136,480,0.44375,-13.956783652593442,0.6716206857335655,18,0.625,False,941,0.4165781083953241,1.1815641125312588,29.70993073483262,0.03157272129100172,-8.200000000000042,0.27948990435706694,487,0.4722792607802875,-7.400000000000013,0.2951821522792257,18,0.7083333333333334,False,2823,0.412327311370882,1.1642069285830254,81.09837328560695,0.028727726987462614,-14.356783652593183,0.28622033297910027,498,0.5140562248995983,-19.536842083248516,0.24414793044331054,54,0.75,False,1.0770902088695642,0.39442658092175775,18,482,0.5414937759336099,1.9680943141869798,64.00400866427306,0.13278839971840883,-3.7,0.27800829875518673,340,0.5941176470588235,-3.3,0.1249921710679598,19,0.9411764705882353,True,573,0.47643979057591623,1.5197433215739264,46.632153210168525,0.08138246633537265,-5.199999999999999,0.24607329842931938,336,0.5238095238095238,-5.199999999999999,0.17584433562488644,19,0.8235294117647058,True,525,0.48,1.5354054431758788,43.75385134318398,0.08334066922511235,-5.000000000000018,0.29714285714285715,330,0.5575757575757576,-4.900000000000002,0.17598450796033785,19,0.8235294117647058,True,1580,0.49746835443037973,1.6499103110495295,154.39001321762555,0.09771519823900351,-5.199999999999946,0.2727848101265823,348,0.6149425287356322,-11.099999999999994,0.12241724452318609,57,0.8823529411764706,True,1.5197433215739264,0.47643979057591623,19,12,30,8,0.234229660924155,"{""QQQ"": ""negative_months;negative_day_streak>4;first_2_month_share<0.1;first_3_month_share<0.2"", ""SPXW"": ""negative_months;negative_day_streak>4;first_2_month_share<0.1;first_3_month_share<0.2"", ""SPY"": ""negative_months;negative_day_streak>4;first_2_month_share<0.1;first_3_month_share<0.2""}",0,3,False,-51.62076296299257
3,45,0,1.0,5,18,762,0.4409448818897638,1.3093917754045026,39.376460730695904,0.05167514531587389,-5.499999999999987,0.2900262467191601,479,0.5490605427974948,-5.200000000000003,0.16507324120506664,18,0.6666666666666666,False,814,0.39926289926289926,1.0960201295122562,14.012121563528265,0.017213908554703027,-12.619346155152794,0.29975429975429974,490,0.5326530612244897,-12.319346155152791,0.39251729119420337,18,0.5833333333333334,False,807,0.41759603469640644,1.182475229434699,25.676564905371617,0.0318173047154543,-6.156720664334268,0.2812887236679058,490,0.5448979591836735,-6.156720664334272,0.21420310778601787,20,0.7083333333333334,False,2383,0.41879983214435584,1.1910191485780208,79.06514719959578,0.03317882803172295,-12.619346155152346,0.29039026437263954,499,0.5230460921843687,-15.880419652706479,0.1897169679850629,56,0.75,False,1.0960201295122562,0.39926289926289926,18,460,0.5304347826086957,1.888153170015084,57.38659790030413,0.12475347369631333,-2.70000000000001,0.30434782608695654,347,0.6195965417867435,-2.7000000000000064,0.08712835719389285,19,1.0,True,482,0.491701244813278,1.6163783848876303,45.132153210168525,0.0936351726352044,-2.999999999999943,0.3091286307053942,337,0.5875370919881305,-2.799999999999997,0.13294291482304388,18,0.8823529411764706,True,452,0.5022123893805309,1.6834860463129164,46.08037377346738,0.10194772958731721,-3.4999999999999973,0.32079646017699115,328,0.6067073170731707,-3.399999999999997,0.10850606430798854,19,0.8823529411764706,True,1394,0.5078909612625538,1.723974872653668,148.59912488394002,0.10659908528259686,-3.4999999999999574,0.3113342898134864,350,0.5914285714285714,-7.200000000000003,0.10094272097305694,57,0.9411764705882353,True,1.6163783848876303,0.491701244813278,18,12,30,9,0.20829313069253444,"{""QQQ"": ""negative_months;negative_day_streak>4;first_2_month_share<0.1;first_3_month_share<0.2"", ""SPXW"": ""negative_months;negative_day_streak>4;first_2_month_share<0.1;first_3_month_share<0.2"", ""SPY"": ""negative_months;negative_day_streak>4;first_2_month_share<0.1;first_3_month_share<0.2""}",0,3,False,-53.55507435040682
4,45,0,1.0,10,18,728,0.4368131868131868,1.2898424844007679,35.42510124628626,0.04866085336028333,-5.6999999999999895,0.29532967032967034,476,0.5336134453781513,-5.199999999999995,0.18348571412146403,18,0.6666666666666666,False,751,0.3968042609853529,1.085486629874337,11.532853273061452,0.015356662147884757,-12.11934615515279,0.303595206391478,485,0.5092783505154639,-11.81934615515278,0.47689846300628413,18,0.5416666666666666,False,737,0.4287652645861601,1.236608231163734,29.81561960404053,0.040455386165590954,-5.5696969988881015,0.28493894165535955,486,0.522633744855967,-5.569696998888103,0.18446707038262103,18,0.75,False,2216,0.42057761732851984,1.20037849548791,76.77357412338824,0.034645114676619244,-12.11934615515283,0.2946750902527076,498,0.5,-15.691547043953854,0.19537972761164457,57,0.625,False,1.085486629874337,0.3968042609853529,18,412,0.5461165048543689,2.0120399720876927,56.58659790030413,0.13734611140850517,-2.70000000000001,0.3106796116504854,343,0.60932944606414,-2.7000000000000064,0.08836014507903694,19,1.0,True,460,0.4934782608695652,1.6281414483464232,43.73215321016853,0.09506989828297507,-2.70000000000001,0.3,339,0.5870206489675516,-2.7000000000000064,0.14863205954580416,19,0.8823529411764706,True,438,0.4885844748858447,1.5934378802455256,39.77278146387774,0.09080543713214097,-3.300000000000015,0.319634703196347,331,0.595166163141994,-3.200000000000017,0.12571411442624594,19,0.8235294117647058,True,1310,0.5083969465648855,1.7275370429356536,140.0915325743504,0.10694010120179419,-3.3000000000002387,0.3099236641221374,348,0.5948275862068966,-6.100000000000023,0.09636556722537946,57,0.9411764705882353,True,1.5934378802455256,0.4885844748858447,19,12,30,9,0.21386672882666435,"{""QQQ"": ""negative_months;negative_day_streak>4;first_2_month_share<0.1;first_3_month_share<0.2"", ""SPXW"": ""negative_months;negative_day_streak>4;first_2_month_share<0.1;first_3_month_share<0.2"", ""SPY"": ""negative_months;negative_day_streak>4;first_2_month_share<0.1;first_3_month_share<0.2""}",0,3,False,-54.3597345681668
5,45,0,1.0,10,18,729,0.43621399176954734,1.2866842512815058,35.12510124628626,0.04818258058475482,-5.999999999999991,0.2962962962962963,476,0.5336134453781513,-5.499999999999995,0.18505284737612643,18,0.6666666666666666,False,752,0.3962765957446808,1.0830781530039926,11.232853273061451,0.014937304884390228,-12.11934615515279,0.3045212765957447,485,0.5092783505154639,-11.81934615515278,0.4896351680467563,18,0.5416666666666666,False,737,0.4287652645861601,1.236608231163734,29.81561960404053,0.040455386165590954,-5.5696969988881015,0.28493894165535955,486,0.522633744855967,-5.569696998888103,0.18446707038262103,18,0.75,False,2218,0.42019837691614065,1.1985016469009744,76.17357412338825,0.034343360740932485,-12.119346155152844,0.29531109107303877,498,0.5,-15.691547043953854,0.19691868436818455,57,0.625,False,1.0830781530039926,0.3962765957446808,18,412,0.5461165048543689,2.0120399720876927,56.58659790030413,0.13734611140850517,-2.70000000000001,0.3106796116504854,343,0.60932944606414,-2.7000000000000064,0.08836014507903694,19,1.0,True,460,0.4934782608695652,1.6281414483464232,43.73215321016853,0.09506989828297507,-2.70000000000001,0.3,339,0.5870206489675516,-2.7000000000000064,0.14863205954580416,19,0.8823529411764706,True,438,0.4885844748858447,1.5934378802455256,39.77278146387774,0.09080543713214097,-3.300000000000015,0.319634703196347,331,0.595166163141994,-3.200000000000017,0.12571411442624594,19,0.8235294117647058,True,1310,0.5083969465648855,1.7275370429356536,140.0915325743504,0.10694010120179419,-3.3000000000002387,0.3099236641221374,348,0.5948275862068966,-6.100000000000023,0.09636556722537946,57,0.9411764705882353,True,1.5934378802455256,0.4885844748858447,19,12,30,9,0.2150340173026072,"{""QQQ"": ""negative_months;negative_day_streak>4;first_2_month_share<0.1;first_3_month_share<0.2"", ""SPXW"": ""negative_months;negative_day_streak>4;first_2_month_share<0.1;first_3_month_share<0.2"", ""SPY"": ""negative_months;negative_day_streak>4;first_2_month_share<0.1;first_3_month_share<0.2""}",0,3,False,-54.3597345681668
4,45,0,1.0,1,18,839,0.42908224076281287,1.2562426931283748,36.44779421151104,0.04344194780871399,-5.499999999999893,0.3098927294398093,466,0.5708154506437768,-5.500000000000007,0.1975428185919157,18,0.6666666666666666,False,874,0.40160183066361554,1.1095685174839214,17.089688509814312,0.01955341934761363,-11.39485641550424,0.3180778032036613,487,0.5441478439425051,-11.094856415504244,0.38034631212073655,18,0.5833333333333334,False,826,0.42493946731234866,1.2177496084576411,30.95654069696633,0.03747765217550403,-6.6696969988881,0.2857142857142857,490,0.5673469387755102,-6.669696998888102,0.17766843052134013,18,0.75,False,2539,0.41827491138243406,1.1918671543206614,84.49402341829166,0.033278465308504,-11.394856415503991,0.30484442693974007,501,0.530938123752495,-16.56892799591244,0.17752734919180957,56,0.7083333333333334,False,1.1095685174839214,0.40160183066361554,18,532,0.4981203007518797,1.658044789967768,52.58659790030413,0.09884698853440625,-2.9000000000000092,0.30451127819548873,348,0.6436781609195402,-2.9000000000000057,0.09508126023819242,21,0.8823529411764706,True,555,0.4702702702702703,1.4826140434984298,42.43215321016853,0.07645433010841177,-3.2,0.2918918918918919,339,0.6017699115044248,-3.2,0.153185721398704,22,0.8823529411764706,True,538,0.48141263940520446,1.548588087108263,45.71050418540523,0.08496376242640377,-3.2091911996607436,0.3104089219330855,336,0.6369047619047619,-3.2091911996607347,0.12032245318694339,20,0.8823529411764706,True,1625,0.48307692307692307,1.560319788642477,140.7292552958779,0.08660261864361717,-3.2091911996606513,0.30215384615384616,350,0.6057142857142858,-7.5,0.11014056720055714,66,0.9411764705882353,True,1.4826140434984298,0.4702702702702703,20,12,30,9,0.18639974998924572,"{""QQQ"": ""negative_months;negative_day_streak>4;first_2_month_share<0.1;first_3_month_share<0.2"", ""SPXW"": ""negative_months;negative_day_streak>4;first_2_month_share<0.1;first_3_month_share<0.2"", ""SPY"": ""negative_months;negative_day_streak>4;first_2_month_share<0.1;first_3_month_share<0.2""}",0,3,False,-54.9177785480268
5,45,0,1.0,1,18,839,0.42908224076281287,1.2562426931283748,36.44779421151104,0.04344194780871399,-5.499999999999893,0.3098927294398093,466,0.5708154506437768,-5.500000000000007,0.1975428185919157,18,0.6666666666666666,False,875,0.40114285714285713,1.10743845426652,16.789688509814315,0.019188215439787788,-11.39485641550424,0.31885714285714284,487,0.5441478439425051,-11.094856415504244,0.38714238183754646,18,0.5833333333333334,False,826,0.42493946731234866,1.2177496084576411,30.95654069696633,0.03747765217550403,-6.6696969988881,0.2857142857142857,490,0.5673469387755102,-6.669696998888102,0.17766843052134013,18,0.75,False,2540,0.41811023622047244,1.1910557674148687,84.19402341829166,0.033147253314288055,-11.394856415503991,0.3051181102362205,501,0.530938123752495,-16.56892799591244,0.17815991433830394,56,0.7083333333333334,False,1.10743845426652,0.40114285714285713,18,532,0.4981203007518797,1.658044789967768,52.58659790030413,0.09884698853440625,-2.9000000000000092,0.30451127819548873,348,0.6436781609195402,-2.9000000000000057,0.09508126023819242,21,0.8823529411764706,True,555,0.4702702702702703,1.4826140434984298,42.43215321016853,0.07645433010841177,-3.2,0.2918918918918919,339,0.6017699115044248,-3.2,0.153185721398704,22,0.8823529411764706,True,538,0.48141263940520446,1.548588087108263,45.71050418540523,0.08496376242640377,-3.2091911996607436,0.3104089219330855,336,0.6369047619047619,-3.2091911996607347,0.12032245318694339,20,0.8823529411764706,True,1625,0.48307692307692307,1.560319788642477,140.7292552958779,0.08660261864361717,-3.2091911996606513,0.30215384615384616,350,0.6057142857142858,-7.5,0.11014056720055714,66,0.9411764705882353,True,1.4826140434984298,0.4702702702702703,20,12,30,9,0.18734399493963375,"{""QQQ"": ""negative_months;negative_day_streak>4;first_2_month_share<0.1;first_3_month_share<0.2"", ""SPXW"": ""negative_months;negative_day_streak>4;first_2_month_share<0.1;first_3_month_share<0.2"", ""SPY"": ""negative_months;negative_day_streak>4;first_2_month_share<0.1;first_3_month_share<0.2""}",0,3,False,-54.9177785480268
3,45,0,1.0,1,18,832,0.43028846153846156,1.2625263944334655,36.94779421151103,0.04440840650421999,-4.926503758976127,0.30649038461538464,466,0.5665236051502146,-4.900000000000006,0.1894565061158417,18,0.6666666666666666,False,868,0.402073732718894,1.1117102543460946,17.28968850981431,0.019918995979048747,-11.59485641550424,0.31451612903225806,487,0.5400410677618069,-11.294856415504245,0.37594662253807193,18,0.5833333333333334,False,824,0.42475728155339804,1.2168002947668928,30.756540696966326,0.037325898904085344,-6.6696969988881,0.28640776699029125,490,0.5653061224489796,-6.669696998888102,0.178823751805823,18,0.75,False,2524,0.4187797147385103,1.1943263591897841,84.99402341829168,0.03367433574417261,-11.594856415503923,0.30269413629160064,501,0.530938123752495,-16.568927995912436,0.17648299723591895,56,0.7083333333333334,False,1.1117102543460946,0.402073732718894,18,532,0.4981203007518797,1.658044789967768,52.58659790030413,0.09884698853440625,-2.9000000000000092,0.30451127819548873,348,0.6436781609195402,-2.9000000000000057,0.09508126023819242,21,0.8823529411764706,True,554,0.4693140794223827,1.4769271526976258,41.93215321016852,0.07568980723857134,-3.2,0.29061371841155237,339,0.6017699115044248,-3.2,0.14308828764235754,22,0.8823529411764706,True,538,0.48141263940520446,1.548588087108263,45.71050418540523,0.08496376242640377,-3.2091911996607436,0.3104089219330855,336,0.6369047619047619,-3.2091911996607347,0.12032245318694339,20,0.8823529411764706,True,1624,0.4827586206896552,1.5583290164058712,140.2292552958779,0.08634806360583613,-3.2091911996606513,0.3017241379310345,350,0.6057142857142858,-7.5,0.11053328328169215,66,0.9411764705882353,True,1.4769271526976258,0.4693140794223827,20,12,30,9,0.19072112733186253,"{""QQQ"": ""negative_months;negative_day_streak>4;first_2_month_share<0.1;first_3_month_share<0.2"", ""SPXW"": ""negative_months;negative_day_streak>4;first_2_month_share<0.1;first_3_month_share<0.2"", ""SPY"": ""negative_months;negative_day_streak>4;first_2_month_share<0.1;first_3_month_share<0.2""}",0,3,False,-54.989081574574485
3,30,0,1.0,10,18,904,0.4247787610619469,1.2308332587087651,35.75437202683068,0.039551296489856946,-8.799999999999995,0.2853982300884956,480,0.45208333333333334,-8.399999999999999,0.20976455674768596,18,0.75,False,886,0.3927765237020316,1.0691145876188297,11.053740384719667,0.01247600494889353,-12.256783652593432,0.27878103837471785,482,0.42323651452282157,-11.856783652593434,0.678503360759925,18,0.5833333333333334,False,887,0.41713641488162345,1.1816477637493117,28.030549332710205,0.031601521231916806,-8.100000000000037,0.26944757609921083,485,0.44742268041237115,-7.300000000000006,0.26756521647072706,18,0.7083333333333334,False,2677,0.4116548375046694,1.159523486035856,74.83866174426055,0.027956168003085747,-12.25678365259342,0.27792304818827046,498,0.5100401606425703,-18.328196020552294,0.26323292721774,54,0.75,False,1.0691145876188297,0.3927765237020316,18,480,0.5291666666666667,1.8726673533935145,59.00400866427306,0.12292501805056887,-3.4825892360310853,0.30416666666666664,341,0.5718475073313783,-3.4825892360310746,0.12711000777378118,19,0.8823529411764706,True,526,0.49429657794676807,1.6329376309597243,50.33215321016852,0.09568850420184129,-3.7999999999999403,0.25475285171102663,336,0.5238095238095238,-3.4,0.14901011623092628,19,0.9411764705882353,True,516,0.47093023255813954,1.4803400164687786,39.25385134318398,0.07607335531624802,-5.200000000000021,0.29457364341085274,331,0.5468277945619335,-5.1000000000000085,0.17832645104810782,19,0.7647058823529411,True,1522,0.4973718791064389,1.6492733149781968,148.59001321762557,0.09762812957794058,-5.20000000000033,0.28383705650459923,348,0.6063218390804598,-10.700000000000003,0.11710073660546677,57,0.9411764705882353,True,1.4803400164687786,0.47093023255813954,19,12,30,10,0.19315160142233062,"{""QQQ"": ""negative_months;negative_day_streak>4;first_2_month_share<0.1;first_3_month_share<0.2"", ""SPXW"": ""negative_months;negative_day_streak>4;first_2_month_share<0.1;first_3_month_share<0.2"", ""SPY"": ""negative_months;negative_day_streak>4;first_2_month_share<0.1;first_3_month_share<0.2""}",0,3,False,-56.29830816257164
4,15,0,1.0,5,18,1002,0.4251497005988024,1.229253583097247,39.31981077206832,0.03924132811583665,-9.20000000000001,0.3063872255489022,482,0.46887966804979253,-9.200000000000003,0.1907435425739075,18,0.7916666666666666,False,1067,0.39456419868791004,1.0770793593456025,14.80109719531442,0.013871693716320918,-11.656783652593443,0.32146204311152765,481,0.4365904365904366,-11.556783652593442,0.5742817500509924,18,0.5833333333333334,False,1091,0.4078826764436297,1.1407660201523675,27.127624669001914,0.0248649172034848,-6.453030385814542,0.28139321723189736,484,0.45867768595041325,-5.999999999999998,0.2949023402384879,18,0.625,False,3160,0.4088607594936709,1.146064584168099,81.24853263638465,0.02571156096088122,-11.795428102554968,0.3028481012658228,498,0.5180722891566265,-19.51851861050099,0.244927500279413,54,0.7916666666666666,False,1.0770793593456025,0.39456419868791004,18,522,0.553639846743295,2.067284143698356,74.40400866427306,0.1425364150656572,-3.5000000000000107,0.3045977011494253,344,0.6017441860465116,-3.200000000000001,0.10752108849534876,19,1.0,True,564,0.50177304964539,1.6823509406011838,57.33215321016853,0.10165275391873853,-4.89999999999992,0.26595744680851063,336,0.5357142857142857,-4.900000000000006,0.14825886564630936,19,0.9411764705882353,True,626,0.4536741214057508,1.383969957251898,39.25091020452487,0.06270113451202056,-5.099999999999916,0.30990415335463256,335,0.5253731343283582,-4.999999999999989,0.1910783714548203,19,0.7058823529411765,True,1712,0.5,1.6680257161556413,170.98707207896646,0.09987562621434957,-5.100000000000421,0.29380841121495327,348,0.6149425287356322,-10.299999999999983,0.12806265757465124,57,0.9411764705882353,True,1.383969957251898,0.4536741214057508,19,12,30,11,0.16021437530721608,"{""QQQ"": ""negative_months;negative_day_streak>4;first_2_month_share<0.1;first_3_month_share<0.2"", ""SPXW"": ""negative_months;negative_day_streak>4;first_2_month_share<0.1;first_3_month_share<0.2"", ""SPY"": ""negative_months;negative_day_streak>4;first_2_month_share<0.1;first_3_month_share<0.2""}",0,3,False,-57.04016208320594
4,45,0,1.0,5,18,776,0.4381443298969072,1.2945904610687025,38.376460730695904,0.04945420197254627,-6.399999999999986,0.2963917525773196,482,0.549792531120332,-6.099999999999989,0.174586188315196,18,0.6666666666666666,False,822,0.3978102189781022,1.0894348535856226,13.212121563528264,0.0160731405882339,-12.719346155152795,0.30413625304136255,490,0.536734693877551,-12.41934615515279,0.4162843925976744,18,0.5416666666666666,False,809,0.4177997527812114,1.1835053318928173,25.876564905371616,0.03198586514879063,-6.156720664334268,0.28059332509270707,490,0.5469387755102041,-6.156720664334272,0.21254753171887494,20,0.7083333333333334,False,2407,0.41753219775654343,1.1848756569523593,77.46514719959578,0.03218327677590186,-12.719346155152383,0.2937266306605733,499,0.5190380761523046,-16.5,0.1936354675910081,56,0.7083333333333334,False,1.0894348535856226,0.3978102189781022,18,460,0.5304347826086957,1.888153170015084,57.38659790030413,0.12475347369631333,-2.70000000000001,0.30434782608695654,347,0.6195965417867435,-2.7000000000000064,0.08712835719389285,19,1.0,True,483,0.4927536231884058,1.6232069798143702,45.632153210168525,0.09447650768150834,-2.999999999999943,0.3105590062111801,337,0.5875370919881305,-2.799999999999997,0.14244342076217348,18,0.8823529411764706,True,452,0.5022123893805309,1.6834860463129164,46.08037377346738,0.10194772958731721,-3.4999999999999973,0.32079646017699115,328,0.6067073170731707,-3.399999999999997,0.10850606430798854,19,0.8823529411764706,True,1395,0.5082437275985663,1.7264108724390606,149.09912488394002,0.10688109310676704,-3.4999999999999574,0.3118279569892473,350,0.5914285714285714,-7.200000000000003,0.10060421220899937,57,0.9411764705882353,True,1.6232069798143702,0.4927536231884058,18,12,31,9,0.21105445182076069,"{""QQQ"": ""negative_months;negative_day_streak>4;first_2_month_share<0.1;first_3_month_share<0.2"", ""SPXW"": ""negative_months;negative_day_streak>4;first_2_month_share<0.1;first_3_month_share<0.2"", ""SPY"": ""negative_months;negative_day_streak>4;first_2_month_share<0.1;first_3_month_share<0.2""}",0,3,False,-54.97777424064773
5,45,0,1.0,5,18,777,0.4375804375804376,1.2916159990253155,38.0764607306959,0.049004453964859584,-6.699999999999986,0.2972972972972973,482,0.549792531120332,-6.399999999999989,0.17596173256194203,18,0.6666666666666666,False,823,0.3973268529769137,1.0872269723316408,12.912121563528267,0.015689090599669827,-12.719346155152795,0.30498177399756987,490,0.536734693877551,-12.41934615515279,0.42595633668252986,18,0.5416666666666666,False,809,0.4177997527812114,1.1835053318928173,25.876564905371616,0.03198586514879063,-6.156720664334268,0.28059332509270707,490,0.5469387755102041,-6.156720664334272,0.21254753171887494,20,0.7083333333333334,False,2409,0.41718555417185554,1.1831814129039422,76.86514719959578,0.03190749157309912,-12.719346155152383,0.2943129929431299,499,0.5190380761523046,-16.799999999999997,0.19514696252450398,56,0.7083333333333334,False,1.0872269723316408,0.3973268529769137,18,460,0.5304347826086957,1.888153170015084,57.38659790030413,0.12475347369631333,-2.70000000000001,0.30434782608695654,347,0.6195965417867435,-2.7000000000000064,0.08712835719389285,19,1.0,True,483,0.4927536231884058,1.6232069798143702,45.632153210168525,0.09447650768150834,-2.999999999999943,0.3105590062111801,337,0.5875370919881305,-2.799999999999997,0.14244342076217348,18,0.8823529411764706,True,452,0.5022123893805309,1.6834860463129164,46.08037377346738,0.10194772958731721,-3.4999999999999973,0.32079646017699115,328,0.6067073170731707,-3.399999999999997,0.10850606430798854,19,0.8823529411764706,True,1395,0.5082437275985663,1.7264108724390606,149.09912488394002,0.10688109310676704,-3.4999999999999574,0.3118279569892473,350,0.5914285714285714,-7.200000000000003,0.10060421220899937,57,0.9411764705882353,True,1.6232069798143702,0.4927536231884058,18,12,31,9,0.2121359638181503,"{""QQQ"": ""negative_months;negative_day_streak>4;first_2_month_share<0.1;first_3_month_share<0.2"", ""SPXW"": ""negative_months;negative_day_streak>4;first_2_month_share<0.1;first_3_month_share<0.2"", ""SPY"": ""negative_months;negative_day_streak>4;first_2_month_share<0.1;first_3_month_share<0.2""}",0,3,False,-54.97777424064773
5,15,0,1.0,5,18,1035,0.4222222222222222,1.2157914977045299,38.39690575217169,0.037098459663934,-8.099999999999866,0.2995169082125604,481,0.47401247401247404,-8.0,0.21095449858070586,18,0.75,False,1085,0.391705069124424,1.0642178765952643,12.601097195314415,0.01161391446572757,-13.284056414545253,0.32350230414746545,480,0.4395833333333333,-13.156783652593445,0.6666086190592556,18,0.5833333333333334,False,1096,0.40784671532846717,1.140628171767729,27.227624669001912,0.02484272323814043,-6.453030385814547,0.2801094890510949,484,0.45661157024793386,-5.999999999999998,0.2938192404682232,18,0.625,False,3216,0.4070273631840796,1.137776081498552,78.22562761648803,0.02432388918423135,-13.284056414544981,0.3009950248756219,498,0.5220883534136547,-18.971080079991403,0.2543923341537444,54,0.75,False,1.0642178765952643,0.391705069124424,18,522,0.553639846743295,2.067284143698356,74.40400866427306,0.1425364150656572,-3.5000000000000107,0.3045977011494253,344,0.6017441860465116,-3.200000000000001,0.10752108849534876,19,1.0,True,571,0.500875656742557,1.6762630273854275,57.63215321016853,0.10093196709311476,-4.89999999999992,0.266199649737303,336,0.5386904761904762,-4.900000000000006,0.15095739991309198,19,0.9411764705882353,True,625,0.4544,1.3880434959215668,39.55091020452487,0.06328145632723979,-5.099999999999913,0.3104,335,0.5253731343283582,-4.999999999999989,0.19468578498400962,19,0.7058823529411765,True,1718,0.5,1.6680209542223974,171.58707207896646,0.09987606058147058,-5.100000000000421,0.2939464493597206,348,0.6149425287356322,-10.299999999999983,0.1287804412862267,57,0.9411764705882353,True,1.3880434959215668,0.4544,19,12,31,11,0.18732984130215224,"{""QQQ"": ""negative_months;negative_day_streak>4;first_2_month_share<0.1;first_3_month_share<0.2"", ""SPXW"": ""negative_months;negative_day_streak>4;first_2_month_share<0.1;first_3_month_share<0.2"", ""SPY"": ""negative_months;negative_day_streak>4;first_2_month_share<0.1;first_3_month_share<0.2""}",0,3,False,-58.469616754074835
4,30,0,1.0,10,18,928,0.4234913793103448,1.2257030439025198,35.93470216605467,0.038722739403076155,-8.500000000000004,0.28663793103448276,477,0.46750524109014674,-7.899999999999995,0.22262602770525017,18,0.7083333333333334,False,913,0.3932092004381161,1.0713500157438312,11.753740384719663,0.01287375726694377,-13.956783652593447,0.28696604600219056,482,0.42946058091286304,-13.556783652593436,0.6806343970639612,18,0.625,False,912,0.41228070175438597,1.158303409067326,25.330549332710202,0.027774725145515572,-7.900000000000016,0.2817982456140351,486,0.4567901234567901,-7.099999999999994,0.32647698199325986,18,0.625,False,2753,0.4097348347257537,1.1508786223707748,73.01899188348453,0.02652342603831621,-13.956783652593444,0.28514347984017435,498,0.5160642570281124,-20.053045342554135,0.27664035724065983,54,0.75,False,1.0713500157438312,0.3932092004381161,18,483,0.5279503105590062,1.8635254488287094,58.904008664273064,0.12195446928420925,-4.082589236031065,0.30434782608695654,341,0.5718475073313783,-4.082589236031069,0.12732579955205936,19,0.8823529411764706,True,531,0.4915254237288136,1.614856635681938,49.632153210168525,0.09346921508506313,-4.0999999999999375,0.256120527306968,336,0.5238095238095238,-3.700000000000003,0.1511117192163933,19,0.9411764705882353,True,524,0.4675572519083969,1.4604095479884032,38.45385134318397,0.07338521248699231,-5.200000000000021,0.29961832061068705,331,0.540785498489426,-5.1000000000000085,0.195038981481094,19,0.7647058823529411,True,1538,0.49479843953185954,1.632335115768731,146.99001321762557,0.09557218024553028,-5.20000000000033,0.28608582574772434,348,0.6063218390804598,-11.0,0.11837538904250922,57,0.9411764705882353,True,1.4604095479884032,0.4675572519083969,19,12,32,9,0.22084526034695304,"{""QQQ"": ""negative_months;negative_day_streak>4;first_2_month_share<0.1;first_3_month_share<0.2"", ""SPXW"": ""negative_months;negative_day_streak>4;first_2_month_share<0.1;first_3_month_share<0.2"", ""SPY"": ""negative_months;negative_day_streak>4;first_2_month_share<0.1;first_3_month_share<0.2""}",0,3,False,-57.53607944692275
5,30,0,1.0,10,18,945,0.4211640211640212,1.21395619870926,34.83470216605467,0.03686211869423774,-8.500000000000007,0.29417989417989415,479,0.46764091858037576,-7.899999999999995,0.22965604706090326,18,0.6666666666666666,False,916,0.3930131004366812,1.0704862465840426,11.653740384719661,0.012722424000785656,-13.856783652593453,0.2893013100436681,481,0.43451143451143454,-13.456783652593437,0.6607320693445522,18,0.625,False,917,0.4133042529989095,1.1633155791050664,26.230549332710204,0.028604743001865,-7.900000000000018,0.2835332606324973,486,0.4588477366255144,-7.099999999999996,0.33433692856132374,18,0.625,False,2778,0.40928725701943847,1.1487830733711584,72.71899188348453,0.02617674293861934,-13.856783652593485,0.289056875449964,498,0.5200803212851406,-20.153045342554137,0.2777816286612699,54,0.75,False,1.0704862465840426,0.3930131004366812,18,483,0.5279503105590062,1.8635254488287094,58.904008664273064,0.12195446928420925,-4.082589236031065,0.30434782608695654,341,0.5718475073313783,-4.082589236031069,0.12732579955205936,19,0.8823529411764706,True,534,0.49250936329588013,1.621219674816206,50.33215321016853,0.09425496855836803,-4.0999999999999375,0.2546816479400749,336,0.5238095238095238,-3.700000000000003,0.1688781317283831,19,0.9411764705882353,True,524,0.4675572519083969,1.4604095479884032,38.45385134318397,0.07338521248699231,-5.200000000000021,0.29961832061068705,331,0.540785498489426,-5.1000000000000085,0.195038981481094,19,0.7647058823529411,True,1541,0.49513303049967555,1.634527539325083,147.69001321762556,0.09584037197769342,-5.20000000000033,0.2855288773523686,348,0.6063218390804598,-11.0,0.12119979956683885,57,0.9411764705882353,True,1.4604095479884032,0.4675572519083969,19,12,33,8,0.21709429149381795,"{""QQQ"": ""negative_months;negative_day_streak>4;first_2_month_share<0.1;first_3_month_share<0.2"", ""SPXW"": ""negative_months;negative_day_streak>4;first_2_month_share<0.1;first_3_month_share<0.2"", ""SPY"": ""negative_months;negative_day_streak>4;first_2_month_share<0.1;first_3_month_share<0.2""}",0,3,False,-56.98007944692275
3,15,0,1.0,5,18,966,0.4254658385093168,1.2320529385109589,38.296905752171696,0.03964482997119223,-9.20000000000001,0.3002070393374741,482,0.45435684647302904,-9.200000000000001,0.19583827603551754,18,0.7916666666666666,False,1006,0.39363817097415504,1.0725576218573565,13.16961577601309,0.013091069359853966,-11.188265071894778,0.31411530815109345,481,0.4074844074844075,-11.188265071894772,0.5694926964885619,18,0.5,False,993,0.4149043303121853,1.1716668537698927,29.784489632822694,0.029994450788341082,-6.053030385814566,0.2678751258811682,483,0.43478260869565216,-5.300000000000002,0.25180891438659914,18,0.7083333333333334,False,2965,0.41112984822934234,1.1562391694115122,81.25101116100745,0.02740337644553371,-11.188265071894396,0.29409780775716693,498,0.5240963855421686,-17.9,0.22892022799743544,54,0.75,False,1.0725576218573565,0.39363817097415504,18,563,0.5186500888099467,1.7952324399486002,64.50400866427304,0.11457195144631091,-3.4825892360310426,0.29484902309058614,345,0.5652173913043478,-3.4825892360310675,0.11627184349170595,19,0.8823529411764706,True,559,0.4991055456171735,1.6644905986082004,55.632153210168525,0.09952084652981848,-4.699999999999918,0.25402504472271914,336,0.5297619047619048,-4.400000000000006,0.13481412397730347,19,0.8823529411764706,True,589,0.4617996604414261,1.4294109305771472,40.760101404185605,0.06920220951474636,-4.199999999999907,0.31918505942275044,335,0.5253731343283582,-4.09999999999998,0.18400346764666867,19,0.7647058823529411,True,1711,0.49269433080070135,1.6194133730460254,160.89626327862717,0.0940363899933531,-4.699999999999918,0.28988895382817065,348,0.6005747126436781,-11.200000000000045,0.1267897686640051,57,0.8823529411764706,True,1.4294109305771472,0.4617996604414261,19,12,33,11,0.16261595067623716,"{""QQQ"": ""negative_months;negative_day_streak>4;first_2_month_share<0.1;first_3_month_share<0.2"", ""SPXW"": ""negative_months;negative_day_streak>4;first_2_month_share<0.1;first_3_month_share<0.2"", ""SPY"": ""negative_months;negative_day_streak>4;first_2_month_share<0.1;first_3_month_share<0.2""}",0,3,False,-62.095845303499814
4,30,0,1.0,1,18,1101,0.4250681198910082,1.2411299955764208,45.27579329957848,0.04112242806501224,-8.125473555065359,0.3242506811989101,469,0.44349680170575695,-7.8254735550652725,0.17669486091753317,18,0.8333333333333334,False,1135,0.39559471365638765,1.0861922470909733,17.545961858818043,0.015458997232438805,-13.253885121899783,0.3295154185022026,477,0.4192872117400419,-13.053885121899766,0.45594536591218304,18,0.625,False,1089,0.411386593204775,1.1544648562766904,29.563335946476865,0.02714723227408344,-8.189915751170563,0.3021120293847567,489,0.4335378323108384,-8.189915751170567,0.2706054558417782,18,0.7083333333333334,False,3325,0.4105263157894737,1.158539825098719,92.3850911048734,0.027784989805976962,-13.253885121899067,0.318796992481203,500,0.526,-16.83684208324854,0.23813366136129166,54,0.7083333333333334,False,1.0861922470909733,0.39559471365638765,18,644,0.5077639751552795,1.7226229002755757,68.58659790030413,0.10650092841662132,-3.799999999999926,0.2717391304347826,345,0.5565217391304348,-3.6000000000000085,0.1093508094817857,21,0.9411764705882353,True,695,0.46474820143884893,1.445885981442038,49.636698671117784,0.07141971031815508,-5.199999999999889,0.2589928057553957,337,0.486646884272997,-4.70000000000001,0.15109788122077591,22,0.8823529411764706,True,744,0.4260752688172043,1.2368461026287065,30.250910204524875,0.04065982554371623,-6.2091911996607285,0.2782258064516129,335,0.4626865671641791,-6.209191199660731,0.2479264243387349,25,0.7058823529411765,False,2083,0.4642342774843975,1.4445883719405008,148.4742067759468,0.07127902389627787,-6.209191199660609,0.2698031685069611,348,0.5747126436781609,-12.699999999999989,0.15154147301795895,74,0.8823529411764706,False,1.2368461026287065,0.4260752688172043,21,12,28,12,0.19430437882231694,"{""QQQ"": ""negative_months;negative_day_streak>4;first_2_month_share<0.1;first_3_month_share<0.2"", ""SPXW"": ""negative_months;negative_day_streak>4;first_2_month_share<0.1;first_3_month_share<0.2"", ""SPY"": ""negative_months;negative_day_streak>4;first_2_month_share<0.1;first_3_month_share<0.2""}",0,2,False,-70.65960713832911
5,30,0,1.0,1,18,1115,0.420627802690583,1.218484206650538,41.87579329957848,0.03755676529110178,-7.925473555065356,0.32466367713004485,469,0.44136460554371004,-7.625473555065275,0.19104115694640528,18,0.8333333333333334,False,1141,0.3970201577563541,1.0927960552234184,18.94596185881805,0.01660469926276779,-11.953885121899779,0.33216476774758985,477,0.4276729559748428,-11.753885121899764,0.4169753987086747,18,0.625,False,1093,0.41171088746569073,1.1560655537284432,29.963335946476864,0.02741384807545916,-8.189915751170563,0.3010064043915828,489,0.4376278118609407,-8.189915751170567,0.2669929681491507,18,0.7083333333333334,False,3349,0.4096745297103613,1.1544424256278751,90.7850911048734,0.027108119171356644,-11.953885121899074,0.319498357718722,500,0.53,-17.736842083248533,0.24233053833240054,54,0.7083333333333334,False,1.0927960552234184,0.3970201577563541,18,644,0.5077639751552795,1.7226229002755757,68.58659790030413,0.10650092841662132,-3.799999999999926,0.2717391304347826,345,0.5565217391304348,-3.6000000000000085,0.1093508094817857,21,0.9411764705882353,True,697,0.4634146341463415,1.4381347312590784,49.03669867111778,0.07035394357405708,-5.199999999999889,0.2582496413199426,337,0.486646884272997,-4.70000000000001,0.15294667469972728,22,0.8823529411764706,True,744,0.4260752688172043,1.2368461026287065,30.250910204524875,0.04065982554371623,-6.2091911996607285,0.2782258064516129,335,0.4626865671641791,-6.209191199660731,0.2479264243387349,25,0.7058823529411765,False,2085,0.46378896882494003,1.4419976375794776,147.8742067759468,0.0709228809476963,-6.209191199660609,0.2695443645083933,348,0.5747126436781609,-12.699999999999989,0.15215635296080485,74,0.8823529411764706,False,1.2368461026287065,0.4260752688172043,21,12,28,12,0.1728953387566232,"{""QQQ"": ""negative_months;negative_day_streak>4;first_2_month_share<0.1;first_3_month_share<0.2"", ""SPXW"": ""negative_months;negative_day_streak>4;first_2_month_share<0.1;first_3_month_share<0.2"", ""SPY"": ""negative_months;negative_day_streak>4;first_2_month_share<0.1;first_3_month_share<0.2""}",0,2,False,-70.70760713832911
3,15,0,1.0,1,18,1049,0.4261201143946616,1.2436329334772611,43.534208689194344,0.04150067558550462,-7.325473555065354,0.31649189704480457,471,0.42462845010615713,-7.025473555065277,0.17227831229332946,18,0.8333333333333334,False,1095,0.3954337899543379,1.0832424785904617,16.382587190660644,0.014961266840785976,-12.660876801552567,0.3242009132420091,478,0.399581589958159,-12.16087680155255,0.45780314871607014,18,0.5833333333333334,False,1038,0.41714836223506746,1.1846620024230456,33.296887029415075,0.03207792584722069,-6.315369120114852,0.29383429672447015,488,0.41598360655737704,-5.81053434904815,0.22524628183332465,18,0.6666666666666666,False,3182,0.4126335637963545,1.167709049419442,93.21368290927006,0.02929405496834383,-12.660876801551915,0.3117536140791955,500,0.524,-16.366722755929416,0.2242160093635942,54,0.7083333333333334,False,1.0832424785904617,0.3954337899543379,18,627,0.5119617224880383,1.7519270796792386,68.88659790030412,0.10986698229713576,-3.799999999999926,0.266347687400319,345,0.553623188405797,-3.8000000000000043,0.10887458850637895,21,0.9411764705882353,True,689,0.4731494920174166,1.4956357260455493,53.83669867111778,0.07813744364458314,-4.699999999999918,0.2525399129172714,338,0.47928994082840237,-4.400000000000006,0.1393101766105058,22,0.9411764705882353,True,729,0.43209876543209874,1.265711933621892,32.95385134318398,0.0452041856559451,-5.306250061001623,0.289437585733882,335,0.45671641791044776,-4.806250061001627,0.22759100057515025,22,0.7058823529411765,False,2045,0.4704156479217604,1.480105865369052,155.67714791460588,0.07612574470151877,-5.3062500610015775,0.2699266503667482,348,0.5833333333333334,-11.799999999999997,0.14452988316783658,74,0.9411764705882353,False,1.265711933621892,0.43209876543209874,21,12,29,12,0.17318428480589176,"{""QQQ"": ""negative_months;negative_day_streak>4;first_2_month_share<0.1;first_3_month_share<0.2"", ""SPXW"": ""negative_months;negative_day_streak>4;first_2_month_share<0.1;first_3_month_share<0.2"", ""SPY"": ""negative_months;negative_day_streak>4;first_2_month_share<0.1;first_3_month_share<0.2""}",0,2,False,-71.42097220242577
4,15,0,1.0,1,18,1104,0.421195652173913,1.2197494780263531,41.65682773723576,0.03773263381995993,-7.399999999999849,0.32065217391304346,472,0.4364406779661017,-7.1999999999999815,0.19204534849515306,18,0.7916666666666666,False,1165,0.39570815450643776,1.0868361831305167,18.145961858818048,0.015575932926024076,-12.653885121899755,0.3244635193133047,476,0.42857142857142855,-12.053885121899764,0.4959781173366923,18,0.625,False,1141,0.4092900964066608,1.1477546890311185,29.68720961936377,0.026018588623456417,-6.800000000000043,0.3032427695004382,488,0.4487704918032787,-6.510534349048148,0.27856580003330883,18,0.6666666666666666,False,3410,0.4085043988269795,1.1492855707923035,89.48999921541758,0.02624340152944797,-12.653885121899151,0.3161290322580645,500,0.522,-19.53684208324853,0.2480724125000922,54,0.75,False,1.0868361831305167,0.39570815450643776,18,683,0.5007320644216691,1.6746087828221454,68.88659790030414,0.10085885490527692,-3.7,0.2635431918008785,345,0.553623188405797,-3.500000000000007,0.12339120030722946,21,0.9411764705882353,True,712,0.46348314606741575,1.4385587691059158,50.136698671117784,0.07041671161673846,-5.199999999999999,0.2443820224719101,337,0.4896142433234421,-5.199999999999999,0.16953649173747032,22,0.8823529411764706,True,782,0.42710997442455245,1.240192769763834,32.191574064711475,0.04116569573492516,-6.40919119966073,0.2928388746803069,335,0.4716417910447761,-6.409191199660734,0.23298021975947825,25,0.7058823529411765,False,2177,0.4621038125861277,1.4314768619626395,151.21487063613338,0.06946020699868323,-6.409191199660597,0.26779972439136424,348,0.5804597701149425,-12.699999999999989,0.14943675027647207,74,0.8823529411764706,False,1.240192769763834,0.42710997442455245,21,12,30,12,0.1765292246721292,"{""QQQ"": ""negative_months;negative_day_streak>4;first_2_month_share<0.1;first_3_month_share<0.2"", ""SPXW"": ""negative_months;negative_day_streak>4;first_2_month_share<0.1;first_3_month_share<0.2"", ""SPY"": ""negative_months;negative_day_streak>4;first_2_month_share<0.1;first_3_month_share<0.2""}",0,2,False,-73.4205165770165
3,30,0,1.0,1,18,1064,0.424812030075188,1.2383754899395303,43.25682773723576,0.04065491328687571,-6.5254735550653535,0.325187969924812,469,0.42643923240938164,-6.225473555065273,0.17338303320712423,18,0.7916666666666666,False,1109,0.39404869251578,1.0773188277931234,15.414880775560022,0.013899802322416612,-10.103033512466213,0.31830477908025245,481,0.40332640332640335,-10.103033512466242,0.48654284838135736,18,0.5416666666666666,False,1052,0.41539923954372626,1.1735551548988374,31.863335946476866,0.03028834215444569,-8.489915751170562,0.3070342205323194,487,0.4271047227926078,-8.489915751170567,0.23538025059894196,18,0.75,False,3225,0.4111627906976744,1.1604023090217057,90.53504445927264,0.02807288200287524,-10.103033512465316,0.31689922480620153,500,0.528,-16.93684208324852,0.23968619145884204,54,0.7916666666666666,False,1.0773188277931234,0.39404869251578,18,658,0.4939209726443769,1.6296706017264218,62.78659790030413,0.09542036155061417,-3.799999999999926,0.2674772036474164,347,0.5302593659942363,-3.8000000000000043,0.1194522438038273,21,0.8823529411764706,True,667,0.47226386806596704,1.4902768764721053,51.636698671117784,0.0774163398367583,-4.599999999999923,0.27136431784107945,338,0.4911242603550296,-4.400000000000006,0.14524553646949187,22,0.9411764705882353,True,753,0.4209827357237716,1.2112412538936348,27.550910204524875,0.03658819416271564,-6.2091911996607285,0.2855245683930943,335,0.4417910447761194,-6.209191199660731,0.2722233111110871,22,0.7058823529411765,False,2078,0.4605389797882579,1.4232239534389193,141.9742067759468,0.06832252491624004,-6.209191199660609,0.27526467757459094,350,0.5628571428571428,-12.599999999999994,0.1584794908240469,74,0.8823529411764706,False,1.2112412538936348,0.4209827357237716,21,12,30,12,0.15067554852306808,"{""QQQ"": ""negative_months;negative_day_streak>4;first_2_month_share<0.1;first_3_month_share<0.2"", ""SPXW"": ""negative_months;negative_day_streak>4;first_2_month_share<0.1;first_3_month_share<0.2"", ""SPY"": ""negative_months;negative_day_streak>4;first_2_month_share<0.1;first_3_month_share<0.2""}",0,2,False,-74.32290898128475
5,15,0,1.0,1,18,1144,0.4160839160839161,1.1939667208350566,38.456827737235756,0.033616108161919366,-7.825473555065361,0.3146853146853147,471,0.4394904458598726,-7.525473555065268,0.2236273896214551,18,0.7083333333333334,False,1188,0.3947811447811448,1.0813727204706909,17.37045159846659,0.014621592254601508,-14.22939538225126,0.3282828282828283,478,0.4372384937238494,-13.92939538225123,0.5238781472327018,18,0.625,False,1165,0.4068669527896996,1.13633093007536,28.08720961936377,0.02410919280632083,-6.800000000000047,0.3021459227467811,488,0.45081967213114754,-6.510534349048148,0.3122361180488553,18,0.625,False,3497,0.40577637975407493,1.1358377886770734,83.91448895506613,0.023996136389781566,-14.229395382250942,0.3151272519302259,500,0.526,-19.13684208324854,0.2645550282965732,54,0.75,False,1.0813727204706909,0.3947811447811448,18,682,0.501466275659824,1.6795431296221348,69.18659790030414,0.10144662448724946,-3.7,0.2624633431085044,345,0.553623188405797,-3.500000000000007,0.12285616373633881,21,0.9411764705882353,True,721,0.4618585298196949,1.4291771667829534,49.83669867111778,0.0691216347727015,-5.199999999999999,0.24826629680998613,337,0.4896142433234421,-5.199999999999999,0.17457015075201948,22,0.8823529411764706,True,783,0.4278416347381865,1.2439234473827816,32.69157406471148,0.041751691014957196,-6.409191199660728,0.29118773946360155,335,0.4716417910447761,-6.409191199660734,0.23553469725129175,25,0.7058823529411765,False,2186,0.46203110704483075,1.431058587761783,151.71487063613338,0.06940296003482771,-6.409191199660597,0.26806953339432754,348,0.5833333333333334,-12.699999999999989,0.1489442581771482,74,0.8823529411764706,False,1.2439234473827816,0.4278416347381865,21,12,33,12,0.20726061626444522,"{""QQQ"": ""negative_months;negative_day_streak>4;first_2_month_share<0.1;first_3_month_share<0.2"", ""SPXW"": ""negative_months;negative_day_streak>4;first_2_month_share<0.1;first_3_month_share<0.2"", ""SPY"": ""negative_months;negative_day_streak>4;first_2_month_share<0.1;first_3_month_share<0.2""}",0,2,False,-77.85966820798086
4,30,0,1.0,5,18,1009,0.4251734390485629,1.2325083152592442,40.115871314514415,0.03975804887464263,-7.899999999999994,0.30822596630327054,482,0.46887966804979253,-7.8,0.19942231685007678,18,0.75,False,1040,0.3942307692307692,1.0753166641800331,14.101097195314418,0.01355874730318694,-11.28405641454523,0.32211538461538464,483,0.42857142857142855,-10.784056414545233,0.5673317394520392,18,0.625,False,1028,0.4056420233463035,1.1279400109766435,23.3482432668795,0.022712298897742705,-7.7870236654461635,0.28793774319066145,486,0.4382716049382716,-7.699999999999999,0.34263819802444617,18,0.625,False,3077,0.4081897952551186,1.1430424698138681,77.56521177670834,0.025208063625839564,-11.284056414544892,0.306142346441339,498,0.5160642570281124,-21.271080079991407,0.25269060125077336,54,0.75,False,1.0753166641800331,0.3942307692307692,18,604,0.4867549668874172,1.579700856202634,53.804008664273056,0.08907948454349844,-4.082589236031094,0.2913907284768212,347,0.5389048991354467,-4.08258923603108,0.139394818084998,19,0.8235294117647058,True,558,0.496415770609319,1.6466457959801637,54.33215321016853,0.09736945019743463,-4.89999999999992,0.2616487455197133,336,0.5327380952380952,-4.70000000000001,0.13803980804862226,19,0.8823529411764706,True,628,0.4410828025477707,1.3125337582002932,32.853851343183976,0.05231504990952862,-5.306250061001623,0.31210191082802546,335,0.4955223880597015,-5.106250061001626,0.2282837382338125,19,0.7058823529411765,False,1790,0.47374301675977654,1.5000428267449393,140.99001321762557,0.07876537051263999,-5.306250061001535,0.28938547486033517,350,0.5857142857142857,-12.899999999999991,0.14469109928028387,57,0.8823529411764706,False,1.3125337582002932,0.4410828025477707,19,12,34,13,0.15758503871505722,"{""QQQ"": ""negative_months;negative_day_streak>4;first_2_month_share<0.1;first_3_month_share<0.2"", ""SPXW"": ""negative_months;negative_day_streak>4;first_2_month_share<0.1;first_3_month_share<0.2"", ""SPY"": ""negative_months;negative_day_streak>4;first_2_month_share<0.1;first_3_month_share<0.2""}",0,2,False,-81.83488174394518
5,30,0,1.0,5,18,1022,0.4217221135029354,1.2150642696852154,37.81587131451441,0.037001831031814494,-7.699999999999993,0.30919765166340507,482,0.46887966804979253,-7.599999999999999,0.21155138628075076,18,0.75,False,1049,0.3937082936129647,1.0730123552684014,13.80109719531442,0.013156432026038532,-11.684056414545228,0.3260247855100095,483,0.4306418219461698,-11.684056414545235,0.5724182569109152,18,0.625,False,1032,0.4060077519379845,1.129705424155075,23.7482432668795,0.02301186363069719,-7.7870236654461635,0.28875968992248063,486,0.4403292181069959,-7.699999999999999,0.3368670225455036,18,0.625,False,3103,0.4070254592330003,1.1375395490388762,75.36521177670832,0.02428785426255505,-11.684056414544902,0.30808894618111504,498,0.5200803212851406,-21.471080079991406,0.2600669398776558,54,0.75,False,1.0730123552684014,0.3937082936129647,18,604,0.4867549668874172,1.579700856202634,53.804008664273056,0.08907948454349844,-4.082589236031094,0.2913907284768212,347,0.5389048991354467,-4.08258923603108,0.139394818084998,19,0.8235294117647058,True,559,0.49552772808586765,1.6407873410497118,54.032153210168524,0.09665859250477375,-4.89999999999992,0.26118067978533094,336,0.5327380952380952,-4.70000000000001,0.13880623951496615,19,0.8823529411764706,True,628,0.4410828025477707,1.3125337582002932,32.853851343183976,0.05231504990952862,-5.306250061001623,0.31210191082802546,335,0.4955223880597015,-5.106250061001626,0.2282837382338125,19,0.7058823529411765,False,1791,0.4734785036292574,1.4984484831496467,140.69001321762556,0.07855388789370495,-5.306250061001535,0.28922389726409825,350,0.5857142857142857,-12.899999999999991,0.1449996309862049,57,0.8823529411764706,False,1.3125337582002932,0.4410828025477707,19,12,34,13,0.17224674248546426,"{""QQQ"": ""negative_months;negative_day_streak>4;first_2_month_share<0.1;first_3_month_share<0.2"", ""SPXW"": ""negative_months;negative_day_streak>4;first_2_month_share<0.1;first_3_month_share<0.2"", ""SPY"": ""negative_months;negative_day_streak>4;first_2_month_share<0.1;first_3_month_share<0.2""}",0,2,False,-81.85888174394518
3,30,0,1.0,5,18,979,0.42083758937691523,1.2087162311467503,35.1969057521717,0.035951895558908785,-9.199999999999994,0.30132788559754853,482,0.4460580912863071,-9.200000000000001,0.2130869131738161,18,0.7083333333333334,False,1016,0.38779527559055116,1.0459956014975222,8.50109719531442,0.008367221648931516,-12.056783652593431,0.31299212598425197,483,0.40372670807453415,-12.05678365259344,0.882239060169057,18,0.5416666666666666,False,1012,0.40711462450592883,1.1353328400528415,24.2385658568282,0.023951152032438933,-6.699999999999999,0.2865612648221344,484,0.4318181818181818,-6.699999999999999,0.30942424746995456,18,0.625,False,3007,0.405054871965414,1.127565390254277,67.9365688043143,0.022592806386536185,-12.056783652593321,0.3002993016295311,498,0.5140562248995983,-20.971080079991403,0.28114460792119156,54,0.6666666666666666,False,1.0459956014975222,0.38779527559055116,18,586,0.5034129692832765,1.6888034127699685,60.00400866427306,0.10239591922230898,-3.482589236031064,0.2935153583617747,347,0.5504322766570605,-3.4825892360310675,0.12499164917402543,19,0.9411764705882353,True,551,0.5009074410163339,1.6766131679238638,55.632153210168525,0.1009657952997614,-4.599999999999923,0.2613430127041742,336,0.5297619047619048,-4.400000000000006,0.13481412397730347,19,0.8823529411764706,True,625,0.44,1.3067501837746875,32.15385134318398,0.051446162149094365,-5.306250061001623,0.3136,335,0.4925373134328358,-5.106250061001626,0.2332535508717484,19,0.7058823529411765,False,1762,0.4801362088535755,1.539072936941533,147.79001321762556,0.08387628445949237,-5.306250061001535,0.2905788876276958,350,0.5914285714285714,-11.999999999999986,0.13803368411612726,57,0.8823529411764706,False,1.3067501837746875,0.44,19,12,35,13,0.18799583018737298,"{""QQQ"": ""negative_months;negative_day_streak>4;first_2_month_share<0.1;first_3_month_share<0.2"", ""SPXW"": ""negative_months;negative_day_streak>4;first_2_month_share<0.1;first_3_month_share<0.2"", ""SPY"": ""negative_months;negative_day_streak>4;first_2_month_share<0.1;first_3_month_share<0.2""}",0,2,False,-82.82304802371652
