tree
version=v4
num_class=1
num_tree_per_iteration=1
label_index=0
max_feature_idx=288
objective=regression_l1
feature_names=dte_days minute spot underlying_volume dist_ib_high_bps dist_ib_low_bps dist_fib_127_up_bps dist_fib_161_up_bps dist_fib_200_up_bps dist_fib_127_dn_bps dist_fib_161_dn_bps dist_fib_200_dn_bps nearest_level_abs_bps ib_range_bps ret_1m_bps ret_5m_bps ret_15m_bps ret_30m_bps call_d15_available call_d15_strike call_d15_strike_bps call_d15_abs_delta call_d15_iv call_d15_mid_bps call_d15_spread_pct call_d15_theta_over_mid call_d15_vega call_d15_oi call_d15_volume put_d15_available put_d15_strike put_d15_strike_bps put_d15_abs_delta put_d15_iv put_d15_mid_bps put_d15_spread_pct put_d15_theta_over_mid put_d15_vega put_d15_oi put_d15_volume call_d25_available call_d25_strike call_d25_strike_bps call_d25_abs_delta call_d25_iv call_d25_mid_bps call_d25_spread_pct call_d25_theta_over_mid call_d25_vega call_d25_oi call_d25_volume put_d25_available put_d25_strike put_d25_strike_bps put_d25_abs_delta put_d25_iv put_d25_mid_bps put_d25_spread_pct put_d25_theta_over_mid put_d25_vega put_d25_oi put_d25_volume call_d35_available call_d35_strike call_d35_strike_bps call_d35_abs_delta call_d35_iv call_d35_mid_bps call_d35_spread_pct call_d35_theta_over_mid call_d35_vega call_d35_oi call_d35_volume put_d35_available put_d35_strike put_d35_strike_bps put_d35_abs_delta put_d35_iv put_d35_mid_bps put_d35_spread_pct put_d35_theta_over_mid put_d35_vega put_d35_oi put_d35_volume call_d50_available call_d50_strike call_d50_strike_bps call_d50_abs_delta call_d50_iv call_d50_mid_bps call_d50_spread_pct call_d50_theta_over_mid call_d50_vega call_d50_oi call_d50_volume put_d50_available put_d50_strike put_d50_strike_bps put_d50_abs_delta put_d50_iv put_d50_mid_bps put_d50_spread_pct put_d50_theta_over_mid put_d50_vega put_d50_oi put_d50_volume call_d65_available call_d65_strike call_d65_strike_bps call_d65_abs_delta call_d65_iv call_d65_mid_bps call_d65_spread_pct call_d65_theta_over_mid call_d65_vega call_d65_oi call_d65_volume put_d65_available put_d65_strike put_d65_strike_bps put_d65_abs_delta put_d65_iv put_d65_mid_bps put_d65_spread_pct put_d65_theta_over_mid put_d65_vega put_d65_oi put_d65_volume call_d80_available call_d80_strike call_d80_strike_bps call_d80_abs_delta call_d80_iv call_d80_mid_bps call_d80_spread_pct call_d80_theta_over_mid call_d80_vega call_d80_oi call_d80_volume put_d80_available put_d80_strike put_d80_strike_bps put_d80_abs_delta put_d80_iv put_d80_mid_bps put_d80_spread_pct put_d80_theta_over_mid put_d80_vega put_d80_oi put_d80_volume phys_d15_iv_skew_put_minus_call phys_d15_iv_mean phys_d15_volume_skew_call_minus_put phys_d15_oi_skew_call_minus_put phys_d15_mid_skew_call_minus_put phys_d15_spread_mean phys_d15_theta_skew_call_minus_put phys_d15_vega_skew_call_minus_put phys_d15_abs_delta_gap phys_d15_liquidity_score phys_d25_iv_skew_put_minus_call phys_d25_iv_mean phys_d25_volume_skew_call_minus_put phys_d25_oi_skew_call_minus_put phys_d25_mid_skew_call_minus_put phys_d25_spread_mean phys_d25_theta_skew_call_minus_put phys_d25_vega_skew_call_minus_put phys_d25_abs_delta_gap phys_d25_liquidity_score phys_d35_iv_skew_put_minus_call phys_d35_iv_mean phys_d35_volume_skew_call_minus_put phys_d35_oi_skew_call_minus_put phys_d35_mid_skew_call_minus_put phys_d35_spread_mean phys_d35_theta_skew_call_minus_put phys_d35_vega_skew_call_minus_put phys_d35_abs_delta_gap phys_d35_liquidity_score phys_d50_iv_skew_put_minus_call phys_d50_iv_mean phys_d50_volume_skew_call_minus_put phys_d50_oi_skew_call_minus_put phys_d50_mid_skew_call_minus_put phys_d50_spread_mean phys_d50_theta_skew_call_minus_put phys_d50_vega_skew_call_minus_put phys_d50_abs_delta_gap phys_d50_liquidity_score phys_d65_iv_skew_put_minus_call phys_d65_iv_mean phys_d65_volume_skew_call_minus_put phys_d65_oi_skew_call_minus_put phys_d65_mid_skew_call_minus_put phys_d65_spread_mean phys_d65_theta_skew_call_minus_put phys_d65_vega_skew_call_minus_put phys_d65_abs_delta_gap phys_d65_liquidity_score phys_d80_iv_skew_put_minus_call phys_d80_iv_mean phys_d80_volume_skew_call_minus_put phys_d80_oi_skew_call_minus_put phys_d80_mid_skew_call_minus_put phys_d80_spread_mean phys_d80_theta_skew_call_minus_put phys_d80_vega_skew_call_minus_put phys_d80_abs_delta_gap phys_d80_liquidity_score phys_total_volume_skew_call_minus_put phys_total_oi_skew_call_minus_put phys_total_option_volume_log phys_total_option_oi_log phys_call_iv_slope_low_to_high phys_put_iv_slope_low_to_high phys_call_mid_slope_low_to_high phys_put_mid_slope_low_to_high phys_fib_up_min_abs_bps phys_fib_up_mean_signed_bps phys_fib_dn_min_abs_bps phys_fib_dn_mean_signed_bps phys_fib_any_min_abs_bps phys_ib_edge_min_abs_bps phys_ib_balance phys_nearest_level_vs_ib_range phys_momentum_accel_ret_1m_bps_minus_ret_5m_bps phys_abs_ret_1m_bps phys_momentum_accel_ret_5m_bps_minus_ret_15m_bps phys_abs_ret_5m_bps phys_momentum_accel_ret_15m_bps_minus_ret_30m_bps phys_abs_ret_15m_bps phys_abs_ret_30m_bps ctx_spx_spot ctx_spx_ret_1m_bps ctx_spx_ret_1m_bps_minus_self ctx_spx_ret_5m_bps ctx_spx_ret_5m_bps_minus_self ctx_spx_ret_15m_bps ctx_spx_ret_15m_bps_minus_self ctx_spx_ret_30m_bps ctx_spx_ret_30m_bps_minus_self ctx_spx_ib_range_bps ctx_spx_nearest_level_abs_bps ctx_spx_phys_d35_iv_skew_put_minus_call ctx_spx_phys_total_volume_skew_call_minus_put ctx_spx_phys_total_oi_skew_call_minus_put ctx_spy_spot ctx_spy_ret_1m_bps ctx_spy_ret_1m_bps_minus_self ctx_spy_ret_5m_bps ctx_spy_ret_5m_bps_minus_self ctx_spy_ret_15m_bps ctx_spy_ret_15m_bps_minus_self ctx_spy_ret_30m_bps ctx_spy_ret_30m_bps_minus_self ctx_spy_ib_range_bps ctx_spy_nearest_level_abs_bps ctx_spy_phys_d35_iv_skew_put_minus_call ctx_spy_phys_total_volume_skew_call_minus_put ctx_spy_phys_total_oi_skew_call_minus_put ctx_qqq_spot ctx_qqq_ret_1m_bps ctx_qqq_ret_1m_bps_minus_self ctx_qqq_ret_5m_bps ctx_qqq_ret_5m_bps_minus_self ctx_qqq_ret_15m_bps ctx_qqq_ret_15m_bps_minus_self ctx_qqq_ret_30m_bps ctx_qqq_ret_30m_bps_minus_self ctx_qqq_ib_range_bps ctx_qqq_nearest_level_abs_bps ctx_qqq_phys_d35_iv_skew_put_minus_call ctx_qqq_phys_total_volume_skew_call_minus_put ctx_qqq_phys_total_oi_skew_call_minus_put ctx_spy_qqq_ret_5m_spread ctx_spx_spy_ret_5m_spread ticker_QQQ ticker_SPXW ticker_SPY expiry_mode_zero_dte nearest_level_name_fib_127_dn nearest_level_name_fib_127_up nearest_level_name_fib_161_dn nearest_level_name_fib_161_up nearest_level_name_fib_200_dn nearest_level_name_fib_200_up nearest_level_name_ib_high nearest_level_name_ib_low
feature_infos=none [630:870] [4949.68017578125:6912.81982421875] none [-363.49630761760704:178.67726878706543] [-154.63595974734017:365.32435327356666] [-423.0150084818992:127.90926180673743] [-498.7262970813299:63.329370574407399] [-582.31506079515191:19.466152664643484] [-117.87774449736467:416.0923602538947] [-71.119132451442496:480.67225148622475] [-19.711784374522725:551.97143776006794] [0:19.968897841364992] [12.151458812678843:218.81875317754483] [-2.370533949718201:2.2748954839335589] [-86.164022892891708:204.48988922511901] [-121.10209134795102:152.56680568032976] [-119.72864146067796:220.20286059988959] none [5090:6955] [1.0349834515399614:292.98055133740507] [0.064499996602535248:0.23180000483989716] [0.00559999980032444:1.4424999952316284] [0.11943911384329509:21.097490955040747] [0.011834364938100892:0.89017337854006795] [-29.716000484831195:-5.8816268746064582] [14.014300346374512:43.871700286865234] [0:58866] [0:5222] none [4785:6890] [-386.7088230302229:-4.1418657063241326] [0.059700001031160355:0.19349999725818634] [0.01940000057220459:2.2004001140594482] [0.10950360241810354:29.74385341197916] [0.011834364938100892:1.921568624395507] [-33.501332101702708:-6.0876211869089225] [10.740900039672852:42.429901123046875] [0:56625] [0:3572] none [5045:6940] [1.0349834515399614:192.57774408364625] [0.088600002229213715:0.34029999375343323] [0.00559999980032444:1.4105000495910645] [0.11943911384329509:40.397486048506806] [0.0068258994637844135:1.8461538402756761] [-23.898259953884665:-4.0615221224807332] [18.648700714111328:57.572299957275391] [0:36440] [0:4549] none [4850:6895] [-211.74497956666815:-4.1418657063241326] [0.059700001031160355:0.3294999897480011] [0.01940000057220459:1.8523000478744507] [0.10950360241810354:48.64966869711828] [0.0072727550159801136:1.9960039959445104] [-33.501332101702708:-4.1874913977365749] [10.740900039672852:56.214000701904297] [0:56625] [0:3266] none [5005:6930] [0.57040785446549336:114.48269497853936] [0.088600002229213715:0.4830000102519989] [0.00559999980032444:1.4039000272750854] [0.11943911384329509:64.246575660245767] [0.0056657438089383538:1.1111111111111112] [-21.509332336346322:-2.9883404692351516] [18.648700714111328:66.280799865722656] [0:36440] [0:4809] none [4895:6900] [-110.47213928851329:1.3288718220438867] [0.059900000691413879:0.63899999856948853] [0.019099999219179153:1.4811999797821045] [0.10950360241810354:71.721805731411195] [0.0059347409415793813:1.9933554814603107] [-33.501332101702708:-2.2644912797987145] [10.740900039672852:64.8489990234375] [0:56625] [0:3043] none [4950:6915] [-12.106692904965133:9.6576410631787901] [0.18770000338554382:0.83329999446868896] [0.00559999980032444:1.4148000478744507] [0.11943911384329509:114.65387254246718] [0.0036563211539996456:1.8397863851063627] [-21.509332336346322:-1.0214880418608525] [22.172199249267578:69.035003662109375] [0:26213] [0:5212] none [4950:6915] [-8.1207377193859287:11.81993152565175] [0.36070001125335693:0.82020002603530884] [0.010999999940395355:2.0866999626159668] [2.0805684323462104:151.24651912354713] [0.0025673548693801651:1.6812339359349773] [-11.980927896072169:-0.58519295989259956] [26.61199951171875:69.041900634765625] [0:56625] [0:3619] none [4895:6900] [-495.08745174284718:-1.0993873385900521] [0.54409998655319214:1] [0:1.5303000211715698] [4.6608422322249767:495.46727899093571] [0.0025156848835495285:0.70011665095125619] [-6.6448420474403784:0] [0:64.951301574707031] [0:26213] [0:4489] none [5005:6930] [-1.0993873385900521:111.76444185106993] [0.42930001020431519:0.82020002603530884] [0.010999999940395355:1.405500054359436] [2.0805684323462104:175.36486430329848] [0.0026489662018832783:1.1431019484571951] [-7.0714708365406542:-0.58519295989259956] [24.313400268554688:65.213996887207031] [0:45549] [0:2957] none [4820:6895] [-495.08745174284718:-6.7399506308074564] [0.72329998016357422:1] [0:1.5154999494552612] [8.4800157732005186:495.46727899093571] [0.0024242054332386364:0.51361544897756839] [-3.304380273206204:0] [0:51.182098388671875] [0:26213] [0:1627] none [5065:6950] [2.0148333370650917:235.42427612023519] [0.71670001745223999:1] [0:1.4599000215530396] [2.080711132370602:264.66293301869734] [0.0019361527503764383:0.71090046108118465] [-3.4482698852922793:0] [0:52.128501892089844] [0:20702] [0:1842] [-0.11349999904632568:0.9347001314163208] [0.015250000171363354:1.7330500483512878] [-0.99999999988888888:0.99999999998039224] [-0.9999999999990834:0.99999999999981992] [-0.48387097670106038:0.56097561221839809] [0.015741237880935434:1.4058710014677875] [-6.9868072797109768:13.883332999298975] [-0.27073404957034947:0.43767701173702855] [-0.084400005638599396:0.1713000051677227] [4.219507705176107:18.142925239695185] [-0.079899966716766357:0.64820003509521484] [0.015250000171363354:1.5282000303268433] [-0.99999999991666666:0.97088791848475853] [-0.99999999999863942:0.99344530929926389] [-0.38582678340036874:0.37500000911711029] [0.008853924832153498:1.9210789181100933] [-8.2577472678091866:13.883332999298975] [-0.19383712837050651:0.43767701173702855] [-0.15860000252723694:0.1713000051677227] [4.1271343850450917:18.285802044116959] [-0.05970001220703125:0.42890000343322754] [0.0139999995008111:1.4135000109672546] [-0.95951417003660122:0.99999999989999999] [-0.99999999999955536:0.99999999999981404] [-0.94392523311091459:0.45714285462068088] [0.006028549406351261:1.5522332962857108] [-14.673524745456461:13.883332999298975] [-0.19134643586765393:0.43455422367600338] [-0.41030000150203705:0.24230000376701355] [4.3040650932041702:18.77729136382235] [-0.060599982738494873:1.0267999172210693] [0.011200000066310167:1.5733000040054321] [-0.95238095235827669:0.92452830187807045] [-0.99999999999904121:0.9950796876670237] [-0.94392523311091459:0.52727272803079694] [0.0042359191405207273:1.7605101605206701] [-15.119332343269697:6.7224280842602839] [-0.19134643586765393:0.015345568666947258] [-0.63140001893043518:0.26929998397827148] [4.7449321283632502:18.322078142069913] [-1.4441000316292048:0.11800000071525574] [0.042700000107288361:1.4120000004768372] [-0.99999999999315081:0.99999999999363065] [-0.99999999999990052:0.99999999999981404] [-0.27002969675636823:0.99163671014308707] [0.0027100424420631545:0.92160929970422567] [-2.412530360715099:4.4137685886398819] [-0.99999999997431188:0.088507373117185179] [-0.14590001106262207:0.3628000020980835] [3.1354942159291497:17.064942745597456] [-1.4103000313043594:0.2070000022649765] [0.032800000160932541:1.4528999924659729] [-0.99999999999749378:0.99999999999800804] [-0.99999999999992806:0.99999999999970068] [-0.34494773506781923:0.96383101755845757] [0.0025732189054095147:0.61225795502937652] [-1.4591450382739033:2.3367054359672603] [-0.99999999996892575:0.999999999971797] [-0.22670000791549683:0.2060999870300293] [1.0986122886681098:15.858236246707449] [-0.80475272960770405:0.91429083736759642] [-0.99874658668693772:0.98464608204535209] [0:10.129347411344567] [7.461640392208575:11.963886428076139] [-0.11669999361038208:1.4569000313058496] [-1.2701001167297363:0.17750000208616257] [7.3103583981274687:495.24827178609951] [1.9712000194248498:242.69562076191102] [0:423.0150084818992] [-501.35212211946038:61.08960556056968] [0.0007649725787929406:416.0923602538947] [-69.497446484531011:482.91201650006246] [0:67.083665819181974] [0:178.67726878706543] [-0.99999999999803224:0.9999999999981618] [0:1.3179161690614039] [-202.21499374118545:84.905383712720052] [0:2.370533949718201] [-101.10311353128455:107.76201410545249] [0:204.48988922511901] [-112.23076603402049:128.59662373074343] [0:152.56680568032976] [0:220.20286059988959] [4949.68017578125:6912.81982421875] [-2.370533949718201:2.2748954839335589] none [-86.164022892891708:204.48988922511901] none [-121.10209134795102:152.56680568032976] none [-119.72864146067796:220.20286059988959] none [12.151458812678843:218.81875317754483] [0:19.968897841364992] [-0.05970001220703125:0.42890000343322754] [-0.80475272960770405:0.91429083736759642] [-0.99874658668693772:0.98464608204535209] [493.239990234375:688.97998046875] [-4.2088780357041333:4.2088377651872122] [-2.9502388555324721:3.5629454414376482] [-90.079839600845091:210.66438107900433] [-4.6372740988187555:6.1744918538853142] [-124.21748425187617:157.06999331462691] [-6.3950143675561844:4.6868011551603992] [-121.76594169389764:223.89657086275605] [-11.231326009980558:6.2813936904859702] [11.439976778911902:204.15978035064896] [0:19.989215541609827] [-2.1040000356733799:0.261199951171875] [-0.99999999999985445:0.92885375493704014] [-0.98923333952104886:0.992685663002012] [415.8900146484375:636.469970703125] [-4.2769260868036341:6.2218051378737371] [-3.0182869066319729:5.4961077557313942] [-98.775731281454114:221.27525130073877] [-18.237638874305517:16.785362075619759] [-141.81834439515595:173.14052771771449] [-31.095139725696441:29.609075498207012] [-141.3649021677721:252.40845104624211] [-39.359383285396689:34.698620381983233] [22.178011481267159:230.20206873305798] [0:19.992029724106196] [-1.8828000519424677:1.0666999518871307] [-0.99999999999979361:0.99999999993749999] [-0.99400125780073556:0.99999999999997058] [-14.563042483997094:18.018011646113717] [-6.1744918538853142:4.6372740988187555] none none none none [0:1] [0:1] [0:1] [0:1] [0:1] [0:1] [0:1] [0:1]
tree_sizes=2848 2938 2949 2937 2938 2921 2937 2947 2941 2944 2942 2955 2940 2949 2937 2932 2919 2915 2922 2920 2933 2936 2928 2939 2928 2916 2934 2931 2929 2945 2920 2937 2940 2942 2939 2948 2947 2953 2943 2946 2938 2929 2927 2946 2917 2941 2942 2932 2935 2934 2955 2920 2945 2949 2946 2931 2923 2917 2939 2913 2959 2930 2954 2912 2944 2954 2942 2954 2953 2964 2957 2943 2952 2970 2941 2969 2929 2949 2958 2944 2945 2924 2970 2926 2961 2961 2969 2938 2923 2927 2922 2917 2966 2894 2928 2933 2938 2943 2948 2918 2934 2929 2940 2955 2941 2947 2964 2954 2964 2941 2953 2926 2960 2998 2914 2922 2965 2935 2953 2906 2943 2949 2921 2949 2990 2938 2973 2962 2954 2969 2916 2948 2957 2956 2936 2971 2950 2964 2967 2940 2963 2936 2921 2947 2968 2956 2913 2936 2967 2953 2937 2946 2962 2959 2980 2956 2943 2944 2943 2966

Tree=0
num_leaves=31
num_cat=0
split_feature=6 216 261 261 221 107 261 121 82 85 256 41 140 221 261 93 13 66 85 27 82 2 150 150 13 161 274 211 256 33
split_gain=69.3548 45.4094 51.5495 75.7933 52.8901 50.9206 71.5751 50.4837 45.1899 61.0019 55.285 44.5141 48.6662 42.4989 38.83 37.9326 37.6852 37.2438 40.0316 45.6465 36.5002 33.9576 33.4959 35.644 34.9584 53.9686 34.7317 33.2194 49.3943 36.6537
threshold=31.826746741435432 90.465535870484885 538.14999389648449 521.26501464843761 38.571691481604368 6737.5000000000009 618.01000976562511 0.44134999811649328 1668.0000000000002 6652.5000000000009 20.332272748215988 5802.5000000000009 5727.5000000000009 20.898725555573712 597.70501708984386 2068.5000000000005 36.168146908915226 0.18174999952316287 5817.5000000000009 500.50000000000006 1163.5000000000002 6582.7099609375009 0.025600012391805652 0.063799999654293074 32.817924748204284 0.17012500017881396 0.11574963777329737 -0.67385015503093937 48.827221567930145 0.20885000377893451
decision_type=2 2 2 2 2 2 2 2 2 2 2 2 2 2 2 2 2 2 2 2 2 2 2 2 2 2 2 2 2 2
left_child=1 2 3 11 8 14 -7 -3 10 15 -4 12 -1 -9 27 -10 21 -13 -19 -20 -21 -12 -5 24 25 -24 -26 -6 -29 -30
right_child=-2 7 4 22 5 6 -8 13 9 -11 16 17 -14 -15 -16 -17 -18 18 19 20 -22 -23 23 -25 26 -27 -28 28 29 -31
leaf_value=-0.60171110615134238 -0.60236052125692363 -0.57209776382893329 -0.6022532674670219 -0.60270083487033843 -0.56281743496656422 -0.60251061856746668 -0.57177344013005493 -0.57044048264622693 -0.58517265759408477 -0.60206865459680559 -0.60188561886548997 -0.56360404551029208 -0.60221895217895505 -0.60183290988206861 -0.56928426668047905 -0.56345380112528798 -0.60213561832904816 -0.56266264796257015 -0.57115645468235021 -0.58178210750687864 -0.60210538774728772 -0.57935512989759441 -0.60184774041175837 -0.60208722978830342 -0.5749738531559706 -0.56351906880736347 -0.60237804293632502 -0.57626062013208867 -0.60251061856746668 -0.59413561776280399
leaf_weight=866 210 126 306 176 124 263 172 82 499 332 402 130 183 214 434 163 359 89 111 330 286 349 205 390 134 112 338 1227 201 539
leaf_count=866 210 126 306 176 124 263 172 82 499 332 402 130 183 214 434 163 359 89 111 330 286 349 205 390 134 112 338 1227 201 539
internal_value=-0.601744 -0.601282 -0.601827 -0.605231 -0.599702 -0.596572 -0.607581 -0.590138 -0.60355 -0.597841 -0.607557 -0.60089 -0.605846 -0.598207 -0.594667 -0.591725 -0.603892 -0.595402 -0.598242 -0.601026 -0.604795 -0.599426 -0.611603 -0.60941 -0.605089 -0.596151 -0.611087 -0.596669 -0.597808 -0.604937
internal_weight=9352 9142 8720 3350 5370 2960 435 422 2410 994 1416 1995 1049 296 2525 662 1110 946 816 727 616 751 1355 1179 789 317 472 2091 1967 740
internal_count=9352 9142 8720 3350 5370 2960 435 422 2410 994 1416 1995 1049 296 2525 662 1110 946 816 727 616 751 1355 1179 789 317 472 2091 1967 740
is_linear=0
shrinkage=1


Tree=1
num_leaves=31
num_cat=0
split_feature=173 260 270 9 6 104 173 256 13 260 82 143 107 274 30 126 38 30 30 134 260 27 256 213 143 150 9 11 270 8
split_gain=63.2618 62.6819 63.1783 45.5057 66.755 70.0789 62.7666 58.1551 50.0681 41.7518 37.6318 38.9317 63.8245 60.7754 43.5791 36.8778 34.5813 33.2816 32.556 31.9753 40.7523 34.6152 35.5147 31.1771 55.4515 29.7142 29.6585 29.4872 27.2564 28.4933
threshold=0.96808819018749592 0.76733822639333249 37.226146917846435 37.533693158285125 24.599648517955782 180.50000000000003 0.71674136633877816 12.509650257790405 16.866746242612106 -0.20129937626422598 1332.5000000000002 0.31505000591278082 6127.5000000000009 0.45147454343536203 6727.5000000000009 817.50000000000011 819.00000000000011 5857.5000000000009 5467.5000000000009 0.01129940276118656 -0.17431250389470873 1570.0000000000002 16.479367604024674 9.7830979974609686 0.134150005877018 0.078749999403953566 58.81197273664111 38.534477819657418 82.14232897842983 -21.290855809230141
decision_type=2 2 2 2 2 2 2 2 2 2 2 2 2 2 2 2 2 2 2 2 2 2 2 2 2 2 2 2 2 2
left_child=1 3 -3 6 5 -5 7 -1 -9 18 11 12 15 -14 16 -11 -15 -17 -7 25 -21 -22 -23 24 -4 27 -2 -10 29 -24
right_child=26 2 23 4 -6 9 -8 8 19 10 -12 -13 13 14 -16 17 -18 -19 -20 20 21 22 28 -25 -26 -27 -28 -29 -30 -31
leaf_value=0.036645125640183684 0.030047411482036119 0.032174950168281799 0.032896394811198118 0.033915328583121303 -0.00070936083048582239 -0.00054505128189921432 -0.00065814040750265096 -0.00079613563865423345 0.026246645350195472 -0.00037855817824601959 -0.00037875409498810909 0.033614030176028611 0.030821296207234266 -0.00090050085484981728 -0.0015263898501172669 -0.00060677665993571334 0.02917938895914704 0.031138021118938927 0.030075042063742879 -0.00038946445360779906 0.024064602252095942 0.033508761195093398 -0.00020851187556982011 -0.0011236660093069096 -0.00045650411173701335 -0.00049502065479755395 0.0024904759138822579 7.4745807051658796e-05 -0.0013591853454709051 -0.00091227389164268927
leaf_weight=68 131 73 79 345 264 61 380 85 450 685 646 206 493 142 69 69 118 162 401 777 724 75 1185 285 312 189 81 621 108 68
leaf_count=68 131 73 79 345 264 61 380 85 450 685 646 206 493 142 69 69 118 162 401 777 724 75 1185 285 312 189 81 621 108 68
internal_value=-0.000613444 -0.00105631 -0.0107228 -0.000187589 0.00274004 0.00406379 -0.00245407 -0.00125373 -0.0017798 0.00235852 0.000620424 0.00305285 0.0013253 0.00837969 -0.0032485 -0.00501629 0.00343396 0.00697034 0.0119914 -0.00122442 -0.003224 -0.000743649 -0.00388619 -0.0140822 -0.00751263 0.00343083 0.0180645 0.00569238 -0.00520132 -0.00370032
internal_weight=9352 9140 749 8391 3661 3397 4730 4350 4282 3052 2590 1944 1738 822 329 916 260 231 462 4197 2937 2160 1436 676 391 1260 212 1071 1361 1253
internal_count=9352 9140 749 8391 3661 3397 4730 4350 4282 3052 2590 1944 1738 822 329 916 260 231 462 4197 2937 2160 1436 676 391 1260 212 1071 1361 1253
is_linear=0
shrinkage=0.035


Tree=2
num_leaves=31
num_cat=0
split_feature=173 163 6 8 256 242 258 256 2 19 242 22 160 247 256 92 260 10 261 38 148 272 27 224 42 122 115 60 261 134
split_gain=60.6264 64.6339 55.1936 61.6778 50.7759 71.1519 62.4358 62.3055 56.7369 67.8491 44.5843 44.3977 43.9769 83.6605 41.6554 56.0083 40.5649 39.434 37.3782 36.0361 37.1402 36.0311 34.2784 35.1629 34.0069 27.7764 28.4493 26.8924 26.6849 27.0336
threshold=0.97091491646083239 0.94998389654577531 35.189829896463884 -10.305289282245992 28.028400698666989 31.619646453654671 0.021200016140937809 33.411224927476333 6655.4099121093759 6647.5000000000009 36.061369648441364 0.11704999953508378 0.017800007015466694 601.37500000000011 31.509880538085088 53.744449615478523 0.89845608192937332 48.004865633097417 575.14501953125011 1100.0000000000002 695.50000000000011 0.015850000083446506 944.50000000000011 -0.99999999998538869 22.504796324407387 45.356720517173038 301.50000000000006 3888.5000000000005 521.26501464843761 0.015921143164844005
decision_type=2 2 2 2 2 2 2 2 2 2 2 2 2 2 2 2 2 2 2 2 2 2 2 2 2 2 2 2 2 2
left_child=1 2 3 4 8 6 -6 14 9 12 -9 -5 18 -14 15 -7 21 19 -1 -15 -21 27 23 -23 28 26 -26 -12 -24 -30
right_child=-2 -3 -4 11 5 7 -8 10 -10 -11 16 -13 13 17 -16 -17 -18 -19 -20 20 -22 22 24 -25 25 -27 -28 -29 29 -31
leaf_value=-0.00095693694916740074 0.024528800605617462 -0.0012132249947041291 -0.00067033060666173985 0.035485272969910872 0.034070339612153361 -0.00090209141585976106 -0.00087920485870912678 0.027162347222551706 -0.0013421741734668613 0.028012779183474369 -0.00033351558909006486 0.0086252175026824696 0.040332521722596139 -0.00079894954363442803 -0.0010692728976584038 0.032665820765096699 -0.00092248792749270844 0.028803325770343658 0.018666312636712565 -0.00053792047309130539 0.025551163501692935 -0.00015737738485634424 0.040167126335624609 0.028326102321152579 0.022789133164238185 0.029371722063136287 -0.00036163405802473405 0.025802028376749251 0.026828054160935807 -0.00029856843456067209
leaf_weight=309 179 267 173 174 409 70 155 207 313 139 1020 224 97 207 386 91 145 64 78 332 220 349 78 794 153 230 1539 104 464 382
leaf_count=309 179 267 173 174 409 70 155 207 313 139 1020 224 97 207 386 91 145 64 78 332 220 349 78 794 153 230 1539 104 464 382
internal_value=-0.000680774 -0.00107921 -0.000565593 -0.000172236 -0.000818345 0.000595654 0.0124253 -0.000523517 -0.00609127 -0.00313577 0.000607861 0.013201 -0.00562881 -0.00143784 -0.0117301 0.00316265 -2.66008e-05 -0.00511473 -0.0154464 -0.00737565 -0.00263914 0.000499218 0.00205934 0.00716463 0 -0.00265179 -0.00420742 -0.00502214 0.00550054 0.00361927
internal_weight=9352 9173 8906 8733 8335 6576 564 6012 1759 1446 5465 398 1307 920 547 161 5258 823 387 759 552 5113 3989 1143 2846 1922 1692 1124 924 846
internal_count=9352 9173 8906 8733 8335 6576 564 6012 1759 1446 5465 398 1307 920 547 161 5258 823 387 759 552 5113 3989 1143 2846 1922 1692 1124 924 846
is_linear=0
shrinkage=0.035


Tree=3
num_leaves=31
num_cat=0
split_feature=173 163 6 8 256 13 258 256 2 19 13 49 49 160 247 5 126 121 6 27 256 103 22 89 260 115 82 261 71 261
split_gain=62.0441 61.5209 55.0818 78.9989 49.313 71.3405 62.4358 57.5952 48.4024 68.7064 44.9256 42.1147 44.2456 40.3112 83.8858 41.6687 39.5257 55.0537 39.5382 37.0807 36.8593 54.6704 36.2173 35.5304 37.8353 41.5482 30.9407 34.3031 30.4839 29.4113
threshold=0.96808819018749592 0.94998389654577531 24.599648517955782 -10.305289282245992 28.028400698666989 31.619646453654671 0.021200016140937809 33.411224927476333 6655.4099121093759 6647.5000000000009 36.061369648441364 2655.5000000000005 1747.5000000000002 0.018050000071525577 601.37500000000011 31.160072952944208 1937.5000000000002 0.15634999424219134 -77.039709395573837 944.50000000000011 31.509880538085088 53.749200820922859 0.11765000224113466 15.217828083395991 0.050838348325634629 2078.0000000000005 1401.0000000000002 570.13500976562511 4538.5000000000009 575.14501953125011
decision_type=2 2 2 2 2 2 2 2 2 2 2 2 2 2 2 2 2 2 2 2 2 2 2 2 2 2 2 2 2 2
left_child=1 2 3 4 8 6 -6 20 9 13 -9 12 16 29 -15 26 17 -12 -19 -20 21 -7 -5 24 -13 -26 -16 -28 -2 -1
right_child=28 -3 -4 22 5 7 -8 10 -10 -11 11 23 -14 14 15 -17 -18 18 19 -21 -22 -23 -24 -25 25 -27 27 -29 -30 -31
leaf_value=-0.00089874067929031224 -0.0015857861297785137 -0.0011914485079052323 -0.00060872563905101432 0.034696318044950485 0.032877877725727991 -0.00087051821630467049 -0.00084843268865430544 0.026211665069762396 -0.0012951980773955225 0.02703233191205277 -0.001190304294860049 -0.0011283622044848225 0.027213189460716328 0.039091302082414833 -0.00053340670509260252 0.027694107256067958 0.026884259064810297 -0.00036317938280709119 0.028142901718142193 -8.5251304445842506e-05 -0.0010315588047029496 0.031522517038318314 0.02109183421258401 -0.00063986078345595085 0.031405696426941514 -0.0008482555850353225 -0.0010905854578775601 0.029005137561985247 0.027914125616298729 0.016455568749671402
leaf_weight=318 63 253 330 159 409 70 155 207 313 139 307 104 720 96 420 65 603 985 517 1093 385 89 158 442 202 193 176 151 149 81
leaf_count=318 63 253 330 159 409 70 155 207 313 139 307 104 720 96 420 65 603 985 517 1093 385 89 158 442 202 193 176 151 149 81
internal_value=-0.000755584 -0.0011941 -0.000704566 -0.000159425 -0.000823529 0.00058819 0.0124253 -0.000549645 -0.0060119 -0.0032805 0.00055318 -9.47592e-05 0.00139835 -0.00578887 -0.00168675 -0.0053978 -0.000229345 -0.00192638 -0.000255769 0.00312074 -0.0113479 0.00277439 0.0168478 -0.00677061 -0.000347222 0.0046375 -0.00777261 0.000316265 0.0177419 -0.0149876
internal_weight=9352 9140 8887 8557 8240 6481 564 5917 1759 1446 5373 5166 4225 1307 908 812 3505 2902 2595 1610 544 159 317 941 499 395 747 327 212 399
internal_count=9352 9140 8887 8557 8240 6481 564 5917 1759 1446 5373 5166 4225 1307 908 812 3505 2902 2595 1610 544 159 317 941 499 395 747 327 212 399
is_linear=0
shrinkage=0.035


Tree=4
num_leaves=31
num_cat=0
split_feature=6 272 49 4 57 111 153 126 261 274 129 256 20 261 173 260 150 8 153 26 256 270 193 93 13 135 256 93 145 93
split_gain=49.5972 48.0516 47.8988 32.4903 39.4804 31.6579 37.5292 57.6493 29.9694 46.6786 50.1067 52.4274 34.6182 48.9898 31.1122 37.9627 29.725 45.4371 44.4678 28.8799 28.4093 32.4408 33.9168 28.3845 27.6282 26.888 25.9209 24.6233 28.626 27.9129
threshold=31.826746741435432 0.014900002628564836 2923.0000000000005 -17.669263346540721 0.011730350774659929 29.905955411574606 0.16352032263306299 1437.0000000000002 597.70501708984386 0.92105374888940872 5957.5000000000009 51.112703368837821 49.111077702417298 528.06500244140636 0.27855260514508068 -0.55987213814726455 0.051849998533725745 -29.265774333331429 0.11390542042219361 35.80220031738282 23.677247474277646 66.549929548819179 0.82662337662305874 2272.5000000000005 19.854347031450647 -1.035480260664267 32.648203963719119 1871.5000000000002 0.012055482204254363 6085.0000000000009
decision_type=2 2 2 2 2 2 2 2 2 2 2 2 2 2 2 2 2 2 2 2 2 2 2 2 2 2 2 2 2 2
left_child=1 19 3 4 -3 6 7 -4 9 10 14 16 13 -13 15 -5 -12 18 -18 27 24 22 23 -22 -8 -16 -24 28 -1 -29
right_child=-2 2 5 8 -6 -7 20 -9 -10 -11 11 12 -14 -15 25 -17 17 -19 -20 -21 21 -23 26 -25 -26 -27 -28 29 -30 -31
leaf_value=0.003067601770623006 -0.00058742024168422901 0.025682510260916124 0.030742076023339671 0.029608356737416981 -0.00026059657112674386 -0.0005887683489996671 0.020841209084990032 -0.0010155553945249275 0.027873190547885746 -0.0017798603173735375 0.025730232977493089 0.019418707833957841 0.026361144690299668 -0.0013520663114528848 0.02142651160814453 6.5828483955254766e-06 -0.00092171394842237113 -0.0021713821606562998 0.035876282536817933 -0.0010344087917724006 -0.00079945945966918681 -0.0010277828450544941 0.016586256310258299 0.032280862899655254 -0.00074019536886984181 0.031346600485520119 -0.0010001741263898419 0.014759819423344757 -0.00077332936822449246 -0.0010590572073973445
leaf_weight=243 210 64 300 87 2105 280 61 113 468 63 665 110 100 275 227 455 84 112 75 118 124 179 190 202 194 260 194 633 1072 89
leaf_count=243 210 64 300 87 2105 280 61 113 468 63 665 110 100 275 227 455 84 112 75 118 124 179 190 202 194 260 194 633 1072 89
internal_value=-0.000965053 -0.000573959 0.000835955 0.00256644 -0.000692272 -0.00400923 -0.00203905 0.00694976 0.0049347 0.00340548 0.00419145 -7.36325e-05 -0.00935714 -0.0140897 0.0100532 0.00422303 0.00476089 -0.00494565 0.00704268 -0.00513657 -0.00530026 -0.00230984 0.00107692 0.00930514 -0.0154808 0.0164329 -0.0059383 -0.00413075 -0.00697348 0.00105915
internal_weight=9352 9142 6987 5150 2169 1837 1557 413 2981 2513 2450 1421 485 385 1029 542 936 271 159 2155 1144 889 710 326 255 487 384 2037 1315 722
internal_count=9352 9142 6987 5150 2169 1837 1557 413 2981 2513 2450 1421 485 385 1029 542 936 271 159 2155 1144 889 710 326 255 487 384 2037 1315 722
is_linear=0
shrinkage=0.035


Tree=5
num_leaves=31
num_cat=0
split_feature=6 258 148 8 42 173 260 5 71 6 13 19 163 183 137 27 7 153 126 49 115 11 169 104 27 74 150 160 11 49
split_gain=47.8053 50.791 43.5803 41.9776 45.7097 36.5911 34.1756 41.4615 34.9353 35.7812 44.133 58.0635 56.0441 46.168 49.6538 32.5708 34.7889 32.1954 31.8194 30.945 30.7843 30.7503 27.015 26.4908 29.1424 26.1309 26.0691 25.7795 37.6037 26.4151
threshold=24.599648517955782 0.0092999972403049486 491.50000000000006 -10.305289282245992 48.102102966258727 0.97091491646083239 0.89845608192937332 29.545090283837343 169.50000000000003 -26.926694642172325 24.627282286421035 6142.5000000000009 0.944624198074418 0.57836830588720411 2006.5000000000002 1171.0000000000002 -8.7051850925014858 -0.13602445107734482 177.50000000000003 232.00000000000003 5203.0000000000009 32.166588329328476 12.167212263543949 201.50000000000003 4537.5000000000009 5832.5000000000009 0.077200002968311324 0.041350007057189948 100.31434467490443 2523.0000000000005
decision_type=2 2 2 2 2 2 2 2 2 2 2 2 2 2 2 2 2 2 2 2 2 2 2 2 2 2 2 2 2 2
left_child=1 2 -1 4 5 6 8 -8 -3 26 13 15 18 14 17 16 -12 -11 -13 -6 27 25 -23 -17 -25 -4 -10 28 29 -20
right_child=-2 3 21 -5 19 -7 7 -9 9 10 11 12 -14 -15 -16 23 -18 -19 20 -21 -22 22 -24 24 -26 -27 -28 -29 -30 -31
leaf_value=-0.00098846477401826104 -0.00070222744988177499 0.030770889598994114 0.027548706269545552 0.026591434988136611 -0.0010272297180010327 0.025287225098796332 0.03046101043090203 -0.001050639420584051 -0.00043018582402111987 0.022355546962468453 0.026440272423547455 0.02961444897671273 -0.0014867448643892133 -0.00099222780628740645 0.027664626715595938 0.029402902297075949 -0.0021599132540907492 -0.0010116065351736348 0.026800684458048778 0.025069149924304097 -0.001586498448694449 -0.00040554096188251762 0.022268886764702803 -0.00085667769298365237 0.02987128232281043 -0.0013112633285143295 -0.0012057548051563189 0.032737291086290185 -0.0023040160923613875 0.0020324608362586915
leaf_weight=584 353 131 61 291 73 122 60 189 2196 62 328 286 70 239 144 115 64 242 346 574 61 134 532 813 84 209 352 239 108 290
leaf_count=584 353 131 61 291 73 122 60 189 2196 62 328 286 70 239 144 115 64 242 346 574 61 134 532 813 84 209 352 239 108 290
internal_value=-0.00124185 -0.000742448 -0.00656393 0.000444281 -8.75852e-05 -0.000967767 -0.00133484 -0.0139173 -0.000816194 -0.00121029 0.00109125 0.00304023 0.00807117 -0.00682803 -0.000154525 -0.00198722 0.00652393 -0.00815534 0.00970037 0.00875 0.00680648 -0.00185972 0.00219076 -0.0052999 -0.0073337 -0.0117091 -0.00435958 0.0083249 0.00504673 0.00829953
internal_weight=9352 8999 1520 7479 7188 6541 6419 249 6170 6039 3491 2804 1400 687 448 1404 392 304 1330 647 1044 936 666 1012 897 270 2548 983 744 636
internal_count=9352 8999 1520 7479 7188 6541 6419 249 6170 6039 3491 2804 1400 687 448 1404 392 304 1330 647 1044 936 666 1012 897 270 2548 983 744 636
is_linear=0
shrinkage=0.035


Tree=6
num_leaves=31
num_cat=0
split_feature=57 258 6 8 104 173 260 13 173 104 11 11 148 150 38 6 2 261 27 115 82 257 82 27 11 203 148 140 261 113
split_gain=47.434 46.1596 54.5662 42.5676 39.8509 34.0901 40.8286 42.7852 48.5598 44.786 38.8341 40.4037 37.9406 37.0538 35.6423 27.9896 49.9103 54.5801 35.5609 32.2673 33.1968 38.11 34.9325 31.67 35.5201 34.6881 32.4951 28.937 29.3347 25.5849
threshold=0.011363992759618071 0.0096499994397163408 24.599648517955782 -10.305289282245992 2814.0000000000005 0.97091491646083239 0.76733822639333249 22.448876821124681 0.71674136633877816 185.00000000000003 38.534477819657418 16.154490688830535 65.500000000000014 0.075299985706806197 296.50000000000006 -26.926694642172325 6186.2448730468759 528.06500244140636 1032.5000000000002 5203.0000000000009 1401.0000000000002 4.6049038939797713 832.50000000000011 1612.5000000000002 35.928169889178967 0.054086283297338215 577.50000000000011 6682.5000000000009 610.73999023437511 -1.3398011453223948
decision_type=2 2 2 2 2 2 2 2 2 2 2 2 2 2 2 2 2 2 2 2 2 2 2 2 2 2 2 2 2 2
left_child=-1 4 3 5 29 6 7 8 10 -9 11 -3 13 14 -8 23 17 -17 -19 20 22 -22 -18 27 26 -26 -25 -11 -29 -2
right_child=1 2 -4 -5 -6 -7 12 9 -10 15 -12 -13 -14 -15 -16 16 19 18 -20 -21 21 -23 -24 24 25 -27 -28 28 -30 -31
leaf_value=0.025398986861150941 -0.0008339652206845236 -0.00071003996817936099 -0.00078090254905159313 0.025225244373014519 0.026601950056203624 0.024470398080934166 -0.00073670042507463648 0.02703490868381718 -0.00095749983306734796 0.017396402419189331 -0.0016270854716568057 0.021942508259395348 -0.0011768031041844375 -0.0016212801021873425 0.033087701584886386 0.017994568243527916 0.024698265322650879 0.026624581536298313 -0.0010879519274006359 -0.0015532910633337706 -0.0018733923222879131 0.025692745356710959 0.028604721624348191 0.023955803170963626 -0.0004662964514363494 -0.001242900993973302 -0.00079099298057925161 -0.0017474778595948106 0.026079244950219106 -0.00091389715438893804
leaf_weight=109 1376 140 310 287 140 122 184 390 135 1137 129 354 277 65 62 880 398 90 452 72 157 217 299 188 423 402 231 161 88 77
leaf_count=109 1376 140 310 287 140 122 184 390 135 1137 129 354 277 65 62 880 398 90 452 72 157 217 299 188 423 402 231 161 88 77
internal_value=-0.00125681 -0.00153276 -0.000402351 0.000209666 -0.00694305 -0.000332247 -0.000661044 0.000159893 -0.00761468 0.00122093 -0.00339968 0.00112224 -0.00944351 -0.000996835 0.0052988 0.000356731 0.00295525 -0.00142256 -0.0101097 0.00838415 0.009921 0.00147757 0.0144088 -0.00217837 -0.00622098 -0.0104157 0.00206368 0.00145938 -0.00923228 -0.00866598
internal_weight=9352 9243 7650 7340 1593 7053 6931 6343 758 5585 623 494 588 311 246 5195 2565 1422 542 1143 1071 374 697 2630 1244 825 419 1386 249 1453
internal_count=9352 9243 7650 7340 1593 7053 6931 6343 758 5585 623 494 588 311 246 5195 2565 1422 542 1143 1071 374 697 2630 1244 825 419 1386 249 1453
is_linear=0
shrinkage=0.035


Tree=7
num_leaves=31
num_cat=0
split_feature=6 66 8 173 71 71 57 224 183 163 183 104 260 22 247 104 104 270 33 121 93 247 7 13 115 93 19 22 110 2
split_gain=45.543 45.464 47.7743 50.4686 47.7728 45.0181 44.1745 46.447 65.1513 40.3565 37.6122 57.9132 36.1464 35.6876 33.0205 57.6026 51.9939 44.7132 31.0124 30.9877 35.0591 34.2181 51.5821 52.9868 56.2946 31.8876 32.8585 33.1362 28.9299 28.6643
threshold=24.599648517955782 0.08495000004768373 -10.305289282245992 0.97091491646083239 2911.5000000000005 2738.5000000000005 0.011494621194226487 -0.97895092823443475 -0.80780127552400216 0.65654431819311265 0.90093656334185479 46.500000000000007 0.76733822639333249 0.11704999953508378 644.61499023437511 782.50000000000011 850.50000000000011 48.225782849210596 0.16585000604391101 0.32344999909400945 280.50000000000006 616.41998291015636 -47.504496137141835 22.235663504121227 2086.0000000000005 2239.5000000000005 6017.5000000000009 0.18885000050067904 0.24344999343156817 5964.5249023437509
decision_type=2 2 2 2 2 2 2 2 2 2 2 2 2 2 2 2 2 2 2 2 2 2 2 2 2 2 2 2 2 2
left_child=1 -1 3 4 5 6 -3 18 -9 14 12 -12 19 -4 15 29 17 -16 -8 21 -21 25 28 -24 -25 -10 27 -27 -23 -6
right_child=-2 2 13 -5 9 -7 7 8 10 -11 11 -13 -14 -15 16 -17 -18 -19 -20 20 -22 22 23 24 -26 26 -28 -29 -30 -31
leaf_value=-0.00095540753764418516 -0.00069839560244138355 0.024510022321010662 0.03145137969043002 0.024772458097229652 0.027185412431478609 0.029314829140347089 -0.0013207340574720198 0.028281000914009466 -0.00048437780424372969 -0.00093960745938215771 -0.0018152554335494338 0.030436457559252398 -0.0012923440100172474 0.006420443496137576 -0.002294987874553974 -0.0012281074473228114 0.026530496514670883 0.026990842598457455 -0.00054873327868044833 -0.0020981529803867564 0.027458386253511779 -0.0014861507992137263 -0.0014037424773281253 0.025085340036972867 -0.0010585332856395124 0.032815059563772654 -0.0022724593937194933 -0.0017526183532378355 0.020505184568493807 -0.00064084117813197376
leaf_weight=111 353 111 155 135 81 195 232 198 1494 634 76 161 185 190 120 276 278 94 1653 84 345 291 164 765 266 64 172 96 93 280
leaf_count=111 353 111 155 135 81 195 232 198 1494 634 76 161 185 190 120 276 278 94 1653 84 345 291 164 765 266 64 172 96 93 280
internal_value=-0.00134659 -0.000859063 -0.000574609 -0.00109324 -0.00143944 -7.89474e-05 -0.000585593 -0.000976513 0.000973312 -0.0065526 4.92842e-05 0.0134504 -0.00075671 0.0121 -0.00256173 -0.00779595 0.00422535 -0.00863014 -0.00557407 -1.82339e-05 0.00879032 -0.0011393 0.00262942 0.0062125 0.00915541 -0.0043965 -0.0141246 -0.00254545 -0.00845758 0.00143443
internal_weight=9352 8999 8888 8543 8408 6645 6450 6339 4454 1763 4256 237 4019 345 1129 637 492 214 1885 3834 429 3405 1579 1195 1031 1826 332 160 384 361
internal_count=9352 8999 8888 8543 8408 6645 6450 6339 4454 1763 4256 237 4019 345 1129 637 492 214 1885 3834 429 3405 1579 1195 1031 1826 332 160 384 361
is_linear=0
shrinkage=0.035


Tree=8
num_leaves=31
num_cat=0
split_feature=6 272 8 49 261 49 60 22 49 270 135 260 183 43 220 160 24 272 260 13 20 115 38 60 203 22 201 115 60 28
split_gain=45.9899 47.2136 42.5788 52.3892 46.1742 34.6655 34.349 37.3678 29.8643 39.1677 37.4988 33.7895 32.9106 30.8466 29.247 28.8799 27.6167 26.1841 29.1058 42.8264 33.6462 26.2321 25.4459 24.8209 26.8672 28.092 23.8028 22.8254 22.8388 21.4391
threshold=24.599648517955782 0.01520001143217087 -12.905053198737933 2496.5000000000005 538.14999389648449 4538.5000000000009 253.00000000000003 0.12034999951720239 1880.5000000000002 54.953747679525861 -0.82506838938949489 0.79087109013140899 0.80946712224159834 0.23654999583959582 123.62547954950789 0.046749979257583625 0.037386452219672565 -0.014300003647804259 -0.63241125535720022 119.95048237720634 19.571024953279895 1811.0000000000002 172.50000000000003 525.50000000000011 0.91794903841563569 0.10895000025629999 0.13749999739229682 5002.5000000000009 2130.0000000000005 247.50000000000003
decision_type=2 2 2 2 2 2 2 2 2 2 2 2 2 2 2 2 2 2 2 2 2 2 2 2 2 2 2 2 2 2
left_child=1 17 3 8 5 -5 7 -6 9 10 15 12 14 -10 -11 16 -3 -1 19 -19 21 -20 -13 -8 25 -25 -4 28 -22 -15
right_child=-2 2 26 4 6 -7 23 -9 13 11 -12 22 -14 29 -16 -17 -18 18 20 -21 27 -23 -24 24 -26 -27 -28 -29 -30 -31
leaf_value=-0.00092196827382663921 -0.00067395175635593665 0.018766139736550957 0.028449219480381014 -0.0011495046838359091 -0.00096307835634382394 0.0037171316360210013 0.026083242291925979 0.021630697290158259 -0.00062961527941500452 0.0078301567544813572 0.012010055548588477 0.012567250768012763 0.033903766651565727 0.026652180668315657 0.027650579466602845 -0.0024110723539320761 -0.0016844788871963753 0.032500378620050667 -0.00093347759265237373 -0.001192037961675056 -0.00058455182406857715 0.027643531135360666 -0.0016011028252564414 0.024644540221531674 -0.0015601001214464224 -0.00039584623828488211 0.010830220895856861 -0.0023905142653531442 -0.0015329291969968168 0.0076622480015259781
leaf_weight=85 353 126 148 434 153 148 148 71 250 2339 211 95 98 351 280 91 232 133 104 73 1227 178 99 216 157 810 126 68 369 179
leaf_count=85 353 126 148 434 153 148 148 71 250 2339 211 95 98 351 280 91 232 133 104 73 1227 178 99 216 157 810 126 68 369 179
internal_value=-0.00128674 -0.000796868 0.000662036 8.62467e-05 -0.00439542 -0.0127598 -0.00123397 -0.0137555 0.00228994 0.00092981 -0.00673684 0.00267661 0.0036903 0.00847134 0.00292111 -0.0124119 -0.0077135 -0.00519848 -0.00441354 0.00796209 -0.00574065 0.00536585 -0.0112563 0.000916916 -0.000795455 0.00129001 0.0140502 -0.00763331 -0.00673329 0.013215
internal_weight=9352 8999 6762 6488 2137 582 1555 224 4351 3571 660 2911 2717 780 2619 449 358 2237 2152 206 1946 282 194 1331 1183 1026 274 1664 1596 530
internal_count=9352 8999 6762 6488 2137 582 1555 224 4351 3571 660 2911 2717 780 2619 449 358 2237 2152 206 1946 282 194 1331 1183 1026 274 1664 1596 530
is_linear=0
shrinkage=0.035


Tree=9
num_leaves=31
num_cat=0
split_feature=66 273 6 134 7 115 173 211 71 93 183 183 22 221 57 224 89 260 270 271 261 261 49 7 148 270 270 126 82 270
split_gain=43.2423 42.6895 33.6062 28.2746 27.2771 38.9274 37.9147 37.0665 36.7593 35.0346 36.8313 31.2932 26.0034 25.8213 26.872 23.7507 22.9624 26.4708 22.8952 22.0724 21.8744 28.4796 26.6115 25.6781 58.9728 39.0734 29.1888 24.778 24.0819 23.5806
threshold=0.08495000004768373 0.15480322826380502 24.599648517955782 0.012078463288843861 -2.6985076240962358 1543.0000000000002 0.97091491646083239 0.55909902138508361 3010.0000000000005 1731.5000000000002 0.83488723756362504 0.72326541603057481 0.11044999957084657 156.85177480887282 0.011363992759618071 0.33314724289882086 11.483101191423122 0.61112806698345512 107.31236256594141 13.672426997548856 544.95501708984386 528.06500244140636 2566.5000000000005 -48.020265692825184 1024.0000000000002 62.125586945735819 47.191691841240569 1809.0000000000002 2840.0000000000005 121.02120830550521
decision_type=2 2 2 2 2 2 2 2 2 2 2 2 2 2 2 2 2 2 2 2 2 2 2 2 2 2 2 2 2 2
left_child=-1 2 4 -3 6 -6 7 11 9 -9 -11 13 -12 14 -2 -5 -10 -18 -15 -17 21 22 29 26 25 -25 28 -26 -22 -16
right_child=1 3 -4 15 5 -7 -8 8 16 10 12 -13 -14 18 20 19 17 -19 -20 -21 23 -23 -24 24 27 -27 -28 -29 -30 -31
leaf_value=-0.0009240045783303198 0.025842548540316059 4.1601932497351285e-05 -0.00060228574236119946 -0.0010935126324410072 -0.0028082812357173256 0.026211284100711604 0.024974901383398591 -0.0011778545033688027 -0.0015768969552965907 -0.00071447162432121099 0.0071131262600759712 0.024950125047350506 0.027945720536540701 -0.0019570741171390914 0.022136172740033409 -0.00077583833091159581 -0.0010550539565082422 0.023447118932636426 0.031289381351745332 0.024128153944855544 -0.0019255295503565874 -0.0010892969268555728 -0.0015738821436748519 -0.0010828416102088418 0.031164497222867352 0.025026607525187594 0.0016983753841761041 0.015170369544201484 0.0060321906141338442 -0.0009586015630469758
leaf_weight=111 63 1002 244 977 98 292 85 282 288 260 83 160 134 74 648 881 122 96 154 109 103 334 131 599 288 110 1139 139 69 277
leaf_count=111 63 1002 244 977 98 292 85 282 288 260 83 160 134 74 648 881 122 96 154 109 103 334 131 599 288 110 1139 139 69 277
internal_value=-0.00139147 -0.00112427 0.000512984 -0.00457801 0.00103265 0.00992405 0.000409357 4.40806e-05 -0.00520866 -0.000320681 0.00544606 0.00159795 0.0159234 0.000999274 0.000322663 -0.00701065 -0.0124658 -0.00376682 0.0123176 -0.00316583 -6.37689e-05 -0.00356272 -0.00072573 0.001927 0.00576687 -0.000441176 -0.00140957 0.0159606 -0.0146328 0.00139247
internal_weight=9352 9241 6272 2969 6028 390 5638 5553 1265 759 477 4288 217 4128 3900 1967 506 218 228 990 3837 1390 1056 2447 1136 709 1311 427 172 925
internal_count=9352 9241 6272 2969 6028 390 5638 5553 1265 759 477 4288 217 4128 3900 1967 506 218 228 990 3837 1390 1056 2447 1136 709 1311 427 172 925
is_linear=0
shrinkage=0.035


Tree=10
num_leaves=31
num_cat=0
split_feature=57 66 273 161 148 13 270 2 134 258 4 49 274 5 183 261 63 11 9 258 261 49 121 261 211 9 270 160 270 45
split_gain=43.132 41.9702 39.961 30.4497 24.2819 24.1568 27.6741 26.9957 24.0304 24.0256 23.8412 24.8611 34.2011 41.329 39.8417 33.6656 36.2158 40.1571 39.1626 32.3273 32.1258 34.6682 29.1012 30.5413 28.6901 30.7666 28.1629 27.2584 23.9136 29.6128
threshold=0.011363992759618071 0.08495000004768373 0.15480322826380502 0.12189999781548978 1720.0000000000002 26.850202435212562 37.499399108905159 6740.1298828125009 0.012078463288843861 0.0079000033438205736 45.278375081942592 2496.5000000000005 0.9048576285265032 4.6628816788002529 -0.80780127552400216 596.38000488281261 5957.5000000000009 99.537108906729202 43.556173762136204 0.014100003987550737 538.14999389648449 4303.5000000000009 0.19465000182390216 536.76501464843761 -0.10642420948601312 91.43781613450146 57.06941322595231 0.022800009697675708 42.952749466605198 5.4600900246956003
decision_type=2 2 2 2 2 2 2 2 2 2 2 2 2 2 2 2 2 2 2 2 2 2 2 2 2 2 2 2 2 2
left_child=-1 -2 3 4 5 6 -3 -7 -4 -10 11 12 13 -5 -15 16 18 22 19 -16 21 26 23 -18 25 -20 -13 -22 -29 -30
right_child=1 2 8 10 -6 7 -8 -9 9 -11 -12 20 -14 14 15 -17 17 -19 24 -21 27 -23 -24 -25 -26 -27 -28 28 29 -31
leaf_value=0.022812183657237847 -0.00089166441808875905 0.01562571012104454 -0.00011096316675265423 -0.00075246287777999026 0.026226002907523745 0.026737828841933476 -0.0013088331439239371 -0.0011681480735864348 -0.0012034888436415171 -0.00075533323149259599 -0.00052340181401757313 -0.00018011820751364345 -0.0018931123797975777 0.026530329494864519 -0.0022645687264578238 0.027164330810370091 -0.00093114359961557654 -0.0020483897552556192 0.024370445458566668 0.023811742382006375 -0.001069610418504728 0.0067814173217057381 -0.0015684687295106777 0.024750441789309054 0.026688968812199031 -0.0038809770415181005 -0.0017131177364186835 -0.0014071314952375051 0.022674070206408735 -0.00087220145484081916
leaf_weight=109 111 199 968 1155 75 308 126 61 343 1620 194 88 75 142 111 266 206 403 145 126 312 149 119 417 469 107 221 198 406 123
leaf_count=109 111 199 968 1155 75 308 126 61 343 1620 194 88 75 142 111 266 206 403 145 126 312 149 119 417 469 107 221 198 406 123
internal_value=-0.00144384 -0.00170686 -0.0014403 0.000152272 0.00664729 0.00450644 -0.00243939 0.0105749 -0.00480416 -0.0070249 -0.000772485 -0.000320427 0.00120529 0.00169709 0.00421502 0.00311078 0.00161053 -0.00258696 0.00661475 -0.0056405 -0.0041245 -0.0117927 0.002249 0.00529459 0.0106543 0.00108949 -0.0183917 -0.000704023 0.0030123 0.00688202
internal_weight=9352 9243 9132 6201 769 694 325 369 2931 1963 5432 5238 3741 3666 2511 2369 2103 1145 958 237 1497 458 742 623 721 252 309 1039 727 529
internal_count=9352 9243 9132 6201 769 694 325 369 2931 1963 5432 5238 3741 3666 2511 2369 2103 1145 958 237 1497 458 742 623 721 252 309 1039 727 529
is_linear=0
shrinkage=0.035


Tree=11
num_leaves=31
num_cat=0
split_feature=66 173 163 256 13 57 183 211 107 261 107 4 261 183 256 256 270 256 71 270 13 93 223 148 148 8 270 261 85 151
split_gain=43.2117 41.9529 48.7707 42.3923 57.5514 41.5322 40.96 52.4057 40.3112 53.636 65.672 39.4261 52.359 45.5868 40.0504 50.6183 51.0119 59.9905 46.0689 38.8687 38.1948 59.1205 37.9701 37.6605 46.9798 40.8125 36.7488 37.4883 30.3121 44.9699
threshold=0.08495000004768373 0.96808819018749592 0.94998389654577531 12.509650257790405 16.866746242612106 0.011363992759618071 0.85358983167205749 0.55909902138508361 6837.5000000000009 616.82498168945324 6737.5000000000009 -20.973559743393285 596.38000488281261 -0.79190115500962566 33.08196797167836 39.599136243082818 58.180950605950322 60.247457891596007 2086.0000000000005 43.482110692555203 25.049403189472638 1804.0000000000002 2.9377285833748705 191.00000000000003 420.50000000000006 -69.36975760313365 35.61839627631079 571.45501708984386 6087.5000000000009 0.25367500260472303
decision_type=2 2 2 2 2 2 2 2 2 2 2 2 2 2 2 2 2 2 2 2 2 2 2 2 2 2 2 2 2 2
left_child=-1 2 3 -2 -5 -6 7 8 9 10 11 14 13 -13 19 -16 -17 18 -18 22 -8 -22 -7 -15 25 -25 -26 -28 29 -19
right_child=1 -3 -4 4 5 6 20 -9 -10 -11 -12 12 -14 23 15 16 17 28 -20 -21 21 -23 -24 24 26 -27 27 -29 -30 -31
leaf_value=-0.00086045616345565299 0.026446417789427801 0.021884314258923343 -0.0016355662380864561 -0.0011311894846978915 0.022013757229234519 0.026536147566700485 -0.00069209768553348601 -0.0010528248831238435 -0.0028302035051228944 0.028249797821291715 -0.0018248569309112274 0.024799302393384379 0.024941336463612306 0.021249867873006967 0.026439043834409454 -0.0015760184238534254 0.028307674755366878 -0.0023355243855361341 -0.0023855727564078941 -0.0015588095094674112 -0.0010790639010407883 0.026387501653458371 -0.000935661661173013 0.02421104996857204 0.03147657833294594 -0.001737007942980115 0.0082498098157786758 -0.0022499099678371013 0.018434008914514098 -0.00084447384426737865
leaf_weight=111 96 189 224 85 109 67 111 1347 83 180 125 108 402 464 173 267 392 115 83 369 130 468 210 133 103 431 1375 246 320 836
leaf_count=111 96 189 224 85 109 67 111 1347 83 180 125 108 402 464 173 267 392 115 83 369 130 468 210 133 103 431 1375 246 320 836
internal_value=-0.00139895 -0.00113184 -0.00147621 -0.00106193 -0.00132196 -0.00103155 -0.00131101 -0.00204174 -0.000733775 -0.0004099 -0.0009616 -0.000436137 0.00218549 0.000513089 -0.00345435 -0.00118211 -0.00275768 -0.00055968 0.00998958 -0.0110753 0.00671569 0.0102156 -0.00111702 -0.000380849 -0.00222852 -0.010949 0.000647773 -0.000667282 -0.00452586 -0.00765167
internal_weight=9352 9241 9052 8828 8732 8647 8538 7829 6482 6399 6219 6094 3262 2860 2832 2186 2013 1746 475 646 709 598 277 2752 2288 564 1724 1621 1271 951
internal_count=9352 9241 9052 8828 8732 8647 8538 7829 6482 6399 6219 6094 3262 2860 2832 2186 2013 1746 475 646 709 598 277 2752 2288 564 1724 1621 1271 951
is_linear=0
shrinkage=0.035


Tree=12
num_leaves=31
num_cat=0
split_feature=66 57 173 163 256 13 183 246 13 272 13 93 107 140 260 148 148 270 49 163 260 140 7 270 81 102 136 7 7 63
split_gain=43.4257 41.6836 41.1726 47.5097 43.189 53.5234 42.3893 48.0524 38.1519 39.0751 36.5011 56.7908 29.698 37.8905 29.0107 27.3873 43.3464 50.9833 50.5232 45.0922 36.8609 36.663 31.3745 31.0388 27.8352 25.2034 24.2523 23.5825 23.9791 23.4285
threshold=0.08495000004768373 0.011363992759618071 0.96808819018749592 0.94998389654577531 12.509650257790405 16.866746242612106 0.85358983167205749 0.55909902138508361 18.833632199580027 0.01520001143217087 25.049403189472638 1804.0000000000002 6837.5000000000009 6802.5000000000009 0.87901972430108455 191.00000000000003 643.50000000000011 55.410939282300824 2566.5000000000005 -0.19613817919644996 -0.55987213814726455 6707.5000000000009 -47.033783102209391 147.12858285993829 50.887250900268562 -4.6158212455420431 29.694849967956547 -50.452969335714414 -96.0195330229961 6652.5000000000009
decision_type=2 2 2 2 2 2 2 2 2 2 2 2 2 2 2 2 2 2 2 2 2 2 2 2 2 2 2 2 2 2
left_child=-1 -2 3 4 -3 -6 7 8 -7 -10 -8 -12 13 15 -4 -11 17 -17 19 20 24 23 29 25 -18 -19 -24 28 -27 -21
right_child=1 2 14 -5 5 6 10 -9 9 12 11 -13 -14 -15 -16 16 18 21 -20 22 -22 -23 26 -25 -26 27 -28 -29 -30 -31
leaf_value=-0.00083034019773470529 0.021243275726211312 0.025520793166797826 0.026492344605071588 -0.0015783214197534296 -0.0010915978527334643 0.026974189801171257 -0.00066787426653981468 -0.0010159760122145085 -0.00085440443187404804 0.019731420405863419 -0.0010412966645043627 0.025463939095587328 -0.0025810787275181019 0.027122276805903827 0.0049794046477338663 -0.0016435853441996275 0.025546016296348752 0.020199174769712638 -0.0012125572897872877 0.013526506468661877 -0.001177445203240873 0.024234037111374066 0.0070619320452254683 0.031768472662749223 -0.0033835323451148732 -0.0017190365421640209 0.027447484639019897 -0.001929924129792919 0.022399808982632562 -0.0034868942062438518
leaf_weight=111 109 96 85 224 85 98 111 1347 1568 582 130 468 64 162 104 432 204 211 398 397 919 106 144 63 60 115 415 327 148 69
leaf_count=111 109 96 85 224 85 98 111 1347 1568 582 130 468 64 162 104 432 204 211 398 397 919 106 144 63 60 115 415 327 148 69
internal_value=-0.00134659 -0.00107884 -0.0013407 -0.00168585 -0.00127178 -0.00153744 -0.00125366 -0.00199706 -0.000744566 -0.00108468 0.00691176 0.0103317 0.000479154 0.000809334 0.0146134 0.000213275 -0.000819836 -0.00577114 0.00184987 0.00392228 -0.000736532 -0.00129231 0.0092767 -0.00370541 0.0106691 -0.00560174 0.0148316 -0.00929412 -0.00143657 0.00252654
internal_weight=9352 9241 9132 8943 8719 8623 8538 7829 6482 6384 709 598 4816 4752 189 4590 4008 1402 2606 2208 1183 970 1025 864 264 801 559 590 263 466
internal_count=9352 9241 9132 8943 8719 8623 8538 7829 6482 6384 709 598 4816 4752 189 4590 4008 1402 2606 2208 1183 970 1025 864 264 801 559 590 263 466
is_linear=0
shrinkage=0.035


Tree=13
num_leaves=31
num_cat=0
split_feature=66 57 6 8 13 261 261 6 148 256 148 92 13 93 163 19 260 60 270 55 22 19 121 270 272 260 183 270 41 183
split_gain=43.4869 41.6237 36.8776 50.0994 40.1889 35.8539 70.2435 39.5719 43.1316 49.0977 44.1143 42.9003 49.5539 42.6177 39.1699 39.0889 41.0322 38.2508 38.0176 57.6922 35.6876 33.6728 37.1819 42.9458 39.0055 34.7076 33.0882 38.2269 37.9831 29.8481
threshold=0.08495000004768373 0.011363992759618071 24.599648517955782 -10.305289282245992 16.897184874880217 541.93997192382824 521.45501708984386 -27.564547919348097 1024.0000000000002 28.028400698666989 214.50000000000003 53.975999832153327 31.075841879282521 2357.5000000000005 0.88895924203641641 6267.5000000000009 -0.78402387783007688 1654.0000000000002 71.102527838078956 0.21354999393224719 0.11704999953508378 5277.5000000000009 0.30969999730587011 81.444151885384585 -0.014300003647804259 0.67993278476916197 -0.24703407390193988 72.280099670939777 6102.5000000000009 0.33248452695853697
decision_type=2 2 2 2 2 2 2 2 2 2 2 2 2 2 2 2 2 2 2 2 2 2 2 2 2 2 2 2 2 2
left_child=-1 -2 3 4 -3 6 18 15 9 10 13 12 -11 -9 -13 -7 -17 26 -6 -20 -5 -21 23 -23 -24 -26 -8 28 -28 -12
right_child=1 2 -4 20 5 7 17 8 -10 11 29 14 -14 -15 -16 16 -18 -19 19 21 -22 22 24 -25 25 -27 27 -29 -30 -31
leaf_value=-0.00080127829081398877 0.020499761075793915 -0.00097016950228924492 -0.0010305345432947669 0.026513796166693217 -0.0015510194441847671 0.015669685288567547 0.021972661935909063 0.019963627677373783 0.023934373123780439 0.030031042177515368 -0.00096880655869128454 0.025019330961203158 -0.0013932851105838558 -0.00067375152812442971 -0.0017443052766081442 0.029393444261681147 -0.0011705112089435716 -0.0016059316702568462 0.030900965218405945 -0.0013821659633391332 0.0042651866715456861 0.024462588093924331 -0.00090118553429367765 -0.0018311683792422732 0.023733479905826315 -0.002366799728980368 3.6831678569608788e-05 -0.0020860490412242219 -0.0012806030943637917 -0.0022993446179651778
leaf_weight=111 109 92 352 155 405 646 101 156 527 132 204 443 551 206 83 100 1604 284 147 65 190 235 63 520 691 66 500 248 164 202
leaf_count=111 109 92 352 155 405 646 101 156 527 132 204 443 551 206 83 100 1604 284 147 65 190 235 63 520 691 66 500 248 164 202
internal_value=-0.00133162 -0.0010637 -0.00132538 -0.000876494 -0.0014141 -0.00115297 -0.00385661 0.000792344 0.00385014 0.00146569 -0.00543338 0.00585255 5.08721e-05 0.00343324 0.0133145 -0.00246709 -0.00524283 -0.0102957 -3.18616e-05 0.00216797 0.0121 0.000255319 0.00130696 -0.00428289 0.00644848 0.0086811 -0.00704813 -0.00916031 -0.00470852 -0.0132847
internal_weight=9352 9241 9132 8780 8435 8343 3489 4854 2504 1977 768 1209 683 362 526 2350 1704 1297 2192 1787 345 1640 1575 755 820 757 1013 912 664 406
internal_count=9352 9241 9132 8780 8435 8343 3489 4854 2504 1977 768 1209 683 362 526 2350 1704 1297 2192 1787 345 1640 1575 755 820 757 1013 912 664 406
is_linear=0
shrinkage=0.035


Tree=14
num_leaves=31
num_cat=0
split_feature=66 57 173 163 183 256 13 246 6 221 261 219 148 256 70 60 71 270 13 126 224 13 60 33 244 9 49 126 81 160
split_gain=43.5175 41.5938 37.4184 42.3564 42.331 43.2896 44.8153 43.4524 45.6905 43.0577 41.4035 44.3353 51.7772 61.0759 54.5215 42.7186 45.1666 39.0969 36.5215 34.5656 44.4272 34.0856 40.1563 34.1181 30.0347 29.2333 28.4993 27.4196 29.9823 26.6054
threshold=0.08495000004768373 0.011363992759618071 0.96808819018749592 0.94998389654577531 0.85358983167205749 12.509650257790405 16.866746242612106 0.62333128650776637 18.482852338428284 156.85177480887282 544.95501708984386 -48.64760574469306 1024.0000000000002 28.028400698666989 47.228401184082038 1712.0000000000002 239.50000000000003 55.09519085437487 31.075841879282521 1809.0000000000002 0.75648792568269518 25.049403189472638 187.00000000000003 0.17074999958276751 0.014000002294778826 58.81197273664111 4786.0000000000009 2122.0000000000005 54.460750579833991 0.01634999364614487
decision_type=2 2 2 2 2 2 2 2 2 2 2 2 2 2 2 2 2 2 2 2 2 2 2 2 2 2 2 2 2 2
left_child=-1 -2 3 4 5 -3 -7 8 9 10 15 17 13 -13 18 29 -17 24 -15 -14 -21 -6 23 -23 -12 -4 -24 -19 -29 -8
right_child=1 2 25 -5 21 6 7 -9 -10 -11 11 12 19 14 -16 16 -18 27 -20 20 -22 22 26 -25 -26 -27 -28 28 -30 -31
leaf_value=-0.0007732335506354988 0.019782269438141126 0.02408893320629072 0.022784882263297543 -0.0014743151911916226 -0.00062091736372656646 -0.0010194359953076687 -0.00092440188136855208 -0.0010199955674845946 -0.0016368992641428006 0.022032262777084248 -0.00016533092365116021 -0.0013799031929421191 0.027270295084304581 0.024196455411698674 0.023022507596697453 0.020303583337757714 -0.0016839461630009103 -0.00077888444542828093 -0.0035669469674305954 0.021631594954290751 -0.0039626903001569709 0.025351630928174301 0.028283542107192913 -0.0016671635557312377 -0.0017279879026182415 -0.0017981728701935375 -0.0020741729917177773 0.026297313939260554 -0.0016865668576147462 0.00018873568802828673
leaf_weight=111 109 96 108 224 111 85 430 942 313 322 203 539 353 67 435 120 557 1076 252 107 67 74 284 158 254 81 82 232 98 1462
leaf_count=111 109 96 108 224 111 85 430 942 313 322 203 539 353 67 435 120 557 1076 252 107 67 74 284 158 254 81 82 232 98 1462
internal_value=-0.00132414 -0.00105613 -0.00131772 -0.00164674 -0.00125573 -0.00198253 -0.00227175 -0.00198813 -0.00102075 -0.000393677 -0.00104043 0.00133812 0.00521644 0.00142912 0.00783926 -0.00444639 -0.0119575 -0.0024545 -0.00313272 0.0144079 0.00156425 0.00691176 0.0102156 -0.00118143 -0.0112879 0.0138918 0.0173585 0.000446492 0.00919403 -0.00173432
internal_weight=9352 9241 9132 8943 8719 8010 7914 7829 6887 6574 6252 3683 1820 1293 754 2569 677 1863 319 527 174 709 598 232 457 189 366 1406 330 1892
internal_count=9352 9241 9132 8943 8719 8010 7914 7829 6887 6574 6252 3683 1820 1293 754 2569 677 1863 319 527 174 709 598 232 457 189 366 1406 330 1892
is_linear=0
shrinkage=0.035


Tree=15
num_leaves=31
num_cat=0
split_feature=66 57 272 20 6 8 104 148 104 219 107 221 92 93 137 115 260 44 13 104 13 13 247 60 274 148 274 272 268 163
split_gain=43.4257 41.6836 35.3444 34.9013 33.5749 52.222 38.4474 50.5377 48.8073 47.8176 36.1022 34.3299 31.9163 31.5971 36.4722 30.9379 28.0035 28.8224 27.459 27.3678 26.6288 53.4692 35.844 30.6189 26.3632 26.1735 25.2186 24.7868 23.8565 22.0548
threshold=0.08495000004768373 0.011363992759618071 0.018900007009506229 17.672199398555136 24.599648517955782 -12.905053198737933 185.00000000000003 1041.5000000000002 52.500000000000007 -48.1222639007457 6637.5000000000009 103.39485976354659 55.273550033569343 1565.5000000000002 352.50000000000006 5002.5000000000009 0.75698676972209455 0.1066500023007393 59.347744884800896 926.00000000000011 36.86031328658671 55.87624154139268 649.56500244140636 3778.5000000000005 0.47367564505963611 34.500000000000007 0.64414195743850466 0.026299990713596347 -23.99247998931153 -0.91374214101882667
decision_type=2 2 2 2 2 2 2 2 2 2 2 2 2 2 2 2 2 2 2 2 2 2 2 2 2 2 2 2 2 2
left_child=-1 -2 3 -3 5 6 8 11 25 10 20 12 16 14 -13 29 17 -8 24 -11 -9 -22 23 28 -14 -4 -26 -15 -23 -5
right_child=1 2 4 15 -6 -7 7 9 -10 19 -12 13 18 27 -16 -17 -18 -19 -20 -21 21 22 -24 -25 26 -27 -28 -29 -30 -31
leaf_value=-0.00074617037636325555 0.019089890007806188 0.021433984010122347 0.0050002956979762038 0.023770558233271299 -0.00098060912181485672 0.022097424491521189 0.023017388070335165 -0.001815354179251254 0.022179703255411482 -0.0014147903842507172 -0.0018747323377447534 -0.0033736525713533435 0.0095404118543812363 0.021623638810234148 0.026360485656543801 -0.0024212615714924619 -0.0018124288612022296 -0.0014912578890824927 -0.0015751226334761272 0.023390121406759553 0.029221877822892026 0.031354426154192337 0.03887178680062095 0.024644930831513055 -0.0015023502281430042 -0.0030137696599077989 0.013355935191907534 -0.0023102984289758255 -0.0026627820421970781 -0.00080213045836165155
leaf_weight=111 109 216 113 132 241 206 96 104 458 143 245 112 648 98 271 103 103 1388 112 473 149 60 62 68 129 99 72 130 299 2802
leaf_count=111 109 216 113 132 241 206 96 104 458 143 245 112 648 98 271 103 103 1388 112 473 149 60 62 68 129 99 72 130 299 2802
internal_value=-0.00134659 -0.00107884 -0.0013407 -0.00426489 0.000279572 0.000831118 0.000167372 -0.000939794 0.00798519 0.00411381 -0.000670363 -0.00350664 -0.00529181 0.00392045 0.0100129 -0.00523504 -0.00833229 -0.00705171 -0.000253623 0.011723 0.00318608 0.00587869 0.000212551 -0.0034838 0.00192623 -0.00580645 -0.00900485 -0.00630901 -0.00759615 -0.00454917
internal_weight=9352 9241 9132 3253 5879 5638 5432 4762 670 1603 987 3159 2548 611 383 3037 1587 1484 961 616 742 638 489 427 849 212 201 228 359 2934
internal_count=9352 9241 9132 3253 5879 5638 5432 4762 670 1603 987 3159 2548 611 383 3037 1587 1484 961 616 742 638 489 427 849 212 201 228 359 2934
is_linear=0
shrinkage=0.035


Tree=16
num_leaves=31
num_cat=0
split_feature=57 66 173 273 9 260 5 183 2 30 261 193 82 22 82 63 260 6 261 160 254 2 13 104 183 256 134 225 7 271
split_gain=43.7654 36.6661 38.899 34.3869 29.2333 27.7735 26.3725 44.433 28.6049 43.1081 29.6543 26.5753 25.7918 22.6649 42.7833 27.9092 29.3396 28.0773 25.1371 29.1252 30.2229 25.0805 34.9446 32.9196 24.6878 23.9456 22.2606 22.0404 20.8129 20.6653
threshold=0.011363992759618071 0.08495000004768373 0.96808819018749592 0.15480322826380502 58.81197273664111 0.76733822639333249 7.5861710008550522 -0.80780127552400216 6742.2548828125009 6652.5000000000009 618.01000976562511 0.95480185218044056 348.50000000000006 0.11765000224113466 244.50000000000003 5957.5000000000009 0.4076730973755805 17.816280693214974 538.14999389648449 0.039099998772144325 -1.8667858810617053 6389.7448730468759 27.521947889339319 1725.0000000000002 -0.24703407390193988 43.111805611703531 0.012078463288843861 0.12890462258358473 -10.614302234520693 10.880689861457034
decision_type=2 2 2 2 2 2 2 2 2 2 2 2 2 2 2 2 2 2 2 2 2 2 2 2 2 2 2 2 2 2
left_child=-1 -2 3 5 -4 6 -3 -8 9 11 -10 13 -7 14 -9 16 -15 -18 24 20 -20 -16 23 -23 -17 -22 28 -11 -5 -26
right_child=1 2 4 26 -6 12 7 8 10 27 -12 -13 -14 15 21 18 17 -19 19 -21 25 22 -24 -25 29 -27 -28 -29 -30 -31
leaf_value=0.018421743857532969 -0.00072005441319054127 -0.000659205850638259 0.021429832321331662 0.00097539050162923253 -0.0017071622536941051 -0.00075422385610158355 0.023658398127279698 -0.0014632011893252821 -0.0019607390759691572 0.026942716810785444 0.017319099723038932 0.025968587617299945 -0.0013117910246916152 0.0015952767557890933 0.026457432078690984 0.020378358769834674 0.028203645626614184 -0.0011825711662261399 0.013388481833376825 0.022721140074583639 -0.00042917436477736277 -0.0028997172861140088 0.024490076853809686 0.017004668886243725 -0.0018484118646461011 -0.0036391285614867171 -0.00095092250671296964 0.015131874183112461 -0.002309691171436425 2.2404573349898986e-06
leaf_weight=109 111 1712 108 884 81 407 126 86 182 142 86 76 102 775 206 75 184 74 242 250 239 95 104 75 358 256 1922 97 72 116
leaf_count=109 111 1712 108 884 81 407 126 86 182 142 86 76 102 775 206 75 184 74 242 250 239 95 104 75 358 256 1922 97 72 116
internal_value=-0.00160094 -0.00186581 -0.0016165 -0.00195183 0.0138918 -0.000455519 0.000264341 0.00187321 0.00116573 0.00202605 -0.00974359 0.000946828 -0.0082393 0.000434713 0.00674256 -0.000965423 0.00347303 0.0135741 -0.00395198 -0.000599798 -0.00410377 0.0108247 0.00376344 -0.006 -0.00991877 -0.00903 -0.00509886 0.016209 -0.000728408 -0.0128601
internal_weight=9352 9243 9132 8943 189 6065 5556 3844 3718 3450 268 3211 509 3135 566 2569 1033 258 1536 987 737 480 274 170 549 495 2878 239 956 474
internal_count=9352 9243 9132 8943 189 6065 5556 3844 3718 3450 268 3211 509 3135 566 2569 1033 258 1536 987 737 480 274 170 549 495 2878 239 956 474
is_linear=0
shrinkage=0.035


Tree=17
num_leaves=31
num_cat=0
split_feature=173 163 57 256 256 201 118 6 49 121 260 224 71 260 49 60 27 30 161 27 49 49 173 221 271 49 9 33 27 22
split_gain=44.713 51.0285 43.1309 42.2305 47.1742 50.546 76.4516 39.3951 35.9624 50.7531 43.3843 51.8125 41.0498 38.4829 37.923 37.7505 30.6324 39.4288 30.4542 32.0014 29.6206 29.3792 28.9537 43.7896 32.0172 53.1151 28.1996 27.4157 26.6552 26.619
threshold=0.96808819018749592 0.94998389654577531 0.011363992759618071 12.509650257790405 26.133712989782811 0.12677500024437907 6747.5000000000009 18.482852338428284 2496.5000000000005 0.15984999388456347 0.8119563649487852 0.54360411432898881 2027.5000000000002 0.2604143741921659 4711.0000000000009 1318.5000000000002 3121.5000000000005 5937.5000000000009 0.2039499990642071 963.50000000000011 2339.0000000000005 2090.5000000000005 0.36240995716326896 9.2054900497171612 5.9806876360345687 3678.0000000000005 58.81197273664111 0.27275000512599951 3148.0000000000005 0.30144999921321874
decision_type=2 2 2 2 2 2 2 2 2 2 2 2 2 2 2 2 2 2 2 2 2 2 2 2 2 2 2 2 2 2
left_child=1 2 -1 -4 22 6 -6 8 10 12 11 20 15 -14 -11 -10 17 18 -13 -20 -7 27 23 -5 25 -25 -2 -19 -26 -21
right_child=26 -3 3 4 5 7 -8 -9 9 14 -12 16 13 -15 -16 -17 -18 21 19 29 -22 -23 -24 24 28 -27 -28 -29 -30 -31
leaf_value=0.017776982822519317 0.018716200258135841 -0.0015702967064575397 0.022505692974602257 -0.001069833640667191 0.023840373889865131 -0.00068562828797852924 -0.0018367518128249618 -0.0012939968055662649 0.021728332528109448 -0.0015243936405330918 -0.0021086509115366405 0.028157535195432848 -0.0018070337936597323 0.0053595524343328258 0.014753115279596298 -0.00088037385520290789 0.024549086836902063 -0.0015733627616848986 0.021245155812105943 -0.003397294896567692 0.027116259391947565 0.021518712009420873 -0.0010804589147580018 -0.0023933725029212987 0.026794037104898184 0.021358918234352296 -0.0016474115748148135 0.017722221733659928 -0.0018558093328925997 0.023216767238389537
leaf_weight=109 131 253 96 251 455 2665 95 451 148 598 211 123 136 370 171 95 269 556 280 190 63 67 651 201 196 90 81 167 60 123
leaf_count=109 131 253 96 251 455 2665 95 451 148 598 211 123 136 370 171 95 269 556 280 190 63 67 651 201 196 90 81 167 60 123
internal_value=-0.00151117 -0.001883 -0.00143668 -0.00171354 -0.00197421 -0.000817215 0.00933333 -0.00165894 -0.000931538 -0.00560735 0.000578512 0.00131211 0.000881963 -0.00479452 -0.0118928 0.0125605 0.00595787 0.00398412 0.00990291 0.00649666 -0.00171606 -0.00140881 -0.00772696 -0.0032254 0.00234601 -0.00555743 0.0141935 -0.00350962 0.0112644 -0.00121069
internal_weight=9352 9140 8887 8778 8682 7233 550 6683 6232 1518 4714 4503 749 506 769 243 1775 1506 716 593 2728 790 1449 798 547 291 212 723 256 313
internal_count=9352 9140 8887 8778 8682 7233 550 6683 6232 1518 4714 4503 749 506 769 243 1775 1506 716 593 2728 790 1449 798 547 291 212 723 256 313
is_linear=0
shrinkage=0.035


Tree=18
num_leaves=31
num_cat=0
split_feature=57 66 173 163 256 256 13 150 256 256 274 49 270 126 89 89 270 256 13 256 19 27 211 247 8 71 49 260 173 260
split_gain=43.9169 39.6032 38.9594 40.7854 36.9172 42.4759 53.6091 54.9991 50.4287 51.3356 49.7019 47.4654 46.0313 42.93 35.972 35.2451 33.371 38.5618 54.6313 42.648 42.7492 32.6724 34.5541 61.2543 43.9492 31.4496 30.4012 30.096 29.0407 36.614
threshold=0.011363992759618071 0.082350000739097609 0.96808819018749592 0.94998389654577531 12.509650257790405 26.133712989782811 31.619646453654671 0.052200011909008033 33.434670840634517 39.599136243082818 0.49116808972166748 2566.5000000000005 43.923742715155605 1352.5000000000002 17.182574292928518 15.217828083395991 58.180950605950322 59.390146533969251 60.181507332570135 41.533166663104872 6752.5000000000009 2771.5000000000005 0.14229288921293926 615.83001708984386 -46.657270388389811 2137.5000000000005 1945.5000000000002 0.050838348325634629 0.20108971154899 0.70253724425916519
decision_type=2 2 2 2 2 2 2 2 2 2 2 2 2 2 2 2 2 2 2 2 2 2 2 2 2 2 2 2 2 2
left_child=-1 -2 3 4 -3 -6 7 13 12 10 -10 16 -8 -7 -14 27 26 19 -19 -18 21 22 24 -24 -21 -15 -11 -13 -20 -30
right_child=1 2 -4 -5 5 6 8 -9 9 11 -12 15 14 25 -16 -17 17 18 28 20 -22 -23 23 -25 -26 -27 -28 -29 29 -31
leaf_value=0.017154788423731138 -0.0008481316498429104 0.021717993720491179 0.017800834798093884 -0.0014655607033393998 -0.00087160554648600902 0.022765592061185502 0.020509384296717826 -0.002253196509555288 0.023597842842712602 -0.0013951789735376142 -0.00095535696760626516 -0.0021609038865027632 -0.0020028306883609556 0.016969120954491008 0.018397013870260669 -0.0013463634158998479 -0.002454664965840331 -0.0021979834337109011 -0.00092568358374310556 0.025711774368156831 -0.0017908127344280318 0.02571447357554453 -0.0020535147995035187 0.024773351660665043 -0.005332032286697516 -0.0023357105939036684 0.023107805516913094 0.0084436687628281631 0.021086185984022551 -0.0020266720073818223
leaf_weight=109 74 96 191 233 1442 677 113 176 326 345 151 107 407 70 61 465 91 154 1695 429 102 181 185 65 92 78 63 388 641 145
leaf_count=109 74 96 191 233 1442 677 113 176 326 345 151 107 407 70 61 465 91 154 1695 429 102 181 185 65 92 78 63 388 641 145
internal_value=-0.00163835 -0.00190365 -0.0016901 -0.00202605 -0.001636 -0.00188063 -0.000781337 0.00671471 -0.00199485 -0.000976021 0.00994813 -0.0019969 -0.0117662 0.0105 -0.0165751 -0.00899482 -0.000383973 0.000647292 -0.00168371 0.00599565 0.00799811 0.0103135 0.00708119 -0.00356863 0.0121768 -0.00640523 -0.00983051 -0.00245 -0.000408286 0.00513274
internal_weight=9352 9243 9169 8978 8745 8649 7207 1001 6206 5625 477 5148 581 825 468 960 4188 3780 2635 1145 1054 952 771 250 521 148 408 495 2481 786
internal_count=9352 9243 9169 8978 8745 8649 7207 1001 6206 5625 477 5148 581 825 468 960 4188 3780 2635 1145 1054 952 771 250 521 148 408 495 2481 786
is_linear=0
shrinkage=0.035


Tree=19
num_leaves=31
num_cat=0
split_feature=57 66 273 115 191 260 183 224 218 260 49 266 183 63 6 59 205 261 150 129 9 148 7 52 2 93 160 275 60 170
split_gain=41.3659 39.7009 29.1489 25.0844 24.7845 31.5725 31.5982 29.1092 26.1409 31.6201 25.1062 25.0345 24.2122 24.0031 20.7705 23.6601 23.4287 22.0458 28.6957 28.1275 26.9961 43.737 40.0864 33.3528 26.2244 26.1532 22.3301 21.8974 20.0567 18.6881
threshold=0.011363992759618071 0.082350000739097609 0.15480322826380502 5203.0000000000009 0.11920000053942205 0.87901972430108455 0.90093656334185479 0.94428760161162895 5.8836712206328281 0.30007118923779669 2475.0000000000005 21.580731604106123 0.7896225765279683 6452.5000000000009 18.482852338428284 29.937950134277347 0.017402295580424321 614.16497802734386 0.07399997860193254 6722.5000000000009 -5.3925360106923828 1041.5000000000002 -44.603891452259781 6662.5000000000009 6639.5998535156259 275.00000000000006 0.01634999364614487 3.3108600733283704 142.50000000000003 0.024099994450807575
decision_type=2 2 2 2 2 2 2 2 2 2 2 2 2 2 2 2 2 2 2 2 2 2 2 2 2 2 2 2 2 2
left_child=-1 -2 3 4 8 6 11 -7 13 10 -10 14 -5 -3 15 16 -6 19 -19 20 27 23 25 24 26 -23 -22 -17 -8 -27
right_child=1 2 -4 12 5 7 28 -9 9 -11 -12 -13 -14 -15 -16 17 -18 18 -20 -21 21 22 -24 -25 -26 29 -28 -29 -30 -31
leaf_value=0.016554370828900548 -0.0008184470420984078 0.024662397331991721 -0.00072416332907531474 -0.0028976088622521008 0.023119935169982158 0.016330823537318601 -0.00049095087929029062 -0.0021449373479320265 -0.0019528766716957659 -0.0013727180762229197 0.019831169681886533 0.021654702360535152 0.011725676940266558 0.01376803129360942 -0.0017721678166167116 -0.001481470355758638 0.00048587446768718517 0.025676084312073411 -0.0033185503275339864 -0.0020553087726156386 -0.001563656455524012 0.021128905922266919 0.0232242939933489 0.019745249089611044 -0.0042432468104824815 -0.0020806593629100821 -0.00061443784848582849 0.022652049207564782 0.021394664619353815 0.024242118545149585
leaf_weight=109 74 144 2939 146 220 67 69 174 69 212 142 186 88 171 235 323 437 110 60 89 224 189 353 143 86 311 1664 69 141 108
leaf_count=109 74 144 2939 146 220 67 69 174 69 212 142 186 88 171 235 323 437 110 60 89 224 189 353 143 86 311 1664 69 141 108
internal_value=-0.0016159 -0.00187338 -0.00165958 -0.000303128 0.000139977 -0.000704921 -0.00010454 -0.0129472 0.00612382 0.000408879 0.00988426 -0.000690981 -0.0114226 0.0136719 -0.00120298 -0.00065361 0.00544562 -0.00173407 0.0104 -0.00232744 -0.00181295 -0.00070386 0.00547101 -0.0035132 -0.0047044 0 -0.00380877 -0.010403 0.0130233 -0.00487028
internal_weight=9352 9243 9169 6230 5996 5258 5017 241 738 423 211 4807 234 315 4621 4386 657 3729 170 3559 3470 3078 961 2117 1974 608 1888 392 210 419
internal_count=9352 9243 9169 6230 5996 5258 5017 241 738 423 211 4807 234 315 4621 4386 657 3729 170 3559 3470 3078 961 2117 1974 608 1888 392 210 419
is_linear=0
shrinkage=0.035


Tree=20
num_leaves=31
num_cat=0
split_feature=57 66 173 163 256 256 183 151 261 137 6 270 8 49 121 49 104 49 260 4 183 27 115 140 183 183 33 270 71 60
split_gain=41.1895 39.8477 38.5764 42.9374 36.6103 39.409 51.8734 50.9745 60.7156 46.2075 39.1805 37.7807 36.7421 36.9418 48.4271 41.1191 38.412 31.928 31.8794 38.7373 38.6661 28.9207 49.3088 33.2019 33.6676 36.7141 32.8525 35.9477 29.6019 28.8166
threshold=0.011363992759618071 0.082350000739097609 0.96808819018749592 0.94998389654577531 12.509650257790405 26.133712989782811 0.60428440412431816 0.13112499937415126 608.63500976562511 1932.0000000000002 18.482852338428284 50.221273416489737 -13.567083778183976 2496.5000000000005 0.1592499986290932 2339.0000000000005 1415.5000000000002 4711.0000000000009 0.89845608192937332 -17.669263346540721 -0.79789908112066132 3121.5000000000005 2694.5000000000005 5977.5000000000009 0.4140314736165151 0.70037593984920166 0.17944999784231189 120.71506786901351 2500.5000000000005 1289.5000000000002
decision_type=2 2 2 2 2 2 2 2 2 2 2 2 2 2 2 2 2 2 2 2 2 2 2 2 2 2 2 2 2 2
left_child=-1 -2 3 4 -3 6 9 8 -7 11 12 -6 13 15 16 18 29 -16 19 -9 -21 23 -23 28 26 -26 -25 -28 -22 -15
right_child=1 2 -4 -5 5 7 -8 10 -10 -11 -12 -13 -14 14 17 -17 -18 -19 -20 20 21 22 -24 24 25 -27 27 -29 -30 -31
leaf_value=0.01597496784988903 -0.00078980139562496445 0.020420544461458211 0.016816029912435627 -0.0013445740482828218 -0.0013051260024739004 0.021727283986302026 -0.0012818787677008894 -0.00070545513563596233 -0.0018776813946539998 0.018239404673395167 -0.0014142860389053144 0.021004023560218195 0.026846196555696332 0.017984277347726438 -0.0014273885511385702 0.025894661891477495 -0.0024321791975618185 0.014309224680884559 -0.0022692054347943228 0.020375382268373272 0.013275769184215355 0.023070075783659966 -0.0041133447477659487 0.026175073892902759 -0.0031231917104320196 0.016357572452437057 -0.0013970658834584527 0.026423326164531639 0.022620197010800872 -0.00099624966773756776
leaf_weight=109 74 96 191 233 717 477 361 2329 82 252 447 112 82 331 604 100 165 169 94 82 672 269 61 101 213 82 497 64 88 198
leaf_count=109 74 96 191 233 717 477 361 2329 82 252 447 112 82 331 604 100 165 169 94 82 672 269 61 101 213 82 497 64 88 198
internal_value=-0.00157102 -0.00182796 -0.0016138 -0.00194812 -0.001548 -0.00179166 -0.00706289 -0.000732806 0.00937057 -0.00319061 -0.00158876 -0.00717626 -0.000862875 -0.00118305 -0.00601563 0.000345716 0.000701001 -0.0120116 -0.00015361 0.000282321 0.00369025 0.00271199 0.0121194 0.000873984 -0.00345634 -0.0131833 0.000944528 -0.00241166 0.00631373 0.00530899
internal_weight=9352 9243 9169 8978 8745 8649 1442 7207 559 1081 6648 829 6201 6119 1467 4652 694 773 4552 4458 2129 2047 330 1717 957 295 662 561 760 529
internal_count=9352 9243 9169 8978 8745 8649 1442 7207 559 1081 6648 829 6201 6119 1467 4652 694 773 4552 4458 2129 2047 330 1717 957 295 662 561 760 529
is_linear=0
shrinkage=0.035


Tree=21
num_leaves=31
num_cat=0
split_feature=57 44 173 49 256 256 183 256 270 260 13 150 256 270 256 49 274 126 34 6 260 148 4 104 85 261 63 33 274 49
split_gain=40.8671 37.3052 35.7049 29.0562 46.0519 35.6179 48.022 44.2535 52.2561 40.735 40.571 62.5696 44.1667 61.5669 44.9256 52.0034 44.8681 40.6083 40.184 37.6537 35.4309 43.3371 33.7136 38.6736 35.5198 47.387 38.1857 47.9521 33.6599 33.0874
threshold=0.011363992759618071 0.082450002431869521 0.96808819018749592 19950.500000000004 12.509650257790405 26.133712989782811 0.60428440412431816 24.762986723040036 50.804153135208054 0.89845608192937332 31.619646453654671 0.052200011909008033 33.434670840634517 34.518042654661713 39.599136243082818 2566.5000000000005 0.49116808972166748 1352.5000000000002 4.1198281862172275 18.482852338428284 -0.11889548959573075 516.00000000000011 -17.669263346540721 1862.5000000000002 5952.5000000000009 575.14501953125011 6587.5000000000009 0.20594999939203265 0.19721331420864482 2311.5000000000005
decision_type=2 2 2 2 2 2 2 2 2 2 2 2 2 2 2 2 2 2 2 2 2 2 2 2 2 2 2 2 2 2
left_child=-1 -2 3 4 -3 6 7 8 20 10 11 17 13 -12 16 19 -14 -7 -15 22 -6 -22 29 24 -24 28 -27 -28 -26 -16
right_child=1 2 -4 -5 5 9 -8 -9 -10 -11 12 -13 14 18 15 -17 -18 -19 -20 -21 21 -23 23 -25 25 26 27 -29 -30 -31
leaf_value=0.015415843975142913 -0.00076215834677809103 0.020414270818404006 0.016106928438894889 -0.002251959416201329 -0.0016791718041982346 0.021008756915536553 -0.0012374044731048885 -0.0018051850770695512 0.033328728175053189 -0.0012184386739250701 0.02246536728937993 -0.0024056392765630682 0.022114870567890511 -0.002094968069074631 -0.00072140975386486951 -0.0013058280741046319 -0.00077296141571406968 -0.0015048983981488476 0.018422424358513424 -0.0013728465667529153 -0.00091757221023931756 0.020591562997423686 0.017249175974341724 0.0220242033854865 -0.00016334973588697177 0.023012337826629991 -0.004559748370053413 0.023022794650240864 -0.0029925112622697903 0.022214137792807932
leaf_weight=109 74 89 190 83 131 686 381 159 60 246 87 167 326 413 1925 969 160 152 61 278 386 344 753 296 231 61 98 131 222 84
leaf_count=109 74 89 190 83 131 686 381 159 60 246 87 167 326 413 1925 969 160 152 61 278 386 344 753 296 231 61 98 131 222 84
internal_value=-0.00148873 -0.0017447 -0.0015375 -0.0018583 -0.00165936 -0.00191841 -0.00689973 -0.00309677 -0.000113391 -0.000923684 -0.000433498 0.00606436 -0.00150902 -0.0108216 -0.000556057 -0.0015377 0.00955193 0.00996441 -0.0157829 0.000197111 -0.00238453 0.000666667 0.00111272 0.00459655 0.00228514 -0.00313503 0.00783051 0.00104701 -0.0101638 -0.00199851
internal_weight=9352 9243 9169 8979 8896 8807 1461 1080 921 7346 7100 1005 6095 561 5534 5048 486 838 474 4079 861 730 3801 1792 1496 743 290 229 453 2009
internal_count=9352 9243 9169 8979 8896 8807 1461 1080 921 7346 7100 1005 6095 561 5534 5048 486 838 474 4079 861 730 3801 1792 1496 743 290 229 453 2009
is_linear=0
shrinkage=0.035


Tree=22
num_leaves=31
num_cat=0
split_feature=66 173 163 256 13 260 183 13 183 60 183 107 261 246 147 273 100 271 231 115 137 8 74 105 218 137 222 55 60 8
split_gain=40.8251 31.983 43.1677 35.4612 42.1265 29.0741 27.963 54.3145 52.985 42.0277 33.5217 31.6399 58.9309 31.5455 31.4451 27.7134 25.7689 28.212 22.7572 21.699 21.8266 31.3453 28.3394 24.1232 21.4595 20.3147 20.451 21.9179 19.8474 19.2742
threshold=0.082350000739097609 0.96808819018749592 0.94998389654577531 12.509650257790405 16.866746242612106 0.87901972430108455 0.85358983167205749 25.049403189472638 0.63239344262270636 81.500000000000014 0.70037593984920166 6837.5000000000009 616.82498168945324 0.55909902138508361 35.466150283813484 0.12583389801444961 10.696122130335667 7.3241965481514795 19.767314150586639 5449.5000000000009 1517.5000000000002 -30.284396297832672 6637.5000000000009 219.50000000000003 4.0698266703991361 1602.5000000000002 7.6824375247908838 0.19675000011920932 6102.0000000000009 -27.742618981031196
decision_type=2 2 2 2 2 2 2 2 2 2 2 2 2 2 2 2 2 2 2 2 2 2 2 2 2 2 2 2 2 2
left_child=-1 2 3 -2 -5 -3 8 -8 11 -9 -10 12 15 14 -12 19 29 -18 -17 20 23 22 25 28 -11 -22 -27 -28 -6 -15
right_child=1 5 -4 4 6 -7 7 9 10 24 13 -13 -14 16 -16 18 17 -19 -20 -21 21 -23 -24 -25 -26 26 27 -29 -30 -31
leaf_value=-0.0007354828046408588 0.018991325926663034 0.022199720657436809 -0.001254868603005548 -0.0013582794968670416 0.0015838397207723611 2.6898401440889898e-05 -0.0011768849898566587 -0.0024692800000624504 -0.0017580727144632482 0.021236572355577837 -0.0011676042187456039 -0.0028330095712592995 0.026674350411171041 0.026212470510619618 0.01920169053072639 -0.00090046832100763288 -0.0022480790696317687 -8.3114882879617997e-05 0.016942964599648697 -0.003823764511651011 0.022551626965902519 0.018878933049624808 0.025199259058986345 -0.0013361015924943695 0.017519347248754421 0.020026559383108732 -0.0030289913464577913 0.011512472933564428 0.023625811639187089 -0.0013982108874939171
leaf_weight=74 96 87 233 85 2317 104 111 60 496 215 160 87 163 69 114 2012 214 119 278 70 74 226 100 825 327 96 206 133 78 123
leaf_count=74 96 87 233 85 2317 104 111 60 496 215 160 87 163 69 114 2012 214 119 278 70 74 226 100 825 327 96 206 133 78 123
internal_value=-0.00152613 -0.00131208 -0.00161296 -0.00121684 -0.00145384 0.0126786 -0.00120592 0.00541086 -0.00180163 0.00957166 -0.00826538 -0.00054048 -0.000255203 -0.00378731 0.00577061 -0.000790498 -0.00878302 -0.0146006 -0.00387364 0.000923729 0.00126724 0.00629167 0.00210912 -4.34109e-05 0.0126691 -0.00129377 -0.00421591 -0.00824128 0.00173542 0.00142132
internal_weight=9352 9278 9087 8854 8758 191 8673 713 7960 602 1295 6665 6578 799 274 6415 525 333 2290 4125 4055 835 609 3220 542 509 435 339 2395 192
internal_count=9352 9278 9087 8854 8758 191 8673 713 7960 602 1295 6665 6578 799 274 6415 525 333 2290 4125 4055 835 609 3220 542 509 435 339 2395 192
is_linear=0
shrinkage=0.035


Tree=23
num_leaves=31
num_cat=0
split_feature=57 66 6 8 256 256 82 2 148 49 261 247 150 19 274 183 104 22 60 163 19 60 49 270 49 260 49 82 260 224
split_gain=41.2776 39.7743 37.4117 39.2414 45.8891 80.0347 45.3879 54.8167 49.6923 38.9714 53.633 36.9097 90.9798 37.9942 36.1149 43.2491 38.3184 33.4653 31.8306 50.144 31.4293 31.1071 28.4542 28.4427 35.586 32.5437 35.1912 33.5112 32.6699 40.2119
threshold=0.011363992759618071 0.082350000739097609 24.599648517955782 -10.305289282245992 28.028400698666989 29.58204332073689 180.50000000000003 6657.9250488281259 1720.0000000000002 2523.0000000000005 531.78500366210949 601.37500000000011 0.028249997645616535 6647.5000000000009 0.9129601527571044 0.90093656334185479 52.500000000000007 0.11704999953508378 1621.5000000000002 0.85844040002619237 5277.5000000000009 3332.0000000000005 4303.5000000000009 54.732706794456469 2068.5000000000005 0.73919914583601998 1452.5000000000002 348.50000000000006 -0.55987213814726455 -0.99999999999090539
decision_type=2 2 2 2 2 2 2 2 2 2 2 2 2 2 2 2 2 2 2 2 2 2 2 2 2 2 2 2 2 2
left_child=-1 -2 3 4 6 -6 -3 8 11 14 22 12 -8 -13 15 20 -17 -5 19 -12 -7 -20 -11 24 -22 26 27 -25 29 -29
right_child=1 2 -4 17 5 9 7 -9 -10 10 18 13 -14 -15 -16 16 -18 -19 21 -21 23 -23 -24 25 -26 -27 -28 28 -30 -31
leaf_value=0.014831814178815905 -0.00070974090647842861 0.015051789080205878 -0.0011853752942780919 0.020197721145077865 0.024851893631037549 -0.0021167091093874713 -0.0021464591319044785 -0.002645536917392726 0.02331338801928803 -0.0015494702301904696 0.014599147330278188 -0.0011121223262029177 0.033480042471296143 0.020493403498219067 -0.0026890231169919951 -0.002434690744992668 0.024008887074372071 0.00060768627570574011 -0.0020347350870957349 -0.0013697780759418933 -0.0015000570030168868 0.015505637100670228 -0.00075799892351001907 0.024751899045547948 0.01880419804041936 -0.001722979159517773 0.01833459685799833 -0.00083389961225079589 -0.0010646928482488749 0.020893621456631758
leaf_weight=109 74 115 352 155 239 75 61 289 112 331 642 1050 89 105 88 62 100 190 213 247 456 69 110 188 114 206 992 227 1987 305
leaf_count=109 74 115 352 155 239 75 61 289 112 331 642 1050 89 105 88 62 100 190 213 247 456 69 110 188 114 206 992 227 1987 305
internal_value=-0.00159346 -0.00185067 -0.00163669 -0.00118624 -0.00165979 -0.000310246 -0.00657448 -0.0080187 -0.00514416 -0.00105813 -0.00575758 -0.00708015 0.00903226 -0.00920259 0.000524454 0.000949756 0.0184431 0.0103 -0.00181548 0.00144855 0.000307355 -0.0119512 -0.0160874 0.000695313 -0.00657391 0.00176343 0.00252295 0.000451696 -0.00062401 0.00703911
internal_weight=9352 9243 9169 8817 8472 6651 1821 1706 1417 6412 1612 1305 150 1155 4800 4712 162 345 1171 889 4550 282 441 4475 570 3905 3699 2707 2519 532
internal_count=9352 9243 9169 8817 8472 6651 1821 1706 1417 6412 1612 1305 150 1155 4800 4712 162 345 1171 889 4550 282 441 4475 570 3905 3699 2707 2519 532
is_linear=0
shrinkage=0.035


Tree=24
num_leaves=31
num_cat=0
split_feature=57 66 173 163 256 13 260 193 107 107 274 107 66 49 260 9 148 5 49 256 13 270 247 49 270 60 247 260 85 2
split_gain=41.838 39.3109 30.8745 34.0615 37.2254 37.6741 32.0372 25.6522 29.6395 32.7019 37.0716 31.7696 37.4926 41.9939 42.7341 41.6936 39.1736 47.7739 35.7054 37.6671 35.3573 64.0674 32.8468 33.7895 38.4823 37.8705 32.3811 32.1434 30.4866 52.5955
threshold=0.011363992759618071 0.082350000739097609 0.96808819018749592 0.94998389654577531 12.509650257790405 16.866746242612106 0.87901972430108455 0.97083156818311267 6837.5000000000009 6777.5000000000009 0.37055281566626525 6737.5000000000009 0.11294999718666078 2496.5000000000005 0.79087109013140899 45.579487684615266 534.50000000000011 1.3608615476145578 1768.5000000000002 33.123947584224972 27.521947889339319 37.499399108905159 628.63497924804699 4303.5000000000009 52.702374396517264 751.50000000000011 635.22000122070324 0.30007118923779669 5952.5000000000009 6679.4748535156259
decision_type=2 2 2 2 2 2 2 2 2 2 2 2 2 2 2 2 2 2 2 2 2 2 2 2 2 2 2 2 2 2
left_child=-1 -2 3 4 -3 -6 -4 8 9 11 -11 12 20 14 15 16 -14 18 19 -18 21 -7 23 24 27 -25 -24 -15 -17 -30
right_child=1 2 6 -5 5 7 -8 -9 -10 10 -12 -13 13 22 -16 28 17 -19 -20 -21 -22 -23 26 25 -26 -27 -28 -29 29 -31
leaf_value=0.014312700682557349 -0.00068489997475168431 0.017619709279152101 0.020582419386823498 -0.0011630059692423907 -0.0012181459223679471 0.020278558377256829 -0.00050085566041674671 0.019252768353313951 -0.0035636347511733175 0.024132650021385496 -0.0028714001765876339 -0.0016657536976852451 -0.0014641083181594512 0.031435848449459972 -0.0014876497888140485 0.016618037043773952 -0.0019775868660729477 0.018191503871238007 0.026831327706333872 -0.00075728562216868692 0.018387946565233917 -0.0013461573844019627 0.02846175047229996 0.02518059890164592 -0.0018031767145050507 -0.0013062846856564034 -0.0008026458674570367 -0.00085345599955249018 -0.0016166184328940609 0.02176658308295646
leaf_weight=109 74 96 87 233 85 163 104 158 139 171 60 229 1109 64 235 1024 166 786 148 807 432 202 82 101 558 248 734 92 747 109
leaf_count=109 74 96 87 233 85 163 104 158 139 171 60 229 1109 64 235 1024 166 786 148 807 432 202 82 101 558 248 734 92 747 109
internal_value=-0.0017356 -0.00199449 -0.00178167 -0.0020806 -0.001724 -0.00196961 0.0119643 -0.00173182 -0.00199738 -0.00172207 0.0111229 -0.002098 -0.00171595 -0.00253457 -0.000892718 -0.000185676 -0.00273419 0.000311192 -0.0043206 -0.0067638 0.00545511 -0.00255405 -0.00700372 -0.011044 -0.0153825 -0.00207627 -0.00170524 0 0.0038992 -0.00097561
internal_weight=9352 9243 9169 8978 8745 8649 191 8564 8406 8267 231 8036 7807 7010 5131 4896 3016 1907 1121 973 797 365 1879 1063 714 349 816 156 1880 856
internal_count=9352 9243 9169 8978 8745 8649 191 8564 8406 8267 231 8036 7807 7010 5131 4896 3016 1907 1121 973 797 365 1879 1063 714 349 816 156 1880 856
is_linear=0
shrinkage=0.035


Tree=25
num_leaves=31
num_cat=0
split_feature=66 6 8 57 256 256 49 261 27 2 59 30 104 4 183 71 49 213 49 25 93 261 96 221 213 260 260 27 49 27
split_gain=40.3129 40.0616 60.7887 39.5433 41.4631 75.7275 44.1248 45.6564 45.1276 39.3488 37.2057 53.2612 37.0599 36.5183 35.6673 33.7796 55.4513 33.7567 33.0571 36.7717 31.3557 30.4737 35.6999 44.1496 43.706 34.0473 37.0713 29.5153 29.2153 27.6967
threshold=0.082350000739097609 18.482852338428284 -10.305289282245992 0.011363992759618071 28.028400698666989 29.58204332073689 2523.0000000000005 536.76501464843761 1950.0000000000002 6655.4099121093759 36.706600189208991 6572.5000000000009 383.00000000000006 -17.669263346540721 -0.79789908112066132 2086.0000000000005 1795.0000000000002 10.537269473407397 4303.5000000000009 -10.187927671171847 2779.5000000000005 575.14501953125011 5952.5000000000009 58.079489863414146 9.6008271946138368 0.76733822639333249 0.41406022290000066 3590.0000000000005 1388.0000000000002 2339.0000000000005
decision_type=2 2 2 2 2 2 2 2 2 2 2 2 2 2 2 2 2 2 2 2 2 2 2 2 2 2 2 2 2 2
left_child=-1 2 3 -2 9 -6 13 18 -9 10 11 27 -11 -7 -15 16 -12 20 -8 -20 -17 22 25 24 -24 26 28 -5 -16 -10
right_child=1 -3 -4 4 5 6 7 8 29 12 15 -13 -14 14 21 17 -18 -19 19 -21 -22 -23 23 -25 -26 -27 -28 -29 -30 -31
leaf_value=-0.00066092847563537535 0.013849751982883978 -0.0015432281551282187 0.018437097731833742 -0.0023364201852398266 0.024051292894263786 -0.00064247787523297466 -0.0013694463875481057 0.017633642904246856 -0.0029256559614621327 0.0044737745340805886 -0.0014947283383460904 0.02873354739480094 -0.002514153537774099 0.017813780298664275 -0.0027520995222084696 -0.00029136310406909952 0.022290702545860807 0.012386152079159697 0.033255482232592296 -0.0027596150616623159 -0.0010448081528291165 0.0168209456928704 -0.0029410068922107752 -0.0017646680866542051 0.020590048730025536 -0.0021994456404111173 0.024716898213330146 0.019689648685130071 0.021263011585289485 -0.00053545586122907948
leaf_weight=74 108 569 230 352 239 2397 375 230 112 83 133 62 270 82 378 319 221 130 69 74 173 446 73 598 191 166 212 78 173 735
leaf_count=74 108 569 230 352 239 2397 375 230 112 83 133 62 270 82 378 319 221 130 69 74 173 446 73 598 191 166 212 78 173 735
internal_value=-0.00168323 -0.00147043 -0.000879619 -0.00136551 -0.00164219 -0.000341724 -0.00108059 -0.00610313 -0.0019732 -0.00630613 -0.00375424 -0.0115493 -0.0167179 0.000622749 0.00375 0.000214067 0.00877437 -0.004689 -0.0145889 -0.000236486 -0.00887324 0.00288805 0.000837973 -0.00427912 0.00754647 0.00558351 0.00870443 -0.015931 0.00383993 -0.00571009
internal_weight=9352 9278 8709 8479 8371 6550 6311 1595 1077 1821 1468 492 353 4716 2319 976 354 622 518 143 492 2237 1791 862 264 929 763 430 551 847
internal_count=9352 9278 8709 8479 8371 6550 6311 1595 1077 1821 1468 492 353 4716 2319 976 354 622 518 143 492 2237 1791 862 264 929 763 430 551 847
is_linear=0
shrinkage=0.035


Tree=26
num_leaves=31
num_cat=0
split_feature=66 57 6 11 261 261 11 49 272 260 173 160 148 5 7 104 2 261 137 215 260 30 49 153 260 13 274 224 27 261
split_gain=41.8183 38.4656 32.4934 34.8918 36.2434 59.7436 42.4548 35.6077 52.244 38.775 41.4965 34.4538 33.8523 45.3765 44.4144 40.1711 37.7209 72.1413 33.7425 38.0012 36.0966 34.8617 33.5594 33.4595 32.9049 31.64 30.5885 30.0008 29.6145 29.1057
threshold=0.08495000004768373 0.011363992759618071 23.094063821874837 16.154490688830535 538.14999389648449 528.06500244140636 60.32773591358923 2419.5000000000005 0.015850000083446506 0.76733822639333249 0.27855260514508068 0.014699999243021013 1024.0000000000002 24.241496761422283 -48.020265692825184 2404.5000000000005 6742.2548828125009 619.04000854492199 1098.5000000000002 -0.043800000101327889 0.87901972430108455 6152.5000000000009 4303.5000000000009 -0.025778938477713845 0.19746868791696678 41.727921519792822 0.12051397953821173 0.52503412520129866 805.00000000000011 532.45498657226574
decision_type=2 2 2 2 2 2 2 2 2 2 2 2 2 2 2 2 2 2 2 2 2 2 2 2 2 2 2 2 2 2
left_child=-1 -2 3 24 5 7 11 8 -5 10 -10 -7 13 23 15 28 18 -18 19 -15 21 -20 -9 26 25 -3 -6 -16 -14 -13
right_child=1 2 -4 4 12 6 -8 22 9 -11 -12 29 14 16 27 -17 17 -19 20 -21 -22 -23 -24 -25 -26 -27 -28 -29 -30 -31
leaf_value=-0.00063825584737610863 0.013327014839266902 -0.001568810441506192 -0.0013296692978342567 -0.001153380266425036 0.022502828202375015 -0.001585580399629105 -0.0016736309976441936 -0.0012235486572845617 0.0093128887777562709 -0.0017464809550991297 0.021393110006213616 0.021335478931209254 0.021410061044416479 0.015811553368713583 0.023100256231662061 0.019852863101853441 -0.0021631737322591938 0.019358780714025869 0.026040312406718561 -0.0041825236777420479 -0.0027013057396967285 0.013592716991699316 0.01871638747618996 -0.0011004286525895498 0.025261176389816415 4.9516022894602336e-05 -0.0014308575819363309 0.013379135875951862 -0.0017133771464990662 -0.001881927348904099
leaf_weight=111 109 394 388 657 145 78 432 295 791 187 425 218 198 197 252 207 252 123 169 153 95 727 114 1126 90 184 270 351 493 121
leaf_count=111 109 394 388 657 145 78 432 295 791 187 425 218 198 197 252 207 252 123 169 153 95 727 114 1126 90 184 270 351 493 121
internal_value=-0.00174308 -0.0014801 -0.00173142 -0.00128815 -0.000649672 -0.00345471 -0.0114344 -0.000693209 0.00118644 0.00499645 0.00728092 -0.00340047 0.001308 -0.000697425 0.00564741 0.000697674 0.00321325 -0.00653947 0.00595468 -0.00335211 0.00924197 0.0114206 -0.0100604 -0.00504851 -0.00894502 -0.0120069 0.00341667 0.0129523 -0.00336925 0.00152616
internal_weight=9352 9241 9132 8744 8076 3318 849 2469 2060 1403 1216 417 4758 3257 1501 898 1716 375 1341 350 991 896 409 1541 668 578 415 603 691 339
internal_count=9352 9241 9132 8744 8076 3318 849 2469 2060 1403 1216 417 4758 3257 1501 898 1716 375 1341 350 991 896 409 1541 668 578 415 603 691 339
is_linear=0
shrinkage=0.035


Tree=27
num_leaves=31
num_cat=0
split_feature=66 57 6 8 221 261 19 270 115 221 27 261 22 130 82 11 33 114 82 211 213 71 71 49 49 49 134 270 71 31
split_gain=41.7583 38.5231 31.173 61.0881 33.4051 36.9865 39.7036 37.4333 37.1638 49.766 34.7389 35.1856 39.1454 35.8448 33.7308 45.9164 41.385 45.906 33.4304 45.1921 39.0094 41.2368 33.6966 33.2651 33.0181 31.2232 28.5979 27.2285 49.9812 28.8773
threshold=0.08495000004768373 0.011363992759618071 18.482852338428284 -10.305289282245992 103.39485976354659 538.14999389648449 6077.5000000000009 37.956391069358538 4891.5000000000009 37.397413526440445 979.50000000000011 578.45501708984386 0.30144999921321874 -37.561891048119016 1770.5000000000002 16.154490688830535 0.30249999463558203 56.161750793457038 1401.0000000000002 -0.67385015503093937 9.5532915646223966 2911.5000000000005 5196.5000000000009 5072.0000000000009 615.00000000000011 367.50000000000006 0.013370496724937474 107.31236256594141 713.50000000000011 -68.563256337507127
decision_type=2 2 2 2 2 2 2 2 2 2 2 2 2 2 2 2 2 2 2 2 2 2 2 2 2 2 2 2 2 2
left_child=-1 -2 3 4 5 6 7 -3 9 14 24 12 13 -12 -7 -16 17 -17 20 -20 -11 -22 -23 -8 25 -6 27 28 -9 -30
right_child=1 2 -4 -5 10 8 23 26 -10 18 11 -13 -14 -15 15 16 -18 -19 19 -21 21 22 -24 -25 -26 -27 -28 -29 29 -31
leaf_value=-0.00061591689271794545 0.012860569319892561 0.02461210495929754 -0.0014170280765357732 0.016992560338957345 0.016308844900602547 -0.00080044649172709547 -0.0015750945226194421 0.02950884765555653 -0.0021407478087577393 -0.0020519534207329077 -0.0037661771453965792 0.017882349244370838 0.019497509095764958 0.011117425195589633 -0.001763332498920806 0.021600112518989002 -0.0035134357196363003 -0.0036918801840127315 0.027216370289263325 -0.0029414450862787723 0.017306169382784526 -0.0016368637168838003 0.01504124881590225 0.027841167763086112 0.022583529749443255 -0.0084500604266931553 -0.0013674283994920542 -0.0010734642382724592 -0.0026319171568963792 0.014654769967459092
leaf_weight=111 109 67 568 230 116 1409 413 164 238 310 312 109 173 221 212 373 102 132 79 589 697 314 192 60 218 72 1096 323 119 224
leaf_count=111 109 67 568 230 116 1409 413 164 238 310 312 109 173 221 212 373 102 132 79 589 697 314 192 60 218 72 1096 323 119 224
internal_value=-0.00175804 -0.00149524 -0.00174674 -0.00121718 -0.00171244 -0.00263065 -0.00609065 -0.00390641 -0.000789983 -5.55052e-05 0.00362561 -0.000554878 -0.00344585 -0.00813197 -0.00373041 0.00191141 0.00680556 0.0109118 0.00369854 -0.00280832 0.00657115 0.00941639 0.00178082 -0.0151569 0.0119221 0.00108808 -0.00482134 8.38323e-05 0.00512695 -0.00251437
internal_weight=9352 9241 9132 8564 8334 7113 2466 1993 4647 4409 1221 815 706 533 2228 819 607 505 2181 668 1513 1203 506 473 406 188 1926 830 507 343
internal_count=9352 9241 9132 8564 8334 7113 2466 1993 4647 4409 1221 815 706 533 2228 819 607 505 2181 668 1513 1203 506 473 406 188 1926 830 507 343
is_linear=0
shrinkage=0.035


Tree=28
num_leaves=31
num_cat=0
split_feature=66 57 173 260 272 49 20 23 183 8 13 13 26 6 4 104 183 19 148 147 274 49 22 22 181 270 27 222 104 48
split_gain=41.3388 38.9265 28.2592 29.5658 27.7501 41.6681 35.1511 32.1063 35.4446 35.5397 30.1565 32.793 26.5817 26.486 35.0868 27.0616 68.4765 31.2936 43.8541 37.8629 42.6553 32.0009 29.1455 30.1397 28.5791 27.6396 26.1512 26.261 25.2237 24.4488
threshold=0.08495000004768373 0.011363992759618071 0.96808819018749592 0.87901972430108455 0.014900002628564836 2496.5000000000005 18.41238019538061 2.9849897111177168 0.63239344262270636 -16.019760017903955 25.049403189472638 32.817924748204284 35.80220031738282 18.482852338428284 -17.669263346540721 52.500000000000007 0.89290046987559457 5977.5000000000009 992.50000000000011 37.636749267578132 0.46177496804826551 1078.5000000000002 0.19514999538660052 0.29200001060962683 0.39372500032186514 79.971188631995076 1328.0000000000002 14.699469336702178 1484.0000000000002 49.081800460815437
decision_type=2 2 2 2 2 2 2 2 2 2 2 2 2 2 2 2 2 2 2 2 2 2 2 2 2 2 2 2 2 2
left_child=-1 -2 4 -4 6 13 -3 8 9 26 -10 -12 -8 14 -6 -16 17 22 19 -19 -21 -20 -17 25 -25 -24 -7 -28 -29 -9
right_child=1 2 3 -5 5 7 12 29 10 -11 11 -13 -14 -15 15 16 -18 18 21 20 -22 -23 23 24 -26 -27 27 28 -30 -31
leaf_value=-0.00059435980147281718 0.012410449393696321 0.019054632389616941 0.017703528359942055 -0.0015906701653625875 -0.00081042763418322737 0.031961960485979803 -0.00088086900683066694 -0.001757699302288377 -0.0014732926571998301 0.020063573865200423 0.0075473748908873898 -0.0013585160183947245 -0.0021134453621432306 -0.0010708302271777853 -0.0028018596361659861 0.023663104878556381 0.023538214114550281 -0.001746797636796303 -0.0028384945082590143 0.015842288870433183 -0.0024572143607479325 0.019717217026322335 0.013726955948615161 0.021239930574106794 0.0011343080941988556 -0.0067177409692058404 0.0046543760334681683 -0.00032552476915927224 -0.003157411166359406 0.010540745097358742
leaf_weight=111 109 171 85 104 1925 77 1810 427 188 100 254 434 108 295 108 130 105 557 139 329 119 290 162 200 145 109 465 129 107 60
leaf_count=111 109 171 85 104 1925 77 1810 427 188 100 254 434 108 295 108 130 105 557 139 329 119 290 162 200 145 109 465 129 107 60
internal_value=-0.00186278 -0.00160123 -0.001854 0.011366 -0.00213958 -0.00106138 -0.00566619 -0.00497106 -0.00274588 0.00221971 -0.00770715 -0.00424242 -0.00702548 0.000841273 0.00153828 0.00436405 0.00518122 0.00381236 0.000778318 -0.00322277 0.00432671 0.0100806 0.00960053 0.0063124 0.0131 -0.00240942 -0.000357599 -0.00252833 -0.0119087 -0.012876
internal_weight=9352 9241 9132 189 8943 6854 2089 2241 1754 878 876 688 1918 4613 4318 2393 2285 2180 1434 1005 448 429 746 616 345 271 778 701 236 487
internal_count=9352 9241 9132 189 8943 6854 2089 2241 1754 878 876 688 1918 4613 4318 2393 2285 2180 1434 1005 448 429 746 616 345 271 778 701 236 487
is_linear=0
shrinkage=0.035


Tree=29
num_leaves=31
num_cat=0
split_feature=66 57 11 126 261 261 11 200 272 49 260 33 121 13 270 261 13 129 7 137 104 163 150 260 22 27 27 247 71 71
split_gain=41.4584 38.811 26.6609 45.0388 32.6195 54.2183 38.2828 38.4335 31.8715 44.0008 38.959 37.5178 36.0102 29.2799 39.0415 43.0822 38.1384 47.9337 32.2072 40.1327 34.9938 50.1653 38.389 34.6322 41.5899 41.8131 31.9863 36.0884 31.4146 45.871
threshold=0.08495000004768373 0.011363992759618071 16.154490688830535 1212.0000000000002 538.14999389648449 528.06500244140636 56.318410633615407 -0.026599999517202374 0.014900002628564836 2419.5000000000005 0.75698676972209455 0.24954999983310702 0.31444999575614935 18.505509338232638 54.590858161110837 547.93499755859386 31.712350247609091 6222.5000000000009 10.786392246348095 4945.0000000000009 107.50000000000001 0.85844040002619237 0.051349997520446784 -0.78402387783007688 0.11704999953508378 3090.0000000000005 1475.0000000000002 663.20501708984386 3031.5000000000005 1583.0000000000002
decision_type=2 2 2 2 2 2 2 2 2 2 2 2 2 2 2 2 2 2 2 2 2 2 2 2 2 2 2 2 2 2
left_child=-1 -2 3 -3 5 8 7 -7 -4 10 11 -10 -13 -6 15 -15 17 -16 19 20 -18 22 23 -22 -25 26 27 -26 29 -17
right_child=1 2 4 -5 13 6 -8 -9 9 -11 -12 12 -14 14 16 28 18 -19 -20 -21 21 -23 -24 24 25 -27 -28 -29 -30 -31
leaf_value=-0.00057355720842126845 0.01197608366491695 0.00064604591012484283 -0.0010446102935215463 -0.0014745058465025235 0.011087061419006511 -0.0016465257835196982 -0.0016702246641133612 0.021272219808884395 0.020727792894630816 -0.0012821479772055632 -0.001440785296790655 -0.002319001223644123 0.016129764893488351 0.013596138152788905 -0.00293241441189579 -0.0020012312037470405 0.023395906825457585 0.021183086963046324 -0.0019405577727270955 -0.0031124226557472769 0.025186960628878891 -0.0052406863665746513 0.014933809506038734 0.019901634328470259 0.0066322665074414035 0.018048633691872359 -0.0031932101143442586 -0.0048849381416964056 -0.0010469332687048001 0.0080749012082180025
leaf_weight=111 109 278 755 390 156 194 499 174 325 312 229 490 522 138 67 348 94 234 86 115 128 90 999 87 369 174 362 85 607 825
leaf_count=111 109 278 755 390 156 194 499 174 325 312 229 490 522 138 67 348 94 234 86 115 128 90 999 87 369 174 362 85 607 825
internal_value=-0.00183285 -0.00157095 -0.00182336 -0.00852897 -0.00128941 -0.00387447 -0.0114392 -0.00281501 -0.00136657 0.00107807 0.00347549 0.00576379 0.00240905 0.000535319 4.36318e-05 -0.00382215 0.0026114 0.0142974 0.00122783 0.0019677 0.00295445 0.00207047 0.00313717 -0.00107025 -0.00313771 -0.00520603 -0.00852619 -0.00228758 -0.00529412 -0.00193124
internal_weight=9352 9241 9132 668 8464 3500 867 368 2633 1878 1566 1337 1012 4964 4808 1918 2890 301 2589 2503 2388 2294 2204 1205 1077 990 816 454 1780 1173
internal_count=9352 9241 9132 668 8464 3500 867 368 2633 1878 1566 1337 1012 4964 4808 1918 2890 301 2589 2503 2388 2294 2204 1205 1077 990 816 454 1780 1173
is_linear=0
shrinkage=0.035


Tree=30
num_leaves=31
num_cat=0
split_feature=66 57 6 8 256 256 49 60 2 148 160 247 6 203 23 260 213 4 274 261 96 274 13 55 33 93 274 126 77 212
split_gain=41.3687 38.8976 28.5175 55.8502 44.3941 71.6136 34.6973 40.8054 33.9741 46.8006 44.2931 83.7975 34.8907 33.7493 33.6449 33.5776 38.2387 32.6491 46.8812 30.3143 50.515 44.2428 39.2322 33.9483 32.1302 29.9649 29.9362 27.3536 31.2352 27.2138
threshold=0.08495000004768373 0.011363992759618071 18.482852338428284 -10.305289282245992 28.028400698666989 29.58204332073689 2523.0000000000005 1621.5000000000002 6655.4099121093759 1639.0000000000002 0.01760000362992287 601.37500000000011 1.6281064309087918 0.9755065347274251 2.7672778222986962 0.87901972430108455 10.467223407775046 -17.669263346540721 0.9129601527571044 575.14501953125011 5952.5000000000009 0.17641992911997881 47.457975641383882 0.16444999724626544 0.23404999822378161 1474.5000000000002 0.46981584472534038 839.00000000000011 0.20684999972581866 7.097135114554777
decision_type=2 2 2 2 2 2 2 2 2 2 2 2 2 2 2 2 2 2 2 2 2 2 2 2 2 2 2 2 2 2
left_child=-1 -2 3 4 8 -6 17 14 9 10 26 -12 -13 -10 15 16 -8 -7 19 20 22 23 -19 -22 -24 -25 -3 -21 -29 -26
right_child=1 2 -4 -5 5 6 7 -9 13 -11 11 12 -14 -15 -16 -17 -18 18 -20 27 21 -23 24 25 29 -27 -28 28 -30 -31
leaf_value=-0.00055348270612652357 0.011556920736644856 -0.0019968881322732935 -0.0015138218268397059 0.015307548492146597 0.021619528715522664 -0.0006195197153682808 0.013324250317736258 -0.0015590188754984792 -0.0023771055140396932 0.019062350997299263 0.028635247848712658 -0.00099008096424100774 0.012131286546651573 0.010707748481544365 -0.0016117668008693933 -0.0012753636401659392 -0.0018356552988107893 -0.0046607883080315273 -0.0031763377782425533 0.018151953613952224 0.024509872859894477 -0.0018391438122857824 0.026681612771556323 0.010215178494976558 0.016357775999819323 -0.0030601185088098529 0.0095680470958879067 -0.0061358367350952863 0.019656970288568623 -0.0026843327421701953
leaf_weight=111 109 282 568 230 225 2397 649 403 292 152 96 794 61 61 349 111 72 105 80 243 85 411 83 291 532 101 71 100 82 206
leaf_count=111 109 282 568 230 225 2397 649 403 292 152 96 794 61 61 349 111 72 105 80 243 85 411 83 291 532 101 71 100 82 206
internal_value=-0.0018553 -0.00159366 -0.00184634 -0.00133971 -0.00181317 -0.000466309 -0.00116574 -0.00563877 -0.00665656 -0.0042642 -0.00641711 -0.00245293 -0.00598256 -0.0163268 -0.00233137 0.00150538 0.00429063 0.000341029 0.00329819 0.00425802 0.00227048 -0.00368421 0.00796992 0.00355809 0.0105508 -0.000881612 -0.0169134 0.0126163 0.00224599 0.00810229
internal_weight=9352 9241 9132 8564 8334 6525 6300 1584 1809 1456 1304 951 855 353 1181 832 721 4716 2319 2239 1814 888 926 477 821 392 353 425 182 738
internal_count=9352 9241 9132 8564 8334 6525 6300 1584 1809 1456 1304 951 855 353 1181 832 721 4716 2319 2239 1814 888 926 477 821 392 353 425 182 738
is_linear=0
shrinkage=0.035


Tree=31
num_leaves=31
num_cat=0
split_feature=57 44 173 163 256 256 183 137 13 93 256 256 270 6 260 270 9 256 13 13 215 203 261 27 93 272 173 25 49 260
split_gain=37.3263 36.387 28.8475 30.5118 34.874 43.349 41.9464 51.2201 40.7288 55.9739 55.4482 57.3626 38.2924 37.7696 37.4357 36.2934 35.3009 35.2202 72.2817 59.6306 41.2456 40.148 44.1225 40.0676 34.1485 34.0282 33.4379 31.3443 30.0956 29.9548
threshold=0.011363992759618071 0.082450002431869521 0.96808819018749592 0.94998389654577531 14.708602137676396 26.133712989782811 0.60428440412431816 1932.0000000000002 31.619646453654671 744.50000000000011 33.778558384252449 39.599136243082818 50.221273416489737 18.482852338428284 0.54196355968057575 58.180950605950322 22.347601520295907 59.390146533969251 43.774267076530379 60.181507332570135 -0.043199997395277016 0.060722589274456056 573.40499877929699 2560.5000000000005 3510.0000000000005 0.018449999392032627 0.71992612174033055 -7.6620717986823257 3059.0000000000005 0.87901972430108455
decision_type=2 2 2 2 2 2 2 2 2 2 2 2 2 2 2 2 2 2 2 2 2 2 2 2 2 2 2 2 2 2
left_child=-1 -2 3 4 -3 6 7 12 9 -7 26 14 16 15 -12 -13 25 18 23 -19 -20 27 -23 -17 -11 -6 -10 -22 -26 -4
right_child=1 2 29 -5 5 8 -8 -9 10 24 11 13 -14 -15 -16 17 -18 19 20 -21 21 22 -24 -25 28 -27 -28 -29 -30 -31
leaf_value=0.011152428510862287 -0.00053365094302412351 0.014503406968934467 0.01661721475010439 -0.0012755358556296348 -0.0017351621770044881 -0.0026440842249259092 -0.0015626156724769188 0.013205325064388056 -0.0019056862629753214 0.016502341620522408 0.022782425966677598 -0.0012132330550653258 0.016046025970589729 -0.0014784086435195123 -0.00081673068759542341 -0.0040636839159966251 -0.0034278197512369788 -0.0018912556775312077 0.021027679347502101 -0.00023273962405359117 0.021017311640250946 -0.0022689097933193581 0.015400990588009065 0.013444928187706057 -0.003538550341473073 0.0031576087786222341 0.015262356486518283 -0.0033122409461558248 0.01895251825839318 -0.0020589984055808482
leaf_weight=109 74 134 86 235 267 107 361 252 588 727 293 564 112 361 110 200 151 244 433 2565 325 224 75 96 70 260 67 62 96 104
leaf_count=109 74 134 86 235 267 107 361 252 588 727 293 564 112 361 110 200 151 244 433 2565 325 224 75 96 70 260 67 62 96 104
internal_value=-0.00179545 -0.0020399 -0.00183508 -0.00212322 -0.0017842 -0.00206384 -0.00768111 -0.00407832 -0.000965752 0.00557214 -0.0020227 -0.000881771 -0.00845283 -0.00188106 0.0117525 -0.00105153 -0.0115813 6.62095e-05 0.00455986 -0.00220149 0.00862544 0.00324168 -0.00633224 -0.0106977 0.00845768 -0.00717105 -0.0116136 0.010625 -0.00573099 0.0114872
internal_weight=9352 9243 9169 8979 8744 8610 1403 1042 7207 1000 6207 5552 790 5149 403 4788 678 4224 1415 2809 1119 686 299 296 893 527 655 387 166 190
internal_count=9352 9243 9169 8979 8744 8610 1403 1042 7207 1000 6207 5552 790 5149 403 4788 678 4224 1415 2809 1119 686 299 296 893 527 655 387 166 190
is_linear=0
shrinkage=0.035


Tree=32
num_leaves=31
num_cat=0
split_feature=66 57 11 205 261 261 11 213 22 74 49 272 132 11 270 270 261 270 161 247 11 218 214 270 271 20 93 38 60 193
split_gain=40.0457 36.4311 29.412 33.4619 30.3207 59.8151 35.3811 38.4022 29.6808 29.5021 32.5359 37.8842 32.0309 29.1805 30.5316 27.0344 26.3246 41.1347 44.7099 61.2508 32.0025 61.6837 37.5823 28.4932 38.2898 29.0952 28.1082 26.8502 35.7214 30.7866
threshold=0.082350000739097609 0.011363992759618071 16.154490688830535 0.013856615040545668 538.14999389648449 528.06500244140636 56.318410633615407 9.6583859230276463 0.12034999951720239 5152.5000000000009 2062.5000000000005 0.01609999313950539 0.23375000059604648 261.07691246547358 120.33757828773552 129.61660950767757 547.93499755859386 54.590858161110837 0.11932500079274179 636.88500976562511 76.783951516937933 13.116940256202239 0.035850003361701972 37.499399108905159 9.1962135081647709 19.182846321113004 451.50000000000006 771.50000000000011 1321.5000000000002 0.90063268642978445
decision_type=2 2 2 2 2 2 2 2 2 2 2 2 2 2 2 2 2 2 2 2 2 2 2 2 2 2 2 2 2 2
left_child=-1 -2 3 -3 5 9 7 -7 -9 -4 11 -11 -13 14 16 -14 -6 18 19 -18 21 -19 27 25 -25 -21 -24 29 -29 -22
right_child=1 2 4 -5 13 6 -8 8 -10 10 -12 12 15 -15 -16 -17 17 20 -20 23 22 -23 26 24 -26 -27 -28 28 -30 -31
leaf_value=-0.00051497316001828004 0.010762093512982107 0.014633175666604189 -0.0026428588776841273 -0.0014424111105319748 0.011511985907652544 0.027438969499010483 -0.0016997566140075405 0.018581669087889281 -0.0016491591974657932 -0.00096464614665069234 -0.0010310271311475439 0.017237808063989824 -0.00037369705399946168 -0.0011542402660738955 0.026912889085503634 0.017757838235068379 0.026367115043080591 0.01655502726990157 -0.0012825174019213599 0.019702939655109667 -0.0035047313112787229 0.0095378347641133232 -0.0058947346293782964 -0.0022656868176611045 0.01412514830541131 -0.0012843696425157214 0.013539332100965694 0.012963157892068932 -0.0030463594829532579 0.0025170621873303019
leaf_weight=74 109 207 62 461 184 78 499 64 226 676 498 332 903 99 81 162 79 210 1235 141 195 955 105 198 75 195 623 276 259 91
leaf_count=74 109 207 62 461 184 78 499 64 226 676 498 332 903 99 81 162 79 210 1235 141 195 955 105 198 75 195 623 276 259 91
internal_value=-0.00176552 -0.00155338 -0.00179693 -0.00884101 -0.00123854 -0.00373466 -0.01168 -0.00337802 -0.00925424 -0.00110121 -0.000502717 0.00143167 0.00471826 0.000510388 0.000898716 0.00173364 0.000529424 7.53985e-06 -0.00390301 0.00323232 0.00278043 0.00714957 -0.000518018 -0.000627036 -0.00893885 0.00615836 0.00525239 -0.00563559 -0.000972222 -0.0141924
internal_weight=9352 9278 9169 668 8501 3500 867 368 290 2633 2571 2073 1397 5001 4902 1065 4821 4637 1923 688 2714 1165 1549 609 273 336 728 821 535 286
internal_count=9352 9278 9169 668 8501 3500 867 368 290 2633 2571 2073 1397 5001 4902 1065 4821 4637 1923 688 2714 1165 1549 609 273 336 728 821 535 286
is_linear=0
shrinkage=0.035


Tree=33
num_leaves=31
num_cat=0
split_feature=66 57 173 163 256 183 211 107 261 242 93 107 260 11 126 261 261 272 93 33 19 219 270 242 256 104 103 60 19 140
split_gain=39.973 36.5147 29.4568 32.3855 32.8048 34.5677 38.2335 42.4675 53.2075 32.7971 44.8521 32.2292 30.3407 28.2502 35.0111 30.4757 55.4942 33.4313 40.487 37.0904 31.3363 30.5907 30.6651 67.6845 47.953 42.7212 28.4792 46.2025 27.809 43.0322
threshold=0.082350000739097609 0.011363992759618071 0.96808819018749592 0.94998389654577531 14.708602137676396 0.85358983167205749 0.67869433414051972 6837.5000000000009 616.82498168945324 25.049403189472638 1804.0000000000002 6737.5000000000009 0.87901972430108455 16.154490688830535 1467.0000000000002 544.95501708984386 528.06500244140636 0.014900002628564836 1385.5000000000002 0.23625000566244128 6037.5000000000009 9.0833627835971189 55.410939282300824 34.676602496204112 28.028400698666989 1217.0000000000002 60.560449600219734 1449.0000000000002 5977.5000000000009 5942.5000000000009
decision_type=2 2 2 2 2 2 2 2 2 2 2 2 2 2 2 2 2 2 2 2 2 2 2 2 2 2 2 2 2 2
left_child=-1 -2 3 4 -3 6 7 8 11 -7 -11 13 -4 14 -6 16 17 -15 19 -19 -21 22 23 24 25 -17 27 -27 29 -20
right_child=1 2 12 -5 5 9 -8 -9 -10 10 -12 -13 -14 15 -16 21 -18 18 28 20 -22 -23 -24 -25 -26 26 -28 -29 -30 -31
leaf_value=-0.00049694909941763927 0.010385420240027731 0.013332903458383932 0.015687888042404979 -0.0013327516573713883 -0.0001491311992905367 -0.0011779972184721816 -0.0014626697741442309 -0.0043192047943919403 0.020137502702331306 -0.0013252045034830833 0.015343393353981886 -0.0022000880135651549 -0.0022257071635556755 -0.00095038000958675491 -0.0017468340430005971 -0.0015988167149613636 -0.001452292568760772 0.024029361413500872 -0.0021998559305076047 0.01352726560691779 -0.0040392151782694882 -0.0024382191815299791 0.0097065261004149871 -0.0017931670742902871 0.016627502099421477 -0.004444043045469445 -0.0024238556222603317 0.023042551512911878 -0.0026391967503653184 0.021847740133625487
leaf_weight=74 109 134 87 233 304 111 633 94 204 130 468 166 104 679 310 343 642 149 250 796 80 60 2089 306 246 79 81 152 165 74
leaf_count=74 109 134 87 233 304 111 633 94 204 130 468 166 104 679 310 343 642 149 250 796 80 60 2089 306 246 79 81 152 165 74
internal_value=-0.00178797 -0.001576 -0.00181982 -0.00211177 -0.001764 -0.00203517 -0.00270014 -0.00197759 -0.00166226 0.00534314 0.00859038 -0.00218248 0.0116071 -0.00180396 -0.00893376 -0.00109022 -0.0037588 -0.00109873 0.00179724 0.00574272 0.00293984 0.00116632 0.00163284 -0.00280116 0.00204746 -0.00291667 0.00640379 0.0126059 -0.00644737 -0.000425532
internal_weight=9352 9278 9169 8978 8745 8611 7902 7269 7175 709 598 6971 191 6805 614 6191 2835 2193 1514 1025 876 3356 3296 1207 901 655 312 231 489 324
internal_count=9352 9278 9169 8978 8745 8611 7902 7269 7175 709 598 6971 191 6805 614 6191 2835 2193 1514 1025 876 3356 3296 1207 901 655 312 231 489 324
is_linear=0
shrinkage=0.035


Tree=34
num_leaves=31
num_cat=0
split_feature=66 57 173 163 183 115 256 13 213 107 261 107 11 148 30 126 13 49 49 270 256 7 232 45 148 122 211 11 8 212
split_gain=39.973 34.272 29.4235 32.4253 34.666 37.4807 33.4152 29.3514 40.9092 28.0959 56.8279 40.2318 28.0542 42.3325 51.8821 39.7653 34.1199 39.0251 34.8869 30.501 60.492 38.8427 29.6899 29.3073 28.9364 40.7924 43.0218 31.8033 26.7755 24.7172
threshold=0.082350000739097609 0.011363992759618071 0.96808819018749592 0.94998389654577531 0.85358983167205749 5368.5000000000009 12.509650257790405 25.049403189472638 9.1801388300472944 6837.5000000000009 614.16497802734386 6737.5000000000009 16.154490688830535 643.50000000000011 6652.5000000000009 1212.0000000000002 19.880087626050919 2566.5000000000005 2457.0000000000005 57.612103889095771 60.247457891596007 -4.9649677697813823 6.9339396686063379 5.1229127325200796 222.50000000000003 13.363944633538969 0.62915979779646503 127.72238491441421 -67.168394669418205 7.4778869686786882
decision_type=2 2 2 2 2 2 2 2 2 2 2 2 2 2 2 2 2 2 2 2 2 2 2 2 2 2 2 2 2 2
left_child=-1 -2 3 4 5 6 -3 -6 -9 10 11 12 15 14 24 -8 -15 18 19 23 21 29 -16 -18 25 -14 -27 -26 -29 -21
right_child=1 2 -4 -5 7 -7 9 8 -10 -11 -12 -13 13 16 22 -17 17 -19 -20 20 -22 -23 -24 -25 27 26 -28 28 -30 -31
leaf_value=-0.00047955588093802104 0.010021930531626762 0.012391475472119455 0.010654193097043244 -0.0012861053493633914 -0.0011367673158256537 -0.0028465514601582836 0.00080685843904665659 -0.0019123819880167198 0.014563564364065239 -0.0045213457291631278 0.018273990318988298 -0.0022378084480406415 0.020945351336832237 0.021911867453598192 0.019226735373729167 -0.001681763437077219 -0.0030142798903810631 -0.0011804621867683859 0.018422650658043858 0.019620624741320425 -0.00043606317470213545 -0.0047151080709620981 -0.00078067292206057931 0.015168878001235352 -0.0012740617071558382 0.0016285935955157422 -0.0017830667302844599 0.018087558826308504 -0.0025029187755959219 0.011391852078034595
leaf_weight=74 109 96 191 233 111 239 239 96 502 124 216 172 108 99 116 369 296 559 114 471 1285 61 126 101 1410 909 398 191 144 193
leaf_count=74 109 96 191 233 111 239 239 96 502 124 216 172 108 99 116 369 296 559 114 471 1285 61 126 101 1410 909 398 191 144 193
internal_value=-0.00178797 -0.001576 -0.00181219 -0.00210397 -0.001756 -0.00241139 -0.00198731 0.00563725 0.00870647 -0.00224825 -0.00197112 -0.00249457 -0.00208716 -0.00141892 -0.00412973 -0.00924959 0.00148398 0.000816856 0.00267419 0.0017558 0.00350868 0.0115548 0.011336 -0.00705224 -0.00533017 -0.00160211 -0.0033346 -0.00834 0.00133824 0.0140209
internal_weight=9352 9278 9169 8978 8745 8036 7797 709 598 7701 7577 7361 7189 6581 3402 608 3179 3080 2521 2407 2010 725 242 397 3160 1415 1307 1745 335 664
internal_count=9352 9278 9169 8978 8745 8036 7797 709 598 7701 7577 7361 7189 6581 3402 608 3179 3080 2521 2407 2010 725 242 397 3160 1415 1307 1745 335 664
is_linear=0
shrinkage=0.035


Tree=35
num_leaves=31
num_cat=0
split_feature=66 57 173 163 183 115 6 8 260 129 242 93 246 221 107 261 107 11 126 19 153 30 27 27 49 31 41 247 93 126
split_gain=40.2399 33.9757 29.0578 31.3746 31.2463 38.1133 33.9431 49.6756 30.3407 29.9833 28.3083 43.7109 28.3073 36.8799 27.7781 58.9269 41.0095 27.7427 36.672 30.0482 29.8567 36.4263 24.9161 36.3054 43.5801 34.5812 27.5198 49.4026 33.0449 32.5921
threshold=0.082350000739097609 0.011363992759618071 0.96808819018749592 0.94998389654577531 0.85358983167205749 5368.5000000000009 18.482852338428284 -12.01437066318479 0.87901972430108455 6082.5000000000009 25.049403189472638 1804.0000000000002 0.59145608563347329 156.85177480887282 6837.5000000000009 616.82498168945324 6737.5000000000009 16.154490688830535 1212.0000000000002 5277.5000000000009 -0.81299644715093888 5667.5000000000009 3578.0000000000005 1649.5000000000002 3566.0000000000005 -49.329854292809998 5687.5000000000009 615.95501708984386 538.50000000000011 672.00000000000011
decision_type=2 2 2 2 2 2 2 2 2 2 2 2 2 2 2 2 2 2 2 2 2 2 2 2 2 2 2 2 2 2
left_child=-1 -2 3 4 5 6 7 12 -4 -9 -6 -12 13 14 15 16 17 18 -3 -19 21 -21 23 24 -22 -24 -25 28 -28 -29
right_child=1 2 8 -5 10 -7 -8 9 -10 -11 11 -13 -14 -15 -16 -17 -18 19 -20 20 22 -23 25 26 -26 -27 27 29 -30 -31
leaf_value=-0.00046277142510519069 0.0096711629630198259 0.0034338600174938913 0.014765915202524293 -0.0012410916621356739 -0.0010969804597717547 -0.0027469221590527416 -0.0018735712970927166 -0.0044107755937962886 -0.0025207041712277407 0.014500120833146862 -0.0012885823410355105 0.014296649833850237 -0.00098703544332798938 0.014928254690534316 -0.0036382428949790972 0.019739075117601416 -0.0029149192296477697 -0.0027627172559298312 -0.0016229017167795148 -0.0018702484065298249 -0.00016819269628106761 0.02229159517202511 -0.0014703853333822852 0.023024069484087448 0.019810815464389318 0.014774421481727073 0.019044100594292537 0.012318039962217274 -0.0024376660919380828 -0.0013343420994318899
leaf_weight=74 109 233 87 233 111 239 385 68 104 144 130 468 915 317 62 169 92 65 369 77 2165 166 178 80 174 334 62 325 485 932
leaf_count=74 109 233 87 233 111 239 385 68 104 144 130 468 915 317 62 169 92 65 369 77 2165 166 178 80 174 334 62 325 485 932
internal_value=-0.00170567 -0.00149305 -0.00172825 -0.00201826 -0.001676 -0.00229822 -0.00187067 -0.00134016 0.0116071 0.0151613 0.00534314 0.00835821 -0.00183622 -0.000996025 -0.00161728 -0.00136187 -0.00196883 -0.00157965 -0.00864909 -0.000728011 -0.000407385 0.0114315 -0.00102637 -0.00191225 0.00100043 0.00622824 -0.00552144 -0.00642344 -0.015154 -0.00257924
internal_weight=9352 9278 9169 8978 8745 8036 7797 7412 191 212 709 598 7200 6285 5968 5906 5737 5645 602 5043 4978 243 4735 4223 2339 512 1884 1804 547 1257
internal_count=9352 9278 9169 8978 8745 8036 7797 7412 191 212 709 598 7200 6285 5968 5906 5737 5645 602 5043 4978 243 4735 4223 2339 512 1884 1804 547 1257
is_linear=0
shrinkage=0.035


Tree=36
num_leaves=31
num_cat=0
split_feature=66 173 260 163 256 183 211 107 30 213 13 163 228 259 189 55 65 82 266 30 82 93 148 22 247 59 11 112 170 49
split_gain=40.3858 27.8451 30.3407 29.8923 31.4371 30.6841 36.5282 37.2998 40.3741 27.7744 37.1301 25.9645 24.8351 24.5168 22.7199 22.6656 21.4346 20.2876 24.8686 24.8344 20.5994 18.9065 23.6886 17.8968 24.3676 20.0527 19.2824 17.6534 20.0214 18.2767
threshold=0.082350000739097609 0.96808819018749592 0.87901972430108455 0.94998389654577531 12.509650257790405 0.85358983167205749 0.54782958950166727 6837.5000000000009 6772.5000000000009 9.1801388300472944 25.049403189472638 0.71382038046360086 -19.332304952676122 0.1549209874198865 13.698319784213998 0.16774999350309375 0.34755000472068792 1308.0000000000002 13.940018878917384 6657.5000000000009 1589.0000000000002 1267.5000000000002 191.00000000000003 0.3506500124931336 611.83499145507824 50.442300796508796 121.69048242203077 0.027088170067358662 0.0086000077426433581 1543.0000000000002
decision_type=2 2 2 2 2 2 2 2 2 2 2 2 2 2 2 2 2 2 2 2 2 2 2 2 2 2 2 2 2 2
left_child=-1 3 -3 4 -2 6 7 8 12 -7 -11 -12 -6 14 -14 -5 -13 18 19 21 -19 -15 -23 24 -16 26 -26 28 -8 -30
right_child=1 2 -4 15 5 9 27 -9 -10 10 11 16 13 17 23 -17 -18 20 -20 -21 -22 22 -24 -25 25 -27 -28 -29 29 -31
leaf_value=-0.00044657442522650861 0.011450269601435133 0.014249108170435943 -0.0024324795252347697 -0.0021159133640561954 0.015380781177774812 -0.0018003482364998945 -0.001950331064854386 -0.0033790175368257195 0.017136058837742791 -0.0010585861436797417 0.018947291813971392 0.014350080738142337 0.0050442199826552514 -0.00014797674302570785 -0.002172654533119728 0.00042915480314508094 -0.0014588963062084144 -0.0019546723258811217 0.015865652259048176 0.014005339976104831 -0.00091857576339996318 0.012626640708828091 -0.0019408615078032455 0.015126216739057029 0.0018727229952044261 -0.003511038564205544 -0.0039081193558048524 0.018213266236787949 0.00023112125696650917 -0.00150126773230276
leaf_weight=74 96 87 104 173 251 96 205 78 135 111 165 176 2074 492 479 60 165 325 204 91 847 91 367 81 919 123 61 68 276 878
leaf_count=74 96 87 104 173 251 96 205 78 135 111 165 176 2074 492 479 60 165 325 204 91 847 91 367 81 919 123 61 68 276 878
internal_value=-0.00166079 -0.00144781 0.0116071 -0.00172844 -0.00139858 -0.00162159 -0.00223913 -0.00114148 -0.00084492 0.00531337 0.00804662 0.0120548 -0.00125039 -0.00169346 8.41796e-05 -0.0139706 0.00637283 -0.00443642 -0.001316 -0.00351338 -0.00773152 -0.00520419 -0.0102808 -0.00295863 -0.00379332 -0.000916065 0.000781726 -0.00730796 -0.00818548 -0.00634167
internal_weight=9352 9278 191 9087 8854 8758 8045 6618 6540 713 617 506 6405 6154 3737 233 341 2417 1245 1041 1172 950 458 1663 1582 1103 980 1427 1359 1154
internal_count=9352 9278 191 9087 8854 8758 8045 6618 6540 713 617 506 6405 6154 3737 233 341 2417 1245 1041 1172 950 458 1663 1582 1103 980 1427 1359 1154
is_linear=0
shrinkage=0.035


Tree=37
num_leaves=31
num_cat=0
split_feature=44 57 173 260 258 6 8 260 256 13 7 8 93 27 217 219 41 270 27 150 107 221 219 270 49 258 191 11 261 193
split_gain=37.5175 33.8951 26.7709 28.3021 28.1197 32.814 48.1472 31.2848 42.0073 33.2458 37.1403 25.0727 31.328 21.7613 41.8085 37.0639 34.8988 44.1922 35.0041 33.8561 30.9522 67.5098 34.3624 31.4097 30.088 36.2556 35.1348 28.04 28.9321 27.6757
threshold=0.082450002431869521 0.011363992759618071 0.96808819018749592 0.87901972430108455 0.0096499994397163408 18.482852338428284 -8.8497678593665654 -0.55987213814726455 116.65223575704647 82.962557768501526 -127.21352218479304 -15.088177722323865 3961.5000000000005 1612.5000000000002 61.200633602409333 -47.659727344935881 6137.5000000000009 63.291775855494542 2690.0000000000005 0.044999990612268455 6367.5000000000009 63.341983301758539 -12.618040510455886 50.221273416489737 1420.5000000000002 0.021200016140937809 0.16672499850392344 35.928169889178967 601.35498046875011 0.5894373103663727
decision_type=2 2 2 2 2 2 2 2 2 2 2 2 2 2 2 2 2 2 2 2 2 2 2 2 2 2 2 2 2 2
left_child=-1 -2 4 -4 7 6 13 8 9 10 -3 12 -9 24 15 27 18 20 -17 -19 21 -18 23 -22 26 -26 -6 28 -15 -20
right_child=1 2 3 -5 5 -7 -8 11 -10 -11 -12 -13 -14 14 -16 16 17 19 29 -21 22 -23 -24 -25 25 -27 -28 -29 -30 -31
leaf_value=-0.0004309443203435812 0.0091561245599211978 -0.0013562585028025393 0.013606940845309244 -0.0023473427418515529 -0.0020994407408858619 -0.0014709399269220132 0.014306171198018336 -0.0014815689096970288 -0.0020120862157019326 0.035346874728356958 0.021683890627514076 0.0099769086267539955 0.014332080562969366 -0.0010966805520476299 0.017810685939869449 -0.0019398887348053668 0.015290704850097795 -0.0021366747046432386 0.017917335222358974 0.016034454539527981 -0.0005952368008977089 -0.0035129590477916994 -0.0024243405969038502 0.015387230105952129 0.013963936958054753 -0.00013255136905099719 0.0010473913875661321 -0.0021929802968198098 0.018682950765363211 -0.00080110321069585221
leaf_weight=74 109 61 86 104 255 472 149 965 112 100 74 106 101 257 107 397 307 79 155 195 728 124 236 135 576 531 1595 746 101 315
leaf_count=74 109 61 86 104 255 472 149 965 112 100 74 106 101 257 107 397 307 79 155 195 728 124 236 135 576 531 1595 746 101 315
internal_value=-0.00167575 -0.00147043 -0.00170536 0.0111282 -0.00198297 -0.00109712 -0.00049049 -0.00631562 0.00288352 0.0112292 -0.00025 -0.00903993 -0.0106536 -0.000925628 -0.00264729 -0.00326852 -0.00103326 0.00174129 -0.00678326 0.014552 -0.000592834 0.00730505 -0.00370924 -0.000443548 0.00133525 0.00588579 -0.00139623 -0.00864743 -0.000578512 -0.000294737
internal_weight=9352 9278 9169 190 8979 7460 6988 1519 347 235 135 1172 1066 6839 3882 3775 2671 1804 867 274 1530 431 1099 863 2957 1107 1850 1104 358 470
internal_count=9352 9278 9169 190 8979 7460 6988 1519 347 235 135 1172 1066 6839 3882 3775 2671 1804 867 274 1530 431 1099 863 2957 1107 1850 1104 358 470
is_linear=0
shrinkage=0.035


Tree=38
num_leaves=31
num_cat=0
split_feature=44 57 173 163 183 183 183 13 22 260 260 13 93 107 261 2 11 19 153 30 30 193 27 217 8 163 49 221 153 71
split_gain=37.1195 34.3531 25.8204 27.762 32.2158 37.1245 35.9785 30.1811 29.029 45.9896 26.6962 26.1873 38.1542 24.0722 60.5546 33.4653 26.7404 28.1254 33.3575 29.7746 24.3807 58.829 29.629 42.437 44.4902 37.2199 34.1148 26.6096 26.77 26.097
threshold=0.082450002431869521 0.011363992759618071 0.96808819018749592 0.94998389654577531 0.85358983167205749 0.63239344262270636 0.70037593984920166 14.139565020919457 0.1163500025868416 0.54654602155565957 0.87901972430108455 25.049403189472638 1804.0000000000002 6837.5000000000009 616.82498168945324 6744.4199218750009 16.154490688830535 5277.5000000000009 -0.81299644715093888 5667.5000000000009 6652.5000000000009 -0.19278099970958171 1649.5000000000002 63.186761214578077 -47.197172488253365 0.69982763556610339 3211.0000000000005 39.435915553188558 -0.34796135964953651 1858.5000000000002
decision_type=2 2 2 2 2 2 2 2 2 2 2 2 2 2 2 2 2 2 2 2 2 2 2 2 2 2 2 2 2 2
left_child=-1 -2 3 4 5 7 -7 -3 9 -8 -4 -6 -13 14 15 16 -9 -18 19 -19 22 -22 25 24 26 27 -24 28 -20 -30
right_child=1 2 10 -5 11 6 8 13 -10 -11 -12 12 -14 -15 -16 -17 17 18 20 -21 21 -23 23 -25 -26 -27 -28 -29 29 -31
leaf_value=-0.00041586126913155613 0.0088356602003239557 0.010625323712400655 0.013130697915723421 -0.0011862969446559575 -0.00098161478024773601 -0.002053131270472098 0.015756334440696306 -0.001234324774563887 -0.0010409968507468211 -0.0028931558952258059 -0.0022651857458867485 -0.0012581013946637118 0.013285456520654923 -0.0034764272575690284 0.019091753500255392 -0.0020124838453682106 -0.0028093476806855451 -0.0014973054371441908 -0.00067985381720881322 0.020621296353843827 -0.0015757675066798372 0.0164109578541831 -0.001514249901166956 0.019202830958891491 -0.00013028198865849608 0.020625609046396754 -0.002255573622493956 -0.00098091000368718986 0.023428358858655629 -0.0010086425175446197
leaf_weight=74 109 76 86 235 111 495 132 618 620 64 104 130 468 87 163 127 66 83 241 191 124 209 987 95 1096 136 247 1714 347 117
leaf_count=74 109 76 86 235 111 495 132 618 620 64 104 130 468 87 163 127 66 83 241 191 124 209 987 95 1096 136 247 1714 347 117
internal_value=-0.00180293 -0.00159862 -0.00183508 -0.00210764 -0.0017842 -0.00241604 -0.00779255 -0.00136276 -0.00323995 0.00835821 0.0107692 0.00534314 0.00824212 -0.00162032 -0.00136994 -0.00191317 -0.00154477 -0.000785613 -0.000506974 0.0112903 -0.00112542 0.00797337 -0.00174122 -0.00450823 -0.0054561 0.000888672 -0.01 -0.00012995 0.00557042 0.0104478
internal_weight=9352 9278 9169 8979 8744 8035 1311 6724 816 196 190 709 598 6648 6561 6398 6271 5653 5587 274 5313 333 4980 2425 2330 2555 1234 2419 705 464
internal_count=9352 9278 9169 8979 8744 8035 1311 6724 816 196 190 709 598 6648 6561 6398 6271 5653 5587 274 5313 333 4980 2425 2330 2555 1234 2419 705 464
is_linear=0
shrinkage=0.035


Tree=39
num_leaves=31
num_cat=0
split_feature=66 57 258 260 256 60 6 8 60 60 225 115 261 233 8 93 89 6 1 27 260 63 41 4 213 150 60 260 183 124
split_gain=40.3372 33.8683 25.9157 29.1829 40.0595 34.005 28.8057 42.0737 27.4515 34.1118 34.7558 31.0268 38.6506 27.1653 26.3768 32.356 25.6948 25.3945 34.205 36.8676 27.9325 34.2973 25.2371 31.3007 33.4177 22.9724 24.4703 22.9237 37.3616 40.5349
threshold=0.082350000739097609 0.011363992759618071 0.0096499994397163408 -0.55987213814726455 116.65223575704647 1498.0000000000002 18.482852338428284 -8.8497678593665654 1251.5000000000002 1004.5000000000001 0.32903255247325869 122.50000000000001 539.64999389648449 5893.9750976562509 -15.088177722323865 3961.5000000000005 22.165027620788354 -31.666226352117292 742.50000000000011 1628.0000000000002 0.31259238487055152 6397.5000000000009 6257.5000000000009 -46.149141106912801 10.01984733780481 0.033900003880262382 2705.0000000000005 0.87901972430108455 0.85650360867116848 -2.2219777547578041
decision_type=2 2 2 2 2 2 2 2 2 2 2 2 2 2 2 2 2 2 2 2 2 2 2 2 2 2 2 2 2 2
left_child=-1 -2 3 4 5 -3 7 8 9 10 27 -10 13 16 15 -5 -13 22 25 -20 21 -21 -14 24 -24 -19 -27 28 29 -4
right_child=1 2 6 14 -6 -7 -8 -9 11 -11 -12 12 17 -15 -16 -17 -18 18 19 20 -22 -23 23 -25 -26 26 -28 -29 -30 -31
leaf_value=-0.00040130612471195125 0.0085264120933126169 -0.00027743228950382617 0.012788615994421387 -0.0014235604002755093 -0.001890299507292205 0.023523678750675819 -0.001423969153368024 0.013364049184311147 0.017851838268074138 0.011728485263447977 -0.0026104600078406862 -0.0032335767551630919 0.014281880557874133 -0.0020349986243248346 0.010220878871009413 0.017272421242977981 0.013807803933421278 -0.0010303852139376508 0.012728240510293439 -0.0034079764458438589 -0.0072496464455034269 0.010185576961452957 -0.0015228264973203645 -0.0031023533682637645 0.014767468602778598 0.013291246567804074 -0.0038298205466406666 -0.0011447765515929975 0.01008135151531035 -0.00099355494371249141
leaf_weight=74 109 119 806 973 112 116 478 156 129 778 227 90 165 576 115 111 149 117 129 106 107 114 255 396 257 413 85 363 431 1296
leaf_count=74 109 119 806 973 112 116 478 156 129 778 227 90 165 576 115 111 149 117 129 106 107 114 255 396 257 413 85 363 431 1296
internal_value=-0.00167575 -0.00146289 -0.00169773 -0.00582205 0.00308239 0.0112292 -0.000858023 -0.000298601 -0.000705605 0.00124552 -0.000391624 -0.00316844 -0.00390857 -0.010372 -0.00840116 -0.0100918 -0.000430328 -0.00143322 0.00237454 -0.004859 -0.0110693 -0.00373333 -0.00522727 -0.00751369 -0.00176015 0.00773387 0.010994 0.000651499 0.00183412 -9.96678e-05
internal_weight=9352 9278 9169 1546 347 235 7623 7145 6989 3901 3123 3088 2959 815 1199 1084 239 2144 1071 456 327 220 1073 908 512 615 498 2896 2533 2102
internal_count=9352 9278 9169 1546 347 235 7623 7145 6989 3901 3123 3088 2959 815 1199 1084 239 2144 1071 456 327 220 1073 908 512 615 498 2896 2533 2102
is_linear=0
shrinkage=0.035


Tree=40
num_leaves=31
num_cat=0
split_feature=66 57 173 163 143 256 256 183 256 270 13 93 256 256 71 261 104 183 137 270 19 13 256 13 214 203 270 256 103 60
split_gain=41.1 30.2894 25.3801 24.4594 24.5503 24.3884 31.3495 52.8659 48.0529 50.8709 38.0995 54.5792 40.6362 55.1674 34.7468 57.5369 35.0227 35.2101 34.1189 30.852 71.6036 30.1504 37.2511 45.2927 38.6757 40.0892 32.8591 29.7721 41.7921 28.6115
threshold=0.08495000004768373 0.011363992759618071 0.96808819018749592 0.94998389654577531 0.14154999703168872 12.509650257790405 26.133712989782811 0.60428440412431816 24.762986723040036 50.804153135208054 31.619646453654671 744.50000000000011 33.778558384252449 39.599136243082818 3412.0000000000005 572.91497802734386 1725.0000000000002 0.055094850948497504 1932.0000000000002 58.428970347216769 6357.5000000000009 43.774267076530379 59.390146533969251 62.052489635235133 0.033099997788667686 -0.15861667525773468 63.197015278961935 31.509880538085088 53.749200820922859 751.50000000000011
decision_type=2 2 2 2 2 2 2 2 2 2 2 2 2 2 2 2 2 2 2 2 2 2 2 2 2 2 2 2 2 2
left_child=-1 -2 3 5 -5 -3 7 8 9 18 11 -8 27 19 16 -16 -13 -18 -7 20 -14 29 24 -24 25 -23 -27 28 -12 -15
right_child=1 2 -4 4 -6 6 10 -9 -10 -11 12 14 13 21 15 -17 17 -19 -20 -21 -22 22 23 -25 -26 26 -28 -29 -30 -31
leaf_value=-0.00038726041034703289 0.0082279876700466752 0.0097091661220693494 0.0088438669208207709 -0.0021982886905678764 0.00046250947985338332 -0.00097661895293140073 -0.0028861272452962651 -0.0014764475677678658 -0.0015880607901378276 0.023963125370204376 -0.0012485435781427472 0.01502879266701178 0.022356345039722149 0.00024679355018105353 0.015428340933568069 -0.0048428370481080054 0.017626743796032185 -0.0047106515465067857 0.012236952305796548 0.021432095035127618 -0.0037623137677054086 0.013437220059473107 -0.0016830829636744148 -0.00058795976046362728 0.012989444294184428 -0.0022826205973941831 0.00015106044861738224 -0.0025191563918524622 0.018458316550776392 -0.0025138810946529308
leaf_weight=111 109 96 189 164 60 625 107 361 159 60 70 535 108 231 114 103 63 65 225 188 107 356 354 2751 651 210 231 496 89 364
leaf_count=111 109 96 189 164 60 625 107 361 159 60 70 535 108 231 114 103 63 65 225 188 107 356 354 2751 651 210 231 496 89 364
internal_value=-0.00192262 -0.0016618 -0.00188464 -0.00215523 -0.0134498 -0.00185752 -0.00205668 -0.00678049 -0.0028352 0.000306011 -0.0011135 0.00525706 -0.00213009 -0.00115281 0.00814689 -0.00394144 0.0121033 -0.00421053 -0.00196491 0.0112377 0.00206818 -0.00213274 -0.0011595 -0.00331994 0.00346869 -0.001702 -0.00871076 -0.0103409 0.00277439 -0.00950833
internal_weight=9352 9241 9132 8943 224 8719 8623 1430 1069 910 7193 987 6206 5551 880 217 663 128 850 403 215 5148 4553 3105 1448 797 441 655 159 595
internal_count=9352 9241 9132 8943 224 8719 8623 1430 1069 910 7193 987 6206 5551 880 217 663 128 850 403 215 5148 4553 3105 1448 797 441 655 159 595
is_linear=0
shrinkage=0.035


Tree=41
num_leaves=31
num_cat=0
split_feature=66 57 6 8 256 256 49 2 49 82 2 38 52 260 126 160 247 25 274 104 104 215 270 169 214 115 163 218 47 9
split_gain=40.9213 28.3976 23.5646 45.3438 33.8218 66.7213 34.6701 38.8526 36.6014 34.0469 41.9039 33.3848 40.94 49.9532 46.1358 39.0336 33.4479 32.8725 29.3164 37.2178 40.5483 36.1585 29.6428 28.9666 26.7272 24.9589 29.2777 35.2068 30.6229 24.9906
threshold=0.08495000004768373 0.011363992759618071 18.482852338428284 -10.305289282245992 28.028400698666989 29.58204332073689 2523.0000000000005 6269.3649902343759 4303.5000000000009 180.50000000000003 6657.9250488281259 1100.0000000000002 6412.5000000000009 0.31259238487055152 653.50000000000011 0.019600000232458118 600.47000122070324 -10.187927671171847 0.9048576285265032 185.00000000000003 52.500000000000007 -0.061399988830089562 54.732706794456469 11.471947196030824 0.024600002914667133 5368.5000000000009 0.85844040002619237 24.932034505373419 -5.7620173659544216 14.576103747156809
decision_type=2 2 2 2 2 2 2 2 2 2 2 2 2 2 2 2 2 2 2 2 2 2 2 2 2 2 2 2 2 2
left_child=-1 -2 3 4 9 -6 18 8 -8 -3 11 16 14 -14 15 -13 -11 -10 19 20 21 -7 -21 -24 -22 26 27 28 -9 -29
right_child=1 2 -4 -5 5 6 7 25 17 10 -12 12 13 -15 -16 -17 -18 -19 -20 22 24 -23 23 -25 -26 -27 -28 29 -30 -31
leaf_value=-0.00037370629598488668 0.0079400081015950415 0.0075457146511104193 -0.0015295553629290943 0.010344661550101397 0.017262646036202915 -0.0056138901133854545 -0.0017303525516397386 0.015242452863988986 0.025990172928519115 0.017126894647083016 -0.0027054409711926388 -0.0013630853848096509 0.01691401245734226 -0.0019665741765751352 -0.0014750366295680978 0.012901401811624878 -0.0019371304199203817 -0.0023409399693027511 -0.002583132656934964 -0.0014105162727747946 -0.00076236728324710829 0.017586621599836608 -0.001701838708885472 0.0024569938003502594 0.017145987721618787 -0.001996707543317309 -0.0012098412464247308 0.0095989085251308205 -0.0035647350489407723 -0.0027035506476752575
leaf_weight=111 109 115 568 230 225 71 559 170 95 62 289 93 278 133 372 144 323 82 98 551 62 69 266 3383 216 82 144 187 78 187
leaf_count=111 109 115 568 230 225 71 559 170 95 62 289 93 278 133 372 144 323 82 98 551 62 69 266 3383 216 82 144 187 78 187
internal_value=-0.00196751 -0.00170722 -0.00192295 -0.00146225 -0.00188872 -0.000712864 -0.00138779 -0.00585903 -0.0117139 -0.00611632 -0.00737493 -0.00484043 -0.00150244 0.00698317 -0.00723941 0.00477273 -0.0135513 0.00211538 0.000118619 0.000529959 0.0104255 -0.00482759 -0.000466112 0.000680077 0.0180565 -0.00073857 0.00127108 0.00457735 0.014664 -0.00221636
internal_weight=9352 9241 9132 8564 8334 6525 6300 1584 736 1809 1694 1405 1020 411 609 237 385 177 4716 4618 418 140 4200 3649 278 848 766 622 248 374
internal_count=9352 9241 9132 8564 8334 6525 6300 1584 736 1809 1694 1405 1020 411 609 237 385 177 4716 4618 418 140 4200 3649 278 848 766 622 248 374
is_linear=0
shrinkage=0.035


Tree=42
num_leaves=31
num_cat=0
split_feature=66 34 19 221 44 261 261 221 213 41 82 27 153 19 6 260 19 126 93 261 63 256 160 140 148 126 38 126 219 115
split_gain=41.3089 24.9971 34.7556 31.7775 38.4675 27.0032 46.7766 30.6366 43.4753 30.483 43.5475 50.1284 40.3384 37.6332 30.3058 34.4891 33.2607 31.2447 32.3126 37.4818 60.873 54.3594 33.4172 30.1588 29.3639 39.2502 41.0924 37.5787 36.5283 29.8155
threshold=0.08495000004768373 7.6072493059033635 5297.5000000000009 20.898725555573712 0.40125000476837164 538.14999389648449 528.06500244140636 49.559409671204129 9.6583859230276463 5802.5000000000009 1163.5000000000002 500.50000000000006 0.77323028167349028 5717.5000000000009 -27.564547919348097 -0.78402387783007688 6262.5000000000009 294.50000000000006 2504.0000000000005 614.16497802734386 6662.5000000000009 67.28129556583346 0.037999998778104789 5932.5000000000009 1081.0000000000002 755.50000000000011 2373.5000000000005 698.00000000000011 -24.642659599932625 3292.0000000000005
decision_type=2 2 2 2 2 2 2 2 2 2 2 2 2 2 2 2 2 2 2 2 2 2 2 2 2 2 2 2 2 2
left_child=-1 5 -3 -4 -5 6 9 8 -8 13 12 -12 -11 -2 15 -7 -17 -18 19 20 21 22 -19 -13 25 26 27 29 -27 -16
right_child=1 2 3 4 -6 14 7 -9 -10 10 11 23 -14 -15 24 16 17 18 -20 -21 -22 -23 -24 -25 -26 28 -28 -29 -30 -31
leaf_value=-0.000360626575625416 -0.00058989834992217831 -0.0025243139150253899 0.019533342556589582 0.017543703239410954 -0.00097244045448462884 0.01893178726149175 0.023737073007196782 -0.0019317915749120502 -0.001238763624587218 0.013421587364324262 0.025106515059537215 0.0064195306593802541 -0.0021329074245947702 -0.0021526587673487319 0.0030144829178344263 0.008681621206772263 -0.0034967506809362751 -0.0017726534706233932 0.010277484400478888 0.013960186607849246 -0.002358318201545544 0.025134749111472923 0.020713478493721401 -0.0026692981659824241 0.0097431427320385129 0.0020765510136506594 0.016428638493663671 0.022149742828755169 -0.0020556279292378021 -0.0016699478465505093
leaf_weight=111 763 77 117 94 288 124 101 439 374 766 61 134 64 240 1158 558 139 576 284 125 367 85 92 381 575 273 134 71 408 373
leaf_count=111 763 77 117 94 288 124 101 439 374 766 61 134 64 240 1158 558 139 576 284 125 367 85 92 381 575 273 134 71 408 373
internal_value=-0.00187026 -0.0016088 0.00542169 0.00881944 0.00379845 -0.00207901 -0.00455379 -0.0112731 -0.00503125 -0.00198633 0.00133948 -0.0060241 0.00645509 -0.00663194 -0.00053675 -0.00350743 -0.00451815 -0.00698745 -0.0054987 -0.007924 -0.00995556 -0.00420185 -0.00759287 -0.009625 0.00179847 0.000101156 0.00289489 0.00130678 -0.0069898 0.000113932
internal_weight=9352 9241 576 499 382 8665 3323 914 475 2409 1406 576 830 1003 5342 2350 2226 1668 1529 1245 1120 753 668 515 2992 2417 1736 1602 681 1531
internal_count=9352 9241 576 499 382 8665 3323 914 475 2409 1406 576 830 1003 5342 2350 2226 1668 1529 1245 1120 753 668 515 2992 2417 1736 1602 681 1531
is_linear=0
shrinkage=0.035


Tree=43
num_leaves=31
num_cat=0
split_feature=66 34 11 44 223 260 114 150 258 183 104 183 218 137 150 88 256 126 49 33 256 52 126 270 183 38 150 173 71 126
split_gain=40.9213 25.7006 34.4812 52.9464 26.8371 39.5725 42.2887 41.1371 33.153 24.9943 34.2168 33.6701 39.5583 38.1062 32.9023 37.3631 30.4774 36.1156 27.763 26.05 25.1128 28.8382 35.1377 42.9592 41.8217 41.7115 33.5029 24.8485 34.8389 46.0496
threshold=0.08495000004768373 7.6072493059033635 52.452122975120609 0.40125000476837164 45.205815649167057 -0.63241125535720022 52.18175125122071 1.0000000180025095e-35 0.0096499994397163408 0.85358983167205749 46.500000000000007 0.63239344262270636 29.244855458051109 388.50000000000006 0.076399996876716628 0.13014999777078631 26.701089095780208 552.50000000000011 2514.5000000000005 0.24294999986886981 87.007749686297487 6112.5000000000009 755.50000000000011 43.545993318595073 -0.15751018664555347 1491.5000000000002 0.056599982082843787 0.63469424233477156 961.00000000000011 504.00000000000006
decision_type=2 2 2 2 2 2 2 2 2 2 2 2 2 2 2 2 2 2 2 2 2 2 2 2 2 2 2 2 2 2
left_child=-1 4 -3 -4 5 6 7 -2 -7 11 -11 12 13 -10 15 -14 -13 19 -12 -18 21 26 23 25 -24 -23 27 28 -15 -30
right_child=1 2 3 -5 -6 8 -8 -9 9 10 18 16 14 20 -16 -17 17 -19 -20 -21 -22 22 24 -25 -26 -27 -28 -29 29 -31
leaf_value=-0.0003480046454785266 -0.0014971779923734713 0.016231220165940568 0.017246829581079898 -0.0017318251307058864 -0.0013688883053341611 -0.0011116250665916545 -0.0075405113467470822 0.020372218959732163 -0.0028574680863015689 -0.0015130373756260631 0.013538488215897464 -0.0021047838374226337 -0.0027024029680715743 0.021774505306558958 -0.0031133742927185681 -0.00034485816713855037 -0.0019644786290333241 0.0096504327591758077 0.00037201455339843948 0.0074049933962894781 0.018907255598977404 -0.0044590219989302281 0.015876204321128278 0.016135172694380213 -0.0012510162357329902 0.0096434334859235443 -0.0013714654626547811 0.016812156333024238 -0.0033662648896912095 0.009907989578553808
leaf_weight=111 60 131 94 351 491 1111 66 227 432 197 202 227 139 150 298 1713 541 185 419 165 100 98 102 296 516 154 318 81 158 219
leaf_count=111 60 131 94 351 491 1111 66 227 432 197 202 227 139 150 298 1713 541 185 419 165 100 98 102 296 516 154 318 81 158 219
internal_value=-0.00196751 -0.00170722 0.00542169 0.0007 -0.00218397 -0.00170314 0.00967877 0.0154623 -0.00222272 -0.00129263 0.00442284 -0.0020892 -0.000805608 0.00207684 -0.00432019 -0.00256327 -0.0075423 -0.00457031 0.00844249 -0.00817159 0.00395084 0.00310443 0.00675491 0.0131646 0.00101124 0.00245136 -0.00150376 0.00331158 0.000460526 -0.00522251
internal_weight=9352 9241 576 445 8665 8174 353 287 7821 6710 818 5892 4774 2624 2150 1852 1118 891 621 706 2192 2092 1166 548 618 252 926 608 527 377
internal_count=9352 9241 576 445 8665 8174 353 287 7821 6710 818 5892 4774 2624 2150 1852 1118 891 621 706 2192 2092 1166 548 618 252 926 608 527 377
is_linear=0
shrinkage=0.035


Tree=44
num_leaves=31
num_cat=0
split_feature=66 6 8 216 19 11 27 2 22 130 41 2 58 211 121 60 126 71 71 93 12 71 60 173 89 115 183 173 115 2
split_gain=40.9808 24.6658 43.931 25.9113 30.7861 27.4259 37.8151 29.2837 30.2266 43.2228 25.6144 55.4068 41.4927 29.4871 30.3338 29.62 42.0463 38.5408 39.1548 35.3407 27.161 29.4137 28.8687 25.6916 25.1682 31.8567 24.2799 23.9594 35.0983 31.1099
threshold=0.08495000004768373 18.482852338428284 -10.305289282245992 90.465535870484885 5297.5000000000009 134.24040056046945 979.50000000000011 6587.1599121093759 0.30484999716281896 -37.561891048119016 5802.5000000000009 5893.9750976562509 -10.999571407643957 -0.83874271863791938 0.22524999827146533 1274.5000000000002 272.50000000000006 2911.5000000000005 2665.5000000000005 3643.5000000000005 10.986008275601208 1043.0000000000002 902.50000000000011 0.97091491646083239 9.2519471770740314 1853.5000000000002 0.51522307043872995 0.8732651012866165 2116.5000000000005 6679.4748535156259
decision_type=2 2 2 2 2 2 2 2 2 2 2 2 2 2 2 2 2 2 2 2 2 2 2 2 2 2 2 2 2 2
left_child=-1 2 3 5 -5 10 -7 8 9 -8 12 -12 -2 -13 15 17 -17 18 20 -18 21 -15 -22 -19 -21 -26 -11 28 29 -23
right_child=1 -3 -4 4 -6 6 7 -9 -10 26 11 13 -14 14 -16 16 19 23 -20 24 22 27 -24 -25 25 -27 -28 -29 -30 -31
leaf_value=-0.0003358244828867785 0.016337653606177442 -0.0015513170056446692 0.0094619043340754272 -0.0030077733245103592 0.015102342598739568 0.014218832595780856 -0.0050260094126112634 0.012356321277953584 0.015291997217532109 0.018085129735762678 0.016516450968409403 0.022658860722738702 -0.0018705145053044049 0.023184260073913214 -0.0021274757342338467 -0.0038580636441367696 -0.00095652112794768565 -0.00082530386642575568 0.021423052384522055 0.016905246894268602 -0.0037163360091549366 0.0029216403271559686 0.010401051603863423 0.0078269691654994471 0.012994700630636631 -0.0023967141173672655 -0.0031214730610981643 0.018217907564889238 -0.001673758472196474 0.012086978238160028
leaf_weight=111 193 569 230 62 324 330 245 103 132 90 310 76 579 142 799 153 2023 972 131 86 157 543 84 106 92 100 90 87 323 110
leaf_count=111 193 569 230 62 324 330 245 103 132 90 310 76 579 142 799 153 2023 972 131 86 157 543 84 106 92 100 90 87 323 110
internal_value=-0.00195255 -0.00169208 -0.00122623 -0.00164082 0.00716113 -0.00206674 0.00337688 -0.00147368 -0.00467082 -0.00919767 -0.00283128 -0.00208922 -0.00882883 -0.00284021 -0.00312532 -0.00212847 -0.0048963 0.000434211 0.00391593 -0.0036882 0.00221916 0.00436777 -0.00839431 -0.00465374 0.00791519 0.00071066 0.00378378 0.00232678 0.000713558 0.00537234
internal_weight=9352 9241 8672 8442 386 8056 990 660 557 425 7066 6294 772 5984 5908 5109 2454 2655 1577 2301 1446 1205 241 1078 278 192 180 1063 976 653
internal_count=9352 9241 8672 8442 386 8056 990 660 557 425 7066 6294 772 5984 5908 5109 2454 2655 1577 2301 1446 1205 241 1078 278 192 180 1063 976 653
is_linear=0
shrinkage=0.035


Tree=45
num_leaves=31
num_cat=0
split_feature=66 57 173 71 163 247 261 85 66 256 270 213 5 256 93 256 270 71 82 183 6 104 256 121 256 13 27 13 214 25
split_gain=30.2468 24.2699 22.3062 22.1902 21.816 32.7332 44.1087 39.2761 51.9165 39.83 34.5597 28.966 28.076 23.9399 56.4123 53.7665 46.77 35.089 38.4757 33.2418 31.715 30.4381 41.8768 27.9688 27.7114 66.4348 64.0265 34.9322 31.1358 27.0696
threshold=0.08495000004768373 0.011363992759618071 0.96808819018749592 4538.5000000000009 0.89227282437415156 682.17001342773449 614.16497802734386 6742.5000000000009 0.11294999718666078 26.133712989782811 37.499399108905159 10.081005924947629 123.34855725289152 33.778558384252449 716.00000000000011 38.98248203165226 58.180950605950322 1072.0000000000002 287.50000000000006 0.60428440412431816 18.482852338428284 1275.5000000000002 24.762986723040036 0.15024999529123309 59.390146533969251 47.457975641383882 2560.5000000000005 60.181507332570135 0.058700002729892738 -8.2808009139191796
decision_type=2 2 2 2 2 2 2 2 2 2 2 2 2 2 2 2 2 2 2 2 2 2 2 2 2 2 2 2 2 2
left_child=-1 -2 4 -4 5 6 7 8 9 10 11 -3 -9 14 -10 -15 -17 -16 -19 21 24 -20 23 -23 25 26 -18 -26 -29 -27
right_child=1 2 3 -5 -6 -7 -8 12 13 -11 -12 -13 -14 15 17 16 20 18 19 -21 -22 22 -24 -25 27 29 -28 28 -30 -31
leaf_value=-0.00032407062598574152 0.0067824798449163635 -0.0014129834124406554 -0.0063511972567458124 0.009532340085913981 -0.001335362621945781 -0.0038237062999725807 0.01518296810878577 -0.0031542792557931144 -0.0022797704643452814 0.013495105666681355 -0.0011983037432646562 0.012029195782302528 0.0001805494248211126 0.017494499717091903 0.020017284929267617 -0.0013699810422897103 -0.0026373696187964538 0.014579498215526208 0.00055384804527301777 -0.0016712866241364649 -0.0016993104855099366 -0.00087585198520471672 -0.0032514869560811869 0.023437314257077162 -0.0017114053886872506 0.019757765966996937 0.010608179118133653 -0.0010498692585901551 0.012013435612894339 0.0023830288213941607
leaf_weight=111 109 89 63 126 481 177 205 186 244 359 198 160 63 278 159 500 347 92 630 412 262 168 268 64 221 462 242 1992 490 194
leaf_count=111 109 89 63 126 481 177 205 186 244 359 198 160 63 278 159 500 347 92 630 412 262 168 268 64 221 462 242 1992 490 194
internal_value=-0.00184781 -0.00162395 -0.00182336 0.00992268 -0.002077 -0.00166175 -0.00133836 -0.00174892 -0.0013087 0.00707768 7.74336e-05 0.0086811 -0.0152953 -0.00227525 -0.00546768 -0.000967354 -0.00185578 -0.00328977 -0.00482611 -0.00615385 -0.000647687 -0.00302203 -0.00942574 0.00147679 0.000141665 0.004452 -0.00406566 -0.00184823 -0.000647366 0.0120726
internal_weight=9352 9241 9132 189 8943 8462 8285 8080 7831 806 447 249 249 7025 2037 4988 4710 1793 1634 1542 4210 1130 500 232 3948 1245 589 2703 2482 656
internal_count=9352 9241 9132 189 8943 8462 8285 8080 7831 806 447 249 249 7025 2037 4988 4710 1793 1634 1542 4210 1130 500 232 3948 1245 589 2703 2482 656
is_linear=0
shrinkage=0.035


Tree=46
num_leaves=31
num_cat=0
split_feature=66 57 173 260 11 260 148 258 256 13 13 270 261 8 148 38 183 256 274 28 205 49 22 219 74 58 60 260 247 93
split_gain=24.6703 22.2511 20.6759 24.5287 18.6332 28.5109 28.1758 30.0079 31.0588 28.5401 30.6318 49.4877 58.4163 49.8864 43.7573 38.038 33.6927 26.7724 27.4581 25.7825 23.6607 23.586 50.5363 22.7089 38.3814 37.2835 40.5971 30.3206 29.234 52.0157
threshold=0.08495000004768373 0.011363992759618071 0.96808819018749592 0.87901972430108455 16.154490688830535 0.19746868791696678 643.50000000000011 0.0079000033438205736 14.708602137676396 22.04783541884937 34.980889112754625 58.428970347216769 575.83001708984386 -49.330703236519263 334.50000000000006 810.50000000000011 0.70037593984920166 28.028400698666989 0.12792884968502946 353.50000000000006 0.01122391554424737 3378.5000000000005 0.11329999938607217 -48.1222639007457 6627.5000000000009 -7.8717972049607541 2211.5000000000005 -0.78402387783007688 574.39999389648449 493.50000000000006
decision_type=2 2 2 2 2 2 2 2 2 2 2 2 2 2 2 2 2 2 2 2 2 2 2 2 2 2 2 2 2 2
left_child=-1 -2 4 -4 5 20 7 -6 -9 -10 14 -12 13 -13 19 16 -14 -16 -19 -11 -3 23 -23 24 28 -25 -27 -26 -8 -30
right_child=1 2 3 -5 6 -7 21 8 9 10 11 12 15 -15 17 -17 -18 18 -20 -21 -22 22 -24 25 27 26 -28 -29 29 -31
leaf_value=-0.00031272815407624142 0.0065450930503442913 0.020575633005548197 0.011014594756663828 -0.0029800101313262116 -0.0014618561444230676 0.01864455973550477 -0.0017980685961644673 0.015399296499753402 -0.0015433156549551775 0.0089677174330663641 -0.0014182426237106728 -0.00064153666656486868 -0.0041529698310962876 -0.0020497927690409658 -0.0026950777291030459 0.013376385456987411 0.012839787799848864 0.016060388425406177 -0.0042447978316471026 -0.0020673422601670314 -0.0012492687070495849 0.011586905667529636 -0.0019251574584193583 -0.00051290139024337718 0.011784406450878833 0.013265125382522157 -0.0033001317049791692 -0.0035507882748540597 0.023158257281909189 -0.00033432222150203006
leaf_weight=111 109 62 85 104 422 90 328 104 387 789 548 1311 78 413 128 213 62 85 119 140 516 115 377 658 67 581 148 266 339 597
leaf_count=111 109 62 85 104 422 90 328 104 387 789 548 1311 78 413 128 213 62 85 119 140 516 115 377 658 67 581 148 266 339 597
internal_value=-0.00175804 -0.00155581 -0.00174674 0.00956186 -0.00199095 -0.00759287 -0.00153442 -0.00327123 -0.00240415 -0.00287167 -0.00196094 -0.00411217 -0.00163064 -0.0042915 0.0025158 0.011243 -0.00289655 -0.00830861 -0.000334928 0.00640792 -0.010446 0.000864694 -0.00619718 0.00203747 -0.000808365 0.00530532 0.0107289 -0.011287 0.00198582 0.00513284
internal_weight=9352 9241 9132 189 8943 668 8275 4799 4377 4273 3886 2625 2077 1724 1261 353 140 332 204 929 578 3476 492 2984 1597 1387 729 333 1264 936
internal_count=9352 9241 9132 189 8943 668 8275 4799 4377 4273 3886 2625 2077 1724 1261 353 140 332 204 929 578 3476 492 2984 1597 1387 729 333 1264 936
is_linear=0
shrinkage=0.035


Tree=47
num_leaves=31
num_cat=0
split_feature=60 183 183 13 260 4 183 13 215 49 19 216 11 11 260 260 92 2 77 115 211 115 49 147 68 60 225 261 261 148
split_gain=23.6716 44.6229 42.0734 38.9911 37.8082 31.3555 30.8411 27.1552 25.3786 24.4661 21.4138 37.9452 22.3301 21.4651 41.0525 28.1172 34.4852 29.8311 30.6585 25.0028 21.0852 26.0917 25.5226 20.5581 19.7494 19.996 23.2683 22.7695 25.0536 20.743
threshold=75.000000000000014 0.85358983167205749 0.63239344262270636 25.049403189472638 0.8119563649487852 4.0853647752850071 0.70037593984920166 14.139565020919457 -0.057500001043081277 4786.0000000000009 5277.5000000000009 90.465535870484885 134.24040056046945 15.095076129515551 0.19746868791696678 -0.63241125535720022 56.594699859619148 5706.2951660156259 0.32770000398159033 5917.5000000000009 0.51334393903065489 1811.0000000000002 1506.0000000000002 35.577899932861335 0.017621470692203187 571.50000000000011 0.17592132232280813 544.95501708984386 532.22497558593761 1020.5000000000001
decision_type=2 2 2 2 2 2 2 2 2 2 2 2 2 2 2 2 2 2 2 2 2 2 2 2 2 2 2 2 2 2
left_child=5 2 7 -3 9 -1 8 -2 -4 -5 -9 13 -13 14 -12 16 17 18 -15 24 23 -22 -23 -8 -17 26 -26 28 -27 -29
right_child=1 3 6 4 -6 -7 20 10 -10 -11 11 12 -14 15 -16 19 -18 -19 -20 -21 21 22 -24 -25 25 27 -28 29 -30 -31
leaf_value=0.00022128940714806076 0.0072440129858261553 -0.0010885708264125622 -0.00032014921956331045 0.013754486457305317 -0.00046783518350303508 -0.0017966883739769922 -0.001616601060889293 -0.0023246631522376377 -0.0020118504609116933 0.0040913107144062519 -0.0012055443023028505 0.019561927284246754 -0.0038735409440718935 -0.0023956819644356782 0.019100661986813431 -0.0014600155698241543 -0.0082863870645002811 0.021506202895485559 0.01173118363521981 -0.0039481234331747595 -0.0024186713532335126 0.022584305377314293 -0.00048886456215966603 0.0133456859245361 0.014299724372042981 -0.0007968649063611439 -0.0020092633694112805 -0.00056166836611553142 -0.0019135330486551091 0.0071225140334800589
leaf_weight=154 76 105 146 338 242 170 132 74 387 109 534 203 82 61 80 1253 61 179 91 74 236 61 348 86 329 1195 87 1325 177 957
leaf_count=154 76 105 146 338 242 170 132 74 387 109 534 203 82 61 80 1253 61 179 91 74 236 61 348 86 329 1195 87 1325 177 957
internal_value=-0.00184033 -0.00150338 -0.00226848 0.00639549 0.00943084 -0.0110638 -0.00779443 -0.00113547 -0.0143773 0.0154093 -0.00137579 -0.00116091 0.0112241 -0.00172051 -0.00791599 -0.00105713 0.00793451 0.0123958 0.00089172 -0.00171696 -0.00366935 -0.00683846 -0.0014372 0.00565022 -0.00142549 -0.000240491 0.00698337 -0.00107133 -0.004626 0.00107127
internal_weight=9352 9028 8234 794 689 324 1396 6838 533 447 6762 6688 285 6403 614 5789 392 331 152 5397 863 645 409 218 5323 4070 416 3654 1372 2282
internal_count=9352 9028 8234 794 689 324 1396 6838 533 447 6762 6688 285 6403 614 5789 392 331 152 5397 863 645 409 218 5323 4070 416 3654 1372 2282
is_linear=0
shrinkage=0.035


Tree=48
num_leaves=31
num_cat=0
split_feature=211 173 163 104 183 22 274 193 107 261 2 71 4 49 104 38 11 260 115 185 13 201 148 30 148 13 136 6 173 219
split_gain=23.0856 32.8479 24.2428 32.3937 37.2208 31.85 48.8521 28.892 23.0868 49.1606 35.1888 22.6905 24.6057 37.5604 36.1483 30.1065 22.3324 25.7706 24.4669 24.0079 22.6944 36.4865 27.7703 56.1357 46.4283 29.9193 33.4788 27.6522 27.4402 26.6593
threshold=0.96598834308523784 0.96808819018749592 0.89227282437415156 185.00000000000003 0.63239344262270636 0.11329999938607217 0.51091013928081741 0.97083156818311267 6837.5000000000009 616.82498168945324 6742.2548828125009 604.00000000000011 34.712460857903686 2588.0000000000005 52.500000000000007 615.00000000000011 15.095076129515551 0.19746868791696678 5917.5000000000009 0.012517789000883919 18.833632199580027 0.10857499949634077 643.50000000000011 6657.5000000000009 191.00000000000003 34.980889112754625 38.313749313354499 18.482852338428284 0.36240995716326896 -48.1222639007457
decision_type=2 2 2 2 2 2 2 2 2 2 2 2 2 2 2 2 2 2 2 2 2 2 2 2 2 2 2 2 2 2
left_child=1 2 3 11 8 6 -6 -4 9 10 16 -1 13 14 -13 -15 17 19 20 -5 28 -22 23 24 25 -23 -27 29 -18 -24
right_child=-2 -3 7 4 5 -7 -8 -9 -10 -11 -12 12 -14 15 -16 -17 18 -19 -20 -21 21 22 27 -25 -26 26 -28 -29 -30 -31
leaf_value=-0.0028947752622914789 -0.0020484465952288395 0.0086581286467911321 -0.0015496978712192268 0.02192529423832874 0.015586759373351092 -0.0014571206466044767 -0.0025797815546149449 0.0022516753747559761 -0.0033488979887595898 0.016390603989693258 -0.0022939868285840105 -0.0020584705513628887 -0.0021353496297032205 0.013137491754442674 0.015363729799827676 -0.0019245798321480601 0.015272199497044314 0.01575093815285105 -0.0038099391130136432 -0.0012471192350091234 -0.0027046533139715905 0.013346379991981629 -0.00011554239341988322 0.016808450631298093 -0.0014310013771168634 0.0098131993878253949 -0.0032178381869855284 -0.0018896812593176069 -0.00028799301265917124 0.0090091045047711229
leaf_weight=91 101 161 387 76 207 856 107 97 87 163 141 73 98 83 270 126 130 61 72 453 78 227 1640 131 1617 289 99 106 89 1236
leaf_count=91 101 161 387 76 207 856 107 97 87 163 141 73 98 83 270 126 130 61 72 453 78 227 1640 131 1617 289 99 106 89 1236
internal_value=-0.00191514 -0.00172807 -0.0020088 -0.00157705 -0.00223698 -0.00798298 0.00153605 -0.009591 -0.00122761 -0.000984425 -0.00147054 0.00539544 0.00769466 0.0105566 0.0176006 -0.00114486 -0.00107624 -0.00752941 -0.000403917 -0.0100281 -0.000136356 -0.000586772 -0.000228972 -0.00305954 -0.00438087 0.00378226 -0.0021374 0.0020154 0.0107813 0.00267268
internal_weight=9352 9251 9090 8606 7865 1170 314 484 6695 6608 6445 741 650 552 343 209 6304 590 5714 529 5642 5423 5345 2363 2232 615 388 2982 219 2876
internal_count=9352 9251 9090 8606 7865 1170 314 484 6695 6608 6445 741 650 552 343 209 6304 590 5714 529 5642 5423 5345 2363 2232 615 388 2982 219 2876
is_linear=0
shrinkage=0.035


Tree=49
num_leaves=31
num_cat=0
split_feature=173 260 260 104 6 8 256 13 150 256 2 150 13 148 8 148 11 140 49 256 2 201 163 173 129 49 224 119 256 260
split_gain=23.7909 30.3009 28.0578 26.6169 29.8254 43.4839 37.8088 55.4215 46.1452 42.7672 36.5083 67.3179 32.1322 30.9458 43.7664 29.4043 40.3173 38.6692 41.9389 31.9874 40.5271 32.1472 31.4677 26.9798 26.7156 25.6049 33.1081 31.2003 25.4383 24.4738
threshold=0.96808819018749592 0.76733822639333249 0.8119563649487852 180.50000000000003 18.482852338428284 -12.905053198737933 28.028400698666989 31.619646453654671 0.052499998360872276 33.778558384252449 6022.8251953125009 0.029449999332427982 36.293108340270216 1041.5000000000002 -57.716371299106591 491.50000000000006 118.845935156458 6682.5000000000009 3378.5000000000005 59.875543763049954 6345.4350585937509 0.33075000345706945 0.48779750119717163 0.38975920185323082 6082.5000000000009 2588.0000000000005 0.99999999999254929 35.723770228172093 31.509880538085088 -0.12857822738320812
decision_type=2 2 2 2 2 2 2 2 2 2 2 2 2 2 2 2 2 2 2 2 2 2 2 2 2 2 2 2 2 2
left_child=1 3 -2 25 5 6 10 8 -8 28 11 -5 -11 -12 -15 16 -14 18 19 29 21 23 -20 -21 -7 26 27 -1 -9 -17
right_child=2 -3 -4 4 -6 24 7 9 -10 12 13 -13 15 14 -16 17 -18 -19 22 20 -22 -23 -24 -25 -26 -27 -28 -29 -30 -31
leaf_value=0.017698730561283935 0.0080215453553929682 -0.00090271077876029847 6.0631503177200904e-05 -0.0023320391462254603 -0.0020034768982355846 -0.0060137985669203586 0.013795129402905136 0.0053360281277256682 -0.0028332351723165715 0.018791617894390461 -0.0016312063277800278 0.024225056149257629 -0.0013905101602708226 -0.0014768051362027592 0.0069415311895821789 0.018319413679952063 0.0076736847431811018 -0.0018474311183622862 -0.0030787745810787813 -0.0017828316193480871 0.022978383340917199 0.0084135898390069654 0.0040238038920743834 0.017331923130782582 0.0099041078718574045 -0.00056415161911217205 -0.0041643685186578882 -0.0015172980297058697 -0.0022568207055913589 0.010378008341229615
leaf_weight=194 63 749 149 61 326 64 433 110 99 128 1097 85 1029 113 264 215 456 448 117 677 232 527 105 79 177 258 63 61 466 507
leaf_count=194 63 749 149 61 326 64 433 110 99 128 1097 85 1029 113 264 215 456 448 117 677 232 527 105 79 177 258 63 61 466 507
internal_value=-0.00178049 -0.00205139 0.00967742 -0.00144652 -0.00198274 -0.00152722 -0.0020171 -0.000658619 0.0100372 -0.00178396 -0.00672 0.0097351 -0.000634254 -0.00837728 0.000274869 -0.00114624 -0.0051443 0.000901442 0.00262784 0.00407449 0.00117434 -0.00127717 -0.0117181 -0.00588699 0.0129472 0.00578313 0.0123529 0.0179038 -0.0107229 0.01011
internal_weight=9352 9140 212 8391 7815 7489 7248 5628 532 5096 1620 146 4520 1474 377 4392 1485 2907 2459 2237 1515 1283 222 756 241 576 318 255 576 722
internal_count=9352 9140 212 8391 7815 7489 7248 5628 532 5096 1620 146 4520 1474 377 4392 1485 2907 2459 2237 1515 1283 222 756 241 576 318 255 576 722
is_linear=0
shrinkage=0.035


Tree=50
num_leaves=31
num_cat=0
split_feature=165 57 173 163 260 193 11 260 247 118 85 44 33 30 274 270 22 137 6 4 247 7 71 258 82 60 48 129 13 71
split_gain=26.6619 19.5193 20.1112 26.2189 22.3751 20.214 26.2008 25.4088 24.7023 36.4754 41.2609 27.1883 40.9937 47.8337 29.0889 26.9176 41.1593 40.7644 32.2057 31.5888 31.2232 29.8504 38.594 32.4437 24.6978 29.9031 29.4708 34.7247 27.7802 32.7051
threshold=0.074141101598512879 0.011363992759618071 0.96808819018749592 0.94998389654577531 0.87901972430108455 0.97083156818311267 106.56162524377926 0.89845608192937332 682.17001342773449 6792.5000000000009 6742.5000000000009 0.10535000264644624 0.12829999625682834 6457.5000000000009 0.62201432589619843 55.09519085437487 0.11704999953508378 2891.0000000000005 18.482852338428284 16.476057244923478 607.51501464843761 -49.047854413861195 849.50000000000011 0.0096499994397163408 1308.0000000000002 5437.0000000000009 29.030650138854984 6222.5000000000009 47.457975641383882 1342.5000000000002
decision_type=2 2 2 2 2 2 2 2 2 2 2 2 2 2 2 2 2 2 2 2 2 2 2 2 2 2 2 2 2 2
left_child=1 -1 3 5 -4 7 -7 8 9 10 11 12 13 -3 -14 21 -17 18 19 24 -21 -13 -23 -24 26 -26 -18 28 -28 -30
right_child=-2 2 4 -5 -6 6 -8 -9 -10 -11 -12 15 14 -15 -16 16 17 -19 -20 20 -22 22 23 -25 25 -27 27 -29 29 -31
leaf_value=0.0057301002424421732 -0.00023514384141736818 -0.003944150666572519 0.010930239505454371 -0.0010963121453556528 -0.0029891867641571265 0.017899926735165682 -0.0032562622202617726 -0.0019978644291299037 -0.0033447367295586583 0.013757789295182463 -0.002029348473799669 -0.0012798145618777154 0.012781770159617798 0.010741738666586597 -0.00052656132903541376 0.011796902999601967 0.018007233959516134 -0.0031258500133327992 -0.0016542733934296959 0.0040312441682328459 0.017830002293278684 0.023636553270480191 -0.0016993384704256597 -0.00052366313889993447 -0.0011894960322567218 0.017359963347138404 -0.0020051296207448045 0.011033465568048455 -0.0012383061497212395 0.016334582253695423
leaf_weight=109 65 100 87 246 104 98 60 125 176 207 252 505 257 113 99 167 320 342 288 372 77 93 268 1232 1582 89 347 404 829 339
leaf_count=109 65 100 87 246 104 98 60 125 176 207 252 505 257 113 99 167 320 342 288 372 77 93 268 1232 1582 89 347 404 829 339
internal_value=-0.00197499 -0.00181177 -0.00198955 -0.00223032 0.00910714 -0.00190887 0.0103067 -0.00213961 -0.0019024 -0.00162182 -0.00199691 -0.00154254 0.00579268 -0.00626147 0.0129917 -0.0021215 -0.000759543 -0.00133861 -0.00047399 0.000280706 0.00901982 -0.00545887 -0.00308824 -0.00446512 -0.000733078 -0.0039469 0.00166889 1.81913e-05 -0.00241776 0.000179028
internal_weight=9352 9287 9178 8987 191 8741 158 8583 8458 8282 8075 7823 569 213 356 7254 5156 4989 4647 4359 449 2098 1593 1500 3910 1671 2239 1919 1515 1168
internal_count=9352 9287 9178 8987 191 8741 158 8583 8458 8282 8075 7823 569 213 356 7254 5156 4989 4647 4359 449 2098 1593 1500 3910 1671 2239 1919 1515 1168
is_linear=0
shrinkage=0.035


Tree=51
num_leaves=31
num_cat=0
split_feature=165 6 8 256 256 2 26 148 19 49 274 2 49 144 183 48 26 148 60 19 274 49 71 193 45 44 19 216 10 150
split_gain=27.0362 19.3196 38.2701 25.154 59.7515 30.9972 33.5303 30.501 33.3427 28.8057 32.2525 28.6748 43.4959 36.372 27.4595 27.0094 24.6013 24.4518 23.9123 22.7626 30.8201 29.1678 34.8925 22.2625 22.1004 22.8533 22.0245 24.4244 27.5226 25.5972
threshold=0.074141101598512879 18.482852338428284 -10.305289282245992 28.028400698666989 29.58204332073689 6655.4099121093759 26.059850692749027 1549.5000000000002 6047.5000000000009 2523.0000000000005 0.9129601527571044 6269.3649902343759 4303.5000000000009 15.611626460351287 0.89290046987559457 48.737051010131843 29.065400123596195 53.500000000000007 176.00000000000003 6477.5000000000009 0.51810547047304245 2243.0000000000005 1836.5000000000002 0.90063268642978445 3.8500139406041693 0.1276500001549721 5277.5000000000009 90.465535870484885 23.74784335343907 1.0000000180025095e-35
decision_type=2 2 2 2 2 2 2 2 2 2 2 2 2 2 2 2 2 2 2 2 2 2 2 2 2 2 2 2 2 2
left_child=1 2 3 5 15 6 -1 8 -8 10 14 12 -11 -13 26 -5 -14 -7 -16 21 -21 -10 -23 -3 -15 -26 -6 29 -29 -28
right_child=-2 23 -4 4 9 17 7 -9 19 11 -12 13 16 24 18 -17 -18 -19 -20 20 -22 22 -24 -25 25 -27 27 28 -30 -31
leaf_value=-0.0016226453039389168 -0.00022691380696776011 -0.0020292202577491545 0.0074064432629171789 0.021639558958320888 -0.0024170580721472662 0.0023504696956902328 0.016845960623773675 0.019058463913618581 -0.0034621487717736705 -0.0016798708941192981 -0.0030011276433558809 -0.0040732947740280611 0.021403516739989779 0.0070705516199826516 0.0031935022023322083 -0.0040570645585090636 -0.0021898514282234502 -0.0024000670443324874 0.014436545144887432 0.011032908371988911 -0.0013028420449695075 0.0074471684724229841 -0.00046845689501246379 0.0004144519441230216 -0.0042744246377358483 -7.7408157325734039e-05 -0.0015134443523712239 0.019518815346606405 0.0086288225101906479 7.4650184106765395e-05
leaf_weight=481 65 410 229 182 76 75 105 83 203 563 88 61 110 368 104 61 70 277 84 157 104 73 296 157 77 367 211 82 206 3927
leaf_count=481 65 410 229 182 76 75 105 83 203 563 88 61 110 368 104 61 70 277 84 157 104 73 296 157 77 367 211 82 206 3927
internal_value=-0.00182537 -0.00166111 -0.00125158 -0.00163548 -0.00062707 -0.005234 -0.00301924 0.000579922 -0.00126193 -0.00127989 8.7811e-05 -0.00531154 -0.0103409 -0.000996583 0.000492013 0.0162298 0.00454054 -0.0145098 0.0134197 -0.00363365 0.00486842 -0.00752166 -0.00159091 -0.00789336 0.00102815 -0.00420935 -6.21256e-05 0.000268562 0.0100341 -0.000422399
internal_weight=9352 9287 8720 8491 6637 1854 1502 1021 938 6394 4778 1616 743 873 4690 243 180 352 188 833 261 572 369 567 812 444 4502 4426 288 4138
internal_count=9352 9287 8720 8491 6637 1854 1502 1021 938 6394 4778 1616 743 873 4690 243 180 352 188 833 261 572 369 567 812 444 4502 4426 288 4138
is_linear=0
shrinkage=0.035


Tree=52
num_leaves=31
num_cat=0
split_feature=66 183 183 60 13 161 256 13 256 32 12 60 107 261 2 27 274 82 260 19 218 265 6 204 189 60 93 30 37 214
split_gain=28.4488 15.7162 38.6202 35.6639 39.7406 27.2686 23.7896 39.3558 23.683 22.6289 23.3767 27.9977 21.1303 44.8868 26.0278 18.4743 25.4886 18.1167 22.6161 16.6592 46.4043 16.9829 16.3945 15.4052 16.2395 22.9146 20.9769 32.6376 20.3685 18.861
threshold=0.08495000004768373 0.85358983167205749 0.63239344262270636 187.00000000000003 25.049403189472638 0.12189999781548978 26.701089095780208 29.630554079987601 12.509650257790405 0.13585000485181811 4.7547222848376443 734.50000000000011 6837.5000000000009 616.82498168945324 6742.2548828125009 2655.5000000000005 0.72765521063091299 180.50000000000003 0.70944886141450236 6742.5000000000009 31.987219343375184 -3.6868833848663347 -22.521268991271899 0.24336283801525363 13.82797948666588 6102.0000000000009 3961.5000000000005 6572.5000000000009 28.24069976806641 0.0015500038862228396
decision_type=2 2 2 2 2 2 2 2 2 2 2 2 2 2 2 2 2 2 2 2 2 2 2 2 2 2 2 2 2 2
left_child=-1 2 8 5 -5 -3 -4 -8 -2 -9 -11 -12 13 14 17 16 -7 -10 19 21 -21 -19 -6 24 25 29 -26 28 -28 -23
right_child=1 3 6 4 22 15 7 9 12 10 11 -13 -14 -15 -16 -17 -18 18 -20 20 -22 23 -24 -25 26 -27 27 -29 -30 -31
leaf_value=-0.00021897182372388832 0.0070028371126234111 0.0095050399261014332 -0.0018038861440021294 -0.0011571532130280533 -0.0058229842981653039 0.013664836276295616 0.014267555976584332 -0.0038141949443444155 0.013043486772104363 -0.0014532074998171781 -0.0011098104895613441 0.014379630153576827 -0.0032945077039546258 0.015208446721351418 -0.0021685257236250146 -0.0022506735025844319 -0.0017315408202957735 0.010192234517178534 -0.0037280184016915394 0.012005160410998719 -0.0014152091295313717 -0.0015125007079898288 0.012468385189522951 0.013108605640780837 -0.001300690447119399 0.01432099151150985 0.021389280610504425 0.018381897287544156 -0.0021074705084011651 -0.00012143149132062826
leaf_weight=111 75 121 277 103 61 63 91 109 119 503 252 140 87 163 141 146 185 386 64 123 100 290 347 109 1824 110 70 72 146 2964
leaf_count=111 75 121 277 103 61 63 91 109 119 503 252 140 87 163 141 146 185 386 64 123 100 290 347 109 1824 110 70 72 146 2964
internal_value=-0.00178049 -0.00156338 -0.0020736 0.00251212 0.00902132 -0.00397115 -0.00742193 -0.00505909 -0.000996641 -0.00707631 -0.00517222 0.00123426 -0.00121955 -0.000989381 -0.00144872 -0.00842105 -0.00249012 -0.00111329 -0.00137474 -0.0011518 0.00813596 -0.00150519 0.0138983 -0.00199732 -0.00226054 -0.000747996 -0.00466226 0.00406143 -0.00285068 -0.00128874
internal_weight=9352 9241 8215 1026 511 515 1372 1095 6843 1004 895 392 6768 6681 6518 394 248 6377 6258 6194 223 5971 408 5585 5476 3364 2112 288 216 3254
internal_count=9352 9241 8215 1026 511 515 1372 1095 6843 1004 895 392 6768 6681 6518 394 248 6377 6258 6194 223 5971 408 5585 5476 3364 2112 288 216 3254
is_linear=0
shrinkage=0.035


Tree=53
num_leaves=31
num_cat=0
split_feature=165 19 34 11 55 41 211 19 85 80 27 260 13 22 41 71 140 22 126 256 163 13 274 1 170 93 11 270 93 160
split_gain=27.2242 18.2892 28.7761 27.8189 28.5819 19.8187 53.5645 39.6101 33.3329 31.7911 31.3357 27.0826 34.8727 33.2172 51.9185 36.5158 50.5576 35.802 35.3157 30.1765 29.4445 31.6293 51.3752 32.8351 29.7743 29.0211 27.7228 27.6572 26.8271 25.7303
threshold=0.074141101598512879 5277.5000000000009 7.752114234293189 52.452122975120609 0.50955000519752514 5802.5000000000009 -0.83874271863791938 5717.5000000000009 5817.5000000000009 -7.9177336311245679 1747.5000000000002 0.039134449257359996 49.246852473388302 0.24485000222921374 5962.5000000000009 975.00000000000011 6137.5000000000009 0.18675000220537188 71.500000000000014 59.875543763049954 0.94998389654577531 49.699302799467766 0.38885250759774198 667.50000000000011 0.018399987369775776 587.50000000000011 64.716122225113068 86.17408652775967 1092.5000000000002 0.027249999344348911
decision_type=2 2 2 2 2 2 2 2 2 2 2 2 2 2 2 2 2 2 2 2 2 2 2 2 2 2 2 2 2 2
left_child=1 -1 5 -4 -5 7 -7 10 -8 -9 -3 12 25 14 17 -16 18 -13 -17 26 21 23 27 24 -18 -10 -14 -23 -27 -20
right_child=-2 2 3 4 -6 6 8 9 11 -11 -12 13 19 -15 15 16 20 -19 29 -21 -22 22 -24 -25 -26 28 -28 -29 -30 -31
leaf_value=-0.0023700230300469326 -0.00021130780989355255 -0.0013766224756334977 0.014967579047302336 0.011709694179871137 -0.0036553553940385946 0.023419727651935278 0.017917484432121808 0.0010292828318014422 -0.0022319145960060793 -0.002669248371321202 0.016348060551896894 0.018017309480490646 0.021781580588398939 -0.0031229730834638073 0.015611598984124524 0.0087602532326131709 -0.002986099747075751 0.010283764160897598 -0.0021567603337088901 -0.00077060129932530704 -0.0012329774784442197 -0.0031679075323944668 -0.0046419672303281726 0.0036149878218862401 0.0038672877648500475 0.0016388570593928102 -0.0051538982584683202 0.0075014851908016258 -0.0014853678280915773 -0.0010247530797860495
leaf_weight=76 65 703 113 224 142 121 92 62 264 213 185 104 139 327 268 117 247 273 363 850 232 161 146 2034 232 232 61 100 523 683
leaf_count=76 65 703 113 224 142 121 92 62 264 213 185 104 139 327 268 117 247 273 363 850 232 161 146 2034 232 232 61 100 523 683
internal_value=-0.00175056 -0.00158577 -0.00143934 0.00686983 0.00207547 -0.00189882 -0.00124307 -0.00614298 -0.00162485 -0.017625 -0.0025084 -0.00189241 -0.00528206 -0.000562169 0.000155086 -0.000877289 -0.00166088 0.0125524 -0.00788099 -0.000796209 0.000643016 0.00160342 -0.00739078 0.00307188 -0.0051343 -0.00987793 0.0112683 0.00197368 -0.00630921 -0.00992388
internal_weight=9352 9287 9211 479 366 8732 7569 1163 7448 275 888 7356 2069 5287 4960 4583 4315 377 1163 1050 3152 2920 407 2513 479 1019 200 261 755 1046
internal_count=9352 9287 9211 479 366 8732 7569 1163 7448 275 888 7356 2069 5287 4960 4583 4315 377 1163 1050 3152 2920 407 2513 479 1019 200 261 755 1046
is_linear=0
shrinkage=0.035


Tree=54
num_leaves=31
num_cat=0
split_feature=165 173 163 247 261 85 66 256 270 4 38 82 134 11 260 203 11 60 126 263 93 8 60 224 179 160 13 124 52 260
split_gain=26.7179 18.1382 22.067 29.0461 35.7876 45.8091 33.8272 46.7471 34.1058 27.9219 24.6312 24.4569 23.3987 21.3522 20.9607 19.4593 19.3118 19.1151 16.3554 17.5438 16.0348 33.5568 24.908 26.7892 25.0708 25.665 30.1509 32.9119 26.774 28.6998
threshold=0.074141101598512879 0.96808819018749592 0.89227282437415156 682.17001342773449 614.16497802734386 6742.5000000000009 0.11294999718666078 26.133712989782811 37.499399108905159 38.499972576517955 2131.5000000000005 1668.0000000000002 0.011027406305513738 87.190819233146058 0.87901972430108455 0.8564225868003158 -2.7045714587326564 5624.0000000000009 33.500000000000007 -0.016808376357424489 149.50000000000003 -154.91118144851256 1621.5000000000002 0.99999999999254929 15.09302297618421 0.016149990260601047 34.980889112754625 -2.7998342669486176 6637.5000000000009 -0.21055597141129809
decision_type=2 2 2 2 2 2 2 2 2 2 2 2 2 2 2 2 2 2 2 2 2 2 2 2 2 2 2 2 2 2
left_child=1 2 3 4 5 6 7 8 11 -7 -9 -1 17 -6 -3 -10 -14 -8 -4 -20 21 -18 23 24 25 -22 -27 -28 29 -29
right_child=-2 14 18 -5 13 9 12 10 15 -11 -12 -13 16 -15 -16 -17 20 -19 19 -21 22 -23 -24 -25 -26 26 27 28 -30 -31
leaf_value=-0.00053764992022493853 -0.00020391203654727882 0.010360471669626534 0.00027854184562945306 -0.003158848847067775 0.015428869129418559 -0.0031730872705142714 0.00016967597061314012 0.012833560531284509 -0.0026875720925825029 0.00013180863270312426 -0.0015341952277748707 0.017056232516052032 -0.0011484646776817745 -0.0055055465094467904 -0.0029329858128456857 9.7236805726108055e-05 -0.00069819299402427927 0.016601968358953497 -0.00034199104548202021 -0.0021286831151860579 -0.0016466344154178372 0.0162997637406684 -0.0013124280414295712 -0.0016889491330060193 -0.002691414541052331 0.006666234821429735 0.011897489132111853 0.015791480266044954 0.010497510316365937 -0.001460512403523418
leaf_weight=130 65 87 102 176 141 185 1789 299 144 63 77 117 150 65 104 72 267 81 167 233 371 130 1478 259 216 662 460 93 62 1107
leaf_count=130 65 87 102 176 141 185 1789 299 144 63 77 117 150 65 104 72 267 81 167 233 371 130 1478 259 216 662 460 93 62 1107
internal_value=-0.00195255 -0.00178917 -0.00201516 -0.00159553 -0.00129645 -0.00166119 -0.00119463 0.00543246 -0.00201923 -0.0163241 0.0145144 0.00680556 -0.00197826 0.0129384 0.00875 -0.0120362 -0.00317395 0.00138133 -0.00911243 -0.0122716 -0.00280137 0.00391791 -0.00337153 -0.00164451 -0.000693884 0.00021558 0.00155295 -0.00089172 -0.00381215 -0.00499585
internal_weight=9352 9287 9096 8594 8418 8212 7964 839 463 248 376 247 7125 206 191 216 5255 1870 502 400 5105 397 4708 3230 2971 2755 2384 1722 1262 1200
internal_count=9352 9287 9096 8594 8418 8212 7964 839 463 248 376 247 7125 206 191 216 5255 1870 502 400 5105 397 4708 3230 2971 2755 2384 1722 1262 1200
is_linear=0
shrinkage=0.035


Tree=55
num_leaves=31
num_cat=0
split_feature=185 271 260 183 224 148 219 140 247 224 219 137 260 121 93 41 33 11 193 183 27 45 256 16 260 42 224 270 148 118
split_gain=27.531 17.0359 24.1107 39.5283 23.7959 32.8075 41.3558 24.5737 27.5643 23.1505 20.5345 20.4323 29.3755 23.806 18.691 27.566 21.7184 21.3751 18.3598 25.3401 29.2865 28.5748 24.2801 18.358 18.2595 21.5756 18.1989 18.3014 18.1792 17.8467
threshold=0.049932685104698005 6.0423921898841497 0.76733822639333249 0.8240280347486082 0.54360411432898881 1041.5000000000002 -45.968409222117607 6697.5000000000009 649.56500244140636 0.88608377310188424 2.2053494744115301 382.50000000000006 -0.55987213814726455 0.10875000059604646 807.50000000000011 5792.5000000000009 0.34250000119209295 34.072782897976118 0.93494349190010151 0.6413423681385052 5726.0000000000009 3.4511280896267458 14.708602137676396 16.548461246033156 0.87901972430108455 13.00840711614515 0.80623958305914123 107.31236256594141 1331.0000000000002 6792.5000000000009
decision_type=2 2 2 2 2 2 2 2 2 2 2 2 2 2 2 2 2 2 2 2 2 2 2 2 2 2 2 2 2 2
left_child=1 18 3 4 5 23 7 8 14 -4 11 12 -6 -13 15 16 -7 -17 19 22 -21 -22 -1 -3 -20 -26 -14 -28 -19 -24
right_child=-2 2 9 -5 10 6 -8 -9 -10 -11 -12 13 26 -15 -16 17 -18 28 24 20 21 -23 29 -25 25 -27 27 -29 -30 -31
leaf_value=0.0070693923819573979 -0.00019677511526812355 -0.001233546693891635 0.0087114223116280844 0.013483651538195255 0.010347988107909132 -0.0034256599371466803 0.014094495129891058 -0.0013581791919219141 0.025843006286223651 -0.0015522482692846113 -0.0014820062180007699 -0.0021076173079817846 0.0058743765887928831 0.009064404718398868 -0.0011834352372179133 -0.0022256223423380282 0.0084208100848882552 -0.00017279349524834678 0.0059343120670908266 -0.0022486075366550838 0.01764398655530313 -0.0017393844610897055 -0.00089565346289208181 0.016832767114801798 0.0034850712124744046 -0.0027274008894063568 -0.007363361689132362 0.0060901558207380893 0.025049742336069016 0.0098422447080692178
leaf_weight=90 66 1688 103 293 65 60 200 170 77 302 141 74 107 1078 236 61 95 64 265 711 64 80 2500 90 62 110 144 64 165 127
leaf_count=90 66 1688 103 293 65 60 200 170 77 302 141 74 107 1078 236 61 95 64 265 711 64 80 2500 90 62 110 144 64 165 127
internal_value=-0.00194507 -0.00177806 -0.000470466 0.000215296 -0.000587914 -0.00250086 0.0021624 -0.000975348 0.00174312 -0.00862195 0.00273242 0.00391672 -0.00309091 0.00623163 -0.000561224 0.00365556 -0.00809375 0.0099661 -0.00349651 -0.00432485 -0.00956395 0.00469799 -0.00266165 -0.00545709 0.00324661 -0.00553672 -0.00754688 -0.0134742 0.0148077 -0.00328457
internal_weight=9352 9286 5277 4872 4579 2906 1128 928 758 405 1673 1532 380 1152 681 445 155 290 4009 3572 855 144 2717 1778 437 172 315 208 229 2627
internal_count=9352 9286 5277 4872 4579 2906 1128 928 758 405 1673 1532 380 1152 681 445 155 290 4009 3572 855 144 2717 1778 437 172 315 208 229 2627
is_linear=0
shrinkage=0.035


Tree=56
num_leaves=31
num_cat=0
split_feature=185 6 8 256 256 27 247 49 48 274 104 104 215 214 260 221 270 2 19 270 11 82 104 19 270 256 261 261 13 13
split_gain=27.5119 19.5104 31.7583 28.7988 54.4238 30.6023 58.0745 26.4619 26.1442 25.3875 27.3383 31.1073 34.6334 29.8657 26.3015 27.6504 30.212 23.6263 39.9759 46.2201 35.3785 28.7594 27.5831 23.5726 23.5219 35.0098 28.7653 46.4045 29.2048 38.4364
threshold=0.049932685104698005 18.482852338428284 -10.305289282245992 28.028400698666989 29.58204332073689 979.50000000000011 601.37500000000011 2523.0000000000005 47.85625076293946 0.9129601527571044 185.00000000000003 52.500000000000007 -0.061399988830089562 0.024600002914667133 0.74802804647666477 156.85177480887282 107.31236256594141 6655.4099121093759 6142.5000000000009 50.221273416489737 38.534477819657418 1668.0000000000002 383.00000000000006 6402.5000000000009 111.331270643211 78.587664092289145 528.06500244140636 547.93499755859386 47.457975641383882 63.984375295889841
decision_type=2 2 2 2 2 2 2 2 2 2 2 2 2 2 2 2 2 2 2 2 2 2 2 2 2 2 2 2 2 2
left_child=1 2 3 5 8 -1 -7 9 -5 10 11 12 -6 -13 15 24 -17 18 -8 20 21 -20 -19 -23 26 -26 28 -28 -12 -30
right_child=-2 -3 -4 4 7 6 17 -9 -10 -11 14 13 -14 -15 -16 16 -18 22 19 -21 -22 23 -24 -25 25 -27 27 -29 29 -31
leaf_value=-0.0025436536367841691 -0.00018988798623373966 -0.0012903401748199301 0.0062680483321027628 0.019526703398510401 -0.0053668740735345472 0.017824342032588706 -0.0015818851137962221 -0.0008587856495976704 -0.0027863217196148113 -0.0027011270540365419 -0.0021920880903562126 -0.001049732329569922 0.014459029636753213 0.012357209774043622 -0.0019005171640021047 -0.006116253232841597 0.013574557446580511 0.0028939197958597345 -0.00048568944202314533 0.011738423883472146 -0.0017351976581363039 -0.0016462861504816394 -0.0024253105045010221 0.01657295548490852 -0.0030219704296194066 -0.00026766745557305294 -0.0013991777615868528 0.00012216179137344992 0.018606679612965051 0.0059689020350838489
leaf_weight=79 66 563 230 167 72 115 336 1620 74 88 212 63 71 225 99 81 217 84 364 98 255 68 270 183 209 437 332 1942 277 455
leaf_count=79 66 563 230 167 72 115 336 1620 74 88 212 63 71 225 99 81 217 84 364 98 255 68 270 183 209 437 332 1942 277 455
internal_value=-0.00195255 -0.0017856 -0.00137546 -0.0017257 -0.000647758 -0.00557889 -0.00458661 -0.00126776 0.0155081 4.38871e-05 0.000402385 0.00875 -0.00449324 0.0152901 -0.000451242 -1.67987e-05 0.010165 -0.0062718 -0.00406417 -0.000431655 -0.00304 0.00152419 -0.014234 0.0105273 -0.000814164 -0.00688172 0.000412659 -0.00172005 0.00553214 0.00883311
internal_weight=9352 9286 8723 8493 6641 1852 1773 6400 241 4780 4692 431 143 288 4261 4162 298 1658 1304 968 870 615 354 251 3864 646 3218 2274 944 732
internal_count=9352 9286 8723 8493 6641 1852 1773 6400 241 4780 4692 431 143 288 4261 4162 298 1658 1304 968 870 615 354 251 3864 646 3218 2274 944 732
is_linear=0
shrinkage=0.035


Tree=57
num_leaves=31
num_cat=0
split_feature=185 6 219 115 213 256 256 49 2 247 150 48 274 104 140 93 274 140 2 270 11 260 104 13 82 204 119 7 5 163
split_gain=27.818 18.7375 20.6885 40.0999 24.1455 23.9969 48.4075 26.9952 30.5023 26.9513 68.7299 25.5561 25.3627 32.9572 24.1912 22.9157 19.7791 19.4816 30.1254 38.714 38.747 29.1552 24.8114 23.2786 26.2409 22.6075 19.4364 31.1407 18.5342 25.4936
threshold=0.049932685104698005 18.482852338428284 -3.2765441782930882 1532.5000000000002 10.333352513605719 28.028400698666989 29.58204332073689 2523.0000000000005 6475.9499511718759 601.37500000000011 0.029449999332427982 47.85625076293946 0.72765521063091299 185.00000000000003 6727.5000000000009 3576.0000000000005 0.62201432589619843 6137.5000000000009 6655.4099121093759 50.221273416489737 38.534477819657418 -0.11889548959573075 383.00000000000006 25.55730912291315 1668.0000000000002 0.092519680936256662 38.38065837736827 -16.6257108049988 -11.664443693199251 0.49411035323820046
decision_type=2 2 2 2 2 2 2 2 2 2 2 2 2 2 2 2 2 2 2 2 2 2 2 2 2 2 2 2 2 2
left_child=1 2 5 -4 -5 9 11 12 28 10 -1 -7 13 26 -10 -16 -3 -11 19 20 21 -19 -20 24 25 -23 27 -8 -9 -30
right_child=-2 16 3 4 -6 6 7 8 14 17 -12 -13 -14 -15 15 -17 -18 18 22 -21 -22 23 -24 -25 -26 -27 -28 -29 29 -31
leaf_value=-0.0026899532048010851 -0.00018324190671555803 -0.0018476595971460474 -0.0061686889296214027 0.011592745681217511 -0.00080476238397443232 0.01717858900203852 0.020563702212155168 0.012514482625079544 0.014728992570515367 -0.0015833565684281084 0.020150790555793177 -0.0039445734947901817 -0.0020951200503551101 -1.7599805102263244e-05 0.0025591029226847469 -0.0015993143057014751 0.00054465023439583546 -0.0015883333186789835 0.0027926326030046438 0.010803844673644442 -0.001925244901056778 -0.00068475557814024553 -0.0023404246368434866 -0.0016210557606485749 0.01906179949430736 0.0016195810896014135 -0.0014965506022685553 0.0015249000144851919 -0.0024016999192398567 -0.0008574800957651536
leaf_weight=61 66 428 89 229 85 160 134 71 126 341 86 73 305 4130 166 94 135 117 84 90 243 113 264 106 189 133 60 98 388 688
leaf_count=61 66 428 89 229 85 160 134 71 126 341 86 73 305 4130 166 94 135 117 84 90 243 113 264 106 189 133 60 98 388 688
internal_value=-0.00183285 -0.00166505 -0.00126318 0.00643382 0.0122884 -0.00163964 -0.000640966 -0.00122905 -0.00525683 -0.0051774 0.00898026 0.0148529 8.13609e-05 0.000758979 0.00322251 -0.00290566 -0.0078257 -0.00643917 -0.00450521 -0.00137048 -0.00359272 0.000844646 -0.0132861 0.00429487 0.007875 0.000278884 0.0120202 0.0165401 -0.00811198 -0.00925994
internal_weight=9352 9286 8723 403 314 8320 6493 6260 1533 1827 147 233 4727 4422 386 260 563 1680 1339 991 901 658 348 541 435 246 292 232 1147 1076
internal_count=9352 9286 8723 403 314 8320 6493 6260 1533 1827 147 233 4727 4422 386 260 563 1680 1339 991 901 658 348 541 435 246 292 232 1147 1076
is_linear=0
shrinkage=0.035


Tree=58
num_leaves=31
num_cat=0
split_feature=165 61 49 256 104 232 71 183 80 161 163 169 115 126 271 136 6 11 13 82 5 247 71 150 219 6 126 41 132 173
split_gain=27.3373 17.6809 17.4461 16.7765 16.0865 23.5545 22.4173 33.0833 29.0461 35.8607 30.3931 21.5772 19.8764 17.7348 22.0441 18.9303 17.3846 17.3582 19.8503 17.5408 17.1367 16.8854 37.9682 24.6549 39.2074 32.4029 20.5709 28.9754 25.377 22.2176
threshold=0.074141101598512879 387.50000000000006 19950.500000000004 12.509650257790405 185.00000000000003 25.035855485037732 604.00000000000011 0.74716018619673308 -6.2609108420483262 0.11812499910593034 0.71382038046360086 11.542717237718358 1129.5000000000002 2016.0000000000002 14.419981599355536 41.814550399780281 -22.521268991271899 78.906760152304727 47.457975641383882 115.50000000000001 39.189701876367458 611.83499145507824 924.50000000000011 0.06019998341798783 -100.49906051808506 -3.0042214375803611 1744.5000000000002 6327.5000000000009 0.17965000122785571 -0.17780817753452025
decision_type=2 2 2 2 2 2 2 2 2 2 2 2 2 2 2 2 2 2 2 2 2 2 2 2 2 2 2 2 2 2
left_child=1 2 3 -1 6 11 -5 -8 9 -9 -10 -6 -7 14 21 -15 -16 19 -19 -12 -14 22 23 24 -13 -26 27 -23 -28 -29
right_child=-2 -3 -4 4 5 12 7 8 10 -11 17 13 20 15 16 -17 -18 18 -20 -21 -22 26 -24 -25 25 -27 28 29 -30 -31
leaf_value=0.0055975288153766473 -0.00017682843998051426 -0.0014162622563854198 -0.0018298144958091838 -0.0026216501017711697 -0.0027841084807274505 0.0084935282317332456 0.015509640785634212 0.014622880033275446 0.0086303864161397827 -0.0022744388890858667 0.013309063823041666 -0.0016100703644333098 -0.0043322066202580089 0.0039579031704696354 -0.00038243568428582346 -0.0020599031263572182 0.0090715948918124612 -0.0041238442051451029 0.00027785877556170846 -0.00037070941687359363 0.0038620959739983341 0.007318936156799005 -0.0014120482582456258 -0.0031784910225638556 0.016755002001936865 -0.0042656701091985157 -0.0037424301302559156 -0.001946146100587169 0.00023506891533481069 -0.0001749262640375933
leaf_weight=84 65 662 76 102 241 804 114 84 175 254 93 213 99 776 327 149 252 85 87 105 99 410 1396 137 288 85 119 346 79 1546
leaf_count=84 65 662 76 102 241 804 114 84 175 254 93 213 99 776 327 149 252 85 87 105 99 410 1396 137 288 85 119 346 79 1546
internal_value=-0.00170567 -0.00154057 -0.0011153 -0.000961538 -0.00111983 -0.0017094 0.00282156 0.00443613 0.00208896 -0.00591837 0.00706364 -0.0024949 0.00326713 -0.00208469 -0.00287911 0.00237097 0.00353596 0.00130667 -0.00672316 0.00827586 -0.00655172 -0.0036862 -0.00598164 0.000528846 0.00367174 0.010463 -0.00173253 -0.000788903 -0.0124138 -0.00261993
internal_weight=9352 9287 8625 8549 8465 7366 1099 997 883 338 545 6364 1002 6123 5198 925 579 370 172 198 198 4619 2119 723 586 373 2500 2302 198 1892
internal_count=9352 9287 8625 8549 8465 7366 1099 997 883 338 545 6364 1002 6123 5198 925 579 370 172 198 198 4619 2119 723 586 373 2500 2302 198 1892
is_linear=0
shrinkage=0.035


Tree=59
num_leaves=31
num_cat=0
split_feature=185 6 8 256 256 115 93 30 47 57 2 82 274 13 80 114 148 93 104 213 93 193 12 126 103 270 8 256 49 121
split_gain=27.6648 17.6367 30.0899 22.5883 51.1365 26.9366 25.534 46.1479 24.6547 20.3828 19.4731 31.9949 27.7244 37.0459 33.6627 32.8209 27.3924 29.4186 24.1978 21.8935 21.2509 18.7326 21.3361 18.4911 35.4674 32.992 24.971 31.4927 29.8905 27.3715
threshold=0.049932685104698005 18.482852338428284 -10.305289282245992 28.028400698666989 29.58204332073689 7886.5000000000009 611.50000000000011 5992.5000000000009 -5.605236888301758 0.011363992759618071 6655.4099121093759 1220.5000000000002 0.10625117487851195 25.55730912291315 -4.1578937917370213 40.354698181152351 209.00000000000003 2779.5000000000005 383.00000000000006 10.352762186895616 2217.5000000000005 0.90063268642978445 6.5742575962494074 2081.5000000000005 58.410751342773445 121.33994002632734 -121.90884006739832 87.007749686297487 797.00000000000011 0.32095000147819525
decision_type=2 2 2 2 2 2 2 2 2 2 2 2 2 2 2 2 2 2 2 2 2 2 2 2 2 2 2 2 2 2
left_child=1 2 3 6 8 9 -1 -8 -5 -6 11 16 15 14 19 -13 17 20 -12 -14 -9 -3 -23 26 25 -25 -11 29 -29 -28
right_child=-2 21 -4 4 5 -7 7 10 -10 23 18 12 13 -15 -16 -17 -18 -19 -20 -21 -22 22 -24 24 -26 -27 27 28 -30 -31
leaf_value=-0.0022553935386983698 -0.00017063944458119626 -0.0020493971692006892 0.0055905357707332114 0.019848530666948801 0.0081788827260825536 -0.0016980581657478867 0.015609428825536014 -0.00018658067325063367 -0.0022846101891174446 -0.0013940809953912976 0.0024650430546169092 -0.0013039084710253744 -0.00018670792428157891 -0.0063757311244885652 -0.0029816865190465465 0.016701918131009897 -0.001550117317725223 -0.00083375504650555303 -0.0027564154956946736 0.018495052807402976 0.015858911499855369 0.014565652661254652 -0.00068031172297048335 0.01174283494327053 -0.0035930568044089499 -0.0021272963838260312 -0.00055838094265269595 -0.0034001620142397131 0.015068224863240587 0.013516236935467368
leaf_weight=93 66 409 230 170 76 101 104 91 71 1177 84 62 105 66 78 192 416 160 253 83 65 84 70 517 144 136 3729 112 156 252
leaf_count=93 66 409 230 170 76 101 104 91 71 1177 84 62 105 66 78 192 416 160 253 83 65 84 70 517 144 136 3729 112 156 252
internal_value=-0.0018927 -0.00172533 -0.00133536 -0.00167628 -0.000721487 -0.0013224 -0.00508885 -0.00410714 0.014939 -0.00102713 -0.00554518 -0.00359788 0.00248731 -0.0041543 0.00180812 0.0110811 -0.00845319 -0.000654206 -0.0129971 0.00979275 0.01 -0.00770246 0.00264151 -0.00125321 0.00370948 0.00718085 -0.0019849 -0.000732252 0.0107692 -0.00151907
internal_weight=9352 9286 8723 8493 6641 6400 1852 1759 241 6299 1655 1318 586 332 266 254 732 316 337 188 156 563 154 6223 797 653 5426 4249 268 3981
internal_count=9352 9286 8723 8493 6641 6400 1852 1759 241 6299 1655 1318 586 332 266 254 732 316 337 188 156 563 154 6223 797 653 5426 4249 268 3981
is_linear=0
shrinkage=0.035


Tree=60
num_leaves=31
num_cat=0
split_feature=185 272 211 2 271 260 183 113 259 115 211 27 150 13 126 147 150 11 160 93 213 147 2 49 121 33 115 173 30 211
split_gain=27.5119 16.2098 23.3238 28.3483 16.0613 19.4575 36.4807 22.185 20.6811 18.7234 30.791 26.6428 28.4497 26.5845 19.196 23.286 20.3255 18.8759 22.7745 18.8466 18.1563 17.8552 16.2928 22.9333 22.9266 16.2487 22.487 15.8902 20.0507 20.8898
threshold=0.049932685104698005 -0.014300003647804259 -0.86485363565544826 5663.7250976562509 6.0423921898841497 0.76733822639333249 0.8240280347486082 -1.7372988349189487 -0.23229834107493277 1574.5000000000002 0.54014429928689245 1119.5000000000002 0.082000002264976515 43.910053546090445 1314.0000000000002 29.612050056457523 0.057500001043081291 22.32674919474513 0.021599996834993366 1785.5000000000002 9.9575968770613716 25.938699722290043 6357.3200683593759 1441.5000000000002 0.31444999575614935 0.24405000358819964 539.50000000000011 0.86650130123592972 6707.5000000000009 0.75726474997840942
decision_type=2 2 2 2 2 2 2 2 2 2 2 2 2 2 2 2 2 2 2 2 2 2 2 2 2 2 2 2 2 2
left_child=1 -1 3 -3 9 6 8 20 -6 10 13 -11 17 14 15 -4 19 18 -13 -17 -7 -10 24 -24 25 26 -15 28 29 -19
right_child=-2 2 4 -5 5 7 -8 -9 21 11 -12 12 -14 22 -16 16 -18 27 -20 -21 -22 -23 23 -25 -26 -27 -28 -29 -30 -31
leaf_value=-0.0015195259316841566 -0.00016466706402085504 -0.00093346055373969407 -0.0023175195186352828 0.022950461414441549 0.0078875854327688337 -0.00087254253665860603 0.011785405461421573 0.00080285691632432936 0.010186498122952485 0.01106024406130484 -0.0025830803237552455 -0.0002968578583292797 -0.0037463693152877467 0.02195465550606221 -0.0018942858663217354 0.012633054903645866 -0.0018497434092082431 -0.00012323739643355246 0.0281227560300049 -0.00047948669600069718 -0.0031109437195126813 -0.00053077861323930664 -0.00018977215067908116 0.01533281378449642 0.011618162750014155 -0.001815356995925675 -0.001357253079307957 0.00041550839436843735 -0.0027508475517030299 -0.0059634310872198667
leaf_weight=68 66 113 139 117 541 227 293 78 504 146 285 66 163 64 282 142 136 832 65 107 100 3306 128 92 198 289 150 403 137 115
leaf_count=68 66 113 139 117 541 227 293 78 504 146 285 66 163 64 282 142 136 832 65 107 100 3306 128 92 198 289 150 403 137 115
internal_value=-0.00195255 -0.0017856 -0.00165456 0.00923404 -0.00193817 -0.000630194 1.5057e-05 -0.00793902 -0.000795455 -0.00361182 -0.00596926 -0.0011413 -0.00233203 -0.00418303 -0.00880395 -0.00476371 -0.000269231 -0.00090573 0.0115809 0.00564961 -0.0119127 -0.00170642 -0.000113391 0.00808889 -0.00272663 -0.00668307 0.000639269 -0.00204088 -0.00424242 -0.00238971
internal_weight=9352 9286 9218 230 8988 5049 4644 405 4351 3939 2012 1927 1781 1727 806 524 385 1618 131 249 327 3810 921 220 701 503 214 1487 1084 947
internal_count=9352 9286 9218 230 8988 5049 4644 405 4351 3939 2012 1927 1781 1727 806 524 385 1618 131 249 327 3810 921 220 701 503 214 1487 1084 947
is_linear=0
shrinkage=0.035


Tree=61
num_leaves=31
num_cat=0
split_feature=185 219 8 22 193 12 19 211 2 96 49 100 219 258 211 260 261 60 183 258 218 8 81 223 60 19 19 19 27 247
split_gain=27.2264 18.9979 32.0039 28.8646 17.8565 18.3608 17.6428 29.0075 21.5616 20.7582 18.245 30.4113 27.3478 22.8964 23.4489 26.5375 19.2316 30.3859 32.6912 27.465 23.8479 31.9488 35.4931 31.5638 35.5201 31.3614 30.1885 28.5512 23.7558 23.6263
threshold=0.049932685104698005 9.0833627835971189 -8.8497678593665654 0.11865000054240228 0.73224760635004538 5.8716494002295105 5277.5000000000009 -0.86485363565544826 5663.7250976562509 5272.5000000000009 520.00000000000011 30.877772543786552 -41.104371891283463 0.020549997687339786 -0.33998699237794322 -0.78402387783007688 538.14999389648449 1626.5000000000002 0.48343222797141228 0.03219998627901078 27.640730890932378 -29.265774333331429 47.422748565673835 10.811375607369552 2211.5000000000005 6387.5000000000009 6262.5000000000009 6202.5000000000009 924.50000000000011 591.63000488281261
decision_type=2 2 2 2 2 2 2 2 2 2 2 2 2 2 2 2 2 2 2 2 2 2 2 2 2 2 2 2 2 2
left_child=1 2 6 -4 -3 -6 -1 8 -8 -9 13 16 -13 14 15 -11 17 18 19 -12 21 22 -18 24 -24 -23 27 28 -22 -19
right_child=-2 4 3 -5 5 -7 7 9 -10 10 11 12 -14 -15 -16 -17 20 29 -20 -21 26 25 23 -25 -26 -27 -28 -29 -30 -31
leaf_value=-0.0024745936999784699 -0.00015890371678012522 -0.0022949668681820374 0.015215497786881572 -0.001230694684722244 0.0052468830714766483 -0.0030142842786298014 -0.00040977097718924662 0.021347193774045377 0.022147195264936099 0.013045535151526906 0.0058318294713499419 0.011455975649086687 -0.0025043038270325963 -0.0049426880045002966 0.015854053155095468 -0.0017106879447318492 -0.00047155517615598999 -0.0009368614694608389 -0.00096131425055172206 -0.0018797427576948342 0.016896975241771899 0.0040072897864930224 0.0077250215621771133 0.013476310709457599 -0.0048370601042978653 -0.0011620498284556514 -0.0010221925872947388 0.022936758099664206 -0.0020263041511890969 -0.0016946631938303586
leaf_weight=76 66 122 89 86 90 133 102 61 121 73 947 305 102 191 89 422 619 276 851 107 104 305 545 223 107 904 1530 66 260 380
leaf_count=76 66 122 89 86 90 133 102 61 121 73 947 305 102 191 89 422 619 276 851 107 104 305 545 223 107 904 1530 66 260 380
internal_value=-0.00206476 -0.00189861 -0.00158451 0.0130278 -0.0099 -0.00383772 -0.00188348 -0.00173088 0.0105921 -0.0020615 -0.00221377 -0.00169133 0.00756068 -0.0073141 -0.00380306 -0.00679 -0.00221746 -0.00465121 -0.00240052 0.0017186 -0.000877249 0.00125369 0.00466978 0.0091875 0.0052207 -0.00296952 -0.0038117 0.00434483 0.000379404 -0.0111195
internal_weight=9352 9286 8941 175 345 223 8766 8690 223 8467 8406 7631 407 775 584 495 7224 2561 1905 1054 4663 2703 1494 875 652 1209 1960 430 364 656
internal_count=9352 9286 8941 175 345 223 8766 8690 223 8467 8406 7631 407 775 584 495 7224 2561 1905 1054 4663 2703 1494 875 652 1209 1960 430 364 656
is_linear=0
shrinkage=0.035


Tree=62
num_leaves=31
num_cat=0
split_feature=185 6 8 104 257 115 193 115 219 173 271 213 191 49 6 160 60 27 104 92 27 242 60 71 223 175 82 261 41 158
split_gain=27.0179 21.3965 25.5245 22.99 21.1178 22.6146 19.0915 18.3199 23.6838 20.3503 18.7468 20.0627 25.5611 28.0823 18.9963 28.5514 28.0358 26.8022 24.6476 23.4816 21.6619 30.5426 26.3573 21.6827 21.3356 23.6359 19.3844 17.4786 20.0949 17.3241
threshold=0.049932685104698005 18.482852338428284 -10.305289282245992 429.50000000000006 8.3200406143975574 2159.5000000000005 0.79463604178665681 4891.5000000000009 -12.463308780174815 0.96576793063234112 6.0423921898841497 8.7288296204513003 0.35007499903440481 1051.0000000000002 -27.187692569950602 0.015899997204542164 253.00000000000003 1612.5000000000002 191.00000000000003 38.873098373413093 2588.0000000000005 21.451201491393459 806.50000000000011 3412.0000000000005 15.216444503955687 0.023534568651999002 2383.5000000000005 517.63000488281261 6382.5000000000009 0.0021999999880790715
decision_type=2 2 2 2 2 2 2 2 2 2 2 2 2 2 2 2 2 2 2 2 2 2 2 2 2 2 2 2 2 2
left_child=1 2 7 4 5 -3 -4 9 -9 10 29 -12 14 -14 17 -16 -17 24 -18 -20 22 -22 -21 -23 25 26 -13 -19 -29 -1
right_child=-2 3 6 -5 -6 -7 -8 8 -10 -11 11 12 13 -15 15 16 18 27 19 20 21 23 -24 -25 -26 -27 -28 28 -30 -31
leaf_value=-0.00030992739690198837 -0.00015334208669282091 -0.00068027929899409955 0.011225105450436068 -0.0023572154221719491 -0.0022419564740011012 0.023776355547991457 -0.00011729814551469314 -0.00074968506729560739 -0.0020960191566506037 0.0067534324969798099 -0.0026344707816948832 0.0032815937786679333 0.0019709714606517001 0.01698813779869153 -0.0015555903986740301 -0.0014873071756006941 0.013367026338784171 0.024978196486474449 0.022098598080983124 -0.0030282009884420092 -0.0012986372463669861 0.015132148582079334 0.0010375260587447018 -0.00016199165440458131 -0.0011424586306045016 0.014323627004548279 -0.0038276224504132832 -0.002131727773944758 -0.0007640625647779304 -0.0011410141377420769
leaf_weight=1897 66 120 118 249 120 74 112 259 98 192 153 281 386 158 224 156 107 64 152 202 86 282 640 107 547 240 75 389 410 1388
leaf_count=1897 66 120 118 249 120 74 112 259 98 192 153 281 386 158 224 156 107 64 152 202 86 282 640 107 547 240 75 389 410 1388
internal_value=-0.00214706 -0.00198149 -0.0015519 -0.00856514 -0.00219436 0.00492462 0.00982979 -0.00186573 -0.00957182 -0.00152193 -0.00179645 -0.00036771 6.20705e-05 0.00714026 -0.00091757 0.00153493 0.00306275 -0.00330681 0.00447185 0.00325305 0.00172088 0.00765625 -0.00165289 0.0118147 0.000213415 0.00477537 -0.000969529 -0.00794355 -0.00935945 -0.00381915
internal_weight=9352 9286 8723 563 314 194 230 8493 357 8136 7944 4659 4506 544 3962 1956 1732 2006 1576 1469 1317 475 842 389 1143 596 356 863 799 3285
internal_count=9352 9286 8723 563 314 194 230 8493 357 8136 7944 4659 4506 544 3962 1956 1732 2006 1576 1469 1317 475 842 389 1143 596 356 863 799 3285
is_linear=0
shrinkage=0.035


Tree=63
num_leaves=31
num_cat=0
split_feature=185 6 8 115 270 104 256 13 150 2 258 93 261 270 56 115 19 13 19 260 261 63 55 49 27 169 261 270 221 28
split_gain=27.0747 19.1988 24.469 38.9887 28.181 20.383 19.3327 46.6725 41.1331 29.9712 58.3985 24.2657 31.6521 44.1586 33.9359 33.356 27.4592 29.4298 26.6238 25.0827 24.9481 22.2174 36.7054 33.4904 30.5929 25.7731 25.5068 33.5009 23.8694 21.3725
threshold=0.049932685104698005 18.482852338428284 -14.275693319864338 1532.5000000000002 35.641478859839147 429.50000000000006 28.028400698666989 31.619646453654671 0.052499998360872276 6022.8251953125009 0.013400010764598848 805.50000000000011 575.14501953125011 51.762206567195811 3.7773220204980245 1429.5000000000002 6752.5000000000009 51.287012911327089 6772.5000000000009 -0.21055597141129809 554.82498168945324 5772.5000000000009 0.31945000588893896 1051.0000000000002 156.00000000000003 12.358375159559557 562.30999755859386 90.593482404216658 136.11413562589195 162.50000000000003
decision_type=2 2 2 2 2 2 2 2 2 2 2 2 2 2 2 2 2 2 2 2 2 2 2 2 2 2 2 2 2 2
left_child=1 2 6 -4 -5 -3 9 8 29 10 -1 18 19 14 -14 -15 17 -17 21 -13 -21 22 -9 25 -23 -24 28 -28 -26 -8
right_child=-2 5 3 4 -6 -7 7 11 -10 -11 -12 12 13 15 -16 16 -18 -19 -20 20 -22 24 23 -25 26 -27 27 -29 -30 -31
leaf_value=-0.002429246046166168 -0.0001479751136585722 -0.00024436742207238491 -0.0049354579709197819 -0.0040498938963714464 0.010551767184976664 -0.0022747128823959314 0.015068375050367405 -0.0025974111222248648 -0.003378765557681883 -0.00087101061453953056 0.017372008880517528 0.012135497563290566 0.0059587095210725362 0.012702078607973073 -0.0030636024380367361 0.0097933268440435518 -0.0013001032798504054 -0.0046589368956929129 -0.0026996064475095301 -0.0010326961924864088 -0.001966889450637751 0.017773704061641877 -0.0018596290343796942 0.01335302244000499 0.013269691970245988 0.011466587075895649 -0.0025344433383362804 0.012526630257466179 -0.0063465858642653894 0.0057125618812997499
leaf_weight=64 66 314 74 87 221 249 202 195 97 1636 78 151 123 231 270 170 155 66 89 1984 465 80 398 177 838 191 229 108 114 230
leaf_count=64 66 314 74 87 221 249 202 195 97 1636 78 151 123 231 270 170 155 66 89 1984 465 80 398 177 838 191 229 108 114 230
internal_value=-0.00212461 -0.00195888 -0.0015519 0.00705426 0.012524 -0.00819542 -0.00195004 -0.0010711 0.00884831 -0.00518228 0.01 -0.00194734 -0.00376105 0.00147549 -0.00765075 0.00725678 0.000972222 0.00842324 0.000765264 -0.00580422 -0.00666055 0.00149893 -0.00257246 0.000907912 0.0043559 -0.0031229 0.00300232 -0.0052193 0.00592476 0.0134554
internal_weight=9352 9286 8723 382 308 563 8341 6563 529 1778 142 6034 3615 1015 393 622 391 236 2419 2600 2449 2330 961 766 1369 589 1289 337 952 432
internal_count=9352 9286 8723 382 308 563 8341 6563 529 1778 142 6034 3615 1015 393 622 391 236 2419 2600 2449 2330 961 766 1369 589 1289 337 952 432
is_linear=0
shrinkage=0.035


Tree=64
num_leaves=31
num_cat=0
split_feature=185 219 8 22 271 150 260 19 63 93 214 103 8 126 121 39 93 232 157 27 104 261 104 220 255 104 274 266 212 195
split_gain=27.2074 17.1106 25.9027 26.3404 16.2932 18.6616 24.8005 34.4378 31.9037 21.3686 21.4592 20.7898 20.7063 23.128 23.6758 19.6513 19.6287 16.9061 16.2458 17.0686 20.0324 21.0682 15.7414 26.6357 15.6556 15.145 23.7855 16.8228 17.8403 16.9161
threshold=0.049932685104698005 9.0833627835971189 -10.305289282245992 0.1163500025868416 6.0963333923499894 0.034300003200769431 -0.53379231936173399 5742.5000000000009 5577.5000000000009 3961.5000000000005 0.040400005877017982 36.132999420166023 -121.90884006739832 2081.5000000000005 0.34399999678134924 137.50000000000003 4974.0000000000009 1.832173772166046 0.0039096386384152139 3999.5000000000005 850.50000000000011 609.43499755859386 1316.5000000000002 8.4149240943854586 -0.69251693832705896 191.00000000000003 0.63835164950863688 -0.8170811191821058 6.9740109652725932 0.01273646107734447
decision_type=2 2 2 2 2 2 2 2 2 2 2 2 2 2 2 2 2 2 2 2 2 2 2 2 2 2 2 2 2 2
left_child=1 2 4 -4 18 6 7 8 -6 10 22 -7 13 14 -13 25 17 -17 -1 -20 21 -21 23 -8 -25 26 -14 28 -27 -29
right_child=-2 -3 3 -5 5 11 9 -9 -10 -11 -12 12 15 -15 -16 16 -18 -19 19 20 -22 -23 -24 24 -26 27 -28 29 -30 -31
leaf_value=-0.00032227950919720753 -0.00014279598468052297 -0.0014317883940456722 0.012791360773465326 1.1568716729189119e-05 0.0085830537401404162 0.014427152942000119 0.00075280204992259634 0.016923647005343795 -0.0024136685175392323 0.0095652248593790009 0.0031086422950065678 -0.0033616087217502601 0.017854596992780095 0.013997803319200688 0.01106538037529995 0.010523949009275058 -0.0020850543819419228 -0.00073315994376342293 -0.0012827861433441913 -0.0020117787647237935 0.018785793288380117 0.0067249964623382367 -0.0020748171544226562 0.0067427248418551388 -0.0020266319303478076 0.0023246652470653504 0.00064904030024289633 7.9302992132927755e-05 -0.0025260668057119455 0.0098714611576024482
leaf_weight=2105 66 345 95 142 97 243 116 167 116 107 135 282 100 99 120 78 69 705 1339 104 64 62 324 68 457 252 125 604 264 502
leaf_count=2105 66 345 95 142 97 243 116 167 116 107 135 282 100 99 120 78 69 705 1339 104 64 62 324 68 457 252 125 604 264 502
internal_value=-0.00207225 -0.00190615 -0.00160798 0.00969008 -0.001921 -0.000625621 -0.00375942 0.004 -0.00529817 -0.00620875 -0.00766516 0.000822216 6.55226e-05 -0.00643281 -0.0101474 0.00128143 -0.00310385 -0.00146574 -0.00369122 -0.00638183 0.00238298 -0.00409357 -0.00948969 -0.00623065 -0.00957547 0.00330724 0.0117174 0.00210817 -0.00309021 0.00453645
internal_weight=9352 9286 8941 237 8704 5030 1587 380 213 1207 1100 3443 3200 501 402 2699 852 783 3674 1569 230 166 965 641 525 1847 225 1622 516 1106
internal_count=9352 9286 8941 237 8704 5030 1587 380 213 1207 1100 3443 3200 501 402 2699 852 783 3674 1569 230 166 965 641 525 1847 225 1622 516 1106
is_linear=0
shrinkage=0.035


Tree=65
num_leaves=31
num_cat=0
split_feature=185 19 211 85 2 49 71 13 129 261 93 60 270 258 114 23 288 271 11 46 160 131 175 160 148 115 143 78 273 60
split_gain=27.0558 17.4528 27.1763 20.8838 18.8472 16.8785 24.1754 25.867 22.2847 22.1045 44.8849 28.9476 25.6011 21.9873 22.4707 24.6734 21.5514 23.1118 19.7949 21.5656 19.6017 16.9832 18.3078 17.3886 16.8031 16.7923 18.215 23.4466 22.6524 20.9366
threshold=0.049932685104698005 5277.5000000000009 -0.86485363565544826 5272.5000000000009 5663.7250976562509 520.00000000000011 961.00000000000011 26.115625463734407 6672.5000000000009 538.14999389648449 538.50000000000011 1634.0000000000002 37.956391069358538 0.020549997687339786 41.654699325561531 3.6587817138810848 1.0000000180025095e-35 15.899067284748485 42.316430961117128 0.023856949522870975 0.026549994945526127 0.79884999990463268 0.025076352132274733 0.060149997472763068 1549.5000000000002 1585.0000000000002 0.33029998838901525 17.195781927079981 0.065740715806138397 884.00000000000011
decision_type=2 2 2 2 2 2 2 2 2 2 2 2 2 2 2 2 2 2 2 2 2 2 2 2 2 2 2 2 2 2
left_child=1 -1 4 -4 -3 13 7 -7 25 10 -8 12 20 14 18 -16 17 -14 -5 -20 -12 23 -23 -11 -17 26 27 28 -9 -28
right_child=-2 2 3 5 -6 6 9 8 -10 21 11 -13 16 -15 15 24 -18 -19 19 -21 -22 22 -24 -25 -26 -27 29 -29 -30 -31
leaf_value=-0.0024774065690046114 -0.00013779812521670434 -0.00027274910696162172 0.020144659137223388 -0.0034565856995119526 0.021147540902652123 0.018880430224347468 0.016770910759175004 0.0076711116773947371 -0.0011609989320647996 -0.00058541576882771378 -0.0027716503987235907 -0.001877772085005963 -0.0010068183601588177 -0.0050591868611098521 0.015524840071414241 0.0011526344216257409 -0.0026114695452120421 0.017125098144484617 -0.0037437706967655558 0.0033402993982879392 0.013234416429673487 -0.00042198270849702683 0.00071093327990444941 -0.0043008671604944362 -0.0027068839131761725 0.016711936865631993 -0.00086715087630471956 -0.0064801501446467256 -0.0012223139005652418 0.014245953567000692
leaf_weight=76 66 103 61 88 121 66 151 542 97 1936 61 394 1084 194 85 137 179 88 66 126 95 991 1451 84 85 122 158 80 387 178
leaf_count=76 66 103 61 88 121 66 151 542 97 1936 61 394 1084 194 85 137 179 88 66 126 95 991 1451 84 85 122 158 80 387 178
internal_value=-0.00213209 -0.00196642 -0.00182311 -0.00212546 0.0100873 -0.00226932 -0.00179531 0.00201223 0.00107075 -0.00274889 -0.00575109 -0.00721668 -0.00497685 -0.00716921 -0.00372466 0.00280449 -0.00653024 -0.00475786 -0.010807 -0.00426396 0.00826087 -0.00136333 0.000600736 -0.00373333 -0.00339207 0.00216372 0.00101111 -0.00134615 0.000262313 0.00800587
internal_weight=9352 9286 9210 8986 224 8925 8144 1630 1564 6514 2052 1901 1507 781 587 307 1351 1172 280 192 156 4462 2442 2020 222 1467 1345 1009 929 336
internal_count=9352 9286 9210 8986 224 8925 8144 1630 1564 6514 2052 1901 1507 781 587 307 1351 1172 280 192 156 4462 2442 2020 222 1467 1345 1009 929 336
is_linear=0
shrinkage=0.035


Tree=66
num_leaves=31
num_cat=0
split_feature=165 6 8 256 13 258 27 27 115 82 126 17 214 38 126 163 287 211 2 25 2 2 104 31 93 27 34 13 13 49
split_gain=26.29 19.7265 24.9194 20.2062 45.3919 37.049 32.1078 57.4398 23.85 22.8548 32.6468 26.5062 29.9874 34.5442 22.4612 22.1845 21.8501 20.9074 22.088 20.917 20.7784 31.9674 24.467 21.0807 23.908 33.355 19.459 23.6411 37.3705 23.9302
threshold=0.074141101598512879 18.482852338428284 -10.305289282245992 28.028400698666989 31.619646453654671 0.021200016140937809 979.50000000000011 1328.0000000000002 4267.5000000000009 1256.5000000000002 1757.5000000000002 21.14366955808023 0.014000002294778826 2611.5000000000005 1280.5000000000002 0.57704116765405344 1.0000000180025095e-35 -0.83874271863791938 5663.7250976562509 -6.7983372041735697 6655.4099121093759 6614.2299804687509 383.00000000000006 -32.485147807216883 2779.5000000000005 2560.5000000000005 5.5893418113139033 57.469320136954025 49.174312849165986 1543.0000000000002
decision_type=2 2 2 2 2 2 2 2 2 2 2 2 2 2 2 2 2 2 2 2 2 2 2 2 2 2 2 2 2 2
left_child=1 2 3 6 5 14 -1 -8 9 10 11 12 -6 -14 -5 -13 -10 18 -11 26 21 23 -22 24 25 -9 27 28 -19 -29
right_child=-2 -3 -4 4 8 -7 7 20 16 17 -12 15 13 -15 -16 -17 -18 19 -20 -21 22 -23 -24 -25 -26 -27 -28 29 -30 -31
leaf_value=-0.0023525049839059555 -0.00013297519083412009 -0.0011908351540070117 0.0046070067852404684 0.01201669220680026 -0.0014808089416100041 -0.0030521150940089809 0.015052764946940867 -0.00052162294645964038 -0.0018126240313056439 -0.0011015418816898719 0.011839137104664567 0.013043530156306318 -0.00048763391625279267 0.015842627972142549 -0.0050188735760085396 -0.001618487219224068 0.00021324039835809495 -0.00092369369645133547 0.015854256874443161 -0.0043382154995928804 0.0013409257277017411 0.010937791330053548 -0.0025873068760427463 -0.0013818147678930099 -0.00084570493423620778 0.011903215948472925 0.005215933151045524 -0.0032470270135509984 0.014100861747847736 -6.9984781879820491e-05
leaf_weight=79 65 567 229 347 432 155 124 254 218 78 295 247 2136 207 60 94 115 749 107 125 83 114 250 522 208 220 292 527 244 209
leaf_count=79 65 567 229 347 432 155 124 254 218 78 295 247 2136 207 60 94 115 749 107 125 83 114 250 522 208 220 292 527 244 209
internal_value=-0.00212461 -0.00196244 -0.00154842 -0.00185793 -0.000953779 0.00851852 -0.00508338 -0.00407022 -0.00183635 -0.00130329 0.000522541 -0.000538289 -0.00167446 -0.000104344 0.014017 0.00859827 -0.0108728 -0.00397046 0.00718421 -0.00494654 -0.0058122 -0.00380952 -0.0135651 -0.00550041 -0.00142649 0.00292276 -0.00405972 -0.00547001 -0.00192886 -0.0102024
internal_weight=9352 9287 8720 8491 6637 562 1854 1775 6075 5742 3411 3116 2775 2343 407 341 333 2331 185 2146 1651 1318 333 1204 682 474 2021 1729 993 736
internal_count=9352 9287 8720 8491 6637 562 1854 1775 6075 5742 3411 3116 2775 2343 407 341 333 2331 185 2146 1651 1318 333 1204 682 474 2021 1729 993 736
is_linear=0
shrinkage=0.035


Tree=67
num_leaves=31
num_cat=0
split_feature=165 163 48 150 225 136 129 93 209 114 13 153 205 221 39 272 271 173 173 82 148 49 148 259 185 54 225 41 52 13
split_gain=26.1605 14.906 25.7465 16.5311 34.7235 20.3919 20.371 31.8658 23.851 20.5796 20.1473 29.7325 19.7689 18.9114 22.0769 19.1687 16.6856 19.4601 23.859 26.8587 28.7011 21.3952 19.2581 16.4272 27.2161 18.2626 16.2421 15.6669 25.6798 15.5187
threshold=0.074141101598512879 -0.92771085342670701 34.361549377441413 0.034300003200769431 0.30786105731382646 43.592250823974616 6417.5000000000009 2525.5000000000005 11.46814772044751 50.657848358154304 19.854347031450647 0.23195537694531734 0.017553607487671777 25.314500655202099 36.500000000000007 0.011199999600648882 5.8847728332580171 0.8732651012866165 0.69138356732367112 1096.5000000000002 732.50000000000011 1606.0000000000002 268.00000000000006 0.19728608078339557 0.027374510911515822 0.2193500027060509 0.034716804759909362 6672.5000000000009 6667.5000000000009 82.962557768501526
decision_type=2 2 2 2 2 2 2 2 2 2 2 2 2 2 2 2 2 2 2 2 2 2 2 2 2 2 2 2 2 2
left_child=1 2 -1 4 5 6 8 -8 13 -9 11 -5 -6 29 -15 -16 17 18 19 20 21 22 -12 25 -25 -18 -19 -27 -29 -3
right_child=-2 3 -4 10 12 -7 7 9 -10 -11 16 -13 -14 14 15 -17 23 26 -20 -21 -22 -23 -24 24 -26 27 -28 28 -30 -31
leaf_value=-0.0035932834421408513 -0.00012832105915492638 4.4810270507978925e-05 0.015036663449538948 0.021912268729714818 -0.0006624886654116813 -0.0024667971853001612 -0.00036042613159804394 0.016477601793909363 -0.0024258498027483638 -0.0014203635021490387 0.013615687043570707 -0.00034673749215567571 -0.0028924083345481773 -0.0022526121649731295 -0.0010944530790627024 0.00146525743557391 -0.0036130522229773712 -0.001630060333023839 -0.0020426111633110164 -0.0013145358541323583 0.010460396147384317 -0.0012918640086369794 -0.00040972260118262663 -0.00096420180965511837 0.018816315240738079 0.0035636633652286502 0.0029188248375034056 -0.0041022116083809877 -3.8611448674835404e-05 0.016379492563557984
leaf_weight=69 65 252 119 103 118 92 463 249 418 61 110 133 209 111 253 530 69 64 367 992 189 327 179 1014 65 1981 265 68 335 82
leaf_count=69 65 252 119 103 118 92 463 249 418 61 110 133 209 111 253 530 69 64 367 992 189 327 179 1014 65 1981 265 68 335 82
internal_value=-0.00217698 -0.00201517 0.00761658 -0.00221826 -0.00443194 -0.00301868 -0.00238243 0.00229434 -0.00457904 0.0108889 -0.0012121 0.00871369 -0.0150753 -0.00210057 -0.00474972 -0.00262056 -0.00160779 -0.00379704 -0.00500231 -0.00332131 0.00142593 -0.00225443 0.00464286 -5.93723e-05 -0.00364852 0.0015236 0.00408683 0.00205107 -0.00420343 0.00495575
internal_weight=9352 9287 188 9099 2838 2511 2419 773 1646 310 6261 236 327 1228 894 783 6025 2493 2164 1797 805 616 289 3532 1079 2453 329 2384 403 334
internal_count=9352 9287 188 9099 2838 2511 2419 773 1646 310 6261 236 327 1228 894 783 6025 2493 2164 1797 805 616 289 3532 1079 2453 329 2384 403 334
is_linear=0
shrinkage=0.035


Tree=68
num_leaves=31
num_cat=0
split_feature=165 19 211 85 2 160 205 41 115 60 210 12 274 159 71 148 225 60 150 148 8 30 270 258 258 28 126 272 288 126
split_gain=25.939 17.1515 27.8182 21.1885 16.6144 15.418 19.0139 18.0671 28.5952 17.0864 23.2615 19.0633 26.7088 16.6091 16.0983 19.0479 20.0587 26.8208 22.6236 30.1505 28.7558 24.2055 47.4926 24.9745 21.3264 21.1536 26.8509 23.8855 21.0604 20.5608
threshold=0.074141101598512879 5277.5000000000009 -0.86485363565544826 5272.5000000000009 5663.7250976562509 0.01239999756217003 0.012598287420888549 6597.5000000000009 1532.5000000000002 2211.5000000000005 -0.25989469243769131 6.929732948236901 -0.24529298303264224 14.216769164468907 395.00000000000006 643.50000000000011 0.32903255247325869 902.50000000000011 0.050549998879432685 217.50000000000003 -25.722914765009453 6627.5000000000009 65.041396467311202 0.03185000270605088 0.016599994152784351 251.50000000000003 310.50000000000006 0.021449998021125797 1.0000000180025095e-35 57.500000000000007
decision_type=2 2 2 2 2 2 2 2 2 2 2 2 2 2 2 2 2 2 2 2 2 2 2 2 2 2 2 2 2 2
left_child=1 -1 4 -4 -3 6 -5 -8 -9 14 -11 12 -12 -13 -7 16 18 -18 19 25 21 29 23 -23 -19 26 27 -16 -28 -20
right_child=-2 2 3 5 -6 9 7 8 -10 10 11 13 -14 -15 15 -17 17 24 20 -21 -22 22 -24 -25 -26 -27 28 -29 -30 -31
leaf_value=-0.0026702889865405401 -0.00012382982208450328 -0.00021294293472939486 0.019026439556895102 0.0006779144608964761 0.019541984247752133 -0.0026509911846901916 -0.0018430624172595415 -0.0013961105855511569 0.019450664497593143 0.013719690472467261 0.00059292788616510889 0.0034271236612086176 -0.0018890697107067612 -0.0022083478000850211 -0.00048038224398593623 0.0012459661494855802 -0.0029006965605816669 -0.0011041520448583371 0.011306076058963273 -0.00057229995464916556 -0.0017205055959390743 0.009222732783987336 0.012756805963890099 -0.0034206930922529109 0.019788270815421911 -0.0012638953421290219 0.010948864749753809 0.0044884134781209882 -0.00037926390652235302 -0.0010801831404057172
leaf_weight=76 65 103 61 202 121 349 631 77 93 112 191 299 596 185 323 1935 234 91 114 874 358 100 136 95 86 301 275 225 60 984
leaf_count=76 65 103 61 202 121 349 631 77 93 112 191 299 596 185 323 1935 234 91 114 874 358 100 136 95 86 301 275 225 60 984
internal_value=-0.00226675 -0.00210557 -0.00196343 -0.00226924 0.0100873 -0.00241406 -0.00649306 -0.00890199 0.0012 -0.00189392 -0.00542147 -0.00677508 -0.0101199 -0.00128834 -0.00114439 -0.000728696 -0.00203708 -0.00933894 -0.00124545 0.00125545 -0.00412109 -0.00187936 0.00635417 -0.004725 0.000961538 0.00488646 0.00760698 0.00278481 0.0153382 -0.00437897
internal_weight=9352 9287 9211 8987 224 8926 1003 801 170 7923 1383 1271 787 484 6540 6191 4256 411 3845 2058 1787 1429 331 195 177 1184 883 548 335 1098
internal_count=9352 9287 9211 8987 224 8926 1003 801 170 7923 1383 1271 787 484 6540 6191 4256 411 3845 2058 1787 1429 331 195 177 1184 883 548 335 1098
is_linear=0
shrinkage=0.035


Tree=69
num_leaves=31
num_cat=0
split_feature=185 6 8 104 115 19 163 85 270 270 221 110 137 257 115 154 211 4 271 213 214 150 12 170 193 43 22 137 211 247
split_gain=24.3986 18.5073 21.5096 20.383 18.5892 18.7056 24.5572 21.9192 18.5898 18.7351 31.2483 27.8836 20.5309 17.1286 19.4067 15.7565 18.2537 15.5643 22.9535 18.8949 17.821 21.5411 28.6412 20.3431 19.7395 17.4698 17.421 20.9566 20.8324 20.7315
threshold=0.049932685104698005 18.482852338428284 -8.8497678593665654 429.50000000000006 3692.0000000000005 5277.5000000000009 -0.92771085342670701 5272.5000000000009 30.595897028162039 58.722640062225132 20.898725555573712 0.1730499938130379 1114.0000000000002 8.3200406143975574 2159.5000000000005 -0.042553201200325623 -0.78213136157964502 -17.669263346540721 15.899067284748485 9.1380384587763022 0.012849997729063036 0.078749999403953566 9.7696288982634751 0.021599996834993366 -0.37647652841744877 0.23564999550580981 0.30484999716281896 382.50000000000006 -0.22305139413357242 624.72497558593761
decision_type=2 2 2 2 2 2 2 2 2 2 2 2 2 2 2 2 2 2 2 2 2 2 2 2 2 2 2 2 2 2
left_child=1 2 4 13 5 -1 -7 -8 -6 10 -10 -11 -13 14 -3 16 -9 20 19 -19 -18 23 -23 25 -25 -22 27 -21 -29 -30
right_child=-2 3 -4 -5 8 6 7 15 9 11 -12 12 -14 -15 -16 -17 17 18 -20 26 21 22 -24 24 -26 -27 -28 28 29 -31
leaf_value=-0.0025768288720116211 -0.00011949577831154663 -0.00076003144398810679 0.0085831575896395205 -0.0020732571737308528 0.0066531565617459166 0.013826410780133759 0.018666009652215085 0.010626438711369228 0.013058060976578066 0.017364079670591566 -0.0016311480981711602 0.0045517297709078385 -0.0029665262819758595 -0.0019632226296624248 0.02264838175552792 -0.0010458819342282677 -0.0020950821575374842 -0.003048286509969808 0.010974791527155015 -0.0029913450299328954 -0.0014425108667893835 -0.0035021780055098923 0.011037953073838097 0.017132225228569591 5.2594827939752013e-05 -5.9521513124015664e-05 0.0095493682151730538 0.013489014043205506 -0.00070356799367022227 0.00086289284609960193
leaf_weight=76 66 120 175 249 98 159 61 132 69 82 333 70 101 120 74 1562 192 173 252 330 424 195 91 141 286 938 182 112 1195 1294
leaf_count=76 66 120 175 249 98 159 61 132 69 82 333 70 101 120 74 1562 192 173 252 330 424 195 91 141 286 938 182 112 1195 1294
internal_value=-0.00222935 -0.0020719 -0.0016722 -0.00819542 -0.0019233 -0.00141346 -0.00123705 -0.00152677 -0.00715699 -0.0092803 -0.0139312 -0.00176357 -0.00974432 -0.00219436 0.00422111 -0.00170243 -0.000877651 -0.0011747 0.000276602 -0.000510483 -0.0034353 -0.00247356 -0.0113058 -0.001034 0.00559028 -0.00312363 0.000123477 -0.000536444 0.000523791 -0.00015437
internal_weight=9352 9286 8723 563 8548 7795 7719 7560 753 655 402 253 171 314 194 7499 5937 5805 3538 3286 2267 2075 286 1789 427 1362 3113 2931 2601 2489
internal_count=9352 9286 8723 563 8548 7795 7719 7560 753 655 402 253 171 314 194 7499 5937 5805 3538 3286 2267 2075 286 1789 427 1362 3113 2931 2601 2489
is_linear=0
shrinkage=0.035


Tree=70
num_leaves=31
num_cat=0
split_feature=165 19 211 96 154 183 260 13 254 163 232 107 261 2 270 22 9 19 150 260 193 181 163 12 169 271 261 213 54 27
split_gain=26.142 17.3306 26.0506 20.9903 17.7299 13.1502 27.5999 31.0014 29.8497 25.1354 22.7496 21.8826 25.435 30.1703 22.7527 20.8815 34.4847 26.2959 25.1947 22.1809 28.7293 21.9418 19.288 16.9086 16.3841 20.4978 19.7421 18.8752 17.4926 17.1159
threshold=0.074141101598512879 5277.5000000000009 -0.86485363565544826 5272.5000000000009 0.026315796074750257 0.85358983167205749 0.86274183307409213 25.049403189472638 2.8315144350055115 0.85844040002619237 16.875529802733439 6837.5000000000009 616.82498168945324 6742.2548828125009 58.428970347216769 0.11924999952316286 35.805629771476568 6457.5000000000009 0.036749999970197685 0.3956339173585503 0.44702769513707546 0.11327500082552434 0.65010636134038779 8.7644941943802568 13.242179012423117 16.401603408197602 544.95501708984386 9.6343327841628863 0.24544999748468402 2863.0000000000005
decision_type=2 2 2 2 2 2 2 2 2 2 2 2 2 2 2 2 2 2 2 2 2 2 2 2 2 2 2 2 2 2
left_child=1 -1 4 -4 -3 9 7 -7 -8 11 22 12 13 15 -15 16 17 18 21 20 -19 -5 -9 -11 -17 26 27 28 -26 -28
right_child=-2 2 3 5 -6 6 8 10 -10 23 -12 -13 -14 14 -16 24 -18 19 -20 -21 -22 -23 -24 -25 25 -27 29 -29 -30 -31
leaf_value=-0.0024866398614912149 -0.00011531342607064233 0.015253024052632031 0.017707203834576243 0.0041407278705836922 -0.0010115757267112175 -0.00098010291963483492 0.00012475698956747691 0.013087073702648357 -0.0026534214139862407 -0.0011448957086402662 -0.0020808571654242487 -0.0028667975660598751 0.0093273834317275442 -0.0036085240138946247 -0.00036849799626631431 -0.00019467961242618351 0.0089789736316109245 -0.0012831015970940832 0.017103147214553908 -0.0034904892783932419 0.0090482063532141069 -0.0014254131333076249 0.0046207033234506468 -0.0058356581091336106 -0.0019361506020711679 0.0072194700568973197 -0.00099425408903293768 -0.001349600255440201 0.0014525407649786529 0.0030884288756815336
leaf_weight=76 65 149 61 80 75 104 208 107 165 197 89 118 205 101 155 2166 342 272 72 71 96 105 368 83 269 257 1478 1004 319 495
leaf_count=76 65 149 61 80 75 104 208 107 165 197 89 118 205 101 155 2166 342 272 72 71 96 105 368 83 269 257 1478 1004 319 495
internal_value=-0.00218446 -0.00202271 -0.00187988 -0.00217582 0.00978166 -0.00232001 0.00137189 0.00561664 -0.0062037 -0.00280798 0.00885764 -0.00242378 -0.00218166 -0.00252642 -0.0142146 -0.00209074 0.00248322 -0.00199715 0.00681298 -0.00717342 -0.00356568 -0.000184211 0.0118854 -0.0130175 -0.00288503 -0.00426182 -0.00495098 -0.00784596 -0.00283305 -0.00260111
internal_weight=9352 9287 9211 8987 224 8926 1041 668 373 7885 564 7605 7487 7282 256 7026 1038 696 257 439 368 185 475 280 5988 3822 3565 1592 588 1973
internal_count=9352 9287 9211 8987 224 8926 1041 668 373 7885 564 7605 7487 7282 256 7026 1038 696 257 439 368 185 475 280 5988 3822 3565 1592 588 1973
is_linear=0
shrinkage=0.035


Tree=71
num_leaves=31
num_cat=0
split_feature=165 6 8 115 104 82 13 104 82 11 137 71 17 129 8 71 203 68 129 163 148 150 148 189 8 8 256 20 143 148
split_gain=25.9943 18.2316 19.582 19.2486 18.534 17.3908 30.8698 23.1694 23.6614 21.2924 21.1148 22.9734 21.0929 22.8532 28.4429 36.556 32.5579 23.7351 23.3126 23.0787 23.0159 29.763 27.7089 24.6964 22.4694 35.3431 29.0314 28.3611 23.3206 22.9355
threshold=0.074141101598512879 18.482852338428284 -8.8497678593665654 3692.0000000000005 429.50000000000006 1308.0000000000002 22.04783541884937 2940.0000000000005 1589.0000000000002 38.89030303051706 810.00000000000011 1898.5000000000002 21.14366955808023 6222.5000000000009 -70.478485011556771 3010.0000000000005 -0.40446060897512859 0.028037946685941343 6592.5000000000009 0.90640494415233108 566.50000000000011 0.02529999986290932 30.500000000000004 13.855389698170244 -121.90884006739832 -73.619144085211715 27.039492183891927 28.439948846971102 0.17574999481439593 264.50000000000006
decision_type=2 2 2 2 2 2 2 2 2 2 2 2 2 2 2 2 2 2 2 2 2 2 2 2 2 2 2 2 2 2
left_child=1 2 3 5 -3 6 9 8 -7 -1 11 -9 13 20 16 19 18 -17 -15 -16 21 -8 -23 -22 -24 29 27 -27 -28 -26
right_child=-2 4 -4 -5 -6 7 12 10 -10 -11 -12 -13 -14 14 15 17 -18 -19 -20 -21 23 22 24 -25 25 26 28 -29 -30 -31
leaf_value=-0.00041437667932529956 -0.00011127745615817032 -0.00040725225750539053 0.008118741448513607 -0.0010170583405667195 -0.0019680238206216979 -0.0015752914863961965 -0.0022115521331745372 0.0053323788440035247 -0.00049012015426748217 -0.0039137003323136124 0.013905303164653314 -0.0039224744451338313 0.0080701314004041572 0.026336974045560815 0.008312010138809096 -0.0019495179485509782 -0.0020664824590001184 0.0036795922696182671 -0.0021537519037693612 -0.0036256498076154197 0.0082320939726550288 0.009935263725278743 -0.0049032072546527578 -0.0027451034450578071 0.019024475786402529 -0.0014861618985932237 -0.00036348842981430044 0.015220843820906096 -0.002417357403730024 -0.00061729045979681157
leaf_weight=324 65 319 174 753 248 718 219 252 1790 81 101 84 412 76 621 240 239 242 64 72 670 130 172 172 131 63 401 60 323 136
leaf_count=324 65 319 174 753 248 718 219 252 1790 81 101 84 412 76 621 240 239 242 64 72 670 130 172 172 131 63 401 60 323 136
internal_value=-0.00224431 -0.00208297 -0.00168481 -0.00192375 -0.00813811 -0.00140485 -0.000115393 -0.00352373 -0.00481894 -0.00930488 0.00388009 -0.000410557 0.00073179 -4.33598e-05 0.00327774 0.00596186 -0.00501302 -0.00143737 0.0082069 0.0110817 -0.00212933 -0.00454573 -0.0026601 0.00256198 -0.00422928 -0.00237712 -0.00587441 0.00957031 -0.00854595 0.00862132
internal_weight=9352 9287 8720 8546 567 7793 4848 2945 2508 405 437 336 4443 4031 1554 1175 379 482 140 693 2477 1635 1416 842 1286 1114 847 123 724 267
internal_count=9352 9287 8720 8546 567 7793 4848 2945 2508 405 437 336 4443 4031 1554 1175 379 482 140 693 2477 1635 1416 842 1286 1114 847 123 724 267
is_linear=0
shrinkage=0.035


Tree=72
num_leaves=31
num_cat=0
split_feature=165 19 163 96 49 100 219 115 121 7 82 71 115 173 30 211 104 82 261 150 268 31 153 274 256 218 140 256 2 13
split_gain=26.1605 17.3469 22.4407 21.731 16.7624 25.8361 22.6877 19.8151 27.0084 30.2195 22.4542 22.4533 29.9939 23.3468 25.7777 47.4063 32.912 35.0484 31.9759 29.2679 26.7881 25.5841 25.3374 23.2247 35.3125 22.2649 22.2099 29.5301 29.2362 22.9468
threshold=0.074141101598512879 5277.5000000000009 -0.92771085342670701 5272.5000000000009 520.00000000000011 30.877772543786552 -41.104371891283463 294.00000000000006 0.25935000181198126 -112.07039745499874 1163.5000000000002 975.00000000000011 1585.0000000000002 -0.10345063067841036 6457.5000000000009 0.26742350140342236 1544.5000000000002 1859.5000000000002 578.45501708984386 0.02194999530911446 -7.6971683112653224 -23.970414924665004 0.82214244268254311 0.52773266619773429 29.157622685215959 3.7866815750469596 5987.5000000000009 51.226466564792112 5934.6450195312509 46.455466652461951
decision_type=2 2 2 2 2 2 2 2 2 2 2 2 2 2 2 2 2 2 2 2 2 2 2 2 2 2 2 2 2 2
left_child=1 -1 -3 -4 -5 7 -7 10 11 -10 -6 12 -9 21 16 -16 17 19 -17 -15 -21 -13 23 24 -20 -18 28 29 -22 -28
right_child=-2 2 3 4 5 6 -8 8 9 -11 -12 13 -14 14 15 18 25 -19 22 20 26 -23 -24 -25 -26 -27 27 -29 -30 -31
leaf_value=-0.0023518279657403635 -0.00010738274519263375 0.012259900238760609 0.01710471489844995 -0.001350090115697351 0.016900420304469373 0.0094452501205520758 -0.0017835272559108355 0.000120646196955303 0.012630567248844078 -0.0027947064284786615 -0.00043880847935103332 -0.001336959848431029 0.016675405141370139 -0.0020440351172205298 0.0097446036628510597 0.015382460011181308 0.0065835447904207915 0.012164258322832867 -0.0028964063460660914 -0.0017138277056803846 0.00022426335030848962 0.020316477781133484 0.0044415219803299218 -0.001607498097635321 0.003887061731040566 -0.0020468577806066479 -0.00025042993138094441 -0.0024478986585895015 0.016161542187455361 0.01092539044366062
leaf_weight=76 65 164 62 826 142 307 120 602 194 712 274 706 128 259 379 140 63 149 233 360 266 60 182 376 281 475 1260 234 106 151
leaf_count=76 65 164 62 826 142 307 120 602 194 712 274 706 128 259 379 140 63 149 233 360 266 60 182 376 281 475 1260 234 106 151
internal_value=-0.00217698 -0.00201517 -0.00187229 -0.00210727 -0.00225417 -0.00177058 0.0065625 -0.00223472 -0.00265811 -0.00829857 0.00515439 -0.00185503 0.00390476 -0.00259807 -0.00170766 0.00195175 -0.00346004 -0.00191935 -0.00143796 -0.00286255 -0.00163098 -0.008262 -0.00350975 -0.00594413 -0.001079 -0.0113444 -5.19288e-05 -0.00180303 0.00761273 0.000123588
internal_weight=9352 9287 9211 9047 8985 8159 427 7732 7316 906 416 6410 730 5680 4914 1591 3323 2785 1212 2636 2377 766 1072 890 514 538 2017 1645 372 1411
internal_count=9352 9287 9211 9047 8985 8159 427 7732 7316 906 416 6410 730 5680 4914 1591 3323 2785 1212 2636 2377 766 1072 890 514 538 2017 1645 372 1411
is_linear=0
shrinkage=0.035


Tree=73
num_leaves=31
num_cat=0
split_feature=165 6 8 115 272 173 19 85 163 104 12 45 156 260 9 2 191 260 272 126 126 108 205 53 204 258 54 92 160 270
split_gain=26.142 20.1169 19.3098 18.5256 19.9872 17.5664 16.2906 19.0531 20.2916 15.8855 18.3886 15.2335 15.2165 21.2754 17.4042 23.1301 34.0522 18.0579 19.3128 16.9861 17.4647 19.9897 18.9516 15.8135 15.6286 15.5396 14.3744 14.0305 33.6141 15.2013
threshold=0.074141101598512879 18.482852338428284 -8.8497678593665654 4891.5000000000009 0.017999995499849323 0.97543173831505847 5277.5000000000009 5272.5000000000009 -0.92771085342670701 429.50000000000006 3.4369027539147257 3.5178299358825424 -0.32920418604195273 0.90296429165866321 35.805629771476568 6742.2548828125009 0.12025000341236593 -0.21858637002561088 0.017100021243095401 239.50000000000003 581.50000000000011 -19.078640808883325 0.015791287639497605 -73.338596046365595 0.19406653273862337 0.0034000054001808171 0.28775000572204595 62.90575027465821 0.042350001633167274 37.585215046116879
decision_type=2 2 2 2 2 2 2 2 2 2 2 2 2 2 2 2 2 2 2 2 2 2 2 2 2 2 2 2 2 2
left_child=1 2 3 5 -5 6 -1 -8 -9 10 -3 -4 13 14 19 16 -16 -18 -19 -10 21 -21 -22 -14 -24 -25 27 29 -29 -27
right_child=-2 9 11 4 -6 -7 7 8 12 -11 -12 -13 23 -15 15 -17 17 18 -20 20 22 -23 24 25 -26 26 -28 28 -30 -31
leaf_value=-0.0022695139869394493 -0.00010362434911089209 0.0093090222521364837 0.011026373389516217 -0.001854429654306287 -0.00057537071904053009 0.0096651328705205704 0.015300144882246389 0.012691627452461633 -0.0023239848470011401 -0.0018770333992848139 -0.0011578980353401651 -0.0023924366335479818 0.0089585423213633091 -0.0025486868303103956 0.01077405828385852 -0.0022326090190582801 0.010376355202062282 -0.002169406701201115 0.0014530547204940636 -0.0018920638165327681 0.00028177803564713195 0.014902354122799687 -0.0014706500329268509 -0.0016806349278064726 0.0076210131759662982 0.00062920427735027042 -0.0028358265421400382 -0.0049977656513572784 0.0027761281847480355 -0.00062673979034881208
leaf_weight=76 65 95 109 118 244 81 68 141 183 248 224 65 127 106 155 101 112 185 772 71 658 270 576 231 62 433 63 175 117 3421
leaf_count=76 65 95 109 118 244 81 68 141 183 248 224 65 127 106 155 101 112 185 772 71 658 270 576 231 62 433 63 175 117 3421
internal_value=-0.00218446 -0.00202271 -0.00160458 -0.00184189 -0.00953678 -0.00149591 -0.00166194 -0.00150336 -0.00166562 -0.00838287 -0.00313272 0.00977654 -0.00190592 -7.52457e-05 0.000455556 0.0035 0.00484133 0.00257449 0.000982328 -0.00176438 -0.000618149 0.00637283 -0.00247502 -0.00320757 -0.00674961 -0.00355906 -0.00306478 -0.00279933 -0.0101347 -0.00223115
internal_weight=9352 9287 8720 8546 362 8184 8103 8027 7959 567 319 174 7818 3251 3145 1325 1224 1069 957 1820 1637 341 1296 4567 638 4440 4209 4146 292 3854
internal_count=9352 9287 8720 8546 362 8184 8103 8027 7959 567 319 174 7818 3251 3145 1325 1224 1069 957 1820 1637 341 1296 4567 638 4440 4209 4146 292 3854
is_linear=0
shrinkage=0.035


Tree=74
num_leaves=31
num_cat=0
split_feature=165 219 13 19 163 85 54 49 115 270 59 215 270 114 135 274 258 270 223 219 93 126 213 6 271 60 180 148 148 148
split_gain=26.1605 16.8518 17.4582 15.8792 19.8418 21.3766 15.3956 14.6827 24.3552 18.8515 23.4389 18.2188 17.8967 26.6807 22.6889 19.9629 17.5682 18.8488 17.5905 17.0359 27.1841 21.2387 17.4015 16.555 27.6323 27.5964 26.965 25.2408 27.6603 27.6416
threshold=0.074141101598512879 9.0833627835971189 14.139565020919457 5277.5000000000009 -0.92771085342670701 5272.5000000000009 0.25984999537467962 520.00000000000011 272.00000000000006 115.37465639552677 41.903751373291023 -0.063650004565715776 129.61660950767757 41.781549453735359 -0.92687504721642922 -0.12793804871757045 0.0092999972403049486 31.840684456677042 56.992861368352663 -29.500647823034559 3362.0000000000005 513.50000000000011 9.502263427530238 -26.926694642172325 15.725173855865609 2195.5000000000005 -0.012850001454353331 643.50000000000011 463.00000000000006 413.50000000000006
decision_type=2 2 2 2 2 2 2 2 2 2 2 2 2 2 2 2 2 2 2 2 2 2 2 2 2 2 2 2 2 2
left_child=1 2 -1 -4 -5 -6 -3 11 9 10 -9 -7 13 -13 -15 -16 17 -10 23 20 22 -21 -19 26 25 27 -18 28 29 -25
right_child=-2 6 3 4 5 7 -8 8 16 -11 -12 12 -14 14 15 -17 18 19 -20 21 -22 -23 -24 24 -26 -27 -28 -29 -30 -31
leaf_value=0.0022538623484705035 -9.9997496892011435e-05 -0.0019684372493212437 -0.0021900809973965695 0.011125989736384409 0.015970544806125579 -0.0036463432155568565 0.00024308872670321808 0.013947468063194921 0.0079414405328107219 -0.0017856648866714185 -0.0013537050400906333 -0.0028308437982197247 0.019528539922744892 0.0067230641387147263 -0.0030712818529561939 0.0096446892999090591 0.012121653395705853 0.016095623750851881 0.0087255330931879493 -0.00073391918726240185 0.019790346372439652 -0.0032686656149247691 -0.0010645779784673552 -0.00022764089405466817 0.010974202113310846 -0.0024546548191627252 -0.0010117788139617694 0.0039423973477550577 -0.0032633304414145248 0.011843947757838794
leaf_weight=63 65 260 76 163 62 128 88 260 82 98 125 277 89 124 131 71 140 61 81 157 73 154 356 2113 258 426 2202 802 238 129
leaf_count=63 65 260 76 163 62 128 88 260 82 98 125 277 89 124 131 71 140 61 81 157 73 154 356 2113 258 426 2202 802 238 129
internal_value=-0.00217698 -0.00201517 -0.00171791 -0.00185227 -0.00170926 -0.00193994 -0.00951841 -0.00209266 -0.0016192 0.00595287 0.00942308 -0.00653333 -0.00421808 -0.0063898 0.000422961 -0.00676329 -0.00212588 -0.00673986 -0.00148342 -0.00838089 -0.00424242 -0.014731 -0.00771327 -0.0016965 -0.0003173 -0.00109346 -0.00402642 0 -0.00174648 -0.000529595
internal_weight=9352 9287 8939 8876 8800 8637 348 8575 7755 483 385 820 692 603 326 202 7272 883 6389 801 490 311 417 6308 3966 3708 2342 3282 2480 2242
internal_count=9352 9287 8939 8876 8800 8637 348 8575 7755 483 385 820 692 603 326 202 7272 883 6389 801 490 311 417 6308 3966 3708 2342 3282 2480 2242
is_linear=0
shrinkage=0.035


Tree=75
num_leaves=31
num_cat=0
split_feature=165 112 225 150 60 258 156 131 27 23 13 270 213 53 82 148 163 193 190 60 160 25 259 187 143 163 222 134 233 30
split_gain=26.1975 15.4334 18.2596 24.43 17.2808 17.4118 16.2506 18.6015 17.4104 15.3544 15.2854 21.3961 17.0374 20.2333 18.9156 17.1922 16.9621 16.6538 16.2399 16.1092 18.4272 15.0103 16.6855 16.0667 14.9177 14.1348 15.0254 14.649 13.9726 21.7648
threshold=0.074141101598512879 0.017266192469111697 0.2883005625737653 0.034050002694129951 6102.0000000000009 0.016599994152784351 -0.32920418604195273 0.82565000653266918 278.50000000000006 1.9796367219260762 119.95048237720634 129.61660950767757 8.7821694145597231 -73.338596046365595 1037.5000000000002 643.50000000000011 -0.21217139870728077 0.93494349190010151 -0.033499993383884423 849.00000000000011 0.025800012052059177 -6.7983372041735697 0.082284763913222952 -1.6513375897649284e-06 0.34385000169277197 -0.19613817919644996 4.4159677816397283 0.015411281866368148 6740.1298828125009 6672.5000000000009
decision_type=2 2 2 2 2 2 2 2 2 2 2 2 2 2 2 2 2 2 2 2 2 2 2 2 2 2 2 2 2 2
left_child=1 4 25 -4 6 -6 8 10 -1 -5 11 12 -8 -14 15 17 -17 19 -12 -15 -21 22 -16 -23 -13 26 -3 -28 29 -27
right_child=-2 2 3 9 5 -7 7 -9 -10 -11 18 24 13 14 21 16 -18 -19 -20 20 -22 23 -24 -25 -26 28 27 -29 -30 -31
leaf_value=0.011882569801315248 -9.6497584500791769e-05 -0.0031400846358164728 -0.003509785435710741 0.010503253032193875 0.015282992628695887 -4.7684795839140207e-05 -0.003294033972310065 0.011271328588670628 -2.8924323083914795e-06 -0.0039922056346804544 0.00052791712694226945 -0.00032184316639817333 0.015668147438695764 -0.0016649625115720784 -0.00018701106626802856 -0.001748973247951082 0.011172194774775429 0.0017549137629794887 -0.0028232372600998415 -0.00086660376413258422 0.0018481621632815016 -0.0014990810592775483 -0.0011815803594962117 -0.0058325559518402764 0.017494185476166747 -0.00042929688126893382 -0.0041119619973326114 0.001376893208157819 -0.0015554908445403793 0.0094106977847652033
leaf_weight=137 65 76 160 93 95 127 91 108 2502 76 73 88 87 592 775 136 247 190 147 167 278 127 821 98 80 1456 63 120 205 72
leaf_count=137 65 76 160 93 95 127 91 108 2502 76 73 88 87 592 775 136 247 190 147 167 278 127 821 98 80 1456 63 120 205 72
internal_value=-0.00216202 -0.00200011 -0.00446905 -0.0120509 -0.00117487 0.00832599 -0.00149355 -0.00286983 0.000648638 -0.00261494 -0.00326212 -0.00273004 -0.00330243 -0.00290094 -0.00333091 -0.000563467 0.0058634 -0.00258523 -0.0121333 -0.00433301 0.0007 -0.00576944 -0.00454716 -0.0141522 0.00930636 -0.00318978 -0.0107386 -0.0050266 -0.00203395 -0.00086758
internal_weight=9352 9287 2321 329 6966 222 6744 4105 2639 169 3997 3777 3609 3518 3431 1610 383 1227 220 1037 445 1821 1596 225 168 1992 259 183 1733 1528
internal_count=9352 9287 2321 329 6966 222 6744 4105 2639 169 3997 3777 3609 3518 3431 1610 383 1227 220 1037 445 1821 1596 225 168 1992 259 183 1733 1528
is_linear=0
shrinkage=0.035


Tree=76
num_leaves=31
num_cat=0
split_feature=165 6 104 257 38 115 19 211 85 8 2 192 256 13 27 27 247 2 60 38 173 223 104 82 126 38 163 173 9 17
split_gain=26.0865 16.3006 17.5746 18.2527 19.3234 17.5688 16.2645 20.2761 21.6009 15.4109 15.308 14.7942 14.571 45.0664 33.8914 33.1096 56.6527 24.2904 32.9805 22.9275 21.3845 23.7698 21.0856 20.0815 39.5929 34.0043 27.1337 24.3261 21.1279 18.8807
threshold=0.074141101598512879 18.482852338428284 429.50000000000006 9.1760926972889205 296.50000000000006 2175.5000000000005 5277.5000000000009 -0.86485363565544826 5272.5000000000009 -8.8497678593665654 5663.7250976562509 0.052631578945290865 28.028400698666989 31.619646453654671 1815.5000000000002 979.50000000000011 601.37500000000011 6655.4099121093759 1042.5000000000002 1100.0000000000002 0.88821674605539658 2.3334390220520276 406.50000000000006 1308.0000000000002 523.50000000000011 2667.5000000000005 -0.15019895066554143 0.21486888348190045 12.03842512576105 5.9403912877753493
decision_type=2 2 2 2 2 2 2 2 2 2 2 2 2 2 2 2 2 2 2 2 2 2 2 2 2 2 2 2 2 2
left_child=1 6 3 4 -3 -6 -1 10 -9 12 -8 -11 15 14 -14 -10 -17 18 20 -20 21 -18 -19 24 25 -15 27 28 -26 -16
right_child=-2 2 -4 -5 5 -7 7 8 9 11 -12 -13 13 23 29 16 17 22 19 -21 -22 -23 -24 -25 26 -27 -28 -29 -30 -31
leaf_value=-0.0021388186217733375 -9.3120169043263426e-05 -0.0018299233767785515 -0.0018782111756037341 -0.0023364748942640494 -6.4579330060582848e-05 0.022819047410183618 -0.00045024013894514605 0.015411676973041978 -0.00206420694173762 0.014989265158115189 0.01744939262811452 0.00049839259247644893 -0.00023789710746525072 -0.00098678011092820112 0.018144314739180056 0.013793620158955503 0.00032890056419458805 0.00061732813397553108 -0.00091764202685118131 0.00064445425811563827 0.00024835280071272174 -0.0024231455058110378 -0.0020387351165554179 -0.0010073811871611838 -0.0020458407700338463 0.013223586239613023 0.0057191419217765818 -0.0042614838974906919 0.0067433076127220897 0.0032468244339928466
leaf_weight=76 65 72 248 101 84 62 100 60 83 60 121 114 270 1884 202 117 63 89 106 729 129 305 264 2163 124 98 1020 123 323 97
leaf_count=76 65 72 248 101 84 62 100 60 83 60 121 114 270 1884 202 117 63 89 106 729 129 305 264 2163 124 98 1020 123 323 97
internal_value=-0.0022069 -0.00204531 -0.00777098 -0.00226852 0.00345291 0.0106623 -0.00166877 -0.00152156 -0.00179817 -0.00195327 0.00882743 0.00821229 -0.00217415 -0.00136472 0.0079878 -0.00487037 -0.00383509 -0.00548817 -0.00329843 0.000958333 -0.0103884 -0.0146381 -0.0135894 -0.00229878 -0.000684932 -0.00398088 0.0034232 -0.00267826 0.0011615 0.0160033
internal_weight=9352 9287 567 319 218 146 8720 8644 8423 8363 221 174 8189 6304 569 1885 1802 1685 1332 835 497 368 353 5735 3572 1982 1590 570 447 299
internal_count=9352 9287 567 319 218 146 8720 8644 8423 8363 221 174 8189 6304 569 1885 1802 1685 1332 835 497 368 353 5735 3572 1982 1590 570 447 299
is_linear=0
shrinkage=0.035


Tree=77
num_leaves=31
num_cat=0
split_feature=46 61 49 267 111 6 9 126 256 242 132 160 121 67 256 126 270 33 60 82 173 71 148 242 19 49 260 93 137 71
split_gain=24.2867 15.9039 14.8686 14.7747 13.8628 15.5604 17.9204 23.9347 19.3226 39.6171 39.2987 35.6987 30.2005 26.844 22.9378 24.0203 27.3103 24.7166 30.8563 29.2514 22.553 30.6656 26.8505 31.622 26.5441 24.391 22.4422 35.0186 23.5635 21.4056
threshold=0.081666638867722727 387.50000000000006 19950.500000000004 -7.5327439327060839 12.840944339403512 18.482852338428284 90.198374571900132 110.50000000000001 59.390146533969251 47.457975641383882 0.30080001056194311 0.01670000329613686 0.16480000317096713 20.232930095999887 61.715094349906536 2122.0000000000005 121.33994002632734 0.47429999709129339 1065.5000000000002 330.00000000000006 -0.10345063067841036 1997.0000000000002 653.50000000000011 42.539028207433908 6412.5000000000009 2655.5000000000005 -0.0095565467928893574 1760.0000000000002 154.00000000000003 1268.5000000000002
decision_type=2 2 2 2 2 2 2 2 2 2 2 2 2 2 2 2 2 2 2 2 2 2 2 2 2 2 2 2 2 2
left_child=1 2 3 -1 -5 6 8 -8 9 10 11 -6 -10 -12 -14 17 -17 19 -19 -16 21 24 23 29 -13 -25 28 -28 -11 -22
right_child=-2 -3 -4 4 5 -7 7 -9 12 26 13 20 14 -15 15 16 -18 18 -20 -21 22 -23 -24 25 -26 -27 27 -29 -30 -31
leaf_value=0.006385403347078605 -8.9860963126748585e-05 -0.001353811608726437 -0.0017822355325258347 0.00051509610259995321 -0.0012690156405753717 -0.00097426351156540338 -0.0044606801179860982 0.0038583081793110855 -0.0045005703391065846 0.00020503982265479616 -0.0038955810065588858 0.0020607918317277906 -0.0016147661650027338 0.00080853550579274122 0.016984278497596542 0.013275897224601298 -0.0023232317798905443 -0.0020273017051970566 0.01746930602637398 -0.0023330347992369738 0.014209867195334463 -0.0029468750670095419 0.0072766894258600723 -0.0027944297126331246 -0.0012687272604088003 0.00010536821534890384 -0.00098194222486352512 0.017810402384054878 0.018356485311507537 -4.8325970071878839e-05
leaf_weight=393 93 657 74 654 499 412 106 801 113 115 192 262 148 63 72 169 102 209 93 847 95 96 561 138 171 91 357 142 161 1466
leaf_count=393 93 657 74 654 499 412 106 801 113 115 192 262 148 63 72 169 102 209 93 847 95 96 561 138 171 91 357 142 161 1466
internal_value=-0.00230416 -0.00211949 -0.00171605 -0.00157506 -0.00189619 -0.00232367 -0.00193455 0.00264803 -0.00261067 -0.00137177 -0.00290464 -0.00189273 -0.00571388 -0.0160192 -0.00446809 -0.00313293 0.00621377 -0.00522431 0.0034202 -0.00806818 -0.000388215 -0.00688202 0.00108447 -0.00101393 -0.0027968 -0.0130128 0.00578846 0.00131944 0.0137011 0.000782248
internal_weight=9352 9259 8602 8528 8135 7481 7069 907 6162 4409 3634 3379 1753 255 1640 1492 271 1221 302 919 2880 529 2351 1790 433 229 775 499 276 1561
internal_count=9352 9259 8602 8528 8135 7481 7069 907 6162 4409 3634 3379 1753 255 1640 1492 271 1221 302 919 2880 529 2351 1790 433 229 775 499 276 1561
is_linear=0
shrinkage=0.035


Tree=78
num_leaves=31
num_cat=0
split_feature=274 61 49 19 211 85 183 60 13 115 204 2 32 229 219 240 150 10 42 219 161 99 13 132 121 115 92 30 274 104
split_gain=17.2149 16.3985 15.1825 14.8355 17.1692 19.8439 14.6937 24.4668 31.2009 19.7996 18.2067 14.1583 14.0962 16.5927 13.5909 13.0033 18.5139 14.936 15.3612 23.1653 28.4032 21.5279 28.1491 20.6186 20.4001 27.6167 19.8148 23.4642 32.7161 23.6665
threshold=0.96523291244964804 387.50000000000006 19950.500000000004 5277.5000000000009 -0.86485363565544826 5272.5000000000009 0.85358983167205749 239.00000000000003 26.87899698417873 6507.0000000000009 0.12358842377535047 5663.7250976562509 0.13405000418424609 0.40851774659067536 -33.860730484980543 21.779178816723203 -0.0037499889731407161 206.00248329897332 51.473843862667188 -43.178834529574125 0.50337500125169765 0.22974999994039538 47.457975641383882 0.30080001056194311 0.20355000346899035 578.00000000000011 62.90575027465821 6452.5000000000009 0.0086907943734342418 469.50000000000006
decision_type=2 2 2 2 2 2 2 2 2 2 2 2 2 2 2 2 2 2 2 2 2 2 2 2 2 2 2 2 2 2
left_child=1 2 3 -1 11 -6 9 -8 -9 12 -11 -5 13 -7 -10 16 -14 18 21 20 -20 24 23 -23 26 -26 27 29 -29 -18
right_child=-2 -3 -4 4 5 6 7 8 14 10 -12 -13 15 -15 -16 -17 17 -19 19 -21 -22 22 -24 -25 25 -27 -28 28 -30 -31
leaf_value=-0.0023663007394800458 -0.0015049290633743302 -0.0013219526489895064 -0.0018044372025537915 -0.00015513167091116056 0.014943114845982892 2.894412197674834e-06 -0.00031138257084331383 -0.00077273344102416711 0.00012514943581957871 -0.0025024767475507878 8.5877114291570136e-05 0.01536290248713796 -0.0014270330309967339 -0.0016579590139622897 0.010321731778303353 0.0031783897678548207 -0.00087979688666608167 -0.00095577760829996649 0.014363267625052717 -0.0033576818241235558 -0.0024915774320260196 -0.00039956352474928409 -0.0011479107484284664 -0.0036743976977685849 -0.0011039431848223209 0.011100701843033594 -0.0027307531816151702 -0.0011478903943902086 0.0056420187036496251 -5.819537586991664e-05
leaf_weight=76 65 676 77 100 61 75 565 75 60 105 62 114 137 460 221 575 605 139 154 60 105 76 1115 174 118 209 253 211 613 2016
leaf_count=76 65 676 77 100 61 75 565 75 60 105 62 114 137 460 221 575 605 139 154 60 105 76 1115 174 118 209 253 211 613 2016
internal_value=-0.00219942 -0.00206791 -0.00165332 -0.00150837 -0.00136476 -0.0016208 -0.00177394 0.00238121 0.00950139 -0.00230219 -0.0140407 0.0083105 -0.0020162 -0.0074537 0.0148077 -0.0015674 -0.00205092 -0.00174611 -0.00146395 0.00594136 0.0104735 -0.00190732 -0.00569708 -0.0161961 -0.000616625 0.00769578 -0.00136106 -0.00065942 0.00447527 -0.00227913
internal_weight=9352 9287 8611 8534 8458 8244 8183 921 356 7262 167 214 7095 535 281 6560 5985 5848 5709 319 259 5390 1365 250 4025 327 3698 3445 824 2621
internal_count=9352 9287 8611 8534 8458 8244 8183 921 356 7262 167 214 7095 535 281 6560 5985 5848 5709 319 259 5390 1365 250 4025 327 3698 3445 824 2621
is_linear=0
shrinkage=0.035


Tree=79
num_leaves=31
num_cat=0
split_feature=211 173 49 267 257 271 126 260 260 223 92 259 274 49 93 105 47 160 148 113 156 69 274 130 141 213 65 27 121 225
split_gain=15.6156 16.8791 14.4155 12.8089 12.6433 12.7912 16.9461 16.8683 32.3217 26.1144 29.2821 24.0417 16.3216 16.5606 20.2837 15.8596 15.7898 15.7484 16.7104 15.6931 15.3586 16.9013 14.5983 15.1757 16.5193 14.5957 14.7845 14.3994 13.5926 12.9396
threshold=0.96598834308523784 0.96808819018749592 19950.500000000004 -6.6229739063905493 19.050423631424628 5.9210184444596612 34.500000000000007 0.76733822639333249 0.57568054189807982 31.800920348033682 52.04389953613282 -0.053537330265795789 0.88149832688144691 6639.5000000000009 3002.5000000000005 145.50000000000003 -16.856356705409677 0.019200000911951069 1588.5000000000002 -1.7435781641948369 0.071292418303559049 -11.242041718571363 -0.029643185552005149 -34.733580531561273 56.289452007675109 10.131578764362002 0.32844999432563787 762.50000000000011 0.23595000058412555 0.18676175511441251
decision_type=2 2 2 2 2 2 2 2 2 2 2 2 2 2 2 2 2 2 2 2 2 2 2 2 2 2 2 2 2 2
left_child=1 2 3 -1 5 6 -5 8 11 10 -10 17 13 16 -15 -12 -8 18 -7 -9 21 -18 -19 24 28 26 -25 -23 29 -24
right_child=-2 -3 -4 4 -6 7 12 19 9 -11 15 -13 -14 14 -16 -17 20 22 -20 -21 -22 27 23 25 -26 -27 -28 -29 -30 -31
leaf_value=0.0035398533025394691 -0.0015484895490006604 0.0047144315758879708 -0.0021291647272370213 0.003780968322380918 -0.0050096160488343026 -0.0018276545513922755 -0.0047118080105168153 -0.0014419014579653685 0.015596159813495604 -0.0021639643554056632 0.0070085911028603381 -0.00065099774319075964 -0.001081513773954011 0.024447629744900969 -5.157811175023286e-05 -0.0032742368997103291 0.011741159268123507 -0.0010631536973730045 0.0093157831281014698 0.00055195045887910198 -0.001075160892730789 0.001402489000861218 0.013118050028870122 0.006251027104213277 0.012204358219315384 -0.00052717836313340822 0.013993690005707151 -0.00053362311077374662 -0.0036127612531763995 -0.0016469619693950856
leaf_weight=545 101 161 83 113 67 209 105 268 217 85 69 2888 85 67 77 90 87 233 94 61 1109 203 87 64 109 60 140 1681 122 72
leaf_count=545 101 161 83 113 67 209 105 268 217 85 69 2888 85 67 77 90 87 233 94 61 1109 203 87 64 109 60 140 1681 122 72
internal_value=-0.00215454 -0.00200032 -0.00220121 -0.00206225 -0.00239754 -0.00227083 -0.00387458 -0.00110609 -0.000546875 0.0081867 0.012126 -0.00154298 -0.00431998 -0.00391572 0.00751678 0.000640244 -0.00444357 0.00263598 -0.00420455 -0.0086976 -0.00397083 -0.00210779 0.00498318 0.00764795 0.00318987 0.014052 0.0184211 -0.0028163 -0.00134615 0.00533537
internal_weight=9352 9251 9090 9007 8462 8395 3527 4868 4539 461 376 4078 3414 3329 144 159 3185 1190 303 329 3080 1971 887 654 390 264 204 1884 281 159
internal_count=9352 9251 9090 9007 8462 8395 3527 4868 4539 461 376 4078 3414 3329 144 159 3185 1190 303 329 3080 1971 887 654 390 264 204 1884 281 159
is_linear=0
shrinkage=0.035


Tree=80
num_leaves=31
num_cat=0
split_feature=219 19 27 154 104 104 214 11 12 146 78 150 11 25 187 211 12 270 19 261 129 219 4 30 169 160 205 66 33 71
split_gain=14.6443 14.2132 19.6388 22.4214 13.8639 34.3143 24.9779 20.0175 18.2488 18.1682 16.9896 22.5827 16.5999 15.9752 20.9553 14.9617 13.8272 13.5197 27.3702 26.1808 25.0113 21.1289 17.7813 44.7109 20.025 14.6088 14.4837 14.3091 27.2532 25.0866
threshold=9.0833627835971189 5277.5000000000009 264.50000000000006 0.029560842013244361 52.500000000000007 107.50000000000001 0.024250000715255741 79.489701144495555 2.3109813385783542 -1.3529905793880512 24.899825364645327 1.0000000180025095e-35 99.537108906729202 -6.7983372041735697 -1.6513375897649284e-06 -0.8044273006919046 6.4964564774436573 24.284251312582331 6872.5000000000009 617.60498046875011 6727.5000000000009 -4.6424153117621119 17.034070505809918 6277.5000000000009 14.03167299788022 0.03039999678730965 0.020061722574962578 0.11294999718666078 0.12829999625682834 5087.5000000000009
decision_type=2 2 2 2 2 2 2 2 2 2 2 2 2 2 2 2 2 2 2 2 2 2 2 2 2 2 2 2 2 2
left_child=1 -1 3 -3 7 6 -6 -4 -8 -9 11 -7 -12 15 16 -13 -15 -17 19 20 22 -21 27 24 -24 -22 -26 28 -19 -29
right_child=-2 2 4 -5 5 10 8 9 -10 -11 12 13 -14 14 -16 17 -18 18 -20 21 25 -23 23 -25 26 -27 -28 29 -30 -31
leaf_value=-0.0022003635875164525 -0.0013349655795187973 0.0095481261696510489 0.00089565521054051631 -0.0017776486104185752 -0.0011962835828119825 -0.0022065395690237422 0.00025879727786724317 -0.00050759830860462325 0.016137928151254633 -0.0050674770373416228 0.016553193497855025 0.0097590572064608465 -0.0030932526185852459 -0.0021083319747234553 -0.0041019759395077033 0.012667939933530534 0.0054449359423188563 -0.0012585018930383123 -0.0029862117740066829 0.011132462177504509 -0.0023424711419064615 -0.00022395118942632869 0.0019811165167511616 0.0094650850704394995 -0.0055654055573403022 -0.00013451105560036592 0.0011187880151405922 -0.00053631472820762341 0.0016962914958189637 -0.0013604455423938751
leaf_weight=76 350 309 83 97 98 133 61 66 124 122 100 116 60 157 162 74 116 230 128 164 155 60 363 175 104 96 65 4774 496 238
leaf_count=76 350 309 83 97 98 133 61 66 124 122 100 116 60 157 162 74 116 230 128 164 155 60 363 175 104 96 65 4774 496 238
internal_value=-0.00209469 -0.00181859 -0.00168514 0.00579075 -0.00204457 -0.0017852 0.0100868 -0.00976449 0.0175 -0.0159585 -0.00221302 -0.00244655 0.00890909 -0.00219263 -0.00867045 -0.0017976 -0.00264388 -0.00200365 -0.00216362 -0.00185993 -0.00225638 0.00978166 -0.00182868 0.00339185 -0.0016946 -0.0129883 -0.0114655 -0.00247432 0.0021067 -0.00313933
internal_weight=9352 9002 8926 406 8520 8249 283 271 185 188 7966 7806 160 7673 435 7238 273 7122 7048 6920 6696 224 6445 707 532 251 169 5738 726 5012
internal_count=9352 9002 8926 406 8520 8249 283 271 185 188 7966 7806 160 7673 435 7238 273 7122 7048 6920 6696 224 6445 707 532 251 169 5738 726 5012
is_linear=0
shrinkage=0.035


Tree=81
num_leaves=31
num_cat=0
split_feature=159 6 143 93 71 61 104 173 4 256 260 123 272 150 182 156 13 126 126 136 272 49 93 126 115 145 104 82 148 126
split_gain=17.898 16.2972 15.1399 20.4407 19.1626 14.0609 16.9728 14.2033 13.7656 18.9868 15.2793 21.0994 17.6768 14.1675 17.828 14.7051 11.8252 11.8519 15.9646 22.2384 19.3388 24.1481 20.5051 17.05 16.6783 15.4483 14.7043 14.6943 20.9058 23.162
threshold=9.5373990365718821 17.816280693214974 0.11985000222921373 1546.5000000000002 813.00000000000011 444.50000000000006 729.50000000000011 0.97543173831505847 16.476057244923478 14.708602137676396 0.75698676972209455 0.019047631157769102 0.015850000083446506 0.059149995446205146 0.30491606962054824 -0.18969852340944057 16.897184874880217 3860.0000000000005 2016.0000000000002 44.032550811767585 0.016600001603364948 3598.5000000000005 1375.5000000000002 2373.5000000000005 272.00000000000006 0.018662546863947044 1588.5000000000002 2634.5000000000005 1133.5000000000002 1598.5000000000002
decision_type=2 2 2 2 2 2 2 2 2 2 2 2 2 2 2 2 2 2 2 2 2 2 2 2 2 2 2 2 2 2
left_child=-1 5 -3 4 -4 7 -7 8 9 -2 12 -12 -10 14 15 -14 -11 18 27 20 23 22 24 26 -22 -26 -20 28 29 -18
right_child=1 2 3 -5 -6 6 -8 -9 10 16 11 -13 13 -15 -16 -17 17 -19 19 -21 21 -23 -24 -25 25 -27 -28 -29 -30 -31
leaf_value=6.2023747414230454e-05 0.008760163378861421 0.0057853332048068452 -0.00090191446451943472 -0.0034070254982597622 0.00033081208682866182 -0.0040930296162104852 -0.00055548275869881541 0.0080810208531737118 -0.0018533160125856142 -0.00058151160601682716 -0.0024270261345342107 0.0030315164626735325 0.014035845842159344 0.010107151135458755 -0.0062296517357956797 0.00018565590197262746 -0.00043793090866412203 -0.0028303455196075815 0.017252956126406298 -0.0039704460615426988 0.015019886522525392 -0.0019274207797276557 0.018062002530388574 -0.0025742360960343026 -0.0016911650499297035 0.010220939965088917 -0.00032133336176336404 -0.0015744584440127824 0.0011219617859987779 -0.0022597951579657015
leaf_weight=82 76 75 78 242 209 151 281 88 136 60 89 66 85 160 101 99 4345 180 60 60 98 69 153 130 135 78 72 638 1023 233
leaf_count=82 76 75 78 242 209 151 281 88 136 60 89 66 85 160 101 99 4345 180 60 60 98 69 153 130 135 78 72 638 1023 233
internal_value=-0.00213209 -0.00227925 -0.00781609 -0.009897 -0.00347603 -0.00188906 -0.00800915 -0.0015633 -0.00171758 -0.00217127 0.00283401 -0.00678125 0.00543515 0.00878889 0.00398276 0.0103704 -0.00235591 -0.00222146 -0.00199183 0.00248256 0.00406875 0.00787175 0.0107463 -0.00367041 0.00542722 -0.00016055 0.00510949 -0.0026065 -0.00202908 -0.00303949
internal_weight=9352 9270 604 529 287 8666 432 8234 8146 7410 736 155 581 445 285 184 7334 7274 7094 855 795 533 464 262 311 213 132 6239 5601 4578
internal_count=9352 9270 604 529 287 8666 432 8234 8146 7410 736 155 581 445 285 184 7334 7274 7094 855 795 533 464 262 311 213 132 6239 5601 4578
is_linear=0
shrinkage=0.035


Tree=82
num_leaves=31
num_cat=0
split_feature=159 6 104 205 225 93 203 8 193 206 161 27 52 30 27 213 254 8 13 270 270 183 82 25 124 104 68 180 187 274
split_gain=17.7804 14.2436 14.9599 14.736 20.7645 25.6225 22.6649 20.9992 18.2454 17.7345 18.9648 16.2575 29.1653 20.6694 19.1181 18.1635 18.1562 22.499 15.5389 30.3418 24.4476 22.9356 17.7712 18.9423 21.1287 27.2391 23.8196 17.8912 16.6178 16.024
threshold=9.5373990365718821 18.482852338428284 429.50000000000006 0.017186305970631043 0.32903255247325869 2042.5000000000002 0.89449128263834765 -13.567083778183976 0.89022767103879274 0.17822431778692091 0.11062500067055227 5668.0000000000009 6707.5000000000009 6632.5000000000009 9541.5000000000018 10.249008008251964 -4.2579395342684503 -18.395383862013009 119.95048237720634 129.61660950767757 121.33994002632734 -0.84203422363753622 1245.0000000000002 -6.7695504741357295 -1.7577296037344528 2940.0000000000005 0.033816624368037347 0.0029499977827072148 -4.107293020802674e-06 0.49775738646813067
decision_type=2 2 2 2 2 2 2 2 2 2 2 2 2 2 2 2 2 2 2 2 2 2 2 2 2 2 2 2 2 2
left_child=-1 3 -3 9 5 6 -5 11 -8 10 -2 12 13 15 -13 16 -7 -18 19 20 21 -12 29 24 25 26 -24 -26 -25 -23
right_child=1 2 -4 4 -6 7 8 -9 -10 -11 18 14 -14 -15 -16 -17 17 -19 -20 -21 -22 22 23 28 27 -27 -28 -29 -30 -31
leaf_value=5.9852916254731221e-05 -0.0029226513878730879 -0.00026533672905338816 -0.0016050782681992267 -0.00066005176763654758 -0.0015247888569089076 -0.0022841813791694317 -0.0033543453417211513 0.0072042944841083905 -0.00030789440371037385 0.011728004396647201 0.010087278588665179 0.013229474515883662 -0.0022417447066618453 0.015498161342652923 -0.0012708447580181191 -0.0019855502114622114 0.002577795204704312 -0.0017796867924747745 -0.0018862839025121838 0.013811111541804848 -0.0020676684950797744 0.0010446843133789809 -0.0022310724389895606 -0.0010342141282317777 -0.00045263063834937502 0.011950926205960747 0.0057473226387805389 0.0067561532970956996 -0.0058264773926777853 -0.00077820783097268622
leaf_weight=82 64 319 249 1707 402 136 152 148 80 197 194 106 147 65 74 203 429 61 265 165 163 1597 585 82 511 86 98 405 80 500
leaf_count=82 64 319 249 1707 402 136 152 148 80 197 194 106 147 65 74 203 429 61 265 165 163 1597 585 82 511 86 98 405 80 500
internal_value=-0.00207973 -0.00222642 -0.00757417 -0.00187321 -0.0035424 -0.00261998 -0.00520319 0.0010444 -0.0153586 -0.000630378 -0.00105729 -0.000485318 -0.00217495 0.000233593 0.00908108 -0.00130096 0.00166403 0.00480808 -0.000790752 -0.000297473 -0.000869717 -0.000337919 -0.000921752 -0.00342063 -0.00229882 -0.00655685 -0.00890262 0.00129207 -0.0146707 0.00128211
internal_weight=9352 9270 568 8702 3710 3308 1939 1369 232 4992 4795 1221 1041 894 180 829 626 490 4731 4466 4301 4138 3944 1847 1685 769 683 916 162 2097
internal_count=9352 9270 568 8702 3710 3308 1939 1369 232 4992 4795 1221 1041 894 180 829 626 490 4731 4466 4301 4138 3944 1847 1685 769 683 916 162 2097
is_linear=0
shrinkage=0.035


Tree=83
num_leaves=31
num_cat=0
split_feature=159 6 193 270 257 256 13 27 247 129 2 60 148 148 71 256 256 256 10 218 2 148 272 104 85 115 268 49 49 126
split_gain=17.898 13.7002 14.2518 14.1218 12.9667 13.5397 36.9547 33.8952 49.6071 33.7933 29.1468 31.4916 31.973 31.4774 26.9969 24.0301 50.9517 39.8264 30.3563 23.8536 26.5402 29.7718 21.2071 21.1323 20.8681 18.2767 17.6176 17.2182 32.3366 23.4224
threshold=9.5373990365718821 17.816280693214974 0.90063268642978445 108.86657643718046 18.690085408580543 28.028400698666989 31.407430107808043 979.50000000000011 601.37500000000011 6222.5000000000009 6655.4099121093759 1042.5000000000002 256.50000000000006 1879.0000000000002 3412.0000000000005 33.778558384252449 34.438637263258748 31.509880538085088 65.928402824397352 3.4134688888026461 6462.9550781250009 289.50000000000006 0.021849997341632846 383.00000000000006 6842.5000000000009 1117.0000000000002 0.8714305162416115 2514.5000000000005 1747.5000000000002 1374.0000000000002
decision_type=2 2 2 2 2 2 2 2 2 2 2 2 2 2 2 2 2 2 2 2 2 2 2 2 2 2 2 2 2 2
left_child=-1 4 3 -3 5 7 9 -2 -9 22 11 12 26 19 -11 17 -17 18 24 -13 -21 -22 25 -12 -8 -7 -10 28 29 -18
right_child=1 2 -4 -5 -6 6 15 8 10 14 23 13 -14 -15 -16 16 27 -19 -20 20 21 -23 -24 -25 -26 -27 -28 -29 -30 -31
leaf_value=5.7758064185814424e-05 -0.0020826168999823437 -0.0030186813774989905 2.0400963663885222e-05 -6.8392901639640911e-05 -0.0042082298596499597 0.016664742948183382 0.012428828491778014 0.013314146553121291 0.00054398905077072685 0.013362740104024367 0.0011621462927602409 0.0080176084647777743 -0.0025387188034393551 0.018059668386843725 -0.0013756760743297361 0.014955725695660071 -0.00096042060904100071 -0.0014882046193873074 -0.0016755342292119437 -0.0006083538330431366 -0.0015401052891390243 0.016524980059864178 -0.0036357403298828937 -0.001916253210986082 -0.00024046456677219444 -0.0080001665559253053 -0.0012397872064383703 -0.00086023262621618259 0.0062680117609833436 0.0028850012627071285
leaf_weight=82 85 299 163 142 98 77 86 128 138 249 84 101 229 81 86 69 2270 538 71 509 72 150 74 271 83 61 182 1155 659 1060
leaf_count=82 85 299 163 142 98 77 86 128 138 249 84 101 229 81 86 69 2270 538 71 509 72 150 74 271 83 61 182 1155 659 1060
internal_value=-0.00213209 -0.00227925 -0.00735632 -0.0105942 -0.00192135 -0.00177184 -0.000994956 -0.00426536 -0.00328462 0.0076721 -0.00478321 -0.00257669 -0.00916065 0.00141068 0.0145147 -0.00179203 -0.00093235 -0.00750958 0.00428571 -0.000669056 -0.00290082 0.00709251 -0.00322581 -0.0137083 0.0122701 0.0048951 -0.00193846 -0.00134589 -0.000254131 -0.00165817
internal_weight=9352 9270 604 441 8666 8568 6538 2030 1945 547 1817 1462 549 913 335 5991 5213 778 240 832 731 222 212 355 169 138 320 5144 3989 3330
internal_count=9352 9270 604 441 8666 8568 6538 2030 1945 547 1817 1462 549 913 335 5991 5213 778 240 832 731 222 212 355 169 138 320 5144 3989 3330
is_linear=0
shrinkage=0.035


Tree=84
num_leaves=31
num_cat=0
split_feature=159 257 112 150 225 31 38 257 154 211 38 137 149 124 126 141 203 180 19 19 140 27 4 38 143 15 131 192 146 13
split_gain=17.8811 13.1689 12.9041 17.553 18.5583 17.2077 23.0623 22.427 14.7651 14.5444 14.4789 14.6672 13.5239 17.2114 14.5276 17.4509 15.3433 13.4847 13.4191 31.9424 24.7076 19.6391 19.6194 17.5446 21.3906 15.9313 15.0742 16.3082 16.8967 16.9138
threshold=9.5373990365718821 18.690085408580543 0.017266192469111697 0.037149995565414436 0.26611632564848892 -23.970414924665004 1791.0000000000002 3.0781022307560759 0.03929288470706619 -0.86485363565544826 2146.5000000000005 2590.5000000000005 16.500000000000004 -1.2446706974801462 1124.5000000000002 47.276133446207965 0.53068666775428397 -0.021049991250038144 5807.5000000000009 5717.5000000000009 5917.5000000000009 1747.5000000000002 3.6468797413313676 1170.5000000000002 0.33714999258518225 -1.5185526007077674 0.80904999375343334 -0.085375683879791359 -1.4406329606442956 77.653060292580236
decision_type=2 2 2 2 2 2 2 2 2 2 2 2 2 2 2 2 2 2 2 2 2 2 2 2 2 2 2 2 2 2
left_child=-1 2 8 4 5 10 7 -7 9 -2 11 -4 17 14 -14 16 -16 -11 19 21 22 23 25 -19 -25 -20 27 28 -22 -30
right_child=1 -3 3 -5 -6 6 -8 -9 -10 12 -12 -13 13 -15 15 -17 -18 18 20 -21 26 -23 -24 24 -26 -27 -28 -29 29 -31
leaf_value=5.5736531939309945e-05 0.0093955731904946105 -0.0027554328821750643 -0.0004546019486122344 -0.00023143096598856914 -0.0025168448893545699 -0.0024962570990886669 0.017666874741715129 0.0089334167022928537 -0.0015330965972423294 0.010269033061317186 -0.0017494559896061785 -0.0034613420724928503 0.0020141284328683228 -0.0033045251850071598 -0.00074238982353844695 0.021034612364325776 0.0057154427626218522 -0.0026398346048138828 0.0065411462445593687 -0.0025270813107319875 -0.0049853318874584678 0.010159703408917817 -0.0038577829326488424 -0.0014007914280063116 0.0092747877500869158 0.015125171167013684 0.0001487408820946301 -0.00024527014605606082 -0.0011928974991190539 0.0085651069401965988
leaf_weight=82 173 105 377 1094 213 159 84 104 276 78 158 132 796 72 519 64 64 476 83 179 64 171 66 78 104 134 1103 1539 700 105
leaf_count=82 173 105 377 1094 213 159 84 104 276 78 158 132 796 72 519 64 64 476 83 179 64 171 66 78 104 134 1103 1539 700 105
internal_value=-0.00212461 -0.0022717 -0.00212595 -0.00437876 -0.00724432 -0.0052208 0.00109375 -0.00404851 -0.00135932 -0.00102236 -0.00848958 -0.00551556 -0.00129609 0.00158882 0.0024413 -0.00144939 -0.00339286 -0.00219243 -0.00243187 -0.00601185 -0.00147407 -0.00306355 0.00838542 -0.00580694 0.00336898 0.0134009 -0.00227958 -0.00382926 -0.00764874 -0.00617901
internal_weight=9352 9270 9165 2321 1227 1014 347 263 6844 6568 667 509 6395 1515 1443 647 583 4880 4802 1008 3794 829 283 658 182 217 3511 2408 869 805
internal_count=9352 9270 9165 2321 1227 1014 347 263 6844 6568 667 509 6395 1515 1443 647 583 4880 4802 1008 3794 829 283 658 182 217 3511 2408 869 805
is_linear=0
shrinkage=0.035


Tree=85
num_leaves=31
num_cat=0
split_feature=159 257 271 169 109 114 160 210 259 260 148 27 90 260 31 170 183 21 267 182 175 93 69 271 270 189 172 68 270 193
split_gain=17.7637 13.2858 13.3334 18.4481 14.9355 16.4817 27.62 13.7271 12.1789 14.7117 16.021 13.9466 14.9007 16.3854 19.1994 14.8504 14.6511 16.4134 13.8328 13.8171 13.5957 15.3442 15.3447 17.4078 12.5527 12.5167 11.9956 15.4908 11.726 11.6649
threshold=9.5373990365718821 18.690085408580543 5.8847728332580171 11.471947196030824 0.68105000257492077 59.639801025390632 0.041599996387958534 0.29637569423593152 -0.053537330265795789 0.28836610266930979 165.50000000000003 4971.0000000000009 0.013986034195260046 0.77319694644650439 -48.104891228686874 0.016200002282857898 -0.040312816752094006 0.1519499942660332 -7.2273330266253701 -0.35745626644787881 0.021306747267401931 815.00000000000011 -6.4102974340640051 11.396937324791264 117.64561446004286 13.403000372634454 0.38798002868138398 0.026786243853950304 51.762206567195811 0.91232554427331036
decision_type=2 2 2 2 2 2 2 2 2 2 2 2 2 2 2 2 2 2 2 2 2 2 2 2 2 2 2 2 2 2
left_child=-1 2 29 -4 5 8 -7 -6 11 10 -10 12 15 14 25 19 -16 -18 -12 -5 24 26 -23 -24 -20 -14 27 -22 -25 -2
right_child=1 -3 3 4 7 6 -8 -9 9 -11 18 -13 13 -15 16 -17 17 -19 20 -21 21 22 23 28 -26 -27 -28 -29 -30 -31
leaf_value=5.3785753321432545e-05 -0.00063338763456819271 -0.0026589927312989374 -0.0022424253483670068 0.013099656186233689 -0.0017814266813257914 -0.0040258193178902254 0.0072873601233672371 0.0011532858280151627 -0.0046728365378346359 0.00050319270501234111 0.011218952218111583 0.0085633656022230196 0.0001239193274780265 -0.0018422331320091091 0.016900075130599122 0.012127118709737674 0.0066077838392015814 -0.0021750050678978317 -0.00077422713014976613 -0.0010894445843754074 0.00010126205559199908 -0.0024452261465186991 -0.0012740156859612996 0.016659371171367572 -0.0022009860689133618 -0.0034806294602584579 -0.0016455965894696225 0.014729136456911505 1.5283039793007603e-05 0.00012188747580722526
leaf_weight=82 3354 105 280 76 407 102 79 100 99 1066 77 96 138 64 91 316 152 101 623 171 163 216 195 61 138 141 77 155 68 559
leaf_count=82 3354 105 280 76 407 102 79 100 99 1066 77 96 138 64 91 316 152 101 623 171 163 216 195 61 138 141 77 155 68 559
internal_value=-0.00207225 -0.00221887 -0.00207252 -0.000918775 -0.000421941 0.000227069 -0.00997312 -0.00608398 0.000669154 -0.000594631 -0.00246137 0.00341969 0.00239841 -0.00106214 0.000724522 0.00659331 0.00621777 0.00176357 -0.00167323 0.000138889 -0.00234568 0.000484043 -0.00333945 0.00148936 -0.00580287 -0.00603873 0.0056875 0.00866873 0.0112313 -0.00361792
internal_weight=9352 9270 9165 5252 4972 4465 181 507 4284 2938 1872 1346 1250 687 623 563 344 253 1773 247 1696 935 540 324 761 279 395 318 129 3913
internal_count=9352 9270 9165 5252 4972 4465 181 507 4284 2938 1872 1346 1250 687 623 563 344 253 1773 247 1696 935 540 324 761 279 395 318 129 3913
is_linear=0
shrinkage=0.035


Tree=86
num_leaves=31
num_cat=0
split_feature=159 112 150 225 31 38 257 32 173 52 38 206 274 12 204 137 256 270 55 189 274 131 189 104 255 261 33 132 72 170
split_gain=18.0327 13.7771 17.8616 18.7523 15.5916 20.3298 21.7628 15.118 16.4655 14.3841 13.366 13.2254 14.4077 13.6873 13.3948 12.7003 14.1082 16.3914 11.542 15.9805 13.1894 11.3246 11.663 14.5985 14.4987 14.4296 12.5016 19.0561 12.3838 14.5636
threshold=9.5373990365718821 0.017266192469111697 0.037149995565414436 0.25405114495194353 -23.970414924665004 1791.0000000000002 3.0781022307560759 0.15544999390840533 0.96808819018749592 6827.5000000000009 2146.5000000000005 -0.30165862692074508 0.52773266619773429 18.011724734620199 0.021877786550551746 2590.5000000000005 20.612839909534298 84.338742532589535 0.13534999638795855 14.634483193842295 0.44171870820817821 0.82594999670982372 13.688633508179306 41.500000000000007 0.74102978342982528 535.70498657226574 0.30249999463558203 0.17785000056028369 182.50000000000003 0.012899998575448992
decision_type=2 2 2 2 2 2 2 2 2 2 2 2 2 2 2 2 2 2 2 2 2 2 2 2 2 2 2 2 2 2
left_child=-1 7 3 4 10 6 -6 8 9 21 15 14 13 -13 -9 16 -3 -18 20 -20 -4 22 23 -2 25 -24 27 -27 -29 -30
right_child=1 2 18 -5 5 -7 -8 11 -10 -11 -12 12 -14 -15 -16 -17 17 -19 19 -21 -22 -23 24 -25 -26 26 -28 28 29 -31
leaf_value=5.190325195518431e-05 -0.0018662407189606464 -0.0023012087157168689 0.010121009130106834 -0.0024738606215706791 -0.0024131541622738175 0.01680185852136409 0.0087411196573550804 -5.6829234467853377e-05 0.0081352084244555173 -0.0023539622533463706 -0.0015208239703673595 0.00042693253607233283 -0.0012995915019923267 -0.0026234720577189598 0.016301271316452322 -0.0033379166886883731 0.0050820674099493349 -0.0033018796505120823 -0.00017812696694637672 -0.0022984303376175569 -0.00029346282146766882 0.006257241330833772 -0.0012984092495754824 -0.0001616992250925961 -0.0019731949819707692 -0.00059698621958311827 -0.0046814307833810713 0.0057798947941810255 0.009902714113172683 -0.00070828110259117628
leaf_weight=82 72 65 73 228 159 82 103 70 74 104 156 1501 244 63 73 132 226 82 774 146 112 133 435 2640 310 647 143 169 62 192
leaf_count=82 72 65 73 228 159 82 103 70 74 104 156 1501 244 63 73 132 226 82 774 146 112 133 435 2640 310 647 143 169 62 192
internal_value=-0.00219194 -0.00233962 -0.00466069 -0.00754847 -0.00544059 0.000601719 -0.00419476 -0.00155399 -0.00257621 -0.00282879 -0.00856607 0.00105573 0.00023166 0.00147228 0.0111149 -0.00569608 -0.00231481 0.000894569 -0.00141892 -0.00302703 0.00644737 -0.00254056 -0.00282995 -0.00133971 -0.00488538 -0.00355717 -0.00158046 -0.000260465 0.00547897 0.000540541
internal_weight=9352 9270 2338 1233 1005 344 262 6932 4981 4907 661 1951 1808 1564 143 505 373 308 1105 920 185 4803 4670 2712 1958 1648 1213 1070 423 254
internal_count=9352 9270 2338 1233 1005 344 262 6932 4981 4907 661 1951 1808 1564 143 505 373 308 1105 920 185 4803 4670 2712 1958 1648 1213 1070 423 254
is_linear=0
shrinkage=0.035


Tree=87
num_leaves=31
num_cat=0
split_feature=159 205 206 225 270 49 66 270 260 160 100 69 193 60 9 49 55 4 13 270 270 13 260 140 35 27 272 272 146 205
split_gain=18.1003 12.6702 20.3429 20.293 21.625 28.1294 23.4374 22.9939 24.8379 21.2798 20.8215 21.4622 20.7873 20.8345 20.7357 19.2628 18.2346 17.0268 16.9911 25.4686 20.0585 35.8867 21.4464 19.5687 16.4418 16.1997 16.1172 15.9216 15.8942 15.7059
threshold=9.5373990365718821 0.015791287639497605 0.17822431778692091 0.29365933185758752 37.855637701558599 3195.0000000000005 0.1033499985933304 42.231273038037166 0.9090444880916152 0.021099995821714405 12.123968995900089 -6.0169492155517066 0.77915284705123267 75.000000000000014 123.62547954950789 3656.0000000000005 0.12325000017881395 -7.4370011073434625 119.95048237720634 129.61660950767757 113.22960326925637 99.820024960555415 -0.12330327598714623 6747.5000000000009 0.020305072569813828 2264.5000000000005 0.018050000071525577 0.034700021147727973 -1.0838718072421185 0.011147235520202177
decision_type=2 2 2 2 2 2 2 2 2 2 2 2 2 2 2 2 2 2 2 2 2 2 2 2 2 2 2 2 2 2
left_child=-1 2 16 4 5 6 -3 -6 12 -5 11 -11 26 -14 15 17 -2 -15 19 20 22 -22 23 24 -18 -7 -9 -21 -27 -24
right_child=1 3 -4 9 7 25 -8 8 -10 10 -12 -13 13 14 -16 -17 18 -19 -20 27 21 -23 29 -25 -26 28 -28 -29 -30 -31
leaf_value=5.0086638136754296e-05 -0.0037066879652964007 0.010929729993887916 0.011786350035179412 -0.0023768744297341464 -0.0012055579838290021 0.018035356320901096 -0.0010448905533478035 -0.0013645445256176031 -0.0022940126479678367 -0.00025301967743011471 -0.0027186059663160686 0.014952858774267693 -0.0016622633224027141 -0.00041079806268316094 -0.0015438528475118802 -9.2615801037734821e-05 0.015451208225345585 0.01085557615655414 -0.0017185184776748064 0.017486995212989687 -0.0025564964886252901 0.014956078357514118 -0.0016129977118655161 -0.001717183519274504 0.0030166620909570438 0.016967538582000043 -0.0003413502975297539 -0.00043777035234575634 -0.00027132766401267967 -9.0888333744540428e-05
leaf_weight=82 67 72 153 264 262 67 288 822 163 127 202 68 72 69 65 235 121 326 253 118 259 62 666 77 563 62 1477 64 104 2122
leaf_count=82 67 72 153 264 262 67 288 822 163 127 202 68 72 69 65 235 121 326 253 118 259 62 666 77 563 62 1477 64 104 2122
internal_value=-0.00222187 -0.00236981 -0.00104305 -0.00363263 -0.00270482 0.00345318 -0.00268493 -0.00375429 -0.0029329 -0.0093018 -0.00409204 0.004025 -0.00221101 0.00276554 0.00465 0.00661417 -0.00148732 0.0112875 -0.00119374 -0.000638403 -0.00124645 -0.00955521 -0.000482555 0.00470627 0.00660377 0.0127941 -0.0038737 0.0119786 0.00654971 -0.00190476
internal_weight=9352 9270 4525 4745 4084 593 360 3491 3229 661 397 195 3066 767 695 630 4372 395 4305 4052 3870 321 3549 761 684 233 2299 182 166 2788
internal_count=9352 9270 4525 4745 4084 593 360 3491 3229 661 397 195 3066 767 695 630 4372 395 4305 4052 3870 321 3549 761 684 233 2299 182 166 2788
is_linear=0
shrinkage=0.035


Tree=88
num_leaves=31
num_cat=0
split_feature=154 174 265 120 219 93 8 201 90 115 256 13 258 72 27 247 2 60 148 257 183 98 19 153 148 173 256 256 256 37
split_gain=13.8831 17.021 14.4704 12.6337 12.6056 16.3459 14.2719 23.0444 13.918 13.1067 13.6293 33.8994 31.9161 34.2934 27.8668 40.909 20.3903 25.9984 36.171 25.7581 19.3433 17.2968 14.3911 27.6017 17.8777 14.2621 15.353 43.6488 31.6179 33.2388
threshold=0.083333322286433226 -0.28506786155404323 -3.1306995638352713 0.62784999608993541 9.0833627835971189 1375.5000000000002 -8.8497678593665654 0.12507499940693381 0.020033489150105655 8219.5000000000018 28.028400698666989 31.407430107808043 0.020549997687339786 454.50000000000006 979.50000000000011 601.37500000000011 6655.4099121093759 997.50000000000011 1879.0000000000002 4.2334071861789981 0.85650360867116848 0.45904999971389776 6482.5000000000009 0.22222159002743699 240.50000000000003 0.97543173831505847 33.778558384252449 39.599136243082818 31.509880538085088 29.370200157165531
decision_type=2 2 2 2 2 2 2 2 2 2 2 2 2 2 2 2 2 2 2 2 2 2 2 2 2 2 2 2 2 2
left_child=1 -1 3 -3 6 -6 9 -8 -7 10 14 12 13 -12 -4 -16 17 19 21 -17 -18 -19 24 -24 -23 26 28 -28 29 -13
right_child=-2 2 4 -5 5 8 7 -9 -10 -11 11 25 -14 -15 15 16 20 18 -20 -21 -22 22 23 -25 -26 -27 27 -29 -30 -31
leaf_value=0.00027223668442869083 -0.0011525172585070795 -0.0026518694372821452 -0.0018852091148225973 0.0051961509814587841 7.9016262424065351e-05 -0.0041921870446739468 0.017721094112362716 -0.00099749709183701214 -0.0017349523699524759 -0.0014638600902357798 0.011944805045952644 -0.00087321971904051284 -0.0022431519400624897 -0.0019961072143498465 0.012674998382993703 -0.00030285015906143965 -0.0018301333402004356 -0.0017520456424702348 0.019074107768723987 -0.0020610365897313987 6.25224679032771e-05 0.0013227192973412482 0.014265911703814407 -0.0008083069760643775 -0.00067030321148699623 0.010209730791631951 0.0083675049487628265 -0.00056898260148967187 -0.0014367558333322084 0.012544462090826049
leaf_weight=64 140 87 80 605 121 91 61 100 112 127 243 62 148 79 99 259 237 100 73 145 88 98 103 83 352 67 324 4618 476 110
leaf_count=64 140 87 80 605 121 91 61 100 112 127 243 62 148 79 99 259 237 100 73 145 88 98 103 83 352 67 324 4618 476 110
internal_value=-0.00228171 -0.00211132 -0.0022408 0.00261119 -0.00263917 -0.0093617 -0.00236574 0.0078012 -0.0153125 -0.00257585 -0.00239011 -0.0016153 0.00736842 0.0134862 -0.00514228 -0.00411389 -0.00553467 -0.00341954 0.000214988 -0.0106112 -0.0132576 -0.00217274 0 0.00806283 -0.00338462 -0.00236754 -0.00256479 -0.0018961 -0.00761103 0.00514124
internal_weight=9352 9212 9148 692 8456 324 8132 161 203 7971 7844 6127 470 322 1717 1637 1538 1213 809 404 325 736 636 186 450 5657 5590 4942 648 172
internal_count=9352 9212 9148 692 8456 324 8132 161 203 7971 7844 6127 470 322 1717 1637 1538 1213 809 404 325 736 636 186 450 5657 5590 4942 648 172
is_linear=0
shrinkage=0.035


Tree=89
num_leaves=31
num_cat=0
split_feature=159 32 13 270 144 272 270 153 78 55 10 222 114 170 274 66 13 104 256 93 270 137 260 270 71 8 254 256 32 160
split_gain=18.0496 14.2218 12.8266 32.0111 20.812 16.7375 14.9794 19.3319 16.5065 26.3335 29.2192 13.7568 13.6692 36.2427 16.583 15.035 39.1006 25.5323 22.9839 21.8705 20.5704 20.6192 20.4971 30.2578 30.6986 29.6328 28.0829 19.8896 17.7894 17.6836
threshold=9.5373990365718821 0.13405000418424609 119.95048237720634 138.21409499605315 64.541607763849413 0.030300013720989231 121.33994002632734 -0.6791049928239804 23.151733022432051 0.52235001325607311 61.418803685787758 38.273089114076356 58.97924995422364 0.018399987369775776 0.46981584472534038 0.25755000114440924 47.457975641383882 1572.0000000000002 80.187768460179427 2068.5000000000005 111.331270643211 184.50000000000003 0.039134449257359996 31.840684456677042 918.00000000000011 -28.409399385244544 2.2850955796593913 41.900814881974092 0.14355000108480456 0.024550005793571476
decision_type=2 2 2 2 2 2 2 2 2 2 2 2 2 2 2 2 2 2 2 2 2 2 2 2 2 2 2 2 2 2
left_child=-1 -2 3 6 5 -5 8 -8 12 10 -10 -4 15 -14 -15 18 -17 -18 20 -20 21 -3 -23 25 27 -24 -27 -25 -19 -29
right_child=1 2 11 4 -6 -7 7 -9 9 -11 -12 -13 13 14 -16 16 17 28 19 -21 -22 22 23 24 -26 26 -28 29 -30 -31
leaf_value=3.9084595747420072e-05 -0.00088175111632819085 0.0084775904512269518 -0.0018457214932165104 0.021703159345336571 0.015944973659755082 -0.0028726629098238866 0.00036877889639639065 -0.0026821170910935415 0.019264181729392139 -0.0030394555891277153 0.001446677048554904 0.0033717451623043095 -0.0034280426849031594 0.0078931870966929447 -0.0042495345885672862 -0.0030300810507303292 -0.0015001871004583446 -0.0025934333351702644 0.019975582081938156 -0.00073703014909740191 -0.0043204263648883856 -0.00078227348475656041 0.020447624566320502 0.017779678824146699 -0.00029155416386359172 0.014468196039883427 -0.0051392233862385187 0.018196313601063108 0.0096197843290182165 -0.00053943399342290814
leaf_weight=82 750 250 262 60 82 63 107 219 69 64 73 76 188 157 61 241 873 87 118 62 75 1078 132 76 3504 62 69 60 243 109
leaf_count=82 750 250 262 60 82 63 107 219 69 64 73 76 188 157 61 241 873 87 118 62 75 1078 132 76 3504 62 69 60 243 109
internal_value=-0.00219942 -0.00234717 -0.00193783 -0.00165873 0.0118333 0.00246094 -0.00201265 -0.00930514 -0.00169606 0.00796209 0.0161905 -0.00857143 -0.00196846 -0.00817518 0.00156951 -0.00160491 -0.00478261 -0.00217301 -0.00078125 0.0113514 -0.00119465 -0.000929841 -0.00141511 -0.000261389 -0.00107219 0.0111007 -0.000772059 0.01078 0.0060597 0.00382184
internal_weight=9352 9270 8520 8182 205 123 7977 326 7651 206 142 338 7445 406 218 7039 1444 1203 5595 180 5415 5340 5090 4012 3749 263 131 245 330 169
internal_count=9352 9270 8520 8182 205 123 7977 326 7651 206 142 338 7445 406 218 7039 1444 1203 5595 180 5415 5340 5090 4012 3749 263 131 245 330 169
is_linear=0
shrinkage=0.035


Tree=90
num_leaves=31
num_cat=0
split_feature=159 32 177 19 270 261 205 233 8 82 30 211 132 261 83 265 126 114 160 54 256 247 64 242 183 256 270 270 213 256
split_gain=18.3548 13.392 13.1413 12.9561 15.0689 14.982 26.7093 14.5028 19.516 24.8216 13.4358 23.3725 17.7724 13.2595 12.9302 12.6288 14.0606 13.1227 16.9689 13.028 12.5485 11.6553 11.6292 10.8249 15.9041 15.8337 24.2001 24.8548 21.9234 19.1
threshold=9.5373990365718821 0.13405000418424609 -0.050034512343344023 6872.5000000000009 26.307643337263453 618.01000976562511 0.016298737630730958 6742.2548828125009 -24.498616590150849 820.50000000000011 6677.5000000000009 0.09331115358961152 0.15865000337362292 604.33999633789074 163.50000000000003 -3.2182126173907473 455.50000000000006 58.97924995422364 0.03420000150799752 0.24155000597238543 41.44690439749013 666.55499267578136 9.1581796391082566 104.30627550878098 -0.87929578193393121 87.007749686297487 111.331270643211 109.14500594224752 10.099054305647062 79.898249011729277
decision_type=2 2 2 2 2 2 2 2 2 2 2 2 2 2 2 2 2 2 2 2 2 2 2 2 2 2 2 2 2 2
left_child=-1 -2 -3 5 -5 7 -7 10 9 -9 13 20 -13 15 -14 16 -4 21 -19 -18 -12 23 -10 25 -25 26 27 29 -27 -17
right_child=1 2 3 4 -6 6 -8 8 22 -11 11 12 14 -15 -16 17 19 18 -20 -21 -22 -23 -24 24 -26 28 -28 -29 -30 -31
leaf_value=3.7716634896260432e-05 -0.0008508898272567044 0.0054340829194282304 -0.0019697571329006314 -0.0013928730174516712 -0.0026895547337824548 0.01090279175515152 -0.0015525726756188847 0.010325407686026295 -0.0039771591080460175 -0.00069934522283868661 -0.00069230537002073242 0.01259031994042208 0.0045321689752127105 -0.0047229684103519184 -0.0012915920042791088 -0.00029824558256265511 -0.0012923431756473786 -0.0049381232982419164 0.0057980184047100626 0.0096001071784837001 0.0026090934300973547 0.0081291853226255813 -0.00065322921900190652 0.0012791191622000531 -0.002800754565035919 0.01009561682809099 -0.0020394200343347205 0.024827785195788578 -0.0024978617930658687 -0.0038524309152184388
leaf_weight=82 750 112 147 83 80 126 92 82 66 135 64 85 63 92 63 5095 120 98 67 290 62 66 64 139 315 300 297 91 108 118
leaf_count=82 750 112 147 83 80 126 92 82 66 135 64 85 63 92 63 5095 120 98 67 290 62 66 64 139 315 300 297 91 108 118
internal_value=-0.00233408 -0.00248302 -0.00208563 -0.00224652 -0.011875 -0.00204909 0.00690583 -0.00229644 -0.00924716 -0.00268018 -0.00197658 0.00480994 0.0118287 -0.0022911 0.00320611 -0.00211756 0.00292705 -0.00253918 -0.0121471 0.00624096 -0.00694656 -0.00228727 -0.0197037 -0.00244048 -0.00762527 -0.00204273 -0.00252854 -0.00197777 0.00457627 -0.00230069
internal_weight=9352 9270 8520 8408 163 8245 218 8027 347 217 7680 337 211 7343 126 7251 557 6694 165 410 126 6529 130 6463 454 6009 5601 5304 408 5213
internal_count=9352 9270 8520 8408 163 8245 218 8027 347 217 7680 337 211 7343 126 7251 557 6694 165 410 126 6529 130 6463 454 6009 5601 5304 408 5213
is_linear=0
shrinkage=0.035


Tree=91
num_leaves=31
num_cat=0
split_feature=159 49 271 224 38 267 152 223 183 148 25 82 10 193 17 5 33 274 148 82 229 93 23 110 170 260 60 183 107 261
split_gain=18.3888 12.0664 11.2067 21.0866 14.3511 14.22 13.2521 13.1321 15.1857 12.9316 12.7995 26.0599 17.5434 12.0475 11.2975 16.4451 11.0842 10.7151 10.6867 12.7844 15.3392 15.9653 14.2935 10.8052 10.4907 10.4163 20.6125 13.7989 15.4179 21.6307
threshold=9.5373990365718821 19950.500000000004 15.899067284748485 0.43834264369012182 1464.5000000000002 -9.0252649354594077 0.15463917525726703 4.6918244381347343 0.086122478368848412 256.50000000000006 -6.7983372041735697 1163.5000000000002 64.128364634767166 0.60152949188069027 21.779178816723203 133.61608437062446 0.57839998602867138 -0.25258990617271682 94.500000000000014 1274.5000000000002 5.9883597000082176 680.50000000000011 4.9942082221693331 0.24974999576807025 0.018399987369775776 0.93807020323312085 75.000000000000014 0.85358983167205749 6837.5000000000009 614.16497802734386
decision_type=2 2 2 2 2 2 2 2 2 2 2 2 2 2 2 2 2 2 2 2 2 2 2 2 2 2 2 2 2 2
left_child=-1 2 5 7 6 -2 -5 -4 17 -10 14 12 13 -12 15 16 25 -9 -16 20 21 -20 -22 -21 -13 27 -27 28 29 -7
right_child=1 -3 3 4 -6 10 -8 8 9 -11 11 24 -14 -15 18 -17 -18 -19 19 23 22 -23 -24 -25 -26 26 -28 -29 -30 -31
leaf_value=3.6396552674891063e-05 0.0068780246693526462 -0.0013703632863021585 0.011392421398618199 -0.0035339292249891943 0.011042500376206504 -0.00043762181227177346 0.011940662637728481 -0.0011237755342104331 -5.2477963971669929e-06 -0.003189842959476837 0.016658152363704676 -0.0046555542084091364 -0.0037462680350475123 -0.00051004070940270294 -0.0024818796232978029 -0.0014092611737713575 -0.0070140270382246517 0.013026389855544858 -0.00073340255872116457 -0.0038570059213682978 -0.0041891161484595516 0.015116297568401934 0.0093168923834690762 0.003643860134294563 -0.0023054722740773938 -9.7452158399162328e-06 -0.0026666651077301576 0.00025232851047075276 -0.0022077964553861166 0.0067041226469792747
leaf_weight=82 262 88 77 65 90 5747 102 90 61 101 61 109 85 65 68 165 95 96 61 60 69 128 69 129 100 100 69 753 101 204
leaf_count=82 262 88 77 65 90 5747 102 90 61 101 61 109 85 65 68 165 95 96 61 60 69 128 69 129 100 100 69 753 101 204
internal_value=-0.00234904 -0.00249811 -0.00236965 0.00193595 0.00975191 -0.00271605 0.0034593 -0.00284884 -0.00575071 -0.0134132 -0.00297222 -0.00889412 -0.000162037 0.00801527 -0.0026486 -0.00302666 -0.00276576 0.00109948 0.00202037 0.003762 0.00790663 0.0142526 -0.000979021 -0.00342784 -0.0175 -0.00259779 -0.0110632 -0.00237959 -0.00293545 -0.00269728
internal_weight=9352 9270 9182 682 257 8500 167 425 348 162 8238 420 211 126 7818 7234 7069 186 584 516 327 189 138 189 209 6974 169 6805 6052 5951
internal_count=9352 9270 9182 682 257 8500 167 425 348 162 8238 420 211 126 7818 7234 7069 186 584 516 327 189 138 189 209 6974 169 6805 6052 5951
is_linear=0
shrinkage=0.035


Tree=92
num_leaves=31
num_cat=0
split_feature=159 49 102 177 193 112 61 219 173 274 115 183 183 85 261 82 31 93 71 126 114 272 93 184 169 256 256 24 36 147
split_gain=18.2528 12.1841 11.2109 11.8913 14.7512 12.0596 15.1351 15.1018 13.8726 15.3396 20.8575 18.512 15.6542 15.5161 28.141 15.757 16.1459 19.5208 17.6956 17.472 16.4576 16.3258 16.2601 15.7589 21.477 18.3734 25.4195 27.8531 17.4279 16.7536
threshold=9.5373990365718821 19950.500000000004 -2.0257154008175755 -0.050034512343344023 0.75949871543648817 0.017266192469111697 48.500000000000007 9.0833627835971189 0.97091491646083239 0.84377529120022077 2388.0000000000005 0.80946712224159834 0.61597481636843099 6847.5000000000009 616.82498168945324 254.00000000000003 -42.914100622646885 1871.5000000000002 1589.5000000000002 1309.0000000000002 54.05529975891114 0.017000012099742893 2272.5000000000005 -0.016792453686518782 11.471947196030824 78.396686661671581 63.012936166018854 0.022730185754137558 -8.2873871885422083 27.259249687194828
decision_type=2 2 2 2 2 2 2 2 2 2 2 2 2 2 2 2 2 2 2 2 2 2 2 2 2 2 2 2 2 2
left_child=-1 2 3 4 -2 7 -7 8 9 11 -11 12 13 14 15 -5 17 23 22 -18 21 -21 -19 24 -17 26 27 -25 29 -27
right_child=1 -3 -4 5 -6 6 -8 -9 -10 10 -12 -13 -14 -15 -16 16 19 18 -20 20 -22 -23 -24 25 -26 28 -28 -29 -30 -31
leaf_value=3.5122673331271504e-05 -0.00075633146132638471 -0.0013224005712815837 -0.0028952294487534689 0.009813976626334233 0.010205211625370463 0.0011297767551394751 -0.00085249711300170675 -0.0012889929878371533 0.0093392854165901193 -0.0016465298190719909 0.00038803545154727088 0.0014725737975767408 -0.00072902556577286802 -0.0021289226416430994 0.010178369452252813 -0.0036690168222770262 0.0039058814074620809 -0.003008588359125717 -0.0028824508317166686 -0.00065719904133777654 -0.0017119814265471607 0.0037327672644756589 0.0064479274412850849 0.0097381205953125227 0.0018375110204715908 0.010989031762325937 -0.0038472009856086778 -0.00078664431220451254 0.01046471338611997 -0.0016628971529930579
leaf_weight=82 74 88 142 103 75 116 2090 183 74 135 84 441 662 78 152 99 668 134 284 202 104 311 150 114 1121 131 370 646 191 248
leaf_count=82 74 88 142 103 75 116 2090 183 74 135 84 441 662 78 152 99 668 134 284 202 104 311 150 114 1121 131 370 646 191 248
internal_value=-0.0022892 -0.00243774 -0.0023087 -0.00215146 0.0075 -0.00231733 -0.00455902 -0.00157474 -0.00129092 -0.00146899 -0.0104688 -0.00114339 -0.00167331 -0.0010135 -0.000764951 -0.00123335 -0.00153098 -0.00276553 -0.00867365 0.00181783 -0.00241961 0.000202703 -0.00242215 -0.00160342 0.00142857 -0.00377713 -0.00635242 -0.00265359 0.00133913 -0.00300781
internal_weight=9352 9270 9182 9040 149 8891 2206 6685 6502 6428 219 6209 5768 5106 5028 4876 4773 3488 568 1285 617 513 284 2920 1220 1700 1130 760 570 379
internal_count=9352 9270 9182 9040 149 8891 2206 6685 6502 6428 219 6209 5768 5106 5028 4876 4773 3488 568 1285 617 513 284 2920 1220 1700 1130 760 570 379
is_linear=0
shrinkage=0.035


Tree=93
num_leaves=31
num_cat=0
split_feature=159 61 102 193 213 270 6 104 268 193 82 38 256 126 92 20 27 27 74 96 150 6 274 150 49 64 129 148 118 261
split_gain=18.457 11.9227 11.5521 12.0767 19.3668 19.432 18.0281 17.8547 20.9596 15.5518 21.1845 19.1302 15.3719 14.7607 14.2325 14.4082 14.0105 26.4124 36.0644 22.563 20.7866 32.0023 19.2765 19.1103 19.439 19.7315 16.5139 16.2789 15.9302 17.7701
threshold=9.5373990365718821 387.50000000000006 -2.0257154008175755 0.91232554427331036 10.267175348691657 87.226155537662734 18.482852338428284 46.500000000000007 2.4148762417774976 0.8546473130177229 617.50000000000011 844.50000000000011 28.692336326521971 118.50000000000001 55.050350189208991 21.044385066159027 2836.5000000000005 2944.5000000000005 6687.5000000000009 5932.5000000000009 0.038250006735324867 -73.131732935698878 0.72765521063091299 0.042899999767541892 2068.5000000000005 10.104003160211763 6807.5000000000009 566.50000000000011 6852.5000000000009 616.82498168945324
decision_type=2 2 2 2 2 2 2 2 2 2 2 2 2 2 2 2 2 2 2 2 2 2 2 2 2 2 2 2 2 2
left_child=-1 2 3 6 5 7 9 8 -5 16 11 13 -9 -11 15 -6 22 -18 19 27 -21 -22 28 -23 -25 -26 -20 -19 29 -2
right_child=1 -3 -4 4 14 -7 -8 12 -10 10 -12 -13 -14 -15 -16 -17 17 18 26 20 21 23 -24 24 25 -27 -28 -29 -30 -31
leaf_value=3.3893379764676773e-05 -0.00037495325403207437 -0.0013595267702771368 -0.0032287796012047789 0.0032871550095579486 -9.058864616576485e-05 -0.0016686825503105377 -0.0014432685863050455 -4.2348350288523578e-05 -0.00553704766881146 -0.001964844224539207 -0.0033686576854520672 0.0050817090960030261 0.0067971148431411723 0.00013070828717230644 0.00068863329369973285 -0.0028276670304546343 0.017099128259672604 -0.0021051959530797521 0.01061496107920702 -0.0012460707817728198 -0.0024275414067064134 0.017311282535548731 -0.0015835407572959747 0.0083956318634468303 0.0062677250878888655 -0.00096369953081111885 -0.00011192044295324612 0.013636691703177151 -0.0025031165372901426 0.00611364133173332
leaf_weight=82 4925 676 132 62 66 102 390 106 72 62 144 85 348 63 60 79 122 62 194 424 84 75 162 103 81 198 97 105 60 131
leaf_count=82 4925 676 132 62 66 102 390 106 72 62 144 85 348 63 60 79 122 62 194 424 84 75 162 103 81 198 97 105 60 131
internal_value=-0.00237897 -0.0025283 -0.00217351 -0.00200898 0.00182778 0.00463309 -0.00246368 0.00708263 -0.00402878 -0.0020614 -0.00916435 -0.00195349 0.0103704 -0.0105 -0.0075 -0.0133 -0.00168644 0.00124194 -0.000122549 -0.00295515 -0.00501546 -0.000448718 -0.00254401 0.00325758 0 -0.00480634 0.0107601 0.00875 -0.00215973 -0.00193638
internal_weight=9352 9270 8594 8462 895 690 7567 588 134 7177 354 210 454 125 205 145 6823 1545 1423 1132 965 541 5278 457 382 279 291 167 5116 5056
internal_count=9352 9270 8594 8462 895 690 7567 588 134 7177 354 210 454 125 205 145 6823 1545 1423 1132 965 541 5278 457 382 279 291 167 5116 5056
is_linear=0
shrinkage=0.035


Tree=94
num_leaves=31
num_cat=0
split_feature=83 19 93 163 160 261 11 145 191 30 169 143 13 30 33 261 27 19 2 143 49 247 19 10 55 60 150 11 115 261
split_gain=13.5881 12.7755 20.4274 14.8117 14.7353 17.8854 21.9747 17.366 18.5856 13.0035 15.0699 16.3268 33.9431 23.7274 14.9557 14.817 18.4598 14.8146 31.5557 44.1338 28.7752 26.9812 21.4009 28.9874 24.9974 23.2282 22.567 20.3033 19.3663 18.5469
threshold=4.5000000000000009 5277.5000000000009 26.500000000000004 -0.92771085342670701 0.0085000060498714464 470.04499816894537 75.701292865761886 0.015037586976218905 0.1208500023931265 5232.5000000000009 11.471947196030824 0.3335500061511994 41.727921519792822 5457.5000000000009 0.36364999413490301 627.19500732421886 11369.500000000002 5807.5000000000009 5971.6101074218759 0.18104999512434009 1322.0000000000002 599.69500732421886 5842.5000000000009 39.87470848536563 0.21354999393224719 1527.5000000000002 0.042600002139806754 48.026327997529073 657.50000000000011 523.81002807617199
decision_type=2 2 2 2 2 2 2 2 2 2 2 2 2 2 2 2 2 2 2 2 2 2 2 2 2 2 2 2 2 2
left_child=-1 -2 -3 -4 5 -5 7 -7 -9 -6 -11 14 -13 -14 15 16 17 20 19 -19 28 27 -21 24 -24 26 -25 -20 -12 -23
right_child=1 2 3 4 9 6 -8 8 -10 10 11 12 13 -15 -16 -17 -18 18 21 22 -22 29 23 25 -26 -27 -28 -29 -30 -31
leaf_value=3.2427837572457374e-05 -0.0019586449855425823 0.014969164544240438 0.0097537596195313297 0.0051913822514486367 0.013251736513355653 0.00089159428039449387 -0.0028150424808376542 0.0031100928180852853 -0.0019406243675948128 -0.0038443507281968937 -0.002621557383670143 -0.0027228560118555374 -0.0015258088298021617 0.012004682023140362 -0.0022913021155670813 0.0090457924487161358 -0.0045542242335459204 0.013346684745417055 0.00027706103260793647 0.013256137304411044 -0.0027481429889185159 0.018100650753409102 -0.00083312504794520498 -0.0023888092410046463 0.022449575280236372 -0.0049272235505906951 0.0088347680976630372 -0.0020251617331000461 0.0059133675581684777 -0.00032257708985373421
leaf_weight=73 76 124 97 72 70 117 233 69 160 232 85 74 142 328 238 109 132 120 67 65 225 131 66 223 132 97 172 313 154 5156
leaf_count=73 76 124 97 72 70 117 233 69 160 232 85 74 142 328 238 109 132 120 67 65 225 131 66 223 132 97 172 313 154 5156
internal_value=-0.0024463 -0.00256732 -0.00244407 -0.00263926 -0.00278847 -0.00784299 -0.0098887 -0.00418803 -0.00972222 -0.00238904 -0.00251936 -0.00226102 0.00357013 0.00707368 -0.00268692 -0.00239865 -0.00259695 -0.00234631 -0.00191385 0.00425568 -0.00835821 -0.00286936 0.00105921 -0.000805755 0.0103448 -0.00535211 -0.0014875 -0.0118182 0.000143443 -0.00221561
internal_weight=9352 9279 9203 9079 8982 651 579 346 229 8331 8261 8029 544 470 7485 7247 7138 7006 6542 875 464 5667 755 690 198 492 395 380 239 5287
internal_count=9352 9279 9203 9079 8982 651 579 346 229 8331 8261 8029 544 470 7485 7247 7138 7006 6542 875 464 5667 755 690 198 492 395 380 239 5287
is_linear=0
shrinkage=0.035


Tree=95
num_leaves=31
num_cat=0
split_feature=159 260 36 67 183 107 246 261 129 81 160 205 69 232 256 256 256 6 214 260 137 27 267 183 247 189 270 13 30 93
split_gain=16.6351 12.1198 18.281 19.6568 17.8297 22.3444 25.0499 19.6726 29.8181 19.2384 21.6682 18.5426 18.484 17.5624 22.044 15.7033 18.1431 16.0047 15.1084 13.8733 13.3833 16.5149 11.4314 12.6057 12.2248 23.5484 19.1009 31.9775 20.7381 27.697
threshold=9.5373990365718821 0.87901972430108455 -7.9578364075115458 3.8097567887810979 0.85358983167205749 6837.5000000000009 0.75726474997840942 616.82498168945324 6732.5000000000009 58.401800155639656 0.02439999952912331 0.016172213516773556 -5.5784674773293785 16.072684265154294 22.006985911151308 39.814782375015241 41.533166663104872 -3.0042214375803611 0.049300007522106178 0.22310217734854421 2446.5000000000005 3578.0000000000005 -8.5276824867680521 0.09581860426604337 611.83499145507824 14.274323997262089 55.410939282300824 36.239228121745391 6362.5000000000009 1025.5000000000002
decision_type=2 2 2 2 2 2 2 2 2 2 2 2 2 2 2 2 2 2 2 2 2 2 2 2 2 2 2 2 2 2
left_child=-1 4 3 -3 5 6 7 8 9 22 -11 -9 -7 14 -6 20 -17 -18 -8 -12 -16 -22 23 -2 25 -24 27 28 29 -26
right_child=1 2 -4 -5 13 12 18 11 -10 10 19 -13 -14 -15 15 16 17 -19 -20 -21 21 -23 24 -25 26 -27 -28 -29 -30 -31
leaf_value=3.1572137157879213e-05 0.011001268337261179 0.0026037819739609886 0.0074666123809588062 -0.0016560471907906514 -0.00087807516269512178 -0.0026143479376174068 -0.0030140778974116246 0.0094553045783476192 -0.0016330954072458091 -0.0033887713946776873 0.0035959075889550524 -0.0020917102222955033 -0.00051598789928824107 -0.0016253726496906864 0.014102975398512478 -0.008955121208989553 0.01053062610920087 -0.0010623021653922155 0.00015968342953292638 -0.0033609321452178578 -9.6713029305001155e-05 0.01326052320339696 -0.00037883687024745598 -0.0024213546420961255 -0.0015544707431592493 -0.0022642212136928519 0.0010436438984126441 -0.0010392551143533341 -0.00050722367445904613 0.010601606673091348
leaf_weight=82 194 66 69 314 71 68 174 147 110 107 132 60 66 116 116 60 88 83 69 116 111 90 3262 65 88 453 1587 192 935 261
leaf_count=82 194 66 69 314 71 68 174 147 110 107 132 60 66 116 116 60 88 83 69 116 111 90 3262 65 88 453 1587 192 935 261
internal_value=-0.00237149 -0.00251321 -0.00809471 -0.0110909 -0.00222468 -0.0026993 -0.00245444 -0.00210073 -0.00239643 -0.00211978 -0.0100139 0.00841981 -0.0166187 0.00297973 0.00532853 0.00772152 0.000741525 0.0065625 -0.0134073 -0.0041502 0.0127174 0.00696602 -0.00171471 0.00543561 -0.00199174 -0.00334005 -0.000353651 -0.00321404 -0.00119472 0.00603107
internal_weight=9352 9270 449 380 8821 8086 7952 7709 7502 7392 355 207 134 735 619 548 231 171 243 248 317 201 7037 259 6778 3715 3063 1476 1284 349
internal_count=9352 9270 449 380 8821 8086 7952 7709 7502 7392 355 207 134 735 619 548 231 171 243 248 317 201 7037 259 6778 3715 3063 1476 1284 349
is_linear=0
shrinkage=0.035


Tree=96
num_leaves=31
num_cat=0
split_feature=159 260 183 107 173 19 261 233 9 37 256 256 225 158 92 269 4 20 101 38 82 129 30 126 148 169 126 194 38 179
split_gain=16.4091 14.7198 17.5576 19.6416 19.5708 39.589 25.2723 29.5757 24.732 18.2803 17.42 24.6574 17.1168 17.0924 17.5213 16.8004 16.0767 15.6682 18.0627 15.4547 16.6023 14.1764 21.7276 18.0205 14.8055 17.3259 18.7393 18.6123 16.0602 15.8842
threshold=9.5373990365718821 0.87901972430108455 0.85358983167205749 6837.5000000000009 0.69138356732367112 6052.5000000000009 616.82498168945324 6742.2548828125009 90.198374571900132 32.964799880981452 22.006985911151308 39.814782375015241 0.15793145645765555 0.0035000070929527287 62.90575027465821 -2.9925734029384583 -19.501554581390316 19.571024953279895 0.013172330795922201 829.50000000000011 374.50000000000006 6457.5000000000009 6477.5000000000009 2161.5000000000005 1276.5000000000002 13.989690729967032 1152.0000000000002 0.10581616680013309 1092.0000000000002 13.396050817188282
decision_type=2 2 2 2 2 2 2 2 2 2 2 2 2 2 2 2 2 2 2 2 2 2 2 2 2 2 2 2 2 2
left_child=-1 2 3 4 6 8 7 13 16 -5 -4 -12 17 21 -15 -7 -6 -3 -19 -17 -21 24 -23 -24 25 -2 27 28 -27 -26
right_child=1 12 10 9 5 15 -8 -9 -10 -11 11 -13 -14 14 -16 19 -18 18 -20 20 -22 22 23 -25 29 26 -28 -29 -30 -31
leaf_value=3.0467112357353556e-05 -0.00010628054682580713 0.00096553641226563712 -0.00085186943209342321 -0.0024980776705666816 5.8043827223695501e-05 -0.0028561110656975942 0.0073376251169489613 -0.0011700273966052529 -0.0018917366486889678 -0.00022586955395932252 0.0064497832827003143 -0.00051171320696589094 0.0073779837255772704 -0.00054184303359008099 -0.0044305356246162365 -0.0021754485840619151 0.018242482609649793 8.0329793451246474e-05 -0.0021676222191705633 0.0064852068756122193 -0.00083792224862213975 0.028138126119874655 0.002062668739035131 -0.0011047989487263455 0.0074987500059958403 -0.0034467820834624434 -0.0022040511987659116 0.01000673401905375 -0.00019545210116860058 -0.00030837978089223478
leaf_weight=82 1522 72 72 71 67 138 192 201 119 63 354 309 82 2517 108 212 82 61 234 61 232 65 640 133 375 189 259 105 287 448
leaf_count=82 1522 72 72 71 67 138 192 201 119 63 354 309 82 2517 108 212 82 61 234 61 232 65 640 133 375 189 259 105 287 448
internal_value=-0.00226675 -0.00240755 -0.00208985 -0.00256087 -0.00233128 -0.0071452 -0.0017038 -0.00205792 0.00410256 -0.0156115 0.00307432 0.00487275 -0.00855727 -0.00165189 -0.00384601 -0.0118287 0.0134091 -0.0117608 -0.0152833 -0.00871569 -0.00340604 -0.000217229 0.00381969 0.0021144 -0.0012837 -0.00269117 -0.00671006 -0.00316553 -0.00611227 0.00274758
internal_weight=9352 9270 8821 8086 7952 911 7041 6849 268 134 735 663 449 6648 2625 643 149 367 295 505 293 4023 838 773 3185 2362 840 581 476 823
internal_count=9352 9270 8821 8086 7952 911 7041 6849 268 134 735 663 449 6648 2625 643 149 367 295 505 293 4023 838 773 3185 2362 840 581 476 823
is_linear=0
shrinkage=0.035


Tree=97
num_leaves=31
num_cat=0
split_feature=159 6 193 211 26 8 187 242 270 270 153 93 163 242 213 30 247 110 19 242 261 242 130 274 115 9 10 11 260 203
split_gain=16.3448 12.5714 12.5574 18.6547 12.4005 13.5387 14.5623 11.8424 34.4109 15.9697 20.2812 15.5765 14.8088 13.8078 13.4392 17.4775 22.2097 22.8392 30.9025 28.4892 28.2551 21.5579 24.0475 22.0964 21.9128 20.5639 28.4048 20.4034 20.2817 23.2814
threshold=9.5373990365718821 17.816280693214974 0.90063268642978445 0.78510069363826529 38.790750503540046 -31.283938741663913 -4.107293020802674e-06 119.95048237720634 138.21409499605315 121.33994002632734 -0.6791049928239804 493.50000000000006 -0.91374214101882667 130.83783865793635 8.7821694145597231 5937.5000000000009 599.39001464843761 0.28014999628067022 6687.5000000000009 60.181507332570135 523.81002807617199 47.457975641383882 -33.737243494369459 0.74436410200486558 1574.5000000000002 90.198374571900132 90.537647230481539 57.744716470841773 0.4076730973755805 0.14133537412212435
decision_type=2 2 2 2 2 2 2 2 2 2 2 2 2 2 2 2 2 2 2 2 2 2 2 2 2 2 2 2 2 2
left_child=-1 4 -3 -4 7 6 -6 8 9 12 -11 -10 -2 -9 -14 21 27 20 19 -19 -18 24 23 28 -16 26 -22 -17 29 -23
right_child=1 2 3 -5 5 -7 -8 13 11 10 -12 -13 14 -15 15 16 17 18 -20 -21 25 22 -24 -25 -26 -27 -28 -29 -30 -31
leaf_value=2.9400763424847213e-05 0.0075463940745604079 -0.0015996341033212137 0.0062543962462498813 -0.0012440187705472251 0.0022415312168302848 -0.0031207487045374262 -0.0035543627786144248 -0.001846226625404858 0.023897139502023677 0.00048505970686819785 -0.0026499990738052433 0.0044393314311077662 -0.0048082021717259929 0.0014589496069357258 -0.0018890550726898888 0.0003293423918816885 0.025286896414406783 -0.0011905080984936363 -0.0035339842366234374 0.025222304495080582 -0.00016313667350871422 0.0060144397172328338 0.0149968728956892 -0.0013144011860568489 0.0038494390323033176 0.0093575644398175874 -0.0031694197230869854 -0.0024361824863962369 0.014570051764933411 -0.0020776522082865561
leaf_weight=82 89 441 66 97 105 75 106 204 62 108 226 107 77 120 349 77 66 174 203 64 4405 661 105 133 76 123 261 272 194 224
leaf_count=82 89 441 66 97 105 75 106 204 62 108 226 107 77 120 349 77 66 174 203 64 4405 661 105 133 76 123 261 272 194 224
internal_value=-0.00223683 -0.00237736 -0.00724138 0.00104167 -0.00203437 -0.00914089 -0.004375 -0.00178652 -0.00151966 -0.00185821 -0.00929204 0.0138793 -0.00152355 -0.00829787 -0.00169634 -0.00153883 -0.00248407 -0.00191473 -0.00949552 -0.000864198 -0.00121708 0.00152261 0.00373298 0.00230074 -0.0052907 -0.00154047 -0.00191822 -0.0109746 0.0039714 0.00169101
internal_weight=9352 9270 604 163 8666 286 211 8380 8056 7887 334 169 7553 324 7464 7387 5645 5296 441 238 4855 1742 1317 1212 425 4789 4666 349 1079 885
internal_count=9352 9270 604 163 8666 286 211 8380 8056 7887 334 169 7553 324 7464 7387 5645 5296 441 238 4855 1742 1317 1212 425 4789 4666 349 1079 885
is_linear=0
shrinkage=0.035


Tree=98
num_leaves=31
num_cat=0
split_feature=219 21 89 11 249 49 205 270 261 261 260 38 52 247 272 65 207 116 63 161 256 49 13 9 153 270 272 270 69 204
split_gain=14.7158 15.7391 14.3628 17.2241 12.9355 13.7986 12.9091 15.3656 18.3163 18.0145 14.4383 30.2715 20.2615 18.0381 14.1041 13.9301 13.07 12.8521 22.6358 18.5292 18.875 12.8097 14.0595 16.9461 15.733 17.5728 19.0535 16.1813 14.6015 13.359
threshold=9.0833627835971189 0.15454999357461932 6.3542088349336163 41.378188020690168 0.073459019977462084 3524.0000000000005 0.015791287639497605 30.95665160390725 616.82498168945324 609.75500488281261 0.87901972430108455 493.50000000000006 6267.5000000000009 566.14501953125011 0.01255001872777939 0.3798500001430512 -0.055467665858848297 111.50000000000001 6747.5000000000009 0.12037499994039537 33.778558384252449 2514.5000000000005 107.49342224566031 125.93975124691836 -0.8212936545702576 111.331270643211 0.0098000094294548052 129.61660950767757 -5.499927140751244 0.0033861079789620891
decision_type=2 2 2 2 2 2 2 2 2 2 2 2 2 2 2 2 2 2 2 2 2 2 2 2 2 2 2 2 2 2
left_child=2 -2 3 -1 5 -5 7 -4 9 16 11 12 13 -8 15 -13 -9 -16 19 -19 -21 22 23 24 -18 26 -26 -27 -25 -23
right_child=1 -3 6 4 -6 -7 10 8 -10 -11 -12 14 -14 -15 17 -17 21 18 -20 20 -22 29 -24 28 25 27 -28 -29 -30 -31
leaf_value=-0.0014412313907098536 -0.0019469769269155181 8.993652601623159e-05 -0.0015918140093671436 0.013156175535562165 -0.001486353773996932 2.8092462804518163e-05 -0.00014212549558751788 0.0085957318793079551 0.007308070160728505 -0.001822583773800742 -0.0013400663457478128 -0.0015653252068767239 -0.0010020561821100879 0.013767992110204958 -0.00068523983847655753 0.00014746723543294707 0.0076145831713623014 0.010210960121020225 -0.0020318365257186578 -0.0011904426415722815 0.0072822702819507939 0.0011204518798416043 -0.0015248530225145625 -0.00088274352941759848 0.01399195798121108 -0.0027233291557472745 -5.745800321877583e-05 0.0088909507574541167 0.014334586933816567 -0.000704443779225321
leaf_weight=78 222 128 143 91 65 122 71 147 152 118 330 558 118 167 2278 136 113 110 70 165 179 136 362 61 110 193 1939 77 99 814
leaf_count=78 222 128 143 91 65 122 71 147 152 118 330 558 118 167 2278 136 113 110 70 165 179 136 362 61 110 193 1939 77 99 814
internal_value=-0.00227423 -0.00926761 -0.00199734 0.00484765 0.00890459 0.0130046 -0.00228182 -0.000971134 -0.000590615 -0.00103138 -0.00367805 -0.00306715 0.0065928 0.0123868 -0.00405884 -0.00851216 -0.000629931 -0.00294264 0.00198488 0.00488017 0.000802292 -0.00102072 0.000118283 0.00102426 0.000287238 -0.000346386 0.000766796 -0.00865455 0.0118788 -0.0045445
internal_weight=9352 350 9002 356 278 213 8646 4464 4321 4169 4182 3852 356 238 3496 694 4051 2802 524 454 344 3904 2954 2592 2432 2319 2049 270 160 950
internal_count=9352 350 9002 356 278 213 8646 4464 4321 4169 4182 3852 356 238 3496 694 4051 2802 524 454 344 3904 2954 2592 2432 2319 2049 270 160 950
is_linear=0
shrinkage=0.035


Tree=99
num_leaves=31
num_cat=0
split_feature=159 257 6 256 13 258 72 2 27 27 2 5 82 148 256 256 256 13 256 13 260 25 7 270 203 10 53 85 27 170
split_gain=16.3769 11.1849 11.4676 12.1454 31.4956 30.3312 25.4062 23.4469 25.2779 35.8051 26.5749 20.1761 30.9338 21.256 19.5025 39.0217 35.4426 27.7215 32.198 30.2464 29.3401 29.1859 25.4931 24.291 30.7822 23.7772 23.4758 22.4595 20.5933 20.4762
threshold=9.5373990365718821 19.050423631424628 17.816280693214974 28.028400698666989 31.407430107808043 0.020549997687339786 454.50000000000006 6655.4099121093759 979.50000000000011 1339.0000000000002 6625.7697753906259 40.62122346426208 1024.0000000000002 228.50000000000003 33.434670840634517 31.509880538085088 39.599136243082818 43.774267076530379 59.390146533969251 59.036251463130704 0.89845608192937332 -7.4326588077182318 -41.675911865790418 63.291775855494542 -0.33521538301584108 65.928402824397352 -16.379760619654736 6842.5000000000009 2771.5000000000005 0.019099999219179157
decision_type=2 2 2 2 2 2 2 2 2 2 2 2 2 2 2 2 2 2 2 2 2 2 2 2 2 2 2 2 2 2
left_child=-1 2 3 7 5 6 -5 8 -2 -10 11 12 13 -11 15 25 22 -18 20 -20 21 23 -16 24 -19 27 -17 -6 -26 -23
right_child=1 -3 -4 4 14 -7 -8 -9 9 10 -12 -13 -14 -15 16 26 17 18 19 -21 -22 29 -24 -25 28 -27 -28 -29 -30 -31
leaf_value=2.7388500506818627e-05 -0.0018360676465630367 -0.0043257192580139275 -0.00097700883784301255 0.010992812125384468 0.010935865847054532 -0.0022067656324708004 -0.0015299994634931644 -0.0012647642563588641 0.012460429914366264 -0.00026216687725692139 0.017596118760533162 0.01151067066090353 -4.380542247939712e-05 -0.0021023719890962285 0.015395889440274486 -0.0021508837655293163 -0.0016120765498950805 0.011906844835999712 -0.0019941541758606782 -0.00061797105850085827 -0.00088227059485686385 -0.0043549948327085315 0.00057588878740152179 0.0076565751471482533 -0.0012912432807761019 -0.0014117425277855528 0.00061754422870668351 -0.0002473919715799722 0.010758204946565418 0.0014304595927117974
leaf_weight=82 85 70 600 286 86 169 92 356 111 298 93 71 721 296 94 378 664 184 170 2724 80 90 327 537 250 71 86 83 79 119
leaf_count=82 85 70 600 286 86 169 92 356 111 298 93 71 721 296 94 378 664 184 170 2724 80 90 327 537 250 71 86 83 79 119
internal_value=-0.00225179 -0.00239245 -0.00228137 -0.00195235 -0.0012192 0.00678442 0.0122454 -0.00431483 -0.0025625 -0.00153605 -0.00299528 -0.00422717 -0.00522348 -0.0111018 -0.00195122 -0.0074048 -0.00122299 -0.00206344 -0.00101581 -0.00309072 0.00346354 0.00479035 0.00846244 0.00716588 0.00168919 0.004 -0.0132836 0.0110632 -0.00471557 -0.00703271
internal_weight=9352 9270 9200 8600 6569 547 378 2031 1675 1590 1479 1386 1315 594 6022 704 5318 4897 4233 2894 1339 1259 421 1050 513 240 464 169 329 209
internal_count=9352 9270 9200 8600 6569 547 378 2031 1675 1590 1479 1386 1315 594 6022 704 5318 4897 4233 2894 1339 1259 421 1050 513 240 464 169 329 209
is_linear=0
shrinkage=0.035


Tree=100
num_leaves=31
num_cat=0
split_feature=159 212 26 170 9 272 211 2 242 242 56 260 49 71 85 19 41 137 219 247 261 213 183 225 155 49 260 257 42 162
split_gain=14.6178 11.9493 11.9907 11.8706 12.0176 10.6562 12.2141 15.4958 11.3853 16.1928 16.9182 13.155 13.512 22.8912 20.434 17.176 24.3777 29.9127 27.0563 24.6902 19.9533 20.0161 27.9355 26.144 19.9061 19.6792 19.1482 18.8933 23.6973 18.8224
threshold=9.5373990365718821 8.8543784398180723 38.790750503540046 0.018399987369775776 44.370525378970363 -0.014300003647804259 -0.86485363565544826 5663.7250976562509 107.49342224566031 99.99038280537421 10.488688491911525 -0.80810056163952959 520.00000000000011 804.50000000000011 5617.5000000000009 5807.5000000000009 5967.5000000000009 684.00000000000011 -38.988493343820529 587.12500000000011 538.14999389648449 9.678060132944152 0.50675344197709238 0.16329990345003886 0.043958656609591008 1224.5000000000002 0.14542735935949072 2.3356145280537688 24.566922473918677 0.16090738529687054
decision_type=2 2 2 2 2 2 2 2 2 2 2 2 2 2 2 2 2 2 2 2 2 2 2 2 2 2 2 2 2 2
left_child=-1 2 5 -4 -5 -2 7 -7 9 11 -11 -8 13 -13 -14 24 17 18 19 -17 21 22 23 -18 -16 -26 -21 28 -23 -19
right_child=1 -3 3 4 -6 6 8 -9 -10 10 -12 12 14 -15 15 16 20 29 -20 26 -22 27 -24 -25 25 -27 -28 -29 -30 -31
leaf_value=2.6429902989081878e-05 -0.0016613537311606853 -0.0026969729516938619 -0.0027029505069339141 0.003917434556426529 -0.0034651265641609552 -0.00097476836955588404 0.010772602968209468 0.013796743755151849 -0.001795296902329971 -0.00012340278288733506 0.012974333126169567 -0.0026259472253645877 0.0084931550119988902 0.0066851930035395062 -0.0017374399702289902 0.013289108000063134 -1.6977896038739006e-06 0.0023770437726921057 -0.0030190741036429645 0.0011330270220600454 -0.00020804300242336762 0.00078018291933308289 -0.00083057530532846548 0.019385290114415914 0.015706530841186627 -0.0018352435348758817 -0.0039089277424326401 -0.0012994469823039976 -0.0014400546696991441 0.014096752305137732
leaf_weight=82 68 63 145 77 65 111 64 117 394 72 64 478 287 95 395 139 259 146 167 153 4337 149 212 80 74 76 70 646 77 190
leaf_count=82 68 63 145 77 65 111 64 117 394 72 64 478 287 95 395 139 259 146 167 153 4337 149 212 80 74 76 70 646 77 190
internal_value=-0.00222187 -0.00235472 -0.00224544 -0.00922945 -0.00190476 -0.00201569 -0.00190471 0.00600858 -0.00211728 -0.00183607 0.00992908 -0.00203976 -0.00216926 -0.00732699 -0.00176829 -0.00213659 -0.00164178 0.00382184 -0.0013764 0.00400545 -0.00246487 -0.00605392 -0.000818345 0.00539244 -0.00808182 0.00270968 -0.00322368 -0.00933865 -0.000606061 0.0119062
internal_weight=9352 9270 9207 287 142 8920 8852 228 8624 8230 136 8094 8030 573 7457 7170 6625 865 529 362 5760 1423 551 339 545 150 223 872 226 336
internal_count=9352 9270 9207 287 142 8920 8852 228 8624 8230 136 8094 8030 573 7457 7170 6625 865 529 362 5760 1423 551 339 545 150 223 872 226 336
is_linear=0
shrinkage=0.035


Tree=101
num_leaves=31
num_cat=0
split_feature=39 163 183 260 107 261 2 150 23 9 91 115 11 38 104 11 264 183 27 27 9 7 99 150 30 256 256 193 183 203
split_gain=11.7408 12.1171 19.3266 13.578 12.5383 12.7168 16.0505 21.4079 17.1943 26.9687 16.7042 15.8807 14.7758 14.1074 12.3434 14.1016 11.7044 11.4074 11.1539 14.151 22.6225 25.0471 19.9765 28.6706 25.615 21.4007 17.2692 16.3221 14.3757 17.3659
threshold=5.5000000000000009 0.85844040002619237 0.72472550306164918 0.89845608192937332 6837.5000000000009 617.60498046875011 6742.2548828125009 0.055549994111061103 1.2789611982733076 36.194639935265464 -5.3871545544330735 8219.5000000000018 35.538219875697031 1651.5000000000002 46.500000000000007 79.489701144495555 -2.5759214739257126 0.6413423681385052 11369.500000000002 2728.5000000000005 46.094207624009393 -11.755033313566843 0.16035000234842303 0.037349998950958259 5907.5000000000009 33.411224927476333 31.746837367490851 0.9510385935380351 1.0000000180025095e-35 0.34892002915223769
decision_type=2 2 2 2 2 2 2 2 2 2 2 2 2 2 2 2 2 2 2 2 2 2 2 2 2 2 2 2 2 2
left_child=-1 3 -3 4 5 6 8 -8 9 10 13 18 -7 -2 15 -4 -16 -9 19 27 21 22 23 25 -24 -21 -26 -10 -22 -30
right_child=1 2 14 -5 -6 12 7 17 11 -11 -12 -13 -14 -15 16 -17 -18 -19 -20 20 28 -23 24 -25 26 -27 -28 -29 29 -31
leaf_value=2.5504856384464538e-05 -0.001378858238534595 -0.0023550161657662472 0.00069396661526702772 -0.0013773557009506318 -0.0014421822739802595 0.010319517122554588 -0.0019293318000157577 -0.0017003345561860596 -0.00051694404427251434 0.0099093698860471518 -0.0019541886903048284 -0.002563095342724525 7.3546046151826694e-05 0.0084069626030996835 0.0034219655430787347 -0.002602578898384575 -0.00020427595015286239 0.0015564805419881606 -0.0031724248229971878 -0.00053612204014423851 -0.0011967179047805334 -0.0026117116539876042 0.021637299635035998 0.0098798244942725332 0.00087545723111883875 0.012786848609807713 -0.0020165441892148923 0.012433838395864453 0.010821812844300055 0.0010851070386954027
leaf_weight=114 61 210 66 132 114 64 167 61 5337 197 115 100 140 66 78 113 392 62 96 295 78 85 60 289 86 61 229 65 132 287
leaf_count=114 61 210 66 132 114 64 167 61 5337 197 115 100 140 66 78 113 392 62 96 295 78 85 60 289 86 61 229 65 132 287
internal_value=-0.00210965 -0.00224927 -0.00619792 -0.00184101 -0.00165839 -0.00149238 -0.00171603 -0.00972881 -0.00140568 0.00528153 -0.00255061 -0.00181679 0.00703349 0.00609848 -0.00315749 -0.0108424 -0.000147368 0.00136719 -0.00161576 -0.00144814 0.00143746 -0.00135586 0.000204878 0.00393077 -0.00617105 -0.00271468 -0.0101719 -0.00230442 0.0075996 0.0101533
internal_weight=9352 9238 859 8379 8247 8133 7929 290 7639 439 242 7200 204 127 649 179 470 123 7100 7004 1602 1105 1020 645 375 356 315 5402 497 419
internal_count=9352 9238 859 8379 8247 8133 7929 290 7639 439 242 7200 204 127 649 179 470 123 7100 7004 1602 1105 1020 645 375 356 315 5402 497 419
is_linear=0
shrinkage=0.035


Tree=102
num_leaves=31
num_cat=0
split_feature=159 126 174 169 126 163 4 200 41 102 30 115 161 183 22 270 52 122 190 104 5 13 13 71 230 90 274 160 11 102
split_gain=14.3608 13.1859 21.9485 18.5214 17.5879 28.1333 24.3222 20.0413 18.7107 31.0441 27.2363 22.9495 17.3428 23.8592 28.8875 18.8401 20.5356 19.4212 16.4851 16.1423 16.7895 15.9052 24.4121 25.9776 19.5785 20.4926 15.6766 15.5043 18.9323 19.8668
threshold=9.5373990365718821 507.00000000000006 -0.24956139202595368 15.411396657476113 839.00000000000011 0.081575153350421828 -22.867806078131682 -0.055100005120038979 6672.5000000000009 -4.2074466113274811 6427.5000000000009 182.00000000000003 0.1161750014871359 0.47485859383962686 0.20865000039339068 48.867778937371277 6112.5000000000009 19.066125869722921 -0.002799991518259048 1358.5000000000002 38.149631527055512 22.04783541884937 34.980889112754625 1083.0000000000002 -5.3300806570533146 0.024420048314774245 0.9048576285265032 0.032199997454881675 86.015856467466591 -2.8663714179704756
decision_type=2 2 2 2 2 2 2 2 2 2 2 2 2 2 2 2 2 2 2 2 2 2 2 2 2 2 2 2 2 2
left_child=-1 2 -2 19 5 6 -3 8 10 -10 11 -6 -7 14 -14 16 -15 -17 -8 21 -21 -4 23 -23 -25 -26 -24 -9 29 -29
right_child=1 4 3 -5 7 12 18 27 9 -11 -12 -13 13 15 -16 17 -18 -19 -20 20 -22 22 26 24 25 -27 -28 28 -30 -31
leaf_value=2.461218641100993e-05 0.0037812303982069826 0.0056995142974691779 -0.0012521654627622909 -0.0033877576815800783 0.011753724701267839 0.016615436855087273 -0.0031972081855357495 -0.00064379703137822228 0.0085576528982557378 -0.0036204969617369001 0.014143683162488254 -0.00027154403896679228 0.0075334210097887152 0.00026987259282422184 -0.0018249652412326454 0.018006982764295989 -0.0050114818354674183 -0.00077333079467022841 0.0030547821981602467 -0.0022781427583136097 0.00056818916838468237 0.016151850561732468 -0.00048050605004171639 -0.0015924841753547643 -6.968327206676284e-05 0.0059965321866612253 -0.0022680896724234746 -0.00027983798425168516 -0.0012366440426884678 0.012944261814395957
leaf_weight=82 70 267 271 225 119 64 258 2388 63 159 126 388 336 60 108 72 77 85 65 227 113 67 1787 202 429 237 86 291 444 186
leaf_count=82 70 267 271 225 119 64 258 2388 63 159 126 388 336 60 108 72 77 85 65 227 113 67 1787 202 429 237 86 291 444 186
internal_value=-0.00209469 -0.00222642 -0.00383974 -0.00422033 -0.00114548 0.00225483 -0.00352941 -0.00228352 0.00248256 -0.0061674 0.00554075 0.0018457 0.00650558 0.00489906 0.00997773 -0.00280936 -0.0120775 0.00540123 -0.00992378 -0.00356746 -0.0107536 -0.00275778 -0.00196587 0.00264362 0.000962199 0.00385991 -0.00426784 -0.0035169 0.000340173 0.0051556
internal_weight=9352 9270 3714 3644 5556 1392 590 4164 855 222 633 507 802 738 444 294 137 157 323 3419 340 3079 2808 935 868 666 1873 3309 921 477
internal_count=9352 9270 3714 3644 5556 1392 590 4164 855 222 633 507 802 738 444 294 137 157 323 3419 340 3079 2808 935 868 666 1873 3309 921 477
is_linear=0
shrinkage=0.035


Tree=103
num_leaves=31
num_cat=0
split_feature=159 163 183 260 247 37 261 11 85 270 49 213 158 42 125 65 6 257 214 93 231 104 75 27 126 17 213 202 160 200
split_gain=14.4513 12.1373 16.701 16.3289 13.0976 18.8485 18.6924 20.0277 17.7266 18.9726 16.1094 16.2965 13.5796 17.8888 14.9997 14.207 13.4359 13.0335 12.7492 15.169 19.1659 22.619 19.8895 17.3744 18.6225 18.3135 16.672 17.1777 14.4479 13.6171
threshold=9.5373990365718821 0.85844040002619237 0.72472550306164918 0.90296429165866321 682.17001342773449 34.914299011230476 615.23001098632824 87.190819233146058 6742.5000000000009 58.428970347216769 5072.0000000000009 10.131578764362002 0.0024000033736228947 10.89683936993713 58.895500183105476 0.32144999504089361 22.145510479365374 2.9156371409483914 0.0015500038862228396 815.00000000000011 4.2423830919746672 3001.0000000000005 -14.65450660125822 3665.5000000000005 672.00000000000011 -1.0373025213228357 9.8650325458170993 0.16434245366055322 0.030049994587898258 -0.019150003790855404
decision_type=2 2 2 2 2 2 2 2 2 2 2 2 2 2 2 2 2 2 2 2 2 2 2 2 2 2 2 2 2 2
left_child=-1 3 -3 4 6 -6 8 -8 10 -10 12 -12 13 17 -14 -15 18 -2 -17 29 22 26 -21 24 28 -26 27 -22 -24 -20
right_child=1 2 -4 -5 5 -7 7 -9 9 -11 11 -13 14 15 -16 16 -18 -19 19 20 21 -23 23 -25 25 -27 -28 -29 -30 -31
leaf_value=2.3750759886623786e-05 0.00035469396256987364 -0.0022523941638906407 -0.00033583065364486579 -0.0028920053900977601 -0.0019816273153401287 0.00025052416207070442 0.0091765791492916214 -0.0050846684498519635 -0.002877491054210154 -0.00018101411889141745 0.0088891425863223301 -2.5095594764012674e-05 -0.0005084495876815587 -0.001283282918823164 -0.0032033014199910966 -0.00077051788883325371 -0.0017986246986066812 0.013876129064468515 0.00042080443978017028 -0.00047156956002306852 -0.0019108837887861448 0.0071734666620398672 0.011144772458541502 0.013386409999002142 0.00034196110812251718 -0.0031363448012932597 -0.0015823071691563975 0.0013780690967320393 -0.00010264083288954452 0.0077534390406833135
leaf_weight=82 63 213 649 101 99 61 131 65 98 158 164 219 2963 534 119 275 128 65 859 303 308 125 142 112 95 109 459 270 65 318
leaf_count=82 63 213 649 101 99 61 131 65 98 158 164 219 2963 534 119 275 128 65 859 303 308 125 142 112 95 109 459 270 65 318
internal_value=-0.00213957 -0.0022717 -0.00621684 -0.00186378 -0.00168852 -0.0114545 -0.00148982 0.00905473 -0.00175528 -0.010728 -0.00145 0.00550258 -0.00181768 -0.000528926 -0.00358277 -0.000937424 -0.00013714 0.0121053 0.00028447 0.000916404 -0.000948319 -0.0038389 0.00311673 0.00722538 0.00378606 -0.00368421 -0.00554223 -0.00156089 0.0110613 0.00405668
internal_weight=9352 9270 862 8408 8307 160 8147 196 7951 256 7695 383 7312 4230 3082 4102 3568 128 3440 3165 1988 1162 826 523 411 204 1037 578 207 1177
internal_count=9352 9270 862 8408 8307 160 8147 196 7951 256 7695 383 7312 4230 3082 4102 3568 128 3440 3165 1988 1162 826 523 411 204 1037 578 207 1177
is_linear=0
shrinkage=0.035


Tree=104
num_leaves=31
num_cat=0
split_feature=159 219 21 93 256 102 260 9 154 9 126 38 224 38 64 71 270 126 274 125 224 2 30 8 25 60 146 132 156 213
split_gain=14.2556 10.9188 15.8589 17.9053 11.1246 11.5798 11.0775 19.3017 11.592 14.3018 26.1201 19.0007 18.9122 19.8299 17.6446 20.7699 16.9381 16.4351 15.6142 15.0881 14.7169 14.4248 24.3415 21.36 18.4667 20.8746 18.1236 16.8362 16.4726 14.8934
threshold=9.5373990365718821 9.0833627835971189 0.15454999357461932 1349.0000000000002 14.708602137676396 -2.0257154008175755 0.93807020323312085 36.630296922720468 -0.068062812579602824 37.533693158285125 258.50000000000006 2301.5000000000005 0.68556564057342839 1464.5000000000002 10.892018011154915 2157.5000000000005 33.070147996089197 1992.5000000000002 0.11246197274183922 53.264949798583991 -0.9999999999832152 6740.1298828125009 6652.5000000000009 -28.739296374420316 -15.982262157104046 615.00000000000011 -0.72614427631222112 0.22839999943971637 -1.2195498929105744 10.398275249422335
decision_type=2 2 2 2 2 2 2 2 2 2 2 2 2 2 2 2 2 2 2 2 2 2 2 2 2 2 2 2 2 2
left_child=-1 4 3 -3 -2 6 8 -8 9 10 -6 12 13 16 -15 17 -12 20 -13 -20 -16 22 24 27 25 -11 -24 -23 -26 -25
right_child=1 2 -4 -5 5 -7 7 -9 -10 21 11 18 -14 14 15 -17 -18 -19 19 -21 -22 23 26 29 28 -27 -28 -29 -30 -31
leaf_value=2.2919483290593236e-05 0.0067692389830323043 0.00011700670433087202 5.7647898028804496e-05 -0.0033735737158892588 -0.0017179691179436381 -0.0030200200860239276 0.0068488251120684867 -0.0018405408548954252 -0.00063726369469934547 0.01099142415939631 -0.0012882531897555115 -0.00025530009712487729 -0.0021164797239297491 0.011136156943612641 -0.0005592589461207748 -0.00072093648273315969 1.7231712174892168e-06 0.020922928377284423 -0.002123717134702682 -1.1868301629571477e-05 0.008931685347103091 0.0083851072207902846 0.0095288962588338973 -0.0029322750846960946 -0.0023269320980021085 0.00029408425350995669 -3.3385779566235817e-05 -0.0012481648273323454 2.4475081069975648e-05 4.1454731461870179e-05
leaf_weight=82 89 73 128 148 387 139 62 119 2615 183 82 408 222 229 92 166 904 66 193 82 124 82 113 139 170 229 62 61 1839 64
leaf_count=82 89 73 128 148 387 139 62 119 2615 183 82 408 222 229 92 166 904 66 193 82 124 82 113 139 170 229 62 61 1839 64
internal_value=-0.00204232 -0.00217358 -0.00820621 -0.0137832 -0.00193312 -0.00205952 -0.00189526 -0.0103495 -0.00170952 -0.000848018 -0.00256588 -0.00127866 0.000537037 0.00182554 0.00641496 0.00231788 -0.00134208 0.00804878 -0.00625727 -0.012625 0.00316742 0.00087886 0.00177624 -0.00578348 0.000851195 0.00755396 0.0141944 0.00449324 -0.000538729 -0.0129567
internal_weight=9352 9270 349 221 8921 8832 8693 181 8512 5897 2955 2568 1885 1663 677 448 986 282 683 275 216 2942 2596 346 2421 412 175 143 2009 203
internal_count=9352 9270 349 221 8921 8832 8693 181 8512 5897 2955 2568 1885 1663 677 448 986 282 683 275 216 2942 2596 346 2421 412 175 143 2009 203
is_linear=0
shrinkage=0.035


Tree=105
num_leaves=31
num_cat=0
split_feature=159 61 104 272 260 26 19 189 223 60 210 221 242 115 11 254 71 173 126 256 89 126 146 180 104 5 242 96 125 162
split_gain=14.3608 11.9064 12.6707 10.7606 12.5768 17.7724 21.4626 23.3407 16.0362 14.0791 23.1856 18.5963 26.272 20.8623 19.7802 19.766 24.95 17.9293 24.6031 22.8691 20.0784 17.6316 19.6246 17.8084 15.7693 15.9239 15.2758 15.1246 15.7798 14.7578
threshold=9.5373990365718821 472.00000000000006 1124.5000000000002 -0.014300003647804259 -0.55987213814726455 33.644199371337898 5497.5000000000009 13.425371807652764 34.210226134382602 2211.5000000000005 -0.26804621709233828 57.104196988852436 34.980889112754625 657.50000000000011 203.10504218175024 7.122338191887235 1630.5000000000002 -0.62751169160322418 507.00000000000006 20.612839909534298 6.6015280852819105 755.50000000000011 -1.6409222509742534 -0.014999989420175551 1358.5000000000002 38.149631527055512 104.30627550878098 6822.5000000000009 52.906250000000007 0.33928571428344234
decision_type=2 2 2 2 2 2 2 2 2 2 2 2 2 2 2 2 2 2 2 2 2 2 2 2 2 2 2 2 2 2
left_child=-1 3 -3 -2 5 6 -5 -8 -9 17 -11 12 13 -12 15 16 -13 -6 19 -19 -21 22 -20 -23 26 -26 27 -22 -29 -24
right_child=1 2 -4 4 9 -7 7 8 -10 10 11 14 -14 -15 -16 -17 -18 18 21 20 24 23 29 -25 25 -27 -28 28 -30 -31
leaf_value=2.2117301375422785e-05 -0.0015620297652191311 -0.0027573038801318463 -0.0001769704404308481 -0.0018125806046942851 -0.0017025004426659896 -0.0055637710539700024 0.011605935261828505 0.0039070593121951491 -0.0030069015225175797 0.019137560747468224 -0.0022577956993112746 0.00070122786714912997 0.00033496679048470424 -0.00070864637158976011 0.00061468895475713442 -0.0057702894397899367 -0.0033990100841841567 -0.0014912343069448809 -0.0026237480314375184 0.0033484370448966746 -0.00010397198183687174 0.011552683705166874 0.0088284970321770469 -0.00012884184856861436 -0.0024920776981718269 0.00056524165522262753 -0.0019332561179460236 -0.0021046916242738528 0.00027846154686390196 0.00044042141096267646
leaf_weight=82 68 212 204 84 405 67 235 116 64 78 116 100 451 346 76 170 74 248 82 170 2303 87 393 2297 171 97 141 114 72 229
leaf_count=82 68 212 204 84 405 67 235 116 64 78 116 100 451 346 76 170 74 248 82 170 2303 87 393 2297 171 97 141 114 72 229
internal_value=-0.00209469 -0.00222642 -0.007981 -0.00195169 -0.00183938 0.00318739 0.00548611 0.00875 -0.000756757 -0.00218723 -0.0053637 -0.00646114 -0.003622 -0.00944325 -0.0125176 -0.0160458 -0.00743017 -0.00152554 -0.00107037 -0.0031617 -0.00232346 0.00117685 0.00602257 -0.000263709 -0.00301412 -0.0110256 -0.00217837 -0.00152967 -0.0109948 0.00814992
internal_weight=9352 9270 416 8854 8786 566 499 415 180 8220 1411 1333 913 462 420 344 174 6809 6404 3316 3068 3088 704 2384 2898 268 2630 2489 186 622
internal_count=9352 9270 416 8854 8786 566 499 415 180 8220 1411 1333 913 462 420 344 174 6809 6404 3316 3068 3088 704 2384 2898 268 2630 2489 186 622
is_linear=0
shrinkage=0.035


Tree=106
num_leaves=31
num_cat=0
split_feature=219 21 93 257 39 26 205 260 213 148 94 30 13 270 270 260 71 126 110 135 60 148 150 183 108 257 257 43 218 175
split_gain=11.6852 16.0774 19.0634 12.0004 10.9872 10.6625 10.455 15.2955 12.8052 14.4833 12.8212 13.1383 12.6576 19.4111 12.5833 19.4997 17.0588 16.0808 19.8881 21.0474 16.1772 16.8141 13.6473 20.8305 16.7678 18.9722 18.3028 14.8562 14.7434 14.3404
threshold=9.0833627835971189 0.15454999357461932 1078.5000000000002 19.050423631424628 5.5000000000000009 38.790750503540046 0.015791287639497605 0.056730677027450278 9.6926430396579253 466.50000000000006 258.50000000000006 6392.5000000000009 119.95048237720634 129.61660950767757 30.167272901548916 0.93807020323312085 723.50000000000011 172.50000000000003 0.12535000592470172 -0.93544170522314141 239.00000000000003 148.50000000000003 0.067700002342462554 0.5730288941429672 -9.8604891964049184 3.3043632074720795 1.7280159978550149 0.25194999575614935 6.5404481744557259 0.026401760481081761
decision_type=2 2 2 2 2 2 2 2 2 2 2 2 2 2 2 2 2 2 2 2 2 2 2 2 2 2 2 2 2 2
left_child=3 2 -2 4 -1 6 12 8 9 -8 11 -11 13 -6 -9 16 -16 18 -18 20 -20 -22 23 24 25 27 -26 29 -28 -19
right_child=1 -3 -4 -5 5 -7 7 14 -10 10 -12 -13 -14 -15 15 -17 17 22 19 -21 21 -23 -24 -25 26 -27 28 -29 -30 -31
leaf_value=2.1343195827281395e-05 0.00017694702559389709 2.1966584275432967e-05 -0.0027146580081334045 -0.0040422341767409609 -7.8111755769167705e-05 -0.0016385789787690612 -0.0016921380584373367 0.0084844422934419721 -0.00097273694426751604 0.0073152361537419108 -0.003258098769488509 -0.0022168403016052888 -0.0012997332370837768 0.0097608068426080601 0.014417617332632041 -0.0017633821731725134 0.0057398120507200119 -0.0036584282957823531 -0.0022169860649455279 0.00080008938383535047 -0.0010055350948248226 0.0095111475427527552 0.00026602087509101425 -0.0013067725042544738 -0.001897560409924182 -0.0017631327212631392 -0.0013411299847748887 0.00084860402387042688 0.0096451507699533597 0.00043756456171727554
leaf_weight=112 61 128 161 67 3742 286 110 106 725 273 67 63 245 172 116 132 159 63 146 192 110 70 243 662 108 447 68 161 280 77
leaf_count=112 61 128 161 67 3742 286 110 106 725 273 67 63 245 172 116 132 159 63 146 192 110 70 243 662 108 447 68 161 280 77
internal_value=-0.0020498 -0.00828169 -0.0138767 -0.00180304 -0.00168736 -0.00182771 -0.00160208 -0.00279489 -0.00608206 -0.00182432 0.00128676 0.00410557 -0.000344621 0.000142894 -0.00149126 -0.00191181 -0.00130031 -0.00185597 0.00282258 -0.000535373 -0.00592145 0.00113514 -0.00336093 -0.00437734 -0.00162117 -0.004834 0.00364425 0.00194444 0.00753541 -0.00627586
internal_weight=9352 350 222 9002 8935 8823 8537 4378 1238 513 403 336 4159 3914 3140 3034 2902 2786 677 518 326 180 2109 1866 1204 748 456 301 348 140
internal_count=9352 350 222 9002 8935 8823 8537 4378 1238 513 403 336 4159 3914 3140 3034 2902 2786 677 518 326 180 2109 1866 1204 748 456 301 348 140
is_linear=0
shrinkage=0.035


Tree=107
num_leaves=31
num_cat=0
split_feature=159 49 212 174 76 272 183 242 228 257 281 94 270 90 270 270 173 172 242 218 11 242 42 19 115 256 99 256 261 214
split_gain=14.2256 12.7354 10.8353 10.1372 12.6759 9.40688 13.5605 16.384 16.3151 12.0644 11.3926 14.9637 11.3314 12.6903 12.5442 22.8433 15.4869 17.5721 13.9938 13.5945 11.9177 22.2618 15.7437 13.1299 42.7558 25.5744 29.7431 26.7192 25.5157 20.4743
threshold=9.5373990365718821 19950.500000000004 8.8543784398180723 -0.24956139202595368 0.39724999666213995 -0.014300003647804259 -0.96512529922740897 107.49342224566031 -19.332304952676122 10.182120268890021 1.0000000180025095e-35 143.50000000000003 144.5806842306454 0.013274420301721048 111.331270643211 109.91881932670341 0.39612700940418194 -0.1663064534947975 97.565628957238104 125.81182387553942 162.19644311319277 83.339824207493749 26.82432163725213 5992.5000000000009 1559.0000000000002 59.875543763049954 0.28585000336170202 57.188855579027503 627.19500732421886 0.017649993300437931
decision_type=2 2 2 2 2 2 2 2 2 2 2 2 2 2 2 2 2 2 2 2 2 2 2 2 2 2 2 2 2 2
left_child=-1 2 3 -2 5 -5 -7 8 9 -8 11 -9 14 -14 15 20 17 -16 19 -19 21 23 -22 24 29 26 27 28 -25 -10
right_child=1 -3 -4 4 -6 6 7 10 12 -11 -12 -13 13 -15 16 -17 -18 18 -20 -21 22 -23 -24 25 -26 -27 -28 -29 -30 -31
leaf_value=2.0596183973327631e-05 0.0016383386864576659 -0.0012477859679860593 -0.0025665481156976226 -0.0016183608644755793 -0.0018756536388917784 0.014149858647478912 0.0010914043146665429 -0.0001813915439415749 -0.0016435240573402234 0.018662361102425012 -0.0027793135257199032 -0.0037168095553589036 0.010941607716812015 -0.00017956294855415335 1.262626236291864e-05 0.026774107885365224 0.0058685751288036509 -0.0046901940886481582 0.00036556350543209549 -0.0017642318039973516 6.9472579252012338e-05 0.015528006375428312 -0.0034392960222268307 -0.00021002856813193696 0.009165315764151194 -0.0014658652394444051 -0.0019398023077624579 0.014450593729073334 0.012858052066246836 0.00030872570568471426
leaf_weight=82 114 88 63 68 181 98 162 264 319 60 84 103 60 61 151 90 100 165 63 89 86 64 175 4365 274 707 184 81 81 870
leaf_count=82 114 88 63 68 181 98 162 264 319 60 84 103 60 61 151 90 100 165 63 89 86 64 175 4365 274 707 184 81 81 870
internal_value=-0.00202736 -0.00215849 -0.00202678 -0.00192185 -0.00205494 -0.00186318 -0.00175779 -0.00190696 -0.00154713 0.00770925 -0.00836623 -0.00555108 -0.00180914 0.00861111 -0.00197484 -0.00158198 -0.00696335 -0.00961945 -0.0142391 -0.0178378 -0.00180557 -0.0015259 -0.00907895 -0.00172306 0.00121594 -0.00251706 -0.00158079 -0.00101169 -0.00138396 -0.00167085
internal_weight=9352 9270 9182 9119 9005 8824 8756 8658 8207 222 451 367 7985 121 7864 7296 568 468 317 254 7206 6945 261 6881 1463 5418 4711 4527 4446 1189
internal_count=9352 9270 9182 9119 9005 8824 8756 8658 8207 222 451 367 7985 121 7864 7296 568 468 317 254 7206 6945 261 6881 1463 5418 4711 4527 4446 1189
is_linear=0
shrinkage=0.035


Tree=108
num_leaves=31
num_cat=0
split_feature=219 90 93 39 134 154 269 142 267 48 272 112 61 212 55 192 267 191 126 49 37 63 272 74 33 135 60 260 121 2
split_gain=11.7699 12.887 13.6849 10.5043 10.1747 10.1487 12.5349 10.3147 10.7278 19.4077 16.8313 11.4023 15.3441 12.2084 12.1381 11.2813 13.3124 11.1034 22.6843 19.2122 15.2638 13.3088 21.3609 19.3054 17.23 14.506 14.0615 20.0363 16.4407 25.0769
threshold=9.0833627835971189 0.020033489150105655 1078.5000000000002 5.5000000000000009 0.019551935108830829 0.031746039550463526 4.2175918244619091 0.84880000352859508 8.1725292575107762 41.859251022338874 0.024600006639957431 0.017266192469111697 48.500000000000007 6.2136070970868564 0.22784999758005145 -0.64406130267298212 3.8388566746527801 0.35007499903440481 916.50000000000011 520.00000000000011 29.243650436401371 5797.5000000000009 0.037599999457597739 5807.5000000000009 0.37074999511241918 -1.3536198900652832 1274.5000000000002 -0.61231146524500579 0.22524999827146533 5951.8552246093759
decision_type=2 2 2 2 2 2 2 2 2 2 2 2 2 2 2 2 2 2 2 2 2 2 2 2 2 2 2 2 2 2
left_child=3 2 -2 -1 -3 7 -7 8 11 -10 -11 13 -13 -5 15 -14 -17 21 20 -20 -19 22 25 -23 26 -15 28 -28 29 -25
right_child=1 4 -4 5 -6 6 -8 -9 9 10 -12 12 14 17 -16 16 -18 18 19 -21 -22 23 -24 24 -26 -27 27 -29 -30 -31
leaf_value=1.9875317534261419e-05 -2.4219614676042612e-05 0.0021450208554006497 -0.0029501678215490563 -0.0013044460091985143 -0.0017349517224074813 -0.00062790885134894451 -0.002961514697637523 0.0052062731089597249 0.0084357430141787076 0.0065707796949719443 -0.002679670951163172 0.002479437943061838 0.0012095216738200409 0.00023398064851980985 -0.0037975670149782538 -0.00081113382113713226 0.00064761018088513127 -0.0012389468254036524 0.00054047034695684296 0.02026722480918261 0.010361127432768753 0.012792516582349516 0.0022983975446401864 0.0083918627351046854 -0.0036925737166112515 -0.0027776518323794691 0.0099461968169495454 -0.00043359813327690459 -0.0016364088387673882 8.6282571191337323e-05
leaf_weight=113 61 74 108 546 107 423 92 111 123 62 95 98 116 103 238 1315 150 220 80 102 65 60 61 236 64 349 101 2067 309 1703
leaf_count=113 61 74 108 546 107 423 92 111 123 62 95 98 116 103 238 1315 150 220 80 102 65 60 61 236 64 349 101 2067 309 1703
internal_value=-0.00202736 -0.00828169 -0.0150862 -0.00177973 -0.00169355 -0.00191646 -0.00666346 -0.00162072 -0.00176524 0.00491228 -0.00324074 -0.00200238 -0.00435224 -0.00125679 -0.00508498 -0.00395019 -0.00478571 -0.000760181 0.004375 0.0138503 -0.00181034 -0.00123863 -0.00655405 -0.000631463 -0.00090524 -0.00919037 -0.000633341 -0.00264151 0.00130493 0.00250257
internal_weight=9352 350 169 9002 181 8889 515 8374 8263 280 157 7983 1917 6066 1819 1581 1465 5520 467 182 285 5053 513 4540 4480 452 4416 2168 2248 1939
internal_count=9352 350 169 9002 181 8889 515 8374 8263 280 157 7983 1917 6066 1819 1581 1465 5520 467 182 285 5053 513 4540 4480 452 4416 2168 2248 1939
is_linear=0
shrinkage=0.035


Tree=109
num_leaves=31
num_cat=0
split_feature=159 260 220 60 225 211 118 140 8 114 93 274 150 27 129 160 190 69 257 52 211 214 4 30 93 148 126 30 250 101
split_gain=14.0761 11.61 19.7119 13.8346 24.8551 19.1439 11.792 16.5885 23.3942 17.6765 16.4823 15.9373 22.8618 13.1057 13.4683 23.6545 13.0224 12.6854 11.7598 10.2549 13.4006 14.0196 12.749 12.2387 14.8337 16.1612 18.2171 11.5142 11.1209 11.0723
threshold=9.5373990365718821 0.93807020323312085 42.334225223065481 75.000000000000014 0.12180571019858405 0.92294807937282497 6852.5000000000009 6802.5000000000009 -29.578994081176639 58.761999130249031 1002.0000000000001 0.51810547047304245 0.059149995446205146 11369.500000000002 6727.5000000000009 0.03039999678730965 -0.01249999552965164 -5.6086231129311281 19.050423631424628 5127.5000000000009 -0.86485363565544826 0.0022999979555606846 62.518132504976784 5232.5000000000009 120.50000000000001 2914.5000000000005 1124.5000000000002 5602.5000000000009 12.60287021675466 0.01410105224111814
decision_type=2 2 2 2 2 2 2 2 2 2 2 2 2 2 2 2 2 2 2 2 2 2 2 2 2 2 2 2 2 2
left_child=-1 3 -3 4 -2 6 7 9 10 13 -9 12 16 14 18 -16 -11 -8 19 -5 27 -22 23 -23 -25 28 -27 -21 -26 -28
right_child=1 2 -4 5 -6 -7 17 8 -10 11 -12 -13 -14 -15 15 -17 -18 -19 -20 20 21 22 -24 24 25 26 29 -29 -30 -31
leaf_value=1.9179681420563588e-05 -0.0017049360944937349 0.00020585920405535781 -0.0016267080411020392 -0.0017715792105303134 0.00066356477619653809 0.010947268995993105 -0.0019137816967169199 0.0001727268528911595 -0.0013962324461514373 -0.0041467498578808375 0.01279452360391683 -0.0061562170020516274 0.0064462707338081128 -0.0036248159391142234 -0.002869820971218066 0.0001762636082648256 -0.00015525279498245062 -0.00022048662126250009 -0.0038002919230505565 -0.000406695210508854 -0.0011993983496957521 0.013824050547599092 -0.0016638442736083663 0.0068371893384536466 -8.879463771835572e-05 0.0052117458689153566 -0.00038488778365077073 0.012625398558618351 -0.0035528619496238635 -0.004188468034475595
leaf_weight=82 119 80 106 80 71 97 77 69 101 100 97 62 100 125 115 71 85 91 65 94 358 61 81 152 6269 94 75 115 136 124
leaf_count=82 119 80 106 80 71 97 77 69 101 100 97 62 100 125 115 71 85 91 65 94 358 61 81 152 6269 94 75 115 136 124
internal_value=-0.00195255 -0.00208302 -0.0106283 -0.0019023 -0.0111282 -0.00169907 -0.00187287 -0.00169041 0.00681985 -0.00196606 0.0147368 -0.00964489 -0.00591379 -0.00162781 -0.00144522 -0.0106283 -0.0130789 -0.0109249 -0.00121676 -0.00108516 -0.000948572 -0.00119918 -0.000850364 -0.000683198 -0.000827133 -0.00107564 -0.00904362 0.00768692 -0.000704368 -0.0149265
internal_weight=9352 9270 186 9084 190 8894 8797 8629 267 8362 166 347 285 8015 7890 186 185 168 7704 7639 7559 7350 6992 6911 6850 6698 293 209 6405 199
internal_count=9352 9270 186 9084 190 8894 8797 8629 267 8362 166 347 285 8015 7890 186 185 168 7704 7639 7559 7350 6992 6911 6850 6698 293 209 6405 199
is_linear=0
shrinkage=0.035


Tree=110
num_leaves=31
num_cat=0
split_feature=159 257 163 260 183 13 110 169 79 229 127 253 142 153 164 256 94 165 254 33 274 71 42 78 150 11 224 264 140 30
split_gain=13.9719 10.2613 10.223 13.4529 12.5895 18.5765 19.9026 11.9869 11.2158 10.9192 10.4064 10.172 10.0884 16.035 15.3323 13.6132 12.1633 11.743 11.4801 14.3563 12.5851 21.5839 21.3228 29.7202 21.9013 20.0022 18.2856 20.8302 18.1613 17.1575
threshold=9.5373990365718821 19.050423631424628 0.85844040002619237 0.90296429165866321 0.85358983167205749 25.049403189472638 0.19125000387430194 15.451282723087992 0.025316451621324506 2.2912253385620756 89.500000000000014 0.066463215181444837 0.82604998350143444 0.30470925718031516 0.083683473041503795 21.782871585488518 315.50000000000006 0.020616418248614935 44.920205875457206 0.57839998602867138 0.19040781556312295 1083.0000000000002 26.541360270471163 16.11510685722649 0.067700002342462554 20.198321208858541 -0.64509532291960048 -1.8766262672081921 5957.5000000000009 5747.5000000000009
decision_type=2 2 2 2 2 2 2 2 2 2 2 2 2 2 2 2 2 2 2 2 2 2 2 2 2 2 2 2 2 2
left_child=-1 2 3 4 12 -6 -7 8 -4 10 11 -10 14 -14 16 -15 18 -18 19 20 29 26 24 -24 25 -23 -22 -28 -27 -2
right_child=1 -3 7 -5 5 6 -8 -9 9 -11 -12 -13 13 15 -16 -17 17 -19 -20 -21 21 22 23 -25 -26 28 27 -29 -30 -31
leaf_value=1.850839257084569e-05 -0.00079982030748069143 -0.0036501724115374536 -0.00076096682656456697 -0.002522765592750882 -0.00057893181766804479 0.0075494165160716808 -0.0013837774936314789 -0.0029435344898553341 -0.00011235100867168198 0.00084118877450753925 0.00082185509144124013 -0.0028765633625785366 -0.00018993460821296177 -0.00037530957165111961 -0.0024023860635415967 0.0096792054709008511 -0.0026151579701578806 -0.00065694035730619392 0.0085268939953849435 -0.0048909207813870722 0.019303120100239129 0.0015780109626498519 -0.002433937239308355 0.0021819152621875022 0.0007670418937179397 0.0061185922814092986 -0.0040536797176974892 0.0042507252098673079 -0.0010971453784276658 0.00017009438197555628
leaf_weight=82 831 70 323 100 73 242 120 163 110 125 60 78 508 82 142 234 79 997 103 129 70 77 336 100 167 87 81 181 669 2933
leaf_count=82 831 70 323 100 73 242 120 163 110 125 60 78 508 82 142 234 79 997 103 129 70 77 336 100 167 87 81 181 669 2933
internal_value=-0.00190018 -0.00203019 -0.00192395 -0.00154745 -0.00138795 0.004375 0.00762943 -0.00554977 -0.00349501 0.000648148 -0.00359684 -0.00761658 -0.00171169 0.0019421 -0.00214398 0.00806854 -0.00190212 -0.0053099 -0.00126192 -0.00147635 -0.00120101 -0.00363226 -0.00548924 -0.0119048 -0.00264677 -0.00497017 0.00436202 0 -0.00671485 -5.57177e-05
internal_weight=9352 9270 9200 8341 8241 435 362 859 696 373 248 188 7806 824 6982 316 6840 1076 5764 5661 5532 1768 1436 436 1000 833 332 262 756 3764
internal_count=9352 9270 9200 8341 8241 435 362 859 696 373 248 188 7806 824 6982 316 6840 1076 5764 5661 5532 1768 1436 436 1000 833 332 262 756 3764
is_linear=0
shrinkage=0.035


Tree=111
num_leaves=31
num_cat=0
split_feature=83 8 242 270 193 211 22 151 5 173 221 260 49 71 71 242 71 129 143 148 200 265 30 8 213 211 242 14 48 26
split_gain=10.9581 10.4109 10.6202 22.399 24.072 14.2431 12.0306 18.9293 29.7265 14.254 12.7692 12.3064 13.9188 26.8101 17.8591 25.5173 21.5622 16.8305 24.0794 16.681 16.3778 17.4017 16.9398 16.7897 21.0555 15.5681 15.4776 15.3044 13.8725 15.2642
threshold=4.5000000000000009 7.2415894918839916 119.95048237720634 129.61660950767757 -0.66926669865265798 0.16136139274377789 0.50384998321533214 0.46547500044107443 67.726286606029717 -0.8851291406831282 25.979162685734494 -0.80810056163952959 488.00000000000006 689.00000000000011 975.00000000000011 26.115625463734407 1007.5000000000001 5587.5000000000009 0.28305000066757208 2795.0000000000005 -0.06584999710321425 0.40835965642527233 6577.5000000000009 -41.555997226609627 9.4224634167356154 -0.65920669890844596 56.303394342683212 0.015942960820414246 30.734100341796879 32.196998596191413
decision_type=2 2 2 2 2 2 2 2 2 2 2 2 2 2 2 2 2 2 2 2 2 2 2 2 2 2 2 2 2 2
left_child=-1 2 3 6 -5 -6 7 11 -9 -8 -11 -2 13 19 15 -14 -16 -18 -19 25 21 -17 23 26 -25 27 -22 -13 -28 -30
right_child=1 -3 -4 4 5 -7 9 8 -10 10 -12 12 14 -15 16 20 17 18 -20 -21 22 -23 -24 24 -26 -27 28 -29 29 -31
leaf_value=1.7581324930404651e-05 0.0095056272881721051 -0.0022589849876879856 -0.0013722278095538378 0.028439532048028526 -0.0015373165833099365 0.0098607097307203979 0.00060841748375410187 0.012571436200314326 -0.011449139696151373 -0.0016601657720506668 -0.0030848576959286046 0.00071041645064336362 0.015008892754396246 0.0048961842730124517 -0.0029758287390785182 0.013161226293858743 0.0094131054024218924 -0.00025255703279494936 -0.0022589813079795531 -0.0046488749202684299 0.0083782332071686248 -0.00086262895115673654 -0.0014243193786007251 0.00088689630643324702 -0.0052957489715902365 -0.0038110032545076236 0.012978263524740744 -0.0020711955281782013 -0.0021446378713952225 0.004402227543614373
leaf_weight=73 84 101 351 73 119 81 72 124 69 69 112 89 65 99 66 151 101 5718 259 72 303 74 178 69 90 174 96 79 254 87
leaf_count=73 84 101 351 73 119 81 72 124 69 69 112 89 65 99 66 151 101 5718 259 72 303 74 178 69 90 174 96 79 254 87
internal_value=-0.0018553 -0.00196413 -0.00183709 -0.00159703 0.00818345 0.00170732 -0.00191377 -0.00168131 0.00901515 -0.00936047 -0.0144892 -0.00194133 -0.0020837 -0.00763514 -0.00169971 0.00191327 -0.00250447 -0.00227848 -0.00252173 -0.0115274 0.000803366 0.00928261 -0.00100277 0.00096792 -0.00917683 -0.00806916 0.00319463 -0.000404624 -0.00102941 -0.00434971
internal_weight=9352 9279 9178 8827 273 200 8554 8301 193 253 181 8108 8024 513 7511 1367 6144 6078 5977 414 1302 225 1077 899 159 342 740 168 437 341
internal_count=9352 9279 9178 8827 273 200 8554 8301 193 253 181 8108 8024 513 7511 1367 6144 6078 5977 414 1302 225 1077 899 159 342 740 168 437 341
is_linear=0
shrinkage=0.035


Tree=112
num_leaves=31
num_cat=0
split_feature=39 131 148 269 53 8 130 42 274 263 17 127 143 230 197 67 129 193 137 274 260 256 269 223 148 184 97 16 47 116
split_gain=11.3452 10.0813 12.8246 12.7054 15.7227 15.7329 13.5329 18.9695 14.7755 14.7566 12.549 12.4233 12.4561 12.4184 12.3115 12.2508 12.1548 12.8676 22.7728 14.6172 12.1115 17.3352 15.1935 11.9325 11.6853 11.3383 16.9747 13.643 12.8346 12.5046
threshold=5.5000000000000009 0.79815000295639049 2795.0000000000005 -11.600997466708062 -42.56746343132999 -29.578994081176639 -24.443031949017975 21.233212920024339 0.1840033505040862 0.10245882452630807 -3.2140418056419979 26.500000000000004 0.18425000458955768 3.0950850132049905 -0.011274252174124493 3.9334395279120407 6452.5000000000009 0.68195932585238139 698.50000000000011 0.71106701648755166 0.14542735935949072 43.111805611703531 -2.3846086493461978 14.789030705251763 4776.0000000000009 -0.015971620320341655 2.7995253502044464 10.571805321816232 -4.9058953063716446 278.50000000000006
decision_type=2 2 2 2 2 2 2 2 2 2 2 2 2 2 2 2 2 2 2 2 2 2 2 2 2 2 2 2 2 2
left_child=-1 3 25 23 -5 6 7 9 13 10 -6 12 -10 -9 -15 -7 17 18 -17 -19 -8 22 -22 -2 -4 26 29 -27 -28 -3
right_child=1 2 24 4 5 15 20 8 11 -11 -12 -13 -14 14 -16 16 -18 19 -20 -21 21 -23 -24 -25 -26 27 28 -29 -30 -31
leaf_value=1.7245252458302221e-05 -0.00078009021247210609 0.00073921428153174299 -0.0040285400731015072 -0.001973300411578833 0.00040061798504088922 0.0004916167373173819 -0.00082060666003186985 0.0016331629998900443 -0.00087880391419783001 -0.00038754329876325156 0.011638845549103018 -0.001718606365938576 0.0094971129159927749 -0.0038228901753552601 -9.713387402137606e-05 -0.0029860078732046737 -0.0019277845403269547 -0.0019972857846636922 0.00082670171762531323 0.00015739622540341921 -0.0010384425670810027 -0.0045466458193651514 0.001641238372170453 0.0096578248465791963 0.00074836227435183989 -0.0004527208850481005 -0.00020448665511411032 0.0011388874236366946 -0.0041709605677959392 -0.0022944649151640118
leaf_weight=114 97 1362 208 647 117 175 222 506 119 102 159 191 101 80 256 69 277 176 172 70 60 114 210 64 85 2340 820 312 61 66
leaf_count=114 97 1362 208 647 117 175 222 506 119 102 159 191 101 80 256 69 277 176 172 70 60 114 210 64 85 2340 820 312 61 66
internal_value=-0.00192262 -0.00205994 -0.00105153 -0.00338681 -0.00379441 -0.00277271 -0.00117083 0.000492054 -0.00158585 0.0073107 0.0114591 -0.00698317 -0.00124444 0.00107438 -0.00410557 -0.0065625 -0.00846554 -0.00505081 0.000711382 -0.0105976 -0.00561375 -0.00179949 0.00305455 0.00611446 -0.00810403 -0.000627265 0.00116465 -0.00218668 -0.00264673 0.0035171
internal_weight=9352 9238 5254 3984 3823 3176 2237 1631 1253 378 276 411 220 842 336 939 764 487 241 246 606 384 270 161 293 4961 2309 2652 881 1428
internal_count=9352 9238 5254 3984 3823 3176 2237 1631 1253 378 276 411 220 842 336 939 764 487 241 246 606 384 270 161 293 4961 2309 2652 881 1428
is_linear=0
shrinkage=0.035


Tree=113
num_leaves=31
num_cat=0
split_feature=159 257 131 180 154 184 86 83 137 145 248 54 248 214 200 205 205 182 173 153 204 203 256 207 43 185 47 207 248 34
split_gain=13.9719 9.88473 9.21742 11.7064 12.5568 11.522 14.7644 12.4885 12.0585 12.4638 11.6304 11.3508 12.8203 12.5882 12.4632 12.0893 16.332 20.0928 15.255 11.8297 11.4504 11.37 11.2001 11.1134 10.8696 11.3234 10.6436 10.9359 14.3702 12.9412
threshold=9.5373990365718821 18.398143545136541 0.79815000295639049 -0.015950009226799008 -0.042553201200325623 -0.015971620320341655 2.7573720701368214 314.50000000000006 3296.5000000000005 0.016680610318856426 0.18299723976489271 0.27414999902248388 0.1591921848520528 0.06724999845027925 -0.055599998682737344 0.014967858653561912 0.011272692538146577 0.22040571199722322 -0.11263989293507637 0.0075140123107408285 -0.018946814634076093 -0.15861667525773468 42.99188328663687 0.0082606505383214842 0.22105000168085101 0.024341768254479302 -4.9058953063716446 -0.020306674370146396 0.15482411127365484 3.1396296100061858
decision_type=2 2 2 2 2 2 2 2 2 2 2 2 2 2 2 2 2 2 2 2 2 2 2 2 2 2 2 2 2 2
left_child=-1 2 3 4 -2 6 7 8 9 10 -4 12 13 14 -5 16 19 20 -17 23 -18 -20 -23 -16 25 -7 27 28 29 -8
right_child=1 -3 5 11 -6 24 26 -9 -10 -11 -12 -13 -14 -15 15 18 17 -19 21 -21 -22 22 -24 -25 -26 -27 -28 -29 -30 -31
leaf_value=1.6641668622262576e-05 0.010915268439583948 -0.0028378328319991447 -0.0001557834160600344 0.0032233925991722139 -0.00093641587206028565 -0.0021217566382465006 0.00069314349514519103 -0.00070838428813282787 -0.0007992781905255315 0.0046560068764333043 0.0068227013614242556 -0.0016819503841502769 -0.0011969554942664691 -0.0025356347682252756 -0.0026221109185110714 -0.0016145564509628602 0.0089999781469524854 -0.00050112094496442558 0.0083824187714420864 -0.0017668240133079786 0.0042925024528101827 -0.00013594171329227523 -0.0015748208087815385 0.002294279752966125 -0.00019477388062567492 -0.00019944109433761461 -0.0038399590352631036 0.00014192489299968969 -0.0028869958604349939 -0.0012028336953221269
leaf_weight=82 105 140 422 212 82 219 150 217 111 634 60 312 729 171 62 295 97 254 107 140 326 719 248 77 2425 139 68 535 96 118
leaf_count=82 105 140 422 212 82 219 150 217 111 634 60 312 729 171 62 295 97 254 107 140 326 719 248 77 2425 139 68 535 96 118
internal_value=-0.00190018 -0.00203019 -0.00188506 -0.00316163 0.00528646 -0.000915561 0.000854719 0.00309179 0.00446023 0.00555754 0.00129363 -0.0035895 -0.00299971 -0.00188352 -0.00125295 -0.00199785 0.00101977 0.00395161 -0.00410116 -0.00603873 0.00858645 -0.00214087 -0.00334877 0.00121528 -0.00244799 -0.00809917 -0.00248457 -0.00143252 -0.00607046 -0.00179487
internal_weight=9352 9270 9130 3936 187 5194 2411 1444 1227 1116 482 3749 3437 2708 2537 2325 956 677 1369 279 423 1074 967 139 2783 358 967 899 364 268
internal_count=9352 9270 9130 3936 187 5194 2411 1444 1227 1116 482 3749 3437 2708 2537 2325 956 677 1369 279 423 1074 967 139 2783 358 967 899 364 268
is_linear=0
shrinkage=0.035


Tree=114
num_leaves=31
num_cat=0
split_feature=39 131 183 183 21 115 89 45 107 27 30 30 197 210 21 68 38 82 5 5 169 82 214 48 183 108 126 207 260 160
split_gain=11.6453 9.7623 10.0025 19.3403 17.0357 13.2183 16.0057 12.2919 12.2676 22.0619 17.1684 15.1128 18.0724 14.5539 16.4711 13.29 13.259 13.0432 11.4951 13.6247 11.3412 10.478 13.3063 11.748 10.592 10.4664 10.4053 10.2025 10.0148 13.6626
threshold=5.5000000000000009 0.79815000295639049 0.58412727219328853 0.8240280347486082 0.1292499974370003 1543.0000000000002 12.294390967007731 3.3856955363624719 5782.5000000000009 1667.5000000000002 5552.5000000000009 6682.5000000000009 0.029172118413447235 -0.24456148355734705 0.15145000070333484 0.015296408671064418 1621.5000000000002 3473.0000000000005 61.537747860776868 29.545090283837343 12.167212263543949 1770.5000000000002 0.035449996590614326 44.224451065063484 0.17285774795507031 -13.329155468678186 609.50000000000011 0.078984046115327208 -0.0020310972316058278 0.030999992042779926
decision_type=2 2 2 2 2 2 2 2 2 2 2 2 2 2 2 2 2 2 2 2 2 2 2 2 2 2 2 2 2 2
left_child=-1 2 8 27 -5 -6 7 -7 10 13 20 12 17 -10 15 -15 -13 21 19 -16 -2 23 24 26 -23 -25 -11 -4 -17 -30
right_child=1 -3 3 4 5 6 -8 -9 9 11 -12 16 -14 14 18 28 -18 -19 -20 -21 -22 22 -24 25 -26 -27 -28 -29 29 -31
leaf_value=1.6059210220483734e-05 -0.0020137046753463147 -0.00014251970161108826 -0.0016230821207050159 -0.0021281668811615421 -0.0012241726527578351 0.0027290851092576494 0.0086027370925920305 -0.0013321259508618734 0.014002211043162086 -0.00033494335658966067 -0.0025115576661584658 0.0046386713391901192 0.0011957960390493708 -0.0012275412927366535 -0.0003847399347592645 0.00043837169225221021 -0.00058985220695182252 -0.0026732788126003436 0.0059032648181668599 -0.0033225718357309383 0.0084517387222909149 -0.0010971268812595587 0.0072812204215850175 -0.001047238877613339 0.0058883554138473779 0.0005332867427515276 -0.0015740424443538622 0.00097643659949073127 0.012482638165544816 0.00022297072831065914
leaf_weight=114 137 5254 582 116 87 122 103 92 98 136 265 97 98 90 241 203 67 114 103 95 109 104 67 135 70 92 279 60 129 93
leaf_count=114 137 5254 582 116 87 122 103 92 98 136 265 97 98 90 241 203 67 114 103 95 109 104 67 135 70 92 279 60 129 93
internal_value=-0.00206476 -0.00220383 -0.00350965 -0.00623822 -0.0012 0.00222494 0.00554348 0 -0.00237708 -0.00128454 -0.00725775 -0.00440269 -0.00588636 0.00245033 0.00109489 0.00531731 0.00538462 -0.0073004 -0.00386261 -0.00697947 -0.000557769 -0.00579392 0.000426829 -0.00811437 -0.00469274 -0.00165948 -0.0115833 -0.0102782 0.00789535 0.0129515
internal_weight=9352 9238 3984 1162 520 404 317 214 2822 2311 511 1259 1095 1052 954 515 164 997 439 336 246 883 241 642 174 227 415 642 425 222
internal_count=9352 9238 3984 1162 520 404 317 214 2822 2311 511 1259 1095 1052 954 515 164 997 439 336 246 883 241 642 174 227 415 642 425 222
is_linear=0
shrinkage=0.035


Tree=115
num_leaves=31
num_cat=0
split_feature=159 8 274 33 88 150 41 274 223 228 183 163 10 38 38 151 38 92 227 38 99 7 228 142 256 13 132 4 13 260
split_gain=14.2856 10.4727 10.0769 9.42495 16.2626 15.5352 22.269 14.9947 11.2271 10.7877 11.6341 13.6154 12.1552 17.0008 16.6186 14.3591 13.8009 13.866 11.6438 11.3048 11.2801 25.8148 11.021 10.7261 10.6078 29.8186 30.5606 28.3418 27.0305 22.6208
threshold=9.5373990365718821 7.2415894918839916 0.95743274950678681 0.57839998602867138 0.51269999146461498 1.0000000180025095e-35 5632.5000000000009 -0.88203154371983217 45.205815649167057 -19.332304952676122 0.85358983167205749 0.85844040002619237 33.22817027902159 277.50000000000006 577.50000000000011 0.12407499924302103 870.00000000000011 52.237751007080085 0.033128355013123396 371.50000000000006 0.42874999344348913 -66.170758039630371 0.61832969927067005 0.80805000662803661 59.875543763049954 49.246852473388302 0.34225000441074377 -72.456476561165445 49.699302799467766 0.039134449257359996
decision_type=2 2 2 2 2 2 2 2 2 2 2 2 2 2 2 2 2 2 2 2 2 2 2 2 2 2 2 2 2 2
left_child=-1 2 3 4 5 6 -2 -7 -5 23 11 20 -12 15 19 -14 17 -16 -13 -15 24 -22 -17 -9 25 26 29 -27 -29 -11
right_child=1 -3 -4 8 -6 7 -8 9 -10 10 12 18 13 14 16 22 -18 -19 -20 -21 21 -23 -24 -25 -26 27 -28 28 -30 -31
leaf_value=1.5497137862765523e-05 0.00015166534667777372 -0.0021020449104875161 -0.0023055934997324892 -0.0060583678826413474 0.011981020260633154 0.0099728162388342811 -0.0021281526391504443 0.00011460319571545364 0.0001966587300858882 -0.00050359235114492366 -0.00062144867239622293 0.00015380856411558594 0.0055214731689489189 0.0057201604258817935 0.001167386509802577 -0.0015711101418759161 0.0034138249049789145 -0.0011291576237187127 -0.0016114982142179019 0.014884504826396291 0.01198877609329118 -0.0028253869628437653 5.0243287917045579e-05 0.010633719870630418 -0.00083574434104941205 0.01712554294050642 -0.0019388179223026232 0.012794591221171294 -5.3121841774450568e-06 -6.4458111022039772e-05
leaf_weight=82 114 102 75 97 76 60 141 147 73 1051 76 66 78 90 64 146 183 70 179 107 110 97 93 72 2186 71 132 73 562 2879
leaf_count=82 114 102 75 97 76 60 141 147 73 1051 76 66 78 90 64 146 183 70 179 107 110 97 93 72 2186 71 132 73 562 2879
internal_value=-0.00205728 -0.00218868 -0.00206039 -0.00195043 -0.00179155 -0.00193346 -0.0103654 -0.00167733 -0.01 -0.00180391 -0.00200709 -0.00246525 0.00172697 0.00297249 0.00687861 -0.00336957 0.00184783 -0.00654676 -0.0105 0.0147277 -0.00218323 0.0057783 -0.00760246 0.00578125 -0.0024242 -0.00149591 -0.0026506 0.00511955 0.00267969 -0.00208132
internal_weight=9352 9270 9168 9093 8923 8847 255 8592 170 8532 8313 7406 907 831 514 317 317 134 245 197 7161 207 239 219 6954 4768 4062 706 635 3930
internal_count=9352 9270 9168 9093 8923 8847 255 8592 170 8532 8313 7406 907 831 514 317 317 134 245 197 7161 207 239 219 6954 4768 4062 706 635 3930
is_linear=0
shrinkage=0.035


Tree=116
num_leaves=31
num_cat=0
split_feature=19 39 211 131 230 187 70 204 137 261 165 8 67 261 184 193 115 273 153 183 232 72 76 12 165 248 71 265 262 28
split_gain=11.3355 13.5306 12.6243 10.7915 13.5728 14.0073 13.3391 12.7572 15.8175 11.9627 11.5852 11.5394 12.2399 11.9695 11.1135 10.9204 17.5444 12.379 10.5177 14.8981 14.5108 10.5063 12.2673 12.5286 11.5846 10.9262 10.208 9.93532 11.5445 9.89477
threshold=5277.5000000000009 5.5000000000000009 -0.86485363565544826 0.79944998025894176 -4.3365836873499033 -1.0000000180025095e-35 53.399200439453132 0.18557682527059469 2891.0000000000005 539.64999389648449 0.046710201387085003 -29.578994081176639 3.9334395279120407 579.41497802734386 0.089396292028763841 0.68195932585238139 1144.5000000000002 -0.053574293047318373 0.89935143559260011 0.80946712224159834 15.73937173730611 196.50000000000003 0.3733499944210053 5.5886863669202755 0.030899790048606122 0.48246043624855522 2317.0000000000005 0.909112537588186 -0.16103097114528173 81.500000000000014
decision_type=2 2 2 2 2 2 2 2 2 2 2 2 2 2 2 2 2 2 2 2 2 2 2 2 2 2 2 2 2 2
left_child=-1 -2 29 11 -5 14 7 10 9 -9 21 18 -13 15 -6 16 -14 -17 19 -4 -21 25 23 24 -23 -7 -16 28 -15 -3
right_child=1 2 3 4 5 6 -8 8 -10 -11 -12 12 13 27 26 17 -18 -19 -20 20 -22 22 -24 -25 -26 -27 -28 -29 -30 -31
leaf_value=-0.0017191321156881619 1.4954738037569194e-05 -6.2539931470498029e-05 -0.00038664050368082388 -0.00056454393381094852 0.00051103039634576111 -0.0011215380238404236 -0.0014745096094781281 -0.00071807011882442492 -0.0026597972646405319 0.0069905106485888954 -0.0016592164349133022 0.00041374680381474327 -0.0022082346360861424 0.00017418835712966902 0.00013025519245546182 -4.2513220093408496e-05 0.00084130648118322499 -0.0021341426123676348 -0.0038082920168593317 0.010539051457121976 -0.0017645065570620639 0.00033200863525421122 -0.0020213198835294984 -0.0003323871929987671 0.012307534090137023 0.0030027636978017399 -0.0017715978720442814 -0.0023820437729927028 -0.0029783103518692309 0.012606486467267045
leaf_weight=77 109 119 2832 1596 1440 492 263 83 75 213 76 182 119 62 115 116 161 176 66 140 61 70 62 71 76 61 112 102 120 105
leaf_count=77 109 119 2832 1596 1440 492 263 83 75 213 76 182 119 62 115 116 161 176 66 140 61 70 62 71 76 61 112 102 120 105
internal_value=-0.00197499 -0.00185938 -0.00200741 -0.00221415 -0.0010842 0.000228687 -0.00217195 -0.000681464 0.00474734 0.00837209 -0.00291347 -0.00352366 -0.00671141 -0.00845528 0.00244916 -0.00545927 -0.000491228 -0.0101347 -0.00244684 -0.00213134 0.00696602 -0.00167264 0.00382042 0.00772523 0.0134437 -0.00445341 -0.00467672 -0.0142907 -0.00898396 0.00611354
internal_weight=9352 9275 9166 8942 4805 3209 1542 1279 371 296 908 4137 1038 856 1667 572 280 292 3099 3033 201 832 279 217 146 553 227 284 182 224
internal_count=9352 9275 9166 8942 4805 3209 1542 1279 371 296 908 4137 1038 856 1667 572 280 292 3099 3033 201 832 279 217 146 553 227 284 182 224
is_linear=0
shrinkage=0.035


Tree=117
num_leaves=31
num_cat=0
split_feature=159 8 257 270 256 256 13 213 260 256 214 13 13 260 204 148 126 71 8 150 143 137 146 274 232 103 6 27 136 47
split_gain=14.0017 10.753 9.28292 9.62154 20.1845 39.1779 33.7686 31.1621 29.8436 26.7507 27.5149 26.4922 22.6434 22.3325 21.5105 19.6489 21.0638 19.4257 17.9253 17.8612 27.9352 18.9426 17.8128 17.7341 17.2564 21.0257 17.4535 16.7015 16.4326 16.2344
threshold=9.5373990365718821 7.2415894918839916 18.398143545136541 54.590858161110837 39.599136243082818 33.778558384252449 43.774267076530379 9.7342401394475591 0.3504940087759853 59.390146533969251 0.03770000487565995 56.372952571391615 29.019556533188162 0.54654602155565957 0.068731113606017871 829.50000000000011 222.00000000000003 1392.0000000000002 -100.81610944472268 0.085349999368190779 0.19315000623464587 732.50000000000011 -1.0010287871546184 0.9048576285265032 7.3686549526619247 62.63695144653321 -1.8014413181658424 1129.5000000000002 39.007751464843757 -6.6062921338026594
decision_type=2 2 2 2 2 2 2 2 2 2 2 2 2 2 2 2 2 2 2 2 2 2 2 2 2 2 2 2 2 2
left_child=-1 2 3 19 5 7 17 14 28 10 15 -11 -10 -7 -5 16 -8 22 -18 20 24 -22 -6 -13 25 -2 -26 -16 -9 -21
right_child=1 -3 -4 4 6 13 9 8 12 11 -12 23 -14 -15 27 -17 18 -19 -20 29 21 -23 -24 -25 26 -27 -28 -29 -30 -31
leaf_value=1.4431322206253651e-05 -5.1571351049644755e-05 -0.0020110597466975145 -0.0026685860043784999 0.0095761159210264075 -0.00748911880811095 0.013107263374661995 0.0021421239641798082 -0.0016806889569665813 0.0045125134395969917 -0.0033826716052577656 0.0075029904034082419 -0.00032132406799428029 -0.0008273442698942835 9.62557684765797e-05 -0.0016328991266472419 0.00209916568399603 0.012652646444719515 -0.0021597448293050833 -0.0020679340091540135 -0.0019355453955391434 -8.6873243994395617e-05 0.010878462411210999 0.0047909341964975172 -0.0021319919139465987 -0.0005054499691641407 -0.0035327989538635929 -0.0029579225292957509 0.0067529865038863518 -0.00035260309168840269 4.5909000840946291e-06
leaf_weight=82 1478 102 138 120 61 203 99 183 154 70 443 2910 142 121 74 399 67 311 279 101 135 118 87 88 805 126 221 78 97 60
leaf_count=82 1478 102 138 120 61 203 99 183 154 70 443 2910 142 121 74 399 67 311 279 101 135 118 87 88 805 126 221 78 97 60
internal_value=-0.00191514 -0.00204528 -0.0019154 -0.00177421 -0.000958104 0.00315208 -0.00196099 -0.000820633 -0.00542169 -0.00100344 0.00322368 -0.00277904 0.00232558 0.0134043 0.00884477 -0.0004947 -0.00552222 -0.0109375 -0.00957265 -0.00337488 -0.0027268 0.00827519 -0.000457516 -0.00226107 -0.00379886 -0.00152268 -0.00733269 0 -0.0135088 -0.0145482
internal_weight=9352 9270 9168 9030 5986 1172 4814 848 576 4355 1287 3068 296 324 272 844 445 459 346 3044 2883 253 148 2998 2630 1604 1026 152 280 161
internal_count=9352 9270 9168 9030 5986 1172 4814 848 576 4355 1287 3068 296 324 272 844 445 459 346 3044 2883 253 148 2998 2630 1604 1026 152 280 161
is_linear=0
shrinkage=0.035


Tree=118
num_leaves=31
num_cat=0
split_feature=159 257 134 109 174 76 270 22 274 132 143 11 173 271 183 193 89 36 214 112 11 150 223 274 71 63 214 38 256 46
split_gain=14.0761 9.76894 9.96956 9.81507 9.07688 10.4085 9.10307 20.4969 21.188 16.777 22.8332 15.2337 25.6134 20.4918 19.0249 22.3764 17.0403 17.3054 15.092 14.8616 13.8073 21.6495 22.5568 20.3931 24.1418 32.9843 17.5223 17.1557 17.874 22.6841
threshold=9.5373990365718821 18.398143545136541 0.013205673810909481 0.68435001373291027 -0.24956139202595368 0.39724999666213995 50.221273416489737 0.11985000222921373 0.72765521063091299 0.33339999616146093 0.18484999984502795 38.534477819657418 0.78783713995324145 15.151215912784986 0.59075711820479193 0.029326205538143933 12.100220779369115 -13.089002619882161 0.052449993789196021 0.012137614562506388 63.304638324504296 0.076399996876716628 19.545431379294765 -0.74923750246259024 2500.5000000000005 6467.5000000000009 0.0227000005543232 739.00000000000011 59.875543763049954 0.026491202971281286
decision_type=2 2 2 2 2 2 2 2 2 2 2 2 2 2 2 2 2 2 2 2 2 2 2 2 2 2 2 2 2 2
left_child=-1 3 -3 4 -2 6 9 8 -8 10 11 14 13 -13 15 19 17 -14 -12 -6 21 23 -23 -9 27 -26 -22 -25 -29 -30
right_child=1 2 -4 -5 5 -7 7 20 -10 -11 18 12 16 -15 -16 -17 -18 -19 -20 -21 26 22 -24 24 25 -27 -28 28 29 -31
leaf_value=1.3926225929035143e-05 0.002313663485495829 -0.00088111490033480043 -0.00338532399807031 -0.00071282193548423086 0.0047508367367731837 -0.0016308579018268455 0.0053693410447647411 -0.0012414404142850944 -0.0010308725585903096 -0.0014134665543281543 0.0097743887862097711 -0.0026835566475334454 0.0080270071518818084 0.012835429744088321 -0.00079051592216132234 0.0020689489800735776 0.010299490609084088 -0.00081477832776829964 -0.00040708977968347552 -0.0010392150138541451 -0.0013050243089366949 -0.0049977288355973646 0.00076851985518614613 0.016227915377329479 -0.0010407081239576003 0.0095947188827472003 -0.0001638165686705867 0.0067148543402249013 0.00062647688333830674 -0.0016058186027092549
leaf_weight=82 111 66 74 795 85 142 303 173 89 110 180 694 70 68 181 436 64 149 89 215 917 69 80 148 184 62 2830 612 139 135
leaf_count=82 111 66 74 795 85 142 303 173 89 110 180 694 70 68 181 436 64 149 89 215 917 69 80 148 184 62 2830 612 139 135
internal_value=-0.00195255 -0.00208302 -0.0111034 -0.0019387 -0.00158213 -0.00171831 -0.0015494 -0.000797946 0.00687657 -0.00338662 -0.00270796 -0.00402135 -0.0069 -0.0102216 -0.000721258 0.00179487 0.00206597 -0.00265625 0.00677007 -0.0055082 -0.00136627 0.00135034 -0.0111364 0.00266461 0.00419455 -0.00557769 -0.00252799 0.00653513 0.00463524 -0.00275986
internal_weight=9352 9270 140 9130 8335 8224 8082 5741 392 2341 2231 1962 1045 762 917 736 283 219 269 300 5349 1602 149 1453 1280 246 3747 1034 886 274
internal_count=9352 9270 140 9130 8335 8224 8082 5741 392 2341 2231 1962 1045 762 917 736 283 219 269 300 5349 1602 149 1453 1280 246 3747 1034 886 274
is_linear=0
shrinkage=0.035


Tree=119
num_leaves=31
num_cat=0
split_feature=39 61 80 104 269 147 170 225 161 137 148 13 126 123 219 92 153 148 36 274 193 213 107 49 68 173 27 126 126 5
split_gain=11.7568 9.65103 10.4862 14.7464 14.4849 12.2819 17.0131 15.0389 14.1933 18.943 16.3321 26.7418 22.4387 15.5347 19.95 14.4848 14.5059 21.4316 14.175 18.0995 19.8393 15.8593 13.8782 13.0354 12.7636 12.4255 13.3615 12.0957 11.6657 11.4425
threshold=5.5000000000000009 387.50000000000006 -3.622056655741678 2124.0000000000005 6.6879858727064709 41.403348922729499 0.022750005125999454 0.042424316636432313 0.11687499657273294 2807.0000000000005 2383.5000000000005 47.457975641383882 1949.0000000000002 0.008888951054325812 -48.1222639007457 37.722398757934577 0.32495566916203894 1114.5000000000002 -15.756554776088214 0.084744329356832127 0.31978695073219338 10.267175348691657 6837.5000000000009 1962.5000000000002 0.025078651779474128 0.18506438021505506 3665.5000000000005 2762.5000000000005 239.50000000000003 21.329707309897653
decision_type=2 2 2 2 2 2 2 2 2 2 2 2 2 2 2 2 2 2 2 2 2 2 2 2 2 2 2 2 2 2
left_child=-1 2 5 4 -4 8 -7 -8 18 10 12 -12 22 -13 -15 -14 17 27 -2 -20 -21 24 -10 -19 -22 -11 29 -17 -28 -27
right_child=1 -3 3 -5 -6 6 7 -9 9 25 11 13 15 14 -16 16 -18 23 19 20 21 -23 -24 -25 -26 26 28 -29 -30 -31
leaf_value=1.3438808021520311e-05 0.0062317316643534949 -0.0010081599995531985 -0.00013943345463268697 -0.0033094082119907702 -0.0019362324943525268 -0.00017331794052867361 -0.00105207774909347 0.0080358028415043921 -0.00021335223716025976 0.001300817482424547 -0.0034524591305506915 0.0065606068281482922 0.019826346125093861 -0.003130795578281382 0.001580850278551439 -0.00027643206882388253 0.010693175837494176 0.0096640103797931455 0.006314625907931362 -0.0059054010511455863 -0.0010825617265087031 -0.001499829461898269 -0.0011710579797554839 -0.0013328028571289265 0.0031328476106358299 -0.0019949926073543896 -0.0011599396778211074 -0.0023874532336138595 0.013804589962100622 -0.0015411112390818693
leaf_weight=114 172 676 583 114 161 474 62 255 4496 94 108 63 95 215 83 87 96 207 92 60 60 96 68 71 114 131 95 73 71 266
leaf_count=114 172 676 583 114 161 474 62 255 4496 94 108 63 95 215 83 87 96 207 92 60 60 96 68 71 114 131 95 73 71 266
internal_value=-0.00211713 -0.00225684 -0.0019365 -0.00559676 -0.00373832 -0.00152549 0.00259422 0.00880435 -0.00199841 -0.00248498 -0.00182813 -0.00804852 -0.00125914 -0.00334699 -0.00669967 0.00491325 0.0025974 -0.000158014 0.00315526 -0.000327869 -0.0041791 0 -0.00211425 0.00568905 0.00625698 -0.00808912 -0.010044 -0.0101818 -0.00163743 -0.013495
internal_weight=9352 9238 8562 858 744 7704 791 317 6913 6319 5662 469 5193 361 298 629 534 438 594 422 330 270 4564 278 174 657 563 160 166 397
internal_count=9352 9238 8562 858 744 7704 791 317 6913 6319 5662 469 5193 361 298 629 534 438 594 422 330 270 4564 278 174 657 563 160 166 397
is_linear=0
shrinkage=0.035


Tree=120
num_leaves=31
num_cat=0
split_feature=159 257 32 185 160 209 90 259 93 174 189 19 183 67 104 258 183 33 183 13 173 2 23 263 272 60 5 137 49 160
split_gain=14.4211 10.5592 10.5327 11.5108 10.9478 16.1816 10.8932 15.0684 10.6752 10.2351 9.4296 16.8622 24.057 21.3312 14.8696 12.7448 11.3968 10.1687 11.0998 19.3143 15.0269 15.8613 15.9931 13.1862 12.6988 12.2178 17.6552 15.2315 27.9451 17.5901
threshold=9.5373990365718821 18.690085408580543 0.13405000418424609 0.017911642686599383 0.032800011336803443 10.229927443647528 0.026373749897904621 0.25866453289416874 2017.5000000000002 -0.24956139202595368 14.634483193842295 6462.5000000000009 0.092467039639752099 5.3503853136436961 782.50000000000011 0.024900011718273166 -0.10985165499379972 0.57839998602867138 -0.93657315999068036 83.339824207493749 -0.59157356183162813 6633.1699218750009 4.6361140141434563 0.13938580314287743 0.017999995499849323 2173.0000000000005 34.992757216193716 220.50000000000003 615.00000000000011 0.01670000329613686
decision_type=2 2 2 2 2 2 2 2 2 2 2 2 2 2 2 2 2 2 2 2 2 2 2 2 2 2 2 2 2 2
left_child=-1 2 3 -2 5 -5 7 8 -7 -4 17 15 16 14 -14 -12 -13 18 19 -11 21 22 23 24 -20 27 -27 28 -22 -29
right_child=1 -3 9 4 -6 6 -8 -9 -10 10 11 12 13 -15 -16 -17 -18 -19 20 -21 25 -23 -24 -25 -26 26 -28 29 -30 -31
leaf_value=1.2968449740767275e-05 -0.0018903026643541279 -0.0027744974451488127 0.0035546943060118337 0.007997259087050063 -0.002063275767050547 -0.00023834966192388843 -0.001895186119160038 -0.001659329012788337 0.0074839317317292372 -0.00093013409779038364 -0.0018070517810391681 0.0017958124073356012 -0.00030308552216301387 -0.0013738629809647589 0.0048366471867285401 0.00017173784506035463 0.013695932013174128 -0.0028047836871096608 -0.0006188260768942806 0.019000328194779946 -0.0020316695355930173 -0.0020741024973939151 -0.0016094496143870462 -0.0017857013906144661 0.011049670375806011 -0.0001041275511565451 -0.002315162387693396 -0.00079219609645315308 0.012218991875262991 1.959540712099861e-05
leaf_weight=82 151 105 88 63 66 97 213 67 90 62 449 91 135 318 118 116 65 166 86 101 129 164 318 89 213 682 291 550 228 3959
leaf_count=82 151 105 88 63 66 97 213 67 90 62 449 91 135 318 118 116 65 166 86 101 129 164 318 89 213 682 291 550 228 3959
internal_value=-0.00212461 -0.0022566 -0.00212595 -0.00609707 -0.00384359 -0.00209346 -0.004375 0.000540541 0.00565104 -0.00177015 -0.00189802 -0.00464148 -0.00109973 -0.00443576 0.00312016 -0.00914912 0.0108696 -0.00139145 -0.00118075 0.00770833 -0.00140229 -0.00568 -0.0033474 0.00142494 0.00495066 -0.000760609 -0.00433027 -4.31123e-05 0.00686464 -0.000597031
internal_weight=9352 9270 9165 747 596 530 467 254 187 8418 8330 1292 727 571 253 565 156 7038 6872 163 6709 870 706 388 299 5839 973 4866 357 4509
internal_count=9352 9270 9165 747 596 530 467 254 187 8418 8330 1292 727 571 253 565 156 7038 6872 163 6709 870 706 388 299 5839 973 4866 357 4509
is_linear=0
shrinkage=0.035


Tree=121
num_leaves=31
num_cat=0
split_feature=159 137 20 113 113 4 270 193 104 193 47 270 150 133 214 221 104 261 181 143 2 150 150 93 93 13 271 13 13 104
split_gain=14.3007 9.61537 14.7143 19.6572 16.625 15.999 19.6821 14.5812 12.389 11.7336 12.3529 11.7254 23.3939 19.2681 20.9794 18.7072 25.7121 21.6652 17.3133 16.9485 16.5254 16.5036 15.2572 14.844 18.1886 15.2682 15.8412 20.6894 19.4678 18.59
threshold=9.5373990365718821 2701.5000000000005 16.963032047060405 -1.7934687106437848 -2.5450300749415744 7.424174173183216 35.641478859839147 0.74383548302907776 1525.5000000000002 0.9421007615049779 -17.469706206144398 54.590858161110837 0.085349999368190779 38.639871982071888 0.03959998860955239 56.621569824597913 1462.5000000000002 528.35501098632824 0.20535000041127208 0.14535000175237658 6193.2548828125009 0.056599982082843787 0.036900002509355552 709.50000000000011 807.50000000000011 34.814607381320663 10.959997582468391 22.407823515777778 19.854347031450647 2404.5000000000005
decision_type=2 2 2 2 2 2 2 2 2 2 2 2 2 2 2 2 2 2 2 2 2 2 2 2 2 2 2 2 2 2
left_child=-1 9 -3 4 8 6 -5 -8 -4 10 -2 12 18 14 15 16 20 22 23 -15 -13 -20 -17 -12 -25 26 29 28 -28 -26
right_child=1 2 3 5 -6 -7 7 -9 -10 -11 11 13 -14 19 -16 17 -18 -19 21 -21 -22 -23 -24 24 25 -27 27 -29 -30 -31
leaf_value=1.2514553999841139e-05 -0.0036097805415124481 0.0042228613043504299 -0.0014431791249129302 -0.0016566876896434203 -0.0017319614466625468 -0.0010611707819197665 0.0090624634560158308 3.996606644794898e-05 0.0059893357144302382 0.00019145846792587964 -0.0018501179546273245 5.448466757589144e-05 -0.0018130410324125475 -0.0015210700528917049 0.0074099071346255012 -0.0016495539252336805 -0.00053540796932275824 -0.0014170421225119469 0.011192399927300024 -0.00030075526281194369 0.010650602178101251 -0.00010269317982961143 0.010646736853908455 0.02023105344562021 -0.00025003321581206801 -0.00082550377681611122 0.0027646068340440142 0.0086729661045027162 -0.0012626858043855327 -0.0044813592014170409
leaf_weight=82 128 115 376 77 352 65 101 117 68 399 123 113 124 122 312 60 229 487 76 3566 195 106 123 92 998 314 62 193 95 82
leaf_count=82 128 115 376 77 352 65 101 117 68 399 123 113 124 122 312 60 229 487 76 3566 195 106 123 92 998 314 62 193 95 82
internal_value=-0.00206476 -0.00219623 -0.00501959 -0.00621016 -0.00926342 0.000575342 0.00408333 0.00941704 -0.00467706 -0.00174475 -0.0020526 -0.00186305 -0.00396256 -0.000946853 0.00236549 0.000259901 0.00510148 -0.00362963 -0.00308248 -0.00231248 0.0116294 0.0071123 0.00651596 -0.00404532 -0.00323194 -0.00404231 -0.0024878 0.00394366 -0.00540123 -0.00458065
internal_weight=9352 9270 1271 1156 796 360 295 218 444 7999 7600 7472 2265 5207 1519 1207 537 670 2141 3688 308 182 183 1959 1836 1744 1430 350 157 1080
internal_count=9352 9270 1271 1156 796 360 295 218 444 7999 7600 7472 2265 5207 1519 1207 537 670 2141 3688 308 182 183 1959 1836 1744 1430 350 157 1080
is_linear=0
shrinkage=0.035


Tree=122
num_leaves=31
num_cat=0
split_feature=159 159 19 200 140 6 2 13 223 193 30 115 103 258 21 146 137 254 216 47 27 223 260 193 150 126 27 27 256 175
split_gain=14.3007 10.1145 10.783 11.8105 11.0936 35.3798 22.8589 22.6418 15.2947 16.1009 12.7978 27.9131 12.3547 22.4422 15.3468 12.1666 12.9987 18.4674 17.0728 14.5468 11.3812 11.1822 10.5708 14.6664 16.5912 10.5364 13.2314 10.0716 18.1778 9.96431
threshold=9.5373990365718821 15.749272645626739 6872.5000000000009 -0.031350001692771905 6797.5000000000009 10.600094675657873 6740.1298828125009 74.877686925656107 5.9645687397011429 -0.19929730133794257 6677.5000000000009 965.50000000000011 62.914249420166023 0.028799999505281452 0.14455000311136249 -0.55011549550739713 2701.5000000000005 9.7465823533893232 16.342952365640048 -6.3519514698395652 2944.5000000000005 7.8553320841529652 0.93807020323312085 0.95480185218044056 0.067099999636411681 222.00000000000003 3999.5000000000005 3575.0000000000005 31.746837367490851 0.025937089911366455
decision_type=2 2 2 2 2 2 2 2 2 2 2 2 2 2 2 2 2 2 2 2 2 2 2 2 2 2 2 2 2 2
left_child=-1 2 4 -4 6 8 10 21 29 -10 12 -12 15 14 -14 16 22 18 -18 27 -13 -8 23 -2 -25 -3 -27 -20 -29 -6
right_child=1 25 3 -5 5 -7 7 -9 9 -11 11 20 13 -15 -16 -17 17 -19 19 -21 -22 -23 -24 24 -26 26 -28 28 -30 -31
leaf_value=1.2076544609845864e-05 -0.00018113128947056938 -0.0061742004030568079 -0.0019778532664810008 -0.00013637492910501954 -0.00080156338229505557 -0.0043874539782425941 -0.0015383894347164382 0.00020950045008545306 2.4354165105822671e-05 0.012882012431263544 -0.00070222384151235923 5.8488183076597373e-05 -0.00011872678348499978 0.0084500781007490963 -0.0043680489479530028 0.0034716918459001631 0.0062170126239045696 -0.0024689298977400471 -0.0014462519473710973 0.00027038602882858032 0.010626163176505507 -0.0034183973028464143 -0.0015843445937924212 0.0097128677330280827 -0.0020703256989586306 -0.0024033838133315018 0.0010314342269049704 0.01143935283178486 -0.0020470928562844794 0.00046910673047081774
leaf_weight=82 6334 65 89 70 60 63 66 70 67 132 96 103 79 64 119 75 73 165 365 147 122 127 99 128 62 102 121 82 65 60
leaf_count=82 6334 65 89 70 60 63 66 70 67 132 96 103 79 64 119 75 73 165 365 147 122 127 99 128 62 102 121 82 65 60
internal_value=-0.00206476 -0.00219623 -0.0019862 -0.0108841 -0.00181978 0.00397933 -0.00208442 -0.0121455 0.00875 0.0145833 -0.00175364 0.00504601 -0.00203447 -0.0094382 -0.0151724 -0.00177303 -0.00191628 -0.0058592 -0.00341927 -0.00521837 0.0117174 -0.0182071 -0.00137824 -0.0012008 0.00825641 -0.00860068 -0.00475877 -0.00798839 -0.000230263 -0.00112
internal_weight=9352 9270 8982 159 8823 382 8441 263 319 199 8178 321 7857 262 198 7595 7520 897 732 659 225 193 6623 6524 190 288 223 512 147 120
internal_count=9352 9270 8982 159 8823 382 8441 263 319 199 8178 321 7857 262 198 7595 7520 897 732 659 225 193 6623 6524 190 288 223 512 147 120
is_linear=0
shrinkage=0.035


Tree=123
num_leaves=31
num_cat=0
split_feature=159 26 205 225 115 211 260 206 49 232 160 100 213 71 225 85 93 93 5 145 211 163 49 99 160 182 213 126 160 184
split_gain=14.1358 10.0569 11.0637 16.0777 20.9651 19.3638 16.5402 15.7501 15.5453 16.6044 15.0709 17.2447 15.3464 14.4494 13.7569 13.0477 14.1143 22.3227 18.9471 18.3188 15.3464 26.2931 13.3888 14.1346 18.2498 13.2143 13.2247 17.2968 12.8983 12.3086
threshold=9.5373990365718821 38.790750503540046 0.015791287639497605 0.32444252694185377 2519.0000000000005 0.16136139274377789 0.76733822639333249 0.17822431778692091 1891.5000000000002 9.413707432893716 0.020999994128942493 12.123968995900089 10.081005924947629 2068.5000000000005 0.12977043882213699 6822.5000000000009 2086.0000000000005 1576.0000000000002 44.044420729919516 0.031102782112582692 0.52632729836458958 0.16098189507065269 1638.0000000000002 0.12075000256299974 0.023700002580881122 0.1666666666655012 9.3977738397970896 1273.5000000000002 0.033649995923042304 -0.0030769348143981474
decision_type=2 2 2 2 2 2 2 2 2 2 2 2 2 2 2 2 2 2 2 2 2 2 2 2 2 2 2 2 2 2
left_child=-1 2 7 4 15 -6 8 -2 -7 13 -5 12 -12 -10 -8 16 17 20 22 29 21 -4 -18 -24 -25 26 -23 -28 -13 -19
right_child=1 -3 3 10 5 6 14 -9 9 -11 11 28 -14 -15 -16 -17 18 19 -20 -21 -22 25 23 24 -26 -27 27 -29 -30 -31
leaf_value=1.1653865548499898e-05 -0.00013064506918622517 -0.0017003739474228887 -0.00080801554764858678 -0.0017826372563867078 -0.0022528110099654776 0.010371622643594872 -0.00069531431287665551 0.0096430819837686772 -0.00022649352847881361 -0.0014778766704645126 0.0087219084985394341 -0.0037875631672252318 -0.00098959568124247044 0.0068970699639309564 0.0042132750430026004 -0.0037253272837430317 -0.0023578847766362984 -0.00086290996067066588 0.001729058086168075 0.00027710187336168259 -0.0015849589494259552 -0.003296317204596506 -0.0010039873650666616 0.0068750352172773184 -0.00019876426843876333 0.0086435097876104774 0.012096787090229663 -0.0017790242310838974 -8.0904505078176762e-05 -0.0040994085561950862
leaf_weight=82 4178 287 992 213 85 140 196 152 71 146 97 94 61 339 69 97 98 229 320 63 244 63 156 88 185 182 106 69 68 182
leaf_count=82 4178 287 992 213 85 140 196 152 71 146 97 94 61 339 69 97 98 229 320 63 244 63 156 88 185 182 106 69 68 182
internal_value=-0.00198247 -0.00211321 -0.00190421 -0.00308824 -0.00234182 0.00193149 0.00336957 -0.000629758 0.00619116 0.00349376 -0.00878253 -0.00387692 0.00429448 0.00708434 -0.00401852 -0.00379669 -0.00336854 -0.00488525 0.000451878 -0.0115449 -0.00295003 -0.0015314 -0.00361842 -0.000887097 0.00390288 0.00576471 0.000288066 0.00525 -0.0117365 -0.0142188
internal_weight=9352 9270 8983 4653 4120 1046 961 4330 696 556 533 320 158 410 265 3074 2977 2130 847 474 1656 1412 527 429 273 420 238 175 162 411
internal_count=9352 9270 8983 4653 4120 1046 961 4330 696 556 533 320 158 410 265 3074 2977 2130 847 474 1656 1412 527 429 273 420 238 175 162 411
is_linear=0
shrinkage=0.035


Tree=124
num_leaves=31
num_cat=0
split_feature=83 205 225 69 163 101 131 183 60 65 165 82 12 70 8 242 264 264 101 274 125 183 219 257 267 21 4 221 160 205
split_gain=11.1957 10.5099 18.4121 14.7846 13.9512 18.7916 15.7004 14.7763 13.9287 23.5943 13.4958 16.0314 16.5306 16.6305 15.3289 13.111 12.804 12.4833 12.3607 14.0613 18.9455 17.4416 16.4991 15.5549 12.9413 15.7284 13.9118 14.6508 13.1894 11.9632
threshold=4.5000000000000009 0.015791287639497605 0.32903255247325869 -9.1093470216192571 0.24616676058974762 0.0325224824520235 0.79884999990463268 0.58412727219328853 866.00000000000011 0.37555000185966497 0.038505022442088199 2469.5000000000005 4.2950807435718863 34.508049011230476 -29.942591587391224 94.904534596304401 -0.90117669700517922 -1.3272447104573091 0.006289364334884826 0.47367564505963611 52.705499649047859 0.80946712224159834 -31.830627369716723 4.0274657563483149 -4.8963652461980747 0.14854999631643298 17.034070505809918 56.264669267069145 0.039600003510713584 0.012441444812273638
decision_type=2 2 2 2 2 2 2 2 2 2 2 2 2 2 2 2 2 2 2 2 2 2 2 2 2 2 2 2 2 2
left_child=-1 3 4 15 10 6 7 -6 -4 -10 11 12 -3 -14 16 -2 -12 -7 -5 21 22 24 -21 -24 -20 -26 27 -27 -29 -22
right_child=1 2 8 18 5 17 -8 -9 9 -11 14 -13 13 -15 -16 -17 -18 -19 19 20 29 -23 23 -25 25 26 -28 28 -30 -31
leaf_value=1.0966706353843781e-05 0.01208314695523461 -0.00072131028165764118 -0.0017716763246810006 -0.0021099778677510918 -1.6951002148451468e-05 -0.00055418832458540125 3.3262100866554015e-05 -0.00091111071857897597 -0.0010975521611921225 0.0053617475159995548 -0.0018959211746336589 -0.0017657556606753019 -0.0029790816552914801 0.0021133357231726091 -0.0038850743442095394 -0.0010930501062860227 -0.00017747478359704695 0.0038735363201780051 0.0043645091635597525 0.0022115184992289351 -0.0066972642389367598 0.0094960653028034036 8.7125319189489405e-05 -0.0023276557465457489 9.9744656589962914e-05 -0.00024950748994971019 0.00079116449256650496 -0.0032627291613595245 -0.0011140418920186168 -0.001154711035652606
leaf_weight=73 210 479 184 132 366 113 1135 528 263 87 162 256 128 362 117 63 274 305 455 213 60 119 95 105 1427 828 134 294 230 155
leaf_count=73 210 479 184 132 366 113 1135 528 263 87 162 256 128 362 117 63 274 305 455 213 60 119 95 105 1427 828 134 294 230 155
internal_value=-0.00199744 -0.00210739 -0.00325462 -0.000897238 -0.002474 -0.000756525 -0.00215093 -0.00560623 -0.00935065 -0.00512676 -0.00482894 -0.00276016 -0.000682752 0.00381818 -0.00934588 0.00692446 -0.00619048 0.00595745 -0.00140757 -0.00106189 -0.00586098 -0.000190435 -0.00142344 -0.00853659 -0.000664097 -0.0015233 -0.00403756 -0.00510685 -0.00965974 -0.0141591
internal_weight=9352 9279 4759 4520 4225 2447 2029 894 534 350 1778 1225 969 490 553 273 436 418 4247 4115 628 3487 413 200 3368 2913 1486 1352 524 215
internal_count=9352 9279 4759 4520 4225 2447 2029 894 534 350 1778 1225 969 490 553 273 436 418 4247 4115 628 3487 413 200 3368 2913 1486 1352 524 215
is_linear=0
shrinkage=0.035


Tree=125
num_leaves=31
num_cat=0
split_feature=159 46 126 223 126 80 272 49 93 126 88 93 129 225 67 59 223 266 49 71 5 163 160 7 223 214 13 272 102 274
split_gain=14.2256 10.6828 9.15516 16.012 8.42004 25.6174 19.3568 21.2683 17.3566 16.8498 23.5744 16.2807 15.5453 21.6773 13.2805 17.406 12.8021 12.5396 13.66 23.3268 19.1703 25.3061 22.0073 24.9384 21.5941 22.3735 17.6214 16.5569 18.0373 16.294
threshold=9.5373990365718821 0.071858893779669142 3860.0000000000005 17.223461771736098 1949.0000000000002 -3.8065565098370588 0.017000012099742893 3598.5000000000005 1428.5000000000002 1735.5000000000002 0.15914999693632129 280.50000000000006 5792.5000000000009 0.097067339459497706 3.745898317998726 27.94589996337891 6.9347594973637712 21.580731604106123 537.00000000000011 961.00000000000011 -13.805718043511412 -0.11084261691266249 0.01670000329613686 -96.0195330229961 2.0478942685026715 0.036200005561113364 26.115625463734407 0.019600011408329013 -3.3998215286438787 0.19040781556312295
decision_type=2 2 2 2 2 2 2 2 2 2 2 2 2 2 2 2 2 2 2 2 2 2 2 2 2 2 2 2 2 2
left_child=-1 2 4 -4 9 6 16 8 11 14 -11 -8 -12 -14 15 -2 -6 18 27 26 21 -21 24 -24 -22 -26 -20 28 -16 -25
right_child=1 -3 3 -5 5 -7 7 -9 -10 10 12 -13 13 -15 17 -17 -18 -19 19 20 22 -23 23 29 25 -27 -28 -29 -30 -31
leaf_value=1.0862145531920222e-05 -0.0014828706010525179 -0.0025144932207809977 -0.0030424099308995899 0.0018794666943915987 0.002362674988362283 -0.0024407741068835391 0.014932821624655786 -0.0011013133130295255 0.01402193943057305 -0.0024687404871092731 -0.0027824951054221283 7.2666590615707029e-05 0.01241755395931715 -0.00033467118262716261 -0.001080313109684139 0.0020266160420521939 -0.0009954177012974361 0.0015280685642094956 0.012843864996015315 -0.0010628905620255161 0.00066942872355710487 0.0099492321155494248 -0.0020787604579918617 5.6363742367233633e-05 -0.0020088855329377323 0.00015851877495358548 0.00018748159082187995 -0.0032270028332780261 0.0011536188127919795 -0.00039654932626665145
leaf_weight=82 83 115 153 81 103 154 85 80 149 179 63 255 71 104 193 286 235 353 62 64 80 190 115 1618 385 110 1124 368 141 2271
leaf_count=82 83 115 153 81 103 154 85 80 149 179 63 255 71 104 193 286 235 353 62 64 80 190 115 1618 385 110 1124 368 141 2271
internal_value=-0.00202736 -0.00215849 -0.00202129 -0.00878661 -0.00183901 0.00108349 0.00333882 0.0072561 0.00998988 -0.00223395 -0.00904028 0.00547826 -0.0017284 0.00369444 -0.0018468 0.00458556 -0.00326531 -0.00218534 -0.00252379 -0.00198124 -0.00306015 0.00621622 -0.00358093 -0.00265403 -0.0099569 -0.01267 0.00240974 -0.00712871 -0.00144543 -0.00216615
internal_weight=9352 9270 9155 234 8921 1061 907 569 489 7860 417 340 238 175 7443 369 338 7074 6721 6019 4833 254 4579 4004 575 495 1186 702 334 3889
internal_count=9352 9270 9155 234 8921 1061 907 569 489 7860 417 340 238 175 7443 369 338 7074 6721 6019 4833 254 4579 4004 575 495 1186 702 334 3889
is_linear=0
shrinkage=0.035


Tree=126
num_leaves=31
num_cat=0
split_feature=159 205 225 115 214 68 180 206 260 148 122 20 13 115 261 224 164 65 101 49 249 142 230 215 255 155 185 67 164 206
split_gain=14.2106 11.7732 15.7088 16.8797 20.2685 19.8755 15.3427 13.3362 12.8611 18.8142 17.2268 17.2761 14.8081 12.6908 16.8247 14.3471 12.4317 14.6119 12.3645 11.7486 13.2784 14.4058 12.9434 13.0132 13.0706 12.6492 12.0662 11.595 11.4831 11.8743
threshold=9.5373990365718821 0.015948414599208306 0.32903255247325869 2519.0000000000005 0.019999988377094272 0.025974053050291313 0.008750006556510927 0.17822431778692091 -0.17431250389470873 1276.5000000000002 20.878903453087332 43.794018516056802 74.877686925656107 3289.5000000000005 560.41500854492199 0.60589634589641428 -0.19178082994533788 0.38024999201297766 0.006289364334884826 744.50000000000011 0.08748841730799041 0.80035001039505016 9.7533889687290181 -0.057199992239475243 -0.18117249927729337 0.06196739571861349 0.015885487388875675 13.337919778370859 -0.24401913304875092 -0.24188406710456042
decision_type=2 2 2 2 2 2 2 2 2 2 2 2 2 2 2 2 2 2 2 2 2 2 2 2 2 2 2 2 2 2
left_child=-1 7 3 4 -3 6 -5 13 12 19 -11 -12 -6 18 15 -15 -4 -18 -2 -10 22 -22 23 24 -21 -25 -23 -14 -7 -30
right_child=1 2 16 5 8 28 -8 -9 9 10 11 -13 27 14 -16 -17 17 -19 -20 20 21 26 -24 25 -26 -27 -28 -29 29 -31
leaf_value=1.0481970438303013e-05 -0.001792643607779877 -0.0011394243958519608 0.0019973788463202428 -0.0011266774248245221 -0.0021012345811786204 -0.0010671497368343798 0.0010699307517000446 0.0083544228484727697 0.0086831143129344722 0.0099615091650200223 -0.0055456455935785362 0.012932629172221943 0.0090115883314895034 -0.00057424586326371347 -0.0020800473510654413 0.0065827185297675098 -0.0018969654459878459 7.4453512887273925e-05 -3.5204129881887259e-05 -0.00027218335000301686 -0.0020615408242499428 0.003790379513594113 -0.0025070589185188087 -3.9799033387069589e-06 0.0021222649532995036 -0.001767565462758648 -0.00067975964908554513 -0.0053706184904157416 0.0069885869577534119 0.00032360367598837975
leaf_weight=82 131 913 62 333 184 63 87 162 96 166 61 63 61 94 219 86 354 100 3982 75 172 71 63 522 188 163 158 60 155 426
leaf_count=82 131 913 62 333 184 63 87 162 96 166 61 63 61 94 219 86 354 100 3982 75 172 71 63 522 188 163 158 60 155 426
internal_value=-0.00201988 -0.00215094 -0.00340795 -0.00267319 -0.00400861 0.00111319 -0.00477647 -0.000912588 -0.00210863 -0.000970605 0.00711864 -0.00271318 -0.00869355 -0.00127075 -0.00719059 0.000756757 -0.00913628 -0.0111329 -0.000688441 -0.00254461 -0.00335921 -0.0087069 -0.00120571 -0.000146905 0.00639925 -0.00268841 -0.00284188 0.000833333 0.00496148 0.00651024
internal_weight=9352 9270 4596 4080 3016 1064 420 4674 2103 1798 290 124 305 4512 399 180 516 454 4113 1508 1412 401 1011 948 263 685 229 121 644 581
internal_count=9352 9270 4596 4080 3016 1064 420 4674 2103 1798 290 124 305 4512 399 180 516 454 4113 1508 1412 401 1011 948 263 685 229 121 644 581
is_linear=0
shrinkage=0.035


Tree=127
num_leaves=31
num_cat=0
split_feature=159 205 274 48 260 270 13 105 105 61 225 163 46 101 131 120 249 213 49 165 7 150 165 272 82 12 70 79 123 125
split_gain=14.1807 11.7711 12.5084 20.5931 15.9369 14.0729 17.9479 13.2847 13.087 12.5487 12.3063 14.7707 17.1867 21.3658 17.1246 14.1757 15.311 14.018 16.0071 13.2672 12.2376 12.2219 12.1167 15.2244 13.1814 19.1687 16.7861 12.236 11.6536 11.6237
threshold=9.5373990365718821 0.015948414599208306 0.4857711175066845 49.376050949096687 0.57568054189807982 46.099814812705965 32.817924748204284 340.50000000000006 210.50000000000003 110.50000000000001 0.32903255247325869 0.24616676058974762 0.067816068669703647 0.0325224824520235 0.79944998025894176 0.66294997930526745 -0.14146407944337633 9.2984428160054993 1361.5000000000002 0.027408680496385743 -30.287022742496827 0.057500001043081291 0.038505022442088199 0.01255001872777939 2469.5000000000005 4.2950807435718863 34.508049011230476 0.023904719898760318 0.018348615023636574 55.321350097656257
decision_type=2 2 2 2 2 2 2 2 2 2 2 2 2 2 2 2 2 2 2 2 2 2 2 2 2 2 2 2 2 2
left_child=-1 2 4 5 7 -4 -7 8 29 -6 11 22 13 14 15 -13 -17 -16 -19 -12 -8 -22 24 -24 25 -3 -27 -26 -29 -2
right_child=1 10 3 -5 9 6 20 -9 -10 -11 19 12 -14 -15 17 16 -18 18 -20 -21 21 -23 23 -25 27 26 -28 28 -30 -31
leaf_value=1.0115101472962796e-05 -0.00016018548482964358 -0.00083243130831459294 -0.0014272894687364231 -0.0066288980311328023 0.015040167150254311 0.0095325032734681417 0.00041565815007279518 0.0055466233221609833 -0.0015051736692176705 0.00026056631019654862 4.9140718411528069e-05 -0.0007834044479082628 -0.0032074254883413416 0.0023576566097691541 -0.0020795252465357896 0.010278943473153621 -0.0002893599321125268 0.013162467008170803 3.1713546294421252e-05 -0.0014864896294264596 -0.00015281624849446397 -0.0024956242869936143 -0.0030699512900817156 -0.00088614902613704449 -0.0031348194510351182 -0.0029014443971262433 0.002874118467282668 0.0053371241850343094 -0.0015974341287970811 0.001092482065256277
leaf_weight=82 2473 455 110 77 83 76 222 349 577 88 120 509 98 379 85 70 285 76 886 396 87 94 137 394 118 122 338 65 63 438
leaf_count=82 2473 455 110 77 83 76 222 349 577 88 120 509 98 379 85 70 285 76 886 396 87 94 137 394 118 122 338 65 63 438
internal_value=-0.00200492 -0.00213585 -0.000897628 -0.00532042 -0.00015699 -0.00300505 -0.00036157 -0.000628579 -0.00128257 0.010142 -0.00339274 -0.00274174 -0.000965316 -0.000335512 -0.00184499 -0.00547756 -9.72222e-05 0.00116445 0.00238883 -0.00846449 -0.00334559 -0.00997312 -0.00523866 -0.00959888 -0.00321184 -0.00125543 0.00376344 -0.0103187 -0.00263158 -0.000324074
internal_weight=9352 9270 4674 666 4008 589 479 3837 3488 171 4596 4080 2388 2290 1911 864 355 1047 962 516 403 181 1692 531 1161 915 460 246 128 2911
internal_count=9352 9270 4674 666 4008 589 479 3837 3488 171 4596 4080 2388 2290 1911 864 355 1047 962 516 403 181 1692 531 1161 915 460 246 128 2911
is_linear=0
shrinkage=0.035


Tree=128
num_leaves=31
num_cat=0
split_feature=159 134 60 93 70 180 22 214 256 160 173 11 211 268 38 211 129 134 13 183 179 82 60 52 79 79 225 175 27 230
split_gain=14.3007 8.74108 19.4229 17.6897 17.2561 22.9458 15.8303 15.9195 17.7337 20.2363 21.0169 17.4015 22.4728 21.269 17.1866 16.9195 22.8877 16.5217 16.2634 19.52 17.3979 15.9605 16.2596 17.7675 15.8015 14.6217 14.2187 14.1703 13.9266 13.698
threshold=9.5373990365718821 0.011085442066315804 5624.0000000000009 1785.5000000000002 57.18084907531739 0.0074999965727329263 0.11275000125169755 0.016799990087747577 33.08196797167836 0.039800010621547706 0.61423395977148465 58.790251326841393 0.52632729836458958 -15.664805115453982 675.50000000000011 0.25962632198668001 5562.5000000000009 0.01489047900882509 26.115625463734407 0.60428440412431816 14.754095494463501 266.50000000000006 1089.0000000000002 6217.5000000000009 0.015170667580690083 0.0081302080842910567 0.34670752794891835 0.024536533651700918 2879.5000000000005 -4.7617571654323667
decision_type=2 2 2 2 2 2 2 2 2 2 2 2 2 2 2 2 2 2 2 2 2 2 2 2 2 2 2 2 2 2
left_child=-1 2 3 25 6 24 29 14 9 18 -11 12 13 17 -8 16 -16 -10 19 20 -9 -20 -23 -24 -6 -2 -5 -15 -21 -3
right_child=1 4 -4 26 5 -7 7 8 11 10 -12 -13 -14 27 15 -17 -18 -19 21 28 -22 22 23 -25 -26 -27 -28 -29 -30 -31
leaf_value=9.7610729214087103e-06 -0.0038628156373131084 -0.00087788641093536856 0.011361133304338498 -0.0012499391135585983 0.00021533442109316128 0.00019160899686658907 -0.0020369505700492739 0.0068551616442303056 0.0053921469487558564 -0.0025388955484925797 8.0010833430504973e-06 -0.00032972604122511021 -0.0011766252849126234 0.0019233592921215098 0.0093329543780706244 0.00099789174320459909 -0.0012585182511371078 -0.0028496759742339785 0.0082390355011700174 -2.8508049301443074e-05 -0.00074871133090794329 -0.0026191422511383342 0.0051712532040218044 -0.00064766411955098418 -0.0026687284288006295 0.00028095702953905873 0.0042957395347031661 0.01804396345935631 -0.002825702564089328 0.00032941115532245465
leaf_weight=82 60 209 84 592 67 71 312 323 121 126 63 2512 62 140 100 242 546 97 76 68 114 161 98 153 264 1434 77 186 64 848
leaf_count=82 60 209 84 592 67 71 312 323 121 126 63 2512 62 140 100 242 546 97 76 68 114 161 98 153 264 1434 77 186 64 848
internal_value=-0.00206476 -0.00219623 -0.000295293 -0.000952491 -0.00280378 -0.00980344 -0.00237172 -0.00311726 -0.00213092 -0.00565148 -0.0160567 -0.000717259 0.00458265 0.00688525 -0.0066805 -0.00415454 -0.00709677 -0.00156951 -0.00372411 0.000304878 0.00388009 -0.00837728 -0.0110791 -0.00533203 -0.0136458 0.00116744 -0.00566024 0.0124773 -0.0112409 0.00154896
internal_weight=9352 9270 2247 2163 7023 402 6621 5564 4364 1246 189 3118 606 544 1200 888 646 218 1057 569 437 488 412 251 331 1494 669 326 132 1057
internal_count=9352 9270 2247 2163 7023 402 6621 5564 4364 1246 189 3118 606 544 1200 888 646 218 1057 569 437 488 412 251 331 1494 669 326 132 1057
is_linear=0
shrinkage=0.035


Tree=129
num_leaves=31
num_cat=0
split_feature=159 205 151 36 160 6 77 193 80 269 57 209 162 39 149 256 94 260 38 204 35 215 102 81 211 213 247 274 260 255
split_gain=14.2706 10.6641 14.7405 21.2964 20.2388 17.6805 15.7474 17.4574 23.6398 19.2611 14.0323 13.4315 18.3071 16.3298 13.8254 12.0045 14.2422 11.5147 19.6957 17.013 16.1471 11.1733 17.7309 13.8871 13.0528 18.1546 18.1022 24.0979 17.0903 20.017
threshold=9.5373990365718821 0.015948414599208306 0.12774999998509887 -15.643151118028356 0.0089499875903129595 -30.027511658253772 0.12014999985694887 0.41915457519227711 -5.7276187420048945 0.14204874528966907 0.02963129787201927 12.073803311996018 0.10270270270252428 182.50000000000003 37.500000000000007 20.538156620431096 373.50000000000006 0.87901972430108455 493.50000000000006 0.10804760795477723 0.041241506747983159 -0.05539999529719352 -2.7348352606150361 58.401800155639656 -0.27066908688198932 9.6885291568927006 645.31002807617199 0.56672206180867912 -0.54192719756481667 0.24349192427552604
decision_type=2 2 2 2 2 2 2 2 2 2 2 2 2 2 2 2 2 2 2 2 2 2 2 2 2 2 2 2 2 2
left_child=-1 21 3 15 5 -4 7 8 -5 -9 -8 14 -13 -14 17 -3 -17 18 19 20 -6 22 -2 24 28 -26 -27 -28 -23 -30
right_child=1 2 4 6 11 -7 10 9 -10 -11 -12 12 13 -15 -16 16 -18 -19 -20 -21 -22 23 -24 -25 25 26 27 -29 29 -31
leaf_value=9.4194353691601238e-06 -0.0012618889377112499 -0.0012023562457737535 -0.00049616819310749219 -0.0057638063557171439 -0.0018727140649503833 -0.0043602455887990048 0.0071242641742930747 -0.0016852783483492697 -3.819217779790524e-05 0.0011176878352771873 -0.00035812177879227972 -0.002701559013487345 0.00040572176773504725 -0.0022337735290188288 0.0018848224570378687 0.013551491066123144 -0.00094230200567636271 -0.00085812088292201998 -0.00039456091945961035 0.010153990504672092 0.0021480693396697327 0.0013871913733555536 0.00011666161641986861 -0.001703701098274111 0.0051903786659568589 -0.00029040164626801314 0.0060118158461463711 -0.00095862169557621598 -0.00016557812009433627 -0.0024650304914982952
leaf_weight=82 898 60 160 73 79 144 65 147 81 152 77 226 181 166 171 133 63 219 2208 121 70 411 604 232 726 814 279 64 401 245
leaf_count=82 898 60 160 73 79 144 65 147 81 152 77 226 181 166 171 133 63 219 2208 121 70 411 604 232 726 814 279 64 401 245
internal_value=-0.0020498 -0.00218113 -0.00337753 0.000776869 -0.00432133 -0.0129126 -0.00285833 -0.00603712 -0.0154088 -0.00103618 0.00714286 -0.00354469 -0.00841696 -0.00328125 -0.0025583 0.00911877 0.0132338 -0.00317358 -0.00248087 0.00636364 -0.00159091 -0.00100235 -0.00348374 0.000176267 0.000831919 0.0025768 -0.000150602 0.00653736 -0.00227401 -0.00580645
internal_weight=9352 9270 4596 851 3745 304 595 453 154 299 142 3441 573 347 2868 256 196 2697 2478 270 149 4674 1502 3172 2940 1883 1157 343 1057 646
internal_count=9352 9270 4596 851 3745 304 595 453 154 299 142 3441 573 347 2868 256 196 2697 2478 270 149 4674 1502 3172 2940 1883 1157 343 1057 646
is_linear=0
shrinkage=0.035


Tree=130
num_leaves=31
num_cat=0
split_feature=159 169 60 179 52 211 49 71 173 154 93 71 10 149 205 288 193 137 104 113 212 30 52 58 271 183 274 274 214 10
split_gain=14.4211 10.5519 10.7193 13.861 9.64567 10.8299 13.2441 16.5912 23.2155 17.213 15.9757 15.6006 18.3949 16.0027 13.8142 13.1977 13.0732 12.4554 20.0652 15.8879 18.6965 12.2081 14.645 11.7172 11.4402 12.2474 19.1965 17.8481 15.9194 14.3605
threshold=9.5373990365718821 16.11970391175425 1081.0000000000002 15.155451637292311 5127.5000000000009 -0.86485363565544826 537.00000000000011 713.50000000000011 -0.6054600720091321 -0.083834944448766727 275.00000000000006 804.50000000000011 60.52571432925113 3.5000000000000004 0.011606033772251209 1.0000000180025095e-35 -0.80337168257429592 1052.5000000000002 616.50000000000011 -1.8115961165393364 6.9455325274125315 5737.5000000000009 5562.5000000000009 -5.1522779819261428 15.899067284748485 -0.49071199214459443 -0.092362744186081688 -0.29024805008124421 0.032599996775388725 15.584332974408616
decision_type=2 2 2 2 2 2 2 2 2 2 2 2 2 2 2 2 2 2 2 2 2 2 2 2 2 2 2 2 2 2
left_child=-1 4 -3 -4 -2 21 11 8 9 -8 -9 12 14 -13 -7 -16 -14 18 -10 20 -20 22 -6 -21 25 26 -12 28 -27 -29
right_child=1 2 3 -5 5 6 7 10 17 -11 24 13 16 -15 15 -17 -18 -19 19 23 -22 -23 -24 -25 -26 27 -28 29 -30 -31
leaf_value=9.0897551312402191e-06 -0.0014499153303393375 -0.0040397941258680028 -0.0021187356905575032 0.003380341257701524 0.011346667929883199 0.0011153630564483951 0.0030872673043302245 0.014481231894188592 -0.0021652957367818792 -0.001691567151998566 -0.0040481340526557514 0.011144850032456083 -0.0014626420991150798 -0.0019032902720522739 -0.0014663711469588849 0.0018654831300027365 -0.0066426639238062885 0.020264660674463687 0.0090723784686983222 0.018395544950511683 -0.0031569036256514742 0.010681214382673913 -0.0015580348772087406 0.0058772564442428812 0.00061489409413189374 0.010111387124880871 0.00010199911572299326 9.008767347075786e-05 -0.00040292797124504346 -0.00044162446920492432
leaf_weight=82 82 64 78 74 60 114 150 79 130 157 113 60 65 68 222 88 210 82 95 84 107 89 67 60 496 119 87 758 122 5290
leaf_count=82 82 64 78 74 60 114 150 79 130 157 113 60 65 68 222 88 210 82 95 84 107 89 67 60 496 119 87 758 122 5290
internal_value=-0.00212461 -0.0022566 -0.009819 -0.0044586 -0.00207087 -0.00195722 -0.0021493 -0.00170721 0.00285632 -0.00482372 -0.00226765 -0.00635216 -0.00840199 0.00473684 -0.00375291 -0.00755556 -0.015375 0.00708703 0.00480249 0.00917379 0.00270531 0.00570136 -0.00132576 0.0178523 -0.0024485 -0.00284031 -0.0112683 -0.00256355 0.00668699 -0.00293739
internal_weight=9352 9270 216 152 9054 8972 8756 7929 865 307 7064 827 699 128 424 310 275 558 476 346 202 216 127 144 6985 6489 200 6289 241 6048
internal_count=9352 9270 216 152 9054 8972 8756 7929 865 307 7064 827 699 128 424 310 275 558 476 346 202 216 127 144 6985 6489 200 6289 241 6048
is_linear=0
shrinkage=0.035


Tree=131
num_leaves=31
num_cat=0
split_feature=159 169 82 184 93 120 215 256 27 150 24 227 222 49 42 256 214 137 274 137 134 123 47 54 180 71 68 12 173 120
split_gain=14.2256 11.7451 10.661 10.2816 12.9731 17.4055 17.1953 19.7987 19.1156 20.5356 16.5722 12.8854 11.7042 10.5515 15.3637 16.8206 18.6274 14.2331 17.3344 33.6866 13.8507 13.4955 15.4302 11.3124 11.1818 12.2527 12.7515 10.7101 10.6816 14.189
threshold=9.5373990365718821 16.11970391175425 1557.0000000000002 -0.016792453686518782 2504.0000000000005 0.67384999990463268 -0.042999990284442895 33.434670840634517 4019.0000000000005 0.037800006568431861 0.021741678872509992 0.035187235885025821 8.1880695501813481 2523.0000000000005 23.538747774919383 33.08196797167836 0.038750000298023231 337.50000000000006 -0.12168096129534323 1027.5000000000002 0.014291427003650244 0.025052326444109679 -7.9098746374735631 0.26895000040531164 0.013699997216463091 849.50000000000011 0.048313666622145542 8.5710909342960715 0.50938418810213559 0.66294997930526745
decision_type=2 2 2 2 2 2 2 2 2 2 2 2 2 2 2 2 2 2 2 2 2 2 2 2 2 2 2 2 2 2
left_child=-1 3 -3 -2 10 6 -6 8 9 -8 11 -5 -7 14 15 17 28 -12 -19 -20 23 22 -21 -16 25 -15 -27 -18 29 -17
right_child=1 2 -4 4 5 12 7 -9 -10 -11 13 -13 -14 24 20 16 27 18 19 21 -22 -23 -24 -25 -26 26 -28 -29 -30 -31
leaf_value=8.7716137016463637e-06 -0.00010405727265182852 -0.0021015223043651396 -7.1085012627916672e-05 0.0088098837206807053 -0.00094576750913544401 0.0036485376617917289 -0.002864054872246607 0.0056433743066551245 0.0060498837177015707 0.0016522579800967259 -0.0022706902469734969 1.1454171884426601e-05 -8.0331567165069657e-05 0.00021293346172360285 -0.00056031723008215966 0.013538702120895982 0.009913846754808062 -0.0015675815421200908 0.014776577783541861 -0.0040508007887285948 -0.0017912323990992897 0.00088280610678031341 -8.3886220044739065e-05 -0.0026222229033895463 0.00071215006285472321 -0.0012476715151305857 0.00023793885022312168 1.1779951613709595e-05 -0.0013334520644359459 -0.0022002873616019146
leaf_weight=82 4119 131 85 63 378 176 130 154 67 60 77 280 112 78 1011 147 137 113 98 77 554 63 90 61 76 587 63 67 126 90
leaf_count=82 4119 131 85 63 378 176 130 154 67 60 77 280 112 78 1011 147 137 113 98 77 554 63 90 61 76 587 63 67 126 90
internal_value=-0.00202736 -0.00215849 -0.0101357 -0.00196269 -0.00303947 0.000355823 -0.00233627 0.00260817 -0.00333969 -0.00897436 -0.00398654 0.00331897 0.00764505 -0.00470312 -0.00364691 -0.000417431 0.00373252 -0.0049522 -0.00243274 0.00168168 -0.00579399 -0.00565957 -0.0107849 -0.00344475 -0.00822002 -0.0095498 -0.0111145 0.0120574 -0.0010462 0.00332645
internal_weight=9352 9270 216 9054 4935 1077 789 411 257 190 3858 343 288 3515 2711 1085 567 518 441 328 1626 230 167 1072 804 728 650 204 363 237
internal_count=9352 9270 216 9054 4935 1077 789 411 257 190 3858 343 288 3515 2711 1085 567 518 441 328 1626 230 167 1072 804 728 650 204 363 237
is_linear=0
shrinkage=0.035


Tree=132
num_leaves=31
num_cat=0
split_feature=159 184 186 47 213 218 231 222 271 109 21 21 75 271 32 202 231 148 204 204 263 163 225 164 230 261 49 71 17 5
split_gain=14.4211 10.6326 12.8017 14.1473 13.1498 13.376 16.3819 14.7029 12.3791 13.0938 12.3217 16.6487 17.5304 14.4812 13.3053 17.4795 12.423 12.0516 13.4175 11.3314 11.2584 11.1592 18.5199 20.0785 12.7578 11.6571 11.9319 11.6328 10.5698 10.3539
threshold=9.5373990365718821 -0.016792453686518782 -0.43068729426253899 -5.5096140215660716 9.0661235145440973 5.8836712206328281 26.994655933560434 4.0122813676402025 13.084573739102238 0.67655000090599071 0.13184999674558642 0.14105000346899035 -10.576036781670959 11.396937324791264 0.15454999357461932 0.59999999997300002 8.6415175257270622 149.50000000000003 0.13191946810504138 0.073825508539985124 -0.052507182750072261 0.24616676058974762 0.29864166843701534 -0.17472119959180873 -6.9903869318976808 515.39501953125011 727.50000000000011 3031.5000000000005 4.9021823992267963 13.870239734924132
decision_type=2 2 2 2 2 2 2 2 2 2 2 2 2 2 2 2 2 2 2 2 2 2 2 2 2 2 2 2 2 2
left_child=-1 2 3 8 -4 7 -7 -6 9 21 13 12 -12 16 15 -13 17 18 -3 -5 -17 25 23 -23 -25 26 -2 -26 -14 -15
right_child=1 10 4 19 5 6 -8 -9 -10 -11 11 14 28 29 -16 20 -18 -19 -20 -21 -22 22 -24 24 27 -27 -28 -29 -30 -31
leaf_value=8.4646072220900815e-06 -0.0024989921770444397 -0.0023460325164366917 -0.0014726308696005302 -0.00014204427061967562 0.0001118756524349629 0.00034331496852252954 0.01325341107029027 -0.0024589833236679758 0.001063041602853549 -0.00095940863813337787 -0.00010916082820082885 -0.0010366264694787607 0.010829534272688898 -0.001154561179830268 -8.5763841722934502e-05 -0.00085432728055838078 -1.2287947793754863e-05 -0.0015934462989145061 0.010906239533403988 -0.002793538773919919 0.00036326180868860808 -0.0011367973370761686 -0.0020279690237123608 -0.00053479939532514846 0.0062828505488170521 -0.00097070871331157813 0.011767838196101991 0.00013359191294718217 -0.00029054793511177458 0.011946481106333754
leaf_weight=82 74 103 146 145 177 1138 68 78 277 423 635 1689 127 69 1112 202 153 401 69 147 368 180 79 97 282 658 65 175 65 68
leaf_count=82 74 103 146 145 177 1138 68 78 277 423 635 1689 127 69 1112 202 153 401 69 147 368 180 79 97 282 658 65 175 65 68
internal_value=-0.00212461 -0.0022566 -0.00095515 -0.00247027 0.00149814 0.00250682 0.00404624 -0.00471154 -0.00154212 -0.00249019 -0.00333695 -0.00254818 0.00189303 -0.0071371 -0.00363892 -0.00517889 -0.00909713 -0.0114446 -0.00355932 -0.0096633 0.000121739 -0.00104025 0.00183985 0.00359946 0.0068873 -0.00397132 0.00510417 0.00931818 0.0110152 0.00320423
internal_weight=9352 9270 4209 2602 1607 1461 1206 255 2310 2033 5061 4198 827 863 3371 2259 726 573 172 292 570 1610 813 734 554 797 139 457 192 137
internal_count=9352 9270 4209 2602 1607 1461 1206 255 2310 2033 5061 4198 827 863 3371 2259 726 573 172 292 570 1610 813 734 554 797 139 457 192 137
is_linear=0
shrinkage=0.035


Tree=133
num_leaves=31
num_cat=0
split_feature=159 205 274 37 22 260 39 127 104 4 25 59 163 109 94 105 32 270 254 104 270 260 27 35 13 146 96 104 182 76
split_gain=14.4664 10.7235 14.4212 18.5148 22.8015 18.5127 18.0881 17.9188 16.6003 14.5562 13.8275 18.6872 13.218 13.1109 13.3672 13.9664 13.0772 12.2712 19.2913 17.4157 16.2485 16.749 15.0866 14.3653 13.9897 15.5376 13.8597 12.0819 12.7809 22.3901
threshold=9.5373990365718821 0.015791287639497605 0.47367564505963611 29.789299964904789 0.25875000655651098 0.52730413678455967 153.50000000000003 27.500000000000004 505.50000000000006 15.651048490690107 -14.035668043976576 48.192649841308601 -0.032744768532999576 0.66554999351501476 207.50000000000003 177.50000000000003 0.15425000339746478 37.499399108905159 2.1687378158019581 863.00000000000011 42.91588330052457 0.90296429165866321 2470.5000000000005 0.035821209614058401 19.168064905044847 -1.0447953526986169 6822.5000000000009 703.50000000000011 -0.060206441812648552 0.35864999890327459
decision_type=2 2 2 2 2 2 2 2 2 2 2 2 2 2 2 2 2 2 2 2 2 2 2 2 2 2 2 2 2 2
left_child=-1 2 5 4 -4 8 -7 -5 9 10 -2 -12 13 14 15 -3 -10 18 24 22 23 26 -20 -19 -14 -26 -22 -18 -29 -30
right_child=1 12 3 7 -6 6 -8 -9 16 -11 11 -13 17 -15 -16 -17 27 20 19 -21 21 -23 -24 -25 25 -27 -28 28 29 -31
leaf_value=8.1683459693188135e-06 0.012293063006642041 -0.00075140945742901174 0.0062174977717376822 -0.00022741758895559241 -0.0014053507993727673 0.012818619951196432 -0.0026729840418310258 -0.0018333456891559024 -0.00021673275453084175 0.0022625836429205856 -0.0021448326360933474 0.0013171729721024184 -9.6219457242830439e-05 -0.0017791610405221378 -0.0019018094752796695 0.0030509792219270775 0.013535437636831243 -3.5398799084708222e-05 0.00087967983335670555 0.0053656030157123741 -0.00011065925296327663 -0.0012780087895170652 -0.0024528898755524654 -0.0017052711511508644 0.018254291250357931 0.0050608780041437942 -0.0032715499351779311 0.0044107058634597395 0.00067516391089937134 -0.0010500500815127658
leaf_weight=82 60 387 124 156 167 152 67 218 2057 71 341 60 119 361 309 154 123 118 66 73 2347 175 158 218 100 78 82 396 332 201
leaf_count=82 60 387 124 156 167 152 67 218 2057 71 341 60 119 361 309 154 123 118 66 73 2347 175 158 218 100 78 82 396 332 201
internal_value=-0.00214706 -0.00227925 -0.0010585 -0.00579851 0.000827703 -0.000235446 0.00953125 -0.0108971 -0.000835162 -0.00651769 -0.00878755 -0.0111207 -0.00344105 -0.00659128 -0.00417544 -0.000833333 0.000146114 -0.00235377 0.00222037 -0.00405629 -0.00328014 -0.00233423 -0.00886463 -0.0104692 0.00846026 0.0145355 -0.00156738 0.00331126 0.00191113 -0.00162639
internal_weight=9352 9270 4525 665 291 3860 219 374 3641 532 461 401 4745 1211 850 541 3109 3534 594 297 2940 2604 224 336 297 178 2429 1052 929 533
internal_count=9352 9270 4525 665 291 3860 219 374 3641 532 461 401 4745 1211 850 541 3109 3534 594 297 2940 2604 224 336 297 178 2429 1052 929 533
is_linear=0
shrinkage=0.035


Tree=134
num_leaves=31
num_cat=0
split_feature=159 126 169 90 150 122 163 173 116 94 126 115 11 2 19 270 268 115 19 261 45 48 114 173 144 10 174 213 189 130
split_gain=14.4815 9.17275 21.6712 15.9877 16.918 19.2485 15.6842 19.0367 18.7284 17.7341 15.4035 17.7075 16.9977 14.5176 20.5927 22.9586 19.3491 16.7758 16.2675 13.8214 18.4866 13.1451 13.7252 13.3012 13.0906 20.4939 12.9273 12.4787 18.2611 16.4181
threshold=9.5373990365718821 507.00000000000006 15.411396657476113 0.020442986492080473 0.018749997019767765 10.098532850279677 -0.072394389272235793 -0.62751169160322418 247.50000000000003 209.50000000000003 609.50000000000011 294.00000000000006 30.729751205901085 6646.8098144531259 6132.5000000000009 39.985904221091737 1.1328054266124268 447.50000000000006 5497.5000000000009 562.30999755859386 6.136671255879901 30.279299736022953 32.257999420166023 -0.89821190258948935 42.779428603142527 39.120344581080211 -0.0046948535478120576 10.258676392155236 13.786156908804818 -28.579832158643345
decision_type=2 2 2 2 2 2 2 2 2 2 2 2 2 2 2 2 2 2 2 2 2 2 2 2 2 2 2 2 2 2
left_child=-1 2 3 -2 -5 -6 9 -8 10 13 12 -12 -9 14 17 -16 -15 18 -3 -17 -21 22 -20 -23 -19 -26 -25 28 29 -7
right_child=1 6 -4 4 5 27 7 8 -10 -11 11 -13 -14 16 15 19 -18 24 21 20 -22 23 -24 26 25 -27 -28 -29 -30 -31
leaf_value=7.8824538603938799e-06 -0.00056136710992647115 -0.0039732023213338115 -0.0026041484089672049 -0.0049655424689375388 0.013325804564064837 0.00053030176403754737 -0.0020092587547619642 0.018815205534521734 -0.0014603794356365697 -0.0013096223987364339 0.014595631620000415 2.0209583778857401e-06 0.00037605936119034541 -0.0020136648052064884 -0.0013084875543116867 0.014799369574784173 0.0017845681824749536 -0.0025867566598133077 0.0050933116873657898 -0.00093777993105461158 0.012623825428901085 0.0068032687745531025 0.023071391168878793 0.00032503169848585784 0.0079239284763004784 -0.0019457280263555623 -0.0016376258033764341 -0.0008144913841054808 0.0013382176716770725 -0.00090230468823040814
leaf_weight=82 2239 69 232 70 88 281 123 68 141 771 108 2326 200 183 106 181 73 134 81 125 60 97 61 274 68 123 184 151 432 221
leaf_count=82 2239 69 232 70 88 281 123 68 141 771 108 2326 200 183 106 181 73 134 81 125 60 97 61 274 68 123 184 151 432 221
internal_value=-0.00215454 -0.00228679 -0.0036327 -0.00293089 0.000252404 0.00127759 -0.00138464 0.000353416 0.000946278 -0.00337187 0.00160325 0.000717507 0.00948718 -0.00147752 -0.000200893 0.00587002 -0.00911877 -0.00284215 0 0.01 0.00313158 0.0016453 0.0109524 -0.0008125 -0.00943939 -0.00339286 -0.00332613 -3.21101e-05 0.00149095 -0.00303748
internal_weight=9352 9270 3714 3482 1243 1173 5556 2966 2843 2590 2702 2434 268 1819 1563 472 256 1091 766 366 185 697 142 555 325 191 458 1085 934 502
internal_count=9352 9270 3714 3482 1243 1173 5556 2966 2843 2590 2702 2434 268 1819 1563 472 256 1091 766 366 185 697 142 555 325 191 458 1085 934 502
is_linear=0
shrinkage=0.035


Tree=135
num_leaves=31
num_cat=0
split_feature=159 126 150 177 269 163 173 223 137 223 94 141 38 75 180 8 9 13 247 256 270 143 258 137 47 225 11 157 177 269
split_gain=14.2856 9.48799 18.6375 17.8459 14.507 14.1077 17.5575 16.0474 17.6076 16.6217 15.9015 14.4934 21.6216 14.1545 13.5176 13.5111 28.259 14.1107 13.1867 22.6854 18.0335 17.8507 15.8169 14.7922 14.473 14.4559 14.1899 12.1787 13.2403 12.7742
threshold=9.5373990365718821 507.00000000000006 0.020699996501207355 -0.050034512343344023 0.41656031077641492 -0.072394389272235793 -0.62751169160322418 16.474497184850382 264.50000000000006 18.053315710359126 209.50000000000003 17.881580341940765 1428.5000000000002 -7.6944930651950951 0.0067000240087509164 -123.71011280224219 -13.982920202214659 18.505509338232638 644.61499023437511 18.276828596798584 54.953747679525861 0.1519499942660332 0.021449998021125797 924.50000000000011 -7.9918750565485768 0.25096582160852615 98.663933635564504 0.024545939015019985 -0.01605156536149464 3.1566606646971089
decision_type=2 2 2 2 2 2 2 2 2 2 2 2 2 2 2 2 2 2 2 2 2 2 2 2 2 2 2 2 2 2
left_child=-1 2 4 -4 -2 10 -7 11 -9 -10 27 12 -8 -14 -11 16 -5 -17 19 -13 22 24 -20 -23 -21 -26 -22 -3 -29 -30
right_child=1 5 3 15 -6 6 7 8 9 14 -12 18 13 -15 -16 17 -18 -19 20 21 26 23 -24 -25 25 -27 -28 28 29 -31
leaf_value=7.6065679752795883e-06 -0.0029550250091822813 1.3394414784935195e-05 0.0069473249576585457 0.010496748954089256 -0.0018661766032335757 -0.0019389346983452946 -0.0036199787090073674 0.018747802433287993 0.0071099704762244611 0.0010953704374332034 -0.0012637856147806586 0.0060110480072416298 -0.0011495082974289565 0.0036108797832965622 -0.00091140557940095485 -0.0032166795661923006 -0.0026743790505080636 -0.00020859770340481422 0.00032512254593005833 3.3076859734362254e-05 0.008724293642726642 -0.00045741851606412981 -0.0030110460323853195 0.00073209939430703261 -0.0017647298237154461 -4.1982059949262357e-05 0.00097145541802092959 0.0040589636494878746 -0.0014618865575753211 -0.0045966072596725976
leaf_weight=82 120 1437 70 63 110 123 129 68 109 276 771 94 112 116 175 81 155 3115 241 131 173 457 79 289 200 88 106 70 228 84
leaf_count=82 120 1437 70 63 110 123 129 68 109 276 771 94 112 116 175 81 155 3115 241 131 173 457 79 289 200 88 106 70 228 84
internal_value=-0.00205728 -0.00218868 -0.00355741 -0.00290914 -0.0131064 -0.00127135 0.000376977 0.000946278 0.00586098 0.00371681 -0.00315607 -0.000457207 -0.00686464 -0.000300429 0.000690789 -0.00327581 -0.0116143 -0.00268978 0.00078905 -0.00124604 0.00504139 -0.00260256 -0.000646154 0.000652463 -0.00833726 -0.0126621 0.0114613 -0.00136239 -0.00687339 -0.00993691
internal_weight=9352 9270 3714 3484 230 5556 2966 2843 628 560 2590 2215 357 228 451 3414 218 3196 1858 1259 599 1165 320 746 419 288 279 1819 382 312
internal_count=9352 9270 3714 3484 230 5556 2966 2843 628 560 2590 2215 357 228 451 3414 218 3196 1858 1259 599 1165 320 746 419 288 279 1819 382 312
is_linear=0
shrinkage=0.035


Tree=136
num_leaves=31
num_cat=0
split_feature=159 32 210 185 42 257 13 219 164 93 33 223 115 189 129 208 115 49 211 272 181 125 63 219 247 149 80 260 82 6
split_gain=14.1209 9.34895 11.565 10.639 10.4306 13.6904 13.0857 10.6669 13.3128 12.5325 10.9122 10.721 10.4831 11.342 12.3703 11.4833 11.1804 20.9312 24.5957 17.1184 16.9127 14.6914 13.7335 12.8138 11.2244 15.6928 15.3538 15.0368 14.6048 27.5747
threshold=9.5373990365718821 0.13405000418424609 -0.014697107449953598 0.018008977520091968 10.5119820941757 4.9287820162771556 31.075841879282521 7.9343399004262549 0.083683473041503795 1375.5000000000002 0.57839998602867138 45.205815649167057 3467.5000000000005 14.750463956647099 6577.5000000000009 0.030649989843368534 2519.0000000000005 1396.0000000000002 0.13778119230965366 0.021849997341632846 0.10647500120103361 41.584501266479499 6857.5000000000009 -9.0748836710750904 611.14498901367199 2.5000000000000004 -3.610039078489756 0.84247049551679176 321.50000000000006 2.6613027427797946
decision_type=2 2 2 2 2 2 2 2 2 2 2 2 2 2 2 2 2 2 2 2 2 2 2 2 2 2 2 2 2 2
left_child=-1 2 -2 -4 5 6 -3 8 10 -9 12 -12 16 15 -15 -14 20 -18 -19 21 -6 -20 24 -21 27 -26 -27 28 29 -22
right_child=1 4 3 -5 7 -7 -8 9 -10 -11 11 -13 13 14 -16 -17 17 18 19 23 22 -23 -24 -25 25 26 -28 -29 -30 -31
leaf_value=7.3403380961450942e-06 0.00013063269753576775 0.0012772006874576052 -0.0025602722765993902 -0.00043093954970442914 -0.0030199629790775202 0.007283558569824186 -0.0025401363621894101 -1.318669433448827e-06 -0.0016492615583088895 -0.0019307197959034282 -0.0057370380202739152 0.00039555761498235171 -0.00053859959988825654 -0.005193205899756111 -0.00022819943966716664 0.0028564364524203798 0.011693297195157056 -0.0020863659782572085 -0.0015192198644219841 0.00024903605931854715 0.009799994466321061 0.0048669300319148477 -0.00088414722719365099 -0.0028993837746307703 0.0017360326351625686 3.3770819624192596e-05 -0.0015098910425127123 -0.0018391593537646714 -0.00032070196946670169 -0.0051666801327476808
leaf_weight=82 154 116 122 474 118 83 76 128 136 176 97 67 489 85 87 80 74 62 61 162 183 195 86 63 556 1877 233 169 2998 63
leaf_count=82 154 116 122 474 118 83 76 128 136 176 97 67 489 85 87 80 74 62 61 162 183 195 86 63 556 1877 233 169 2998 63
internal_value=-0.00197499 -0.00210566 -0.00584106 -0.00803661 -0.00177361 0.004875 -0.00035533 -0.00199818 -0.00174868 -0.00838188 -0.00155506 -0.010355 -0.00135953 -0.00530161 -0.0130508 -0.00286585 -0.000932657 0.00354502 0.00108577 0.00381687 -0.00137484 0.00992337 -0.0011175 -0.00319565 -0.000914694 0.000786222 -0.000595745 -0.00224254 -0.00170206 0.00641434
internal_weight=9352 9270 750 596 8520 275 192 8245 7941 304 7805 164 7641 741 172 569 6900 617 543 481 6283 256 6165 225 6079 2666 2110 3413 3244 246
internal_count=9352 9270 750 596 8520 275 192 8245 7941 304 7805 164 7641 741 172 569 6900 617 543 481 6283 256 6165 225 6079 2666 2110 3413 3244 246
is_linear=0
shrinkage=0.035


Tree=137
num_leaves=31
num_cat=0
split_feature=39 90 257 202 202 90 141 115 104 149 268 21 27 53 182 10 90 43 101 252 258 179 134 9 214 4 157 13 173 5
split_gain=12.7892 10.3981 9.56298 9.91813 15.3769 15.6075 14.5861 14.4311 15.7799 15.7443 15.1818 16.8504 16.7883 17.511 12.7135 16.7181 14.5149 14.3165 12.5561 12.445 12.2174 12.1317 11.7399 13.4357 12.646 11.2435 14.8778 13.3888 12.1746 11.5733
threshold=5.5000000000000009 0.005848025392974179 18.690085408580543 -0.29099462364819312 0.14285714284183676 0.0073891782810753129 27.230947409500054 1389.5000000000002 940.50000000000011 4.5000000000000009 4.1852355646321291 0.12994999438524249 3951.5000000000005 -18.362404890681081 0.5178419839906433 48.346670787485557 0.0090703759457845239 0.28305000066757208 0.016973130534743721 3.1524482894673693 0.0087000057101249712 14.664626336324973 0.010425681618586391 69.942078765083821 0.058200005441904075 -18.641103114204185 0.0046798428396092389 47.457975641383882 -0.1671116902489741 24.241496761422283
decision_type=2 2 2 2 2 2 2 2 2 2 2 2 2 2 2 2 2 2 2 2 2 2 2 2 2 2 2 2 2 2
left_child=-1 -2 3 -3 14 -6 7 8 -7 -10 11 21 18 -14 16 -16 -5 -18 -12 -20 -13 -9 23 -8 -25 26 27 -24 -29 -27
right_child=1 2 -4 4 5 6 22 10 9 -11 12 20 13 -15 15 -17 17 -19 19 -21 -22 -23 25 24 -26 29 -28 28 -30 -31
leaf_value=7.0834262627805794e-06 -0.0019319580175694519 -6.4265237709609519e-05 -0.002127786065779509 0.0012658855940361801 -0.0016159029840451123 -0.0018383847811551323 0.0065665197630595477 -0.0013876601623208831 0.00116785056078132 -0.001287879012512423 -0.0022092830486558574 -0.00051751044572780731 -0.0016499341524624641 0.0067853188614761199 0.0094909035560537709 -0.00089106520656727643 -0.0012531115901977577 0.000197529588898321 -0.0013031518922556105 0.00010252047605952615 0.0012218203580353709 0.00045521557611927059 -0.00093496665984526943 -0.0022106995644320649 0.0017534844657434653 0.0056549225007309087 -0.002014089230534824 -0.00026901499744723671 0.019393687794574392 -4.4034076244751647e-05
leaf_weight=114 94 3288 102 177 106 226 332 133 143 173 137 96 85 77 82 103 1270 138 128 196 410 75 85 111 65 129 131 87 60 999
leaf_count=114 94 3288 102 177 106 226 332 133 143 173 137 96 85 77 82 103 1270 138 128 196 410 75 85 111 65 129 131 87 60 999
internal_value=-0.00199744 -0.00214324 -0.00201989 -0.00189566 -0.00277131 -0.00156179 -0.0011898 -0.00339968 -0.00819013 -0.00305296 -0.00143443 0.00204451 -0.00540605 0.00419162 -0.00548169 0.00313158 -0.00649371 -0.0076787 -0.00878755 -0.00489362 0.00547945 -0.00624413 0.000890719 0.00545809 -0.00232044 -0.000678476 -0.00599185 -0.000590717 0.00575658 0.00105031
internal_weight=9352 9238 9144 9042 5754 3984 3878 1879 542 316 1337 714 623 162 1770 185 1585 1408 461 324 506 208 1999 508 176 1491 363 232 147 1128
internal_count=9352 9238 9144 9042 5754 3984 3878 1879 542 316 1337 714 623 162 1770 185 1585 1408 461 324 506 208 1999 508 176 1491 363 232 147 1128
is_linear=0
shrinkage=0.035


Tree=138
num_leaves=31
num_cat=0
split_feature=159 169 82 202 202 23 90 243 43 213 273 269 251 243 266 120 256 210 200 274 47 159 255 13 257 190 265 247 197 93
split_gain=14.2106 9.97172 12.9942 9.52108 14.0951 13.612 13.234 17.5379 13.1384 15.5331 13.0322 11.8911 12.1362 11.8591 11.8088 11.4048 12.8482 10.9709 10.6765 13.7718 16.2643 14.1357 12.4327 13.1784 12.093 11.6735 11.9499 12.7096 10.4334 13.7869
threshold=9.5373990365718821 16.11970391175425 1557.0000000000002 -0.33333333328703696 0.14285714284183676 1.9625929784847689 0.0073891782810753129 5.8716494002295105 0.28305000066757208 10.662902202745334 0.43291579954848652 5.709330949306147 0.25834561840243359 4.096917760986587 2.7914994634892225 0.65314999222755443 28.028400698666989 0.38464592176354101 -0.074800007045268999 0.19040781556312295 -9.0581790383487668 14.929184373258918 -0.15949895504907549 51.450839490608281 9.0143749122534835 -0.020299997180700299 0.48307927308588466 575.75500488281261 0.023636200551327636 1092.5000000000002
decision_type=2 2 2 2 2 2 2 2 2 2 2 2 2 2 2 2 2 2 2 2 2 2 2 2 2 2 2 2 2 2
left_child=-1 3 -3 5 8 11 7 -6 9 10 17 12 14 -14 15 -2 -17 28 -8 20 22 25 24 -24 -20 -22 27 -27 29 -5
right_child=1 2 -4 4 6 -7 18 -9 -10 -11 -12 -13 13 -15 -16 16 -18 -19 19 -21 21 -23 23 -25 -26 26 -28 -29 -30 -31
leaf_value=6.8355063435837648e-06 0.0089019978230233925 -0.0018468818862945259 0.00011150996577734441 -0.00094423516687079775 -0.0023303606655179893 -0.00022601571378839171 0.001164980961145164 0.00013246202896563476 0.0002708446863700931 0.0030309669941874671 0.00054707033409872154 0.0057125381475158256 -0.0021434445081872917 0.0005422196315440532 -0.00079697056767258584 -0.0017555935421457057 0.0077467085410534873 0.00024649756022592206 0.0056659501264659119 -0.00031040920607095684 -0.00071363887346492804 -0.0012993381686441897 -0.0029028467803013827 -0.00016793262160648417 -0.0019579768413038757 -0.00032816762173854268 4.1054731230869004e-06 0.0062797310339271694 0.00014814312983615216 -0.001731703010920613
leaf_weight=82 186 131 85 593 80 2389 207 62 166 87 149 65 117 103 87 74 97 142 171 1893 197 149 166 131 79 61 270 520 102 711
leaf_count=82 186 131 85 593 80 2389 207 62 166 87 149 65 117 103 87 74 97 142 171 1893 197 149 166 131 79 61 270 520 102 711
internal_value=-0.00201988 -0.00215094 -0.00950226 -0.00197042 -0.00279246 -0.000403458 -0.00159609 -0.0119048 -0.00522762 -0.00610397 -0.00684783 0.00376703 0.00230194 -0.00435556 0.00561247 0.0084116 0.00178977 -0.00779781 -0.00120031 -0.00164333 0.000600343 0.0028827 -0.004375 -0.00915563 0.00137255 0.00432099 0.00609229 0.00889932 -0.0087314 -0.00957219
internal_weight=9352 9270 216 9054 5936 3118 3986 142 1950 1784 1697 729 664 220 444 357 171 1548 3844 3637 1744 1197 547 297 250 1048 851 581 1406 1304
internal_count=9352 9270 216 9054 5936 3118 3986 142 1950 1784 1697 729 664 220 444 357 171 1548 3844 3637 1744 1197 547 297 250 1048 851 581 1406 1304
is_linear=0
shrinkage=0.035


Tree=139
num_leaves=31
num_cat=0
split_feature=159 32 19 22 148 33 136 91 123 19 270 159 146 33 88 115 256 21 153 71 32 197 157 98 81 170 231 213 202 100
split_gain=14.3458 9.71287 10.7614 10.8228 17.9486 17.0342 10.6833 9.24857 12.5458 8.978 11.4644 11.2217 9.24035 9.19484 13.8908 10.4843 14.6461 10.2211 13.8028 13.4862 14.213 14.5728 12.9592 20.9509 14.1243 17.5337 13.8486 13.4239 12.6266 12.5078
threshold=9.5373990365718821 0.13405000418424609 6622.5000000000009 0.11924999952316286 674.50000000000011 0.14124999940395358 23.564349174499515 -5.8783144993276091 0.016380019562263651 6872.5000000000009 26.307643337263453 15.749272645626739 -0.7364047571450788 0.57839998602867138 0.51269999146461498 29.500000000000004 91.797874073859234 0.13274999707937243 0.94818330295901354 2665.5000000000005 0.14185000211000445 -0.013333694294629734 -0.026698549328693363 0.52064999938011181 58.212799072265632 0.019899997860193256 2.6110236663789981 9.0996322250349078 0.58840336133853099 11.798925723057417
decision_type=2 2 2 2 2 2 2 2 2 2 2 2 2 2 2 2 2 2 2 2 2 2 2 2 2 2 2 2 2 2
left_child=-1 2 3 4 5 -2 -5 -8 -9 11 -11 13 -13 14 15 16 -3 19 22 20 21 -17 23 27 -24 -26 -25 -19 -21 -23
right_child=1 9 -4 6 -6 -7 7 8 -10 10 -12 12 -14 -15 -16 17 -18 18 -20 28 -22 29 24 26 25 -27 -28 -29 -30 -31
leaf_value=6.5962636215571867e-06 -0.0030250883445747641 -0.0029972318690808411 -0.0013284767188140314 0.0043419484885418077 0.0067282682828377844 0.00039004594499743864 -0.0031721004905372698 -0.0020984361061291948 3.2084167285290627e-05 -0.00010340974630375394 -0.001688716483245468 -0.0026840195373185765 9.2491882719346337e-06 -0.0025223037360098495 0.011222700610393415 -0.0013029681026176982 0.00024583684752240765 -0.0014348485169608412 0.0048637193076462026 0.00038930961610660265 -0.0013814461479529434 -0.00070893878108552915 -0.00011670742090148041 0.0038685756647856089 -0.0026647675626266607 0.00010702740478634483 -0.001275758650437052 0.0019064319580660339 -0.0011385352122484644 0.0092870464405033961
leaf_weight=82 71 93 157 67 105 80 60 89 121 86 80 164 78 169 74 60 79 65 95 366 708 68 4720 72 187 159 175 767 157 98
leaf_count=82 71 93 157 67 105 80 60 89 121 86 80 164 78 169 74 60 79 65 95 366 708 68 4720 72 187 159 175 767 157 98
internal_value=-0.00208721 -0.00221887 -0.00602649 -0.00380435 0.0016092 -0.00605769 -0.00788012 -0.0109455 -0.00716279 -0.00188035 -0.00982456 -0.00171671 -0.00906883 -0.00149193 -0.00131668 -0.00146241 -0.00988701 -0.00126785 -0.00065012 -0.00390219 -0.00641108 0.00121212 -0.00085935 0.00261531 -0.00160126 -0.00837607 -0.00625 0.00526882 0.000596591 0.00654971
internal_weight=9352 9270 750 593 256 151 337 270 210 8520 166 8354 242 8112 7943 7869 172 7697 6240 1457 934 226 6145 1079 5066 346 247 832 523 166
internal_count=9352 9270 750 593 256 151 337 270 210 8520 166 8354 242 8112 7943 7869 172 7697 6240 1457 934 226 6145 1079 5066 346 247 832 523 166
is_linear=0
shrinkage=0.035


Tree=140
num_leaves=31
num_cat=0
split_feature=39 271 142 136 208 21 156 260 183 71 187 269 137 47 205 198 6 27 122 179 256 124 120 135 69 5 13 13 183 46
split_gain=13.0403 8.95745 13.6731 10.5452 10.0034 9.17925 16.8378 16.2809 14.999 13.6543 20.0482 14.794 13.9767 14.2655 13.0998 12.6665 11.5323 11.487 18.417 13.0979 11.172 10.8677 15.6916 15.0735 13.7183 12.5517 12.817 22.3212 21.0815 13.4811
threshold=5.5000000000000009 16.997798508604244 0.80515000224113475 36.44799995422364 -0.022550016641616818 0.13274999707937243 -0.40799059133201693 0.76733822639333249 0.80946712224159834 2665.5000000000005 -0.00032959727774562315 -5.6283579494814653 2940.5000000000005 -6.4071595200607989 0.014276165344715709 -0.0058499872684478751 21.240490226646365 1855.5000000000002 13.949153976770694 14.099421775115891 23.645455587273037 -1.228222326243299 0.67585000395774852 -0.68598299975890331 -11.603580640016206 -69.292207882730168 119.95048237720634 94.280982348384114 -0.10300148220085723 0.016736718385600088
decision_type=2 2 2 2 2 2 2 2 2 2 2 2 2 2 2 2 2 2 2 2 2 2 2 2 2 2 2 2 2 2
left_child=-1 5 3 -3 -4 9 7 8 16 14 -11 -12 13 20 15 -2 -7 18 -16 -20 -13 22 24 -23 -8 -26 27 29 -29 -27
right_child=1 2 4 -5 -6 6 21 -9 -10 10 11 12 -14 -15 17 -17 -18 -19 19 -21 -22 23 -24 -25 25 26 -28 28 -30 -31
leaf_value=6.3653943948033259e-06 0.0087124927057760336 -0.0013408199500595194 -0.0002438824550032376 0.0031065927075578426 0.01142712755365005 0.00023513610632604185 -0.0031204314035901547 -0.0009603656768604927 0.0090163718174643553 -0.0012495672724998751 -0.0017244597570875183 2.34559919156363e-05 -0.00075613098868443146 -0.00011076177907027474 0.0042276343985412704 -0.0010506885196430327 -0.00081243598541451444 -0.0018029644553198328 -0.00092383509573407412 -0.002961258378701901 0.011213519036492413 -0.0028636648070557184 0.00010750478564742539 2.7340263413477843e-06 0.0077551473639940124 -0.0020244119568447153 -0.0014958796189585867 0.0095834078384660383 -0.0014063033916726926 -0.00037900831615853562
leaf_weight=114 106 161 69 102 129 1422 127 154 111 122 61 70 143 78 74 125 82 476 206 78 166 103 799 84 63 226 197 199 74 3431
leaf_count=114 106 161 69 102 129 1422 127 154 111 122 61 70 143 78 74 125 82 476 206 78 166 103 799 84 63 226 197 199 74 3431
internal_value=-0.00210965 -0.00225684 0.00247854 -0.00274254 0.00931034 -0.00250683 -0.00194857 0.0010062 0.00205247 -0.00480994 -0.00075969 0.00227533 0.0044697 0.00855799 -0.00722897 0.000148305 0.00111332 -0.00926103 -0.00443526 -0.00847751 0.0127801 -0.00293425 -0.00262449 -0.0111198 -0.00345789 -0.00310369 -0.00334584 -0.00289962 0.00667266 -0.00362234
internal_weight=9352 9238 461 263 198 8777 7072 1769 1615 1705 640 518 457 314 1065 231 1504 834 358 284 236 5303 5116 187 4317 4190 4127 3930 273 3657
internal_count=9352 9238 461 263 198 8777 7072 1769 1615 1705 640 518 457 314 1065 231 1504 834 358 284 236 5303 5116 187 4317 4190 4127 3930 273 3657
is_linear=0
shrinkage=0.035


Tree=141
num_leaves=31
num_cat=0
split_feature=159 49 257 126 223 126 48 9 272 126 183 164 148 261 148 148 17 12 8 183 48 11 215 37 14 271 154 245 182 204
split_gain=14.406 11.1205 9.5541 9.05654 15.3925 9.81944 23.6503 29.4162 18.8184 18.3488 22.0868 19.6396 12.2708 11.8738 22.0832 18.4638 11.4721 10.9346 10.3427 22.4278 29.7875 25.0311 23.9529 19.9133 21.1506 12.5919 11.8199 13.7658 15.6108 14.5191
threshold=9.5373990365718821 19950.500000000004 19.050423631424628 3860.0000000000005 17.223461771736098 1949.0000000000002 40.939250946044929 -26.45120241686503 0.017000012099742893 1735.5000000000002 -0.41750765897835618 -0.064712408487956577 4385.5000000000009 571.10998535156261 1180.5000000000002 1331.0000000000002 6.3602438808019199 2.9836724526194378 -121.90884006739832 -0.13335753524545821 37.604749679565437 64.716122225113068 -0.073349997401237474 30.643650054931644 -0.19774514580128685 15.899067284748485 -0.26315789466694933 0.16630359113247251 -0.091688292700363647 0.15875227036523057
decision_type=2 2 2 2 2 2 2 2 2 2 2 2 2 2 2 2 2 2 2 2 2 2 2 2 2 2 2 2 2 2
left_child=-1 2 3 5 -5 9 7 -7 -9 12 11 -11 18 15 17 -8 -12 -15 19 22 21 -21 -2 24 -24 26 27 28 -20 -29
right_child=1 -3 -4 4 -6 6 13 8 -10 10 16 -13 -14 14 -16 -17 -18 -19 25 20 -22 -23 23 -25 -26 -27 -28 29 -30 -31
leaf_value=6.1426055909852294e-06 0.018702368922886049 -0.00079837232580020354 -0.0027280108284252354 -0.0030800057691356061 0.0016787352189219446 -0.0012845654576486315 -0.0013186345918703676 4.0454558785367752e-05 0.011423892012532782 0.0098877198140028353 -0.001374798184468143 -0.00047593830929069301 0.0086116411589806704 0.0092919520681262868 -0.0036505410479898237 0.0080371750295884278 -0.0035836876349808629 -0.0016642257823110316 -0.00046663313560868063 0.017316555364198266 -0.003497721499715454 -0.0025693290863167081 0.0010332824453917451 0.00636903007852062 -0.0015210131349113675 0.0021642210722439366 -0.00013887124831759857 -0.00051543074195185617 -0.0021618252600888303 0.0036446352519537797
leaf_weight=82 61 88 69 147 82 84 103 197 298 64 181 96 118 61 128 126 76 61 146 93 150 112 79 148 372 412 5242 222 160 94
leaf_count=82 61 88 69 147 82 84 103 197 298 64 181 96 118 61 128 126 76 61 146 93 150 112 79 148 372 412 5242 222 160 94
internal_value=-0.00211713 -0.00224906 -0.00212583 -0.00202292 -0.00882479 -0.00184273 0.00131703 0.00605308 0.00931 -0.00227046 -0.00937204 0.000848485 -0.00186472 -0.00441116 -0.00960784 0.00134615 -0.0156298 0.00110236 -0.00204838 -0.00531863 -0.0123472 -0.0035 -0.00147368 -0.00365066 -0.00729167 -0.00151568 -0.00193219 -0.00647528 -0.0117042 -0.00130841
internal_weight=9352 9270 9182 9113 229 8884 1058 579 495 7826 417 160 7409 479 250 229 257 122 7291 1015 355 205 660 599 451 6276 5864 622 306 316
internal_count=9352 9270 9182 9113 229 8884 1058 579 495 7826 417 160 7409 479 250 229 257 122 7291 1015 355 205 660 599 451 6276 5864 622 306 316
is_linear=0
shrinkage=0.035


Tree=142
num_leaves=31
num_cat=0
split_feature=159 21 154 272 184 38 206 8 8 260 203 5 160 77 30 92 17 253 126 153 231 47 42 177 231 270 162 229 65 92
split_gain=14.3759 9.48672 14.4848 13.7618 12.6622 18.4692 16.2202 12.3299 17.0664 13.2187 13.161 12.9845 12.7174 11.6343 11.4377 11.6299 11.2306 18.5399 11.1335 10.7199 16.2031 10.6815 13.915 10.8769 10.5372 10.4991 10.133 14.3443 10.0166 9.84563
threshold=9.5373990365718821 0.13184999674558642 -0.1603053526502535 0.021500013768672947 -0.0091129930680472534 277.50000000000006 -0.38066067386879704 -64.18031587447318 -32.050810397409357 -0.14880946174997564 0.63873055947761037 37.465393873665704 0.03869998827576638 0.12894999980926516 6367.5000000000009 52.458250045776374 3.5907873045604171 -0.35827915444042263 755.50000000000011 0.022012161491124848 11.301600732494533 -6.6062921338026594 21.604551971490253 0.0012630593435738625 8.6415175257270622 42.354411921958139 0.043352963287273678 2.1643329515097514 0.35504999756813055 62.90575027465821
decision_type=2 2 2 2 2 2 2 2 2 2 2 2 2 2 2 2 2 2 2 2 2 2 2 2 2 2 2 2 2 2
left_child=-1 4 3 19 5 -2 -6 9 11 -5 -10 -9 13 -12 15 -13 26 -18 -19 -3 21 22 23 -21 25 -8 27 -7 -26 -4
right_child=1 2 29 7 6 16 24 8 10 -11 12 14 -14 -15 -16 -17 17 18 -20 20 -22 -23 -24 -25 28 -27 -28 -29 -30 -31
leaf_value=5.9276143953018728e-06 -0.0017282889266478745 0.0098730431767209536 -0.00024434490239894416 0.0095525253716701574 0.004270675379052514 0.00070420435423599497 -0.0023660687442987444 -0.0002985562277167464 -0.0014974275451995422 -0.0018139389145339637 -0.00041943551401377264 0.0076208498487047669 -0.0011563582026785635 0.0073812947950104195 0.0098350061911480734 -0.00038421843805109439 -0.0019306017327048344 0.0040485350896439058 -0.0017872397701084505 0.0082547483747694786 -0.0037741017954642212 0.0097265171274903868 -0.0020366749639599692 -0.00028303074229102723 0.0011885524891310059 -0.00088281996542597556 0.0023566403394080478 -0.00071476607038321188 -0.0022997444295379125 -0.0020708407568749169
leaf_weight=82 74 158 5659 66 75 91 169 181 116 275 60 85 82 62 75 61 96 144 92 112 71 149 63 103 93 423 274 76 62 223
leaf_count=82 74 158 5659 66 75 91 169 181 116 275 60 85 82 62 75 61 96 144 92 112 71 149 63 103 93 423 274 76 62 223
internal_value=-0.00210217 -0.00223396 -0.0017072 0.00111659 -0.00462067 -0.00160211 -0.00770254 -0.00134363 0.00125172 -0.00677746 -0.00473846 0.00601966 0.000669856 0.00771654 0.011615 0.00556291 4.49871e-05 -0.00477745 0.000580913 0.00508321 0.00250497 0.00510417 0.000989399 0.00525 -0.00926197 -0.0113735 0.00368834 -0.00305233 -0.00109375 -0.0025327
internal_weight=9352 9270 7601 1719 1669 847 822 1063 722 341 320 402 204 122 221 146 773 332 236 656 498 427 278 215 747 592 441 167 155 5882
internal_count=9352 9270 7601 1719 1669 847 822 1063 722 341 320 402 204 122 221 146 773 332 236 656 498 427 278 215 747 592 441 167 155 5882
is_linear=0
shrinkage=0.035


Tree=143
num_leaves=31
num_cat=0
split_feature=83 270 93 173 82 271 49 170 38 58 55 153 124 148 264 274 71 91 173 124 36 173 137 92 173 5 25 259 59 126
split_gain=11.5629 11.0534 25.7381 19.0921 30.1448 24.4945 29.29 25.9646 18.9295 23.0921 20.7789 25.2737 17.1918 15.4625 15.2562 14.9838 13.9847 25.5689 22.9322 20.9102 16.3266 16.5061 13.9229 27.8842 20.5183 22.8695 17.4322 13.8927 18.3341 16.9776
threshold=4.5000000000000009 54.590858161110837 598.50000000000011 0.22536662550690997 966.50000000000011 11.703653361692838 3211.0000000000005 0.014000002294778826 632.50000000000011 -15.588912345442841 0.12715000659227374 0.70602314268402366 -1.5687966184725355 1154.0000000000002 -0.17329029682322525 0.92105374888940872 2272.5000000000005 -3.4819312850773541 0.7462063636450168 -2.3627278014855242 -6.8932182089889453 0.42624786481172627 2951.5000000000005 55.390798568725593 0.34888128979097316 86.29533904145346 -11.733249526178897 -0.053537330265795789 49.276649475097663 1467.0000000000002
decision_type=2 2 2 2 2 2 2 2 2 2 2 2 2 2 2 2 2 2 2 2 2 2 2 2 2 2 2 2 2 2
left_child=-1 2 -2 4 -4 6 7 13 10 -10 -5 -12 -7 -6 -13 22 19 18 -18 -11 21 -19 24 -24 27 -26 -27 -3 -29 -30
right_child=1 15 3 8 5 12 -8 -9 9 16 11 14 -14 -15 -16 -17 17 20 -20 -21 -22 -23 23 -25 25 26 -28 28 29 -31
leaf_value=5.4408739910055685e-06 -0.0012666396247699896 0.00012375710891660843 0.01709323895307439 0.010578135268461688 -0.00073901188936405606 0.01548399140909869 0.0072584116173450477 -0.0015476018552669762 -0.003996536161543893 -0.0035373076337561656 0.012136632367065183 8.2672909514976419e-05 -0.0012182175846732343 0.0088935844063592149 -0.0044975378157003157 -0.0013515263098252213 0.0024291774117019475 -1.319045940934488e-05 -0.00036927228715303824 -0.00052099661841522487 6.6715551848993979e-05 -0.0010353120922274065 -0.0014374417338062196 0.0017850358002843103 0.00094466880566506869 -0.0024331956049254149 0.00034314809426544358 -0.0006088530924843841 0.01054715491757393 -0.00078705170302766005
leaf_weight=73 123 1196 82 87 220 98 158 330 66 151 63 69 75 114 100 84 293 140 154 248 114 408 463 118 1372 224 171 2402 96 60
leaf_count=73 123 1196 82 87 220 98 158 330 66 151 63 69 75 114 100 84 293 140 154 248 114 408 463 118 1372 224 171 2402 96 60
internal_value=-0.00221438 -0.00232604 -0.00403325 -0.00336471 0.000355823 -0.001365 -0.00389359 -0.0071151 -0.00547682 -0.00704877 0.00226852 -0.00324895 0.0104213 -0.00020649 -0.0102586 -0.00146988 -0.00610707 -0.00405296 0.00240044 -0.0116955 -0.0083958 -0.0108861 -0.00126085 -0.00639078 -0.000715708 0.00238995 -0.0049875 -0.00217877 -0.00363246 0.00782609
internal_weight=9352 9279 3093 2970 1077 995 822 664 1893 1574 319 232 173 334 169 6186 1508 1109 447 399 662 548 6102 581 5521 1767 395 3754 2558 156
internal_count=9352 9279 3093 2970 1077 995 822 664 1893 1574 319 232 173 334 169 6186 1508 1109 447 399 662 548 6102 581 5521 1767 395 3754 2558 156
is_linear=0
shrinkage=0.035


Tree=144
num_leaves=31
num_cat=0
split_feature=159 46 257 270 93 213 270 115 274 137 173 224 47 214 71 71 49 170 9 134 136 91 57 19 57 41 207 124 148 37
split_gain=14.4664 11.6554 10.8009 11.6648 24.8181 20.2945 15.9055 16.353 16.0692 16.7191 16.0494 23.1044 21.1049 15.9368 15.0701 22.8718 20.9976 17.1029 14.9005 14.0485 24.1487 20.0655 18.4895 16.3946 15.7931 15.5333 15.0205 15.9273 14.1075 13.9906
threshold=9.5373990365718821 0.071858893779669142 18.690085408580543 54.590858161110837 598.50000000000011 9.4153606842011754 56.800616073778052 1247.5000000000002 0.9048576285265032 2951.5000000000005 0.47339184336775553 0.99999999999120059 -8.9165864636984828 0.012449994683265688 1720.5000000000002 2738.5000000000005 1369.0000000000002 0.022150002419948581 38.000737932569315 0.010728697664739545 40.662000656127937 -2.2469210941606028 0.020442986492080473 6687.5000000000009 0.056349185540142059 5442.5000000000009 -0.016621767270879547 -1.8998809303862048 683.50000000000011 28.414449691772464
decision_type=2 2 2 2 2 2 2 2 2 2 2 2 2 2 2 2 2 2 2 2 2 2 2 2 2 2 2 2 2 2
left_child=-1 2 3 4 -2 -6 7 -5 9 10 19 13 -13 -12 16 -16 -15 -17 -11 20 29 22 23 26 25 -24 27 -21 -28 -8
right_child=1 -3 -4 6 5 -7 8 -9 -10 18 11 12 -14 14 15 17 -18 -19 -20 21 -22 -23 24 -25 -26 -27 28 -29 -30 -31
leaf_value=5.5297173017798689e-06 -0.0012223072379030388 -0.002155950120966206 -0.0023857068458317818 -0.0010703442399037861 0.011151567210049141 -0.00030443911735228207 0.0048134657949343027 0.011116378016853608 -0.0010724749875018836 -0.0021091381759934173 -0.0007787365682541276 -0.0023480337587530264 0.00012978881859227967 0.008715331311690196 0.010142279441388348 0.0051765157690295644 -0.001065120359492805 -0.00030737460816380351 -0.00043672110110975999 0.0073535717185611625 0.0059841539154958327 -0.0031953009682069377 -0.0065761074320788713 -0.00095386572986994999 0.006071862999053876 -0.00045079650875457238 7.8176787059885966e-06 -0.0026218851673432144 0.01157497431868211 -0.00086749883472769828
leaf_weight=82 123 115 105 61 77 2829 302 105 109 153 97 142 143 118 231 255 125 179 343 83 284 122 99 113 115 1903 151 79 253 456
leaf_count=82 123 115 105 61 77 2829 302 105 109 153 97 142 143 118 231 255 125 179 343 83 284 122 99 113 115 1903 151 79 253 456
internal_value=-0.00214706 -0.00227925 -0.00213592 -0.00200221 -0.00377225 -0.00310203 -0.00110936 0.0094152 -0.00141553 -0.00115632 -0.000572788 0.00281081 -0.00591379 0.00530198 0.00674699 0.00945522 -0.000705645 0.00462415 -0.00726547 -0.00167718 0.00180516 -0.00292166 -0.00229918 0.00271199 -0.00390905 -0.00463876 0.00514886 -0.00377246 0.00872861 -0.00146789
internal_weight=9352 9270 9155 9050 3029 2906 6021 166 5855 5746 5250 1290 285 1005 908 665 243 434 496 3960 1042 2918 2796 679 2117 2002 566 162 404 758
internal_count=9352 9270 9155 9050 3029 2906 6021 166 5855 5746 5250 1290 285 1005 908 665 243 434 496 3960 1042 2918 2796 679 2117 2002 566 162 404 758
is_linear=0
shrinkage=0.035


Tree=145
num_leaves=31
num_cat=0
split_feature=159 49 267 113 272 151 9 261 160 264 60 260 141 240 22 242 242 5 30 16 214 93 27 160 242 104 113 261 71 129
split_gain=14.9537 12.0224 10.4988 15.6237 13.6568 10.8975 18.0088 12.678 24.8132 15.6418 15.0334 14.9608 13.6375 18.1871 15.5998 25.9267 26.6841 19.7175 18.2733 14.3555 13.5564 18.7852 18.1553 15.3253 13.8214 13.6832 21.8608 22.0857 21.4355 20.5664
threshold=9.5373990365718821 19950.500000000004 8.1725292575107762 -2.0724271540555921 0.022499997168779377 0.53989998996257793 -12.935423578736737 470.04499816894537 -0.0017500035464763639 -1.3272447104573091 652.50000000000011 -0.80810056163952959 58.041845956038351 -9.5714934833340788 0.25235000252723699 47.457975641383882 63.984375295889841 34.555852251285344 6837.5000000000009 8.5277757374147019 0.0095000006258487719 3858.5000000000005 11369.500000000002 0.022999990731477741 39.45532684497001 1441.5000000000002 -3.5367898894553105 570.13500976562511 1969.5000000000002 5952.5000000000009
decision_type=2 2 2 2 2 2 2 2 2 2 2 2 2 2 2 2 2 2 2 2 2 2 2 2 2 2 2 2 2 2
left_child=-1 2 5 -4 -5 7 -7 9 -9 10 -2 -10 14 -14 18 -16 17 -17 20 -15 21 23 25 -13 -25 29 27 -27 -28 -22
right_child=1 -3 3 4 -6 6 -8 8 11 -11 -12 12 13 19 15 16 -18 -19 -20 -21 22 -23 -24 24 -26 26 28 -29 -30 -31
leaf_value=5.3361771962157085e-06 -0.0034264147452835601 -0.00070452831205601422 0.0053343182624193018 0.0027512669298984179 -0.0025907433292291135 0.0048216757493116831 -0.0030155018198425327 -0.0015079387067599421 0.0076578767688994338 0.0079563134120875737 0.0077460182538464312 -0.0015016487946812535 0.010487745552714941 -0.0018343816839853416 -0.0022669377308129311 0.0091335805607603206 -0.0023533467763590865 -0.00069967383409217526 0.016709464332757142 0.0023122867206742982 0.0015667166803777267 0.0036306571039886218 -0.0025589400238669206 0.0011790804554338598 -0.0048077031094106628 -0.00060775494824953516 -0.00023534969786444013 0.018171066814476111 -0.0016851491200295745 -0.00014904927971838485
leaf_weight=82 89 88 91 84 132 75 130 179 107 183 67 244 133 176 152 137 581 140 65 126 687 60 91 119 67 106 962 81 564 3554
leaf_count=82 89 88 91 84 132 75 130 179 107 183 67 244 133 176 152 137 581 140 65 126 687 60 91 119 67 106 962 81 564 3554
internal_value=-0.00238645 -0.00252075 -0.00239251 0.00392628 -0.00126697 -0.00261318 -0.0105 -0.00242075 -0.00269134 0.00417151 -0.00391304 -0.00240284 -0.00257826 0.00342045 -0.00292318 -0.00696552 -0.00454229 0.00434397 -0.00229977 -0.00136808 -0.00248853 -0.00806061 -0.00203058 -0.0106207 -0.00293194 -0.00178553 -0.00442084 0.00674479 -0.00580666 -0.000717146
internal_weight=9352 9270 9182 307 216 8875 205 8670 8331 339 156 8152 8045 435 7610 1010 858 277 6600 302 6535 490 6045 430 186 5954 1713 187 1526 4241
internal_count=9352 9270 9182 307 216 8875 205 8670 8331 339 156 8152 8045 435 7610 1010 858 277 6600 302 6535 490 6045 430 186 5954 1713 187 1526 4241
is_linear=0
shrinkage=0.035


Tree=146
num_leaves=31
num_cat=0
split_feature=159 47 49 270 19 49 195 19 33 48 91 260 270 270 173 143 242 30 222 215 38 270 270 267 137 148 69 242 132 11
split_gain=14.923 11.4187 9.39096 9.31856 12.1272 9.43276 16.5005 18.7236 27.2204 17.609 22.0084 16.6696 14.333 13.5173 14.4261 12.0144 21.3023 24.0619 13.2751 21.6596 18.5451 17.369 17.333 15.699 16.5248 14.5216 13.7669 15.241 13.1793 15.1362
threshold=9.5373990365718821 -17.815903314623913 19950.500000000004 24.284251312582331 6872.5000000000009 520.00000000000011 0.01573646049137728 6767.5000000000009 0.30464999377727514 30.279299736022953 -2.3902223993853657 -0.80810056163952959 126.32528271935901 90.810264478749318 -0.8851291406831282 0.3335500061511994 41.727921519792822 5457.5000000000009 23.159867123411605 -0.042700003832578652 719.50000000000011 81.204870975542818 81.577885307955924 -0.591199674562226 388.50000000000006 1133.5000000000002 -3.7025763568105687 46.455466652461951 0.38865000009536749 159.56586359583446
decision_type=2 2 2 2 2 2 2 2 2 2 2 2 2 2 2 2 2 2 2 2 2 2 2 2 2 2 2 2 2 2
left_child=-1 -2 3 -3 5 6 7 8 11 12 13 -5 -10 -11 -15 18 -17 -18 -7 21 -21 23 25 -20 -25 -22 27 -26 -19 -30
right_child=1 2 -4 4 -6 15 -8 -9 9 10 -12 -13 -14 14 -16 16 17 28 19 20 22 -23 -24 24 26 -27 -28 -29 29 -31
leaf_value=5.1494109943478477e-06 -0.0027865861340182806 0.0095395179120597827 -0.00060400948079042903 0.011612457903370871 -0.00088884012387927761 -0.00013438748288015917 -0.0029356143285571719 -0.0021523193292354572 -0.0011128356554404415 -0.0052407223540486747 0.0086204583229789605 0.0023247936316410592 0.016544446364829487 0.0013949639310078044 -0.0017317349343027174 -0.0020538765838515605 -0.00098467145598001471 0.013777962805492662 -0.0027069007601096652 -0.0027186414830126428 -0.0028115415611082413 -0.0019721865980084352 -0.0024031036889943895 -0.0033385900516948318 5.5261541961268843e-05 0.0078050697526212114 -0.0022558914911150578 0.022828960790784933 0.011056277708843675 -0.0012921283639052718
leaf_weight=82 141 74 85 66 129 6034 153 63 70 115 67 144 79 65 234 90 184 99 62 79 159 223 142 88 61 107 61 129 159 108
leaf_count=82 141 74 85 66 129 6034 153 63 70 115 67 144 79 65 234 90 184 99 62 79 159 223 142 88 61 107 61 129 159 108
internal_value=-0.00237149 -0.00250566 -0.00234892 -0.00223561 -0.00233983 -0.00218008 -0.00527804 -0.00343062 -0.00198817 -0.00562205 -0.00885802 0.0087907 0.00477273 -0.0118616 -0.00771382 -0.00175674 0.00282171 0.00542342 -0.00216853 -0.00567652 -0.0111687 -0.00133545 -0.0079661 0.00301724 0.00600291 -0.00258303 0.0105273 0.0150769 0.010566 0.00630515
internal_weight=9352 9270 9129 9044 8970 8841 1056 903 840 630 481 210 149 414 299 7785 640 550 7145 1111 487 624 408 401 339 266 251 190 366 267
internal_count=9352 9270 9129 9044 8970 8841 1056 903 840 630 481 210 149 414 299 7785 640 550 7145 1111 487 624 408 401 339 266 251 190 366 267
is_linear=0
shrinkage=0.035


Tree=147
num_leaves=31
num_cat=0
split_feature=159 47 19 261 93 118 5 27 260 30 260 66 247 218 261 200 257 230 268 82 153 26 147 267 205 148 216 37 137 6
split_gain=14.6786 11.707 8.11542 19.186 24.0086 21.3759 20.4942 16.191 15.2254 12.1572 23.0005 16.42 13.7247 25.9219 24.151 11.8431 10.9005 10.6472 10.2114 20.1731 14.1064 13.8203 16.1313 12.4464 13.6183 13.0318 12.3337 12.199 14.7939 12.1015
threshold=9.5373990365718821 -17.815903314623913 6752.5000000000009 614.16497802734386 3199.5000000000005 6847.5000000000009 101.49584860306861 4336.0000000000009 -0.0095565467928893574 6672.5000000000009 0.15450344666782845 0.13675000518560412 662.95501708984386 13.116940256202239 596.38000488281261 -0.045999992638826363 18.398143545136541 -4.8698644086003764 4.0381169932945946 2169.0000000000005 0.84873392476258358 25.759099960327152 20.987799644470218 2.8421888718116448 0.0099006318742459361 924.50000000000011 36.724386191873556 32.793548583984382 2891.0000000000005 21.240490226646365
decision_type=2 2 2 2 2 2 2 2 2 2 2 2 2 2 2 2 2 2 2 2 2 2 2 2 2 2 2 2 2 2
left_child=-1 -2 9 6 5 8 -4 -6 -5 12 -11 -12 14 17 16 -16 18 -14 21 20 23 22 -3 24 -20 -26 -21 28 -25 -24
right_child=1 2 3 4 7 -7 -8 -9 -10 10 11 -13 13 -15 15 -17 -18 -19 19 26 -22 -23 29 27 25 -27 -28 -29 -30 -31
leaf_value=4.9691816095442935e-06 -0.0026890556193276409 0.010680616322112708 -0.0016198213854924967 -3.2822167975030409e-05 -0.001809989596394378 -0.00047525917401647637 0.00038546297906685655 0.00034716971471875584 0.013018009583117794 -0.00036064960565007664 0.0097428996227436893 0.00014942756601331932 -0.0010798938354350993 -0.0017840032076046125 0.017561534859145456 0.0013617771102129243 -0.0023100099910574111 0.0088866139207179114 -0.005144198168635877 -0.0026904481679550091 -0.001484113778552208 4.7478589745136306e-05 -0.00047182331998630179 0.0012850820949559727 -5.0113464599784168e-05 -0.0024464208535696507 -0.0010305814340441247 -0.00062234682454187452 -0.0012446583030623426 -0.0020202076075619521
leaf_weight=82 141 111 344 63 115 142 80 84 111 78 94 94 61 320 91 83 120 74 60 158 172 2811 1596 514 893 276 204 207 91 82
leaf_count=82 141 111 344 63 115 142 80 84 111 78 94 94 61 320 91 83 120 74 60 158 172 2811 1596 514 893 276 204 207 91 82
internal_value=-0.00225179 -0.00238491 -0.0022263 -0.00530191 -0.000740385 0.00523364 -0.0107692 -0.0101225 0.0132961 -0.00187065 0.00542435 0.0119689 -0.0021188 -0.00798913 -0.00175609 0.0109497 -0.00206644 0.00475 -0.00188649 -0.00364922 -0.00238278 -0.000896851 -0.0032971 -0.0015567 -0.00377229 -0.00289182 -0.0112534 0.00179927 0.00430328 -0.00415924
internal_weight=9352 9270 9129 939 515 316 424 199 174 8190 266 188 7924 455 7469 174 7295 135 7175 2575 2213 4600 1789 2041 1229 1169 362 812 605 1678
internal_count=9352 9270 9129 939 515 316 424 199 174 8190 266 188 7924 455 7469 174 7295 135 7175 2575 2213 4600 1789 2041 1229 1169 362 812 605 1678
is_linear=0
shrinkage=0.035


Tree=148
num_leaves=31
num_cat=0
split_feature=159 33 50 126 263 115 131 183 258 163 22 270 219 23 72 203 158 158 212 113 223 195 257 165 54 86 225 92 199 212
split_gain=14.3458 8.7983 9.57874 17.9682 18.2582 14.0239 13.74 16.1101 16.4672 13.7015 17.1564 15.9703 15.0127 14.5295 13.3483 14.3151 13.798 11.9417 11.7638 11.1731 19.1605 14.0469 13.9741 11.5227 12.6028 10.9787 10.8604 19.6868 10.7516 10.6983
threshold=9.5373990365718821 0.57839998602867138 168.50000000000003 1309.0000000000002 0.017301454954821164 412.50000000000006 0.79944998025894176 0.43635853992748164 0.024450004100799564 0.89227282437415156 0.12034999951720239 43.482110692555203 -15.916685505041611 2.5759509351303342 522.50000000000011 0.79562139456817527 -0.0077500045299530021 -0.0095500051975250227 7.6850137757493098 -3.3845404627368603 18.452153861058203 0.018246165140707937 4.2733892047046682 0.022718918035701016 0.26325000822544103 -3.4156696436976604 0.27025566761056519 47.610849380493171 11.807216770940782 7.6135718321746344
decision_type=2 2 2 2 2 2 2 2 2 2 2 2 2 2 2 2 2 2 2 2 2 2 2 2 2 2 2 2 2 2
left_child=-1 2 25 4 5 -4 7 8 -7 10 11 12 -6 -12 15 -9 -17 -15 -18 20 22 23 -5 -21 -25 -2 29 -28 -19 -8
right_child=1 -3 3 19 9 6 26 14 -10 -11 13 -13 -14 17 -16 16 18 28 -20 21 -22 -23 -24 24 -26 -27 27 -29 -30 -31
leaf_value=4.7952602532108648e-06 -0.00083613378646452997 -0.0025469025904785204 -0.0024441252888771198 -0.00024439960728981529 0.00065445649291617672 0.0055897346395313817 0.00014820588160841975 -0.0020735723285754955 -0.0015414899519843091 -0.0013587651927622086 -0.0016947411026418495 0.0056409344923882285 -0.0023008073310025576 0.0072400445855109047 0.0025227444953438843 -0.0025848705590998957 0.0044434940022949889 -0.001488730381516013 -0.0012176597503794158 -0.0019178277245809701 -0.00065454001962114044 -0.0020407663968861748 0.016868456366154062 -0.00011665878866542773 -0.0010657555061696017 -5.8064027489013742e-05 -0.0031138666660308978 0.0037141631209204442 0.00022488574761279857 0.0023601242069792271
leaf_weight=82 236 170 114 79 74 221 413 195 69 217 462 183 78 60 101 87 96 142 61 173 116 234 95 576 179 4088 72 94 168 417
leaf_count=82 236 170 114 79 74 221 413 195 69 217 462 183 78 60 101 87 96 142 61 173 116 234 95 576 179 4088 72 94 168 417
internal_value=-0.00208721 -0.00221887 -0.00206809 -0.00314788 -0.00172424 0.000467866 0.00122338 -0.00209581 0.00450847 -0.00478762 -0.00325512 0.00339706 -0.00490446 -0.00593787 -0.00565138 -0.00827703 -0.00253012 -0.000746667 0.00367284 -0.00638984 -0.000237288 -0.00791774 0.00703911 -0.00592712 -0.00400658 -0.000873181 0.00398601 -0.00409357 -0.00355556 0.00561677
internal_weight=9352 9270 9100 4776 3324 1940 1826 830 290 1384 1167 335 152 832 540 439 244 370 157 1452 290 1162 174 928 755 4324 996 166 310 830
internal_count=9352 9270 9100 4776 3324 1940 1826 830 290 1384 1167 335 152 832 540 439 244 370 157 1452 290 1162 174 928 755 4324 996 166 310 830
is_linear=0
shrinkage=0.035


Tree=149
num_leaves=31
num_cat=0
split_feature=39 50 126 9 254 36 69 171 93 153 83 210 126 267 274 81 44 27 47 261 102 82 126 213 124 215 176 21 173 288
split_gain=11.8849 9.34676 14.2703 19.5521 14.8422 19.6096 19.1154 15.3036 14.7141 13.8307 12.4335 12.7472 12.4224 12.0878 13.31 14.5029 17.6217 14.5227 13.9004 14.4395 13.8116 14.092 13.6291 12.9545 12.3425 15.7031 11.7962 13.6095 11.6005 13.226
threshold=5.5000000000000009 168.50000000000003 1309.0000000000002 -3.4543133855462762 -12.274056967894184 -20.083068945320054 -9.760893451184959 0.18887500092387202 3576.0000000000005 0.081424745916792232 26.500000000000004 0.31607668651419379 755.50000000000011 4.2982443063022133 0.38885250759774198 52.569349288940437 0.1041499972343445 1987.0000000000002 -5.7185080624986098 571.85501098632824 -4.8674646165731614 203.00000000000003 170.00000000000003 9.9032375200302951 -2.1260396121161547 -0.059099994599819176 0.30353797265356391 0.14275000244379046 -0.81289286411236816 1.0000000180025095e-35
decision_type=2 2 2 2 2 2 2 2 2 2 2 2 2 2 2 2 2 2 2 2 2 2 2 2 2 2 2 2 2 2
left_child=-1 10 3 9 7 8 -7 -5 12 -3 -2 -12 -6 14 15 16 -8 23 -17 -20 21 -16 24 -18 -22 -26 27 -15 -4 -30
right_child=1 2 28 4 5 6 13 -9 -10 -11 11 -13 -14 26 20 18 17 -19 19 -21 22 -23 -24 -25 25 -27 -28 -29 29 -31
leaf_value=4.6274261443485235e-06 -0.00099732960589480626 -0.00024177825979498417 0.0015841583346040374 -0.0028921317336804515 -0.0027395030092319792 0.0050218354459463724 0.0040647969194169868 -0.00020040377161249957 -0.0029588288774938087 0.013275634970036294 -0.00016402101414456861 0.00041126127393272211 0.00011250880725254487 0.0061557083179537963 -0.0012174435476398444 0.01203174153341019 -0.00088812238409106915 -0.0010449217407338088 0.0066112303532336325 -0.0017213619018336306 -0.0012817573698414005 0.0054852645310804636 -0.0014286008724859599 0.010969762714096071 -0.0008970084926590825 0.00086712544339695278 0.0095739527710486071 -0.00094716127430887452 -0.0010355164490687316 -0.00017575048840705101
leaf_weight=114 399 79 103 114 161 189 88 147 65 87 3550 505 82 118 61 82 264 336 146 120 114 91 434 70 68 162 74 176 866 487
leaf_count=114 399 79 103 114 161 189 88 147 65 87 3550 505 82 118 61 82 264 336 146 120 114 91 434 70 68 162 74 176 866 487
internal_value=-0.00217698 -0.00231743 -0.0033911 -0.00212121 -0.00274076 -0.00201136 -0.00101039 -0.0106579 -0.0102875 0.0094152 -0.0011617 -0.000577586 -0.00606855 -0.00185969 -0.00291524 -0.000315032 -0.00302752 -0.00497778 0.00555241 0.00154982 -0.0059893 0.00356688 -0.00786718 0.00020649 -0.00260745 0.00208511 0.00394102 0.000702341 -0.00627652 -0.00713918
internal_weight=9352 9238 4784 3328 3162 2901 2593 261 308 166 4454 4055 243 2404 2036 1106 758 670 348 266 930 152 778 334 344 230 368 294 1456 1353
internal_count=9352 9238 4784 3328 3162 2901 2593 261 308 166 4454 4055 243 2404 2036 1106 758 670 348 266 930 152 778 334 344 230 368 294 1456 1353
is_linear=0
shrinkage=0.035


Tree=150
num_leaves=31
num_cat=0
split_feature=159 50 126 5 263 170 275 116 146 185 71 120 271 131 256 23 274 153 205 116 246 189 288 49 150 120 69 60 126 160
split_gain=14.6026 9.9395 12.2733 17.9393 13.5389 14.5331 13.5666 13.328 15.5052 13.3267 12.9535 12.793 16.8429 12.346 12.1741 15.8694 12.0203 11.8619 11.4282 11.4108 11.2534 11.1393 10.5983 17.564 12.963 12.8148 12.6088 14.5955 14.4118 10.5347
threshold=9.5373990365718821 168.50000000000003 1309.0000000000002 -11.664443693199251 0.017301454954821164 0.011999998241662981 -0.68045462611965302 91.500000000000014 -1.7319926923946032 0.016525544616365018 3367.5000000000005 0.68164998292922985 5.1847988101971714 0.79164999723434459 40.762115385993745 1.3121454837752178 0.17595757648891683 0.10129771845420503 0.020309421999532885 67.500000000000014 -0.13803636734017646 14.990207888741498 1.0000000180025095e-35 921.50000000000011 0.040700007230043418 0.67304998636245739 -4.4599386161274301 1464.0000000000002 2109.5000000000005 0.027800004929304126
decision_type=2 2 2 2 2 2 2 2 2 2 2 2 2 2 2 2 2 2 2 2 2 2 2 2 2 2 2 2 2 2
left_child=-1 -2 3 20 7 14 10 11 -9 -10 18 17 -13 -11 15 -6 -15 -5 -7 -17 -3 -19 24 -24 -4 -26 27 -25 -29 -8
right_child=1 2 22 4 5 6 29 8 9 13 -12 12 -14 16 -16 19 -18 21 -20 -21 -22 -23 23 26 25 -27 -28 28 -30 -31
leaf_value=4.4654662292953342e-06 -0.0001293061328489187 -0.00053298608744213388 -0.0010069158925956501 3.8673359547622971e-05 0.0066571640014225541 0.00021395905445358162 2.6034858647922822e-05 -0.0012439851913571755 -0.00060181652955450032 -3.7522191886229241e-05 -0.00066287502517019823 -0.00050949022090245326 0.0059402362037486427 -5.9287779312226788e-05 -0.002635559526684018 1.6081223311204541e-05 0.0056127536614958033 -0.00069073472336380454 0.017634225283403433 -0.0033113189681633608 0.0094198152052388795 -0.0022596834979446896 0.016962538019977384 -0.0011417380607254373 -0.0011410783005292632 0.0078268103995622531 -0.0013296005733746117 -0.00034355062844795375 0.0126256446117119 -0.0013302640052932709
leaf_weight=82 4485 61 533 287 65 218 176 137 135 145 82 91 106 66 161 76 234 575 61 129 119 60 76 88 330 83 168 106 72 345
leaf_count=82 4485 61 533 287 65 218 176 137 135 145 82 91 106 66 161 76 234 575 61 129 119 60 76 88 330 83 168 106 72 345
internal_value=-0.00221438 -0.00234717 -0.00345616 -0.00227804 -0.00289632 -0.00560319 -0.00299887 -0.00095057 0.00276316 0.00526496 0.00219945 -0.00333185 0.00467822 0.00816667 -0.0108372 -0.00610909 0.0121639 -0.00505933 0.00579225 -0.0108333 0.00832432 -0.00771094 -0.00613279 -0.00203883 -0.00831756 -0.00360048 -0.0047836 0 0.0057377 -0.00658745
internal_weight=9352 9270 4785 3329 3149 1313 882 1836 717 580 361 1119 197 445 431 270 300 922 279 205 180 635 1456 510 946 413 434 266 178 521
internal_count=9352 9270 4785 3329 3149 1313 882 1836 717 580 361 1119 197 445 431 270 300 922 279 205 180 635 1456 510 946 413 434 266 178 521
is_linear=0
shrinkage=0.035


Tree=151
num_leaves=31
num_cat=0
split_feature=50 159 269 27 102 37 27 223 192 147 2 102 269 11 1 232 206 213 13 104 213 137 99 14 126 38 273 268 104 135
split_gain=16.1699 12.9845 11.9087 21.3887 14.6117 15.2497 15.3988 13.6909 15.4845 14.982 14.3685 13.1518 12.892 13.7076 16.5647 22.033 16.289 12.8539 12.2908 11.8912 10.8476 10.7542 17.5735 14.7862 13.8933 13.4797 12.6408 12.1809 10.1334 15.0252
threshold=168.50000000000003 9.5373990365718821 -2.7797469869422771 4971.0000000000009 -2.2947216557949819 20.034099578857425 2690.0000000000005 8.4962512755258874 0.75757575756045314 31.217100143432621 6475.9499511718759 -7.0724240014990229 0.050306010400680286 36.329546472188852 692.50000000000011 6.9339396686063379 -0.035643161249712223 10.676796661170362 19.095260803195661 1462.5000000000002 9.9128683772321953 2881.5000000000005 0.12354999780654909 -0.016398680615647972 547.50000000000011 858.50000000000011 0.30240405179214208 4.9208541972844975 1432.5000000000002 -0.65678015663992306
decision_type=2 2 2 2 2 2 2 2 2 2 2 2 2 2 2 2 2 2 2 2 2 2 2 2 2 2 2 2 2 2
left_child=1 -1 3 17 5 6 11 8 9 10 20 -4 -11 19 -15 16 -16 -2 -9 -14 -7 22 24 25 -20 -24 -25 -23 29 -6
right_child=2 -3 4 -5 28 7 -8 18 -10 12 -12 -13 13 14 15 -17 -18 -19 21 -21 -22 27 23 26 -26 -27 -28 -29 -30 -31
leaf_value=4.3091749112683658e-06 -0.00045312578641786981 -0.0001247804181992074 -0.0027180987068456683 -0.0034332176261492888 -0.0011509954297748782 0.0018740100245093606 -0.0029165324829953094 -0.0013958046984252083 0.0081162139170622722 0.0004709128108337918 0.011609127561733049 0.0080705824283919484 0.010466146573484787 0.00015472543167420556 -0.00082647307474524926 -0.0038784989696518325 0.0036489458135116172 -0.0018766213568023084 0.0080845164535360281 -0.00042027418581133723 -0.00074689542523194267 -4.8195477200371214e-05 -0.0010342258240089365 -0.00090594066429594067 -0.0011514888844860517 0.00087570048922084014 0.00013456986913481573 -0.0024244249369359803 -0.0029134743677465087 0.0093432013674905924
leaf_weight=81 1008 4485 101 103 195 129 107 71 94 201 121 128 73 146 92 141 73 63 154 62 116 109 153 551 75 320 121 121 97 61
leaf_count=81 1008 4485 101 103 195 129 107 71 94 201 121 128 73 146 92 141 73 63 154 62 116 109 153 551 75 320 121 121 97 61
internal_value=-0.00234904 -0.00085758 -0.00376957 -0.00682782 -0.00276749 -0.00202665 -0.00903226 -0.00120731 0.00156425 0.000422778 0.00622642 -0.00373932 -0.00229508 -0.00490709 -0.00781182 -0.0123794 -0.0035 -0.00530204 -0.00327083 0.00475 0.00126 -0.00261032 -0.00142132 -0.00319565 0.00732906 0.00153766 -0.00651403 -0.00953191 -0.00948324 -0.00563218
internal_weight=9352 4566 4786 1174 3612 3259 336 2923 1248 1154 366 229 788 587 452 306 165 1071 1675 135 245 1604 1374 1145 229 473 672 230 353 256
internal_count=9352 4566 4786 1174 3612 3259 336 2923 1248 1154 366 229 788 587 452 306 165 1071 1675 135 245 1604 1374 1145 229 473 672 230 353 256
is_linear=0
shrinkage=0.035


Tree=152
num_leaves=31
num_cat=0
split_feature=50 35 126 5 160 213 193 148 260 83 274 11 211 160 101 133 28 169 173 39 212 206 133 100 195 12 148 211 113 150
split_gain=17.3682 13.1466 10.5043 14.1911 12.6083 11.1862 22.2977 18.5482 16.5741 13.6739 14.9574 13.5586 13.1197 12.594 11.9979 11.9796 15.8062 11.2784 11.9835 12.1372 14.6492 11.1429 12.6704 11.8528 11.7735 15.1816 15.7909 15.4547 14.4559 21.327
threshold=168.50000000000003 0.050210035947510702 1309.0000000000002 -13.805718043511412 0.01040000841021538 10.352762186895616 0.82995018762683792 1744.5000000000002 0.48040080504210253 197.50000000000003 0.1840033505040862 42.659274731574335 0.1120367505453307 0.021599996834993366 0.022471906500413062 35.168302886771905 218.50000000000003 14.796620583985824 0.92660252032483936 114.50000000000001 7.4913665335700053 -0.24188406710456042 26.346348084934018 12.504269562418136 0.018329131360426142 1.4390076314967153 1059.0000000000002 -0.21460746797733707 -2.7598106510238929 0.041099999099969871
decision_type=2 2 2 2 2 2 2 2 2 2 2 2 2 2 2 2 2 2 2 2 2 2 2 2 2 2 2 2 2 2
left_child=1 -1 3 -2 -5 7 8 9 -7 10 12 -11 -6 -12 -13 16 -14 18 19 -15 -21 22 -4 -24 25 27 -27 -23 -28 -30
right_child=2 -3 21 4 5 6 -8 -9 -10 11 13 14 15 17 -16 -17 -18 -19 -20 20 -22 24 23 -25 -26 26 28 -29 29 -31
leaf_value=-0.00020688072071749997 0.004889106169424568 9.2378393951237384e-05 -0.00051119739193772329 -0.00204055310894816 -0.0019334038958704338 -0.00081018156501418679 -0.0012737584234279837 0.0057905384478406392 0.010558710656787913 -0.00046811163306499659 -0.001806061296407771 -3.310051121350327e-05 0.0037449430735794556 -0.0011931420898689828 0.0047374453071798803 0.012188802187893703 -0.0018987617052035038 0.00049646807246259974 0.00050330609327882251 0.00033950412787824653 -0.0018670813813052801 -0.00038039715297705229 0.010311021215040864 -0.0005224314493610672 -0.0014577580439993332 -0.0015596192695202472 0.0073119625348048063 0.00044563251723225952 -0.0014627976020744609 0.00020012212713113044
leaf_weight=3785 152 781 167 230 163 176 243 126 83 244 154 408 119 308 312 146 66 106 73 118 103 62 61 61 255 296 93 98 196 167
leaf_count=3785 152 781 167 230 163 176 243 126 83 244 154 408 119 308 312 146 66 106 73 118 103 62 61 61 255 296 93 98 196 167
internal_value=-0.0023266 -0.000781011 -0.00379879 -0.00270765 -0.00321081 -0.00258381 -0.00731755 -0.00159935 -0.000132576 -0.00231828 -0.00457752 0.000866873 0.000280561 -0.00734717 0.00328276 0.00427083 -0.00165789 -0.00530154 -0.00714992 -0.0089794 -0.00263274 -0.00627652 -0.000119048 0.00826772 -0.00779437 -0.00587786 -0.00795244 0.00381818 -0.0037961 -0.00694293
internal_weight=9352 4566 4786 3330 3178 2948 502 2446 259 2320 1356 964 494 862 720 331 185 708 602 529 221 1456 289 122 1167 912 752 160 456 363
internal_count=9352 4566 4786 3330 3178 2948 502 2446 259 2320 1356 964 494 862 720 331 185 708 602 529 221 1456 289 122 1167 912 752 160 456 363
is_linear=0
shrinkage=0.035


Tree=153
num_leaves=31
num_cat=0
split_feature=50 159 47 126 9 211 189 196 263 113 6 213 167 203 214 79 126 206 116 158 115 174 22 50 215 38 253 1 33 111
split_gain=18.7577 12.7796 12.101 12.9325 12.9348 17.3028 12.0359 20.1153 11.5557 12.1073 13.6371 12.5797 13.0885 11.4817 15.5857 12.9025 12.553 11.4756 10.7352 14.1296 10.6791 12.8396 10.6001 10.4115 10.3298 10.3329 11.3259 11.6007 10.2863 10.0837
threshold=168.50000000000003 9.5373990365718821 -18.210133723669674 1309.0000000000002 -3.4543133855462762 -0.084168627162885465 13.124289518615758 -0.078921907632303542 0.017301454954821164 -2.7764866803689796 -12.7192174321015 9.8427816760073732 0.0077515075277407959 0.64636477084800792 0.03770000487565995 0.025696075800111771 170.00000000000003 -0.25594200073724593 96.500000000000014 0.017300002276897434 1354.5000000000002 -0.056277044120750339 0.11924999952316286 293.50000000000006 -0.017999995499849316 1396.5000000000002 0.89859481562426435 842.50000000000011 0.56420001387596141 11.300599517249841
decision_type=2 2 2 2 2 2 2 2 2 2 2 2 2 2 2 2 2 2 2 2 2 2 2 2 2 2 2 2 2 2
left_child=1 -1 -2 4 5 -4 7 -5 18 10 -10 12 -12 14 -11 -15 -17 -8 -6 20 -20 23 -18 -22 25 -19 27 -27 -3 -13
right_child=2 28 3 6 8 -7 17 -9 9 13 11 29 -14 15 -16 16 22 24 19 -21 21 -23 -24 -25 -26 26 -28 -29 -30 -31
leaf_value=9.2511000108097551e-07 -0.0028205412186599276 -7.1219124795399584e-05 -0.00061158079922091527 0.011029889690142146 -0.00032761012639039526 0.01301530395517108 -8.1027188776946666e-05 -0.0025612962679254741 -0.0035539899203439365 0.004081598885839568 -0.0033738629973626313 -0.00060920993376941237 -0.00046786829586384311 -0.0017399450318681424 -0.00087812223486237939 0.00064429048632848101 5.0514061588089471e-05 -0.0018762921373689781 -0.0020860060276595444 0.0019122024744577791 -0.00022011258974814792 -0.00049011570291555243 -0.0021259454041576338 0.0089323827495930951 -0.0019754828543612707 -0.00040917804319843659 -0.0026197578115229646 0.0093807728663037951 -0.0021202423891869783 0.0083310245103522772
leaf_weight=81 79 4298 62 70 1142 104 244 60 126 232 85 61 73 238 152 123 79 257 117 152 76 172 61 147 101 565 78 61 187 69
leaf_count=81 79 4298 62 70 1142 104 244 60 126 232 85 61 73 238 152 123 79 257 117 152 76 172 61 147 101 565 78 61 187 69
internal_value=-0.00235652 -0.000750383 -0.00388645 -0.00364707 -0.00242521 0.00695906 -0.00641221 0.00362963 -0.0029373 -0.00544862 -0.010358 -0.0059727 -0.012454 -0.00310674 0.00143959 -0.00657115 -0.00117537 -0.00742182 -0.00112093 0.00240658 -0.00040619 0.0023625 -0.0082069 0.00782895 -0.00898782 -0.00778986 -0.00552891 -0.00388273 -0.00100557 0.00207407
internal_weight=9352 4566 4786 4707 3271 166 1436 130 3105 1299 414 288 158 885 384 501 263 1306 1806 664 512 395 140 223 1062 961 704 626 4485 130
internal_count=9352 4566 4786 4707 3271 166 1436 130 3105 1299 414 288 158 885 384 501 263 1306 1806 664 512 395 140 223 1062 961 704 626 4485 130
is_linear=0
shrinkage=0.035


Tree=154
num_leaves=31
num_cat=0
split_feature=116 159 126 272 184 137 163 126 182 131 253 185 43 273 151 188 193 46 147 93 256 30 256 24 216 93 205 27 48 55
split_gain=15.1014 14.1255 11.5012 11.5423 11.1482 13.4318 16.3767 16.1998 15.2565 14.8824 15.2012 15.7019 13.7476 13.0026 13.0114 11.9648 14.7454 11.7512 11.5794 10.8865 15.1611 22.1482 15.2631 16.6334 14.5962 14.2652 14.2149 14.7012 12.0037 13.9328
threshold=236.50000000000003 9.5373990365718821 3860.0000000000005 0.019499998539686206 -0.017663946245620541 2701.5000000000005 -0.046711592822429815 2132.0000000000005 0.025062814070288948 0.79754999279975902 0.47616875135769737 0.011375474689809999 0.20775000005960467 -0.075154087569635111 0.12527499906718734 -0.047000005841255181 0.62791438599493443 0.065591373503146103 35.647399902343757 2086.0000000000005 78.396686661671581 5962.5000000000009 64.313613441196352 0.020410268585381287 46.278328884023956 760.50000000000011 0.012652082235421256 479.00000000000006 48.737051010131843 0.1139499992132187
decision_type=2 2 2 2 2 2 2 2 2 2 2 2 2 2 2 2 2 2 2 2 2 2 2 2 2 2 2 2 2 2
left_child=1 -1 4 -4 5 6 8 9 -3 12 11 -11 -8 -7 -15 16 -13 19 -16 20 22 26 23 -6 25 -24 -22 -28 29 -21
right_child=-2 2 3 -5 17 13 7 -9 -10 10 -12 15 -14 14 18 -17 -18 -19 -20 28 21 -23 24 -25 -26 -27 27 -29 -30 -31
leaf_value=8.9273115104426824e-07 -0.00098236011346018292 0.00024256346837997768 -1.3130781961275263e-05 -0.0036691106621850006 0.0066196654526879291 -0.0014400646980490235 -0.0018809126474682309 0.010592585437905718 -0.0010984808002932709 -0.0014635204699070155 0.005199997312738314 -0.00045734821123908232 -0.00012290078433892571 0.0019862819931818357 -0.0013290307056229213 0.0026576669448262025 0.00055754414614736243 -0.0029929219023238488 0.00019347433512291237 0.014477067572664003 0.0044051334357057244 0.015300109677831835 0.0086928692095648557 -0.00043592057738377698 -0.0033027946659521094 -0.00097652929056255954 0.0032310611681115355 -0.0033014506891225399 -0.0010408218788012949 1.1903311130051497e-05
leaf_weight=82 439 467 90 137 82 212 61 127 734 132 267 186 775 60 129 398 172 81 125 67 225 130 68 2045 311 129 134 196 174 1117
leaf_count=82 439 467 90 137 82 212 61 127 734 132 267 186 775 60 129 398 172 81 125 67 225 130 68 2045 311 129 134 196 174 1117
internal_value=-0.0022892 -0.0019741 -0.00211125 -0.00980603 -0.00190266 -0.0005 0.000326414 0.00217617 -0.00293118 0.00138527 0.00395259 0.00172452 -0.00216409 -0.00566855 -0.00109718 0.00367937 -0.000964187 -0.00303421 -0.00459459 -0.00279522 -0.00387368 0.00076087 -0.00507765 -0.00375938 -0.0105068 -0.00294554 -0.0023125 -0.00689552 -0.000154072 0.00111859
internal_weight=9352 8913 8831 227 8604 3845 3319 2118 1201 1991 1155 888 836 526 314 756 358 4759 254 4678 3320 685 2635 2127 508 197 555 330 1358 1184
internal_count=9352 8913 8831 227 8604 3845 3319 2118 1201 1991 1155 888 836 526 314 756 358 4759 254 4678 3320 685 2635 2127 508 197 555 330 1358 1184
is_linear=0
shrinkage=0.035


Tree=155
num_leaves=31
num_cat=0
split_feature=159 138 115 54 206 66 155 267 247 251 112 172 33 109 267 126 217 93 94 227 142 24 214 159 176 32 39 270 115 94
split_gain=14.9844 11.9822 14.2765 11.4697 14.2315 10.8961 10.6667 10.037 10.1496 15.6725 9.99657 12.6588 9.91644 9.51669 9.25638 9.22803 10.715 9.05258 8.85336 12.6521 12.4593 12.7748 12.3891 10.8269 9.92648 10.9315 11.9415 9.98599 11.9787 10.7138
threshold=9.5373990365718821 20.500000000000004 8219.5000000000018 0.25304999947547918 -0.22530479003110807 0.093249998986721053 0.034754707369068431 7.1788804892314326 599.69500732421886 -0.11064025468132675 0.015503848651838832 0.20632145631963836 0.57839998602867138 0.61094999313354503 0.50153361192684109 3860.0000000000005 37.951321725222179 3599.5000000000005 315.50000000000006 0.073405247188462766 0.79185000061988842 0.047065405078091267 0.040100023150444038 13.630166565868649 0.78382723727282533 0.15134999901056292 90.500000000000014 148.38239277909551 26.500000000000004 132.50000000000003
decision_type=2 2 2 2 2 2 2 2 2 2 2 2 2 2 2 2 2 2 2 2 2 2 2 2 2 2 2 2 2 2
left_child=-1 2 7 5 10 -3 -6 12 9 -9 -5 -12 15 -7 17 18 -17 -8 24 23 -21 22 -22 -20 27 26 -26 28 -2 -29
right_child=1 3 -4 4 6 13 14 8 -10 -11 11 -13 -14 -15 -16 16 -18 -19 19 20 21 -23 -24 -25 25 -27 -28 29 -30 -31
leaf_value=8.6148556075915662e-07 -0.0013245421465217413 0.00018406882019150918 -0.0016036162282666334 0.0072393033158463559 0.00073489041217540674 -0.001730834933715665 -0.00060133673746649743 0.0023214696482092359 0.0028198272315582504 -0.0029789768175676728 0.001408917119242657 -0.0017771283944602921 -0.0025219883965468207 -0.0007312168676758277 -0.0016312746432396088 -0.0029897578375452736 -4.7310996357348425e-05 0.0032992108060899824 6.7338679566585904e-05 -0.0016553305839276055 -0.00065182371934362552 0.0034638542275326908 0.0037245113946365394 -0.0017542124249048377 0.00046849976697078722 0.0083744258514377758 -0.0014689740603591563 0.0069502909391360151 -0.00014315692007870807 -0.0007363815392406526
leaf_weight=82 108 87 92 103 154 93 212 75 157 97 96 68 154 1162 241 87 88 61 63 134 81 83 68 256 112 168 113 121 4857 79
leaf_count=82 108 87 92 103 154 93 212 75 157 97 96 68 154 1162 241 87 88 61 63 134 81 83 68 256 112 168 113 121 4857 79
internal_value=-0.00240141 -0.00253585 -0.00181552 -0.00473926 -0.00175 -0.00680772 -0.00447251 -0.00162685 0.00429641 -0.00158192 0.00501838 -0.000414201 -0.00192641 -0.00763889 -0.00687861 -0.00171104 -0.00952778 -0.00239209 -0.00148448 -0.00522464 -0.000754717 0.00413502 -0.00204545 -0.0102623 -0.00101923 0.00430905 -0.00076087 -0.00142843 -0.00173944 0.00614634
internal_weight=9352 9270 6993 2277 935 1342 668 6901 329 172 267 164 6572 1255 514 6418 175 273 6243 685 366 232 149 319 5558 393 225 5165 4965 200
internal_count=9352 9270 6993 2277 935 1342 668 6901 329 172 267 164 6572 1255 514 6418 175 273 6243 685 366 232 149 319 5558 393 225 5165 4965 200
is_linear=0
shrinkage=0.035


Tree=156
num_leaves=31
num_cat=0
split_feature=159 50 203 275 173 256 153 13 269 267 203 4 27 261 93 260 115 261 27 13 115 49 260 11 60 270 112 258 160 72
split_gain=14.9077 11.4809 10.6776 15.5683 15.1891 12.4686 20.0931 17.9888 11.7992 17.3303 14.442 15.3059 14.0546 18.8863 15.7746 14.6758 14.2745 13.865 13.6778 18.1366 16.9515 18.9344 16.7391 14.4779 14.3613 13.4407 12.1375 12.4036 11.8002 11.673
threshold=9.5373990365718821 168.50000000000003 -0.60420419362279787 3.4397379023071166 -0.76130103509659752 19.093280536609402 0.23195537694531734 20.317750254775511 -2.7797469869422771 -3.0740332250456244 -0.41324493133567392 16.476057244923478 5668.0000000000009 607.92999267578136 1785.5000000000002 0.60477987577667547 2306.0000000000005 597.70501708984386 1833.5000000000002 36.558159032860921 1647.0000000000002 3656.0000000000005 0.12242734236326498 77.315020311132017 2142.0000000000005 58.180950605950322 0.011916546459416302 0.018800012767314914 0.022800009697675708 186.50000000000003
decision_type=2 2 2 2 2 2 2 2 2 2 2 2 2 2 2 2 2 2 2 2 2 2 2 2 2 2 2 2 2 2
left_child=-1 -2 3 4 29 6 -4 -7 10 -10 -9 -12 13 17 -15 -16 -14 18 20 24 21 22 25 -24 26 -11 -20 -28 -19 -3
right_child=1 2 5 -5 -6 7 -8 8 9 12 11 -13 16 14 15 -17 -18 28 19 -21 -22 -23 23 -25 -26 -27 27 -29 -30 -31
leaf_value=8.3133356613196433e-07 -0.00013711319858680405 -0.0010997246447379701 0.00026304826282710859 0.0042783712451529713 -0.0020930306574384783 0.010390807927873629 -0.00088961464282369211 0.0030378443025526336 0.0018577119084770639 -0.0012101465708667051 -0.0012912191679055446 0.0028660087961541784 -0.00018846278542553247 -2.3542977136589428e-05 -0.0026373555335175896 -0.00034414643083066523 0.016332470339798899 0.0084732812122698762 0.00035994555075213907 -0.0015911685589162102 0.0051284208565707317 0.0082591040327731121 0.00029194574568171624 -0.0034045360767039337 0.0049146482768908208 0.0076093472053393868 -0.0013886726174782032 0.00025144904599110475 3.7004791668717174e-05 0.0073490431074713985
leaf_weight=82 4485 63 106 61 360 64 238 90 197 62 687 102 137 115 133 64 112 64 120 489 239 76 80 201 116 164 294 132 147 72
leaf_count=82 4485 63 106 61 360 64 238 90 197 62 687 102 137 115 133 64 112 64 120 489 239 76 80 201 116 164 294 132 147 72
internal_value=-0.00236401 -0.00249811 -0.00368998 -0.00823529 -0.01029 -0.00308337 -0.00942693 -0.00251028 -0.00282671 -0.00175772 -0.00637443 -0.00789043 -0.00248182 -0.00327469 -0.0112618 -0.0171535 0.00537402 -0.00211055 -0.00302578 -0.0054801 0.000423216 -0.00279762 -0.00526367 -0.0108916 -0.00167916 0.00181818 -0.00406534 -0.00682135 0.00631944 -0.00025
internal_weight=9352 9270 4785 556 495 4229 344 3885 3821 2942 879 789 2745 2496 312 197 249 2184 1973 1151 822 583 507 281 662 226 546 426 211 135
internal_count=9352 9270 4785 556 495 4229 344 3885 3821 2942 879 789 2745 2496 312 197 249 2184 1973 1151 822 583 507 281 662 226 546 426 211 135
is_linear=0
shrinkage=0.035


Tree=157
num_leaves=31
num_cat=0
split_feature=50 159 193 71 48 9 189 173 263 275 116 230 258 210 16 27 253 85 180 48 258 174 266 268 120 257 258 41 249 209
split_gain=17.1253 13.1023 11.7773 17.8591 16.2927 15.946 11.9531 14.9907 11.2523 12.8151 12.8559 14.278 16.5672 12.5794 12.1082 11.6267 11.5314 12.4356 11.11 11.0867 10.9574 12.2592 11.5819 14.9086 13.571 10.717 10.6771 10.4659 11.7018 10.9
threshold=168.50000000000003 9.5373990365718821 -0.12430372093175157 975.00000000000011 25.110300064086918 23.521438117068477 15.564959839469738 -0.81289286411236816 0.03153346666062707 1.8301245590851558 110.50000000000001 -1.6463917056297459 0.011700019240379335 0.21859533687670143 6.3386456639225051 3059.0000000000005 -0.26255895807902879 6822.5000000000009 0.0089000090956687945 34.658651351928718 0.0087000057101249712 -0.11956520949605978 2.7914994634892225 3.8721359129634263 0.65604999661445629 2.2701347107713339 0.015599999576807024 6672.5000000000009 0.0010540490857913201 12.375766895624173
decision_type=2 2 2 2 2 2 2 2 2 2 2 2 2 2 2 2 2 2 2 2 2 2 2 2 2 2 2 2 2 2
left_child=1 -1 6 5 -5 -4 7 -2 9 10 20 14 -13 -14 19 -11 -10 18 -18 -12 -6 25 23 -23 -24 -22 -27 29 -29 -9
right_child=2 -3 3 4 8 -7 -8 27 16 15 11 12 13 -15 -16 -17 17 -19 -20 -21 21 22 24 -25 -26 26 -28 28 -30 -31
leaf_value=8.0223689131853078e-07 0.001289858451250882 -0.00013231423663626675 0.016469853492963236 -0.0026743927525449359 -0.00071164557065452169 3.7207806719279924e-05 0.0052837159108998976 -0.00070626206541541401 -0.0011309737540487999 0.010002757971311525 -0.0014640165910313945 0.008318289953470533 -0.0036823327765434181 0.0087315957094461511 -0.0021900190409467795 -0.00032157078213720551 -0.00042139172667320871 -0.0025252583067811741 0.00054506359111941712 0.00084841526895241615 -0.0011513862863323072 -0.00013865869750170334 -8.7836120276572343e-05 -0.0026751650029485361 0.01030316256636511 0.0023042525298997726 -0.001338419252493639 -0.0022221739504797509 -0.00024465313232077489 -0.0018518426840464037
leaf_weight=81 117 4485 80 88 139 224 67 836 346 139 96 91 65 93 94 101 663 60 122 132 69 366 172 67 72 60 117 108 94 108
leaf_count=81 117 4485 80 88 139 224 67 836 346 139 96 91 65 93 94 101 663 60 122 132 69 366 172 67 72 60 117 108 94 108
internal_value=-0.00245378 -0.000918836 -0.00391568 -0.00283155 -0.00361419 0.00521036 -0.00671161 -0.00748028 -0.00317041 -0.00147231 -0.00258547 0.00164063 0.00785433 0.000858896 -0.00321101 0.006 -0.00582358 -0.00358235 -0.0023481 0.00120172 -0.00485473 -0.00343211 -0.000975073 -0.00439498 0.00506024 -0.0100398 -0.00519231 -0.00869679 -0.0158937 -0.00708114
internal_weight=9352 4566 4786 3456 3152 304 1330 1263 3064 1873 1633 571 249 158 322 240 1191 845 785 228 1062 923 677 433 244 246 177 1146 202 944
internal_count=9352 4566 4786 3456 3152 304 1330 1263 3064 1873 1633 571 249 158 322 240 1191 845 785 228 1062 923 677 433 244 246 177 1146 202 944
is_linear=0
shrinkage=0.035


Tree=158
num_leaves=31
num_cat=0
split_feature=50 126 159 36 69 82 173 13 77 157 104 125 71 112 49 93 105 163 176 142 142 126 173 57 49 288 27 80 48 163
split_gain=17.9965 13.5263 13.0139 11.4461 12.7435 15.3218 14.9801 23.644 20.1339 13.6219 15.979 12.0867 14.6191 14.5193 12.9509 11.9016 13.067 11.3545 10.7213 11.5347 11.9858 10.6583 14.4886 11.6175 10.5593 10.4571 15.9887 12.1656 14.6911 11.5641
threshold=168.50000000000003 1309.0000000000002 9.5373990365718821 -20.083068945320054 -9.4907984896762745 2734.5000000000005 0.16957263273804588 21.451201491393459 0.15204999595880511 -0.038830077244788451 1842.0000000000002 37.541900634765632 3412.0000000000005 0.012578610316526654 1196.5000000000002 3576.0000000000005 248.50000000000003 0.61258366800507591 -0.39152279172637033 0.810350000858307 0.79135000705719005 1374.0000000000002 -0.81289286411236816 0.056349185540142059 2588.0000000000005 1.0000000180025095e-35 1440.0000000000002 -4.2191865204912551 35.616100311279304 0.20110090931645044
decision_type=2 2 2 2 2 2 2 2 2 2 2 2 2 2 2 2 2 2 2 2 2 2 2 2 2 2 2 2 2 2
left_child=2 3 -1 15 17 6 8 -8 -6 -10 18 24 14 -14 -13 16 -2 -5 -11 20 -20 -3 -23 25 -9 29 -27 28 -28 -24
right_child=1 21 -4 4 5 -7 7 11 9 10 -12 12 13 -15 -16 -17 -18 -19 19 -21 -22 22 23 -25 -26 26 27 -29 -30 -31
leaf_value=7.7415860012086673e-07 -0.0019796333023111398 -0.0011974228842357799 -0.00012768323835399666 -0.00012547157051711778 0.01002024611335278 -0.0027262862770182764 -0.0018141753498882719 -0.0014213290141643509 -0.002459164299600997 0.0055302624517608685 0.0071160637574688079 -0.0024170844829805344 0.0001072819688829932 -0.001613683875496716 0.00014596267889860112 -0.0028414996816256474 0.0016157279062476806 0.008351608110193337 -3.3682248828680039e-05 0.00035950657062983006 -0.0027149373188212426 0.0067288432690200475 -0.0013007004963665714 0.0015153531055972736 -9.1602850266518944e-05 0.0098696617162403067 -0.0021372324988180084 -0.0011544799331628553 0.00068386108316524923 -0.00028885484431563196
leaf_weight=81 182 113 4485 127 183 131 145 115 90 88 78 87 164 337 991 72 91 123 86 73 92 80 493 88 75 98 85 117 131 251
leaf_count=81 182 113 4485 127 183 131 145 115 90 88 78 87 164 337 991 72 91 123 86 73 92 80 493 88 75 98 85 117 131 251
internal_value=-0.0024463 -0.0039449 -0.000872894 -0.00270765 -0.00200167 -0.00269526 -0.00209276 -0.00368421 0.00231655 -0.00129883 0.00140995 -0.0025451 -0.00152462 -0.00643281 0.000775623 -0.0087 -0.00516187 0.0054902 -0.00193314 -0.00560547 -0.0103279 -0.00675565 -0.00584199 -0.00676262 -0.0107692 -0.0076822 -0.00329128 -0.00693787 -0.00190045 -0.0101869
internal_weight=9352 4786 4566 3330 2985 2735 2604 1914 690 507 417 1769 1579 501 1078 345 273 250 339 251 178 1456 1343 1263 190 1175 431 333 216 744
internal_count=9352 4786 4566 3330 2985 2735 2604 1914 690 507 417 1769 1579 501 1078 345 273 250 339 251 178 1456 1343 1263 190 1175 431 333 216 744
is_linear=0
shrinkage=0.035


Tree=159
num_leaves=31
num_cat=0
split_feature=159 28 215 194 248 74 94 36 112 101 269 17 9 219 123 170 33 19 153 8 101 129 63 132 44 261 193 126 211 160
split_gain=14.9383 11.0229 15.9539 14.0235 10.8127 13.1313 14.3683 13.8116 16.5095 14.7489 12.5903 13.3958 11.9908 11.3395 10.9869 10.0818 10.0191 11.1244 21.3973 20.9686 14.3713 12.2243 12.6479 23.7532 17.4706 16.2658 11.1352 16.5902 15.8011 12.9872
threshold=9.5373990365718821 220.50000000000003 -0.051500003784894936 0.040540533573508016 -0.16038463381051746 6467.5000000000009 365.50000000000006 -7.4898516355698899 0.01816535418461129 0.022857867429675806 0.6334825967913017 -12.586211114148925 39.835286891870958 -49.680845419532112 0.016528896959449049 0.021449998021125797 0.57839998602867138 6752.5000000000009 0.82214244268254311 -26.839807175831158 0.014598560809182872 6682.5000000000009 6662.5000000000009 0.28845000267028814 0.17644999921321872 596.38000488281261 0.9421007615049779 27.500000000000004 0.76435460149982581 0.067450001835823073
decision_type=2 2 2 2 2 2 2 2 2 2 2 2 2 2 2 2 2 2 2 2 2 2 2 2 2 2 2 2 2 2
left_child=-1 16 3 -3 15 6 10 8 9 12 11 -6 -7 -12 -13 -4 17 21 19 20 -19 22 25 24 -24 26 28 -28 29 -2
right_child=1 2 4 -5 5 7 -8 -9 -10 -11 13 14 -14 -15 -16 -17 -18 18 -20 -21 -22 -23 23 -25 -26 -27 27 -29 -30 -31
leaf_value=7.470630491168696e-07 -0.00012603233175020824 0.00088998320415302229 -0.00031377009675883418 -0.00047289735673066081 -0.0028035149519055349 0.00043711668633393324 -0.002883122822548859 -0.001794838691674819 -0.00088779919002331749 0.0079712286863208737 -0.0028489598666366013 0.0061642193126670341 -0.0035236227199994035 -0.00076354016610747646 -0.00045593407857880331 0.00534336625782983 -0.0023558724758904444 -0.0005955229114590594 0.005208803747624881 -0.0021469929169683336 0.0015922222959035947 0.00099984446097762039 -0.00063854560185596385 -0.0054779607264873048 0.0060231383277966535 0.013112638226034944 -0.00079430168214142979 0.0033985506095851313 -0.00064267418621943796 0.001419533158725831
leaf_weight=82 4399 302 287 560 104 135 298 111 198 118 85 153 65 201 154 106 165 215 77 156 138 119 103 110 63 110 94 232 315 97
leaf_count=82 4399 302 287 560 104 135 298 111 198 118 85 153 65 201 154 106 165 215 77 156 138 119 103 110 63 110 94 232 315 97
internal_value=-0.00237897 -0.00251321 -0.00431124 -0.000322953 -0.00601238 -0.00727105 -0.009765 -0.00326741 -0.000806142 0.00411765 -0.0069302 -0.00294471 -0.00170732 -0.0125086 0.000785256 -0.000791457 -0.00170131 -0.0014712 -0.00604061 -0.00864786 -0.00381285 -0.000991677 -0.00123462 -0.00846975 0 -0.000846344 -0.00113672 0.00507553 -0.0015625 -0.00102644
internal_weight=9352 9270 2877 862 2015 1622 995 627 516 318 697 411 200 286 307 393 6393 6228 586 509 353 5642 5523 276 166 5247 5137 326 4811 4496
internal_count=9352 9270 2877 862 2015 1622 995 627 516 318 697 411 200 286 307 393 6393 6228 586 509 353 5642 5523 276 166 5247 5137 326 4811 4496
is_linear=0
shrinkage=0.035


end of trees

feature_importances:
ctx_spy_ib_range_bps=161
ctx_spy_phys_total_oi_skew_call_minus_put=138
ib_range_bps=133
ctx_qqq_ib_range_bps=132
call_d25_oi=124
ctx_qqq_spot=112
phys_d50_oi_skew_call_minus_put=98
put_d65_oi=96
call_d15_oi=89
call_d50_oi=89
phys_d35_oi_skew_call_minus_put=86
put_d80_oi=85
put_d50_oi=79
dist_fib_127_up_bps=74
call_d65_oi=74
dist_fib_200_up_bps=73
call_d15_strike=73
call_d35_oi=71
ctx_qqq_phys_total_oi_skew_call_minus_put=70
put_d25_oi=68
phys_d15_liquidity_score=67
phys_d25_oi_skew_call_minus_put=66
dist_fib_200_dn_bps=65
spot=61
phys_d15_iv_skew_put_minus_call=58
put_d35_oi=56
phys_d25_iv_skew_put_minus_call=51
phys_total_oi_skew_call_minus_put=49
put_d15_strike=47
phys_total_option_oi_log=46
call_d35_iv=44
put_d15_oi=42
put_d25_spread_pct=42
ctx_spy_spot=42
ctx_qqq_phys_d35_iv_skew_put_minus_call=42
call_d80_oi=41
phys_d65_oi_skew_call_minus_put=41
call_d15_iv=37
phys_fib_up_mean_signed_bps=36
dist_fib_127_dn_bps=33
ctx_spy_nearest_level_abs_bps=33
ctx_spy_phys_d35_iv_skew_put_minus_call=33
put_d15_iv=31
phys_call_iv_slope_low_to_high=30
dist_ib_low_bps=29
ctx_spx_ib_range_bps=29
call_d65_strike=28
phys_d80_spread_mean=28
ctx_qqq_nearest_level_abs_bps=28
dist_ib_high_bps=27
phys_d15_oi_skew_call_minus_put=26
phys_nearest_level_vs_ib_range=26
call_d50_strike=23
call_d80_strike=23
phys_ib_edge_min_abs_bps=23
phys_d25_spread_mean=22
phys_fib_dn_mean_signed_bps=22
dist_fib_161_up_bps=21
call_d25_strike=19
call_d25_theta_over_mid=19
put_d65_iv=19
phys_d50_spread_mean=19
phys_ib_balance=19
call_d25_vega=18
put_d80_strike=18
phys_d25_liquidity_score=18
phys_d80_oi_skew_call_minus_put=18
nearest_level_abs_bps=17
put_d80_iv=17
put_d15_volume=16
call_d50_vega=16
phys_d35_iv_skew_put_minus_call=16
call_d15_abs_delta=15
call_d80_spread_pct=15
ctx_qqq_ret_15m_bps_minus_self=15
dist_fib_161_dn_bps=14
call_d35_strike=14
phys_d50_liquidity_score=14
phys_put_iv_slope_low_to_high=14
ctx_qqq_ret_30m_bps_minus_self=14
call_d15_theta_over_mid=13
put_d15_abs_delta=13
put_d25_strike=13
put_d25_iv=13
call_d80_abs_delta=13
phys_d80_mid_skew_call_minus_put=13
phys_fib_up_min_abs_bps=13
call_d25_strike_bps=12
call_d35_theta_over_mid=12
call_d65_vega=12
call_d15_vega=11
call_d25_iv=11
call_d50_spread_pct=11
put_d50_theta_over_mid=11
call_d65_spread_pct=11
call_d65_theta_over_mid=11
call_d80_iv=11
phys_d15_mid_skew_call_minus_put=11
phys_d25_iv_mean=11
phys_d80_theta_skew_call_minus_put=11
ret_30m_bps=10
call_d15_strike_bps=10
call_d15_mid_bps=10
put_d15_vega=10
call_d25_volume=10
put_d25_volume=10
call_d50_mid_bps=10
call_d50_volume=10
put_d50_spread_pct=10
put_d80_theta_over_mid=10
put_d80_vega=10
phys_d50_iv_skew_put_minus_call=10
phys_total_option_volume_log=10
ctx_qqq_ret_30m_bps=10
ctx_qqq_phys_total_volume_skew_call_minus_put=10
put_d15_theta_over_mid=9
put_d25_abs_delta=9
put_d65_abs_delta=9
put_d65_theta_over_mid=9
call_d80_vega=9
phys_d50_mid_skew_call_minus_put=9
phys_abs_ret_30m_bps=9
ctx_spy_ret_30m_bps=9
put_d15_strike_bps=8
call_d25_spread_pct=8
call_d35_spread_pct=8
put_d35_theta_over_mid=8
put_d35_volume=8
put_d50_strike=8
call_d65_volume=8
put_d80_abs_delta=8
phys_d35_mid_skew_call_minus_put=8
phys_d50_volume_skew_call_minus_put=8
phys_d80_iv_skew_put_minus_call=8
phys_total_volume_skew_call_minus_put=8
phys_momentum_accel_ret_15m_bps_minus_ret_30m_bps=8
ctx_spy_phys_total_volume_skew_call_minus_put=8
ctx_qqq_ret_1m_bps_minus_self=8
call_d15_volume=7
call_d25_abs_delta=7
call_d25_mid_bps=7
put_d25_vega=7
call_d35_abs_delta=7
call_d35_mid_bps=7
put_d35_strike=7
put_d35_vega=7
put_d50_mid_bps=7
put_d50_vega=7
put_d65_vega=7
call_d80_theta_over_mid=7
phys_d15_iv_mean=7
phys_d80_volume_skew_call_minus_put=7
phys_call_mid_slope_low_to_high=7
phys_fib_any_min_abs_bps=7
phys_abs_ret_15m_bps=7
put_d15_mid_bps=6
call_d35_volume=6
put_d50_iv=6
put_d50_volume=6
call_d65_iv=6
put_d65_strike=6
put_d65_mid_bps=6
put_d65_spread_pct=6
call_d80_strike_bps=6
phys_d15_theta_skew_call_minus_put=6
phys_d15_abs_delta_gap=6
phys_d25_mid_skew_call_minus_put=6
phys_d35_spread_mean=6
phys_d35_liquidity_score=6
phys_d50_vega_skew_call_minus_put=6
phys_d65_iv_mean=6
ctx_spx_phys_total_oi_skew_call_minus_put=6
ctx_qqq_ret_5m_bps=6
ctx_qqq_ret_5m_bps_minus_self=6
ctx_qqq_ret_15m_bps=6
nearest_level_name_ib_low=6
call_d15_spread_pct=5
put_d25_strike_bps=5
call_d35_vega=5
put_d35_iv=5
put_d35_spread_pct=5
call_d50_theta_over_mid=5
call_d65_abs_delta=5
put_d80_strike_bps=5
put_d80_spread_pct=5
put_d80_volume=5
phys_d15_vega_skew_call_minus_put=5
phys_d35_vega_skew_call_minus_put=5
phys_d80_iv_mean=5
phys_d80_vega_skew_call_minus_put=5
ctx_spy_ret_1m_bps=5
ctx_spy_ret_15m_bps_minus_self=5
ctx_spy_ret_30m_bps_minus_self=5
minute=4
ret_15m_bps=4
put_d15_spread_pct=4
put_d25_theta_over_mid=4
put_d35_abs_delta=4
put_d35_mid_bps=4
call_d50_iv=4
phys_d25_volume_skew_call_minus_put=4
phys_d50_iv_mean=4
phys_d65_iv_skew_put_minus_call=4
phys_d65_volume_skew_call_minus_put=4
phys_d65_spread_mean=4
phys_d65_vega_skew_call_minus_put=4
phys_d80_liquidity_score=4
phys_momentum_accel_ret_5m_bps_minus_ret_15m_bps=4
phys_abs_ret_5m_bps=4
ctx_spx_spot=4
ctx_spy_ret_1m_bps_minus_self=4
ctx_spy_qqq_ret_5m_spread=4
ret_1m_bps=3
call_d35_strike_bps=3
put_d35_strike_bps=3
call_d65_strike_bps=3
call_d65_mid_bps=3
put_d65_volume=3
call_d80_mid_bps=3
put_d80_mid_bps=3
phys_d15_spread_mean=3
phys_d35_volume_skew_call_minus_put=3
phys_d35_theta_skew_call_minus_put=3
phys_put_mid_slope_low_to_high=3
phys_fib_dn_min_abs_bps=3
phys_abs_ret_1m_bps=3
put_d25_mid_bps=2
call_d50_strike_bps=2
put_d50_abs_delta=2
put_d65_strike_bps=2
phys_d65_mid_skew_call_minus_put=2
phys_d80_abs_delta_gap=2
ctx_spx_ret_30m_bps=2
ctx_spx_nearest_level_abs_bps=2
ctx_spy_ret_5m_bps_minus_self=2
ret_5m_bps=1
put_d50_strike_bps=1
call_d80_volume=1
phys_d15_volume_skew_call_minus_put=1
phys_d25_vega_skew_call_minus_put=1
phys_d35_iv_mean=1
phys_d50_theta_skew_call_minus_put=1
phys_d50_abs_delta_gap=1
phys_d65_theta_skew_call_minus_put=1
phys_d65_abs_delta_gap=1
phys_d65_liquidity_score=1
ctx_spx_phys_d35_iv_skew_put_minus_call=1
ctx_spx_phys_total_volume_skew_call_minus_put=1
ctx_spy_ret_5m_bps=1
ctx_spy_ret_15m_bps=1
ctx_qqq_ret_1m_bps=1
nearest_level_name_fib_127_dn=1
nearest_level_name_ib_high=1

parameters:
[boosting: gbdt]
[objective: regression_l1]
[metric: l1]
[tree_learner: serial]
[device_type: cpu]
[data_sample_strategy: bagging]
[data: ]
[valid: ]
[num_iterations: 160]
[learning_rate: 0.035]
[num_leaves: 31]
[num_threads: 4]
[seed: 20260623]
[deterministic: 1]
[force_col_wise: 1]
[force_row_wise: 0]
[histogram_pool_size: -1]
[max_depth: -1]
[min_data_in_leaf: 60]
[min_sum_hessian_in_leaf: 0.001]
[bagging_fraction: 0.85]
[pos_bagging_fraction: 1]
[neg_bagging_fraction: 1]
[bagging_freq: 0]
[bagging_seed: 6824]
[bagging_by_query: 0]
[feature_fraction: 0.85]
[feature_fraction_bynode: 1]
[feature_fraction_seed: 25212]
[extra_trees: 0]
[extra_seed: 21134]
[early_stopping_round: 0]
[early_stopping_min_delta: 0]
[first_metric_only: 0]
[max_delta_step: 0]
[lambda_l1: 0]
[lambda_l2: 5]
[linear_lambda: 0]
[min_gain_to_split: 0]
[drop_rate: 0.1]
[max_drop: 50]
[skip_drop: 0.5]
[xgboost_dart_mode: 0]
[uniform_drop: 0]
[drop_seed: 25545]
[top_rate: 0.2]
[other_rate: 0.1]
[min_data_per_group: 100]
[max_cat_threshold: 32]
[cat_l2: 10]
[cat_smooth: 10]
[max_cat_to_onehot: 4]
[top_k: 20]
[monotone_constraints: ]
[monotone_constraints_method: basic]
[monotone_penalty: 0]
[feature_contri: ]
[forcedsplits_filename: ]
[refit_decay_rate: 0.9]
[cegb_tradeoff: 1]
[cegb_penalty_split: 0]
[cegb_penalty_feature_lazy: ]
[cegb_penalty_feature_coupled: ]
[path_smooth: 0]
[interaction_constraints: ]
[verbosity: -1]
[saved_feature_importance_type: 0]
[use_quantized_grad: 0]
[num_grad_quant_bins: 4]
[quant_train_renew_leaf: 0]
[stochastic_rounding: 1]
[linear_tree: 0]
[max_bin: 255]
[max_bin_by_feature: ]
[min_data_in_bin: 3]
[bin_construct_sample_cnt: 200000]
[data_random_seed: 4116]
[is_enable_sparse: 1]
[enable_bundle: 1]
[use_missing: 1]
[zero_as_missing: 0]
[feature_pre_filter: 1]
[pre_partition: 0]
[two_round: 0]
[header: 0]
[label_column: ]
[weight_column: ]
[group_column: ]
[ignore_column: ]
[categorical_feature: ]
[forcedbins_filename: ]
[precise_float_parser: 0]
[parser_config_file: ]
[objective_seed: 23053]
[num_class: 1]
[is_unbalance: 0]
[scale_pos_weight: 1]
[sigmoid: 1]
[boost_from_average: 1]
[reg_sqrt: 0]
[alpha: 0.9]
[fair_c: 1]
[poisson_max_delta_step: 0.7]
[tweedie_variance_power: 1.5]
[lambdarank_truncation_level: 30]
[lambdarank_norm: 1]
[label_gain: ]
[lambdarank_position_bias_regularization: 0]
[eval_at: ]
[multi_error_top_k: 1]
[auc_mu_weights: ]
[num_machines: 1]
[local_listen_port: 12400]
[time_out: 120]
[machine_list_filename: ]
[machines: ]
[gpu_platform_id: -1]
[gpu_device_id: -1]
[gpu_use_dp: 0]
[num_gpu: 1]

end of parameters

pandas_categorical:[]
