ticker,date,month,time,minute,expiry_mode,action,score,pred_call_return,pred_put_return,call_return,put_return,realized_return,deploy_config,test_month,entry_minute,source_stream,source_file,_source_order,_priority,backfill_required_count,backfill_count_before,backfill_month_target,backfill_partial_month,backfill_mode,source_backfill_dir,pnl
SPXW,20260102,202601,10:00,600,zero_dte,PUT,0.6879734757402601,0.1861560744204235,0.6879734757402601,-0.3,0.5,0.5,thr0.412_maxday1,202601,600,win_valthr_wr45_d25,research_papers\JEPA\results\_diagnostics\event_option_gate_dense15_zero_dte_win_valthr_wr45_d25_physctx_wf2026_fulljun_excl202605_spxw_v1\event_option_gate_trades.csv,0,0,2,0,18,False,primary,research_papers\JEPA\results\_diagnostics\event_option_dense15_backfill18_wf2026_fulljun_excl202605_spxw_v1,2500.0
SPXW,20260102,202601,10:30,630,zero_dte,PUT,-0.1607046211827649,-0.3000000119209289,-0.1607046211827649,0.5,-0.3,-0.3,thr-999.000_maxday3,202601,630,forcedmax3_d50,research_papers\JEPA\results\_diagnostics\event_option_gate_dense15_zero_dte_return_forcedmax3_d50_physctx_wf2026_fulljun_excl202605_spxw_v1\event_option_gate_trades.csv,1,1,2,1,18,False,fallback_volume_pace,research_papers\JEPA\results\_diagnostics\event_option_dense15_backfill18_wf2026_fulljun_excl202605_spxw_v1,-1500.0
SPXW,20260105,202601,10:00,600,zero_dte,PUT,-0.1702461836783724,-0.3000000119209289,-0.1702461836783724,0.5,-0.3,-0.3,thr-999.000_maxday3,202601,600,forcedmax3_d50,research_papers\JEPA\results\_diagnostics\event_option_gate_dense15_zero_dte_return_forcedmax3_d50_physctx_wf2026_fulljun_excl202605_spxw_v1\event_option_gate_trades.csv,3,1,3,2,18,False,fallback_volume_pace,research_papers\JEPA\results\_diagnostics\event_option_dense15_backfill18_wf2026_fulljun_excl202605_spxw_v1,-1500.0
SPXW,20260105,202601,14:15,855,zero_dte,PUT,0.4628774569588814,0.2607184537951776,0.4628774569588814,-0.3,-0.3,-0.3,thr0.412_maxday1,202601,855,win_valthr_wr45_d25,research_papers\JEPA\results\_diagnostics\event_option_gate_dense15_zero_dte_win_valthr_wr45_d25_physctx_wf2026_fulljun_excl202605_spxw_v1\event_option_gate_trades.csv,1,0,3,3,18,False,primary,research_papers\JEPA\results\_diagnostics\event_option_dense15_backfill18_wf2026_fulljun_excl202605_spxw_v1,-1500.0
SPXW,20260106,202601,11:30,690,zero_dte,PUT,0.4263399686188102,0.2963290013767545,0.4263399686188102,-0.3,0.5,0.5,thr0.412_maxday1,202601,690,win_valthr_wr45_d25,research_papers\JEPA\results\_diagnostics\event_option_gate_dense15_zero_dte_win_valthr_wr45_d25_physctx_wf2026_fulljun_excl202605_spxw_v1\event_option_gate_trades.csv,2,0,4,4,18,False,primary,research_papers\JEPA\results\_diagnostics\event_option_dense15_backfill18_wf2026_fulljun_excl202605_spxw_v1,2500.0
SPXW,20260107,202601,13:45,825,zero_dte,PUT,0.4220949827922184,0.3084707889290764,0.4220949827922184,0.5,-0.3,-0.3,thr0.412_maxday1,202601,825,win_valthr_wr45_d25,research_papers\JEPA\results\_diagnostics\event_option_gate_dense15_zero_dte_win_valthr_wr45_d25_physctx_wf2026_fulljun_excl202605_spxw_v1\event_option_gate_trades.csv,3,0,5,5,18,False,primary,research_papers\JEPA\results\_diagnostics\event_option_dense15_backfill18_wf2026_fulljun_excl202605_spxw_v1,-1500.0
SPXW,20260108,202601,10:15,615,zero_dte,PUT,0.4377499705840323,0.2251432699381234,0.4377499705840323,-0.3,0.5,0.5,thr0.412_maxday1,202601,615,win_valthr_wr45_d25,research_papers\JEPA\results\_diagnostics\event_option_gate_dense15_zero_dte_win_valthr_wr45_d25_physctx_wf2026_fulljun_excl202605_spxw_v1\event_option_gate_trades.csv,4,0,5,6,18,False,primary,research_papers\JEPA\results\_diagnostics\event_option_dense15_backfill18_wf2026_fulljun_excl202605_spxw_v1,2500.0
SPXW,20260109,202601,10:00,600,zero_dte,CALL,0.4300565211356962,0.4300565211356962,0.2667687633314191,-0.3,-0.3,-0.3,thr0.412_maxday1,202601,600,win_valthr_wr45_d25,research_papers\JEPA\results\_diagnostics\event_option_gate_dense15_zero_dte_win_valthr_wr45_d25_physctx_wf2026_fulljun_excl202605_spxw_v1\event_option_gate_trades.csv,5,0,6,7,18,False,primary,research_papers\JEPA\results\_diagnostics\event_option_dense15_backfill18_wf2026_fulljun_excl202605_spxw_v1,-1500.0
SPXW,20260112,202601,10:00,600,zero_dte,PUT,0.6211808834115053,0.1484344813608925,0.6211808834115053,-0.3,-0.3,-0.3,thr0.412_maxday1,202601,600,win_valthr_wr45_d25,research_papers\JEPA\results\_diagnostics\event_option_gate_dense15_zero_dte_win_valthr_wr45_d25_physctx_wf2026_fulljun_excl202605_spxw_v1\event_option_gate_trades.csv,6,0,7,8,18,False,primary,research_papers\JEPA\results\_diagnostics\event_option_dense15_backfill18_wf2026_fulljun_excl202605_spxw_v1,-1500.0
SPXW,20260113,202601,10:00,600,zero_dte,PUT,0.6694155180321694,0.2987931011864225,0.6694155180321694,-0.3,0.5,0.5,thr0.412_maxday1,202601,600,win_valthr_wr45_d25,research_papers\JEPA\results\_diagnostics\event_option_gate_dense15_zero_dte_win_valthr_wr45_d25_physctx_wf2026_fulljun_excl202605_spxw_v1\event_option_gate_trades.csv,7,0,8,9,18,False,primary,research_papers\JEPA\results\_diagnostics\event_option_dense15_backfill18_wf2026_fulljun_excl202605_spxw_v1,2500.0
SPXW,20260114,202601,10:00,600,zero_dte,CALL,0.4132635711403223,0.4132635711403223,0.1726383898713557,0.5,-0.3,0.5,thr0.412_maxday1,202601,600,win_valthr_wr45_d25,research_papers\JEPA\results\_diagnostics\event_option_gate_dense15_zero_dte_win_valthr_wr45_d25_physctx_wf2026_fulljun_excl202605_spxw_v1\event_option_gate_trades.csv,8,0,9,10,18,False,primary,research_papers\JEPA\results\_diagnostics\event_option_dense15_backfill18_wf2026_fulljun_excl202605_spxw_v1,2500.0
SPXW,20260116,202601,10:00,600,zero_dte,CALL,0.5145449117413272,0.5145449117413272,0.2446003427370701,-0.3,-0.3,-0.3,thr0.412_maxday1,202601,600,win_valthr_wr45_d25,research_papers\JEPA\results\_diagnostics\event_option_gate_dense15_zero_dte_win_valthr_wr45_d25_physctx_wf2026_fulljun_excl202605_spxw_v1\event_option_gate_trades.csv,9,0,10,11,18,False,primary,research_papers\JEPA\results\_diagnostics\event_option_dense15_backfill18_wf2026_fulljun_excl202605_spxw_v1,-1500.0
SPXW,20260120,202601,10:00,600,zero_dte,CALL,0.5983547244120017,0.5983547244120017,0.1835120031850792,-0.3,-0.3,-0.3,thr0.412_maxday1,202601,600,win_valthr_wr45_d25,research_papers\JEPA\results\_diagnostics\event_option_gate_dense15_zero_dte_win_valthr_wr45_d25_physctx_wf2026_fulljun_excl202605_spxw_v1\event_option_gate_trades.csv,10,0,12,12,18,False,primary,research_papers\JEPA\results\_diagnostics\event_option_dense15_backfill18_wf2026_fulljun_excl202605_spxw_v1,-1500.0
SPXW,20260121,202601,10:00,600,zero_dte,PUT,0.551024238177793,0.2270892587337277,0.551024238177793,-0.3,-0.3,-0.3,thr0.412_maxday1,202601,600,win_valthr_wr45_d25,research_papers\JEPA\results\_diagnostics\event_option_gate_dense15_zero_dte_win_valthr_wr45_d25_physctx_wf2026_fulljun_excl202605_spxw_v1\event_option_gate_trades.csv,11,0,13,13,18,False,primary,research_papers\JEPA\results\_diagnostics\event_option_dense15_backfill18_wf2026_fulljun_excl202605_spxw_v1,-1500.0
SPXW,20260122,202601,10:00,600,zero_dte,CALL,0.5458731100996416,0.5458731100996416,0.1953061806190256,0.5,-0.3,0.5,thr0.412_maxday1,202601,600,win_valthr_wr45_d25,research_papers\JEPA\results\_diagnostics\event_option_gate_dense15_zero_dte_win_valthr_wr45_d25_physctx_wf2026_fulljun_excl202605_spxw_v1\event_option_gate_trades.csv,12,0,14,14,18,False,primary,research_papers\JEPA\results\_diagnostics\event_option_dense15_backfill18_wf2026_fulljun_excl202605_spxw_v1,2500.0
SPXW,20260123,202601,10:30,630,zero_dte,PUT,0.5471493959089919,0.2591863322175148,0.5471493959089919,0.5,-0.3,-0.3,thr0.412_maxday1,202601,630,win_valthr_wr45_d25,research_papers\JEPA\results\_diagnostics\event_option_gate_dense15_zero_dte_win_valthr_wr45_d25_physctx_wf2026_fulljun_excl202605_spxw_v1\event_option_gate_trades.csv,13,0,14,15,18,False,primary,research_papers\JEPA\results\_diagnostics\event_option_dense15_backfill18_wf2026_fulljun_excl202605_spxw_v1,-1500.0
SPXW,20260126,202601,10:45,645,zero_dte,PUT,0.4422518783350992,0.2127621776610044,0.4422518783350992,0.5,-0.3,-0.3,thr0.412_maxday1,202601,645,win_valthr_wr45_d25,research_papers\JEPA\results\_diagnostics\event_option_gate_dense15_zero_dte_win_valthr_wr45_d25_physctx_wf2026_fulljun_excl202605_spxw_v1\event_option_gate_trades.csv,14,0,15,16,18,False,primary,research_papers\JEPA\results\_diagnostics\event_option_dense15_backfill18_wf2026_fulljun_excl202605_spxw_v1,-1500.0
SPXW,20260127,202601,10:00,600,zero_dte,PUT,0.5971915343317176,0.1513984289678719,0.5971915343317176,-0.3,-0.3,-0.3,thr0.412_maxday1,202601,600,win_valthr_wr45_d25,research_papers\JEPA\results\_diagnostics\event_option_gate_dense15_zero_dte_win_valthr_wr45_d25_physctx_wf2026_fulljun_excl202605_spxw_v1\event_option_gate_trades.csv,15,0,16,17,18,False,primary,research_papers\JEPA\results\_diagnostics\event_option_dense15_backfill18_wf2026_fulljun_excl202605_spxw_v1,-1500.0
SPXW,20260128,202601,10:00,600,zero_dte,PUT,0.4943742393028699,0.2090086553045657,0.4943742393028699,-0.3,0.5,0.5,thr0.412_maxday1,202601,600,win_valthr_wr45_d25,research_papers\JEPA\results\_diagnostics\event_option_gate_dense15_zero_dte_win_valthr_wr45_d25_physctx_wf2026_fulljun_excl202605_spxw_v1\event_option_gate_trades.csv,16,0,17,18,18,False,primary,research_papers\JEPA\results\_diagnostics\event_option_dense15_backfill18_wf2026_fulljun_excl202605_spxw_v1,2500.0
SPXW,20260129,202601,10:45,645,zero_dte,PUT,0.4412117125934354,0.2563275394290611,0.4412117125934354,-0.3,0.5,0.5,thr0.412_maxday1,202601,645,win_valthr_wr45_d25,research_papers\JEPA\results\_diagnostics\event_option_gate_dense15_zero_dte_win_valthr_wr45_d25_physctx_wf2026_fulljun_excl202605_spxw_v1\event_option_gate_trades.csv,17,0,18,19,18,False,primary,research_papers\JEPA\results\_diagnostics\event_option_dense15_backfill18_wf2026_fulljun_excl202605_spxw_v1,2500.0
SPXW,20260130,202601,10:15,615,zero_dte,PUT,0.4358712121125812,0.2690766524592938,0.4358712121125812,-0.3,0.5,0.5,thr0.412_maxday1,202601,615,win_valthr_wr45_d25,research_papers\JEPA\results\_diagnostics\event_option_gate_dense15_zero_dte_win_valthr_wr45_d25_physctx_wf2026_fulljun_excl202605_spxw_v1\event_option_gate_trades.csv,18,0,18,20,18,False,primary,research_papers\JEPA\results\_diagnostics\event_option_dense15_backfill18_wf2026_fulljun_excl202605_spxw_v1,2500.0
SPXW,20260202,202602,10:00,600,zero_dte,PUT,0.4539103332417679,0.3267014272311748,0.4539103332417679,0.5,-0.3,-0.3,thr-999.000_maxday1,202602,600,win_valthr_wr45_d25,research_papers\JEPA\results\_diagnostics\event_option_gate_dense15_zero_dte_win_valthr_wr45_d25_physctx_wf2026_fulljun_excl202605_spxw_v1\event_option_gate_trades.csv,19,0,1,0,18,False,primary,research_papers\JEPA\results\_diagnostics\event_option_dense15_backfill18_wf2026_fulljun_excl202605_spxw_v1,-1500.0
SPXW,20260203,202602,10:00,600,zero_dte,PUT,0.6696606091942565,0.209230005702323,0.6696606091942565,-0.3,0.5,0.5,thr-999.000_maxday1,202602,600,win_valthr_wr45_d25,research_papers\JEPA\results\_diagnostics\event_option_gate_dense15_zero_dte_win_valthr_wr45_d25_physctx_wf2026_fulljun_excl202605_spxw_v1\event_option_gate_trades.csv,20,0,2,1,18,False,primary,research_papers\JEPA\results\_diagnostics\event_option_dense15_backfill18_wf2026_fulljun_excl202605_spxw_v1,2500.0
SPXW,20260204,202602,10:00,600,zero_dte,CALL,0.3992076706000939,0.3992076706000939,0.2919288272080921,0.5,-0.3,0.5,thr-999.000_maxday1,202602,600,win_valthr_wr45_d25,research_papers\JEPA\results\_diagnostics\event_option_gate_dense15_zero_dte_win_valthr_wr45_d25_physctx_wf2026_fulljun_excl202605_spxw_v1\event_option_gate_trades.csv,21,0,3,2,18,False,primary,research_papers\JEPA\results\_diagnostics\event_option_dense15_backfill18_wf2026_fulljun_excl202605_spxw_v1,2500.0
SPXW,20260205,202602,10:00,600,zero_dte,PUT,0.6134561084451647,0.207902546737848,0.6134561084451647,-0.3,0.5,0.5,thr-999.000_maxday1,202602,600,win_valthr_wr45_d25,research_papers\JEPA\results\_diagnostics\event_option_gate_dense15_zero_dte_win_valthr_wr45_d25_physctx_wf2026_fulljun_excl202605_spxw_v1\event_option_gate_trades.csv,22,0,4,3,18,False,primary,research_papers\JEPA\results\_diagnostics\event_option_dense15_backfill18_wf2026_fulljun_excl202605_spxw_v1,2500.0
SPXW,20260206,202602,10:00,600,zero_dte,PUT,0.6409893341067531,0.1964349584908157,0.6409893341067531,-0.3,0.5,0.5,thr-999.000_maxday1,202602,600,win_valthr_wr45_d25,research_papers\JEPA\results\_diagnostics\event_option_gate_dense15_zero_dte_win_valthr_wr45_d25_physctx_wf2026_fulljun_excl202605_spxw_v1\event_option_gate_trades.csv,23,0,5,4,18,False,primary,research_papers\JEPA\results\_diagnostics\event_option_dense15_backfill18_wf2026_fulljun_excl202605_spxw_v1,2500.0
SPXW,20260209,202602,10:00,600,zero_dte,PUT,0.3114351687526349,0.2902738369230996,0.3114351687526349,0.5,-0.3,-0.3,thr-999.000_maxday1,202602,600,win_valthr_wr45_d25,research_papers\JEPA\results\_diagnostics\event_option_gate_dense15_zero_dte_win_valthr_wr45_d25_physctx_wf2026_fulljun_excl202605_spxw_v1\event_option_gate_trades.csv,24,0,6,5,18,False,primary,research_papers\JEPA\results\_diagnostics\event_option_dense15_backfill18_wf2026_fulljun_excl202605_spxw_v1,-1500.0
SPXW,20260210,202602,10:00,600,zero_dte,PUT,0.5211888714639152,0.1374932405681709,0.5211888714639152,0.5,-0.3,-0.3,thr-999.000_maxday1,202602,600,win_valthr_wr45_d25,research_papers\JEPA\results\_diagnostics\event_option_gate_dense15_zero_dte_win_valthr_wr45_d25_physctx_wf2026_fulljun_excl202605_spxw_v1\event_option_gate_trades.csv,25,0,7,6,18,False,primary,research_papers\JEPA\results\_diagnostics\event_option_dense15_backfill18_wf2026_fulljun_excl202605_spxw_v1,-1500.0
SPXW,20260211,202602,10:00,600,zero_dte,PUT,0.7923702575297406,0.1654705953049624,0.7923702575297406,-0.3,0.5,0.5,thr-999.000_maxday1,202602,600,win_valthr_wr45_d25,research_papers\JEPA\results\_diagnostics\event_option_gate_dense15_zero_dte_win_valthr_wr45_d25_physctx_wf2026_fulljun_excl202605_spxw_v1\event_option_gate_trades.csv,26,0,8,7,18,False,primary,research_papers\JEPA\results\_diagnostics\event_option_dense15_backfill18_wf2026_fulljun_excl202605_spxw_v1,2500.0
SPXW,20260212,202602,10:00,600,zero_dte,CALL,0.4086558238187079,0.4086558238187079,0.2382652139345273,0.5,-0.3,0.5,thr-999.000_maxday1,202602,600,win_valthr_wr45_d25,research_papers\JEPA\results\_diagnostics\event_option_gate_dense15_zero_dte_win_valthr_wr45_d25_physctx_wf2026_fulljun_excl202605_spxw_v1\event_option_gate_trades.csv,27,0,9,8,18,False,primary,research_papers\JEPA\results\_diagnostics\event_option_dense15_backfill18_wf2026_fulljun_excl202605_spxw_v1,2500.0
SPXW,20260213,202602,10:00,600,zero_dte,PUT,0.7164012413528147,0.1600127883656225,0.7164012413528147,0.5,-0.3,-0.3,thr-999.000_maxday1,202602,600,win_valthr_wr45_d25,research_papers\JEPA\results\_diagnostics\event_option_gate_dense15_zero_dte_win_valthr_wr45_d25_physctx_wf2026_fulljun_excl202605_spxw_v1\event_option_gate_trades.csv,28,0,9,9,18,False,primary,research_papers\JEPA\results\_diagnostics\event_option_dense15_backfill18_wf2026_fulljun_excl202605_spxw_v1,-1500.0
SPXW,20260217,202602,10:00,600,zero_dte,CALL,0.436728559011769,0.436728559011769,0.2251415548247685,0.5,-0.3,0.5,thr-999.000_maxday1,202602,600,win_valthr_wr45_d25,research_papers\JEPA\results\_diagnostics\event_option_gate_dense15_zero_dte_win_valthr_wr45_d25_physctx_wf2026_fulljun_excl202605_spxw_v1\event_option_gate_trades.csv,29,0,11,10,18,False,primary,research_papers\JEPA\results\_diagnostics\event_option_dense15_backfill18_wf2026_fulljun_excl202605_spxw_v1,2500.0
SPXW,20260218,202602,10:00,600,zero_dte,CALL,0.3767359520982442,0.3767359520982442,0.3137959107143256,0.5,-0.3,0.5,thr-999.000_maxday1,202602,600,win_valthr_wr45_d25,research_papers\JEPA\results\_diagnostics\event_option_gate_dense15_zero_dte_win_valthr_wr45_d25_physctx_wf2026_fulljun_excl202605_spxw_v1\event_option_gate_trades.csv,30,0,12,11,18,False,primary,research_papers\JEPA\results\_diagnostics\event_option_dense15_backfill18_wf2026_fulljun_excl202605_spxw_v1,2500.0
SPXW,20260219,202602,10:00,600,zero_dte,PUT,0.5012265653042913,0.2787601913839361,0.5012265653042913,0.5,-0.3,-0.3,thr-999.000_maxday1,202602,600,win_valthr_wr45_d25,research_papers\JEPA\results\_diagnostics\event_option_gate_dense15_zero_dte_win_valthr_wr45_d25_physctx_wf2026_fulljun_excl202605_spxw_v1\event_option_gate_trades.csv,31,0,13,12,18,False,primary,research_papers\JEPA\results\_diagnostics\event_option_dense15_backfill18_wf2026_fulljun_excl202605_spxw_v1,-1500.0
SPXW,20260220,202602,10:00,600,zero_dte,PUT,0.4065434125619963,0.2856391709832615,0.4065434125619963,0.5,-0.3,-0.3,thr-999.000_maxday1,202602,600,win_valthr_wr45_d25,research_papers\JEPA\results\_diagnostics\event_option_gate_dense15_zero_dte_win_valthr_wr45_d25_physctx_wf2026_fulljun_excl202605_spxw_v1\event_option_gate_trades.csv,32,0,14,13,18,False,primary,research_papers\JEPA\results\_diagnostics\event_option_dense15_backfill18_wf2026_fulljun_excl202605_spxw_v1,-1500.0
SPXW,20260223,202602,10:00,600,zero_dte,PUT,0.4779443516392314,0.1976657799939333,0.4779443516392314,-0.3,0.5,0.5,thr-999.000_maxday1,202602,600,win_valthr_wr45_d25,research_papers\JEPA\results\_diagnostics\event_option_gate_dense15_zero_dte_win_valthr_wr45_d25_physctx_wf2026_fulljun_excl202605_spxw_v1\event_option_gate_trades.csv,33,0,15,14,18,False,primary,research_papers\JEPA\results\_diagnostics\event_option_dense15_backfill18_wf2026_fulljun_excl202605_spxw_v1,2500.0
SPXW,20260224,202602,10:00,600,zero_dte,PUT,0.5415012382097332,0.3013023607325084,0.5415012382097332,0.5,-0.3,-0.3,thr-999.000_maxday1,202602,600,win_valthr_wr45_d25,research_papers\JEPA\results\_diagnostics\event_option_gate_dense15_zero_dte_win_valthr_wr45_d25_physctx_wf2026_fulljun_excl202605_spxw_v1\event_option_gate_trades.csv,34,0,16,15,18,False,primary,research_papers\JEPA\results\_diagnostics\event_option_dense15_backfill18_wf2026_fulljun_excl202605_spxw_v1,-1500.0
SPXW,20260225,202602,10:00,600,zero_dte,PUT,0.411664486209795,0.1293369990819476,0.411664486209795,-0.3,-0.3,-0.3,thr-999.000_maxday1,202602,600,win_valthr_wr45_d25,research_papers\JEPA\results\_diagnostics\event_option_gate_dense15_zero_dte_win_valthr_wr45_d25_physctx_wf2026_fulljun_excl202605_spxw_v1\event_option_gate_trades.csv,35,0,17,16,18,False,primary,research_papers\JEPA\results\_diagnostics\event_option_dense15_backfill18_wf2026_fulljun_excl202605_spxw_v1,-1500.0
SPXW,20260226,202602,10:00,600,zero_dte,PUT,0.7707582450690726,0.1855407506621225,0.7707582450690726,-0.3,0.5,0.5,thr-999.000_maxday1,202602,600,win_valthr_wr45_d25,research_papers\JEPA\results\_diagnostics\event_option_gate_dense15_zero_dte_win_valthr_wr45_d25_physctx_wf2026_fulljun_excl202605_spxw_v1\event_option_gate_trades.csv,36,0,18,17,18,False,primary,research_papers\JEPA\results\_diagnostics\event_option_dense15_backfill18_wf2026_fulljun_excl202605_spxw_v1,2500.0
SPXW,20260227,202602,10:00,600,zero_dte,PUT,0.3580892848858665,0.2889600425303234,0.3580892848858665,0.5,-0.3,-0.3,thr-999.000_maxday1,202602,600,win_valthr_wr45_d25,research_papers\JEPA\results\_diagnostics\event_option_gate_dense15_zero_dte_win_valthr_wr45_d25_physctx_wf2026_fulljun_excl202605_spxw_v1\event_option_gate_trades.csv,37,0,18,18,18,False,primary,research_papers\JEPA\results\_diagnostics\event_option_dense15_backfill18_wf2026_fulljun_excl202605_spxw_v1,-1500.0
SPXW,20260302,202603,10:00,600,zero_dte,CALL,0.5677065914815803,0.5677065914815803,0.2554155801641889,0.5,-0.3,0.5,thr0.385_maxday1,202603,600,win_valthr_wr45_d25,research_papers\JEPA\results\_diagnostics\event_option_gate_dense15_zero_dte_win_valthr_wr45_d25_physctx_wf2026_fulljun_excl202605_spxw_v1\event_option_gate_trades.csv,38,0,1,0,18,False,primary,research_papers\JEPA\results\_diagnostics\event_option_dense15_backfill18_wf2026_fulljun_excl202605_spxw_v1,2500.0
SPXW,20260303,202603,10:00,600,zero_dte,PUT,0.6874133144050305,0.2721956338920735,0.6874133144050305,-0.3,0.5,0.5,thr0.385_maxday1,202603,600,win_valthr_wr45_d25,research_papers\JEPA\results\_diagnostics\event_option_gate_dense15_zero_dte_win_valthr_wr45_d25_physctx_wf2026_fulljun_excl202605_spxw_v1\event_option_gate_trades.csv,39,0,2,1,18,False,primary,research_papers\JEPA\results\_diagnostics\event_option_dense15_backfill18_wf2026_fulljun_excl202605_spxw_v1,2500.0
SPXW,20260304,202603,10:00,600,zero_dte,CALL,0.5092345070741991,0.5092345070741991,0.3459441207196347,-0.3,-0.3,-0.3,thr0.385_maxday1,202603,600,win_valthr_wr45_d25,research_papers\JEPA\results\_diagnostics\event_option_gate_dense15_zero_dte_win_valthr_wr45_d25_physctx_wf2026_fulljun_excl202605_spxw_v1\event_option_gate_trades.csv,40,0,3,2,18,False,primary,research_papers\JEPA\results\_diagnostics\event_option_dense15_backfill18_wf2026_fulljun_excl202605_spxw_v1,-1500.0
SPXW,20260305,202603,10:00,600,zero_dte,PUT,0.5973452973380985,0.1783558601512571,0.5973452973380985,-0.3,0.5,0.5,thr0.385_maxday1,202603,600,win_valthr_wr45_d25,research_papers\JEPA\results\_diagnostics\event_option_gate_dense15_zero_dte_win_valthr_wr45_d25_physctx_wf2026_fulljun_excl202605_spxw_v1\event_option_gate_trades.csv,41,0,4,3,18,False,primary,research_papers\JEPA\results\_diagnostics\event_option_dense15_backfill18_wf2026_fulljun_excl202605_spxw_v1,2500.0
SPXW,20260306,202603,10:00,600,zero_dte,PUT,0.4691052593094535,0.337161981819272,0.4691052593094535,0.5,-0.3,-0.3,thr0.385_maxday1,202603,600,win_valthr_wr45_d25,research_papers\JEPA\results\_diagnostics\event_option_gate_dense15_zero_dte_win_valthr_wr45_d25_physctx_wf2026_fulljun_excl202605_spxw_v1\event_option_gate_trades.csv,42,0,5,4,18,False,primary,research_papers\JEPA\results\_diagnostics\event_option_dense15_backfill18_wf2026_fulljun_excl202605_spxw_v1,-1500.0
SPXW,20260309,202603,10:00,600,zero_dte,CALL,0.4165845615137623,0.4165845615137623,0.1821443260311588,-0.3,-0.3,-0.3,thr0.385_maxday1,202603,600,win_valthr_wr45_d25,research_papers\JEPA\results\_diagnostics\event_option_gate_dense15_zero_dte_win_valthr_wr45_d25_physctx_wf2026_fulljun_excl202605_spxw_v1\event_option_gate_trades.csv,43,0,5,5,18,False,primary,research_papers\JEPA\results\_diagnostics\event_option_dense15_backfill18_wf2026_fulljun_excl202605_spxw_v1,-1500.0
SPXW,20260310,202603,10:00,600,zero_dte,CALL,0.7048557840461152,0.7048557840461152,0.1603098053707098,0.5,-0.3,0.5,thr0.385_maxday1,202603,600,win_valthr_wr45_d25,research_papers\JEPA\results\_diagnostics\event_option_gate_dense15_zero_dte_win_valthr_wr45_d25_physctx_wf2026_fulljun_excl202605_spxw_v1\event_option_gate_trades.csv,44,0,6,6,18,False,primary,research_papers\JEPA\results\_diagnostics\event_option_dense15_backfill18_wf2026_fulljun_excl202605_spxw_v1,2500.0
SPXW,20260311,202603,10:00,600,zero_dte,PUT,0.6564634116296947,0.1572694596794342,0.6564634116296947,-0.3,0.5,0.5,thr0.385_maxday1,202603,600,win_valthr_wr45_d25,research_papers\JEPA\results\_diagnostics\event_option_gate_dense15_zero_dte_win_valthr_wr45_d25_physctx_wf2026_fulljun_excl202605_spxw_v1\event_option_gate_trades.csv,45,0,7,7,18,False,primary,research_papers\JEPA\results\_diagnostics\event_option_dense15_backfill18_wf2026_fulljun_excl202605_spxw_v1,2500.0
SPXW,20260312,202603,10:15,615,zero_dte,CALL,0.5874306644987902,0.5874306644987902,0.3191115524722392,-0.3,0.5,-0.3,thr0.385_maxday1,202603,615,win_valthr_wr45_d25,research_papers\JEPA\results\_diagnostics\event_option_gate_dense15_zero_dte_win_valthr_wr45_d25_physctx_wf2026_fulljun_excl202605_spxw_v1\event_option_gate_trades.csv,46,0,8,8,18,False,primary,research_papers\JEPA\results\_diagnostics\event_option_dense15_backfill18_wf2026_fulljun_excl202605_spxw_v1,-1500.0
SPXW,20260313,202603,10:00,600,zero_dte,PUT,0.6290717659733289,0.2483797549432521,0.6290717659733289,-0.3,0.5,0.5,thr0.385_maxday1,202603,600,win_valthr_wr45_d25,research_papers\JEPA\results\_diagnostics\event_option_gate_dense15_zero_dte_win_valthr_wr45_d25_physctx_wf2026_fulljun_excl202605_spxw_v1\event_option_gate_trades.csv,47,0,9,9,18,False,primary,research_papers\JEPA\results\_diagnostics\event_option_dense15_backfill18_wf2026_fulljun_excl202605_spxw_v1,2500.0
SPXW,20260316,202603,10:00,600,zero_dte,PUT,0.4045692562958928,0.286139131637534,0.4045692562958928,-0.3,0.5,0.5,thr0.385_maxday1,202603,600,win_valthr_wr45_d25,research_papers\JEPA\results\_diagnostics\event_option_gate_dense15_zero_dte_win_valthr_wr45_d25_physctx_wf2026_fulljun_excl202605_spxw_v1\event_option_gate_trades.csv,48,0,9,10,18,False,primary,research_papers\JEPA\results\_diagnostics\event_option_dense15_backfill18_wf2026_fulljun_excl202605_spxw_v1,2500.0
SPXW,20260317,202603,10:00,600,zero_dte,CALL,0.4537134621316308,0.4537134621316308,0.3371268396454659,-0.3,0.5,-0.3,thr0.385_maxday1,202603,600,win_valthr_wr45_d25,research_papers\JEPA\results\_diagnostics\event_option_gate_dense15_zero_dte_win_valthr_wr45_d25_physctx_wf2026_fulljun_excl202605_spxw_v1\event_option_gate_trades.csv,49,0,10,11,18,False,primary,research_papers\JEPA\results\_diagnostics\event_option_dense15_backfill18_wf2026_fulljun_excl202605_spxw_v1,-1500.0
SPXW,20260318,202603,10:00,600,zero_dte,PUT,0.5827684289453317,0.2601627151071013,0.5827684289453317,-0.3,0.5,0.5,thr0.385_maxday1,202603,600,win_valthr_wr45_d25,research_papers\JEPA\results\_diagnostics\event_option_gate_dense15_zero_dte_win_valthr_wr45_d25_physctx_wf2026_fulljun_excl202605_spxw_v1\event_option_gate_trades.csv,50,0,11,12,18,False,primary,research_papers\JEPA\results\_diagnostics\event_option_dense15_backfill18_wf2026_fulljun_excl202605_spxw_v1,2500.0
SPXW,20260319,202603,10:00,600,zero_dte,PUT,0.5665091996157209,0.234860590139846,0.5665091996157209,-0.3,0.5,0.5,thr0.385_maxday1,202603,600,win_valthr_wr45_d25,research_papers\JEPA\results\_diagnostics\event_option_gate_dense15_zero_dte_win_valthr_wr45_d25_physctx_wf2026_fulljun_excl202605_spxw_v1\event_option_gate_trades.csv,51,0,12,13,18,False,primary,research_papers\JEPA\results\_diagnostics\event_option_dense15_backfill18_wf2026_fulljun_excl202605_spxw_v1,2500.0
SPXW,20260320,202603,10:30,630,zero_dte,PUT,0.5167844207171769,0.2547970330850529,0.5167844207171769,-0.3,-0.3,-0.3,thr0.385_maxday1,202603,630,win_valthr_wr45_d25,research_papers\JEPA\results\_diagnostics\event_option_gate_dense15_zero_dte_win_valthr_wr45_d25_physctx_wf2026_fulljun_excl202605_spxw_v1\event_option_gate_trades.csv,52,0,13,14,18,False,primary,research_papers\JEPA\results\_diagnostics\event_option_dense15_backfill18_wf2026_fulljun_excl202605_spxw_v1,-1500.0
SPXW,20260323,202603,10:00,600,zero_dte,CALL,0.5194960371556611,0.5194960371556611,0.2196070806238487,-0.3,-0.3,-0.3,thr0.385_maxday1,202603,600,win_valthr_wr45_d25,research_papers\JEPA\results\_diagnostics\event_option_gate_dense15_zero_dte_win_valthr_wr45_d25_physctx_wf2026_fulljun_excl202605_spxw_v1\event_option_gate_trades.csv,53,0,14,15,18,False,primary,research_papers\JEPA\results\_diagnostics\event_option_dense15_backfill18_wf2026_fulljun_excl202605_spxw_v1,-1500.0
SPXW,20260324,202603,10:00,600,zero_dte,CALL,0.5205091107108645,0.5205091107108645,0.2810342908394426,0.5,-0.3,0.5,thr0.385_maxday1,202603,600,win_valthr_wr45_d25,research_papers\JEPA\results\_diagnostics\event_option_gate_dense15_zero_dte_win_valthr_wr45_d25_physctx_wf2026_fulljun_excl202605_spxw_v1\event_option_gate_trades.csv,54,0,14,16,18,False,primary,research_papers\JEPA\results\_diagnostics\event_option_dense15_backfill18_wf2026_fulljun_excl202605_spxw_v1,2500.0
SPXW,20260325,202603,10:00,600,zero_dte,CALL,0.7068415723175224,0.7068415723175224,0.1752218796652351,0.5,-0.3,0.5,thr0.385_maxday1,202603,600,win_valthr_wr45_d25,research_papers\JEPA\results\_diagnostics\event_option_gate_dense15_zero_dte_win_valthr_wr45_d25_physctx_wf2026_fulljun_excl202605_spxw_v1\event_option_gate_trades.csv,55,0,15,17,18,False,primary,research_papers\JEPA\results\_diagnostics\event_option_dense15_backfill18_wf2026_fulljun_excl202605_spxw_v1,2500.0
SPXW,20260326,202603,10:00,600,zero_dte,PUT,0.572210310464001,0.2873399787084161,0.572210310464001,-0.3,-0.3,-0.3,thr0.385_maxday1,202603,600,win_valthr_wr45_d25,research_papers\JEPA\results\_diagnostics\event_option_gate_dense15_zero_dte_win_valthr_wr45_d25_physctx_wf2026_fulljun_excl202605_spxw_v1\event_option_gate_trades.csv,56,0,16,18,18,False,primary,research_papers\JEPA\results\_diagnostics\event_option_dense15_backfill18_wf2026_fulljun_excl202605_spxw_v1,-1500.0
SPXW,20260327,202603,10:15,615,zero_dte,PUT,0.4095129304455635,0.2586024828217241,0.4095129304455635,-0.3,-0.3,-0.3,thr0.385_maxday1,202603,615,win_valthr_wr45_d25,research_papers\JEPA\results\_diagnostics\event_option_gate_dense15_zero_dte_win_valthr_wr45_d25_physctx_wf2026_fulljun_excl202605_spxw_v1\event_option_gate_trades.csv,57,0,17,19,18,False,primary,research_papers\JEPA\results\_diagnostics\event_option_dense15_backfill18_wf2026_fulljun_excl202605_spxw_v1,-1500.0
SPXW,20260330,202603,10:15,615,zero_dte,CALL,0.4113886237078,0.4113886237078,0.2814074251999712,-0.3,-0.3,-0.3,thr0.385_maxday1,202603,615,win_valthr_wr45_d25,research_papers\JEPA\results\_diagnostics\event_option_gate_dense15_zero_dte_win_valthr_wr45_d25_physctx_wf2026_fulljun_excl202605_spxw_v1\event_option_gate_trades.csv,58,0,18,20,18,False,primary,research_papers\JEPA\results\_diagnostics\event_option_dense15_backfill18_wf2026_fulljun_excl202605_spxw_v1,-1500.0
SPXW,20260331,202603,10:00,600,zero_dte,PUT,0.556373135820181,0.1420523086828732,0.556373135820181,-0.3,0.5,0.5,thr0.385_maxday1,202603,600,win_valthr_wr45_d25,research_papers\JEPA\results\_diagnostics\event_option_gate_dense15_zero_dte_win_valthr_wr45_d25_physctx_wf2026_fulljun_excl202605_spxw_v1\event_option_gate_trades.csv,59,0,18,21,18,False,primary,research_papers\JEPA\results\_diagnostics\event_option_dense15_backfill18_wf2026_fulljun_excl202605_spxw_v1,2500.0
SPXW,20260401,202604,10:00,600,zero_dte,CALL,0.4709517796624328,0.4709517796624328,0.20323414465485,-0.3,-0.3,-0.3,thr0.445_maxday1,202604,600,win_valthr_wr45_d25,research_papers\JEPA\results\_diagnostics\event_option_gate_dense15_zero_dte_win_valthr_wr45_d25_physctx_wf2026_fulljun_excl202605_spxw_v1\event_option_gate_trades.csv,60,0,1,0,18,False,primary,research_papers\JEPA\results\_diagnostics\event_option_dense15_backfill18_wf2026_fulljun_excl202605_spxw_v1,-1500.0
SPXW,20260402,202604,10:00,600,zero_dte,PUT,0.0400257035043537,-0.1763845186776438,0.0400257035043537,0.5,-0.3,-0.3,thr-999.000_maxday3,202604,600,forcedmax3_d50,research_papers\JEPA\results\_diagnostics\event_option_gate_dense15_zero_dte_return_forcedmax3_d50_physctx_wf2026_fulljun_excl202605_spxw_v1\event_option_gate_trades.csv,186,1,2,1,18,False,fallback_volume_pace,research_papers\JEPA\results\_diagnostics\event_option_dense15_backfill18_wf2026_fulljun_excl202605_spxw_v1,-1500.0
SPXW,20260402,202604,11:30,690,zero_dte,PUT,0.4464799213329219,0.3997523168938445,0.4464799213329219,-0.3,0.5,0.5,thr0.445_maxday1,202604,690,win_valthr_wr45_d25,research_papers\JEPA\results\_diagnostics\event_option_gate_dense15_zero_dte_win_valthr_wr45_d25_physctx_wf2026_fulljun_excl202605_spxw_v1\event_option_gate_trades.csv,61,0,2,2,18,False,primary,research_papers\JEPA\results\_diagnostics\event_option_dense15_backfill18_wf2026_fulljun_excl202605_spxw_v1,2500.0
SPXW,20260406,202604,10:00,600,zero_dte,PUT,-0.1465283808560364,-0.3000000119209289,-0.1465283808560364,-0.3,0.5,0.5,thr-999.000_maxday3,202604,600,forcedmax3_d50,research_papers\JEPA\results\_diagnostics\event_option_gate_dense15_zero_dte_return_forcedmax3_d50_physctx_wf2026_fulljun_excl202605_spxw_v1\event_option_gate_trades.csv,189,1,4,3,18,False,fallback_volume_pace,research_papers\JEPA\results\_diagnostics\event_option_dense15_backfill18_wf2026_fulljun_excl202605_spxw_v1,2500.0
SPXW,20260407,202604,10:00,600,zero_dte,PUT,0.4865004288093328,0.3141745682020363,0.4865004288093328,-0.3,0.5,0.5,thr0.445_maxday1,202604,600,win_valthr_wr45_d25,research_papers\JEPA\results\_diagnostics\event_option_gate_dense15_zero_dte_win_valthr_wr45_d25_physctx_wf2026_fulljun_excl202605_spxw_v1\event_option_gate_trades.csv,62,0,5,4,18,False,primary,research_papers\JEPA\results\_diagnostics\event_option_dense15_backfill18_wf2026_fulljun_excl202605_spxw_v1,2500.0
SPXW,20260408,202604,10:15,615,zero_dte,PUT,0.4866713253390105,0.3213695838466106,0.4866713253390105,-0.3,0.5,0.5,thr0.445_maxday1,202604,615,win_valthr_wr45_d25,research_papers\JEPA\results\_diagnostics\event_option_gate_dense15_zero_dte_win_valthr_wr45_d25_physctx_wf2026_fulljun_excl202605_spxw_v1\event_option_gate_trades.csv,63,0,5,5,18,False,primary,research_papers\JEPA\results\_diagnostics\event_option_dense15_backfill18_wf2026_fulljun_excl202605_spxw_v1,2500.0
SPXW,20260409,202604,13:00,780,zero_dte,PUT,0.4513163403875723,0.2847593419144045,0.4513163403875723,0.5,-0.3,-0.3,thr0.445_maxday1,202604,780,win_valthr_wr45_d25,research_papers\JEPA\results\_diagnostics\event_option_gate_dense15_zero_dte_win_valthr_wr45_d25_physctx_wf2026_fulljun_excl202605_spxw_v1\event_option_gate_trades.csv,64,0,6,6,18,False,primary,research_papers\JEPA\results\_diagnostics\event_option_dense15_backfill18_wf2026_fulljun_excl202605_spxw_v1,-1500.0
SPXW,20260410,202604,10:00,600,zero_dte,CALL,0.4985265657681239,0.4985265657681239,0.2247802966023065,0.5,-0.3,0.5,thr0.445_maxday1,202604,600,win_valthr_wr45_d25,research_papers\JEPA\results\_diagnostics\event_option_gate_dense15_zero_dte_win_valthr_wr45_d25_physctx_wf2026_fulljun_excl202605_spxw_v1\event_option_gate_trades.csv,65,0,7,7,18,False,primary,research_papers\JEPA\results\_diagnostics\event_option_dense15_backfill18_wf2026_fulljun_excl202605_spxw_v1,2500.0
SPXW,20260413,202604,10:00,600,zero_dte,PUT,0.6754247305122407,0.1141746105261042,0.6754247305122407,-0.3,0.5,0.5,thr0.445_maxday1,202604,600,win_valthr_wr45_d25,research_papers\JEPA\results\_diagnostics\event_option_gate_dense15_zero_dte_win_valthr_wr45_d25_physctx_wf2026_fulljun_excl202605_spxw_v1\event_option_gate_trades.csv,66,0,8,8,18,False,primary,research_papers\JEPA\results\_diagnostics\event_option_dense15_backfill18_wf2026_fulljun_excl202605_spxw_v1,2500.0
SPXW,20260414,202604,10:00,600,zero_dte,CALL,0.5302269022471457,0.5302269022471457,0.3096866519889937,0.5,-0.3,0.5,thr0.445_maxday1,202604,600,win_valthr_wr45_d25,research_papers\JEPA\results\_diagnostics\event_option_gate_dense15_zero_dte_win_valthr_wr45_d25_physctx_wf2026_fulljun_excl202605_spxw_v1\event_option_gate_trades.csv,67,0,9,9,18,False,primary,research_papers\JEPA\results\_diagnostics\event_option_dense15_backfill18_wf2026_fulljun_excl202605_spxw_v1,2500.0
SPXW,20260416,202604,11:15,675,zero_dte,PUT,0.4905076421861706,0.2679120964351631,0.4905076421861706,-0.3,0.5,0.5,thr0.445_maxday1,202604,675,win_valthr_wr45_d25,research_papers\JEPA\results\_diagnostics\event_option_gate_dense15_zero_dte_win_valthr_wr45_d25_physctx_wf2026_fulljun_excl202605_spxw_v1\event_option_gate_trades.csv,68,0,10,10,18,False,primary,research_papers\JEPA\results\_diagnostics\event_option_dense15_backfill18_wf2026_fulljun_excl202605_spxw_v1,2500.0
SPXW,20260417,202604,10:15,615,zero_dte,PUT,0.4570407226520825,0.190573368824842,0.4570407226520825,0.5,-0.3,-0.3,thr0.445_maxday1,202604,615,win_valthr_wr45_d25,research_papers\JEPA\results\_diagnostics\event_option_gate_dense15_zero_dte_win_valthr_wr45_d25_physctx_wf2026_fulljun_excl202605_spxw_v1\event_option_gate_trades.csv,69,0,11,11,18,False,primary,research_papers\JEPA\results\_diagnostics\event_option_dense15_backfill18_wf2026_fulljun_excl202605_spxw_v1,-1500.0
SPXW,20260420,202604,10:00,600,zero_dte,PUT,0.6028379988322075,0.1407924333221071,0.6028379988322075,-0.3,0.5,0.5,thr0.445_maxday1,202604,600,win_valthr_wr45_d25,research_papers\JEPA\results\_diagnostics\event_option_gate_dense15_zero_dte_win_valthr_wr45_d25_physctx_wf2026_fulljun_excl202605_spxw_v1\event_option_gate_trades.csv,70,0,12,12,18,False,primary,research_papers\JEPA\results\_diagnostics\event_option_dense15_backfill18_wf2026_fulljun_excl202605_spxw_v1,2500.0
SPXW,20260421,202604,10:15,615,zero_dte,PUT,0.5376854276966133,0.2103511291582525,0.5376854276966133,-0.3,0.5,0.5,thr0.445_maxday1,202604,615,win_valthr_wr45_d25,research_papers\JEPA\results\_diagnostics\event_option_gate_dense15_zero_dte_win_valthr_wr45_d25_physctx_wf2026_fulljun_excl202605_spxw_v1\event_option_gate_trades.csv,71,0,13,13,18,False,primary,research_papers\JEPA\results\_diagnostics\event_option_dense15_backfill18_wf2026_fulljun_excl202605_spxw_v1,2500.0
SPXW,20260422,202604,10:30,630,zero_dte,PUT,0.4985225529690356,0.2322810345845219,0.4985225529690356,-0.3,-0.3,-0.3,thr0.445_maxday1,202604,630,win_valthr_wr45_d25,research_papers\JEPA\results\_diagnostics\event_option_gate_dense15_zero_dte_win_valthr_wr45_d25_physctx_wf2026_fulljun_excl202605_spxw_v1\event_option_gate_trades.csv,72,0,14,14,18,False,primary,research_papers\JEPA\results\_diagnostics\event_option_dense15_backfill18_wf2026_fulljun_excl202605_spxw_v1,-1500.0
SPXW,20260423,202604,10:00,600,zero_dte,CALL,0.6265676499215639,0.6265676499215639,0.18409172737264,0.5,-0.3,0.5,thr0.445_maxday1,202604,600,win_valthr_wr45_d25,research_papers\JEPA\results\_diagnostics\event_option_gate_dense15_zero_dte_win_valthr_wr45_d25_physctx_wf2026_fulljun_excl202605_spxw_v1\event_option_gate_trades.csv,73,0,14,15,18,False,primary,research_papers\JEPA\results\_diagnostics\event_option_dense15_backfill18_wf2026_fulljun_excl202605_spxw_v1,2500.0
SPXW,20260424,202604,10:00,600,zero_dte,CALL,0.4737210126964507,0.4737210126964507,0.2147707265325154,0.5,-0.3,0.5,thr0.445_maxday1,202604,600,win_valthr_wr45_d25,research_papers\JEPA\results\_diagnostics\event_option_gate_dense15_zero_dte_win_valthr_wr45_d25_physctx_wf2026_fulljun_excl202605_spxw_v1\event_option_gate_trades.csv,74,0,15,16,18,False,primary,research_papers\JEPA\results\_diagnostics\event_option_dense15_backfill18_wf2026_fulljun_excl202605_spxw_v1,2500.0
SPXW,20260427,202604,10:00,600,zero_dte,PUT,0.5882429592281017,0.1763197369911949,0.5882429592281017,-0.3,-0.3,-0.3,thr0.445_maxday1,202604,600,win_valthr_wr45_d25,research_papers\JEPA\results\_diagnostics\event_option_gate_dense15_zero_dte_win_valthr_wr45_d25_physctx_wf2026_fulljun_excl202605_spxw_v1\event_option_gate_trades.csv,75,0,16,17,18,False,primary,research_papers\JEPA\results\_diagnostics\event_option_dense15_backfill18_wf2026_fulljun_excl202605_spxw_v1,-1500.0
SPXW,20260429,202604,10:15,615,zero_dte,PUT,0.446801100163559,0.2878389694815773,0.446801100163559,0.5,-0.3,-0.3,thr0.445_maxday1,202604,615,win_valthr_wr45_d25,research_papers\JEPA\results\_diagnostics\event_option_gate_dense15_zero_dte_win_valthr_wr45_d25_physctx_wf2026_fulljun_excl202605_spxw_v1\event_option_gate_trades.csv,76,0,18,18,18,False,primary,research_papers\JEPA\results\_diagnostics\event_option_dense15_backfill18_wf2026_fulljun_excl202605_spxw_v1,-1500.0
SPXW,20260430,202604,10:15,615,zero_dte,PUT,0.4474969523377268,0.2514270697487215,0.4474969523377268,0.5,0.5,0.5,thr0.445_maxday1,202604,615,win_valthr_wr45_d25,research_papers\JEPA\results\_diagnostics\event_option_gate_dense15_zero_dte_win_valthr_wr45_d25_physctx_wf2026_fulljun_excl202605_spxw_v1\event_option_gate_trades.csv,77,0,18,19,18,False,primary,research_papers\JEPA\results\_diagnostics\event_option_dense15_backfill18_wf2026_fulljun_excl202605_spxw_v1,2500.0
SPXW,20260601,202606,10:00,600,zero_dte,CALL,-0.3000000119209289,-0.3000000119209289,-0.3000000119209289,-0.3,-0.3,-0.3,thr-999.000_maxday3,202606,600,forcedmax3_d50,research_papers\JEPA\results\_diagnostics\event_option_gate_dense15_zero_dte_return_forcedmax3_d50_physctx_wf2026_fulljun_excl202605_spxw_v1\event_option_gate_trades.csv,246,1,1,0,18,False,fallback_volume_pace,research_papers\JEPA\results\_diagnostics\event_option_dense15_backfill18_wf2026_fulljun_excl202605_spxw_v1,-1500.0
SPXW,20260601,202606,14:15,855,zero_dte,CALL,0.4604268930113898,0.4604268930113898,0.2433067808880105,0.5,-0.3,0.5,thr0.448_maxday3,202606,855,win_valthr_wr45_d25,research_papers\JEPA\results\_diagnostics\event_option_gate_dense15_zero_dte_win_valthr_wr45_d25_physctx_wf2026_fulljun_excl202605_spxw_v1\event_option_gate_trades.csv,78,0,1,1,18,False,primary,research_papers\JEPA\results\_diagnostics\event_option_dense15_backfill18_wf2026_fulljun_excl202605_spxw_v1,2500.0
SPXW,20260603,202606,10:00,600,zero_dte,CALL,-0.3000000119209289,-0.3000000119209289,-0.3000000119209289,-0.3,-0.3,-0.3,thr-999.000_maxday3,202606,600,forcedmax3_d50,research_papers\JEPA\results\_diagnostics\event_option_gate_dense15_zero_dte_return_forcedmax3_d50_physctx_wf2026_fulljun_excl202605_spxw_v1\event_option_gate_trades.csv,252,1,3,2,18,False,fallback_volume_pace,research_papers\JEPA\results\_diagnostics\event_option_dense15_backfill18_wf2026_fulljun_excl202605_spxw_v1,-1500.0
SPXW,20260603,202606,10:45,645,zero_dte,PUT,0.5057520420688315,0.2692915623238139,0.5057520420688315,-0.3,-0.3,-0.3,thr0.448_maxday3,202606,645,win_valthr_wr45_d25,research_papers\JEPA\results\_diagnostics\event_option_gate_dense15_zero_dte_win_valthr_wr45_d25_physctx_wf2026_fulljun_excl202605_spxw_v1\event_option_gate_trades.csv,80,0,3,3,18,False,primary,research_papers\JEPA\results\_diagnostics\event_option_dense15_backfill18_wf2026_fulljun_excl202605_spxw_v1,-1500.0
SPXW,20260603,202606,11:15,675,zero_dte,PUT,0.555927952384479,0.2825959197111273,0.555927952384479,-0.3,0.5,0.5,thr0.448_maxday3,202606,675,win_valthr_wr45_d25,research_papers\JEPA\results\_diagnostics\event_option_gate_dense15_zero_dte_win_valthr_wr45_d25_physctx_wf2026_fulljun_excl202605_spxw_v1\event_option_gate_trades.csv,81,0,3,4,18,False,primary,research_papers\JEPA\results\_diagnostics\event_option_dense15_backfill18_wf2026_fulljun_excl202605_spxw_v1,2500.0
SPXW,20260604,202606,10:30,630,zero_dte,PUT,0.448917047911872,0.2526405779508232,0.448917047911872,0.5,-0.3,-0.3,thr0.448_maxday3,202606,630,win_valthr_wr45_d25,research_papers\JEPA\results\_diagnostics\event_option_gate_dense15_zero_dte_win_valthr_wr45_d25_physctx_wf2026_fulljun_excl202605_spxw_v1\event_option_gate_trades.csv,82,0,4,5,18,False,primary,research_papers\JEPA\results\_diagnostics\event_option_dense15_backfill18_wf2026_fulljun_excl202605_spxw_v1,-1500.0
SPXW,20260604,202606,11:00,660,zero_dte,PUT,0.453547811895341,0.3073143798024215,0.453547811895341,0.5,-0.3,-0.3,thr0.448_maxday3,202606,660,win_valthr_wr45_d25,research_papers\JEPA\results\_diagnostics\event_option_gate_dense15_zero_dte_win_valthr_wr45_d25_physctx_wf2026_fulljun_excl202605_spxw_v1\event_option_gate_trades.csv,83,0,4,6,18,False,primary,research_papers\JEPA\results\_diagnostics\event_option_dense15_backfill18_wf2026_fulljun_excl202605_spxw_v1,-1500.0
SPXW,20260604,202606,12:30,750,zero_dte,PUT,0.4873393666979123,0.2996327324408193,0.4873393666979123,0.5,-0.3,-0.3,thr0.448_maxday3,202606,750,win_valthr_wr45_d25,research_papers\JEPA\results\_diagnostics\event_option_gate_dense15_zero_dte_win_valthr_wr45_d25_physctx_wf2026_fulljun_excl202605_spxw_v1\event_option_gate_trades.csv,84,0,4,7,18,False,primary,research_papers\JEPA\results\_diagnostics\event_option_dense15_backfill18_wf2026_fulljun_excl202605_spxw_v1,-1500.0
SPXW,20260605,202606,10:00,600,zero_dte,CALL,0.4606489346409387,0.4606489346409387,0.1594437612595937,0.5,-0.3,0.5,thr0.448_maxday3,202606,600,win_valthr_wr45_d25,research_papers\JEPA\results\_diagnostics\event_option_gate_dense15_zero_dte_win_valthr_wr45_d25_physctx_wf2026_fulljun_excl202605_spxw_v1\event_option_gate_trades.csv,85,0,5,8,18,False,primary,research_papers\JEPA\results\_diagnostics\event_option_dense15_backfill18_wf2026_fulljun_excl202605_spxw_v1,2500.0
SPXW,20260605,202606,10:30,630,zero_dte,PUT,0.5545507782484684,0.2668026873962263,0.5545507782484684,-0.3,-0.3,-0.3,thr0.448_maxday3,202606,630,win_valthr_wr45_d25,research_papers\JEPA\results\_diagnostics\event_option_gate_dense15_zero_dte_win_valthr_wr45_d25_physctx_wf2026_fulljun_excl202605_spxw_v1\event_option_gate_trades.csv,86,0,5,9,18,False,primary,research_papers\JEPA\results\_diagnostics\event_option_dense15_backfill18_wf2026_fulljun_excl202605_spxw_v1,-1500.0
SPXW,20260605,202606,11:00,660,zero_dte,PUT,0.572150151473098,0.2305387115874899,0.572150151473098,-0.3,0.5,0.5,thr0.448_maxday3,202606,660,win_valthr_wr45_d25,research_papers\JEPA\results\_diagnostics\event_option_gate_dense15_zero_dte_win_valthr_wr45_d25_physctx_wf2026_fulljun_excl202605_spxw_v1\event_option_gate_trades.csv,87,0,5,10,18,False,primary,research_papers\JEPA\results\_diagnostics\event_option_dense15_backfill18_wf2026_fulljun_excl202605_spxw_v1,2500.0
SPXW,20260608,202606,10:00,600,zero_dte,CALL,0.5955931964230068,0.5955931964230068,0.1773704452352565,0.5,-0.3,0.5,thr0.448_maxday3,202606,600,win_valthr_wr45_d25,research_papers\JEPA\results\_diagnostics\event_option_gate_dense15_zero_dte_win_valthr_wr45_d25_physctx_wf2026_fulljun_excl202605_spxw_v1\event_option_gate_trades.csv,88,0,5,11,18,False,primary,research_papers\JEPA\results\_diagnostics\event_option_dense15_backfill18_wf2026_fulljun_excl202605_spxw_v1,2500.0
SPXW,20260608,202606,11:00,660,zero_dte,PUT,0.5455894950351138,0.3452982697342432,0.5455894950351138,-0.3,0.5,0.5,thr0.448_maxday3,202606,660,win_valthr_wr45_d25,research_papers\JEPA\results\_diagnostics\event_option_gate_dense15_zero_dte_win_valthr_wr45_d25_physctx_wf2026_fulljun_excl202605_spxw_v1\event_option_gate_trades.csv,89,0,5,12,18,False,primary,research_papers\JEPA\results\_diagnostics\event_option_dense15_backfill18_wf2026_fulljun_excl202605_spxw_v1,2500.0
SPXW,20260608,202606,13:30,810,zero_dte,PUT,0.4806749064120429,0.3541414760443887,0.4806749064120429,-0.3,0.5,0.5,thr0.448_maxday3,202606,810,win_valthr_wr45_d25,research_papers\JEPA\results\_diagnostics\event_option_gate_dense15_zero_dte_win_valthr_wr45_d25_physctx_wf2026_fulljun_excl202605_spxw_v1\event_option_gate_trades.csv,90,0,5,13,18,False,primary,research_papers\JEPA\results\_diagnostics\event_option_dense15_backfill18_wf2026_fulljun_excl202605_spxw_v1,2500.0
SPXW,20260609,202606,10:00,600,zero_dte,PUT,0.7305110743877766,0.2425440433791306,0.7305110743877766,-0.3,-0.3,-0.3,thr0.448_maxday3,202606,600,win_valthr_wr45_d25,research_papers\JEPA\results\_diagnostics\event_option_gate_dense15_zero_dte_win_valthr_wr45_d25_physctx_wf2026_fulljun_excl202605_spxw_v1\event_option_gate_trades.csv,91,0,6,14,18,False,primary,research_papers\JEPA\results\_diagnostics\event_option_dense15_backfill18_wf2026_fulljun_excl202605_spxw_v1,-1500.0
SPXW,20260609,202606,12:00,720,zero_dte,PUT,0.4762483034393044,0.2189393871584574,0.4762483034393044,-0.3,0.5,0.5,thr0.448_maxday3,202606,720,win_valthr_wr45_d25,research_papers\JEPA\results\_diagnostics\event_option_gate_dense15_zero_dte_win_valthr_wr45_d25_physctx_wf2026_fulljun_excl202605_spxw_v1\event_option_gate_trades.csv,92,0,6,15,18,False,primary,research_papers\JEPA\results\_diagnostics\event_option_dense15_backfill18_wf2026_fulljun_excl202605_spxw_v1,2500.0
SPXW,20260609,202606,12:45,765,zero_dte,PUT,0.4856716805849035,0.2260649509801606,0.4856716805849035,-0.3,0.5,0.5,thr0.448_maxday3,202606,765,win_valthr_wr45_d25,research_papers\JEPA\results\_diagnostics\event_option_gate_dense15_zero_dte_win_valthr_wr45_d25_physctx_wf2026_fulljun_excl202605_spxw_v1\event_option_gate_trades.csv,93,0,6,16,18,False,primary,research_papers\JEPA\results\_diagnostics\event_option_dense15_backfill18_wf2026_fulljun_excl202605_spxw_v1,2500.0
SPXW,20260610,202606,10:00,600,zero_dte,PUT,0.6308676318801881,0.2995853656873899,0.6308676318801881,0.5,-0.3,-0.3,thr0.448_maxday3,202606,600,win_valthr_wr45_d25,research_papers\JEPA\results\_diagnostics\event_option_gate_dense15_zero_dte_win_valthr_wr45_d25_physctx_wf2026_fulljun_excl202605_spxw_v1\event_option_gate_trades.csv,94,0,7,17,18,False,primary,research_papers\JEPA\results\_diagnostics\event_option_dense15_backfill18_wf2026_fulljun_excl202605_spxw_v1,-1500.0
SPXW,20260610,202606,13:00,780,zero_dte,PUT,0.4730763972258677,0.3657279331558688,0.4730763972258677,-0.3,0.5,0.5,thr0.448_maxday3,202606,780,win_valthr_wr45_d25,research_papers\JEPA\results\_diagnostics\event_option_gate_dense15_zero_dte_win_valthr_wr45_d25_physctx_wf2026_fulljun_excl202605_spxw_v1\event_option_gate_trades.csv,95,0,7,18,18,False,primary,research_papers\JEPA\results\_diagnostics\event_option_dense15_backfill18_wf2026_fulljun_excl202605_spxw_v1,2500.0
SPXW,20260610,202606,14:00,840,zero_dte,PUT,0.4813485833978087,0.3109527304635194,0.4813485833978087,-0.3,-0.3,-0.3,thr0.448_maxday3,202606,840,win_valthr_wr45_d25,research_papers\JEPA\results\_diagnostics\event_option_gate_dense15_zero_dte_win_valthr_wr45_d25_physctx_wf2026_fulljun_excl202605_spxw_v1\event_option_gate_trades.csv,96,0,7,19,18,False,primary,research_papers\JEPA\results\_diagnostics\event_option_dense15_backfill18_wf2026_fulljun_excl202605_spxw_v1,-1500.0
SPXW,20260611,202606,10:00,600,zero_dte,PUT,0.4790234769391732,0.1762935936452839,0.4790234769391732,-0.3,0.5,0.5,thr0.448_maxday3,202606,600,win_valthr_wr45_d25,research_papers\JEPA\results\_diagnostics\event_option_gate_dense15_zero_dte_win_valthr_wr45_d25_physctx_wf2026_fulljun_excl202605_spxw_v1\event_option_gate_trades.csv,97,0,8,20,18,False,primary,research_papers\JEPA\results\_diagnostics\event_option_dense15_backfill18_wf2026_fulljun_excl202605_spxw_v1,2500.0
SPXW,20260611,202606,12:00,720,zero_dte,PUT,0.4491115903803382,0.2877708408947942,0.4491115903803382,-0.3,-0.3,-0.3,thr0.448_maxday3,202606,720,win_valthr_wr45_d25,research_papers\JEPA\results\_diagnostics\event_option_gate_dense15_zero_dte_win_valthr_wr45_d25_physctx_wf2026_fulljun_excl202605_spxw_v1\event_option_gate_trades.csv,98,0,8,21,18,False,primary,research_papers\JEPA\results\_diagnostics\event_option_dense15_backfill18_wf2026_fulljun_excl202605_spxw_v1,-1500.0
SPXW,20260612,202606,10:15,615,zero_dte,PUT,0.4740999578169784,0.2342796239384849,0.4740999578169784,-0.3,0.5,0.5,thr0.448_maxday3,202606,615,win_valthr_wr45_d25,research_papers\JEPA\results\_diagnostics\event_option_gate_dense15_zero_dte_win_valthr_wr45_d25_physctx_wf2026_fulljun_excl202605_spxw_v1\event_option_gate_trades.csv,99,0,9,22,18,False,primary,research_papers\JEPA\results\_diagnostics\event_option_dense15_backfill18_wf2026_fulljun_excl202605_spxw_v1,2500.0
SPXW,20260612,202606,10:45,645,zero_dte,PUT,0.5397176580666165,0.2923560750598937,0.5397176580666165,0.5,-0.3,-0.3,thr0.448_maxday3,202606,645,win_valthr_wr45_d25,research_papers\JEPA\results\_diagnostics\event_option_gate_dense15_zero_dte_win_valthr_wr45_d25_physctx_wf2026_fulljun_excl202605_spxw_v1\event_option_gate_trades.csv,100,0,9,23,18,False,primary,research_papers\JEPA\results\_diagnostics\event_option_dense15_backfill18_wf2026_fulljun_excl202605_spxw_v1,-1500.0
SPXW,20260612,202606,12:00,720,zero_dte,PUT,0.4928127269110832,0.2479191666581278,0.4928127269110832,0.5,-0.3,-0.3,thr0.448_maxday3,202606,720,win_valthr_wr45_d25,research_papers\JEPA\results\_diagnostics\event_option_gate_dense15_zero_dte_win_valthr_wr45_d25_physctx_wf2026_fulljun_excl202605_spxw_v1\event_option_gate_trades.csv,101,0,9,24,18,False,primary,research_papers\JEPA\results\_diagnostics\event_option_dense15_backfill18_wf2026_fulljun_excl202605_spxw_v1,-1500.0
SPXW,20260615,202606,10:15,615,zero_dte,PUT,0.4790348248900968,0.3241838359510909,0.4790348248900968,0.5,-0.3,-0.3,thr0.448_maxday3,202606,615,win_valthr_wr45_d25,research_papers\JEPA\results\_diagnostics\event_option_gate_dense15_zero_dte_win_valthr_wr45_d25_physctx_wf2026_fulljun_excl202605_spxw_v1\event_option_gate_trades.csv,102,0,9,25,18,False,primary,research_papers\JEPA\results\_diagnostics\event_option_dense15_backfill18_wf2026_fulljun_excl202605_spxw_v1,-1500.0
SPXW,20260616,202606,10:00,600,zero_dte,PUT,0.6817462379933873,0.2923438878868182,0.6817462379933873,-0.3,-0.3,-0.3,thr0.448_maxday3,202606,600,win_valthr_wr45_d25,research_papers\JEPA\results\_diagnostics\event_option_gate_dense15_zero_dte_win_valthr_wr45_d25_physctx_wf2026_fulljun_excl202605_spxw_v1\event_option_gate_trades.csv,103,0,10,26,18,False,primary,research_papers\JEPA\results\_diagnostics\event_option_dense15_backfill18_wf2026_fulljun_excl202605_spxw_v1,-1500.0
SPXW,20260616,202606,10:30,630,zero_dte,PUT,0.4910520081269258,0.3605304541969175,0.4910520081269258,0.5,-0.3,-0.3,thr0.448_maxday3,202606,630,win_valthr_wr45_d25,research_papers\JEPA\results\_diagnostics\event_option_gate_dense15_zero_dte_win_valthr_wr45_d25_physctx_wf2026_fulljun_excl202605_spxw_v1\event_option_gate_trades.csv,104,0,10,27,18,False,primary,research_papers\JEPA\results\_diagnostics\event_option_dense15_backfill18_wf2026_fulljun_excl202605_spxw_v1,-1500.0
SPXW,20260616,202606,11:45,705,zero_dte,PUT,0.4556693627443615,0.349899550825843,0.4556693627443615,0.5,-0.3,-0.3,thr0.448_maxday3,202606,705,win_valthr_wr45_d25,research_papers\JEPA\results\_diagnostics\event_option_gate_dense15_zero_dte_win_valthr_wr45_d25_physctx_wf2026_fulljun_excl202605_spxw_v1\event_option_gate_trades.csv,105,0,10,28,18,False,primary,research_papers\JEPA\results\_diagnostics\event_option_dense15_backfill18_wf2026_fulljun_excl202605_spxw_v1,-1500.0
SPXW,20260617,202606,10:00,600,zero_dte,CALL,0.5657234869980238,0.5657234869980238,0.1889309367798367,0.5,-0.3,0.5,thr0.448_maxday3,202606,600,win_valthr_wr45_d25,research_papers\JEPA\results\_diagnostics\event_option_gate_dense15_zero_dte_win_valthr_wr45_d25_physctx_wf2026_fulljun_excl202605_spxw_v1\event_option_gate_trades.csv,106,0,11,29,18,False,primary,research_papers\JEPA\results\_diagnostics\event_option_dense15_backfill18_wf2026_fulljun_excl202605_spxw_v1,2500.0
SPXW,20260618,202606,10:45,645,zero_dte,PUT,0.4547718431873536,0.3469886914380947,0.4547718431873536,-0.3,-0.3,-0.3,thr0.448_maxday3,202606,645,win_valthr_wr45_d25,research_papers\JEPA\results\_diagnostics\event_option_gate_dense15_zero_dte_win_valthr_wr45_d25_physctx_wf2026_fulljun_excl202605_spxw_v1\event_option_gate_trades.csv,107,0,12,30,18,False,primary,research_papers\JEPA\results\_diagnostics\event_option_dense15_backfill18_wf2026_fulljun_excl202605_spxw_v1,-1500.0
SPXW,20260622,202606,10:00,600,zero_dte,PUT,0.616285521579721,0.1546063204499492,0.616285521579721,-0.3,-0.3,-0.3,thr0.448_maxday3,202606,600,win_valthr_wr45_d25,research_papers\JEPA\results\_diagnostics\event_option_gate_dense15_zero_dte_win_valthr_wr45_d25_physctx_wf2026_fulljun_excl202605_spxw_v1\event_option_gate_trades.csv,108,0,14,31,18,False,primary,research_papers\JEPA\results\_diagnostics\event_option_dense15_backfill18_wf2026_fulljun_excl202605_spxw_v1,-1500.0
SPXW,20260622,202606,10:30,630,zero_dte,PUT,0.5025183558951837,0.3375295544282399,0.5025183558951837,-0.3,0.5,0.5,thr0.448_maxday3,202606,630,win_valthr_wr45_d25,research_papers\JEPA\results\_diagnostics\event_option_gate_dense15_zero_dte_win_valthr_wr45_d25_physctx_wf2026_fulljun_excl202605_spxw_v1\event_option_gate_trades.csv,109,0,14,32,18,False,primary,research_papers\JEPA\results\_diagnostics\event_option_dense15_backfill18_wf2026_fulljun_excl202605_spxw_v1,2500.0
SPXW,20260622,202606,11:45,705,zero_dte,PUT,0.4771001224392025,0.2751223726535263,0.4771001224392025,-0.3,0.5,0.5,thr0.448_maxday3,202606,705,win_valthr_wr45_d25,research_papers\JEPA\results\_diagnostics\event_option_gate_dense15_zero_dte_win_valthr_wr45_d25_physctx_wf2026_fulljun_excl202605_spxw_v1\event_option_gate_trades.csv,110,0,14,33,18,False,primary,research_papers\JEPA\results\_diagnostics\event_option_dense15_backfill18_wf2026_fulljun_excl202605_spxw_v1,2500.0
SPXW,20260623,202606,10:30,630,zero_dte,PUT,0.4930446943221556,0.3367902967214837,0.4930446943221556,-0.3,0.5,0.5,thr0.448_maxday3,202606,630,win_valthr_wr45_d25,research_papers\JEPA\results\_diagnostics\event_option_gate_dense15_zero_dte_win_valthr_wr45_d25_physctx_wf2026_fulljun_excl202605_spxw_v1\event_option_gate_trades.csv,111,0,14,34,18,False,primary,research_papers\JEPA\results\_diagnostics\event_option_dense15_backfill18_wf2026_fulljun_excl202605_spxw_v1,2500.0
SPXW,20260623,202606,11:00,660,zero_dte,PUT,0.4637767536982396,0.2835831141490523,0.4637767536982396,-0.3,0.5,0.5,thr0.448_maxday3,202606,660,win_valthr_wr45_d25,research_papers\JEPA\results\_diagnostics\event_option_gate_dense15_zero_dte_win_valthr_wr45_d25_physctx_wf2026_fulljun_excl202605_spxw_v1\event_option_gate_trades.csv,112,0,14,35,18,False,primary,research_papers\JEPA\results\_diagnostics\event_option_dense15_backfill18_wf2026_fulljun_excl202605_spxw_v1,2500.0
SPXW,20260623,202606,11:45,705,zero_dte,PUT,0.465485709147859,0.3240655233755412,0.465485709147859,0.5,-0.3,-0.3,thr0.448_maxday3,202606,705,win_valthr_wr45_d25,research_papers\JEPA\results\_diagnostics\event_option_gate_dense15_zero_dte_win_valthr_wr45_d25_physctx_wf2026_fulljun_excl202605_spxw_v1\event_option_gate_trades.csv,113,0,14,36,18,False,primary,research_papers\JEPA\results\_diagnostics\event_option_dense15_backfill18_wf2026_fulljun_excl202605_spxw_v1,-1500.0
SPXW,20260624,202606,10:00,600,zero_dte,CALL,0.5226652151661869,0.5226652151661869,0.3739236339155345,-0.3,-0.3,-0.3,thr0.448_maxday3,202606,600,win_valthr_wr45_d25,research_papers\JEPA\results\_diagnostics\event_option_gate_dense15_zero_dte_win_valthr_wr45_d25_physctx_wf2026_fulljun_excl202605_spxw_v1\event_option_gate_trades.csv,114,0,15,37,18,False,primary,research_papers\JEPA\results\_diagnostics\event_option_dense15_backfill18_wf2026_fulljun_excl202605_spxw_v1,-1500.0
SPXW,20260624,202606,10:30,630,zero_dte,PUT,0.5056747917314752,0.2951213724170307,0.5056747917314752,-0.3,-0.3,-0.3,thr0.448_maxday3,202606,630,win_valthr_wr45_d25,research_papers\JEPA\results\_diagnostics\event_option_gate_dense15_zero_dte_win_valthr_wr45_d25_physctx_wf2026_fulljun_excl202605_spxw_v1\event_option_gate_trades.csv,115,0,15,38,18,False,primary,research_papers\JEPA\results\_diagnostics\event_option_dense15_backfill18_wf2026_fulljun_excl202605_spxw_v1,-1500.0
SPXW,20260624,202606,11:45,705,zero_dte,PUT,0.5230578990289066,0.2973684514987681,0.5230578990289066,0.5,-0.3,-0.3,thr0.448_maxday3,202606,705,win_valthr_wr45_d25,research_papers\JEPA\results\_diagnostics\event_option_gate_dense15_zero_dte_win_valthr_wr45_d25_physctx_wf2026_fulljun_excl202605_spxw_v1\event_option_gate_trades.csv,116,0,15,39,18,False,primary,research_papers\JEPA\results\_diagnostics\event_option_dense15_backfill18_wf2026_fulljun_excl202605_spxw_v1,-1500.0
SPXW,20260625,202606,10:15,615,zero_dte,PUT,0.4585676796825686,0.3768910679787081,0.4585676796825686,0.5,-0.3,-0.3,thr0.448_maxday3,202606,615,win_valthr_wr45_d25,research_papers\JEPA\results\_diagnostics\event_option_gate_dense15_zero_dte_win_valthr_wr45_d25_physctx_wf2026_fulljun_excl202605_spxw_v1\event_option_gate_trades.csv,117,0,16,40,18,False,primary,research_papers\JEPA\results\_diagnostics\event_option_dense15_backfill18_wf2026_fulljun_excl202605_spxw_v1,-1500.0
SPXW,20260625,202606,10:45,645,zero_dte,PUT,0.4717827796743435,0.3665910896749594,0.4717827796743435,0.5,-0.3,-0.3,thr0.448_maxday3,202606,645,win_valthr_wr45_d25,research_papers\JEPA\results\_diagnostics\event_option_gate_dense15_zero_dte_win_valthr_wr45_d25_physctx_wf2026_fulljun_excl202605_spxw_v1\event_option_gate_trades.csv,118,0,16,41,18,False,primary,research_papers\JEPA\results\_diagnostics\event_option_dense15_backfill18_wf2026_fulljun_excl202605_spxw_v1,-1500.0
SPXW,20260625,202606,12:00,720,zero_dte,PUT,0.5098092548439297,0.2585749831653597,0.5098092548439297,0.5,-0.3,-0.3,thr0.448_maxday3,202606,720,win_valthr_wr45_d25,research_papers\JEPA\results\_diagnostics\event_option_gate_dense15_zero_dte_win_valthr_wr45_d25_physctx_wf2026_fulljun_excl202605_spxw_v1\event_option_gate_trades.csv,119,0,16,42,18,False,primary,research_papers\JEPA\results\_diagnostics\event_option_dense15_backfill18_wf2026_fulljun_excl202605_spxw_v1,-1500.0
SPXW,20260626,202606,10:45,645,zero_dte,PUT,0.4588878577057045,0.3077849269945328,0.4588878577057045,-0.3,-0.3,-0.3,thr0.448_maxday3,202606,645,win_valthr_wr45_d25,research_papers\JEPA\results\_diagnostics\event_option_gate_dense15_zero_dte_win_valthr_wr45_d25_physctx_wf2026_fulljun_excl202605_spxw_v1\event_option_gate_trades.csv,120,0,17,43,18,False,primary,research_papers\JEPA\results\_diagnostics\event_option_dense15_backfill18_wf2026_fulljun_excl202605_spxw_v1,-1500.0
SPXW,20260626,202606,11:15,675,zero_dte,PUT,0.5407301644718815,0.3347628171293745,0.5407301644718815,0.5,-0.3,-0.3,thr0.448_maxday3,202606,675,win_valthr_wr45_d25,research_papers\JEPA\results\_diagnostics\event_option_gate_dense15_zero_dte_win_valthr_wr45_d25_physctx_wf2026_fulljun_excl202605_spxw_v1\event_option_gate_trades.csv,121,0,17,44,18,False,primary,research_papers\JEPA\results\_diagnostics\event_option_dense15_backfill18_wf2026_fulljun_excl202605_spxw_v1,-1500.0
SPXW,20260626,202606,13:30,810,zero_dte,PUT,0.475541804961198,0.2769889095748979,0.475541804961198,-0.3,0.5,0.5,thr0.448_maxday3,202606,810,win_valthr_wr45_d25,research_papers\JEPA\results\_diagnostics\event_option_gate_dense15_zero_dte_win_valthr_wr45_d25_physctx_wf2026_fulljun_excl202605_spxw_v1\event_option_gate_trades.csv,122,0,17,45,18,False,primary,research_papers\JEPA\results\_diagnostics\event_option_dense15_backfill18_wf2026_fulljun_excl202605_spxw_v1,2500.0
SPXW,20260629,202606,10:00,600,zero_dte,PUT,0.5654400243687112,0.3110996078934707,0.5654400243687112,-0.3,0.5,0.5,thr0.448_maxday3,202606,600,win_valthr_wr45_d25,research_papers\JEPA\results\_diagnostics\event_option_gate_dense15_zero_dte_win_valthr_wr45_d25_physctx_wf2026_fulljun_excl202605_spxw_v1\event_option_gate_trades.csv,123,0,18,46,18,False,primary,research_papers\JEPA\results\_diagnostics\event_option_dense15_backfill18_wf2026_fulljun_excl202605_spxw_v1,2500.0
SPXW,20260630,202606,10:00,600,zero_dte,CALL,0.470043696747164,0.470043696747164,0.419048607333399,0.5,-0.3,0.5,thr0.448_maxday3,202606,600,win_valthr_wr45_d25,research_papers\JEPA\results\_diagnostics\event_option_gate_dense15_zero_dte_win_valthr_wr45_d25_physctx_wf2026_fulljun_excl202605_spxw_v1\event_option_gate_trades.csv,124,0,18,47,18,False,primary,research_papers\JEPA\results\_diagnostics\event_option_dense15_backfill18_wf2026_fulljun_excl202605_spxw_v1,2500.0
SPXW,20260630,202606,10:45,645,zero_dte,PUT,0.4993990228238766,0.3734680166037985,0.4993990228238766,-0.3,0.5,0.5,thr0.448_maxday3,202606,645,win_valthr_wr45_d25,research_papers\JEPA\results\_diagnostics\event_option_gate_dense15_zero_dte_win_valthr_wr45_d25_physctx_wf2026_fulljun_excl202605_spxw_v1\event_option_gate_trades.csv,125,0,18,48,18,False,primary,research_papers\JEPA\results\_diagnostics\event_option_dense15_backfill18_wf2026_fulljun_excl202605_spxw_v1,2500.0
SPY,20260102,202601,10:00,600,zero_dte,PUT,0.6860588802294576,0.1817103029689686,0.6860588802294576,-0.3,0.5,0.5,thr0.393_maxday1,202601,600,win_valthr_strict_d25,research_papers\JEPA\results\_diagnostics\event_option_gate_dense15_zero_dte_win_valthr_strict_d25_physctx_wf2026_fulljun_excl202605_spy_v1\event_option_gate_trades.csv,0,0,2,0,18,False,primary,research_papers\JEPA\results\_diagnostics\event_option_dense15_backfill18_wf2026_fulljun_excl202605_spy_v1,2500.0
SPY,20260102,202601,10:30,630,zero_dte,PUT,-0.1547606190931826,-0.3000000119209289,-0.1547606190931826,0.5,-0.3,-0.3,thr-999.000_maxday3,202601,630,forcedmax3_d50,research_papers\JEPA\results\_diagnostics\event_option_gate_dense15_zero_dte_return_forcedmax3_d50_physctx_wf2026_fulljun_excl202605_spy_v1\event_option_gate_trades.csv,1,1,2,1,18,False,fallback_volume_pace,research_papers\JEPA\results\_diagnostics\event_option_dense15_backfill18_wf2026_fulljun_excl202605_spy_v1,-1500.0
SPY,20260105,202601,10:00,600,zero_dte,PUT,-0.1567080551386644,-0.3000000119209289,-0.1567080551386644,0.5,-0.3,-0.3,thr-999.000_maxday3,202601,600,forcedmax3_d50,research_papers\JEPA\results\_diagnostics\event_option_gate_dense15_zero_dte_return_forcedmax3_d50_physctx_wf2026_fulljun_excl202605_spy_v1\event_option_gate_trades.csv,3,1,3,2,18,False,fallback_volume_pace,research_papers\JEPA\results\_diagnostics\event_option_dense15_backfill18_wf2026_fulljun_excl202605_spy_v1,-1500.0
SPY,20260105,202601,12:45,765,zero_dte,PUT,0.4025187408671281,0.3201193643152038,0.4025187408671281,0.5,-0.3,-0.3,thr0.393_maxday1,202601,765,win_valthr_strict_d25,research_papers\JEPA\results\_diagnostics\event_option_gate_dense15_zero_dte_win_valthr_strict_d25_physctx_wf2026_fulljun_excl202605_spy_v1\event_option_gate_trades.csv,1,0,3,3,18,False,primary,research_papers\JEPA\results\_diagnostics\event_option_dense15_backfill18_wf2026_fulljun_excl202605_spy_v1,-1500.0
SPY,20260106,202601,11:00,660,zero_dte,PUT,0.4103078637396233,0.322904607488186,0.4103078637396233,-0.3,0.5,0.5,thr0.393_maxday1,202601,660,win_valthr_strict_d25,research_papers\JEPA\results\_diagnostics\event_option_gate_dense15_zero_dte_win_valthr_strict_d25_physctx_wf2026_fulljun_excl202605_spy_v1\event_option_gate_trades.csv,2,0,4,4,18,False,primary,research_papers\JEPA\results\_diagnostics\event_option_dense15_backfill18_wf2026_fulljun_excl202605_spy_v1,2500.0
SPY,20260107,202601,11:00,660,zero_dte,PUT,0.3951715880620648,0.2970228230167862,0.3951715880620648,-0.3,-0.3,-0.3,thr0.393_maxday1,202601,660,win_valthr_strict_d25,research_papers\JEPA\results\_diagnostics\event_option_gate_dense15_zero_dte_win_valthr_strict_d25_physctx_wf2026_fulljun_excl202605_spy_v1\event_option_gate_trades.csv,3,0,5,5,18,False,primary,research_papers\JEPA\results\_diagnostics\event_option_dense15_backfill18_wf2026_fulljun_excl202605_spy_v1,-1500.0
SPY,20260108,202601,10:15,615,zero_dte,PUT,0.4002539434557666,0.2438228694424362,0.4002539434557666,-0.3,0.5,0.5,thr0.393_maxday1,202601,615,win_valthr_strict_d25,research_papers\JEPA\results\_diagnostics\event_option_gate_dense15_zero_dte_win_valthr_strict_d25_physctx_wf2026_fulljun_excl202605_spy_v1\event_option_gate_trades.csv,4,0,5,6,18,False,primary,research_papers\JEPA\results\_diagnostics\event_option_dense15_backfill18_wf2026_fulljun_excl202605_spy_v1,2500.0
SPY,20260109,202601,10:00,600,zero_dte,CALL,0.3929769004782197,0.3929769004782197,0.2868313144863537,-0.3,-0.3,-0.3,thr0.393_maxday1,202601,600,win_valthr_strict_d25,research_papers\JEPA\results\_diagnostics\event_option_gate_dense15_zero_dte_win_valthr_strict_d25_physctx_wf2026_fulljun_excl202605_spy_v1\event_option_gate_trades.csv,5,0,6,7,18,False,primary,research_papers\JEPA\results\_diagnostics\event_option_dense15_backfill18_wf2026_fulljun_excl202605_spy_v1,-1500.0
SPY,20260112,202601,10:00,600,zero_dte,PUT,0.6247896946834106,0.172715401290941,0.6247896946834106,-0.3,-0.3,-0.3,thr0.393_maxday1,202601,600,win_valthr_strict_d25,research_papers\JEPA\results\_diagnostics\event_option_gate_dense15_zero_dte_win_valthr_strict_d25_physctx_wf2026_fulljun_excl202605_spy_v1\event_option_gate_trades.csv,6,0,7,8,18,False,primary,research_papers\JEPA\results\_diagnostics\event_option_dense15_backfill18_wf2026_fulljun_excl202605_spy_v1,-1500.0
SPY,20260113,202601,10:00,600,zero_dte,PUT,0.6529472979405375,0.3004487449700139,0.6529472979405375,-0.3,0.5,0.5,thr0.393_maxday1,202601,600,win_valthr_strict_d25,research_papers\JEPA\results\_diagnostics\event_option_gate_dense15_zero_dte_win_valthr_strict_d25_physctx_wf2026_fulljun_excl202605_spy_v1\event_option_gate_trades.csv,7,0,8,9,18,False,primary,research_papers\JEPA\results\_diagnostics\event_option_dense15_backfill18_wf2026_fulljun_excl202605_spy_v1,2500.0
SPY,20260114,202601,10:00,600,zero_dte,CALL,0.4198625532688507,0.4198625532688507,0.176377451754175,0.5,-0.3,0.5,thr0.393_maxday1,202601,600,win_valthr_strict_d25,research_papers\JEPA\results\_diagnostics\event_option_gate_dense15_zero_dte_win_valthr_strict_d25_physctx_wf2026_fulljun_excl202605_spy_v1\event_option_gate_trades.csv,8,0,9,10,18,False,primary,research_papers\JEPA\results\_diagnostics\event_option_dense15_backfill18_wf2026_fulljun_excl202605_spy_v1,2500.0
SPY,20260115,202601,14:15,855,zero_dte,PUT,0.4129311711380372,0.2826072838139006,0.4129311711380372,-0.3,-0.3,-0.3,thr0.393_maxday1,202601,855,win_valthr_strict_d25,research_papers\JEPA\results\_diagnostics\event_option_gate_dense15_zero_dte_win_valthr_strict_d25_physctx_wf2026_fulljun_excl202605_spy_v1\event_option_gate_trades.csv,9,0,9,11,18,False,primary,research_papers\JEPA\results\_diagnostics\event_option_dense15_backfill18_wf2026_fulljun_excl202605_spy_v1,-1500.0
SPY,20260116,202601,10:00,600,zero_dte,CALL,0.4904581764584961,0.4904581764584961,0.2289431505283436,-0.3,-0.3,-0.3,thr0.393_maxday1,202601,600,win_valthr_strict_d25,research_papers\JEPA\results\_diagnostics\event_option_gate_dense15_zero_dte_win_valthr_strict_d25_physctx_wf2026_fulljun_excl202605_spy_v1\event_option_gate_trades.csv,10,0,10,12,18,False,primary,research_papers\JEPA\results\_diagnostics\event_option_dense15_backfill18_wf2026_fulljun_excl202605_spy_v1,-1500.0
SPY,20260120,202601,10:00,600,zero_dte,CALL,0.5341597441057067,0.5341597441057067,0.1906747514036277,-0.3,-0.3,-0.3,thr0.393_maxday1,202601,600,win_valthr_strict_d25,research_papers\JEPA\results\_diagnostics\event_option_gate_dense15_zero_dte_win_valthr_strict_d25_physctx_wf2026_fulljun_excl202605_spy_v1\event_option_gate_trades.csv,11,0,12,13,18,False,primary,research_papers\JEPA\results\_diagnostics\event_option_dense15_backfill18_wf2026_fulljun_excl202605_spy_v1,-1500.0
SPY,20260121,202601,10:00,600,zero_dte,PUT,0.5285454589113856,0.2145809649600427,0.5285454589113856,-0.3,-0.3,-0.3,thr0.393_maxday1,202601,600,win_valthr_strict_d25,research_papers\JEPA\results\_diagnostics\event_option_gate_dense15_zero_dte_win_valthr_strict_d25_physctx_wf2026_fulljun_excl202605_spy_v1\event_option_gate_trades.csv,12,0,13,14,18,False,primary,research_papers\JEPA\results\_diagnostics\event_option_dense15_backfill18_wf2026_fulljun_excl202605_spy_v1,-1500.0
SPY,20260122,202601,10:00,600,zero_dte,CALL,0.5266238318246403,0.5266238318246403,0.196143496653556,0.5,-0.3,0.5,thr0.393_maxday1,202601,600,win_valthr_strict_d25,research_papers\JEPA\results\_diagnostics\event_option_gate_dense15_zero_dte_win_valthr_strict_d25_physctx_wf2026_fulljun_excl202605_spy_v1\event_option_gate_trades.csv,13,0,14,15,18,False,primary,research_papers\JEPA\results\_diagnostics\event_option_dense15_backfill18_wf2026_fulljun_excl202605_spy_v1,2500.0
SPY,20260123,202601,10:30,630,zero_dte,PUT,0.5093724583239074,0.2410307196872827,0.5093724583239074,0.5,-0.3,-0.3,thr0.393_maxday1,202601,630,win_valthr_strict_d25,research_papers\JEPA\results\_diagnostics\event_option_gate_dense15_zero_dte_win_valthr_strict_d25_physctx_wf2026_fulljun_excl202605_spy_v1\event_option_gate_trades.csv,14,0,14,16,18,False,primary,research_papers\JEPA\results\_diagnostics\event_option_dense15_backfill18_wf2026_fulljun_excl202605_spy_v1,-1500.0
SPY,20260126,202601,10:30,630,zero_dte,PUT,0.4016027058654226,0.3466867420052649,0.4016027058654226,0.5,-0.3,-0.3,thr0.393_maxday1,202601,630,win_valthr_strict_d25,research_papers\JEPA\results\_diagnostics\event_option_gate_dense15_zero_dte_win_valthr_strict_d25_physctx_wf2026_fulljun_excl202605_spy_v1\event_option_gate_trades.csv,15,0,15,17,18,False,primary,research_papers\JEPA\results\_diagnostics\event_option_dense15_backfill18_wf2026_fulljun_excl202605_spy_v1,-1500.0
SPY,20260127,202601,10:00,600,zero_dte,PUT,0.6228119324024681,0.1719041109199618,0.6228119324024681,-0.3,-0.3,-0.3,thr0.393_maxday1,202601,600,win_valthr_strict_d25,research_papers\JEPA\results\_diagnostics\event_option_gate_dense15_zero_dte_win_valthr_strict_d25_physctx_wf2026_fulljun_excl202605_spy_v1\event_option_gate_trades.csv,16,0,16,18,18,False,primary,research_papers\JEPA\results\_diagnostics\event_option_dense15_backfill18_wf2026_fulljun_excl202605_spy_v1,-1500.0
SPY,20260128,202601,10:00,600,zero_dte,PUT,0.4988678907529308,0.2313425768166012,0.4988678907529308,-0.3,0.5,0.5,thr0.393_maxday1,202601,600,win_valthr_strict_d25,research_papers\JEPA\results\_diagnostics\event_option_gate_dense15_zero_dte_win_valthr_strict_d25_physctx_wf2026_fulljun_excl202605_spy_v1\event_option_gate_trades.csv,17,0,17,19,18,False,primary,research_papers\JEPA\results\_diagnostics\event_option_dense15_backfill18_wf2026_fulljun_excl202605_spy_v1,2500.0
SPY,20260129,202601,10:30,630,zero_dte,PUT,0.4076879996930633,0.3757691553181172,0.4076879996930633,-0.3,0.5,0.5,thr0.393_maxday1,202601,630,win_valthr_strict_d25,research_papers\JEPA\results\_diagnostics\event_option_gate_dense15_zero_dte_win_valthr_strict_d25_physctx_wf2026_fulljun_excl202605_spy_v1\event_option_gate_trades.csv,18,0,18,20,18,False,primary,research_papers\JEPA\results\_diagnostics\event_option_dense15_backfill18_wf2026_fulljun_excl202605_spy_v1,2500.0
SPY,20260130,202601,10:15,615,zero_dte,PUT,0.4630061429477835,0.272415682636382,0.4630061429477835,-0.3,0.5,0.5,thr0.393_maxday1,202601,615,win_valthr_strict_d25,research_papers\JEPA\results\_diagnostics\event_option_gate_dense15_zero_dte_win_valthr_strict_d25_physctx_wf2026_fulljun_excl202605_spy_v1\event_option_gate_trades.csv,19,0,18,21,18,False,primary,research_papers\JEPA\results\_diagnostics\event_option_dense15_backfill18_wf2026_fulljun_excl202605_spy_v1,2500.0
SPY,20260202,202602,10:00,600,zero_dte,PUT,0.4189087062558915,0.326249284542095,0.4189087062558915,0.5,-0.3,-0.3,thr-999.000_maxday1,202602,600,win_valthr_strict_d25,research_papers\JEPA\results\_diagnostics\event_option_gate_dense15_zero_dte_win_valthr_strict_d25_physctx_wf2026_fulljun_excl202605_spy_v1\event_option_gate_trades.csv,20,0,1,0,18,False,primary,research_papers\JEPA\results\_diagnostics\event_option_dense15_backfill18_wf2026_fulljun_excl202605_spy_v1,-1500.0
SPY,20260203,202602,10:00,600,zero_dte,PUT,0.6556205270864836,0.1821306394759292,0.6556205270864836,-0.3,0.5,0.5,thr-999.000_maxday1,202602,600,win_valthr_strict_d25,research_papers\JEPA\results\_diagnostics\event_option_gate_dense15_zero_dte_win_valthr_strict_d25_physctx_wf2026_fulljun_excl202605_spy_v1\event_option_gate_trades.csv,21,0,2,1,18,False,primary,research_papers\JEPA\results\_diagnostics\event_option_dense15_backfill18_wf2026_fulljun_excl202605_spy_v1,2500.0
SPY,20260204,202602,10:00,600,zero_dte,CALL,0.3948548094855484,0.3948548094855484,0.2722222315919405,0.5,-0.3,0.5,thr-999.000_maxday1,202602,600,win_valthr_strict_d25,research_papers\JEPA\results\_diagnostics\event_option_gate_dense15_zero_dte_win_valthr_strict_d25_physctx_wf2026_fulljun_excl202605_spy_v1\event_option_gate_trades.csv,22,0,3,2,18,False,primary,research_papers\JEPA\results\_diagnostics\event_option_dense15_backfill18_wf2026_fulljun_excl202605_spy_v1,2500.0
SPY,20260205,202602,10:00,600,zero_dte,PUT,0.6272869625948223,0.2018925117252708,0.6272869625948223,-0.3,0.5,0.5,thr-999.000_maxday1,202602,600,win_valthr_strict_d25,research_papers\JEPA\results\_diagnostics\event_option_gate_dense15_zero_dte_win_valthr_strict_d25_physctx_wf2026_fulljun_excl202605_spy_v1\event_option_gate_trades.csv,23,0,4,3,18,False,primary,research_papers\JEPA\results\_diagnostics\event_option_dense15_backfill18_wf2026_fulljun_excl202605_spy_v1,2500.0
SPY,20260206,202602,10:00,600,zero_dte,PUT,0.6138314309725702,0.1881113947362358,0.6138314309725702,-0.3,0.5,0.5,thr-999.000_maxday1,202602,600,win_valthr_strict_d25,research_papers\JEPA\results\_diagnostics\event_option_gate_dense15_zero_dte_win_valthr_strict_d25_physctx_wf2026_fulljun_excl202605_spy_v1\event_option_gate_trades.csv,24,0,5,4,18,False,primary,research_papers\JEPA\results\_diagnostics\event_option_dense15_backfill18_wf2026_fulljun_excl202605_spy_v1,2500.0
SPY,20260209,202602,10:00,600,zero_dte,PUT,0.3118527696471336,0.2756024687272036,0.3118527696471336,0.5,-0.3,-0.3,thr-999.000_maxday1,202602,600,win_valthr_strict_d25,research_papers\JEPA\results\_diagnostics\event_option_gate_dense15_zero_dte_win_valthr_strict_d25_physctx_wf2026_fulljun_excl202605_spy_v1\event_option_gate_trades.csv,25,0,6,5,18,False,primary,research_papers\JEPA\results\_diagnostics\event_option_dense15_backfill18_wf2026_fulljun_excl202605_spy_v1,-1500.0
SPY,20260210,202602,10:00,600,zero_dte,PUT,0.4670909727750478,0.14852504146559,0.4670909727750478,0.5,-0.3,-0.3,thr-999.000_maxday1,202602,600,win_valthr_strict_d25,research_papers\JEPA\results\_diagnostics\event_option_gate_dense15_zero_dte_win_valthr_strict_d25_physctx_wf2026_fulljun_excl202605_spy_v1\event_option_gate_trades.csv,26,0,7,6,18,False,primary,research_papers\JEPA\results\_diagnostics\event_option_dense15_backfill18_wf2026_fulljun_excl202605_spy_v1,-1500.0
SPY,20260211,202602,10:00,600,zero_dte,PUT,0.7836784965875636,0.1637070506203546,0.7836784965875636,-0.3,0.5,0.5,thr-999.000_maxday1,202602,600,win_valthr_strict_d25,research_papers\JEPA\results\_diagnostics\event_option_gate_dense15_zero_dte_win_valthr_strict_d25_physctx_wf2026_fulljun_excl202605_spy_v1\event_option_gate_trades.csv,27,0,8,7,18,False,primary,research_papers\JEPA\results\_diagnostics\event_option_dense15_backfill18_wf2026_fulljun_excl202605_spy_v1,2500.0
SPY,20260212,202602,10:00,600,zero_dte,CALL,0.3861477226291424,0.3861477226291424,0.248162701848577,0.5,-0.3,0.5,thr-999.000_maxday1,202602,600,win_valthr_strict_d25,research_papers\JEPA\results\_diagnostics\event_option_gate_dense15_zero_dte_win_valthr_strict_d25_physctx_wf2026_fulljun_excl202605_spy_v1\event_option_gate_trades.csv,28,0,9,8,18,False,primary,research_papers\JEPA\results\_diagnostics\event_option_dense15_backfill18_wf2026_fulljun_excl202605_spy_v1,2500.0
SPY,20260213,202602,10:00,600,zero_dte,PUT,0.7238708439925753,0.1582572084055266,0.7238708439925753,0.5,-0.3,-0.3,thr-999.000_maxday1,202602,600,win_valthr_strict_d25,research_papers\JEPA\results\_diagnostics\event_option_gate_dense15_zero_dte_win_valthr_strict_d25_physctx_wf2026_fulljun_excl202605_spy_v1\event_option_gate_trades.csv,29,0,9,9,18,False,primary,research_papers\JEPA\results\_diagnostics\event_option_dense15_backfill18_wf2026_fulljun_excl202605_spy_v1,-1500.0
SPY,20260217,202602,10:00,600,zero_dte,CALL,0.4549600240402415,0.4549600240402415,0.2414799643656367,0.5,-0.3,0.5,thr-999.000_maxday1,202602,600,win_valthr_strict_d25,research_papers\JEPA\results\_diagnostics\event_option_gate_dense15_zero_dte_win_valthr_strict_d25_physctx_wf2026_fulljun_excl202605_spy_v1\event_option_gate_trades.csv,30,0,11,10,18,False,primary,research_papers\JEPA\results\_diagnostics\event_option_dense15_backfill18_wf2026_fulljun_excl202605_spy_v1,2500.0
SPY,20260218,202602,10:00,600,zero_dte,CALL,0.3766214697461853,0.3766214697461853,0.3165697436286802,0.5,-0.3,0.5,thr-999.000_maxday1,202602,600,win_valthr_strict_d25,research_papers\JEPA\results\_diagnostics\event_option_gate_dense15_zero_dte_win_valthr_strict_d25_physctx_wf2026_fulljun_excl202605_spy_v1\event_option_gate_trades.csv,31,0,12,11,18,False,primary,research_papers\JEPA\results\_diagnostics\event_option_dense15_backfill18_wf2026_fulljun_excl202605_spy_v1,2500.0
SPY,20260219,202602,10:00,600,zero_dte,PUT,0.4839132945382614,0.2752422615575701,0.4839132945382614,0.5,-0.3,-0.3,thr-999.000_maxday1,202602,600,win_valthr_strict_d25,research_papers\JEPA\results\_diagnostics\event_option_gate_dense15_zero_dte_win_valthr_strict_d25_physctx_wf2026_fulljun_excl202605_spy_v1\event_option_gate_trades.csv,32,0,13,12,18,False,primary,research_papers\JEPA\results\_diagnostics\event_option_dense15_backfill18_wf2026_fulljun_excl202605_spy_v1,-1500.0
SPY,20260220,202602,10:00,600,zero_dte,PUT,0.3770814767078169,0.3321534665671145,0.3770814767078169,0.5,-0.3,-0.3,thr-999.000_maxday1,202602,600,win_valthr_strict_d25,research_papers\JEPA\results\_diagnostics\event_option_gate_dense15_zero_dte_win_valthr_strict_d25_physctx_wf2026_fulljun_excl202605_spy_v1\event_option_gate_trades.csv,33,0,14,13,18,False,primary,research_papers\JEPA\results\_diagnostics\event_option_dense15_backfill18_wf2026_fulljun_excl202605_spy_v1,-1500.0
SPY,20260223,202602,10:00,600,zero_dte,PUT,0.468408515704436,0.2046527674611654,0.468408515704436,-0.3,0.5,0.5,thr-999.000_maxday1,202602,600,win_valthr_strict_d25,research_papers\JEPA\results\_diagnostics\event_option_gate_dense15_zero_dte_win_valthr_strict_d25_physctx_wf2026_fulljun_excl202605_spy_v1\event_option_gate_trades.csv,34,0,15,14,18,False,primary,research_papers\JEPA\results\_diagnostics\event_option_dense15_backfill18_wf2026_fulljun_excl202605_spy_v1,2500.0
SPY,20260224,202602,10:00,600,zero_dte,PUT,0.5163961153060025,0.2853617229002011,0.5163961153060025,0.5,-0.3,-0.3,thr-999.000_maxday1,202602,600,win_valthr_strict_d25,research_papers\JEPA\results\_diagnostics\event_option_gate_dense15_zero_dte_win_valthr_strict_d25_physctx_wf2026_fulljun_excl202605_spy_v1\event_option_gate_trades.csv,35,0,16,15,18,False,primary,research_papers\JEPA\results\_diagnostics\event_option_dense15_backfill18_wf2026_fulljun_excl202605_spy_v1,-1500.0
SPY,20260225,202602,10:00,600,zero_dte,PUT,0.4282834097624589,0.1357848772441233,0.4282834097624589,-0.3,-0.3,-0.3,thr-999.000_maxday1,202602,600,win_valthr_strict_d25,research_papers\JEPA\results\_diagnostics\event_option_gate_dense15_zero_dte_win_valthr_strict_d25_physctx_wf2026_fulljun_excl202605_spy_v1\event_option_gate_trades.csv,36,0,17,16,18,False,primary,research_papers\JEPA\results\_diagnostics\event_option_dense15_backfill18_wf2026_fulljun_excl202605_spy_v1,-1500.0
SPY,20260226,202602,10:00,600,zero_dte,PUT,0.7735594567796221,0.1845721560066716,0.7735594567796221,-0.3,0.5,0.5,thr-999.000_maxday1,202602,600,win_valthr_strict_d25,research_papers\JEPA\results\_diagnostics\event_option_gate_dense15_zero_dte_win_valthr_strict_d25_physctx_wf2026_fulljun_excl202605_spy_v1\event_option_gate_trades.csv,37,0,18,17,18,False,primary,research_papers\JEPA\results\_diagnostics\event_option_dense15_backfill18_wf2026_fulljun_excl202605_spy_v1,2500.0
SPY,20260227,202602,10:00,600,zero_dte,PUT,0.3694321039024035,0.3067881221072021,0.3694321039024035,0.5,-0.3,-0.3,thr-999.000_maxday1,202602,600,win_valthr_strict_d25,research_papers\JEPA\results\_diagnostics\event_option_gate_dense15_zero_dte_win_valthr_strict_d25_physctx_wf2026_fulljun_excl202605_spy_v1\event_option_gate_trades.csv,38,0,18,18,18,False,primary,research_papers\JEPA\results\_diagnostics\event_option_dense15_backfill18_wf2026_fulljun_excl202605_spy_v1,-1500.0
SPY,20260302,202603,10:00,600,zero_dte,CALL,0.4578982327476095,0.4578982327476095,0.3950375383728389,0.5,-0.3,0.5,thr0.457_maxday1,202603,600,win_valthr_strict_d25,research_papers\JEPA\results\_diagnostics\event_option_gate_dense15_zero_dte_win_valthr_strict_d25_physctx_wf2026_fulljun_excl202605_spy_v1\event_option_gate_trades.csv,39,0,1,0,18,False,primary,research_papers\JEPA\results\_diagnostics\event_option_dense15_backfill18_wf2026_fulljun_excl202605_spy_v1,2500.0
SPY,20260303,202603,10:00,600,zero_dte,PUT,0.6616821983441289,0.2763851061589319,0.6616821983441289,-0.3,0.5,0.5,thr0.457_maxday1,202603,600,win_valthr_strict_d25,research_papers\JEPA\results\_diagnostics\event_option_gate_dense15_zero_dte_win_valthr_strict_d25_physctx_wf2026_fulljun_excl202605_spy_v1\event_option_gate_trades.csv,40,0,2,1,18,False,primary,research_papers\JEPA\results\_diagnostics\event_option_dense15_backfill18_wf2026_fulljun_excl202605_spy_v1,2500.0
SPY,20260304,202603,10:00,600,zero_dte,CALL,0.4995231046728612,0.4995231046728612,0.3437672528125572,-0.3,-0.3,-0.3,thr0.457_maxday1,202603,600,win_valthr_strict_d25,research_papers\JEPA\results\_diagnostics\event_option_gate_dense15_zero_dte_win_valthr_strict_d25_physctx_wf2026_fulljun_excl202605_spy_v1\event_option_gate_trades.csv,41,0,3,2,18,False,primary,research_papers\JEPA\results\_diagnostics\event_option_dense15_backfill18_wf2026_fulljun_excl202605_spy_v1,-1500.0
SPY,20260305,202603,10:00,600,zero_dte,PUT,0.6083423043260215,0.1692455260653452,0.6083423043260215,-0.3,0.5,0.5,thr0.457_maxday1,202603,600,win_valthr_strict_d25,research_papers\JEPA\results\_diagnostics\event_option_gate_dense15_zero_dte_win_valthr_strict_d25_physctx_wf2026_fulljun_excl202605_spy_v1\event_option_gate_trades.csv,42,0,4,3,18,False,primary,research_papers\JEPA\results\_diagnostics\event_option_dense15_backfill18_wf2026_fulljun_excl202605_spy_v1,2500.0
SPY,20260306,202603,10:00,600,zero_dte,PUT,0.4866564805303578,0.2789682461060071,0.4866564805303578,0.5,-0.3,-0.3,thr0.457_maxday1,202603,600,win_valthr_strict_d25,research_papers\JEPA\results\_diagnostics\event_option_gate_dense15_zero_dte_win_valthr_strict_d25_physctx_wf2026_fulljun_excl202605_spy_v1\event_option_gate_trades.csv,43,0,5,4,18,False,primary,research_papers\JEPA\results\_diagnostics\event_option_dense15_backfill18_wf2026_fulljun_excl202605_spy_v1,-1500.0
SPY,20260309,202603,10:15,615,zero_dte,CALL,0.4848506018520923,0.4848506018520923,0.2850653503247275,0.5,-0.3,0.5,thr0.457_maxday1,202603,615,win_valthr_strict_d25,research_papers\JEPA\results\_diagnostics\event_option_gate_dense15_zero_dte_win_valthr_strict_d25_physctx_wf2026_fulljun_excl202605_spy_v1\event_option_gate_trades.csv,44,0,5,5,18,False,primary,research_papers\JEPA\results\_diagnostics\event_option_dense15_backfill18_wf2026_fulljun_excl202605_spy_v1,2500.0
SPY,20260310,202603,10:00,600,zero_dte,CALL,0.6861402209951438,0.6861402209951438,0.1555724250791066,0.5,-0.3,0.5,thr0.457_maxday1,202603,600,win_valthr_strict_d25,research_papers\JEPA\results\_diagnostics\event_option_gate_dense15_zero_dte_win_valthr_strict_d25_physctx_wf2026_fulljun_excl202605_spy_v1\event_option_gate_trades.csv,45,0,6,6,18,False,primary,research_papers\JEPA\results\_diagnostics\event_option_dense15_backfill18_wf2026_fulljun_excl202605_spy_v1,2500.0
SPY,20260311,202603,10:00,600,zero_dte,PUT,0.6773382769810625,0.1543619357290684,0.6773382769810625,-0.3,0.5,0.5,thr0.457_maxday1,202603,600,win_valthr_strict_d25,research_papers\JEPA\results\_diagnostics\event_option_gate_dense15_zero_dte_win_valthr_strict_d25_physctx_wf2026_fulljun_excl202605_spy_v1\event_option_gate_trades.csv,46,0,7,7,18,False,primary,research_papers\JEPA\results\_diagnostics\event_option_dense15_backfill18_wf2026_fulljun_excl202605_spy_v1,2500.0
SPY,20260312,202603,10:30,630,zero_dte,CALL,0.4713491185046985,0.4713491185046985,0.230450303244516,0.5,-0.3,0.5,thr0.457_maxday1,202603,630,win_valthr_strict_d25,research_papers\JEPA\results\_diagnostics\event_option_gate_dense15_zero_dte_win_valthr_strict_d25_physctx_wf2026_fulljun_excl202605_spy_v1\event_option_gate_trades.csv,47,0,8,8,18,False,primary,research_papers\JEPA\results\_diagnostics\event_option_dense15_backfill18_wf2026_fulljun_excl202605_spy_v1,2500.0
SPY,20260313,202603,10:00,600,zero_dte,PUT,0.5986782677188693,0.2274287287381447,0.5986782677188693,-0.3,0.5,0.5,thr0.457_maxday1,202603,600,win_valthr_strict_d25,research_papers\JEPA\results\_diagnostics\event_option_gate_dense15_zero_dte_win_valthr_strict_d25_physctx_wf2026_fulljun_excl202605_spy_v1\event_option_gate_trades.csv,48,0,9,9,18,False,primary,research_papers\JEPA\results\_diagnostics\event_option_dense15_backfill18_wf2026_fulljun_excl202605_spy_v1,2500.0
SPY,20260316,202603,10:15,615,zero_dte,PUT,0.5496608681147918,0.2694281519097458,0.5496608681147918,-0.3,0.5,0.5,thr0.457_maxday1,202603,615,win_valthr_strict_d25,research_papers\JEPA\results\_diagnostics\event_option_gate_dense15_zero_dte_win_valthr_strict_d25_physctx_wf2026_fulljun_excl202605_spy_v1\event_option_gate_trades.csv,49,0,9,10,18,False,primary,research_papers\JEPA\results\_diagnostics\event_option_dense15_backfill18_wf2026_fulljun_excl202605_spy_v1,2500.0
SPY,20260317,202603,10:15,615,zero_dte,CALL,0.4729726970133027,0.4729726970133027,0.2907404682830384,-0.3,-0.3,-0.3,thr0.457_maxday1,202603,615,win_valthr_strict_d25,research_papers\JEPA\results\_diagnostics\event_option_gate_dense15_zero_dte_win_valthr_strict_d25_physctx_wf2026_fulljun_excl202605_spy_v1\event_option_gate_trades.csv,50,0,10,11,18,False,primary,research_papers\JEPA\results\_diagnostics\event_option_dense15_backfill18_wf2026_fulljun_excl202605_spy_v1,-1500.0
SPY,20260318,202603,10:15,615,zero_dte,PUT,0.4926147499423878,0.4206410974111013,0.4926147499423878,-0.3,0.5,0.5,thr0.457_maxday1,202603,615,win_valthr_strict_d25,research_papers\JEPA\results\_diagnostics\event_option_gate_dense15_zero_dte_win_valthr_strict_d25_physctx_wf2026_fulljun_excl202605_spy_v1\event_option_gate_trades.csv,51,0,11,12,18,False,primary,research_papers\JEPA\results\_diagnostics\event_option_dense15_backfill18_wf2026_fulljun_excl202605_spy_v1,2500.0
SPY,20260319,202603,10:00,600,zero_dte,PUT,0.5450166207796628,0.2763462849225526,0.5450166207796628,-0.3,0.5,0.5,thr0.457_maxday1,202603,600,win_valthr_strict_d25,research_papers\JEPA\results\_diagnostics\event_option_gate_dense15_zero_dte_win_valthr_strict_d25_physctx_wf2026_fulljun_excl202605_spy_v1\event_option_gate_trades.csv,52,0,12,13,18,False,primary,research_papers\JEPA\results\_diagnostics\event_option_dense15_backfill18_wf2026_fulljun_excl202605_spy_v1,2500.0
SPY,20260320,202603,10:30,630,zero_dte,PUT,0.540805862954964,0.2207749499711329,0.540805862954964,-0.3,-0.3,-0.3,thr0.457_maxday1,202603,630,win_valthr_strict_d25,research_papers\JEPA\results\_diagnostics\event_option_gate_dense15_zero_dte_win_valthr_strict_d25_physctx_wf2026_fulljun_excl202605_spy_v1\event_option_gate_trades.csv,53,0,13,14,18,False,primary,research_papers\JEPA\results\_diagnostics\event_option_dense15_backfill18_wf2026_fulljun_excl202605_spy_v1,-1500.0
SPY,20260323,202603,10:00,600,zero_dte,CALL,0.5220326333038368,0.5220326333038368,0.2276345551786902,-0.3,-0.3,-0.3,thr0.457_maxday1,202603,600,win_valthr_strict_d25,research_papers\JEPA\results\_diagnostics\event_option_gate_dense15_zero_dte_win_valthr_strict_d25_physctx_wf2026_fulljun_excl202605_spy_v1\event_option_gate_trades.csv,54,0,14,15,18,False,primary,research_papers\JEPA\results\_diagnostics\event_option_dense15_backfill18_wf2026_fulljun_excl202605_spy_v1,-1500.0
SPY,20260324,202603,10:00,600,zero_dte,CALL,0.4966533501179889,0.4966533501179889,0.2862053809061523,0.5,-0.3,0.5,thr0.457_maxday1,202603,600,win_valthr_strict_d25,research_papers\JEPA\results\_diagnostics\event_option_gate_dense15_zero_dte_win_valthr_strict_d25_physctx_wf2026_fulljun_excl202605_spy_v1\event_option_gate_trades.csv,55,0,14,16,18,False,primary,research_papers\JEPA\results\_diagnostics\event_option_dense15_backfill18_wf2026_fulljun_excl202605_spy_v1,2500.0
SPY,20260325,202603,10:00,600,zero_dte,CALL,0.6641600488422273,0.6641600488422273,0.1922821129853012,0.5,-0.3,0.5,thr0.457_maxday1,202603,600,win_valthr_strict_d25,research_papers\JEPA\results\_diagnostics\event_option_gate_dense15_zero_dte_win_valthr_strict_d25_physctx_wf2026_fulljun_excl202605_spy_v1\event_option_gate_trades.csv,56,0,15,17,18,False,primary,research_papers\JEPA\results\_diagnostics\event_option_dense15_backfill18_wf2026_fulljun_excl202605_spy_v1,2500.0
SPY,20260326,202603,10:00,600,zero_dte,PUT,0.5144619644795212,0.3068924239234756,0.5144619644795212,-0.3,-0.3,-0.3,thr0.457_maxday1,202603,600,win_valthr_strict_d25,research_papers\JEPA\results\_diagnostics\event_option_gate_dense15_zero_dte_win_valthr_strict_d25_physctx_wf2026_fulljun_excl202605_spy_v1\event_option_gate_trades.csv,57,0,16,18,18,False,primary,research_papers\JEPA\results\_diagnostics\event_option_dense15_backfill18_wf2026_fulljun_excl202605_spy_v1,-1500.0
SPY,20260331,202603,10:00,600,zero_dte,PUT,0.5359072339009378,0.144158860344773,0.5359072339009378,-0.3,0.5,0.5,thr0.457_maxday1,202603,600,win_valthr_strict_d25,research_papers\JEPA\results\_diagnostics\event_option_gate_dense15_zero_dte_win_valthr_strict_d25_physctx_wf2026_fulljun_excl202605_spy_v1\event_option_gate_trades.csv,58,0,18,19,18,False,primary,research_papers\JEPA\results\_diagnostics\event_option_dense15_backfill18_wf2026_fulljun_excl202605_spy_v1,2500.0
SPY,20260402,202604,10:00,600,zero_dte,PUT,-0.0362597769012676,-0.0935321037682218,-0.0362597769012676,0.5,-0.3,-0.3,thr-999.000_maxday3,202604,600,forcedmax3_d50,research_papers\JEPA\results\_diagnostics\event_option_gate_dense15_zero_dte_return_forcedmax3_d50_physctx_wf2026_fulljun_excl202605_spy_v1\event_option_gate_trades.csv,183,1,2,0,18,False,fallback_volume_pace,research_papers\JEPA\results\_diagnostics\event_option_dense15_backfill18_wf2026_fulljun_excl202605_spy_v1,-1500.0
SPY,20260402,202604,10:30,630,zero_dte,CALL,-0.1223720598755058,-0.1223720598755058,-0.3000000119209289,0.5,-0.3,0.5,thr-999.000_maxday3,202604,630,forcedmax3_d50,research_papers\JEPA\results\_diagnostics\event_option_gate_dense15_zero_dte_return_forcedmax3_d50_physctx_wf2026_fulljun_excl202605_spy_v1\event_option_gate_trades.csv,184,1,2,1,18,False,fallback_volume_pace,research_papers\JEPA\results\_diagnostics\event_option_dense15_backfill18_wf2026_fulljun_excl202605_spy_v1,2500.0
SPY,20260406,202604,10:00,600,zero_dte,PUT,-0.1362588649275511,-0.3000000119209289,-0.1362588649275511,-0.3,0.5,0.5,thr-999.000_maxday3,202604,600,forcedmax3_d50,research_papers\JEPA\results\_diagnostics\event_option_gate_dense15_zero_dte_return_forcedmax3_d50_physctx_wf2026_fulljun_excl202605_spy_v1\event_option_gate_trades.csv,186,1,4,2,18,False,fallback_volume_pace,research_papers\JEPA\results\_diagnostics\event_option_dense15_backfill18_wf2026_fulljun_excl202605_spy_v1,2500.0
SPY,20260406,202604,10:30,630,zero_dte,PUT,0.5216223335519357,0.3235803094092485,0.5216223335519357,-0.3,0.5,0.5,thr0.504_maxday1,202604,630,win_valthr_strict_d25,research_papers\JEPA\results\_diagnostics\event_option_gate_dense15_zero_dte_win_valthr_strict_d25_physctx_wf2026_fulljun_excl202605_spy_v1\event_option_gate_trades.csv,59,0,4,3,18,False,primary,research_papers\JEPA\results\_diagnostics\event_option_dense15_backfill18_wf2026_fulljun_excl202605_spy_v1,2500.0
SPY,20260407,202604,10:00,600,zero_dte,PUT,0.5272586709607646,0.3050450137631202,0.5272586709607646,-0.3,0.5,0.5,thr0.504_maxday1,202604,600,win_valthr_strict_d25,research_papers\JEPA\results\_diagnostics\event_option_gate_dense15_zero_dte_win_valthr_strict_d25_physctx_wf2026_fulljun_excl202605_spy_v1\event_option_gate_trades.csv,60,0,5,4,18,False,primary,research_papers\JEPA\results\_diagnostics\event_option_dense15_backfill18_wf2026_fulljun_excl202605_spy_v1,2500.0
SPY,20260408,202604,12:30,750,zero_dte,PUT,0.5181728121870791,0.3594446748957031,0.5181728121870791,0.5,-0.3,-0.3,thr0.504_maxday1,202604,750,win_valthr_strict_d25,research_papers\JEPA\results\_diagnostics\event_option_gate_dense15_zero_dte_win_valthr_strict_d25_physctx_wf2026_fulljun_excl202605_spy_v1\event_option_gate_trades.csv,61,0,5,5,18,False,primary,research_papers\JEPA\results\_diagnostics\event_option_dense15_backfill18_wf2026_fulljun_excl202605_spy_v1,-1500.0
SPY,20260410,202604,10:00,600,zero_dte,PUT,-0.2736609107010579,-0.3000000119209289,-0.2736609107010579,0.5,-0.3,-0.3,thr-999.000_maxday3,202604,600,forcedmax3_d50,research_papers\JEPA\results\_diagnostics\event_option_gate_dense15_zero_dte_return_forcedmax3_d50_physctx_wf2026_fulljun_excl202605_spy_v1\event_option_gate_trades.csv,195,1,7,6,18,False,fallback_volume_pace,research_papers\JEPA\results\_diagnostics\event_option_dense15_backfill18_wf2026_fulljun_excl202605_spy_v1,-1500.0
SPY,20260410,202604,11:30,690,zero_dte,PUT,0.548967060503713,0.2913835504645403,0.548967060503713,-0.3,0.5,0.5,thr0.504_maxday1,202604,690,win_valthr_strict_d25,research_papers\JEPA\results\_diagnostics\event_option_gate_dense15_zero_dte_win_valthr_strict_d25_physctx_wf2026_fulljun_excl202605_spy_v1\event_option_gate_trades.csv,62,0,7,7,18,False,primary,research_papers\JEPA\results\_diagnostics\event_option_dense15_backfill18_wf2026_fulljun_excl202605_spy_v1,2500.0
SPY,20260413,202604,10:00,600,zero_dte,PUT,0.6706856681975115,0.1202238169059407,0.6706856681975115,-0.3,0.5,0.5,thr0.504_maxday1,202604,600,win_valthr_strict_d25,research_papers\JEPA\results\_diagnostics\event_option_gate_dense15_zero_dte_win_valthr_strict_d25_physctx_wf2026_fulljun_excl202605_spy_v1\event_option_gate_trades.csv,63,0,8,8,18,False,primary,research_papers\JEPA\results\_diagnostics\event_option_dense15_backfill18_wf2026_fulljun_excl202605_spy_v1,2500.0
SPY,20260416,202604,10:00,600,zero_dte,CALL,-0.1443301025153765,-0.1443301025153765,-0.2718688046230122,0.5,-0.3,0.5,thr-999.000_maxday3,202604,600,forcedmax3_d50,research_papers\JEPA\results\_diagnostics\event_option_gate_dense15_zero_dte_return_forcedmax3_d50_physctx_wf2026_fulljun_excl202605_spy_v1\event_option_gate_trades.csv,204,1,10,9,18,False,fallback_volume_pace,research_papers\JEPA\results\_diagnostics\event_option_dense15_backfill18_wf2026_fulljun_excl202605_spy_v1,2500.0
SPY,20260416,202604,11:45,705,zero_dte,PUT,0.5504620033058713,0.2688495208878608,0.5504620033058713,-0.3,-0.3,-0.3,thr0.504_maxday1,202604,705,win_valthr_strict_d25,research_papers\JEPA\results\_diagnostics\event_option_gate_dense15_zero_dte_win_valthr_strict_d25_physctx_wf2026_fulljun_excl202605_spy_v1\event_option_gate_trades.csv,64,0,10,10,18,False,primary,research_papers\JEPA\results\_diagnostics\event_option_dense15_backfill18_wf2026_fulljun_excl202605_spy_v1,-1500.0
SPY,20260417,202604,10:15,615,zero_dte,PUT,0.5293973735941094,0.1832478222030383,0.5293973735941094,0.5,-0.3,-0.3,thr0.504_maxday1,202604,615,win_valthr_strict_d25,research_papers\JEPA\results\_diagnostics\event_option_gate_dense15_zero_dte_win_valthr_strict_d25_physctx_wf2026_fulljun_excl202605_spy_v1\event_option_gate_trades.csv,65,0,11,11,18,False,primary,research_papers\JEPA\results\_diagnostics\event_option_dense15_backfill18_wf2026_fulljun_excl202605_spy_v1,-1500.0
SPY,20260420,202604,10:00,600,zero_dte,PUT,0.6163624378549575,0.1590184694075024,0.6163624378549575,-0.3,0.5,0.5,thr0.504_maxday1,202604,600,win_valthr_strict_d25,research_papers\JEPA\results\_diagnostics\event_option_gate_dense15_zero_dte_win_valthr_strict_d25_physctx_wf2026_fulljun_excl202605_spy_v1\event_option_gate_trades.csv,66,0,12,12,18,False,primary,research_papers\JEPA\results\_diagnostics\event_option_dense15_backfill18_wf2026_fulljun_excl202605_spy_v1,2500.0
SPY,20260421,202604,10:15,615,zero_dte,PUT,0.5289938209292684,0.2430952821165937,0.5289938209292684,-0.3,0.5,0.5,thr0.504_maxday1,202604,615,win_valthr_strict_d25,research_papers\JEPA\results\_diagnostics\event_option_gate_dense15_zero_dte_win_valthr_strict_d25_physctx_wf2026_fulljun_excl202605_spy_v1\event_option_gate_trades.csv,67,0,13,13,18,False,primary,research_papers\JEPA\results\_diagnostics\event_option_dense15_backfill18_wf2026_fulljun_excl202605_spy_v1,2500.0
SPY,20260422,202604,10:45,645,zero_dte,PUT,0.5736523408350277,0.2461873059896033,0.5736523408350277,-0.3,-0.3,-0.3,thr0.504_maxday1,202604,645,win_valthr_strict_d25,research_papers\JEPA\results\_diagnostics\event_option_gate_dense15_zero_dte_win_valthr_strict_d25_physctx_wf2026_fulljun_excl202605_spy_v1\event_option_gate_trades.csv,68,0,14,14,18,False,primary,research_papers\JEPA\results\_diagnostics\event_option_dense15_backfill18_wf2026_fulljun_excl202605_spy_v1,-1500.0
SPY,20260423,202604,10:00,600,zero_dte,CALL,0.5868512406172477,0.5868512406172477,0.2045200568160166,-0.3,-0.3,-0.3,thr0.504_maxday1,202604,600,win_valthr_strict_d25,research_papers\JEPA\results\_diagnostics\event_option_gate_dense15_zero_dte_win_valthr_strict_d25_physctx_wf2026_fulljun_excl202605_spy_v1\event_option_gate_trades.csv,69,0,14,15,18,False,primary,research_papers\JEPA\results\_diagnostics\event_option_dense15_backfill18_wf2026_fulljun_excl202605_spy_v1,-1500.0
SPY,20260424,202604,10:30,630,zero_dte,PUT,0.5472309000441057,0.2915584751990925,0.5472309000441057,0.5,-0.3,-0.3,thr0.504_maxday1,202604,630,win_valthr_strict_d25,research_papers\JEPA\results\_diagnostics\event_option_gate_dense15_zero_dte_win_valthr_strict_d25_physctx_wf2026_fulljun_excl202605_spy_v1\event_option_gate_trades.csv,70,0,15,16,18,False,primary,research_papers\JEPA\results\_diagnostics\event_option_dense15_backfill18_wf2026_fulljun_excl202605_spy_v1,-1500.0
SPY,20260427,202604,10:00,600,zero_dte,PUT,0.5433096568968903,0.1637543690323697,0.5433096568968903,-0.3,-0.3,-0.3,thr0.504_maxday1,202604,600,win_valthr_strict_d25,research_papers\JEPA\results\_diagnostics\event_option_gate_dense15_zero_dte_win_valthr_strict_d25_physctx_wf2026_fulljun_excl202605_spy_v1\event_option_gate_trades.csv,71,0,16,17,18,False,primary,research_papers\JEPA\results\_diagnostics\event_option_dense15_backfill18_wf2026_fulljun_excl202605_spy_v1,-1500.0
SPY,20260429,202604,10:30,630,zero_dte,PUT,0.5479223710582881,0.3160128310245438,0.5479223710582881,-0.3,0.5,0.5,thr0.504_maxday1,202604,630,win_valthr_strict_d25,research_papers\JEPA\results\_diagnostics\event_option_gate_dense15_zero_dte_win_valthr_strict_d25_physctx_wf2026_fulljun_excl202605_spy_v1\event_option_gate_trades.csv,72,0,18,18,18,False,primary,research_papers\JEPA\results\_diagnostics\event_option_dense15_backfill18_wf2026_fulljun_excl202605_spy_v1,2500.0
SPY,20260430,202604,11:45,705,zero_dte,PUT,0.5603949928198902,0.2819586837747707,0.5603949928198902,0.5,-0.3,-0.3,thr0.504_maxday1,202604,705,win_valthr_strict_d25,research_papers\JEPA\results\_diagnostics\event_option_gate_dense15_zero_dte_win_valthr_strict_d25_physctx_wf2026_fulljun_excl202605_spy_v1\event_option_gate_trades.csv,73,0,18,19,18,False,primary,research_papers\JEPA\results\_diagnostics\event_option_dense15_backfill18_wf2026_fulljun_excl202605_spy_v1,-1500.0
SPY,20260601,202606,10:00,600,zero_dte,CALL,-0.3000000119209289,-0.3000000119209289,-0.3000000119209289,0.5,-0.3,0.5,thr-999.000_maxday3,202606,600,forcedmax3_d50,research_papers\JEPA\results\_diagnostics\event_option_gate_dense15_zero_dte_return_forcedmax3_d50_physctx_wf2026_fulljun_excl202605_spy_v1\event_option_gate_trades.csv,234,1,1,0,18,False,fallback_volume_pace,research_papers\JEPA\results\_diagnostics\event_option_dense15_backfill18_wf2026_fulljun_excl202605_spy_v1,2500.0
SPY,20260602,202606,10:00,600,zero_dte,CALL,-0.3000000119209289,-0.3000000119209289,-0.3000000119209289,0.5,-0.3,0.5,thr-999.000_maxday3,202606,600,forcedmax3_d50,research_papers\JEPA\results\_diagnostics\event_option_gate_dense15_zero_dte_return_forcedmax3_d50_physctx_wf2026_fulljun_excl202605_spy_v1\event_option_gate_trades.csv,237,1,2,1,18,False,fallback_volume_pace,research_papers\JEPA\results\_diagnostics\event_option_dense15_backfill18_wf2026_fulljun_excl202605_spy_v1,2500.0
SPY,20260603,202606,10:00,600,zero_dte,CALL,-0.3000000119209289,-0.3000000119209289,-0.3000000119209289,-0.3,0.5,-0.3,thr-999.000_maxday3,202606,600,forcedmax3_d50,research_papers\JEPA\results\_diagnostics\event_option_gate_dense15_zero_dte_return_forcedmax3_d50_physctx_wf2026_fulljun_excl202605_spy_v1\event_option_gate_trades.csv,240,1,3,2,18,False,fallback_volume_pace,research_papers\JEPA\results\_diagnostics\event_option_dense15_backfill18_wf2026_fulljun_excl202605_spy_v1,-1500.0
SPY,20260603,202606,10:45,645,zero_dte,PUT,0.4906979146449965,0.2740608498294443,0.4906979146449965,-0.3,0.5,0.5,thr0.483_maxday3,202606,645,win_valthr_strict_d25,research_papers\JEPA\results\_diagnostics\event_option_gate_dense15_zero_dte_win_valthr_strict_d25_physctx_wf2026_fulljun_excl202605_spy_v1\event_option_gate_trades.csv,75,0,3,3,18,False,primary,research_papers\JEPA\results\_diagnostics\event_option_dense15_backfill18_wf2026_fulljun_excl202605_spy_v1,2500.0
SPY,20260603,202606,11:15,675,zero_dte,PUT,0.5004002893254956,0.3057506001932188,0.5004002893254956,-0.3,0.5,0.5,thr0.483_maxday3,202606,675,win_valthr_strict_d25,research_papers\JEPA\results\_diagnostics\event_option_gate_dense15_zero_dte_win_valthr_strict_d25_physctx_wf2026_fulljun_excl202605_spy_v1\event_option_gate_trades.csv,76,0,3,4,18,False,primary,research_papers\JEPA\results\_diagnostics\event_option_dense15_backfill18_wf2026_fulljun_excl202605_spy_v1,2500.0
SPY,20260605,202606,10:00,600,zero_dte,CALL,0.4876848133296667,0.4876848133296667,0.1713319802625902,0.5,-0.3,0.5,thr0.483_maxday3,202606,600,win_valthr_strict_d25,research_papers\JEPA\results\_diagnostics\event_option_gate_dense15_zero_dte_win_valthr_strict_d25_physctx_wf2026_fulljun_excl202605_spy_v1\event_option_gate_trades.csv,77,0,5,5,18,False,primary,research_papers\JEPA\results\_diagnostics\event_option_dense15_backfill18_wf2026_fulljun_excl202605_spy_v1,2500.0
SPY,20260605,202606,10:30,630,zero_dte,PUT,0.5470913120455332,0.2782941154727911,0.5470913120455332,-0.3,-0.3,-0.3,thr0.483_maxday3,202606,630,win_valthr_strict_d25,research_papers\JEPA\results\_diagnostics\event_option_gate_dense15_zero_dte_win_valthr_strict_d25_physctx_wf2026_fulljun_excl202605_spy_v1\event_option_gate_trades.csv,78,0,5,6,18,False,primary,research_papers\JEPA\results\_diagnostics\event_option_dense15_backfill18_wf2026_fulljun_excl202605_spy_v1,-1500.0
SPY,20260605,202606,11:00,660,zero_dte,PUT,0.5451038551535619,0.2211555334926452,0.5451038551535619,-0.3,0.5,0.5,thr0.483_maxday3,202606,660,win_valthr_strict_d25,research_papers\JEPA\results\_diagnostics\event_option_gate_dense15_zero_dte_win_valthr_strict_d25_physctx_wf2026_fulljun_excl202605_spy_v1\event_option_gate_trades.csv,79,0,5,7,18,False,primary,research_papers\JEPA\results\_diagnostics\event_option_dense15_backfill18_wf2026_fulljun_excl202605_spy_v1,2500.0
SPY,20260608,202606,10:00,600,zero_dte,CALL,0.57654459676919,0.57654459676919,0.1822811002785096,0.5,-0.3,0.5,thr0.483_maxday3,202606,600,win_valthr_strict_d25,research_papers\JEPA\results\_diagnostics\event_option_gate_dense15_zero_dte_win_valthr_strict_d25_physctx_wf2026_fulljun_excl202605_spy_v1\event_option_gate_trades.csv,80,0,5,8,18,False,primary,research_papers\JEPA\results\_diagnostics\event_option_dense15_backfill18_wf2026_fulljun_excl202605_spy_v1,2500.0
SPY,20260608,202606,11:15,675,zero_dte,PUT,0.5472761981750941,0.2601122139370248,0.5472761981750941,-0.3,0.5,0.5,thr0.483_maxday3,202606,675,win_valthr_strict_d25,research_papers\JEPA\results\_diagnostics\event_option_gate_dense15_zero_dte_win_valthr_strict_d25_physctx_wf2026_fulljun_excl202605_spy_v1\event_option_gate_trades.csv,81,0,5,9,18,False,primary,research_papers\JEPA\results\_diagnostics\event_option_dense15_backfill18_wf2026_fulljun_excl202605_spy_v1,2500.0
SPY,20260608,202606,11:45,705,zero_dte,PUT,0.4991768806150307,0.3073181787875871,0.4991768806150307,-0.3,0.5,0.5,thr0.483_maxday3,202606,705,win_valthr_strict_d25,research_papers\JEPA\results\_diagnostics\event_option_gate_dense15_zero_dte_win_valthr_strict_d25_physctx_wf2026_fulljun_excl202605_spy_v1\event_option_gate_trades.csv,82,0,5,10,18,False,primary,research_papers\JEPA\results\_diagnostics\event_option_dense15_backfill18_wf2026_fulljun_excl202605_spy_v1,2500.0
SPY,20260609,202606,10:00,600,zero_dte,PUT,0.7538316245145971,0.2365540188054655,0.7538316245145971,-0.3,-0.3,-0.3,thr0.483_maxday3,202606,600,win_valthr_strict_d25,research_papers\JEPA\results\_diagnostics\event_option_gate_dense15_zero_dte_win_valthr_strict_d25_physctx_wf2026_fulljun_excl202605_spy_v1\event_option_gate_trades.csv,83,0,6,11,18,False,primary,research_papers\JEPA\results\_diagnostics\event_option_dense15_backfill18_wf2026_fulljun_excl202605_spy_v1,-1500.0
SPY,20260610,202606,10:00,600,zero_dte,PUT,0.6323905456306771,0.2836838306132431,0.6323905456306771,0.5,-0.3,-0.3,thr0.483_maxday3,202606,600,win_valthr_strict_d25,research_papers\JEPA\results\_diagnostics\event_option_gate_dense15_zero_dte_win_valthr_strict_d25_physctx_wf2026_fulljun_excl202605_spy_v1\event_option_gate_trades.csv,84,0,7,12,18,False,primary,research_papers\JEPA\results\_diagnostics\event_option_dense15_backfill18_wf2026_fulljun_excl202605_spy_v1,-1500.0
SPY,20260610,202606,14:00,840,zero_dte,PUT,0.5051130237993107,0.3135038696724215,0.5051130237993107,-0.3,0.5,0.5,thr0.483_maxday3,202606,840,win_valthr_strict_d25,research_papers\JEPA\results\_diagnostics\event_option_gate_dense15_zero_dte_win_valthr_strict_d25_physctx_wf2026_fulljun_excl202605_spy_v1\event_option_gate_trades.csv,85,0,7,13,18,False,primary,research_papers\JEPA\results\_diagnostics\event_option_dense15_backfill18_wf2026_fulljun_excl202605_spy_v1,2500.0
SPY,20260611,202606,10:00,600,zero_dte,PUT,0.492431389639105,0.176414275173404,0.492431389639105,-0.3,0.5,0.5,thr0.483_maxday3,202606,600,win_valthr_strict_d25,research_papers\JEPA\results\_diagnostics\event_option_gate_dense15_zero_dte_win_valthr_strict_d25_physctx_wf2026_fulljun_excl202605_spy_v1\event_option_gate_trades.csv,86,0,8,14,18,False,primary,research_papers\JEPA\results\_diagnostics\event_option_dense15_backfill18_wf2026_fulljun_excl202605_spy_v1,2500.0
SPY,20260612,202606,10:45,645,zero_dte,PUT,0.5324663672257174,0.2739648832283842,0.5324663672257174,0.5,-0.3,-0.3,thr0.483_maxday3,202606,645,win_valthr_strict_d25,research_papers\JEPA\results\_diagnostics\event_option_gate_dense15_zero_dte_win_valthr_strict_d25_physctx_wf2026_fulljun_excl202605_spy_v1\event_option_gate_trades.csv,87,0,9,15,18,False,primary,research_papers\JEPA\results\_diagnostics\event_option_dense15_backfill18_wf2026_fulljun_excl202605_spy_v1,-1500.0
SPY,20260612,202606,12:00,720,zero_dte,PUT,0.4841652145092932,0.2380960588516504,0.4841652145092932,0.5,-0.3,-0.3,thr0.483_maxday3,202606,720,win_valthr_strict_d25,research_papers\JEPA\results\_diagnostics\event_option_gate_dense15_zero_dte_win_valthr_strict_d25_physctx_wf2026_fulljun_excl202605_spy_v1\event_option_gate_trades.csv,88,0,9,16,18,False,primary,research_papers\JEPA\results\_diagnostics\event_option_dense15_backfill18_wf2026_fulljun_excl202605_spy_v1,-1500.0
SPY,20260612,202606,12:30,750,zero_dte,PUT,0.4960789454012743,0.3141633135127193,0.4960789454012743,-0.3,-0.3,-0.3,thr0.483_maxday3,202606,750,win_valthr_strict_d25,research_papers\JEPA\results\_diagnostics\event_option_gate_dense15_zero_dte_win_valthr_strict_d25_physctx_wf2026_fulljun_excl202605_spy_v1\event_option_gate_trades.csv,89,0,9,17,18,False,primary,research_papers\JEPA\results\_diagnostics\event_option_dense15_backfill18_wf2026_fulljun_excl202605_spy_v1,-1500.0
SPY,20260615,202606,10:30,630,zero_dte,PUT,0.4939749185126636,0.3278164615551993,0.4939749185126636,0.5,-0.3,-0.3,thr0.483_maxday3,202606,630,win_valthr_strict_d25,research_papers\JEPA\results\_diagnostics\event_option_gate_dense15_zero_dte_win_valthr_strict_d25_physctx_wf2026_fulljun_excl202605_spy_v1\event_option_gate_trades.csv,90,0,9,18,18,False,primary,research_papers\JEPA\results\_diagnostics\event_option_dense15_backfill18_wf2026_fulljun_excl202605_spy_v1,-1500.0
SPY,20260616,202606,10:00,600,zero_dte,PUT,0.649899288595285,0.2777353758046875,0.649899288595285,-0.3,-0.3,-0.3,thr0.483_maxday3,202606,600,win_valthr_strict_d25,research_papers\JEPA\results\_diagnostics\event_option_gate_dense15_zero_dte_win_valthr_strict_d25_physctx_wf2026_fulljun_excl202605_spy_v1\event_option_gate_trades.csv,91,0,10,19,18,False,primary,research_papers\JEPA\results\_diagnostics\event_option_dense15_backfill18_wf2026_fulljun_excl202605_spy_v1,-1500.0
SPY,20260616,202606,10:30,630,zero_dte,PUT,0.4960234733900557,0.3570254152608725,0.4960234733900557,0.5,-0.3,-0.3,thr0.483_maxday3,202606,630,win_valthr_strict_d25,research_papers\JEPA\results\_diagnostics\event_option_gate_dense15_zero_dte_win_valthr_strict_d25_physctx_wf2026_fulljun_excl202605_spy_v1\event_option_gate_trades.csv,92,0,10,20,18,False,primary,research_papers\JEPA\results\_diagnostics\event_option_dense15_backfill18_wf2026_fulljun_excl202605_spy_v1,-1500.0
SPY,20260618,202606,11:00,660,zero_dte,PUT,0.5146097897879295,0.2600401797199073,0.5146097897879295,-0.3,0.5,0.5,thr0.483_maxday3,202606,660,win_valthr_strict_d25,research_papers\JEPA\results\_diagnostics\event_option_gate_dense15_zero_dte_win_valthr_strict_d25_physctx_wf2026_fulljun_excl202605_spy_v1\event_option_gate_trades.csv,93,0,12,21,18,False,primary,research_papers\JEPA\results\_diagnostics\event_option_dense15_backfill18_wf2026_fulljun_excl202605_spy_v1,2500.0
SPY,20260622,202606,10:00,600,zero_dte,PUT,0.6285395862541636,0.153578845148554,0.6285395862541636,-0.3,-0.3,-0.3,thr0.483_maxday3,202606,600,win_valthr_strict_d25,research_papers\JEPA\results\_diagnostics\event_option_gate_dense15_zero_dte_win_valthr_strict_d25_physctx_wf2026_fulljun_excl202605_spy_v1\event_option_gate_trades.csv,94,0,14,22,18,False,primary,research_papers\JEPA\results\_diagnostics\event_option_dense15_backfill18_wf2026_fulljun_excl202605_spy_v1,-1500.0
SPY,20260623,202606,10:00,600,zero_dte,CALL,0.5348745698912284,0.5348745698912284,0.2674270626376331,0.5,-0.3,0.5,thr0.483_maxday3,202606,600,win_valthr_strict_d25,research_papers\JEPA\results\_diagnostics\event_option_gate_dense15_zero_dte_win_valthr_strict_d25_physctx_wf2026_fulljun_excl202605_spy_v1\event_option_gate_trades.csv,95,0,14,23,18,False,primary,research_papers\JEPA\results\_diagnostics\event_option_dense15_backfill18_wf2026_fulljun_excl202605_spy_v1,2500.0
SPY,20260623,202606,12:45,765,zero_dte,PUT,0.4881012244090592,0.3027916613422237,0.4881012244090592,-0.3,-0.3,-0.3,thr0.483_maxday3,202606,765,win_valthr_strict_d25,research_papers\JEPA\results\_diagnostics\event_option_gate_dense15_zero_dte_win_valthr_strict_d25_physctx_wf2026_fulljun_excl202605_spy_v1\event_option_gate_trades.csv,96,0,14,24,18,False,primary,research_papers\JEPA\results\_diagnostics\event_option_dense15_backfill18_wf2026_fulljun_excl202605_spy_v1,-1500.0
SPY,20260623,202606,13:30,810,zero_dte,PUT,0.5171285303481046,0.349675090584095,0.5171285303481046,-0.3,-0.3,-0.3,thr0.483_maxday3,202606,810,win_valthr_strict_d25,research_papers\JEPA\results\_diagnostics\event_option_gate_dense15_zero_dte_win_valthr_strict_d25_physctx_wf2026_fulljun_excl202605_spy_v1\event_option_gate_trades.csv,97,0,14,25,18,False,primary,research_papers\JEPA\results\_diagnostics\event_option_dense15_backfill18_wf2026_fulljun_excl202605_spy_v1,-1500.0
SPY,20260624,202606,10:00,600,zero_dte,CALL,0.5101055033830736,0.5101055033830736,0.3372920101916983,-0.3,0.5,-0.3,thr0.483_maxday3,202606,600,win_valthr_strict_d25,research_papers\JEPA\results\_diagnostics\event_option_gate_dense15_zero_dte_win_valthr_strict_d25_physctx_wf2026_fulljun_excl202605_spy_v1\event_option_gate_trades.csv,98,0,15,26,18,False,primary,research_papers\JEPA\results\_diagnostics\event_option_dense15_backfill18_wf2026_fulljun_excl202605_spy_v1,-1500.0
SPY,20260624,202606,10:30,630,zero_dte,PUT,0.5721139966135522,0.2888125358164325,0.5721139966135522,-0.3,-0.3,-0.3,thr0.483_maxday3,202606,630,win_valthr_strict_d25,research_papers\JEPA\results\_diagnostics\event_option_gate_dense15_zero_dte_win_valthr_strict_d25_physctx_wf2026_fulljun_excl202605_spy_v1\event_option_gate_trades.csv,99,0,15,27,18,False,primary,research_papers\JEPA\results\_diagnostics\event_option_dense15_backfill18_wf2026_fulljun_excl202605_spy_v1,-1500.0
SPY,20260624,202606,12:30,750,zero_dte,PUT,0.5703960903229036,0.2992356520844422,0.5703960903229036,-0.3,0.5,0.5,thr0.483_maxday3,202606,750,win_valthr_strict_d25,research_papers\JEPA\results\_diagnostics\event_option_gate_dense15_zero_dte_win_valthr_strict_d25_physctx_wf2026_fulljun_excl202605_spy_v1\event_option_gate_trades.csv,100,0,15,28,18,False,primary,research_papers\JEPA\results\_diagnostics\event_option_dense15_backfill18_wf2026_fulljun_excl202605_spy_v1,2500.0
SPY,20260625,202606,12:00,720,zero_dte,PUT,0.4999541577352729,0.2746599962344916,0.4999541577352729,0.5,-0.3,-0.3,thr0.483_maxday3,202606,720,win_valthr_strict_d25,research_papers\JEPA\results\_diagnostics\event_option_gate_dense15_zero_dte_win_valthr_strict_d25_physctx_wf2026_fulljun_excl202605_spy_v1\event_option_gate_trades.csv,101,0,16,29,18,False,primary,research_papers\JEPA\results\_diagnostics\event_option_dense15_backfill18_wf2026_fulljun_excl202605_spy_v1,-1500.0
SPY,20260625,202606,12:30,750,zero_dte,PUT,0.5087714860534465,0.2373840717956055,0.5087714860534465,-0.3,0.5,0.5,thr0.483_maxday3,202606,750,win_valthr_strict_d25,research_papers\JEPA\results\_diagnostics\event_option_gate_dense15_zero_dte_win_valthr_strict_d25_physctx_wf2026_fulljun_excl202605_spy_v1\event_option_gate_trades.csv,102,0,16,30,18,False,primary,research_papers\JEPA\results\_diagnostics\event_option_dense15_backfill18_wf2026_fulljun_excl202605_spy_v1,2500.0
SPY,20260626,202606,11:15,675,zero_dte,PUT,0.5009460088737345,0.3199900128199785,0.5009460088737345,0.5,-0.3,-0.3,thr0.483_maxday3,202606,675,win_valthr_strict_d25,research_papers\JEPA\results\_diagnostics\event_option_gate_dense15_zero_dte_win_valthr_strict_d25_physctx_wf2026_fulljun_excl202605_spy_v1\event_option_gate_trades.csv,103,0,17,31,18,False,primary,research_papers\JEPA\results\_diagnostics\event_option_dense15_backfill18_wf2026_fulljun_excl202605_spy_v1,-1500.0
SPY,20260629,202606,10:00,600,zero_dte,PUT,0.5508641631817467,0.3067852497064041,0.5508641631817467,-0.3,0.5,0.5,thr0.483_maxday3,202606,600,win_valthr_strict_d25,research_papers\JEPA\results\_diagnostics\event_option_gate_dense15_zero_dte_win_valthr_strict_d25_physctx_wf2026_fulljun_excl202605_spy_v1\event_option_gate_trades.csv,104,0,18,32,18,False,primary,research_papers\JEPA\results\_diagnostics\event_option_dense15_backfill18_wf2026_fulljun_excl202605_spy_v1,2500.0
SPY,20260630,202606,10:15,615,zero_dte,PUT,0.509317645557543,0.3193163923285003,0.509317645557543,0.5,-0.3,-0.3,thr0.483_maxday3,202606,615,win_valthr_strict_d25,research_papers\JEPA\results\_diagnostics\event_option_gate_dense15_zero_dte_win_valthr_strict_d25_physctx_wf2026_fulljun_excl202605_spy_v1\event_option_gate_trades.csv,105,0,18,33,18,False,primary,research_papers\JEPA\results\_diagnostics\event_option_dense15_backfill18_wf2026_fulljun_excl202605_spy_v1,-1500.0
SPY,20260630,202606,10:45,645,zero_dte,PUT,0.5127072632450648,0.3465369716802536,0.5127072632450648,-0.3,0.5,0.5,thr0.483_maxday3,202606,645,win_valthr_strict_d25,research_papers\JEPA\results\_diagnostics\event_option_gate_dense15_zero_dte_win_valthr_strict_d25_physctx_wf2026_fulljun_excl202605_spy_v1\event_option_gate_trades.csv,106,0,18,34,18,False,primary,research_papers\JEPA\results\_diagnostics\event_option_dense15_backfill18_wf2026_fulljun_excl202605_spy_v1,2500.0
QQQ,20260102,202601,10:00,600,zero_dte,PUT,0.6233219849646991,0.2282229835053737,0.6233219849646991,-0.3,0.5,0.5,thr0.406_maxday1,202601,600,win_valthr_wr45_d25,research_papers\JEPA\results\_diagnostics\event_option_gate_dense15_zero_dte_win_valthr_wr45_d25_physctx_wf2026_fulljun_excl202605_qqq_v1\event_option_gate_trades.csv,0,0,2,0,18,False,primary,research_papers\JEPA\results\_diagnostics\event_option_dense15_backfill18_wf2026_fulljun_excl202605_qqq_v1,2500.0
QQQ,20260102,202601,10:30,630,zero_dte,PUT,-0.145484147642381,-0.3000000119209289,-0.145484147642381,0.5,-0.3,-0.3,thr-999.000_maxday3,202601,630,forcedmax3_d50,research_papers\JEPA\results\_diagnostics\event_option_gate_dense15_zero_dte_return_forcedmax3_d50_physctx_wf2026_fulljun_excl202605_qqq_v1\event_option_gate_trades.csv,1,1,2,1,18,False,fallback_volume_pace,research_papers\JEPA\results\_diagnostics\event_option_dense15_backfill18_wf2026_fulljun_excl202605_qqq_v1,-1500.0
QQQ,20260105,202601,10:00,600,zero_dte,PUT,-0.1994925764427451,-0.3000000119209289,-0.1994925764427451,0.5,-0.3,-0.3,thr-999.000_maxday3,202601,600,forcedmax3_d50,research_papers\JEPA\results\_diagnostics\event_option_gate_dense15_zero_dte_return_forcedmax3_d50_physctx_wf2026_fulljun_excl202605_qqq_v1\event_option_gate_trades.csv,3,1,3,2,18,False,fallback_volume_pace,research_papers\JEPA\results\_diagnostics\event_option_dense15_backfill18_wf2026_fulljun_excl202605_qqq_v1,-1500.0
QQQ,20260105,202601,11:00,660,zero_dte,PUT,0.4125007218460794,0.347068387777029,0.4125007218460794,0.5,-0.3,-0.3,thr0.406_maxday1,202601,660,win_valthr_wr45_d25,research_papers\JEPA\results\_diagnostics\event_option_gate_dense15_zero_dte_win_valthr_wr45_d25_physctx_wf2026_fulljun_excl202605_qqq_v1\event_option_gate_trades.csv,1,0,3,3,18,False,primary,research_papers\JEPA\results\_diagnostics\event_option_dense15_backfill18_wf2026_fulljun_excl202605_qqq_v1,-1500.0
QQQ,20260106,202601,10:00,600,zero_dte,PUT,0.5867096465067737,0.1909401632478735,0.5867096465067737,-0.3,-0.3,-0.3,thr0.406_maxday1,202601,600,win_valthr_wr45_d25,research_papers\JEPA\results\_diagnostics\event_option_gate_dense15_zero_dte_win_valthr_wr45_d25_physctx_wf2026_fulljun_excl202605_qqq_v1\event_option_gate_trades.csv,2,0,4,4,18,False,primary,research_papers\JEPA\results\_diagnostics\event_option_dense15_backfill18_wf2026_fulljun_excl202605_qqq_v1,-1500.0
QQQ,20260107,202601,10:00,600,zero_dte,PUT,0.5460082247699899,0.2685290773132784,0.5460082247699899,0.5,-0.3,-0.3,thr0.406_maxday1,202601,600,win_valthr_wr45_d25,research_papers\JEPA\results\_diagnostics\event_option_gate_dense15_zero_dte_win_valthr_wr45_d25_physctx_wf2026_fulljun_excl202605_qqq_v1\event_option_gate_trades.csv,3,0,5,5,18,False,primary,research_papers\JEPA\results\_diagnostics\event_option_dense15_backfill18_wf2026_fulljun_excl202605_qqq_v1,-1500.0
QQQ,20260108,202601,10:00,600,zero_dte,CALL,0.4205086287543925,0.4205086287543925,0.2027880408564477,0.5,-0.3,0.5,thr0.406_maxday1,202601,600,win_valthr_wr45_d25,research_papers\JEPA\results\_diagnostics\event_option_gate_dense15_zero_dte_win_valthr_wr45_d25_physctx_wf2026_fulljun_excl202605_qqq_v1\event_option_gate_trades.csv,4,0,5,6,18,False,primary,research_papers\JEPA\results\_diagnostics\event_option_dense15_backfill18_wf2026_fulljun_excl202605_qqq_v1,2500.0
QQQ,20260109,202601,10:00,600,zero_dte,CALL,0.4189627559986378,0.4189627559986378,0.3525993705251669,-0.3,-0.3,-0.3,thr0.406_maxday1,202601,600,win_valthr_wr45_d25,research_papers\JEPA\results\_diagnostics\event_option_gate_dense15_zero_dte_win_valthr_wr45_d25_physctx_wf2026_fulljun_excl202605_qqq_v1\event_option_gate_trades.csv,5,0,6,7,18,False,primary,research_papers\JEPA\results\_diagnostics\event_option_dense15_backfill18_wf2026_fulljun_excl202605_qqq_v1,-1500.0
QQQ,20260112,202601,10:15,615,zero_dte,PUT,0.4079012450227018,0.2677724099460716,0.4079012450227018,-0.3,-0.3,-0.3,thr0.406_maxday1,202601,615,win_valthr_wr45_d25,research_papers\JEPA\results\_diagnostics\event_option_gate_dense15_zero_dte_win_valthr_wr45_d25_physctx_wf2026_fulljun_excl202605_qqq_v1\event_option_gate_trades.csv,6,0,7,8,18,False,primary,research_papers\JEPA\results\_diagnostics\event_option_dense15_backfill18_wf2026_fulljun_excl202605_qqq_v1,-1500.0
QQQ,20260113,202601,10:00,600,zero_dte,PUT,0.6125189269533512,0.3252389918885252,0.6125189269533512,-0.3,0.5,0.5,thr0.406_maxday1,202601,600,win_valthr_wr45_d25,research_papers\JEPA\results\_diagnostics\event_option_gate_dense15_zero_dte_win_valthr_wr45_d25_physctx_wf2026_fulljun_excl202605_qqq_v1\event_option_gate_trades.csv,7,0,8,9,18,False,primary,research_papers\JEPA\results\_diagnostics\event_option_dense15_backfill18_wf2026_fulljun_excl202605_qqq_v1,2500.0
QQQ,20260114,202601,10:00,600,zero_dte,CALL,0.419140075440249,0.419140075440249,0.1900699180002565,0.5,-0.3,0.5,thr0.406_maxday1,202601,600,win_valthr_wr45_d25,research_papers\JEPA\results\_diagnostics\event_option_gate_dense15_zero_dte_win_valthr_wr45_d25_physctx_wf2026_fulljun_excl202605_qqq_v1\event_option_gate_trades.csv,8,0,9,10,18,False,primary,research_papers\JEPA\results\_diagnostics\event_option_dense15_backfill18_wf2026_fulljun_excl202605_qqq_v1,2500.0
QQQ,20260116,202601,10:15,615,zero_dte,PUT,0.416689460770612,0.3554553684169592,0.416689460770612,-0.3,0.5,0.5,thr0.406_maxday1,202601,615,win_valthr_wr45_d25,research_papers\JEPA\results\_diagnostics\event_option_gate_dense15_zero_dte_win_valthr_wr45_d25_physctx_wf2026_fulljun_excl202605_qqq_v1\event_option_gate_trades.csv,9,0,10,11,18,False,primary,research_papers\JEPA\results\_diagnostics\event_option_dense15_backfill18_wf2026_fulljun_excl202605_qqq_v1,2500.0
QQQ,20260120,202601,10:00,600,zero_dte,PUT,0.5867069858017973,0.3171320582958837,0.5867069858017973,-0.3,-0.3,-0.3,thr0.406_maxday1,202601,600,win_valthr_wr45_d25,research_papers\JEPA\results\_diagnostics\event_option_gate_dense15_zero_dte_win_valthr_wr45_d25_physctx_wf2026_fulljun_excl202605_qqq_v1\event_option_gate_trades.csv,10,0,12,12,18,False,primary,research_papers\JEPA\results\_diagnostics\event_option_dense15_backfill18_wf2026_fulljun_excl202605_qqq_v1,-1500.0
QQQ,20260121,202601,10:30,630,zero_dte,PUT,0.432697280975423,0.2887205344676192,0.432697280975423,0.5,-0.3,-0.3,thr0.406_maxday1,202601,630,win_valthr_wr45_d25,research_papers\JEPA\results\_diagnostics\event_option_gate_dense15_zero_dte_win_valthr_wr45_d25_physctx_wf2026_fulljun_excl202605_qqq_v1\event_option_gate_trades.csv,11,0,13,13,18,False,primary,research_papers\JEPA\results\_diagnostics\event_option_dense15_backfill18_wf2026_fulljun_excl202605_qqq_v1,-1500.0
QQQ,20260122,202601,10:00,600,zero_dte,CALL,0.5334913876064281,0.5334913876064281,0.1912275615317556,0.5,-0.3,0.5,thr0.406_maxday1,202601,600,win_valthr_wr45_d25,research_papers\JEPA\results\_diagnostics\event_option_gate_dense15_zero_dte_win_valthr_wr45_d25_physctx_wf2026_fulljun_excl202605_qqq_v1\event_option_gate_trades.csv,12,0,14,14,18,False,primary,research_papers\JEPA\results\_diagnostics\event_option_dense15_backfill18_wf2026_fulljun_excl202605_qqq_v1,2500.0
QQQ,20260123,202601,10:30,630,zero_dte,PUT,0.4707224029948061,0.2502786053757896,0.4707224029948061,0.5,-0.3,-0.3,thr0.406_maxday1,202601,630,win_valthr_wr45_d25,research_papers\JEPA\results\_diagnostics\event_option_gate_dense15_zero_dte_win_valthr_wr45_d25_physctx_wf2026_fulljun_excl202605_qqq_v1\event_option_gate_trades.csv,13,0,14,15,18,False,primary,research_papers\JEPA\results\_diagnostics\event_option_dense15_backfill18_wf2026_fulljun_excl202605_qqq_v1,-1500.0
QQQ,20260126,202601,11:15,675,zero_dte,PUT,0.4384107891020131,0.262913488047624,0.4384107891020131,-0.3,-0.3,-0.3,thr0.406_maxday1,202601,675,win_valthr_wr45_d25,research_papers\JEPA\results\_diagnostics\event_option_gate_dense15_zero_dte_win_valthr_wr45_d25_physctx_wf2026_fulljun_excl202605_qqq_v1\event_option_gate_trades.csv,14,0,15,16,18,False,primary,research_papers\JEPA\results\_diagnostics\event_option_dense15_backfill18_wf2026_fulljun_excl202605_qqq_v1,-1500.0
QQQ,20260127,202601,10:00,600,zero_dte,PUT,0.530128025383436,0.1646559914762608,0.530128025383436,-0.3,-0.3,-0.3,thr0.406_maxday1,202601,600,win_valthr_wr45_d25,research_papers\JEPA\results\_diagnostics\event_option_gate_dense15_zero_dte_win_valthr_wr45_d25_physctx_wf2026_fulljun_excl202605_qqq_v1\event_option_gate_trades.csv,15,0,16,17,18,False,primary,research_papers\JEPA\results\_diagnostics\event_option_dense15_backfill18_wf2026_fulljun_excl202605_qqq_v1,-1500.0
QQQ,20260128,202601,10:00,600,zero_dte,PUT,0.5691516754272118,0.2086991260146645,0.5691516754272118,-0.3,0.5,0.5,thr0.406_maxday1,202601,600,win_valthr_wr45_d25,research_papers\JEPA\results\_diagnostics\event_option_gate_dense15_zero_dte_win_valthr_wr45_d25_physctx_wf2026_fulljun_excl202605_qqq_v1\event_option_gate_trades.csv,16,0,17,18,18,False,primary,research_papers\JEPA\results\_diagnostics\event_option_dense15_backfill18_wf2026_fulljun_excl202605_qqq_v1,2500.0
QQQ,20260129,202601,10:00,600,zero_dte,PUT,0.5007864373946365,0.3468110447645404,0.5007864373946365,-0.3,0.5,0.5,thr0.406_maxday1,202601,600,win_valthr_wr45_d25,research_papers\JEPA\results\_diagnostics\event_option_gate_dense15_zero_dte_win_valthr_wr45_d25_physctx_wf2026_fulljun_excl202605_qqq_v1\event_option_gate_trades.csv,17,0,18,19,18,False,primary,research_papers\JEPA\results\_diagnostics\event_option_dense15_backfill18_wf2026_fulljun_excl202605_qqq_v1,2500.0
QQQ,20260130,202601,10:15,615,zero_dte,PUT,0.5074486749390649,0.2606472183184052,0.5074486749390649,-0.3,0.5,0.5,thr0.406_maxday1,202601,615,win_valthr_wr45_d25,research_papers\JEPA\results\_diagnostics\event_option_gate_dense15_zero_dte_win_valthr_wr45_d25_physctx_wf2026_fulljun_excl202605_qqq_v1\event_option_gate_trades.csv,18,0,18,20,18,False,primary,research_papers\JEPA\results\_diagnostics\event_option_dense15_backfill18_wf2026_fulljun_excl202605_qqq_v1,2500.0
QQQ,20260202,202602,10:00,600,zero_dte,PUT,0.3617438354447596,0.3419442791460804,0.3617438354447596,0.5,-0.3,-0.3,thr-999.000_maxday1,202602,600,win_valthr_wr45_d25,research_papers\JEPA\results\_diagnostics\event_option_gate_dense15_zero_dte_win_valthr_wr45_d25_physctx_wf2026_fulljun_excl202605_qqq_v1\event_option_gate_trades.csv,19,0,1,0,18,False,primary,research_papers\JEPA\results\_diagnostics\event_option_dense15_backfill18_wf2026_fulljun_excl202605_qqq_v1,-1500.0
QQQ,20260203,202602,10:00,600,zero_dte,PUT,0.7153293936639888,0.1651863213927014,0.7153293936639888,-0.3,0.5,0.5,thr-999.000_maxday1,202602,600,win_valthr_wr45_d25,research_papers\JEPA\results\_diagnostics\event_option_gate_dense15_zero_dte_win_valthr_wr45_d25_physctx_wf2026_fulljun_excl202605_qqq_v1\event_option_gate_trades.csv,20,0,2,1,18,False,primary,research_papers\JEPA\results\_diagnostics\event_option_dense15_backfill18_wf2026_fulljun_excl202605_qqq_v1,2500.0
QQQ,20260204,202602,10:00,600,zero_dte,CALL,0.363586613557204,0.363586613557204,0.2442751987665063,0.5,-0.3,0.5,thr-999.000_maxday1,202602,600,win_valthr_wr45_d25,research_papers\JEPA\results\_diagnostics\event_option_gate_dense15_zero_dte_win_valthr_wr45_d25_physctx_wf2026_fulljun_excl202605_qqq_v1\event_option_gate_trades.csv,21,0,3,2,18,False,primary,research_papers\JEPA\results\_diagnostics\event_option_dense15_backfill18_wf2026_fulljun_excl202605_qqq_v1,2500.0
QQQ,20260205,202602,10:00,600,zero_dte,PUT,0.6009221681924871,0.2091069113204289,0.6009221681924871,-0.3,0.5,0.5,thr-999.000_maxday1,202602,600,win_valthr_wr45_d25,research_papers\JEPA\results\_diagnostics\event_option_gate_dense15_zero_dte_win_valthr_wr45_d25_physctx_wf2026_fulljun_excl202605_qqq_v1\event_option_gate_trades.csv,22,0,4,3,18,False,primary,research_papers\JEPA\results\_diagnostics\event_option_dense15_backfill18_wf2026_fulljun_excl202605_qqq_v1,2500.0
QQQ,20260206,202602,10:00,600,zero_dte,PUT,0.5913469036048724,0.2465364033777795,0.5913469036048724,-0.3,0.5,0.5,thr-999.000_maxday1,202602,600,win_valthr_wr45_d25,research_papers\JEPA\results\_diagnostics\event_option_gate_dense15_zero_dte_win_valthr_wr45_d25_physctx_wf2026_fulljun_excl202605_qqq_v1\event_option_gate_trades.csv,23,0,5,4,18,False,primary,research_papers\JEPA\results\_diagnostics\event_option_dense15_backfill18_wf2026_fulljun_excl202605_qqq_v1,2500.0
QQQ,20260209,202602,10:00,600,zero_dte,PUT,0.5436254996734451,0.2413994738691104,0.5436254996734451,0.5,-0.3,-0.3,thr-999.000_maxday1,202602,600,win_valthr_wr45_d25,research_papers\JEPA\results\_diagnostics\event_option_gate_dense15_zero_dte_win_valthr_wr45_d25_physctx_wf2026_fulljun_excl202605_qqq_v1\event_option_gate_trades.csv,24,0,6,5,18,False,primary,research_papers\JEPA\results\_diagnostics\event_option_dense15_backfill18_wf2026_fulljun_excl202605_qqq_v1,-1500.0
QQQ,20260210,202602,10:00,600,zero_dte,PUT,0.5306847568617203,0.2190226116176668,0.5306847568617203,0.5,-0.3,-0.3,thr-999.000_maxday1,202602,600,win_valthr_wr45_d25,research_papers\JEPA\results\_diagnostics\event_option_gate_dense15_zero_dte_win_valthr_wr45_d25_physctx_wf2026_fulljun_excl202605_qqq_v1\event_option_gate_trades.csv,25,0,7,6,18,False,primary,research_papers\JEPA\results\_diagnostics\event_option_dense15_backfill18_wf2026_fulljun_excl202605_qqq_v1,-1500.0
QQQ,20260211,202602,10:00,600,zero_dte,PUT,0.7993737376830783,0.164956256899278,0.7993737376830783,-0.3,0.5,0.5,thr-999.000_maxday1,202602,600,win_valthr_wr45_d25,research_papers\JEPA\results\_diagnostics\event_option_gate_dense15_zero_dte_win_valthr_wr45_d25_physctx_wf2026_fulljun_excl202605_qqq_v1\event_option_gate_trades.csv,26,0,8,7,18,False,primary,research_papers\JEPA\results\_diagnostics\event_option_dense15_backfill18_wf2026_fulljun_excl202605_qqq_v1,2500.0
QQQ,20260212,202602,10:00,600,zero_dte,CALL,0.4088862378526303,0.4088862378526303,0.2595143504527069,0.5,-0.3,0.5,thr-999.000_maxday1,202602,600,win_valthr_wr45_d25,research_papers\JEPA\results\_diagnostics\event_option_gate_dense15_zero_dte_win_valthr_wr45_d25_physctx_wf2026_fulljun_excl202605_qqq_v1\event_option_gate_trades.csv,27,0,9,8,18,False,primary,research_papers\JEPA\results\_diagnostics\event_option_dense15_backfill18_wf2026_fulljun_excl202605_qqq_v1,2500.0
QQQ,20260213,202602,10:00,600,zero_dte,PUT,0.7242760520675952,0.159517343703238,0.7242760520675952,0.5,-0.3,-0.3,thr-999.000_maxday1,202602,600,win_valthr_wr45_d25,research_papers\JEPA\results\_diagnostics\event_option_gate_dense15_zero_dte_win_valthr_wr45_d25_physctx_wf2026_fulljun_excl202605_qqq_v1\event_option_gate_trades.csv,28,0,9,9,18,False,primary,research_papers\JEPA\results\_diagnostics\event_option_dense15_backfill18_wf2026_fulljun_excl202605_qqq_v1,-1500.0
QQQ,20260217,202602,10:00,600,zero_dte,CALL,0.3737897159455522,0.3737897159455522,0.2480783911602105,0.5,-0.3,0.5,thr-999.000_maxday1,202602,600,win_valthr_wr45_d25,research_papers\JEPA\results\_diagnostics\event_option_gate_dense15_zero_dte_win_valthr_wr45_d25_physctx_wf2026_fulljun_excl202605_qqq_v1\event_option_gate_trades.csv,29,0,11,10,18,False,primary,research_papers\JEPA\results\_diagnostics\event_option_dense15_backfill18_wf2026_fulljun_excl202605_qqq_v1,2500.0
QQQ,20260218,202602,10:00,600,zero_dte,CALL,0.3147612182671913,0.3147612182671913,0.2830673130549065,0.5,-0.3,0.5,thr-999.000_maxday1,202602,600,win_valthr_wr45_d25,research_papers\JEPA\results\_diagnostics\event_option_gate_dense15_zero_dte_win_valthr_wr45_d25_physctx_wf2026_fulljun_excl202605_qqq_v1\event_option_gate_trades.csv,30,0,12,11,18,False,primary,research_papers\JEPA\results\_diagnostics\event_option_dense15_backfill18_wf2026_fulljun_excl202605_qqq_v1,2500.0
QQQ,20260219,202602,10:00,600,zero_dte,PUT,0.5189550110235415,0.2185777145440008,0.5189550110235415,0.5,-0.3,-0.3,thr-999.000_maxday1,202602,600,win_valthr_wr45_d25,research_papers\JEPA\results\_diagnostics\event_option_gate_dense15_zero_dte_win_valthr_wr45_d25_physctx_wf2026_fulljun_excl202605_qqq_v1\event_option_gate_trades.csv,31,0,13,12,18,False,primary,research_papers\JEPA\results\_diagnostics\event_option_dense15_backfill18_wf2026_fulljun_excl202605_qqq_v1,-1500.0
QQQ,20260220,202602,10:00,600,zero_dte,PUT,0.4671957704918629,0.282158390133208,0.4671957704918629,0.5,-0.3,-0.3,thr-999.000_maxday1,202602,600,win_valthr_wr45_d25,research_papers\JEPA\results\_diagnostics\event_option_gate_dense15_zero_dte_win_valthr_wr45_d25_physctx_wf2026_fulljun_excl202605_qqq_v1\event_option_gate_trades.csv,32,0,14,13,18,False,primary,research_papers\JEPA\results\_diagnostics\event_option_dense15_backfill18_wf2026_fulljun_excl202605_qqq_v1,-1500.0
QQQ,20260223,202602,10:00,600,zero_dte,PUT,0.4132381074917833,0.1996908676183688,0.4132381074917833,-0.3,0.5,0.5,thr-999.000_maxday1,202602,600,win_valthr_wr45_d25,research_papers\JEPA\results\_diagnostics\event_option_gate_dense15_zero_dte_win_valthr_wr45_d25_physctx_wf2026_fulljun_excl202605_qqq_v1\event_option_gate_trades.csv,33,0,15,14,18,False,primary,research_papers\JEPA\results\_diagnostics\event_option_dense15_backfill18_wf2026_fulljun_excl202605_qqq_v1,2500.0
QQQ,20260224,202602,10:00,600,zero_dte,PUT,0.5227368594141335,0.2779322115432128,0.5227368594141335,0.5,-0.3,-0.3,thr-999.000_maxday1,202602,600,win_valthr_wr45_d25,research_papers\JEPA\results\_diagnostics\event_option_gate_dense15_zero_dte_win_valthr_wr45_d25_physctx_wf2026_fulljun_excl202605_qqq_v1\event_option_gate_trades.csv,34,0,16,15,18,False,primary,research_papers\JEPA\results\_diagnostics\event_option_dense15_backfill18_wf2026_fulljun_excl202605_qqq_v1,-1500.0
QQQ,20260225,202602,10:00,600,zero_dte,PUT,0.4953765033470266,0.1208043657706674,0.4953765033470266,-0.3,-0.3,-0.3,thr-999.000_maxday1,202602,600,win_valthr_wr45_d25,research_papers\JEPA\results\_diagnostics\event_option_gate_dense15_zero_dte_win_valthr_wr45_d25_physctx_wf2026_fulljun_excl202605_qqq_v1\event_option_gate_trades.csv,35,0,17,16,18,False,primary,research_papers\JEPA\results\_diagnostics\event_option_dense15_backfill18_wf2026_fulljun_excl202605_qqq_v1,-1500.0
QQQ,20260226,202602,10:00,600,zero_dte,PUT,0.7603611461626947,0.1930556161668138,0.7603611461626947,-0.3,0.5,0.5,thr-999.000_maxday1,202602,600,win_valthr_wr45_d25,research_papers\JEPA\results\_diagnostics\event_option_gate_dense15_zero_dte_win_valthr_wr45_d25_physctx_wf2026_fulljun_excl202605_qqq_v1\event_option_gate_trades.csv,36,0,18,17,18,False,primary,research_papers\JEPA\results\_diagnostics\event_option_dense15_backfill18_wf2026_fulljun_excl202605_qqq_v1,2500.0
QQQ,20260227,202602,10:00,600,zero_dte,PUT,0.4158599471038645,0.3047206621441539,0.4158599471038645,0.5,-0.3,-0.3,thr-999.000_maxday1,202602,600,win_valthr_wr45_d25,research_papers\JEPA\results\_diagnostics\event_option_gate_dense15_zero_dte_win_valthr_wr45_d25_physctx_wf2026_fulljun_excl202605_qqq_v1\event_option_gate_trades.csv,37,0,18,18,18,False,primary,research_papers\JEPA\results\_diagnostics\event_option_dense15_backfill18_wf2026_fulljun_excl202605_qqq_v1,-1500.0
QQQ,20260302,202603,10:00,600,zero_dte,CALL,-0.2546644583923271,-0.2546644583923271,-0.2720000115036964,0.5,-0.3,0.5,thr-999.000_maxday3,202603,600,forcedmax3_d50,research_papers\JEPA\results\_diagnostics\event_option_gate_dense15_zero_dte_return_forcedmax3_d50_physctx_wf2026_fulljun_excl202605_qqq_v1\event_option_gate_trades.csv,117,1,1,0,18,False,fallback_volume_pace,research_papers\JEPA\results\_diagnostics\event_option_dense15_backfill18_wf2026_fulljun_excl202605_qqq_v1,2500.0
QQQ,20260303,202603,10:00,600,zero_dte,PUT,0.7362966414395128,0.2554303069839489,0.7362966414395128,-0.3,0.5,0.5,thr0.480_maxday3,202603,600,win_valthr_wr45_d25,research_papers\JEPA\results\_diagnostics\event_option_gate_dense15_zero_dte_win_valthr_wr45_d25_physctx_wf2026_fulljun_excl202605_qqq_v1\event_option_gate_trades.csv,38,0,2,1,18,False,primary,research_papers\JEPA\results\_diagnostics\event_option_dense15_backfill18_wf2026_fulljun_excl202605_qqq_v1,2500.0
QQQ,20260303,202603,11:30,690,zero_dte,CALL,0.4836894289316284,0.4836894289316284,0.2958664033491516,-0.3,-0.3,-0.3,thr0.480_maxday3,202603,690,win_valthr_wr45_d25,research_papers\JEPA\results\_diagnostics\event_option_gate_dense15_zero_dte_win_valthr_wr45_d25_physctx_wf2026_fulljun_excl202605_qqq_v1\event_option_gate_trades.csv,39,0,2,2,18,False,primary,research_papers\JEPA\results\_diagnostics\event_option_dense15_backfill18_wf2026_fulljun_excl202605_qqq_v1,-1500.0
QQQ,20260303,202603,12:45,765,zero_dte,CALL,0.4809898657193528,0.4809898657193528,0.3012476507792806,-0.3,0.5,-0.3,thr0.480_maxday3,202603,765,win_valthr_wr45_d25,research_papers\JEPA\results\_diagnostics\event_option_gate_dense15_zero_dte_win_valthr_wr45_d25_physctx_wf2026_fulljun_excl202605_qqq_v1\event_option_gate_trades.csv,40,0,2,3,18,False,primary,research_papers\JEPA\results\_diagnostics\event_option_dense15_backfill18_wf2026_fulljun_excl202605_qqq_v1,-1500.0
QQQ,20260304,202603,10:00,600,zero_dte,CALL,0.5466549451527957,0.5466549451527957,0.2987152818262953,-0.3,0.5,-0.3,thr0.480_maxday3,202603,600,win_valthr_wr45_d25,research_papers\JEPA\results\_diagnostics\event_option_gate_dense15_zero_dte_win_valthr_wr45_d25_physctx_wf2026_fulljun_excl202605_qqq_v1\event_option_gate_trades.csv,41,0,3,4,18,False,primary,research_papers\JEPA\results\_diagnostics\event_option_dense15_backfill18_wf2026_fulljun_excl202605_qqq_v1,-1500.0
QQQ,20260304,202603,14:15,855,zero_dte,CALL,0.4818600204154774,0.4818600204154774,0.201400247908237,-0.3,0.5,-0.3,thr0.480_maxday3,202603,855,win_valthr_wr45_d25,research_papers\JEPA\results\_diagnostics\event_option_gate_dense15_zero_dte_win_valthr_wr45_d25_physctx_wf2026_fulljun_excl202605_qqq_v1\event_option_gate_trades.csv,42,0,3,5,18,False,primary,research_papers\JEPA\results\_diagnostics\event_option_dense15_backfill18_wf2026_fulljun_excl202605_qqq_v1,-1500.0
QQQ,20260305,202603,10:00,600,zero_dte,PUT,0.6061880649896277,0.1484650104413609,0.6061880649896277,-0.3,0.5,0.5,thr0.480_maxday3,202603,600,win_valthr_wr45_d25,research_papers\JEPA\results\_diagnostics\event_option_gate_dense15_zero_dte_win_valthr_wr45_d25_physctx_wf2026_fulljun_excl202605_qqq_v1\event_option_gate_trades.csv,43,0,4,6,18,False,primary,research_papers\JEPA\results\_diagnostics\event_option_dense15_backfill18_wf2026_fulljun_excl202605_qqq_v1,2500.0
QQQ,20260306,202603,12:30,750,zero_dte,CALL,0.502286555688765,0.502286555688765,0.3404303003003973,-0.3,0.5,-0.3,thr0.480_maxday3,202603,750,win_valthr_wr45_d25,research_papers\JEPA\results\_diagnostics\event_option_gate_dense15_zero_dte_win_valthr_wr45_d25_physctx_wf2026_fulljun_excl202605_qqq_v1\event_option_gate_trades.csv,44,0,5,7,18,False,primary,research_papers\JEPA\results\_diagnostics\event_option_dense15_backfill18_wf2026_fulljun_excl202605_qqq_v1,-1500.0
QQQ,20260309,202603,10:15,615,zero_dte,CALL,0.4886908539481256,0.4886908539481256,0.2691768162267938,0.5,-0.3,0.5,thr0.480_maxday3,202603,615,win_valthr_wr45_d25,research_papers\JEPA\results\_diagnostics\event_option_gate_dense15_zero_dte_win_valthr_wr45_d25_physctx_wf2026_fulljun_excl202605_qqq_v1\event_option_gate_trades.csv,45,0,5,8,18,False,primary,research_papers\JEPA\results\_diagnostics\event_option_dense15_backfill18_wf2026_fulljun_excl202605_qqq_v1,2500.0
QQQ,20260309,202603,13:00,780,zero_dte,CALL,0.5298306287216994,0.5298306287216994,0.2687177689327172,-0.3,0.5,-0.3,thr0.480_maxday3,202603,780,win_valthr_wr45_d25,research_papers\JEPA\results\_diagnostics\event_option_gate_dense15_zero_dte_win_valthr_wr45_d25_physctx_wf2026_fulljun_excl202605_qqq_v1\event_option_gate_trades.csv,46,0,5,9,18,False,primary,research_papers\JEPA\results\_diagnostics\event_option_dense15_backfill18_wf2026_fulljun_excl202605_qqq_v1,-1500.0
QQQ,20260310,202603,10:00,600,zero_dte,CALL,0.6114569408379323,0.6114569408379323,0.1816758320682401,0.5,-0.3,0.5,thr0.480_maxday3,202603,600,win_valthr_wr45_d25,research_papers\JEPA\results\_diagnostics\event_option_gate_dense15_zero_dte_win_valthr_wr45_d25_physctx_wf2026_fulljun_excl202605_qqq_v1\event_option_gate_trades.csv,47,0,6,10,18,False,primary,research_papers\JEPA\results\_diagnostics\event_option_dense15_backfill18_wf2026_fulljun_excl202605_qqq_v1,2500.0
QQQ,20260310,202603,10:30,630,zero_dte,PUT,0.5134208841097649,0.2644029014957321,0.5134208841097649,0.5,-0.3,-0.3,thr0.480_maxday3,202603,630,win_valthr_wr45_d25,research_papers\JEPA\results\_diagnostics\event_option_gate_dense15_zero_dte_win_valthr_wr45_d25_physctx_wf2026_fulljun_excl202605_qqq_v1\event_option_gate_trades.csv,48,0,6,11,18,False,primary,research_papers\JEPA\results\_diagnostics\event_option_dense15_backfill18_wf2026_fulljun_excl202605_qqq_v1,-1500.0
QQQ,20260310,202603,13:00,780,zero_dte,CALL,0.4822524359145029,0.4822524359145029,0.313580473001858,0.5,-0.3,0.5,thr0.480_maxday3,202603,780,win_valthr_wr45_d25,research_papers\JEPA\results\_diagnostics\event_option_gate_dense15_zero_dte_win_valthr_wr45_d25_physctx_wf2026_fulljun_excl202605_qqq_v1\event_option_gate_trades.csv,49,0,6,12,18,False,primary,research_papers\JEPA\results\_diagnostics\event_option_dense15_backfill18_wf2026_fulljun_excl202605_qqq_v1,2500.0
QQQ,20260311,202603,10:00,600,zero_dte,PUT,0.6687163124984891,0.1473173327787778,0.6687163124984891,-0.3,0.5,0.5,thr0.480_maxday3,202603,600,win_valthr_wr45_d25,research_papers\JEPA\results\_diagnostics\event_option_gate_dense15_zero_dte_win_valthr_wr45_d25_physctx_wf2026_fulljun_excl202605_qqq_v1\event_option_gate_trades.csv,50,0,7,13,18,False,primary,research_papers\JEPA\results\_diagnostics\event_option_dense15_backfill18_wf2026_fulljun_excl202605_qqq_v1,2500.0
QQQ,20260311,202603,10:45,645,zero_dte,CALL,0.5056943956432332,0.5056943956432332,0.3428594575435705,-0.3,-0.3,-0.3,thr0.480_maxday3,202603,645,win_valthr_wr45_d25,research_papers\JEPA\results\_diagnostics\event_option_gate_dense15_zero_dte_win_valthr_wr45_d25_physctx_wf2026_fulljun_excl202605_qqq_v1\event_option_gate_trades.csv,51,0,7,14,18,False,primary,research_papers\JEPA\results\_diagnostics\event_option_dense15_backfill18_wf2026_fulljun_excl202605_qqq_v1,-1500.0
QQQ,20260311,202603,11:45,705,zero_dte,CALL,0.5005143879353178,0.5005143879353178,0.3382170494172799,0.5,-0.3,0.5,thr0.480_maxday3,202603,705,win_valthr_wr45_d25,research_papers\JEPA\results\_diagnostics\event_option_gate_dense15_zero_dte_win_valthr_wr45_d25_physctx_wf2026_fulljun_excl202605_qqq_v1\event_option_gate_trades.csv,52,0,7,15,18,False,primary,research_papers\JEPA\results\_diagnostics\event_option_dense15_backfill18_wf2026_fulljun_excl202605_qqq_v1,2500.0
QQQ,20260312,202603,10:15,615,zero_dte,CALL,0.5848897164828694,0.5848897164828694,0.3480954716923957,-0.3,0.5,-0.3,thr0.480_maxday3,202603,615,win_valthr_wr45_d25,research_papers\JEPA\results\_diagnostics\event_option_gate_dense15_zero_dte_win_valthr_wr45_d25_physctx_wf2026_fulljun_excl202605_qqq_v1\event_option_gate_trades.csv,53,0,8,16,18,False,primary,research_papers\JEPA\results\_diagnostics\event_option_dense15_backfill18_wf2026_fulljun_excl202605_qqq_v1,-1500.0
QQQ,20260313,202603,10:00,600,zero_dte,PUT,0.5887203883682484,0.2569000518151536,0.5887203883682484,-0.3,0.5,0.5,thr0.480_maxday3,202603,600,win_valthr_wr45_d25,research_papers\JEPA\results\_diagnostics\event_option_gate_dense15_zero_dte_win_valthr_wr45_d25_physctx_wf2026_fulljun_excl202605_qqq_v1\event_option_gate_trades.csv,54,0,9,17,18,False,primary,research_papers\JEPA\results\_diagnostics\event_option_dense15_backfill18_wf2026_fulljun_excl202605_qqq_v1,2500.0
QQQ,20260313,202603,13:30,810,zero_dte,CALL,0.4939494824046444,0.4939494824046444,0.3315702897801719,-0.3,0.5,-0.3,thr0.480_maxday3,202603,810,win_valthr_wr45_d25,research_papers\JEPA\results\_diagnostics\event_option_gate_dense15_zero_dte_win_valthr_wr45_d25_physctx_wf2026_fulljun_excl202605_qqq_v1\event_option_gate_trades.csv,55,0,9,18,18,False,primary,research_papers\JEPA\results\_diagnostics\event_option_dense15_backfill18_wf2026_fulljun_excl202605_qqq_v1,-1500.0
QQQ,20260317,202603,10:45,645,zero_dte,CALL,0.5252083792809334,0.5252083792809334,0.2640728657430933,-0.3,0.5,-0.3,thr0.480_maxday3,202603,645,win_valthr_wr45_d25,research_papers\JEPA\results\_diagnostics\event_option_gate_dense15_zero_dte_win_valthr_wr45_d25_physctx_wf2026_fulljun_excl202605_qqq_v1\event_option_gate_trades.csv,56,0,10,19,18,False,primary,research_papers\JEPA\results\_diagnostics\event_option_dense15_backfill18_wf2026_fulljun_excl202605_qqq_v1,-1500.0
QQQ,20260317,202603,14:15,855,zero_dte,CALL,0.5123570109728406,0.5123570109728406,0.3323329392124059,-0.3,0.5,-0.3,thr0.480_maxday3,202603,855,win_valthr_wr45_d25,research_papers\JEPA\results\_diagnostics\event_option_gate_dense15_zero_dte_win_valthr_wr45_d25_physctx_wf2026_fulljun_excl202605_qqq_v1\event_option_gate_trades.csv,57,0,10,20,18,False,primary,research_papers\JEPA\results\_diagnostics\event_option_dense15_backfill18_wf2026_fulljun_excl202605_qqq_v1,-1500.0
QQQ,20260318,202603,10:00,600,zero_dte,PUT,0.5560197890320596,0.3833461117827688,0.5560197890320596,-0.3,0.5,0.5,thr0.480_maxday3,202603,600,win_valthr_wr45_d25,research_papers\JEPA\results\_diagnostics\event_option_gate_dense15_zero_dte_win_valthr_wr45_d25_physctx_wf2026_fulljun_excl202605_qqq_v1\event_option_gate_trades.csv,58,0,11,21,18,False,primary,research_papers\JEPA\results\_diagnostics\event_option_dense15_backfill18_wf2026_fulljun_excl202605_qqq_v1,2500.0
QQQ,20260318,202603,11:00,660,zero_dte,PUT,0.4927307126857406,0.3477513946898633,0.4927307126857406,-0.3,0.5,0.5,thr0.480_maxday3,202603,660,win_valthr_wr45_d25,research_papers\JEPA\results\_diagnostics\event_option_gate_dense15_zero_dte_win_valthr_wr45_d25_physctx_wf2026_fulljun_excl202605_qqq_v1\event_option_gate_trades.csv,59,0,11,22,18,False,primary,research_papers\JEPA\results\_diagnostics\event_option_dense15_backfill18_wf2026_fulljun_excl202605_qqq_v1,2500.0
QQQ,20260318,202603,11:30,690,zero_dte,CALL,0.5010070151064845,0.5010070151064845,0.3403585234422106,-0.3,0.5,-0.3,thr0.480_maxday3,202603,690,win_valthr_wr45_d25,research_papers\JEPA\results\_diagnostics\event_option_gate_dense15_zero_dte_win_valthr_wr45_d25_physctx_wf2026_fulljun_excl202605_qqq_v1\event_option_gate_trades.csv,60,0,11,23,18,False,primary,research_papers\JEPA\results\_diagnostics\event_option_dense15_backfill18_wf2026_fulljun_excl202605_qqq_v1,-1500.0
QQQ,20260319,202603,10:00,600,zero_dte,PUT,0.5491466182098462,0.2233513223787634,0.5491466182098462,-0.3,0.5,0.5,thr0.480_maxday3,202603,600,win_valthr_wr45_d25,research_papers\JEPA\results\_diagnostics\event_option_gate_dense15_zero_dte_win_valthr_wr45_d25_physctx_wf2026_fulljun_excl202605_qqq_v1\event_option_gate_trades.csv,61,0,12,24,18,False,primary,research_papers\JEPA\results\_diagnostics\event_option_dense15_backfill18_wf2026_fulljun_excl202605_qqq_v1,2500.0
QQQ,20260319,202603,13:30,810,zero_dte,CALL,0.5067211690534251,0.5067211690534251,0.2819214115875902,-0.3,0.5,-0.3,thr0.480_maxday3,202603,810,win_valthr_wr45_d25,research_papers\JEPA\results\_diagnostics\event_option_gate_dense15_zero_dte_win_valthr_wr45_d25_physctx_wf2026_fulljun_excl202605_qqq_v1\event_option_gate_trades.csv,62,0,12,25,18,False,primary,research_papers\JEPA\results\_diagnostics\event_option_dense15_backfill18_wf2026_fulljun_excl202605_qqq_v1,-1500.0
QQQ,20260320,202603,10:30,630,zero_dte,PUT,0.5188372560791201,0.2521576215012872,0.5188372560791201,-0.3,-0.3,-0.3,thr0.480_maxday3,202603,630,win_valthr_wr45_d25,research_papers\JEPA\results\_diagnostics\event_option_gate_dense15_zero_dte_win_valthr_wr45_d25_physctx_wf2026_fulljun_excl202605_qqq_v1\event_option_gate_trades.csv,63,0,13,26,18,False,primary,research_papers\JEPA\results\_diagnostics\event_option_dense15_backfill18_wf2026_fulljun_excl202605_qqq_v1,-1500.0
QQQ,20260323,202603,10:00,600,zero_dte,CALL,0.5551322225492635,0.5551322225492635,0.2207493383120034,-0.3,-0.3,-0.3,thr0.480_maxday3,202603,600,win_valthr_wr45_d25,research_papers\JEPA\results\_diagnostics\event_option_gate_dense15_zero_dte_win_valthr_wr45_d25_physctx_wf2026_fulljun_excl202605_qqq_v1\event_option_gate_trades.csv,64,0,14,27,18,False,primary,research_papers\JEPA\results\_diagnostics\event_option_dense15_backfill18_wf2026_fulljun_excl202605_qqq_v1,-1500.0
QQQ,20260323,202603,10:45,645,zero_dte,CALL,0.502187855017217,0.502187855017217,0.3077434234682372,0.5,-0.3,0.5,thr0.480_maxday3,202603,645,win_valthr_wr45_d25,research_papers\JEPA\results\_diagnostics\event_option_gate_dense15_zero_dte_win_valthr_wr45_d25_physctx_wf2026_fulljun_excl202605_qqq_v1\event_option_gate_trades.csv,65,0,14,28,18,False,primary,research_papers\JEPA\results\_diagnostics\event_option_dense15_backfill18_wf2026_fulljun_excl202605_qqq_v1,2500.0
QQQ,20260323,202603,11:15,675,zero_dte,CALL,0.4998102763906593,0.4998102763906593,0.2806588429919501,-0.3,0.5,-0.3,thr0.480_maxday3,202603,675,win_valthr_wr45_d25,research_papers\JEPA\results\_diagnostics\event_option_gate_dense15_zero_dte_win_valthr_wr45_d25_physctx_wf2026_fulljun_excl202605_qqq_v1\event_option_gate_trades.csv,66,0,14,29,18,False,primary,research_papers\JEPA\results\_diagnostics\event_option_dense15_backfill18_wf2026_fulljun_excl202605_qqq_v1,-1500.0
QQQ,20260324,202603,10:00,600,zero_dte,CALL,0.494207905784685,0.494207905784685,0.3194681300957409,-0.3,0.5,-0.3,thr0.480_maxday3,202603,600,win_valthr_wr45_d25,research_papers\JEPA\results\_diagnostics\event_option_gate_dense15_zero_dte_win_valthr_wr45_d25_physctx_wf2026_fulljun_excl202605_qqq_v1\event_option_gate_trades.csv,67,0,14,30,18,False,primary,research_papers\JEPA\results\_diagnostics\event_option_dense15_backfill18_wf2026_fulljun_excl202605_qqq_v1,-1500.0
QQQ,20260324,202603,10:45,645,zero_dte,CALL,0.5129045891828337,0.5129045891828337,0.3340543743492271,0.5,-0.3,0.5,thr0.480_maxday3,202603,645,win_valthr_wr45_d25,research_papers\JEPA\results\_diagnostics\event_option_gate_dense15_zero_dte_win_valthr_wr45_d25_physctx_wf2026_fulljun_excl202605_qqq_v1\event_option_gate_trades.csv,68,0,14,31,18,False,primary,research_papers\JEPA\results\_diagnostics\event_option_dense15_backfill18_wf2026_fulljun_excl202605_qqq_v1,2500.0
QQQ,20260324,202603,11:45,705,zero_dte,CALL,0.5354124692396495,0.5354124692396495,0.3061039272896687,-0.3,0.5,-0.3,thr0.480_maxday3,202603,705,win_valthr_wr45_d25,research_papers\JEPA\results\_diagnostics\event_option_gate_dense15_zero_dte_win_valthr_wr45_d25_physctx_wf2026_fulljun_excl202605_qqq_v1\event_option_gate_trades.csv,69,0,14,32,18,False,primary,research_papers\JEPA\results\_diagnostics\event_option_dense15_backfill18_wf2026_fulljun_excl202605_qqq_v1,-1500.0
QQQ,20260325,202603,10:00,600,zero_dte,CALL,0.6848298014112187,0.6848298014112187,0.1920683763922669,0.5,-0.3,0.5,thr0.480_maxday3,202603,600,win_valthr_wr45_d25,research_papers\JEPA\results\_diagnostics\event_option_gate_dense15_zero_dte_win_valthr_wr45_d25_physctx_wf2026_fulljun_excl202605_qqq_v1\event_option_gate_trades.csv,70,0,15,33,18,False,primary,research_papers\JEPA\results\_diagnostics\event_option_dense15_backfill18_wf2026_fulljun_excl202605_qqq_v1,2500.0
QQQ,20260325,202603,11:45,705,zero_dte,CALL,0.504907866592873,0.504907866592873,0.2883619445835876,0.5,-0.3,0.5,thr0.480_maxday3,202603,705,win_valthr_wr45_d25,research_papers\JEPA\results\_diagnostics\event_option_gate_dense15_zero_dte_win_valthr_wr45_d25_physctx_wf2026_fulljun_excl202605_qqq_v1\event_option_gate_trades.csv,71,0,15,34,18,False,primary,research_papers\JEPA\results\_diagnostics\event_option_dense15_backfill18_wf2026_fulljun_excl202605_qqq_v1,2500.0
QQQ,20260326,202603,10:00,600,zero_dte,PUT,0.5580001151645819,0.2571929651681209,0.5580001151645819,-0.3,-0.3,-0.3,thr0.480_maxday3,202603,600,win_valthr_wr45_d25,research_papers\JEPA\results\_diagnostics\event_option_gate_dense15_zero_dte_win_valthr_wr45_d25_physctx_wf2026_fulljun_excl202605_qqq_v1\event_option_gate_trades.csv,72,0,16,35,18,False,primary,research_papers\JEPA\results\_diagnostics\event_option_dense15_backfill18_wf2026_fulljun_excl202605_qqq_v1,-1500.0
QQQ,20260331,202603,10:00,600,zero_dte,PUT,0.5164554789227207,0.1466610362571954,0.5164554789227207,-0.3,0.5,0.5,thr0.480_maxday3,202603,600,win_valthr_wr45_d25,research_papers\JEPA\results\_diagnostics\event_option_gate_dense15_zero_dte_win_valthr_wr45_d25_physctx_wf2026_fulljun_excl202605_qqq_v1\event_option_gate_trades.csv,73,0,18,36,18,False,primary,research_papers\JEPA\results\_diagnostics\event_option_dense15_backfill18_wf2026_fulljun_excl202605_qqq_v1,2500.0
QQQ,20260402,202604,10:00,600,zero_dte,CALL,0.5206196885823735,0.5206196885823735,0.200426572625165,-0.3,-0.3,-0.3,thr0.423_maxday1,202604,600,win_valthr_wr45_d25,research_papers\JEPA\results\_diagnostics\event_option_gate_dense15_zero_dte_win_valthr_wr45_d25_physctx_wf2026_fulljun_excl202605_qqq_v1\event_option_gate_trades.csv,74,0,2,0,18,False,primary,research_papers\JEPA\results\_diagnostics\event_option_dense15_backfill18_wf2026_fulljun_excl202605_qqq_v1,-1500.0
QQQ,20260402,202604,10:30,630,zero_dte,CALL,-0.1771062705097436,-0.1771062705097436,-0.3000000119209289,0.5,-0.3,0.5,thr-999.000_maxday3,202604,630,forcedmax3_d50,research_papers\JEPA\results\_diagnostics\event_option_gate_dense15_zero_dte_return_forcedmax3_d50_physctx_wf2026_fulljun_excl202605_qqq_v1\event_option_gate_trades.csv,184,1,2,1,18,False,fallback_volume_pace,research_papers\JEPA\results\_diagnostics\event_option_dense15_backfill18_wf2026_fulljun_excl202605_qqq_v1,2500.0
QQQ,20260406,202604,10:00,600,zero_dte,PUT,-0.1461019082094762,-0.3000000119209289,-0.1461019082094762,-0.3,0.5,0.5,thr-999.000_maxday3,202604,600,forcedmax3_d50,research_papers\JEPA\results\_diagnostics\event_option_gate_dense15_zero_dte_return_forcedmax3_d50_physctx_wf2026_fulljun_excl202605_qqq_v1\event_option_gate_trades.csv,186,1,4,2,18,False,fallback_volume_pace,research_papers\JEPA\results\_diagnostics\event_option_dense15_backfill18_wf2026_fulljun_excl202605_qqq_v1,2500.0
QQQ,20260406,202604,10:30,630,zero_dte,PUT,-0.2241448720992297,-0.2277786751649053,-0.2241448720992297,-0.3,0.5,0.5,thr-999.000_maxday3,202604,630,forcedmax3_d50,research_papers\JEPA\results\_diagnostics\event_option_gate_dense15_zero_dte_return_forcedmax3_d50_physctx_wf2026_fulljun_excl202605_qqq_v1\event_option_gate_trades.csv,187,1,4,3,18,False,fallback_volume_pace,research_papers\JEPA\results\_diagnostics\event_option_dense15_backfill18_wf2026_fulljun_excl202605_qqq_v1,2500.0
QQQ,20260406,202604,11:30,690,zero_dte,PUT,0.4414972078072287,0.3896455144693772,0.4414972078072287,0.5,-0.3,-0.3,thr0.423_maxday1,202604,690,win_valthr_wr45_d25,research_papers\JEPA\results\_diagnostics\event_option_gate_dense15_zero_dte_win_valthr_wr45_d25_physctx_wf2026_fulljun_excl202605_qqq_v1\event_option_gate_trades.csv,75,0,4,4,18,False,primary,research_papers\JEPA\results\_diagnostics\event_option_dense15_backfill18_wf2026_fulljun_excl202605_qqq_v1,-1500.0
QQQ,20260407,202604,10:00,600,zero_dte,PUT,0.6853511240478144,0.281914916686758,0.6853511240478144,-0.3,0.5,0.5,thr0.423_maxday1,202604,600,win_valthr_wr45_d25,research_papers\JEPA\results\_diagnostics\event_option_gate_dense15_zero_dte_win_valthr_wr45_d25_physctx_wf2026_fulljun_excl202605_qqq_v1\event_option_gate_trades.csv,76,0,5,5,18,False,primary,research_papers\JEPA\results\_diagnostics\event_option_dense15_backfill18_wf2026_fulljun_excl202605_qqq_v1,2500.0
QQQ,20260408,202604,10:00,600,zero_dte,CALL,0.4690676069668804,0.4690676069668804,0.3412578370607068,-0.3,-0.3,-0.3,thr0.423_maxday1,202604,600,win_valthr_wr45_d25,research_papers\JEPA\results\_diagnostics\event_option_gate_dense15_zero_dte_win_valthr_wr45_d25_physctx_wf2026_fulljun_excl202605_qqq_v1\event_option_gate_trades.csv,77,0,5,6,18,False,primary,research_papers\JEPA\results\_diagnostics\event_option_dense15_backfill18_wf2026_fulljun_excl202605_qqq_v1,-1500.0
QQQ,20260410,202604,11:00,660,zero_dte,PUT,0.4443892110743224,0.2885985450312934,0.4443892110743224,0.5,-0.3,-0.3,thr0.423_maxday1,202604,660,win_valthr_wr45_d25,research_papers\JEPA\results\_diagnostics\event_option_gate_dense15_zero_dte_win_valthr_wr45_d25_physctx_wf2026_fulljun_excl202605_qqq_v1\event_option_gate_trades.csv,78,0,7,7,18,False,primary,research_papers\JEPA\results\_diagnostics\event_option_dense15_backfill18_wf2026_fulljun_excl202605_qqq_v1,-1500.0
QQQ,20260413,202604,10:00,600,zero_dte,PUT,0.6513289766192855,0.1123641293964457,0.6513289766192855,-0.3,0.5,0.5,thr0.423_maxday1,202604,600,win_valthr_wr45_d25,research_papers\JEPA\results\_diagnostics\event_option_gate_dense15_zero_dte_win_valthr_wr45_d25_physctx_wf2026_fulljun_excl202605_qqq_v1\event_option_gate_trades.csv,79,0,8,8,18,False,primary,research_papers\JEPA\results\_diagnostics\event_option_dense15_backfill18_wf2026_fulljun_excl202605_qqq_v1,2500.0
QQQ,20260414,202604,10:00,600,zero_dte,CALL,0.5218643962508684,0.5218643962508684,0.2980004134857931,0.5,-0.3,0.5,thr0.423_maxday1,202604,600,win_valthr_wr45_d25,research_papers\JEPA\results\_diagnostics\event_option_gate_dense15_zero_dte_win_valthr_wr45_d25_physctx_wf2026_fulljun_excl202605_qqq_v1\event_option_gate_trades.csv,80,0,9,9,18,False,primary,research_papers\JEPA\results\_diagnostics\event_option_dense15_backfill18_wf2026_fulljun_excl202605_qqq_v1,2500.0
QQQ,20260416,202604,10:30,630,zero_dte,PUT,0.4733816946396817,0.3534973692680143,0.4733816946396817,0.5,-0.3,-0.3,thr0.423_maxday1,202604,630,win_valthr_wr45_d25,research_papers\JEPA\results\_diagnostics\event_option_gate_dense15_zero_dte_win_valthr_wr45_d25_physctx_wf2026_fulljun_excl202605_qqq_v1\event_option_gate_trades.csv,81,0,10,10,18,False,primary,research_papers\JEPA\results\_diagnostics\event_option_dense15_backfill18_wf2026_fulljun_excl202605_qqq_v1,-1500.0
QQQ,20260417,202604,10:15,615,zero_dte,PUT,0.4816390418016197,0.1746481048262227,0.4816390418016197,-0.3,-0.3,-0.3,thr0.423_maxday1,202604,615,win_valthr_wr45_d25,research_papers\JEPA\results\_diagnostics\event_option_gate_dense15_zero_dte_win_valthr_wr45_d25_physctx_wf2026_fulljun_excl202605_qqq_v1\event_option_gate_trades.csv,82,0,11,11,18,False,primary,research_papers\JEPA\results\_diagnostics\event_option_dense15_backfill18_wf2026_fulljun_excl202605_qqq_v1,-1500.0
QQQ,20260420,202604,10:00,600,zero_dte,PUT,0.4338296353268999,0.2368424393550351,0.4338296353268999,-0.3,0.5,0.5,thr0.423_maxday1,202604,600,win_valthr_wr45_d25,research_papers\JEPA\results\_diagnostics\event_option_gate_dense15_zero_dte_win_valthr_wr45_d25_physctx_wf2026_fulljun_excl202605_qqq_v1\event_option_gate_trades.csv,83,0,12,12,18,False,primary,research_papers\JEPA\results\_diagnostics\event_option_dense15_backfill18_wf2026_fulljun_excl202605_qqq_v1,2500.0
QQQ,20260421,202604,10:15,615,zero_dte,PUT,0.5188276628765222,0.202405477441861,0.5188276628765222,-0.3,0.5,0.5,thr0.423_maxday1,202604,615,win_valthr_wr45_d25,research_papers\JEPA\results\_diagnostics\event_option_gate_dense15_zero_dte_win_valthr_wr45_d25_physctx_wf2026_fulljun_excl202605_qqq_v1\event_option_gate_trades.csv,84,0,13,13,18,False,primary,research_papers\JEPA\results\_diagnostics\event_option_dense15_backfill18_wf2026_fulljun_excl202605_qqq_v1,2500.0
QQQ,20260422,202604,10:00,600,zero_dte,CALL,0.4882373263395266,0.4882373263395266,0.2710710233984722,0.5,-0.3,0.5,thr0.423_maxday1,202604,600,win_valthr_wr45_d25,research_papers\JEPA\results\_diagnostics\event_option_gate_dense15_zero_dte_win_valthr_wr45_d25_physctx_wf2026_fulljun_excl202605_qqq_v1\event_option_gate_trades.csv,85,0,14,14,18,False,primary,research_papers\JEPA\results\_diagnostics\event_option_dense15_backfill18_wf2026_fulljun_excl202605_qqq_v1,2500.0
QQQ,20260423,202604,10:00,600,zero_dte,CALL,0.5891175176856394,0.5891175176856394,0.1809731129369411,0.5,-0.3,0.5,thr0.423_maxday1,202604,600,win_valthr_wr45_d25,research_papers\JEPA\results\_diagnostics\event_option_gate_dense15_zero_dte_win_valthr_wr45_d25_physctx_wf2026_fulljun_excl202605_qqq_v1\event_option_gate_trades.csv,86,0,14,15,18,False,primary,research_papers\JEPA\results\_diagnostics\event_option_dense15_backfill18_wf2026_fulljun_excl202605_qqq_v1,2500.0
QQQ,20260424,202604,10:15,615,zero_dte,PUT,0.5012131254392861,0.2341977073845266,0.5012131254392861,-0.3,0.5,0.5,thr0.423_maxday1,202604,615,win_valthr_wr45_d25,research_papers\JEPA\results\_diagnostics\event_option_gate_dense15_zero_dte_win_valthr_wr45_d25_physctx_wf2026_fulljun_excl202605_qqq_v1\event_option_gate_trades.csv,87,0,15,16,18,False,primary,research_papers\JEPA\results\_diagnostics\event_option_dense15_backfill18_wf2026_fulljun_excl202605_qqq_v1,2500.0
QQQ,20260427,202604,10:00,600,zero_dte,PUT,0.5475039734631995,0.172635858009532,0.5475039734631995,-0.3,0.5,0.5,thr0.423_maxday1,202604,600,win_valthr_wr45_d25,research_papers\JEPA\results\_diagnostics\event_option_gate_dense15_zero_dte_win_valthr_wr45_d25_physctx_wf2026_fulljun_excl202605_qqq_v1\event_option_gate_trades.csv,88,0,16,17,18,False,primary,research_papers\JEPA\results\_diagnostics\event_option_dense15_backfill18_wf2026_fulljun_excl202605_qqq_v1,2500.0
QQQ,20260429,202604,10:15,615,zero_dte,PUT,0.457071521720124,0.2743443555439502,0.457071521720124,0.5,-0.3,-0.3,thr0.423_maxday1,202604,615,win_valthr_wr45_d25,research_papers\JEPA\results\_diagnostics\event_option_gate_dense15_zero_dte_win_valthr_wr45_d25_physctx_wf2026_fulljun_excl202605_qqq_v1\event_option_gate_trades.csv,89,0,18,18,18,False,primary,research_papers\JEPA\results\_diagnostics\event_option_dense15_backfill18_wf2026_fulljun_excl202605_qqq_v1,-1500.0
QQQ,20260430,202604,10:00,600,zero_dte,PUT,0.5269342626957368,0.1825396862777466,0.5269342626957368,-0.3,0.5,0.5,thr0.423_maxday1,202604,600,win_valthr_wr45_d25,research_papers\JEPA\results\_diagnostics\event_option_gate_dense15_zero_dte_win_valthr_wr45_d25_physctx_wf2026_fulljun_excl202605_qqq_v1\event_option_gate_trades.csv,90,0,18,19,18,False,primary,research_papers\JEPA\results\_diagnostics\event_option_dense15_backfill18_wf2026_fulljun_excl202605_qqq_v1,2500.0
QQQ,20260601,202606,10:00,600,zero_dte,CALL,0.5406299159703318,0.5406299159703318,0.2049846026303843,0.5,-0.3,0.5,thr0.379_maxday2,202606,600,win_valthr_wr45_d25,research_papers\JEPA\results\_diagnostics\event_option_gate_dense15_zero_dte_win_valthr_wr45_d25_physctx_wf2026_fulljun_excl202605_qqq_v1\event_option_gate_trades.csv,91,0,1,0,18,False,primary,research_papers\JEPA\results\_diagnostics\event_option_dense15_backfill18_wf2026_fulljun_excl202605_qqq_v1,2500.0
QQQ,20260601,202606,10:30,630,zero_dte,PUT,0.3982680952018772,0.2696076805032039,0.3982680952018772,0.5,-0.3,-0.3,thr0.379_maxday2,202606,630,win_valthr_wr45_d25,research_papers\JEPA\results\_diagnostics\event_option_gate_dense15_zero_dte_win_valthr_wr45_d25_physctx_wf2026_fulljun_excl202605_qqq_v1\event_option_gate_trades.csv,92,0,1,1,18,False,primary,research_papers\JEPA\results\_diagnostics\event_option_dense15_backfill18_wf2026_fulljun_excl202605_qqq_v1,-1500.0
QQQ,20260602,202606,10:00,600,zero_dte,PUT,0.4556916214698561,0.2196630554453782,0.4556916214698561,-0.3,-0.3,-0.3,thr0.379_maxday2,202606,600,win_valthr_wr45_d25,research_papers\JEPA\results\_diagnostics\event_option_gate_dense15_zero_dte_win_valthr_wr45_d25_physctx_wf2026_fulljun_excl202605_qqq_v1\event_option_gate_trades.csv,93,0,2,2,18,False,primary,research_papers\JEPA\results\_diagnostics\event_option_dense15_backfill18_wf2026_fulljun_excl202605_qqq_v1,-1500.0
QQQ,20260602,202606,10:30,630,zero_dte,PUT,0.435102207596303,0.2783242021499032,0.435102207596303,0.5,-0.3,-0.3,thr0.379_maxday2,202606,630,win_valthr_wr45_d25,research_papers\JEPA\results\_diagnostics\event_option_gate_dense15_zero_dte_win_valthr_wr45_d25_physctx_wf2026_fulljun_excl202605_qqq_v1\event_option_gate_trades.csv,94,0,2,3,18,False,primary,research_papers\JEPA\results\_diagnostics\event_option_dense15_backfill18_wf2026_fulljun_excl202605_qqq_v1,-1500.0
QQQ,20260603,202606,10:00,600,zero_dte,PUT,0.5077384402039251,0.2490208770255845,0.5077384402039251,0.5,-0.3,-0.3,thr0.379_maxday2,202606,600,win_valthr_wr45_d25,research_papers\JEPA\results\_diagnostics\event_option_gate_dense15_zero_dte_win_valthr_wr45_d25_physctx_wf2026_fulljun_excl202605_qqq_v1\event_option_gate_trades.csv,95,0,3,4,18,False,primary,research_papers\JEPA\results\_diagnostics\event_option_dense15_backfill18_wf2026_fulljun_excl202605_qqq_v1,-1500.0
QQQ,20260603,202606,10:30,630,zero_dte,PUT,0.4652655770286852,0.3369187795728943,0.4652655770286852,-0.3,0.5,0.5,thr0.379_maxday2,202606,630,win_valthr_wr45_d25,research_papers\JEPA\results\_diagnostics\event_option_gate_dense15_zero_dte_win_valthr_wr45_d25_physctx_wf2026_fulljun_excl202605_qqq_v1\event_option_gate_trades.csv,96,0,3,5,18,False,primary,research_papers\JEPA\results\_diagnostics\event_option_dense15_backfill18_wf2026_fulljun_excl202605_qqq_v1,2500.0
QQQ,20260604,202606,10:15,615,zero_dte,PUT,0.3959742371863777,0.393060119484851,0.3959742371863777,0.5,-0.3,-0.3,thr0.379_maxday2,202606,615,win_valthr_wr45_d25,research_papers\JEPA\results\_diagnostics\event_option_gate_dense15_zero_dte_win_valthr_wr45_d25_physctx_wf2026_fulljun_excl202605_qqq_v1\event_option_gate_trades.csv,97,0,4,6,18,False,primary,research_papers\JEPA\results\_diagnostics\event_option_dense15_backfill18_wf2026_fulljun_excl202605_qqq_v1,-1500.0
QQQ,20260604,202606,10:45,645,zero_dte,PUT,0.4099708646829248,0.324952592742031,0.4099708646829248,0.5,-0.3,-0.3,thr0.379_maxday2,202606,645,win_valthr_wr45_d25,research_papers\JEPA\results\_diagnostics\event_option_gate_dense15_zero_dte_win_valthr_wr45_d25_physctx_wf2026_fulljun_excl202605_qqq_v1\event_option_gate_trades.csv,98,0,4,7,18,False,primary,research_papers\JEPA\results\_diagnostics\event_option_dense15_backfill18_wf2026_fulljun_excl202605_qqq_v1,-1500.0
QQQ,20260605,202606,10:00,600,zero_dte,CALL,0.466058724271752,0.466058724271752,0.1539728301082551,0.5,-0.3,0.5,thr0.379_maxday2,202606,600,win_valthr_wr45_d25,research_papers\JEPA\results\_diagnostics\event_option_gate_dense15_zero_dte_win_valthr_wr45_d25_physctx_wf2026_fulljun_excl202605_qqq_v1\event_option_gate_trades.csv,99,0,5,8,18,False,primary,research_papers\JEPA\results\_diagnostics\event_option_dense15_backfill18_wf2026_fulljun_excl202605_qqq_v1,2500.0
QQQ,20260605,202606,10:30,630,zero_dte,PUT,0.5539095163147719,0.2569820201124557,0.5539095163147719,-0.3,-0.3,-0.3,thr0.379_maxday2,202606,630,win_valthr_wr45_d25,research_papers\JEPA\results\_diagnostics\event_option_gate_dense15_zero_dte_win_valthr_wr45_d25_physctx_wf2026_fulljun_excl202605_qqq_v1\event_option_gate_trades.csv,100,0,5,9,18,False,primary,research_papers\JEPA\results\_diagnostics\event_option_dense15_backfill18_wf2026_fulljun_excl202605_qqq_v1,-1500.0
QQQ,20260608,202606,10:00,600,zero_dte,CALL,0.5567863170281758,0.5567863170281758,0.1901411324044426,0.5,-0.3,0.5,thr0.379_maxday2,202606,600,win_valthr_wr45_d25,research_papers\JEPA\results\_diagnostics\event_option_gate_dense15_zero_dte_win_valthr_wr45_d25_physctx_wf2026_fulljun_excl202605_qqq_v1\event_option_gate_trades.csv,101,0,5,10,18,False,primary,research_papers\JEPA\results\_diagnostics\event_option_dense15_backfill18_wf2026_fulljun_excl202605_qqq_v1,2500.0
QQQ,20260608,202606,10:30,630,zero_dte,PUT,0.408493345230582,0.2981287395147174,0.408493345230582,0.5,-0.3,-0.3,thr0.379_maxday2,202606,630,win_valthr_wr45_d25,research_papers\JEPA\results\_diagnostics\event_option_gate_dense15_zero_dte_win_valthr_wr45_d25_physctx_wf2026_fulljun_excl202605_qqq_v1\event_option_gate_trades.csv,102,0,5,11,18,False,primary,research_papers\JEPA\results\_diagnostics\event_option_dense15_backfill18_wf2026_fulljun_excl202605_qqq_v1,-1500.0
QQQ,20260609,202606,10:00,600,zero_dte,PUT,0.7495586828383535,0.1996741130184298,0.7495586828383535,-0.3,-0.3,-0.3,thr0.379_maxday2,202606,600,win_valthr_wr45_d25,research_papers\JEPA\results\_diagnostics\event_option_gate_dense15_zero_dte_win_valthr_wr45_d25_physctx_wf2026_fulljun_excl202605_qqq_v1\event_option_gate_trades.csv,103,0,6,12,18,False,primary,research_papers\JEPA\results\_diagnostics\event_option_dense15_backfill18_wf2026_fulljun_excl202605_qqq_v1,-1500.0
QQQ,20260609,202606,10:45,645,zero_dte,PUT,0.4296415448575345,0.2432625288297411,0.4296415448575345,-0.3,0.5,0.5,thr0.379_maxday2,202606,645,win_valthr_wr45_d25,research_papers\JEPA\results\_diagnostics\event_option_gate_dense15_zero_dte_win_valthr_wr45_d25_physctx_wf2026_fulljun_excl202605_qqq_v1\event_option_gate_trades.csv,104,0,6,13,18,False,primary,research_papers\JEPA\results\_diagnostics\event_option_dense15_backfill18_wf2026_fulljun_excl202605_qqq_v1,2500.0
QQQ,20260610,202606,10:00,600,zero_dte,PUT,0.4982210443895772,0.340189134008494,0.4982210443895772,0.5,-0.3,-0.3,thr0.379_maxday2,202606,600,win_valthr_wr45_d25,research_papers\JEPA\results\_diagnostics\event_option_gate_dense15_zero_dte_win_valthr_wr45_d25_physctx_wf2026_fulljun_excl202605_qqq_v1\event_option_gate_trades.csv,105,0,7,14,18,False,primary,research_papers\JEPA\results\_diagnostics\event_option_dense15_backfill18_wf2026_fulljun_excl202605_qqq_v1,-1500.0
QQQ,20260610,202606,10:30,630,zero_dte,PUT,0.4219098165019038,0.2628999633877559,0.4219098165019038,-0.3,0.5,0.5,thr0.379_maxday2,202606,630,win_valthr_wr45_d25,research_papers\JEPA\results\_diagnostics\event_option_gate_dense15_zero_dte_win_valthr_wr45_d25_physctx_wf2026_fulljun_excl202605_qqq_v1\event_option_gate_trades.csv,106,0,7,15,18,False,primary,research_papers\JEPA\results\_diagnostics\event_option_dense15_backfill18_wf2026_fulljun_excl202605_qqq_v1,2500.0
QQQ,20260611,202606,10:00,600,zero_dte,PUT,0.4830277127080385,0.2292480046030068,0.4830277127080385,-0.3,0.5,0.5,thr0.379_maxday2,202606,600,win_valthr_wr45_d25,research_papers\JEPA\results\_diagnostics\event_option_gate_dense15_zero_dte_win_valthr_wr45_d25_physctx_wf2026_fulljun_excl202605_qqq_v1\event_option_gate_trades.csv,107,0,8,16,18,False,primary,research_papers\JEPA\results\_diagnostics\event_option_dense15_backfill18_wf2026_fulljun_excl202605_qqq_v1,2500.0
QQQ,20260611,202606,10:30,630,zero_dte,PUT,0.3949655898649354,0.3236529610923075,0.3949655898649354,0.5,-0.3,-0.3,thr0.379_maxday2,202606,630,win_valthr_wr45_d25,research_papers\JEPA\results\_diagnostics\event_option_gate_dense15_zero_dte_win_valthr_wr45_d25_physctx_wf2026_fulljun_excl202605_qqq_v1\event_option_gate_trades.csv,108,0,8,17,18,False,primary,research_papers\JEPA\results\_diagnostics\event_option_dense15_backfill18_wf2026_fulljun_excl202605_qqq_v1,-1500.0
QQQ,20260612,202606,10:00,600,zero_dte,CALL,0.4004421518675786,0.4004421518675786,0.3511586273928153,0.5,-0.3,0.5,thr0.379_maxday2,202606,600,win_valthr_wr45_d25,research_papers\JEPA\results\_diagnostics\event_option_gate_dense15_zero_dte_win_valthr_wr45_d25_physctx_wf2026_fulljun_excl202605_qqq_v1\event_option_gate_trades.csv,109,0,9,18,18,False,primary,research_papers\JEPA\results\_diagnostics\event_option_dense15_backfill18_wf2026_fulljun_excl202605_qqq_v1,2500.0
QQQ,20260612,202606,10:30,630,zero_dte,PUT,0.4246031990557626,0.24715292777367,0.4246031990557626,-0.3,0.5,0.5,thr0.379_maxday2,202606,630,win_valthr_wr45_d25,research_papers\JEPA\results\_diagnostics\event_option_gate_dense15_zero_dte_win_valthr_wr45_d25_physctx_wf2026_fulljun_excl202605_qqq_v1\event_option_gate_trades.csv,110,0,9,19,18,False,primary,research_papers\JEPA\results\_diagnostics\event_option_dense15_backfill18_wf2026_fulljun_excl202605_qqq_v1,2500.0
QQQ,20260615,202606,10:15,615,zero_dte,PUT,0.4392162489836469,0.3212028699965763,0.4392162489836469,-0.3,-0.3,-0.3,thr0.379_maxday2,202606,615,win_valthr_wr45_d25,research_papers\JEPA\results\_diagnostics\event_option_gate_dense15_zero_dte_win_valthr_wr45_d25_physctx_wf2026_fulljun_excl202605_qqq_v1\event_option_gate_trades.csv,111,0,9,20,18,False,primary,research_papers\JEPA\results\_diagnostics\event_option_dense15_backfill18_wf2026_fulljun_excl202605_qqq_v1,-1500.0
QQQ,20260615,202606,10:45,645,zero_dte,PUT,0.3832965474692233,0.3587045078797101,0.3832965474692233,0.5,-0.3,-0.3,thr0.379_maxday2,202606,645,win_valthr_wr45_d25,research_papers\JEPA\results\_diagnostics\event_option_gate_dense15_zero_dte_win_valthr_wr45_d25_physctx_wf2026_fulljun_excl202605_qqq_v1\event_option_gate_trades.csv,112,0,9,21,18,False,primary,research_papers\JEPA\results\_diagnostics\event_option_dense15_backfill18_wf2026_fulljun_excl202605_qqq_v1,-1500.0
QQQ,20260616,202606,10:00,600,zero_dte,PUT,0.648250508812778,0.3092813985863112,0.648250508812778,-0.3,-0.3,-0.3,thr0.379_maxday2,202606,600,win_valthr_wr45_d25,research_papers\JEPA\results\_diagnostics\event_option_gate_dense15_zero_dte_win_valthr_wr45_d25_physctx_wf2026_fulljun_excl202605_qqq_v1\event_option_gate_trades.csv,113,0,10,22,18,False,primary,research_papers\JEPA\results\_diagnostics\event_option_dense15_backfill18_wf2026_fulljun_excl202605_qqq_v1,-1500.0
QQQ,20260616,202606,10:30,630,zero_dte,PUT,0.3989968156311553,0.3077573754478467,0.3989968156311553,-0.3,-0.3,-0.3,thr0.379_maxday2,202606,630,win_valthr_wr45_d25,research_papers\JEPA\results\_diagnostics\event_option_gate_dense15_zero_dte_win_valthr_wr45_d25_physctx_wf2026_fulljun_excl202605_qqq_v1\event_option_gate_trades.csv,114,0,10,23,18,False,primary,research_papers\JEPA\results\_diagnostics\event_option_dense15_backfill18_wf2026_fulljun_excl202605_qqq_v1,-1500.0
QQQ,20260618,202606,10:15,615,zero_dte,PUT,0.4568288232584409,0.3814098246920447,0.4568288232584409,0.5,-0.3,-0.3,thr0.379_maxday2,202606,615,win_valthr_wr45_d25,research_papers\JEPA\results\_diagnostics\event_option_gate_dense15_zero_dte_win_valthr_wr45_d25_physctx_wf2026_fulljun_excl202605_qqq_v1\event_option_gate_trades.csv,115,0,12,24,18,False,primary,research_papers\JEPA\results\_diagnostics\event_option_dense15_backfill18_wf2026_fulljun_excl202605_qqq_v1,-1500.0
QQQ,20260618,202606,10:45,645,zero_dte,PUT,0.4819457882343066,0.2903778795187401,0.4819457882343066,0.5,-0.3,-0.3,thr0.379_maxday2,202606,645,win_valthr_wr45_d25,research_papers\JEPA\results\_diagnostics\event_option_gate_dense15_zero_dte_win_valthr_wr45_d25_physctx_wf2026_fulljun_excl202605_qqq_v1\event_option_gate_trades.csv,116,0,12,25,18,False,primary,research_papers\JEPA\results\_diagnostics\event_option_dense15_backfill18_wf2026_fulljun_excl202605_qqq_v1,-1500.0
QQQ,20260622,202606,10:00,600,zero_dte,PUT,0.5182210149327614,0.1620043721160841,0.5182210149327614,-0.3,-0.3,-0.3,thr0.379_maxday2,202606,600,win_valthr_wr45_d25,research_papers\JEPA\results\_diagnostics\event_option_gate_dense15_zero_dte_win_valthr_wr45_d25_physctx_wf2026_fulljun_excl202605_qqq_v1\event_option_gate_trades.csv,117,0,14,26,18,False,primary,research_papers\JEPA\results\_diagnostics\event_option_dense15_backfill18_wf2026_fulljun_excl202605_qqq_v1,-1500.0
QQQ,20260622,202606,10:30,630,zero_dte,PUT,0.4339223750354959,0.3130597149536662,0.4339223750354959,-0.3,0.5,0.5,thr0.379_maxday2,202606,630,win_valthr_wr45_d25,research_papers\JEPA\results\_diagnostics\event_option_gate_dense15_zero_dte_win_valthr_wr45_d25_physctx_wf2026_fulljun_excl202605_qqq_v1\event_option_gate_trades.csv,118,0,14,27,18,False,primary,research_papers\JEPA\results\_diagnostics\event_option_dense15_backfill18_wf2026_fulljun_excl202605_qqq_v1,2500.0
QQQ,20260623,202606,10:15,615,zero_dte,PUT,0.4268781284224035,0.3244872138017342,0.4268781284224035,-0.3,0.5,0.5,thr0.379_maxday2,202606,615,win_valthr_wr45_d25,research_papers\JEPA\results\_diagnostics\event_option_gate_dense15_zero_dte_win_valthr_wr45_d25_physctx_wf2026_fulljun_excl202605_qqq_v1\event_option_gate_trades.csv,119,0,14,28,18,False,primary,research_papers\JEPA\results\_diagnostics\event_option_dense15_backfill18_wf2026_fulljun_excl202605_qqq_v1,2500.0
QQQ,20260623,202606,10:45,645,zero_dte,PUT,0.4579853539384876,0.2148788449113746,0.4579853539384876,-0.3,0.5,0.5,thr0.379_maxday2,202606,645,win_valthr_wr45_d25,research_papers\JEPA\results\_diagnostics\event_option_gate_dense15_zero_dte_win_valthr_wr45_d25_physctx_wf2026_fulljun_excl202605_qqq_v1\event_option_gate_trades.csv,120,0,14,29,18,False,primary,research_papers\JEPA\results\_diagnostics\event_option_dense15_backfill18_wf2026_fulljun_excl202605_qqq_v1,2500.0
QQQ,20260624,202606,10:00,600,zero_dte,CALL,0.5315886325144973,0.5315886325144973,0.4492967205475234,-0.3,-0.3,-0.3,thr0.379_maxday2,202606,600,win_valthr_wr45_d25,research_papers\JEPA\results\_diagnostics\event_option_gate_dense15_zero_dte_win_valthr_wr45_d25_physctx_wf2026_fulljun_excl202605_qqq_v1\event_option_gate_trades.csv,121,0,15,30,18,False,primary,research_papers\JEPA\results\_diagnostics\event_option_dense15_backfill18_wf2026_fulljun_excl202605_qqq_v1,-1500.0
QQQ,20260624,202606,10:30,630,zero_dte,PUT,0.5095506217993222,0.2851160748817077,0.5095506217993222,0.5,-0.3,-0.3,thr0.379_maxday2,202606,630,win_valthr_wr45_d25,research_papers\JEPA\results\_diagnostics\event_option_gate_dense15_zero_dte_win_valthr_wr45_d25_physctx_wf2026_fulljun_excl202605_qqq_v1\event_option_gate_trades.csv,122,0,15,31,18,False,primary,research_papers\JEPA\results\_diagnostics\event_option_dense15_backfill18_wf2026_fulljun_excl202605_qqq_v1,-1500.0
QQQ,20260626,202606,10:00,600,zero_dte,CALL,0.4336460252254499,0.4336460252254499,0.3119975296597032,0.5,-0.3,0.5,thr0.379_maxday2,202606,600,win_valthr_wr45_d25,research_papers\JEPA\results\_diagnostics\event_option_gate_dense15_zero_dte_win_valthr_wr45_d25_physctx_wf2026_fulljun_excl202605_qqq_v1\event_option_gate_trades.csv,123,0,17,32,18,False,primary,research_papers\JEPA\results\_diagnostics\event_option_dense15_backfill18_wf2026_fulljun_excl202605_qqq_v1,2500.0
QQQ,20260626,202606,10:30,630,zero_dte,PUT,0.4143335848112978,0.2977142483570712,0.4143335848112978,-0.3,0.5,0.5,thr0.379_maxday2,202606,630,win_valthr_wr45_d25,research_papers\JEPA\results\_diagnostics\event_option_gate_dense15_zero_dte_win_valthr_wr45_d25_physctx_wf2026_fulljun_excl202605_qqq_v1\event_option_gate_trades.csv,124,0,17,33,18,False,primary,research_papers\JEPA\results\_diagnostics\event_option_dense15_backfill18_wf2026_fulljun_excl202605_qqq_v1,2500.0
QQQ,20260630,202606,10:00,600,zero_dte,CALL,0.4301243455355762,0.4301243455355762,0.3684043027146692,0.5,-0.3,0.5,thr0.379_maxday2,202606,600,win_valthr_wr45_d25,research_papers\JEPA\results\_diagnostics\event_option_gate_dense15_zero_dte_win_valthr_wr45_d25_physctx_wf2026_fulljun_excl202605_qqq_v1\event_option_gate_trades.csv,125,0,18,34,18,False,primary,research_papers\JEPA\results\_diagnostics\event_option_dense15_backfill18_wf2026_fulljun_excl202605_qqq_v1,2500.0
QQQ,20260630,202606,10:30,630,zero_dte,PUT,0.3796939572178542,0.2718393679974313,0.3796939572178542,-0.3,0.5,0.5,thr0.379_maxday2,202606,630,win_valthr_wr45_d25,research_papers\JEPA\results\_diagnostics\event_option_gate_dense15_zero_dte_win_valthr_wr45_d25_physctx_wf2026_fulljun_excl202605_qqq_v1\event_option_gate_trades.csv,126,0,18,35,18,False,primary,research_papers\JEPA\results\_diagnostics\event_option_dense15_backfill18_wf2026_fulljun_excl202605_qqq_v1,2500.0
