ticker,expiry_mode,time,minute,month,date,call_return,put_return,pred_call_return,pred_put_return,action,score,realized_return,source_variant,source_component,source_priority,component_threshold,component_max_day,component_cooldown,event_delta_bucket,event_delta_target,test_month
QQQ,zero_dte,11:00,660,202601,20260102,-0.6,-0.6,0.1789457917731599,-0.3618446653358538,CALL,0.1789457917731599,-0.6,d25,event_option_mh30trail_clean1000_frozen2025_select2026_d25_return_deploy202607_QQQ_v1,0,0.1,3,30,25,0.25,202601
QQQ,zero_dte,12:10,730,202601,20260102,0.4423077452112252,0.6153847388261919,0.1211290459185864,-0.4119813456406752,CALL,0.1211290459185864,0.4423077452112252,d25,event_option_mh30trail_clean1000_frozen2025_select2026_d25_return_deploy202607_QQQ_v1,0,0.1,3,30,25,0.25,202601
QQQ,zero_dte,12:40,760,202601,20260102,-0.6,0.5535714038628705,0.1982291172106802,-0.2909044340758733,CALL,0.1982291172106802,-0.6,d25,event_option_mh30trail_clean1000_frozen2025_select2026_d25_return_deploy202607_QQQ_v1,0,0.1,3,30,25,0.25,202601
QQQ,zero_dte,10:05,605,202601,20260105,0.2602040717026832,-0.6,-0.173422557065092,0.2582360553022435,PUT,0.2582360553022435,-0.6,d25,event_option_mh30trail_clean1000_frozen2025_select2026_d25_return_deploy202607_QQQ_v1,0,0.1,3,30,25,0.25,202601
QQQ,zero_dte,10:45,645,202601,20260105,0.6928571963796819,-0.6,-0.140798322902668,0.14188736569151,PUT,0.14188736569151,-0.6,d25,event_option_mh30trail_clean1000_frozen2025_select2026_d25_return_deploy202607_QQQ_v1,0,0.1,3,30,25,0.25,202601
QQQ,zero_dte,12:20,740,202601,20260106,2.374999976716935,-0.6,0.275337218971973,-0.6179510120607961,CALL,0.275337218971973,2.374999976716935,d25,event_option_mh30trail_clean1000_frozen2025_select2026_d25_return_deploy202607_QQQ_v1,0,0.1,3,30,25,0.25,202601
QQQ,zero_dte,12:50,770,202601,20260106,0.6499999478459366,-0.6,0.1002435639771655,-0.5086936614670825,CALL,0.1002435639771655,0.6499999478459366,d25,event_option_mh30trail_clean1000_frozen2025_select2026_d25_return_deploy202607_QQQ_v1,0,0.1,3,30,25,0.25,202601
QQQ,zero_dte,13:25,805,202601,20260106,1.619565279362106,-0.6,0.2269447333421519,-0.4923711398857986,CALL,0.2269447333421519,1.619565279362106,d25,event_option_mh30trail_clean1000_frozen2025_select2026_d25_return_deploy202607_QQQ_v1,0,0.1,3,30,25,0.25,202601
QQQ,zero_dte,10:00,600,202601,20260107,0.6388888336994052,-0.6,0.2704884368610143,-0.0727317182541584,CALL,0.2704884368610143,0.6388888336994052,d25,event_option_mh30trail_clean1000_frozen2025_select2026_d25_return_deploy202607_QQQ_v1,0,0.1,3,30,25,0.25,202601
QQQ,zero_dte,10:30,630,202601,20260107,0.5961538726056126,0.6556604622351698,0.4629268653652508,-0.5007625051612202,CALL,0.4629268653652508,0.5961538726056126,d25,event_option_mh30trail_clean1000_frozen2025_select2026_d25_return_deploy202607_QQQ_v1,0,0.1,3,30,25,0.25,202601
QQQ,zero_dte,11:00,660,202601,20260107,0.4615384968074834,-0.6,0.1704195344006761,-0.3891229951338626,CALL,0.1704195344006761,0.4615384968074834,d25,event_option_mh30trail_clean1000_frozen2025_select2026_d25_return_deploy202607_QQQ_v1,0,0.1,3,30,25,0.25,202601
QQQ,zero_dte,11:35,695,202601,20260108,1.1136361830162351,-0.6,0.1972836244341444,-0.0002424006870501,CALL,0.1972836244341444,1.1136361830162351,d25,event_option_mh30trail_clean1000_frozen2025_select2026_d25_return_deploy202607_QQQ_v1,0,0.1,3,30,25,0.25,202601
QQQ,zero_dte,14:15,855,202601,20260108,0.4396552539183631,-0.6,0.0697263671332541,0.1844699454666357,PUT,0.1844699454666357,-0.6,d25,event_option_mh30trail_clean1000_frozen2025_select2026_d25_return_deploy202607_QQQ_v1,0,0.1,3,30,25,0.25,202601
QQQ,zero_dte,10:30,630,202601,20260109,0.4166666004392862,0.8676471825701992,-0.0517973814681352,0.1566358099865444,PUT,0.1566358099865444,0.8676471825701992,d25,event_option_mh30trail_clean1000_frozen2025_select2026_d25_return_deploy202607_QQQ_v1,0,0.1,3,30,25,0.25,202601
QQQ,zero_dte,10:10,610,202601,20260112,0.4954544686088893,-0.6,0.3098743868824414,-0.2712447496505484,CALL,0.3098743868824414,0.4954544686088893,d25,event_option_mh30trail_clean1000_frozen2025_select2026_d25_return_deploy202607_QQQ_v1,0,0.1,3,30,25,0.25,202601
QQQ,zero_dte,11:10,670,202601,20260112,0.2884616560249446,-0.6,0.1948186108773815,-0.1601672925325273,CALL,0.1948186108773815,0.2884616560249446,d25,event_option_mh30trail_clean1000_frozen2025_select2026_d25_return_deploy202607_QQQ_v1,0,0.1,3,30,25,0.25,202601
QQQ,zero_dte,11:55,715,202601,20260112,-0.6,-0.6,0.1034328694991764,-0.5476811478818314,CALL,0.1034328694991764,-0.6,d25,event_option_mh30trail_clean1000_frozen2025_select2026_d25_return_deploy202607_QQQ_v1,0,0.1,3,30,25,0.25,202601
QQQ,zero_dte,10:20,620,202601,20260113,0.6184210196096147,0.3472221256406258,0.1678659247636601,-0.1364188463335911,CALL,0.1678659247636601,0.6184210196096147,d25,event_option_mh30trail_clean1000_frozen2025_select2026_d25_return_deploy202607_QQQ_v1,0,0.1,3,30,25,0.25,202601
QQQ,zero_dte,10:50,650,202601,20260113,0.8382352090418141,-0.6,0.1469594333552337,-0.2686274711768894,CALL,0.1469594333552337,0.8382352090418141,d25,event_option_mh30trail_clean1000_frozen2025_select2026_d25_return_deploy202607_QQQ_v1,0,0.1,3,30,25,0.25,202601
QQQ,zero_dte,11:50,710,202601,20260113,-0.6,0.8895348869445452,0.2496449258649412,0.1595642084367859,CALL,0.2496449258649412,-0.6,d25,event_option_mh30trail_clean1000_frozen2025_select2026_d25_return_deploy202607_QQQ_v1,0,0.1,3,30,25,0.25,202601
QQQ,zero_dte,10:45,645,202601,20260114,-0.6,0.5789473725487981,-0.6004598901083554,0.1233876540417701,PUT,0.1233876540417701,0.5789473725487981,d25,event_option_mh30trail_clean1000_frozen2025_select2026_d25_return_deploy202607_QQQ_v1,0,0.1,3,30,25,0.25,202601
QQQ,zero_dte,11:20,680,202601,20260114,0.6483051772091628,0.9374999495533594,-0.5329590859655325,0.1974207703234112,PUT,0.1974207703234112,0.9374999495533594,d25,event_option_mh30trail_clean1000_frozen2025_select2026_d25_return_deploy202607_QQQ_v1,0,0.1,3,30,25,0.25,202601
QQQ,zero_dte,12:00,720,202601,20260114,-0.6,-0.6,-0.2545274265616468,0.1071906230625645,PUT,0.1071906230625645,-0.6,d25,event_option_mh30trail_clean1000_frozen2025_select2026_d25_return_deploy202607_QQQ_v1,0,0.1,3,30,25,0.25,202601
QQQ,zero_dte,10:15,615,202601,20260115,0.406249947613104,0.3879310610603359,-0.2730967807660425,0.1209966239502537,PUT,0.1209966239502537,0.3879310610603359,d25,event_option_mh30trail_clean1000_frozen2025_select2026_d25_return_deploy202607_QQQ_v1,0,0.1,3,30,25,0.25,202601
QQQ,zero_dte,10:45,645,202601,20260115,0.6547619926145585,0.4239129716484682,0.1169659451353351,-0.1843963402758648,CALL,0.1169659451353351,0.6547619926145585,d25,event_option_mh30trail_clean1000_frozen2025_select2026_d25_return_deploy202607_QQQ_v1,0,0.1,3,30,25,0.25,202601
QQQ,zero_dte,11:25,685,202601,20260115,-0.6,0.326271268630367,0.2200489620724334,-0.2137119242453085,CALL,0.2200489620724334,-0.6,d25,event_option_mh30trail_clean1000_frozen2025_select2026_d25_return_deploy202607_QQQ_v1,0,0.1,3,30,25,0.25,202601
QQQ,zero_dte,10:45,645,202601,20260116,0.5343138102795808,-0.6,-0.6027210079175906,0.1316421422867823,PUT,0.1316421422867823,-0.6,d25,event_option_mh30trail_clean1000_frozen2025_select2026_d25_return_deploy202607_QQQ_v1,0,0.1,3,30,25,0.25,202601
QQQ,zero_dte,13:30,810,202601,20260116,0.4166667287548398,0.3333332505491078,-0.3125364483430899,0.2331646643395044,PUT,0.2331646643395044,0.3333332505491078,d25,event_option_mh30trail_clean1000_frozen2025_select2026_d25_return_deploy202607_QQQ_v1,0,0.1,3,30,25,0.25,202601
QQQ,zero_dte,14:00,840,202601,20260116,-0.6,1.4274192804104335,-0.2626146566878882,0.1265984462408278,PUT,0.1265984462408278,1.4274192804104335,d25,event_option_mh30trail_clean1000_frozen2025_select2026_d25_return_deploy202607_QQQ_v1,0,0.1,3,30,25,0.25,202601
QQQ,zero_dte,10:05,605,202601,20260120,-0.6,-0.6,0.5250042942258281,0.2736342343504581,CALL,0.5250042942258281,-0.6,d25,event_option_mh30trail_clean1000_frozen2025_select2026_d25_return_deploy202607_QQQ_v1,0,0.1,3,30,25,0.25,202601
QQQ,zero_dte,10:35,635,202601,20260120,-0.6,0.2884616560249446,-0.1663744815292148,0.2442631299543179,PUT,0.2442631299543179,0.2884616560249446,d25,event_option_mh30trail_clean1000_frozen2025_select2026_d25_return_deploy202607_QQQ_v1,0,0.1,3,30,25,0.25,202601
QQQ,zero_dte,11:05,665,202601,20260120,0.2873133518404267,0.2785715295344,-0.0189642957747622,0.1782043028805212,PUT,0.1782043028805212,0.2785715295344,d25,event_option_mh30trail_clean1000_frozen2025_select2026_d25_return_deploy202607_QQQ_v1,0,0.1,3,30,25,0.25,202601
QQQ,zero_dte,10:30,630,202601,20260121,1.387931061060336,-0.6,-0.3749865427031704,0.1695408495621717,PUT,0.1695408495621717,-0.6,d25,event_option_mh30trail_clean1000_frozen2025_select2026_d25_return_deploy202607_QQQ_v1,0,0.1,3,30,25,0.25,202601
QQQ,zero_dte,11:10,670,202601,20260121,-0.6,3.237179651768256,0.1123125387184258,-0.3151032103135777,CALL,0.1123125387184258,-0.6,d25,event_option_mh30trail_clean1000_frozen2025_select2026_d25_return_deploy202607_QQQ_v1,0,0.1,3,30,25,0.25,202601
QQQ,zero_dte,12:15,735,202601,20260121,0.583333300219643,-0.6,0.3055976082225247,-0.3059756028514406,CALL,0.3055976082225247,0.583333300219643,d25,event_option_mh30trail_clean1000_frozen2025_select2026_d25_return_deploy202607_QQQ_v1,0,0.1,3,30,25,0.25,202601
QQQ,zero_dte,10:00,600,202601,20260122,0.2692308662205793,-0.6,0.1444579737480364,-0.1464804773886642,CALL,0.1444579737480364,0.2692308662205793,d25,event_option_mh30trail_clean1000_frozen2025_select2026_d25_return_deploy202607_QQQ_v1,0,0.1,3,30,25,0.25,202601
QQQ,zero_dte,11:25,685,202601,20260122,-0.6,-0.6,0.3082079069606975,-0.2201192212958332,CALL,0.3082079069606975,-0.6,d25,event_option_mh30trail_clean1000_frozen2025_select2026_d25_return_deploy202607_QQQ_v1,0,0.1,3,30,25,0.25,202601
QQQ,zero_dte,12:10,730,202601,20260122,-0.6,-0.6,0.3809085536283106,-0.2664100380710412,CALL,0.3809085536283106,-0.6,d25,event_option_mh30trail_clean1000_frozen2025_select2026_d25_return_deploy202607_QQQ_v1,0,0.1,3,30,25,0.25,202601
QQQ,zero_dte,10:20,620,202601,20260123,1.194444402395312,-0.6,-0.338015497658349,0.130482965877698,PUT,0.130482965877698,-0.6,d25,event_option_mh30trail_clean1000_frozen2025_select2026_d25_return_deploy202607_QQQ_v1,0,0.1,3,30,25,0.25,202601
QQQ,zero_dte,10:15,615,202601,20260126,0.7756411549607725,-0.6,0.1002826672033671,-0.3116189521480734,CALL,0.1002826672033671,0.7756411549607725,d25,event_option_mh30trail_clean1000_frozen2025_select2026_d25_return_deploy202607_QQQ_v1,0,0.1,3,30,25,0.25,202601
QQQ,zero_dte,10:50,650,202601,20260126,0.2685184449325402,-0.6,0.2428326218233659,0.0498029220665545,CALL,0.2428326218233659,0.2685184449325402,d25,event_option_mh30trail_clean1000_frozen2025_select2026_d25_return_deploy202607_QQQ_v1,0,0.1,3,30,25,0.25,202601
QQQ,zero_dte,11:20,680,202601,20260126,1.75,-0.6,0.2200150720245132,-0.5243945689397502,CALL,0.2200150720245132,1.75,d25,event_option_mh30trail_clean1000_frozen2025_select2026_d25_return_deploy202607_QQQ_v1,0,0.1,3,30,25,0.25,202601
QQQ,zero_dte,10:00,600,202601,20260127,0.2717390769145449,-0.6,-0.0096345905712858,0.1533823000906218,PUT,0.1533823000906218,-0.6,d25,event_option_mh30trail_clean1000_frozen2025_select2026_d25_return_deploy202607_QQQ_v1,0,0.1,3,30,25,0.25,202601
QQQ,zero_dte,10:30,630,202601,20260127,0.4090909614296987,-0.6,0.0076758216398586,0.1441726509222348,PUT,0.1441726509222348,-0.6,d25,event_option_mh30trail_clean1000_frozen2025_select2026_d25_return_deploy202607_QQQ_v1,0,0.1,3,30,25,0.25,202601
QQQ,zero_dte,11:55,715,202601,20260127,-0.6,0.5214286152197398,0.1065588256608822,-0.5008598596455045,CALL,0.1065588256608822,-0.6,d25,event_option_mh30trail_clean1000_frozen2025_select2026_d25_return_deploy202607_QQQ_v1,0,0.1,3,30,25,0.25,202601
QQQ,zero_dte,10:15,615,202601,20260128,-0.6,0.6722222943364857,-0.1623257055969355,0.3066353792748789,PUT,0.3066353792748789,0.6722222943364857,d25,event_option_mh30trail_clean1000_frozen2025_select2026_d25_return_deploy202607_QQQ_v1,0,0.1,3,30,25,0.25,202601
QQQ,zero_dte,10:50,650,202601,20260128,-0.222222249816964,0.3227272559788605,-0.2020997157363255,0.1534145883361107,PUT,0.1534145883361107,0.3227272559788605,d25,event_option_mh30trail_clean1000_frozen2025_select2026_d25_return_deploy202607_QQQ_v1,0,0.1,3,30,25,0.25,202601
QQQ,zero_dte,11:20,680,202601,20260128,-0.3595505595402861,0.2994504681158716,-0.2753614509331941,0.1707725747103059,PUT,0.1707725747103059,0.2994504681158716,d25,event_option_mh30trail_clean1000_frozen2025_select2026_d25_return_deploy202607_QQQ_v1,0,0.1,3,30,25,0.25,202601
QQQ,zero_dte,10:35,635,202601,20260129,0.3653846002693213,1.3358585031503765,-0.3605941874391531,0.1289505381237887,PUT,0.1289505381237887,1.3358585031503765,d25,event_option_mh30trail_clean1000_frozen2025_select2026_d25_return_deploy202607_QQQ_v1,0,0.1,3,30,25,0.25,202601
QQQ,zero_dte,11:10,670,202601,20260129,0.5424529044557735,-0.6,-0.4086672514179348,0.141429546443266,PUT,0.141429546443266,-0.6,d25,event_option_mh30trail_clean1000_frozen2025_select2026_d25_return_deploy202607_QQQ_v1,0,0.1,3,30,25,0.25,202601
QQQ,zero_dte,11:50,710,202601,20260129,1.0115385885069403,-0.6,0.1917890515943455,-0.3312338568258949,CALL,0.1917890515943455,1.0115385885069403,d25,event_option_mh30trail_clean1000_frozen2025_select2026_d25_return_deploy202607_QQQ_v1,0,0.1,3,30,25,0.25,202601
QQQ,zero_dte,10:00,600,202601,20260130,0.5162338285627941,-0.6,0.1166043544322076,-0.0789611836586276,CALL,0.1166043544322076,0.5162338285627941,d25,event_option_mh30trail_clean1000_frozen2025_select2026_d25_return_deploy202607_QQQ_v1,0,0.1,3,30,25,0.25,202601
QQQ,zero_dte,10:45,645,202601,20260130,-0.6,0.4566666285196941,-0.2916988815387267,0.1156179495914855,PUT,0.1156179495914855,0.4566666285196941,d25,event_option_mh30trail_clean1000_frozen2025_select2026_d25_return_deploy202607_QQQ_v1,0,0.1,3,30,25,0.25,202601
QQQ,zero_dte,11:25,685,202601,20260130,0.25,0.5192307974459867,0.347342963726624,-0.4333126210875846,CALL,0.347342963726624,0.25,d25,event_option_mh30trail_clean1000_frozen2025_select2026_d25_return_deploy202607_QQQ_v1,0,0.1,3,30,25,0.25,202601
QQQ,zero_dte,10:15,615,202602,20260202,0.6217949893582779,-0.6,-0.0135299532963189,0.1209654467595407,PUT,0.1209654467595407,-0.6,d25,event_option_mh30trail_clean1000_frozen2025_select2026_d25_return_deploy202607_QQQ_v1,0,0.1,3,30,25,0.25,202602
QQQ,zero_dte,10:50,650,202602,20260202,0.3681817570993737,0.2916667209938179,0.3359614103921315,-0.4130551656882263,CALL,0.3359614103921315,0.3681817570993737,d25,event_option_mh30trail_clean1000_frozen2025_select2026_d25_return_deploy202607_QQQ_v1,0,0.1,3,30,25,0.25,202602
QQQ,zero_dte,11:20,680,202602,20260202,0.4051724244241343,-0.6,0.1292720464613065,-0.3081667813003991,CALL,0.1292720464613065,0.4051724244241343,d25,event_option_mh30trail_clean1000_frozen2025_select2026_d25_return_deploy202607_QQQ_v1,0,0.1,3,30,25,0.25,202602
QQQ,zero_dte,11:35,695,202602,20260203,-0.6,1.7817460017109372,0.180808689202011,-0.4705454181821157,CALL,0.180808689202011,-0.6,d25,event_option_mh30trail_clean1000_frozen2025_select2026_d25_return_deploy202607_QQQ_v1,0,0.1,3,30,25,0.25,202602
QQQ,zero_dte,12:25,745,202602,20260203,-0.6,1.790816286810733,-0.214536202260257,0.1147726993760583,PUT,0.1147726993760583,1.790816286810733,d25,event_option_mh30trail_clean1000_frozen2025_select2026_d25_return_deploy202607_QQQ_v1,0,0.1,3,30,25,0.25,202602
QQQ,zero_dte,12:55,775,202602,20260203,-0.6,0.5075756371623386,0.3723994655096939,-0.339557747581248,CALL,0.3723994655096939,-0.6,d25,event_option_mh30trail_clean1000_frozen2025_select2026_d25_return_deploy202607_QQQ_v1,0,0.1,3,30,25,0.25,202602
QQQ,zero_dte,10:00,600,202602,20260204,0.7724718890426705,0.7751572081844746,0.2230796507147758,-0.3659716604496395,CALL,0.2230796507147758,0.7724718890426705,d25,event_option_mh30trail_clean1000_frozen2025_select2026_d25_return_deploy202607_QQQ_v1,0,0.1,3,30,25,0.25,202602
QQQ,zero_dte,10:35,635,202602,20260204,0.6018518464010385,0.3602941427831003,0.1153153648206947,-0.3646358098501467,CALL,0.1153153648206947,0.6018518464010385,d25,event_option_mh30trail_clean1000_frozen2025_select2026_d25_return_deploy202607_QQQ_v1,0,0.1,3,30,25,0.25,202602
QQQ,zero_dte,11:15,675,202602,20260204,-0.6,1.1323530511735105,0.2651622841827524,-0.1242846854306419,CALL,0.2651622841827524,-0.6,d25,event_option_mh30trail_clean1000_frozen2025_select2026_d25_return_deploy202607_QQQ_v1,0,0.1,3,30,25,0.25,202602
QQQ,zero_dte,10:15,615,202602,20260205,0.4625748314919542,-0.6,0.1022738099320386,-0.2412928071689197,CALL,0.1022738099320386,0.4625748314919542,d25,event_option_mh30trail_clean1000_frozen2025_select2026_d25_return_deploy202607_QQQ_v1,0,0.1,3,30,25,0.25,202602
QQQ,zero_dte,10:50,650,202602,20260205,0.7841882066143633,-0.6,0.2145292610390502,-0.2074864757103914,CALL,0.2145292610390502,0.7841882066143633,d25,event_option_mh30trail_clean1000_frozen2025_select2026_d25_return_deploy202607_QQQ_v1,0,0.1,3,30,25,0.25,202602
QQQ,zero_dte,11:15,675,202602,20260206,0.3362069709689403,-0.6,-0.5781770188348857,0.157864590165477,PUT,0.157864590165477,-0.6,d25,event_option_mh30trail_clean1000_frozen2025_select2026_d25_return_deploy202607_QQQ_v1,0,0.1,3,30,25,0.25,202602
QQQ,zero_dte,11:50,710,202602,20260206,0.4537036669107146,0.406249947613104,-0.2146960846050748,0.1041437288654269,PUT,0.1041437288654269,0.406249947613104,d25,event_option_mh30trail_clean1000_frozen2025_select2026_d25_return_deploy202607_QQQ_v1,0,0.1,3,30,25,0.25,202602
QQQ,zero_dte,12:20,740,202602,20260206,0.4537036669107146,-0.6,-0.6170985246846007,0.1233288018974467,PUT,0.1233288018974467,-0.6,d25,event_option_mh30trail_clean1000_frozen2025_select2026_d25_return_deploy202607_QQQ_v1,0,0.1,3,30,25,0.25,202602
QQQ,zero_dte,10:30,630,202602,20260209,1.008823415564834,-0.6,0.1435282733056182,-0.4250636306451479,CALL,0.1435282733056182,1.008823415564834,d25,event_option_mh30trail_clean1000_frozen2025_select2026_d25_return_deploy202607_QQQ_v1,0,0.1,3,30,25,0.25,202602
QQQ,zero_dte,11:00,660,202602,20260209,0.345238184780223,-0.6,0.3004491601213922,-0.0441063519702177,CALL,0.3004491601213922,0.345238184780223,d25,event_option_mh30trail_clean1000_frozen2025_select2026_d25_return_deploy202607_QQQ_v1,0,0.1,3,30,25,0.25,202602
QQQ,zero_dte,11:30,690,202602,20260209,0.6499999761581421,-0.6,-0.1991904421675378,0.1973318222433005,PUT,0.1973318222433005,-0.6,d25,event_option_mh30trail_clean1000_frozen2025_select2026_d25_return_deploy202607_QQQ_v1,0,0.1,3,30,25,0.25,202602
QQQ,zero_dte,13:30,810,202602,20260210,-0.6,-0.6,0.309051778195639,0.0904362836234213,CALL,0.309051778195639,-0.6,d25,event_option_mh30trail_clean1000_frozen2025_select2026_d25_return_deploy202607_QQQ_v1,0,0.1,3,30,25,0.25,202602
QQQ,zero_dte,14:00,840,202602,20260210,-0.6,-0.6,0.3230405522033298,-0.3033542137781542,CALL,0.3230405522033298,-0.6,d25,event_option_mh30trail_clean1000_frozen2025_select2026_d25_return_deploy202607_QQQ_v1,0,0.1,3,30,25,0.25,202602
QQQ,zero_dte,14:30,870,202602,20260210,-0.6,0.75,0.1876058044667988,-0.2838405048166404,CALL,0.1876058044667988,-0.6,d25,event_option_mh30trail_clean1000_frozen2025_select2026_d25_return_deploy202607_QQQ_v1,0,0.1,3,30,25,0.25,202602
QQQ,zero_dte,10:20,620,202602,20260211,0.470588154085368,-0.6,0.2715097184669213,-0.463324681224653,CALL,0.2715097184669213,0.470588154085368,d25,event_option_mh30trail_clean1000_frozen2025_select2026_d25_return_deploy202607_QQQ_v1,0,0.1,3,30,25,0.25,202602
QQQ,zero_dte,10:00,600,202602,20260212,0.3500000000000001,0.3726416240174792,0.2390623781052809,-0.386460138650474,CALL,0.2390623781052809,0.3500000000000001,d25,event_option_mh30trail_clean1000_frozen2025_select2026_d25_return_deploy202607_QQQ_v1,0,0.1,3,30,25,0.25,202602
QQQ,zero_dte,10:35,635,202602,20260212,-0.6,2.3611108351636925,0.1666567846708071,-0.2169550734594695,CALL,0.1666567846708071,-0.6,d25,event_option_mh30trail_clean1000_frozen2025_select2026_d25_return_deploy202607_QQQ_v1,0,0.1,3,30,25,0.25,202602
QQQ,zero_dte,11:05,665,202602,20260212,-0.6,1.4772727491660769,0.2489710619424039,-0.1708840270280768,CALL,0.2489710619424039,-0.6,d25,event_option_mh30trail_clean1000_frozen2025_select2026_d25_return_deploy202607_QQQ_v1,0,0.1,3,30,25,0.25,202602
QQQ,zero_dte,10:30,630,202602,20260213,-0.6,1.2198795102853563,-0.383176104209609,0.2427877773479697,PUT,0.2427877773479697,1.2198795102853563,d25,event_option_mh30trail_clean1000_frozen2025_select2026_d25_return_deploy202607_QQQ_v1,0,0.1,3,30,25,0.25,202602
QQQ,zero_dte,11:00,660,202602,20260213,0.3804347530317222,-0.6,0.2734966933993362,-0.3798768783741608,CALL,0.2734966933993362,0.3804347530317222,d25,event_option_mh30trail_clean1000_frozen2025_select2026_d25_return_deploy202607_QQQ_v1,0,0.1,3,30,25,0.25,202602
QQQ,zero_dte,11:35,695,202602,20260213,0.3029411946200988,-0.6,0.2903117387587004,0.0017699663511523,CALL,0.2903117387587004,0.3029411946200988,d25,event_option_mh30trail_clean1000_frozen2025_select2026_d25_return_deploy202607_QQQ_v1,0,0.1,3,30,25,0.25,202602
QQQ,zero_dte,11:15,675,202602,20260217,-0.6,0.2500000372529025,0.2895427491872822,-0.1651385217075976,CALL,0.2895427491872822,-0.6,d25,event_option_mh30trail_clean1000_frozen2025_select2026_d25_return_deploy202607_QQQ_v1,0,0.1,3,30,25,0.25,202602
QQQ,zero_dte,11:55,715,202602,20260217,-0.6,0.9469696819180196,0.3924191677498273,-0.3114825763301195,CALL,0.3924191677498273,-0.6,d25,event_option_mh30trail_clean1000_frozen2025_select2026_d25_return_deploy202607_QQQ_v1,0,0.1,3,30,25,0.25,202602
QQQ,zero_dte,13:25,805,202602,20260217,1.5416667986040342,-0.6,0.3535743181131003,-0.3776472335470282,CALL,0.3535743181131003,1.5416667986040342,d25,event_option_mh30trail_clean1000_frozen2025_select2026_d25_return_deploy202607_QQQ_v1,0,0.1,3,30,25,0.25,202602
QQQ,zero_dte,10:05,605,202602,20260218,-0.2285713847802603,-0.6,-0.291097648625601,0.3151779971712449,PUT,0.3151779971712449,-0.6,d25,event_option_mh30trail_clean1000_frozen2025_select2026_d25_return_deploy202607_QQQ_v1,0,0.1,3,30,25,0.25,202602
QQQ,zero_dte,10:45,645,202602,20260218,-0.6,-0.6,0.1730352926308458,-0.1173881559306126,CALL,0.1730352926308458,-0.6,d25,event_option_mh30trail_clean1000_frozen2025_select2026_d25_return_deploy202607_QQQ_v1,0,0.1,3,30,25,0.25,202602
QQQ,zero_dte,11:15,675,202602,20260218,-0.6,-0.6,0.3002366606576041,-0.1592502355798991,CALL,0.3002366606576041,-0.6,d25,event_option_mh30trail_clean1000_frozen2025_select2026_d25_return_deploy202607_QQQ_v1,0,0.1,3,30,25,0.25,202602
QQQ,zero_dte,10:05,605,202602,20260219,-0.6,-0.6,0.0065609122272494,0.2006061381797487,PUT,0.2006061381797487,-0.6,d25,event_option_mh30trail_clean1000_frozen2025_select2026_d25_return_deploy202607_QQQ_v1,0,0.1,3,30,25,0.25,202602
QQQ,zero_dte,10:40,640,202602,20260219,-0.6,0.2842465417875905,0.1137337991134189,-0.0326221763161308,CALL,0.1137337991134189,-0.6,d25,event_option_mh30trail_clean1000_frozen2025_select2026_d25_return_deploy202607_QQQ_v1,0,0.1,3,30,25,0.25,202602
QQQ,zero_dte,11:15,675,202602,20260219,-0.6,0.5863635792219948,0.3823875184563369,-0.0829187756158798,CALL,0.3823875184563369,-0.6,d25,event_option_mh30trail_clean1000_frozen2025_select2026_d25_return_deploy202607_QQQ_v1,0,0.1,3,30,25,0.25,202602
QQQ,zero_dte,10:45,645,202602,20260220,0.5858208782610745,0.3597561755682448,-0.503433051984757,0.229839598550115,PUT,0.229839598550115,0.3597561755682448,d25,event_option_mh30trail_clean1000_frozen2025_select2026_d25_return_deploy202607_QQQ_v1,0,0.1,3,30,25,0.25,202602
QQQ,zero_dte,13:00,780,202602,20260220,-0.6,1.1637931317976915,-0.4934846393077527,0.149982577170239,PUT,0.149982577170239,1.1637931317976915,d25,event_option_mh30trail_clean1000_frozen2025_select2026_d25_return_deploy202607_QQQ_v1,0,0.1,3,30,25,0.25,202602
QQQ,zero_dte,10:50,650,202602,20260223,-0.6,1.8858024128107305,0.1212947654304927,-0.4434724343462917,CALL,0.1212947654304927,-0.6,d25,event_option_mh30trail_clean1000_frozen2025_select2026_d25_return_deploy202607_QQQ_v1,0,0.1,3,30,25,0.25,202602
QQQ,zero_dte,11:20,680,202602,20260223,-0.6,-0.6,0.1654292881092919,-0.0489601960575859,CALL,0.1654292881092919,-0.6,d25,event_option_mh30trail_clean1000_frozen2025_select2026_d25_return_deploy202607_QQQ_v1,0,0.1,3,30,25,0.25,202602
QQQ,zero_dte,11:50,710,202602,20260223,-0.6,-0.6,0.1016205419595903,-0.046908265089572,CALL,0.1016205419595903,-0.6,d25,event_option_mh30trail_clean1000_frozen2025_select2026_d25_return_deploy202607_QQQ_v1,0,0.1,3,30,25,0.25,202602
QQQ,zero_dte,10:45,645,202602,20260224,0.4741379806459602,-0.6,0.1656778521431267,-0.270427366361626,CALL,0.1656778521431267,0.4741379806459602,d25,event_option_mh30trail_clean1000_frozen2025_select2026_d25_return_deploy202607_QQQ_v1,0,0.1,3,30,25,0.25,202602
QQQ,zero_dte,11:15,675,202602,20260224,0.3629032134017389,0.6991525886045815,0.1453260665359154,0.0119398991279051,CALL,0.1453260665359154,0.3629032134017389,d25,event_option_mh30trail_clean1000_frozen2025_select2026_d25_return_deploy202607_QQQ_v1,0,0.1,3,30,25,0.25,202602
QQQ,zero_dte,11:55,715,202602,20260224,0.668367304736404,-0.6,0.1876269793065316,0.0352438594895817,CALL,0.1876269793065316,0.668367304736404,d25,event_option_mh30trail_clean1000_frozen2025_select2026_d25_return_deploy202607_QQQ_v1,0,0.1,3,30,25,0.25,202602
QQQ,zero_dte,10:00,600,202602,20260225,-0.6,-0.5180722722849384,-0.3650531350816067,0.5159699223037976,PUT,0.5159699223037976,-0.5180722722849384,d25,event_option_mh30trail_clean1000_frozen2025_select2026_d25_return_deploy202607_QQQ_v1,0,0.1,3,30,25,0.25,202602
QQQ,zero_dte,10:30,630,202602,20260225,-0.1451613430426094,0.3042168527612283,-0.1489064525728252,0.2506113097876918,PUT,0.2506113097876918,0.3042168527612283,d25,event_option_mh30trail_clean1000_frozen2025_select2026_d25_return_deploy202607_QQQ_v1,0,0.1,3,30,25,0.25,202602
QQQ,zero_dte,11:00,660,202602,20260225,0.3200000127156575,-0.464788722935188,-0.2761134484063123,0.3421488404928852,PUT,0.3421488404928852,-0.464788722935188,d25,event_option_mh30trail_clean1000_frozen2025_select2026_d25_return_deploy202607_QQQ_v1,0,0.1,3,30,25,0.25,202602
QQQ,zero_dte,10:20,620,202602,20260226,-0.6,-0.6,0.1181792409615335,-0.161045129021264,CALL,0.1181792409615335,-0.6,d25,event_option_mh30trail_clean1000_frozen2025_select2026_d25_return_deploy202607_QQQ_v1,0,0.1,3,30,25,0.25,202602
QQQ,zero_dte,13:30,810,202602,20260226,1.9575474329290263,-0.6,-0.5189992984920948,0.1599239363748619,PUT,0.1599239363748619,-0.6,d25,event_option_mh30trail_clean1000_frozen2025_select2026_d25_return_deploy202607_QQQ_v1,0,0.1,3,30,25,0.25,202602
QQQ,zero_dte,10:10,610,202602,20260227,-0.6,-0.6,-0.3054611765811784,0.1091869923437144,PUT,0.1091869923437144,-0.6,d25,event_option_mh30trail_clean1000_frozen2025_select2026_d25_return_deploy202607_QQQ_v1,0,0.1,3,30,25,0.25,202602
QQQ,zero_dte,10:45,645,202602,20260227,-0.6,0.6833332008785724,-0.3862303295924459,0.51907589821465,PUT,0.51907589821465,0.6833332008785724,d25,event_option_mh30trail_clean1000_frozen2025_select2026_d25_return_deploy202607_QQQ_v1,0,0.1,3,30,25,0.25,202602
QQQ,zero_dte,11:25,685,202602,20260227,-0.6,0.4669812742439094,-0.2763584211549034,0.2740167935884901,PUT,0.2740167935884901,0.4669812742439094,d25,event_option_mh30trail_clean1000_frozen2025_select2026_d25_return_deploy202607_QQQ_v1,0,0.1,3,30,25,0.25,202602
QQQ,zero_dte,10:10,610,202603,20260302,-0.6,0.3133803490867854,0.1755813479214512,0.0122696247801478,CALL,0.1755813479214512,-0.6,d25,event_option_mh30trail_clean1000_frozen2025_select2026_d25_return_deploy202607_QQQ_v1,0,0.1,3,30,25,0.25,202603
QQQ,zero_dte,10:40,640,202603,20260302,0.2928572304394794,-0.6,0.1709163168421691,-0.0958266085267729,CALL,0.1709163168421691,0.2928572304394794,d25,event_option_mh30trail_clean1000_frozen2025_select2026_d25_return_deploy202607_QQQ_v1,0,0.1,3,30,25,0.25,202603
QQQ,zero_dte,11:10,670,202603,20260302,0.4409090672642737,1.3382352528687584,0.4486142698582773,-0.2705151250780188,CALL,0.4486142698582773,0.4409090672642737,d25,event_option_mh30trail_clean1000_frozen2025_select2026_d25_return_deploy202607_QQQ_v1,0,0.1,3,30,25,0.25,202603
QQQ,zero_dte,10:25,625,202603,20260303,0.4510308530837721,-0.6,0.4826593715778647,-0.0203420506969025,CALL,0.4826593715778647,0.4510308530837721,d25,event_option_mh30trail_clean1000_frozen2025_select2026_d25_return_deploy202607_QQQ_v1,0,0.1,3,30,25,0.25,202603
QQQ,zero_dte,10:55,655,202603,20260303,2.78896100276999,-0.6,0.5207986600087487,-0.3124879441636125,CALL,0.5207986600087487,2.78896100276999,d25,event_option_mh30trail_clean1000_frozen2025_select2026_d25_return_deploy202607_QQQ_v1,0,0.1,3,30,25,0.25,202603
QQQ,zero_dte,11:25,685,202603,20260303,0.9738805558533316,0.2954546580489186,0.2287820817493656,0.100671784410416,CALL,0.2287820817493656,0.9738805558533316,d25,event_option_mh30trail_clean1000_frozen2025_select2026_d25_return_deploy202607_QQQ_v1,0,0.1,3,30,25,0.25,202603
QQQ,zero_dte,10:30,630,202603,20260304,-0.6,0.4825581218050006,-0.4508160918221651,0.3229357039015436,PUT,0.3229357039015436,0.4825581218050006,d25,event_option_mh30trail_clean1000_frozen2025_select2026_d25_return_deploy202607_QQQ_v1,0,0.1,3,30,25,0.25,202603
QQQ,zero_dte,11:00,660,202603,20260304,-0.1587301977757816,0.9025424362359078,-0.3918510768882561,0.2117514712867005,PUT,0.2117514712867005,0.9025424362359078,d25,event_option_mh30trail_clean1000_frozen2025_select2026_d25_return_deploy202607_QQQ_v1,0,0.1,3,30,25,0.25,202603
QQQ,zero_dte,11:30,690,202603,20260304,0.6474359914866223,-0.6,-0.3849872643890583,0.2516607866869612,PUT,0.2516607866869612,-0.6,d25,event_option_mh30trail_clean1000_frozen2025_select2026_d25_return_deploy202607_QQQ_v1,0,0.1,3,30,25,0.25,202603
QQQ,zero_dte,10:00,600,202603,20260305,-0.6,2.630000114440918,-0.2492661508876735,0.1849245705883832,PUT,0.1849245705883832,2.630000114440918,d25,event_option_mh30trail_clean1000_frozen2025_select2026_d25_return_deploy202607_QQQ_v1,0,0.1,3,30,25,0.25,202603
QQQ,zero_dte,10:30,630,202603,20260305,0.9872883239445912,-0.6,0.2026640753919389,-0.513903751444686,CALL,0.2026640753919389,0.9872883239445912,d25,event_option_mh30trail_clean1000_frozen2025_select2026_d25_return_deploy202607_QQQ_v1,0,0.1,3,30,25,0.25,202603
QQQ,zero_dte,11:10,670,202603,20260305,0.3537737164645131,-0.6,0.4201316887910499,-0.5745691916744621,CALL,0.4201316887910499,0.3537737164645131,d25,event_option_mh30trail_clean1000_frozen2025_select2026_d25_return_deploy202607_QQQ_v1,0,0.1,3,30,25,0.25,202603
QQQ,zero_dte,12:20,740,202603,20260306,-0.6,0.8006328617298277,-0.2146311901886846,0.1084866950248991,PUT,0.1084866950248991,0.8006328617298277,d25,event_option_mh30trail_clean1000_frozen2025_select2026_d25_return_deploy202607_QQQ_v1,0,0.1,3,30,25,0.25,202603
QQQ,zero_dte,13:40,820,202603,20260306,-0.6,-0.6,-0.2789872949951996,0.1126514537078746,PUT,0.1126514537078746,-0.6,d25,event_option_mh30trail_clean1000_frozen2025_select2026_d25_return_deploy202607_QQQ_v1,0,0.1,3,30,25,0.25,202603
QQQ,zero_dte,10:15,615,202603,20260309,1.5238095195858383,-0.6,0.3290657750591413,0.2110202619735206,CALL,0.3290657750591413,1.5238095195858383,d25,event_option_mh30trail_clean1000_frozen2025_select2026_d25_return_deploy202607_QQQ_v1,0,0.1,3,30,25,0.25,202603
QQQ,zero_dte,10:45,645,202603,20260309,0.321428501918783,-0.6,0.1984684995156798,0.0468449634324784,CALL,0.1984684995156798,0.321428501918783,d25,event_option_mh30trail_clean1000_frozen2025_select2026_d25_return_deploy202607_QQQ_v1,0,0.1,3,30,25,0.25,202603
QQQ,zero_dte,11:15,675,202603,20260309,0.9329268017884592,-0.6,0.4088651680064052,-0.1206905015169806,CALL,0.4088651680064052,0.9329268017884592,d25,event_option_mh30trail_clean1000_frozen2025_select2026_d25_return_deploy202607_QQQ_v1,0,0.1,3,30,25,0.25,202603
QQQ,zero_dte,10:10,610,202603,20260310,1.0174418781949996,-0.6,0.0212233829765865,0.1995131628730005,PUT,0.1995131628730005,-0.6,d25,event_option_mh30trail_clean1000_frozen2025_select2026_d25_return_deploy202607_QQQ_v1,0,0.1,3,30,25,0.25,202603
QQQ,zero_dte,10:40,640,202603,20260310,1.0499999006589291,-0.6,0.0048296979254323,0.2074327216408625,PUT,0.2074327216408625,-0.6,d25,event_option_mh30trail_clean1000_frozen2025_select2026_d25_return_deploy202607_QQQ_v1,0,0.1,3,30,25,0.25,202603
QQQ,zero_dte,11:10,670,202603,20260310,0.5722222546000548,-0.6,-0.4926237050429354,0.315321677730346,PUT,0.315321677730346,-0.6,d25,event_option_mh30trail_clean1000_frozen2025_select2026_d25_return_deploy202607_QQQ_v1,0,0.1,3,30,25,0.25,202603
QQQ,zero_dte,10:00,600,202603,20260311,-0.6,1.8246267036808532,-0.1716090668759562,0.3949852549577031,PUT,0.3949852549577031,1.8246267036808532,d25,event_option_mh30trail_clean1000_frozen2025_select2026_d25_return_deploy202607_QQQ_v1,0,0.1,3,30,25,0.25,202603
QQQ,zero_dte,10:30,630,202603,20260311,-0.6,0.420588137946742,0.1748982440078959,0.0672900617708967,CALL,0.1748982440078959,-0.6,d25,event_option_mh30trail_clean1000_frozen2025_select2026_d25_return_deploy202607_QQQ_v1,0,0.1,3,30,25,0.25,202603
QQQ,zero_dte,11:20,680,202603,20260311,-0.6,0.6576923923379603,0.3341171024495127,-0.4928496236069088,CALL,0.3341171024495127,-0.6,d25,event_option_mh30trail_clean1000_frozen2025_select2026_d25_return_deploy202607_QQQ_v1,0,0.1,3,30,25,0.25,202603
QQQ,zero_dte,11:15,675,202603,20260312,0.9772726821176954,-0.6,0.3805630989647204,-0.1599157065698628,CALL,0.3805630989647204,0.9772726821176954,d25,event_option_mh30trail_clean1000_frozen2025_select2026_d25_return_deploy202607_QQQ_v1,0,0.1,3,30,25,0.25,202603
QQQ,zero_dte,11:50,710,202603,20260312,0.3712121362637985,0.5000000784271652,-0.0205125720114857,0.1182978910012299,PUT,0.1182978910012299,0.5000000784271652,d25,event_option_mh30trail_clean1000_frozen2025_select2026_d25_return_deploy202607_QQQ_v1,0,0.1,3,30,25,0.25,202603
QQQ,zero_dte,12:30,750,202603,20260312,0.3955695151977128,-0.6,0.1911632002047734,0.0522325514671741,CALL,0.1911632002047734,0.3955695151977128,d25,event_option_mh30trail_clean1000_frozen2025_select2026_d25_return_deploy202607_QQQ_v1,0,0.1,3,30,25,0.25,202603
QQQ,zero_dte,10:45,645,202603,20260313,-0.6,0.8510100037063251,0.2158666531956217,-0.1540082867723042,CALL,0.2158666531956217,-0.6,d25,event_option_mh30trail_clean1000_frozen2025_select2026_d25_return_deploy202607_QQQ_v1,0,0.1,3,30,25,0.25,202603
QQQ,zero_dte,11:15,675,202603,20260313,-0.6,1.6514084577986088,0.2987454821232546,-0.1354451397654845,CALL,0.2987454821232546,-0.6,d25,event_option_mh30trail_clean1000_frozen2025_select2026_d25_return_deploy202607_QQQ_v1,0,0.1,3,30,25,0.25,202603
QQQ,zero_dte,11:45,705,202603,20260313,0.4085366172779183,-0.6,0.3461214442722949,-0.4508101967704609,CALL,0.3461214442722949,0.4085366172779183,d25,event_option_mh30trail_clean1000_frozen2025_select2026_d25_return_deploy202607_QQQ_v1,0,0.1,3,30,25,0.25,202603
QQQ,zero_dte,10:10,610,202603,20260316,-0.6,1.1961539872299336,-0.1730195234243244,0.4648912137174236,PUT,0.4648912137174236,1.1961539872299336,d25,event_option_mh30trail_clean1000_frozen2025_select2026_d25_return_deploy202607_QQQ_v1,0,0.1,3,30,25,0.25,202603
QQQ,zero_dte,10:45,645,202603,20260316,0.5051020358513416,-0.6,0.1481739656399132,-0.1881916799912713,CALL,0.1481739656399132,0.5051020358513416,d25,event_option_mh30trail_clean1000_frozen2025_select2026_d25_return_deploy202607_QQQ_v1,0,0.1,3,30,25,0.25,202603
QQQ,zero_dte,11:25,685,202603,20260316,-0.6,0.25,-0.1708067143584081,0.2087998311228903,PUT,0.2087998311228903,0.25,d25,event_option_mh30trail_clean1000_frozen2025_select2026_d25_return_deploy202607_QQQ_v1,0,0.1,3,30,25,0.25,202603
QQQ,zero_dte,10:00,600,202603,20260317,-0.6,0.4558822859117324,-0.2566416919591653,0.1048132504210009,PUT,0.1048132504210009,0.4558822859117324,d25,event_option_mh30trail_clean1000_frozen2025_select2026_d25_return_deploy202607_QQQ_v1,0,0.1,3,30,25,0.25,202603
QQQ,zero_dte,11:55,715,202603,20260317,-0.6,0.5867346094728079,0.1186236536052835,-0.3739222216922487,CALL,0.1186236536052835,-0.6,d25,event_option_mh30trail_clean1000_frozen2025_select2026_d25_return_deploy202607_QQQ_v1,0,0.1,3,30,25,0.25,202603
QQQ,zero_dte,12:25,745,202603,20260317,-0.6,-0.6,0.3878328454456711,-0.3631874226734691,CALL,0.3878328454456711,-0.6,d25,event_option_mh30trail_clean1000_frozen2025_select2026_d25_return_deploy202607_QQQ_v1,0,0.1,3,30,25,0.25,202603
QQQ,zero_dte,10:50,650,202603,20260318,0.3353658093362244,-0.4264706153048773,0.1163061652394621,-0.3114937238730434,CALL,0.1163061652394621,0.3353658093362244,d25,event_option_mh30trail_clean1000_frozen2025_select2026_d25_return_deploy202607_QQQ_v1,0,0.1,3,30,25,0.25,202603
QQQ,zero_dte,12:35,755,202603,20260318,-0.6,-0.6,0.2170093827127155,-0.3393779997830848,CALL,0.2170093827127155,-0.6,d25,event_option_mh30trail_clean1000_frozen2025_select2026_d25_return_deploy202607_QQQ_v1,0,0.1,3,30,25,0.25,202603
QQQ,zero_dte,13:05,785,202603,20260318,-0.6,-0.6,0.1363509051386438,-0.2301564215817813,CALL,0.1363509051386438,-0.6,d25,event_option_mh30trail_clean1000_frozen2025_select2026_d25_return_deploy202607_QQQ_v1,0,0.1,3,30,25,0.25,202603
QQQ,zero_dte,11:15,675,202603,20260319,-0.6,1.7833333002196432,0.2240147380071518,-0.2812373394512367,CALL,0.2240147380071518,-0.6,d25,event_option_mh30trail_clean1000_frozen2025_select2026_d25_return_deploy202607_QQQ_v1,0,0.1,3,30,25,0.25,202603
QQQ,zero_dte,12:05,725,202603,20260319,-0.6,0.4095744114215689,0.4012149009162003,0.0499390533144594,CALL,0.4012149009162003,-0.6,d25,event_option_mh30trail_clean1000_frozen2025_select2026_d25_return_deploy202607_QQQ_v1,0,0.1,3,30,25,0.25,202603
QQQ,zero_dte,14:15,855,202603,20260319,-0.6,1.5999999217689047,0.2189697603768345,0.2677184350694205,PUT,0.2677184350694205,1.5999999217689047,d25,event_option_mh30trail_clean1000_frozen2025_select2026_d25_return_deploy202607_QQQ_v1,0,0.1,3,30,25,0.25,202603
QQQ,zero_dte,10:15,615,202603,20260320,-0.6,-0.6,0.5603312613804189,-0.3095563374031794,CALL,0.5603312613804189,-0.6,d25,event_option_mh30trail_clean1000_frozen2025_select2026_d25_return_deploy202607_QQQ_v1,0,0.1,3,30,25,0.25,202603
QQQ,zero_dte,10:55,655,202603,20260320,-0.6,-0.6,0.2446076692279409,0.0219611862927169,CALL,0.2446076692279409,-0.6,d25,event_option_mh30trail_clean1000_frozen2025_select2026_d25_return_deploy202607_QQQ_v1,0,0.1,3,30,25,0.25,202603
QQQ,zero_dte,11:25,685,202603,20260320,0.3373015993156252,-0.6,0.4910815660343393,-0.0832257474282931,CALL,0.4910815660343393,0.3373015993156252,d25,event_option_mh30trail_clean1000_frozen2025_select2026_d25_return_deploy202607_QQQ_v1,0,0.1,3,30,25,0.25,202603
QQQ,zero_dte,10:20,620,202603,20260323,-0.6,0.2954546580489186,-0.0675906477992667,0.2030328633145093,PUT,0.2030328633145093,0.2954546580489186,d25,event_option_mh30trail_clean1000_frozen2025_select2026_d25_return_deploy202607_QQQ_v1,0,0.1,3,30,25,0.25,202603
QQQ,zero_dte,11:15,675,202603,20260323,-0.6,1.7089041498548911,-0.5401169820717919,0.1239056645830518,PUT,0.1239056645830518,1.7089041498548911,d25,event_option_mh30trail_clean1000_frozen2025_select2026_d25_return_deploy202607_QQQ_v1,0,0.1,3,30,25,0.25,202603
QQQ,zero_dte,12:00,720,202603,20260323,-0.6,0.4391891674197794,0.2429764448151392,-0.0984869150982655,CALL,0.2429764448151392,-0.6,d25,event_option_mh30trail_clean1000_frozen2025_select2026_d25_return_deploy202607_QQQ_v1,0,0.1,3,30,25,0.25,202603
QQQ,zero_dte,10:55,655,202603,20260324,-0.6,-0.6,0.3703654427047296,-0.2147331402200682,CALL,0.3703654427047296,-0.6,d25,event_option_mh30trail_clean1000_frozen2025_select2026_d25_return_deploy202607_QQQ_v1,0,0.1,3,30,25,0.25,202603
QQQ,zero_dte,12:00,720,202603,20260324,-0.6,0.3706896976965372,0.2912125714605905,-0.4582422122741764,CALL,0.2912125714605905,-0.6,d25,event_option_mh30trail_clean1000_frozen2025_select2026_d25_return_deploy202607_QQQ_v1,0,0.1,3,30,25,0.25,202603
QQQ,zero_dte,12:45,765,202603,20260324,-0.6,2.671052705878367,0.2329260295297469,-0.2512889849516694,CALL,0.2329260295297469,-0.6,d25,event_option_mh30trail_clean1000_frozen2025_select2026_d25_return_deploy202607_QQQ_v1,0,0.1,3,30,25,0.25,202603
QQQ,zero_dte,10:20,620,202603,20260325,-0.6,1.670634995722657,-0.3542030859182388,0.1933856086188639,PUT,0.1933856086188639,1.670634995722657,d25,event_option_mh30trail_clean1000_frozen2025_select2026_d25_return_deploy202607_QQQ_v1,0,0.1,3,30,25,0.25,202603
QQQ,zero_dte,10:50,650,202603,20260325,-0.6,3.0921052549024037,-0.3770517066319214,0.2270112538505087,PUT,0.2270112538505087,3.0921052549024037,d25,event_option_mh30trail_clean1000_frozen2025_select2026_d25_return_deploy202607_QQQ_v1,0,0.1,3,30,25,0.25,202603
QQQ,zero_dte,11:20,680,202603,20260325,0.75,-0.6,0.1948661564749545,0.0414807449405704,CALL,0.1948661564749545,0.75,d25,event_option_mh30trail_clean1000_frozen2025_select2026_d25_return_deploy202607_QQQ_v1,0,0.1,3,30,25,0.25,202603
QQQ,zero_dte,10:25,625,202603,20260326,-0.6,1.6455224013376348,0.2559150271020536,-0.4668521287724683,CALL,0.2559150271020536,-0.6,d25,event_option_mh30trail_clean1000_frozen2025_select2026_d25_return_deploy202607_QQQ_v1,0,0.1,3,30,25,0.25,202603
QQQ,zero_dte,11:35,695,202603,20260326,0.3467741966495652,0.25,0.2581894258881876,0.1152040721670689,CALL,0.2581894258881876,0.3467741966495652,d25,event_option_mh30trail_clean1000_frozen2025_select2026_d25_return_deploy202607_QQQ_v1,0,0.1,3,30,25,0.25,202603
QQQ,zero_dte,12:05,725,202603,20260326,-0.6,1.5760868015947351,-0.4061211692920834,0.1640113861988353,PUT,0.1640113861988353,1.5760868015947351,d25,event_option_mh30trail_clean1000_frozen2025_select2026_d25_return_deploy202607_QQQ_v1,0,0.1,3,30,25,0.25,202603
QQQ,zero_dte,10:00,600,202603,20260327,-0.6,-0.6,0.4807678750273376,0.0264685458654749,CALL,0.4807678750273376,-0.6,d25,event_option_mh30trail_clean1000_frozen2025_select2026_d25_return_deploy202607_QQQ_v1,0,0.1,3,30,25,0.25,202603
QQQ,zero_dte,10:30,630,202603,20260327,0.3475609197636429,-0.6,0.4541696136226517,-0.0875868714118827,CALL,0.4541696136226517,0.3475609197636429,d25,event_option_mh30trail_clean1000_frozen2025_select2026_d25_return_deploy202607_QQQ_v1,0,0.1,3,30,25,0.25,202603
QQQ,zero_dte,11:15,675,202603,20260327,1.2423077910609537,0.3374999525025495,0.5531470329427507,0.0338553295468697,CALL,0.5531470329427507,1.2423077910609537,d25,event_option_mh30trail_clean1000_frozen2025_select2026_d25_return_deploy202607_QQQ_v1,0,0.1,3,30,25,0.25,202603
QQQ,zero_dte,10:00,600,202603,20260330,-0.6,-0.6,0.2173888021249339,-0.3463675040817989,CALL,0.2173888021249339,-0.6,d25,event_option_mh30trail_clean1000_frozen2025_select2026_d25_return_deploy202607_QQQ_v1,0,0.1,3,30,25,0.25,202603
QQQ,zero_dte,10:35,635,202603,20260330,0.9166665010982156,-0.6,0.3212172867686528,-0.4205757197128051,CALL,0.3212172867686528,0.9166665010982156,d25,event_option_mh30trail_clean1000_frozen2025_select2026_d25_return_deploy202607_QQQ_v1,0,0.1,3,30,25,0.25,202603
QQQ,zero_dte,11:15,675,202603,20260330,1.0899999141693115,-0.6,0.4547488067362334,-0.5285311658488209,CALL,0.4547488067362334,1.0899999141693115,d25,event_option_mh30trail_clean1000_frozen2025_select2026_d25_return_deploy202607_QQQ_v1,0,0.1,3,30,25,0.25,202603
QQQ,zero_dte,10:00,600,202603,20260331,-0.6,0.6388888755096198,-0.3939035781055128,0.1722991307199423,PUT,0.1722991307199423,0.6388888755096198,d25,event_option_mh30trail_clean1000_frozen2025_select2026_d25_return_deploy202607_QQQ_v1,0,0.1,3,30,25,0.25,202603
QQQ,zero_dte,10:30,630,202603,20260331,-0.6,1.5086207841532215,-0.3469675496585137,0.3167330900847396,PUT,0.3167330900847396,1.5086207841532215,d25,event_option_mh30trail_clean1000_frozen2025_select2026_d25_return_deploy202607_QQQ_v1,0,0.1,3,30,25,0.25,202603
QQQ,zero_dte,11:15,675,202603,20260331,-0.6,0.3765060855266346,-0.3686322551109348,0.321373337396007,PUT,0.321373337396007,0.3765060855266346,d25,event_option_mh30trail_clean1000_frozen2025_select2026_d25_return_deploy202607_QQQ_v1,0,0.1,3,30,25,0.25,202603
QQQ,zero_dte,10:15,615,202604,20260402,5.0,-0.6,0.2278559241470154,-0.2973056825102297,CALL,0.2278559241470154,5.0,d25,event_option_mh30trail_clean1000_frozen2025_select2026_d25_return_deploy202607_QQQ_v1,0,0.1,3,30,25,0.25,202604
QQQ,zero_dte,11:50,710,202604,20260402,-0.6,-0.6,0.4375104991335908,-0.4477877451804878,CALL,0.4375104991335908,-0.6,d25,event_option_mh30trail_clean1000_frozen2025_select2026_d25_return_deploy202607_QQQ_v1,0,0.1,3,30,25,0.25,202604
QQQ,zero_dte,13:55,835,202604,20260402,0.5785714188400579,-0.6,0.1490077840136953,-0.1005557028542254,CALL,0.1490077840136953,0.5785714188400579,d25,event_option_mh30trail_clean1000_frozen2025_select2026_d25_return_deploy202607_QQQ_v1,0,0.1,3,30,25,0.25,202604
QQQ,zero_dte,13:50,830,202604,20260406,1.6346154904224504,-0.6,0.1013002950502438,-0.2748902246012161,CALL,0.1013002950502438,1.6346154904224504,d25,event_option_mh30trail_clean1000_frozen2025_select2026_d25_return_deploy202607_QQQ_v1,0,0.1,3,30,25,0.25,202604
QQQ,zero_dte,11:00,660,202604,20260407,0.8386075080271986,0.2954545700845641,0.2674626469739781,-0.0665620040632376,CALL,0.2674626469739781,0.8386075080271986,d25,event_option_mh30trail_clean1000_frozen2025_select2026_d25_return_deploy202607_QQQ_v1,0,0.1,3,30,25,0.25,202604
QQQ,zero_dte,13:35,815,202604,20260407,-0.6,0.2976190391716771,0.2395731750691987,-0.4527389290002646,CALL,0.2395731750691987,-0.6,d25,event_option_mh30trail_clean1000_frozen2025_select2026_d25_return_deploy202607_QQQ_v1,0,0.1,3,30,25,0.25,202604
QQQ,zero_dte,10:20,620,202604,20260408,-0.6,0.2711268669791349,-0.5183376725482214,0.1412516905188042,PUT,0.1412516905188042,0.2711268669791349,d25,event_option_mh30trail_clean1000_frozen2025_select2026_d25_return_deploy202607_QQQ_v1,0,0.1,3,30,25,0.25,202604
QQQ,zero_dte,11:05,665,202604,20260408,0.3700000047683716,0.3026315294144219,-0.0476140242492923,0.1425807391838657,PUT,0.1425807391838657,0.3026315294144219,d25,event_option_mh30trail_clean1000_frozen2025_select2026_d25_return_deploy202607_QQQ_v1,0,0.1,3,30,25,0.25,202604
QQQ,zero_dte,11:40,700,202604,20260408,0.7712765755077031,-0.6,-0.0204259505286686,0.2543235277964899,PUT,0.2543235277964899,-0.6,d25,event_option_mh30trail_clean1000_frozen2025_select2026_d25_return_deploy202607_QQQ_v1,0,0.1,3,30,25,0.25,202604
QQQ,zero_dte,10:00,600,202604,20260410,0.3899999856948852,-0.6,0.2621768411034168,-0.3642270802710121,CALL,0.2621768411034168,0.3899999856948852,d25,event_option_mh30trail_clean1000_frozen2025_select2026_d25_return_deploy202607_QQQ_v1,0,0.1,3,30,25,0.25,202604
QQQ,zero_dte,10:30,630,202604,20260410,-0.6,0.4456520809568411,0.1161677782014716,-0.115259347443835,CALL,0.1161677782014716,-0.6,d25,event_option_mh30trail_clean1000_frozen2025_select2026_d25_return_deploy202607_QQQ_v1,0,0.1,3,30,25,0.25,202604
QQQ,zero_dte,11:15,675,202604,20260410,-0.6,1.2393616171323534,-0.4359043700124467,0.1419546409869838,PUT,0.1419546409869838,1.2393616171323534,d25,event_option_mh30trail_clean1000_frozen2025_select2026_d25_return_deploy202607_QQQ_v1,0,0.1,3,30,25,0.25,202604
QQQ,zero_dte,10:00,600,202604,20260413,-0.6,0.3442029386126579,0.1123079544271811,-0.2462486565036282,CALL,0.1123079544271811,-0.6,d25,event_option_mh30trail_clean1000_frozen2025_select2026_d25_return_deploy202607_QQQ_v1,0,0.1,3,30,25,0.25,202604
QQQ,zero_dte,10:30,630,202604,20260413,0.6357143927593638,-0.6,0.1433626017730273,-0.4721893618634123,CALL,0.1433626017730273,0.6357143927593638,d25,event_option_mh30trail_clean1000_frozen2025_select2026_d25_return_deploy202607_QQQ_v1,0,0.1,3,30,25,0.25,202604
QQQ,zero_dte,11:05,665,202604,20260413,0.5000000465661298,-0.6,0.5177590865963425,-0.4516313219023803,CALL,0.5177590865963425,0.5000000465661298,d25,event_option_mh30trail_clean1000_frozen2025_select2026_d25_return_deploy202607_QQQ_v1,0,0.1,3,30,25,0.25,202604
QQQ,zero_dte,10:10,610,202604,20260414,0.5785714188400579,-0.6,-0.1849539381264005,0.1180261801615264,PUT,0.1180261801615264,-0.6,d25,event_option_mh30trail_clean1000_frozen2025_select2026_d25_return_deploy202607_QQQ_v1,0,0.1,3,30,25,0.25,202604
QQQ,zero_dte,10:00,600,202604,20260416,0.4444444168497026,-0.6,0.1180672984609982,-0.3094990750429112,CALL,0.1180672984609982,0.4444444168497026,d25,event_option_mh30trail_clean1000_frozen2025_select2026_d25_return_deploy202607_QQQ_v1,0,0.1,3,30,25,0.25,202604
QQQ,zero_dte,11:30,690,202604,20260416,0.7172131467909935,-0.6,0.1936445166648563,-0.1726906236959559,CALL,0.1936445166648563,0.7172131467909935,d25,event_option_mh30trail_clean1000_frozen2025_select2026_d25_return_deploy202607_QQQ_v1,0,0.1,3,30,25,0.25,202604
QQQ,zero_dte,12:00,720,202604,20260416,-0.6,0.4250000167638061,-0.0990905285068868,0.1923094836624969,PUT,0.1923094836624969,0.4250000167638061,d25,event_option_mh30trail_clean1000_frozen2025_select2026_d25_return_deploy202607_QQQ_v1,0,0.1,3,30,25,0.25,202604
QQQ,zero_dte,10:00,600,202604,20260417,0.2619047864021364,-0.6,-0.5461792321494677,0.6705147472863131,PUT,0.6705147472863131,-0.6,d25,event_option_mh30trail_clean1000_frozen2025_select2026_d25_return_deploy202607_QQQ_v1,0,0.1,3,30,25,0.25,202604
QQQ,zero_dte,10:30,630,202604,20260417,1.2147888068853945,-0.6,-0.574008240357182,0.6222688576714402,PUT,0.6222688576714402,-0.6,d25,event_option_mh30trail_clean1000_frozen2025_select2026_d25_return_deploy202607_QQQ_v1,0,0.1,3,30,25,0.25,202604
QQQ,zero_dte,11:00,660,202604,20260417,-0.6,-0.6,-0.5655464214924828,0.4578347871650502,PUT,0.4578347871650502,-0.6,d25,event_option_mh30trail_clean1000_frozen2025_select2026_d25_return_deploy202607_QQQ_v1,0,0.1,3,30,25,0.25,202604
QQQ,zero_dte,10:10,610,202604,20260420,-0.6,0.2754237562101223,0.1210248144975701,-0.1476872251607713,CALL,0.1210248144975701,-0.6,d25,event_option_mh30trail_clean1000_frozen2025_select2026_d25_return_deploy202607_QQQ_v1,0,0.1,3,30,25,0.25,202604
QQQ,zero_dte,10:40,640,202604,20260420,-0.6,1.6666668144956516,0.1534803949766266,-0.2035054166028861,CALL,0.1534803949766266,-0.6,d25,event_option_mh30trail_clean1000_frozen2025_select2026_d25_return_deploy202607_QQQ_v1,0,0.1,3,30,25,0.25,202604
QQQ,zero_dte,11:15,675,202604,20260420,1.2115384968074836,-0.6,0.174791575767092,-0.2984136686239335,CALL,0.174791575767092,1.2115384968074836,d25,event_option_mh30trail_clean1000_frozen2025_select2026_d25_return_deploy202607_QQQ_v1,0,0.1,3,30,25,0.25,202604
QQQ,zero_dte,11:00,660,202604,20260421,0.3186275036873069,0.3591953660745983,0.1845033917216491,-0.3093206687675128,CALL,0.1845033917216491,0.3186275036873069,d25,event_option_mh30trail_clean1000_frozen2025_select2026_d25_return_deploy202607_QQQ_v1,0,0.1,3,30,25,0.25,202604
QQQ,zero_dte,11:30,690,202604,20260421,-0.6,0.3749999767169352,0.376344964999991,-0.5234918088378754,CALL,0.376344964999991,-0.6,d25,event_option_mh30trail_clean1000_frozen2025_select2026_d25_return_deploy202607_QQQ_v1,0,0.1,3,30,25,0.25,202604
QQQ,zero_dte,12:00,720,202604,20260421,-0.6,0.2621951467717143,0.4225228091085105,-0.4879515838392497,CALL,0.4225228091085105,-0.6,d25,event_option_mh30trail_clean1000_frozen2025_select2026_d25_return_deploy202607_QQQ_v1,0,0.1,3,30,25,0.25,202604
QQQ,zero_dte,10:05,605,202604,20260422,2.11363642521141,-0.6,0.1678020844388211,-0.1568159914284564,CALL,0.1678020844388211,2.11363642521141,d25,event_option_mh30trail_clean1000_frozen2025_select2026_d25_return_deploy202607_QQQ_v1,0,0.1,3,30,25,0.25,202604
QQQ,zero_dte,10:35,635,202604,20260422,0.4250000167638061,-0.6,-0.4375207932519151,0.2532362532395396,PUT,0.2532362532395396,-0.6,d25,event_option_mh30trail_clean1000_frozen2025_select2026_d25_return_deploy202607_QQQ_v1,0,0.1,3,30,25,0.25,202604
QQQ,zero_dte,11:05,665,202604,20260422,0.3815789803903853,-0.6,0.0056215622956336,0.2744091004967822,PUT,0.2744091004967822,-0.6,d25,event_option_mh30trail_clean1000_frozen2025_select2026_d25_return_deploy202607_QQQ_v1,0,0.1,3,30,25,0.25,202604
QQQ,zero_dte,10:00,600,202604,20260423,0.2971698813440151,-0.6,0.10513049793115,-0.5028853100644518,CALL,0.10513049793115,0.2971698813440151,d25,event_option_mh30trail_clean1000_frozen2025_select2026_d25_return_deploy202607_QQQ_v1,0,0.1,3,30,25,0.25,202604
QQQ,zero_dte,10:45,645,202604,20260423,0.8395521511716093,-0.6,0.1060000760210359,-0.3949192512926296,CALL,0.1060000760210359,0.8395521511716093,d25,event_option_mh30trail_clean1000_frozen2025_select2026_d25_return_deploy202607_QQQ_v1,0,0.1,3,30,25,0.25,202604
QQQ,zero_dte,11:15,675,202604,20260423,0.3815789803903853,0.3237704197202646,0.229860238995408,-0.3683044102927194,CALL,0.229860238995408,0.3815789803903853,d25,event_option_mh30trail_clean1000_frozen2025_select2026_d25_return_deploy202607_QQQ_v1,0,0.1,3,30,25,0.25,202604
QQQ,zero_dte,10:00,600,202604,20260424,0.6785714969951275,-0.6,0.193131908590646,-0.3301102166047748,CALL,0.193131908590646,0.6785714969951275,d25,event_option_mh30trail_clean1000_frozen2025_select2026_d25_return_deploy202607_QQQ_v1,0,0.1,3,30,25,0.25,202604
QQQ,zero_dte,10:40,640,202604,20260424,0.4962685491651568,-0.6,0.1826334997634281,-0.1945431553196268,CALL,0.1826334997634281,0.4962685491651568,d25,event_option_mh30trail_clean1000_frozen2025_select2026_d25_return_deploy202607_QQQ_v1,0,0.1,3,30,25,0.25,202604
QQQ,zero_dte,10:00,600,202604,20260427,-0.6,0.2968750494765129,0.1845759532041252,-0.4965416299209792,CALL,0.1845759532041252,-0.6,d25,event_option_mh30trail_clean1000_frozen2025_select2026_d25_return_deploy202607_QQQ_v1,0,0.1,3,30,25,0.25,202604
QQQ,zero_dte,10:30,630,202604,20260427,0.75,-0.6,0.2041692611057009,-0.5094682270274187,CALL,0.2041692611057009,0.75,d25,event_option_mh30trail_clean1000_frozen2025_select2026_d25_return_deploy202607_QQQ_v1,0,0.1,3,30,25,0.25,202604
QQQ,zero_dte,11:00,660,202604,20260427,-0.0277778329672614,0.8138298533415029,0.2404815620667687,-0.3136830375064233,CALL,0.2404815620667687,-0.0277778329672614,d25,event_option_mh30trail_clean1000_frozen2025_select2026_d25_return_deploy202607_QQQ_v1,0,0.1,3,30,25,0.25,202604
QQQ,zero_dte,10:20,620,202604,20260428,-0.6,2.2754237562101225,0.144926992241294,-0.3777660360407991,CALL,0.144926992241294,-0.6,d25,event_option_mh30trail_clean1000_frozen2025_select2026_d25_return_deploy202607_QQQ_v1,0,0.1,3,30,25,0.25,202604
QQQ,zero_dte,11:35,695,202604,20260428,0.2794117372066225,-0.6,-0.520098246451489,0.1399293532803343,PUT,0.1399293532803343,-0.6,d25,event_option_mh30trail_clean1000_frozen2025_select2026_d25_return_deploy202607_QQQ_v1,0,0.1,3,30,25,0.25,202604
QQQ,zero_dte,13:05,785,202604,20260428,0.3815789803903853,-0.6,-0.4689599140635411,0.1873676041793474,PUT,0.1873676041793474,-0.6,d25,event_option_mh30trail_clean1000_frozen2025_select2026_d25_return_deploy202607_QQQ_v1,0,0.1,3,30,25,0.25,202604
QQQ,zero_dte,10:25,625,202604,20260429,0.3713592266719565,0.1185184917005168,-0.1318952931395723,0.3024224475698326,PUT,0.3024224475698326,0.1185184917005168,d25,event_option_mh30trail_clean1000_frozen2025_select2026_d25_return_deploy202607_QQQ_v1,0,0.1,3,30,25,0.25,202604
QQQ,zero_dte,10:55,655,202604,20260429,-0.3684210196096147,0.4166666372322747,0.024629433435687,0.3937372691380522,PUT,0.3937372691380522,0.4166666372322747,d25,event_option_mh30trail_clean1000_frozen2025_select2026_d25_return_deploy202607_QQQ_v1,0,0.1,3,30,25,0.25,202604
QQQ,zero_dte,11:35,695,202604,20260429,-0.6,0.4545453868129063,0.0058812862121412,0.1770207452110525,PUT,0.1770207452110525,0.4545453868129063,d25,event_option_mh30trail_clean1000_frozen2025_select2026_d25_return_deploy202607_QQQ_v1,0,0.1,3,30,25,0.25,202604
QQQ,zero_dte,10:10,610,202604,20260430,0.4895833275125671,-0.6,0.236544040098587,-0.0428752247338707,CALL,0.236544040098587,0.4895833275125671,d25,event_option_mh30trail_clean1000_frozen2025_select2026_d25_return_deploy202607_QQQ_v1,0,0.1,3,30,25,0.25,202604
QQQ,zero_dte,13:10,790,202604,20260430,0.7884615031925164,-0.6,0.4323504575061069,-0.5698004414117596,CALL,0.4323504575061069,0.7884615031925164,d25,event_option_mh30trail_clean1000_frozen2025_select2026_d25_return_deploy202607_QQQ_v1,0,0.1,3,30,25,0.25,202604
QQQ,zero_dte,14:10,850,202604,20260430,-0.528301861329449,-0.6,-0.3294814245687398,0.1807430082467103,PUT,0.1807430082467103,-0.6,d25,event_option_mh30trail_clean1000_frozen2025_select2026_d25_return_deploy202607_QQQ_v1,0,0.1,3,30,25,0.25,202604
QQQ,zero_dte,10:00,600,202605,20260501,0.3700000047683716,0.8088234726945429,0.002079781366697,0.2182605435050635,PUT,0.2182605435050635,0.8088234726945429,d25,event_option_mh30trail_clean1000_frozen2025_select2026_d25_return_deploy202607_QQQ_v1,0,0.1,3,30,25,0.25,202605
QQQ,zero_dte,11:20,680,202605,20260501,0.4788136038414488,0.3152174251066033,-0.2151250726852184,0.1516293489975732,PUT,0.1516293489975732,0.3152174251066033,d25,event_option_mh30trail_clean1000_frozen2025_select2026_d25_return_deploy202607_QQQ_v1,0,0.1,3,30,25,0.25,202605
QQQ,zero_dte,11:55,715,202605,20260501,-0.6,0.8231708079416937,-0.1821451621280179,0.3096507077930028,PUT,0.3096507077930028,0.8231708079416937,d25,event_option_mh30trail_clean1000_frozen2025_select2026_d25_return_deploy202607_QQQ_v1,0,0.1,3,30,25,0.25,202605
QQQ,zero_dte,10:00,600,202605,20260504,-0.6,0.3586956784645567,0.2621256545870067,-0.2016674305737973,CALL,0.2621256545870067,-0.6,d25,event_option_mh30trail_clean1000_frozen2025_select2026_d25_return_deploy202607_QQQ_v1,0,0.1,3,30,25,0.25,202605
QQQ,zero_dte,10:30,630,202605,20260504,0.3022387103690283,0.477272714957718,0.2551386636970426,-0.2264672953163632,CALL,0.2551386636970426,0.3022387103690283,d25,event_option_mh30trail_clean1000_frozen2025_select2026_d25_return_deploy202607_QQQ_v1,0,0.1,3,30,25,0.25,202605
QQQ,zero_dte,11:05,665,202605,20260504,-0.6,4.035714331330085,0.2348586434874839,-0.2578763257442558,CALL,0.2348586434874839,-0.6,d25,event_option_mh30trail_clean1000_frozen2025_select2026_d25_return_deploy202607_QQQ_v1,0,0.1,3,30,25,0.25,202605
QQQ,zero_dte,10:10,610,202605,20260505,0.527777851363761,0.3955695151977128,0.1502265059372619,-0.0770537648728145,CALL,0.1502265059372619,0.527777851363761,d25,event_option_mh30trail_clean1000_frozen2025_select2026_d25_return_deploy202607_QQQ_v1,0,0.1,3,30,25,0.25,202605
QQQ,zero_dte,10:55,655,202605,20260505,-0.0892857351929556,-0.6,0.2294446258980652,-0.0719564215922785,CALL,0.2294446258980652,-0.0892857351929556,d25,event_option_mh30trail_clean1000_frozen2025_select2026_d25_return_deploy202607_QQQ_v1,0,0.1,3,30,25,0.25,202605
QQQ,zero_dte,12:40,760,202605,20260505,0.3749999767169352,-0.6,0.167156763989264,-0.5371209721641693,CALL,0.167156763989264,0.3749999767169352,d25,event_option_mh30trail_clean1000_frozen2025_select2026_d25_return_deploy202607_QQQ_v1,0,0.1,3,30,25,0.25,202605
QQQ,zero_dte,10:25,625,202605,20260506,0.78703700160675,-0.6,0.1854864150580648,0.1555051583635405,CALL,0.1854864150580648,0.78703700160675,d25,event_option_mh30trail_clean1000_frozen2025_select2026_d25_return_deploy202607_QQQ_v1,0,0.1,3,30,25,0.25,202605
QQQ,zero_dte,10:15,615,202605,20260507,0.3766667048136394,0.4212328722383454,-0.1839393035183034,0.2248765968377303,PUT,0.2248765968377303,0.4212328722383454,d25,event_option_mh30trail_clean1000_frozen2025_select2026_d25_return_deploy202607_QQQ_v1,0,0.1,3,30,25,0.25,202605
QQQ,zero_dte,10:45,645,202605,20260507,-0.6,0.5099999904632568,0.2223249210997034,-0.2698489751100143,CALL,0.2223249210997034,-0.6,d25,event_option_mh30trail_clean1000_frozen2025_select2026_d25_return_deploy202607_QQQ_v1,0,0.1,3,30,25,0.25,202605
QQQ,zero_dte,11:15,675,202605,20260507,-0.6,0.305555445176588,0.2017983366192742,-0.2107942000215786,CALL,0.2017983366192742,-0.6,d25,event_option_mh30trail_clean1000_frozen2025_select2026_d25_return_deploy202607_QQQ_v1,0,0.1,3,30,25,0.25,202605
QQQ,zero_dte,10:05,605,202605,20260508,0.3157895686223577,-0.6,-0.1947818510440352,0.2598846785731904,PUT,0.2598846785731904,-0.6,d25,event_option_mh30trail_clean1000_frozen2025_select2026_d25_return_deploy202607_QQQ_v1,0,0.1,3,30,25,0.25,202605
QQQ,zero_dte,10:40,640,202605,20260508,0.5105634334895675,-0.6,-0.089551682444356,0.1883304097792405,PUT,0.1883304097792405,-0.6,d25,event_option_mh30trail_clean1000_frozen2025_select2026_d25_return_deploy202607_QQQ_v1,0,0.1,3,30,25,0.25,202605
QQQ,zero_dte,11:15,675,202605,20260508,0.4166666666666667,-0.6,-0.2252529745420106,0.5384244531673215,PUT,0.5384244531673215,-0.6,d25,event_option_mh30trail_clean1000_frozen2025_select2026_d25_return_deploy202607_QQQ_v1,0,0.1,3,30,25,0.25,202605
QQQ,zero_dte,10:15,615,202605,20260511,-0.6,1.886363410588476,0.1017489505592684,0.2412979047105696,PUT,0.2412979047105696,1.886363410588476,d25,event_option_mh30trail_clean1000_frozen2025_select2026_d25_return_deploy202607_QQQ_v1,0,0.1,3,30,25,0.25,202605
QQQ,zero_dte,10:55,655,202605,20260511,-0.6,-0.6,0.1294296315457435,0.2692826590650686,PUT,0.2692826590650686,-0.6,d25,event_option_mh30trail_clean1000_frozen2025_select2026_d25_return_deploy202607_QQQ_v1,0,0.1,3,30,25,0.25,202605
QQQ,zero_dte,11:25,685,202605,20260511,0.4481132542293433,-0.6,0.1021572685504954,-0.0142403459275927,CALL,0.1021572685504954,0.4481132542293433,d25,event_option_mh30trail_clean1000_frozen2025_select2026_d25_return_deploy202607_QQQ_v1,0,0.1,3,30,25,0.25,202605
QQQ,zero_dte,10:05,605,202605,20260512,-0.6,0.6465516863387115,-0.4126008746451243,0.1510414236914787,PUT,0.1510414236914787,0.6465516863387115,d25,event_option_mh30trail_clean1000_frozen2025_select2026_d25_return_deploy202607_QQQ_v1,0,0.1,3,30,25,0.25,202605
QQQ,zero_dte,10:55,655,202605,20260512,-0.6,2.070512832269161,-0.3051473465870878,0.2314651736316333,PUT,0.2314651736316333,2.070512832269161,d25,event_option_mh30trail_clean1000_frozen2025_select2026_d25_return_deploy202607_QQQ_v1,0,0.1,3,30,25,0.25,202605
QQQ,zero_dte,10:35,635,202605,20260513,0.250000036344296,0.2689873608731432,-0.3364102431536051,0.2634736398530188,PUT,0.2634736398530188,0.2689873608731432,d25,event_option_mh30trail_clean1000_frozen2025_select2026_d25_return_deploy202607_QQQ_v1,0,0.1,3,30,25,0.25,202605
QQQ,zero_dte,11:15,675,202605,20260513,0.7205882636527285,0.2642856583303326,0.044016846734282,0.1308982756149406,PUT,0.1308982756149406,0.2642856583303326,d25,event_option_mh30trail_clean1000_frozen2025_select2026_d25_return_deploy202607_QQQ_v1,0,0.1,3,30,25,0.25,202605
QQQ,zero_dte,11:50,710,202605,20260513,0.3160377888969812,-0.6,0.2049590865080649,-0.1262818575907343,CALL,0.2049590865080649,0.3160377888969812,d25,event_option_mh30trail_clean1000_frozen2025_select2026_d25_return_deploy202607_QQQ_v1,0,0.1,3,30,25,0.25,202605
QQQ,zero_dte,10:20,620,202605,20260514,0.4944445489365405,-0.6,0.1297414834743228,0.1501922981631131,PUT,0.1501922981631131,-0.6,d25,event_option_mh30trail_clean1000_frozen2025_select2026_d25_return_deploy202607_QQQ_v1,0,0.1,3,30,25,0.25,202605
QQQ,zero_dte,10:50,650,202605,20260514,-0.6,-0.6,-0.4359182753305033,0.6176772331852489,PUT,0.6176772331852489,-0.6,d25,event_option_mh30trail_clean1000_frozen2025_select2026_d25_return_deploy202607_QQQ_v1,0,0.1,3,30,25,0.25,202605
QQQ,zero_dte,12:05,725,202605,20260514,-0.6,0.5595238005132812,0.1350010820613305,-0.0322040730502677,CALL,0.1350010820613305,-0.6,d25,event_option_mh30trail_clean1000_frozen2025_select2026_d25_return_deploy202607_QQQ_v1,0,0.1,3,30,25,0.25,202605
QQQ,zero_dte,11:20,680,202605,20260515,-0.6,0.8811474128360262,0.1211796268088729,-0.0829040648833352,CALL,0.1211796268088729,-0.6,d25,event_option_mh30trail_clean1000_frozen2025_select2026_d25_return_deploy202607_QQQ_v1,0,0.1,3,30,25,0.25,202605
QQQ,zero_dte,12:25,745,202605,20260515,0.4214285385851952,-0.6,0.3516266108592601,-0.452907526453487,CALL,0.3516266108592601,0.4214285385851952,d25,event_option_mh30trail_clean1000_frozen2025_select2026_d25_return_deploy202607_QQQ_v1,0,0.1,3,30,25,0.25,202605
QQQ,zero_dte,13:15,795,202605,20260515,1.3726416240174792,-0.6,0.1969084659271849,-0.2957185065439386,CALL,0.1969084659271849,1.3726416240174792,d25,event_option_mh30trail_clean1000_frozen2025_select2026_d25_return_deploy202607_QQQ_v1,0,0.1,3,30,25,0.25,202605
QQQ,zero_dte,10:05,605,202605,20260518,-0.6,0.7583333250549109,0.1361490233335615,-0.4054437568388815,CALL,0.1361490233335615,-0.6,d25,event_option_mh30trail_clean1000_frozen2025_select2026_d25_return_deploy202607_QQQ_v1,0,0.1,3,30,25,0.25,202605
QQQ,zero_dte,10:55,655,202605,20260518,-0.6,0.357843153296137,0.1726294936475292,-0.3187110306400533,CALL,0.1726294936475292,-0.6,d25,event_option_mh30trail_clean1000_frozen2025_select2026_d25_return_deploy202607_QQQ_v1,0,0.1,3,30,25,0.25,202605
QQQ,zero_dte,12:10,730,202605,20260518,-0.6,2.693396277341102,0.2290937526131752,-0.458882668066632,CALL,0.2290937526131752,-0.6,d25,event_option_mh30trail_clean1000_frozen2025_select2026_d25_return_deploy202607_QQQ_v1,0,0.1,3,30,25,0.25,202605
QQQ,zero_dte,10:20,620,202605,20260519,0.2500000677325513,-0.6,0.1003421661217872,-0.3207051016727384,CALL,0.1003421661217872,0.2500000677325513,d25,event_option_mh30trail_clean1000_frozen2025_select2026_d25_return_deploy202607_QQQ_v1,0,0.1,3,30,25,0.25,202605
QQQ,zero_dte,12:55,775,202605,20260519,1.2397959282973168,-0.6,0.4103354427813241,-0.4389601532581414,CALL,0.4103354427813241,1.2397959282973168,d25,event_option_mh30trail_clean1000_frozen2025_select2026_d25_return_deploy202607_QQQ_v1,0,0.1,3,30,25,0.25,202605
QQQ,zero_dte,13:25,805,202605,20260519,-0.6,0.7229729990962648,0.2076330906000462,-0.4303908020906924,CALL,0.2076330906000462,-0.6,d25,event_option_mh30trail_clean1000_frozen2025_select2026_d25_return_deploy202607_QQQ_v1,0,0.1,3,30,25,0.25,202605
QQQ,zero_dte,10:05,605,202605,20260520,0.9166665010982156,-0.6,0.0599047273217527,0.1602129289874583,PUT,0.1602129289874583,-0.6,d25,event_option_mh30trail_clean1000_frozen2025_select2026_d25_return_deploy202607_QQQ_v1,0,0.1,3,30,25,0.25,202605
QQQ,zero_dte,11:00,660,202605,20260520,0.9687501688022202,-0.4554455276096979,0.0875757913845069,0.2406316481675208,PUT,0.2406316481675208,-0.4554455276096979,d25,event_option_mh30trail_clean1000_frozen2025_select2026_d25_return_deploy202607_QQQ_v1,0,0.1,3,30,25,0.25,202605
QQQ,zero_dte,11:30,690,202605,20260520,-0.3434343738417734,0.3067009751811183,0.1106986299347282,0.1812228895080781,PUT,0.1812228895080781,0.3067009751811183,d25,event_option_mh30trail_clean1000_frozen2025_select2026_d25_return_deploy202607_QQQ_v1,0,0.1,3,30,25,0.25,202605
QQQ,zero_dte,10:10,610,202605,20260521,-0.6,1.1666666501098215,-0.0996287017104098,0.1640315328971888,PUT,0.1640315328971888,1.1666666501098215,d25,event_option_mh30trail_clean1000_frozen2025_select2026_d25_return_deploy202607_QQQ_v1,0,0.1,3,30,25,0.25,202605
QQQ,zero_dte,12:00,720,202605,20260521,-0.6,0.5092591672767863,0.1878693912968916,-0.2723458640539757,CALL,0.1878693912968916,-0.6,d25,event_option_mh30trail_clean1000_frozen2025_select2026_d25_return_deploy202607_QQQ_v1,0,0.1,3,30,25,0.25,202605
QQQ,zero_dte,13:05,785,202605,20260521,5.0,-0.6,0.4684084080831682,-0.5594729904795498,CALL,0.4684084080831682,5.0,d25,event_option_mh30trail_clean1000_frozen2025_select2026_d25_return_deploy202607_QQQ_v1,0,0.1,3,30,25,0.25,202605
QQQ,zero_dte,10:25,625,202605,20260522,0.8076924840374171,-0.6,-0.1448972592611384,0.2151277289429267,PUT,0.2151277289429267,-0.6,d25,event_option_mh30trail_clean1000_frozen2025_select2026_d25_return_deploy202607_QQQ_v1,0,0.1,3,30,25,0.25,202605
QQQ,zero_dte,11:10,670,202605,20260522,-0.6,-0.6,-0.5131251587910448,0.4440648472613182,PUT,0.4440648472613182,-0.6,d25,event_option_mh30trail_clean1000_frozen2025_select2026_d25_return_deploy202607_QQQ_v1,0,0.1,3,30,25,0.25,202605
QQQ,zero_dte,11:50,710,202605,20260522,-0.6,-0.6,0.226286668441997,-0.3580577810603261,CALL,0.226286668441997,-0.6,d25,event_option_mh30trail_clean1000_frozen2025_select2026_d25_return_deploy202607_QQQ_v1,0,0.1,3,30,25,0.25,202605
QQQ,zero_dte,10:40,640,202605,20260526,-0.6,0.6499999006589294,-0.5181901586952271,0.1607656401007293,PUT,0.1607656401007293,0.6499999006589294,d25,event_option_mh30trail_clean1000_frozen2025_select2026_d25_return_deploy202607_QQQ_v1,0,0.1,3,30,25,0.25,202605
QQQ,zero_dte,11:25,685,202605,20260526,-0.6,1.2307692484037416,0.1223780011297562,-0.2624726059850981,CALL,0.1223780011297562,-0.6,d25,event_option_mh30trail_clean1000_frozen2025_select2026_d25_return_deploy202607_QQQ_v1,0,0.1,3,30,25,0.25,202605
QQQ,zero_dte,10:25,625,202605,20260527,0.30384619616898,-0.6,0.2117505177669271,-0.1807847338791666,CALL,0.2117505177669271,0.30384619616898,d25,event_option_mh30trail_clean1000_frozen2025_select2026_d25_return_deploy202607_QQQ_v1,0,0.1,3,30,25,0.25,202605
QQQ,zero_dte,11:00,660,202605,20260527,0.406249947613104,-0.6,0.3325678859870596,-0.0631713484593234,CALL,0.3325678859870596,0.406249947613104,d25,event_option_mh30trail_clean1000_frozen2025_select2026_d25_return_deploy202607_QQQ_v1,0,0.1,3,30,25,0.25,202605
QQQ,zero_dte,11:35,695,202605,20260527,0.3136363557547579,0.2598039124022075,0.1067729304189103,-0.2634960566544983,CALL,0.1067729304189103,0.3136363557547579,d25,event_option_mh30trail_clean1000_frozen2025_select2026_d25_return_deploy202607_QQQ_v1,0,0.1,3,30,25,0.25,202605
QQQ,zero_dte,10:45,645,202605,20260528,0.470588154085368,-0.6,-0.2109763657474343,0.2848002466506862,PUT,0.2848002466506862,-0.6,d25,event_option_mh30trail_clean1000_frozen2025_select2026_d25_return_deploy202607_QQQ_v1,0,0.1,3,30,25,0.25,202605
QQQ,zero_dte,11:15,675,202605,20260528,0.9068628321790292,-0.6,-0.3326588596919755,0.3147039278640073,PUT,0.3147039278640073,-0.6,d25,event_option_mh30trail_clean1000_frozen2025_select2026_d25_return_deploy202607_QQQ_v1,0,0.1,3,30,25,0.25,202605
QQQ,zero_dte,11:45,705,202605,20260528,0.3541666627861559,-0.6,0.118668129195936,-0.2831437986927496,CALL,0.118668129195936,0.3541666627861559,d25,event_option_mh30trail_clean1000_frozen2025_select2026_d25_return_deploy202607_QQQ_v1,0,0.1,3,30,25,0.25,202605
QQQ,zero_dte,10:00,600,202605,20260529,-0.6,1.42532466728222,0.3310214319507574,-0.070006930441005,CALL,0.3310214319507574,-0.6,d25,event_option_mh30trail_clean1000_frozen2025_select2026_d25_return_deploy202607_QQQ_v1,0,0.1,3,30,25,0.25,202605
QQQ,zero_dte,10:35,635,202605,20260529,-0.6,1.1203702231984138,0.1923407703806578,-0.174582899165794,CALL,0.1923407703806578,-0.6,d25,event_option_mh30trail_clean1000_frozen2025_select2026_d25_return_deploy202607_QQQ_v1,0,0.1,3,30,25,0.25,202605
QQQ,zero_dte,11:10,670,202605,20260529,-0.6,-0.6,0.2526735821575157,-0.1607306531375077,CALL,0.2526735821575157,-0.6,d25,event_option_mh30trail_clean1000_frozen2025_select2026_d25_return_deploy202607_QQQ_v1,0,0.1,3,30,25,0.25,202605
QQQ,zero_dte,10:00,600,202606,20260601,0.5743243330320882,-0.6,0.2836013370279159,-0.2464567874167392,CALL,0.2836013370279159,0.5743243330320882,d25,event_option_mh30trail_clean1000_frozen2025_select2026_d25_return_deploy202607_QQQ_v1,0,0.1,3,30,25,0.25,202606
QQQ,zero_dte,10:40,640,202606,20260601,1.1710526535935903,-0.6,0.1942963184489719,-0.2331817212203713,CALL,0.1942963184489719,1.1710526535935903,d25,event_option_mh30trail_clean1000_frozen2025_select2026_d25_return_deploy202607_QQQ_v1,0,0.1,3,30,25,0.25,202606
QQQ,zero_dte,11:10,670,202606,20260601,1.75,-0.6,0.1755270832323648,0.1825810117485265,PUT,0.1825810117485265,-0.6,d25,event_option_mh30trail_clean1000_frozen2025_select2026_d25_return_deploy202607_QQQ_v1,0,0.1,3,30,25,0.25,202606
QQQ,zero_dte,10:00,600,202606,20260602,-0.3188405790841772,-0.6,0.1888033307187569,-0.3569343852913717,CALL,0.1888033307187569,-0.3188405790841772,d25,event_option_mh30trail_clean1000_frozen2025_select2026_d25_return_deploy202607_QQQ_v1,0,0.1,3,30,25,0.25,202606
QQQ,zero_dte,10:35,635,202606,20260602,0.3785714358699565,-0.6,0.1579449877531299,-0.3780197525513822,CALL,0.1579449877531299,0.3785714358699565,d25,event_option_mh30trail_clean1000_frozen2025_select2026_d25_return_deploy202607_QQQ_v1,0,0.1,3,30,25,0.25,202606
QQQ,zero_dte,11:05,665,202606,20260602,0.4318182126057051,-0.6,0.1583211723889306,-0.3477731898935602,CALL,0.1583211723889306,0.4318182126057051,d25,event_option_mh30trail_clean1000_frozen2025_select2026_d25_return_deploy202607_QQQ_v1,0,0.1,3,30,25,0.25,202606
QQQ,zero_dte,12:45,765,202606,20260603,0.3863636645122297,-0.6,0.298958655790815,-0.3460726672931922,CALL,0.298958655790815,0.3863636645122297,d25,event_option_mh30trail_clean1000_frozen2025_select2026_d25_return_deploy202607_QQQ_v1,0,0.1,3,30,25,0.25,202606
QQQ,zero_dte,13:20,800,202606,20260603,1.024193477059999,-0.6,0.1880802609244936,-0.4376606125036379,CALL,0.1880802609244936,1.024193477059999,d25,event_option_mh30trail_clean1000_frozen2025_select2026_d25_return_deploy202607_QQQ_v1,0,0.1,3,30,25,0.25,202606
QQQ,zero_dte,11:20,680,202606,20260604,-0.6,0.4411764177380965,0.1524052087511421,-0.2168100417423733,CALL,0.1524052087511421,-0.6,d25,event_option_mh30trail_clean1000_frozen2025_select2026_d25_return_deploy202607_QQQ_v1,0,0.1,3,30,25,0.25,202606
QQQ,zero_dte,11:55,715,202606,20260604,0.8461539872299335,-0.6,0.1781731778545806,-0.1763125222866516,CALL,0.1781731778545806,0.8461539872299335,d25,event_option_mh30trail_clean1000_frozen2025_select2026_d25_return_deploy202607_QQQ_v1,0,0.1,3,30,25,0.25,202606
QQQ,zero_dte,12:25,745,202606,20260604,0.3970588132171895,0.2500000677325513,0.2356626536365572,-0.3644627130580307,CALL,0.2356626536365572,0.3970588132171895,d25,event_option_mh30trail_clean1000_frozen2025_select2026_d25_return_deploy202607_QQQ_v1,0,0.1,3,30,25,0.25,202606
QQQ,zero_dte,10:00,600,202606,20260605,0.334905696449947,-0.6,-0.0834244198666076,0.1475285888027364,PUT,0.1475285888027364,-0.6,d25,event_option_mh30trail_clean1000_frozen2025_select2026_d25_return_deploy202607_QQQ_v1,0,0.1,3,30,25,0.25,202606
QQQ,zero_dte,11:05,665,202606,20260605,-0.6,0.7857143946853657,0.1470477279853869,-0.267740842868282,CALL,0.1470477279853869,-0.6,d25,event_option_mh30trail_clean1000_frozen2025_select2026_d25_return_deploy202607_QQQ_v1,0,0.1,3,30,25,0.25,202606
QQQ,zero_dte,12:05,725,202606,20260605,-0.6,0.6424730934701446,-0.4121798863987435,0.1536376316583728,PUT,0.1536376316583728,0.6424730934701446,d25,event_option_mh30trail_clean1000_frozen2025_select2026_d25_return_deploy202607_QQQ_v1,0,0.1,3,30,25,0.25,202606
QQQ,zero_dte,10:00,600,202606,20260608,0.5974577658137443,-0.6,0.2098337649906441,0.0634947483300949,CALL,0.2098337649906441,0.5974577658137443,d25,event_option_mh30trail_clean1000_frozen2025_select2026_d25_return_deploy202607_QQQ_v1,0,0.1,3,30,25,0.25,202606
QQQ,zero_dte,10:30,630,202606,20260608,1.2100000381469729,-0.6,-0.269404274953709,0.4789884635354737,PUT,0.4789884635354737,-0.6,d25,event_option_mh30trail_clean1000_frozen2025_select2026_d25_return_deploy202607_QQQ_v1,0,0.1,3,30,25,0.25,202606
QQQ,zero_dte,11:00,660,202606,20260608,0.2564935004616651,0.6265431808055384,-0.1844744973125354,0.3613187772111907,PUT,0.3613187772111907,0.6265431808055384,d25,event_option_mh30trail_clean1000_frozen2025_select2026_d25_return_deploy202607_QQQ_v1,0,0.1,3,30,25,0.25,202606
QQQ,zero_dte,10:30,630,202606,20260609,-0.6,2.277272882277646,0.0806486015747556,0.1218531613638588,PUT,0.1218531613638588,2.277272882277646,d25,event_option_mh30trail_clean1000_frozen2025_select2026_d25_return_deploy202607_QQQ_v1,0,0.1,3,30,25,0.25,202606
QQQ,zero_dte,11:10,670,202606,20260609,-0.6,5.0,-0.3078057803351145,0.1376010371081414,PUT,0.1376010371081414,5.0,d25,event_option_mh30trail_clean1000_frozen2025_select2026_d25_return_deploy202607_QQQ_v1,0,0.1,3,30,25,0.25,202606
QQQ,zero_dte,11:40,700,202606,20260609,-0.6,1.9166665946803805,-0.1556206294916862,0.2909368396380211,PUT,0.2909368396380211,1.9166665946803805,d25,event_option_mh30trail_clean1000_frozen2025_select2026_d25_return_deploy202607_QQQ_v1,0,0.1,3,30,25,0.25,202606
QQQ,zero_dte,10:35,635,202606,20260610,-0.6,2.3296176419112515,-0.1258106826884813,0.1055923732426508,PUT,0.1055923732426508,2.3296176419112515,d25,event_option_mh30trail_clean1000_frozen2025_select2026_d25_return_deploy202607_QQQ_v1,0,0.1,3,30,25,0.25,202606
QQQ,zero_dte,11:10,670,202606,20260610,-0.6,0.3703208361836785,-0.0531049769738601,0.2570776362938851,PUT,0.2570776362938851,0.3703208361836785,d25,event_option_mh30trail_clean1000_frozen2025_select2026_d25_return_deploy202607_QQQ_v1,0,0.1,3,30,25,0.25,202606
QQQ,zero_dte,11:50,710,202606,20260610,0.850000091699457,-0.6,0.1119437698767147,-0.1854006379387487,CALL,0.1119437698767147,0.850000091699457,d25,event_option_mh30trail_clean1000_frozen2025_select2026_d25_return_deploy202607_QQQ_v1,0,0.1,3,30,25,0.25,202606
QQQ,zero_dte,10:55,655,202606,20260611,0.5424529044557735,0.2667465102762405,-0.0083408050213845,0.1031650344475526,PUT,0.1031650344475526,0.2667465102762405,d25,event_option_mh30trail_clean1000_frozen2025_select2026_d25_return_deploy202607_QQQ_v1,0,0.1,3,30,25,0.25,202606
QQQ,zero_dte,13:20,800,202606,20260611,5.0,-0.6,0.2576759597202553,-0.3807069586627127,CALL,0.2576759597202553,5.0,d25,event_option_mh30trail_clean1000_frozen2025_select2026_d25_return_deploy202607_QQQ_v1,0,0.1,3,30,25,0.25,202606
QQQ,zero_dte,10:10,610,202606,20260612,-0.6,0.4387417009413112,-0.0327820163862601,0.4563988470070603,PUT,0.4563988470070603,0.4387417009413112,d25,event_option_mh30trail_clean1000_frozen2025_select2026_d25_return_deploy202607_QQQ_v1,0,0.1,3,30,25,0.25,202606
QQQ,zero_dte,10:55,655,202606,20260612,-0.6,-0.6,-0.4318641421863823,0.1714256028114897,PUT,0.1714256028114897,-0.6,d25,event_option_mh30trail_clean1000_frozen2025_select2026_d25_return_deploy202607_QQQ_v1,0,0.1,3,30,25,0.25,202606
QQQ,zero_dte,11:25,685,202606,20260612,-0.6,2.31896550483851,-0.274214335964372,0.103877690111193,PUT,0.103877690111193,2.31896550483851,d25,event_option_mh30trail_clean1000_frozen2025_select2026_d25_return_deploy202607_QQQ_v1,0,0.1,3,30,25,0.25,202606
QQQ,zero_dte,10:05,605,202606,20260615,0.2965116520840902,-0.6,-0.3390356654131539,0.1979658689220944,PUT,0.1979658689220944,-0.6,d25,event_option_mh30trail_clean1000_frozen2025_select2026_d25_return_deploy202607_QQQ_v1,0,0.1,3,30,25,0.25,202606
QQQ,zero_dte,10:35,635,202606,20260615,0.3214286322496384,-0.6,-0.1394978474030329,0.3303248480398882,PUT,0.3303248480398882,-0.6,d25,event_option_mh30trail_clean1000_frozen2025_select2026_d25_return_deploy202607_QQQ_v1,0,0.1,3,30,25,0.25,202606
QQQ,zero_dte,10:10,610,202606,20260616,-0.6,2.9722220081539152,0.1525656738654289,-0.0666812211217176,CALL,0.1525656738654289,-0.6,d25,event_option_mh30trail_clean1000_frozen2025_select2026_d25_return_deploy202607_QQQ_v1,0,0.1,3,30,25,0.25,202606
QQQ,zero_dte,11:20,680,202606,20260616,-0.6,1.482673283687188,0.1552362983570869,-0.2424358332207973,CALL,0.1552362983570869,-0.6,d25,event_option_mh30trail_clean1000_frozen2025_select2026_d25_return_deploy202607_QQQ_v1,0,0.1,3,30,25,0.25,202606
QQQ,zero_dte,12:30,750,202606,20260616,-0.6,0.550000044703483,0.1191719676331874,-0.2220220208032462,CALL,0.1191719676331874,-0.6,d25,event_option_mh30trail_clean1000_frozen2025_select2026_d25_return_deploy202607_QQQ_v1,0,0.1,3,30,25,0.25,202606
QQQ,zero_dte,10:00,600,202606,20260617,0.5445204226736715,-0.4428571538049349,-0.0658482208580172,0.2170760944876592,PUT,0.2170760944876592,-0.4428571538049349,d25,event_option_mh30trail_clean1000_frozen2025_select2026_d25_return_deploy202607_QQQ_v1,0,0.1,3,30,25,0.25,202606
QQQ,zero_dte,10:30,630,202606,20260617,-0.6,0.8879308984055716,-0.2265523122758846,0.6146372844956619,PUT,0.6146372844956619,0.8879308984055716,d25,event_option_mh30trail_clean1000_frozen2025_select2026_d25_return_deploy202607_QQQ_v1,0,0.1,3,30,25,0.25,202606
QQQ,zero_dte,11:10,670,202606,20260617,-0.6,-0.6,0.1197746617289871,-0.1510713902942559,CALL,0.1197746617289871,-0.6,d25,event_option_mh30trail_clean1000_frozen2025_select2026_d25_return_deploy202607_QQQ_v1,0,0.1,3,30,25,0.25,202606
QQQ,zero_dte,10:25,625,202606,20260618,-0.6,0.8956311645960899,0.2280610394742809,-0.0558434933517778,CALL,0.2280610394742809,-0.6,d25,event_option_mh30trail_clean1000_frozen2025_select2026_d25_return_deploy202607_QQQ_v1,0,0.1,3,30,25,0.25,202606
QQQ,zero_dte,10:55,655,202606,20260618,-0.6,0.4267676268994915,0.2047434541688437,0.0070122985129677,CALL,0.2047434541688437,-0.6,d25,event_option_mh30trail_clean1000_frozen2025_select2026_d25_return_deploy202607_QQQ_v1,0,0.1,3,30,25,0.25,202606
QQQ,zero_dte,12:00,720,202606,20260618,-0.6,-0.6,0.2647983403925874,-0.1274054873414707,CALL,0.2647983403925874,-0.6,d25,event_option_mh30trail_clean1000_frozen2025_select2026_d25_return_deploy202607_QQQ_v1,0,0.1,3,30,25,0.25,202606
QQQ,zero_dte,10:10,610,202606,20260622,-0.6,4.503086214439115,-0.1680957971262322,0.2165856400793858,PUT,0.2165856400793858,4.503086214439115,d25,event_option_mh30trail_clean1000_frozen2025_select2026_d25_return_deploy202607_QQQ_v1,0,0.1,3,30,25,0.25,202606
QQQ,zero_dte,10:40,640,202606,20260622,-0.6,0.7584033529263974,0.1183408054799263,-0.1557591982185665,CALL,0.1183408054799263,-0.6,d25,event_option_mh30trail_clean1000_frozen2025_select2026_d25_return_deploy202607_QQQ_v1,0,0.1,3,30,25,0.25,202606
QQQ,zero_dte,11:10,670,202606,20260622,-0.6,-0.6,0.1868036824838088,-0.4176625945868231,CALL,0.1868036824838088,-0.6,d25,event_option_mh30trail_clean1000_frozen2025_select2026_d25_return_deploy202607_QQQ_v1,0,0.1,3,30,25,0.25,202606
QQQ,zero_dte,10:20,620,202606,20260623,-0.6,0.8703702507931559,-0.2684970534424801,0.5703195827606289,PUT,0.5703195827606289,0.8703702507931559,d25,event_option_mh30trail_clean1000_frozen2025_select2026_d25_return_deploy202607_QQQ_v1,0,0.1,3,30,25,0.25,202606
QQQ,zero_dte,10:50,650,202606,20260624,-0.6,0.3571428077257412,0.1431946984946264,0.1832049282168833,PUT,0.1832049282168833,0.3571428077257412,d25,event_option_mh30trail_clean1000_frozen2025_select2026_d25_return_deploy202607_QQQ_v1,0,0.1,3,30,25,0.25,202606
QQQ,zero_dte,11:20,680,202606,20260624,-0.6,0.3289473882342313,0.1757247210825778,-0.3163665180668591,CALL,0.1757247210825778,-0.6,d25,event_option_mh30trail_clean1000_frozen2025_select2026_d25_return_deploy202607_QQQ_v1,0,0.1,3,30,25,0.25,202606
QQQ,zero_dte,11:30,690,202606,20260626,-0.6,0.5308218059586354,0.1654607515827923,-0.1324953831909834,CALL,0.1654607515827923,-0.6,d25,event_option_mh30trail_clean1000_frozen2025_select2026_d25_return_deploy202607_QQQ_v1,0,0.1,3,30,25,0.25,202606
QQQ,zero_dte,12:00,720,202606,20260626,-0.6,0.7180851367384453,0.1924109467800709,-0.3762110325522355,CALL,0.1924109467800709,-0.6,d25,event_option_mh30trail_clean1000_frozen2025_select2026_d25_return_deploy202607_QQQ_v1,0,0.1,3,30,25,0.25,202606
QQQ,zero_dte,12:35,755,202606,20260626,-0.6,-0.6,0.4032823785253444,-0.5384987831682271,CALL,0.4032823785253444,-0.6,d25,event_option_mh30trail_clean1000_frozen2025_select2026_d25_return_deploy202607_QQQ_v1,0,0.1,3,30,25,0.25,202606
QQQ,zero_dte,11:30,690,202606,20260629,0.335858623563799,-0.6,-0.3427247669490242,0.4399374501585236,PUT,0.4399374501585236,-0.6,d25,event_option_mh30trail_clean1000_frozen2025_select2026_d25_return_deploy202607_QQQ_v1,0,0.1,3,30,25,0.25,202606
QQQ,zero_dte,12:25,745,202606,20260629,0.4583333566163983,-0.6,0.1238335842477538,-0.19964768433058,CALL,0.1238335842477538,0.4583333566163983,d25,event_option_mh30trail_clean1000_frozen2025_select2026_d25_return_deploy202607_QQQ_v1,0,0.1,3,30,25,0.25,202606
QQQ,zero_dte,13:00,780,202606,20260629,1.4868420392192294,-0.6,0.1721691769354549,-0.4042710274211238,CALL,0.1721691769354549,1.4868420392192294,d25,event_option_mh30trail_clean1000_frozen2025_select2026_d25_return_deploy202607_QQQ_v1,0,0.1,3,30,25,0.25,202606
QQQ,zero_dte,10:05,605,202606,20260630,-0.6,-0.6,-0.0706149163163628,0.4343639927447977,PUT,0.4343639927447977,-0.6,d25,event_option_mh30trail_clean1000_frozen2025_select2026_d25_return_deploy202607_QQQ_v1,0,0.1,3,30,25,0.25,202606
QQQ,zero_dte,10:35,635,202606,20260630,0.3906249621650195,0.7698019615003564,0.2510539735604843,0.4384805996698498,PUT,0.4384805996698498,0.7698019615003564,d25,event_option_mh30trail_clean1000_frozen2025_select2026_d25_return_deploy202607_QQQ_v1,0,0.1,3,30,25,0.25,202606
QQQ,zero_dte,11:05,665,202606,20260630,0.3706896079233892,-0.6,-0.0036309762079771,0.4398870519802275,PUT,0.4398870519802275,-0.6,d25,event_option_mh30trail_clean1000_frozen2025_select2026_d25_return_deploy202607_QQQ_v1,0,0.1,3,30,25,0.25,202606
QQQ,zero_dte,10:25,625,202601,20260102,0.8804347854255501,0.4225663660799144,-0.4081929619604031,-0.1431501662108319,PUT,-0.1431501662108319,0.4225663660799144,d35,event_option_mh30trail_clean1000_frozen2025_select2026_d35_return_deploy202607_QQQ_v1,1,-0.2,2,30,35,0.35,202601
QQQ,zero_dte,10:55,655,202601,20260102,-0.6,1.9636753234010595,-0.493222288176727,-0.0314003611193557,PUT,-0.0314003611193557,1.9636753234010595,d35,event_option_mh30trail_clean1000_frozen2025_select2026_d35_return_deploy202607_QQQ_v1,1,-0.2,2,30,35,0.35,202601
QQQ,zero_dte,10:05,605,202601,20260105,-0.6,-0.6,-0.5515794001205631,0.3517740217664731,PUT,0.3517740217664731,-0.6,d35,event_option_mh30trail_clean1000_frozen2025_select2026_d35_return_deploy202607_QQQ_v1,1,-0.2,2,30,35,0.35,202601
QQQ,zero_dte,10:40,640,202601,20260105,-0.6,-0.6,-0.1879853068377397,-0.1597878504704888,PUT,-0.1597878504704888,-0.6,d35,event_option_mh30trail_clean1000_frozen2025_select2026_d35_return_deploy202607_QQQ_v1,1,-0.2,2,30,35,0.35,202601
QQQ,zero_dte,10:00,600,202601,20260106,-0.6,0.4813431906365553,-0.5023932456559507,-0.0520853556099988,PUT,-0.0520853556099988,0.4813431906365553,d35,event_option_mh30trail_clean1000_frozen2025_select2026_d35_return_deploy202607_QQQ_v1,1,-0.2,2,30,35,0.35,202601
QQQ,zero_dte,10:40,640,202601,20260106,-0.6,1.692028954208861,-0.3952349923726543,-0.1373768179183458,PUT,-0.1373768179183458,1.692028954208861,d35,event_option_mh30trail_clean1000_frozen2025_select2026_d35_return_deploy202607_QQQ_v1,1,-0.2,2,30,35,0.35,202601
QQQ,zero_dte,10:00,600,202601,20260107,0.4797296687753822,-0.6,0.152193990620145,-0.0597482702551304,CALL,0.152193990620145,0.4797296687753822,d35,event_option_mh30trail_clean1000_frozen2025_select2026_d35_return_deploy202607_QQQ_v1,1,-0.2,2,30,35,0.35,202601
QQQ,zero_dte,10:30,630,202601,20260107,0.6556604622351698,0.5854430484802287,0.0624891024344186,-0.5057772231185959,CALL,0.0624891024344186,0.6556604622351698,d35,event_option_mh30trail_clean1000_frozen2025_select2026_d35_return_deploy202607_QQQ_v1,1,-0.2,2,30,35,0.35,202601
QQQ,zero_dte,10:00,600,202601,20260108,1.1104650437477297,-0.6,0.3864099590239393,0.0314887203444941,CALL,0.3864099590239393,1.1104650437477297,d35,event_option_mh30trail_clean1000_frozen2025_select2026_d35_return_deploy202607_QQQ_v1,1,-0.2,2,30,35,0.35,202601
QQQ,zero_dte,11:35,695,202601,20260108,0.933333151208037,-0.6,0.3436740536731962,0.1824033417408269,CALL,0.3436740536731962,0.933333151208037,d35,event_option_mh30trail_clean1000_frozen2025_select2026_d35_return_deploy202607_QQQ_v1,1,-0.2,2,30,35,0.35,202601
QQQ,zero_dte,10:10,610,202601,20260109,2.132352835476193,-0.6,-0.2487113508893093,-0.130204330894216,PUT,-0.130204330894216,-0.6,d35,event_option_mh30trail_clean1000_frozen2025_select2026_d35_return_deploy202607_QQQ_v1,1,-0.2,2,30,35,0.35,202601
QQQ,zero_dte,11:20,680,202601,20260109,0.2628205010641722,-0.6,-0.4130770554319082,0.1276173407103132,PUT,0.1276173407103132,-0.6,d35,event_option_mh30trail_clean1000_frozen2025_select2026_d35_return_deploy202607_QQQ_v1,1,-0.2,2,30,35,0.35,202601
QQQ,zero_dte,10:00,600,202601,20260112,0.3768656809363444,-0.6,-0.5220717509028611,-0.0870075465435683,PUT,-0.0870075465435683,-0.6,d35,event_option_mh30trail_clean1000_frozen2025_select2026_d35_return_deploy202607_QQQ_v1,1,-0.2,2,30,35,0.35,202601
QQQ,zero_dte,11:10,670,202601,20260112,0.4375000046566129,-0.6,0.1173208279902584,-0.4524574224148202,CALL,0.1173208279902584,0.4375000046566129,d35,event_option_mh30trail_clean1000_frozen2025_select2026_d35_return_deploy202607_QQQ_v1,1,-0.2,2,30,35,0.35,202601
QQQ,zero_dte,10:20,620,202601,20260113,1.0075756823173707,0.2945544133758018,0.2218853641812898,-0.3745837411019983,CALL,0.2218853641812898,1.0075756823173707,d35,event_option_mh30trail_clean1000_frozen2025_select2026_d35_return_deploy202607_QQQ_v1,1,-0.2,2,30,35,0.35,202601
QQQ,zero_dte,10:50,650,202601,20260113,0.6772725814630209,-0.6,0.3365525457223737,-0.277088665161961,CALL,0.3365525457223737,0.6772725814630209,d35,event_option_mh30trail_clean1000_frozen2025_select2026_d35_return_deploy202607_QQQ_v1,1,-0.2,2,30,35,0.35,202601
QQQ,zero_dte,10:00,600,202601,20260114,0.3880953397340021,-0.6,-0.2803069325676983,0.0874202036573365,PUT,0.0874202036573365,-0.6,d35,event_option_mh30trail_clean1000_frozen2025_select2026_d35_return_deploy202607_QQQ_v1,1,-0.2,2,30,35,0.35,202601
QQQ,zero_dte,10:30,630,202601,20260114,-0.6,0.7752100587791926,-0.2744359742418798,0.0965456562847491,PUT,0.0965456562847491,0.7752100587791926,d35,event_option_mh30trail_clean1000_frozen2025_select2026_d35_return_deploy202607_QQQ_v1,1,-0.2,2,30,35,0.35,202601
QQQ,zero_dte,10:00,600,202601,20260115,-0.6,0.3586956437233493,-0.2808298316749787,0.061674865956646,PUT,0.061674865956646,0.3586956437233493,d35,event_option_mh30trail_clean1000_frozen2025_select2026_d35_return_deploy202607_QQQ_v1,1,-0.2,2,30,35,0.35,202601
QQQ,zero_dte,10:30,630,202601,20260115,0.3044555121549805,0.8949275712860758,0.0710965556307217,0.1132485443341272,PUT,0.1132485443341272,0.8949275712860758,d35,event_option_mh30trail_clean1000_frozen2025_select2026_d35_return_deploy202607_QQQ_v1,1,-0.2,2,30,35,0.35,202601
QQQ,zero_dte,10:25,625,202601,20260116,-0.6,0.6936620238564659,-0.4030035334369998,-0.1727131511621227,PUT,-0.1727131511621227,0.6936620238564659,d35,event_option_mh30trail_clean1000_frozen2025_select2026_d35_return_deploy202607_QQQ_v1,1,-0.2,2,30,35,0.35,202601
QQQ,zero_dte,10:55,655,202601,20260116,0.3951612469060863,-0.6,-0.5530810101380313,0.1450039605371229,PUT,0.1450039605371229,-0.6,d35,event_option_mh30trail_clean1000_frozen2025_select2026_d35_return_deploy202607_QQQ_v1,1,-0.2,2,30,35,0.35,202601
QQQ,zero_dte,10:05,605,202601,20260120,-0.6,-0.6,0.6031752989713733,0.106400493060272,CALL,0.6031752989713733,-0.6,d35,event_option_mh30trail_clean1000_frozen2025_select2026_d35_return_deploy202607_QQQ_v1,1,-0.2,2,30,35,0.35,202601
QQQ,zero_dte,10:35,635,202601,20260120,-0.6,0.4166665562876992,-0.117080769877123,0.3025358790135464,PUT,0.3025358790135464,0.4166665562876992,d35,event_option_mh30trail_clean1000_frozen2025_select2026_d35_return_deploy202607_QQQ_v1,1,-0.2,2,30,35,0.35,202601
QQQ,zero_dte,10:25,625,202601,20260121,1.3617646662834204,-0.6,0.0185936319568334,0.2660139934063633,PUT,0.2660139934063633,-0.6,d35,event_option_mh30trail_clean1000_frozen2025_select2026_d35_return_deploy202607_QQQ_v1,1,-0.2,2,30,35,0.35,202601
QQQ,zero_dte,10:55,655,202601,20260121,-0.6,0.3382352776180919,-0.0639870154314908,-0.4105399865603576,CALL,-0.0639870154314908,-0.6,d35,event_option_mh30trail_clean1000_frozen2025_select2026_d35_return_deploy202607_QQQ_v1,1,-0.2,2,30,35,0.35,202601
QQQ,zero_dte,10:00,600,202601,20260122,0.2999999888241293,-0.6,0.0174754310744941,-0.0301162863611349,CALL,0.0174754310744941,0.2999999888241293,d35,event_option_mh30trail_clean1000_frozen2025_select2026_d35_return_deploy202607_QQQ_v1,1,-0.2,2,30,35,0.35,202601
QQQ,zero_dte,11:25,685,202601,20260122,-0.199999968210856,-0.6,-0.0001824429288132,-0.1031816720931877,CALL,-0.0001824429288132,-0.199999968210856,d35,event_option_mh30trail_clean1000_frozen2025_select2026_d35_return_deploy202607_QQQ_v1,1,-0.2,2,30,35,0.35,202601
QQQ,zero_dte,10:20,620,202601,20260123,0.9777227933120992,-0.6,-0.0952006533897437,0.0319779636013305,PUT,0.0319779636013305,-0.6,d35,event_option_mh30trail_clean1000_frozen2025_select2026_d35_return_deploy202607_QQQ_v1,1,-0.2,2,30,35,0.35,202601
QQQ,zero_dte,10:50,650,202601,20260123,0.4611111140545505,0.4576923923379601,-0.2934233367976472,0.0973325469465671,PUT,0.0973325469465671,0.4576923923379601,d35,event_option_mh30trail_clean1000_frozen2025_select2026_d35_return_deploy202607_QQQ_v1,1,-0.2,2,30,35,0.35,202601
QQQ,zero_dte,10:00,600,202601,20260126,0.3198925020626091,-0.6,-0.0310688421072593,-0.1288013753657099,CALL,-0.0310688421072593,0.3198925020626091,d35,event_option_mh30trail_clean1000_frozen2025_select2026_d35_return_deploy202607_QQQ_v1,1,-0.2,2,30,35,0.35,202601
QQQ,zero_dte,10:30,630,202601,20260126,0.5372339912861814,-0.6,0.1722395836896767,-0.5534513486419808,CALL,0.1722395836896767,0.5372339912861814,d35,event_option_mh30trail_clean1000_frozen2025_select2026_d35_return_deploy202607_QQQ_v1,1,-0.2,2,30,35,0.35,202601
QQQ,zero_dte,10:00,600,202601,20260127,0.2717390769145449,-0.6,0.0009169053342731,-0.1039176726252849,CALL,0.0009169053342731,0.2717390769145449,d35,event_option_mh30trail_clean1000_frozen2025_select2026_d35_return_deploy202607_QQQ_v1,1,-0.2,2,30,35,0.35,202601
QQQ,zero_dte,10:30,630,202601,20260127,0.3597561755682448,-0.6,-0.0193034082248386,-0.2009704772127009,CALL,-0.0193034082248386,0.3597561755682448,d35,event_option_mh30trail_clean1000_frozen2025_select2026_d35_return_deploy202607_QQQ_v1,1,-0.2,2,30,35,0.35,202601
QQQ,zero_dte,10:00,600,202601,20260128,-0.6,0.2960525882376192,-0.5390731372234686,-0.0385274652111151,PUT,-0.0385274652111151,0.2960525882376192,d35,event_option_mh30trail_clean1000_frozen2025_select2026_d35_return_deploy202607_QQQ_v1,1,-0.2,2,30,35,0.35,202601
QQQ,zero_dte,10:30,630,202601,20260128,-0.4153846012770066,0.6529849916397816,-0.2395373039963934,-0.0491486496247624,PUT,-0.0491486496247624,0.6529849916397816,d35,event_option_mh30trail_clean1000_frozen2025_select2026_d35_return_deploy202607_QQQ_v1,1,-0.2,2,30,35,0.35,202601
QQQ,zero_dte,10:15,615,202601,20260129,-0.6,0.8556909544767834,0.1410824735786502,0.1687929488670957,PUT,0.1687929488670957,0.8556909544767834,d35,event_option_mh30trail_clean1000_frozen2025_select2026_d35_return_deploy202607_QQQ_v1,1,-0.2,2,30,35,0.35,202601
QQQ,zero_dte,10:45,645,202601,20260129,0.7166666984558105,0.4016129171190852,-0.1825383351448639,0.1465447159995874,PUT,0.1465447159995874,0.4016129171190852,d35,event_option_mh30trail_clean1000_frozen2025_select2026_d35_return_deploy202607_QQQ_v1,1,-0.2,2,30,35,0.35,202601
QQQ,zero_dte,10:00,600,202601,20260130,0.4196428542918697,-0.6,-0.1094106545870526,-0.0990508277442934,PUT,-0.0990508277442934,-0.6,d35,event_option_mh30trail_clean1000_frozen2025_select2026_d35_return_deploy202607_QQQ_v1,1,-0.2,2,30,35,0.35,202601
QQQ,zero_dte,10:30,630,202601,20260130,1.2925533095383983,-0.6,-0.1919476039826239,-0.2904306612822401,CALL,-0.1919476039826239,1.2925533095383983,d35,event_option_mh30trail_clean1000_frozen2025_select2026_d35_return_deploy202607_QQQ_v1,1,-0.2,2,30,35,0.35,202601
QQQ,zero_dte,10:15,615,202602,20260202,0.4642858115994217,-0.6,-0.0427800254341331,-0.0992132339765377,CALL,-0.0427800254341331,0.4642858115994217,d35,event_option_mh30trail_clean1000_frozen2025_select2026_d35_return_deploy202607_QQQ_v1,1,-0.2,2,30,35,0.35,202602
QQQ,zero_dte,10:45,645,202602,20260202,0.3373015993156252,0.3617646662834204,0.0179380835720732,-0.3980276716066933,CALL,0.0179380835720732,0.3373015993156252,d35,event_option_mh30trail_clean1000_frozen2025_select2026_d35_return_deploy202607_QQQ_v1,1,-0.2,2,30,35,0.35,202602
QQQ,zero_dte,10:25,625,202602,20260203,0.3970587492814135,-0.6,-0.1741067704797877,0.1485270116244591,PUT,0.1485270116244591,-0.6,d35,event_option_mh30trail_clean1000_frozen2025_select2026_d35_return_deploy202607_QQQ_v1,1,-0.2,2,30,35,0.35,202602
QQQ,zero_dte,11:30,690,202602,20260203,-0.6,0.8660713173829175,-0.5425914493845191,-0.139254008660159,PUT,-0.139254008660159,0.8660713173829175,d35,event_option_mh30trail_clean1000_frozen2025_select2026_d35_return_deploy202607_QQQ_v1,1,-0.2,2,30,35,0.35,202602
QQQ,zero_dte,10:00,600,202602,20260204,0.6207482629098386,0.7591324111433573,0.3353948479266891,-0.0105376105299079,CALL,0.3353948479266891,0.6207482629098386,d35,event_option_mh30trail_clean1000_frozen2025_select2026_d35_return_deploy202607_QQQ_v1,1,-0.2,2,30,35,0.35,202602
QQQ,zero_dte,10:35,635,202602,20260204,0.5055554397802806,0.9698952069189324,0.3680373476531264,-0.2168572233381755,CALL,0.3680373476531264,0.5055554397802806,d35,event_option_mh30trail_clean1000_frozen2025_select2026_d35_return_deploy202607_QQQ_v1,1,-0.2,2,30,35,0.35,202602
QQQ,zero_dte,10:15,615,202602,20260205,0.5898268854007527,-0.6,0.4082249741347863,-0.2029073188224266,CALL,0.4082249741347863,0.5898268854007527,d35,event_option_mh30trail_clean1000_frozen2025_select2026_d35_return_deploy202607_QQQ_v1,1,-0.2,2,30,35,0.35,202602
QQQ,zero_dte,10:50,650,202602,20260205,0.2548078025233857,-0.6,0.3812136037501258,-0.4921723795069306,CALL,0.3812136037501258,0.2548078025233857,d35,event_option_mh30trail_clean1000_frozen2025_select2026_d35_return_deploy202607_QQQ_v1,1,-0.2,2,30,35,0.35,202602
QQQ,zero_dte,11:05,665,202602,20260206,0.4336734122904289,-0.6,-0.5780920299669541,-0.1793794931800829,PUT,-0.1793794931800829,-0.6,d35,event_option_mh30trail_clean1000_frozen2025_select2026_d35_return_deploy202607_QQQ_v1,1,-0.2,2,30,35,0.35,202602
QQQ,zero_dte,11:35,695,202602,20260206,0.3318181562029632,0.3230337063601907,-0.2749785369835411,0.0232039410532959,PUT,0.0232039410532959,0.3230337063601907,d35,event_option_mh30trail_clean1000_frozen2025_select2026_d35_return_deploy202607_QQQ_v1,1,-0.2,2,30,35,0.35,202602
QQQ,zero_dte,10:10,610,202602,20260209,0.3005618173175204,-0.6,0.2447042641558791,-0.2093135635848141,CALL,0.2447042641558791,0.3005618173175204,d35,event_option_mh30trail_clean1000_frozen2025_select2026_d35_return_deploy202607_QQQ_v1,1,-0.2,2,30,35,0.35,202602
QQQ,zero_dte,10:40,640,202602,20260209,0.6699999570846558,-0.6,0.1829924335362796,-0.015035563264142,CALL,0.1829924335362796,0.6699999570846558,d35,event_option_mh30trail_clean1000_frozen2025_select2026_d35_return_deploy202607_QQQ_v1,1,-0.2,2,30,35,0.35,202602
QQQ,zero_dte,10:05,605,202602,20260210,-0.6,-0.6,0.1252909349466058,0.0493754071686053,CALL,0.1252909349466058,-0.6,d35,event_option_mh30trail_clean1000_frozen2025_select2026_d35_return_deploy202607_QQQ_v1,1,-0.2,2,30,35,0.35,202602
QQQ,zero_dte,10:35,635,202602,20260210,-0.6,0.25,0.1989977505913126,-0.46482938465302,CALL,0.1989977505913126,-0.6,d35,event_option_mh30trail_clean1000_frozen2025_select2026_d35_return_deploy202607_QQQ_v1,1,-0.2,2,30,35,0.35,202602
QQQ,zero_dte,10:20,620,202602,20260211,0.2551546341073745,-0.6,0.3764288349734169,-0.2097105981285478,CALL,0.3764288349734169,0.2551546341073745,d35,event_option_mh30trail_clean1000_frozen2025_select2026_d35_return_deploy202607_QQQ_v1,1,-0.2,2,30,35,0.35,202602
QQQ,zero_dte,10:00,600,202602,20260212,0.2908162868107331,0.4342104791415568,0.100156262820727,-0.3733897330000335,CALL,0.100156262820727,0.2908162868107331,d35,event_option_mh30trail_clean1000_frozen2025_select2026_d35_return_deploy202607_QQQ_v1,1,-0.2,2,30,35,0.35,202602
QQQ,zero_dte,10:35,635,202602,20260212,-0.6,1.8893441261382773,0.2437753392027691,-0.106202033663696,CALL,0.2437753392027691,-0.6,d35,event_option_mh30trail_clean1000_frozen2025_select2026_d35_return_deploy202607_QQQ_v1,1,-0.2,2,30,35,0.35,202602
QQQ,zero_dte,10:30,630,202602,20260213,-0.6,1.0700000762939452,-0.2940388920045628,0.4008606414434403,PUT,0.4008606414434403,1.0700000762939452,d35,event_option_mh30trail_clean1000_frozen2025_select2026_d35_return_deploy202607_QQQ_v1,1,-0.2,2,30,35,0.35,202602
QQQ,zero_dte,11:00,660,202602,20260213,0.2993827056019904,-0.6,0.290364394343897,-0.062958209356094,CALL,0.290364394343897,0.2993827056019904,d35,event_option_mh30trail_clean1000_frozen2025_select2026_d35_return_deploy202607_QQQ_v1,1,-0.2,2,30,35,0.35,202602
QQQ,zero_dte,10:00,600,202602,20260217,0.5147058328542755,-0.6,0.0344840222343156,-0.2316139172901018,CALL,0.0344840222343156,0.5147058328542755,d35,event_option_mh30trail_clean1000_frozen2025_select2026_d35_return_deploy202607_QQQ_v1,1,-0.2,2,30,35,0.35,202602
QQQ,zero_dte,10:30,630,202602,20260217,0.7589285628756088,-0.6,0.1431009613024471,-0.3452539514552295,CALL,0.1431009613024471,0.7589285628756088,d35,event_option_mh30trail_clean1000_frozen2025_select2026_d35_return_deploy202607_QQQ_v1,1,-0.2,2,30,35,0.35,202602
QQQ,zero_dte,10:05,605,202602,20260218,-0.0454546094925921,-0.6,-0.1515445363605772,0.4186992066732327,PUT,0.4186992066732327,-0.6,d35,event_option_mh30trail_clean1000_frozen2025_select2026_d35_return_deploy202607_QQQ_v1,1,-0.2,2,30,35,0.35,202602
QQQ,zero_dte,10:35,635,202602,20260218,0.3457446848984593,-0.6,-0.0260018846222236,-0.2212072756075637,CALL,-0.0260018846222236,0.3457446848984593,d35,event_option_mh30trail_clean1000_frozen2025_select2026_d35_return_deploy202607_QQQ_v1,1,-0.2,2,30,35,0.35,202602
QQQ,zero_dte,10:05,605,202602,20260219,-0.6,0.2779503206766882,-0.1158813249867255,0.2021018257654448,PUT,0.2021018257654448,0.2779503206766882,d35,event_option_mh30trail_clean1000_frozen2025_select2026_d35_return_deploy202607_QQQ_v1,1,-0.2,2,30,35,0.35,202602
QQQ,zero_dte,10:35,635,202602,20260219,-0.6,0.5564516067008696,-0.007324647950811,0.012749043515338,PUT,0.012749043515338,0.5564516067008696,d35,event_option_mh30trail_clean1000_frozen2025_select2026_d35_return_deploy202607_QQQ_v1,1,-0.2,2,30,35,0.35,202602
QQQ,zero_dte,10:45,645,202602,20260220,0.4519231210093541,0.2611110561669127,-0.4833412511851684,-0.1801873380297635,PUT,-0.1801873380297635,0.2611110561669127,d35,event_option_mh30trail_clean1000_frozen2025_select2026_d35_return_deploy202607_QQQ_v1,1,-0.2,2,30,35,0.35,202602
QQQ,zero_dte,11:15,675,202602,20260220,0.3552632156831743,0.403846287868437,-0.2565090401750647,0.0801180182293572,PUT,0.0801180182293572,0.403846287868437,d35,event_option_mh30trail_clean1000_frozen2025_select2026_d35_return_deploy202607_QQQ_v1,1,-0.2,2,30,35,0.35,202602
QQQ,zero_dte,10:05,605,202602,20260223,0.2799999713897705,0.9104938208012116,0.3234378932256072,-0.1490833554458687,CALL,0.3234378932256072,0.2799999713897705,d35,event_option_mh30trail_clean1000_frozen2025_select2026_d35_return_deploy202607_QQQ_v1,1,-0.2,2,30,35,0.35,202602
QQQ,zero_dte,10:35,635,202602,20260223,-0.6,1.1805554589739589,0.2938517513626822,-0.2685017847863513,CALL,0.2938517513626822,-0.6,d35,event_option_mh30trail_clean1000_frozen2025_select2026_d35_return_deploy202607_QQQ_v1,1,-0.2,2,30,35,0.35,202602
QQQ,zero_dte,10:30,630,202602,20260224,-0.6,-0.6,0.2192400172083859,0.2088851222427259,CALL,0.2192400172083859,-0.6,d35,event_option_mh30trail_clean1000_frozen2025_select2026_d35_return_deploy202607_QQQ_v1,1,-0.2,2,30,35,0.35,202602
QQQ,zero_dte,11:00,660,202602,20260224,0.4383116682055503,-0.6,-0.0570575688298709,0.189900941315612,PUT,0.189900941315612,-0.6,d35,event_option_mh30trail_clean1000_frozen2025_select2026_d35_return_deploy202607_QQQ_v1,1,-0.2,2,30,35,0.35,202602
QQQ,zero_dte,10:00,600,202602,20260225,-0.2265624752617435,-0.4193548201026084,-0.3836220579277932,0.42789701110571,PUT,0.42789701110571,-0.4193548201026084,d35,event_option_mh30trail_clean1000_frozen2025_select2026_d35_return_deploy202607_QQQ_v1,1,-0.2,2,30,35,0.35,202602
QQQ,zero_dte,10:30,630,202602,20260225,-0.1134020732584076,0.306603835120498,-0.3266214399950484,0.4562190704608659,PUT,0.4562190704608659,0.306603835120498,d35,event_option_mh30trail_clean1000_frozen2025_select2026_d35_return_deploy202607_QQQ_v1,1,-0.2,2,30,35,0.35,202602
QQQ,zero_dte,10:20,620,202602,20260226,-0.6,-0.6,0.2932792893566249,-0.0309593506899394,CALL,0.2932792893566249,-0.6,d35,event_option_mh30trail_clean1000_frozen2025_select2026_d35_return_deploy202607_QQQ_v1,1,-0.2,2,30,35,0.35,202602
QQQ,zero_dte,12:50,770,202602,20260226,0.3642857349648771,-0.6,-0.204498060087505,0.1079035489595383,PUT,0.1079035489595383,-0.6,d35,event_option_mh30trail_clean1000_frozen2025_select2026_d35_return_deploy202607_QQQ_v1,1,-0.2,2,30,35,0.35,202602
QQQ,zero_dte,10:10,610,202602,20260227,-0.6,-0.6,-0.48041068172847,0.1227665169586677,PUT,0.1227665169586677,-0.6,d35,event_option_mh30trail_clean1000_frozen2025_select2026_d35_return_deploy202607_QQQ_v1,1,-0.2,2,30,35,0.35,202602
QQQ,zero_dte,10:45,645,202602,20260227,-0.6,0.5499999783255842,-0.4522286904448924,0.1906116917391974,PUT,0.1906116917391974,0.5499999783255842,d35,event_option_mh30trail_clean1000_frozen2025_select2026_d35_return_deploy202607_QQQ_v1,1,-0.2,2,30,35,0.35,202602
QQQ,zero_dte,10:10,610,202603,20260302,-0.6,0.3355855565597059,0.0123544200598278,0.0519631514664715,PUT,0.0519631514664715,0.3355855565597059,d35,event_option_mh30trail_clean1000_frozen2025_select2026_d35_return_deploy202607_QQQ_v1,1,-0.2,2,30,35,0.35,202603
QQQ,zero_dte,10:40,640,202603,20260302,0.2738096157169167,-0.6,0.0722430263918112,0.3676297666813346,PUT,0.3676297666813346,-0.6,d35,event_option_mh30trail_clean1000_frozen2025_select2026_d35_return_deploy202607_QQQ_v1,1,-0.2,2,30,35,0.35,202603
QQQ,zero_dte,10:25,625,202603,20260303,0.4677420145639142,-0.6,0.6341311406563079,-0.1120890482520049,CALL,0.6341311406563079,0.4677420145639142,d35,event_option_mh30trail_clean1000_frozen2025_select2026_d35_return_deploy202607_QQQ_v1,1,-0.2,2,30,35,0.35,202603
QQQ,zero_dte,10:55,655,202603,20260303,2.1710526646009103,-0.6,0.6897088201175908,-0.2861381737748086,CALL,0.6897088201175908,2.1710526646009103,d35,event_option_mh30trail_clean1000_frozen2025_select2026_d35_return_deploy202607_QQQ_v1,1,-0.2,2,30,35,0.35,202603
QQQ,zero_dte,10:30,630,202603,20260304,-0.6,0.4910714637336073,-0.4033161333701243,0.1384640772145073,PUT,0.1384640772145073,0.4910714637336073,d35,event_option_mh30trail_clean1000_frozen2025_select2026_d35_return_deploy202607_QQQ_v1,1,-0.2,2,30,35,0.35,202603
QQQ,zero_dte,11:00,660,202603,20260304,0.0,0.7861446881955296,-0.2669565805162199,0.2614984909866261,PUT,0.2614984909866261,0.7861446881955296,d35,event_option_mh30trail_clean1000_frozen2025_select2026_d35_return_deploy202607_QQQ_v1,1,-0.2,2,30,35,0.35,202603
QQQ,zero_dte,10:00,600,202603,20260305,-0.6,2.41666672875484,0.0165477324265631,0.6162498488713308,PUT,0.6162498488713308,2.41666672875484,d35,event_option_mh30trail_clean1000_frozen2025_select2026_d35_return_deploy202607_QQQ_v1,1,-0.2,2,30,35,0.35,202603
QQQ,zero_dte,10:30,630,202603,20260305,0.9166667967561732,-0.6,0.4164287102322426,-0.4295426946283244,CALL,0.4164287102322426,0.9166667967561732,d35,event_option_mh30trail_clean1000_frozen2025_select2026_d35_return_deploy202607_QQQ_v1,1,-0.2,2,30,35,0.35,202603
QQQ,zero_dte,10:15,615,202603,20260306,-0.6,-0.6,-0.0504814865553858,-0.0278986516353578,PUT,-0.0278986516353578,-0.6,d35,event_option_mh30trail_clean1000_frozen2025_select2026_d35_return_deploy202607_QQQ_v1,1,-0.2,2,30,35,0.35,202603
QQQ,zero_dte,10:55,655,202603,20260306,-0.6,0.3700000047683716,0.2426788700140628,-0.31003331656944,CALL,0.2426788700140628,-0.6,d35,event_option_mh30trail_clean1000_frozen2025_select2026_d35_return_deploy202607_QQQ_v1,1,-0.2,2,30,35,0.35,202603
QQQ,zero_dte,10:15,615,202603,20260309,1.2711267830289286,-0.6,0.658518867101813,0.0461605167043041,CALL,0.658518867101813,1.2711267830289286,d35,event_option_mh30trail_clean1000_frozen2025_select2026_d35_return_deploy202607_QQQ_v1,1,-0.2,2,30,35,0.35,202603
QQQ,zero_dte,10:45,645,202603,20260309,0.2981480572285819,-0.6,0.3683230374990676,-0.1475609295918021,CALL,0.3683230374990676,0.2981480572285819,d35,event_option_mh30trail_clean1000_frozen2025_select2026_d35_return_deploy202607_QQQ_v1,1,-0.2,2,30,35,0.35,202603
QQQ,zero_dte,10:00,600,202603,20260310,0.4369566064701207,-0.6,0.3075037701832951,0.2809593300306789,CALL,0.3075037701832951,0.4369566064701207,d35,event_option_mh30trail_clean1000_frozen2025_select2026_d35_return_deploy202607_QQQ_v1,1,-0.2,2,30,35,0.35,202603
QQQ,zero_dte,10:30,630,202603,20260310,1.105072471905696,-0.6,-0.0227524356514647,0.4524524828606726,PUT,0.4524524828606726,-0.6,d35,event_option_mh30trail_clean1000_frozen2025_select2026_d35_return_deploy202607_QQQ_v1,1,-0.2,2,30,35,0.35,202603
QQQ,zero_dte,10:00,600,202603,20260311,-0.6,1.7264704710884522,-0.2428947024531041,0.6891006948863215,PUT,0.6891006948863215,1.7264704710884522,d35,event_option_mh30trail_clean1000_frozen2025_select2026_d35_return_deploy202607_QQQ_v1,1,-0.2,2,30,35,0.35,202603
QQQ,zero_dte,10:30,630,202603,20260311,-0.6,0.2879309970615322,-0.1861632989846919,-0.0043504139959171,PUT,-0.0043504139959171,0.2879309970615322,d35,event_option_mh30trail_clean1000_frozen2025_select2026_d35_return_deploy202607_QQQ_v1,1,-0.2,2,30,35,0.35,202603
QQQ,zero_dte,10:30,630,202603,20260312,0.4118704795343806,-0.6,0.108890861345323,-0.4110346591231372,CALL,0.108890861345323,0.4118704795343806,d35,event_option_mh30trail_clean1000_frozen2025_select2026_d35_return_deploy202607_QQQ_v1,1,-0.2,2,30,35,0.35,202603
QQQ,zero_dte,11:00,660,202603,20260312,0.4642856686699148,-0.6,-0.4456256231897381,-0.0794204512792684,PUT,-0.0794204512792684,-0.6,d35,event_option_mh30trail_clean1000_frozen2025_select2026_d35_return_deploy202607_QQQ_v1,1,-0.2,2,30,35,0.35,202603
QQQ,zero_dte,10:35,635,202603,20260313,-0.6,1.3362068823770166,-0.2770761406286168,0.2369495592127767,PUT,0.2369495592127767,1.3362068823770166,d35,event_option_mh30trail_clean1000_frozen2025_select2026_d35_return_deploy202607_QQQ_v1,1,-0.2,2,30,35,0.35,202603
QQQ,zero_dte,11:05,665,202603,20260313,-0.6,0.2967626744561504,0.0503963604839498,-0.1345639471721045,CALL,0.0503963604839498,-0.6,d35,event_option_mh30trail_clean1000_frozen2025_select2026_d35_return_deploy202607_QQQ_v1,1,-0.2,2,30,35,0.35,202603
QQQ,zero_dte,10:10,610,202603,20260316,-0.6,1.0988371480536383,-0.1661263567369122,0.5056838377620823,PUT,0.5056838377620823,1.0988371480536383,d35,event_option_mh30trail_clean1000_frozen2025_select2026_d35_return_deploy202607_QQQ_v1,1,-0.2,2,30,35,0.35,202603
QQQ,zero_dte,10:40,640,202603,20260316,0.4630435386542348,-0.6,-0.1983645164337123,0.2127265566805767,PUT,0.2127265566805767,-0.6,d35,event_option_mh30trail_clean1000_frozen2025_select2026_d35_return_deploy202607_QQQ_v1,1,-0.2,2,30,35,0.35,202603
QQQ,zero_dte,10:00,600,202603,20260317,-0.6,0.534482752419255,-0.2204560921025883,0.2928589829281317,PUT,0.2928589829281317,0.534482752419255,d35,event_option_mh30trail_clean1000_frozen2025_select2026_d35_return_deploy202607_QQQ_v1,1,-0.2,2,30,35,0.35,202603
QQQ,zero_dte,10:35,635,202603,20260317,-0.6,0.30384619616898,-0.2523755097472458,0.0248466456157408,PUT,0.0248466456157408,0.30384619616898,d35,event_option_mh30trail_clean1000_frozen2025_select2026_d35_return_deploy202607_QQQ_v1,1,-0.2,2,30,35,0.35,202603
QQQ,zero_dte,10:25,625,202603,20260318,-0.5360825001997063,-0.062937005224118,0.3023883680321774,-0.3317292578638881,CALL,0.3023883680321774,-0.5360825001997063,d35,event_option_mh30trail_clean1000_frozen2025_select2026_d35_return_deploy202607_QQQ_v1,1,-0.2,2,30,35,0.35,202603
QQQ,zero_dte,10:55,655,202603,20260318,0.2938596601301284,-0.3727272884904842,0.3958797019656575,-0.5090552870667517,CALL,0.3958797019656575,0.2938596601301284,d35,event_option_mh30trail_clean1000_frozen2025_select2026_d35_return_deploy202607_QQQ_v1,1,-0.2,2,30,35,0.35,202603
QQQ,zero_dte,10:00,600,202603,20260319,-0.6,0.6148647806898138,0.4012750966270625,0.0066345028397679,CALL,0.4012750966270625,-0.6,d35,event_option_mh30trail_clean1000_frozen2025_select2026_d35_return_deploy202607_QQQ_v1,1,-0.2,2,30,35,0.35,202603
QQQ,zero_dte,10:35,635,202603,20260319,-0.6,0.4594017721021928,0.2926243783933105,-0.3164525154992199,CALL,0.2926243783933105,-0.6,d35,event_option_mh30trail_clean1000_frozen2025_select2026_d35_return_deploy202607_QQQ_v1,1,-0.2,2,30,35,0.35,202603
QQQ,zero_dte,10:00,600,202603,20260320,-0.6,-0.6,-0.0338428350678574,-0.1142042325983121,CALL,-0.0338428350678574,-0.6,d35,event_option_mh30trail_clean1000_frozen2025_select2026_d35_return_deploy202607_QQQ_v1,1,-0.2,2,30,35,0.35,202603
QQQ,zero_dte,10:45,645,202603,20260320,-0.6,-0.6,-0.0183503165482496,-0.082985053948147,CALL,-0.0183503165482496,-0.6,d35,event_option_mh30trail_clean1000_frozen2025_select2026_d35_return_deploy202607_QQQ_v1,1,-0.2,2,30,35,0.35,202603
QQQ,zero_dte,10:20,620,202603,20260323,-0.6,0.3416665756040185,-0.0799037645899599,0.2705312880799175,PUT,0.2705312880799175,0.3416665756040185,d35,event_option_mh30trail_clean1000_frozen2025_select2026_d35_return_deploy202607_QQQ_v1,1,-0.2,2,30,35,0.35,202603
QQQ,zero_dte,11:05,665,202603,20260323,-0.6,0.4587379022821751,-0.4400442628947447,0.0883346177631834,PUT,0.0883346177631834,0.4587379022821751,d35,event_option_mh30trail_clean1000_frozen2025_select2026_d35_return_deploy202607_QQQ_v1,1,-0.2,2,30,35,0.35,202603
QQQ,zero_dte,10:55,655,202603,20260324,-0.6,0.6738095930103845,0.4317380427441309,-0.1358979589679161,CALL,0.4317380427441309,-0.6,d35,event_option_mh30trail_clean1000_frozen2025_select2026_d35_return_deploy202607_QQQ_v1,1,-0.2,2,30,35,0.35,202603
QQQ,zero_dte,11:25,685,202603,20260324,-0.6,0.4331683799362973,0.1524244756891906,-0.0324153866845217,CALL,0.1524244756891906,-0.6,d35,event_option_mh30trail_clean1000_frozen2025_select2026_d35_return_deploy202607_QQQ_v1,1,-0.2,2,30,35,0.35,202603
QQQ,zero_dte,10:00,600,202603,20260325,1.0288461273943876,-0.6,0.1758297787559299,-0.0380735241151478,CALL,0.1758297787559299,1.0288461273943876,d35,event_option_mh30trail_clean1000_frozen2025_select2026_d35_return_deploy202607_QQQ_v1,1,-0.2,2,30,35,0.35,202603
QQQ,zero_dte,10:35,635,202603,20260325,-0.6,0.4700000762939453,0.1011338314744227,-0.2750912512743605,CALL,0.1011338314744227,-0.6,d35,event_option_mh30trail_clean1000_frozen2025_select2026_d35_return_deploy202607_QQQ_v1,1,-0.2,2,30,35,0.35,202603
QQQ,zero_dte,10:00,600,202603,20260326,-0.6,0.2843512047782726,0.3520840701362499,-0.1926103681068816,CALL,0.3520840701362499,-0.6,d35,event_option_mh30trail_clean1000_frozen2025_select2026_d35_return_deploy202607_QQQ_v1,1,-0.2,2,30,35,0.35,202603
QQQ,zero_dte,10:30,630,202603,20260326,-0.6,1.2752525009265812,0.332124211470613,-0.243469697374261,CALL,0.332124211470613,-0.6,d35,event_option_mh30trail_clean1000_frozen2025_select2026_d35_return_deploy202607_QQQ_v1,1,-0.2,2,30,35,0.35,202603
QQQ,zero_dte,10:00,600,202603,20260327,-0.6,-0.6,0.5306875400768954,0.2610206510033155,CALL,0.5306875400768954,-0.6,d35,event_option_mh30trail_clean1000_frozen2025_select2026_d35_return_deploy202607_QQQ_v1,1,-0.2,2,30,35,0.35,202603
QQQ,zero_dte,10:30,630,202603,20260327,0.2545870967650208,-0.6,0.5754087303555189,-0.0249213841897743,CALL,0.5754087303555189,0.2545870967650208,d35,event_option_mh30trail_clean1000_frozen2025_select2026_d35_return_deploy202607_QQQ_v1,1,-0.2,2,30,35,0.35,202603
QQQ,zero_dte,10:00,600,202603,20260330,-0.6,-0.6,0.3619194316188408,-0.2320929965337982,CALL,0.3619194316188408,-0.6,d35,event_option_mh30trail_clean1000_frozen2025_select2026_d35_return_deploy202607_QQQ_v1,1,-0.2,2,30,35,0.35,202603
QQQ,zero_dte,10:35,635,202603,20260330,0.892857003837566,-0.6,0.3263478449213257,-0.3770973237883308,CALL,0.3263478449213257,0.892857003837566,d35,event_option_mh30trail_clean1000_frozen2025_select2026_d35_return_deploy202607_QQQ_v1,1,-0.2,2,30,35,0.35,202603
QQQ,zero_dte,10:00,600,202603,20260331,-0.6,0.25,-0.1915990753362738,0.3074796702463987,PUT,0.3074796702463987,0.25,d35,event_option_mh30trail_clean1000_frozen2025_select2026_d35_return_deploy202607_QQQ_v1,1,-0.2,2,30,35,0.35,202603
QQQ,zero_dte,10:30,630,202603,20260331,-0.6,1.4462963263847857,-0.2244225661558265,0.2853267480586044,PUT,0.2853267480586044,1.4462963263847857,d35,event_option_mh30trail_clean1000_frozen2025_select2026_d35_return_deploy202607_QQQ_v1,1,-0.2,2,30,35,0.35,202603
QQQ,zero_dte,10:15,615,202604,20260402,3.1803796264991986,-0.6,0.3444257511178304,-0.4121369509400548,CALL,0.3444257511178304,3.1803796264991986,d35,event_option_mh30trail_clean1000_frozen2025_select2026_d35_return_deploy202607_QQQ_v1,1,-0.2,2,30,35,0.35,202604
QQQ,zero_dte,10:50,650,202604,20260402,0.2679855516624336,-0.6,0.1895146743547194,-0.3869104111224323,CALL,0.1895146743547194,0.2679855516624336,d35,event_option_mh30trail_clean1000_frozen2025_select2026_d35_return_deploy202607_QQQ_v1,1,-0.2,2,30,35,0.35,202604
QQQ,zero_dte,10:00,600,202604,20260406,-0.6,0.8671170039161864,-0.1979684250543084,0.3403282276049537,PUT,0.3403282276049537,0.8671170039161864,d35,event_option_mh30trail_clean1000_frozen2025_select2026_d35_return_deploy202607_QQQ_v1,1,-0.2,2,30,35,0.35,202604
QQQ,zero_dte,10:50,650,202604,20260406,-0.6,-0.6,-0.1635975464662139,0.0762491254409624,PUT,0.0762491254409624,-0.6,d35,event_option_mh30trail_clean1000_frozen2025_select2026_d35_return_deploy202607_QQQ_v1,1,-0.2,2,30,35,0.35,202604
QQQ,zero_dte,10:10,610,202604,20260407,0.5725806234530433,0.2850877385610582,0.281900530987699,-0.2613020909165645,CALL,0.281900530987699,0.5725806234530433,d35,event_option_mh30trail_clean1000_frozen2025_select2026_d35_return_deploy202607_QQQ_v1,1,-0.2,2,30,35,0.35,202604
QQQ,zero_dte,11:00,660,202604,20260407,0.7219624221142802,-0.6,0.3752147300416625,0.0119440521314342,CALL,0.3752147300416625,0.7219624221142802,d35,event_option_mh30trail_clean1000_frozen2025_select2026_d35_return_deploy202607_QQQ_v1,1,-0.2,2,30,35,0.35,202604
QQQ,zero_dte,10:00,600,202604,20260408,-0.6,0.3485401821883398,-0.2485262307539082,0.0744971212367978,PUT,0.0744971212367978,0.3485401821883398,d35,event_option_mh30trail_clean1000_frozen2025_select2026_d35_return_deploy202607_QQQ_v1,1,-0.2,2,30,35,0.35,202604
QQQ,zero_dte,10:30,630,202604,20260408,0.4783950272065769,1.1436170273476889,-0.3618007592433842,0.048639331575731,PUT,0.048639331575731,1.1436170273476889,d35,event_option_mh30trail_clean1000_frozen2025_select2026_d35_return_deploy202607_QQQ_v1,1,-0.2,2,30,35,0.35,202604
QQQ,zero_dte,10:00,600,202604,20260410,0.3549382080121153,-0.6,0.11633213540855,-0.098538715819013,CALL,0.11633213540855,0.3549382080121153,d35,event_option_mh30trail_clean1000_frozen2025_select2026_d35_return_deploy202607_QQQ_v1,1,-0.2,2,30,35,0.35,202604
QQQ,zero_dte,10:30,630,202604,20260410,-0.6,0.310605955244319,0.160742046406797,0.2228833377700759,PUT,0.2228833377700759,0.310605955244319,d35,event_option_mh30trail_clean1000_frozen2025_select2026_d35_return_deploy202607_QQQ_v1,1,-0.2,2,30,35,0.35,202604
QQQ,zero_dte,10:00,600,202604,20260413,-0.6,0.4318182126057051,0.1872245041210072,0.0903999233257675,CALL,0.1872245041210072,-0.6,d35,event_option_mh30trail_clean1000_frozen2025_select2026_d35_return_deploy202607_QQQ_v1,1,-0.2,2,30,35,0.35,202604
QQQ,zero_dte,10:30,630,202604,20260413,0.5368852587163975,-0.6,0.3837485701431613,-0.3781355924644037,CALL,0.3837485701431613,0.5368852587163975,d35,event_option_mh30trail_clean1000_frozen2025_select2026_d35_return_deploy202607_QQQ_v1,1,-0.2,2,30,35,0.35,202604
QQQ,zero_dte,10:10,610,202604,20260414,0.5532786853209006,-0.6,-0.1868129968711843,0.2267791544068834,PUT,0.2267791544068834,-0.6,d35,event_option_mh30trail_clean1000_frozen2025_select2026_d35_return_deploy202607_QQQ_v1,1,-0.2,2,30,35,0.35,202604
QQQ,zero_dte,10:40,640,202604,20260414,0.4964789394536839,-0.6,-0.5049269869353457,0.0311887356291207,PUT,0.0311887356291207,-0.6,d35,event_option_mh30trail_clean1000_frozen2025_select2026_d35_return_deploy202607_QQQ_v1,1,-0.2,2,30,35,0.35,202604
QQQ,zero_dte,10:00,600,202604,20260416,0.4004855290334812,-0.6,0.1674402391264352,-0.2494245931884433,CALL,0.1674402391264352,0.4004855290334812,d35,event_option_mh30trail_clean1000_frozen2025_select2026_d35_return_deploy202607_QQQ_v1,1,-0.2,2,30,35,0.35,202604
QQQ,zero_dte,10:45,645,202604,20260416,0.6693549162391315,-0.6,0.0498889380857118,-0.0188990851123618,CALL,0.0498889380857118,0.6693549162391315,d35,event_option_mh30trail_clean1000_frozen2025_select2026_d35_return_deploy202607_QQQ_v1,1,-0.2,2,30,35,0.35,202604
QQQ,zero_dte,10:00,600,202604,20260417,0.2833333002196432,-0.6,-0.5452374320470534,0.3980896982399798,PUT,0.3980896982399798,-0.6,d35,event_option_mh30trail_clean1000_frozen2025_select2026_d35_return_deploy202607_QQQ_v1,1,-0.2,2,30,35,0.35,202604
QQQ,zero_dte,10:30,630,202604,20260417,1.0141511555879243,-0.6,-0.239996345541924,0.1805519854407085,PUT,0.1805519854407085,-0.6,d35,event_option_mh30trail_clean1000_frozen2025_select2026_d35_return_deploy202607_QQQ_v1,1,-0.2,2,30,35,0.35,202604
QQQ,zero_dte,10:00,600,202604,20260420,-0.6,0.3300000429153442,0.133379171028805,-0.1847005350164922,CALL,0.133379171028805,-0.6,d35,event_option_mh30trail_clean1000_frozen2025_select2026_d35_return_deploy202607_QQQ_v1,1,-0.2,2,30,35,0.35,202604
QQQ,zero_dte,10:30,630,202604,20260420,-0.6,1.2009804379889628,0.0956969752308165,-0.0040571272232953,CALL,0.0956969752308165,-0.6,d35,event_option_mh30trail_clean1000_frozen2025_select2026_d35_return_deploy202607_QQQ_v1,1,-0.2,2,30,35,0.35,202604
QQQ,zero_dte,10:00,600,202604,20260421,-0.6,0.640243860776051,0.3953306037496832,-0.3128280320418559,CALL,0.3953306037496832,-0.6,d35,event_option_mh30trail_clean1000_frozen2025_select2026_d35_return_deploy202607_QQQ_v1,1,-0.2,2,30,35,0.35,202604
QQQ,zero_dte,10:30,630,202604,20260421,-0.6,1.2291668412896533,0.0285300135297336,-0.2123196697766397,CALL,0.0285300135297336,-0.6,d35,event_option_mh30trail_clean1000_frozen2025_select2026_d35_return_deploy202607_QQQ_v1,1,-0.2,2,30,35,0.35,202604
QQQ,zero_dte,10:05,605,202604,20260422,1.7077464339421429,-0.6,0.2286055398557095,0.2868834646004338,PUT,0.2868834646004338,-0.6,d35,event_option_mh30trail_clean1000_frozen2025_select2026_d35_return_deploy202607_QQQ_v1,1,-0.2,2,30,35,0.35,202604
QQQ,zero_dte,10:35,635,202604,20260422,0.3712121362637985,-0.6,-0.4379817989816746,0.2590237514780298,PUT,0.2590237514780298,-0.6,d35,event_option_mh30trail_clean1000_frozen2025_select2026_d35_return_deploy202607_QQQ_v1,1,-0.2,2,30,35,0.35,202604
QQQ,zero_dte,10:00,600,202604,20260423,0.8109756975142757,-0.6,0.2369564144725471,-0.2477355349579214,CALL,0.2369564144725471,0.8109756975142757,d35,event_option_mh30trail_clean1000_frozen2025_select2026_d35_return_deploy202607_QQQ_v1,1,-0.2,2,30,35,0.35,202604
QQQ,zero_dte,10:45,645,202604,20260423,0.6845792820281087,-0.6,0.0870103728338937,-0.0234790372676497,CALL,0.0870103728338937,0.6845792820281087,d35,event_option_mh30trail_clean1000_frozen2025_select2026_d35_return_deploy202607_QQQ_v1,1,-0.2,2,30,35,0.35,202604
QQQ,zero_dte,10:00,600,202604,20260424,0.5970588334291449,-0.6,0.3659188803071265,-0.1204793930218192,CALL,0.3659188803071265,0.5970588334291449,d35,event_option_mh30trail_clean1000_frozen2025_select2026_d35_return_deploy202607_QQQ_v1,1,-0.2,2,30,35,0.35,202604
QQQ,zero_dte,10:40,640,202604,20260424,0.6547619912629805,-0.6,0.4181345117614786,0.0746820619443299,CALL,0.4181345117614786,0.6547619912629805,d35,event_option_mh30trail_clean1000_frozen2025_select2026_d35_return_deploy202607_QQQ_v1,1,-0.2,2,30,35,0.35,202604
QQQ,zero_dte,10:00,600,202604,20260427,-0.6,0.3640351372522445,0.2993761385183702,-0.2276818430258508,CALL,0.2993761385183702,-0.6,d35,event_option_mh30trail_clean1000_frozen2025_select2026_d35_return_deploy202607_QQQ_v1,1,-0.2,2,30,35,0.35,202604
QQQ,zero_dte,10:30,630,202604,20260427,0.6465518198172089,-0.6,0.3112967880289548,-0.2361241413409782,CALL,0.3112967880289548,0.6465518198172089,d35,event_option_mh30trail_clean1000_frozen2025_select2026_d35_return_deploy202607_QQQ_v1,1,-0.2,2,30,35,0.35,202604
QQQ,zero_dte,10:00,600,202604,20260428,-0.6,0.4399225823431261,0.1836247470569275,0.2276427342536368,PUT,0.2276427342536368,0.4399225823431261,d35,event_option_mh30trail_clean1000_frozen2025_select2026_d35_return_deploy202607_QQQ_v1,1,-0.2,2,30,35,0.35,202604
QQQ,zero_dte,10:35,635,202604,20260428,-0.6,0.7838984763132646,0.2780301476006238,-0.3341044106119445,CALL,0.2780301476006238,-0.6,d35,event_option_mh30trail_clean1000_frozen2025_select2026_d35_return_deploy202607_QQQ_v1,1,-0.2,2,30,35,0.35,202604
QQQ,zero_dte,10:25,625,202604,20260429,-0.1890243570021683,0.1122994216054533,-0.0604003590906492,0.2352297804313269,PUT,0.2352297804313269,0.1122994216054533,d35,event_option_mh30trail_clean1000_frozen2025_select2026_d35_return_deploy202607_QQQ_v1,1,-0.2,2,30,35,0.35,202604
QQQ,zero_dte,10:55,655,202604,20260429,-0.3666666578363486,0.4027776811961812,0.0279538699206383,-0.0533218607754919,CALL,0.0279538699206383,-0.3666666578363486,d35,event_option_mh30trail_clean1000_frozen2025_select2026_d35_return_deploy202607_QQQ_v1,1,-0.2,2,30,35,0.35,202604
QQQ,zero_dte,10:10,610,202604,20260430,0.75,-0.6,0.0263281455984343,-0.1940596331060969,CALL,0.0263281455984343,0.75,d35,event_option_mh30trail_clean1000_frozen2025_select2026_d35_return_deploy202607_QQQ_v1,1,-0.2,2,30,35,0.35,202604
QQQ,zero_dte,10:40,640,202604,20260430,1.3880369345484684,-0.6,0.1959692155088686,-0.2113759655669025,CALL,0.1959692155088686,1.3880369345484684,d35,event_option_mh30trail_clean1000_frozen2025_select2026_d35_return_deploy202607_QQQ_v1,1,-0.2,2,30,35,0.35,202604
QQQ,zero_dte,10:00,600,202605,20260501,-0.6,0.2780899282748499,-0.3646781599558503,0.2782397001349795,PUT,0.2782397001349795,0.2780899282748499,d35,event_option_mh30trail_clean1000_frozen2025_select2026_d35_return_deploy202607_QQQ_v1,1,-0.2,2,30,35,0.35,202605
QQQ,zero_dte,11:20,680,202605,20260501,0.4788136038414488,0.30384619616898,-0.197760531616933,0.3051999111713674,PUT,0.3051999111713674,0.30384619616898,d35,event_option_mh30trail_clean1000_frozen2025_select2026_d35_return_deploy202607_QQQ_v1,1,-0.2,2,30,35,0.35,202605
QQQ,zero_dte,10:00,600,202605,20260504,-0.6,0.3078947764684623,0.1692058149221739,-0.1764866256407889,CALL,0.1692058149221739,-0.6,d35,event_option_mh30trail_clean1000_frozen2025_select2026_d35_return_deploy202607_QQQ_v1,1,-0.2,2,30,35,0.35,202605
QQQ,zero_dte,10:30,630,202605,20260504,0.2928572174643207,0.2794116657085512,0.2377331934319003,-0.1759231058608674,CALL,0.2377331934319003,0.2928572174643207,d35,event_option_mh30trail_clean1000_frozen2025_select2026_d35_return_deploy202607_QQQ_v1,1,-0.2,2,30,35,0.35,202605
QQQ,zero_dte,10:05,605,202605,20260505,0.3196202226029709,0.3653846242018708,-0.1406383445835042,-0.0044184557134788,PUT,-0.0044184557134788,0.3653846242018708,d35,event_option_mh30trail_clean1000_frozen2025_select2026_d35_return_deploy202607_QQQ_v1,1,-0.2,2,30,35,0.35,202605
QQQ,zero_dte,10:35,635,202605,20260505,-0.6,-0.6,-0.3738280137543439,0.3929613084848807,PUT,0.3929613084848807,-0.6,d35,event_option_mh30trail_clean1000_frozen2025_select2026_d35_return_deploy202607_QQQ_v1,1,-0.2,2,30,35,0.35,202605
QQQ,zero_dte,10:00,600,202605,20260506,0.2920559768916704,0.5553097083729335,-0.3190988716730239,0.0387635073436024,PUT,0.0387635073436024,0.5553097083729335,d35,event_option_mh30trail_clean1000_frozen2025_select2026_d35_return_deploy202607_QQQ_v1,1,-0.2,2,30,35,0.35,202605
QQQ,zero_dte,10:35,635,202605,20260506,0.4230769936149667,-0.6,-0.2448969415541672,-0.0756877499617214,PUT,-0.0756877499617214,-0.6,d35,event_option_mh30trail_clean1000_frozen2025_select2026_d35_return_deploy202607_QQQ_v1,1,-0.2,2,30,35,0.35,202605
QQQ,zero_dte,10:10,610,202605,20260507,0.5357142509593915,-0.6,0.1300571560780128,0.1799159147197871,PUT,0.1799159147197871,-0.6,d35,event_option_mh30trail_clean1000_frozen2025_select2026_d35_return_deploy202607_QQQ_v1,1,-0.2,2,30,35,0.35,202605
QQQ,zero_dte,10:45,645,202605,20260507,-0.6,0.5166667505546874,-0.2960523677064685,-0.1447509080922576,PUT,-0.1447509080922576,0.5166667505546874,d35,event_option_mh30trail_clean1000_frozen2025_select2026_d35_return_deploy202607_QQQ_v1,1,-0.2,2,30,35,0.35,202605
QQQ,zero_dte,10:05,605,202605,20260508,0.3163716711465096,-0.6,-0.516327555893918,0.4135790201589548,PUT,0.4135790201589548,-0.6,d35,event_option_mh30trail_clean1000_frozen2025_select2026_d35_return_deploy202607_QQQ_v1,1,-0.2,2,30,35,0.35,202605
QQQ,zero_dte,10:40,640,202605,20260508,0.5024752451875445,-0.6,-0.3728719909702227,0.2622830296121716,PUT,0.2622830296121716,-0.6,d35,event_option_mh30trail_clean1000_frozen2025_select2026_d35_return_deploy202607_QQQ_v1,1,-0.2,2,30,35,0.35,202605
QQQ,zero_dte,10:00,600,202605,20260511,0.3953900625273874,0.3214286200854266,0.0951683097096751,-0.3987697158800615,CALL,0.0951683097096751,0.3953900625273874,d35,event_option_mh30trail_clean1000_frozen2025_select2026_d35_return_deploy202607_QQQ_v1,1,-0.2,2,30,35,0.35,202605
QQQ,zero_dte,10:30,630,202605,20260511,0.7309523982525961,-0.6,0.182926141545472,-0.4526629884779292,CALL,0.182926141545472,0.7309523982525961,d35,event_option_mh30trail_clean1000_frozen2025_select2026_d35_return_deploy202607_QQQ_v1,1,-0.2,2,30,35,0.35,202605
QQQ,zero_dte,10:00,600,202605,20260512,0.4522901652513824,0.3195363579651304,-0.4895039593555974,0.1455315391031774,PUT,0.1455315391031774,0.3195363579651304,d35,event_option_mh30trail_clean1000_frozen2025_select2026_d35_return_deploy202607_QQQ_v1,1,-0.2,2,30,35,0.35,202605
QQQ,zero_dte,10:30,630,202605,20260512,-0.6,0.4499999925494196,-0.3362955457511132,-0.0181378577452605,PUT,-0.0181378577452605,0.4499999925494196,d35,event_option_mh30trail_clean1000_frozen2025_select2026_d35_return_deploy202607_QQQ_v1,1,-0.2,2,30,35,0.35,202605
QQQ,zero_dte,10:25,625,202605,20260513,0.4249999254941969,-0.6,-0.0067080939609143,-0.0457368368748517,CALL,-0.0067080939609143,0.4249999254941969,d35,event_option_mh30trail_clean1000_frozen2025_select2026_d35_return_deploy202607_QQQ_v1,1,-0.2,2,30,35,0.35,202605
QQQ,zero_dte,10:55,655,202605,20260513,0.7187500291038311,-0.6,-0.0205751209475623,-0.0307409953385981,CALL,-0.0205751209475623,0.7187500291038311,d35,event_option_mh30trail_clean1000_frozen2025_select2026_d35_return_deploy202607_QQQ_v1,1,-0.2,2,30,35,0.35,202605
QQQ,zero_dte,10:20,620,202605,20260514,0.5020659658868343,-0.6,-0.169792962011775,0.2031037140846769,PUT,0.2031037140846769,-0.6,d35,event_option_mh30trail_clean1000_frozen2025_select2026_d35_return_deploy202607_QQQ_v1,1,-0.2,2,30,35,0.35,202605
QQQ,zero_dte,10:50,650,202605,20260514,-0.6,-0.6,-0.445482718330732,0.2855851770302097,PUT,0.2855851770302097,-0.6,d35,event_option_mh30trail_clean1000_frozen2025_select2026_d35_return_deploy202607_QQQ_v1,1,-0.2,2,30,35,0.35,202605
QQQ,zero_dte,10:00,600,202605,20260515,1.2350300610858396,-0.6,-0.0646491431106498,-0.3115842669706313,CALL,-0.0646491431106498,1.2350300610858396,d35,event_option_mh30trail_clean1000_frozen2025_select2026_d35_return_deploy202607_QQQ_v1,1,-0.2,2,30,35,0.35,202605
QQQ,zero_dte,10:35,635,202605,20260515,-0.6,0.2810344521412535,-0.0063394606218635,0.0578927162939687,PUT,0.0578927162939687,0.2810344521412535,d35,event_option_mh30trail_clean1000_frozen2025_select2026_d35_return_deploy202607_QQQ_v1,1,-0.2,2,30,35,0.35,202605
QQQ,zero_dte,10:05,605,202605,20260518,-0.6,0.5815216437094846,0.2941795389611495,-0.1080948778170589,CALL,0.2941795389611495,-0.6,d35,event_option_mh30trail_clean1000_frozen2025_select2026_d35_return_deploy202607_QQQ_v1,1,-0.2,2,30,35,0.35,202605
QQQ,zero_dte,10:35,635,202605,20260518,0.4258620598937048,-0.6,0.0869649207375151,0.0337680680483523,CALL,0.0869649207375151,0.4258620598937048,d35,event_option_mh30trail_clean1000_frozen2025_select2026_d35_return_deploy202607_QQQ_v1,1,-0.2,2,30,35,0.35,202605
QQQ,zero_dte,10:20,620,202605,20260519,0.327464843122669,-0.6,0.2709402419957376,-0.0378107399597717,CALL,0.2709402419957376,0.327464843122669,d35,event_option_mh30trail_clean1000_frozen2025_select2026_d35_return_deploy202607_QQQ_v1,1,-0.2,2,30,35,0.35,202605
QQQ,zero_dte,10:50,650,202605,20260519,0.7893700417852032,-0.6,0.0857077600346122,0.049746342720024,CALL,0.0857077600346122,0.7893700417852032,d35,event_option_mh30trail_clean1000_frozen2025_select2026_d35_return_deploy202607_QQQ_v1,1,-0.2,2,30,35,0.35,202605
QQQ,zero_dte,10:05,605,202605,20260520,0.8152173279251191,-0.6,0.1204973659717641,-0.0972329669425491,CALL,0.1204973659717641,0.8152173279251191,d35,event_option_mh30trail_clean1000_frozen2025_select2026_d35_return_deploy202607_QQQ_v1,1,-0.2,2,30,35,0.35,202605
QQQ,zero_dte,10:35,635,202605,20260520,0.995033196234755,-0.6,-0.014058902320186,-0.1198845349934023,CALL,-0.014058902320186,0.995033196234755,d35,event_option_mh30trail_clean1000_frozen2025_select2026_d35_return_deploy202607_QQQ_v1,1,-0.2,2,30,35,0.35,202605
QQQ,zero_dte,10:00,600,202605,20260521,-0.6,0.9261006072401125,-0.1136625555703775,0.2607377760682966,PUT,0.2607377760682966,0.9261006072401125,d35,event_option_mh30trail_clean1000_frozen2025_select2026_d35_return_deploy202607_QQQ_v1,1,-0.2,2,30,35,0.35,202605
QQQ,zero_dte,10:50,650,202605,20260521,0.2884615541366593,-0.6,0.0867746743856275,0.3559137316679862,PUT,0.3559137316679862,-0.6,d35,event_option_mh30trail_clean1000_frozen2025_select2026_d35_return_deploy202607_QQQ_v1,1,-0.2,2,30,35,0.35,202605
QQQ,zero_dte,10:25,625,202605,20260522,0.8659420915822778,-0.6,-0.071685973612251,-0.1895741919750253,CALL,-0.071685973612251,0.8659420915822778,d35,event_option_mh30trail_clean1000_frozen2025_select2026_d35_return_deploy202607_QQQ_v1,1,-0.2,2,30,35,0.35,202605
QQQ,zero_dte,11:05,665,202605,20260522,-0.6,-0.6,-0.3297576942120954,0.6437171800394489,PUT,0.6437171800394489,-0.6,d35,event_option_mh30trail_clean1000_frozen2025_select2026_d35_return_deploy202607_QQQ_v1,1,-0.2,2,30,35,0.35,202605
QQQ,zero_dte,10:20,620,202605,20260526,0.4519231210093541,0.2891304501062983,-0.0554004552752461,0.2287497982043635,PUT,0.2287497982043635,0.2891304501062983,d35,event_option_mh30trail_clean1000_frozen2025_select2026_d35_return_deploy202607_QQQ_v1,1,-0.2,2,30,35,0.35,202605
QQQ,zero_dte,10:50,650,202605,20260526,-0.6,0.5219298300650643,-0.0983741983771261,0.0010787531582832,PUT,0.0010787531582832,0.5219298300650643,d35,event_option_mh30trail_clean1000_frozen2025_select2026_d35_return_deploy202607_QQQ_v1,1,-0.2,2,30,35,0.35,202605
QQQ,zero_dte,10:25,625,202605,20260527,0.3342696508815259,-0.6,0.2941221011853656,-0.2342173462332741,CALL,0.2941221011853656,0.3342696508815259,d35,event_option_mh30trail_clean1000_frozen2025_select2026_d35_return_deploy202607_QQQ_v1,1,-0.2,2,30,35,0.35,202605
QQQ,zero_dte,11:00,660,202605,20260527,0.4944445489365405,-0.6,0.0615810471114165,-0.1017736803266636,CALL,0.0615810471114165,0.4944445489365405,d35,event_option_mh30trail_clean1000_frozen2025_select2026_d35_return_deploy202607_QQQ_v1,1,-0.2,2,30,35,0.35,202605
QQQ,zero_dte,10:15,615,202605,20260528,0.3214286829338628,-0.6,-0.1335988258799167,-0.0695874753506382,PUT,-0.0695874753506382,-0.6,d35,event_option_mh30trail_clean1000_frozen2025_select2026_d35_return_deploy202607_QQQ_v1,1,-0.2,2,30,35,0.35,202605
QQQ,zero_dte,10:45,645,202605,20260528,0.4299999475479126,-0.6,-0.459006129771601,0.0274598504698618,PUT,0.0274598504698618,-0.6,d35,event_option_mh30trail_clean1000_frozen2025_select2026_d35_return_deploy202607_QQQ_v1,1,-0.2,2,30,35,0.35,202605
QQQ,zero_dte,10:00,600,202605,20260529,-0.6,1.4194917249049532,-0.1977921582849859,-0.0162146541425095,PUT,-0.0162146541425095,1.4194917249049532,d35,event_option_mh30trail_clean1000_frozen2025_select2026_d35_return_deploy202607_QQQ_v1,1,-0.2,2,30,35,0.35,202605
QQQ,zero_dte,10:35,635,202605,20260529,-0.6,0.9802157816806196,0.0693771585375864,-0.1374487939704458,CALL,0.0693771585375864,-0.6,d35,event_option_mh30trail_clean1000_frozen2025_select2026_d35_return_deploy202607_QQQ_v1,1,-0.2,2,30,35,0.35,202605
QQQ,zero_dte,10:00,600,202606,20260601,0.4753521983998587,-0.6,0.007374798191148,-0.1415705145435089,CALL,0.007374798191148,0.4753521983998587,d35,event_option_mh30trail_clean1000_frozen2025_select2026_d35_return_deploy202607_QQQ_v1,1,-0.2,2,30,35,0.35,202606
QQQ,zero_dte,10:30,630,202606,20260601,0.9100000381469728,-0.6,-0.0409316675746952,0.0318585013534819,PUT,0.0318585013534819,-0.6,d35,event_option_mh30trail_clean1000_frozen2025_select2026_d35_return_deploy202607_QQQ_v1,1,-0.2,2,30,35,0.35,202606
QQQ,zero_dte,10:00,600,202606,20260602,0.0522387548501055,-0.6,0.2709067043409656,-0.271750198278169,CALL,0.2709067043409656,0.0522387548501055,d35,event_option_mh30trail_clean1000_frozen2025_select2026_d35_return_deploy202607_QQQ_v1,1,-0.2,2,30,35,0.35,202606
QQQ,zero_dte,10:35,635,202606,20260602,0.3309524209591286,-0.6,0.2376170155450284,-0.2937216168826617,CALL,0.2376170155450284,0.3309524209591286,d35,event_option_mh30trail_clean1000_frozen2025_select2026_d35_return_deploy202607_QQQ_v1,1,-0.2,2,30,35,0.35,202606
QQQ,zero_dte,12:25,745,202606,20260603,0.6465516863387115,-0.6,0.1204923482590283,-0.0804316390051153,CALL,0.1204923482590283,0.6465516863387115,d35,event_option_mh30trail_clean1000_frozen2025_select2026_d35_return_deploy202607_QQQ_v1,1,-0.2,2,30,35,0.35,202606
QQQ,zero_dte,13:15,795,202606,20260603,0.6893938189805204,-0.6,0.0423043732310102,-0.5564072349309078,CALL,0.0423043732310102,0.6893938189805204,d35,event_option_mh30trail_clean1000_frozen2025_select2026_d35_return_deploy202607_QQQ_v1,1,-0.2,2,30,35,0.35,202606
QQQ,zero_dte,10:05,605,202606,20260604,1.1184211241791684,-0.6,-0.6022596078912136,0.2927176120442892,PUT,0.2927176120442892,-0.6,d35,event_option_mh30trail_clean1000_frozen2025_select2026_d35_return_deploy202607_QQQ_v1,1,-0.2,2,30,35,0.35,202606
QQQ,zero_dte,10:40,640,202606,20260604,0.9944443836133678,-0.6,0.1777537425695388,0.2831842005356181,PUT,0.2831842005356181,-0.6,d35,event_option_mh30trail_clean1000_frozen2025_select2026_d35_return_deploy202607_QQQ_v1,1,-0.2,2,30,35,0.35,202606
QQQ,zero_dte,10:00,600,202606,20260605,0.4229559937042502,-0.6,0.0072954488658022,0.4429781960006924,PUT,0.4429781960006924,-0.6,d35,event_option_mh30trail_clean1000_frozen2025_select2026_d35_return_deploy202607_QQQ_v1,1,-0.2,2,30,35,0.35,202606
QQQ,zero_dte,11:05,665,202606,20260605,-0.6,0.6447369411711561,0.2290239043371949,0.0742746381552759,CALL,0.2290239043371949,-0.6,d35,event_option_mh30trail_clean1000_frozen2025_select2026_d35_return_deploy202607_QQQ_v1,1,-0.2,2,30,35,0.35,202606
QQQ,zero_dte,10:00,600,202606,20260608,0.9274194406379724,-0.6,0.0538779750241321,-0.1458772268315214,CALL,0.0538779750241321,0.9274194406379724,d35,event_option_mh30trail_clean1000_frozen2025_select2026_d35_return_deploy202607_QQQ_v1,1,-0.2,2,30,35,0.35,202606
QQQ,zero_dte,10:30,630,202606,20260608,1.0853294584364668,-0.6,0.0393855881819604,0.2158884462102324,PUT,0.2158884462102324,-0.6,d35,event_option_mh30trail_clean1000_frozen2025_select2026_d35_return_deploy202607_QQQ_v1,1,-0.2,2,30,35,0.35,202606
QQQ,zero_dte,10:20,620,202606,20260609,-0.6,1.657407389010913,0.0690234209504509,-0.0994403849576123,CALL,0.0690234209504509,-0.6,d35,event_option_mh30trail_clean1000_frozen2025_select2026_d35_return_deploy202607_QQQ_v1,1,-0.2,2,30,35,0.35,202606
QQQ,zero_dte,10:50,650,202606,20260609,0.3766667048136394,0.272935702557739,0.1029843313305838,0.0558184666112197,CALL,0.1029843313305838,0.3766667048136394,d35,event_option_mh30trail_clean1000_frozen2025_select2026_d35_return_deploy202607_QQQ_v1,1,-0.2,2,30,35,0.35,202606
QQQ,zero_dte,10:35,635,202606,20260610,-0.6,1.9827587137111755,-0.0175859465929782,-0.0367825641300985,CALL,-0.0175859465929782,-0.6,d35,event_option_mh30trail_clean1000_frozen2025_select2026_d35_return_deploy202607_QQQ_v1,1,-0.2,2,30,35,0.35,202606
QQQ,zero_dte,11:10,670,202606,20260610,-0.6,0.2881818251176313,0.2850436963913571,0.2983749117760257,PUT,0.2983749117760257,0.2881818251176313,d35,event_option_mh30trail_clean1000_frozen2025_select2026_d35_return_deploy202607_QQQ_v1,1,-0.2,2,30,35,0.35,202606
QQQ,zero_dte,10:55,655,202606,20260611,0.4580745189849677,-0.6,0.1578008996590572,0.0654872768231949,CALL,0.1578008996590572,0.4580745189849677,d35,event_option_mh30trail_clean1000_frozen2025_select2026_d35_return_deploy202607_QQQ_v1,1,-0.2,2,30,35,0.35,202606
QQQ,zero_dte,13:20,800,202606,20260611,5.0,-0.6,0.2863296585826421,-0.2988676846365801,CALL,0.2863296585826421,5.0,d35,event_option_mh30trail_clean1000_frozen2025_select2026_d35_return_deploy202607_QQQ_v1,1,-0.2,2,30,35,0.35,202606
QQQ,zero_dte,10:10,610,202606,20260612,-0.6,0.397058779530596,0.289618914780729,0.5870735974372872,PUT,0.5870735974372872,0.397058779530596,d35,event_option_mh30trail_clean1000_frozen2025_select2026_d35_return_deploy202607_QQQ_v1,1,-0.2,2,30,35,0.35,202606
QQQ,zero_dte,10:55,655,202606,20260612,0.2647058686033112,-0.6,-0.1756702054045987,0.4706844330608482,PUT,0.4706844330608482,-0.6,d35,event_option_mh30trail_clean1000_frozen2025_select2026_d35_return_deploy202607_QQQ_v1,1,-0.2,2,30,35,0.35,202606
QQQ,zero_dte,10:05,605,202606,20260615,0.3995726652477704,-0.6,-0.2893050410506123,0.2882595817810043,PUT,0.2882595817810043,-0.6,d35,event_option_mh30trail_clean1000_frozen2025_select2026_d35_return_deploy202607_QQQ_v1,1,-0.2,2,30,35,0.35,202606
QQQ,zero_dte,10:35,635,202606,20260615,0.3902877660822124,-0.6,-0.345350921168204,0.0770798187304655,PUT,0.0770798187304655,-0.6,d35,event_option_mh30trail_clean1000_frozen2025_select2026_d35_return_deploy202607_QQQ_v1,1,-0.2,2,30,35,0.35,202606
QQQ,zero_dte,10:10,610,202606,20260616,-0.6,2.5767718161451056,0.1571921774247356,-0.3815701874002739,CALL,0.1571921774247356,-0.6,d35,event_option_mh30trail_clean1000_frozen2025_select2026_d35_return_deploy202607_QQQ_v1,1,-0.2,2,30,35,0.35,202606
QQQ,zero_dte,10:40,640,202606,20260616,-0.6,0.8749998758236615,0.127753466906158,0.1628996423464118,PUT,0.1628996423464118,0.8749998758236615,d35,event_option_mh30trail_clean1000_frozen2025_select2026_d35_return_deploy202607_QQQ_v1,1,-0.2,2,30,35,0.35,202606
QQQ,zero_dte,10:00,600,202606,20260617,0.4426605248730175,-0.3933649123088513,0.2551674795063171,0.2024802578684556,CALL,0.2551674795063171,0.4426605248730175,d35,event_option_mh30trail_clean1000_frozen2025_select2026_d35_return_deploy202607_QQQ_v1,1,-0.2,2,30,35,0.35,202606
QQQ,zero_dte,10:30,630,202606,20260617,-0.6,0.8276256035854668,-0.3703193944888782,0.3427451625333698,PUT,0.3427451625333698,0.8276256035854668,d35,event_option_mh30trail_clean1000_frozen2025_select2026_d35_return_deploy202607_QQQ_v1,1,-0.2,2,30,35,0.35,202606
QQQ,zero_dte,10:25,625,202606,20260618,-0.6,0.8310810027112057,0.3811896648517047,-0.0295755889314898,CALL,0.3811896648517047,-0.6,d35,event_option_mh30trail_clean1000_frozen2025_select2026_d35_return_deploy202607_QQQ_v1,1,-0.2,2,30,35,0.35,202606
QQQ,zero_dte,10:55,655,202606,20260618,-0.6,0.4583332257138401,0.1988664042733076,-0.0483772275282707,CALL,0.1988664042733076,-0.6,d35,event_option_mh30trail_clean1000_frozen2025_select2026_d35_return_deploy202607_QQQ_v1,1,-0.2,2,30,35,0.35,202606
QQQ,zero_dte,10:00,600,202606,20260622,-0.6,1.798951254152631,-0.1826581542285531,0.3485779661614923,PUT,0.3485779661614923,1.798951254152631,d35,event_option_mh30trail_clean1000_frozen2025_select2026_d35_return_deploy202607_QQQ_v1,1,-0.2,2,30,35,0.35,202606
QQQ,zero_dte,10:30,630,202606,20260622,-0.6,0.5762712433741606,-0.0632318406719297,-0.0627553320596894,PUT,-0.0627553320596894,0.5762712433741606,d35,event_option_mh30trail_clean1000_frozen2025_select2026_d35_return_deploy202607_QQQ_v1,1,-0.2,2,30,35,0.35,202606
QQQ,zero_dte,10:20,620,202606,20260623,-0.6,0.8706896764344747,-0.0715890795510497,0.3632684148775632,PUT,0.3632684148775632,0.8706896764344747,d35,event_option_mh30trail_clean1000_frozen2025_select2026_d35_return_deploy202607_QQQ_v1,1,-0.2,2,30,35,0.35,202606
QQQ,zero_dte,10:20,620,202606,20260624,1.6781437078729886,-0.6,0.1594382764016192,0.1996541496875074,PUT,0.1996541496875074,-0.6,d35,event_option_mh30trail_clean1000_frozen2025_select2026_d35_return_deploy202607_QQQ_v1,1,-0.2,2,30,35,0.35,202606
QQQ,zero_dte,10:50,650,202606,20260624,-0.6,0.3562499343417595,0.0930505339298013,-0.1448428463478384,CALL,0.0930505339298013,-0.6,d35,event_option_mh30trail_clean1000_frozen2025_select2026_d35_return_deploy202607_QQQ_v1,1,-0.2,2,30,35,0.35,202606
QQQ,zero_dte,10:20,620,202606,20260626,-0.6,0.6123187986398739,0.1304940727205344,0.2521742682322588,PUT,0.2521742682322588,0.6123187986398739,d35,event_option_mh30trail_clean1000_frozen2025_select2026_d35_return_deploy202607_QQQ_v1,1,-0.2,2,30,35,0.35,202606
QQQ,zero_dte,11:30,690,202606,20260626,-0.6,0.504545368832992,0.3475076046274644,-0.1287798978052149,CALL,0.3475076046274644,-0.6,d35,event_option_mh30trail_clean1000_frozen2025_select2026_d35_return_deploy202607_QQQ_v1,1,-0.2,2,30,35,0.35,202606
QQQ,zero_dte,11:30,690,202606,20260629,0.4262589551691593,-0.6,-0.1840421946371164,0.4066123537843256,PUT,0.4066123537843256,-0.6,d35,event_option_mh30trail_clean1000_frozen2025_select2026_d35_return_deploy202607_QQQ_v1,1,-0.2,2,30,35,0.35,202606
QQQ,zero_dte,12:00,720,202606,20260629,0.2500000931322594,-0.6,0.2171202518148591,0.0385908937129657,CALL,0.2171202518148591,0.2500000931322594,d35,event_option_mh30trail_clean1000_frozen2025_select2026_d35_return_deploy202607_QQQ_v1,1,-0.2,2,30,35,0.35,202606
QQQ,zero_dte,10:05,605,202606,20260630,0.4960317970914067,-0.6,-0.1383210906336525,0.1105458196159887,PUT,0.1105458196159887,-0.6,d35,event_option_mh30trail_clean1000_frozen2025_select2026_d35_return_deploy202607_QQQ_v1,1,-0.2,2,30,35,0.35,202606
QQQ,zero_dte,10:35,635,202606,20260630,0.4532966018083,0.75,-0.2647503471831984,0.1276117878626862,PUT,0.1276117878626862,0.75,d35,event_option_mh30trail_clean1000_frozen2025_select2026_d35_return_deploy202607_QQQ_v1,1,-0.2,2,30,35,0.35,202606
QQQ,zero_dte,10:25,625,202601,20260102,0.6837017185896686,0.3629032134017389,-0.2792416363889415,0.2096046044314026,PUT,0.2096046044314026,0.3629032134017389,d50,event_option_mh30trail_clean1000_frozen2025_select2026_d50_return_deploy202607_QQQ_v1,2,0.0,2,30,50,0.5,202601
QQQ,zero_dte,10:55,655,202601,20260102,-0.6,1.743464058398528,-0.360403053931435,0.0763259428485554,PUT,0.0763259428485554,1.743464058398528,d50,event_option_mh30trail_clean1000_frozen2025_select2026_d50_return_deploy202607_QQQ_v1,2,0.0,2,30,50,0.5,202601
QQQ,zero_dte,10:05,605,202601,20260105,-0.6,-0.6,-0.3407051596532106,0.0677570606741485,PUT,0.0677570606741485,-0.6,d50,event_option_mh30trail_clean1000_frozen2025_select2026_d50_return_deploy202607_QQQ_v1,2,0.0,2,30,50,0.5,202601
QQQ,zero_dte,12:10,730,202601,20260105,0.3546511305545463,0.3948597235391877,0.0033652734140612,-0.4018298668801913,CALL,0.0033652734140612,0.3546511305545463,d50,event_option_mh30trail_clean1000_frozen2025_select2026_d50_return_deploy202607_QQQ_v1,2,0.0,2,30,50,0.5,202601
QQQ,zero_dte,13:40,820,202601,20260106,1.2090163357762118,-0.6,-0.265826366312316,0.106186267040955,PUT,0.106186267040955,-0.6,d50,event_option_mh30trail_clean1000_frozen2025_select2026_d50_return_deploy202607_QQQ_v1,2,0.0,2,30,50,0.5,202601
QQQ,zero_dte,14:10,850,202601,20260106,0.3186275036873069,-0.6,-0.4564689790012021,0.1279110609242276,PUT,0.1279110609242276,-0.6,d50,event_option_mh30trail_clean1000_frozen2025_select2026_d50_return_deploy202607_QQQ_v1,2,0.0,2,30,50,0.5,202601
QQQ,zero_dte,10:00,600,202601,20260107,0.3500000340597975,-0.6,0.2168374624812128,-0.5258894623201332,CALL,0.2168374624812128,0.3500000340597975,d50,event_option_mh30trail_clean1000_frozen2025_select2026_d50_return_deploy202607_QQQ_v1,2,0.0,2,30,50,0.5,202601
QQQ,zero_dte,10:40,640,202601,20260107,0.2676469713758869,-0.6,0.0487115127900064,-0.1616778180534466,CALL,0.0487115127900064,0.2676469713758869,d50,event_option_mh30trail_clean1000_frozen2025_select2026_d50_return_deploy202607_QQQ_v1,2,0.0,2,30,50,0.5,202601
QQQ,zero_dte,10:00,600,202601,20260108,0.921875026193448,-0.6,0.2634795935981324,0.0558486398501494,CALL,0.2634795935981324,0.921875026193448,d50,event_option_mh30trail_clean1000_frozen2025_select2026_d50_return_deploy202607_QQQ_v1,2,0.0,2,30,50,0.5,202601
QQQ,zero_dte,11:35,695,202601,20260108,0.7202970577494654,-0.6,0.1561936727102108,0.0019594612155037,CALL,0.1561936727102108,0.7202970577494654,d50,event_option_mh30trail_clean1000_frozen2025_select2026_d50_return_deploy202607_QQQ_v1,2,0.0,2,30,50,0.5,202601
QQQ,zero_dte,10:10,610,202601,20260109,1.7021277685168648,-0.6,-0.2115866988960513,0.1987526935040316,PUT,0.1987526935040316,-0.6,d50,event_option_mh30trail_clean1000_frozen2025_select2026_d50_return_deploy202607_QQQ_v1,2,0.0,2,30,50,0.5,202601
QQQ,zero_dte,10:10,610,202601,20260112,0.3749999767169352,-0.6,0.2314648489133607,-0.5322526373629214,CALL,0.2314648489133607,0.3749999767169352,d50,event_option_mh30trail_clean1000_frozen2025_select2026_d50_return_deploy202607_QQQ_v1,2,0.0,2,30,50,0.5,202601
QQQ,zero_dte,11:10,670,202601,20260112,0.4375000046566129,-0.6,0.1460660093262714,-0.5115164621050625,CALL,0.1460660093262714,0.4375000046566129,d50,event_option_mh30trail_clean1000_frozen2025_select2026_d50_return_deploy202607_QQQ_v1,2,0.0,2,30,50,0.5,202601
QQQ,zero_dte,10:20,620,202601,20260113,0.9053398934708724,-0.6,0.1593667535611012,-0.3031326280993993,CALL,0.1593667535611012,0.9053398934708724,d50,event_option_mh30trail_clean1000_frozen2025_select2026_d50_return_deploy202607_QQQ_v1,2,0.0,2,30,50,0.5,202601
QQQ,zero_dte,10:50,650,202601,20260113,0.525757641875493,-0.6,0.2661134917702026,-0.3811879169609885,CALL,0.2661134917702026,0.525757641875493,d50,event_option_mh30trail_clean1000_frozen2025_select2026_d50_return_deploy202607_QQQ_v1,2,0.0,2,30,50,0.5,202601
QQQ,zero_dte,10:00,600,202601,20260114,0.4970587913552791,-0.6,-0.1376463870073164,0.2500819399247501,PUT,0.2500819399247501,-0.6,d50,event_option_mh30trail_clean1000_frozen2025_select2026_d50_return_deploy202607_QQQ_v1,2,0.0,2,30,50,0.5,202601
QQQ,zero_dte,10:30,630,202601,20260114,-0.6,0.598780512199879,-0.0902574966409196,0.3785031494278462,PUT,0.3785031494278462,0.598780512199879,d50,event_option_mh30trail_clean1000_frozen2025_select2026_d50_return_deploy202607_QQQ_v1,2,0.0,2,30,50,0.5,202601
QQQ,zero_dte,10:00,600,202601,20260115,-0.4601227007325374,0.3293650988878909,-0.2416194004876312,0.2364679484506527,PUT,0.2364679484506527,0.3293650988878909,d50,event_option_mh30trail_clean1000_frozen2025_select2026_d50_return_deploy202607_QQQ_v1,2,0.0,2,30,50,0.5,202601
QQQ,zero_dte,10:30,630,202601,20260115,-0.1582278438035428,0.6820388978765237,-0.212809842249465,0.3032938930835993,PUT,0.3032938930835993,0.6820388978765237,d50,event_option_mh30trail_clean1000_frozen2025_select2026_d50_return_deploy202607_QQQ_v1,2,0.0,2,30,50,0.5,202601
QQQ,zero_dte,10:20,620,202601,20260116,-0.6,0.721428598189841,-0.2166013983842457,0.140942916683893,PUT,0.140942916683893,0.721428598189841,d50,event_option_mh30trail_clean1000_frozen2025_select2026_d50_return_deploy202607_QQQ_v1,2,0.0,2,30,50,0.5,202601
QQQ,zero_dte,13:30,810,202601,20260116,-0.6,0.2992958550509019,-0.2718122646199232,0.1063337047797982,PUT,0.1063337047797982,0.2992958550509019,d50,event_option_mh30trail_clean1000_frozen2025_select2026_d50_return_deploy202607_QQQ_v1,2,0.0,2,30,50,0.5,202601
QQQ,zero_dte,10:05,605,202601,20260120,-0.6,-0.6,0.5269465360810652,0.1751249840816236,CALL,0.5269465360810652,-0.6,d50,event_option_mh30trail_clean1000_frozen2025_select2026_d50_return_deploy202607_QQQ_v1,2,0.0,2,30,50,0.5,202601
QQQ,zero_dte,10:35,635,202601,20260120,-0.6,0.5701058641572923,0.1192659653713314,0.3100149192143004,PUT,0.3100149192143004,0.5701058641572923,d50,event_option_mh30trail_clean1000_frozen2025_select2026_d50_return_deploy202607_QQQ_v1,2,0.0,2,30,50,0.5,202601
QQQ,zero_dte,10:25,625,202601,20260121,0.7552083284826949,-0.6,-0.0703007336277227,0.4447916305097962,PUT,0.4447916305097962,-0.6,d50,event_option_mh30trail_clean1000_frozen2025_select2026_d50_return_deploy202607_QQQ_v1,2,0.0,2,30,50,0.5,202601
QQQ,zero_dte,11:00,660,202601,20260121,-0.6,0.6250001164153245,-0.0618335105300988,0.1437127592707741,PUT,0.1437127592707741,0.6250001164153245,d50,event_option_mh30trail_clean1000_frozen2025_select2026_d50_return_deploy202607_QQQ_v1,2,0.0,2,30,50,0.5,202601
QQQ,zero_dte,10:00,600,202601,20260122,0.3223270110175622,-0.6,0.1976440641211789,0.2878672591121098,PUT,0.2878672591121098,-0.6,d50,event_option_mh30trail_clean1000_frozen2025_select2026_d50_return_deploy202607_QQQ_v1,2,0.0,2,30,50,0.5,202601
QQQ,zero_dte,12:35,755,202601,20260122,-0.6,0.4602803301005336,0.0734789146259776,-0.609118778100154,CALL,0.0734789146259776,-0.6,d50,event_option_mh30trail_clean1000_frozen2025_select2026_d50_return_deploy202607_QQQ_v1,2,0.0,2,30,50,0.5,202601
QQQ,zero_dte,10:25,625,202601,20260123,0.6418918352914265,-0.6,-0.3146092409190911,0.0914854042664112,PUT,0.0914854042664112,-0.6,d50,event_option_mh30trail_clean1000_frozen2025_select2026_d50_return_deploy202607_QQQ_v1,2,0.0,2,30,50,0.5,202601
QQQ,zero_dte,11:30,690,202601,20260123,0.2999999523162842,0.3653846242018708,0.0932432484633844,-0.5999773243209163,CALL,0.0932432484633844,0.2999999523162842,d50,event_option_mh30trail_clean1000_frozen2025_select2026_d50_return_deploy202607_QQQ_v1,2,0.0,2,30,50,0.5,202601
QQQ,zero_dte,10:00,600,202601,20260126,0.25,-0.6,-0.2126728328204424,0.307496337199091,PUT,0.307496337199091,-0.6,d50,event_option_mh30trail_clean1000_frozen2025_select2026_d50_return_deploy202607_QQQ_v1,2,0.0,2,30,50,0.5,202601
QQQ,zero_dte,10:30,630,202601,20260126,0.2702702506778014,-0.6,0.0749794128720869,-0.1902392503729396,CALL,0.0749794128720869,0.2702702506778014,d50,event_option_mh30trail_clean1000_frozen2025_select2026_d50_return_deploy202607_QQQ_v1,2,0.0,2,30,50,0.5,202601
QQQ,zero_dte,10:10,610,202601,20260127,-0.6,-0.1621621665160441,-0.2412457525761545,0.0652473369683383,PUT,0.0652473369683383,-0.1621621665160441,d50,event_option_mh30trail_clean1000_frozen2025_select2026_d50_return_deploy202607_QQQ_v1,2,0.0,2,30,50,0.5,202601
QQQ,zero_dte,10:45,645,202601,20260127,-0.6,0.3333332505491078,-0.093361110826889,0.0083412574045342,PUT,0.0083412574045342,0.3333332505491078,d50,event_option_mh30trail_clean1000_frozen2025_select2026_d50_return_deploy202607_QQQ_v1,2,0.0,2,30,50,0.5,202601
QQQ,zero_dte,10:00,600,202601,20260128,-0.6,0.254504446452745,-0.4183606880412158,0.4575846473699276,PUT,0.4575846473699276,0.254504446452745,d50,event_option_mh30trail_clean1000_frozen2025_select2026_d50_return_deploy202607_QQQ_v1,2,0.0,2,30,50,0.5,202601
QQQ,zero_dte,10:30,630,202601,20260128,-0.3644444677564833,0.5103306175947389,-0.2914939062001856,0.0008619877982975,PUT,0.0008619877982975,0.5103306175947389,d50,event_option_mh30trail_clean1000_frozen2025_select2026_d50_return_deploy202607_QQQ_v1,2,0.0,2,30,50,0.5,202601
QQQ,zero_dte,10:15,615,202601,20260129,-0.6,1.1949340252723697,0.0191570488056316,0.3519962073357723,PUT,0.3519962073357723,1.1949340252723697,d50,event_option_mh30trail_clean1000_frozen2025_select2026_d50_return_deploy202607_QQQ_v1,2,0.0,2,30,50,0.5,202601
QQQ,zero_dte,10:45,645,202601,20260129,1.0603446858391372,0.3152173822904127,-0.1319754052751109,0.3342626327436598,PUT,0.3342626327436598,0.3152173822904127,d50,event_option_mh30trail_clean1000_frozen2025_select2026_d50_return_deploy202607_QQQ_v1,2,0.0,2,30,50,0.5,202601
QQQ,zero_dte,10:00,600,202601,20260130,0.2869457780943121,0.5516878426638498,-0.1225652119596423,0.1997939871277862,PUT,0.1997939871277862,0.5516878426638498,d50,event_option_mh30trail_clean1000_frozen2025_select2026_d50_return_deploy202607_QQQ_v1,2,0.0,2,30,50,0.5,202601
QQQ,zero_dte,10:30,630,202601,20260130,0.9251412124972288,-0.6,-0.2984571416556615,0.0270196875579822,PUT,0.0270196875579822,-0.6,d50,event_option_mh30trail_clean1000_frozen2025_select2026_d50_return_deploy202607_QQQ_v1,2,0.0,2,30,50,0.5,202601
QQQ,zero_dte,10:15,615,202602,20260202,0.3201754248373394,-0.6,-0.0270488772413742,0.386159698586225,PUT,0.386159698586225,-0.6,d50,event_option_mh30trail_clean1000_frozen2025_select2026_d50_return_deploy202607_QQQ_v1,2,0.0,2,30,50,0.5,202602
QQQ,zero_dte,10:45,645,202602,20260202,0.3632076702409963,0.3386075457516564,0.0721543836276876,-0.0097869245679853,CALL,0.0721543836276876,0.3632076702409963,d50,event_option_mh30trail_clean1000_frozen2025_select2026_d50_return_deploy202607_QQQ_v1,2,0.0,2,30,50,0.5,202602
QQQ,zero_dte,10:25,625,202602,20260203,0.3386525266409519,-0.6,-0.1388846491064917,0.3567455916266299,PUT,0.3567455916266299,-0.6,d50,event_option_mh30trail_clean1000_frozen2025_select2026_d50_return_deploy202607_QQQ_v1,2,0.0,2,30,50,0.5,202602
QQQ,zero_dte,11:30,690,202602,20260203,-0.6,0.5729167074120303,-0.2305303906821719,0.1506489883254847,PUT,0.1506489883254847,0.5729167074120303,d50,event_option_mh30trail_clean1000_frozen2025_select2026_d50_return_deploy202607_QQQ_v1,2,0.0,2,30,50,0.5,202602
QQQ,zero_dte,10:00,600,202602,20260204,0.431159377724051,0.6970587352567916,0.3568858197333353,0.1514861013079356,CALL,0.3568858197333353,0.431159377724051,d50,event_option_mh30trail_clean1000_frozen2025_select2026_d50_return_deploy202607_QQQ_v1,2,0.0,2,30,50,0.5,202602
QQQ,zero_dte,10:35,635,202602,20260204,0.3269230980844899,0.8650158605478357,0.3954680215897313,-0.2067673242808501,CALL,0.3954680215897313,0.3269230980844899,d50,event_option_mh30trail_clean1000_frozen2025_select2026_d50_return_deploy202607_QQQ_v1,2,0.0,2,30,50,0.5,202602
QQQ,zero_dte,10:15,615,202602,20260205,0.5145631511807622,-0.6,0.2363884388644246,0.0046728127834138,CALL,0.2363884388644246,0.5145631511807622,d50,event_option_mh30trail_clean1000_frozen2025_select2026_d50_return_deploy202607_QQQ_v1,2,0.0,2,30,50,0.5,202602
QQQ,zero_dte,10:50,650,202602,20260205,0.6352940198871944,-0.6,0.0610171655080235,0.0125290361809069,CALL,0.0610171655080235,0.6352940198871944,d50,event_option_mh30trail_clean1000_frozen2025_select2026_d50_return_deploy202607_QQQ_v1,2,0.0,2,30,50,0.5,202602
QQQ,zero_dte,11:05,665,202602,20260206,0.3015463410737438,-0.6,-0.4254910167340225,0.1974651544172983,PUT,0.1974651544172983,-0.6,d50,event_option_mh30trail_clean1000_frozen2025_select2026_d50_return_deploy202607_QQQ_v1,2,0.0,2,30,50,0.5,202602
QQQ,zero_dte,11:35,695,202602,20260206,0.2837423357751247,0.2790322312703357,-0.3472049479321956,0.2976108610421104,PUT,0.2976108610421104,0.2790322312703357,d50,event_option_mh30trail_clean1000_frozen2025_select2026_d50_return_deploy202607_QQQ_v1,2,0.0,2,30,50,0.5,202602
QQQ,zero_dte,10:10,610,202602,20260209,0.5423496691095451,-0.6,0.116403494532146,0.0565282476773162,CALL,0.116403494532146,0.5423496691095451,d50,event_option_mh30trail_clean1000_frozen2025_select2026_d50_return_deploy202607_QQQ_v1,2,0.0,2,30,50,0.5,202602
QQQ,zero_dte,10:40,640,202602,20260209,0.5986841960792064,-0.6,0.270435491684292,0.3521547979555782,PUT,0.3521547979555782,-0.6,d50,event_option_mh30trail_clean1000_frozen2025_select2026_d50_return_deploy202607_QQQ_v1,2,0.0,2,30,50,0.5,202602
QQQ,zero_dte,10:05,605,202602,20260210,-0.6,0.2592024818057736,0.1308454805833857,0.1343604802278385,PUT,0.1343604802278385,0.2592024818057736,d50,event_option_mh30trail_clean1000_frozen2025_select2026_d50_return_deploy202607_QQQ_v1,2,0.0,2,30,50,0.5,202602
QQQ,zero_dte,10:35,635,202602,20260210,-0.6,0.3680554382779026,0.1068464947151763,0.0594504840966455,CALL,0.1068464947151763,-0.6,d50,event_option_mh30trail_clean1000_frozen2025_select2026_d50_return_deploy202607_QQQ_v1,2,0.0,2,30,50,0.5,202602
QQQ,zero_dte,10:20,620,202602,20260211,0.3957143511090959,-0.6,0.3345248574723388,0.0883631096793129,CALL,0.3345248574723388,0.3957143511090959,d50,event_option_mh30trail_clean1000_frozen2025_select2026_d50_return_deploy202607_QQQ_v1,2,0.0,2,30,50,0.5,202602
QQQ,zero_dte,10:00,600,202602,20260212,-0.6,0.4068628321790291,0.2718944564660514,-0.1515104460447614,CALL,0.2718944564660514,-0.6,d50,event_option_mh30trail_clean1000_frozen2025_select2026_d50_return_deploy202607_QQQ_v1,2,0.0,2,30,50,0.5,202602
QQQ,zero_dte,10:35,635,202602,20260212,-0.6,1.619999885559082,0.2700219213138403,-0.0844212172635775,CALL,0.2700219213138403,-0.6,d50,event_option_mh30trail_clean1000_frozen2025_select2026_d50_return_deploy202607_QQQ_v1,2,0.0,2,30,50,0.5,202602
QQQ,zero_dte,10:30,630,202602,20260213,-0.0797545985349251,0.8363636605010538,-0.2972933872991734,0.1365813094394313,PUT,0.1365813094394313,0.8363636605010538,d50,event_option_mh30trail_clean1000_frozen2025_select2026_d50_return_deploy202607_QQQ_v1,2,0.0,2,30,50,0.5,202602
QQQ,zero_dte,11:10,670,202602,20260213,0.2529940448890799,-0.6,0.244559817006821,-0.3105896154312531,CALL,0.244559817006821,0.2529940448890799,d50,event_option_mh30trail_clean1000_frozen2025_select2026_d50_return_deploy202607_QQQ_v1,2,0.0,2,30,50,0.5,202602
QQQ,zero_dte,10:00,600,202602,20260217,0.3737943283207934,-0.6,-0.03008039014515,0.0813425712492334,PUT,0.0813425712492334,-0.6,d50,event_option_mh30trail_clean1000_frozen2025_select2026_d50_return_deploy202607_QQQ_v1,2,0.0,2,30,50,0.5,202602
QQQ,zero_dte,10:30,630,202602,20260217,0.5414894506369023,-0.6,0.2228133656661041,0.1846685523871594,CALL,0.2228133656661041,0.5414894506369023,d50,event_option_mh30trail_clean1000_frozen2025_select2026_d50_return_deploy202607_QQQ_v1,2,0.0,2,30,50,0.5,202602
QQQ,zero_dte,10:05,605,202602,20260218,0.1605504100526018,-0.6,-0.2349144433514763,0.4379996138683364,PUT,0.4379996138683364,-0.6,d50,event_option_mh30trail_clean1000_frozen2025_select2026_d50_return_deploy202607_QQQ_v1,2,0.0,2,30,50,0.5,202602
QQQ,zero_dte,10:45,645,202602,20260218,-0.6,-0.6,0.1457258042168465,0.0911098045756485,CALL,0.1457258042168465,-0.6,d50,event_option_mh30trail_clean1000_frozen2025_select2026_d50_return_deploy202607_QQQ_v1,2,0.0,2,30,50,0.5,202602
QQQ,zero_dte,10:05,605,202602,20260219,-0.6,0.3148534917895726,-0.0471577808332006,0.4524594247532547,PUT,0.4524594247532547,0.3148534917895726,d50,event_option_mh30trail_clean1000_frozen2025_select2026_d50_return_deploy202607_QQQ_v1,2,0.0,2,30,50,0.5,202602
QQQ,zero_dte,10:35,635,202602,20260219,-0.6,0.5644329263421799,0.0352178580006775,0.2667366548993956,PUT,0.2667366548993956,0.5644329263421799,d50,event_option_mh30trail_clean1000_frozen2025_select2026_d50_return_deploy202607_QQQ_v1,2,0.0,2,30,50,0.5,202602
QQQ,zero_dte,10:45,645,202602,20260220,0.2865854481158709,0.2529239040414039,-0.5961913963649507,0.2160458619425899,PUT,0.2160458619425899,0.2529239040414039,d50,event_option_mh30trail_clean1000_frozen2025_select2026_d50_return_deploy202607_QQQ_v1,2,0.0,2,30,50,0.5,202602
QQQ,zero_dte,11:35,695,202602,20260220,0.6486485855173603,0.6357142584664481,-0.4973373273210372,0.0325671544122389,PUT,0.0325671544122389,0.6357142584664481,d50,event_option_mh30trail_clean1000_frozen2025_select2026_d50_return_deploy202607_QQQ_v1,2,0.0,2,30,50,0.5,202602
QQQ,zero_dte,10:05,605,202602,20260223,-0.6,0.8876518820443882,0.3168459822463375,-0.039402576130371,CALL,0.3168459822463375,-0.6,d50,event_option_mh30trail_clean1000_frozen2025_select2026_d50_return_deploy202607_QQQ_v1,2,0.0,2,30,50,0.5,202602
QQQ,zero_dte,10:35,635,202602,20260223,-0.6,1.0326085505841611,0.3096825331755496,0.0216821010329765,CALL,0.3096825331755496,-0.6,d50,event_option_mh30trail_clean1000_frozen2025_select2026_d50_return_deploy202607_QQQ_v1,2,0.0,2,30,50,0.5,202602
QQQ,zero_dte,10:30,630,202602,20260224,-0.3988439593139388,-0.6,0.1876021991501256,-0.1443876557269446,CALL,0.1876021991501256,-0.3988439593139388,d50,event_option_mh30trail_clean1000_frozen2025_select2026_d50_return_deploy202607_QQQ_v1,2,0.0,2,30,50,0.5,202602
QQQ,zero_dte,11:00,660,202602,20260224,0.3434959412629672,-0.6,0.0656327130185893,0.0246859262572389,CALL,0.0656327130185893,0.3434959412629672,d50,event_option_mh30trail_clean1000_frozen2025_select2026_d50_return_deploy202607_QQQ_v1,2,0.0,2,30,50,0.5,202602
QQQ,zero_dte,10:00,600,202602,20260225,-0.1287553485577415,-0.3121693321927086,-0.4915848265397909,0.3130106060422988,PUT,0.3130106060422988,-0.3121693321927086,d50,event_option_mh30trail_clean1000_frozen2025_select2026_d50_return_deploy202607_QQQ_v1,2,0.0,2,30,50,0.5,202602
QQQ,zero_dte,10:30,630,202602,20260225,-0.0520832848269481,-0.1931818381937083,-0.0582523240269366,0.1339346732911774,PUT,0.1339346732911774,-0.1931818381937083,d50,event_option_mh30trail_clean1000_frozen2025_select2026_d50_return_deploy202607_QQQ_v1,2,0.0,2,30,50,0.5,202602
QQQ,zero_dte,10:20,620,202602,20260226,0.2576336718391974,-0.6,0.2174760332504322,0.203805701622379,CALL,0.2174760332504322,0.2576336718391974,d50,event_option_mh30trail_clean1000_frozen2025_select2026_d50_return_deploy202607_QQQ_v1,2,0.0,2,30,50,0.5,202602
QQQ,zero_dte,12:50,770,202602,20260226,0.2594339905563751,-0.6,0.0668684971950211,0.1389502480009372,PUT,0.1389502480009372,-0.6,d50,event_option_mh30trail_clean1000_frozen2025_select2026_d50_return_deploy202607_QQQ_v1,2,0.0,2,30,50,0.5,202602
QQQ,zero_dte,10:10,610,202602,20260227,-0.5609755991187428,-0.6,-0.3412321928643619,0.3804923814720803,PUT,0.3804923814720803,-0.6,d50,event_option_mh30trail_clean1000_frozen2025_select2026_d50_return_deploy202607_QQQ_v1,2,0.0,2,30,50,0.5,202602
QQQ,zero_dte,10:45,645,202602,20260227,-0.6,0.4999999172157745,-0.405994892711927,0.1282795639733849,PUT,0.1282795639733849,0.4999999172157745,d50,event_option_mh30trail_clean1000_frozen2025_select2026_d50_return_deploy202607_QQQ_v1,2,0.0,2,30,50,0.5,202602
QQQ,zero_dte,10:10,610,202603,20260302,0.3829114229666515,0.2871428898402623,0.2584090361818711,0.2938335890124652,PUT,0.2938335890124652,0.2871428898402623,d50,event_option_mh30trail_clean1000_frozen2025_select2026_d50_return_deploy202607_QQQ_v1,2,0.0,2,30,50,0.5,202603
QQQ,zero_dte,10:40,640,202603,20260302,0.25,-0.6,0.3050811521389876,0.2173371561212074,CALL,0.3050811521389876,0.25,d50,event_option_mh30trail_clean1000_frozen2025_select2026_d50_return_deploy202607_QQQ_v1,2,0.0,2,30,50,0.5,202603
QQQ,zero_dte,10:25,625,202603,20260303,0.4667382536380835,-0.6,0.5065732647641248,-0.3982476073943982,CALL,0.5065732647641248,0.4667382536380835,d50,event_option_mh30trail_clean1000_frozen2025_select2026_d50_return_deploy202607_QQQ_v1,2,0.0,2,30,50,0.5,202603
QQQ,zero_dte,10:55,655,202603,20260303,1.656976615241445,-0.6,0.5382608511480529,-0.3432918441287899,CALL,0.5382608511480529,1.656976615241445,d50,event_option_mh30trail_clean1000_frozen2025_select2026_d50_return_deploy202607_QQQ_v1,2,0.0,2,30,50,0.5,202603
QQQ,zero_dte,10:30,630,202603,20260304,0.1168831631272344,0.4202128259938138,-0.3407410180736341,0.2654286225405214,PUT,0.2654286225405214,0.4202128259938138,d50,event_option_mh30trail_clean1000_frozen2025_select2026_d50_return_deploy202607_QQQ_v1,2,0.0,2,30,50,0.5,202603
QQQ,zero_dte,11:00,660,202603,20260304,0.0999999841054279,0.5921052549024037,-0.2626248370484539,0.2325097942334353,PUT,0.2325097942334353,0.5921052549024037,d50,event_option_mh30trail_clean1000_frozen2025_select2026_d50_return_deploy202607_QQQ_v1,2,0.0,2,30,50,0.5,202603
QQQ,zero_dte,10:00,600,202603,20260305,-0.6,2.427018648257001,0.0104715529896757,0.5285761877375641,PUT,0.5285761877375641,2.427018648257001,d50,event_option_mh30trail_clean1000_frozen2025_select2026_d50_return_deploy202607_QQQ_v1,2,0.0,2,30,50,0.5,202603
QQQ,zero_dte,10:30,630,202603,20260305,0.7435483930510365,-0.6,0.3384909416386976,-0.1368157226429768,CALL,0.3384909416386976,0.7435483930510365,d50,event_option_mh30trail_clean1000_frozen2025_select2026_d50_return_deploy202607_QQQ_v1,2,0.0,2,30,50,0.5,202603
QQQ,zero_dte,10:20,620,202603,20260306,0.2581967133022516,-0.6,0.0014542329657253,-0.2704665695111877,CALL,0.0014542329657253,0.2581967133022516,d50,event_option_mh30trail_clean1000_frozen2025_select2026_d50_return_deploy202607_QQQ_v1,2,0.0,2,30,50,0.5,202603
QQQ,zero_dte,10:55,655,202603,20260306,-0.4666666555125807,0.3500000866976664,0.1517099741926195,-0.1732982843209072,CALL,0.1517099741926195,-0.4666666555125807,d50,event_option_mh30trail_clean1000_frozen2025_select2026_d50_return_deploy202607_QQQ_v1,2,0.0,2,30,50,0.5,202603
QQQ,zero_dte,10:15,615,202603,20260309,1.0590908744118432,-0.6,0.5014052889930528,-0.2646341190171278,CALL,0.5014052889930528,1.0590908744118432,d50,event_option_mh30trail_clean1000_frozen2025_select2026_d50_return_deploy202607_QQQ_v1,2,0.0,2,30,50,0.5,202603
QQQ,zero_dte,10:45,645,202603,20260309,0.3879310610603359,-0.6,0.2036975950639935,-0.0775178976360449,CALL,0.2036975950639935,0.3879310610603359,d50,event_option_mh30trail_clean1000_frozen2025_select2026_d50_return_deploy202607_QQQ_v1,2,0.0,2,30,50,0.5,202603
QQQ,zero_dte,10:00,600,202603,20260310,0.9539800245559276,-0.6,-0.0557044145103832,0.1083732481469509,PUT,0.1083732481469509,-0.6,d50,event_option_mh30trail_clean1000_frozen2025_select2026_d50_return_deploy202607_QQQ_v1,2,0.0,2,30,50,0.5,202603
QQQ,zero_dte,10:30,630,202603,20260310,0.733805683647893,-0.6,-0.0572727290487882,0.1893704908213502,PUT,0.1893704908213502,-0.6,d50,event_option_mh30trail_clean1000_frozen2025_select2026_d50_return_deploy202607_QQQ_v1,2,0.0,2,30,50,0.5,202603
QQQ,zero_dte,10:00,600,202603,20260311,-0.6,1.3214287538917753,0.1641802703037278,0.5843912760447186,PUT,0.5843912760447186,1.3214287538917753,d50,event_option_mh30trail_clean1000_frozen2025_select2026_d50_return_deploy202607_QQQ_v1,2,0.0,2,30,50,0.5,202603
QQQ,zero_dte,10:30,630,202603,20260311,-0.6,0.399122823528526,0.1715554470412262,0.251432990814139,PUT,0.251432990814139,0.399122823528526,d50,event_option_mh30trail_clean1000_frozen2025_select2026_d50_return_deploy202607_QQQ_v1,2,0.0,2,30,50,0.5,202603
QQQ,zero_dte,10:30,630,202603,20260312,0.3182819262960989,-0.6,0.3763978917096206,-0.3529963874302292,CALL,0.3763978917096206,0.3182819262960989,d50,event_option_mh30trail_clean1000_frozen2025_select2026_d50_return_deploy202607_QQQ_v1,2,0.0,2,30,50,0.5,202603
QQQ,zero_dte,11:15,675,202603,20260312,0.614734308975976,-0.6,0.369437153031625,-0.3928769908538507,CALL,0.369437153031625,0.614734308975976,d50,event_option_mh30trail_clean1000_frozen2025_select2026_d50_return_deploy202607_QQQ_v1,2,0.0,2,30,50,0.5,202603
QQQ,zero_dte,10:35,635,202603,20260313,-0.6,0.9872263113522136,-0.4099858399966081,0.1572397144143651,PUT,0.1572397144143651,0.9872263113522136,d50,event_option_mh30trail_clean1000_frozen2025_select2026_d50_return_deploy202607_QQQ_v1,2,0.0,2,30,50,0.5,202603
QQQ,zero_dte,11:05,665,202603,20260313,-0.6,0.2681817462621656,-0.0076559227466353,0.0743935360097016,PUT,0.0743935360097016,0.2681817462621656,d50,event_option_mh30trail_clean1000_frozen2025_select2026_d50_return_deploy202607_QQQ_v1,2,0.0,2,30,50,0.5,202603
QQQ,zero_dte,10:10,610,202603,20260316,-0.6,0.9568965120349584,-0.4849608901810849,0.3538334321897002,PUT,0.3538334321897002,0.9568965120349584,d50,event_option_mh30trail_clean1000_frozen2025_select2026_d50_return_deploy202607_QQQ_v1,2,0.0,2,30,50,0.5,202603
QQQ,zero_dte,10:40,640,202603,20260316,0.4187500228174028,-0.6,-0.2147870487660794,0.1456113833203919,PUT,0.1456113833203919,-0.6,d50,event_option_mh30trail_clean1000_frozen2025_select2026_d50_return_deploy202607_QQQ_v1,2,0.0,2,30,50,0.5,202603
QQQ,zero_dte,10:00,600,202603,20260317,-0.6,0.4689543553075794,0.0575382604849554,0.0804657033803406,PUT,0.0804657033803406,0.4689543553075794,d50,event_option_mh30trail_clean1000_frozen2025_select2026_d50_return_deploy202607_QQQ_v1,2,0.0,2,30,50,0.5,202603
QQQ,zero_dte,10:35,635,202603,20260317,-0.6,0.2539999961853028,0.2025184596881654,-0.1631486419057958,CALL,0.2025184596881654,-0.6,d50,event_option_mh30trail_clean1000_frozen2025_select2026_d50_return_deploy202607_QQQ_v1,2,0.0,2,30,50,0.5,202603
QQQ,zero_dte,10:25,625,202603,20260318,-0.4502924113180504,0.0645161538416838,0.245467640455695,-0.063823603664786,CALL,0.245467640455695,-0.4502924113180504,d50,event_option_mh30trail_clean1000_frozen2025_select2026_d50_return_deploy202607_QQQ_v1,2,0.0,2,30,50,0.5,202603
QQQ,zero_dte,10:55,655,202603,20260318,0.25769230016825,-0.2832617975247035,0.3401115131532006,-0.3231150034907272,CALL,0.3401115131532006,0.25769230016825,d50,event_option_mh30trail_clean1000_frozen2025_select2026_d50_return_deploy202607_QQQ_v1,2,0.0,2,30,50,0.5,202603
QQQ,zero_dte,10:00,600,202603,20260319,-0.6,0.527777851363761,0.3074935708847854,-0.4101765214469725,CALL,0.3074935708847854,-0.6,d50,event_option_mh30trail_clean1000_frozen2025_select2026_d50_return_deploy202607_QQQ_v1,2,0.0,2,30,50,0.5,202603
QQQ,zero_dte,10:35,635,202603,20260319,-0.6,0.3921052235315376,0.2991992651867779,-0.3548793091901706,CALL,0.2991992651867779,-0.6,d50,event_option_mh30trail_clean1000_frozen2025_select2026_d50_return_deploy202607_QQQ_v1,2,0.0,2,30,50,0.5,202603
QQQ,zero_dte,10:00,600,202603,20260320,-0.4329004436237065,-0.6,-0.0061811847593068,0.0385373763745449,PUT,0.0385373763745449,-0.6,d50,event_option_mh30trail_clean1000_frozen2025_select2026_d50_return_deploy202607_QQQ_v1,2,0.0,2,30,50,0.5,202603
QQQ,zero_dte,11:05,665,202603,20260320,0.4783950272065769,-0.6,0.2560235029441592,-0.4195822470731777,CALL,0.2560235029441592,0.4783950272065769,d50,event_option_mh30trail_clean1000_frozen2025_select2026_d50_return_deploy202607_QQQ_v1,2,0.0,2,30,50,0.5,202603
QQQ,zero_dte,10:20,620,202603,20260323,-0.6,0.4364864028919528,-0.1733837271320595,0.2887086385461059,PUT,0.2887086385461059,0.4364864028919528,d50,event_option_mh30trail_clean1000_frozen2025_select2026_d50_return_deploy202607_QQQ_v1,2,0.0,2,30,50,0.5,202603
QQQ,zero_dte,11:15,675,202603,20260323,-0.6,1.4586615030583283,-0.2879041248244005,0.1685736715668194,PUT,0.1685736715668194,1.4586615030583283,d50,event_option_mh30trail_clean1000_frozen2025_select2026_d50_return_deploy202607_QQQ_v1,2,0.0,2,30,50,0.5,202603
QQQ,zero_dte,10:55,655,202603,20260324,-0.6,0.5921052778343228,0.431107036648439,-0.3146010535471674,CALL,0.431107036648439,-0.6,d50,event_option_mh30trail_clean1000_frozen2025_select2026_d50_return_deploy202607_QQQ_v1,2,0.0,2,30,50,0.5,202603
QQQ,zero_dte,11:25,685,202603,20260324,-0.6,0.3658191671836892,0.3225451786825717,-0.3659721865474831,CALL,0.3225451786825717,-0.6,d50,event_option_mh30trail_clean1000_frozen2025_select2026_d50_return_deploy202607_QQQ_v1,2,0.0,2,30,50,0.5,202603
QQQ,zero_dte,10:00,600,202603,20260325,0.8111111869046739,-0.6,0.1016955932005772,-0.3418812493097095,CALL,0.1016955932005772,0.8111111869046739,d50,event_option_mh30trail_clean1000_frozen2025_select2026_d50_return_deploy202607_QQQ_v1,2,0.0,2,30,50,0.5,202603
QQQ,zero_dte,10:35,635,202603,20260325,-0.6,1.2208739291128308,-0.0334599952975776,0.2384635421741553,PUT,0.2384635421741553,1.2208739291128308,d50,event_option_mh30trail_clean1000_frozen2025_select2026_d50_return_deploy202607_QQQ_v1,2,0.0,2,30,50,0.5,202603
QQQ,zero_dte,10:00,600,202603,20260326,-0.6,0.3661138651032132,0.3466471381009427,-0.4634415145309024,CALL,0.3466471381009427,-0.6,d50,event_option_mh30trail_clean1000_frozen2025_select2026_d50_return_deploy202607_QQQ_v1,2,0.0,2,30,50,0.5,202603
QQQ,zero_dte,10:30,630,202603,20260326,-0.6,0.9651162089561384,0.3066421654670846,-0.4072416132946594,CALL,0.3066421654670846,-0.6,d50,event_option_mh30trail_clean1000_frozen2025_select2026_d50_return_deploy202607_QQQ_v1,2,0.0,2,30,50,0.5,202603
QQQ,zero_dte,10:00,600,202603,20260327,-0.6,-0.6,0.4616064134783368,0.0407751348046764,CALL,0.4616064134783368,-0.6,d50,event_option_mh30trail_clean1000_frozen2025_select2026_d50_return_deploy202607_QQQ_v1,2,0.0,2,30,50,0.5,202603
QQQ,zero_dte,10:30,630,202603,20260327,0.3138298216369046,-0.6,0.4913262403251465,-0.518541620539875,CALL,0.4913262403251465,0.3138298216369046,d50,event_option_mh30trail_clean1000_frozen2025_select2026_d50_return_deploy202607_QQQ_v1,2,0.0,2,30,50,0.5,202603
QQQ,zero_dte,10:00,600,202603,20260330,-0.6,-0.6,0.2742474502940545,-0.1819209269147964,CALL,0.2742474502940545,-0.6,d50,event_option_mh30trail_clean1000_frozen2025_select2026_d50_return_deploy202607_QQQ_v1,2,0.0,2,30,50,0.5,202603
QQQ,zero_dte,10:35,635,202603,20260330,0.7040230326048367,-0.6,0.2976979483309325,-0.2030285897130265,CALL,0.2976979483309325,0.7040230326048367,d50,event_option_mh30trail_clean1000_frozen2025_select2026_d50_return_deploy202607_QQQ_v1,2,0.0,2,30,50,0.5,202603
QQQ,zero_dte,10:00,600,202603,20260331,-0.6,1.0055065764667206,-0.0854338804480579,0.3067356638189698,PUT,0.3067356638189698,1.0055065764667206,d50,event_option_mh30trail_clean1000_frozen2025_select2026_d50_return_deploy202607_QQQ_v1,2,0.0,2,30,50,0.5,202603
QQQ,zero_dte,10:30,630,202603,20260331,-0.6,1.2234299761731149,-0.1096960558098821,0.3442808076648871,PUT,0.3442808076648871,1.2234299761731149,d50,event_option_mh30trail_clean1000_frozen2025_select2026_d50_return_deploy202607_QQQ_v1,2,0.0,2,30,50,0.5,202603
QQQ,zero_dte,10:15,615,202604,20260402,1.9839620326073837,-0.6,0.1530966704446381,-0.0039780128432257,CALL,0.1530966704446381,1.9839620326073837,d50,event_option_mh30trail_clean1000_frozen2025_select2026_d50_return_deploy202607_QQQ_v1,2,0.0,2,30,50,0.5,202604
QQQ,zero_dte,10:45,645,202604,20260402,-0.6,0.3055555020384788,-0.1197000941781418,0.0010678151934283,PUT,0.0010678151934283,0.3055555020384788,d50,event_option_mh30trail_clean1000_frozen2025_select2026_d50_return_deploy202607_QQQ_v1,2,0.0,2,30,50,0.5,202604
QQQ,zero_dte,10:00,600,202604,20260406,-0.6,0.7113260025106398,-0.0591370237152267,0.1316443150140686,PUT,0.1316443150140686,0.7113260025106398,d50,event_option_mh30trail_clean1000_frozen2025_select2026_d50_return_deploy202607_QQQ_v1,2,0.0,2,30,50,0.5,202604
QQQ,zero_dte,10:50,650,202604,20260406,-0.4416243614890341,-0.6,-0.0518617935561002,0.0341853888881617,PUT,0.0341853888881617,-0.6,d50,event_option_mh30trail_clean1000_frozen2025_select2026_d50_return_deploy202607_QQQ_v1,2,0.0,2,30,50,0.5,202604
QQQ,zero_dte,10:10,610,202604,20260407,0.3813725196870638,0.2683246837942332,0.2359083216197541,-0.4031478786437636,CALL,0.2359083216197541,0.3813725196870638,d50,event_option_mh30trail_clean1000_frozen2025_select2026_d50_return_deploy202607_QQQ_v1,2,0.0,2,30,50,0.5,202604
QQQ,zero_dte,11:00,660,202604,20260407,0.4840425525169234,-0.6,0.331676188763268,-0.1715104291434411,CALL,0.331676188763268,0.4840425525169234,d50,event_option_mh30trail_clean1000_frozen2025_select2026_d50_return_deploy202607_QQQ_v1,2,0.0,2,30,50,0.5,202604
QQQ,zero_dte,10:00,600,202604,20260408,-0.6,0.4150718478410284,-0.4734448850669807,0.24131087168238,PUT,0.24131087168238,0.4150718478410284,d50,event_option_mh30trail_clean1000_frozen2025_select2026_d50_return_deploy202607_QQQ_v1,2,0.0,2,30,50,0.5,202604
QQQ,zero_dte,10:30,630,202604,20260408,0.429775313255899,0.9018987360873144,-0.2187512029752277,0.0389532919746202,PUT,0.0389532919746202,0.9018987360873144,d50,event_option_mh30trail_clean1000_frozen2025_select2026_d50_return_deploy202607_QQQ_v1,2,0.0,2,30,50,0.5,202604
QQQ,zero_dte,10:00,600,202604,20260410,0.353305781867105,-0.6,-0.100214871912835,0.0649450336108523,PUT,0.0649450336108523,-0.6,d50,event_option_mh30trail_clean1000_frozen2025_select2026_d50_return_deploy202607_QQQ_v1,2,0.0,2,30,50,0.5,202604
QQQ,zero_dte,10:30,630,202604,20260410,-0.6,0.3333333488553767,0.1299121335886919,0.1734687199412214,PUT,0.1734687199412214,0.3333333488553767,d50,event_option_mh30trail_clean1000_frozen2025_select2026_d50_return_deploy202607_QQQ_v1,2,0.0,2,30,50,0.5,202604
QQQ,zero_dte,10:00,600,202604,20260413,0.2602040717026832,0.4056291495293442,0.3356433669129288,0.3021279370044749,CALL,0.3356433669129288,0.2602040717026832,d50,event_option_mh30trail_clean1000_frozen2025_select2026_d50_return_deploy202607_QQQ_v1,2,0.0,2,30,50,0.5,202604
QQQ,zero_dte,10:30,630,202604,20260413,0.3205129086853753,-0.6,0.3810956619214525,-0.3360577489812735,CALL,0.3810956619214525,0.3205129086853753,d50,event_option_mh30trail_clean1000_frozen2025_select2026_d50_return_deploy202607_QQQ_v1,2,0.0,2,30,50,0.5,202604
QQQ,zero_dte,10:15,615,202604,20260414,0.8870968346665227,-0.6,-0.4102921344483665,0.2342904574098296,PUT,0.2342904574098296,-0.6,d50,event_option_mh30trail_clean1000_frozen2025_select2026_d50_return_deploy202607_QQQ_v1,2,0.0,2,30,50,0.5,202604
QQQ,zero_dte,11:50,710,202604,20260414,0.4166666903193041,-0.6,0.105778622293236,0.1697146953334594,PUT,0.1697146953334594,-0.6,d50,event_option_mh30trail_clean1000_frozen2025_select2026_d50_return_deploy202607_QQQ_v1,2,0.0,2,30,50,0.5,202604
QQQ,zero_dte,10:00,600,202604,20260416,0.2812500640284283,-0.6,0.2469453606180853,0.0809433710373436,CALL,0.2469453606180853,0.2812500640284283,d50,event_option_mh30trail_clean1000_frozen2025_select2026_d50_return_deploy202607_QQQ_v1,2,0.0,2,30,50,0.5,202604
QQQ,zero_dte,10:45,645,202604,20260416,0.5028089526445778,-0.6,-0.0877761331851579,0.1626293285879163,PUT,0.1626293285879163,-0.6,d50,event_option_mh30trail_clean1000_frozen2025_select2026_d50_return_deploy202607_QQQ_v1,2,0.0,2,30,50,0.5,202604
QQQ,zero_dte,10:00,600,202604,20260417,0.4977876390937688,-0.6,-0.7141052667047555,0.6486810630572161,PUT,0.6486810630572161,-0.6,d50,event_option_mh30trail_clean1000_frozen2025_select2026_d50_return_deploy202607_QQQ_v1,2,0.0,2,30,50,0.5,202604
QQQ,zero_dte,10:30,630,202604,20260417,0.8157895686223577,-0.6,-0.5120066506143466,0.0929950991838181,PUT,0.0929950991838181,-0.6,d50,event_option_mh30trail_clean1000_frozen2025_select2026_d50_return_deploy202607_QQQ_v1,2,0.0,2,30,50,0.5,202604
QQQ,zero_dte,10:00,600,202604,20260420,-0.6,0.2748619213903622,0.1668010035557007,0.0377332276741245,CALL,0.1668010035557007,-0.6,d50,event_option_mh30trail_clean1000_frozen2025_select2026_d50_return_deploy202607_QQQ_v1,2,0.0,2,30,50,0.5,202604
QQQ,zero_dte,10:30,630,202604,20260420,-0.6,1.001798666656947,0.0608490320792581,0.0757256466332982,PUT,0.0757256466332982,1.001798666656947,d50,event_option_mh30trail_clean1000_frozen2025_select2026_d50_return_deploy202607_QQQ_v1,2,0.0,2,30,50,0.5,202604
QQQ,zero_dte,10:00,600,202604,20260421,-0.6,0.2705479250725544,-0.016432872987567,0.3155884582339504,PUT,0.3155884582339504,0.2705479250725544,d50,event_option_mh30trail_clean1000_frozen2025_select2026_d50_return_deploy202607_QQQ_v1,2,0.0,2,30,50,0.5,202604
QQQ,zero_dte,10:30,630,202604,20260421,-0.6,1.0092591840380352,0.0449859189832038,0.151145257773433,PUT,0.151145257773433,1.0092591840380352,d50,event_option_mh30trail_clean1000_frozen2025_select2026_d50_return_deploy202607_QQQ_v1,2,0.0,2,30,50,0.5,202604
QQQ,zero_dte,10:05,605,202604,20260422,1.0876623336411102,-0.6,0.026743130274183,0.3560698064514849,PUT,0.3560698064514849,-0.6,d50,event_option_mh30trail_clean1000_frozen2025_select2026_d50_return_deploy202607_QQQ_v1,2,0.0,2,30,50,0.5,202604
QQQ,zero_dte,10:35,635,202604,20260422,0.2828947058840136,-0.6,-0.2938570425618724,0.4148654210539176,PUT,0.4148654210539176,-0.6,d50,event_option_mh30trail_clean1000_frozen2025_select2026_d50_return_deploy202607_QQQ_v1,2,0.0,2,30,50,0.5,202604
QQQ,zero_dte,10:00,600,202604,20260423,0.8583332257138401,-0.6,0.2019731446034631,0.1510659202860513,CALL,0.2019731446034631,0.8583332257138401,d50,event_option_mh30trail_clean1000_frozen2025_select2026_d50_return_deploy202607_QQQ_v1,2,0.0,2,30,50,0.5,202604
QQQ,zero_dte,10:45,645,202604,20260423,0.4861962772913397,-0.6,0.0580421524785524,0.0291454728942789,CALL,0.0580421524785524,0.4861962772913397,d50,event_option_mh30trail_clean1000_frozen2025_select2026_d50_return_deploy202607_QQQ_v1,2,0.0,2,30,50,0.5,202604
QQQ,zero_dte,10:00,600,202604,20260424,0.4264704851130743,-0.6,-0.1073076080800041,0.3984256054073461,PUT,0.3984256054073461,-0.6,d50,event_option_mh30trail_clean1000_frozen2025_select2026_d50_return_deploy202607_QQQ_v1,2,0.0,2,30,50,0.5,202604
QQQ,zero_dte,10:40,640,202604,20260424,0.5192308280124724,-0.6,-0.0917190493344271,0.1529274044839291,PUT,0.1529274044839291,-0.6,d50,event_option_mh30trail_clean1000_frozen2025_select2026_d50_return_deploy202607_QQQ_v1,2,0.0,2,30,50,0.5,202604
QQQ,zero_dte,10:00,600,202604,20260427,-0.6,0.3538961622039043,0.2431054664466051,-0.1204371508980049,CALL,0.2431054664466051,-0.6,d50,event_option_mh30trail_clean1000_frozen2025_select2026_d50_return_deploy202607_QQQ_v1,2,0.0,2,30,50,0.5,202604
QQQ,zero_dte,10:30,630,202604,20260427,0.3970588132171895,-0.6,0.3219286420602321,-0.2680660313108524,CALL,0.3219286420602321,0.3970588132171895,d50,event_option_mh30trail_clean1000_frozen2025_select2026_d50_return_deploy202607_QQQ_v1,2,0.0,2,30,50,0.5,202604
QQQ,zero_dte,10:00,600,202604,20260428,-0.6,0.406804649416072,0.1717701646513974,0.1118402319014264,CALL,0.1717701646513974,-0.6,d50,event_option_mh30trail_clean1000_frozen2025_select2026_d50_return_deploy202607_QQQ_v1,2,0.0,2,30,50,0.5,202604
QQQ,zero_dte,10:35,635,202604,20260428,-0.6,0.5225119409860879,0.2481795329501235,0.0712316029764644,CALL,0.2481795329501235,-0.6,d50,event_option_mh30trail_clean1000_frozen2025_select2026_d50_return_deploy202607_QQQ_v1,2,0.0,2,30,50,0.5,202604
QQQ,zero_dte,10:30,630,202604,20260429,-0.2278481041309714,0.134969343100499,0.0186031673722652,0.278930413162578,PUT,0.278930413162578,0.134969343100499,d50,event_option_mh30trail_clean1000_frozen2025_select2026_d50_return_deploy202607_QQQ_v1,2,0.0,2,30,50,0.5,202604
QQQ,zero_dte,11:00,660,202604,20260429,-0.3987729926746257,0.3700607858682276,-0.0307356929251081,0.3486491995214046,PUT,0.3486491995214046,0.3700607858682276,d50,event_option_mh30trail_clean1000_frozen2025_select2026_d50_return_deploy202607_QQQ_v1,2,0.0,2,30,50,0.5,202604
QQQ,zero_dte,10:10,610,202604,20260430,0.791152222998091,-0.6,0.0650885378049497,-0.0396759270850957,CALL,0.0650885378049497,0.791152222998091,d50,event_option_mh30trail_clean1000_frozen2025_select2026_d50_return_deploy202607_QQQ_v1,2,0.0,2,30,50,0.5,202604
QQQ,zero_dte,10:40,640,202604,20260430,1.0500000916994567,-0.6,0.0587573311718265,-0.0309618344627152,CALL,0.0587573311718265,1.0500000916994567,d50,event_option_mh30trail_clean1000_frozen2025_select2026_d50_return_deploy202607_QQQ_v1,2,0.0,2,30,50,0.5,202604
QQQ,zero_dte,10:00,600,202605,20260501,-0.6,0.3105095323769002,-0.1014396020031058,0.468509558767952,PUT,0.468509558767952,0.3105095323769002,d50,event_option_mh30trail_clean1000_frozen2025_select2026_d50_return_deploy202607_QQQ_v1,2,0.0,2,30,50,0.5,202605
QQQ,zero_dte,11:45,705,202605,20260501,-0.6,0.632978707889239,-0.4508087930620594,0.1307979919787655,PUT,0.1307979919787655,0.632978707889239,d50,event_option_mh30trail_clean1000_frozen2025_select2026_d50_return_deploy202607_QQQ_v1,2,0.0,2,30,50,0.5,202605
QQQ,zero_dte,10:00,600,202605,20260504,-0.6,0.8928571428571428,0.2738384090745755,-0.0035518641074771,CALL,0.2738384090745755,-0.6,d50,event_option_mh30trail_clean1000_frozen2025_select2026_d50_return_deploy202607_QQQ_v1,2,0.0,2,30,50,0.5,202605
QQQ,zero_dte,10:30,630,202605,20260504,-0.6,0.25420157628733,0.2195886491950656,-0.0065315382069052,CALL,0.2195886491950656,-0.6,d50,event_option_mh30trail_clean1000_frozen2025_select2026_d50_return_deploy202607_QQQ_v1,2,0.0,2,30,50,0.5,202605
QQQ,zero_dte,10:05,605,202605,20260505,0.2541322273338813,-0.5405405335743294,-0.0654283911777545,0.0158189592391049,PUT,0.0158189592391049,-0.5405405335743294,d50,event_option_mh30trail_clean1000_frozen2025_select2026_d50_return_deploy202607_QQQ_v1,2,0.0,2,30,50,0.5,202605
QQQ,zero_dte,10:35,635,202605,20260505,-0.251496986753135,-0.5035460959929022,-0.4703503590584947,0.4582652136061211,PUT,0.4582652136061211,-0.5035460959929022,d50,event_option_mh30trail_clean1000_frozen2025_select2026_d50_return_deploy202607_QQQ_v1,2,0.0,2,30,50,0.5,202605
QQQ,zero_dte,10:00,600,202605,20260506,0.3435484545784135,0.4431217311661461,0.0353685057538311,0.4415213735023769,PUT,0.4415213735023769,0.4431217311661461,d50,event_option_mh30trail_clean1000_frozen2025_select2026_d50_return_deploy202607_QQQ_v1,2,0.0,2,30,50,0.5,202605
QQQ,zero_dte,10:35,635,202605,20260506,0.3333334097495473,-0.6,0.1676578423799298,0.4082314776313188,PUT,0.4082314776313188,-0.6,d50,event_option_mh30trail_clean1000_frozen2025_select2026_d50_return_deploy202607_QQQ_v1,2,0.0,2,30,50,0.5,202605
QQQ,zero_dte,10:15,615,202605,20260507,0.3684210980367799,0.5996731873370125,-0.1109852822054612,0.0256039579184934,PUT,0.0256039579184934,0.5996731873370125,d50,event_option_mh30trail_clean1000_frozen2025_select2026_d50_return_deploy202607_QQQ_v1,2,0.0,2,30,50,0.5,202605
QQQ,zero_dte,10:50,650,202605,20260507,0.3079710889829106,0.3389570072061649,0.01583226873656,0.3103357064528625,PUT,0.3103357064528625,0.3389570072061649,d50,event_option_mh30trail_clean1000_frozen2025_select2026_d50_return_deploy202607_QQQ_v1,2,0.0,2,30,50,0.5,202605
QQQ,zero_dte,10:05,605,202605,20260508,0.2593167982399083,-0.6,-0.3163615450305274,0.3682504704530382,PUT,0.3682504704530382,-0.6,d50,event_option_mh30trail_clean1000_frozen2025_select2026_d50_return_deploy202607_QQQ_v1,2,0.0,2,30,50,0.5,202605
QQQ,zero_dte,10:40,640,202605,20260508,0.4258620598937048,-0.6,-0.2525635464867227,0.0838574517813355,PUT,0.0838574517813355,-0.6,d50,event_option_mh30trail_clean1000_frozen2025_select2026_d50_return_deploy202607_QQQ_v1,2,0.0,2,30,50,0.5,202605
QQQ,zero_dte,10:00,600,202605,20260511,0.2991802798135097,0.2738095373253166,0.3597527980815756,0.0327987013824488,CALL,0.3597527980815756,0.2991802798135097,d50,event_option_mh30trail_clean1000_frozen2025_select2026_d50_return_deploy202607_QQQ_v1,2,0.0,2,30,50,0.5,202605
QQQ,zero_dte,10:30,630,202605,20260511,0.570512751542293,-0.6,0.3495067833614928,0.1850353941657711,CALL,0.3495067833614928,0.570512751542293,d50,event_option_mh30trail_clean1000_frozen2025_select2026_d50_return_deploy202607_QQQ_v1,2,0.0,2,30,50,0.5,202605
QQQ,zero_dte,10:00,600,202605,20260512,0.3437499634123275,0.271551755588064,-0.3621740489501973,0.362693869558897,PUT,0.362693869558897,0.271551755588064,d50,event_option_mh30trail_clean1000_frozen2025_select2026_d50_return_deploy202607_QQQ_v1,2,0.0,2,30,50,0.5,202605
QQQ,zero_dte,10:30,630,202605,20260512,-0.6,0.5860000610351563,-0.1059995489712127,0.2051941899615133,PUT,0.2051941899615133,0.5860000610351563,d50,event_option_mh30trail_clean1000_frozen2025_select2026_d50_return_deploy202607_QQQ_v1,2,0.0,2,30,50,0.5,202605
QQQ,zero_dte,10:25,625,202605,20260513,0.3586956671971384,-0.6,0.1797606598876985,0.1185857709426956,CALL,0.1797606598876985,0.3586956671971384,d50,event_option_mh30trail_clean1000_frozen2025_select2026_d50_return_deploy202607_QQQ_v1,2,0.0,2,30,50,0.5,202605
QQQ,zero_dte,10:55,655,202605,20260513,0.6681285954496909,-0.6,0.0048436354195764,-0.2700038309491262,CALL,0.0048436354195764,0.6681285954496909,d50,event_option_mh30trail_clean1000_frozen2025_select2026_d50_return_deploy202607_QQQ_v1,2,0.0,2,30,50,0.5,202605
QQQ,zero_dte,10:20,620,202605,20260514,0.4615384968074834,-0.6,-0.17945472318636,0.3748070320020832,PUT,0.3748070320020832,-0.6,d50,event_option_mh30trail_clean1000_frozen2025_select2026_d50_return_deploy202607_QQQ_v1,2,0.0,2,30,50,0.5,202605
QQQ,zero_dte,10:50,650,202605,20260514,-0.6,0.3719512859956633,-0.4051053649195187,0.6194005355461243,PUT,0.6194005355461243,0.3719512859956633,d50,event_option_mh30trail_clean1000_frozen2025_select2026_d50_return_deploy202607_QQQ_v1,2,0.0,2,30,50,0.5,202605
QQQ,zero_dte,10:00,600,202605,20260515,0.8692053429761808,-0.6,-0.240413993530723,0.1768228740060493,PUT,0.1768228740060493,-0.6,d50,event_option_mh30trail_clean1000_frozen2025_select2026_d50_return_deploy202607_QQQ_v1,2,0.0,2,30,50,0.5,202605
QQQ,zero_dte,10:35,635,202605,20260515,-0.6,0.2772726579145952,-0.0087673927628888,0.0052778362067273,PUT,0.0052778362067273,0.2772726579145952,d50,event_option_mh30trail_clean1000_frozen2025_select2026_d50_return_deploy202607_QQQ_v1,2,0.0,2,30,50,0.5,202605
QQQ,zero_dte,10:05,605,202605,20260518,0.5899999618530274,0.6865671372912892,0.3204554222079385,-0.0094539303701433,CALL,0.3204554222079385,0.5899999618530274,d50,event_option_mh30trail_clean1000_frozen2025_select2026_d50_return_deploy202607_QQQ_v1,2,0.0,2,30,50,0.5,202605
QQQ,zero_dte,10:35,635,202605,20260518,0.3508772548986392,-0.6,0.1403039192580107,0.3540441325811531,PUT,0.3540441325811531,-0.6,d50,event_option_mh30trail_clean1000_frozen2025_select2026_d50_return_deploy202607_QQQ_v1,2,0.0,2,30,50,0.5,202605
QQQ,zero_dte,10:20,620,202605,20260519,0.3018518456379246,-0.6,0.1563144882466133,0.226756819746015,PUT,0.226756819746015,-0.6,d50,event_option_mh30trail_clean1000_frozen2025_select2026_d50_return_deploy202607_QQQ_v1,2,0.0,2,30,50,0.5,202605
QQQ,zero_dte,10:50,650,202605,20260519,0.5260617980977511,-0.6,-0.0793331846800877,0.3113345391577321,PUT,0.3113345391577321,-0.6,d50,event_option_mh30trail_clean1000_frozen2025_select2026_d50_return_deploy202607_QQQ_v1,2,0.0,2,30,50,0.5,202605
QQQ,zero_dte,10:05,605,202605,20260520,0.6124999841675165,-0.6,0.0692807773600848,0.0392411778602383,CALL,0.0692807773600848,0.6124999841675165,d50,event_option_mh30trail_clean1000_frozen2025_select2026_d50_return_deploy202607_QQQ_v1,2,0.0,2,30,50,0.5,202605
QQQ,zero_dte,10:35,635,202605,20260520,0.7927352073238114,-0.6,0.0267970441424645,0.1144984868999899,PUT,0.1144984868999899,-0.6,d50,event_option_mh30trail_clean1000_frozen2025_select2026_d50_return_deploy202607_QQQ_v1,2,0.0,2,30,50,0.5,202605
QQQ,zero_dte,10:00,600,202605,20260521,-0.6,0.6672661793379424,0.1097064175692181,0.2419643769581273,PUT,0.2419643769581273,0.6672661793379424,d50,event_option_mh30trail_clean1000_frozen2025_select2026_d50_return_deploy202607_QQQ_v1,2,0.0,2,30,50,0.5,202605
QQQ,zero_dte,10:50,650,202605,20260521,0.322916691889987,-0.6,0.1900989154444295,-0.0383383098048892,CALL,0.1900989154444295,0.322916691889987,d50,event_option_mh30trail_clean1000_frozen2025_select2026_d50_return_deploy202607_QQQ_v1,2,0.0,2,30,50,0.5,202605
QQQ,zero_dte,10:25,625,202605,20260522,0.7322222391764324,-0.6,-0.0375266008901797,0.3471228225254836,PUT,0.3471228225254836,-0.6,d50,event_option_mh30trail_clean1000_frozen2025_select2026_d50_return_deploy202607_QQQ_v1,2,0.0,2,30,50,0.5,202605
QQQ,zero_dte,11:05,665,202605,20260522,-0.4320388400079349,-0.6,-0.1008998238788417,0.3050959368772777,PUT,0.3050959368772777,-0.6,d50,event_option_mh30trail_clean1000_frozen2025_select2026_d50_return_deploy202607_QQQ_v1,2,0.0,2,30,50,0.5,202605
QQQ,zero_dte,10:20,620,202605,20260526,0.2645630933121734,0.2631578823536056,0.1318821994638375,0.451526436939916,PUT,0.451526436939916,0.2631578823536056,d50,event_option_mh30trail_clean1000_frozen2025_select2026_d50_return_deploy202607_QQQ_v1,2,0.0,2,30,50,0.5,202605
QQQ,zero_dte,10:50,650,202605,20260526,-0.6,0.5187073836934994,-0.1089652488038071,0.2166344232023164,PUT,0.2166344232023164,0.5187073836934994,d50,event_option_mh30trail_clean1000_frozen2025_select2026_d50_return_deploy202607_QQQ_v1,2,0.0,2,30,50,0.5,202605
QQQ,zero_dte,10:25,625,202605,20260527,0.3097484069253249,-0.6,0.2363299710702302,-0.3248500036577035,CALL,0.2363299710702302,0.3097484069253249,d50,event_option_mh30trail_clean1000_frozen2025_select2026_d50_return_deploy202607_QQQ_v1,2,0.0,2,30,50,0.5,202605
QQQ,zero_dte,11:00,660,202605,20260527,0.5416667169285214,-0.6,0.0686126835547217,-0.4000112730869006,CALL,0.0686126835547217,0.5416667169285214,d50,event_option_mh30trail_clean1000_frozen2025_select2026_d50_return_deploy202607_QQQ_v1,2,0.0,2,30,50,0.5,202605
QQQ,zero_dte,10:15,615,202605,20260528,0.2808642047986154,-0.6,-0.1908587308449954,0.4354701607170385,PUT,0.4354701607170385,-0.6,d50,event_option_mh30trail_clean1000_frozen2025_select2026_d50_return_deploy202607_QQQ_v1,2,0.0,2,30,50,0.5,202605
QQQ,zero_dte,10:45,645,202605,20260528,0.291237072858995,-0.6,-0.3270413528083104,0.1969984622959207,PUT,0.1969984622959207,-0.6,d50,event_option_mh30trail_clean1000_frozen2025_select2026_d50_return_deploy202607_QQQ_v1,2,0.0,2,30,50,0.5,202605
QQQ,zero_dte,10:00,600,202605,20260529,-0.6,1.20652168420177,-0.1914897277335779,0.1941445872218387,PUT,0.1941445872218387,1.20652168420177,d50,event_option_mh30trail_clean1000_frozen2025_select2026_d50_return_deploy202607_QQQ_v1,2,0.0,2,30,50,0.5,202605
QQQ,zero_dte,10:35,635,202605,20260529,-0.6,0.7365469912323974,-0.1238391180020755,0.3783830915209427,PUT,0.3783830915209427,0.7365469912323974,d50,event_option_mh30trail_clean1000_frozen2025_select2026_d50_return_deploy202607_QQQ_v1,2,0.0,2,30,50,0.5,202605
QQQ,zero_dte,10:00,600,202606,20260601,0.3583332257138401,-0.6,0.146581638489538,0.138707742073806,CALL,0.146581638489538,0.3583332257138401,d50,event_option_mh30trail_clean1000_frozen2025_select2026_d50_return_deploy202607_QQQ_v1,2,0.0,2,30,50,0.5,202606
QQQ,zero_dte,10:30,630,202606,20260601,0.5876069865204856,-0.6,0.0461149548811981,-0.101478680757798,CALL,0.0461149548811981,0.5876069865204856,d50,event_option_mh30trail_clean1000_frozen2025_select2026_d50_return_deploy202607_QQQ_v1,2,0.0,2,30,50,0.5,202606
QQQ,zero_dte,10:00,600,202606,20260602,0.3036723331265243,-0.6,0.0611642994998128,0.3392140325168844,PUT,0.3392140325168844,-0.6,d50,event_option_mh30trail_clean1000_frozen2025_select2026_d50_return_deploy202607_QQQ_v1,2,0.0,2,30,50,0.5,202606
QQQ,zero_dte,10:35,635,202606,20260602,0.2876884060879405,-0.6,0.2841291833471234,-0.0851162887616551,CALL,0.2841291833471234,0.2876884060879405,d50,event_option_mh30trail_clean1000_frozen2025_select2026_d50_return_deploy202607_QQQ_v1,2,0.0,2,30,50,0.5,202606
QQQ,zero_dte,12:35,755,202606,20260603,0.3716215577646862,-0.6,0.1546119118416909,-0.5870170674015569,CALL,0.1546119118416909,0.3716215577646862,d50,event_option_mh30trail_clean1000_frozen2025_select2026_d50_return_deploy202607_QQQ_v1,2,0.0,2,30,50,0.5,202606
QQQ,zero_dte,13:15,795,202606,20260603,0.8305368354302165,-0.6,0.125904339927547,-0.4266324080071024,CALL,0.125904339927547,0.8305368354302165,d50,event_option_mh30trail_clean1000_frozen2025_select2026_d50_return_deploy202607_QQQ_v1,2,0.0,2,30,50,0.5,202606
QQQ,zero_dte,10:05,605,202606,20260604,0.9078947137267304,-0.6,-0.4421691909672167,0.2100709329968554,PUT,0.2100709329968554,-0.6,d50,event_option_mh30trail_clean1000_frozen2025_select2026_d50_return_deploy202607_QQQ_v1,2,0.0,2,30,50,0.5,202606
QQQ,zero_dte,10:40,640,202606,20260604,0.6673552562822309,-0.6,-0.0368404184189632,0.2526267306827486,PUT,0.2526267306827486,-0.6,d50,event_option_mh30trail_clean1000_frozen2025_select2026_d50_return_deploy202607_QQQ_v1,2,0.0,2,30,50,0.5,202606
QQQ,zero_dte,10:00,600,202606,20260605,0.3931096186313594,-0.6,0.051667695852272,0.4032216665346727,PUT,0.4032216665346727,-0.6,d50,event_option_mh30trail_clean1000_frozen2025_select2026_d50_return_deploy202607_QQQ_v1,2,0.0,2,30,50,0.5,202606
QQQ,zero_dte,11:05,665,202606,20260605,-0.6,0.971343853404047,0.1533632903032518,0.1142632824471301,CALL,0.1533632903032518,-0.6,d50,event_option_mh30trail_clean1000_frozen2025_select2026_d50_return_deploy202607_QQQ_v1,2,0.0,2,30,50,0.5,202606
QQQ,zero_dte,10:00,600,202606,20260608,0.6888379784612508,-0.6,-0.1172956040338126,0.1132082584128387,PUT,0.1132082584128387,-0.6,d50,event_option_mh30trail_clean1000_frozen2025_select2026_d50_return_deploy202607_QQQ_v1,2,0.0,2,30,50,0.5,202606
QQQ,zero_dte,10:30,630,202606,20260608,0.90384619616898,-0.6,-0.2177409372240508,0.083128208944118,PUT,0.083128208944118,-0.6,d50,event_option_mh30trail_clean1000_frozen2025_select2026_d50_return_deploy202607_QQQ_v1,2,0.0,2,30,50,0.5,202606
QQQ,zero_dte,10:20,620,202606,20260609,-0.6,1.272255278530923,0.0187540423517188,0.0250053875626306,PUT,0.0250053875626306,1.272255278530923,d50,event_option_mh30trail_clean1000_frozen2025_select2026_d50_return_deploy202607_QQQ_v1,2,0.0,2,30,50,0.5,202606
QQQ,zero_dte,10:50,650,202606,20260609,0.3001354204585882,0.8426429614939059,-0.1211605285390763,0.1865673471798936,PUT,0.1865673471798936,0.8426429614939059,d50,event_option_mh30trail_clean1000_frozen2025_select2026_d50_return_deploy202607_QQQ_v1,2,0.0,2,30,50,0.5,202606
QQQ,zero_dte,10:35,635,202606,20260610,-0.6,2.1774611144537066,0.0704903446173341,0.0963164302742486,PUT,0.0963164302742486,2.1774611144537066,d50,event_option_mh30trail_clean1000_frozen2025_select2026_d50_return_deploy202607_QQQ_v1,2,0.0,2,30,50,0.5,202606
QQQ,zero_dte,11:10,670,202606,20260610,-0.6,0.2636362961501144,0.1864278427433043,0.0588656245835888,CALL,0.1864278427433043,-0.6,d50,event_option_mh30trail_clean1000_frozen2025_select2026_d50_return_deploy202607_QQQ_v1,2,0.0,2,30,50,0.5,202606
QQQ,zero_dte,10:55,655,202606,20260611,0.3253845801720252,-0.6,0.1479845697159972,0.0143522864002033,CALL,0.1479845697159972,0.3253845801720252,d50,event_option_mh30trail_clean1000_frozen2025_select2026_d50_return_deploy202607_QQQ_v1,2,0.0,2,30,50,0.5,202606
QQQ,zero_dte,13:20,800,202606,20260611,4.284351386777196,-0.6,0.278523171561673,-0.2211913385029816,CALL,0.278523171561673,4.284351386777196,d50,event_option_mh30trail_clean1000_frozen2025_select2026_d50_return_deploy202607_QQQ_v1,2,0.0,2,30,50,0.5,202606
QQQ,zero_dte,10:10,610,202606,20260612,-0.6,0.3514851117038264,-0.2645520930105112,0.602080991237668,PUT,0.602080991237668,0.3514851117038264,d50,event_option_mh30trail_clean1000_frozen2025_select2026_d50_return_deploy202607_QQQ_v1,2,0.0,2,30,50,0.5,202606
QQQ,zero_dte,10:55,655,202606,20260612,-0.2717678052128995,0.2563290474526001,-0.1348684649694204,0.3398288261049817,PUT,0.3398288261049817,0.2563290474526001,d50,event_option_mh30trail_clean1000_frozen2025_select2026_d50_return_deploy202607_QQQ_v1,2,0.0,2,30,50,0.5,202606
QQQ,zero_dte,10:05,605,202606,20260615,0.7107843503911702,-0.6,-0.4360337460451816,0.619988501848124,PUT,0.619988501848124,-0.6,d50,event_option_mh30trail_clean1000_frozen2025_select2026_d50_return_deploy202607_QQQ_v1,2,0.0,2,30,50,0.5,202606
QQQ,zero_dte,10:35,635,202606,20260615,0.3641078698606577,-0.6,-0.1500076642566008,0.6127564282147767,PUT,0.6127564282147767,-0.6,d50,event_option_mh30trail_clean1000_frozen2025_select2026_d50_return_deploy202607_QQQ_v1,2,0.0,2,30,50,0.5,202606
QQQ,zero_dte,10:10,610,202606,20260616,-0.6,1.8977832298248256,0.2121929223770225,0.0412894046654331,CALL,0.2121929223770225,-0.6,d50,event_option_mh30trail_clean1000_frozen2025_select2026_d50_return_deploy202607_QQQ_v1,2,0.0,2,30,50,0.5,202606
QQQ,zero_dte,10:40,640,202606,20260616,-0.6,0.7553763389173911,0.2131598913431565,0.2460147124404228,PUT,0.2460147124404228,0.7553763389173911,d50,event_option_mh30trail_clean1000_frozen2025_select2026_d50_return_deploy202607_QQQ_v1,2,0.0,2,30,50,0.5,202606
QQQ,zero_dte,10:00,600,202606,20260617,0.3151104709803596,-0.2815249307869484,0.1630277268939222,0.4026921269529723,PUT,0.4026921269529723,-0.2815249307869484,d50,event_option_mh30trail_clean1000_frozen2025_select2026_d50_return_deploy202607_QQQ_v1,2,0.0,2,30,50,0.5,202606
QQQ,zero_dte,10:30,630,202606,20260617,-0.4630872437580337,0.4900530440234534,-0.2028770722964572,0.5335851521525098,PUT,0.5335851521525098,0.4900530440234534,d50,event_option_mh30trail_clean1000_frozen2025_select2026_d50_return_deploy202607_QQQ_v1,2,0.0,2,30,50,0.5,202606
QQQ,zero_dte,10:25,625,202606,20260618,-0.6,0.6371595449860155,-0.2754422050399494,0.2404326352252462,PUT,0.2404326352252462,0.6371595449860155,d50,event_option_mh30trail_clean1000_frozen2025_select2026_d50_return_deploy202607_QQQ_v1,2,0.0,2,30,50,0.5,202606
QQQ,zero_dte,11:25,685,202606,20260618,0.3201357324499116,0.4148648021689647,0.0340851088245286,-0.1682700800500962,CALL,0.0340851088245286,0.3201357324499116,d50,event_option_mh30trail_clean1000_frozen2025_select2026_d50_return_deploy202607_QQQ_v1,2,0.0,2,30,50,0.5,202606
QQQ,zero_dte,10:00,600,202606,20260622,-0.6,1.2596525928205442,-0.1849632573426897,0.3260389479558789,PUT,0.3260389479558789,1.2596525928205442,d50,event_option_mh30trail_clean1000_frozen2025_select2026_d50_return_deploy202607_QQQ_v1,2,0.0,2,30,50,0.5,202606
QQQ,zero_dte,10:30,630,202606,20260622,-0.6,0.4984472249743608,0.0670806067725348,-0.0020056528438208,CALL,0.0670806067725348,-0.6,d50,event_option_mh30trail_clean1000_frozen2025_select2026_d50_return_deploy202607_QQQ_v1,2,0.0,2,30,50,0.5,202606
QQQ,zero_dte,10:20,620,202606,20260623,-0.6,0.75,-0.1224411060551485,0.4366747784415744,PUT,0.4366747784415744,0.75,d50,event_option_mh30trail_clean1000_frozen2025_select2026_d50_return_deploy202607_QQQ_v1,2,0.0,2,30,50,0.5,202606
QQQ,zero_dte,10:20,620,202606,20260624,1.071637391840229,-0.6,0.2190536390456462,0.2236138633209729,PUT,0.2236138633209729,-0.6,d50,event_option_mh30trail_clean1000_frozen2025_select2026_d50_return_deploy202607_QQQ_v1,2,0.0,2,30,50,0.5,202606
QQQ,zero_dte,10:50,650,202606,20260624,-0.6,0.3515325656498373,0.0017129259690958,0.1220246230767831,PUT,0.1220246230767831,0.3515325656498373,d50,event_option_mh30trail_clean1000_frozen2025_select2026_d50_return_deploy202607_QQQ_v1,2,0.0,2,30,50,0.5,202606
QQQ,zero_dte,10:20,620,202606,20260626,-0.6,0.558219148255636,0.1576078991714757,0.332314907705045,PUT,0.332314907705045,0.558219148255636,d50,event_option_mh30trail_clean1000_frozen2025_select2026_d50_return_deploy202607_QQQ_v1,2,0.0,2,30,50,0.5,202606
QQQ,zero_dte,11:30,690,202606,20260626,-0.6,0.3953201779518716,0.2457424510332468,-0.1913217482733142,CALL,0.2457424510332468,-0.6,d50,event_option_mh30trail_clean1000_frozen2025_select2026_d50_return_deploy202607_QQQ_v1,2,0.0,2,30,50,0.5,202606
QQQ,zero_dte,11:30,690,202606,20260629,0.2846938437891231,-0.6,-0.1293131182701052,0.3144696594702987,PUT,0.3144696594702987,-0.6,d50,event_option_mh30trail_clean1000_frozen2025_select2026_d50_return_deploy202607_QQQ_v1,2,0.0,2,30,50,0.5,202606
QQQ,zero_dte,12:00,720,202606,20260629,0.8536269705280657,-0.6,0.1594558804832397,0.284808486439269,PUT,0.284808486439269,-0.6,d50,event_option_mh30trail_clean1000_frozen2025_select2026_d50_return_deploy202607_QQQ_v1,2,0.0,2,30,50,0.5,202606
QQQ,zero_dte,10:05,605,202606,20260630,0.8333333711775539,-0.6,0.0219675411698557,0.0710548818890419,PUT,0.0710548818890419,-0.6,d50,event_option_mh30trail_clean1000_frozen2025_select2026_d50_return_deploy202607_QQQ_v1,2,0.0,2,30,50,0.5,202606
QQQ,zero_dte,10:35,635,202606,20260630,0.476744173957955,0.5416666026970378,-0.100542348860083,0.0999049260851409,PUT,0.0999049260851409,0.5416666026970378,d50,event_option_mh30trail_clean1000_frozen2025_select2026_d50_return_deploy202607_QQQ_v1,2,0.0,2,30,50,0.5,202606
QQQ,zero_dte,10:00,600,202601,20260102,-0.6,4.832644546677628,-0.2977457032049593,-0.0338172143865562,PUT,-0.0338172143865562,4.832644546677628,d65,event_option_mh30trail_clean1000_frozen2025_select2026_d65_return_deploy202607_QQQ_v1,3,-0.1,1,30,65,0.65,202601
QQQ,zero_dte,10:05,605,202601,20260105,-0.4585365657931204,-0.6,-0.2254695379901584,0.052038852357352,PUT,0.052038852357352,-0.6,d65,event_option_mh30trail_clean1000_frozen2025_select2026_d65_return_deploy202607_QQQ_v1,3,-0.1,1,30,65,0.65,202601
QQQ,zero_dte,10:00,600,202601,20260106,-0.6,0.2672413623006964,-0.3710043002183795,-0.0104093208810475,PUT,-0.0104093208810475,0.2672413623006964,d65,event_option_mh30trail_clean1000_frozen2025_select2026_d65_return_deploy202607_QQQ_v1,3,-0.1,1,30,65,0.65,202601
QQQ,zero_dte,10:00,600,202601,20260107,0.4129834727181958,-0.6,0.2124336752830333,-0.3524546813366428,CALL,0.2124336752830333,0.4129834727181958,d65,event_option_mh30trail_clean1000_frozen2025_select2026_d65_return_deploy202607_QQQ_v1,3,-0.1,1,30,65,0.65,202601
QQQ,zero_dte,10:00,600,202601,20260108,0.5806451318291299,-0.6,0.2154672564695472,-0.0183112162034973,CALL,0.2154672564695472,0.5806451318291299,d65,event_option_mh30trail_clean1000_frozen2025_select2026_d65_return_deploy202607_QQQ_v1,3,-0.1,1,30,65,0.65,202601
QQQ,zero_dte,10:10,610,202601,20260109,1.0124998947605506,-0.6,-0.1912004703224289,-0.0420076085127741,PUT,-0.0420076085127741,-0.6,d65,event_option_mh30trail_clean1000_frozen2025_select2026_d65_return_deploy202607_QQQ_v1,3,-0.1,1,30,65,0.65,202601
QQQ,zero_dte,10:00,600,202601,20260112,0.2500000677325513,-0.6,-0.4000486365082618,0.0325684344152435,PUT,0.0325684344152435,-0.6,d65,event_option_mh30trail_clean1000_frozen2025_select2026_d65_return_deploy202607_QQQ_v1,3,-0.1,1,30,65,0.65,202601
QQQ,zero_dte,10:20,620,202601,20260113,1.112790557382692,-0.6,0.2626843630247557,-0.3673194023019585,CALL,0.2626843630247557,1.112790557382692,d65,event_option_mh30trail_clean1000_frozen2025_select2026_d65_return_deploy202607_QQQ_v1,3,-0.1,1,30,65,0.65,202601
QQQ,zero_dte,10:00,600,202601,20260114,0.2556818805265528,0.2121212215040766,0.1215372823463834,0.259869121112464,PUT,0.259869121112464,0.2121212215040766,d65,event_option_mh30trail_clean1000_frozen2025_select2026_d65_return_deploy202607_QQQ_v1,3,-0.1,1,30,65,0.65,202601
QQQ,zero_dte,10:00,600,202601,20260115,-0.3290043330255566,0.2812500232830643,0.1601629753754223,0.017348524411286,CALL,0.1601629753754223,-0.3290043330255566,d65,event_option_mh30trail_clean1000_frozen2025_select2026_d65_return_deploy202607_QQQ_v1,3,-0.1,1,30,65,0.65,202601
QQQ,zero_dte,10:20,620,202601,20260116,0.034482724601393,0.6436169956430906,-0.26933935933201,-0.0263688192061686,PUT,-0.0263688192061686,0.6436169956430906,d65,event_option_mh30trail_clean1000_frozen2025_select2026_d65_return_deploy202607_QQQ_v1,3,-0.1,1,30,65,0.65,202601
QQQ,zero_dte,10:05,605,202601,20260120,0.2542979901587097,-0.6,0.1357855641800874,-0.1396199562460705,CALL,0.1357855641800874,0.2542979901587097,d65,event_option_mh30trail_clean1000_frozen2025_select2026_d65_return_deploy202607_QQQ_v1,3,-0.1,1,30,65,0.65,202601
QQQ,zero_dte,10:25,625,202601,20260121,0.5699234447960027,-0.6,0.1289330414816017,0.084300556506737,CALL,0.1289330414816017,0.5699234447960027,d65,event_option_mh30trail_clean1000_frozen2025_select2026_d65_return_deploy202607_QQQ_v1,3,-0.1,1,30,65,0.65,202601
QQQ,zero_dte,10:00,600,202601,20260122,0.4828520663488784,-0.6,0.2400964060855213,-0.2208656037801149,CALL,0.2400964060855213,0.4828520663488784,d65,event_option_mh30trail_clean1000_frozen2025_select2026_d65_return_deploy202607_QQQ_v1,3,-0.1,1,30,65,0.65,202601
QQQ,zero_dte,10:20,620,202601,20260123,0.638135620890866,-0.6,-0.2291998056216412,-0.0988289032167654,PUT,-0.0988289032167654,-0.6,d65,event_option_mh30trail_clean1000_frozen2025_select2026_d65_return_deploy202607_QQQ_v1,3,-0.1,1,30,65,0.65,202601
QQQ,zero_dte,10:00,600,202601,20260126,0.4166666666666667,-0.6,0.0671021491170459,-0.1312168855468877,CALL,0.0671021491170459,0.4166666666666667,d65,event_option_mh30trail_clean1000_frozen2025_select2026_d65_return_deploy202607_QQQ_v1,3,-0.1,1,30,65,0.65,202601
QQQ,zero_dte,10:00,600,202601,20260127,-0.1032864488259732,-0.2401960875977925,-0.0723855820629211,-0.04219949313584,PUT,-0.04219949313584,-0.2401960875977925,d65,event_option_mh30trail_clean1000_frozen2025_select2026_d65_return_deploy202607_QQQ_v1,3,-0.1,1,30,65,0.65,202601
QQQ,zero_dte,10:00,600,202601,20260128,-0.4900990192498218,0.4893616963938492,-0.3394558745425603,0.2241872970341439,PUT,0.2241872970341439,0.4893616963938492,d65,event_option_mh30trail_clean1000_frozen2025_select2026_d65_return_deploy202607_QQQ_v1,3,-0.1,1,30,65,0.65,202601
QQQ,zero_dte,10:15,615,202601,20260129,-0.6,0.9634147232341888,0.1740702419321903,0.1528797793108063,CALL,0.1740702419321903,-0.6,d65,event_option_mh30trail_clean1000_frozen2025_select2026_d65_return_deploy202607_QQQ_v1,3,-0.1,1,30,65,0.65,202601
QQQ,zero_dte,10:00,600,202601,20260130,-0.6,0.4691977030385252,-0.1850408850505039,0.1491930124653629,PUT,0.1491930124653629,0.4691977030385252,d65,event_option_mh30trail_clean1000_frozen2025_select2026_d65_return_deploy202607_QQQ_v1,3,-0.1,1,30,65,0.65,202601
QQQ,zero_dte,10:15,615,202602,20260202,0.2970710328721346,-0.6,0.1709458578999729,-0.0966137110165794,CALL,0.1709458578999729,0.2970710328721346,d65,event_option_mh30trail_clean1000_frozen2025_select2026_d65_return_deploy202607_QQQ_v1,3,-0.1,1,30,65,0.65,202602
QQQ,zero_dte,10:25,625,202602,20260203,-0.6,0.4690081472157834,-0.207800676046787,0.1340473389257029,PUT,0.1340473389257029,0.4690081472157834,d65,event_option_mh30trail_clean1000_frozen2025_select2026_d65_return_deploy202607_QQQ_v1,3,-0.1,1,30,65,0.65,202602
QQQ,zero_dte,10:00,600,202602,20260204,0.2610619363998394,0.5539215649608831,0.3617287086907987,-0.0276699571728062,CALL,0.3617287086907987,0.2610619363998394,d65,event_option_mh30trail_clean1000_frozen2025_select2026_d65_return_deploy202607_QQQ_v1,3,-0.1,1,30,65,0.65,202602
QQQ,zero_dte,10:15,615,202602,20260205,0.4177966090736291,-0.6,0.1011834061722958,-0.2598595471653477,CALL,0.1011834061722958,0.4177966090736291,d65,event_option_mh30trail_clean1000_frozen2025_select2026_d65_return_deploy202607_QQQ_v1,3,-0.1,1,30,65,0.65,202602
QQQ,zero_dte,11:05,665,202602,20260206,0.4704968672761545,-0.6,-0.248572590029301,0.3676386544195171,PUT,0.3676386544195171,-0.6,d65,event_option_mh30trail_clean1000_frozen2025_select2026_d65_return_deploy202607_QQQ_v1,3,-0.1,1,30,65,0.65,202602
QQQ,zero_dte,10:10,610,202602,20260209,1.0515872319058848,-0.6,0.0646158108856933,0.1995392664441403,PUT,0.1995392664441403,-0.6,d65,event_option_mh30trail_clean1000_frozen2025_select2026_d65_return_deploy202607_QQQ_v1,3,-0.1,1,30,65,0.65,202602
QQQ,zero_dte,10:05,605,202602,20260210,-0.6,0.2928572174643207,0.2393165172589682,-0.0951628389137685,CALL,0.2393165172589682,-0.6,d65,event_option_mh30trail_clean1000_frozen2025_select2026_d65_return_deploy202607_QQQ_v1,3,-0.1,1,30,65,0.65,202602
QQQ,zero_dte,10:20,620,202602,20260211,0.5130057333466003,-0.6,0.3184388006469328,-0.027417177427762,CALL,0.3184388006469328,0.5130057333466003,d65,event_option_mh30trail_clean1000_frozen2025_select2026_d65_return_deploy202607_QQQ_v1,3,-0.1,1,30,65,0.65,202602
QQQ,zero_dte,10:00,600,202602,20260212,-0.6,0.3905229002607799,0.3371614852708354,-0.0148011276345565,CALL,0.3371614852708354,-0.6,d65,event_option_mh30trail_clean1000_frozen2025_select2026_d65_return_deploy202607_QQQ_v1,3,-0.1,1,30,65,0.65,202602
QQQ,zero_dte,10:30,630,202602,20260213,0.0622641343075685,0.5747978197617254,-0.2685138378792179,0.2724711152226368,PUT,0.2724711152226368,0.5747978197617254,d65,event_option_mh30trail_clean1000_frozen2025_select2026_d65_return_deploy202607_QQQ_v1,3,-0.1,1,30,65,0.65,202602
QQQ,zero_dte,10:00,600,202602,20260217,0.8635457563724964,-0.6,-0.0334688553971137,-0.0584820531034111,CALL,-0.0334688553971137,0.8635457563724964,d65,event_option_mh30trail_clean1000_frozen2025_select2026_d65_return_deploy202607_QQQ_v1,3,-0.1,1,30,65,0.65,202602
QQQ,zero_dte,10:05,605,202602,20260218,0.2534819241190018,-0.6,-0.3507397269639618,0.472839535683986,PUT,0.472839535683986,-0.6,d65,event_option_mh30trail_clean1000_frozen2025_select2026_d65_return_deploy202607_QQQ_v1,3,-0.1,1,30,65,0.65,202602
QQQ,zero_dte,10:05,605,202602,20260219,-0.6,0.3140244387768343,0.0887144379993138,0.2470876194836132,PUT,0.2470876194836132,0.3140244387768343,d65,event_option_mh30trail_clean1000_frozen2025_select2026_d65_return_deploy202607_QQQ_v1,3,-0.1,1,30,65,0.65,202602
QQQ,zero_dte,10:45,645,202602,20260220,-0.6,0.270295139322666,-0.229488232474642,0.1481992259460696,PUT,0.1481992259460696,0.270295139322666,d65,event_option_mh30trail_clean1000_frozen2025_select2026_d65_return_deploy202607_QQQ_v1,3,-0.1,1,30,65,0.65,202602
QQQ,zero_dte,10:05,605,202602,20260223,-0.6,0.7332402390898858,0.2939575060247906,-0.1195511640500184,CALL,0.2939575060247906,-0.6,d65,event_option_mh30trail_clean1000_frozen2025_select2026_d65_return_deploy202607_QQQ_v1,3,-0.1,1,30,65,0.65,202602
QQQ,zero_dte,10:30,630,202602,20260224,-0.2583333747254461,-0.6,0.1026879650553566,-0.1507531935835244,CALL,0.1026879650553566,-0.2583333747254461,d65,event_option_mh30trail_clean1000_frozen2025_select2026_d65_return_deploy202607_QQQ_v1,3,-0.1,1,30,65,0.65,202602
QQQ,zero_dte,10:00,600,202602,20260225,-0.0491803449551965,-0.2105262893719016,-0.341759311907551,0.3081613012362603,PUT,0.3081613012362603,-0.2105262893719016,d65,event_option_mh30trail_clean1000_frozen2025_select2026_d65_return_deploy202607_QQQ_v1,3,-0.1,1,30,65,0.65,202602
QQQ,zero_dte,10:20,620,202602,20260226,-0.3452115351693441,-0.6,0.1589626578394475,0.0738135760002055,CALL,0.1589626578394475,-0.3452115351693441,d65,event_option_mh30trail_clean1000_frozen2025_select2026_d65_return_deploy202607_QQQ_v1,3,-0.1,1,30,65,0.65,202602
QQQ,zero_dte,10:10,610,202602,20260227,-0.4087403881000816,0.0335820566893534,-0.2542936716462278,0.1126503353433532,PUT,0.1126503353433532,0.0335820566893534,d65,event_option_mh30trail_clean1000_frozen2025_select2026_d65_return_deploy202607_QQQ_v1,3,-0.1,1,30,65,0.65,202602
QQQ,zero_dte,10:10,610,202603,20260302,0.6243243652508148,-0.6,0.1790730195912948,0.1512904811116058,CALL,0.1790730195912948,0.6243243652508148,d65,event_option_mh30trail_clean1000_frozen2025_select2026_d65_return_deploy202607_QQQ_v1,3,-0.1,1,30,65,0.65,202603
QQQ,zero_dte,10:25,625,202603,20260303,1.0,-0.6,0.4008554617565305,-0.5518938110370943,CALL,0.4008554617565305,1.0,d65,event_option_mh30trail_clean1000_frozen2025_select2026_d65_return_deploy202607_QQQ_v1,3,-0.1,1,30,65,0.65,202603
QQQ,zero_dte,10:30,630,202603,20260304,0.2007168281133622,0.2798012962707703,-0.2566564905180551,0.2152278066309708,PUT,0.2152278066309708,0.2798012962707703,d65,event_option_mh30trail_clean1000_frozen2025_select2026_d65_return_deploy202607_QQQ_v1,3,-0.1,1,30,65,0.65,202603
QQQ,zero_dte,10:00,600,202603,20260305,-0.6,1.777559123115226,0.013652937238916,0.2620957534631081,PUT,0.2620957534631081,1.777559123115226,d65,event_option_mh30trail_clean1000_frozen2025_select2026_d65_return_deploy202607_QQQ_v1,3,-0.1,1,30,65,0.65,202603
QQQ,zero_dte,10:15,615,202603,20260306,0.2866817223789375,-0.5820569157819007,-0.2346984923698067,-0.0275577267951701,PUT,-0.0275577267951701,-0.5820569157819007,d65,event_option_mh30trail_clean1000_frozen2025_select2026_d65_return_deploy202607_QQQ_v1,3,-0.1,1,30,65,0.65,202603
QQQ,zero_dte,10:15,615,202603,20260309,1.7323233095581043,-0.6,0.3196306343730473,-0.309423782213723,CALL,0.3196306343730473,1.7323233095581043,d65,event_option_mh30trail_clean1000_frozen2025_select2026_d65_return_deploy202607_QQQ_v1,3,-0.1,1,30,65,0.65,202603
QQQ,zero_dte,10:00,600,202603,20260310,1.1776528763362657,-0.6,0.2304562636430764,-0.0232815335557035,CALL,0.2304562636430764,1.1776528763362657,d65,event_option_mh30trail_clean1000_frozen2025_select2026_d65_return_deploy202607_QQQ_v1,3,-0.1,1,30,65,0.65,202603
QQQ,zero_dte,10:00,600,202603,20260311,-0.6,0.7293102008125634,-0.0154694056970659,0.320684515216512,PUT,0.320684515216512,0.7293102008125634,d65,event_option_mh30trail_clean1000_frozen2025_select2026_d65_return_deploy202607_QQQ_v1,3,-0.1,1,30,65,0.65,202603
QQQ,zero_dte,10:30,630,202603,20260312,-0.0319767824664761,-0.6,0.3117021555265677,-0.273177263881924,CALL,0.3117021555265677,-0.0319767824664761,d65,event_option_mh30trail_clean1000_frozen2025_select2026_d65_return_deploy202607_QQQ_v1,3,-0.1,1,30,65,0.65,202603
QQQ,zero_dte,10:15,615,202603,20260313,-0.6,0.319230739886944,-0.4252015276832271,0.1166492294114833,PUT,0.1166492294114833,0.319230739886944,d65,event_option_mh30trail_clean1000_frozen2025_select2026_d65_return_deploy202607_QQQ_v1,3,-0.1,1,30,65,0.65,202603
QQQ,zero_dte,10:10,610,202603,20260316,-0.6,0.6540000915527344,-0.4791635934222927,0.1897605530930642,PUT,0.1897605530930642,0.6540000915527344,d65,event_option_mh30trail_clean1000_frozen2025_select2026_d65_return_deploy202607_QQQ_v1,3,-0.1,1,30,65,0.65,202603
QQQ,zero_dte,10:00,600,202603,20260317,-0.6,0.3453307436312782,0.142056798104882,-0.0192277084401244,CALL,0.142056798104882,-0.6,d65,event_option_mh30trail_clean1000_frozen2025_select2026_d65_return_deploy202607_QQQ_v1,3,-0.1,1,30,65,0.65,202603
QQQ,zero_dte,10:25,625,202603,20260318,-0.3442029170167719,0.0765431921432311,0.324143781166424,-0.3107961365101094,CALL,0.324143781166424,-0.3442029170167719,d65,event_option_mh30trail_clean1000_frozen2025_select2026_d65_return_deploy202607_QQQ_v1,3,-0.1,1,30,65,0.65,202603
QQQ,zero_dte,10:00,600,202603,20260319,-0.6,0.4117646813908253,0.1766986976206843,-0.283290165741529,CALL,0.1766986976206843,-0.6,d65,event_option_mh30trail_clean1000_frozen2025_select2026_d65_return_deploy202607_QQQ_v1,3,-0.1,1,30,65,0.65,202603
QQQ,zero_dte,10:15,615,202603,20260320,-0.2377260633284121,-0.1272726799830911,0.2311445459747532,-0.5727599088119679,CALL,0.2311445459747532,-0.2377260633284121,d65,event_option_mh30trail_clean1000_frozen2025_select2026_d65_return_deploy202607_QQQ_v1,3,-0.1,1,30,65,0.65,202603
QQQ,zero_dte,10:20,620,202603,20260323,-0.6,0.995161371697499,-0.0238665058142793,0.2317347478553001,PUT,0.2317347478553001,0.995161371697499,d65,event_option_mh30trail_clean1000_frozen2025_select2026_d65_return_deploy202607_QQQ_v1,3,-0.1,1,30,65,0.65,202603
QQQ,zero_dte,10:55,655,202603,20260324,-0.6,0.448113201888725,0.2612853185619107,-0.1796876708417262,CALL,0.2612853185619107,-0.6,d65,event_option_mh30trail_clean1000_frozen2025_select2026_d65_return_deploy202607_QQQ_v1,3,-0.1,1,30,65,0.65,202603
QQQ,zero_dte,10:00,600,202603,20260325,0.5630312031837594,-0.6,0.1622475706079931,-0.2173403792952329,CALL,0.1622475706079931,0.5630312031837594,d65,event_option_mh30trail_clean1000_frozen2025_select2026_d65_return_deploy202607_QQQ_v1,3,-0.1,1,30,65,0.65,202603
QQQ,zero_dte,10:00,600,202603,20260326,-0.6,0.7375000121071933,0.2410468488074912,-0.0915659141120527,CALL,0.2410468488074912,-0.6,d65,event_option_mh30trail_clean1000_frozen2025_select2026_d65_return_deploy202607_QQQ_v1,3,-0.1,1,30,65,0.65,202603
QQQ,zero_dte,10:00,600,202603,20260327,-0.4525139441573061,0.0464396577342618,0.2128366499243604,-0.3163346121671643,CALL,0.2128366499243604,-0.4525139441573061,d65,event_option_mh30trail_clean1000_frozen2025_select2026_d65_return_deploy202607_QQQ_v1,3,-0.1,1,30,65,0.65,202603
QQQ,zero_dte,10:00,600,202603,20260330,-0.3446601643977164,-0.6,0.2621601217778908,-0.2457452239460953,CALL,0.2621601217778908,-0.3446601643977164,d65,event_option_mh30trail_clean1000_frozen2025_select2026_d65_return_deploy202607_QQQ_v1,3,-0.1,1,30,65,0.65,202603
QQQ,zero_dte,10:00,600,202603,20260331,-0.6,0.8097015796405618,-0.1584085173366839,0.1669541450017072,PUT,0.1669541450017072,0.8097015796405618,d65,event_option_mh30trail_clean1000_frozen2025_select2026_d65_return_deploy202607_QQQ_v1,3,-0.1,1,30,65,0.65,202603
QQQ,zero_dte,10:15,615,202604,20260402,1.3475000858306885,-0.6,0.2051873279130475,-0.27826894013387,CALL,0.2051873279130475,1.3475000858306885,d65,event_option_mh30trail_clean1000_frozen2025_select2026_d65_return_deploy202607_QQQ_v1,3,-0.1,1,30,65,0.65,202604
QQQ,zero_dte,10:00,600,202604,20260406,-0.6,0.4741378743356548,0.0180334219441031,-0.1302090942183152,CALL,0.0180334219441031,-0.6,d65,event_option_mh30trail_clean1000_frozen2025_select2026_d65_return_deploy202607_QQQ_v1,3,-0.1,1,30,65,0.65,202604
QQQ,zero_dte,10:10,610,202604,20260407,0.255263121570576,-0.6,0.1608734230613502,-0.1383928997860802,CALL,0.1608734230613502,0.255263121570576,d65,event_option_mh30trail_clean1000_frozen2025_select2026_d65_return_deploy202607_QQQ_v1,3,-0.1,1,30,65,0.65,202604
QQQ,zero_dte,10:00,600,202604,20260408,-0.6,0.4241936183496788,-0.3386685194820126,0.4227077729191446,PUT,0.4227077729191446,0.4241936183496788,d65,event_option_mh30trail_clean1000_frozen2025_select2026_d65_return_deploy202607_QQQ_v1,3,-0.1,1,30,65,0.65,202604
QQQ,zero_dte,10:00,600,202604,20260410,0.3394309045523216,-0.6,-0.0079303661967317,0.1130665332949793,PUT,0.1130665332949793,-0.6,d65,event_option_mh30trail_clean1000_frozen2025_select2026_d65_return_deploy202607_QQQ_v1,3,-0.1,1,30,65,0.65,202604
QQQ,zero_dte,10:00,600,202604,20260413,0.3234266311395184,0.3329146132017997,0.0782465515418417,0.0931205698227066,PUT,0.0931205698227066,0.3329146132017997,d65,event_option_mh30trail_clean1000_frozen2025_select2026_d65_return_deploy202607_QQQ_v1,3,-0.1,1,30,65,0.65,202604
QQQ,zero_dte,10:10,610,202604,20260414,1.358695706257524,-0.6,-0.0846540589280758,-0.0456560757849259,PUT,-0.0456560757849259,-0.6,d65,event_option_mh30trail_clean1000_frozen2025_select2026_d65_return_deploy202607_QQQ_v1,3,-0.1,1,30,65,0.65,202604
QQQ,zero_dte,10:00,600,202604,20260416,1.093749965075404,-0.6,0.1706474652430579,-0.1090440629618632,CALL,0.1706474652430579,1.093749965075404,d65,event_option_mh30trail_clean1000_frozen2025_select2026_d65_return_deploy202607_QQQ_v1,3,-0.1,1,30,65,0.65,202604
QQQ,zero_dte,10:00,600,202604,20260417,0.3962585232613,-0.6,-0.5084098145392655,0.2403618667937821,PUT,0.2403618667937821,-0.6,d65,event_option_mh30trail_clean1000_frozen2025_select2026_d65_return_deploy202607_QQQ_v1,3,-0.1,1,30,65,0.65,202604
QQQ,zero_dte,10:00,600,202604,20260420,-0.6,0.4279661924460303,0.1862254890663411,-0.2214627075461316,CALL,0.1862254890663411,-0.6,d65,event_option_mh30trail_clean1000_frozen2025_select2026_d65_return_deploy202607_QQQ_v1,3,-0.1,1,30,65,0.65,202604
QQQ,zero_dte,10:00,600,202604,20260421,-0.6,0.6789339579335234,-0.0925916319364754,-0.201835477364164,CALL,-0.0925916319364754,-0.6,d65,event_option_mh30trail_clean1000_frozen2025_select2026_d65_return_deploy202607_QQQ_v1,3,-0.1,1,30,65,0.65,202604
QQQ,zero_dte,10:05,605,202604,20260422,0.849526089378045,-0.6,0.174777556112956,-0.0918959831321089,CALL,0.174777556112956,0.849526089378045,d65,event_option_mh30trail_clean1000_frozen2025_select2026_d65_return_deploy202607_QQQ_v1,3,-0.1,1,30,65,0.65,202604
QQQ,zero_dte,10:00,600,202604,20260423,0.8997798041606666,-0.6,0.160628920552695,-0.2750326551380598,CALL,0.160628920552695,0.8997798041606666,d65,event_option_mh30trail_clean1000_frozen2025_select2026_d65_return_deploy202607_QQQ_v1,3,-0.1,1,30,65,0.65,202604
QQQ,zero_dte,10:00,600,202604,20260424,0.2636986167150361,-0.6,0.1300565674811941,-0.2064602553773084,CALL,0.1300565674811941,0.2636986167150361,d65,event_option_mh30trail_clean1000_frozen2025_select2026_d65_return_deploy202607_QQQ_v1,3,-0.1,1,30,65,0.65,202604
QQQ,zero_dte,10:00,600,202604,20260427,-0.6,0.270912481348053,0.3578592003225855,-0.3746265574580756,CALL,0.3578592003225855,-0.6,d65,event_option_mh30trail_clean1000_frozen2025_select2026_d65_return_deploy202607_QQQ_v1,3,-0.1,1,30,65,0.65,202604
QQQ,zero_dte,10:00,600,202604,20260428,-0.6,0.7971014909022149,0.2587963498156121,-0.1155451382509809,CALL,0.2587963498156121,-0.6,d65,event_option_mh30trail_clean1000_frozen2025_select2026_d65_return_deploy202607_QQQ_v1,3,-0.1,1,30,65,0.65,202604
QQQ,zero_dte,10:25,625,202604,20260429,-0.1338290430693848,0.1308593928260966,0.0038666472398716,0.1938780940967369,PUT,0.1938780940967369,0.1308593928260966,d65,event_option_mh30trail_clean1000_frozen2025_select2026_d65_return_deploy202607_QQQ_v1,3,-0.1,1,30,65,0.65,202604
QQQ,zero_dte,10:10,610,202604,20260430,0.7834262855892038,-0.6,0.1981874145011618,-0.1581366528342744,CALL,0.1981874145011618,0.7834262855892038,d65,event_option_mh30trail_clean1000_frozen2025_select2026_d65_return_deploy202607_QQQ_v1,3,-0.1,1,30,65,0.65,202604
QQQ,zero_dte,10:00,600,202605,20260501,-0.3283019217616415,0.4166667224370963,-0.3011492663139274,0.0635292685315036,PUT,0.0635292685315036,0.4166667224370963,d65,event_option_mh30trail_clean1000_frozen2025_select2026_d65_return_deploy202607_QQQ_v1,3,-0.1,1,30,65,0.65,202605
QQQ,zero_dte,10:00,600,202605,20260504,-0.6,0.5991379678001312,0.3129246702012166,-0.2361152365377884,CALL,0.3129246702012166,-0.6,d65,event_option_mh30trail_clean1000_frozen2025_select2026_d65_return_deploy202607_QQQ_v1,3,-0.1,1,30,65,0.65,202605
QQQ,zero_dte,10:05,605,202605,20260505,0.1234567671089119,-0.4541667121979907,-0.0708182326981996,0.0243225824361301,PUT,0.0243225824361301,-0.4541667121979907,d65,event_option_mh30trail_clean1000_frozen2025_select2026_d65_return_deploy202607_QQQ_v1,3,-0.1,1,30,65,0.65,202605
QQQ,zero_dte,10:10,610,202605,20260506,0.437943383533409,0.3481734742245572,-0.0046400041460132,-0.0970002221857322,CALL,-0.0046400041460132,0.437943383533409,d65,event_option_mh30trail_clean1000_frozen2025_select2026_d65_return_deploy202607_QQQ_v1,3,-0.1,1,30,65,0.65,202605
QQQ,zero_dte,10:10,610,202605,20260507,0.2668539606771873,0.3871681696004283,0.0264524707423689,0.0392854181081927,PUT,0.0392854181081927,0.3871681696004283,d65,event_option_mh30trail_clean1000_frozen2025_select2026_d65_return_deploy202607_QQQ_v1,3,-0.1,1,30,65,0.65,202605
QQQ,zero_dte,10:05,605,202605,20260508,0.3109756786456361,-0.6,-0.3566290585559427,0.1910177842929331,PUT,0.1910177842929331,-0.6,d65,event_option_mh30trail_clean1000_frozen2025_select2026_d65_return_deploy202607_QQQ_v1,3,-0.1,1,30,65,0.65,202605
QQQ,zero_dte,10:00,600,202605,20260511,0.5085301600758634,-0.6,0.2727172483408765,-0.2527147350879545,CALL,0.2727172483408765,0.5085301600758634,d65,event_option_mh30trail_clean1000_frozen2025_select2026_d65_return_deploy202607_QQQ_v1,3,-0.1,1,30,65,0.65,202605
QQQ,zero_dte,10:00,600,202605,20260512,-0.6,0.3227004067406949,-0.1788813491429614,0.2179666917233586,PUT,0.2179666917233586,0.3227004067406949,d65,event_option_mh30trail_clean1000_frozen2025_select2026_d65_return_deploy202607_QQQ_v1,3,-0.1,1,30,65,0.65,202605
QQQ,zero_dte,10:25,625,202605,20260513,0.2841614948222815,-0.6,0.2024684484190764,-0.1072937592768052,CALL,0.2024684484190764,0.2841614948222815,d65,event_option_mh30trail_clean1000_frozen2025_select2026_d65_return_deploy202607_QQQ_v1,3,-0.1,1,30,65,0.65,202605
QQQ,zero_dte,10:20,620,202605,20260514,0.3428753492483294,-0.6,0.1026851358296066,0.3232481608364176,PUT,0.3232481608364176,-0.6,d65,event_option_mh30trail_clean1000_frozen2025_select2026_d65_return_deploy202607_QQQ_v1,3,-0.1,1,30,65,0.65,202605
QQQ,zero_dte,10:20,620,202605,20260515,-0.1726457341570855,-0.3740053296987464,0.1298535047222856,0.0557009776284496,CALL,0.1298535047222856,-0.1726457341570855,d65,event_option_mh30trail_clean1000_frozen2025_select2026_d65_return_deploy202607_QQQ_v1,3,-0.1,1,30,65,0.65,202605
QQQ,zero_dte,10:05,605,202605,20260518,0.4349314889533817,0.4499999674883763,0.3846047681541865,-0.3315667555458625,CALL,0.3846047681541865,0.4349314889533817,d65,event_option_mh30trail_clean1000_frozen2025_select2026_d65_return_deploy202607_QQQ_v1,3,-0.1,1,30,65,0.65,202605
QQQ,zero_dte,10:20,620,202605,20260519,0.3479380480401133,-0.6,0.0252956173767205,-0.0340349427196343,CALL,0.0252956173767205,0.3479380480401133,d65,event_option_mh30trail_clean1000_frozen2025_select2026_d65_return_deploy202607_QQQ_v1,3,-0.1,1,30,65,0.65,202605
QQQ,zero_dte,10:05,605,202605,20260520,0.4420000076293946,-0.6,0.0780618150048361,0.1348938433923961,PUT,0.1348938433923961,-0.6,d65,event_option_mh30trail_clean1000_frozen2025_select2026_d65_return_deploy202607_QQQ_v1,3,-0.1,1,30,65,0.65,202605
QQQ,zero_dte,10:00,600,202605,20260521,-0.3747323279250947,0.5521108159501653,0.0232691173454814,-0.0531860625591522,CALL,0.0232691173454814,-0.3747323279250947,d65,event_option_mh30trail_clean1000_frozen2025_select2026_d65_return_deploy202607_QQQ_v1,3,-0.1,1,30,65,0.65,202605
QQQ,zero_dte,10:25,625,202605,20260522,0.5426829452673503,-0.6,0.1903412822428316,0.0031332520075854,CALL,0.1903412822428316,0.5426829452673503,d65,event_option_mh30trail_clean1000_frozen2025_select2026_d65_return_deploy202607_QQQ_v1,3,-0.1,1,30,65,0.65,202605
QQQ,zero_dte,10:20,620,202605,20260526,-0.6,0.3140000343322753,0.035520956516351,0.0405428174570878,PUT,0.0405428174570878,0.3140000343322753,d65,event_option_mh30trail_clean1000_frozen2025_select2026_d65_return_deploy202607_QQQ_v1,3,-0.1,1,30,65,0.65,202605
QQQ,zero_dte,10:25,625,202605,20260527,-0.0607902887546143,-0.6,0.328057457379811,-0.2398114346326145,CALL,0.328057457379811,-0.0607902887546143,d65,event_option_mh30trail_clean1000_frozen2025_select2026_d65_return_deploy202607_QQQ_v1,3,-0.1,1,30,65,0.65,202605
QQQ,zero_dte,10:15,615,202605,20260528,0.4178700062711833,-0.6,0.0512228798247209,0.0682605452494043,PUT,0.0682605452494043,-0.6,d65,event_option_mh30trail_clean1000_frozen2025_select2026_d65_return_deploy202607_QQQ_v1,3,-0.1,1,30,65,0.65,202605
QQQ,zero_dte,10:00,600,202605,20260529,-0.6,0.9507168281133622,-0.0062734621790024,-0.1770707723407135,CALL,-0.0062734621790024,-0.6,d65,event_option_mh30trail_clean1000_frozen2025_select2026_d65_return_deploy202607_QQQ_v1,3,-0.1,1,30,65,0.65,202605
QQQ,zero_dte,10:00,600,202606,20260601,0.8719511659314456,-0.6,-0.0360567193364697,-0.1991519595181579,CALL,-0.0360567193364697,0.8719511659314456,d65,event_option_mh30trail_clean1000_frozen2025_select2026_d65_return_deploy202607_QQQ_v1,3,-0.1,1,30,65,0.65,202606
QQQ,zero_dte,10:00,600,202606,20260602,0.2858361424818689,-0.6,0.2663792716443602,-0.0763933382722896,CALL,0.2663792716443602,0.2858361424818689,d65,event_option_mh30trail_clean1000_frozen2025_select2026_d65_return_deploy202607_QQQ_v1,3,-0.1,1,30,65,0.65,202606
QQQ,zero_dte,12:25,745,202606,20260603,0.4028925098736815,-0.6,-0.0300334639132157,-0.4129320224921457,CALL,-0.0300334639132157,0.4028925098736815,d65,event_option_mh30trail_clean1000_frozen2025_select2026_d65_return_deploy202607_QQQ_v1,3,-0.1,1,30,65,0.65,202606
QQQ,zero_dte,10:05,605,202606,20260604,0.5884401288097911,-0.6,-0.6062052291989777,0.4228406032805144,PUT,0.4228406032805144,-0.6,d65,event_option_mh30trail_clean1000_frozen2025_select2026_d65_return_deploy202607_QQQ_v1,3,-0.1,1,30,65,0.65,202606
QQQ,zero_dte,10:00,600,202606,20260605,0.326086989197254,0.3465665881624864,-0.1894720806577051,0.2450053773913889,PUT,0.2450053773913889,0.3465665881624864,d65,event_option_mh30trail_clean1000_frozen2025_select2026_d65_return_deploy202607_QQQ_v1,3,-0.1,1,30,65,0.65,202606
QQQ,zero_dte,10:00,600,202606,20260608,1.06304351143215,-0.6,0.161537402247027,0.1573552345480856,CALL,0.161537402247027,1.06304351143215,d65,event_option_mh30trail_clean1000_frozen2025_select2026_d65_return_deploy202607_QQQ_v1,3,-0.1,1,30,65,0.65,202606
QQQ,zero_dte,10:20,620,202606,20260609,-0.6,0.9083012887399136,0.2462338026586129,-0.0124228665974189,CALL,0.2462338026586129,-0.6,d65,event_option_mh30trail_clean1000_frozen2025_select2026_d65_return_deploy202607_QQQ_v1,3,-0.1,1,30,65,0.65,202606
QQQ,zero_dte,10:35,635,202606,20260610,-0.6,1.4385245696603208,0.0517843881627626,-0.073574856312131,CALL,0.0517843881627626,-0.6,d65,event_option_mh30trail_clean1000_frozen2025_select2026_d65_return_deploy202607_QQQ_v1,3,-0.1,1,30,65,0.65,202606
QQQ,zero_dte,10:55,655,202606,20260611,0.3760162349481313,-0.6,0.3002212468336362,-0.0793284963575607,CALL,0.3002212468336362,0.3760162349481313,d65,event_option_mh30trail_clean1000_frozen2025_select2026_d65_return_deploy202607_QQQ_v1,3,-0.1,1,30,65,0.65,202606
QQQ,zero_dte,10:10,610,202606,20260612,0.1045454647258623,0.4129922170412592,-0.2391375093083182,0.2764456817788929,PUT,0.2764456817788929,0.4129922170412592,d65,event_option_mh30trail_clean1000_frozen2025_select2026_d65_return_deploy202607_QQQ_v1,3,-0.1,1,30,65,0.65,202606
QQQ,zero_dte,10:05,605,202606,20260615,0.5587855832038973,-0.6,-0.4226076268893411,0.3534040709785632,PUT,0.3534040709785632,-0.6,d65,event_option_mh30trail_clean1000_frozen2025_select2026_d65_return_deploy202607_QQQ_v1,3,-0.1,1,30,65,0.65,202606
QQQ,zero_dte,10:10,610,202606,20260616,-0.6,1.4123376663588898,0.2244048622073842,-0.206281822947687,CALL,0.2244048622073842,-0.6,d65,event_option_mh30trail_clean1000_frozen2025_select2026_d65_return_deploy202607_QQQ_v1,3,-0.1,1,30,65,0.65,202606
QQQ,zero_dte,10:00,600,202606,20260617,-0.04023844700321,-0.1849192420224161,0.1241172963674341,0.199898447869788,PUT,0.199898447869788,-0.1849192420224161,d65,event_option_mh30trail_clean1000_frozen2025_select2026_d65_return_deploy202607_QQQ_v1,3,-0.1,1,30,65,0.65,202606
QQQ,zero_dte,10:25,625,202606,20260618,0.141876407733535,0.4943181533397227,-0.1396946896569313,0.0770987501242477,PUT,0.0770987501242477,0.4943181533397227,d65,event_option_mh30trail_clean1000_frozen2025_select2026_d65_return_deploy202607_QQQ_v1,3,-0.1,1,30,65,0.65,202606
QQQ,zero_dte,10:00,600,202606,20260622,-0.6,1.25958893372029,0.0115535253073107,0.0957401576483881,PUT,0.0957401576483881,1.25958893372029,d65,event_option_mh30trail_clean1000_frozen2025_select2026_d65_return_deploy202607_QQQ_v1,3,-0.1,1,30,65,0.65,202606
QQQ,zero_dte,10:20,620,202606,20260623,-0.6,0.5640590196833195,-0.3944685491345089,0.4163496094508357,PUT,0.4163496094508357,0.5640590196833195,d65,event_option_mh30trail_clean1000_frozen2025_select2026_d65_return_deploy202607_QQQ_v1,3,-0.1,1,30,65,0.65,202606
QQQ,zero_dte,10:20,620,202606,20260624,0.8155106259806053,-0.6,0.2387651260669279,-0.1562306146818236,CALL,0.2387651260669279,0.8155106259806053,d65,event_option_mh30trail_clean1000_frozen2025_select2026_d65_return_deploy202607_QQQ_v1,3,-0.1,1,30,65,0.65,202606
QQQ,zero_dte,10:20,620,202606,20260626,-0.2426778562678481,0.4740356498753006,0.0343566489890221,0.0661705962565167,PUT,0.0661705962565167,0.4740356498753006,d65,event_option_mh30trail_clean1000_frozen2025_select2026_d65_return_deploy202607_QQQ_v1,3,-0.1,1,30,65,0.65,202606
QQQ,zero_dte,11:30,690,202606,20260629,0.3191489655138304,-0.6,-0.2514699948298406,0.5201764114271399,PUT,0.5201764114271399,-0.6,d65,event_option_mh30trail_clean1000_frozen2025_select2026_d65_return_deploy202607_QQQ_v1,3,-0.1,1,30,65,0.65,202606
QQQ,zero_dte,10:05,605,202606,20260630,0.6871794263600222,-0.6,-0.0749708204686094,0.3390765179709031,PUT,0.3390765179709031,-0.6,d65,event_option_mh30trail_clean1000_frozen2025_select2026_d65_return_deploy202607_QQQ_v1,3,-0.1,1,30,65,0.65,202606
QQQ,zero_dte,10:00,600,202601,20260102,-0.6,2.5896627936220518,0.0278553442845295,0.0034295372569689,CALL,0.0278553442845295,-0.6,d80,event_option_mh30trail_clean1000_frozen2025_select2026_d80_return_deploy202607_QQQ_v1,4,0.0,1,30,80,0.8,202601
QQQ,zero_dte,10:10,610,202601,20260105,-0.323369574900329,0.164596262944296,-0.0769176444117615,0.0016190234451567,PUT,0.0016190234451567,0.164596262944296,d80,event_option_mh30trail_clean1000_frozen2025_select2026_d80_return_deploy202607_QQQ_v1,4,0.0,1,30,80,0.8,202601
QQQ,zero_dte,10:00,600,202601,20260106,-0.6,0.8329492267327647,-0.0551441408200974,0.0883331829296251,PUT,0.0883331829296251,0.8329492267327647,d80,event_option_mh30trail_clean1000_frozen2025_select2026_d80_return_deploy202607_QQQ_v1,4,0.0,1,30,80,0.8,202601
QQQ,zero_dte,10:00,600,202601,20260107,0.2556162701815461,-0.6,0.1379089310521084,-0.213550308488798,CALL,0.1379089310521084,0.2556162701815461,d80,event_option_mh30trail_clean1000_frozen2025_select2026_d80_return_deploy202607_QQQ_v1,4,0.0,1,30,80,0.8,202601
QQQ,zero_dte,11:35,695,202601,20260108,0.2550167176077065,-0.6,-0.1745906880403084,0.0479848120882447,PUT,0.0479848120882447,-0.6,d80,event_option_mh30trail_clean1000_frozen2025_select2026_d80_return_deploy202607_QQQ_v1,4,0.0,1,30,80,0.8,202601
QQQ,zero_dte,10:10,610,202601,20260109,0.607142820650217,-0.6,0.0354482866849766,0.0284539261342043,CALL,0.0354482866849766,0.607142820650217,d80,event_option_mh30trail_clean1000_frozen2025_select2026_d80_return_deploy202607_QQQ_v1,4,0.0,1,30,80,0.8,202601
QQQ,zero_dte,10:00,600,202601,20260112,0.4520123930419568,-0.6,-0.1152286932614171,0.0708285360751934,PUT,0.0708285360751934,-0.6,d80,event_option_mh30trail_clean1000_frozen2025_select2026_d80_return_deploy202607_QQQ_v1,4,0.0,1,30,80,0.8,202601
QQQ,zero_dte,10:20,620,202601,20260113,0.5346153507571256,-0.6,0.2011041428654053,-0.3308285467343517,CALL,0.2011041428654053,0.5346153507571256,d80,event_option_mh30trail_clean1000_frozen2025_select2026_d80_return_deploy202607_QQQ_v1,4,0.0,1,30,80,0.8,202601
QQQ,zero_dte,10:05,605,202601,20260114,-0.4482758719912604,0.2509381077884596,-0.0464908806302394,0.0264971176936432,PUT,0.0264971176936432,0.2509381077884596,d80,event_option_mh30trail_clean1000_frozen2025_select2026_d80_return_deploy202607_QQQ_v1,4,0.0,1,30,80,0.8,202601
QQQ,zero_dte,10:05,605,202601,20260115,-0.0880828817123247,-0.0805369154364508,0.1117903896841749,-0.0256237171127681,CALL,0.1117903896841749,-0.0880828817123247,d80,event_option_mh30trail_clean1000_frozen2025_select2026_d80_return_deploy202607_QQQ_v1,4,0.0,1,30,80,0.8,202601
QQQ,zero_dte,10:20,620,202601,20260116,0.0845986670695131,0.3804347681220146,0.0105394810118053,0.0665763561223103,PUT,0.0665763561223103,0.3804347681220146,d80,event_option_mh30trail_clean1000_frozen2025_select2026_d80_return_deploy202607_QQQ_v1,4,0.0,1,30,80,0.8,202601
QQQ,zero_dte,10:05,605,202601,20260120,-0.087412590618862,-0.0219378226986874,0.3930796493745885,-0.2830373214540434,CALL,0.3930796493745885,-0.087412590618862,d80,event_option_mh30trail_clean1000_frozen2025_select2026_d80_return_deploy202607_QQQ_v1,4,0.0,1,30,80,0.8,202601
QQQ,zero_dte,10:25,625,202601,20260121,0.3500000227065323,0.2158170908071519,0.0015464706855915,-0.118433188714661,CALL,0.0015464706855915,0.3500000227065323,d80,event_option_mh30trail_clean1000_frozen2025_select2026_d80_return_deploy202607_QQQ_v1,4,0.0,1,30,80,0.8,202601
QQQ,zero_dte,10:00,600,202601,20260122,0.7118997650457057,-0.6,0.2064239105666835,-0.1847008475066842,CALL,0.2064239105666835,0.7118997650457057,d80,event_option_mh30trail_clean1000_frozen2025_select2026_d80_return_deploy202607_QQQ_v1,4,0.0,1,30,80,0.8,202601
QQQ,zero_dte,10:25,625,202601,20260123,0.2554054323994734,0.2550167176077065,0.1513232342411662,-0.1728439346184328,CALL,0.1513232342411662,0.2554054323994734,d80,event_option_mh30trail_clean1000_frozen2025_select2026_d80_return_deploy202607_QQQ_v1,4,0.0,1,30,80,0.8,202601
QQQ,zero_dte,10:15,615,202601,20260126,0.3074229822825607,-0.6,0.0436567979446155,-0.2558897074491529,CALL,0.0436567979446155,0.3074229822825607,d80,event_option_mh30trail_clean1000_frozen2025_select2026_d80_return_deploy202607_QQQ_v1,4,0.0,1,30,80,0.8,202601
QQQ,zero_dte,10:00,600,202601,20260127,-0.0477816046806854,-0.1534785106230608,0.0868677768358653,-0.0256671148495303,CALL,0.0868677768358653,-0.0477816046806854,d80,event_option_mh30trail_clean1000_frozen2025_select2026_d80_return_deploy202607_QQQ_v1,4,0.0,1,30,80,0.8,202601
QQQ,zero_dte,10:00,600,202601,20260128,-0.3789308231506234,0.4870774765551124,-0.1810703585563739,0.2330462468860353,PUT,0.2330462468860353,0.4870774765551124,d80,event_option_mh30trail_clean1000_frozen2025_select2026_d80_return_deploy202607_QQQ_v1,4,0.0,1,30,80,0.8,202601
QQQ,zero_dte,10:15,615,202601,20260129,0.2320610310799185,0.5968810072243083,0.0116920254043839,-0.15670508611101,CALL,0.0116920254043839,0.2320610310799185,d80,event_option_mh30trail_clean1000_frozen2025_select2026_d80_return_deploy202607_QQQ_v1,4,0.0,1,30,80,0.8,202601
QQQ,zero_dte,10:00,600,202601,20260130,-0.5793650769622719,0.3455284111592298,0.0731503419050883,0.0315896075380822,CALL,0.0731503419050883,-0.5793650769622719,d80,event_option_mh30trail_clean1000_frozen2025_select2026_d80_return_deploy202607_QQQ_v1,4,0.0,1,30,80,0.8,202601
QQQ,zero_dte,10:15,615,202602,20260202,0.2749999761581421,-0.5288135717874693,0.1478053268925954,-0.3729319240110825,CALL,0.1478053268925954,0.2749999761581421,d80,event_option_mh30trail_clean1000_frozen2025_select2026_d80_return_deploy202607_QQQ_v1,4,0.0,1,30,80,0.8,202602
QQQ,zero_dte,10:25,625,202602,20260203,-0.6,0.4705240711149536,-0.0027458099842368,0.1927949407430788,PUT,0.1927949407430788,0.4705240711149536,d80,event_option_mh30trail_clean1000_frozen2025_select2026_d80_return_deploy202607_QQQ_v1,4,0.0,1,30,80,0.8,202602
QQQ,zero_dte,10:00,600,202602,20260204,-0.6,0.3727757781665379,0.1689421520782753,-0.1221201518711837,CALL,0.1689421520782753,-0.6,d80,event_option_mh30trail_clean1000_frozen2025_select2026_d80_return_deploy202607_QQQ_v1,4,0.0,1,30,80,0.8,202602
QQQ,zero_dte,10:15,615,202602,20260205,0.6922241366006006,-0.6,0.3240201086080514,-0.4513610233490722,CALL,0.3240201086080514,0.6922241366006006,d80,event_option_mh30trail_clean1000_frozen2025_select2026_d80_return_deploy202607_QQQ_v1,4,0.0,1,30,80,0.8,202602
QQQ,zero_dte,11:05,665,202602,20260206,0.4937162366985337,-0.6,-0.0527090371775432,0.1293999254769531,PUT,0.1293999254769531,-0.6,d80,event_option_mh30trail_clean1000_frozen2025_select2026_d80_return_deploy202607_QQQ_v1,4,0.0,1,30,80,0.8,202602
QQQ,zero_dte,10:10,610,202602,20260209,0.75,-0.6,-0.0050564983704422,0.1066123407782109,PUT,0.1066123407782109,-0.6,d80,event_option_mh30trail_clean1000_frozen2025_select2026_d80_return_deploy202607_QQQ_v1,4,0.0,1,30,80,0.8,202602
QQQ,zero_dte,10:05,605,202602,20260210,-0.3123595339468424,0.3264705832854275,0.1998541740647853,-0.3234091393074096,CALL,0.1998541740647853,-0.3123595339468424,d80,event_option_mh30trail_clean1000_frozen2025_select2026_d80_return_deploy202607_QQQ_v1,4,0.0,1,30,80,0.8,202602
QQQ,zero_dte,10:20,620,202602,20260211,0.3033661413993611,-0.6,0.103246231366218,-0.2355426873177999,CALL,0.103246231366218,0.3033661413993611,d80,event_option_mh30trail_clean1000_frozen2025_select2026_d80_return_deploy202607_QQQ_v1,4,0.0,1,30,80,0.8,202602
QQQ,zero_dte,10:00,600,202602,20260212,-0.6,1.691964341308541,0.1393809067277516,-0.1539186686292726,CALL,0.1393809067277516,-0.6,d80,event_option_mh30trail_clean1000_frozen2025_select2026_d80_return_deploy202607_QQQ_v1,4,0.0,1,30,80,0.8,202602
QQQ,zero_dte,10:30,630,202602,20260213,0.2077922624809032,0.4219999313354492,-0.0768149965580726,0.1000542892658741,PUT,0.1000542892658741,0.4219999313354492,d80,event_option_mh30trail_clean1000_frozen2025_select2026_d80_return_deploy202607_QQQ_v1,4,0.0,1,30,80,0.8,202602
QQQ,zero_dte,10:00,600,202602,20260217,0.777777851363761,-0.6,0.1726404962139355,-0.2457044799852721,CALL,0.1726404962139355,0.777777851363761,d80,event_option_mh30trail_clean1000_frozen2025_select2026_d80_return_deploy202607_QQQ_v1,4,0.0,1,30,80,0.8,202602
QQQ,zero_dte,10:05,605,202602,20260218,0.2358804120918616,-0.5190839812747385,-0.2668389882093595,0.4428266682399335,PUT,0.4428266682399335,-0.5190839812747385,d80,event_option_mh30trail_clean1000_frozen2025_select2026_d80_return_deploy202607_QQQ_v1,4,0.0,1,30,80,0.8,202602
QQQ,zero_dte,10:05,605,202602,20260219,-0.6,0.5899580692565041,0.0034585840688936,0.1058406195606978,PUT,0.1058406195606978,0.5899580692565041,d80,event_option_mh30trail_clean1000_frozen2025_select2026_d80_return_deploy202607_QQQ_v1,4,0.0,1,30,80,0.8,202602
QQQ,zero_dte,10:45,645,202602,20260220,0.1437247024135586,0.7397435997756665,-0.1397106767017231,0.1682466872637259,PUT,0.1682466872637259,0.7397435997756665,d80,event_option_mh30trail_clean1000_frozen2025_select2026_d80_return_deploy202607_QQQ_v1,4,0.0,1,30,80,0.8,202602
QQQ,zero_dte,10:05,605,202602,20260223,-0.6,0.5362902396241294,0.2632257092320335,-0.2280179061812841,CALL,0.2632257092320335,-0.6,d80,event_option_mh30trail_clean1000_frozen2025_select2026_d80_return_deploy202607_QQQ_v1,4,0.0,1,30,80,0.8,202602
QQQ,zero_dte,10:30,630,202602,20260224,-0.0664961597841037,-0.1362126535314662,0.0917125867304571,-0.1957696488016356,CALL,0.0917125867304571,-0.0664961597841037,d80,event_option_mh30trail_clean1000_frozen2025_select2026_d80_return_deploy202607_QQQ_v1,4,0.0,1,30,80,0.8,202602
QQQ,zero_dte,10:00,600,202602,20260225,-0.0098199576871416,-0.1249999426878394,-0.2409711884150394,0.3901650073258649,PUT,0.3901650073258649,-0.1249999426878394,d80,event_option_mh30trail_clean1000_frozen2025_select2026_d80_return_deploy202607_QQQ_v1,4,0.0,1,30,80,0.8,202602
QQQ,zero_dte,10:20,620,202602,20260226,-0.2255435182249944,0.0254237445665821,0.040508167676398,-0.0451381980569498,CALL,0.040508167676398,-0.2255435182249944,d80,event_option_mh30trail_clean1000_frozen2025_select2026_d80_return_deploy202607_QQQ_v1,4,0.0,1,30,80,0.8,202602
QQQ,zero_dte,10:10,610,202602,20260227,-0.2936803212854253,0.1749459876368384,-0.0669136228897584,0.1686576195773968,PUT,0.1686576195773968,0.1749459876368384,d80,event_option_mh30trail_clean1000_frozen2025_select2026_d80_return_deploy202607_QQQ_v1,4,0.0,1,30,80,0.8,202602
QQQ,zero_dte,10:10,610,202603,20260302,0.4733333587646484,-0.6,0.0299283117984367,-0.1817788749266407,CALL,0.0299283117984367,0.4733333587646484,d80,event_option_mh30trail_clean1000_frozen2025_select2026_d80_return_deploy202607_QQQ_v1,4,0.0,1,30,80,0.8,202603
QQQ,zero_dte,10:25,625,202603,20260303,0.7857142781116524,-0.6,0.3794589081337584,-0.5195938780576577,CALL,0.3794589081337584,0.7857142781116524,d80,event_option_mh30trail_clean1000_frozen2025_select2026_d80_return_deploy202607_QQQ_v1,4,0.0,1,30,80,0.8,202603
QQQ,zero_dte,10:30,630,202603,20260304,0.2147806747256919,-0.4190981251192883,-0.046859845855163,0.2048250088658392,PUT,0.2048250088658392,-0.4190981251192883,d80,event_option_mh30trail_clean1000_frozen2025_select2026_d80_return_deploy202607_QQQ_v1,4,0.0,1,30,80,0.8,202603
QQQ,zero_dte,10:00,600,202603,20260305,-0.6,1.308441720899154,-0.0452902930294609,0.0637527865562189,PUT,0.0637527865562189,1.308441720899154,d80,event_option_mh30trail_clean1000_frozen2025_select2026_d80_return_deploy202607_QQQ_v1,4,0.0,1,30,80,0.8,202603
QQQ,zero_dte,10:15,615,202603,20260306,0.2878788064881354,-0.4683333237965902,0.003434203479721,-0.0151229021018267,CALL,0.003434203479721,0.2878788064881354,d80,event_option_mh30trail_clean1000_frozen2025_select2026_d80_return_deploy202607_QQQ_v1,4,0.0,1,30,80,0.8,202603
QQQ,zero_dte,10:15,615,202603,20260309,1.258064585595426,-0.6,0.3619872348580989,-0.6172953335739245,CALL,0.3619872348580989,1.258064585595426,d80,event_option_mh30trail_clean1000_frozen2025_select2026_d80_return_deploy202607_QQQ_v1,4,0.0,1,30,80,0.8,202603
QQQ,zero_dte,10:10,610,202603,20260310,0.5252660126768933,-0.6,0.021107402938064,-0.0953681177826521,CALL,0.021107402938064,0.5252660126768933,d80,event_option_mh30trail_clean1000_frozen2025_select2026_d80_return_deploy202607_QQQ_v1,4,0.0,1,30,80,0.8,202603
QQQ,zero_dte,10:00,600,202603,20260311,-0.6,0.760723850307905,0.0266037119900424,0.0988287845189205,PUT,0.0988287845189205,0.760723850307905,d80,event_option_mh30trail_clean1000_frozen2025_select2026_d80_return_deploy202607_QQQ_v1,4,0.0,1,30,80,0.8,202603
QQQ,zero_dte,10:30,630,202603,20260312,0.0472854604418067,-0.2303571399681422,0.1919220108823407,-0.5069152868634446,CALL,0.1919220108823407,0.0472854604418067,d80,event_option_mh30trail_clean1000_frozen2025_select2026_d80_return_deploy202607_QQQ_v1,4,0.0,1,30,80,0.8,202603
QQQ,zero_dte,10:15,615,202603,20260313,-0.6,0.5882352747822306,-0.2181917332292684,0.1767182961435522,PUT,0.1767182961435522,0.5882352747822306,d80,event_option_mh30trail_clean1000_frozen2025_select2026_d80_return_deploy202607_QQQ_v1,4,0.0,1,30,80,0.8,202603
QQQ,zero_dte,10:10,610,202603,20260316,-0.365999984741211,0.6449043345483316,-0.2431906497066039,0.2810241097644376,PUT,0.2810241097644376,0.6449043345483316,d80,event_option_mh30trail_clean1000_frozen2025_select2026_d80_return_deploy202607_QQQ_v1,4,0.0,1,30,80,0.8,202603
QQQ,zero_dte,10:00,600,202603,20260317,-0.6,0.3281250360887493,0.1394546656651994,-0.0917293609446783,CALL,0.1394546656651994,-0.6,d80,event_option_mh30trail_clean1000_frozen2025_select2026_d80_return_deploy202607_QQQ_v1,4,0.0,1,30,80,0.8,202603
QQQ,zero_dte,10:35,635,202603,20260318,0.0399999618530273,-0.1061775544641486,0.0311083443861318,0.0245665806110046,CALL,0.0311083443861318,0.0399999618530273,d80,event_option_mh30trail_clean1000_frozen2025_select2026_d80_return_deploy202607_QQQ_v1,4,0.0,1,30,80,0.8,202603
QQQ,zero_dte,10:00,600,202603,20260319,-0.3392568473699735,0.1775509935972448,0.1951819027421195,-0.1300583702596672,CALL,0.1951819027421195,-0.3392568473699735,d80,event_option_mh30trail_clean1000_frozen2025_select2026_d80_return_deploy202607_QQQ_v1,4,0.0,1,30,80,0.8,202603
QQQ,zero_dte,10:15,615,202603,20260320,-0.1068139856430737,-0.0368097818513822,0.1929300757774451,-0.1056658219695946,CALL,0.1929300757774451,-0.1068139856430737,d80,event_option_mh30trail_clean1000_frozen2025_select2026_d80_return_deploy202607_QQQ_v1,4,0.0,1,30,80,0.8,202603
QQQ,zero_dte,10:20,620,202603,20260323,-0.6,1.001111136542426,0.0343268000649779,-0.0347068965397659,CALL,0.0343268000649779,-0.6,d80,event_option_mh30trail_clean1000_frozen2025_select2026_d80_return_deploy202607_QQQ_v1,4,0.0,1,30,80,0.8,202603
QQQ,zero_dte,10:55,655,202603,20260324,-0.3380000114440917,0.2676715753797769,0.2663985430628474,-0.357555086682299,CALL,0.2663985430628474,-0.3380000114440917,d80,event_option_mh30trail_clean1000_frozen2025_select2026_d80_return_deploy202607_QQQ_v1,4,0.0,1,30,80,0.8,202603
QQQ,zero_dte,10:20,620,202603,20260325,-0.3675957736608435,0.644150516242648,-0.0946267818444735,0.2169563094904182,PUT,0.2169563094904182,0.644150516242648,d80,event_option_mh30trail_clean1000_frozen2025_select2026_d80_return_deploy202607_QQQ_v1,4,0.0,1,30,80,0.8,202603
QQQ,zero_dte,10:00,600,202603,20260326,-0.6,0.4557569088263979,0.1887054499848662,-0.0333247069050083,CALL,0.1887054499848662,-0.6,d80,event_option_mh30trail_clean1000_frozen2025_select2026_d80_return_deploy202607_QQQ_v1,4,0.0,1,30,80,0.8,202603
QQQ,zero_dte,10:00,600,202603,20260327,-0.1072463989257812,0.1106290102546878,0.3224503044086605,-0.396775382404392,CALL,0.3224503044086605,-0.1072463989257812,d80,event_option_mh30trail_clean1000_frozen2025_select2026_d80_return_deploy202607_QQQ_v1,4,0.0,1,30,80,0.8,202603
QQQ,zero_dte,10:00,600,202603,20260330,-0.2168486582798868,-0.0080482824027412,0.2292519055975873,-0.3763144224249792,CALL,0.2292519055975873,-0.2168486582798868,d80,event_option_mh30trail_clean1000_frozen2025_select2026_d80_return_deploy202607_QQQ_v1,4,0.0,1,30,80,0.8,202603
QQQ,zero_dte,10:00,600,202603,20260331,0.3313953660298241,0.3803571910578385,-0.1454174452242005,0.2990958530734007,PUT,0.2990958530734007,0.3803571910578385,d80,event_option_mh30trail_clean1000_frozen2025_select2026_d80_return_deploy202607_QQQ_v1,4,0.0,1,30,80,0.8,202603
QQQ,zero_dte,10:15,615,202604,20260402,0.7146393219335307,-0.6,0.0869928551860846,-0.0679876766571164,CALL,0.0869928551860846,0.7146393219335307,d80,event_option_mh30trail_clean1000_frozen2025_select2026_d80_return_deploy202607_QQQ_v1,4,0.0,1,30,80,0.8,202604
QQQ,zero_dte,10:00,600,202604,20260406,-0.4335060461140242,0.5899999618530274,-0.0599899451154574,0.0424295292338007,PUT,0.0424295292338007,0.5899999618530274,d80,event_option_mh30trail_clean1000_frozen2025_select2026_d80_return_deploy202607_QQQ_v1,4,0.0,1,30,80,0.8,202604
QQQ,zero_dte,10:10,610,202604,20260407,0.6597353112070075,-0.6,0.0641414567828468,-0.0377091023940277,CALL,0.0641414567828468,0.6597353112070075,d80,event_option_mh30trail_clean1000_frozen2025_select2026_d80_return_deploy202607_QQQ_v1,4,0.0,1,30,80,0.8,202604
QQQ,zero_dte,10:00,600,202604,20260408,0.17337999378358,0.478506727287556,-0.2067065087820102,0.405279769330806,PUT,0.405279769330806,0.478506727287556,d80,event_option_mh30trail_clean1000_frozen2025_select2026_d80_return_deploy202607_QQQ_v1,4,0.0,1,30,80,0.8,202604
QQQ,zero_dte,10:00,600,202604,20260410,-0.2249093721156254,0.2316259447004804,0.0705353662930379,-0.1048215051710416,CALL,0.0705353662930379,-0.2249093721156254,d80,event_option_mh30trail_clean1000_frozen2025_select2026_d80_return_deploy202607_QQQ_v1,4,0.0,1,30,80,0.8,202604
QQQ,zero_dte,10:00,600,202604,20260413,0.4199999703301325,-0.4585635082570547,0.200223733521768,-0.1653547130135822,CALL,0.200223733521768,0.4199999703301325,d80,event_option_mh30trail_clean1000_frozen2025_select2026_d80_return_deploy202607_QQQ_v1,4,0.0,1,30,80,0.8,202604
QQQ,zero_dte,10:10,610,202604,20260414,1.1258065662324528,-0.6,-0.1019233515671918,0.0858018201332549,PUT,0.0858018201332549,-0.6,d80,event_option_mh30trail_clean1000_frozen2025_select2026_d80_return_deploy202607_QQQ_v1,4,0.0,1,30,80,0.8,202604
QQQ,zero_dte,10:00,600,202604,20260416,0.8925532135071941,-0.6,0.0770332624928483,-0.346418523708946,CALL,0.0770332624928483,0.8925532135071941,d80,event_option_mh30trail_clean1000_frozen2025_select2026_d80_return_deploy202607_QQQ_v1,4,0.0,1,30,80,0.8,202604
QQQ,zero_dte,10:00,600,202604,20260417,0.404850750418011,-0.6,-0.3428557161307153,0.2559362964090028,PUT,0.2559362964090028,-0.6,d80,event_option_mh30trail_clean1000_frozen2025_select2026_d80_return_deploy202607_QQQ_v1,4,0.0,1,30,80,0.8,202604
QQQ,zero_dte,10:00,600,202604,20260420,-0.6,0.75,0.0966882209048228,-0.3364096264382105,CALL,0.0966882209048228,-0.6,d80,event_option_mh30trail_clean1000_frozen2025_select2026_d80_return_deploy202607_QQQ_v1,4,0.0,1,30,80,0.8,202604
QQQ,zero_dte,10:10,610,202604,20260421,-0.6,0.8255666780190745,0.191951383255577,-0.2697215333758072,CALL,0.191951383255577,-0.6,d80,event_option_mh30trail_clean1000_frozen2025_select2026_d80_return_deploy202607_QQQ_v1,4,0.0,1,30,80,0.8,202604
QQQ,zero_dte,10:05,605,202604,20260422,0.4593022275834981,-0.6,0.1799551039654161,-0.1522086722880529,CALL,0.1799551039654161,0.4593022275834981,d80,event_option_mh30trail_clean1000_frozen2025_select2026_d80_return_deploy202607_QQQ_v1,4,0.0,1,30,80,0.8,202604
QQQ,zero_dte,10:00,600,202604,20260423,0.4441964554182271,-0.6,0.0057924753657108,-0.1852901455798233,CALL,0.0057924753657108,0.4441964554182271,d80,event_option_mh30trail_clean1000_frozen2025_select2026_d80_return_deploy202607_QQQ_v1,4,0.0,1,30,80,0.8,202604
QQQ,zero_dte,10:10,610,202604,20260424,0.572988506251116,-0.6,0.0615943485311261,0.0034846719369519,CALL,0.0615943485311261,0.572988506251116,d80,event_option_mh30trail_clean1000_frozen2025_select2026_d80_return_deploy202607_QQQ_v1,4,0.0,1,30,80,0.8,202604
QQQ,zero_dte,10:00,600,202604,20260427,-0.0652173304602857,0.3170731436950968,0.3786783140194649,-0.4260895538876589,CALL,0.3786783140194649,-0.0652173304602857,d80,event_option_mh30trail_clean1000_frozen2025_select2026_d80_return_deploy202607_QQQ_v1,4,0.0,1,30,80,0.8,202604
QQQ,zero_dte,10:00,600,202604,20260428,-0.6,0.3288042874397661,0.158680943925035,-0.1625070525320581,CALL,0.158680943925035,-0.6,d80,event_option_mh30trail_clean1000_frozen2025_select2026_d80_return_deploy202607_QQQ_v1,4,0.0,1,30,80,0.8,202604
QQQ,zero_dte,10:25,625,202604,20260429,-0.085005932034212,0.1210453424914053,-0.1241178269484395,0.1734225066043123,PUT,0.1734225066043123,0.1210453424914053,d80,event_option_mh30trail_clean1000_frozen2025_select2026_d80_return_deploy202607_QQQ_v1,4,0.0,1,30,80,0.8,202604
QQQ,zero_dte,10:10,610,202604,20260430,0.6986089841577299,-0.6,0.2129331133147217,-0.2750326404405313,CALL,0.2129331133147217,0.6986089841577299,d80,event_option_mh30trail_clean1000_frozen2025_select2026_d80_return_deploy202607_QQQ_v1,4,0.0,1,30,80,0.8,202604
QQQ,zero_dte,10:00,600,202605,20260501,-0.2441176878952226,0.1000000346790661,-0.1435836346665447,0.3463308930176162,PUT,0.3463308930176162,0.1000000346790661,d80,event_option_mh30trail_clean1000_frozen2025_select2026_d80_return_deploy202607_QQQ_v1,4,0.0,1,30,80,0.8,202605
QQQ,zero_dte,10:00,600,202605,20260504,-0.6,0.6126350191343293,0.3066523371880248,-0.369736974953787,CALL,0.3066523371880248,-0.6,d80,event_option_mh30trail_clean1000_frozen2025_select2026_d80_return_deploy202607_QQQ_v1,4,0.0,1,30,80,0.8,202605
QQQ,zero_dte,10:05,605,202605,20260505,0.1271393548964761,-0.1800281555234877,0.1213069786278821,-0.0667918197416443,CALL,0.1213069786278821,0.1271393548964761,d80,event_option_mh30trail_clean1000_frozen2025_select2026_d80_return_deploy202607_QQQ_v1,4,0.0,1,30,80,0.8,202605
QQQ,zero_dte,10:25,625,202605,20260506,0.4095745760156581,-0.6,0.0928113538585725,-0.2700911341579119,CALL,0.0928113538585725,0.4095745760156581,d80,event_option_mh30trail_clean1000_frozen2025_select2026_d80_return_deploy202607_QQQ_v1,4,0.0,1,30,80,0.8,202605
QQQ,zero_dte,10:30,630,202605,20260507,-0.6,0.9873736291232866,0.0472067100772973,-0.2324100884182076,CALL,0.0472067100772973,-0.6,d80,event_option_mh30trail_clean1000_frozen2025_select2026_d80_return_deploy202607_QQQ_v1,4,0.0,1,30,80,0.8,202605
QQQ,zero_dte,10:05,605,202605,20260508,0.6754716594094452,-0.6,-0.2513214577666344,0.1171715608293569,PUT,0.1171715608293569,-0.6,d80,event_option_mh30trail_clean1000_frozen2025_select2026_d80_return_deploy202607_QQQ_v1,4,0.0,1,30,80,0.8,202605
QQQ,zero_dte,10:00,600,202605,20260511,0.311594187562342,-0.6,0.3144916338216032,-0.3880791723335408,CALL,0.3144916338216032,0.311594187562342,d80,event_option_mh30trail_clean1000_frozen2025_select2026_d80_return_deploy202607_QQQ_v1,4,0.0,1,30,80,0.8,202605
QQQ,zero_dte,10:00,600,202605,20260512,-0.6,0.7962633868641031,-0.4064649441188074,0.2258881971010975,PUT,0.2258881971010975,0.7962633868641031,d80,event_option_mh30trail_clean1000_frozen2025_select2026_d80_return_deploy202607_QQQ_v1,4,0.0,1,30,80,0.8,202605
QQQ,zero_dte,10:25,625,202605,20260513,0.78141144292649,-0.6,0.2308437504330698,-0.2264550387142037,CALL,0.2308437504330698,0.78141144292649,d80,event_option_mh30trail_clean1000_frozen2025_select2026_d80_return_deploy202607_QQQ_v1,4,0.0,1,30,80,0.8,202605
QQQ,zero_dte,10:20,620,202605,20260514,-0.1095007768376006,0.0186721312334956,-0.0544687391356949,0.124572355464897,PUT,0.124572355464897,0.0186721312334956,d80,event_option_mh30trail_clean1000_frozen2025_select2026_d80_return_deploy202607_QQQ_v1,4,0.0,1,30,80,0.8,202605
QQQ,zero_dte,10:20,620,202605,20260515,-0.0369822472685554,-0.1751701002996126,-0.0078853726008891,0.1768462593377369,PUT,0.1768462593377369,-0.1751701002996126,d80,event_option_mh30trail_clean1000_frozen2025_select2026_d80_return_deploy202607_QQQ_v1,4,0.0,1,30,80,0.8,202605
QQQ,zero_dte,10:05,605,202605,20260518,-0.6,0.5717054062985385,0.2670164826898712,-0.3230949540484158,CALL,0.2670164826898712,-0.6,d80,event_option_mh30trail_clean1000_frozen2025_select2026_d80_return_deploy202607_QQQ_v1,4,0.0,1,30,80,0.8,202605
QQQ,zero_dte,10:20,620,202605,20260519,0.3461539247075766,-0.6,0.2270796429587753,-0.1921088000338964,CALL,0.2270796429587753,0.3461539247075766,d80,event_option_mh30trail_clean1000_frozen2025_select2026_d80_return_deploy202607_QQQ_v1,4,0.0,1,30,80,0.8,202605
QQQ,zero_dte,10:05,605,202605,20260520,0.5189873400742859,-0.6,0.041119300056743,-0.1009432992901506,CALL,0.041119300056743,0.5189873400742859,d80,event_option_mh30trail_clean1000_frozen2025_select2026_d80_return_deploy202607_QQQ_v1,4,0.0,1,30,80,0.8,202605
QQQ,zero_dte,10:00,600,202605,20260521,-0.1780029010469715,-0.0827921695905454,-0.0320289514943987,0.0889702527599469,PUT,0.0889702527599469,-0.0827921695905454,d80,event_option_mh30trail_clean1000_frozen2025_select2026_d80_return_deploy202607_QQQ_v1,4,0.0,1,30,80,0.8,202605
QQQ,zero_dte,10:25,625,202605,20260522,0.3881460537731205,-0.6,0.1391831356524257,-0.2161962933666026,CALL,0.1391831356524257,0.3881460537731205,d80,event_option_mh30trail_clean1000_frozen2025_select2026_d80_return_deploy202607_QQQ_v1,4,0.0,1,30,80,0.8,202605
QQQ,zero_dte,10:40,640,202605,20260526,-0.6,1.1836282432749965,-0.2127194524320086,0.2069292111944068,PUT,0.2069292111944068,1.1836282432749965,d80,event_option_mh30trail_clean1000_frozen2025_select2026_d80_return_deploy202607_QQQ_v1,4,0.0,1,30,80,0.8,202605
QQQ,zero_dte,10:25,625,202605,20260527,-0.0121457372640801,-0.1660583657381017,0.2160149737780671,-0.4135923978024536,CALL,0.2160149737780671,-0.0121457372640801,d80,event_option_mh30trail_clean1000_frozen2025_select2026_d80_return_deploy202607_QQQ_v1,4,0.0,1,30,80,0.8,202605
QQQ,zero_dte,10:15,615,202605,20260528,0.5082158142475353,-0.6,-0.1082728720103734,0.0983898427265142,PUT,0.0983898427265142,-0.6,d80,event_option_mh30trail_clean1000_frozen2025_select2026_d80_return_deploy202607_QQQ_v1,4,0.0,1,30,80,0.8,202605
QQQ,zero_dte,10:00,600,202605,20260529,-0.6,0.5889423980691761,0.1527033919742527,-0.2089124078616414,CALL,0.1527033919742527,-0.6,d80,event_option_mh30trail_clean1000_frozen2025_select2026_d80_return_deploy202607_QQQ_v1,4,0.0,1,30,80,0.8,202605
QQQ,zero_dte,10:00,600,202606,20260601,0.8026533179680537,-0.6,0.104241435404158,-0.1902123623263252,CALL,0.104241435404158,0.8026533179680537,d80,event_option_mh30trail_clean1000_frozen2025_select2026_d80_return_deploy202607_QQQ_v1,4,0.0,1,30,80,0.8,202606
QQQ,zero_dte,10:00,600,202606,20260602,0.3090211366077127,-0.4908350147265965,0.2082755718872161,-0.3267764048466298,CALL,0.2082755718872161,0.3090211366077127,d80,event_option_mh30trail_clean1000_frozen2025_select2026_d80_return_deploy202607_QQQ_v1,4,0.0,1,30,80,0.8,202606
QQQ,zero_dte,12:35,755,202606,20260603,0.4211956477725778,-0.6,0.1380909724490134,-0.1192788548538015,CALL,0.1380909724490134,0.4211956477725778,d80,event_option_mh30trail_clean1000_frozen2025_select2026_d80_return_deploy202607_QQQ_v1,4,0.0,1,30,80,0.8,202606
QQQ,zero_dte,10:05,605,202606,20260604,0.318253938939717,-0.6,-0.4921839899809967,0.3617311570219948,PUT,0.3617311570219948,-0.6,d80,event_option_mh30trail_clean1000_frozen2025_select2026_d80_return_deploy202607_QQQ_v1,4,0.0,1,30,80,0.8,202606
QQQ,zero_dte,10:00,600,202606,20260605,-0.6,0.9585105352601792,-0.1181722062307473,0.1561852210085783,PUT,0.1561852210085783,0.9585105352601792,d80,event_option_mh30trail_clean1000_frozen2025_select2026_d80_return_deploy202607_QQQ_v1,4,0.0,1,30,80,0.8,202606
QQQ,zero_dte,10:00,600,202606,20260608,0.659722146336682,-0.6,-0.0656511191947571,0.0053978992727141,PUT,0.0053978992727141,-0.6,d80,event_option_mh30trail_clean1000_frozen2025_select2026_d80_return_deploy202607_QQQ_v1,4,0.0,1,30,80,0.8,202606
QQQ,zero_dte,10:45,645,202606,20260609,-0.6,0.3092747818985435,-0.0638439853656005,0.1305840530451896,PUT,0.1305840530451896,0.3092747818985435,d80,event_option_mh30trail_clean1000_frozen2025_select2026_d80_return_deploy202607_QQQ_v1,4,0.0,1,30,80,0.8,202606
QQQ,zero_dte,10:35,635,202606,20260610,-0.6,1.1390785086616737,0.0696964206833653,-0.1137686070700303,CALL,0.0696964206833653,-0.6,d80,event_option_mh30trail_clean1000_frozen2025_select2026_d80_return_deploy202607_QQQ_v1,4,0.0,1,30,80,0.8,202606
QQQ,zero_dte,10:55,655,202606,20260611,0.3452381222696814,-0.6,0.2246675496820757,-0.289600897953079,CALL,0.2246675496820757,0.3452381222696814,d80,event_option_mh30trail_clean1000_frozen2025_select2026_d80_return_deploy202607_QQQ_v1,4,0.0,1,30,80,0.8,202606
QQQ,zero_dte,10:10,610,202606,20260612,0.1408199541981345,-0.4139387503442845,-0.2470716409630934,0.014926584166931,PUT,0.014926584166931,-0.4139387503442845,d80,event_option_mh30trail_clean1000_frozen2025_select2026_d80_return_deploy202607_QQQ_v1,4,0.0,1,30,80,0.8,202606
QQQ,zero_dte,10:05,605,202606,20260615,0.2966034881278845,-0.6,-0.1831994293358392,0.1911537753533117,PUT,0.1911537753533117,-0.6,d80,event_option_mh30trail_clean1000_frozen2025_select2026_d80_return_deploy202607_QQQ_v1,4,0.0,1,30,80,0.8,202606
QQQ,zero_dte,10:10,610,202606,20260616,-0.6,0.9722222222222224,0.1844303663423941,-0.4742944673848881,CALL,0.1844303663423941,-0.6,d80,event_option_mh30trail_clean1000_frozen2025_select2026_d80_return_deploy202607_QQQ_v1,4,0.0,1,30,80,0.8,202606
QQQ,zero_dte,10:00,600,202606,20260617,0.0691514894554445,-0.1657963454601865,0.1315087381428021,-0.1479351534155772,CALL,0.1315087381428021,0.0691514894554445,d80,event_option_mh30trail_clean1000_frozen2025_select2026_d80_return_deploy202607_QQQ_v1,4,0.0,1,30,80,0.8,202606
QQQ,zero_dte,10:25,625,202606,20260618,0.2675634483865121,-0.4168066991856262,0.0134347122673245,0.0252462531168148,PUT,0.0252462531168148,-0.4168066991856262,d80,event_option_mh30trail_clean1000_frozen2025_select2026_d80_return_deploy202607_QQQ_v1,4,0.0,1,30,80,0.8,202606
QQQ,zero_dte,10:00,600,202606,20260622,-0.6,0.814761933826265,-0.157763657553916,0.0940057431485422,PUT,0.0940057431485422,0.814761933826265,d80,event_option_mh30trail_clean1000_frozen2025_select2026_d80_return_deploy202607_QQQ_v1,4,0.0,1,30,80,0.8,202606
QQQ,zero_dte,10:20,620,202606,20260623,-0.6,0.9389763507539096,0.0344580926730411,0.1173847929397446,PUT,0.1173847929397446,0.9389763507539096,d80,event_option_mh30trail_clean1000_frozen2025_select2026_d80_return_deploy202607_QQQ_v1,4,0.0,1,30,80,0.8,202606
QQQ,zero_dte,10:20,620,202606,20260624,0.3929341503314789,-0.6,0.0740503298082831,-0.3060869450327101,CALL,0.0740503298082831,0.3929341503314789,d80,event_option_mh30trail_clean1000_frozen2025_select2026_d80_return_deploy202607_QQQ_v1,4,0.0,1,30,80,0.8,202606
QQQ,zero_dte,10:20,620,202606,20260626,-0.1439394315685873,0.3392857717278328,-0.0716859479580491,0.1441881660897366,PUT,0.1441881660897366,0.3392857717278328,d80,event_option_mh30trail_clean1000_frozen2025_select2026_d80_return_deploy202607_QQQ_v1,4,0.0,1,30,80,0.8,202606
QQQ,zero_dte,11:30,690,202606,20260629,0.7313916029900005,-0.6,-0.2518222166652979,0.2219541546029958,PUT,0.2219541546029958,-0.6,d80,event_option_mh30trail_clean1000_frozen2025_select2026_d80_return_deploy202607_QQQ_v1,4,0.0,1,30,80,0.8,202606
QQQ,zero_dte,10:20,620,202606,20260630,0.4673629236318508,-0.6,-0.2215854745147823,0.2851298929785129,PUT,0.2851298929785129,-0.6,d80,event_option_mh30trail_clean1000_frozen2025_select2026_d80_return_deploy202607_QQQ_v1,4,0.0,1,30,80,0.8,202606
SPXW,zero_dte,11:35,695,202601,20260102,-0.6,1.0192308891454438,-0.0378651364042695,0.3799784893035915,PUT,0.3799784893035915,1.0192308891454438,d25,event_option_mh30trail_clean1000_frozen2025_select2026_d25_return_deploy202607_SPXW_v1,0,0.3,2,30,25,0.25,202601
SPXW,zero_dte,12:55,775,202601,20260102,-0.6,0.3124999767169361,0.3114226065838145,0.0066692116812036,CALL,0.3114226065838145,-0.6,d25,event_option_mh30trail_clean1000_frozen2025_select2026_d25_return_deploy202607_SPXW_v1,0,0.3,2,30,25,0.25,202601
SPXW,zero_dte,12:30,750,202601,20260105,-0.6,0.7925533555438005,0.361977137772804,-0.2174817225511339,CALL,0.361977137772804,-0.6,d25,event_option_mh30trail_clean1000_frozen2025_select2026_d25_return_deploy202607_SPXW_v1,0,0.3,2,30,25,0.25,202601
SPXW,zero_dte,13:00,780,202601,20260105,-0.6,1.344594664256706,0.3440460816342054,-0.0982459272926517,CALL,0.3440460816342054,-0.6,d25,event_option_mh30trail_clean1000_frozen2025_select2026_d25_return_deploy202607_SPXW_v1,0,0.3,2,30,25,0.25,202601
SPXW,zero_dte,10:35,635,202601,20260106,-0.6,1.2923728402610903,-0.2794622143409033,0.43498672011426,PUT,0.43498672011426,1.2923728402610903,d25,event_option_mh30trail_clean1000_frozen2025_select2026_d25_return_deploy202607_SPXW_v1,0,0.3,2,30,25,0.25,202601
SPXW,zero_dte,11:40,700,202601,20260106,0.9722221829763664,0.3017240869020894,0.3783836444196539,0.0003679492548535,CALL,0.3783836444196539,0.9722221829763664,d25,event_option_mh30trail_clean1000_frozen2025_select2026_d25_return_deploy202607_SPXW_v1,0,0.3,2,30,25,0.25,202601
SPXW,zero_dte,10:40,640,202601,20260107,0.3951613101701217,-0.6,-0.0382291101155179,0.4243593067375714,PUT,0.4243593067375714,-0.6,d25,event_option_mh30trail_clean1000_frozen2025_select2026_d25_return_deploy202607_SPXW_v1,0,0.3,2,30,25,0.25,202601
SPXW,zero_dte,11:40,700,202601,20260107,2.1944444542559083,-0.6,-0.2314594530243719,0.3219666524949117,PUT,0.3219666524949117,-0.6,d25,event_option_mh30trail_clean1000_frozen2025_select2026_d25_return_deploy202607_SPXW_v1,0,0.3,2,30,25,0.25,202601
SPXW,zero_dte,10:05,605,202601,20260108,0.2990196555085211,-0.6,-0.617943136401448,0.4550015533733418,PUT,0.4550015533733418,-0.6,d25,event_option_mh30trail_clean1000_frozen2025_select2026_d25_return_deploy202607_SPXW_v1,0,0.3,2,30,25,0.25,202601
SPXW,zero_dte,10:35,635,202601,20260108,0.3088235417864311,-0.6,-0.574000087548647,0.5111505693077056,PUT,0.5111505693077056,-0.6,d25,event_option_mh30trail_clean1000_frozen2025_select2026_d25_return_deploy202607_SPXW_v1,0,0.3,2,30,25,0.25,202601
SPXW,zero_dte,13:05,785,202601,20260112,0.3597561117441157,-0.6,-0.4172574690395073,0.3148823384898431,PUT,0.3148823384898431,-0.6,d25,event_option_mh30trail_clean1000_frozen2025_select2026_d25_return_deploy202607_SPXW_v1,0,0.3,2,30,25,0.25,202601
SPXW,zero_dte,10:10,610,202601,20260113,-0.6,0.5185185226066285,-0.5337589145664103,0.5187172707268568,PUT,0.5187172707268568,0.5185185226066285,d25,event_option_mh30trail_clean1000_frozen2025_select2026_d25_return_deploy202607_SPXW_v1,0,0.3,2,30,25,0.25,202601
SPXW,zero_dte,11:55,715,202601,20260113,-0.6,0.9785714830671036,-0.5927108481823937,0.3840077538930866,PUT,0.3840077538930866,0.9785714830671036,d25,event_option_mh30trail_clean1000_frozen2025_select2026_d25_return_deploy202607_SPXW_v1,0,0.3,2,30,25,0.25,202601
SPXW,zero_dte,10:15,615,202601,20260114,-0.6,1.5346154433030348,-0.4320857844733813,0.3714431604193287,PUT,0.3714431604193287,1.5346154433030348,d25,event_option_mh30trail_clean1000_frozen2025_select2026_d25_return_deploy202607_SPXW_v1,0,0.3,2,30,25,0.25,202601
SPXW,zero_dte,10:50,650,202601,20260114,0.75,-0.6,-0.0458251996343455,0.3186761322004741,PUT,0.3186761322004741,-0.6,d25,event_option_mh30trail_clean1000_frozen2025_select2026_d25_return_deploy202607_SPXW_v1,0,0.3,2,30,25,0.25,202601
SPXW,zero_dte,10:00,600,202601,20260115,0.29040400148253,-0.6,0.0899843982712065,0.3387210979980381,PUT,0.3387210979980381,-0.6,d25,event_option_mh30trail_clean1000_frozen2025_select2026_d25_return_deploy202607_SPXW_v1,0,0.3,2,30,25,0.25,202601
SPXW,zero_dte,10:30,630,202601,20260115,0.2749999761581421,0.8055556365001371,-0.1278624071486841,0.3567245809101326,PUT,0.3567245809101326,0.8055556365001371,d25,event_option_mh30trail_clean1000_frozen2025_select2026_d25_return_deploy202607_SPXW_v1,0,0.3,2,30,25,0.25,202601
SPXW,zero_dte,10:00,600,202601,20260116,-0.6,0.3189655314160862,-0.575822339686284,0.4628662694821807,PUT,0.4628662694821807,0.3189655314160862,d25,event_option_mh30trail_clean1000_frozen2025_select2026_d25_return_deploy202607_SPXW_v1,0,0.3,2,30,25,0.25,202601
SPXW,zero_dte,10:45,645,202601,20260116,0.9704546013646862,-0.6,-0.5280765451722119,0.3342877162386328,PUT,0.3342877162386328,-0.6,d25,event_option_mh30trail_clean1000_frozen2025_select2026_d25_return_deploy202607_SPXW_v1,0,0.3,2,30,25,0.25,202601
SPXW,zero_dte,10:25,625,202601,20260120,-0.6,-0.6,-0.3764265441771589,0.5631549577328625,PUT,0.5631549577328625,-0.6,d25,event_option_mh30trail_clean1000_frozen2025_select2026_d25_return_deploy202607_SPXW_v1,0,0.3,2,30,25,0.25,202601
SPXW,zero_dte,11:35,695,202601,20260120,-0.6,0.7948980128055103,0.3337405694369309,0.1704591716131175,CALL,0.3337405694369309,-0.6,d25,event_option_mh30trail_clean1000_frozen2025_select2026_d25_return_deploy202607_SPXW_v1,0,0.3,2,30,25,0.25,202601
SPXW,zero_dte,10:30,630,202601,20260121,1.2666667082953094,-0.6,-0.0554062523244832,0.3299815427150267,PUT,0.3299815427150267,-0.6,d25,event_option_mh30trail_clean1000_frozen2025_select2026_d25_return_deploy202607_SPXW_v1,0,0.3,2,30,25,0.25,202601
SPXW,zero_dte,11:15,675,202601,20260121,-0.6,2.959302227583498,-0.1773637630865864,0.3487075892748772,PUT,0.3487075892748772,2.959302227583498,d25,event_option_mh30trail_clean1000_frozen2025_select2026_d25_return_deploy202607_SPXW_v1,0,0.3,2,30,25,0.25,202601
SPXW,zero_dte,10:25,625,202601,20260122,0.4959016041036763,-0.6,-0.3554534515617207,0.3010106778171334,PUT,0.3010106778171334,-0.6,d25,event_option_mh30trail_clean1000_frozen2025_select2026_d25_return_deploy202607_SPXW_v1,0,0.3,2,30,25,0.25,202601
SPXW,zero_dte,10:00,600,202601,20260123,0.453056838573753,-0.6,-0.4899431864410856,0.4142714620020379,PUT,0.4142714620020379,-0.6,d25,event_option_mh30trail_clean1000_frozen2025_select2026_d25_return_deploy202607_SPXW_v1,0,0.3,2,30,25,0.25,202601
SPXW,zero_dte,10:40,640,202601,20260126,0.4833333757188585,-0.6,-0.4296549364227164,0.3037643847098328,PUT,0.3037643847098328,-0.6,d25,event_option_mh30trail_clean1000_frozen2025_select2026_d25_return_deploy202607_SPXW_v1,0,0.3,2,30,25,0.25,202601
SPXW,zero_dte,11:10,670,202601,20260126,0.306603835120498,-0.6,-0.3767731356068897,0.3172912871676091,PUT,0.3172912871676091,-0.6,d25,event_option_mh30trail_clean1000_frozen2025_select2026_d25_return_deploy202607_SPXW_v1,0,0.3,2,30,25,0.25,202601
SPXW,zero_dte,10:40,640,202601,20260127,0.5100000381469727,-0.6,-0.3694244624144842,0.3090126021687335,PUT,0.3090126021687335,-0.6,d25,event_option_mh30trail_clean1000_frozen2025_select2026_d25_return_deploy202607_SPXW_v1,0,0.3,2,30,25,0.25,202601
SPXW,zero_dte,10:20,620,202601,20260128,-0.6,0.3136364329944958,-0.5610956974139006,0.313845387358904,PUT,0.313845387358904,0.3136364329944958,d25,event_option_mh30trail_clean1000_frozen2025_select2026_d25_return_deploy202607_SPXW_v1,0,0.3,2,30,25,0.25,202601
SPXW,zero_dte,11:00,660,202601,20260128,-0.6,0.311403494095501,-0.5034458982678783,0.3186762988497972,PUT,0.3186762988497972,0.311403494095501,d25,event_option_mh30trail_clean1000_frozen2025_select2026_d25_return_deploy202607_SPXW_v1,0,0.3,2,30,25,0.25,202601
SPXW,zero_dte,10:10,610,202601,20260129,-0.6,1.2705478270923187,-0.5361802994854875,0.3497121138332025,PUT,0.3497121138332025,1.2705478270923187,d25,event_option_mh30trail_clean1000_frozen2025_select2026_d25_return_deploy202607_SPXW_v1,0,0.3,2,30,25,0.25,202601
SPXW,zero_dte,11:15,675,202601,20260129,0.3879309806188722,-0.6,-0.2718180410401787,0.3313725237782338,PUT,0.3313725237782338,-0.6,d25,event_option_mh30trail_clean1000_frozen2025_select2026_d25_return_deploy202607_SPXW_v1,0,0.3,2,30,25,0.25,202601
SPXW,zero_dte,10:00,600,202601,20260130,0.7817460005095347,-0.6,-0.070699181231235,0.3101769777967685,PUT,0.3101769777967685,-0.6,d25,event_option_mh30trail_clean1000_frozen2025_select2026_d25_return_deploy202607_SPXW_v1,0,0.3,2,30,25,0.25,202601
SPXW,zero_dte,10:30,630,202601,20260130,1.4537037265971198,-0.6,-0.1614784806600546,0.3129502514074133,PUT,0.3129502514074133,-0.6,d25,event_option_mh30trail_clean1000_frozen2025_select2026_d25_return_deploy202607_SPXW_v1,0,0.3,2,30,25,0.25,202601
SPXW,zero_dte,10:15,615,202602,20260203,-0.6,0.3880951400606931,-0.5161373296226928,0.4823838460670185,PUT,0.4823838460670185,0.3880951400606931,d25,event_option_mh30trail_clean1000_frozen2025_select2026_d25_return_deploy202607_SPXW_v1,0,0.3,2,30,25,0.25,202602
SPXW,zero_dte,11:10,670,202602,20260203,-0.6,0.6428572432119035,-0.4949784057729809,0.5182947806991197,PUT,0.5182947806991197,0.6428572432119035,d25,event_option_mh30trail_clean1000_frozen2025_select2026_d25_return_deploy202607_SPXW_v1,0,0.3,2,30,25,0.25,202602
SPXW,zero_dte,10:25,625,202602,20260204,-0.6,1.28606565719457,-0.3598266481964692,0.5390319244151468,PUT,0.5390319244151468,1.28606565719457,d25,event_option_mh30trail_clean1000_frozen2025_select2026_d25_return_deploy202607_SPXW_v1,0,0.3,2,30,25,0.25,202602
SPXW,zero_dte,11:10,670,202602,20260204,0.3988889058430989,0.635245931113289,-0.287979232850586,0.3722706346960236,PUT,0.3722706346960236,0.635245931113289,d25,event_option_mh30trail_clean1000_frozen2025_select2026_d25_return_deploy202607_SPXW_v1,0,0.3,2,30,25,0.25,202602
SPXW,zero_dte,10:25,625,202602,20260206,0.2528902396886854,-0.6,-0.0985766851907893,0.5128839994865662,PUT,0.5128839994865662,-0.6,d25,event_option_mh30trail_clean1000_frozen2025_select2026_d25_return_deploy202607_SPXW_v1,0,0.3,2,30,25,0.25,202602
SPXW,zero_dte,10:55,655,202602,20260206,0.6499999761581421,-0.6,-0.2405584106542335,0.3927311241357392,PUT,0.3927311241357392,-0.6,d25,event_option_mh30trail_clean1000_frozen2025_select2026_d25_return_deploy202607_SPXW_v1,0,0.3,2,30,25,0.25,202602
SPXW,zero_dte,10:10,610,202602,20260209,1.0636363828477775,-0.6,-0.6898535552044998,0.3607529001972009,PUT,0.3607529001972009,-0.6,d25,event_option_mh30trail_clean1000_frozen2025_select2026_d25_return_deploy202607_SPXW_v1,0,0.3,2,30,25,0.25,202602
SPXW,zero_dte,11:10,670,202602,20260209,0.275423704156654,-0.6,-0.0940457430034863,0.3144075972071546,PUT,0.3144075972071546,-0.6,d25,event_option_mh30trail_clean1000_frozen2025_select2026_d25_return_deploy202607_SPXW_v1,0,0.3,2,30,25,0.25,202602
SPXW,zero_dte,10:05,605,202602,20260210,-0.6,0.2857143799869397,-0.2244563856302935,0.4224299717622388,PUT,0.4224299717622388,0.2857143799869397,d25,event_option_mh30trail_clean1000_frozen2025_select2026_d25_return_deploy202607_SPXW_v1,0,0.3,2,30,25,0.25,202602
SPXW,zero_dte,10:20,620,202602,20260211,0.2661290173724087,-0.6,-0.2880397963680444,0.3745556993519328,PUT,0.3745556993519328,-0.6,d25,event_option_mh30trail_clean1000_frozen2025_select2026_d25_return_deploy202607_SPXW_v1,0,0.3,2,30,25,0.25,202602
SPXW,zero_dte,10:05,605,202602,20260212,-0.6,0.4960316931699815,-0.2455468325287692,0.4157060831486417,PUT,0.4157060831486417,0.4960316931699815,d25,event_option_mh30trail_clean1000_frozen2025_select2026_d25_return_deploy202607_SPXW_v1,0,0.3,2,30,25,0.25,202602
SPXW,zero_dte,10:35,635,202602,20260212,-0.6,3.0961540789293904,-0.5362166058779172,0.4273757170774191,PUT,0.4273757170774191,3.0961540789293904,d25,event_option_mh30trail_clean1000_frozen2025_select2026_d25_return_deploy202607_SPXW_v1,0,0.3,2,30,25,0.25,202602
SPXW,zero_dte,10:15,615,202602,20260213,0.4460783882903751,-0.6,0.4322363081809608,-0.2592401357708392,CALL,0.4322363081809608,0.4460783882903751,d25,event_option_mh30trail_clean1000_frozen2025_select2026_d25_return_deploy202607_SPXW_v1,0,0.3,2,30,25,0.25,202602
SPXW,zero_dte,10:45,645,202602,20260213,0.2944444020589192,-0.6,0.3436378148028211,-0.4449257782016181,CALL,0.3436378148028211,0.2944444020589192,d25,event_option_mh30trail_clean1000_frozen2025_select2026_d25_return_deploy202607_SPXW_v1,0,0.3,2,30,25,0.25,202602
SPXW,zero_dte,10:10,610,202602,20260217,0.6170076804317925,-0.6,0.3765557710763798,-0.1287186346280592,CALL,0.3765557710763798,0.6170076804317925,d25,event_option_mh30trail_clean1000_frozen2025_select2026_d25_return_deploy202607_SPXW_v1,0,0.3,2,30,25,0.25,202602
SPXW,zero_dte,11:15,675,202602,20260217,-0.6,0.3907355162402841,-0.0448024089497947,0.3837163481520005,PUT,0.3837163481520005,0.3907355162402841,d25,event_option_mh30trail_clean1000_frozen2025_select2026_d25_return_deploy202607_SPXW_v1,0,0.3,2,30,25,0.25,202602
SPXW,zero_dte,10:15,615,202602,20260218,-0.6,-0.6,-0.364560809555209,0.5656982277601967,PUT,0.5656982277601967,-0.6,d25,event_option_mh30trail_clean1000_frozen2025_select2026_d25_return_deploy202607_SPXW_v1,0,0.3,2,30,25,0.25,202602
SPXW,zero_dte,10:45,645,202602,20260218,-0.6,-0.6,-0.4868699189815201,0.3605301740220606,PUT,0.3605301740220606,-0.6,d25,event_option_mh30trail_clean1000_frozen2025_select2026_d25_return_deploy202607_SPXW_v1,0,0.3,2,30,25,0.25,202602
SPXW,zero_dte,10:05,605,202602,20260219,-0.6,0.2272727223467237,-0.4398271201611237,0.3637570525571107,PUT,0.3637570525571107,0.2272727223467237,d25,event_option_mh30trail_clean1000_frozen2025_select2026_d25_return_deploy202607_SPXW_v1,0,0.3,2,30,25,0.25,202602
SPXW,zero_dte,10:35,635,202602,20260219,-0.6,0.3470149423688899,-0.3434605659431181,0.4791918310627451,PUT,0.4791918310627451,0.3470149423688899,d25,event_option_mh30trail_clean1000_frozen2025_select2026_d25_return_deploy202607_SPXW_v1,0,0.3,2,30,25,0.25,202602
SPXW,zero_dte,10:05,605,202602,20260223,-0.6,0.7173913865999841,-0.2852042487386819,0.3232751972516924,PUT,0.3232751972516924,0.7173913865999841,d25,event_option_mh30trail_clean1000_frozen2025_select2026_d25_return_deploy202607_SPXW_v1,0,0.3,2,30,25,0.25,202602
SPXW,zero_dte,10:45,645,202602,20260223,-0.6,1.747032855920747,-0.5673864345487185,0.3818461243485977,PUT,0.3818461243485977,1.747032855920747,d25,event_option_mh30trail_clean1000_frozen2025_select2026_d25_return_deploy202607_SPXW_v1,0,0.3,2,30,25,0.25,202602
SPXW,zero_dte,10:35,635,202602,20260224,0.4078948078393285,-0.6,-0.3950532064325281,0.3009907767522178,PUT,0.3009907767522178,-0.6,d25,event_option_mh30trail_clean1000_frozen2025_select2026_d25_return_deploy202607_SPXW_v1,0,0.3,2,30,25,0.25,202602
SPXW,zero_dte,11:05,665,202602,20260224,0.4527027323090999,0.3313953230482889,-0.3672266944946333,0.5527839990924671,PUT,0.5527839990924671,0.3313953230482889,d25,event_option_mh30trail_clean1000_frozen2025_select2026_d25_return_deploy202607_SPXW_v1,0,0.3,2,30,25,0.25,202602
SPXW,zero_dte,10:10,610,202602,20260225,0.25,-0.6,-0.477773416783659,0.5933816777148292,PUT,0.5933816777148292,-0.6,d25,event_option_mh30trail_clean1000_frozen2025_select2026_d25_return_deploy202607_SPXW_v1,0,0.3,2,30,25,0.25,202602
SPXW,zero_dte,11:00,660,202602,20260225,0.275423704156654,-0.6,-0.3168751467097283,0.3128387043268224,PUT,0.3128387043268224,-0.6,d25,event_option_mh30trail_clean1000_frozen2025_select2026_d25_return_deploy202607_SPXW_v1,0,0.3,2,30,25,0.25,202602
SPXW,zero_dte,10:25,625,202602,20260226,0.3611112067728892,-0.6,-0.1248118047077737,0.3120259408859395,PUT,0.3120259408859395,-0.6,d25,event_option_mh30trail_clean1000_frozen2025_select2026_d25_return_deploy202607_SPXW_v1,0,0.3,2,30,25,0.25,202602
SPXW,zero_dte,12:45,765,202602,20260226,0.7738096157169165,-0.6,-0.3787978867993634,0.502291356781122,PUT,0.502291356781122,-0.6,d25,event_option_mh30trail_clean1000_frozen2025_select2026_d25_return_deploy202607_SPXW_v1,0,0.3,2,30,25,0.25,202602
SPXW,zero_dte,10:05,605,202602,20260227,-0.6,-0.6,-0.5645145894897865,0.5311759408975961,PUT,0.5311759408975961,-0.6,d25,event_option_mh30trail_clean1000_frozen2025_select2026_d25_return_deploy202607_SPXW_v1,0,0.3,2,30,25,0.25,202602
SPXW,zero_dte,10:35,635,202602,20260227,0.3071428026471818,-0.6,-0.2522359139636879,0.3645049847206535,PUT,0.3645049847206535,-0.6,d25,event_option_mh30trail_clean1000_frozen2025_select2026_d25_return_deploy202607_SPXW_v1,0,0.3,2,30,25,0.25,202602
SPXW,zero_dte,10:05,605,202603,20260302,-0.6,0.3657894588243267,-0.38054565554576,0.31373917187866,PUT,0.31373917187866,0.3657894588243267,d25,event_option_mh30trail_clean1000_frozen2025_select2026_d25_return_deploy202607_SPXW_v1,0,0.3,2,30,25,0.25,202603
SPXW,zero_dte,10:45,645,202603,20260302,-0.6,-0.6,-0.2342938813376761,0.3150197147777188,PUT,0.3150197147777188,-0.6,d25,event_option_mh30trail_clean1000_frozen2025_select2026_d25_return_deploy202607_SPXW_v1,0,0.3,2,30,25,0.25,202603
SPXW,zero_dte,12:00,720,202603,20260303,0.559090874411843,-0.6,0.3306508743626721,-0.1002789276719508,CALL,0.3306508743626721,0.559090874411843,d25,event_option_mh30trail_clean1000_frozen2025_select2026_d25_return_deploy202607_SPXW_v1,0,0.3,2,30,25,0.25,202603
SPXW,zero_dte,12:45,765,202603,20260303,0.559090874411843,0.2651515370448651,0.3571365686841474,-0.0346502866641326,CALL,0.3571365686841474,0.559090874411843,d25,event_option_mh30trail_clean1000_frozen2025_select2026_d25_return_deploy202607_SPXW_v1,0,0.3,2,30,25,0.25,202603
SPXW,zero_dte,10:35,635,202603,20260304,0.3100000381469727,0.3470149423688899,-0.3427957523210713,0.371709348630671,PUT,0.371709348630671,0.3470149423688899,d25,event_option_mh30trail_clean1000_frozen2025_select2026_d25_return_deploy202607_SPXW_v1,0,0.3,2,30,25,0.25,202603
SPXW,zero_dte,11:10,670,202603,20260304,-0.2727272670975541,0.3906249755527828,-0.417239391990252,0.403266386166041,PUT,0.403266386166041,0.3906249755527828,d25,event_option_mh30trail_clean1000_frozen2025_select2026_d25_return_deploy202607_SPXW_v1,0,0.3,2,30,25,0.25,202603
SPXW,zero_dte,10:00,600,202603,20260305,-0.6,3.207236960777947,-0.688347549128928,0.5265914414725364,PUT,0.5265914414725364,3.207236960777947,d25,event_option_mh30trail_clean1000_frozen2025_select2026_d25_return_deploy202607_SPXW_v1,0,0.3,2,30,25,0.25,202603
SPXW,zero_dte,10:35,635,202603,20260305,0.5703124132705866,-0.6,0.3769825850635898,-0.3354504234051045,CALL,0.3769825850635898,0.5703124132705866,d25,event_option_mh30trail_clean1000_frozen2025_select2026_d25_return_deploy202607_SPXW_v1,0,0.3,2,30,25,0.25,202603
SPXW,zero_dte,14:15,855,202603,20260306,-0.6,0.6777107990744993,0.4089036737885002,-0.196899212580843,CALL,0.4089036737885002,-0.6,d25,event_option_mh30trail_clean1000_frozen2025_select2026_d25_return_deploy202607_SPXW_v1,0,0.3,2,30,25,0.25,202603
SPXW,zero_dte,11:00,660,202603,20260309,0.5371222263946343,-0.6,0.3688476535495485,-0.2432539309671125,CALL,0.3688476535495485,0.5371222263946343,d25,event_option_mh30trail_clean1000_frozen2025_select2026_d25_return_deploy202607_SPXW_v1,0,0.3,2,30,25,0.25,202603
SPXW,zero_dte,11:35,695,202603,20260309,1.1747786863752605,-0.6,0.321278123163582,-0.2406827733238893,CALL,0.321278123163582,1.1747786863752605,d25,event_option_mh30trail_clean1000_frozen2025_select2026_d25_return_deploy202607_SPXW_v1,0,0.3,2,30,25,0.25,202603
SPXW,zero_dte,10:00,600,202603,20260310,0.7653846740722656,-0.6,0.3389357273108296,-0.0830756058639665,CALL,0.3389357273108296,0.7653846740722656,d25,event_option_mh30trail_clean1000_frozen2025_select2026_d25_return_deploy202607_SPXW_v1,0,0.3,2,30,25,0.25,202603
SPXW,zero_dte,10:30,630,202603,20260310,1.2999999523162842,-0.6,-0.2134626339219792,0.3996206449090199,PUT,0.3996206449090199,-0.6,d25,event_option_mh30trail_clean1000_frozen2025_select2026_d25_return_deploy202607_SPXW_v1,0,0.3,2,30,25,0.25,202603
SPXW,zero_dte,10:00,600,202603,20260311,-0.6,1.8777776095111705,-0.1356460312928644,0.3445325080898552,PUT,0.3445325080898552,1.8777776095111705,d25,event_option_mh30trail_clean1000_frozen2025_select2026_d25_return_deploy202607_SPXW_v1,0,0.3,2,30,25,0.25,202603
SPXW,zero_dte,12:05,725,202603,20260311,0.5861111968387815,-0.6,0.0868460811594474,0.3258276483484379,PUT,0.3258276483484379,-0.6,d25,event_option_mh30trail_clean1000_frozen2025_select2026_d25_return_deploy202607_SPXW_v1,0,0.3,2,30,25,0.25,202603
SPXW,zero_dte,10:20,620,202603,20260312,-0.6,0.3700000762939452,0.4079100326767707,-0.2435967854163488,CALL,0.4079100326767707,-0.6,d25,event_option_mh30trail_clean1000_frozen2025_select2026_d25_return_deploy202607_SPXW_v1,0,0.3,2,30,25,0.25,202603
SPXW,zero_dte,13:25,805,202603,20260312,-0.6,0.9221311747723444,0.3840340014384168,0.189072663141717,CALL,0.3840340014384168,-0.6,d25,event_option_mh30trail_clean1000_frozen2025_select2026_d25_return_deploy202607_SPXW_v1,0,0.3,2,30,25,0.25,202603
SPXW,zero_dte,10:45,645,202603,20260313,-0.6,0.5867346581296597,0.4123200587872172,-0.2802663367258693,CALL,0.4123200587872172,-0.6,d25,event_option_mh30trail_clean1000_frozen2025_select2026_d25_return_deploy202607_SPXW_v1,0,0.3,2,30,25,0.25,202603
SPXW,zero_dte,11:25,685,202603,20260313,-0.6,0.2563290474526001,0.3236199503400965,-0.4528449943872507,CALL,0.3236199503400965,-0.6,d25,event_option_mh30trail_clean1000_frozen2025_select2026_d25_return_deploy202607_SPXW_v1,0,0.3,2,30,25,0.25,202603
SPXW,zero_dte,10:15,615,202603,20260316,-0.6,0.8833333333333333,-0.2117098327638519,0.461206390686396,PUT,0.461206390686396,0.8833333333333333,d25,event_option_mh30trail_clean1000_frozen2025_select2026_d25_return_deploy202607_SPXW_v1,0,0.3,2,30,25,0.25,202603
SPXW,zero_dte,10:50,650,202603,20260316,0.6056701395815454,-0.6,0.3520439661112208,0.1510534686589816,CALL,0.3520439661112208,0.6056701395815454,d25,event_option_mh30trail_clean1000_frozen2025_select2026_d25_return_deploy202607_SPXW_v1,0,0.3,2,30,25,0.25,202603
SPXW,zero_dte,11:30,690,202603,20260317,-0.6,1.2036586960038602,0.3139956053937422,-0.5089751670843572,CALL,0.3139956053937422,-0.6,d25,event_option_mh30trail_clean1000_frozen2025_select2026_d25_return_deploy202607_SPXW_v1,0,0.3,2,30,25,0.25,202603
SPXW,zero_dte,10:05,605,202603,20260318,-0.6,0.6833332909478083,0.3728964687299823,0.1090917229122121,CALL,0.3728964687299823,-0.6,d25,event_option_mh30trail_clean1000_frozen2025_select2026_d25_return_deploy202607_SPXW_v1,0,0.3,2,30,25,0.25,202603
SPXW,zero_dte,14:05,845,202603,20260318,-0.6,0.8246268677961113,0.3310973109807427,-0.1087957024754778,CALL,0.3310973109807427,-0.6,d25,event_option_mh30trail_clean1000_frozen2025_select2026_d25_return_deploy202607_SPXW_v1,0,0.3,2,30,25,0.25,202603
SPXW,zero_dte,11:10,670,202603,20260319,-0.6,0.8097015796405618,0.3059191417217631,-0.1321024948190914,CALL,0.3059191417217631,-0.6,d25,event_option_mh30trail_clean1000_frozen2025_select2026_d25_return_deploy202607_SPXW_v1,0,0.3,2,30,25,0.25,202603
SPXW,zero_dte,12:40,760,202603,20260319,-0.6,1.9261785420213613,0.3850617491576719,-0.1535738386651673,CALL,0.3850617491576719,-0.6,d25,event_option_mh30trail_clean1000_frozen2025_select2026_d25_return_deploy202607_SPXW_v1,0,0.3,2,30,25,0.25,202603
SPXW,zero_dte,10:40,640,202603,20260320,0.5530302712849453,0.3382352776180919,-0.0918829628621592,0.3514073284067727,PUT,0.3514073284067727,0.3382352776180919,d25,event_option_mh30trail_clean1000_frozen2025_select2026_d25_return_deploy202607_SPXW_v1,0,0.3,2,30,25,0.25,202603
SPXW,zero_dte,10:35,635,202603,20260323,-0.6,0.2873135050677828,-0.1931175323066058,0.3143774294826136,PUT,0.3143774294826136,0.2873135050677828,d25,event_option_mh30trail_clean1000_frozen2025_select2026_d25_return_deploy202607_SPXW_v1,0,0.3,2,30,25,0.25,202603
SPXW,zero_dte,12:00,720,202603,20260323,-0.6,0.4966667175292969,0.476269308619507,-0.3177811775683511,CALL,0.476269308619507,-0.6,d25,event_option_mh30trail_clean1000_frozen2025_select2026_d25_return_deploy202607_SPXW_v1,0,0.3,2,30,25,0.25,202603
SPXW,zero_dte,10:30,630,202603,20260324,1.7638890746934963,-0.6,0.4087879602242808,-0.0719870222153305,CALL,0.4087879602242808,1.7638890746934963,d25,event_option_mh30trail_clean1000_frozen2025_select2026_d25_return_deploy202607_SPXW_v1,0,0.3,2,30,25,0.25,202603
SPXW,zero_dte,11:05,665,202603,20260324,0.2572463006939225,-0.6,0.4729214555117852,0.0144198346474092,CALL,0.4729214555117852,0.2572463006939225,d25,event_option_mh30trail_clean1000_frozen2025_select2026_d25_return_deploy202607_SPXW_v1,0,0.3,2,30,25,0.25,202603
SPXW,zero_dte,11:15,675,202603,20260325,0.4517544094471986,1.4300000117375302,0.3184452004903074,0.0544755887776667,CALL,0.3184452004903074,0.4517544094471986,d25,event_option_mh30trail_clean1000_frozen2025_select2026_d25_return_deploy202607_SPXW_v1,0,0.3,2,30,25,0.25,202603
SPXW,zero_dte,11:45,705,202603,20260325,0.5086205989370478,-0.6,0.3610699624710298,-0.0104414909032201,CALL,0.3610699624710298,0.5086205989370478,d25,event_option_mh30trail_clean1000_frozen2025_select2026_d25_return_deploy202607_SPXW_v1,0,0.3,2,30,25,0.25,202603
SPXW,zero_dte,10:20,620,202603,20260326,-0.6,0.2570422468997022,0.3821896921727334,-0.2768779463008644,CALL,0.3821896921727334,-0.6,d25,event_option_mh30trail_clean1000_frozen2025_select2026_d25_return_deploy202607_SPXW_v1,0,0.3,2,30,25,0.25,202603
SPXW,zero_dte,11:40,700,202603,20260326,-0.6,0.2899999618530273,0.3127248404991962,-0.0255059262295164,CALL,0.3127248404991962,-0.6,d25,event_option_mh30trail_clean1000_frozen2025_select2026_d25_return_deploy202607_SPXW_v1,0,0.3,2,30,25,0.25,202603
SPXW,zero_dte,11:15,675,202603,20260327,0.8906249382998803,0.3500000000000001,0.3282492238770647,-0.3267299002933651,CALL,0.3282492238770647,0.8906249382998803,d25,event_option_mh30trail_clean1000_frozen2025_select2026_d25_return_deploy202607_SPXW_v1,0,0.3,2,30,25,0.25,202603
SPXW,zero_dte,12:25,745,202603,20260327,-0.6,0.3951613101701217,0.3420786690607115,-0.2689771808455956,CALL,0.3420786690607115,-0.6,d25,event_option_mh30trail_clean1000_frozen2025_select2026_d25_return_deploy202607_SPXW_v1,0,0.3,2,30,25,0.25,202603
SPXW,zero_dte,10:45,645,202603,20260330,1.5525000095367432,-0.6,0.3020576716076892,-0.1057467201194992,CALL,0.3020576716076892,1.5525000095367432,d25,event_option_mh30trail_clean1000_frozen2025_select2026_d25_return_deploy202607_SPXW_v1,0,0.3,2,30,25,0.25,202603
SPXW,zero_dte,12:30,750,202603,20260330,-0.6,0.3999999364217121,0.3829940812106552,0.1790115388970293,CALL,0.3829940812106552,-0.6,d25,event_option_mh30trail_clean1000_frozen2025_select2026_d25_return_deploy202607_SPXW_v1,0,0.3,2,30,25,0.25,202603
SPXW,zero_dte,10:30,630,202603,20260331,-0.6,1.3977271286416677,-0.2945013683785268,0.4015337280799231,PUT,0.4015337280799231,1.3977271286416677,d25,event_option_mh30trail_clean1000_frozen2025_select2026_d25_return_deploy202607_SPXW_v1,0,0.3,2,30,25,0.25,202603
SPXW,zero_dte,11:40,700,202604,20260401,0.641891867510153,-0.6,0.3274164294278374,-0.5098318547733275,CALL,0.3274164294278374,0.641891867510153,d25,event_option_mh30trail_clean1000_frozen2025_select2026_d25_return_deploy202607_SPXW_v1,0,0.3,2,30,25,0.25,202604
SPXW,zero_dte,12:20,740,202604,20260401,-0.6,-0.6,0.3634880387087767,-0.533437766455212,CALL,0.3634880387087767,-0.6,d25,event_option_mh30trail_clean1000_frozen2025_select2026_d25_return_deploy202607_SPXW_v1,0,0.3,2,30,25,0.25,202604
SPXW,zero_dte,10:10,610,202604,20260402,5.0,-0.6,0.4945182897148497,-0.409490536501946,CALL,0.4945182897148497,5.0,d25,event_option_mh30trail_clean1000_frozen2025_select2026_d25_return_deploy202607_SPXW_v1,0,0.3,2,30,25,0.25,202604
SPXW,zero_dte,10:50,650,202604,20260402,0.3125000573121606,-0.6,0.3999580266150451,-0.4968475015498053,CALL,0.3999580266150451,0.3125000573121606,d25,event_option_mh30trail_clean1000_frozen2025_select2026_d25_return_deploy202607_SPXW_v1,0,0.3,2,30,25,0.25,202604
SPXW,zero_dte,10:10,610,202604,20260406,1.0384615490422449,-0.6,0.1014091722244625,0.4223026237604537,PUT,0.4223026237604537,-0.6,d25,event_option_mh30trail_clean1000_frozen2025_select2026_d25_return_deploy202607_SPXW_v1,0,0.3,2,30,25,0.25,202604
SPXW,zero_dte,12:40,760,202604,20260406,-0.6,1.0119048646247897,0.3242114559667737,-0.4792265626070438,CALL,0.3242114559667737,-0.6,d25,event_option_mh30trail_clean1000_frozen2025_select2026_d25_return_deploy202607_SPXW_v1,0,0.3,2,30,25,0.25,202604
SPXW,zero_dte,11:45,705,202604,20260407,3.8790322927977128,-0.6,0.3737454632638951,0.0643576951907446,CALL,0.3737454632638951,3.8790322927977128,d25,event_option_mh30trail_clean1000_frozen2025_select2026_d25_return_deploy202607_SPXW_v1,0,0.3,2,30,25,0.25,202604
SPXW,zero_dte,10:40,640,202604,20260408,0.4133661982709602,0.8884614797738881,-0.175847933245774,0.5676277572821341,PUT,0.5676277572821341,0.8884614797738881,d25,event_option_mh30trail_clean1000_frozen2025_select2026_d25_return_deploy202607_SPXW_v1,0,0.3,2,30,25,0.25,202604
SPXW,zero_dte,11:15,675,202604,20260408,0.5539215649608831,-0.6,-0.2838246927753675,0.4025953487455984,PUT,0.4025953487455984,-0.6,d25,event_option_mh30trail_clean1000_frozen2025_select2026_d25_return_deploy202607_SPXW_v1,0,0.3,2,30,25,0.25,202604
SPXW,zero_dte,10:50,650,202604,20260409,1.25,-0.6,0.3587257437689705,-0.4975373052041409,CALL,0.3587257437689705,1.25,d25,event_option_mh30trail_clean1000_frozen2025_select2026_d25_return_deploy202607_SPXW_v1,0,0.3,2,30,25,0.25,202604
SPXW,zero_dte,11:25,685,202604,20260409,2.9837661404737528,-0.6,0.312129921816934,0.0218597890598905,CALL,0.312129921816934,2.9837661404737528,d25,event_option_mh30trail_clean1000_frozen2025_select2026_d25_return_deploy202607_SPXW_v1,0,0.3,2,30,25,0.25,202604
SPXW,zero_dte,10:35,635,202604,20260410,-0.6,0.6307338436146968,-0.3029150351052711,0.3726575843831057,PUT,0.3726575843831057,0.6307338436146968,d25,event_option_mh30trail_clean1000_frozen2025_select2026_d25_return_deploy202607_SPXW_v1,0,0.3,2,30,25,0.25,202604
SPXW,zero_dte,11:10,670,202604,20260410,0.2651515370448651,0.7712766777719002,-0.3706107935210481,0.4307291761351659,PUT,0.4307291761351659,0.7712766777719002,d25,event_option_mh30trail_clean1000_frozen2025_select2026_d25_return_deploy202607_SPXW_v1,0,0.3,2,30,25,0.25,202604
SPXW,zero_dte,10:35,635,202604,20260413,0.4397507152062252,-0.6,0.306961323600463,-0.1594631280155398,CALL,0.306961323600463,0.4397507152062252,d25,event_option_mh30trail_clean1000_frozen2025_select2026_d25_return_deploy202607_SPXW_v1,0,0.3,2,30,25,0.25,202604
SPXW,zero_dte,11:05,665,202604,20260413,-0.6,-0.6,0.351995440930394,-0.1366762478156635,CALL,0.351995440930394,-0.6,d25,event_option_mh30trail_clean1000_frozen2025_select2026_d25_return_deploy202607_SPXW_v1,0,0.3,2,30,25,0.25,202604
SPXW,zero_dte,12:20,740,202604,20260415,-0.6,2.4110169546318545,0.3098103441108389,-0.1740193227455325,CALL,0.3098103441108389,-0.6,d25,event_option_mh30trail_clean1000_frozen2025_select2026_d25_return_deploy202607_SPXW_v1,0,0.3,2,30,25,0.25,202604
SPXW,zero_dte,13:15,795,202604,20260415,0.3676470134497527,-0.6,0.3150371614417375,-0.1874934272066678,CALL,0.3150371614417375,0.3676470134497527,d25,event_option_mh30trail_clean1000_frozen2025_select2026_d25_return_deploy202607_SPXW_v1,0,0.3,2,30,25,0.25,202604
SPXW,zero_dte,10:00,600,202604,20260416,0.4095745760156581,-0.6,-0.581154667848034,0.3559835336099561,PUT,0.3559835336099561,-0.6,d25,event_option_mh30trail_clean1000_frozen2025_select2026_d25_return_deploy202607_SPXW_v1,0,0.3,2,30,25,0.25,202604
SPXW,zero_dte,10:30,630,202604,20260416,0.3867347554433638,-0.6,-0.1822972431357273,0.3074751563394763,PUT,0.3074751563394763,-0.6,d25,event_option_mh30trail_clean1000_frozen2025_select2026_d25_return_deploy202607_SPXW_v1,0,0.3,2,30,25,0.25,202604
SPXW,zero_dte,10:30,630,202604,20260420,-0.6,1.8409090909090908,-0.7258161785139539,0.3082906215461404,PUT,0.3082906215461404,1.8409090909090908,d25,event_option_mh30trail_clean1000_frozen2025_select2026_d25_return_deploy202607_SPXW_v1,0,0.3,2,30,25,0.25,202604
SPXW,zero_dte,11:05,665,202604,20260420,0.8653846929764635,-0.6,-0.5479609665644903,0.3516681804410811,PUT,0.3516681804410811,-0.6,d25,event_option_mh30trail_clean1000_frozen2025_select2026_d25_return_deploy202607_SPXW_v1,0,0.3,2,30,25,0.25,202604
SPXW,zero_dte,10:05,605,202604,20260421,-0.6,0.2794118307041062,-0.3839656575968294,0.4773995899630071,PUT,0.4773995899630071,0.2794118307041062,d25,event_option_mh30trail_clean1000_frozen2025_select2026_d25_return_deploy202607_SPXW_v1,0,0.3,2,30,25,0.25,202604
SPXW,zero_dte,10:40,640,202604,20260421,-0.6,4.191860135018099,-0.4867097425730265,0.5495979766502214,PUT,0.5495979766502214,4.191860135018099,d25,event_option_mh30trail_clean1000_frozen2025_select2026_d25_return_deploy202607_SPXW_v1,0,0.3,2,30,25,0.25,202604
SPXW,zero_dte,10:15,615,202604,20260422,-0.6,-0.6,-0.6497626096462078,0.3436236648832884,PUT,0.3436236648832884,-0.6,d25,event_option_mh30trail_clean1000_frozen2025_select2026_d25_return_deploy202607_SPXW_v1,0,0.3,2,30,25,0.25,202604
SPXW,zero_dte,10:45,645,202604,20260422,-0.6,-0.6,-0.0624454566944719,0.3399867186633473,PUT,0.3399867186633473,-0.6,d25,event_option_mh30trail_clean1000_frozen2025_select2026_d25_return_deploy202607_SPXW_v1,0,0.3,2,30,25,0.25,202604
SPXW,zero_dte,10:05,605,202604,20260423,0.261879012306518,-0.6,-0.619264447732295,0.4650845603412394,PUT,0.4650845603412394,-0.6,d25,event_option_mh30trail_clean1000_frozen2025_select2026_d25_return_deploy202607_SPXW_v1,0,0.3,2,30,25,0.25,202604
SPXW,zero_dte,10:00,600,202604,20260424,0.3863635575475788,-0.6,-0.5154480519590189,0.4017827263205607,PUT,0.4017827263205607,-0.6,d25,event_option_mh30trail_clean1000_frozen2025_select2026_d25_return_deploy202607_SPXW_v1,0,0.3,2,30,25,0.25,202604
SPXW,zero_dte,10:30,630,202604,20260424,0.8114657748722149,-0.6,-0.6573095078680034,0.5456153217082852,PUT,0.5456153217082852,-0.6,d25,event_option_mh30trail_clean1000_frozen2025_select2026_d25_return_deploy202607_SPXW_v1,0,0.3,2,30,25,0.25,202604
SPXW,zero_dte,10:00,600,202604,20260427,-0.6,0.403846287868437,-0.4739127846791973,0.4781536182612228,PUT,0.4781536182612228,0.403846287868437,d25,event_option_mh30trail_clean1000_frozen2025_select2026_d25_return_deploy202607_SPXW_v1,0,0.3,2,30,25,0.25,202604
SPXW,zero_dte,10:55,655,202604,20260427,0.5657895215660587,0.5797873894625476,-0.6896218917623752,0.3042588123012846,PUT,0.3042588123012846,0.5797873894625476,d25,event_option_mh30trail_clean1000_frozen2025_select2026_d25_return_deploy202607_SPXW_v1,0,0.3,2,30,25,0.25,202604
SPXW,zero_dte,10:00,600,202604,20260428,-0.6,0.2541322470378955,-0.7611255132906364,0.5492380081185693,PUT,0.5492380081185693,0.2541322470378955,d25,event_option_mh30trail_clean1000_frozen2025_select2026_d25_return_deploy202607_SPXW_v1,0,0.3,2,30,25,0.25,202604
SPXW,zero_dte,10:30,630,202604,20260428,-0.6,1.2216980962322128,-0.5417732864943328,0.6684926159343415,PUT,0.6684926159343415,1.2216980962322128,d25,event_option_mh30trail_clean1000_frozen2025_select2026_d25_return_deploy202607_SPXW_v1,0,0.3,2,30,25,0.25,202604
SPXW,zero_dte,10:00,600,202604,20260429,0.6715687007823401,-0.0571428707667759,-0.4758860152286626,0.3576038344650075,PUT,0.3576038344650075,-0.0571428707667759,d25,event_option_mh30trail_clean1000_frozen2025_select2026_d25_return_deploy202607_SPXW_v1,0,0.3,2,30,25,0.25,202604
SPXW,zero_dte,10:30,630,202604,20260429,0.2892156963575718,0.3571428845123374,-0.6696706351403159,0.3632689890240397,PUT,0.3632689890240397,0.3571428845123374,d25,event_option_mh30trail_clean1000_frozen2025_select2026_d25_return_deploy202607_SPXW_v1,0,0.3,2,30,25,0.25,202604
SPXW,zero_dte,10:05,605,202604,20260430,0.4957627159738909,0.3472222645341625,-0.366800011136632,0.63762066061413,PUT,0.63762066061413,0.3472222645341625,d25,event_option_mh30trail_clean1000_frozen2025_select2026_d25_return_deploy202607_SPXW_v1,0,0.3,2,30,25,0.25,202604
SPXW,zero_dte,11:20,680,202604,20260430,1.3313953230482891,-0.6,-0.4795421864974923,0.428028801937116,PUT,0.428028801937116,-0.6,d25,event_option_mh30trail_clean1000_frozen2025_select2026_d25_return_deploy202607_SPXW_v1,0,0.3,2,30,25,0.25,202604
SPXW,zero_dte,14:25,865,202605,20260501,-0.6,1.8611109148818312,-0.4547788302297672,0.3649037688960171,PUT,0.3649037688960171,1.8611109148818312,d25,event_option_mh30trail_clean1000_frozen2025_select2026_d25_return_deploy202607_SPXW_v1,0,0.3,2,30,25,0.25,202605
SPXW,zero_dte,10:30,630,202605,20260504,-0.6,0.2928571701049804,-0.401826519292613,0.5068361568612418,PUT,0.5068361568612418,0.2928571701049804,d25,event_option_mh30trail_clean1000_frozen2025_select2026_d25_return_deploy202607_SPXW_v1,0,0.3,2,30,25,0.25,202605
SPXW,zero_dte,11:55,715,202605,20260504,-0.6,1.992320745239501,-0.4642216190943656,0.3095703205861912,PUT,0.3095703205861912,1.992320745239501,d25,event_option_mh30trail_clean1000_frozen2025_select2026_d25_return_deploy202607_SPXW_v1,0,0.3,2,30,25,0.25,202605
SPXW,zero_dte,10:05,605,202605,20260505,0.8473683921584128,0.4499999999999999,-0.752438366407873,0.4504113902878128,PUT,0.4504113902878128,0.4499999999999999,d25,event_option_mh30trail_clean1000_frozen2025_select2026_d25_return_deploy202607_SPXW_v1,0,0.3,2,30,25,0.25,202605
SPXW,zero_dte,10:40,640,202605,20260505,0.2862319181106136,-0.6,-0.6182963693936636,0.3853880994940868,PUT,0.3853880994940868,-0.6,d25,event_option_mh30trail_clean1000_frozen2025_select2026_d25_return_deploy202607_SPXW_v1,0,0.3,2,30,25,0.25,202605
SPXW,zero_dte,10:00,600,202605,20260507,0.2954545553065526,-0.6,-0.5053709281030325,0.3621728693326496,PUT,0.3621728693326496,-0.6,d25,event_option_mh30trail_clean1000_frozen2025_select2026_d25_return_deploy202607_SPXW_v1,0,0.3,2,30,25,0.25,202605
SPXW,zero_dte,10:30,630,202605,20260507,0.8928571529939875,0.5459183713189266,-0.6699886817797495,0.4213333721084094,PUT,0.4213333721084094,0.5459183713189266,d25,event_option_mh30trail_clean1000_frozen2025_select2026_d25_return_deploy202607_SPXW_v1,0,0.3,2,30,25,0.25,202605
SPXW,zero_dte,11:00,660,202605,20260508,-0.6,0.3636363069873223,-0.4465815810814627,0.3395747018908697,PUT,0.3395747018908697,0.3636363069873223,d25,event_option_mh30trail_clean1000_frozen2025_select2026_d25_return_deploy202607_SPXW_v1,0,0.3,2,30,25,0.25,202605
SPXW,zero_dte,11:40,700,202605,20260508,-0.6,-0.6,-0.3654657786134616,0.3251905579028374,PUT,0.3251905579028374,-0.6,d25,event_option_mh30trail_clean1000_frozen2025_select2026_d25_return_deploy202607_SPXW_v1,0,0.3,2,30,25,0.25,202605
SPXW,zero_dte,10:05,605,202605,20260511,0.2621951106047073,0.5792683352323471,-0.2441525168503116,0.6097196453159753,PUT,0.6097196453159753,0.5792683352323471,d25,event_option_mh30trail_clean1000_frozen2025_select2026_d25_return_deploy202607_SPXW_v1,0,0.3,2,30,25,0.25,202605
SPXW,zero_dte,10:45,645,202605,20260511,0.5833333554091282,-0.6,-0.4312966535538883,0.4986787973537037,PUT,0.4986787973537037,-0.6,d25,event_option_mh30trail_clean1000_frozen2025_select2026_d25_return_deploy202607_SPXW_v1,0,0.3,2,30,25,0.25,202605
SPXW,zero_dte,10:00,600,202605,20260512,0.3413978373333133,0.3297100678083162,-0.5658712109997383,0.3943607128420986,PUT,0.3943607128420986,0.3297100678083162,d25,event_option_mh30trail_clean1000_frozen2025_select2026_d25_return_deploy202607_SPXW_v1,0,0.3,2,30,25,0.25,202605
SPXW,zero_dte,10:35,635,202605,20260512,0.5208332629667416,0.3749999161809696,-0.5722170267059079,0.3134806058354409,PUT,0.3134806058354409,0.3749999161809696,d25,event_option_mh30trail_clean1000_frozen2025_select2026_d25_return_deploy202607_SPXW_v1,0,0.3,2,30,25,0.25,202605
SPXW,zero_dte,10:05,605,202605,20260513,0.4166666372322747,-0.6,-0.4002931478619322,0.4683598297521495,PUT,0.4683598297521495,-0.6,d25,event_option_mh30trail_clean1000_frozen2025_select2026_d25_return_deploy202607_SPXW_v1,0,0.3,2,30,25,0.25,202605
SPXW,zero_dte,10:35,635,202605,20260513,0.4401408677724499,0.2749999751647323,-0.5423507017052325,0.5082957453491663,PUT,0.5082957453491663,0.2749999751647323,d25,event_option_mh30trail_clean1000_frozen2025_select2026_d25_return_deploy202607_SPXW_v1,0,0.3,2,30,25,0.25,202605
SPXW,zero_dte,10:05,605,202605,20260514,0.7925533555438005,-0.6,-0.5232203171581123,0.5133556870581688,PUT,0.5133556870581688,-0.6,d25,event_option_mh30trail_clean1000_frozen2025_select2026_d25_return_deploy202607_SPXW_v1,0,0.3,2,30,25,0.25,202605
SPXW,zero_dte,10:20,620,202605,20260515,-0.6,0.3499999727521623,-0.6660162931435495,0.4730504197378836,PUT,0.4730504197378836,0.3499999727521623,d25,event_option_mh30trail_clean1000_frozen2025_select2026_d25_return_deploy202607_SPXW_v1,0,0.3,2,30,25,0.25,202605
SPXW,zero_dte,10:55,655,202605,20260515,-0.6,0.282258111654039,-0.625396379143615,0.3940928644844392,PUT,0.3940928644844392,0.282258111654039,d25,event_option_mh30trail_clean1000_frozen2025_select2026_d25_return_deploy202607_SPXW_v1,0,0.3,2,30,25,0.25,202605
SPXW,zero_dte,10:00,600,202605,20260518,-0.6,0.5451806356779205,-0.2249955406479719,0.3542220625602521,PUT,0.3542220625602521,0.5451806356779205,d25,event_option_mh30trail_clean1000_frozen2025_select2026_d25_return_deploy202607_SPXW_v1,0,0.3,2,30,25,0.25,202605
SPXW,zero_dte,10:50,650,202605,20260518,-0.6,0.6034482149108289,-0.4976582287715811,0.3477806103142783,PUT,0.3477806103142783,0.6034482149108289,d25,event_option_mh30trail_clean1000_frozen2025_select2026_d25_return_deploy202607_SPXW_v1,0,0.3,2,30,25,0.25,202605
SPXW,zero_dte,10:15,615,202605,20260519,-0.6,-0.6,-0.5368715739846756,0.453827858186647,PUT,0.453827858186647,-0.6,d25,event_option_mh30trail_clean1000_frozen2025_select2026_d25_return_deploy202607_SPXW_v1,0,0.3,2,30,25,0.25,202605
SPXW,zero_dte,10:45,645,202605,20260519,0.3764150142160447,-0.6,-0.550446363816251,0.3588175573039261,PUT,0.3588175573039261,-0.6,d25,event_option_mh30trail_clean1000_frozen2025_select2026_d25_return_deploy202607_SPXW_v1,0,0.3,2,30,25,0.25,202605
SPXW,zero_dte,10:05,605,202605,20260520,2.679824625979796,-0.6,-0.4764401212316035,0.5104931591900943,PUT,0.5104931591900943,-0.6,d25,event_option_mh30trail_clean1000_frozen2025_select2026_d25_return_deploy202607_SPXW_v1,0,0.3,2,30,25,0.25,202605
SPXW,zero_dte,10:40,640,202605,20260520,0.3298319193040837,-0.6,-0.6867459332366476,0.4208723930145681,PUT,0.4208723930145681,-0.6,d25,event_option_mh30trail_clean1000_frozen2025_select2026_d25_return_deploy202607_SPXW_v1,0,0.3,2,30,25,0.25,202605
SPXW,zero_dte,10:00,600,202605,20260521,-0.6,0.75,-0.3835322735718068,0.5715103471066737,PUT,0.5715103471066737,0.75,d25,event_option_mh30trail_clean1000_frozen2025_select2026_d25_return_deploy202607_SPXW_v1,0,0.3,2,30,25,0.25,202605
SPXW,zero_dte,10:35,635,202605,20260521,-0.6,0.3779070248835074,-0.6620823409145913,0.7258898250415821,PUT,0.7258898250415821,0.3779070248835074,d25,event_option_mh30trail_clean1000_frozen2025_select2026_d25_return_deploy202607_SPXW_v1,0,0.3,2,30,25,0.25,202605
SPXW,zero_dte,10:15,615,202605,20260522,-0.2205639061802758,0.3931925225962238,-0.6731927218728769,0.6250998630219806,PUT,0.6250998630219806,0.3931925225962238,d25,event_option_mh30trail_clean1000_frozen2025_select2026_d25_return_deploy202607_SPXW_v1,0,0.3,2,30,25,0.25,202605
SPXW,zero_dte,11:05,665,202605,20260522,-0.6,-0.6,-0.6069402677318392,0.4025621006277601,PUT,0.4025621006277601,-0.6,d25,event_option_mh30trail_clean1000_frozen2025_select2026_d25_return_deploy202607_SPXW_v1,0,0.3,2,30,25,0.25,202605
SPXW,zero_dte,11:05,665,202605,20260526,-0.6,0.5624998882412955,-0.6367463376384974,0.3384559110005086,PUT,0.3384559110005086,0.5624998882412955,d25,event_option_mh30trail_clean1000_frozen2025_select2026_d25_return_deploy202607_SPXW_v1,0,0.3,2,30,25,0.25,202605
SPXW,zero_dte,10:00,600,202605,20260527,-0.6,0.4481131464359662,-0.6099910401728846,0.791895552786025,PUT,0.791895552786025,0.4481131464359662,d25,event_option_mh30trail_clean1000_frozen2025_select2026_d25_return_deploy202607_SPXW_v1,0,0.3,2,30,25,0.25,202605
SPXW,zero_dte,10:35,635,202605,20260527,-0.6,0.3366388236238071,-0.6711630906668998,0.5520476976179155,PUT,0.5520476976179155,0.3366388236238071,d25,event_option_mh30trail_clean1000_frozen2025_select2026_d25_return_deploy202607_SPXW_v1,0,0.3,2,30,25,0.25,202605
SPXW,zero_dte,10:10,610,202605,20260528,5.0,-0.6,-0.596848282335833,0.4955992845590808,PUT,0.4955992845590808,-0.6,d25,event_option_mh30trail_clean1000_frozen2025_select2026_d25_return_deploy202607_SPXW_v1,0,0.3,2,30,25,0.25,202605
SPXW,zero_dte,10:40,640,202605,20260528,0.6637931062832172,-0.6,-0.4604248088575968,0.4645045846090554,PUT,0.4645045846090554,-0.6,d25,event_option_mh30trail_clean1000_frozen2025_select2026_d25_return_deploy202607_SPXW_v1,0,0.3,2,30,25,0.25,202605
SPXW,zero_dte,10:45,645,202605,20260529,1.2291664886805815,-0.6,-0.2533306557067117,0.351818241023651,PUT,0.351818241023651,-0.6,d25,event_option_mh30trail_clean1000_frozen2025_select2026_d25_return_deploy202607_SPXW_v1,0,0.3,2,30,25,0.25,202605
SPXW,zero_dte,10:20,620,202606,20260601,0.2806122151080499,-0.6,-0.6291908703979957,0.3139032579362595,PUT,0.3139032579362595,-0.6,d25,event_option_mh30trail_clean1000_frozen2025_select2026_d25_return_deploy202607_SPXW_v1,0,0.3,2,30,25,0.25,202606
SPXW,zero_dte,11:30,690,202606,20260602,-0.6,-0.6,0.350842421104585,0.1582894069185315,CALL,0.350842421104585,-0.6,d25,event_option_mh30trail_clean1000_frozen2025_select2026_d25_return_deploy202607_SPXW_v1,0,0.3,2,30,25,0.25,202606
SPXW,zero_dte,12:25,745,202606,20260602,-0.6,-0.6,-0.5733744350131819,0.4014197625430987,PUT,0.4014197625430987,-0.6,d25,event_option_mh30trail_clean1000_frozen2025_select2026_d25_return_deploy202607_SPXW_v1,0,0.3,2,30,25,0.25,202606
SPXW,zero_dte,10:50,650,202606,20260603,-0.6,0.2848836306690114,-0.594299176278448,0.4305481054846209,PUT,0.4305481054846209,0.2848836306690114,d25,event_option_mh30trail_clean1000_frozen2025_select2026_d25_return_deploy202607_SPXW_v1,0,0.3,2,30,25,0.25,202606
SPXW,zero_dte,11:20,680,202606,20260603,-0.6,0.9924243037256226,-0.4500196008340503,0.6775031040701708,PUT,0.6775031040701708,0.9924243037256226,d25,event_option_mh30trail_clean1000_frozen2025_select2026_d25_return_deploy202607_SPXW_v1,0,0.3,2,30,25,0.25,202606
SPXW,zero_dte,10:00,600,202606,20260604,0.5357143668090443,0.2916666252745539,-0.7646424703222872,0.6847522071378704,PUT,0.6847522071378704,0.2916666252745539,d25,event_option_mh30trail_clean1000_frozen2025_select2026_d25_return_deploy202607_SPXW_v1,0,0.3,2,30,25,0.25,202606
SPXW,zero_dte,10:30,630,202606,20260604,0.4919355682230171,-0.6,-0.7729621436944684,0.4801257368586065,PUT,0.4801257368586065,-0.6,d25,event_option_mh30trail_clean1000_frozen2025_select2026_d25_return_deploy202607_SPXW_v1,0,0.3,2,30,25,0.25,202606
SPXW,zero_dte,10:25,625,202606,20260605,0.3749999751647324,0.2638888760113418,-0.6910260283413376,0.3135036904310946,PUT,0.3135036904310946,0.2638888760113418,d25,event_option_mh30trail_clean1000_frozen2025_select2026_d25_return_deploy202607_SPXW_v1,0,0.3,2,30,25,0.25,202606
SPXW,zero_dte,10:55,655,202606,20260605,-0.6,1.020833163625671,-0.6285955892518212,0.5108566857422087,PUT,0.5108566857422087,1.020833163625671,d25,event_option_mh30trail_clean1000_frozen2025_select2026_d25_return_deploy202607_SPXW_v1,0,0.3,2,30,25,0.25,202606
SPXW,zero_dte,10:05,605,202606,20260608,0.2728426174777274,-0.6,-0.4112933496135281,0.3417493355349321,PUT,0.3417493355349321,-0.6,d25,event_option_mh30trail_clean1000_frozen2025_select2026_d25_return_deploy202607_SPXW_v1,0,0.3,2,30,25,0.25,202606
SPXW,zero_dte,10:35,635,202606,20260608,0.6071428571428572,-0.6,-0.803007839897791,0.4721415942238412,PUT,0.4721415942238412,-0.6,d25,event_option_mh30trail_clean1000_frozen2025_select2026_d25_return_deploy202607_SPXW_v1,0,0.3,2,30,25,0.25,202606
SPXW,zero_dte,10:30,630,202606,20260609,-0.6,3.165151592799932,-0.4838672757270935,0.3848079550669814,PUT,0.3848079550669814,3.165151592799932,d25,event_option_mh30trail_clean1000_frozen2025_select2026_d25_return_deploy202607_SPXW_v1,0,0.3,2,30,25,0.25,202606
SPXW,zero_dte,10:40,640,202606,20260610,-0.6,2.083333554860477,-0.5573725813393181,0.3143301475982078,PUT,0.3143301475982078,2.083333554860477,d25,event_option_mh30trail_clean1000_frozen2025_select2026_d25_return_deploy202607_SPXW_v1,0,0.3,2,30,25,0.25,202606
SPXW,zero_dte,10:10,610,202606,20260612,0.6911764320892715,0.3269230980844899,-0.124319166396705,0.3223870628705184,PUT,0.3223870628705184,0.3269230980844899,d25,event_option_mh30trail_clean1000_frozen2025_select2026_d25_return_deploy202607_SPXW_v1,0,0.3,2,30,25,0.25,202606
SPXW,zero_dte,11:10,670,202606,20260612,-0.6,0.7053073042396951,-0.1218672139564875,0.3118285832810168,PUT,0.3118285832810168,0.7053073042396951,d25,event_option_mh30trail_clean1000_frozen2025_select2026_d25_return_deploy202607_SPXW_v1,0,0.3,2,30,25,0.25,202606
SPXW,zero_dte,10:05,605,202606,20260615,0.2500000518301268,0.3075221313624738,-0.5323941707281,0.5384801481682024,PUT,0.5384801481682024,0.3075221313624738,d25,event_option_mh30trail_clean1000_frozen2025_select2026_d25_return_deploy202607_SPXW_v1,0,0.3,2,30,25,0.25,202606
SPXW,zero_dte,11:05,665,202606,20260615,0.6323529164271378,-0.6,-0.6629351786549049,0.4059013654046862,PUT,0.4059013654046862,-0.6,d25,event_option_mh30trail_clean1000_frozen2025_select2026_d25_return_deploy202607_SPXW_v1,0,0.3,2,30,25,0.25,202606
SPXW,zero_dte,10:00,600,202606,20260616,-0.6,1.1319744087832997,-0.6136652793476498,0.5738155702968407,PUT,0.5738155702968407,1.1319744087832997,d25,event_option_mh30trail_clean1000_frozen2025_select2026_d25_return_deploy202607_SPXW_v1,0,0.3,2,30,25,0.25,202606
SPXW,zero_dte,10:30,630,202606,20260616,0.3499999727521623,-0.6,-0.3674982968484842,0.370571425616274,PUT,0.370571425616274,-0.6,d25,event_option_mh30trail_clean1000_frozen2025_select2026_d25_return_deploy202607_SPXW_v1,0,0.3,2,30,25,0.25,202606
SPXW,zero_dte,10:00,600,202606,20260617,0.3524096247107811,0.702808978169001,-0.2457083112198081,0.3008819895162012,PUT,0.3008819895162012,0.702808978169001,d25,event_option_mh30trail_clean1000_frozen2025_select2026_d25_return_deploy202607_SPXW_v1,0,0.3,2,30,25,0.25,202606
SPXW,zero_dte,10:30,630,202606,20260617,-0.5151515009208376,1.392105303312603,-0.6329049488425502,0.5597860511636713,PUT,0.5597860511636713,1.392105303312603,d25,event_option_mh30trail_clean1000_frozen2025_select2026_d25_return_deploy202607_SPXW_v1,0,0.3,2,30,25,0.25,202606
SPXW,zero_dte,10:00,600,202606,20260618,-0.6,-0.6,-0.6517935086391502,0.6711448614217974,PUT,0.6711448614217974,-0.6,d25,event_option_mh30trail_clean1000_frozen2025_select2026_d25_return_deploy202607_SPXW_v1,0,0.3,2,30,25,0.25,202606
SPXW,zero_dte,10:30,630,202606,20260618,0.7321429590181445,-0.6,-0.3101617697257254,0.4876434302264114,PUT,0.4876434302264114,-0.6,d25,event_option_mh30trail_clean1000_frozen2025_select2026_d25_return_deploy202607_SPXW_v1,0,0.3,2,30,25,0.25,202606
SPXW,zero_dte,10:05,605,202606,20260622,-0.6,4.728182012384588,-0.5614714861537218,0.383832631566135,PUT,0.383832631566135,4.728182012384588,d25,event_option_mh30trail_clean1000_frozen2025_select2026_d25_return_deploy202607_SPXW_v1,0,0.3,2,30,25,0.25,202606
SPXW,zero_dte,10:45,645,202606,20260622,-0.6,0.5696722221323267,-0.4511200845412099,0.404062038762751,PUT,0.404062038762751,0.5696722221323267,d25,event_option_mh30trail_clean1000_frozen2025_select2026_d25_return_deploy202607_SPXW_v1,0,0.3,2,30,25,0.25,202606
SPXW,zero_dte,10:10,610,202606,20260623,-0.6,0.4475903408190638,-0.5081839022290955,0.4457081797523126,PUT,0.4457081797523126,0.4475903408190638,d25,event_option_mh30trail_clean1000_frozen2025_select2026_d25_return_deploy202607_SPXW_v1,0,0.3,2,30,25,0.25,202606
SPXW,zero_dte,10:15,615,202606,20260624,0.9446901609253646,-0.6,-0.5604905716709204,0.529109576905995,PUT,0.529109576905995,-0.6,d25,event_option_mh30trail_clean1000_frozen2025_select2026_d25_return_deploy202607_SPXW_v1,0,0.3,2,30,25,0.25,202606
SPXW,zero_dte,10:50,650,202606,20260624,0.3531746151886406,-0.6,-0.6584767717543534,0.4257962203155386,PUT,0.4257962203155386,-0.6,d25,event_option_mh30trail_clean1000_frozen2025_select2026_d25_return_deploy202607_SPXW_v1,0,0.3,2,30,25,0.25,202606
SPXW,zero_dte,10:15,615,202606,20260626,0.3346154139592097,-0.6,-0.6142643925759598,0.6674872152018375,PUT,0.6674872152018375,-0.6,d25,event_option_mh30trail_clean1000_frozen2025_select2026_d25_return_deploy202607_SPXW_v1,0,0.3,2,30,25,0.25,202606
SPXW,zero_dte,10:50,650,202606,20260626,0.935074740312341,-0.6,-0.3950135646879816,0.620801084068349,PUT,0.620801084068349,-0.6,d25,event_option_mh30trail_clean1000_frozen2025_select2026_d25_return_deploy202607_SPXW_v1,0,0.3,2,30,25,0.25,202606
SPXW,zero_dte,10:15,615,202606,20260629,1.3540405737381973,-0.6,-0.4415891737690035,0.4211407767314141,PUT,0.4211407767314141,-0.6,d25,event_option_mh30trail_clean1000_frozen2025_select2026_d25_return_deploy202607_SPXW_v1,0,0.3,2,30,25,0.25,202606
SPXW,zero_dte,10:30,630,202606,20260630,0.3269230980844899,0.8763158697831002,-0.5052801386250139,0.34381539029373,PUT,0.34381539029373,0.8763158697831002,d25,event_option_mh30trail_clean1000_frozen2025_select2026_d25_return_deploy202607_SPXW_v1,0,0.3,2,30,25,0.25,202606
SPXW,zero_dte,11:05,665,202606,20260630,0.3081394214124715,-0.6,-0.1494309427055527,0.3785250502310293,PUT,0.3785250502310293,-0.6,d25,event_option_mh30trail_clean1000_frozen2025_select2026_d25_return_deploy202607_SPXW_v1,0,0.3,2,30,25,0.25,202606
SPY,zero_dte,10:25,625,202601,20260102,0.9782607773132286,-0.6,0.3491268450265212,0.0154384800145145,CALL,0.3491268450265212,0.9782607773132286,d35,event_option_mh30trail_clean1000_frozen2025_select2026_d35_return_deploy202607_SPY_v1,1,0.3,3,30,35,0.35,202601
SPY,zero_dte,13:15,795,202601,20260102,0.9913792926264428,0.5000001146243211,0.3275730500336898,-0.2359704919272802,CALL,0.3275730500336898,0.9913792926264428,d35,event_option_mh30trail_clean1000_frozen2025_select2026_d35_return_deploy202607_SPY_v1,1,0.3,3,30,35,0.35,202601
SPY,zero_dte,10:50,650,202601,20260105,0.8475610287965307,-0.6,-0.4125284293813901,0.4718478587351695,PUT,0.4718478587351695,-0.6,d35,event_option_mh30trail_clean1000_frozen2025_select2026_d35_return_deploy202607_SPY_v1,1,0.3,3,30,35,0.35,202601
SPY,zero_dte,11:20,680,202601,20260105,0.6611111935274123,-0.6,-0.3818627796784992,0.3101212432551135,PUT,0.3101212432551135,-0.6,d35,event_option_mh30trail_clean1000_frozen2025_select2026_d35_return_deploy202607_SPY_v1,1,0.3,3,30,35,0.35,202601
SPY,zero_dte,11:55,715,202601,20260105,-0.6,0.5000000266092164,-0.1371897446914588,0.4450452575701716,PUT,0.4450452575701716,0.5000000266092164,d35,event_option_mh30trail_clean1000_frozen2025_select2026_d35_return_deploy202607_SPY_v1,1,0.3,3,30,35,0.35,202601
SPY,zero_dte,13:05,785,202601,20260107,-0.6,1.0192307515962584,-0.1110070141019314,0.3128927956289681,PUT,0.3128927956289681,1.0192307515962584,d35,event_option_mh30trail_clean1000_frozen2025_select2026_d35_return_deploy202607_SPY_v1,1,0.3,3,30,35,0.35,202601
SPY,zero_dte,10:35,635,202601,20260108,0.3676470768699182,-0.6,0.0606996254926662,0.3514637288459702,PUT,0.3514637288459702,-0.6,d35,event_option_mh30trail_clean1000_frozen2025_select2026_d35_return_deploy202607_SPY_v1,1,0.3,3,30,35,0.35,202601
SPY,zero_dte,11:15,675,202601,20260108,0.5384616178168378,-0.6,0.1057300975601546,0.3613021865020228,PUT,0.3613021865020228,-0.6,d35,event_option_mh30trail_clean1000_frozen2025_select2026_d35_return_deploy202607_SPY_v1,1,0.3,3,30,35,0.35,202601
SPY,zero_dte,12:10,730,202601,20260108,0.2844827781109129,-0.6,0.0059189373467181,0.4187143503457882,PUT,0.4187143503457882,-0.6,d35,event_option_mh30trail_clean1000_frozen2025_select2026_d35_return_deploy202607_SPY_v1,1,0.3,3,30,35,0.35,202601
SPY,zero_dte,11:50,710,202601,20260112,1.022727285042282,-0.6,0.3663334284499026,-0.3167732392383654,CALL,0.3663334284499026,1.022727285042282,d35,event_option_mh30trail_clean1000_frozen2025_select2026_d35_return_deploy202607_SPY_v1,1,0.3,3,30,35,0.35,202601
SPY,zero_dte,12:25,745,202601,20260112,0.4051724244241343,-0.6,0.3137687591886021,-0.3141317590919441,CALL,0.3137687591886021,0.4051724244241343,d35,event_option_mh30trail_clean1000_frozen2025_select2026_d35_return_deploy202607_SPY_v1,1,0.3,3,30,35,0.35,202601
SPY,zero_dte,12:55,775,202601,20260112,0.3560604555438322,-0.6,0.4572257338685148,-0.2626103522455755,CALL,0.4572257338685148,0.3560604555438322,d35,event_option_mh30trail_clean1000_frozen2025_select2026_d35_return_deploy202607_SPY_v1,1,0.3,3,30,35,0.35,202601
SPY,zero_dte,10:15,615,202601,20260114,-0.6,1.2801204179018173,-0.0437665416484088,0.499605336689727,PUT,0.499605336689727,1.2801204179018173,d35,event_option_mh30trail_clean1000_frozen2025_select2026_d35_return_deploy202607_SPY_v1,1,0.3,3,30,35,0.35,202601
SPY,zero_dte,10:55,655,202601,20260114,0.8138298533415029,-0.6,-0.1100765616095091,0.3420492195602432,PUT,0.3420492195602432,-0.6,d35,event_option_mh30trail_clean1000_frozen2025_select2026_d35_return_deploy202607_SPY_v1,1,0.3,3,30,35,0.35,202601
SPY,zero_dte,12:35,755,202601,20260114,0.3499999403953562,-0.6,0.3728295276664543,-0.4645605581287135,CALL,0.3728295276664543,0.3499999403953562,d35,event_option_mh30trail_clean1000_frozen2025_select2026_d35_return_deploy202607_SPY_v1,1,0.3,3,30,35,0.35,202601
SPY,zero_dte,10:15,615,202601,20260115,0.3726416240174792,0.256849308357518,-0.6735515611996089,0.5713645048805749,PUT,0.5713645048805749,0.256849308357518,d35,event_option_mh30trail_clean1000_frozen2025_select2026_d35_return_deploy202607_SPY_v1,1,0.3,3,30,35,0.35,202601
SPY,zero_dte,11:00,660,202601,20260115,-0.5781249738065519,-0.6,-0.4989903555637437,0.3937372354924977,PUT,0.3937372354924977,-0.6,d35,event_option_mh30trail_clean1000_frozen2025_select2026_d35_return_deploy202607_SPY_v1,1,0.3,3,30,35,0.35,202601
SPY,zero_dte,12:05,725,202601,20260115,-0.6,1.0441176058099335,-0.4457064151070044,0.330138722740616,PUT,0.330138722740616,1.0441176058099335,d35,event_option_mh30trail_clean1000_frozen2025_select2026_d35_return_deploy202607_SPY_v1,1,0.3,3,30,35,0.35,202601
SPY,zero_dte,10:50,650,202601,20260116,0.6805554589739591,-0.6,-0.3232556869991946,0.3034561778903662,PUT,0.3034561778903662,-0.6,d35,event_option_mh30trail_clean1000_frozen2025_select2026_d35_return_deploy202607_SPY_v1,1,0.3,3,30,35,0.35,202601
SPY,zero_dte,11:45,705,202601,20260116,-0.6,1.0277776673988104,-0.5036359872110049,0.3497524122122411,PUT,0.3497524122122411,1.0277776673988104,d35,event_option_mh30trail_clean1000_frozen2025_select2026_d35_return_deploy202607_SPY_v1,1,0.3,3,30,35,0.35,202601
SPY,zero_dte,10:05,605,202601,20260120,0.3448276526508396,-0.6,0.3155078395440201,-0.2842642515821094,CALL,0.3155078395440201,0.3448276526508396,d35,event_option_mh30trail_clean1000_frozen2025_select2026_d35_return_deploy202607_SPY_v1,1,0.3,3,30,35,0.35,202601
SPY,zero_dte,10:35,635,202601,20260120,-0.6,0.2599999904632568,0.16592956739322,0.4091771226280409,PUT,0.4091771226280409,0.2599999904632568,d35,event_option_mh30trail_clean1000_frozen2025_select2026_d35_return_deploy202607_SPY_v1,1,0.3,3,30,35,0.35,202601
SPY,zero_dte,11:10,670,202601,20260120,-0.6,0.8571427545073087,0.3142164273486929,-0.0059173097105224,CALL,0.3142164273486929,-0.6,d35,event_option_mh30trail_clean1000_frozen2025_select2026_d35_return_deploy202607_SPY_v1,1,0.3,3,30,35,0.35,202601
SPY,zero_dte,10:45,645,202601,20260121,-0.6,0.4669812742439094,-0.0870998758661483,0.4060312022025659,PUT,0.4060312022025659,0.4669812742439094,d35,event_option_mh30trail_clean1000_frozen2025_select2026_d35_return_deploy202607_SPY_v1,1,0.3,3,30,35,0.35,202601
SPY,zero_dte,14:05,845,202601,20260121,5.0,-0.6,0.3783271641676965,-0.3347063509599459,CALL,0.3783271641676965,5.0,d35,event_option_mh30trail_clean1000_frozen2025_select2026_d35_return_deploy202607_SPY_v1,1,0.3,3,30,35,0.35,202601
SPY,zero_dte,10:40,640,202601,20260127,0.5092591672767863,-0.6,-0.3668077015129715,0.349004679583214,PUT,0.349004679583214,-0.6,d35,event_option_mh30trail_clean1000_frozen2025_select2026_d35_return_deploy202607_SPY_v1,1,0.3,3,30,35,0.35,202601
SPY,zero_dte,11:10,670,202601,20260127,-0.6,0.2635135004518676,-0.3205429487721762,0.3886902343691712,PUT,0.3886902343691712,0.2635135004518676,d35,event_option_mh30trail_clean1000_frozen2025_select2026_d35_return_deploy202607_SPY_v1,1,0.3,3,30,35,0.35,202601
SPY,zero_dte,11:55,715,202601,20260127,-0.6,0.6428570326189611,-0.3011985932632196,0.4281540541514562,PUT,0.4281540541514562,0.6428570326189611,d35,event_option_mh30trail_clean1000_frozen2025_select2026_d35_return_deploy202607_SPY_v1,1,0.3,3,30,35,0.35,202601
SPY,zero_dte,10:10,610,202601,20260129,-0.6,0.9684873764380746,-0.2321578653568302,0.3124427518229415,PUT,0.3124427518229415,0.9684873764380746,d35,event_option_mh30trail_clean1000_frozen2025_select2026_d35_return_deploy202607_SPY_v1,1,0.3,3,30,35,0.35,202601
SPY,zero_dte,10:40,640,202601,20260129,0.4456520809568411,0.4660493600043269,-0.3073349098131195,0.3684221216404222,PUT,0.3684221216404222,0.4660493600043269,d35,event_option_mh30trail_clean1000_frozen2025_select2026_d35_return_deploy202607_SPY_v1,1,0.3,3,30,35,0.35,202601
SPY,zero_dte,11:10,670,202601,20260129,0.5100000381469727,-0.6,-0.1572666490233941,0.3943552169154771,PUT,0.3943552169154771,-0.6,d35,event_option_mh30trail_clean1000_frozen2025_select2026_d35_return_deploy202607_SPY_v1,1,0.3,3,30,35,0.35,202601
SPY,zero_dte,10:20,620,202602,20260202,-0.6,0.3055555003660719,-0.1891638774916808,0.3066742839044222,PUT,0.3066742839044222,0.3055555003660719,d35,event_option_mh30trail_clean1000_frozen2025_select2026_d35_return_deploy202607_SPY_v1,1,0.3,3,30,35,0.35,202602
SPY,zero_dte,11:15,675,202602,20260202,0.5543477570740185,-0.6,-0.0190804381351979,0.3290780741937095,PUT,0.3290780741937095,-0.6,d35,event_option_mh30trail_clean1000_frozen2025_select2026_d35_return_deploy202607_SPY_v1,1,0.3,3,30,35,0.35,202602
SPY,zero_dte,10:30,630,202602,20260203,0.265625078580344,0.2596154904224501,-0.0924349508233787,0.3003377601665655,PUT,0.3003377601665655,0.2596154904224501,d35,event_option_mh30trail_clean1000_frozen2025_select2026_d35_return_deploy202607_SPY_v1,1,0.3,3,30,35,0.35,202602
SPY,zero_dte,11:20,680,202602,20260203,-0.6,0.5564515426098542,0.0721844481583464,0.329177174236155,PUT,0.329177174236155,0.5564515426098542,d35,event_option_mh30trail_clean1000_frozen2025_select2026_d35_return_deploy202607_SPY_v1,1,0.3,3,30,35,0.35,202602
SPY,zero_dte,12:15,735,202602,20260203,-0.6,0.491176444188947,-0.3035558050849981,0.4938117116803224,PUT,0.4938117116803224,0.491176444188947,d35,event_option_mh30trail_clean1000_frozen2025_select2026_d35_return_deploy202607_SPY_v1,1,0.3,3,30,35,0.35,202602
SPY,zero_dte,12:15,735,202602,20260204,-0.6,2.210869653553956,-0.0872633490464472,0.3413235367162084,PUT,0.3413235367162084,2.210869653553956,d35,event_option_mh30trail_clean1000_frozen2025_select2026_d35_return_deploy202607_SPY_v1,1,0.3,3,30,35,0.35,202602
SPY,zero_dte,12:55,775,202602,20260204,0.2913532978711104,0.3852940549487491,-0.3294001549046083,0.3002546176757496,PUT,0.3002546176757496,0.3852940549487491,d35,event_option_mh30trail_clean1000_frozen2025_select2026_d35_return_deploy202607_SPY_v1,1,0.3,3,30,35,0.35,202602
SPY,zero_dte,13:55,835,202602,20260204,0.2833334165906187,0.3763736004616935,-0.3025007774554786,0.3894277865386962,PUT,0.3894277865386962,0.3763736004616935,d35,event_option_mh30trail_clean1000_frozen2025_select2026_d35_return_deploy202607_SPY_v1,1,0.3,3,30,35,0.35,202602
SPY,zero_dte,10:15,615,202602,20260205,0.4166667115665878,-0.6,0.3006741363423345,-0.0476016081104343,CALL,0.3006741363423345,0.4166667115665878,d35,event_option_mh30trail_clean1000_frozen2025_select2026_d35_return_deploy202607_SPY_v1,1,0.3,3,30,35,0.35,202602
SPY,zero_dte,10:45,645,202602,20260205,0.4653283915717119,-0.6,0.3271607202958662,-0.3236793660218284,CALL,0.3271607202958662,0.4653283915717119,d35,event_option_mh30trail_clean1000_frozen2025_select2026_d35_return_deploy202607_SPY_v1,1,0.3,3,30,35,0.35,202602
SPY,zero_dte,11:15,675,202602,20260205,0.5921052931778632,-0.6,0.362492503269532,-0.1809115416817344,CALL,0.362492503269532,0.5921052931778632,d35,event_option_mh30trail_clean1000_frozen2025_select2026_d35_return_deploy202607_SPY_v1,1,0.3,3,30,35,0.35,202602
SPY,zero_dte,11:15,675,202602,20260206,0.6071428030796868,-0.6,-0.2992295273456253,0.3025153361723861,PUT,0.3025153361723861,-0.6,d35,event_option_mh30trail_clean1000_frozen2025_select2026_d35_return_deploy202607_SPY_v1,1,0.3,3,30,35,0.35,202602
SPY,zero_dte,12:40,760,202602,20260209,-0.6,0.2500000372529025,0.3167332245791713,-0.4615463920666155,CALL,0.3167332245791713,-0.6,d35,event_option_mh30trail_clean1000_frozen2025_select2026_d35_return_deploy202607_SPY_v1,1,0.3,3,30,35,0.35,202602
SPY,zero_dte,10:25,625,202602,20260210,0.259090846038063,0.307142931344559,-0.2920261256991225,0.4780849977998893,PUT,0.4780849977998893,0.307142931344559,d35,event_option_mh30trail_clean1000_frozen2025_select2026_d35_return_deploy202607_SPY_v1,1,0.3,3,30,35,0.35,202602
SPY,zero_dte,10:25,625,202602,20260212,-0.6,2.1329788030030343,-0.3613050148034288,0.3989568419471058,PUT,0.3989568419471058,2.1329788030030343,d35,event_option_mh30trail_clean1000_frozen2025_select2026_d35_return_deploy202607_SPY_v1,1,0.3,3,30,35,0.35,202602
SPY,zero_dte,11:35,695,202602,20260213,0.2994504681158716,-0.6,0.3120070781044778,0.0161521152227427,CALL,0.3120070781044778,0.2994504681158716,d35,event_option_mh30trail_clean1000_frozen2025_select2026_d35_return_deploy202607_SPY_v1,1,0.3,3,30,35,0.35,202602
SPY,zero_dte,12:15,735,202602,20260213,-0.6,0.3362069709689403,-0.1117848912634731,0.3603800579334015,PUT,0.3603800579334015,0.3362069709689403,d35,event_option_mh30trail_clean1000_frozen2025_select2026_d35_return_deploy202607_SPY_v1,1,0.3,3,30,35,0.35,202602
SPY,zero_dte,12:50,770,202602,20260213,-0.6,0.8409091401691282,-0.1061820098048727,0.4214150643049156,PUT,0.4214150643049156,0.8409091401691282,d35,event_option_mh30trail_clean1000_frozen2025_select2026_d35_return_deploy202607_SPY_v1,1,0.3,3,30,35,0.35,202602
SPY,zero_dte,10:15,615,202602,20260217,0.6357143927593638,-0.6,0.301947823227094,-0.3151278504134316,CALL,0.301947823227094,0.6357143927593638,d35,event_option_mh30trail_clean1000_frozen2025_select2026_d35_return_deploy202607_SPY_v1,1,0.3,3,30,35,0.35,202602
SPY,zero_dte,12:30,750,202602,20260217,-0.6,1.2019231210093544,0.3683353607108366,0.1818512422107687,CALL,0.3683353607108366,-0.6,d35,event_option_mh30trail_clean1000_frozen2025_select2026_d35_return_deploy202607_SPY_v1,1,0.3,3,30,35,0.35,202602
SPY,zero_dte,10:10,610,202602,20260218,0.3289474509759633,-0.6,0.0605836305773595,0.3727219334450553,PUT,0.3727219334450553,-0.6,d35,event_option_mh30trail_clean1000_frozen2025_select2026_d35_return_deploy202607_SPY_v1,1,0.3,3,30,35,0.35,202602
SPY,zero_dte,12:20,740,202602,20260218,-0.6,0.2661290167521737,0.0275391548429391,0.3628589594240417,PUT,0.3628589594240417,0.2661290167521737,d35,event_option_mh30trail_clean1000_frozen2025_select2026_d35_return_deploy202607_SPY_v1,1,0.3,3,30,35,0.35,202602
SPY,zero_dte,12:55,775,202602,20260218,-0.6,0.5714285296140886,0.0413195583675504,0.3551722118270305,PUT,0.3551722118270305,0.5714285296140886,d35,event_option_mh30trail_clean1000_frozen2025_select2026_d35_return_deploy202607_SPY_v1,1,0.3,3,30,35,0.35,202602
SPY,zero_dte,10:05,605,202602,20260219,-0.6,0.2889610027699905,-0.0828187086417401,0.4490007481693102,PUT,0.4490007481693102,0.2889610027699905,d35,event_option_mh30trail_clean1000_frozen2025_select2026_d35_return_deploy202607_SPY_v1,1,0.3,3,30,35,0.35,202602
SPY,zero_dte,10:35,635,202602,20260219,-0.6,0.3035714304720869,0.0188089601919842,0.3553752299157734,PUT,0.3553752299157734,0.3035714304720869,d35,event_option_mh30trail_clean1000_frozen2025_select2026_d35_return_deploy202607_SPY_v1,1,0.3,3,30,35,0.35,202602
SPY,zero_dte,11:15,675,202602,20260219,-0.6,0.4699999491373698,-0.1262023003089046,0.4629820961044006,PUT,0.4629820961044006,0.4699999491373698,d35,event_option_mh30trail_clean1000_frozen2025_select2026_d35_return_deploy202607_SPY_v1,1,0.3,3,30,35,0.35,202602
SPY,zero_dte,13:40,820,202602,20260220,0.4919354756011593,-0.6,-0.2442127094560634,0.3745445032585937,PUT,0.3745445032585937,-0.6,d35,event_option_mh30trail_clean1000_frozen2025_select2026_d35_return_deploy202607_SPY_v1,1,0.3,3,30,35,0.35,202602
SPY,zero_dte,14:10,850,202602,20260220,-0.6,-0.6,-0.3142758638298292,0.3926425048991907,PUT,0.3926425048991907,-0.6,d35,event_option_mh30trail_clean1000_frozen2025_select2026_d35_return_deploy202607_SPY_v1,1,0.3,3,30,35,0.35,202602
SPY,zero_dte,11:10,670,202602,20260223,-0.6,-0.6,-0.2081008984826102,0.3225662374136564,PUT,0.3225662374136564,-0.6,d35,event_option_mh30trail_clean1000_frozen2025_select2026_d35_return_deploy202607_SPY_v1,1,0.3,3,30,35,0.35,202602
SPY,zero_dte,12:55,775,202602,20260223,0.7240259981533397,-0.6,0.3060750111063747,-0.2760654460893334,CALL,0.3060750111063747,0.7240259981533397,d35,event_option_mh30trail_clean1000_frozen2025_select2026_d35_return_deploy202607_SPY_v1,1,0.3,3,30,35,0.35,202602
SPY,zero_dte,10:25,625,202602,20260224,0.2794117372066225,-0.6,-0.2508161677247573,0.3613080214970128,PUT,0.3613080214970128,-0.6,d35,event_option_mh30trail_clean1000_frozen2025_select2026_d35_return_deploy202607_SPY_v1,1,0.3,3,30,35,0.35,202602
SPY,zero_dte,11:00,660,202602,20260224,0.6499999761581421,-0.6,-0.5647596030209291,0.4249032033600106,PUT,0.4249032033600106,-0.6,d35,event_option_mh30trail_clean1000_frozen2025_select2026_d35_return_deploy202607_SPY_v1,1,0.3,3,30,35,0.35,202602
SPY,zero_dte,12:05,725,202602,20260224,0.6373240477129318,-0.6,0.3902468976331428,-0.2962447353102253,CALL,0.3902468976331428,0.6373240477129318,d35,event_option_mh30trail_clean1000_frozen2025_select2026_d35_return_deploy202607_SPY_v1,1,0.3,3,30,35,0.35,202602
SPY,zero_dte,10:00,600,202602,20260225,0.2409638459043241,-0.5726495569744519,-0.704625186190649,0.6723541802363106,PUT,0.6723541802363106,-0.5726495569744519,d35,event_option_mh30trail_clean1000_frozen2025_select2026_d35_return_deploy202607_SPY_v1,1,0.3,3,30,35,0.35,202602
SPY,zero_dte,10:30,630,202602,20260225,0.3235294723490112,-0.5652173822904127,-0.5853022097091425,0.6354063218199769,PUT,0.6354063218199769,-0.5652173822904127,d35,event_option_mh30trail_clean1000_frozen2025_select2026_d35_return_deploy202607_SPY_v1,1,0.3,3,30,35,0.35,202602
SPY,zero_dte,11:00,660,202602,20260225,0.25,-0.6,-0.1851048032798049,0.3021560908494514,PUT,0.3021560908494514,-0.6,d35,event_option_mh30trail_clean1000_frozen2025_select2026_d35_return_deploy202607_SPY_v1,1,0.3,3,30,35,0.35,202602
SPY,zero_dte,13:10,790,202602,20260226,1.3524097942928766,-0.6,0.1323813982951781,0.3367953995634178,PUT,0.3367953995634178,-0.6,d35,event_option_mh30trail_clean1000_frozen2025_select2026_d35_return_deploy202607_SPY_v1,1,0.3,3,30,35,0.35,202602
SPY,zero_dte,10:55,655,202602,20260227,0.2602040717026832,-0.6,0.3312978212546549,-0.2060010056865045,CALL,0.3312978212546549,0.2602040717026832,d35,event_option_mh30trail_clean1000_frozen2025_select2026_d35_return_deploy202607_SPY_v1,1,0.3,3,30,35,0.35,202602
SPY,zero_dte,11:45,705,202602,20260227,-0.6,0.5750000204890964,0.3654096267286394,-0.3243476113749124,CALL,0.3654096267286394,-0.6,d35,event_option_mh30trail_clean1000_frozen2025_select2026_d35_return_deploy202607_SPY_v1,1,0.3,3,30,35,0.35,202602
SPY,zero_dte,12:15,735,202602,20260227,-0.6,0.75,0.3089078319195525,0.0339105540670777,CALL,0.3089078319195525,-0.6,d35,event_option_mh30trail_clean1000_frozen2025_select2026_d35_return_deploy202607_SPY_v1,1,0.3,3,30,35,0.35,202602
SPY,zero_dte,10:05,605,202603,20260302,-0.6,0.3265765562584608,-0.1760475345828079,0.3776482475149179,PUT,0.3776482475149179,0.3265765562584608,d35,event_option_mh30trail_clean1000_frozen2025_select2026_d35_return_deploy202607_SPY_v1,1,0.3,3,30,35,0.35,202603
SPY,zero_dte,10:45,645,202603,20260302,0.4367469931430958,-0.6,-0.0350697678531296,0.3668899617577327,PUT,0.3668899617577327,-0.6,d35,event_option_mh30trail_clean1000_frozen2025_select2026_d35_return_deploy202607_SPY_v1,1,0.3,3,30,35,0.35,202603
SPY,zero_dte,13:50,830,202603,20260302,2.5937501455191554,-0.6,0.3226061465914911,-0.2108690027660114,CALL,0.3226061465914911,2.5937501455191554,d35,event_option_mh30trail_clean1000_frozen2025_select2026_d35_return_deploy202607_SPY_v1,1,0.3,3,30,35,0.35,202603
SPY,zero_dte,10:30,630,202603,20260303,0.3048780332676786,-0.6,0.3594356348152138,-0.2249427771336004,CALL,0.3594356348152138,0.3048780332676786,d35,event_option_mh30trail_clean1000_frozen2025_select2026_d35_return_deploy202607_SPY_v1,1,0.3,3,30,35,0.35,202603
SPY,zero_dte,11:40,700,202603,20260303,0.8589110243099611,-0.6,0.0589734014372446,0.353218389952723,PUT,0.353218389952723,-0.6,d35,event_option_mh30trail_clean1000_frozen2025_select2026_d35_return_deploy202607_SPY_v1,1,0.3,3,30,35,0.35,202603
SPY,zero_dte,12:10,730,202603,20260303,0.3119834100082206,-0.6,0.4328401016375986,-0.2744696728777164,CALL,0.4328401016375986,0.3119834100082206,d35,event_option_mh30trail_clean1000_frozen2025_select2026_d35_return_deploy202607_SPY_v1,1,0.3,3,30,35,0.35,202603
SPY,zero_dte,10:30,630,202603,20260304,-0.6,0.463178374805846,-0.5226333660010671,0.71317915059342,PUT,0.71317915059342,0.463178374805846,d35,event_option_mh30trail_clean1000_frozen2025_select2026_d35_return_deploy202607_SPY_v1,1,0.3,3,30,35,0.35,202603
SPY,zero_dte,11:05,665,202603,20260304,-0.1975308959939423,0.578571470740703,-0.4811196395690749,0.5714478420336326,PUT,0.5714478420336326,0.578571470740703,d35,event_option_mh30trail_clean1000_frozen2025_select2026_d35_return_deploy202607_SPY_v1,1,0.3,3,30,35,0.35,202603
SPY,zero_dte,11:45,705,202603,20260304,-0.6,0.334415660818909,-0.3944097326255355,0.7113040096593577,PUT,0.7113040096593577,0.334415660818909,d35,event_option_mh30trail_clean1000_frozen2025_select2026_d35_return_deploy202607_SPY_v1,1,0.3,3,30,35,0.35,202603
SPY,zero_dte,10:00,600,202603,20260305,-0.6,2.663043303615883,-0.2689160062091003,0.3466632027372354,PUT,0.3466632027372354,2.663043303615883,d35,event_option_mh30trail_clean1000_frozen2025_select2026_d35_return_deploy202607_SPY_v1,1,0.3,3,30,35,0.35,202603
SPY,zero_dte,12:35,755,202603,20260305,-0.6,-0.6,0.0549386439553818,0.3055981491322561,PUT,0.3055981491322561,-0.6,d35,event_option_mh30trail_clean1000_frozen2025_select2026_d35_return_deploy202607_SPY_v1,1,0.3,3,30,35,0.35,202603
SPY,zero_dte,13:10,790,202603,20260305,-0.6,0.7999999515712268,0.1456472396987568,0.3377766117548106,PUT,0.3377766117548106,0.7999999515712268,d35,event_option_mh30trail_clean1000_frozen2025_select2026_d35_return_deploy202607_SPY_v1,1,0.3,3,30,35,0.35,202603
SPY,zero_dte,10:10,610,202603,20260306,0.8380502286456619,-0.6,-0.0271457237569756,0.3232503176755107,PUT,0.3232503176755107,-0.6,d35,event_option_mh30trail_clean1000_frozen2025_select2026_d35_return_deploy202607_SPY_v1,1,0.3,3,30,35,0.35,202603
SPY,zero_dte,12:15,735,202603,20260306,0.3214286200854266,0.4741379806459602,0.3257609089250581,-0.3231588651144241,CALL,0.3257609089250581,0.3214286200854266,d35,event_option_mh30trail_clean1000_frozen2025_select2026_d35_return_deploy202607_SPY_v1,1,0.3,3,30,35,0.35,202603
SPY,zero_dte,13:30,810,202603,20260306,-0.6,-0.6,0.3113460812547687,-0.4486172353232117,CALL,0.3113460812547687,-0.6,d35,event_option_mh30trail_clean1000_frozen2025_select2026_d35_return_deploy202607_SPY_v1,1,0.3,3,30,35,0.35,202603
SPY,zero_dte,11:20,680,202603,20260309,0.815934001154234,-0.6,-0.1142013024313815,0.344224790935379,PUT,0.344224790935379,-0.6,d35,event_option_mh30trail_clean1000_frozen2025_select2026_d35_return_deploy202607_SPY_v1,1,0.3,3,30,35,0.35,202603
SPY,zero_dte,11:50,710,202603,20260309,0.2685185375963654,-0.6,-0.1960965961958463,0.3851679978575989,PUT,0.3851679978575989,-0.6,d35,event_option_mh30trail_clean1000_frozen2025_select2026_d35_return_deploy202607_SPY_v1,1,0.3,3,30,35,0.35,202603
SPY,zero_dte,12:50,770,202603,20260309,-0.6,1.0252293056234083,-0.1716698156383152,0.4712580573506834,PUT,0.4712580573506834,1.0252293056234083,d35,event_option_mh30trail_clean1000_frozen2025_select2026_d35_return_deploy202607_SPY_v1,1,0.3,3,30,35,0.35,202603
SPY,zero_dte,10:15,615,202603,20260310,1.9700000286102293,-0.6,0.0667037597984785,0.3140918300870922,PUT,0.3140918300870922,-0.6,d35,event_option_mh30trail_clean1000_frozen2025_select2026_d35_return_deploy202607_SPY_v1,1,0.3,3,30,35,0.35,202603
SPY,zero_dte,10:45,645,202603,20260310,0.5999999962747098,-0.6,-0.3827085075648824,0.5560622007198781,PUT,0.5560622007198781,-0.6,d35,event_option_mh30trail_clean1000_frozen2025_select2026_d35_return_deploy202607_SPY_v1,1,0.3,3,30,35,0.35,202603
SPY,zero_dte,11:15,675,202603,20260310,0.4130434169942816,-0.6,-0.2716487839695052,0.4706367912126219,PUT,0.4706367912126219,-0.6,d35,event_option_mh30trail_clean1000_frozen2025_select2026_d35_return_deploy202607_SPY_v1,1,0.3,3,30,35,0.35,202603
SPY,zero_dte,10:00,600,202603,20260311,-0.6,1.6847826072872247,-0.1114583537480276,0.3511039417885662,PUT,0.3511039417885662,1.6847826072872247,d35,event_option_mh30trail_clean1000_frozen2025_select2026_d35_return_deploy202607_SPY_v1,1,0.3,3,30,35,0.35,202603
SPY,zero_dte,10:35,635,202603,20260311,0.4654470425823329,-0.6,-0.0572181158299053,0.3258484008348353,PUT,0.3258484008348353,-0.6,d35,event_option_mh30trail_clean1000_frozen2025_select2026_d35_return_deploy202607_SPY_v1,1,0.3,3,30,35,0.35,202603
SPY,zero_dte,11:25,685,202603,20260311,-0.6,0.8094058845010692,-0.2303461780459648,0.3645610666015996,PUT,0.3645610666015996,0.8094058845010692,d35,event_option_mh30trail_clean1000_frozen2025_select2026_d35_return_deploy202607_SPY_v1,1,0.3,3,30,35,0.35,202603
SPY,zero_dte,10:45,645,202603,20260312,0.3965517427422351,0.3687050526300441,-0.124743129214172,0.3858700841898422,PUT,0.3858700841898422,0.3687050526300441,d35,event_option_mh30trail_clean1000_frozen2025_select2026_d35_return_deploy202607_SPY_v1,1,0.3,3,30,35,0.35,202603
SPY,zero_dte,11:30,690,202603,20260312,0.6084070030921624,-0.6,0.0658322652147829,0.369357443981875,PUT,0.369357443981875,-0.6,d35,event_option_mh30trail_clean1000_frozen2025_select2026_d35_return_deploy202607_SPY_v1,1,0.3,3,30,35,0.35,202603
SPY,zero_dte,12:00,720,202603,20260312,0.5277776673988104,0.403061197182379,-0.287964742956201,0.3393325321288261,PUT,0.3393325321288261,0.403061197182379,d35,event_option_mh30trail_clean1000_frozen2025_select2026_d35_return_deploy202607_SPY_v1,1,0.3,3,30,35,0.35,202603
SPY,zero_dte,10:10,610,202603,20260313,-0.6,0.4586092317884915,0.3277606157173476,-0.3926917014699792,CALL,0.3277606157173476,-0.6,d35,event_option_mh30trail_clean1000_frozen2025_select2026_d35_return_deploy202607_SPY_v1,1,0.3,3,30,35,0.35,202603
SPY,zero_dte,10:40,640,202603,20260313,-0.6,1.0664556876070854,0.3345487450571905,-0.3073555617449499,CALL,0.3345487450571905,-0.6,d35,event_option_mh30trail_clean1000_frozen2025_select2026_d35_return_deploy202607_SPY_v1,1,0.3,3,30,35,0.35,202603
SPY,zero_dte,11:20,680,202603,20260313,-0.6,0.6459999084472656,0.3858249346096214,-0.4490371843266858,CALL,0.3858249346096214,-0.6,d35,event_option_mh30trail_clean1000_frozen2025_select2026_d35_return_deploy202607_SPY_v1,1,0.3,3,30,35,0.35,202603
SPY,zero_dte,11:10,670,202603,20260316,0.4687500756699609,0.25,-0.1642248584631304,0.3626866988196477,PUT,0.3626866988196477,0.25,d35,event_option_mh30trail_clean1000_frozen2025_select2026_d35_return_deploy202607_SPY_v1,1,0.3,3,30,35,0.35,202603
SPY,zero_dte,12:40,760,202603,20260316,0.3763736004616935,-0.6,-0.1664459555438212,0.3724472407821089,PUT,0.3724472407821089,-0.6,d35,event_option_mh30trail_clean1000_frozen2025_select2026_d35_return_deploy202607_SPY_v1,1,0.3,3,30,35,0.35,202603
SPY,zero_dte,10:00,600,202603,20260317,-0.6,0.4452381449762137,-0.1864566278953273,0.3000606053118278,PUT,0.3000606053118278,0.4452381449762137,d35,event_option_mh30trail_clean1000_frozen2025_select2026_d35_return_deploy202607_SPY_v1,1,0.3,3,30,35,0.35,202603
SPY,zero_dte,10:35,635,202603,20260317,-0.6,0.457865174559237,0.1276224794539534,0.320396621516286,PUT,0.320396621516286,0.457865174559237,d35,event_option_mh30trail_clean1000_frozen2025_select2026_d35_return_deploy202607_SPY_v1,1,0.3,3,30,35,0.35,202603
SPY,zero_dte,12:35,755,202603,20260317,-0.6,-0.6,0.3008085989490979,-0.4437917076301911,CALL,0.3008085989490979,-0.6,d35,event_option_mh30trail_clean1000_frozen2025_select2026_d35_return_deploy202607_SPY_v1,1,0.3,3,30,35,0.35,202603
SPY,zero_dte,13:45,825,202603,20260318,-0.6,0.3821838497721801,0.0413479422009068,0.4127163601147769,PUT,0.4127163601147769,0.3821838497721801,d35,event_option_mh30trail_clean1000_frozen2025_select2026_d35_return_deploy202607_SPY_v1,1,0.3,3,30,35,0.35,202603
SPY,zero_dte,10:05,605,202603,20260319,-0.6,0.5127118781050612,0.4177460311855946,-0.0603583985616613,CALL,0.4177460311855946,-0.6,d35,event_option_mh30trail_clean1000_frozen2025_select2026_d35_return_deploy202607_SPY_v1,1,0.3,3,30,35,0.35,202603
SPY,zero_dte,13:05,785,202603,20260319,0.3531746001710938,0.2941175606939628,0.4901584761626479,-0.4313583575322444,CALL,0.4901584761626479,0.3531746001710938,d35,event_option_mh30trail_clean1000_frozen2025_select2026_d35_return_deploy202607_SPY_v1,1,0.3,3,30,35,0.35,202603
SPY,zero_dte,13:40,820,202603,20260319,0.938405790841772,-0.6,0.5151081110078499,-0.2913757910428238,CALL,0.5151081110078499,0.938405790841772,d35,event_option_mh30trail_clean1000_frozen2025_select2026_d35_return_deploy202607_SPY_v1,1,0.3,3,30,35,0.35,202603
SPY,zero_dte,10:30,630,202603,20260320,-0.6,-0.6,0.3358095039858008,-0.3301683006740538,CALL,0.3358095039858008,-0.6,d35,event_option_mh30trail_clean1000_frozen2025_select2026_d35_return_deploy202607_SPY_v1,1,0.3,3,30,35,0.35,202603
SPY,zero_dte,11:10,670,202603,20260320,0.4913793440097587,0.3539822812797002,0.3406819889032078,-0.3938765879814966,CALL,0.3406819889032078,0.4913793440097587,d35,event_option_mh30trail_clean1000_frozen2025_select2026_d35_return_deploy202607_SPY_v1,1,0.3,3,30,35,0.35,202603
SPY,zero_dte,11:40,700,202603,20260320,0.387362600654066,-0.6,0.6409343508658332,-0.5077792962533718,CALL,0.6409343508658332,0.387362600654066,d35,event_option_mh30trail_clean1000_frozen2025_select2026_d35_return_deploy202607_SPY_v1,1,0.3,3,30,35,0.35,202603
SPY,zero_dte,10:25,625,202603,20260323,-0.6,0.2941175606939628,-0.4237516555937256,0.3118681874506103,PUT,0.3118681874506103,0.2941175606939628,d35,event_option_mh30trail_clean1000_frozen2025_select2026_d35_return_deploy202607_SPY_v1,1,0.3,3,30,35,0.35,202603
SPY,zero_dte,12:25,745,202603,20260323,0.4956140653578531,-0.6,0.0587813905146077,0.3582558108207122,PUT,0.3582558108207122,-0.6,d35,event_option_mh30trail_clean1000_frozen2025_select2026_d35_return_deploy202607_SPY_v1,1,0.3,3,30,35,0.35,202603
SPY,zero_dte,14:20,860,202603,20260323,1.6130135062488526,-0.6,0.3096823623282018,-0.2740191887122457,CALL,0.3096823623282018,1.6130135062488526,d35,event_option_mh30trail_clean1000_frozen2025_select2026_d35_return_deploy202607_SPY_v1,1,0.3,3,30,35,0.35,202603
SPY,zero_dte,13:20,800,202603,20260324,0.354395600076949,-0.6,0.3365369900090218,0.0798919414376343,CALL,0.3365369900090218,0.354395600076949,d35,event_option_mh30trail_clean1000_frozen2025_select2026_d35_return_deploy202607_SPY_v1,1,0.3,3,30,35,0.35,202603
SPY,zero_dte,10:10,610,202603,20260325,0.2923729943667545,-0.6,0.3153652551879036,-0.1303901233734802,CALL,0.3153652551879036,0.2923729943667545,d35,event_option_mh30trail_clean1000_frozen2025_select2026_d35_return_deploy202607_SPY_v1,1,0.3,3,30,35,0.35,202603
SPY,zero_dte,10:20,620,202603,20260326,-0.6,0.2500000522847767,-0.0496167755119361,0.3585649341540166,PUT,0.3585649341540166,0.2500000522847767,d35,event_option_mh30trail_clean1000_frozen2025_select2026_d35_return_deploy202607_SPY_v1,1,0.3,3,30,35,0.35,202603
SPY,zero_dte,11:25,685,202603,20260326,-0.6,0.5483193294147204,-0.4024199356333749,0.3653189453419288,PUT,0.3653189453419288,0.5483193294147204,d35,event_option_mh30trail_clean1000_frozen2025_select2026_d35_return_deploy202607_SPY_v1,1,0.3,3,30,35,0.35,202603
SPY,zero_dte,12:20,740,202603,20260326,-0.6,0.6882716639887503,-0.4371185711409632,0.380248388017438,PUT,0.380248388017438,0.6882716639887503,d35,event_option_mh30trail_clean1000_frozen2025_select2026_d35_return_deploy202607_SPY_v1,1,0.3,3,30,35,0.35,202603
SPY,zero_dte,11:15,675,202603,20260327,0.7710526117657688,0.5614753986231522,0.3928743058769821,-0.0984736470322725,CALL,0.3928743058769821,0.7710526117657688,d35,event_option_mh30trail_clean1000_frozen2025_select2026_d35_return_deploy202607_SPY_v1,1,0.3,3,30,35,0.35,202603
SPY,zero_dte,12:15,735,202603,20260327,-0.6,0.6944442788759932,0.4651567894054413,-0.2027034861820974,CALL,0.4651567894054413,-0.6,d35,event_option_mh30trail_clean1000_frozen2025_select2026_d35_return_deploy202607_SPY_v1,1,0.3,3,30,35,0.35,202603
SPY,zero_dte,12:55,775,202603,20260327,0.2699999809265136,0.7240259981533397,0.5245088761516632,-0.2089217597892241,CALL,0.5245088761516632,0.2699999809265136,d35,event_option_mh30trail_clean1000_frozen2025_select2026_d35_return_deploy202607_SPY_v1,1,0.3,3,30,35,0.35,202603
SPY,zero_dte,14:30,870,202603,20260330,-0.6,0.3785714358699565,0.367540313043347,-0.3399904629813202,CALL,0.367540313043347,-0.6,d35,event_option_mh30trail_clean1000_frozen2025_select2026_d35_return_deploy202607_SPY_v1,1,0.3,3,30,35,0.35,202603
SPY,zero_dte,13:40,820,202603,20260331,0.2884615948919735,-0.6,0.0842986018915016,0.4924575063575606,PUT,0.4924575063575606,-0.6,d35,event_option_mh30trail_clean1000_frozen2025_select2026_d35_return_deploy202607_SPY_v1,1,0.3,3,30,35,0.35,202603
SPY,zero_dte,14:10,850,202603,20260331,0.2661290167521737,-0.6,0.4156100605459957,-0.3184567890365797,CALL,0.4156100605459957,0.2661290167521737,d35,event_option_mh30trail_clean1000_frozen2025_select2026_d35_return_deploy202607_SPY_v1,1,0.3,3,30,35,0.35,202603
SPY,zero_dte,10:50,650,202604,20260402,0.2669491876442191,-0.6,0.3793956972191996,-0.4676455592652103,CALL,0.3793956972191996,0.2669491876442191,d35,event_option_mh30trail_clean1000_frozen2025_select2026_d35_return_deploy202607_SPY_v1,1,0.3,3,30,35,0.35,202604
SPY,zero_dte,12:10,730,202604,20260402,0.3557692484037418,-0.6,0.308147762293551,-0.2536759696235027,CALL,0.308147762293551,0.3557692484037418,d35,event_option_mh30trail_clean1000_frozen2025_select2026_d35_return_deploy202607_SPY_v1,1,0.3,3,30,35,0.35,202604
SPY,zero_dte,12:40,760,202604,20260402,-0.6,-0.6,0.3174923704846786,-0.2249129878513177,CALL,0.3174923704846786,-0.6,d35,event_option_mh30trail_clean1000_frozen2025_select2026_d35_return_deploy202607_SPY_v1,1,0.3,3,30,35,0.35,202604
SPY,zero_dte,10:25,625,202604,20260406,-0.6,0.4247966754758776,-0.0683980708961375,0.3308426001082187,PUT,0.3308426001082187,0.4247966754758776,d35,event_option_mh30trail_clean1000_frozen2025_select2026_d35_return_deploy202607_SPY_v1,1,0.3,3,30,35,0.35,202604
SPY,zero_dte,13:50,830,202604,20260406,1.220588132171896,-0.6,0.3296181965116392,-0.1884779902774888,CALL,0.3296181965116392,1.220588132171896,d35,event_option_mh30trail_clean1000_frozen2025_select2026_d35_return_deploy202607_SPY_v1,1,0.3,3,30,35,0.35,202604
SPY,zero_dte,14:30,870,202604,20260406,-0.6,0.2833333002196432,0.361724064355117,-0.6322392131949919,CALL,0.361724064355117,-0.6,d35,event_option_mh30trail_clean1000_frozen2025_select2026_d35_return_deploy202607_SPY_v1,1,0.3,3,30,35,0.35,202604
SPY,zero_dte,13:00,780,202604,20260407,0.3179012064053652,-0.6,0.3007710572617146,-0.1472479275648288,CALL,0.3007710572617146,0.3179012064053652,d35,event_option_mh30trail_clean1000_frozen2025_select2026_d35_return_deploy202607_SPY_v1,1,0.3,3,30,35,0.35,202604
SPY,zero_dte,13:45,825,202604,20260407,-0.6,0.5719178194041366,0.3323214703788251,0.0312323510096296,CALL,0.3323214703788251,-0.6,d35,event_option_mh30trail_clean1000_frozen2025_select2026_d35_return_deploy202607_SPY_v1,1,0.3,3,30,35,0.35,202604
SPY,zero_dte,14:15,855,202604,20260407,-0.6,0.5833332781438496,0.3404615133814118,-0.251538790041475,CALL,0.3404615133814118,-0.6,d35,event_option_mh30trail_clean1000_frozen2025_select2026_d35_return_deploy202607_SPY_v1,1,0.3,3,30,35,0.35,202604
SPY,zero_dte,10:35,635,202604,20260408,0.3437500058207663,0.4507874947012877,0.2573618698859999,0.5353110785996633,PUT,0.5353110785996633,0.4507874947012877,d35,event_option_mh30trail_clean1000_frozen2025_select2026_d35_return_deploy202607_SPY_v1,1,0.3,3,30,35,0.35,202604
SPY,zero_dte,12:00,720,202604,20260408,0.4486301056684179,-0.6,-0.0141591977266061,0.3030704107233185,PUT,0.3030704107233185,-0.6,d35,event_option_mh30trail_clean1000_frozen2025_select2026_d35_return_deploy202607_SPY_v1,1,0.3,3,30,35,0.35,202604
SPY,zero_dte,12:30,750,202604,20260408,0.8166666004392864,-0.6,0.1022873238412049,0.3054038715961359,PUT,0.3054038715961359,-0.6,d35,event_option_mh30trail_clean1000_frozen2025_select2026_d35_return_deploy202607_SPY_v1,1,0.3,3,30,35,0.35,202604
SPY,zero_dte,10:15,615,202604,20260410,-0.6,0.3214286322496384,-0.4548620286879486,0.4791389085359271,PUT,0.4791389085359271,0.3214286322496384,d35,event_option_mh30trail_clean1000_frozen2025_select2026_d35_return_deploy202607_SPY_v1,1,0.3,3,30,35,0.35,202604
SPY,zero_dte,10:50,650,202604,20260410,0.2745901399067549,0.3676470768699182,-0.3346183247778022,0.3861577026583194,PUT,0.3861577026583194,0.3676470768699182,d35,event_option_mh30trail_clean1000_frozen2025_select2026_d35_return_deploy202607_SPY_v1,1,0.3,3,30,35,0.35,202604
SPY,zero_dte,11:20,680,202604,20260410,-0.6,0.9500000476837158,-0.2503838336521351,0.5536897150260913,PUT,0.5536897150260913,0.9500000476837158,d35,event_option_mh30trail_clean1000_frozen2025_select2026_d35_return_deploy202607_SPY_v1,1,0.3,3,30,35,0.35,202604
SPY,zero_dte,12:30,750,202604,20260413,0.9071428802548628,-0.6,0.3011474446729189,-0.0001850746101411,CALL,0.3011474446729189,0.9071428802548628,d35,event_option_mh30trail_clean1000_frozen2025_select2026_d35_return_deploy202607_SPY_v1,1,0.3,3,30,35,0.35,202604
SPY,zero_dte,10:05,605,202604,20260414,0.7338709832478263,-0.6,0.3470646319964455,0.0761896466915079,CALL,0.3470646319964455,0.7338709832478263,d35,event_option_mh30trail_clean1000_frozen2025_select2026_d35_return_deploy202607_SPY_v1,1,0.3,3,30,35,0.35,202604
SPY,zero_dte,10:40,640,202604,20260414,0.3749999767169352,-0.6,0.2041028116681043,0.3373077884210944,PUT,0.3373077884210944,-0.6,d35,event_option_mh30trail_clean1000_frozen2025_select2026_d35_return_deploy202607_SPY_v1,1,0.3,3,30,35,0.35,202604
SPY,zero_dte,11:10,670,202604,20260414,1.3970589197768215,-0.6,-0.416368479916448,0.3313402998734127,PUT,0.3313402998734127,-0.6,d35,event_option_mh30trail_clean1000_frozen2025_select2026_d35_return_deploy202607_SPY_v1,1,0.3,3,30,35,0.35,202604
SPY,zero_dte,10:05,605,202604,20260416,0.4166666666666667,-0.6,-0.4184412049590834,0.3979873847757187,PUT,0.3979873847757187,-0.6,d35,event_option_mh30trail_clean1000_frozen2025_select2026_d35_return_deploy202607_SPY_v1,1,0.3,3,30,35,0.35,202604
SPY,zero_dte,11:25,685,202604,20260416,-0.6,0.3136363557547579,-0.2696727856207554,0.3436901880625292,PUT,0.3436901880625292,0.3136363557547579,d35,event_option_mh30trail_clean1000_frozen2025_select2026_d35_return_deploy202607_SPY_v1,1,0.3,3,30,35,0.35,202604
SPY,zero_dte,12:50,770,202604,20260416,-0.6,0.9575472080058264,-0.272303841358455,0.3419126505751457,PUT,0.3419126505751457,0.9575472080058264,d35,event_option_mh30trail_clean1000_frozen2025_select2026_d35_return_deploy202607_SPY_v1,1,0.3,3,30,35,0.35,202604
SPY,zero_dte,10:00,600,202604,20260417,0.4999999441206464,-0.6,0.192507475081448,0.3467682235773639,PUT,0.3467682235773639,-0.6,d35,event_option_mh30trail_clean1000_frozen2025_select2026_d35_return_deploy202607_SPY_v1,1,0.3,3,30,35,0.35,202604
SPY,zero_dte,10:30,630,202604,20260417,1.2499999038634768,-0.6,0.2901323387836064,0.5026164937032246,PUT,0.5026164937032246,-0.6,d35,event_option_mh30trail_clean1000_frozen2025_select2026_d35_return_deploy202607_SPY_v1,1,0.3,3,30,35,0.35,202604
SPY,zero_dte,13:10,790,202604,20260417,-0.6,2.03301906314089,-0.5321793911621686,0.32475049224129,PUT,0.32475049224129,2.03301906314089,d35,event_option_mh30trail_clean1000_frozen2025_select2026_d35_return_deploy202607_SPY_v1,1,0.3,3,30,35,0.35,202604
SPY,zero_dte,10:05,605,202604,20260420,-0.6,0.3885542670499269,-0.2176164687121866,0.3001089079854089,PUT,0.3001089079854089,0.3885542670499269,d35,event_option_mh30trail_clean1000_frozen2025_select2026_d35_return_deploy202607_SPY_v1,1,0.3,3,30,35,0.35,202604
SPY,zero_dte,12:20,740,202604,20260420,-0.3953488694454536,-0.6,-0.1908195463216974,0.3175487557183858,PUT,0.3175487557183858,-0.6,d35,event_option_mh30trail_clean1000_frozen2025_select2026_d35_return_deploy202607_SPY_v1,1,0.3,3,30,35,0.35,202604
SPY,zero_dte,13:15,795,202604,20260420,-0.6,-0.6,-0.1849446698028989,0.3580110572170831,PUT,0.3580110572170831,-0.6,d35,event_option_mh30trail_clean1000_frozen2025_select2026_d35_return_deploy202607_SPY_v1,1,0.3,3,30,35,0.35,202604
SPY,zero_dte,10:10,610,202604,20260422,-0.6,-0.6,-0.2153168431651113,0.3269495012557786,PUT,0.3269495012557786,-0.6,d35,event_option_mh30trail_clean1000_frozen2025_select2026_d35_return_deploy202607_SPY_v1,1,0.3,3,30,35,0.35,202604
SPY,zero_dte,10:40,640,202604,20260422,-0.6,0.3684210980367799,-0.6869644054949607,0.4903194511929137,PUT,0.4903194511929137,0.3684210980367799,d35,event_option_mh30trail_clean1000_frozen2025_select2026_d35_return_deploy202607_SPY_v1,1,0.3,3,30,35,0.35,202604
SPY,zero_dte,11:15,675,202604,20260422,-0.6,-0.6,-0.4909163711525169,0.3639119236056911,PUT,0.3639119236056911,-0.6,d35,event_option_mh30trail_clean1000_frozen2025_select2026_d35_return_deploy202607_SPY_v1,1,0.3,3,30,35,0.35,202604
SPY,zero_dte,11:00,660,202604,20260424,1.709183713189267,-0.6,-0.5885403110228552,0.4707333915178124,PUT,0.4707333915178124,-0.6,d35,event_option_mh30trail_clean1000_frozen2025_select2026_d35_return_deploy202607_SPY_v1,1,0.3,3,30,35,0.35,202604
SPY,zero_dte,11:30,690,202604,20260424,2.636792554682204,-0.6,-0.5381409156320213,0.3971809112187624,PUT,0.3971809112187624,-0.6,d35,event_option_mh30trail_clean1000_frozen2025_select2026_d35_return_deploy202607_SPY_v1,1,0.3,3,30,35,0.35,202604
SPY,zero_dte,12:10,730,202604,20260424,-0.6,-0.6,-0.3102178813659295,0.4603970535713493,PUT,0.4603970535713493,-0.6,d35,event_option_mh30trail_clean1000_frozen2025_select2026_d35_return_deploy202607_SPY_v1,1,0.3,3,30,35,0.35,202604
SPY,zero_dte,10:05,605,202604,20260428,-0.6,0.2999999888241293,-0.4468068390193563,0.3276880383161454,PUT,0.3276880383161454,0.2999999888241293,d35,event_option_mh30trail_clean1000_frozen2025_select2026_d35_return_deploy202607_SPY_v1,1,0.3,3,30,35,0.35,202604
SPY,zero_dte,10:45,645,202604,20260428,-0.6,-0.6,-0.3021264771732149,0.303881880017553,PUT,0.303881880017553,-0.6,d35,event_option_mh30trail_clean1000_frozen2025_select2026_d35_return_deploy202607_SPY_v1,1,0.3,3,30,35,0.35,202604
SPY,zero_dte,11:25,685,202604,20260428,0.1917807973108998,-0.6,-0.358342840276285,0.4276676883278677,PUT,0.4276676883278677,-0.6,d35,event_option_mh30trail_clean1000_frozen2025_select2026_d35_return_deploy202607_SPY_v1,1,0.3,3,30,35,0.35,202604
SPY,zero_dte,10:00,600,202604,20260429,0.2970085548461074,0.0559440880068031,-0.1960076924430185,0.3523185471907313,PUT,0.3523185471907313,0.0559440880068031,d35,event_option_mh30trail_clean1000_frozen2025_select2026_d35_return_deploy202607_SPY_v1,1,0.3,3,30,35,0.35,202604
SPY,zero_dte,10:05,605,202604,20260430,0.6102150599657972,-0.6,-0.2594649614755053,0.3360790286128859,PUT,0.3360790286128859,-0.6,d35,event_option_mh30trail_clean1000_frozen2025_select2026_d35_return_deploy202607_SPY_v1,1,0.3,3,30,35,0.35,202604
SPY,zero_dte,10:40,640,202604,20260430,0.826923210161604,-0.6,-0.0751159180657407,0.3427161965783752,PUT,0.3427161965783752,-0.6,d35,event_option_mh30trail_clean1000_frozen2025_select2026_d35_return_deploy202607_SPY_v1,1,0.3,3,30,35,0.35,202604
SPY,zero_dte,12:15,735,202604,20260430,0.5921052549024037,0.2621951467717143,0.0283524948186545,0.3457821635750063,PUT,0.3457821635750063,0.2621951467717143,d35,event_option_mh30trail_clean1000_frozen2025_select2026_d35_return_deploy202607_SPY_v1,1,0.3,3,30,35,0.35,202604
SPY,zero_dte,10:25,625,202605,20260501,-0.6,1.6447368366016026,-0.4900608896148741,0.5494337994885753,PUT,0.5494337994885753,1.6447368366016026,d35,event_option_mh30trail_clean1000_frozen2025_select2026_d35_return_deploy202607_SPY_v1,1,0.3,3,30,35,0.35,202605
SPY,zero_dte,12:25,745,202605,20260501,-0.6,-0.6,0.4568762883637629,-0.4637326897169961,CALL,0.4568762883637629,-0.6,d35,event_option_mh30trail_clean1000_frozen2025_select2026_d35_return_deploy202607_SPY_v1,1,0.3,3,30,35,0.35,202605
SPY,zero_dte,13:00,780,202605,20260501,0.2611111670364583,-0.6,0.3098574181461577,-0.2969703988332081,CALL,0.3098574181461577,0.2611111670364583,d35,event_option_mh30trail_clean1000_frozen2025_select2026_d35_return_deploy202607_SPY_v1,1,0.3,3,30,35,0.35,202605
SPY,zero_dte,10:10,610,202605,20260504,0.75,-0.6,-0.3645176688952738,0.3064904592799189,PUT,0.3064904592799189,-0.6,d35,event_option_mh30trail_clean1000_frozen2025_select2026_d35_return_deploy202607_SPY_v1,1,0.3,3,30,35,0.35,202605
SPY,zero_dte,12:05,725,202605,20260504,-0.6,1.0,-0.3470433054564872,0.3867445852061735,PUT,0.3867445852061735,1.0,d35,event_option_mh30trail_clean1000_frozen2025_select2026_d35_return_deploy202607_SPY_v1,1,0.3,3,30,35,0.35,202605
SPY,zero_dte,13:05,785,202605,20260504,0.6156715953182776,-0.6,-0.1107269824339153,0.3175320720740495,PUT,0.3175320720740495,-0.6,d35,event_option_mh30trail_clean1000_frozen2025_select2026_d35_return_deploy202607_SPY_v1,1,0.3,3,30,35,0.35,202605
SPY,zero_dte,10:05,605,202605,20260505,0.5990567395762716,0.2774724677311269,0.0715280801254402,0.3206619427846698,PUT,0.3206619427846698,0.2774724677311269,d35,event_option_mh30trail_clean1000_frozen2025_select2026_d35_return_deploy202607_SPY_v1,1,0.3,3,30,35,0.35,202605
SPY,zero_dte,10:35,635,202605,20260505,-0.1612903597947831,-0.6,-0.035995643327062,0.5441772793417723,PUT,0.5441772793417723,-0.6,d35,event_option_mh30trail_clean1000_frozen2025_select2026_d35_return_deploy202607_SPY_v1,1,0.3,3,30,35,0.35,202605
SPY,zero_dte,11:05,665,202605,20260505,-0.11428569239013,-0.6,-0.4865563743238547,0.3243392881721249,PUT,0.3243392881721249,-0.6,d35,event_option_mh30trail_clean1000_frozen2025_select2026_d35_return_deploy202607_SPY_v1,1,0.3,3,30,35,0.35,202605
SPY,zero_dte,10:00,600,202605,20260506,0.8676471206968626,0.4687500756699609,0.2695296234654252,0.4688881433187666,PUT,0.4688881433187666,0.4687500756699609,d35,event_option_mh30trail_clean1000_frozen2025_select2026_d35_return_deploy202607_SPY_v1,1,0.3,3,30,35,0.35,202605
SPY,zero_dte,10:30,630,202605,20260506,1.2436708545593138,-0.6,0.319689963901571,0.3039382966638584,CALL,0.319689963901571,1.2436708545593138,d35,event_option_mh30trail_clean1000_frozen2025_select2026_d35_return_deploy202607_SPY_v1,1,0.3,3,30,35,0.35,202605
SPY,zero_dte,11:10,670,202605,20260506,-0.6,0.2723879933118251,-0.5506160333611837,0.5295024656082905,PUT,0.5295024656082905,0.2723879933118251,d35,event_option_mh30trail_clean1000_frozen2025_select2026_d35_return_deploy202607_SPY_v1,1,0.3,3,30,35,0.35,202605
SPY,zero_dte,10:55,655,202605,20260507,-0.6,0.9772726821176954,-0.3886267062203862,0.5703896176061679,PUT,0.5703896176061679,0.9772726821176954,d35,event_option_mh30trail_clean1000_frozen2025_select2026_d35_return_deploy202607_SPY_v1,1,0.3,3,30,35,0.35,202605
SPY,zero_dte,11:35,695,202605,20260507,-0.6,1.6607142648070443,-0.3610732225743538,0.4513986208983865,PUT,0.4513986208983865,1.6607142648070443,d35,event_option_mh30trail_clean1000_frozen2025_select2026_d35_return_deploy202607_SPY_v1,1,0.3,3,30,35,0.35,202605
SPY,zero_dte,10:05,605,202605,20260508,-0.2388060033440874,-0.6,-0.6069384786856334,0.3867456549343537,PUT,0.3867456549343537,-0.6,d35,event_option_mh30trail_clean1000_frozen2025_select2026_d35_return_deploy202607_SPY_v1,1,0.3,3,30,35,0.35,202605
SPY,zero_dte,10:40,640,202605,20260508,-0.3768115816835444,-0.6,-0.3030276626331051,0.3724384881477925,PUT,0.3724384881477925,-0.6,d35,event_option_mh30trail_clean1000_frozen2025_select2026_d35_return_deploy202607_SPY_v1,1,0.3,3,30,35,0.35,202605
SPY,zero_dte,11:10,670,202605,20260508,-0.3396226171073887,-0.6,-0.3491897428528807,0.3781006508125643,PUT,0.3781006508125643,-0.6,d35,event_option_mh30trail_clean1000_frozen2025_select2026_d35_return_deploy202607_SPY_v1,1,0.3,3,30,35,0.35,202605
SPY,zero_dte,11:00,660,202605,20260511,-0.6,-0.6,-0.0990265635026195,0.3037261348950654,PUT,0.3037261348950654,-0.6,d35,event_option_mh30trail_clean1000_frozen2025_select2026_d35_return_deploy202607_SPY_v1,1,0.3,3,30,35,0.35,202605
SPY,zero_dte,10:20,620,202605,20260512,-0.6,1.1413043562766507,-0.1992169180116533,0.3236452433254063,PUT,0.3236452433254063,1.1413043562766507,d35,event_option_mh30trail_clean1000_frozen2025_select2026_d35_return_deploy202607_SPY_v1,1,0.3,3,30,35,0.35,202605
SPY,zero_dte,10:50,650,202605,20260512,-0.6,0.2606382560492533,-0.1338166468303578,0.3800103494522149,PUT,0.3800103494522149,0.2606382560492533,d35,event_option_mh30trail_clean1000_frozen2025_select2026_d35_return_deploy202607_SPY_v1,1,0.3,3,30,35,0.35,202605
SPY,zero_dte,11:20,680,202605,20260512,-0.6,0.4006024485732191,-0.4962281020812857,0.3328561245485943,PUT,0.3328561245485943,0.4006024485732191,d35,event_option_mh30trail_clean1000_frozen2025_select2026_d35_return_deploy202607_SPY_v1,1,0.3,3,30,35,0.35,202605
SPY,zero_dte,12:15,735,202605,20260513,1.2364864995481324,-0.6,-0.3432722231415758,0.4496971154414672,PUT,0.4496971154414672,-0.6,d35,event_option_mh30trail_clean1000_frozen2025_select2026_d35_return_deploy202607_SPY_v1,1,0.3,3,30,35,0.35,202605
SPY,zero_dte,10:05,605,202605,20260514,0.6107594793451427,-0.6,-0.3493691967418409,0.3060103290784036,PUT,0.3060103290784036,-0.6,d35,event_option_mh30trail_clean1000_frozen2025_select2026_d35_return_deploy202607_SPY_v1,1,0.3,3,30,35,0.35,202605
SPY,zero_dte,10:35,635,202605,20260514,1.3005618173175204,-0.6,-0.0201345470562194,0.4057764780861684,PUT,0.4057764780861684,-0.6,d35,event_option_mh30trail_clean1000_frozen2025_select2026_d35_return_deploy202607_SPY_v1,1,0.3,3,30,35,0.35,202605
SPY,zero_dte,10:15,615,202605,20260515,0.2954545553065526,0.2899999618530273,-0.2599039439018903,0.4422979079567121,PUT,0.4422979079567121,0.2899999618530273,d35,event_option_mh30trail_clean1000_frozen2025_select2026_d35_return_deploy202607_SPY_v1,1,0.3,3,30,35,0.35,202605
SPY,zero_dte,10:45,645,202605,20260515,-0.6,0.4464285429186967,-0.4629176344309356,0.3342469786629343,PUT,0.3342469786629343,0.4464285429186967,d35,event_option_mh30trail_clean1000_frozen2025_select2026_d35_return_deploy202607_SPY_v1,1,0.3,3,30,35,0.35,202605
SPY,zero_dte,14:05,845,202605,20260515,-0.6,3.881579137244716,-0.3647273802638974,0.4446933814178236,PUT,0.4446933814178236,3.881579137244716,d35,event_option_mh30trail_clean1000_frozen2025_select2026_d35_return_deploy202607_SPY_v1,1,0.3,3,30,35,0.35,202605
SPY,zero_dte,10:20,620,202605,20260518,-0.6,2.367021387224556,-0.117142631065209,0.3777464047327168,PUT,0.3777464047327168,2.367021387224556,d35,event_option_mh30trail_clean1000_frozen2025_select2026_d35_return_deploy202607_SPY_v1,1,0.3,3,30,35,0.35,202605
SPY,zero_dte,10:30,630,202605,20260519,0.3420000076293945,-0.6,-0.1703012093604386,0.3279734321057347,PUT,0.3279734321057347,-0.6,d35,event_option_mh30trail_clean1000_frozen2025_select2026_d35_return_deploy202607_SPY_v1,1,0.3,3,30,35,0.35,202605
SPY,zero_dte,11:20,680,202605,20260519,0.2730769936149668,-0.6,-0.1357638354644391,0.3701842740368857,PUT,0.3701842740368857,-0.6,d35,event_option_mh30trail_clean1000_frozen2025_select2026_d35_return_deploy202607_SPY_v1,1,0.3,3,30,35,0.35,202605
SPY,zero_dte,12:10,730,202605,20260519,1.412650701909338,-0.6,0.1816709007778319,0.336310571032428,PUT,0.336310571032428,-0.6,d35,event_option_mh30trail_clean1000_frozen2025_select2026_d35_return_deploy202607_SPY_v1,1,0.3,3,30,35,0.35,202605
SPY,zero_dte,10:25,625,202605,20260520,0.3760162349481313,-0.6,-0.2281464760241791,0.3704981610167153,PUT,0.3704981610167153,-0.6,d35,event_option_mh30trail_clean1000_frozen2025_select2026_d35_return_deploy202607_SPY_v1,1,0.3,3,30,35,0.35,202605
SPY,zero_dte,11:05,665,202605,20260520,1.2236841411801906,-0.6,-0.5383574453116515,0.3001582693242544,PUT,0.3001582693242544,-0.6,d35,event_option_mh30trail_clean1000_frozen2025_select2026_d35_return_deploy202607_SPY_v1,1,0.3,3,30,35,0.35,202605
SPY,zero_dte,12:50,770,202605,20260520,0.2787356731330626,-0.6,-0.2748364174082421,0.3264952959325185,PUT,0.3264952959325185,-0.6,d35,event_option_mh30trail_clean1000_frozen2025_select2026_d35_return_deploy202607_SPY_v1,1,0.3,3,30,35,0.35,202605
SPY,zero_dte,10:00,600,202605,20260521,-0.6,0.5859374665305943,-0.313676272254096,0.3296514137709603,PUT,0.3296514137709603,0.5859374665305943,d35,event_option_mh30trail_clean1000_frozen2025_select2026_d35_return_deploy202607_SPY_v1,1,0.3,3,30,35,0.35,202605
SPY,zero_dte,10:40,640,202605,20260521,-0.6,-0.6,-0.3535741115369912,0.4332101450534578,PUT,0.4332101450534578,-0.6,d35,event_option_mh30trail_clean1000_frozen2025_select2026_d35_return_deploy202607_SPY_v1,1,0.3,3,30,35,0.35,202605
SPY,zero_dte,11:35,695,202605,20260521,0.3928571023097651,-0.6,-0.2402225149284903,0.3894229532293023,PUT,0.3894229532293023,-0.6,d35,event_option_mh30trail_clean1000_frozen2025_select2026_d35_return_deploy202607_SPY_v1,1,0.3,3,30,35,0.35,202605
SPY,zero_dte,10:20,620,202605,20260522,0.4952831355733584,-0.6,-0.4314883035168808,0.3040118493328925,PUT,0.3040118493328925,-0.6,d35,event_option_mh30trail_clean1000_frozen2025_select2026_d35_return_deploy202607_SPY_v1,1,0.3,3,30,35,0.35,202605
SPY,zero_dte,10:50,650,202605,20260522,0.4722221670327384,-0.6,0.0305165028799836,0.4675264518981152,PUT,0.4675264518981152,-0.6,d35,event_option_mh30trail_clean1000_frozen2025_select2026_d35_return_deploy202607_SPY_v1,1,0.3,3,30,35,0.35,202605
SPY,zero_dte,12:05,725,202605,20260522,0.3796295560436513,-0.6,0.3118968957022656,-0.5113778090504341,CALL,0.3118968957022656,0.3796295560436513,d35,event_option_mh30trail_clean1000_frozen2025_select2026_d35_return_deploy202607_SPY_v1,1,0.3,3,30,35,0.35,202605
SPY,zero_dte,10:10,610,202605,20260526,-0.6,0.2824675023083254,-0.0766877473172587,0.3146859488442546,PUT,0.3146859488442546,0.2824675023083254,d35,event_option_mh30trail_clean1000_frozen2025_select2026_d35_return_deploy202607_SPY_v1,1,0.3,3,30,35,0.35,202605
SPY,zero_dte,11:00,660,202605,20260526,-0.6,0.736110959340031,-0.3092308276755287,0.3396893332201952,PUT,0.3396893332201952,0.736110959340031,d35,event_option_mh30trail_clean1000_frozen2025_select2026_d35_return_deploy202607_SPY_v1,1,0.3,3,30,35,0.35,202605
SPY,zero_dte,11:35,695,202605,20260526,-0.6,0.6890244478629082,0.174284129959172,0.3981395650714735,PUT,0.3981395650714735,0.6890244478629082,d35,event_option_mh30trail_clean1000_frozen2025_select2026_d35_return_deploy202607_SPY_v1,1,0.3,3,30,35,0.35,202605
SPY,zero_dte,10:05,605,202605,20260527,-0.6,0.5921052862732696,-0.200127866200321,0.3038620775944124,PUT,0.3038620775944124,0.5921052862732696,d35,event_option_mh30trail_clean1000_frozen2025_select2026_d35_return_deploy202607_SPY_v1,1,0.3,3,30,35,0.35,202605
SPY,zero_dte,10:45,645,202605,20260527,-0.6,0.3829112997652557,-0.4638621083396061,0.3660610630807612,PUT,0.3660610630807612,0.3829112997652557,d35,event_option_mh30trail_clean1000_frozen2025_select2026_d35_return_deploy202607_SPY_v1,1,0.3,3,30,35,0.35,202605
SPY,zero_dte,12:25,745,202605,20260527,0.3409090724365768,0.2628205010641722,-0.1927831062824165,0.307773659068017,PUT,0.307773659068017,0.2628205010641722,d35,event_option_mh30trail_clean1000_frozen2025_select2026_d35_return_deploy202607_SPY_v1,1,0.3,3,30,35,0.35,202605
SPY,zero_dte,10:25,625,202605,20260528,0.3531746001710938,-0.6,-0.1958264367066189,0.3585324335369522,PUT,0.3585324335369522,-0.6,d35,event_option_mh30trail_clean1000_frozen2025_select2026_d35_return_deploy202607_SPY_v1,1,0.3,3,30,35,0.35,202605
SPY,zero_dte,10:10,610,202605,20260529,-0.6,0.7006173311910002,0.0123892256913377,0.4301701916931941,PUT,0.4301701916931941,0.7006173311910002,d35,event_option_mh30trail_clean1000_frozen2025_select2026_d35_return_deploy202607_SPY_v1,1,0.3,3,30,35,0.35,202605
SPY,zero_dte,11:00,660,202605,20260529,0.3928571884729439,-0.6,-0.2905986362941546,0.3399744510537872,PUT,0.3399744510537872,-0.6,d35,event_option_mh30trail_clean1000_frozen2025_select2026_d35_return_deploy202607_SPY_v1,1,0.3,3,30,35,0.35,202605
SPY,zero_dte,11:30,690,202605,20260529,-0.6,0.3310810027112059,0.0544708584619684,0.4096619925337524,PUT,0.4096619925337524,0.3310810027112059,d35,event_option_mh30trail_clean1000_frozen2025_select2026_d35_return_deploy202607_SPY_v1,1,0.3,3,30,35,0.35,202605
SPY,zero_dte,10:40,640,202606,20260602,1.0513697310311896,-0.6,-0.4166426481317476,0.4842013641498022,PUT,0.4842013641498022,-0.6,d35,event_option_mh30trail_clean1000_frozen2025_select2026_d35_return_deploy202607_SPY_v1,1,0.3,3,30,35,0.35,202606
SPY,zero_dte,13:10,790,202606,20260602,-0.6,0.7785714018101588,0.3208518644357315,-0.4729508351779802,CALL,0.3208518644357315,-0.6,d35,event_option_mh30trail_clean1000_frozen2025_select2026_d35_return_deploy202607_SPY_v1,1,0.3,3,30,35,0.35,202606
SPY,zero_dte,10:45,645,202606,20260603,-0.6,0.3081395477781814,-0.1495322303885884,0.6164110102069966,PUT,0.6164110102069966,0.3081395477781814,d35,event_option_mh30trail_clean1000_frozen2025_select2026_d35_return_deploy202607_SPY_v1,1,0.3,3,30,35,0.35,202606
SPY,zero_dte,11:15,675,202606,20260603,-0.6,0.2727273189085577,-0.1708120624388957,0.337455075750554,PUT,0.337455075750554,0.2727273189085577,d35,event_option_mh30trail_clean1000_frozen2025_select2026_d35_return_deploy202607_SPY_v1,1,0.3,3,30,35,0.35,202606
SPY,zero_dte,11:45,705,202606,20260603,-0.1219511769627754,0.3993506654355598,-0.0183226741683456,0.3669788282681835,PUT,0.3669788282681835,0.3993506654355598,d35,event_option_mh30trail_clean1000_frozen2025_select2026_d35_return_deploy202607_SPY_v1,1,0.3,3,30,35,0.35,202606
SPY,zero_dte,10:00,600,202606,20260604,0.7193876632498204,-0.6,-0.2818964398266339,0.5449803839824285,PUT,0.5449803839824285,-0.6,d35,event_option_mh30trail_clean1000_frozen2025_select2026_d35_return_deploy202607_SPY_v1,1,0.3,3,30,35,0.35,202606
SPY,zero_dte,10:30,630,202606,20260604,0.7187500291038311,-0.6,-0.3952898369188396,0.4512485310222597,PUT,0.4512485310222597,-0.6,d35,event_option_mh30trail_clean1000_frozen2025_select2026_d35_return_deploy202607_SPY_v1,1,0.3,3,30,35,0.35,202606
SPY,zero_dte,11:00,660,202606,20260604,0.6453488001377283,-0.6,-0.4902283247233634,0.3021063183968394,PUT,0.3021063183968394,-0.6,d35,event_option_mh30trail_clean1000_frozen2025_select2026_d35_return_deploy202607_SPY_v1,1,0.3,3,30,35,0.35,202606
SPY,zero_dte,10:55,655,202606,20260605,-0.6,0.7756411549607725,-0.1630798128752496,0.314762943968199,PUT,0.314762943968199,0.7756411549607725,d35,event_option_mh30trail_clean1000_frozen2025_select2026_d35_return_deploy202607_SPY_v1,1,0.3,3,30,35,0.35,202606
SPY,zero_dte,13:15,795,202606,20260605,0.5162338285627941,-0.6,-0.4472052931990482,0.343682025179878,PUT,0.343682025179878,-0.6,d35,event_option_mh30trail_clean1000_frozen2025_select2026_d35_return_deploy202607_SPY_v1,1,0.3,3,30,35,0.35,202606
SPY,zero_dte,10:10,610,202606,20260608,0.2938596601301284,-0.6,-0.0814250158510864,0.4039678278810906,PUT,0.4039678278810906,-0.6,d35,event_option_mh30trail_clean1000_frozen2025_select2026_d35_return_deploy202607_SPY_v1,1,0.3,3,30,35,0.35,202606
SPY,zero_dte,11:20,680,202606,20260608,-0.6,1.72468334278834,-0.6768779079370811,0.3669338839847083,PUT,0.3669338839847083,1.72468334278834,d35,event_option_mh30trail_clean1000_frozen2025_select2026_d35_return_deploy202607_SPY_v1,1,0.3,3,30,35,0.35,202606
SPY,zero_dte,12:25,745,202606,20260608,-0.6,0.7034882786081844,-0.1635643716109487,0.3194703861958848,PUT,0.3194703861958848,0.7034882786081844,d35,event_option_mh30trail_clean1000_frozen2025_select2026_d35_return_deploy202607_SPY_v1,1,0.3,3,30,35,0.35,202606
SPY,zero_dte,10:55,655,202606,20260609,-0.6,0.8263888130033488,-0.3628216312144235,0.3667718061233637,PUT,0.3667718061233637,0.8263888130033488,d35,event_option_mh30trail_clean1000_frozen2025_select2026_d35_return_deploy202607_SPY_v1,1,0.3,3,30,35,0.35,202606
SPY,zero_dte,14:10,850,202606,20260609,1.3936780916209708,-0.6,-0.1553911033205775,0.3310143829320645,PUT,0.3310143829320645,-0.6,d35,event_option_mh30trail_clean1000_frozen2025_select2026_d35_return_deploy202607_SPY_v1,1,0.3,3,30,35,0.35,202606
SPY,zero_dte,10:25,625,202606,20260610,-0.6,0.5470297765923469,-0.2852869469809146,0.4169643133370909,PUT,0.4169643133370909,0.5470297765923469,d35,event_option_mh30trail_clean1000_frozen2025_select2026_d35_return_deploy202607_SPY_v1,1,0.3,3,30,35,0.35,202606
SPY,zero_dte,11:35,695,202606,20260610,-0.6,0.3902439516367908,-0.2829858840906034,0.3082332965350621,PUT,0.3082332965350621,0.3902439516367908,d35,event_option_mh30trail_clean1000_frozen2025_select2026_d35_return_deploy202607_SPY_v1,1,0.3,3,30,35,0.35,202606
SPY,zero_dte,12:10,730,202606,20260610,-0.6,-0.6,-0.1942396864232375,0.3475776805796746,PUT,0.3475776805796746,-0.6,d35,event_option_mh30trail_clean1000_frozen2025_select2026_d35_return_deploy202607_SPY_v1,1,0.3,3,30,35,0.35,202606
SPY,zero_dte,10:05,605,202606,20260611,-0.6,0.5087939614205195,-0.2230209219755169,0.3815078891517207,PUT,0.3815078891517207,0.5087939614205195,d35,event_option_mh30trail_clean1000_frozen2025_select2026_d35_return_deploy202607_SPY_v1,1,0.3,3,30,35,0.35,202606
SPY,zero_dte,11:30,690,202606,20260611,0.4274192804104337,-0.6,-0.1033282229999707,0.3597969113620251,PUT,0.3597969113620251,-0.6,d35,event_option_mh30trail_clean1000_frozen2025_select2026_d35_return_deploy202607_SPY_v1,1,0.3,3,30,35,0.35,202606
SPY,zero_dte,12:30,750,202606,20260611,0.551801778581098,0.3010203585134163,0.0032815876002395,0.3374167713624832,PUT,0.3374167713624832,0.3010203585134163,d35,event_option_mh30trail_clean1000_frozen2025_select2026_d35_return_deploy202607_SPY_v1,1,0.3,3,30,35,0.35,202606
SPY,zero_dte,10:15,615,202606,20260612,0.5053191280246265,0.3136363399915456,-0.3129032896644234,0.3808163389235245,PUT,0.3808163389235245,0.3136363399915456,d35,event_option_mh30trail_clean1000_frozen2025_select2026_d35_return_deploy202607_SPY_v1,1,0.3,3,30,35,0.35,202606
SPY,zero_dte,10:55,655,202606,20260612,-0.6,-0.6,-0.5129528567617865,0.4716939310949801,PUT,0.4716939310949801,-0.6,d35,event_option_mh30trail_clean1000_frozen2025_select2026_d35_return_deploy202607_SPY_v1,1,0.3,3,30,35,0.35,202606
SPY,zero_dte,11:55,715,202606,20260612,-0.6,0.4794117498562826,-0.4326576755274852,0.3133412012157095,PUT,0.3133412012157095,0.4794117498562826,d35,event_option_mh30trail_clean1000_frozen2025_select2026_d35_return_deploy202607_SPY_v1,1,0.3,3,30,35,0.35,202606
SPY,zero_dte,10:15,615,202606,20260615,0.4489247642620295,-0.6,-0.089426494270058,0.3073974528020959,PUT,0.3073974528020959,-0.6,d35,event_option_mh30trail_clean1000_frozen2025_select2026_d35_return_deploy202607_SPY_v1,1,0.3,3,30,35,0.35,202606
SPY,zero_dte,11:00,660,202606,20260615,0.462643679735887,-0.6,-0.2796854940377908,0.5264910653045872,PUT,0.5264910653045872,-0.6,d35,event_option_mh30trail_clean1000_frozen2025_select2026_d35_return_deploy202607_SPY_v1,1,0.3,3,30,35,0.35,202606
SPY,zero_dte,11:30,690,202606,20260615,1.016666600439286,-0.6,-0.4400850788579357,0.4375215965268533,PUT,0.4375215965268533,-0.6,d35,event_option_mh30trail_clean1000_frozen2025_select2026_d35_return_deploy202607_SPY_v1,1,0.3,3,30,35,0.35,202606
SPY,zero_dte,10:00,600,202606,20260616,-0.6,0.9722221670327388,-0.2341213611849917,0.5876426496597551,PUT,0.5876426496597551,0.9722221670327388,d35,event_option_mh30trail_clean1000_frozen2025_select2026_d35_return_deploy202607_SPY_v1,1,0.3,3,30,35,0.35,202606
SPY,zero_dte,10:40,640,202606,20260616,-0.6,0.475806522940001,-0.2628090474605182,0.3246726131324808,PUT,0.3246726131324808,0.475806522940001,d35,event_option_mh30trail_clean1000_frozen2025_select2026_d35_return_deploy202607_SPY_v1,1,0.3,3,30,35,0.35,202606
SPY,zero_dte,11:10,670,202606,20260616,-0.6,0.7122641848940678,-0.3285481220163406,0.3761100202610634,PUT,0.3761100202610634,0.7122641848940678,d35,event_option_mh30trail_clean1000_frozen2025_select2026_d35_return_deploy202607_SPY_v1,1,0.3,3,30,35,0.35,202606
SPY,zero_dte,10:20,620,202606,20260617,-0.4933333396911621,1.105072471905696,-0.1569001186790538,0.3413916587526446,PUT,0.3413916587526446,1.105072471905696,d35,event_option_mh30trail_clean1000_frozen2025_select2026_d35_return_deploy202607_SPY_v1,1,0.3,3,30,35,0.35,202606
SPY,zero_dte,10:00,600,202606,20260618,-0.6,-0.6,-0.493065330752427,0.3598759241811444,PUT,0.3598759241811444,-0.6,d35,event_option_mh30trail_clean1000_frozen2025_select2026_d35_return_deploy202607_SPY_v1,1,0.3,3,30,35,0.35,202606
SPY,zero_dte,10:55,655,202606,20260618,-0.6,0.3629032134017389,-0.6144618989265064,0.5347108164893849,PUT,0.5347108164893849,0.3629032134017389,d35,event_option_mh30trail_clean1000_frozen2025_select2026_d35_return_deploy202607_SPY_v1,1,0.3,3,30,35,0.35,202606
SPY,zero_dte,10:00,600,202606,20260622,-0.6,2.539999961853028,-0.2251083117352071,0.452761140962774,PUT,0.452761140962774,2.539999961853028,d35,event_option_mh30trail_clean1000_frozen2025_select2026_d35_return_deploy202607_SPY_v1,1,0.3,3,30,35,0.35,202606
SPY,zero_dte,11:10,670,202606,20260622,0.5308218059586354,-0.6,-0.1722211839600513,0.4578825734310719,PUT,0.4578825734310719,-0.6,d35,event_option_mh30trail_clean1000_frozen2025_select2026_d35_return_deploy202607_SPY_v1,1,0.3,3,30,35,0.35,202606
SPY,zero_dte,11:50,710,202606,20260622,-0.6,0.307142931344559,-0.130453254246919,0.403715227147726,PUT,0.403715227147726,0.307142931344559,d35,event_option_mh30trail_clean1000_frozen2025_select2026_d35_return_deploy202607_SPY_v1,1,0.3,3,30,35,0.35,202606
SPY,zero_dte,10:10,610,202606,20260623,-0.6,0.4193547720343469,-0.1487589193604157,0.5670006429911755,PUT,0.5670006429911755,0.4193547720343469,d35,event_option_mh30trail_clean1000_frozen2025_select2026_d35_return_deploy202607_SPY_v1,1,0.3,3,30,35,0.35,202606
SPY,zero_dte,10:00,600,202606,20260624,0.2839806667989157,-0.6,-0.0489755393259195,0.3318114048961014,PUT,0.3318114048961014,-0.6,d35,event_option_mh30trail_clean1000_frozen2025_select2026_d35_return_deploy202607_SPY_v1,1,0.3,3,30,35,0.35,202606
SPY,zero_dte,10:30,630,202606,20260624,0.8014705386077248,-0.6,-0.1732886550168541,0.354876490207963,PUT,0.354876490207963,-0.6,d35,event_option_mh30trail_clean1000_frozen2025_select2026_d35_return_deploy202607_SPY_v1,1,0.3,3,30,35,0.35,202606
SPY,zero_dte,11:05,665,202606,20260624,-0.6,0.2833334165906187,-0.4077937936696095,0.3661612268944819,PUT,0.3661612268944819,0.2833334165906187,d35,event_option_mh30trail_clean1000_frozen2025_select2026_d35_return_deploy202607_SPY_v1,1,0.3,3,30,35,0.35,202606
SPY,zero_dte,12:15,735,202606,20260626,0.2742719379241334,0.4166667423551078,-0.0326825455454041,0.3040336200725291,PUT,0.3040336200725291,0.4166667423551078,d35,event_option_mh30trail_clean1000_frozen2025_select2026_d35_return_deploy202607_SPY_v1,1,0.3,3,30,35,0.35,202606
SPY,zero_dte,10:15,615,202606,20260629,1.1148648343876912,-0.6,-0.2622277005593901,0.3294432602714392,PUT,0.3294432602714392,-0.6,d35,event_option_mh30trail_clean1000_frozen2025_select2026_d35_return_deploy202607_SPY_v1,1,0.3,3,30,35,0.35,202606
SPY,zero_dte,12:20,740,202606,20260629,0.8388889389273575,-0.6,0.3144732629781703,-0.4998017815489228,CALL,0.3144732629781703,0.8388889389273575,d35,event_option_mh30trail_clean1000_frozen2025_select2026_d35_return_deploy202607_SPY_v1,1,0.3,3,30,35,0.35,202606
SPY,zero_dte,12:50,770,202606,20260629,1.2705479250725542,-0.6,0.3690996975288874,-0.4498854775021819,CALL,0.3690996975288874,1.2705479250725542,d35,event_option_mh30trail_clean1000_frozen2025_select2026_d35_return_deploy202607_SPY_v1,1,0.3,3,30,35,0.35,202606
SPY,zero_dte,10:05,605,202606,20260630,0.4932431692272498,-0.6,-0.3739297506322654,0.3996760245855545,PUT,0.3996760245855545,-0.6,d35,event_option_mh30trail_clean1000_frozen2025_select2026_d35_return_deploy202607_SPY_v1,1,0.3,3,30,35,0.35,202606
SPY,zero_dte,10:40,640,202606,20260630,0.4699999491373698,0.7120252028047984,-0.4284250233244038,0.3770327169782816,PUT,0.3770327169782816,0.7120252028047984,d35,event_option_mh30trail_clean1000_frozen2025_select2026_d35_return_deploy202607_SPY_v1,1,0.3,3,30,35,0.35,202606
SPY,zero_dte,11:10,670,202606,20260630,0.2745901399067549,-0.6,-0.02611151058346,0.3261536364288217,PUT,0.3261536364288217,-0.6,d35,event_option_mh30trail_clean1000_frozen2025_select2026_d35_return_deploy202607_SPY_v1,1,0.3,3,30,35,0.35,202606
