ticker,expiry_mode,time,minute,month,date,call_return,put_return,pred_call_return,pred_put_return,action,score,realized_return,source_variant,source_component,source_priority,component_threshold,component_max_day,component_cooldown,event_delta_bucket,event_delta_target,test_month,selected_variants,selected_max_day,selected_cooldown,selected_order,selected_threshold_override,policy_profile,policy_ticker
QQQ,zero_dte,10:25,625,202601,20260102,0.8804347854255501,0.4225663660799144,-0.4081929619604031,-0.1431501662108319,PUT,-0.1431501662108319,0.4225663660799144,d35,event_option_mh30trail_clean1000_frozen2025_select2026_d35_return_deploy202607_QQQ_v1,0,-0.2,2,30,35,0.35,202601,d35,2,30,time_priority,,max_volume_component,QQQ
QQQ,zero_dte,10:55,655,202601,20260102,-0.6,1.9636753234010595,-0.493222288176727,-0.0314003611193557,PUT,-0.0314003611193557,1.9636753234010595,d35,event_option_mh30trail_clean1000_frozen2025_select2026_d35_return_deploy202607_QQQ_v1,0,-0.2,2,30,35,0.35,202601,d35,2,30,time_priority,,max_volume_component,QQQ
QQQ,zero_dte,10:05,605,202601,20260105,-0.6,-0.6,-0.5515794001205631,0.3517740217664731,PUT,0.3517740217664731,-0.6,d35,event_option_mh30trail_clean1000_frozen2025_select2026_d35_return_deploy202607_QQQ_v1,0,-0.2,2,30,35,0.35,202601,d35,2,30,time_priority,,max_volume_component,QQQ
QQQ,zero_dte,10:40,640,202601,20260105,-0.6,-0.6,-0.1879853068377397,-0.1597878504704888,PUT,-0.1597878504704888,-0.6,d35,event_option_mh30trail_clean1000_frozen2025_select2026_d35_return_deploy202607_QQQ_v1,0,-0.2,2,30,35,0.35,202601,d35,2,30,time_priority,,max_volume_component,QQQ
QQQ,zero_dte,10:00,600,202601,20260106,-0.6,0.4813431906365553,-0.5023932456559507,-0.0520853556099988,PUT,-0.0520853556099988,0.4813431906365553,d35,event_option_mh30trail_clean1000_frozen2025_select2026_d35_return_deploy202607_QQQ_v1,0,-0.2,2,30,35,0.35,202601,d35,2,30,time_priority,,max_volume_component,QQQ
QQQ,zero_dte,10:40,640,202601,20260106,-0.6,1.692028954208861,-0.3952349923726543,-0.1373768179183458,PUT,-0.1373768179183458,1.692028954208861,d35,event_option_mh30trail_clean1000_frozen2025_select2026_d35_return_deploy202607_QQQ_v1,0,-0.2,2,30,35,0.35,202601,d35,2,30,time_priority,,max_volume_component,QQQ
QQQ,zero_dte,10:00,600,202601,20260107,0.4797296687753822,-0.6,0.152193990620145,-0.0597482702551304,CALL,0.152193990620145,0.4797296687753822,d35,event_option_mh30trail_clean1000_frozen2025_select2026_d35_return_deploy202607_QQQ_v1,0,-0.2,2,30,35,0.35,202601,d35,2,30,time_priority,,max_volume_component,QQQ
QQQ,zero_dte,10:30,630,202601,20260107,0.6556604622351698,0.5854430484802287,0.0624891024344186,-0.5057772231185959,CALL,0.0624891024344186,0.6556604622351698,d35,event_option_mh30trail_clean1000_frozen2025_select2026_d35_return_deploy202607_QQQ_v1,0,-0.2,2,30,35,0.35,202601,d35,2,30,time_priority,,max_volume_component,QQQ
QQQ,zero_dte,10:00,600,202601,20260108,1.1104650437477297,-0.6,0.3864099590239393,0.0314887203444941,CALL,0.3864099590239393,1.1104650437477297,d35,event_option_mh30trail_clean1000_frozen2025_select2026_d35_return_deploy202607_QQQ_v1,0,-0.2,2,30,35,0.35,202601,d35,2,30,time_priority,,max_volume_component,QQQ
QQQ,zero_dte,11:35,695,202601,20260108,0.933333151208037,-0.6,0.3436740536731962,0.1824033417408269,CALL,0.3436740536731962,0.933333151208037,d35,event_option_mh30trail_clean1000_frozen2025_select2026_d35_return_deploy202607_QQQ_v1,0,-0.2,2,30,35,0.35,202601,d35,2,30,time_priority,,max_volume_component,QQQ
QQQ,zero_dte,10:10,610,202601,20260109,2.132352835476193,-0.6,-0.2487113508893093,-0.130204330894216,PUT,-0.130204330894216,-0.6,d35,event_option_mh30trail_clean1000_frozen2025_select2026_d35_return_deploy202607_QQQ_v1,0,-0.2,2,30,35,0.35,202601,d35,2,30,time_priority,,max_volume_component,QQQ
QQQ,zero_dte,11:20,680,202601,20260109,0.2628205010641722,-0.6,-0.4130770554319082,0.1276173407103132,PUT,0.1276173407103132,-0.6,d35,event_option_mh30trail_clean1000_frozen2025_select2026_d35_return_deploy202607_QQQ_v1,0,-0.2,2,30,35,0.35,202601,d35,2,30,time_priority,,max_volume_component,QQQ
QQQ,zero_dte,10:00,600,202601,20260112,0.3768656809363444,-0.6,-0.5220717509028611,-0.0870075465435683,PUT,-0.0870075465435683,-0.6,d35,event_option_mh30trail_clean1000_frozen2025_select2026_d35_return_deploy202607_QQQ_v1,0,-0.2,2,30,35,0.35,202601,d35,2,30,time_priority,,max_volume_component,QQQ
QQQ,zero_dte,11:10,670,202601,20260112,0.4375000046566129,-0.6,0.1173208279902584,-0.4524574224148202,CALL,0.1173208279902584,0.4375000046566129,d35,event_option_mh30trail_clean1000_frozen2025_select2026_d35_return_deploy202607_QQQ_v1,0,-0.2,2,30,35,0.35,202601,d35,2,30,time_priority,,max_volume_component,QQQ
QQQ,zero_dte,10:20,620,202601,20260113,1.0075756823173707,0.2945544133758018,0.2218853641812898,-0.3745837411019983,CALL,0.2218853641812898,1.0075756823173707,d35,event_option_mh30trail_clean1000_frozen2025_select2026_d35_return_deploy202607_QQQ_v1,0,-0.2,2,30,35,0.35,202601,d35,2,30,time_priority,,max_volume_component,QQQ
QQQ,zero_dte,10:50,650,202601,20260113,0.6772725814630209,-0.6,0.3365525457223737,-0.277088665161961,CALL,0.3365525457223737,0.6772725814630209,d35,event_option_mh30trail_clean1000_frozen2025_select2026_d35_return_deploy202607_QQQ_v1,0,-0.2,2,30,35,0.35,202601,d35,2,30,time_priority,,max_volume_component,QQQ
QQQ,zero_dte,10:00,600,202601,20260114,0.3880953397340021,-0.6,-0.2803069325676983,0.0874202036573365,PUT,0.0874202036573365,-0.6,d35,event_option_mh30trail_clean1000_frozen2025_select2026_d35_return_deploy202607_QQQ_v1,0,-0.2,2,30,35,0.35,202601,d35,2,30,time_priority,,max_volume_component,QQQ
QQQ,zero_dte,10:30,630,202601,20260114,-0.6,0.7752100587791926,-0.2744359742418798,0.0965456562847491,PUT,0.0965456562847491,0.7752100587791926,d35,event_option_mh30trail_clean1000_frozen2025_select2026_d35_return_deploy202607_QQQ_v1,0,-0.2,2,30,35,0.35,202601,d35,2,30,time_priority,,max_volume_component,QQQ
QQQ,zero_dte,10:00,600,202601,20260115,-0.6,0.3586956437233493,-0.2808298316749787,0.061674865956646,PUT,0.061674865956646,0.3586956437233493,d35,event_option_mh30trail_clean1000_frozen2025_select2026_d35_return_deploy202607_QQQ_v1,0,-0.2,2,30,35,0.35,202601,d35,2,30,time_priority,,max_volume_component,QQQ
QQQ,zero_dte,10:30,630,202601,20260115,0.3044555121549805,0.8949275712860758,0.0710965556307217,0.1132485443341272,PUT,0.1132485443341272,0.8949275712860758,d35,event_option_mh30trail_clean1000_frozen2025_select2026_d35_return_deploy202607_QQQ_v1,0,-0.2,2,30,35,0.35,202601,d35,2,30,time_priority,,max_volume_component,QQQ
QQQ,zero_dte,10:25,625,202601,20260116,-0.6,0.6936620238564659,-0.4030035334369998,-0.1727131511621227,PUT,-0.1727131511621227,0.6936620238564659,d35,event_option_mh30trail_clean1000_frozen2025_select2026_d35_return_deploy202607_QQQ_v1,0,-0.2,2,30,35,0.35,202601,d35,2,30,time_priority,,max_volume_component,QQQ
QQQ,zero_dte,10:55,655,202601,20260116,0.3951612469060863,-0.6,-0.5530810101380313,0.1450039605371229,PUT,0.1450039605371229,-0.6,d35,event_option_mh30trail_clean1000_frozen2025_select2026_d35_return_deploy202607_QQQ_v1,0,-0.2,2,30,35,0.35,202601,d35,2,30,time_priority,,max_volume_component,QQQ
QQQ,zero_dte,10:05,605,202601,20260120,-0.6,-0.6,0.6031752989713733,0.106400493060272,CALL,0.6031752989713733,-0.6,d35,event_option_mh30trail_clean1000_frozen2025_select2026_d35_return_deploy202607_QQQ_v1,0,-0.2,2,30,35,0.35,202601,d35,2,30,time_priority,,max_volume_component,QQQ
QQQ,zero_dte,10:35,635,202601,20260120,-0.6,0.4166665562876992,-0.117080769877123,0.3025358790135464,PUT,0.3025358790135464,0.4166665562876992,d35,event_option_mh30trail_clean1000_frozen2025_select2026_d35_return_deploy202607_QQQ_v1,0,-0.2,2,30,35,0.35,202601,d35,2,30,time_priority,,max_volume_component,QQQ
QQQ,zero_dte,10:25,625,202601,20260121,1.3617646662834204,-0.6,0.0185936319568334,0.2660139934063633,PUT,0.2660139934063633,-0.6,d35,event_option_mh30trail_clean1000_frozen2025_select2026_d35_return_deploy202607_QQQ_v1,0,-0.2,2,30,35,0.35,202601,d35,2,30,time_priority,,max_volume_component,QQQ
QQQ,zero_dte,10:55,655,202601,20260121,-0.6,0.3382352776180919,-0.0639870154314908,-0.4105399865603576,CALL,-0.0639870154314908,-0.6,d35,event_option_mh30trail_clean1000_frozen2025_select2026_d35_return_deploy202607_QQQ_v1,0,-0.2,2,30,35,0.35,202601,d35,2,30,time_priority,,max_volume_component,QQQ
QQQ,zero_dte,10:00,600,202601,20260122,0.2999999888241293,-0.6,0.0174754310744941,-0.0301162863611349,CALL,0.0174754310744941,0.2999999888241293,d35,event_option_mh30trail_clean1000_frozen2025_select2026_d35_return_deploy202607_QQQ_v1,0,-0.2,2,30,35,0.35,202601,d35,2,30,time_priority,,max_volume_component,QQQ
QQQ,zero_dte,11:25,685,202601,20260122,-0.199999968210856,-0.6,-0.0001824429288132,-0.1031816720931877,CALL,-0.0001824429288132,-0.199999968210856,d35,event_option_mh30trail_clean1000_frozen2025_select2026_d35_return_deploy202607_QQQ_v1,0,-0.2,2,30,35,0.35,202601,d35,2,30,time_priority,,max_volume_component,QQQ
QQQ,zero_dte,10:20,620,202601,20260123,0.9777227933120992,-0.6,-0.0952006533897437,0.0319779636013305,PUT,0.0319779636013305,-0.6,d35,event_option_mh30trail_clean1000_frozen2025_select2026_d35_return_deploy202607_QQQ_v1,0,-0.2,2,30,35,0.35,202601,d35,2,30,time_priority,,max_volume_component,QQQ
QQQ,zero_dte,10:50,650,202601,20260123,0.4611111140545505,0.4576923923379601,-0.2934233367976472,0.0973325469465671,PUT,0.0973325469465671,0.4576923923379601,d35,event_option_mh30trail_clean1000_frozen2025_select2026_d35_return_deploy202607_QQQ_v1,0,-0.2,2,30,35,0.35,202601,d35,2,30,time_priority,,max_volume_component,QQQ
QQQ,zero_dte,10:00,600,202601,20260126,0.3198925020626091,-0.6,-0.0310688421072593,-0.1288013753657099,CALL,-0.0310688421072593,0.3198925020626091,d35,event_option_mh30trail_clean1000_frozen2025_select2026_d35_return_deploy202607_QQQ_v1,0,-0.2,2,30,35,0.35,202601,d35,2,30,time_priority,,max_volume_component,QQQ
QQQ,zero_dte,10:30,630,202601,20260126,0.5372339912861814,-0.6,0.1722395836896767,-0.5534513486419808,CALL,0.1722395836896767,0.5372339912861814,d35,event_option_mh30trail_clean1000_frozen2025_select2026_d35_return_deploy202607_QQQ_v1,0,-0.2,2,30,35,0.35,202601,d35,2,30,time_priority,,max_volume_component,QQQ
QQQ,zero_dte,10:00,600,202601,20260127,0.2717390769145449,-0.6,0.0009169053342731,-0.1039176726252849,CALL,0.0009169053342731,0.2717390769145449,d35,event_option_mh30trail_clean1000_frozen2025_select2026_d35_return_deploy202607_QQQ_v1,0,-0.2,2,30,35,0.35,202601,d35,2,30,time_priority,,max_volume_component,QQQ
QQQ,zero_dte,10:30,630,202601,20260127,0.3597561755682448,-0.6,-0.0193034082248386,-0.2009704772127009,CALL,-0.0193034082248386,0.3597561755682448,d35,event_option_mh30trail_clean1000_frozen2025_select2026_d35_return_deploy202607_QQQ_v1,0,-0.2,2,30,35,0.35,202601,d35,2,30,time_priority,,max_volume_component,QQQ
QQQ,zero_dte,10:00,600,202601,20260128,-0.6,0.2960525882376192,-0.5390731372234686,-0.0385274652111151,PUT,-0.0385274652111151,0.2960525882376192,d35,event_option_mh30trail_clean1000_frozen2025_select2026_d35_return_deploy202607_QQQ_v1,0,-0.2,2,30,35,0.35,202601,d35,2,30,time_priority,,max_volume_component,QQQ
QQQ,zero_dte,10:30,630,202601,20260128,-0.4153846012770066,0.6529849916397816,-0.2395373039963934,-0.0491486496247624,PUT,-0.0491486496247624,0.6529849916397816,d35,event_option_mh30trail_clean1000_frozen2025_select2026_d35_return_deploy202607_QQQ_v1,0,-0.2,2,30,35,0.35,202601,d35,2,30,time_priority,,max_volume_component,QQQ
QQQ,zero_dte,10:15,615,202601,20260129,-0.6,0.8556909544767834,0.1410824735786502,0.1687929488670957,PUT,0.1687929488670957,0.8556909544767834,d35,event_option_mh30trail_clean1000_frozen2025_select2026_d35_return_deploy202607_QQQ_v1,0,-0.2,2,30,35,0.35,202601,d35,2,30,time_priority,,max_volume_component,QQQ
QQQ,zero_dte,10:45,645,202601,20260129,0.7166666984558105,0.4016129171190852,-0.1825383351448639,0.1465447159995874,PUT,0.1465447159995874,0.4016129171190852,d35,event_option_mh30trail_clean1000_frozen2025_select2026_d35_return_deploy202607_QQQ_v1,0,-0.2,2,30,35,0.35,202601,d35,2,30,time_priority,,max_volume_component,QQQ
QQQ,zero_dte,10:00,600,202601,20260130,0.4196428542918697,-0.6,-0.1094106545870526,-0.0990508277442934,PUT,-0.0990508277442934,-0.6,d35,event_option_mh30trail_clean1000_frozen2025_select2026_d35_return_deploy202607_QQQ_v1,0,-0.2,2,30,35,0.35,202601,d35,2,30,time_priority,,max_volume_component,QQQ
QQQ,zero_dte,10:30,630,202601,20260130,1.2925533095383983,-0.6,-0.1919476039826239,-0.2904306612822401,CALL,-0.1919476039826239,1.2925533095383983,d35,event_option_mh30trail_clean1000_frozen2025_select2026_d35_return_deploy202607_QQQ_v1,0,-0.2,2,30,35,0.35,202601,d35,2,30,time_priority,,max_volume_component,QQQ
QQQ,zero_dte,10:15,615,202602,20260202,0.4642858115994217,-0.6,-0.0427800254341331,-0.0992132339765377,CALL,-0.0427800254341331,0.4642858115994217,d35,event_option_mh30trail_clean1000_frozen2025_select2026_d35_return_deploy202607_QQQ_v1,0,-0.2,2,30,35,0.35,202602,d35,2,30,time_priority,,max_volume_component,QQQ
QQQ,zero_dte,10:45,645,202602,20260202,0.3373015993156252,0.3617646662834204,0.0179380835720732,-0.3980276716066933,CALL,0.0179380835720732,0.3373015993156252,d35,event_option_mh30trail_clean1000_frozen2025_select2026_d35_return_deploy202607_QQQ_v1,0,-0.2,2,30,35,0.35,202602,d35,2,30,time_priority,,max_volume_component,QQQ
QQQ,zero_dte,10:25,625,202602,20260203,0.3970587492814135,-0.6,-0.1741067704797877,0.1485270116244591,PUT,0.1485270116244591,-0.6,d35,event_option_mh30trail_clean1000_frozen2025_select2026_d35_return_deploy202607_QQQ_v1,0,-0.2,2,30,35,0.35,202602,d35,2,30,time_priority,,max_volume_component,QQQ
QQQ,zero_dte,11:30,690,202602,20260203,-0.6,0.8660713173829175,-0.5425914493845191,-0.139254008660159,PUT,-0.139254008660159,0.8660713173829175,d35,event_option_mh30trail_clean1000_frozen2025_select2026_d35_return_deploy202607_QQQ_v1,0,-0.2,2,30,35,0.35,202602,d35,2,30,time_priority,,max_volume_component,QQQ
QQQ,zero_dte,10:00,600,202602,20260204,0.6207482629098386,0.7591324111433573,0.3353948479266891,-0.0105376105299079,CALL,0.3353948479266891,0.6207482629098386,d35,event_option_mh30trail_clean1000_frozen2025_select2026_d35_return_deploy202607_QQQ_v1,0,-0.2,2,30,35,0.35,202602,d35,2,30,time_priority,,max_volume_component,QQQ
QQQ,zero_dte,10:35,635,202602,20260204,0.5055554397802806,0.9698952069189324,0.3680373476531264,-0.2168572233381755,CALL,0.3680373476531264,0.5055554397802806,d35,event_option_mh30trail_clean1000_frozen2025_select2026_d35_return_deploy202607_QQQ_v1,0,-0.2,2,30,35,0.35,202602,d35,2,30,time_priority,,max_volume_component,QQQ
QQQ,zero_dte,10:15,615,202602,20260205,0.5898268854007527,-0.6,0.4082249741347863,-0.2029073188224266,CALL,0.4082249741347863,0.5898268854007527,d35,event_option_mh30trail_clean1000_frozen2025_select2026_d35_return_deploy202607_QQQ_v1,0,-0.2,2,30,35,0.35,202602,d35,2,30,time_priority,,max_volume_component,QQQ
QQQ,zero_dte,10:50,650,202602,20260205,0.2548078025233857,-0.6,0.3812136037501258,-0.4921723795069306,CALL,0.3812136037501258,0.2548078025233857,d35,event_option_mh30trail_clean1000_frozen2025_select2026_d35_return_deploy202607_QQQ_v1,0,-0.2,2,30,35,0.35,202602,d35,2,30,time_priority,,max_volume_component,QQQ
QQQ,zero_dte,11:05,665,202602,20260206,0.4336734122904289,-0.6,-0.5780920299669541,-0.1793794931800829,PUT,-0.1793794931800829,-0.6,d35,event_option_mh30trail_clean1000_frozen2025_select2026_d35_return_deploy202607_QQQ_v1,0,-0.2,2,30,35,0.35,202602,d35,2,30,time_priority,,max_volume_component,QQQ
QQQ,zero_dte,11:35,695,202602,20260206,0.3318181562029632,0.3230337063601907,-0.2749785369835411,0.0232039410532959,PUT,0.0232039410532959,0.3230337063601907,d35,event_option_mh30trail_clean1000_frozen2025_select2026_d35_return_deploy202607_QQQ_v1,0,-0.2,2,30,35,0.35,202602,d35,2,30,time_priority,,max_volume_component,QQQ
QQQ,zero_dte,10:10,610,202602,20260209,0.3005618173175204,-0.6,0.2447042641558791,-0.2093135635848141,CALL,0.2447042641558791,0.3005618173175204,d35,event_option_mh30trail_clean1000_frozen2025_select2026_d35_return_deploy202607_QQQ_v1,0,-0.2,2,30,35,0.35,202602,d35,2,30,time_priority,,max_volume_component,QQQ
QQQ,zero_dte,10:40,640,202602,20260209,0.6699999570846558,-0.6,0.1829924335362796,-0.015035563264142,CALL,0.1829924335362796,0.6699999570846558,d35,event_option_mh30trail_clean1000_frozen2025_select2026_d35_return_deploy202607_QQQ_v1,0,-0.2,2,30,35,0.35,202602,d35,2,30,time_priority,,max_volume_component,QQQ
QQQ,zero_dte,10:05,605,202602,20260210,-0.6,-0.6,0.1252909349466058,0.0493754071686053,CALL,0.1252909349466058,-0.6,d35,event_option_mh30trail_clean1000_frozen2025_select2026_d35_return_deploy202607_QQQ_v1,0,-0.2,2,30,35,0.35,202602,d35,2,30,time_priority,,max_volume_component,QQQ
QQQ,zero_dte,10:35,635,202602,20260210,-0.6,0.25,0.1989977505913126,-0.46482938465302,CALL,0.1989977505913126,-0.6,d35,event_option_mh30trail_clean1000_frozen2025_select2026_d35_return_deploy202607_QQQ_v1,0,-0.2,2,30,35,0.35,202602,d35,2,30,time_priority,,max_volume_component,QQQ
QQQ,zero_dte,10:20,620,202602,20260211,0.2551546341073745,-0.6,0.3764288349734169,-0.2097105981285478,CALL,0.3764288349734169,0.2551546341073745,d35,event_option_mh30trail_clean1000_frozen2025_select2026_d35_return_deploy202607_QQQ_v1,0,-0.2,2,30,35,0.35,202602,d35,2,30,time_priority,,max_volume_component,QQQ
QQQ,zero_dte,10:00,600,202602,20260212,0.2908162868107331,0.4342104791415568,0.100156262820727,-0.3733897330000335,CALL,0.100156262820727,0.2908162868107331,d35,event_option_mh30trail_clean1000_frozen2025_select2026_d35_return_deploy202607_QQQ_v1,0,-0.2,2,30,35,0.35,202602,d35,2,30,time_priority,,max_volume_component,QQQ
QQQ,zero_dte,10:35,635,202602,20260212,-0.6,1.8893441261382773,0.2437753392027691,-0.106202033663696,CALL,0.2437753392027691,-0.6,d35,event_option_mh30trail_clean1000_frozen2025_select2026_d35_return_deploy202607_QQQ_v1,0,-0.2,2,30,35,0.35,202602,d35,2,30,time_priority,,max_volume_component,QQQ
QQQ,zero_dte,10:30,630,202602,20260213,-0.6,1.0700000762939452,-0.2940388920045628,0.4008606414434403,PUT,0.4008606414434403,1.0700000762939452,d35,event_option_mh30trail_clean1000_frozen2025_select2026_d35_return_deploy202607_QQQ_v1,0,-0.2,2,30,35,0.35,202602,d35,2,30,time_priority,,max_volume_component,QQQ
QQQ,zero_dte,11:00,660,202602,20260213,0.2993827056019904,-0.6,0.290364394343897,-0.062958209356094,CALL,0.290364394343897,0.2993827056019904,d35,event_option_mh30trail_clean1000_frozen2025_select2026_d35_return_deploy202607_QQQ_v1,0,-0.2,2,30,35,0.35,202602,d35,2,30,time_priority,,max_volume_component,QQQ
QQQ,zero_dte,10:00,600,202602,20260217,0.5147058328542755,-0.6,0.0344840222343156,-0.2316139172901018,CALL,0.0344840222343156,0.5147058328542755,d35,event_option_mh30trail_clean1000_frozen2025_select2026_d35_return_deploy202607_QQQ_v1,0,-0.2,2,30,35,0.35,202602,d35,2,30,time_priority,,max_volume_component,QQQ
QQQ,zero_dte,10:30,630,202602,20260217,0.7589285628756088,-0.6,0.1431009613024471,-0.3452539514552295,CALL,0.1431009613024471,0.7589285628756088,d35,event_option_mh30trail_clean1000_frozen2025_select2026_d35_return_deploy202607_QQQ_v1,0,-0.2,2,30,35,0.35,202602,d35,2,30,time_priority,,max_volume_component,QQQ
QQQ,zero_dte,10:05,605,202602,20260218,-0.0454546094925921,-0.6,-0.1515445363605772,0.4186992066732327,PUT,0.4186992066732327,-0.6,d35,event_option_mh30trail_clean1000_frozen2025_select2026_d35_return_deploy202607_QQQ_v1,0,-0.2,2,30,35,0.35,202602,d35,2,30,time_priority,,max_volume_component,QQQ
QQQ,zero_dte,10:35,635,202602,20260218,0.3457446848984593,-0.6,-0.0260018846222236,-0.2212072756075637,CALL,-0.0260018846222236,0.3457446848984593,d35,event_option_mh30trail_clean1000_frozen2025_select2026_d35_return_deploy202607_QQQ_v1,0,-0.2,2,30,35,0.35,202602,d35,2,30,time_priority,,max_volume_component,QQQ
QQQ,zero_dte,10:05,605,202602,20260219,-0.6,0.2779503206766882,-0.1158813249867255,0.2021018257654448,PUT,0.2021018257654448,0.2779503206766882,d35,event_option_mh30trail_clean1000_frozen2025_select2026_d35_return_deploy202607_QQQ_v1,0,-0.2,2,30,35,0.35,202602,d35,2,30,time_priority,,max_volume_component,QQQ
QQQ,zero_dte,10:35,635,202602,20260219,-0.6,0.5564516067008696,-0.007324647950811,0.012749043515338,PUT,0.012749043515338,0.5564516067008696,d35,event_option_mh30trail_clean1000_frozen2025_select2026_d35_return_deploy202607_QQQ_v1,0,-0.2,2,30,35,0.35,202602,d35,2,30,time_priority,,max_volume_component,QQQ
QQQ,zero_dte,10:45,645,202602,20260220,0.4519231210093541,0.2611110561669127,-0.4833412511851684,-0.1801873380297635,PUT,-0.1801873380297635,0.2611110561669127,d35,event_option_mh30trail_clean1000_frozen2025_select2026_d35_return_deploy202607_QQQ_v1,0,-0.2,2,30,35,0.35,202602,d35,2,30,time_priority,,max_volume_component,QQQ
QQQ,zero_dte,11:15,675,202602,20260220,0.3552632156831743,0.403846287868437,-0.2565090401750647,0.0801180182293572,PUT,0.0801180182293572,0.403846287868437,d35,event_option_mh30trail_clean1000_frozen2025_select2026_d35_return_deploy202607_QQQ_v1,0,-0.2,2,30,35,0.35,202602,d35,2,30,time_priority,,max_volume_component,QQQ
QQQ,zero_dte,10:05,605,202602,20260223,0.2799999713897705,0.9104938208012116,0.3234378932256072,-0.1490833554458687,CALL,0.3234378932256072,0.2799999713897705,d35,event_option_mh30trail_clean1000_frozen2025_select2026_d35_return_deploy202607_QQQ_v1,0,-0.2,2,30,35,0.35,202602,d35,2,30,time_priority,,max_volume_component,QQQ
QQQ,zero_dte,10:35,635,202602,20260223,-0.6,1.1805554589739589,0.2938517513626822,-0.2685017847863513,CALL,0.2938517513626822,-0.6,d35,event_option_mh30trail_clean1000_frozen2025_select2026_d35_return_deploy202607_QQQ_v1,0,-0.2,2,30,35,0.35,202602,d35,2,30,time_priority,,max_volume_component,QQQ
QQQ,zero_dte,10:30,630,202602,20260224,-0.6,-0.6,0.2192400172083859,0.2088851222427259,CALL,0.2192400172083859,-0.6,d35,event_option_mh30trail_clean1000_frozen2025_select2026_d35_return_deploy202607_QQQ_v1,0,-0.2,2,30,35,0.35,202602,d35,2,30,time_priority,,max_volume_component,QQQ
QQQ,zero_dte,11:00,660,202602,20260224,0.4383116682055503,-0.6,-0.0570575688298709,0.189900941315612,PUT,0.189900941315612,-0.6,d35,event_option_mh30trail_clean1000_frozen2025_select2026_d35_return_deploy202607_QQQ_v1,0,-0.2,2,30,35,0.35,202602,d35,2,30,time_priority,,max_volume_component,QQQ
QQQ,zero_dte,10:00,600,202602,20260225,-0.2265624752617435,-0.4193548201026084,-0.3836220579277932,0.42789701110571,PUT,0.42789701110571,-0.4193548201026084,d35,event_option_mh30trail_clean1000_frozen2025_select2026_d35_return_deploy202607_QQQ_v1,0,-0.2,2,30,35,0.35,202602,d35,2,30,time_priority,,max_volume_component,QQQ
QQQ,zero_dte,10:30,630,202602,20260225,-0.1134020732584076,0.306603835120498,-0.3266214399950484,0.4562190704608659,PUT,0.4562190704608659,0.306603835120498,d35,event_option_mh30trail_clean1000_frozen2025_select2026_d35_return_deploy202607_QQQ_v1,0,-0.2,2,30,35,0.35,202602,d35,2,30,time_priority,,max_volume_component,QQQ
QQQ,zero_dte,10:20,620,202602,20260226,-0.6,-0.6,0.2932792893566249,-0.0309593506899394,CALL,0.2932792893566249,-0.6,d35,event_option_mh30trail_clean1000_frozen2025_select2026_d35_return_deploy202607_QQQ_v1,0,-0.2,2,30,35,0.35,202602,d35,2,30,time_priority,,max_volume_component,QQQ
QQQ,zero_dte,12:50,770,202602,20260226,0.3642857349648771,-0.6,-0.204498060087505,0.1079035489595383,PUT,0.1079035489595383,-0.6,d35,event_option_mh30trail_clean1000_frozen2025_select2026_d35_return_deploy202607_QQQ_v1,0,-0.2,2,30,35,0.35,202602,d35,2,30,time_priority,,max_volume_component,QQQ
QQQ,zero_dte,10:10,610,202602,20260227,-0.6,-0.6,-0.48041068172847,0.1227665169586677,PUT,0.1227665169586677,-0.6,d35,event_option_mh30trail_clean1000_frozen2025_select2026_d35_return_deploy202607_QQQ_v1,0,-0.2,2,30,35,0.35,202602,d35,2,30,time_priority,,max_volume_component,QQQ
QQQ,zero_dte,10:45,645,202602,20260227,-0.6,0.5499999783255842,-0.4522286904448924,0.1906116917391974,PUT,0.1906116917391974,0.5499999783255842,d35,event_option_mh30trail_clean1000_frozen2025_select2026_d35_return_deploy202607_QQQ_v1,0,-0.2,2,30,35,0.35,202602,d35,2,30,time_priority,,max_volume_component,QQQ
QQQ,zero_dte,10:10,610,202603,20260302,-0.6,0.3355855565597059,0.0123544200598278,0.0519631514664715,PUT,0.0519631514664715,0.3355855565597059,d35,event_option_mh30trail_clean1000_frozen2025_select2026_d35_return_deploy202607_QQQ_v1,0,-0.2,2,30,35,0.35,202603,d35,2,30,time_priority,,max_volume_component,QQQ
QQQ,zero_dte,10:40,640,202603,20260302,0.2738096157169167,-0.6,0.0722430263918112,0.3676297666813346,PUT,0.3676297666813346,-0.6,d35,event_option_mh30trail_clean1000_frozen2025_select2026_d35_return_deploy202607_QQQ_v1,0,-0.2,2,30,35,0.35,202603,d35,2,30,time_priority,,max_volume_component,QQQ
QQQ,zero_dte,10:25,625,202603,20260303,0.4677420145639142,-0.6,0.6341311406563079,-0.1120890482520049,CALL,0.6341311406563079,0.4677420145639142,d35,event_option_mh30trail_clean1000_frozen2025_select2026_d35_return_deploy202607_QQQ_v1,0,-0.2,2,30,35,0.35,202603,d35,2,30,time_priority,,max_volume_component,QQQ
QQQ,zero_dte,10:55,655,202603,20260303,2.1710526646009103,-0.6,0.6897088201175908,-0.2861381737748086,CALL,0.6897088201175908,2.1710526646009103,d35,event_option_mh30trail_clean1000_frozen2025_select2026_d35_return_deploy202607_QQQ_v1,0,-0.2,2,30,35,0.35,202603,d35,2,30,time_priority,,max_volume_component,QQQ
QQQ,zero_dte,10:30,630,202603,20260304,-0.6,0.4910714637336073,-0.4033161333701243,0.1384640772145073,PUT,0.1384640772145073,0.4910714637336073,d35,event_option_mh30trail_clean1000_frozen2025_select2026_d35_return_deploy202607_QQQ_v1,0,-0.2,2,30,35,0.35,202603,d35,2,30,time_priority,,max_volume_component,QQQ
QQQ,zero_dte,11:00,660,202603,20260304,0.0,0.7861446881955296,-0.2669565805162199,0.2614984909866261,PUT,0.2614984909866261,0.7861446881955296,d35,event_option_mh30trail_clean1000_frozen2025_select2026_d35_return_deploy202607_QQQ_v1,0,-0.2,2,30,35,0.35,202603,d35,2,30,time_priority,,max_volume_component,QQQ
QQQ,zero_dte,10:00,600,202603,20260305,-0.6,2.41666672875484,0.0165477324265631,0.6162498488713308,PUT,0.6162498488713308,2.41666672875484,d35,event_option_mh30trail_clean1000_frozen2025_select2026_d35_return_deploy202607_QQQ_v1,0,-0.2,2,30,35,0.35,202603,d35,2,30,time_priority,,max_volume_component,QQQ
QQQ,zero_dte,10:30,630,202603,20260305,0.9166667967561732,-0.6,0.4164287102322426,-0.4295426946283244,CALL,0.4164287102322426,0.9166667967561732,d35,event_option_mh30trail_clean1000_frozen2025_select2026_d35_return_deploy202607_QQQ_v1,0,-0.2,2,30,35,0.35,202603,d35,2,30,time_priority,,max_volume_component,QQQ
QQQ,zero_dte,10:15,615,202603,20260306,-0.6,-0.6,-0.0504814865553858,-0.0278986516353578,PUT,-0.0278986516353578,-0.6,d35,event_option_mh30trail_clean1000_frozen2025_select2026_d35_return_deploy202607_QQQ_v1,0,-0.2,2,30,35,0.35,202603,d35,2,30,time_priority,,max_volume_component,QQQ
QQQ,zero_dte,10:55,655,202603,20260306,-0.6,0.3700000047683716,0.2426788700140628,-0.31003331656944,CALL,0.2426788700140628,-0.6,d35,event_option_mh30trail_clean1000_frozen2025_select2026_d35_return_deploy202607_QQQ_v1,0,-0.2,2,30,35,0.35,202603,d35,2,30,time_priority,,max_volume_component,QQQ
QQQ,zero_dte,10:15,615,202603,20260309,1.2711267830289286,-0.6,0.658518867101813,0.0461605167043041,CALL,0.658518867101813,1.2711267830289286,d35,event_option_mh30trail_clean1000_frozen2025_select2026_d35_return_deploy202607_QQQ_v1,0,-0.2,2,30,35,0.35,202603,d35,2,30,time_priority,,max_volume_component,QQQ
QQQ,zero_dte,10:45,645,202603,20260309,0.2981480572285819,-0.6,0.3683230374990676,-0.1475609295918021,CALL,0.3683230374990676,0.2981480572285819,d35,event_option_mh30trail_clean1000_frozen2025_select2026_d35_return_deploy202607_QQQ_v1,0,-0.2,2,30,35,0.35,202603,d35,2,30,time_priority,,max_volume_component,QQQ
QQQ,zero_dte,10:00,600,202603,20260310,0.4369566064701207,-0.6,0.3075037701832951,0.2809593300306789,CALL,0.3075037701832951,0.4369566064701207,d35,event_option_mh30trail_clean1000_frozen2025_select2026_d35_return_deploy202607_QQQ_v1,0,-0.2,2,30,35,0.35,202603,d35,2,30,time_priority,,max_volume_component,QQQ
QQQ,zero_dte,10:30,630,202603,20260310,1.105072471905696,-0.6,-0.0227524356514647,0.4524524828606726,PUT,0.4524524828606726,-0.6,d35,event_option_mh30trail_clean1000_frozen2025_select2026_d35_return_deploy202607_QQQ_v1,0,-0.2,2,30,35,0.35,202603,d35,2,30,time_priority,,max_volume_component,QQQ
QQQ,zero_dte,10:00,600,202603,20260311,-0.6,1.7264704710884522,-0.2428947024531041,0.6891006948863215,PUT,0.6891006948863215,1.7264704710884522,d35,event_option_mh30trail_clean1000_frozen2025_select2026_d35_return_deploy202607_QQQ_v1,0,-0.2,2,30,35,0.35,202603,d35,2,30,time_priority,,max_volume_component,QQQ
QQQ,zero_dte,10:30,630,202603,20260311,-0.6,0.2879309970615322,-0.1861632989846919,-0.0043504139959171,PUT,-0.0043504139959171,0.2879309970615322,d35,event_option_mh30trail_clean1000_frozen2025_select2026_d35_return_deploy202607_QQQ_v1,0,-0.2,2,30,35,0.35,202603,d35,2,30,time_priority,,max_volume_component,QQQ
QQQ,zero_dte,10:30,630,202603,20260312,0.4118704795343806,-0.6,0.108890861345323,-0.4110346591231372,CALL,0.108890861345323,0.4118704795343806,d35,event_option_mh30trail_clean1000_frozen2025_select2026_d35_return_deploy202607_QQQ_v1,0,-0.2,2,30,35,0.35,202603,d35,2,30,time_priority,,max_volume_component,QQQ
QQQ,zero_dte,11:00,660,202603,20260312,0.4642856686699148,-0.6,-0.4456256231897381,-0.0794204512792684,PUT,-0.0794204512792684,-0.6,d35,event_option_mh30trail_clean1000_frozen2025_select2026_d35_return_deploy202607_QQQ_v1,0,-0.2,2,30,35,0.35,202603,d35,2,30,time_priority,,max_volume_component,QQQ
QQQ,zero_dte,10:35,635,202603,20260313,-0.6,1.3362068823770166,-0.2770761406286168,0.2369495592127767,PUT,0.2369495592127767,1.3362068823770166,d35,event_option_mh30trail_clean1000_frozen2025_select2026_d35_return_deploy202607_QQQ_v1,0,-0.2,2,30,35,0.35,202603,d35,2,30,time_priority,,max_volume_component,QQQ
QQQ,zero_dte,11:05,665,202603,20260313,-0.6,0.2967626744561504,0.0503963604839498,-0.1345639471721045,CALL,0.0503963604839498,-0.6,d35,event_option_mh30trail_clean1000_frozen2025_select2026_d35_return_deploy202607_QQQ_v1,0,-0.2,2,30,35,0.35,202603,d35,2,30,time_priority,,max_volume_component,QQQ
QQQ,zero_dte,10:10,610,202603,20260316,-0.6,1.0988371480536383,-0.1661263567369122,0.5056838377620823,PUT,0.5056838377620823,1.0988371480536383,d35,event_option_mh30trail_clean1000_frozen2025_select2026_d35_return_deploy202607_QQQ_v1,0,-0.2,2,30,35,0.35,202603,d35,2,30,time_priority,,max_volume_component,QQQ
QQQ,zero_dte,10:40,640,202603,20260316,0.4630435386542348,-0.6,-0.1983645164337123,0.2127265566805767,PUT,0.2127265566805767,-0.6,d35,event_option_mh30trail_clean1000_frozen2025_select2026_d35_return_deploy202607_QQQ_v1,0,-0.2,2,30,35,0.35,202603,d35,2,30,time_priority,,max_volume_component,QQQ
QQQ,zero_dte,10:00,600,202603,20260317,-0.6,0.534482752419255,-0.2204560921025883,0.2928589829281317,PUT,0.2928589829281317,0.534482752419255,d35,event_option_mh30trail_clean1000_frozen2025_select2026_d35_return_deploy202607_QQQ_v1,0,-0.2,2,30,35,0.35,202603,d35,2,30,time_priority,,max_volume_component,QQQ
QQQ,zero_dte,10:35,635,202603,20260317,-0.6,0.30384619616898,-0.2523755097472458,0.0248466456157408,PUT,0.0248466456157408,0.30384619616898,d35,event_option_mh30trail_clean1000_frozen2025_select2026_d35_return_deploy202607_QQQ_v1,0,-0.2,2,30,35,0.35,202603,d35,2,30,time_priority,,max_volume_component,QQQ
QQQ,zero_dte,10:25,625,202603,20260318,-0.5360825001997063,-0.062937005224118,0.3023883680321774,-0.3317292578638881,CALL,0.3023883680321774,-0.5360825001997063,d35,event_option_mh30trail_clean1000_frozen2025_select2026_d35_return_deploy202607_QQQ_v1,0,-0.2,2,30,35,0.35,202603,d35,2,30,time_priority,,max_volume_component,QQQ
QQQ,zero_dte,10:55,655,202603,20260318,0.2938596601301284,-0.3727272884904842,0.3958797019656575,-0.5090552870667517,CALL,0.3958797019656575,0.2938596601301284,d35,event_option_mh30trail_clean1000_frozen2025_select2026_d35_return_deploy202607_QQQ_v1,0,-0.2,2,30,35,0.35,202603,d35,2,30,time_priority,,max_volume_component,QQQ
QQQ,zero_dte,10:00,600,202603,20260319,-0.6,0.6148647806898138,0.4012750966270625,0.0066345028397679,CALL,0.4012750966270625,-0.6,d35,event_option_mh30trail_clean1000_frozen2025_select2026_d35_return_deploy202607_QQQ_v1,0,-0.2,2,30,35,0.35,202603,d35,2,30,time_priority,,max_volume_component,QQQ
QQQ,zero_dte,10:35,635,202603,20260319,-0.6,0.4594017721021928,0.2926243783933105,-0.3164525154992199,CALL,0.2926243783933105,-0.6,d35,event_option_mh30trail_clean1000_frozen2025_select2026_d35_return_deploy202607_QQQ_v1,0,-0.2,2,30,35,0.35,202603,d35,2,30,time_priority,,max_volume_component,QQQ
QQQ,zero_dte,10:00,600,202603,20260320,-0.6,-0.6,-0.0338428350678574,-0.1142042325983121,CALL,-0.0338428350678574,-0.6,d35,event_option_mh30trail_clean1000_frozen2025_select2026_d35_return_deploy202607_QQQ_v1,0,-0.2,2,30,35,0.35,202603,d35,2,30,time_priority,,max_volume_component,QQQ
QQQ,zero_dte,10:45,645,202603,20260320,-0.6,-0.6,-0.0183503165482496,-0.082985053948147,CALL,-0.0183503165482496,-0.6,d35,event_option_mh30trail_clean1000_frozen2025_select2026_d35_return_deploy202607_QQQ_v1,0,-0.2,2,30,35,0.35,202603,d35,2,30,time_priority,,max_volume_component,QQQ
QQQ,zero_dte,10:20,620,202603,20260323,-0.6,0.3416665756040185,-0.0799037645899599,0.2705312880799175,PUT,0.2705312880799175,0.3416665756040185,d35,event_option_mh30trail_clean1000_frozen2025_select2026_d35_return_deploy202607_QQQ_v1,0,-0.2,2,30,35,0.35,202603,d35,2,30,time_priority,,max_volume_component,QQQ
QQQ,zero_dte,11:05,665,202603,20260323,-0.6,0.4587379022821751,-0.4400442628947447,0.0883346177631834,PUT,0.0883346177631834,0.4587379022821751,d35,event_option_mh30trail_clean1000_frozen2025_select2026_d35_return_deploy202607_QQQ_v1,0,-0.2,2,30,35,0.35,202603,d35,2,30,time_priority,,max_volume_component,QQQ
QQQ,zero_dte,10:55,655,202603,20260324,-0.6,0.6738095930103845,0.4317380427441309,-0.1358979589679161,CALL,0.4317380427441309,-0.6,d35,event_option_mh30trail_clean1000_frozen2025_select2026_d35_return_deploy202607_QQQ_v1,0,-0.2,2,30,35,0.35,202603,d35,2,30,time_priority,,max_volume_component,QQQ
QQQ,zero_dte,11:25,685,202603,20260324,-0.6,0.4331683799362973,0.1524244756891906,-0.0324153866845217,CALL,0.1524244756891906,-0.6,d35,event_option_mh30trail_clean1000_frozen2025_select2026_d35_return_deploy202607_QQQ_v1,0,-0.2,2,30,35,0.35,202603,d35,2,30,time_priority,,max_volume_component,QQQ
QQQ,zero_dte,10:00,600,202603,20260325,1.0288461273943876,-0.6,0.1758297787559299,-0.0380735241151478,CALL,0.1758297787559299,1.0288461273943876,d35,event_option_mh30trail_clean1000_frozen2025_select2026_d35_return_deploy202607_QQQ_v1,0,-0.2,2,30,35,0.35,202603,d35,2,30,time_priority,,max_volume_component,QQQ
QQQ,zero_dte,10:35,635,202603,20260325,-0.6,0.4700000762939453,0.1011338314744227,-0.2750912512743605,CALL,0.1011338314744227,-0.6,d35,event_option_mh30trail_clean1000_frozen2025_select2026_d35_return_deploy202607_QQQ_v1,0,-0.2,2,30,35,0.35,202603,d35,2,30,time_priority,,max_volume_component,QQQ
QQQ,zero_dte,10:00,600,202603,20260326,-0.6,0.2843512047782726,0.3520840701362499,-0.1926103681068816,CALL,0.3520840701362499,-0.6,d35,event_option_mh30trail_clean1000_frozen2025_select2026_d35_return_deploy202607_QQQ_v1,0,-0.2,2,30,35,0.35,202603,d35,2,30,time_priority,,max_volume_component,QQQ
QQQ,zero_dte,10:30,630,202603,20260326,-0.6,1.2752525009265812,0.332124211470613,-0.243469697374261,CALL,0.332124211470613,-0.6,d35,event_option_mh30trail_clean1000_frozen2025_select2026_d35_return_deploy202607_QQQ_v1,0,-0.2,2,30,35,0.35,202603,d35,2,30,time_priority,,max_volume_component,QQQ
QQQ,zero_dte,10:00,600,202603,20260327,-0.6,-0.6,0.5306875400768954,0.2610206510033155,CALL,0.5306875400768954,-0.6,d35,event_option_mh30trail_clean1000_frozen2025_select2026_d35_return_deploy202607_QQQ_v1,0,-0.2,2,30,35,0.35,202603,d35,2,30,time_priority,,max_volume_component,QQQ
QQQ,zero_dte,10:30,630,202603,20260327,0.2545870967650208,-0.6,0.5754087303555189,-0.0249213841897743,CALL,0.5754087303555189,0.2545870967650208,d35,event_option_mh30trail_clean1000_frozen2025_select2026_d35_return_deploy202607_QQQ_v1,0,-0.2,2,30,35,0.35,202603,d35,2,30,time_priority,,max_volume_component,QQQ
QQQ,zero_dte,10:00,600,202603,20260330,-0.6,-0.6,0.3619194316188408,-0.2320929965337982,CALL,0.3619194316188408,-0.6,d35,event_option_mh30trail_clean1000_frozen2025_select2026_d35_return_deploy202607_QQQ_v1,0,-0.2,2,30,35,0.35,202603,d35,2,30,time_priority,,max_volume_component,QQQ
QQQ,zero_dte,10:35,635,202603,20260330,0.892857003837566,-0.6,0.3263478449213257,-0.3770973237883308,CALL,0.3263478449213257,0.892857003837566,d35,event_option_mh30trail_clean1000_frozen2025_select2026_d35_return_deploy202607_QQQ_v1,0,-0.2,2,30,35,0.35,202603,d35,2,30,time_priority,,max_volume_component,QQQ
QQQ,zero_dte,10:00,600,202603,20260331,-0.6,0.25,-0.1915990753362738,0.3074796702463987,PUT,0.3074796702463987,0.25,d35,event_option_mh30trail_clean1000_frozen2025_select2026_d35_return_deploy202607_QQQ_v1,0,-0.2,2,30,35,0.35,202603,d35,2,30,time_priority,,max_volume_component,QQQ
QQQ,zero_dte,10:30,630,202603,20260331,-0.6,1.4462963263847857,-0.2244225661558265,0.2853267480586044,PUT,0.2853267480586044,1.4462963263847857,d35,event_option_mh30trail_clean1000_frozen2025_select2026_d35_return_deploy202607_QQQ_v1,0,-0.2,2,30,35,0.35,202603,d35,2,30,time_priority,,max_volume_component,QQQ
QQQ,zero_dte,10:15,615,202604,20260402,3.1803796264991986,-0.6,0.3444257511178304,-0.4121369509400548,CALL,0.3444257511178304,3.1803796264991986,d35,event_option_mh30trail_clean1000_frozen2025_select2026_d35_return_deploy202607_QQQ_v1,0,-0.2,2,30,35,0.35,202604,d35,2,30,time_priority,,max_volume_component,QQQ
QQQ,zero_dte,10:50,650,202604,20260402,0.2679855516624336,-0.6,0.1895146743547194,-0.3869104111224323,CALL,0.1895146743547194,0.2679855516624336,d35,event_option_mh30trail_clean1000_frozen2025_select2026_d35_return_deploy202607_QQQ_v1,0,-0.2,2,30,35,0.35,202604,d35,2,30,time_priority,,max_volume_component,QQQ
QQQ,zero_dte,10:00,600,202604,20260406,-0.6,0.8671170039161864,-0.1979684250543084,0.3403282276049537,PUT,0.3403282276049537,0.8671170039161864,d35,event_option_mh30trail_clean1000_frozen2025_select2026_d35_return_deploy202607_QQQ_v1,0,-0.2,2,30,35,0.35,202604,d35,2,30,time_priority,,max_volume_component,QQQ
QQQ,zero_dte,10:50,650,202604,20260406,-0.6,-0.6,-0.1635975464662139,0.0762491254409624,PUT,0.0762491254409624,-0.6,d35,event_option_mh30trail_clean1000_frozen2025_select2026_d35_return_deploy202607_QQQ_v1,0,-0.2,2,30,35,0.35,202604,d35,2,30,time_priority,,max_volume_component,QQQ
QQQ,zero_dte,10:10,610,202604,20260407,0.5725806234530433,0.2850877385610582,0.281900530987699,-0.2613020909165645,CALL,0.281900530987699,0.5725806234530433,d35,event_option_mh30trail_clean1000_frozen2025_select2026_d35_return_deploy202607_QQQ_v1,0,-0.2,2,30,35,0.35,202604,d35,2,30,time_priority,,max_volume_component,QQQ
QQQ,zero_dte,11:00,660,202604,20260407,0.7219624221142802,-0.6,0.3752147300416625,0.0119440521314342,CALL,0.3752147300416625,0.7219624221142802,d35,event_option_mh30trail_clean1000_frozen2025_select2026_d35_return_deploy202607_QQQ_v1,0,-0.2,2,30,35,0.35,202604,d35,2,30,time_priority,,max_volume_component,QQQ
QQQ,zero_dte,10:00,600,202604,20260408,-0.6,0.3485401821883398,-0.2485262307539082,0.0744971212367978,PUT,0.0744971212367978,0.3485401821883398,d35,event_option_mh30trail_clean1000_frozen2025_select2026_d35_return_deploy202607_QQQ_v1,0,-0.2,2,30,35,0.35,202604,d35,2,30,time_priority,,max_volume_component,QQQ
QQQ,zero_dte,10:30,630,202604,20260408,0.4783950272065769,1.1436170273476889,-0.3618007592433842,0.048639331575731,PUT,0.048639331575731,1.1436170273476889,d35,event_option_mh30trail_clean1000_frozen2025_select2026_d35_return_deploy202607_QQQ_v1,0,-0.2,2,30,35,0.35,202604,d35,2,30,time_priority,,max_volume_component,QQQ
QQQ,zero_dte,10:00,600,202604,20260410,0.3549382080121153,-0.6,0.11633213540855,-0.098538715819013,CALL,0.11633213540855,0.3549382080121153,d35,event_option_mh30trail_clean1000_frozen2025_select2026_d35_return_deploy202607_QQQ_v1,0,-0.2,2,30,35,0.35,202604,d35,2,30,time_priority,,max_volume_component,QQQ
QQQ,zero_dte,10:30,630,202604,20260410,-0.6,0.310605955244319,0.160742046406797,0.2228833377700759,PUT,0.2228833377700759,0.310605955244319,d35,event_option_mh30trail_clean1000_frozen2025_select2026_d35_return_deploy202607_QQQ_v1,0,-0.2,2,30,35,0.35,202604,d35,2,30,time_priority,,max_volume_component,QQQ
QQQ,zero_dte,10:00,600,202604,20260413,-0.6,0.4318182126057051,0.1872245041210072,0.0903999233257675,CALL,0.1872245041210072,-0.6,d35,event_option_mh30trail_clean1000_frozen2025_select2026_d35_return_deploy202607_QQQ_v1,0,-0.2,2,30,35,0.35,202604,d35,2,30,time_priority,,max_volume_component,QQQ
QQQ,zero_dte,10:30,630,202604,20260413,0.5368852587163975,-0.6,0.3837485701431613,-0.3781355924644037,CALL,0.3837485701431613,0.5368852587163975,d35,event_option_mh30trail_clean1000_frozen2025_select2026_d35_return_deploy202607_QQQ_v1,0,-0.2,2,30,35,0.35,202604,d35,2,30,time_priority,,max_volume_component,QQQ
QQQ,zero_dte,10:10,610,202604,20260414,0.5532786853209006,-0.6,-0.1868129968711843,0.2267791544068834,PUT,0.2267791544068834,-0.6,d35,event_option_mh30trail_clean1000_frozen2025_select2026_d35_return_deploy202607_QQQ_v1,0,-0.2,2,30,35,0.35,202604,d35,2,30,time_priority,,max_volume_component,QQQ
QQQ,zero_dte,10:40,640,202604,20260414,0.4964789394536839,-0.6,-0.5049269869353457,0.0311887356291207,PUT,0.0311887356291207,-0.6,d35,event_option_mh30trail_clean1000_frozen2025_select2026_d35_return_deploy202607_QQQ_v1,0,-0.2,2,30,35,0.35,202604,d35,2,30,time_priority,,max_volume_component,QQQ
QQQ,zero_dte,10:00,600,202604,20260416,0.4004855290334812,-0.6,0.1674402391264352,-0.2494245931884433,CALL,0.1674402391264352,0.4004855290334812,d35,event_option_mh30trail_clean1000_frozen2025_select2026_d35_return_deploy202607_QQQ_v1,0,-0.2,2,30,35,0.35,202604,d35,2,30,time_priority,,max_volume_component,QQQ
QQQ,zero_dte,10:45,645,202604,20260416,0.6693549162391315,-0.6,0.0498889380857118,-0.0188990851123618,CALL,0.0498889380857118,0.6693549162391315,d35,event_option_mh30trail_clean1000_frozen2025_select2026_d35_return_deploy202607_QQQ_v1,0,-0.2,2,30,35,0.35,202604,d35,2,30,time_priority,,max_volume_component,QQQ
QQQ,zero_dte,10:00,600,202604,20260417,0.2833333002196432,-0.6,-0.5452374320470534,0.3980896982399798,PUT,0.3980896982399798,-0.6,d35,event_option_mh30trail_clean1000_frozen2025_select2026_d35_return_deploy202607_QQQ_v1,0,-0.2,2,30,35,0.35,202604,d35,2,30,time_priority,,max_volume_component,QQQ
QQQ,zero_dte,10:30,630,202604,20260417,1.0141511555879243,-0.6,-0.239996345541924,0.1805519854407085,PUT,0.1805519854407085,-0.6,d35,event_option_mh30trail_clean1000_frozen2025_select2026_d35_return_deploy202607_QQQ_v1,0,-0.2,2,30,35,0.35,202604,d35,2,30,time_priority,,max_volume_component,QQQ
QQQ,zero_dte,10:00,600,202604,20260420,-0.6,0.3300000429153442,0.133379171028805,-0.1847005350164922,CALL,0.133379171028805,-0.6,d35,event_option_mh30trail_clean1000_frozen2025_select2026_d35_return_deploy202607_QQQ_v1,0,-0.2,2,30,35,0.35,202604,d35,2,30,time_priority,,max_volume_component,QQQ
QQQ,zero_dte,10:30,630,202604,20260420,-0.6,1.2009804379889628,0.0956969752308165,-0.0040571272232953,CALL,0.0956969752308165,-0.6,d35,event_option_mh30trail_clean1000_frozen2025_select2026_d35_return_deploy202607_QQQ_v1,0,-0.2,2,30,35,0.35,202604,d35,2,30,time_priority,,max_volume_component,QQQ
QQQ,zero_dte,10:00,600,202604,20260421,-0.6,0.640243860776051,0.3953306037496832,-0.3128280320418559,CALL,0.3953306037496832,-0.6,d35,event_option_mh30trail_clean1000_frozen2025_select2026_d35_return_deploy202607_QQQ_v1,0,-0.2,2,30,35,0.35,202604,d35,2,30,time_priority,,max_volume_component,QQQ
QQQ,zero_dte,10:30,630,202604,20260421,-0.6,1.2291668412896533,0.0285300135297336,-0.2123196697766397,CALL,0.0285300135297336,-0.6,d35,event_option_mh30trail_clean1000_frozen2025_select2026_d35_return_deploy202607_QQQ_v1,0,-0.2,2,30,35,0.35,202604,d35,2,30,time_priority,,max_volume_component,QQQ
QQQ,zero_dte,10:05,605,202604,20260422,1.7077464339421429,-0.6,0.2286055398557095,0.2868834646004338,PUT,0.2868834646004338,-0.6,d35,event_option_mh30trail_clean1000_frozen2025_select2026_d35_return_deploy202607_QQQ_v1,0,-0.2,2,30,35,0.35,202604,d35,2,30,time_priority,,max_volume_component,QQQ
QQQ,zero_dte,10:35,635,202604,20260422,0.3712121362637985,-0.6,-0.4379817989816746,0.2590237514780298,PUT,0.2590237514780298,-0.6,d35,event_option_mh30trail_clean1000_frozen2025_select2026_d35_return_deploy202607_QQQ_v1,0,-0.2,2,30,35,0.35,202604,d35,2,30,time_priority,,max_volume_component,QQQ
QQQ,zero_dte,10:00,600,202604,20260423,0.8109756975142757,-0.6,0.2369564144725471,-0.2477355349579214,CALL,0.2369564144725471,0.8109756975142757,d35,event_option_mh30trail_clean1000_frozen2025_select2026_d35_return_deploy202607_QQQ_v1,0,-0.2,2,30,35,0.35,202604,d35,2,30,time_priority,,max_volume_component,QQQ
QQQ,zero_dte,10:45,645,202604,20260423,0.6845792820281087,-0.6,0.0870103728338937,-0.0234790372676497,CALL,0.0870103728338937,0.6845792820281087,d35,event_option_mh30trail_clean1000_frozen2025_select2026_d35_return_deploy202607_QQQ_v1,0,-0.2,2,30,35,0.35,202604,d35,2,30,time_priority,,max_volume_component,QQQ
QQQ,zero_dte,10:00,600,202604,20260424,0.5970588334291449,-0.6,0.3659188803071265,-0.1204793930218192,CALL,0.3659188803071265,0.5970588334291449,d35,event_option_mh30trail_clean1000_frozen2025_select2026_d35_return_deploy202607_QQQ_v1,0,-0.2,2,30,35,0.35,202604,d35,2,30,time_priority,,max_volume_component,QQQ
QQQ,zero_dte,10:40,640,202604,20260424,0.6547619912629805,-0.6,0.4181345117614786,0.0746820619443299,CALL,0.4181345117614786,0.6547619912629805,d35,event_option_mh30trail_clean1000_frozen2025_select2026_d35_return_deploy202607_QQQ_v1,0,-0.2,2,30,35,0.35,202604,d35,2,30,time_priority,,max_volume_component,QQQ
QQQ,zero_dte,10:00,600,202604,20260427,-0.6,0.3640351372522445,0.2993761385183702,-0.2276818430258508,CALL,0.2993761385183702,-0.6,d35,event_option_mh30trail_clean1000_frozen2025_select2026_d35_return_deploy202607_QQQ_v1,0,-0.2,2,30,35,0.35,202604,d35,2,30,time_priority,,max_volume_component,QQQ
QQQ,zero_dte,10:30,630,202604,20260427,0.6465518198172089,-0.6,0.3112967880289548,-0.2361241413409782,CALL,0.3112967880289548,0.6465518198172089,d35,event_option_mh30trail_clean1000_frozen2025_select2026_d35_return_deploy202607_QQQ_v1,0,-0.2,2,30,35,0.35,202604,d35,2,30,time_priority,,max_volume_component,QQQ
QQQ,zero_dte,10:00,600,202604,20260428,-0.6,0.4399225823431261,0.1836247470569275,0.2276427342536368,PUT,0.2276427342536368,0.4399225823431261,d35,event_option_mh30trail_clean1000_frozen2025_select2026_d35_return_deploy202607_QQQ_v1,0,-0.2,2,30,35,0.35,202604,d35,2,30,time_priority,,max_volume_component,QQQ
QQQ,zero_dte,10:35,635,202604,20260428,-0.6,0.7838984763132646,0.2780301476006238,-0.3341044106119445,CALL,0.2780301476006238,-0.6,d35,event_option_mh30trail_clean1000_frozen2025_select2026_d35_return_deploy202607_QQQ_v1,0,-0.2,2,30,35,0.35,202604,d35,2,30,time_priority,,max_volume_component,QQQ
QQQ,zero_dte,10:25,625,202604,20260429,-0.1890243570021683,0.1122994216054533,-0.0604003590906492,0.2352297804313269,PUT,0.2352297804313269,0.1122994216054533,d35,event_option_mh30trail_clean1000_frozen2025_select2026_d35_return_deploy202607_QQQ_v1,0,-0.2,2,30,35,0.35,202604,d35,2,30,time_priority,,max_volume_component,QQQ
QQQ,zero_dte,10:55,655,202604,20260429,-0.3666666578363486,0.4027776811961812,0.0279538699206383,-0.0533218607754919,CALL,0.0279538699206383,-0.3666666578363486,d35,event_option_mh30trail_clean1000_frozen2025_select2026_d35_return_deploy202607_QQQ_v1,0,-0.2,2,30,35,0.35,202604,d35,2,30,time_priority,,max_volume_component,QQQ
QQQ,zero_dte,10:10,610,202604,20260430,0.75,-0.6,0.0263281455984343,-0.1940596331060969,CALL,0.0263281455984343,0.75,d35,event_option_mh30trail_clean1000_frozen2025_select2026_d35_return_deploy202607_QQQ_v1,0,-0.2,2,30,35,0.35,202604,d35,2,30,time_priority,,max_volume_component,QQQ
QQQ,zero_dte,10:40,640,202604,20260430,1.3880369345484684,-0.6,0.1959692155088686,-0.2113759655669025,CALL,0.1959692155088686,1.3880369345484684,d35,event_option_mh30trail_clean1000_frozen2025_select2026_d35_return_deploy202607_QQQ_v1,0,-0.2,2,30,35,0.35,202604,d35,2,30,time_priority,,max_volume_component,QQQ
QQQ,zero_dte,10:00,600,202605,20260501,-0.6,0.2780899282748499,-0.3646781599558503,0.2782397001349795,PUT,0.2782397001349795,0.2780899282748499,d35,event_option_mh30trail_clean1000_frozen2025_select2026_d35_return_deploy202607_QQQ_v1,0,-0.2,2,30,35,0.35,202605,d35,2,30,time_priority,,max_volume_component,QQQ
QQQ,zero_dte,11:20,680,202605,20260501,0.4788136038414488,0.30384619616898,-0.197760531616933,0.3051999111713674,PUT,0.3051999111713674,0.30384619616898,d35,event_option_mh30trail_clean1000_frozen2025_select2026_d35_return_deploy202607_QQQ_v1,0,-0.2,2,30,35,0.35,202605,d35,2,30,time_priority,,max_volume_component,QQQ
QQQ,zero_dte,10:00,600,202605,20260504,-0.6,0.3078947764684623,0.1692058149221739,-0.1764866256407889,CALL,0.1692058149221739,-0.6,d35,event_option_mh30trail_clean1000_frozen2025_select2026_d35_return_deploy202607_QQQ_v1,0,-0.2,2,30,35,0.35,202605,d35,2,30,time_priority,,max_volume_component,QQQ
QQQ,zero_dte,10:30,630,202605,20260504,0.2928572174643207,0.2794116657085512,0.2377331934319003,-0.1759231058608674,CALL,0.2377331934319003,0.2928572174643207,d35,event_option_mh30trail_clean1000_frozen2025_select2026_d35_return_deploy202607_QQQ_v1,0,-0.2,2,30,35,0.35,202605,d35,2,30,time_priority,,max_volume_component,QQQ
QQQ,zero_dte,10:05,605,202605,20260505,0.3196202226029709,0.3653846242018708,-0.1406383445835042,-0.0044184557134788,PUT,-0.0044184557134788,0.3653846242018708,d35,event_option_mh30trail_clean1000_frozen2025_select2026_d35_return_deploy202607_QQQ_v1,0,-0.2,2,30,35,0.35,202605,d35,2,30,time_priority,,max_volume_component,QQQ
QQQ,zero_dte,10:35,635,202605,20260505,-0.6,-0.6,-0.3738280137543439,0.3929613084848807,PUT,0.3929613084848807,-0.6,d35,event_option_mh30trail_clean1000_frozen2025_select2026_d35_return_deploy202607_QQQ_v1,0,-0.2,2,30,35,0.35,202605,d35,2,30,time_priority,,max_volume_component,QQQ
QQQ,zero_dte,10:00,600,202605,20260506,0.2920559768916704,0.5553097083729335,-0.3190988716730239,0.0387635073436024,PUT,0.0387635073436024,0.5553097083729335,d35,event_option_mh30trail_clean1000_frozen2025_select2026_d35_return_deploy202607_QQQ_v1,0,-0.2,2,30,35,0.35,202605,d35,2,30,time_priority,,max_volume_component,QQQ
QQQ,zero_dte,10:35,635,202605,20260506,0.4230769936149667,-0.6,-0.2448969415541672,-0.0756877499617214,PUT,-0.0756877499617214,-0.6,d35,event_option_mh30trail_clean1000_frozen2025_select2026_d35_return_deploy202607_QQQ_v1,0,-0.2,2,30,35,0.35,202605,d35,2,30,time_priority,,max_volume_component,QQQ
QQQ,zero_dte,10:10,610,202605,20260507,0.5357142509593915,-0.6,0.1300571560780128,0.1799159147197871,PUT,0.1799159147197871,-0.6,d35,event_option_mh30trail_clean1000_frozen2025_select2026_d35_return_deploy202607_QQQ_v1,0,-0.2,2,30,35,0.35,202605,d35,2,30,time_priority,,max_volume_component,QQQ
QQQ,zero_dte,10:45,645,202605,20260507,-0.6,0.5166667505546874,-0.2960523677064685,-0.1447509080922576,PUT,-0.1447509080922576,0.5166667505546874,d35,event_option_mh30trail_clean1000_frozen2025_select2026_d35_return_deploy202607_QQQ_v1,0,-0.2,2,30,35,0.35,202605,d35,2,30,time_priority,,max_volume_component,QQQ
QQQ,zero_dte,10:05,605,202605,20260508,0.3163716711465096,-0.6,-0.516327555893918,0.4135790201589548,PUT,0.4135790201589548,-0.6,d35,event_option_mh30trail_clean1000_frozen2025_select2026_d35_return_deploy202607_QQQ_v1,0,-0.2,2,30,35,0.35,202605,d35,2,30,time_priority,,max_volume_component,QQQ
QQQ,zero_dte,10:40,640,202605,20260508,0.5024752451875445,-0.6,-0.3728719909702227,0.2622830296121716,PUT,0.2622830296121716,-0.6,d35,event_option_mh30trail_clean1000_frozen2025_select2026_d35_return_deploy202607_QQQ_v1,0,-0.2,2,30,35,0.35,202605,d35,2,30,time_priority,,max_volume_component,QQQ
QQQ,zero_dte,10:00,600,202605,20260511,0.3953900625273874,0.3214286200854266,0.0951683097096751,-0.3987697158800615,CALL,0.0951683097096751,0.3953900625273874,d35,event_option_mh30trail_clean1000_frozen2025_select2026_d35_return_deploy202607_QQQ_v1,0,-0.2,2,30,35,0.35,202605,d35,2,30,time_priority,,max_volume_component,QQQ
QQQ,zero_dte,10:30,630,202605,20260511,0.7309523982525961,-0.6,0.182926141545472,-0.4526629884779292,CALL,0.182926141545472,0.7309523982525961,d35,event_option_mh30trail_clean1000_frozen2025_select2026_d35_return_deploy202607_QQQ_v1,0,-0.2,2,30,35,0.35,202605,d35,2,30,time_priority,,max_volume_component,QQQ
QQQ,zero_dte,10:00,600,202605,20260512,0.4522901652513824,0.3195363579651304,-0.4895039593555974,0.1455315391031774,PUT,0.1455315391031774,0.3195363579651304,d35,event_option_mh30trail_clean1000_frozen2025_select2026_d35_return_deploy202607_QQQ_v1,0,-0.2,2,30,35,0.35,202605,d35,2,30,time_priority,,max_volume_component,QQQ
QQQ,zero_dte,10:30,630,202605,20260512,-0.6,0.4499999925494196,-0.3362955457511132,-0.0181378577452605,PUT,-0.0181378577452605,0.4499999925494196,d35,event_option_mh30trail_clean1000_frozen2025_select2026_d35_return_deploy202607_QQQ_v1,0,-0.2,2,30,35,0.35,202605,d35,2,30,time_priority,,max_volume_component,QQQ
QQQ,zero_dte,10:25,625,202605,20260513,0.4249999254941969,-0.6,-0.0067080939609143,-0.0457368368748517,CALL,-0.0067080939609143,0.4249999254941969,d35,event_option_mh30trail_clean1000_frozen2025_select2026_d35_return_deploy202607_QQQ_v1,0,-0.2,2,30,35,0.35,202605,d35,2,30,time_priority,,max_volume_component,QQQ
QQQ,zero_dte,10:55,655,202605,20260513,0.7187500291038311,-0.6,-0.0205751209475623,-0.0307409953385981,CALL,-0.0205751209475623,0.7187500291038311,d35,event_option_mh30trail_clean1000_frozen2025_select2026_d35_return_deploy202607_QQQ_v1,0,-0.2,2,30,35,0.35,202605,d35,2,30,time_priority,,max_volume_component,QQQ
QQQ,zero_dte,10:20,620,202605,20260514,0.5020659658868343,-0.6,-0.169792962011775,0.2031037140846769,PUT,0.2031037140846769,-0.6,d35,event_option_mh30trail_clean1000_frozen2025_select2026_d35_return_deploy202607_QQQ_v1,0,-0.2,2,30,35,0.35,202605,d35,2,30,time_priority,,max_volume_component,QQQ
QQQ,zero_dte,10:50,650,202605,20260514,-0.6,-0.6,-0.445482718330732,0.2855851770302097,PUT,0.2855851770302097,-0.6,d35,event_option_mh30trail_clean1000_frozen2025_select2026_d35_return_deploy202607_QQQ_v1,0,-0.2,2,30,35,0.35,202605,d35,2,30,time_priority,,max_volume_component,QQQ
QQQ,zero_dte,10:00,600,202605,20260515,1.2350300610858396,-0.6,-0.0646491431106498,-0.3115842669706313,CALL,-0.0646491431106498,1.2350300610858396,d35,event_option_mh30trail_clean1000_frozen2025_select2026_d35_return_deploy202607_QQQ_v1,0,-0.2,2,30,35,0.35,202605,d35,2,30,time_priority,,max_volume_component,QQQ
QQQ,zero_dte,10:35,635,202605,20260515,-0.6,0.2810344521412535,-0.0063394606218635,0.0578927162939687,PUT,0.0578927162939687,0.2810344521412535,d35,event_option_mh30trail_clean1000_frozen2025_select2026_d35_return_deploy202607_QQQ_v1,0,-0.2,2,30,35,0.35,202605,d35,2,30,time_priority,,max_volume_component,QQQ
QQQ,zero_dte,10:05,605,202605,20260518,-0.6,0.5815216437094846,0.2941795389611495,-0.1080948778170589,CALL,0.2941795389611495,-0.6,d35,event_option_mh30trail_clean1000_frozen2025_select2026_d35_return_deploy202607_QQQ_v1,0,-0.2,2,30,35,0.35,202605,d35,2,30,time_priority,,max_volume_component,QQQ
QQQ,zero_dte,10:35,635,202605,20260518,0.4258620598937048,-0.6,0.0869649207375151,0.0337680680483523,CALL,0.0869649207375151,0.4258620598937048,d35,event_option_mh30trail_clean1000_frozen2025_select2026_d35_return_deploy202607_QQQ_v1,0,-0.2,2,30,35,0.35,202605,d35,2,30,time_priority,,max_volume_component,QQQ
QQQ,zero_dte,10:20,620,202605,20260519,0.327464843122669,-0.6,0.2709402419957376,-0.0378107399597717,CALL,0.2709402419957376,0.327464843122669,d35,event_option_mh30trail_clean1000_frozen2025_select2026_d35_return_deploy202607_QQQ_v1,0,-0.2,2,30,35,0.35,202605,d35,2,30,time_priority,,max_volume_component,QQQ
QQQ,zero_dte,10:50,650,202605,20260519,0.7893700417852032,-0.6,0.0857077600346122,0.049746342720024,CALL,0.0857077600346122,0.7893700417852032,d35,event_option_mh30trail_clean1000_frozen2025_select2026_d35_return_deploy202607_QQQ_v1,0,-0.2,2,30,35,0.35,202605,d35,2,30,time_priority,,max_volume_component,QQQ
QQQ,zero_dte,10:05,605,202605,20260520,0.8152173279251191,-0.6,0.1204973659717641,-0.0972329669425491,CALL,0.1204973659717641,0.8152173279251191,d35,event_option_mh30trail_clean1000_frozen2025_select2026_d35_return_deploy202607_QQQ_v1,0,-0.2,2,30,35,0.35,202605,d35,2,30,time_priority,,max_volume_component,QQQ
QQQ,zero_dte,10:35,635,202605,20260520,0.995033196234755,-0.6,-0.014058902320186,-0.1198845349934023,CALL,-0.014058902320186,0.995033196234755,d35,event_option_mh30trail_clean1000_frozen2025_select2026_d35_return_deploy202607_QQQ_v1,0,-0.2,2,30,35,0.35,202605,d35,2,30,time_priority,,max_volume_component,QQQ
QQQ,zero_dte,10:00,600,202605,20260521,-0.6,0.9261006072401125,-0.1136625555703775,0.2607377760682966,PUT,0.2607377760682966,0.9261006072401125,d35,event_option_mh30trail_clean1000_frozen2025_select2026_d35_return_deploy202607_QQQ_v1,0,-0.2,2,30,35,0.35,202605,d35,2,30,time_priority,,max_volume_component,QQQ
QQQ,zero_dte,10:50,650,202605,20260521,0.2884615541366593,-0.6,0.0867746743856275,0.3559137316679862,PUT,0.3559137316679862,-0.6,d35,event_option_mh30trail_clean1000_frozen2025_select2026_d35_return_deploy202607_QQQ_v1,0,-0.2,2,30,35,0.35,202605,d35,2,30,time_priority,,max_volume_component,QQQ
QQQ,zero_dte,10:25,625,202605,20260522,0.8659420915822778,-0.6,-0.071685973612251,-0.1895741919750253,CALL,-0.071685973612251,0.8659420915822778,d35,event_option_mh30trail_clean1000_frozen2025_select2026_d35_return_deploy202607_QQQ_v1,0,-0.2,2,30,35,0.35,202605,d35,2,30,time_priority,,max_volume_component,QQQ
QQQ,zero_dte,11:05,665,202605,20260522,-0.6,-0.6,-0.3297576942120954,0.6437171800394489,PUT,0.6437171800394489,-0.6,d35,event_option_mh30trail_clean1000_frozen2025_select2026_d35_return_deploy202607_QQQ_v1,0,-0.2,2,30,35,0.35,202605,d35,2,30,time_priority,,max_volume_component,QQQ
QQQ,zero_dte,10:20,620,202605,20260526,0.4519231210093541,0.2891304501062983,-0.0554004552752461,0.2287497982043635,PUT,0.2287497982043635,0.2891304501062983,d35,event_option_mh30trail_clean1000_frozen2025_select2026_d35_return_deploy202607_QQQ_v1,0,-0.2,2,30,35,0.35,202605,d35,2,30,time_priority,,max_volume_component,QQQ
QQQ,zero_dte,10:50,650,202605,20260526,-0.6,0.5219298300650643,-0.0983741983771261,0.0010787531582832,PUT,0.0010787531582832,0.5219298300650643,d35,event_option_mh30trail_clean1000_frozen2025_select2026_d35_return_deploy202607_QQQ_v1,0,-0.2,2,30,35,0.35,202605,d35,2,30,time_priority,,max_volume_component,QQQ
QQQ,zero_dte,10:25,625,202605,20260527,0.3342696508815259,-0.6,0.2941221011853656,-0.2342173462332741,CALL,0.2941221011853656,0.3342696508815259,d35,event_option_mh30trail_clean1000_frozen2025_select2026_d35_return_deploy202607_QQQ_v1,0,-0.2,2,30,35,0.35,202605,d35,2,30,time_priority,,max_volume_component,QQQ
QQQ,zero_dte,11:00,660,202605,20260527,0.4944445489365405,-0.6,0.0615810471114165,-0.1017736803266636,CALL,0.0615810471114165,0.4944445489365405,d35,event_option_mh30trail_clean1000_frozen2025_select2026_d35_return_deploy202607_QQQ_v1,0,-0.2,2,30,35,0.35,202605,d35,2,30,time_priority,,max_volume_component,QQQ
QQQ,zero_dte,10:15,615,202605,20260528,0.3214286829338628,-0.6,-0.1335988258799167,-0.0695874753506382,PUT,-0.0695874753506382,-0.6,d35,event_option_mh30trail_clean1000_frozen2025_select2026_d35_return_deploy202607_QQQ_v1,0,-0.2,2,30,35,0.35,202605,d35,2,30,time_priority,,max_volume_component,QQQ
QQQ,zero_dte,10:45,645,202605,20260528,0.4299999475479126,-0.6,-0.459006129771601,0.0274598504698618,PUT,0.0274598504698618,-0.6,d35,event_option_mh30trail_clean1000_frozen2025_select2026_d35_return_deploy202607_QQQ_v1,0,-0.2,2,30,35,0.35,202605,d35,2,30,time_priority,,max_volume_component,QQQ
QQQ,zero_dte,10:00,600,202605,20260529,-0.6,1.4194917249049532,-0.1977921582849859,-0.0162146541425095,PUT,-0.0162146541425095,1.4194917249049532,d35,event_option_mh30trail_clean1000_frozen2025_select2026_d35_return_deploy202607_QQQ_v1,0,-0.2,2,30,35,0.35,202605,d35,2,30,time_priority,,max_volume_component,QQQ
QQQ,zero_dte,10:35,635,202605,20260529,-0.6,0.9802157816806196,0.0693771585375864,-0.1374487939704458,CALL,0.0693771585375864,-0.6,d35,event_option_mh30trail_clean1000_frozen2025_select2026_d35_return_deploy202607_QQQ_v1,0,-0.2,2,30,35,0.35,202605,d35,2,30,time_priority,,max_volume_component,QQQ
QQQ,zero_dte,10:00,600,202606,20260601,0.4753521983998587,-0.6,0.007374798191148,-0.1415705145435089,CALL,0.007374798191148,0.4753521983998587,d35,event_option_mh30trail_clean1000_frozen2025_select2026_d35_return_deploy202607_QQQ_v1,0,-0.2,2,30,35,0.35,202606,d35,2,30,time_priority,,max_volume_component,QQQ
QQQ,zero_dte,10:30,630,202606,20260601,0.9100000381469728,-0.6,-0.0409316675746952,0.0318585013534819,PUT,0.0318585013534819,-0.6,d35,event_option_mh30trail_clean1000_frozen2025_select2026_d35_return_deploy202607_QQQ_v1,0,-0.2,2,30,35,0.35,202606,d35,2,30,time_priority,,max_volume_component,QQQ
QQQ,zero_dte,10:00,600,202606,20260602,0.0522387548501055,-0.6,0.2709067043409656,-0.271750198278169,CALL,0.2709067043409656,0.0522387548501055,d35,event_option_mh30trail_clean1000_frozen2025_select2026_d35_return_deploy202607_QQQ_v1,0,-0.2,2,30,35,0.35,202606,d35,2,30,time_priority,,max_volume_component,QQQ
QQQ,zero_dte,10:35,635,202606,20260602,0.3309524209591286,-0.6,0.2376170155450284,-0.2937216168826617,CALL,0.2376170155450284,0.3309524209591286,d35,event_option_mh30trail_clean1000_frozen2025_select2026_d35_return_deploy202607_QQQ_v1,0,-0.2,2,30,35,0.35,202606,d35,2,30,time_priority,,max_volume_component,QQQ
QQQ,zero_dte,12:25,745,202606,20260603,0.6465516863387115,-0.6,0.1204923482590283,-0.0804316390051153,CALL,0.1204923482590283,0.6465516863387115,d35,event_option_mh30trail_clean1000_frozen2025_select2026_d35_return_deploy202607_QQQ_v1,0,-0.2,2,30,35,0.35,202606,d35,2,30,time_priority,,max_volume_component,QQQ
QQQ,zero_dte,13:15,795,202606,20260603,0.6893938189805204,-0.6,0.0423043732310102,-0.5564072349309078,CALL,0.0423043732310102,0.6893938189805204,d35,event_option_mh30trail_clean1000_frozen2025_select2026_d35_return_deploy202607_QQQ_v1,0,-0.2,2,30,35,0.35,202606,d35,2,30,time_priority,,max_volume_component,QQQ
QQQ,zero_dte,10:05,605,202606,20260604,1.1184211241791684,-0.6,-0.6022596078912136,0.2927176120442892,PUT,0.2927176120442892,-0.6,d35,event_option_mh30trail_clean1000_frozen2025_select2026_d35_return_deploy202607_QQQ_v1,0,-0.2,2,30,35,0.35,202606,d35,2,30,time_priority,,max_volume_component,QQQ
QQQ,zero_dte,10:40,640,202606,20260604,0.9944443836133678,-0.6,0.1777537425695388,0.2831842005356181,PUT,0.2831842005356181,-0.6,d35,event_option_mh30trail_clean1000_frozen2025_select2026_d35_return_deploy202607_QQQ_v1,0,-0.2,2,30,35,0.35,202606,d35,2,30,time_priority,,max_volume_component,QQQ
QQQ,zero_dte,10:00,600,202606,20260605,0.4229559937042502,-0.6,0.0072954488658022,0.4429781960006924,PUT,0.4429781960006924,-0.6,d35,event_option_mh30trail_clean1000_frozen2025_select2026_d35_return_deploy202607_QQQ_v1,0,-0.2,2,30,35,0.35,202606,d35,2,30,time_priority,,max_volume_component,QQQ
QQQ,zero_dte,11:05,665,202606,20260605,-0.6,0.6447369411711561,0.2290239043371949,0.0742746381552759,CALL,0.2290239043371949,-0.6,d35,event_option_mh30trail_clean1000_frozen2025_select2026_d35_return_deploy202607_QQQ_v1,0,-0.2,2,30,35,0.35,202606,d35,2,30,time_priority,,max_volume_component,QQQ
QQQ,zero_dte,10:00,600,202606,20260608,0.9274194406379724,-0.6,0.0538779750241321,-0.1458772268315214,CALL,0.0538779750241321,0.9274194406379724,d35,event_option_mh30trail_clean1000_frozen2025_select2026_d35_return_deploy202607_QQQ_v1,0,-0.2,2,30,35,0.35,202606,d35,2,30,time_priority,,max_volume_component,QQQ
QQQ,zero_dte,10:30,630,202606,20260608,1.0853294584364668,-0.6,0.0393855881819604,0.2158884462102324,PUT,0.2158884462102324,-0.6,d35,event_option_mh30trail_clean1000_frozen2025_select2026_d35_return_deploy202607_QQQ_v1,0,-0.2,2,30,35,0.35,202606,d35,2,30,time_priority,,max_volume_component,QQQ
QQQ,zero_dte,10:20,620,202606,20260609,-0.6,1.657407389010913,0.0690234209504509,-0.0994403849576123,CALL,0.0690234209504509,-0.6,d35,event_option_mh30trail_clean1000_frozen2025_select2026_d35_return_deploy202607_QQQ_v1,0,-0.2,2,30,35,0.35,202606,d35,2,30,time_priority,,max_volume_component,QQQ
QQQ,zero_dte,10:50,650,202606,20260609,0.3766667048136394,0.272935702557739,0.1029843313305838,0.0558184666112197,CALL,0.1029843313305838,0.3766667048136394,d35,event_option_mh30trail_clean1000_frozen2025_select2026_d35_return_deploy202607_QQQ_v1,0,-0.2,2,30,35,0.35,202606,d35,2,30,time_priority,,max_volume_component,QQQ
QQQ,zero_dte,10:35,635,202606,20260610,-0.6,1.9827587137111755,-0.0175859465929782,-0.0367825641300985,CALL,-0.0175859465929782,-0.6,d35,event_option_mh30trail_clean1000_frozen2025_select2026_d35_return_deploy202607_QQQ_v1,0,-0.2,2,30,35,0.35,202606,d35,2,30,time_priority,,max_volume_component,QQQ
QQQ,zero_dte,11:10,670,202606,20260610,-0.6,0.2881818251176313,0.2850436963913571,0.2983749117760257,PUT,0.2983749117760257,0.2881818251176313,d35,event_option_mh30trail_clean1000_frozen2025_select2026_d35_return_deploy202607_QQQ_v1,0,-0.2,2,30,35,0.35,202606,d35,2,30,time_priority,,max_volume_component,QQQ
QQQ,zero_dte,10:55,655,202606,20260611,0.4580745189849677,-0.6,0.1578008996590572,0.0654872768231949,CALL,0.1578008996590572,0.4580745189849677,d35,event_option_mh30trail_clean1000_frozen2025_select2026_d35_return_deploy202607_QQQ_v1,0,-0.2,2,30,35,0.35,202606,d35,2,30,time_priority,,max_volume_component,QQQ
QQQ,zero_dte,13:20,800,202606,20260611,5.0,-0.6,0.2863296585826421,-0.2988676846365801,CALL,0.2863296585826421,5.0,d35,event_option_mh30trail_clean1000_frozen2025_select2026_d35_return_deploy202607_QQQ_v1,0,-0.2,2,30,35,0.35,202606,d35,2,30,time_priority,,max_volume_component,QQQ
QQQ,zero_dte,10:10,610,202606,20260612,-0.6,0.397058779530596,0.289618914780729,0.5870735974372872,PUT,0.5870735974372872,0.397058779530596,d35,event_option_mh30trail_clean1000_frozen2025_select2026_d35_return_deploy202607_QQQ_v1,0,-0.2,2,30,35,0.35,202606,d35,2,30,time_priority,,max_volume_component,QQQ
QQQ,zero_dte,10:55,655,202606,20260612,0.2647058686033112,-0.6,-0.1756702054045987,0.4706844330608482,PUT,0.4706844330608482,-0.6,d35,event_option_mh30trail_clean1000_frozen2025_select2026_d35_return_deploy202607_QQQ_v1,0,-0.2,2,30,35,0.35,202606,d35,2,30,time_priority,,max_volume_component,QQQ
QQQ,zero_dte,10:05,605,202606,20260615,0.3995726652477704,-0.6,-0.2893050410506123,0.2882595817810043,PUT,0.2882595817810043,-0.6,d35,event_option_mh30trail_clean1000_frozen2025_select2026_d35_return_deploy202607_QQQ_v1,0,-0.2,2,30,35,0.35,202606,d35,2,30,time_priority,,max_volume_component,QQQ
QQQ,zero_dte,10:35,635,202606,20260615,0.3902877660822124,-0.6,-0.345350921168204,0.0770798187304655,PUT,0.0770798187304655,-0.6,d35,event_option_mh30trail_clean1000_frozen2025_select2026_d35_return_deploy202607_QQQ_v1,0,-0.2,2,30,35,0.35,202606,d35,2,30,time_priority,,max_volume_component,QQQ
QQQ,zero_dte,10:10,610,202606,20260616,-0.6,2.5767718161451056,0.1571921774247356,-0.3815701874002739,CALL,0.1571921774247356,-0.6,d35,event_option_mh30trail_clean1000_frozen2025_select2026_d35_return_deploy202607_QQQ_v1,0,-0.2,2,30,35,0.35,202606,d35,2,30,time_priority,,max_volume_component,QQQ
QQQ,zero_dte,10:40,640,202606,20260616,-0.6,0.8749998758236615,0.127753466906158,0.1628996423464118,PUT,0.1628996423464118,0.8749998758236615,d35,event_option_mh30trail_clean1000_frozen2025_select2026_d35_return_deploy202607_QQQ_v1,0,-0.2,2,30,35,0.35,202606,d35,2,30,time_priority,,max_volume_component,QQQ
QQQ,zero_dte,10:00,600,202606,20260617,0.4426605248730175,-0.3933649123088513,0.2551674795063171,0.2024802578684556,CALL,0.2551674795063171,0.4426605248730175,d35,event_option_mh30trail_clean1000_frozen2025_select2026_d35_return_deploy202607_QQQ_v1,0,-0.2,2,30,35,0.35,202606,d35,2,30,time_priority,,max_volume_component,QQQ
QQQ,zero_dte,10:30,630,202606,20260617,-0.6,0.8276256035854668,-0.3703193944888782,0.3427451625333698,PUT,0.3427451625333698,0.8276256035854668,d35,event_option_mh30trail_clean1000_frozen2025_select2026_d35_return_deploy202607_QQQ_v1,0,-0.2,2,30,35,0.35,202606,d35,2,30,time_priority,,max_volume_component,QQQ
QQQ,zero_dte,10:25,625,202606,20260618,-0.6,0.8310810027112057,0.3811896648517047,-0.0295755889314898,CALL,0.3811896648517047,-0.6,d35,event_option_mh30trail_clean1000_frozen2025_select2026_d35_return_deploy202607_QQQ_v1,0,-0.2,2,30,35,0.35,202606,d35,2,30,time_priority,,max_volume_component,QQQ
QQQ,zero_dte,10:55,655,202606,20260618,-0.6,0.4583332257138401,0.1988664042733076,-0.0483772275282707,CALL,0.1988664042733076,-0.6,d35,event_option_mh30trail_clean1000_frozen2025_select2026_d35_return_deploy202607_QQQ_v1,0,-0.2,2,30,35,0.35,202606,d35,2,30,time_priority,,max_volume_component,QQQ
QQQ,zero_dte,10:00,600,202606,20260622,-0.6,1.798951254152631,-0.1826581542285531,0.3485779661614923,PUT,0.3485779661614923,1.798951254152631,d35,event_option_mh30trail_clean1000_frozen2025_select2026_d35_return_deploy202607_QQQ_v1,0,-0.2,2,30,35,0.35,202606,d35,2,30,time_priority,,max_volume_component,QQQ
QQQ,zero_dte,10:30,630,202606,20260622,-0.6,0.5762712433741606,-0.0632318406719297,-0.0627553320596894,PUT,-0.0627553320596894,0.5762712433741606,d35,event_option_mh30trail_clean1000_frozen2025_select2026_d35_return_deploy202607_QQQ_v1,0,-0.2,2,30,35,0.35,202606,d35,2,30,time_priority,,max_volume_component,QQQ
QQQ,zero_dte,10:20,620,202606,20260623,-0.6,0.8706896764344747,-0.0715890795510497,0.3632684148775632,PUT,0.3632684148775632,0.8706896764344747,d35,event_option_mh30trail_clean1000_frozen2025_select2026_d35_return_deploy202607_QQQ_v1,0,-0.2,2,30,35,0.35,202606,d35,2,30,time_priority,,max_volume_component,QQQ
QQQ,zero_dte,10:20,620,202606,20260624,1.6781437078729886,-0.6,0.1594382764016192,0.1996541496875074,PUT,0.1996541496875074,-0.6,d35,event_option_mh30trail_clean1000_frozen2025_select2026_d35_return_deploy202607_QQQ_v1,0,-0.2,2,30,35,0.35,202606,d35,2,30,time_priority,,max_volume_component,QQQ
QQQ,zero_dte,10:50,650,202606,20260624,-0.6,0.3562499343417595,0.0930505339298013,-0.1448428463478384,CALL,0.0930505339298013,-0.6,d35,event_option_mh30trail_clean1000_frozen2025_select2026_d35_return_deploy202607_QQQ_v1,0,-0.2,2,30,35,0.35,202606,d35,2,30,time_priority,,max_volume_component,QQQ
QQQ,zero_dte,10:20,620,202606,20260626,-0.6,0.6123187986398739,0.1304940727205344,0.2521742682322588,PUT,0.2521742682322588,0.6123187986398739,d35,event_option_mh30trail_clean1000_frozen2025_select2026_d35_return_deploy202607_QQQ_v1,0,-0.2,2,30,35,0.35,202606,d35,2,30,time_priority,,max_volume_component,QQQ
QQQ,zero_dte,11:30,690,202606,20260626,-0.6,0.504545368832992,0.3475076046274644,-0.1287798978052149,CALL,0.3475076046274644,-0.6,d35,event_option_mh30trail_clean1000_frozen2025_select2026_d35_return_deploy202607_QQQ_v1,0,-0.2,2,30,35,0.35,202606,d35,2,30,time_priority,,max_volume_component,QQQ
QQQ,zero_dte,11:30,690,202606,20260629,0.4262589551691593,-0.6,-0.1840421946371164,0.4066123537843256,PUT,0.4066123537843256,-0.6,d35,event_option_mh30trail_clean1000_frozen2025_select2026_d35_return_deploy202607_QQQ_v1,0,-0.2,2,30,35,0.35,202606,d35,2,30,time_priority,,max_volume_component,QQQ
QQQ,zero_dte,12:00,720,202606,20260629,0.2500000931322594,-0.6,0.2171202518148591,0.0385908937129657,CALL,0.2171202518148591,0.2500000931322594,d35,event_option_mh30trail_clean1000_frozen2025_select2026_d35_return_deploy202607_QQQ_v1,0,-0.2,2,30,35,0.35,202606,d35,2,30,time_priority,,max_volume_component,QQQ
QQQ,zero_dte,10:05,605,202606,20260630,0.4960317970914067,-0.6,-0.1383210906336525,0.1105458196159887,PUT,0.1105458196159887,-0.6,d35,event_option_mh30trail_clean1000_frozen2025_select2026_d35_return_deploy202607_QQQ_v1,0,-0.2,2,30,35,0.35,202606,d35,2,30,time_priority,,max_volume_component,QQQ
QQQ,zero_dte,10:35,635,202606,20260630,0.4532966018083,0.75,-0.2647503471831984,0.1276117878626862,PUT,0.1276117878626862,0.75,d35,event_option_mh30trail_clean1000_frozen2025_select2026_d35_return_deploy202607_QQQ_v1,0,-0.2,2,30,35,0.35,202606,d35,2,30,time_priority,,max_volume_component,QQQ
SPXW,zero_dte,11:35,695,202601,20260102,-0.6,1.0192308891454438,-0.0378651364042695,0.3799784893035915,PUT,0.3799784893035915,1.0192308891454438,d25,event_option_mh30trail_clean1000_frozen2025_select2026_d25_return_deploy202607_SPXW_v1,0,0.3,2,30,25,0.25,202601,d25,999,0,time_priority,,max_volume_component,SPXW
SPXW,zero_dte,12:55,775,202601,20260102,-0.6,0.3124999767169361,0.3114226065838145,0.0066692116812036,CALL,0.3114226065838145,-0.6,d25,event_option_mh30trail_clean1000_frozen2025_select2026_d25_return_deploy202607_SPXW_v1,0,0.3,2,30,25,0.25,202601,d25,999,0,time_priority,,max_volume_component,SPXW
SPXW,zero_dte,13:00,780,202601,20260102,-0.6,0.615384647126735,0.3232833725915713,0.0472956320192801,CALL,0.3232833725915713,-0.6,d25,event_option_mh30trail_clean1000_frozen2025_select2026_d25_return_deploy202607_SPXW_v1,0,0.3,2,30,25,0.25,202601,d25,999,0,time_priority,,max_volume_component,SPXW
SPXW,zero_dte,13:05,785,202601,20260102,-0.6,0.4921052549024036,0.3008076986324218,0.1083694463327913,CALL,0.3008076986324218,-0.6,d25,event_option_mh30trail_clean1000_frozen2025_select2026_d25_return_deploy202607_SPXW_v1,0,0.3,2,30,25,0.25,202601,d25,999,0,time_priority,,max_volume_component,SPXW
SPXW,zero_dte,13:15,795,202601,20260102,1.021186339310689,0.6893939963166495,0.317994991352925,-0.1987050854867636,CALL,0.317994991352925,1.021186339310689,d25,event_option_mh30trail_clean1000_frozen2025_select2026_d25_return_deploy202607_SPXW_v1,0,0.3,2,30,25,0.25,202601,d25,999,0,time_priority,,max_volume_component,SPXW
SPXW,zero_dte,13:20,800,202601,20260102,-0.6,1.5833333333333337,0.317203161786181,0.1645927965312063,CALL,0.317203161786181,-0.6,d25,event_option_mh30trail_clean1000_frozen2025_select2026_d25_return_deploy202607_SPXW_v1,0,0.3,2,30,25,0.25,202601,d25,999,0,time_priority,,max_volume_component,SPXW
SPXW,zero_dte,12:30,750,202601,20260105,-0.6,0.7925533555438005,0.361977137772804,-0.2174817225511339,CALL,0.361977137772804,-0.6,d25,event_option_mh30trail_clean1000_frozen2025_select2026_d25_return_deploy202607_SPXW_v1,0,0.3,2,30,25,0.25,202601,d25,999,0,time_priority,,max_volume_component,SPXW
SPXW,zero_dte,12:35,755,202601,20260105,-0.6,0.3055555555555556,0.3175746956190724,-0.0945772203122352,CALL,0.3175746956190724,-0.6,d25,event_option_mh30trail_clean1000_frozen2025_select2026_d25_return_deploy202607_SPXW_v1,0,0.3,2,30,25,0.25,202601,d25,999,0,time_priority,,max_volume_component,SPXW
SPXW,zero_dte,12:45,765,202601,20260105,0.3214286322496384,0.2717391619835556,0.3580182142531545,-0.0824921149328766,CALL,0.3580182142531545,0.3214286322496384,d25,event_option_mh30trail_clean1000_frozen2025_select2026_d25_return_deploy202607_SPXW_v1,0,0.3,2,30,25,0.25,202601,d25,999,0,time_priority,,max_volume_component,SPXW
SPXW,zero_dte,12:50,770,202601,20260105,-0.6,1.2857142948374456,0.313131497975836,0.0282816124867246,CALL,0.313131497975836,-0.6,d25,event_option_mh30trail_clean1000_frozen2025_select2026_d25_return_deploy202607_SPXW_v1,0,0.3,2,30,25,0.25,202601,d25,999,0,time_priority,,max_volume_component,SPXW
SPXW,zero_dte,12:55,775,202601,20260105,-0.6,0.9318182212262104,0.3413410679333099,-0.0789637155499532,CALL,0.3413410679333099,-0.6,d25,event_option_mh30trail_clean1000_frozen2025_select2026_d25_return_deploy202607_SPXW_v1,0,0.3,2,30,25,0.25,202601,d25,999,0,time_priority,,max_volume_component,SPXW
SPXW,zero_dte,13:00,780,202601,20260105,-0.6,1.344594664256706,0.3440460816342054,-0.0982459272926517,CALL,0.3440460816342054,-0.6,d25,event_option_mh30trail_clean1000_frozen2025_select2026_d25_return_deploy202607_SPXW_v1,0,0.3,2,30,25,0.25,202601,d25,999,0,time_priority,,max_volume_component,SPXW
SPXW,zero_dte,13:10,790,202601,20260105,-0.6,1.2763159215615412,0.4311450134762957,-0.1250046376441094,CALL,0.4311450134762957,-0.6,d25,event_option_mh30trail_clean1000_frozen2025_select2026_d25_return_deploy202607_SPXW_v1,0,0.3,2,30,25,0.25,202601,d25,999,0,time_priority,,max_volume_component,SPXW
SPXW,zero_dte,13:15,795,202601,20260105,-0.6,-0.6,0.3310570619282703,-0.377628394652809,CALL,0.3310570619282703,-0.6,d25,event_option_mh30trail_clean1000_frozen2025_select2026_d25_return_deploy202607_SPXW_v1,0,0.3,2,30,25,0.25,202601,d25,999,0,time_priority,,max_volume_component,SPXW
SPXW,zero_dte,10:35,635,202601,20260106,-0.6,1.2923728402610903,-0.2794622143409033,0.43498672011426,PUT,0.43498672011426,1.2923728402610903,d25,event_option_mh30trail_clean1000_frozen2025_select2026_d25_return_deploy202607_SPXW_v1,0,0.3,2,30,25,0.25,202601,d25,999,0,time_priority,,max_volume_component,SPXW
SPXW,zero_dte,11:40,700,202601,20260106,0.9722221829763664,0.3017240869020894,0.3783836444196539,0.0003679492548535,CALL,0.3783836444196539,0.9722221829763664,d25,event_option_mh30trail_clean1000_frozen2025_select2026_d25_return_deploy202607_SPXW_v1,0,0.3,2,30,25,0.25,202601,d25,999,0,time_priority,,max_volume_component,SPXW
SPXW,zero_dte,11:55,715,202601,20260106,3.05769239233796,-0.6,0.3959175580310208,-0.1844151481294823,CALL,0.3959175580310208,3.05769239233796,d25,event_option_mh30trail_clean1000_frozen2025_select2026_d25_return_deploy202607_SPXW_v1,0,0.3,2,30,25,0.25,202601,d25,999,0,time_priority,,max_volume_component,SPXW
SPXW,zero_dte,12:05,725,202601,20260106,2.238371938289734,-0.6,0.3734343485197302,-0.0356706125237029,CALL,0.3734343485197302,2.238371938289734,d25,event_option_mh30trail_clean1000_frozen2025_select2026_d25_return_deploy202607_SPXW_v1,0,0.3,2,30,25,0.25,202601,d25,999,0,time_priority,,max_volume_component,SPXW
SPXW,zero_dte,10:40,640,202601,20260107,0.3951613101701217,-0.6,-0.0382291101155179,0.4243593067375714,PUT,0.4243593067375714,-0.6,d25,event_option_mh30trail_clean1000_frozen2025_select2026_d25_return_deploy202607_SPXW_v1,0,0.3,2,30,25,0.25,202601,d25,999,0,time_priority,,max_volume_component,SPXW
SPXW,zero_dte,10:55,655,202601,20260107,0.2588756603418498,-0.6,-0.4990406778374212,0.3496377093063896,PUT,0.3496377093063896,-0.6,d25,event_option_mh30trail_clean1000_frozen2025_select2026_d25_return_deploy202607_SPXW_v1,0,0.3,2,30,25,0.25,202601,d25,999,0,time_priority,,max_volume_component,SPXW
SPXW,zero_dte,11:40,700,202601,20260107,2.1944444542559083,-0.6,-0.2314594530243719,0.3219666524949117,PUT,0.3219666524949117,-0.6,d25,event_option_mh30trail_clean1000_frozen2025_select2026_d25_return_deploy202607_SPXW_v1,0,0.3,2,30,25,0.25,202601,d25,999,0,time_priority,,max_volume_component,SPXW
SPXW,zero_dte,10:05,605,202601,20260108,0.2990196555085211,-0.6,-0.617943136401448,0.4550015533733418,PUT,0.4550015533733418,-0.6,d25,event_option_mh30trail_clean1000_frozen2025_select2026_d25_return_deploy202607_SPXW_v1,0,0.3,2,30,25,0.25,202601,d25,999,0,time_priority,,max_volume_component,SPXW
SPXW,zero_dte,10:10,610,202601,20260108,-0.6,0.3716216017181604,-0.6366711772394201,0.3245556913648962,PUT,0.3245556913648962,0.3716216017181604,d25,event_option_mh30trail_clean1000_frozen2025_select2026_d25_return_deploy202607_SPXW_v1,0,0.3,2,30,25,0.25,202601,d25,999,0,time_priority,,max_volume_component,SPXW
SPXW,zero_dte,10:15,615,202601,20260108,-0.6,0.4256756025304589,-0.654238554972635,0.5017489336429668,PUT,0.5017489336429668,0.4256756025304589,d25,event_option_mh30trail_clean1000_frozen2025_select2026_d25_return_deploy202607_SPXW_v1,0,0.3,2,30,25,0.25,202601,d25,999,0,time_priority,,max_volume_component,SPXW
SPXW,zero_dte,10:20,620,202601,20260108,-0.6,0.4239130367178094,-0.566308964493394,0.3225730097401139,PUT,0.3225730097401139,0.4239130367178094,d25,event_option_mh30trail_clean1000_frozen2025_select2026_d25_return_deploy202607_SPXW_v1,0,0.3,2,30,25,0.25,202601,d25,999,0,time_priority,,max_volume_component,SPXW
SPXW,zero_dte,10:25,625,202601,20260108,-0.6,0.703488196728365,-0.6343377933639799,0.5642560618750792,PUT,0.5642560618750792,0.703488196728365,d25,event_option_mh30trail_clean1000_frozen2025_select2026_d25_return_deploy202607_SPXW_v1,0,0.3,2,30,25,0.25,202601,d25,999,0,time_priority,,max_volume_component,SPXW
SPXW,zero_dte,10:30,630,202601,20260108,-0.6,0.3387850750501593,-0.5859786910348541,0.4343335571949434,PUT,0.4343335571949434,0.3387850750501593,d25,event_option_mh30trail_clean1000_frozen2025_select2026_d25_return_deploy202607_SPXW_v1,0,0.3,2,30,25,0.25,202601,d25,999,0,time_priority,,max_volume_component,SPXW
SPXW,zero_dte,10:35,635,202601,20260108,0.3088235417864311,-0.6,-0.574000087548647,0.5111505693077056,PUT,0.5111505693077056,-0.6,d25,event_option_mh30trail_clean1000_frozen2025_select2026_d25_return_deploy202607_SPXW_v1,0,0.3,2,30,25,0.25,202601,d25,999,0,time_priority,,max_volume_component,SPXW
SPXW,zero_dte,10:40,640,202601,20260108,-0.6,0.5878378657026824,-0.6867049406968571,0.5061283768477914,PUT,0.5061283768477914,0.5878378657026824,d25,event_option_mh30trail_clean1000_frozen2025_select2026_d25_return_deploy202607_SPXW_v1,0,0.3,2,30,25,0.25,202601,d25,999,0,time_priority,,max_volume_component,SPXW
SPXW,zero_dte,10:45,645,202601,20260108,-0.6,0.7738096157169165,-0.4940132877183401,0.3508920746310154,PUT,0.3508920746310154,0.7738096157169165,d25,event_option_mh30trail_clean1000_frozen2025_select2026_d25_return_deploy202607_SPXW_v1,0,0.3,2,30,25,0.25,202601,d25,999,0,time_priority,,max_volume_component,SPXW
SPXW,zero_dte,10:50,650,202601,20260108,0.3093219763655261,0.2611111534966364,-0.4989495942930073,0.3893792398846024,PUT,0.3893792398846024,0.2611111534966364,d25,event_option_mh30trail_clean1000_frozen2025_select2026_d25_return_deploy202607_SPXW_v1,0,0.3,2,30,25,0.25,202601,d25,999,0,time_priority,,max_volume_component,SPXW
SPXW,zero_dte,11:00,660,202601,20260108,-0.6,0.8888888925681879,-0.5552101805737938,0.3925383602048822,PUT,0.3925383602048822,0.8888888925681879,d25,event_option_mh30trail_clean1000_frozen2025_select2026_d25_return_deploy202607_SPXW_v1,0,0.3,2,30,25,0.25,202601,d25,999,0,time_priority,,max_volume_component,SPXW
SPXW,zero_dte,11:20,680,202601,20260108,0.4939293001051883,0.5833333554091282,-0.4570065587385011,0.3414995560376846,PUT,0.3414995560376846,0.5833333554091282,d25,event_option_mh30trail_clean1000_frozen2025_select2026_d25_return_deploy202607_SPXW_v1,0,0.3,2,30,25,0.25,202601,d25,999,0,time_priority,,max_volume_component,SPXW
SPXW,zero_dte,11:25,685,202601,20260108,0.3841463329535306,0.3597561117441157,-0.3231077069791713,0.360787474792949,PUT,0.360787474792949,0.3597561117441157,d25,event_option_mh30trail_clean1000_frozen2025_select2026_d25_return_deploy202607_SPXW_v1,0,0.3,2,30,25,0.25,202601,d25,999,0,time_priority,,max_volume_component,SPXW
SPXW,zero_dte,11:40,700,202601,20260108,0.3081394214124715,-0.6,-0.432634351202818,0.3233883521600695,PUT,0.3233883521600695,-0.6,d25,event_option_mh30trail_clean1000_frozen2025_select2026_d25_return_deploy202607_SPXW_v1,0,0.3,2,30,25,0.25,202601,d25,999,0,time_priority,,max_volume_component,SPXW
SPXW,zero_dte,11:55,715,202601,20260108,0.5166667302449544,-0.6,-0.4292002979948251,0.3472404587859469,PUT,0.3472404587859469,-0.6,d25,event_option_mh30trail_clean1000_frozen2025_select2026_d25_return_deploy202607_SPXW_v1,0,0.3,2,30,25,0.25,202601,d25,999,0,time_priority,,max_volume_component,SPXW
SPXW,zero_dte,12:20,740,202601,20260108,0.2997076235384663,0.4264704851130743,-0.4074313321107956,0.3448305488581066,PUT,0.3448305488581066,0.4264704851130743,d25,event_option_mh30trail_clean1000_frozen2025_select2026_d25_return_deploy202607_SPXW_v1,0,0.3,2,30,25,0.25,202601,d25,999,0,time_priority,,max_volume_component,SPXW
SPXW,zero_dte,12:40,760,202601,20260108,0.4062500349245961,0.3942953234916064,-0.4090830229852007,0.3021043584874786,PUT,0.3021043584874786,0.3942953234916064,d25,event_option_mh30trail_clean1000_frozen2025_select2026_d25_return_deploy202607_SPXW_v1,0,0.3,2,30,25,0.25,202601,d25,999,0,time_priority,,max_volume_component,SPXW
SPXW,zero_dte,13:05,785,202601,20260112,0.3597561117441157,-0.6,-0.4172574690395073,0.3148823384898431,PUT,0.3148823384898431,-0.6,d25,event_option_mh30trail_clean1000_frozen2025_select2026_d25_return_deploy202607_SPXW_v1,0,0.3,2,30,25,0.25,202601,d25,999,0,time_priority,,max_volume_component,SPXW
SPXW,zero_dte,13:10,790,202601,20260112,0.2728426174777274,-0.6,-0.46636122910484,0.3639772477603978,PUT,0.3639772477603978,-0.6,d25,event_option_mh30trail_clean1000_frozen2025_select2026_d25_return_deploy202607_SPXW_v1,0,0.3,2,30,25,0.25,202601,d25,999,0,time_priority,,max_volume_component,SPXW
SPXW,zero_dte,10:10,610,202601,20260113,-0.6,0.5185185226066285,-0.5337589145664103,0.5187172707268568,PUT,0.5187172707268568,0.5185185226066285,d25,event_option_mh30trail_clean1000_frozen2025_select2026_d25_return_deploy202607_SPXW_v1,0,0.3,2,30,25,0.25,202601,d25,999,0,time_priority,,max_volume_component,SPXW
SPXW,zero_dte,10:15,615,202601,20260113,-0.6,0.4254386860174441,-0.6147491386524255,0.413201915617869,PUT,0.413201915617869,0.4254386860174441,d25,event_option_mh30trail_clean1000_frozen2025_select2026_d25_return_deploy202607_SPXW_v1,0,0.3,2,30,25,0.25,202601,d25,999,0,time_priority,,max_volume_component,SPXW
SPXW,zero_dte,10:20,620,202601,20260113,-0.6,-0.6,-0.4926063437216115,0.3073439284281009,PUT,0.3073439284281009,-0.6,d25,event_option_mh30trail_clean1000_frozen2025_select2026_d25_return_deploy202607_SPXW_v1,0,0.3,2,30,25,0.25,202601,d25,999,0,time_priority,,max_volume_component,SPXW
SPXW,zero_dte,10:25,625,202601,20260113,0.5224867354434892,-0.6,-0.1462465901750123,0.3632136574879619,PUT,0.3632136574879619,-0.6,d25,event_option_mh30trail_clean1000_frozen2025_select2026_d25_return_deploy202607_SPXW_v1,0,0.3,2,30,25,0.25,202601,d25,999,0,time_priority,,max_volume_component,SPXW
SPXW,zero_dte,10:30,630,202601,20260113,0.272727196374217,-0.6,-0.1590582086954681,0.4694303232957919,PUT,0.4694303232957919,-0.6,d25,event_option_mh30trail_clean1000_frozen2025_select2026_d25_return_deploy202607_SPXW_v1,0,0.3,2,30,25,0.25,202601,d25,999,0,time_priority,,max_volume_component,SPXW
SPXW,zero_dte,11:55,715,202601,20260113,-0.6,0.9785714830671036,-0.5927108481823937,0.3840077538930866,PUT,0.3840077538930866,0.9785714830671036,d25,event_option_mh30trail_clean1000_frozen2025_select2026_d25_return_deploy202607_SPXW_v1,0,0.3,2,30,25,0.25,202601,d25,999,0,time_priority,,max_volume_component,SPXW
SPXW,zero_dte,12:00,720,202601,20260113,-0.6,1.2370690288604669,-0.3895646147620896,0.432450693343011,PUT,0.432450693343011,1.2370690288604669,d25,event_option_mh30trail_clean1000_frozen2025_select2026_d25_return_deploy202607_SPXW_v1,0,0.3,2,30,25,0.25,202601,d25,999,0,time_priority,,max_volume_component,SPXW
SPXW,zero_dte,12:05,725,202601,20260113,-0.6,2.2833334604899087,-0.3609930469778128,0.5593848307110892,PUT,0.5593848307110892,2.2833334604899087,d25,event_option_mh30trail_clean1000_frozen2025_select2026_d25_return_deploy202607_SPXW_v1,0,0.3,2,30,25,0.25,202601,d25,999,0,time_priority,,max_volume_component,SPXW
SPXW,zero_dte,12:10,730,202601,20260113,-0.6,1.557017637788794,-0.2532905041701679,0.4790806435880274,PUT,0.4790806435880274,1.557017637788794,d25,event_option_mh30trail_clean1000_frozen2025_select2026_d25_return_deploy202607_SPXW_v1,0,0.3,2,30,25,0.25,202601,d25,999,0,time_priority,,max_volume_component,SPXW
SPXW,zero_dte,12:55,775,202601,20260113,-0.6,0.4166666259113549,-0.4359419417191198,0.5707145922583595,PUT,0.5707145922583595,0.4166666259113549,d25,event_option_mh30trail_clean1000_frozen2025_select2026_d25_return_deploy202607_SPXW_v1,0,0.3,2,30,25,0.25,202601,d25,999,0,time_priority,,max_volume_component,SPXW
SPXW,zero_dte,10:15,615,202601,20260114,-0.6,1.5346154433030348,-0.4320857844733813,0.3714431604193287,PUT,0.3714431604193287,1.5346154433030348,d25,event_option_mh30trail_clean1000_frozen2025_select2026_d25_return_deploy202607_SPXW_v1,0,0.3,2,30,25,0.25,202601,d25,999,0,time_priority,,max_volume_component,SPXW
SPXW,zero_dte,10:35,635,202601,20260114,-0.6,0.7100000381469727,-0.5692306243728178,0.5831278523241312,PUT,0.5831278523241312,0.7100000381469727,d25,event_option_mh30trail_clean1000_frozen2025_select2026_d25_return_deploy202607_SPXW_v1,0,0.3,2,30,25,0.25,202601,d25,999,0,time_priority,,max_volume_component,SPXW
SPXW,zero_dte,10:50,650,202601,20260114,0.75,-0.6,-0.0458251996343455,0.3186761322004741,PUT,0.3186761322004741,-0.6,d25,event_option_mh30trail_clean1000_frozen2025_select2026_d25_return_deploy202607_SPXW_v1,0,0.3,2,30,25,0.25,202601,d25,999,0,time_priority,,max_volume_component,SPXW
SPXW,zero_dte,11:05,665,202601,20260114,1.0568180451215825,-0.6,-0.5981815568065989,0.3216150497690478,PUT,0.3216150497690478,-0.6,d25,event_option_mh30trail_clean1000_frozen2025_select2026_d25_return_deploy202607_SPXW_v1,0,0.3,2,30,25,0.25,202601,d25,999,0,time_priority,,max_volume_component,SPXW
SPXW,zero_dte,11:10,670,202601,20260114,1.671348439820898,-0.6,-0.6355235145951714,0.4017436342565346,PUT,0.4017436342565346,-0.6,d25,event_option_mh30trail_clean1000_frozen2025_select2026_d25_return_deploy202607_SPXW_v1,0,0.3,2,30,25,0.25,202601,d25,999,0,time_priority,,max_volume_component,SPXW
SPXW,zero_dte,12:15,735,202601,20260114,-0.6,-0.6,-0.5441479318562066,0.4048808705291198,PUT,0.4048808705291198,-0.6,d25,event_option_mh30trail_clean1000_frozen2025_select2026_d25_return_deploy202607_SPXW_v1,0,0.3,2,30,25,0.25,202601,d25,999,0,time_priority,,max_volume_component,SPXW
SPXW,zero_dte,12:40,760,202601,20260114,0.3397435019629184,-0.6,0.316889377498104,0.0674993965104733,CALL,0.316889377498104,0.3397435019629184,d25,event_option_mh30trail_clean1000_frozen2025_select2026_d25_return_deploy202607_SPXW_v1,0,0.3,2,30,25,0.25,202601,d25,999,0,time_priority,,max_volume_component,SPXW
SPXW,zero_dte,12:55,775,202601,20260114,0.2997076235384663,-0.6,0.3411221704958862,-0.0111651692150851,CALL,0.3411221704958862,0.2997076235384663,d25,event_option_mh30trail_clean1000_frozen2025_select2026_d25_return_deploy202607_SPXW_v1,0,0.3,2,30,25,0.25,202601,d25,999,0,time_priority,,max_volume_component,SPXW
SPXW,zero_dte,13:25,805,202601,20260114,0.7100000381469727,0.4274193449149392,0.3204966175479586,0.0531927469953497,CALL,0.3204966175479586,0.7100000381469727,d25,event_option_mh30trail_clean1000_frozen2025_select2026_d25_return_deploy202607_SPXW_v1,0,0.3,2,30,25,0.25,202601,d25,999,0,time_priority,,max_volume_component,SPXW
SPXW,zero_dte,10:00,600,202601,20260115,0.29040400148253,-0.6,0.0899843982712065,0.3387210979980381,PUT,0.3387210979980381,-0.6,d25,event_option_mh30trail_clean1000_frozen2025_select2026_d25_return_deploy202607_SPXW_v1,0,0.3,2,30,25,0.25,202601,d25,999,0,time_priority,,max_volume_component,SPXW
SPXW,zero_dte,10:05,605,202601,20260115,0.5887096724574696,-0.6,-0.1987186883369579,0.5267354382350554,PUT,0.5267354382350554,-0.6,d25,event_option_mh30trail_clean1000_frozen2025_select2026_d25_return_deploy202607_SPXW_v1,0,0.3,2,30,25,0.25,202601,d25,999,0,time_priority,,max_volume_component,SPXW
SPXW,zero_dte,10:10,610,202601,20260115,0.6629032292797712,-0.6,-0.0413457178692979,0.3777091746596955,PUT,0.3777091746596955,-0.6,d25,event_option_mh30trail_clean1000_frozen2025_select2026_d25_return_deploy202607_SPXW_v1,0,0.3,2,30,25,0.25,202601,d25,999,0,time_priority,,max_volume_component,SPXW
SPXW,zero_dte,10:15,615,202601,20260115,0.5469696709166103,0.2606383388859501,-0.0193077009555943,0.4252861273124056,PUT,0.4252861273124056,0.2606383388859501,d25,event_option_mh30trail_clean1000_frozen2025_select2026_d25_return_deploy202607_SPXW_v1,0,0.3,2,30,25,0.25,202601,d25,999,0,time_priority,,max_volume_component,SPXW
SPXW,zero_dte,10:20,620,202601,20260115,0.4298866505384038,0.272727196374217,-0.0128037249086918,0.4674831778244751,PUT,0.4674831778244751,0.272727196374217,d25,event_option_mh30trail_clean1000_frozen2025_select2026_d25_return_deploy202607_SPXW_v1,0,0.3,2,30,25,0.25,202601,d25,999,0,time_priority,,max_volume_component,SPXW
SPXW,zero_dte,10:25,625,202601,20260115,0.5277777777777777,0.4166666372322747,-0.6416828655740613,0.4439138590133701,PUT,0.4439138590133701,0.4166666372322747,d25,event_option_mh30trail_clean1000_frozen2025_select2026_d25_return_deploy202607_SPXW_v1,0,0.3,2,30,25,0.25,202601,d25,999,0,time_priority,,max_volume_component,SPXW
SPXW,zero_dte,10:30,630,202601,20260115,0.2749999761581421,0.8055556365001371,-0.1278624071486841,0.3567245809101326,PUT,0.3567245809101326,0.8055556365001371,d25,event_option_mh30trail_clean1000_frozen2025_select2026_d25_return_deploy202607_SPXW_v1,0,0.3,2,30,25,0.25,202601,d25,999,0,time_priority,,max_volume_component,SPXW
SPXW,zero_dte,10:40,640,202601,20260115,-0.6,1.5,-0.5720220504041559,0.3768535798263081,PUT,0.3768535798263081,1.5,d25,event_option_mh30trail_clean1000_frozen2025_select2026_d25_return_deploy202607_SPXW_v1,0,0.3,2,30,25,0.25,202601,d25,999,0,time_priority,,max_volume_component,SPXW
SPXW,zero_dte,10:45,645,202601,20260115,0.5466102051070552,0.394444465637207,-0.0043821546732247,0.4274329030813336,PUT,0.4274329030813336,0.394444465637207,d25,event_option_mh30trail_clean1000_frozen2025_select2026_d25_return_deploy202607_SPXW_v1,0,0.3,2,30,25,0.25,202601,d25,999,0,time_priority,,max_volume_component,SPXW
SPXW,zero_dte,10:50,650,202601,20260115,0.9166667770456414,-0.6,-0.0829931335741088,0.3948397004748606,PUT,0.3948397004748606,-0.6,d25,event_option_mh30trail_clean1000_frozen2025_select2026_d25_return_deploy202607_SPXW_v1,0,0.3,2,30,25,0.25,202601,d25,999,0,time_priority,,max_volume_component,SPXW
SPXW,zero_dte,10:55,655,202601,20260115,1.0921051921606717,-0.6,0.2945680572193595,0.3783113028975309,PUT,0.3783113028975309,-0.6,d25,event_option_mh30trail_clean1000_frozen2025_select2026_d25_return_deploy202607_SPXW_v1,0,0.3,2,30,25,0.25,202601,d25,999,0,time_priority,,max_volume_component,SPXW
SPXW,zero_dte,11:10,670,202601,20260115,-0.6,-0.6,-0.4406658084027957,0.4072725404217638,PUT,0.4072725404217638,-0.6,d25,event_option_mh30trail_clean1000_frozen2025_select2026_d25_return_deploy202607_SPXW_v1,0,0.3,2,30,25,0.25,202601,d25,999,0,time_priority,,max_volume_component,SPXW
SPXW,zero_dte,10:00,600,202601,20260116,-0.6,0.3189655314160862,-0.575822339686284,0.4628662694821807,PUT,0.4628662694821807,0.3189655314160862,d25,event_option_mh30trail_clean1000_frozen2025_select2026_d25_return_deploy202607_SPXW_v1,0,0.3,2,30,25,0.25,202601,d25,999,0,time_priority,,max_volume_component,SPXW
SPXW,zero_dte,10:05,605,202601,20260116,-0.6,0.8409091922440268,-0.6340520191964906,0.5897447984860247,PUT,0.5897447984860247,0.8409091922440268,d25,event_option_mh30trail_clean1000_frozen2025_select2026_d25_return_deploy202607_SPXW_v1,0,0.3,2,30,25,0.25,202601,d25,999,0,time_priority,,max_volume_component,SPXW
SPXW,zero_dte,10:10,610,202601,20260116,-0.6,1.6287879913822518,-0.37114622186781,0.4877598012501756,PUT,0.4877598012501756,1.6287879913822518,d25,event_option_mh30trail_clean1000_frozen2025_select2026_d25_return_deploy202607_SPXW_v1,0,0.3,2,30,25,0.25,202601,d25,999,0,time_priority,,max_volume_component,SPXW
SPXW,zero_dte,10:15,615,202601,20260116,-0.6,1.6785716069798973,-0.6065161812734682,0.4120983917989835,PUT,0.4120983917989835,1.6785716069798973,d25,event_option_mh30trail_clean1000_frozen2025_select2026_d25_return_deploy202607_SPXW_v1,0,0.3,2,30,25,0.25,202601,d25,999,0,time_priority,,max_volume_component,SPXW
SPXW,zero_dte,10:45,645,202601,20260116,0.9704546013646862,-0.6,-0.5280765451722119,0.3342877162386328,PUT,0.3342877162386328,-0.6,d25,event_option_mh30trail_clean1000_frozen2025_select2026_d25_return_deploy202607_SPXW_v1,0,0.3,2,30,25,0.25,202601,d25,999,0,time_priority,,max_volume_component,SPXW
SPXW,zero_dte,10:25,625,202601,20260120,-0.6,-0.6,-0.3764265441771589,0.5631549577328625,PUT,0.5631549577328625,-0.6,d25,event_option_mh30trail_clean1000_frozen2025_select2026_d25_return_deploy202607_SPXW_v1,0,0.3,2,30,25,0.25,202601,d25,999,0,time_priority,,max_volume_component,SPXW
SPXW,zero_dte,10:30,630,202601,20260120,-0.6,0.3145161463988564,-0.4315925801893451,0.3731402133902531,PUT,0.3731402133902531,0.3145161463988564,d25,event_option_mh30trail_clean1000_frozen2025_select2026_d25_return_deploy202607_SPXW_v1,0,0.3,2,30,25,0.25,202601,d25,999,0,time_priority,,max_volume_component,SPXW
SPXW,zero_dte,10:40,640,202601,20260120,-0.6,0.3706895361048752,0.0331696371224234,0.3874956774512659,PUT,0.3874956774512659,0.3706895361048752,d25,event_option_mh30trail_clean1000_frozen2025_select2026_d25_return_deploy202607_SPXW_v1,0,0.3,2,30,25,0.25,202601,d25,999,0,time_priority,,max_volume_component,SPXW
SPXW,zero_dte,11:35,695,202601,20260120,-0.6,0.7948980128055103,0.3337405694369309,0.1704591716131175,CALL,0.3337405694369309,-0.6,d25,event_option_mh30trail_clean1000_frozen2025_select2026_d25_return_deploy202607_SPXW_v1,0,0.3,2,30,25,0.25,202601,d25,999,0,time_priority,,max_volume_component,SPXW
SPXW,zero_dte,11:50,710,202601,20260120,-0.6,0.8891752437952793,0.3541913707679341,-0.0357406453797835,CALL,0.3541913707679341,-0.6,d25,event_option_mh30trail_clean1000_frozen2025_select2026_d25_return_deploy202607_SPXW_v1,0,0.3,2,30,25,0.25,202601,d25,999,0,time_priority,,max_volume_component,SPXW
SPXW,zero_dte,12:00,720,202601,20260120,-0.6,1.1623711421292322,0.4194804841611628,0.0187231357589274,CALL,0.4194804841611628,-0.6,d25,event_option_mh30trail_clean1000_frozen2025_select2026_d25_return_deploy202607_SPXW_v1,0,0.3,2,30,25,0.25,202601,d25,999,0,time_priority,,max_volume_component,SPXW
SPXW,zero_dte,12:05,725,202601,20260120,-0.6,1.0100000381469725,0.3784287109134927,-0.1361218043472365,CALL,0.3784287109134927,-0.6,d25,event_option_mh30trail_clean1000_frozen2025_select2026_d25_return_deploy202607_SPXW_v1,0,0.3,2,30,25,0.25,202601,d25,999,0,time_priority,,max_volume_component,SPXW
SPXW,zero_dte,12:30,750,202601,20260120,-0.6,0.7860360004309577,0.3956543815593714,-0.26643011231214,CALL,0.3956543815593714,-0.6,d25,event_option_mh30trail_clean1000_frozen2025_select2026_d25_return_deploy202607_SPXW_v1,0,0.3,2,30,25,0.25,202601,d25,999,0,time_priority,,max_volume_component,SPXW
SPXW,zero_dte,12:35,755,202601,20260120,-0.6,0.5047169539715406,0.5620215621177337,-0.1408514842103274,CALL,0.5620215621177337,-0.6,d25,event_option_mh30trail_clean1000_frozen2025_select2026_d25_return_deploy202607_SPXW_v1,0,0.3,2,30,25,0.25,202601,d25,999,0,time_priority,,max_volume_component,SPXW
SPXW,zero_dte,12:40,760,202601,20260120,-0.6,1.1044303996118665,0.4512928920793957,-0.2749115832214254,CALL,0.4512928920793957,-0.6,d25,event_option_mh30trail_clean1000_frozen2025_select2026_d25_return_deploy202607_SPXW_v1,0,0.3,2,30,25,0.25,202601,d25,999,0,time_priority,,max_volume_component,SPXW
SPXW,zero_dte,12:45,765,202601,20260120,-0.6,0.5468749732244764,0.5245805028664161,-0.2778477511524712,CALL,0.5245805028664161,-0.6,d25,event_option_mh30trail_clean1000_frozen2025_select2026_d25_return_deploy202607_SPXW_v1,0,0.3,2,30,25,0.25,202601,d25,999,0,time_priority,,max_volume_component,SPXW
SPXW,zero_dte,12:50,770,202601,20260120,-0.6,0.5192307974459867,0.5599151526467873,-0.3807077133036541,CALL,0.5599151526467873,-0.6,d25,event_option_mh30trail_clean1000_frozen2025_select2026_d25_return_deploy202607_SPXW_v1,0,0.3,2,30,25,0.25,202601,d25,999,0,time_priority,,max_volume_component,SPXW
SPXW,zero_dte,12:55,775,202601,20260120,-0.6,0.3606383997587812,0.4863250582848872,-0.2234749006917391,CALL,0.4863250582848872,-0.6,d25,event_option_mh30trail_clean1000_frozen2025_select2026_d25_return_deploy202607_SPXW_v1,0,0.3,2,30,25,0.25,202601,d25,999,0,time_priority,,max_volume_component,SPXW
SPXW,zero_dte,13:00,780,202601,20260120,-0.6,0.3200934146291683,0.4921510400923043,-0.2225927643469331,CALL,0.4921510400923043,-0.6,d25,event_option_mh30trail_clean1000_frozen2025_select2026_d25_return_deploy202607_SPXW_v1,0,0.3,2,30,25,0.25,202601,d25,999,0,time_priority,,max_volume_component,SPXW
SPXW,zero_dte,13:05,785,202601,20260120,-0.6,0.434000015258789,0.5117526984884053,-0.2469761154137306,CALL,0.5117526984884053,-0.6,d25,event_option_mh30trail_clean1000_frozen2025_select2026_d25_return_deploy202607_SPXW_v1,0,0.3,2,30,25,0.25,202601,d25,999,0,time_priority,,max_volume_component,SPXW
SPXW,zero_dte,13:10,790,202601,20260120,-0.6,1.3785713740757537,0.4950497988954077,-0.2652074829899328,CALL,0.4950497988954077,-0.6,d25,event_option_mh30trail_clean1000_frozen2025_select2026_d25_return_deploy202607_SPXW_v1,0,0.3,2,30,25,0.25,202601,d25,999,0,time_priority,,max_volume_component,SPXW
SPXW,zero_dte,13:15,795,202601,20260120,-0.6,1.170000076293945,0.490723733351793,-0.2678578184613033,CALL,0.490723733351793,-0.6,d25,event_option_mh30trail_clean1000_frozen2025_select2026_d25_return_deploy202607_SPXW_v1,0,0.3,2,30,25,0.25,202601,d25,999,0,time_priority,,max_volume_component,SPXW
SPXW,zero_dte,13:20,800,202601,20260120,-0.6,1.4521277286500212,0.504737646139454,-0.2000353715918573,CALL,0.504737646139454,-0.6,d25,event_option_mh30trail_clean1000_frozen2025_select2026_d25_return_deploy202607_SPXW_v1,0,0.3,2,30,25,0.25,202601,d25,999,0,time_priority,,max_volume_component,SPXW
SPXW,zero_dte,13:25,805,202601,20260120,-0.6,1.7303921751955849,0.3649573343360358,-0.3286880740003357,CALL,0.3649573343360358,-0.6,d25,event_option_mh30trail_clean1000_frozen2025_select2026_d25_return_deploy202607_SPXW_v1,0,0.3,2,30,25,0.25,202601,d25,999,0,time_priority,,max_volume_component,SPXW
SPXW,zero_dte,13:30,810,202601,20260120,-0.6,1.5840909083520085,0.453962147316888,-0.3166113831821978,CALL,0.453962147316888,-0.6,d25,event_option_mh30trail_clean1000_frozen2025_select2026_d25_return_deploy202607_SPXW_v1,0,0.3,2,30,25,0.25,202601,d25,999,0,time_priority,,max_volume_component,SPXW
SPXW,zero_dte,13:35,815,202601,20260120,-0.6,1.403191653847863,0.3857599388803882,-0.1496519529948833,CALL,0.3857599388803882,-0.6,d25,event_option_mh30trail_clean1000_frozen2025_select2026_d25_return_deploy202607_SPXW_v1,0,0.3,2,30,25,0.25,202601,d25,999,0,time_priority,,max_volume_component,SPXW
SPXW,zero_dte,10:30,630,202601,20260121,1.2666667082953094,-0.6,-0.0554062523244832,0.3299815427150267,PUT,0.3299815427150267,-0.6,d25,event_option_mh30trail_clean1000_frozen2025_select2026_d25_return_deploy202607_SPXW_v1,0,0.3,2,30,25,0.25,202601,d25,999,0,time_priority,,max_volume_component,SPXW
SPXW,zero_dte,10:40,640,202601,20260121,0.507575840770488,0.2542373347953646,-0.3862430588378076,0.4941908021400114,PUT,0.4941908021400114,0.2542373347953646,d25,event_option_mh30trail_clean1000_frozen2025_select2026_d25_return_deploy202607_SPXW_v1,0,0.3,2,30,25,0.25,202601,d25,999,0,time_priority,,max_volume_component,SPXW
SPXW,zero_dte,11:15,675,202601,20260121,-0.6,2.959302227583498,-0.1773637630865864,0.3487075892748772,PUT,0.3487075892748772,2.959302227583498,d25,event_option_mh30trail_clean1000_frozen2025_select2026_d25_return_deploy202607_SPXW_v1,0,0.3,2,30,25,0.25,202601,d25,999,0,time_priority,,max_volume_component,SPXW
SPXW,zero_dte,11:20,680,202601,20260121,-0.6,2.6900001525878907,-0.1046865293434528,0.3062815288846275,PUT,0.3062815288846275,2.6900001525878907,d25,event_option_mh30trail_clean1000_frozen2025_select2026_d25_return_deploy202607_SPXW_v1,0,0.3,2,30,25,0.25,202601,d25,999,0,time_priority,,max_volume_component,SPXW
SPXW,zero_dte,12:05,725,202601,20260121,0.2635134682331412,0.6130137022093236,0.3953429246445565,0.0449460640497147,CALL,0.3953429246445565,0.2635134682331412,d25,event_option_mh30trail_clean1000_frozen2025_select2026_d25_return_deploy202607_SPXW_v1,0,0.3,2,30,25,0.25,202601,d25,999,0,time_priority,,max_volume_component,SPXW
SPXW,zero_dte,12:10,730,202601,20260121,0.3804348164109523,0.75,0.3859124869935412,-0.2684097604565963,CALL,0.3859124869935412,0.3804348164109523,d25,event_option_mh30trail_clean1000_frozen2025_select2026_d25_return_deploy202607_SPXW_v1,0,0.3,2,30,25,0.25,202601,d25,999,0,time_priority,,max_volume_component,SPXW
SPXW,zero_dte,12:30,750,202601,20260121,0.5357143668090443,-0.6,0.3177399622394489,0.0319269521944731,CALL,0.3177399622394489,0.5357143668090443,d25,event_option_mh30trail_clean1000_frozen2025_select2026_d25_return_deploy202607_SPXW_v1,0,0.3,2,30,25,0.25,202601,d25,999,0,time_priority,,max_volume_component,SPXW
SPXW,zero_dte,12:35,755,202601,20260121,0.5357143668090443,-0.6,0.3606100212094666,-0.1071064996155319,CALL,0.3606100212094666,0.5357143668090443,d25,event_option_mh30trail_clean1000_frozen2025_select2026_d25_return_deploy202607_SPXW_v1,0,0.3,2,30,25,0.25,202601,d25,999,0,time_priority,,max_volume_component,SPXW
SPXW,zero_dte,12:45,765,202601,20260121,1.140244004557633,-0.6,0.368345952673581,-0.0143641162982121,CALL,0.368345952673581,1.140244004557633,d25,event_option_mh30trail_clean1000_frozen2025_select2026_d25_return_deploy202607_SPXW_v1,0,0.3,2,30,25,0.25,202601,d25,999,0,time_priority,,max_volume_component,SPXW
SPXW,zero_dte,13:15,795,202601,20260121,0.3055555387359032,-0.6,0.3059916442555913,0.0953580365960413,CALL,0.3059916442555913,0.3055555387359032,d25,event_option_mh30trail_clean1000_frozen2025_select2026_d25_return_deploy202607_SPXW_v1,0,0.3,2,30,25,0.25,202601,d25,999,0,time_priority,,max_volume_component,SPXW
SPXW,zero_dte,13:20,800,202601,20260121,0.6357142584664481,-0.6,0.3476746691448479,0.0537944445971096,CALL,0.3476746691448479,0.6357142584664481,d25,event_option_mh30trail_clean1000_frozen2025_select2026_d25_return_deploy202607_SPXW_v1,0,0.3,2,30,25,0.25,202601,d25,999,0,time_priority,,max_volume_component,SPXW
SPXW,zero_dte,13:25,805,202601,20260121,0.9583333250549106,-0.6,0.3037013141215989,-0.116068535584466,CALL,0.3037013141215989,0.9583333250549106,d25,event_option_mh30trail_clean1000_frozen2025_select2026_d25_return_deploy202607_SPXW_v1,0,0.3,2,30,25,0.25,202601,d25,999,0,time_priority,,max_volume_component,SPXW
SPXW,zero_dte,13:45,825,202601,20260121,2.2954545553065526,-0.6,0.4003750954546484,-0.2314315436230797,CALL,0.4003750954546484,2.2954545553065526,d25,event_option_mh30trail_clean1000_frozen2025_select2026_d25_return_deploy202607_SPXW_v1,0,0.3,2,30,25,0.25,202601,d25,999,0,time_priority,,max_volume_component,SPXW
SPXW,zero_dte,14:10,850,202601,20260121,5.0,-0.6,0.3765069958705662,0.0867188103099687,CALL,0.3765069958705662,5.0,d25,event_option_mh30trail_clean1000_frozen2025_select2026_d25_return_deploy202607_SPXW_v1,0,0.3,2,30,25,0.25,202601,d25,999,0,time_priority,,max_volume_component,SPXW
SPXW,zero_dte,10:25,625,202601,20260122,0.4959016041036763,-0.6,-0.3554534515617207,0.3010106778171334,PUT,0.3010106778171334,-0.6,d25,event_option_mh30trail_clean1000_frozen2025_select2026_d25_return_deploy202607_SPXW_v1,0,0.3,2,30,25,0.25,202601,d25,999,0,time_priority,,max_volume_component,SPXW
SPXW,zero_dte,10:00,600,202601,20260123,0.453056838573753,-0.6,-0.4899431864410856,0.4142714620020379,PUT,0.4142714620020379,-0.6,d25,event_option_mh30trail_clean1000_frozen2025_select2026_d25_return_deploy202607_SPXW_v1,0,0.3,2,30,25,0.25,202601,d25,999,0,time_priority,,max_volume_component,SPXW
SPXW,zero_dte,10:10,610,202601,20260123,0.2500000372529025,-0.6,-0.3650586573108196,0.3311198148486849,PUT,0.3311198148486849,-0.6,d25,event_option_mh30trail_clean1000_frozen2025_select2026_d25_return_deploy202607_SPXW_v1,0,0.3,2,30,25,0.25,202601,d25,999,0,time_priority,,max_volume_component,SPXW
SPXW,zero_dte,10:15,615,202601,20260123,0.4291979431706909,-0.6,-0.4708426404020138,0.466679671429144,PUT,0.466679671429144,-0.6,d25,event_option_mh30trail_clean1000_frozen2025_select2026_d25_return_deploy202607_SPXW_v1,0,0.3,2,30,25,0.25,202601,d25,999,0,time_priority,,max_volume_component,SPXW
SPXW,zero_dte,10:40,640,202601,20260126,0.4833333757188585,-0.6,-0.4296549364227164,0.3037643847098328,PUT,0.3037643847098328,-0.6,d25,event_option_mh30trail_clean1000_frozen2025_select2026_d25_return_deploy202607_SPXW_v1,0,0.3,2,30,25,0.25,202601,d25,999,0,time_priority,,max_volume_component,SPXW
SPXW,zero_dte,11:10,670,202601,20260126,0.306603835120498,-0.6,-0.3767731356068897,0.3172912871676091,PUT,0.3172912871676091,-0.6,d25,event_option_mh30trail_clean1000_frozen2025_select2026_d25_return_deploy202607_SPXW_v1,0,0.3,2,30,25,0.25,202601,d25,999,0,time_priority,,max_volume_component,SPXW
SPXW,zero_dte,10:40,640,202601,20260127,0.5100000381469727,-0.6,-0.3694244624144842,0.3090126021687335,PUT,0.3090126021687335,-0.6,d25,event_option_mh30trail_clean1000_frozen2025_select2026_d25_return_deploy202607_SPXW_v1,0,0.3,2,30,25,0.25,202601,d25,999,0,time_priority,,max_volume_component,SPXW
SPXW,zero_dte,10:20,620,202601,20260128,-0.6,0.3136364329944958,-0.5610956974139006,0.313845387358904,PUT,0.313845387358904,0.3136364329944958,d25,event_option_mh30trail_clean1000_frozen2025_select2026_d25_return_deploy202607_SPXW_v1,0,0.3,2,30,25,0.25,202601,d25,999,0,time_priority,,max_volume_component,SPXW
SPXW,zero_dte,10:30,630,202601,20260128,-0.6,0.3514898630811354,-0.539156122177421,0.3510521806982546,PUT,0.3510521806982546,0.3514898630811354,d25,event_option_mh30trail_clean1000_frozen2025_select2026_d25_return_deploy202607_SPXW_v1,0,0.3,2,30,25,0.25,202601,d25,999,0,time_priority,,max_volume_component,SPXW
SPXW,zero_dte,10:40,640,202601,20260128,-0.6,0.2571428843906946,-0.5925236696442536,0.3636388258045917,PUT,0.3636388258045917,0.2571428843906946,d25,event_option_mh30trail_clean1000_frozen2025_select2026_d25_return_deploy202607_SPXW_v1,0,0.3,2,30,25,0.25,202601,d25,999,0,time_priority,,max_volume_component,SPXW
SPXW,zero_dte,11:00,660,202601,20260128,-0.6,0.311403494095501,-0.5034458982678783,0.3186762988497972,PUT,0.3186762988497972,0.311403494095501,d25,event_option_mh30trail_clean1000_frozen2025_select2026_d25_return_deploy202607_SPXW_v1,0,0.3,2,30,25,0.25,202601,d25,999,0,time_priority,,max_volume_component,SPXW
SPXW,zero_dte,11:25,685,202601,20260128,-0.6,0.3470149423688899,-0.4402774295809468,0.3532457553548422,PUT,0.3532457553548422,0.3470149423688899,d25,event_option_mh30trail_clean1000_frozen2025_select2026_d25_return_deploy202607_SPXW_v1,0,0.3,2,30,25,0.25,202601,d25,999,0,time_priority,,max_volume_component,SPXW
SPXW,zero_dte,11:35,695,202601,20260128,-0.6,-0.6,-0.1246830598674882,0.3377995274974985,PUT,0.3377995274974985,-0.6,d25,event_option_mh30trail_clean1000_frozen2025_select2026_d25_return_deploy202607_SPXW_v1,0,0.3,2,30,25,0.25,202601,d25,999,0,time_priority,,max_volume_component,SPXW
SPXW,zero_dte,11:40,700,202601,20260128,-0.6,-0.6,-0.0954614027594593,0.4084872770251953,PUT,0.4084872770251953,-0.6,d25,event_option_mh30trail_clean1000_frozen2025_select2026_d25_return_deploy202607_SPXW_v1,0,0.3,2,30,25,0.25,202601,d25,999,0,time_priority,,max_volume_component,SPXW
SPXW,zero_dte,11:45,705,202601,20260128,-0.6,-0.6,-0.5140179105998121,0.3193457319361971,PUT,0.3193457319361971,-0.6,d25,event_option_mh30trail_clean1000_frozen2025_select2026_d25_return_deploy202607_SPXW_v1,0,0.3,2,30,25,0.25,202601,d25,999,0,time_priority,,max_volume_component,SPXW
SPXW,zero_dte,11:55,715,202601,20260128,-0.6,-0.6,-0.4781540158175101,0.3132717803507646,PUT,0.3132717803507646,-0.6,d25,event_option_mh30trail_clean1000_frozen2025_select2026_d25_return_deploy202607_SPXW_v1,0,0.3,2,30,25,0.25,202601,d25,999,0,time_priority,,max_volume_component,SPXW
SPXW,zero_dte,12:00,720,202601,20260128,-0.6,-0.6,-0.4905130342330441,0.351664724778989,PUT,0.351664724778989,-0.6,d25,event_option_mh30trail_clean1000_frozen2025_select2026_d25_return_deploy202607_SPXW_v1,0,0.3,2,30,25,0.25,202601,d25,999,0,time_priority,,max_volume_component,SPXW
SPXW,zero_dte,12:05,725,202601,20260128,-0.6,-0.6,-0.5384981536332216,0.4225490191613338,PUT,0.4225490191613338,-0.6,d25,event_option_mh30trail_clean1000_frozen2025_select2026_d25_return_deploy202607_SPXW_v1,0,0.3,2,30,25,0.25,202601,d25,999,0,time_priority,,max_volume_component,SPXW
SPXW,zero_dte,12:10,730,202601,20260128,-0.6,-0.6,-0.5999874949748502,0.4973062372374405,PUT,0.4973062372374405,-0.6,d25,event_option_mh30trail_clean1000_frozen2025_select2026_d25_return_deploy202607_SPXW_v1,0,0.3,2,30,25,0.25,202601,d25,999,0,time_priority,,max_volume_component,SPXW
SPXW,zero_dte,12:15,735,202601,20260128,-0.6,-0.6,-0.0713830162738867,0.3685122429540553,PUT,0.3685122429540553,-0.6,d25,event_option_mh30trail_clean1000_frozen2025_select2026_d25_return_deploy202607_SPXW_v1,0,0.3,2,30,25,0.25,202601,d25,999,0,time_priority,,max_volume_component,SPXW
SPXW,zero_dte,12:20,740,202601,20260128,-0.6,0.405172425132869,-0.1090277508602304,0.3606020044295047,PUT,0.3606020044295047,0.405172425132869,d25,event_option_mh30trail_clean1000_frozen2025_select2026_d25_return_deploy202607_SPXW_v1,0,0.3,2,30,25,0.25,202601,d25,999,0,time_priority,,max_volume_component,SPXW
SPXW,zero_dte,12:25,745,202601,20260128,-0.6,-0.6,-0.6015127940507788,0.5255982496458447,PUT,0.5255982496458447,-0.6,d25,event_option_mh30trail_clean1000_frozen2025_select2026_d25_return_deploy202607_SPXW_v1,0,0.3,2,30,25,0.25,202601,d25,999,0,time_priority,,max_volume_component,SPXW
SPXW,zero_dte,12:30,750,202601,20260128,-0.6,-0.6,-0.5850085463484331,0.4065902192718175,PUT,0.4065902192718175,-0.6,d25,event_option_mh30trail_clean1000_frozen2025_select2026_d25_return_deploy202607_SPXW_v1,0,0.3,2,30,25,0.25,202601,d25,999,0,time_priority,,max_volume_component,SPXW
SPXW,zero_dte,12:35,755,202601,20260128,-0.6,-0.6,-0.4089865395460021,0.3918904322006916,PUT,0.3918904322006916,-0.6,d25,event_option_mh30trail_clean1000_frozen2025_select2026_d25_return_deploy202607_SPXW_v1,0,0.3,2,30,25,0.25,202601,d25,999,0,time_priority,,max_volume_component,SPXW
SPXW,zero_dte,12:40,760,202601,20260128,-0.6,-0.6,-0.5493574454852984,0.3810385600713982,PUT,0.3810385600713982,-0.6,d25,event_option_mh30trail_clean1000_frozen2025_select2026_d25_return_deploy202607_SPXW_v1,0,0.3,2,30,25,0.25,202601,d25,999,0,time_priority,,max_volume_component,SPXW
SPXW,zero_dte,12:45,765,202601,20260128,-0.6,-0.6,-0.542645478189189,0.4302649376057922,PUT,0.4302649376057922,-0.6,d25,event_option_mh30trail_clean1000_frozen2025_select2026_d25_return_deploy202607_SPXW_v1,0,0.3,2,30,25,0.25,202601,d25,999,0,time_priority,,max_volume_component,SPXW
SPXW,zero_dte,12:50,770,202601,20260128,-0.6,-0.6,-0.594790634251159,0.4958232395297154,PUT,0.4958232395297154,-0.6,d25,event_option_mh30trail_clean1000_frozen2025_select2026_d25_return_deploy202607_SPXW_v1,0,0.3,2,30,25,0.25,202601,d25,999,0,time_priority,,max_volume_component,SPXW
SPXW,zero_dte,12:55,775,202601,20260128,-0.6,-0.6,-0.0679415819075617,0.4675970189215008,PUT,0.4675970189215008,-0.6,d25,event_option_mh30trail_clean1000_frozen2025_select2026_d25_return_deploy202607_SPXW_v1,0,0.3,2,30,25,0.25,202601,d25,999,0,time_priority,,max_volume_component,SPXW
SPXW,zero_dte,13:05,785,202601,20260128,-0.6,-0.6,-0.6089174726647875,0.5686205417970716,PUT,0.5686205417970716,-0.6,d25,event_option_mh30trail_clean1000_frozen2025_select2026_d25_return_deploy202607_SPXW_v1,0,0.3,2,30,25,0.25,202601,d25,999,0,time_priority,,max_volume_component,SPXW
SPXW,zero_dte,13:10,790,202601,20260128,-0.6,-0.6,-0.5507150408288489,0.421516383320492,PUT,0.421516383320492,-0.6,d25,event_option_mh30trail_clean1000_frozen2025_select2026_d25_return_deploy202607_SPXW_v1,0,0.3,2,30,25,0.25,202601,d25,999,0,time_priority,,max_volume_component,SPXW
SPXW,zero_dte,13:15,795,202601,20260128,-0.6,-0.6,-0.5510681339075589,0.3113517256857704,PUT,0.3113517256857704,-0.6,d25,event_option_mh30trail_clean1000_frozen2025_select2026_d25_return_deploy202607_SPXW_v1,0,0.3,2,30,25,0.25,202601,d25,999,0,time_priority,,max_volume_component,SPXW
SPXW,zero_dte,10:10,610,202601,20260129,-0.6,1.2705478270923187,-0.5361802994854875,0.3497121138332025,PUT,0.3497121138332025,1.2705478270923187,d25,event_option_mh30trail_clean1000_frozen2025_select2026_d25_return_deploy202607_SPXW_v1,0,0.3,2,30,25,0.25,202601,d25,999,0,time_priority,,max_volume_component,SPXW
SPXW,zero_dte,11:15,675,202601,20260129,0.3879309806188722,-0.6,-0.2718180410401787,0.3313725237782338,PUT,0.3313725237782338,-0.6,d25,event_option_mh30trail_clean1000_frozen2025_select2026_d25_return_deploy202607_SPXW_v1,0,0.3,2,30,25,0.25,202601,d25,999,0,time_priority,,max_volume_component,SPXW
SPXW,zero_dte,13:00,780,202601,20260129,1.0892858222431083,-0.6,-0.3607586680595855,0.3133228954856247,PUT,0.3133228954856247,-0.6,d25,event_option_mh30trail_clean1000_frozen2025_select2026_d25_return_deploy202607_SPXW_v1,0,0.3,2,30,25,0.25,202601,d25,999,0,time_priority,,max_volume_component,SPXW
SPXW,zero_dte,10:00,600,202601,20260130,0.7817460005095347,-0.6,-0.070699181231235,0.3101769777967685,PUT,0.3101769777967685,-0.6,d25,event_option_mh30trail_clean1000_frozen2025_select2026_d25_return_deploy202607_SPXW_v1,0,0.3,2,30,25,0.25,202601,d25,999,0,time_priority,,max_volume_component,SPXW
SPXW,zero_dte,10:05,605,202601,20260130,0.527777851363761,-0.6,-0.6803874257832203,0.6504687216963426,PUT,0.6504687216963426,-0.6,d25,event_option_mh30trail_clean1000_frozen2025_select2026_d25_return_deploy202607_SPXW_v1,0,0.3,2,30,25,0.25,202601,d25,999,0,time_priority,,max_volume_component,SPXW
SPXW,zero_dte,10:10,610,202601,20260130,-0.6,0.6265430979531796,-0.5807051811840414,0.5796857312428341,PUT,0.5796857312428341,0.6265430979531796,d25,event_option_mh30trail_clean1000_frozen2025_select2026_d25_return_deploy202607_SPXW_v1,0,0.3,2,30,25,0.25,202601,d25,999,0,time_priority,,max_volume_component,SPXW
SPXW,zero_dte,10:15,615,202601,20260130,-0.6,0.8999291994632714,-0.6264049761942317,0.3245055007492168,PUT,0.3245055007492168,0.8999291994632714,d25,event_option_mh30trail_clean1000_frozen2025_select2026_d25_return_deploy202607_SPXW_v1,0,0.3,2,30,25,0.25,202601,d25,999,0,time_priority,,max_volume_component,SPXW
SPXW,zero_dte,10:20,620,202601,20260130,-0.6,1.0777181195850596,-0.3543762210855911,0.4632065803175119,PUT,0.4632065803175119,1.0777181195850596,d25,event_option_mh30trail_clean1000_frozen2025_select2026_d25_return_deploy202607_SPXW_v1,0,0.3,2,30,25,0.25,202601,d25,999,0,time_priority,,max_volume_component,SPXW
SPXW,zero_dte,10:25,625,202601,20260130,0.4732142469408553,0.6980519963066794,-0.4291134719117875,0.4646608750681436,PUT,0.4646608750681436,0.6980519963066794,d25,event_option_mh30trail_clean1000_frozen2025_select2026_d25_return_deploy202607_SPXW_v1,0,0.3,2,30,25,0.25,202601,d25,999,0,time_priority,,max_volume_component,SPXW
SPXW,zero_dte,10:30,630,202601,20260130,1.4537037265971198,-0.6,-0.1614784806600546,0.3129502514074133,PUT,0.3129502514074133,-0.6,d25,event_option_mh30trail_clean1000_frozen2025_select2026_d25_return_deploy202607_SPXW_v1,0,0.3,2,30,25,0.25,202601,d25,999,0,time_priority,,max_volume_component,SPXW
SPXW,zero_dte,10:35,635,202601,20260130,-0.6,0.3124999379118307,-0.6557194630727285,0.6738680815638566,PUT,0.6738680815638566,0.3124999379118307,d25,event_option_mh30trail_clean1000_frozen2025_select2026_d25_return_deploy202607_SPXW_v1,0,0.3,2,30,25,0.25,202601,d25,999,0,time_priority,,max_volume_component,SPXW
SPXW,zero_dte,10:55,655,202601,20260130,-0.6,0.597222297647855,-0.4704531022175122,0.4503320783143439,PUT,0.4503320783143439,0.597222297647855,d25,event_option_mh30trail_clean1000_frozen2025_select2026_d25_return_deploy202607_SPXW_v1,0,0.3,2,30,25,0.25,202601,d25,999,0,time_priority,,max_volume_component,SPXW
SPXW,zero_dte,11:00,660,202601,20260130,-0.6,0.550000044703483,-0.174450279077797,0.362599245194238,PUT,0.362599245194238,0.550000044703483,d25,event_option_mh30trail_clean1000_frozen2025_select2026_d25_return_deploy202607_SPXW_v1,0,0.3,2,30,25,0.25,202601,d25,999,0,time_priority,,max_volume_component,SPXW
SPXW,zero_dte,11:10,670,202601,20260130,-0.6,0.4954546400338178,-0.6165977968453863,0.3402029042048552,PUT,0.3402029042048552,0.4954546400338178,d25,event_option_mh30trail_clean1000_frozen2025_select2026_d25_return_deploy202607_SPXW_v1,0,0.3,2,30,25,0.25,202601,d25,999,0,time_priority,,max_volume_component,SPXW
SPXW,zero_dte,11:15,675,202601,20260130,-0.6,0.5223077627328725,-0.5514033689976876,0.4150590180913215,PUT,0.4150590180913215,0.5223077627328725,d25,event_option_mh30trail_clean1000_frozen2025_select2026_d25_return_deploy202607_SPXW_v1,0,0.3,2,30,25,0.25,202601,d25,999,0,time_priority,,max_volume_component,SPXW
SPXW,zero_dte,11:20,680,202601,20260130,-0.6,0.2909835681131014,-0.4869890216486432,0.3516732192827095,PUT,0.3516732192827095,0.2909835681131014,d25,event_option_mh30trail_clean1000_frozen2025_select2026_d25_return_deploy202607_SPXW_v1,0,0.3,2,30,25,0.25,202601,d25,999,0,time_priority,,max_volume_component,SPXW
SPXW,zero_dte,11:25,685,202601,20260130,-0.6,0.2884615948919735,-0.5330735701834557,0.3397625819253894,PUT,0.3397625819253894,0.2884615948919735,d25,event_option_mh30trail_clean1000_frozen2025_select2026_d25_return_deploy202607_SPXW_v1,0,0.3,2,30,25,0.25,202601,d25,999,0,time_priority,,max_volume_component,SPXW
SPXW,zero_dte,10:15,615,202602,20260203,-0.6,0.3880951400606931,-0.5161373296226928,0.4823838460670185,PUT,0.4823838460670185,0.3880951400606931,d25,event_option_mh30trail_clean1000_frozen2025_select2026_d25_return_deploy202607_SPXW_v1,0,0.3,2,30,25,0.25,202602,d25,999,0,time_priority,,max_volume_component,SPXW
SPXW,zero_dte,10:30,630,202602,20260203,0.3382353986148347,0.2723880745727787,-0.4725037791622983,0.3997793812496054,PUT,0.3997793812496054,0.2723880745727787,d25,event_option_mh30trail_clean1000_frozen2025_select2026_d25_return_deploy202607_SPXW_v1,0,0.3,2,30,25,0.25,202602,d25,999,0,time_priority,,max_volume_component,SPXW
SPXW,zero_dte,10:40,640,202602,20260203,0.3996946299782384,0.2809091047807173,-0.5126634202935598,0.5801604612030655,PUT,0.5801604612030655,0.2809091047807173,d25,event_option_mh30trail_clean1000_frozen2025_select2026_d25_return_deploy202607_SPXW_v1,0,0.3,2,30,25,0.25,202602,d25,999,0,time_priority,,max_volume_component,SPXW
SPXW,zero_dte,11:10,670,202602,20260203,-0.6,0.6428572432119035,-0.4949784057729809,0.5182947806991197,PUT,0.5182947806991197,0.6428572432119035,d25,event_option_mh30trail_clean1000_frozen2025_select2026_d25_return_deploy202607_SPXW_v1,0,0.3,2,30,25,0.25,202602,d25,999,0,time_priority,,max_volume_component,SPXW
SPXW,zero_dte,11:15,675,202602,20260203,-0.6,0.8700000762939455,-0.559668785615863,0.3972636936849634,PUT,0.3972636936849634,0.8700000762939455,d25,event_option_mh30trail_clean1000_frozen2025_select2026_d25_return_deploy202607_SPXW_v1,0,0.3,2,30,25,0.25,202602,d25,999,0,time_priority,,max_volume_component,SPXW
SPXW,zero_dte,11:20,680,202602,20260203,-0.6,0.75,-0.2622288695193418,0.3943321114471056,PUT,0.3943321114471056,0.75,d25,event_option_mh30trail_clean1000_frozen2025_select2026_d25_return_deploy202607_SPXW_v1,0,0.3,2,30,25,0.25,202602,d25,999,0,time_priority,,max_volume_component,SPXW
SPXW,zero_dte,11:25,685,202602,20260203,-0.6,0.2865854481158709,-0.4545112471782886,0.5017311979015314,PUT,0.5017311979015314,0.2865854481158709,d25,event_option_mh30trail_clean1000_frozen2025_select2026_d25_return_deploy202607_SPXW_v1,0,0.3,2,30,25,0.25,202602,d25,999,0,time_priority,,max_volume_component,SPXW
SPXW,zero_dte,11:40,700,202602,20260203,-0.6,0.3,-0.3346454169326989,0.5044668617106659,PUT,0.5044668617106659,0.3,d25,event_option_mh30trail_clean1000_frozen2025_select2026_d25_return_deploy202607_SPXW_v1,0,0.3,2,30,25,0.25,202602,d25,999,0,time_priority,,max_volume_component,SPXW
SPXW,zero_dte,12:30,750,202602,20260203,-0.6,0.3873938404120576,-0.2666017805765491,0.3900852110953529,PUT,0.3900852110953529,0.3873938404120576,d25,event_option_mh30trail_clean1000_frozen2025_select2026_d25_return_deploy202607_SPXW_v1,0,0.3,2,30,25,0.25,202602,d25,999,0,time_priority,,max_volume_component,SPXW
SPXW,zero_dte,12:45,765,202602,20260203,-0.6,0.3536034797598528,0.2644957518676043,0.3001682827221976,PUT,0.3001682827221976,0.3536034797598528,d25,event_option_mh30trail_clean1000_frozen2025_select2026_d25_return_deploy202607_SPXW_v1,0,0.3,2,30,25,0.25,202602,d25,999,0,time_priority,,max_volume_component,SPXW
SPXW,zero_dte,12:55,775,202602,20260203,-0.6,0.6263635808771306,0.1586310029233574,0.3532406720002189,PUT,0.3532406720002189,0.6263635808771306,d25,event_option_mh30trail_clean1000_frozen2025_select2026_d25_return_deploy202607_SPXW_v1,0,0.3,2,30,25,0.25,202602,d25,999,0,time_priority,,max_volume_component,SPXW
SPXW,zero_dte,13:05,785,202602,20260203,-0.6,0.8209091533314097,0.0618864155678088,0.3275304712246067,PUT,0.3275304712246067,0.8209091533314097,d25,event_option_mh30trail_clean1000_frozen2025_select2026_d25_return_deploy202607_SPXW_v1,0,0.3,2,30,25,0.25,202602,d25,999,0,time_priority,,max_volume_component,SPXW
SPXW,zero_dte,10:25,625,202602,20260204,-0.6,1.28606565719457,-0.3598266481964692,0.5390319244151468,PUT,0.5390319244151468,1.28606565719457,d25,event_option_mh30trail_clean1000_frozen2025_select2026_d25_return_deploy202607_SPXW_v1,0,0.3,2,30,25,0.25,202602,d25,999,0,time_priority,,max_volume_component,SPXW
SPXW,zero_dte,11:10,670,202602,20260204,0.3988889058430989,0.635245931113289,-0.287979232850586,0.3722706346960236,PUT,0.3722706346960236,0.635245931113289,d25,event_option_mh30trail_clean1000_frozen2025_select2026_d25_return_deploy202607_SPXW_v1,0,0.3,2,30,25,0.25,202602,d25,999,0,time_priority,,max_volume_component,SPXW
SPXW,zero_dte,11:20,680,202602,20260204,-0.6,0.7038461245023286,-0.3249619885466791,0.3936039171082247,PUT,0.3936039171082247,0.7038461245023286,d25,event_option_mh30trail_clean1000_frozen2025_select2026_d25_return_deploy202607_SPXW_v1,0,0.3,2,30,25,0.25,202602,d25,999,0,time_priority,,max_volume_component,SPXW
SPXW,zero_dte,11:25,685,202602,20260204,-0.6,1.308441720899154,-0.1897412099989217,0.5325932813704625,PUT,0.5325932813704625,1.308441720899154,d25,event_option_mh30trail_clean1000_frozen2025_select2026_d25_return_deploy202607_SPXW_v1,0,0.3,2,30,25,0.25,202602,d25,999,0,time_priority,,max_volume_component,SPXW
SPXW,zero_dte,11:30,690,202602,20260204,-0.6,1.4283131363118842,-0.352624170222492,0.4227061036369822,PUT,0.4227061036369822,1.4283131363118842,d25,event_option_mh30trail_clean1000_frozen2025_select2026_d25_return_deploy202607_SPXW_v1,0,0.3,2,30,25,0.25,202602,d25,999,0,time_priority,,max_volume_component,SPXW
SPXW,zero_dte,11:35,695,202602,20260204,-0.6,1.294117463501272,-0.0805484120321601,0.3945688802821302,PUT,0.3945688802821302,1.294117463501272,d25,event_option_mh30trail_clean1000_frozen2025_select2026_d25_return_deploy202607_SPXW_v1,0,0.3,2,30,25,0.25,202602,d25,999,0,time_priority,,max_volume_component,SPXW
SPXW,zero_dte,11:55,715,202602,20260204,-0.6,1.1681818528608845,-0.0739167092660415,0.4488801696867976,PUT,0.4488801696867976,1.1681818528608845,d25,event_option_mh30trail_clean1000_frozen2025_select2026_d25_return_deploy202607_SPXW_v1,0,0.3,2,30,25,0.25,202602,d25,999,0,time_priority,,max_volume_component,SPXW
SPXW,zero_dte,12:00,720,202602,20260204,-0.6,1.914179308426681,-0.2231498188461035,0.3593421758350659,PUT,0.3593421758350659,1.914179308426681,d25,event_option_mh30trail_clean1000_frozen2025_select2026_d25_return_deploy202607_SPXW_v1,0,0.3,2,30,25,0.25,202602,d25,999,0,time_priority,,max_volume_component,SPXW
SPXW,zero_dte,12:10,730,202602,20260204,-0.6,2.695205271859227,-0.12837056777327,0.3428734787144118,PUT,0.3428734787144118,2.695205271859227,d25,event_option_mh30trail_clean1000_frozen2025_select2026_d25_return_deploy202607_SPXW_v1,0,0.3,2,30,25,0.25,202602,d25,999,0,time_priority,,max_volume_component,SPXW
SPXW,zero_dte,12:15,735,202602,20260204,-0.6,3.8928570942002896,-0.1955942710734745,0.5035738578336556,PUT,0.5035738578336556,3.8928570942002896,d25,event_option_mh30trail_clean1000_frozen2025_select2026_d25_return_deploy202607_SPXW_v1,0,0.3,2,30,25,0.25,202602,d25,999,0,time_priority,,max_volume_component,SPXW
SPXW,zero_dte,12:20,740,202602,20260204,-0.6,2.85357141671132,-0.1292920606100158,0.4375626948908594,PUT,0.4375626948908594,2.85357141671132,d25,event_option_mh30trail_clean1000_frozen2025_select2026_d25_return_deploy202607_SPXW_v1,0,0.3,2,30,25,0.25,202602,d25,999,0,time_priority,,max_volume_component,SPXW
SPXW,zero_dte,14:00,840,202602,20260204,0.75,-0.6,-0.135750653381877,0.3103125601404784,PUT,0.3103125601404784,-0.6,d25,event_option_mh30trail_clean1000_frozen2025_select2026_d25_return_deploy202607_SPXW_v1,0,0.3,2,30,25,0.25,202602,d25,999,0,time_priority,,max_volume_component,SPXW
SPXW,zero_dte,10:25,625,202602,20260206,0.2528902396886854,-0.6,-0.0985766851907893,0.5128839994865662,PUT,0.5128839994865662,-0.6,d25,event_option_mh30trail_clean1000_frozen2025_select2026_d25_return_deploy202607_SPXW_v1,0,0.3,2,30,25,0.25,202602,d25,999,0,time_priority,,max_volume_component,SPXW
SPXW,zero_dte,10:30,630,202602,20260206,0.2745902190378879,-0.6,-0.4781425113327127,0.5613717459534096,PUT,0.5613717459534096,-0.6,d25,event_option_mh30trail_clean1000_frozen2025_select2026_d25_return_deploy202607_SPXW_v1,0,0.3,2,30,25,0.25,202602,d25,999,0,time_priority,,max_volume_component,SPXW
SPXW,zero_dte,10:40,640,202602,20260206,0.4741378743356548,0.4538961312404517,-0.3404256770272527,0.3213378716727719,PUT,0.3213378716727719,0.4538961312404517,d25,event_option_mh30trail_clean1000_frozen2025_select2026_d25_return_deploy202607_SPXW_v1,0,0.3,2,30,25,0.25,202602,d25,999,0,time_priority,,max_volume_component,SPXW
SPXW,zero_dte,10:45,645,202602,20260206,0.4741378743356548,0.6970197930994149,-0.1127444146369046,0.4793821164018055,PUT,0.4793821164018055,0.6970197930994149,d25,event_option_mh30trail_clean1000_frozen2025_select2026_d25_return_deploy202607_SPXW_v1,0,0.3,2,30,25,0.25,202602,d25,999,0,time_priority,,max_volume_component,SPXW
SPXW,zero_dte,10:55,655,202602,20260206,0.6499999761581421,-0.6,-0.2405584106542335,0.3927311241357392,PUT,0.3927311241357392,-0.6,d25,event_option_mh30trail_clean1000_frozen2025_select2026_d25_return_deploy202607_SPXW_v1,0,0.3,2,30,25,0.25,202602,d25,999,0,time_priority,,max_volume_component,SPXW
SPXW,zero_dte,11:00,660,202602,20260206,0.6323530511735103,-0.6,-0.3845703276802925,0.4798195837681351,PUT,0.4798195837681351,-0.6,d25,event_option_mh30trail_clean1000_frozen2025_select2026_d25_return_deploy202607_SPXW_v1,0,0.3,2,30,25,0.25,202602,d25,999,0,time_priority,,max_volume_component,SPXW
SPXW,zero_dte,11:05,665,202602,20260206,0.5331325121240154,-0.6,-0.3440312935556929,0.3038027076277293,PUT,0.3038027076277293,-0.6,d25,event_option_mh30trail_clean1000_frozen2025_select2026_d25_return_deploy202607_SPXW_v1,0,0.3,2,30,25,0.25,202602,d25,999,0,time_priority,,max_volume_component,SPXW
SPXW,zero_dte,11:10,670,202602,20260206,0.5576923006385033,-0.6,-0.3270291849133909,0.4132565431863667,PUT,0.4132565431863667,-0.6,d25,event_option_mh30trail_clean1000_frozen2025_select2026_d25_return_deploy202607_SPXW_v1,0,0.3,2,30,25,0.25,202602,d25,999,0,time_priority,,max_volume_component,SPXW
SPXW,zero_dte,11:25,685,202602,20260206,0.2568492756974396,-0.6,-0.4705526912668398,0.3370156374875525,PUT,0.3370156374875525,-0.6,d25,event_option_mh30trail_clean1000_frozen2025_select2026_d25_return_deploy202607_SPXW_v1,0,0.3,2,30,25,0.25,202602,d25,999,0,time_priority,,max_volume_component,SPXW
SPXW,zero_dte,12:05,725,202602,20260206,0.431818167040171,-0.6,-0.4812726686364074,0.3941338323160017,PUT,0.3941338323160017,-0.6,d25,event_option_mh30trail_clean1000_frozen2025_select2026_d25_return_deploy202607_SPXW_v1,0,0.3,2,30,25,0.25,202602,d25,999,0,time_priority,,max_volume_component,SPXW
SPXW,zero_dte,10:10,610,202602,20260209,1.0636363828477775,-0.6,-0.6898535552044998,0.3607529001972009,PUT,0.3607529001972009,-0.6,d25,event_option_mh30trail_clean1000_frozen2025_select2026_d25_return_deploy202607_SPXW_v1,0,0.3,2,30,25,0.25,202602,d25,999,0,time_priority,,max_volume_component,SPXW
SPXW,zero_dte,10:15,615,202602,20260209,0.7738568351001427,-0.6,-0.7017506843265505,0.3360720265250309,PUT,0.3360720265250309,-0.6,d25,event_option_mh30trail_clean1000_frozen2025_select2026_d25_return_deploy202607_SPXW_v1,0,0.3,2,30,25,0.25,202602,d25,999,0,time_priority,,max_volume_component,SPXW
SPXW,zero_dte,11:10,670,202602,20260209,0.275423704156654,-0.6,-0.0940457430034863,0.3144075972071546,PUT,0.3144075972071546,-0.6,d25,event_option_mh30trail_clean1000_frozen2025_select2026_d25_return_deploy202607_SPXW_v1,0,0.3,2,30,25,0.25,202602,d25,999,0,time_priority,,max_volume_component,SPXW
SPXW,zero_dte,11:30,690,202602,20260209,0.75,-0.6,-0.1205825292390984,0.3033729775957742,PUT,0.3033729775957742,-0.6,d25,event_option_mh30trail_clean1000_frozen2025_select2026_d25_return_deploy202607_SPXW_v1,0,0.3,2,30,25,0.25,202602,d25,999,0,time_priority,,max_volume_component,SPXW
SPXW,zero_dte,11:40,700,202602,20260209,0.995614143693293,-0.6,-0.0890677129280966,0.5219540473899987,PUT,0.5219540473899987,-0.6,d25,event_option_mh30trail_clean1000_frozen2025_select2026_d25_return_deploy202607_SPXW_v1,0,0.3,2,30,25,0.25,202602,d25,999,0,time_priority,,max_volume_component,SPXW
SPXW,zero_dte,13:15,795,202602,20260209,0.3716216007229882,1.6854840843288077,-0.2461262656055123,0.3500233213468413,PUT,0.3500233213468413,1.6854840843288077,d25,event_option_mh30trail_clean1000_frozen2025_select2026_d25_return_deploy202607_SPXW_v1,0,0.3,2,30,25,0.25,202602,d25,999,0,time_priority,,max_volume_component,SPXW
SPXW,zero_dte,10:05,605,202602,20260210,-0.6,0.2857143799869397,-0.2244563856302935,0.4224299717622388,PUT,0.4224299717622388,0.2857143799869397,d25,event_option_mh30trail_clean1000_frozen2025_select2026_d25_return_deploy202607_SPXW_v1,0,0.3,2,30,25,0.25,202602,d25,999,0,time_priority,,max_volume_component,SPXW
SPXW,zero_dte,10:20,620,202602,20260210,-0.6,0.2738095238095237,-0.1333596289717173,0.3247062163689203,PUT,0.3247062163689203,0.2738095238095237,d25,event_option_mh30trail_clean1000_frozen2025_select2026_d25_return_deploy202607_SPXW_v1,0,0.3,2,30,25,0.25,202602,d25,999,0,time_priority,,max_volume_component,SPXW
SPXW,zero_dte,10:20,620,202602,20260211,0.2661290173724087,-0.6,-0.2880397963680444,0.3745556993519328,PUT,0.3745556993519328,-0.6,d25,event_option_mh30trail_clean1000_frozen2025_select2026_d25_return_deploy202607_SPXW_v1,0,0.3,2,30,25,0.25,202602,d25,999,0,time_priority,,max_volume_component,SPXW
SPXW,zero_dte,10:30,630,202602,20260211,0.75,-0.6,-0.3986444036329766,0.4933206588305968,PUT,0.4933206588305968,-0.6,d25,event_option_mh30trail_clean1000_frozen2025_select2026_d25_return_deploy202607_SPXW_v1,0,0.3,2,30,25,0.25,202602,d25,999,0,time_priority,,max_volume_component,SPXW
SPXW,zero_dte,10:05,605,202602,20260212,-0.6,0.4960316931699815,-0.2455468325287692,0.4157060831486417,PUT,0.4157060831486417,0.4960316931699815,d25,event_option_mh30trail_clean1000_frozen2025_select2026_d25_return_deploy202607_SPXW_v1,0,0.3,2,30,25,0.25,202602,d25,999,0,time_priority,,max_volume_component,SPXW
SPXW,zero_dte,10:10,610,202602,20260212,-0.6,0.6703703152626477,-0.3857619581330263,0.5809206584704516,PUT,0.5809206584704516,0.6703703152626477,d25,event_option_mh30trail_clean1000_frozen2025_select2026_d25_return_deploy202607_SPXW_v1,0,0.3,2,30,25,0.25,202602,d25,999,0,time_priority,,max_volume_component,SPXW
SPXW,zero_dte,10:15,615,202602,20260212,-0.6,1.6693549900471778,-0.4609534235393657,0.3387976237343226,PUT,0.3387976237343226,1.6693549900471778,d25,event_option_mh30trail_clean1000_frozen2025_select2026_d25_return_deploy202607_SPXW_v1,0,0.3,2,30,25,0.25,202602,d25,999,0,time_priority,,max_volume_component,SPXW
SPXW,zero_dte,10:20,620,202602,20260212,-0.6,1.5499999999999998,-0.5341371115414515,0.3772860649058466,PUT,0.3772860649058466,1.5499999999999998,d25,event_option_mh30trail_clean1000_frozen2025_select2026_d25_return_deploy202607_SPXW_v1,0,0.3,2,30,25,0.25,202602,d25,999,0,time_priority,,max_volume_component,SPXW
SPXW,zero_dte,10:25,625,202602,20260212,-0.6,2.640909021550959,-0.5494447725211727,0.3966860260623568,PUT,0.3966860260623568,2.640909021550959,d25,event_option_mh30trail_clean1000_frozen2025_select2026_d25_return_deploy202607_SPXW_v1,0,0.3,2,30,25,0.25,202602,d25,999,0,time_priority,,max_volume_component,SPXW
SPXW,zero_dte,10:30,630,202602,20260212,-0.6,4.909090862293875,-0.5568388419184039,0.5888746873588969,PUT,0.5888746873588969,4.909090862293875,d25,event_option_mh30trail_clean1000_frozen2025_select2026_d25_return_deploy202607_SPXW_v1,0,0.3,2,30,25,0.25,202602,d25,999,0,time_priority,,max_volume_component,SPXW
SPXW,zero_dte,10:35,635,202602,20260212,-0.6,3.0961540789293904,-0.5362166058779172,0.4273757170774191,PUT,0.4273757170774191,3.0961540789293904,d25,event_option_mh30trail_clean1000_frozen2025_select2026_d25_return_deploy202607_SPXW_v1,0,0.3,2,30,25,0.25,202602,d25,999,0,time_priority,,max_volume_component,SPXW
SPXW,zero_dte,10:40,640,202602,20260212,-0.6,2.4488110125570683,-0.3712404823812801,0.4128908199509051,PUT,0.4128908199509051,2.4488110125570683,d25,event_option_mh30trail_clean1000_frozen2025_select2026_d25_return_deploy202607_SPXW_v1,0,0.3,2,30,25,0.25,202602,d25,999,0,time_priority,,max_volume_component,SPXW
SPXW,zero_dte,10:50,650,202602,20260212,-0.6,4.019841231396351,-0.3047440313401902,0.3123507549081984,PUT,0.3123507549081984,4.019841231396351,d25,event_option_mh30trail_clean1000_frozen2025_select2026_d25_return_deploy202607_SPXW_v1,0,0.3,2,30,25,0.25,202602,d25,999,0,time_priority,,max_volume_component,SPXW
SPXW,zero_dte,10:55,655,202602,20260212,-0.6,3.615671552563328,-0.5241400112685294,0.4771473648570835,PUT,0.4771473648570835,3.615671552563328,d25,event_option_mh30trail_clean1000_frozen2025_select2026_d25_return_deploy202607_SPXW_v1,0,0.3,2,30,25,0.25,202602,d25,999,0,time_priority,,max_volume_component,SPXW
SPXW,zero_dte,11:00,660,202602,20260212,-0.6,3.214788899821817,-0.5324507247262188,0.3113279317318453,PUT,0.3113279317318453,3.214788899821817,d25,event_option_mh30trail_clean1000_frozen2025_select2026_d25_return_deploy202607_SPXW_v1,0,0.3,2,30,25,0.25,202602,d25,999,0,time_priority,,max_volume_component,SPXW
SPXW,zero_dte,10:15,615,202602,20260213,0.4460783882903751,-0.6,0.4322363081809608,-0.2592401357708392,CALL,0.4322363081809608,0.4460783882903751,d25,event_option_mh30trail_clean1000_frozen2025_select2026_d25_return_deploy202607_SPXW_v1,0,0.3,2,30,25,0.25,202602,d25,999,0,time_priority,,max_volume_component,SPXW
SPXW,zero_dte,10:20,620,202602,20260213,0.4337607764180629,-0.6,0.359976167962131,-0.1670993444036787,CALL,0.359976167962131,0.4337607764180629,d25,event_option_mh30trail_clean1000_frozen2025_select2026_d25_return_deploy202607_SPXW_v1,0,0.3,2,30,25,0.25,202602,d25,999,0,time_priority,,max_volume_component,SPXW
SPXW,zero_dte,10:45,645,202602,20260213,0.2944444020589192,-0.6,0.3436378148028211,-0.4449257782016181,CALL,0.3436378148028211,0.2944444020589192,d25,event_option_mh30trail_clean1000_frozen2025_select2026_d25_return_deploy202607_SPXW_v1,0,0.3,2,30,25,0.25,202602,d25,999,0,time_priority,,max_volume_component,SPXW
SPXW,zero_dte,11:05,665,202602,20260213,-0.6,0.3324467617969482,-0.3303273686233541,0.3531549820484354,PUT,0.3531549820484354,0.3324467617969482,d25,event_option_mh30trail_clean1000_frozen2025_select2026_d25_return_deploy202607_SPXW_v1,0,0.3,2,30,25,0.25,202602,d25,999,0,time_priority,,max_volume_component,SPXW
SPXW,zero_dte,11:40,700,202602,20260213,-0.6,-0.6,-0.1466038700225377,0.3656427837495483,PUT,0.3656427837495483,-0.6,d25,event_option_mh30trail_clean1000_frozen2025_select2026_d25_return_deploy202607_SPXW_v1,0,0.3,2,30,25,0.25,202602,d25,999,0,time_priority,,max_volume_component,SPXW
SPXW,zero_dte,11:45,705,202602,20260213,-0.6,-0.6,-0.1171215092688272,0.4131211706609088,PUT,0.4131211706609088,-0.6,d25,event_option_mh30trail_clean1000_frozen2025_select2026_d25_return_deploy202607_SPXW_v1,0,0.3,2,30,25,0.25,202602,d25,999,0,time_priority,,max_volume_component,SPXW
SPXW,zero_dte,11:55,715,202602,20260213,-0.6,-0.6,-0.3345079997971087,0.4455433475192427,PUT,0.4455433475192427,-0.6,d25,event_option_mh30trail_clean1000_frozen2025_select2026_d25_return_deploy202607_SPXW_v1,0,0.3,2,30,25,0.25,202602,d25,999,0,time_priority,,max_volume_component,SPXW
SPXW,zero_dte,12:00,720,202602,20260213,-0.6,-0.6,-0.2382915668085093,0.3225827263739097,PUT,0.3225827263739097,-0.6,d25,event_option_mh30trail_clean1000_frozen2025_select2026_d25_return_deploy202607_SPXW_v1,0,0.3,2,30,25,0.25,202602,d25,999,0,time_priority,,max_volume_component,SPXW
SPXW,zero_dte,12:05,725,202602,20260213,-0.6,-0.6,-0.1446386787583389,0.4289652466322083,PUT,0.4289652466322083,-0.6,d25,event_option_mh30trail_clean1000_frozen2025_select2026_d25_return_deploy202607_SPXW_v1,0,0.3,2,30,25,0.25,202602,d25,999,0,time_priority,,max_volume_component,SPXW
SPXW,zero_dte,12:10,730,202602,20260213,-0.6,-0.6,-0.1635928315352567,0.3154901197970878,PUT,0.3154901197970878,-0.6,d25,event_option_mh30trail_clean1000_frozen2025_select2026_d25_return_deploy202607_SPXW_v1,0,0.3,2,30,25,0.25,202602,d25,999,0,time_priority,,max_volume_component,SPXW
SPXW,zero_dte,12:20,740,202602,20260213,-0.6,0.2733644418335752,-0.1763897719646739,0.4954129798177603,PUT,0.4954129798177603,0.2733644418335752,d25,event_option_mh30trail_clean1000_frozen2025_select2026_d25_return_deploy202607_SPXW_v1,0,0.3,2,30,25,0.25,202602,d25,999,0,time_priority,,max_volume_component,SPXW
SPXW,zero_dte,12:30,750,202602,20260213,-0.6,0.2898229491002082,-0.2238419858854672,0.4310324722113246,PUT,0.4310324722113246,0.2898229491002082,d25,event_option_mh30trail_clean1000_frozen2025_select2026_d25_return_deploy202607_SPXW_v1,0,0.3,2,30,25,0.25,202602,d25,999,0,time_priority,,max_volume_component,SPXW
SPXW,zero_dte,12:55,775,202602,20260213,-0.6,0.4821428525812772,-0.3207795141173563,0.5536183080346274,PUT,0.5536183080346274,0.4821428525812772,d25,event_option_mh30trail_clean1000_frozen2025_select2026_d25_return_deploy202607_SPXW_v1,0,0.3,2,30,25,0.25,202602,d25,999,0,time_priority,,max_volume_component,SPXW
SPXW,zero_dte,13:00,780,202602,20260213,0.2500001135326619,0.4840425423984342,-0.3247225113428401,0.5340468919065703,PUT,0.5340468919065703,0.4840425423984342,d25,event_option_mh30trail_clean1000_frozen2025_select2026_d25_return_deploy202607_SPXW_v1,0,0.3,2,30,25,0.25,202602,d25,999,0,time_priority,,max_volume_component,SPXW
SPXW,zero_dte,13:15,795,202602,20260213,0.2865854481158709,0.354938196020329,-0.2901558192603977,0.3102124927880182,PUT,0.3102124927880182,0.354938196020329,d25,event_option_mh30trail_clean1000_frozen2025_select2026_d25_return_deploy202607_SPXW_v1,0,0.3,2,30,25,0.25,202602,d25,999,0,time_priority,,max_volume_component,SPXW
SPXW,zero_dte,13:30,810,202602,20260213,-0.6,0.2884615008412508,-0.2080178205983945,0.3218373948302748,PUT,0.3218373948302748,0.2884615008412508,d25,event_option_mh30trail_clean1000_frozen2025_select2026_d25_return_deploy202607_SPXW_v1,0,0.3,2,30,25,0.25,202602,d25,999,0,time_priority,,max_volume_component,SPXW
SPXW,zero_dte,10:10,610,202602,20260217,0.6170076804317925,-0.6,0.3765557710763798,-0.1287186346280592,CALL,0.3765557710763798,0.6170076804317925,d25,event_option_mh30trail_clean1000_frozen2025_select2026_d25_return_deploy202607_SPXW_v1,0,0.3,2,30,25,0.25,202602,d25,999,0,time_priority,,max_volume_component,SPXW
SPXW,zero_dte,10:15,615,202602,20260217,0.8487653332573535,-0.6,0.4059828251042066,-0.1153486958838775,CALL,0.4059828251042066,0.8487653332573535,d25,event_option_mh30trail_clean1000_frozen2025_select2026_d25_return_deploy202607_SPXW_v1,0,0.3,2,30,25,0.25,202602,d25,999,0,time_priority,,max_volume_component,SPXW
SPXW,zero_dte,11:15,675,202602,20260217,-0.6,0.3907355162402841,-0.0448024089497947,0.3837163481520005,PUT,0.3837163481520005,0.3907355162402841,d25,event_option_mh30trail_clean1000_frozen2025_select2026_d25_return_deploy202607_SPXW_v1,0,0.3,2,30,25,0.25,202602,d25,999,0,time_priority,,max_volume_component,SPXW
SPXW,zero_dte,11:20,680,202602,20260217,-0.6,0.4208860316350666,0.3074683935534388,0.2134018472313432,CALL,0.3074683935534388,-0.6,d25,event_option_mh30trail_clean1000_frozen2025_select2026_d25_return_deploy202607_SPXW_v1,0,0.3,2,30,25,0.25,202602,d25,999,0,time_priority,,max_volume_component,SPXW
SPXW,zero_dte,11:25,685,202602,20260217,-0.6,0.7349623488668233,-0.0552939550413335,0.3566320178282692,PUT,0.3566320178282692,0.7349623488668233,d25,event_option_mh30trail_clean1000_frozen2025_select2026_d25_return_deploy202607_SPXW_v1,0,0.3,2,30,25,0.25,202602,d25,999,0,time_priority,,max_volume_component,SPXW
SPXW,zero_dte,11:35,695,202602,20260217,-0.6,0.6230158465849909,0.4463690077635677,-0.0162163340405546,CALL,0.4463690077635677,-0.6,d25,event_option_mh30trail_clean1000_frozen2025_select2026_d25_return_deploy202607_SPXW_v1,0,0.3,2,30,25,0.25,202602,d25,999,0,time_priority,,max_volume_component,SPXW
SPXW,zero_dte,11:40,700,202602,20260217,-0.6,0.3072207176516017,0.4401019423076842,0.1074096663454576,CALL,0.4401019423076842,-0.6,d25,event_option_mh30trail_clean1000_frozen2025_select2026_d25_return_deploy202607_SPXW_v1,0,0.3,2,30,25,0.25,202602,d25,999,0,time_priority,,max_volume_component,SPXW
SPXW,zero_dte,11:45,705,202602,20260217,0.3514235201545155,0.6230158465849909,0.4351263656248071,-0.1725941687631308,CALL,0.4351263656248071,0.3514235201545155,d25,event_option_mh30trail_clean1000_frozen2025_select2026_d25_return_deploy202607_SPXW_v1,0,0.3,2,30,25,0.25,202602,d25,999,0,time_priority,,max_volume_component,SPXW
SPXW,zero_dte,11:50,710,202602,20260217,0.275423704156654,0.2870370452132571,0.4484313930219453,0.0247402476143408,CALL,0.4484313930219453,0.275423704156654,d25,event_option_mh30trail_clean1000_frozen2025_select2026_d25_return_deploy202607_SPXW_v1,0,0.3,2,30,25,0.25,202602,d25,999,0,time_priority,,max_volume_component,SPXW
SPXW,zero_dte,11:55,715,202602,20260217,-0.6,1.1312499689559157,0.3376217883186251,0.1700674678728311,CALL,0.3376217883186251,-0.6,d25,event_option_mh30trail_clean1000_frozen2025_select2026_d25_return_deploy202607_SPXW_v1,0,0.3,2,30,25,0.25,202602,d25,999,0,time_priority,,max_volume_component,SPXW
SPXW,zero_dte,12:00,720,202602,20260217,-0.6,0.3598592195357635,0.4400649126732304,0.1277055618276454,CALL,0.4400649126732304,-0.6,d25,event_option_mh30trail_clean1000_frozen2025_select2026_d25_return_deploy202607_SPXW_v1,0,0.3,2,30,25,0.25,202602,d25,999,0,time_priority,,max_volume_component,SPXW
SPXW,zero_dte,12:05,725,202602,20260217,-0.6,0.4783950721108967,0.3538298418485384,-0.1603747164153613,CALL,0.3538298418485384,-0.6,d25,event_option_mh30trail_clean1000_frozen2025_select2026_d25_return_deploy202607_SPXW_v1,0,0.3,2,30,25,0.25,202602,d25,999,0,time_priority,,max_volume_component,SPXW
SPXW,zero_dte,12:10,730,202602,20260217,-0.6,0.3586956852250074,0.4596004474142574,-0.139029894832026,CALL,0.4596004474142574,-0.6,d25,event_option_mh30trail_clean1000_frozen2025_select2026_d25_return_deploy202607_SPXW_v1,0,0.3,2,30,25,0.25,202602,d25,999,0,time_priority,,max_volume_component,SPXW
SPXW,zero_dte,12:20,740,202602,20260217,0.2708333126372768,0.8954545801336113,0.4570014592552786,0.2191753162549122,CALL,0.4570014592552786,0.2708333126372768,d25,event_option_mh30trail_clean1000_frozen2025_select2026_d25_return_deploy202607_SPXW_v1,0,0.3,2,30,25,0.25,202602,d25,999,0,time_priority,,max_volume_component,SPXW
SPXW,zero_dte,12:30,750,202602,20260217,-0.6,1.3863636166596214,0.3524098842586348,0.1547716905696212,CALL,0.3524098842586348,-0.6,d25,event_option_mh30trail_clean1000_frozen2025_select2026_d25_return_deploy202607_SPXW_v1,0,0.3,2,30,25,0.25,202602,d25,999,0,time_priority,,max_volume_component,SPXW
SPXW,zero_dte,12:35,755,202602,20260217,-0.6,1.691176525586755,0.3644054745534497,0.0800381985652485,CALL,0.3644054745534497,-0.6,d25,event_option_mh30trail_clean1000_frozen2025_select2026_d25_return_deploy202607_SPXW_v1,0,0.3,2,30,25,0.25,202602,d25,999,0,time_priority,,max_volume_component,SPXW
SPXW,zero_dte,10:15,615,202602,20260218,-0.6,-0.6,-0.364560809555209,0.5656982277601967,PUT,0.5656982277601967,-0.6,d25,event_option_mh30trail_clean1000_frozen2025_select2026_d25_return_deploy202607_SPXW_v1,0,0.3,2,30,25,0.25,202602,d25,999,0,time_priority,,max_volume_component,SPXW
SPXW,zero_dte,10:20,620,202602,20260218,-0.6,-0.6,-0.3310601857650209,0.5246885456728051,PUT,0.5246885456728051,-0.6,d25,event_option_mh30trail_clean1000_frozen2025_select2026_d25_return_deploy202607_SPXW_v1,0,0.3,2,30,25,0.25,202602,d25,999,0,time_priority,,max_volume_component,SPXW
SPXW,zero_dte,10:25,625,202602,20260218,-0.6,-0.6,-0.3585697338675079,0.506206353577179,PUT,0.506206353577179,-0.6,d25,event_option_mh30trail_clean1000_frozen2025_select2026_d25_return_deploy202607_SPXW_v1,0,0.3,2,30,25,0.25,202602,d25,999,0,time_priority,,max_volume_component,SPXW
SPXW,zero_dte,10:30,630,202602,20260218,-0.6,-0.6,-0.1583760490785832,0.4743512988078445,PUT,0.4743512988078445,-0.6,d25,event_option_mh30trail_clean1000_frozen2025_select2026_d25_return_deploy202607_SPXW_v1,0,0.3,2,30,25,0.25,202602,d25,999,0,time_priority,,max_volume_component,SPXW
SPXW,zero_dte,10:35,635,202602,20260218,-0.6,-0.6,-0.1819190117518692,0.4079550969322528,PUT,0.4079550969322528,-0.6,d25,event_option_mh30trail_clean1000_frozen2025_select2026_d25_return_deploy202607_SPXW_v1,0,0.3,2,30,25,0.25,202602,d25,999,0,time_priority,,max_volume_component,SPXW
SPXW,zero_dte,10:40,640,202602,20260218,-0.6,-0.6,-0.3554671819374964,0.4637940818633406,PUT,0.4637940818633406,-0.6,d25,event_option_mh30trail_clean1000_frozen2025_select2026_d25_return_deploy202607_SPXW_v1,0,0.3,2,30,25,0.25,202602,d25,999,0,time_priority,,max_volume_component,SPXW
SPXW,zero_dte,10:45,645,202602,20260218,-0.6,-0.6,-0.4868699189815201,0.3605301740220606,PUT,0.3605301740220606,-0.6,d25,event_option_mh30trail_clean1000_frozen2025_select2026_d25_return_deploy202607_SPXW_v1,0,0.3,2,30,25,0.25,202602,d25,999,0,time_priority,,max_volume_component,SPXW
SPXW,zero_dte,10:50,650,202602,20260218,-0.6,-0.6,-0.4618990624831426,0.4176625028317601,PUT,0.4176625028317601,-0.6,d25,event_option_mh30trail_clean1000_frozen2025_select2026_d25_return_deploy202607_SPXW_v1,0,0.3,2,30,25,0.25,202602,d25,999,0,time_priority,,max_volume_component,SPXW
SPXW,zero_dte,11:20,680,202602,20260218,-0.6,-0.6,-0.1452613271453143,0.4113514386234935,PUT,0.4113514386234935,-0.6,d25,event_option_mh30trail_clean1000_frozen2025_select2026_d25_return_deploy202607_SPXW_v1,0,0.3,2,30,25,0.25,202602,d25,999,0,time_priority,,max_volume_component,SPXW
SPXW,zero_dte,11:25,685,202602,20260218,-0.6,-0.6,-0.2762661476447056,0.4798003710959325,PUT,0.4798003710959325,-0.6,d25,event_option_mh30trail_clean1000_frozen2025_select2026_d25_return_deploy202607_SPXW_v1,0,0.3,2,30,25,0.25,202602,d25,999,0,time_priority,,max_volume_component,SPXW
SPXW,zero_dte,11:50,710,202602,20260218,0.4279660099164346,-0.6,-0.0878378150510871,0.3053085195207313,PUT,0.3053085195207313,-0.6,d25,event_option_mh30trail_clean1000_frozen2025_select2026_d25_return_deploy202607_SPXW_v1,0,0.3,2,30,25,0.25,202602,d25,999,0,time_priority,,max_volume_component,SPXW
SPXW,zero_dte,11:55,715,202602,20260218,0.7229729990962648,-0.6,-0.3758558397733334,0.3466970643380502,PUT,0.3466970643380502,-0.6,d25,event_option_mh30trail_clean1000_frozen2025_select2026_d25_return_deploy202607_SPXW_v1,0,0.3,2,30,25,0.25,202602,d25,999,0,time_priority,,max_volume_component,SPXW
SPXW,zero_dte,12:00,720,202602,20260218,1.31140366140679,-0.6,-0.2875960583070199,0.3266999460907122,PUT,0.3266999460907122,-0.6,d25,event_option_mh30trail_clean1000_frozen2025_select2026_d25_return_deploy202607_SPXW_v1,0,0.3,2,30,25,0.25,202602,d25,999,0,time_priority,,max_volume_component,SPXW
SPXW,zero_dte,10:05,605,202602,20260219,-0.6,0.2272727223467237,-0.4398271201611237,0.3637570525571107,PUT,0.3637570525571107,0.2272727223467237,d25,event_option_mh30trail_clean1000_frozen2025_select2026_d25_return_deploy202607_SPXW_v1,0,0.3,2,30,25,0.25,202602,d25,999,0,time_priority,,max_volume_component,SPXW
SPXW,zero_dte,10:15,615,202602,20260219,-0.6,-0.6,-0.4053448468806944,0.5230895044496721,PUT,0.5230895044496721,-0.6,d25,event_option_mh30trail_clean1000_frozen2025_select2026_d25_return_deploy202607_SPXW_v1,0,0.3,2,30,25,0.25,202602,d25,999,0,time_priority,,max_volume_component,SPXW
SPXW,zero_dte,10:20,620,202602,20260219,-0.6,0.2941176037474911,-0.3874015536348799,0.5073679129957189,PUT,0.5073679129957189,0.2941176037474911,d25,event_option_mh30trail_clean1000_frozen2025_select2026_d25_return_deploy202607_SPXW_v1,0,0.3,2,30,25,0.25,202602,d25,999,0,time_priority,,max_volume_component,SPXW
SPXW,zero_dte,10:25,625,202602,20260219,-0.6,0.4329268916741089,-0.4357772231286967,0.5740419150056775,PUT,0.5740419150056775,0.4329268916741089,d25,event_option_mh30trail_clean1000_frozen2025_select2026_d25_return_deploy202607_SPXW_v1,0,0.3,2,30,25,0.25,202602,d25,999,0,time_priority,,max_volume_component,SPXW
SPXW,zero_dte,10:35,635,202602,20260219,-0.6,0.3470149423688899,-0.3434605659431181,0.4791918310627451,PUT,0.4791918310627451,0.3470149423688899,d25,event_option_mh30trail_clean1000_frozen2025_select2026_d25_return_deploy202607_SPXW_v1,0,0.3,2,30,25,0.25,202602,d25,999,0,time_priority,,max_volume_component,SPXW
SPXW,zero_dte,11:15,675,202602,20260219,-0.6,0.5136684066036648,-0.3354952771535078,0.4337488090516235,PUT,0.4337488090516235,0.5136684066036648,d25,event_option_mh30trail_clean1000_frozen2025_select2026_d25_return_deploy202607_SPXW_v1,0,0.3,2,30,25,0.25,202602,d25,999,0,time_priority,,max_volume_component,SPXW
SPXW,zero_dte,13:05,785,202602,20260219,0.4166666259113549,-0.6,0.3015858477492061,-0.2715652853519752,CALL,0.3015858477492061,0.4166666259113549,d25,event_option_mh30trail_clean1000_frozen2025_select2026_d25_return_deploy202607_SPXW_v1,0,0.3,2,30,25,0.25,202602,d25,999,0,time_priority,,max_volume_component,SPXW
SPXW,zero_dte,13:25,805,202602,20260219,0.4558823611909541,-0.6,0.3663939480576428,-0.46697697745842,CALL,0.3663939480576428,0.4558823611909541,d25,event_option_mh30trail_clean1000_frozen2025_select2026_d25_return_deploy202607_SPXW_v1,0,0.3,2,30,25,0.25,202602,d25,999,0,time_priority,,max_volume_component,SPXW
SPXW,zero_dte,13:35,815,202602,20260219,0.7949439935981664,-0.6,0.3678877830990736,-0.4608242729331672,CALL,0.3678877830990736,0.7949439935981664,d25,event_option_mh30trail_clean1000_frozen2025_select2026_d25_return_deploy202607_SPXW_v1,0,0.3,2,30,25,0.25,202602,d25,999,0,time_priority,,max_volume_component,SPXW
SPXW,zero_dte,10:05,605,202602,20260223,-0.6,0.7173913865999841,-0.2852042487386819,0.3232751972516924,PUT,0.3232751972516924,0.7173913865999841,d25,event_option_mh30trail_clean1000_frozen2025_select2026_d25_return_deploy202607_SPXW_v1,0,0.3,2,30,25,0.25,202602,d25,999,0,time_priority,,max_volume_component,SPXW
SPXW,zero_dte,10:10,610,202602,20260223,-0.6,0.3000000317891438,-0.406642049072438,0.482660607304725,PUT,0.482660607304725,0.3000000317891438,d25,event_option_mh30trail_clean1000_frozen2025_select2026_d25_return_deploy202607_SPXW_v1,0,0.3,2,30,25,0.25,202602,d25,999,0,time_priority,,max_volume_component,SPXW
SPXW,zero_dte,10:15,615,202602,20260223,-0.6,0.309999974568685,-0.4596106882757663,0.4387294997468492,PUT,0.4387294997468492,0.309999974568685,d25,event_option_mh30trail_clean1000_frozen2025_select2026_d25_return_deploy202607_SPXW_v1,0,0.3,2,30,25,0.25,202602,d25,999,0,time_priority,,max_volume_component,SPXW
SPXW,zero_dte,10:20,620,202602,20260223,-0.6,0.6785714285714286,-0.3328029758681849,0.4090951597670025,PUT,0.4090951597670025,0.6785714285714286,d25,event_option_mh30trail_clean1000_frozen2025_select2026_d25_return_deploy202607_SPXW_v1,0,0.3,2,30,25,0.25,202602,d25,999,0,time_priority,,max_volume_component,SPXW
SPXW,zero_dte,10:25,625,202602,20260223,-0.6,0.8025000095367432,-0.2972951475547547,0.4092753714394204,PUT,0.4092753714394204,0.8025000095367432,d25,event_option_mh30trail_clean1000_frozen2025_select2026_d25_return_deploy202607_SPXW_v1,0,0.3,2,30,25,0.25,202602,d25,999,0,time_priority,,max_volume_component,SPXW
SPXW,zero_dte,10:30,630,202602,20260223,-0.6,0.8106061481794611,-0.5275163527665009,0.402807619614768,PUT,0.402807619614768,0.8106061481794611,d25,event_option_mh30trail_clean1000_frozen2025_select2026_d25_return_deploy202607_SPXW_v1,0,0.3,2,30,25,0.25,202602,d25,999,0,time_priority,,max_volume_component,SPXW
SPXW,zero_dte,10:45,645,202602,20260223,-0.6,1.747032855920747,-0.5673864345487185,0.3818461243485977,PUT,0.3818461243485977,1.747032855920747,d25,event_option_mh30trail_clean1000_frozen2025_select2026_d25_return_deploy202607_SPXW_v1,0,0.3,2,30,25,0.25,202602,d25,999,0,time_priority,,max_volume_component,SPXW
SPXW,zero_dte,10:50,650,202602,20260223,-0.6,1.7008197182642784,-0.3336516249032365,0.3011318612979148,PUT,0.3011318612979148,1.7008197182642784,d25,event_option_mh30trail_clean1000_frozen2025_select2026_d25_return_deploy202607_SPXW_v1,0,0.3,2,30,25,0.25,202602,d25,999,0,time_priority,,max_volume_component,SPXW
SPXW,zero_dte,11:40,700,202602,20260223,-0.6,0.3960316780322943,0.3007304002870045,0.0501984529601268,CALL,0.3007304002870045,-0.6,d25,event_option_mh30trail_clean1000_frozen2025_select2026_d25_return_deploy202607_SPXW_v1,0,0.3,2,30,25,0.25,202602,d25,999,0,time_priority,,max_volume_component,SPXW
SPXW,zero_dte,11:50,710,202602,20260223,-0.6,0.307142931344559,0.3231669736557246,-0.1013153851871681,CALL,0.3231669736557246,-0.6,d25,event_option_mh30trail_clean1000_frozen2025_select2026_d25_return_deploy202607_SPXW_v1,0,0.3,2,30,25,0.25,202602,d25,999,0,time_priority,,max_volume_component,SPXW
SPXW,zero_dte,11:55,715,202602,20260223,-0.6,0.3703124579740695,0.3030921239038155,0.0247733435036452,CALL,0.3030921239038155,-0.6,d25,event_option_mh30trail_clean1000_frozen2025_select2026_d25_return_deploy202607_SPXW_v1,0,0.3,2,30,25,0.25,202602,d25,999,0,time_priority,,max_volume_component,SPXW
SPXW,zero_dte,12:00,720,202602,20260223,-0.6,0.2708333126372768,0.3042133519729377,0.0672245731651099,CALL,0.3042133519729377,-0.6,d25,event_option_mh30trail_clean1000_frozen2025_select2026_d25_return_deploy202607_SPXW_v1,0,0.3,2,30,25,0.25,202602,d25,999,0,time_priority,,max_volume_component,SPXW
SPXW,zero_dte,12:10,730,202602,20260223,-0.6,0.601785725385559,0.3717476190371179,-0.0948613144048704,CALL,0.3717476190371179,-0.6,d25,event_option_mh30trail_clean1000_frozen2025_select2026_d25_return_deploy202607_SPXW_v1,0,0.3,2,30,25,0.25,202602,d25,999,0,time_priority,,max_volume_component,SPXW
SPXW,zero_dte,12:20,740,202602,20260223,0.2542373347953646,0.6053192810431656,0.4250081321971598,-0.0726751090022614,CALL,0.4250081321971598,0.2542373347953646,d25,event_option_mh30trail_clean1000_frozen2025_select2026_d25_return_deploy202607_SPXW_v1,0,0.3,2,30,25,0.25,202602,d25,999,0,time_priority,,max_volume_component,SPXW
SPXW,zero_dte,12:35,755,202602,20260223,0.7351115591828834,-0.6,0.3424079918893348,-0.1343195277470511,CALL,0.3424079918893348,0.7351115591828834,d25,event_option_mh30trail_clean1000_frozen2025_select2026_d25_return_deploy202607_SPXW_v1,0,0.3,2,30,25,0.25,202602,d25,999,0,time_priority,,max_volume_component,SPXW
SPXW,zero_dte,12:45,765,202602,20260223,1.075581292193156,-0.6,0.3341661325042473,-0.166827950116916,CALL,0.3341661325042473,1.075581292193156,d25,event_option_mh30trail_clean1000_frozen2025_select2026_d25_return_deploy202607_SPXW_v1,0,0.3,2,30,25,0.25,202602,d25,999,0,time_priority,,max_volume_component,SPXW
SPXW,zero_dte,12:55,775,202602,20260223,0.8863635033615394,-0.6,0.3058923943590751,-0.0890759290150109,CALL,0.3058923943590751,0.8863635033615394,d25,event_option_mh30trail_clean1000_frozen2025_select2026_d25_return_deploy202607_SPXW_v1,0,0.3,2,30,25,0.25,202602,d25,999,0,time_priority,,max_volume_component,SPXW
SPXW,zero_dte,13:05,785,202602,20260223,0.9015151537044864,-0.6,0.3884012581235927,-0.3138993911316269,CALL,0.3884012581235927,0.9015151537044864,d25,event_option_mh30trail_clean1000_frozen2025_select2026_d25_return_deploy202607_SPXW_v1,0,0.3,2,30,25,0.25,202602,d25,999,0,time_priority,,max_volume_component,SPXW
SPXW,zero_dte,10:35,635,202602,20260224,0.4078948078393285,-0.6,-0.3950532064325281,0.3009907767522178,PUT,0.3009907767522178,-0.6,d25,event_option_mh30trail_clean1000_frozen2025_select2026_d25_return_deploy202607_SPXW_v1,0,0.3,2,30,25,0.25,202602,d25,999,0,time_priority,,max_volume_component,SPXW
SPXW,zero_dte,10:40,640,202602,20260224,-0.6,-0.6,-0.4162233633773961,0.4499767648239929,PUT,0.4499767648239929,-0.6,d25,event_option_mh30trail_clean1000_frozen2025_select2026_d25_return_deploy202607_SPXW_v1,0,0.3,2,30,25,0.25,202602,d25,999,0,time_priority,,max_volume_component,SPXW
SPXW,zero_dte,10:55,655,202602,20260224,0.3457447456093949,-0.6,-0.4048880136834614,0.4986699970187335,PUT,0.4986699970187335,-0.6,d25,event_option_mh30trail_clean1000_frozen2025_select2026_d25_return_deploy202607_SPXW_v1,0,0.3,2,30,25,0.25,202602,d25,999,0,time_priority,,max_volume_component,SPXW
SPXW,zero_dte,11:00,660,202602,20260224,0.75,-0.6,-0.4201154533282338,0.526489194838055,PUT,0.526489194838055,-0.6,d25,event_option_mh30trail_clean1000_frozen2025_select2026_d25_return_deploy202607_SPXW_v1,0,0.3,2,30,25,0.25,202602,d25,999,0,time_priority,,max_volume_component,SPXW
SPXW,zero_dte,11:05,665,202602,20260224,0.4527027323090999,0.3313953230482889,-0.3672266944946333,0.5527839990924671,PUT,0.5527839990924671,0.3313953230482889,d25,event_option_mh30trail_clean1000_frozen2025_select2026_d25_return_deploy202607_SPXW_v1,0,0.3,2,30,25,0.25,202602,d25,999,0,time_priority,,max_volume_component,SPXW
SPXW,zero_dte,11:10,670,202602,20260224,0.3560606870660014,0.408536670464694,-0.3367311342816865,0.4458175586167567,PUT,0.4458175586167567,0.408536670464694,d25,event_option_mh30trail_clean1000_frozen2025_select2026_d25_return_deploy202607_SPXW_v1,0,0.3,2,30,25,0.25,202602,d25,999,0,time_priority,,max_volume_component,SPXW
SPXW,zero_dte,11:15,675,202602,20260224,0.3136364329944958,0.7261906113484069,-0.0152393049915043,0.4233077533683191,PUT,0.4233077533683191,0.7261906113484069,d25,event_option_mh30trail_clean1000_frozen2025_select2026_d25_return_deploy202607_SPXW_v1,0,0.3,2,30,25,0.25,202602,d25,999,0,time_priority,,max_volume_component,SPXW
SPXW,zero_dte,11:25,685,202602,20260224,0.6223405420969108,0.3690477379865982,-0.3989533162065178,0.476375126754107,PUT,0.476375126754107,0.3690477379865982,d25,event_option_mh30trail_clean1000_frozen2025_select2026_d25_return_deploy202607_SPXW_v1,0,0.3,2,30,25,0.25,202602,d25,999,0,time_priority,,max_volume_component,SPXW
SPXW,zero_dte,11:30,690,202602,20260224,0.447247676321197,-0.6,-0.3843348129498584,0.3763119471180238,PUT,0.3763119471180238,-0.6,d25,event_option_mh30trail_clean1000_frozen2025_select2026_d25_return_deploy202607_SPXW_v1,0,0.3,2,30,25,0.25,202602,d25,999,0,time_priority,,max_volume_component,SPXW
SPXW,zero_dte,11:40,700,202602,20260224,0.7965115814869201,-0.6,-0.3364169319680246,0.4209793019152901,PUT,0.4209793019152901,-0.6,d25,event_option_mh30trail_clean1000_frozen2025_select2026_d25_return_deploy202607_SPXW_v1,0,0.3,2,30,25,0.25,202602,d25,999,0,time_priority,,max_volume_component,SPXW
SPXW,zero_dte,10:10,610,202602,20260225,0.25,-0.6,-0.477773416783659,0.5933816777148292,PUT,0.5933816777148292,-0.6,d25,event_option_mh30trail_clean1000_frozen2025_select2026_d25_return_deploy202607_SPXW_v1,0,0.3,2,30,25,0.25,202602,d25,999,0,time_priority,,max_volume_component,SPXW
SPXW,zero_dte,10:25,625,202602,20260225,0.5912698460754562,-0.6,-0.4144819317036492,0.3018103357393497,PUT,0.3018103357393497,-0.6,d25,event_option_mh30trail_clean1000_frozen2025_select2026_d25_return_deploy202607_SPXW_v1,0,0.3,2,30,25,0.25,202602,d25,999,0,time_priority,,max_volume_component,SPXW
SPXW,zero_dte,11:00,660,202602,20260225,0.275423704156654,-0.6,-0.3168751467097283,0.3128387043268224,PUT,0.3128387043268224,-0.6,d25,event_option_mh30trail_clean1000_frozen2025_select2026_d25_return_deploy202607_SPXW_v1,0,0.3,2,30,25,0.25,202602,d25,999,0,time_priority,,max_volume_component,SPXW
SPXW,zero_dte,10:25,625,202602,20260226,0.3611112067728892,-0.6,-0.1248118047077737,0.3120259408859395,PUT,0.3120259408859395,-0.6,d25,event_option_mh30trail_clean1000_frozen2025_select2026_d25_return_deploy202607_SPXW_v1,0,0.3,2,30,25,0.25,202602,d25,999,0,time_priority,,max_volume_component,SPXW
SPXW,zero_dte,10:30,630,202602,20260226,0.5653846447284405,-0.6,-0.1712285060138816,0.325372722452576,PUT,0.325372722452576,-0.6,d25,event_option_mh30trail_clean1000_frozen2025_select2026_d25_return_deploy202607_SPXW_v1,0,0.3,2,30,25,0.25,202602,d25,999,0,time_priority,,max_volume_component,SPXW
SPXW,zero_dte,12:45,765,202602,20260226,0.7738096157169165,-0.6,-0.3787978867993634,0.502291356781122,PUT,0.502291356781122,-0.6,d25,event_option_mh30trail_clean1000_frozen2025_select2026_d25_return_deploy202607_SPXW_v1,0,0.3,2,30,25,0.25,202602,d25,999,0,time_priority,,max_volume_component,SPXW
SPXW,zero_dte,13:15,795,202602,20260226,2.6917988707158846,-0.6,-0.118058291402228,0.3318415608585393,PUT,0.3318415608585393,-0.6,d25,event_option_mh30trail_clean1000_frozen2025_select2026_d25_return_deploy202607_SPXW_v1,0,0.3,2,30,25,0.25,202602,d25,999,0,time_priority,,max_volume_component,SPXW
SPXW,zero_dte,10:05,605,202602,20260227,-0.6,-0.6,-0.5645145894897865,0.5311759408975961,PUT,0.5311759408975961,-0.6,d25,event_option_mh30trail_clean1000_frozen2025_select2026_d25_return_deploy202607_SPXW_v1,0,0.3,2,30,25,0.25,202602,d25,999,0,time_priority,,max_volume_component,SPXW
SPXW,zero_dte,10:10,610,202602,20260227,-0.6,-0.6,-0.4388676232869138,0.5136294425556304,PUT,0.5136294425556304,-0.6,d25,event_option_mh30trail_clean1000_frozen2025_select2026_d25_return_deploy202607_SPXW_v1,0,0.3,2,30,25,0.25,202602,d25,999,0,time_priority,,max_volume_component,SPXW
SPXW,zero_dte,10:15,615,202602,20260227,-0.6,-0.6,-0.4585565345746051,0.4965650020889495,PUT,0.4965650020889495,-0.6,d25,event_option_mh30trail_clean1000_frozen2025_select2026_d25_return_deploy202607_SPXW_v1,0,0.3,2,30,25,0.25,202602,d25,999,0,time_priority,,max_volume_component,SPXW
SPXW,zero_dte,10:20,620,202602,20260227,-0.6,-0.6,-0.2923492780725673,0.4691668880806243,PUT,0.4691668880806243,-0.6,d25,event_option_mh30trail_clean1000_frozen2025_select2026_d25_return_deploy202607_SPXW_v1,0,0.3,2,30,25,0.25,202602,d25,999,0,time_priority,,max_volume_component,SPXW
SPXW,zero_dte,10:25,625,202602,20260227,0.436746949190187,-0.6,-0.5195390871031086,0.4126764667629298,PUT,0.4126764667629298,-0.6,d25,event_option_mh30trail_clean1000_frozen2025_select2026_d25_return_deploy202607_SPXW_v1,0,0.3,2,30,25,0.25,202602,d25,999,0,time_priority,,max_volume_component,SPXW
SPXW,zero_dte,10:30,630,202602,20260227,0.3297100678083162,-0.6,-0.3119143536700754,0.3630289329720499,PUT,0.3630289329720499,-0.6,d25,event_option_mh30trail_clean1000_frozen2025_select2026_d25_return_deploy202607_SPXW_v1,0,0.3,2,30,25,0.25,202602,d25,999,0,time_priority,,max_volume_component,SPXW
SPXW,zero_dte,10:35,635,202602,20260227,0.3071428026471818,-0.6,-0.2522359139636879,0.3645049847206535,PUT,0.3645049847206535,-0.6,d25,event_option_mh30trail_clean1000_frozen2025_select2026_d25_return_deploy202607_SPXW_v1,0,0.3,2,30,25,0.25,202602,d25,999,0,time_priority,,max_volume_component,SPXW
SPXW,zero_dte,10:40,640,202602,20260227,-0.6,-0.6,-0.3270347193505862,0.3138858173656545,PUT,0.3138858173656545,-0.6,d25,event_option_mh30trail_clean1000_frozen2025_select2026_d25_return_deploy202607_SPXW_v1,0,0.3,2,30,25,0.25,202602,d25,999,0,time_priority,,max_volume_component,SPXW
SPXW,zero_dte,10:45,645,202602,20260227,-0.6,0.4423076264721888,-0.3990010692975545,0.6182035654776882,PUT,0.6182035654776882,0.4423076264721888,d25,event_option_mh30trail_clean1000_frozen2025_select2026_d25_return_deploy202607_SPXW_v1,0,0.3,2,30,25,0.25,202602,d25,999,0,time_priority,,max_volume_component,SPXW
SPXW,zero_dte,11:05,665,202602,20260227,-0.6,0.2711268078592703,-0.1307453212401998,0.4243150876482388,PUT,0.4243150876482388,0.2711268078592703,d25,event_option_mh30trail_clean1000_frozen2025_select2026_d25_return_deploy202607_SPXW_v1,0,0.3,2,30,25,0.25,202602,d25,999,0,time_priority,,max_volume_component,SPXW
SPXW,zero_dte,11:25,685,202602,20260227,-0.6,0.3597560105710531,-0.2113121091424123,0.4758736045366752,PUT,0.4758736045366752,0.3597560105710531,d25,event_option_mh30trail_clean1000_frozen2025_select2026_d25_return_deploy202607_SPXW_v1,0,0.3,2,30,25,0.25,202602,d25,999,0,time_priority,,max_volume_component,SPXW
SPXW,zero_dte,11:35,695,202602,20260227,-0.6,0.5506182374520887,-0.1846174372452421,0.3340074718963796,PUT,0.3340074718963796,0.5506182374520887,d25,event_option_mh30trail_clean1000_frozen2025_select2026_d25_return_deploy202607_SPXW_v1,0,0.3,2,30,25,0.25,202602,d25,999,0,time_priority,,max_volume_component,SPXW
SPXW,zero_dte,11:40,700,202602,20260227,-0.6,0.8006329832121333,-0.1569253836271483,0.3922523173341048,PUT,0.3922523173341048,0.8006329832121333,d25,event_option_mh30trail_clean1000_frozen2025_select2026_d25_return_deploy202607_SPXW_v1,0,0.3,2,30,25,0.25,202602,d25,999,0,time_priority,,max_volume_component,SPXW
SPXW,zero_dte,11:45,705,202602,20260227,0.3055554574409156,0.6933961924644256,-0.1632886431740604,0.313110583583135,PUT,0.313110583583135,0.6933961924644256,d25,event_option_mh30trail_clean1000_frozen2025_select2026_d25_return_deploy202607_SPXW_v1,0,0.3,2,30,25,0.25,202602,d25,999,0,time_priority,,max_volume_component,SPXW
SPXW,zero_dte,12:30,750,202602,20260227,-0.6,-0.6,-0.0954216835258027,0.5026062796935977,PUT,0.5026062796935977,-0.6,d25,event_option_mh30trail_clean1000_frozen2025_select2026_d25_return_deploy202607_SPXW_v1,0,0.3,2,30,25,0.25,202602,d25,999,0,time_priority,,max_volume_component,SPXW
SPXW,zero_dte,12:35,755,202602,20260227,-0.6,0.6104650337545248,-0.050595058034673,0.3540562040300556,PUT,0.3540562040300556,0.6104650337545248,d25,event_option_mh30trail_clean1000_frozen2025_select2026_d25_return_deploy202607_SPXW_v1,0,0.3,2,30,25,0.25,202602,d25,999,0,time_priority,,max_volume_component,SPXW
SPXW,zero_dte,12:55,775,202602,20260227,-0.6,0.3999999503294646,-0.1331091071879613,0.3308945092452422,PUT,0.3308945092452422,0.3999999503294646,d25,event_option_mh30trail_clean1000_frozen2025_select2026_d25_return_deploy202607_SPXW_v1,0,0.3,2,30,25,0.25,202602,d25,999,0,time_priority,,max_volume_component,SPXW
SPXW,zero_dte,10:05,605,202603,20260302,-0.6,0.3657894588243267,-0.38054565554576,0.31373917187866,PUT,0.31373917187866,0.3657894588243267,d25,event_option_mh30trail_clean1000_frozen2025_select2026_d25_return_deploy202607_SPXW_v1,0,0.3,2,30,25,0.25,202603,d25,999,0,time_priority,,max_volume_component,SPXW
SPXW,zero_dte,10:45,645,202603,20260302,-0.6,-0.6,-0.2342938813376761,0.3150197147777188,PUT,0.3150197147777188,-0.6,d25,event_option_mh30trail_clean1000_frozen2025_select2026_d25_return_deploy202607_SPXW_v1,0,0.3,2,30,25,0.25,202603,d25,999,0,time_priority,,max_volume_component,SPXW
SPXW,zero_dte,10:50,650,202603,20260302,0.5080645086862043,-0.6,-0.1568021183514376,0.3788779474611071,PUT,0.3788779474611071,-0.6,d25,event_option_mh30trail_clean1000_frozen2025_select2026_d25_return_deploy202607_SPXW_v1,0,0.3,2,30,25,0.25,202603,d25,999,0,time_priority,,max_volume_component,SPXW
SPXW,zero_dte,11:50,710,202603,20260302,-0.6,-0.6,0.3400647087279126,0.1262205047004728,CALL,0.3400647087279126,-0.6,d25,event_option_mh30trail_clean1000_frozen2025_select2026_d25_return_deploy202607_SPXW_v1,0,0.3,2,30,25,0.25,202603,d25,999,0,time_priority,,max_volume_component,SPXW
SPXW,zero_dte,12:15,735,202603,20260302,-0.6,-0.6,-0.0706583543384279,0.4189848067766477,PUT,0.4189848067766477,-0.6,d25,event_option_mh30trail_clean1000_frozen2025_select2026_d25_return_deploy202607_SPXW_v1,0,0.3,2,30,25,0.25,202603,d25,999,0,time_priority,,max_volume_component,SPXW
SPXW,zero_dte,12:30,750,202603,20260302,0.4118074922237662,-0.6,-0.0640105445378685,0.3693187075510074,PUT,0.3693187075510074,-0.6,d25,event_option_mh30trail_clean1000_frozen2025_select2026_d25_return_deploy202607_SPXW_v1,0,0.3,2,30,25,0.25,202603,d25,999,0,time_priority,,max_volume_component,SPXW
SPXW,zero_dte,12:55,775,202603,20260302,-0.6,0.2749999761581421,0.326235761977689,0.1317442076278908,CALL,0.326235761977689,-0.6,d25,event_option_mh30trail_clean1000_frozen2025_select2026_d25_return_deploy202607_SPXW_v1,0,0.3,2,30,25,0.25,202603,d25,999,0,time_priority,,max_volume_component,SPXW
SPXW,zero_dte,13:00,780,202603,20260302,-0.6,0.5984848462955135,0.4533565009089719,0.0763495470830616,CALL,0.4533565009089719,-0.6,d25,event_option_mh30trail_clean1000_frozen2025_select2026_d25_return_deploy202607_SPXW_v1,0,0.3,2,30,25,0.25,202603,d25,999,0,time_priority,,max_volume_component,SPXW
SPXW,zero_dte,13:05,785,202603,20260302,-0.6,0.7177419652551824,0.307627918206906,0.0768850250137739,CALL,0.307627918206906,-0.6,d25,event_option_mh30trail_clean1000_frozen2025_select2026_d25_return_deploy202607_SPXW_v1,0,0.3,2,30,25,0.25,202603,d25,999,0,time_priority,,max_volume_component,SPXW
SPXW,zero_dte,12:00,720,202603,20260303,0.559090874411843,-0.6,0.3306508743626721,-0.1002789276719508,CALL,0.3306508743626721,0.559090874411843,d25,event_option_mh30trail_clean1000_frozen2025_select2026_d25_return_deploy202607_SPXW_v1,0,0.3,2,30,25,0.25,202603,d25,999,0,time_priority,,max_volume_component,SPXW
SPXW,zero_dte,12:45,765,202603,20260303,0.559090874411843,0.2651515370448651,0.3571365686841474,-0.0346502866641326,CALL,0.3571365686841474,0.559090874411843,d25,event_option_mh30trail_clean1000_frozen2025_select2026_d25_return_deploy202607_SPXW_v1,0,0.3,2,30,25,0.25,202603,d25,999,0,time_priority,,max_volume_component,SPXW
SPXW,zero_dte,12:50,770,202603,20260303,0.7164031465975549,-0.6,0.3690456098084481,-0.1597891786380723,CALL,0.3690456098084481,0.7164031465975549,d25,event_option_mh30trail_clean1000_frozen2025_select2026_d25_return_deploy202607_SPXW_v1,0,0.3,2,30,25,0.25,202603,d25,999,0,time_priority,,max_volume_component,SPXW
SPXW,zero_dte,12:55,775,202603,20260303,1.4228813903148878,-0.6,0.3728316498994488,-0.3699109876314179,CALL,0.3728316498994488,1.4228813903148878,d25,event_option_mh30trail_clean1000_frozen2025_select2026_d25_return_deploy202607_SPXW_v1,0,0.3,2,30,25,0.25,202603,d25,999,0,time_priority,,max_volume_component,SPXW
SPXW,zero_dte,13:25,805,202603,20260303,1.826923001682501,-0.6,0.3470054482388794,-0.3097819611846887,CALL,0.3470054482388794,1.826923001682501,d25,event_option_mh30trail_clean1000_frozen2025_select2026_d25_return_deploy202607_SPXW_v1,0,0.3,2,30,25,0.25,202603,d25,999,0,time_priority,,max_volume_component,SPXW
SPXW,zero_dte,13:30,810,202603,20260303,1.826923001682501,-0.6,0.3312349738181206,-0.4014160436819858,CALL,0.3312349738181206,1.826923001682501,d25,event_option_mh30trail_clean1000_frozen2025_select2026_d25_return_deploy202607_SPXW_v1,0,0.3,2,30,25,0.25,202603,d25,999,0,time_priority,,max_volume_component,SPXW
SPXW,zero_dte,13:35,815,202603,20260303,0.7925533555438005,-0.6,0.3007685187424255,-0.1055195277715381,CALL,0.3007685187424255,0.7925533555438005,d25,event_option_mh30trail_clean1000_frozen2025_select2026_d25_return_deploy202607_SPXW_v1,0,0.3,2,30,25,0.25,202603,d25,999,0,time_priority,,max_volume_component,SPXW
SPXW,zero_dte,13:40,820,202603,20260303,-0.6,0.4704300722423662,0.316060827838175,0.0323818748518717,CALL,0.316060827838175,-0.6,d25,event_option_mh30trail_clean1000_frozen2025_select2026_d25_return_deploy202607_SPXW_v1,0,0.3,2,30,25,0.25,202603,d25,999,0,time_priority,,max_volume_component,SPXW
SPXW,zero_dte,13:45,825,202603,20260303,0.6231988318176807,0.2680328481397918,0.3305236419580395,0.0211081406807249,CALL,0.3305236419580395,0.6231988318176807,d25,event_option_mh30trail_clean1000_frozen2025_select2026_d25_return_deploy202607_SPXW_v1,0,0.3,2,30,25,0.25,202603,d25,999,0,time_priority,,max_volume_component,SPXW
SPXW,zero_dte,14:05,845,202603,20260303,-0.6,1.0443724337748517,0.3506464317676669,-0.0445350156479428,CALL,0.3506464317676669,-0.6,d25,event_option_mh30trail_clean1000_frozen2025_select2026_d25_return_deploy202607_SPXW_v1,0,0.3,2,30,25,0.25,202603,d25,999,0,time_priority,,max_volume_component,SPXW
SPXW,zero_dte,14:15,855,202603,20260303,0.7023809235472627,1.6127452263690951,0.3774597541664005,-0.2303205210538341,CALL,0.3774597541664005,0.7023809235472627,d25,event_option_mh30trail_clean1000_frozen2025_select2026_d25_return_deploy202607_SPXW_v1,0,0.3,2,30,25,0.25,202603,d25,999,0,time_priority,,max_volume_component,SPXW
SPXW,zero_dte,14:25,865,202603,20260303,1.6541096176745893,1.7370969399205158,0.4783080593919788,-0.2604001692466999,CALL,0.4783080593919788,1.6541096176745893,d25,event_option_mh30trail_clean1000_frozen2025_select2026_d25_return_deploy202607_SPXW_v1,0,0.3,2,30,25,0.25,202603,d25,999,0,time_priority,,max_volume_component,SPXW
SPXW,zero_dte,14:30,870,202603,20260303,2.7205881239221203,1.124358974985979,0.4484463096475926,-0.3613342642645107,CALL,0.4484463096475926,2.7205881239221203,d25,event_option_mh30trail_clean1000_frozen2025_select2026_d25_return_deploy202607_SPXW_v1,0,0.3,2,30,25,0.25,202603,d25,999,0,time_priority,,max_volume_component,SPXW
SPXW,zero_dte,10:35,635,202603,20260304,0.3100000381469727,0.3470149423688899,-0.3427957523210713,0.371709348630671,PUT,0.371709348630671,0.3470149423688899,d25,event_option_mh30trail_clean1000_frozen2025_select2026_d25_return_deploy202607_SPXW_v1,0,0.3,2,30,25,0.25,202603,d25,999,0,time_priority,,max_volume_component,SPXW
SPXW,zero_dte,10:55,655,202603,20260304,0.4652541901660501,0.3571428845123374,-0.5321661165011826,0.5386613615985059,PUT,0.5386613615985059,0.3571428845123374,d25,event_option_mh30trail_clean1000_frozen2025_select2026_d25_return_deploy202607_SPXW_v1,0,0.3,2,30,25,0.25,202603,d25,999,0,time_priority,,max_volume_component,SPXW
SPXW,zero_dte,11:00,660,202603,20260304,-0.6,0.9500000693581324,-0.4230760614010105,0.3701601675804811,PUT,0.3701601675804811,0.9500000693581324,d25,event_option_mh30trail_clean1000_frozen2025_select2026_d25_return_deploy202607_SPXW_v1,0,0.3,2,30,25,0.25,202603,d25,999,0,time_priority,,max_volume_component,SPXW
SPXW,zero_dte,11:10,670,202603,20260304,-0.2727272670975541,0.3906249755527828,-0.417239391990252,0.403266386166041,PUT,0.403266386166041,0.3906249755527828,d25,event_option_mh30trail_clean1000_frozen2025_select2026_d25_return_deploy202607_SPXW_v1,0,0.3,2,30,25,0.25,202603,d25,999,0,time_priority,,max_volume_component,SPXW
SPXW,zero_dte,11:30,690,202603,20260304,0.2899999618530273,-0.6,-0.3284058362268956,0.5076220284809656,PUT,0.5076220284809656,-0.6,d25,event_option_mh30trail_clean1000_frozen2025_select2026_d25_return_deploy202607_SPXW_v1,0,0.3,2,30,25,0.25,202603,d25,999,0,time_priority,,max_volume_component,SPXW
SPXW,zero_dte,11:35,695,202603,20260304,-0.6,-0.6,-0.4473132196308609,0.3254264548010381,PUT,0.3254264548010381,-0.6,d25,event_option_mh30trail_clean1000_frozen2025_select2026_d25_return_deploy202607_SPXW_v1,0,0.3,2,30,25,0.25,202603,d25,999,0,time_priority,,max_volume_component,SPXW
SPXW,zero_dte,11:40,700,202603,20260304,-0.2685185226066285,-0.6,-0.3013067055922361,0.4243726864501707,PUT,0.4243726864501707,-0.6,d25,event_option_mh30trail_clean1000_frozen2025_select2026_d25_return_deploy202607_SPXW_v1,0,0.3,2,30,25,0.25,202603,d25,999,0,time_priority,,max_volume_component,SPXW
SPXW,zero_dte,12:25,745,202603,20260304,-0.6,0.9131579921516368,-0.6306662365113077,0.3672929646362063,PUT,0.3672929646362063,0.9131579921516368,d25,event_option_mh30trail_clean1000_frozen2025_select2026_d25_return_deploy202607_SPXW_v1,0,0.3,2,30,25,0.25,202603,d25,999,0,time_priority,,max_volume_component,SPXW
SPXW,zero_dte,10:00,600,202603,20260305,-0.6,3.207236960777947,-0.688347549128928,0.5265914414725364,PUT,0.5265914414725364,3.207236960777947,d25,event_option_mh30trail_clean1000_frozen2025_select2026_d25_return_deploy202607_SPXW_v1,0,0.3,2,30,25,0.25,202603,d25,999,0,time_priority,,max_volume_component,SPXW
SPXW,zero_dte,10:35,635,202603,20260305,0.5703124132705866,-0.6,0.3769825850635898,-0.3354504234051045,CALL,0.3769825850635898,0.5703124132705866,d25,event_option_mh30trail_clean1000_frozen2025_select2026_d25_return_deploy202607_SPXW_v1,0,0.3,2,30,25,0.25,202603,d25,999,0,time_priority,,max_volume_component,SPXW
SPXW,zero_dte,10:45,645,202603,20260305,-0.6,0.7226026359296136,0.3048328662863473,0.1718498491082321,CALL,0.3048328662863473,-0.6,d25,event_option_mh30trail_clean1000_frozen2025_select2026_d25_return_deploy202607_SPXW_v1,0,0.3,2,30,25,0.25,202603,d25,999,0,time_priority,,max_volume_component,SPXW
SPXW,zero_dte,11:35,695,202603,20260305,0.6409090215509587,-0.6,0.3186669599390747,0.0156575361559824,CALL,0.3186669599390747,0.6409090215509587,d25,event_option_mh30trail_clean1000_frozen2025_select2026_d25_return_deploy202607_SPXW_v1,0,0.3,2,30,25,0.25,202603,d25,999,0,time_priority,,max_volume_component,SPXW
SPXW,zero_dte,11:55,715,202603,20260305,0.3307693401031986,1.100877204723599,0.3207933138793535,0.124751012925115,CALL,0.3207933138793535,0.3307693401031986,d25,event_option_mh30trail_clean1000_frozen2025_select2026_d25_return_deploy202607_SPXW_v1,0,0.3,2,30,25,0.25,202603,d25,999,0,time_priority,,max_volume_component,SPXW
SPXW,zero_dte,12:15,735,202603,20260305,-0.6,1.5058139199627756,0.3358701737816762,0.1604328750242602,CALL,0.3358701737816762,-0.6,d25,event_option_mh30trail_clean1000_frozen2025_select2026_d25_return_deploy202607_SPXW_v1,0,0.3,2,30,25,0.25,202603,d25,999,0,time_priority,,max_volume_component,SPXW
SPXW,zero_dte,12:20,740,202603,20260305,-0.6,1.5246480320493676,0.3132524636390942,-0.1883121833488941,CALL,0.3132524636390942,-0.6,d25,event_option_mh30trail_clean1000_frozen2025_select2026_d25_return_deploy202607_SPXW_v1,0,0.3,2,30,25,0.25,202603,d25,999,0,time_priority,,max_volume_component,SPXW
SPXW,zero_dte,14:15,855,202603,20260306,-0.6,0.6777107990744993,0.4089036737885002,-0.196899212580843,CALL,0.4089036737885002,-0.6,d25,event_option_mh30trail_clean1000_frozen2025_select2026_d25_return_deploy202607_SPXW_v1,0,0.3,2,30,25,0.25,202603,d25,999,0,time_priority,,max_volume_component,SPXW
SPXW,zero_dte,14:20,860,202603,20260306,-0.6,0.4891304708383492,0.4651333051612792,-0.5124351164391808,CALL,0.4651333051612792,-0.6,d25,event_option_mh30trail_clean1000_frozen2025_select2026_d25_return_deploy202607_SPXW_v1,0,0.3,2,30,25,0.25,202603,d25,999,0,time_priority,,max_volume_component,SPXW
SPXW,zero_dte,14:30,870,202603,20260306,-0.6,0.4336734122904289,0.4237937519371809,-0.3926533204439648,CALL,0.4237937519371809,-0.6,d25,event_option_mh30trail_clean1000_frozen2025_select2026_d25_return_deploy202607_SPXW_v1,0,0.3,2,30,25,0.25,202603,d25,999,0,time_priority,,max_volume_component,SPXW
SPXW,zero_dte,11:00,660,202603,20260309,0.5371222263946343,-0.6,0.3688476535495485,-0.2432539309671125,CALL,0.3688476535495485,0.5371222263946343,d25,event_option_mh30trail_clean1000_frozen2025_select2026_d25_return_deploy202607_SPXW_v1,0,0.3,2,30,25,0.25,202603,d25,999,0,time_priority,,max_volume_component,SPXW
SPXW,zero_dte,11:35,695,202603,20260309,1.1747786863752605,-0.6,0.321278123163582,-0.2406827733238893,CALL,0.321278123163582,1.1747786863752605,d25,event_option_mh30trail_clean1000_frozen2025_select2026_d25_return_deploy202607_SPXW_v1,0,0.3,2,30,25,0.25,202603,d25,999,0,time_priority,,max_volume_component,SPXW
SPXW,zero_dte,11:40,700,202603,20260309,0.3198587409193212,-0.6,0.3042157224160192,-0.0821230438649385,CALL,0.3042157224160192,0.3198587409193212,d25,event_option_mh30trail_clean1000_frozen2025_select2026_d25_return_deploy202607_SPXW_v1,0,0.3,2,30,25,0.25,202603,d25,999,0,time_priority,,max_volume_component,SPXW
SPXW,zero_dte,11:45,705,202603,20260309,0.8716040851311626,-0.6,0.3156459850309693,-0.0099098728370257,CALL,0.3156459850309693,0.8716040851311626,d25,event_option_mh30trail_clean1000_frozen2025_select2026_d25_return_deploy202607_SPXW_v1,0,0.3,2,30,25,0.25,202603,d25,999,0,time_priority,,max_volume_component,SPXW
SPXW,zero_dte,12:15,735,202603,20260309,1.4456521468712382,-0.6,0.3434106409992623,0.052305953733897,CALL,0.3434106409992623,1.4456521468712382,d25,event_option_mh30trail_clean1000_frozen2025_select2026_d25_return_deploy202607_SPXW_v1,0,0.3,2,30,25,0.25,202603,d25,999,0,time_priority,,max_volume_component,SPXW
SPXW,zero_dte,12:20,740,202603,20260309,2.216666699270916,-0.6,0.382829571504779,0.0971228152173599,CALL,0.382829571504779,2.216666699270916,d25,event_option_mh30trail_clean1000_frozen2025_select2026_d25_return_deploy202607_SPXW_v1,0,0.3,2,30,25,0.25,202603,d25,999,0,time_priority,,max_volume_component,SPXW
SPXW,zero_dte,12:30,750,202603,20260309,0.8430231629738403,0.3528368631231195,0.4381302362445969,-0.3737240957275999,CALL,0.4381302362445969,0.8430231629738403,d25,event_option_mh30trail_clean1000_frozen2025_select2026_d25_return_deploy202607_SPXW_v1,0,0.3,2,30,25,0.25,202603,d25,999,0,time_priority,,max_volume_component,SPXW
SPXW,zero_dte,12:45,765,202603,20260309,-0.6,0.3409090909090908,0.316496432318252,-0.2191544311512468,CALL,0.316496432318252,-0.6,d25,event_option_mh30trail_clean1000_frozen2025_select2026_d25_return_deploy202607_SPXW_v1,0,0.3,2,30,25,0.25,202603,d25,999,0,time_priority,,max_volume_component,SPXW
SPXW,zero_dte,12:50,770,202603,20260309,-0.6,0.8445455377752129,0.3451070582995723,-0.1863822323695119,CALL,0.3451070582995723,-0.6,d25,event_option_mh30trail_clean1000_frozen2025_select2026_d25_return_deploy202607_SPXW_v1,0,0.3,2,30,25,0.25,202603,d25,999,0,time_priority,,max_volume_component,SPXW
SPXW,zero_dte,12:55,775,202603,20260309,-0.6,1.5625000478965902,0.3200032927490484,-0.2648997326718762,CALL,0.3200032927490484,-0.6,d25,event_option_mh30trail_clean1000_frozen2025_select2026_d25_return_deploy202607_SPXW_v1,0,0.3,2,30,25,0.25,202603,d25,999,0,time_priority,,max_volume_component,SPXW
SPXW,zero_dte,13:15,795,202603,20260309,-0.6,1.0045453851873225,0.3156900963666394,-0.0783945081149948,CALL,0.3156900963666394,-0.6,d25,event_option_mh30trail_clean1000_frozen2025_select2026_d25_return_deploy202607_SPXW_v1,0,0.3,2,30,25,0.25,202603,d25,999,0,time_priority,,max_volume_component,SPXW
SPXW,zero_dte,13:20,800,202603,20260309,-0.6,0.3700000762939452,0.3833536672695639,-0.1372230859235166,CALL,0.3833536672695639,-0.6,d25,event_option_mh30trail_clean1000_frozen2025_select2026_d25_return_deploy202607_SPXW_v1,0,0.3,2,30,25,0.25,202603,d25,999,0,time_priority,,max_volume_component,SPXW
SPXW,zero_dte,13:55,835,202603,20260309,1.290540404699423,-0.6,0.3272775483012123,-0.2265689542482087,CALL,0.3272775483012123,1.290540404699423,d25,event_option_mh30trail_clean1000_frozen2025_select2026_d25_return_deploy202607_SPXW_v1,0,0.3,2,30,25,0.25,202603,d25,999,0,time_priority,,max_volume_component,SPXW
SPXW,zero_dte,10:00,600,202603,20260310,0.7653846740722656,-0.6,0.3389357273108296,-0.0830756058639665,CALL,0.3389357273108296,0.7653846740722656,d25,event_option_mh30trail_clean1000_frozen2025_select2026_d25_return_deploy202607_SPXW_v1,0,0.3,2,30,25,0.25,202603,d25,999,0,time_priority,,max_volume_component,SPXW
SPXW,zero_dte,10:15,615,202603,20260310,2.361111206772889,-0.6,-0.181683321342572,0.4215918229459252,PUT,0.4215918229459252,-0.6,d25,event_option_mh30trail_clean1000_frozen2025_select2026_d25_return_deploy202607_SPXW_v1,0,0.3,2,30,25,0.25,202603,d25,999,0,time_priority,,max_volume_component,SPXW
SPXW,zero_dte,10:30,630,202603,20260310,1.2999999523162842,-0.6,-0.2134626339219792,0.3996206449090199,PUT,0.3996206449090199,-0.6,d25,event_option_mh30trail_clean1000_frozen2025_select2026_d25_return_deploy202607_SPXW_v1,0,0.3,2,30,25,0.25,202603,d25,999,0,time_priority,,max_volume_component,SPXW
SPXW,zero_dte,10:35,635,202603,20260310,1.0884615091177134,-0.6,-0.5016526832691938,0.4414778105084141,PUT,0.4414778105084141,-0.6,d25,event_option_mh30trail_clean1000_frozen2025_select2026_d25_return_deploy202607_SPXW_v1,0,0.3,2,30,25,0.25,202603,d25,999,0,time_priority,,max_volume_component,SPXW
SPXW,zero_dte,10:40,640,202603,20260310,0.9586956190026324,-0.6,-0.2589946445256246,0.4180104629992976,PUT,0.4180104629992976,-0.6,d25,event_option_mh30trail_clean1000_frozen2025_select2026_d25_return_deploy202607_SPXW_v1,0,0.3,2,30,25,0.25,202603,d25,999,0,time_priority,,max_volume_component,SPXW
SPXW,zero_dte,10:45,645,202603,20260310,0.7970587795305959,-0.6,-0.330475641037409,0.4509232960666942,PUT,0.4509232960666942,-0.6,d25,event_option_mh30trail_clean1000_frozen2025_select2026_d25_return_deploy202607_SPXW_v1,0,0.3,2,30,25,0.25,202603,d25,999,0,time_priority,,max_volume_component,SPXW
SPXW,zero_dte,10:50,650,202603,20260310,0.4338709518639025,-0.6,-0.3535320518956669,0.4220464058098007,PUT,0.4220464058098007,-0.6,d25,event_option_mh30trail_clean1000_frozen2025_select2026_d25_return_deploy202607_SPXW_v1,0,0.3,2,30,25,0.25,202603,d25,999,0,time_priority,,max_volume_component,SPXW
SPXW,zero_dte,11:00,660,202603,20260310,-0.6,-0.6,-0.2137228614633321,0.3418481043179406,PUT,0.3418481043179406,-0.6,d25,event_option_mh30trail_clean1000_frozen2025_select2026_d25_return_deploy202607_SPXW_v1,0,0.3,2,30,25,0.25,202603,d25,999,0,time_priority,,max_volume_component,SPXW
SPXW,zero_dte,11:05,665,202603,20260310,-0.6,-0.6,-0.1043357275000701,0.3066262497534736,PUT,0.3066262497534736,-0.6,d25,event_option_mh30trail_clean1000_frozen2025_select2026_d25_return_deploy202607_SPXW_v1,0,0.3,2,30,25,0.25,202603,d25,999,0,time_priority,,max_volume_component,SPXW
SPXW,zero_dte,11:20,680,202603,20260310,-0.6,0.2641956073220526,0.0218009551975478,0.4464264480038726,PUT,0.4464264480038726,0.2641956073220526,d25,event_option_mh30trail_clean1000_frozen2025_select2026_d25_return_deploy202607_SPXW_v1,0,0.3,2,30,25,0.25,202603,d25,999,0,time_priority,,max_volume_component,SPXW
SPXW,zero_dte,11:25,685,202603,20260310,-0.6,0.3093219763655261,-0.1699676808836496,0.3029600034516296,PUT,0.3029600034516296,0.3093219763655261,d25,event_option_mh30trail_clean1000_frozen2025_select2026_d25_return_deploy202607_SPXW_v1,0,0.3,2,30,25,0.25,202603,d25,999,0,time_priority,,max_volume_component,SPXW
SPXW,zero_dte,11:35,695,202603,20260310,0.4669811422606722,0.3300000190734864,-0.1625936387362273,0.3774093158461246,PUT,0.3774093158461246,0.3300000190734864,d25,event_option_mh30trail_clean1000_frozen2025_select2026_d25_return_deploy202607_SPXW_v1,0,0.3,2,30,25,0.25,202603,d25,999,0,time_priority,,max_volume_component,SPXW
SPXW,zero_dte,11:40,700,202603,20260310,0.4244184860221291,0.3928571367750362,-0.1907423626687093,0.3001004491110218,PUT,0.3001004491110218,0.3928571367750362,d25,event_option_mh30trail_clean1000_frozen2025_select2026_d25_return_deploy202607_SPXW_v1,0,0.3,2,30,25,0.25,202603,d25,999,0,time_priority,,max_volume_component,SPXW
SPXW,zero_dte,11:45,705,202603,20260310,-0.6,0.7877358117108684,0.0472939813032548,0.3765079410910601,PUT,0.3765079410910601,0.7877358117108684,d25,event_option_mh30trail_clean1000_frozen2025_select2026_d25_return_deploy202607_SPXW_v1,0,0.3,2,30,25,0.25,202603,d25,999,0,time_priority,,max_volume_component,SPXW
SPXW,zero_dte,11:50,710,202603,20260310,0.4227272380482068,0.7877358117108684,-0.1631757956218618,0.3001787766814963,PUT,0.3001787766814963,0.7877358117108684,d25,event_option_mh30trail_clean1000_frozen2025_select2026_d25_return_deploy202607_SPXW_v1,0,0.3,2,30,25,0.25,202603,d25,999,0,time_priority,,max_volume_component,SPXW
SPXW,zero_dte,10:00,600,202603,20260311,-0.6,1.8777776095111705,-0.1356460312928644,0.3445325080898552,PUT,0.3445325080898552,1.8777776095111705,d25,event_option_mh30trail_clean1000_frozen2025_select2026_d25_return_deploy202607_SPXW_v1,0,0.3,2,30,25,0.25,202603,d25,999,0,time_priority,,max_volume_component,SPXW
SPXW,zero_dte,12:05,725,202603,20260311,0.5861111968387815,-0.6,0.0868460811594474,0.3258276483484379,PUT,0.3258276483484379,-0.6,d25,event_option_mh30trail_clean1000_frozen2025_select2026_d25_return_deploy202607_SPXW_v1,0,0.3,2,30,25,0.25,202603,d25,999,0,time_priority,,max_volume_component,SPXW
SPXW,zero_dte,12:10,730,202603,20260311,0.4166666907493517,-0.6,-0.0198111484239576,0.3222043040633539,PUT,0.3222043040633539,-0.6,d25,event_option_mh30trail_clean1000_frozen2025_select2026_d25_return_deploy202607_SPXW_v1,0,0.3,2,30,25,0.25,202603,d25,999,0,time_priority,,max_volume_component,SPXW
SPXW,zero_dte,12:25,745,202603,20260311,0.4052962267286137,-0.6,-0.0567569574287545,0.3916890160307421,PUT,0.3916890160307421,-0.6,d25,event_option_mh30trail_clean1000_frozen2025_select2026_d25_return_deploy202607_SPXW_v1,0,0.3,2,30,25,0.25,202603,d25,999,0,time_priority,,max_volume_component,SPXW
SPXW,zero_dte,13:20,800,202603,20260311,0.2939999580383301,2.409574778925095,0.3391903429045447,-0.2674536645789978,CALL,0.3391903429045447,0.2939999580383301,d25,event_option_mh30trail_clean1000_frozen2025_select2026_d25_return_deploy202607_SPXW_v1,0,0.3,2,30,25,0.25,202603,d25,999,0,time_priority,,max_volume_component,SPXW
SPXW,zero_dte,13:30,810,202603,20260311,-0.6,3.122548951776335,0.3323462704445801,-0.1381437760678765,CALL,0.3323462704445801,-0.6,d25,event_option_mh30trail_clean1000_frozen2025_select2026_d25_return_deploy202607_SPXW_v1,0,0.3,2,30,25,0.25,202603,d25,999,0,time_priority,,max_volume_component,SPXW
SPXW,zero_dte,13:50,830,202603,20260311,-0.6,0.4741379397573797,0.3146063511583352,-0.1674961091001481,CALL,0.3146063511583352,-0.6,d25,event_option_mh30trail_clean1000_frozen2025_select2026_d25_return_deploy202607_SPXW_v1,0,0.3,2,30,25,0.25,202603,d25,999,0,time_priority,,max_volume_component,SPXW
SPXW,zero_dte,14:05,845,202603,20260311,-0.6,0.4583332257138401,0.3188525747316506,-0.0439095523426364,CALL,0.3188525747316506,-0.6,d25,event_option_mh30trail_clean1000_frozen2025_select2026_d25_return_deploy202607_SPXW_v1,0,0.3,2,30,25,0.25,202603,d25,999,0,time_priority,,max_volume_component,SPXW
SPXW,zero_dte,10:20,620,202603,20260312,-0.6,0.3700000762939452,0.4079100326767707,-0.2435967854163488,CALL,0.4079100326767707,-0.6,d25,event_option_mh30trail_clean1000_frozen2025_select2026_d25_return_deploy202607_SPXW_v1,0,0.3,2,30,25,0.25,202603,d25,999,0,time_priority,,max_volume_component,SPXW
SPXW,zero_dte,13:25,805,202603,20260312,-0.6,0.9221311747723444,0.3840340014384168,0.189072663141717,CALL,0.3840340014384168,-0.6,d25,event_option_mh30trail_clean1000_frozen2025_select2026_d25_return_deploy202607_SPXW_v1,0,0.3,2,30,25,0.25,202603,d25,999,0,time_priority,,max_volume_component,SPXW
SPXW,zero_dte,13:35,815,202603,20260312,-0.6,1.561671202943793,0.3088399306786959,-0.1314912441043245,CALL,0.3088399306786959,-0.6,d25,event_option_mh30trail_clean1000_frozen2025_select2026_d25_return_deploy202607_SPXW_v1,0,0.3,2,30,25,0.25,202603,d25,999,0,time_priority,,max_volume_component,SPXW
SPXW,zero_dte,14:05,845,202603,20260312,-0.6,-0.6,0.3895241602676074,-0.2726685241348108,CALL,0.3895241602676074,-0.6,d25,event_option_mh30trail_clean1000_frozen2025_select2026_d25_return_deploy202607_SPXW_v1,0,0.3,2,30,25,0.25,202603,d25,999,0,time_priority,,max_volume_component,SPXW
SPXW,zero_dte,10:45,645,202603,20260313,-0.6,0.5867346581296597,0.4123200587872172,-0.2802663367258693,CALL,0.4123200587872172,-0.6,d25,event_option_mh30trail_clean1000_frozen2025_select2026_d25_return_deploy202607_SPXW_v1,0,0.3,2,30,25,0.25,202603,d25,999,0,time_priority,,max_volume_component,SPXW
SPXW,zero_dte,10:55,655,202603,20260313,-0.6,0.2819149152031317,0.3601943223465812,-0.5030545799606553,CALL,0.3601943223465812,-0.6,d25,event_option_mh30trail_clean1000_frozen2025_select2026_d25_return_deploy202607_SPXW_v1,0,0.3,2,30,25,0.25,202603,d25,999,0,time_priority,,max_volume_component,SPXW
SPXW,zero_dte,11:25,685,202603,20260313,-0.6,0.2563290474526001,0.3236199503400965,-0.4528449943872507,CALL,0.3236199503400965,-0.6,d25,event_option_mh30trail_clean1000_frozen2025_select2026_d25_return_deploy202607_SPXW_v1,0,0.3,2,30,25,0.25,202603,d25,999,0,time_priority,,max_volume_component,SPXW
SPXW,zero_dte,12:00,720,202603,20260313,-0.6,-0.6,0.3310177176878146,-0.3811167948887149,CALL,0.3310177176878146,-0.6,d25,event_option_mh30trail_clean1000_frozen2025_select2026_d25_return_deploy202607_SPXW_v1,0,0.3,2,30,25,0.25,202603,d25,999,0,time_priority,,max_volume_component,SPXW
SPXW,zero_dte,10:15,615,202603,20260316,-0.6,0.8833333333333333,-0.2117098327638519,0.461206390686396,PUT,0.461206390686396,0.8833333333333333,d25,event_option_mh30trail_clean1000_frozen2025_select2026_d25_return_deploy202607_SPXW_v1,0,0.3,2,30,25,0.25,202603,d25,999,0,time_priority,,max_volume_component,SPXW
SPXW,zero_dte,10:20,620,202603,20260316,-0.6,1.2103173858304284,-0.123323247702498,0.4037576574056983,PUT,0.4037576574056983,1.2103173858304284,d25,event_option_mh30trail_clean1000_frozen2025_select2026_d25_return_deploy202607_SPXW_v1,0,0.3,2,30,25,0.25,202603,d25,999,0,time_priority,,max_volume_component,SPXW
SPXW,zero_dte,10:25,625,202603,20260316,-0.6,1.1100001017252603,-0.1462801123549184,0.3068097733203385,PUT,0.3068097733203385,1.1100001017252603,d25,event_option_mh30trail_clean1000_frozen2025_select2026_d25_return_deploy202607_SPXW_v1,0,0.3,2,30,25,0.25,202603,d25,999,0,time_priority,,max_volume_component,SPXW
SPXW,zero_dte,10:50,650,202603,20260316,0.6056701395815454,-0.6,0.3520439661112208,0.1510534686589816,CALL,0.3520439661112208,0.6056701395815454,d25,event_option_mh30trail_clean1000_frozen2025_select2026_d25_return_deploy202607_SPXW_v1,0,0.3,2,30,25,0.25,202603,d25,999,0,time_priority,,max_volume_component,SPXW
SPXW,zero_dte,12:00,720,202603,20260316,-0.6,0.6899999618530273,0.3255715958974881,0.2017606058199069,CALL,0.3255715958974881,-0.6,d25,event_option_mh30trail_clean1000_frozen2025_select2026_d25_return_deploy202607_SPXW_v1,0,0.3,2,30,25,0.25,202603,d25,999,0,time_priority,,max_volume_component,SPXW
SPXW,zero_dte,12:05,725,202603,20260316,-0.6,0.422413705220265,-0.0369182806097207,0.3387073262487307,PUT,0.3387073262487307,0.422413705220265,d25,event_option_mh30trail_clean1000_frozen2025_select2026_d25_return_deploy202607_SPXW_v1,0,0.3,2,30,25,0.25,202603,d25,999,0,time_priority,,max_volume_component,SPXW
SPXW,zero_dte,12:10,730,202603,20260316,-0.6,1.3409089480549867,0.3396701290375977,-0.4567815879075161,CALL,0.3396701290375977,-0.6,d25,event_option_mh30trail_clean1000_frozen2025_select2026_d25_return_deploy202607_SPXW_v1,0,0.3,2,30,25,0.25,202603,d25,999,0,time_priority,,max_volume_component,SPXW
SPXW,zero_dte,12:40,760,202603,20260316,0.5681818914990822,-0.6,0.3581163627342384,0.141188046553663,CALL,0.3581163627342384,0.5681818914990822,d25,event_option_mh30trail_clean1000_frozen2025_select2026_d25_return_deploy202607_SPXW_v1,0,0.3,2,30,25,0.25,202603,d25,999,0,time_priority,,max_volume_component,SPXW
SPXW,zero_dte,13:15,795,202603,20260316,-0.6,-0.6,0.3224782453475669,-0.5250048935719491,CALL,0.3224782453475669,-0.6,d25,event_option_mh30trail_clean1000_frozen2025_select2026_d25_return_deploy202607_SPXW_v1,0,0.3,2,30,25,0.25,202603,d25,999,0,time_priority,,max_volume_component,SPXW
SPXW,zero_dte,13:45,825,202603,20260316,0.5337837350203058,0.6499999364217122,0.3363395490878174,-0.3556552134700462,CALL,0.3363395490878174,0.5337837350203058,d25,event_option_mh30trail_clean1000_frozen2025_select2026_d25_return_deploy202607_SPXW_v1,0,0.3,2,30,25,0.25,202603,d25,999,0,time_priority,,max_volume_component,SPXW
SPXW,zero_dte,13:55,835,202603,20260316,1.5277777287204577,-0.6,0.3622328923626763,-0.3048747534072218,CALL,0.3622328923626763,1.5277777287204577,d25,event_option_mh30trail_clean1000_frozen2025_select2026_d25_return_deploy202607_SPXW_v1,0,0.3,2,30,25,0.25,202603,d25,999,0,time_priority,,max_volume_component,SPXW
SPXW,zero_dte,14:00,840,202603,20260316,1.477272727272727,-0.6,0.3412395904278994,-0.4400803675397605,CALL,0.3412395904278994,1.477272727272727,d25,event_option_mh30trail_clean1000_frozen2025_select2026_d25_return_deploy202607_SPXW_v1,0,0.3,2,30,25,0.25,202603,d25,999,0,time_priority,,max_volume_component,SPXW
SPXW,zero_dte,11:30,690,202603,20260317,-0.6,1.2036586960038602,0.3139956053937422,-0.5089751670843572,CALL,0.3139956053937422,-0.6,d25,event_option_mh30trail_clean1000_frozen2025_select2026_d25_return_deploy202607_SPXW_v1,0,0.3,2,30,25,0.25,202603,d25,999,0,time_priority,,max_volume_component,SPXW
SPXW,zero_dte,11:35,695,202603,20260317,-0.6,0.2587720472359924,0.3002444624642515,-0.4982867783959778,CALL,0.3002444624642515,-0.6,d25,event_option_mh30trail_clean1000_frozen2025_select2026_d25_return_deploy202607_SPXW_v1,0,0.3,2,30,25,0.25,202603,d25,999,0,time_priority,,max_volume_component,SPXW
SPXW,zero_dte,10:05,605,202603,20260318,-0.6,0.6833332909478083,0.3728964687299823,0.1090917229122121,CALL,0.3728964687299823,-0.6,d25,event_option_mh30trail_clean1000_frozen2025_select2026_d25_return_deploy202607_SPXW_v1,0,0.3,2,30,25,0.25,202603,d25,999,0,time_priority,,max_volume_component,SPXW
SPXW,zero_dte,10:10,610,202603,20260318,-0.6,0.6346154904224501,0.3412566894005643,-0.0324999104270792,CALL,0.3412566894005643,-0.6,d25,event_option_mh30trail_clean1000_frozen2025_select2026_d25_return_deploy202607_SPXW_v1,0,0.3,2,30,25,0.25,202603,d25,999,0,time_priority,,max_volume_component,SPXW
SPXW,zero_dte,14:05,845,202603,20260318,-0.6,0.8246268677961113,0.3310973109807427,-0.1087957024754778,CALL,0.3310973109807427,-0.6,d25,event_option_mh30trail_clean1000_frozen2025_select2026_d25_return_deploy202607_SPXW_v1,0,0.3,2,30,25,0.25,202603,d25,999,0,time_priority,,max_volume_component,SPXW
SPXW,zero_dte,11:10,670,202603,20260319,-0.6,0.8097015796405618,0.3059191417217631,-0.1321024948190914,CALL,0.3059191417217631,-0.6,d25,event_option_mh30trail_clean1000_frozen2025_select2026_d25_return_deploy202607_SPXW_v1,0,0.3,2,30,25,0.25,202603,d25,999,0,time_priority,,max_volume_component,SPXW
SPXW,zero_dte,12:40,760,202603,20260319,-0.6,1.9261785420213613,0.3850617491576719,-0.1535738386651673,CALL,0.3850617491576719,-0.6,d25,event_option_mh30trail_clean1000_frozen2025_select2026_d25_return_deploy202607_SPXW_v1,0,0.3,2,30,25,0.25,202603,d25,999,0,time_priority,,max_volume_component,SPXW
SPXW,zero_dte,13:10,790,202603,20260319,0.5227272776532763,-0.6,0.4958045133832634,-0.2213886989395414,CALL,0.4958045133832634,0.5227272776532763,d25,event_option_mh30trail_clean1000_frozen2025_select2026_d25_return_deploy202607_SPXW_v1,0,0.3,2,30,25,0.25,202603,d25,999,0,time_priority,,max_volume_component,SPXW
SPXW,zero_dte,13:15,795,202603,20260319,0.815306058897173,-0.6,0.5334416540982532,-0.2999563044123977,CALL,0.5334416540982532,0.815306058897173,d25,event_option_mh30trail_clean1000_frozen2025_select2026_d25_return_deploy202607_SPXW_v1,0,0.3,2,30,25,0.25,202603,d25,999,0,time_priority,,max_volume_component,SPXW
SPXW,zero_dte,13:40,820,202603,20260319,1.4500001271565757,-0.6,0.3820486954230186,-0.196594250137972,CALL,0.3820486954230186,1.4500001271565757,d25,event_option_mh30trail_clean1000_frozen2025_select2026_d25_return_deploy202607_SPXW_v1,0,0.3,2,30,25,0.25,202603,d25,999,0,time_priority,,max_volume_component,SPXW
SPXW,zero_dte,14:15,855,202603,20260319,-0.6,2.0482455905528014,0.3640653209483138,-0.4315310057583136,CALL,0.3640653209483138,-0.6,d25,event_option_mh30trail_clean1000_frozen2025_select2026_d25_return_deploy202607_SPXW_v1,0,0.3,2,30,25,0.25,202603,d25,999,0,time_priority,,max_volume_component,SPXW
SPXW,zero_dte,10:40,640,202603,20260320,0.5530302712849453,0.3382352776180919,-0.0918829628621592,0.3514073284067727,PUT,0.3514073284067727,0.3382352776180919,d25,event_option_mh30trail_clean1000_frozen2025_select2026_d25_return_deploy202607_SPXW_v1,0,0.3,2,30,25,0.25,202603,d25,999,0,time_priority,,max_volume_component,SPXW
SPXW,zero_dte,10:35,635,202603,20260323,-0.6,0.2873135050677828,-0.1931175323066058,0.3143774294826136,PUT,0.3143774294826136,0.2873135050677828,d25,event_option_mh30trail_clean1000_frozen2025_select2026_d25_return_deploy202607_SPXW_v1,0,0.3,2,30,25,0.25,202603,d25,999,0,time_priority,,max_volume_component,SPXW
SPXW,zero_dte,12:00,720,202603,20260323,-0.6,0.4966667175292969,0.476269308619507,-0.3177811775683511,CALL,0.476269308619507,-0.6,d25,event_option_mh30trail_clean1000_frozen2025_select2026_d25_return_deploy202607_SPXW_v1,0,0.3,2,30,25,0.25,202603,d25,999,0,time_priority,,max_volume_component,SPXW
SPXW,zero_dte,12:30,750,202603,20260323,0.7807692014254055,-0.6,0.385288217397606,-0.4040716513153785,CALL,0.385288217397606,0.7807692014254055,d25,event_option_mh30trail_clean1000_frozen2025_select2026_d25_return_deploy202607_SPXW_v1,0,0.3,2,30,25,0.25,202603,d25,999,0,time_priority,,max_volume_component,SPXW
SPXW,zero_dte,13:15,795,202603,20260323,2.167777803209093,-0.6,0.3779400321508334,-0.3293899635950124,CALL,0.3779400321508334,2.167777803209093,d25,event_option_mh30trail_clean1000_frozen2025_select2026_d25_return_deploy202607_SPXW_v1,0,0.3,2,30,25,0.25,202603,d25,999,0,time_priority,,max_volume_component,SPXW
SPXW,zero_dte,13:25,805,202603,20260323,1.9137425302484847,-0.6,0.3135432375827239,-0.2681581612602089,CALL,0.3135432375827239,1.9137425302484847,d25,event_option_mh30trail_clean1000_frozen2025_select2026_d25_return_deploy202607_SPXW_v1,0,0.3,2,30,25,0.25,202603,d25,999,0,time_priority,,max_volume_component,SPXW
SPXW,zero_dte,13:45,825,202603,20260323,0.4941859691448669,-0.6,0.3766664004695447,-0.3699929331745074,CALL,0.3766664004695447,0.4941859691448669,d25,event_option_mh30trail_clean1000_frozen2025_select2026_d25_return_deploy202607_SPXW_v1,0,0.3,2,30,25,0.25,202603,d25,999,0,time_priority,,max_volume_component,SPXW
SPXW,zero_dte,10:30,630,202603,20260324,1.7638890746934963,-0.6,0.4087879602242808,-0.0719870222153305,CALL,0.4087879602242808,1.7638890746934963,d25,event_option_mh30trail_clean1000_frozen2025_select2026_d25_return_deploy202607_SPXW_v1,0,0.3,2,30,25,0.25,202603,d25,999,0,time_priority,,max_volume_component,SPXW
SPXW,zero_dte,10:55,655,202603,20260324,-0.6,-0.6,0.3275692182855967,-0.5225228657727051,CALL,0.3275692182855967,-0.6,d25,event_option_mh30trail_clean1000_frozen2025_select2026_d25_return_deploy202607_SPXW_v1,0,0.3,2,30,25,0.25,202603,d25,999,0,time_priority,,max_volume_component,SPXW
SPXW,zero_dte,11:05,665,202603,20260324,0.2572463006939225,-0.6,0.4729214555117852,0.0144198346474092,CALL,0.4729214555117852,0.2572463006939225,d25,event_option_mh30trail_clean1000_frozen2025_select2026_d25_return_deploy202607_SPXW_v1,0,0.3,2,30,25,0.25,202603,d25,999,0,time_priority,,max_volume_component,SPXW
SPXW,zero_dte,11:10,670,202603,20260324,0.6865078476040598,-0.6,0.3090418598273218,-0.237130260451637,CALL,0.3090418598273218,0.6865078476040598,d25,event_option_mh30trail_clean1000_frozen2025_select2026_d25_return_deploy202607_SPXW_v1,0,0.3,2,30,25,0.25,202603,d25,999,0,time_priority,,max_volume_component,SPXW
SPXW,zero_dte,11:15,675,202603,20260324,0.3068862104472312,0.6423077216515174,0.3439808178612523,-0.1576339357046322,CALL,0.3439808178612523,0.3068862104472312,d25,event_option_mh30trail_clean1000_frozen2025_select2026_d25_return_deploy202607_SPXW_v1,0,0.3,2,30,25,0.25,202603,d25,999,0,time_priority,,max_volume_component,SPXW
SPXW,zero_dte,11:25,685,202603,20260324,-0.6,0.2720699754519593,0.3715481533031356,-0.4332455474128204,CALL,0.3715481533031356,-0.6,d25,event_option_mh30trail_clean1000_frozen2025_select2026_d25_return_deploy202607_SPXW_v1,0,0.3,2,30,25,0.25,202603,d25,999,0,time_priority,,max_volume_component,SPXW
SPXW,zero_dte,11:30,690,202603,20260324,-0.6,0.2896824627927004,0.340913130507971,-0.2255887092586044,CALL,0.340913130507971,-0.6,d25,event_option_mh30trail_clean1000_frozen2025_select2026_d25_return_deploy202607_SPXW_v1,0,0.3,2,30,25,0.25,202603,d25,999,0,time_priority,,max_volume_component,SPXW
SPXW,zero_dte,11:40,700,202603,20260324,-0.6,0.5887096724574696,0.6264877525557478,-0.226789401799318,CALL,0.6264877525557478,-0.6,d25,event_option_mh30trail_clean1000_frozen2025_select2026_d25_return_deploy202607_SPXW_v1,0,0.3,2,30,25,0.25,202603,d25,999,0,time_priority,,max_volume_component,SPXW
SPXW,zero_dte,11:45,705,202603,20260324,-0.6,0.5595236941890507,0.4675386556783317,-0.1450040031437864,CALL,0.4675386556783317,-0.6,d25,event_option_mh30trail_clean1000_frozen2025_select2026_d25_return_deploy202607_SPXW_v1,0,0.3,2,30,25,0.25,202603,d25,999,0,time_priority,,max_volume_component,SPXW
SPXW,zero_dte,11:50,710,202603,20260324,-0.6,0.8593749685678636,0.4429162828393668,-0.1491981894408569,CALL,0.4429162828393668,-0.6,d25,event_option_mh30trail_clean1000_frozen2025_select2026_d25_return_deploy202607_SPXW_v1,0,0.3,2,30,25,0.25,202603,d25,999,0,time_priority,,max_volume_component,SPXW
SPXW,zero_dte,11:55,715,202603,20260324,-0.6,0.4375,0.4801609943136523,-0.1737183894701834,CALL,0.4801609943136523,-0.6,d25,event_option_mh30trail_clean1000_frozen2025_select2026_d25_return_deploy202607_SPXW_v1,0,0.3,2,30,25,0.25,202603,d25,999,0,time_priority,,max_volume_component,SPXW
SPXW,zero_dte,12:00,720,202603,20260324,-0.6,0.9653845566969652,0.3463590279793215,-0.4523909819103209,CALL,0.3463590279793215,-0.6,d25,event_option_mh30trail_clean1000_frozen2025_select2026_d25_return_deploy202607_SPXW_v1,0,0.3,2,30,25,0.25,202603,d25,999,0,time_priority,,max_volume_component,SPXW
SPXW,zero_dte,12:05,725,202603,20260324,0.7129629989383308,0.7338710595368128,0.4208435376645454,-0.331264795553305,CALL,0.4208435376645454,0.7129629989383308,d25,event_option_mh30trail_clean1000_frozen2025_select2026_d25_return_deploy202607_SPXW_v1,0,0.3,2,30,25,0.25,202603,d25,999,0,time_priority,,max_volume_component,SPXW
SPXW,zero_dte,12:20,740,202603,20260324,-0.6,0.6652542386579636,0.395613117162256,-0.4032951096474094,CALL,0.395613117162256,-0.6,d25,event_option_mh30trail_clean1000_frozen2025_select2026_d25_return_deploy202607_SPXW_v1,0,0.3,2,30,25,0.25,202603,d25,999,0,time_priority,,max_volume_component,SPXW
SPXW,zero_dte,12:25,745,202603,20260324,-0.6,0.6333333651224773,0.3719136106422568,-0.4446899214789751,CALL,0.3719136106422568,-0.6,d25,event_option_mh30trail_clean1000_frozen2025_select2026_d25_return_deploy202607_SPXW_v1,0,0.3,2,30,25,0.25,202603,d25,999,0,time_priority,,max_volume_component,SPXW
SPXW,zero_dte,12:30,750,202603,20260324,-0.6,0.7324562401505936,0.4223931713119391,-0.4799832430104201,CALL,0.4223931713119391,-0.6,d25,event_option_mh30trail_clean1000_frozen2025_select2026_d25_return_deploy202607_SPXW_v1,0,0.3,2,30,25,0.25,202603,d25,999,0,time_priority,,max_volume_component,SPXW
SPXW,zero_dte,12:35,755,202603,20260324,-0.6,1.1214286259242463,0.4764812574122881,-0.3561601191362143,CALL,0.4764812574122881,-0.6,d25,event_option_mh30trail_clean1000_frozen2025_select2026_d25_return_deploy202607_SPXW_v1,0,0.3,2,30,25,0.25,202603,d25,999,0,time_priority,,max_volume_component,SPXW
SPXW,zero_dte,12:40,760,202603,20260324,0.5946601600154366,0.9078948425123934,0.3796646897087835,-0.2587305337883525,CALL,0.3796646897087835,0.5946601600154366,d25,event_option_mh30trail_clean1000_frozen2025_select2026_d25_return_deploy202607_SPXW_v1,0,0.3,2,30,25,0.25,202603,d25,999,0,time_priority,,max_volume_component,SPXW
SPXW,zero_dte,12:45,765,202603,20260324,-0.6,2.3198924819394087,0.3359315996014308,-0.3211583849220091,CALL,0.3359315996014308,-0.6,d25,event_option_mh30trail_clean1000_frozen2025_select2026_d25_return_deploy202607_SPXW_v1,0,0.3,2,30,25,0.25,202603,d25,999,0,time_priority,,max_volume_component,SPXW
SPXW,zero_dte,12:50,770,202603,20260324,-0.6,2.004902096447329,0.4314396755940488,-0.4289383200186352,CALL,0.4314396755940488,-0.6,d25,event_option_mh30trail_clean1000_frozen2025_select2026_d25_return_deploy202607_SPXW_v1,0,0.3,2,30,25,0.25,202603,d25,999,0,time_priority,,max_volume_component,SPXW
SPXW,zero_dte,12:55,775,202603,20260324,-0.6,1.303846212533804,0.508296765758139,-0.4808235004522033,CALL,0.508296765758139,-0.6,d25,event_option_mh30trail_clean1000_frozen2025_select2026_d25_return_deploy202607_SPXW_v1,0,0.3,2,30,25,0.25,202603,d25,999,0,time_priority,,max_volume_component,SPXW
SPXW,zero_dte,13:00,780,202603,20260324,-0.6,2.43888897365994,0.3985156676471086,-0.3098535778037649,CALL,0.3985156676471086,-0.6,d25,event_option_mh30trail_clean1000_frozen2025_select2026_d25_return_deploy202607_SPXW_v1,0,0.3,2,30,25,0.25,202603,d25,999,0,time_priority,,max_volume_component,SPXW
SPXW,zero_dte,13:05,785,202603,20260324,-0.6,-0.6,0.3931996952052339,-0.2976800251518525,CALL,0.3931996952052339,-0.6,d25,event_option_mh30trail_clean1000_frozen2025_select2026_d25_return_deploy202607_SPXW_v1,0,0.3,2,30,25,0.25,202603,d25,999,0,time_priority,,max_volume_component,SPXW
SPXW,zero_dte,13:30,810,202603,20260324,0.4841040271240409,0.75,0.4933054779671506,-0.0221872369855886,CALL,0.4933054779671506,0.4841040271240409,d25,event_option_mh30trail_clean1000_frozen2025_select2026_d25_return_deploy202607_SPXW_v1,0,0.3,2,30,25,0.25,202603,d25,999,0,time_priority,,max_volume_component,SPXW
SPXW,zero_dte,11:15,675,202603,20260325,0.4517544094471986,1.4300000117375302,0.3184452004903074,0.0544755887776667,CALL,0.3184452004903074,0.4517544094471986,d25,event_option_mh30trail_clean1000_frozen2025_select2026_d25_return_deploy202607_SPXW_v1,0,0.3,2,30,25,0.25,202603,d25,999,0,time_priority,,max_volume_component,SPXW
SPXW,zero_dte,11:45,705,202603,20260325,0.5086205989370478,-0.6,0.3610699624710298,-0.0104414909032201,CALL,0.3610699624710298,0.5086205989370478,d25,event_option_mh30trail_clean1000_frozen2025_select2026_d25_return_deploy202607_SPXW_v1,0,0.3,2,30,25,0.25,202603,d25,999,0,time_priority,,max_volume_component,SPXW
SPXW,zero_dte,12:05,725,202603,20260325,0.8316325736214663,-0.6,0.407584163241153,-0.086891159677397,CALL,0.407584163241153,0.8316325736214663,d25,event_option_mh30trail_clean1000_frozen2025_select2026_d25_return_deploy202607_SPXW_v1,0,0.3,2,30,25,0.25,202603,d25,999,0,time_priority,,max_volume_component,SPXW
SPXW,zero_dte,12:10,730,202603,20260325,1.1220928736800762,-0.6,0.4190465096152123,-0.0392876380346771,CALL,0.4190465096152123,1.1220928736800762,d25,event_option_mh30trail_clean1000_frozen2025_select2026_d25_return_deploy202607_SPXW_v1,0,0.3,2,30,25,0.25,202603,d25,999,0,time_priority,,max_volume_component,SPXW
SPXW,zero_dte,12:15,735,202603,20260325,1.1111109731374018,-0.6,0.4081775807071535,-0.0879563931624568,CALL,0.4081775807071535,1.1111109731374018,d25,event_option_mh30trail_clean1000_frozen2025_select2026_d25_return_deploy202607_SPXW_v1,0,0.3,2,30,25,0.25,202603,d25,999,0,time_priority,,max_volume_component,SPXW
SPXW,zero_dte,12:20,740,202603,20260325,0.9780702165325974,-0.6,0.4050205754581572,-0.1946635945409329,CALL,0.4050205754581572,0.9780702165325974,d25,event_option_mh30trail_clean1000_frozen2025_select2026_d25_return_deploy202607_SPXW_v1,0,0.3,2,30,25,0.25,202603,d25,999,0,time_priority,,max_volume_component,SPXW
SPXW,zero_dte,10:20,620,202603,20260326,-0.6,0.2570422468997022,0.3821896921727334,-0.2768779463008644,CALL,0.3821896921727334,-0.6,d25,event_option_mh30trail_clean1000_frozen2025_select2026_d25_return_deploy202607_SPXW_v1,0,0.3,2,30,25,0.25,202603,d25,999,0,time_priority,,max_volume_component,SPXW
SPXW,zero_dte,11:40,700,202603,20260326,-0.6,0.2899999618530273,0.3127248404991962,-0.0255059262295164,CALL,0.3127248404991962,-0.6,d25,event_option_mh30trail_clean1000_frozen2025_select2026_d25_return_deploy202607_SPXW_v1,0,0.3,2,30,25,0.25,202603,d25,999,0,time_priority,,max_volume_component,SPXW
SPXW,zero_dte,13:40,820,202603,20260326,-0.6,2.0,0.3862833168163407,-0.3248247281767564,CALL,0.3862833168163407,-0.6,d25,event_option_mh30trail_clean1000_frozen2025_select2026_d25_return_deploy202607_SPXW_v1,0,0.3,2,30,25,0.25,202603,d25,999,0,time_priority,,max_volume_component,SPXW
SPXW,zero_dte,11:15,675,202603,20260327,0.8906249382998803,0.3500000000000001,0.3282492238770647,-0.3267299002933651,CALL,0.3282492238770647,0.8906249382998803,d25,event_option_mh30trail_clean1000_frozen2025_select2026_d25_return_deploy202607_SPXW_v1,0,0.3,2,30,25,0.25,202603,d25,999,0,time_priority,,max_volume_component,SPXW
SPXW,zero_dte,11:35,695,202603,20260327,-0.6,0.8224637671143937,0.3281202881504378,-0.1305582011824251,CALL,0.3281202881504378,-0.6,d25,event_option_mh30trail_clean1000_frozen2025_select2026_d25_return_deploy202607_SPXW_v1,0,0.3,2,30,25,0.25,202603,d25,999,0,time_priority,,max_volume_component,SPXW
SPXW,zero_dte,12:25,745,202603,20260327,-0.6,0.3951613101701217,0.3420786690607115,-0.2689771808455956,CALL,0.3420786690607115,-0.6,d25,event_option_mh30trail_clean1000_frozen2025_select2026_d25_return_deploy202607_SPXW_v1,0,0.3,2,30,25,0.25,202603,d25,999,0,time_priority,,max_volume_component,SPXW
SPXW,zero_dte,12:55,775,202603,20260327,-0.6,0.5394737106280982,0.4758785062875784,-0.3970525590974776,CALL,0.4758785062875784,-0.6,d25,event_option_mh30trail_clean1000_frozen2025_select2026_d25_return_deploy202607_SPXW_v1,0,0.3,2,30,25,0.25,202603,d25,999,0,time_priority,,max_volume_component,SPXW
SPXW,zero_dte,13:40,820,202603,20260327,-0.6,0.8333332505491078,0.5079461793771679,-0.3462310746122922,CALL,0.5079461793771679,-0.6,d25,event_option_mh30trail_clean1000_frozen2025_select2026_d25_return_deploy202607_SPXW_v1,0,0.3,2,30,25,0.25,202603,d25,999,0,time_priority,,max_volume_component,SPXW
SPXW,zero_dte,14:25,865,202603,20260327,-0.6,-0.6,0.5587314879911492,-0.5314025202946941,CALL,0.5587314879911492,-0.6,d25,event_option_mh30trail_clean1000_frozen2025_select2026_d25_return_deploy202607_SPXW_v1,0,0.3,2,30,25,0.25,202603,d25,999,0,time_priority,,max_volume_component,SPXW
SPXW,zero_dte,10:45,645,202603,20260330,1.5525000095367432,-0.6,0.3020576716076892,-0.1057467201194992,CALL,0.3020576716076892,1.5525000095367432,d25,event_option_mh30trail_clean1000_frozen2025_select2026_d25_return_deploy202607_SPXW_v1,0,0.3,2,30,25,0.25,202603,d25,999,0,time_priority,,max_volume_component,SPXW
SPXW,zero_dte,10:50,650,202603,20260330,0.9192110620152194,-0.6,0.3128703619969447,-0.4229246470128261,CALL,0.3128703619969447,0.9192110620152194,d25,event_option_mh30trail_clean1000_frozen2025_select2026_d25_return_deploy202607_SPXW_v1,0,0.3,2,30,25,0.25,202603,d25,999,0,time_priority,,max_volume_component,SPXW
SPXW,zero_dte,12:30,750,202603,20260330,-0.6,0.3999999364217121,0.3829940812106552,0.1790115388970293,CALL,0.3829940812106552,-0.6,d25,event_option_mh30trail_clean1000_frozen2025_select2026_d25_return_deploy202607_SPXW_v1,0,0.3,2,30,25,0.25,202603,d25,999,0,time_priority,,max_volume_component,SPXW
SPXW,zero_dte,12:55,775,202603,20260330,-0.6,0.5921053247988961,0.3411797895956513,0.0650862839607502,CALL,0.3411797895956513,-0.6,d25,event_option_mh30trail_clean1000_frozen2025_select2026_d25_return_deploy202607_SPXW_v1,0,0.3,2,30,25,0.25,202603,d25,999,0,time_priority,,max_volume_component,SPXW
SPXW,zero_dte,13:45,825,202603,20260330,-0.6,0.4329268916741089,0.4393874640038905,-0.3748885099977826,CALL,0.4393874640038905,-0.6,d25,event_option_mh30trail_clean1000_frozen2025_select2026_d25_return_deploy202607_SPXW_v1,0,0.3,2,30,25,0.25,202603,d25,999,0,time_priority,,max_volume_component,SPXW
SPXW,zero_dte,13:50,830,202603,20260330,-0.6,0.4239130367178094,0.336947263773084,-0.0932840351934782,CALL,0.336947263773084,-0.6,d25,event_option_mh30trail_clean1000_frozen2025_select2026_d25_return_deploy202607_SPXW_v1,0,0.3,2,30,25,0.25,202603,d25,999,0,time_priority,,max_volume_component,SPXW
SPXW,zero_dte,13:55,835,202603,20260330,-0.6,0.2611111534966364,0.3827105282338964,-0.4558410320973701,CALL,0.3827105282338964,-0.6,d25,event_option_mh30trail_clean1000_frozen2025_select2026_d25_return_deploy202607_SPXW_v1,0,0.3,2,30,25,0.25,202603,d25,999,0,time_priority,,max_volume_component,SPXW
SPXW,zero_dte,14:00,840,202603,20260330,-0.6,0.2865854481158709,0.4138986771447581,-0.2060558395575215,CALL,0.4138986771447581,-0.6,d25,event_option_mh30trail_clean1000_frozen2025_select2026_d25_return_deploy202607_SPXW_v1,0,0.3,2,30,25,0.25,202603,d25,999,0,time_priority,,max_volume_component,SPXW
SPXW,zero_dte,14:05,845,202603,20260330,-0.6,0.3499999727521623,0.3044408529586407,-0.4431569854297404,CALL,0.3044408529586407,-0.6,d25,event_option_mh30trail_clean1000_frozen2025_select2026_d25_return_deploy202607_SPXW_v1,0,0.3,2,30,25,0.25,202603,d25,999,0,time_priority,,max_volume_component,SPXW
SPXW,zero_dte,14:10,850,202603,20260330,-0.6,0.3588234225771449,0.4994009402172813,-0.4303391071317468,CALL,0.4994009402172813,-0.6,d25,event_option_mh30trail_clean1000_frozen2025_select2026_d25_return_deploy202607_SPXW_v1,0,0.3,2,30,25,0.25,202603,d25,999,0,time_priority,,max_volume_component,SPXW
SPXW,zero_dte,14:15,855,202603,20260330,-0.6,0.2865854481158709,0.5393916139576844,-0.5130702062560645,CALL,0.5393916139576844,-0.6,d25,event_option_mh30trail_clean1000_frozen2025_select2026_d25_return_deploy202607_SPXW_v1,0,0.3,2,30,25,0.25,202603,d25,999,0,time_priority,,max_volume_component,SPXW
SPXW,zero_dte,14:20,860,202603,20260330,-0.6,0.6483050217336717,0.4335752500736859,-0.4631376579645748,CALL,0.4335752500736859,-0.6,d25,event_option_mh30trail_clean1000_frozen2025_select2026_d25_return_deploy202607_SPXW_v1,0,0.3,2,30,25,0.25,202603,d25,999,0,time_priority,,max_volume_component,SPXW
SPXW,zero_dte,14:30,870,202603,20260330,-0.6,0.431818167040171,0.3831119055627383,-0.5680324773489661,CALL,0.3831119055627383,-0.6,d25,event_option_mh30trail_clean1000_frozen2025_select2026_d25_return_deploy202607_SPXW_v1,0,0.3,2,30,25,0.25,202603,d25,999,0,time_priority,,max_volume_component,SPXW
SPXW,zero_dte,10:30,630,202603,20260331,-0.6,1.3977271286416677,-0.2945013683785268,0.4015337280799231,PUT,0.4015337280799231,1.3977271286416677,d25,event_option_mh30trail_clean1000_frozen2025_select2026_d25_return_deploy202607_SPXW_v1,0,0.3,2,30,25,0.25,202603,d25,999,0,time_priority,,max_volume_component,SPXW
SPXW,zero_dte,11:40,700,202604,20260401,0.641891867510153,-0.6,0.3274164294278374,-0.5098318547733275,CALL,0.3274164294278374,0.641891867510153,d25,event_option_mh30trail_clean1000_frozen2025_select2026_d25_return_deploy202607_SPXW_v1,0,0.3,2,30,25,0.25,202604,d25,999,0,time_priority,,max_volume_component,SPXW
SPXW,zero_dte,11:50,710,202604,20260401,0.377906904535209,-0.6,0.4602289771280218,-0.6562802404353413,CALL,0.4602289771280218,0.377906904535209,d25,event_option_mh30trail_clean1000_frozen2025_select2026_d25_return_deploy202607_SPXW_v1,0,0.3,2,30,25,0.25,202604,d25,999,0,time_priority,,max_volume_component,SPXW
SPXW,zero_dte,12:00,720,202604,20260401,-0.6,-0.6,0.3633561921740365,-0.5521436050287832,CALL,0.3633561921740365,-0.6,d25,event_option_mh30trail_clean1000_frozen2025_select2026_d25_return_deploy202607_SPXW_v1,0,0.3,2,30,25,0.25,202604,d25,999,0,time_priority,,max_volume_component,SPXW
SPXW,zero_dte,12:05,725,202604,20260401,-0.6,0.3362069532505551,0.3753422895274027,-0.5645991441451055,CALL,0.3753422895274027,-0.6,d25,event_option_mh30trail_clean1000_frozen2025_select2026_d25_return_deploy202607_SPXW_v1,0,0.3,2,30,25,0.25,202604,d25,999,0,time_priority,,max_volume_component,SPXW
SPXW,zero_dte,12:20,740,202604,20260401,-0.6,-0.6,0.3634880387087767,-0.533437766455212,CALL,0.3634880387087767,-0.6,d25,event_option_mh30trail_clean1000_frozen2025_select2026_d25_return_deploy202607_SPXW_v1,0,0.3,2,30,25,0.25,202604,d25,999,0,time_priority,,max_volume_component,SPXW
SPXW,zero_dte,12:25,745,202604,20260401,-0.6,-0.6,0.3288255384602733,-0.3935504671153771,CALL,0.3288255384602733,-0.6,d25,event_option_mh30trail_clean1000_frozen2025_select2026_d25_return_deploy202607_SPXW_v1,0,0.3,2,30,25,0.25,202604,d25,999,0,time_priority,,max_volume_component,SPXW
SPXW,zero_dte,12:30,750,202604,20260401,0.2564935933520229,-0.6,0.3242096674008912,-0.5868131281209524,CALL,0.3242096674008912,0.2564935933520229,d25,event_option_mh30trail_clean1000_frozen2025_select2026_d25_return_deploy202607_SPXW_v1,0,0.3,2,30,25,0.25,202604,d25,999,0,time_priority,,max_volume_component,SPXW
SPXW,zero_dte,12:45,765,202604,20260401,-0.6,0.4725951164832158,0.370470917607005,-0.4486936091995573,CALL,0.370470917607005,-0.6,d25,event_option_mh30trail_clean1000_frozen2025_select2026_d25_return_deploy202607_SPXW_v1,0,0.3,2,30,25,0.25,202604,d25,999,0,time_priority,,max_volume_component,SPXW
SPXW,zero_dte,12:50,770,202604,20260401,-0.6,0.540697550631787,0.4156487760014178,-0.4939558710500082,CALL,0.4156487760014178,-0.6,d25,event_option_mh30trail_clean1000_frozen2025_select2026_d25_return_deploy202607_SPXW_v1,0,0.3,2,30,25,0.25,202604,d25,999,0,time_priority,,max_volume_component,SPXW
SPXW,zero_dte,12:55,775,202604,20260401,-0.6,0.4611110687255859,0.4076476149077724,-0.5272931235262436,CALL,0.4076476149077724,-0.6,d25,event_option_mh30trail_clean1000_frozen2025_select2026_d25_return_deploy202607_SPXW_v1,0,0.3,2,30,25,0.25,202604,d25,999,0,time_priority,,max_volume_component,SPXW
SPXW,zero_dte,13:00,780,202604,20260401,-0.6,0.2749999761581421,0.3874455026568191,-0.5238817221204175,CALL,0.3874455026568191,-0.6,d25,event_option_mh30trail_clean1000_frozen2025_select2026_d25_return_deploy202607_SPXW_v1,0,0.3,2,30,25,0.25,202604,d25,999,0,time_priority,,max_volume_component,SPXW
SPXW,zero_dte,10:10,610,202604,20260402,5.0,-0.6,0.4945182897148497,-0.409490536501946,CALL,0.4945182897148497,5.0,d25,event_option_mh30trail_clean1000_frozen2025_select2026_d25_return_deploy202607_SPXW_v1,0,0.3,2,30,25,0.25,202604,d25,999,0,time_priority,,max_volume_component,SPXW
SPXW,zero_dte,10:35,635,202604,20260402,2.2115384615384617,0.2579364622831659,0.4128262378903127,-0.4239421186394757,CALL,0.4128262378903127,2.2115384615384617,d25,event_option_mh30trail_clean1000_frozen2025_select2026_d25_return_deploy202607_SPXW_v1,0,0.3,2,30,25,0.25,202604,d25,999,0,time_priority,,max_volume_component,SPXW
SPXW,zero_dte,10:50,650,202604,20260402,0.3125000573121606,-0.6,0.3999580266150451,-0.4968475015498053,CALL,0.3999580266150451,0.3125000573121606,d25,event_option_mh30trail_clean1000_frozen2025_select2026_d25_return_deploy202607_SPXW_v1,0,0.3,2,30,25,0.25,202604,d25,999,0,time_priority,,max_volume_component,SPXW
SPXW,zero_dte,11:05,665,202604,20260402,-0.6,-0.6,0.3155640761789757,-0.6266961486184655,CALL,0.3155640761789757,-0.6,d25,event_option_mh30trail_clean1000_frozen2025_select2026_d25_return_deploy202607_SPXW_v1,0,0.3,2,30,25,0.25,202604,d25,999,0,time_priority,,max_volume_component,SPXW
SPXW,zero_dte,11:50,710,202604,20260402,-0.6,-0.6,0.3374989760932914,-0.5779369821945284,CALL,0.3374989760932914,-0.6,d25,event_option_mh30trail_clean1000_frozen2025_select2026_d25_return_deploy202607_SPXW_v1,0,0.3,2,30,25,0.25,202604,d25,999,0,time_priority,,max_volume_component,SPXW
SPXW,zero_dte,10:10,610,202604,20260406,1.0384615490422449,-0.6,0.1014091722244625,0.4223026237604537,PUT,0.4223026237604537,-0.6,d25,event_option_mh30trail_clean1000_frozen2025_select2026_d25_return_deploy202607_SPXW_v1,0,0.3,2,30,25,0.25,202604,d25,999,0,time_priority,,max_volume_component,SPXW
SPXW,zero_dte,12:40,760,202604,20260406,-0.6,1.0119048646247897,0.3242114559667737,-0.4792265626070438,CALL,0.3242114559667737,-0.6,d25,event_option_mh30trail_clean1000_frozen2025_select2026_d25_return_deploy202607_SPXW_v1,0,0.3,2,30,25,0.25,202604,d25,999,0,time_priority,,max_volume_component,SPXW
SPXW,zero_dte,12:45,765,202604,20260406,-0.6,2.590908920961967,0.3681729272313568,-0.3922516749217944,CALL,0.3681729272313568,-0.6,d25,event_option_mh30trail_clean1000_frozen2025_select2026_d25_return_deploy202607_SPXW_v1,0,0.3,2,30,25,0.25,202604,d25,999,0,time_priority,,max_volume_component,SPXW
SPXW,zero_dte,12:50,770,202604,20260406,-0.6,2.871951222348823,0.3668306575723884,-0.5031000584241171,CALL,0.3668306575723884,-0.6,d25,event_option_mh30trail_clean1000_frozen2025_select2026_d25_return_deploy202607_SPXW_v1,0,0.3,2,30,25,0.25,202604,d25,999,0,time_priority,,max_volume_component,SPXW
SPXW,zero_dte,11:45,705,202604,20260407,3.8790322927977128,-0.6,0.3737454632638951,0.0643576951907446,CALL,0.3737454632638951,3.8790322927977128,d25,event_option_mh30trail_clean1000_frozen2025_select2026_d25_return_deploy202607_SPXW_v1,0,0.3,2,30,25,0.25,202604,d25,999,0,time_priority,,max_volume_component,SPXW
SPXW,zero_dte,11:50,710,202604,20260407,4.212962866483567,-0.6,0.3339252094289832,0.1798794360192501,CALL,0.3339252094289832,4.212962866483567,d25,event_option_mh30trail_clean1000_frozen2025_select2026_d25_return_deploy202607_SPXW_v1,0,0.3,2,30,25,0.25,202604,d25,999,0,time_priority,,max_volume_component,SPXW
SPXW,zero_dte,10:40,640,202604,20260408,0.4133661982709602,0.8884614797738881,-0.175847933245774,0.5676277572821341,PUT,0.5676277572821341,0.8884614797738881,d25,event_option_mh30trail_clean1000_frozen2025_select2026_d25_return_deploy202607_SPXW_v1,0,0.3,2,30,25,0.25,202604,d25,999,0,time_priority,,max_volume_component,SPXW
SPXW,zero_dte,11:00,660,202604,20260408,0.2602040717026832,-0.6,-0.3244438991637512,0.3238385711936251,PUT,0.3238385711936251,-0.6,d25,event_option_mh30trail_clean1000_frozen2025_select2026_d25_return_deploy202607_SPXW_v1,0,0.3,2,30,25,0.25,202604,d25,999,0,time_priority,,max_volume_component,SPXW
SPXW,zero_dte,11:15,675,202604,20260408,0.5539215649608831,-0.6,-0.2838246927753675,0.4025953487455984,PUT,0.4025953487455984,-0.6,d25,event_option_mh30trail_clean1000_frozen2025_select2026_d25_return_deploy202607_SPXW_v1,0,0.3,2,30,25,0.25,202604,d25,999,0,time_priority,,max_volume_component,SPXW
SPXW,zero_dte,10:50,650,202604,20260409,1.25,-0.6,0.3587257437689705,-0.4975373052041409,CALL,0.3587257437689705,1.25,d25,event_option_mh30trail_clean1000_frozen2025_select2026_d25_return_deploy202607_SPXW_v1,0,0.3,2,30,25,0.25,202604,d25,999,0,time_priority,,max_volume_component,SPXW
SPXW,zero_dte,11:25,685,202604,20260409,2.9837661404737528,-0.6,0.312129921816934,0.0218597890598905,CALL,0.312129921816934,2.9837661404737528,d25,event_option_mh30trail_clean1000_frozen2025_select2026_d25_return_deploy202607_SPXW_v1,0,0.3,2,30,25,0.25,202604,d25,999,0,time_priority,,max_volume_component,SPXW
SPXW,zero_dte,11:40,700,202604,20260409,2.459090839732777,-0.6,-0.3039370781004674,0.342421394399215,PUT,0.342421394399215,-0.6,d25,event_option_mh30trail_clean1000_frozen2025_select2026_d25_return_deploy202607_SPXW_v1,0,0.3,2,30,25,0.25,202604,d25,999,0,time_priority,,max_volume_component,SPXW
SPXW,zero_dte,10:35,635,202604,20260410,-0.6,0.6307338436146968,-0.3029150351052711,0.3726575843831057,PUT,0.3726575843831057,0.6307338436146968,d25,event_option_mh30trail_clean1000_frozen2025_select2026_d25_return_deploy202607_SPXW_v1,0,0.3,2,30,25,0.25,202604,d25,999,0,time_priority,,max_volume_component,SPXW
SPXW,zero_dte,10:40,640,202604,20260410,-0.6,0.4583332257138401,-0.3574236056080781,0.438070891122396,PUT,0.438070891122396,0.4583332257138401,d25,event_option_mh30trail_clean1000_frozen2025_select2026_d25_return_deploy202607_SPXW_v1,0,0.3,2,30,25,0.25,202604,d25,999,0,time_priority,,max_volume_component,SPXW
SPXW,zero_dte,11:00,660,202604,20260410,0.3629032754253041,0.5769231439342184,-0.2216045699087211,0.4173575362203786,PUT,0.4173575362203786,0.5769231439342184,d25,event_option_mh30trail_clean1000_frozen2025_select2026_d25_return_deploy202607_SPXW_v1,0,0.3,2,30,25,0.25,202604,d25,999,0,time_priority,,max_volume_component,SPXW
SPXW,zero_dte,11:10,670,202604,20260410,0.2651515370448651,0.7712766777719002,-0.3706107935210481,0.4307291761351659,PUT,0.4307291761351659,0.7712766777719002,d25,event_option_mh30trail_clean1000_frozen2025_select2026_d25_return_deploy202607_SPXW_v1,0,0.3,2,30,25,0.25,202604,d25,999,0,time_priority,,max_volume_component,SPXW
SPXW,zero_dte,11:15,675,202604,20260410,-0.6,1.5036231503469613,-0.4849132008925251,0.4081614085461575,PUT,0.4081614085461575,1.5036231503469613,d25,event_option_mh30trail_clean1000_frozen2025_select2026_d25_return_deploy202607_SPXW_v1,0,0.3,2,30,25,0.25,202604,d25,999,0,time_priority,,max_volume_component,SPXW
SPXW,zero_dte,11:20,680,202604,20260410,-0.6,1.2901069453945593,-0.5316826920877676,0.4149953583853645,PUT,0.4149953583853645,1.2901069453945593,d25,event_option_mh30trail_clean1000_frozen2025_select2026_d25_return_deploy202607_SPXW_v1,0,0.3,2,30,25,0.25,202604,d25,999,0,time_priority,,max_volume_component,SPXW
SPXW,zero_dte,10:35,635,202604,20260413,0.4397507152062252,-0.6,0.306961323600463,-0.1594631280155398,CALL,0.306961323600463,0.4397507152062252,d25,event_option_mh30trail_clean1000_frozen2025_select2026_d25_return_deploy202607_SPXW_v1,0,0.3,2,30,25,0.25,202604,d25,999,0,time_priority,,max_volume_component,SPXW
SPXW,zero_dte,10:45,645,202604,20260413,-0.6,-0.6,0.3413589411390879,-0.0678513183270032,CALL,0.3413589411390879,-0.6,d25,event_option_mh30trail_clean1000_frozen2025_select2026_d25_return_deploy202607_SPXW_v1,0,0.3,2,30,25,0.25,202604,d25,999,0,time_priority,,max_volume_component,SPXW
SPXW,zero_dte,11:05,665,202604,20260413,-0.6,-0.6,0.351995440930394,-0.1366762478156635,CALL,0.351995440930394,-0.6,d25,event_option_mh30trail_clean1000_frozen2025_select2026_d25_return_deploy202607_SPXW_v1,0,0.3,2,30,25,0.25,202604,d25,999,0,time_priority,,max_volume_component,SPXW
SPXW,zero_dte,11:40,700,202604,20260413,0.3629032754253041,0.2833333545260958,0.3042752987025603,-0.1236357708695659,CALL,0.3042752987025603,0.3629032754253041,d25,event_option_mh30trail_clean1000_frozen2025_select2026_d25_return_deploy202607_SPXW_v1,0,0.3,2,30,25,0.25,202604,d25,999,0,time_priority,,max_volume_component,SPXW
SPXW,zero_dte,12:35,755,202604,20260413,0.3292452045928233,0.3442856924874442,0.344939833130837,-0.2320029066496361,CALL,0.344939833130837,0.3292452045928233,d25,event_option_mh30trail_clean1000_frozen2025_select2026_d25_return_deploy202607_SPXW_v1,0,0.3,2,30,25,0.25,202604,d25,999,0,time_priority,,max_volume_component,SPXW
SPXW,zero_dte,12:20,740,202604,20260415,-0.6,2.4110169546318545,0.3098103441108389,-0.1740193227455325,CALL,0.3098103441108389,-0.6,d25,event_option_mh30trail_clean1000_frozen2025_select2026_d25_return_deploy202607_SPXW_v1,0,0.3,2,30,25,0.25,202604,d25,999,0,time_priority,,max_volume_component,SPXW
SPXW,zero_dte,13:15,795,202604,20260415,0.3676470134497527,-0.6,0.3150371614417375,-0.1874934272066678,CALL,0.3150371614417375,0.3676470134497527,d25,event_option_mh30trail_clean1000_frozen2025_select2026_d25_return_deploy202607_SPXW_v1,0,0.3,2,30,25,0.25,202604,d25,999,0,time_priority,,max_volume_component,SPXW
SPXW,zero_dte,10:00,600,202604,20260416,0.4095745760156581,-0.6,-0.581154667848034,0.3559835336099561,PUT,0.3559835336099561,-0.6,d25,event_option_mh30trail_clean1000_frozen2025_select2026_d25_return_deploy202607_SPXW_v1,0,0.3,2,30,25,0.25,202604,d25,999,0,time_priority,,max_volume_component,SPXW
SPXW,zero_dte,10:25,625,202604,20260416,0.3277777565850153,-0.6,-0.5149113635112016,0.4745939385293712,PUT,0.4745939385293712,-0.6,d25,event_option_mh30trail_clean1000_frozen2025_select2026_d25_return_deploy202607_SPXW_v1,0,0.3,2,30,25,0.25,202604,d25,999,0,time_priority,,max_volume_component,SPXW
SPXW,zero_dte,10:30,630,202604,20260416,0.3867347554433638,-0.6,-0.1822972431357273,0.3074751563394763,PUT,0.3074751563394763,-0.6,d25,event_option_mh30trail_clean1000_frozen2025_select2026_d25_return_deploy202607_SPXW_v1,0,0.3,2,30,25,0.25,202604,d25,999,0,time_priority,,max_volume_component,SPXW
SPXW,zero_dte,10:40,640,202604,20260416,1.6500000953674316,-0.6,-0.6667023922318961,0.5016745280688775,PUT,0.5016745280688775,-0.6,d25,event_option_mh30trail_clean1000_frozen2025_select2026_d25_return_deploy202607_SPXW_v1,0,0.3,2,30,25,0.25,202604,d25,999,0,time_priority,,max_volume_component,SPXW
SPXW,zero_dte,11:45,705,202604,20260416,-0.6,-0.6,-0.5660878810581493,0.4129960877486996,PUT,0.4129960877486996,-0.6,d25,event_option_mh30trail_clean1000_frozen2025_select2026_d25_return_deploy202607_SPXW_v1,0,0.3,2,30,25,0.25,202604,d25,999,0,time_priority,,max_volume_component,SPXW
SPXW,zero_dte,10:30,630,202604,20260420,-0.6,1.8409090909090908,-0.7258161785139539,0.3082906215461404,PUT,0.3082906215461404,1.8409090909090908,d25,event_option_mh30trail_clean1000_frozen2025_select2026_d25_return_deploy202607_SPXW_v1,0,0.3,2,30,25,0.25,202604,d25,999,0,time_priority,,max_volume_component,SPXW
SPXW,zero_dte,10:35,635,202604,20260420,-0.6,1.4086621274167794,-0.4611363572539269,0.458327103415054,PUT,0.458327103415054,1.4086621274167794,d25,event_option_mh30trail_clean1000_frozen2025_select2026_d25_return_deploy202607_SPXW_v1,0,0.3,2,30,25,0.25,202604,d25,999,0,time_priority,,max_volume_component,SPXW
SPXW,zero_dte,10:45,645,202604,20260420,-0.6,1.4230769477652383,-0.4702300605863654,0.3457410786883879,PUT,0.3457410786883879,1.4230769477652383,d25,event_option_mh30trail_clean1000_frozen2025_select2026_d25_return_deploy202607_SPXW_v1,0,0.3,2,30,25,0.25,202604,d25,999,0,time_priority,,max_volume_component,SPXW
SPXW,zero_dte,10:50,650,202604,20260420,-0.6,1.4919355682230169,-0.4644747866968145,0.4153687829961888,PUT,0.4153687829961888,1.4919355682230169,d25,event_option_mh30trail_clean1000_frozen2025_select2026_d25_return_deploy202607_SPXW_v1,0,0.3,2,30,25,0.25,202604,d25,999,0,time_priority,,max_volume_component,SPXW
SPXW,zero_dte,11:05,665,202604,20260420,0.8653846929764635,-0.6,-0.5479609665644903,0.3516681804410811,PUT,0.3516681804410811,-0.6,d25,event_option_mh30trail_clean1000_frozen2025_select2026_d25_return_deploy202607_SPXW_v1,0,0.3,2,30,25,0.25,202604,d25,999,0,time_priority,,max_volume_component,SPXW
SPXW,zero_dte,10:05,605,202604,20260421,-0.6,0.2794118307041062,-0.3839656575968294,0.4773995899630071,PUT,0.4773995899630071,0.2794118307041062,d25,event_option_mh30trail_clean1000_frozen2025_select2026_d25_return_deploy202607_SPXW_v1,0,0.3,2,30,25,0.25,202604,d25,999,0,time_priority,,max_volume_component,SPXW
SPXW,zero_dte,10:15,615,202604,20260421,-0.6,0.4833333757188585,-0.5845714203290397,0.4287481173849325,PUT,0.4287481173849325,0.4833333757188585,d25,event_option_mh30trail_clean1000_frozen2025_select2026_d25_return_deploy202607_SPXW_v1,0,0.3,2,30,25,0.25,202604,d25,999,0,time_priority,,max_volume_component,SPXW
SPXW,zero_dte,10:40,640,202604,20260421,-0.6,4.191860135018099,-0.4867097425730265,0.5495979766502214,PUT,0.5495979766502214,4.191860135018099,d25,event_option_mh30trail_clean1000_frozen2025_select2026_d25_return_deploy202607_SPXW_v1,0,0.3,2,30,25,0.25,202604,d25,999,0,time_priority,,max_volume_component,SPXW
SPXW,zero_dte,10:50,650,202604,20260421,-0.6,2.22457621502349,-0.3533418528291792,0.3274550410561136,PUT,0.3274550410561136,2.22457621502349,d25,event_option_mh30trail_clean1000_frozen2025_select2026_d25_return_deploy202607_SPXW_v1,0,0.3,2,30,25,0.25,202604,d25,999,0,time_priority,,max_volume_component,SPXW
SPXW,zero_dte,11:00,660,202604,20260421,-0.6,0.2557142802647181,-0.5448981988994557,0.3012907334518223,PUT,0.3012907334518223,0.2557142802647181,d25,event_option_mh30trail_clean1000_frozen2025_select2026_d25_return_deploy202607_SPXW_v1,0,0.3,2,30,25,0.25,202604,d25,999,0,time_priority,,max_volume_component,SPXW
SPXW,zero_dte,10:15,615,202604,20260422,-0.6,-0.6,-0.6497626096462078,0.3436236648832884,PUT,0.3436236648832884,-0.6,d25,event_option_mh30trail_clean1000_frozen2025_select2026_d25_return_deploy202607_SPXW_v1,0,0.3,2,30,25,0.25,202604,d25,999,0,time_priority,,max_volume_component,SPXW
SPXW,zero_dte,10:20,620,202604,20260422,-0.6,-0.6,-0.7426138769988431,0.4053607964472481,PUT,0.4053607964472481,-0.6,d25,event_option_mh30trail_clean1000_frozen2025_select2026_d25_return_deploy202607_SPXW_v1,0,0.3,2,30,25,0.25,202604,d25,999,0,time_priority,,max_volume_component,SPXW
SPXW,zero_dte,10:25,625,202604,20260422,-0.6,0.3010203585134163,-0.7293420451702783,0.5219286783354902,PUT,0.5219286783354902,0.3010203585134163,d25,event_option_mh30trail_clean1000_frozen2025_select2026_d25_return_deploy202607_SPXW_v1,0,0.3,2,30,25,0.25,202604,d25,999,0,time_priority,,max_volume_component,SPXW
SPXW,zero_dte,10:30,630,202604,20260422,-0.6,-0.6,-0.3699860485859947,0.5678028326472749,PUT,0.5678028326472749,-0.6,d25,event_option_mh30trail_clean1000_frozen2025_select2026_d25_return_deploy202607_SPXW_v1,0,0.3,2,30,25,0.25,202604,d25,999,0,time_priority,,max_volume_component,SPXW
SPXW,zero_dte,10:40,640,202604,20260422,-0.6,0.4166666971160393,-0.7202785962489493,0.5801361828508101,PUT,0.5801361828508101,0.4166666971160393,d25,event_option_mh30trail_clean1000_frozen2025_select2026_d25_return_deploy202607_SPXW_v1,0,0.3,2,30,25,0.25,202604,d25,999,0,time_priority,,max_volume_component,SPXW
SPXW,zero_dte,10:45,645,202604,20260422,-0.6,-0.6,-0.0624454566944719,0.3399867186633473,PUT,0.3399867186633473,-0.6,d25,event_option_mh30trail_clean1000_frozen2025_select2026_d25_return_deploy202607_SPXW_v1,0,0.3,2,30,25,0.25,202604,d25,999,0,time_priority,,max_volume_component,SPXW
SPXW,zero_dte,10:50,650,202604,20260422,-0.6,-0.6,-0.5757063158378476,0.4847262276604769,PUT,0.4847262276604769,-0.6,d25,event_option_mh30trail_clean1000_frozen2025_select2026_d25_return_deploy202607_SPXW_v1,0,0.3,2,30,25,0.25,202604,d25,999,0,time_priority,,max_volume_component,SPXW
SPXW,zero_dte,10:55,655,202604,20260422,-0.6,-0.6,-0.1667956033988996,0.3188469102444822,PUT,0.3188469102444822,-0.6,d25,event_option_mh30trail_clean1000_frozen2025_select2026_d25_return_deploy202607_SPXW_v1,0,0.3,2,30,25,0.25,202604,d25,999,0,time_priority,,max_volume_component,SPXW
SPXW,zero_dte,11:00,660,202604,20260422,-0.6,-0.6,-0.4840737914734441,0.3136218507470685,PUT,0.3136218507470685,-0.6,d25,event_option_mh30trail_clean1000_frozen2025_select2026_d25_return_deploy202607_SPXW_v1,0,0.3,2,30,25,0.25,202604,d25,999,0,time_priority,,max_volume_component,SPXW
SPXW,zero_dte,11:05,665,202604,20260422,-0.6,-0.6,-0.577688781128815,0.4504003102295227,PUT,0.4504003102295227,-0.6,d25,event_option_mh30trail_clean1000_frozen2025_select2026_d25_return_deploy202607_SPXW_v1,0,0.3,2,30,25,0.25,202604,d25,999,0,time_priority,,max_volume_component,SPXW
SPXW,zero_dte,11:15,675,202604,20260422,-0.6,-0.6,-0.0756124331974883,0.3477149755331382,PUT,0.3477149755331382,-0.6,d25,event_option_mh30trail_clean1000_frozen2025_select2026_d25_return_deploy202607_SPXW_v1,0,0.3,2,30,25,0.25,202604,d25,999,0,time_priority,,max_volume_component,SPXW
SPXW,zero_dte,11:20,680,202604,20260422,-0.6,-0.6,0.0751210021273324,0.3280072695200577,PUT,0.3280072695200577,-0.6,d25,event_option_mh30trail_clean1000_frozen2025_select2026_d25_return_deploy202607_SPXW_v1,0,0.3,2,30,25,0.25,202604,d25,999,0,time_priority,,max_volume_component,SPXW
SPXW,zero_dte,11:45,705,202604,20260422,-0.6,-0.6,-0.562769349737589,0.3617720020086062,PUT,0.3617720020086062,-0.6,d25,event_option_mh30trail_clean1000_frozen2025_select2026_d25_return_deploy202607_SPXW_v1,0,0.3,2,30,25,0.25,202604,d25,999,0,time_priority,,max_volume_component,SPXW
SPXW,zero_dte,11:50,710,202604,20260422,-0.6,-0.6,-0.0748674034493274,0.3287613127298718,PUT,0.3287613127298718,-0.6,d25,event_option_mh30trail_clean1000_frozen2025_select2026_d25_return_deploy202607_SPXW_v1,0,0.3,2,30,25,0.25,202604,d25,999,0,time_priority,,max_volume_component,SPXW
SPXW,zero_dte,11:55,715,202604,20260422,-0.6,0.2763158588198091,-0.6226875468703831,0.3886967114927052,PUT,0.3886967114927052,0.2763158588198091,d25,event_option_mh30trail_clean1000_frozen2025_select2026_d25_return_deploy202607_SPXW_v1,0,0.3,2,30,25,0.25,202604,d25,999,0,time_priority,,max_volume_component,SPXW
SPXW,zero_dte,12:00,720,202604,20260422,-0.6,-0.6,-0.5814959941333608,0.3532292126607709,PUT,0.3532292126607709,-0.6,d25,event_option_mh30trail_clean1000_frozen2025_select2026_d25_return_deploy202607_SPXW_v1,0,0.3,2,30,25,0.25,202604,d25,999,0,time_priority,,max_volume_component,SPXW
SPXW,zero_dte,10:05,605,202604,20260423,0.261879012306518,-0.6,-0.619264447732295,0.4650845603412394,PUT,0.4650845603412394,-0.6,d25,event_option_mh30trail_clean1000_frozen2025_select2026_d25_return_deploy202607_SPXW_v1,0,0.3,2,30,25,0.25,202604,d25,999,0,time_priority,,max_volume_component,SPXW
SPXW,zero_dte,10:00,600,202604,20260424,0.3863635575475788,-0.6,-0.5154480519590189,0.4017827263205607,PUT,0.4017827263205607,-0.6,d25,event_option_mh30trail_clean1000_frozen2025_select2026_d25_return_deploy202607_SPXW_v1,0,0.3,2,30,25,0.25,202604,d25,999,0,time_priority,,max_volume_component,SPXW
SPXW,zero_dte,10:05,605,202604,20260424,0.5295918565946334,-0.6,-0.5907504502939533,0.5345238968011101,PUT,0.5345238968011101,-0.6,d25,event_option_mh30trail_clean1000_frozen2025_select2026_d25_return_deploy202607_SPXW_v1,0,0.3,2,30,25,0.25,202604,d25,999,0,time_priority,,max_volume_component,SPXW
SPXW,zero_dte,10:10,610,202604,20260424,0.3152173822904127,-0.6,-0.7058492847134422,0.4964494591312286,PUT,0.4964494591312286,-0.6,d25,event_option_mh30trail_clean1000_frozen2025_select2026_d25_return_deploy202607_SPXW_v1,0,0.3,2,30,25,0.25,202604,d25,999,0,time_priority,,max_volume_component,SPXW
SPXW,zero_dte,10:15,615,202604,20260424,0.2534482724601392,-0.6,-0.7065106381814747,0.6641351102935469,PUT,0.6641351102935469,-0.6,d25,event_option_mh30trail_clean1000_frozen2025_select2026_d25_return_deploy202607_SPXW_v1,0,0.3,2,30,25,0.25,202604,d25,999,0,time_priority,,max_volume_component,SPXW
SPXW,zero_dte,10:20,620,202604,20260424,0.3457447456093949,-0.6,-0.3175640544333076,0.4789319962464315,PUT,0.4789319962464315,-0.6,d25,event_option_mh30trail_clean1000_frozen2025_select2026_d25_return_deploy202607_SPXW_v1,0,0.3,2,30,25,0.25,202604,d25,999,0,time_priority,,max_volume_component,SPXW
SPXW,zero_dte,10:25,625,202604,20260424,0.2779069488921522,-0.6,-0.4700650154024839,0.4812080148383286,PUT,0.4812080148383286,-0.6,d25,event_option_mh30trail_clean1000_frozen2025_select2026_d25_return_deploy202607_SPXW_v1,0,0.3,2,30,25,0.25,202604,d25,999,0,time_priority,,max_volume_component,SPXW
SPXW,zero_dte,10:30,630,202604,20260424,0.8114657748722149,-0.6,-0.6573095078680034,0.5456153217082852,PUT,0.5456153217082852,-0.6,d25,event_option_mh30trail_clean1000_frozen2025_select2026_d25_return_deploy202607_SPXW_v1,0,0.3,2,30,25,0.25,202604,d25,999,0,time_priority,,max_volume_component,SPXW
SPXW,zero_dte,10:35,635,202604,20260424,0.5295918565946334,-0.6,-0.6773239032697724,0.6423016336180049,PUT,0.6423016336180049,-0.6,d25,event_option_mh30trail_clean1000_frozen2025_select2026_d25_return_deploy202607_SPXW_v1,0,0.3,2,30,25,0.25,202604,d25,999,0,time_priority,,max_volume_component,SPXW
SPXW,zero_dte,10:40,640,202604,20260424,0.3804348164109523,-0.6,-0.4352683106225102,0.4505766436607639,PUT,0.4505766436607639,-0.6,d25,event_option_mh30trail_clean1000_frozen2025_select2026_d25_return_deploy202607_SPXW_v1,0,0.3,2,30,25,0.25,202604,d25,999,0,time_priority,,max_volume_component,SPXW
SPXW,zero_dte,10:45,645,202604,20260424,0.2500000662273849,-0.6,-0.6604698167838711,0.6701712116950252,PUT,0.6701712116950252,-0.6,d25,event_option_mh30trail_clean1000_frozen2025_select2026_d25_return_deploy202607_SPXW_v1,0,0.3,2,30,25,0.25,202604,d25,999,0,time_priority,,max_volume_component,SPXW
SPXW,zero_dte,10:50,650,202604,20260424,2.4423075042062536,-0.6,-0.6839635030291212,0.6312328694432874,PUT,0.6312328694432874,-0.6,d25,event_option_mh30trail_clean1000_frozen2025_select2026_d25_return_deploy202607_SPXW_v1,0,0.3,2,30,25,0.25,202604,d25,999,0,time_priority,,max_volume_component,SPXW
SPXW,zero_dte,10:55,655,202604,20260424,2.509791098010332,-0.6,-0.6892735200769159,0.6807414325754477,PUT,0.6807414325754477,-0.6,d25,event_option_mh30trail_clean1000_frozen2025_select2026_d25_return_deploy202607_SPXW_v1,0,0.3,2,30,25,0.25,202604,d25,999,0,time_priority,,max_volume_component,SPXW
SPXW,zero_dte,11:00,660,202604,20260424,2.178571493447236,-0.6,-0.5432829191728245,0.5055825894627729,PUT,0.5055825894627729,-0.6,d25,event_option_mh30trail_clean1000_frozen2025_select2026_d25_return_deploy202607_SPXW_v1,0,0.3,2,30,25,0.25,202604,d25,999,0,time_priority,,max_volume_component,SPXW
SPXW,zero_dte,11:05,665,202604,20260424,2.3863635050035388,-0.6,-0.6837775152819957,0.4330453624870649,PUT,0.4330453624870649,-0.6,d25,event_option_mh30trail_clean1000_frozen2025_select2026_d25_return_deploy202607_SPXW_v1,0,0.3,2,30,25,0.25,202604,d25,999,0,time_priority,,max_volume_component,SPXW
SPXW,zero_dte,11:10,670,202604,20260424,2.0988369720442583,-0.6,-0.5157639119701992,0.6350115813675947,PUT,0.6350115813675947,-0.6,d25,event_option_mh30trail_clean1000_frozen2025_select2026_d25_return_deploy202607_SPXW_v1,0,0.3,2,30,25,0.25,202604,d25,999,0,time_priority,,max_volume_component,SPXW
SPXW,zero_dte,11:15,675,202604,20260424,2.972222006370014,-0.6,-0.2468596466897557,0.5913097415670344,PUT,0.5913097415670344,-0.6,d25,event_option_mh30trail_clean1000_frozen2025_select2026_d25_return_deploy202607_SPXW_v1,0,0.3,2,30,25,0.25,202604,d25,999,0,time_priority,,max_volume_component,SPXW
SPXW,zero_dte,11:20,680,202604,20260424,3.168604455166996,-0.6,-0.498732380508863,0.5454054704587188,PUT,0.5454054704587188,-0.6,d25,event_option_mh30trail_clean1000_frozen2025_select2026_d25_return_deploy202607_SPXW_v1,0,0.3,2,30,25,0.25,202604,d25,999,0,time_priority,,max_volume_component,SPXW
SPXW,zero_dte,11:25,685,202604,20260424,4.173728725890325,-0.6,-0.210589998511287,0.4369297590099212,PUT,0.4369297590099212,-0.6,d25,event_option_mh30trail_clean1000_frozen2025_select2026_d25_return_deploy202607_SPXW_v1,0,0.3,2,30,25,0.25,202604,d25,999,0,time_priority,,max_volume_component,SPXW
SPXW,zero_dte,11:30,690,202604,20260424,4.083333333333333,-0.6,-0.4401543446607817,0.4092174824732402,PUT,0.4092174824732402,-0.6,d25,event_option_mh30trail_clean1000_frozen2025_select2026_d25_return_deploy202607_SPXW_v1,0,0.3,2,30,25,0.25,202604,d25,999,0,time_priority,,max_volume_component,SPXW
SPXW,zero_dte,11:35,695,202604,20260424,4.67592582127031,-0.6,-0.2472792843051094,0.5176118745821129,PUT,0.5176118745821129,-0.6,d25,event_option_mh30trail_clean1000_frozen2025_select2026_d25_return_deploy202607_SPXW_v1,0,0.3,2,30,25,0.25,202604,d25,999,0,time_priority,,max_volume_component,SPXW
SPXW,zero_dte,11:40,700,202604,20260424,3.5,-0.6,-0.5859357770229116,0.3390888414286768,PUT,0.3390888414286768,-0.6,d25,event_option_mh30trail_clean1000_frozen2025_select2026_d25_return_deploy202607_SPXW_v1,0,0.3,2,30,25,0.25,202604,d25,999,0,time_priority,,max_volume_component,SPXW
SPXW,zero_dte,12:00,720,202604,20260424,-0.6,-0.6,-0.6817314313388277,0.3311630576187889,PUT,0.3311630576187889,-0.6,d25,event_option_mh30trail_clean1000_frozen2025_select2026_d25_return_deploy202607_SPXW_v1,0,0.3,2,30,25,0.25,202604,d25,999,0,time_priority,,max_volume_component,SPXW
SPXW,zero_dte,12:05,725,202604,20260424,-0.6,-0.6,-0.63984427177456,0.3177545122895097,PUT,0.3177545122895097,-0.6,d25,event_option_mh30trail_clean1000_frozen2025_select2026_d25_return_deploy202607_SPXW_v1,0,0.3,2,30,25,0.25,202604,d25,999,0,time_priority,,max_volume_component,SPXW
SPXW,zero_dte,12:25,745,202604,20260424,-0.6,-0.6,-0.5181494765196591,0.3855077816830025,PUT,0.3855077816830025,-0.6,d25,event_option_mh30trail_clean1000_frozen2025_select2026_d25_return_deploy202607_SPXW_v1,0,0.3,2,30,25,0.25,202604,d25,999,0,time_priority,,max_volume_component,SPXW
SPXW,zero_dte,12:35,755,202604,20260424,-0.6,-0.6,-0.6184798878042501,0.3323028004970503,PUT,0.3323028004970503,-0.6,d25,event_option_mh30trail_clean1000_frozen2025_select2026_d25_return_deploy202607_SPXW_v1,0,0.3,2,30,25,0.25,202604,d25,999,0,time_priority,,max_volume_component,SPXW
SPXW,zero_dte,10:00,600,202604,20260427,-0.6,0.403846287868437,-0.4739127846791973,0.4781536182612228,PUT,0.4781536182612228,0.403846287868437,d25,event_option_mh30trail_clean1000_frozen2025_select2026_d25_return_deploy202607_SPXW_v1,0,0.3,2,30,25,0.25,202604,d25,999,0,time_priority,,max_volume_component,SPXW
SPXW,zero_dte,10:05,605,202604,20260427,-0.6,0.403846287868437,-0.5862221457141118,0.4423149954305924,PUT,0.4423149954305924,0.403846287868437,d25,event_option_mh30trail_clean1000_frozen2025_select2026_d25_return_deploy202607_SPXW_v1,0,0.3,2,30,25,0.25,202604,d25,999,0,time_priority,,max_volume_component,SPXW
SPXW,zero_dte,10:10,610,202604,20260427,0.3986486016267234,-0.6,-0.6077409901182785,0.4413408849263991,PUT,0.4413408849263991,-0.6,d25,event_option_mh30trail_clean1000_frozen2025_select2026_d25_return_deploy202607_SPXW_v1,0,0.3,2,30,25,0.25,202604,d25,999,0,time_priority,,max_volume_component,SPXW
SPXW,zero_dte,10:15,615,202604,20260427,0.4928571156093053,0.403846287868437,-0.5771742967505228,0.3469915324252329,PUT,0.3469915324252329,0.403846287868437,d25,event_option_mh30trail_clean1000_frozen2025_select2026_d25_return_deploy202607_SPXW_v1,0,0.3,2,30,25,0.25,202604,d25,999,0,time_priority,,max_volume_component,SPXW
SPXW,zero_dte,10:55,655,202604,20260427,0.5657895215660587,0.5797873894625476,-0.6896218917623752,0.3042588123012846,PUT,0.3042588123012846,0.5797873894625476,d25,event_option_mh30trail_clean1000_frozen2025_select2026_d25_return_deploy202607_SPXW_v1,0,0.3,2,30,25,0.25,202604,d25,999,0,time_priority,,max_volume_component,SPXW
SPXW,zero_dte,11:05,665,202604,20260427,0.3250000476837158,-0.6,0.1232408551255762,0.3108018008819412,PUT,0.3108018008819412,-0.6,d25,event_option_mh30trail_clean1000_frozen2025_select2026_d25_return_deploy202607_SPXW_v1,0,0.3,2,30,25,0.25,202604,d25,999,0,time_priority,,max_volume_component,SPXW
SPXW,zero_dte,12:35,755,202604,20260427,0.5277778170236338,-0.6,-0.558372232154312,0.3163102214320947,PUT,0.3163102214320947,-0.6,d25,event_option_mh30trail_clean1000_frozen2025_select2026_d25_return_deploy202607_SPXW_v1,0,0.3,2,30,25,0.25,202604,d25,999,0,time_priority,,max_volume_component,SPXW
SPXW,zero_dte,10:00,600,202604,20260428,-0.6,0.2541322470378955,-0.7611255132906364,0.5492380081185693,PUT,0.5492380081185693,0.2541322470378955,d25,event_option_mh30trail_clean1000_frozen2025_select2026_d25_return_deploy202607_SPXW_v1,0,0.3,2,30,25,0.25,202604,d25,999,0,time_priority,,max_volume_component,SPXW
SPXW,zero_dte,10:05,605,202604,20260428,-0.6,0.3095745151428268,-0.6339451492153814,0.3440512175918331,PUT,0.3440512175918331,0.3095745151428268,d25,event_option_mh30trail_clean1000_frozen2025_select2026_d25_return_deploy202607_SPXW_v1,0,0.3,2,30,25,0.25,202604,d25,999,0,time_priority,,max_volume_component,SPXW
SPXW,zero_dte,10:15,615,202604,20260428,-0.6,0.8749999680689395,-0.646767568078613,0.3737650558370283,PUT,0.3737650558370283,0.8749999680689395,d25,event_option_mh30trail_clean1000_frozen2025_select2026_d25_return_deploy202607_SPXW_v1,0,0.3,2,30,25,0.25,202604,d25,999,0,time_priority,,max_volume_component,SPXW
SPXW,zero_dte,10:25,625,202604,20260428,-0.6,1.4234694135730233,-0.5551889705527272,0.4529718983049337,PUT,0.4529718983049337,1.4234694135730233,d25,event_option_mh30trail_clean1000_frozen2025_select2026_d25_return_deploy202607_SPXW_v1,0,0.3,2,30,25,0.25,202604,d25,999,0,time_priority,,max_volume_component,SPXW
SPXW,zero_dte,10:30,630,202604,20260428,-0.6,1.2216980962322128,-0.5417732864943328,0.6684926159343415,PUT,0.6684926159343415,1.2216980962322128,d25,event_option_mh30trail_clean1000_frozen2025_select2026_d25_return_deploy202607_SPXW_v1,0,0.3,2,30,25,0.25,202604,d25,999,0,time_priority,,max_volume_component,SPXW
SPXW,zero_dte,10:35,635,202604,20260428,-0.6,0.4960316931699815,-0.4383462564736816,0.3756548589756738,PUT,0.3756548589756738,0.4960316931699815,d25,event_option_mh30trail_clean1000_frozen2025_select2026_d25_return_deploy202607_SPXW_v1,0,0.3,2,30,25,0.25,202604,d25,999,0,time_priority,,max_volume_component,SPXW
SPXW,zero_dte,10:40,640,202604,20260428,0.3636363069873223,-0.6,-0.5341664426137733,0.4388609821736574,PUT,0.4388609821736574,-0.6,d25,event_option_mh30trail_clean1000_frozen2025_select2026_d25_return_deploy202607_SPXW_v1,0,0.3,2,30,25,0.25,202604,d25,999,0,time_priority,,max_volume_component,SPXW
SPXW,zero_dte,10:45,645,202604,20260428,0.2500000662273849,-0.6,-0.5290274632786975,0.3251891241747332,PUT,0.3251891241747332,-0.6,d25,event_option_mh30trail_clean1000_frozen2025_select2026_d25_return_deploy202607_SPXW_v1,0,0.3,2,30,25,0.25,202604,d25,999,0,time_priority,,max_volume_component,SPXW
SPXW,zero_dte,10:50,650,202604,20260428,0.5249999761581421,-0.6,-0.5936675940396055,0.4360413871373293,PUT,0.4360413871373293,-0.6,d25,event_option_mh30trail_clean1000_frozen2025_select2026_d25_return_deploy202607_SPXW_v1,0,0.3,2,30,25,0.25,202604,d25,999,0,time_priority,,max_volume_component,SPXW
SPXW,zero_dte,11:00,660,202604,20260428,-0.6,0.4679486270330226,-0.5228043834350616,0.433866862096971,PUT,0.433866862096971,0.4679486270330226,d25,event_option_mh30trail_clean1000_frozen2025_select2026_d25_return_deploy202607_SPXW_v1,0,0.3,2,30,25,0.25,202604,d25,999,0,time_priority,,max_volume_component,SPXW
SPXW,zero_dte,11:05,665,202604,20260428,-0.6,-0.6,-0.5308764712848385,0.3186534583360158,PUT,0.3186534583360158,-0.6,d25,event_option_mh30trail_clean1000_frozen2025_select2026_d25_return_deploy202607_SPXW_v1,0,0.3,2,30,25,0.25,202604,d25,999,0,time_priority,,max_volume_component,SPXW
SPXW,zero_dte,11:10,670,202604,20260428,-0.6,-0.6,-0.6415794730900741,0.3837380561644438,PUT,0.3837380561644438,-0.6,d25,event_option_mh30trail_clean1000_frozen2025_select2026_d25_return_deploy202607_SPXW_v1,0,0.3,2,30,25,0.25,202604,d25,999,0,time_priority,,max_volume_component,SPXW
SPXW,zero_dte,11:15,675,202604,20260428,-0.6,-0.6,-0.5199679052592523,0.4304977428122236,PUT,0.4304977428122236,-0.6,d25,event_option_mh30trail_clean1000_frozen2025_select2026_d25_return_deploy202607_SPXW_v1,0,0.3,2,30,25,0.25,202604,d25,999,0,time_priority,,max_volume_component,SPXW
SPXW,zero_dte,11:20,680,202604,20260428,-0.6,0.2678571687060964,-0.460747412481841,0.4828399200633118,PUT,0.4828399200633118,0.2678571687060964,d25,event_option_mh30trail_clean1000_frozen2025_select2026_d25_return_deploy202607_SPXW_v1,0,0.3,2,30,25,0.25,202604,d25,999,0,time_priority,,max_volume_component,SPXW
SPXW,zero_dte,11:25,685,202604,20260428,-0.6,-0.6,-0.6096049834689928,0.4968665211015937,PUT,0.4968665211015937,-0.6,d25,event_option_mh30trail_clean1000_frozen2025_select2026_d25_return_deploy202607_SPXW_v1,0,0.3,2,30,25,0.25,202604,d25,999,0,time_priority,,max_volume_component,SPXW
SPXW,zero_dte,12:00,720,202604,20260428,-0.6,-0.6,-0.5175750544292177,0.4442396593274832,PUT,0.4442396593274832,-0.6,d25,event_option_mh30trail_clean1000_frozen2025_select2026_d25_return_deploy202607_SPXW_v1,0,0.3,2,30,25,0.25,202604,d25,999,0,time_priority,,max_volume_component,SPXW
SPXW,zero_dte,12:05,725,202604,20260428,-0.6,-0.6,-0.5795092288279329,0.5443994691476776,PUT,0.5443994691476776,-0.6,d25,event_option_mh30trail_clean1000_frozen2025_select2026_d25_return_deploy202607_SPXW_v1,0,0.3,2,30,25,0.25,202604,d25,999,0,time_priority,,max_volume_component,SPXW
SPXW,zero_dte,12:10,730,202604,20260428,-0.6,-0.6,-0.6092708086539603,0.4473299986819284,PUT,0.4473299986819284,-0.6,d25,event_option_mh30trail_clean1000_frozen2025_select2026_d25_return_deploy202607_SPXW_v1,0,0.3,2,30,25,0.25,202604,d25,999,0,time_priority,,max_volume_component,SPXW
SPXW,zero_dte,12:20,740,202604,20260428,-0.6,0.5147058328542755,-0.550859555169886,0.3664632117630458,PUT,0.3664632117630458,0.5147058328542755,d25,event_option_mh30trail_clean1000_frozen2025_select2026_d25_return_deploy202607_SPXW_v1,0,0.3,2,30,25,0.25,202604,d25,999,0,time_priority,,max_volume_component,SPXW
SPXW,zero_dte,12:30,750,202604,20260428,-0.6,0.5681818444538382,-0.6516631154592497,0.3086197584015973,PUT,0.3086197584015973,0.5681818444538382,d25,event_option_mh30trail_clean1000_frozen2025_select2026_d25_return_deploy202607_SPXW_v1,0,0.3,2,30,25,0.25,202604,d25,999,0,time_priority,,max_volume_component,SPXW
SPXW,zero_dte,12:55,775,202604,20260428,0.3653846012770065,0.4671716685198293,-0.6000332681442765,0.3318246481152024,PUT,0.3318246481152024,0.4671716685198293,d25,event_option_mh30trail_clean1000_frozen2025_select2026_d25_return_deploy202607_SPXW_v1,0,0.3,2,30,25,0.25,202604,d25,999,0,time_priority,,max_volume_component,SPXW
SPXW,zero_dte,13:00,780,202604,20260428,0.2941175606939628,0.5911552129060711,-0.5201250681097924,0.3628678721345326,PUT,0.3628678721345326,0.5911552129060711,d25,event_option_mh30trail_clean1000_frozen2025_select2026_d25_return_deploy202607_SPXW_v1,0,0.3,2,30,25,0.25,202604,d25,999,0,time_priority,,max_volume_component,SPXW
SPXW,zero_dte,10:00,600,202604,20260429,0.6715687007823401,-0.0571428707667759,-0.4758860152286626,0.3576038344650075,PUT,0.3576038344650075,-0.0571428707667759,d25,event_option_mh30trail_clean1000_frozen2025_select2026_d25_return_deploy202607_SPXW_v1,0,0.3,2,30,25,0.25,202604,d25,999,0,time_priority,,max_volume_component,SPXW
SPXW,zero_dte,10:05,605,202604,20260429,0.5990565732179831,0.5043860236179962,-0.5427953807345332,0.5221612799934096,PUT,0.5221612799934096,0.5043860236179962,d25,event_option_mh30trail_clean1000_frozen2025_select2026_d25_return_deploy202607_SPXW_v1,0,0.3,2,30,25,0.25,202604,d25,999,0,time_priority,,max_volume_component,SPXW
SPXW,zero_dte,10:10,610,202604,20260429,0.5648148180853028,0.5625000325962897,-0.4471043391442387,0.4673718934171757,PUT,0.4673718934171757,0.5625000325962897,d25,event_option_mh30trail_clean1000_frozen2025_select2026_d25_return_deploy202607_SPXW_v1,0,0.3,2,30,25,0.25,202604,d25,999,0,time_priority,,max_volume_component,SPXW
SPXW,zero_dte,10:20,620,202604,20260429,0.3915411281648071,0.4137477997430925,-0.5078233892816902,0.6576990444403674,PUT,0.6576990444403674,0.4137477997430925,d25,event_option_mh30trail_clean1000_frozen2025_select2026_d25_return_deploy202607_SPXW_v1,0,0.3,2,30,25,0.25,202604,d25,999,0,time_priority,,max_volume_component,SPXW
SPXW,zero_dte,10:30,630,202604,20260429,0.2892156963575718,0.3571428845123374,-0.6696706351403159,0.3632689890240397,PUT,0.3632689890240397,0.3571428845123374,d25,event_option_mh30trail_clean1000_frozen2025_select2026_d25_return_deploy202607_SPXW_v1,0,0.3,2,30,25,0.25,202604,d25,999,0,time_priority,,max_volume_component,SPXW
SPXW,zero_dte,10:40,640,202604,20260429,-0.6,0.5466102051070552,-0.6663747103310491,0.3023821834821115,PUT,0.3023821834821115,0.5466102051070552,d25,event_option_mh30trail_clean1000_frozen2025_select2026_d25_return_deploy202607_SPXW_v1,0,0.3,2,30,25,0.25,202604,d25,999,0,time_priority,,max_volume_component,SPXW
SPXW,zero_dte,10:45,645,202604,20260429,-0.6,0.4877050077360967,-0.7147616195808474,0.4486473059184444,PUT,0.4486473059184444,0.4877050077360967,d25,event_option_mh30trail_clean1000_frozen2025_select2026_d25_return_deploy202607_SPXW_v1,0,0.3,2,30,25,0.25,202604,d25,999,0,time_priority,,max_volume_component,SPXW
SPXW,zero_dte,10:50,650,202604,20260429,-0.6,0.4745283046028459,-0.7053285138370842,0.3845411777593247,PUT,0.3845411777593247,0.4745283046028459,d25,event_option_mh30trail_clean1000_frozen2025_select2026_d25_return_deploy202607_SPXW_v1,0,0.3,2,30,25,0.25,202604,d25,999,0,time_priority,,max_volume_component,SPXW
SPXW,zero_dte,10:55,655,202604,20260429,-0.6,0.4375000046566129,-0.5575505621548897,0.4900431751634926,PUT,0.4900431751634926,0.4375000046566129,d25,event_option_mh30trail_clean1000_frozen2025_select2026_d25_return_deploy202607_SPXW_v1,0,0.3,2,30,25,0.25,202604,d25,999,0,time_priority,,max_volume_component,SPXW
SPXW,zero_dte,11:00,660,202604,20260429,-0.6,0.4876425752106332,-0.6099417931595928,0.4240232926852975,PUT,0.4240232926852975,0.4876425752106332,d25,event_option_mh30trail_clean1000_frozen2025_select2026_d25_return_deploy202607_SPXW_v1,0,0.3,2,30,25,0.25,202604,d25,999,0,time_priority,,max_volume_component,SPXW
SPXW,zero_dte,11:10,670,202604,20260429,-0.6,0.5625000325962897,-0.4960566257139281,0.3100398641920457,PUT,0.3100398641920457,0.5625000325962897,d25,event_option_mh30trail_clean1000_frozen2025_select2026_d25_return_deploy202607_SPXW_v1,0,0.3,2,30,25,0.25,202604,d25,999,0,time_priority,,max_volume_component,SPXW
SPXW,zero_dte,11:15,675,202604,20260429,-0.6,0.5681818181818181,-0.499799306181251,0.3139617499641938,PUT,0.3139617499641938,0.5681818181818181,d25,event_option_mh30trail_clean1000_frozen2025_select2026_d25_return_deploy202607_SPXW_v1,0,0.3,2,30,25,0.25,202604,d25,999,0,time_priority,,max_volume_component,SPXW
SPXW,zero_dte,11:20,680,202604,20260429,-0.6,0.3879309806188722,-0.5000268271107808,0.3337290196851712,PUT,0.3337290196851712,0.3879309806188722,d25,event_option_mh30trail_clean1000_frozen2025_select2026_d25_return_deploy202607_SPXW_v1,0,0.3,2,30,25,0.25,202604,d25,999,0,time_priority,,max_volume_component,SPXW
SPXW,zero_dte,11:45,705,202604,20260429,-0.6,1.1666666501098215,-0.5876525044362544,0.314669783507114,PUT,0.314669783507114,1.1666666501098215,d25,event_option_mh30trail_clean1000_frozen2025_select2026_d25_return_deploy202607_SPXW_v1,0,0.3,2,30,25,0.25,202604,d25,999,0,time_priority,,max_volume_component,SPXW
SPXW,zero_dte,11:50,710,202604,20260429,-0.6,1.1184211318842947,-0.4234246162284253,0.3080229153101963,PUT,0.3080229153101963,1.1184211318842947,d25,event_option_mh30trail_clean1000_frozen2025_select2026_d25_return_deploy202607_SPXW_v1,0,0.3,2,30,25,0.25,202604,d25,999,0,time_priority,,max_volume_component,SPXW
SPXW,zero_dte,11:55,715,202604,20260429,-0.6,0.2500000518301268,-0.4609033128547007,0.3000374626026798,PUT,0.3000374626026798,0.2500000518301268,d25,event_option_mh30trail_clean1000_frozen2025_select2026_d25_return_deploy202607_SPXW_v1,0,0.3,2,30,25,0.25,202604,d25,999,0,time_priority,,max_volume_component,SPXW
SPXW,zero_dte,12:20,740,202604,20260429,-0.6,0.4734044064219214,-0.2316571649989394,0.3580972377481181,PUT,0.3580972377481181,0.4734044064219214,d25,event_option_mh30trail_clean1000_frozen2025_select2026_d25_return_deploy202607_SPXW_v1,0,0.3,2,30,25,0.25,202604,d25,999,0,time_priority,,max_volume_component,SPXW
SPXW,zero_dte,12:25,745,202604,20260429,-0.6,0.3940677377075625,-0.5056485929915134,0.4117029272583636,PUT,0.4117029272583636,0.3940677377075625,d25,event_option_mh30trail_clean1000_frozen2025_select2026_d25_return_deploy202607_SPXW_v1,0,0.3,2,30,25,0.25,202604,d25,999,0,time_priority,,max_volume_component,SPXW
SPXW,zero_dte,12:30,750,202604,20260429,0.3702531691412001,-0.6,-0.275060836985721,0.3464730619696849,PUT,0.3464730619696849,-0.6,d25,event_option_mh30trail_clean1000_frozen2025_select2026_d25_return_deploy202607_SPXW_v1,0,0.3,2,30,25,0.25,202604,d25,999,0,time_priority,,max_volume_component,SPXW
SPXW,zero_dte,12:40,760,202604,20260429,-0.6,0.3578431299217659,-0.4121404075866937,0.3923782345892289,PUT,0.3923782345892289,0.3578431299217659,d25,event_option_mh30trail_clean1000_frozen2025_select2026_d25_return_deploy202607_SPXW_v1,0,0.3,2,30,25,0.25,202604,d25,999,0,time_priority,,max_volume_component,SPXW
SPXW,zero_dte,12:45,765,202604,20260429,0.2738096157169167,-0.6,-0.2847171841773869,0.3802550331126051,PUT,0.3802550331126051,-0.6,d25,event_option_mh30trail_clean1000_frozen2025_select2026_d25_return_deploy202607_SPXW_v1,0,0.3,2,30,25,0.25,202604,d25,999,0,time_priority,,max_volume_component,SPXW
SPXW,zero_dte,12:50,770,202604,20260429,-0.6,0.3578431299217659,-0.309711119742553,0.3655493696254983,PUT,0.3655493696254983,0.3578431299217659,d25,event_option_mh30trail_clean1000_frozen2025_select2026_d25_return_deploy202607_SPXW_v1,0,0.3,2,30,25,0.25,202604,d25,999,0,time_priority,,max_volume_component,SPXW
SPXW,zero_dte,13:10,790,202604,20260429,0.2685184563792466,0.3899999618530274,-0.2509549563789292,0.395506769610791,PUT,0.395506769610791,0.3899999618530274,d25,event_option_mh30trail_clean1000_frozen2025_select2026_d25_return_deploy202607_SPXW_v1,0,0.3,2,30,25,0.25,202604,d25,999,0,time_priority,,max_volume_component,SPXW
SPXW,zero_dte,10:05,605,202604,20260430,0.4957627159738909,0.3472222645341625,-0.366800011136632,0.63762066061413,PUT,0.63762066061413,0.3472222645341625,d25,event_option_mh30trail_clean1000_frozen2025_select2026_d25_return_deploy202607_SPXW_v1,0,0.3,2,30,25,0.25,202604,d25,999,0,time_priority,,max_volume_component,SPXW
SPXW,zero_dte,10:10,610,202604,20260430,0.6096492519595917,-0.6,-0.3985390517896952,0.3631745602154257,PUT,0.3631745602154257,-0.6,d25,event_option_mh30trail_clean1000_frozen2025_select2026_d25_return_deploy202607_SPXW_v1,0,0.3,2,30,25,0.25,202604,d25,999,0,time_priority,,max_volume_component,SPXW
SPXW,zero_dte,10:15,615,202604,20260430,0.4569243665629194,0.304054034026197,-0.7063112219804494,0.6188585497521213,PUT,0.6188585497521213,0.304054034026197,d25,event_option_mh30trail_clean1000_frozen2025_select2026_d25_return_deploy202607_SPXW_v1,0,0.3,2,30,25,0.25,202604,d25,999,0,time_priority,,max_volume_component,SPXW
SPXW,zero_dte,10:20,620,202604,20260430,0.4325396921509123,-0.6,-0.5399653331485477,0.4911545219733211,PUT,0.4911545219733211,-0.6,d25,event_option_mh30trail_clean1000_frozen2025_select2026_d25_return_deploy202607_SPXW_v1,0,0.3,2,30,25,0.25,202604,d25,999,0,time_priority,,max_volume_component,SPXW
SPXW,zero_dte,10:25,625,202604,20260430,0.8958332878020094,-0.6,-0.1001939619106963,0.418073414129487,PUT,0.418073414129487,-0.6,d25,event_option_mh30trail_clean1000_frozen2025_select2026_d25_return_deploy202607_SPXW_v1,0,0.3,2,30,25,0.25,202604,d25,999,0,time_priority,,max_volume_component,SPXW
SPXW,zero_dte,11:20,680,202604,20260430,1.3313953230482891,-0.6,-0.4795421864974923,0.428028801937116,PUT,0.428028801937116,-0.6,d25,event_option_mh30trail_clean1000_frozen2025_select2026_d25_return_deploy202607_SPXW_v1,0,0.3,2,30,25,0.25,202604,d25,999,0,time_priority,,max_volume_component,SPXW
SPXW,zero_dte,14:25,865,202605,20260501,-0.6,1.8611109148818312,-0.4547788302297672,0.3649037688960171,PUT,0.3649037688960171,1.8611109148818312,d25,event_option_mh30trail_clean1000_frozen2025_select2026_d25_return_deploy202607_SPXW_v1,0,0.3,2,30,25,0.25,202605,d25,999,0,time_priority,,max_volume_component,SPXW
SPXW,zero_dte,14:30,870,202605,20260501,-0.6,2.402173822904127,-0.1613233113202699,0.3410538824327369,PUT,0.3410538824327369,2.402173822904127,d25,event_option_mh30trail_clean1000_frozen2025_select2026_d25_return_deploy202607_SPXW_v1,0,0.3,2,30,25,0.25,202605,d25,999,0,time_priority,,max_volume_component,SPXW
SPXW,zero_dte,10:30,630,202605,20260504,-0.6,0.2928571701049804,-0.401826519292613,0.5068361568612418,PUT,0.5068361568612418,0.2928571701049804,d25,event_option_mh30trail_clean1000_frozen2025_select2026_d25_return_deploy202607_SPXW_v1,0,0.3,2,30,25,0.25,202605,d25,999,0,time_priority,,max_volume_component,SPXW
SPXW,zero_dte,11:55,715,202605,20260504,-0.6,1.992320745239501,-0.4642216190943656,0.3095703205861912,PUT,0.3095703205861912,1.992320745239501,d25,event_option_mh30trail_clean1000_frozen2025_select2026_d25_return_deploy202607_SPXW_v1,0,0.3,2,30,25,0.25,202605,d25,999,0,time_priority,,max_volume_component,SPXW
SPXW,zero_dte,12:10,730,202605,20260504,0.8959999084472656,-0.6,-0.3262949017469838,0.4158047835849777,PUT,0.4158047835849777,-0.6,d25,event_option_mh30trail_clean1000_frozen2025_select2026_d25_return_deploy202607_SPXW_v1,0,0.3,2,30,25,0.25,202605,d25,999,0,time_priority,,max_volume_component,SPXW
SPXW,zero_dte,12:20,740,202605,20260504,-0.6,-0.6,-0.3794723714428921,0.3362096630819371,PUT,0.3362096630819371,-0.6,d25,event_option_mh30trail_clean1000_frozen2025_select2026_d25_return_deploy202607_SPXW_v1,0,0.3,2,30,25,0.25,202605,d25,999,0,time_priority,,max_volume_component,SPXW
SPXW,zero_dte,12:45,765,202605,20260504,0.5499999523162842,-0.6,-0.3953911887088521,0.4189024380711855,PUT,0.4189024380711855,-0.6,d25,event_option_mh30trail_clean1000_frozen2025_select2026_d25_return_deploy202607_SPXW_v1,0,0.3,2,30,25,0.25,202605,d25,999,0,time_priority,,max_volume_component,SPXW
SPXW,zero_dte,13:10,790,202605,20260504,0.6625000238418579,-0.6,-0.4613131874679844,0.3875716496070775,PUT,0.3875716496070775,-0.6,d25,event_option_mh30trail_clean1000_frozen2025_select2026_d25_return_deploy202607_SPXW_v1,0,0.3,2,30,25,0.25,202605,d25,999,0,time_priority,,max_volume_component,SPXW
SPXW,zero_dte,10:05,605,202605,20260505,0.8473683921584128,0.4499999999999999,-0.752438366407873,0.4504113902878128,PUT,0.4504113902878128,0.4499999999999999,d25,event_option_mh30trail_clean1000_frozen2025_select2026_d25_return_deploy202607_SPXW_v1,0,0.3,2,30,25,0.25,202605,d25,999,0,time_priority,,max_volume_component,SPXW
SPXW,zero_dte,10:40,640,202605,20260505,0.2862319181106136,-0.6,-0.6182963693936636,0.3853880994940868,PUT,0.3853880994940868,-0.6,d25,event_option_mh30trail_clean1000_frozen2025_select2026_d25_return_deploy202607_SPXW_v1,0,0.3,2,30,25,0.25,202605,d25,999,0,time_priority,,max_volume_component,SPXW
SPXW,zero_dte,10:45,645,202605,20260505,0.4375000046566129,-0.6,-0.6568660461157886,0.3316749220625013,PUT,0.3316749220625013,-0.6,d25,event_option_mh30trail_clean1000_frozen2025_select2026_d25_return_deploy202607_SPXW_v1,0,0.3,2,30,25,0.25,202605,d25,999,0,time_priority,,max_volume_component,SPXW
SPXW,zero_dte,10:50,650,202605,20260505,0.4013761855856064,-0.6,-0.6304491684063012,0.3707070136200194,PUT,0.3707070136200194,-0.6,d25,event_option_mh30trail_clean1000_frozen2025_select2026_d25_return_deploy202607_SPXW_v1,0,0.3,2,30,25,0.25,202605,d25,999,0,time_priority,,max_volume_component,SPXW
SPXW,zero_dte,10:00,600,202605,20260507,0.2954545553065526,-0.6,-0.5053709281030325,0.3621728693326496,PUT,0.3621728693326496,-0.6,d25,event_option_mh30trail_clean1000_frozen2025_select2026_d25_return_deploy202607_SPXW_v1,0,0.3,2,30,25,0.25,202605,d25,999,0,time_priority,,max_volume_component,SPXW
SPXW,zero_dte,10:15,615,202605,20260507,0.5701284499218886,-0.6,-0.8208641107408778,0.435835460227682,PUT,0.435835460227682,-0.6,d25,event_option_mh30trail_clean1000_frozen2025_select2026_d25_return_deploy202607_SPXW_v1,0,0.3,2,30,25,0.25,202605,d25,999,0,time_priority,,max_volume_component,SPXW
SPXW,zero_dte,10:20,620,202605,20260507,0.4078948078393285,0.6630435593862858,-0.6794403266507315,0.3005533481206353,PUT,0.3005533481206353,0.6630435593862858,d25,event_option_mh30trail_clean1000_frozen2025_select2026_d25_return_deploy202607_SPXW_v1,0,0.3,2,30,25,0.25,202605,d25,999,0,time_priority,,max_volume_component,SPXW
SPXW,zero_dte,10:25,625,202605,20260507,0.4527027323090999,0.2523810069847565,-0.6560496862721711,0.3608012409389627,PUT,0.3608012409389627,0.2523810069847565,d25,event_option_mh30trail_clean1000_frozen2025_select2026_d25_return_deploy202607_SPXW_v1,0,0.3,2,30,25,0.25,202605,d25,999,0,time_priority,,max_volume_component,SPXW
SPXW,zero_dte,10:30,630,202605,20260507,0.8928571529939875,0.5459183713189266,-0.6699886817797495,0.4213333721084094,PUT,0.4213333721084094,0.5459183713189266,d25,event_option_mh30trail_clean1000_frozen2025_select2026_d25_return_deploy202607_SPXW_v1,0,0.3,2,30,25,0.25,202605,d25,999,0,time_priority,,max_volume_component,SPXW
SPXW,zero_dte,10:35,635,202605,20260507,0.9318181555461617,0.4754902657432232,-0.702669517452298,0.3121603095450102,PUT,0.3121603095450102,0.4754902657432232,d25,event_option_mh30trail_clean1000_frozen2025_select2026_d25_return_deploy202607_SPXW_v1,0,0.3,2,30,25,0.25,202605,d25,999,0,time_priority,,max_volume_component,SPXW
SPXW,zero_dte,11:00,660,202605,20260508,-0.6,0.3636363069873223,-0.4465815810814627,0.3395747018908697,PUT,0.3395747018908697,0.3636363069873223,d25,event_option_mh30trail_clean1000_frozen2025_select2026_d25_return_deploy202607_SPXW_v1,0,0.3,2,30,25,0.25,202605,d25,999,0,time_priority,,max_volume_component,SPXW
SPXW,zero_dte,11:05,665,202605,20260508,-0.6,0.2934782721369842,-0.3795308644296676,0.4554351130048047,PUT,0.4554351130048047,0.2934782721369842,d25,event_option_mh30trail_clean1000_frozen2025_select2026_d25_return_deploy202607_SPXW_v1,0,0.3,2,30,25,0.25,202605,d25,999,0,time_priority,,max_volume_component,SPXW
SPXW,zero_dte,11:20,680,202605,20260508,-0.6,-0.6,-0.5917769280171803,0.3577018612733669,PUT,0.3577018612733669,-0.6,d25,event_option_mh30trail_clean1000_frozen2025_select2026_d25_return_deploy202607_SPXW_v1,0,0.3,2,30,25,0.25,202605,d25,999,0,time_priority,,max_volume_component,SPXW
SPXW,zero_dte,11:40,700,202605,20260508,-0.6,-0.6,-0.3654657786134616,0.3251905579028374,PUT,0.3251905579028374,-0.6,d25,event_option_mh30trail_clean1000_frozen2025_select2026_d25_return_deploy202607_SPXW_v1,0,0.3,2,30,25,0.25,202605,d25,999,0,time_priority,,max_volume_component,SPXW
SPXW,zero_dte,11:50,710,202605,20260508,-0.6,-0.6,-0.4229680014154263,0.5102483359699875,PUT,0.5102483359699875,-0.6,d25,event_option_mh30trail_clean1000_frozen2025_select2026_d25_return_deploy202607_SPXW_v1,0,0.3,2,30,25,0.25,202605,d25,999,0,time_priority,,max_volume_component,SPXW
SPXW,zero_dte,11:55,715,202605,20260508,-0.6,-0.6,-0.0140792018454513,0.4373587656150151,PUT,0.4373587656150151,-0.6,d25,event_option_mh30trail_clean1000_frozen2025_select2026_d25_return_deploy202607_SPXW_v1,0,0.3,2,30,25,0.25,202605,d25,999,0,time_priority,,max_volume_component,SPXW
SPXW,zero_dte,12:05,725,202605,20260508,-0.6,-0.6,-0.3950795922988452,0.4669812427524497,PUT,0.4669812427524497,-0.6,d25,event_option_mh30trail_clean1000_frozen2025_select2026_d25_return_deploy202607_SPXW_v1,0,0.3,2,30,25,0.25,202605,d25,999,0,time_priority,,max_volume_component,SPXW
SPXW,zero_dte,12:10,730,202605,20260508,-0.6,-0.6,-0.1552905338209658,0.3250903879270099,PUT,0.3250903879270099,-0.6,d25,event_option_mh30trail_clean1000_frozen2025_select2026_d25_return_deploy202607_SPXW_v1,0,0.3,2,30,25,0.25,202605,d25,999,0,time_priority,,max_volume_component,SPXW
SPXW,zero_dte,12:20,740,202605,20260508,-0.6,-0.6,-0.1841666949774679,0.3157926380813858,PUT,0.3157926380813858,-0.6,d25,event_option_mh30trail_clean1000_frozen2025_select2026_d25_return_deploy202607_SPXW_v1,0,0.3,2,30,25,0.25,202605,d25,999,0,time_priority,,max_volume_component,SPXW
SPXW,zero_dte,12:30,750,202605,20260508,-0.6,-0.6,-0.3414002513075985,0.4499874678708519,PUT,0.4499874678708519,-0.6,d25,event_option_mh30trail_clean1000_frozen2025_select2026_d25_return_deploy202607_SPXW_v1,0,0.3,2,30,25,0.25,202605,d25,999,0,time_priority,,max_volume_component,SPXW
SPXW,zero_dte,10:05,605,202605,20260511,0.2621951106047073,0.5792683352323471,-0.2441525168503116,0.6097196453159753,PUT,0.6097196453159753,0.5792683352323471,d25,event_option_mh30trail_clean1000_frozen2025_select2026_d25_return_deploy202607_SPXW_v1,0,0.3,2,30,25,0.25,202605,d25,999,0,time_priority,,max_volume_component,SPXW
SPXW,zero_dte,10:10,610,202605,20260511,0.3214286200854266,0.8197672613380229,-0.5005837968065867,0.3156575687219964,PUT,0.3156575687219964,0.8197672613380229,d25,event_option_mh30trail_clean1000_frozen2025_select2026_d25_return_deploy202607_SPXW_v1,0,0.3,2,30,25,0.25,202605,d25,999,0,time_priority,,max_volume_component,SPXW
SPXW,zero_dte,10:15,615,202605,20260511,-0.6,1.3353660068364492,-0.5518483415989142,0.3060343418461563,PUT,0.3060343418461563,1.3353660068364492,d25,event_option_mh30trail_clean1000_frozen2025_select2026_d25_return_deploy202607_SPXW_v1,0,0.3,2,30,25,0.25,202605,d25,999,0,time_priority,,max_volume_component,SPXW
SPXW,zero_dte,10:20,620,202605,20260511,-0.6,1.5026881566060353,-0.5224180633057567,0.3986297707075015,PUT,0.3986297707075015,1.5026881566060353,d25,event_option_mh30trail_clean1000_frozen2025_select2026_d25_return_deploy202607_SPXW_v1,0,0.3,2,30,25,0.25,202605,d25,999,0,time_priority,,max_volume_component,SPXW
SPXW,zero_dte,10:25,625,202605,20260511,-0.6,1.5944444868299694,-0.4818050310498268,0.4303430343241658,PUT,0.4303430343241658,1.5944444868299694,d25,event_option_mh30trail_clean1000_frozen2025_select2026_d25_return_deploy202607_SPXW_v1,0,0.3,2,30,25,0.25,202605,d25,999,0,time_priority,,max_volume_component,SPXW
SPXW,zero_dte,10:45,645,202605,20260511,0.5833333554091282,-0.6,-0.4312966535538883,0.4986787973537037,PUT,0.4986787973537037,-0.6,d25,event_option_mh30trail_clean1000_frozen2025_select2026_d25_return_deploy202607_SPXW_v1,0,0.3,2,30,25,0.25,202605,d25,999,0,time_priority,,max_volume_component,SPXW
SPXW,zero_dte,10:50,650,202605,20260511,0.4868421019609614,-0.6,0.0314058645889052,0.3031541532064717,PUT,0.3031541532064717,-0.6,d25,event_option_mh30trail_clean1000_frozen2025_select2026_d25_return_deploy202607_SPXW_v1,0,0.3,2,30,25,0.25,202605,d25,999,0,time_priority,,max_volume_component,SPXW
SPXW,zero_dte,11:15,675,202605,20260511,0.7015151970533198,-0.6,-0.065341696533725,0.3900402101579582,PUT,0.3900402101579582,-0.6,d25,event_option_mh30trail_clean1000_frozen2025_select2026_d25_return_deploy202607_SPXW_v1,0,0.3,2,30,25,0.25,202605,d25,999,0,time_priority,,max_volume_component,SPXW
SPXW,zero_dte,12:50,770,202605,20260511,0.344594599819253,0.4110169546318547,-0.4040422824215445,0.4115713270904534,PUT,0.4115713270904534,0.4110169546318547,d25,event_option_mh30trail_clean1000_frozen2025_select2026_d25_return_deploy202607_SPXW_v1,0,0.3,2,30,25,0.25,202605,d25,999,0,time_priority,,max_volume_component,SPXW
SPXW,zero_dte,13:05,785,202605,20260511,0.4227272380482068,0.7916666252745537,-0.1687332218421549,0.3733803347094461,PUT,0.3733803347094461,0.7916666252745537,d25,event_option_mh30trail_clean1000_frozen2025_select2026_d25_return_deploy202607_SPXW_v1,0,0.3,2,30,25,0.25,202605,d25,999,0,time_priority,,max_volume_component,SPXW
SPXW,zero_dte,10:00,600,202605,20260512,0.3413978373333133,0.3297100678083162,-0.5658712109997383,0.3943607128420986,PUT,0.3943607128420986,0.3297100678083162,d25,event_option_mh30trail_clean1000_frozen2025_select2026_d25_return_deploy202607_SPXW_v1,0,0.3,2,30,25,0.25,202605,d25,999,0,time_priority,,max_volume_component,SPXW
SPXW,zero_dte,10:05,605,202605,20260512,-0.6,0.5092592281896233,-0.5511624637752447,0.4660732377089532,PUT,0.4660732377089532,0.5092592281896233,d25,event_option_mh30trail_clean1000_frozen2025_select2026_d25_return_deploy202607_SPXW_v1,0,0.3,2,30,25,0.25,202605,d25,999,0,time_priority,,max_volume_component,SPXW
SPXW,zero_dte,10:10,610,202605,20260512,0.3244681692922133,0.556451637712652,-0.4977721744082251,0.416633317017423,PUT,0.416633317017423,0.556451637712652,d25,event_option_mh30trail_clean1000_frozen2025_select2026_d25_return_deploy202607_SPXW_v1,0,0.3,2,30,25,0.25,202605,d25,999,0,time_priority,,max_volume_component,SPXW
SPXW,zero_dte,10:20,620,202605,20260512,-0.6,1.422413705220265,-0.4347203676865561,0.4170097106522829,PUT,0.4170097106522829,1.422413705220265,d25,event_option_mh30trail_clean1000_frozen2025_select2026_d25_return_deploy202607_SPXW_v1,0,0.3,2,30,25,0.25,202605,d25,999,0,time_priority,,max_volume_component,SPXW
SPXW,zero_dte,10:25,625,202605,20260512,-0.6,1.0833334448741927,-0.6199488102566975,0.5656771083164153,PUT,0.5656771083164153,1.0833334448741927,d25,event_option_mh30trail_clean1000_frozen2025_select2026_d25_return_deploy202607_SPXW_v1,0,0.3,2,30,25,0.25,202605,d25,999,0,time_priority,,max_volume_component,SPXW
SPXW,zero_dte,10:35,635,202605,20260512,0.5208332629667416,0.3749999161809696,-0.5722170267059079,0.3134806058354409,PUT,0.3134806058354409,0.3749999161809696,d25,event_option_mh30trail_clean1000_frozen2025_select2026_d25_return_deploy202607_SPXW_v1,0,0.3,2,30,25,0.25,202605,d25,999,0,time_priority,,max_volume_component,SPXW
SPXW,zero_dte,10:40,640,202605,20260512,-0.6,0.5974575326005074,-0.5261071296694555,0.3344271276311426,PUT,0.3344271276311426,0.5974575326005074,d25,event_option_mh30trail_clean1000_frozen2025_select2026_d25_return_deploy202607_SPXW_v1,0,0.3,2,30,25,0.25,202605,d25,999,0,time_priority,,max_volume_component,SPXW
SPXW,zero_dte,10:45,645,202605,20260512,-0.6,0.5368852113017912,-0.7096949572349993,0.3173780569396005,PUT,0.3173780569396005,0.5368852113017912,d25,event_option_mh30trail_clean1000_frozen2025_select2026_d25_return_deploy202607_SPXW_v1,0,0.3,2,30,25,0.25,202605,d25,999,0,time_priority,,max_volume_component,SPXW
SPXW,zero_dte,10:55,655,202605,20260512,-0.6,1.0576923923379602,-0.663708463512701,0.3368536537947963,PUT,0.3368536537947963,1.0576923923379602,d25,event_option_mh30trail_clean1000_frozen2025_select2026_d25_return_deploy202607_SPXW_v1,0,0.3,2,30,25,0.25,202605,d25,999,0,time_priority,,max_volume_component,SPXW
SPXW,zero_dte,11:00,660,202605,20260512,-0.6,0.9479166190657372,-0.532327934760064,0.4475888741145459,PUT,0.4475888741145459,0.9479166190657372,d25,event_option_mh30trail_clean1000_frozen2025_select2026_d25_return_deploy202607_SPXW_v1,0,0.3,2,30,25,0.25,202605,d25,999,0,time_priority,,max_volume_component,SPXW
SPXW,zero_dte,11:10,670,202605,20260512,-0.6,1.1730770853144237,-0.5774357866683875,0.3030594463464671,PUT,0.3030594463464671,1.1730770853144237,d25,event_option_mh30trail_clean1000_frozen2025_select2026_d25_return_deploy202607_SPXW_v1,0,0.3,2,30,25,0.25,202605,d25,999,0,time_priority,,max_volume_component,SPXW
SPXW,zero_dte,11:15,675,202605,20260512,-0.6,0.6223405420969108,-0.5862824241062141,0.3090697923146236,PUT,0.3090697923146236,0.6223405420969108,d25,event_option_mh30trail_clean1000_frozen2025_select2026_d25_return_deploy202607_SPXW_v1,0,0.3,2,30,25,0.25,202605,d25,999,0,time_priority,,max_volume_component,SPXW
SPXW,zero_dte,11:20,680,202605,20260512,-0.6,0.583333300219643,-0.4741315486039965,0.3083361755709368,PUT,0.3083361755709368,0.583333300219643,d25,event_option_mh30trail_clean1000_frozen2025_select2026_d25_return_deploy202607_SPXW_v1,0,0.3,2,30,25,0.25,202605,d25,999,0,time_priority,,max_volume_component,SPXW
SPXW,zero_dte,11:25,685,202605,20260512,0.7291665880216525,-0.6,-0.5336538820700418,0.3603908043877711,PUT,0.3603908043877711,-0.6,d25,event_option_mh30trail_clean1000_frozen2025_select2026_d25_return_deploy202607_SPXW_v1,0,0.3,2,30,25,0.25,202605,d25,999,0,time_priority,,max_volume_component,SPXW
SPXW,zero_dte,11:30,690,202605,20260512,0.4817073340929387,-0.6,-0.4788196815986007,0.4242934115362142,PUT,0.4242934115362142,-0.6,d25,event_option_mh30trail_clean1000_frozen2025_select2026_d25_return_deploy202607_SPXW_v1,0,0.3,2,30,25,0.25,202605,d25,999,0,time_priority,,max_volume_component,SPXW
SPXW,zero_dte,11:50,710,202605,20260512,-0.6,0.5500000847710504,-0.4856654343483034,0.4973292357092093,PUT,0.4973292357092093,0.5500000847710504,d25,event_option_mh30trail_clean1000_frozen2025_select2026_d25_return_deploy202607_SPXW_v1,0,0.3,2,30,25,0.25,202605,d25,999,0,time_priority,,max_volume_component,SPXW
SPXW,zero_dte,12:00,720,202605,20260512,0.4469696925910269,-0.6,-0.4800605966726721,0.3672864788906682,PUT,0.3672864788906682,-0.6,d25,event_option_mh30trail_clean1000_frozen2025_select2026_d25_return_deploy202607_SPXW_v1,0,0.3,2,30,25,0.25,202605,d25,999,0,time_priority,,max_volume_component,SPXW
SPXW,zero_dte,12:35,755,202605,20260512,0.6526549596814137,0.4071429116385323,-0.3505584013940752,0.3583756849382291,PUT,0.3583756849382291,0.4071429116385323,d25,event_option_mh30trail_clean1000_frozen2025_select2026_d25_return_deploy202607_SPXW_v1,0,0.3,2,30,25,0.25,202605,d25,999,0,time_priority,,max_volume_component,SPXW
SPXW,zero_dte,12:45,765,202605,20260512,1.2061404330651948,-0.6,-0.2915398909416561,0.350990300128107,PUT,0.350990300128107,-0.6,d25,event_option_mh30trail_clean1000_frozen2025_select2026_d25_return_deploy202607_SPXW_v1,0,0.3,2,30,25,0.25,202605,d25,999,0,time_priority,,max_volume_component,SPXW
SPXW,zero_dte,10:05,605,202605,20260513,0.4166666372322747,-0.6,-0.4002931478619322,0.4683598297521495,PUT,0.4683598297521495,-0.6,d25,event_option_mh30trail_clean1000_frozen2025_select2026_d25_return_deploy202607_SPXW_v1,0,0.3,2,30,25,0.25,202605,d25,999,0,time_priority,,max_volume_component,SPXW
SPXW,zero_dte,10:15,615,202605,20260513,0.3409090564270658,-0.6,-0.2240560727552655,0.4403748721369455,PUT,0.4403748721369455,-0.6,d25,event_option_mh30trail_clean1000_frozen2025_select2026_d25_return_deploy202607_SPXW_v1,0,0.3,2,30,25,0.25,202605,d25,999,0,time_priority,,max_volume_component,SPXW
SPXW,zero_dte,10:20,620,202605,20260513,0.4166666372322747,-0.6,-0.5830823895862616,0.6093585170034451,PUT,0.6093585170034451,-0.6,d25,event_option_mh30trail_clean1000_frozen2025_select2026_d25_return_deploy202607_SPXW_v1,0,0.3,2,30,25,0.25,202605,d25,999,0,time_priority,,max_volume_component,SPXW
SPXW,zero_dte,10:30,630,202605,20260513,0.4891304708383492,-0.6,-0.0123190424510578,0.3779286950463384,PUT,0.3779286950463384,-0.6,d25,event_option_mh30trail_clean1000_frozen2025_select2026_d25_return_deploy202607_SPXW_v1,0,0.3,2,30,25,0.25,202605,d25,999,0,time_priority,,max_volume_component,SPXW
SPXW,zero_dte,10:35,635,202605,20260513,0.4401408677724499,0.2749999751647323,-0.5423507017052325,0.5082957453491663,PUT,0.5082957453491663,0.2749999751647323,d25,event_option_mh30trail_clean1000_frozen2025_select2026_d25_return_deploy202607_SPXW_v1,0,0.3,2,30,25,0.25,202605,d25,999,0,time_priority,,max_volume_component,SPXW
SPXW,zero_dte,10:40,640,202605,20260513,0.3055555555555556,-0.6,-0.3464023642394251,0.4087551950578423,PUT,0.4087551950578423,-0.6,d25,event_option_mh30trail_clean1000_frozen2025_select2026_d25_return_deploy202607_SPXW_v1,0,0.3,2,30,25,0.25,202605,d25,999,0,time_priority,,max_volume_component,SPXW
SPXW,zero_dte,10:45,645,202605,20260513,0.9121621342973176,-0.6,-0.2397611452919765,0.3090846630031995,PUT,0.3090846630031995,-0.6,d25,event_option_mh30trail_clean1000_frozen2025_select2026_d25_return_deploy202607_SPXW_v1,0,0.3,2,30,25,0.25,202605,d25,999,0,time_priority,,max_volume_component,SPXW
SPXW,zero_dte,11:15,675,202605,20260513,0.5681817787737895,-0.6,-0.4349198229783479,0.3191150057732609,PUT,0.3191150057732609,-0.6,d25,event_option_mh30trail_clean1000_frozen2025_select2026_d25_return_deploy202607_SPXW_v1,0,0.3,2,30,25,0.25,202605,d25,999,0,time_priority,,max_volume_component,SPXW
SPXW,zero_dte,12:50,770,202605,20260513,1.078358332174453,-0.6,-0.415295623814148,0.3555391463605598,PUT,0.3555391463605598,-0.6,d25,event_option_mh30trail_clean1000_frozen2025_select2026_d25_return_deploy202607_SPXW_v1,0,0.3,2,30,25,0.25,202605,d25,999,0,time_priority,,max_volume_component,SPXW
SPXW,zero_dte,10:05,605,202605,20260514,0.7925533555438005,-0.6,-0.5232203171581123,0.5133556870581688,PUT,0.5133556870581688,-0.6,d25,event_option_mh30trail_clean1000_frozen2025_select2026_d25_return_deploy202607_SPXW_v1,0,0.3,2,30,25,0.25,202605,d25,999,0,time_priority,,max_volume_component,SPXW
SPXW,zero_dte,10:10,610,202605,20260514,1.0769232356336755,-0.6,-0.5719432237412563,0.5836746957724023,PUT,0.5836746957724023,-0.6,d25,event_option_mh30trail_clean1000_frozen2025_select2026_d25_return_deploy202607_SPXW_v1,0,0.3,2,30,25,0.25,202605,d25,999,0,time_priority,,max_volume_component,SPXW
SPXW,zero_dte,10:15,615,202605,20260514,0.7925533555438005,-0.6,-0.5849027859861803,0.6047398395887537,PUT,0.6047398395887537,-0.6,d25,event_option_mh30trail_clean1000_frozen2025_select2026_d25_return_deploy202607_SPXW_v1,0,0.3,2,30,25,0.25,202605,d25,999,0,time_priority,,max_volume_component,SPXW
SPXW,zero_dte,10:20,620,202605,20260515,-0.6,0.3499999727521623,-0.6660162931435495,0.4730504197378836,PUT,0.4730504197378836,0.3499999727521623,d25,event_option_mh30trail_clean1000_frozen2025_select2026_d25_return_deploy202607_SPXW_v1,0,0.3,2,30,25,0.25,202605,d25,999,0,time_priority,,max_volume_component,SPXW
SPXW,zero_dte,10:25,625,202605,20260515,-0.6,0.4126505871818591,-0.5618290564644064,0.5229237605412796,PUT,0.5229237605412796,0.4126505871818591,d25,event_option_mh30trail_clean1000_frozen2025_select2026_d25_return_deploy202607_SPXW_v1,0,0.3,2,30,25,0.25,202605,d25,999,0,time_priority,,max_volume_component,SPXW
SPXW,zero_dte,10:30,630,202605,20260515,-0.6,0.4359503285447323,-0.5951498521704611,0.3630710404038312,PUT,0.3630710404038312,0.4359503285447323,d25,event_option_mh30trail_clean1000_frozen2025_select2026_d25_return_deploy202607_SPXW_v1,0,0.3,2,30,25,0.25,202605,d25,999,0,time_priority,,max_volume_component,SPXW
SPXW,zero_dte,10:35,635,202605,20260515,-0.6,0.3731883557196858,-0.4297077087600708,0.7005604508748839,PUT,0.7005604508748839,0.3731883557196858,d25,event_option_mh30trail_clean1000_frozen2025_select2026_d25_return_deploy202607_SPXW_v1,0,0.3,2,30,25,0.25,202605,d25,999,0,time_priority,,max_volume_component,SPXW
SPXW,zero_dte,10:40,640,202605,20260515,-0.6,0.5419999694824218,-0.415791422299298,0.666273721979454,PUT,0.666273721979454,0.5419999694824218,d25,event_option_mh30trail_clean1000_frozen2025_select2026_d25_return_deploy202607_SPXW_v1,0,0.3,2,30,25,0.25,202605,d25,999,0,time_priority,,max_volume_component,SPXW
SPXW,zero_dte,10:45,645,202605,20260515,-0.6,0.2782051006169173,-0.5256416633307588,0.7529525351237416,PUT,0.7529525351237416,0.2782051006169173,d25,event_option_mh30trail_clean1000_frozen2025_select2026_d25_return_deploy202607_SPXW_v1,0,0.3,2,30,25,0.25,202605,d25,999,0,time_priority,,max_volume_component,SPXW
SPXW,zero_dte,10:55,655,202605,20260515,-0.6,0.282258111654039,-0.625396379143615,0.3940928644844392,PUT,0.3940928644844392,0.282258111654039,d25,event_option_mh30trail_clean1000_frozen2025_select2026_d25_return_deploy202607_SPXW_v1,0,0.3,2,30,25,0.25,202605,d25,999,0,time_priority,,max_volume_component,SPXW
SPXW,zero_dte,11:20,680,202605,20260515,-0.6,1.3722222646077475,-0.4210904643083211,0.5290696947279682,PUT,0.5290696947279682,1.3722222646077475,d25,event_option_mh30trail_clean1000_frozen2025_select2026_d25_return_deploy202607_SPXW_v1,0,0.3,2,30,25,0.25,202605,d25,999,0,time_priority,,max_volume_component,SPXW
SPXW,zero_dte,11:30,690,202605,20260515,-0.6,1.5108695809917778,-0.4594369355187278,0.5104012539730001,PUT,0.5104012539730001,1.5108695809917778,d25,event_option_mh30trail_clean1000_frozen2025_select2026_d25_return_deploy202607_SPXW_v1,0,0.3,2,30,25,0.25,202605,d25,999,0,time_priority,,max_volume_component,SPXW
SPXW,zero_dte,11:35,695,202605,20260515,-0.6,1.3273195116106158,-0.3723999545823931,0.3935987356650631,PUT,0.3935987356650631,1.3273195116106158,d25,event_option_mh30trail_clean1000_frozen2025_select2026_d25_return_deploy202607_SPXW_v1,0,0.3,2,30,25,0.25,202605,d25,999,0,time_priority,,max_volume_component,SPXW
SPXW,zero_dte,14:15,855,202605,20260515,-0.6,4.188596673215788,-0.4482807188179454,0.3765306411282853,PUT,0.3765306411282853,4.188596673215788,d25,event_option_mh30trail_clean1000_frozen2025_select2026_d25_return_deploy202607_SPXW_v1,0,0.3,2,30,25,0.25,202605,d25,999,0,time_priority,,max_volume_component,SPXW
SPXW,zero_dte,10:00,600,202605,20260518,-0.6,0.5451806356779205,-0.2249955406479719,0.3542220625602521,PUT,0.3542220625602521,0.5451806356779205,d25,event_option_mh30trail_clean1000_frozen2025_select2026_d25_return_deploy202607_SPXW_v1,0,0.3,2,30,25,0.25,202605,d25,999,0,time_priority,,max_volume_component,SPXW
SPXW,zero_dte,10:10,610,202605,20260518,-0.6,2.9516808069591622,-0.6939621336156571,0.7810565818655707,PUT,0.7810565818655707,2.9516808069591622,d25,event_option_mh30trail_clean1000_frozen2025_select2026_d25_return_deploy202607_SPXW_v1,0,0.3,2,30,25,0.25,202605,d25,999,0,time_priority,,max_volume_component,SPXW
SPXW,zero_dte,10:15,615,202605,20260518,-0.6,3.0246615194079176,-0.5733889217755183,0.644637141545577,PUT,0.644637141545577,3.0246615194079176,d25,event_option_mh30trail_clean1000_frozen2025_select2026_d25_return_deploy202607_SPXW_v1,0,0.3,2,30,25,0.25,202605,d25,999,0,time_priority,,max_volume_component,SPXW
SPXW,zero_dte,10:20,620,202605,20260518,-0.6,3.214285790312048,-0.3310424896853171,0.3799748802414322,PUT,0.3799748802414322,3.214285790312048,d25,event_option_mh30trail_clean1000_frozen2025_select2026_d25_return_deploy202607_SPXW_v1,0,0.3,2,30,25,0.25,202605,d25,999,0,time_priority,,max_volume_component,SPXW
SPXW,zero_dte,10:25,625,202605,20260518,-0.6,2.495762715973891,-0.6226306583316218,0.6233551724214397,PUT,0.6233551724214397,2.495762715973891,d25,event_option_mh30trail_clean1000_frozen2025_select2026_d25_return_deploy202607_SPXW_v1,0,0.3,2,30,25,0.25,202605,d25,999,0,time_priority,,max_volume_component,SPXW
SPXW,zero_dte,10:50,650,202605,20260518,-0.6,0.6034482149108289,-0.4976582287715811,0.3477806103142783,PUT,0.3477806103142783,0.6034482149108289,d25,event_option_mh30trail_clean1000_frozen2025_select2026_d25_return_deploy202607_SPXW_v1,0,0.3,2,30,25,0.25,202605,d25,999,0,time_priority,,max_volume_component,SPXW
SPXW,zero_dte,11:05,665,202605,20260518,-0.6,0.4456521228340795,-0.634267741949647,0.4123295754031328,PUT,0.4123295754031328,0.4456521228340795,d25,event_option_mh30trail_clean1000_frozen2025_select2026_d25_return_deploy202607_SPXW_v1,0,0.3,2,30,25,0.25,202605,d25,999,0,time_priority,,max_volume_component,SPXW
SPXW,zero_dte,11:10,670,202605,20260518,-0.6,0.6730769936149668,-0.5585931578051824,0.3311314730377082,PUT,0.3311314730377082,0.6730769936149668,d25,event_option_mh30trail_clean1000_frozen2025_select2026_d25_return_deploy202607_SPXW_v1,0,0.3,2,30,25,0.25,202605,d25,999,0,time_priority,,max_volume_component,SPXW
SPXW,zero_dte,11:15,675,202605,20260518,-0.6,0.6102739135461595,-0.6486017038262095,0.4636470048900382,PUT,0.4636470048900382,0.6102739135461595,d25,event_option_mh30trail_clean1000_frozen2025_select2026_d25_return_deploy202607_SPXW_v1,0,0.3,2,30,25,0.25,202605,d25,999,0,time_priority,,max_volume_component,SPXW
SPXW,zero_dte,11:20,680,202605,20260518,-0.6,-0.6,-0.6092481694786065,0.3955913690600461,PUT,0.3955913690600461,-0.6,d25,event_option_mh30trail_clean1000_frozen2025_select2026_d25_return_deploy202607_SPXW_v1,0,0.3,2,30,25,0.25,202605,d25,999,0,time_priority,,max_volume_component,SPXW
SPXW,zero_dte,11:25,685,202605,20260518,-0.6,0.3373015392454377,-0.6355647150042297,0.4795300598976005,PUT,0.4795300598976005,0.3373015392454377,d25,event_option_mh30trail_clean1000_frozen2025_select2026_d25_return_deploy202607_SPXW_v1,0,0.3,2,30,25,0.25,202605,d25,999,0,time_priority,,max_volume_component,SPXW
SPXW,zero_dte,11:35,695,202605,20260518,-0.6,-0.6,-0.6746147121221877,0.3222888887634475,PUT,0.3222888887634475,-0.6,d25,event_option_mh30trail_clean1000_frozen2025_select2026_d25_return_deploy202607_SPXW_v1,0,0.3,2,30,25,0.25,202605,d25,999,0,time_priority,,max_volume_component,SPXW
SPXW,zero_dte,11:45,705,202605,20260518,0.3500000000000001,-0.6,-0.5546473319366243,0.3649025270701371,PUT,0.3649025270701371,-0.6,d25,event_option_mh30trail_clean1000_frozen2025_select2026_d25_return_deploy202607_SPXW_v1,0,0.3,2,30,25,0.25,202605,d25,999,0,time_priority,,max_volume_component,SPXW
SPXW,zero_dte,12:00,720,202605,20260518,0.9451220022788164,0.6884615971491888,-0.6377549393642487,0.5039564545544215,PUT,0.5039564545544215,0.6884615971491888,d25,event_option_mh30trail_clean1000_frozen2025_select2026_d25_return_deploy202607_SPXW_v1,0,0.3,2,30,25,0.25,202605,d25,999,0,time_priority,,max_volume_component,SPXW
SPXW,zero_dte,12:05,725,202605,20260518,1.0708333126372769,0.919811242668179,-0.4438100068611019,0.4666209527107557,PUT,0.4666209527107557,0.919811242668179,d25,event_option_mh30trail_clean1000_frozen2025_select2026_d25_return_deploy202607_SPXW_v1,0,0.3,2,30,25,0.25,202605,d25,999,0,time_priority,,max_volume_component,SPXW
SPXW,zero_dte,12:10,730,202605,20260518,0.6066667238871257,1.8409091106131048,-0.59251813074081,0.3051301036824521,PUT,0.3051301036824521,1.8409091106131048,d25,event_option_mh30trail_clean1000_frozen2025_select2026_d25_return_deploy202607_SPXW_v1,0,0.3,2,30,25,0.25,202605,d25,999,0,time_priority,,max_volume_component,SPXW
SPXW,zero_dte,10:15,615,202605,20260519,-0.6,-0.6,-0.5368715739846756,0.453827858186647,PUT,0.453827858186647,-0.6,d25,event_option_mh30trail_clean1000_frozen2025_select2026_d25_return_deploy202607_SPXW_v1,0,0.3,2,30,25,0.25,202605,d25,999,0,time_priority,,max_volume_component,SPXW
SPXW,zero_dte,10:25,625,202605,20260519,0.3985226538813988,-0.6,-0.4575372285465899,0.3079430511419437,PUT,0.3079430511419437,-0.6,d25,event_option_mh30trail_clean1000_frozen2025_select2026_d25_return_deploy202607_SPXW_v1,0,0.3,2,30,25,0.25,202605,d25,999,0,time_priority,,max_volume_component,SPXW
SPXW,zero_dte,10:30,630,202605,20260519,0.3088235417864311,-0.6,-0.6382575238739033,0.514971591367459,PUT,0.514971591367459,-0.6,d25,event_option_mh30trail_clean1000_frozen2025_select2026_d25_return_deploy202607_SPXW_v1,0,0.3,2,30,25,0.25,202605,d25,999,0,time_priority,,max_volume_component,SPXW
SPXW,zero_dte,10:35,635,202605,20260519,0.4253246672822202,-0.6,-0.3466764581038795,0.3755083159280216,PUT,0.3755083159280216,-0.6,d25,event_option_mh30trail_clean1000_frozen2025_select2026_d25_return_deploy202607_SPXW_v1,0,0.3,2,30,25,0.25,202605,d25,999,0,time_priority,,max_volume_component,SPXW
SPXW,zero_dte,10:45,645,202605,20260519,0.3764150142160447,-0.6,-0.550446363816251,0.3588175573039261,PUT,0.3588175573039261,-0.6,d25,event_option_mh30trail_clean1000_frozen2025_select2026_d25_return_deploy202607_SPXW_v1,0,0.3,2,30,25,0.25,202605,d25,999,0,time_priority,,max_volume_component,SPXW
SPXW,zero_dte,10:50,650,202605,20260519,0.4705881589836749,-0.6,-0.5485489387362089,0.5215798221980914,PUT,0.5215798221980914,-0.6,d25,event_option_mh30trail_clean1000_frozen2025_select2026_d25_return_deploy202607_SPXW_v1,0,0.3,2,30,25,0.25,202605,d25,999,0,time_priority,,max_volume_component,SPXW
SPXW,zero_dte,10:55,655,202605,20260519,0.4456521228340795,-0.6,-0.6425460654408893,0.561777827948492,PUT,0.561777827948492,-0.6,d25,event_option_mh30trail_clean1000_frozen2025_select2026_d25_return_deploy202607_SPXW_v1,0,0.3,2,30,25,0.25,202605,d25,999,0,time_priority,,max_volume_component,SPXW
SPXW,zero_dte,11:20,680,202605,20260519,0.296808569352518,0.2734374772990127,-0.4499774571084112,0.6052772542768181,PUT,0.6052772542768181,0.2734374772990127,d25,event_option_mh30trail_clean1000_frozen2025_select2026_d25_return_deploy202607_SPXW_v1,0,0.3,2,30,25,0.25,202605,d25,999,0,time_priority,,max_volume_component,SPXW
SPXW,zero_dte,11:30,690,202605,20260519,0.4423076923076923,-0.6,-0.3757107392392859,0.302553427932589,PUT,0.302553427932589,-0.6,d25,event_option_mh30trail_clean1000_frozen2025_select2026_d25_return_deploy202607_SPXW_v1,0,0.3,2,30,25,0.25,202605,d25,999,0,time_priority,,max_volume_component,SPXW
SPXW,zero_dte,11:55,715,202605,20260519,0.6000000794728633,-0.6,-0.4194276133177015,0.4976173491034293,PUT,0.4976173491034293,-0.6,d25,event_option_mh30trail_clean1000_frozen2025_select2026_d25_return_deploy202607_SPXW_v1,0,0.3,2,30,25,0.25,202605,d25,999,0,time_priority,,max_volume_component,SPXW
SPXW,zero_dte,12:40,760,202605,20260519,0.6996855823736194,-0.6,-0.6220737884359703,0.457587329527975,PUT,0.457587329527975,-0.6,d25,event_option_mh30trail_clean1000_frozen2025_select2026_d25_return_deploy202607_SPXW_v1,0,0.3,2,30,25,0.25,202605,d25,999,0,time_priority,,max_volume_component,SPXW
SPXW,zero_dte,12:45,765,202605,20260519,0.9274194406379724,-0.6,-0.3839072506604178,0.5769802725143395,PUT,0.5769802725143395,-0.6,d25,event_option_mh30trail_clean1000_frozen2025_select2026_d25_return_deploy202607_SPXW_v1,0,0.3,2,30,25,0.25,202605,d25,999,0,time_priority,,max_volume_component,SPXW
SPXW,zero_dte,12:50,770,202605,20260519,1.5441175686859363,-0.6,-0.2605236966526995,0.5205647268151984,PUT,0.5205647268151984,-0.6,d25,event_option_mh30trail_clean1000_frozen2025_select2026_d25_return_deploy202607_SPXW_v1,0,0.3,2,30,25,0.25,202605,d25,999,0,time_priority,,max_volume_component,SPXW
SPXW,zero_dte,13:15,795,202605,20260519,-0.6,0.3373015993156252,-0.496288364303228,0.3658786099351572,PUT,0.3658786099351572,0.3373015993156252,d25,event_option_mh30trail_clean1000_frozen2025_select2026_d25_return_deploy202607_SPXW_v1,0,0.3,2,30,25,0.25,202605,d25,999,0,time_priority,,max_volume_component,SPXW
SPXW,zero_dte,10:05,605,202605,20260520,2.679824625979796,-0.6,-0.4764401212316035,0.5104931591900943,PUT,0.5104931591900943,-0.6,d25,event_option_mh30trail_clean1000_frozen2025_select2026_d25_return_deploy202607_SPXW_v1,0,0.3,2,30,25,0.25,202605,d25,999,0,time_priority,,max_volume_component,SPXW
SPXW,zero_dte,10:10,610,202605,20260520,2.8227272033691406,-0.6,-0.6089454029909193,0.4265545551976373,PUT,0.4265545551976373,-0.6,d25,event_option_mh30trail_clean1000_frozen2025_select2026_d25_return_deploy202607_SPXW_v1,0,0.3,2,30,25,0.25,202605,d25,999,0,time_priority,,max_volume_component,SPXW
SPXW,zero_dte,10:25,625,202605,20260520,0.5949999491373699,-0.6,-0.4223973715561754,0.457948970481957,PUT,0.457948970481957,-0.6,d25,event_option_mh30trail_clean1000_frozen2025_select2026_d25_return_deploy202607_SPXW_v1,0,0.3,2,30,25,0.25,202605,d25,999,0,time_priority,,max_volume_component,SPXW
SPXW,zero_dte,10:30,630,202605,20260520,1.6166666666666667,-0.6,-0.6926442453139146,0.3303287879214323,PUT,0.3303287879214323,-0.6,d25,event_option_mh30trail_clean1000_frozen2025_select2026_d25_return_deploy202607_SPXW_v1,0,0.3,2,30,25,0.25,202605,d25,999,0,time_priority,,max_volume_component,SPXW
SPXW,zero_dte,10:40,640,202605,20260520,0.3298319193040837,-0.6,-0.6867459332366476,0.4208723930145681,PUT,0.4208723930145681,-0.6,d25,event_option_mh30trail_clean1000_frozen2025_select2026_d25_return_deploy202607_SPXW_v1,0,0.3,2,30,25,0.25,202605,d25,999,0,time_priority,,max_volume_component,SPXW
SPXW,zero_dte,10:45,645,202605,20260520,0.4113635873499006,-0.6,-0.6458824234739596,0.3402977490034913,PUT,0.3402977490034913,-0.6,d25,event_option_mh30trail_clean1000_frozen2025_select2026_d25_return_deploy202607_SPXW_v1,0,0.3,2,30,25,0.25,202605,d25,999,0,time_priority,,max_volume_component,SPXW
SPXW,zero_dte,10:50,650,202605,20260520,3.537644799018194,-0.6,-0.5447979930430417,0.4451795572835978,PUT,0.4451795572835978,-0.6,d25,event_option_mh30trail_clean1000_frozen2025_select2026_d25_return_deploy202607_SPXW_v1,0,0.3,2,30,25,0.25,202605,d25,999,0,time_priority,,max_volume_component,SPXW
SPXW,zero_dte,11:05,665,202605,20260520,3.2714287222648224,-0.6,-0.6140067732235696,0.3273973139266183,PUT,0.3273973139266183,-0.6,d25,event_option_mh30trail_clean1000_frozen2025_select2026_d25_return_deploy202607_SPXW_v1,0,0.3,2,30,25,0.25,202605,d25,999,0,time_priority,,max_volume_component,SPXW
SPXW,zero_dte,11:10,670,202605,20260520,3.882432304428303,-0.6,-0.6158963162319641,0.3457769031322068,PUT,0.3457769031322068,-0.6,d25,event_option_mh30trail_clean1000_frozen2025_select2026_d25_return_deploy202607_SPXW_v1,0,0.3,2,30,25,0.25,202605,d25,999,0,time_priority,,max_volume_component,SPXW
SPXW,zero_dte,11:20,680,202605,20260520,-0.6,0.4540000915527344,-0.6041938593874704,0.4071608903453638,PUT,0.4071608903453638,0.4540000915527344,d25,event_option_mh30trail_clean1000_frozen2025_select2026_d25_return_deploy202607_SPXW_v1,0,0.3,2,30,25,0.25,202605,d25,999,0,time_priority,,max_volume_component,SPXW
SPXW,zero_dte,11:30,690,202605,20260520,0.3893442879245989,0.2877574293304399,-0.6466196976826243,0.3676143588735344,PUT,0.3676143588735344,0.2877574293304399,d25,event_option_mh30trail_clean1000_frozen2025_select2026_d25_return_deploy202607_SPXW_v1,0,0.3,2,30,25,0.25,202605,d25,999,0,time_priority,,max_volume_component,SPXW
SPXW,zero_dte,11:45,705,202605,20260520,-0.6,0.7296954511309088,-0.6209731336607359,0.4671219883221346,PUT,0.4671219883221346,0.7296954511309088,d25,event_option_mh30trail_clean1000_frozen2025_select2026_d25_return_deploy202607_SPXW_v1,0,0.3,2,30,25,0.25,202605,d25,999,0,time_priority,,max_volume_component,SPXW
SPXW,zero_dte,11:50,710,202605,20260520,-0.6,0.8718961586406073,-0.6557647014240426,0.3784208115207066,PUT,0.3784208115207066,0.8718961586406073,d25,event_option_mh30trail_clean1000_frozen2025_select2026_d25_return_deploy202607_SPXW_v1,0,0.3,2,30,25,0.25,202605,d25,999,0,time_priority,,max_volume_component,SPXW
SPXW,zero_dte,12:15,735,202605,20260520,-0.6,0.7700000762939454,-0.1695659253869595,0.3535714503574558,PUT,0.3535714503574558,0.7700000762939454,d25,event_option_mh30trail_clean1000_frozen2025_select2026_d25_return_deploy202607_SPXW_v1,0,0.3,2,30,25,0.25,202605,d25,999,0,time_priority,,max_volume_component,SPXW
SPXW,zero_dte,10:00,600,202605,20260521,-0.6,0.75,-0.3835322735718068,0.5715103471066737,PUT,0.5715103471066737,0.75,d25,event_option_mh30trail_clean1000_frozen2025_select2026_d25_return_deploy202607_SPXW_v1,0,0.3,2,30,25,0.25,202605,d25,999,0,time_priority,,max_volume_component,SPXW
SPXW,zero_dte,10:05,605,202605,20260521,-0.6,0.9000000953674316,-0.4180133371911306,0.593307636048919,PUT,0.593307636048919,0.9000000953674316,d25,event_option_mh30trail_clean1000_frozen2025_select2026_d25_return_deploy202607_SPXW_v1,0,0.3,2,30,25,0.25,202605,d25,999,0,time_priority,,max_volume_component,SPXW
SPXW,zero_dte,10:10,610,202605,20260521,-0.6,1.0607143724856771,-0.4883763400356667,0.3722149070606312,PUT,0.3722149070606312,1.0607143724856771,d25,event_option_mh30trail_clean1000_frozen2025_select2026_d25_return_deploy202607_SPXW_v1,0,0.3,2,30,25,0.25,202605,d25,999,0,time_priority,,max_volume_component,SPXW
SPXW,zero_dte,10:15,615,202605,20260521,-0.6,-0.6,-0.5400054183914142,0.4530201821846354,PUT,0.4530201821846354,-0.6,d25,event_option_mh30trail_clean1000_frozen2025_select2026_d25_return_deploy202607_SPXW_v1,0,0.3,2,30,25,0.25,202605,d25,999,0,time_priority,,max_volume_component,SPXW
SPXW,zero_dte,10:20,620,202605,20260521,-0.6,-0.6,-0.3408289870767466,0.4379610700610097,PUT,0.4379610700610097,-0.6,d25,event_option_mh30trail_clean1000_frozen2025_select2026_d25_return_deploy202607_SPXW_v1,0,0.3,2,30,25,0.25,202605,d25,999,0,time_priority,,max_volume_component,SPXW
SPXW,zero_dte,10:25,625,202605,20260521,-0.6,-0.6,-0.2855665356752111,0.4505968034750974,PUT,0.4505968034750974,-0.6,d25,event_option_mh30trail_clean1000_frozen2025_select2026_d25_return_deploy202607_SPXW_v1,0,0.3,2,30,25,0.25,202605,d25,999,0,time_priority,,max_volume_component,SPXW
SPXW,zero_dte,10:35,635,202605,20260521,-0.6,0.3779070248835074,-0.6620823409145913,0.7258898250415821,PUT,0.7258898250415821,0.3779070248835074,d25,event_option_mh30trail_clean1000_frozen2025_select2026_d25_return_deploy202607_SPXW_v1,0,0.3,2,30,25,0.25,202605,d25,999,0,time_priority,,max_volume_component,SPXW
SPXW,zero_dte,10:40,640,202605,20260521,-0.6,-0.6,-0.5972932576453595,0.3997875681495468,PUT,0.3997875681495468,-0.6,d25,event_option_mh30trail_clean1000_frozen2025_select2026_d25_return_deploy202607_SPXW_v1,0,0.3,2,30,25,0.25,202605,d25,999,0,time_priority,,max_volume_component,SPXW
SPXW,zero_dte,10:45,645,202605,20260521,-0.6,0.4166666162077097,-0.4701393154812646,0.4694872529713106,PUT,0.4694872529713106,0.4166666162077097,d25,event_option_mh30trail_clean1000_frozen2025_select2026_d25_return_deploy202607_SPXW_v1,0,0.3,2,30,25,0.25,202605,d25,999,0,time_priority,,max_volume_component,SPXW
SPXW,zero_dte,10:50,650,202605,20260521,0.274073962386909,-0.6,-0.5639910499592188,0.3419294629244964,PUT,0.3419294629244964,-0.6,d25,event_option_mh30trail_clean1000_frozen2025_select2026_d25_return_deploy202607_SPXW_v1,0,0.3,2,30,25,0.25,202605,d25,999,0,time_priority,,max_volume_component,SPXW
SPXW,zero_dte,10:55,655,202605,20260521,-0.6,0.4377636813866719,-0.6040097001658419,0.3941055766598884,PUT,0.3941055766598884,0.4377636813866719,d25,event_option_mh30trail_clean1000_frozen2025_select2026_d25_return_deploy202607_SPXW_v1,0,0.3,2,30,25,0.25,202605,d25,999,0,time_priority,,max_volume_component,SPXW
SPXW,zero_dte,11:00,660,202605,20260521,-0.6,0.4891304107454493,-0.5823747731217794,0.5282174995463867,PUT,0.5282174995463867,0.4891304107454493,d25,event_option_mh30trail_clean1000_frozen2025_select2026_d25_return_deploy202607_SPXW_v1,0,0.3,2,30,25,0.25,202605,d25,999,0,time_priority,,max_volume_component,SPXW
SPXW,zero_dte,11:05,665,202605,20260521,0.3326922777136392,-0.6,-0.4662941903079554,0.4604721071522832,PUT,0.4604721071522832,-0.6,d25,event_option_mh30trail_clean1000_frozen2025_select2026_d25_return_deploy202607_SPXW_v1,0,0.3,2,30,25,0.25,202605,d25,999,0,time_priority,,max_volume_component,SPXW
SPXW,zero_dte,11:10,670,202605,20260521,0.5571428674824386,-0.6,-0.4860598738415289,0.5330581619676817,PUT,0.5330581619676817,-0.6,d25,event_option_mh30trail_clean1000_frozen2025_select2026_d25_return_deploy202607_SPXW_v1,0,0.3,2,30,25,0.25,202605,d25,999,0,time_priority,,max_volume_component,SPXW
SPXW,zero_dte,11:25,685,202605,20260521,-0.6,-0.6,-0.4438635326946835,0.3422609775703564,PUT,0.3422609775703564,-0.6,d25,event_option_mh30trail_clean1000_frozen2025_select2026_d25_return_deploy202607_SPXW_v1,0,0.3,2,30,25,0.25,202605,d25,999,0,time_priority,,max_volume_component,SPXW
SPXW,zero_dte,11:30,690,202605,20260521,-0.6,-0.6,-0.415300690925371,0.3362579203954975,PUT,0.3362579203954975,-0.6,d25,event_option_mh30trail_clean1000_frozen2025_select2026_d25_return_deploy202607_SPXW_v1,0,0.3,2,30,25,0.25,202605,d25,999,0,time_priority,,max_volume_component,SPXW
SPXW,zero_dte,11:35,695,202605,20260521,0.3499999727521623,-0.6,-0.6293045428968211,0.5569454267445236,PUT,0.5569454267445236,-0.6,d25,event_option_mh30trail_clean1000_frozen2025_select2026_d25_return_deploy202607_SPXW_v1,0,0.3,2,30,25,0.25,202605,d25,999,0,time_priority,,max_volume_component,SPXW
SPXW,zero_dte,11:50,710,202605,20260521,-0.6,-0.6,-0.6258431461295583,0.5239689479697734,PUT,0.5239689479697734,-0.6,d25,event_option_mh30trail_clean1000_frozen2025_select2026_d25_return_deploy202607_SPXW_v1,0,0.3,2,30,25,0.25,202605,d25,999,0,time_priority,,max_volume_component,SPXW
SPXW,zero_dte,12:00,720,202605,20260521,-0.6,0.5000000470562991,-0.5218792721791143,0.3771094425710474,PUT,0.3771094425710474,0.5000000470562991,d25,event_option_mh30trail_clean1000_frozen2025_select2026_d25_return_deploy202607_SPXW_v1,0,0.3,2,30,25,0.25,202605,d25,999,0,time_priority,,max_volume_component,SPXW
SPXW,zero_dte,12:15,735,202605,20260521,-0.6,-0.6,-0.3039781803029128,0.3433090160986406,PUT,0.3433090160986406,-0.6,d25,event_option_mh30trail_clean1000_frozen2025_select2026_d25_return_deploy202607_SPXW_v1,0,0.3,2,30,25,0.25,202605,d25,999,0,time_priority,,max_volume_component,SPXW
SPXW,zero_dte,12:30,750,202605,20260521,0.8804348682410792,-0.6,-0.3011038887356455,0.346488890343567,PUT,0.346488890343567,-0.6,d25,event_option_mh30trail_clean1000_frozen2025_select2026_d25_return_deploy202607_SPXW_v1,0,0.3,2,30,25,0.25,202605,d25,999,0,time_priority,,max_volume_component,SPXW
SPXW,zero_dte,12:40,760,202605,20260521,1.2000000476837158,-0.6,-0.2295536935506226,0.4473087652112918,PUT,0.4473087652112918,-0.6,d25,event_option_mh30trail_clean1000_frozen2025_select2026_d25_return_deploy202607_SPXW_v1,0,0.3,2,30,25,0.25,202605,d25,999,0,time_priority,,max_volume_component,SPXW
SPXW,zero_dte,12:50,770,202605,20260521,5.0,-0.6,-0.311586842545086,0.4062267516647952,PUT,0.4062267516647952,-0.6,d25,event_option_mh30trail_clean1000_frozen2025_select2026_d25_return_deploy202607_SPXW_v1,0,0.3,2,30,25,0.25,202605,d25,999,0,time_priority,,max_volume_component,SPXW
SPXW,zero_dte,13:25,805,202605,20260521,2.216666751437717,-0.6,-0.6700288940546189,0.3948948716809237,PUT,0.3948948716809237,-0.6,d25,event_option_mh30trail_clean1000_frozen2025_select2026_d25_return_deploy202607_SPXW_v1,0,0.3,2,30,25,0.25,202605,d25,999,0,time_priority,,max_volume_component,SPXW
SPXW,zero_dte,13:30,810,202605,20260521,2.070754669450196,-0.6,-0.2621404501241396,0.3580626993310731,PUT,0.3580626993310731,-0.6,d25,event_option_mh30trail_clean1000_frozen2025_select2026_d25_return_deploy202607_SPXW_v1,0,0.3,2,30,25,0.25,202605,d25,999,0,time_priority,,max_volume_component,SPXW
SPXW,zero_dte,13:35,815,202605,20260521,2.416666625911355,-0.6,-0.3072812198358743,0.3291927380911554,PUT,0.3291927380911554,-0.6,d25,event_option_mh30trail_clean1000_frozen2025_select2026_d25_return_deploy202607_SPXW_v1,0,0.3,2,30,25,0.25,202605,d25,999,0,time_priority,,max_volume_component,SPXW
SPXW,zero_dte,13:40,820,202605,20260521,1.350000034679066,-0.6,-0.5280543491428433,0.3144153833603497,PUT,0.3144153833603497,-0.6,d25,event_option_mh30trail_clean1000_frozen2025_select2026_d25_return_deploy202607_SPXW_v1,0,0.3,2,30,25,0.25,202605,d25,999,0,time_priority,,max_volume_component,SPXW
SPXW,zero_dte,10:15,615,202605,20260522,-0.2205639061802758,0.3931925225962238,-0.6731927218728769,0.6250998630219806,PUT,0.6250998630219806,0.3931925225962238,d25,event_option_mh30trail_clean1000_frozen2025_select2026_d25_return_deploy202607_SPXW_v1,0,0.3,2,30,25,0.25,202605,d25,999,0,time_priority,,max_volume_component,SPXW
SPXW,zero_dte,10:20,620,202605,20260522,0.7023809235472627,-0.6,-0.4321781918116202,0.333945827189927,PUT,0.333945827189927,-0.6,d25,event_option_mh30trail_clean1000_frozen2025_select2026_d25_return_deploy202607_SPXW_v1,0,0.3,2,30,25,0.25,202605,d25,999,0,time_priority,,max_volume_component,SPXW
SPXW,zero_dte,10:30,630,202605,20260522,0.6423077216515174,-0.6,-0.7343619054979283,0.5957693272526529,PUT,0.5957693272526529,-0.6,d25,event_option_mh30trail_clean1000_frozen2025_select2026_d25_return_deploy202607_SPXW_v1,0,0.3,2,30,25,0.25,202605,d25,999,0,time_priority,,max_volume_component,SPXW
SPXW,zero_dte,10:35,635,202605,20260522,0.3035714209687952,-0.6,-0.6701079102042408,0.6627716041199253,PUT,0.6627716041199253,-0.6,d25,event_option_mh30trail_clean1000_frozen2025_select2026_d25_return_deploy202607_SPXW_v1,0,0.3,2,30,25,0.25,202605,d25,999,0,time_priority,,max_volume_component,SPXW
SPXW,zero_dte,11:05,665,202605,20260522,-0.6,-0.6,-0.6069402677318392,0.4025621006277601,PUT,0.4025621006277601,-0.6,d25,event_option_mh30trail_clean1000_frozen2025_select2026_d25_return_deploy202607_SPXW_v1,0,0.3,2,30,25,0.25,202605,d25,999,0,time_priority,,max_volume_component,SPXW
SPXW,zero_dte,11:05,665,202605,20260526,-0.6,0.5624998882412955,-0.6367463376384974,0.3384559110005086,PUT,0.3384559110005086,0.5624998882412955,d25,event_option_mh30trail_clean1000_frozen2025_select2026_d25_return_deploy202607_SPXW_v1,0,0.3,2,30,25,0.25,202605,d25,999,0,time_priority,,max_volume_component,SPXW
SPXW,zero_dte,10:00,600,202605,20260527,-0.6,0.4481131464359662,-0.6099910401728846,0.791895552786025,PUT,0.791895552786025,0.4481131464359662,d25,event_option_mh30trail_clean1000_frozen2025_select2026_d25_return_deploy202607_SPXW_v1,0,0.3,2,30,25,0.25,202605,d25,999,0,time_priority,,max_volume_component,SPXW
SPXW,zero_dte,10:05,605,202605,20260527,-0.6,0.8805114217215051,-0.1844599817564805,0.3865126254393299,PUT,0.3865126254393299,0.8805114217215051,d25,event_option_mh30trail_clean1000_frozen2025_select2026_d25_return_deploy202607_SPXW_v1,0,0.3,2,30,25,0.25,202605,d25,999,0,time_priority,,max_volume_component,SPXW
SPXW,zero_dte,10:10,610,202605,20260527,-0.6,0.3177321037466989,-0.4540033253803753,0.5707053851301371,PUT,0.5707053851301371,0.3177321037466989,d25,event_option_mh30trail_clean1000_frozen2025_select2026_d25_return_deploy202607_SPXW_v1,0,0.3,2,30,25,0.25,202605,d25,999,0,time_priority,,max_volume_component,SPXW
SPXW,zero_dte,10:15,615,202605,20260527,-0.6,0.6346154904224501,-0.5419977645042093,0.6543974101771255,PUT,0.6543974101771255,0.6346154904224501,d25,event_option_mh30trail_clean1000_frozen2025_select2026_d25_return_deploy202607_SPXW_v1,0,0.3,2,30,25,0.25,202605,d25,999,0,time_priority,,max_volume_component,SPXW
SPXW,zero_dte,10:25,625,202605,20260527,0.2743902793602892,-0.6,-0.5207068008557794,0.4839204532636558,PUT,0.4839204532636558,-0.6,d25,event_option_mh30trail_clean1000_frozen2025_select2026_d25_return_deploy202607_SPXW_v1,0,0.3,2,30,25,0.25,202605,d25,999,0,time_priority,,max_volume_component,SPXW
SPXW,zero_dte,10:35,635,202605,20260527,-0.6,0.3366388236238071,-0.6711630906668998,0.5520476976179155,PUT,0.5520476976179155,0.3366388236238071,d25,event_option_mh30trail_clean1000_frozen2025_select2026_d25_return_deploy202607_SPXW_v1,0,0.3,2,30,25,0.25,202605,d25,999,0,time_priority,,max_volume_component,SPXW
SPXW,zero_dte,10:45,645,202605,20260527,-0.6,0.2500000441515879,-0.644452920618169,0.7332140273853144,PUT,0.7332140273853144,0.2500000441515879,d25,event_option_mh30trail_clean1000_frozen2025_select2026_d25_return_deploy202607_SPXW_v1,0,0.3,2,30,25,0.25,202605,d25,999,0,time_priority,,max_volume_component,SPXW
SPXW,zero_dte,10:55,655,202605,20260527,-0.6,0.2833333015441894,-0.5234491973954439,0.5921275595715335,PUT,0.5921275595715335,0.2833333015441894,d25,event_option_mh30trail_clean1000_frozen2025_select2026_d25_return_deploy202607_SPXW_v1,0,0.3,2,30,25,0.25,202605,d25,999,0,time_priority,,max_volume_component,SPXW
SPXW,zero_dte,11:00,660,202605,20260527,-0.6,-0.6,-0.4135311757339571,0.3376917646270917,PUT,0.3376917646270917,-0.6,d25,event_option_mh30trail_clean1000_frozen2025_select2026_d25_return_deploy202607_SPXW_v1,0,0.3,2,30,25,0.25,202605,d25,999,0,time_priority,,max_volume_component,SPXW
SPXW,zero_dte,11:05,665,202605,20260527,-0.6,0.2870370452132571,-0.3393433591094871,0.3319794900879496,PUT,0.3319794900879496,0.2870370452132571,d25,event_option_mh30trail_clean1000_frozen2025_select2026_d25_return_deploy202607_SPXW_v1,0,0.3,2,30,25,0.25,202605,d25,999,0,time_priority,,max_volume_component,SPXW
SPXW,zero_dte,11:15,675,202605,20260527,-0.6,0.4107143480558795,-0.3865572097924599,0.3059961875702404,PUT,0.3059961875702404,0.4107143480558795,d25,event_option_mh30trail_clean1000_frozen2025_select2026_d25_return_deploy202607_SPXW_v1,0,0.3,2,30,25,0.25,202605,d25,999,0,time_priority,,max_volume_component,SPXW
SPXW,zero_dte,11:30,690,202605,20260527,-0.6,1.197368501956444,-0.408130660364193,0.4881589834463427,PUT,0.4881589834463427,1.197368501956444,d25,event_option_mh30trail_clean1000_frozen2025_select2026_d25_return_deploy202607_SPXW_v1,0,0.3,2,30,25,0.25,202605,d25,999,0,time_priority,,max_volume_component,SPXW
SPXW,zero_dte,11:35,695,202605,20260527,-0.6,0.538461640741702,-0.3567413764295807,0.3308338735254979,PUT,0.3308338735254979,0.538461640741702,d25,event_option_mh30trail_clean1000_frozen2025_select2026_d25_return_deploy202607_SPXW_v1,0,0.3,2,30,25,0.25,202605,d25,999,0,time_priority,,max_volume_component,SPXW
SPXW,zero_dte,10:10,610,202605,20260528,5.0,-0.6,-0.596848282335833,0.4955992845590808,PUT,0.4955992845590808,-0.6,d25,event_option_mh30trail_clean1000_frozen2025_select2026_d25_return_deploy202607_SPXW_v1,0,0.3,2,30,25,0.25,202605,d25,999,0,time_priority,,max_volume_component,SPXW
SPXW,zero_dte,10:20,620,202605,20260528,0.5312499138526632,-0.6,-0.4988766293979538,0.3774210757635106,PUT,0.3774210757635106,-0.6,d25,event_option_mh30trail_clean1000_frozen2025_select2026_d25_return_deploy202607_SPXW_v1,0,0.3,2,30,25,0.25,202605,d25,999,0,time_priority,,max_volume_component,SPXW
SPXW,zero_dte,10:25,625,202605,20260528,0.3424526937069914,-0.6,-0.528256071283363,0.4346507280184236,PUT,0.4346507280184236,-0.6,d25,event_option_mh30trail_clean1000_frozen2025_select2026_d25_return_deploy202607_SPXW_v1,0,0.3,2,30,25,0.25,202605,d25,999,0,time_priority,,max_volume_component,SPXW
SPXW,zero_dte,10:40,640,202605,20260528,0.6637931062832172,-0.6,-0.4604248088575968,0.4645045846090554,PUT,0.4645045846090554,-0.6,d25,event_option_mh30trail_clean1000_frozen2025_select2026_d25_return_deploy202607_SPXW_v1,0,0.3,2,30,25,0.25,202605,d25,999,0,time_priority,,max_volume_component,SPXW
SPXW,zero_dte,10:45,645,202605,20260528,0.712790513025749,-0.6,-0.4516993446040843,0.5203181260181091,PUT,0.5203181260181091,-0.6,d25,event_option_mh30trail_clean1000_frozen2025_select2026_d25_return_deploy202607_SPXW_v1,0,0.3,2,30,25,0.25,202605,d25,999,0,time_priority,,max_volume_component,SPXW
SPXW,zero_dte,11:15,675,202605,20260528,0.7882165227866271,-0.6,-0.5837920662991763,0.3843279136030233,PUT,0.3843279136030233,-0.6,d25,event_option_mh30trail_clean1000_frozen2025_select2026_d25_return_deploy202607_SPXW_v1,0,0.3,2,30,25,0.25,202605,d25,999,0,time_priority,,max_volume_component,SPXW
SPXW,zero_dte,11:20,680,202605,20260528,0.2738096157169167,-0.6,-0.5831157548737121,0.4805886982065839,PUT,0.4805886982065839,-0.6,d25,event_option_mh30trail_clean1000_frozen2025_select2026_d25_return_deploy202607_SPXW_v1,0,0.3,2,30,25,0.25,202605,d25,999,0,time_priority,,max_volume_component,SPXW
SPXW,zero_dte,10:45,645,202605,20260529,1.2291664886805815,-0.6,-0.2533306557067117,0.351818241023651,PUT,0.351818241023651,-0.6,d25,event_option_mh30trail_clean1000_frozen2025_select2026_d25_return_deploy202607_SPXW_v1,0,0.3,2,30,25,0.25,202605,d25,999,0,time_priority,,max_volume_component,SPXW
SPXW,zero_dte,10:50,650,202605,20260529,1.0384615490422449,-0.6,-0.2878583691375521,0.3462771147665309,PUT,0.3462771147665309,-0.6,d25,event_option_mh30trail_clean1000_frozen2025_select2026_d25_return_deploy202607_SPXW_v1,0,0.3,2,30,25,0.25,202605,d25,999,0,time_priority,,max_volume_component,SPXW
SPXW,zero_dte,10:55,655,202605,20260529,-0.6,-0.6,-0.5931364555208771,0.4934839501467924,PUT,0.4934839501467924,-0.6,d25,event_option_mh30trail_clean1000_frozen2025_select2026_d25_return_deploy202607_SPXW_v1,0,0.3,2,30,25,0.25,202605,d25,999,0,time_priority,,max_volume_component,SPXW
SPXW,zero_dte,10:20,620,202606,20260601,0.2806122151080499,-0.6,-0.6291908703979957,0.3139032579362595,PUT,0.3139032579362595,-0.6,d25,event_option_mh30trail_clean1000_frozen2025_select2026_d25_return_deploy202607_SPXW_v1,0,0.3,2,30,25,0.25,202606,d25,999,0,time_priority,,max_volume_component,SPXW
SPXW,zero_dte,11:30,690,202606,20260602,-0.6,-0.6,0.350842421104585,0.1582894069185315,CALL,0.350842421104585,-0.6,d25,event_option_mh30trail_clean1000_frozen2025_select2026_d25_return_deploy202607_SPXW_v1,0,0.3,2,30,25,0.25,202606,d25,999,0,time_priority,,max_volume_component,SPXW
SPXW,zero_dte,12:25,745,202606,20260602,-0.6,-0.6,-0.5733744350131819,0.4014197625430987,PUT,0.4014197625430987,-0.6,d25,event_option_mh30trail_clean1000_frozen2025_select2026_d25_return_deploy202607_SPXW_v1,0,0.3,2,30,25,0.25,202606,d25,999,0,time_priority,,max_volume_component,SPXW
SPXW,zero_dte,12:30,750,202606,20260602,-0.6,-0.6,0.3362940747761018,0.1281364463298193,CALL,0.3362940747761018,-0.6,d25,event_option_mh30trail_clean1000_frozen2025_select2026_d25_return_deploy202607_SPXW_v1,0,0.3,2,30,25,0.25,202606,d25,999,0,time_priority,,max_volume_component,SPXW
SPXW,zero_dte,10:50,650,202606,20260603,-0.6,0.2848836306690114,-0.594299176278448,0.4305481054846209,PUT,0.4305481054846209,0.2848836306690114,d25,event_option_mh30trail_clean1000_frozen2025_select2026_d25_return_deploy202607_SPXW_v1,0,0.3,2,30,25,0.25,202606,d25,999,0,time_priority,,max_volume_component,SPXW
SPXW,zero_dte,11:05,665,202606,20260603,-0.6,0.2621951106047073,-0.5260698301776192,0.505636903253347,PUT,0.505636903253347,0.2621951106047073,d25,event_option_mh30trail_clean1000_frozen2025_select2026_d25_return_deploy202607_SPXW_v1,0,0.3,2,30,25,0.25,202606,d25,999,0,time_priority,,max_volume_component,SPXW
SPXW,zero_dte,11:15,675,202606,20260603,-0.6,0.5192307504206253,-0.4616682326585908,0.6269677755840111,PUT,0.6269677755840111,0.5192307504206253,d25,event_option_mh30trail_clean1000_frozen2025_select2026_d25_return_deploy202607_SPXW_v1,0,0.3,2,30,25,0.25,202606,d25,999,0,time_priority,,max_volume_component,SPXW
SPXW,zero_dte,11:20,680,202606,20260603,-0.6,0.9924243037256226,-0.4500196008340503,0.6775031040701708,PUT,0.6775031040701708,0.9924243037256226,d25,event_option_mh30trail_clean1000_frozen2025_select2026_d25_return_deploy202607_SPXW_v1,0,0.3,2,30,25,0.25,202606,d25,999,0,time_priority,,max_volume_component,SPXW
SPXW,zero_dte,11:45,705,202606,20260603,-0.6,0.5441175686859363,-0.4405339273303384,0.3169134733072298,PUT,0.3169134733072298,0.5441175686859363,d25,event_option_mh30trail_clean1000_frozen2025_select2026_d25_return_deploy202607_SPXW_v1,0,0.3,2,30,25,0.25,202606,d25,999,0,time_priority,,max_volume_component,SPXW
SPXW,zero_dte,12:25,745,202606,20260603,0.3833332640493034,-0.6,-0.6263935942562043,0.3717527797632809,PUT,0.3717527797632809,-0.6,d25,event_option_mh30trail_clean1000_frozen2025_select2026_d25_return_deploy202607_SPXW_v1,0,0.3,2,30,25,0.25,202606,d25,999,0,time_priority,,max_volume_component,SPXW
SPXW,zero_dte,12:30,750,202606,20260603,0.2743054486259308,0.537878842612163,-0.458062687283587,0.353372397838481,PUT,0.353372397838481,0.537878842612163,d25,event_option_mh30trail_clean1000_frozen2025_select2026_d25_return_deploy202607_SPXW_v1,0,0.3,2,30,25,0.25,202606,d25,999,0,time_priority,,max_volume_component,SPXW
SPXW,zero_dte,12:35,755,202606,20260603,0.7011110517713759,-0.6,-0.4552285521930496,0.3621186199802844,PUT,0.3621186199802844,-0.6,d25,event_option_mh30trail_clean1000_frozen2025_select2026_d25_return_deploy202607_SPXW_v1,0,0.3,2,30,25,0.25,202606,d25,999,0,time_priority,,max_volume_component,SPXW
SPXW,zero_dte,12:55,775,202606,20260603,0.5009728081284224,-0.6,-0.4489211935010291,0.5414452296061096,PUT,0.5414452296061096,-0.6,d25,event_option_mh30trail_clean1000_frozen2025_select2026_d25_return_deploy202607_SPXW_v1,0,0.3,2,30,25,0.25,202606,d25,999,0,time_priority,,max_volume_component,SPXW
SPXW,zero_dte,10:00,600,202606,20260604,0.5357143668090443,0.2916666252745539,-0.7646424703222872,0.6847522071378704,PUT,0.6847522071378704,0.2916666252745539,d25,event_option_mh30trail_clean1000_frozen2025_select2026_d25_return_deploy202607_SPXW_v1,0,0.3,2,30,25,0.25,202606,d25,999,0,time_priority,,max_volume_component,SPXW
SPXW,zero_dte,10:15,615,202606,20260604,0.4545454176004275,-0.6,-0.5495935383681615,0.8702087552072099,PUT,0.8702087552072099,-0.6,d25,event_option_mh30trail_clean1000_frozen2025_select2026_d25_return_deploy202607_SPXW_v1,0,0.3,2,30,25,0.25,202606,d25,999,0,time_priority,,max_volume_component,SPXW
SPXW,zero_dte,10:20,620,202606,20260604,0.2875000238418579,-0.6,-0.5560350468406509,0.6667388912211486,PUT,0.6667388912211486,-0.6,d25,event_option_mh30trail_clean1000_frozen2025_select2026_d25_return_deploy202607_SPXW_v1,0,0.3,2,30,25,0.25,202606,d25,999,0,time_priority,,max_volume_component,SPXW
SPXW,zero_dte,10:25,625,202606,20260604,0.4166667423551078,-0.6,-0.5698348973852756,0.3853128253422162,PUT,0.3853128253422162,-0.6,d25,event_option_mh30trail_clean1000_frozen2025_select2026_d25_return_deploy202607_SPXW_v1,0,0.3,2,30,25,0.25,202606,d25,999,0,time_priority,,max_volume_component,SPXW
SPXW,zero_dte,10:30,630,202606,20260604,0.4919355682230171,-0.6,-0.7729621436944684,0.4801257368586065,PUT,0.4801257368586065,-0.6,d25,event_option_mh30trail_clean1000_frozen2025_select2026_d25_return_deploy202607_SPXW_v1,0,0.3,2,30,25,0.25,202606,d25,999,0,time_priority,,max_volume_component,SPXW
SPXW,zero_dte,10:35,635,202606,20260604,0.5380795130703118,-0.6,-0.5685067102679618,0.5460932364289094,PUT,0.5460932364289094,-0.6,d25,event_option_mh30trail_clean1000_frozen2025_select2026_d25_return_deploy202607_SPXW_v1,0,0.3,2,30,25,0.25,202606,d25,999,0,time_priority,,max_volume_component,SPXW
SPXW,zero_dte,10:40,640,202606,20260604,0.8541666625274553,-0.6,-0.7622879033771824,0.7050086640011944,PUT,0.7050086640011944,-0.6,d25,event_option_mh30trail_clean1000_frozen2025_select2026_d25_return_deploy202607_SPXW_v1,0,0.3,2,30,25,0.25,202606,d25,999,0,time_priority,,max_volume_component,SPXW
SPXW,zero_dte,10:45,645,202606,20260604,1.1755319321625053,-0.6,-0.5643400484778189,0.6622389420286964,PUT,0.6622389420286964,-0.6,d25,event_option_mh30trail_clean1000_frozen2025_select2026_d25_return_deploy202607_SPXW_v1,0,0.3,2,30,25,0.25,202606,d25,999,0,time_priority,,max_volume_component,SPXW
SPXW,zero_dte,10:50,650,202606,20260604,1.656976615241445,-0.6,-0.6479352525914719,0.5954199538498891,PUT,0.5954199538498891,-0.6,d25,event_option_mh30trail_clean1000_frozen2025_select2026_d25_return_deploy202607_SPXW_v1,0,0.3,2,30,25,0.25,202606,d25,999,0,time_priority,,max_volume_component,SPXW
SPXW,zero_dte,10:55,655,202606,20260604,1.656976615241445,-0.6,-0.644678900505543,0.5608149681313559,PUT,0.5608149681313559,-0.6,d25,event_option_mh30trail_clean1000_frozen2025_select2026_d25_return_deploy202607_SPXW_v1,0,0.3,2,30,25,0.25,202606,d25,999,0,time_priority,,max_volume_component,SPXW
SPXW,zero_dte,11:00,660,202606,20260604,1.1749999523162842,-0.6,-0.6111454035947953,0.4230153045089898,PUT,0.4230153045089898,-0.6,d25,event_option_mh30trail_clean1000_frozen2025_select2026_d25_return_deploy202607_SPXW_v1,0,0.3,2,30,25,0.25,202606,d25,999,0,time_priority,,max_volume_component,SPXW
SPXW,zero_dte,11:10,670,202606,20260604,0.2777778182500685,-0.6,-0.5834037636188993,0.3511349962924557,PUT,0.3511349962924557,-0.6,d25,event_option_mh30trail_clean1000_frozen2025_select2026_d25_return_deploy202607_SPXW_v1,0,0.3,2,30,25,0.25,202606,d25,999,0,time_priority,,max_volume_component,SPXW
SPXW,zero_dte,11:25,685,202606,20260604,0.3500000000000001,0.3716216007229882,-0.5738167529964934,0.4230759878683505,PUT,0.4230759878683505,0.3716216007229882,d25,event_option_mh30trail_clean1000_frozen2025_select2026_d25_return_deploy202607_SPXW_v1,0,0.3,2,30,25,0.25,202606,d25,999,0,time_priority,,max_volume_component,SPXW
SPXW,zero_dte,11:30,690,202606,20260604,0.2884615948919735,0.2884615008412508,-0.3567130643633793,0.3333240501137026,PUT,0.3333240501137026,0.2884615008412508,d25,event_option_mh30trail_clean1000_frozen2025_select2026_d25_return_deploy202607_SPXW_v1,0,0.3,2,30,25,0.25,202606,d25,999,0,time_priority,,max_volume_component,SPXW
SPXW,zero_dte,11:35,695,202606,20260604,0.3257575407282156,0.2884615008412508,-0.5766839826017851,0.4269175435603221,PUT,0.4269175435603221,0.2884615008412508,d25,event_option_mh30trail_clean1000_frozen2025_select2026_d25_return_deploy202607_SPXW_v1,0,0.3,2,30,25,0.25,202606,d25,999,0,time_priority,,max_volume_component,SPXW
SPXW,zero_dte,12:10,730,202606,20260604,0.2678571687060964,-0.6,-0.4564207103047565,0.4929029029852882,PUT,0.4929029029852882,-0.6,d25,event_option_mh30trail_clean1000_frozen2025_select2026_d25_return_deploy202607_SPXW_v1,0,0.3,2,30,25,0.25,202606,d25,999,0,time_priority,,max_volume_component,SPXW
SPXW,zero_dte,12:15,735,202606,20260604,0.346774181143674,-0.6,-0.4848760406141874,0.4883943507461049,PUT,0.4883943507461049,-0.6,d25,event_option_mh30trail_clean1000_frozen2025_select2026_d25_return_deploy202607_SPXW_v1,0,0.3,2,30,25,0.25,202606,d25,999,0,time_priority,,max_volume_component,SPXW
SPXW,zero_dte,12:20,740,202606,20260604,0.346774181143674,-0.6,-0.5120858418272252,0.6553105518362549,PUT,0.6553105518362549,-0.6,d25,event_option_mh30trail_clean1000_frozen2025_select2026_d25_return_deploy202607_SPXW_v1,0,0.3,2,30,25,0.25,202606,d25,999,0,time_priority,,max_volume_component,SPXW
SPXW,zero_dte,12:30,750,202606,20260604,0.4499999999999999,-0.6,-0.5281921123999748,0.596963365704835,PUT,0.596963365704835,-0.6,d25,event_option_mh30trail_clean1000_frozen2025_select2026_d25_return_deploy202607_SPXW_v1,0,0.3,2,30,25,0.25,202606,d25,999,0,time_priority,,max_volume_component,SPXW
SPXW,zero_dte,12:35,755,202606,20260604,0.3537735271895237,-0.6,-0.5301847198538788,0.5744449114019361,PUT,0.5744449114019361,-0.6,d25,event_option_mh30trail_clean1000_frozen2025_select2026_d25_return_deploy202607_SPXW_v1,0,0.3,2,30,25,0.25,202606,d25,999,0,time_priority,,max_volume_component,SPXW
SPXW,zero_dte,13:00,780,202606,20260604,0.3716216007229882,-0.6,-0.4574805207285238,0.346743041525153,PUT,0.346743041525153,-0.6,d25,event_option_mh30trail_clean1000_frozen2025_select2026_d25_return_deploy202607_SPXW_v1,0,0.3,2,30,25,0.25,202606,d25,999,0,time_priority,,max_volume_component,SPXW
SPXW,zero_dte,10:25,625,202606,20260605,0.3749999751647324,0.2638888760113418,-0.6910260283413376,0.3135036904310946,PUT,0.3135036904310946,0.2638888760113418,d25,event_option_mh30trail_clean1000_frozen2025_select2026_d25_return_deploy202607_SPXW_v1,0,0.3,2,30,25,0.25,202606,d25,999,0,time_priority,,max_volume_component,SPXW
SPXW,zero_dte,10:30,630,202606,20260605,-0.6,0.2611111534966364,-0.6554699902861982,0.4534764138868206,PUT,0.4534764138868206,0.2611111534966364,d25,event_option_mh30trail_clean1000_frozen2025_select2026_d25_return_deploy202607_SPXW_v1,0,0.3,2,30,25,0.25,202606,d25,999,0,time_priority,,max_volume_component,SPXW
SPXW,zero_dte,10:50,650,202606,20260605,-0.6,0.5372340339187474,-0.6228123692988704,0.4646106904136601,PUT,0.4646106904136601,0.5372340339187474,d25,event_option_mh30trail_clean1000_frozen2025_select2026_d25_return_deploy202607_SPXW_v1,0,0.3,2,30,25,0.25,202606,d25,999,0,time_priority,,max_volume_component,SPXW
SPXW,zero_dte,10:55,655,202606,20260605,-0.6,1.020833163625671,-0.6285955892518212,0.5108566857422087,PUT,0.5108566857422087,1.020833163625671,d25,event_option_mh30trail_clean1000_frozen2025_select2026_d25_return_deploy202607_SPXW_v1,0,0.3,2,30,25,0.25,202606,d25,999,0,time_priority,,max_volume_component,SPXW
SPXW,zero_dte,11:10,670,202606,20260605,-0.6,1.728723525137537,-0.5707923686677684,0.4008632075423655,PUT,0.4008632075423655,1.728723525137537,d25,event_option_mh30trail_clean1000_frozen2025_select2026_d25_return_deploy202607_SPXW_v1,0,0.3,2,30,25,0.25,202606,d25,999,0,time_priority,,max_volume_component,SPXW
SPXW,zero_dte,11:20,680,202606,20260605,-0.6,1.2187499930150807,-0.5424426114648624,0.3480301850023056,PUT,0.3480301850023056,1.2187499930150807,d25,event_option_mh30trail_clean1000_frozen2025_select2026_d25_return_deploy202607_SPXW_v1,0,0.3,2,30,25,0.25,202606,d25,999,0,time_priority,,max_volume_component,SPXW
SPXW,zero_dte,11:25,685,202606,20260605,-0.6,1.3313953230482891,-0.3703838582773074,0.4154017048445721,PUT,0.4154017048445721,1.3313953230482891,d25,event_option_mh30trail_clean1000_frozen2025_select2026_d25_return_deploy202607_SPXW_v1,0,0.3,2,30,25,0.25,202606,d25,999,0,time_priority,,max_volume_component,SPXW
SPXW,zero_dte,11:40,700,202606,20260605,-0.6,1.107142863224964,-0.4077627692669776,0.3706353186968457,PUT,0.3706353186968457,1.107142863224964,d25,event_option_mh30trail_clean1000_frozen2025_select2026_d25_return_deploy202607_SPXW_v1,0,0.3,2,30,25,0.25,202606,d25,999,0,time_priority,,max_volume_component,SPXW
SPXW,zero_dte,11:55,715,202606,20260605,-0.6,1.2587720472359925,-0.5146245867760634,0.3831818540488234,PUT,0.3831818540488234,1.2587720472359925,d25,event_option_mh30trail_clean1000_frozen2025_select2026_d25_return_deploy202607_SPXW_v1,0,0.3,2,30,25,0.25,202606,d25,999,0,time_priority,,max_volume_component,SPXW
SPXW,zero_dte,12:15,735,202606,20260605,-0.6,1.6214286259242463,-0.5848316335678664,0.3948937192514157,PUT,0.3948937192514157,1.6214286259242463,d25,event_option_mh30trail_clean1000_frozen2025_select2026_d25_return_deploy202607_SPXW_v1,0,0.3,2,30,25,0.25,202606,d25,999,0,time_priority,,max_volume_component,SPXW
SPXW,zero_dte,13:00,780,202606,20260605,-0.6,-0.6,-0.3950822708491707,0.3875591455488492,PUT,0.3875591455488492,-0.6,d25,event_option_mh30trail_clean1000_frozen2025_select2026_d25_return_deploy202607_SPXW_v1,0,0.3,2,30,25,0.25,202606,d25,999,0,time_priority,,max_volume_component,SPXW
SPXW,zero_dte,10:05,605,202606,20260608,0.2728426174777274,-0.6,-0.4112933496135281,0.3417493355349321,PUT,0.3417493355349321,-0.6,d25,event_option_mh30trail_clean1000_frozen2025_select2026_d25_return_deploy202607_SPXW_v1,0,0.3,2,30,25,0.25,202606,d25,999,0,time_priority,,max_volume_component,SPXW
SPXW,zero_dte,10:10,610,202606,20260608,0.2500000372529025,-0.6,-0.2281717521819516,0.409758576410451,PUT,0.409758576410451,-0.6,d25,event_option_mh30trail_clean1000_frozen2025_select2026_d25_return_deploy202607_SPXW_v1,0,0.3,2,30,25,0.25,202606,d25,999,0,time_priority,,max_volume_component,SPXW
SPXW,zero_dte,10:15,615,202606,20260608,0.4517544094471986,-0.6,-0.3911302518691767,0.3697648658217305,PUT,0.3697648658217305,-0.6,d25,event_option_mh30trail_clean1000_frozen2025_select2026_d25_return_deploy202607_SPXW_v1,0,0.3,2,30,25,0.25,202606,d25,999,0,time_priority,,max_volume_component,SPXW
SPXW,zero_dte,10:20,620,202606,20260608,0.7773972334300723,-0.6,-0.5232966246404297,0.5049074067704881,PUT,0.5049074067704881,-0.6,d25,event_option_mh30trail_clean1000_frozen2025_select2026_d25_return_deploy202607_SPXW_v1,0,0.3,2,30,25,0.25,202606,d25,999,0,time_priority,,max_volume_component,SPXW
SPXW,zero_dte,10:35,635,202606,20260608,0.6071428571428572,-0.6,-0.803007839897791,0.4721415942238412,PUT,0.4721415942238412,-0.6,d25,event_option_mh30trail_clean1000_frozen2025_select2026_d25_return_deploy202607_SPXW_v1,0,0.3,2,30,25,0.25,202606,d25,999,0,time_priority,,max_volume_component,SPXW
SPXW,zero_dte,10:45,645,202606,20260608,0.534090848747365,-0.6,-0.7590484366925535,0.7138815084217439,PUT,0.7138815084217439,-0.6,d25,event_option_mh30trail_clean1000_frozen2025_select2026_d25_return_deploy202607_SPXW_v1,0,0.3,2,30,25,0.25,202606,d25,999,0,time_priority,,max_volume_component,SPXW
SPXW,zero_dte,10:50,650,202606,20260608,0.475806473941387,-0.6,-0.6373917032072317,0.5926057344555447,PUT,0.5926057344555447,-0.6,d25,event_option_mh30trail_clean1000_frozen2025_select2026_d25_return_deploy202607_SPXW_v1,0,0.3,2,30,25,0.25,202606,d25,999,0,time_priority,,max_volume_component,SPXW
SPXW,zero_dte,10:55,655,202606,20260608,0.3915093389003918,0.5882352425565371,-0.6706578030192685,0.652879791111841,PUT,0.652879791111841,0.5882352425565371,d25,event_option_mh30trail_clean1000_frozen2025_select2026_d25_return_deploy202607_SPXW_v1,0,0.3,2,30,25,0.25,202606,d25,999,0,time_priority,,max_volume_component,SPXW
SPXW,zero_dte,11:00,660,202606,20260608,-0.6,1.3790322158884916,-0.8296428837096925,0.377717131451601,PUT,0.377717131451601,1.3790322158884916,d25,event_option_mh30trail_clean1000_frozen2025_select2026_d25_return_deploy202607_SPXW_v1,0,0.3,2,30,25,0.25,202606,d25,999,0,time_priority,,max_volume_component,SPXW
SPXW,zero_dte,11:05,665,202606,20260608,-0.6,1.947635145475605,-0.7101995746661721,0.4393396815802193,PUT,0.4393396815802193,1.947635145475605,d25,event_option_mh30trail_clean1000_frozen2025_select2026_d25_return_deploy202607_SPXW_v1,0,0.3,2,30,25,0.25,202606,d25,999,0,time_priority,,max_volume_component,SPXW
SPXW,zero_dte,11:10,670,202606,20260608,-0.6,2.201612947882774,-0.6492290935837541,0.4757825409800377,PUT,0.4757825409800377,2.201612947882774,d25,event_option_mh30trail_clean1000_frozen2025_select2026_d25_return_deploy202607_SPXW_v1,0,0.3,2,30,25,0.25,202606,d25,999,0,time_priority,,max_volume_component,SPXW
SPXW,zero_dte,11:15,675,202606,20260608,-0.6,2.4257281465302967,-0.5714988596727338,0.4125764499109304,PUT,0.4125764499109304,2.4257281465302967,d25,event_option_mh30trail_clean1000_frozen2025_select2026_d25_return_deploy202607_SPXW_v1,0,0.3,2,30,25,0.25,202606,d25,999,0,time_priority,,max_volume_component,SPXW
SPXW,zero_dte,11:20,680,202606,20260608,-0.6,2.130357254919959,-0.6874834194829488,0.5597728195927846,PUT,0.5597728195927846,2.130357254919959,d25,event_option_mh30trail_clean1000_frozen2025_select2026_d25_return_deploy202607_SPXW_v1,0,0.3,2,30,25,0.25,202606,d25,999,0,time_priority,,max_volume_component,SPXW
SPXW,zero_dte,11:25,685,202606,20260608,-0.6,1.5657894588243266,-0.5534340121344055,0.6350421866710059,PUT,0.6350421866710059,1.5657894588243266,d25,event_option_mh30trail_clean1000_frozen2025_select2026_d25_return_deploy202607_SPXW_v1,0,0.3,2,30,25,0.25,202606,d25,999,0,time_priority,,max_volume_component,SPXW
SPXW,zero_dte,11:40,700,202606,20260608,-0.6,0.3464913484168921,-0.5510638076332709,0.312254661522518,PUT,0.312254661522518,0.3464913484168921,d25,event_option_mh30trail_clean1000_frozen2025_select2026_d25_return_deploy202607_SPXW_v1,0,0.3,2,30,25,0.25,202606,d25,999,0,time_priority,,max_volume_component,SPXW
SPXW,zero_dte,12:20,740,202606,20260608,-0.6,1.6969547250157948,-0.5225010879022929,0.450905027451268,PUT,0.450905027451268,1.6969547250157948,d25,event_option_mh30trail_clean1000_frozen2025_select2026_d25_return_deploy202607_SPXW_v1,0,0.3,2,30,25,0.25,202606,d25,999,0,time_priority,,max_volume_component,SPXW
SPXW,zero_dte,14:15,855,202606,20260608,-0.6,0.5043860236179962,-0.2001401682882144,0.3105861807392911,PUT,0.3105861807392911,0.5043860236179962,d25,event_option_mh30trail_clean1000_frozen2025_select2026_d25_return_deploy202607_SPXW_v1,0,0.3,2,30,25,0.25,202606,d25,999,0,time_priority,,max_volume_component,SPXW
SPXW,zero_dte,10:30,630,202606,20260609,-0.6,3.165151592799932,-0.4838672757270935,0.3848079550669814,PUT,0.3848079550669814,3.165151592799932,d25,event_option_mh30trail_clean1000_frozen2025_select2026_d25_return_deploy202607_SPXW_v1,0,0.3,2,30,25,0.25,202606,d25,999,0,time_priority,,max_volume_component,SPXW
SPXW,zero_dte,10:35,635,202606,20260609,-0.6,3.553296401336317,-0.5315682950562379,0.4515232010193811,PUT,0.4515232010193811,3.553296401336317,d25,event_option_mh30trail_clean1000_frozen2025_select2026_d25_return_deploy202607_SPXW_v1,0,0.3,2,30,25,0.25,202606,d25,999,0,time_priority,,max_volume_component,SPXW
SPXW,zero_dte,10:40,640,202606,20260610,-0.6,2.083333554860477,-0.5573725813393181,0.3143301475982078,PUT,0.3143301475982078,2.083333554860477,d25,event_option_mh30trail_clean1000_frozen2025_select2026_d25_return_deploy202607_SPXW_v1,0,0.3,2,30,25,0.25,202606,d25,999,0,time_priority,,max_volume_component,SPXW
SPXW,zero_dte,10:10,610,202606,20260612,0.6911764320892715,0.3269230980844899,-0.124319166396705,0.3223870628705184,PUT,0.3223870628705184,0.3269230980844899,d25,event_option_mh30trail_clean1000_frozen2025_select2026_d25_return_deploy202607_SPXW_v1,0,0.3,2,30,25,0.25,202606,d25,999,0,time_priority,,max_volume_component,SPXW
SPXW,zero_dte,10:15,615,202606,20260612,0.3466387066444816,0.3055555555555556,-0.2484605533150503,0.3660365556367143,PUT,0.3660365556367143,0.3055555555555556,d25,event_option_mh30trail_clean1000_frozen2025_select2026_d25_return_deploy202607_SPXW_v1,0,0.3,2,30,25,0.25,202606,d25,999,0,time_priority,,max_volume_component,SPXW
SPXW,zero_dte,10:20,620,202606,20260612,0.6357142130533855,0.6870698736630039,-0.095392168170717,0.3435787362448007,PUT,0.3435787362448007,0.6870698736630039,d25,event_option_mh30trail_clean1000_frozen2025_select2026_d25_return_deploy202607_SPXW_v1,0,0.3,2,30,25,0.25,202606,d25,999,0,time_priority,,max_volume_component,SPXW
SPXW,zero_dte,10:35,635,202606,20260612,0.8452380952380953,0.8457448470641133,-0.1200696831420358,0.3580435914686288,PUT,0.3580435914686288,0.8457448470641133,d25,event_option_mh30trail_clean1000_frozen2025_select2026_d25_return_deploy202607_SPXW_v1,0,0.3,2,30,25,0.25,202606,d25,999,0,time_priority,,max_volume_component,SPXW
SPXW,zero_dte,11:10,670,202606,20260612,-0.6,0.7053073042396951,-0.1218672139564875,0.3118285832810168,PUT,0.3118285832810168,0.7053073042396951,d25,event_option_mh30trail_clean1000_frozen2025_select2026_d25_return_deploy202607_SPXW_v1,0,0.3,2,30,25,0.25,202606,d25,999,0,time_priority,,max_volume_component,SPXW
SPXW,zero_dte,11:20,680,202606,20260612,-0.6,1.613157975046258,-0.7515296308160507,0.3367054255971739,PUT,0.3367054255971739,1.613157975046258,d25,event_option_mh30trail_clean1000_frozen2025_select2026_d25_return_deploy202607_SPXW_v1,0,0.3,2,30,25,0.25,202606,d25,999,0,time_priority,,max_volume_component,SPXW
SPXW,zero_dte,11:25,685,202606,20260612,-0.6,2.601428658621652,-0.5949912763467683,0.3701318845150861,PUT,0.3701318845150861,2.601428658621652,d25,event_option_mh30trail_clean1000_frozen2025_select2026_d25_return_deploy202607_SPXW_v1,0,0.3,2,30,25,0.25,202606,d25,999,0,time_priority,,max_volume_component,SPXW
SPXW,zero_dte,11:30,690,202606,20260612,-0.6,2.7652942433076744,-0.4508656139631262,0.5833136254973016,PUT,0.5833136254973016,2.7652942433076744,d25,event_option_mh30trail_clean1000_frozen2025_select2026_d25_return_deploy202607_SPXW_v1,0,0.3,2,30,25,0.25,202606,d25,999,0,time_priority,,max_volume_component,SPXW
SPXW,zero_dte,11:35,695,202606,20260612,-0.6,2.664285659790039,-0.1697369337394798,0.3618137200086978,PUT,0.3618137200086978,2.664285659790039,d25,event_option_mh30trail_clean1000_frozen2025_select2026_d25_return_deploy202607_SPXW_v1,0,0.3,2,30,25,0.25,202606,d25,999,0,time_priority,,max_volume_component,SPXW
SPXW,zero_dte,12:15,735,202606,20260612,-0.6,0.6666666666666667,-0.4598337003933613,0.3363405721691108,PUT,0.3363405721691108,0.6666666666666667,d25,event_option_mh30trail_clean1000_frozen2025_select2026_d25_return_deploy202607_SPXW_v1,0,0.3,2,30,25,0.25,202606,d25,999,0,time_priority,,max_volume_component,SPXW
SPXW,zero_dte,12:35,755,202606,20260612,0.4741378743356548,-0.6,-0.5569545281686631,0.3847497931184078,PUT,0.3847497931184078,-0.6,d25,event_option_mh30trail_clean1000_frozen2025_select2026_d25_return_deploy202607_SPXW_v1,0,0.3,2,30,25,0.25,202606,d25,999,0,time_priority,,max_volume_component,SPXW
SPXW,zero_dte,12:50,770,202606,20260612,0.2884615384615385,-0.6,-0.4400699228563034,0.5774006859705859,PUT,0.5774006859705859,-0.6,d25,event_option_mh30trail_clean1000_frozen2025_select2026_d25_return_deploy202607_SPXW_v1,0,0.3,2,30,25,0.25,202606,d25,999,0,time_priority,,max_volume_component,SPXW
SPXW,zero_dte,12:55,775,202606,20260612,0.8728071555022909,-0.6,-0.5016773571068522,0.6575008262641926,PUT,0.6575008262641926,-0.6,d25,event_option_mh30trail_clean1000_frozen2025_select2026_d25_return_deploy202607_SPXW_v1,0,0.3,2,30,25,0.25,202606,d25,999,0,time_priority,,max_volume_component,SPXW
SPXW,zero_dte,13:00,780,202606,20260612,0.3198587409193212,-0.6,-0.2954508062421076,0.4306924219765651,PUT,0.4306924219765651,-0.6,d25,event_option_mh30trail_clean1000_frozen2025_select2026_d25_return_deploy202607_SPXW_v1,0,0.3,2,30,25,0.25,202606,d25,999,0,time_priority,,max_volume_component,SPXW
SPXW,zero_dte,13:05,785,202606,20260612,-0.6,-0.6,-0.4016263778322635,0.4971806468228903,PUT,0.4971806468228903,-0.6,d25,event_option_mh30trail_clean1000_frozen2025_select2026_d25_return_deploy202607_SPXW_v1,0,0.3,2,30,25,0.25,202606,d25,999,0,time_priority,,max_volume_component,SPXW
SPXW,zero_dte,13:10,790,202606,20260612,-0.6,-0.6,-0.2751579620984413,0.4853349639146735,PUT,0.4853349639146735,-0.6,d25,event_option_mh30trail_clean1000_frozen2025_select2026_d25_return_deploy202607_SPXW_v1,0,0.3,2,30,25,0.25,202606,d25,999,0,time_priority,,max_volume_component,SPXW
SPXW,zero_dte,13:15,795,202606,20260612,-0.6,-0.6,-0.4299762927528426,0.6546767064246709,PUT,0.6546767064246709,-0.6,d25,event_option_mh30trail_clean1000_frozen2025_select2026_d25_return_deploy202607_SPXW_v1,0,0.3,2,30,25,0.25,202606,d25,999,0,time_priority,,max_volume_component,SPXW
SPXW,zero_dte,13:20,800,202606,20260612,-0.6,0.4652173978394507,-0.4067491525873259,0.4159384324100444,PUT,0.4159384324100444,0.4652173978394507,d25,event_option_mh30trail_clean1000_frozen2025_select2026_d25_return_deploy202607_SPXW_v1,0,0.3,2,30,25,0.25,202606,d25,999,0,time_priority,,max_volume_component,SPXW
SPXW,zero_dte,13:25,805,202606,20260612,-0.6,0.3333333333333332,-0.2406000433687937,0.3864590850102806,PUT,0.3864590850102806,0.3333333333333332,d25,event_option_mh30trail_clean1000_frozen2025_select2026_d25_return_deploy202607_SPXW_v1,0,0.3,2,30,25,0.25,202606,d25,999,0,time_priority,,max_volume_component,SPXW
SPXW,zero_dte,13:30,810,202606,20260612,-0.6,-0.6,-0.3190519677474943,0.4000417721659277,PUT,0.4000417721659277,-0.6,d25,event_option_mh30trail_clean1000_frozen2025_select2026_d25_return_deploy202607_SPXW_v1,0,0.3,2,30,25,0.25,202606,d25,999,0,time_priority,,max_volume_component,SPXW
SPXW,zero_dte,13:45,825,202606,20260612,-0.6,0.2848836306690114,-0.3492467451927642,0.3042806306141966,PUT,0.3042806306141966,0.2848836306690114,d25,event_option_mh30trail_clean1000_frozen2025_select2026_d25_return_deploy202607_SPXW_v1,0,0.3,2,30,25,0.25,202606,d25,999,0,time_priority,,max_volume_component,SPXW
SPXW,zero_dte,10:05,605,202606,20260615,0.2500000518301268,0.3075221313624738,-0.5323941707281,0.5384801481682024,PUT,0.5384801481682024,0.3075221313624738,d25,event_option_mh30trail_clean1000_frozen2025_select2026_d25_return_deploy202607_SPXW_v1,0,0.3,2,30,25,0.25,202606,d25,999,0,time_priority,,max_volume_component,SPXW
SPXW,zero_dte,10:25,625,202606,20260615,0.3722222646077473,-0.6,-0.4065796279432868,0.3077471105842326,PUT,0.3077471105842326,-0.6,d25,event_option_mh30trail_clean1000_frozen2025_select2026_d25_return_deploy202607_SPXW_v1,0,0.3,2,30,25,0.25,202606,d25,999,0,time_priority,,max_volume_component,SPXW
SPXW,zero_dte,11:05,665,202606,20260615,0.6323529164271378,-0.6,-0.6629351786549049,0.4059013654046862,PUT,0.4059013654046862,-0.6,d25,event_option_mh30trail_clean1000_frozen2025_select2026_d25_return_deploy202607_SPXW_v1,0,0.3,2,30,25,0.25,202606,d25,999,0,time_priority,,max_volume_component,SPXW
SPXW,zero_dte,11:10,670,202606,20260615,0.6323529164271378,-0.6,-0.7305745067899128,0.4399877002623124,PUT,0.4399877002623124,-0.6,d25,event_option_mh30trail_clean1000_frozen2025_select2026_d25_return_deploy202607_SPXW_v1,0,0.3,2,30,25,0.25,202606,d25,999,0,time_priority,,max_volume_component,SPXW
SPXW,zero_dte,11:15,675,202606,20260615,0.4772726944327021,-0.6,-0.5673513326047658,0.3084365587943375,PUT,0.3084365587943375,-0.6,d25,event_option_mh30trail_clean1000_frozen2025_select2026_d25_return_deploy202607_SPXW_v1,0,0.3,2,30,25,0.25,202606,d25,999,0,time_priority,,max_volume_component,SPXW
SPXW,zero_dte,11:20,680,202606,20260615,1.1214286259242463,-0.6,-0.5782819398595918,0.3466215237914042,PUT,0.3466215237914042,-0.6,d25,event_option_mh30trail_clean1000_frozen2025_select2026_d25_return_deploy202607_SPXW_v1,0,0.3,2,30,25,0.25,202606,d25,999,0,time_priority,,max_volume_component,SPXW
SPXW,zero_dte,11:25,685,202606,20260615,1.2205880537990108,-0.6,-0.6253038606505432,0.5481894694445345,PUT,0.5481894694445345,-0.6,d25,event_option_mh30trail_clean1000_frozen2025_select2026_d25_return_deploy202607_SPXW_v1,0,0.3,2,30,25,0.25,202606,d25,999,0,time_priority,,max_volume_component,SPXW
SPXW,zero_dte,11:30,690,202606,20260615,1.0714286109622653,-0.6,-0.5600314355722861,0.3214958423729558,PUT,0.3214958423729558,-0.6,d25,event_option_mh30trail_clean1000_frozen2025_select2026_d25_return_deploy202607_SPXW_v1,0,0.3,2,30,25,0.25,202606,d25,999,0,time_priority,,max_volume_component,SPXW
SPXW,zero_dte,11:35,695,202606,20260615,1.897058679158304,-0.6,-0.591941049129558,0.4871433575800543,PUT,0.4871433575800543,-0.6,d25,event_option_mh30trail_clean1000_frozen2025_select2026_d25_return_deploy202607_SPXW_v1,0,0.3,2,30,25,0.25,202606,d25,999,0,time_priority,,max_volume_component,SPXW
SPXW,zero_dte,11:40,700,202606,20260615,1.3538963170211673,-0.6,-0.5729258405123101,0.3627123792080853,PUT,0.3627123792080853,-0.6,d25,event_option_mh30trail_clean1000_frozen2025_select2026_d25_return_deploy202607_SPXW_v1,0,0.3,2,30,25,0.25,202606,d25,999,0,time_priority,,max_volume_component,SPXW
SPXW,zero_dte,10:00,600,202606,20260616,-0.6,1.1319744087832997,-0.6136652793476498,0.5738155702968407,PUT,0.5738155702968407,1.1319744087832997,d25,event_option_mh30trail_clean1000_frozen2025_select2026_d25_return_deploy202607_SPXW_v1,0,0.3,2,30,25,0.25,202606,d25,999,0,time_priority,,max_volume_component,SPXW
SPXW,zero_dte,10:05,605,202606,20260616,-0.6,1.2844826423880926,-0.5961176776008013,0.5670435919860287,PUT,0.5670435919860287,1.2844826423880926,d25,event_option_mh30trail_clean1000_frozen2025_select2026_d25_return_deploy202607_SPXW_v1,0,0.3,2,30,25,0.25,202606,d25,999,0,time_priority,,max_volume_component,SPXW
SPXW,zero_dte,10:15,615,202606,20260616,-0.6,2.2045456647216204,-0.5509305230764037,0.4825681399957039,PUT,0.4825681399957039,2.2045456647216204,d25,event_option_mh30trail_clean1000_frozen2025_select2026_d25_return_deploy202607_SPXW_v1,0,0.3,2,30,25,0.25,202606,d25,999,0,time_priority,,max_volume_component,SPXW
SPXW,zero_dte,10:20,620,202606,20260616,-0.6,1.2205883562908617,-0.6003130832147229,0.5388967796946837,PUT,0.5388967796946837,1.2205883562908617,d25,event_option_mh30trail_clean1000_frozen2025_select2026_d25_return_deploy202607_SPXW_v1,0,0.3,2,30,25,0.25,202606,d25,999,0,time_priority,,max_volume_component,SPXW
SPXW,zero_dte,10:25,625,202606,20260616,-0.6,0.6863635670055042,-0.4636298616360784,0.304809416879469,PUT,0.304809416879469,0.6863635670055042,d25,event_option_mh30trail_clean1000_frozen2025_select2026_d25_return_deploy202607_SPXW_v1,0,0.3,2,30,25,0.25,202606,d25,999,0,time_priority,,max_volume_component,SPXW
SPXW,zero_dte,10:30,630,202606,20260616,0.3499999727521623,-0.6,-0.3674982968484842,0.370571425616274,PUT,0.370571425616274,-0.6,d25,event_option_mh30trail_clean1000_frozen2025_select2026_d25_return_deploy202607_SPXW_v1,0,0.3,2,30,25,0.25,202606,d25,999,0,time_priority,,max_volume_component,SPXW
SPXW,zero_dte,10:35,635,202606,20260616,0.3244681692922133,-0.6,-0.58092286800366,0.3485056249884073,PUT,0.3485056249884073,-0.6,d25,event_option_mh30trail_clean1000_frozen2025_select2026_d25_return_deploy202607_SPXW_v1,0,0.3,2,30,25,0.25,202606,d25,999,0,time_priority,,max_volume_component,SPXW
SPXW,zero_dte,10:40,640,202606,20260616,-0.6,0.4336734366188548,-0.4903130862835387,0.4011133663897138,PUT,0.4011133663897138,0.4336734366188548,d25,event_option_mh30trail_clean1000_frozen2025_select2026_d25_return_deploy202607_SPXW_v1,0,0.3,2,30,25,0.25,202606,d25,999,0,time_priority,,max_volume_component,SPXW
SPXW,zero_dte,10:45,645,202606,20260616,-0.6,-0.6,-0.4121353159150327,0.3442983160110109,PUT,0.3442983160110109,-0.6,d25,event_option_mh30trail_clean1000_frozen2025_select2026_d25_return_deploy202607_SPXW_v1,0,0.3,2,30,25,0.25,202606,d25,999,0,time_priority,,max_volume_component,SPXW
SPXW,zero_dte,10:50,650,202606,20260616,-0.6,0.3010203585134163,-0.633883962666822,0.4234071758422392,PUT,0.4234071758422392,0.3010203585134163,d25,event_option_mh30trail_clean1000_frozen2025_select2026_d25_return_deploy202607_SPXW_v1,0,0.3,2,30,25,0.25,202606,d25,999,0,time_priority,,max_volume_component,SPXW
SPXW,zero_dte,10:55,655,202606,20260616,-0.6,-0.6,-0.4589239607280329,0.3404521984863409,PUT,0.3404521984863409,-0.6,d25,event_option_mh30trail_clean1000_frozen2025_select2026_d25_return_deploy202607_SPXW_v1,0,0.3,2,30,25,0.25,202606,d25,999,0,time_priority,,max_volume_component,SPXW
SPXW,zero_dte,11:05,665,202606,20260616,-0.6,0.3424999713897705,-0.6734813053009387,0.3561388162331927,PUT,0.3561388162331927,0.3424999713897705,d25,event_option_mh30trail_clean1000_frozen2025_select2026_d25_return_deploy202607_SPXW_v1,0,0.3,2,30,25,0.25,202606,d25,999,0,time_priority,,max_volume_component,SPXW
SPXW,zero_dte,11:25,685,202606,20260616,-0.6,0.5723235178374577,-0.5393381353900347,0.3504493000919225,PUT,0.3504493000919225,0.5723235178374577,d25,event_option_mh30trail_clean1000_frozen2025_select2026_d25_return_deploy202607_SPXW_v1,0,0.3,2,30,25,0.25,202606,d25,999,0,time_priority,,max_volume_component,SPXW
SPXW,zero_dte,11:30,690,202606,20260616,0.2954545553065526,0.6178160817167344,-0.5851678629492058,0.3966455584667222,PUT,0.3966455584667222,0.6178160817167344,d25,event_option_mh30trail_clean1000_frozen2025_select2026_d25_return_deploy202607_SPXW_v1,0,0.3,2,30,25,0.25,202606,d25,999,0,time_priority,,max_volume_component,SPXW
SPXW,zero_dte,11:35,695,202606,20260616,-0.6,1.3289474509759631,-0.4730524703036765,0.393856448410148,PUT,0.393856448410148,1.3289474509759631,d25,event_option_mh30trail_clean1000_frozen2025_select2026_d25_return_deploy202607_SPXW_v1,0,0.3,2,30,25,0.25,202606,d25,999,0,time_priority,,max_volume_component,SPXW
SPXW,zero_dte,11:45,705,202606,20260616,1.2227273420854048,-0.6,-0.5963001186461875,0.55375473625327,PUT,0.55375473625327,-0.6,d25,event_option_mh30trail_clean1000_frozen2025_select2026_d25_return_deploy202607_SPXW_v1,0,0.3,2,30,25,0.25,202606,d25,999,0,time_priority,,max_volume_component,SPXW
SPXW,zero_dte,11:50,710,202606,20260616,0.75,-0.6,-0.5090100918928329,0.5142912205817881,PUT,0.5142912205817881,-0.6,d25,event_option_mh30trail_clean1000_frozen2025_select2026_d25_return_deploy202607_SPXW_v1,0,0.3,2,30,25,0.25,202606,d25,999,0,time_priority,,max_volume_component,SPXW
SPXW,zero_dte,11:55,715,202606,20260616,0.2983872059356691,0.3831097390100497,-0.6180808595204186,0.5648332276021183,PUT,0.5648332276021183,0.3831097390100497,d25,event_option_mh30trail_clean1000_frozen2025_select2026_d25_return_deploy202607_SPXW_v1,0,0.3,2,30,25,0.25,202606,d25,999,0,time_priority,,max_volume_component,SPXW
SPXW,zero_dte,12:00,720,202606,20260616,0.2611111534966364,0.3306452406804867,-0.5704253377296613,0.4133801633737543,PUT,0.4133801633737543,0.3306452406804867,d25,event_option_mh30trail_clean1000_frozen2025_select2026_d25_return_deploy202607_SPXW_v1,0,0.3,2,30,25,0.25,202606,d25,999,0,time_priority,,max_volume_component,SPXW
SPXW,zero_dte,12:05,725,202606,20260616,-0.6,0.3863636889076767,-0.7057502379043507,0.4159058397637777,PUT,0.4159058397637777,0.3863636889076767,d25,event_option_mh30trail_clean1000_frozen2025_select2026_d25_return_deploy202607_SPXW_v1,0,0.3,2,30,25,0.25,202606,d25,999,0,time_priority,,max_volume_component,SPXW
SPXW,zero_dte,12:10,730,202606,20260616,-0.6,0.4404762445393628,-0.476294618480835,0.4301634683445772,PUT,0.4301634683445772,0.4404762445393628,d25,event_option_mh30trail_clean1000_frozen2025_select2026_d25_return_deploy202607_SPXW_v1,0,0.3,2,30,25,0.25,202606,d25,999,0,time_priority,,max_volume_component,SPXW
SPXW,zero_dte,12:15,735,202606,20260616,-0.6,0.9015151537044864,-0.6292435784923074,0.4587973336205865,PUT,0.4587973336205865,0.9015151537044864,d25,event_option_mh30trail_clean1000_frozen2025_select2026_d25_return_deploy202607_SPXW_v1,0,0.3,2,30,25,0.25,202606,d25,999,0,time_priority,,max_volume_component,SPXW
SPXW,zero_dte,12:20,740,202606,20260616,-0.6,0.6689188684138883,-0.7069397920394456,0.4221470615750745,PUT,0.4221470615750745,0.6689188684138883,d25,event_option_mh30trail_clean1000_frozen2025_select2026_d25_return_deploy202607_SPXW_v1,0,0.3,2,30,25,0.25,202606,d25,999,0,time_priority,,max_volume_component,SPXW
SPXW,zero_dte,12:25,745,202606,20260616,-0.6,0.6689188684138883,-0.5326729296668999,0.3919427289852111,PUT,0.3919427289852111,0.6689188684138883,d25,event_option_mh30trail_clean1000_frozen2025_select2026_d25_return_deploy202607_SPXW_v1,0,0.3,2,30,25,0.25,202606,d25,999,0,time_priority,,max_volume_component,SPXW
SPXW,zero_dte,12:30,750,202606,20260616,-0.6,0.2934782721369842,-0.5136127879865472,0.3393906275298459,PUT,0.3393906275298459,0.2934782721369842,d25,event_option_mh30trail_clean1000_frozen2025_select2026_d25_return_deploy202607_SPXW_v1,0,0.3,2,30,25,0.25,202606,d25,999,0,time_priority,,max_volume_component,SPXW
SPXW,zero_dte,12:45,765,202606,20260616,-0.6,0.3175675989155175,-0.4022431232486226,0.3569172567376798,PUT,0.3569172567376798,0.3175675989155175,d25,event_option_mh30trail_clean1000_frozen2025_select2026_d25_return_deploy202607_SPXW_v1,0,0.3,2,30,25,0.25,202606,d25,999,0,time_priority,,max_volume_component,SPXW
SPXW,zero_dte,12:50,770,202606,20260616,-0.6,0.4521277286500211,-0.4577523861886154,0.3522218666237559,PUT,0.3522218666237559,0.4521277286500211,d25,event_option_mh30trail_clean1000_frozen2025_select2026_d25_return_deploy202607_SPXW_v1,0,0.3,2,30,25,0.25,202606,d25,999,0,time_priority,,max_volume_component,SPXW
SPXW,zero_dte,12:55,775,202606,20260616,-0.6,0.3152173973136376,-0.3772686216574987,0.3894677302831617,PUT,0.3894677302831617,0.3152173973136376,d25,event_option_mh30trail_clean1000_frozen2025_select2026_d25_return_deploy202607_SPXW_v1,0,0.3,2,30,25,0.25,202606,d25,999,0,time_priority,,max_volume_component,SPXW
SPXW,zero_dte,13:00,780,202606,20260616,-0.6,0.3452381222696814,-0.441014204110436,0.3107154046436687,PUT,0.3107154046436687,0.3452381222696814,d25,event_option_mh30trail_clean1000_frozen2025_select2026_d25_return_deploy202607_SPXW_v1,0,0.3,2,30,25,0.25,202606,d25,999,0,time_priority,,max_volume_component,SPXW
SPXW,zero_dte,10:00,600,202606,20260617,0.3524096247107811,0.702808978169001,-0.2457083112198081,0.3008819895162012,PUT,0.3008819895162012,0.702808978169001,d25,event_option_mh30trail_clean1000_frozen2025_select2026_d25_return_deploy202607_SPXW_v1,0,0.3,2,30,25,0.25,202606,d25,999,0,time_priority,,max_volume_component,SPXW
SPXW,zero_dte,10:05,605,202606,20260617,0.3697183316152643,0.7095959965713963,-0.2731464295374182,0.317455552082678,PUT,0.317455552082678,0.7095959965713963,d25,event_option_mh30trail_clean1000_frozen2025_select2026_d25_return_deploy202607_SPXW_v1,0,0.3,2,30,25,0.25,202606,d25,999,0,time_priority,,max_volume_component,SPXW
SPXW,zero_dte,10:15,615,202606,20260617,-0.5512820622546353,0.5357143668090443,-0.2816992425640146,0.5309779756979657,PUT,0.5309779756979657,0.5357143668090443,d25,event_option_mh30trail_clean1000_frozen2025_select2026_d25_return_deploy202607_SPXW_v1,0,0.3,2,30,25,0.25,202606,d25,999,0,time_priority,,max_volume_component,SPXW
SPXW,zero_dte,10:20,620,202606,20260617,-0.6,1.3645832691755584,-0.5208715699134204,0.4992143660365328,PUT,0.4992143660365328,1.3645832691755584,d25,event_option_mh30trail_clean1000_frozen2025_select2026_d25_return_deploy202607_SPXW_v1,0,0.3,2,30,25,0.25,202606,d25,999,0,time_priority,,max_volume_component,SPXW
SPXW,zero_dte,10:25,625,202606,20260617,-0.6,1.665766666591142,-0.5195899743020636,0.6184561703862338,PUT,0.6184561703862338,1.665766666591142,d25,event_option_mh30trail_clean1000_frozen2025_select2026_d25_return_deploy202607_SPXW_v1,0,0.3,2,30,25,0.25,202606,d25,999,0,time_priority,,max_volume_component,SPXW
SPXW,zero_dte,10:30,630,202606,20260617,-0.5151515009208376,1.392105303312603,-0.6329049488425502,0.5597860511636713,PUT,0.5597860511636713,1.392105303312603,d25,event_option_mh30trail_clean1000_frozen2025_select2026_d25_return_deploy202607_SPXW_v1,0,0.3,2,30,25,0.25,202606,d25,999,0,time_priority,,max_volume_component,SPXW
SPXW,zero_dte,10:35,635,202606,20260617,-0.4333333333333333,1.0272276367630293,-0.3075998073105441,0.4074902448725562,PUT,0.4074902448725562,1.0272276367630293,d25,event_option_mh30trail_clean1000_frozen2025_select2026_d25_return_deploy202607_SPXW_v1,0,0.3,2,30,25,0.25,202606,d25,999,0,time_priority,,max_volume_component,SPXW
SPXW,zero_dte,10:40,640,202606,20260617,-0.1830985537125836,0.5630841088176284,-0.4341731974376194,0.4584091268452407,PUT,0.4584091268452407,0.5630841088176284,d25,event_option_mh30trail_clean1000_frozen2025_select2026_d25_return_deploy202607_SPXW_v1,0,0.3,2,30,25,0.25,202606,d25,999,0,time_priority,,max_volume_component,SPXW
SPXW,zero_dte,10:45,645,202606,20260617,-0.292682887116476,0.8818680005810076,-0.1752381131104387,0.4711993068546919,PUT,0.4711993068546919,0.8818680005810076,d25,event_option_mh30trail_clean1000_frozen2025_select2026_d25_return_deploy202607_SPXW_v1,0,0.3,2,30,25,0.25,202606,d25,999,0,time_priority,,max_volume_component,SPXW
SPXW,zero_dte,10:55,655,202606,20260617,0.0681818625158521,-0.3457943808616991,-0.1892189321538405,0.402422387424464,PUT,0.402422387424464,-0.3457943808616991,d25,event_option_mh30trail_clean1000_frozen2025_select2026_d25_return_deploy202607_SPXW_v1,0,0.3,2,30,25,0.25,202606,d25,999,0,time_priority,,max_volume_component,SPXW
SPXW,zero_dte,10:00,600,202606,20260618,-0.6,-0.6,-0.6517935086391502,0.6711448614217974,PUT,0.6711448614217974,-0.6,d25,event_option_mh30trail_clean1000_frozen2025_select2026_d25_return_deploy202607_SPXW_v1,0,0.3,2,30,25,0.25,202606,d25,999,0,time_priority,,max_volume_component,SPXW
SPXW,zero_dte,10:05,605,202606,20260618,0.3735293606160847,-0.6,-0.5485028859962566,0.5052012728983958,PUT,0.5052012728983958,-0.6,d25,event_option_mh30trail_clean1000_frozen2025_select2026_d25_return_deploy202607_SPXW_v1,0,0.3,2,30,25,0.25,202606,d25,999,0,time_priority,,max_volume_component,SPXW
SPXW,zero_dte,10:10,610,202606,20260618,0.3017240869020894,-0.6,-0.5598257021723948,0.5833375188817443,PUT,0.5833375188817443,-0.6,d25,event_option_mh30trail_clean1000_frozen2025_select2026_d25_return_deploy202607_SPXW_v1,0,0.3,2,30,25,0.25,202606,d25,999,0,time_priority,,max_volume_component,SPXW
SPXW,zero_dte,10:15,615,202606,20260618,0.8437499091960503,-0.6,-0.424792881369442,0.4396287347421352,PUT,0.4396287347421352,-0.6,d25,event_option_mh30trail_clean1000_frozen2025_select2026_d25_return_deploy202607_SPXW_v1,0,0.3,2,30,25,0.25,202606,d25,999,0,time_priority,,max_volume_component,SPXW
SPXW,zero_dte,10:25,625,202606,20260618,-0.6,0.7352940619610602,-0.6954988808501978,0.3587514263000123,PUT,0.3587514263000123,0.7352940619610602,d25,event_option_mh30trail_clean1000_frozen2025_select2026_d25_return_deploy202607_SPXW_v1,0,0.3,2,30,25,0.25,202606,d25,999,0,time_priority,,max_volume_component,SPXW
SPXW,zero_dte,10:30,630,202606,20260618,0.7321429590181445,-0.6,-0.3101617697257254,0.4876434302264114,PUT,0.4876434302264114,-0.6,d25,event_option_mh30trail_clean1000_frozen2025_select2026_d25_return_deploy202607_SPXW_v1,0,0.3,2,30,25,0.25,202606,d25,999,0,time_priority,,max_volume_component,SPXW
SPXW,zero_dte,10:50,650,202606,20260618,-0.6,0.595070501046389,-0.1919397272241193,0.3114655163101151,PUT,0.3114655163101151,0.595070501046389,d25,event_option_mh30trail_clean1000_frozen2025_select2026_d25_return_deploy202607_SPXW_v1,0,0.3,2,30,25,0.25,202606,d25,999,0,time_priority,,max_volume_component,SPXW
SPXW,zero_dte,10:55,655,202606,20260618,-0.6,0.6810343863706132,-0.5639830484489846,0.325973939859454,PUT,0.325973939859454,0.6810343863706132,d25,event_option_mh30trail_clean1000_frozen2025_select2026_d25_return_deploy202607_SPXW_v1,0,0.3,2,30,25,0.25,202606,d25,999,0,time_priority,,max_volume_component,SPXW
SPXW,zero_dte,11:00,660,202606,20260618,-0.6,0.2651515370448651,-0.6349441216027634,0.3969004575151423,PUT,0.3969004575151423,0.2651515370448651,d25,event_option_mh30trail_clean1000_frozen2025_select2026_d25_return_deploy202607_SPXW_v1,0,0.3,2,30,25,0.25,202606,d25,999,0,time_priority,,max_volume_component,SPXW
SPXW,zero_dte,11:35,695,202606,20260618,0.3683574940432785,-0.6,-0.3756613404797241,0.367060853079011,PUT,0.367060853079011,-0.6,d25,event_option_mh30trail_clean1000_frozen2025_select2026_d25_return_deploy202607_SPXW_v1,0,0.3,2,30,25,0.25,202606,d25,999,0,time_priority,,max_volume_component,SPXW
SPXW,zero_dte,10:05,605,202606,20260622,-0.6,4.728182012384588,-0.5614714861537218,0.383832631566135,PUT,0.383832631566135,4.728182012384588,d25,event_option_mh30trail_clean1000_frozen2025_select2026_d25_return_deploy202607_SPXW_v1,0,0.3,2,30,25,0.25,202606,d25,999,0,time_priority,,max_volume_component,SPXW
SPXW,zero_dte,10:10,610,202606,20260622,-0.6,5.0,-0.5565842331337946,0.4542905449172707,PUT,0.4542905449172707,5.0,d25,event_option_mh30trail_clean1000_frozen2025_select2026_d25_return_deploy202607_SPXW_v1,0,0.3,2,30,25,0.25,202606,d25,999,0,time_priority,,max_volume_component,SPXW
SPXW,zero_dte,10:15,615,202606,20260622,-0.6,4.677272449840199,-0.492252645173831,0.3503177177562072,PUT,0.3503177177562072,4.677272449840199,d25,event_option_mh30trail_clean1000_frozen2025_select2026_d25_return_deploy202607_SPXW_v1,0,0.3,2,30,25,0.25,202606,d25,999,0,time_priority,,max_volume_component,SPXW
SPXW,zero_dte,10:45,645,202606,20260622,-0.6,0.5696722221323267,-0.4511200845412099,0.404062038762751,PUT,0.404062038762751,0.5696722221323267,d25,event_option_mh30trail_clean1000_frozen2025_select2026_d25_return_deploy202607_SPXW_v1,0,0.3,2,30,25,0.25,202606,d25,999,0,time_priority,,max_volume_component,SPXW
SPXW,zero_dte,10:55,655,202606,20260622,0.5092592281896233,-0.6,-0.4416813734356124,0.3466364612448895,PUT,0.3466364612448895,-0.6,d25,event_option_mh30trail_clean1000_frozen2025_select2026_d25_return_deploy202607_SPXW_v1,0,0.3,2,30,25,0.25,202606,d25,999,0,time_priority,,max_volume_component,SPXW
SPXW,zero_dte,11:00,660,202606,20260622,-0.6,-0.6,-0.4754475281360762,0.4652492198976101,PUT,0.4652492198976101,-0.6,d25,event_option_mh30trail_clean1000_frozen2025_select2026_d25_return_deploy202607_SPXW_v1,0,0.3,2,30,25,0.25,202606,d25,999,0,time_priority,,max_volume_component,SPXW
SPXW,zero_dte,11:10,670,202606,20260622,0.6499999999999999,-0.6,-0.4271843591918974,0.3913439703966932,PUT,0.3913439703966932,-0.6,d25,event_option_mh30trail_clean1000_frozen2025_select2026_d25_return_deploy202607_SPXW_v1,0,0.3,2,30,25,0.25,202606,d25,999,0,time_priority,,max_volume_component,SPXW
SPXW,zero_dte,11:15,675,202606,20260622,0.6237671949401467,-0.6,-0.527941456678268,0.3859308889512001,PUT,0.3859308889512001,-0.6,d25,event_option_mh30trail_clean1000_frozen2025_select2026_d25_return_deploy202607_SPXW_v1,0,0.3,2,30,25,0.25,202606,d25,999,0,time_priority,,max_volume_component,SPXW
SPXW,zero_dte,11:20,680,202606,20260622,0.8877777523464627,-0.6,-0.472046452892199,0.3290190239244084,PUT,0.3290190239244084,-0.6,d25,event_option_mh30trail_clean1000_frozen2025_select2026_d25_return_deploy202607_SPXW_v1,0,0.3,2,30,25,0.25,202606,d25,999,0,time_priority,,max_volume_component,SPXW
SPXW,zero_dte,11:25,685,202606,20260622,0.4757683588223271,-0.6,-0.2736619905026431,0.3279942046207054,PUT,0.3279942046207054,-0.6,d25,event_option_mh30trail_clean1000_frozen2025_select2026_d25_return_deploy202607_SPXW_v1,0,0.3,2,30,25,0.25,202606,d25,999,0,time_priority,,max_volume_component,SPXW
SPXW,zero_dte,11:30,690,202606,20260622,0.8877777523464627,-0.6,-0.5427462389698764,0.3717873842636571,PUT,0.3717873842636571,-0.6,d25,event_option_mh30trail_clean1000_frozen2025_select2026_d25_return_deploy202607_SPXW_v1,0,0.3,2,30,25,0.25,202606,d25,999,0,time_priority,,max_volume_component,SPXW
SPXW,zero_dte,11:35,695,202606,20260622,0.4990908882834695,-0.6,-0.3162847260277375,0.370475455187179,PUT,0.370475455187179,-0.6,d25,event_option_mh30trail_clean1000_frozen2025_select2026_d25_return_deploy202607_SPXW_v1,0,0.3,2,30,25,0.25,202606,d25,999,0,time_priority,,max_volume_component,SPXW
SPXW,zero_dte,11:45,705,202606,20260622,-0.6,1.8611110587833049,-0.2790718076815085,0.3276303681831919,PUT,0.3276303681831919,1.8611110587833049,d25,event_option_mh30trail_clean1000_frozen2025_select2026_d25_return_deploy202607_SPXW_v1,0,0.3,2,30,25,0.25,202606,d25,999,0,time_priority,,max_volume_component,SPXW
SPXW,zero_dte,11:50,710,202606,20260622,-0.6,0.3244681692922133,-0.5552719376378136,0.3512606403728818,PUT,0.3512606403728818,0.3244681692922133,d25,event_option_mh30trail_clean1000_frozen2025_select2026_d25_return_deploy202607_SPXW_v1,0,0.3,2,30,25,0.25,202606,d25,999,0,time_priority,,max_volume_component,SPXW
SPXW,zero_dte,11:55,715,202606,20260622,-0.6,0.4709301784014068,-0.4716839193941438,0.3726791452238142,PUT,0.3726791452238142,0.4709301784014068,d25,event_option_mh30trail_clean1000_frozen2025_select2026_d25_return_deploy202607_SPXW_v1,0,0.3,2,30,25,0.25,202606,d25,999,0,time_priority,,max_volume_component,SPXW
SPXW,zero_dte,12:00,720,202606,20260622,-0.6,0.3586957062575238,-0.4106863566526829,0.4417445486517757,PUT,0.4417445486517757,0.3586957062575238,d25,event_option_mh30trail_clean1000_frozen2025_select2026_d25_return_deploy202607_SPXW_v1,0,0.3,2,30,25,0.25,202606,d25,999,0,time_priority,,max_volume_component,SPXW
SPXW,zero_dte,12:15,735,202606,20260622,-0.6,-0.6,-0.3919066957191008,0.4003374517759296,PUT,0.4003374517759296,-0.6,d25,event_option_mh30trail_clean1000_frozen2025_select2026_d25_return_deploy202607_SPXW_v1,0,0.3,2,30,25,0.25,202606,d25,999,0,time_priority,,max_volume_component,SPXW
SPXW,zero_dte,12:20,740,202606,20260622,-0.6,0.4329268916741089,-0.4287380174894951,0.3867168404013293,PUT,0.3867168404013293,0.4329268916741089,d25,event_option_mh30trail_clean1000_frozen2025_select2026_d25_return_deploy202607_SPXW_v1,0,0.3,2,30,25,0.25,202606,d25,999,0,time_priority,,max_volume_component,SPXW
SPXW,zero_dte,12:30,750,202606,20260622,-0.6,-0.6,-0.3349729064181231,0.3075069449934456,PUT,0.3075069449934456,-0.6,d25,event_option_mh30trail_clean1000_frozen2025_select2026_d25_return_deploy202607_SPXW_v1,0,0.3,2,30,25,0.25,202606,d25,999,0,time_priority,,max_volume_component,SPXW
SPXW,zero_dte,12:40,760,202606,20260622,0.7857142522626988,-0.6,-0.2717477170473432,0.3222149828198951,PUT,0.3222149828198951,-0.6,d25,event_option_mh30trail_clean1000_frozen2025_select2026_d25_return_deploy202607_SPXW_v1,0,0.3,2,30,25,0.25,202606,d25,999,0,time_priority,,max_volume_component,SPXW
SPXW,zero_dte,10:10,610,202606,20260623,-0.6,0.4475903408190638,-0.5081839022290955,0.4457081797523126,PUT,0.4457081797523126,0.4475903408190638,d25,event_option_mh30trail_clean1000_frozen2025_select2026_d25_return_deploy202607_SPXW_v1,0,0.3,2,30,25,0.25,202606,d25,999,0,time_priority,,max_volume_component,SPXW
SPXW,zero_dte,10:15,615,202606,20260623,-0.6,0.6162788982711216,-0.3503733103809407,0.3404751642759031,PUT,0.3404751642759031,0.6162788982711216,d25,event_option_mh30trail_clean1000_frozen2025_select2026_d25_return_deploy202607_SPXW_v1,0,0.3,2,30,25,0.25,202606,d25,999,0,time_priority,,max_volume_component,SPXW
SPXW,zero_dte,10:25,625,202606,20260623,-0.6,0.2808640783397496,-0.402461505873612,0.5168089270190146,PUT,0.5168089270190146,0.2808640783397496,d25,event_option_mh30trail_clean1000_frozen2025_select2026_d25_return_deploy202607_SPXW_v1,0,0.3,2,30,25,0.25,202606,d25,999,0,time_priority,,max_volume_component,SPXW
SPXW,zero_dte,10:30,630,202606,20260623,-0.6,0.2957830878158227,-0.529838493795423,0.5088577132679815,PUT,0.5088577132679815,0.2957830878158227,d25,event_option_mh30trail_clean1000_frozen2025_select2026_d25_return_deploy202607_SPXW_v1,0,0.3,2,30,25,0.25,202606,d25,999,0,time_priority,,max_volume_component,SPXW
SPXW,zero_dte,10:15,615,202606,20260624,0.9446901609253646,-0.6,-0.5604905716709204,0.529109576905995,PUT,0.529109576905995,-0.6,d25,event_option_mh30trail_clean1000_frozen2025_select2026_d25_return_deploy202607_SPXW_v1,0,0.3,2,30,25,0.25,202606,d25,999,0,time_priority,,max_volume_component,SPXW
SPXW,zero_dte,10:20,620,202606,20260624,2.122881236757161,-0.6,-0.3722460937866462,0.4526609439212461,PUT,0.4526609439212461,-0.6,d25,event_option_mh30trail_clean1000_frozen2025_select2026_d25_return_deploy202607_SPXW_v1,0,0.3,2,30,25,0.25,202606,d25,999,0,time_priority,,max_volume_component,SPXW
SPXW,zero_dte,10:25,625,202606,20260624,1.0564517146218737,-0.6,-0.4927175513791947,0.3588716589013409,PUT,0.3588716589013409,-0.6,d25,event_option_mh30trail_clean1000_frozen2025_select2026_d25_return_deploy202607_SPXW_v1,0,0.3,2,30,25,0.25,202606,d25,999,0,time_priority,,max_volume_component,SPXW
SPXW,zero_dte,10:30,630,202606,20260624,1.0966667175292968,-0.6,-0.4414035188399795,0.4334088448743111,PUT,0.4334088448743111,-0.6,d25,event_option_mh30trail_clean1000_frozen2025_select2026_d25_return_deploy202607_SPXW_v1,0,0.3,2,30,25,0.25,202606,d25,999,0,time_priority,,max_volume_component,SPXW
SPXW,zero_dte,10:35,635,202606,20260624,1.7307693401031985,-0.6,-0.4605746759984918,0.4195759197992351,PUT,0.4195759197992351,-0.6,d25,event_option_mh30trail_clean1000_frozen2025_select2026_d25_return_deploy202607_SPXW_v1,0,0.3,2,30,25,0.25,202606,d25,999,0,time_priority,,max_volume_component,SPXW
SPXW,zero_dte,10:40,640,202606,20260624,1.6447368784294238,-0.6,-0.5008239359727353,0.5201001436194997,PUT,0.5201001436194997,-0.6,d25,event_option_mh30trail_clean1000_frozen2025_select2026_d25_return_deploy202607_SPXW_v1,0,0.3,2,30,25,0.25,202606,d25,999,0,time_priority,,max_volume_component,SPXW
SPXW,zero_dte,10:50,650,202606,20260624,0.3531746151886406,-0.6,-0.6584767717543534,0.4257962203155386,PUT,0.4257962203155386,-0.6,d25,event_option_mh30trail_clean1000_frozen2025_select2026_d25_return_deploy202607_SPXW_v1,0,0.3,2,30,25,0.25,202606,d25,999,0,time_priority,,max_volume_component,SPXW
SPXW,zero_dte,11:05,665,202606,20260624,-0.6,0.4351852260662852,-0.3856192841396741,0.3727076335862725,PUT,0.3727076335862725,0.4351852260662852,d25,event_option_mh30trail_clean1000_frozen2025_select2026_d25_return_deploy202607_SPXW_v1,0,0.3,2,30,25,0.25,202606,d25,999,0,time_priority,,max_volume_component,SPXW
SPXW,zero_dte,11:10,670,202606,20260624,0.4858489581468346,0.3547297090487904,-0.543339973910854,0.3936201181973937,PUT,0.3936201181973937,0.3547297090487904,d25,event_option_mh30trail_clean1000_frozen2025_select2026_d25_return_deploy202607_SPXW_v1,0,0.3,2,30,25,0.25,202606,d25,999,0,time_priority,,max_volume_component,SPXW
SPXW,zero_dte,11:15,675,202606,20260624,0.4858489581468346,0.3879309806188722,-0.5235473671468927,0.4638713453260731,PUT,0.4638713453260731,0.3879309806188722,d25,event_option_mh30trail_clean1000_frozen2025_select2026_d25_return_deploy202607_SPXW_v1,0,0.3,2,30,25,0.25,202606,d25,999,0,time_priority,,max_volume_component,SPXW
SPXW,zero_dte,11:20,680,202606,20260624,-0.6,0.3726415230142297,-0.4242513442636419,0.3562482521284784,PUT,0.3562482521284784,0.3726415230142297,d25,event_option_mh30trail_clean1000_frozen2025_select2026_d25_return_deploy202607_SPXW_v1,0,0.3,2,30,25,0.25,202606,d25,999,0,time_priority,,max_volume_component,SPXW
SPXW,zero_dte,11:25,685,202606,20260624,0.8895347444607604,0.4115384908822865,-0.4967743300511769,0.3478276404540074,PUT,0.3478276404540074,0.4115384908822865,d25,event_option_mh30trail_clean1000_frozen2025_select2026_d25_return_deploy202607_SPXW_v1,0,0.3,2,30,25,0.25,202606,d25,999,0,time_priority,,max_volume_component,SPXW
SPXW,zero_dte,11:30,690,202606,20260624,-0.6,0.9891305226684765,-0.4428109241357563,0.3347993973570889,PUT,0.3347993973570889,0.9891305226684765,d25,event_option_mh30trail_clean1000_frozen2025_select2026_d25_return_deploy202607_SPXW_v1,0,0.3,2,30,25,0.25,202606,d25,999,0,time_priority,,max_volume_component,SPXW
SPXW,zero_dte,11:35,695,202606,20260624,-0.6,0.8630221176278723,-0.5087435139755587,0.3192710817120106,PUT,0.3192710817120106,0.8630221176278723,d25,event_option_mh30trail_clean1000_frozen2025_select2026_d25_return_deploy202607_SPXW_v1,0,0.3,2,30,25,0.25,202606,d25,999,0,time_priority,,max_volume_component,SPXW
SPXW,zero_dte,11:45,705,202606,20260624,0.3716216007229882,0.2579364622831659,-0.3953770035626132,0.3176710505028123,PUT,0.3176710505028123,0.2579364622831659,d25,event_option_mh30trail_clean1000_frozen2025_select2026_d25_return_deploy202607_SPXW_v1,0,0.3,2,30,25,0.25,202606,d25,999,0,time_priority,,max_volume_component,SPXW
SPXW,zero_dte,10:15,615,202606,20260626,0.3346154139592097,-0.6,-0.6142643925759598,0.6674872152018375,PUT,0.6674872152018375,-0.6,d25,event_option_mh30trail_clean1000_frozen2025_select2026_d25_return_deploy202607_SPXW_v1,0,0.3,2,30,25,0.25,202606,d25,999,0,time_priority,,max_volume_component,SPXW
SPXW,zero_dte,10:20,620,202606,20260626,-0.6,0.5120689536104874,-0.7435958643411104,0.4902324293922734,PUT,0.4902324293922734,0.5120689536104874,d25,event_option_mh30trail_clean1000_frozen2025_select2026_d25_return_deploy202607_SPXW_v1,0,0.3,2,30,25,0.25,202606,d25,999,0,time_priority,,max_volume_component,SPXW
SPXW,zero_dte,10:25,625,202606,20260626,-0.6,0.5410447780507388,-0.6754598604854531,0.4325645196179255,PUT,0.4325645196179255,0.5410447780507388,d25,event_option_mh30trail_clean1000_frozen2025_select2026_d25_return_deploy202607_SPXW_v1,0,0.3,2,30,25,0.25,202606,d25,999,0,time_priority,,max_volume_component,SPXW
SPXW,zero_dte,10:30,630,202606,20260626,-0.6,0.5194369627032807,-0.674897852385632,0.471934440091263,PUT,0.471934440091263,0.5194369627032807,d25,event_option_mh30trail_clean1000_frozen2025_select2026_d25_return_deploy202607_SPXW_v1,0,0.3,2,30,25,0.25,202606,d25,999,0,time_priority,,max_volume_component,SPXW
SPXW,zero_dte,10:35,635,202606,20260626,-0.6,0.3029411540311926,-0.5407196039478549,0.5865525135437527,PUT,0.5865525135437527,0.3029411540311926,d25,event_option_mh30trail_clean1000_frozen2025_select2026_d25_return_deploy202607_SPXW_v1,0,0.3,2,30,25,0.25,202606,d25,999,0,time_priority,,max_volume_component,SPXW
SPXW,zero_dte,10:50,650,202606,20260626,0.935074740312341,-0.6,-0.3950135646879816,0.620801084068349,PUT,0.620801084068349,-0.6,d25,event_option_mh30trail_clean1000_frozen2025_select2026_d25_return_deploy202607_SPXW_v1,0,0.3,2,30,25,0.25,202606,d25,999,0,time_priority,,max_volume_component,SPXW
SPXW,zero_dte,11:00,660,202606,20260626,1.1746575754072222,-0.6,-0.3309845355037359,0.4800698533935693,PUT,0.4800698533935693,-0.6,d25,event_option_mh30trail_clean1000_frozen2025_select2026_d25_return_deploy202607_SPXW_v1,0,0.3,2,30,25,0.25,202606,d25,999,0,time_priority,,max_volume_component,SPXW
SPXW,zero_dte,11:20,680,202606,20260626,2.835106711087601,-0.6,-0.3647498331293569,0.5739008796200674,PUT,0.5739008796200674,-0.6,d25,event_option_mh30trail_clean1000_frozen2025_select2026_d25_return_deploy202607_SPXW_v1,0,0.3,2,30,25,0.25,202606,d25,999,0,time_priority,,max_volume_component,SPXW
SPXW,zero_dte,11:35,695,202606,20260626,0.7884615384615383,0.5424527656824087,-0.541726014681255,0.7009316639856278,PUT,0.7009316639856278,0.5424527656824087,d25,event_option_mh30trail_clean1000_frozen2025_select2026_d25_return_deploy202607_SPXW_v1,0,0.3,2,30,25,0.25,202606,d25,999,0,time_priority,,max_volume_component,SPXW
SPXW,zero_dte,11:45,705,202606,20260626,-0.6,1.0096155286305573,-0.5680734977385232,0.3884239462318797,PUT,0.3884239462318797,1.0096155286305573,d25,event_option_mh30trail_clean1000_frozen2025_select2026_d25_return_deploy202607_SPXW_v1,0,0.3,2,30,25,0.25,202606,d25,999,0,time_priority,,max_volume_component,SPXW
SPXW,zero_dte,11:50,710,202606,20260626,-0.6,1.0693914977944017,-0.4535412372358395,0.4622622948798446,PUT,0.4622622948798446,1.0693914977944017,d25,event_option_mh30trail_clean1000_frozen2025_select2026_d25_return_deploy202607_SPXW_v1,0,0.3,2,30,25,0.25,202606,d25,999,0,time_priority,,max_volume_component,SPXW
SPXW,zero_dte,11:55,715,202606,20260626,-0.6,1.1299999237060545,-0.5757638678987496,0.4739341415936766,PUT,0.4739341415936766,1.1299999237060545,d25,event_option_mh30trail_clean1000_frozen2025_select2026_d25_return_deploy202607_SPXW_v1,0,0.3,2,30,25,0.25,202606,d25,999,0,time_priority,,max_volume_component,SPXW
SPXW,zero_dte,12:00,720,202606,20260626,-0.6,1.2785480767749815,-0.3353406511338005,0.3721937064430768,PUT,0.3721937064430768,1.2785480767749815,d25,event_option_mh30trail_clean1000_frozen2025_select2026_d25_return_deploy202607_SPXW_v1,0,0.3,2,30,25,0.25,202606,d25,999,0,time_priority,,max_volume_component,SPXW
SPXW,zero_dte,12:05,725,202606,20260626,-0.6,1.1456724115350965,-0.2787924121629751,0.5330546737749996,PUT,0.5330546737749996,1.1456724115350965,d25,event_option_mh30trail_clean1000_frozen2025_select2026_d25_return_deploy202607_SPXW_v1,0,0.3,2,30,25,0.25,202606,d25,999,0,time_priority,,max_volume_component,SPXW
SPXW,zero_dte,12:10,730,202606,20260626,-0.6,0.6693548362287347,-0.1141882975626703,0.472146419468559,PUT,0.472146419468559,0.6693548362287347,d25,event_option_mh30trail_clean1000_frozen2025_select2026_d25_return_deploy202607_SPXW_v1,0,0.3,2,30,25,0.25,202606,d25,999,0,time_priority,,max_volume_component,SPXW
SPXW,zero_dte,12:15,735,202606,20260626,0.3035714209687952,0.6388888202086409,-0.0872521719115782,0.4563531193194644,PUT,0.4563531193194644,0.6388888202086409,d25,event_option_mh30trail_clean1000_frozen2025_select2026_d25_return_deploy202607_SPXW_v1,0,0.3,2,30,25,0.25,202606,d25,999,0,time_priority,,max_volume_component,SPXW
SPXW,zero_dte,12:20,740,202606,20260626,0.272727196374217,-0.6,-0.3556489216705574,0.5461154867416071,PUT,0.5461154867416071,-0.6,d25,event_option_mh30trail_clean1000_frozen2025_select2026_d25_return_deploy202607_SPXW_v1,0,0.3,2,30,25,0.25,202606,d25,999,0,time_priority,,max_volume_component,SPXW
SPXW,zero_dte,12:30,750,202606,20260626,0.4057377933398667,-0.6,-0.2967984724203537,0.3675257264049208,PUT,0.3675257264049208,-0.6,d25,event_option_mh30trail_clean1000_frozen2025_select2026_d25_return_deploy202607_SPXW_v1,0,0.3,2,30,25,0.25,202606,d25,999,0,time_priority,,max_volume_component,SPXW
SPXW,zero_dte,12:35,755,202606,20260626,-0.6,-0.6,-0.4050921692323227,0.3541254289443784,PUT,0.3541254289443784,-0.6,d25,event_option_mh30trail_clean1000_frozen2025_select2026_d25_return_deploy202607_SPXW_v1,0,0.3,2,30,25,0.25,202606,d25,999,0,time_priority,,max_volume_component,SPXW
SPXW,zero_dte,12:40,760,202606,20260626,0.3999999761581421,-0.6,-0.232990485723642,0.4121505124436136,PUT,0.4121505124436136,-0.6,d25,event_option_mh30trail_clean1000_frozen2025_select2026_d25_return_deploy202607_SPXW_v1,0,0.3,2,30,25,0.25,202606,d25,999,0,time_priority,,max_volume_component,SPXW
SPXW,zero_dte,12:45,765,202606,20260626,0.6938444443940945,-0.6,-0.3172656995133383,0.4591129589747976,PUT,0.4591129589747976,-0.6,d25,event_option_mh30trail_clean1000_frozen2025_select2026_d25_return_deploy202607_SPXW_v1,0,0.3,2,30,25,0.25,202606,d25,999,0,time_priority,,max_volume_component,SPXW
SPXW,zero_dte,12:50,770,202606,20260626,0.4481131464359662,0.403846287868437,-0.4680680658646477,0.5703127064992336,PUT,0.5703127064992336,0.403846287868437,d25,event_option_mh30trail_clean1000_frozen2025_select2026_d25_return_deploy202607_SPXW_v1,0,0.3,2,30,25,0.25,202606,d25,999,0,time_priority,,max_volume_component,SPXW
SPXW,zero_dte,12:55,775,202606,20260626,0.6970587352567916,0.3726415230142297,-0.3414680682752556,0.4841772859865101,PUT,0.4841772859865101,0.3726415230142297,d25,event_option_mh30trail_clean1000_frozen2025_select2026_d25_return_deploy202607_SPXW_v1,0,0.3,2,30,25,0.25,202606,d25,999,0,time_priority,,max_volume_component,SPXW
SPXW,zero_dte,13:20,800,202606,20260626,0.6196883734064538,0.2954545553065526,-0.1737773055884043,0.3670512791987826,PUT,0.3670512791987826,0.2954545553065526,d25,event_option_mh30trail_clean1000_frozen2025_select2026_d25_return_deploy202607_SPXW_v1,0,0.3,2,30,25,0.25,202606,d25,999,0,time_priority,,max_volume_component,SPXW
SPXW,zero_dte,13:25,805,202606,20260626,1.0320511284351075,-0.6,-0.1444203063302529,0.3109856902579523,PUT,0.3109856902579523,-0.6,d25,event_option_mh30trail_clean1000_frozen2025_select2026_d25_return_deploy202607_SPXW_v1,0,0.3,2,30,25,0.25,202606,d25,999,0,time_priority,,max_volume_component,SPXW
SPXW,zero_dte,10:15,615,202606,20260629,1.3540405737381973,-0.6,-0.4415891737690035,0.4211407767314141,PUT,0.4211407767314141,-0.6,d25,event_option_mh30trail_clean1000_frozen2025_select2026_d25_return_deploy202607_SPXW_v1,0,0.3,2,30,25,0.25,202606,d25,999,0,time_priority,,max_volume_component,SPXW
SPXW,zero_dte,10:30,630,202606,20260630,0.3269230980844899,0.8763158697831002,-0.5052801386250139,0.34381539029373,PUT,0.34381539029373,0.8763158697831002,d25,event_option_mh30trail_clean1000_frozen2025_select2026_d25_return_deploy202607_SPXW_v1,0,0.3,2,30,25,0.25,202606,d25,999,0,time_priority,,max_volume_component,SPXW
SPXW,zero_dte,10:40,640,202606,20260630,0.5326086911452064,0.8201755413314933,-0.7315498156295027,0.523098758847677,PUT,0.523098758847677,0.8201755413314933,d25,event_option_mh30trail_clean1000_frozen2025_select2026_d25_return_deploy202607_SPXW_v1,0,0.3,2,30,25,0.25,202606,d25,999,0,time_priority,,max_volume_component,SPXW
SPXW,zero_dte,10:50,650,202606,20260630,0.4611110687255859,0.30675676511621,-0.2916596211456462,0.3485002332566646,PUT,0.3485002332566646,0.30675676511621,d25,event_option_mh30trail_clean1000_frozen2025_select2026_d25_return_deploy202607_SPXW_v1,0,0.3,2,30,25,0.25,202606,d25,999,0,time_priority,,max_volume_component,SPXW
SPXW,zero_dte,11:05,665,202606,20260630,0.3081394214124715,-0.6,-0.1494309427055527,0.3785250502310293,PUT,0.3785250502310293,-0.6,d25,event_option_mh30trail_clean1000_frozen2025_select2026_d25_return_deploy202607_SPXW_v1,0,0.3,2,30,25,0.25,202606,d25,999,0,time_priority,,max_volume_component,SPXW
SPXW,zero_dte,11:35,695,202606,20260630,0.5277778170236338,-0.6,0.3785066587091526,-0.3410046477227818,CALL,0.3785066587091526,0.5277778170236338,d25,event_option_mh30trail_clean1000_frozen2025_select2026_d25_return_deploy202607_SPXW_v1,0,0.3,2,30,25,0.25,202606,d25,999,0,time_priority,,max_volume_component,SPXW
SPXW,zero_dte,12:25,745,202606,20260630,0.4504047613830633,-0.6,0.4126559874167873,-0.2761225042933886,CALL,0.4126559874167873,0.4504047613830633,d25,event_option_mh30trail_clean1000_frozen2025_select2026_d25_return_deploy202607_SPXW_v1,0,0.3,2,30,25,0.25,202606,d25,999,0,time_priority,,max_volume_component,SPXW
SPXW,zero_dte,12:40,760,202606,20260630,0.4928571156093053,-0.6,0.3157668588123249,-0.076014377294223,CALL,0.3157668588123249,0.4928571156093053,d25,event_option_mh30trail_clean1000_frozen2025_select2026_d25_return_deploy202607_SPXW_v1,0,0.3,2,30,25,0.25,202606,d25,999,0,time_priority,,max_volume_component,SPXW
SPY,zero_dte,10:25,625,202601,20260102,0.9782607773132286,-0.6,0.3491268450265212,0.0154384800145145,CALL,0.3491268450265212,0.9782607773132286,d35,event_option_mh30trail_clean1000_frozen2025_select2026_d35_return_deploy202607_SPY_v1,0,0.3,3,30,35,0.35,202601,d35,1,0,score_desc,,max_volume_component,SPY
SPY,zero_dte,10:50,650,202601,20260105,0.8475610287965307,-0.6,-0.4125284293813901,0.4718478587351695,PUT,0.4718478587351695,-0.6,d35,event_option_mh30trail_clean1000_frozen2025_select2026_d35_return_deploy202607_SPY_v1,0,0.3,3,30,35,0.35,202601,d35,1,0,score_desc,,max_volume_component,SPY
SPY,zero_dte,13:05,785,202601,20260107,-0.6,1.0192307515962584,-0.1110070141019314,0.3128927956289681,PUT,0.3128927956289681,1.0192307515962584,d35,event_option_mh30trail_clean1000_frozen2025_select2026_d35_return_deploy202607_SPY_v1,0,0.3,3,30,35,0.35,202601,d35,1,0,score_desc,,max_volume_component,SPY
SPY,zero_dte,10:35,635,202601,20260108,0.3676470768699182,-0.6,0.0606996254926662,0.3514637288459702,PUT,0.3514637288459702,-0.6,d35,event_option_mh30trail_clean1000_frozen2025_select2026_d35_return_deploy202607_SPY_v1,0,0.3,3,30,35,0.35,202601,d35,1,0,score_desc,,max_volume_component,SPY
SPY,zero_dte,11:50,710,202601,20260112,1.022727285042282,-0.6,0.3663334284499026,-0.3167732392383654,CALL,0.3663334284499026,1.022727285042282,d35,event_option_mh30trail_clean1000_frozen2025_select2026_d35_return_deploy202607_SPY_v1,0,0.3,3,30,35,0.35,202601,d35,1,0,score_desc,,max_volume_component,SPY
SPY,zero_dte,10:15,615,202601,20260114,-0.6,1.2801204179018173,-0.0437665416484088,0.499605336689727,PUT,0.499605336689727,1.2801204179018173,d35,event_option_mh30trail_clean1000_frozen2025_select2026_d35_return_deploy202607_SPY_v1,0,0.3,3,30,35,0.35,202601,d35,1,0,score_desc,,max_volume_component,SPY
SPY,zero_dte,10:15,615,202601,20260115,0.3726416240174792,0.256849308357518,-0.6735515611996089,0.5713645048805749,PUT,0.5713645048805749,0.256849308357518,d35,event_option_mh30trail_clean1000_frozen2025_select2026_d35_return_deploy202607_SPY_v1,0,0.3,3,30,35,0.35,202601,d35,1,0,score_desc,,max_volume_component,SPY
SPY,zero_dte,10:50,650,202601,20260116,0.6805554589739591,-0.6,-0.3232556869991946,0.3034561778903662,PUT,0.3034561778903662,-0.6,d35,event_option_mh30trail_clean1000_frozen2025_select2026_d35_return_deploy202607_SPY_v1,0,0.3,3,30,35,0.35,202601,d35,1,0,score_desc,,max_volume_component,SPY
SPY,zero_dte,10:05,605,202601,20260120,0.3448276526508396,-0.6,0.3155078395440201,-0.2842642515821094,CALL,0.3155078395440201,0.3448276526508396,d35,event_option_mh30trail_clean1000_frozen2025_select2026_d35_return_deploy202607_SPY_v1,0,0.3,3,30,35,0.35,202601,d35,1,0,score_desc,,max_volume_component,SPY
SPY,zero_dte,10:45,645,202601,20260121,-0.6,0.4669812742439094,-0.0870998758661483,0.4060312022025659,PUT,0.4060312022025659,0.4669812742439094,d35,event_option_mh30trail_clean1000_frozen2025_select2026_d35_return_deploy202607_SPY_v1,0,0.3,3,30,35,0.35,202601,d35,1,0,score_desc,,max_volume_component,SPY
SPY,zero_dte,10:40,640,202601,20260127,0.5092591672767863,-0.6,-0.3668077015129715,0.349004679583214,PUT,0.349004679583214,-0.6,d35,event_option_mh30trail_clean1000_frozen2025_select2026_d35_return_deploy202607_SPY_v1,0,0.3,3,30,35,0.35,202601,d35,1,0,score_desc,,max_volume_component,SPY
SPY,zero_dte,10:10,610,202601,20260129,-0.6,0.9684873764380746,-0.2321578653568302,0.3124427518229415,PUT,0.3124427518229415,0.9684873764380746,d35,event_option_mh30trail_clean1000_frozen2025_select2026_d35_return_deploy202607_SPY_v1,0,0.3,3,30,35,0.35,202601,d35,1,0,score_desc,,max_volume_component,SPY
SPY,zero_dte,10:20,620,202602,20260202,-0.6,0.3055555003660719,-0.1891638774916808,0.3066742839044222,PUT,0.3066742839044222,0.3055555003660719,d35,event_option_mh30trail_clean1000_frozen2025_select2026_d35_return_deploy202607_SPY_v1,0,0.3,3,30,35,0.35,202602,d35,1,0,score_desc,,max_volume_component,SPY
SPY,zero_dte,10:30,630,202602,20260203,0.265625078580344,0.2596154904224501,-0.0924349508233787,0.3003377601665655,PUT,0.3003377601665655,0.2596154904224501,d35,event_option_mh30trail_clean1000_frozen2025_select2026_d35_return_deploy202607_SPY_v1,0,0.3,3,30,35,0.35,202602,d35,1,0,score_desc,,max_volume_component,SPY
SPY,zero_dte,12:15,735,202602,20260204,-0.6,2.210869653553956,-0.0872633490464472,0.3413235367162084,PUT,0.3413235367162084,2.210869653553956,d35,event_option_mh30trail_clean1000_frozen2025_select2026_d35_return_deploy202607_SPY_v1,0,0.3,3,30,35,0.35,202602,d35,1,0,score_desc,,max_volume_component,SPY
SPY,zero_dte,10:15,615,202602,20260205,0.4166667115665878,-0.6,0.3006741363423345,-0.0476016081104343,CALL,0.3006741363423345,0.4166667115665878,d35,event_option_mh30trail_clean1000_frozen2025_select2026_d35_return_deploy202607_SPY_v1,0,0.3,3,30,35,0.35,202602,d35,1,0,score_desc,,max_volume_component,SPY
SPY,zero_dte,11:15,675,202602,20260206,0.6071428030796868,-0.6,-0.2992295273456253,0.3025153361723861,PUT,0.3025153361723861,-0.6,d35,event_option_mh30trail_clean1000_frozen2025_select2026_d35_return_deploy202607_SPY_v1,0,0.3,3,30,35,0.35,202602,d35,1,0,score_desc,,max_volume_component,SPY
SPY,zero_dte,12:40,760,202602,20260209,-0.6,0.2500000372529025,0.3167332245791713,-0.4615463920666155,CALL,0.3167332245791713,-0.6,d35,event_option_mh30trail_clean1000_frozen2025_select2026_d35_return_deploy202607_SPY_v1,0,0.3,3,30,35,0.35,202602,d35,1,0,score_desc,,max_volume_component,SPY
SPY,zero_dte,10:25,625,202602,20260210,0.259090846038063,0.307142931344559,-0.2920261256991225,0.4780849977998893,PUT,0.4780849977998893,0.307142931344559,d35,event_option_mh30trail_clean1000_frozen2025_select2026_d35_return_deploy202607_SPY_v1,0,0.3,3,30,35,0.35,202602,d35,1,0,score_desc,,max_volume_component,SPY
SPY,zero_dte,10:25,625,202602,20260212,-0.6,2.1329788030030343,-0.3613050148034288,0.3989568419471058,PUT,0.3989568419471058,2.1329788030030343,d35,event_option_mh30trail_clean1000_frozen2025_select2026_d35_return_deploy202607_SPY_v1,0,0.3,3,30,35,0.35,202602,d35,1,0,score_desc,,max_volume_component,SPY
SPY,zero_dte,11:35,695,202602,20260213,0.2994504681158716,-0.6,0.3120070781044778,0.0161521152227427,CALL,0.3120070781044778,0.2994504681158716,d35,event_option_mh30trail_clean1000_frozen2025_select2026_d35_return_deploy202607_SPY_v1,0,0.3,3,30,35,0.35,202602,d35,1,0,score_desc,,max_volume_component,SPY
SPY,zero_dte,10:15,615,202602,20260217,0.6357143927593638,-0.6,0.301947823227094,-0.3151278504134316,CALL,0.301947823227094,0.6357143927593638,d35,event_option_mh30trail_clean1000_frozen2025_select2026_d35_return_deploy202607_SPY_v1,0,0.3,3,30,35,0.35,202602,d35,1,0,score_desc,,max_volume_component,SPY
SPY,zero_dte,10:10,610,202602,20260218,0.3289474509759633,-0.6,0.0605836305773595,0.3727219334450553,PUT,0.3727219334450553,-0.6,d35,event_option_mh30trail_clean1000_frozen2025_select2026_d35_return_deploy202607_SPY_v1,0,0.3,3,30,35,0.35,202602,d35,1,0,score_desc,,max_volume_component,SPY
SPY,zero_dte,10:05,605,202602,20260219,-0.6,0.2889610027699905,-0.0828187086417401,0.4490007481693102,PUT,0.4490007481693102,0.2889610027699905,d35,event_option_mh30trail_clean1000_frozen2025_select2026_d35_return_deploy202607_SPY_v1,0,0.3,3,30,35,0.35,202602,d35,1,0,score_desc,,max_volume_component,SPY
SPY,zero_dte,13:40,820,202602,20260220,0.4919354756011593,-0.6,-0.2442127094560634,0.3745445032585937,PUT,0.3745445032585937,-0.6,d35,event_option_mh30trail_clean1000_frozen2025_select2026_d35_return_deploy202607_SPY_v1,0,0.3,3,30,35,0.35,202602,d35,1,0,score_desc,,max_volume_component,SPY
SPY,zero_dte,11:10,670,202602,20260223,-0.6,-0.6,-0.2081008984826102,0.3225662374136564,PUT,0.3225662374136564,-0.6,d35,event_option_mh30trail_clean1000_frozen2025_select2026_d35_return_deploy202607_SPY_v1,0,0.3,3,30,35,0.35,202602,d35,1,0,score_desc,,max_volume_component,SPY
SPY,zero_dte,10:25,625,202602,20260224,0.2794117372066225,-0.6,-0.2508161677247573,0.3613080214970128,PUT,0.3613080214970128,-0.6,d35,event_option_mh30trail_clean1000_frozen2025_select2026_d35_return_deploy202607_SPY_v1,0,0.3,3,30,35,0.35,202602,d35,1,0,score_desc,,max_volume_component,SPY
SPY,zero_dte,10:00,600,202602,20260225,0.2409638459043241,-0.5726495569744519,-0.704625186190649,0.6723541802363106,PUT,0.6723541802363106,-0.5726495569744519,d35,event_option_mh30trail_clean1000_frozen2025_select2026_d35_return_deploy202607_SPY_v1,0,0.3,3,30,35,0.35,202602,d35,1,0,score_desc,,max_volume_component,SPY
SPY,zero_dte,13:10,790,202602,20260226,1.3524097942928766,-0.6,0.1323813982951781,0.3367953995634178,PUT,0.3367953995634178,-0.6,d35,event_option_mh30trail_clean1000_frozen2025_select2026_d35_return_deploy202607_SPY_v1,0,0.3,3,30,35,0.35,202602,d35,1,0,score_desc,,max_volume_component,SPY
SPY,zero_dte,10:55,655,202602,20260227,0.2602040717026832,-0.6,0.3312978212546549,-0.2060010056865045,CALL,0.3312978212546549,0.2602040717026832,d35,event_option_mh30trail_clean1000_frozen2025_select2026_d35_return_deploy202607_SPY_v1,0,0.3,3,30,35,0.35,202602,d35,1,0,score_desc,,max_volume_component,SPY
SPY,zero_dte,10:05,605,202603,20260302,-0.6,0.3265765562584608,-0.1760475345828079,0.3776482475149179,PUT,0.3776482475149179,0.3265765562584608,d35,event_option_mh30trail_clean1000_frozen2025_select2026_d35_return_deploy202607_SPY_v1,0,0.3,3,30,35,0.35,202603,d35,1,0,score_desc,,max_volume_component,SPY
SPY,zero_dte,10:30,630,202603,20260303,0.3048780332676786,-0.6,0.3594356348152138,-0.2249427771336004,CALL,0.3594356348152138,0.3048780332676786,d35,event_option_mh30trail_clean1000_frozen2025_select2026_d35_return_deploy202607_SPY_v1,0,0.3,3,30,35,0.35,202603,d35,1,0,score_desc,,max_volume_component,SPY
SPY,zero_dte,10:30,630,202603,20260304,-0.6,0.463178374805846,-0.5226333660010671,0.71317915059342,PUT,0.71317915059342,0.463178374805846,d35,event_option_mh30trail_clean1000_frozen2025_select2026_d35_return_deploy202607_SPY_v1,0,0.3,3,30,35,0.35,202603,d35,1,0,score_desc,,max_volume_component,SPY
SPY,zero_dte,10:00,600,202603,20260305,-0.6,2.663043303615883,-0.2689160062091003,0.3466632027372354,PUT,0.3466632027372354,2.663043303615883,d35,event_option_mh30trail_clean1000_frozen2025_select2026_d35_return_deploy202607_SPY_v1,0,0.3,3,30,35,0.35,202603,d35,1,0,score_desc,,max_volume_component,SPY
SPY,zero_dte,10:10,610,202603,20260306,0.8380502286456619,-0.6,-0.0271457237569756,0.3232503176755107,PUT,0.3232503176755107,-0.6,d35,event_option_mh30trail_clean1000_frozen2025_select2026_d35_return_deploy202607_SPY_v1,0,0.3,3,30,35,0.35,202603,d35,1,0,score_desc,,max_volume_component,SPY
SPY,zero_dte,11:20,680,202603,20260309,0.815934001154234,-0.6,-0.1142013024313815,0.344224790935379,PUT,0.344224790935379,-0.6,d35,event_option_mh30trail_clean1000_frozen2025_select2026_d35_return_deploy202607_SPY_v1,0,0.3,3,30,35,0.35,202603,d35,1,0,score_desc,,max_volume_component,SPY
SPY,zero_dte,10:15,615,202603,20260310,1.9700000286102293,-0.6,0.0667037597984785,0.3140918300870922,PUT,0.3140918300870922,-0.6,d35,event_option_mh30trail_clean1000_frozen2025_select2026_d35_return_deploy202607_SPY_v1,0,0.3,3,30,35,0.35,202603,d35,1,0,score_desc,,max_volume_component,SPY
SPY,zero_dte,10:00,600,202603,20260311,-0.6,1.6847826072872247,-0.1114583537480276,0.3511039417885662,PUT,0.3511039417885662,1.6847826072872247,d35,event_option_mh30trail_clean1000_frozen2025_select2026_d35_return_deploy202607_SPY_v1,0,0.3,3,30,35,0.35,202603,d35,1,0,score_desc,,max_volume_component,SPY
SPY,zero_dte,10:45,645,202603,20260312,0.3965517427422351,0.3687050526300441,-0.124743129214172,0.3858700841898422,PUT,0.3858700841898422,0.3687050526300441,d35,event_option_mh30trail_clean1000_frozen2025_select2026_d35_return_deploy202607_SPY_v1,0,0.3,3,30,35,0.35,202603,d35,1,0,score_desc,,max_volume_component,SPY
SPY,zero_dte,10:10,610,202603,20260313,-0.6,0.4586092317884915,0.3277606157173476,-0.3926917014699792,CALL,0.3277606157173476,-0.6,d35,event_option_mh30trail_clean1000_frozen2025_select2026_d35_return_deploy202607_SPY_v1,0,0.3,3,30,35,0.35,202603,d35,1,0,score_desc,,max_volume_component,SPY
SPY,zero_dte,11:10,670,202603,20260316,0.4687500756699609,0.25,-0.1642248584631304,0.3626866988196477,PUT,0.3626866988196477,0.25,d35,event_option_mh30trail_clean1000_frozen2025_select2026_d35_return_deploy202607_SPY_v1,0,0.3,3,30,35,0.35,202603,d35,1,0,score_desc,,max_volume_component,SPY
SPY,zero_dte,10:00,600,202603,20260317,-0.6,0.4452381449762137,-0.1864566278953273,0.3000606053118278,PUT,0.3000606053118278,0.4452381449762137,d35,event_option_mh30trail_clean1000_frozen2025_select2026_d35_return_deploy202607_SPY_v1,0,0.3,3,30,35,0.35,202603,d35,1,0,score_desc,,max_volume_component,SPY
SPY,zero_dte,13:45,825,202603,20260318,-0.6,0.3821838497721801,0.0413479422009068,0.4127163601147769,PUT,0.4127163601147769,0.3821838497721801,d35,event_option_mh30trail_clean1000_frozen2025_select2026_d35_return_deploy202607_SPY_v1,0,0.3,3,30,35,0.35,202603,d35,1,0,score_desc,,max_volume_component,SPY
SPY,zero_dte,10:05,605,202603,20260319,-0.6,0.5127118781050612,0.4177460311855946,-0.0603583985616613,CALL,0.4177460311855946,-0.6,d35,event_option_mh30trail_clean1000_frozen2025_select2026_d35_return_deploy202607_SPY_v1,0,0.3,3,30,35,0.35,202603,d35,1,0,score_desc,,max_volume_component,SPY
SPY,zero_dte,10:30,630,202603,20260320,-0.6,-0.6,0.3358095039858008,-0.3301683006740538,CALL,0.3358095039858008,-0.6,d35,event_option_mh30trail_clean1000_frozen2025_select2026_d35_return_deploy202607_SPY_v1,0,0.3,3,30,35,0.35,202603,d35,1,0,score_desc,,max_volume_component,SPY
SPY,zero_dte,10:25,625,202603,20260323,-0.6,0.2941175606939628,-0.4237516555937256,0.3118681874506103,PUT,0.3118681874506103,0.2941175606939628,d35,event_option_mh30trail_clean1000_frozen2025_select2026_d35_return_deploy202607_SPY_v1,0,0.3,3,30,35,0.35,202603,d35,1,0,score_desc,,max_volume_component,SPY
SPY,zero_dte,13:20,800,202603,20260324,0.354395600076949,-0.6,0.3365369900090218,0.0798919414376343,CALL,0.3365369900090218,0.354395600076949,d35,event_option_mh30trail_clean1000_frozen2025_select2026_d35_return_deploy202607_SPY_v1,0,0.3,3,30,35,0.35,202603,d35,1,0,score_desc,,max_volume_component,SPY
SPY,zero_dte,10:10,610,202603,20260325,0.2923729943667545,-0.6,0.3153652551879036,-0.1303901233734802,CALL,0.3153652551879036,0.2923729943667545,d35,event_option_mh30trail_clean1000_frozen2025_select2026_d35_return_deploy202607_SPY_v1,0,0.3,3,30,35,0.35,202603,d35,1,0,score_desc,,max_volume_component,SPY
SPY,zero_dte,10:20,620,202603,20260326,-0.6,0.2500000522847767,-0.0496167755119361,0.3585649341540166,PUT,0.3585649341540166,0.2500000522847767,d35,event_option_mh30trail_clean1000_frozen2025_select2026_d35_return_deploy202607_SPY_v1,0,0.3,3,30,35,0.35,202603,d35,1,0,score_desc,,max_volume_component,SPY
SPY,zero_dte,11:15,675,202603,20260327,0.7710526117657688,0.5614753986231522,0.3928743058769821,-0.0984736470322725,CALL,0.3928743058769821,0.7710526117657688,d35,event_option_mh30trail_clean1000_frozen2025_select2026_d35_return_deploy202607_SPY_v1,0,0.3,3,30,35,0.35,202603,d35,1,0,score_desc,,max_volume_component,SPY
SPY,zero_dte,14:30,870,202603,20260330,-0.6,0.3785714358699565,0.367540313043347,-0.3399904629813202,CALL,0.367540313043347,-0.6,d35,event_option_mh30trail_clean1000_frozen2025_select2026_d35_return_deploy202607_SPY_v1,0,0.3,3,30,35,0.35,202603,d35,1,0,score_desc,,max_volume_component,SPY
SPY,zero_dte,13:40,820,202603,20260331,0.2884615948919735,-0.6,0.0842986018915016,0.4924575063575606,PUT,0.4924575063575606,-0.6,d35,event_option_mh30trail_clean1000_frozen2025_select2026_d35_return_deploy202607_SPY_v1,0,0.3,3,30,35,0.35,202603,d35,1,0,score_desc,,max_volume_component,SPY
SPY,zero_dte,10:50,650,202604,20260402,0.2669491876442191,-0.6,0.3793956972191996,-0.4676455592652103,CALL,0.3793956972191996,0.2669491876442191,d35,event_option_mh30trail_clean1000_frozen2025_select2026_d35_return_deploy202607_SPY_v1,0,0.3,3,30,35,0.35,202604,d35,1,0,score_desc,,max_volume_component,SPY
SPY,zero_dte,10:25,625,202604,20260406,-0.6,0.4247966754758776,-0.0683980708961375,0.3308426001082187,PUT,0.3308426001082187,0.4247966754758776,d35,event_option_mh30trail_clean1000_frozen2025_select2026_d35_return_deploy202607_SPY_v1,0,0.3,3,30,35,0.35,202604,d35,1,0,score_desc,,max_volume_component,SPY
SPY,zero_dte,13:00,780,202604,20260407,0.3179012064053652,-0.6,0.3007710572617146,-0.1472479275648288,CALL,0.3007710572617146,0.3179012064053652,d35,event_option_mh30trail_clean1000_frozen2025_select2026_d35_return_deploy202607_SPY_v1,0,0.3,3,30,35,0.35,202604,d35,1,0,score_desc,,max_volume_component,SPY
SPY,zero_dte,10:35,635,202604,20260408,0.3437500058207663,0.4507874947012877,0.2573618698859999,0.5353110785996633,PUT,0.5353110785996633,0.4507874947012877,d35,event_option_mh30trail_clean1000_frozen2025_select2026_d35_return_deploy202607_SPY_v1,0,0.3,3,30,35,0.35,202604,d35,1,0,score_desc,,max_volume_component,SPY
SPY,zero_dte,10:15,615,202604,20260410,-0.6,0.3214286322496384,-0.4548620286879486,0.4791389085359271,PUT,0.4791389085359271,0.3214286322496384,d35,event_option_mh30trail_clean1000_frozen2025_select2026_d35_return_deploy202607_SPY_v1,0,0.3,3,30,35,0.35,202604,d35,1,0,score_desc,,max_volume_component,SPY
SPY,zero_dte,12:30,750,202604,20260413,0.9071428802548628,-0.6,0.3011474446729189,-0.0001850746101411,CALL,0.3011474446729189,0.9071428802548628,d35,event_option_mh30trail_clean1000_frozen2025_select2026_d35_return_deploy202607_SPY_v1,0,0.3,3,30,35,0.35,202604,d35,1,0,score_desc,,max_volume_component,SPY
SPY,zero_dte,10:05,605,202604,20260414,0.7338709832478263,-0.6,0.3470646319964455,0.0761896466915079,CALL,0.3470646319964455,0.7338709832478263,d35,event_option_mh30trail_clean1000_frozen2025_select2026_d35_return_deploy202607_SPY_v1,0,0.3,3,30,35,0.35,202604,d35,1,0,score_desc,,max_volume_component,SPY
SPY,zero_dte,10:05,605,202604,20260416,0.4166666666666667,-0.6,-0.4184412049590834,0.3979873847757187,PUT,0.3979873847757187,-0.6,d35,event_option_mh30trail_clean1000_frozen2025_select2026_d35_return_deploy202607_SPY_v1,0,0.3,3,30,35,0.35,202604,d35,1,0,score_desc,,max_volume_component,SPY
SPY,zero_dte,10:00,600,202604,20260417,0.4999999441206464,-0.6,0.192507475081448,0.3467682235773639,PUT,0.3467682235773639,-0.6,d35,event_option_mh30trail_clean1000_frozen2025_select2026_d35_return_deploy202607_SPY_v1,0,0.3,3,30,35,0.35,202604,d35,1,0,score_desc,,max_volume_component,SPY
SPY,zero_dte,10:05,605,202604,20260420,-0.6,0.3885542670499269,-0.2176164687121866,0.3001089079854089,PUT,0.3001089079854089,0.3885542670499269,d35,event_option_mh30trail_clean1000_frozen2025_select2026_d35_return_deploy202607_SPY_v1,0,0.3,3,30,35,0.35,202604,d35,1,0,score_desc,,max_volume_component,SPY
SPY,zero_dte,10:10,610,202604,20260422,-0.6,-0.6,-0.2153168431651113,0.3269495012557786,PUT,0.3269495012557786,-0.6,d35,event_option_mh30trail_clean1000_frozen2025_select2026_d35_return_deploy202607_SPY_v1,0,0.3,3,30,35,0.35,202604,d35,1,0,score_desc,,max_volume_component,SPY
SPY,zero_dte,11:00,660,202604,20260424,1.709183713189267,-0.6,-0.5885403110228552,0.4707333915178124,PUT,0.4707333915178124,-0.6,d35,event_option_mh30trail_clean1000_frozen2025_select2026_d35_return_deploy202607_SPY_v1,0,0.3,3,30,35,0.35,202604,d35,1,0,score_desc,,max_volume_component,SPY
SPY,zero_dte,10:05,605,202604,20260428,-0.6,0.2999999888241293,-0.4468068390193563,0.3276880383161454,PUT,0.3276880383161454,0.2999999888241293,d35,event_option_mh30trail_clean1000_frozen2025_select2026_d35_return_deploy202607_SPY_v1,0,0.3,3,30,35,0.35,202604,d35,1,0,score_desc,,max_volume_component,SPY
SPY,zero_dte,10:00,600,202604,20260429,0.2970085548461074,0.0559440880068031,-0.1960076924430185,0.3523185471907313,PUT,0.3523185471907313,0.0559440880068031,d35,event_option_mh30trail_clean1000_frozen2025_select2026_d35_return_deploy202607_SPY_v1,0,0.3,3,30,35,0.35,202604,d35,1,0,score_desc,,max_volume_component,SPY
SPY,zero_dte,10:05,605,202604,20260430,0.6102150599657972,-0.6,-0.2594649614755053,0.3360790286128859,PUT,0.3360790286128859,-0.6,d35,event_option_mh30trail_clean1000_frozen2025_select2026_d35_return_deploy202607_SPY_v1,0,0.3,3,30,35,0.35,202604,d35,1,0,score_desc,,max_volume_component,SPY
SPY,zero_dte,10:25,625,202605,20260501,-0.6,1.6447368366016026,-0.4900608896148741,0.5494337994885753,PUT,0.5494337994885753,1.6447368366016026,d35,event_option_mh30trail_clean1000_frozen2025_select2026_d35_return_deploy202607_SPY_v1,0,0.3,3,30,35,0.35,202605,d35,1,0,score_desc,,max_volume_component,SPY
SPY,zero_dte,10:10,610,202605,20260504,0.75,-0.6,-0.3645176688952738,0.3064904592799189,PUT,0.3064904592799189,-0.6,d35,event_option_mh30trail_clean1000_frozen2025_select2026_d35_return_deploy202607_SPY_v1,0,0.3,3,30,35,0.35,202605,d35,1,0,score_desc,,max_volume_component,SPY
SPY,zero_dte,10:05,605,202605,20260505,0.5990567395762716,0.2774724677311269,0.0715280801254402,0.3206619427846698,PUT,0.3206619427846698,0.2774724677311269,d35,event_option_mh30trail_clean1000_frozen2025_select2026_d35_return_deploy202607_SPY_v1,0,0.3,3,30,35,0.35,202605,d35,1,0,score_desc,,max_volume_component,SPY
SPY,zero_dte,10:00,600,202605,20260506,0.8676471206968626,0.4687500756699609,0.2695296234654252,0.4688881433187666,PUT,0.4688881433187666,0.4687500756699609,d35,event_option_mh30trail_clean1000_frozen2025_select2026_d35_return_deploy202607_SPY_v1,0,0.3,3,30,35,0.35,202605,d35,1,0,score_desc,,max_volume_component,SPY
SPY,zero_dte,10:55,655,202605,20260507,-0.6,0.9772726821176954,-0.3886267062203862,0.5703896176061679,PUT,0.5703896176061679,0.9772726821176954,d35,event_option_mh30trail_clean1000_frozen2025_select2026_d35_return_deploy202607_SPY_v1,0,0.3,3,30,35,0.35,202605,d35,1,0,score_desc,,max_volume_component,SPY
SPY,zero_dte,10:05,605,202605,20260508,-0.2388060033440874,-0.6,-0.6069384786856334,0.3867456549343537,PUT,0.3867456549343537,-0.6,d35,event_option_mh30trail_clean1000_frozen2025_select2026_d35_return_deploy202607_SPY_v1,0,0.3,3,30,35,0.35,202605,d35,1,0,score_desc,,max_volume_component,SPY
SPY,zero_dte,11:00,660,202605,20260511,-0.6,-0.6,-0.0990265635026195,0.3037261348950654,PUT,0.3037261348950654,-0.6,d35,event_option_mh30trail_clean1000_frozen2025_select2026_d35_return_deploy202607_SPY_v1,0,0.3,3,30,35,0.35,202605,d35,1,0,score_desc,,max_volume_component,SPY
SPY,zero_dte,10:20,620,202605,20260512,-0.6,1.1413043562766507,-0.1992169180116533,0.3236452433254063,PUT,0.3236452433254063,1.1413043562766507,d35,event_option_mh30trail_clean1000_frozen2025_select2026_d35_return_deploy202607_SPY_v1,0,0.3,3,30,35,0.35,202605,d35,1,0,score_desc,,max_volume_component,SPY
SPY,zero_dte,12:15,735,202605,20260513,1.2364864995481324,-0.6,-0.3432722231415758,0.4496971154414672,PUT,0.4496971154414672,-0.6,d35,event_option_mh30trail_clean1000_frozen2025_select2026_d35_return_deploy202607_SPY_v1,0,0.3,3,30,35,0.35,202605,d35,1,0,score_desc,,max_volume_component,SPY
SPY,zero_dte,10:05,605,202605,20260514,0.6107594793451427,-0.6,-0.3493691967418409,0.3060103290784036,PUT,0.3060103290784036,-0.6,d35,event_option_mh30trail_clean1000_frozen2025_select2026_d35_return_deploy202607_SPY_v1,0,0.3,3,30,35,0.35,202605,d35,1,0,score_desc,,max_volume_component,SPY
SPY,zero_dte,10:15,615,202605,20260515,0.2954545553065526,0.2899999618530273,-0.2599039439018903,0.4422979079567121,PUT,0.4422979079567121,0.2899999618530273,d35,event_option_mh30trail_clean1000_frozen2025_select2026_d35_return_deploy202607_SPY_v1,0,0.3,3,30,35,0.35,202605,d35,1,0,score_desc,,max_volume_component,SPY
SPY,zero_dte,10:20,620,202605,20260518,-0.6,2.367021387224556,-0.117142631065209,0.3777464047327168,PUT,0.3777464047327168,2.367021387224556,d35,event_option_mh30trail_clean1000_frozen2025_select2026_d35_return_deploy202607_SPY_v1,0,0.3,3,30,35,0.35,202605,d35,1,0,score_desc,,max_volume_component,SPY
SPY,zero_dte,10:30,630,202605,20260519,0.3420000076293945,-0.6,-0.1703012093604386,0.3279734321057347,PUT,0.3279734321057347,-0.6,d35,event_option_mh30trail_clean1000_frozen2025_select2026_d35_return_deploy202607_SPY_v1,0,0.3,3,30,35,0.35,202605,d35,1,0,score_desc,,max_volume_component,SPY
SPY,zero_dte,10:25,625,202605,20260520,0.3760162349481313,-0.6,-0.2281464760241791,0.3704981610167153,PUT,0.3704981610167153,-0.6,d35,event_option_mh30trail_clean1000_frozen2025_select2026_d35_return_deploy202607_SPY_v1,0,0.3,3,30,35,0.35,202605,d35,1,0,score_desc,,max_volume_component,SPY
SPY,zero_dte,10:00,600,202605,20260521,-0.6,0.5859374665305943,-0.313676272254096,0.3296514137709603,PUT,0.3296514137709603,0.5859374665305943,d35,event_option_mh30trail_clean1000_frozen2025_select2026_d35_return_deploy202607_SPY_v1,0,0.3,3,30,35,0.35,202605,d35,1,0,score_desc,,max_volume_component,SPY
SPY,zero_dte,10:20,620,202605,20260522,0.4952831355733584,-0.6,-0.4314883035168808,0.3040118493328925,PUT,0.3040118493328925,-0.6,d35,event_option_mh30trail_clean1000_frozen2025_select2026_d35_return_deploy202607_SPY_v1,0,0.3,3,30,35,0.35,202605,d35,1,0,score_desc,,max_volume_component,SPY
SPY,zero_dte,10:10,610,202605,20260526,-0.6,0.2824675023083254,-0.0766877473172587,0.3146859488442546,PUT,0.3146859488442546,0.2824675023083254,d35,event_option_mh30trail_clean1000_frozen2025_select2026_d35_return_deploy202607_SPY_v1,0,0.3,3,30,35,0.35,202605,d35,1,0,score_desc,,max_volume_component,SPY
SPY,zero_dte,10:05,605,202605,20260527,-0.6,0.5921052862732696,-0.200127866200321,0.3038620775944124,PUT,0.3038620775944124,0.5921052862732696,d35,event_option_mh30trail_clean1000_frozen2025_select2026_d35_return_deploy202607_SPY_v1,0,0.3,3,30,35,0.35,202605,d35,1,0,score_desc,,max_volume_component,SPY
SPY,zero_dte,10:25,625,202605,20260528,0.3531746001710938,-0.6,-0.1958264367066189,0.3585324335369522,PUT,0.3585324335369522,-0.6,d35,event_option_mh30trail_clean1000_frozen2025_select2026_d35_return_deploy202607_SPY_v1,0,0.3,3,30,35,0.35,202605,d35,1,0,score_desc,,max_volume_component,SPY
SPY,zero_dte,10:10,610,202605,20260529,-0.6,0.7006173311910002,0.0123892256913377,0.4301701916931941,PUT,0.4301701916931941,0.7006173311910002,d35,event_option_mh30trail_clean1000_frozen2025_select2026_d35_return_deploy202607_SPY_v1,0,0.3,3,30,35,0.35,202605,d35,1,0,score_desc,,max_volume_component,SPY
SPY,zero_dte,10:40,640,202606,20260602,1.0513697310311896,-0.6,-0.4166426481317476,0.4842013641498022,PUT,0.4842013641498022,-0.6,d35,event_option_mh30trail_clean1000_frozen2025_select2026_d35_return_deploy202607_SPY_v1,0,0.3,3,30,35,0.35,202606,d35,1,0,score_desc,,max_volume_component,SPY
SPY,zero_dte,10:45,645,202606,20260603,-0.6,0.3081395477781814,-0.1495322303885884,0.6164110102069966,PUT,0.6164110102069966,0.3081395477781814,d35,event_option_mh30trail_clean1000_frozen2025_select2026_d35_return_deploy202607_SPY_v1,0,0.3,3,30,35,0.35,202606,d35,1,0,score_desc,,max_volume_component,SPY
SPY,zero_dte,10:00,600,202606,20260604,0.7193876632498204,-0.6,-0.2818964398266339,0.5449803839824285,PUT,0.5449803839824285,-0.6,d35,event_option_mh30trail_clean1000_frozen2025_select2026_d35_return_deploy202607_SPY_v1,0,0.3,3,30,35,0.35,202606,d35,1,0,score_desc,,max_volume_component,SPY
SPY,zero_dte,10:55,655,202606,20260605,-0.6,0.7756411549607725,-0.1630798128752496,0.314762943968199,PUT,0.314762943968199,0.7756411549607725,d35,event_option_mh30trail_clean1000_frozen2025_select2026_d35_return_deploy202607_SPY_v1,0,0.3,3,30,35,0.35,202606,d35,1,0,score_desc,,max_volume_component,SPY
SPY,zero_dte,10:10,610,202606,20260608,0.2938596601301284,-0.6,-0.0814250158510864,0.4039678278810906,PUT,0.4039678278810906,-0.6,d35,event_option_mh30trail_clean1000_frozen2025_select2026_d35_return_deploy202607_SPY_v1,0,0.3,3,30,35,0.35,202606,d35,1,0,score_desc,,max_volume_component,SPY
SPY,zero_dte,10:55,655,202606,20260609,-0.6,0.8263888130033488,-0.3628216312144235,0.3667718061233637,PUT,0.3667718061233637,0.8263888130033488,d35,event_option_mh30trail_clean1000_frozen2025_select2026_d35_return_deploy202607_SPY_v1,0,0.3,3,30,35,0.35,202606,d35,1,0,score_desc,,max_volume_component,SPY
SPY,zero_dte,10:25,625,202606,20260610,-0.6,0.5470297765923469,-0.2852869469809146,0.4169643133370909,PUT,0.4169643133370909,0.5470297765923469,d35,event_option_mh30trail_clean1000_frozen2025_select2026_d35_return_deploy202607_SPY_v1,0,0.3,3,30,35,0.35,202606,d35,1,0,score_desc,,max_volume_component,SPY
SPY,zero_dte,10:05,605,202606,20260611,-0.6,0.5087939614205195,-0.2230209219755169,0.3815078891517207,PUT,0.3815078891517207,0.5087939614205195,d35,event_option_mh30trail_clean1000_frozen2025_select2026_d35_return_deploy202607_SPY_v1,0,0.3,3,30,35,0.35,202606,d35,1,0,score_desc,,max_volume_component,SPY
SPY,zero_dte,10:15,615,202606,20260612,0.5053191280246265,0.3136363399915456,-0.3129032896644234,0.3808163389235245,PUT,0.3808163389235245,0.3136363399915456,d35,event_option_mh30trail_clean1000_frozen2025_select2026_d35_return_deploy202607_SPY_v1,0,0.3,3,30,35,0.35,202606,d35,1,0,score_desc,,max_volume_component,SPY
SPY,zero_dte,10:15,615,202606,20260615,0.4489247642620295,-0.6,-0.089426494270058,0.3073974528020959,PUT,0.3073974528020959,-0.6,d35,event_option_mh30trail_clean1000_frozen2025_select2026_d35_return_deploy202607_SPY_v1,0,0.3,3,30,35,0.35,202606,d35,1,0,score_desc,,max_volume_component,SPY
SPY,zero_dte,10:00,600,202606,20260616,-0.6,0.9722221670327388,-0.2341213611849917,0.5876426496597551,PUT,0.5876426496597551,0.9722221670327388,d35,event_option_mh30trail_clean1000_frozen2025_select2026_d35_return_deploy202607_SPY_v1,0,0.3,3,30,35,0.35,202606,d35,1,0,score_desc,,max_volume_component,SPY
SPY,zero_dte,10:20,620,202606,20260617,-0.4933333396911621,1.105072471905696,-0.1569001186790538,0.3413916587526446,PUT,0.3413916587526446,1.105072471905696,d35,event_option_mh30trail_clean1000_frozen2025_select2026_d35_return_deploy202607_SPY_v1,0,0.3,3,30,35,0.35,202606,d35,1,0,score_desc,,max_volume_component,SPY
SPY,zero_dte,10:00,600,202606,20260618,-0.6,-0.6,-0.493065330752427,0.3598759241811444,PUT,0.3598759241811444,-0.6,d35,event_option_mh30trail_clean1000_frozen2025_select2026_d35_return_deploy202607_SPY_v1,0,0.3,3,30,35,0.35,202606,d35,1,0,score_desc,,max_volume_component,SPY
SPY,zero_dte,10:00,600,202606,20260622,-0.6,2.539999961853028,-0.2251083117352071,0.452761140962774,PUT,0.452761140962774,2.539999961853028,d35,event_option_mh30trail_clean1000_frozen2025_select2026_d35_return_deploy202607_SPY_v1,0,0.3,3,30,35,0.35,202606,d35,1,0,score_desc,,max_volume_component,SPY
SPY,zero_dte,10:10,610,202606,20260623,-0.6,0.4193547720343469,-0.1487589193604157,0.5670006429911755,PUT,0.5670006429911755,0.4193547720343469,d35,event_option_mh30trail_clean1000_frozen2025_select2026_d35_return_deploy202607_SPY_v1,0,0.3,3,30,35,0.35,202606,d35,1,0,score_desc,,max_volume_component,SPY
SPY,zero_dte,10:00,600,202606,20260624,0.2839806667989157,-0.6,-0.0489755393259195,0.3318114048961014,PUT,0.3318114048961014,-0.6,d35,event_option_mh30trail_clean1000_frozen2025_select2026_d35_return_deploy202607_SPY_v1,0,0.3,3,30,35,0.35,202606,d35,1,0,score_desc,,max_volume_component,SPY
SPY,zero_dte,12:15,735,202606,20260626,0.2742719379241334,0.4166667423551078,-0.0326825455454041,0.3040336200725291,PUT,0.3040336200725291,0.4166667423551078,d35,event_option_mh30trail_clean1000_frozen2025_select2026_d35_return_deploy202607_SPY_v1,0,0.3,3,30,35,0.35,202606,d35,1,0,score_desc,,max_volume_component,SPY
SPY,zero_dte,10:15,615,202606,20260629,1.1148648343876912,-0.6,-0.2622277005593901,0.3294432602714392,PUT,0.3294432602714392,-0.6,d35,event_option_mh30trail_clean1000_frozen2025_select2026_d35_return_deploy202607_SPY_v1,0,0.3,3,30,35,0.35,202606,d35,1,0,score_desc,,max_volume_component,SPY
SPY,zero_dte,10:05,605,202606,20260630,0.4932431692272498,-0.6,-0.3739297506322654,0.3996760245855545,PUT,0.3996760245855545,-0.6,d35,event_option_mh30trail_clean1000_frozen2025_select2026_d35_return_deploy202607_SPY_v1,0,0.3,3,30,35,0.35,202606,d35,1,0,score_desc,,max_volume_component,SPY
