ticker,date,month,time,minute,expiry_mode,action,score,pred_call_return,pred_put_return,call_return,put_return,realized_return,deploy_config,test_month
SPXW,20260102,202601,10:30,630,zero_dte,PUT,0.26799972971056624,-0.14874123323844432,0.26799972971056624,0.5,-0.3,-0.3,thr-999.000_maxday3,202601
SPXW,20260102,202601,11:00,660,zero_dte,PUT,0.2402983215464057,-0.07369643881856783,0.2402983215464057,-0.3,-0.3,-0.3,thr-999.000_maxday3,202601
SPXW,20260102,202601,11:30,690,zero_dte,PUT,0.49163925428246624,-0.16918098639250415,0.49163925428246624,-0.3,-0.3,-0.3,thr-999.000_maxday3,202601
SPXW,20260105,202601,10:30,630,zero_dte,PUT,0.10404217369268845,-0.17167640514950214,0.10404217369268845,-0.3,-0.3,-0.3,thr-999.000_maxday3,202601
SPXW,20260105,202601,11:00,660,zero_dte,PUT,0.15201234856249618,-0.16950212429812558,0.15201234856249618,0.5,-0.3,-0.3,thr-999.000_maxday3,202601
SPXW,20260105,202601,11:30,690,zero_dte,PUT,0.2860606034152121,-0.19130816513036533,0.2860606034152121,0.5,-0.3,-0.3,thr-999.000_maxday3,202601
SPXW,20260106,202601,10:30,630,zero_dte,PUT,0.15686534744863745,-0.3183238432958329,0.15686534744863745,-0.3,0.5,0.5,thr-999.000_maxday3,202601
SPXW,20260106,202601,11:00,660,zero_dte,CALL,-0.17736231883908046,-0.17736231883908046,-0.2490845333731855,-0.3,0.5,-0.3,thr-999.000_maxday3,202601
SPXW,20260106,202601,11:40,700,zero_dte,PUT,-0.19623406582723282,-0.20318443721053717,-0.19623406582723282,-0.3,-0.3,-0.3,thr-999.000_maxday3,202601
SPXW,20260107,202601,10:30,630,zero_dte,PUT,0.1466285271298488,-0.18903845964177513,0.1466285271298488,0.5,-0.3,-0.3,thr-999.000_maxday3,202601
SPXW,20260107,202601,11:00,660,zero_dte,PUT,0.27003884234808223,-0.21221500710574315,0.27003884234808223,-0.3,0.5,0.5,thr-999.000_maxday3,202601
SPXW,20260107,202601,11:30,690,zero_dte,PUT,0.11791601063737482,-0.21221500710574315,0.11791601063737482,0.5,-0.3,-0.3,thr-999.000_maxday3,202601
SPXW,20260108,202601,10:30,630,zero_dte,CALL,-0.052954299661101295,-0.052954299661101295,-0.2576199125055771,-0.3,0.5,-0.3,thr-999.000_maxday3,202601
SPXW,20260108,202601,11:00,660,zero_dte,CALL,-0.048303027132583526,-0.048303027132583526,-0.2682727048183946,-0.3,0.5,-0.3,thr-999.000_maxday3,202601
SPXW,20260108,202601,11:30,690,zero_dte,CALL,-0.009888581746358628,-0.009888581746358628,-0.29334443238231034,-0.3,0.5,-0.3,thr-999.000_maxday3,202601
SPXW,20260109,202601,10:30,630,zero_dte,PUT,0.1740588896722172,-0.10106678197345453,0.1740588896722172,-0.3,0.5,0.5,thr-999.000_maxday3,202601
SPXW,20260109,202601,11:00,660,zero_dte,PUT,0.21460826882295397,-0.1704527851335283,0.21460826882295397,0.5,-0.3,-0.3,thr-999.000_maxday3,202601
SPXW,20260109,202601,11:30,690,zero_dte,PUT,0.32352366254241266,-0.16899342072523776,0.32352366254241266,0.5,-0.3,-0.3,thr-999.000_maxday3,202601
SPXW,20260112,202601,10:30,630,zero_dte,PUT,0.17126983170243085,-0.12370207530543367,0.17126983170243085,0.5,-0.3,-0.3,thr-999.000_maxday3,202601
SPXW,20260112,202601,11:00,660,zero_dte,PUT,0.17164963039330272,-0.16454148878422878,0.17164963039330272,0.5,-0.3,-0.3,thr-999.000_maxday3,202601
SPXW,20260112,202601,11:30,690,zero_dte,PUT,0.4669685976355211,-0.19194649042412532,0.4669685976355211,-0.3,-0.3,-0.3,thr-999.000_maxday3,202601
SPXW,20260113,202601,10:30,630,zero_dte,PUT,0.28351861553121405,-0.11573696773730999,0.28351861553121405,0.5,-0.3,-0.3,thr-999.000_maxday3,202601
SPXW,20260113,202601,11:50,710,zero_dte,PUT,0.27804928682685354,-0.16818586023504045,0.27804928682685354,-0.3,0.5,0.5,thr-999.000_maxday3,202601
SPXW,20260113,202601,12:30,750,zero_dte,PUT,-0.008250296751612554,-0.11216514073348316,-0.008250296751612554,-0.3,0.5,0.5,thr-999.000_maxday3,202601
SPXW,20260114,202601,10:30,630,zero_dte,PUT,0.24208846669461626,-0.08796143074196072,0.24208846669461626,-0.3,-0.3,-0.3,thr-999.000_maxday3,202601
SPXW,20260114,202601,11:00,660,zero_dte,PUT,0.39189013957954166,-0.043495869840669554,0.39189013957954166,0.5,-0.3,-0.3,thr-999.000_maxday3,202601
SPXW,20260114,202601,11:35,695,zero_dte,PUT,0.3881631392221278,-0.11257796849706772,0.3881631392221278,-0.3,0.5,0.5,thr-999.000_maxday3,202601
SPXW,20260115,202601,10:30,630,zero_dte,PUT,-0.030290484500330093,-0.20765409841074228,-0.030290484500330093,-0.3,0.5,0.5,thr-999.000_maxday3,202601
SPXW,20260115,202601,11:00,660,zero_dte,PUT,-0.04717707875152897,-0.27755167905305594,-0.04717707875152897,-0.3,-0.3,-0.3,thr-999.000_maxday3,202601
SPXW,20260115,202601,11:30,690,zero_dte,PUT,-0.03160429206091568,-0.1650223927444959,-0.03160429206091568,-0.3,-0.3,-0.3,thr-999.000_maxday3,202601
SPXW,20260116,202601,10:30,630,zero_dte,PUT,0.18299036552708614,-0.09145547787456368,0.18299036552708614,-0.3,0.5,0.5,thr-999.000_maxday3,202601
SPXW,20260116,202601,11:00,660,zero_dte,PUT,0.2815478329877561,-0.16818513378859135,0.2815478329877561,0.5,-0.3,-0.3,thr-999.000_maxday3,202601
SPXW,20260116,202601,11:30,690,zero_dte,CALL,-0.05229904567771372,-0.05229904567771372,-0.27611116995809426,-0.3,-0.3,-0.3,thr-999.000_maxday3,202601
SPXW,20260120,202601,10:30,630,zero_dte,PUT,0.16063013899718392,-0.11841108679611942,0.16063013899718392,-0.3,-0.3,-0.3,thr-999.000_maxday3,202601
SPXW,20260120,202601,11:00,660,zero_dte,PUT,0.2854474765691732,-0.07185440447036823,0.2854474765691732,-0.3,0.5,0.5,thr-999.000_maxday3,202601
SPXW,20260120,202601,11:30,690,zero_dte,PUT,0.2953131626653189,-0.06955913552173179,0.2953131626653189,-0.3,-0.3,-0.3,thr-999.000_maxday3,202601
SPXW,20260121,202601,10:30,630,zero_dte,PUT,0.41630967907707966,-0.17241901024353562,0.41630967907707966,0.5,-0.3,-0.3,thr-999.000_maxday3,202601
SPXW,20260121,202601,11:00,660,zero_dte,PUT,0.35265966970319856,-0.1741911500468492,0.35265966970319856,-0.3,0.5,0.5,thr-999.000_maxday3,202601
SPXW,20260121,202601,11:30,690,zero_dte,PUT,0.29250411130013004,-0.1723339611395612,0.29250411130013004,-0.3,0.5,0.5,thr-999.000_maxday3,202601
SPXW,20260122,202601,10:45,645,zero_dte,CALL,-0.13873208576260898,-0.13873208576260898,-0.24291115489035384,0.5,-0.3,0.5,thr-999.000_maxday3,202601
SPXW,20260122,202601,11:15,675,zero_dte,CALL,-0.09908549442911826,-0.09908549442911826,-0.23406056980137352,-0.3,-0.3,-0.3,thr-999.000_maxday3,202601
SPXW,20260122,202601,11:45,705,zero_dte,PUT,0.2687763974411264,-0.17111757514685244,0.2687763974411264,-0.3,-0.3,-0.3,thr-999.000_maxday3,202601
SPXW,20260123,202601,10:30,630,zero_dte,PUT,0.267355068954984,-0.17114504713844433,0.267355068954984,0.5,-0.3,-0.3,thr-999.000_maxday3,202601
SPXW,20260123,202601,11:00,660,zero_dte,PUT,0.309460705000425,-0.19177282265972953,0.309460705000425,-0.3,0.5,0.5,thr-999.000_maxday3,202601
SPXW,20260123,202601,11:30,690,zero_dte,PUT,0.2966929930656979,-0.1426008685029535,0.2966929930656979,-0.3,-0.3,-0.3,thr-999.000_maxday3,202601
SPXW,20260126,202601,10:30,630,zero_dte,PUT,0.21189334897628867,-0.17170690945079833,0.21189334897628867,-0.3,-0.3,-0.3,thr-999.000_maxday3,202601
SPXW,20260126,202601,11:00,660,zero_dte,PUT,0.30890513902801825,-0.1492294603225953,0.30890513902801825,-0.3,-0.3,-0.3,thr-999.000_maxday3,202601
SPXW,20260126,202601,11:30,690,zero_dte,PUT,0.2571804843543464,-0.1481591134940283,0.2571804843543464,-0.3,-0.3,-0.3,thr-999.000_maxday3,202601
SPXW,20260127,202601,10:30,630,zero_dte,PUT,-0.12818406946043878,-0.1699306235033439,-0.12818406946043878,0.5,-0.3,-0.3,thr-999.000_maxday3,202601
SPXW,20260127,202601,11:00,660,zero_dte,PUT,-0.07397048398401333,-0.2573197690021937,-0.07397048398401333,-0.3,-0.3,-0.3,thr-999.000_maxday3,202601
SPXW,20260127,202601,11:30,690,zero_dte,PUT,-0.048382048263689005,-0.21467929091422322,-0.048382048263689005,-0.3,0.5,0.5,thr-999.000_maxday3,202601
SPXW,20260128,202601,10:30,630,zero_dte,CALL,-0.15240284341875063,-0.15240284341875063,-0.24078004685071977,-0.3,0.5,-0.3,thr-999.000_maxday3,202601
SPXW,20260128,202601,11:00,660,zero_dte,CALL,-0.15266370894954356,-0.15266370894954356,-0.3075261131662817,-0.3,-0.11340209969586634,-0.3,thr-999.000_maxday3,202601
SPXW,20260128,202601,11:30,690,zero_dte,CALL,-0.15240284341875063,-0.15240284341875063,-0.24193707981291399,-0.3,0.5,-0.3,thr-999.000_maxday3,202601
SPXW,20260129,202601,10:30,630,zero_dte,PUT,0.15063910485545504,-0.1476046433188057,0.15063910485545504,-0.3,0.5,0.5,thr-999.000_maxday3,202601
SPXW,20260129,202601,11:00,660,zero_dte,PUT,0.36919106928540574,-0.11712510935927625,0.36919106928540574,0.5,-0.3,-0.3,thr-999.000_maxday3,202601
SPXW,20260129,202601,11:30,690,zero_dte,PUT,0.2764830334472113,-0.14392172325814154,0.2764830334472113,0.5,-0.3,-0.3,thr-999.000_maxday3,202601
SPXW,20260130,202601,10:30,630,zero_dte,PUT,0.1370979851110872,-0.12089038551905043,0.1370979851110872,0.5,-0.3,-0.3,thr-999.000_maxday3,202601
SPXW,20260130,202601,11:00,660,zero_dte,PUT,0.18232760194715814,-0.17052569348366298,0.18232760194715814,-0.3,0.5,0.5,thr-999.000_maxday3,202601
SPXW,20260130,202601,11:30,690,zero_dte,PUT,0.23851524352235257,-0.11458451012272225,0.23851524352235257,-0.3,-0.3,-0.3,thr-999.000_maxday3,202601
SPXW,20260202,202602,10:30,630,zero_dte,PUT,0.043701673903798116,-0.2130591791475228,0.043701673903798116,0.5,-0.3,-0.3,thr-999.000_maxday3,202602
SPXW,20260202,202602,11:00,660,zero_dte,PUT,0.04372992550587017,-0.21976589287426268,0.04372992550587017,0.5,-0.3,-0.3,thr-999.000_maxday3,202602
SPXW,20260202,202602,11:30,690,zero_dte,PUT,0.3646993353951151,-0.273203324225864,0.3646993353951151,-0.3,0.5,0.5,thr-999.000_maxday3,202602
SPXW,20260203,202602,10:30,630,zero_dte,CALL,-0.16271208500162182,-0.16271208500162182,-0.21738427416528824,-0.3,-0.3,-0.3,thr-999.000_maxday3,202602
SPXW,20260203,202602,11:10,670,zero_dte,CALL,-0.04706378300624874,-0.04706378300624874,-0.21758784842836648,-0.3,0.5,-0.3,thr-999.000_maxday3,202602
SPXW,20260203,202602,11:40,700,zero_dte,CALL,-0.04868843988329085,-0.04868843988329085,-0.2668079181138264,-0.3,0.5,-0.3,thr-999.000_maxday3,202602
SPXW,20260204,202602,11:05,665,zero_dte,CALL,-0.02517173734275894,-0.02517173734275894,-0.21715608446922316,-0.3,-0.3,-0.3,thr-999.000_maxday3,202602
SPXW,20260204,202602,11:35,695,zero_dte,CALL,-0.16570454289906106,-0.16570454289906106,-0.17314246246352588,-0.3,0.5,-0.3,thr-999.000_maxday3,202602
SPXW,20260204,202602,12:05,725,zero_dte,CALL,-0.028052402854477344,-0.028052402854477344,-0.23458729334533068,-0.3,0.5,-0.3,thr-999.000_maxday3,202602
SPXW,20260205,202602,10:30,630,zero_dte,PUT,-0.019716216737824654,-0.11601548690198842,-0.019716216737824654,-0.3,-0.3,-0.3,thr-999.000_maxday3,202602
SPXW,20260205,202602,11:00,660,zero_dte,PUT,-0.0251078418472372,-0.13228796505471957,-0.0251078418472372,-0.3,-0.3,-0.3,thr-999.000_maxday3,202602
SPXW,20260206,202602,10:30,630,zero_dte,PUT,0.08342510807535757,-0.29711552772555383,0.08342510807535757,-0.3,-0.3,-0.3,thr-999.000_maxday3,202602
SPXW,20260206,202602,11:00,660,zero_dte,PUT,0.07714323137201184,-0.021045431401156136,0.07714323137201184,0.5,-0.3,-0.3,thr-999.000_maxday3,202602
SPXW,20260206,202602,11:30,690,zero_dte,PUT,0.3779470968789048,-0.3010214433357979,0.3779470968789048,0.5,-0.3,-0.3,thr-999.000_maxday3,202602
SPXW,20260209,202602,10:30,630,zero_dte,PUT,0.45851522182444976,-0.27783943352329193,0.45851522182444976,0.5,-0.3,-0.3,thr-999.000_maxday3,202602
SPXW,20260209,202602,11:00,660,zero_dte,PUT,0.395250277260774,-0.29296876423804247,0.395250277260774,0.5,-0.3,-0.3,thr-999.000_maxday3,202602
SPXW,20260209,202602,11:30,690,zero_dte,PUT,0.361717225389759,-0.2651959689370041,0.361717225389759,0.5,-0.3,-0.3,thr-999.000_maxday3,202602
SPXW,20260210,202602,10:30,630,zero_dte,PUT,0.44684339163051945,-0.3267861703745965,0.44684339163051945,-0.3,0.5,0.5,thr-999.000_maxday3,202602
SPXW,20260210,202602,11:00,660,zero_dte,PUT,0.0631816593829127,-0.19907045721984593,0.0631816593829127,-0.3,0.5,0.5,thr-999.000_maxday3,202602
SPXW,20260210,202602,11:30,690,zero_dte,PUT,0.07872809224515648,-0.28128360170039596,0.07872809224515648,-0.3,-0.3,-0.3,thr-999.000_maxday3,202602
SPXW,20260211,202602,10:30,630,zero_dte,CALL,-0.162264300832503,-0.162264300832503,-0.2406317166353311,0.5,-0.3,0.5,thr-999.000_maxday3,202602
SPXW,20260212,202602,10:30,630,zero_dte,PUT,0.039791838339122976,-0.2887634428859101,0.039791838339122976,-0.3,0.5,0.5,thr-999.000_maxday3,202602
SPXW,20260212,202602,11:00,660,zero_dte,CALL,-0.13104665541212557,-0.13104665541212557,-0.2668079181138264,-0.3,0.5,-0.3,thr-999.000_maxday3,202602
SPXW,20260213,202602,10:30,630,zero_dte,PUT,0.4079388754365407,-0.08990546422936543,0.4079388754365407,-0.3,0.5,0.5,thr-999.000_maxday3,202602
SPXW,20260213,202602,11:00,660,zero_dte,PUT,0.33787917898512226,-0.04755748989494769,0.33787917898512226,0.5,-0.3,-0.3,thr-999.000_maxday3,202602
SPXW,20260213,202602,11:30,690,zero_dte,PUT,0.4319205789527499,-0.06395839163822932,0.4319205789527499,0.5,-0.3,-0.3,thr-999.000_maxday3,202602
SPXW,20260217,202602,10:30,630,zero_dte,CALL,-0.05576484050356705,-0.05576484050356705,-0.2406317166353311,0.5,-0.3,0.5,thr-999.000_maxday3,202602
SPXW,20260217,202602,11:15,675,zero_dte,PUT,0.33503381541945026,-0.27160383491779183,0.33503381541945026,-0.3,0.5,0.5,thr-999.000_maxday3,202602
SPXW,20260217,202602,11:45,705,zero_dte,PUT,0.05195890055751974,-0.0010531284010813018,0.05195890055751974,-0.3,-0.3,-0.3,thr-999.000_maxday3,202602
SPXW,20260218,202602,10:30,630,zero_dte,PUT,0.457715607131283,-0.2832198740617999,0.457715607131283,-0.3,-0.3,-0.3,thr-999.000_maxday3,202602
SPXW,20260218,202602,11:00,660,zero_dte,PUT,0.46882947884002835,-0.31149400807263655,0.46882947884002835,-0.3,-0.3,-0.3,thr-999.000_maxday3,202602
SPXW,20260218,202602,11:30,690,zero_dte,PUT,0.4801968447346698,-0.3104251835838741,0.4801968447346698,-0.3,0.5,0.5,thr-999.000_maxday3,202602
SPXW,20260219,202602,10:35,635,zero_dte,PUT,0.22296147527551985,-0.26552473623743394,0.22296147527551985,-0.3,0.5,0.5,thr-999.000_maxday3,202602
SPXW,20260219,202602,11:15,675,zero_dte,PUT,0.22434327857505737,-0.23432027784508447,0.22434327857505737,-0.3,0.5,0.5,thr-999.000_maxday3,202602
SPXW,20260219,202602,11:45,705,zero_dte,PUT,0.018962230374277994,-0.18562580657970143,0.018962230374277994,-0.3,-0.3,-0.3,thr-999.000_maxday3,202602
SPXW,20260220,202602,10:45,645,zero_dte,PUT,0.1930067167579582,-0.23750614569333506,0.1930067167579582,-0.3,-0.3,-0.3,thr-999.000_maxday3,202602
SPXW,20260220,202602,11:40,700,zero_dte,PUT,0.33332306775308307,-0.27621744290455197,0.33332306775308307,-0.3,-0.3,-0.3,thr-999.000_maxday3,202602
SPXW,20260220,202602,13:40,820,zero_dte,PUT,0.3012078238914441,-0.2713661868724396,0.3012078238914441,0.5,-0.3,-0.3,thr-999.000_maxday3,202602
SPXW,20260223,202602,10:30,630,zero_dte,CALL,-0.04499549980715155,-0.04499549980715155,-0.2668079181138264,-0.3,0.5,-0.3,thr-999.000_maxday3,202602
SPXW,20260223,202602,11:00,660,zero_dte,CALL,-0.004057179599157557,-0.004057179599157557,-0.2668079181138264,-0.3,0.5,-0.3,thr-999.000_maxday3,202602
SPXW,20260223,202602,11:30,690,zero_dte,CALL,-0.09817181442261154,-0.09817181442261154,-0.2668079181138264,-0.3,0.5,-0.3,thr-999.000_maxday3,202602
SPXW,20260224,202602,10:30,630,zero_dte,PUT,0.4466824755119561,-0.33418593908149213,0.4466824755119561,-0.3,-0.3,-0.3,thr-999.000_maxday3,202602
SPXW,20260224,202602,11:00,660,zero_dte,PUT,0.47470066142035094,-0.31622600178354515,0.47470066142035094,0.5,-0.3,-0.3,thr-999.000_maxday3,202602
SPXW,20260224,202602,11:30,690,zero_dte,PUT,0.4591140195397173,-0.3138232490667078,0.4591140195397173,0.5,-0.3,-0.3,thr-999.000_maxday3,202602
SPXW,20260225,202602,10:30,630,zero_dte,PUT,0.4345088385155089,-0.1553299504223559,0.4345088385155089,-0.3,0.5,0.5,thr-999.000_maxday3,202602
SPXW,20260225,202602,11:00,660,zero_dte,PUT,0.41418514903253456,-0.18067153377214085,0.41418514903253456,-0.3,-0.3,-0.3,thr-999.000_maxday3,202602
SPXW,20260225,202602,11:30,690,zero_dte,PUT,0.36504801370880235,-0.035851959387693415,0.36504801370880235,0.5,-0.3,-0.3,thr-999.000_maxday3,202602
SPXW,20260226,202602,10:30,630,zero_dte,CALL,-0.0996601486913798,-0.0996601486913798,-0.2668079181138264,0.5,-0.3,0.5,thr-999.000_maxday3,202602
SPXW,20260226,202602,12:15,735,zero_dte,PUT,8.24777961899618e-05,-0.026062138209709877,8.24777961899618e-05,-0.3,-0.3,-0.3,thr-999.000_maxday3,202602
SPXW,20260226,202602,12:45,765,zero_dte,CALL,-0.0167803229059358,-0.0167803229059358,-0.019716216737824654,-0.3,-0.3,-0.3,thr-999.000_maxday3,202602
SPXW,20260227,202602,10:30,630,zero_dte,PUT,0.18365310604520133,-0.20345505195139835,0.18365310604520133,-0.3,-0.3,-0.3,thr-999.000_maxday3,202602
SPXW,20260227,202602,11:00,660,zero_dte,PUT,0.3764759090407443,-0.04269537470974244,0.3764759090407443,-0.3,-0.3,-0.3,thr-999.000_maxday3,202602
SPXW,20260227,202602,11:30,690,zero_dte,PUT,0.3863160087533662,-0.07785875416930267,0.3863160087533662,-0.3,0.5,0.5,thr-999.000_maxday3,202602
SPXW,20260302,202603,10:45,645,zero_dte,PUT,0.3329895985038022,-0.17037499691330926,0.3329895985038022,-0.3,-0.3,-0.3,thr-999.000_maxday3,202603
SPXW,20260302,202603,11:15,675,zero_dte,PUT,0.41679448783108575,-0.16419075648994674,0.41679448783108575,-0.3,0.5,0.5,thr-999.000_maxday3,202603
SPXW,20260302,202603,11:45,705,zero_dte,PUT,0.4091982543511274,-0.14624409351856252,0.4091982543511274,-0.3,-0.3,-0.3,thr-999.000_maxday3,202603
SPXW,20260303,202603,10:30,630,zero_dte,CALL,0.0608870819626715,0.0608870819626715,0.015635754400410103,0.5,-0.3,0.5,thr-999.000_maxday3,202603
SPXW,20260303,202603,11:45,705,zero_dte,PUT,0.12660159521427874,0.006184484157740303,0.12660159521427874,-0.3,-0.3,-0.3,thr-999.000_maxday3,202603
SPXW,20260303,202603,12:25,745,zero_dte,CALL,0.18691438807063926,0.18691438807063926,0.11498353622411843,-0.3,0.5,-0.3,thr-999.000_maxday3,202603
SPXW,20260304,202603,10:30,630,zero_dte,PUT,-0.02301344260725917,-0.10879592459241919,-0.02301344260725917,-0.3,0.5,0.5,thr-999.000_maxday3,202603
SPXW,20260304,202603,11:00,660,zero_dte,PUT,0.18101678279857863,-0.02516891486211179,0.18101678279857863,-0.3,0.5,0.5,thr-999.000_maxday3,202603
SPXW,20260304,202603,11:30,690,zero_dte,PUT,0.052442624350695084,-0.052202916019824706,0.052442624350695084,-0.3,-0.3,-0.3,thr-999.000_maxday3,202603
SPXW,20260305,202603,10:30,630,zero_dte,CALL,0.08107560477691574,0.08107560477691574,-0.06364286084068652,0.5,-0.3,0.5,thr-999.000_maxday3,202603
SPXW,20260305,202603,11:05,665,zero_dte,CALL,-0.03466050698425105,-0.03466050698425105,-0.2990365414595303,-0.3,0.5,-0.3,thr-999.000_maxday3,202603
SPXW,20260305,202603,11:35,695,zero_dte,CALL,0.10029068388966547,0.10029068388966547,0.020416122629282024,0.5,-0.3,0.5,thr-999.000_maxday3,202603
SPXW,20260306,202603,10:30,630,zero_dte,CALL,-0.025697281936271958,-0.025697281936271958,-0.05831375443014813,-0.3,-0.3,-0.3,thr-999.000_maxday3,202603
SPXW,20260306,202603,11:00,660,zero_dte,PUT,-0.03610408983813864,-0.038691159926427104,-0.03610408983813864,-0.3,0.5,0.5,thr-999.000_maxday3,202603
SPXW,20260306,202603,11:40,700,zero_dte,PUT,-0.029940065096541818,-0.03035992347448229,-0.029940065096541818,-0.3,0.5,0.5,thr-999.000_maxday3,202603
SPXW,20260309,202603,10:55,655,zero_dte,PUT,-0.07270730868490996,-0.09925614244348431,-0.07270730868490996,0.5,-0.3,-0.3,thr-999.000_maxday3,202603
SPXW,20260309,202603,11:25,685,zero_dte,PUT,0.02203982321327149,-0.11877144500246628,0.02203982321327149,-0.3,-0.3,-0.3,thr-999.000_maxday3,202603
SPXW,20260309,202603,11:55,715,zero_dte,PUT,-0.018976636100598993,-0.034227116243971935,-0.018976636100598993,0.5,-0.3,-0.3,thr-999.000_maxday3,202603
SPXW,20260310,202603,10:30,630,zero_dte,PUT,0.047882831884521304,-0.07223875531770334,0.047882831884521304,0.5,-0.3,-0.3,thr-999.000_maxday3,202603
SPXW,20260310,202603,11:00,660,zero_dte,PUT,0.162319955653624,-0.1736480413539978,0.162319955653624,-0.3,-0.3,-0.3,thr-999.000_maxday3,202603
SPXW,20260310,202603,11:30,690,zero_dte,PUT,0.1810441810910993,-0.1291604803664248,0.1810441810910993,-0.3,-0.3,-0.3,thr-999.000_maxday3,202603
SPXW,20260311,202603,10:30,630,zero_dte,PUT,0.30300637727883417,-0.143958736358389,0.30300637727883417,-0.3,-0.3,-0.3,thr-999.000_maxday3,202603
SPXW,20260311,202603,11:15,675,zero_dte,CALL,-0.028504985496266358,-0.028504985496266358,-0.032205725499865286,-0.3,-0.3,-0.3,thr-999.000_maxday3,202603
SPXW,20260311,202603,11:45,705,zero_dte,PUT,-0.037842362232935634,-0.08190393046939015,-0.037842362232935634,0.5,-0.3,-0.3,thr-999.000_maxday3,202603
SPXW,20260312,202603,10:30,630,zero_dte,CALL,0.16088509529819658,0.16088509529819658,-0.037330478792472664,0.5,-0.3,0.5,thr-999.000_maxday3,202603
SPXW,20260312,202603,11:00,660,zero_dte,CALL,0.12662777070328765,0.12662777070328765,0.025990671000739228,0.5,-0.3,0.5,thr-999.000_maxday3,202603
SPXW,20260312,202603,11:30,690,zero_dte,CALL,0.1740899701862105,0.1740899701862105,0.007175636541418322,0.5,-0.3,0.5,thr-999.000_maxday3,202603
SPXW,20260313,202603,10:35,635,zero_dte,PUT,0.06980562187191615,-0.11427134792272302,0.06980562187191615,-0.3,0.5,0.5,thr-999.000_maxday3,202603
SPXW,20260313,202603,11:05,665,zero_dte,CALL,0.03551683595416975,0.03551683595416975,-0.02471463367937376,-0.3,-0.3,-0.3,thr-999.000_maxday3,202603
SPXW,20260313,202603,11:35,695,zero_dte,PUT,0.008878892714210912,-0.01414679241388244,0.008878892714210912,-0.3,-0.3,-0.3,thr-999.000_maxday3,202603
SPXW,20260316,202603,10:40,640,zero_dte,PUT,0.01629741443727451,-0.25165856058712394,0.01629741443727451,0.5,-0.3,-0.3,thr-999.000_maxday3,202603
SPXW,20260316,202603,11:10,670,zero_dte,PUT,0.04865549346924736,-0.2156101581333383,0.04865549346924736,0.5,-0.3,-0.3,thr-999.000_maxday3,202603
SPXW,20260316,202603,11:40,700,zero_dte,PUT,0.17006385523692463,-0.20890130605329235,0.17006385523692463,-0.3,0.5,0.5,thr-999.000_maxday3,202603
SPXW,20260317,202603,10:30,630,zero_dte,CALL,-0.13243113570414725,-0.13243113570414725,-0.23082799890467506,-0.3,-0.3,-0.3,thr-999.000_maxday3,202603
SPXW,20260317,202603,11:05,665,zero_dte,CALL,-0.12188853317754116,-0.12188853317754116,-0.24548753060193998,-0.3,0.5,-0.3,thr-999.000_maxday3,202603
SPXW,20260317,202603,11:35,695,zero_dte,PUT,0.015882599403669158,-0.1267348856386059,0.015882599403669158,-0.3,-0.3,-0.3,thr-999.000_maxday3,202603
SPXW,20260318,202603,10:30,630,zero_dte,PUT,-0.03483655832449547,-0.11016325783488042,-0.03483655832449547,-0.3,-0.3,-0.3,thr-999.000_maxday3,202603
SPXW,20260318,202603,11:20,680,zero_dte,CALL,-0.14882573981750782,-0.14882573981750782,-0.28363538613746025,-0.3,-0.3,-0.3,thr-999.000_maxday3,202603
SPXW,20260318,202603,11:50,710,zero_dte,CALL,-0.1878543216700717,-0.1878543216700717,-0.2555728213866848,-0.3,-0.3,-0.3,thr-999.000_maxday3,202603
SPXW,20260319,202603,10:35,635,zero_dte,CALL,0.019100259094270225,0.019100259094270225,0.005369468816635717,-0.3,0.5,-0.3,thr-999.000_maxday3,202603
SPXW,20260319,202603,11:05,665,zero_dte,CALL,0.16493062373167555,0.16493062373167555,-0.0037124836415156712,-0.3,0.5,-0.3,thr-999.000_maxday3,202603
SPXW,20260319,202603,12:05,725,zero_dte,CALL,0.18624265121149786,0.18624265121149786,-0.07365936931333575,-0.3,0.5,-0.3,thr-999.000_maxday3,202603
SPXW,20260320,202603,10:30,630,zero_dte,PUT,-0.17776301904374256,-0.20938360314479199,-0.17776301904374256,-0.3,-0.3,-0.3,thr-999.000_maxday3,202603
SPXW,20260320,202603,11:05,665,zero_dte,CALL,-0.0008906563670950785,-0.0008906563670950785,-0.010598112430332419,0.5,-0.3,0.5,thr-999.000_maxday3,202603
SPXW,20260320,202603,11:35,695,zero_dte,CALL,0.0026990620815552546,0.0026990620815552546,-0.006717935945339627,0.5,-0.3,0.5,thr-999.000_maxday3,202603
SPXW,20260323,202603,10:35,635,zero_dte,PUT,0.13220183014162584,-0.1430338996201398,0.13220183014162584,-0.3,-0.3,-0.3,thr-999.000_maxday3,202603
SPXW,20260323,202603,11:05,665,zero_dte,PUT,0.2261963495016002,-0.09965881232658454,0.2261963495016002,-0.3,0.5,0.5,thr-999.000_maxday3,202603
SPXW,20260323,202603,11:55,715,zero_dte,PUT,0.35843447621834135,-0.0001620845389400232,0.35843447621834135,-0.3,0.5,0.5,thr-999.000_maxday3,202603
SPXW,20260324,202603,10:30,630,zero_dte,CALL,-0.11201589774347237,-0.11201589774347237,-0.25286067831293113,0.5,-0.3,0.5,thr-999.000_maxday3,202603
SPXW,20260324,202603,11:00,660,zero_dte,PUT,-0.049216208354178365,-0.0680482644852626,-0.049216208354178365,-0.3,-0.3,-0.3,thr-999.000_maxday3,202603
SPXW,20260324,202603,11:30,690,zero_dte,PUT,0.02828919600186812,-0.1803884551297183,0.02828919600186812,-0.3,-0.3,-0.3,thr-999.000_maxday3,202603
SPXW,20260325,202603,11:15,675,zero_dte,PUT,-0.245453015831996,-0.2766328120441381,-0.245453015831996,-0.3,0.5,0.5,thr-999.000_maxday3,202603
SPXW,20260325,202603,11:45,705,zero_dte,PUT,0.004255568906531508,-0.08154472167504043,0.004255568906531508,0.5,-0.3,-0.3,thr-999.000_maxday3,202603
SPXW,20260325,202603,12:15,735,zero_dte,PUT,0.004156207114292937,-0.08944787473671575,0.004156207114292937,0.5,-0.3,-0.3,thr-999.000_maxday3,202603
SPXW,20260326,202603,10:30,630,zero_dte,PUT,0.0031413082938142834,-0.0001326461592744731,0.0031413082938142834,-0.3,0.5,0.5,thr-999.000_maxday3,202603
SPXW,20260326,202603,11:20,680,zero_dte,PUT,0.07574520950096121,-0.11698382219107782,0.07574520950096121,-0.3,0.5,0.5,thr-999.000_maxday3,202603
SPXW,20260326,202603,11:50,710,zero_dte,PUT,-0.009892224591637458,-0.018240775012224337,-0.009892224591637458,-0.3,0.5,0.5,thr-999.000_maxday3,202603
SPXW,20260327,202603,10:30,630,zero_dte,CALL,-0.15901811485052295,-0.15901811485052295,-0.20503928850660333,0.5,-0.3,0.5,thr-999.000_maxday3,202603
SPXW,20260327,202603,11:15,675,zero_dte,CALL,-0.17859331428200356,-0.17859331428200356,-0.19101539146802762,0.5,-0.3,0.5,thr-999.000_maxday3,202603
SPXW,20260327,202603,12:10,730,zero_dte,CALL,-0.07352443943484399,-0.07352443943484399,-0.17996279594678455,-0.3,0.5,-0.3,thr-999.000_maxday3,202603
SPXW,20260330,202603,10:35,635,zero_dte,CALL,-0.1883026321365024,-0.1883026321365024,-0.20605562227271826,0.5,-0.3,0.5,thr-999.000_maxday3,202603
SPXW,20260330,202603,12:25,745,zero_dte,CALL,0.00584323439576769,0.00584323439576769,-0.10870093467130519,-0.3,0.5,-0.3,thr-999.000_maxday3,202603
SPXW,20260330,202603,12:55,775,zero_dte,CALL,-0.01758117658488094,-0.01758117658488094,-0.3186745625303775,-0.3,0.5,-0.3,thr-999.000_maxday3,202603
SPXW,20260331,202603,10:30,630,zero_dte,PUT,0.23383879895690046,-0.3338374982688266,0.23383879895690046,-0.3,0.5,0.5,thr-999.000_maxday3,202603
SPXW,20260331,202603,11:00,660,zero_dte,PUT,-0.04016021769609152,-0.23080281511016462,-0.04016021769609152,0.5,-0.3,-0.3,thr-999.000_maxday3,202603
SPXW,20260331,202603,12:25,745,zero_dte,PUT,0.033103867046034435,-0.3004707791885544,0.033103867046034435,-0.3,-0.3,-0.3,thr-999.000_maxday3,202603
SPXW,20260401,202604,10:30,630,zero_dte,PUT,-0.16048221523101774,-0.23898361086762113,-0.16048221523101774,-0.3,0.5,0.5,thr-999.000_maxday3,202604
SPXW,20260401,202604,11:00,660,zero_dte,PUT,-0.08810395584483477,-0.23236129144771148,-0.08810395584483477,-0.3,-0.3,-0.3,thr-999.000_maxday3,202604
SPXW,20260401,202604,11:30,690,zero_dte,PUT,-0.15129406032649273,-0.19652424153985384,-0.15129406032649273,0.5,-0.3,-0.3,thr-999.000_maxday3,202604
SPXW,20260402,202604,10:30,630,zero_dte,CALL,-0.1581303385418331,-0.1581303385418331,-0.26195504192814034,0.5,-0.3,0.5,thr-999.000_maxday3,202604
SPXW,20260402,202604,11:00,660,zero_dte,PUT,-0.17904187223588336,-0.2574041512126468,-0.17904187223588336,-0.3,-0.3,-0.3,thr-999.000_maxday3,202604
SPXW,20260402,202604,11:30,690,zero_dte,PUT,-0.12058295526761778,-0.2497783000581303,-0.12058295526761778,-0.3,0.5,0.5,thr-999.000_maxday3,202604
SPXW,20260406,202604,10:30,630,zero_dte,PUT,-0.12601455850684867,-0.18153925080018626,-0.12601455850684867,-0.3,0.5,0.5,thr-999.000_maxday3,202604
SPXW,20260406,202604,11:25,685,zero_dte,CALL,-0.12519422323927132,-0.12519422323927132,-0.20950451228577813,-0.3,-0.3,-0.3,thr-999.000_maxday3,202604
SPXW,20260406,202604,12:40,760,zero_dte,CALL,-0.10274133068999818,-0.10274133068999818,-0.16223636039738187,-0.3,0.5,-0.3,thr-999.000_maxday3,202604
SPXW,20260407,202604,11:00,660,zero_dte,CALL,-0.13211083607098037,-0.13211083607098037,-0.293875242927532,-0.3,-0.3,-0.3,thr-999.000_maxday3,202604
SPXW,20260407,202604,11:30,690,zero_dte,CALL,-0.19168256442955178,-0.19168256442955178,-0.2494938314548036,0.5,-0.3,0.5,thr-999.000_maxday3,202604
SPXW,20260407,202604,12:50,770,zero_dte,CALL,-0.0844948501234754,-0.0844948501234754,-0.27825049267238416,-0.3,-0.3,-0.3,thr-999.000_maxday3,202604
SPXW,20260408,202604,10:30,630,zero_dte,PUT,0.3191016102764905,-0.1293345135269344,0.3191016102764905,-0.3,0.5,0.5,thr-999.000_maxday3,202604
SPXW,20260408,202604,11:00,660,zero_dte,PUT,0.21417825220591438,-0.05629498440821627,0.21417825220591438,0.5,-0.3,-0.3,thr-999.000_maxday3,202604
SPXW,20260408,202604,11:30,690,zero_dte,PUT,0.35867921813376935,-0.04931092679832079,0.35867921813376935,0.5,-0.3,-0.3,thr-999.000_maxday3,202604
SPXW,20260409,202604,10:30,630,zero_dte,PUT,-0.058945702431065915,-0.16915483188779107,-0.058945702431065915,0.5,-0.3,-0.3,thr-999.000_maxday3,202604
SPXW,20260409,202604,11:00,660,zero_dte,PUT,-0.12918647528021204,-0.13689114065263103,-0.12918647528021204,-0.3,-0.3,-0.3,thr-999.000_maxday3,202604
SPXW,20260409,202604,11:30,690,zero_dte,CALL,-0.07904739358214363,-0.07904739358214363,-0.14268335494386772,0.5,-0.3,0.5,thr-999.000_maxday3,202604
SPXW,20260410,202604,10:30,630,zero_dte,CALL,0.06783030166939032,0.06783030166939032,-0.09064640481682612,-0.3,0.5,-0.3,thr-999.000_maxday3,202604
SPXW,20260410,202604,11:00,660,zero_dte,PUT,0.10865940460825384,-0.029012097407648593,0.10865940460825384,-0.3,-0.3,-0.3,thr-999.000_maxday3,202604
SPXW,20260410,202604,11:30,690,zero_dte,PUT,0.13055774685674756,-0.08664074027053312,0.13055774685674756,-0.3,0.5,0.5,thr-999.000_maxday3,202604
SPXW,20260413,202604,10:30,630,zero_dte,PUT,0.09205386921768893,-0.020941696076654543,0.09205386921768893,-0.3,-0.3,-0.3,thr-999.000_maxday3,202604
SPXW,20260413,202604,11:00,660,zero_dte,PUT,0.034551746853996576,-0.10928873274777744,0.034551746853996576,-0.3,-0.3,-0.3,thr-999.000_maxday3,202604
SPXW,20260413,202604,11:30,690,zero_dte,PUT,0.26324765605124967,-0.10505580972298192,0.26324765605124967,0.5,-0.3,-0.3,thr-999.000_maxday3,202604
SPXW,20260414,202604,10:30,630,zero_dte,PUT,0.17539528599051232,-0.07497819764583734,0.17539528599051232,0.5,-0.3,-0.3,thr-999.000_maxday3,202604
SPXW,20260414,202604,11:00,660,zero_dte,PUT,0.13948182188648872,-0.09730610243743672,0.13948182188648872,0.5,-0.3,-0.3,thr-999.000_maxday3,202604
SPXW,20260414,202604,11:30,690,zero_dte,PUT,0.13824023264236807,-0.08142408813148337,0.13824023264236807,0.5,-0.3,-0.3,thr-999.000_maxday3,202604
SPXW,20260415,202604,10:30,630,zero_dte,CALL,-0.09887642096519694,-0.09887642096519694,-0.11541252117469446,-0.3,-0.3,-0.3,thr-999.000_maxday3,202604
SPXW,20260415,202604,11:00,660,zero_dte,PUT,-0.0962356377449277,-0.1451857951843779,-0.0962356377449277,0.5,-0.3,-0.3,thr-999.000_maxday3,202604
SPXW,20260415,202604,11:30,690,zero_dte,CALL,-0.10649788612669854,-0.10649788612669854,-0.11887483786874734,-0.3,-0.3,-0.3,thr-999.000_maxday3,202604
SPXW,20260416,202604,10:30,630,zero_dte,PUT,0.040559740709605045,-0.17792789991628788,0.040559740709605045,0.5,-0.3,-0.3,thr-999.000_maxday3,202604
SPXW,20260416,202604,11:00,660,zero_dte,PUT,0.10299394262993308,-0.20665612149147305,0.10299394262993308,0.5,-0.3,-0.3,thr-999.000_maxday3,202604
SPXW,20260416,202604,11:30,690,zero_dte,PUT,0.13625426948266306,-0.16326299365520144,0.13625426948266306,0.5,-0.3,-0.3,thr-999.000_maxday3,202604
SPXW,20260417,202604,10:30,630,zero_dte,PUT,0.33573758675058424,-0.2585444753873691,0.33573758675058424,0.5,-0.3,-0.3,thr-999.000_maxday3,202604
SPXW,20260417,202604,11:00,660,zero_dte,PUT,0.20104235944368656,-0.23626897959410423,0.20104235944368656,0.5,-0.3,-0.3,thr-999.000_maxday3,202604
SPXW,20260417,202604,11:30,690,zero_dte,PUT,0.3035308649068555,-0.26122254595172584,0.3035308649068555,0.5,-0.3,-0.3,thr-999.000_maxday3,202604
SPXW,20260420,202604,10:30,630,zero_dte,PUT,0.21252788397941816,-0.1259106807164137,0.21252788397941816,-0.3,0.5,0.5,thr-999.000_maxday3,202604
SPXW,20260420,202604,11:00,660,zero_dte,PUT,0.21356138074559256,-0.04244719754144991,0.21356138074559256,-0.3,-0.3,-0.3,thr-999.000_maxday3,202604
SPXW,20260420,202604,11:30,690,zero_dte,PUT,0.26118262733791897,0.06929705378974736,0.26118262733791897,-0.3,-0.3,-0.3,thr-999.000_maxday3,202604
SPXW,20260421,202604,10:30,630,zero_dte,PUT,-0.031233409267005966,-0.16325854882265955,-0.031233409267005966,-0.3,0.5,0.5,thr-999.000_maxday3,202604
SPXW,20260421,202604,11:00,660,zero_dte,PUT,0.08114019665562265,-0.0980108406917887,0.08114019665562265,-0.3,-0.3,-0.3,thr-999.000_maxday3,202604
SPXW,20260421,202604,11:30,690,zero_dte,PUT,0.22790392537083876,-0.13805259165931047,0.22790392537083876,-0.3,-0.3,-0.3,thr-999.000_maxday3,202604
SPXW,20260422,202604,10:30,630,zero_dte,PUT,0.11776993259459691,-0.25983543926329156,0.11776993259459691,-0.3,-0.3,-0.3,thr-999.000_maxday3,202604
SPXW,20260422,202604,11:00,660,zero_dte,PUT,0.16384504124042468,-0.28702320073678833,0.16384504124042468,-0.3,-0.3,-0.3,thr-999.000_maxday3,202604
SPXW,20260422,202604,11:30,690,zero_dte,PUT,0.05712283476980295,-0.21687406171050386,0.05712283476980295,-0.3,0.5,0.5,thr-999.000_maxday3,202604
SPXW,20260423,202604,10:30,630,zero_dte,PUT,0.03239003624638803,-0.1466774048107833,0.03239003624638803,0.5,-0.3,-0.3,thr-999.000_maxday3,202604
SPXW,20260423,202604,11:00,660,zero_dte,PUT,0.11509167117770848,-0.11991594939341926,0.11509167117770848,-0.3,-0.3,-0.3,thr-999.000_maxday3,202604
SPXW,20260423,202604,11:30,690,zero_dte,PUT,0.07601333487717288,-0.09377239578009246,0.07601333487717288,-0.3,0.5,0.5,thr-999.000_maxday3,202604
SPXW,20260424,202604,10:30,630,zero_dte,PUT,-0.0069818035501176025,-0.13947259962173483,-0.0069818035501176025,0.5,-0.3,-0.3,thr-999.000_maxday3,202604
SPXW,20260424,202604,11:00,660,zero_dte,PUT,0.04576101126217394,-0.12813919515447372,0.04576101126217394,0.5,-0.3,-0.3,thr-999.000_maxday3,202604
SPXW,20260424,202604,11:30,690,zero_dte,PUT,0.06760522779687686,-0.20740050692526504,0.06760522779687686,0.5,-0.3,-0.3,thr-999.000_maxday3,202604
SPXW,20260427,202604,10:30,630,zero_dte,PUT,0.1100133125073623,-0.12539065818944747,0.1100133125073623,0.5,-0.3,-0.3,thr-999.000_maxday3,202604
SPXW,20260427,202604,11:00,660,zero_dte,PUT,0.24356771018543746,-0.19047188509799864,0.24356771018543746,-0.3,0.5,0.5,thr-999.000_maxday3,202604
SPXW,20260427,202604,11:30,690,zero_dte,CALL,0.008914152666481075,0.008914152666481075,-0.08633900987277988,0.5,-0.3,0.5,thr-999.000_maxday3,202604
SPXW,20260428,202604,10:30,630,zero_dte,PUT,-0.03728448593483641,-0.1694449095002903,-0.03728448593483641,-0.3,0.5,0.5,thr-999.000_maxday3,202604
SPXW,20260428,202604,11:00,660,zero_dte,PUT,0.2018571350471129,0.009986448227450654,0.2018571350471129,-0.3,0.5,0.5,thr-999.000_maxday3,202604
SPXW,20260428,202604,11:30,690,zero_dte,PUT,0.20880652635309796,-0.20181318976028506,0.20880652635309796,-0.3,-0.3,-0.3,thr-999.000_maxday3,202604
SPXW,20260429,202604,10:30,630,zero_dte,PUT,0.07551965264046341,-0.18139279025080407,0.07551965264046341,-0.3,0.5,0.5,thr-999.000_maxday3,202604
SPXW,20260429,202604,11:00,660,zero_dte,PUT,0.07926951150351152,-0.1824116740898137,0.07926951150351152,-0.3,0.5,0.5,thr-999.000_maxday3,202604
SPXW,20260429,202604,11:30,690,zero_dte,PUT,0.1675367025059377,-0.05859463846404429,0.1675367025059377,-0.3,0.5,0.5,thr-999.000_maxday3,202604
SPXW,20260430,202604,10:55,655,zero_dte,PUT,-0.08298670814396619,-0.1467392160775029,-0.08298670814396619,-0.3,-0.3,-0.3,thr-999.000_maxday3,202604
SPXW,20260430,202604,11:25,685,zero_dte,PUT,0.08763295161767577,-0.1563334272580202,0.08763295161767577,-0.3,-0.3,-0.3,thr-999.000_maxday3,202604
SPXW,20260430,202604,11:55,715,zero_dte,PUT,-0.01061073688004202,-0.103493761325791,-0.01061073688004202,-0.3,0.5,0.5,thr-999.000_maxday3,202604
SPXW,20260501,202605,10:30,630,zero_dte,PUT,0.0882305696725223,-0.171799370706033,0.0882305696725223,-0.3,0.5,0.5,thr-999.000_maxday3,202605
SPXW,20260501,202605,11:05,665,zero_dte,CALL,-0.1453225717666053,-0.1453225717666053,-0.1937982000667966,0.5,-0.3,0.5,thr-999.000_maxday3,202605
SPXW,20260501,202605,11:40,700,zero_dte,PUT,0.33842218892326187,-0.14810171839239641,0.33842218892326187,-0.3,0.5,0.5,thr-999.000_maxday3,202605
SPXW,20260504,202605,10:30,630,zero_dte,PUT,0.21969829994239637,-0.2099825196367996,0.21969829994239637,-0.3,-0.3,-0.3,thr-999.000_maxday3,202605
SPXW,20260504,202605,11:00,660,zero_dte,PUT,0.2843617670841534,-0.2163535713080135,0.2843617670841534,-0.3,0.5,0.5,thr-999.000_maxday3,202605
SPXW,20260504,202605,11:30,690,zero_dte,PUT,0.15141190455062298,-0.2659779234950947,0.15141190455062298,-0.3,0.5,0.5,thr-999.000_maxday3,202605
SPXW,20260505,202605,10:30,630,zero_dte,PUT,0.02944999642981098,-0.16091475047576032,0.02944999642981098,-0.3,-0.3,-0.3,thr-999.000_maxday3,202605
SPXW,20260505,202605,11:00,660,zero_dte,PUT,-0.043354826455613886,-0.1721061013739774,-0.043354826455613886,-0.3,-0.3,-0.3,thr-999.000_maxday3,202605
SPXW,20260505,202605,11:30,690,zero_dte,PUT,-0.04720829127266412,-0.1748392936247753,-0.04720829127266412,-0.3,-0.3,-0.3,thr-999.000_maxday3,202605
SPXW,20260506,202605,10:30,630,zero_dte,CALL,-0.14479077445266017,-0.14479077445266017,-0.15528840087699652,0.5,-0.3,0.5,thr-999.000_maxday3,202605
SPXW,20260506,202605,11:00,660,zero_dte,PUT,-0.05860241386498085,-0.33317611056999946,-0.05860241386498085,-0.3,0.5,0.5,thr-999.000_maxday3,202605
SPXW,20260506,202605,11:30,690,zero_dte,PUT,0.016040292135860553,-0.332117524194835,0.016040292135860553,-0.3,0.5,0.5,thr-999.000_maxday3,202605
SPXW,20260507,202605,10:30,630,zero_dte,PUT,0.012205794343856975,-0.12491980289451696,0.012205794343856975,0.5,-0.3,-0.3,thr-999.000_maxday3,202605
SPXW,20260507,202605,11:00,660,zero_dte,PUT,0.06498842008936659,-0.23731375317379846,0.06498842008936659,-0.3,0.5,0.5,thr-999.000_maxday3,202605
SPXW,20260507,202605,11:30,690,zero_dte,PUT,0.026550872060878184,-0.19794733101926337,0.026550872060878184,-0.3,0.5,0.5,thr-999.000_maxday3,202605
SPXW,20260508,202605,10:30,630,zero_dte,PUT,-0.1489326880380856,-0.17642903963618708,-0.1489326880380856,0.24271844210729432,-0.3,-0.3,thr-999.000_maxday3,202605
SPXW,20260508,202605,11:00,660,zero_dte,CALL,-0.08738712226747601,-0.08738712226747601,-0.11013685971770498,-0.3,0.5,-0.3,thr-999.000_maxday3,202605
SPXW,20260508,202605,11:30,690,zero_dte,PUT,-0.0044917454475385,-0.15088524330426478,-0.0044917454475385,0.5,-0.3,-0.3,thr-999.000_maxday3,202605
SPXW,20260511,202605,10:30,630,zero_dte,PUT,-0.006393576397480169,-0.279617459772373,-0.006393576397480169,0.5,0.5,0.5,thr-999.000_maxday3,202605
SPXW,20260511,202605,11:00,660,zero_dte,PUT,-0.13826962300569745,-0.18441263268724306,-0.13826962300569745,-0.3,-0.3,-0.3,thr-999.000_maxday3,202605
SPXW,20260511,202605,11:30,690,zero_dte,PUT,-0.10016420581752937,-0.22817361289687046,-0.10016420581752937,-0.3,-0.3,-0.3,thr-999.000_maxday3,202605
SPXW,20260512,202605,10:30,630,zero_dte,PUT,0.2723356213722461,-0.19799024835975215,0.2723356213722461,-0.3,-0.3,-0.3,thr-999.000_maxday3,202605
SPXW,20260512,202605,11:00,660,zero_dte,PUT,0.2983286508358942,-0.1853510196882701,0.2983286508358942,-0.3,0.5,0.5,thr-999.000_maxday3,202605
SPXW,20260512,202605,11:30,690,zero_dte,PUT,-0.0050801603613111574,-0.1969488783877789,-0.0050801603613111574,0.5,-0.3,-0.3,thr-999.000_maxday3,202605
SPXW,20260513,202605,10:30,630,zero_dte,PUT,-0.06898126182709212,-0.1538047189877494,-0.06898126182709212,0.5,-0.3,-0.3,thr-999.000_maxday3,202605
SPXW,20260513,202605,11:00,660,zero_dte,PUT,-0.015813293430166863,-0.17918408314299328,-0.015813293430166863,0.5,-0.3,-0.3,thr-999.000_maxday3,202605
SPXW,20260513,202605,11:30,690,zero_dte,PUT,0.03645994560733836,-0.21874469055599186,0.03645994560733836,0.5,-0.3,-0.3,thr-999.000_maxday3,202605
SPXW,20260514,202605,10:30,630,zero_dte,PUT,-0.08889440201719728,-0.10929489035920055,-0.08889440201719728,0.5,-0.3,-0.3,thr-999.000_maxday3,202605
SPXW,20260514,202605,11:00,660,zero_dte,PUT,-0.09375908637074729,-0.19708106564075348,-0.09375908637074729,0.5,-0.3,-0.3,thr-999.000_maxday3,202605
SPXW,20260514,202605,11:30,690,zero_dte,PUT,-0.08382474102799964,-0.25969692352468204,-0.08382474102799964,-0.3,-0.3,-0.3,thr-999.000_maxday3,202605
SPXW,20260515,202605,10:30,630,zero_dte,PUT,0.09647121839249126,-0.27742770077583573,0.09647121839249126,-0.3,-0.3,-0.3,thr-999.000_maxday3,202605
SPXW,20260515,202605,11:10,670,zero_dte,PUT,0.001823029832612557,-0.2637082709415927,0.001823029832612557,-0.3,0.5,0.5,thr-999.000_maxday3,202605
SPXW,20260515,202605,11:40,700,zero_dte,PUT,0.11637149999979397,-0.08533492845889214,0.11637149999979397,-0.3,0.5,0.5,thr-999.000_maxday3,202605
SPXW,20260518,202605,10:35,635,zero_dte,PUT,0.017083949812010606,-0.14740414075592012,0.017083949812010606,0.5,-0.3,-0.3,thr-999.000_maxday3,202605
SPXW,20260518,202605,11:05,665,zero_dte,PUT,0.2905170901080447,-0.2288642668447149,0.2905170901080447,-0.3,0.5,0.5,thr-999.000_maxday3,202605
SPXW,20260518,202605,11:35,695,zero_dte,PUT,0.2245296085747252,-0.21200945104129224,0.2245296085747252,-0.3,-0.3,-0.3,thr-999.000_maxday3,202605
SPXW,20260519,202605,10:30,630,zero_dte,PUT,0.08776524688507255,-0.2368950717844611,0.08776524688507255,-0.3,-0.3,-0.3,thr-999.000_maxday3,202605
SPXW,20260519,202605,11:05,665,zero_dte,PUT,0.26785071642605324,-0.27043485191116606,0.26785071642605324,-0.3,-0.3,-0.3,thr-999.000_maxday3,202605
SPXW,20260519,202605,11:35,695,zero_dte,PUT,0.21032052947745086,-0.2387026156933581,0.21032052947745086,0.5,-0.3,-0.3,thr-999.000_maxday3,202605
SPXW,20260520,202605,10:30,630,zero_dte,PUT,0.25790860119229425,-0.24016853962636234,0.25790860119229425,0.5,-0.3,-0.3,thr-999.000_maxday3,202605
SPXW,20260520,202605,11:00,660,zero_dte,PUT,0.22613592716005118,-0.26171536796429457,0.22613592716005118,0.5,-0.3,-0.3,thr-999.000_maxday3,202605
SPXW,20260520,202605,11:30,690,zero_dte,PUT,0.3191089346035002,-0.23051738503693525,0.3191089346035002,-0.3,-0.3,-0.3,thr-999.000_maxday3,202605
SPXW,20260521,202605,10:35,635,zero_dte,PUT,0.08202793410518054,-0.2831362022111941,0.08202793410518054,-0.3,0.5,0.5,thr-999.000_maxday3,202605
SPXW,20260521,202605,11:05,665,zero_dte,PUT,0.07389682318854744,-0.2555855264113056,0.07389682318854744,-0.3,-0.3,-0.3,thr-999.000_maxday3,202605
SPXW,20260521,202605,11:35,695,zero_dte,PUT,0.14656202352508674,-0.2611808806306961,0.14656202352508674,-0.3,-0.3,-0.3,thr-999.000_maxday3,202605
SPXW,20260522,202605,10:30,630,zero_dte,PUT,-0.04121535126982425,-0.1865484820631219,-0.04121535126982425,0.5,-0.3,-0.3,thr-999.000_maxday3,202605
SPXW,20260522,202605,11:05,665,zero_dte,PUT,0.03576677909560058,-0.09833121312570295,0.03576677909560058,-0.3,-0.3,-0.3,thr-999.000_maxday3,202605
SPXW,20260522,202605,11:35,695,zero_dte,PUT,0.04484385902652486,-0.09299685045205548,0.04484385902652486,-0.3,-0.3,-0.3,thr-999.000_maxday3,202605
SPXW,20260526,202605,10:30,630,zero_dte,CALL,-0.013893403057725587,-0.013893403057725587,-0.1602028905666154,-0.3,0.5,-0.3,thr-999.000_maxday3,202605
SPXW,20260526,202605,11:00,660,zero_dte,CALL,-0.005163921170622261,-0.005163921170622261,-0.0850451090019117,-0.3,0.5,-0.3,thr-999.000_maxday3,202605
SPXW,20260526,202605,11:30,690,zero_dte,CALL,-0.1971505766518664,-0.1971505766518664,-0.2277827713761516,-0.3,0.5,-0.3,thr-999.000_maxday3,202605
SPXW,20260527,202605,10:30,630,zero_dte,PUT,-0.10810321274212978,-0.1586174313621648,-0.10810321274212978,-0.3,-0.3,-0.3,thr-999.000_maxday3,202605
SPXW,20260527,202605,11:00,660,zero_dte,PUT,-0.02293915242187024,-0.21588336314493003,-0.02293915242187024,-0.3,-0.3,-0.3,thr-999.000_maxday3,202605
SPXW,20260527,202605,11:30,690,zero_dte,PUT,-0.19387363922450124,-0.2730090620800652,-0.19387363922450124,-0.3,0.5,0.5,thr-999.000_maxday3,202605
SPXW,20260528,202605,10:30,630,zero_dte,PUT,0.3026971263536101,-0.2080726115008626,0.3026971263536101,-0.3,0.5,0.5,thr-999.000_maxday3,202605
SPXW,20260528,202605,11:00,660,zero_dte,PUT,0.3907295249517967,-0.21863512696171902,0.3907295249517967,0.5,-0.3,-0.3,thr-999.000_maxday3,202605
SPXW,20260528,202605,11:30,690,zero_dte,PUT,0.3105431638733034,-0.11387633329079959,0.3105431638733034,0.010101049022522401,-0.3,-0.3,thr-999.000_maxday3,202605
SPXW,20260529,202605,10:30,630,zero_dte,CALL,-0.12115338241764326,-0.12115338241764326,-0.20176361384546312,-0.3,0.5,-0.3,thr-999.000_maxday3,202605
SPXW,20260529,202605,11:00,660,zero_dte,PUT,0.1253232505161135,-0.12400406337277887,0.1253232505161135,0.5,-0.3,-0.3,thr-999.000_maxday3,202605
SPXW,20260529,202605,11:30,690,zero_dte,CALL,-0.16799317876528894,-0.16799317876528894,-0.23445378720933677,-0.3,-0.3,-0.3,thr-999.000_maxday3,202605
SPXW,20260601,202606,10:30,630,zero_dte,CALL,0.09579534721473969,0.09579534721473969,0.049505004078290005,-0.3,-0.3,-0.3,thr-999.000_maxday3,202606
SPXW,20260601,202606,11:00,660,zero_dte,PUT,-0.012221917933488232,-0.11225719692585354,-0.012221917933488232,0.5,-0.3,-0.3,thr-999.000_maxday3,202606
SPXW,20260601,202606,11:30,690,zero_dte,CALL,0.004612669689514522,0.004612669689514522,-0.10971102423858581,-0.3,-0.3,-0.3,thr-999.000_maxday3,202606
SPXW,20260602,202606,10:30,630,zero_dte,PUT,-0.11172930203512478,-0.11662260794461363,-0.11172930203512478,0.5,-0.3,-0.3,thr-999.000_maxday3,202606
SPXW,20260602,202606,11:00,660,zero_dte,PUT,0.1714680748271965,-0.12136293924963724,0.1714680748271965,0.5,-0.3,-0.3,thr-999.000_maxday3,202606
SPXW,20260602,202606,11:30,690,zero_dte,PUT,0.19570733202657317,-0.11914710462314006,0.19570733202657317,-0.3,-0.3,-0.3,thr-999.000_maxday3,202606
SPXW,20260603,202606,10:50,650,zero_dte,PUT,0.0024699369858124237,-0.2374652514767364,0.0024699369858124237,-0.3,-0.3,-0.3,thr-999.000_maxday3,202606
SPXW,20260603,202606,11:20,680,zero_dte,PUT,0.0649361121956242,-0.25323479488355427,0.0649361121956242,-0.3,0.5,0.5,thr-999.000_maxday3,202606
SPXW,20260603,202606,11:50,710,zero_dte,PUT,0.021033808468185828,-0.21426602196990704,0.021033808468185828,-0.3,0.5,0.5,thr-999.000_maxday3,202606
SPXW,20260604,202606,10:30,630,zero_dte,PUT,0.10227172861095443,-0.14767753367967398,0.10227172861095443,0.5,-0.3,-0.3,thr-999.000_maxday3,202606
SPXW,20260604,202606,11:00,660,zero_dte,PUT,0.05683228155048077,-0.09700622781374314,0.05683228155048077,0.5,-0.3,-0.3,thr-999.000_maxday3,202606
SPXW,20260604,202606,11:30,690,zero_dte,PUT,0.07390000041152532,-0.18624489871695757,0.07390000041152532,-0.3,-0.3,-0.3,thr-999.000_maxday3,202606
SPXW,20260605,202606,10:30,630,zero_dte,PUT,0.12865542943008862,-0.29632209482544997,0.12865542943008862,-0.3,-0.3,-0.3,thr-999.000_maxday3,202606
SPXW,20260605,202606,11:05,665,zero_dte,PUT,0.12319934755233061,-0.305253054218865,0.12319934755233061,-0.3,0.5,0.5,thr-999.000_maxday3,202606
SPXW,20260605,202606,11:35,695,zero_dte,PUT,0.0821331379410685,-0.2884955640389811,0.0821331379410685,-0.3,0.5,0.5,thr-999.000_maxday3,202606
SPXW,20260608,202606,10:35,635,zero_dte,PUT,-0.04971150112763916,-0.2257433660728335,-0.04971150112763916,0.5,-0.3,-0.3,thr-999.000_maxday3,202606
SPXW,20260608,202606,11:05,665,zero_dte,PUT,-0.10733931825137978,-0.14100432262305546,-0.10733931825137978,-0.3,0.5,0.5,thr-999.000_maxday3,202606
SPXW,20260608,202606,11:40,700,zero_dte,PUT,-0.00871201396127706,-0.15686709231793164,-0.00871201396127706,-0.3,0.5,0.5,thr-999.000_maxday3,202606
SPXW,20260609,202606,10:30,630,zero_dte,CALL,0.26327540966680807,0.26327540966680807,0.11063636516475364,-0.3,0.5,-0.3,thr-999.000_maxday3,202606
SPXW,20260609,202606,11:00,660,zero_dte,CALL,0.2171450130487357,0.2171450130487357,0.08177055747228519,-0.3,0.5,-0.3,thr-999.000_maxday3,202606
SPXW,20260609,202606,11:30,690,zero_dte,CALL,0.3092162200101844,0.3092162200101844,0.12715099205540292,-0.3,-0.3,-0.3,thr-999.000_maxday3,202606
SPXW,20260610,202606,10:30,630,zero_dte,PUT,0.0019686171832820603,-0.21412223510284542,0.0019686171832820603,-0.3,0.5,0.5,thr-999.000_maxday3,202606
SPXW,20260610,202606,11:00,660,zero_dte,PUT,0.018756318774150214,-0.23143581259526907,0.018756318774150214,-0.3,-0.3,-0.3,thr-999.000_maxday3,202606
SPXW,20260610,202606,11:30,690,zero_dte,PUT,0.2165878751177124,-0.2310632059171136,0.2165878751177124,-0.3,0.5,0.5,thr-999.000_maxday3,202606
SPXW,20260611,202606,10:55,655,zero_dte,PUT,0.19646095319202284,-0.27584805815939845,0.19646095319202284,0.5,-0.3,-0.3,thr-999.000_maxday3,202606
SPXW,20260611,202606,11:30,690,zero_dte,PUT,0.1117926120428829,-0.3044581522849366,0.1117926120428829,0.5,-0.3,-0.3,thr-999.000_maxday3,202606
SPXW,20260611,202606,12:30,750,zero_dte,PUT,0.13272726660278433,-0.2956155111165508,0.13272726660278433,0.5,-0.3,-0.3,thr-999.000_maxday3,202606
SPXW,20260612,202606,10:30,630,zero_dte,PUT,-0.1375297369012327,-0.22399552870122946,-0.1375297369012327,-0.3,0.5,0.5,thr-999.000_maxday3,202606
SPXW,20260612,202606,11:00,660,zero_dte,CALL,-0.023765572313035548,-0.023765572313035548,-0.08505278410769052,-0.3,-0.3,-0.3,thr-999.000_maxday3,202606
SPXW,20260612,202606,11:30,690,zero_dte,PUT,0.20649331952960792,-0.05863092344364507,0.20649331952960792,-0.3,0.5,0.5,thr-999.000_maxday3,202606
SPXW,20260615,202606,10:30,630,zero_dte,PUT,0.2607295106938183,-0.04543885993026339,0.2607295106938183,0.5,-0.3,-0.3,thr-999.000_maxday3,202606
SPXW,20260615,202606,11:00,660,zero_dte,PUT,0.04778840381918929,-0.092375351294638,0.04778840381918929,0.5,-0.3,-0.3,thr-999.000_maxday3,202606
SPXW,20260615,202606,11:30,690,zero_dte,PUT,0.3415325527470541,-0.14017921553762802,0.3415325527470541,0.5,-0.3,-0.3,thr-999.000_maxday3,202606
SPXW,20260616,202606,10:30,630,zero_dte,CALL,0.04471300538202303,0.04471300538202303,-0.05218744868830601,0.5,-0.3,0.5,thr-999.000_maxday3,202606
SPXW,20260616,202606,11:00,660,zero_dte,CALL,0.07809867530612007,0.07809867530612007,0.048849678271419075,-0.3,-0.3,-0.3,thr-999.000_maxday3,202606
SPXW,20260616,202606,11:30,690,zero_dte,PUT,0.05785513692481307,-0.010122575262309627,0.05785513692481307,-0.3,0.5,0.5,thr-999.000_maxday3,202606
SPXW,20260617,202606,10:30,630,zero_dte,PUT,0.14727932956012185,-0.09409817328314604,0.14727932956012185,-0.3,0.5,0.5,thr-999.000_maxday3,202606
SPXW,20260617,202606,11:00,660,zero_dte,PUT,-0.037320232912549135,-0.28739841409501865,-0.037320232912549135,-0.3,-0.3,-0.3,thr-999.000_maxday3,202606
SPXW,20260617,202606,11:30,690,zero_dte,PUT,-0.012027952916490314,-0.15647628468791486,-0.012027952916490314,-0.3,0.5,0.5,thr-999.000_maxday3,202606
SPXW,20260618,202606,10:30,630,zero_dte,PUT,-0.07478584820707722,-0.14439532790262982,-0.07478584820707722,0.5,-0.3,-0.3,thr-999.000_maxday3,202606
SPXW,20260618,202606,11:00,660,zero_dte,PUT,-0.011273490837015192,-0.2213556070233485,-0.011273490837015192,-0.3,0.5,0.5,thr-999.000_maxday3,202606
SPXW,20260618,202606,11:35,695,zero_dte,PUT,-0.04316162344107714,-0.26182768548423524,-0.04316162344107714,0.5,-0.3,-0.3,thr-999.000_maxday3,202606
SPXW,20260622,202606,10:30,630,zero_dte,PUT,-0.055852614355596214,-0.27326113159829823,-0.055852614355596214,-0.3,0.5,0.5,thr-999.000_maxday3,202606
SPXW,20260622,202606,11:00,660,zero_dte,PUT,-0.013916662986009663,-0.2827428758309653,-0.013916662986009663,-0.3,-0.3,-0.3,thr-999.000_maxday3,202606
SPXW,20260622,202606,11:30,690,zero_dte,PUT,-0.007986993213689658,-0.31109390833920725,-0.007986993213689658,0.5,-0.3,-0.3,thr-999.000_maxday3,202606
SPXW,20260623,202606,10:30,630,zero_dte,CALL,0.21335402783439397,0.21335402783439397,-0.05029217555309111,-0.3,0.5,-0.3,thr-999.000_maxday3,202606
SPXW,20260624,202606,10:30,630,zero_dte,CALL,-0.05848846889940712,-0.05848846889940712,-0.10262725928244028,0.5,-0.3,0.5,thr-999.000_maxday3,202606
SPXW,20260624,202606,11:00,660,zero_dte,PUT,0.06228268328548316,-0.131367866669733,0.06228268328548316,-0.3,0.5,0.5,thr-999.000_maxday3,202606
SPXW,20260624,202606,11:30,690,zero_dte,PUT,0.0836328523672985,-0.05051583491065991,0.0836328523672985,-0.3,0.5,0.5,thr-999.000_maxday3,202606
SPXW,20260626,202606,10:30,630,zero_dte,CALL,0.2584513444833199,0.2584513444833199,-0.09259532003728888,-0.3,0.5,-0.3,thr-999.000_maxday3,202606
SPXW,20260626,202606,11:00,660,zero_dte,CALL,0.1605009622693324,0.1605009622693324,-0.030509153199923634,-0.3,-0.3,-0.3,thr-999.000_maxday3,202606
SPXW,20260626,202606,11:30,690,zero_dte,PUT,0.0064550897249396845,-0.02973808266004911,0.0064550897249396845,-0.3,-0.3,-0.3,thr-999.000_maxday3,202606
SPXW,20260629,202606,12:00,720,zero_dte,PUT,0.051204491163113104,-0.15142417819394408,0.051204491163113104,-0.3,-0.3,-0.3,thr-999.000_maxday3,202606
SPXW,20260629,202606,12:40,760,zero_dte,PUT,-0.06626152017439392,-0.20236484797088541,-0.06626152017439392,0.5,-0.3,-0.3,thr-999.000_maxday3,202606
SPXW,20260629,202606,13:10,790,zero_dte,PUT,-0.01910820300717065,-0.10340472735453239,-0.01910820300717065,0.5,-0.3,-0.3,thr-999.000_maxday3,202606
SPXW,20260630,202606,10:30,630,zero_dte,PUT,0.06286344530280548,-0.07986971253185077,0.06286344530280548,-0.3,0.5,0.5,thr-999.000_maxday3,202606
SPXW,20260630,202606,11:00,660,zero_dte,PUT,-0.08016895685824305,-0.20645691644932804,-0.08016895685824305,0.5,-0.3,-0.3,thr-999.000_maxday3,202606
SPXW,20260630,202606,11:30,690,zero_dte,CALL,0.12272504503817476,0.12272504503817476,0.10144685692933697,0.5,-0.3,0.5,thr-999.000_maxday3,202606
QQQ,20260102,202601,10:30,630,zero_dte,PUT,0.21334786612769924,-0.12739695268428008,0.21334786612769924,0.5,-0.3,-0.3,thr-999.000_maxday3,202601
QQQ,20260102,202601,11:00,660,zero_dte,PUT,0.24614561899342638,-0.1278493285928839,0.24614561899342638,-0.3,-0.3,-0.3,thr-999.000_maxday3,202601
QQQ,20260102,202601,11:30,690,zero_dte,PUT,0.35436085449778665,-0.14671947032190377,0.35436085449778665,-0.3,-0.3,-0.3,thr-999.000_maxday3,202601
QQQ,20260105,202601,10:30,630,zero_dte,PUT,0.12707897989275668,-0.17141756725603563,0.12707897989275668,-0.3,-0.3,-0.3,thr-999.000_maxday3,202601
QQQ,20260105,202601,11:00,660,zero_dte,PUT,0.06497153437453962,-0.15009034996300866,0.06497153437453962,0.5,-0.3,-0.3,thr-999.000_maxday3,202601
QQQ,20260105,202601,11:30,690,zero_dte,PUT,0.27455616423630924,-0.17183955795562797,0.27455616423630924,-0.3,-0.3,-0.3,thr-999.000_maxday3,202601
QQQ,20260106,202601,10:30,630,zero_dte,PUT,0.2504610832599779,-0.27198051850150257,0.2504610832599779,-0.3,0.5,0.5,thr-999.000_maxday3,202601
QQQ,20260106,202601,12:20,740,zero_dte,PUT,0.2400844522427421,-0.16751927686297535,0.2400844522427421,0.5,-0.3,-0.3,thr-999.000_maxday3,202601
QQQ,20260106,202601,12:50,770,zero_dte,PUT,0.24203228186177927,-0.29696042145201745,0.24203228186177927,0.5,-0.3,-0.3,thr-999.000_maxday3,202601
QQQ,20260107,202601,10:30,630,zero_dte,PUT,0.2818804598300017,-0.16940671198537885,0.2818804598300017,-0.3,-0.3,-0.3,thr-999.000_maxday3,202601
QQQ,20260107,202601,11:00,660,zero_dte,PUT,0.21923548526382586,-0.08976481232883413,0.21923548526382586,-0.3,-0.3,-0.3,thr-999.000_maxday3,202601
QQQ,20260107,202601,11:30,690,zero_dte,PUT,0.20489450722510855,-0.13571756385676353,0.20489450722510855,0.5,-0.3,-0.3,thr-999.000_maxday3,202601
QQQ,20260108,202601,11:35,695,zero_dte,PUT,0.11147497024186678,-0.04287053827516975,0.11147497024186678,0.5,-0.3,-0.3,thr-999.000_maxday3,202601
QQQ,20260108,202601,14:15,855,zero_dte,PUT,-0.06116380964788906,-0.19465473732426203,-0.06116380964788906,0.5,-0.3,-0.3,thr-999.000_maxday3,202601
QQQ,20260109,202601,10:30,630,zero_dte,PUT,0.039838767709619416,-0.12267746960143375,0.039838767709619416,-0.3,0.5,0.5,thr-999.000_maxday3,202601
QQQ,20260109,202601,11:00,660,zero_dte,PUT,0.26557919228649757,-0.07754743809072831,0.26557919228649757,0.5,-0.3,-0.3,thr-999.000_maxday3,202601
QQQ,20260109,202601,11:30,690,zero_dte,PUT,0.37907863537316255,-0.17100287624617133,0.37907863537316255,0.5,-0.3,-0.3,thr-999.000_maxday3,202601
QQQ,20260112,202601,10:30,630,zero_dte,PUT,0.23369942026811039,-0.09596510109634954,0.23369942026811039,-0.3,-0.3,-0.3,thr-999.000_maxday3,202601
QQQ,20260112,202601,11:00,660,zero_dte,PUT,0.34732514598403724,-0.13692410464835664,0.34732514598403724,0.5,-0.3,-0.3,thr-999.000_maxday3,202601
QQQ,20260112,202601,11:30,690,zero_dte,PUT,0.4031268589693577,-0.1695650593433434,0.4031268589693577,-0.3,-0.3,-0.3,thr-999.000_maxday3,202601
QQQ,20260113,202601,10:30,630,zero_dte,PUT,0.2256495963442748,-0.1417058934744047,0.2256495963442748,-0.3,-0.3,-0.3,thr-999.000_maxday3,202601
QQQ,20260113,202601,11:50,710,zero_dte,PUT,0.25743283442093146,-0.19033738477754475,0.25743283442093146,-0.3,0.5,0.5,thr-999.000_maxday3,202601
QQQ,20260113,202601,13:00,780,zero_dte,PUT,0.24739365961812165,-0.14396288730701767,0.24739365961812165,-0.3,-0.3,-0.3,thr-999.000_maxday3,202601
QQQ,20260114,202601,10:30,630,zero_dte,PUT,0.2471630140207718,-0.1173815043788072,0.2471630140207718,-0.3,-0.3,-0.3,thr-999.000_maxday3,202601
QQQ,20260114,202601,11:00,660,zero_dte,PUT,0.22029130389100943,-0.09526790721128622,0.22029130389100943,0.5,-0.3,-0.3,thr-999.000_maxday3,202601
QQQ,20260114,202601,11:30,690,zero_dte,PUT,0.0471201529818136,-0.15681175894542046,0.0471201529818136,-0.3,0.5,0.5,thr-999.000_maxday3,202601
QQQ,20260115,202601,10:30,630,zero_dte,PUT,-0.15185832281872932,-0.21167660592350568,-0.15185832281872932,-0.3,-0.3,-0.3,thr-999.000_maxday3,202601
QQQ,20260115,202601,11:00,660,zero_dte,PUT,-0.17909542418069155,-0.29756646970309203,-0.17909542418069155,-0.3,-0.3,-0.3,thr-999.000_maxday3,202601
QQQ,20260115,202601,11:30,690,zero_dte,PUT,-0.08382699242465065,-0.2111150066249653,-0.08382699242465065,-0.3,-0.3,-0.3,thr-999.000_maxday3,202601
QQQ,20260116,202601,10:30,630,zero_dte,PUT,0.11427808957752067,-0.07209795595873583,0.11427808957752067,-0.3,0.5,0.5,thr-999.000_maxday3,202601
QQQ,20260116,202601,11:00,660,zero_dte,PUT,0.28388497857639855,-0.1191193134984273,0.28388497857639855,0.5,-0.3,-0.3,thr-999.000_maxday3,202601
QQQ,20260116,202601,11:55,715,zero_dte,PUT,0.32507461619262645,-0.16514920276457531,0.32507461619262645,-0.3,0.5,0.5,thr-999.000_maxday3,202601
QQQ,20260120,202601,10:30,630,zero_dte,PUT,0.30009883416422384,-0.11661719543763877,0.30009883416422384,-0.3,-0.3,-0.3,thr-999.000_maxday3,202601
QQQ,20260120,202601,11:00,660,zero_dte,PUT,0.3534871227638341,-0.07084533550554697,0.3534871227638341,-0.3,-0.3,-0.3,thr-999.000_maxday3,202601
QQQ,20260120,202601,11:30,690,zero_dte,PUT,0.36866224213969134,-0.05077176256841652,0.36866224213969134,-0.3,-0.3,-0.3,thr-999.000_maxday3,202601
QQQ,20260121,202601,10:30,630,zero_dte,PUT,0.3242350634702582,-0.15032552713072486,0.3242350634702582,0.5,-0.3,-0.3,thr-999.000_maxday3,202601
QQQ,20260121,202601,11:00,660,zero_dte,PUT,0.2618241780340546,-0.21871643482008996,0.2618241780340546,-0.3,0.5,0.5,thr-999.000_maxday3,202601
QQQ,20260121,202601,11:30,690,zero_dte,PUT,0.345912329239859,-0.19117281039397976,0.345912329239859,-0.3,0.5,0.5,thr-999.000_maxday3,202601
QQQ,20260122,202601,11:25,685,zero_dte,PUT,0.21838823984479605,-0.14787722595722283,0.21838823984479605,-0.3,-0.3,-0.3,thr-999.000_maxday3,202601
QQQ,20260122,202601,12:10,730,zero_dte,PUT,0.2109053965560877,-0.1478771996095025,0.2109053965560877,-0.3,-0.3,-0.3,thr-999.000_maxday3,202601
QQQ,20260122,202601,12:40,760,zero_dte,PUT,0.3270105005269897,-0.1486368571764766,0.3270105005269897,-0.3,-0.3,-0.3,thr-999.000_maxday3,202601
QQQ,20260123,202601,10:30,630,zero_dte,PUT,0.16983636525200674,-0.1698558952059761,0.16983636525200674,0.5,-0.3,-0.3,thr-999.000_maxday3,202601
QQQ,20260123,202601,11:00,660,zero_dte,PUT,0.4937905346697998,-0.21089622879292888,0.4937905346697998,-0.3,0.5,0.5,thr-999.000_maxday3,202601
QQQ,20260123,202601,11:30,690,zero_dte,PUT,0.3104098962605296,-0.12666489423738356,0.3104098962605296,0.5,-0.3,-0.3,thr-999.000_maxday3,202601
QQQ,20260126,202601,10:30,630,zero_dte,PUT,0.26954644538929473,-0.17005719993359275,0.26954644538929473,0.5,-0.3,-0.3,thr-999.000_maxday3,202601
QQQ,20260126,202601,11:00,660,zero_dte,PUT,0.39498106131187455,-0.17128550054242375,0.39498106131187455,-0.3,-0.3,-0.3,thr-999.000_maxday3,202601
QQQ,20260126,202601,11:30,690,zero_dte,PUT,0.37462865676357276,-0.14815805991538075,0.37462865676357276,-0.3,-0.3,-0.3,thr-999.000_maxday3,202601
QQQ,20260127,202601,10:30,630,zero_dte,PUT,-0.0463529572839832,-0.12750927653026353,-0.0463529572839832,0.5,-0.3,-0.3,thr-999.000_maxday3,202601
QQQ,20260127,202601,11:00,660,zero_dte,PUT,0.023871943186024536,-0.2305225582988233,0.023871943186024536,-0.3,-0.3,-0.3,thr-999.000_maxday3,202601
QQQ,20260127,202601,11:30,690,zero_dte,PUT,-0.04261133000165181,-0.2774520671336787,-0.04261133000165181,-0.3,0.5,0.5,thr-999.000_maxday3,202601
QQQ,20260128,202601,10:30,630,zero_dte,PUT,-0.047472123751484775,-0.1107389208549075,-0.047472123751484775,-0.3,0.5,0.5,thr-999.000_maxday3,202601
QQQ,20260128,202601,11:00,660,zero_dte,CALL,-0.11158184659035542,-0.11158184659035542,-0.13316319808612545,-0.3,-0.21962622653262198,-0.3,thr-999.000_maxday3,202601
QQQ,20260128,202601,11:30,690,zero_dte,CALL,-0.08674415014904907,-0.08674415014904907,-0.12143694935831367,-0.3,-0.07251901797748961,-0.3,thr-999.000_maxday3,202601
QQQ,20260129,202601,10:30,630,zero_dte,PUT,0.2736541994220419,-0.121479060351675,0.2736541994220419,-0.3,0.5,0.5,thr-999.000_maxday3,202601
QQQ,20260129,202601,11:00,660,zero_dte,PUT,0.42524286354058943,-0.12177514541988588,0.42524286354058943,0.5,-0.3,-0.3,thr-999.000_maxday3,202601
QQQ,20260129,202601,11:30,690,zero_dte,PUT,0.31999164378095024,-0.11856015589708457,0.31999164378095024,0.5,-0.3,-0.3,thr-999.000_maxday3,202601
QQQ,20260130,202601,10:30,630,zero_dte,PUT,0.08154771173317409,-0.05554674816547438,0.08154771173317409,0.5,-0.3,-0.3,thr-999.000_maxday3,202601
QQQ,20260130,202601,11:00,660,zero_dte,PUT,0.17627325435656502,-0.1283193165521826,0.17627325435656502,-0.3,0.5,0.5,thr-999.000_maxday3,202601
QQQ,20260130,202601,11:30,690,zero_dte,PUT,0.26773510785657373,-0.04257408433004405,0.26773510785657373,-0.3,-0.3,-0.3,thr-999.000_maxday3,202601
QQQ,20260202,202602,10:35,635,zero_dte,PUT,-0.15613632225620847,-0.3128774069058365,-0.15613632225620847,-0.3,0.5,0.5,thr-999.000_maxday3,202602
QQQ,20260202,202602,11:20,680,zero_dte,PUT,-0.11711836880507918,-0.3064098860579613,-0.11711836880507918,-0.3,-0.3,-0.3,thr-999.000_maxday3,202602
QQQ,20260202,202602,11:55,715,zero_dte,PUT,-0.13248353801809234,-0.29732600697939776,-0.13248353801809234,0.5,-0.3,-0.3,thr-999.000_maxday3,202602
QQQ,20260203,202602,10:35,635,zero_dte,CALL,-0.07917807974915471,-0.07917807974915471,-0.2668079181138264,0.5,-0.3,0.5,thr-999.000_maxday3,202602
QQQ,20260203,202602,11:30,690,zero_dte,CALL,-0.09515779275567791,-0.09515779275567791,-0.2668079181138264,-0.3,0.5,-0.3,thr-999.000_maxday3,202602
QQQ,20260203,202602,12:00,720,zero_dte,CALL,-0.06910652208877403,-0.06910652208877403,-0.2668079181138264,-0.3,0.5,-0.3,thr-999.000_maxday3,202602
QQQ,20260204,202602,10:35,635,zero_dte,CALL,-0.12695637749617333,-0.12695637749617333,-0.2300239492142104,0.5,-0.3,0.5,thr-999.000_maxday3,202602
QQQ,20260204,202602,11:05,665,zero_dte,CALL,-0.057732734890215284,-0.057732734890215284,-0.23880791769659387,-0.3,0.5,-0.3,thr-999.000_maxday3,202602
QQQ,20260204,202602,11:35,695,zero_dte,CALL,-0.18132902934652034,-0.18132902934652034,-0.23880791769659387,-0.3,0.5,-0.3,thr-999.000_maxday3,202602
QQQ,20260205,202602,10:35,635,zero_dte,CALL,-0.08876475689657817,-0.08876475689657817,-0.2668079181138264,0.5,-0.3,0.5,thr-999.000_maxday3,202602
QQQ,20260205,202602,11:05,665,zero_dte,CALL,-0.06153037858214126,-0.06153037858214126,-0.2406317166353311,0.5,-0.3,0.5,thr-999.000_maxday3,202602
QQQ,20260206,202602,11:05,665,zero_dte,PUT,0.4503827010119663,-0.33241701668887885,0.4503827010119663,0.5,-0.3,-0.3,thr-999.000_maxday3,202602
QQQ,20260206,202602,11:35,695,zero_dte,PUT,0.3738412549522641,-0.320729364266765,0.3738412549522641,-0.3,0.5,0.5,thr-999.000_maxday3,202602
QQQ,20260206,202602,12:05,725,zero_dte,PUT,0.3843297365357679,-0.2974281497750301,0.3843297365357679,0.5,-0.3,-0.3,thr-999.000_maxday3,202602
QQQ,20260209,202602,10:30,630,zero_dte,PUT,0.39618754139978024,-0.3107787605414791,0.39618754139978024,0.5,-0.3,-0.3,thr-999.000_maxday3,202602
QQQ,20260209,202602,11:00,660,zero_dte,PUT,0.45224440478821937,-0.31943014684044174,0.45224440478821937,0.5,-0.3,-0.3,thr-999.000_maxday3,202602
QQQ,20260209,202602,11:30,690,zero_dte,PUT,0.49177381452638225,-0.32037360938135934,0.49177381452638225,0.5,-0.3,-0.3,thr-999.000_maxday3,202602
QQQ,20260210,202602,10:30,630,zero_dte,PUT,0.4952763997701388,-0.3265978073823243,0.4952763997701388,-0.3,0.5,0.5,thr-999.000_maxday3,202602
QQQ,20260210,202602,13:30,810,zero_dte,PUT,-0.21488403478693124,-0.3084230916744442,-0.21488403478693124,-0.3,-0.3,-0.3,thr-999.000_maxday3,202602
QQQ,20260210,202602,14:00,840,zero_dte,PUT,-0.20209539288622927,-0.2717195928694315,-0.20209539288622927,-0.3,0.5,0.5,thr-999.000_maxday3,202602
QQQ,20260211,202602,10:30,630,zero_dte,CALL,-0.13677465089948238,-0.13677465089948238,-0.1973505450825488,0.5,-0.3,0.5,thr-999.000_maxday3,202602
QQQ,20260212,202602,10:35,635,zero_dte,CALL,-0.2520623271372992,-0.2520623271372992,-0.2668079181138264,-0.3,0.5,-0.3,thr-999.000_maxday3,202602
QQQ,20260212,202602,11:05,665,zero_dte,CALL,-0.11766013149235337,-0.11766013149235337,-0.2729800115182996,-0.3,0.5,-0.3,thr-999.000_maxday3,202602
QQQ,20260212,202602,12:35,755,zero_dte,CALL,-0.004546333172655085,-0.004546333172655085,-0.2729800115182996,-0.3,0.5,-0.3,thr-999.000_maxday3,202602
QQQ,20260213,202602,10:30,630,zero_dte,PUT,0.41500345894620105,-0.09295307633371627,0.41500345894620105,-0.3,0.5,0.5,thr-999.000_maxday3,202602
QQQ,20260213,202602,11:00,660,zero_dte,PUT,0.3311697182192907,-0.03352184994799849,0.3311697182192907,-0.3,-0.3,-0.3,thr-999.000_maxday3,202602
QQQ,20260213,202602,11:30,690,zero_dte,PUT,0.33786449614511144,-0.07746692804766812,0.33786449614511144,0.5,-0.3,-0.3,thr-999.000_maxday3,202602
QQQ,20260217,202602,10:30,630,zero_dte,CALL,-0.08302930576916392,-0.08302930576916392,-0.1973505450825488,0.5,-0.3,0.5,thr-999.000_maxday3,202602
QQQ,20260217,202602,11:15,675,zero_dte,PUT,-0.13688554251924892,-0.2933156237285402,-0.13688554251924892,-0.3,0.5,0.5,thr-999.000_maxday3,202602
QQQ,20260217,202602,11:55,715,zero_dte,PUT,-0.11028518371433409,-0.2776972062239238,-0.11028518371433409,-0.3,0.5,0.5,thr-999.000_maxday3,202602
QQQ,20260218,202602,10:30,630,zero_dte,PUT,0.39051613836446974,-0.29505385060712397,0.39051613836446974,0.5,-0.3,-0.3,thr-999.000_maxday3,202602
QQQ,20260218,202602,11:00,660,zero_dte,PUT,0.4359085456396166,-0.31509837855062095,0.4359085456396166,-0.3,-0.3,-0.3,thr-999.000_maxday3,202602
QQQ,20260218,202602,11:30,690,zero_dte,PUT,0.4739724424584162,-0.3066232689788383,0.4739724424584162,-0.3,-0.3,-0.3,thr-999.000_maxday3,202602
QQQ,20260219,202602,10:35,635,zero_dte,PUT,0.39327800794224316,-0.30439693256833994,0.39327800794224316,-0.3,-0.3,-0.3,thr-999.000_maxday3,202602
QQQ,20260219,202602,11:15,675,zero_dte,PUT,0.36851888536649624,-0.2544374583186861,0.36851888536649624,-0.3,0.5,0.5,thr-999.000_maxday3,202602
QQQ,20260219,202602,12:50,770,zero_dte,CALL,-0.20546673724062342,-0.20546673724062342,-0.2059206106784787,-0.3,-0.3,-0.3,thr-999.000_maxday3,202602
QQQ,20260220,202602,10:45,645,zero_dte,CALL,-0.022277671928336313,-0.022277671928336313,-0.06757837604438985,0.5,-0.3,0.5,thr-999.000_maxday3,202602
QQQ,20260220,202602,11:15,675,zero_dte,PUT,-0.06536518446537475,-0.11121281625952957,-0.06536518446537475,-0.3,0.5,0.5,thr-999.000_maxday3,202602
QQQ,20260220,202602,11:45,705,zero_dte,PUT,0.4397235196275415,-0.20045440943367768,0.4397235196275415,-0.3,0.5,0.5,thr-999.000_maxday3,202602
QQQ,20260223,202602,10:30,630,zero_dte,CALL,-0.059680440499390405,-0.059680440499390405,-0.22621119589218586,-0.3,0.5,-0.3,thr-999.000_maxday3,202602
QQQ,20260223,202602,11:00,660,zero_dte,CALL,0.041175497632265246,0.041175497632265246,-0.23880791769659387,-0.3,0.5,-0.3,thr-999.000_maxday3,202602
QQQ,20260223,202602,11:30,690,zero_dte,CALL,0.008750185890470757,0.008750185890470757,-0.2668079181138264,-0.3,0.5,-0.3,thr-999.000_maxday3,202602
QQQ,20260224,202602,10:30,630,zero_dte,PUT,0.40426688509939435,-0.3444772607581605,0.40426688509939435,-0.3,-0.3,-0.3,thr-999.000_maxday3,202602
QQQ,20260224,202602,11:00,660,zero_dte,PUT,0.4287310873844571,-0.3262467496492241,0.4287310873844571,0.5,-0.3,-0.3,thr-999.000_maxday3,202602
QQQ,20260224,202602,11:30,690,zero_dte,PUT,0.4416117639690694,-0.3195679145588357,0.4416117639690694,0.5,-0.3,-0.3,thr-999.000_maxday3,202602
QQQ,20260225,202602,10:30,630,zero_dte,PUT,0.3775401996631572,-0.2299761485904946,0.3775401996631572,-0.3,-0.19318183819370838,-0.19318183819370838,thr-999.000_maxday3,202602
QQQ,20260225,202602,11:00,660,zero_dte,PUT,0.3680487711689947,-0.22988971245179912,0.3680487711689947,0.2325581292193155,-0.3,-0.3,thr-999.000_maxday3,202602
QQQ,20260225,202602,11:40,700,zero_dte,PUT,0.3590702383567416,-0.25346100896648416,0.3590702383567416,0.5,-0.3,-0.3,thr-999.000_maxday3,202602
QQQ,20260226,202602,10:30,630,zero_dte,CALL,-0.09209910423384482,-0.09209910423384482,-0.2668079181138264,0.5,-0.3,0.5,thr-999.000_maxday3,202602
QQQ,20260226,202602,12:50,770,zero_dte,CALL,-0.056851569544924006,-0.056851569544924006,-0.2406317166353311,-0.3,-0.3,-0.3,thr-999.000_maxday3,202602
QQQ,20260226,202602,13:20,800,zero_dte,CALL,0.03755709362147925,0.03755709362147925,-0.21263171621809854,0.5,-0.3,0.5,thr-999.000_maxday3,202602
QQQ,20260227,202602,10:30,630,zero_dte,PUT,0.3025223521079154,-0.0778224848765354,0.3025223521079154,-0.3,-0.3,-0.3,thr-999.000_maxday3,202602
QQQ,20260227,202602,11:00,660,zero_dte,PUT,0.3669701904788221,0.03310105847940717,0.3669701904788221,-0.3,-0.3,-0.3,thr-999.000_maxday3,202602
QQQ,20260227,202602,11:30,690,zero_dte,PUT,0.36757301219721633,0.01702715444341645,0.36757301219721633,-0.3,-0.3,-0.3,thr-999.000_maxday3,202602
QQQ,20260302,202603,10:40,640,zero_dte,PUT,0.4031402945889089,-0.025689129962925245,0.4031402945889089,0.5,-0.3,-0.3,thr-999.000_maxday3,202603
QQQ,20260302,202603,11:10,670,zero_dte,PUT,0.34167591295834626,-0.19603932888375572,0.34167591295834626,-0.3,0.5,0.5,thr-999.000_maxday3,202603
QQQ,20260302,202603,11:40,700,zero_dte,PUT,0.3954484763294039,-0.1772514447942532,0.3954484763294039,0.5,-0.3,-0.3,thr-999.000_maxday3,202603
QQQ,20260303,202603,10:30,630,zero_dte,CALL,0.061194143521891946,0.061194143521891946,0.01917315907249538,0.5,-0.3,0.5,thr-999.000_maxday3,202603
QQQ,20260303,202603,11:25,685,zero_dte,CALL,0.03287060399368946,0.03287060399368946,-0.034931972103265825,-0.3,-0.3,-0.3,thr-999.000_maxday3,202603
QQQ,20260303,202603,11:55,715,zero_dte,PUT,0.07042875556977332,-0.024195898978875263,0.07042875556977332,-0.3,0.5,0.5,thr-999.000_maxday3,202603
QQQ,20260304,202603,10:30,630,zero_dte,PUT,0.02558595935788826,-0.13366133924961818,0.02558595935788826,-0.3,0.5,0.5,thr-999.000_maxday3,202603
QQQ,20260304,202603,11:00,660,zero_dte,PUT,0.21315940869912806,-0.06125317240238279,0.21315940869912806,-0.3,0.5,0.5,thr-999.000_maxday3,202603
QQQ,20260304,202603,11:30,690,zero_dte,PUT,0.1670684654222345,-0.0870980990363065,0.1670684654222345,0.5,-0.3,-0.3,thr-999.000_maxday3,202603
QQQ,20260305,202603,10:30,630,zero_dte,CALL,0.09059144863313932,0.09059144863313932,-0.06550881152458748,0.5,-0.3,0.5,thr-999.000_maxday3,202603
QQQ,20260305,202603,11:10,670,zero_dte,CALL,0.06806424621098296,0.06806424621098296,-0.03839463430711127,0.5,-0.3,0.5,thr-999.000_maxday3,202603
QQQ,20260305,202603,11:40,700,zero_dte,PUT,0.048019576098775385,0.041449670893963314,0.048019576098775385,0.5,-0.3,-0.3,thr-999.000_maxday3,202603
QQQ,20260306,202603,10:30,630,zero_dte,PUT,-0.046320612336295426,-0.06654890127672133,-0.046320612336295426,-0.3,-0.3,-0.3,thr-999.000_maxday3,202603
QQQ,20260306,202603,11:00,660,zero_dte,PUT,0.006887618684126221,0.000711929716136944,0.006887618684126221,-0.3,-0.3,-0.3,thr-999.000_maxday3,202603
QQQ,20260306,202603,11:30,690,zero_dte,CALL,0.04490270366664922,0.04490270366664922,0.021141822018936066,0.5,-0.3,0.5,thr-999.000_maxday3,202603
QQQ,20260309,202603,10:40,640,zero_dte,PUT,0.08000658688829025,0.022743202697802833,0.08000658688829025,0.5,-0.3,-0.3,thr-999.000_maxday3,202603
QQQ,20260309,202603,11:10,670,zero_dte,PUT,-0.04514279162974211,-0.11649457528354121,-0.04514279162974211,0.5,-0.3,-0.3,thr-999.000_maxday3,202603
QQQ,20260309,202603,11:40,700,zero_dte,PUT,0.029807058974079176,-0.1802222705749194,0.029807058974079176,0.5,-0.3,-0.3,thr-999.000_maxday3,202603
QQQ,20260310,202603,10:30,630,zero_dte,PUT,0.20379565100821379,-0.09818694300441622,0.20379565100821379,0.5,-0.3,-0.3,thr-999.000_maxday3,202603
QQQ,20260310,202603,11:00,660,zero_dte,PUT,0.1300533467453149,-0.1629777745043283,0.1300533467453149,-0.3,0.5,0.5,thr-999.000_maxday3,202603
QQQ,20260310,202603,11:30,690,zero_dte,PUT,0.24072554197047727,-0.07916804636605049,0.24072554197047727,-0.3,-0.3,-0.3,thr-999.000_maxday3,202603
QQQ,20260311,202603,10:30,630,zero_dte,PUT,0.35692550527583095,-0.1497537480310076,0.35692550527583095,-0.3,-0.3,-0.3,thr-999.000_maxday3,202603
QQQ,20260311,202603,11:15,675,zero_dte,CALL,-0.013601803923861408,-0.013601803923861408,-0.041683264226091775,-0.3,-0.3,-0.3,thr-999.000_maxday3,202603
QQQ,20260311,202603,11:45,705,zero_dte,PUT,-0.028095216494012733,-0.07942436520167048,-0.028095216494012733,0.5,-0.3,-0.3,thr-999.000_maxday3,202603
QQQ,20260312,202603,10:30,630,zero_dte,CALL,0.2026745796485126,0.2026745796485126,-0.03933308774557696,0.5,-0.3,0.5,thr-999.000_maxday3,202603
QQQ,20260312,202603,11:00,660,zero_dte,CALL,0.13365178146460632,0.13365178146460632,0.039073152665686034,0.5,-0.3,0.5,thr-999.000_maxday3,202603
QQQ,20260312,202603,11:30,690,zero_dte,CALL,0.1508443771328456,0.1508443771328456,0.00384044767244164,0.5,-0.3,0.5,thr-999.000_maxday3,202603
QQQ,20260313,202603,10:35,635,zero_dte,PUT,-0.011383564536658038,-0.10284443126612088,-0.011383564536658038,-0.3,0.5,0.5,thr-999.000_maxday3,202603
QQQ,20260313,202603,11:05,665,zero_dte,CALL,0.07897642181312732,0.07897642181312732,-0.033617216747605067,-0.3,-0.3,-0.3,thr-999.000_maxday3,202603
QQQ,20260313,202603,11:35,695,zero_dte,CALL,-0.03248020203309396,-0.03248020203309396,-0.047381169157259276,-0.3,0.5,-0.3,thr-999.000_maxday3,202603
QQQ,20260316,202603,10:40,640,zero_dte,PUT,0.27149631231699295,-0.2858653887096784,0.27149631231699295,0.5,-0.3,-0.3,thr-999.000_maxday3,202603
QQQ,20260316,202603,11:10,670,zero_dte,PUT,0.2292215293464235,-0.2610290755424913,0.2292215293464235,0.5,-0.3,-0.3,thr-999.000_maxday3,202603
QQQ,20260316,202603,11:40,700,zero_dte,PUT,0.31832678855752533,-0.20101948849723034,0.31832678855752533,-0.3,0.5,0.5,thr-999.000_maxday3,202603
QQQ,20260317,202603,10:35,635,zero_dte,PUT,0.5279211670977085,-0.12772140925488198,0.5279211670977085,-0.3,0.5,0.5,thr-999.000_maxday3,202603
QQQ,20260317,202603,11:35,695,zero_dte,PUT,0.036047608135232063,-0.1402583699871477,0.036047608135232063,-0.3,-0.3,-0.3,thr-999.000_maxday3,202603
QQQ,20260317,202603,12:05,725,zero_dte,PUT,0.041201090809480506,-0.13589389303013308,0.041201090809480506,0.5,-0.3,-0.3,thr-999.000_maxday3,202603
QQQ,20260318,202603,10:30,630,zero_dte,PUT,-0.035223975256093616,-0.11233485805455762,-0.035223975256093616,0.5,-0.3,-0.3,thr-999.000_maxday3,202603
QQQ,20260318,202603,12:35,755,zero_dte,PUT,-0.03847022830389638,-0.05280480653330258,-0.03847022830389638,-0.3,-0.3,-0.3,thr-999.000_maxday3,202603
QQQ,20260318,202603,13:05,785,zero_dte,CALL,0.06935559834865065,0.06935559834865065,0.04807874595410663,0.5,-0.3,0.5,thr-999.000_maxday3,202603
QQQ,20260319,202603,10:35,635,zero_dte,PUT,0.026244117702448243,-0.017922177840319676,0.026244117702448243,-0.3,0.5,0.5,thr-999.000_maxday3,202603
QQQ,20260319,202603,11:05,665,zero_dte,CALL,0.10784575400290115,0.10784575400290115,-0.043189296585764654,-0.3,0.5,-0.3,thr-999.000_maxday3,202603
QQQ,20260319,202603,12:05,725,zero_dte,CALL,0.20376230060797335,0.20376230060797335,-0.07409099056664432,-0.3,0.5,-0.3,thr-999.000_maxday3,202603
QQQ,20260320,202603,10:45,645,zero_dte,PUT,0.021969356865216304,-0.023300838516155945,0.021969356865216304,-0.3,-0.3,-0.3,thr-999.000_maxday3,202603
QQQ,20260320,202603,11:20,680,zero_dte,CALL,0.04800383953570516,0.04800383953570516,-0.04248515665467377,0.5,-0.3,0.5,thr-999.000_maxday3,202603
QQQ,20260320,202603,11:50,710,zero_dte,PUT,0.024789984342660845,-0.06473968672662714,0.024789984342660845,0.5,-0.3,-0.3,thr-999.000_maxday3,202603
QQQ,20260323,202603,10:35,635,zero_dte,PUT,0.15299477730550293,-0.1467681058621626,0.15299477730550293,-0.3,-0.3,-0.3,thr-999.000_maxday3,202603
QQQ,20260323,202603,11:05,665,zero_dte,PUT,0.1945298798483799,-0.10403644916540504,0.1945298798483799,-0.3,0.5,0.5,thr-999.000_maxday3,202603
QQQ,20260323,202603,11:55,715,zero_dte,PUT,0.18296992383262464,-0.036837182359848626,0.18296992383262464,-0.3,0.5,0.5,thr-999.000_maxday3,202603
QQQ,20260324,202603,10:55,655,zero_dte,CALL,-0.0031145093367970084,-0.0031145093367970084,-0.10433350389019004,-0.3,0.5,-0.3,thr-999.000_maxday3,202603
QQQ,20260324,202603,11:25,685,zero_dte,CALL,0.0018325214760820524,0.0018325214760820524,-0.03582797170033556,-0.3,0.5,-0.3,thr-999.000_maxday3,202603
QQQ,20260324,202603,11:55,715,zero_dte,PUT,-0.013622784401516949,-0.07817837782760567,-0.013622784401516949,-0.3,0.5,0.5,thr-999.000_maxday3,202603
QQQ,20260325,202603,10:35,635,zero_dte,PUT,0.2837921413215171,-0.047669782345491685,0.2837921413215171,-0.3,0.5,0.5,thr-999.000_maxday3,202603
QQQ,20260325,202603,11:20,680,zero_dte,PUT,0.02718210085207235,-0.06907914249809055,0.02718210085207235,0.5,-0.3,-0.3,thr-999.000_maxday3,202603
QQQ,20260325,202603,11:50,710,zero_dte,PUT,0.26356331424517354,-0.1496301883981956,0.26356331424517354,0.5,-0.3,-0.3,thr-999.000_maxday3,202603
QQQ,20260326,202603,10:30,630,zero_dte,CALL,0.00953571285396804,0.00953571285396804,-0.016827575617699833,-0.3,0.5,-0.3,thr-999.000_maxday3,202603
QQQ,20260326,202603,11:00,660,zero_dte,PUT,0.04641182345407335,-0.004163325991085371,0.04641182345407335,-0.3,0.5,0.5,thr-999.000_maxday3,202603
QQQ,20260326,202603,11:30,690,zero_dte,PUT,-0.009266184355502215,-0.11207339673817854,-0.009266184355502215,-0.3,-0.3,-0.3,thr-999.000_maxday3,202603
QQQ,20260327,202603,10:30,630,zero_dte,CALL,-0.16997655473560036,-0.16997655473560036,-0.20790884088811235,0.5,-0.3,0.5,thr-999.000_maxday3,202603
QQQ,20260327,202603,11:10,670,zero_dte,CALL,-0.18597899588939149,-0.18597899588939149,-0.1996211723841541,-0.3,-0.3,-0.3,thr-999.000_maxday3,202603
QQQ,20260327,202603,12:10,730,zero_dte,CALL,-0.08727137738407341,-0.08727137738407341,-0.1851736602752349,-0.3,0.5,-0.3,thr-999.000_maxday3,202603
QQQ,20260330,202603,10:35,635,zero_dte,CALL,-0.15399248689802253,-0.15399248689802253,-0.21856134226415616,0.5,-0.3,0.5,thr-999.000_maxday3,202603
QQQ,20260330,202603,11:15,675,zero_dte,CALL,-0.05705346729682777,-0.05705346729682777,-0.187369509552534,0.5,-0.3,0.5,thr-999.000_maxday3,202603
QQQ,20260330,202603,12:05,725,zero_dte,CALL,-0.03391677417728415,-0.03391677417728415,-0.29390709432746903,-0.3,0.5,-0.3,thr-999.000_maxday3,202603
QQQ,20260331,202603,10:30,630,zero_dte,PUT,0.22595625749362225,-0.32202906264660874,0.22595625749362225,-0.3,0.5,0.5,thr-999.000_maxday3,202603
QQQ,20260331,202603,11:15,675,zero_dte,PUT,-0.12854961441834045,-0.271697268654281,-0.12854961441834045,-0.3,0.5,0.5,thr-999.000_maxday3,202603
QQQ,20260331,202603,12:20,740,zero_dte,PUT,-0.028432742660884226,-0.23878679392941485,-0.028432742660884226,0.5,-0.3,-0.3,thr-999.000_maxday3,202603
QQQ,20260402,202604,10:35,635,zero_dte,PUT,-0.15390947483694373,-0.1830282460851331,-0.15390947483694373,0.5,-0.3,-0.3,thr-999.000_maxday3,202604
QQQ,20260402,202604,11:10,670,zero_dte,PUT,-0.11723492411996991,-0.20804385936311134,-0.11723492411996991,-0.3,0.5,0.5,thr-999.000_maxday3,202604
QQQ,20260402,202604,11:40,700,zero_dte,PUT,-0.08383942981628852,-0.1969585212506186,-0.08383942981628852,-0.3,0.5,0.5,thr-999.000_maxday3,202604
QQQ,20260406,202604,10:50,650,zero_dte,PUT,-0.19623035667949465,-0.25513239554261724,-0.19623035667949465,-0.3,-0.3,-0.3,thr-999.000_maxday3,202604
QQQ,20260406,202604,11:25,685,zero_dte,PUT,0.060621623365226085,-0.05461689392992206,0.060621623365226085,-0.3,-0.3,-0.3,thr-999.000_maxday3,202604
QQQ,20260406,202604,12:10,730,zero_dte,CALL,-0.16684303692761585,-0.16684303692761585,-0.2150810619679234,0.5,-0.3,0.5,thr-999.000_maxday3,202604
QQQ,20260407,202604,11:00,660,zero_dte,CALL,-0.1210563459030543,-0.1210563459030543,-0.2949876199025848,0.5,-0.3,0.5,thr-999.000_maxday3,202604
QQQ,20260407,202604,13:35,815,zero_dte,CALL,-0.05984426462954042,-0.05984426462954042,-0.24084242739182754,-0.3,0.5,-0.3,thr-999.000_maxday3,202604
QQQ,20260408,202604,10:30,630,zero_dte,PUT,0.23388511082663052,-0.1070839544496806,0.23388511082663052,-0.3,0.5,0.5,thr-999.000_maxday3,202604
QQQ,20260408,202604,11:00,660,zero_dte,PUT,0.24153462153217325,-0.10328856436067971,0.24153462153217325,0.5,-0.3,-0.3,thr-999.000_maxday3,202604
QQQ,20260408,202604,11:30,690,zero_dte,PUT,0.342985993148939,-0.05135015174036177,0.342985993148939,0.5,-0.3,-0.3,thr-999.000_maxday3,202604
QQQ,20260410,202604,10:30,630,zero_dte,CALL,0.041429937946604774,0.041429937946604774,-0.09409779168426796,-0.3,0.5,-0.3,thr-999.000_maxday3,202604
QQQ,20260410,202604,11:00,660,zero_dte,PUT,0.13804044988900163,-0.08112987429902273,0.13804044988900163,0.5,-0.3,-0.3,thr-999.000_maxday3,202604
QQQ,20260410,202604,11:30,690,zero_dte,PUT,0.14179947148269947,-0.10439273876881261,0.14179947148269947,-0.3,0.5,0.5,thr-999.000_maxday3,202604
QQQ,20260413,202604,10:30,630,zero_dte,PUT,0.17567133683974295,-0.039682374314125336,0.17567133683974295,0.5,-0.3,-0.3,thr-999.000_maxday3,202604
QQQ,20260413,202604,11:00,660,zero_dte,PUT,0.053753494204515535,-0.0881575893931809,0.053753494204515535,-0.3,-0.3,-0.3,thr-999.000_maxday3,202604
QQQ,20260413,202604,11:30,690,zero_dte,PUT,0.2515809112860485,-0.16094864723428876,0.2515809112860485,0.5,-0.3,-0.3,thr-999.000_maxday3,202604
QQQ,20260414,202604,10:30,630,zero_dte,PUT,0.15682274836981502,-0.10258340388391624,0.15682274836981502,-0.3,-0.3,-0.3,thr-999.000_maxday3,202604
QQQ,20260414,202604,11:00,660,zero_dte,PUT,0.16796383934699544,-0.12702153560665896,0.16796383934699544,-0.3,-0.3,-0.3,thr-999.000_maxday3,202604
QQQ,20260414,202604,11:30,690,zero_dte,PUT,0.19492648072527172,-0.07594954141739889,0.19492648072527172,0.5,-0.3,-0.3,thr-999.000_maxday3,202604
QQQ,20260416,202604,10:45,645,zero_dte,PUT,0.24466805610590023,-0.15001859689864916,0.24466805610590023,0.5,-0.3,-0.3,thr-999.000_maxday3,202604
QQQ,20260416,202604,11:15,675,zero_dte,PUT,0.04039849335960822,-0.1342146322389675,0.04039849335960822,0.5,-0.3,-0.3,thr-999.000_maxday3,202604
QQQ,20260416,202604,11:45,705,zero_dte,PUT,-0.03026099128653274,-0.19601781379375677,-0.03026099128653274,-0.3,-0.3,-0.3,thr-999.000_maxday3,202604
QQQ,20260417,202604,10:30,630,zero_dte,PUT,0.26702994151481296,-0.28233316797501,0.26702994151481296,0.5,-0.3,-0.3,thr-999.000_maxday3,202604
QQQ,20260417,202604,11:00,660,zero_dte,PUT,0.1591713855593205,-0.2445420097195058,0.1591713855593205,-0.3,-0.3,-0.3,thr-999.000_maxday3,202604
QQQ,20260417,202604,11:30,690,zero_dte,PUT,0.26903772714037244,-0.2761580972365477,0.26903772714037244,-0.3,-0.3,-0.3,thr-999.000_maxday3,202604
QQQ,20260420,202604,10:30,630,zero_dte,PUT,0.17874966568782624,-0.22197480383955656,0.17874966568782624,-0.3,0.5,0.5,thr-999.000_maxday3,202604
QQQ,20260420,202604,11:00,660,zero_dte,PUT,0.22008934085141954,0.09573230318861294,0.22008934085141954,-0.3,0.5,0.5,thr-999.000_maxday3,202604
QQQ,20260420,202604,11:30,690,zero_dte,PUT,0.23792329826071354,-0.039135275373495905,0.23792329826071354,-0.3,-0.3,-0.3,thr-999.000_maxday3,202604
QQQ,20260421,202604,10:30,630,zero_dte,PUT,-0.06612049776128442,-0.122325926737108,-0.06612049776128442,-0.3,0.5,0.5,thr-999.000_maxday3,202604
QQQ,20260421,202604,11:00,660,zero_dte,PUT,0.08143105379924727,-0.15452234216260913,0.08143105379924727,-0.3,-0.3,-0.3,thr-999.000_maxday3,202604
QQQ,20260421,202604,11:30,690,zero_dte,PUT,0.20447566303302855,-0.2536961877951323,0.20447566303302855,-0.3,-0.3,-0.3,thr-999.000_maxday3,202604
QQQ,20260422,202604,10:30,630,zero_dte,PUT,0.11010299305244002,-0.2533477984145399,0.11010299305244002,-0.3,-0.3,-0.3,thr-999.000_maxday3,202604
QQQ,20260422,202604,11:00,660,zero_dte,PUT,0.2536422025862539,-0.24649706346329658,0.2536422025862539,0.5,-0.3,-0.3,thr-999.000_maxday3,202604
QQQ,20260422,202604,11:30,690,zero_dte,PUT,0.13794610137152552,-0.20838007048595794,0.13794610137152552,-0.3,-0.3,-0.3,thr-999.000_maxday3,202604
QQQ,20260423,202604,10:45,645,zero_dte,PUT,0.2365023877431561,-0.06007287575010223,0.2365023877431561,0.5,-0.3,-0.3,thr-999.000_maxday3,202604
QQQ,20260423,202604,11:15,675,zero_dte,PUT,0.1855961799854096,-0.0841376573850016,0.1855961799854096,-0.3,-0.3,-0.3,thr-999.000_maxday3,202604
QQQ,20260423,202604,11:45,705,zero_dte,PUT,0.1847816730983479,-0.01188343407292732,0.1847816730983479,-0.3,0.5,0.5,thr-999.000_maxday3,202604
QQQ,20260424,202604,10:40,640,zero_dte,PUT,0.20704818029586103,-0.2919676438057663,0.20704818029586103,0.5,-0.3,-0.3,thr-999.000_maxday3,202604
QQQ,20260424,202604,11:10,670,zero_dte,PUT,0.06622276085068478,-0.1216206840604526,0.06622276085068478,0.5,-0.3,-0.3,thr-999.000_maxday3,202604
QQQ,20260424,202604,11:40,700,zero_dte,PUT,0.11450799330288255,-0.2054467661470789,0.11450799330288255,0.5,-0.3,-0.3,thr-999.000_maxday3,202604
QQQ,20260427,202604,10:30,630,zero_dte,PUT,0.2062193889297618,-0.1922554933520889,0.2062193889297618,0.5,-0.3,-0.3,thr-999.000_maxday3,202604
QQQ,20260427,202604,11:00,660,zero_dte,PUT,0.23294778901520266,-0.17670141027125572,0.23294778901520266,-0.3,0.5,0.5,thr-999.000_maxday3,202604
QQQ,20260427,202604,11:35,695,zero_dte,PUT,0.2260900429979731,-0.05551324051661931,0.2260900429979731,0.5,-0.3,-0.3,thr-999.000_maxday3,202604
QQQ,20260428,202604,10:35,635,zero_dte,PUT,0.20690058856090046,-0.07156214376608108,0.20690058856090046,-0.3,0.5,0.5,thr-999.000_maxday3,202604
QQQ,20260428,202604,11:05,665,zero_dte,PUT,0.18926094860473824,-0.0811570513017977,0.18926094860473824,-0.3,-0.3,-0.3,thr-999.000_maxday3,202604
QQQ,20260428,202604,11:35,695,zero_dte,PUT,0.17824046759220882,-0.06919970521958746,0.17824046759220882,0.5,-0.3,-0.3,thr-999.000_maxday3,202604
QQQ,20260429,202604,10:30,630,zero_dte,PUT,0.10884627564811826,0.055127823238057067,0.10884627564811826,-0.3,0.13496934310049902,0.13496934310049902,thr-999.000_maxday3,202604
QQQ,20260429,202604,11:00,660,zero_dte,PUT,0.08991379375545522,0.024299036209917795,0.08991379375545522,-0.3,0.5,0.5,thr-999.000_maxday3,202604
QQQ,20260429,202604,11:30,690,zero_dte,PUT,0.18116359812366833,-0.06661496916504529,0.18116359812366833,-0.3,0.5,0.5,thr-999.000_maxday3,202604
QQQ,20260430,202604,10:40,640,zero_dte,CALL,-0.14022733743581256,-0.14022733743581256,-0.14168441733948298,0.5,-0.3,0.5,thr-999.000_maxday3,202604
QQQ,20260430,202604,13:10,790,zero_dte,PUT,0.024548539994713525,-0.14561108442982137,0.024548539994713525,0.5,-0.3,-0.3,thr-999.000_maxday3,202604
QQQ,20260430,202604,13:40,820,zero_dte,PUT,0.08118730675287077,-0.17262521565467118,0.08118730675287077,0.5,-0.3,-0.3,thr-999.000_maxday3,202604
QQQ,20260501,202605,11:20,680,zero_dte,PUT,-0.07919297617283186,-0.2364634986477382,-0.07919297617283186,0.5,-0.3,-0.3,thr-999.000_maxday3,202605
QQQ,20260501,202605,11:50,710,zero_dte,PUT,-0.0950901386915006,-0.2290011906300676,-0.0950901386915006,-0.3,-0.3,-0.3,thr-999.000_maxday3,202605
QQQ,20260501,202605,12:20,740,zero_dte,PUT,-0.10041774732602538,-0.25362341093540214,-0.10041774732602538,-0.3,0.5,0.5,thr-999.000_maxday3,202605
QQQ,20260504,202605,10:30,630,zero_dte,PUT,0.24640707323746042,-0.205012442135897,0.24640707323746042,-0.3,-0.3,-0.3,thr-999.000_maxday3,202605
QQQ,20260504,202605,11:00,660,zero_dte,PUT,0.2594950481449045,-0.24000251637021308,0.2594950481449045,-0.3,0.5,0.5,thr-999.000_maxday3,202605
QQQ,20260504,202605,11:30,690,zero_dte,PUT,-0.016622539738024248,-0.2482728658434154,-0.016622539738024248,-0.3,0.5,0.5,thr-999.000_maxday3,202605
QQQ,20260505,202605,10:30,630,zero_dte,PUT,0.01959429082907738,-0.22457087064223227,0.01959429082907738,-0.3,-0.3,-0.3,thr-999.000_maxday3,202605
QQQ,20260505,202605,11:00,660,zero_dte,PUT,-0.0004757877571041016,-0.19191722481182225,-0.0004757877571041016,0.32499997516473234,-0.3,-0.3,thr-999.000_maxday3,202605
QQQ,20260505,202605,11:30,690,zero_dte,PUT,-0.033363165258455736,-0.27390797115984766,-0.033363165258455736,-0.3,-0.3,-0.3,thr-999.000_maxday3,202605
QQQ,20260506,202605,10:35,635,zero_dte,PUT,-0.08242220708037808,-0.3067289073077712,-0.08242220708037808,0.5,-0.3,-0.3,thr-999.000_maxday3,202605
QQQ,20260506,202605,11:05,665,zero_dte,PUT,0.013346331594477548,-0.2968349982148449,0.013346331594477548,-0.3,-0.3,-0.3,thr-999.000_maxday3,202605
QQQ,20260506,202605,11:35,695,zero_dte,PUT,0.07856983309351587,-0.30229095864165934,0.07856983309351587,-0.3,-0.3,-0.3,thr-999.000_maxday3,202605
QQQ,20260507,202605,10:30,630,zero_dte,PUT,0.036545831755033696,-0.12391150069199607,0.036545831755033696,0.5,-0.3,-0.3,thr-999.000_maxday3,202605
QQQ,20260507,202605,11:00,660,zero_dte,PUT,0.07805409054597737,-0.20526127298860974,0.07805409054597737,-0.3,0.5,0.5,thr-999.000_maxday3,202605
QQQ,20260507,202605,11:30,690,zero_dte,PUT,-0.03013485427320114,-0.18210205190589024,-0.03013485427320114,-0.3,0.5,0.5,thr-999.000_maxday3,202605
QQQ,20260508,202605,10:40,640,zero_dte,PUT,0.1321407953476511,-0.16474020898050715,0.1321407953476511,0.5,-0.3,-0.3,thr-999.000_maxday3,202605
QQQ,20260508,202605,11:10,670,zero_dte,PUT,0.23704616233007927,-0.22220102400915476,0.23704616233007927,0.5,-0.3,-0.3,thr-999.000_maxday3,202605
QQQ,20260508,202605,11:40,700,zero_dte,PUT,0.0685764000362211,-0.10396335554944776,0.0685764000362211,0.5,-0.3,-0.3,thr-999.000_maxday3,202605
QQQ,20260511,202605,10:30,630,zero_dte,PUT,-0.034779846298187214,-0.2821727290506426,-0.034779846298187214,0.5,-0.3,-0.3,thr-999.000_maxday3,202605
QQQ,20260511,202605,11:00,660,zero_dte,PUT,-0.05783089667431906,-0.17211853071262814,-0.05783089667431906,0.5,-0.3,-0.3,thr-999.000_maxday3,202605
QQQ,20260511,202605,11:30,690,zero_dte,PUT,-0.07990845329690034,-0.2299310856817687,-0.07990845329690034,-0.3,-0.3,-0.3,thr-999.000_maxday3,202605
QQQ,20260512,202605,10:30,630,zero_dte,PUT,0.004211093069798826,-0.1784259662890152,0.004211093069798826,-0.3,-0.3,-0.3,thr-999.000_maxday3,202605
QQQ,20260512,202605,11:00,660,zero_dte,PUT,-0.038541362184374386,-0.13644004222020845,-0.038541362184374386,-0.3,0.5,0.5,thr-999.000_maxday3,202605
QQQ,20260512,202605,11:30,690,zero_dte,PUT,-0.09927472951625618,-0.17201791190894816,-0.09927472951625618,-0.3,-0.3,-0.3,thr-999.000_maxday3,202605
QQQ,20260513,202605,10:30,630,zero_dte,PUT,-0.035294606793373894,-0.14773417804911387,-0.035294606793373894,0.5,-0.3,-0.3,thr-999.000_maxday3,202605
QQQ,20260513,202605,11:00,660,zero_dte,PUT,-0.02657766095493851,-0.2675633048405903,-0.02657766095493851,-0.3,-0.3,-0.3,thr-999.000_maxday3,202605
QQQ,20260513,202605,11:30,690,zero_dte,PUT,-0.014112633214472318,-0.20430532830129391,-0.014112633214472318,0.5,-0.3,-0.3,thr-999.000_maxday3,202605
QQQ,20260514,202605,10:30,630,zero_dte,PUT,0.04633537430144096,-0.14620796702661135,0.04633537430144096,0.5,-0.3,-0.3,thr-999.000_maxday3,202605
QQQ,20260514,202605,11:00,660,zero_dte,PUT,-0.021997840525534013,-0.1573861447002834,-0.021997840525534013,0.5,-0.3,-0.3,thr-999.000_maxday3,202605
QQQ,20260514,202605,11:30,690,zero_dte,PUT,0.005627821885692565,-0.24053066582961055,0.005627821885692565,-0.3,-0.3,-0.3,thr-999.000_maxday3,202605
QQQ,20260515,202605,10:35,635,zero_dte,CALL,-0.12863924657262174,-0.12863924657262174,-0.14108831457561546,-0.3,-0.3,-0.3,thr-999.000_maxday3,202605
QQQ,20260515,202605,11:20,680,zero_dte,PUT,-0.0675684890850414,-0.15997776883809053,-0.0675684890850414,-0.3,0.5,0.5,thr-999.000_maxday3,202605
QQQ,20260515,202605,12:25,745,zero_dte,PUT,-0.13588756067179797,-0.21669870781358117,-0.13588756067179797,-0.3,-0.3,-0.3,thr-999.000_maxday3,202605
QQQ,20260518,202605,10:30,630,zero_dte,PUT,-0.10212431557959503,-0.15171964815973857,-0.10212431557959503,-0.3,0.5,0.5,thr-999.000_maxday3,202605
QQQ,20260518,202605,11:00,660,zero_dte,PUT,-0.007645914074476997,-0.2393559733004616,-0.007645914074476997,-0.3,0.5,0.5,thr-999.000_maxday3,202605
QQQ,20260518,202605,11:30,690,zero_dte,CALL,-0.0503568551955208,-0.0503568551955208,-0.15395447011241223,0.5,-0.3,0.5,thr-999.000_maxday3,202605
QQQ,20260519,202605,10:35,635,zero_dte,CALL,0.06414254885012634,0.06414254885012634,-0.1306498577073759,0.5,-0.3,0.5,thr-999.000_maxday3,202605
QQQ,20260519,202605,12:55,775,zero_dte,PUT,-0.16782258768329442,-0.23147840189386956,-0.16782258768329442,0.5,-0.3,-0.3,thr-999.000_maxday3,202605
QQQ,20260519,202605,13:25,805,zero_dte,PUT,-0.12244725566735813,-0.23496859274249532,-0.12244725566735813,-0.3,0.5,0.5,thr-999.000_maxday3,202605
QQQ,20260520,202605,10:30,630,zero_dte,PUT,-0.01328653494773767,-0.20145976419790163,-0.01328653494773767,0.5,-0.3,-0.3,thr-999.000_maxday3,202605
QQQ,20260520,202605,11:00,660,zero_dte,PUT,-0.026702954772073507,-0.21780625140157234,-0.026702954772073507,0.5,-0.3,-0.3,thr-999.000_maxday3,202605
QQQ,20260520,202605,11:30,690,zero_dte,PUT,-0.037394665748986346,-0.18865459394202078,-0.037394665748986346,-0.3,-0.21839078779804721,-0.21839078779804721,thr-999.000_maxday3,202605
QQQ,20260521,202605,10:50,650,zero_dte,PUT,0.08938717738016644,-0.21682509449082707,0.08938717738016644,0.5,-0.3,-0.3,thr-999.000_maxday3,202605
QQQ,20260521,202605,11:50,710,zero_dte,PUT,0.02050184185561907,-0.21344720705079823,0.02050184185561907,-0.3,-0.3,-0.3,thr-999.000_maxday3,202605
QQQ,20260521,202605,13:05,785,zero_dte,PUT,-0.08512284063111243,-0.3182372214889321,-0.08512284063111243,0.5,-0.3,-0.3,thr-999.000_maxday3,202605
QQQ,20260522,202605,11:05,665,zero_dte,PUT,-0.003339300481563272,-0.14063524666275753,-0.003339300481563272,-0.3,-0.3,-0.3,thr-999.000_maxday3,202605
QQQ,20260522,202605,11:35,695,zero_dte,PUT,0.19150863989697844,-0.14391008470141825,0.19150863989697844,-0.3,-0.3,-0.3,thr-999.000_maxday3,202605
QQQ,20260522,202605,12:05,725,zero_dte,PUT,0.09577387588257727,-0.1474360055412869,0.09577387588257727,-0.3,-0.3,-0.3,thr-999.000_maxday3,202605
QQQ,20260526,202605,10:30,630,zero_dte,PUT,-0.029223945351278296,-0.20206385740581567,-0.029223945351278296,-0.3,0.5,0.5,thr-999.000_maxday3,202605
QQQ,20260526,202605,11:00,660,zero_dte,PUT,0.04095954054675619,-0.16772165663273045,0.04095954054675619,-0.3,0.5,0.5,thr-999.000_maxday3,202605
QQQ,20260526,202605,14:15,855,zero_dte,PUT,-0.13479551032148865,-0.15165193200227167,-0.13479551032148865,-0.3,-0.3,-0.3,thr-999.000_maxday3,202605
QQQ,20260527,202605,10:30,630,zero_dte,PUT,0.005161412621368642,-0.11721517050255519,0.005161412621368642,-0.3,-0.3,-0.3,thr-999.000_maxday3,202605
QQQ,20260527,202605,11:00,660,zero_dte,PUT,-0.08978800601526522,-0.184669596207529,-0.08978800601526522,-0.3,-0.3,-0.3,thr-999.000_maxday3,202605
QQQ,20260527,202605,11:35,695,zero_dte,PUT,-0.07752977811638949,-0.12306065281174733,-0.07752977811638949,0.5,-0.3,-0.3,thr-999.000_maxday3,202605
QQQ,20260528,202605,10:30,630,zero_dte,PUT,0.3560604660120452,-0.19570061773243128,0.3560604660120452,-0.3,-0.3,-0.3,thr-999.000_maxday3,202605
QQQ,20260528,202605,11:00,660,zero_dte,PUT,0.34969584832852535,-0.2073878421359498,0.34969584832852535,0.5,-0.3,-0.3,thr-999.000_maxday3,202605
QQQ,20260528,202605,11:30,690,zero_dte,PUT,0.4300553387365883,-0.24831704576514532,0.4300553387365883,-0.3,-0.3,-0.3,thr-999.000_maxday3,202605
QQQ,20260529,202605,10:35,635,zero_dte,PUT,0.04465093246512737,-0.12991862823153977,0.04465093246512737,-0.3,0.5,0.5,thr-999.000_maxday3,202605
QQQ,20260529,202605,11:05,665,zero_dte,PUT,0.06480920493327186,-0.12818740154405156,0.06480920493327186,0.5,-0.3,-0.3,thr-999.000_maxday3,202605
QQQ,20260529,202605,11:45,705,zero_dte,PUT,0.07988785775744824,-0.19225933242153578,0.07988785775744824,0.5,-0.3,-0.3,thr-999.000_maxday3,202605
QQQ,20260601,202606,10:30,630,zero_dte,PUT,-0.001236774495813164,-0.040146479078076044,-0.001236774495813164,0.5,-0.3,-0.3,thr-999.000_maxday3,202606
QQQ,20260601,202606,11:00,660,zero_dte,PUT,0.033311416168594565,-0.09661639263175864,0.033311416168594565,0.5,-0.3,-0.3,thr-999.000_maxday3,202606
QQQ,20260601,202606,11:30,690,zero_dte,CALL,0.07643909762116856,0.07643909762116856,-0.1324003839457781,-0.3,0.5,-0.3,thr-999.000_maxday3,202606
QQQ,20260602,202606,10:35,635,zero_dte,PUT,0.044060455370449864,-0.2518103361551107,0.044060455370449864,0.5,-0.3,-0.3,thr-999.000_maxday3,202606
QQQ,20260602,202606,11:05,665,zero_dte,PUT,0.08841812497451758,-0.09423019186897172,0.08841812497451758,0.5,-0.3,-0.3,thr-999.000_maxday3,202606
QQQ,20260602,202606,11:35,695,zero_dte,PUT,0.09329183058963923,-0.07163270759613709,0.09329183058963923,-0.3,-0.3,-0.3,thr-999.000_maxday3,202606
QQQ,20260603,202606,12:25,745,zero_dte,PUT,0.01558853837982851,-0.21597972406383362,0.01558853837982851,-0.3,-0.3,-0.3,thr-999.000_maxday3,202606
QQQ,20260603,202606,13:15,795,zero_dte,PUT,0.05130876414850688,-0.17591261268110422,0.05130876414850688,0.5,-0.3,-0.3,thr-999.000_maxday3,202606
QQQ,20260604,202606,10:30,630,zero_dte,PUT,0.0304034160306146,-0.2092928962197403,0.0304034160306146,0.5,-0.3,-0.3,thr-999.000_maxday3,202606
QQQ,20260604,202606,11:00,660,zero_dte,PUT,-0.010635093433875338,-0.15695743291802083,-0.010635093433875338,0.5,-0.3,-0.3,thr-999.000_maxday3,202606
QQQ,20260604,202606,11:30,690,zero_dte,PUT,0.05913744745039765,-0.14522477400749623,0.05913744745039765,-0.3,0.5,0.5,thr-999.000_maxday3,202606
QQQ,20260605,202606,11:05,665,zero_dte,PUT,0.14950818893202755,-0.30758911196960803,0.14950818893202755,-0.3,0.5,0.5,thr-999.000_maxday3,202606
QQQ,20260605,202606,11:35,695,zero_dte,PUT,0.04392028291920995,-0.2635573017861736,0.04392028291920995,-0.3,0.5,0.5,thr-999.000_maxday3,202606
QQQ,20260605,202606,12:05,725,zero_dte,PUT,0.08086184936958887,-0.2371230194786502,0.08086184936958887,-0.3,0.5,0.5,thr-999.000_maxday3,202606
QQQ,20260608,202606,10:30,630,zero_dte,PUT,-0.10721217296548528,-0.2598253415833226,-0.10721217296548528,0.5,-0.3,-0.3,thr-999.000_maxday3,202606
QQQ,20260608,202606,11:00,660,zero_dte,PUT,-0.09812917551453895,-0.17651565176267114,-0.09812917551453895,-0.3,-0.3,-0.3,thr-999.000_maxday3,202606
QQQ,20260608,202606,11:30,690,zero_dte,PUT,-0.11578782955512289,-0.2338510761474975,-0.11578782955512289,0.5,-0.3,-0.3,thr-999.000_maxday3,202606
QQQ,20260609,202606,10:30,630,zero_dte,CALL,0.21653113683498976,0.21653113683498976,0.0746056385022979,-0.3,-0.3,-0.3,thr-999.000_maxday3,202606
QQQ,20260609,202606,11:00,660,zero_dte,CALL,0.24085517222004224,0.24085517222004224,0.08184249868998261,-0.3,0.5,-0.3,thr-999.000_maxday3,202606
QQQ,20260609,202606,11:30,690,zero_dte,CALL,0.2708899707079641,0.2708899707079641,0.12658943554742533,-0.3,-0.3,-0.3,thr-999.000_maxday3,202606
QQQ,20260610,202606,10:35,635,zero_dte,PUT,0.12225677759703263,-0.07705785862136884,0.12225677759703263,-0.3,0.5,0.5,thr-999.000_maxday3,202606
QQQ,20260610,202606,11:10,670,zero_dte,PUT,0.14486061883943344,-0.18547845947283845,0.14486061883943344,-0.3,-0.3,-0.3,thr-999.000_maxday3,202606
QQQ,20260610,202606,11:40,700,zero_dte,PUT,0.140888996979701,-0.18347202398547488,0.140888996979701,-0.3,-0.3,-0.3,thr-999.000_maxday3,202606
QQQ,20260611,202606,10:55,655,zero_dte,PUT,0.16718790829639765,-0.2638390771781319,0.16718790829639765,-0.3,-0.3,-0.3,thr-999.000_maxday3,202606
QQQ,20260611,202606,13:20,800,zero_dte,PUT,0.17419679210652358,-0.25653962466706665,0.17419679210652358,0.5,-0.3,-0.3,thr-999.000_maxday3,202606
QQQ,20260611,202606,13:50,830,zero_dte,PUT,-0.05210993634637316,-0.05748639962777366,-0.05210993634637316,0.5,-0.3,-0.3,thr-999.000_maxday3,202606
QQQ,20260612,202606,10:35,635,zero_dte,PUT,0.0016687684581228614,-0.14490773058216555,0.0016687684581228614,-0.3,0.5,0.5,thr-999.000_maxday3,202606
QQQ,20260612,202606,11:05,665,zero_dte,PUT,-0.09377081114519933,-0.13600908711281653,-0.09377081114519933,-0.3,-0.3,-0.3,thr-999.000_maxday3,202606
QQQ,20260612,202606,11:35,695,zero_dte,PUT,0.10811583942660694,-0.1186499084664289,0.10811583942660694,-0.3,0.5,0.5,thr-999.000_maxday3,202606
QQQ,20260615,202606,10:30,630,zero_dte,PUT,0.26698900915461565,-0.1948148698781188,0.26698900915461565,0.5,-0.3,-0.3,thr-999.000_maxday3,202606
QQQ,20260615,202606,11:00,660,zero_dte,PUT,0.1361735259497764,-0.2281358397447848,0.1361735259497764,0.5,-0.3,-0.3,thr-999.000_maxday3,202606
QQQ,20260615,202606,11:30,690,zero_dte,PUT,0.2803225220581266,-0.24334756032680918,0.2803225220581266,-0.3,-0.3,-0.3,thr-999.000_maxday3,202606
QQQ,20260616,202606,10:30,630,zero_dte,PUT,-0.06924073709323256,-0.2558655234541801,-0.06924073709323256,-0.3,-0.3,-0.3,thr-999.000_maxday3,202606
QQQ,20260616,202606,11:00,660,zero_dte,PUT,0.012828417644770605,-0.20490197681017314,0.012828417644770605,-0.3,-0.3,-0.3,thr-999.000_maxday3,202606
QQQ,20260616,202606,11:30,690,zero_dte,PUT,0.0018128048399374203,-0.24981102473219863,0.0018128048399374203,-0.3,0.5,0.5,thr-999.000_maxday3,202606
QQQ,20260617,202606,10:30,630,zero_dte,PUT,0.15579401816355376,-0.20781776196791144,0.15579401816355376,-0.3,0.5,0.5,thr-999.000_maxday3,202606
QQQ,20260617,202606,11:00,660,zero_dte,PUT,-0.011547904096257403,-0.17730051285389062,-0.011547904096257403,-0.2647887520694565,-0.3,-0.3,thr-999.000_maxday3,202606
QQQ,20260617,202606,13:05,785,zero_dte,PUT,0.0987429970056812,-0.19842710172149738,0.0987429970056812,-0.3,-0.3,-0.3,thr-999.000_maxday3,202606
QQQ,20260618,202606,10:40,640,zero_dte,PUT,-0.023960221098838524,-0.23742279212458414,-0.023960221098838524,-0.3,-0.3,-0.3,thr-999.000_maxday3,202606
QQQ,20260618,202606,11:10,670,zero_dte,CALL,-0.07050976845903928,-0.07050976845903928,-0.14686203525780966,-0.3,0.5,-0.3,thr-999.000_maxday3,202606
QQQ,20260618,202606,11:55,715,zero_dte,PUT,-0.08011736016434881,-0.12630894754594196,-0.08011736016434881,0.5,-0.3,-0.3,thr-999.000_maxday3,202606
QQQ,20260622,202606,10:30,630,zero_dte,PUT,-0.035407980072614725,-0.27061173976714903,-0.035407980072614725,-0.3,0.5,0.5,thr-999.000_maxday3,202606
QQQ,20260622,202606,11:00,660,zero_dte,PUT,0.004820567364540266,-0.2782806953290883,0.004820567364540266,-0.3,-0.3,-0.3,thr-999.000_maxday3,202606
QQQ,20260622,202606,11:30,690,zero_dte,PUT,0.020101770653027377,-0.27607359188745967,0.020101770653027377,-0.3,-0.3,-0.3,thr-999.000_maxday3,202606
QQQ,20260624,202606,10:45,645,zero_dte,PUT,0.007904159966523907,-0.2015111108811655,0.007904159966523907,-0.3,-0.3,-0.3,thr-999.000_maxday3,202606
QQQ,20260624,202606,11:20,680,zero_dte,PUT,0.0435764025030652,-0.2118001067980578,0.0435764025030652,-0.3,0.5,0.5,thr-999.000_maxday3,202606
QQQ,20260624,202606,11:55,715,zero_dte,PUT,0.025049519868095227,-0.21598403213471012,0.025049519868095227,-0.3,0.5,0.5,thr-999.000_maxday3,202606
QQQ,20260626,202606,11:30,690,zero_dte,CALL,0.3870482360551566,0.3870482360551566,0.06564261568776682,-0.3,-0.3,-0.3,thr-999.000_maxday3,202606
QQQ,20260626,202606,12:00,720,zero_dte,CALL,0.31776570942990834,0.31776570942990834,0.08567243411809744,-0.3,0.5,-0.3,thr-999.000_maxday3,202606
QQQ,20260626,202606,12:35,755,zero_dte,CALL,0.31100791958486784,0.31100791958486784,0.052643551838144106,-0.3,-0.3,-0.3,thr-999.000_maxday3,202606
QQQ,20260629,202606,11:30,690,zero_dte,PUT,-0.00514228375994771,-0.28240581924721836,-0.00514228375994771,0.5,-0.3,-0.3,thr-999.000_maxday3,202606
QQQ,20260629,202606,12:00,720,zero_dte,PUT,0.0025419600841030724,-0.08396378905046693,0.0025419600841030724,0.5,-0.3,-0.3,thr-999.000_maxday3,202606
QQQ,20260629,202606,12:30,750,zero_dte,PUT,-0.08298545521795561,-0.2819879246861433,-0.08298545521795561,0.5,-0.3,-0.3,thr-999.000_maxday3,202606
QQQ,20260630,202606,10:30,630,zero_dte,PUT,0.02676302842436574,-0.23428469203449823,0.02676302842436574,-0.3,0.5,0.5,thr-999.000_maxday3,202606
QQQ,20260630,202606,11:05,665,zero_dte,PUT,0.01971234602763186,-0.1852729777724778,0.01971234602763186,0.5,-0.3,-0.3,thr-999.000_maxday3,202606
QQQ,20260630,202606,11:35,695,zero_dte,PUT,0.1432625714796956,-0.20980663272288985,0.1432625714796956,0.5,-0.3,-0.3,thr-999.000_maxday3,202606
SPY,20260102,202601,10:30,630,zero_dte,PUT,0.21357264807883122,-0.14740308706092056,0.21357264807883122,0.5,-0.3,-0.3,thr-999.000_maxday3,202601
SPY,20260102,202601,11:00,660,zero_dte,PUT,0.26902386696074243,-0.07552614298779953,0.26902386696074243,-0.3,-0.3,-0.3,thr-999.000_maxday3,202601
SPY,20260102,202601,11:30,690,zero_dte,PUT,0.4605389196404971,-0.16820599166606628,0.4605389196404971,-0.3,-0.3,-0.3,thr-999.000_maxday3,202601
SPY,20260105,202601,10:30,630,zero_dte,PUT,0.13013865411157186,-0.16891730131879104,0.13013865411157186,-0.3,-0.3,-0.3,thr-999.000_maxday3,202601
SPY,20260105,202601,11:00,660,zero_dte,PUT,0.1206493902577892,-0.14598078878105536,0.1206493902577892,0.5,-0.3,-0.3,thr-999.000_maxday3,202601
SPY,20260105,202601,11:30,690,zero_dte,PUT,0.21044199925911478,-0.1910538730127417,0.21044199925911478,0.5,-0.3,-0.3,thr-999.000_maxday3,202601
SPY,20260106,202601,10:30,630,zero_dte,PUT,0.22712271345159052,-0.2947507777715476,0.22712271345159052,-0.3,0.5,0.5,thr-999.000_maxday3,202601
SPY,20260106,202601,11:00,660,zero_dte,CALL,-0.16040061112437873,-0.16040061112437873,-0.2323274884262979,-0.3,0.5,-0.3,thr-999.000_maxday3,202601
SPY,20260106,202601,11:40,700,zero_dte,CALL,-0.15322327736573366,-0.15322327736573366,-0.2086963548579437,0.5,-0.3,0.5,thr-999.000_maxday3,202601
SPY,20260107,202601,10:30,630,zero_dte,PUT,0.11651401318570108,-0.18908775405748224,0.11651401318570108,0.5,-0.3,-0.3,thr-999.000_maxday3,202601
SPY,20260107,202601,11:00,660,zero_dte,PUT,0.2079030003309649,-0.21119460704346138,0.2079030003309649,-0.3,-0.3,-0.3,thr-999.000_maxday3,202601
SPY,20260107,202601,11:30,690,zero_dte,PUT,0.10442537733204466,-0.21119462988873594,0.10442537733204466,0.5,-0.3,-0.3,thr-999.000_maxday3,202601
SPY,20260108,202601,10:30,630,zero_dte,CALL,-0.012075493503228856,-0.012075493503228856,-0.21800967732858928,-0.3,-0.3,-0.3,thr-999.000_maxday3,202601
SPY,20260108,202601,11:00,660,zero_dte,CALL,-0.0032087305090376427,-0.0032087305090376427,-0.22174835675573085,-0.3,0.5,-0.3,thr-999.000_maxday3,202601
SPY,20260108,202601,11:30,690,zero_dte,CALL,-0.02139832037680797,-0.02139832037680797,-0.22806515731744123,-0.3,0.5,-0.3,thr-999.000_maxday3,202601
SPY,20260109,202601,10:30,630,zero_dte,PUT,0.07693904431815148,-0.1897254953941796,0.07693904431815148,-0.3,0.5,0.5,thr-999.000_maxday3,202601
SPY,20260109,202601,11:00,660,zero_dte,PUT,0.2576909899919164,-0.1466760133235302,0.2576909899919164,0.5,-0.3,-0.3,thr-999.000_maxday3,202601
SPY,20260109,202601,11:30,690,zero_dte,PUT,0.1981809922271851,-0.18910023050879698,0.1981809922271851,0.5,-0.3,-0.3,thr-999.000_maxday3,202601
SPY,20260112,202601,10:30,630,zero_dte,PUT,0.2175064019564457,-0.14169706292581094,0.2175064019564457,0.5,-0.3,-0.3,thr-999.000_maxday3,202601
SPY,20260112,202601,11:00,660,zero_dte,PUT,0.20670131633204425,-0.16296748808396966,0.20670131633204425,0.5,-0.3,-0.3,thr-999.000_maxday3,202601
SPY,20260112,202601,11:30,690,zero_dte,PUT,0.4123702654552017,-0.19140488465631444,0.4123702654552017,0.5,-0.3,-0.3,thr-999.000_maxday3,202601
SPY,20260113,202601,10:30,630,zero_dte,PUT,0.2628058038214003,-0.11551520671475912,0.2628058038214003,0.5,-0.3,-0.3,thr-999.000_maxday3,202601
SPY,20260113,202601,11:30,690,zero_dte,CALL,-0.18981402649442758,-0.18981402649442758,-0.22087338562576556,0.5,-0.3,0.5,thr-999.000_maxday3,202601
SPY,20260113,202601,12:00,720,zero_dte,PUT,0.2610912832682908,-0.18987370428565056,0.2610912832682908,-0.3,0.5,0.5,thr-999.000_maxday3,202601
SPY,20260114,202601,10:30,630,zero_dte,PUT,0.19897073079234628,-0.08776778538075208,0.19897073079234628,-0.3,-0.3,-0.3,thr-999.000_maxday3,202601
SPY,20260114,202601,11:00,660,zero_dte,PUT,0.3168335113762611,-0.04420634964411363,0.3168335113762611,0.5,-0.3,-0.3,thr-999.000_maxday3,202601
SPY,20260114,202601,11:35,695,zero_dte,PUT,0.3965344399805851,-0.11226471867290322,0.3965344399805851,-0.3,0.5,0.5,thr-999.000_maxday3,202601
SPY,20260115,202601,10:30,630,zero_dte,PUT,-0.02588247964827497,-0.2303015014361527,-0.02588247964827497,-0.3,-0.3,-0.3,thr-999.000_maxday3,202601
SPY,20260115,202601,11:00,660,zero_dte,PUT,-0.06586846505539769,-0.297910850574078,-0.06586846505539769,-0.3,-0.3,-0.3,thr-999.000_maxday3,202601
SPY,20260115,202601,11:30,690,zero_dte,PUT,-0.07499506620565599,-0.18475733846254425,-0.07499506620565599,-0.3,-0.3,-0.3,thr-999.000_maxday3,202601
SPY,20260116,202601,10:30,630,zero_dte,PUT,0.24871463946767194,-0.11656902004886158,0.24871463946767194,-0.3,0.5,0.5,thr-999.000_maxday3,202601
SPY,20260116,202601,11:00,660,zero_dte,PUT,0.3152425494953026,-0.1898741475120113,0.3152425494953026,0.5,-0.3,-0.3,thr-999.000_maxday3,202601
SPY,20260116,202601,11:30,690,zero_dte,CALL,-0.04759758767716099,-0.04759758767716099,-0.24547602359064802,-0.3,-0.3,-0.3,thr-999.000_maxday3,202601
SPY,20260120,202601,10:30,630,zero_dte,PUT,0.13696515186870087,-0.11966674654609144,0.13696515186870087,-0.3,-0.3,-0.3,thr-999.000_maxday3,202601
SPY,20260120,202601,11:00,660,zero_dte,PUT,0.24524313536558215,-0.07374517072869644,0.24524313536558215,-0.3,0.5,0.5,thr-999.000_maxday3,202601
SPY,20260120,202601,11:30,690,zero_dte,PUT,0.2863656347702689,-0.0698545600670055,0.2863656347702689,-0.3,-0.3,-0.3,thr-999.000_maxday3,202601
SPY,20260121,202601,10:30,630,zero_dte,PUT,0.44340676151464853,-0.17105200190952122,0.44340676151464853,0.5,-0.3,-0.3,thr-999.000_maxday3,202601
SPY,20260121,202601,11:00,660,zero_dte,PUT,0.3486540163908405,-0.15132292804618389,0.3486540163908405,-0.3,0.5,0.5,thr-999.000_maxday3,202601
SPY,20260121,202601,11:30,690,zero_dte,PUT,0.33780378254028476,-0.12902927662910058,0.33780378254028476,-0.3,0.5,0.5,thr-999.000_maxday3,202601
SPY,20260122,202601,10:45,645,zero_dte,CALL,-0.175426041596496,-0.175426041596496,-0.22410034240740023,0.5,-0.3,0.5,thr-999.000_maxday3,202601
SPY,20260122,202601,11:15,675,zero_dte,CALL,-0.16697545860678514,-0.16697545860678514,-0.21678417114674012,-0.3,-0.3,-0.3,thr-999.000_maxday3,202601
SPY,20260122,202601,11:45,705,zero_dte,PUT,0.33876046102264834,-0.18968897176219007,0.33876046102264834,-0.3,-0.3,-0.3,thr-999.000_maxday3,202601
SPY,20260123,202601,10:30,630,zero_dte,PUT,0.3733356299047409,-0.16703314707608619,0.3733356299047409,0.5,-0.3,-0.3,thr-999.000_maxday3,202601
SPY,20260123,202601,11:00,660,zero_dte,PUT,0.43142200685754034,-0.1917728099164885,0.43142200685754034,-0.3,0.5,0.5,thr-999.000_maxday3,202601
SPY,20260123,202601,11:30,690,zero_dte,PUT,0.34164820543323204,-0.14160714541261626,0.34164820543323204,-0.3,-0.3,-0.3,thr-999.000_maxday3,202601
SPY,20260126,202601,10:30,630,zero_dte,PUT,0.18197399120739874,-0.1700241004330995,0.18197399120739874,0.5,-0.3,-0.3,thr-999.000_maxday3,202601
SPY,20260126,202601,11:00,660,zero_dte,PUT,0.2893972408472726,-0.17064934160996376,0.2893972408472726,-0.3,-0.3,-0.3,thr-999.000_maxday3,202601
SPY,20260126,202601,11:30,690,zero_dte,PUT,0.2733146435499614,-0.17050288584271367,0.2733146435499614,-0.3,-0.3,-0.3,thr-999.000_maxday3,202601
SPY,20260127,202601,10:30,630,zero_dte,PUT,-0.12268680458033387,-0.1684912153956451,-0.12268680458033387,0.5,-0.3,-0.3,thr-999.000_maxday3,202601
SPY,20260127,202601,11:00,660,zero_dte,PUT,-0.012719542021456372,-0.23899981274406662,-0.012719542021456372,-0.3,-0.3,-0.3,thr-999.000_maxday3,202601
SPY,20260127,202601,11:30,690,zero_dte,PUT,-0.0328236701121357,-0.26263647518748273,-0.0328236701121357,-0.3,0.5,0.5,thr-999.000_maxday3,202601
SPY,20260128,202601,10:30,630,zero_dte,CALL,-0.15090456144634046,-0.15090456144634046,-0.22876061989255062,-0.3,0.5,-0.3,thr-999.000_maxday3,202601
SPY,20260128,202601,11:00,660,zero_dte,CALL,-0.15038633596024611,-0.15038633596024611,-0.22185686054694465,-0.3,-0.021505355669564907,-0.3,thr-999.000_maxday3,202601
SPY,20260128,202601,11:30,690,zero_dte,CALL,-0.15236414592383968,-0.15236414592383968,-0.2271481846839485,-0.3,0.5,-0.3,thr-999.000_maxday3,202601
SPY,20260129,202601,10:30,630,zero_dte,PUT,0.24236139209892155,-0.12136079290520108,0.24236139209892155,-0.3,0.5,0.5,thr-999.000_maxday3,202601
SPY,20260129,202601,11:00,660,zero_dte,PUT,0.3818152313382761,-0.14428301983741298,0.3818152313382761,0.5,-0.3,-0.3,thr-999.000_maxday3,202601
SPY,20260129,202601,11:30,690,zero_dte,PUT,0.32409173957444737,-0.14363953427583798,0.32409173957444737,0.5,-0.3,-0.3,thr-999.000_maxday3,202601
SPY,20260130,202601,10:30,630,zero_dte,PUT,0.18565443721814281,-0.12145010910739804,0.18565443721814281,0.5,-0.3,-0.3,thr-999.000_maxday3,202601
SPY,20260130,202601,11:00,660,zero_dte,PUT,0.16156257360530502,-0.1700175516196445,0.16156257360530502,-0.3,0.5,0.5,thr-999.000_maxday3,202601
SPY,20260130,202601,11:30,690,zero_dte,PUT,0.24659978922673736,-0.11406171116961097,0.24659978922673736,-0.3,-0.3,-0.3,thr-999.000_maxday3,202601
SPY,20260202,202602,10:30,630,zero_dte,PUT,0.021814722057127138,-0.23252663823400083,0.021814722057127138,0.5,-0.3,-0.3,thr-999.000_maxday3,202602
SPY,20260202,202602,11:00,660,zero_dte,PUT,0.035312632464560414,-0.21000261318859184,0.035312632464560414,0.5,-0.3,-0.3,thr-999.000_maxday3,202602
SPY,20260202,202602,11:30,690,zero_dte,PUT,0.35961710728770513,-0.2663872958955394,0.35961710728770513,-0.3,0.5,0.5,thr-999.000_maxday3,202602
SPY,20260203,202602,10:30,630,zero_dte,CALL,-0.16287430712400583,-0.16287430712400583,-0.1908225800080451,-0.3,-0.3,-0.3,thr-999.000_maxday3,202602
SPY,20260203,202602,11:10,670,zero_dte,CALL,-0.043838313214864734,-0.043838313214864734,-0.2078914834447163,-0.3,0.5,-0.3,thr-999.000_maxday3,202602
SPY,20260203,202602,11:40,700,zero_dte,CALL,-0.07426824036658948,-0.07426824036658948,-0.2668079181138264,-0.3,0.5,-0.3,thr-999.000_maxday3,202602
SPY,20260204,202602,11:05,665,zero_dte,CALL,-0.013934744551185582,-0.013934744551185582,-0.21413696727444512,-0.3,-0.3,-0.3,thr-999.000_maxday3,202602
SPY,20260204,202602,11:35,695,zero_dte,CALL,-0.1655345593045436,-0.1655345593045436,-0.16675267097117238,-0.3,0.5,-0.3,thr-999.000_maxday3,202602
SPY,20260204,202602,12:05,725,zero_dte,CALL,0.0022642796281038702,0.0022642796281038702,-0.20636331329721433,-0.3,0.5,-0.3,thr-999.000_maxday3,202602
SPY,20260205,202602,10:30,630,zero_dte,PUT,-0.019716216737824654,-0.11801974241772203,-0.019716216737824654,-0.3,-0.3,-0.3,thr-999.000_maxday3,202602
SPY,20260205,202602,11:00,660,zero_dte,PUT,-0.0251078418472372,-0.11447123915229487,-0.0251078418472372,-0.3,-0.3,-0.3,thr-999.000_maxday3,202602
SPY,20260206,202602,10:30,630,zero_dte,PUT,0.08273505772097893,-0.3196692251335432,0.08273505772097893,-0.3,-0.3,-0.3,thr-999.000_maxday3,202602
SPY,20260206,202602,11:00,660,zero_dte,PUT,0.07118608313351103,-0.030609129172194525,0.07118608313351103,0.5,-0.3,-0.3,thr-999.000_maxday3,202602
SPY,20260206,202602,11:30,690,zero_dte,PUT,0.34908632933698414,-0.3039300326735308,0.34908632933698414,0.5,-0.3,-0.3,thr-999.000_maxday3,202602
SPY,20260209,202602,10:30,630,zero_dte,PUT,0.45690752678350277,-0.2876425265187851,0.45690752678350277,0.5,-0.3,-0.3,thr-999.000_maxday3,202602
SPY,20260209,202602,11:00,660,zero_dte,PUT,0.363132118162854,-0.3210303096505944,0.363132118162854,0.5,-0.3,-0.3,thr-999.000_maxday3,202602
SPY,20260209,202602,11:30,690,zero_dte,PUT,0.40919272854973365,-0.2687844372752249,0.40919272854973365,0.5,-0.3,-0.3,thr-999.000_maxday3,202602
SPY,20260210,202602,10:30,630,zero_dte,PUT,0.4770172306070031,-0.31491363303606257,0.4770172306070031,-0.3,0.5,0.5,thr-999.000_maxday3,202602
SPY,20260210,202602,11:00,660,zero_dte,PUT,0.056565847440202904,-0.2443539683075359,0.056565847440202904,-0.3,0.5,0.5,thr-999.000_maxday3,202602
SPY,20260210,202602,11:30,690,zero_dte,PUT,0.07222688414688647,-0.2727091429805377,0.07222688414688647,-0.3,-0.3,-0.3,thr-999.000_maxday3,202602
SPY,20260211,202602,10:30,630,zero_dte,CALL,-0.11225163670666854,-0.11225163670666854,-0.2406317166353311,0.5,-0.3,0.5,thr-999.000_maxday3,202602
SPY,20260212,202602,10:30,630,zero_dte,PUT,0.03709119735077394,-0.3019873895499259,0.03709119735077394,-0.3,0.5,0.5,thr-999.000_maxday3,202602
SPY,20260212,202602,11:00,660,zero_dte,CALL,-0.12530348386877282,-0.12530348386877282,-0.2668079181138264,-0.3,0.5,-0.3,thr-999.000_maxday3,202602
SPY,20260213,202602,10:30,630,zero_dte,PUT,0.38848314937438977,-0.08147123087134962,0.38848314937438977,-0.3,0.5,0.5,thr-999.000_maxday3,202602
SPY,20260213,202602,11:00,660,zero_dte,PUT,0.3675277896415289,-0.04072726985939582,0.3675277896415289,0.5,-0.3,-0.3,thr-999.000_maxday3,202602
SPY,20260213,202602,11:30,690,zero_dte,PUT,0.4298812282206002,-0.05234220886140491,0.4298812282206002,0.5,-0.3,-0.3,thr-999.000_maxday3,202602
SPY,20260217,202602,10:30,630,zero_dte,CALL,-0.03382927093801519,-0.03382927093801519,-0.2406317166353311,0.5,-0.3,0.5,thr-999.000_maxday3,202602
SPY,20260217,202602,11:15,675,zero_dte,PUT,0.35116481902341384,-0.3013661965532842,0.35116481902341384,-0.3,0.5,0.5,thr-999.000_maxday3,202602
SPY,20260217,202602,11:45,705,zero_dte,PUT,0.04966899302752617,0.019407830111739407,0.04966899302752617,-0.3,-0.3,-0.3,thr-999.000_maxday3,202602
SPY,20260218,202602,10:30,630,zero_dte,PUT,0.44287136615790246,-0.2866870448217195,0.44287136615790246,-0.3,-0.3,-0.3,thr-999.000_maxday3,202602
SPY,20260218,202602,11:00,660,zero_dte,PUT,0.4115854582250119,-0.31616304833391523,0.4115854582250119,-0.3,-0.3,-0.3,thr-999.000_maxday3,202602
SPY,20260218,202602,11:30,690,zero_dte,PUT,0.46811751380083405,-0.30372952190967095,0.46811751380083405,-0.3,0.5,0.5,thr-999.000_maxday3,202602
SPY,20260219,202602,10:35,635,zero_dte,PUT,0.2491752274274894,-0.3014602560699928,0.2491752274274894,-0.3,0.5,0.5,thr-999.000_maxday3,202602
SPY,20260219,202602,11:15,675,zero_dte,PUT,0.23102528313266268,-0.23682210878663748,0.23102528313266268,-0.3,0.5,0.5,thr-999.000_maxday3,202602
SPY,20260219,202602,11:45,705,zero_dte,PUT,0.008610569077099926,-0.2109998411894249,0.008610569077099926,-0.3,-0.3,-0.3,thr-999.000_maxday3,202602
SPY,20260220,202602,10:55,655,zero_dte,PUT,0.4492053913429361,-0.29466068336652,0.4492053913429361,-0.3,0.5,0.5,thr-999.000_maxday3,202602
SPY,20260220,202602,11:40,700,zero_dte,PUT,0.3185267917264264,-0.22613592701876825,0.3185267917264264,-0.3,-0.3,-0.3,thr-999.000_maxday3,202602
SPY,20260220,202602,13:40,820,zero_dte,PUT,0.3564143105780474,-0.22679775898732318,0.3564143105780474,0.5,-0.3,-0.3,thr-999.000_maxday3,202602
SPY,20260223,202602,10:30,630,zero_dte,CALL,-0.05520472870074298,-0.05520472870074298,-0.2668079181138264,-0.3,0.5,-0.3,thr-999.000_maxday3,202602
SPY,20260223,202602,11:00,660,zero_dte,CALL,0.07591363758173962,0.07591363758173962,-0.2668079181138264,-0.3,0.5,-0.3,thr-999.000_maxday3,202602
SPY,20260223,202602,11:30,690,zero_dte,CALL,-0.07919091895901051,-0.07919091895901051,-0.2668079181138264,-0.3,0.5,-0.3,thr-999.000_maxday3,202602
SPY,20260224,202602,10:30,630,zero_dte,PUT,0.4024418992400687,-0.33057734412315465,0.4024418992400687,-0.3,-0.3,-0.3,thr-999.000_maxday3,202602
SPY,20260224,202602,11:00,660,zero_dte,PUT,0.48015651096764944,-0.30761679620906407,0.48015651096764944,0.5,-0.3,-0.3,thr-999.000_maxday3,202602
SPY,20260224,202602,11:30,690,zero_dte,PUT,0.46913334197826034,-0.30604965867166956,0.46913334197826034,0.5,-0.3,-0.3,thr-999.000_maxday3,202602
SPY,20260225,202602,10:30,630,zero_dte,PUT,0.3882372200389805,-0.1574672004000277,0.3882372200389805,0.339506215991779,-0.3,-0.3,thr-999.000_maxday3,202602
SPY,20260225,202602,11:00,660,zero_dte,PUT,0.37497839910735187,-0.170358892795723,0.37497839910735187,0.43949039169361837,-0.3,-0.3,thr-999.000_maxday3,202602
SPY,20260225,202602,11:30,690,zero_dte,PUT,0.3608673994192529,-0.012790332890433484,0.3608673994192529,0.4261363659454278,-0.3,-0.3,thr-999.000_maxday3,202602
SPY,20260226,202602,10:30,630,zero_dte,CALL,-0.08144376875784899,-0.08144376875784899,-0.2668079181138264,0.5,-0.3,0.5,thr-999.000_maxday3,202602
SPY,20260226,202602,12:15,735,zero_dte,PUT,8.24777961899618e-05,-0.03236315544632336,8.24777961899618e-05,-0.3,-0.3,-0.3,thr-999.000_maxday3,202602
SPY,20260226,202602,12:45,765,zero_dte,CALL,-0.020769753092264656,-0.020769753092264656,-0.06299738829060696,-0.3,-0.3,-0.3,thr-999.000_maxday3,202602
SPY,20260227,202602,10:30,630,zero_dte,PUT,0.17605040258604251,-0.20473440102053253,0.17605040258604251,-0.3,-0.3,-0.3,thr-999.000_maxday3,202602
SPY,20260227,202602,11:00,660,zero_dte,PUT,0.3909141128124553,-0.05161897487503468,0.3909141128124553,-0.3,-0.3,-0.3,thr-999.000_maxday3,202602
SPY,20260227,202602,11:30,690,zero_dte,PUT,0.4096892016242732,-0.07117188815744167,0.4096892016242732,-0.3,0.5,0.5,thr-999.000_maxday3,202602
SPY,20260302,202603,10:45,645,zero_dte,PUT,0.45019603921368495,-0.1936759404211261,0.45019603921368495,-0.3,-0.3,-0.3,thr-999.000_maxday3,202603
SPY,20260302,202603,11:15,675,zero_dte,PUT,0.3533532539684555,-0.15350555449919384,0.3533532539684555,-0.3,0.5,0.5,thr-999.000_maxday3,202603
SPY,20260302,202603,11:45,705,zero_dte,PUT,0.4577788916127899,-0.0700215412969424,0.4577788916127899,-0.3,-0.3,-0.3,thr-999.000_maxday3,202603
SPY,20260303,202603,10:30,630,zero_dte,CALL,0.06927162553019078,0.06927162553019078,0.004718922619051751,0.5,-0.3,0.5,thr-999.000_maxday3,202603
SPY,20260303,202603,11:25,685,zero_dte,CALL,0.04337027847566371,0.04337027847566371,-0.03255853768649349,-0.3,0.5,-0.3,thr-999.000_maxday3,202603
SPY,20260303,202603,11:55,715,zero_dte,PUT,0.10121324414223541,-0.06260201196622298,0.10121324414223541,-0.3,0.5,0.5,thr-999.000_maxday3,202603
SPY,20260304,202603,10:30,630,zero_dte,PUT,0.004085607517121429,-0.13401068847387354,0.004085607517121429,-0.3,0.5,0.5,thr-999.000_maxday3,202603
SPY,20260304,202603,11:00,660,zero_dte,PUT,0.17983234784364366,-0.04374272610422218,0.17983234784364366,-0.3,0.5,0.5,thr-999.000_maxday3,202603
SPY,20260304,202603,11:30,690,zero_dte,PUT,0.13217990006561006,-0.06909279934201835,0.13217990006561006,0.2565789411768027,-0.3,-0.3,thr-999.000_maxday3,202603
SPY,20260305,202603,10:30,630,zero_dte,CALL,0.09967745329599395,0.09967745329599395,-0.05367182197254499,0.5,-0.3,0.5,thr-999.000_maxday3,202603
SPY,20260305,202603,11:05,665,zero_dte,CALL,-0.05482731426704424,-0.05482731426704424,-0.27914614994288883,-0.3,0.5,-0.3,thr-999.000_maxday3,202603
SPY,20260305,202603,11:35,695,zero_dte,CALL,0.08625216862355241,0.08625216862355241,0.04329069492058119,0.5,-0.3,0.5,thr-999.000_maxday3,202603
SPY,20260306,202603,10:30,630,zero_dte,PUT,-0.033813011663422,-0.0845271623241076,-0.033813011663422,-0.3,-0.3,-0.3,thr-999.000_maxday3,202603
SPY,20260306,202603,11:00,660,zero_dte,PUT,-0.010603425284945867,-0.04925628376171337,-0.010603425284945867,-0.3,-0.3,-0.3,thr-999.000_maxday3,202603
SPY,20260306,202603,11:30,690,zero_dte,PUT,0.07578988709133704,-0.014249917339025094,0.07578988709133704,0.5,-0.3,-0.3,thr-999.000_maxday3,202603
SPY,20260309,202603,10:45,645,zero_dte,PUT,-0.021992417015699685,-0.03098604488578947,-0.021992417015699685,0.5,-0.3,-0.3,thr-999.000_maxday3,202603
SPY,20260309,202603,11:15,675,zero_dte,PUT,0.055492033557256924,-0.05281794879335672,0.055492033557256924,0.5,-0.3,-0.3,thr-999.000_maxday3,202603
SPY,20260309,202603,11:45,705,zero_dte,PUT,0.08085441774762894,-0.014408719206975453,0.08085441774762894,0.5,-0.3,-0.3,thr-999.000_maxday3,202603
SPY,20260310,202603,10:30,630,zero_dte,PUT,0.10130732323203287,-0.05258490086260311,0.10130732323203287,0.5,-0.3,-0.3,thr-999.000_maxday3,202603
SPY,20260310,202603,11:00,660,zero_dte,PUT,0.11825311886661831,-0.16127004713139959,0.11825311886661831,-0.3,-0.3,-0.3,thr-999.000_maxday3,202603
SPY,20260310,202603,11:30,690,zero_dte,PUT,0.19550982758932545,-0.08451163478145751,0.19550982758932545,-0.3,-0.3,-0.3,thr-999.000_maxday3,202603
SPY,20260311,202603,10:30,630,zero_dte,PUT,0.39069927546097233,-0.12174051544443587,0.39069927546097233,-0.3,-0.3,-0.3,thr-999.000_maxday3,202603
SPY,20260311,202603,11:15,675,zero_dte,PUT,-0.03178836930535186,-0.07956814216440057,-0.03178836930535186,-0.3,-0.3,-0.3,thr-999.000_maxday3,202603
SPY,20260311,202603,11:45,705,zero_dte,PUT,-0.022895873873953324,-0.11284359389337253,-0.022895873873953324,0.5,-0.3,-0.3,thr-999.000_maxday3,202603
SPY,20260312,202603,10:30,630,zero_dte,CALL,0.1889426752220181,0.1889426752220181,-0.021668753817942317,0.5,-0.3,0.5,thr-999.000_maxday3,202603
SPY,20260312,202603,11:00,660,zero_dte,CALL,0.11480470142070932,0.11480470142070932,0.047549994689601596,0.5,-0.3,0.5,thr-999.000_maxday3,202603
SPY,20260312,202603,11:30,690,zero_dte,CALL,0.17508233702419707,0.17508233702419707,0.021848191419974357,0.5,-0.3,0.5,thr-999.000_maxday3,202603
SPY,20260313,202603,10:35,635,zero_dte,PUT,0.10065520944804916,-0.10891695235260013,0.10065520944804916,-0.3,0.5,0.5,thr-999.000_maxday3,202603
SPY,20260313,202603,11:05,665,zero_dte,CALL,0.06422700674732061,0.06422700674732061,-0.026094619283328464,-0.3,-0.3,-0.3,thr-999.000_maxday3,202603
SPY,20260313,202603,11:35,695,zero_dte,CALL,0.05013150738092067,0.05013150738092067,-0.011569843915577466,-0.3,-0.3,-0.3,thr-999.000_maxday3,202603
SPY,20260316,202603,10:40,640,zero_dte,PUT,0.23221072186474317,-0.28276874439691224,0.23221072186474317,0.5,-0.3,-0.3,thr-999.000_maxday3,202603
SPY,20260316,202603,11:10,670,zero_dte,PUT,0.21827316956371576,-0.18223943531792194,0.21827316956371576,0.5,-0.3,-0.3,thr-999.000_maxday3,202603
SPY,20260316,202603,12:00,720,zero_dte,PUT,-0.021442320301531113,-0.2539540428293293,-0.021442320301531113,-0.3,0.5,0.5,thr-999.000_maxday3,202603
SPY,20260317,202603,10:30,630,zero_dte,CALL,-0.1619722618748619,-0.1619722618748619,-0.19739639505640819,-0.3,-0.3,-0.3,thr-999.000_maxday3,202603
SPY,20260317,202603,11:00,660,zero_dte,PUT,0.47539908170723255,-0.0166641723952373,0.47539908170723255,-0.3,0.5,0.5,thr-999.000_maxday3,202603
SPY,20260317,202603,11:30,690,zero_dte,PUT,-0.13235137563039095,-0.1957922781604247,-0.13235137563039095,-0.3,0.5,0.5,thr-999.000_maxday3,202603
SPY,20260318,202603,10:30,630,zero_dte,PUT,-0.013830829743693955,-0.13841613336799047,-0.013830829743693955,-0.3,-0.3,-0.3,thr-999.000_maxday3,202603
SPY,20260318,202603,11:20,680,zero_dte,CALL,-0.1610810444393975,-0.1610810444393975,-0.2765000130668296,-0.3,-0.3,-0.3,thr-999.000_maxday3,202603
SPY,20260318,202603,11:50,710,zero_dte,PUT,-0.22386743700836953,-0.23848536438437878,-0.22386743700836953,-0.3,-0.3,-0.3,thr-999.000_maxday3,202603
SPY,20260319,202603,10:35,635,zero_dte,PUT,0.039474175791130245,-0.01672007608024052,0.039474175791130245,-0.3,0.5,0.5,thr-999.000_maxday3,202603
SPY,20260319,202603,11:05,665,zero_dte,CALL,0.13184023526345928,0.13184023526345928,0.015416525616605465,-0.3,0.5,-0.3,thr-999.000_maxday3,202603
SPY,20260319,202603,12:05,725,zero_dte,CALL,0.1803651370396484,0.1803651370396484,-0.07701139089577522,-0.3,0.5,-0.3,thr-999.000_maxday3,202603
SPY,20260320,202603,10:30,630,zero_dte,PUT,-0.09495257963497575,-0.21769016628849408,-0.09495257963497575,-0.3,-0.3,-0.3,thr-999.000_maxday3,202603
SPY,20260320,202603,11:05,665,zero_dte,PUT,0.0043737650536264305,-0.02743128077235695,0.0043737650536264305,0.5,-0.3,-0.3,thr-999.000_maxday3,202603
SPY,20260320,202603,11:35,695,zero_dte,CALL,0.030798731768877048,0.030798731768877048,0.012501040376062398,-0.3,-0.3,-0.3,thr-999.000_maxday3,202603
SPY,20260323,202603,10:35,635,zero_dte,PUT,0.15214532775085507,-0.15470376997223909,0.15214532775085507,-0.3,-0.3,-0.3,thr-999.000_maxday3,202603
SPY,20260323,202603,11:05,665,zero_dte,PUT,0.21295724492935245,-0.08643287693037015,0.21295724492935245,-0.3,0.5,0.5,thr-999.000_maxday3,202603
SPY,20260323,202603,11:55,715,zero_dte,PUT,0.2905861092737522,-0.02707027845342061,0.2905861092737522,-0.3,0.5,0.5,thr-999.000_maxday3,202603
SPY,20260324,202603,10:30,630,zero_dte,CALL,-0.1461016347162448,-0.1461016347162448,-0.21740020990616743,0.5,-0.3,0.5,thr-999.000_maxday3,202603
SPY,20260324,202603,11:00,660,zero_dte,PUT,-0.06450150607373234,-0.06909538015675436,-0.06450150607373234,-0.3,-0.3,-0.3,thr-999.000_maxday3,202603
SPY,20260324,202603,11:30,690,zero_dte,PUT,0.03653536911729439,-0.17108370058584751,0.03653536911729439,-0.3,-0.3,-0.3,thr-999.000_maxday3,202603
SPY,20260325,202603,11:15,675,zero_dte,PUT,-0.11709610888965756,-0.28008974900229483,-0.11709610888965756,-0.3,0.5,0.5,thr-999.000_maxday3,202603
SPY,20260325,202603,11:45,705,zero_dte,PUT,0.12956217516923463,-0.08326398940483132,0.12956217516923463,0.5,-0.3,-0.3,thr-999.000_maxday3,202603
SPY,20260325,202603,12:15,735,zero_dte,PUT,0.11472285993495325,-0.053922430019705404,0.11472285993495325,0.5,-0.3,-0.3,thr-999.000_maxday3,202603
SPY,20260326,202603,10:30,630,zero_dte,CALL,0.020719370103544778,0.020719370103544778,0.012888130334894152,-0.3,0.5,-0.3,thr-999.000_maxday3,202603
SPY,20260326,202603,11:20,680,zero_dte,PUT,0.078438709386852,-0.13182782965652995,0.078438709386852,-0.3,0.5,0.5,thr-999.000_maxday3,202603
SPY,20260326,202603,11:50,710,zero_dte,PUT,0.03960620883591891,-0.01887445773789505,0.03960620883591891,-0.3,0.5,0.5,thr-999.000_maxday3,202603
SPY,20260327,202603,10:30,630,zero_dte,CALL,-0.15842324879845848,-0.15842324879845848,-0.1919020942770946,0.5,-0.3,0.5,thr-999.000_maxday3,202603
SPY,20260327,202603,11:15,675,zero_dte,CALL,-0.15216871211254027,-0.15216871211254027,-0.17525805360863628,0.5,-0.3,0.5,thr-999.000_maxday3,202603
SPY,20260327,202603,12:10,730,zero_dte,CALL,-0.10383294825142395,-0.10383294825142395,-0.19059012978396703,-0.3,0.5,-0.3,thr-999.000_maxday3,202603
SPY,20260330,202603,10:35,635,zero_dte,CALL,-0.14804008093260637,-0.14804008093260637,-0.21212501027205735,0.5,-0.3,0.5,thr-999.000_maxday3,202603
SPY,20260330,202603,12:25,745,zero_dte,CALL,-0.05323648848129939,-0.05323648848129939,-0.1180883982282517,-0.3,0.5,-0.3,thr-999.000_maxday3,202603
SPY,20260330,202603,12:55,775,zero_dte,CALL,-0.09662111518762556,-0.09662111518762556,-0.3208897837468065,-0.3,0.5,-0.3,thr-999.000_maxday3,202603
SPY,20260331,202603,10:30,630,zero_dte,PUT,0.19879576444419766,-0.33533554352552375,0.19879576444419766,-0.3,0.5,0.5,thr-999.000_maxday3,202603
SPY,20260331,202603,11:00,660,zero_dte,PUT,-0.10893372723664377,-0.22464070272417594,-0.10893372723664377,0.5,-0.3,-0.3,thr-999.000_maxday3,202603
SPY,20260331,202603,12:25,745,zero_dte,PUT,-0.048618139076402445,-0.2889965355391344,-0.048618139076402445,0.5,-0.3,-0.3,thr-999.000_maxday3,202603
SPY,20260402,202604,10:30,630,zero_dte,CALL,-0.11127147193705945,-0.11127147193705945,-0.25041106506117816,0.5,-0.3,0.5,thr-999.000_maxday3,202604
SPY,20260402,202604,11:00,660,zero_dte,PUT,-0.164442350785766,-0.2674939984513547,-0.164442350785766,-0.3,-0.3,-0.3,thr-999.000_maxday3,202604
SPY,20260402,202604,11:30,690,zero_dte,PUT,-0.11529948431423859,-0.254193509743339,-0.11529948431423859,-0.3,0.5,0.5,thr-999.000_maxday3,202604
SPY,20260406,202604,10:30,630,zero_dte,CALL,-0.17275107478994198,-0.17275107478994198,-0.1734705229890415,-0.3,0.5,-0.3,thr-999.000_maxday3,202604
SPY,20260406,202604,11:25,685,zero_dte,CALL,-0.06817375919286084,-0.06817375919286084,-0.1824223397376492,-0.3,-0.3,-0.3,thr-999.000_maxday3,202604
SPY,20260406,202604,12:40,760,zero_dte,CALL,-0.1120830367744471,-0.1120830367744471,-0.18379120459093345,-0.3,0.5,-0.3,thr-999.000_maxday3,202604
SPY,20260407,202604,11:00,660,zero_dte,CALL,-0.12021437925953381,-0.12021437925953381,-0.29386634847384974,0.5,-0.3,0.5,thr-999.000_maxday3,202604
SPY,20260407,202604,11:30,690,zero_dte,CALL,-0.2155812825476083,-0.2155812825476083,-0.2492240776408162,0.5,-0.3,0.5,thr-999.000_maxday3,202604
SPY,20260407,202604,12:45,765,zero_dte,CALL,-0.03696792647038541,-0.03696792647038541,-0.2500749683716346,-0.3,-0.3,-0.3,thr-999.000_maxday3,202604
SPY,20260408,202604,10:30,630,zero_dte,PUT,0.2485786050194016,-0.09352008604368264,0.2485786050194016,-0.3,0.5,0.5,thr-999.000_maxday3,202604
SPY,20260408,202604,11:00,660,zero_dte,PUT,0.202300294404501,-0.1072585922542194,0.202300294404501,0.5,-0.3,-0.3,thr-999.000_maxday3,202604
SPY,20260408,202604,11:30,690,zero_dte,PUT,0.3518455410012107,-0.0746372949368565,0.3518455410012107,0.5,-0.3,-0.3,thr-999.000_maxday3,202604
SPY,20260410,202604,10:30,630,zero_dte,CALL,0.09430273399081031,0.09430273399081031,-0.16788609871803267,-0.3,0.5,-0.3,thr-999.000_maxday3,202604
SPY,20260410,202604,11:00,660,zero_dte,PUT,0.05064527106770908,-0.0427647828561042,0.05064527106770908,-0.3,-0.3,-0.3,thr-999.000_maxday3,202604
SPY,20260410,202604,11:30,690,zero_dte,PUT,0.1109955264271434,-0.10158680392464625,0.1109955264271434,-0.3,0.5,0.5,thr-999.000_maxday3,202604
SPY,20260413,202604,10:30,630,zero_dte,PUT,0.19540614103255954,-0.08091043460088146,0.19540614103255954,-0.3,-0.3,-0.3,thr-999.000_maxday3,202604
SPY,20260413,202604,11:00,660,zero_dte,PUT,0.04866204957645329,-0.11012411969682896,0.04866204957645329,-0.3,-0.3,-0.3,thr-999.000_maxday3,202604
SPY,20260413,202604,11:30,690,zero_dte,PUT,0.2625290397565316,-0.15969412991724513,0.2625290397565316,0.5,-0.3,-0.3,thr-999.000_maxday3,202604
SPY,20260414,202604,10:30,630,zero_dte,PUT,0.15729010524968964,-0.045197164231032524,0.15729010524968964,0.5,-0.3,-0.3,thr-999.000_maxday3,202604
SPY,20260414,202604,11:00,660,zero_dte,PUT,0.14714329459645348,-0.04594536243874498,0.14714329459645348,0.5,-0.3,-0.3,thr-999.000_maxday3,202604
SPY,20260414,202604,11:30,690,zero_dte,PUT,0.11136147628995723,-0.07810607416902235,0.11136147628995723,0.5,-0.3,-0.3,thr-999.000_maxday3,202604
SPY,20260416,202604,10:30,630,zero_dte,PUT,0.05937947413132281,-0.148500069241109,0.05937947413132281,0.5,-0.3,-0.3,thr-999.000_maxday3,202604
SPY,20260416,202604,11:00,660,zero_dte,PUT,-0.11597661345128817,-0.1810431733642388,-0.11597661345128817,0.5,-0.3,-0.3,thr-999.000_maxday3,202604
SPY,20260416,202604,11:30,690,zero_dte,PUT,0.0289940339764241,-0.04160694914030036,0.0289940339764241,0.5,-0.3,-0.3,thr-999.000_maxday3,202604
SPY,20260417,202604,10:30,630,zero_dte,PUT,0.20042249439929663,-0.24596818364318457,0.20042249439929663,0.5,-0.3,-0.3,thr-999.000_maxday3,202604
SPY,20260417,202604,11:00,660,zero_dte,PUT,0.19496943188100266,-0.23461175664492803,0.19496943188100266,0.5,-0.3,-0.3,thr-999.000_maxday3,202604
SPY,20260417,202604,11:30,690,zero_dte,PUT,0.1964789599722328,-0.24942644749272003,0.1964789599722328,0.5,-0.3,-0.3,thr-999.000_maxday3,202604
SPY,20260420,202604,10:30,630,zero_dte,PUT,0.2137007148422207,-0.2019762794941845,0.2137007148422207,-0.3,0.5,0.5,thr-999.000_maxday3,202604
SPY,20260420,202604,11:00,660,zero_dte,PUT,0.23139803455602123,-0.07048867733242067,0.23139803455602123,-0.3,-0.3,-0.3,thr-999.000_maxday3,202604
SPY,20260420,202604,11:30,690,zero_dte,PUT,0.26570336904194014,0.06520781966228388,0.26570336904194014,-0.3,-0.3,-0.3,thr-999.000_maxday3,202604
SPY,20260421,202604,10:30,630,zero_dte,PUT,-0.053938647904408485,-0.14136708795479058,-0.053938647904408485,-0.3,0.5,0.5,thr-999.000_maxday3,202604
SPY,20260421,202604,11:00,660,zero_dte,PUT,0.08111589658223803,-0.16479042397284105,0.08111589658223803,-0.3,-0.3,-0.3,thr-999.000_maxday3,202604
SPY,20260421,202604,11:30,690,zero_dte,PUT,0.19597246239284277,-0.2537681770174575,0.19597246239284277,-0.3,-0.3,-0.3,thr-999.000_maxday3,202604
SPY,20260422,202604,10:30,630,zero_dte,PUT,0.04728112448620219,-0.2682390029518968,0.04728112448620219,-0.3,-0.3,-0.3,thr-999.000_maxday3,202604
SPY,20260422,202604,11:00,660,zero_dte,PUT,0.1139303290349518,-0.2948159132755551,0.1139303290349518,-0.3,-0.3,-0.3,thr-999.000_maxday3,202604
SPY,20260422,202604,11:30,690,zero_dte,PUT,0.12495492849556547,-0.2093128997131297,0.12495492849556547,-0.3,0.5,0.5,thr-999.000_maxday3,202604
SPY,20260423,202604,10:30,630,zero_dte,PUT,0.04283994516472349,-0.1667374434805731,0.04283994516472349,0.5,-0.3,-0.3,thr-999.000_maxday3,202604
SPY,20260423,202604,11:00,660,zero_dte,PUT,0.24027561500725203,-0.08206747241204075,0.24027561500725203,-0.3,0.5,0.5,thr-999.000_maxday3,202604
SPY,20260423,202604,11:30,690,zero_dte,PUT,0.19918511657006793,-0.08781035753042017,0.19918511657006793,-0.3,0.5,0.5,thr-999.000_maxday3,202604
SPY,20260424,202604,10:30,630,zero_dte,PUT,0.019522884039989506,-0.08631042108860995,0.019522884039989506,0.5,-0.3,-0.3,thr-999.000_maxday3,202604
SPY,20260424,202604,11:00,660,zero_dte,PUT,0.04047189995802747,-0.13324643750241943,0.04047189995802747,0.5,-0.3,-0.3,thr-999.000_maxday3,202604
SPY,20260424,202604,11:30,690,zero_dte,PUT,-0.02475642827506008,-0.24165345164439458,-0.02475642827506008,0.5,-0.3,-0.3,thr-999.000_maxday3,202604
SPY,20260427,202604,10:30,630,zero_dte,PUT,0.24201964220341826,-0.14034617803045257,0.24201964220341826,0.5,-0.3,-0.3,thr-999.000_maxday3,202604
SPY,20260427,202604,11:00,660,zero_dte,PUT,0.24367333502502456,-0.15474379661849127,0.24367333502502456,-0.3,0.5,0.5,thr-999.000_maxday3,202604
SPY,20260427,202604,11:30,690,zero_dte,PUT,0.045475103143198116,-0.0448791728557224,0.045475103143198116,0.5,-0.3,-0.3,thr-999.000_maxday3,202604
SPY,20260428,202604,10:30,630,zero_dte,PUT,-0.024306723818321448,-0.16272998626782015,-0.024306723818321448,-0.3,0.5,0.5,thr-999.000_maxday3,202604
SPY,20260428,202604,11:00,660,zero_dte,PUT,0.2009703192535423,-0.03391186761212903,0.2009703192535423,-0.3,0.5,0.5,thr-999.000_maxday3,202604
SPY,20260428,202604,11:30,690,zero_dte,PUT,0.21576932917693603,-0.2076469282913476,0.21576932917693603,-0.3,-0.3,-0.3,thr-999.000_maxday3,202604
SPY,20260429,202604,10:30,630,zero_dte,PUT,0.0824288359256355,-0.09351940016717523,0.0824288359256355,-0.3,0.5,0.5,thr-999.000_maxday3,202604
SPY,20260429,202604,11:00,660,zero_dte,PUT,0.08362534487864304,-0.11307646328291569,0.08362534487864304,-0.3,0.5,0.5,thr-999.000_maxday3,202604
SPY,20260429,202604,11:30,690,zero_dte,PUT,0.16871055265661777,-0.2557300409375724,0.16871055265661777,-0.3,0.5,0.5,thr-999.000_maxday3,202604
SPY,20260430,202604,10:40,640,zero_dte,PUT,-0.18212097993751483,-0.182801653189813,-0.18212097993751483,0.5,-0.3,-0.3,thr-999.000_maxday3,202604
SPY,20260430,202604,11:10,670,zero_dte,PUT,0.004185501536506491,-0.13319750441716108,0.004185501536506491,-0.3,-0.3,-0.3,thr-999.000_maxday3,202604
SPY,20260430,202604,11:40,700,zero_dte,PUT,-0.052935669352581094,-0.11703844189356,-0.052935669352581094,0.5,-0.3,-0.3,thr-999.000_maxday3,202604
SPY,20260501,202605,10:30,630,zero_dte,PUT,-0.03687023319367063,-0.1615627853864847,-0.03687023319367063,-0.3,0.5,0.5,thr-999.000_maxday3,202605
SPY,20260501,202605,11:40,700,zero_dte,PUT,0.33561535779562307,-0.18398814430326133,0.33561535779562307,-0.3,0.5,0.5,thr-999.000_maxday3,202605
SPY,20260501,202605,12:25,745,zero_dte,PUT,-0.07955037883437405,-0.20678695524185278,-0.07955037883437405,-0.3,-0.3,-0.3,thr-999.000_maxday3,202605
SPY,20260504,202605,10:30,630,zero_dte,PUT,0.23900961794994086,-0.13575224052813809,0.23900961794994086,-0.3,-0.3,-0.3,thr-999.000_maxday3,202605
SPY,20260504,202605,11:00,660,zero_dte,PUT,0.27759556660002316,-0.1977637623894418,0.27759556660002316,-0.3,0.5,0.5,thr-999.000_maxday3,202605
SPY,20260504,202605,11:30,690,zero_dte,PUT,0.11798114235144413,-0.26516746422310455,0.11798114235144413,-0.3,0.5,0.5,thr-999.000_maxday3,202605
SPY,20260505,202605,10:30,630,zero_dte,PUT,0.07267066747621377,-0.11938181106094778,0.07267066747621377,-0.3,-0.3,-0.3,thr-999.000_maxday3,202605
SPY,20260505,202605,11:00,660,zero_dte,PUT,0.02656038594346444,-0.18349351629298802,0.02656038594346444,0.24761904978157445,-0.3,-0.3,thr-999.000_maxday3,202605
SPY,20260505,202605,11:30,690,zero_dte,PUT,-0.031091571139949935,-0.14330499368049873,-0.031091571139949935,-0.3,-0.3,-0.3,thr-999.000_maxday3,202605
SPY,20260506,202605,10:30,630,zero_dte,CALL,-0.17148347451796944,-0.17148347451796944,-0.18681065136841596,0.5,-0.3,0.5,thr-999.000_maxday3,202605
SPY,20260506,202605,11:00,660,zero_dte,PUT,-0.0806686602595445,-0.3265802941005786,-0.0806686602595445,-0.3,0.5,0.5,thr-999.000_maxday3,202605
SPY,20260506,202605,11:30,690,zero_dte,PUT,-0.037149527232911435,-0.3044833057255851,-0.037149527232911435,-0.3,0.5,0.5,thr-999.000_maxday3,202605
SPY,20260507,202605,10:30,630,zero_dte,PUT,0.04220526981187392,-0.08693065052207735,0.04220526981187392,0.5,-0.3,-0.3,thr-999.000_maxday3,202605
SPY,20260507,202605,11:00,660,zero_dte,PUT,0.08990623706849833,-0.2900556074895363,0.08990623706849833,-0.3,0.5,0.5,thr-999.000_maxday3,202605
SPY,20260507,202605,11:30,690,zero_dte,PUT,0.0341050767145882,-0.2190053272290074,0.0341050767145882,-0.3,0.5,0.5,thr-999.000_maxday3,202605
SPY,20260508,202605,10:30,630,zero_dte,CALL,-0.15855976278127434,-0.15855976278127434,-0.17907265289550767,0.22105261176576874,-0.3,0.22105261176576874,thr-999.000_maxday3,202605
SPY,20260508,202605,11:00,660,zero_dte,PUT,-0.05257885732712874,-0.07710893852564205,-0.05257885732712874,-0.3,0.5,0.5,thr-999.000_maxday3,202605
SPY,20260508,202605,11:30,690,zero_dte,PUT,-0.008178761413649514,-0.14669739655066663,-0.008178761413649514,0.5,-0.3,-0.3,thr-999.000_maxday3,202605
SPY,20260511,202605,10:30,630,zero_dte,PUT,-0.060580287251819985,-0.2801739822881746,-0.060580287251819985,0.5,0.5,0.5,thr-999.000_maxday3,202605
SPY,20260511,202605,11:00,660,zero_dte,PUT,-0.09618719764627268,-0.1593061140249657,-0.09618719764627268,-0.3,-0.3,-0.3,thr-999.000_maxday3,202605
SPY,20260511,202605,11:30,690,zero_dte,PUT,-0.1267033209264638,-0.2588950837098269,-0.1267033209264638,-0.3,0.5,0.5,thr-999.000_maxday3,202605
SPY,20260512,202605,10:30,630,zero_dte,PUT,0.29795044292232226,-0.12332998364650351,0.29795044292232226,-0.3,-0.3,-0.3,thr-999.000_maxday3,202605
SPY,20260512,202605,11:00,660,zero_dte,PUT,0.29903926827307215,-0.1530298082451398,0.29903926827307215,-0.3,0.5,0.5,thr-999.000_maxday3,202605
SPY,20260512,202605,11:30,690,zero_dte,PUT,-0.006982824470774705,-0.16230187331424706,-0.006982824470774705,0.5,-0.3,-0.3,thr-999.000_maxday3,202605
SPY,20260513,202605,10:30,630,zero_dte,PUT,-0.03709026986534441,-0.09850910281038579,-0.03709026986534441,0.5,-0.3,-0.3,thr-999.000_maxday3,202605
SPY,20260513,202605,11:00,660,zero_dte,PUT,-0.029256929842564294,-0.14209599598717768,-0.029256929842564294,0.5,-0.3,-0.3,thr-999.000_maxday3,202605
SPY,20260513,202605,11:30,690,zero_dte,PUT,0.05134061101342339,-0.19995802949293495,0.05134061101342339,0.5,-0.3,-0.3,thr-999.000_maxday3,202605
SPY,20260514,202605,10:30,630,zero_dte,CALL,-0.0920132012582293,-0.0920132012582293,-0.1271655902953006,0.5,-0.3,0.5,thr-999.000_maxday3,202605
SPY,20260514,202605,11:00,660,zero_dte,PUT,-0.036722529843431,-0.15085473528693796,-0.036722529843431,0.5,-0.3,-0.3,thr-999.000_maxday3,202605
SPY,20260514,202605,11:30,690,zero_dte,PUT,-0.11116821557409684,-0.2858182787911195,-0.11116821557409684,-0.3,-0.3,-0.3,thr-999.000_maxday3,202605
SPY,20260515,202605,10:30,630,zero_dte,PUT,0.13220629028869918,-0.2632211405091755,0.13220629028869918,-0.3,-0.3,-0.3,thr-999.000_maxday3,202605
SPY,20260515,202605,11:10,670,zero_dte,PUT,0.026629217318729158,-0.2543035274714632,0.026629217318729158,-0.3,0.5,0.5,thr-999.000_maxday3,202605
SPY,20260515,202605,11:40,700,zero_dte,PUT,0.14169605074788347,-0.0800748325942628,0.14169605074788347,-0.3,0.5,0.5,thr-999.000_maxday3,202605
SPY,20260518,202605,10:35,635,zero_dte,PUT,0.015306156247088296,-0.14608417740644739,0.015306156247088296,0.5,-0.3,-0.3,thr-999.000_maxday3,202605
SPY,20260518,202605,11:05,665,zero_dte,PUT,0.29665871253922027,-0.22020755970803907,0.29665871253922027,-0.3,0.5,0.5,thr-999.000_maxday3,202605
SPY,20260518,202605,11:35,695,zero_dte,PUT,0.23518735268636942,-0.2103393780707297,0.23518735268636942,-0.3,-0.3,-0.3,thr-999.000_maxday3,202605
SPY,20260519,202605,10:30,630,zero_dte,PUT,0.1452455895363153,-0.2231960329204048,0.1452455895363153,-0.3,-0.3,-0.3,thr-999.000_maxday3,202605
SPY,20260519,202605,11:05,665,zero_dte,PUT,0.24940913160885864,-0.23850677204014128,0.24940913160885864,-0.3,-0.3,-0.3,thr-999.000_maxday3,202605
SPY,20260519,202605,11:35,695,zero_dte,PUT,0.2337801702366294,-0.25474363262979816,0.2337801702366294,0.5,-0.3,-0.3,thr-999.000_maxday3,202605
SPY,20260520,202605,10:30,630,zero_dte,PUT,-0.030730195723062643,-0.23433020308976937,-0.030730195723062643,0.5,-0.3,-0.3,thr-999.000_maxday3,202605
SPY,20260520,202605,11:00,660,zero_dte,PUT,0.2557165316885559,-0.23803298413346702,0.2557165316885559,0.5,-0.3,-0.3,thr-999.000_maxday3,202605
SPY,20260520,202605,11:30,690,zero_dte,PUT,-0.02892987304204384,-0.22491073560472083,-0.02892987304204384,-0.3,-0.3,-0.3,thr-999.000_maxday3,202605
SPY,20260521,202605,10:35,635,zero_dte,PUT,-0.02589576584733792,-0.2670281129643416,-0.02589576584733792,-0.3,0.5,0.5,thr-999.000_maxday3,202605
SPY,20260521,202605,11:05,665,zero_dte,PUT,0.06164929068780711,-0.28411220956868805,0.06164929068780711,-0.3,-0.3,-0.3,thr-999.000_maxday3,202605
SPY,20260521,202605,11:35,695,zero_dte,PUT,0.13523172144482512,-0.26705839244780327,0.13523172144482512,0.5,-0.3,-0.3,thr-999.000_maxday3,202605
SPY,20260522,202605,10:30,630,zero_dte,PUT,0.0035565441577487277,-0.23115896502000666,0.0035565441577487277,0.5,-0.3,-0.3,thr-999.000_maxday3,202605
SPY,20260522,202605,11:05,665,zero_dte,PUT,0.13112161792103613,-0.1397041572697761,0.13112161792103613,-0.3,-0.3,-0.3,thr-999.000_maxday3,202605
SPY,20260522,202605,11:35,695,zero_dte,PUT,0.060088023337728856,-0.03962437988034142,0.060088023337728856,-0.3,-0.3,-0.3,thr-999.000_maxday3,202605
SPY,20260526,202605,10:30,630,zero_dte,CALL,0.04094733697185979,0.04094733697185979,-0.10719852115473158,-0.3,0.5,-0.3,thr-999.000_maxday3,202605
SPY,20260526,202605,11:00,660,zero_dte,CALL,0.01696295268258131,0.01696295268258131,-0.07104504482673664,-0.3,0.5,-0.3,thr-999.000_maxday3,202605
SPY,20260526,202605,11:30,690,zero_dte,CALL,-0.1729439268759112,-0.1729439268759112,-0.22032586066767745,-0.3,0.5,-0.3,thr-999.000_maxday3,202605
SPY,20260527,202605,10:30,630,zero_dte,PUT,-0.09904565385927969,-0.10755054669461503,-0.09904565385927969,-0.3,0.5,0.5,thr-999.000_maxday3,202605
SPY,20260527,202605,11:00,660,zero_dte,PUT,-0.02655336754304524,-0.12908848651729707,-0.02655336754304524,-0.3,-0.3,-0.3,thr-999.000_maxday3,202605
SPY,20260527,202605,11:30,690,zero_dte,PUT,-0.2024494218665917,-0.2353588261238511,-0.2024494218665917,-0.3,0.5,0.5,thr-999.000_maxday3,202605
SPY,20260528,202605,10:30,630,zero_dte,PUT,0.30365674112167973,-0.13176908106979496,0.30365674112167973,-0.3,0.5,0.5,thr-999.000_maxday3,202605
SPY,20260528,202605,11:00,660,zero_dte,PUT,0.4238458839648885,-0.12378726127316701,0.4238458839648885,0.5,-0.3,-0.3,thr-999.000_maxday3,202605
SPY,20260528,202605,11:30,690,zero_dte,PUT,0.30900146187613126,-0.08142620698690851,0.30900146187613126,-0.011111100809073515,-0.3,-0.3,thr-999.000_maxday3,202605
SPY,20260529,202605,10:30,630,zero_dte,PUT,-0.17145349259701448,-0.18638215480458428,-0.17145349259701448,-0.3,0.5,0.5,thr-999.000_maxday3,202605
SPY,20260529,202605,11:00,660,zero_dte,PUT,0.14703527097972546,-0.15848906953010763,0.14703527097972546,0.5,-0.3,-0.3,thr-999.000_maxday3,202605
SPY,20260529,202605,11:30,690,zero_dte,CALL,-0.1609830717348915,-0.1609830717348915,-0.22803415521141135,-0.3,-0.3,-0.3,thr-999.000_maxday3,202605
SPY,20260601,202606,10:30,630,zero_dte,CALL,0.08106387958120181,0.08106387958120181,0.03598071173761529,-0.3,-0.3,-0.3,thr-999.000_maxday3,202606
SPY,20260601,202606,11:00,660,zero_dte,PUT,0.03741000336370141,-0.1064307145131598,0.03741000336370141,0.5,-0.3,-0.3,thr-999.000_maxday3,202606
SPY,20260601,202606,11:30,690,zero_dte,CALL,-0.013614614484429936,-0.013614614484429936,-0.10925677502737499,-0.3,-0.3,-0.3,thr-999.000_maxday3,202606
SPY,20260602,202606,10:30,630,zero_dte,PUT,-0.09749108060418285,-0.18548071002076225,-0.09749108060418285,0.5,-0.3,-0.3,thr-999.000_maxday3,202606
SPY,20260602,202606,11:00,660,zero_dte,PUT,0.17310728481452728,-0.12314124716761249,0.17310728481452728,0.5,-0.3,-0.3,thr-999.000_maxday3,202606
SPY,20260602,202606,11:30,690,zero_dte,PUT,0.1625890658594775,-0.1381905299382626,0.1625890658594775,-0.3,-0.3,-0.3,thr-999.000_maxday3,202606
SPY,20260603,202606,10:45,645,zero_dte,PUT,-0.06478233464414798,-0.29008204926018144,-0.06478233464414798,-0.3,0.5,0.5,thr-999.000_maxday3,202606
SPY,20260603,202606,11:15,675,zero_dte,PUT,-0.005770736595785194,-0.20167418574425416,-0.005770736595785194,-0.3,0.5,0.5,thr-999.000_maxday3,202606
SPY,20260603,202606,11:45,705,zero_dte,PUT,-0.05016415277468374,-0.2709698686530936,-0.05016415277468374,-0.3,0.5,0.5,thr-999.000_maxday3,202606
SPY,20260604,202606,10:30,630,zero_dte,PUT,0.11191341024053225,-0.17504937089209305,0.11191341024053225,0.5,-0.3,-0.3,thr-999.000_maxday3,202606
SPY,20260604,202606,11:00,660,zero_dte,PUT,0.07077391311395799,-0.12125005104153766,0.07077391311395799,0.5,-0.3,-0.3,thr-999.000_maxday3,202606
SPY,20260604,202606,11:30,690,zero_dte,PUT,0.12218247670285301,-0.2077475828169435,0.12218247670285301,-0.3,-0.3,-0.3,thr-999.000_maxday3,202606
SPY,20260605,202606,10:30,630,zero_dte,PUT,0.1747521518057001,-0.2838892290705253,0.1747521518057001,-0.3,-0.3,-0.3,thr-999.000_maxday3,202606
SPY,20260605,202606,11:05,665,zero_dte,PUT,0.13964859344850866,-0.305856376898273,0.13964859344850866,-0.3,0.5,0.5,thr-999.000_maxday3,202606
SPY,20260605,202606,11:35,695,zero_dte,PUT,0.12172648713826616,-0.2878601709883921,0.12172648713826616,-0.3,0.5,0.5,thr-999.000_maxday3,202606
SPY,20260608,202606,10:35,635,zero_dte,PUT,-0.04126675852296854,-0.2208429348118621,-0.04126675852296854,0.5,-0.3,-0.3,thr-999.000_maxday3,202606
SPY,20260608,202606,11:05,665,zero_dte,PUT,-0.09851714913915213,-0.22345568189518467,-0.09851714913915213,-0.3,0.5,0.5,thr-999.000_maxday3,202606
SPY,20260608,202606,11:40,700,zero_dte,PUT,-0.012397393984914759,-0.17089857132375133,-0.012397393984914759,-0.3,0.5,0.5,thr-999.000_maxday3,202606
SPY,20260609,202606,10:30,630,zero_dte,CALL,0.2450356787689879,0.2450356787689879,0.09977964298691147,-0.3,0.5,-0.3,thr-999.000_maxday3,202606
SPY,20260609,202606,11:00,660,zero_dte,CALL,0.23506483197853725,0.23506483197853725,0.08182393700256212,-0.3,0.5,-0.3,thr-999.000_maxday3,202606
SPY,20260609,202606,11:30,690,zero_dte,CALL,0.30963926616541554,0.30963926616541554,0.12656802614966622,-0.3,-0.3,-0.3,thr-999.000_maxday3,202606
SPY,20260610,202606,10:30,630,zero_dte,PUT,0.011297904791949401,-0.20856385004369735,0.011297904791949401,-0.3,0.5,0.5,thr-999.000_maxday3,202606
SPY,20260610,202606,11:00,660,zero_dte,PUT,0.0010993639697004672,-0.20663653668242943,0.0010993639697004672,-0.3,-0.3,-0.3,thr-999.000_maxday3,202606
SPY,20260610,202606,11:30,690,zero_dte,PUT,0.19585963457019198,-0.23863585806995452,0.19585963457019198,-0.3,0.5,0.5,thr-999.000_maxday3,202606
SPY,20260611,202606,10:55,655,zero_dte,PUT,0.17913140572313632,-0.28991019173116506,0.17913140572313632,0.5,-0.3,-0.3,thr-999.000_maxday3,202606
SPY,20260611,202606,11:30,690,zero_dte,PUT,0.09819899979926883,-0.31325789805993154,0.09819899979926883,0.5,-0.3,-0.3,thr-999.000_maxday3,202606
SPY,20260611,202606,12:30,750,zero_dte,PUT,0.14179804864687773,-0.27178268143344964,0.14179804864687773,0.5,-0.3,-0.3,thr-999.000_maxday3,202606
SPY,20260612,202606,10:30,630,zero_dte,PUT,-0.1701678480635298,-0.17988843788360798,-0.1701678480635298,-0.3,0.5,0.5,thr-999.000_maxday3,202606
SPY,20260612,202606,11:00,660,zero_dte,PUT,-0.07523377958884409,-0.11776309742547805,-0.07523377958884409,-0.3,-0.3,-0.3,thr-999.000_maxday3,202606
SPY,20260612,202606,11:30,690,zero_dte,PUT,0.14733171190469202,0.019711094151295763,0.14733171190469202,-0.3,0.5,0.5,thr-999.000_maxday3,202606
SPY,20260615,202606,10:30,630,zero_dte,PUT,0.31325221595490277,-0.12736444393511123,0.31325221595490277,0.5,-0.3,-0.3,thr-999.000_maxday3,202606
SPY,20260615,202606,11:00,660,zero_dte,PUT,0.07093933349601245,-0.2014173558672354,0.07093933349601245,0.5,-0.3,-0.3,thr-999.000_maxday3,202606
SPY,20260615,202606,11:30,690,zero_dte,PUT,0.3147500997342844,-0.19209776963806266,0.3147500997342844,0.5,-0.3,-0.3,thr-999.000_maxday3,202606
SPY,20260616,202606,10:30,630,zero_dte,CALL,0.0498075753070456,0.0498075753070456,-0.05274574580564363,0.5,-0.3,0.5,thr-999.000_maxday3,202606
SPY,20260616,202606,11:00,660,zero_dte,CALL,0.09414119115877537,0.09414119115877537,0.0486713626161635,-0.3,-0.3,-0.3,thr-999.000_maxday3,202606
SPY,20260616,202606,11:30,690,zero_dte,CALL,0.07160264237978899,0.07160264237978899,0.025673792258383413,-0.3,0.5,-0.3,thr-999.000_maxday3,202606
SPY,20260617,202606,10:30,630,zero_dte,PUT,0.13952459504312012,-0.10461805348355872,0.13952459504312012,-0.3,0.5,0.5,thr-999.000_maxday3,202606
SPY,20260617,202606,11:00,660,zero_dte,PUT,-0.01969974077605213,-0.26691565699631464,-0.01969974077605213,-0.3,-0.3,-0.3,thr-999.000_maxday3,202606
SPY,20260617,202606,11:30,690,zero_dte,PUT,-0.021486804518609907,-0.13549166422268538,-0.021486804518609907,-0.3,0.5,0.5,thr-999.000_maxday3,202606
SPY,20260618,202606,10:30,630,zero_dte,PUT,-0.07368051974942867,-0.15156551211675406,-0.07368051974942867,0.5,-0.3,-0.3,thr-999.000_maxday3,202606
SPY,20260618,202606,11:00,660,zero_dte,PUT,-0.010969265479908126,-0.19313367020954383,-0.010969265479908126,-0.3,0.5,0.5,thr-999.000_maxday3,202606
SPY,20260618,202606,11:35,695,zero_dte,PUT,-0.044120214057921145,-0.2607437508379338,-0.044120214057921145,0.5,-0.3,-0.3,thr-999.000_maxday3,202606
SPY,20260622,202606,10:30,630,zero_dte,PUT,-0.06834659637750091,-0.23859456479844765,-0.06834659637750091,-0.3,0.5,0.5,thr-999.000_maxday3,202606
SPY,20260622,202606,11:00,660,zero_dte,PUT,-0.013970354619652941,-0.271421953101467,-0.013970354619652941,-0.3,-0.3,-0.3,thr-999.000_maxday3,202606
SPY,20260622,202606,11:30,690,zero_dte,PUT,-0.007907580939887752,-0.292288129092734,-0.007907580939887752,0.5,-0.3,-0.3,thr-999.000_maxday3,202606
SPY,20260623,202606,10:30,630,zero_dte,CALL,0.2172370857492806,0.2172370857492806,-0.014223252813496907,-0.3,0.5,-0.3,thr-999.000_maxday3,202606
SPY,20260624,202606,10:30,630,zero_dte,PUT,-0.09211849924069021,-0.09719613950852148,-0.09211849924069021,0.5,-0.3,-0.3,thr-999.000_maxday3,202606
SPY,20260624,202606,11:00,660,zero_dte,PUT,0.059889687285768246,-0.21189639850699496,0.059889687285768246,-0.3,0.5,0.5,thr-999.000_maxday3,202606
SPY,20260624,202606,11:30,690,zero_dte,PUT,0.10213124672003056,-0.1225488358487433,0.10213124672003056,-0.3,0.5,0.5,thr-999.000_maxday3,202606
SPY,20260626,202606,10:30,630,zero_dte,CALL,0.2671081194833279,0.2671081194833279,-0.09327830674908721,-0.3,0.5,-0.3,thr-999.000_maxday3,202606
SPY,20260626,202606,11:00,660,zero_dte,CALL,0.19149907542245642,0.19149907542245642,-0.03532114320630985,-0.3,-0.3,-0.3,thr-999.000_maxday3,202606
SPY,20260626,202606,11:30,690,zero_dte,PUT,-0.014402929985895657,-0.043902204833862354,-0.014402929985895657,-0.3,-0.3,-0.3,thr-999.000_maxday3,202606
SPY,20260629,202606,12:00,720,zero_dte,PUT,0.04205544969251397,-0.1763013037147364,0.04205544969251397,-0.3,-0.3,-0.3,thr-999.000_maxday3,202606
SPY,20260629,202606,12:40,760,zero_dte,PUT,-0.0803215091591556,-0.21496461413385504,-0.0803215091591556,0.5,-0.3,-0.3,thr-999.000_maxday3,202606
SPY,20260629,202606,13:10,790,zero_dte,CALL,-0.01890827714654339,-0.01890827714654339,-0.04058453553410596,0.5,-0.3,0.5,thr-999.000_maxday3,202606
SPY,20260630,202606,10:30,630,zero_dte,PUT,0.026549751182673477,-0.07425292639361293,0.026549751182673477,-0.3,0.5,0.5,thr-999.000_maxday3,202606
SPY,20260630,202606,11:00,660,zero_dte,PUT,-0.09312798631023239,-0.24497170368488633,-0.09312798631023239,0.5,-0.3,-0.3,thr-999.000_maxday3,202606
SPY,20260630,202606,11:30,690,zero_dte,PUT,0.15645708822048782,0.14895133846377306,0.15645708822048782,0.5,-0.3,-0.3,thr-999.000_maxday3,202606
