tree
version=v4
num_class=1
num_tree_per_iteration=1
label_index=0
max_feature_idx=288
objective=regression_l1
feature_names=dte_days minute spot underlying_volume dist_ib_high_bps dist_ib_low_bps dist_fib_127_up_bps dist_fib_161_up_bps dist_fib_200_up_bps dist_fib_127_dn_bps dist_fib_161_dn_bps dist_fib_200_dn_bps nearest_level_abs_bps ib_range_bps ret_1m_bps ret_5m_bps ret_15m_bps ret_30m_bps call_d15_available call_d15_strike call_d15_strike_bps call_d15_abs_delta call_d15_iv call_d15_mid_bps call_d15_spread_pct call_d15_theta_over_mid call_d15_vega call_d15_oi call_d15_volume put_d15_available put_d15_strike put_d15_strike_bps put_d15_abs_delta put_d15_iv put_d15_mid_bps put_d15_spread_pct put_d15_theta_over_mid put_d15_vega put_d15_oi put_d15_volume call_d25_available call_d25_strike call_d25_strike_bps call_d25_abs_delta call_d25_iv call_d25_mid_bps call_d25_spread_pct call_d25_theta_over_mid call_d25_vega call_d25_oi call_d25_volume put_d25_available put_d25_strike put_d25_strike_bps put_d25_abs_delta put_d25_iv put_d25_mid_bps put_d25_spread_pct put_d25_theta_over_mid put_d25_vega put_d25_oi put_d25_volume call_d35_available call_d35_strike call_d35_strike_bps call_d35_abs_delta call_d35_iv call_d35_mid_bps call_d35_spread_pct call_d35_theta_over_mid call_d35_vega call_d35_oi call_d35_volume put_d35_available put_d35_strike put_d35_strike_bps put_d35_abs_delta put_d35_iv put_d35_mid_bps put_d35_spread_pct put_d35_theta_over_mid put_d35_vega put_d35_oi put_d35_volume call_d50_available call_d50_strike call_d50_strike_bps call_d50_abs_delta call_d50_iv call_d50_mid_bps call_d50_spread_pct call_d50_theta_over_mid call_d50_vega call_d50_oi call_d50_volume put_d50_available put_d50_strike put_d50_strike_bps put_d50_abs_delta put_d50_iv put_d50_mid_bps put_d50_spread_pct put_d50_theta_over_mid put_d50_vega put_d50_oi put_d50_volume call_d65_available call_d65_strike call_d65_strike_bps call_d65_abs_delta call_d65_iv call_d65_mid_bps call_d65_spread_pct call_d65_theta_over_mid call_d65_vega call_d65_oi call_d65_volume put_d65_available put_d65_strike put_d65_strike_bps put_d65_abs_delta put_d65_iv put_d65_mid_bps put_d65_spread_pct put_d65_theta_over_mid put_d65_vega put_d65_oi put_d65_volume call_d80_available call_d80_strike call_d80_strike_bps call_d80_abs_delta call_d80_iv call_d80_mid_bps call_d80_spread_pct call_d80_theta_over_mid call_d80_vega call_d80_oi call_d80_volume put_d80_available put_d80_strike put_d80_strike_bps put_d80_abs_delta put_d80_iv put_d80_mid_bps put_d80_spread_pct put_d80_theta_over_mid put_d80_vega put_d80_oi put_d80_volume phys_d15_iv_skew_put_minus_call phys_d15_iv_mean phys_d15_volume_skew_call_minus_put phys_d15_oi_skew_call_minus_put phys_d15_mid_skew_call_minus_put phys_d15_spread_mean phys_d15_theta_skew_call_minus_put phys_d15_vega_skew_call_minus_put phys_d15_abs_delta_gap phys_d15_liquidity_score phys_d25_iv_skew_put_minus_call phys_d25_iv_mean phys_d25_volume_skew_call_minus_put phys_d25_oi_skew_call_minus_put phys_d25_mid_skew_call_minus_put phys_d25_spread_mean phys_d25_theta_skew_call_minus_put phys_d25_vega_skew_call_minus_put phys_d25_abs_delta_gap phys_d25_liquidity_score phys_d35_iv_skew_put_minus_call phys_d35_iv_mean phys_d35_volume_skew_call_minus_put phys_d35_oi_skew_call_minus_put phys_d35_mid_skew_call_minus_put phys_d35_spread_mean phys_d35_theta_skew_call_minus_put phys_d35_vega_skew_call_minus_put phys_d35_abs_delta_gap phys_d35_liquidity_score phys_d50_iv_skew_put_minus_call phys_d50_iv_mean phys_d50_volume_skew_call_minus_put phys_d50_oi_skew_call_minus_put phys_d50_mid_skew_call_minus_put phys_d50_spread_mean phys_d50_theta_skew_call_minus_put phys_d50_vega_skew_call_minus_put phys_d50_abs_delta_gap phys_d50_liquidity_score phys_d65_iv_skew_put_minus_call phys_d65_iv_mean phys_d65_volume_skew_call_minus_put phys_d65_oi_skew_call_minus_put phys_d65_mid_skew_call_minus_put phys_d65_spread_mean phys_d65_theta_skew_call_minus_put phys_d65_vega_skew_call_minus_put phys_d65_abs_delta_gap phys_d65_liquidity_score phys_d80_iv_skew_put_minus_call phys_d80_iv_mean phys_d80_volume_skew_call_minus_put phys_d80_oi_skew_call_minus_put phys_d80_mid_skew_call_minus_put phys_d80_spread_mean phys_d80_theta_skew_call_minus_put phys_d80_vega_skew_call_minus_put phys_d80_abs_delta_gap phys_d80_liquidity_score phys_total_volume_skew_call_minus_put phys_total_oi_skew_call_minus_put phys_total_option_volume_log phys_total_option_oi_log phys_call_iv_slope_low_to_high phys_put_iv_slope_low_to_high phys_call_mid_slope_low_to_high phys_put_mid_slope_low_to_high phys_fib_up_min_abs_bps phys_fib_up_mean_signed_bps phys_fib_dn_min_abs_bps phys_fib_dn_mean_signed_bps phys_fib_any_min_abs_bps phys_ib_edge_min_abs_bps phys_ib_balance phys_nearest_level_vs_ib_range phys_momentum_accel_ret_1m_bps_minus_ret_5m_bps phys_abs_ret_1m_bps phys_momentum_accel_ret_5m_bps_minus_ret_15m_bps phys_abs_ret_5m_bps phys_momentum_accel_ret_15m_bps_minus_ret_30m_bps phys_abs_ret_15m_bps phys_abs_ret_30m_bps ctx_spx_spot ctx_spx_ret_1m_bps ctx_spx_ret_1m_bps_minus_self ctx_spx_ret_5m_bps ctx_spx_ret_5m_bps_minus_self ctx_spx_ret_15m_bps ctx_spx_ret_15m_bps_minus_self ctx_spx_ret_30m_bps ctx_spx_ret_30m_bps_minus_self ctx_spx_ib_range_bps ctx_spx_nearest_level_abs_bps ctx_spx_phys_d35_iv_skew_put_minus_call ctx_spx_phys_total_volume_skew_call_minus_put ctx_spx_phys_total_oi_skew_call_minus_put ctx_spy_spot ctx_spy_ret_1m_bps ctx_spy_ret_1m_bps_minus_self ctx_spy_ret_5m_bps ctx_spy_ret_5m_bps_minus_self ctx_spy_ret_15m_bps ctx_spy_ret_15m_bps_minus_self ctx_spy_ret_30m_bps ctx_spy_ret_30m_bps_minus_self ctx_spy_ib_range_bps ctx_spy_nearest_level_abs_bps ctx_spy_phys_d35_iv_skew_put_minus_call ctx_spy_phys_total_volume_skew_call_minus_put ctx_spy_phys_total_oi_skew_call_minus_put ctx_qqq_spot ctx_qqq_ret_1m_bps ctx_qqq_ret_1m_bps_minus_self ctx_qqq_ret_5m_bps ctx_qqq_ret_5m_bps_minus_self ctx_qqq_ret_15m_bps ctx_qqq_ret_15m_bps_minus_self ctx_qqq_ret_30m_bps ctx_qqq_ret_30m_bps_minus_self ctx_qqq_ib_range_bps ctx_qqq_nearest_level_abs_bps ctx_qqq_phys_d35_iv_skew_put_minus_call ctx_qqq_phys_total_volume_skew_call_minus_put ctx_qqq_phys_total_oi_skew_call_minus_put ctx_spy_qqq_ret_5m_spread ctx_spx_spy_ret_5m_spread ticker_QQQ ticker_SPXW ticker_SPY expiry_mode_zero_dte nearest_level_name_fib_127_dn nearest_level_name_fib_127_up nearest_level_name_fib_161_dn nearest_level_name_fib_161_up nearest_level_name_fib_200_dn nearest_level_name_fib_200_up nearest_level_name_ib_high nearest_level_name_ib_low
feature_infos=none [630:870] [4949.68017578125:6407.91015625] none [-363.49630761760704:178.67726878706543] [-154.63595974734017:365.32435327356666] [-423.0150084818992:127.90926180673743] [-498.7262970813299:63.329370574407399] [-582.31506079515191:19.466152664643484] [-117.87774449736467:416.0923602538947] [-71.119132451442496:480.67225148622475] [-19.610614953373865:551.97143776006794] [0:19.968897841364992] [12.151458812678843:218.81875317754483] [-2.370533949718201:2.2748954839335589] [-86.164022892891708:204.48988922511901] [-121.10209134795102:152.56680568032976] [-119.72864146067796:220.20286059988959] none [5090:6435] [1.0349834515399614:292.98055133740507] [0.064499996602535248:0.20080000162124634] [0.00559999980032444:1.4424999952316284] [0.11943911384329509:21.097490955040747] [0.011834364938100892:0.89017337854006795] [-29.583158362327858:-6.0521929885287342] [14.014300346374512:41.154300689697266] [0:58866] [0:5067] none [4785:6385] [-386.7088230302229:-4.1418657063241326] [0.094200000166893005:0.19349999725818634] [0.020300000905990601:2.2004001140594482] [0.23887822768659017:29.74385341197916] [0.011834364938100892:1.921568624395507] [-29.868665885895503:-6.0876211869089225] [13.913000106811523:39.709701538085938] [0:56625] [0:3572] none [5045:6425] [1.0349834515399614:192.57774408364625] [0.088600002229213715:0.32679998874664307] [0.00559999980032444:1.4105000495910645] [0.11943911384329509:40.397486048506806] [0.0068258994637844135:1.8461538402756761] [-23.898259953884665:-4.0615221224807332] [18.648700714111328:54.643699645996094] [0:36440] [0:4549] none [4850:6385] [-211.74497956666815:-4.1418657063241326] [0.094200000166893005:0.32710000872612] [0.020300000905990601:1.8523000478744507] [0.23887822768659017:48.64966869711828] [0.0072727550159801136:1.9960039959445104] [-29.868665885895503:-4.1874913977365749] [13.913000106811523:53.30670166015625] [0:56625] [0:3266] none [5005:6420] [1.0349834515399614:114.48269497853936] [0.088600002229213715:0.45019999146461487] [0.00559999980032444:1.4039000272750854] [0.11943911384329509:64.246575660245767] [0.0056657438089383538:1.1111111111111112] [-21.509332336346322:-2.9883404692351516] [18.648700714111328:61.585899353027344] [0:36440] [0:4549] none [4895:6395] [-110.47213928851329:1.0349834515399614] [0.12759999930858612:0.54170000553131104] [0.020300000905990601:1.4811999797821045] [0.23894481951976657:71.721805731411195] [0.0059347409415793813:1.9933554814603107] [-15.327821519639757:-3.0071618216378346] [24.26140022277832:61.183399200439453] [0:56625] [0:3043] none [4950:6410] [-12.106692904965133:9.6576410631787901] [0.18770000338554382:0.83329999446868896] [0.00559999980032444:1.4148000478744507] [0.11943911384329509:114.65387254246718] [0.0036563211539996456:1.8397863851063627] [-21.509332336346322:-1.0214880418608525] [22.172199249267578:63.907299041748047] [0:19997] [0:5212] none [4950:6410] [-8.1207377193859287:11.81993152565175] [0.36070001125335693:0.80390000343322754] [0.023099999874830246:2.0866999626159668] [2.2308304725600836:151.24651912354713] [0.0025673548693801651:1.6812339359349773] [-11.980927896072169:-0.91534613723620872] [26.61199951171875:63.909801483154297] [0:56625] [0:3619] none [4895:6395] [-126.36673608287464:-1.0993873385900521] [0.54989999532699585:1] [0:1.5303000211715698] [4.6608422322249767:182.84009630120318] [0.0029454630890687408:0.70011665095125619] [-6.5454935709635418:0] [0:60.879901885986328] [0:16221] [0:1993] none [5005:6420] [-1.0993873385900521:111.76444185106993] [0.42930001020431519:0.80390000343322754] [0.023099999874830246:1.405500054359436] [2.2308304725600836:175.36486430329848] [0.0026489662018832783:1.1431019484571951] [-6.4895860138294825:-0.91534613723620872] [24.313400268554688:61.172798156738281] [0:45549] [0:2957] none [4820:6385] [-268.3363711660669:-8.2616059443696432] [0.72329998016357422:1] [0:1.5154999494552612] [10.20704336390143:304.94560566763471] [0.0040649786648321662:0.51361544897756839] [-3.304380273206204:0] [0:50.405101776123047] [0:16279] [0:1001] none [5065:6430] [3.8229614923168675:235.42427612023519] [0.71670001745223999:1] [0:1.4599000215530396] [4.141710181272253:264.66293301869734] [0.0037523594492536311:0.71090046108118465] [-3.4482698852922793:0] [0:47.676799774169922] [0:20702] [0:1023] [-0.11349999904632568:0.9347001314163208] [0.017500000540167093:1.7330500483512878] [-0.98830409356652904:0.99999999998039224] [-0.9999999999990834:0.99999999999981992] [-0.44927536716792266:0.2444444395985122] [0.016786736982394343:1.4058710014677875] [-6.714376265450813:8.3593335495491807] [-0.27073404957034947:0.24129855152704491] [-0.081000000238418579:0.10039999336004257] [4.219507705176107:17.701621712332809] [-0.079899966716766357:0.64820003509521484] [0.017500000540167093:1.5282000303268433] [-0.99999999991666666:0.97088791848475853] [-0.99999999999863942:0.99341021416763042] [-0.37837835691585314:0.37500000911711029] [0.008853924832153498:1.9210789181100933] [-8.2577472678091866:8.3593335495491807] [-0.19383712837050651:0.24129855152704491] [-0.15860000252723694:0.133899986743927] [4.1271343850450917:18.285802044116959] [-0.05970001220703125:0.42890000343322754] [0.017500000540167093:1.4135000109672546] [-0.95951417003660122:0.99999999989999999] [-0.99999999999955536:0.99999999999981404] [-0.94392523311091459:0.34328359636537986] [0.006028549406351261:1.5522332962857108] [-14.673524745456461:5.0024365829073378] [-0.19134643586765393:0.085057193947780579] [-0.35350000858306885:0.16639998555183411] [4.3040650932041702:18.77729136382235] [-0.060599982738494873:1.0267999172210693] [0.02805000077933073:1.5733000040054321] [-0.95238095235827669:0.9199999999877333] [-0.99999999999904121:0.99276169265005765] [-0.94392523311091459:0.52727272803079694] [0.0045634981611247429:1.7605101605206701] [-14.673524745456461:6.7224280842602839] [-0.19134643586765393:0.013359650099719744] [-0.35350000858306885:0.26929998397827148] [4.7449321283632502:18.240779878918573] [-0.48290002346038818:0.11800000071525574] [0.042700000107288361:1.4120000004768372] [-0.99999999999315081:0.99999999999363065] [-0.99999999999990052:0.99999999999981404] [-0.25170069482561497:0.82587954106594108] [0.0042283458372197741:0.92160929970422567] [-2.2957597483186021:3.5172602635929615] [-0.99999999997431188:0.08634016284581511] [-0.14590001106262207:0.28549998998641968] [3.1354942159291497:16.676635031203361] [-0.52260005474090576:0.2070000022649765] [0.032800000160932541:1.4528999924659729] [-0.99999999999749378:0.99999999999800804] [-0.99999999999992806:0.99999999999970068] [-0.29307807184565093:0.72799096458722712] [0.0047278954027584552:0.61225795502937652] [-1.4285976386417905:2.3367054359672603] [-0.99999999996892575:0.999999999971797] [-0.22670000791549683:0.2060999870300293] [1.0986122886681098:15.858236246707449] [-0.80475272960770405:0.91429083736759642] [-0.99874658668693772:0.98464608204535209] [0:10.104589972973457] [7.461640392208575:11.963886428076139] [-0.11669999361038208:0.25739997625350952] [-1.2701001167297363:0.17750000208616257] [9.3697468409270321:284.69649248222481] [3.9027653617524862:242.69562076191102] [0:423.0150084818992] [-501.35212211946038:61.08960556056968] [0.0007649725787929406:416.0923602538947] [-69.497446484531011:482.91201650006246] [0:67.083665819181974] [0:178.67726878706543] [-0.99999999999803224:0.9999999999981618] [0:1.3179161690614039] [-202.21499374118545:84.905383712720052] [0:2.370533949718201] [-101.10311353128455:107.76201410545249] [0:204.48988922511901] [-112.23076603402049:128.59662373074343] [0:152.56680568032976] [0:220.20286059988959] [4949.68017578125:6407.91015625] [-2.370533949718201:2.2748954839335589] none [-86.164022892891708:204.48988922511901] none [-121.10209134795102:152.56680568032976] none [-119.72864146067796:220.20286059988959] none [12.151458812678843:218.81875317754483] [0:19.968897841364992] [-0.05970001220703125:0.42890000343322754] [-0.80475272960770405:0.91429083736759642] [-0.99874658668693772:0.98464608204535209] [493.239990234375:638.82000732421875] [-4.2088780357041333:4.2088377651872122] [-2.9502388555324721:3.5629454414376482] [-90.079839600845091:210.66438107900433] [-4.6372740988187555:6.1744918538853142] [-124.21748425187617:157.06999331462691] [-6.3950143675561844:4.6868011551603992] [-121.76594169389764:223.89657086275605] [-11.231326009980558:6.2813936904859702] [11.439976778911902:204.15978035064896] [0:19.989215541609827] [-0.10009999945759773:0.261199951171875] [-0.8705973422783595:0.92885375493704014] [-0.98923333952104886:0.992685663002012] [415.8900146484375:571.91998291015625] [-4.2769260868036341:6.2218051378737371] [-3.0182869066319729:5.4961077557313942] [-98.775731281454114:221.27525130073877] [-18.237638874305517:16.785362075619759] [-141.81834439515595:173.14052771771449] [-31.095139725696441:29.609075498207012] [-141.3649021677721:252.40845104624211] [-39.359383285396689:34.698620381983233] [22.404684425704861:230.20206873305798] [0:19.992029724106196] [-0.064399998169392347:0.30959998816251755] [-0.99999999997777789:0.99999999993749999] [-0.99400125780073556:0.99496010079796215] [-12.402653611096603:17.695654638598675] [-6.1744918538853142:4.6372740988187555] none none none none [0:1] [0:1] [0:1] [0:1] [0:1] [0:1] [0:1] [0:1]
tree_sizes=2814 2912 2909 2927 2905 2894 2905 2905 2879 2912 2894 2898 2901 2911 2893 2928 2897 2895 2926 2906 2898 2906 2918 2906 2901 2924 2894 2911 2898 2894 2901 2917 2924 2900 2926 2914 2901 2920 2891 2923 2929 2892 2939 2908 2928 2921 2922 2933 2921 2923 2941 2907 2939 2912 2921 2936 2923 2951 2940 2937 2921 2920 2951 2938 2914 2942 2930 2938 2947 2925 2946 2933 2930 2954 2952 2935 2967 2960 2937 2945 2924 2916 2932 2942 2946 2958 2959 2921 2920 2923 2943 2936 2945 2937 2941 2949 2922 2949 2937 2951 2927 2932 2972 2933 2942 2973 2930 2959 2953 2938 2920 2960 2954 2922 2953 2937 2958 2971 2961 2975 2945 2949 2965 2920 2964 2938 2934 2960 2933 2945 2920 2936 2933 2969 2936 2945 2952 2917 2947 2940 2936 2977 2921 2936 2963 2968 2960 2976 2947 2943 2945 2955 2915 2942 2946 2957 2965 2949 2962 2941

Tree=0
num_leaves=31
num_cat=0
split_feature=261 13 260 2 261 41 92 183 150 260 260 148 270 6 8 219 216 6 256 104 13 193 68 22 114 13 270 82 17 94
split_gain=49.213 63.6824 71.4102 53.5415 71.7269 60.4827 50.1157 45.5304 53.4823 44.681 47.4448 55.6135 60.5738 43.855 38.9376 42.8879 42.1268 37.3943 29.5682 28.1448 55.5949 27.9209 26.3828 25.3113 24.0643 23.7543 22.8747 22.382 21.9992 21.8651
threshold=522.28248596191418 36.152562767535478 -0.050290315748479801 6124.3850097656259 568.09500122070324 6102.5000000000009 46.52820014953614 -0.24367064800932386 0.042649999260902412 0.78599164927552878 0.38915375117870504 514.50000000000011 120.84608097262756 18.143299391923605 -74.213210993448797 -67.433218023029056 90.272431077915897 24.778227723627456 64.537225419191898 509.00000000000006 22.055444070330442 0.77625814150555517 0.051956837613681972 0.14745000004768374 41.372900009155281 24.605837353133388 129.52264535446056 1107.0000000000002 11.592049540379847 263.50000000000006
decision_type=2 2 2 2 2 2 2 2 2 2 2 2 2 2 2 2 2 2 2 2 2 2 2 2 2 2 2 2 2 2
left_child=9 2 -2 5 19 6 23 8 -3 10 11 14 13 29 15 16 28 27 -11 20 -5 -22 -9 -4 -21 -8 -14 -12 -1 -13
right_child=1 7 3 4 -6 -7 25 22 -10 18 17 12 26 -15 -16 -17 -18 -19 -20 24 21 -23 -24 -25 -26 -27 -28 -29 -30 -31
leaf_value=-0.60336564153432848 -0.60345586389303207 -0.60337667733430866 -0.59007351070642466 -0.60330963432788853 -0.6039034312963486 -0.60350488036870953 -0.60123010784387587 -0.60340798228979109 -0.56865460529923439 -0.60341476544737815 -0.56700770929455757 -0.57356548674404617 -0.60332685142755504 -0.60333504796028137 -0.60337667733430866 -0.57008623801171776 -0.57575126044452185 -0.60352835595607757 -0.59419115647673604 -0.57983821446076034 -0.60294115543365479 -0.56969535946846006 -0.59933821499347684 -0.60394347727298736 -0.56897418089210983 -0.55826678931713103 -0.60290127322077747 -0.60305033683776854 -0.57950488023459912 -0.60302242606878276
leaf_weight=240 153 69 69 62 85 247 71 827 106 154 485 953 162 64 378 138 117 75 109 75 85 127 80 91 222 95 204 68 61 122
leaf_count=240 153 69 69 62 85 247 71 827 106 154 485 953 162 64 378 138 117 75 109 75 85 127 80 91 222 95 204 68 61 122
internal_value=-0.602839 -0.606584 -0.601604 -0.598772 -0.59198 -0.606574 -0.596702 -0.612923 -0.596719 -0.600066 -0.598874 -0.601094 -0.596938 -0.592967 -0.607787 -0.601881 -0.607492 -0.590335 -0.613781 -0.587507 -0.595791 -0.587296 -0.616066 -0.610578 -0.58011 -0.583497 -0.609262 -0.587197 -0.614379 -0.591274
internal_weight=5794 2464 1382 1229 656 573 326 1082 175 3330 3067 2439 1505 1139 934 556 418 628 263 571 274 212 907 160 297 166 366 553 301 1075
internal_count=5794 2464 1382 1229 656 573 326 1082 175 3330 3067 2439 1505 1139 934 556 418 628 263 571 274 212 907 160 297 166 366 553 301 1075
is_linear=0
shrinkage=1


Tree=1
num_leaves=31
num_cat=0
split_feature=2 2 261 242 126 211 49 49 270 214 150 4 135 19 169 185 104 191 169 104 104 258 93 271 81 211 183 5 89 224
split_gain=44.1348 52.8908 67.2086 62.0005 77.7233 54.3216 52.0713 56.0196 41.1891 35.9824 35.6398 33.0705 29.8162 29.8008 25.9155 39.6315 24.5837 27.5044 24.8814 22.9081 30.1761 26.4175 24.7472 21.7673 20.3472 18.3342 25.8073 23.746 31.4972 18.5107
threshold=6382.4499511718759 6124.3850097656259 527.10498046875011 36.191146700867954 1563.0000000000002 -0.10114018739210236 2499.0000000000005 4303.5000000000009 36.376866026999643 0.022600017488002781 0.041200000792741782 44.689984705495981 -0.72734696627841999 6077.5000000000009 11.697894709021844 0.013156691651333942 603.00000000000011 0.1177749987691641 14.62122878552257 54.000000000000007 184.00000000000003 0.02790000289678574 126.00000000000001 15.962616165553568 44.33909988403321 -0.24438158726229803 0.51522307043872995 76.272270850087281 21.764030433276762 0.47054632420727666
decision_type=2 2 2 2 2 2 2 2 2 2 2 2 2 2 2 2 2 2 2 2 2 2 2 2 2 2 2 2 2 2
left_child=1 2 6 4 16 -5 9 -8 10 14 -4 13 -7 19 -1 -16 17 -3 -19 21 -21 -11 -22 -10 -9 27 29 28 -24 -27
right_child=-2 3 8 5 -6 12 7 24 23 11 -12 -13 -14 -15 15 -17 -18 18 -20 20 22 -23 25 -25 -26 26 -28 -29 -30 -31
leaf_value=-0.00063718468286097182 -0.0010100094129331418 0.043615803629159934 -0.0010724508330225957 0.03274802900776267 -0.0003702722117304802 -0.00064081137478351707 -0.00075548320934176467 0.032356762683391577 -0.0004504879161715514 0.023054755707830193 0.033238056792318824 -0.00058144270330667521 0.0034768375247716896 -0.00089833144396543445 0.027852569871768356 -0.0004139095224440107 0.032565190246701244 0.027813251381739977 -0.00085307776927948011 0.034820508473739027 0.03257877951227129 -0.00089996089860797004 -0.00038355996161699437 0.0075055992305278789 -0.00059220444932580089 0.018915000471100212 -0.00020860820934176462 -0.000925208798423411 0.03135129386521876 0.032231416236609224
leaf_weight=220 151 81 82 90 97 223 337 99 821 67 113 122 61 95 351 512 267 174 70 180 116 60 165 74 62 256 189 92 159 408
leaf_count=220 151 81 82 90 97 223 337 99 821 67 113 122 61 95 351 512 267 174 70 180 116 60 165 74 62 256 189 92 159 408
internal_value=-0.000706156 -0.0001983 -0.00183206 0.00681648 0.0130115 -0.00461741 0.000540773 -0.00988072 -0.00939726 0.00228896 0.005075 0.00517503 -0.0121107 0.00638672 -0.00279871 -4.03226e-05 0.0177638 0.0110303 0.00491968 0.00746612 0.00862739 -0.00662879 0.00682374 -0.0125611 0.00695783 0.00535714 0.00828089 -0.000665083 0.00382979 0.0115097
internal_weight=5794 5643 4580 1063 689 374 3490 498 1090 2992 195 1909 284 1787 1083 863 592 325 244 1692 1565 127 1385 895 161 1269 853 416 324 664
internal_count=5794 5643 4580 1063 689 374 3490 498 1090 2992 195 1909 284 1787 1083 863 592 325 244 1692 1565 127 1385 895 161 1269 853 416 324 664
is_linear=0
shrinkage=0.035


Tree=2
num_leaves=31
num_cat=0
split_feature=260 183 261 256 4 71 19 60 270 41 274 11 19 121 49 81 219 213 71 126 6 274 209 136 269 48 270 211 247 163
split_gain=51.2752 57.4347 50.1273 47.1265 45.3657 41.3651 40.0725 45.6313 43.8427 78.9673 41.1797 36.695 36.134 56.8791 48.0397 38.4608 35.6282 33.9102 33.8666 33.8505 30.5195 30.1782 28.8698 27.8677 26.221 25.4396 25.7158 23.7348 22.5859 20.7664
threshold=0.87773940840369258 0.92585001803694456 522.28248596191418 12.524700469182035 2.1842026062410906 2915.5000000000005 6137.5000000000009 1744.5000000000002 39.987350473716212 6272.5000000000009 0.19908042767784204 46.191742033562655 5812.5000000000009 0.30949999392032629 502.00000000000006 37.252000808715827 -24.38473689044983 9.8137816334690697 214.00000000000003 172.50000000000003 18.143299391923605 0.46821270051187797 11.939185417841905 34.993900299072273 2.701296929093489 30.328200340271 126.53540233067049 0.87892562446791078 601.65499877929699 0.27189561054253802
decision_type=2 2 2 2 2 2 2 2 2 2 2 2 2 2 2 2 2 2 2 2 2 2 2 2 2 2 2 2 2 2
left_child=1 2 12 11 27 6 7 10 29 -10 17 -4 13 15 23 -1 -11 -5 -14 -20 -16 24 -3 25 -21 26 -15 -2 -7 -8
right_child=4 22 3 5 -6 28 8 -9 9 16 -12 -13 18 14 20 -17 -18 -19 19 21 -22 -23 -24 -25 -26 -27 -28 -29 -30 -31
leaf_value=0.0091895810130964983 -0.00072904129701480472 0.031701244097913618 0.036115222872138024 0.028942612699501217 -0.00098281315436586766 0.00013504562274366472 -0.0013270225873216991 -0.00073995354279130854 0.02833214556944836 -0.00034695440427958942 -0.00049445040627569224 -0.00015315938813099397 0.031975075840015903 -0.00094137281162291785 0.028839280955489727 -0.0011232323777042321 0.03072564856424928 -0.00052891590341925653 0.034307079186734743 0.017173232775647196 -0.00083498495407216414 0.040638821942644197 -0.0011870747745037092 0.028443843457845973 -0.00045929385574068897 -0.0010623585860002793 0.032163528612030673 0.02960667688817531 -0.00060398647888750055 0.0032187590011358248
leaf_weight=143 71 158 72 176 168 67 106 210 230 174 383 65 134 74 477 325 101 105 124 996 88 72 65 106 258 233 71 66 415 61
leaf_count=143 71 158 72 176 168 67 106 210 230 174 383 65 134 74 477 325 101 105 124 996 88 72 65 106 258 233 71 66 415 61
internal_value=-0.000941542 -0.000159265 -0.000903054 -0.00498387 -0.0147903 -0.00633546 -0.00352031 -0.00844141 0.00289513 0.00802941 -0.00387145 0.0145423 0.00194945 -0.00190867 0.00262334 -0.0119873 -0.004625 0.00624126 0.00563877 0.00404124 0.00951754 0.00236664 0.0170395 -0.00543967 0.00105639 -0.00986945 0.00163333 0.000246479 -0.0152361 -0.0124128
internal_weight=5794 5489 5266 2165 305 2028 1546 874 672 505 664 137 3101 1517 1049 468 275 281 1584 1450 565 1326 223 484 1254 378 145 137 482 167
internal_count=5794 5489 5266 2165 305 2028 1546 874 672 505 664 137 3101 1517 1049 468 275 281 1584 1450 565 1326 223 484 1254 378 145 137 482 167
is_linear=0
shrinkage=0.035


Tree=3
num_leaves=31
num_cat=0
split_feature=260 183 261 150 258 71 13 260 104 4 183 272 13 148 67 27 224 219 209 193 232 49 270 185 13 60 121 246 193 261
split_gain=41.6283 57.5089 43.3417 51.8057 50.9307 49.062 44.1188 51.0079 40.1474 38.8127 38.7115 37.786 33.8475 28.9147 28.5312 41.0116 36.3199 31.621 27.9776 27.8487 27.6005 31.985 26.0797 32.0421 25.7829 25.7616 25.6638 23.7348 21.9802 20.7336
threshold=0.87773940840369258 0.92585001803694456 522.28248596191418 0.059200011193752296 0.0092999972403049486 4086.0000000000005 36.152562767535478 -0.11895926359769808 503.50000000000006 2.1842026062410906 -0.24367064800932386 0.015199992805719377 26.908023953886303 471.50000000000006 8.8551364391239442 922.00000000000011 -0.93104368420269912 -14.223541023305325 11.939185417841905 0.77625814150555517 16.518826283635217 4373.0000000000009 121.04142388005546 0.013427813547207278 49.203899137013288 988.50000000000011 0.44335000216960913 0.87892562446791078 0.53441036277911791 515.07000732421886
decision_type=2 2 2 2 2 2 2 2 2 2 2 2 2 2 2 2 2 2 2 2 2 2 2 2 2 2 2 2 2 2
left_child=1 2 11 4 -4 6 7 -6 12 27 -8 13 -9 28 24 16 29 26 -3 -14 21 -5 23 -15 25 -13 -18 -2 -1 -16
right_child=9 18 3 20 5 -7 10 8 -10 -11 -12 14 19 22 15 -17 17 -19 -20 -21 -22 -23 -24 -25 -26 -27 -28 -29 -30 -31
leaf_value=-0.0010887881411775747 -0.00070352485161928721 0.030591700554486644 -0.00071515084223549696 -0.00087441573159497256 -0.0011565917071281019 -0.00041094579284366303 0.032039664879006273 -0.0015762231027866534 0.028068858941298593 -0.00094841469396306178 -0.00046757475216042125 -0.00086020991204818775 -0.00084938466588694596 0.031008776183487914 0.017219484034168186 -0.00055588711702032228 0.029175160813739654 -0.0007019544586162091 -0.0011455271573960781 0.029990560708877578 7.2003731853253491e-05 9.613109810549693e-05 -0.00067290542152633197 -0.00075745387409325074 0.035045722001832258 0.02954608525720509 -0.00033029538657790265 0.028570443197089172 0.018454450241509959 -0.0016073544203554821
leaf_weight=219 71 158 285 333 61 138 96 78 492 168 334 130 78 105 210 1016 381 61 65 95 112 63 236 158 220 132 82 66 67 84
leaf_count=219 71 158 285 333 61 138 96 78 492 168 334 130 78 105 210 1016 381 61 65 95 112 63 236 158 220 132 82 66 67 84
internal_value=-0.00118296 -0.000477794 -0.00122178 -0.00501613 -0.0020006 0.000813362 0.00305085 0.00787392 0.0104345 -0.0136613 -0.00595402 0.0014311 -0.000957031 -0.00518354 0.00367945 0.00167482 0.00748481 0.0129679 0.0167325 0.00766854 -0.0147368 -0.0190274 -6.94444e-05 0.00744403 0.0112115 0.00367041 0.0160791 0.000246479 -0.0139519 -0.00234114
internal_weight=5794 5489 5266 2165 1657 1372 1234 804 743 305 430 3101 251 785 2316 1834 818 524 223 173 508 396 499 263 482 262 463 137 286 294
internal_count=5794 5489 5266 2165 1657 1372 1234 804 743 305 430 3101 251 785 2316 1834 818 524 223 173 508 396 499 263 482 262 463 137 286 294
is_linear=0
shrinkage=0.035


Tree=4
num_leaves=31
num_cat=0
split_feature=160 132 150 42 13 272 218 145 169 41 93 104 150 203 191 219 71 261 223 147 154 190 115 274 13 94 13 274 148 8
split_gain=38.4816 46.469 46.2514 68.0843 31.7329 42.035 39.2706 41.9445 30.4126 28.6182 46.2325 25.5989 25.487 32.3118 25.2523 31.6084 21.5696 27.819 21.3003 20.914 19.2809 19.1023 18.5479 23.7892 18.1212 18.097 18.0004 27.5419 21.3863 23.5362
threshold=0.015700001269578937 0.23425000160932544 0.059849992394447334 47.568764522102356 36.152562767535478 0.015700027346611026 12.314287075493066 0.019070376216359576 12.087930589759194 5967.5000000000009 988.50000000000011 117.50000000000001 0.051849998533725745 0.95701707636727928 0.19292499870061877 -10.004985697812726 741.50000000000011 479.63999938964849 18.168475711141202 36.370248794555671 -0.1011690977652643 -0.018499985337257382 3290.5000000000005 0.5686975434498559 31.948109683162851 136.50000000000003 63.839840074924616 0.048087630386725345 955.50000000000011 -73.207840972104705
decision_type=2 2 2 2 2 2 2 2 2 2 2 2 2 2 2 2 2 2 2 2 2 2 2 2 2 2 2 2 2 2
left_child=1 22 4 24 6 -6 12 -8 21 14 18 -12 13 -2 -7 26 20 -18 -11 -13 -5 -3 23 -1 -4 -10 28 -28 29 -16
right_child=2 8 3 16 5 9 7 -9 25 10 11 19 -14 -15 15 -17 17 -19 -20 -21 -22 -23 -24 -25 -26 -27 27 -29 -30 -31
leaf_value=-0.001102510594689476 0.030551609871535414 0.012208172398501228 -0.0011096066087585732 -0.0022593963343491472 -0.00075268583357555353 0.03460436881467454 0.023362778471631873 -0.00057073603774609517 0.026283815733216479 0.032132353698868986 0.0011748951485706695 -0.00034565403224424729 -0.00069753856964355481 -0.001008998180636348 0.032948268462831727 -0.0006951059656163717 0.03139981430373931 -0.00071741975722730339 -0.00096074461469486231 -0.00081696292098723598 0.024668439548400634 -0.0010224237772944967 -0.0020627476224898923 0.014887272898959074 -0.00044266307477113133 -0.00064660866229388663 -0.001081668802711076 0.026156212412542821 0.032879603431252763 -0.0006989368560888188
leaf_weight=371 465 73 137 69 464 60 319 258 299 128 64 280 66 86 61 85 120 63 68 179 100 142 98 66 856 165 188 237 128 99
leaf_count=371 465 73 137 69 464 60 319 258 299 128 64 280 66 86 61 85 120 63 68 179 100 142 98 66 856 165 188 237 128 99
internal_value=-0.00113468 -0.0066612 0.000335878 -0.00510741 0.0026034 -5.13196e-05 0.0071226 0.000541237 -0.000562865 0.00267699 -0.00246547 -0.00788826 0.0132235 0.0156745 0.00697567 0.00523039 0.00803922 0.0161968 0.0118408 -0.0107866 -0.00100575 -0.0112955 -0.0143241 -0.0110068 -0.00978457 0.00447761 0.0076532 0.00301163 0.0143345 0.00551515
internal_weight=5794 1214 4580 1345 3235 2041 1194 577 679 1577 719 523 617 551 858 798 352 183 196 459 169 215 535 437 993 464 713 425 288 160
internal_count=5794 1214 4580 1345 3235 2041 1194 577 679 1577 719 523 617 551 858 798 352 183 196 459 169 215 535 437 993 464 713 425 288 160
is_linear=0
shrinkage=0.035


Tree=5
num_leaves=31
num_cat=0
split_feature=160 132 41 85 126 71 2 13 19 19 22 19 71 258 6 218 270 126 104 221 74 19 13 22 221 34 213 135 49 4
split_gain=39.7552 38.2214 35.8486 52.2994 53.9419 53.4836 53.2157 49.6785 36.6269 81.2481 56.7938 43.3239 34.9095 37.21 32.8357 29.5274 26.5047 27.5222 28.7045 25.5561 23.757 28.0488 25.3362 23.1632 36.2208 35.4461 31.5985 25.6352 22.9703 31.064
threshold=0.015700001269578937 0.22935000061988833 6402.5000000000009 6122.5000000000009 1309.5000000000002 2040.5000000000002 5969.8049316406259 38.614270690149105 5812.5000000000009 5722.5000000000009 0.18644999712705615 5842.5000000000009 928.50000000000011 0.021000005304813388 11.977768996135923 66.466720380583126 46.136929265336157 812.50000000000011 538.50000000000011 41.789497402989035 5647.5000000000009 5652.5000000000009 120.39002685701634 0.46645000576972967 25.924244806750789 7.5835755202627437 9.1921763806085952 -1.3536198900652832 4303.5000000000009 -7.8075945212236251
decision_type=2 2 2 2 2 2 2 2 2 2 2 2 2 2 2 2 2 2 2 2 2 2 2 2 2 2 2 2 2 2
left_child=1 -1 3 6 7 -6 8 -5 9 14 -10 -12 13 -8 23 -3 17 18 -14 -13 21 22 -17 25 -25 26 27 -2 -18 -30
right_child=2 15 -4 4 5 -7 12 -9 10 -11 11 19 16 -15 -16 20 28 -19 -20 -21 -22 -23 -24 24 -26 -27 -28 -29 29 -31
leaf_value=-0.0010668458360730822 0.031184200363240155 0.026107712141905534 -0.0014478526042227919 0.026205962962161638 0.022620990223990872 -0.00099484181156414444 0.030224398393123728 -0.00022499722949931357 0.035545581950952587 -0.0010870255607910552 0.031773822694907264 0.030481777109287421 0.02621572878389037 -0.00041871211154369649 -0.0010165791747274886 0.022536492563906024 -0.00081823953887632866 0.037960003485031563 -0.0012245894020148586 -0.00040086781213069083 0.020393580053378331 -0.0017685378847163093 -0.0015189093370887314 0.023867318097385008 -0.0024633012100082393 0.030084326782566867 0.027005573266031483 -0.0020509172057089817 -0.00069231006572434872 0.041129167407833712
leaf_weight=513 60 195 74 554 140 111 152 117 142 204 71 168 95 127 162 147 828 83 119 549 184 88 87 73 128 142 235 112 73 61
leaf_count=513 60 195 74 554 140 111 152 117 142 204 71 168 95 127 162 147 828 83 119 549 184 88 87 73 128 142 235 112 73 61
internal_value=-0.00115882 -0.00677605 0.000335878 0.000744846 0.00815534 -0.00560547 -0.00117024 0.0133062 0.0025256 -0.00174844 0.00763636 0.00388398 -0.00607907 0.00505282 0.00274809 -0.00143768 -0.00855617 0.00057947 -0.00607306 0.00121191 -0.00589041 -0.0115596 -0.00497908 0.00584106 -0.00424757 0.00953971 0.00416262 -0.00711864 -0.011365 0.00201439
internal_weight=5794 1214 4580 4506 922 251 3584 671 2046 1116 930 788 1538 279 912 701 1259 297 214 717 506 322 234 750 201 549 407 172 962 134
internal_count=5794 1214 4580 4506 922 251 3584 671 2046 1116 930 788 1538 279 912 701 1259 297 214 717 506 322 234 750 201 549 407 172 962 134
is_linear=0
shrinkage=0.035


Tree=6
num_leaves=31
num_cat=0
split_feature=5 183 2 8 10 171 261 104 82 93 270 19 173 19 34 114 148 104 130 55 256 5 183 221 272 150 22 261 4 270
split_gain=41.1304 56.6565 49.3315 55.8463 54.6014 55.2862 52.0381 42.9162 39.8691 38.2233 34.8821 54.8227 34.4813 31.2676 44.1297 28.1732 28.1556 27.224 28.3183 37.8901 26.9841 33.4758 24.9792 23.8457 23.7415 32.2912 23.0469 26.3341 23.2347 22.937
threshold=8.4061700065681162 -0.80748587961212315 6124.3850097656259 -73.757294125613711 69.046902687326238 0.14905000105500224 564.95498657226574 1042.5000000000002 2158.0000000000005 1746.0000000000002 37.821258477137221 6107.5000000000009 0.70507121211320001 5322.5000000000009 7.999876874371421 50.708700180053718 421.50000000000006 929.00000000000011 -54.50454745396349 0.21605000644922259 33.766536221654398 37.352903527946644 -0.087632547366462435 25.924244806750789 0.01514999568462372 0.067849986255168929 0.18824999779462817 510.65499877929693 24.351791797237109 77.499991592393229
decision_type=2 2 2 2 2 2 2 2 2 2 2 2 2 2 2 2 2 2 2 2 2 2 2 2 2 2 2 2 2 2
left_child=9 -2 3 8 5 6 -4 -7 15 13 11 -5 -8 -1 17 -3 24 18 -15 -20 22 -22 -18 -16 -12 29 -23 28 -28 -26
right_child=1 2 4 10 -6 7 12 -9 -10 -11 16 -13 -14 14 23 -17 20 -19 19 -21 21 26 -24 -25 25 -27 27 -29 -30 -31
leaf_value=-0.0020890133528251461 0.028326393786941639 0.025890356663461112 0.028147101176463629 0.032475960704192425 -0.0017998711691123985 -0.0016974232010176873 0.025934458289734834 0.022512182230521212 -0.0019389245470938531 -0.001119489537462484 -0.0012334292302635531 -0.002148053295671038 -0.00047101520569187291 -0.0012204487422325084 0.026857645880101103 -0.0011632601070857924 0.020017655445942473 -0.001026284142219928 -0.00053201897032656529 0.033625012070780773 0.043763543668081821 0.024301511884862223 -0.0012588782578429401 0.021150613598250656 -0.00051647494500915941 -0.00064407787394676289 0.026014801459995827 -0.0015377472840802933 -0.0010424208627389854 0.023587518692428373
leaf_weight=91 134 567 405 140 94 93 66 95 88 388 218 64 66 166 90 140 66 670 156 140 63 170 116 92 527 290 132 189 101 177
leaf_count=91 134 567 405 140 94 93 66 95 88 388 218 64 66 166 90 140 66 670 156 140 63 170 116 92 527 290 132 189 101 177
internal_value=-0.00126746 0.000707688 -8.13533e-05 -0.00213233 0.0075182 0.0107877 0.0164668 -0.00544041 0.00581875 -0.00566463 -0.00494464 0.00870813 -0.00255474 -0.0029539 -0.00153904 0.00860253 -0.00632181 -0.00412489 0.00239829 0.00883721 -0.00137173 0.00196212 -0.0131016 0.0142246 -0.00972062 -0.00735736 -0.000703518 -0.00508197 0.00279412 -0.00325811
internal_weight=5794 4001 3867 3048 819 725 537 188 795 1793 2253 204 132 1405 1314 707 2049 1132 462 296 837 655 182 182 1212 994 592 422 233 704
internal_count=5794 4001 3867 3048 819 725 537 188 795 1793 2253 204 132 1405 1314 707 2049 1132 462 296 837 655 182 182 1212 994 592 422 233 704
is_linear=0
shrinkage=0.035


Tree=7
num_leaves=31
num_cat=0
split_feature=49 126 10 213 183 183 270 30 261 9 260 6 260 261 183 113 19 10 53 214 93 93 213 38 223 269 13 49 104 1
split_gain=43.3782 65.9747 58.8107 44.7585 45.9434 78.583 36.9844 47.1935 58.5003 47.3684 55.059 44.4662 35.3767 34.281 33.6056 29.1149 28.4469 32.45 45.3718 30.2744 34.1007 26.7221 25.4153 23.4318 22.9699 22.6455 22.5268 21.3036 21.0372 19.9105
threshold=2419.5000000000005 829.50000000000011 68.181036536440189 10.261493742809174 0.63223206200875004 0.72346056971403883 32.267089880019761 6112.5000000000009 528.02999877929699 40.577439117209167 0.76286560327442166 18.143299391923605 0.40884675637623302 556.51501464843761 -0.79190115500962566 -2.5409792773841073 5322.5000000000009 25.271568238496624 -62.709696124117464 0.022899996489286426 587.50000000000011 428.00000000000006 9.6469164730212373 1498.0000000000002 6.3202383400948259 0.69405016739354519 68.090300053340442 3656.0000000000005 220.00000000000003 687.50000000000011
decision_type=2 2 2 2 2 2 2 2 2 2 2 2 2 2 2 2 2 2 2 2 2 2 2 2 2 2 2 2 2 2
left_child=6 2 3 4 -2 -6 -1 8 9 16 11 12 14 22 -11 28 -8 18 -18 -19 -21 -16 -9 -15 25 -10 -22 -3 -4 -5
right_child=1 27 15 29 5 -7 7 13 24 10 -12 -13 -14 23 21 -17 17 19 -20 20 26 -23 -24 -25 -26 -27 -28 -29 -30 -31
leaf_value=-0.0013047621234984613 0.029021320398281144 -0.0013034040914107188 -0.0012078855013204139 0.0056263477330415488 -0.0012045996846469706 0.027130149220377625 -0.0019630071781242759 0.01055291521114211 -0.00079406720033537445 0.026701971084393837 -0.00073082777111913532 -0.00093644284576067504 0.032830935435047108 -0.00083769271793691957 -0.0023636413095035856 -0.00088266792490475875 0.026616252524650878 -0.001465935261925202 -6.8033804886110118e-05 0.026246427441397369 0.0063915939622126629 0.021423356925871159 0.027159364462742839 0.02358476239632968 -0.00088747743228939537 0.019748555470665546 -0.0026868635052062343 -0.0006350426322200653 0.029541806908322685 -0.0020541761073100263
leaf_weight=143 235 267 76 64 132 211 79 91 101 135 244 194 328 74 170 278 96 423 362 182 164 543 233 75 358 81 95 160 69 131
leaf_count=143 235 267 76 64 132 211 79 91 101 135 244 194 328 74 170 278 96 423 362 182 164 543 233 75 358 81 95 160 69 131
internal_value=-0.00149681 -0.00634214 -0.00209825 0.00364396 0.00852487 0.000301724 0.000393918 0.00102405 -0.000363764 0.00154139 0.00562075 0.00834909 0.010906 0.0113494 0.00705744 -0.0125117 -0.00316145 -0.00189902 0.00559395 -0.00588032 0.000549327 0.00394847 0.0176596 -0.0025 -0.0109174 -0.000748663 -0.00755682 -0.0180671 0.000233333 -0.010675
internal_weight=5794 1623 1196 773 578 343 4171 4028 3555 3015 1614 1370 1176 473 848 423 1401 1322 458 864 441 713 324 149 540 182 259 427 145 195
internal_count=5794 1623 1196 773 578 343 4171 4028 3555 3015 1614 1370 1176 473 848 423 1401 1322 458 864 441 713 324 149 540 182 259 427 145 195
is_linear=0
shrinkage=0.035


Tree=8
num_leaves=31
num_cat=0
split_feature=49 8 126 223 71 13 13 270 19 261 220 260 6 260 183 261 19 78 63 93 92 2 11 93 115 8 136 213 143 140
split_gain=48.7051 60.9464 53.5584 52.88 43.2379 48.8816 48.5793 35.3978 44.9744 68.5627 47.6618 47.0746 40.8686 36.2613 34.0025 32.2926 29.133 35.0469 34.4057 67.8524 49.0157 39.5364 27.0571 25.372 24.6066 23.5194 22.6903 20.5653 19.7969 31.6258
threshold=2419.5000000000005 -15.303317884634636 829.50000000000011 26.097261383822172 3273.0000000000005 32.750638817623503 22.055444070330442 32.267089880019761 6142.5000000000009 528.02999877929699 40.982021467015947 0.76286560327442166 18.143299391923605 0.40884675637623302 -0.79190115500962566 556.51501464843761 5322.5000000000009 24.25191312736963 5792.5000000000009 546.50000000000011 37.588850021362312 5886.4301757812509 53.781742494035903 428.00000000000006 2041.0000000000002 -38.722919891702382 31.410099983215336 9.6469164730212373 0.24894999712705615 5917.5000000000009
decision_type=2 2 2 2 2 2 2 2 2 2 2 2 2 2 2 2 2 2 2 2 2 2 2 2 2 2 2 2 2 2
left_child=7 2 4 -3 5 6 -2 -1 9 10 16 12 13 14 -12 27 -9 18 20 26 -18 -21 -19 -16 -11 -6 -20 -10 29 -13
right_child=1 3 -4 -5 25 -7 -8 8 15 24 11 28 -14 -15 23 -17 17 22 19 21 -22 -23 -24 -25 -26 -27 -28 -29 -30 -31
leaf_value=-0.0012590954491760139 -0.0022728037231004123 0.031348658739617716 -0.0010923911122201742 -0.0013902209404227728 -0.00012505572237971554 -0.00073177066865389221 0.034489960699466735 -0.0018943019268899272 0.011806631865396803 -0.00083850972073432734 0.025767402096440052 0.024933641944087721 -0.00090366734615905176 0.031681852694820455 -0.0022565966361629995 -0.00022486497556287567 0.020622147635859369 0.025684683686288096 0.021907610984931655 0.043019080505284808 -0.0016926155336060881 -0.0012455711948143999 0.011895012914621583 0.020673539433465667 0.01319930462275697 -0.0010649611083926669 0.031586570550731045 0.025973099663668703 -0.0014798940456344971 -0.001773946164316056
leaf_weight=143 60 143 399 61 114 429 186 79 94 455 135 85 194 326 169 149 173 70 122 71 318 360 94 539 71 231 121 244 96 63
leaf_count=143 60 143 399 61 114 429 186 79 94 455 135 85 194 326 169 149 173 70 122 71 318 360 94 539 71 231 121 244 96 63
internal_value=-0.00150888 -0.00664312 -0.00921699 0.0110526 -0.00491707 0.000257353 0.0125498 0.000494492 0.00111084 -0.000266497 0.00177318 0.005884 0.0084174 0.0108816 0.00697524 0.0110264 -0.00292286 -0.00165292 -0.00379915 0.00134021 -0.0107964 -0.00698394 0.0132544 0.00382889 -0.0118644 -0.0149 0.0159476 0.0169388 -0.00815261 0
internal_weight=5794 1623 1419 204 1020 675 246 4171 4028 3541 3015 1607 1363 1169 843 487 1408 1329 1165 674 491 431 164 708 526 345 243 338 244 148
internal_count=5794 1623 1419 204 1020 675 246 4171 4028 3541 3015 1607 1363 1169 843 487 1408 1329 1165 674 491 431 164 708 526 345 243 338 244 148
is_linear=0
shrinkage=0.035


Tree=9
num_leaves=31
num_cat=0
split_feature=49 126 11 49 222 160 270 30 261 220 6 261 163 19 221 31 214 93 200 49 213 77 183 163 256 270 215 80 71 222
split_gain=44.0288 60.6129 49.5187 44.978 51.9866 45.4424 35.1868 45.5522 62.0535 47.3263 40.6998 33.5637 31.8226 28.8434 33.7765 45.2139 31.2044 35.0819 28.5573 25.0147 24.7323 24.4737 23.3542 31.2035 32.8532 22.827 22.6856 22.0552 21.1839 20.8353
threshold=2419.5000000000005 829.50000000000011 81.696879081363235 3981.0000000000005 4.0826194174023165 0.040749996900558479 32.267089880019761 6112.5000000000009 528.02999877929699 40.982021467015947 18.143299391923605 556.51501464843761 0.79730519841773251 5322.5000000000009 25.924244806750789 -101.16931058110289 0.022899996489286426 587.50000000000011 -0.038100000470876687 3656.0000000000005 9.6469164730212373 0.19305000454187396 -0.79917898193715142 -1.0000000180025095e-35 63.604330446387387 44.533516004360109 -0.07339999824762343 -5.3431748343339462 836.50000000000011 3.5057718159519173
decision_type=2 2 2 2 2 2 2 2 2 2 2 2 2 2 2 2 2 2 2 2 2 2 2 2 2 2 2 2 2 2
left_child=6 2 3 5 -5 18 -1 8 9 13 12 20 22 -8 15 -15 -16 -18 -2 -3 -9 -6 -11 24 -24 29 -4 -28 -19 -10
right_child=1 19 26 4 21 -7 7 11 25 10 -12 -13 -14 14 16 -17 17 28 -20 -21 -22 -23 23 -25 -26 -27 27 -29 -30 -31
leaf_value=-0.0012150271084548532 -0.0016119587643249325 -0.0012195512592836383 6.2355241648606732e-05 0.025123183602380441 -0.00134643286241461 -0.001018637803853276 -0.0018280013594487812 0.0097703310634632504 -0.0012710467353574636 0.025382007321376337 -0.00087203898904348329 -0.00021699470141817615 -0.0014171949013166781 0.024785719757268013 -0.0013897686240624681 0.00011409298333502683 0.024750734890606075 0.024240656711624099 0.030727670702409723 -0.00057458245116465915 0.025299728218318433 0.014505625025631802 0.021415486466692876 0.026112418746265471 -0.0023383320415218574 -0.00077798298030567429 -0.0012022997301327722 -0.0011549539226828266 -0.0013986432380928904 0.029169810672538068
leaf_weight=143 81 267 103 60 210 62 79 91 63 125 238 149 64 94 426 364 184 74 304 160 233 61 183 689 308 415 178 137 187 62
leaf_count=143 81 267 103 60 210 62 79 91 63 125 238 149 64 94 426 364 184 74 304 160 233 61 183 689 308 415 178 137 187 62
internal_value=-0.0014606 -0.00634214 -0.00227311 0.00295019 -0.00677083 0.0101438 0.000444205 0.00105877 -0.000304775 0.00165728 0.00575372 0.0112029 0.00807496 -0.00302194 -0.00175787 0.00589633 -0.00579338 0.0007 0.0146282 -0.017581 0.0174468 -0.0133152 0.00927099 0.00767932 0.000917339 -0.0111743 -0.0119149 -0.0165156 -0.0075 0.00188462
internal_weight=5794 1623 1196 778 331 447 4171 4028 3555 3015 1607 473 1369 1408 1329 458 871 445 385 427 324 271 1305 1180 491 540 418 315 261 125
internal_count=5794 1623 1196 778 331 447 4171 4028 3555 3015 1607 473 1369 1408 1329 458 871 445 385 427 324 271 1305 1180 491 540 418 315 261 125
is_linear=0
shrinkage=0.035


Tree=10
num_leaves=31
num_cat=0
split_feature=49 8 223 104 71 13 270 30 261 220 260 6 260 183 13 11 19 221 53 214 93 48 93 223 247 13 2 148 170 137
split_gain=41.165 59.4472 49.9008 42.199 56.7483 42.4926 35.3274 45.2411 59.5939 46.3287 53.7087 37.0282 37.1594 34.7253 31.88 31.4705 28.988 33.3168 46.1523 30.442 35.0819 25.9202 24.5336 22.6364 21.6686 21.0985 20.3866 19.9983 23.921 18.7305
threshold=2419.5000000000005 -15.303317884634636 26.097261383822172 699.50000000000011 3375.5000000000005 32.750638817623503 32.267089880019761 6112.5000000000009 528.02999877929699 40.982021467015947 0.76286560327442166 18.143299391923605 0.40884675637623302 -0.79190115500962566 43.812207720579444 35.198766155557927 5322.5000000000009 25.924244806750789 -62.709696124117464 0.022899996489286426 587.50000000000011 45.600650787353523 428.00000000000006 8.5578435657175884 601.35998535156261 68.090300053340442 5761.0949707031259 471.50000000000006 0.0068000033497810372 1219.0000000000002
decision_type=2 2 2 2 2 2 2 2 2 2 2 2 2 2 2 2 2 2 2 2 2 2 2 2 2 2 2 2 2 2
left_child=6 3 -3 4 5 15 -1 8 9 16 11 12 13 -11 29 -2 -8 18 -18 27 26 -6 -15 24 -10 -22 -21 -19 -29 -9
right_child=1 2 -4 -5 21 -7 7 14 23 10 -12 -13 -14 22 -16 -17 17 19 -20 20 25 -23 -24 -25 -26 -27 -28 28 -30 -31
leaf_value=-0.001172501159658932 -0.0012547283186429821 0.029567773596506822 -0.0013787621327501793 -0.0011631976340111684 -0.00095022344815338456 -0.00054268359360637268 -0.0017640213118680721 0.020110472822228834 0.021467301524263759 0.023977172766816476 -0.0013181599331746406 -0.00084151762442695964 0.029659053194382445 -0.0022606124850402904 -0.00051849169663966527 0.034069660907401093 0.023920257794856604 -0.001560252744773837 8.9975535646411034e-05 -0.0032592854938795842 4.8641118189417526e-05 0.00016049290429894254 0.019796241474665043 -0.00096375225585033453 -0.0006695204832974028 -0.0031315853809830039 0.026660673625918164 -0.0018265539044068936 0.023454117959144691 0.025872201732839637
leaf_weight=143 61 143 61 514 226 396 79 249 88 135 244 194 326 169 95 160 95 149 363 60 165 62 539 292 160 96 124 171 106 129
leaf_count=143 61 143 61 514 226 396 79 249 88 135 244 194 326 169 95 160 95 149 363 60 165 62 539 292 160 96 124 171 106 129
internal_value=-0.00136403 -0.00608415 0.0113876 -0.00862711 -0.00403846 0.00196945 0.00047773 0.00109348 -0.000265449 0.00165728 0.0057103 0.0084174 0.0107624 0.00681014 0.0112029 0.0140929 -0.0029724 -0.0017054 0.00589633 -0.00571347 0.0007 -0.0167235 0.00363254 -0.0109174 -0.00304348 -0.0075 0.0122222 -0.0123434 -0.00657801 0.015718
internal_weight=5794 1623 204 1419 905 617 4171 4028 3555 3015 1607 1363 1169 843 473 221 1408 1329 458 871 445 288 708 540 248 261 184 426 277 378
internal_count=5794 1623 204 1419 905 617 4171 4028 3555 3015 1607 1363 1169 843 473 221 1408 1329 458 871 445 288 708 540 248 261 184 426 277 378
is_linear=0
shrinkage=0.035


Tree=11
num_leaves=31
num_cat=0
split_feature=49 8 223 126 71 13 13 270 30 261 220 260 6 260 183 261 71 221 41 93 163 63 270 13 33 183 213 93 261 48
split_gain=37.0749 55.204 48.6425 43.7508 44.1293 45.8555 37.4056 33.229 43.1113 65.2509 44.7549 53.7087 35.1785 37.6124 32.9274 32.1517 27.684 26.3388 36.8811 67.3233 35.2302 29.3965 25.7468 25.6566 24.3268 32.337 23.3942 22.8365 22.0245 21.441
threshold=2419.5000000000005 -15.303317884634636 26.097261383822172 572.50000000000011 3375.5000000000005 31.591934084360798 25.546936265185792 32.267089880019761 6112.5000000000009 528.02999877929699 40.982021467015947 0.76286560327442166 18.143299391923605 0.40884675637623302 -0.79190115500962566 556.51501464843761 1722.5000000000002 25.924244806750789 5802.5000000000009 558.50000000000011 -0.26116983251625464 5672.5000000000009 44.533516004360109 82.937596087455219 0.54135000705719005 -0.70033306328136735 9.6469164730212373 428.00000000000006 530.56500244140636 45.027599334716804
decision_type=2 2 2 2 2 2 2 2 2 2 2 2 2 2 2 2 2 2 2 2 2 2 2 2 2 2 2 2 2 2
left_child=7 3 -3 4 5 6 -2 -1 9 10 17 12 13 14 -12 26 -7 20 21 -20 23 24 -11 -9 25 -19 -10 -16 -18 -6
right_child=1 2 -4 -5 29 16 -8 8 15 22 11 -13 -14 -15 27 -17 28 18 19 -21 -22 -23 -24 -25 -26 -27 -28 -29 -30 -31
leaf_value=-0.0011314636190708689 -0.001054035375694206 0.028532901520629081 -0.0013305054581039212 -0.0010571496418445014 -0.00088062811737691293 -0.0010485071676853647 0.03616900000853332 -0.0017115699693170004 0.008724502927464026 0.0001265305527126326 0.0231379717199779 -0.0012720243355135285 -0.0008120645075720157 0.028620986332579066 -0.0021814910480638808 -0.00021181414733590422 -0.0016867492545295968 -0.0012182626552552519 0.025986874566811823 -0.0010794957912291924 0.02361799233064105 -0.0024145417441414755 -0.00081056722740197712 0.020333219367540512 -0.0032567808698919037 0.025947094240787043 0.023710371181899281 0.019103373023051769 0.025479225214346812 0.0002527777615693153
leaf_weight=143 78 143 61 556 206 232 111 148 91 125 135 244 194 326 169 149 82 129 159 328 240 109 415 112 78 105 233 539 94 60
leaf_count=143 78 143 61 556 206 232 111 148 91 125 135 244 194 326 169 149 82 129 159 328 240 109 415 112 78 105 233 539 94 60
internal_value=-0.00130367 -0.00578317 0.0110526 -0.00823385 -0.00326613 0.00203488 0.0160567 0.000444205 0.00104141 -0.000285112 0.00172682 0.0057103 0.0084174 0.0107027 0.00672759 0.01091 -0.00457627 -0.00282378 -0.00636364 0.000213415 0.00360396 -0.013885 -0.0114312 -0.00528302 -0.00817035 -0.0023431 0.0170213 0.00363254 0.0058011 -0.0149815
internal_weight=5794 1623 204 1419 863 597 189 4171 4028 3555 3015 1607 1363 1169 843 473 408 1408 908 487 500 421 540 260 312 234 324 708 176 266
internal_count=5794 1623 204 1419 863 597 189 4171 4028 3555 3015 1607 1363 1169 843 473 408 1408 908 487 500 421 540 260 312 234 324 708 176 266
is_linear=0
shrinkage=0.035


Tree=12
num_leaves=31
num_cat=0
split_feature=49 8 223 126 71 13 274 183 13 19 261 220 6 30 270 78 41 148 59 11 183 163 256 19 13 200 126 48 114 258
split_gain=37.0902 57.7873 45.7845 41.8335 41.456 47.8151 40.2009 40.7696 37.4056 29.2066 33.1042 35.6494 35.5616 35.2089 37.3946 31.3694 43.3436 49.7402 46.6507 27.8141 26.8429 30.0977 24.9444 24.7456 23.257 22.0821 21.8235 20.8446 19.79 20.4305
threshold=2499.0000000000005 -15.303317884634636 26.097261383822172 572.50000000000011 3375.5000000000005 31.591934084360798 0.91135281494869202 0.92585001803694456 25.546936265185792 5272.5000000000009 524.14501953125011 40.982021467015947 18.143299391923605 6072.5000000000009 33.62510740045024 24.25191312736963 5802.5000000000009 566.50000000000011 30.678899765014652 53.781742494035903 -0.79917898193715142 -0.044723309590878689 63.81114196994529 6277.5000000000009 36.279535177659092 -0.063299994915723787 595.50000000000011 45.027599334716804 39.997549057006843 0.013699986040592195
decision_type=2 2 2 2 2 2 2 2 2 2 2 2 2 2 2 2 2 2 2 2 2 2 2 2 2 2 2 2 2 2
left_child=6 3 -3 4 5 8 7 9 -2 -1 11 15 20 -12 -15 16 18 -18 -11 -17 -13 22 -22 -16 -25 -7 -23 -6 29 -19
right_child=1 2 -4 -5 27 25 -8 -9 -10 10 13 12 -14 14 23 19 17 28 -20 -21 21 26 -24 24 -26 -27 -28 -29 -30 -31
leaf_value=-0.0019428266859317402 -0.0010171441375449106 0.027534249967407061 -0.0012839377670702857 -0.0010791219594877433 -0.00084980613326872216 0.023458047658796853 -0.0019619716224983392 0.025815175494043368 0.034903085008234649 0.014013399938220669 -0.00072124143848837068 0.023150705208368601 -0.0007888115537085503 -0.00083934505534124799 0.020280562588143956 0.022256419040464187 -0.00091514086899796739 -0.0032051345281328626 -0.0016471614648815105 0.0012318397507380626 0.017768569646027969 0.020327329455248025 -0.0025452916183252741 0.020574322187307068 -0.0011028822267938289 -0.0010184231633044 0.028354836929978134 0.00024393053991439014 0.02697267958764716 0.026074222202848319
leaf_weight=75 78 143 61 543 206 84 84 111 111 199 648 122 208 124 272 69 249 83 291 97 154 447 277 82 73 300 235 60 215 93
leaf_count=75 78 143 61 543 206 84 84 111 111 199 648 122 208 124 272 69 249 83 291 97 154 447 277 82 73 300 235 60 215 93
internal_value=-0.00125539 -0.00580767 0.0113876 -0.00837779 -0.00344194 0.00187716 0.000465227 0.000966336 0.0160567 0.000374564 0.000798884 0.00292092 0.00669544 -0.0040407 0.00245504 -0.00129131 -0.00339207 0.00260465 -0.0111717 0.0126901 0.00894758 0.00716905 -8.02752e-05 0.00737269 -0.00371875 -0.00521851 0.0117176 -0.0147232 0.0103409 0.00154696
internal_weight=5794 1586 204 1382 839 573 4208 4124 189 4013 3938 2739 1443 1199 551 1296 1130 640 490 166 1235 1113 431 427 155 384 682 266 391 176
internal_count=5794 1586 204 1382 839 573 4208 4124 189 4013 3938 2739 1443 1199 551 1296 1130 640 490 166 1235 1113 431 427 155 384 682 266 391 176
is_linear=0
shrinkage=0.035


Tree=13
num_leaves=31
num_cat=0
split_feature=260 4 224 115 150 99 6 151 71 270 71 219 88 183 33 261 22 126 2 10 260 129 8 270 270 19 270 148 71 220
split_gain=42.821 46.078 41.8929 41.9253 38.1943 58.3325 39.2729 39.845 36.828 31.8677 35.1813 30.5809 45.9668 30.4929 28.2791 29.756 28.5179 27.6108 29.2493 27.3737 26.9931 31.2328 25.1519 24.5483 35.0191 28.0284 33.8763 42.397 37.5067 25.231
threshold=0.87773940840369258 2.1842026062410906 0.38438504161281478 1155.0000000000002 0.055799998342990882 0.33124999701976782 20.708265215662149 0.10710000060498716 2163.5000000000005 110.8571835782539 2129.0000000000005 -39.058575274187696 0.37045000493526464 -0.71409692245296419 0.16995000094175342 528.02999877929699 0.18644999712705615 253.50000000000003 6054.9201660156259 41.87688420701604 0.11529862424278024 6157.5000000000009 -56.934162680551957 96.719045843713602 86.353496060854937 5797.5000000000009 59.845688730939393 368.50000000000006 679.00000000000011 16.535046929518671
decision_type=2 2 2 2 2 2 2 2 2 2 2 2 2 2 2 2 2 2 2 2 2 2 2 2 2 2 2 2 2 2
left_child=2 -2 3 9 6 17 7 -4 13 10 23 -7 -13 -9 -15 16 -16 18 -6 -17 -5 -22 -23 24 25 29 28 -28 -27 -1
right_child=1 -3 4 20 5 11 -8 8 -10 -11 -12 12 -14 14 15 19 -18 -19 -20 -21 21 22 -24 -25 -26 26 27 -29 -30 -31
leaf_value=0.019487465524884787 0.0002366383627190544 -0.0015768037607761423 -0.00056617000356391312 -0.0011616995288982249 -0.00071667885597130783 0.02786573815294182 -0.0013184288605628037 0.02245118931144444 0.024592099491528064 -0.0012165851749852473 -0.0013789725134677063 0.027003380233012821 -0.003060414067953209 0.018401383153916529 0.02796791496218148 0.024337723295805042 -0.00017608716620330978 -0.00095006413703728379 0.037875941682462409 -0.0012131523814334184 -0.00095338578419637229 -0.00065974109544538926 0.029462928011098028 0.027630470279058177 -0.0018042979358645207 -0.0018345309551594526 -0.0023561771909499491 0.026922232992654917 0.015266251321848235 -0.0022223151436215364
leaf_weight=61 137 168 66 276 135 124 200 100 481 534 130 63 78 181 174 60 454 577 68 179 382 122 102 143 74 67 67 293 172 126
leaf_count=61 137 168 66 276 135 124 200 100 481 534 130 63 78 181 174 60 454 577 68 179 382 122 102 143 74 67 67 293 172 126
internal_value=-0.00123125 -0.0138871 -0.000516017 -0.00379601 0.00232937 -0.00303333 0.00528684 0.00702059 0.00811812 -0.000523325 0.00279877 0.0110185 -0.000239726 0.00467476 0.0028585 0.000200688 0.00420221 -0.00784713 0.00319712 -0.0101844 -0.00994363 -0.00572831 0.00458515 0.00503472 0.00275145 0.00495575 0.00863411 0.0153425 -0.00157787 -0.00674479
internal_weight=5794 305 5489 2549 2940 1045 1895 1695 1629 1667 1133 265 141 1148 1048 867 628 780 203 239 882 606 224 1003 860 786 599 360 239 187
internal_count=5794 305 5489 2549 2940 1045 1895 1695 1629 1667 1133 265 141 1148 1048 867 628 780 203 239 882 606 224 1003 860 786 599 360 239 187
is_linear=0
shrinkage=0.035


Tree=14
num_leaves=31
num_cat=0
split_feature=49 219 126 223 224 13 270 153 81 71 260 59 49 41 60 60 173 19 30 271 217 153 256 13 71 19 19 204 4 11
split_gain=44.0015 50.9121 41.8358 38.5869 38.3932 43.421 42.6811 42.1982 35.2519 32.3137 33.2923 29.8666 31.4213 30.1006 27.954 28.9597 28.545 28.0922 24.4327 22.363 20.5809 19.7217 29.575 33.5401 45.4673 30.847 35.2153 28.6858 20.3885 19.7107
threshold=2419.5000000000005 -7.2123422667392356 895.00000000000011 18.333964187760433 0.99999999998242939 22.055444070330442 56.797543653050774 0.35491491215988241 40.812999725341804 3983.5000000000005 0.76286560327442166 30.08599948883057 482.50000000000006 5927.5000000000009 5955.5000000000009 2585.5000000000005 -0.5149280623148087 6407.5000000000009 6247.5000000000009 6.7777058441432176 22.230444098687226 0.32540883079204391 62.845756224765417 72.467280852658561 750.50000000000011 6077.5000000000009 6142.5000000000009 0.069767441994486243 -18.713624191193563 115.43374345739015
decision_type=2 2 2 2 2 2 2 2 2 2 2 2 2 2 2 2 2 2 2 2 2 2 2 2 2 2 2 2 2 2
left_child=8 2 4 -3 5 -2 -7 -8 9 10 11 19 -13 -14 15 17 -17 18 21 -1 -5 22 25 29 -25 -10 -27 -23 -28 -24
right_child=1 3 -4 20 -6 6 7 -9 14 -11 -12 12 13 -15 -16 16 -18 -19 -20 -21 -22 27 23 24 -26 26 28 -29 -30 -31
leaf_value=-0.0011071207957405564 -0.0016264749540789224 0.026884595627916192 -0.001089556891443923 0.011964821376252349 -0.0011959126803624709 0.024286295260681687 0.023181491782613098 -0.0010972007590442441 0.022655921502174818 0.026498644167059424 -0.0021801860353339421 -0.0020581170820742796 0.018631574950378999 -0.00151843013564066 0.021017583296952715 0.016383337263956899 -0.0021083898922527856 -0.0011545184149254523 0.024364945255240383 0.018656906941959935 -0.0015326012997883866 -0.0010166376180668726 -0.0025242064333796514 -0.00070392549904388206 0.02262322403640777 -0.00079193807112040281 -0.000637606406960021 0.018984110323504354 0.023016115664123968 -0.00040026693386345952
leaf_weight=336 156 112 357 97 183 223 144 287 431 94 167 185 234 292 67 79 156 61 80 473 64 317 85 272 205 88 80 304 83 82
leaf_count=336 156 112 357 97 183 223 144 287 431 94 167 185 234 292 67 79 156 61 80 473 64 317 85 272 205 88 80 304 83 82
internal_value=-0.0013761 -0.00625614 -0.00904059 0.00742806 -0.00529559 -0.00197546 0.00201821 -0.00441514 0.000528017 -0.00319429 -0.00432329 -0.0026623 -0.00787011 -0.0034275 0.00330271 0.00263101 -0.00889583 0.00394649 0.00466781 0.00193489 -0.00358434 0.00385502 0.00625845 0.000862866 0.00559129 0.01131 0.00150391 -0.00128594 0.0110417 -0.0124128
internal_weight=5794 1623 1350 273 993 810 654 431 4171 1781 1687 1520 711 526 2390 2323 235 2088 2027 809 161 1947 1326 644 477 682 251 621 163 167
internal_count=5794 1623 1350 273 993 810 654 431 4171 1781 1687 1520 711 526 2390 2323 235 2088 2027 809 161 1947 1326 644 477 682 251 621 163 167
is_linear=0
shrinkage=0.035


Tree=15
num_leaves=31
num_cat=0
split_feature=49 8 6 150 108 126 260 183 193 189 148 256 274 8 288 137 222 126 222 137 148 48 69 260 256 148 132 82 184 126
split_gain=43.6347 62.1286 47.3274 39.9339 34.897 34.1835 32.8129 63.5505 31.1336 30.3055 35.0786 44.6767 34.6672 42.8796 41.2164 31.3967 27.0742 26.0185 24.3088 24.2531 23.8947 24.5516 21.4952 21.2795 20.9863 25.2386 20.8621 24.5389 20.1411 20.1063
threshold=2419.5000000000005 -15.303317884634636 18.814303239004754 0.03189999237656594 -16.154394792450287 204.00000000000003 0.78599164927552878 0.88326967150456048 0.95148620121831817 14.332706939071437 530.50000000000011 60.07120134308682 -0.41068652201404676 -73.757294125613711 1.0000000180025095e-35 1345.0000000000002 19.443436924280352 1314.0000000000002 5.1945547317983136 2536.5000000000005 1054.5000000000002 33.74855041503907 -3.8689406430750908 0.39413396968131825 41.92864140929953 180.50000000000003 0.3481499999761582 1364.5000000000002 0.040922367007168996 1309.5000000000002
decision_type=2 2 2 2 2 2 2 2 2 2 2 2 2 2 2 2 2 2 2 2 2 2 2 2 2 2 2 2 2 2
left_child=6 3 -3 -2 -5 -6 7 9 -8 10 12 16 -1 14 -14 22 17 -12 -7 -17 -19 -22 23 24 25 -15 27 29 -20 -13
right_child=1 2 -4 4 5 18 8 -9 -10 -11 11 26 13 15 -16 19 -18 20 28 -21 21 -23 -24 -25 -26 -27 -28 -29 -30 -31
leaf_value=-0.002754734069860142 -0.0012931274713792753 0.02460841978020482 -0.0020713069519835091 -0.0011275886183582922 0.0189201040952429 -0.0012869681475955849 -0.0020909943356670589 0.027125811525150357 0.010645234928577356 -0.0013546608905557827 0.021621683634788322 -0.0017999948245517637 0.020752205534855638 0.019406289630494507 -0.0012474908478421144 0.023738796967396104 0.025378523387454319 -0.0018063444655065054 0.00047112636723292082 -0.0016050855068414417 -0.0014842693136910019 0.02927846968334568 0.0035463061518647013 -0.00041953746868818092 -0.0025811818216297747 -0.00098237181763853923 0.016454505577416123 -0.0016168570796683858 -0.0011111990934949583 0.021107214878615048
leaf_weight=85 367 140 64 402 207 122 204 105 104 476 286 162 353 62 185 144 196 103 217 67 60 65 112 192 147 166 497 312 104 88
leaf_count=85 367 140 64 402 207 122 204 105 104 476 286 162 353 62 185 144 196 103 217 67 60 65 112 192 147 166 497 312 104 88
internal_value=-0.00195551 -0.00681511 0.0110526 -0.00941362 -0.00589404 -0.000854962 -5.86686e-05 0.000823423 -0.0109585 5.58065e-05 0.00125646 0.00459696 -0.00265152 -0.00131891 0.00644567 -0.00602235 0.0113566 0.00701349 -0.00632813 0.0056713 -0.00180258 0.00834615 -0.00967105 -0.0124213 -0.0172237 -0.0102146 3.28947e-05 -0.0045679 -0.00118098 0.00356863
internal_weight=5794 1623 204 1419 1052 650 4171 3863 308 3758 3282 1769 1513 1428 538 890 710 514 443 211 228 125 679 567 375 228 1059 562 321 250
internal_count=5794 1623 204 1419 1052 650 4171 3863 308 3758 3282 1769 1513 1428 538 890 710 514 443 211 228 125 679 567 375 228 1059 562 321 250
is_linear=0
shrinkage=0.035


Tree=16
num_leaves=31
num_cat=0
split_feature=260 183 49 8 6 148 272 261 148 215 7 6 30 82 183 11 270 175 256 260 242 260 153 242 10 93 49 63 114 114
split_gain=39.3833 53.142 46.337 53.2524 40.0964 35.8544 34.1028 41.1916 42.7873 37.2101 32.4645 34.7996 32.3811 31.724 34.0679 30.3288 28.6626 40.849 23.7346 23.2693 23.251 28.8985 23.5945 22.6544 22.4798 18.8295 36.0855 19.434 18.171 18.1695
threshold=0.78599164927552878 0.85650360867116848 2499.0000000000005 -15.303317884634636 15.522571699724255 39.500000000000007 0.01514999568462372 528.02999877929699 1187.5000000000002 -0.040450002998113625 -97.154502660734749 18.143299391923605 6272.5000000000009 312.00000000000006 -0.81737947394084964 82.0998122002499 117.73877589090189 0.014708193233861694 26.151304920131171 0.14999808830095793 31.317579641999689 0.12953451622575832 0.11198864095711501 36.870166533696732 118.40622242916631 810.00000000000011 996.50000000000011 5757.5000000000009 34.724349975585945 35.948949813842781
decision_type=2 2 2 2 2 2 2 2 2 2 2 2 2 2 2 2 2 2 2 2 2 2 2 2 2 2 2 2 2 2
left_child=1 2 6 -4 -5 15 16 10 9 -9 25 13 -3 -12 -15 -2 17 -1 19 -19 -20 22 -22 -11 -17 26 27 29 -18 -8
right_child=5 12 3 4 -6 -7 7 8 -10 23 11 -13 -14 14 -16 24 28 18 20 -21 21 -23 -24 -25 -26 -27 -28 -29 -30 -31
leaf_value=0.027519435342014894 0.021368295450354551 0.023867045486460289 -0.00091010560446582627 0.025165499018768779 -0.0014667868576211567 -0.0014427056213391297 0.017966964921272151 -0.0009753261748259971 0.021140172843563221 0.017258218826753276 0.026211977182939165 -0.0011965822644066139 -0.00045840909649784244 0.020697270397153876 0.015392634011372789 -0.0022948613343239692 -0.0015640029987414462 -0.0021643401078038724 0.021203616439820709 2.6096712748912014e-05 -0.001194316926894187 -0.002221974543296363 0.023467285634423348 -0.0010323567908194359 0.013576889333608603 -0.0025222208664482308 0.027458980744281419 0.016770849938697003 -0.0017347798153103063 -0.0026328366459241839
leaf_weight=76 85 197 1064 75 68 296 62 346 123 177 133 137 98 81 1132 72 103 104 81 67 162 118 88 61 66 151 80 129 211 151
leaf_count=76 85 197 1064 75 68 296 62 346 123 177 133 137 98 81 1132 72 103 104 81 67 162 118 88 61 66 151 80 129 211 151
internal_value=-0.00226936 -0.0013589 -0.00221866 -0.00817244 0.0115878 -0.0114218 -0.000305717 0.00170701 -0.00555478 -0.00950764 0.00421155 0.00693884 0.01295 0.00865285 0.00681034 -0.000767544 -0.0057931 -0.00179743 -0.004816 -0.0157102 -0.000539648 -0.00431635 0.00247059 0.00115226 -0.0107692 -0.00284602 0.000983607 -0.00403458 -0.0144828 -0.0104358
internal_weight=5794 5275 4980 1207 143 519 3773 2763 707 584 2056 1483 295 1346 1213 223 1010 696 620 171 449 368 250 238 138 573 422 342 314 213
internal_count=5794 5275 4980 1207 143 519 3773 2763 707 584 2056 1483 295 1346 1213 223 1010 696 620 171 449 368 250 238 138 573 422 342 314 213
is_linear=0
shrinkage=0.035


Tree=17
num_leaves=31
num_cat=0
split_feature=260 126 261 256 260 148 41 6 30 30 11 148 150 256 256 60 173 55 8 8 225 82 2 11 27 13 58 60 232 2
split_gain=40.6474 43.4747 44.0067 49.6068 48.665 55.9413 40.57 39.9211 35.6715 48.1157 34.8483 34.6467 34.4144 31.6145 32.5383 31.5803 32.539 31.2948 30.4 33.1165 28.3646 31.5341 38.2119 28.1966 28.8762 26.6597 51.0915 26.5233 26.4225 26.0219
threshold=0.78599164927552878 75.500000000000014 523.70999145507824 12.524700469182035 0.38379756736703491 491.00000000000006 5787.5000000000009 24.778227723627456 6152.5000000000009 6362.5000000000009 46.191742033562655 39.500000000000007 0.037000004202127464 39.93875066610255 23.692617398054136 1637.5000000000002 0.54286456875499745 0.32885000109672552 -74.213210993448797 -122.32015141134603 0.12127013564152668 1078.5000000000002 5888.6601562500009 79.129539368881083 1042.5000000000002 31.317579641999689 -7.2385446892690597 1464.0000000000002 15.851979003443374 6256.9748535156259
decision_type=2 2 2 2 2 2 2 2 2 2 2 2 2 2 2 2 2 2 2 2 2 2 2 2 2 2 2 2 2 2
left_child=1 28 4 10 5 12 17 -6 15 13 -4 23 -3 14 29 16 -5 -7 19 -14 21 -8 -23 -2 -25 -16 -27 -19 -1 -10
right_child=11 2 3 8 7 6 20 -9 9 -11 -12 -13 18 -15 25 -17 -18 27 -20 -21 -22 22 -24 24 -26 26 -28 -29 -30 -31
leaf_value=0.022868677391485247 0.025168419806144721 -0.0018950326855082019 0.024691773748430443 -0.0004710545856642146 0.02215337881032511 -0.0020374041900364471 0.022872013827880719 -0.0021421596415900856 -0.0016723241953021969 -0.0021174375657491583 -0.001329900956668152 -0.001392210924592262 -0.0016156830494784005 -0.00054199998944702565 0.022476553545500738 -0.0013275862297103026 -0.001078331245856985 -0.00077118932564277157 -0.0018470536630695437 0.021627169581406622 0.021711163613647562 0.021153179917151869 -0.0035590539503612072 0.012052317765617111 -0.0017733450896893559 -0.0026684221231188863 0.016955471442880544 0.017570114073236508 -0.0026051699533800863 0.0026509653469326397
leaf_weight=167 74 328 72 543 488 234 164 68 66 92 65 296 138 146 197 281 246 291 234 154 402 102 195 73 76 117 122 183 70 110
leaf_count=167 74 328 72 543 488 234 164 68 66 92 65 296 138 146 197 281 246 291 234 154 402 102 195 73 76 117 122 183 70 110
internal_value=-0.00225729 -0.00133239 -0.00202657 -0.00595781 0.000691561 -0.00145473 0.0024651 0.00998217 -0.00741818 -0.00204678 0.0140493 -0.0115553 -0.00863795 0.000917431 0.00442464 -0.0116558 -0.00797859 -0.00373072 -0.00303202 0.00447811 0.00754032 0.00157725 -0.00521523 -0.00107456 -0.00977273 0.00952381 0.00157787 0.00146138 0.0131612 -0.00812155
internal_weight=5794 5275 5038 2057 2981 2425 1571 556 1920 850 137 519 854 758 612 1070 789 708 526 292 863 461 297 223 149 436 239 474 237 176
internal_count=5794 5275 5038 2057 2981 2425 1571 556 1920 850 137 519 854 758 612 1070 789 708 526 292 863 461 297 223 149 436 239 474 237 176
is_linear=0
shrinkage=0.035


Tree=18
num_leaves=31
num_cat=0
split_feature=49 8 223 126 38 104 260 183 272 189 126 173 193 274 104 193 154 104 225 27 27 183 153 49 115 49 13 93 256 214
split_gain=44.9845 63.0591 51.5835 39.1584 40.3616 37.3033 31.9468 62.3137 30.9114 31.5979 36.9389 29.7153 28.0633 27.8748 31.7071 26.9624 28.0981 24.3403 22.5145 18.9013 25.019 24.713 24.4406 23.9983 20.21 19.445 36.2564 31.7903 27.1448 18.7568
threshold=2419.5000000000005 -15.303317884634636 26.097261383822172 829.50000000000011 215.50000000000003 111.50000000000001 0.78599164927552878 0.88326967150456048 0.01514999568462372 14.197531656554903 2194.5000000000005 0.96141956166964548 0.95509914907001459 0.26083605337918747 509.00000000000006 0.7711571699911397 -0.1521739116069859 1880.0000000000002 0.14638650118103719 922.00000000000011 2525.5000000000005 -0.59149847784387677 0.54760317552235938 826.50000000000011 337.50000000000006 1573.5000000000002 31.638909773837419 810.00000000000011 51.637779941732312 0.030899997800588611
decision_type=2 2 2 2 2 2 2 2 2 2 2 2 2 2 2 2 2 2 2 2 2 2 2 2 2 2 2 2 2 2
left_child=6 3 -3 4 -2 -6 7 8 -1 10 17 12 -8 14 -7 -15 -17 19 -16 23 21 -21 -22 24 -10 26 29 -28 -27 -23
right_child=1 2 -4 -5 5 13 11 -9 9 -11 -12 -13 -14 15 18 16 -18 -19 -20 20 22 25 -24 -25 -26 28 27 -29 -30 -31
leaf_value=-0.00087336720631730157 -0.0013522116578477269 0.022313393530430201 -0.0017681635783739721 -0.00096216198433278337 0.027678549153745534 -0.00097123017638094393 -0.0023555195875579506 0.025432242478112287 -0.0019290030168018521 -0.001228824125283229 0.025303913262520933 0.016260994762493146 0.0018098713605216668 -0.0014363813411494848 -0.00046374972681082876 0.018081224947365322 -0.0019079394417830524 0.017131861943311379 0.034693522982844248 -0.0039880373426268104 0.022287996174583481 0.025185978603192535 -0.00037659884785309298 0.018730185215388412 0.016514864157169594 -0.0018535386100937364 0.017685374880054769 -0.0012051405332762488 0.010008640079430215 0.013060233116434981
leaf_weight=1000 157 143 61 399 62 135 175 105 214 415 235 61 72 244 72 115 128 221 107 65 106 61 143 237 150 209 247 291 102 62
leaf_count=1000 157 143 61 399 62 135 175 105 214 415 235 61 72 244 72 115 128 221 107 65 106 61 143 237 150 209 247 291 102 62
internal_value=-0.00235385 -0.00728808 0.0107177 -0.0099052 -0.00621463 -0.00318548 -0.000427443 0.000443382 -0.000316237 0.00159609 0.00317504 -0.0111821 -0.0165278 -0.00525434 0.00285266 -0.0104573 -0.00211694 0.00168954 0.0123641 0.000388478 -0.0020062 -0.00440019 0.00785433 0.0054868 -0.000189702 -0.00293756 0.000472973 -0.00348066 -0.0100791 0.0172266
internal_weight=5794 1623 204 1419 1020 863 4171 3863 3758 2758 2343 308 247 801 314 487 243 2108 179 1887 1286 1037 249 601 364 972 661 538 311 123
internal_count=5794 1623 204 1419 1020 863 4171 3863 3758 2758 2343 308 247 801 314 487 243 2108 179 1887 1286 1037 249 601 364 972 661 538 311 123
is_linear=0
shrinkage=0.035


Tree=19
num_leaves=31
num_cat=0
split_feature=49 8 223 126 38 104 274 272 261 19 2 6 9 11 115 274 104 163 92 256 270 175 225 27 158 27 171 49 256 256
split_gain=47.4944 64.2611 51.5835 36.721 45.008 37.3424 30.1066 32.04 29.0001 38.3407 32.7301 30.8775 44.8118 29.1908 28.6529 28.1605 31.9291 27.2374 29.8763 24.5429 23.6375 38.584 22.5145 22.1119 21.675 19.4229 36.5324 18.6532 19.1207 20.7036
threshold=2419.5000000000005 -15.303317884634636 26.097261383822172 843.50000000000011 220.00000000000003 111.50000000000001 0.91135281494869202 0.01514999568462372 526.94500732421886 6092.5000000000009 6378.0800781250009 18.143299391923605 40.577439117209167 77.502794207871545 1046.0000000000002 0.26083605337918747 509.00000000000006 0.71856563445915922 50.657299041748054 91.726292879848543 117.73877589090189 0.014708193233861694 0.14638650118103719 996.00000000000011 -0.0044999942183494559 983.50000000000011 0.19122499972581866 2143.0000000000005 26.151304920131171 30.690137983163883
decision_type=2 2 2 2 2 2 2 2 2 2 2 2 2 2 2 2 2 2 2 2 2 2 2 2 2 2 2 2 2 2
left_child=6 3 -3 4 -2 -6 7 20 11 -10 -11 12 13 14 -9 16 -7 -17 -19 23 21 -1 -18 -15 -14 -26 -27 28 -23 -30
right_child=1 2 -4 -5 5 15 -8 8 9 10 -12 -13 24 19 -16 17 22 18 -20 -21 -22 27 -24 -25 25 26 -28 -29 29 -31
leaf_value=0.026050203594016497 -0.0012021180923216541 0.021532424756865141 -0.0017062778531308838 -0.00098554190425218457 0.026709799933364434 -0.00078351173358316543 -0.0024022919894006512 0.016104859550326298 -0.00092004055013112046 0.015262994655933212 -0.0013035470755939117 -0.0013786869254812407 0.020585943571016334 0.020815159982901853 -0.0031663464148361884 -0.0018214236451127338 -0.00044751848637244909 0.02982992050933838 -0.001642873674125191 -0.0036408407097822779 -0.0015391255922329497 -0.0019916942078168471 0.033479249678444699 -0.0035468690701994129 0.016683394838856461 0.022701209935113254 -0.0028429556966353842 0.013784545537065351 0.021716310798565237 -0.00087373268831614703
leaf_weight=77 176 143 61 391 62 142 67 497 417 326 61 176 455 74 149 273 72 105 91 106 325 144 107 65 283 107 339 63 70 370
leaf_count=77 176 143 61 391 62 142 67 497 417 326 61 176 455 74 149 273 72 105 91 106 325 144 107 65 283 107 339 63 70 370
internal_value=-0.00239007 -0.00746007 0.0107177 -0.0101018 -0.00657309 -0.00318553 -0.00041068 -1.70358e-05 0.00179575 -0.0038937 0.00401786 0.003832 0.00503125 -0.000898438 0.00301075 -0.00528302 0.00268405 -0.0107068 -0.000696517 -0.01106 -0.00527989 -0.0017284 0.0123641 -0.00121528 0.00947855 0.00567439 0.00108647 -0.00456288 -0.0065365 -0.00283146
internal_weight=5794 1623 204 1419 1028 852 4171 4104 3055 804 387 2251 2075 891 646 790 321 469 196 245 1049 724 179 139 1184 729 446 647 584 440
internal_count=5794 1623 204 1419 1028 852 4171 4104 3055 804 387 2251 2075 891 646 790 321 469 196 245 1049 724 179 139 1184 729 446 647 584 440
is_linear=0
shrinkage=0.035


Tree=20
num_leaves=31
num_cat=0
split_feature=260 183 261 256 71 52 60 126 11 11 82 270 71 13 48 260 148 270 6 224 104 260 93 141 104 93 222 274 92 274
split_gain=37.9399 54.5264 49.4143 54.7315 55.9265 35.7525 45.2851 46.8677 35.2069 34.8483 33.408 32.7337 51.9281 46.7878 31.9584 30.7479 45.0198 58.1888 38.192 37.8644 28.3805 28.1171 28.0751 27.6722 28.6014 25.2946 24.3059 30.7893 23.6691 23.308
threshold=0.78599164927552878 0.85650360867116848 525.66998291015636 12.524700469182035 2915.5000000000005 6162.5000000000009 1651.5000000000002 222.00000000000003 78.780106725553722 46.191742033562655 107.50000000000001 39.987350473716212 1384.5000000000002 36.26180333060578 31.147549629211429 0.35305389139934329 491.00000000000006 117.59517811630604 18.143299391923605 0.99999999999256939 1366.0000000000002 -0.56951071543116083 1775.5000000000002 28.792725327640991 454.50000000000006 1494.5000000000002 6.2315166155225175 0.46821270051187797 41.87395095825196 0.17632351058580839
decision_type=2 2 2 2 2 2 2 2 2 2 2 2 2 2 2 2 2 2 2 2 2 2 2 2 2 2 2 2 2 2
left_child=1 2 15 9 5 6 7 -5 10 -4 -2 -7 -13 26 -3 16 20 18 21 23 -1 -18 25 -17 -25 29 27 -14 -21 -9
right_child=8 14 3 4 -6 11 -8 22 -10 -11 -12 12 13 -15 -16 19 17 -19 -20 28 -22 -23 -24 24 -26 -27 -28 -29 -30 -31
leaf_value=-0.00090634583632683854 0.025670862641219129 -0.00033482178886421577 0.02313202300320728 -0.0014184073399857234 -0.0010202796069472126 -0.0021140526747886125 -0.0014197069183402352 0.017108386300833514 -0.0013670675899203795 -0.0011617489730820947 -0.0014784100997166747 0.021660686384023631 -0.0041135394493175687 -0.0010264929766838514 0.021624894675472486 0.024369165549800145 0.020067037525856084 -0.0011405104085427603 -0.0018609376773460553 -0.0044312384390980666 -0.0018284367648074261 0.014888727006138773 -0.0021501990655075588 0.023930421109440894 -0.0025186482969441143 0.036354833123224156 0.019848115921709503 0.020253555567398315 0.0090744188572901823 -0.00092079029701760354
leaf_weight=715 60 68 72 135 377 163 188 156 399 65 60 128 89 104 227 145 202 435 64 77 170 916 92 162 162 61 71 66 60 105
leaf_count=715 60 68 72 135 377 163 188 156 399 65 60 128 89 104 227 145 202 435 64 77 170 916 92 162 162 61 71 66 60 105
internal_value=-0.00243835 -0.00154451 -0.00241525 -0.00689931 -0.00858908 -0.00523844 -0.0104245 -0.00524368 -0.0114218 0.0140493 0.00504 0.000950479 0.00574514 -0.00167164 0.01295 0.000292323 -0.00142401 0.00204994 0.00607414 0.00733224 -0.00774719 0.00760463 0.000668258 0.0120359 0.00617021 0.00556575 0.00727273 -0.00065625 -0.00862676 0.000657895
internal_weight=5794 5275 4980 1872 1735 1358 737 549 519 137 120 621 458 330 295 3108 2502 1617 1182 606 885 1118 414 469 324 322 226 155 137 261
internal_count=5794 5275 4980 1872 1735 1358 737 549 519 137 120 621 458 330 295 3108 2502 1617 1182 606 885 1118 414 469 324 322 226 155 137 261
is_linear=0
shrinkage=0.035


Tree=21
num_leaves=31
num_cat=0
split_feature=49 8 223 126 38 13 13 19 19 261 9 260 6 260 5 126 270 48 126 221 78 214 55 27 8 223 163 6 268 49
split_gain=40.22 66.6249 45.7845 33.4539 39.372 35.6012 73.133 29.5506 33.767 57.1151 39.3392 59.1583 43.0258 41.0417 37.027 33.3795 29.4933 29.1817 25.6674 25.3441 32.5911 30.5052 28.2716 30.1849 24.8173 24.4994 24.1117 22.5656 22.0152 21.7329
threshold=2419.5000000000005 -15.303317884634636 26.097261383822172 843.50000000000011 220.00000000000003 22.055444070330442 32.750638817623503 6407.5000000000009 6142.5000000000009 528.02999877929699 40.577439117209167 0.76286560327442166 18.143299391923605 0.40884675637623302 -4.0729350285536823 819.50000000000011 47.192939592351969 31.919799804687504 411.50000000000006 25.924244806750789 24.25191312736963 0.022899996489286426 0.51644998788833629 881.00000000000011 -73.757294125613711 6.3202383400948259 -0.26116983251625464 -14.956760589874753 1.3409439706801864 4303.5000000000009
decision_type=2 2 2 2 2 2 2 2 2 2 2 2 2 2 2 2 2 2 2 2 2 2 2 2 2 2 2 2 2 2
left_child=7 3 -3 4 -2 -6 18 8 9 10 19 12 13 15 16 24 -10 -8 -7 20 26 -21 23 -23 -12 -11 -1 -13 -17 -19
right_child=1 2 -4 -5 5 6 17 -9 14 25 11 27 -14 -15 -16 28 -18 29 -20 21 -22 22 -24 -25 -26 -27 -28 -29 -30 -31
leaf_value=-0.0016446300996266815 -0.0011121965934431856 0.019969169085262608 -0.0016058969142134284 -0.00093817136916881489 -0.0014496950108170332 0.030104787210505354 0.022003891566428214 -0.0012655849141902521 -0.0016840122933883908 -9.1511244946657641e-05 0.015024308948478187 0.0034701185921832862 -0.001466942791626166 0.022212449995342779 0.016580869449417387 0.020222935476402536 0.013036415465105059 -0.0014907314732652006 0.0002180668822891681 -0.0018547820175190146 0.017176078895329055 0.019686788308519811 -0.00431558189769352 -0.0011920413592311702 -0.0058200275715885501 -0.0011698981865316347 0.019650267998038057 -0.0015530518646515044 0.0090249991230967243 0.0057019963505068119
leaf_weight=226 176 143 61 391 155 145 93 70 97 181 171 103 194 328 349 259 75 281 76 445 94 113 62 281 178 384 180 141 240 102
leaf_count=226 176 143 61 391 155 145 93 70 97 181 171 103 194 328 349 259 75 281 76 445 94 113 62 281 178 384 180 141 240 102
internal_value=-0.00245042 -0.00711609 0.0113876 -0.00980688 -0.00643756 -0.00326721 0.000149573 -0.000628592 -0.000230151 -0.00144491 0.000475166 0.00419395 0.00702545 0.00954276 0.00805133 0.00541618 -0.00514124 -0.00756757 0.0165708 -0.00380868 0.00249505 -0.00730132 -0.000911063 0.00263158 -0.00286723 -0.0116053 -0.00187348 -0.0115261 0.0111806 -0.011817
internal_weight=5794 1623 204 1419 1028 852 697 4171 4101 3580 3015 1614 1370 1176 521 848 172 476 221 1401 500 901 456 394 349 565 406 244 499 383
internal_count=5794 1623 204 1419 1028 852 697 4171 4101 3580 3015 1614 1370 1176 521 848 172 476 221 1401 500 901 456 394 349 565 406 244 499 383
is_linear=0
shrinkage=0.035


Tree=22
num_leaves=31
num_cat=0
split_feature=49 8 4 126 38 104 274 104 19 19 261 214 260 38 4 19 129 19 82 193 261 13 270 256 193 148 190 148 222 231
split_gain=39.3663 70.9211 41.9981 34.2532 37.8559 34.407 29.8307 30.2828 29.5961 33.6283 57.0762 36.6028 35.1963 37.3304 33.3809 29.622 26.4561 43.5742 25.1611 25.0668 22.5333 27.6015 21.7738 21.5551 19.9352 19.8257 19.3013 22.9486 30.2848 18.4845
threshold=2419.5000000000005 -15.303317884634636 19.037079032238253 829.50000000000011 220.00000000000003 111.50000000000001 0.26083605337918747 509.00000000000006 6407.5000000000009 6142.5000000000009 526.94500732421886 0.022600017488002781 0.38915375117870504 1498.0000000000002 44.689984705495981 6077.5000000000009 5757.5000000000009 5722.5000000000009 2706.5000000000005 0.79883872750810003 452.52999877929693 83.383137136199892 36.376866026999643 91.47904468781654 0.85705775439700915 192.00000000000003 -0.0080999992787837965 549.50000000000011 11.053708984095502 6.885422744378201
decision_type=2 2 2 2 2 2 2 2 2 2 2 2 2 2 2 2 2 2 2 2 2 2 2 2 2 2 2 2 2 2
left_child=8 3 -3 4 -2 -6 7 -7 9 10 11 20 13 -11 15 16 17 -13 -18 -8 -1 26 -12 -23 -21 -9 -22 28 -28 -15
right_child=1 2 -4 -5 5 6 19 25 -10 12 22 14 -14 29 -16 -17 18 -19 -20 24 21 23 -24 -25 -26 -27 27 -29 -30 -31
leaf_value=-0.0022746432632224194 -0.0010732697126726739 0.023690480417162121 -0.00070373138138369435 -0.00089739783021501498 0.024446535207252876 -0.00086805616342282798 -0.0014041158432052437 0.038071361650973114 -0.0012212894421935929 -0.0016250718631197953 0.014706872056091063 0.013913187379608262 0.01932758601954947 0.018573101433720058 -0.0016200287846683862 -0.0030545741471462765 0.019370155479859881 -0.0025704801610944776 -0.0028182636350542901 0.020419976257844932 -0.001945377147884551 0.022845268920780187 -0.00095042784286008218 -0.00045740741856068167 -0.0026777490922618311 0.0086188212533775451 0.0077460476451385188 0.012019210178991652 -0.0029137231920511077 -0.00023769745790865439
leaf_weight=69 176 89 115 399 62 135 279 77 70 159 98 658 94 167 122 93 728 166 109 79 138 109 535 218 110 102 121 265 151 101
leaf_count=69 176 89 115 399 62 135 279 77 70 159 98 658 94 167 122 93 728 166 109 79 138 109 535 218 110 102 121 265 151 101
internal_value=-0.00241421 -0.0070301 0.0120574 -0.00980688 -0.00635122 -0.00321555 -0.00524778 0.0030721 -0.00061183 -0.000213103 -0.00142538 0.000628388 0.00805133 0.00364583 0.00357257 0.00481524 0.00590336 0.00143546 0.0102672 -0.0108034 -0.00452138 -0.0031281 -0.0109169 0.00516566 -0.000902062 0.0123641 -0.00715441 -0.00406827 -0.0111191 0.0115385
internal_weight=5794 1623 204 1419 1020 844 782 314 4171 4101 3580 2947 521 427 1876 1754 1661 824 837 468 1071 1002 633 327 189 179 675 537 272 268
internal_count=5794 1623 204 1419 1020 844 782 314 4171 4101 3580 2947 521 427 1876 1754 1661 824 837 468 1071 1002 633 327 189 179 675 537 272 268
is_linear=0
shrinkage=0.035


Tree=23
num_leaves=31
num_cat=0
split_feature=260 183 261 256 213 33 103 274 30 19 121 49 11 183 19 44 27 224 173 11 2 92 47 82 12 256 258 148 7 173
split_gain=37.9347 51.8099 43.9379 52.6275 36.9729 41.2504 34.8182 33.9641 31.4715 31.406 67.406 49.9139 31.0145 30.3472 29.2668 34.3864 44.1158 31.9067 25.8005 25.6117 38.6208 25.2029 25.0964 24.9188 27.6803 24.9115 24.1368 22.2151 22.1539 22.1508
threshold=0.78599164927552878 0.85650360867116848 525.66998291015636 12.524700469182035 9.9022117387187798 0.16915000230073932 53.922599792480476 -0.29360712065892741 6272.5000000000009 5812.5000000000009 0.30949999392032629 274.50000000000006 46.191742033562655 -0.24367064800932386 5862.5000000000009 0.18274999409914019 505.50000000000006 0.40118667922529921 0.96810801038431171 52.502378548363502 6022.6350097656259 43.347049713134773 -9.8574647093196219 1321.5000000000002 6.6641844190445694 83.743400717348592 0.021500013768672947 1393.0000000000002 -18.821085638487236 0.18897054682649223
decision_type=2 2 2 2 2 2 2 2 2 2 2 2 2 2 2 2 2 2 2 2 2 2 2 2 2 2 2 2 2 2
left_child=1 2 9 12 5 -5 18 -6 -3 10 22 -12 -4 -7 -11 17 -17 29 -2 20 -15 28 -1 27 -25 -26 -19 -18 -13 -16
right_child=6 8 3 4 7 13 -8 -9 -10 14 11 21 -14 19 15 16 23 26 -20 -21 -22 -23 -24 24 25 -27 -28 -29 -30 -31
leaf_value=-0.00063517906645800266 -0.0017298730285642946 0.019538552944009014 0.021272352821951192 0.013892381058089145 0.0087254617092518329 0.016904977302803638 0.02087059194328366 -0.0010939359216344694 -0.00024578315390953818 0.02145796277117655 -0.0014485558498403533 0.014898451151595247 -0.0010402507686783232 0.031801787959735893 0.019364331454348613 0.021548764552705192 -0.00096012643837940315 0.020753781940004074 0.0010086861124273898 -0.00088969789449072981 -0.0010502872486025756 0.016138220807378607 -0.0022613565036077635 -0.0032448178387286582 0.015154515607909503 -0.0047382786894881838 0.0093698495837618145 0.022612702448609842 -0.0024501322075886098 -0.001512724301421889
leaf_weight=101 359 197 72 176 62 118 64 722 98 158 302 249 65 61 61 110 494 207 96 376 220 362 305 191 110 70 119 69 95 105
leaf_count=101 359 197 72 176 62 118 64 722 98 158 302 249 65 61 61 110 494 207 96 376 220 362 305 191 110 70 119 69 95 105
internal_value=-0.00230557 -0.00141193 -0.00226078 -0.00648908 -0.00814655 -0.00347803 -0.0112882 -0.0137516 0.0127167 0.000292323 -0.0035518 0.00131293 0.0140493 -0.00695513 0.00350206 0.0019987 -0.00160153 0.00957746 -0.0146848 -0.00988671 -0.00183566 0.00639944 -0.0154988 -0.00410011 -0.0110771 -0.00113514 0.015861 0.000554577 -0.000401146 -0.0028655
internal_weight=5794 5275 4980 1872 1735 951 519 784 295 3108 1414 1008 137 775 1694 1536 1044 492 455 657 281 706 406 934 371 180 326 563 344 166
internal_count=5794 5275 4980 1872 1735 951 519 784 295 3108 1414 1008 137 775 1694 1536 1044 492 455 657 281 706 406 934 371 180 326 563 344 166
is_linear=0
shrinkage=0.035


Tree=24
num_leaves=31
num_cat=0
split_feature=260 183 261 256 270 213 13 215 219 183 271 30 11 4 70 274 140 121 49 6 27 82 225 225 148 140 148 288 215 47
split_gain=42.0445 51.907 42.8776 52.4383 34.6201 31.8272 34.946 40.4442 45.7231 38.3847 31.7371 31.4715 31.0145 30.5236 30.2161 29.865 28.3298 67.199 48.8517 31.5153 30.052 39.1865 57.1694 36.1101 33.2475 33.1163 31.2526 29.1141 26.47 24.5354
threshold=0.78599164927552878 0.85650360867116848 525.66998291015636 12.524700469182035 47.192939592351969 9.9022117387187798 38.530770357586754 -0.033099997788667672 -8.6869000556394127 -0.24367064800932386 10.252798976628901 6272.5000000000009 46.191742033562655 2.1842026062410906 45.925149917602546 -0.29360712065892741 5807.5000000000009 0.30949999392032629 274.50000000000006 18.143299391923605 505.50000000000006 1078.5000000000002 0.30139489452689067 0.21076099913024746 192.00000000000003 5932.5000000000009 360.00000000000006 1.0000000180025095e-35 -0.040450002998113625 -9.8574647093196219
decision_type=2 2 2 2 2 2 2 2 2 2 2 2 2 2 2 2 2 2 2 2 2 2 2 2 2 2 2 2 2 2
left_child=1 2 16 12 -2 6 7 10 -9 -8 -5 -3 -4 14 -6 -7 17 29 -19 27 -18 22 24 25 -22 -23 -26 28 -20 -1
right_child=4 11 3 5 13 15 9 8 -10 -11 -12 -13 -14 -15 -16 -17 20 18 19 -21 21 23 -24 -25 26 -27 -28 -29 -30 -31
leaf_value=-0.00061294779913197096 0.016445590638940688 0.018854703590968698 0.020527820473182901 -0.0010284105806651978 -0.0027436664429547767 0.0084200705494280187 0.018258507673337126 0.021910723671068791 -0.0016764680657819361 -0.0010012073992969363 0.027204053016626314 -0.00023718074352270388 -0.0010038419917745823 -0.001493363249587795 0.023256425044282755 -0.0010556481643772646 0.020482027596491474 -0.0015413356710292556 0.013840756880946974 -0.0018560079806540777 0.021943315359498387 0.0062369861291687824 -0.0022021196349906527 0.017181509294598774 -0.001658933393945035 -0.0028564021633702332 0.018847376400168623 -0.003041112584088305 0.023049763267465221 -0.00218220902598149
leaf_weight=101 61 197 72 275 125 62 70 150 61 323 72 98 65 272 61 722 144 304 340 98 148 172 140 179 126 366 413 119 153 305
leaf_count=101 61 197 72 275 125 62 70 150 61 323 72 98 65 272 61 722 144 304 340 98 148 172 140 179 126 366 413 119 153 305
internal_value=-0.00236593 -0.00142519 -0.00227482 -0.00645178 -0.0118225 -0.00810632 -0.00377092 0.00186501 0.0137731 -0.011696 -0.00546875 0.0127167 0.0140493 -0.0151188 -0.00403141 -0.013308 0.00024735 -0.00338947 0.00144259 0.00646154 0.00330774 0.00185281 0.00702524 -0.0041205 0.0111777 -0.0086372 0.00701287 0.00941653 0.0131426 -0.0153285
internal_weight=5794 5275 4980 1872 519 1735 951 558 211 393 347 295 137 458 186 784 3108 1420 1014 710 1688 1544 827 717 687 538 539 612 493 406
internal_count=5794 5275 4980 1872 519 1735 951 558 211 393 347 295 137 458 186 784 3108 1420 1014 710 1688 1544 827 717 687 538 539 612 493 406
is_linear=0
shrinkage=0.035


Tree=25
num_leaves=31
num_cat=0
split_feature=49 8 4 270 19 261 13 220 4 274 223 126 224 160 274 82 183 183 163 126 10 140 93 63 133 140 203 81 256 33
split_gain=35.3448 65.6672 43.6236 29.2561 40.9417 55.3506 35.8204 33.582 38.1261 34.5409 29.3397 25.4672 34.9973 31.0891 35.5832 30.6766 25.2715 28.2041 30.2076 28.9689 24.3938 30.1518 58.2397 32.2057 27.3304 24.371 24.3696 30.1614 23.3138 22.5548
threshold=2419.5000000000005 -15.303317884634636 19.037079032238253 32.267089880019761 6142.5000000000009 528.02999877929699 43.812207720579444 40.982021467015947 44.689984705495981 0.86782910212164788 6.3202383400948259 843.50000000000011 0.99999999998242939 0.015000008046627046 0.22978242266486731 115.50000000000001 0.89850355982888763 -0.79190115500962566 -1.0000000180025095e-35 479.50000000000006 25.271568238496624 5802.5000000000009 558.50000000000011 5672.5000000000009 98.910808969065641 5572.5000000000009 0.46189001206583125 45.683549880981452 63.604330446387387 0.54135000705719005
decision_type=2 2 2 2 2 2 2 2 2 2 2 2 2 2 2 2 2 2 2 2 2 2 2 2 2 2 2 2 2 2
left_child=3 11 -3 -1 5 7 -6 20 9 16 -7 12 13 -2 -15 -16 17 -9 28 25 24 23 -23 29 -5 -20 -27 -28 -19 -22
right_child=1 2 -4 4 6 10 -8 8 -10 -11 -12 -13 -14 14 15 -17 -18 18 19 -21 21 22 -24 -25 -26 26 27 -29 -30 -31
leaf_value=-0.0017384777982793695 -0.0026900129056561333 0.021588832477859012 -0.00063541634273961314 -0.00035749053229401114 0.014206859558694917 -1.4594908086845716e-05 -0.0010599370962211298 0.014655416408340515 -0.0015469673065919864 -0.0019340762218170368 -0.0010380519473366595 -0.00082763938921133441 -0.00095689244596776758 0.022057093598729344 0.023337315528471583 -0.0011115295574859647 0.0213373196313516 0.012562708462224379 0.030608516126110707 0.02160968291499242 -0.00030041107174350604 0.020704448464317182 -0.0018234035474927969 -0.0030446026768588537 0.014923738106567724 0.018126769127029596 -0.0038539863748066425 0.017935960633251452 -0.0049047500143691771 -0.0043521562460618179
leaf_weight=143 100 89 115 400 392 179 95 141 154 74 347 391 225 227 68 408 69 188 60 267 232 160 331 108 100 114 164 79 297 77
leaf_count=143 100 89 115 400 392 179 95 141 154 74 347 391 225 227 68 408 69 188 60 267 232 160 331 108 100 114 164 79 297 77
internal_value=-0.00226936 -0.00664312 0.0117225 -0.000561542 0 -0.00131275 0.00946138 0.000521523 0.00397333 0.00573731 -0.0117326 -0.00931531 -0.0063698 -0.00290223 -0.000247175 -0.00567568 0.00700506 0.00585551 0.0040247 0.0087373 -0.00341826 -0.00682366 -0.000917339 -0.0136848 0.00277228 0.00290284 -0.000676796 -0.00691532 -0.00264286 -0.00769108
internal_weight=5794 1623 204 4171 4028 3541 487 3015 1607 1453 526 1419 1028 803 703 476 1379 1310 1169 684 1408 908 491 417 500 417 357 243 485 309
internal_count=5794 1623 204 4171 4028 3541 487 3015 1607 1453 526 1419 1028 803 703 476 1379 1310 1169 684 1408 908 491 417 500 417 357 243 485 309
is_linear=0
shrinkage=0.035


Tree=26
num_leaves=31
num_cat=0
split_feature=261 13 9 183 160 140 121 19 272 150 6 6 47 213 171 8 13 211 121 8 150 150 30 19 93 115 10 256 8 60
split_gain=33.5601 63.8176 48.1623 41.2804 50.1472 34.5724 50.2462 37.5306 31.4598 37.6451 31.0054 48.5019 26.7129 26.1175 25.5539 38.8813 24.9598 24.8828 35.7107 38.6435 37.6229 23.8058 23.6992 42.2408 42.5234 29.9101 23.3612 39.3202 23.041 21.371
threshold=522.28248596191418 33.068297210749336 17.679634276551095 -0.24367064800932386 0.023799996823072437 5807.5000000000009 0.30949999392032629 5842.5000000000009 0.028300009667873386 0.034300003200769431 -85.541188195515474 18.143299391923605 -10.511112996729567 9.6931985247545693 0.40217499434947973 -78.270214035161118 68.090300053340442 -0.83945750749016412 0.22725000232458117 -75.597280867118499 0.027700003236532215 0.052650004625320442 6227.5000000000009 5972.5000000000009 1287.0000000000002 558.50000000000011 24.571131019697777 82.868051956814426 -264.68436393074728 974.50000000000011
decision_type=2 2 2 2 2 2 2 2 2 2 2 2 2 2 2 2 2 2 2 2 2 2 2 2 2 2 2 2 2 2
left_child=5 2 13 4 -3 6 12 -7 9 -4 26 14 -1 -2 16 -16 -12 -9 20 -20 -19 -11 23 25 -25 -22 27 -8 -29 -28
right_child=1 3 8 -5 -6 7 10 17 -10 21 11 -13 -14 -15 15 -17 -18 18 19 -21 22 -23 -24 24 -26 -27 29 28 -30 -31
leaf_value=0.0013897374078598694 0.014587930846556995 -0.0015548927398514527 -0.00034539192432628154 -0.0008930728245507975 0.024300166935505883 0.021833813349172379 -0.0030458979473494767 0.022891361134337339 -0.0010601685682482254 0.0205088069070158 0.012935325374142661 -0.00198183525050926 -0.0018420652393909217 -0.001038531417430616 0.013631569096613822 -0.0061374425722035856 0.024781469464568145 -0.0012202065517365481 0.0064877984924052324 -0.0037996527563556306 -0.00094904701507466055 -0.00022101864031572163 0.018365444463006222 0.01856334788642695 -0.0026085705939381826 0.018545865108116191 -0.002829169923617438 -7.3662667683339905e-05 0.019643459731882543 -0.00063934999594520206
leaf_weight=130 61 62 279 999 113 80 99 60 133 326 89 113 404 424 125 80 143 203 332 202 97 67 80 158 203 273 188 66 72 133
leaf_count=130 61 62 279 999 113 80 99 60 133 326 89 113 404 424 125 80 143 203 332 202 97 67 80 158 203 273 188 66 72 133
internal_value=-0.0021245 -0.00521669 0.000162162 -0.0111026 0.00447222 0.000167916 -0.00344262 0.00367986 0.00540123 0.00847858 0.00081761 0.00668468 -0.0122078 -0.0085 0.011957 0.00283333 0.019789 0.00247365 0.00157759 -0.00571429 0.00542689 0.0153894 0.00879289 0.00670516 -0.00181694 0.0149333 -0.00497336 0.00332645 0.0151748 -0.0110583
internal_weight=5794 2464 1290 1174 175 3330 1642 1688 805 672 1108 550 534 485 437 205 232 1608 1548 534 1014 393 811 731 361 370 558 237 138 321
internal_count=5794 2464 1290 1174 175 3330 1642 1688 805 672 1108 550 534 485 437 205 232 1608 1548 534 1014 393 811 731 361 370 558 237 138 321
is_linear=0
shrinkage=0.035


Tree=27
num_leaves=31
num_cat=0
split_feature=260 222 224 137 150 99 6 219 22 201 38 268 104 38 19 78 160 71 173 224 17 10 189 135 147 60 4 274 13 270
split_gain=32.367 35.1261 34.7605 45.938 44.7715 45.8476 38.4296 38.3035 48.9216 34.3458 31.133 33.3963 39.0417 29.4641 26.8007 36.1723 25.52 22.5256 22.051 32.7216 20.3034 20.1312 19.2691 19.1313 18.8814 17.9874 19.6652 17.447 17.1934 34.8073
threshold=0.87773940840369258 10.356195576804243 0.38438504161281478 740.00000000000011 0.055799998342990882 0.33124999701976782 20.708265215662149 -39.058575274187696 0.36235000193119055 0.10184999927878381 441.50000000000006 4.5065231139285187 1016.0000000000001 763.50000000000011 5327.5000000000009 24.25191312736963 0.0055999993346631536 2129.0000000000005 0.52056283835102546 0.99999999998182398 14.949737873360959 27.25839607005199 14.642006770386063 -1.0741892240706157 26.974849700927738 605.50000000000011 2.1842026062410906 0.18421106241647794 57.721327314704709 58.722640062225132
decision_type=2 2 2 2 2 2 2 2 2 2 2 2 2 2 2 2 2 2 2 2 2 2 2 2 2 2 2 2 2 2
left_child=2 -2 3 14 6 18 9 -7 -9 -4 -11 13 25 -12 -1 16 24 22 20 -20 -6 -17 28 -3 -16 -13 -27 -15 29 -18
right_child=1 23 4 -5 5 7 -8 8 -10 10 11 12 -14 27 15 21 17 -19 19 -21 -22 -23 -24 -25 -26 26 -28 -29 -30 -31
leaf_value=-0.0024553441881123607 -0.0018776505226457728 -0.0022828687595678049 -0.00018226596189120094 -0.0011130324779651801 -0.001575044555085884 0.019868007610516505 -0.0017043424318659152 0.020462883520996553 -0.0040039220404962652 0.021857489233538967 -0.00047448813878820886 0.0068200883430085072 0.012421846179738242 0.017940102156035601 0.010261468233422675 0.015658492748772866 -0.00015649357276047745 -0.0016245450374713952 0.019720347608405183 -0.0011192168762372292 -6.2174796380422563e-05 0.015891614469576001 -0.0018631425353244112 0.021879163828947744 -0.0014468632593898037 4.8657641162100922e-05 -0.0046231338983374363 0.010029721648911619 -0.00017546102868850474 0.02105343616071053
leaf_weight=96 168 70 66 993 383 124 200 66 75 140 185 134 248 418 98 69 220 131 135 147 115 83 90 67 168 107 208 189 368 233
leaf_count=96 168 70 66 993 383 124 200 66 75 140 185 134 248 418 98 69 220 131 135 147 115 83 90 67 168 107 208 189 368 233
internal_value=-0.00197965 -0.0129839 -0.00135693 -0.00434417 0.00123599 -0.00456667 0.00443947 0.00790741 -0.00455479 0.00615588 0.00717564 0.00564592 4.98575e-05 0.0105395 -0.00058296 0.00062116 -0.00127951 0.00120344 -0.00882803 -0.00097561 -0.0132207 0.0164968 0.0031714 0.000246479 -0.0108487 -0.00609031 -0.0106094 0.0142402 0.00487288 0.00939956
internal_weight=5794 305 5489 2549 2940 1045 1895 265 141 1695 1629 1489 697 792 1556 1460 1308 1042 780 282 498 152 911 137 266 449 315 607 821 453
internal_count=5794 305 5489 2549 2940 1045 1895 265 141 1695 1629 1489 697 792 1556 1460 1308 1042 780 282 498 152 911 137 266 449 315 607 821 453
is_linear=0
shrinkage=0.035


Tree=28
num_leaves=31
num_cat=0
split_feature=49 8 223 270 19 261 13 220 260 6 260 183 223 221 78 60 271 49 256 60 132 67 261 60 270 13 272 150 36 92
split_gain=34.4131 61.7948 43.6654 27.9731 39.8982 48.6325 33.1784 32.2995 49.2017 42.2469 40.7814 32.1902 29.4638 26.9698 27.73 26.0321 24.9753 23.4065 26.5315 23.328 20.877 22.6793 19.7949 19.3441 28.7261 38.7427 21.3177 20.6897 23.1977 19.9299
threshold=2419.5000000000005 -15.303317884634636 18.168475711141202 32.267089880019761 6142.5000000000009 528.02999877929699 43.812207720579444 40.982021467015947 0.76286560327442166 18.143299391923605 0.40884675637623302 -0.79190115500962566 6.6950548048402281 25.924244806750789 24.25191312736963 988.50000000000011 16.483541811714041 1388.0000000000002 63.604330446387387 1154.0000000000002 0.33850000798702246 18.81801607822878 532.16497802734386 1250.0000000000002 52.946319753846709 22.055444070330442 0.027750000357627872 0.037250012159347541 -10.003398736245762 54.956550598144538
decision_type=2 2 2 2 2 2 2 2 2 2 2 2 2 2 2 2 2 2 2 2 2 2 2 2 2 2 2 2 2 2
left_child=3 16 -3 -1 5 7 -6 13 9 10 11 -9 22 14 -5 -15 23 18 -13 -17 -20 -22 -7 24 25 -2 27 -26 -29 -30
right_child=1 2 -4 4 6 12 -8 8 -10 -11 -12 17 -14 15 -16 19 -18 -19 20 -21 21 -23 -24 -25 26 -27 -28 28 29 -31
leaf_value=-0.0016147688635005342 -0.0023370966466746837 0.020525574653069239 -0.00056486058568628662 -0.00016931989268440781 0.013306357197101566 0.01759143065121116 -0.0011189314077439179 0.013257671793927046 -0.0015708619690716324 -0.0017188112639688496 0.018963095883083966 0.012603468472265537 -0.0010769200308871714 -0.0024675080565732758 0.013917400772034618 0.020464094880236094 0.017821837127900642 0.016469085790115686 -0.0070145827728668895 -0.00095634041101889283 0.016161783775427093 -0.0087980931715582224 -0.0014431492699582434 -0.00086292874734326789 -0.0012473154291830556 0.019723681517636114 -0.0012657009814371 0.019626606869509258 -0.0023519764779878051 0.0070502275683940983
leaf_weight=143 92 81 123 406 392 96 95 135 244 194 326 215 342 446 94 75 89 197 151 387 85 60 88 485 166 154 198 109 62 64
leaf_count=143 92 81 123 406 392 96 95 135 244 194 326 215 342 446 94 75 89 197 151 387 85 60 88 485 166 154 198 109 62 64
internal_value=-0.00211243 -0.00642813 0.0113876 -0.000427443 0.000121498 -0.00117456 0.00946138 0.000544702 0.0039299 0.00652412 0.00903322 0.00491156 -0.0109416 -0.00331918 0.00318812 -0.00690033 -0.00902037 0.00186536 -0.00210271 -0.00104925 -0.00883721 0.0007 0.00037037 -0.0102247 -0.00695882 0.00306773 -0.0110679 -0.0062931 0.0004375 -0.00961832
internal_weight=5794 1623 204 4171 4028 3541 487 3015 1607 1363 1169 843 526 1408 500 908 1419 708 511 462 296 145 184 1330 845 246 599 401 235 126
internal_count=5794 1623 204 4171 4028 3541 487 3015 1607 1363 1169 843 526 1408 500 908 1419 708 511 462 296 145 184 1330 845 246 599 401 235 126
is_linear=0
shrinkage=0.035


Tree=29
num_leaves=31
num_cat=0
split_feature=49 8 223 126 38 104 274 213 10 81 36 60 48 49 261 256 148 270 215 191 9 257 104 271 6 193 8 2 211 258
split_gain=38.472 64.1873 43.6654 26.4334 27.7791 27.5027 28.5079 28.1697 26.6368 26.0374 25.9077 29.6686 25.782 26.2542 24.7469 36.0236 34.531 24.74 27.2757 23.8506 24.5446 22.2007 21.998 18.7808 19.8094 18.3749 18.3452 26.0426 18.309 18.0023
threshold=2419.5000000000005 -15.303317884634636 18.168475711141202 856.50000000000011 220.00000000000003 111.50000000000001 0.26083605337918747 10.308585924515116 57.323579666181061 40.812999725341804 -9.2808808389102708 1222.5000000000002 30.328200340271 482.50000000000006 526.94500732421886 39.860815952517761 1272.5000000000002 32.267089880019761 -0.041450001299381249 0.18414999917149547 37.872180235827976 5.0927007730257907 509.00000000000006 6.4992407778921066 21.269965792363724 0.53441036277911791 -77.684774078440142 5904.2648925781259 0.087835283710024165 0.037399992346763618
decision_type=2 2 2 2 2 2 2 2 2 2 2 2 2 2 2 2 2 2 2 2 2 2 2 2 2 2 2 2 2 2
left_child=9 3 -3 4 -2 -6 7 8 22 12 11 21 23 -14 19 16 17 -16 25 20 -11 -8 -7 -1 -25 -19 27 -15 -17 -21
right_child=1 2 -4 -5 5 6 10 -9 -10 14 -12 -13 13 26 15 28 -18 18 -20 29 -22 -23 -24 24 -26 -27 -28 -29 -30 -31
leaf_value=-0.0015892820115270196 -0.0011208576954305984 0.019807179540211814 -0.00054509046518726645 -0.00080356544235477153 0.020161146978857698 -0.00030676495105833149 0.026165445729693881 -0.0021401629505356807 -0.00062827634313889326 -0.0011615341895207538 -0.001641374954189326 -0.0030048881966051187 -0.0028469275237637363 0.019989425231303634 -0.0017091349534449287 -0.00041745371763747459 0.020887514308237227 -0.0009504037233221802 0.01293382355802741 0.0022168712192507942 0.016092879420880977 -0.0019577248842681905 0.027022124673486358 0.014495264592310401 -0.0017074808327907538 0.010765034910713208 -0.0015252765488943062 -0.0027318412434422508 -0.0011841291865249349 0.014033355920334901
leaf_weight=393 176 81 123 380 62 63 116 65 98 61 221 71 187 112 91 118 83 97 187 1283 135 65 102 501 62 62 429 97 115 158
leaf_count=393 176 81 123 380 62 63 116 65 98 61 221 71 187 112 91 118 83 97 187 1283 135 65 102 501 62 62 429 97 115 158
internal_value=-0.002209 -0.00677211 0.0113876 -0.00941362 -0.00647031 -0.00383065 -0.00560174 0.00231231 0.00744403 -0.000427443 -0.0110565 -0.00326848 -0.00362542 -0.00813855 0.00195825 -0.00327836 0.00186667 -0.00213801 0.00219373 0.00436967 0.0156716 0.00432796 0.0158529 0.000291363 0.004375 -0.00832317 -0.00468118 0.00376168 -0.0145588 0.00278354
internal_weight=5794 1623 204 1419 1039 863 801 328 263 4171 473 252 1781 825 2390 753 520 437 346 1637 196 181 165 956 563 159 638 209 233 1441
internal_count=5794 1623 204 1419 1039 863 801 328 263 4171 473 252 1781 825 2390 753 520 437 346 1637 196 181 165 956 563 159 638 209 233 1441
is_linear=0
shrinkage=0.035


Tree=30
num_leaves=31
num_cat=0
split_feature=49 8 223 126 153 274 183 140 30 261 220 6 260 260 126 93 72 49 11 78 270 7 148 82 71 260 82 270 13 163
split_gain=33.8378 59.4844 41.5058 26.9935 26.4872 24.9502 37.9357 23.0979 25.1753 47.6565 38.2848 32.1332 34.3625 33.2223 32.9551 29.7997 33.0074 27.1589 25.9203 35.3036 25.9094 24.1484 23.8322 22.3647 21.9751 21.9408 22.3347 21.4614 23.0893 21.2757
threshold=2419.5000000000005 -15.303317884634636 18.168475711141202 856.50000000000011 0.3615763322861269 0.91135281494869202 0.92585001803694456 6402.5000000000009 6112.5000000000009 528.02999877929699 40.982021467015947 18.143299391923605 0.76286560327442166 0.40884675637623302 819.50000000000011 2269.5000000000005 148.50000000000003 1367.5000000000002 55.398989666942242 22.811655998617102 39.987350473716212 -54.178568184788809 420.50000000000006 2593.0000000000005 1384.5000000000002 -0.16335987674820049 1263.5000000000002 49.101739389425809 22.055444070330442 -0.17984206709993056
decision_type=2 2 2 2 2 2 2 2 2 2 2 2 2 2 2 2 2 2 2 2 2 2 2 2 2 2 2 2 2 2
left_child=5 3 -3 4 -2 6 7 8 9 10 18 12 13 14 21 16 -10 -14 19 22 -18 -12 -1 25 -22 -16 -27 28 -6 -11
right_child=1 2 -4 -5 27 -7 -8 -9 15 29 11 -13 17 -15 23 -17 20 -19 -20 -21 24 -23 -24 -25 -26 26 -28 -29 -30 -31
leaf_value=-0.0017285145690462713 0.00028001247871483492 0.0191139282563044 -0.00052601229890571221 -0.00077544065187235261 -0.0022789662701082824 -0.0030911120936924128 0.015212142767883921 -0.0011716019469909212 0.017163628095508615 -0.0016250114015232261 0.013313745333839536 -0.0014184586215994185 0.018830741455327111 0.018111150607202309 0.015948292657865085 0.014786206471587408 -0.0041426638887729211 -0.0025726390483009611 -0.0017810209070548617 0.013362028230637854 0.014888387331601438 -0.0063727973215100013 0.0095090432925867777 -0.0039526198836504862 -0.0012089991194338175 0.018685383593651496 -0.0080079582591370407 -0.0010483184135666979 0.021173066245590868 -0.00063818719713040013
leaf_weight=176 402 81 123 380 68 67 111 71 108 106 94 219 67 302 213 64 61 65 761 92 73 255 361 95 186 109 77 461 108 438
leaf_count=176 402 81 123 380 68 67 111 71 108 106 94 219 67 302 213 64 61 65 761 92 73 255 361 95 186 109 77 461 108 438
internal_value=-0.00214865 -0.00642813 0.0110526 -0.00897121 -0.00600096 -0.00047773 -0.00011925 -0.000691596 -0.000320856 -0.00138574 0.000411622 0.00429047 0.00641576 0.00836957 0.00474646 0.00704225 0.00355658 -0.010219 -0.00376344 0.00149054 -0.00215385 -0.00346045 -0.00200185 0.010521 0.00278409 0.0141213 0.00513089 -0.0104128 0 -0.0108379
internal_weight=5794 1623 204 1419 1039 4171 4104 3993 3922 3430 2886 1496 1277 1145 843 492 428 132 1390 629 320 349 537 494 259 399 186 637 176 544
internal_count=5794 1623 204 1419 1039 4171 4104 3993 3922 3430 2886 1496 1277 1145 843 492 428 132 1390 629 320 349 537 494 259 399 186 637 176 544
is_linear=0
shrinkage=0.035


Tree=31
num_leaves=31
num_cat=0
split_feature=13 49 2 85 261 220 260 171 270 261 13 11 153 160 17 190 214 183 211 8 160 9 55 169 189 260 224 49 261 25
split_gain=32.5679 42.0818 32.5392 32.6119 47.8829 34.1268 45.8085 33.1765 32.658 32.6875 26.5306 55.4811 36.821 28.9747 26.5506 24.7795 24.1969 29.0018 28.8456 31.5813 28.919 27.4538 23.5815 22.6146 33.1572 22.5714 24.48 21.8047 33.4618 25.6895
threshold=12.928050324262708 2419.5000000000005 6378.0800781250009 6122.5000000000009 528.25500488281261 40.982021467015947 0.76286560327442166 0.18282499909400943 39.987350473716212 556.51501464843761 32.750638817623503 34.650981312328533 0.87083090954529507 0.018400009721517566 8.5384251061693135 -0.015200000256299971 0.088749997317790999 -0.79190115500962566 -0.12526772194773067 -73.757294125613711 0.044550001621246345 91.263869559400277 0.31309999525547033 11.545891032345702 13.738462104183769 0.2598890166664764 0.99999999999228917 4303.5000000000009 533.82501220703136 -10.261181535640359
decision_type=2 2 2 2 2 2 2 2 2 2 2 2 2 2 2 2 2 2 2 2 2 2 2 2 2 2 2 2 2 2
left_child=-1 2 3 4 5 23 7 -7 -5 -10 11 -3 13 -13 -15 -6 17 -9 21 -20 25 22 -19 -2 -25 -21 -27 -12 29 -29
right_child=1 10 -4 8 15 6 -8 16 9 -11 27 12 -14 14 -16 -17 -18 18 19 20 -22 -23 -24 24 -26 26 -28 28 -30 -31
leaf_value=0.012364068765743403 -0.0020079673272556694 -0.00085940746483562211 -0.0012806791737025609 -0.0025873823608421605 -0.0013452914334914068 0.018031395167873693 -0.0016713954747210815 0.011849859775369282 0.013429655074710512 -0.001076254990788605 -0.0012584239662352548 -0.0013426217364008177 -0.0018758079709996244 0.025749854850334764 -0.0026626723904167207 -0.00051912342595484661 0.016065217717466464 -0.0053479335078382602 0.016722183818270328 -0.0058069504790565539 -0.0050437945544862511 -0.0045613662723234067 0.014309627872979482 0.0070524672443922718 -0.0022574965490231302 0.020235769364668799 -0.0022528907529401521 0.024003054373136837 -0.00064253244209708802 -0.00067718241918669829
leaf_weight=92 253 255 85 84 245 163 253 149 296 105 645 65 60 184 61 305 90 126 201 135 96 172 60 882 273 111 64 108 105 71
leaf_count=92 253 255 85 84 245 163 253 149 296 105 645 65 60 184 61 305 90 126 201 135 96 172 60 882 273 111 64 108 105 71
internal_value=-0.00207622 -0.00241633 -0.00057308 -0.000111849 -0.00126989 0.000461589 0.00392 0.00645408 0.00835714 0.0125 -0.00731879 -0.00172222 0.00690667 0.0117778 0.01722 -0.0107207 0.00440033 0.00294013 0.000685567 0.00531863 -0.000340633 -0.00713499 0.00219895 -0.00351734 -0.0014181 0.00488889 0.0130278 -0.0110546 -0.00290657 0.00627717
internal_weight=5794 5702 4148 4063 3578 3028 1620 1367 485 401 1554 625 370 310 245 550 1204 1114 965 607 406 358 186 1408 1155 310 175 929 284 179
internal_count=5794 5702 4148 4063 3578 3028 1620 1367 485 401 1554 625 370 310 245 550 1204 1114 965 607 406 358 186 1408 1155 310 175 929 284 179
is_linear=0
shrinkage=0.035


Tree=32
num_leaves=31
num_cat=0
split_feature=2 13 49 274 183 13 11 153 160 240 49 261 49 272 126 10 148 256 261 6 92 267 265 189 112 272 126 67 153 189
split_gain=27.8506 40.3714 36.9152 34.9949 32.4348 28.3941 48.9811 34.1133 28.9747 26.5506 24.3537 29.078 22.7401 23.5827 28.717 21.4911 27.6982 41.8856 25.6208 29.5434 28.7244 20.2444 21.3892 19.6653 18.2576 17.7693 16.0366 22.1764 15.2145 15.1511
threshold=6391.4099121093759 14.1424186116533 2499.0000000000005 0.91135281494869202 0.92585001803694456 32.750638817623503 34.650981312328533 0.87083090954529507 0.018400009721517566 8.5384251061693135 4303.5000000000009 525.51000976562511 2263.5000000000005 0.014900006353855135 2194.5000000000005 85.591196051409995 996.00000000000011 60.421517946997277 528.02999877929699 7.3140921408256254 55.155550003051765 6.1733432212496284 -3.331679940634102 13.727640025827538 0.0098522073375345316 0.030099995434284214 172.50000000000003 6.1838228447252517 -0.039940560327600245 14.118836466770359
decision_type=2 2 2 2 2 2 2 2 2 2 2 2 2 2 2 2 2 2 2 2 2 2 2 2 2 2 2 2 2 2
left_child=1 -1 3 4 12 6 -4 8 -8 -10 26 -12 13 -3 15 16 21 -18 19 20 24 22 -15 -16 -17 29 27 -7 -21 -24
right_child=-2 2 5 -5 -6 10 7 -9 9 -11 11 -13 -14 14 23 18 17 -19 -20 28 -22 -23 25 -25 -26 -27 -28 -29 -30 -31
leaf_value=0.013212878199144885 -0.001563318215066818 -0.000808564680622822 -0.00079082292601351386 -0.0021745125005346168 0.014738216612623223 0.018692013374601218 -0.001295629975626787 -0.0018101546920146377 0.024848609930573046 -0.0025694788567521354 0.018120574049670119 -0.00047011524634426016 0.0098893076830452453 0.01459067426998361 0.019521592435389964 0.0070176977171856275 0.013791972423099409 -0.0033662731901329813 -0.00068686403752484144 -0.0030952803722860572 -0.0056904409222951306 0.014344910270166409 -0.00075505921086431232 -0.0006841851406043318 0.017785390634099594 -0.0020272603630497031 -0.0013346921781727185 -0.0013221675396552781 0.00011984459980594109 -0.0025562429060639871
leaf_weight=83 63 961 244 84 111 63 65 60 184 61 104 180 141 82 179 186 240 166 103 63 84 80 654 110 387 209 455 87 180 125
leaf_count=83 63 961 244 84 111 63 65 60 184 61 104 180 141 82 179 186 240 166 103 63 84 80 654 110 387 209 455 87 180 125
internal_value=-0.0019193 -0.00165359 -0.0020184 -0.000312048 0.000163551 -0.00670756 -0.000904685 0.00709333 0.0117778 0.01722 -0.0106879 -0.00217993 -0.000371681 -0.000890142 0.000711532 -0.000477769 -0.00304933 0.00476886 0.00350694 0.00541436 0.00925227 -0.00581818 -0.00709767 0.0110714 0.0120502 -0.00852971 -0.0146311 -0.00451613 -0.00493952 -0.00602679
internal_weight=5794 5731 5648 4145 4061 1503 614 370 310 245 889 284 3950 3809 2848 2559 1556 406 1003 900 657 1150 1070 289 573 988 605 150 243 779
internal_count=5794 5731 5648 4145 4061 1503 614 370 310 245 889 284 3950 3809 2848 2559 1556 406 1003 900 657 1150 1070 289 573 988 605 150 243 779
is_linear=0
shrinkage=0.035


Tree=33
num_leaves=31
num_cat=0
split_feature=2 13 49 201 218 81 59 214 201 261 274 204 213 104 181 19 9 19 22 8 85 112 2 49 270 49 107 13 190 121
split_gain=28.2467 39.8311 29.505 31.2692 28.4738 23.5835 26.597 22.5291 21.9299 26.0875 27.4523 24.3852 22.2407 31.1917 22.7454 28.3627 31.4212 24.7085 31.3922 24.1224 24.0347 22.889 20.5683 20.4481 34.013 26.2409 24.4078 18.5021 22.8274 17.4496
threshold=6391.4099121093759 14.1424186116533 2419.5000000000005 0.12249999679625036 7.1257587523432866 40.812999725341804 29.973899841308597 0.014000002294778826 0.1444749999791384 526.94500732421886 -0.27804280998611586 0.081978218689079313 9.0984023184423517 184.00000000000003 0.32717499881982809 5812.5000000000009 43.923485138673648 5862.5000000000009 0.18904999643564227 -78.645937194344825 5942.5000000000009 0.0099009806722709388 5976.3249511718759 4493.0000000000009 37.821258477137221 5296.5000000000009 6107.5000000000009 59.0445402327504 -0.036750003695487969 0.38674999773502355
decision_type=2 2 2 2 2 2 2 2 2 2 2 2 2 2 2 2 2 2 2 2 2 2 2 2 2 2 2 2 2 2
left_child=1 -1 5 4 -4 6 -3 -8 -7 12 -11 -12 27 -14 15 16 -15 -17 22 21 -21 -20 -19 24 26 -25 -5 -10 -29 -16
right_child=-2 2 3 23 -6 8 7 -9 9 10 11 -13 13 14 29 17 -18 18 19 20 -22 -23 -24 25 -26 -27 -28 28 -30 -31
leaf_value=0.012750427462174814 -0.0015086020775394789 0.00035189329404295317 0.018760156583397424 0.026354769185180867 -0.00072500177116131218 0.01154691401255695 -0.0021327432614760304 -0.0012624916875490974 0.014419622678757587 0.011610268028971029 -0.00013170971918017999 -0.0011649012899162326 0.01717244201073484 -0.0027505346499261921 0.019300769931113213 0.017014310957424051 0.0048207011147335058 0.019773359028336029 -0.002012825055904732 -0.0006570290939542612 -0.003747376771698088 0.014765109274646972 0.01215117018861271 0.012725366736833634 -0.0011714364086213536 -0.00064059311969316614 -0.00021846256855869109 0.011362922609914736 -0.0026549364712402171 0.0089576901876143103
leaf_weight=83 63 941 101 61 85 136 187 650 67 74 272 243 109 93 110 64 103 69 103 100 87 133 159 123 910 198 62 67 192 149
leaf_count=83 63 941 101 61 85 136 187 650 67 74 272 243 109 93 110 64 103 69 103 100 87 133 159 123 910 198 62 67 192 149
internal_value=-0.00176237 -0.00149494 -0.00185742 -0.00598058 0.00732984 -0.000306346 -0.00333707 -0.00785629 0.00200857 0.00114598 -0.00512626 -0.00800962 0.00345652 0.00553349 0.00381277 0.0011845 -0.0104478 0.00442361 0.00229421 -0.0033528 -0.0125781 0.00406639 0.012618 -0.00782929 -0.0102168 -0.000107362 0.00683594 -0.00465257 -0.00888258 0.0128598
internal_weight=5794 5731 5648 1540 186 4108 1778 837 2330 2194 589 515 1605 1279 1170 911 196 715 651 423 187 236 228 1354 1033 321 123 326 259 259
internal_count=5794 5731 5648 1540 186 4108 1778 837 2330 2194 589 515 1605 1279 1170 911 196 715 651 423 187 236 228 1354 1033 321 123 326 259 259
is_linear=0
shrinkage=0.035


Tree=34
num_leaves=31
num_cat=0
split_feature=260 183 183 82 219 48 189 169 6 215 8 259 125 69 4 284 211 13 82 148 260 71 140 13 126 272 260 217 153 183
split_gain=34.0207 40.8892 29.2583 33.8575 32.9262 27.8412 25.1308 28.2519 28.0226 25.9538 30.7456 23.3351 21.9716 20.663 20.4969 17.8995 17.6921 16.298 19.8432 17.2361 23.403 26.2125 19.4446 23.9272 18.5867 16.1082 15.56 15.2226 14.9959 14.7818
threshold=0.78599164927552878 0.85650360867116848 0.63223206200875004 265.00000000000006 -30.991978780072916 31.147549629211429 14.362535384393203 11.497308588606094 -15.853033650454126 -0.064699996262788759 -79.337692754263102 0.049492853989110887 49.802700042724616 -6.5715396725756072 -19.69041325077082 1.0000000180025095e-35 0.21898839094870923 83.383137136199892 1871.5000000000002 804.50000000000011 1.0000000180025095e-35 922.50000000000011 6137.5000000000009 31.038030473616079 1309.5000000000002 0.012700013816356661 -0.068323091501799174 43.500621215236571 0.48750508750487054 0.90657152382060657
decision_type=2 2 2 2 2 2 2 2 2 2 2 2 2 2 2 2 2 2 2 2 2 2 2 2 2 2 2 2 2 2
left_child=1 2 3 -1 14 -3 7 -5 27 10 -9 -11 15 -6 -4 28 -10 19 -19 20 -13 -22 -23 -24 26 -26 -21 -8 -2 -7
right_child=12 5 4 6 13 29 8 9 16 11 -12 17 -14 -15 -16 -17 -18 18 -20 24 21 22 23 -25 25 -27 -28 -29 -30 -31
leaf_value=0.014134068162834759 -4.1964004063876351e-05 -0.00065602198915370145 -0.0026983413154638139 -0.0021246892774865263 -0.00070495571178719055 0.01721144814277329 -0.0019038781805675983 0.0086423525868571122 -0.0007609028976069788 0.0087027634197997771 -0.0014974683052842597 -0.00182930720125239 0.012843240048049593 -0.0016719715902175742 0.017406606024203228 0.0014249242745375537 0.01192931024999974 0.016396336114668491 -0.0021135185903393408 -0.00088904179470103548 0.021557744821264362 -0.0011928555644591956 0.011162956145377743 -0.0012396272720485134 -0.0019676160392010714 0.00048793912142540256 0.017844008325399358 0.00039884075768161295 -0.001822950772480691 0.016353815887723708
leaf_weight=140 65 68 61 291 214 112 346 169 81 1210 254 225 70 265 126 60 80 176 61 113 117 383 100 62 69 209 144 84 324 115
leaf_count=140 65 68 61 291 214 112 346 169 81 1210 254 225 70 265 126 60 80 176 61 113 117 383 100 62 69 209 144 84 324 115
internal_value=-0.00184687 -0.00100095 -0.00175527 -0.000696921 -0.0085544 0.01155 -0.00127303 -0.000165831 -0.00792785 0.000764331 -0.00727804 0.00196068 -0.0103531 -0.0133781 0.00382813 -0.0131828 0.00442771 -0.000736178 0.00766529 -0.00215837 -0.00514013 -0.00178411 -0.00502727 0.00502994 0.00278704 -0.0034629 0.00948473 -0.0125517 -0.015901 0.0173491
internal_weight=5794 5275 4980 4314 666 295 4174 3583 591 3292 423 2869 519 479 187 449 161 1659 237 1422 887 662 545 162 535 278 257 430 389 227
internal_count=5794 5275 4980 4314 666 295 4174 3583 591 3292 423 2869 519 479 187 449 161 1659 237 1422 887 662 545 162 535 278 257 430 389 227
is_linear=0
shrinkage=0.035


Tree=35
num_leaves=31
num_cat=0
split_feature=260 222 2 13 261 126 13 13 183 183 59 163 260 260 223 82 270 173 173 270 270 247 19 221 151 19 4 82 195 17
split_gain=32.367 32.4671 24.2546 35.8978 25.3119 53.6608 36.4001 46.4885 51.8899 30.7219 28.6853 27.3139 24.9633 47.4731 50.1334 34.3697 23.5424 46.8794 35.2453 34.941 27.1821 34.0753 25.5466 24.8968 24.6824 23.8089 26.451 21.284 21.1946 21.1148
threshold=0.87773940840369258 10.356195576804243 6391.4099121093759 14.1424186116533 527.10498046875011 48.000000000000007 32.018680125402604 25.546936265185792 0.20052615747747879 0.63223206200875004 37.159049987792976 -0.23789799314721063 0.38379756736703491 0.76286560327442166 31.847720641560986 1107.0000000000002 117.59517811630604 0.11012984248610649 0.34700602350777332 129.52264535446056 96.719045843713602 574.86499023437511 5282.5000000000009 184.74382065380141 0.34650000184774404 5842.5000000000009 -4.8066622288887713 1275.5000000000002 0.0093099443530303052 16.308681297899643
decision_type=2 2 2 2 2 2 2 2 2 2 2 2 2 2 2 2 2 2 2 2 2 2 2 2 2 2 2 2 2 2
left_child=2 -2 3 -1 12 -6 7 9 10 11 -9 -7 16 14 15 -14 17 20 19 -18 21 -5 -21 -22 -24 -23 28 -19 -27 -8
right_child=1 -3 -4 4 5 6 29 8 -10 -11 -12 -13 13 -15 -16 -17 18 27 -20 22 23 25 24 -25 -26 26 -28 -29 -30 -31
leaf_value=0.012328835950911247 -0.0017591474954438654 -4.6922233373127845e-05 -0.0014974171085372914 -0.0025691508656302234 0.024595737251108911 -0.0021931270939195007 -0.00085698305839985393 -0.0031604456742075925 0.015856029377897984 -0.0015798523340047393 0.0074311943958165665 0.00012474318690718552 0.016139401877338928 -0.0016257758358605148 -0.0019717714804951842 -0.0019194845600215451 -0.0027088546627186435 -0.00097106638735398496 0.014747595415382821 -0.0025115313558343802 0.02129309918654616 0.014120948106144062 -0.0013110542651450674 -0.0026475972490741669 0.019533407879613596 -0.0025270792083393347 -0.0037796955214327637 -0.0032257580835949049 0.014556177961223056 0.00080743770936663524
leaf_weight=83 168 137 63 318 62 66 786 98 218 138 132 324 424 171 155 69 265 649 101 65 226 80 101 62 123 80 102 92 354 82
leaf_count=83 168 137 63 318 62 66 786 98 218 138 132 324 424 171 155 69 265 649 101 65 226 80 101 62 123 80 102 92 354 82
internal_value=-0.00197965 -0.0129839 -0.00135693 -0.00109556 -0.00145942 -0.00468864 -0.00579232 -0.00114169 0.00710817 -0.00814259 -0.00446809 -0.00301266 0.000335561 0.00564927 0.00996937 0.0153916 -0.00133435 0.00058689 -0.00705303 -0.0105188 0.00479218 0.00186368 -0.00202381 0.0140956 0.00366812 0.00665056 0.0038817 -0.00633378 0.00765376 -0.0109851
internal_weight=5794 305 5489 5426 5343 1906 1844 976 448 528 230 390 3437 819 648 493 2618 1963 655 554 1222 934 289 288 224 616 536 741 434 868
internal_count=5794 305 5489 5426 5343 1906 1844 976 448 528 230 390 3437 819 648 493 2618 1963 655 554 1222 934 289 288 224 616 536 741 434 868
is_linear=0
shrinkage=0.035


Tree=36
num_leaves=31
num_cat=0
split_feature=274 49 8 4 183 49 189 148 256 274 9 261 270 193 89 270 5 7 183 183 126 270 91 71 60 5 137 38 82 27
split_gain=30.7977 27.2645 46.1415 37.3689 27.2669 25.4055 22.9842 30.0625 37.1565 33.6353 25.1406 24.5666 25.2773 29.6461 26.1532 24.5977 23.9025 31.38 24.6653 32.1098 26.1523 24.586 25.5696 23.5218 23.3663 22.365 22.2378 22.1644 19.7003 19.2912
threshold=0.9646794378582586 2499.0000000000005 -15.303317884634636 19.037079032238253 0.93515101776664644 2619.0000000000005 14.362535384393203 530.50000000000011 60.07120134308682 -0.41068652201404676 -14.596503671161994 528.02999877929699 120.84608097262756 -0.80426188258421238 15.806248152819627 126.53540233067049 44.036045355381354 -41.49748909266814 -0.10890815883263534 0.30319406646840741 374.50000000000006 49.06817512324821 -2.9847429332235644 683.00000000000011 3250.5000000000005 10.048464803191699 1270.5000000000002 721.00000000000011 2033.0000000000002 1024.0000000000002
decision_type=2 2 2 2 2 2 2 2 2 2 2 2 2 2 2 2 2 2 2 2 2 2 2 2 2 2 2 2 2 2
left_child=1 4 5 -4 6 -3 7 9 24 -1 -11 12 13 -10 -15 -14 18 23 -12 -20 -21 -19 -23 -18 -9 -8 -22 -16 -17 -7
right_child=-2 2 3 -5 -6 29 25 8 11 10 16 -13 15 14 27 28 17 21 19 20 26 22 -24 -25 -26 -27 -28 -29 -30 -31
leaf_value=-0.0027444416382546568 -0.0012830688595685015 -0.0019045784164803288 0.016547761214619851 -0.0014444543633865109 0.01175718215947498 0.0096508103482450761 -0.0020840592319787982 0.013527759484081791 0.013232740815807881 0.013737239425081239 0.015151016491537632 -0.0019059805113028452 -0.0024234110336618792 0.016769094690517131 0.015468781553732406 0.010242392022925923 -0.0024061976039776189 0.016981664772811267 -0.0016450248705704891 -0.0015793778086455699 -0.00045506341826047797 -0.0019512480732210343 0.0087342405267072151 0.018531577107874113 -0.0017797099328577197 -0.00012315720718492103 0.017956258601616482 -0.0043793233961310699 -0.0031864158862841894 -0.00068468123918672243
leaf_weight=85 70 73 88 110 87 150 212 611 189 76 111 71 80 76 92 162 60 65 343 270 105 333 98 159 116 270 86 287 114 1145
leaf_count=85 70 73 88 110 87 150 212 611 189 76 111 71 80 76 92 162 60 65 343 270 105 333 98 159 116 270 86 287 114 1145
internal_value=-0.00197965 -0.00168616 -0.00561426 0.01 -0.000201778 -0.0079024 -0.00062684 0.000340846 0.003533 -0.0028647 -0.00175921 -0.00061803 0.000835821 0.00496148 7.6087e-05 -0.0065928 -0.00269725 0.00209028 -0.00642935 -0.00856613 -0.00247854 -0.00279441 -0.00586009 0.0129688 0.00961066 -0.00776181 0.00732143 -0.00373698 -0.00149466 -0.00670385
internal_weight=5794 5724 1566 198 4158 1368 4071 3589 1798 1791 1706 1071 1000 644 455 356 1630 715 915 804 461 496 431 219 727 482 191 379 276 1295
internal_count=5794 5724 1566 198 4158 1368 4071 3589 1798 1791 1706 1071 1000 644 455 356 1630 715 915 804 461 496 431 219 727 482 191 379 276 1295
is_linear=0
shrinkage=0.035


Tree=37
num_leaves=31
num_cat=0
split_feature=60 183 93 13 49 222 189 148 270 183 224 27 270 256 270 183 93 44 183 183 49 30 150 270 213 93 183 19 79 82
split_gain=27.9761 30.4177 34.5145 28.4412 37.8762 26.6936 22.5821 33.0907 35.4961 21.8481 29.0089 24.8717 23.2619 31.9721 21.7081 32.0292 27.7669 20.5447 19.5684 24.828 23.9934 23.3446 20.4877 20.3107 22.6265 18.691 22.5341 18.5971 16.9823 16.807
threshold=76.000000000000014 0.85358983167205749 3357.0000000000005 12.928050324262708 2499.0000000000005 14.177600733695819 14.347764545157499 530.50000000000011 120.84608097262756 -0.7826421683393282 0.99999999998977362 2758.5000000000005 61.274797439155442 60.07120134308682 148.26001012225393 -0.49958932328843514 546.50000000000011 0.26209999620914465 0.65354890341240013 0.19067901234536 4303.5000000000009 6197.5000000000009 0.027700003236532215 52.973231518721242 9.9252490431208802 619.50000000000011 0.012194560940674956 6297.5000000000009 0.016854035997222783 1273.5000000000002
decision_type=2 2 2 2 2 2 2 2 2 2 2 2 2 2 2 2 2 2 2 2 2 2 2 2 2 2 2 2 2 2
left_child=5 3 17 -2 6 -1 7 14 9 -9 11 12 25 -14 15 -5 -17 27 19 20 -6 -20 -21 -24 -25 -11 -27 -3 -10 -15
right_child=1 2 -4 4 18 -7 -8 8 28 10 -12 -13 13 29 -16 16 -18 -19 21 22 -22 -23 23 24 -26 26 -28 -29 -30 -31
leaf_value=-0.0015899915477531044 0.0097373180425109323 0.010349808835609348 0.020675086429441741 -0.0026990243383358797 -0.0011256362514765162 0.0088333638407070061 -0.001200618838994649 0.0099820922857482078 -0.0021787937286294849 -0.0031200765804632875 -0.0026710500035919257 0.018449668060282694 0.015298138311079389 0.012307348345410236 0.013510528895970261 0.010726697205614843 -0.0008462975833808473 -0.002125463733457701 -0.0012655063319584759 -0.0017662369586434004 0.008521138601073697 0.0083618631395547521 0.014072549244910295 0.00053533743653059584 -0.00096948213058151665 0.020146106491160082 -0.0031047781538231065 -0.0025014560680249355 5.8172394125730056e-05 -0.0025219851794964503
leaf_weight=176 92 175 111 90 296 70 466 232 161 66 168 160 248 189 113 209 1182 76 281 79 82 62 189 137 67 83 77 60 205 192
leaf_count=176 92 175 111 90 296 70 466 232 161 66 168 160 248 189 113 209 1182 76 281 79 82 62 189 137 67 83 77 60 205 192
internal_value=-0.00195551 -0.00143706 0.00754098 -0.00218281 -0.00254217 -0.0133865 -0.000846334 0.000155325 0.00342945 0.00594014 0.00397727 0.00621078 0.00378488 0.00723186 -0.00350219 -0.00463997 -0.00328438 0.00143987 -0.00797579 -0.00507602 -0.0116971 -0.0149856 0.000293501 0.00360553 -0.00401914 -0.00575758 0.000848485 0.0065625 -0.00622642 0.000816062
internal_weight=5794 5548 422 5126 5034 246 3841 3375 1781 1415 1183 1015 855 629 1594 1481 1391 311 1193 850 378 343 472 393 204 226 160 235 366 381
internal_count=5794 5548 422 5126 5034 246 3841 3375 1781 1415 1183 1015 855 629 1594 1481 1391 311 1193 850 378 343 472 393 204 226 160 235 366 381
is_linear=0
shrinkage=0.035


Tree=38
num_leaves=31
num_cat=0
split_feature=60 247 13 183 49 223 13 270 222 19 212 148 256 19 270 183 256 22 150 49 171 126 270 218 183 183 49 48 267 82
split_gain=27.6217 28.6611 40.4995 28.2344 35.365 30.9224 25.0409 24.7413 23.8931 22.5912 23.0009 23.4627 34.0138 30.0182 23.7762 24.6285 23.4811 21.8413 29.5486 21.5027 20.8331 20.72 26.6136 21.2066 20.4261 19.4113 24.8303 19.3907 18.2439 17.9274
threshold=76.000000000000014 636.88500976562511 14.1424186116533 0.85650360867116848 2499.0000000000005 31.847720641560986 36.928266125743853 77.637745997607297 14.177600733695819 5272.5000000000009 7.4908084977977945 530.50000000000011 60.07120134308682 5602.5000000000009 138.26223372083129 -0.49958932328843514 86.749052191743786 0.120449997484684 0.034549996256828315 1686.0000000000002 0.40217499434947973 1314.0000000000002 47.139399581585714 10.253966020372026 0.65354890341240013 0.19067901234536 4303.5000000000009 29.343599319458011 4.3594909952004999 2660.0000000000005
decision_type=2 2 2 2 2 2 2 2 2 2 2 2 2 2 2 2 2 2 2 2 2 2 2 2 2 2 2 2 2 2
left_child=8 2 -2 4 9 6 -5 -8 -1 -4 11 14 21 20 15 -11 19 18 -6 27 -14 -13 -23 -24 25 26 -19 -15 -12 -18
right_child=1 -3 3 5 17 -7 7 -9 -10 10 28 12 13 16 -16 -17 29 24 -20 -21 -22 22 23 -25 -26 -27 -28 -29 -30 -31
leaf_value=-0.0015343418435817468 0.012746170827063632 -0.0018422108828049036 -0.0024718987779902444 0.017277553540441026 -0.0009030484830261881 -0.0014956574145858813 -0.0024640687039857285 0.013937970961620413 0.0085241961062822603 -0.0036052360522660374 -0.0015578285846821922 0.015160547544898213 0.027631130583667417 0.010880816470215491 0.012036322787468808 -0.00049670075084309374 0.010264645824157224 -0.0011583854972864339 0.012261017064199672 0.010643310345033529 0.0091681973966437312 -0.0019028106583803492 -0.0027290020230543144 0.016867844337505607 -0.0012900706241208316 -0.00015323709921096496 0.012087907732074925 -0.0028905564878758429 0.012951286863355751 -0.0026510484409922952
leaf_weight=176 79 78 73 169 88 60 100 76 70 63 687 331 60 76 120 1170 203 271 102 85 103 65 62 145 285 361 76 390 88 82
leaf_count=176 79 78 73 169 88 60 100 76 70 63 687 331 60 76 120 1170 203 271 102 85 103 65 62 145 285 361 76 390 88 82
internal_value=-0.00202794 -0.0015127 -0.00120183 -0.00157617 -0.00230014 0.0072561 0.0113 0.0019337 -0.0133865 -0.000652574 -0.000262383 0.00114696 0.00400747 3.48606e-05 -0.00224227 -0.00370355 -0.0026635 -0.00757155 0.00323077 -0.00686151 0.0135417 0.0105345 0.0032852 0.00941038 -0.00964429 -0.00638149 -0.0122301 -0.00980892 -0.00560897 0.00543103
internal_weight=5794 5548 5470 5391 4986 405 345 176 246 3803 3730 2955 1602 999 1353 1233 836 1183 190 551 163 603 272 207 993 708 347 466 775 285
internal_count=5794 5548 5470 5391 4986 405 345 176 246 3803 3730 2955 1602 999 1353 1233 836 1183 190 551 163 603 272 207 993 708 347 466 775 285
is_linear=0
shrinkage=0.035


Tree=39
num_leaves=31
num_cat=0
split_feature=110 6 8 49 99 49 247 4 183 60 274 183 60 11 165 163 148 8 93 74 114 69 222 267 82 274 258 71 2 247
split_gain=28.3241 28.0431 42.0165 34.8455 27.3271 23.7435 22.1566 22.7228 39.0099 25.3735 25.6895 33.5056 25.0774 24.0086 27.6399 28.3971 23.1636 42.5677 30.432 26.2044 25.4436 21.2758 21.2226 21.1613 20.9561 19.5917 18.7396 25.6831 20.9934 35.6594
threshold=0.093249998986721053 22.232649087401516 -11.690725984288266 2499.0000000000005 0.13425000011920932 2619.0000000000005 636.32501220703136 -55.788904669007721 -0.7826421683393282 2525.5000000000005 0.91135281494869202 0.89850355982888763 4008.5000000000005 63.384294034349558 0.023464607723273374 -0.15899896966946706 549.50000000000011 -72.763864963538865 716.00000000000011 6232.5000000000009 52.103099822998054 -3.8943250746445996 20.721784346178172 4.3042346696936526 115.50000000000001 -0.24705708255351513 0.021499995142221454 849.50000000000011 6280.1250000000009 635.44500732421886
decision_type=2 2 2 2 2 2 2 2 2 2 2 2 2 2 2 2 2 2 2 2 2 2 2 2 2 2 2 2 2 2
left_child=-1 2 3 6 -4 -5 7 12 -9 10 11 16 13 14 -2 -16 17 20 -18 21 -10 23 25 -19 -7 -11 27 -26 -29 -30
right_child=1 -3 4 5 -6 24 -8 8 9 22 -12 -13 -14 -15 15 -17 18 19 -20 -21 -22 -23 -24 -25 26 -27 -28 28 29 -31
leaf_value=-0.00049447447352142851 0.01119548654974027 -0.0016223832690891692 0.01285074068259822 -0.0018434484099600569 -0.00031026692849299214 0.018248408997817805 -0.0011453529286924915 0.0099053832203117222 0.013201355448027381 0.0097278743263629983 -0.002215218732799304 0.014507674547656451 0.010191044645624772 -0.0026124912031260487 -0.0021269338272452134 0.013171633692475654 -0.0023447117741207564 -0.0014746045481077654 0.012014263913868487 0.0083693631794222699 -0.0017642524601284245 0.009953804694567971 0.01545745929311155 0.0045913218196514931 0.017369582247392469 -0.0042793809516965447 -0.0010757754888133849 -0.00090141972875539217 0.019070192296456814 -0.0018828551808456869
leaf_weight=64 174 242 145 73 119 92 74 147 300 61 63 85 90 516 201 160 300 571 535 62 69 124 78 101 91 160 437 454 131 75
leaf_count=64 174 242 145 73 119 92 74 147 300 61 63 85 90 516 201 160 300 571 535 62 69 124 78 101 91 160 437 454 131 75
internal_value=-0.00205208 -0.00178204 -0.00126161 -0.00195448 0.0122305 -0.00677835 -0.000261868 0.000119674 0.00189402 0.000849244 0.00214898 0.00281366 -0.00400087 -0.00553504 -0.000324074 -0.00583333 0.00189647 -0.00116477 0.006375 -0.00543453 0.00870321 -0.00716604 -0.00863487 -0.00961595 -0.00561089 -0.0140929 -0.00686505 -0.00347222 -0.00589474 0.00331754
internal_weight=5794 5730 5488 5224 264 1353 3871 3797 2656 2509 2210 2147 1141 1051 535 361 2062 1227 835 858 369 796 299 672 1280 221 1188 751 660 206
internal_count=5794 5730 5488 5224 264 1353 3871 3797 2656 2509 2210 2147 1141 1051 535 361 2062 1227 835 858 369 796 299 672 1280 221 1188 751 660 206
is_linear=0
shrinkage=0.035


Tree=40
num_leaves=31
num_cat=0
split_feature=49 13 9 211 256 274 4 104 93 10 270 148 268 212 150 221 52 148 256 208 13 203 270 274 223 270 260 254 52 49
split_gain=31.3115 45.7938 39.8918 37.9375 49.6898 26.9296 21.6566 30.2691 41.2623 27.4628 31.0048 42.5541 28.7412 31.0645 23.8385 30.2329 33.6123 23.1644 22.6872 22.2331 21.5518 23.6332 21.4826 18.4649 18.4287 20.3642 24.2087 18.2673 17.3534 37.5552
threshold=2499.0000000000005 32.750638817623503 13.794422497986037 0.67701551010101169 26.689871257004786 0.91135281494869202 44.689984705495981 173.50000000000003 891.50000000000011 155.42659758142062 121.04142388005546 549.50000000000011 -44.152811845439835 7.5041161529300959 0.067149996757507338 77.112907131549363 5942.5000000000009 239.00000000000003 60.07120134308682 0.013349980115890505 42.506275198875009 0.16874972491545898 129.52264535446056 0.15784054987280596 28.014279793335501 59.845688730939393 0.046611276531023198 0.99042857905629067 6272.5000000000009 4303.5000000000009
decision_type=2 2 2 2 2 2 2 2 2 2 2 2 2 2 2 2 2 2 2 2 2 2 2 2 2 2 2 2 2 2
left_child=5 2 -2 23 -5 6 7 8 -1 10 11 14 -13 18 15 20 17 -17 24 -20 -9 -22 -12 -4 25 26 -14 -24 29 -3
right_child=1 28 3 4 -6 -7 -8 9 -10 -11 22 12 13 -15 -16 16 -18 -19 19 -21 21 -23 27 -25 -26 -27 -28 -29 -30 -31
leaf_value=-0.0017260103837496675 -0.00093646536552466808 -0.0011312972185019365 0.023261021063944138 -0.0017194092668482966 0.01949630961492663 -0.0023207640014538027 -0.0012469317902286899 -0.00019457048346609526 0.014375412397166571 0.0099027333076578371 -0.0023667922694270462 0.021282158117938519 -0.0022800952878642695 -0.0017743666351983053 -0.0015306129235669133 0.019729881426803961 -0.001986157700367662 0.0010460063236244575 0.0068431161190513207 -0.003556986047229311 0.0068262143972774901 -0.0031111563816394825 0.00072640231339244309 0.0037854893176534083 -0.0017432292328930612 0.013539667235207985 0.019698078505519644 -0.0043996858387343844 -0.00081533053111456765 0.0096521950404052335
leaf_weight=178 193 560 81 161 105 84 157 576 218 231 225 66 87 347 237 90 65 65 398 112 101 227 181 150 60 360 80 63 137 199
leaf_count=178 193 560 81 161 105 84 157 576 218 231 225 66 87 347 237 90 65 65 398 112 101 227 181 150 60 360 80 63 137 199
internal_value=-0.00219693 -0.00637964 0.000402878 0.00564741 -0.00335793 -0.000614764 -0.000203439 0.000308409 0.00942643 -0.000714485 -0.00152765 -0.000158206 0.00388119 0.00280193 -0.00463763 -0.00248007 0.00902222 0.0177188 0.00568512 0.000271845 -0.00531353 -0.0124024 -0.00982068 0.0158686 0.0103463 0.0124342 0.00223837 -0.00253012 -0.011576 -0.00939136
internal_weight=5794 1586 690 497 266 4208 4124 3967 396 3571 3340 2871 1510 1444 1361 1124 220 155 1097 510 904 328 469 231 587 527 167 244 896 759
internal_count=5794 1586 690 497 266 4208 4124 3967 396 3571 3340 2871 1510 1444 1361 1124 220 155 1097 510 904 328 469 231 587 527 167 244 896 759
is_linear=0
shrinkage=0.035


Tree=41
num_leaves=31
num_cat=0
split_feature=49 13 220 71 256 150 260 183 71 193 27 49 191 25 49 261 66 30 270 261 126 270 71 27 16 223 218 150 215 260
split_gain=30.0585 40.4809 36.7605 36.7829 44.1966 25.8014 25.523 49.5843 19.3485 23.809 19.3153 23.2422 32.2205 28.8537 16.8732 23.2641 30.8047 26.6223 33.512 35.7716 23.2291 25.3518 21.8647 36.0089 21.574 19.7737 18.4628 17.7664 19.403 17.2685
threshold=2499.0000000000005 32.750638817623503 15.145360821029504 3179.0000000000005 26.689871257004786 0.031199995428323749 0.78599164927552878 0.88326967150456048 3761.5000000000005 0.95148620121831817 4072.5000000000005 4303.5000000000009 0.16735000163316729 -10.479965381417076 1896.5000000000002 528.02999877929699 0.18335000425577166 6112.5000000000009 39.987350473716212 556.51501464843761 1935.0000000000002 120.84608097262756 1287.0000000000002 2580.0000000000005 19.097879698894985 14.952713410993072 25.71644218052737 0.042649999260902412 -0.05109999701380729 0.36952452478519093
decision_type=2 2 2 2 2 2 2 2 2 2 2 2 2 2 2 2 2 2 2 2 2 2 2 2 2 2 2 2 2 2
left_child=6 2 -2 5 -5 -4 7 14 9 -8 11 -3 -13 -14 15 16 26 25 -19 -20 24 -22 -16 -24 27 -17 -1 -18 -29 -25
right_child=1 10 3 4 -6 -7 8 -9 -10 -11 -12 12 13 -15 22 17 20 18 19 -21 21 -23 23 29 -26 -27 -28 28 -30 -31
leaf_value=0.015026533877480472 -0.00089686026450424379 -0.0010503040404201795 -0.00120487130632218 -0.0014529234835824274 0.016948272579449815 0.015922065366007182 -0.0026499408114839594 0.013855784564775219 0.0051047272919217705 -5.5734272610125094e-06 -0.0013258065904589529 -0.0010878053645585152 0.031237625281244095 -0.0016700746452196851 0.012773492071252574 -0.00066368159098164248 -0.0021683187847392235 -0.0020095438069999208 0.015233501085895768 -0.001146582242173766 0.014470095556552345 -0.0011270352136080125 -0.0021033989115015225 0.00016632279483829782 0.011106416854998387 -0.0017122638029663663 -0.00066773289641650004 -0.00228188772800459 0.010128193676127523 0.012595426069301063
leaf_weight=236 210 578 74 107 63 236 163 105 67 95 93 86 79 60 150 352 831 100 121 89 207 118 191 94 212 83 100 481 332 81
leaf_count=236 210 578 74 107 63 236 163 105 67 95 93 86 79 60 150 352 831 100 121 89 207 118 191 94 212 83 100 481 332 81
internal_value=-0.00228143 -0.00637964 0 0.00534021 -0.0076 0.0124444 -0.00073107 6.30144e-05 -0.0100758 -0.0143726 -0.0112653 -0.00939975 0.000152174 0.0104514 -0.000610626 -0.0015427 6.93894e-05 -0.00695333 0.000888889 0.0087907 -0.001457 0.00710606 0.00523992 0.000566038 -0.00297152 -0.0124886 0.00985337 -0.0043299 -0.000641809 0.0118611
internal_weight=5794 1586 690 480 170 310 4208 3883 325 258 896 803 225 139 3778 3262 2517 745 310 210 2181 325 516 366 1856 435 336 1644 813 175
internal_count=5794 1586 690 480 170 310 4208 3883 325 258 896 803 225 139 3778 3262 2517 745 310 210 2181 325 516 366 1856 435 336 1644 813 175
is_linear=0
shrinkage=0.035


Tree=42
num_leaves=31
num_cat=0
split_feature=260 115 193 222 6 8 49 221 163 193 30 148 270 261 183 189 170 49 214 13 11 13 147 163 5 183 30 132 260 135
split_gain=28.4142 37.2399 38.9577 32.7705 31.7407 28.4174 33.1008 27.2517 29.2583 39.4492 23.6328 23.3423 29.4421 29.1924 29.187 23.4195 25.4489 21.085 20.3756 20.3261 36.3503 22.6356 21.0574 27.4439 23.5411 20.2378 20.2218 19.4457 32.6838 19.1313
threshold=0.87773940840369258 9255.0000000000018 0.95509914907001459 10.356195576804243 22.232649087401516 -10.049725672237654 2499.0000000000005 94.633510920385746 0.085283612852913068 -0.73560199885883637 5932.5000000000009 607.50000000000011 120.43191194236658 515.07000732421886 0.21309909280110928 14.184877860641487 0.0061999931931495675 150.50000000000003 0.0097499936819076555 31.591934084360798 34.650981312328533 26.893099279215452 34.288850784301765 0.48668695049266258 44.712821810570141 -0.10890815883263534 6002.5000000000009 0.18634999543428424 0.17478768019453725 -1.0741892240706157
decision_type=2 2 2 2 2 2 2 2 2 2 2 2 2 2 2 2 2 2 2 2 2 2 2 2 2 2 2 2 2 2
left_child=1 2 4 -2 5 6 7 11 9 -9 -10 18 13 -13 15 16 -15 -14 -1 20 -8 -22 23 -21 26 -20 -25 28 -27 -5
right_child=3 -3 -4 29 -6 -7 19 8 10 -11 -12 12 17 14 -16 -17 -18 -19 25 22 21 -23 -24 24 -26 27 -28 -29 -30 -31
leaf_value=-0.0019494337513747163 -0.0018778158107897573 -0.0018245056980452489 0.016951077988491086 -0.0020950560151554581 -0.0016427020562399446 0.0091297632928489698 -0.00063631853369664902 0.0094287255424745434 0.013152779873246079 -0.003050894274826368 -0.00058409457893636224 0.014634298877844822 0.00057132385303749426 -0.0029932311200315575 0.017737830277925332 -0.0026618092063580138 0.008687902336745169 -0.0022080633825312269 0.010031733390672339 -0.0024370400920277623 -0.00055932303665318821 0.015941339922000881 -0.0010478293965543667 0.0020398877330704197 0.016773785747520354 -0.0012867870508837987 -0.0017262950315666767 -0.0011908141253396708 0.0083190217267903131 0.017455569627323402
leaf_weight=203 168 70 166 70 218 190 254 136 358 369 99 207 90 147 60 177 462 219 168 103 107 110 373 60 135 81 63 662 202 67
leaf_count=203 168 70 166 70 218 190 254 136 358 369 99 207 90 147 60 177 462 219 168 103 107 110 373 60 135 81 63 662 202 67
internal_value=-0.00222107 -0.00163724 -0.00129701 -0.0125323 -0.00183054 -0.00125694 -0.00178247 -0.000115226 0.00492244 -0.000892157 0.0112879 -0.00193067 0.00128018 0.004069 0.00115159 -0.000707965 0.00256515 -0.00813694 -0.00524603 -0.00679752 -0.00110294 0.0093018 -0.0104195 -0.00430328 0.00186312 -0.00334973 -0.00902344 -0.00534211 0.00230903 0.000246479
internal_weight=5794 5489 5419 305 5253 5035 4845 3640 962 505 457 2678 1362 1053 846 786 609 309 1316 1205 471 217 734 361 258 1113 123 945 283 137
internal_count=5794 5489 5419 305 5253 5035 4845 3640 962 505 457 2678 1362 1053 846 786 609 309 1316 1205 471 217 734 361 258 1113 123 945 283 137
is_linear=0
shrinkage=0.035


Tree=43
num_leaves=31
num_cat=0
split_feature=110 6 8 49 274 48 212 148 256 27 11 126 26 11 104 163 126 126 82 271 82 49 115 60 22 35 19 107 150 256
split_gain=27.71 26.8658 31.0249 28.1083 22.6741 21.4198 19.9825 23.4009 44.4249 26.6543 25.9351 26.2118 23.2978 23.0234 32.7514 20.9254 20.1938 20.0761 22.6563 19.7106 19.5501 18.5448 30.6028 20.7153 17.6036 17.4803 17.3936 17.0498 31.4925 25.7289
threshold=0.093249998986721053 22.232649087401516 -10.049725672237654 2499.0000000000005 0.85647212406916773 34.317951202392585 7.5503982927968831 804.50000000000011 60.07120134308682 505.50000000000006 118.80398432951442 135.50000000000003 28.100649833679203 73.065742120210615 184.00000000000003 -0.15899896966946706 2547.0000000000005 1314.0000000000002 1464.0000000000002 16.483541811714041 2593.0000000000005 4303.5000000000009 1252.5000000000002 756.50000000000011 0.11935000121593477 0.022059118597272016 5842.5000000000009 6257.5000000000009 0.036700006574392326 24.698449086237449
decision_type=2 2 2 2 2 2 2 2 2 2 2 2 2 2 2 2 2 2 2 2 2 2 2 2 2 2 2 2 2 2
left_child=-1 2 3 6 19 -3 7 10 17 26 13 -12 -8 14 -2 16 -11 -9 -19 21 -17 27 -23 -24 -4 -13 -10 29 -29 -5
right_child=1 5 24 4 -6 -7 12 8 9 15 11 25 -14 -15 -16 20 -18 18 -20 -21 -22 22 23 -25 -26 -27 -28 28 -30 -31
leaf_value=-0.00038741495570011555 0.012633105923351234 -0.0021650816365206636 0.013181306511430894 0.0096295331271428839 0.019950536572556955 0.0007132676022723151 -0.0027557334974766534 0.014017240454139249 0.00060981520818962774 -0.0038196122497281388 -0.0013811830289670653 -0.0024106748358646377 0.0020589159903960656 -0.0016577200693158496 -0.0004215391860636775 0.0093715609318630842 0.012916241748418012 -0.0019261053105735346 0.016265662215680484 0.014757905401176863 -0.0035543476190908617 0.014648637046717488 0.0044715558211472235 -0.0011037019121931675 0.0003023200458348514 0.013682365173386181 0.017851912726931464 -0.0016045929705493438 0.010787195030490337 -0.0012858698077442658
leaf_weight=64 75 180 116 63 62 62 408 232 186 242 140 79 247 531 835 163 64 113 112 88 70 73 139 179 111 331 65 104 76 584
leaf_count=64 75 180 116 63 62 62 408 232 186 242 140 79 247 531 835 163 64 113 112 88 70 73 139 179 111 331 65 104 76 584
internal_value=-0.0022935 -0.00202616 -0.00151648 -0.00206703 -0.00637291 -0.0133198 -0.000547717 0.000582794 0.00433307 -0.000704403 -0.00177104 0.00466667 -0.00609848 -0.00423582 -0.00084153 -0.00508272 -0.0110289 0.0129545 0.00532609 -0.00736842 0.00279412 -0.00852821 -0.0022096 -0.00693498 0.0110129 0.00910843 0.00861328 -0.0114844 -0.00189189 -0.0141181
internal_weight=5794 5730 5488 5261 1368 242 3893 3238 1247 790 1991 550 655 1441 910 539 306 457 225 1306 233 1218 391 318 227 410 251 827 180 647
internal_count=5794 5730 5488 5261 1368 242 3893 3238 1247 790 1991 550 655 1441 910 539 306 457 225 1306 233 1218 391 318 227 410 251 827 180 647
is_linear=0
shrinkage=0.035


Tree=44
num_leaves=31
num_cat=0
split_feature=49 13 10 71 256 160 274 183 22 213 49 148 189 148 210 270 6 27 260 170 104 47 80 108 79 49 268 190 221 270
split_gain=31.3508 39.417 30.6566 35.3391 35.3143 27.6535 23.1874 28.6258 26.9458 20.7255 24.9459 47.0417 18.8873 25.4961 25.0323 23.4322 26.7829 22.0596 27.4081 22.0707 21.6757 17.6118 20.9721 25.1852 16.2311 15.9902 14.4225 19.2486 16.1806 14.1361
threshold=2499.0000000000005 32.750638817623503 21.720129890782633 3375.5000000000005 26.689871257004786 0.018099997192621235 0.87407967449043544 0.89850355982888763 0.27064999938011175 10.339029102593761 4303.5000000000009 360.00000000000006 14.40120665715286 530.50000000000011 0.40938230429522687 120.84608097262756 17.421754147093818 2758.5000000000005 -0.56951071543116083 0.0091000124812126177 1351.5000000000002 -11.846057393135448 -4.4509044410577578 -16.154394792450287 0.016854035997222783 4373.0000000000009 -6.6163108490363545 -0.0055999830365180961 58.207061499620721 150.91404109453151
decision_type=2 2 2 2 2 2 2 2 2 2 2 2 2 2 2 2 2 2 2 2 2 2 2 2 2 2 2 2 2 2
left_child=6 2 -2 5 -5 -4 7 12 -9 10 21 -12 13 14 20 16 17 18 -15 -20 29 -3 -23 -24 -17 -7 -21 -28 -29 -1
right_child=1 9 3 4 -6 25 -8 8 -10 -11 11 -13 -14 15 -16 24 -18 -19 19 26 -22 22 23 -25 -26 -27 27 28 -30 -31
leaf_value=-0.00076418230985854103 -0.00099640858451821319 0.00029064961622437451 -0.0012287839308111168 -0.0016109325426071726 0.01461183972358833 0.017610865059062425 -0.0019413612244516562 0.015724907871852097 -0.00072076734256243174 -0.0011029317482275645 -0.0018076216689482715 0.020598701185747297 -0.0010827815501547446 0.010380609351565385 0.0098080766308355286 -0.0021521246964292702 -0.0031428341417121487 0.014980553326097382 -0.0025126071850088451 0.014733936143832328 -0.0013437806443259955 -0.001757147025938797 -0.00094581712779833252 0.00026627486694807582 0.00015617172446299568 0.0022013248848604516 -0.0013184937630863782 0.01694884339404585 0.0018755369691031152 0.010629983651261752
leaf_weight=1242 196 66 60 107 65 178 120 88 69 162 110 90 443 181 160 163 60 186 269 178 196 236 131 101 207 84 383 93 94 76
leaf_count=1242 196 66 60 107 65 178 120 88 69 162 110 90 443 181 160 163 60 186 269 178 196 236 131 101 207 84 383 93 94 76
internal_value=-0.00241421 -0.00659962 -0.000302158 0.0043487 -0.00830508 0.0111315 -0.000830762 -0.000376252 0.0140432 -0.0114206 -0.0088092 0.00170732 -0.000969258 -0.0001002 -0.00321024 0.00277075 0.00478261 0.00579554 0.00401496 0.00174658 -0.00460829 -0.0127273 -0.0150951 -0.00738397 -0.00504 0.0159925 0.004834 0.00206957 0.0111198 -0.00296296
internal_weight=5794 1586 690 494 172 322 4208 4088 157 896 734 200 3931 3488 1674 1814 1444 1384 1198 1017 1514 534 468 232 370 262 748 570 187 1318
internal_count=5794 1586 690 494 172 322 4208 4088 157 896 734 200 3931 3488 1674 1814 1444 1384 1198 1017 1514 534 468 232 370 262 748 570 187 1318
is_linear=0
shrinkage=0.035


Tree=45
num_leaves=31
num_cat=0
split_feature=49 13 5 211 256 213 49 110 49 81 71 260 153 59 163 163 60 71 274 13 13 71 138 49 215 126 256 258 203 195
split_gain=26.3574 33.4336 29.1003 24.8502 42.8755 22.1484 24.2185 29.7403 26.2466 20.2168 24.9632 25.0462 25.8787 28.6348 20.3157 18.765 18.6619 21.4028 18.0423 17.9631 45.5874 27.0307 27.4423 24.654 23.0545 19.1306 24.295 26.4992 21.7334 17.8207
threshold=2499.0000000000005 32.750638817623503 12.141785100003085 0.67701551010101169 26.689871257004786 10.339029102593761 4303.5000000000009 0.17324999719858172 5296.5000000000009 40.812999725341804 4448.5000000000009 0.65173824165071514 0.61262303321318357 30.08599948883057 -0.89440088698565312 0.24616676058974762 2585.5000000000005 788.50000000000011 0.14285518626959262 43.458909298729658 47.443112479828919 922.50000000000011 5.5000000000000009 1518.5000000000002 -0.061799995601177209 1371.5000000000002 62.845756224765417 0.033200003206729896 0.1987665749386828 0.014227117251287965
decision_type=2 2 2 2 2 2 2 2 2 2 2 2 2 2 2 2 2 2 2 2 2 2 2 2 2 2 2 2 2 2
left_child=9 2 -2 18 -5 6 -3 -8 -9 10 11 12 13 15 -11 29 19 -18 -4 21 -21 -16 -23 25 -25 26 28 -28 -22 -1
right_child=1 5 3 4 -6 -7 7 8 -10 14 -12 -13 -14 -15 16 -17 17 -19 -20 20 23 22 -24 24 -26 -27 27 -29 -30 -31
leaf_value=0.012723148565846014 -0.00063564778276096025 -0.00092381391299016275 0.021957473162466441 -0.0023516243536834784 0.0168811024289077 -0.0010643291370396016 -0.0018183602315354278 0.028290648928705472 -0.0016034465579311797 0.0098804767306078529 0.01674783142654053 -0.0019925834516202165 0.013900511931200838 -0.0019930897533441253 0.021388114176233753 0.013633952648335125 0.0027081960249489495 -0.0024576479873231775 0.0049461923706287641 -0.0017515129053384971 0.013824249601448341 -0.00057756466716938129 0.0073060293948379075 -0.00095693879044108092 0.016028636026445314 0.0060749877553514069 -0.0022955146123226564 0.0061508322993746806 -0.0013594092053770292 -0.0029241041338090457
leaf_weight=215 256 534 62 141 105 162 73 64 63 114 73 230 118 665 99 171 101 142 126 151 103 251 357 66 204 202 405 123 78 340
leaf_count=215 256 534 62 141 105 162 73 64 63 114 73 230 118 665 99 171 101 142 126 151 103 251 357 66 204 202 405 123 78 340
internal_value=-0.00236593 -0.00620365 -0.000402878 0.00510251 -0.00223108 -0.0106437 -0.0079567 0.00239024 0.0124621 -0.000913838 -0.0036984 -0.00455562 -0.0028897 -0.00423711 0.00119534 0.000574555 0.000459117 -0.00860887 0.0145078 0.00155822 -0.000837696 0.00604635 0.00319739 0.00150506 0.0106909 -0.00126092 -0.00397059 -0.00774859 0.00696237 -0.0025625
internal_weight=5794 1586 690 434 246 896 734 200 127 4208 1812 1739 1509 1391 2396 726 2282 243 188 2039 1332 707 608 1181 270 911 709 528 181 555
internal_count=5794 1586 690 434 246 896 734 200 127 4208 1812 1739 1509 1391 2396 726 2282 243 188 2039 1332 707 608 1181 270 911 709 528 181 555
is_linear=0
shrinkage=0.035


Tree=46
num_leaves=31
num_cat=0
split_feature=49 242 220 71 8 190 81 266 213 49 148 163 71 260 246 261 71 225 49 11 148 222 60 71 148 8 104 104 270 221
split_gain=23.0096 32.7333 28.1632 27.9371 23.8735 20.36 20.1302 19.9357 18.9931 23.1102 39.4154 18.8983 18.6676 22.4932 21.6564 28.1112 26.4667 26.4126 25.2864 25.2044 23.0745 22.2963 18.4115 21.4028 19.8089 26.4316 26.0587 41.7383 25.865 23.9445
threshold=2499.0000000000005 32.750638817623503 15.145360821029504 3179.0000000000005 1.0000000180025095e-35 -0.015200000256299971 40.812999725341804 1.8390344401775229 10.424451375003288 4303.5000000000009 360.00000000000006 -0.89440088698565312 4448.5000000000009 0.65173824165071514 0.16118867322106376 521.21499633789074 2129.0000000000005 0.15050186750914604 482.50000000000006 55.398989666942242 525.00000000000011 19.554765322507418 2585.5000000000005 788.50000000000011 649.50000000000011 -71.375502757056154 184.00000000000003 54.000000000000007 137.81405080587618 27.98191705326035
decision_type=2 2 2 2 2 2 2 2 2 2 2 2 2 2 2 2 2 2 2 2 2 2 2 2 2 2 2 2 2 2
left_child=6 2 -2 4 5 -4 12 -5 9 -3 -11 -8 13 14 16 17 18 -16 -1 -17 -20 -22 24 -24 26 29 27 -13 -28 -26
right_child=1 8 3 7 -6 -7 11 -9 -10 10 -12 22 -14 -15 15 19 -18 -19 20 -21 21 -23 23 -25 25 -27 28 -29 -30 -31
leaf_value=-0.0026470768579594218 -0.00086188976681976092 -0.00091245718893632544 -0.00023905525084534309 0.0099759082612940839 -0.0017415943339996109 0.01623401134326782 0.0095346600450365755 -0.0018039585403007163 -0.00096643902452618125 -0.0016844732917194131 0.018316839190057825 -0.0026777066795178276 0.016161657326611612 -0.0019228430308135082 0.016582189186687246 0.011744957644026763 -0.0070186291487996655 -0.0030557415806503835 -0.0050426267437576316 -0.0015281690664269276 -0.00033622336934239783 0.018409991411527216 0.0026134091640757358 -0.0023716303077668667 0.013822362283323916 0.0096066450266964355 -0.00058979210108836869 0.012649160550643036 0.010529316166833998 -0.0016646071701189884
leaf_weight=345 210 561 68 66 60 182 114 104 128 114 93 70 73 230 170 88 86 62 123 162 354 119 101 142 97 359 1022 153 62 276
leaf_count=345 210 561 68 66 60 182 114 104 128 114 93 70 73 230 170 88 86 62 123 162 354 119 101 142 97 359 1022 153 62 276
internal_value=-0.00235385 -0.00593966 -0.000201439 0.00447423 0.0106667 0.0153725 -0.000996914 -0.0068 -0.010333 -0.00815006 0.00181604 0.00110787 -0.00377545 -0.00451548 -0.00293593 0.00316222 -0.00579942 0.0118143 -0.00403277 -0.00494118 0.000349418 0.00388075 0.000397901 -0.00860887 0.00148973 0.0060787 -0.00109375 0.00967105 -0.00334252 -0.000462963
internal_weight=5794 1586 690 480 310 250 4208 170 896 768 207 2396 1812 1739 1509 482 1027 232 941 250 596 473 2282 243 2039 732 1307 223 1084 373
internal_count=5794 1586 690 480 310 250 4208 170 896 768 207 2396 1812 1739 1509 482 1027 232 941 250 596 473 2282 243 2039 732 1307 223 1084 373
is_linear=0
shrinkage=0.035


Tree=47
num_leaves=31
num_cat=0
split_feature=260 222 115 193 261 13 260 190 183 68 27 260 6 271 148 230 104 104 5 94 5 170 223 189 135 203 214 30 137 115
split_gain=24.3668 29.3905 26.4224 37.8785 22.5821 37.5623 44.9747 27.1505 24.1518 23.9855 23.5077 21.0253 39.844 36.5233 28.0597 22.8206 26.5684 27.0001 22.7927 21.5641 21.3425 21.0655 20.8699 19.6922 19.1313 17.5709 18.4286 17.5283 17.1032 16.5955
threshold=0.87773940840369258 10.356195576804243 9255.0000000000018 0.95509914907001459 525.66998291015636 32.018680125402604 -0.16335987674820049 -0.014600005000829695 -0.24367064800932386 0.021858555137581389 4395.5000000000009 0.38379756736703491 24.778227723627456 6.7777058441432176 494.50000000000006 -15.500601912573629 1366.0000000000002 411.50000000000006 53.943974944995169 166.50000000000003 44.354620347349645 0.015700001269578937 18.633688309050939 11.598497471167574 -1.0741892240706157 0.58131294696960623 0.030300002545118335 6357.5000000000009 1027.5000000000002 1117.0000000000002
decision_type=2 2 2 2 2 2 2 2 2 2 2 2 2 2 2 2 2 2 2 2 2 2 2 2 2 2 2 2 2 2
left_child=2 -2 3 4 11 6 -6 29 9 -7 27 14 13 18 15 -1 17 22 -13 23 21 -21 -17 -16 -3 26 -19 28 -9 -8
right_child=1 24 -4 -5 5 8 7 10 -10 -11 -12 12 -14 -15 19 16 -18 25 -20 20 -22 -23 -24 -25 -26 -27 -28 -29 -30 -31
leaf_value=0.0094003309071638858 -0.0016643753911892854 -0.0018026282323177286 -0.0015812777588686919 0.016194552994267052 -0.0022041086077817041 -0.0012910809671399146 0.0045997044675854708 0.021299233831669276 -0.00088258803670064536 0.013634775023542723 -0.0022209347983066586 -0.0048271474338531309 -0.0022779765754030491 0.012613699355569101 -0.0016962559955140196 -0.004207246055776835 -0.0021755988076277918 -0.0014692286873468721 0.0042406766323546934 -0.0022457538570898909 -0.0038649278478694259 0.012555172088173385 -0.0016891265318576525 0.0075648048449616047 0.016944580001862379 0.014557061259554556 0.0071864773761113982 -0.00094185773228640062 0.0057948324625375341 -0.00093354481326993265
leaf_weight=121 168 70 70 166 87 60 86 151 768 79 109 60 94 391 160 122 153 193 161 172 166 99 78 1009 67 115 161 70 283 305
leaf_count=121 168 70 70 166 87 60 86 151 768 79 109 60 94 391 160 122 153 193 161 172 166 99 78 1009 67 115 161 70 283 305
internal_value=-0.00230557 -0.0118548 -0.00176465 -0.00147769 -0.00200361 -0.00492761 -0.000542883 0.00159564 -0.01017 0.00315972 0.00617314 -0.000203988 0.00511955 0.00839546 -0.00168559 -0.00646097 -0.00854897 -0.00545252 -0.00294248 0.00112973 -0.0054638 0.000634058 -0.0160488 0.00360733 0.000246479 -0.000812236 -0.00467967 0.00935167 0.011959 -0.00556818
internal_weight=5794 305 5489 5419 5253 1998 1091 1004 907 139 613 3255 706 612 2549 943 822 669 221 1606 437 271 200 1169 137 469 354 504 434 391
internal_count=5794 305 5489 5419 5253 1998 1091 1004 907 139 613 3255 706 612 2549 943 822 669 221 1606 437 271 200 1169 137 469 354 504 434 391
is_linear=0
shrinkage=0.035


Tree=48
num_leaves=31
num_cat=0
split_feature=49 270 274 274 115 115 33 256 11 11 165 209 224 193 200 93 37 104 137 214 171 247 189 169 104 256 219 82 184 137
split_gain=21.4421 28.3039 30.5418 22.2307 20.0156 29.3431 27.7382 35.7 24.2517 26.9563 25.558 23.2195 22.1787 28.3318 25.0493 21.4319 20.3708 23.5529 22.6142 19.073 19.0329 18.3981 16.356 16.1142 15.9579 15.8625 18.3488 20.9468 16.9544 15.666
threshold=2499.0000000000005 50.853912844435918 0.11574963777329737 0.71478209712003804 1814.5000000000002 1108.5000000000002 0.17924999445676806 31.700264910269947 54.169486680517032 33.374645475111357 0.023338478458140566 10.043488577628208 -0.91421198728465003 -0.73560199885883637 -0.082150012254714952 30.000000000000004 26.730500221252445 712.50000000000011 1114.5000000000002 0.021599996834993366 0.18064999952912333 603.87500000000011 14.290239558592278 14.774943533977446 184.00000000000003 41.92864140929953 -60.532271136103184 1332.5000000000002 -0.019391833745410491 386.50000000000006
decision_type=2 2 2 2 2 2 2 2 2 2 2 2 2 2 2 2 2 2 2 2 2 2 2 2 2 2 2 2 2 2
left_child=4 2 23 -4 5 6 -1 -8 9 10 -9 24 15 19 -15 -10 -7 18 -18 -14 21 -16 -13 -2 -6 -22 27 -27 29 -28
right_child=1 -3 3 -5 11 16 7 8 12 -11 -12 22 13 14 20 -17 17 -19 -20 -21 25 -23 -24 -25 -26 26 28 -29 -30 -31
leaf_value=0.013218843146177568 0.022965470745561996 -0.00076349339862027412 -0.00070105956960351688 0.014651632247555467 0.0044242066504219168 -0.002035750082557534 -0.0018219407959782969 0.011019897469529919 0.01686805038942971 0.014968402590916422 -0.0016321323789263041 0.0094304390538413642 -0.00086052907497995385 0.012807924492043819 0.012234218967537193 -0.0024715285282920049 -0.00051711714527586392 -0.0011922389169772825 0.01070006407011085 0.011054525380097406 0.013249290780707416 -0.0013452328175644586 -0.0005127122228071407 0.00018577922477346355 -0.0015926648926243554 0.0088594346802741888 -0.0044275985118212811 -0.0054120026022414155 -0.0036291040035798176 0.0017205925695547926
leaf_weight=102 65 982 406 69 62 381 254 77 72 254 172 328 100 136 69 343 103 167 106 182 82 60 110 64 178 205 104 61 328 172
leaf_count=102 65 982 406 69 62 381 254 77 72 254 172 328 100 136 69 343 103 167 106 182 82 60 110 64 178 205 104 61 328 172
internal_value=-0.00239007 -0.00585167 0.000114943 -0.00401042 -0.00107999 -0.00213861 -0.000466163 -0.00116405 0.00015896 0.00695866 -0.00124016 0.00440703 -0.00164148 0.000349069 -0.00197627 -0.00875 -0.00822178 -0.00238845 0.0053972 0.0102439 -0.00377072 0.0086194 0.00916479 0.0148881 -0.00428571 -0.00548589 -0.00688 0.000774908 -0.0102299 -0.00373665
internal_weight=5794 1586 604 475 4208 3530 2773 2671 2417 503 249 678 1914 1499 1217 415 757 376 209 282 1081 129 438 129 240 952 870 266 604 276
internal_count=5794 1586 604 475 4208 3530 2773 2671 2417 503 249 678 1914 1499 1217 415 757 376 209 282 1081 129 438 129 240 952 870 266 604 276
is_linear=0
shrinkage=0.035


Tree=49
num_leaves=31
num_cat=0
split_feature=260 183 48 193 11 269 41 30 256 193 213 27 27 2 30 137 225 273 94 5 183 2 148 27 20 8 270 69 148 113
split_gain=24.9383 29.657 22.9685 21.8402 23.0791 18.8084 19.4046 24.8825 19.5282 22.1012 24.7468 37.0485 30.959 22.6284 29.9141 29.3414 27.1964 21.4102 21.4357 20.4829 20.4533 21.964 21.8406 30.7647 29.461 24.5557 21.9377 21.9145 20.3573 22.7517
threshold=0.78599164927552878 0.85650360867116848 31.147549629211429 0.95148620121831817 78.780106725553722 -16.579124795164653 5257.5000000000009 5237.5000000000009 12.524700469182035 -0.73560199885883637 9.9022117387187798 2525.5000000000005 3701.5000000000005 5943.8698730468759 6147.5000000000009 1087.5000000000002 0.20833652226540295 0.3025083682700786 228.50000000000003 70.660723351763991 0.5623463966755351 5960.1198730468759 179.00000000000003 1763.0000000000002 31.322621293762293 -74.725345072138751 61.274797439155442 -8.7316363764399956 294.00000000000006 -2.1279634336687923
decision_type=2 2 2 2 2 2 2 2 2 2 2 2 2 2 2 2 2 2 2 2 2 2 2 2 2 2 2 2 2 2
left_child=1 5 -3 -2 -5 -1 -7 -8 -9 17 11 20 -13 15 -15 19 -16 18 -10 -12 22 -22 23 -11 26 -26 27 -24 -27 -30
right_child=3 2 -4 4 -6 6 7 8 9 10 13 12 -14 14 16 -17 -18 -19 -20 -21 21 -23 24 -25 25 28 -28 -29 29 -31
leaf_value=0.010656421166361254 -0.0015432346130880366 -8.7397617643419364e-05 0.011163237652639954 0.016378241970748907 -0.0012137271021344857 -0.0023686743392033246 0.018425931490575434 0.006447220685269494 0.0079210974928913096 0.012269162840466618 0.0010143561298356779 0.010539707309436883 -0.00092706738735790948 -0.0016129085091551377 -0.00068572861522085259 0.011702434489318701 0.0041206031333531415 -0.0014584333017257458 -0.002871300961664111 -0.0035911031147727096 -0.0011322258319506374 -0.0020844674114488581 -0.0032380569933954974 -0.0024601525616491753 -0.00058464919823544078 -0.0027940942176051982 0.012425895864383172 0.00047330969722285957 -0.0034701807054960407 -0.00030859165982750295
leaf_weight=114 302 68 227 69 148 82 84 138 467 219 109 237 144 506 259 71 144 133 78 85 229 160 83 60 682 144 158 115 182 297
leaf_count=114 302 68 227 69 148 82 84 138 467 219 109 237 144 506 259 71 144 133 78 85 229 160 83 60 682 144 158 115 182 297
internal_value=-0.0026677 -0.00194223 0.00875 -0.00995229 -0.00141892 -0.00258375 -0.00291727 -0.00261641 -0.00296068 -0.00335669 -0.00437388 -0.0025267 0.00752591 -0.00860899 -0.0112199 0.000388889 -0.00403186 0.00245974 0.00553636 -0.00668342 -0.0041838 -0.0114594 -0.00269923 0.00628521 -0.00422269 -0.00665267 0.00465374 -0.00310345 -0.0116481 -0.00802686
internal_weight=5794 5275 295 519 217 4980 4866 4784 4700 4562 3884 2710 381 1174 909 265 403 678 545 194 2329 389 1940 279 1661 1305 356 198 623 479
internal_count=5794 5275 295 519 217 4980 4866 4784 4700 4562 3884 2710 381 1174 909 265 403 678 545 194 2329 389 1940 279 1661 1305 356 198 623 479
is_linear=0
shrinkage=0.035


Tree=50
num_leaves=31
num_cat=0
split_feature=260 222 4 193 261 242 260 242 173 260 163 270 148 173 270 261 211 268 183 222 274 60 135 118 19 150 249 222 173 126
split_gain=23.4872 33.0733 22.9494 28.3989 24.8621 36.6988 37.6643 30.9637 31.5794 30.1502 34.5132 25.5604 50.9386 28.9274 25.8149 23.6381 21.9867 20.066 20.0243 17.7429 24.5142 18.2912 17.7416 17.5119 18.2155 17.2302 17.0306 16.5923 21.4627 20.0719
threshold=0.87773940840369258 10.356195576804243 44.689984705495981 0.97042056798723675 527.10498046875011 32.670391168895058 -0.06181827655220349 27.040487683328539 0.30807440381168633 0.38379756736703491 0.74916035892641486 117.59517811630604 494.50000000000006 0.34700602350777332 126.53540233067049 568.09500122070324 0.20000480330466633 -41.983279383763225 -0.90963997941723174 8.8263625348385002 -0.4632439502942946 936.50000000000011 -1.0741892240706157 5777.5000000000009 5697.5000000000009 0.0034999996423721318 -0.22897276394040486 11.053708984095502 0.062688515429950256 382.50000000000006
decision_type=2 2 2 2 2 2 2 2 2 2 2 2 2 2 2 2 2 2 2 2 2 2 2 2 2 2 2 2 2 2
left_child=2 -2 3 4 9 6 -6 8 15 11 16 12 27 14 -13 -8 -11 -14 -16 20 -19 -22 -3 24 25 -21 -7 29 -29 -1
right_child=1 22 -4 -5 5 26 7 -9 -10 10 -12 13 17 -15 18 -17 -18 19 -20 23 21 -23 -24 -25 -26 -27 -28 28 -30 -31
leaf_value=0.011086258546985337 -0.0016149285299192236 -0.001659324616428755 -0.0015592458370526797 0.016388864042972268 -0.0015198732224888647 0.00079147851921370954 0.01832628858619945 0.0091632673419134638 -0.00077333453907230685 -0.0016398416045977416 -0.0011383569274767431 -0.0029198147915507856 0.01482286835182503 0.0099941694258493721 0.0075967638331270798 -0.00061382181166939388 0.010620743353593557 0.015166377366422044 -0.0018776723560793769 -0.0043715043127340036 0.010494708097307544 -0.0032920568784680164 0.015805003501772694 0.0092363227167993403 -0.0055689119398826875 0.011934688514244889 -0.00068629620409342779 -0.00013967742080669867 -0.002564020879836728 -0.00068343081221376061
leaf_weight=73 168 70 169 101 149 72 200 273 411 106 141 134 72 93 106 80 430 82 304 60 72 152 67 517 60 173 803 149 312 195
leaf_count=73 168 70 169 101 149 72 200 273 411 106 141 134 72 93 106 80 430 82 304 60 72 152 67 517 60 173 803 149 312 195
internal_value=-0.00270391 -0.0120806 -0.00217237 -0.0017615 -0.00212385 -0.00519819 -0.000970483 0.00158927 -0.00236351 -0.000227132 0.00631232 -0.00196952 5.46306e-05 -0.00801402 -0.0110929 0.00663158 0.0103512 0.00451802 -0.00657831 0.00330955 -0.00382637 -0.00978166 0.000739437 0.00601227 -0.000822148 0.00367647 -0.0105398 -0.00720027 -0.011191 -0.00025641
internal_weight=5794 305 5489 5320 5219 1988 1113 964 691 3231 677 2554 1917 637 544 280 536 1188 410 1116 306 224 137 810 293 233 875 729 461 268
internal_count=5794 305 5489 5320 5219 1988 1113 964 691 3231 677 2554 1917 637 544 280 536 1188 410 1116 306 224 137 810 293 233 875 729 461 268
is_linear=0
shrinkage=0.035


Tree=51
num_leaves=31
num_cat=0
split_feature=6 8 49 99 19 212 148 256 19 13 22 270 183 183 104 93 183 272 27 33 173 10 27 48 270 13 8 49 99 150
split_gain=20.9315 35.1896 26.2736 23.1267 22.4074 20.4011 24.161 32.2597 36.6466 27.6281 33.3628 23.2882 33.1382 24.5555 24.6465 38.3635 31.2008 26.8485 21.2374 20.4343 26.0858 22.6073 38.2145 19.435 18.379 36.2845 18.423 20.5118 17.3405 17.327
threshold=18.143299391923605 -10.049725672237654 2499.0000000000005 0.1300499960780144 5272.5000000000009 7.5503982927968831 530.50000000000011 60.07120134308682 5607.5000000000009 47.443112479828919 0.23209999501705172 150.91404109453151 -0.49958932328843514 -0.24367064800932386 184.00000000000003 1814.5000000000002 0.84762431440666097 0.029700025916099552 1240.5000000000002 0.47495000064373022 0.3947193676143903 72.249673690232484 1171.0000000000002 35.052650451660163 50.853912844435918 22.055444070330442 -29.357751885274144 2619.0000000000005 0.18845000118017199 0.026250004768371586
decision_type=2 2 2 2 2 2 2 2 2 2 2 2 2 2 2 2 2 2 2 2 2 2 2 2 2 2 2 2 2 2
left_child=1 2 4 -3 -1 6 11 9 -9 10 18 12 -6 -14 15 16 -15 -16 -8 20 21 -10 -23 -2 25 -4 27 -26 -20 -7
right_child=23 3 24 -5 5 29 7 8 19 -11 -12 -13 13 14 17 -17 -18 -19 28 -21 -22 22 -24 -25 26 -27 -28 -29 -30 -31
leaf_value=-0.0025328312354820906 -0.0021681408377567015 0.013304621910032162 -0.0011069414970745878 -0.00012678196452452136 -0.0038822019035782483 -0.0039038889734049416 -0.0019589561503025911 0.013961081721541044 -0.0027403425727616951 0.01280898637521668 -0.0083188003689692678 0.008581267700564844 0.013938823770983289 0.012981839848622679 -0.00036527922991247636 0.014749736372648382 -0.0024855378868587517 -0.0017355110628060448 0.0080617082929605732 0.0099227352797243776 0.01301552138160234 0.0085593646930822061 -0.0048147917158273042 0.00052698978132272598 -0.0017386839420486331 0.0051908065655283031 -0.0011361513109450685 -0.00041469438265231257 0.023043008906076176 -0.00072202927937413733
leaf_weight=74 265 90 190 86 64 132 71 159 359 244 62 93 68 111 813 60 120 212 169 127 74 155 107 87 70 302 194 663 60 513
leaf_count=74 265 90 190 86 64 132 71 159 359 244 62 93 68 111 813 60 120 212 169 127 74 155 107 87 70 302 194 663 60 513
internal_value=-0.00257113 -0.00203048 -0.0025498 0.0131492 -0.00104491 -0.000657755 0.000513884 0.00353957 -0.000390467 0.0098527 0.00362398 -0.00260349 -0.00370957 -0.0025198 -0.00360333 0.00532095 -0.00133475 -0.00615049 0.0084918 -0.00338573 -0.00575 -0.00810703 -0.000262172 -0.0107843 -0.00661166 -0.00112676 -0.00950107 -0.00687669 0.0136111 -0.0063
internal_weight=5794 5442 5266 176 3847 3773 3128 1587 981 606 362 1541 1448 1384 1316 291 231 1025 300 822 695 621 262 352 1419 492 927 733 229 645
internal_count=5794 5442 5266 176 3847 3773 3128 1587 981 606 362 1541 1448 1384 1316 291 231 1025 300 822 695 621 262 352 1419 492 927 733 229 645
is_linear=0
shrinkage=0.035


Tree=52
num_leaves=31
num_cat=0
split_feature=6 8 49 19 212 148 270 147 270 183 183 104 93 272 260 232 27 260 193 175 48 121 270 187 120 268 60 49 92 261
split_gain=20.9208 26.3735 23.3137 20.0618 20.2171 19.5989 30.6746 31.0969 21.3648 28.2703 24.2363 24.4853 38.1414 27.62 26.9171 21.0599 21.7478 20.1922 22.4232 21.3086 19.4192 18.1661 16.7242 19.057 21.8954 20.3587 28.3687 18.7465 28.7838 24.3562
threshold=22.232649087401516 -10.049725672237654 2499.0000000000005 5272.5000000000009 7.5503982927968831 530.50000000000011 117.59517811630604 26.840550422668461 150.91404109453151 -0.49958932328843514 -0.24367064800932386 184.00000000000003 1814.5000000000002 0.029700025916099552 0.65173824165071514 34.904984377702739 3412.0000000000005 -0.543725591940036 -0.21210862603748662 0.027572782807192851 34.317951202392585 0.12474999949336053 52.973231518721242 1.5913678737688316e-06 0.64574998617172252 5.3081239217467333 984.00000000000011 4303.5000000000009 55.504150390625007 533.82501220703136
decision_type=2 2 2 2 2 2 2 2 2 2 2 2 2 2 2 2 2 2 2 2 2 2 2 2 2 2 2 2 2 2
left_child=1 2 3 -1 5 8 15 -8 9 -5 -11 12 14 -13 -12 16 17 -7 19 -19 -2 -3 23 25 -25 26 -4 28 -24 -29
right_child=20 21 22 4 -6 6 7 -9 -10 10 11 13 -14 -15 -16 -17 -18 18 -20 -21 -22 -23 27 24 -26 -27 -28 29 -30 -31
leaf_value=-0.0024441821422402175 -0.0020672526484794237 0.011840308405531869 0.01880299283669035 -0.0037463248369530096 -0.0013058229127849944 0.0076395410628165798 0.015055134655039529 -0.0016877320126289621 0.0082861629812232655 0.013450964938998874 0.014973771808666866 -0.00035144201425249826 0.014233495599605689 -0.001699568279549676 -0.0020517919619463588 0.011882214506216359 0.014339412805158292 -0.0026575889594787276 0.0076840423487443401 0.0080402872535898055 0.0010123729373626765 0.00019155146964777939 -0.0012590790927325493 -0.002173410690172517 6.5658584628458534e-06 -0.0015063513733889304 -9.9634584727719696e-05 0.0077299564681154514 4.7657494038134134e-05 -0.00066375211353287677
leaf_weight=74 180 104 94 64 656 178 107 230 96 68 69 817 60 215 169 112 120 383 332 146 62 123 482 101 116 106 115 163 160 92
leaf_count=74 180 104 94 64 656 178 107 230 96 68 69 817 60 215 169 112 120 383 332 146 62 123 482 101 116 106 115 163 160 92
internal_value=-0.00249871 -0.00205327 -0.00255441 -0.00114842 -0.000786517 0.000375276 0.00308122 -0.00624269 -0.00241843 -0.0034833 -0.00239487 -0.00346067 0.00531353 -0.00600771 -0.00115226 0.00556818 0.00411942 0.00244732 0.000202079 -0.0042603 -0.0124696 0.00950431 -0.00637029 -0.00143389 -0.0093018 0.00404688 0.0103037 -0.00927384 -0.012442 -0.00121154
internal_weight=5794 5552 5325 3896 3822 3166 1608 337 1558 1462 1398 1330 298 1032 238 1271 1159 1039 861 529 242 227 1429 532 217 315 209 897 642 255
internal_count=5794 5552 5325 3896 3822 3166 1608 337 1558 1462 1398 1330 298 1032 238 1271 1159 1039 861 529 242 227 1429 532 217 315 209 897 642 255
is_linear=0
shrinkage=0.035


Tree=53
num_leaves=31
num_cat=0
split_feature=6 8 121 271 30 63 242 148 10 122 260 147 260 260 8 12 71 10 270 104 70 60 11 193 81 256 267 11 258 5
split_gain=22.2487 32.2146 21.1278 19.0835 21.2966 21.2323 31.8853 21.3404 21.6275 20.9046 21.9632 20.6274 21.2134 24.099 28.3333 20.9232 20.5664 26.2119 21.9874 20.9906 27.7435 19.4718 18.2937 18.2303 18.2183 17.8268 16.7099 16.157 15.9198 25.8649
threshold=18.143299391923605 -10.049725672237654 0.12474999949336053 6.1261976338446997 6352.5000000000009 6277.5000000000009 36.191146700867954 1272.5000000000002 83.18634045019833 21.616280122565119 -0.46994440471688165 36.370248794555671 0.75367642918234179 0.39884044267321395 -68.067922687839058 11.262536704357922 2129.0000000000005 58.111295251779346 108.44520685150594 715.00000000000011 44.783851623535163 735.50000000000011 44.233134501845392 -0.21210862603748662 37.56200027465821 54.497093535877262 6.5136735197501858 88.376101327145832 0.021200016140937809 64.624419634138761
decision_type=2 2 2 2 2 2 2 2 2 2 2 2 2 2 2 2 2 2 2 2 2 2 2 2 2 2 2 2 2 2
left_child=1 3 -3 26 5 7 -7 8 16 -9 -11 12 13 14 -10 -13 17 18 -5 20 -18 -19 -22 27 -20 -23 28 -12 29 -1
right_child=-2 2 -4 4 -6 6 -8 9 11 10 23 15 -14 -15 -16 -17 19 21 24 -21 22 25 -24 -25 -26 -27 -28 -29 -30 -31
leaf_value=-0.0007334411834873806 -0.0014504158443230481 0.012729120265155505 0.00037193661613410295 0.0050984230757485675 -0.0021131797267799732 0.016934724709149244 -0.00015658571329148303 0.016650383217905459 0.011812249502304631 0.0063938698369920242 4.5986277698253366e-05 -0.0038829210756156137 -0.0012013227039878466 0.016099772018563715 -0.0038438926223456952 0.0088116757868158015 -0.0017087210316826167 -0.0036456240083774676 0.0036249141794804166 -0.0018516788079776681 -0.00093877500396756053 0.0088285039814046985 0.0089976891056217957 0.007990845446618277 -0.0016726883798107094 -0.0018602958272670746 0.0038649801121331626 -0.005217251520266356 -0.0011798280436167686 0.0083982729318130694
leaf_weight=952 352 83 93 660 60 104 122 107 154 194 116 119 85 150 97 63 120 134 108 198 60 91 100 87 148 97 145 121 717 157
leaf_count=952 352 83 93 660 60 104 122 107 154 194 116 119 85 150 97 63 120 134 108 198 60 91 100 87 148 97 145 121 717 157
internal_value=-0.00231764 -0.0017606 0.0127624 -0.00225764 -0.000625758 -0.000226852 0.01 -0.00101029 -0.00251988 0.00472222 0.00173996 0.00280832 0.00655804 0.00991379 0.00314453 -0.0071123 -0.00459617 -0.0021963 0.000836048 -0.0107246 -0.00442105 -0.0107034 0.00509091 -0.00382979 -0.00777778 -0.00326425 -0.00497723 -0.00882231 -0.00588749 -0.00323609
internal_weight=5794 5442 176 5266 3295 3235 226 3009 2384 625 518 668 486 401 251 182 1716 1238 916 478 280 322 160 324 256 188 1971 237 1826 1109
internal_count=5794 5442 176 5266 3295 3235 226 3009 2384 625 518 668 486 401 251 182 1716 1238 916 478 280 322 160 324 256 188 1971 237 1826 1109
is_linear=0
shrinkage=0.035


Tree=54
num_leaves=31
num_cat=0
split_feature=159 213 129 19 19 161 125 163 153 11 213 104 270 5 270 93 218 118 274 19 21 49 115 71 19 261 22 17 151 48
split_gain=20.292 18.6595 17.3597 31.134 30.6499 37.0516 35.2703 32.5992 28.9841 28.1929 28.1233 48.3961 35.6794 31.7439 27.2144 27.7225 26.3999 26.3617 26.3462 32.1889 37.223 24.0479 42.386 21.6068 21.4626 20.3694 20.3618 20.1173 19.9791 19.6599
threshold=9.8607556649644419 8.7409762184268924 5952.5000000000009 6142.5000000000009 5812.5000000000009 0.32900000363588339 40.248350143432624 0.50638787473549229 -0.67222198341919548 81.696879081363235 9.7349505437085782 513.50000000000011 36.376866026999643 32.450957532544621 122.40327973124396 394.00000000000006 32.202526368085863 6102.5000000000009 0.22978242266486731 6307.5000000000009 0.15495000034570697 1090.5000000000002 676.00000000000011 1422.5000000000002 6077.5000000000009 528.02999877929699 0.18294999748468402 -9.5099992177632959 0.15444999933242801 30.435950279235843
decision_type=2 2 2 2 2 2 2 2 2 2 2 2 2 2 2 2 2 2 2 2 2 2 2 2 2 2 2 2 2 2
left_child=-1 -2 4 10 5 21 29 8 -6 16 11 -4 17 24 15 -10 18 -12 28 20 -20 22 -3 -18 -13 -15 -17 -25 -5 -7
right_child=1 2 3 9 7 6 -8 -9 14 -11 12 13 -14 25 -16 26 23 -19 19 -21 -22 -23 -24 27 -26 -27 -28 -29 -30 -31
leaf_value=0.0002653591509863171 -0.0024855077635436255 -0.0024616133869947879 -0.0011859358064628489 0.0087223308141305602 0.010709095758093553 -1.6168234115832015e-06 0.0057484074784585537 0.0096459071492649585 0.013710263990648295 -0.0014565947521977846 0.016368412874254421 0.023927232179358941 -0.0014515207325698513 0.0061904244194151796 -0.0046081324313258058 0.013556619954421466 0.010554362446068449 -0.00090227978361397793 0.011781513345679433 -0.0015528294019162671 -0.0010821027269178405 -0.0020329752227234757 0.011766988136398178 -0.0026389992517589448 -0.00082653682952993086 -0.00098808855626333078 -0.0010608422360627468 -0.00030725622931663702 0.00025965180178569639 -0.0029955259957755382
leaf_weight=84 193 109 285 217 110 243 413 215 136 112 75 148 850 132 112 71 80 61 154 145 77 360 135 72 64 109 545 174 167 146
leaf_count=84 193 109 285 217 110 243 413 215 136 112 75 148 850 132 112 71 80 61 154 145 77 360 135 72 64 109 545 174 167 146
internal_value=-0.00243835 -0.00269466 -0.00231347 -0.00416126 -0.000228846 -0.00372077 0.00121437 0.00389866 0.00114402 0.000174564 -0.00716599 -0.00197847 -0.0110192 0.00512009 -0.00104718 0.00138705 0.00192484 0.00546099 0.0054902 -0.00110236 0.00697034 -0.0102299 -0.00168675 -0.00634441 0.0148387 -0.00355691 -0.00180354 -0.0114343 0.0118766 -0.00630711
internal_weight=5794 5710 5517 2922 2595 1406 802 1189 974 1198 1724 738 986 453 864 752 1086 136 760 376 231 604 244 326 212 241 616 246 384 389
internal_count=5794 5710 5517 2922 2595 1406 802 1189 974 1198 1724 738 986 453 864 752 1086 136 760 376 231 604 244 326 212 241 616 246 384 389
is_linear=0
shrinkage=0.035


Tree=55
num_leaves=31
num_cat=0
split_feature=6 260 82 22 211 44 74 78 193 228 267 48 274 104 214 60 183 271 132 148 27 27 249 27 91 193 104 270 224 83
split_gain=19.9954 19.1984 31.6203 47.0693 29.1965 29.0942 32.0633 26.8505 23.7652 20.613 17.9656 16.3453 15.1602 14.1878 13.8679 18.3032 22.2399 16.951 17.5867 16.8521 23.7692 19.6627 19.2698 14.7478 14.5178 19.0997 14.3697 14.1389 14.9903 13.1599
threshold=22.232649087401516 0.87773940840369258 285.50000000000006 0.10694999992847444 0.69433057367684958 0.260550007224083 6272.5000000000009 9.3160670478197449 0.64797196799132684 -19.437614825916768 -8.6125257203878416 34.317951202392585 0.43273421504590898 4812.0000000000009 0.0013999976217746737 2525.5000000000005 -0.68404783199150276 15.129569495200199 0.19944999366998675 804.50000000000011 3378.5000000000005 802.50000000000011 0.28854024205715595 1564.5000000000002 -2.9622748220962394 -0.14702894420766147 1785.5000000000002 69.800084090501727 0.24705149564585269 24.500000000000004
decision_type=2 2 2 2 2 2 2 2 2 2 2 2 2 2 2 2 2 2 2 2 2 2 2 2 2 2 2 2 2 2
left_child=1 2 5 -4 9 6 -1 -3 -7 -5 -11 -2 -6 14 26 17 -17 19 -19 21 22 -16 23 -21 -18 -26 -12 28 -25 -23
right_child=11 7 3 4 12 8 -8 -9 -10 10 13 -13 -14 -15 15 16 24 18 -20 20 -22 29 -24 27 25 -27 -28 -29 -30 -31
leaf_value=0.014333685405226936 -0.0019286105455918439 -0.0017373217572333719 0.012398702327922451 0.0062303766667958184 -0.0040408234510346574 0.0072990916071917515 -5.2655409402083139e-06 0.00047260525901798303 -0.0034226100042405948 0.008013096522599605 -0.0014678302682226353 0.00061663366737439642 -0.00035371658615888316 -0.001954955754227466 0.0063013270619605172 0.0046702784751371769 -0.0024678392817119744 0.016035415794066709 -4.5444827642355807e-05 0.0046831647810075287 0.01092736763242598 -0.0022247910061485628 -0.0057813143447847876 -0.00086282804762459508 -0.0017611899683638861 0.0032005873096094864 0.00073089262338646769 -0.0022935651881536958 0.0072476064474088359 -0.00053866641297178257
leaf_weight=248 180 190 129 169 142 94 95 105 106 190 247 62 100 130 244 78 260 114 185 456 121 71 87 112 94 85 63 79 62 1496
leaf_count=248 180 190 129 169 142 94 95 105 106 190 247 62 100 130 244 78 260 114 185 456 121 71 87 112 94 85 63 79 62 1496
internal_value=-0.00243835 -0.00200288 -0.00150988 -0.00243272 -0.00302723 0.00645073 0.0125718 -0.0106167 -0.00409756 -0.00235856 -0.00284757 -0.0121862 -0.0147368 -0.00335172 -0.00295672 -0.00232742 -0.00838123 -0.00128133 0.0065625 -0.00215148 0.00170824 -0.00410518 -0.000524345 0.00142157 -0.0114302 -0.00361413 -0.01 -0.0052907 0.000391061 -0.00554389
internal_weight=5794 5552 5257 4714 4585 543 343 295 200 4343 4174 242 242 3984 3854 3544 517 3027 299 2728 917 1811 796 709 439 179 310 253 174 1567
internal_count=5794 5552 5257 4714 4585 543 343 295 200 4343 4174 242 242 3984 3854 3544 517 3027 299 2728 917 1811 796 709 439 179 310 253 174 1567
is_linear=0
shrinkage=0.035


Tree=56
num_leaves=31
num_cat=0
split_feature=260 224 22 274 82 143 4 93 41 261 30 153 272 271 163 34 13 93 163 47 60 82 90 82 116 12 66 272 229 134
split_gain=15.9955 24.4046 21.3203 41.5955 20.109 38.6011 33.3145 23.3685 27.6776 26.6441 24.4087 21.8621 19.3731 24.1575 18.6231 18.4502 17.9173 21.2223 24.6567 21.7414 18.6694 21.3472 16.3196 15.4896 15.3312 15.0376 18.3137 18.4534 14.8105 14.7451
threshold=0.87773940840369258 0.78617796676099716 0.1077999994158745 0.27874572241427026 285.50000000000006 0.24894999712705615 28.982374172388425 1775.5000000000002 5967.5000000000009 504.90499877929693 6112.5000000000009 -0.01959021520130624 0.014699999243021013 6.872969067831451 0.53813833225571528 5.9140653460529249 36.191146700867954 269.50000000000006 -0.019337548295924736 -9.2104752654157149 634.50000000000011 971.00000000000011 0.015267149083109098 415.00000000000006 55.500000000000007 2.3448882602858689 0.15415000170469287 0.020849995315074924 1.9858767980907024 0.011252800456489739
decision_type=2 2 2 2 2 2 2 2 2 2 2 2 2 2 2 2 2 2 2 2 2 2 2 2 2 2 2 2 2 2
left_child=2 -2 3 -1 5 6 -4 12 9 15 25 -12 29 23 -7 -9 -15 -18 -19 -20 -21 -22 -11 -14 -13 28 -27 -28 -10 -6
right_child=1 -3 4 -5 7 14 -8 8 10 22 11 24 13 16 -16 -17 17 18 19 20 21 -23 -24 -25 -26 26 27 -29 -30 -31
leaf_value=0.01342855993763898 0.0097271942853466332 -0.0015244145247658538 0.013541367138967803 -0.00047024461428852866 0.00022789113334511628 0.006778465534387202 -0.0019079534532223654 -0.001796920126564497 0.00036288040464411438 0.00071363671520473346 0.0095610637718852119 -0.00098788549238317479 -0.0027846695382217203 0.016090533002947084 -0.0030139780250716076 0.00081158978113294233 0.012196398147057339 -0.003181751226350595 0.01726182541846041 -0.0036581681695744424 0.01578807443071871 -0.00035444698734311776 0.011003009030621628 -0.00038423461804741089 3.952203939014021e-05 -0.0024099309374920716 -0.00021544277544093912 -0.0023718964040731014 -0.0021759573839291715 -0.00099778935722016535
leaf_weight=114 70 235 217 139 179 122 60 91 88 72 61 151 113 182 132 60 142 240 116 107 80 110 78 1405 158 170 116 152 89 745
leaf_count=114 70 235 217 139 179 122 60 91 88 72 61 151 113 182 132 60 142 240 116 107 80 110 78 1405 158 170 116 152 89 745
internal_value=-0.00253492 -0.0102742 -0.00209592 0.00773256 -0.00257775 0.00385261 0.0127837 -0.00330679 -0.00731991 0.00194444 -0.0101465 -0.00298667 -0.00178884 -0.000182 -0.00594595 -0.00830128 0.00409878 0.00179375 -0.000904255 0.00427033 -0.000811258 0.00574359 0.0121935 -0.00294156 -0.00679936 -0.0143952 -0.0178555 -0.0117949 -0.00557692 -0.00610334
internal_weight=5794 305 5489 253 5236 531 277 4705 1286 301 985 370 3419 2495 254 151 977 795 653 413 297 190 150 1518 309 615 438 268 177 924
internal_count=5794 305 5489 253 5236 531 277 4705 1286 301 985 370 3419 2495 254 151 977 795 653 413 297 190 150 1518 309 615 438 268 177 924
is_linear=0
shrinkage=0.035


Tree=57
num_leaves=31
num_cat=0
split_feature=159 260 78 22 274 82 44 4 211 214 150 19 33 150 274 104 169 150 261 111 199 4 104 82 17 41 221 133 147 182
split_gain=20.38 20.2873 26.6472 18.8382 33.7465 19.0744 40.741 32.3627 19.4887 18.9737 19.7363 27.1741 24.6907 30.8793 21.3172 20.8619 20.7664 19.3225 18.9066 17.7125 17.6786 16.7197 23.378 22.7418 16.489 16.3679 38.2337 22.6098 24.0414 17.5291
threshold=9.8607556649644419 0.87773940840369258 9.3160670478197449 0.10694999992847444 0.22283861823035614 285.50000000000006 0.260550007224083 28.982374172388425 0.69789795305359315 0.092349991202354445 0.060700006783008582 5442.5000000000009 0.46774999797344213 1.0000000180025095e-35 -0.79058201194302791 5461.5000000000009 12.087930589759194 0.027700003236532215 470.87001037597662 22.085061327742228 9.7212152381172832 -42.643093175693288 1785.5000000000002 971.00000000000011 16.587170766709793 6057.5000000000009 40.482106597494905 37.523269192387296 39.765399932861335 -0.19924623115315418
decision_type=2 2 2 2 2 2 2 2 2 2 2 2 2 2 2 2 2 2 2 2 2 2 2 2 2 2 2 2 2 2
left_child=-1 3 -3 4 -2 6 7 -5 9 10 11 -7 13 -13 -15 17 -14 -16 -8 -10 -19 23 25 -22 -12 26 -23 28 29 -27
right_child=1 2 -4 5 -6 8 18 -9 19 -11 24 12 16 14 15 -17 -18 20 -20 -21 21 22 -24 -25 -26 27 -28 -29 -30 -31
leaf_value=0.00030565542718522941 0.016577098295590568 -0.0019077940403407427 0.00022244990200788437 0.013075418982527889 -0.00070297045495071884 -0.0037549755264150533 0.005054434464524222 -0.0018411750823595825 -0.0051689232729820031 0.0076635015036192215 -0.0013615913455979258 -0.0021971868056940244 -0.00023847924869139429 0.025340492935838826 -0.00077202783508824899 -0.0025566468162349061 0.013869409114313452 -0.0037077469992109159 -0.0028592060560524331 -0.00020483188505090124 0.0094521171588334528 0.018599019852068955 0.0075756483407562226 -0.001455082142325749 0.00069496418761405814 0.0064475495632699779 5.7151571614444399e-05 -0.0018793357329143794 0.010847872442940852 -0.00083223944047416021
leaf_weight=84 98 186 102 223 117 101 116 60 119 95 701 144 100 60 610 86 134 90 116 117 126 137 250 352 140 75 656 164 80 355
leaf_count=84 98 186 102 223 117 101 116 60 119 95 701 144 100 60 610 86 134 90 116 117 126 137 250 352 140 75 656 164 80 355
internal_value=-0.00247456 -0.00273141 -0.0117065 -0.00224433 0.00779545 -0.00266596 0.00370192 0.0125174 -0.00336811 -0.00284017 -0.00318255 -0.00202553 -0.00148218 -0.0022931 -0.00152823 -0.00195747 0.00937238 -0.00143621 -0.00708861 -0.0130705 4.58515e-05 0.000684091 0.00229675 -0.00507246 -0.00798463 0.000594429 0.00399123 -0.00340206 0.000271845 -0.00305747
internal_weight=5794 5710 288 5422 215 5207 515 283 4692 4456 4361 3520 3419 3185 3041 2981 234 2895 232 236 2285 2195 1717 478 841 1467 793 674 510 430
internal_count=5794 5710 288 5422 215 5207 515 283 4692 4456 4361 3520 3419 3185 3041 2981 234 2895 232 236 2285 2195 1717 478 841 1467 793 674 510 430
is_linear=0
shrinkage=0.035


Tree=58
num_leaves=31
num_cat=0
split_feature=201 160 33 219 189 272 267 30 260 211 13 256 81 261 13 33 213 81 71 59 33 126 71 185 213 180 221 27 142 143
split_gain=20.5963 30.8002 26.0097 25.3907 16.8077 14.975 18.0016 14.4453 25.5145 24.2905 14.8418 32.1295 31.3766 28.1619 27.0363 25.5919 22.189 21.566 21.454 40.2878 27.549 20.9093 16.7549 16.9539 18.9153 18.6957 16.2977 15.1861 14.1739 13.9898
threshold=0.12249999679625036 0.021200004965066913 0.14754999428987506 -19.552904497825139 14.642006770386063 -0.0142500102519989 -7.1511140128738253 6222.5000000000009 0.27032696450175991 -0.091017073490320927 47.443112479828919 52.645161573613684 52.59434890747071 528.02999877929699 45.078349992046348 0.23085000365972522 9.5340891269134378 46.349201202392585 854.50000000000011 37.58235168457032 0.30934999883174902 664.00000000000011 1983.0000000000002 0.013156691651333942 8.845705255764317 -0.0060500055551528922 144.91679696444999 3275.0000000000005 0.78334999084472667 0.20705000311136249
decision_type=2 2 2 2 2 2 2 2 2 2 2 2 2 2 2 2 2 2 2 2 2 2 2 2 2 2 2 2 2 2
left_child=1 3 -2 -1 5 -4 -7 10 9 -9 14 16 13 15 18 26 21 -15 19 -8 29 -12 23 24 25 -17 -13 28 -25 -20
right_child=2 -3 4 -5 -6 6 7 8 -10 -11 11 12 -14 17 -16 22 -18 -19 20 -21 -22 -23 -24 27 -26 -27 -28 -29 -30 -31
leaf_value=-0.0018988001857858474 -0.0026538657552913534 0.0057859852460284758 -0.0014361976049649052 0.00076088844735541122 -0.0011825217400747209 0.0062799751003736045 -0.0031066415510619294 0.01058025221571254 0.0068969892758595002 -0.00041718837993222016 -0.0031038424790052581 0.013842924101976101 -0.0021195597959809721 -0.0023691732531539236 -0.0022028508229187172 0.0064842118378647898 0.011679568339841736 -8.3770427166240947e-06 -0.00069780789994396749 0.018515896003580719 -0.0053934290318986087 0.0055199884001228897 0.0077988629611941774 0.0082434837034039438 0.0031338541875105298 -0.0025376399298419096 -0.00089135007634234776 -0.003324779584902043 -0.0017708926290426483 0.0075342274144826723
leaf_weight=64 135 142 69 118 433 291 90 61 130 131 94 144 143 79 109 60 183 61 1169 118 60 80 192 87 626 85 63 77 626 74
leaf_count=64 135 142 69 118 433 291 90 61 130 131 94 144 143 79 109 60 183 61 1169 118 60 80 192 87 626 85 63 77 626 74
internal_value=-0.00234178 0.00617021 -0.00285114 -0.00336898 -0.00245787 -0.00186876 -0.00162774 -0.00217066 0.00492355 -0.00319797 -0.00271716 -0.00107486 -0.00263123 -0.00152969 -0.00534154 -0.000427481 0.00860497 -0.0164138 -0.00408641 0.00624413 -0.00575306 -0.000391061 -0.00181172 -0.00301724 0.000676546 -0.0105 0.0110613 -0.00660377 -0.0049234 -0.00457131
internal_weight=5794 324 5470 182 5335 4902 4833 4542 322 192 4220 2600 2243 2100 1620 1960 357 140 1511 208 1303 174 1753 1561 771 145 207 790 713 1243
internal_count=5794 324 5470 182 5335 4902 4833 4542 322 192 4220 2600 2243 2100 1620 1960 357 140 1511 208 1303 174 1753 1561 771 145 207 790 713 1243
is_linear=0
shrinkage=0.035


Tree=59
num_leaves=31
num_cat=0
split_feature=260 4 115 193 104 38 71 214 22 274 269 189 104 104 213 215 183 30 82 115 55 211 141 260 260 271 10 224 213 232
split_gain=19.2308 26.9419 20.8233 24.3653 17.4099 16.7241 27.5224 21.124 18.7336 32.3217 16.8791 16.1534 16.2788 27.3143 26.2607 23.5406 22.2849 22.1198 20.0137 16.0862 28.1468 16.2249 18.6483 16.051 21.3557 21.1792 20.0363 18.1301 15.8923 16.8208
threshold=0.87773940840369258 -2.5243413331842559 9255.0000000000018 0.95509914907001459 71.500000000000014 441.50000000000006 2099.5000000000005 0.029050007462501529 0.10694999992847444 0.22283861823035614 -15.434931332665156 14.642006770386063 509.00000000000006 685.50000000000011 9.3054232521893478 -0.058599986135959618 -0.14944358330953564 6227.5000000000009 326.50000000000006 1468.0000000000002 0.2225499972701073 0.42081687598742518 19.559429909413733 -0.543725591940036 -0.2297263156694612 6.4366910320138624 32.762231499620547 -0.93104368420269912 9.6824667446580488 8.2808567965003714
decision_type=2 2 2 2 2 2 2 2 2 2 2 2 2 2 2 2 2 2 2 2 2 2 2 2 2 2 2 2 2 2
left_child=2 -2 3 4 -1 6 7 -6 9 -7 -10 12 18 14 -14 -16 17 23 -12 -20 21 -21 -23 27 25 -25 -26 -15 -17 -30
right_child=1 -3 -4 -5 5 8 -8 -9 10 -11 11 -13 13 16 15 28 -18 -19 19 20 -22 22 -24 24 26 -27 -28 -29 29 -31
leaf_value=-0.0020026305641666253 0.0048394355684951889 -0.001440330919782554 -0.0012107196026539364 0.012722227126527203 -0.0013998448341935729 0.015768697142248749 0.012850949775059253 0.0051521975956510613 0.0076289499115752288 -0.002327141865590506 0.0047450589249740148 -0.0012053974225564069 -0.0012724803939303398 -0.00044922317761717569 -0.00083022562977960518 0.018650588749992269 -0.00077364894549259138 0.010846722298620057 -0.0018485775615921692 0.00023630693709466246 0.021466310862144948 0.00034821519108667933 -0.0011419909731807444 -0.00284916948566974 0.01214796848565778 -0.00048653893278234888 -0.00085574241699716753 0.0098787048454853834 0.010199620930254878 -0.0026898622303825536
leaf_weight=134 89 216 70 166 103 93 84 200 125 63 144 398 123 173 63 140 1184 73 521 81 76 60 207 101 171 199 431 160 80 66
leaf_count=134 89 216 70 166 103 93 84 200 125 63 144 398 123 173 63 140 1184 73 521 81 76 60 207 101 171 199 431 160 80 66
internal_value=-0.00269184 -0.0111774 -0.00221059 -0.0019552 -0.00237638 -0.00204235 0.00491071 -0.000113636 -0.00261558 0.00913043 -0.00302554 -0.00338532 -0.00271686 -0.00136746 0.00631027 0.0111723 -0.0028314 0.000319878 -0.00636654 -0.00821579 -0.00310023 -0.00733711 -0.0114522 -0.000818548 -0.00324146 -0.0107869 0.000576606 0.00569527 0.0153952 0.00695364
internal_weight=5794 305 5489 5419 5253 5119 387 303 4732 156 4576 4451 4053 2964 472 349 2492 1308 1089 945 424 348 267 1235 902 300 602 333 286 146
internal_count=5794 305 5489 5419 5253 5119 387 303 4732 156 4576 4451 4053 2964 472 349 2492 1308 1089 945 424 348 267 1235 902 300 602 333 286 146
is_linear=0
shrinkage=0.035


Tree=60
num_leaves=31
num_cat=0
split_feature=6 92 272 261 13 49 256 19 148 256 201 180 19 2 19 82 225 49 218 7 153 104 214 126 42 7 191 169 249 224
split_gain=16.4119 15.9483 15.4577 16.4587 30.427 33.6401 21.0794 27.7994 28.7296 24.3412 19.2363 18.6341 23.1539 41.108 24.7247 24.028 35.9869 22.1572 21.7034 21.0193 18.809 18.2766 18.1533 18.2645 26.7523 18.471 35.5968 17.933 17.3007 16.3952
threshold=24.778227723627456 41.87395095825196 -0.0142500102519989 527.10498046875011 32.750638817623503 1015.5000000000001 28.616952510088733 6047.5000000000009 1644.0000000000002 12.524700469182035 0.16442500241100791 -0.020299956202507016 5812.5000000000009 5694.1499023437509 5857.5000000000009 1325.5000000000002 0.11830624431480126 482.50000000000006 1.8055631726079511 -45.599255642254072 -0.13602445107734482 71.500000000000014 0.016049996018409732 1045.5000000000002 38.819347778740195 -54.775643499705488 0.19069999828934672 14.035348099576497 -0.23262200780860273 0.62351593756909873
decision_type=2 2 2 2 2 2 2 2 2 2 2 2 2 2 2 2 2 2 2 2 2 2 2 2 2 2 2 2 2 2
left_child=2 -2 -1 11 5 -5 7 -7 9 -9 -8 -4 13 17 19 18 -17 -13 -16 -14 -18 -19 29 24 25 -24 -27 -23 -6 -20
right_child=1 -3 3 4 28 6 10 8 -10 -11 -12 12 14 -15 15 16 20 21 22 -21 -22 27 23 -25 -26 26 -28 -29 -30 -31
leaf_value=-0.0012697686473576054 -0.002167674027780629 0.00014948877330300372 0.0080358886168219248 -0.0022147687185302745 0.00065572638481030626 0.018060901958415691 0.0092726782886232272 0.0065893754435551169 0.011725426790713638 -0.00096507929920279078 -0.0014383167076509936 -0.0018290839825960005 0.025891682299105764 -0.0019395614681059327 0.0090816675194248103 -0.0028384988514264962 0.0083967210771360972 -0.0030395236912464812 -0.0026660926508826508 0.00031384885755548727 -0.0021934900385796687 0.006313145945737772 0.009479209650830921 0.011939714385136109 -0.0053042080678593279 0.0063903734507051715 -0.0035109955042822369 -0.0026939474265849335 -0.00064975445199007839 0.0006799366337145508
leaf_weight=71 131 67 178 131 73 64 248 111 74 518 75 353 77 217 81 302 132 70 139 72 136 584 145 241 60 238 169 96 845 96
leaf_count=71 131 67 178 131 73 64 248 111 74 518 75 353 77 217 81 302 132 70 139 72 136 584 145 241 60 238 169 96 845 96
internal_value=-0.00263149 -0.0124138 -0.00227459 -0.00205696 -0.00445662 -0.000827896 0.00121461 -0.00194948 -0.00400424 -0.00645899 0.00864329 -0.000536715 -0.00115468 -0.00470189 0.00133122 0.000140482 -0.00572174 -0.0019269 0.00301107 0.0147727 0.00358974 0.00148344 0.00166514 0.00403846 0.000794165 0.0032675 -0.00059466 0.00327007 -0.00925244 -0.00685417
internal_weight=5794 198 5596 5525 2139 1221 1090 767 703 629 323 3386 3208 1320 1888 1739 570 1103 1169 149 268 750 1088 853 612 552 407 680 918 235
internal_count=5794 198 5596 5525 2139 1221 1090 767 703 629 323 3386 3208 1320 1888 1739 570 1103 1169 149 268 750 1088 853 612 552 407 680 918 235
is_linear=0
shrinkage=0.035


Tree=61
num_leaves=31
num_cat=0
split_feature=260 78 115 6 82 22 209 60 211 80 129 189 6 20 267 92 271 64 259 153 223 150 60 256 270 101 173 126 126 11
split_gain=19.8759 23.7714 16.6361 16.9884 21.3543 27.1585 23.3806 28.0943 21.6871 19.8278 19.2611 16.6331 18.4631 19.3829 16.9377 15.795 14.7566 20.7834 22.0124 22.1064 14.7828 18.9659 14.6461 14.4441 18.5772 16.3791 15.4774 21.9809 17.2248 16.0374
threshold=0.87773940840369258 9.3160670478197449 9255.0000000000018 24.778227723627456 312.00000000000006 0.10485000163316728 9.7455170758907776 220.50000000000003 0.73484219953928342 -4.7941613006725623 6267.5000000000009 13.83026762513091 -13.882430667942897 69.147714749028282 -8.6125257203878416 41.87395095825196 6.4366910320138624 13.472535952814281 -0.081579193939132391 -0.10323010323006972 12.088278002071934 0.036399994045495994 1037.0000000000002 87.119730725816297 111.60703100818749 0.010152274598368588 -1.0000000180025095e-35 458.00000000000006 793.50000000000011 87.746619893783802
decision_type=2 2 2 2 2 2 2 2 2 2 2 2 2 2 2 2 2 2 2 2 2 2 2 2 2 2 2 2 2 2
left_child=2 -2 3 4 6 -6 9 10 11 -1 -8 14 13 -13 22 -5 -16 18 -18 -20 21 -21 -7 24 26 -25 27 -19 -29 -30
right_child=1 -3 -4 15 5 8 7 -9 -10 -11 -12 12 -14 -15 16 -17 17 23 19 20 -22 -23 -24 25 -26 -27 -28 28 29 -31
leaf_value=0.0076139807828791662 -0.0016173540759616472 0.00024916598523126222 -0.0011072999837512571 -0.0021963880460646821 0.010482141841736422 -0.00087760210267937098 0.013924806604661418 0.012379985001492006 -0.0020048989492715955 -0.0028478223824420141 -0.0012723099779162613 -0.0012165797977917473 8.804481330542847e-05 0.0047523724323798033 -0.00063767071505373596 0.00014425666623739842 0.014751966539940794 0.011676665601833384 0.016428306507539091 -0.00037698398616194231 -0.0023464912107493811 0.014831059340711581 0.014032857581890136 -0.0014634687652217348 -0.0017925437463303605 0.0091818718298960506 -0.0013418695112517654 -0.0036439503234160578 0.0092423075423063283 -0.001178942424270182
leaf_weight=131 194 111 70 123 82 62 117 188 111 103 63 868 382 65 1103 67 110 60 86 85 71 83 78 104 142 214 501 86 165 169
leaf_count=131 194 111 70 123 82 62 117 188 111 103 63 868 382 65 1103 67 110 60 86 85 71 83 78 104 142 214 501 86 165 169
internal_value=-0.00277634 -0.0114032 -0.00228704 -0.00205844 -0.00167845 -0.00248597 0.00449753 0.00994638 -0.00285385 -0.00410042 0 -0.00246001 -0.00575379 -0.00839552 -0.00106434 -0.0122051 -0.00163036 0.0002605 0.00692045 0.00222727 -0.00329918 0.00242775 0.0106207 -0.00176694 -0.00363032 0.0047678 -0.00188134 0.00259794 -0.000329412 0.00330383
internal_weight=5794 305 5489 5419 5229 4627 602 368 4545 234 180 4434 1315 933 3119 190 2979 1876 435 325 239 168 140 1441 1123 318 981 480 420 334
internal_count=5794 305 5489 5419 5229 4627 602 368 4545 234 180 4434 1315 933 3119 190 2979 1876 435 325 239 168 140 1441 1123 318 981 480 420 334
is_linear=0
shrinkage=0.035


Tree=62
num_leaves=31
num_cat=0
split_feature=260 217 115 193 6 256 129 272 121 19 49 115 36 189 60 148 225 249 63 215 225 30 60 216 126 93 210 98 259 256
split_gain=18.1996 23.1178 16.298 20.9036 16.5751 22.1231 18.8395 15.5177 17.0007 35.3803 31.0395 25.9521 24.3767 21.763 21.7441 26.3267 28.3843 23.1955 21.9136 21.7261 19.9708 28.3497 19.4467 18.1052 20.0541 16.7326 16.0629 16.4521 15.2101 15.1773
threshold=0.87773940840369258 31.369962041265143 9255.0000000000018 0.95509914907001459 18.143299391923605 12.524700469182035 6372.5000000000009 -0.0142500102519989 0.31315000355243688 5812.5000000000009 1015.5000000000001 300.50000000000006 -13.72057166466346 11.682144399576911 1263.5000000000002 38.500000000000007 0.30139489452689067 -1.0000000180025095e-35 5962.5000000000009 -0.052850000560283654 0.24646118707075243 6227.5000000000009 967.50000000000011 43.994988195012752 911.50000000000011 696.00000000000011 -0.063325208498027488 0.47034999728202825 0.2881738985575763 27.027533697595931
decision_type=2 2 2 2 2 2 2 2 2 2 2 2 2 2 2 2 2 2 2 2 2 2 2 2 2 2 2 2 2 2
left_child=2 -2 3 4 5 -1 7 -7 9 12 13 -11 -9 -10 15 -13 17 23 -19 -12 26 25 29 24 -17 -22 -16 -28 -15 -18
right_child=1 -3 -4 -5 -6 6 -8 8 10 11 19 14 -14 28 20 16 22 18 -20 -21 21 -23 -24 -25 -26 -27 27 -29 -30 -31
leaf_value=0.0078622119167008567 -0.0015197890015315458 0.00025626047297818756 -0.0010685444843199633 0.011933963039816501 -0.0016227062831655229 -0.0012900777049477687 -0.0014345390661991988 0.0072295813648622408 -0.0031398709197288611 0.0074189860109107955 0.0028142059445387833 -0.0028365707443581923 -0.0024468603081365795 0.0037845651525066754 -3.7916412071740683e-05 0.0086748755497556718 -0.00017244017148262459 0.0070319988045314565 -0.00065152926008842039 0.017645933107322039 -0.0042977605371512882 0.014816923489989762 0.012579795468998302 -0.0010911309857729694 -0.00043074047271914777 6.4855814770158339e-05 9.598564829626816e-05 -0.0011578274329830109 -0.0021489384685020822 -0.0033556688112613554
leaf_weight=104 202 103 70 166 312 68 65 106 227 318 194 89 315 423 195 405 61 145 519 144 65 81 64 150 107 187 104 602 87 116
leaf_count=104 202 103 70 166 312 68 65 106 227 318 194 89 315 423 195 405 61 145 519 144 65 81 64 150 107 187 104 602 87 116
internal_value=-0.00292119 -0.0111774 -0.00245268 -0.00222622 -0.00261601 -0.00211585 -0.00246489 -0.00219803 -0.00194733 -0.00309163 0.00191204 -0.00183007 -0.0125704 -0.00212264 -0.00287737 -0.00025286 0.000823791 0.00283997 -0.00177877 0.0106122 -0.00638418 0.000931953 -0.0101016 0.00745127 0.0105609 -0.00490272 -0.00907837 -0.011519 0.00190291 -0.0159615
internal_weight=5794 305 5489 5419 5253 4941 4837 4772 4704 3629 1075 3208 421 737 2890 1656 1567 1326 664 338 1234 333 241 662 512 252 901 706 510 177
internal_count=5794 305 5489 5419 5253 4941 4837 4772 4704 3629 1075 3208 421 737 2890 1656 1567 1326 664 338 1234 333 241 662 512 252 901 706 510 177
is_linear=0
shrinkage=0.035


Tree=63
num_leaves=31
num_cat=0
split_feature=260 78 267 274 35 270 126 160 13 107 143 183 126 274 256 27 28 10 270 148 183 215 71 60 38 22 163 123 104 60
split_gain=16.2093 23.5909 15.5628 17.2099 21.9389 17.6921 16.7147 19.5271 27.8789 28.1736 27.0152 25.6842 20.2562 34.5697 25.8036 19.6647 19.6311 19.5273 27.4778 20.0515 24.2571 18.8223 18.0233 16.5508 18.0968 16.5193 16.3669 16.3342 17.1393 14.1668
threshold=0.87773940840369258 9.3160670478197449 -8.6125257203878416 -0.013129249274213779 0.021164643563120276 120.84608097262756 1957.5000000000002 0.016750007867813114 32.750638817623503 5942.5000000000009 0.18124999850988391 -0.24367064800932386 757.00000000000011 0.13101338809004179 20.621601539632469 2248.5000000000005 149.50000000000003 135.17630383955097 110.30350011945617 491.00000000000006 0.042406707527964153 -0.046300005167722695 788.50000000000011 1250.0000000000002 1886.5000000000002 0.11985000222921373 0.69147556324603177 0.009673523850850619 712.50000000000011 4554.5000000000009
decision_type=2 2 2 2 2 2 2 2 2 2 2 2 2 2 2 2 2 2 2 2 2 2 2 2 2 2 2 2 2 2
left_child=2 -2 -1 4 5 -4 7 21 12 10 -10 -11 13 -9 -15 16 -16 19 -19 27 22 -5 -21 24 -13 -6 -17 -12 -29 -27
right_child=1 -3 3 6 25 -7 -8 8 9 11 17 23 -14 14 15 26 -18 18 -20 20 -22 -23 -24 -25 -26 29 -28 28 -30 -31
leaf_value=0.0069436115539134938 -0.0015075540682493865 0.0002314760591939297 0.0095206823204364802 0.0011981421328848031 0.017541965314203135 -0.0013390866325731989 0.0055504445517451893 0.019324515151090522 0.011555173346158956 0.011506126724180055 -0.0037636752091940425 -0.00062609805385541596 -0.00032799805987979982 -0.00083279687192212241 0.0072166008829624602 0.0094660922406845805 -0.0040125516339084722 -0.0022398782141805269 0.0043480854465088453 0.0095716365239962957 0.0097706928577519017 -0.0013669831705082716 -0.0072047058158418885 -0.0010407279605256111 0.013133817729256821 -0.0013106178460631768 0.0022391820636300502 0.0093000361277181583 -0.0032360474118320486 0.0011036482527881748
leaf_weight=220 194 111 154 101 60 63 204 83 63 75 132 556 254 167 80 121 65 182 125 95 117 490 74 292 83 1165 66 240 64 98
leaf_count=220 194 111 154 101 60 63 204 83 63 75 132 556 254 167 80 121 65 182 125 95 117 490 74 292 83 1165 66 240 64 98
internal_value=-0.00293326 -0.0107258 -0.0024909 -0.00287353 -0.00598058 0.00425676 -0.00158409 -0.00215156 -0.000976523 -0.00312886 0.000765725 -0.00733927 0.00441141 0.00798978 0.004375 0.00997033 0.000233333 -0.000643133 -0.00796474 0.00250344 0.00962199 -0.00792785 0.00100575 -0.00893697 -0.00570652 -0.00766943 0.0173177 -0.00222222 0.00226537 -0.00852918
internal_weight=5794 305 5489 5269 1540 217 3729 3525 2934 2098 1092 1006 836 582 499 332 145 1029 307 722 286 591 169 931 639 1323 187 436 304 1263
internal_count=5794 305 5489 5269 1540 217 3729 3525 2934 2098 1092 1006 836 582 499 332 145 1029 307 722 286 591 169 931 639 1323 187 436 304 1263
is_linear=0
shrinkage=0.035


Tree=64
num_leaves=31
num_cat=0
split_feature=260 78 6 82 44 211 209 60 52 214 58 91 6 92 104 104 8 213 143 270 27 13 52 214 212 274 251 256 256 145
split_gain=16.3106 21.3539 15.4919 17.7693 27.6378 31.4131 27.4782 26.7566 18.4925 17.4168 17.0142 15.6894 20.4215 15.095 14.324 40.9699 28.6332 20.1321 29.4935 21.5117 20.048 19.8509 17.0899 19.822 16.1337 15.4212 15.3368 14.935 21.4167 20.7404
threshold=0.87773940840369258 9.3160670478197449 22.232649087401516 312.00000000000006 0.10594999790191652 0.69789795305359315 9.6947397600532916 220.50000000000003 6267.5000000000009 0.092349991202354445 -8.501846673626348 -3.1618400208744784 -0.49233257494324928 41.87395095825196 509.00000000000006 643.00000000000011 -48.131900844295757 9.6931985247545693 0.33535000681877142 81.902533359534587 1570.0000000000002 47.443112479828919 6227.5000000000009 0.053450003266334541 6.1954247594495966 -0.27804280998611586 -0.2735269861975364 86.914270237035026 63.604330446387387 0.017391337519106664
decision_type=2 2 2 2 2 2 2 2 2 2 2 2 2 2 2 2 2 2 2 2 2 2 2 2 2 2 2 2 2 2
left_child=2 -2 3 6 10 9 11 8 -8 14 -5 12 -1 -4 22 16 -16 24 19 21 26 25 23 -6 -17 -19 -21 28 29 -26
right_child=1 -3 13 4 5 -7 7 -9 -10 -11 -12 -13 -14 -15 15 17 -18 18 -20 20 -22 -23 -24 -25 27 -27 -28 -29 -30 -31
leaf_value=0.014500039167591785 -0.0014547896758606575 0.00022337439712214193 -0.0018406126396705745 -6.1777470026475048e-07 -0.0014602638052202438 -0.002009676131504897 0.012855749487629197 0.011432445663614987 -0.0012388610539620438 0.0059471574986618399 0.018120120789542681 -0.0027793213360455473 -0.00031604079538879895 0.00017912840809684695 0.0030175204482506498 -0.0019489084701853913 0.015665884936452771 0.006923348514412021 0.0087876060279120875 0.00452532756674103 -0.0032507067560105718 0.0010844128683521776 0.0043689557231659966 0.00058977259105489905 0.008229970501618146 -0.00083911157438120039 -0.0016527312741683416 0.010977598162755909 -0.0018403711284150429 -0.00046152025162974459
leaf_weight=85 194 111 158 60 705 191 110 186 67 89 60 104 60 74 240 192 122 75 155 65 157 251 70 145 291 821 129 176 361 290
leaf_count=85 194 111 158 60 705 191 110 186 67 89 60 104 60 74 240 192 122 75 155 65 157 251 70 145 291 821 129 176 361 290
internal_value=-0.00290912 -0.0107258 -0.00246542 -0.00206861 -0.00280753 -0.00325276 0.00351702 0.00960598 -0.000192308 -0.00262964 0.01344 -0.00537402 0.0021 -0.0112236 -0.00295647 -0.00188138 0.00915531 -0.00324292 -0.00580519 -0.00731204 -0.0148455 -0.00495226 -0.00681081 -0.00818713 0 -0.00738069 -0.00703518 0.00162066 -0.000147835 0.00400171
internal_weight=5794 305 5489 5257 4645 4525 612 363 177 4334 120 249 145 232 4245 3325 362 2963 1653 1498 351 1147 920 850 1310 896 194 1118 942 581
internal_count=5794 305 5489 5257 4645 4525 612 363 177 4334 120 249 145 232 4245 3325 362 2963 1653 1498 351 1147 920 850 1310 896 194 1118 942 581
is_linear=0
shrinkage=0.035


Tree=65
num_leaves=31
num_cat=0
split_feature=19 96 211 49 115 256 115 260 49 270 13 126 218 247 27 153 260 256 150 124 185 222 247 270 13 270 259 150 262 58
split_gain=16.7187 20.0699 21.0548 17.8442 23.1454 19.701 19.3596 20.3913 18.7554 18.6113 38.2938 20.8043 30.1773 19.7327 19.4179 20.9147 28.0131 20.3267 20.2358 19.8761 17.1178 16.8214 21.3259 16.3263 16.2736 22.6732 16.1865 16.9505 15.6727 14.5548
threshold=5272.5000000000009 5272.5000000000009 -0.86047507331123663 520.50000000000011 295.00000000000006 93.526040051998237 357.00000000000006 0.87773940840369258 650.00000000000011 37.821258477137221 22.239865072560807 288.50000000000006 14.307458771204701 616.30499267578136 6070.0000000000009 0.75448832759423679 0.76286560327442166 86.914270237035026 0.055799998342990882 -2.4828695109931238 0.016656837939319546 18.887364097589089 570.70999145507824 129.52264535446056 36.152562767535478 96.422968451657326 -0.15662103688812226 0.033499997109174735 0.36334392351844441 -5.1847957602042865
decision_type=2 2 2 2 2 2 2 2 2 2 2 2 2 2 2 2 2 2 2 2 2 2 2 2 2 2 2 2 2 2
left_child=-1 -2 -3 21 5 29 -6 8 -8 10 11 -10 -13 -14 15 17 -17 18 26 -19 -9 23 -23 -4 -20 -26 27 -11 -28 -5
right_child=1 2 3 4 6 -7 7 20 9 14 -12 12 13 -15 -16 16 -18 19 24 -21 -22 22 -24 -25 25 -27 28 -29 -30 -31
leaf_value=-0.0020963865853720061 0.015595540242667716 0.0051506667037197707 -0.0030328684219622223 0.0093884182587017917 -0.0020214146751336365 -0.003257394589155888 0.010544398429116052 3.4617585372922482e-05 -0.0056795347345729788 -0.0014256493525912929 0.013293564167135357 0.0021960206639617761 0.00028770422215729398 -0.0012899681298413335 -0.0021532562079625991 0.014180915881316833 -0.00065352122278735021 -0.0043780210583464138 -0.0026005331930430454 0.011025498959324399 -0.0015550798720487748 -0.0025490151622069731 0.0052036874838401331 0.0025798089985394298 -0.00037304528189819003 -0.0032268157574540639 -0.00071449171626301465 0.0059576927116937479 0.0015728580365351177 -0.003873027311404121
leaf_weight=75 71 180 268 283 199 72 122 84 67 98 88 137 69 73 84 107 122 79 108 154 177 128 114 70 573 142 1620 223 145 62
leaf_count=75 71 180 268 283 199 72 122 84 67 98 88 137 69 73 84 107 122 79 108 154 177 128 114 70 573 142 1620 223 145 62
internal_value=-0.00290912 -0.00268431 -0.00292234 -0.00331263 -0.00261803 0.00522512 -0.00335456 -0.00284779 -0.00222236 -0.00265152 0.00414579 -0.00119658 0.00308099 -0.00809524 -0.00351012 -0.00307909 0.00702991 -0.00382587 -0.00462423 0.00602941 -0.0122368 -0.00909402 -0.00198381 -0.0140816 -0.00925725 -0.00724306 -0.00277857 0.00440184 -0.00409322 0.0087
internal_weight=5794 5719 5648 5468 4888 417 4471 4272 4011 3889 434 346 279 142 3455 3371 229 3142 2909 233 261 580 242 338 823 715 2086 321 1765 345
internal_count=5794 5719 5648 5468 4888 417 4471 4272 4011 3889 434 346 279 142 3455 3371 229 3142 2909 233 261 580 242 338 823 715 2086 321 1765 345
is_linear=0
shrinkage=0.035


Tree=66
num_leaves=31
num_cat=0
split_feature=159 213 261 267 271 267 82 222 153 48 82 260 60 87 273 222 93 150 27 261 157 19 211 261 71 256 48 13 82 45
split_gain=21.0903 17.1515 20.2573 17.911 17.5171 17.3955 15.8562 15.1202 28.2641 23.1539 21.3686 19.0222 18.8134 24.7778 18.6369 16.9684 15.4604 15.0485 14.7097 26.2639 26.3795 25.2217 25.1399 18.7425 18.1688 17.0558 15.0182 14.6256 30.0053 14.6162
threshold=9.8607556649644419 8.8232061771726524 470.46000671386724 -6.8262525868539852 15.962616165553568 0.72699358535877068 2961.5000000000005 19.443436924280352 -0.063763702124195867 25.687100410461429 326.50000000000006 0.940841911103944 1250.0000000000002 0.52265000343322765 0.16392498542341369 21.199154712836677 3802.0000000000005 0.034300003200769431 3412.0000000000005 532.67498779296886 0.0098043173299867756 5847.5000000000009 0.55597889357580954 520.83001708984386 2272.5000000000005 32.035830775877294 29.343599319458011 25.877826902773538 1220.5000000000002 5.2249718309931703
decision_type=2 2 2 2 2 2 2 2 2 2 2 2 2 2 2 2 2 2 2 2 2 2 2 2 2 2 2 2 2 2
left_child=-1 2 5 -3 6 -2 7 9 14 -5 -10 12 18 16 -9 -12 -14 -6 19 21 -21 26 -20 -23 -24 -26 -11 -25 -29 -19
right_child=1 3 -4 4 17 -7 -8 8 10 11 15 -13 13 -15 -16 -17 -18 29 22 20 -22 23 24 27 25 -27 -28 28 -30 -31
leaf_value=0.0004428086255306821 -0.0028118933366547885 0.0031235594862120014 -0.0029693583740864672 -0.0025516945881686663 -0.0010728806029449318 0.016043297968727055 -0.0018620394391394275 0.0078247666112932195 0.011732303987032254 0.011257294857670581 0.0097915286102360898 -0.0023900512819840995 -0.0011013687767340579 0.00018764373366958299 -0.00093116454229734869 -0.0014634437173275964 0.00069894005963758784 0.018947555775423338 0.022476575233505467 -0.00019523689571831595 -0.0023451583262139313 0.012369821963043074 -0.0023300245882089568 0.0054198718805117839 0.011368925285601881 -0.00035591921610995009 -0.0012506763845220724 0.00038567611173443957 -0.0035229298765914355 0.0017824927832102817
leaf_weight=84 96 322 105 224 110 60 419 329 106 62 73 71 846 263 89 476 60 103 83 231 162 165 91 117 112 72 356 253 82 172
leaf_count=84 96 322 105 224 110 60 419 329 106 62 73 71 846 263 89 476 60 103 83 231 162 165 91 117 112 72 356 253 82 172
internal_value=-0.00276427 -0.00302537 -0.0117105 -0.00259901 -0.00310308 -0.00347826 -0.00368654 -0.00304875 0.000551948 -0.00423656 -0.00397727 -0.00341801 -0.00296791 -0.00640971 0.00761229 -0.00675993 -0.0091438 0.00403846 -0.000703518 -0.00229588 -0.00993719 0.000639423 0.00559229 0.00512058 0.000375 0.00666667 -0.00595745 0.00137856 -0.00236765 0.008375
internal_weight=5794 5710 261 5449 5127 156 4742 4323 1073 3250 655 3026 2955 1169 418 549 906 385 1786 1428 393 1035 358 617 275 184 418 452 335 275
internal_count=5794 5710 261 5449 5127 156 4742 4323 1073 3250 655 3026 2955 1169 418 549 906 385 1786 1428 393 1035 358 617 275 184 418 452 335 275
is_linear=0
shrinkage=0.035


Tree=67
num_leaves=31
num_cat=0
split_feature=159 260 78 6 5 66 11 261 27 256 44 163 27 272 82 104 271 148 27 27 258 205 153 184 151 260 173 141 72 254
split_gain=19.3718 15.6848 18.2152 14.1127 16.3899 21.1099 21.3078 27.7517 24.8585 24.9187 20.718 26.8235 23.7733 25.0883 18.8972 21.4463 21.3385 20.6671 26.6605 20.0008 18.0549 18.0445 20.2342 17.9756 16.5716 17.9926 32.1045 19.0197 17.0917 16.6442
threshold=9.8607556649644419 0.90577170375104499 9.3160670478197449 22.232649087401516 10.048464803191699 0.11665000021457674 62.903671165281047 519.66998291015636 421.50000000000006 82.868051956814426 0.11464999988675119 0.81759827349615144 1027.5000000000002 0.0146000012755394 326.50000000000006 54.000000000000007 13.348444002648815 371.00000000000006 2646.5000000000005 1624.5000000000002 0.028599999845027927 0.013915144482120133 0.29705382952509435 -0.019391833745410491 0.29092500358819967 -0.06181827655220349 0.23379958741030174 36.72890200521973 152.50000000000003 -3.8967991794691677
decision_type=2 2 2 2 2 2 2 2 2 2 2 2 2 2 2 2 2 2 2 2 2 2 2 2 2 2 2 2 2 2
left_child=-1 3 -3 4 5 -2 7 8 9 -7 11 -6 13 -12 15 -14 17 21 19 20 -19 22 -16 -18 25 27 28 -9 -27 -28
right_child=1 2 -4 -5 10 6 -8 24 -10 -11 12 -13 14 -15 16 -17 23 18 -20 -21 -22 -23 -24 -25 -26 26 29 -29 -30 -31
leaf_value=0.00042731032363710765 -0.0015526833803529351 -0.0019945652870714519 0.00038286957284347506 -0.0013503363469150676 0.0088124619419821994 -0.0041629949982287355 -0.0018971873592382622 -0.0020817992307830915 0.0082079604866379489 0.0068490858292793782 -0.0017196119231042712 -0.00061214135446573819 -0.0016882534389036287 0.0045287767548882604 0.00033466846602352277 0.0060156592999714353 0.010524219378847685 0.002124531779157219 0.0033203412788688743 -0.0014491665689153937 -0.0022069250318195958 -0.0014703491590653166 -0.0016981293616915043 -0.001017709466683532 -0.0033255291662074439 0.019655916115912379 -0.0014807616788591528 0.00048177907501269663 0.00012702333608700269 -6.8737220174802113e-05
leaf_weight=84 73 126 61 241 206 69 467 151 309 76 125 122 74 724 99 274 126 323 232 271 86 536 90 157 76 95 134 61 147 179
leaf_count=84 73 126 61 241 206 69 467 151 309 76 125 122 74 724 99 274 126 323 232 271 86 536 90 157 76 95 134 61 147 179
internal_value=-0.00284877 -0.00309886 -0.0129427 -0.00275416 -0.00236996 -0.00503529 -0.00423403 -0.0019086 0.00503268 -0.00676667 -0.000943478 0.00735736 -0.00182735 0.00315574 -0.00369556 0.00376771 -0.00505455 -0.00658648 -0.00305344 -0.00654015 -0.00160628 -0.0109795 -0.00162371 0.00376736 -0.00565448 -0.00403497 -0.0006875 -0.0125806 0.00878543 -0.00803459
internal_weight=5794 5710 187 5523 5282 1837 1764 1297 454 145 3445 328 3117 849 2268 348 1920 1637 912 680 409 725 189 283 843 767 555 212 242 313
internal_count=5794 5710 187 5523 5282 1837 1764 1297 454 145 3445 328 3117 849 2268 348 1920 1637 912 680 409 725 189 283 843 767 555 212 242 313
is_linear=0
shrinkage=0.035


Tree=68
num_leaves=31
num_cat=0
split_feature=159 260 185 19 247 211 60 213 222 104 271 274 183 2 74 38 60 161 52 247 270 183 173 38 136 49 126 261 66 265
split_gain=19.2291 17.8887 18.8169 15.9564 16.2991 17.3555 22.8762 23.8507 19.7233 17.9446 15.8424 14.8397 16.047 13.9954 13.4733 21.5456 20.1568 19.4517 23.5087 19.4313 23.5378 20.4511 22.7979 20.8958 19.0654 17.2113 24.028 15.7149 15.4027 15.2693
threshold=9.8607556649644419 0.87773940840369258 0.016394432000329959 5272.5000000000009 525.72000122070324 -0.86047507331123663 2525.5000000000005 8.8232061771726524 19.443436924280352 4812.0000000000009 15.962616165553568 -0.24705708255351513 0.40920890709947727 5667.0500488281259 5472.5000000000009 441.50000000000006 220.50000000000003 0.33112499862909323 5767.5000000000009 592.85000610351574 58.10740953601276 -0.093320119292193734 -0.67797175866441439 1697.5000000000002 29.492350578308109 1388.0000000000002 1278.0000000000002 518.90499877929699 0.10765000060200693 0.43865580883872829
decision_type=2 2 2 2 2 2 2 2 2 2 2 2 2 2 2 2 2 2 2 2 2 2 2 2 2 2 2 2 2 2
left_child=-1 3 -3 -2 -5 13 7 -7 11 10 14 -8 -13 -6 -9 16 -16 18 24 20 -20 22 -21 28 -17 -22 -27 29 -23 -19
right_child=1 2 -4 4 5 6 8 9 -10 -11 -12 12 -14 -15 15 17 -18 27 19 21 25 23 -24 -25 -26 26 -28 -29 -30 -31
leaf_value=0.00041235446230980998 -0.0022565092917550583 0.00035877701277421296 -0.0015598741294207343 0.017116531421479439 -4.3131402958425665e-05 -0.0033654669439514397 -0.00097522400608348312 -0.0039580316326076944 0.00016523025205991611 -0.0017304151900652339 0.0070607018110411049 -0.0024689535852333391 -0.00023691784101496918 0.012415431787765441 -0.00020412258457990219 0.00056978381236951544 0.0089810449145797666 0.012777676396061014 0.019379426667498912 -0.0036748677432499148 -0.0025179778399024243 0.00246549969581334 0.003284132242169154 2.1086920479729267e-05 -0.0022791286967780169 0.0090462896733436837 -0.00068244889153841394 -0.0019655884970161577 -0.0009157745254681094 9.2929335125256516e-05
leaf_weight=84 67 89 199 60 97 151 148 126 179 102 305 246 93 81 161 97 173 170 63 69 264 117 371 479 231 104 86 99 1138 145
leaf_count=84 67 89 199 60 97 151 148 126 179 102 305 246 93 81 161 97 173 170 63 69 264 117 371 479 231 104 86 99 1138 145
internal_value=-0.00278841 -0.00303762 -0.0114676 -0.00257969 -0.00235728 -0.00256887 -0.00294514 -0.00203434 -0.00897168 -0.00154472 -0.00118249 -0.0125915 -0.0165843 0.00803279 -0.00178681 -0.00140111 0.00702065 -0.00222949 -0.00320602 -0.0021161 0.00395594 -0.00356586 0.00314607 -0.00527315 -0.011982 0.00106754 0.00897436 0.00484487 -0.00763889 0.00864063
internal_weight=5794 5710 288 5422 5355 5295 5117 4451 666 4300 4198 487 339 178 3893 3767 334 3433 3019 2691 517 2174 440 1734 328 454 190 414 1255 315
internal_count=5794 5710 288 5422 5355 5295 5117 4451 666 4300 4198 487 339 178 3893 3767 334 3433 3019 2691 517 2174 440 1734 328 454 190 414 1255 315
is_linear=0
shrinkage=0.035


Tree=69
num_leaves=31
num_cat=0
split_feature=6 79 140 30 150 114 6 134 205 193 11 10 49 49 193 102 193 126 10 79 93 260 211 254 69 148 222 80 10 27
split_gain=16.9634 16.3709 16.2687 23.3267 20.8664 19.0459 23.9073 22.3951 19.9386 18.452 17.2016 26.7889 24.5103 33.3723 28.3473 25.568 21.3614 35.3622 26.159 20.5322 19.4363 18.962 26.635 17.242 20.0824 16.816 15.8878 17.5607 15.0416 14.5388
threshold=18.143299391923605 0.034190540220519115 5277.5000000000009 5237.5000000000009 0.066400013864040389 34.724349975585945 -1.0490238280953494 0.012345667262813926 0.022755564741361745 0.95509914907001459 56.468998397514277 71.419721441435442 2159.0000000000005 1451.5000000000002 -0.86148343393932558 -3.3356704506036876 0.79467286751527155 581.50000000000011 19.325807857694606 0.014337122084685577 1571.5000000000002 -0.16967904837701028 -0.10759718224449945 7.1826258521878747 -4.8461626475744657 197.50000000000003 20.972493796511248 -10.822270162045873 26.150268374427601 2646.5000000000005
decision_type=2 2 2 2 2 2 2 2 2 2 2 2 2 2 2 2 2 2 2 2 2 2 2 2 2 2 2 2 2 2
left_child=2 -2 -1 -4 5 6 7 -5 9 10 16 29 13 14 -13 -14 17 18 -7 -19 23 -21 -23 24 -16 -20 27 -9 -29 -12
right_child=1 -3 3 4 -6 8 -8 26 -10 -11 11 12 15 -15 20 -17 -18 19 25 21 -22 22 -24 -25 -26 -27 -28 28 -30 -31
leaf_value=-0.0022023644624165071 -0.0016561355696983644 0.00033785353403726742 0.014229723300589114 0.015145689464097742 -0.00071564580941503976 -0.00075823433608714302 0.0087216540475868031 -0.0037303603613464639 -0.0015562726852881284 0.0075899032491092708 -0.0013955460741775897 0.0090130073471384776 0.0055002665048767977 0.010309856905946184 -0.0044285949638127155 -0.0026981336047034897 -0.0031547750764972758 0.0076994603407029225 0.018448907316052508 -0.0013867579648937096 0.0080060331184294998 0.011808178348814209 -0.00030249546649186446 -0.0066962108053773275 0.010126877486831524 0.0034294539251257324 0.0068433762638496799 0.007391487111284384 -0.0012550720046975623 2.4643049802627328e-05
leaf_weight=89 268 84 79 66 829 88 176 167 430 122 834 96 63 143 72 83 119 127 119 132 81 171 392 186 69 114 126 119 138 212
leaf_count=89 268 84 79 66 829 88 176 167 430 122 834 96 63 143 72 83 119 127 119 132 81 171 392 186 69 114 126 119 138 212
internal_value=-0.00280048 -0.0101961 -0.0023132 -0.00205767 -0.00234704 -0.00139213 0.00351317 0.000225443 -0.00245899 -0.00150713 -0.0020396 -0.00419469 0.000657895 0.00359663 -0.000687623 -0.012053 0.00110497 0.00259146 0.0123466 -0.00126965 -0.00474576 -0.00365 -0.000801056 -0.00853916 0.000719178 0.0183824 -0.00214414 -0.00538462 0.000400763 -0.00785918
internal_weight=5794 352 5442 5353 5274 4445 792 616 3653 3223 3101 1839 793 647 504 146 1262 1143 321 822 408 695 563 327 141 233 550 424 257 1046
internal_count=5794 352 5442 5353 5274 4445 792 616 3653 3223 3101 1839 793 647 504 146 1262 1143 321 822 408 695 563 327 141 233 550 424 257 1046
is_linear=0
shrinkage=0.035


Tree=70
num_leaves=31
num_cat=0
split_feature=34 201 218 33 232 4 82 205 150 215 137 271 4 148 274 115 33 9 115 103 13 54 219 19 260 8 204 121 33 164
split_gain=16.3734 15.5879 40.6646 18.8057 15.6835 13.7273 15.4674 13.9988 20.9813 17.7094 15.897 19.1482 18.8022 23.3548 18.789 16.2597 17.8736 17.3367 15.6323 15.7474 15.9183 20.383 19.5852 15.093 14.5471 19.9769 17.339 15.4606 22.7143 14.4746
threshold=1.3617179346492445 0.12249999679625036 6.3146789063623121 0.14754999428987506 3.6139336286039607 44.689984705495981 2961.5000000000005 0.015990168665917719 0.020300004631280903 -0.054550006985664361 3716.0000000000005 6.8699830247789011 -10.590350750964598 607.50000000000011 0.048087630386725345 2440.5000000000005 0.17574999481439593 69.956914621513405 26.500000000000004 38.308401107788093 35.671546607905583 0.2629500031471253 -19.320986087138358 6107.5000000000009 0.42019856237989439 -78.645937194344825 0.085816822427825304 0.40320000052452093 0.61149999499320995 -0.027330277768548364
decision_type=2 2 2 2 2 2 2 2 2 2 2 2 2 2 2 2 2 2 2 2 2 2 2 2 2 2 2 2 2 2
left_child=-1 2 -2 -3 -4 6 7 9 -9 24 11 15 13 -13 -14 16 -10 -18 -11 -20 -21 22 29 -17 25 27 -26 -5 -29 -22
right_child=1 3 4 5 -6 -7 -8 8 10 18 -12 12 14 -15 -16 23 17 -19 19 20 21 -23 -24 -25 26 -27 -28 28 -30 -31
leaf_value=-0.00073079095913561711 0.010502785176534406 -0.002332017621266491 6.9552539083067995e-05 -0.0021049245162261627 -0.0016359644410333877 -0.0012456126701302017 -0.0013596970608641846 -0.0016567058003042247 0.00048088510833110501 -0.00086295645302890032 -0.0021715200523660231 -0.0014144695912696199 -0.0019029010279475091 0.0029744770616517485 0.0089061717011519829 0.0091968158390428583 -0.0016773358782816235 -0.00023304704088559047 0.014411785989825744 0.0034734936207999863 0.0032610097513765834 -0.0018223296927855793 -0.0022743591321035882 -0.0010594580829863093 -0.0014655366459482284 -0.0020587801665080938 0.0081322617072801875 0.0097833935258261912 -0.003343587469903347 -0.00028536186869844134
leaf_weight=69 132 122 62 165 78 176 454 226 127 102 145 250 95 235 392 91 355 254 141 372 521 181 74 93 90 216 134 61 68 313
leaf_count=69 132 122 62 165 78 176 454 226 127 102 145 250 95 235 392 91 355 254 141 372 521 181 74 93 90 216 134 61 68 313
internal_value=-0.00301776 -0.00280366 0.00530686 -0.00321272 -0.00772414 -0.00289262 -0.00255717 -0.00195601 -0.00393519 -0.000114613 -0.00279383 -0.00191882 0.00150461 -0.00335714 0.0063313 -0.00552432 -0.00784076 -0.0103176 0.00184318 0.00270068 0.00159959 -0.000543876 0.00161008 0.0037037 -0.00464141 -0.0078835 0.00275109 -0.00187291 0.00705224 0.00317044
internal_weight=5794 5725 272 5453 140 5331 5155 4701 2263 2438 2037 1892 972 485 487 920 736 609 1704 1602 1461 1089 908 184 734 510 224 294 129 834
internal_count=5794 5725 272 5453 140 5331 5155 4701 2263 2438 2037 1892 972 485 487 920 736 609 1704 1602 1461 1089 908 184 734 510 224 294 129 834
is_linear=0
shrinkage=0.035


Tree=71
num_leaves=31
num_cat=0
split_feature=225 153 155 136 211 48 260 69 261 193 148 9 89 16 64 187 121 223 193 126 148 242 126 261 270 119 272 115 104 93
split_gain=15.5784 22.4101 17.2215 16.2434 17.575 18.938 17.3926 19.4801 19.2768 18.7896 17.9992 16.0374 15.8987 15.744 14.0985 14.0747 14.9951 13.6247 17.9849 19.0137 17.6748 15.9709 14.393 13.3992 25.8195 14.2164 13.1701 13.0546 12.9635 18.9025
threshold=0.098936180114421485 0.85359769311536782 0.021166070830524842 36.972200393676765 0.21365746023063492 37.905448913574226 0.69350715887122349 -4.5190970936461143 521.34500122070324 0.73994711195681406 174.50000000000003 66.728718775132094 9.9835818467217603 19.097879698894985 24.391237578079707 -1.8056413425023573e-05 0.30775000154972082 46.706939190570061 0.95509914907001459 232.00000000000003 342.50000000000006 19.854956275946979 307.00000000000006 518.90499877929699 79.971188631995076 10.997343720983157 0.018499992787837986 3101.0000000000005 506.50000000000006 2430.0000000000005
decision_type=2 2 2 2 2 2 2 2 2 2 2 2 2 2 2 2 2 2 2 2 2 2 2 2 2 2 2 2 2 2
left_child=1 3 -2 4 5 23 7 8 -6 12 -11 26 -10 17 -15 -7 -17 18 19 20 -4 -21 -23 24 -1 -25 -5 -20 -24 -30
right_child=2 -3 13 11 6 15 -8 -9 9 10 -12 -13 -14 14 -16 16 -18 -19 27 21 -22 22 28 25 -26 -27 -28 -29 29 -31
leaf_value=0.01069016097870615 0.0083437905225646238 -0.00098524392208915071 -0.0015443420467178121 -0.0013467612805059962 0.010368876347736217 0.0096982126674640644 -0.0010956725187711632 -0.0020754340602037553 -0.0021897294874492399 -0.0011628894622241824 0.016617813221817549 -0.0022262279392416011 0.00035964191941452564 -0.00047833354165078716 0.011978945722337979 -0.00074725772860040904 0.0051982120109565948 -0.002100747044470829 0.016440244782205963 0.0007361263948049352 0.0016620922216723795 0.012859663723094581 -0.0014006802335843069 -0.00020054323633664941 -0.0014835382807407795 -0.0025591884173806635 1.0562261623756065e-07 -0.00022062234626556642 3.4403346994241191e-05 -0.00096320433494149994
leaf_weight=74 95 195 377 184 196 76 208 75 66 70 75 182 129 60 79 115 100 179 64 129 82 96 306 123 380 222 252 72 1304 229
leaf_count=74 95 195 377 184 196 76 208 75 66 70 75 182 129 60 79 115 100 179 64 129 82 96 306 123 380 222 252 72 1304 229
internal_value=-0.00305397 -0.00497983 -0.00134222 -0.0040778 -0.00246865 -0.00536986 0.0014017 0.004375 0.00672828 0.00162319 0.0109667 -0.00898876 -0.005425 -0.00181925 0.00947917 0.00224662 -0.00238636 -0.00238832 -0.00174737 -0.00242286 -0.00882543 -0.00098115 -0.00178608 -0.00814055 -0.00411765 -0.0133 -0.0052381 0.0104255 -0.00248644 -0.0011606
internal_weight=5794 2722 3072 2527 1909 1090 819 611 536 340 145 618 195 2977 139 291 215 2838 2659 2523 459 2064 1935 799 454 345 436 136 1839 1533
internal_count=5794 2722 3072 2527 1909 1090 819 611 536 340 145 618 195 2977 139 291 215 2838 2659 2523 459 2064 1935 799 454 345 436 136 1839 1533
is_linear=0
shrinkage=0.035


Tree=72
num_leaves=31
num_cat=0
split_feature=274 267 287 38 256 13 260 247 103 159 71 71 13 193 148 260 22 150 17 260 41 41 150 49 222 58 165 213 222 261
split_gain=20.9408 13.3977 13.4991 22.6597 16.7269 26.6605 26.4951 30.6576 23.906 26.9912 23.3004 21.3557 19.1355 23.8491 19.1206 14.9181 16.9946 26.9359 16.0555 16.4113 15.5338 39.6067 22.818 19.8297 19.5837 19.3129 19.3013 19.18 23.9157 18.0974
threshold=0.9646794378582586 -8.6125257203878416 1.0000000180025095e-35 2481.5000000000005 31.595978381753557 47.443112479828919 0.11529862424278024 605.16497802734386 54.675849914550788 13.882302375443835 1422.5000000000002 3179.0000000000005 66.843858881238006 0.13390937839743283 549.50000000000011 0.87773940840369258 0.1077999994158745 0.029850006103515628 21.543632209564127 0.82875733838425403 5787.5000000000009 5987.5000000000009 0.036800008267164237 979.50000000000011 16.959605120591245 -8.4726106093434375 0.02632707580589232 9.7519376539857898 12.975284671915585 531.55999755859386
decision_type=2 2 2 2 2 2 2 2 2 2 2 2 2 2 2 2 2 2 2 2 2 2 2 2 2 2 2 2 2 2
left_child=1 -1 15 4 6 14 -4 -8 9 10 12 -9 13 -7 -6 16 17 -3 19 20 24 22 25 -24 26 -22 -18 28 -23 -29
right_child=-2 2 3 -5 5 8 7 11 -10 -11 -12 -13 -14 -15 -16 -17 18 -19 -20 -21 21 27 23 -25 -26 -27 -28 29 -30 -31
leaf_value=0.004612126409758251 -0.00082657446529035925 -0.0012207241887561403 -0.0015729820739080742 0.0034397485268593845 -0.0016099557550029247 0.0053751865166428913 0.018205428722330448 0.00479229461901507 -0.0015950054618002162 -0.0025171236608602311 0.015818741860045567 -0.00068104527867971561 0.0070861500523851937 -0.0021675349937131604 0.0013933628166349998 -0.0011679620462814906 6.0847697255989047e-06 0.0087907542612506492 0.00094920888009008544 0.0096782973969832976 -0.0042037231013614812 -0.00070115476401270765 -0.0006852348524726804 0.0098468674692813365 -0.0029632780434181642 0.0010394256096761829 -0.0021304935147166905 -0.0018531527913480518 0.008853511143434474 -0.00044823751303030128
leaf_weight=230 70 74 93 247 274 72 71 117 212 120 153 64 227 96 84 126 303 83 352 65 140 372 115 175 253 184 305 408 133 576
leaf_count=230 70 74 93 247 274 72 71 117 212 120 153 64 227 96 84 126 303 83 352 65 140 372 115 175 253 184 305 408 133 576
internal_value=-0.00307812 -0.0028347 -0.0031824 -0.000724796 -0.00227015 -0.00416734 0.0045 0.0103502 -0.000870056 0.00239227 0.0056962 0.00244624 0.0011375 -0.00768786 -0.0121488 -0.0044072 -0.00397121 0.00712963 -0.00449646 -0.00531806 -0.00570562 -0.00406784 0.00339257 0.0104407 -0.00965935 -0.00297872 -0.00616639 -0.00714525 -0.00157843 -0.00997978
internal_weight=5794 5724 5494 1830 1583 1238 345 252 880 668 548 181 395 168 358 3664 3538 157 3381 3029 2964 2103 614 290 861 324 608 1489 505 984
internal_count=5794 5724 5494 1830 1583 1238 345 252 880 668 548 181 395 168 358 3664 3538 157 3381 3029 2964 2103 614 290 861 324 608 1489 505 984
is_linear=0
shrinkage=0.035


Tree=73
num_leaves=31
num_cat=0
split_feature=274 257 225 155 238 153 60 91 94 27 183 82 211 219 149 223 136 183 38 104 272 136 115 71 164 193 52 193 186 10
split_gain=16.9232 12.2807 11.918 16.6186 15.4915 12.836 15.0718 23.2225 19.0551 16.2622 18.6233 15.6976 15.2157 17.5458 14.9061 12.5399 16.4376 14.3018 21.001 18.8644 20.897 19.5848 17.5618 16.3326 17.0661 12.7723 15.9455 15.3769 15.101 12.6299
threshold=0.9646794378582586 18.900634383083325 0.098936180114421485 0.021166070830524842 19.097879698894985 0.85359769311536782 1204.5000000000002 -3.2614267654538511 89.500000000000014 2580.0000000000005 0.74401171445597969 962.00000000000011 0.16118867322106376 -43.308545964225551 2.5000000000000004 45.488329519125777 24.339249610900882 -0.24367064800932386 1032.0000000000002 200.50000000000003 0.024050004780292514 39.55635070800782 581.00000000000011 922.50000000000011 -0.19850187050020948 0.41136636324660841 6112.5000000000009 0.20214154748795954 -0.14629201563093172 75.609111074908753
decision_type=2 2 2 2 2 2 2 2 2 2 2 2 2 2 2 2 2 2 2 2 2 2 2 2 2 2 2 2 2 2
left_child=1 2 5 -4 15 6 7 9 -8 10 12 -11 -1 -14 -9 16 -5 18 -18 -19 21 22 -21 -24 -25 27 -27 28 -26 -22
right_child=-2 -3 3 4 -6 -7 8 14 -10 11 -12 -13 13 -15 -16 -17 17 19 -20 20 29 -23 23 24 25 26 -28 -29 -30 -31
leaf_value=-0.0004311568031569848 -0.00079764435900519777 -0.0050065298259078395 0.0084693909034677575 0.0031645535407897303 0.0077922648179174926 -0.0013111977795870939 3.4220180723919527e-05 -0.0013681229670302914 -0.0012308866728920483 0.013571345911339351 -0.0016359138664229784 -0.00046244965749604966 0.018010629790480983 0.00012079879575810694 -0.00019275677222172183 -0.0020301702374591404 -0.0027860016149528215 0.0038237365281130961 0.0064408131865939444 -0.0032025606483278225 -0.0017346564214400968 0.0010324571462573874 0.0090147365274624042 0.010928167946236505 -0.0019495320561756884 -0.0015847116272621486 0.00044845754258965938 0.00097530179766776868 0.00035581763175935146 -0.00047003656626433025
leaf_weight=286 70 62 90 246 135 159 311 339 683 115 132 61 105 155 328 185 129 280 369 124 241 255 79 69 104 250 84 104 83 161
leaf_count=286 70 62 90 246 135 159 311 339 683 115 132 61 105 155 328 185 129 280 369 124 241 255 79 69 104 250 84 104 83 161
internal_value=-0.00306605 -0.00284692 -0.00266808 -0.00114601 -0.00161557 -0.00436357 -0.00373611 -0.0015367 -0.00707708 0.00228172 -0.000204978 0.0116022 0.00266788 0.00871698 -0.00640625 -0.0021875 -0.00154472 -0.00245614 0.0027833 -0.00388254 -0.00538807 -0.00296456 -0.00539357 -0.00337404 -0.0051073 -0.00694444 -0.0115634 -0.00153716 -0.00747396 -0.0122113
internal_weight=5794 5724 5662 2988 2898 2674 2515 1521 994 854 678 176 546 260 667 2763 2578 2332 498 1834 1554 1152 897 773 694 625 334 291 187 402
internal_count=5794 5724 5662 2988 2898 2674 2515 1521 994 854 678 176 546 260 667 2763 2578 2332 498 1834 1554 1152 897 773 694 625 334 291 187 402
is_linear=0
shrinkage=0.035


Tree=74
num_leaves=31
num_cat=0
split_feature=274 94 150 129 118 33 150 223 2 49 35 115 129 22 60 161 85 27 104 258 39 187 185 49 254 60 27 19 169 222
split_gain=17.1241 12.618 12.7674 21.9017 16.6188 15.4385 29.5291 20.5116 14.3191 13.5369 17.0884 16.0357 13.1632 14.9916 22.1262 16.9522 19.2549 13.1746 13.5943 13.1831 14.0059 12.3953 15.0498 17.052 11.9906 18.5418 11.575 11.5114 11.3511 14.383
threshold=0.9646794378582586 362.50000000000006 0.056999988853931434 5342.5000000000009 5402.5000000000009 0.46774999797344213 1.0000000180025095e-35 31.22480181873987 5611.4501953125009 4977.0000000000009 0.053342796736780114 274.50000000000006 6372.5000000000009 0.11164999753236772 285.50000000000006 0.12587499804794791 6302.5000000000009 272.00000000000006 5792.5000000000009 0.018800012767314914 53.500000000000007 -8.1016903047584531e-06 0.014994266995015345 1073.0000000000002 6.9825396865075282 1323.5000000000002 562.50000000000011 5652.5000000000009 13.262146980406708 19.860679007262615
decision_type=2 2 2 2 2 2 2 2 2 2 2 2 2 2 2 2 2 2 2 2 2 2 2 2 2 2 2 2 2 2
left_child=1 2 3 -1 26 6 27 8 -7 10 11 -6 13 14 -8 -15 17 -17 19 20 -19 22 23 -13 -21 -26 -4 -5 29 -22
right_child=-2 -3 4 5 9 7 12 -9 -10 -11 -12 21 -14 15 -16 16 -18 18 -20 24 28 -23 -24 -25 25 -27 -28 -29 -30 -31
leaf_value=-0.0029976626672766271 -0.00076972680644001566 -0.00097117435823617911 -0.001378683426710315 -0.00089097005203382521 0.0034603644035561248 0.0084496041610108465 -0.00038464894997514322 0.017024847737063139 -0.001975235963910184 0.0023413774663882301 0.00058660428428283318 -0.0027327260939434645 -0.0010086417066143486 -0.0044231697057430372 0.009162622457318418 0.0087521707462166632 0.018332642814282183 -0.0010056559866394234 -0.0023687375171400197 0.0038140938714325882 0.0041539207312876452 -0.0017899805775604322 -0.00087863574517781323 0.00090111412664057905 0.0028553529252789791 -0.0027662489815061383 0.015276171077812357 -0.0026061749188260965 -0.00043876272424424215 -0.0014672643738384708
leaf_weight=122 70 514 63 66 87 91 69 81 80 100 111 71 60 95 138 100 63 387 73 507 284 534 253 175 276 119 63 81 919 142
leaf_count=122 70 514 63 66 87 91 69 81 80 100 111 71 60 95 138 100 63 387 73 507 284 534 253 175 276 119 63 81 919 142
internal_value=-0.00296948 -0.00274917 -0.00222819 -0.00114556 -0.00500342 -0.000644939 -0.00127216 0.00762646 0.000596591 -0.00615644 -0.00716424 -0.00846222 -0.000562249 -0.000242367 0.00875 -0.000883838 -0.000389565 -0.000833926 -0.00130347 -0.000875332 -0.00265976 -0.00967726 -0.005625 0.000557769 0.00254686 -0.0020125 0.00694656 -0.0163487 -0.000959259 0.0037355
internal_weight=5794 5724 5210 3753 1457 3631 3379 252 171 1331 1231 1120 3232 3172 207 2965 2870 2807 2707 2634 1732 1033 499 246 902 395 126 147 1345 426
internal_count=5794 5724 5210 3753 1457 3631 3379 252 171 1331 1231 1120 3232 3172 207 2965 2870 2807 2707 2634 1732 1033 499 246 902 395 126 147 1345 426
is_linear=0
shrinkage=0.035


Tree=75
num_leaves=31
num_cat=0
split_feature=6 260 225 270 173 102 173 13 256 261 130 112 13 215 272 260 71 270 49 125 270 81 81 13 22 203 187 11 203 272
split_gain=15.9214 14.4875 18.4208 14.6213 29.6647 33.2474 22.4278 17.1635 34.3092 29.0457 41.4185 25.248 25.1342 24.9494 27.1481 21.7067 44.293 20.7255 20.7372 20.6114 28.4859 20.5049 25.0306 18.0278 21.0434 17.5821 16.849 16.3665 16.1191 15.9767
threshold=18.143299391923605 0.87773940840369258 0.13081558239128896 117.59517811630604 0.20130683852481782 -2.8793860325233607 -0.85877466900283383 47.443112479828919 59.598060318992111 528.02999877929699 -36.616892148961234 0.0124223837950522 43.458909298729658 -0.074450001120567308 0.0117499977350235 0.021081771735870777 897.50000000000011 37.821258477137221 3981.0000000000005 47.270849227905281 70.967333305461764 37.15119934082032 31.191849708557132 22.239865072560807 0.1147499978542328 0.51780538873529391 -0.00060481676104146649 38.22529217043563 -0.43592912404838519 0.029299993067979816
decision_type=2 2 2 2 2 2 2 2 2 2 2 2 2 2 2 2 2 2 2 2 2 2 2 2 2 2 2 2 2 2
left_child=1 3 -3 7 6 -6 -5 12 19 10 13 -11 15 -10 -15 29 -17 23 26 20 28 22 -16 24 -18 -14 -19 -26 -9 -1
right_child=-2 2 -4 4 5 -7 -8 8 9 11 -12 -13 25 14 21 16 17 18 -20 -21 -22 -23 -24 -25 27 -27 -28 -29 -30 -31
leaf_value=-0.00053788008333201579 -0.0013223301722550924 -0.0011021385713535815 0.0088561862538737175 7.4110945198462014e-05 0.010469216010219428 -0.0018221378445707247 -0.0021932668948792186 0.013270544227531048 0.0071831878597793178 -7.507626607628798e-05 0.012262987110038086 -0.0020475707751760885 -0.00069279775675654197 0.010515540587989773 -0.007463274044710165 0.021647538944256309 0.0093991947320535753 0.0072587776628733535 -0.00089215529542520996 -3.2521872466219214e-05 0.016538431310413076 -0.0030134337983144326 0.014968354672599894 0.01117187781489222 0.0001029551021273989 -0.0021184910066734427 -0.00036238779604394537 -0.0056418852974713177 -0.00076223867933467861 -0.0039490402000502056
leaf_weight=361 352 225 64 134 126 74 408 63 224 104 140 93 187 87 65 82 62 60 285 196 196 597 119 70 122 119 975 70 73 61
leaf_count=361 352 225 64 134 126 74 408 63 224 104 140 93 187 87 65 82 62 60 285 196 196 597 119 70 122 119 975 70 73 61
internal_value=-0.00302983 -0.00255737 -0.010119 -0.00212389 -0.00665328 0.00478049 -0.0108775 -0.0013553 0.00108818 -0.00173291 0.000282943 -0.0140347 -0.00330216 -0.00204193 -0.00473081 -0.00195077 -0.000202195 -0.00148575 -0.00343396 0.00866792 0.0139169 -0.00681298 0.00333333 0.00638298 0.00189189 -0.0126045 -0.00111058 -0.00390863 0.00148936 -0.00901639
internal_weight=5794 5442 289 5153 742 200 542 4411 1957 1429 1232 197 2454 1092 868 2148 1726 1644 1320 528 332 781 184 324 254 306 1035 192 136 422
internal_count=5794 5442 289 5153 742 200 542 4411 1957 1429 1232 197 2454 1092 868 2148 1726 1644 1320 528 332 781 184 324 254 306 1035 192 136 422
is_linear=0
shrinkage=0.035


Tree=76
num_leaves=31
num_cat=0
split_feature=274 257 30 191 13 33 4 193 89 260 22 48 48 88 60 213 214 215 185 129 36 233 288 26 270 8 8 190 256 19
split_gain=13.8943 12.7757 12.0406 16.7853 34.2729 15.7205 11.3796 16.6912 23.1168 17.394 14.4653 14.4336 18.76 16.9325 15.0572 14.5516 17.4471 13.9518 18.8309 18.9826 23.2471 18.5586 15.4999 18.2471 14.6531 30.9461 19.0166 18.475 14.6149 29.7408
threshold=0.9646794378582586 18.900634383083325 6367.5000000000009 0.11687500029802324 31.066652129334297 0.14754999428987506 44.689984705495981 0.95509914907001459 11.688849339274887 0.89422008958223553 0.11704999953508378 28.966000556945804 25.869550704956058 0.12705000489950183 1018.5000000000001 8.7409762184268924 0.097449988126754775 -0.052550002932548516 0.013015518915180636 5767.5000000000009 -11.985859950519398 6114.3249511718759 1.0000000180025095e-35 32.434848785400398 90.772402334267966 -79.983878432865168 -59.113503546785033 -0.032699994742870324 39.860815952517761 6032.5000000000009
decision_type=2 2 2 2 2 2 2 2 2 2 2 2 2 2 2 2 2 2 2 2 2 2 2 2 2 2 2 2 2 2
left_child=1 2 3 4 -1 -5 7 9 -9 10 -7 12 14 -13 -12 -15 17 24 22 -20 21 -21 23 -19 25 -17 -27 -26 29 -22
right_child=-2 -3 -4 5 -6 6 -8 8 -10 -11 11 13 -14 15 -16 16 -18 18 19 20 28 -23 -24 -25 27 26 -28 -29 -30 -31
leaf_value=0.010945263398438059 -0.00070421151821723957 -0.0047380997465473187 -0.0010468706711844486 -0.0019235699962385961 -0.00080383186251637101 0.0054435642089256915 -0.0012855384623085906 -0.0014378558386832368 0.011951114231356044 -0.0014040080435894075 0.0014740227259759254 -0.0018038363437528346 0.0060112302591697831 -0.0020853961305748905 -0.004723994664444375 0.0058076346861906892 0.0099000993847054956 0.0056643884150963837 -0.0017772760380295623 -0.0023226615326265836 0.010197790521205336 0.00038951288082880899 -0.00055926297591462617 -0.00062459112800359793 -0.00027675011335933519 -0.0019444549862394432 -9.6350656053527948e-05 -0.0042430402501385618 -0.00041580966119869812 3.4396852433871142e-06
leaf_weight=135 70 62 90 124 111 96 174 64 138 126 192 76 425 141 119 183 78 461 217 334 127 121 302 123 106 176 374 176 490 383
leaf_count=135 70 62 90 124 111 96 174 64 138 126 192 76 425 141 119 183 78 461 217 334 127 121 302 123 106 176 374 176 490 383
internal_value=-0.0027522 -0.00255367 -0.00237163 -0.00215887 0.00669323 -0.00257363 -0.00227194 -0.00196106 0.00777778 -0.00237632 -0.00202338 -0.00230853 0.00217274 -0.00316292 -0.00431962 -0.00282065 -0.00238375 -0.00274874 -0.00136559 -0.003548 -0.00208562 -0.00859783 0.00274972 0.00606112 -0.00621078 -0.00355691 -0.00769369 -0.0129268 0.000905473 0.00502913
internal_weight=5794 5724 5662 5572 246 5326 5202 5028 202 4826 4700 4604 736 3868 311 3792 3651 3573 2558 1672 1455 455 886 584 1015 733 550 282 1000 510
internal_count=5794 5724 5662 5572 246 5326 5202 5028 202 4826 4700 4604 736 3868 311 3792 3651 3573 2558 1672 1455 455 886 584 1015 733 550 282 1000 510
is_linear=0
shrinkage=0.035


Tree=77
num_leaves=31
num_cat=0
split_feature=260 26 38 130 30 22 211 164 19 33 8 150 274 272 60 52 181 187 27 270 270 19 203 27 270 213 258 27 150 60
split_gain=14.652 22.3762 18.0549 28.3409 22.4083 14.7116 19.4616 14.6373 13.0838 25.2308 29.2712 20.5278 24.0352 16.3223 14.2415 17.1851 31.4962 24.9495 23.2734 30.8534 21.6774 17.5132 16.9917 20.5175 26.6214 21.0989 15.8268 18.36 21.9095 16.2771
threshold=0.76286560327442166 30.669300079345707 441.50000000000006 -58.550832707110466 5237.5000000000009 0.10485000163316728 0.76435460149982581 -0.041474637162078588 5402.5000000000009 0.46774999797344213 -74.213210993448797 1.0000000180025095e-35 -0.79058201194302791 -0.0017500072717666624 359.50000000000006 5767.5000000000009 0.3077750056982041 -9.7234660769230918e-06 1624.5000000000002 79.367486124550425 71.12585875665134 5692.5000000000009 0.9424280734007523 2580.0000000000005 58.626231477325199 10.058801673839271 0.028300005942583088 1377.5000000000002 0.047000013291835792 1625.5000000000002
decision_type=2 2 2 2 2 2 2 2 2 2 2 2 2 2 2 2 2 2 2 2 2 2 2 2 2 2 2 2 2 2
left_child=2 7 3 4 -1 -4 8 -2 -7 11 13 -10 -13 -11 -14 16 21 -18 26 20 22 -16 23 24 -20 -25 27 29 -29 -17
right_child=1 -3 5 -5 -6 6 -8 -9 9 10 -12 12 14 -15 15 18 17 -19 19 -21 -22 -23 -24 25 -26 -27 -28 28 -30 -31
leaf_value=0.0070654989358460473 -0.0015002723516927832 0.00059294986651709468 0.0061125423327971955 0.0098205727490661976 -0.0013287681887324922 -0.0027973855083155853 -0.0034153591787011157 -0.00031930396339068971 -0.0020466790137183451 -0.00014945363545708137 -0.0043155233387926536 0.021602482868864879 0.0055250807816275777 0.010193302632354134 -0.0031905015598089385 0.0015152571433664041 0.010812648988087188 -0.0020147259442002702 -0.00015252365652391911 -0.0025417894435158525 0.004955501437296817 -0.0029779931420117591 -0.0041057467085908869 0.0019528426385761141 -0.0021995444630907015 -0.000507629480292724 -0.0016691181391609703 3.3223526865735769e-05 0.021384288441402232 -0.00072539085881554344
leaf_weight=75 331 104 118 174 151 128 83 154 139 65 70 60 92 210 112 784 93 173 425 208 141 191 87 329 247 319 150 128 100 353
leaf_count=75 331 104 118 174 151 128 83 154 139 65 70 60 92 210 112 784 93 173 425 208 141 191 87 329 247 319 150 128 100 353
internal_value=-0.00286084 -0.00807239 -0.00226392 0.00483951 -0.00333333 -0.00285967 -0.00317029 -0.0112143 -0.00285528 -0.00253069 0.0065 -0.00329183 -0.00281961 0.011625 -0.00316485 -0.00349545 -0.00908537 -0.000258303 -0.00251068 -0.00524702 -0.00351578 -0.0167045 -0.00483357 -0.00380377 -0.00806499 0.000643185 0.000667763 0.00186496 0.0108155 3.0648e-05
internal_weight=5794 589 5205 400 226 4805 4687 485 4604 4476 345 4131 3992 275 3932 3840 569 266 3271 1756 1548 303 1407 1320 672 648 1515 1365 228 1137
internal_count=5794 589 5205 400 226 4805 4687 485 4604 4476 345 4131 3992 275 3932 3840 569 266 3271 1756 1548 303 1407 1320 672 648 1515 1365 228 1137
is_linear=0
shrinkage=0.035


Tree=78
num_leaves=31
num_cat=0
split_feature=274 159 267 203 6 92 260 82 22 211 13 91 160 209 126 204 224 271 272 208 93 143 97 34 104 255 260 154 209 185
split_gain=11.9381 11.2901 10.4562 11.61 10.5184 14.7045 11.1754 19.1752 19.171 19.733 18.8876 19.2224 15.03 15.736 12.4426 12.2442 12.0201 10.901 16.488 13.384 12.9548 20.1953 19.6108 14.6256 14.064 12.6738 11.7137 12.695 11.4716 16.4489
threshold=0.9646794378582586 9.8607556649644419 -8.6125257203878416 -0.19900016126411571 24.778227723627456 41.740751266479499 0.87773940840369258 312.00000000000006 0.10485000163316728 0.74834890470744797 88.994050390192243 -4.9555779706729899 0.031149998307228092 9.7455170758907776 97.500000000000014 0.24125357832733971 0.78617796676099716 11.051319083632462 0.011700000613927843 0.0098499953746795672 1775.5000000000002 0.21544999629259112 0.032981304138868246 3.5121434201314883 1217.0000000000002 -0.29867075921952141 -0.5347990980553472 -0.21259842811318999 8.1990518264547667 0.013913359866248616
decision_type=2 2 2 2 2 2 2 2 2 2 2 2 2 2 2 2 2 2 2 2 2 2 2 2 2 2 2 2 2 2
left_child=1 -1 3 -3 6 -6 7 10 -9 15 11 -4 14 -14 -13 17 -8 19 -19 28 21 -20 -23 -22 -24 -21 -27 -28 -10 -30
right_child=-2 2 4 -5 5 -7 16 8 9 -11 -12 12 13 -15 -16 -17 -18 18 20 25 23 22 24 -25 -26 26 27 -29 29 -31
leaf_value=0.0037865154997974294 -0.0006477215295656772 0.0094999527373016406 0.012226876195138103 -0.0015714878602615602 -0.0017397838161857305 0.00013382412522335214 0.0052434054529491248 0.0067944373382453124 -0.0013781448858211822 -0.0030988452484687996 -0.0025359285898868674 0.0025371802801166491 -0.001652221497573467 0.017293254237170125 -0.0014074768116968896 0.0086197748485002789 -0.0010908386186352572 -0.0007319730652575843 0.010147779042311105 -0.00022762433793406924 0.00014836118033799669 -0.0025750946086331929 -0.00044288677215671869 -0.0013651594727918178 0.014130630452009456 0.00055717210446265856 5.1624880136062764e-05 -0.0019727682433123015 0.00029957971364582143 -0.00038551115910864803
leaf_weight=69 70 124 137 97 125 68 63 80 346 94 76 99 69 67 103 69 169 220 251 319 128 142 105 107 61 63 82 538 592 1261
leaf_count=69 70 124 137 97 125 68 63 80 346 94 76 99 69 67 103 69 169 220 251 319 128 142 105 107 61 63 82 538 592 1261
internal_value=-0.00290912 -0.00272473 -0.00290018 0.00449115 -0.00320463 -0.0111364 -0.00290221 -0.00254787 -0.00330943 -0.00362537 0.00358813 0.00619792 0.00163265 0.0104255 -0.00439614 -0.00326416 -0.0103376 -0.00350829 -0.000343474 -0.00450873 0.00201502 0.00490248 -0.00111821 -0.0048125 0.00695906 -0.00785501 -0.0105305 -0.011984 -0.0029696 -0.00186491
internal_weight=5794 5724 5655 221 5434 193 5241 5009 4458 4378 551 475 338 136 202 4284 232 4215 1014 3201 794 559 308 235 166 1002 683 620 2199 1853
internal_count=5794 5724 5655 221 5434 193 5241 5009 4458 4378 551 475 338 136 202 4284 232 4215 1014 3201 794 559 308 235 166 1002 683 620 2199 1853
is_linear=0
shrinkage=0.035


Tree=79
num_leaves=31
num_cat=0
split_feature=199 257 129 129 261 153 59 274 193 211 5 38 38 187 7 270 204 41 30 211 49 143 13 129 213 10 270 115 140 256
split_gain=13.9212 11.9535 12.145 17.6997 23.6365 25.6009 12.6898 11.6152 15.2552 17.7045 22.8493 13.3759 17.5634 12.6227 12.3069 23.9557 17.4773 13.5913 22.1298 20.2204 16.4094 21.4603 25.0914 20.5714 22.4255 26.0851 27.8285 24.3058 21.6708 19.2171
threshold=14.452353056407835 18.900634383083325 6372.5000000000009 6282.5000000000009 564.95498657226574 0.30084128667340282 41.416351318359382 0.9646794378582586 0.95509914907001459 0.74834890470744797 51.775775471140314 297.50000000000006 110.50000000000001 -0.00065566410455346368 -7.3267060827613859 45.221659220149213 0.087551766167281428 5257.5000000000009 5237.5000000000009 -0.84845517381633073 520.50000000000011 0.31660000979900366 41.799438600028544 5767.5000000000009 9.7385244268320381 40.178606413593641 42.954145717103266 295.00000000000006 5687.5000000000009 64.443292167625899
decision_type=2 2 2 2 2 2 2 2 2 2 2 2 2 2 2 2 2 2 2 2 2 2 2 2 2 2 2 2 2 2
left_child=1 2 3 7 -5 6 -6 8 9 13 -11 12 -10 -1 17 -16 -17 -15 -19 -20 -21 23 -23 28 25 26 -25 -27 -22 -26
right_child=-2 -3 -4 4 5 -7 -8 -9 11 10 -12 -13 -14 14 15 16 -18 18 19 20 21 22 -24 24 29 27 -28 -29 -30 -31
leaf_value=0.0070556739537614641 -0.0015365641291876166 -0.0046856042311508306 -0.0010178644227205001 0.021677135706432146 -0.00017256240181329652 -0.0019300115812640041 0.012220736290337019 -0.0005905064666793103 0.010652603260698109 -0.002793409305794612 -0.00023197462407342664 0.011112019509269839 -0.0013541403359818023 -0.002168851561741477 0.0082253476671141201 -0.0019608711610077829 -0.00010164520025181979 0.011941322127981225 0.0045464972345048383 -0.0018472696339524649 -0.00027759872861756688 -0.0043821116501533263 0.0074587555379750196 -0.00043240110025037171 -0.00020127766412759098 0.0097811431121103687 0.01202542043403735 -0.00054428157412114936 -0.0029884609864164625 -0.0019927349531649713
leaf_weight=60 109 61 88 89 64 89 68 69 72 149 202 90 84 86 93 254 109 81 183 454 136 63 429 124 1065 92 254 691 187 199
leaf_count=60 109 61 88 89 64 89 68 69 72 149 202 90 84 86 93 254 109 81 183 454 136 63 429 124 1065 92 254 691 187 199
internal_value=-0.00292119 -0.00267575 -0.00249956 -0.00228659 0.00577778 -0.000464602 0.00919708 -0.00277002 -0.00256974 -0.00299736 -0.0105197 0.00585657 -0.000434783 -0.00240745 -0.00262597 -0.00804772 -0.0120788 -0.00200543 -0.00169569 -0.00208269 -0.00264936 -0.00176888 0.00492958 -0.00297494 -0.00185802 0.00165094 0.00913838 -0.00199873 -0.0112043 -0.00507486
internal_weight=5794 5685 5624 5536 310 221 132 5226 5157 4911 351 246 156 4560 4500 456 363 4044 3958 3877 3694 3240 492 2748 2425 1161 378 783 323 1264
internal_count=5794 5685 5624 5536 310 221 132 5226 5157 4911 351 246 156 4560 4500 456 363 4044 3958 3877 3694 3240 492 2748 2425 1161 378 783 323 1264
is_linear=0
shrinkage=0.035


Tree=80
num_leaves=31
num_cat=0
split_feature=199 41 30 247 11 93 160 150 191 104 49 10 13 261 27 27 93 113 270 27 270 30 13 13 10 205 58 60 192 71
split_gain=14.2313 12.0629 24.5143 18.2962 19.3801 14.846 15.6233 17.2838 18.4799 18.1054 16.6768 16.5027 25.2022 16.3623 15.7806 19.785 21.6137 18.3684 17.463 17.2407 15.715 14.9959 21.6888 14.7659 17.135 22.6815 17.8063 17.678 17.629 14.8106
threshold=14.452353056407835 5257.5000000000009 5237.5000000000009 539.35998535156261 82.0998122002499 30.000000000000004 0.010500002652406694 0.066700007766485228 0.32365000247955328 5461.5000000000009 884.00000000000011 135.17630383955097 66.970514196157637 519.58001708984386 6070.0000000000009 3463.5000000000005 2661.5000000000005 -2.0932927448234335 46.710575199342081 5042.0000000000009 89.980491983752259 6367.5000000000009 19.082179839929484 22.224810524168358 39.046192018658189 0.021647513456451717 -12.375419056969296 2781.5000000000005 0.13867521367318411 1422.5000000000002
decision_type=2 2 2 2 2 2 2 2 2 2 2 2 2 2 2 2 2 2 2 2 2 2 2 2 2 2 2 2 2 2
left_child=1 -1 -3 4 -4 -5 13 8 9 14 -10 12 -9 -7 15 21 18 -16 -17 -20 -14 22 -8 -24 25 27 28 29 -26 -25
right_child=-2 2 3 5 -6 6 7 11 10 -11 -12 -13 20 -15 17 16 -18 -19 19 -21 -22 -23 23 24 26 -27 -28 -29 -30 -31
leaf_value=-0.0020447583015444711 -0.0014827843846660497 0.012217298838532653 -0.0002395298461672313 0.010885466674868203 -0.0063855835565080994 -0.00011986078301719218 0.0082511209217423099 -0.00048013290721939057 -6.374605741513273e-05 -0.0022822321719281223 0.010031264319820762 -0.0020717738014116925 0.013548973310665433 -0.0017818247741927069 0.00023877183795984554 0.010646521272991103 0.016712346260578478 -0.001805235637683476 -0.0028711285340192821 0.0048723040139131554 -0.00050629756465524092 -0.0010491355632445834 -0.00098888859116763334 0.012304190129422566 0.011265759236672437 -0.0025726251659766654 -0.00071291858422432245 -0.0012306309455698489 -0.0010256640546225815 0.00016004494369386893
leaf_weight=88 109 87 63 116 74 297 106 494 171 81 140 165 69 303 62 95 110 100 108 63 66 60 166 258 145 93 1575 105 140 285
leaf_count=88 109 87 63 116 74 297 106 494 171 81 140 165 69 303 62 95 110 100 108 63 66 60 166 258 145 93 1575 105 140 285
internal_value=-0.00278841 -0.00254042 -0.00233042 -0.00262738 -0.0150352 -0.00229732 -0.00257412 -0.00188438 -0.000913909 -0.0016334 0.00719937 -0.00657071 -0.00391956 -0.00786777 -0.00123849 -0.000707604 0.0067979 -0.0117365 0.00129151 -0.00536932 0.00925 -0.00167971 -0.00130125 -0.00190657 -0.00124904 0.00323727 -0.00304021 0.00557427 0.00494828 0.00811131
internal_weight=5794 5685 5597 5510 137 5373 5257 4657 3863 3552 311 794 629 600 3471 3309 376 162 266 171 135 2933 2873 2767 2601 741 1860 648 285 543
internal_count=5794 5685 5597 5510 137 5373 5257 4657 3863 3552 311 794 629 600 3471 3309 376 162 266 171 135 2933 2873 2767 2601 741 1860 648 285 543
is_linear=0
shrinkage=0.035


Tree=81
num_leaves=31
num_cat=0
split_feature=159 260 26 38 201 43 104 104 38 49 55 55 260 13 59 224 38 104 247 211 19 213 49 270 151 148 268 33 20 148
split_gain=15.482 14.1653 23.5595 17.8173 34.7125 15.7088 12.3031 28.3914 23.1209 20.5211 20.3344 25.3149 20.0146 17.8527 22.1601 25.2161 21.935 20.7266 17.2166 32.2385 28.0357 23.0216 19.9386 19.6372 18.3492 21.6906 17.6748 17.4699 17.1121 24.272
threshold=9.8607556649644419 0.76286560327442166 30.669300079345707 441.50000000000006 0.40227499604225164 0.26974999904632574 509.00000000000006 643.00000000000011 790.00000000000011 1247.5000000000002 0.4577500075101853 0.52459999918937694 0.2598890166664764 26.908023953886303 43.308300018310554 0.99999999999228917 1073.5000000000002 454.50000000000006 575.91998291015636 -0.80616903831345088 5692.5000000000009 9.6931985247545693 404.00000000000006 39.987350473716212 0.23505000397562983 491.00000000000006 3.8331571459215845 0.25765000283718115 43.614345044740162 1393.0000000000002
decision_type=2 2 2 2 2 2 2 2 2 2 2 2 2 2 2 2 2 2 2 2 2 2 2 2 2 2 2 2 2 2
left_child=-1 3 5 4 -2 -3 12 8 -8 -10 18 -12 -5 -14 15 17 -16 -15 20 -20 22 23 -9 -21 25 26 -25 -23 -29 -30
right_child=1 2 -4 6 -6 -7 7 10 9 -11 11 -13 13 14 16 -17 -18 -19 19 21 -22 27 -24 24 -26 -27 -28 28 29 -31
leaf_value=0.00029554158371924907 0.010022622301521096 -0.0015784322523354239 0.00077888413144662277 -0.0019507486639024588 -0.0020216006806632533 -6.1824434899675771e-05 -0.0016692181544721541 -0.0018246217884809897 -0.0016409556765770868 0.010180709530430732 0.0097451642633206298 -0.0032722318948875608 -0.0011543576249458266 0.0072634995273033708 -0.0024397862857510723 -0.0036252000437225016 0.00024727376663926439 -0.0010138731630028686 0.010512518383468514 -0.001680373300396384 -0.0027596241799996888 -0.00029929151961236678 0.00094576753653828833 -0.0014219050812232696 -0.0020034993079624018 0.012403100358488982 0.0087264625711333411 -0.0039843856867594904 -0.001549963738676059 0.0063273944977896334
leaf_weight=84 204 354 99 328 145 112 86 124 81 258 171 101 210 363 98 84 73 95 89 79 169 1054 215 122 298 201 80 120 171 126
leaf_count=84 204 354 99 328 145 112 86 124 81 258 171 101 210 363 98 84 73 95 89 79 169 1054 215 122 298 201 80 120 171 126
internal_value=-0.00270391 -0.00292738 -0.00816667 -0.00234466 0.00524011 -0.0114437 -0.00290148 -0.00184366 0.00659302 0.0106831 -0.0030016 0.00606498 -0.00587978 -0.00320582 -0.000536212 0.00294333 -0.0113352 0.0061987 -0.00387662 -0.00259701 -0.00968811 -0.00342863 -0.00376453 0.00142675 0.00332153 0.00814951 0 -0.00599932 -0.0120261 -0.00730132
internal_weight=5794 5710 565 5145 349 466 4796 3545 425 339 3120 272 1251 923 713 542 171 458 2848 2340 508 2251 339 780 701 403 202 1471 417 297
internal_count=5794 5710 565 5145 349 466 4796 3545 425 339 3120 272 1251 923 713 542 171 458 2848 2340 508 2251 339 780 701 403 202 1471 417 297
is_linear=0
shrinkage=0.035


Tree=82
num_leaves=31
num_cat=0
split_feature=159 260 26 38 77 43 148 232 165 153 287 272 259 183 126 27 138 108 72 173 71 183 255 60 38 148 269 217 167 223
split_gain=15.5075 12.8023 20.7817 18.0088 31.7739 14.5086 12.6922 16.746 19.2381 15.9828 18.9301 15.9281 15.942 16.5162 13.8948 17.5588 12.957 11.8772 11.6889 15.2733 17.4717 16.0183 11.5701 11.5247 13.2102 11.7609 14.8906 11.5104 11.2592 11.233
threshold=9.8607556649644419 0.76286560327442166 30.669300079345707 441.50000000000006 0.40410000085830694 0.26974999904632574 143.50000000000003 3.4923828822863716 0.025630243060156991 0.14963248644688307 1.0000000180025095e-35 0.032499998807907111 0.059519396015633323 0.062528295779727835 387.00000000000006 1624.5000000000002 16.500000000000004 -14.034638878109293 393.50000000000006 -0.59970709470188599 2665.0000000000005 -0.93825370394609753 -0.089461214349830329 2388.0000000000005 2562.5000000000005 365.50000000000006 0.75420314949281597 56.157139208604711 -0.0056556179785632078 51.155132763759987
decision_type=2 2 2 2 2 2 2 2 2 2 2 2 2 2 2 2 2 2 2 2 2 2 2 2 2 2 2 2 2 2
left_child=-1 3 5 4 -2 -3 9 11 18 10 -5 12 13 17 15 -11 -14 -8 19 21 23 -9 -17 24 25 -21 -27 -23 -29 -10
right_child=1 2 -4 6 -6 -7 7 8 29 14 -12 -13 16 -15 -16 22 -18 -19 -20 20 -22 27 -24 -25 -26 26 -28 28 -30 -31
leaf_value=0.00028519762828907533 0.0096718305209678584 -0.0015231871235036833 0.00075162318684598951 -0.0015009084816604507 -0.0020912906349652496 -5.9660579678187668e-05 -0.0016082068412358193 0.0095631892862676673 -0.000564398003096687 0.0015101379755328751 0.0090167976495961616 -0.0010319232138365454 -0.00032460626208035499 0.0063219821743037696 -1.1751032339060164e-05 -0.0013573959590675675 0.0032394789041761698 0.0061789941443555312 -0.0024487019515047723 -0.001016661922684492 -0.00067428370771789321 0.00012558591456322184 -0.0038478506804321116 -0.00074836707128924772 0.012365043143765117 0.01050827978184786 -7.7792388052213562e-05 -0.00019467765230498315 -0.002525237954693429 -0.0036677508287848051
leaf_weight=84 208 354 99 103 141 112 93 83 2040 78 88 75 360 176 121 119 71 64 60 124 99 74 178 123 77 186 97 62 126 119
leaf_count=84 208 354 99 103 141 112 93 83 2040 78 88 75 360 176 121 119 71 64 60 124 99 74 178 123 77 186 97 62 126 119
internal_value=-0.00271599 -0.00293963 -0.00792105 -0.00238544 0.00524011 -0.0109979 -0.00294522 -0.00220345 -0.00333435 -0.00733382 0.00125 0.00219787 0.00373212 0.00942308 -0.0106188 -0.0139079 -0.000722477 0.00108025 0.000407706 0.00129261 0.00423347 -0.0047 -0.0177318 0.00646242 0.00887526 0.00620146 0.0100868 -0.00891386 -0.0134197 -0.00525647
internal_weight=5794 5710 565 5145 349 466 4796 4109 3270 687 191 839 764 333 496 375 431 157 1111 1051 706 345 297 607 484 407 283 262 188 2159
internal_count=5794 5710 565 5145 349 466 4796 4109 3270 687 191 839 764 333 496 375 431 157 1111 1051 706 345 297 607 484 407 283 262 188 2159
is_linear=0
shrinkage=0.035


Tree=83
num_leaves=31
num_cat=0
split_feature=272 159 199 126 126 70 260 72 126 78 148 38 150 256 201 268 60 271 38 178 93 135 131 148 259 207 153 11 260 268
split_gain=16.8276 15.7228 12.7608 13.5998 17.3131 25.5814 15.2333 16.7008 14.9029 19.7986 16.9256 23.5487 30.1647 23.2718 24.1213 20.4804 19.5655 18.7998 18.6089 18.4009 17.0417 15.0863 14.9895 14.9331 14.8323 14.1848 15.8317 14.377 17.9713 14.2878
threshold=-0.0142500102519989 9.8607556649644419 14.452353056407835 1919.0000000000002 3210.5000000000005 50.995901107788093 0.063537429493923644 152.50000000000003 1309.5000000000002 12.003592442922745 530.50000000000011 2705.5000000000005 0.039500001817941673 63.604330446387387 0.33350000530481344 -10.17739243200255 1258.5000000000002 9.6357867832029012 694.50000000000011 -0.025150001049041745 1793.0000000000002 -1.0254929669386244 0.80445000529289257 1542.0000000000002 0.11543728446746497 0.0003967706382535454 0.33206247136141037 53.092523879281543 0.40459881097633021 4.0078847010449623
decision_type=2 2 2 2 2 2 2 2 2 2 2 2 2 2 2 2 2 2 2 2 2 2 2 2 2 2 2 2 2 2
left_child=-1 -2 3 8 5 6 7 -5 10 -10 11 15 -13 16 18 20 19 24 -15 -12 -3 -20 -17 -11 -16 26 27 -24 -29 -28
right_child=1 2 -4 4 -6 -7 -8 -9 9 23 13 12 -14 14 17 22 -18 -19 21 -21 -22 -23 25 -25 -26 -27 29 28 -30 -31
leaf_value=-0.0014129757975517171 0.00032997341221760652 -0.0013737229923387979 -0.0013730599750248779 0.0095939556417552179 -0.00096325247824678977 -0.0039937274753988712 0.021436004093867613 -0.0017644011879455381 -0.0010867568976769611 0.0031563962340032132 -0.0012012713468395472 -0.00087850154252661192 0.011764930608770036 0.0046013806005816707 0.0029519012157371962 -0.0005586582921591394 -6.6888788449596682e-05 0.0097367371561422316 -0.0025190695927487668 0.0090206765059175267 -0.0027316426473230691 -0.0037696728264268861 0.0064473991083991364 -0.0023762805110261391 -0.0036644000116185377 0.00036519312189120192 -0.00011057771312967758 -0.0014483766848023367 0.0057828254973695146 -0.0014536960912388504
leaf_weight=72 80 303 109 154 201 70 95 85 506 169 79 85 105 68 124 1311 332 112 116 244 108 149 108 78 79 283 181 131 68 189
leaf_count=72 80 303 109 154 201 70 95 85 506 169 79 85 105 68 124 1311 332 112 116 244 108 149 108 78 79 283 181 131 68 189
internal_value=-0.00282462 -0.00260346 -0.00282628 -0.00258487 0.00235246 0.00650367 0.010531 0.00559426 -0.00319278 -0.00771108 -0.00236962 -0.00386861 0.00789744 0.000936544 -0.00375191 -0.0047153 0.00556818 0.00317188 -0.0102515 0.0116311 -0.011863 -0.0143889 -0.00339851 0.000416667 -0.00319712 -7.25389e-05 -0.00282258 0.00302885 -0.00257353 -0.00765333
internal_weight=5794 5722 5642 5533 605 404 334 239 4928 753 4175 2872 190 1303 648 2682 655 315 333 323 411 265 2271 247 203 960 677 307 199 370
internal_count=5794 5722 5642 5533 605 404 334 239 4928 753 4175 2872 190 1303 648 2682 655 315 333 323 411 265 2271 247 203 960 677 307 199 370
is_linear=0
shrinkage=0.035


Tree=84
num_leaves=31
num_cat=0
split_feature=159 272 104 183 213 129 52 150 150 53 63 22 71 155 247 110 17 104 78 211 39 214 272 261 28 267 54 265 163 63
split_gain=16.0228 15.4041 12.3888 17.6174 14.5687 14.3297 18.2377 14.3149 17.3725 22.3351 19.5888 20.913 23.1616 19.1612 19.0359 23.6863 19.5728 18.5275 18.2183 17.4497 17.3178 17.1151 16.0548 15.2878 14.9708 15.614 15.5974 14.9694 13.8399 13.3664
threshold=9.8607556649644419 -0.0142500102519989 5461.5000000000009 -0.93825370394609753 8.7778636077508754 5257.5000000000009 5382.5000000000009 0.066700007766485228 0.036199990659952171 -17.375867850039636 5982.5000000000009 0.11704999953508378 973.50000000000011 0.024832367099575103 584.48498535156261 0.23494999855756762 13.022159506714816 1004.5000000000001 13.824073683835811 0.34848032377845556 37.500000000000007 0.040400005877017982 0.023449987173080448 519.66998291015636 208.50000000000003 -5.1105816142177334 0.24315000325441363 -0.3634700242538535 -0.44821637328105074 6017.5000000000009
decision_type=2 2 2 2 2 2 2 2 2 2 2 2 2 2 2 2 2 2 2 2 2 2 2 2 2 2 2 2 2 2
left_child=-1 -2 3 -3 -5 -6 -7 8 13 10 14 -12 28 23 15 -10 19 -17 -19 22 -15 24 -16 -8 25 -22 -26 -11 -13 -14
right_child=1 2 -4 4 5 6 7 -9 9 27 11 12 29 20 16 17 -18 18 -20 -21 21 -23 -24 -25 26 -27 -28 -29 -30 -31
leaf_value=0.0002941682530423054 -0.0015535696318250377 0.010551038981020335 -0.0015635510849601765 -0.0020770733880782779 0.011602410164909763 -0.0054680733011221814 0.0089869134288162594 -0.00050076730636278936 -0.0025491355125240207 -0.00011036589845805301 0.0064344209022292875 -0.0020861941098169047 -0.0022191773775924913 -0.0023164876175339856 0.00026809339742505799 0.0059600913298388453 -0.00161061548611609 -0.0019840088758870983 0.0002231766530967716 0.010762394130834992 0.0087897282049065641 0.00062431895704197552 0.011783720803564896 -0.00024868657049436336 -0.0027660312529097426 -0.00054776321858393106 -0.00062944542111206098 0.014985392434541066 0.0093158785755799809 -0.00059015361588315779
leaf_weight=84 68 132 148 171 64 83 68 741 60 64 118 68 126 135 185 268 104 60 94 89 61 174 83 62 176 893 243 121 158 893
leaf_count=84 68 132 148 171 64 83 68 741 60 64 118 68 126 135 185 268 104 60 94 89 61 174 83 62 176 893 243 121 158 893
internal_value=-0.00295741 -0.0031846 -0.00297503 -0.00269867 -0.00301286 -0.00267417 -0.00288484 -0.00260646 -0.00182799 7.01122e-05 -0.000878408 -0.00355629 -0.0049 -0.00443038 0.00299051 -0.00186858 0.00803648 0.00114754 -0.00836478 0.0118923 -0.00543568 -0.00435245 0.00717949 0.0082963 -0.00566401 -0.00321168 -0.0111439 0.0116053 0.00515152 -0.00714355
internal_weight=5794 5710 5642 5494 5362 5191 5127 5044 4303 2491 2306 1363 1245 1812 943 482 461 422 154 357 1682 1547 268 130 1373 954 419 185 226 1019
internal_count=5794 5710 5642 5494 5362 5191 5127 5044 4303 2491 2306 1363 1245 1812 943 482 461 422 154 357 1682 1547 268 130 1373 954 419 185 226 1019
is_linear=0
shrinkage=0.035


Tree=85
num_leaves=31
num_cat=0
split_feature=272 83 153 274 93 19 13 153 169 126 30 13 172 273 122 205 215 150 261 274 256 153 173 82 199 12 104 175 93 163
split_gain=13.1127 11.5001 11.7465 17.2287 15.1167 16.3062 13.7191 17.627 13.5048 12.9303 12.9148 23.9705 12.2922 11.8121 11.7966 15.8886 19.093 15.1735 13.4117 18.9495 17.4881 16.4561 14.9702 13.4656 14.8803 16.18 13.1308 12.8957 12.8153 15.77
threshold=-0.0142500102519989 10.500000000000002 0.86625133947609145 0.82539772468185135 30.000000000000004 5517.5000000000009 106.82085487786789 0.75448832759423679 14.089293560305792 1120.5000000000002 6362.5000000000009 19.082179839929484 0.010205144225684136 -0.022675605082629929 12.560445418013748 0.015633793795811431 -0.05535000562667846 0.015699990093708042 478.52999877929693 -0.37669069536922611 63.998192059925437 0.42000958275606454 0.20130683852481782 1035.5000000000002 11.783105085077553 6.5742575962494074 503.50000000000006 0.041728917636806091 1253.5000000000002 -0.12528935267728813
decision_type=2 2 2 2 2 2 2 2 2 2 2 2 2 2 2 2 2 2 2 2 2 2 2 2 2 2 2 2 2 2
left_child=-1 -2 4 8 5 -3 7 10 -4 -8 11 -6 -9 -14 -13 16 -16 -17 19 -18 21 23 -22 26 25 -25 -20 28 29 -19
right_child=1 2 3 -5 6 -7 9 12 -10 -11 -12 14 13 -15 15 17 18 27 20 -21 22 -23 -24 24 -26 -27 -28 -29 -30 -31
leaf_value=-0.0013091467075235302 0.00012217522414350121 -0.00047043756223614234 0.00053787438171128891 -0.0012054118501896034 0.0074129146615415113 0.019933204730784485 -0.0030555738528593381 0.0085193037978825176 -0.003197767157944645 -0.00030937485542307521 -0.0011618294712929379 0.0012374480924842543 -0.0015455236616985454 0.0049841532701319167 -0.00076925493968034062 -0.0019310820383118485 -0.00030095978089724585 -0.0021614154769571091 -2.6720282195934479e-05 0.01344159676217245 -0.0019416885480500392 -0.00090076161308492953 0.0010792923387737562 -0.0001547522482811152 -0.00034405056438664987 0.012225765091051846 0.010668699744275874 0.00097156778752106757 -0.00095376515668784973 0.00017040614587537919
leaf_weight=72 96 60 118 117 121 71 198 94 84 111 104 180 69 85 574 111 81 323 98 101 297 167 66 102 281 88 186 168 995 576
leaf_count=72 96 60 118 117 121 71 198 94 84 111 104 180 69 85 574 111 81 323 98 101 297 167 66 102 281 88 186 168 995 576
internal_value=-0.00290912 -0.00271346 -0.00292133 -0.00939815 -0.00252353 0.00900735 -0.00282378 -0.00236351 -0.00304348 -0.00992038 -0.00285359 -0.00256305 0.00664032 0.000440252 -0.00299159 -0.0033681 -0.00114614 -0.00544766 0.000974864 0.00973262 -0.00029845 0.00226537 -0.00675272 0.00446711 0.000808824 0.00825641 0.0104152 -0.00474117 -0.00556609 -0.00251659
internal_weight=5794 5722 5626 319 5307 131 5176 4867 202 309 4619 4515 248 154 4394 4214 2041 2173 1467 182 1285 922 363 755 471 190 284 2062 1894 899
internal_count=5794 5722 5626 319 5307 131 5176 4867 202 309 4619 4515 248 154 4394 4214 2041 2173 1467 182 1285 922 363 755 471 190 284 2062 1894 899
is_linear=0
shrinkage=0.035


Tree=86
num_leaves=31
num_cat=0
split_feature=159 260 195 272 6 48 264 138 170 183 274 82 180 260 163 261 288 222 214 27 224 6 19 104 27 27 274 183 6 93
split_gain=16.0487 16.2324 17.2491 14.4088 12.4338 14.0626 16.2395 17.7338 16.5677 15.7387 17.9119 16.777 22.9125 16.6893 16.7084 18.7469 17.1269 20.1062 17.7657 17.1899 15.8304 15.9006 17.7718 17.0171 15.8718 32.0819 19.3485 22.6586 19.355 19.7319
threshold=9.8607556649644419 0.87773940840369258 0.012905381951026902 -0.0142500102519989 22.232649087401516 28.966000556945804 -2.5599648931079462 7.5000000000000009 0.013050004839897157 0.80946712224159834 0.32428574628448797 460.50000000000006 -0.0035999789834022518 -0.55848522612424423 -0.15899896966946706 480.50000000000006 1.0000000180025095e-35 19.443436924280352 0.015399996191263201 2165.5000000000005 -0.9999999999870639 -25.120422629926995 5857.5000000000009 730.50000000000011 6070.0000000000009 3182.0000000000005 0.17264324752937235 0.20052615747747879 -0.49233257494324928 2803.5000000000005
decision_type=2 2 2 2 2 2 2 2 2 2 2 2 2 2 2 2 2 2 2 2 2 2 2 2 2 2 2 2 2 2
left_child=-1 3 -3 -2 5 6 7 8 -5 11 -11 12 -7 -13 16 -16 17 -15 -18 -20 -17 23 -23 -22 25 26 27 -24 29 -28
right_child=1 2 -4 4 -6 9 -8 -9 -10 10 -12 13 -14 14 15 20 18 -19 19 -21 21 22 24 -25 -26 -27 28 -29 -30 -31
leaf_value=0.00030464436514497683 -0.001453374559947835 0.00038923629409742843 -0.0013324263224513007 0.018086792938960657 -0.0010603201944588509 0.00040282841248745764 0.0037778222105813862 -0.0041710262053464642 -0.005497463125570928 0.0058504897492929198 -0.00038093772426718109 0.0012302794651973905 -0.0016352030355584459 -0.0018737294488682895 0.008855819355568284 0.013512077202595391 -0.0015007501583374611 0.00014613036974459788 0.0070389665731925679 -0.00074827655496328147 -5.5680774960152896e-05 -0.004208079073232192 -0.00010227144490933649 -0.0011046922174784736 -0.0045130869167851941 0.0075983516225932007 0.00012465705710118958 0.011180271554021475 -0.0028538488494391652 -0.0014610397857628462
leaf_weight=84 68 75 213 62 230 126 553 81 70 103 285 272 425 453 121 142 81 139 207 66 284 74 229 475 83 155 307 104 125 102
leaf_count=84 68 75 213 62 230 126 553 81 70 103 285 272 425 453 121 142 81 139 207 66 284 74 229 475 83 155 307 104 125 102
internal_value=-0.00296948 -0.00319685 -0.0112287 -0.00276027 -0.00254712 -0.00218366 0.00217899 -0.00594037 0.0020438 -0.0029521 0.00374046 -0.00361006 -0.0092536 -0.00268838 -0.00340895 -0.00172937 -0.00728707 -0.0109045 -0.00116992 0.00314748 -0.00251799 -0.00335049 -0.000798142 -0.00728403 0.000346847 0.00156767 -0.00108372 0.00548817 -0.00519481 -0.0014372
internal_weight=5794 5710 288 5422 5354 5124 766 213 132 4358 388 3970 551 3419 3147 2201 946 592 354 273 2080 1938 1179 759 1105 1022 867 333 534 409
internal_count=5794 5710 288 5422 5354 5124 766 213 132 4358 388 3970 551 3419 3147 2201 946 592 354 273 2080 1938 1179 759 1105 1022 867 333 534 409
is_linear=0
shrinkage=0.035


Tree=87
num_leaves=31
num_cat=0
split_feature=34 257 257 60 60 163 222 94 183 270 193 17 270 265 214 270 49 249 82 13 71 28 61 24 220 225 222 82 257 126
split_gain=12.7142 10.5695 11.8495 23.4321 21.3899 18.259 19.4121 17.3626 16.9499 20.3601 21.4491 16.1815 16.1242 15.8013 15.3153 15.0473 14.5691 14.1882 15.6771 18.7015 15.387 15.2046 14.6302 12.8358 15.8059 12.7321 12.3841 12.07 16.1604 12.0228
threshold=1.3617179346492445 18.900634383083325 11.2540598271995 948.00000000000011 264.00000000000006 -0.22854333177356748 19.443436924280352 135.50000000000003 -0.23471429263395135 37.821258477137221 0.79467286751527155 -17.873568909772541 31.089243820869186 -2.0633673678394078 0.013400010764598848 40.183086651476856 3288.5000000000005 -0.25488297193232418 1078.5000000000002 25.845399134762008 1396.0000000000002 39.500000000000007 89.500000000000014 0.045627992245881759 10.136615781109809 0.063369190792513852 7.3793119024626428 1674.0000000000002 3.3483354693238914 442.50000000000006
decision_type=2 2 2 2 2 2 2 2 2 2 2 2 2 2 2 2 2 2 2 2 2 2 2 2 2 2 2 2 2 2
left_child=-1 2 5 4 -4 6 7 -2 23 10 12 -11 -10 -5 -8 -13 -12 22 21 -20 26 -19 -17 24 -7 -26 -21 -22 -29 -23
right_child=1 -3 3 13 -6 8 14 -9 9 11 16 15 -14 -15 -16 17 -18 18 19 20 27 29 -24 -25 25 -27 -28 28 -30 -31
leaf_value=-0.0008393267226751575 -0.00086874645282895629 -0.0040812134088326069 0.0067244129354098363 0.015129582921069279 -0.0016043633562796873 0.014988701073133047 -0.0012537938537108446 -0.0021405803492413758 2.9800187415345293e-05 -0.0029179984698648291 -0.0021881701196866674 -0.0016399522126457258 0.0054005283153218918 0.00060317042684040155 0.0015665684162077848 -0.00030673213435241823 0.0075177608381690715 -0.0017324608458087923 0.0046911154645600918 0.0046970351973065275 -0.0019748561432787934 -0.00027676737377860087 0.0059218707152875975 -0.0016717250169656962 -0.0033648252650164156 0.0042438827915738204 -0.0012828195171761382 -0.0012352279783486399 0.00017671788092097214 0.00032932649016818421
leaf_weight=69 450 62 96 70 408 102 101 340 127 190 72 102 137 485 211 121 60 131 67 66 176 972 94 145 64 142 127 79 66 462
leaf_count=69 450 62 96 70 408 102 101 340 127 190 72 102 137 485 211 121 60 131 67 66 176 972 94 145 64 142 127 79 66 462
internal_value=-0.00306605 -0.00287696 -0.00271083 0.000625 -0.00481336 -0.00347798 -0.00739837 -0.0103019 -0.00223553 -0.00317453 0.00418953 -0.00427953 0.00988848 0.0055625 0 -0.00350284 -0.00715328 -0.0029142 -0.00377499 -0.00866041 -0.0109249 -0.00193949 0.00556818 0.00405022 0.00805112 0.00232227 -0.00300505 -0.0155675 -0.0077 -0.000875608
internal_weight=5794 5725 5663 1059 504 4604 1102 790 3502 3049 396 2653 264 555 312 2463 132 2361 2146 581 514 1565 215 453 308 206 193 321 145 1434
internal_count=5794 5725 5663 1059 504 4604 1102 790 3502 3049 396 2653 264 555 312 2463 132 2361 2146 581 514 1565 215 453 308 206 193 321 145 1434
is_linear=0
shrinkage=0.035


Tree=88
num_leaves=31
num_cat=0
split_feature=159 260 22 274 27 153 49 60 48 38 104 215 104 75 223 260 30 224 101 38 259 189 150 27 60 203 270 41 115 223
split_gain=14.4546 15.9465 18.4056 18.7886 15.584 15.3729 17.8073 14.5817 14.2036 15.8652 13.064 20.6759 22.6875 22.0618 19.0484 17.9245 23.9481 32.6913 18.3787 17.0368 14.3311 17.6081 19.6447 12.512 12.1702 12.0579 11.9126 11.6158 16.133 11.3455
threshold=9.8607556649644419 0.76286560327442166 0.10485000163316728 0.20617755938884089 11408.000000000002 0.75448832759423679 1573.5000000000002 155.00000000000003 40.343999862670906 215.50000000000003 509.00000000000006 -0.060400001704692834 643.00000000000011 -28.083593703227546 16.723849052604493 0.2598890166664764 5967.5000000000009 0.99999999999256939 0.015037615730038057 1719.5000000000002 0.039172901497271095 13.83026762513091 0.04090001434087754 2037.0000000000002 5955.5000000000009 0.79764889531997063 84.477035395283664 6092.5000000000009 2078.0000000000005 18.168475711141202
decision_type=2 2 2 2 2 2 2 2 2 2 2 2 2 2 2 2 2 2 2 2 2 2 2 2 2 2 2 2 2 2
left_child=-1 2 3 -2 5 7 -7 -4 -3 -10 15 13 14 -12 -13 29 17 18 -17 27 21 22 -14 -15 -22 -21 -24 -18 -29 -9
right_child=1 8 4 -5 -6 6 -8 10 9 -11 11 12 20 23 -16 16 19 -19 -20 25 24 -23 26 -25 -26 -27 -28 28 -30 -31
leaf_value=0.00032335824765853316 0.018963867197624287 -0.0012797211579254359 0.0087624916169884732 -0.00050656605607696888 -0.004953779789525917 -0.00024319955650626532 0.011928755980832003 -0.0033380006747540576 -0.00040485693558971029 0.0071492564885406425 0.00034689856551744006 0.0088149410352205172 -0.00017611599147248012 -0.00072663482568320788 -0.0019304348797270872 0.00048888381107270982 -0.0013543348052142844 -0.0034335105656847077 0.011192397450796062 0.011283923011352852 -0.00063173283578407354 -0.00046561250832046684 0.0089164353506992356 -0.0020691298429741847 0.0065496452934049286 -0.00073915473059244516 -0.00012403345765082342 0.00028375526626868653 -0.0015868487976317814 -0.0010908763734569411
leaf_weight=84 60 434 75 78 79 68 67 202 69 62 133 246 370 299 63 144 178 87 132 68 1475 400 215 102 62 68 72 79 157 166
leaf_count=84 60 434 75 78 79 68 67 202 69 62 133 246 370 299 63 144 178 87 132 68 1475 400 215 102 62 68 72 79 157 166
internal_value=-0.00300569 -0.00322135 -0.00260291 0.00979021 -0.00295391 -0.00269613 0.00875 -0.0030273 -0.0087807 0.00128676 -0.00327546 -0.00214555 -0.000974897 -0.00844156 0.00791401 -0.00628694 -0.003622 0.0033288 0.00921708 -0.0081982 -0.00204694 0.00108757 0.0045997 -0.0125 -0.00419909 0.00248227 0.011387 -0.0116945 -0.00639004 -0.0127614
internal_weight=5794 5710 5145 138 5007 4928 135 4793 565 131 4718 3437 2903 534 309 1281 913 363 276 550 2594 1057 657 401 1537 136 287 414 236 368
internal_count=5794 5710 5145 138 5007 4928 135 4793 565 131 4718 3437 2903 534 309 1281 913 363 276 550 2594 1057 657 401 1537 136 287 414 236 368
is_linear=0
shrinkage=0.035


Tree=89
num_leaves=31
num_cat=0
split_feature=260 22 218 38 27 261 49 225 257 43 253 257 60 60 71 82 210 104 36 175 160 77 107 82 270 92 7 215 4 261
split_gain=14.1294 23.8822 18.1287 17.2976 18.6495 13.9989 17.7178 13.1463 12.0405 11.935 11.045 10.9671 21.8352 16.8699 25.4461 20.9747 18.2492 17.9808 21.0743 17.998 17.337 16.653 18.9315 16.24 20.4469 20.4386 16.0242 16.0622 15.6277 15.4803
threshold=0.76286560327442166 0.10485000163316728 5.7841270796893633 418.00000000000006 1880.0000000000002 445.78999328613287 601.00000000000011 0.15260478889450632 18.588475063729458 0.26974999904632574 0.72073401520989056 11.2540598271995 948.00000000000011 1597.0000000000002 214.00000000000003 1273.5000000000002 -0.21499473115822354 509.00000000000006 -9.8473161868852888 0.030843963320381845 0.006049998104572297 0.18984999507665637 6212.5000000000009 1674.0000000000002 89.980491983752259 51.912649154663093 1.4943516469148499 -0.05195000767707824 -15.972249536729441 536.86999511718761
decision_type=2 2 2 2 2 2 2 2 2 2 2 2 2 2 2 2 2 2 2 2 2 2 2 2 2 2 2 2 2 2
left_child=1 2 -1 4 5 -3 -7 9 11 10 -2 13 -13 15 -15 17 -16 18 21 -20 -19 22 -5 -17 25 -25 27 -22 -29 -18
right_child=7 3 -4 8 -6 6 -8 -9 -10 -11 -12 12 -14 14 16 23 29 20 19 -21 26 -23 -24 24 -26 -27 -28 28 -30 -31
leaf_value=0.0057824710692528569 -0.0014632636306536092 0.01103850210506813 -0.00070608406210111749 -0.00097031548097490381 0.010860167330086523 -0.0049725984085019007 0.0012688239686093707 0.00045023212930204564 -0.0041139176022813454 -2.1498588587564873e-05 -5.6197903892124542e-06 -0.0012587543549230744 0.0019698711112016093 0.0035201589273474417 0.00026606432583782096 -0.0016505915490044173 -0.0016232187582010111 -0.00082086463989849848 -0.0019841701194732377 0.0006717886205443031 -0.00011668953051206855 0.0098785084296432214 0.0089971152270205239 0.0082992401255613281 -0.0028658293945028725 -0.0006520248598463241 -0.0019593660633152525 0.00018762797396949777 0.009288323285386103 -0.00017636373276104069
leaf_weight=88 295 60 62 138 61 66 137 122 71 112 60 376 521 128 127 348 635 106 287 64 262 195 63 185 124 129 63 260 320 329
leaf_count=88 295 60 62 138 61 66 137 122 71 112 60 376 521 128 127 348 635 106 287 64 262 195 63 185 124 129 63 260 320 329
internal_value=-0.0028367 -0.00225048 0.0112903 -0.00266304 0.00510638 0.000914179 -0.00353365 -0.00795455 -0.00319996 -0.0106038 -0.0137083 -0.00297106 0.000504435 -0.0037991 -0.00717729 -0.00216948 -0.00890967 -3.9705e-05 -0.00414229 -0.010323 0.00299705 0.00139651 -0.0056068 -0.00690265 -0.0023702 0.00241379 0.00457692 0.00586777 0.00909402 -0.010547
internal_weight=5794 5205 150 5055 324 263 203 589 4731 467 355 4660 897 3763 1219 2544 1091 1758 747 351 1011 396 201 786 438 314 905 842 580 964
internal_count=5794 5205 150 5055 324 263 203 589 4731 467 355 4660 897 3763 1219 2544 1091 1758 747 351 1011 396 201 786 438 314 905 842 580 964
is_linear=0
shrinkage=0.035


Tree=90
num_leaves=31
num_cat=0
split_feature=137 13 193 282 104 232 134 17 82 4 264 104 175 13 82 22 274 219 79 137 163 60 267 7 126 43 94 126 137 60
split_gain=13.2169 10.7146 10.5195 24.7721 19.1664 16.3511 14.5235 14.0415 18.9444 17.4965 11.305 10.8848 10.2437 14.8554 12.4798 11.9576 25.3377 13.6362 12.2808 12.9279 27.5608 15.9888 12.181 11.4021 10.8673 10.0071 14.8769 14.5222 13.527 13.2037
threshold=5002.5000000000009 32.018680125402604 0.95509914907001459 1.0000000180025095e-35 71.500000000000014 16.334527414724189 0.017783468618826861 25.291999084564591 1332.5000000000002 44.689984705495981 5.5228579421051647 5461.5000000000009 0.03531506605977517 49.203899137013288 752.50000000000011 0.1077999994158745 0.20617755938884089 -9.2224163983141576 0.041241506747983159 178.50000000000003 0.025389323809170933 1004.5000000000001 7.0873870121124236 -181.88654015473693 172.50000000000003 0.24904999881982806 397.50000000000006 222.00000000000003 366.50000000000006 1803.0000000000002
decision_type=2 2 2 2 2 2 2 2 2 2 2 2 2 2 2 2 2 2 2 2 2 2 2 2 2 2 2 2 2 2
left_child=2 -2 4 6 5 -1 -4 9 10 11 -9 12 15 24 -15 16 -6 18 19 20 21 23 25 -17 -14 29 27 -27 -29 -21
right_child=1 -3 3 -5 7 -7 -8 8 -10 -11 -12 -13 13 14 -16 17 -18 -19 -20 22 -22 -23 -24 -25 -26 26 -28 28 -30 -31
leaf_value=-0.00072007369036233956 -0.00012558141491410437 -0.00089311343947684235 0.011781855617300774 -0.0014446892725778768 0.01638591087429184 -0.0038297088153353468 -2.0165234267301993e-05 0.010208366220696293 -0.0024431276876015992 -0.0022064197908493702 0.00012934654689229498 -0.0016319984138949513 0.0033822335320750842 0.013333763156854575 -0.00061247790549191219 -0.00017079145004428526 -0.00078138137251226988 -0.001450555244859398 0.005342375879638088 -0.00063489125209671715 0.0081763071685626992 0.00025675207443349562 0.0010836547870848149 -0.0019947486404281452 -0.0003039095439926118 -0.0011942138492364363 -0.0023922070805053207 -0.0019250701929524141 0.00012123290045511881 -0.0012538074881013014
leaf_weight=139 79 107 104 74 63 68 79 151 117 74 116 126 76 86 69 98 68 272 74 963 95 427 108 116 448 177 62 194 837 327
leaf_count=139 79 107 104 74 63 68 79 151 117 74 116 126 76 86 69 98 68 272 74 963 95 427 108 116 448 177 62 194 837 327
internal_value=-0.00302983 -0.0120942 -0.00271869 0.00414122 -0.00305172 -0.0133726 0.010984 -0.00262381 0.00377892 -0.00314376 0.00887868 -0.00286506 -0.00257612 0.00138158 0.0107188 -0.00326943 0.00694853 -0.00363515 -0.00303474 -0.00334702 0.000755735 -0.00189628 -0.00447811 -0.00958904 -0.00145558 -0.00496686 -0.0027451 -0.00184666 -0.000236486 -0.00713514
internal_weight=5794 186 5608 257 5351 207 183 5144 384 4760 267 4686 4560 679 155 3881 131 3750 3478 3404 736 641 2668 214 524 2560 1270 1208 1031 1290
internal_count=5794 186 5608 257 5351 207 183 5144 384 4760 267 4686 4560 679 155 3881 131 3750 3478 3404 736 641 2668 214 524 2560 1270 1208 1031 1290
is_linear=0
shrinkage=0.035


Tree=91
num_leaves=31
num_cat=0
split_feature=203 34 232 22 150 218 213 88 258 132 169 2 63 23 154 163 214 100 71 49 136 225 54 61 202 60 13 24 211 138
split_gain=12.4448 19.3016 25.7579 11.7213 21.8595 21.9673 16.7601 16.4231 14.16 12.2227 17.344 13.4147 15.4961 14.6191 13.1041 12.4799 11.7606 21.0594 15.0198 13.8784 12.2173 11.3083 11.0175 13.4908 11.4375 16.423 14.8593 19.8869 18.3696 15.3649
threshold=0.95125445523729002 3.0072386037031613 14.855966656865951 0.11704999953508378 0.037000004202127464 4.4576633341311895 10.066073971628855 0.12705000489950183 0.011250004172325136 0.15435000509023669 14.035348099576497 5796.9899902343759 5972.5000000000009 4.2254756241533373 -0.11656440872547906 0.53813833225571528 0.038049988448619849 12.133947526673543 1356.5000000000002 4977.0000000000009 39.156900405883796 0.13359582825715896 0.25194999575614935 148.50000000000003 -0.95419580418128846 948.00000000000011 38.455530684614182 0.045627992245881759 0.13831877371096082 9.5000000000000018
decision_type=2 2 2 2 2 2 2 2 2 2 2 2 2 2 2 2 2 2 2 2 2 2 2 2 2 2 2 2 2 2
left_child=3 -2 -3 4 5 -1 -6 -5 -7 14 22 13 15 -12 -9 -13 18 -18 21 20 -19 -14 -11 24 25 -24 -26 28 29 -28
right_child=1 2 -4 7 6 8 -8 9 -10 10 11 12 16 -15 -16 -17 17 19 -20 -21 -22 -23 23 -25 26 -27 27 -29 -30 -31
leaf_value=0.002592361361523598 -0.0011877484445627809 0.0050061894355502828 -0.0027837041070761003 -0.0015183289784821514 0.002405690745820626 -0.00012772656619119307 0.023684557091029325 0.0022595241268499513 -0.0019850152012181109 1.2830187174070196e-05 -0.0045569513538741644 -0.00012665680929334735 -0.002041882989073616 -0.00052886340404099637 -0.00049518985211353679 0.0062836101127064451 0.0015103449563052195 -0.0012547911771991912 -0.0018673946492864426 0.00020208063271962397 -4.1602393709277432e-05 0.0058750176796992177 -0.0019843512434669962 0.0014737004642990353 8.9265355814741881e-05 0.0029797769331192142 -0.00098472390527028957 -0.0018834117628384439 -0.0012820963291027411 0.010332730860269763
leaf_weight=101 243 157 60 127 87 90 61 87 69 1910 92 174 65 116 73 65 121 147 269 62 75 67 120 222 210 132 250 258 223 61
leaf_count=101 243 157 60 127 87 90 61 87 69 1910 92 174 65 116 73 65 121 147 269 62 75 67 120 222 210 132 250 258 223 61
internal_value=-0.00293326 -0.00843011 -0.000788288 -0.00245177 0.00322034 -0.00290566 0.0137255 -0.00292436 -0.0108841 -0.00258639 -0.00291667 -0.00642687 -0.00476667 -0.0144601 0.00678788 0.0030123 -0.00707768 -0.00281707 -0.0112931 -0.00799308 -0.0120264 -0.00153285 -0.00161014 -0.00387576 -0.00528197 0.00136187 -0.00695134 -0.00913425 -0.00519481 0.000332278
internal_weight=5794 460 217 5334 408 260 148 4926 159 4799 4639 1253 1045 208 160 239 806 405 401 284 222 132 3386 1476 1254 252 1002 792 534 311
internal_count=5794 460 217 5334 408 260 148 4926 159 4799 4639 1253 1045 208 160 239 806 405 401 284 222 132 3386 1476 1254 252 1002 792 534 311
is_linear=0
shrinkage=0.035


Tree=92
num_leaves=31
num_cat=0
split_feature=203 153 268 12 232 21 169 232 150 149 141 22 150 5 5 165 123 148 266 209 45 27 26 258 38 229 164 156 210 174
split_gain=11.8022 18.0343 12.9015 11.2826 11.2319 11.2277 10.363 16.7633 15.7422 11.2952 11.2457 19.0763 10.8839 13.708 10.2022 9.6893 12.0609 11.6264 16.6188 14.0077 14.0036 13.3134 15.5993 12.7892 21.9497 11.4444 11.1675 10.6786 10.8426 12.8783
threshold=0.95125445523729002 0.052889918328065576 14.690488488351418 2.7714974384145763 6.2488274536998132 0.17754999548196795 14.035348099576497 5.4863429755136481 0.022000007331371311 49.500000000000007 54.609169168796662 0.24734999984502795 0.053549997508525855 10.768202676105366 26.643331847637633 0.044794561189703326 0.017569608806528008 505.50000000000006 19.042857980634547 11.900857714758878 3.7787637922297916 3463.5000000000005 28.212300300598148 0.01514999568462372 2705.5000000000005 1.8196297200867575 -0.084882110292701776 -1.2309374696219322 0.045875529732689303 0.020576131525011958
decision_type=2 2 2 2 2 2 2 2 2 2 2 2 2 2 2 2 2 2 2 2 2 2 2 2 2 2 2 2 2 2
left_child=5 -2 3 -3 -5 6 9 8 -8 15 11 -9 13 -10 -15 17 26 18 20 21 -1 27 -23 25 -25 -22 -17 -19 29 -29
right_child=1 2 -4 4 -6 -7 7 10 12 -11 -12 -13 -14 14 -16 16 -18 19 -20 -21 23 22 -24 24 -26 -27 -28 28 -30 -31
leaf_value=0.00025816139756506401 0.0063721090314073385 -0.0011578951833895281 -0.0037627029994723145 0.00098171526979194527 -0.0014511460886438266 0.00066521081081393255 -0.001196235807630537 -0.0006700766090365557 -0.00024574518918015322 0.0096646554776011091 0.00029143185420283329 -0.0039365241358418797 -0.00074113548358047511 0.01001798258025581 0.0014293859344418488 3.4414126897412066e-05 -0.00081847217028075076 0.0070554653704790089 0.0037613455997307205 -0.0044672202213893262 -0.00017249874754246666 0.013807752248609414 -0.0019302444673655848 -0.00052016352322270618 0.0087344129637798515 -0.0016040167601756874 0.0091674116595888994 0.0021081966040625327 -0.00095816537190844054 -0.0019955106005500648
leaf_weight=200 63 140 73 98 86 168 86 837 123 106 99 153 95 70 155 62 105 87 149 70 128 65 61 902 60 239 79 482 628 125
leaf_count=200 63 140 73 98 86 168 86 837 123 106 99 153 95 70 155 62 105 87 149 70 128 65 61 902 60 239 79 482 628 125
internal_value=-0.00277634 -0.00812903 -0.0108831 -0.00765957 -0.00185185 -0.00230755 -0.00259911 -0.00491682 0.000196629 -0.00153673 -0.00739031 -0.00851256 0.00289063 0.00575071 0.0108043 -0.0018886 0.00474104 -0.0024055 -0.00440879 -0.000183848 -0.0054987 0.000578114 0.0112214 -0.00679535 -0.00463289 -0.0123253 0.0112671 -0.000474755 -0.00132661 0.00200163
internal_weight=5794 460 397 324 184 5334 5166 1618 529 3548 1089 990 443 348 225 3442 246 3196 1678 1518 1529 1448 126 1329 962 367 141 1322 1235 607
internal_count=5794 460 397 324 184 5334 5166 1618 529 3548 1089 990 443 348 225 3442 246 3196 1678 1518 1529 1448 126 1329 962 367 141 1322 1235 607
is_linear=0
shrinkage=0.035


Tree=93
num_leaves=31
num_cat=0
split_feature=94 272 30 193 267 152 54 108 63 205 150 173 60 183 259 54 82 8 274 32 249 263 184 65 185 110 39 126 173 15
split_gain=10.7879 11.0223 15.4138 15.0928 12.5096 12.1364 10.9712 20.2043 13.4612 13.3177 12.6598 11.8677 14.2776 14.2373 12.3062 13.1946 11.8096 13.388 11.5749 11.0433 15.7574 15.3789 12.4293 14.0937 12.1323 11.723 11.2082 10.631 16.7929 10.5495
threshold=366.50000000000006 0.029700025916099552 5237.5000000000009 -0.72858722008209065 1.4208849708197138 0.026607669616312817 0.25605000555515295 -8.7398389772103098 5427.5000000000009 0.015990168665917719 0.035149998962879188 -0.59970709470188599 2370.0000000000005 -0.37964155900221702 0.14315622798196229 0.24434999376535418 1220.5000000000002 -60.901957916751478 0.1594704608190852 0.15094999969005587 -0.082080659774552686 0.062752529597087672 0.012552302785403159 0.35314999520778662 0.013999816064185763 0.27479998767375952 82.500000000000014 222.00000000000003 0.062688515429950256 0.80788423905575624
decision_type=2 2 2 2 2 2 2 2 2 2 2 2 2 2 2 2 2 2 2 2 2 2 2 2 2 2 2 2 2 2
left_child=1 6 -3 -4 -5 -6 8 19 29 11 -9 14 13 -13 15 -10 -15 -18 -19 20 25 -22 23 -21 -24 -8 -23 -7 -29 -1
right_child=-2 2 3 4 5 27 7 10 9 -11 -12 12 -14 16 -16 -17 17 18 -20 22 21 26 24 -25 -26 -27 -28 28 -30 -31
leaf_value=-0.0031455227176154471 -0.00083784591192032358 0.011918570514901684 0.012952541223611273 -0.0010688233139221283 -0.0022638511555240401 -0.00048448120446651705 0.0013161810717471371 -0.00019291338987837526 -0.0016965822291123702 -0.00021619609935526643 0.011607896919540327 0.0088028057997552901 -0.00020644952040016736 0.0036351016694376459 -0.0017681273863575421 0.0076219359291383754 -0.0013239663817127263 0.0078670886988454879 -0.00055532895105755357 -0.0013413329678186381 -0.0020173450064292792 -0.0019661083402410916 0.0073320436905706683 9.0667806234660811e-05 -0.0001653834142930655 -0.0031186734962648059 0.00037195119618643529 -0.00070846665250550399 0.0065183558518589271 -4.6569068317084548e-05
leaf_weight=76 509 71 62 567 111 71 148 105 91 1318 98 118 184 463 82 89 95 67 70 166 281 98 89 164 179 91 110 68 89 64
leaf_count=76 509 71 62 567 111 71 148 105 91 1318 98 118 184 463 82 89 95 67 70 166 281 98 89 164 179 91 110 68 89 64
internal_value=-0.00284877 -0.00237524 -0.00559866 -0.00676259 -0.00791438 -0.0025436 -0.0015808 -0.0039472 -0.000244306 0.000338885 0.00622596 0.00290744 0.00464571 0.00663203 -0.00367041 0.00151351 0.00465 -0.00177215 0.00517606 -0.00552216 -0.00840382 -0.0119737 -0.00197347 -0.00647761 0.00358974 -0.0010041 -0.00460094 0.002103 0.00712963 -0.0106207
internal_weight=5794 5285 1039 968 906 339 4246 1529 2717 2577 203 1259 997 813 262 180 695 232 137 1326 728 489 598 330 268 239 208 228 157 140
internal_count=5794 5285 1039 968 906 339 4246 1529 2717 2577 203 1259 997 813 262 180 695 232 137 1326 728 489 598 330 268 239 208 228 157 140
is_linear=0
shrinkage=0.035


Tree=94
num_leaves=31
num_cat=0
split_feature=104 104 10 5 104 55 55 150 274 115 126 205 213 215 60 160 214 31 65 79 189 259 218 200 71 10 45 160 93 91
split_gain=10.3849 21.6673 22.2694 30.0061 18.6645 18.3747 22.1639 15.2175 20.4306 15.1112 23.6594 16.1304 14.7506 13.6828 15.2387 15.4351 15.9695 15.4341 14.1014 13.4315 13.0291 14.7018 14.8935 12.881 26.6482 13.996 12.3914 12.3909 14.3078 16.3923
threshold=509.00000000000006 643.00000000000011 37.49987848864766 7.9467485099363753 427.50000000000006 0.4577500075101853 0.52459999918937694 -0.010000005364418028 -0.79058201194302791 1468.0000000000002 541.00000000000011 0.017619330509474142 10.308585924515116 -0.060400001704692834 572.50000000000011 0.025800012052059177 0.034250006079673774 -31.638049067913563 0.35654999315738684 0.021810473367889664 13.675907048033826 -0.05332890593024233 8.5726479920705572 -0.082150012254714952 683.00000000000011 17.070521529333423 6.2703168526030835 0.0117499977350235 3264.5000000000005 -5.181263239984883
decision_type=2 2 2 2 2 2 2 2 2 2 2 2 2 2 2 2 2 2 2 2 2 2 2 2 2 2 2 2 2 2
left_child=4 2 3 -2 9 7 -7 -3 -9 23 11 -11 27 -10 18 16 -16 20 -15 -18 21 -17 -23 24 -1 -25 -4 -13 29 -29
right_child=1 5 26 -5 -6 6 -8 8 13 10 -12 12 -14 14 15 17 19 -19 -20 -21 -22 22 -24 25 -26 -27 -28 28 -30 -31
leaf_value=-0.0048603603375496724 0.00095741538236350813 -0.0017720318309471165 -0.00096918439019267613 0.014523806476859941 -0.001318555585580667 0.0079355473851894804 -0.0022624336564232741 0.019278115074763354 -0.00095499254322155562 0.00030286489357783387 0.010503853570663564 -0.0017777102297942262 -0.0010190392302360869 -0.00092914842335065301 -0.00088305317776314011 0.0084824087596868779 -0.0018243155747582952 0.015976031830203019 0.013726544652832491 0.00086405880364477975 -0.00064886500372002786 -0.0029975250770739627 0.0003653566998674285 0.00032338927722107893 0.0096661484267517098 -0.0013849674081373078 0.0058402438892973252 0.00086634768512026678 0.0059118966189986846 -0.00069083664427964885
leaf_weight=60 103 98 132 81 359 189 111 60 395 305 87 67 69 74 847 154 114 75 60 201 434 89 319 79 75 588 128 93 100 248
leaf_count=60 103 98 132 81 359 189 111 60 395 305 87 67 69 74 847 154 114 75 60 201 434 89 319 79 75 588 128 93 100 248
internal_value=-0.0030419 -0.00190788 0.00530067 0.0144444 -0.00498361 -0.00290853 0.00527869 -0.00375726 -0.00326848 -0.00348818 -0.000539014 -0.00228861 -0.00571306 -0.00371883 -0.00270025 -0.00339366 -0.00617823 -0.000357807 0.00856115 0.000546875 -0.00153846 0.00197531 -0.00152542 -0.00702602 0.00275 -0.00901042 -0.00132075 -0.00354776 -0.00133408 -0.00475434
internal_weight=5794 3664 444 184 2130 3220 300 2920 2822 1771 969 882 577 2762 2367 2233 1162 1071 134 315 996 562 408 802 135 667 260 508 441 341
internal_count=5794 3664 444 184 2130 3220 300 2920 2822 1771 969 882 577 2762 2367 2233 1162 1071 134 315 996 562 408 802 135 667 260 508 441 341
is_linear=0
shrinkage=0.035


Tree=95
num_leaves=31
num_cat=0
split_feature=232 203 199 169 23 180 210 93 169 43 207 112 174 238 267 148 48 222 215 150 32 257 13 205 270 136 270 24 104 149
split_gain=10.1557 19.4565 16.4311 14.3854 13.7763 13.1625 12.9497 13.1359 12.5401 12.1799 17.5416 12.995 16.1588 11.8705 11.794 11.8477 13.6229 19.3975 14.8332 17.1374 17.3447 14.2747 14.1188 19.7234 19.3457 14.1951 20.2707 13.8148 11.8488 11.5941
threshold=5.4276607619208059 0.94726348864590892 13.126320494338968 14.045673374851864 1.1743404927402261 -0.0029000006616115566 0.050654958452736466 1775.5000000000002 11.497308588606094 0.24595000594854358 -0.0073570514352362193 0.011695913825319161 -0.094973779858348525 8.3133772040178151 -9.3817980008953334 2815.0000000000005 29.422399520874027 10.743248751957166 -0.055700000375509255 0.044100012630224235 0.14745000004768374 12.657904313244506 35.7009446136992 0.017498117634749653 72.634973353530839 35.841850280761726 121.04142388005546 0.039215680163562784 506.50000000000006 27.500000000000004
decision_type=2 2 2 2 2 2 2 2 2 2 2 2 2 2 2 2 2 2 2 2 2 2 2 2 2 2 2 2 2 2
left_child=2 3 6 8 -4 -6 7 -1 13 10 -5 -12 -13 -2 -10 16 17 -16 21 22 -21 -18 23 -20 -24 26 27 -26 -22 -8
right_child=1 -3 4 9 5 -7 29 -9 14 -11 11 12 -14 -15 15 -17 18 -19 19 20 28 -23 24 -25 25 -27 -28 -29 -30 -31
leaf_value=0.0011047280883722328 -0.002148951582991269 -0.0017446758801953097 -0.00085816414908448393 -0.0018793700794307228 -8.6646996355180811e-05 0.0063875498535669924 -0.00031333141663746349 -0.00030683337892137454 0.0095801203239211461 -0.00034600398881538824 0.00037815746103710693 0.00085621486114116651 -0.0018050283100993652 0.00031773510810064246 -0.00065256043282362021 -0.0024609429497952635 -0.001195515134432233 0.011056506163108333 0.0038585990133762982 -0.00016677269997898372 -1.8622128864108636e-05 0.0011600797149325193 -0.0018785151421218584 -0.0010264539128142464 0.01333428562998288 -0.0018764327217810758 -0.0014942914919642365 -0.00039266289609060591 0.010218322191272109 -0.0012709551823767158
leaf_weight=375 227 283 63 207 73 174 912 172 88 604 88 60 152 94 205 152 338 147 99 223 86 79 209 93 93 95 84 69 185 65
leaf_count=375 227 283 63 207 73 174 912 172 88 604 88 60 152 94 205 152 338 147 99 223 86 79 209 93 93 95 84 69 185 65
internal_value=-0.00299362 -0.00398991 -0.000837412 -0.00329848 0.00644444 0.0101389 -0.00233486 0.00196558 -0.00185142 -0.00661738 -0.0105957 -0.00504918 -0.00967742 -0.00826687 -0.000917778 -0.0014408 -0.00071393 0.0054902 -0.00204765 -0.000112812 0.00490982 -0.00771327 -0.0034672 0.00461929 -0.00630631 -0.00111272 0.00334661 0.010479 0.010779 -0.00474033
internal_weight=5794 3960 1834 3677 310 247 1524 547 2566 1111 507 300 212 321 2245 2157 2005 352 1653 1236 494 417 742 192 550 341 246 162 271 977
internal_count=5794 3960 1834 3677 310 247 1524 547 2566 1111 507 300 212 321 2245 2157 2005 352 1653 1236 494 417 742 192 550 341 246 162 271 977
is_linear=0
shrinkage=0.035


Tree=96
num_leaves=31
num_cat=0
split_feature=83 4 272 93 160 260 136 38 5 104 274 148 126 148 224 213 115 104 88 246 115 10 22 274 71 13 261 22 2 2
split_gain=15.7118 12.7592 11.4379 12.3723 12.3064 11.7516 12.3566 11.9579 20.4014 15.8062 13.438 14.4574 16.8113 16.4243 16.766 14.3568 18.0033 18.1759 21.2105 17.9915 17.6423 19.55 16.3544 34.276 15.7671 14.713 13.7284 13.5599 13.1732 22.0358
threshold=10.500000000000002 44.689984705495981 -0.0142500102519989 30.000000000000004 0.006599999964237214 0.87773940840369258 33.597249984741218 441.50000000000006 36.939797701140684 66.500000000000014 -0.79058201194302791 2458.0000000000005 1129.0000000000002 1393.0000000000002 0.84390014880605546 9.6931985247545693 2483.5000000000005 506.50000000000006 0.14925000071525577 -0.37605327493610413 295.00000000000006 35.180267744985926 0.11044999957084657 0.20278252279258713 1583.0000000000002 77.458691150759464 529.75500488281261 0.17294999957084659 5943.8698730468759 5911.2700195312509
decision_type=2 2 2 2 2 2 2 2 2 2 2 2 2 2 2 2 2 2 2 2 2 2 2 2 2 2 2 2 2 2
left_child=-1 2 -2 4 -4 7 -7 8 -5 -10 -9 13 -13 15 -15 16 17 18 -12 -19 -21 24 23 -17 27 -23 -20 -22 29 -24
right_child=1 -3 3 5 -6 6 -8 10 9 -11 11 12 -14 14 -16 22 -18 19 26 20 21 25 28 -25 -26 -27 -28 -29 -30 -31
leaf_value=0.00013643761097689139 -0.0015056502467709107 -0.00107371528833047 0.015862350229338611 -0.0015596648794889991 -0.00043595793594273987 -0.0012353994654216067 -3.426154851401353e-05 0.013507228912884089 -0.001725970024661225 0.0074000260344064582 0.0057603515559815806 0.0031949923594494132 -0.0023748099465524292 0.0031512582164122385 -0.00073970832064576585 0.015428980855754454 0.010505479057311286 -0.0015090627848722211 -0.0015150110158119779 0.0096727168226421675 0.01353601966095957 -0.00086557981600347172 -0.00080593432518572244 -0.00077638346230181018 -0.0013263751407987547 0.0075158427148025496 -0.0011672873399099992 0.0034303161959453464 -0.00077902288467727998 0.0032135202613041013
leaf_weight=102 66 170 69 171 70 167 103 62 81 240 64 89 202 380 110 83 69 266 372 109 83 432 263 113 63 133 124 99 1330 109
leaf_count=102 66 170 69 171 70 167 103 62 81 240 64 89 202 380 110 83 69 266 372 109 83 432 263 113 63 133 124 99 1330 109
internal_value=-0.0028367 -0.00308408 -0.00278632 -0.00260209 0.00753472 -0.00287392 -0.00992727 -0.00248713 0.00267606 0.00783742 -0.00304715 -0.0032759 -0.0107601 -0.00274542 0.00325253 -0.00354049 -0.00130841 -0.00202 -0.00718584 0.000441176 0.00276515 0.000944785 -0.00566474 0.00383085 0.0091 -0.00264035 -0.00964072 0.0142246 -0.00676626 -0.000928382
internal_weight=5794 5692 5522 5456 139 5317 270 5047 492 321 4555 4493 291 4202 490 3712 1814 1745 560 1185 919 810 1898 196 245 565 496 182 1702 372
internal_count=5794 5692 5522 5456 139 5317 270 5047 492 321 4555 4493 291 4202 490 3712 1814 1745 560 1185 919 810 1898 196 245 565 496 182 1702 372
is_linear=0
shrinkage=0.035


Tree=97
num_leaves=31
num_cat=0
split_feature=83 41 30 9 130 173 27 141 44 126 240 214 104 94 126 23 126 197 272 221 165 271 150 127 255 175 256 27 13 99
split_gain=15.4864 14.5087 15.5109 16.7099 19.0837 15.6274 15.5964 21.5402 18.9821 12.1282 11.9348 12.3208 13.7516 13.7421 14.0272 19.1133 15.8508 18.1596 15.4262 17.5108 14.5939 11.9209 11.916 11.6995 11.3527 13.8812 13.7907 19.9575 13.5369 19.3521
threshold=10.500000000000002 5257.5000000000009 5237.5000000000009 104.51712247893714 -75.764636751652887 -0.92564877116624633 421.50000000000006 57.707977083732992 0.1819499954581261 7202.5000000000009 37.945531140243247 0.0084999911487102526 5461.5000000000009 502.50000000000006 2194.5000000000005 2.3607189863165678 1500.5000000000002 0.0015437148509505531 0.029149994254112247 1.044568761375245 0.027791172367790547 18.075542861528923 0.091799981892108931 31.500000000000004 -0.11476116471897944 0.030843963320381845 20.621601539632469 2362.0000000000005 31.317579641999689 0.18714999407529834
decision_type=2 2 2 2 2 2 2 2 2 2 2 2 2 2 2 2 2 2 2 2 2 2 2 2 2 2 2 2 2 2
left_child=-1 -2 -3 5 -5 -4 -6 8 -8 10 11 -7 13 14 16 -16 18 -18 19 -13 -19 24 -20 -17 25 -21 27 -26 -28 -30
right_child=1 2 3 4 6 9 7 -9 -10 -11 -12 12 -14 -15 15 23 17 20 22 21 -22 -23 -24 -25 26 -27 28 -29 29 -31
leaf_value=0.00013166229459269903 -0.0019115069540814947 0.011358946319387183 0.0046423488991387393 -0.0042840131424224338 0.010738712047016914 -0.00084443892744198842 0.0055268230753400928 0.0053533234178233993 -0.0026067656455803874 -0.0013855019505297397 0.0091548637520650813 0.0088902370512276441 -0.0015338907839325729 -0.0023040521667665325 0.016028609846753531 0.007141511223637759 -0.0016477639958723724 0.0031010470521584572 -0.00068957686508480838 -2.8289681836809574e-05 -0.00046924880972730373 0.012188264655259738 0.00023459096836114693 -0.001270962169309885 0.00077463203787186974 0.0028749656164714066 0.0012273815234140973 -0.0034386486573809889 -0.00099709531050833403 0.00038349583629802402
leaf_weight=102 83 70 124 93 70 507 70 103 321 61 73 73 107 153 87 80 215 63 541 666 120 76 113 112 61 252 331 103 411 553
leaf_count=102 83 70 124 93 70 507 70 103 321 61 73 73 107 153 87 80 215 63 541 666 120 76 113 112 61 252 331 103 411 553
internal_value=-0.00274013 -0.00298578 -0.00276185 -0.00297348 -0.00819486 -0.00226315 -0.00565905 -0.00785571 -0.0115783 -0.00258661 -0.00237452 -0.00260099 -0.00196143 -0.00162142 -0.00120533 0.00628521 -0.00179738 -0.00833747 -0.000967033 0.000276571 -0.00018617 -0.000242067 -0.00573596 0 -0.000690596 0.00235103 -0.00260587 -0.0120118 -0.00137308 -0.00346749
internal_weight=5794 5692 5609 5539 657 4882 564 494 391 4758 4697 4624 4117 4010 3857 279 3578 398 3180 2526 183 2453 654 192 2377 918 1459 164 1295 964
internal_count=5794 5692 5609 5539 657 4882 564 494 391 4758 4697 4624 4117 4010 3857 279 3578 398 3180 2526 183 2453 654 192 2377 918 1459 164 1295 964
is_linear=0
shrinkage=0.035


Tree=98
num_leaves=31
num_cat=0
split_feature=159 107 30 247 246 270 270 173 215 201 270 160 224 242 256 59 201 71 260 93 81 9 261 67 23 11 22 150 159 202
split_gain=17.076 11.4543 18.0539 20.3855 10.763 16.4625 20.4132 21.444 19.6548 19.2108 13.7158 15.3403 13.2793 17.3173 32.7401 27.2333 19.316 19.6718 28.411 18.2028 16.749 16.4377 15.5291 15.0818 16.2328 14.7352 14.683 19.4209 18.5624 16.9509
threshold=9.8607556649644419 5177.5000000000009 5237.5000000000009 539.35998535156261 -0.84845517381633073 111.60703100818749 129.52264535446056 0.3947193676143903 -0.053349994122982018 0.34099999815225607 108.90065161423442 0.006049998104572297 0.99999999999134526 47.443112479828919 43.348683568248937 29.184550285339359 0.28152499347925192 1231.0000000000002 -0.096170080442637099 1826.5000000000002 44.33909988403321 50.848584116199753 552.77502441406261 8.8551364391239442 4.3871634612367858 125.19681132556198 0.30885000526905065 0.091799981892108931 12.257862977059924 -0.81818181812603297
decision_type=2 2 2 2 2 2 2 2 2 2 2 2 2 2 2 2 2 2 2 2 2 2 2 2 2 2 2 2 2 2
left_child=-1 -2 -3 -4 -5 10 7 -7 -8 -10 11 -6 13 14 16 -15 17 18 -13 26 -16 -22 -20 -14 -25 -21 27 28 -17 -30
right_child=1 2 3 4 5 6 8 -9 9 -11 -12 12 23 15 20 19 -18 -19 22 25 21 -23 -24 24 -26 -27 -28 -29 29 -31
leaf_value=0.00041562764268599092 -0.0017973005969695991 0.011310376207799367 -0.0044675115530316287 0.00077088780422799328 -0.0019949224427768739 -0.0023777123652904105 -0.0027662456026107548 0.0033954487273680925 -0.00083641542310564901 0.011720110078178721 0.018155920087490948 -0.0021051085002092417 0.00072948542835740151 0.0090640687073167987 -0.0038975384869955904 -0.0025060528364159022 -0.0021672302402231769 -0.0001826869168264006 0.011320210051759916 0.012344475831348688 0.0015809946422735849 -0.00096931384829768326 2.8020292157913685e-05 -0.002540539302069141 -0.00016210852599221574 -0.00024661651157848315 0.0082246775926365697 0.00062085120423787093 0.00055798850050952926 -0.0009823009859283938
leaf_weight=84 80 71 126 199 186 302 89 65 104 75 62 66 77 213 162 101 112 1844 166 132 62 83 89 109 98 92 177 74 139 555
leaf_count=84 80 71 126 199 186 302 89 65 104 75 62 66 77 213 162 101 112 1844 166 132 62 83 89 109 98 92 177 74 139 555
internal_value=-0.00264356 -0.00287839 -0.00268323 -0.00291247 -0.00258091 -0.00288605 -0.00814844 -0.0134543 -0.000769231 0.00589674 -0.00215139 -0.00238111 -0.00195248 -0.00143541 -0.00316338 0.00157594 -0.00170245 -0.000951613 0.00697853 -0.000384314 -0.0137981 -0.0049 0.01225 -0.00920415 -0.014033 0.00855895 -0.00233111 -0.00420481 -0.00581875 -0.00370529
internal_weight=5794 5710 5630 5559 5433 5234 635 367 268 179 4599 4537 4351 4067 2584 1483 2277 2165 321 1270 307 145 255 284 207 224 1046 869 795 694
internal_count=5794 5710 5630 5559 5433 5234 635 367 268 179 4599 4537 4351 4067 2584 1483 2277 2165 321 1270 307 145 255 284 207 224 1046 869 795 694
is_linear=0
shrinkage=0.035


Tree=99
num_leaves=31
num_cat=0
split_feature=41 247 38 193 225 22 211 160 272 30 33 199 183 82 104 13 225 193 221 193 104 270 178 256 87 270 33 82 38 101
split_gain=10.395 19.4975 13.5981 22.6347 15.3734 11.5347 11.089 11.3981 11.9411 15.0506 14.7124 18.0751 13.9955 13.9075 18.3857 16.5785 22.4227 23.5127 20.9668 15.0344 17.8703 16.4746 16.1119 15.3644 15.1207 15.0158 25.3711 14.9424 14.2542 15.423
threshold=5257.5000000000009 525.72000122070324 297.50000000000006 0.96907419437365039 0.14908632898902849 0.10485000163316728 -0.84845517381633073 0.069150015711784377 0.034700021147727973 5357.5000000000009 0.48340000212192541 9.7212152381172832 0.64917380660906998 1078.5000000000002 509.00000000000006 26.908023953886303 0.30139489452689067 0.77491721854132323 58.510594327222947 0.79045941566598954 643.00000000000011 57.172694447048222 0.051850005984306342 32.380537109384356 0.47355000674724584 79.971188631995076 0.33529999852180487 1674.0000000000002 568.50000000000011 0.021505373036162182
decision_type=2 2 2 2 2 2 2 2 2 2 2 2 2 2 2 2 2 2 2 2 2 2 2 2 2 2 2 2 2 2
left_child=-1 -2 4 5 -3 -4 -7 8 9 -8 11 -11 -10 14 15 -13 17 18 -17 20 21 -16 23 -22 -25 27 -27 -15 -20 -30
right_child=1 2 3 -5 -6 6 7 -9 12 10 -12 13 -14 25 19 16 -18 -19 28 -21 22 -23 -24 24 -26 26 -28 -29 29 -31
leaf_value=-0.0017343950760756637 0.010069162175460769 -0.00083162785011148602 0.0038120730492338366 0.010210642884637085 0.00070395343836489332 0.00059889878618699436 -0.0050058239078869639 0.00047104974530653103 -0.0014267115754750691 -0.0017880085824403438 0.0037012363298781644 -0.00073209184811027931 0.00017052476313340117 -0.00069514866061943354 0.013082385071935135 0.003502887423695011 -0.0029581588975886013 0.0030239061511407221 0.0019030620969799476 -0.0019484795872830719 -0.00082531292824014623 0.0032940555711866689 0.0081021505460614936 0.0074081591165535681 0.00018070516099865237 -0.0023880032434542161 0.0023805361153499544 9.828246397895952e-05 -0.0031037625016892886 1.2156043656369466e-05
leaf_weight=88 61 485 121 78 111 199 69 112 262 167 167 192 76 643 74 121 73 218 70 87 225 111 60 65 498 356 143 656 145 61
leaf_count=88 61 485 121 78 111 199 69 112 262 167 167 192 76 643 74 121 73 218 70 87 225 111 60 65 498 356 143 656 145 61
internal_value=-0.00267977 -0.00248818 -0.00270708 -0.00211219 -0.00768719 -0.00241258 -0.00268177 -0.00302942 -0.00330436 -0.00278768 -0.00250423 -0.00293577 -0.00959184 -0.00242966 -0.000418953 -0.00419209 -0.00161616 0.000620968 -0.0044403 0.00255111 0.00374277 0.0134474 0.0015592 0.000176545 0.00326585 -0.0046589 -0.00979167 -0.00265721 -0.0097153 -0.0142654
internal_weight=5794 5706 5645 5049 596 4971 4850 4651 4539 4201 4132 3965 338 3798 2000 880 688 615 397 1120 1033 185 848 788 563 1798 499 1299 276 206
internal_count=5794 5706 5645 5049 596 4971 4850 4651 4539 4201 4132 3965 338 3798 2000 880 688 615 397 1120 1033 185 848 788 563 1798 499 1299 276 206
is_linear=0
shrinkage=0.035


Tree=100
num_leaves=31
num_cat=0
split_feature=159 94 28 169 11 7 13 126 126 25 115 27 13 270 193 148 270 193 170 225 204 212 155 269 68 185 21 264 6 269
split_gain=18.8606 12.3824 12.302 16.1742 15.0552 12.9181 15.5373 10.9375 13.9498 21.2964 14.5012 21.0559 11.4353 12.8294 13.078 14.1341 20.0028 17.2129 12.3723 12.1592 11.9473 11.0803 11.0036 10.7829 10.4045 10.216 10.101 11.5478 10.0579 13.3314
threshold=9.8607556649644419 366.50000000000006 38.500000000000007 13.477437235057412 64.361777866250989 -36.133375235058836 78.080493954140124 1935.0000000000002 2600.0000000000005 -8.1232898811913774 329.50000000000006 562.50000000000011 123.72279556732204 146.16543957357968 0.95509914907001459 97.500000000000014 117.59517811630604 0.50265136442525982 0.040049985051155097 0.069597777243302669 0.22630394747784974 7.03922194562531 0.044182208692086854 3.335637842614148 0.022100171395496158 0.02919178961047517 0.13994999974966052 0.56371258964404991 19.705202989627733 10.293840391721877
decision_type=2 2 2 2 2 2 2 2 2 2 2 2 2 2 2 2 2 2 2 2 2 2 2 2 2 2 2 2 2 2
left_child=-1 2 3 4 -2 6 -6 12 9 21 11 -10 13 14 15 17 18 -4 20 -16 28 -9 -19 25 -18 26 -3 -28 29 -17
right_child=1 23 7 -5 5 -7 -8 8 10 -11 -12 -13 -14 -15 19 16 24 22 -20 -21 -22 -23 -24 -25 -26 -27 27 -29 -30 -31
leaf_value=0.00037527199044289474 -2.3644932026637145e-05 -0.0025136448121856115 0.0062273444723111946 0.00036262685041925217 0.0040152931330813459 -0.0031891435362925128 -0.0029954890083577677 0.015480781479972103 -0.0015197493767575589 -0.002556388503865839 -0.0012973185965351631 0.01470880946502554 -0.00079286474493158018 0.0068230308603251921 -0.00095253853388926066 -0.00021667560958405554 -0.0019713949076308785 -0.0022247070452313007 0.00057968725448456716 0.0079988293268341368 0.001028151240243871 0.0065449089853673705 -0.00073844905039869538 -1.5221249598201261e-05 -0.00058020561296046806 -1.996749392942088e-05 0.00017319797912937392 -0.0019746491288565962 -0.001099417603553804 0.0045952700447180585
leaf_weight=84 140 107 60 94 79 87 145 90 60 63 156 67 107 120 67 2506 142 218 104 152 95 113 216 151 78 81 72 95 123 122
leaf_count=84 140 107 60 94 79 87 145 90 60 63 156 67 107 120 67 2506 142 218 104 152 95 113 216 151 78 81 72 95 123 122
internal_value=-0.00263149 -0.00287839 -0.00236514 -0.00731818 -0.0100548 -0.014288 -0.00947598 -0.00177852 0.00284296 0.00852399 -0.00255208 0.00609848 -0.00239854 -0.00208708 -0.00243956 -0.00293813 -0.00207244 -0.00841683 -0.00130288 0.00578125 -0.00174325 0.0139663 -0.0108428 -0.00808219 -0.0121333 -0.011375 -0.014552 -0.00875 -0.00217163 -0.00170148
internal_weight=5794 5710 5204 545 451 311 224 4659 549 266 283 127 4110 4003 3883 3664 3170 494 2950 219 2846 203 434 506 220 355 274 167 2751 2628
internal_count=5794 5710 5204 545 451 311 224 4659 549 266 283 127 4110 4003 3883 3664 3170 494 2950 219 2846 203 434 506 220 355 274 167 2751 2628
is_linear=0
shrinkage=0.035


Tree=101
num_leaves=31
num_cat=0
split_feature=159 203 268 17 27 13 67 150 184 27 191 203 125 48 163 270 42 166 113 41 261 148 101 213 270 8 49 104 91 91
split_gain=16.9154 13.2885 16.5044 16.0121 12.4817 17.8037 26.9819 26.2376 16.3258 15.4636 15.4117 23.449 14.0478 22.491 13.9091 13.9042 15.7725 18.5358 13.801 24.1006 17.8672 16.2348 15.3418 14.8998 37.6958 13.244 21.1664 15.3945 13.607 12.6292
threshold=9.8607556649644419 0.95125445523729002 2.2596266615060316 -1.5131601949758264 2619.0000000000005 66.907374422570314 14.495136953577466 0.028850004076957706 0.097593151584052976 2189.0000000000005 0.11687500029802324 0.67427192321853979 40.530250549316413 30.328200340271 -0.15899896966946706 61.012265551191874 18.670203702971794 -0.94440989761010996 -1.4604347603419725 5632.5000000000009 474.15499877929693 1350.0000000000002 0.013452958841519114 9.6931985247545693 42.913507565776563 -75.597280867118499 1054.5000000000002 1217.0000000000002 -4.0285937938506562 -5.4100338016758194
decision_type=2 2 2 2 2 2 2 2 2 2 2 2 2 2 2 2 2 2 2 2 2 2 2 2 2 2 2 2 2 2
left_child=-1 4 3 -3 8 7 -7 29 9 12 -9 14 13 15 -12 -2 -17 -18 20 -20 -14 23 -21 -22 -25 26 28 -27 -15 -6
right_child=1 2 -4 -5 5 6 -8 10 -10 -11 11 -13 18 25 -16 16 17 -19 19 22 21 -23 -24 24 -26 27 -28 -29 -30 -31
leaf_value=0.00036213747077739505 -0.0023442142596578745 -0.0012026551827110103 -0.0017009941046607047 0.0013530776836178193 1.9314228463839235e-05 -0.004033370079869889 0.0056952958747323876 0.012146702598329088 0.00023173825133429723 -0.0013521203936071448 -0.00057558539190570525 -0.00023808963123584577 -0.0012433179849406701 -0.0016531279137102189 0.0055879337972775155 0.021894098974382003 -0.002904769201652912 0.0012590868769041404 0.0085285516660229873 -0.0022362453568868026 0.00032419697819880192 0.0050812988481829134 -0.00013915036666847791 0.00056854608663709785 -0.00095844173617586721 -0.0024660444489529232 0.012451704782109933 -0.00032770643670697932 -0.0059137097824656917 -0.0017900169012805606
leaf_weight=84 150 132 215 83 93 108 66 85 348 295 76 364 202 148 300 69 120 413 65 229 753 254 181 113 278 224 79 92 63 112
leaf_count=84 150 132 215 83 93 108 66 85 348 295 76 364 202 148 300 69 120 413 65 229 753 254 181 113 278 224 79 92 63 112
internal_value=-0.00257113 -0.0028049 -0.00868966 -0.00175 -0.00231788 0.000810587 -0.00938547 0.00257005 -0.00324185 -0.0039191 0.00535542 0.00366443 -0.00324753 -0.0060088 0.00973753 -0.00194188 0.000461285 -0.00162639 -0.00143029 -0.00663542 0.000130841 0.00154669 -0.00978313 -0.00024369 -0.00574495 -0.0109984 -0.00545763 -0.015919 -0.0111806 -0.0085
internal_weight=5794 5710 430 215 5280 1204 174 1030 4076 3728 825 740 3433 1358 376 752 602 533 2075 475 1600 1398 410 1144 391 606 290 316 211 205
internal_count=5794 5710 430 215 5280 1204 174 1030 4076 3728 825 740 3433 1358 376 752 602 533 2075 475 1600 1398 410 1144 391 606 290 316 211 205
is_linear=0
shrinkage=0.035


Tree=102
num_leaves=31
num_cat=0
split_feature=274 30 11 22 230 33 163 115 126 141 213 182 231 82 225 225 140 68 271 20 46 150 5 260 20 256 193 217 220 137
split_gain=17.631 10.0284 13.0492 28.9516 20.9947 17.4091 17.3266 19.188 16.4579 22.3636 15.9059 18.8716 14.3835 13.6177 20.6622 13.4483 20.0521 18.1829 12.5854 17.0283 16.6545 15.988 15.7731 14.5287 19.1268 20.0125 23.3389 16.5668 18.6768 17.468
threshold=0.9646794378582586 6362.5000000000009 56.468998397514277 0.11044999957084657 -14.643628085092562 0.15585000067949298 -0.11549323500149646 1155.0000000000002 1314.0000000000002 51.798832966217795 10.165909352154738 -0.32786554621645431 3.0402012476793421 1251.0000000000002 0.30946285916436206 0.13273399729193416 5927.5000000000009 0.020869625223795801 2.081192606470085 95.303884762445463 0.017751603617235465 0.015249982476234438 61.401689188608657 0.86451673455593414 38.196350097425842 45.092108106047299 0.83033079246318686 57.171195908501481 104.51712247893714 1345.0000000000002
decision_type=2 2 2 2 2 2 2 2 2 2 2 2 2 2 2 2 2 2 2 2 2 2 2 2 2 2 2 2 2 2
left_child=1 2 3 -1 -5 -6 10 8 9 -8 11 -7 -9 14 18 16 -15 -17 22 20 -20 -22 -4 24 25 26 -23 28 29 -26
right_child=-2 -3 13 4 5 6 7 12 -10 -11 -12 -13 -14 15 -16 17 -18 -19 19 -21 21 23 -24 -25 27 -27 -28 -29 -30 -31
leaf_value=0.017345434846634828 -0.00049265124759231209 -0.00085126906573162737 -0.00080239038987092292 0.015101191177069871 -0.0023565977788416025 0.00093454614083786477 0.012374375462243457 0.00023274570773993089 -0.00096860832155383166 -6.2425264721033274e-05 0.00033708694319829177 -0.0014690917590144607 -0.00049795292268502134 -0.00055004510524104047 -0.0017434951454647076 -0.0017470102877720154 -0.0017635941565619061 0.00061069756995237414 0.0065927011601918939 -0.0014680404770372733 -0.0030396789252294604 -0.00052032300564229203 0.00010808117780514077 -0.00092340847830472701 -0.00046456506576043449 0.0083399815030948763 0.0059123967595500196 0.0066328032565133596 -0.0029435424718519138 0.0052188260302964097
leaf_weight=67 70 120 217 69 148 109 204 208 107 93 88 399 368 340 163 168 408 210 172 220 60 227 136 196 400 246 152 171 181 77
leaf_count=67 70 120 217 69 148 109 204 208 107 93 88 399 368 340 163 168 408 210 172 220 60 227 136 196 400 246 152 171 181 77
internal_value=-0.00272806 -0.0025048 -0.00228383 0.000112601 -0.000759177 -0.00153846 -0.000442758 0.00241624 0.00821516 0.0124007 -0.00512479 -0.00750487 -0.00168675 -0.00347293 -0.00208159 -0.00668435 -0.00938911 -0.00127937 -0.00126626 -0.000232558 0.000853206 -0.000204082 -0.0073324 0.000465257 0.00167923 0.00627778 0.0011849 -0.00180456 -0.00432881 -0.000653527
internal_weight=5794 5724 5604 1860 1793 1724 1576 980 404 297 596 508 576 3744 2618 1126 748 378 2455 2102 1882 1710 353 1650 1454 625 379 829 658 477
internal_count=5794 5724 5604 1860 1793 1724 1576 980 404 297 596 508 576 3744 2618 1126 748 378 2455 2102 1882 1710 353 1650 1454 625 379 829 658 477
is_linear=0
shrinkage=0.035


Tree=103
num_leaves=31
num_cat=0
split_feature=159 274 104 34 169 273 123 146 115 213 115 8 189 27 148 218 7 270 50 137 274 123 115 4 27 38 148 252 104 69
split_gain=15.7899 12.7018 9.7725 9.84614 9.76104 19.4536 16.3978 14.257 13.9508 20.6034 16.2396 15.8391 13.7938 13.258 21.934 18.3661 17.2728 15.4008 15.2577 15.0267 14.7598 14.639 14.609 14.2652 14.7173 20.1694 13.7219 18.4033 15.3826 22.0469
threshold=9.8607556649644419 0.95532369980585619 5461.5000000000009 4.9097661292297916 14.681464832903414 -0.13915544435443167 0.018017986799070837 -1.2876798911759846 2483.5000000000005 9.6418305373811197 2265.5000000000005 -63.031772706752243 11.784381908928699 2580.0000000000005 70.000000000000014 18.799041594097393 -51.756582509981051 37.956760690330341 98.500000000000014 185.50000000000003 0.18245470789924148 0.011834327095206735 1775.5000000000002 -18.306920905872175 983.50000000000011 1707.5000000000002 197.50000000000003 3.3587839888282738 819.50000000000011 -4.571760376546913
decision_type=2 2 2 2 2 2 2 2 2 2 2 2 2 2 2 2 2 2 2 2 2 2 2 2 2 2 2 2 2 2
left_child=-1 2 4 -4 8 -6 7 -7 10 -10 12 -11 -2 15 -15 17 21 -14 -18 -17 -20 -16 -22 -21 -25 -26 27 -19 -28 -30
right_child=1 -3 3 -5 5 6 -8 -9 9 11 -12 -13 13 14 16 19 18 26 20 23 22 -23 -24 24 25 -27 28 -29 29 -31
leaf_value=0.00036991878185055815 -0.0015761182243801916 -0.001029086557674493 -0.0017296857528945088 -0.0001428042294957301 -0.0016837142600060338 -0.0023412873225302942 -0.0012273490557370692 0.0002989692298839708 0.0073426544498017181 -0.0010318910068573739 -0.00084666800187744207 0.00024160344316503688 0.00063162358938242025 -0.0019762718790309296 0.0003293338228428214 0.00074331505443398502 0.0077751288398525669 -0.0011243602749706407 0.005307908018854484 -0.00077869035043110608 -0.0010767915112967691 -0.0018725121180703653 0.0063056951118730638 0.0093669207463379679 -0.0013606667080047286 0.0047989160420556743 -0.0017319290214090784 0.0006925373774840874 -0.00014302629385220202 -0.0029666804629872507
leaf_weight=84 449 69 85 64 154 73 280 305 114 113 139 432 96 70 66 475 121 141 135 809 94 95 63 108 199 111 286 162 307 95
leaf_count=84 449 69 85 64 154 73 280 305 114 113 139 432 96 70 66 475 121 141 135 809 94 95 63 108 199 111 286 162 307 95
internal_value=-0.00284877 -0.00307437 -0.00288257 -0.0115909 -0.00263598 -0.00616891 -0.00348416 0.00127937 -0.00201708 0.00268825 -0.00279061 -0.000190909 -0.00235915 -0.00159831 0.00291217 -0.00264316 0.00519862 -0.0061859 0.00895933 -0.000369069 0.00447811 -0.00442771 -0.00280864 -0.00241477 0.00281324 -0.00111111 -0.00748494 -0.00125 -0.010202 -0.00567568
internal_weight=5794 5710 5641 149 5492 812 658 378 4680 659 4021 545 3882 3433 644 2789 574 1087 413 1702 292 161 157 1227 418 310 991 303 688 402
internal_count=5794 5710 5641 149 5492 812 658 378 4680 659 4021 545 3882 3433 644 2789 574 1087 413 1702 292 161 157 1227 418 310 991 303 688 402
is_linear=0
shrinkage=0.035


Tree=104
num_leaves=31
num_cat=0
split_feature=274 34 173 11 13 260 71 274 126 59 55 33 150 104 104 44 164 53 49 270 13 22 23 256 20 53 265 213 114 63
split_gain=17.225 10.6829 9.94461 12.028 19.3994 24.4312 25.2925 22.0474 20.1604 18.2447 17.9765 28.5388 15.6494 16.1746 17.7258 16.3043 12.7402 12.3523 11.9742 11.6157 24.1418 23.9948 23.0469 17.5012 21.7894 18.8743 13.8801 13.4628 12.2887 18.3142
threshold=0.9646794378582586 1.4339596217775277 0.97353542561715456 56.468998397514277 83.383137136199892 -0.16967904837701028 769.50000000000011 -0.29360712065892741 238.50000000000003 36.309000015258796 0.29419998824596411 0.22434999793767932 0.024099994450807575 1073.0000000000002 481.50000000000006 0.14434999972581866 -0.14285715122367251 -22.207588408904019 973.50000000000011 48.821164024854212 47.443112479828919 0.17525000125169757 1.6844426545915716 38.516866542071845 35.78786375336152 -20.739355798478627 0.021447057942380891 9.4681944802194433 52.388950347900398 6052.5000000000009
decision_type=2 2 2 2 2 2 2 2 2 2 2 2 2 2 2 2 2 2 2 2 2 2 2 2 2 2 2 2 2 2
left_child=1 -1 3 4 5 18 9 -8 16 -7 11 12 -10 14 -14 17 -9 -15 -3 21 23 22 -5 24 25 -21 -27 -25 29 -22
right_child=-2 2 -4 19 -6 6 7 8 10 -11 -12 -13 13 15 -16 -17 -18 -19 -20 20 28 -23 -24 27 -26 26 -28 -29 -30 -31
leaf_value=-0.00090880152596530103 -0.00043939042440797139 -0.0021753515440015173 0.0098312722583752104 0.0078206073503220546 0.0048911978977134443 -0.0015514214543354986 0.013820997469058221 -1.4985538153914626e-05 -0.0005747124342959781 0.012186094091894854 -0.0029933591738754732 0.0084355215277856065 -0.00052387786279554374 -0.0016471778930096416 0.0046917080835932115 0.00038475797073170271 -0.0034946404450665329 -0.00022874976460178332 4.509378740984838e-05 -0.0010235686051143812 -0.00040532298957777775 0.014293404445027047 -0.0027678811153318424 -0.0028022612345343948 0.0017468786620255146 -0.0012442222725897213 0.00090907788907345754 -0.00079690030480293118 -0.0013006373504809692 0.0052834856414270557
leaf_weight=78 70 209 63 63 108 63 69 61 175 101 86 190 93 100 243 101 104 151 89 163 2173 71 146 91 69 71 85 301 230 177
leaf_count=78 70 209 63 63 108 63 69 61 175 101 86 190 93 100 243 101 104 151 89 163 2173 71 146 91 69 71 85 301 230 177
internal_value=-0.00292119 -0.0027003 -0.0025146 -0.00267448 -0.000449179 -0.0013125 0.000476654 -0.00109216 -0.00213904 0.0132544 -0.000458916 0.000827032 -0.00189516 0.000505051 0.00595308 -0.00470588 -0.0133824 -0.00943359 -0.010396 -0.00386008 -0.00443091 0.00294737 -0.00310748 -0.00980892 -0.00445293 -0.0083179 0.000434783 -0.0149874 -0.00278917 -0.00202123
internal_weight=5794 5724 5646 5583 1943 1835 1537 1373 1304 164 1139 1053 863 688 336 352 165 251 298 3640 3360 280 209 780 388 319 156 392 2580 2350
internal_count=5794 5724 5646 5583 1943 1835 1537 1373 1304 164 1139 1053 863 688 336 352 165 251 298 3640 3360 280 209 780 388 319 156 392 2580 2350
is_linear=0
shrinkage=0.035


Tree=105
num_leaves=31
num_cat=0
split_feature=260 60 225 153 31 258 272 19 55 218 211 160 124 247 209 146 19 25 193 275 211 180 249 12 271 160 193 113 153 163
split_gain=11.356 20.4426 16.1729 12.1656 16.9098 12.0628 11.1759 15.2209 20.4931 18.0854 24.4764 15.2628 15.1695 14.0877 17.1945 13.1295 14.4651 15.0239 10.8012 10.7281 10.5198 10.7773 11.9544 10.6171 12.9685 23.1668 18.5181 21.4431 16.7419 15.8437
threshold=0.76286560327442166 142.50000000000003 0.15260478889450632 0.65056054959435061 -49.894419042321722 0.020999990403652195 0.029700025916099552 5392.5000000000009 0.4577500075101853 149.4353438637327 -0.60624055353430861 0.006049998104572297 -4.4371719308323492 598.50500488281261 10.077524762654063 -0.91065110531659965 5712.5000000000009 -8.0995747845484711 -0.87682298626415134 -0.33057507494216315 -0.80616903831345088 -0.011200003325939177 0.048905934211251896 15.244059986335365 5.9628749880755683 0.018099997192621235 -0.18332970575817883 -2.1579232601474909 0.14963248644688307 -0.29322644482373034
decision_type=2 2 2 2 2 2 2 2 2 2 2 2 2 2 2 2 2 2 2 2 2 2 2 2 2 2 2 2 2 2
left_child=1 -1 3 4 -2 -4 7 -3 11 10 -10 18 -13 14 15 -8 17 -17 -9 -16 -14 22 -22 24 -23 -26 29 -28 -29 -27
right_child=2 6 5 -5 -6 -7 13 8 9 -11 -12 12 20 -15 19 16 -18 -19 -20 -21 21 23 -24 -25 25 26 27 28 -30 -31
leaf_value=0.0029681560090440168 -0.0012837032820521295 -0.0021116351624591492 0.0055564879828424686 -0.00096561042607998151 0.0030671261047045756 -0.0008028483171765089 0.00015867087206973164 -8.1170704050092257e-05 -0.0019892062374563964 0.015267737534933948 0.0063760179121986537 0.0040265045448788913 0.0058423601568556322 -0.00059454907528889999 0.0096568446309509039 -0.0041036616200059413 -0.0038733355313597803 0.0033885697094828936 -0.0024836064128701692 -0.00057270349230013093 0.0021056310984461347 -0.00043319289196238963 -0.00058177936061048325 -0.0025798435912295424 -0.00088046105946492596 -0.0022684431269487811 0.0077512016674813706 0.0035349059057415279 -0.00025888498364589675 7.3297191661260145e-05
leaf_weight=113 60 127 61 339 68 61 174 112 89 82 109 124 81 364 75 62 69 61 176 86 118 1159 95 262 297 169 291 230 389 291
leaf_count=113 60 127 61 339 68 61 174 112 89 82 109 124 81 364 75 62 69 61 176 86 118 1159 95 262 297 169 291 230 389 291
internal_value=-0.00277634 -0.00225048 -0.00736532 -0.0103072 -0.00105263 0.00385827 -0.00258191 -0.0018224 -0.00144153 0.00761404 0.00172414 -0.00211898 -0.00147536 -0.00613281 -0.00243421 -0.00660377 -0.0127919 -0.00519531 -0.00979522 0.00695783 -0.00192205 -0.00223382 0.00529817 -0.00276107 -0.00212646 -0.000146531 0.00178182 0.00466667 0.000953526 -0.00391398
internal_weight=5794 5205 589 467 128 122 5092 4201 4074 280 198 3794 3506 891 527 366 192 123 288 161 3382 3301 213 3088 2826 1667 1370 910 619 460
internal_count=5794 5205 589 467 128 122 5092 4201 4074 280 198 3794 3506 891 527 366 192 123 288 161 3382 3301 213 3088 2826 1667 1370 910 619 460
is_linear=0
shrinkage=0.035


Tree=106
num_leaves=31
num_cat=0
split_feature=34 272 30 150 261 104 270 214 88 94 259 148 101 148 150 123 148 22 55 46 8 43 60 254 111 153 52 32 165 60
split_gain=16.4714 11.1854 15.1012 14.0207 14.1328 13.3935 13.951 21.7724 11.8565 10.909 10.0674 10.0263 20.2317 13.6152 12.6998 13.3332 11.008 10.1477 15.4513 9.99614 9.66604 9.50495 10.8617 11.0311 12.195 10.7614 19.9603 11.5892 13.1243 10.5813
threshold=1.3617179346492445 0.029700025916099552 5237.5000000000009 0.051849998533725745 526.29998779296886 575.50000000000011 96.422968451657326 0.048900000751018531 0.21940000355243686 362.50000000000006 0.16240254830537501 2655.5000000000005 0.010062947389921134 1744.5000000000002 0.045900009572505958 0.011909767661109088 1914.0000000000002 0.1077999994158745 0.13675000518560412 0.035401010730400251 -29.740086358728465 0.24575000256299975 1597.0000000000002 -3.1405881836932266 27.747568362757921 0.65056054959435061 5957.5000000000009 0.15775000303983691 0.037303212973788018 955.50000000000011
decision_type=2 2 2 2 2 2 2 2 2 2 2 2 2 2 2 2 2 2 2 2 2 2 2 2 2 2 2 2 2 2
left_child=-1 9 -3 4 -4 6 7 -5 -9 11 -11 13 -13 17 15 -15 -17 19 20 -2 -19 22 29 -24 -25 27 -27 -23 -29 -20
right_child=1 2 3 5 -6 -7 -8 8 -10 10 -12 12 -14 14 -16 16 -18 18 21 -21 -22 25 23 24 -26 26 -28 28 -30 -31
leaf_value=-0.00065294187221460749 0.0087816144131266458 0.0098179228139365846 0.0066670918642866596 -0.0010709514320771858 -0.0011001040602605663 -0.001065496714114846 -0.0034064071965366921 -6.2946451475865973e-05 0.017545359542739822 -0.002021351319446296 -0.00019935147985049252 0.0030804183895178196 -0.002745914859507515 0.0094247145023021537 0.01694456307947385 0.0049984029107757776 -0.0027891847888673505 -0.002585510043721229 -0.00052927822866928771 -0.00016885521783438026 -0.00065192510617192816 -3.8513722902320804e-05 -0.00020012402465409198 -0.0015577914431694677 -0.00055433402983478099 0.0018576596859473959 -0.0015656537610154028 0.0001483341106324948 0.0058681744706609281 0.00040059534105209104
leaf_weight=69 74 72 119 119 82 367 169 77 78 197 245 63 198 69 65 60 60 68 745 76 80 1302 173 124 95 112 113 239 97 387
leaf_count=69 74 72 119 119 82 367 169 77 78 197 245 63 198 69 65 60 60 68 745 76 80 1302 173 124 95 112 113 239 97 387
internal_value=-0.00296948 -0.0027548 -0.00595129 -0.00706201 0.00118932 -0.00910429 -0.00492188 0 0.00853125 -0.00200344 -0.00720358 -0.00144828 -0.00802632 -0.00100279 0.00675676 0.00198454 -0.00504 -0.00154607 -0.00192797 0.00722581 -0.0128105 -0.00143426 -0.0034794 -0.00846348 -0.0135938 0.000243576 -0.00684783 0.00123554 0.00697947 -0.00172383
internal_weight=5794 5725 1083 1011 201 810 443 274 155 4642 442 4200 261 3939 254 189 120 3685 3535 150 148 3387 1524 392 219 1863 225 1638 336 1132
internal_count=5794 5725 1083 1011 201 810 443 274 155 4642 442 4200 261 3939 254 189 120 3685 3535 150 148 3387 1524 392 219 1863 225 1638 336 1132
is_linear=0
shrinkage=0.035


Tree=107
num_leaves=31
num_cat=0
split_feature=34 272 30 149 159 208 35 249 268 9 195 180 273 204 142 131 123 212 166 41 126 104 257 104 67 148 248 21 25 275
split_gain=14.6943 12.7625 13.6706 12.231 12.9995 12.7204 12.4636 10.5624 13.8816 13.8919 15.8074 14.4308 13.5187 13.4522 13.6468 14.6296 13.0763 13.0007 14.3132 16.1433 12.5802 18.0244 15.2819 12.6257 14.5743 13.4232 11.7778 12.6826 11.0068 10.0299
threshold=1.3617179346492445 0.029700025916099552 5237.5000000000009 8.5000000000000018 13.281290884758144 -0.014600008726119993 0.047065405078091267 -0.14404036068949019 2.9654101721576791 31.007858676883171 0.012652853291977987 0.0029499977827072148 0.20435620653029576 0.22630394747784974 0.8225499987602235 0.81075000762939464 0.025316443471567959 7.2323717339211875 -0.23098776679012942 5977.5000000000009 71.500000000000014 479.50000000000006 2.7726785199197361 1024.0000000000002 6.1486875503690746 148.50000000000003 0.16953779624073742 0.15664999932050708 -13.25962637861101 0.41884410708514791
decision_type=2 2 2 2 2 2 2 2 2 2 2 2 2 2 2 2 2 2 2 2 2 2 2 2 2 2 2 2 2 2
left_child=-1 7 -3 5 -5 -4 -7 -2 13 10 11 -10 28 14 20 -16 17 -11 -19 -20 -9 22 -22 25 -25 -23 27 -27 -12 -6
right_child=1 2 3 4 29 6 -8 8 9 16 12 -13 -14 -15 15 -17 -18 18 19 -21 21 23 -24 24 -26 26 -28 -29 -30 -31
leaf_value=-0.00063008890668709466 9.1833097616274018e-05 0.0094742955154488041 -5.8625462101920831e-05 0.0047052886939793993 0.00012398412356945862 -0.0014555097022358671 -0.00018012983843257975 0.0016712411157093867 -0.00013187609171112476 -0.00061177923595273425 -0.00071791447521028795 0.0077347787183718476 -0.0010489332172077159 0.0060885648281503368 -8.5533926836185649e-05 0.0051099031540026299 0.00035983932266150432 -0.0028321376538243694 0.00090116245025404103 -0.0014276784938150268 9.4644158287242333e-06 -0.0015833625878902296 -0.0018113086074017816 -0.0016564924914106343 -0.0002565826164116589 0.0072010342950179574 -0.0011604271258126369 -0.00042580849480595208 0.0022007350395017856 -0.0018540451566137746
leaf_weight=69 1084 72 174 82 106 461 108 131 90 464 62 72 113 66 196 124 84 151 76 109 108 78 259 106 694 269 138 103 65 80
leaf_count=69 1084 72 174 82 106 461 108 131 90 464 62 72 113 66 196 124 84 151 76 109 108 78 259 106 694 269 138 103 65 80
internal_value=-0.00293326 -0.00273037 -0.0061443 -0.0071998 -0.000769231 -0.00949866 -0.0120122 -0.00192813 -0.00284872 -0.00574748 -0.00034398 0.00796407 -0.006 -0.00119895 -0.00167797 0.00495385 -0.00818898 -0.00956522 -0.0147801 -0.00792105 -0.00281333 -0.00359943 -0.0104435 -0.00175879 -0.0046087 0.00212479 0.00421359 0.00742706 0.00185606 -0.00586387
internal_weight=5794 5725 1083 1011 268 743 569 4642 3558 1286 402 162 240 2272 2206 320 884 800 336 185 1886 1755 367 1388 800 588 510 372 127 186
internal_count=5794 5725 1083 1011 268 743 569 4642 3558 1286 402 162 240 2272 2206 320 884 800 336 185 1886 1755 367 1388 800 588 510 372 127 186
is_linear=0
shrinkage=0.035


Tree=108
num_leaves=31
num_cat=0
split_feature=34 272 30 249 273 41 150 93 182 253 127 71 126 218 147 263 28 195 215 264 22 258 255 215 259 109 260 70 60 137
split_gain=14.2338 10.9939 13.6706 12.2808 12.8057 13.2527 12.1966 20.6371 11.981 12.538 13.2779 11.9218 13.0065 14.9045 11.8334 10.9447 14.4885 20.6522 14.1961 18.5305 15.4909 13.9149 13.6789 13.2887 12.7546 12.6352 10.458 10.1905 10.0157 11.5842
threshold=1.3617179346492445 0.029700025916099552 5237.5000000000009 -0.14404036068949019 0.13800275300279655 5357.5000000000009 0.051849998533725745 1515.5000000000002 -0.39382009066771972 -0.56354116205525873 8.5000000000000018 1451.5000000000002 657.50000000000011 13.906187286750214 20.855800628662113 0.10074662052828033 172.50000000000003 0.012583041371926219 -0.042949996888637536 0.43128568770645087 0.10485000163316728 0.017999984323978428 -0.1371677734329779 -0.064699996262788759 0.098924090395866845 0.67344999313354503 -0.52939796625242908 44.33345031738282 2317.5000000000005 2735.0000000000005
decision_type=2 2 2 2 2 2 2 2 2 2 2 2 2 2 2 2 2 2 2 2 2 2 2 2 2 2 2 2 2 2
left_child=-1 3 -3 28 5 -5 7 -4 -6 -10 -11 -8 13 27 -7 18 -17 -18 19 23 -20 26 -23 -16 -19 -25 -22 -13 29 -2
right_child=1 2 6 4 8 14 11 -9 9 10 -12 12 -14 -15 15 16 17 24 20 -21 21 22 -24 25 -26 -27 -28 -29 -30 -31
leaf_value=-0.00060803579495304462 0.00031955959495064362 0.0091426951724080958 0.0062703844956294675 -0.0032493137214228917 0.0010771806162181523 0.0092974793137844004 -0.0013510484018150236 -0.0021782809636708652 -0.0015939547985765136 0.00075276143365608349 -0.00060587146778902986 -0.0027694384019471205 -0.00052922301728419718 0.0093566301048581043 -0.0018426773310343605 0.0022687509416642569 0.004542396817745601 -0.0030188581667335871 0.0014693502628465457 -0.001383009813217338 0.0002990063786362854 0.001129923042121116 -0.0010364875347451726 0.0051552246662514411 9.6149953965457847e-05 -0.00081642980443005395 -0.0015696744819392542 9.0182537082727506e-05 -0.00042718908768368347 -0.0013645612034458678
leaf_weight=69 817 72 124 71 76 66 436 77 208 156 742 62 143 102 114 377 76 103 85 146 82 143 138 293 66 64 552 67 203 64
leaf_count=69 817 72 124 71 76 66 436 77 208 156 742 62 143 102 114 377 76 103 85 146 82 143 138 293 66 64 552 67 203 64
internal_value=-0.00317469 -0.00297469 -0.0061443 -0.0022294 -0.003222 -0.00173457 -0.0071998 0.000509709 -0.00619208 -0.00711971 -0.00527132 -0.00910429 -0.00443272 0.000741525 -0.00125758 -0.00170009 0.00223285 -0.00434 -0.00321517 0.000956592 -0.00578109 -0.00711413 -0.000611888 0.00433824 -0.0110632 0.00763812 -0.0099687 -0.00705224 0.00102847 0.00264673
internal_weight=5794 5725 1083 4642 3558 2376 1011 201 1182 1106 898 810 374 231 2305 2239 622 245 1617 617 1000 915 281 471 169 357 634 129 1084 881
internal_count=5794 5725 1083 4642 3558 2376 1011 201 1182 1106 898 810 374 231 2305 2239 622 245 1617 617 1000 915 281 471 169 357 634 129 1084 881
is_linear=0
shrinkage=0.035


Tree=109
num_leaves=31
num_cat=0
split_feature=34 258 271 182 104 224 32 215 90 163 17 30 247 71 163 126 13 256 13 47 39 119 274 217 214 126 136 112 12 163
split_gain=14.5542 10.7727 20.0258 14.1695 15.7086 15.0846 13.7502 15.7593 20.458 13.9794 12.8918 12.0566 14.9285 15.8986 26.0968 13.1836 13.1257 17.4264 15.5264 25.1997 12.9975 12.8338 17.1652 16.0688 13.7344 12.5629 12.403 13.7265 12.1698 12.4486
threshold=1.4339596217775277 0.021500013768672947 2.1736019156273056 -0.35871666201971114 4812.0000000000009 0.92975480024700019 0.15094999969005587 -0.041450001299381249 0.016150792508822891 -0.11549323500149646 40.939631702340279 5757.5000000000009 592.56500244140636 922.50000000000011 -0.47989956924539351 199.50000000000003 36.343719045309768 28.616952510088733 31.317579641999689 -6.6816957008636271 119.50000000000001 17.45216910116865 0.10621137030129013 51.364808695477308 0.028250001370906833 328.00000000000006 26.074500083923343 0.018648146296738017 8.6161793634418853 0.35943207764432944
decision_type=2 2 2 2 2 2 2 2 2 2 2 2 2 2 2 2 2 2 2 2 2 2 2 2 2 2 2 2 2 2
left_child=-1 3 -3 5 10 -2 9 -8 -9 -4 11 -5 15 14 -14 -13 17 26 20 -20 -19 22 -17 -23 -24 -18 -15 -28 29 -27
right_child=1 2 6 4 -6 -7 7 8 -10 -11 -12 12 13 16 -16 21 25 18 19 -21 -22 23 24 -25 -26 28 27 -29 -30 -31
leaf_value=-0.00054591776219908828 2.4724855928175418e-05 -0.0016232729601367911 -0.0026892961973644025 -0.0010532668614187403 -0.0013496750667990017 0.0075443951875828977 -0.00039683660811719648 0.0096533171306974596 -0.00099227215678401588 -0.00025861996694165421 0.0087804529775897169 0.0062234331400870301 -0.0022525311515945831 0.00047906452410016845 0.0062401420300923225 -0.0024325455777874402 -0.001209447928311362 0.013986283546373778 -0.0011750282066714417 0.0030462612919010131 0.0022417917103949784 0.0064586345278637965 -0.00041168501695664275 -0.0018615505361704861 0.00429423267268003 -0.0011076577141013136 -0.00029865272228062073 -0.0014798324243988222 0.0064480732556148074 0.00012953724803215828
leaf_weight=92 417 294 219 671 89 90 541 107 79 750 63 98 70 88 174 83 209 72 128 79 90 165 66 79 61 162 433 154 107 64
leaf_count=92 417 294 219 671 89 90 541 107 79 750 63 98 70 88 174 83 209 72 128 79 90 165 66 79 61 162 433 154 107 64
internal_value=-0.00313847 -0.00290696 -0.00498246 -0.00178908 -0.00264953 0.00362305 -0.00349794 0.000143443 0.00879581 -0.00621663 -0.00222044 -0.00255232 -0.0013783 -0.00289918 0.00534137 0.00364452 -0.00417976 -0.00186845 0.00421123 -0.00214623 0.0121557 0.00106754 -0.0052093 0.00646586 0.00291667 -0.00857404 -0.00519853 -0.00703547 -0.00424556 -0.00878788
internal_weight=5794 5702 1990 3712 3205 507 1696 727 186 969 3116 3053 2382 1830 244 552 1586 1044 369 207 162 454 210 244 127 542 675 587 333 226
internal_count=5794 5702 1990 3712 3205 507 1696 727 186 969 3116 3053 2382 1830 244 552 1586 1044 369 207 162 454 210 244 127 542 675 587 333 226
is_linear=0
shrinkage=0.035


Tree=110
num_leaves=31
num_cat=0
split_feature=153 225 93 153 71 30 151 213 191 22 260 213 221 173 27 8 12 4 215 31 5 268 137 115 193 4 23 271 270 247
split_gain=15.4331 12.9565 12.4185 11.7343 12.3733 10.8352 12.9862 35.4196 16.695 15.9925 10.1699 9.70323 22.298 26.5319 23.8426 18.313 22.7952 22.1434 17.7218 13.466 14.3003 12.6848 15.2393 11.482 15.3351 13.6863 11.3007 11.2373 10.7742 15.7391
threshold=0.85359769311536782 0.14076801748700726 30.000000000000004 0.78766723942119377 2348.0000000000005 6362.5000000000009 0.12752500362694266 9.8314811988666495 0.12239999882876874 0.11704999953508378 -0.87137147003756577 9.699042986464292 39.435915553188558 -0.59970709470188599 2758.5000000000005 -73.757294125613711 3.0020695837385492 -114.40963976673989 -0.038450002670288079 -53.277317015985588 75.425711166119683 -11.530047909000251 258.50000000000006 1579.5000000000002 -0.30108910869453853 8.1102734777632097 3.9011651887361016 8.4677734920523147 113.17698796275759 594.54000854492199
decision_type=2 2 2 2 2 2 2 2 2 2 2 2 2 2 2 2 2 2 2 2 2 2 2 2 2 2 2 2 2 2
left_child=2 -2 10 5 -5 6 7 -4 -8 -10 -1 12 13 -11 15 17 -17 -14 19 20 -19 22 -15 24 26 -26 -18 -20 29 -13
right_child=1 -3 3 4 -6 -7 8 -9 9 11 -12 28 14 21 -16 16 23 18 27 -21 -22 -23 -24 -25 25 -27 -28 -29 -30 -31
leaf_value=-4.6373027535004392e-05 -0.00073529065806633774 0.00011579354759178735 -0.0023924543596756387 -0.00019966170304054636 0.010740442634868112 -0.00093028940016601572 -0.0026965224993959883 0.012909515418906935 0.0044990079617891433 -0.0018170490095213406 0.012246708897713532 4.1756908983866392e-05 -0.0036408257041776887 0.0037690218043154363 0.008223077743064168 -2.1755315935881871e-05 0.0023226772123541373 0.0062338056451164189 -0.0020501517210688297 0.014777192739492392 -0.0024772879875511432 0.0051440216420111391 -0.0017389539608142089 -2.1103759473928843e-05 -0.0029394031042168749 -0.0012430726686037332 -0.0029077386035617795 0.00031788619651968553 -0.0021939031659955603 -0.00043591745838395381
leaf_weight=75 261 100 60 96 70 104 79 87 70 126 79 600 70 76 88 334 77 218 199 70 107 355 136 124 210 207 68 111 221 1316
leaf_count=75 261 100 60 96 70 104 79 87 70 126 79 600 70 76 88 334 77 218 199 70 107 355 136 124 210 207 68 111 221 1316
internal_value=-0.00307812 -0.010041 -0.00260666 -0.00289459 0.00614035 -0.00319363 -0.00295273 0.00713816 -0.00326484 -0.00298977 0.00704403 -0.00324184 -0.00179 0.00356017 -0.00376324 -0.00464722 -0.00771707 -0.000583333 0.00133099 0.0062125 0.00307576 0.00679196 0 -0.0113459 -0.0134568 -0.0168365 -0.0035 -0.00488889 -0.00498366 -0.00411765
internal_weight=5794 361 5433 5279 166 5113 5009 147 4862 4783 154 4713 2576 693 1883 1795 1020 775 705 395 325 567 212 686 562 417 145 310 2137 1916
internal_count=5794 361 5433 5279 166 5113 5009 147 4862 4783 154 4713 2576 693 1883 1795 1020 775 705 395 325 567 212 686 562 417 145 310 2137 1916
is_linear=0
shrinkage=0.035


Tree=111
num_leaves=31
num_cat=0
split_feature=39 32 272 63 261 160 182 227 24 82 4 270 123 213 126 169 10 163 115 49 273 42 79 54 259 227 271 271 267 147
split_gain=15.8106 10.5337 10.9418 11.6981 22.4425 16.8768 12.5196 12.6149 13.9652 12.0206 11.639 18.7686 11.4113 11.0742 10.5879 11.5896 13.4879 12.0497 14.7369 11.7017 11.6022 11.1248 10.5457 13.6723 10.5266 9.7024 13.0888 9.47339 9.43334 13.9861
threshold=6.5000000000000009 0.13405000418424609 0.029700025916099552 5427.5000000000009 470.46000671386724 -0.0027499943971633907 -0.39382009066771972 0.048495966740169656 0.023669501177482743 1664.0000000000002 25.652461742061856 79.367486124550425 0.027842361551658274 9.119375735102679 3210.5000000000005 13.21930675898049 41.017500446837481 -0.15080060275763416 1155.0000000000002 1678.5000000000002 0.20435620653029576 22.812681718096254 0.016064538893664975 0.25654999911785131 0.19134693317920223 0.034211382528015484 6.9808522429347137 4.5561244675217258 1.4208849708197138 38.02040100097657
decision_type=2 2 2 2 2 2 2 2 2 2 2 2 2 2 2 2 2 2 2 2 2 2 2 2 2 2 2 2 2 2
left_child=-1 -2 3 13 -5 9 25 8 -8 -6 14 -12 -10 -3 15 16 19 20 24 -9 -17 -20 -18 -24 -19 -7 -27 -23 -4 -30
right_child=1 2 28 4 5 6 7 10 12 -11 11 -13 -14 -15 -16 17 22 18 21 -21 -22 27 23 -25 -26 26 -28 -29 29 -31
leaf_value=0.00015502085249896049 -0.00071368948004233693 -0.00020961215705590566 -0.00085450511053837064 0.011373804849046956 -0.0016598164322373778 0.01421922083416656 0.0051808013464920213 0.0064672888188094749 -0.00074370440280805588 8.6824588358018766e-05 0.00014697484385470307 -0.0028726269671203765 0.00078096736127934892 -0.0046048204637731934 -0.001117821766553179 -0.00051601488253544161 -0.0015004784648493682 0.00015054582122423667 1.8613187950272949e-05 -5.0503999698952588e-05 -0.0024132011652091248 -0.0019184621117925556 0.0031320601271311393 -0.00082242721534776016 0.005020508761133179 -0.00052925153973076096 0.0073090462142393064 -0.00043567428471395282 8.5377225302460681e-05 -0.0012426097025942636
leaf_weight=81 402 109 632 182 130 77 92 132 927 61 101 97 68 72 87 247 156 181 421 60 101 63 226 132 135 180 113 138 300 91
leaf_count=81 402 109 632 182 130 77 92 132 927 61 101 97 68 72 87 247 156 181 421 60 101 63 226 132 135 180 113 138 300 91
internal_value=-0.00311433 -0.00333596 -0.00291667 -0.00213604 -0.00174489 -0.00230662 -0.00177855 -0.00245177 -0.00554487 -0.0123214 -0.000966258 -0.00896552 -0.006755 -0.0107258 -0.000184741 0.000350526 0.00393812 -0.00162665 0.000445387 0.0117259 -0.00713881 -0.00267943 0.000944123 0.00424242 0.00654206 0.00429333 0.00129195 -0.00934466 -0.00616245 -0.00185606
internal_weight=5794 5713 5311 4288 4107 3925 3734 3364 1087 191 2277 198 995 181 2079 1992 706 1286 938 192 348 622 514 358 316 370 293 201 1023 391
internal_count=5794 5713 5311 4288 4107 3925 3734 3364 1087 191 2277 198 995 181 2079 1992 706 1286 938 192 348 622 514 358 316 370 293 201 1023 391
is_linear=0
shrinkage=0.035


Tree=112
num_leaves=31
num_cat=0
split_feature=159 260 225 152 104 247 82 60 173 82 71 201 80 27 210 61 183 23 175 203 187 261 30 225 102 143 132 160 183 266
split_gain=16.5989 15.201 21.369 12.1445 10.6284 9.43656 9.37722 14.3058 19.6419 19.3715 23.0139 13.7285 14.2253 18.2483 15.6518 15.0657 13.7458 15.8761 12.7144 14.4419 12.3686 11.7942 18.0156 14.7874 19.2842 15.6665 16.5414 15.6032 21.5351 15.0948
threshold=9.8607556649644419 0.87773940840369258 0.13166800993002856 0.37795405831885737 4812.0000000000009 585.66000366210949 1273.5000000000002 1004.5000000000001 -0.15097847737007106 3657.5000000000005 679.00000000000011 0.39062499254941946 -6.2383143636496223 881.00000000000011 0.052768043175819526 62.500000000000007 -0.51352293360323309 4.9357268416268658 0.026476896258021184 -0.15927178412512699 -9.7465852246480092e-07 564.95498657226574 6277.5000000000009 0.30946285916436206 -2.429685985503065 0.26130001246929174 0.28570000827312475 0.014100007712841036 0.86194771790569302 20.696512401355843
decision_type=2 2 2 2 2 2 2 2 2 2 2 2 2 2 2 2 2 2 2 2 2 2 2 2 2 2 2 2 2 2
left_child=-1 4 3 -3 6 -6 21 8 9 10 -8 12 15 16 20 -9 17 -14 -17 -20 -15 22 23 25 -25 26 27 -2 -29 -27
right_child=1 2 -4 -5 5 -7 7 11 -10 -11 -12 -13 13 14 -16 18 -18 -19 19 -21 -22 -23 -24 24 -26 29 -28 28 -30 -31
leaf_value=0.0003980963075184807 -0.00046615090848868839 -0.0014403141560473801 0.0016308415524754745 -8.3294000614401182e-05 -8.733460605928002e-05 -0.0016640267025713614 -0.0013127793668881716 0.00049316760164592555 -0.0030248530213409898 -0.0017662922801819966 0.0097981675348800465 0.0072830792709273132 0.0043070902520638485 0.0076700760061745032 -0.0001206656197255901 -0.0039116407480349856 -0.0019129283165232004 -0.0026077026296261558 0.00012310767410568163 -0.0016964319151418644 4.582872469043709e-05 -0.00085531598623448453 0.010690986427740166 -0.0014829403253849012 0.0020159695341739523 -0.00086077851667459805 0.011861057085672956 1.3057338816860611e-05 0.0074169320890846158 0.002764101031729551
leaf_weight=84 203 145 66 77 67 95 117 66 147 101 73 93 63 120 399 151 70 61 124 88 122 132 77 301 69 933 95 1324 150 181
leaf_count=84 203 145 66 77 67 95 117 66 147 101 73 93 63 120 399 151 70 61 124 88 122 132 77 301 69 933 95 1324 150 181
internal_value=-0.00322297 -0.00345407 -0.0112287 -0.0163436 -0.00303114 -0.0117365 -0.00275214 -0.00480278 -0.0102709 -0.00484797 0.00179487 -0.00300661 -0.00397163 -0.00129167 0.00157121 -0.0091129 -0.0105528 -0.00325581 -0.0118886 -0.00612903 0.00850202 -0.00168444 -0.00126872 -0.00167433 -0.00821333 -0.000823245 0.00122116 0.000395363 0.00165652 -0.00406613
internal_weight=5794 5710 288 222 5422 162 5260 1795 438 291 190 1357 1264 835 641 429 194 124 363 212 242 3465 3333 3256 370 2886 1772 1677 1474 1114
internal_count=5794 5710 288 222 5422 162 5260 1795 438 291 190 1357 1264 835 641 429 194 124 363 212 242 3465 3333 3256 370 2886 1772 1677 1474 1114
is_linear=0
shrinkage=0.035


Tree=113
num_leaves=31
num_cat=0
split_feature=274 148 148 126 4 27 60 260 50 126 225 148 113 49 27 218 98 43 154 205 124 214 203 268 133 260 13 8 93 13
split_gain=13.0002 10.6653 19.6238 16.4104 16.4663 15.2488 13.9134 19.1781 13.7053 12.6843 15.1951 14.2903 10.9732 10.5925 17.2091 15.7823 12.4883 17.6375 14.7121 11.4179 18.3567 12.9833 12.6718 18.3892 17.524 16.2579 16.1076 23.0127 17.9449 15.6557
threshold=0.9646794378582586 2458.0000000000005 1393.0000000000002 1919.0000000000002 -3.4671011212028273 6070.0000000000009 1954.5000000000002 -0.010249111792625184 176.50000000000003 1180.5000000000002 0.05902856118726766 3830.0000000000005 -1.8789481342437881 5167.0000000000009 4395.5000000000009 9.4538817440535556 0.46445000171661383 0.21704999357461932 -0.14960628737325174 0.022755564741361745 -3.8506726467599255 0.034400008618831641 0.58131294696960623 -7.7195351922354485 29.196325790899607 0.43253032402555375 99.985796759221998 -75.171268627124874 771.50000000000011 90.520608381666577
decision_type=2 2 2 2 2 2 2 2 2 2 2 2 2 2 2 2 2 2 2 2 2 2 2 2 2 2 2 2 2 2
left_child=1 2 5 4 6 13 7 -4 -5 11 -11 -3 -7 14 16 -16 17 -1 -19 22 -21 -22 29 -24 25 -25 27 -26 -29 -18
right_child=-2 9 3 8 -6 12 -8 -9 -10 10 -12 -13 -14 -15 15 -17 19 18 -20 20 21 -23 23 24 26 -27 -28 28 -30 -31
leaf_value=-0.0015425462577851846 -0.00034392592301123073 -0.0046591393864384096 -1.033739971971759e-06 0.017078031599020986 -0.00099556563847907746 -0.00016151433099833581 -0.00067714621132449208 0.015206723693589953 4.6046926755187185e-05 -0.00010523820714975763 -0.0031558251579705257 0.004912724059851264 -0.0042063804212610773 -0.00068454770600248301 0.0094492568918681033 -9.6117153166086498e-06 -0.00053981964468996892 0.0022328885877921736 2.2364683687141621e-05 0.0027439839854272196 -0.0023033102164883492 -0.00023074518185006279 -0.0014848195077372477 0.00036891521050201522 0.011847921897635739 -0.0020090406619781911 -0.0027845118401541359 -0.0016261423674700044 0.0001782391177984208 0.00023326519140957514
leaf_weight=61 70 71 98 113 95 63 95 63 79 80 140 74 72 236 61 99 1873 108 188 87 251 149 196 72 135 123 62 98 550 332
leaf_count=61 70 71 98 113 95 63 95 63 79 80 140 74 72 236 61 99 1873 108 188 87 251 149 196 72 135 123 62 98 550 332
internal_value=-0.00323504 -0.00304242 -0.00264262 0.00364051 -0.000884831 -0.00335408 0.00375479 0.00990964 0.0117259 -0.0087973 -0.014 -0.0007 -0.01475 -0.00301003 -0.0026191 0.00848485 -0.00304312 0.00319061 0.00674419 -0.00361302 -0.00860772 -0.0117531 -0.00289466 -5.64061e-05 0.00180861 -0.007525 0.00399412 0.00537437 0.00257274 -0.0044819
internal_weight=5794 5724 5359 543 351 4816 256 161 192 365 220 145 135 4681 4445 160 4285 357 296 3928 487 400 3441 1236 1040 195 845 783 648 2205
internal_count=5794 5724 5359 543 351 4816 256 161 192 365 220 145 135 4681 4445 160 4285 357 296 3928 487 400 3441 1236 1040 195 845 783 648 2205
is_linear=0
shrinkage=0.035


Tree=114
num_leaves=31
num_cat=0
split_feature=159 203 225 232 150 249 121 200 131 49 116 190 13 256 271 93 220 232 24 220 189 257 148 2 179 192 214 262 202 214
split_gain=16.3358 13.0793 13.5927 19.6925 11.8364 10.114 15.0385 14.4577 12.6623 12.1839 13.2305 11.4183 12.6342 18.2782 17.6335 19.4753 17.2636 14.3754 12.1157 15.7391 16.0267 13.409 13.486 12.8478 18.969 12.1276 14.2242 11.556 13.2546 13.4653
threshold=9.8607556649644419 0.95125445523729002 0.1290446339066425 7.8270484656772785 0.046649992465972907 -0.14404036068949019 0.22725000232458117 -0.012150004506111143 0.79285001754760753 2293.5000000000005 70.500000000000014 -0.034699991345405572 36.191146700867954 33.730526177235198 14.178836895966173 744.50000000000011 18.732470367005515 13.103873698858129 0.042109989307850405 13.926505690192878 13.870891797846554 10.524358514441412 465.50000000000006 6019.9699707031259 13.469601735924575 0.36702321712440422 0.016800004988908771 -0.22003662102199059 -0.19821428569384722 0.045950002968311317
decision_type=2 2 2 2 2 2 2 2 2 2 2 2 2 2 2 2 2 2 2 2 2 2 2 2 2 2 2 2 2 2
left_child=-1 5 4 -4 -3 6 9 8 -8 -2 -11 -7 13 14 15 -13 -16 -17 19 20 -14 25 -23 27 -25 -20 -27 -21 -29 -30
right_child=1 2 3 -5 -6 11 7 -9 -10 10 -12 12 18 -15 16 17 -18 -19 21 23 -22 22 -24 24 -26 26 -28 28 29 -31
leaf_value=0.00046161573516833725 0.0025727551575165397 -0.0019732758570379441 0.0047367000242424856 -0.0021735086567648732 -0.00060390758811171481 4.565072020497219e-05 -0.0035427711379433552 0.00030307004718578394 -0.00047561670871053166 -0.00094118004121841053 0.00040889328003571263 -0.0022591054112892752 0.004504143115386227 0.0078517411380657574 -0.00021065962881732848 -4.8066571425924303e-05 0.011030917691655978 -0.0016397861335435227 -0.0013736040440254507 -0.0030761664265644049 -0.00094389445704673675 -0.0015038484610572951 0.004339915714412796 0.0037236564536152431 -0.00081552653605792538 -0.0012153605183584074 -3.0412055421536192e-05 -0.0016235242019845655 1.276791404161204e-05 -0.0022489006466447272
leaf_weight=84 376 156 90 66 118 473 94 241 352 136 61 87 210 61 61 831 65 113 520 68 68 106 122 111 118 68 214 254 378 92
leaf_count=84 376 156 90 66 118 473 94 241 352 136 61 87 210 61 61 831 65 113 520 68 68 106 122 111 118 68 214 254 378 92
internal_value=-0.00310226 -0.00333158 -0.00917241 -0.000869565 -0.0137993 -0.00284768 -0.000110672 -0.00359104 -0.0072949 0.00405709 -0.00294554 -0.00370435 -0.00438485 -0.00148814 -0.0025 -0.00402027 0.00961832 -0.0025079 -0.00589332 -0.00362347 0.00371025 -0.00872464 -0.00120172 -0.00562865 0.0016453 -0.0108426 -0.00487805 -0.00772898 -0.00633745 -0.0028
internal_weight=5794 5710 430 156 274 5280 1260 687 446 573 197 4020 3547 1218 1157 1031 126 944 2329 1299 278 1030 228 1021 229 802 282 792 724 470
internal_count=5794 5710 430 156 274 5280 1260 687 446 573 197 4020 3547 1218 1157 1031 126 944 2329 1299 278 1030 228 1021 229 802 282 792 724 470
is_linear=0
shrinkage=0.035


Tree=115
num_leaves=31
num_cat=0
split_feature=203 34 143 60 148 148 126 127 13 110 12 126 225 229 160 15 183 27 126 104 33 253 142 115 82 82 116 257 183 102
split_gain=12.1936 16.8721 19.5292 12.2319 11.4559 16.4673 15.4993 15.7271 15.3771 16.7571 13.3457 13.2826 14.4222 10.8731 10.4883 21.2065 18.5094 16.1623 15.3975 14.981 13.4078 12.2793 9.95649 10.6033 10.215 19.8573 16.6933 16.0291 18.0403 13.8842
threshold=0.95125445523729002 3.0072386037031613 0.25845000147819525 297.50000000000006 2458.0000000000005 1393.0000000000002 1919.0000000000002 40.500000000000007 49.154655363040412 0.15384999662637713 11.474196251933435 1129.0000000000002 0.05902856118726766 7.4543864982801198 0.015299983322620394 3.3763677614784275 0.89850355982888763 1775.5000000000002 427.50000000000006 2802.5000000000005 0.31145000457763677 0.17330355407740863 0.82604998350143444 1838.0000000000002 460.50000000000006 957.50000000000011 30.500000000000004 11.2540598271995 -0.31537317080540755 -2.7336256598627799
decision_type=2 2 2 2 2 2 2 2 2 2 2 2 2 2 2 2 2 2 2 2 2 2 2 2 2 2 2 2 2 2
left_child=4 -2 3 -3 5 14 8 -8 9 -7 13 -6 -13 -10 15 18 19 -18 -1 22 -21 -20 24 -24 -16 26 -26 -27 -29 -30
right_child=1 2 -4 -5 11 6 7 -9 10 -11 -12 12 -14 -15 16 -17 17 -19 21 20 -22 -23 23 -25 25 27 -28 28 29 -31
leaf_value=-0.0016980455680384095 -0.0008944035801990778 0.0092545837965031588 -0.0021556812431157459 -0.00076708259705721333 0.00037970168808971506 -0.00041142812807607902 0.017772055658474471 8.3585110852158758e-05 -0.0026737212374747655 0.0082688371827989021 0.0095887009857672425 -0.00010152196687759519 -0.0027542180636275838 -0.00032263177345673527 -0.00081369535098273671 0.00018936121893404185 -5.7408843674322051e-05 0.010202469530129104 -0.0011496032952750242 -0.00184526863518458 6.8654636443081786e-05 -3.0695732746914845e-05 -8.7147440856920615e-05 0.0017064085267687703 -0.00017012355414450787 -0.00057313094124714504 0.0022736582466258153 0.010561388130603751 -0.0013158496534909196 0.00049872653607461385
leaf_weight=150 243 84 68 65 116 75 94 98 84 72 60 91 158 60 674 218 110 83 224 131 71 229 174 120 505 1079 384 68 120 86
leaf_count=150 243 84 68 65 116 75 94 98 84 72 60 91 158 60 674 218 110 83 224 131 71 229 174 120 505 1079 384 68 120 86
internal_value=-0.00313847 -0.00858065 -0.00141892 0.00568182 -0.00266155 -0.00221653 0.00351277 0.0113706 -0.000884831 0.00759868 -0.00703349 -0.00860811 -0.0130906 -0.0126846 -0.00292259 -0.00648305 -0.00210388 0.00830808 -0.00984375 -0.00270413 -0.0118357 -0.00649563 -0.00211198 0.00397993 -0.00273194 -0.00158879 0.00246644 -0.00425258 0.00326165 -0.00199052
internal_weight=5794 460 217 149 5334 4969 543 192 351 147 204 365 249 144 4426 821 3605 193 603 3412 202 453 3210 294 2916 2242 889 1353 274 206
internal_count=5794 460 217 149 5334 4969 543 192 351 147 204 365 249 144 4426 821 3605 193 603 3412 202 453 3210 294 2916 2242 889 1353 274 206
is_linear=0
shrinkage=0.035


Tree=116
num_leaves=31
num_cat=0
split_feature=159 260 78 255 196 134 214 10 13 260 71 268 134 82 204 150 120 14 182 175 256 120 15 204 93 255 104 196 229 148
split_gain=15.4772 11.7887 17.1065 11.693 12.0512 11.8184 11.4342 12.1271 15.2964 28.1512 22.2756 14.5269 14.2749 13.7623 13.8788 13.6516 13.2116 11.1491 12.77 13.819 12.034 18.7217 14.4488 10.9522 10.9317 10.8115 10.0586 10.0061 14.5211 12.4233
threshold=9.4862380876568633 0.87773940840369258 9.6036490615481522 -0.11476116471897944 -0.95244405074311389 0.0080080083874413347 0.097449988126754775 35.180267744985926 83.383137136199892 -0.16335987674820049 1276.5000000000002 -7.7195351922354485 0.016752958796976001 277.50000000000006 0.080974360167192519 0.041799996048212058 0.65815001726150524 0.066324429921493802 0.42857142856938785 0.020524551328469306 31.776028049516722 0.63564997911453258 -1.0409958066004419 0.080974360167192519 759.50000000000011 0.50804114690716784 4584.0000000000009 -0.099083972750661928 1.8697410626100643 413.50000000000006
decision_type=2 2 2 2 2 2 2 2 2 2 2 2 2 2 2 2 2 2 2 2 2 2 2 2 2 2 2 2 2 2
left_child=-1 3 -3 26 -5 24 7 8 9 16 15 -12 25 14 -9 -11 -7 20 19 -19 -15 22 -22 -24 -6 -13 27 29 -29 -2
right_child=1 2 -4 4 5 6 -8 13 -10 10 11 12 -14 17 -16 -17 -18 18 -20 -21 21 -23 23 -25 -26 -27 -28 28 -30 -31
leaf_value=0.0003614726536668986 -0.00012860801429777886 -0.00083734264210843297 9.2770392059042533e-05 -0.0029865230695372428 -0.003701285744582616 -0.0018632306091282741 0.0057986389525767406 -0.00058045509696907699 0.0062017049559985648 0.016364403779911673 -0.0014946470508797709 0.005408533125684096 -0.00045410471936066624 -0.0020882985431957264 0.0065226039103224451 0.00039671242492475117 -0.00018895649908851259 -0.0018399424743247839 0.0028617687972028578 1.5997671274674968e-05 -0.0010615268225786657 -0.00089589537371526594 0.0075553707333207475 -0.00010674824178561902 -0.0002091494611547948 -5.3195047623763041e-05 -0.001163597034583625 0.00015086267315230983 -0.00062980365315312443 0.00088760750508539658
leaf_weight=60 428 197 96 71 78 120 61 142 82 93 160 109 117 206 163 87 78 186 113 264 98 695 83 76 86 80 71 379 837 478
leaf_count=60 428 197 96 71 78 120 61 142 82 93 160 109 117 206 163 87 78 186 113 264 98 695 83 76 86 80 71 379 837 478
internal_value=-0.00300569 -0.00319568 -0.00998322 -0.00282134 -0.00415309 -0.00381678 -0.00330517 -0.00362191 -0.000300752 -0.00173145 0.00182796 -0.0022293 0.0022508 -0.0051354 0.00169355 0.0121081 -0.0131034 -0.00634705 -0.00227993 -0.00492308 -0.0083061 -0.00658307 0.00146947 0.00789634 -0.0128402 0.00811856 -0.000843949 -0.000394922 -0.00246519 0.002382
internal_weight=5794 5734 293 5441 3248 3177 3013 2952 926 844 646 466 306 2026 305 180 198 1721 563 450 1158 952 257 159 164 189 2193 2122 1216 906
internal_count=5794 5734 293 5441 3248 3177 3013 2952 926 844 646 466 306 2026 305 180 198 1721 563 450 1158 952 257 159 164 189 2193 2122 1216 906
is_linear=0
shrinkage=0.035


Tree=117
num_leaves=31
num_cat=0
split_feature=159 260 145 255 273 249 257 169 265 267 38 47 223 71 206 264 134 24 232 274 16 10 256 160 5 93 260 173 200 134
split_gain=15.2824 10.57 17.4581 11.0159 11.3665 13.7728 14.6355 12.7645 14.356 14.5877 12.4614 16.3905 11.6395 14.3715 11.8759 11.4891 10.7378 11.8834 9.93507 9.75434 9.87494 11.318 15.447 18.616 17.2315 12.7294 15.8377 10.9531 13.1025 11.8189
threshold=9.4862380876568633 0.87773940840369258 0.01994682415893247 -0.11476116471897944 0.16392498542341369 0.13413430761777259 5.6499473574754964 11.453259459620705 -3.2436237842442535 1.6890045462569783 1417.0000000000002 -6.3793702458526624 15.434590297295541 928.50000000000011 -0.020123167831377794 1.2511212574950472 0.0082987709496621844 0.020001981120810683 13.852637441612583 0.85878007352161168 17.903759729828163 33.965580689461156 82.868051956814426 0.010500002652406694 11.753090134702449 1504.0000000000002 -0.16967904837701028 0.86450997052990142 -0.08524999767541884 0.014184390447442021
decision_type=2 2 2 2 2 2 2 2 2 2 2 2 2 2 2 2 2 2 2 2 2 2 2 2 2 2 2 2 2 2
left_child=-1 3 -3 4 7 6 -6 -2 -9 12 11 -11 13 -10 -14 18 -5 -18 -15 20 21 22 23 -19 25 26 -25 28 -23 -30
right_child=1 2 -4 16 5 -7 -8 8 9 10 -12 -13 14 15 -16 -17 17 19 -20 -21 -22 27 -24 24 -26 -27 -28 -29 29 -31
leaf_value=0.00034882111078855614 -0.0016035423106950132 9.9578431190105459e-05 -0.00094015979399136645 -0.0020791500388777973 9.0157808362912887e-05 -0.0013112945287885977 -0.0013019663465420625 0.0095336336875303067 0.0057152346421857764 0.0056742229617003127 0.0064040975863336545 -0.0010532690339001404 -0.0024220367296584125 0.00019735819310485905 4.3371781177923843e-05 -0.0011572049854910432 0.00075265873785822256 -0.0013206183849540833 -0.0016112417837134431 0.0049598769135057504 0.0016219889702940075 0.00054135103158520139 0.0070053422771473462 -0.0013926140258792787 0.003167974539139059 -0.00055263030597498181 0.0068548408134881901 0.00022879824986975718 -0.00042474035352819088 -0.0014098655801099797
leaf_weight=60 89 94 199 186 321 122 274 116 153 144 112 79 184 293 145 100 138 129 61 66 167 150 81 87 113 244 198 127 714 848
leaf_count=60 89 94 199 186 321 122 274 116 153 144 112 79 184 293 145 100 138 129 61 66 167 150 81 87 113 244 198 127 714 848
internal_value=-0.00289705 -0.0030859 -0.00951342 -0.00273136 -0.000812102 -0.00441136 -0.00215833 0.000945307 0.0017852 0.000685737 0.00689706 0.00199561 -0.00156217 0.00131536 -0.00681138 -0.00183007 -0.00402398 -0.00351484 0.00116992 -0.00399112 -0.00430318 -0.00481639 -0.00147025 -0.00302191 -0.000540958 -0.00321161 0.00181034 -0.00635846 -0.00709377 -0.00804084
internal_weight=5794 5734 293 5441 2193 717 595 1476 1387 1271 335 223 936 607 329 454 3248 3062 354 2924 2858 2691 852 771 642 529 285 1839 1712 1562
internal_count=5794 5734 293 5441 2193 717 595 1476 1387 1271 335 223 936 607 329 454 3248 3062 354 2924 2858 2691 852 771 642 529 285 1839 1712 1562
is_linear=0
shrinkage=0.035


Tree=118
num_leaves=31
num_cat=0
split_feature=255 255 251 76 275 46 186 169 259 271 26 148 163 259 104 175 145 176 252 263 260 228 208 142 46 265 210 24 11 100
split_gain=11.0534 14.038 12.4969 13.0799 12.0134 14.4146 10.716 9.77176 10.4953 9.64109 12.8278 9.58206 10.6693 9.86453 11.9576 10.2074 13.3725 11.996 11.3071 10.5215 12.6963 9.54056 9.10367 16.7268 12.2561 10.4469 10.7448 10.84 15.3436 11.7591
threshold=-0.15525835106444671 -0.27679572989991458 0.34114853691591401 0.33124999701976782 0.19508935159839871 0.04152303166915889 -0.23889326087529669 14.020061855203211 0.14955057317573264 17.677184082811767 26.227900505065922 2458.0000000000005 0.75330285459826907 -0.1237144976746364 605.50000000000011 0.030208171260740092 0.018245052533499645 -0.45836864410678041 14.704914424634731 0.016802427303397319 0.20812345832133664 -1.4962374125432329 0.00034996867179870611 0.77974998950958263 0.034582455412459946 -2.1090994393241345 0.50441364372902175 0.022730185754137558 84.24763546316062 34.144197551430914
decision_type=2 2 2 2 2 2 2 2 2 2 2 2 2 2 2 2 2 2 2 2 2 2 2 2 2 2 2 2 2 2
left_child=1 2 3 7 5 -3 -4 8 -1 22 -11 12 13 14 -5 16 17 -15 19 20 -19 -17 25 24 -24 -2 27 28 -27 -29
right_child=9 4 6 11 -6 -7 -8 -9 -10 10 -12 -13 -14 15 -16 21 -18 18 -20 -21 -22 -23 23 -25 -26 26 -28 29 -30 -31
leaf_value=0.00039109146030088751 0.00037216092643422411 -0.00045820543330649392 1.6932644001799726e-05 -0.00062148691995727906 0.005202698071010997 0.0010537632306189505 -0.0023226132917790912 -0.0011141170057517506 -0.0012041507417398757 -0.00074741000003273781 0.012469016477676178 -0.0015264252210200569 -0.00060517123005879336 0.0049158100179942212 0.0079505039857883496 -4.713737259346096e-05 -0.0010627568939165376 -0.0007303543955672388 0.0049394489396041115 -0.0014006779126965881 0.0081455178877450265 0.010130489592556455 0.00027336197925971695 -0.00084546741167096384 -0.00066898559303605091 0.012041771887514346 0.0068690237790368144 -0.00030690008394263451 -0.00063452270125010431 -0.0026303631690449652
leaf_weight=126 243 164 97 80 120 61 183 148 80 60 67 94 158 90 144 82 191 116 61 83 72 81 241 1263 169 60 65 1237 69 89
leaf_count=126 243 164 97 80 120 61 183 148 80 60 67 94 158 90 144 82 191 116 61 83 72 81 241 1263 169 60 65 1237 69 89
internal_value=-0.00307812 -0.00114267 -0.0023321 -0.00112973 0.0053 0.000456522 -0.00908772 -0.0070195 -0.00199052 -0.00428672 0.00503788 0.000556881 0.00144454 0.00278607 0.00917031 0.000896287 -0.00118932 0.00229508 -0.000830861 -0.00393116 0.000725389 0.00854167 -0.00463819 -0.00648689 -0.000337349 -0.00287048 -0.00394754 -0.00457877 0.00496269 -0.00552216
internal_weight=5794 2231 1886 1606 345 225 280 354 206 3563 127 1252 1158 1000 224 776 613 422 332 271 188 163 3436 1673 410 1763 1520 1455 129 1326
internal_count=5794 2231 1886 1606 345 225 280 354 206 3563 127 1252 1158 1000 224 776 613 422 332 271 188 163 3436 1673 410 1763 1520 1455 129 1326
is_linear=0
shrinkage=0.035


Tree=119
num_leaves=31
num_cat=0
split_feature=159 33 214 27 94 65 272 209 93 260 231 273 202 39 9 60 134 79 48 63 99 160 195 90 102 65 13 256 215 148
split_gain=13.8806 10.3091 10.2772 9.13398 9.11838 13.7055 10.7304 10.3315 15.687 14.8437 11.4879 9.92974 12.7894 12.4092 13.0737 12.0878 10.9187 10.6672 11.7515 9.73809 14.4458 10.8804 10.6392 11.204 10.1481 9.78283 15.1227 19.5663 15.2699 19.7723
threshold=9.4862380876568633 0.57105001807212841 0.099550008773803725 767.50000000000011 513.50000000000011 0.3449500054121018 0.029700025916099552 8.4704159504441439 362.50000000000006 0.18021213059070754 2.2932994716062809 0.19117694684271894 0.74999999997265643 257.50000000000006 -14.596503671161994 1625.5000000000002 0.012055482204254363 0.024948158498811879 38.115299224853523 5427.5000000000009 0.4678999930620194 -0.0049000028520822516 0.0081856831276329346 0.0087527687367811319 -2.4723985997601816 0.32215000689029699 36.343719045309768 32.035830775877294 -0.037600006908178323 368.50000000000006
decision_type=2 2 2 2 2 2 2 2 2 2 2 2 2 2 2 2 2 2 2 2 2 2 2 2 2 2 2 2 2 2
left_child=-1 2 4 -3 6 -6 11 -8 -9 -10 -11 19 13 14 -13 17 -14 -16 -19 -2 21 -21 -23 24 -24 -25 27 -27 -28 -30
right_child=1 3 -4 -5 5 -7 7 8 9 10 -12 12 16 -15 15 -17 -18 18 -20 20 -22 22 23 25 -26 26 28 -29 29 -31
leaf_value=0.00033601972937089138 -0.00098110659949251057 -0.003906666264254211 0.0068663500737401956 -6.0217744244652211e-05 -0.00018276623234327939 -0.0024886554134318961 -0.0013736507897108086 0.011800130522702065 -0.0017201357338349633 -0.00024001590235938456 1.2858833321377495e-05 0.0022533382930851162 0.0044165488750727852 0.00021539646556447304 -0.0012297894449483221 -0.0012615770344132917 -0.00015246270132688089 0.0010816151503714002 -0.00052241380298609591 -0.0016403622933014511 0.0066554912988974011 -0.0011425722782270854 0.0053918094414278214 -0.00081643009054700689 -0.00073065829430302371 6.8224444940321325e-05 3.3916159240076812e-05 0.0071421860100356633 -0.0016013163548408711 -0.00012713431669723719
leaf_weight=60 94 115 60 61 97 100 187 69 192 91 371 104 86 92 258 261 210 125 89 104 116 114 137 475 60 602 746 158 239 321
leaf_count=60 94 115 60 61 97 100 187 69 192 91 371 104 86 92 258 261 210 125 89 104 116 114 137 475 60 602 746 158 239 321
internal_value=-0.00318676 -0.00336644 -0.00309545 -0.0116022 -0.00325641 -0.0105693 -0.00297493 -0.00642623 -0.00447115 -0.00616085 -0.00269807 -0.00225318 -0.00492276 -0.00693255 -0.00827197 -0.00991192 0.00139535 -0.00645702 -0.000639269 -0.00121413 -0.000864478 -0.00134752 -0.000931047 -0.000484871 0.0074505 -0.00111351 -6.76002e-05 0.00384314 -0.00234935 -0.00669027
internal_weight=5794 5734 5558 176 5498 197 5301 910 723 654 462 4391 1225 929 837 733 296 472 214 3166 3072 2956 2852 2738 197 2541 2066 760 1306 560
internal_count=5794 5734 5558 176 5498 197 5301 910 723 654 462 4391 1225 929 837 733 296 472 214 3166 3072 2956 2852 2738 197 2541 2066 760 1306 560
is_linear=0
shrinkage=0.035


Tree=120
num_leaves=31
num_cat=0
split_feature=159 60 257 28 173 169 54 61 172 263 271 13 262 59 61 270 32 260 210 208 251 58 158 169 257 76 9 70 27 267
split_gain=13.5336 9.48803 16.5312 14.1543 11.3043 10.7646 13.7009 13.807 13.272 12.9795 12.9093 12.8505 13.3631 11.3153 15.2659 15.6864 11.275 12.8129 13.887 11.2216 12.6392 12.3504 12.1121 12.2269 11.1531 10.6649 10.0785 15.9642 10.0653 13.1966
threshold=9.4862380876568633 2525.5000000000005 12.018094638673583 38.500000000000007 -0.76897507655640684 13.262146980406708 0.253250002861023 42.500000000000007 0.25329004328878785 1.0000000180025095e-35 11.051319083632462 33.068297210749336 0.1790864070494447 34.264949798583991 70.500000000000014 99.832912156838262 0.13945000618696216 -0.033869432282746866 0.36662091417243775 -0.037550002336502068 0.0056981889656748672 -11.935847191698967 -0.020800005644559857 13.686792130982134 2.871659839104995 0.34524999558925634 33.061960805232381 45.747749328613288 1046.5000000000002 -3.3790217085583047
decision_type=2 2 2 2 2 2 2 2 2 2 2 2 2 2 2 2 2 2 2 2 2 2 2 2 2 2 2 2 2 2
left_child=-1 3 4 26 -3 6 7 8 -5 19 16 -12 -13 14 -9 -16 -11 -18 -19 20 -7 24 -23 -24 -21 -4 27 -2 -6 -30
right_child=1 2 25 5 28 9 -8 13 -10 10 11 12 -14 -15 15 -17 17 18 -20 21 -22 22 23 -25 -26 -27 -28 -29 29 -31
leaf_value=0.00032425903884290928 -0.0006480823973049188 0.00072460367658239936 0.0047785217152592771 0.00020992664560319453 -0.0020639648385893869 -0.0022936219318573665 -0.00036859843705638445 0.0051531894514745425 -0.00069452168849822255 -0.0013991180587328306 0.0035570885791515743 -0.0016062843325064769 0.00020165163794186287 0.0021157824372338009 0.00013281071518366774 -0.0048138336689897282 -0.0014794003454539069 -7.1515338882804097e-05 -0.002366423603413167 0.0085953222492366459 8.007264199133668e-05 -0.0013053881096273029 -0.00065560478434577665 0.00010139363544314718 0.0001134386628088674 -0.0013255730120709287 -0.0022319272372165137 0.0042871627549019966 0.00040114291522261899 -0.00096168049231702202
leaf_weight=60 149 97 66 195 152 73 781 120 136 219 96 64 100 406 118 84 99 431 99 76 74 170 298 673 185 63 262 77 88 283
leaf_count=60 149 97 66 195 152 73 781 120 136 219 96 64 100 406 118 84 99 431 99 76 74 170 298 673 185 63 262 77 88 283
internal_value=-0.00298155 -0.00315909 -0.00682361 -0.0026022 -0.009184 -0.00198245 7.58808e-05 0.00266447 -0.00322917 -0.00340533 -0.00628931 0.000528302 -0.00538462 0.00534789 0.000428135 -0.00541063 -0.00837046 -0.00590694 -0.00366355 -0.00132883 -0.0103618 -0.000348259 -0.00192408 -0.000394467 0.00644737 0.0044403 -0.00823529 -0.00272727 -0.0112027 -0.00791223
internal_weight=5794 5734 749 4985 620 4497 1840 1059 331 2657 1108 260 164 728 322 202 848 629 530 1549 147 1402 1141 971 261 129 488 226 523 371
internal_count=5794 5734 749 4985 620 4497 1840 1059 331 2657 1108 260 164 728 322 202 848 629 530 1549 147 1402 1141 971 261 129 488 226 523 371
is_linear=0
shrinkage=0.035


Tree=121
num_leaves=31
num_cat=0
split_feature=60 132 274 93 93 222 155 270 168 82 119 28 11 93 219 221 200 270 260 160 163 60 215 71 270 123 210 153 153 275
split_gain=9.2883 11.5587 13.2394 11.4272 15.2734 11.2848 11.135 14.2627 12.3988 10.8467 11.36 10.5281 12.0043 11.5342 12.8924 10.418 10.2323 11.5084 11.9738 15.9683 10.6405 14.4001 13.6571 14.7408 11.7178 11.7696 12.2774 14.9763 13.7893 13.5311
threshold=2525.5000000000005 0.15894999355077746 -0.24705708255351513 5203.0000000000009 4551.0000000000009 25.441639330196306 0.023422607430023747 120.84608097262756 -0.011349998414516447 1228.5000000000002 20.683663602093507 35.500000000000007 40.769177510993991 32.500000000000007 -196.45669745791142 66.184198457885785 -0.066900007426738725 56.988402989278981 0.39884044267321395 0.03315000236034394 0.78558545648404421 297.50000000000006 -0.054999999701976769 803.50000000000011 148.26001012225393 0.02749174011666106 0.032834448425604561 -0.29935516330324269 -0.18819509674275467 1.8399729355128571
decision_type=2 2 2 2 2 2 2 2 2 2 2 2 2 2 2 2 2 2 2 2 2 2 2 2 2 2 2 2 2 2
left_child=3 -2 9 4 6 -4 7 8 -1 -3 -11 12 -8 -13 -15 -10 17 -16 19 -19 21 -18 23 -23 25 26 27 -24 -29 -30
right_child=1 2 5 -5 -6 -7 11 -9 15 10 -12 13 -14 14 16 -17 20 18 -20 -21 -22 22 24 -25 -26 -27 -28 28 29 -31
leaf_value=-0.00050293024323617768 0.0067608570179537569 -0.0014589699865634076 -0.0013298663342517661 -0.00042428050260376164 0.0094058037116598915 -0.00010441842450514217 0.0013434767670621069 -0.001818148170625738 0.0081521759651287818 -0.00098076093204508695 0.013517295890988981 0.0035597795739521171 -0.0014602253478291384 -0.0027788061920519746 -0.00030859678325813452 0.00027395020918190353 0.0021929432565861084 0.0058454970608390533 0.0067675371353893123 -0.00094266683648577788 -0.00047608643982069963 -0.0031165390749553139 -0.0010402704880893897 -0.00030191750482245263 0.0080593304616165158 0.0011100058458074042 -0.00042494871341581202 0.0095391301050901482 -0.00011890281740623677 0.0057704190021069654
leaf_weight=81 60 81 348 161 78 87 62 69 96 90 83 99 315 106 89 79 106 111 162 105 446 112 146 315 60 137 1537 64 411 98
leaf_count=81 60 81 348 161 78 87 62 69 96 90 83 99 315 106 89 79 106 111 162 105 446 112 146 315 60 137 1537 64 411 98
internal_value=-0.00310226 -0.00673077 -0.00801873 -0.00255743 -0.0022479 -0.0116932 -0.0025026 0.00371212 0.00750958 -0.00162162 0.0033427 -0.00295698 -0.00852094 -0.00243612 -0.00273192 0.0126389 -0.0023937 0.00244703 0.00511749 -0.000316742 -0.00305499 -0.00229355 -0.00276603 -0.00850694 -0.00175142 -0.00214554 -0.00275542 0.00101519 0.00357266 0.00156615
internal_weight=5794 749 689 5045 4884 435 4806 325 256 254 173 4481 377 4104 4005 175 3899 467 378 216 3432 2986 2880 427 2453 2393 2256 719 573 509
internal_count=5794 749 689 5045 4884 435 4806 325 256 254 173 4481 377 4104 4005 175 3899 467 378 216 3432 2986 2880 427 2453 2393 2256 719 573 509
is_linear=0
shrinkage=0.035


Tree=122
num_leaves=31
num_cat=0
split_feature=159 260 98 213 154 162 184 24 12 47 175 60 265 212 276 50 222 4 94 153 60 182 131 11 146 15 206 67 232 261
split_gain=13.2246 9.43588 10.0788 15.3782 11.6572 11.4155 9.83346 20.4335 13.5495 12.2592 10.9624 10.9435 10.9166 14.4653 11.0674 12.7327 10.5761 19.4331 18.0503 19.8856 14.6314 18.5524 13.2522 13.6285 14.715 12.7773 12.3875 12.2105 11.7603 10.0755
threshold=9.8607556649644419 0.940841911103944 0.46445000171661383 9.9178094652989106 -0.10743802221226566 0.26953438174364774 -0.016949141974593473 0.020001981120810683 15.695733596536744 -4.7081553493453052 0.026725699827069887 1954.5000000000002 -0.65687688270255051 6.9445691359776811 -0.6038428151344809 97.500000000000014 18.140008064775227 -18.543565772619239 173.50000000000003 -0.056996086105597379 1174.0000000000002 -0.039139093137043592 0.79925000667572033 80.295839725110525 -0.90389615303534909 1.8871632706418675 -0.021264992749237873 11.041230703402872 2.2977839134180615 487.76499938964849
decision_type=2 2 2 2 2 2 2 2 2 2 2 2 2 2 2 2 2 2 2 2 2 2 2 2 2 2 2 2 2 2
left_child=-1 2 3 4 -2 -5 8 29 9 16 11 12 14 -14 -9 -16 20 26 -19 -20 22 27 25 24 -24 -4 -18 -22 -23 -8
right_child=1 -3 6 5 -6 -7 7 10 -10 -11 -12 -13 13 -15 15 -17 17 18 19 -21 21 28 23 -25 -26 -27 -28 -29 -30 -31
leaf_value=0.00034333633489918918 0.0040900903716332504 -0.0010938464421609733 -0.0010215642571025855 -0.00055898814466820662 -0.00038805484322002319 0.00010611291826803483 -0.00041217007696540438 0.0040248983532353722 -0.0015095833519262864 0.0045752260393747768 -0.00015119413720075055 -0.0010210652997471616 -0.0017135502293656184 -0.00055613947522903894 0.00037674422378856378 -0.0013197574732963864 0.00012388789282633041 0.0077845442091045948 0.0094269568661562025 -0.0015434439290490441 -0.0006955314669680069 9.8401503143786273e-05 0.0049054847758345649 -0.00010144832987421388 -3.1859066186018805e-05 0.00021431158959225928 -0.0014186722165492843 0.0069010140220609282 -0.0013395818140083961 0.0067070783077452798
leaf_weight=84 159 115 264 122 115 81 78 65 179 64 810 334 504 403 159 165 112 222 62 92 117 83 185 244 110 165 98 60 469 74
leaf_count=84 159 115 264 122 115 81 78 65 179 64 810 334 504 403 159 165 112 222 62 92 117 83 185 244 110 165 98 60 469 74
internal_value=-0.00318676 -0.00339283 -0.00318125 0.00167012 0.00702509 -0.00555288 -0.00363459 -0.00514825 -0.00207428 -0.00135417 -0.00592638 -0.00757798 -0.00607994 -0.00817434 -0.00115482 -0.00382979 -0.00178977 0.00225042 0.00698163 -0.00220126 -0.00318743 -0.00691417 -0.000359712 0.00328125 0.00828333 -0.00491935 -0.00618605 0.00288462 -0.0100539 0.00713376
internal_weight=5794 5710 5595 477 274 203 5118 2592 2526 2347 2440 1630 1296 907 389 324 2283 586 376 154 1697 729 968 539 295 429 210 177 552 152
internal_count=5794 5710 5595 477 274 203 5118 2592 2526 2347 2440 1630 1296 907 389 324 2283 586 376 154 1697 729 968 539 295 429 210 177 552 152
is_linear=0
shrinkage=0.035


Tree=123
num_leaves=31
num_cat=0
split_feature=159 30 28 10 25 16 268 13 137 8 70 6 143 261 160 22 44 215 2 19 118 247 270 161 71 71 129 225 13 257
split_gain=11.7805 10.438 10.3414 10.0104 12.6009 12.5907 10.622 9.97597 9.6655 13.5567 13.7789 11.5316 17.958 12.4712 21.5303 16.5667 23.6878 19.4151 18.8008 16.8686 20.1232 22.3061 23.4468 15.5584 15.4378 14.2961 16.7176 14.233 14.4429 17.196
threshold=9.8607556649644419 6362.5000000000009 38.500000000000007 37.49987848864766 -10.316907014654147 7.3136863056877397 2.8744530111868287 79.77456430514215 13.500000000000002 -183.9468967115869 46.689849853515632 -100.33642607888514 0.26254999637603765 470.46000671386724 0.006049998104572297 0.25309999287128454 0.31069999933242803 -0.053699992597103112 5694.1499023437509 5827.5000000000009 5962.5000000000009 599.28500366210949 72.237629591296255 0.41097499430179601 627.50000000000011 4131.0000000000009 6152.5000000000009 0.31694366152959869 36.343719045309768 10.626890045963952
decision_type=2 2 2 2 2 2 2 2 2 2 2 2 2 2 2 2 2 2 2 2 2 2 2 2 2 2 2 2 2 2
left_child=-1 2 3 4 -2 6 7 -5 -4 10 -10 12 -11 23 -15 18 -17 -18 -16 -20 27 22 -22 -13 -19 -23 -27 28 -21 -30
right_child=1 -3 8 5 -6 -7 -8 -9 9 11 -12 13 -14 14 15 16 17 24 19 20 21 25 -24 -25 -26 26 -28 -29 29 -31
leaf_value=0.00033131956317771844 -0.00079819011197858759 -0.00065542194981577735 0.0034709420378623837 -7.7711191047382343e-05 0.0020228353294850475 5.2086252210220565e-05 -0.0037854781632000109 -0.0025815255258671076 -0.0026167694869758955 -0.00074938946839229147 0.003389526874538959 0.021918262246977682 0.0094214393771475911 -0.002168732755072054 0.0090013921644344682 -0.0017467190013226259 -0.0011788565954405426 -0.0012571816108230261 -0.0018906262716086165 0.0063536642014537514 -0.0003970404849692183 -2.1319346250772144e-05 -0.0017414176627408779 -0.00040803657620370608 0.0084610091062816833 -0.00075857523206418205 7.66205649142815e-05 -0.001459562327616399 -3.4198104133008057e-05 0.0059135266249389735
leaf_weight=84 84 120 93 110 90 91 86 85 288 63 60 77 124 137 87 517 154 63 133 90 258 1884 136 72 87 180 82 79 304 76
leaf_count=84 84 120 93 110 90 91 86 85 288 63 60 77 124 137 87 517 154 63 133 90 258 1884 136 72 87 180 82 79 304 76
internal_value=-0.00322297 -0.00341732 -0.00319035 -0.00774955 -0.000782123 -0.0109549 -0.0145629 -0.009625 -0.00268964 -0.00290254 -0.00951841 -0.00239258 0.00601563 -0.00275503 -0.0031051 -0.00264087 -0.00707627 0.000679612 -0.00153138 -0.00197397 -0.00143665 -0.00275049 -0.0103509 0.00704545 0.00948387 -0.00133426 -0.00891386 0.00461191 0.00692632 0.00381818
internal_weight=5794 5710 5590 546 174 372 281 195 5044 4951 348 4603 187 4416 4267 4130 821 304 3309 3222 3089 2540 394 149 150 2146 262 549 470 380
internal_count=5794 5710 5590 546 174 372 281 195 5044 4951 348 4603 187 4416 4267 4130 821 304 3309 3222 3089 2540 394 149 150 2146 262 549 470 380
is_linear=0
shrinkage=0.035


Tree=124
num_leaves=31
num_cat=0
split_feature=104 30 257 257 60 60 101 163 195 152 137 183 173 255 267 153 254 8 202 155 101 153 164 49 115 134 115 270 64 158
split_gain=10.5316 10.8714 9.51279 9.8142 18.9369 23.1802 18.9717 13.2124 15.4438 14.6647 15.1801 14.2277 15.8636 12.8938 12.6496 12.2968 16.4655 14.2436 12.0503 12.7733 14.6099 12.0437 11.9288 16.7244 14.6409 21.5801 17.0166 11.265 12.4145 11.0995
threshold=4812.0000000000009 6362.5000000000009 18.588475063729458 11.2540598271995 948.00000000000011 264.00000000000006 0.012919942562821441 -0.22854333177356748 0.016760918379019382 0.30170274170139516 808.00000000000011 -0.24367064800932386 -0.013706624314383398 0.35063032391757615 0.34587734426161459 -0.34796135964953651 -17.723013031873396 -64.926410249498858 0.46385017420623115 0.038518255769332536 0.015037615730038057 -0.18146010676663887 -0.054263570185938401 3185.5000000000005 1625.5000000000002 0.018273178840362028 1155.0000000000002 36.376866026999643 11.874055060768775 -1.0000000180025095e-35
decision_type=2 2 2 2 2 2 2 2 2 2 2 2 2 2 2 2 2 2 2 2 2 2 2 2 2 2 2 2 2 2
left_child=1 2 3 7 5 -5 -7 8 9 10 -1 12 13 14 -9 17 -17 -13 19 20 29 -18 27 24 25 26 -24 28 -23 -6
right_child=-2 -3 -4 4 18 6 -8 11 -10 -11 -12 15 -14 -15 -16 16 21 -19 -20 -21 -22 22 23 -25 -26 -27 -28 -29 -30 -31
leaf_value=-0.0003236598693519161 -0.0010189110742035033 -0.00063248218157222348 -0.0025439643762261454 0.003431359812338036 -0.00046169620780980527 2.8688097523071335e-05 -0.0025727034290732027 0.0060787867015763431 -0.0029205959329179714 -0.001440058398203311 0.0020395576861793191 -5.4489356214748602e-05 0.010008130920056611 -0.0038903103438303059 -0.0028959989290049623 -0.0025999041821648432 0.0043255338053286461 -0.0019438201075578322 0.011321775412425452 0.0067468324728735948 -0.0026130411677233768 0.013067897455567726 0.0051863805785577945 -0.00031811207002288539 0.0023217437730725121 -0.001267117900769185 -0.00056898557415593941 -0.00028324108866101261 -0.00010172940619314759 0.0067725089335969359
leaf_weight=547 162 120 82 96 74 163 221 112 159 248 69 86 123 89 65 164 147 111 117 163 92 72 213 278 204 124 90 1423 114 66
leaf_count=547 162 120 82 96 74 163 221 112 159 248 69 86 123 89 65 164 147 111 117 163 92 72 213 278 204 124 90 1423 114 66
internal_value=-0.00347646 -0.00321625 -0.00298169 -0.00279485 0.000351053 -0.00461856 -0.00845758 -0.00349764 -0.00697957 -0.0050748 -0.00214171 -0.00244591 0.0038198 -0.00103321 0.00442308 -0.00325635 -0.00265526 -0.0116089 0.00500967 0.0020125 -0.00324895 -0.0019794 -0.00255252 0.000650985 0.00379717 8.10185e-05 0.00511364 -0.00435874 0.00366492 0.00386207
internal_weight=5794 5632 5512 5430 992 480 384 4438 1023 864 616 3415 389 266 177 3026 2829 197 512 395 232 2665 2518 909 631 427 303 1609 186 140
internal_count=5794 5632 5512 5430 992 480 384 4438 1023 864 616 3415 389 266 177 3026 2829 197 512 395 232 2665 2518 909 631 427 303 1609 186 140
is_linear=0
shrinkage=0.035


Tree=125
num_leaves=31
num_cat=0
split_feature=60 222 137 274 213 213 82 82 270 153 148 160 183 222 260 85 27 82 27 38 113 49 13 224 189 23 270 12 224 150
split_gain=9.58611 14.2504 18.0435 17.0199 16.8871 13.5714 11.4802 14.3385 18.4349 13.4586 18.577 12.7082 14.1866 14.231 15.384 15.7873 14.8891 13.8763 13.6265 15.7488 12.8239 12.6247 17.1456 15.5661 15.2289 16.5388 18.6357 17.7111 12.7196 13.3771
threshold=2198.5000000000005 20.480637209136273 534.50000000000011 -0.29360712065892741 10.183370539436039 10.081445435454103 1273.5000000000002 1659.5000000000002 110.19496042866344 0.044870283185759287 23.500000000000004 0.016750007867813114 -0.25439674276201607 21.199154712836677 0.46040047229182041 5947.5000000000009 3481.5000000000005 693.50000000000011 928.50000000000011 348.50000000000006 -1.7312137593217818 1063.5000000000002 77.353253970824895 0.99999999998182398 13.097484446440575 3.9683003204136549 129.72578167947356 10.828038487642051 0.38438504161281478 0.051849998533725745
decision_type=2 2 2 2 2 2 2 2 2 2 2 2 2 2 2 2 2 2 2 2 2 2 2 2 2 2 2 2 2 2
left_child=6 3 5 4 -2 -3 9 -8 -9 21 -11 -12 -13 16 17 -16 18 -15 -14 -20 -18 24 23 28 25 -1 27 -27 -23 -30
right_child=1 2 -4 -5 -6 -7 7 8 -10 10 11 12 13 14 15 -17 20 -19 19 -21 -22 22 -24 -25 -26 26 -28 -29 29 -31
leaf_value=0.0063880509108854731 -0.00065970207529805996 0.0012886907120427586 0.015136812346316249 -0.00093847539950729392 0.012184333946653246 -0.0012276201226723616 -0.0011383361687589517 -3.6992643417284039e-05 -0.0022516418922943595 -0.0015068807532983293 -0.00054044385578195468 0.0058419282737355964 0.0006482437222547977 -0.0037171500268429361 0.0075712257934333494 -0.0018231810430157254 0.0073846538374931327 -0.0001368501204082312 -0.0013111032752886815 -9.1726808378679312e-05 -3.292517677025986e-06 -4.7900881013712707e-05 0.0093978609959395835 -0.0019393715247643507 -0.0016797788013740698 -0.0032517855777609091 0.0039082216291423987 0.0031088198770283433 0.0090180223968754306 6.533379958420239e-05
leaf_weight=88 149 108 75 526 63 60 475 729 177 158 361 116 181 150 78 61 165 115 183 731 102 187 86 83 144 138 79 63 90 73
leaf_count=88 149 108 75 526 63 60 475 729 177 158 361 116 181 150 78 61 165 115 183 731 102 187 86 83 144 138 79 63 90 73
internal_value=-0.00348853 -0.00663793 0.000705645 -0.00904441 -0.000645161 -0.00566474 -0.00284039 -0.0055303 -0.00291987 -0.00175153 -0.00318579 -0.00235098 -0.00118707 -0.00197628 -0.00770171 0.00170139 -0.000256035 -0.0125741 -0.00206818 -0.00380849 0.00707721 0.00158784 0.00541031 0.00247717 -0.00230174 0.00150134 -0.00270175 -0.00832524 0.00571831 0.0127083
internal_weight=5794 981 243 738 212 168 4813 1381 906 3432 2401 2243 1882 1766 404 139 1362 265 1095 914 267 1031 519 433 512 368 280 201 350 163
internal_count=5794 981 243 738 212 168 4813 1381 906 3432 2401 2243 1882 1766 404 139 1362 265 1095 914 267 1031 519 433 512 368 280 201 350 163
is_linear=0
shrinkage=0.035


Tree=126
num_leaves=31
num_cat=0
split_feature=104 265 33 46 165 123 273 214 159 212 43 7 104 82 142 222 28 104 5 79 5 252 13 160 104 2 175 189 182 271
split_gain=9.96385 9.55084 9.24844 11.3427 8.3449 9.00625 8.33286 8.03521 12.8348 11.1007 18.9257 11.6466 10.3622 9.71466 12.395 10.7923 9.23103 13.439 11.599 11.889 9.4197 9.15499 13.019 11.275 8.83869 8.939 8.54688 11.3273 10.3364 9.70182
threshold=4812.0000000000009 -3.2436237842442535 0.57105001807212841 0.020725925050788165 0.03679907986713557 0.0097680150038328539 0.20435620653029576 0.016599990427494053 11.041113202751911 6.1191973084961502 0.25994999706745153 11.011222615661177 2463.5000000000005 2593.0000000000005 0.81784999370574962 36.503392186755065 238.50000000000003 200.50000000000003 -12.620567654317938 0.036923419992454395 -55.342685860136413 7.4138623802588741 39.481881689503787 0.025800012052059177 1473.5000000000002 5979.1198730468759 0.038806147659333677 13.399369135043701 0.36867523157756721 12.821758363790709
decision_type=2 2 2 2 2 2 2 2 2 2 2 2 2 2 2 2 2 2 2 2 2 2 2 2 2 2 2 2 2 2
left_child=1 4 7 -4 5 -1 -7 12 -9 10 -10 13 16 15 24 26 17 -3 20 21 -19 22 23 -20 25 -15 29 -28 -29 -11
right_child=-2 2 3 -5 -6 6 -8 8 9 11 -12 -13 -14 14 -16 -17 -18 18 19 -21 -22 -23 -24 -25 -26 -27 27 28 -30 -31
leaf_value=-0.00023209227471830923 -0.00096020091589805654 0.00010560822919849418 7.0891622018240405e-06 -0.004663614469455582 -0.00089790226072927141 0.0072618805326927754 -0.00045431227289309875 0.0025656979862542437 -0.0023365780309437313 -0.00021351596089385112 0.0036089322786283309 -0.0014950246378538235 0.005444189130285125 0.0019775888052930993 0.0007531516282229953 0.0029171420180525232 -0.0016200633321799647 -0.0011323153315503346 -0.0013277550807091042 0.00010237500229775377 0.00048062760625325725 -0.00014501759055505703 -0.0017904413761529524 0.0041427005956983318 -0.004201292641271134 -0.001135550399902491 0.0049677474361327521 -0.00039351744275515287 0.0017944652729107744 0.00025358563742674704
leaf_weight=105 162 144 62 94 90 187 60 90 175 2228 62 104 65 64 70 88 183 73 110 107 112 124 208 83 124 97 107 144 62 410
leaf_count=105 162 144 62 94 90 187 60 90 175 2228 62 104 65 64 70 88 183 73 110 107 112 124 208 83 124 97 107 144 62 410
internal_value=-0.0032954 -0.0030424 -0.00346295 -0.0117391 0.00187919 0.00431373 0.00791667 -0.00319508 -0.00240339 -0.00272326 -0.00997934 -0.0022181 -0.00567957 -0.00185349 -0.00729167 -0.00120729 -0.00645779 -0.00503623 -0.00677007 -0.00901099 0.000921053 -0.0111604 -0.0137069 -0.00689394 -0.0105 -0.0048494 -0.00157476 0.0038522 -0.000995261 -0.00222474
internal_weight=5794 5632 5190 156 442 352 247 5034 3825 3735 237 3498 1209 3394 355 3039 1144 961 817 632 185 525 401 193 285 161 2951 313 206 2638
internal_count=5794 5632 5190 156 442 352 247 5034 3825 3735 237 3498 1209 3394 355 3039 1144 961 817 632 185 525 401 193 285 161 2951 313 206 2638
is_linear=0
shrinkage=0.035


Tree=127
num_leaves=31
num_cat=0
split_feature=104 155 270 212 16 38 269 120 165 230 146 126 205 113 212 15 273 86 220 258 68 275 184 186 190 142 180 83 162 39
split_gain=9.55272 9.15315 14.3611 10.8361 11.61 10.7556 10.703 15.0686 10.6871 12.3215 12.0065 11.1588 11.0751 13.3532 10.7629 13.2038 16.1754 10.6046 10.1405 17.321 10.0905 10.0613 11.9787 10.0138 9.89066 11.3937 10.4552 9.77238 13.1767 11.1384
threshold=4812.0000000000009 0.022311961709886089 114.79114828323519 6.1191973084961502 7.8284745212686699 1117.0000000000002 -0.29331137196719753 0.65064999461174022 0.025733948148439607 -1.476984312691054 -0.82932637298816692 158.00000000000003 0.023809516347846806 -3.0706119308969737 6.5475022567614491 -1.534209243373996 0.19900699847924505 4.1754274952332535 33.495423378793724 0.024399988353252414 0.017621470692203187 -0.019844257994061639 -0.049487459357362769 -0.11462947389297982 -0.014299996197223662 0.80414998531341564 -0.011200003325939177 365.50000000000006 -0.15585423226414946 129.50000000000003
decision_type=2 2 2 2 2 2 2 2 2 2 2 2 2 2 2 2 2 2 2 2 2 2 2 2 2 2 2 2 2 2
left_child=1 2 5 4 6 -1 7 -3 9 10 21 -11 13 -13 15 -10 -17 20 -12 -20 23 22 -5 -16 26 -26 -15 29 -29 -22
right_child=-2 3 -4 8 -6 -7 -8 -9 14 11 18 12 -14 24 17 16 -18 -19 19 -21 27 -23 -24 -25 25 -27 -28 28 -30 -31
leaf_value=-0.00013799706090946635 -0.00092659388384162366 0.0016683543390673104 -0.0012468694890680127 0.0075114533665918259 0.00053245210591329223 0.0041404336894923146 -0.0018866609183446294 -0.00079980154175896803 -0.0015910251415693023 -0.0014905955566558722 0.0020996627993021262 0.0080566379591736192 -0.0017627074031246169 0.00086001689246923297 -0.00052675123743795786 0.001951449743375081 -0.00036471453996768545 -0.0014936708779580037 -0.0028595951344787336 0.00020011214962486259 -0.00011818072171537631 0.0071717616258797695 -0.00012855389533866226 -0.0019867333779112657 -0.00035236033317666884 0.0017389364301710738 -0.0011185763274193274 -0.0012351314976184638 0.00048414412216360399 -0.00070432795840401341
leaf_weight=94 162 67 69 63 110 110 209 97 121 62 87 81 66 72 186 208 100 69 113 125 1421 125 124 229 151 129 170 64 198 912
leaf_count=94 162 67 69 63 110 110 209 97 121 62 87 81 66 72 186 208 100 69 113 125 1421 125 124 229 151 129 170 64 198 912
internal_value=-0.00305397 -0.00280646 0.00339928 -0.00312547 -0.00810451 0.00803828 -0.0110185 -0.00414201 -0.00262446 0 0.00354361 -0.00309103 -0.00171365 -0.000172697 -0.00364646 0.00153226 0.00536741 -0.00436933 -0.00116667 -0.00489712 -0.0040398 0.00839117 0.00309896 -0.00908333 -0.00225806 0.00221053 -0.00736842 -0.00321731 0.00314607 -0.00393713
internal_weight=5794 5632 273 5359 483 204 373 164 4876 1368 637 731 669 603 3508 429 308 3079 325 238 3010 312 187 415 522 280 242 2595 262 2333
internal_count=5794 5632 273 5359 483 204 373 164 4876 1368 637 731 669 603 3508 429 308 3079 325 238 3010 312 187 415 522 280 242 2595 262 2333
is_linear=0
shrinkage=0.035


Tree=128
num_leaves=31
num_cat=0
split_feature=159 28 227 9 70 265 218 213 115 77 13 140 214 247 19 69 5 232 82 82 270 244 13 160 19 126 193 254 173 201
split_gain=11.7768 8.26801 11.3048 15.2017 18.2448 8.96386 10.16 8.95288 14.5426 13.5305 21.6929 16.7198 22.4254 15.7358 18.9864 18.2754 13.9461 13.869 14.0421 13.3905 13.1945 15.5105 15.355 16.0316 15.1816 17.1393 14.7821 13.9833 17.2661 12.2052
threshold=9.4862380876568633 38.500000000000007 0.2320682878076408 33.061960805232381 45.747749328613288 0.83917138720690521 17.018446138723696 9.782082336123997 2760.5000000000005 0.35445000231266027 67.139080446066259 6012.5000000000009 0.035100005567073829 605.68499755859386 6107.5000000000009 -4.1839889555773357 -17.992781522410407 2.7239658030275842 1813.0000000000002 1107.0000000000002 39.987350473716212 0.016600001603364948 31.407430107808043 0.031300000846385963 6277.5000000000009 1112.0000000000002 0.38431938017308237 1.0000000180025095e-35 -0.10043225258158045 0.12249999679625036
decision_type=2 2 2 2 2 2 2 2 2 2 2 2 2 2 2 2 2 2 2 2 2 2 2 2 2 2 2 2 2 2
left_child=-1 2 3 4 -2 6 -5 8 20 10 11 12 19 15 -15 -13 -12 18 29 -9 21 -3 23 26 25 -24 -22 -27 -29 -16
right_child=1 7 -4 5 -6 -7 -8 9 -10 -11 16 13 -14 14 17 -17 -18 -19 -20 -21 22 -23 24 -25 -26 27 -28 28 -30 -31
leaf_value=0.00033847227580330102 -0.00028423801975662578 -0.0028646079010371871 -0.0014847784443348157 -0.0027668997751247749 0.0056632105710799421 6.0515009596206485e-05 -0.00068496160429715354 0.003014103006379892 0.0015971100216510621 0.0023894335982317561 -0.00014107579673696942 -0.001152778875290998 0.0088559033635265526 0.012732357174278969 0.00031465173203910711 9.4908704654519962e-05 -0.002627573537991955 -0.00040908091846885932 0.0089815932548089582 -0.0003724087626540743 0.012935906263333297 0.00011129459404346121 -0.00035079578155050529 -0.0020967198227089712 -0.0014770965820873833 0.0060877639650321422 0.00022965981434858288 -0.0015833959530605637 0.0039891058122708033 -0.00053080337768593618
leaf_weight=60 124 102 127 77 74 69 96 73 141 143 78 241 116 99 78 80 224 815 68 111 75 71 1671 60 81 295 121 185 98 141
leaf_count=60 124 102 127 77 74 69 96 73 141 143 78 241 116 99 78 80 224 815 68 111 75 71 1671 60 81 295 121 185 98 141
internal_value=-0.00299362 -0.00315909 -0.00715909 -0.00440449 0.00275862 -0.0102024 -0.0143539 -0.00271365 -0.00142169 -0.0043596 -0.00506341 -0.00360153 0.00390164 -0.00508841 -0.00322139 -0.0119172 -0.0136808 -0.00455285 0.00203767 -0.0037037 -0.00198806 -0.0112079 -0.00135083 0.00670498 -0.00224839 -0.00169255 0.0114925 0.00348199 -0.00206597 -0.00234375
internal_weight=5794 5734 567 440 198 242 173 5167 2900 2267 2124 1822 300 1522 1201 321 302 1102 287 184 2759 173 2586 256 2330 2249 196 578 283 219
internal_count=5794 5734 567 440 198 242 173 5167 2900 2267 2124 1822 300 1522 1201 321 302 1102 287 184 2759 173 2586 256 2330 2249 196 578 283 219
is_linear=0
shrinkage=0.035


Tree=129
num_leaves=31
num_cat=0
split_feature=60 258 254 148 126 148 123 249 27 48 266 152 229 26 79 135 42 13 13 148 160 202 232 199 71 136 63 63 211 109
split_gain=10.8146 14.2552 14.4964 11.9775 15.9974 11.8535 12.6193 13.3136 11.2885 15.3107 11.2314 9.58121 12.5414 13.487 10.8075 10.6977 10.5101 10.1277 15.3241 18.5352 15.6329 14.1681 13.0699 12.884 12.6826 16.2145 16.0904 12.2549 12.2198 10.1951
threshold=2860.5000000000005 0.014699988067150118 -13.367867905662022 2815.0000000000005 1129.0000000000002 1744.5000000000002 0.011709639897154832 -0.048554847620341228 6830.5000000000009 39.416999816894538 1.2497617736162427 -0.23504747810715787 6.8050207190573095 29.808050155639652 0.012307738406368183 -0.62384530063721755 43.903201384846163 49.203899137013288 43.458909298729658 729.00000000000011 0.0076500028371810922 -0.20459157787689861 15.708530895866547 9.3588893438137628 1396.0000000000002 31.549699783325199 6067.5000000000009 6052.5000000000009 0.16118867322106376 0.66075000166893016
decision_type=2 2 2 2 2 2 2 2 2 2 2 2 2 2 2 2 2 2 2 2 2 2 2 2 2 2 2 2 2 2
left_child=3 2 -2 5 -5 8 -7 -8 11 -10 -4 12 13 -1 16 17 -13 18 20 21 -16 -20 24 28 25 -22 -27 -24 -19 -26
right_child=1 -3 10 4 -6 6 7 -9 9 -11 -12 14 -14 -15 15 -17 -18 23 19 -21 22 -23 27 -25 29 26 -28 -29 -30 -31
leaf_value=-0.0013862471826823592 -0.0010589624824748672 -0.0010757814807603773 0.003811217972543086 0.0007899989924121262 -0.00210596178786284 0.0086843782782496347 0.0077964101131733589 -0.0012563881551358714 -0.0001505823125853151 -0.0044058907915091585 -0.00028806047596376675 -0.0025683343745129725 0.00017445690877926302 0.0001211282449565282 -0.001829966681566449 0.00040363096240515696 -0.0002443040816699966 -0.0028612937767787698 4.5141951920305019e-06 0.0049695617244742028 -0.00019152912137427648 -0.0014183521834102561 -0.0002495710290331804 0.00010828357677799717 -0.00022442853842184697 0.014876911877062729 7.8790572311759774e-05 -0.0033284161512798192 0.0017039414897420727 8.6934352844343375e-05
leaf_weight=419 72 347 104 75 161 94 72 119 63 60 67 104 183 154 82 65 174 89 60 64 105 175 99 1419 615 94 92 70 60 437
leaf_count=419 72 347 104 75 161 94 72 119 63 60 67 104 183 154 82 65 174 89 60 64 105 175 99 1419 615 94 92 70 60 437
internal_value=-0.00305397 -0.00752941 -0.000987903 -0.00253983 -0.010166 -0.00216771 0.0047069 -0.000535714 -0.00259066 -0.0128516 0.00457386 -0.00230011 -0.00588699 -0.00841696 -0.00158047 -0.00105069 -0.00816254 -0.00132285 -0.00304268 -0.0102467 -0.00166354 -0.0147292 -0.000830587 0.000756516 0.000337537 0.00673986 0.0128272 -0.00985632 -0.00886364 -0.00145695
internal_weight=5794 590 243 5204 236 4968 285 191 4683 123 171 4560 756 573 3804 3526 278 3461 1893 299 1594 235 1512 1568 1343 291 186 169 149 1052
internal_count=5794 590 243 5204 236 4968 285 191 4683 123 171 4560 756 573 3804 3526 278 3461 1893 299 1594 235 1512 1568 1343 291 186 169 149 1052
is_linear=0
shrinkage=0.035


Tree=130
num_leaves=31
num_cat=0
split_feature=52 30 129 270 5 270 75 270 114 92 27 79 13 256 93 104 77 27 27 104 268 150 115 11 93 75 268 261 266 67
split_gain=11.1368 16.0785 12.2799 13.3013 10.7847 10.4258 16.3608 11.7377 16.0596 15.3096 22.757 16.0973 13.9663 24.4073 22.105 16.9639 21.5064 16.2935 19.8887 16.326 15.6658 16.6676 16.3323 15.5743 14.9294 18.2361 15.0152 14.3035 14.299 15.7603
threshold=5127.5000000000009 5237.5000000000009 5432.5000000000009 111.26562084039183 3.6016853013972949 148.26001012225393 -26.083921656956385 111.60703100818749 46.160501480102546 43.461650848388679 611.50000000000011 0.017021568581619347 49.203899137013288 47.056332751387416 1838.0000000000002 850.50000000000011 0.3606999963521958 1442.5000000000002 928.50000000000011 629.50000000000011 4.1631597893154746 0.064199991524219527 300.50000000000006 104.50084438586795 515.00000000000011 -16.399724614162832 -0.35978037778772171 517.19500732421886 -3.9981601996191825 12.99055997372135
decision_type=2 2 2 2 2 2 2 2 2 2 2 2 2 2 2 2 2 2 2 2 2 2 2 2 2 2 2 2 2 2
left_child=-1 -2 3 -3 -5 7 -7 12 9 10 -9 -11 13 20 15 17 24 18 -14 -20 21 22 -4 -19 25 -17 -26 -22 -16 -30
right_child=1 2 5 4 -6 6 -8 8 -10 11 -12 -13 14 -15 28 16 -18 23 19 -21 27 -23 -24 -25 26 -27 -28 -29 29 -31
leaf_value=-0.0014039181765495401 0.0081293518789529746 -0.0040618719263308383 0.0082655007705184063 0.0051411668585938722 -0.0013741629467180431 0.010993419717165203 -0.00047400268674297895 6.6024855175309585e-05 -0.0020336692493601928 -0.0002508528919077269 -0.0039858676162054527 0.012045456981692394 0.00091490495917769042 -0.0017834086228372182 -0.00078361623558214635 -0.0015820789474026121 0.0049547559872882563 0.014129538531809357 -0.002023938271938698 0.0046235125700125586 -0.001631692202657744 -0.00082735019193265599 -4.8761111530190902e-05 0.00012806908881327352 -0.0013890899659034419 0.0096147168453721323 -0.00071547151141674811 -0.00027178876120441262 0.0082370949149673852 -9.0217682101423894e-05
leaf_weight=90 85 94 68 65 61 74 110 132 162 60 104 63 251 165 70 175 150 90 171 74 104 180 1504 237 139 61 220 814 150 71
leaf_count=90 85 94 68 65 61 74 110 132 162 60 104 63 251 165 70 175 150 90 171 74 104 180 1504 237 139 61 220 814 150 71
internal_value=-0.0028367 -0.00263619 -0.00286895 -0.0108889 -0.00320611 -0.00253238 0.00555556 -0.0028228 -0.00778517 -0.00355769 -0.00871369 0.00628906 -0.00226431 -0.0038081 9.38841e-05 -0.00155753 -0.00536667 0.00190217 -0.00209581 -0.0091 -0.00298318 -0.00103586 0.000133164 0.00790663 -0.00834167 -0.00145228 -0.0127885 -0.00667389 0.00886824 0.0131637
internal_weight=5794 5704 5619 220 126 5399 184 5215 521 359 236 123 4694 2835 1859 1568 745 823 496 245 2670 1752 1572 327 595 236 359 918 291 221
internal_count=5794 5704 5619 220 126 5399 184 5215 521 359 236 123 4694 2835 1859 1568 745 823 496 245 2670 1752 1572 327 595 236 359 918 291 221
is_linear=0
shrinkage=0.035


Tree=131
num_leaves=31
num_cat=0
split_feature=60 93 60 259 104 255 39 60 144 195 258 104 273 147 32 38 98 142 54 38 142 267 88 170 160 127 46 263 164 68
split_gain=10.8757 12.9302 11.9718 13.4081 11.5042 10.8667 13.5153 10.8459 20.2707 16.9751 13.5438 13.4281 11.0706 12.6048 15.0216 11.0261 10.8064 11.126 12.8642 13.2191 11.9334 14.4135 12.9185 10.7854 15.3931 10.5863 10.2881 9.98778 9.94021 9.8428
threshold=2552.5000000000005 2749.0000000000005 6102.0000000000009 -0.26296823636260319 4420.5000000000009 -0.11476116471897944 162.50000000000003 1032.0000000000002 50.098477044430815 0.011696421526925764 0.0097000040113925951 324.00000000000006 0.37199799398277339 26.729049682617191 0.13825000077486041 1020.5000000000001 0.5352500081062318 0.80924999713897716 0.24145000427961352 1878.0000000000002 0.78004997968673717 -2.489504693106714 0.2043000012636185 0.015000008046627046 0.018400009721517566 37.500000000000007 0.031331801605399799 0.054130551941367074 -0.066666663319186956 0.022599570116218076
decision_type=2 2 2 2 2 2 2 2 2 2 2 2 2 2 2 2 2 2 2 2 2 2 2 2 2 2 2 2 2 2
left_child=4 2 3 -2 5 6 7 8 12 -9 -11 -10 13 -1 -15 -12 17 20 19 23 21 -7 -23 24 -19 -8 -25 -4 -20 -5
right_child=1 -3 27 29 -6 16 25 9 11 10 15 -13 -14 14 -16 -17 -18 18 28 -21 -22 22 -24 26 -26 -27 -28 -29 -30 -31
leaf_value=0.0032796708289872275 0.00098696758848649982 0.00022236277688512886 -0.00038268555751734605 -0.002153074438935771 -0.00092675977270665212 0.0040386743153436036 -0.0012842985656225999 0.0051711890502144225 9.1026470051565615e-05 -0.00065579716053131346 -0.00044768270834490533 -0.0024506301926578399 -0.0012674189374053102 -0.0007960754622311437 0.00025408678144405399 0.0018069685044341834 -0.00075802790235554032 -0.00044290462077449251 3.1073191364244802e-05 -0.0015316384889557217 -0.00051172442961920867 -0.00045826668597548782 0.004454806959892193 5.1564059806261949e-05 0.0022308437025086556 -3.8082238229523726e-05 -0.0018972555708323116 0.0056665010760076386 0.0044612450206151606 -0.00072382805249485377
leaf_weight=140 65 75 89 249 132 61 211 186 137 88 85 192 62 87 327 225 321 65 331 67 1397 204 60 72 88 263 63 60 215 177
leaf_count=140 65 75 89 249 132 61 211 186 137 88 85 192 62 87 327 225 321 65 331 67 1397 204 60 72 88 263 63 60 215 177
internal_value=-0.00282462 -0.00685417 -0.00846512 -0.0110786 -0.00225118 -0.00197193 1.74303e-05 0.00161995 -0.0007 0.00534805 0.00121588 -0.0076497 0.00304348 0.00463327 0.00150358 0.00466667 -0.00332316 -0.0025704 0.00057947 -0.00456944 -0.0042154 0.00180303 -0.00182156 -0.00119454 0.00509494 -0.00511482 -0.00825 0.000227273 0.00393829 -0.0133179
internal_weight=5794 715 640 491 5079 4947 2003 1529 945 584 398 329 616 554 414 310 2944 2623 901 355 1722 325 264 288 153 474 135 149 546 426
internal_count=5794 715 640 491 5079 4947 2003 1529 945 584 398 329 616 554 414 310 2944 2623 901 355 1722 325 264 288 153 474 135 149 546 426
is_linear=0
shrinkage=0.035


Tree=132
num_leaves=31
num_cat=0
split_feature=52 30 247 93 160 41 11 213 82 115 11 192 71 71 166 203 180 274 164 49 187 31 112 76 227 111 17 6 150 92
split_gain=8.20338 16.5878 12.9559 10.7117 12.8461 10.7813 10.7104 9.8667 11.1909 12.9363 21.6264 17.3903 14.5938 25.3432 19.8667 16.4682 14.0077 14.0116 14.4966 13.3851 12.7523 12.6004 12.1465 12.0408 12.5262 11.8131 11.3667 12.821 21.0881 17.4336
threshold=5127.5000000000009 5237.5000000000009 539.35998535156261 30.000000000000004 0.006599999964237214 5632.5000000000009 82.0998122002499 8.8232061771726524 895.00000000000011 300.50000000000006 74.818619039284698 -0.11111111111022474 1451.5000000000002 988.50000000000011 -0.44095869100448087 0.95125445523729002 0.003299999982118607 0.29690060431091819 -0.077844308294191769 1102.0000000000002 -3.5759415960433986e-06 -37.543429526934453 0.010008385456119382 0.33534999191761022 0.082368428247492367 16.000742122126525 3.5772829235103392 -29.885815020973293 0.053249999880790717 42.484949111938484
decision_type=2 2 2 2 2 2 2 2 2 2 2 2 2 2 2 2 2 2 2 2 2 2 2 2 2 2 2 2 2 2
left_child=-1 -2 6 -4 5 -5 -3 -6 9 10 -9 19 13 14 -13 16 23 -18 -19 -11 -15 -17 -16 -14 -25 -21 27 29 -29 -10
right_child=1 2 3 4 7 -7 -8 8 26 11 -12 12 15 20 22 21 17 18 -20 25 -22 -23 -24 24 -26 -27 -28 28 -30 -31
leaf_value=-0.0013029398344804597 0.0076638329464321156 -0.00013721700231896395 0.0050436590436663533 -6.6881342908267643e-05 -0.0023761585989955781 -0.0012634767428704077 -0.00403716896556266 0.016291333619798336 -0.0020352758906536012 0.0006979155060247087 -0.0025218406447384853 0.010228846954267456 0.008584680897922305 -0.0018337976872246666 -0.002300886505186818 0.00042737141533948255 0.0023876824625197733 -0.00092852208276630779 0.00034954477034411307 0.0002701510012859221 -0.00029488721864906172 -0.00070028107824982933 0.00056255346309727703 -3.1856894175850281e-05 0.0033693637649465091 -0.0013199386554263554 -0.00059211139575061499 0.00060268742033771643 -0.00040518953302177643 -7.5094839624534066e-05
leaf_weight=90 85 63 118 137 68 288 74 62 248 152 66 72 111 167 70 93 155 125 86 77 126 122 146 144 109 439 992 522 211 576
leaf_count=90 85 63 118 137 68 288 74 62 248 152 66 72 111 167 70 93 155 125 86 77 126 122 146 144 109 439 992 522 211 576
internal_value=-0.0030419 -0.00286915 -0.00310544 -0.00283215 -0.00306389 -0.00887209 -0.0135563 -0.00255562 -0.00236157 -0.000601633 0.01 -0.00124147 0.000822992 -0.00352389 0.00382253 0.0035 0.006 0.00113208 -0.00469907 -0.00592868 -0.0106879 -0.00493182 -0.00158371 0.010813 0.00637597 -0.00859885 -0.00396045 -0.00208387 0.00128049 -0.00506634
internal_weight=5794 5704 5619 5482 5364 425 137 4939 4871 2322 128 2194 1526 581 288 945 730 366 211 668 293 215 216 364 253 516 2549 1557 733 824
internal_count=5794 5704 5619 5482 5364 425 137 4939 4871 2322 128 2194 1526 581 288 945 730 366 211 668 293 215 216 364 253 516 2549 1557 733 824
is_linear=0
shrinkage=0.035


Tree=133
num_leaves=31
num_cat=0
split_feature=104 134 143 102 134 225 81 265 60 60 60 227 250 248 264 228 39 146 258 150 251 271 203 175 98 182 76 46 203 25
split_gain=7.85943 9.22661 18.1983 17.1306 10.0041 11.5232 23.5582 11.8815 10.8869 14.2553 13.7694 12.9447 10.1688 16.2263 15.9334 14.5025 12.1753 14.9299 12.8559 11.1705 12.807 10.7283 12.52 13.7616 10.2599 10.0586 15.9417 10.6897 10.0419 9.76574
threshold=4812.0000000000009 0.0082987709496621844 0.27324999868869787 -3.0994100657111052 0.013422795165944482 0.13273399729193416 52.59434890747071 -2.5280908682623333 502.50000000000006 1188.0000000000002 155.00000000000003 0.23437740888920813 -2.4712327035730781 -0.15758819561395573 -3.4252024999781301 3.2001718753899016 129.50000000000003 -0.64974730049934415 0.031149998307228092 0.033050008118152625 1.0000000180025095e-35 6.3326460975308887 0.50280204126314187 0.026932885039609795 0.52415001392364513 -0.35871666201971114 0.34065000712871557 0.028639776380522529 -0.13532034466173479 -7.4969787311342566
decision_type=2 2 2 2 2 2 2 2 2 2 2 2 2 2 2 2 2 2 2 2 2 2 2 2 2 2 2 2 2 2
left_child=1 2 -1 -4 5 6 8 -7 10 11 -3 -10 25 15 -15 -14 17 18 19 20 -16 22 -21 -24 -22 26 -6 -28 -17 -9
right_child=-2 4 3 -5 12 7 -8 29 9 -11 -12 -13 13 14 16 28 -18 -19 -20 21 24 -23 23 -25 -26 -27 27 -29 -30 -31
leaf_value=0.00052762000281715885 -0.00079354282609910237 0.001742979713966772 0.00028470106312510513 -0.0032613477648944437 -0.0014460919708836279 0.012225441858534742 -0.0011795921967358747 -0.00011039508247949805 0.0035067011891902681 -0.00013418093072386757 -0.001297044621711577 -0.00075139589584331736 0.00035284335047176265 0.0020775942342281762 -0.00040922916604565129 0.00030435292612620624 -0.00092373803819525632 -0.0016532506013726416 -0.00096006282166566804 -0.0010282869913257465 -0.00036499914902160259 0.0006239339078070805 -0.0010463229520331528 0.00053580710516388955 0.00025251201378654941 -0.001145200646773334 0.0091782281978151619 -0.00097669166358055012 -0.0011719241789030007 0.0019094837283432286
leaf_weight=102 162 68 66 134 89 60 193 525 299 396 196 80 457 69 134 81 610 70 87 121 169 339 66 90 62 618 74 83 113 181
leaf_count=102 162 68 66 134 89 60 193 525 299 396 196 80 457 69 134 81 610 70 87 121 169 339 66 90 62 618 74 83 113 181
internal_value=-0.00298155 -0.00275679 -0.0086645 -0.0146829 -0.00241425 -0.000454319 -0.00254648 0.00290532 -0.000435824 0.00166026 -0.00650558 0.00647135 -0.00358705 -0.00243429 -0.00413008 0.00229421 -0.00479179 -0.00263342 -0.0015657 -0.000390467 -0.0052027 0.00247987 -0.00260638 0.00391304 -0.000148305 -0.00684695 -0.000836653 0.00583333 -0.00562814 0.00157525
internal_weight=5794 5632 302 200 5330 1998 1232 766 1039 775 264 379 3332 2468 1817 651 1748 1138 1068 981 365 616 277 156 231 864 246 157 194 706
internal_count=5794 5632 302 200 5330 1998 1232 766 1039 775 264 379 3332 2468 1817 651 1748 1138 1068 981 365 616 277 156 231 864 246 157 194 706
is_linear=0
shrinkage=0.035


Tree=134
num_leaves=31
num_cat=0
split_feature=183 98 213 248 37 163 182 218 245 47 2 30 4 270 115 173 270 96 115 163 59 115 275 250 131 114 207 179 217 267
split_gain=9.12363 8.6054 13.5669 15.0237 10.8473 10.904 8.97398 13.441 12.6112 12.2425 10.411 14.0929 10.7159 9.99343 14.8769 14.9254 13.1158 14.3062 14.0591 19.6402 20.8165 14.8826 11.9411 12.7413 10.5411 12.5787 12.1702 11.3571 17.0562 18.2669
threshold=0.97935230194206724 0.46445000171661383 10.081445435454103 -1.0000000180025095e-35 22.464849472045902 0.50040827436019963 0.49999999998906258 19.015830610247018 0.53508020983416149 -5.3920306971351417 5209.8549804687509 5237.5000000000009 44.689984705495981 129.52264535446056 167.50000000000003 0.20130683852481782 117.59517811630604 5417.5000000000009 300.50000000000006 -0.011769525961661002 41.63549995422364 321.50000000000006 -0.033538782210906774 1.3369709493327167 0.7982500195503236 30.597149848937992 -0.018197681278476974 13.136938639289015 47.157111534977112 -0.49491014360192404
decision_type=2 2 2 2 2 2 2 2 2 2 2 2 2 2 2 2 2 2 2 2 2 2 2 2 2 2 2 2 2 2
left_child=1 2 3 -1 -5 -6 10 8 -8 -9 -3 -12 13 16 -15 -16 17 -13 19 20 22 -20 23 -19 27 -26 -27 28 29 -23
right_child=-2 6 -4 4 5 -7 7 9 -10 -11 11 12 -14 14 15 -17 -18 18 21 -21 -22 24 -24 -25 25 26 -28 -29 -30 -31
leaf_value=0.0072708009369056694 0.00020968044030304073 -0.0015532708111217638 -0.00043181613886552706 -0.0017702656591108297 0.0045224580194853873 -0.00054046659422751591 -0.00068541199556935225 0.0012671225153321557 0.0026302453061674428 -0.00027606425089296674 0.0071802284092657431 -0.0046901034122992964 -0.0011744935787506953 0.014157593547778888 -0.0019704837620592537 0.001637839062298328 -0.0014534351065805546 -0.0022874324116483116 -0.0015137396610382322 0.0088783836572551202 -0.0030285170470731272 0.006230910608962555 0.0071873971037883597 0.0042836014498003902 0.0035419469154397299 -0.00041779673873307445 2.7178735975696979e-06 -0.00060335390719261307 -0.0016394114350750876 -0.00020000936849902149
leaf_weight=92 63 85 134 97 101 70 295 270 66 62 70 99 132 92 80 93 300 103 70 91 114 97 95 88 97 747 893 876 138 184
leaf_count=92 63 85 134 97 101 70 295 270 66 62 70 99 132 92 80 93 300 103 70 91 114 97 95 88 97 747 893 876 138 184
internal_value=-0.00299362 -0.00314243 0.00126253 0.00479452 0.000512821 0.00576705 -0.00355876 0.00015043 -0.00449454 0.00519288 -0.00412398 -0.00388105 -0.00413405 -0.00381863 0.00272222 -0.0033427 -0.00425569 -0.00367325 -0.00329767 0.0021875 -0.00120988 -0.00416801 0.0038488 -0.00125 -0.00378005 -0.00198909 -0.0027234 -0.00616538 -0.0014033 0.00354895
internal_weight=5794 5731 494 360 268 171 5237 693 361 332 4544 4459 4389 4257 265 173 3992 3692 3593 491 400 3102 286 191 3032 1737 1640 1295 419 281
internal_count=5794 5731 494 360 268 171 5237 693 361 332 4544 4459 4389 4257 265 173 3992 3692 3593 491 400 3102 286 191 3032 1737 1640 1295 419 281
is_linear=0
shrinkage=0.035


Tree=135
num_leaves=31
num_cat=0
split_feature=115 183 203 11 163 183 48 183 60 169 145 154 176 17 260 48 104 6 271 213 247 215 247 260 13 22 268 272 189 169
split_gain=9.45849 9.05265 13.5982 16.0276 13.3249 10.7014 22.9706 20.5447 11.9426 14.1709 22.1172 13.4135 12.3892 11.3845 11.7045 20.3574 18.9642 19.6764 14.5567 14.0115 16.6836 24.304 15.5836 17.2996 14.4564 25.6705 16.0777 20.8785 16.5051 16.2654
threshold=9255.0000000000018 0.97935230194206724 0.95125445523729002 116.99098254411381 0.9204607119388778 0.71027437067354426 41.708499908447273 0.65354890341240013 82.500000000000014 12.857913311729952 0.027428636028061729 -0.10204081433488629 0.48724498227688168 45.641978104931098 0.42019856237989439 43.685699462890632 481.50000000000006 19.705202989627733 5.3531430717489803 9.7150473129118353 599.04498291015636 -0.057149991393089287 601.65499877929699 0.068575733188365823 83.383137136199892 0.51735001802444469 1.1114688651148177 0.01609999313950539 13.109520246836924 14.005445531024373
decision_type=2 2 2 2 2 2 2 2 2 2 2 2 2 2 2 2 2 2 2 2 2 2 2 2 2 2 2 2 2 2
left_child=1 2 5 4 -4 7 8 13 -7 11 12 -10 -11 14 16 18 -1 19 -16 20 24 -22 -23 -24 25 26 27 -18 -29 -28
right_child=-2 -3 3 -5 -6 6 -8 -9 9 10 -12 -13 -14 -15 15 -17 17 -19 -20 -21 21 22 23 -25 -26 -27 29 28 -30 -31
leaf_value=-0.001466850435986727 -0.00055603460098270334 0.00020234162489243454 -0.0021239205268093228 0.00030769316909944641 -6.234868111814674e-05 -0.00086673430328132938 0.00079140302819159076 -0.0012152313045049312 -2.3124339269015307e-05 -0.00024731548293182502 0.0056485412530090113 0.0064375216133297228 -0.0026067523192800229 0.0059345088134741689 -0.00025825306021286633 -0.0017506622358103932 -0.00048511809359824026 -0.0012701966165007501 0.0038752765186216361 -0.00026478126792266578 -0.00021263101952350485 0.016663612142750216 0.0072655583249161878 -0.00059317582996630926 0.0022527321680133263 -0.0044761473415641743 -0.00056506027005166705 0.0071298461624670411 -8.9559309056408423e-05 -0.0045991008902712613
leaf_weight=475 77 63 202 93 97 68 172 150 78 256 82 64 60 91 139 98 168 61 290 1607 113 75 133 115 283 63 402 88 66 65
leaf_count=475 77 63 202 93 97 68 172 150 78 256 82 64 60 91 139 98 168 61 290 1607 113 75 133 115 283 63 402 88 66 65
internal_value=-0.00311433 -0.00294215 -0.00309242 -0.00934509 -0.0132401 -0.00261819 0.00115924 -0.00327613 -0.00205546 -0.000256881 -0.00364764 0.00904762 -0.00785047 -0.00282453 -0.00309114 0.00177632 -0.00378328 -0.00281597 0.00508065 -0.0024191 -6.66244e-05 0.00571429 0.010564 0.00608696 -0.00230263 -0.0045741 -0.00277708 0.00321101 0.012327 -0.00689619
internal_weight=5794 5717 5654 392 299 5262 780 4482 608 540 398 142 316 4332 4241 527 3714 3239 429 3178 1571 436 323 248 1135 852 789 322 154 467
internal_count=5794 5717 5654 392 299 5262 780 4482 608 540 398 142 316 4332 4241 527 3714 3239 429 3178 1571 436 323 248 1135 852 789 322 154 467
is_linear=0
shrinkage=0.035


Tree=136
num_leaves=31
num_cat=0
split_feature=93 93 153 43 147 177 178 4 223 222 225 93 46 109 254 189 257 68 268 49 105 148 120 27 79 205 19 200 120 231
split_gain=9.69649 16.8627 12.7582 8.71444 12.0549 11.625 12.738 12.213 10.7475 11.4696 11.2535 12.493 11.1822 11.1168 14.4572 11.9586 11.7788 10.8981 10.1583 10.0461 16.645 13.4153 17.5879 12.5392 11.2867 11.7668 11.0887 10.6549 10.8742 10.0522
threshold=5203.0000000000009 4551.0000000000009 0.3615763322861269 0.24575000256299975 20.855800628662113 -0.012023128068390057 -0.0459500104188919 3.3039268015291281 17.760070289054354 7.0872938188856738 0.094602963129250858 851.50000000000011 0.027713802368888606 0.64955002069473278 1.3612888705083483 13.675907048033826 4.7372630896441708 0.017937563180294179 -13.563952388013776 608.50000000000011 39.500000000000007 1744.5000000000002 0.65025001764297496 272.00000000000006 0.012307738406368183 0.014823894150320786 5497.5000000000009 -0.026700001209974285 0.66044998168945324 7.2610915071191782
decision_type=2 2 2 2 2 2 2 2 2 2 2 2 2 2 2 2 2 2 2 2 2 2 2 2 2 2 2 2 2 2
left_child=1 3 -2 8 -5 6 -6 -8 12 10 11 18 13 14 16 -15 -1 -16 -10 23 -21 24 -23 26 -22 27 -7 28 -26 -25
right_child=2 -3 -4 4 5 19 7 -9 9 -11 -12 -13 -14 15 17 -17 -18 -19 -20 20 21 22 -24 29 25 -27 -28 -29 -30 -31
leaf_value=-0.00034554390131190052 0.00022704614916579105 0.0094338562117490064 -0.00059167405737926512 0.0075733624683553798 -0.0007929457977664282 -0.0014142190396212444 0.0043171878602970091 -0.00023252183802257022 -0.0010347843605958643 -0.0024880424225617727 0.00025592590610124118 -0.0028266437209436041 -0.00043251821696204008 0.00097058634761866503 -0.0047840058826402786 -0.00014750520639189886 0.008318894827658763 -0.00016904183097343512 0.0016060803140303544 0.003452122507599774 -0.0017945006634927029 0.011670233301429403 -0.00059018849774090194 -0.003328326343598669 2.8358407649355934e-05 -0.00021464534508607028 0.0011695391725017397 0.00079185612157327636 -0.0040445003793486405 -0.00085778170693853165
leaf_weight=73 63 83 115 106 194 66 247 117 60 352 92 130 1055 245 66 114 87 116 85 136 110 90 60 102 174 1031 91 206 64 264
leaf_count=73 63 83 115 106 194 66 247 117 60 352 92 130 1055 245 66 114 87 116 85 136 110 90 60 102 174 1031 91 206 64 264
internal_value=-0.00315054 -0.00288917 -0.0110929 -0.00312839 -0.00187398 -0.00229625 0.00223801 0.00607046 -0.00467137 -0.00826657 -0.00385753 -0.007375 -0.00318001 0.000247875 -0.00423631 0.00451923 0.00339394 -0.0108556 -0.000233333 -0.00335556 -0.00214552 -0.00307759 0.00677419 -0.00762311 -0.0040283 -0.00319257 0.000648148 0.00155902 -0.00345679 -0.0111321
internal_weight=5794 5616 178 5533 3058 2952 558 364 2475 719 367 275 1756 701 342 359 160 182 145 2394 1871 1735 150 523 1585 1475 157 444 238 366
internal_count=5794 5616 178 5533 3058 2952 558 364 2475 719 367 275 1756 701 342 359 160 182 145 2394 1871 1735 150 523 1585 1475 157 444 238 366
is_linear=0
shrinkage=0.035


Tree=137
num_leaves=31
num_cat=0
split_feature=34 30 201 258 60 274 144 67 181 133 104 258 269 58 45 48 69 256 68 129 225 10 257 230 13 256 93 11 37 49
split_gain=12.8008 9.62823 19.1435 11.6258 8.98533 12.4735 13.0826 15.1208 11.2422 13.411 11.4532 11.0339 9.33661 16.8913 15.4115 11.0296 10.4777 9.98086 8.97117 8.7415 13.1258 10.9895 9.80076 10.635 10.1399 15.3209 19.2726 16.6584 13.707 26.7664
threshold=1.3617179346492445 6367.5000000000009 0.12132500298321248 0.012199999764561655 2552.5000000000005 -0.73843805144522356 31.852317927228835 10.411349412038883 0.12372499890625478 25.1846081406871 4812.0000000000009 0.015700004994869236 8.1612527211338843 -6.9030194692811531 6.8574037702553223 41.267900466918952 -6.262844340727467 41.15807413356216 0.021164643563120276 6227.5000000000009 0.25519380296984273 20.661276382685276 0.82390233990817763 -0.26498546244479998 47.443112479828919 59.598060318992111 1655.5000000000002 62.903671165281047 27.020549774169925 1358.5000000000002
decision_type=2 2 2 2 2 2 2 2 2 2 2 2 2 2 2 2 2 2 2 2 2 2 2 2 2 2 2 2 2 2
left_child=-1 2 3 -2 8 -6 11 -8 9 -4 12 -7 19 16 17 -16 -14 -15 -9 22 21 -21 23 -10 28 26 27 -26 -24 -30
right_child=1 -3 4 -5 5 6 7 18 10 -11 -12 -13 13 14 15 -17 -18 -19 -20 20 -22 -23 24 -25 25 -27 -28 -29 29 -31
leaf_value=-0.00041738007936837024 0.010782118068140653 -0.00059642596856958774 -0.00012473457063291339 -7.6594034215389249e-05 0.0089908901164589237 0.0014566247937166312 -0.0020961008664353315 -0.0012175959371470177 0.00074341372062702654 -0.0026287053695801736 -0.0010511028695161129 -0.00098919809168989802 0.0026905931989861594 -0.00019730866913606927 6.990047651079246e-06 -0.0025950682440718594 0.0077559454113171706 0.0023069516152190465 5.4281765718886549e-05 0.00032073368473575005 0.0067347397746732908 -0.00022743525789056934 -0.0010141512215892851 -0.00019834036413000412 0.016641364522186539 -0.00034059912949936189 0.012285251981675452 -0.00016096262800556095 0.001600635351334264 -0.00039100796515915975
leaf_weight=69 90 87 104 95 61 81 164 202 142 88 111 76 96 82 61 73 64 62 122 99 63 117 578 118 65 1658 101 323 184 558
leaf_count=69 90 87 104 95 61 81 164 202 142 88 111 76 96 82 61 73 64 62 122 99 63 117 578 118 65 1658 101 323 184 558
internal_value=-0.00301776 -0.0028281 -0.00264221 0.00828947 -0.00302034 -0.0066948 -0.00813077 -0.0109331 -0.00246738 -0.0106599 -0.00211075 0.000648148 -0.00182513 0.00300226 -0.00222615 -0.0105755 0.0118788 0.00563758 -0.00638298 -0.00235602 0.00357394 -0.000633484 -0.00280413 0.00369811 -0.00329637 -0.0018053 0.00361336 0 -0.00570566 -0.00253012
internal_weight=5794 5725 5638 185 5453 706 645 488 4747 192 4555 157 4444 438 278 134 160 144 324 4006 279 216 3727 260 3467 2147 489 388 1320 742
internal_count=5794 5725 5638 185 5453 706 645 488 4747 192 4555 157 4444 438 278 134 160 144 324 4006 279 216 3727 260 3467 2147 489 388 1320 742
is_linear=0
shrinkage=0.035


Tree=138
num_leaves=31
num_cat=0
split_feature=132 30 151 181 30 94 20 127 60 260 218 93 221 257 179 113 162 90 123 11 150 24 274 35 2 10 172 142 142 257
split_gain=13.2976 8.39598 14.1535 16.7883 11.9648 13.0244 11.4249 11.0482 10.9828 12.4677 17.9711 11.0956 10.9279 12.7585 15.1983 12.3369 11.6969 17.8137 11.4963 9.79578 9.69757 9.65469 15.8015 14.7341 12.2446 14.271 14.487 12.2246 12.9271 11.9697
threshold=0.099499996751546874 6362.5000000000009 0.12752500362694266 0.12372499890625478 6222.5000000000009 199.50000000000003 28.840812954644694 52.500000000000007 1625.5000000000002 -0.45525898610315568 128.89133238549405 95.000000000000014 25.924244806750789 11.2540598271995 13.558259310374044 -2.4240872132476459 -0.075008950948404721 0.017094041245313347 0.014723922703114335 38.613562372217871 0.03189999237656594 0.033060078017335293 -0.029643185552005149 0.021622232761616404 6092.1999511718759 37.841260790615088 -0.023982056590623035 0.78334999084472667 0.80774998664855968 3.2818094393407784
decision_type=2 2 2 2 2 2 2 2 2 2 2 2 2 2 2 2 2 2 2 2 2 2 2 2 2 2 2 2 2 2
left_child=-1 2 7 20 8 19 -7 -2 21 10 -10 -12 15 16 -15 -11 17 -14 -17 -6 -4 24 23 -23 25 26 -5 -27 -29 -24
right_child=1 -3 3 4 5 6 -8 -9 9 12 11 -13 13 14 -16 18 -18 -19 -20 -21 -22 22 29 -25 -26 27 -28 28 -30 -31
leaf_value=-0.00031885421082506973 -0.00019858721012077393 -0.00043010401777870304 -0.0027443863472971265 -3.6189832707927977e-05 0.011053759279652856 0.00026985805671321587 -0.00094199144548220211 0.007860400991067943 0.0056494051349495981 -0.0015242505081545467 0.00039735302034356145 -0.002459842237007767 0.00013278676015681697 0.0012819301868050052 -0.0080095144373618504 -0.00021294009936158879 -0.0011727595026131122 -0.00217308846918687 0.001495075342571082 3.1904803138608222e-05 -0.00063586027075690087 0.0037909377648487892 0.00015569737869799039 -0.0015622733558089848 -0.0020249250275482375 0.0020206469939773653 0.0075048885369327547 -0.00083025913796567607 0.00017092692635878372 -0.00024663371409214377
leaf_weight=64 110 115 66 129 71 89 87 94 118 97 86 70 122 115 61 115 319 63 88 106 104 69 577 471 61 128 157 511 316 1215
leaf_count=64 110 115 66 129 71 89 87 94 118 97 86 70 122 115 61 115 319 63 88 106 104 69 577 471 61 128 157 511 316 1215
internal_value=-0.00296948 -0.00278291 -0.00258452 -0.00292744 -0.00256862 0.00361732 -0.00309392 0.00636364 -0.0030186 -0.00583797 0.000752688 -0.00695652 -0.00767513 -0.0101168 -0.0019337 -0.00206557 -0.0129273 -0.00571053 0.00286058 0.0101923 -0.0136 -0.00203902 -0.00338468 -0.0086055 0.000374904 0.00115169 0.00793814 -0.000911458 -0.00248197 -0.00179188
internal_weight=5794 5730 5615 5411 5241 353 176 204 4888 1254 274 156 980 680 176 300 504 185 203 177 170 3634 2332 540 1302 1241 286 955 827 1792
internal_count=5794 5730 5615 5411 5241 353 176 204 4888 1254 274 156 980 680 176 300 504 185 203 177 170 3634 2332 540 1302 1241 286 955 827 1792
is_linear=0
shrinkage=0.035


Tree=139
num_leaves=31
num_cat=0
split_feature=132 30 201 71 191 22 274 270 43 221 257 254 104 38 267 20 100 44 71 71 13 270 126 256 60 230 10 193 37 8
split_gain=9.93894 7.25284 8.79423 15.5013 11.2492 12.8356 9.68744 21.0241 16.6414 13.7634 13.452 15.5896 12.4764 13.1454 12.004 11.5423 18.3052 15.4921 19.199 15.326 18.1983 42.1287 21.6666 17.879 15.978 15.236 15.1753 22.1715 14.8258 13.889
threshold=0.099499996751546874 6362.5000000000009 0.12249999679625036 2272.5000000000005 0.12239999882876874 0.11704999953508378 -0.021332499461215532 41.611309950809215 0.23815000057220462 57.850405819607083 12.786264735313059 7.996966306387244 676.50000000000011 860.00000000000011 8.8964623379395054 94.030617792529867 30.367319842649891 0.25435000658035284 922.50000000000011 1108.5000000000002 49.246852473388302 81.902533359534587 429.00000000000006 45.175183916024203 572.50000000000011 2.1823371462903478 34.475273614520013 0.53441036277911791 26.806950569152836 -94.73874614202407
decision_type=2 2 2 2 2 2 2 2 2 2 2 2 2 2 2 2 2 2 2 2 2 2 2 2 2 2 2 2 2 2
left_child=-1 2 3 -2 -4 -6 7 -7 -9 10 11 12 -10 -14 15 16 17 18 26 28 22 -22 25 -24 -23 -21 -8 -28 -20 -17
right_child=1 -3 4 -5 5 6 14 8 9 -11 -12 -13 13 -15 -16 29 -18 -19 19 20 21 24 23 -25 -26 -27 27 -29 -30 -31
leaf_value=-0.00030769431344619073 -0.00091217360441248573 -0.00041505037715645015 -0.0018211421519940729 0.0088312380008479519 0.0025723895316825795 -0.0018354214978790109 0.014701444399451367 9.199577311774066e-05 -0.0022728172202652794 -0.0015274513715521079 0.0086514836851515307 0.00039991923640732453 0.0043366901232484486 -0.00049446457915812761 0.0024245172982417834 -0.0004016763740241811 0.0064093523520478198 -0.0011758497624099146 -0.0025394453134687631 -0.00025166182438523426 0.0038118791958507547 0.00052980612890923069 9.3511673744861584e-05 -0.00081702674498266496 -0.0012884211210033181 -0.0018968705793068498 -0.0007250168610309014 0.013002032930328521 -0.00030392699843944342 -0.0026260570913945627
leaf_weight=64 77 115 122 115 96 146 60 371 103 399 74 103 61 351 97 168 184 615 91 529 275 72 594 80 151 178 216 103 118 66
leaf_count=64 77 115 122 115 96 146 60 371 103 399 74 103 61 351 97 168 184 615 91 529 275 72 594 80 151 178 216 103 118 66
internal_value=-0.00300569 -0.00284394 -0.00265925 0.00461929 -0.00292097 -0.0026715 -0.00290883 -0.00516429 -0.00386503 -0.00603558 -0.00301291 -0.0047191 -0.00720192 -0.00436451 -0.00189478 -0.0022368 -0.00169061 -0.0023356 -0.00109021 -0.00240803 -0.00139331 0.00431412 -0.0034596 0.00103093 -0.00690789 -0.0077177 0.00610677 0.00291667 -0.011285 -0.00966527
internal_weight=5794 5730 5615 192 5423 5301 5205 1608 1462 1091 692 618 515 412 3597 3500 3266 3082 2467 2088 1879 498 1381 674 223 707 379 319 209 234
internal_count=5794 5730 5615 192 5423 5301 5205 1608 1462 1091 692 618 515 412 3597 3500 3266 3082 2467 2088 1879 498 1381 674 223 707 379 319 209 234
is_linear=0
shrinkage=0.035


Tree=140
num_leaves=31
num_cat=0
split_feature=110 183 148 126 49 54 35 180 270 270 256 260 256 270 93 224 183 181 30 269 101 79 175 48 43 12 8 47 17 39
split_gain=9.69992 8.33966 8.98943 18.8664 14.4388 13.7903 17.5211 15.0132 10.3813 14.641 21.534 18.6121 14.9292 11.2417 11.0684 10.6626 19.0415 16.5147 19.3626 14.8751 13.2612 13.0086 12.4984 12.3317 11.6672 14.2207 11.6144 12.479 11.8602 11.1924
threshold=0.093249998986721053 0.9679980416652062 97.500000000000014 387.00000000000006 1677.5000000000002 0.23934999853372577 0.034582455412459946 0.0019000098109245302 111.60703100818749 129.52264535446056 117.08052463533404 -0.42523328158011503 90.678311858943161 108.90065161423442 368.00000000000006 0.99999999997645894 0.8240280347486082 0.39242500066757208 5577.5000000000009 10.293840391721877 0.0094117629583764014 0.012618410143169107 0.035545062054034092 30.328200340271 0.24904999881982806 1.4482086421680307 -25.087696186636766 -4.6756495065656116 27.668971711454219 127.50000000000001
decision_type=2 2 2 2 2 2 2 2 2 2 2 2 2 2 2 2 2 2 2 2 2 2 2 2 2 2 2 2 2 2
left_child=-1 2 3 4 5 -2 -7 -8 13 -10 11 -11 -13 15 -15 16 19 18 -17 20 21 -4 24 -24 -20 -26 27 28 -22 -27
right_child=1 -3 8 -5 -6 6 7 -9 9 10 -12 12 -14 14 -16 17 -18 -19 22 -21 26 -23 23 -25 25 29 -28 -29 -30 -31
leaf_value=-0.00029117623814097523 -0.0018494354039129887 0.00014836591540298095 -0.0012209702472334278 0.00079884566125057769 -0.0017488837781893724 -0.0010340884312790867 0.0088120645960124595 -0.00013573565483360669 -0.0011332007002135475 0.020089065140294453 -0.00079578615878016712 -0.0016119633229052658 0.0046918272445948513 0.023126622083486051 -0.00035639766206568672 0.0040760839893297018 0.012115783655359248 -0.0077771917125659786 -0.00089045379242324424 0.0066832657079770024 -0.00036146172986113392 0.0024122441621519564 0.0089271136338172352 -0.0008072926693775995 0.0010090648149879888 -3.1229704614852971e-05 0.00073391128494279512 0.0024096045150898003 0.008322682185216845 -0.0020479173004725702
leaf_weight=64 109 113 87 112 351 133 61 62 415 60 152 64 97 63 66 68 91 75 364 109 2093 214 94 85 67 181 116 66 62 100
leaf_count=64 109 113 87 112 351 133 61 62 415 60 152 64 97 63 66 68 91 75 364 109 2093 214 94 85 67 181 116 66 62 100
internal_value=-0.00316261 -0.00300262 -0.0031937 -0.00655462 -0.00864078 -0.00368919 0.000804598 0.0101172 -0.00260638 -0.00626734 -0.0012037 0.00573009 -0.00063253 -0.00187843 0.00809701 -0.00222079 -0.00110798 -0.00525505 -0.00395747 -0.00164063 -0.00217177 0.00468954 -0.00535156 0.00285326 -0.0074198 -0.0027762 -0.00306362 -0.00363208 -0.00409954 -0.00624126
internal_weight=5794 5730 5617 828 716 365 256 123 4789 788 373 221 161 4001 129 3872 2838 1034 959 2747 2638 301 891 179 712 348 2337 2221 2155 281
internal_count=5794 5730 5617 828 716 365 256 123 4789 788 373 221 161 4001 129 3872 2838 1034 959 2747 2638 301 891 179 712 348 2337 2221 2155 281
is_linear=0
shrinkage=0.035


Tree=141
num_leaves=31
num_cat=0
split_feature=47 114 214 102 90 105 105 46 190 215 270 56 159 214 271 172 7 254 70 205 19 142 209 153 80 204 45 182 37 54
split_gain=8.90157 8.6658 9.87042 14.4482 16.3942 11.2393 13.2307 12.8636 20.1941 10.1621 23.2763 11.8893 13.2491 12.1023 13.7832 10.8268 10.7554 18.5469 15.086 13.6755 14.6273 13.4901 11.7148 11.5918 11.8525 11.5634 19.2595 18.3348 15.5941 11.319
threshold=-17.32638506058866 28.657849311828617 0.015399996191263201 -2.3815667931560482 0.0090362281473805994 205.50000000000003 36.500000000000007 0.028985502572484906 -0.0046500042080879203 -0.052550002932548516 148.45078501481808 5.8464988727943572 13.58225973889383 0.052900008857250221 9.0324404529329865 0.018884488988253526 -8.7661065236679399 6.0101011929036838 35.049949645996101 0.022062208840822765 6197.5000000000009 0.80924999713897716 11.103105818989503 0.48314947199066938 -5.0067627819583107 0.090909101009879506 8.7022078932286888 -0.086830862025351743 26.246350288391117 0.243649996817112
decision_type=2 2 2 2 2 2 2 2 2 2 2 2 2 2 2 2 2 2 2 2 2 2 2 2 2 2 2 2 2 2
left_child=-1 -2 3 4 -3 6 -6 8 -8 11 16 12 -4 14 15 -13 19 18 -18 21 22 23 -21 25 -25 26 28 -28 -11 -23
right_child=1 2 9 -5 5 -7 7 -9 -10 10 -12 13 -14 -15 -16 -17 17 -19 -20 20 -22 29 -24 24 -26 -27 27 -29 -30 -31
leaf_value=-0.0011981619514606278 0.00062122450852510676 0.0029610596533344142 0.0013435907845230947 -0.001404396586482204 0.00015848302079993218 7.5714084215935956e-05 -0.001101755499205978 -0.0015793748562151013 3.3381902353959997e-05 -0.00035464563296270293 0.0095591772744748043 -0.0014987707508350755 -0.00035352176680070684 -0.0001661829732093978 -0.0025814121938332194 -9.6220695290718538e-05 0.0064595605912293802 -0.0017533795382693343 -0.00049892495520497272 -0.00063287970793688005 0.00080990504797135939 -6.6338925623913306e-05 -0.0021202092434980499 5.824505921800727e-05 -0.0016293616986839668 -0.00040873944034353185 0.0036534425307258732 -0.0028175073108518182 0.0022527181738187414 0.0012985883522933692
leaf_weight=115 137 102 124 128 79 189 99 321 261 125 66 162 135 779 155 226 61 184 136 145 85 281 99 113 145 394 74 104 352 418
leaf_count=115 137 102 124 128 79 189 99 321 261 125 66 162 135 779 155 226 61 184 136 145 85 281 99 113 145 394 74 104 352 418
internal_value=-0.00309019 -0.00288793 -0.00310438 -0.00594172 -0.00454072 -0.00598008 -0.00786928 -0.00943878 -0.00479452 -0.00233173 -0.0010549 -0.0045681 0.00225379 -0.00590806 -0.00989964 -0.0062341 -0.00156928 -0.00698187 0.000519802 -0.000673077 -0.00723054 0.000417703 -0.0115261 -0.00168064 -0.00825095 -3.32068e-05 0.00281061 -0.00688525 0.00646266 0.00432528
internal_weight=5794 5679 5542 1179 1051 949 760 681 360 4363 2782 1581 259 1322 543 388 2716 381 197 2335 329 2006 244 1307 258 1049 655 178 477 699
internal_count=5794 5679 5542 1179 1051 949 760 681 360 4363 2782 1581 259 1322 543 388 2716 381 197 2335 329 2006 244 1307 258 1049 655 178 477 699
is_linear=0
shrinkage=0.035


Tree=142
num_leaves=31
num_cat=0
split_feature=110 182 162 138 263 190 162 30 30 182 148 222 230 190 90 255 32 271 49 148 123 23 223 153 166 24 57 113 60 60
split_gain=11.5277 8.71991 14.0956 12.2633 14.6278 13.795 11.117 10.6136 10.718 12.2063 10.4565 12.2934 10.3807 10.1834 10.8833 9.6942 11.0924 12.6036 10.5791 9.1914 14.0343 16.6763 8.96854 8.80328 8.58576 10.2939 8.26045 7.6385 7.45991 13.198
threshold=0.093249998986721053 0.49999999998906258 0.71986217799865815 15.500000000000002 0.011500518770635184 -0.013699997216463087 0.2594638837677577 5092.5000000000009 5237.5000000000009 -0.39382009066771972 2655.5000000000005 7.781781909197087 -3.477057255905081 -0.024600014090538021 0.012000036784846327 0.63313676438858668 0.15094999969005587 6.8699830247789011 1402.5000000000002 1714.0000000000002 0.011709639897154832 2.3497634931009785 14.545992080082202 -0.039940560327600245 1.0061554705133908 0.062828975594847805 0.02912684872641676 -1.8038356616109117 2994.0000000000005 7551.0000000000009
decision_type=2 2 2 2 2 2 2 2 2 2 2 2 2 2 2 2 2 2 2 2 2 2 2 2 2 2 2 2 2 2
left_child=-1 2 7 4 13 -6 -5 -2 -9 15 19 -12 -8 -3 -15 16 18 -18 22 24 -21 -22 -10 -16 28 -26 -17 -4 -11 -30
right_child=1 3 27 6 5 -7 12 8 9 10 11 -13 -14 14 23 26 17 -19 -20 20 21 -23 -24 -25 25 -27 -28 -29 29 -31
leaf_value=-0.00022728435601272387 -0.0016594023511247236 0.0059505534801969741 -0.00063324763771276246 -0.0014955189262682164 -0.0026872575324198328 0.00018144897457730182 -0.0014948230255990055 0.0051561693963570196 0.0093247799791019003 -0.00017058618509965541 4.484575007536601e-05 -0.00370133989755415 0.0015280931199885806 -0.00066243726674174793 0.0093876387029453619 -0.0017972386213713043 -1.8368908133799684e-05 0.010907004418889841 -0.00058232428466093421 0.0070361792465470545 0.0026714208251468713 -0.0014552070563673884 -0.00053612456838612551 8.4707021300799436e-05 -0.0011951848967841512 -8.2037411161856048e-06 0.00017370249077868245 -0.0020637880484534435 -0.0013172546441456744 0.00019123516507197488
leaf_weight=64 68 65 68 101 92 98 67 79 60 3080 72 152 63 73 68 78 84 111 102 75 82 92 93 89 194 108 64 62 224 66
leaf_count=64 68 65 68 101 92 98 67 79 60 3080 72 152 63 73 68 78 84 111 102 75 82 92 93 89 194 108 64 62 224 66
internal_value=-0.00300569 -0.00283173 -0.00334728 0.000776699 0.00392857 -0.00358974 -0.0057839 -0.00303539 -0.00283136 -0.00304829 -0.00371928 -0.0110044 0.00103704 0.00875 0.00506383 0.00164154 0.00415385 0.010325 -0.000673077 -0.00328961 0.00316929 -0.00234637 0.00509494 0.0101543 -0.0037313 -0.00934853 -0.00619048 -0.0145185 -0.00321481 -0.00854237
internal_weight=5794 5730 5014 716 485 190 231 4884 4816 4737 4145 224 130 295 230 592 450 195 255 3921 249 174 153 157 3672 302 142 130 3370 290
internal_count=5794 5730 5014 716 485 190 231 4884 4816 4737 4145 224 130 295 230 592 450 195 255 3921 249 174 153 157 3672 302 142 130 3370 290
is_linear=0
shrinkage=0.035


Tree=143
num_leaves=31
num_cat=0
split_feature=110 126 223 126 92 272 126 115 44 60 124 115 24 274 91 60 146 92 274 17 27 122 27 267 54 260 212 116 181 22
split_gain=11.6272 8.64081 16.225 12.4234 15.4016 15.0044 12.2902 12.2746 16.8268 10.0656 21.1609 17.0155 9.25236 13.0687 17.6786 19.0201 18.4165 15.3042 14.4885 17.528 13.0081 19.196 18.7255 13.3197 11.896 11.7057 13.8422 13.2654 17.5287 13.1321
threshold=0.093249998986721053 3781.0000000000005 18.168475711141202 1919.0000000000002 56.07555007934571 0.017099998891353611 2369.5000000000005 480.50000000000006 0.20625000447034839 2552.5000000000005 -1.6900969819269771 521.50000000000011 0.026144913838264925 -0.045882688041279443 -3.4922379803368222 899.50000000000011 -1.3449514906735225 56.73915100097657 0.11574963777329737 5.6004794832764668 944.50000000000011 56.817865224634239 1217.5000000000002 4.3042346696936526 0.23914999514818194 0.87773940840369258 7.2587641393462041 54.500000000000007 0.12372499890625478 0.14925000071525577
decision_type=2 2 2 2 2 2 2 2 2 2 2 2 2 2 2 2 2 2 2 2 2 2 2 2 2 2 2 2 2 2
left_child=-1 3 -3 9 5 6 -5 -7 -9 12 -11 -12 24 14 15 -14 -17 -16 19 -15 21 -20 -22 25 -2 27 -27 28 -24 -30
right_child=1 2 -4 4 -6 7 -8 8 -10 10 11 -13 13 18 17 16 -18 -19 20 -21 22 -23 23 -25 -26 26 -28 -29 29 -31
leaf_value=-0.0002193294035522789 -0.00066736790953972314 -0.0013205307983626565 0.00022507071013217335 0.001792194366951636 -0.0047497866692431676 0.012598782276038183 -0.0014679734797887762 0.011957837726501329 -0.0036280728408599992 -0.0013198080113892595 -0.001549049230037673 0.00029393679096310134 -0.0016918273140259018 0.0026426461006843864 -0.0018835424340606706 -0.00050585249282708523 0.0054254705057451644 0.0016511790254865252 0.0010755638261711188 -0.00021982185967095449 -0.0020533275370918395 -0.0036370405556768702 -0.0019503411215081293 0.00018108440626770142 0.00016653879295990855 -6.7752247524862651e-05 -0.0012223766870022277 3.3955870890111656e-05 0.00014256552426654634 -0.00047459495339221397
leaf_weight=64 145 93 60 75 63 133 98 74 60 326 86 130 153 212 254 151 109 60 407 127 270 75 87 259 580 66 85 572 227 693
leaf_count=64 145 93 60 75 63 133 98 74 60 326 86 130 153 212 254 151 109 60 407 127 270 75 87 259 580 66 85 572 227 693
internal_value=-0.00294534 -0.00277071 -0.0108544 -0.00253941 0.00268701 0.00503371 -0.00294944 0.0101654 0.00251799 -0.00305966 -0.00755027 0.000950226 -0.00251488 -0.00320435 -0.0074112 -0.00259569 0.00316981 -0.013605 -0.00220097 0.00457849 -0.00304625 0.00215606 -0.00415857 -0.0029664 0.00110274 -0.00407493 -0.0132372 -0.00315972 -0.00556818 -0.00408649
internal_weight=5794 5730 153 5577 503 440 173 267 134 5074 542 216 4532 3807 727 413 260 314 3080 339 2741 482 2259 1989 725 1730 151 1579 1007 920
internal_count=5794 5730 153 5577 503 440 173 267 134 5074 542 216 4532 3807 727 413 260 314 3080 339 2741 482 2259 1989 725 1730 151 1579 1007 920
is_linear=0
shrinkage=0.035


Tree=144
num_leaves=31
num_cat=0
split_feature=34 63 247 19 34 177 176 65 273 177 94 179 155 148 8 193 134 187 7 25 177 71 257 169 210 249 270 256 253 254
split_gain=11.3088 9.77506 16.313 10.1734 8.07372 7.95567 8.22155 21.6208 7.4189 25.1593 15.0177 13.1691 14.238 12.5056 11.3434 12.568 10.692 13.8919 12.9799 14.219 13.8375 13.4885 12.5803 11.2584 11.2401 13.1096 11.1808 16.8118 10.0369 9.57403
threshold=1.5513857131451818 5227.5000000000009 525.72000122070324 5402.5000000000009 1.7532879414008049 0.041010728437503599 1.0777945544660723 0.38805000483989721 -0.1058326931166442 0.019007335142611822 114.50000000000001 13.045228299068166 0.041979079637514356 227.00000000000003 -26.755135775461607 0.63839635359663316 0.019688247819755169 -0.00027571658747075711 -8.7661065236679399 -7.4719719404118683 0.01860663323587412 2348.0000000000005 5.7674182171725095 13.801286869697687 -0.15049400687567063 -0.14404036068949019 37.821258477137221 22.039379089199659 1.0000000180025095e-35 25.267080591141468
decision_type=2 2 2 2 2 2 2 2 2 2 2 2 2 2 2 2 2 2 2 2 2 2 2 2 2 2 2 2 2 2
left_child=-1 -2 -3 -4 -5 6 8 -8 9 10 11 12 -6 -13 -12 -16 17 -10 19 20 26 24 -23 -20 -21 -26 -19 -28 -18 -29
right_child=1 2 3 4 5 -7 7 -9 16 -11 14 13 -14 -15 15 -17 28 18 23 21 -22 22 -24 -25 25 -27 27 29 -30 -31
leaf_value=-0.00037163628226657313 -0.0014157159358978574 0.0065219819445058065 -0.004378308821610939 0.00058166730787120684 -0.00020754752147517056 -0.0012213371622397269 -0.00043147001008979715 0.0077421600817975198 0.00021006822651665927 0.0011899222513223364 -0.0012069078316572642 -0.00077789378819192458 -0.0018307373712650218 0.0022419623537977529 -0.0011964848332517179 0.00022383130385620983 -0.0012964659591902722 0.0006035827339521461 -0.00022226534219101148 0.0027094710188801667 -0.000324397488664787 -0.00011364598408759586 0.0028468159089767055 -0.0020292529298714438 -3.5455012765079208e-05 -0.0022209638311620639 -0.00072021471406823526 2.0368874711080395e-05 -8.6937783265122302e-05 0.0066896645281645743
leaf_weight=138 87 62 61 116 214 73 96 66 147 91 465 63 91 137 66 104 279 127 163 61 218 75 71 123 108 283 65 1716 272 156
leaf_count=138 87 62 61 116 214 73 96 66 147 91 465 63 91 137 66 104 279 127 163 61 218 75 71 123 108 283 65 1716 272 156
internal_value=-0.00299362 -0.0027451 -0.00255562 -0.00276216 -0.00259402 -0.00279475 -0.00262733 0.00502994 -0.00287549 -0.00523867 -0.00666376 -0.00212745 -0.00666129 0.00478049 -0.0102266 -0.0024 -0.00211683 -0.00136076 -0.0018543 -0.00114038 0.000122431 -0.0059204 0.00324503 -0.00890034 -0.00888403 -0.011048 0.00101498 0.00034243 -0.00660971 0.000969632
internal_weight=5794 5656 5569 5507 5446 5330 5257 162 5095 1231 1140 505 305 200 635 170 3864 3313 3166 2880 2282 598 146 286 452 391 2064 1937 551 1872
internal_count=5794 5656 5569 5507 5446 5330 5257 162 5095 1231 1140 505 305 200 635 170 3864 3313 3166 2880 2282 598 146 286 452 391 2064 1937 551 1872
is_linear=0
shrinkage=0.035


Tree=145
num_leaves=31
num_cat=0
split_feature=34 49 126 49 274 49 148 65 250 179 194 166 70 222 264 232 183 164 288 163 14 183 12 71 24 173 119 222 131 270
split_gain=10.3592 7.99135 14.69 14.4802 22.1142 13.0904 12.7185 13.838 12.9573 12.6796 11.5655 11.3184 14.3387 13.6188 9.95743 10.8162 12.2289 9.92011 9.48569 16.9446 17.5737 17.202 16.8809 16.2896 19.7561 17.9475 20.3721 16.9014 15.6173 12.0285
threshold=1.5513857131451818 601.00000000000011 3210.5000000000005 749.50000000000011 1.0000000180025095e-35 826.50000000000011 1714.0000000000002 0.34594999253749853 -1.6880497899918188 12.165760917892783 0.011164271313893477 0.015357620987924482 49.089799880981452 18.887364097589089 0.81157750682181462 23.839473597975783 -0.75962942657208798 -0.058314664673178813 1.0000000180025095e-35 -0.14250417760796238 -1.0000000180025095e-35 -0.1954680696660305 4.9213972779954895 1697.0000000000002 0.03342643742823085 0.49234516214579321 9.0813703703818156 15.464986712075499 0.80904999375343334 56.797543653050774
decision_type=2 2 2 2 2 2 2 2 2 2 2 2 2 2 2 2 2 2 2 2 2 2 2 2 2 2 2 2 2 2
left_child=-1 2 9 4 -3 10 18 17 -9 14 -5 12 -11 -13 15 -2 -17 -8 19 20 -7 22 -21 24 -23 26 -26 28 -25 -28
right_child=1 3 -4 5 -6 6 7 8 -10 11 -12 13 -14 -15 -16 16 -18 -19 -20 21 -22 23 -24 27 25 -27 29 -29 -30 -31
leaf_value=-0.0003586290123872438 -0.0026265456336976418 -0.00097995638020513098 -0.0023767130446582575 -0.0024337393287389621 0.0071626463243284746 -5.9504355674641355e-05 -0.001487269602158974 -0.00020535120592871716 0.0078674414712519482 0.0017490337423351078 -0.00020175942648031355 -0.0018047228461291441 -0.0022460734583300179 0.0020206920507240718 -0.00017298656867346165 0.00019421412407490875 -0.0026393369791539939 0.00077852915459024482 -0.00035522206344323188 -0.00040198892431446507 -0.0029741981144857988 5.7112905955314936e-05 0.0046638551953906001 -0.00031787735660005785 0.013538052390185473 -0.0014423695436134635 8.0645545775493997e-05 0.0024255535966331726 0.00017714165367754332 -0.00075511169247506897
leaf_weight=138 148 125 85 88 169 160 90 87 119 238 124 114 60 63 159 60 60 73 767 99 171 406 160 654 60 240 126 240 386 325
leaf_count=138 148 125 85 88 169 160 90 87 119 238 124 114 60 63 159 60 60 73 767 99 171 406 160 654 60 240 126 240 386 325
internal_value=-0.00292119 -0.00268327 -0.00553931 -0.00207424 0.00538462 -0.00258105 -0.00214131 0.00402406 0.00995261 -0.00416759 -0.0109677 -0.00021875 0.00392739 -0.00711538 -0.00850694 -0.0125641 -0.00448 -0.00354167 -0.00274546 -0.00185851 -0.00927083 -0.000932988 0.00755682 -0.00184889 -0.0048494 -0.00819444 -0.00440891 0.000871595 -0.00107177 -0.00698465
internal_weight=5794 5656 987 4669 294 4375 4163 369 206 902 212 475 298 177 427 268 120 163 3794 3027 331 2696 259 2437 1157 751 511 1280 1040 451
internal_count=5794 5656 987 4669 294 4375 4163 369 206 902 212 475 298 177 427 268 120 163 3794 3027 331 2696 259 2437 1157 751 511 1280 1040 451
is_linear=0
shrinkage=0.035


Tree=146
num_leaves=31
num_cat=0
split_feature=159 159 34 183 203 12 274 21 163 22 183 122 64 213 60 158 230 156 256 150 68 105 72 124 207 149 71 9 60 157
split_gain=8.5457 11.6974 11.6188 10.0653 9.806 14.3518 13.7197 12.7554 11.1283 14.121 13.5946 12.2992 12.6208 10.9397 10.183 9.1127 10.6571 14.7943 16.3686 14.6581 12.5455 12.0402 11.6048 10.4566 9.93082 12.5742 10.8903 9.80444 9.68161 9.4144
threshold=9.8607556649644419 10.568591701089774 1.5513857131451818 0.9679980416652062 0.95125445523729002 2.8218738011089828 0.77507157835306184 0.17754999548196795 0.91739796259804207 0.10485000163316728 0.89850355982888763 12.560445418013748 7.273586498126595 9.9221620879842387 155.00000000000003 -0.0036999955773353572 2.6768949004485347 -0.86869465767359333 60.07120134308682 0.053249999880790717 0.034091949650753038 98.500000000000014 130.50000000000003 -2.9135360665833248 -0.016221741962471527 12.500000000000002 1342.5000000000002 36.896915877054163 1057.0000000000002 -0.0042628798535229318
decision_type=2 2 2 2 2 2 2 2 2 2 2 2 2 2 2 2 2 2 2 2 2 2 2 2 2 2 2 2 2 2
left_child=-1 -2 -3 4 7 -6 -7 8 9 -4 11 13 -13 -11 -14 16 17 22 -19 21 24 -20 28 -24 26 27 -18 -26 -16 -17
right_child=1 2 3 -5 5 6 -8 -9 -10 10 -12 12 14 -15 15 29 20 18 19 -21 -22 -23 23 -25 25 -27 -28 -29 -30 -31
leaf_value=0.00021341496330655924 -0.0022537205312329698 -0.00087874641121854242 0.0058721754417685639 0.00035304768699829186 -0.0020085103417967556 0.00025595605295834767 -0.001062966961926344 0.00063789438325395197 -0.0008315423296733122 0.010846581152173563 0.0017676135860479811 -0.0020248797567178445 0.0040083927475809723 -0.00015540693875437051 -0.00047733219361262454 -0.0010583960657545204 -0.0022732876229996711 0.00045905504601040039 -0.00076933543976263983 -0.00091341671127157084 0.00087397331018347017 0.0077790499805450919 -1.9338066448870709e-06 -0.0020691466499455535 -0.0015367376515448671 0.001469022786642755 -8.8375600042521767e-05 -2.1425814742428998e-06 0.0038919222768514562 -0.00023976808888617697
leaf_weight=84 92 120 64 109 132 114 85 151 79 76 110 81 62 65 101 218 108 394 101 135 115 94 109 168 186 108 67 130 88 2248
leaf_count=84 92 120 64 109 132 114 85 151 79 76 110 81 62 65 101 218 108 394 101 135 115 94 109 168 186 108 67 130 88 2248
internal_value=-0.00292119 -0.00308661 -0.00287569 -0.00263311 -0.00284854 -0.00864583 -0.00257353 -0.00246099 -0.00277178 -0.00254914 -0.00277417 -0.00306504 -0.00338535 0.00695205 -0.00312373 -0.003328 -0.0015034 0.000527197 0.00364883 -0.00208955 -0.00486787 0.004025 -0.00430998 -0.00881206 -0.0068957 -0.00391608 -0.0138056 -0.00741433 0.00234536 -0.00473088
internal_weight=5794 5710 5618 5498 5389 331 199 5058 4907 4828 4764 4654 4513 141 4432 4370 1904 1190 724 330 714 195 466 277 599 424 175 316 189 2466
internal_count=5794 5710 5618 5498 5389 331 199 5058 4907 4828 4764 4654 4513 141 4432 4370 1904 1190 724 330 714 195 466 277 599 424 175 316 189 2466
is_linear=0
shrinkage=0.035


Tree=147
num_leaves=31
num_cat=0
split_feature=185 79 8 147 257 190 91 209 105 172 136 16 160 182 183 152 68 218 182 261 222 271 183 203 148 126 25 226 182 162
split_gain=8.34955 15.679 14.01 12.8443 16.6251 14.5162 15.2601 14.0524 11.8072 10.961 10.0924 11.0183 10.0366 16.9904 12.1711 11.7995 11.4197 12.7632 11.5537 10.88 19.9123 15.4172 13.123 20.3071 17.8595 10.4633 13.4141 13.3978 14.7754 14.1837
threshold=0.013156691651333942 0.021314451207686328 -187.93405349504795 37.097848892211921 13.687720184757184 -0.0046500042080879203 -2.5198331801672809 10.782553649400294 65.500000000000014 0.31049156272784845 26.822750091552738 12.150504345013193 0.010500002652406694 0.11543186543156508 0.9679980416652062 -0.21103920822070502 0.017621470692203187 11.296702086853172 0.28056251740357308 529.66497802734386 22.757467172248308 13.655191048898592 0.21309909280110928 0.97012632223283457 1133.5000000000002 1935.0000000000002 -7.9894838456641315 5.2899682596818662 -0.19924623115315418 0.2778302877540893
decision_type=2 2 2 2 2 2 2 2 2 2 2 2 2 2 2 2 2 2 2 2 2 2 2 2 2 2 2 2 2 2
left_child=1 3 8 4 5 6 10 9 -2 -5 -1 -12 13 -4 15 -14 17 -17 -19 25 21 22 24 -24 -21 26 27 28 -18 -30
right_child=2 -3 12 7 -6 -7 -8 -9 -10 -11 11 -13 14 -15 -16 16 19 18 -20 20 -22 -23 23 -25 -26 -27 -28 -29 29 -31
leaf_value=0.003266756288861051 -6.5072435995491287e-05 0.00058229640940691109 -5.8762573847469527e-05 -0.0018417093018843929 0.0032517382783809352 0.00036786786607338089 0.0035026941713514558 0.0025278245003489096 -0.0034922455978134955 -1.8542736516973803e-05 -0.00051055836317795205 -0.0031325138711249352 -0.00081837342081940109 -0.0020232586354719919 0.00014292550557727158 9.8859408612319026e-05 0.0033875828690406126 -0.0018677496565406156 6.7517736783004057e-05 -0.0010010216484152047 -0.0011079451609138625 0.0069768079447633307 3.5839347344932832e-05 -0.0011594382414128114 2.5830574891718142e-05 0.0085539651757314868 0.00057954641198955641 -0.0014510113986098989 -0.00041323357358007134 0.00014481096287427832
leaf_weight=72 73 423 165 271 142 205 60 66 153 101 351 74 515 163 97 100 167 240 78 207 63 105 528 94 113 122 166 120 410 350
leaf_count=72 73 423 165 271 142 205 60 66 153 101 351 74 515 163 97 100 167 240 78 207 63 105 528 94 113 122 166 120 410 350
internal_value=-0.00286084 -0.000850282 -0.00373946 -0.0027023 -0.000308031 -0.00237288 -0.00529359 -0.00758465 -0.0121212 -0.0102122 -0.00732072 -0.00936047 -0.0032261 -0.00903904 -0.00266523 -0.00302099 -0.00213563 -0.00744681 -0.0108359 -0.00121429 -0.00376682 -0.00256179 -0.00399155 -0.00100478 -0.00969231 0.000914179 -8.62069e-05 -0.00156369 -0.000112661 -0.00219608
internal_weight=5794 1765 4029 1342 904 762 557 438 226 372 497 425 3803 328 3475 3378 2863 418 318 2445 1110 1047 942 622 320 1335 1213 1047 927 760
internal_count=5794 1765 4029 1342 904 762 557 438 226 372 497 425 3803 328 3475 3378 2863 418 318 2445 1110 1047 942 622 320 1335 1213 1047 927 760
is_linear=0
shrinkage=0.035


Tree=148
num_leaves=31
num_cat=0
split_feature=183 271 104 258 134 254 266 274 24 270 126 148 53 10 146 31 260 4 258 104 13 208 264 86 212 49 274 190 261 13
split_gain=8.78651 8.49294 8.95348 12.9294 19.658 12.1487 8.53601 13.1446 10.4221 11.5504 14.5367 16.4306 22.5264 23.7007 19.8649 18.883 18.7786 16.2808 15.6576 15.7696 18.8348 15.17 14.0485 11.4618 10.9991 14.6269 18.075 18.202 15.4138 13.7695
threshold=0.97935230194206724 19.329453374497 66.500000000000014 0.027800001204013828 0.01758503340670502 5.240103359852589 23.235162555558244 -0.075843890127276367 0.020001981120810683 79.367486124550425 144.50000000000003 981.50000000000011 -30.7997120769754 49.516987610256884 -0.88977152476783961 -46.261394316206569 -0.52939796625242908 13.143624629711104 0.033149987459182746 685.50000000000011 90.520608381666577 -0.0036999881267547603 2.5208694324085905 1.1184932060004373 6.1954247594495966 1518.5000000000002 0.51092809919334325 0.0037999860942363743 502.68499755859381 49.203899137013288
decision_type=2 2 2 2 2 2 2 2 2 2 2 2 2 2 2 2 2 2 2 2 2 2 2 2 2 2 2 2 2 2
left_child=1 2 3 4 5 -1 8 -8 23 24 -11 15 13 -13 16 18 -15 -17 19 22 21 -21 -12 -4 -10 26 27 -26 -27 -30
right_child=-2 -3 6 -5 -6 -7 7 -9 9 10 11 12 -14 14 -16 17 -18 -19 -20 20 -22 -23 -24 -25 25 28 -28 -29 29 -31
leaf_value=0.0028371403594774757 0.00021934564975956974 0.0050073148436318047 0.00404598737957668 -0.0022580936852002612 -0.00095388295769783811 -0.00061208324644358638 -0.00095338295500164158 0.0042607799856540281 -0.00087796994317080441 -0.0023011811631937977 -0.0026704316768470997 0.00036070687230547354 -0.0031712332335772386 0.0090463246759728347 -0.0039232696611157577 0.015410274968034841 -0.0028713819959665229 -0.00031889291043996851 0.00080188137606121207 0.0001148239268402146 0.010116259285057614 -0.0011234566652189339 -0.00021887913000374516 -0.00066842117453225984 -0.00012757371321160061 -0.0013809590855239542 0.0070227081866680707 0.0057263022647012192 -0.00022582491238689885 0.00040005731216130993
leaf_weight=67 63 71 132 67 106 69 119 155 256 123 153 165 147 66 126 95 76 61 139 89 65 136 85 94 831 71 103 147 1668 249
leaf_count=67 63 71 132 67 106 69 119 155 256 123 153 165 147 66 126 95 76 61 139 89 65 136 85 94 831 71 103 147 1668 249
internal_value=-0.0027522 -0.00289836 -0.00305207 -0.00880573 -0.00481781 0.00397163 -0.00271191 0.00326165 -0.00303719 -0.00338035 -0.00589811 -0.0048473 -0.00933333 -0.00519406 -0.0115385 -0.00164855 -0.00238095 0.00913043 -0.00421875 -0.0069606 -0.00142373 -0.00623913 -0.0135391 0.00424242 -0.00221772 -0.00162817 0.00164365 0.000142421 -0.00340692 -0.00278616
internal_weight=5794 5731 5660 309 242 136 5351 274 5077 4851 1526 1403 580 433 268 823 142 156 667 528 290 225 238 226 3325 3069 1081 978 1988 1917
internal_count=5794 5731 5660 309 242 136 5351 274 5077 4851 1526 1403 580 433 268 823 142 156 667 528 290 225 238 226 3325 3069 1081 978 1988 1917
is_linear=0
shrinkage=0.035


Tree=149
num_leaves=31
num_cat=0
split_feature=159 19 30 169 275 210 38 192 193 82 47 115 104 104 148 268 193 93 211 131 87 120 225 184 153 14 274 203 141 104
split_gain=12.6191 9.97475 12.6881 10.6402 10.1698 10.2127 11.8427 9.87958 9.19492 19.8874 14.4606 18.5047 10.2686 10.1237 12.991 13.8351 11.8638 11.1798 9.26148 17.8068 12.6497 11.6197 15.1749 13.6974 11.5068 12.8605 12.4462 10.9291 10.8818 13.7615
threshold=9.8607556649644419 5272.5000000000009 5237.5000000000009 11.385657269783449 3.235741086295985 0.052768043175819526 1498.0000000000002 -0.2385166455895654 0.95509914907001459 180.50000000000003 -6.5310087268321517 4137.5000000000009 162.50000000000003 200.50000000000003 227.00000000000003 3.3901917621981252 0.88104678826230665 1551.0000000000002 0.25062423505797554 0.79944998025894176 0.50804999470710765 0.6448500156402589 0.056519887834883036 0.073638636264281507 0.60643903231664675 0.066629442945220788 0.3510423523698637 0.84858041392752181 27.299433908944962 699.50000000000011
decision_type=2 2 2 2 2 2 2 2 2 2 2 2 2 2 2 2 2 2 2 2 2 2 2 2 2 2 2 2 2 2
left_child=-1 -2 -3 7 8 -6 -7 -4 9 12 11 -10 -5 14 15 -11 18 -17 -15 21 28 22 -20 27 25 26 -22 -23 -21 -30
right_child=1 2 3 4 5 6 -8 -9 10 13 -12 -13 -14 16 -16 17 -18 -19 19 20 24 23 -24 -25 -26 -27 -28 -29 29 -31
leaf_value=0.00014159408655495525 -0.00054651542798228592 0.006448167416691881 -0.00025177971838795751 -0.0015146451396295078 0.0017577822183295758 -0.0014130225348037997 0.0011616100326056818 -0.0021075014126202204 0.00020316471073906941 0.00093777907432793521 0.007664809834100633 -0.0016066085264734066 -0.00017379123231127115 -0.00030322710661848996 0.0086124908908375916 0.00014942990738750107 -0.00097618065236295521 -0.0030884019847071654 0.00022771717569820439 0.0010902853731491874 -0.0011876713272163462 -0.00035349431855954407 -0.0013670108469539535 0.00058270573125691015 -0.0020577009486281122 0.0033938844935189724 0.00012448785166610911 0.00029545732189309893 0.00091164708471427219 -0.00059804762338150862
leaf_weight=84 67 84 101 180 210 114 60 173 111 102 88 61 105 2513 65 60 167 61 67 195 114 227 189 66 71 64 81 72 154 88
leaf_count=84 67 84 101 180 210 114 60 173 111 102 88 61 105 2513 65 60 167 61 67 195 114 227 189 66 71 64 81 72 154 88
internal_value=-0.00287291 -0.00307437 -0.00290634 -0.00311377 -0.00275898 0.00269923 -0.00351955 -0.00978495 -0.00318895 -0.00354821 0.00316981 -0.00276836 -0.012431 -0.00295345 0.00334471 -0.000767544 -0.0034029 -0.00861111 -0.00300179 -0.000703518 0.00285622 -0.00508786 -0.010728 -0.00104054 -0.00229851 0.00119318 -0.003325 -0.00425987 0.00673077 0.0017004
internal_weight=5794 5710 5643 5559 5285 384 174 274 4901 4641 260 172 285 4356 288 223 4068 121 3901 1388 767 621 256 365 330 259 195 299 437 242
internal_count=5794 5710 5643 5559 5285 384 174 274 4901 4641 260 172 285 4356 288 223 4068 121 3901 1388 767 621 256 365 330 259 195 299 437 242
is_linear=0
shrinkage=0.035


Tree=150
num_leaves=31
num_cat=0
split_feature=159 107 30 38 193 225 270 201 79 215 270 155 247 38 173 125 79 37 225 163 150 130 38 209 148 79 38 69 26 17
split_gain=12.8969 9.44351 15.0224 13.6081 17.1868 14.8849 11.5593 16.8975 18.2037 15.3436 12.7376 12.8557 12.5565 11.3792 10.8535 9.98064 11.749 9.62411 15.5488 23.7064 15.2573 21.9239 17.3557 16.7404 14.9332 14.4701 14.303 14.2913 14.1027 15.0953
threshold=9.8607556649644419 5177.5000000000009 5237.5000000000009 297.50000000000006 0.96907419437365039 0.15260478889450632 129.52264535446056 0.33534999936819082 0.021314451207686328 -0.042700000107288354 121.04142388005546 0.023422607430023747 539.35998535156261 1664.0000000000002 0.97353542561715456 51.210250854492195 0.014337122084685577 30.412600517272953 0.26442693286315316 0.71856563445915922 0.065249994397163405 -53.69085403629736 2290.0000000000005 8.5922078564909636 1054.5000000000002 0.021314451207686328 1045.5000000000002 -5.6269740430702919 27.98855018615723 20.473091431474359
decision_type=2 2 2 2 2 2 2 2 2 2 2 2 2 2 2 2 2 2 2 2 2 2 2 2 2 2 2 2 2 2
left_child=-1 -2 -3 5 6 14 10 8 -8 -9 11 15 -13 -12 -4 16 -5 18 19 20 22 23 24 -22 28 -26 -20 -28 29 -14
right_child=1 2 3 4 -6 -7 7 9 -10 -11 13 12 17 -15 -16 -17 -18 -19 26 -21 21 -23 -24 -25 25 -27 27 -29 -30 -31
leaf_value=0.00013663829352553094 -0.0010305946235988832 0.0073418774975959611 -0.00073948782872754974 0.0017382355658918285 0.0073301409440410057 0.00014497214606920661 -0.0015822906659936672 -0.00017783158369981679 0.01224720344009291 0.012127364389726137 -0.0020090973556382537 -0.0050793809942262071 -0.00035917457282789561 -0.00020036405758371511 0.00029933824772633485 0.0020508281722023485 -0.00053135433010455485 -0.0003143355099763243 -0.0010608960881825925 0.0015782598739810007 -0.0053331947868132 -0.0010161865045854933 -0.00062270931093513727 0.0052360245544720548 -0.00019223691852767846 0.011950117374989789 -0.00079329532834391603 0.0035283145876224137 0.00031660445744453874 0.010199224079024627
leaf_weight=84 80 71 382 79 77 97 86 61 60 87 143 64 724 102 64 98 118 1312 213 232 61 194 301 75 130 200 206 84 249 60
leaf_count=84 80 71 382 79 77 97 86 61 60 87 143 64 724 102 64 98 118 1312 213 232 61 194 301 75 130 200 206 84 249 60
internal_value=-0.00301776 -0.00322135 -0.00304348 -0.00325216 -0.00267676 -0.00849453 -0.0029379 0.00374582 -0.00463576 0.0118954 -0.00336452 -0.00292395 -0.00343187 -0.01106 -0.0111752 0.00408333 -0.000519802 -0.00317474 -0.00198427 -0.000721649 -0.00196098 -0.00877612 -0.000587178 0.00198582 0.00110015 0.00752239 -0.00750984 -0.00237288 -0.000977842 -0.00328264
internal_weight=5794 5710 5630 5559 5016 543 4939 294 146 148 4645 4400 4105 245 446 295 197 4041 2729 2226 1994 330 1664 136 1363 330 503 290 1033 784
internal_count=5794 5710 5630 5559 5016 543 4939 294 146 148 4645 4400 4105 245 446 295 197 4041 2729 2226 1994 330 1664 136 1363 330 503 290 1033 784
is_linear=0
shrinkage=0.035


Tree=151
num_leaves=31
num_cat=0
split_feature=159 159 214 165 162 92 126 182 271 209 234 271 97 271 27 213 201 126 173 165 251 27 258 163 163 8 138 213 59 37
split_gain=10.0265 10.1104 10.6329 7.56344 15.2657 13.8184 13.7882 9.14954 10.0191 10.5538 9.85665 9.67692 13.5111 12.876 9.80697 21.9083 21.3283 19.959 15.287 10.9803 10.7303 10.5974 10.739 9.39311 18.8924 16.0697 12.7328 9.1457 8.94705 13.4125
threshold=9.8607556649644419 10.568591701089774 0.099550008773803725 0.044252738871526788 0.22684684684603637 51.780050277709968 444.50000000000006 -0.39382009066771972 8.2502420695676282 9.1590465235717069 0.034082940830737492 1.9657440974712315 -2.5475838666888513 0.61967244857086901 2335.0000000000005 10.308585924515116 0.12249999679625036 159.50000000000003 0.85504370037516808 0.028202563171325228 -0.22105431269292539 2165.5000000000005 0.020500000566244129 -0.15899896966946706 0.40574979945845158 -44.804320631661938 3.5000000000000004 9.8445334082860327 45.784250259399421 26.730500221252445
decision_type=2 2 2 2 2 2 2 2 2 2 2 2 2 2 2 2 2 2 2 2 2 2 2 2 2 2 2 2 2 2
left_child=-1 -2 3 7 5 27 -6 8 10 -10 -3 12 -9 -14 21 16 -16 18 -18 -17 -21 28 -23 -19 26 -26 -25 -5 29 -13
right_child=1 2 -4 4 6 -7 -8 11 9 -11 -12 14 13 -15 15 19 17 23 -20 20 -22 22 -24 24 25 -27 -28 -29 -30 -31
leaf_value=0.00013185595325213782 -0.0020259465274453541 7.7124811786780662e-05 0.0033366133090991525 -5.4672847988481715e-05 -0.00013499905838249894 0.00036621736791786209 0.0017797871138625517 0.00033608714724906038 -0.00011988864317159843 0.0094343413424322706 -0.0012799709871423876 -0.00055887233858103297 -0.00013164015947516485 -0.0010256283785895417 0.0094993768243602904 -4.0584620456006197e-05 -0.0014083530116780116 -0.00056459160916767673 0.00035779177437364668 -0.00040661442389218152 -0.0012455647334427284 -0.0022547769957785343 -2.5525225139206855e-05 1.6902384227975854e-05 0.013158871805634303 -0.00038592419503175718 0.0067133652934191039 -0.0013665232189403768 -0.00091722176723732464 -3.6086609297327767e-05
leaf_weight=84 92 219 85 148 114 76 131 92 75 114 132 1231 140 324 77 115 114 77 60 66 89 106 60 74 91 142 147 124 224 1171
leaf_count=84 92 219 85 148 114 76 131 92 75 114 132 1231 140 324 77 115 114 77 60 66 89 106 60 74 91 142 147 124 224 1171
internal_value=-0.00302983 -0.0032091 -0.00301263 -0.00320423 0.000526756 -0.00416431 0.00714 -0.00365217 0.000642202 0.00703608 -0.00285112 -0.00417934 -0.00848485 -0.0108955 -0.00354638 -0.000662252 0.00231258 0.00034507 -0.00977654 -0.00916364 -0.0150938 -0.00462996 -0.0130994 0.00372201 0.0056427 -0.00132353 0.012854 -0.00783394 -0.0040707 -0.00343166
internal_weight=5794 5710 5618 5533 593 348 245 4940 540 189 351 4400 556 464 3844 1052 782 705 174 270 155 2792 166 531 454 233 221 272 2626 2402
internal_count=5794 5710 5618 5533 593 348 245 4940 540 189 351 4400 556 464 3844 1052 782 705 174 270 155 2792 166 531 454 233 221 272 2626 2402
is_linear=0
shrinkage=0.035


Tree=152
num_leaves=31
num_cat=0
split_feature=159 30 30 247 270 30 183 118 160 70 37 22 20 211 217 22 4 6 104 214 105 49 48 67 205 137 132 270 61 155
split_gain=8.88927 8.809 15.9909 11.059 12.5552 10.4966 26.6112 18.0101 15.8129 14.5522 17.1473 11.8142 11.4374 13.9183 13.4737 14.4762 18.3515 26.1654 14.805 16.332 15.8979 14.1727 13.6312 24.9689 17.5439 14.7126 13.0592 14.5298 12.688 12.4445
threshold=9.8607556649644419 5102.5000000000009 5237.5000000000009 545.01501464843761 111.26562084039183 5552.5000000000009 0.12997353077552068 5527.5000000000009 0.0033500045537948613 36.081600189208991 26.449900627136234 0.34634999930858618 95.303884762445463 -0.80616903831345088 71.398529602386148 0.25309999287128454 -70.353808183387244 -134.03335664513995 2675.5000000000005 0.0084999911487102526 181.50000000000003 1606.5000000000002 29.617500305175785 7.1364010351496381 0.025918934525133101 1027.5000000000002 0.33994999527931219 71.032214100746657 77.500000000000014 0.022311961709886089
decision_type=2 2 2 2 2 2 2 2 2 2 2 2 2 2 2 2 2 2 2 2 2 2 2 2 2 2 2 2 2 2
left_child=-1 -2 -3 4 -4 6 9 -8 11 -5 -11 -7 13 -10 15 18 17 -17 19 20 -15 -20 23 24 25 -21 -18 -28 -29 -24
right_child=1 2 3 5 -6 8 7 -9 12 10 -12 -13 -14 14 -16 16 26 -19 21 22 -22 -23 29 -25 -26 -27 27 28 -30 -31
leaf_value=0.00012724099488831277 -0.00095930258320577619 0.0070459842521159262 -0.0040257614336923009 0.019759285995805211 -0.00042984795889007636 -0.0023069675916299465 0.0015576069101961218 -0.0069602101655545888 0.0060176886589491142 -0.003578533405307071 0.0018064441677249985 -0.00065429864405554153 -0.0031943673488296436 -0.00087092349074380606 0.0071611520969420929 -0.00241897833931044 -0.002071249766392144 0.011364070700064142 -0.0028171838145933346 0.0044368284302626262 5.8410009732640663e-05 -2.0280171002012296e-05 0.0021383848786359298 0.0090528747763248298 0.0053148218306077362 -0.0012054717600994199 -0.0011143108498251882 0.0020866061516896027 -0.001165075931856447 -0.00010729220070271828
leaf_weight=84 79 72 81 68 112 92 78 66 86 61 95 157 61 175 62 61 398 118 122 91 105 87 104 84 99 150 91 83 93 2679
leaf_count=84 79 72 81 68 112 92 78 66 86 61 95 157 61 175 62 61 398 118 122 91 105 87 104 84 99 150 91 83 93 2679
internal_value=-0.00313847 -0.00330709 -0.00313609 -0.0033528 -0.0114899 -0.00304971 0.00262735 -0.00892617 -0.00346992 0.0100873 0.00391304 -0.0119882 -0.00301115 -0.00280418 -0.00306924 -0.00329593 -0.00742049 0.00247283 -0.00234531 -0.0017941 -0.00982456 -0.011285 -0.00107877 0.00473193 0.000405797 -0.00469512 -0.0100821 -0.00398897 0.0019337 -0.00197095
internal_weight=5794 5710 5631 5559 193 5366 368 144 4998 224 156 249 4749 4688 4602 4540 844 179 3696 3487 280 209 3207 424 340 241 665 267 176 2783
internal_count=5794 5710 5631 5559 193 5366 368 144 4998 224 156 249 4749 4688 4602 4540 844 179 3696 3487 280 209 3207 424 340 241 665 267 176 2783
is_linear=0
shrinkage=0.035


Tree=153
num_leaves=31
num_cat=0
split_feature=159 47 148 232 27 158 142 27 260 7 53 222 225 43 78 127 174 183 176 180 48 114 126 11 258 9 27 58 13 11
split_gain=8.96652 9.1641 8.61475 15.3205 15.5795 10.4711 12.8353 10.3792 14.3658 14.5333 19.119 15.0441 16.0506 15.409 14.2525 10.2536 9.78588 9.43791 9.17254 8.4691 8.31699 18.6905 13.2692 19.221 12.2393 16.2346 17.4631 17.1197 16.0342 14.2986
threshold=9.8607556649644419 -17.32638506058866 97.500000000000014 15.373963874840138 959.50000000000011 0.011100001633167269 0.80945000052452099 2619.0000000000005 0.78599164927552878 -44.177654431255867 -32.942164624610292 14.430748232671709 0.12127013564152668 0.26305000483989721 8.983138281769099 51.500000000000007 -0.10838352186259655 0.57695744351109945 -0.18966354697902685 -0.0025999695062637325 28.966000556945804 39.997549057006843 664.00000000000011 45.452666116814619 0.033200003206729896 103.48315184552065 2165.5000000000005 -5.1847957602042865 84.034207256341986 36.954727379549368
decision_type=2 2 2 2 2 2 2 2 2 2 2 2 2 2 2 2 2 2 2 2 2 2 2 2 2 2 2 2 2 2
left_child=-1 -2 3 4 -3 6 18 20 9 10 -9 12 13 14 -11 -12 -14 -18 -6 -5 22 -22 -4 -24 25 26 27 -23 -29 -28
right_child=1 2 7 19 5 -7 -8 8 -10 11 15 -13 16 -15 -16 -17 17 -19 -20 -21 21 24 23 -25 -26 -27 29 28 -30 -31
leaf_value=0.00012278756006722091 -0.0014670334697582995 0.0009154680685731746 -0.00086501528762728886 -0.001378268265209204 5.4299951582288676e-06 -0.00082435048184877687 0.00044939305189467597 0.0001890219744329322 -0.0008564503972087929 0.0082092913634346665 -0.0012470178110967805 0.011750196596338627 9.2507135868681879e-05 0.0092288327714680624 -0.00040339467452897018 -0.00028514206471958766 -0.00013973885731736359 -0.0017956871813275053 -0.00086616507776166203 -0.0018278167070426262 -0.00093461845904584074 2.3224200898082085e-05 -0.0017663811608725462 0.0074642748004598103 0.00035590638037059864 -0.0024853152746034395 -1.7580957015912516e-05 -0.00089534841418475216 0.004052154602153888 -0.0018152177568207155
leaf_weight=84 109 96 253 63 100 195 175 134 68 103 88 138 76 102 98 74 73 61 127 140 765 1314 93 239 203 193 94 334 66 136
leaf_count=84 109 96 253 63 100 195 175 134 68 103 88 138 76 102 98 74 73 61 127 140 765 1314 93 239 203 193 94 334 66 136
internal_value=-0.00318676 -0.00335608 -0.00315287 -0.00629301 -0.00376074 -0.00587209 -0.00257985 -0.00254883 0.000583333 0.00172794 -0.00465116 0.00464177 0.00182432 0.00693182 0.00118932 -0.0125749 -0.00553488 -0.0110791 -0.00799569 -0.0146394 -0.00341001 -0.00413023 0.000415254 0.00498516 -0.00256716 -0.00334967 -0.00237045 -0.0011402 -0.0074321 -0.0113191
internal_weight=5794 5710 5601 896 693 597 402 4705 1015 947 296 651 513 303 201 162 210 134 227 203 3690 3105 585 332 2340 2137 1944 1714 400 230
internal_count=5794 5710 5601 896 693 597 402 4705 1015 947 296 651 513 303 201 162 210 134 227 203 3690 3105 585 332 2340 2137 1944 1714 400 230
is_linear=0
shrinkage=0.035


Tree=154
num_leaves=31
num_cat=0
split_feature=2 30 93 49 71 49 274 49 54 204 211 36 9 27 261 70 222 27 160 47 213 271 270 36 19 210 258 41 213 137
split_gain=9.09198 13.4978 11.2538 12.5007 16.7118 13.6841 15.1484 12.9341 12.1531 11.789 11.1949 10.8297 18.4046 15.3784 15.981 13.655 13.78 16.975 15.275 13.1908 12.2128 16.664 15.1985 17.3353 12.2534 11.1137 10.7439 13.3355 14.1111 12.4224
threshold=5209.8549804687509 5237.5000000000009 30.000000000000004 601.00000000000011 200.00000000000003 749.50000000000011 1.0000000180025095e-35 826.50000000000011 0.23955000191926959 0.036344204277749918 -0.64526394674266907 -11.985859950519398 -16.217364053096251 692.00000000000011 482.14500427246099 39.169599533081062 11.42801200624808 3446.5000000000005 0.015000008046627046 -12.106973707922142 9.6931985247545693 13.89523916940964 37.821258477137221 -8.8025316801572036 5972.5000000000009 0.034508646577553405 0.02790000289678574 5977.5000000000009 9.9580941017468323 1345.0000000000002
decision_type=2 2 2 2 2 2 2 2 2 2 2 2 2 2 2 2 2 2 2 2 2 2 2 2 2 2 2 2 2 2
left_child=-1 -2 -3 4 8 6 -5 -7 -4 -6 -9 13 -13 -12 -15 16 17 26 -18 -20 21 -14 23 -22 -23 -17 27 -16 29 -29
right_child=1 2 3 5 9 7 -8 10 -10 -11 11 12 20 14 15 25 18 -19 19 -21 22 24 -24 -25 -26 -27 -28 28 -30 -31
leaf_value=-0.00089418525897844365 0.0057604530604634463 0.0037588351472409437 -0.0013820131687201436 -0.000716034215180137 -0.00039577702091491974 -0.0015060694274170051 0.0051808015073135294 0.0022703457769497749 0.00021197573437791052 -0.0024611273804685955 0.0070294955227791587 0.0070937444218673691 -4.221882977712005e-05 -0.0029299069498291285 0.0042290484576403622 -0.0033349250839987887 -0.0019846673646996501 0.00085523146879348648 0.0011608520005451618 -0.0016107257254924677 0.0012190931245507238 0.00024079232097324436 -0.00028083218474427132 -0.00013299881255939618 0.011240078484902697 -0.00062677179554062939 -0.0020105136461625026 -0.00093353286126692642 -0.0013778520767418663 0.00055156915262172127
leaf_weight=92 83 118 61 124 217 211 159 80 191 260 72 64 924 124 132 74 105 142 130 145 98 62 1323 140 65 203 63 146 74 112
leaf_count=92 83 118 61 124 217 211 159 80 191 260 72 64 924 124 132 74 105 142 130 145 98 62 1323 140 65 203 63 146 74 112
internal_value=-0.00306605 -0.00288243 -0.00309299 -0.00332456 -0.00758174 -0.00266695 0.00473958 -0.00313863 -0.000272374 -0.0114004 -0.00271305 -0.00296455 -0.0016188 -0.00531762 -0.00610997 -0.00494365 -0.00308824 -5.19288e-05 -0.00836364 -0.003875 -0.00208636 0.000828598 -0.00404534 0.00403292 0.0124621 -0.0117908 -0.00296053 -0.00104478 -0.00477745 -0.000798479
internal_weight=5794 5702 5619 5501 729 4772 283 4489 252 477 4278 4198 2676 1522 1450 1326 1049 669 380 275 2612 1051 1561 238 127 277 527 464 332 258
internal_count=5794 5702 5619 5501 729 4772 283 4489 252 477 4278 4198 2676 1522 1450 1326 1049 669 380 275 2612 1051 1561 238 127 277 527 464 332 258
is_linear=0
shrinkage=0.035


Tree=155
num_leaves=31
num_cat=0
split_feature=134 165 154 21 111 256 164 260 126 207 6 232 275 115 225 41 32 93 231 121 253 138 6 222 153 146 147 87 69 123
split_gain=8.60222 11.2701 10.3231 14.4366 17.3591 13.6109 12.4534 12.2134 13.7038 15.5544 11.3636 10.4669 10.7707 9.54149 9.9375 17.3707 12.2484 11.1879 10.2725 10.1575 9.18529 10.7708 9.12952 10.2071 9.35009 9.08263 8.93691 8.39483 13.6165 13.2049
threshold=0.013422795165944482 0.047592996992242377 -0.15112096367129865 0.13235000520944598 24.051562386420745 22.016503216119879 -0.086792460021830081 0.87773940840369258 179.00000000000003 0.026485991847376041 -20.56338029672207 9.0458339271837236 -0.86723999747573266 4891.5000000000009 0.24975287900054485 6242.5000000000009 0.16555000096559527 3362.0000000000005 0.45935561236110095 0.51660001277923595 1.2065144479112002 48.500000000000007 -14.678580012588352 19.860679007262615 0.097562377589887159 -0.89701053194607916 20.706349372863773 0.50255000591278087 -9.1387184879243506 0.0082304187587245742
decision_type=2 2 2 2 2 2 2 2 2 2 2 2 2 2 2 2 2 2 2 2 2 2 2 2 2 2 2 2 2 2
left_child=1 20 3 5 11 -2 -6 8 -7 10 -10 12 -5 14 16 22 17 18 -4 26 21 27 23 -16 -25 -22 -20 29 -29 -1
right_child=2 -3 13 4 6 7 -8 -9 9 -11 -12 -13 -14 -15 15 -17 -18 -19 19 -21 25 -23 -24 24 -26 -27 -28 28 -30 -31
leaf_value=-0.00055090758671488057 -0.0021463795352903935 0.00060625902458620823 -0.0028480206629763211 -0.00011481006850840692 -0.0003889801497149545 0.0057186299727705718 8.6805487911881951e-05 -0.00086171946517131406 -1.6489187947723724e-05 0.00045255767139790355 -0.0014746129353548194 -0.00040667460764964917 0.0041317191484581848 -0.0013734516039143644 -0.00163189050214528 0.00052536155933797244 -0.002188078748463176 0.00080621092081747177 0.0067589326258913228 -0.0038407320527140969 -0.00017494407240781177 -0.002197666086047512 -1.0464776975780411e-05 4.0648704468239095e-05 -0.0023338443526957379 -0.0024643896854499498 -0.00024817838485972828 0.0053798703137367676 -0.00025688739577012123 0.0002195490313457918
leaf_weight=181 108 65 67 63 115 89 106 61 98 106 103 99 166 76 136 61 70 133 67 65 101 60 61 63 88 108 1426 66 898 888
leaf_count=181 108 65 67 63 115 89 106 61 98 106 103 99 166 76 136 61 70 133 67 65 101 60 61 63 88 108 1426 66 898 888
internal_value=-0.00296948 -0.00134275 -0.00408945 -0.00131367 0.00271661 -0.0052193 -0.00480088 -0.0025 -0.000174564 -0.00370192 -0.00934466 0.00777778 0.0118162 -0.00542062 -0.00497993 -0.0098913 -0.00385706 -0.00325581 -0.00405828 -0.0034485 -0.00175986 -0.001051 -0.0128895 -0.0154623 -0.00875 -0.00866822 -0.0028271 -0.000601079 -0.00296182 0.00153166
internal_weight=5794 2367 3427 1114 549 565 221 457 396 307 201 328 229 2313 2237 409 1828 1758 1625 1558 2302 2093 348 287 151 209 1493 2033 964 1069
internal_count=5794 2367 3427 1114 549 565 221 457 396 307 201 328 229 2313 2237 409 1828 1758 1625 1558 2302 2093 348 287 151 209 1493 2033 964 1069
is_linear=0
shrinkage=0.035


Tree=156
num_leaves=31
num_cat=0
split_feature=47 30 257 257 101 68 48 168 164 148 27 24 163 195 152 157 193 82 67 126 17 27 166 176 49 175 154 161 134 71
split_gain=8.43892 8.23247 6.92889 9.19992 14.3583 16.6074 17.4065 13.3963 11.0116 10.9468 14.6127 17.1359 10.3075 13.4752 14.7879 13.9762 13.8999 12.6394 12.2003 11.5806 13.8676 17.8567 12.4962 12.4779 12.0575 10.476 11.6584 10.6092 15.3953 10.7381
threshold=-18.084492616129229 6367.5000000000009 18.588475063729458 11.2540598271995 0.01410105224111814 0.017316311564441567 42.446100234985359 -0.001899994909763336 -0.047619050702477995 174.50000000000003 1862.0000000000002 0.042109989307850405 -0.19757400696147756 0.016668842756755804 0.36363636363242824 0.026690264884129327 0.11012206478155838 1481.0000000000002 7.4097679813799013 429.00000000000006 -15.334831842042648 944.50000000000011 -0.17895671753860706 0.34610931842802023 1142.5000000000002 0.035820345873053473 -0.072289158865769268 0.11727499961853029 0.017323511766138184 4131.0000000000009
decision_type=2 2 2 2 2 2 2 2 2 2 2 2 2 2 2 2 2 2 2 2 2 2 2 2 2 2 2 2 2 2
left_child=-1 2 3 12 7 -6 9 -5 -9 -7 11 -11 13 14 15 16 -2 -16 -15 20 -14 24 23 -21 -22 27 -27 -23 29 -29
right_child=1 -3 -4 4 5 6 -8 8 -10 10 -12 -13 19 18 17 -17 -18 -19 -20 22 21 25 -24 -25 -26 26 -28 28 -30 -31
leaf_value=-0.0013743274047023264 -4.6559472351991877e-05 -0.00042723130276982937 -0.0027486085229994398 0.0036030547607673515 -0.0025378963551919934 0.00031877619599206432 0.007422568209841952 -0.00085177042795257275 0.00046663758404119133 -0.0031465353811074158 -0.0018929802254527576 0.0039240020363384394 -0.002584990554320603 -0.00030510139700156428 -0.002715428839804415 -0.0015412010110753477 0.007247166105796469 -3.2677955243829992e-05 -0.003331069486446027 -9.1770966618871531e-05 -0.00025505619023024077 0.0028983976958796582 5.9876653076346434e-05 -0.00088528407230931811 0.0035968435542087346 0.000216759730969957 -0.00047823128282441956 -0.0001792681955621438 -0.0016790110720902717 -0.00088251403477682079
leaf_weight=69 505 89 83 220 102 77 96 76 191 101 67 97 146 75 131 149 77 96 115 705 107 71 962 105 121 220 81 532 263 65
leaf_count=69 505 89 83 220 102 77 96 76 191 101 67 97 146 75 131 149 77 96 115 705 107 71 962 105 121 220 81 532 263 65
internal_value=-0.00289705 -0.00274258 -0.00256869 -0.00241184 0.00057655 -0.00333945 -0.000316027 0.00490854 -0.000386029 -0.00403458 -0.00738889 -0.00241379 -0.00308983 -0.0059497 -0.00421599 -0.00175951 0.000715503 -0.0119181 -0.014359 -0.00211055 -0.00425822 -0.00320137 -0.000157569 -0.00334969 0.00570815 -0.00486661 0.000800654 -0.00669338 -0.00776879 -0.00459302
internal_weight=5794 5725 5636 5553 1027 540 438 487 267 342 265 198 4526 1148 958 731 582 227 190 3378 1606 1460 1772 810 228 1232 301 931 860 597
internal_count=5794 5725 5636 5553 1027 540 438 487 267 342 265 198 4526 1148 958 731 582 227 190 3378 1606 1460 1772 810 228 1232 301 931 860 597
is_linear=0
shrinkage=0.035


Tree=157
num_leaves=31
num_cat=0
split_feature=166 76 153 150 15 253 21 257 253 150 82 163 13 231 44 192 223 155 174 61 197 254 234 193 6 26 27 50 49 11
split_gain=7.87757 12.8923 10.5429 9.70117 8.66831 8.72083 8.25093 8.21329 8.08646 12.5564 13.8266 18.9872 18.2472 10.8503 10.8968 10.6937 11.3247 10.3233 13.0839 14.9381 12.7674 12.1393 12.0882 10.669 16.6929 11.8635 11.6592 15.4265 11.3169 12.6637
threshold=-1.0944836942824308 0.36484999954700476 -0.080561030719623714 0.034549996256828315 2.2424427501621662 1.0000000180025095e-35 0.1824000030755997 2.4899491711400747 -0.1661748963832643 0.038449995219707496 1481.0000000000002 -0.16086942040164459 77.353253970824895 11.851586771499669 0.29360000789165502 -0.43906354514096896 5.7747651624588077 0.031260297710039429 -0.020339213533274825 136.50000000000003 0.0014682325343652357 4.719207133284665 -0.11160099750273654 -0.1252437485661439 3.003023296351778 34.935049057006843 2919.0000000000005 38.500000000000007 1833.5000000000002 32.192843948298268
decision_type=2 2 2 2 2 2 2 2 2 2 2 2 2 2 2 2 2 2 2 2 2 2 2 2 2 2 2 2 2 2
left_child=1 2 -1 -4 5 -3 8 -5 9 15 11 -11 -12 -13 -15 -2 -17 18 19 20 21 -10 -20 24 28 26 27 -25 29 -19
right_child=6 4 3 7 -6 -7 -8 -9 17 10 12 13 -14 14 -16 16 -18 23 22 -21 -22 -23 -24 25 -26 -27 -28 -29 -30 -31
leaf_value=-1.0804600422133494e-05 7.5082378860497072e-06 0.00049782309682007701 -0.0022315024613657262 0.00020820483151003268 0.00047817489861933134 -0.0011043971884835656 7.8607603262548112e-05 -0.0014424399148908729 -0.00039500216377893029 -0.0020335391651312047 0.0020472521481614114 9.6463879143862687e-06 -0.0019904855566300179 -0.0028616578794392884 -0.00015483814275459433 -9.4902099696875532e-05 -0.0010041699137438322 -0.0013138504285255955 -0.00064655753897279128 0.00063645240331284224 -0.0011783299130801791 0.00068139908843216248 0.0017217524194975819 -0.0027664826556938029 -0.0028159047943820581 -0.00088000673950180801 -0.00028556629469739031 8.0151825730876021e-05 7.1028236455863988e-05 -0.00054241083548463049
leaf_weight=90 164 75 109 60 67 77 74 120 83 161 233 596 67 95 112 160 416 106 75 116 221 60 306 66 74 113 362 936 135 465
leaf_count=90 164 75 109 60 67 77 74 120 83 161 233 596 67 95 112 160 416 106 75 116 221 60 306 66 74 113 362 936 135 465
internal_value=-0.00282462 -0.00661692 -0.0104818 -0.0136905 0.00015625 -0.0044586 -0.00238223 -0.00832432 -0.00255315 -0.00428571 -0.0021513 -0.00418989 0.00436066 -0.00194926 -0.00875 -0.00789262 -0.0101205 -0.00143452 0.00181871 -0.00202062 -0.00550136 0.00260135 0.00661917 -0.00267683 -0.00597452 -0.000921053 0 0.00194638 -0.00423347 -0.00638021
internal_weight=5794 598 379 289 219 152 5196 180 5122 2004 1264 964 300 803 207 740 576 3118 861 480 364 143 381 2257 780 1477 1364 1002 706 571
internal_count=5794 598 379 289 219 152 5196 180 5122 2004 1264 964 300 803 207 740 576 3118 861 480 364 143 381 2257 780 1477 1364 1002 706 571
is_linear=0
shrinkage=0.035


Tree=158
num_leaves=31
num_cat=0
split_feature=148 123 148 2 30 211 9 101 205 11 227 159 266 266 266 17 151 33 153 153 184 93 172 160 270 215 93 27 27 63
split_gain=8.04194 13.9365 12.6254 8.36045 10.0368 8.55995 9.18993 15.9368 13.982 11.9891 10.676 11.1519 10.9967 9.89461 11.9898 13.2544 10.5753 11.5116 10.8974 15.3129 15.1378 16.5289 15.6613 13.9621 17.0608 18.7688 17.8707 17.7779 13.78 29.3037
threshold=2458.0000000000005 0.0092059872907687117 2112.0000000000005 5209.8549804687509 5237.5000000000009 -0.86047507331123663 105.56436382860817 0.0097800469642418258 0.012213360310789614 150.22406617704979 0.088484022843227109 13.537873201339531 3.5581294183928418 25.3374219713487 14.997942650710751 22.111764525747372 0.54142498970031749 0.49635000526905065 -0.32432652714598942 -0.10323010323006972 -0.067256139813267002 339.00000000000006 -0.070239499461298718 0.010500002652406694 56.842127889265264 -0.041699998080730431 558.50000000000011 2335.0000000000005 1396.0000000000002 6007.5000000000009
decision_type=2 2 2 2 2 2 2 2 2 2 2 2 2 2 2 2 2 2 2 2 2 2 2 2 2 2 2 2 2 2
left_child=2 -2 3 -1 -5 -6 9 -8 -9 13 11 12 -10 14 15 16 17 18 -7 20 -20 -22 -23 -21 -25 28 -27 -28 -26 -30
right_child=1 -3 -4 4 5 6 7 8 10 -11 -12 -13 -14 -15 -16 -17 -18 -19 19 23 21 22 -24 24 25 26 27 -29 29 -31
leaf_value=-0.00073302523591216144 0.00025404764202508617 -0.0014208782823644946 0.0086432078613652066 0.0055138934267191624 0.0044392653971080049 -0.00066191934494825677 -0.002169339026644004 0.0012276524674837152 -0.00044894746175310965 0.0033174601812782163 -0.0023239646996748445 -0.0031631549302310268 0.0051648714866054397 0.0034943249409608249 -0.0014221844281823012 0.0046862809929542068 -0.003284205492057784 0.0022262373908853595 0.0065011893226383987 -0.00086738374087105949 0.0096217097369335636 -0.0016250567878655616 0.00011230102714990255 2.9278783876151573e-05 -0.00041828729841609797 0.0057331046157686567 -0.0018356450583443319 -0.00010236918962190534 0.0073649804429201998 -0.00018282606837963125
leaf_weight=75 75 290 63 82 120 470 96 94 66 110 176 65 60 101 253 136 69 104 122 205 60 91 195 1035 267 83 389 302 177 363
leaf_count=75 75 290 63 82 120 470 96 94 66 110 176 65 60 101 253 136 69 104 122 205 60 91 195 1035 267 83 389 302 177 363
internal_value=-0.00247456 -0.00747297 -0.00213195 -0.00231987 -0.00214785 -0.00234273 -0.00256282 -0.00678826 -0.00398069 -0.00203659 -0.00705645 -0.00125 0.00480916 -0.00232437 -0.00258091 -0.00211392 -0.0024892 -0.00223501 -0.00255712 -0.00183819 0.00399577 0.00019943 -0.0033677 -0.00281139 -0.00210988 -0.00439155 -0.00826701 -0.0101078 -0.000646552 0.00256881
internal_weight=5794 365 5429 5366 5291 5209 5089 557 461 4532 367 191 126 4422 4321 4068 3932 3863 3759 3289 468 346 286 2821 2616 1581 774 691 807 540
internal_count=5794 365 5429 5366 5291 5209 5089 557 461 4532 367 191 126 4422 4321 4068 3932 3863 3759 3289 468 346 286 2821 2616 1581 774 691 807 540
is_linear=0
shrinkage=0.035


Tree=159
num_leaves=31
num_cat=0
split_feature=142 150 23 72 64 138 275 93 148 57 198 218 268 124 229 80 71 205 215 222 174 13 30 28 222 261 116 230 251 213
split_gain=7.90582 11.3664 9.86558 9.34929 10.1962 8.80558 11.9992 9.84452 13.0909 8.6189 8.59608 8.95863 8.98166 8.44422 8.5568 11.9024 11.6237 11.5672 16.0859 12.3463 15.8447 12.9874 17.5891 11.9674 12.3816 12.0441 11.3945 11.1734 10.672 10.06
threshold=0.82604998350143444 0.020300004631280903 1.9281070442939046 147.50000000000003 11.458009709274243 21.500000000000004 -2.2179765547614134 1983.0000000000002 76.500000000000014 0.04013418978406786 0.041400015354156501 3.5563395989751752 4.3866837168371484 -1.2227650600731828 1.3891865947424089 -3.6795095325470766 517.00000000000011 0.015633793795811431 -0.052550002932548516 30.824622616607908 0.035108277739635173 120.08897497362372 5492.5000000000009 264.50000000000006 31.083732525817368 457.45500183105474 37.500000000000007 7.020348361838626 -0.096863172563965691 9.6162386923572623
decision_type=2 2 2 2 2 2 2 2 2 2 2 2 2 2 2 2 2 2 2 2 2 2 2 2 2 2 2 2 2 2
left_child=5 -2 -3 -4 -5 13 -7 10 -9 -10 11 -8 -13 14 15 16 -1 18 23 20 21 22 -20 24 25 -16 27 -24 -27 -19
right_child=1 2 3 4 -6 6 7 8 9 -11 -12 12 -14 -15 17 -17 -18 29 19 -21 -22 -23 26 -25 -26 28 -28 -29 -30 -31
leaf_value=-0.00084536706176870807 -0.0017161109913874546 0.00086374642436270902 -0.00074818053153926376 -0.00056166204109254548 0.00051461028049115296 0.00010916949099181339 0.0001085479706983833 -0.00088477881902175224 0.00069819790459719816 -0.00053559877788748498 -0.0030486142240359329 -0.00026807252800676061 -0.0012366049630275684 -0.0010418512853753151 0.00031502907799952495 -0.00094357040783639499 8.2916492551350648e-05 -0.00014550402333873838 0.011282447458604994 -0.0013437795885714173 -0.0011146915437883576 -0.00077746862347133111 0.0022991464214967435 0.0011917733548845498 0.0029413257803797069 -0.00022159334222490287 -7.9432417765187848e-05 -0.00010418123701385411 -0.0018343942497832167 -0.00065260103650771563
leaf_weight=112 61 204 115 72 95 135 67 81 132 66 66 170 128 98 97 97 812 625 74 140 133 60 369 75 102 146 239 157 257 809
leaf_count=112 61 204 115 72 95 135 67 81 132 66 66 170 128 98 97 97 812 625 74 140 133 60 369 75 102 146 239 157 257 809
internal_value=-0.00253492 0.00145833 0.00327902 -0.00097561 0.00427326 -0.00295221 -0.00621765 -0.00802797 -0.00283451 0.00206897 -0.0113188 -0.00898649 -0.0115512 -0.00231904 -0.00207937 0.000716374 0.0019591 -0.0029486 -0.00111381 0.00136788 0.0027001 0.004375 0.0055154 -0.00538856 -0.0070346 -0.00928713 0.00386364 0.00672316 -0.011924 -0.00530229
internal_weight=5794 547 486 282 167 5247 845 710 279 198 431 365 298 4402 4304 1021 924 3283 1849 1172 1032 899 839 677 602 500 765 526 403 1434
internal_count=5794 547 486 282 167 5247 845 710 279 198 431 365 298 4402 4304 1021 924 3283 1849 1172 1032 899 839 677 602 500 765 526 403 1434
is_linear=0
shrinkage=0.035


end of trees

feature_importances:
ctx_qqq_ib_range_bps=145
ctx_spy_phys_total_oi_skew_call_minus_put=134
ib_range_bps=128
call_d25_oi=120
put_d50_oi=109
phys_d50_oi_skew_call_minus_put=105
put_d80_oi=100
put_d65_oi=98
put_d25_oi=89
call_d15_oi=87
ctx_qqq_spot=86
ctx_qqq_phys_total_oi_skew_call_minus_put=83
ctx_spy_ib_range_bps=81
call_d35_oi=77
call_d15_strike=76
call_d50_oi=71
put_d35_oi=69
phys_d15_iv_skew_put_minus_call=69
put_d15_strike=65
dist_fib_200_up_bps=61
dist_fib_127_up_bps=59
phys_total_option_oi_log=55
phys_d65_oi_skew_call_minus_put=54
dist_fib_200_dn_bps=52
call_d65_oi=51
phys_d25_oi_skew_call_minus_put=49
call_d15_iv=46
phys_d15_oi_skew_call_minus_put=46
put_d15_oi=45
phys_fib_any_min_abs_bps=44
ctx_qqq_phys_d35_iv_skew_put_minus_call=43
dist_ib_high_bps=39
phys_d15_liquidity_score=39
phys_d25_iv_skew_put_minus_call=39
ctx_qqq_nearest_level_abs_bps=39
phys_call_iv_slope_low_to_high=38
phys_total_oi_skew_call_minus_put=37
phys_nearest_level_vs_ib_range=37
dist_fib_161_dn_bps=35
phys_d35_oi_skew_call_minus_put=35
spot=34
call_d25_vega=34
phys_ib_edge_min_abs_bps=34
phys_put_iv_slope_low_to_high=32
ctx_spy_spot=29
ctx_spy_nearest_level_abs_bps=29
ctx_spy_phys_d35_iv_skew_put_minus_call=28
dist_ib_low_bps=26
phys_d80_oi_skew_call_minus_put=26
phys_ib_balance=26
put_d15_iv=25
phys_d25_liquidity_score=25
phys_d50_liquidity_score=25
call_d25_strike=24
ctx_qqq_ret_15m_bps_minus_self=24
call_d80_oi=22
ctx_qqq_ret_30m_bps=22
dist_fib_127_dn_bps=21
phys_fib_up_min_abs_bps=21
phys_fib_dn_mean_signed_bps=21
phys_abs_ret_30m_bps=20
ret_30m_bps=19
put_d15_mid_bps=19
call_d50_vega=18
call_d35_strike=17
put_d35_spread_pct=17
phys_d50_volume_skew_call_minus_put=17
phys_fib_dn_min_abs_bps=17
put_d35_mid_bps=16
call_d50_volume=16
phys_d80_iv_mean=16
dist_fib_161_up_bps=15
call_d25_theta_over_mid=15
put_d35_vega=15
call_d80_strike=15
call_d80_spread_pct=15
phys_d35_spread_mean=15
phys_d65_iv_skew_put_minus_call=15
phys_d80_spread_mean=15
phys_fib_up_mean_signed_bps=15
ctx_spy_phys_total_volume_skew_call_minus_put=15
nearest_level_abs_bps=14
call_d15_spread_pct=14
put_d65_iv=14
put_d65_spread_pct=14
phys_d80_liquidity_score=14
phys_total_option_volume_log=14
ctx_spy_ret_30m_bps=14
put_d25_vega=13
put_d80_abs_delta=13
ctx_spy_ret_1m_bps_minus_self=13
ctx_qqq_phys_total_volume_skew_call_minus_put=13
call_d25_abs_delta=12
call_d25_iv=12
put_d25_strike=12
put_d25_abs_delta=12
put_d25_iv=12
call_d65_vega=12
call_d80_iv=12
call_d80_vega=12
put_d80_strike=12
put_d80_vega=12
phys_d25_spread_mean=12
phys_total_volume_skew_call_minus_put=12
ctx_spy_ret_30m_bps_minus_self=12
call_d15_volume=11
call_d35_mid_bps=11
call_d35_spread_pct=11
call_d35_theta_over_mid=11
call_d35_vega=11
put_d80_iv=11
phys_d15_spread_mean=11
phys_d25_mid_skew_call_minus_put=11
phys_d50_spread_mean=11
phys_d80_mid_skew_call_minus_put=11
ctx_qqq_ret_5m_bps_minus_self=11
call_d15_mid_bps=10
call_d15_vega=10
put_d15_volume=10
call_d50_theta_over_mid=10
put_d50_spread_pct=10
call_d65_theta_over_mid=10
phys_d50_iv_skew_put_minus_call=10
phys_d65_iv_mean=10
ctx_qqq_ret_30m_bps_minus_self=10
call_d15_strike_bps=9
call_d15_theta_over_mid=9
put_d15_abs_delta=9
call_d25_spread_pct=9
call_d65_iv=9
phys_d15_mid_skew_call_minus_put=9
phys_d50_mid_skew_call_minus_put=9
phys_d50_vega_skew_call_minus_put=9
phys_d65_spread_mean=9
ctx_spx_ib_range_bps=9
ctx_qqq_ret_15m_bps=9
ctx_spy_qqq_ret_5m_spread=9
put_d15_vega=8
put_d25_theta_over_mid=8
call_d80_theta_over_mid=8
call_d80_volume=8
put_d80_theta_over_mid=8
phys_d15_iv_mean=8
phys_d65_liquidity_score=8
phys_d80_iv_skew_put_minus_call=8
phys_put_mid_slope_low_to_high=8
phys_momentum_accel_ret_15m_bps_minus_ret_30m_bps=8
ctx_qqq_ret_5m_bps=8
call_d15_abs_delta=7
put_d15_theta_over_mid=7
put_d25_strike_bps=7
put_d25_volume=7
put_d35_theta_over_mid=7
put_d50_iv=7
put_d50_theta_over_mid=7
put_d65_abs_delta=7
call_d80_abs_delta=7
put_d80_strike_bps=7
phys_d25_volume_skew_call_minus_put=7
phys_d25_theta_skew_call_minus_put=7
phys_d35_iv_skew_put_minus_call=7
ctx_spy_ret_15m_bps_minus_self=7
ret_5m_bps=6
ret_15m_bps=6
put_d15_strike_bps=6
put_d15_spread_pct=6
call_d35_abs_delta=6
call_d35_volume=6
call_d50_iv=6
call_d50_spread_pct=6
put_d50_abs_delta=6
put_d50_volume=6
call_d65_strike=6
call_d65_spread_pct=6
put_d65_theta_over_mid=6
put_d65_volume=6
phys_d15_volume_skew_call_minus_put=6
phys_d35_iv_mean=6
phys_d35_volume_skew_call_minus_put=6
phys_d50_iv_mean=6
phys_d80_volume_skew_call_minus_put=6
phys_d80_abs_delta_gap=6
phys_abs_ret_1m_bps=6
phys_abs_ret_5m_bps=6
phys_abs_ret_15m_bps=6
ctx_spy_ret_5m_bps_minus_self=6
ctx_qqq_ret_1m_bps_minus_self=6
call_d25_strike_bps=5
call_d25_mid_bps=5
call_d35_strike_bps=5
put_d35_abs_delta=5
put_d35_iv=5
put_d35_volume=5
call_d50_strike=5
call_d65_volume=5
put_d65_strike=5
put_d65_vega=5
call_d80_strike_bps=5
put_d80_spread_pct=5
put_d80_volume=5
phys_d15_abs_delta_gap=5
phys_d25_iv_mean=5
phys_d35_mid_skew_call_minus_put=5
phys_d35_theta_skew_call_minus_put=5
phys_d35_liquidity_score=5
phys_d65_volume_skew_call_minus_put=5
phys_d80_vega_skew_call_minus_put=5
nearest_level_name_ib_low=5
call_d25_volume=4
call_d35_iv=4
put_d35_strike=4
call_d50_abs_delta=4
call_d50_mid_bps=4
call_d65_strike_bps=4
call_d65_mid_bps=4
put_d65_strike_bps=4
put_d65_mid_bps=4
call_d80_mid_bps=4
phys_d35_vega_skew_call_minus_put=4
ctx_spx_phys_total_oi_skew_call_minus_put=4
ret_1m_bps=3
put_d35_strike_bps=3
put_d50_mid_bps=3
put_d50_vega=3
call_d65_abs_delta=3
phys_d15_vega_skew_call_minus_put=3
phys_d35_abs_delta_gap=3
phys_d50_theta_skew_call_minus_put=3
phys_momentum_accel_ret_5m_bps_minus_ret_15m_bps=3
ctx_spy_ret_1m_bps=3
ctx_spy_ret_5m_bps=3
ctx_spy_ret_15m_bps=3
ctx_qqq_ret_1m_bps=3
put_d25_spread_pct=2
call_d50_strike_bps=2
put_d50_strike=2
put_d50_strike_bps=2
put_d80_mid_bps=2
phys_d15_theta_skew_call_minus_put=2
phys_d25_abs_delta_gap=2
phys_d65_theta_skew_call_minus_put=2
phys_d65_vega_skew_call_minus_put=2
phys_d80_theta_skew_call_minus_put=2
phys_call_mid_slope_low_to_high=2
ctx_spx_ret_1m_bps=2
ctx_spx_ret_15m_bps=2
ctx_spx_ret_30m_bps=2
nearest_level_name_ib_high=2
minute=1
put_d25_mid_bps=1
phys_d25_vega_skew_call_minus_put=1
phys_d65_mid_skew_call_minus_put=1
phys_d65_abs_delta_gap=1
phys_momentum_accel_ret_1m_bps_minus_ret_5m_bps=1
ctx_spx_spot=1
ctx_spx_phys_d35_iv_skew_put_minus_call=1
ctx_spx_phys_total_volume_skew_call_minus_put=1
ctx_spx_spy_ret_5m_spread=1
nearest_level_name_fib_127_up=1
nearest_level_name_fib_161_up=1

parameters:
[boosting: gbdt]
[objective: regression_l1]
[metric: l1]
[tree_learner: serial]
[device_type: cpu]
[data_sample_strategy: bagging]
[data: ]
[valid: ]
[num_iterations: 160]
[learning_rate: 0.035]
[num_leaves: 31]
[num_threads: 4]
[seed: 20260619]
[deterministic: 1]
[force_col_wise: 1]
[force_row_wise: 0]
[histogram_pool_size: -1]
[max_depth: -1]
[min_data_in_leaf: 60]
[min_sum_hessian_in_leaf: 0.001]
[bagging_fraction: 0.85]
[pos_bagging_fraction: 1]
[neg_bagging_fraction: 1]
[bagging_freq: 0]
[bagging_seed: 29366]
[bagging_by_query: 0]
[feature_fraction: 0.85]
[feature_fraction_bynode: 1]
[feature_fraction_seed: 27262]
[extra_trees: 0]
[extra_seed: 5427]
[early_stopping_round: 0]
[early_stopping_min_delta: 0]
[first_metric_only: 0]
[max_delta_step: 0]
[lambda_l1: 0]
[lambda_l2: 5]
[linear_lambda: 0]
[min_gain_to_split: 0]
[drop_rate: 0.1]
[max_drop: 50]
[skip_drop: 0.5]
[xgboost_dart_mode: 0]
[uniform_drop: 0]
[drop_seed: 19625]
[top_rate: 0.2]
[other_rate: 0.1]
[min_data_per_group: 100]
[max_cat_threshold: 32]
[cat_l2: 10]
[cat_smooth: 10]
[max_cat_to_onehot: 4]
[top_k: 20]
[monotone_constraints: ]
[monotone_constraints_method: basic]
[monotone_penalty: 0]
[feature_contri: ]
[forcedsplits_filename: ]
[refit_decay_rate: 0.9]
[cegb_tradeoff: 1]
[cegb_penalty_split: 0]
[cegb_penalty_feature_lazy: ]
[cegb_penalty_feature_coupled: ]
[path_smooth: 0]
[interaction_constraints: ]
[verbosity: -1]
[saved_feature_importance_type: 0]
[use_quantized_grad: 0]
[num_grad_quant_bins: 4]
[quant_train_renew_leaf: 0]
[stochastic_rounding: 1]
[linear_tree: 0]
[max_bin: 255]
[max_bin_by_feature: ]
[min_data_in_bin: 3]
[bin_construct_sample_cnt: 200000]
[data_random_seed: 4103]
[is_enable_sparse: 1]
[enable_bundle: 1]
[use_missing: 1]
[zero_as_missing: 0]
[feature_pre_filter: 1]
[pre_partition: 0]
[two_round: 0]
[header: 0]
[label_column: ]
[weight_column: ]
[group_column: ]
[ignore_column: ]
[categorical_feature: ]
[forcedbins_filename: ]
[precise_float_parser: 0]
[parser_config_file: ]
[objective_seed: 14563]
[num_class: 1]
[is_unbalance: 0]
[scale_pos_weight: 1]
[sigmoid: 1]
[boost_from_average: 1]
[reg_sqrt: 0]
[alpha: 0.9]
[fair_c: 1]
[poisson_max_delta_step: 0.7]
[tweedie_variance_power: 1.5]
[lambdarank_truncation_level: 30]
[lambdarank_norm: 1]
[label_gain: ]
[lambdarank_position_bias_regularization: 0]
[eval_at: ]
[multi_error_top_k: 1]
[auc_mu_weights: ]
[num_machines: 1]
[local_listen_port: 12400]
[time_out: 120]
[machine_list_filename: ]
[machines: ]
[gpu_platform_id: -1]
[gpu_device_id: -1]
[gpu_use_dp: 0]
[num_gpu: 1]

end of parameters

pandas_categorical:[]
