tree
version=v4
num_class=1
num_tree_per_iteration=1
label_index=0
max_feature_idx=288
objective=regression_l1
feature_names=dte_days minute spot underlying_volume dist_ib_high_bps dist_ib_low_bps dist_fib_127_up_bps dist_fib_161_up_bps dist_fib_200_up_bps dist_fib_127_dn_bps dist_fib_161_dn_bps dist_fib_200_dn_bps nearest_level_abs_bps ib_range_bps ret_1m_bps ret_5m_bps ret_15m_bps ret_30m_bps call_d15_available call_d15_strike call_d15_strike_bps call_d15_abs_delta call_d15_iv call_d15_mid_bps call_d15_spread_pct call_d15_theta_over_mid call_d15_vega call_d15_oi call_d15_volume put_d15_available put_d15_strike put_d15_strike_bps put_d15_abs_delta put_d15_iv put_d15_mid_bps put_d15_spread_pct put_d15_theta_over_mid put_d15_vega put_d15_oi put_d15_volume call_d25_available call_d25_strike call_d25_strike_bps call_d25_abs_delta call_d25_iv call_d25_mid_bps call_d25_spread_pct call_d25_theta_over_mid call_d25_vega call_d25_oi call_d25_volume put_d25_available put_d25_strike put_d25_strike_bps put_d25_abs_delta put_d25_iv put_d25_mid_bps put_d25_spread_pct put_d25_theta_over_mid put_d25_vega put_d25_oi put_d25_volume call_d35_available call_d35_strike call_d35_strike_bps call_d35_abs_delta call_d35_iv call_d35_mid_bps call_d35_spread_pct call_d35_theta_over_mid call_d35_vega call_d35_oi call_d35_volume put_d35_available put_d35_strike put_d35_strike_bps put_d35_abs_delta put_d35_iv put_d35_mid_bps put_d35_spread_pct put_d35_theta_over_mid put_d35_vega put_d35_oi put_d35_volume call_d50_available call_d50_strike call_d50_strike_bps call_d50_abs_delta call_d50_iv call_d50_mid_bps call_d50_spread_pct call_d50_theta_over_mid call_d50_vega call_d50_oi call_d50_volume put_d50_available put_d50_strike put_d50_strike_bps put_d50_abs_delta put_d50_iv put_d50_mid_bps put_d50_spread_pct put_d50_theta_over_mid put_d50_vega put_d50_oi put_d50_volume call_d65_available call_d65_strike call_d65_strike_bps call_d65_abs_delta call_d65_iv call_d65_mid_bps call_d65_spread_pct call_d65_theta_over_mid call_d65_vega call_d65_oi call_d65_volume put_d65_available put_d65_strike put_d65_strike_bps put_d65_abs_delta put_d65_iv put_d65_mid_bps put_d65_spread_pct put_d65_theta_over_mid put_d65_vega put_d65_oi put_d65_volume call_d80_available call_d80_strike call_d80_strike_bps call_d80_abs_delta call_d80_iv call_d80_mid_bps call_d80_spread_pct call_d80_theta_over_mid call_d80_vega call_d80_oi call_d80_volume put_d80_available put_d80_strike put_d80_strike_bps put_d80_abs_delta put_d80_iv put_d80_mid_bps put_d80_spread_pct put_d80_theta_over_mid put_d80_vega put_d80_oi put_d80_volume phys_d15_iv_skew_put_minus_call phys_d15_iv_mean phys_d15_volume_skew_call_minus_put phys_d15_oi_skew_call_minus_put phys_d15_mid_skew_call_minus_put phys_d15_spread_mean phys_d15_theta_skew_call_minus_put phys_d15_vega_skew_call_minus_put phys_d15_abs_delta_gap phys_d15_liquidity_score phys_d25_iv_skew_put_minus_call phys_d25_iv_mean phys_d25_volume_skew_call_minus_put phys_d25_oi_skew_call_minus_put phys_d25_mid_skew_call_minus_put phys_d25_spread_mean phys_d25_theta_skew_call_minus_put phys_d25_vega_skew_call_minus_put phys_d25_abs_delta_gap phys_d25_liquidity_score phys_d35_iv_skew_put_minus_call phys_d35_iv_mean phys_d35_volume_skew_call_minus_put phys_d35_oi_skew_call_minus_put phys_d35_mid_skew_call_minus_put phys_d35_spread_mean phys_d35_theta_skew_call_minus_put phys_d35_vega_skew_call_minus_put phys_d35_abs_delta_gap phys_d35_liquidity_score phys_d50_iv_skew_put_minus_call phys_d50_iv_mean phys_d50_volume_skew_call_minus_put phys_d50_oi_skew_call_minus_put phys_d50_mid_skew_call_minus_put phys_d50_spread_mean phys_d50_theta_skew_call_minus_put phys_d50_vega_skew_call_minus_put phys_d50_abs_delta_gap phys_d50_liquidity_score phys_d65_iv_skew_put_minus_call phys_d65_iv_mean phys_d65_volume_skew_call_minus_put phys_d65_oi_skew_call_minus_put phys_d65_mid_skew_call_minus_put phys_d65_spread_mean phys_d65_theta_skew_call_minus_put phys_d65_vega_skew_call_minus_put phys_d65_abs_delta_gap phys_d65_liquidity_score phys_d80_iv_skew_put_minus_call phys_d80_iv_mean phys_d80_volume_skew_call_minus_put phys_d80_oi_skew_call_minus_put phys_d80_mid_skew_call_minus_put phys_d80_spread_mean phys_d80_theta_skew_call_minus_put phys_d80_vega_skew_call_minus_put phys_d80_abs_delta_gap phys_d80_liquidity_score phys_total_volume_skew_call_minus_put phys_total_oi_skew_call_minus_put phys_total_option_volume_log phys_total_option_oi_log phys_call_iv_slope_low_to_high phys_put_iv_slope_low_to_high phys_call_mid_slope_low_to_high phys_put_mid_slope_low_to_high phys_fib_up_min_abs_bps phys_fib_up_mean_signed_bps phys_fib_dn_min_abs_bps phys_fib_dn_mean_signed_bps phys_fib_any_min_abs_bps phys_ib_edge_min_abs_bps phys_ib_balance phys_nearest_level_vs_ib_range phys_momentum_accel_ret_1m_bps_minus_ret_5m_bps phys_abs_ret_1m_bps phys_momentum_accel_ret_5m_bps_minus_ret_15m_bps phys_abs_ret_5m_bps phys_momentum_accel_ret_15m_bps_minus_ret_30m_bps phys_abs_ret_15m_bps phys_abs_ret_30m_bps ctx_spx_spot ctx_spx_ret_1m_bps ctx_spx_ret_1m_bps_minus_self ctx_spx_ret_5m_bps ctx_spx_ret_5m_bps_minus_self ctx_spx_ret_15m_bps ctx_spx_ret_15m_bps_minus_self ctx_spx_ret_30m_bps ctx_spx_ret_30m_bps_minus_self ctx_spx_ib_range_bps ctx_spx_nearest_level_abs_bps ctx_spx_phys_d35_iv_skew_put_minus_call ctx_spx_phys_total_volume_skew_call_minus_put ctx_spx_phys_total_oi_skew_call_minus_put ctx_spy_spot ctx_spy_ret_1m_bps ctx_spy_ret_1m_bps_minus_self ctx_spy_ret_5m_bps ctx_spy_ret_5m_bps_minus_self ctx_spy_ret_15m_bps ctx_spy_ret_15m_bps_minus_self ctx_spy_ret_30m_bps ctx_spy_ret_30m_bps_minus_self ctx_spy_ib_range_bps ctx_spy_nearest_level_abs_bps ctx_spy_phys_d35_iv_skew_put_minus_call ctx_spy_phys_total_volume_skew_call_minus_put ctx_spy_phys_total_oi_skew_call_minus_put ctx_qqq_spot ctx_qqq_ret_1m_bps ctx_qqq_ret_1m_bps_minus_self ctx_qqq_ret_5m_bps ctx_qqq_ret_5m_bps_minus_self ctx_qqq_ret_15m_bps ctx_qqq_ret_15m_bps_minus_self ctx_qqq_ret_30m_bps ctx_qqq_ret_30m_bps_minus_self ctx_qqq_ib_range_bps ctx_qqq_nearest_level_abs_bps ctx_qqq_phys_d35_iv_skew_put_minus_call ctx_qqq_phys_total_volume_skew_call_minus_put ctx_qqq_phys_total_oi_skew_call_minus_put ctx_spy_qqq_ret_5m_spread ctx_spx_spy_ret_5m_spread ticker_QQQ ticker_SPXW ticker_SPY expiry_mode_zero_dte nearest_level_name_fib_127_dn nearest_level_name_fib_127_up nearest_level_name_fib_161_dn nearest_level_name_fib_161_up nearest_level_name_fib_200_dn nearest_level_name_fib_200_up nearest_level_name_ib_high nearest_level_name_ib_low
feature_infos=none [630:870] [4949.68017578125:6407.91015625] none [-363.49630761760704:178.67726878706543] [-154.63595974734017:365.32435327356666] [-423.0150084818992:127.90926180673743] [-498.7262970813299:63.329370574407399] [-582.31506079515191:19.466152664643484] [-117.87774449736467:416.0923602538947] [-71.119132451442496:480.67225148622475] [-19.610614953373865:551.97143776006794] [0:19.968897841364992] [12.151458812678843:218.81875317754483] [-2.370533949718201:2.2748954839335589] [-86.164022892891708:204.48988922511901] [-121.10209134795102:152.56680568032976] [-119.72864146067796:220.20286059988959] none [5090:6435] [1.0349834515399614:292.98055133740507] [0.064499996602535248:0.20080000162124634] [0.00559999980032444:1.4424999952316284] [0.11943911384329509:21.097490955040747] [0.011834364938100892:0.89017337854006795] [-29.583158362327858:-6.0521929885287342] [14.014300346374512:41.154300689697266] [0:58866] [0:5067] none [4785:6385] [-386.7088230302229:-4.1418657063241326] [0.094200000166893005:0.19349999725818634] [0.020300000905990601:2.2004001140594482] [0.23887822768659017:29.74385341197916] [0.011834364938100892:1.921568624395507] [-29.868665885895503:-6.0876211869089225] [13.913000106811523:39.709701538085938] [0:56625] [0:3572] none [5045:6425] [1.0349834515399614:192.57774408364625] [0.088600002229213715:0.32679998874664307] [0.00559999980032444:1.4105000495910645] [0.11943911384329509:40.397486048506806] [0.0068258994637844135:1.8461538402756761] [-23.898259953884665:-4.0615221224807332] [18.648700714111328:54.643699645996094] [0:36440] [0:4549] none [4850:6385] [-211.74497956666815:-4.1418657063241326] [0.094200000166893005:0.32710000872612] [0.020300000905990601:1.8523000478744507] [0.23887822768659017:48.64966869711828] [0.0072727550159801136:1.9960039959445104] [-29.868665885895503:-4.1874913977365749] [13.913000106811523:53.30670166015625] [0:56625] [0:3266] none [5005:6420] [1.0349834515399614:114.48269497853936] [0.088600002229213715:0.45019999146461487] [0.00559999980032444:1.4039000272750854] [0.11943911384329509:64.246575660245767] [0.0056657438089383538:1.1111111111111112] [-21.509332336346322:-2.9883404692351516] [18.648700714111328:61.585899353027344] [0:36440] [0:4549] none [4895:6395] [-110.47213928851329:1.0349834515399614] [0.12759999930858612:0.54170000553131104] [0.020300000905990601:1.4811999797821045] [0.23894481951976657:71.721805731411195] [0.0059347409415793813:1.9933554814603107] [-15.327821519639757:-3.0071618216378346] [24.26140022277832:61.183399200439453] [0:56625] [0:3043] none [4950:6410] [-12.106692904965133:9.6576410631787901] [0.18770000338554382:0.83329999446868896] [0.00559999980032444:1.4148000478744507] [0.11943911384329509:114.65387254246718] [0.0036563211539996456:1.8397863851063627] [-21.509332336346322:-1.0214880418608525] [22.172199249267578:63.907299041748047] [0:19997] [0:5212] none [4950:6410] [-8.1207377193859287:11.81993152565175] [0.36070001125335693:0.80390000343322754] [0.023099999874830246:2.0866999626159668] [2.2308304725600836:151.24651912354713] [0.0025673548693801651:1.6812339359349773] [-11.980927896072169:-0.91534613723620872] [26.61199951171875:63.909801483154297] [0:56625] [0:3619] none [4895:6395] [-126.36673608287464:-1.0993873385900521] [0.54989999532699585:1] [0:1.5303000211715698] [4.6608422322249767:182.84009630120318] [0.0029454630890687408:0.70011665095125619] [-6.5454935709635418:0] [0:60.879901885986328] [0:16221] [0:1993] none [5005:6420] [-1.0993873385900521:111.76444185106993] [0.42930001020431519:0.80390000343322754] [0.023099999874830246:1.405500054359436] [2.2308304725600836:175.36486430329848] [0.0026489662018832783:1.1431019484571951] [-6.4895860138294825:-0.91534613723620872] [24.313400268554688:61.172798156738281] [0:45549] [0:2957] none [4820:6385] [-268.3363711660669:-8.2616059443696432] [0.72329998016357422:1] [0:1.5154999494552612] [10.20704336390143:304.94560566763471] [0.0040649786648321662:0.51361544897756839] [-3.304380273206204:0] [0:50.405101776123047] [0:16279] [0:1001] none [5065:6430] [3.8229614923168675:235.42427612023519] [0.71670001745223999:1] [0:1.4599000215530396] [4.141710181272253:264.66293301869734] [0.0037523594492536311:0.71090046108118465] [-3.4482698852922793:0] [0:47.676799774169922] [0:20702] [0:1023] [-0.11349999904632568:0.9347001314163208] [0.017500000540167093:1.7330500483512878] [-0.98830409356652904:0.99999999998039224] [-0.9999999999990834:0.99999999999981992] [-0.44927536716792266:0.2444444395985122] [0.016786736982394343:1.4058710014677875] [-6.714376265450813:8.3593335495491807] [-0.27073404957034947:0.24129855152704491] [-0.081000000238418579:0.10039999336004257] [4.219507705176107:17.701621712332809] [-0.079899966716766357:0.64820003509521484] [0.017500000540167093:1.5282000303268433] [-0.99999999991666666:0.97088791848475853] [-0.99999999999863942:0.99341021416763042] [-0.37837835691585314:0.37500000911711029] [0.008853924832153498:1.9210789181100933] [-8.2577472678091866:8.3593335495491807] [-0.19383712837050651:0.24129855152704491] [-0.15860000252723694:0.133899986743927] [4.1271343850450917:18.285802044116959] [-0.05970001220703125:0.42890000343322754] [0.017500000540167093:1.4135000109672546] [-0.95951417003660122:0.99999999989999999] [-0.99999999999955536:0.99999999999981404] [-0.94392523311091459:0.34328359636537986] [0.006028549406351261:1.5522332962857108] [-14.673524745456461:5.0024365829073378] [-0.19134643586765393:0.085057193947780579] [-0.35350000858306885:0.16639998555183411] [4.3040650932041702:18.77729136382235] [-0.060599982738494873:1.0267999172210693] [0.02805000077933073:1.5733000040054321] [-0.95238095235827669:0.9199999999877333] [-0.99999999999904121:0.99276169265005765] [-0.94392523311091459:0.52727272803079694] [0.0045634981611247429:1.7605101605206701] [-14.673524745456461:6.7224280842602839] [-0.19134643586765393:0.013359650099719744] [-0.35350000858306885:0.26929998397827148] [4.7449321283632502:18.240779878918573] [-0.48290002346038818:0.11800000071525574] [0.042700000107288361:1.4120000004768372] [-0.99999999999315081:0.99999999999363065] [-0.99999999999990052:0.99999999999981404] [-0.25170069482561497:0.82587954106594108] [0.0042283458372197741:0.92160929970422567] [-2.2957597483186021:3.5172602635929615] [-0.99999999997431188:0.08634016284581511] [-0.14590001106262207:0.28549998998641968] [3.1354942159291497:16.676635031203361] [-0.52260005474090576:0.2070000022649765] [0.032800000160932541:1.4528999924659729] [-0.99999999999749378:0.99999999999800804] [-0.99999999999992806:0.99999999999970068] [-0.29307807184565093:0.72799096458722712] [0.0047278954027584552:0.61225795502937652] [-1.4285976386417905:2.3367054359672603] [-0.99999999996892575:0.999999999971797] [-0.22670000791549683:0.2060999870300293] [1.0986122886681098:15.858236246707449] [-0.80475272960770405:0.91429083736759642] [-0.99874658668693772:0.98464608204535209] [0:10.104589972973457] [7.461640392208575:11.963886428076139] [-0.11669999361038208:0.25739997625350952] [-1.2701001167297363:0.17750000208616257] [9.3697468409270321:284.69649248222481] [3.9027653617524862:242.69562076191102] [0:423.0150084818992] [-501.35212211946038:61.08960556056968] [0.0007649725787929406:416.0923602538947] [-69.497446484531011:482.91201650006246] [0:67.083665819181974] [0:178.67726878706543] [-0.99999999999803224:0.9999999999981618] [0:1.3179161690614039] [-202.21499374118545:84.905383712720052] [0:2.370533949718201] [-101.10311353128455:107.76201410545249] [0:204.48988922511901] [-112.23076603402049:128.59662373074343] [0:152.56680568032976] [0:220.20286059988959] [4949.68017578125:6407.91015625] [-2.370533949718201:2.2748954839335589] none [-86.164022892891708:204.48988922511901] none [-121.10209134795102:152.56680568032976] none [-119.72864146067796:220.20286059988959] none [12.151458812678843:218.81875317754483] [0:19.968897841364992] [-0.05970001220703125:0.42890000343322754] [-0.80475272960770405:0.91429083736759642] [-0.99874658668693772:0.98464608204535209] [493.239990234375:638.82000732421875] [-4.2088780357041333:4.2088377651872122] [-2.9502388555324721:3.5629454414376482] [-90.079839600845091:210.66438107900433] [-4.6372740988187555:6.1744918538853142] [-124.21748425187617:157.06999331462691] [-6.3950143675561844:4.6868011551603992] [-121.76594169389764:223.89657086275605] [-11.231326009980558:6.2813936904859702] [11.439976778911902:204.15978035064896] [0:19.989215541609827] [-0.10009999945759773:0.261199951171875] [-0.8705973422783595:0.92885375493704014] [-0.98923333952104886:0.992685663002012] [415.8900146484375:571.91998291015625] [-4.2769260868036341:6.2218051378737371] [-3.0182869066319729:5.4961077557313942] [-98.775731281454114:221.27525130073877] [-18.237638874305517:16.785362075619759] [-141.81834439515595:173.14052771771449] [-31.095139725696441:29.609075498207012] [-141.3649021677721:252.40845104624211] [-39.359383285396689:34.698620381983233] [22.404684425704861:230.20206873305798] [0:19.992029724106196] [-0.064399998169392347:0.30959998816251755] [-0.99999999997777789:0.99999999993749999] [-0.99400125780073556:0.99496010079796215] [-12.402653611096603:17.695654638598675] [-6.1744918538853142:4.6372740988187555] none none none none [0:1] [0:1] [0:1] [0:1] [0:1] [0:1] [0:1] [0:1]
tree_sizes=2825 2913 2900 2920 2907 2915 2928 2923 2907 2921 2923 2895 2903 2911 2917 2908 2921 2912 2930 2914 2915 2909 2920 2912 2900 2921 2915 2911 2932 2919 2907 2908 2902 2920 2924 2930 2917 2916 2921 2927 2933 2907 2903 2895 2933 2915 2938 2922 2914 2931 2921 2915 2915 2930 2935 2922 2936 2915 2931 2902 2942 2928 2893 2931 2946 2909 2930 2935 2914 2907 2892 2919 2921 2921 2919 2931 2938 2928 2952 2929 2905 2947 2956 2938 2942 2965 2955 2951 2944 2924 2947 2942 2947 2919 2959 2936 2926 2966 2955 2964 2926 2952 2944 2935 2953 2927 2944 2935 2959 2950 2953 2923 2905 2905 2956 2964 2954 2928 2932 2937 2934 2926 2938 2955 2947 2931 2942 2947 2948 2936 2944 2937 2953 2963 2916 2966 2966 2984 2939 2970 2962 2952 2959 2974 2945 2927 2945 2948 2973 2941 2974 2956 2965 2956 2929 2942 2922 2950 2953 2957

Tree=0
num_leaves=31
num_cat=0
split_feature=7 223 74 125 199 137 261 261 260 270 173 49 272 173 137 123 82 257 9 115 220 82 27 173 173 154 93 195 269 16
split_gain=94.6857 75.8192 68.5439 59.2757 44.0747 30.4812 29.7586 60.6862 34.9458 27.3717 28.5964 26.7738 32.0159 26.5776 25.2368 24.7087 23.8177 20.8293 20.4741 20.3436 19.8481 19.7243 18.2769 18.0223 17.1015 23.7162 18.3078 17.0504 15.7839 15.3376
threshold=-11.687862548265164 41.766513764712066 6377.5000000000009 34.611900329589851 9.5483113600952745 2656.0000000000005 553.60498046875011 525.66998291015636 -0.041709842685783725 33.05213758880388 0.30948251864626802 2143.0000000000005 0.021449998021125797 0.042695330361504115 534.50000000000011 0.010062947389921134 370.50000000000006 17.445108138951827 51.802442565882082 1108.5000000000002 15.145360821029504 1251.0000000000002 2796.5000000000005 0.53595858294733068 0.037889430967295315 -0.07936507994256646 309.50000000000006 0.0087450397282069544 4.6384367782248423 8.8564877303909402
decision_type=2 2 2 2 2 2 2 2 2 2 2 2 2 2 2 2 2 2 2 2 2 2 2 2 2 2 2 2 2 2
left_child=2 14 3 5 15 29 7 11 -9 -10 13 17 20 19 -2 -5 18 21 -12 -11 -13 27 -16 -22 25 26 -23 -6 -24 -1
right_child=1 -3 -4 4 6 -7 -8 8 9 10 16 12 -14 -15 22 -17 -18 -19 -20 -21 23 24 28 -25 -26 -27 -28 -29 -30 -31
leaf_value=-0.60541797131299968 -0.6048551726341248 -0.57901966810226435 -0.55837326973676682 -0.5701142651587725 -0.60484601542353633 -0.58628523507155483 -0.60509355425834654 -0.56183659374713901 -0.60512393608689308 -0.60506977617740632 -0.60526542901992797 -0.60533519655466084 -0.57385976925492288 -0.60520292967557909 -0.60538307815790171 -0.60484497547149663 -0.57339505985379224 -0.58690305700525647 -0.5742199765145779 -0.57317937932908536 -0.57849268727004532 -0.60546542942523951 -0.60521704047918323 -0.60506977617740632 -0.57459875896573065 -0.60476543009281158 -0.60503232121467587 -0.60515431791543961 -0.58376542925834651 -0.60580246567726137
leaf_weight=585 83 165 85 210 136 90 410 206 60 94 61 63 145 145 456 143 297 106 61 114 104 67 193 81 95 306 162 850 60 161
leaf_count=585 83 165 85 210 136 90 410 206 60 94 61 63 145 145 456 143 297 106 61 114 104 67 193 81 95 306 162 850 60 161
internal_value=-0.604914 -0.614943 -0.602922 -0.603496 -0.601689 -0.61193 -0.602868 -0.601713 -0.594804 -0.59808 -0.59629 -0.60512 -0.596936 -0.603667 -0.61943 -0.58998 -0.590162 -0.607005 -0.603285 -0.595736 -0.604662 -0.608004 -0.621556 -0.598859 -0.603174 -0.605651 -0.614062 -0.611084 -0.613756 -0.614259
internal_weight=5794 957 4837 4752 3916 836 3563 3153 1038 832 772 2115 393 353 792 353 419 1722 122 208 248 1616 709 185 630 535 229 986 253 746
internal_count=5794 957 4837 4752 3916 836 3563 3153 1038 832 772 2115 393 353 792 353 419 1722 122 208 248 1616 709 185 630 535 229 986 253 746
is_linear=0
shrinkage=1


Tree=1
num_leaves=31
num_cat=0
split_feature=219 74 6 212 70 183 183 104 121 151 115 272 104 2 88 8 160 135 93 173 10 272 111 41 71 183 260 256 274 261
split_gain=86.0074 70.1975 63.3429 40.8467 35.573 30.4925 48.952 31.5606 31.8608 28.39 25.1211 21.3327 21.1877 21.0965 31.3193 20.4329 25.8985 19.8593 18.589 21.4269 30.1849 23.0501 20.2039 25.4287 18.0459 17.8529 18.1755 32.3729 16.752 24.2577
threshold=-10.441315354192357 6377.5000000000009 29.816863595321532 5.7667560492893086 35.23194885253907 0.83488723756362504 0.63377538813055845 1024.0000000000002 0.43270000815391546 0.49837499111890798 963.50000000000011 0.018900007009506229 50.500000000000007 6204.5048828125009 0.20885000377893451 -48.131900844295757 0.01634999364614487 -1.0588771896571372 417.50000000000006 0.54286456875499745 36.15736035000797 0.015700027346611026 23.145058476345504 5682.5000000000009 60.500000000000007 0.37317135772753779 -0.55848522612424423 117.08052463533404 0.38148214877551628 553.60498046875011
decision_type=2 2 2 2 2 2 2 2 2 2 2 2 2 2 2 2 2 2 2 2 2 2 2 2 2 2 2 2 2 2
left_child=1 3 10 17 15 6 7 8 18 -10 11 -2 -7 14 -8 24 -17 -1 -6 20 -20 -22 -23 -24 -5 26 27 -9 29 -28
right_child=2 -3 -4 4 5 12 13 25 9 -11 -12 -13 -14 -15 -16 16 -18 -19 19 -21 21 22 23 -25 -26 -27 28 -29 -30 -31
leaf_value=-5.0090244412424053e-05 -0.00045632789880037497 0.044935223962366579 0.027765690544247629 0.022534192095510663 -0.00037167228758335115 9.8280156403779143e-05 0.033764481218904262 -0.0004612520247697849 0.036003931741416452 -0.00016106279641389833 -0.0004350524827837932 0.007027260037511588 -0.00035586383789777633 -0.00014985060095787096 -0.000158372689783573 0.03520308755040169 -0.0006488822512561444 0.031453317984566097 -0.00022854168042540536 -0.00035173046141862734 0.035142626328207555 -0.00040123107284307407 -0.00028200068101286781 0.025552441383898263 -0.00068537100404501123 -0.0001363665144890547 0.02438788159713149 0.028911171781737362 -0.00020629224032163497 -0.00010550921559333849
leaf_weight=73 75 85 129 64 199 102 278 155 73 83 581 80 219 85 82 73 98 154 290 241 88 83 89 251 669 96 984 63 93 159
leaf_count=73 75 85 129 64 199 102 278 155 73 83 581 80 219 85 82 73 98 154 290 241 88 83 89 251 669 96 984 63 93 159
internal_value=-0.0009174 0.000872517 -0.0110632 0.000303155 -0.000416486 0.0011014 0.00208125 0.000438686 -0.00337019 0.0113043 -0.0150202 -0.00240625 -0.00912577 0.0128333 0.0164932 -0.00662266 0.00417614 0.0146336 -0.00525281 -0.00334288 -0.000564516 0.00454457 0.00106308 0.00486957 -0.00915312 0.00387138 0.00484578 -0.00439462 0.0064867 0.00765244
internal_weight=5794 4929 865 4844 4617 3713 3392 2947 1397 156 736 155 321 445 360 904 171 227 1241 1042 801 511 423 340 733 1550 1454 218 1236 1143
internal_count=5794 4929 865 4844 4617 3713 3392 2947 1397 156 736 155 321 445 360 904 171 227 1241 1042 801 511 423 340 733 1550 1454 218 1236 1143
is_linear=0
shrinkage=0.035


Tree=2
num_leaves=31
num_cat=0
split_feature=219 74 6 195 27 52 41 261 74 150 45 44 160 274 71 243 52 88 199 183 274 27 5 247 10 115 99 114 44 148
split_gain=82.431 74.3533 67.0119 50.8026 32.1031 23.7843 32.5386 34.5307 31.8856 50.1753 33.3829 32.8388 30.6644 26.987 26.3534 24.1129 21.6773 20.6185 20.3701 19.399 22.7965 19.0469 18.4275 25.5317 24.2339 17.9139 17.9004 17.8711 26.7307 24.391
threshold=-10.441315354192357 6377.5000000000009 29.816863595321532 0.0083031061174317303 6070.0000000000009 5162.5000000000009 5637.5000000000009 486.14500427246099 5932.5000000000009 0.022450003772974018 4.7611506153187273 0.17115000635385516 0.01930000260472298 0.47306494117599679 162.50000000000003 8.8597265381646135 6007.5000000000009 0.31284999847412115 10.256799347269576 -0.1289223707636252 -0.47787360062708983 2317.5000000000005 53.943974944995169 596.14501953125011 119.53062312458319 648.00000000000011 0.17265000194311145 40.102449417114265 0.15304999798536303 514.50000000000011
decision_type=2 2 2 2 2 2 2 2 2 2 2 2 2 2 2 2 2 2 2 2 2 2 2 2 2 2 2 2 2 2
left_child=1 3 -2 18 5 -5 14 25 11 26 12 -9 -11 22 -7 19 -14 -16 -1 20 -13 -17 23 -12 -24 -8 -10 -25 29 -29
right_child=2 -3 -4 4 -6 6 7 8 9 10 13 15 16 -15 17 21 -18 -19 -20 -21 -22 -23 24 27 -26 -27 -28 28 -30 -31
leaf_value=0.034627704562645412 -0.00039210962017625922 0.043362491123683754 0.026793891375198962 0.031578052851304418 0.018932039134789261 0.022400932805328632 0.029572105298530313 0.020691172880899163 0.026015290045704697 0.015440400582636708 0.029904635965028778 -0.00091612250693142393 0.022080896074693539 0.029335957438725049 0.00012721549494657455 -0.00038678866358101419 -0.00035649511924385927 -0.00077053693782538294 0.00018403268578462363 -0.00079928247318416861 0.0059851397757604719 0.028148547594288365 0.032806824780222038 0.028862708679273725 -0.00026012596707791107 -2.5892936978477722e-06 0.040275963081639263 -0.00050015662785060709 -0.00076718798916414373 0.030914444836288697
leaf_weight=181 736 85 129 74 123 115 155 64 91 230 104 101 126 174 62 341 712 380 224 353 153 74 108 93 79 114 87 76 385 65
leaf_count=181 736 85 129 74 123 115 155 64 91 230 104 101 126 174 62 341 712 380 224 353 153 74 108 93 79 114 87 76 385 65
internal_value=-0.00177444 -2.12809e-05 -0.0117069 -0.000606311 -0.00169329 -0.00220319 -0.00255474 -0.00135637 -0.00231219 0 -0.00149281 -0.00725023 -0.00587139 0.00282828 -0.0104004 -0.0087926 -0.00896797 -0.0142506 0.0111829 -0.0132108 -0.00567568 -0.00225 0.000382514 -0.00216346 0.010026 0.0106022 0.0175956 -0.00487981 -0.0073823 0.0055137
internal_weight=5794 4929 865 4844 4439 4316 4242 3685 3416 2330 2152 1086 1068 1084 557 1022 838 442 405 607 254 415 910 723 187 269 178 619 526 141
internal_count=5794 4929 865 4844 4439 4316 4242 3685 3416 2330 2152 1086 1068 1084 557 1022 838 442 405 607 254 415 910 723 187 269 178 619 526 141
is_linear=0
shrinkage=0.035


Tree=3
num_leaves=31
num_cat=0
split_feature=219 74 6 195 27 52 261 160 256 11 272 113 260 183 82 270 22 199 260 137 183 8 27 135 223 11 261 247 183 183
split_gain=72.3451 76.5054 63.5177 50.8523 32.2347 22.7972 28.2453 27.4335 34.1528 23.3586 23.0006 36.3193 25.4055 32.7908 25.3028 20.0132 29.4306 17.4501 15.9976 15.2622 14.8814 14.8324 14.3571 20.3244 13.6547 23.0926 18.312 22.3432 16.0606 38.132
threshold=-12.045767499815048 6377.5000000000009 29.816863595321532 0.0083031061174317303 6070.0000000000009 5162.5000000000009 470.17500305175787 0.0076500028371810922 82.868051956814426 91.798289544177806 0.029149994254112247 -1.7962731044249536 0.18654492961331451 -0.44892646436885758 370.50000000000006 129.40757102184679 0.46645000576972967 10.524184005056883 -0.068323091501799174 534.50000000000011 0.63377538813055845 -36.785597187498432 2948.5000000000005 -1.4593449121998647 6.2256448192159217 142.89380201881323 486.75498962402349 567.22500610351574 0.63377538813055845 0.85358983167205749
decision_type=2 2 2 2 2 2 2 2 2 2 2 2 2 2 2 2 2 2 2 2 2 2 2 2 2 2 2 2 2 2
left_child=1 3 19 17 5 -5 15 8 -8 -10 24 12 13 -12 -13 16 -7 18 -1 -2 -14 -6 -21 -24 25 28 -26 -28 -9 -30
right_child=2 -3 -4 4 21 6 7 10 9 -11 11 14 20 -15 -16 -17 -18 -19 -20 22 -22 -23 23 -25 26 -27 27 -29 29 -31
leaf_value=0.021504610102327792 -0.00010169041257243662 0.041844803934354823 0.026122497966848093 0.030472821001508762 0.0086642019383404573 -0.00053081069525722424 0.030848097275226624 -0.00045905980872516355 -0.001015155100425799 0.023148874709695375 -0.0010456611786628135 -0.00049035976844892027 -0.0013759712850367456 0.033911375130912066 0.028014588750275099 -0.0010087072090414835 0.025425992907155994 0.00010122315022549623 0.038188685305560029 -0.00045221262548011124 -4.1248079638706581e-05 0.026383299141818677 0.0019083380537863433 -0.00037104188155274943 0.026392360463932649 -0.00099030635389435917 -0.0013599579085831698 -0.00025102155823018396 0.034205865359493944 -0.00043182090186559194
leaf_weight=82 96 85 130 74 61 130 163 634 90 82 61 66 135 120 202 112 86 185 134 502 94 60 72 153 138 83 109 1627 132 96
leaf_count=82 96 85 130 74 61 130 163 634 90 82 61 66 135 120 202 112 86 185 134 502 94 60 72 153 138 83 109 1627 132 96
internal_value=-0.002209 -0.000469459 -0.0109969 -0.0010733 -0.00217546 -0.00269167 -0.00304202 -0.00218921 0.00730882 -0.00355932 -0.00310822 0.00266471 -0.00387952 0.00583333 0.0125641 -0.0128228 -0.00633484 0.0107759 0.0174208 -0.0145833 -0.0115171 0.0152778 -0.0163046 -0.00867391 -0.00449894 -0.00792105 -0.00275679 -0.00373923 -0.0061361 0.00180258
internal_weight=5794 4841 953 4756 4355 4234 4160 3832 335 172 3497 678 410 181 268 328 216 401 216 823 229 121 727 225 2819 945 1874 1736 862 228
internal_count=5794 4841 953 4756 4355 4234 4160 3832 335 172 3497 678 410 181 268 328 216 401 216 823 229 121 727 225 2819 945 1874 1736 862 228
is_linear=0
shrinkage=0.035


Tree=4
num_leaves=31
num_cat=0
split_feature=219 74 223 199 213 113 113 270 143 13 261 71 71 107 140 10 70 270 260 115 42 126 224 173 115 126 60 9 223 163
split_gain=71.7159 77.3227 61.5241 44.8355 39.7933 32.5889 25.8771 25.1638 43.2916 37.7485 35.5776 34.6944 25.7047 23.8988 36.0388 34.89 32.0851 31.2468 22.3109 21.956 19.8717 19.6124 50.8905 22.1301 19.603 19.0245 18.8237 18.8229 33.5534 26.3676
threshold=-10.441315354192357 6377.5000000000009 43.888399970396001 9.4375954585366575 10.058801673839271 -2.6300131355002656 -2.2718123285258982 44.44530171046997 0.19565000385046008 36.152562767535478 527.10498046875011 1690.5000000000002 2749.0000000000005 6187.5000000000009 6017.5000000000009 18.148408998019303 43.409049987792976 90.772402334267966 0.66307738060696308 709.00000000000011 40.86116733426293 387.00000000000006 0.99999999999050315 -0.47568115941946937 2118.5000000000005 58.500000000000007 1004.5000000000001 68.000856023524207 17.21425863986142 0.75330285459826907
decision_type=2 2 2 2 2 2 2 2 2 2 2 2 2 2 2 2 2 2 2 2 2 2 2 2 2 2 2 2 2 2
left_child=1 3 -2 5 6 -1 27 8 -8 -9 11 21 -13 14 17 16 -16 -6 -17 -12 -4 22 25 -23 -21 -11 -7 29 -29 -5
right_child=2 -3 20 4 13 26 7 9 -10 10 19 12 -14 -15 15 18 -18 -19 -20 24 -22 23 -24 -25 -26 -27 -28 28 -30 -31
leaf_value=-0.0022547009091731787 -0.00036255834157828738 0.040380235796652404 0.028936911376991468 -0.00063557661461413628 -0.0011556308124464326 0.028702226877794633 0.029530456107709407 -0.00055714117175866885 -0.00083269172464797323 -0.00015089481726908218 -0.00079600537483081051 -0.00097479555014043102 -0.00015941632280350504 -0.00039663595815608025 0.023406050815003729 0.033963595320279871 -0.0007323044901884246 0.026007640514189471 8.8846119861756286e-05 0.029968807065522487 -0.0018902816477722347 0.0074608687030426318 -0.00070550339060113109 -0.00075312480100758706 -5.1802728038463645e-05 0.028153083969037949 0.018002376797348396 -0.0011866044681019526 -4.1340357451227777e-05 0.030840452055286502
leaf_weight=75 724 85 74 907 154 205 205 258 61 61 61 149 117 164 71 252 65 145 97 154 67 283 63 392 72 184 105 276 175 93
leaf_count=75 724 85 74 907 154 205 205 258 61 61 61 149 117 164 71 252 65 145 97 154 67 283 63 392 72 184 105 276 175 93
internal_value=-0.00228143 -0.000645521 -0.011546 -0.00124149 -0.00223454 0.010141 -0.00395193 -0.00142373 0.00852399 -0.00291829 -0.000817651 -0.00337719 -0.0144649 0.00411333 0.00665399 0.0125 -0.00248227 -0.00287829 0.018291 0.0101884 0.00934932 -0.000318826 0.00693291 -0.00365441 0.0151515 0.01414 0.0151111 -0.00752404 -0.013432 -0.00480597
internal_weight=5794 4929 865 4844 4459 385 3511 2060 266 1794 1536 1249 266 948 784 485 136 299 349 287 141 983 308 675 226 245 310 1451 451 1000
internal_count=5794 4929 865 4844 4459 385 3511 2060 266 1794 1536 1249 266 948 784 485 136 299 349 287 141 983 308 675 226 245 310 1451 451 1000
is_linear=0
shrinkage=0.035


Tree=5
num_leaves=31
num_cat=0
split_feature=7 74 4 195 261 270 52 213 272 270 135 13 71 200 260 270 115 270 66 261 13 270 209 27 261 27 13 137 214 115
split_gain=71.7401 77.7778 61.0146 44.9427 35.4641 47.5941 29.1253 25.5748 25.2153 25.2087 31.0705 29.178 37.4932 29.6327 26.1473 25.7131 27.5662 25.4772 24.7161 38.4944 30.0185 26.1212 23.1893 22.2258 24.6122 26.7414 27.9474 21.4616 20.2066 19.8917
threshold=-12.090947154931341 6377.5000000000009 42.98943961829881 0.0083031061174317303 525.66998291015636 64.101628810391176 5162.5000000000009 9.8871294830172758 -0.010199993848800657 47.192939592351969 -1.5654917221951581 39.953704689384715 1356.5000000000002 -0.029499985277652737 -0.041709842685783725 33.05213758880388 1117.0000000000002 42.980870430172679 0.30394999682903295 486.75498962402349 49.154655363040412 89.819791491194266 9.4313615371341992 1605.5000000000002 490.07499694824224 2654.0000000000005 66.787479188738189 534.50000000000011 0.032599993050098426 709.00000000000011
decision_type=2 2 2 2 2 2 2 2 2 2 2 2 2 2 2 2 2 2 2 2 2 2 2 2 2 2 2 2 2 2
left_child=1 3 27 22 6 9 -5 29 -8 10 -6 13 -13 -11 -12 -16 -17 -18 19 21 -20 -10 -1 -21 -25 28 -27 -2 -26 -7
right_child=2 -3 -4 4 5 7 8 -9 18 11 14 12 -14 -15 15 16 17 -19 20 23 -22 -23 -24 24 25 26 -28 -29 -30 -31
leaf_value=0.030995178006631607 5.3084703687265035e-05 0.038073171690593453 0.02398623080349736 0.028401694325733143 -0.0011048234230935771 -0.0022681431120505375 0.026604083113843137 0.038506313509231067 -0.0010383734719196947 -0.00016185227451288533 0.044847042945831493 -0.0011785544207874503 0.027872069252889275 -0.00073558732995373838 -0.00094747448695008021 -0.0015190101028167776 0.026624248123551231 -0.00044633409721112657 0.026694634416195365 -0.00065894208130777793 -0.0010228536726468614 0.036994366160363362 -0.00037019214816256174 -0.0013158136823768463 0.029248150479843606 -0.00078289399071832585 0.020503001432171448 -0.00037543331810234009 -0.00050584682277496048 0.025979517469975663
leaf_weight=297 91 84 154 74 104 70 71 174 75 151 78 64 110 234 81 71 182 76 62 938 759 111 104 64 194 175 83 756 112 195
leaf_count=297 91 84 154 74 104 70 71 174 75 151 78 64 110 234 81 71 182 76 62 938 759 111 104 64 194 175 83 756 112 195
internal_value=-0.00274013 -0.000955607 -0.0112376 -0.00156661 -0.00261303 0.00153605 -0.00503856 0.0112725 -0.00565496 -0.00221021 0.00281407 -0.00750887 0.00430168 -0.0128333 0.00653144 0.00286747 0.00723054 0.0125095 -0.00623157 -0.00386454 -0.0112288 0.0109948 0.00956897 -0.00565882 -0.000552923 0.00184534 -0.00638783 -0.014912 0.00877814 0.00427778
internal_weight=5794 4793 1001 4709 4308 1590 2718 439 2644 1151 592 559 174 385 488 410 329 258 2573 1752 821 186 401 1566 628 564 258 847 306 265
internal_count=5794 4793 1001 4709 4308 1590 2718 439 2644 1151 592 559 174 385 488 410 329 258 2573 1752 821 186 401 1566 628 564 258 847 306 265
is_linear=0
shrinkage=0.035


Tree=6
num_leaves=31
num_cat=0
split_feature=123 261 284 199 270 74 104 93 261 260 270 170 256 173 137 130 132 266 188 82 82 12 261 129 49 69 261 13 212 148
split_gain=59.5781 50.0438 37.0458 36.6944 24.7663 24.5092 22.4743 25.2526 25.4731 63.8514 39.0514 32.2254 31.4333 54.3358 28.5401 31.4738 21.012 20.9535 19.2024 19.6113 36.0579 26.8147 26.0542 30.0209 21.6184 19.0387 18.6149 18.1155 19.6854 17.727
threshold=0.0095162991964726131 567.91000366210949 1.0000000180025095e-35 9.5483113600952745 77.027782173599363 6377.5000000000009 4812.0000000000009 4710.5000000000009 525.51000976562511 -0.041709842685783725 63.123660806738513 0.0025000050663948063 33.449798607179815 0.18897054682649223 1448.5000000000002 -31.091226276924171 0.20384999364614489 4.4645251006159024 -0.089499995112419115 1275.5000000000002 1464.0000000000002 17.581573963563333 497.90499877929693 5667.5000000000009 214.50000000000003 -5.2852484175679395 478.19499206542974 88.994050390192243 7.1248806770020687 891.50000000000011
decision_type=2 2 2 2 2 2 2 2 2 2 2 2 2 2 2 2 2 2 2 2 2 2 2 2 2 2 2 2 2 2
left_child=3 2 6 -1 29 -3 7 8 18 -10 11 -11 -13 25 15 -12 -9 -15 -2 21 -21 22 23 24 -20 -14 -4 28 -22 -5
right_child=1 5 26 4 -6 -7 -8 16 9 10 14 12 13 17 -16 -17 -18 -19 19 20 27 -23 -24 -25 -26 -27 -28 -29 -30 -31
leaf_value=0.029874283608596331 0.028213967348220386 4.9081213998014025e-05 7.6122149109712222e-05 0.026708181214156489 -0.00050682967696491943 0.044027919702180361 0.02835898587438309 -0.00067109554992805668 0.034264037880546161 0.024203560884635891 0.025070234358526511 -0.00054231317423023343 -0.0011664633739649028 0.035224177633695265 0.031627319518132586 -0.0016976122897744759 -0.00017495491962739502 -0.00019792321479910976 0.025587872290085918 0.027924128148729105 -0.001102291477540433 0.019043921387838322 -0.00088503193072677635 0.016499178518459025 -0.00089177503453619588 3.4202311668904141e-05 -0.00041919341833331433 0.012725114627081835 -2.9186229864910931e-05 -0.00066194391701047332
leaf_weight=199 66 63 66 304 356 60 109 100 230 111 127 703 87 96 138 60 66 60 84 143 259 91 841 141 403 62 346 156 183 84
leaf_count=199 66 63 66 304 356 60 109 100 230 111 127 703 87 96 138 60 66 60 84 143 259 91 841 141 403 62 346 156 183 84
internal_value=-0.00282462 -0.00438942 -0.00496936 0.0052057 0.00158879 0.0172266 -0.00400139 -0.00441239 -0.00384948 -0.000541989 -0.00328502 -0.00638345 -0.0083613 0.00101613 0.00731818 -0.00164063 -0.0176023 0.0152174 -0.00618255 -0.00672376 -0.00201743 -0.00894569 -0.0100916 -0.00464455 -0.00875 -0.0138636 -0.01494 -0.00580431 -0.00939597 0.00765903
internal_weight=5794 4851 4728 943 744 123 4316 4207 4041 1674 1444 1119 1008 305 325 187 166 156 2367 2301 741 1560 1469 628 487 149 412 598 442 388
internal_count=5794 4851 4728 943 744 123 4316 4207 4041 1674 1444 1119 1008 305 325 187 166 156 2367 2301 741 1560 1469 628 487 149 412 598 442 388
is_linear=0
shrinkage=0.035


Tree=7
num_leaves=31
num_cat=0
split_feature=123 261 199 126 125 150 203 218 183 85 11 2 150 41 270 11 153 74 33 13 19 270 193 38 12 13 183 160 9 209
split_gain=54.0056 50.3092 39.6429 33.5989 31.7414 30.3596 27.7605 37.064 34.4285 25.8739 26.0017 25.1129 40.51 37.7875 27.8921 27.5547 29.3368 24.5092 22.7962 22.5674 20.3592 19.5349 34.1392 22.2065 19.4566 19.3056 27.8707 19.0537 18.4942 18.0494
threshold=0.0095162991964726131 567.91000366210949 9.5483113600952745 71.500000000000014 35.282751083374031 0.065249994397163405 0.94726348864590892 7.8886624151283602 0.017456112831632457 5627.5000000000009 111.88710281584612 5945.2548828125009 0.021200004965066913 5797.5000000000009 120.43191194236658 71.786234246013507 0.010417024178818601 6377.5000000000009 0.29954999685287481 36.343719045309768 6152.5000000000009 39.987350473716212 0.53441036277911791 4751.5000000000009 12.448452156912564 33.068297210749336 -0.13230157398223055 0.045950002968311317 78.030661369574503 9.2681846605471812
decision_type=2 2 2 2 2 2 2 2 2 2 2 2 2 2 2 2 2 2 2 2 2 2 2 2 2 2 2 2 2 2
left_child=2 3 -1 20 -5 6 7 8 -6 -7 19 13 -13 14 18 21 -17 -3 -9 -11 -2 22 -14 25 -15 -23 -27 28 -4 -29
right_child=1 17 27 4 5 9 -8 11 -10 10 -12 12 15 24 -16 16 -18 -19 -20 -21 -22 23 -24 -25 -26 26 -28 29 -30 -31
leaf_value=0.02882868368229546 -0.00079926308865769526 4.7363371508082348e-05 0.0013676848287746091 -0.00093739912438137239 0.0024570355514706302 -0.00072694165288665993 0.021882606184467284 0.02922667960897235 -0.00044508630245350904 0.028785684956346574 0.026560441022727012 0.033805659115995423 0.026925825710362641 -0.0011159612109355517 0.026625974312863794 -0.00072352941409245921 0.028805174683612565 0.042486942512604049 -0.0012758670086149776 -0.00072487354996600482 0.020636725759947544 -0.0010354378064924314 -0.00066741763569936252 0.027977870070768802 -0.00012778686705491207 -0.0012389585488358668 0.019568197167868367 0.028431463671113953 -0.00095630794908131797 -0.00033907174230461722
leaf_weight=199 369 63 450 1047 130 108 162 70 475 69 154 75 89 313 127 105 198 60 165 167 77 247 68 74 111 129 199 114 118 62
leaf_count=199 369 63 450 1047 130 108 162 70 475 69 154 75 89 313 127 105 198 60 165 167 77 247 68 74 111 129 199 114 118 62
internal_value=-0.00295741 -0.00444708 0.00468882 -0.00502852 -0.00406578 -0.00234414 -0.00379103 -0.00468023 -0.0122213 0.0055666 0.00974684 -0.00233924 0.000883095 -0.00716814 0.00114441 -0.000848294 0.00806818 0.0172266 -0.00597917 0.00232365 -0.0141242 -0.00422935 0.00669753 -0.00690367 -0.0141958 -0.00923276 -0.00357357 0.000934579 -0.00219895 0.0108287
internal_weight=5794 4851 943 4728 4282 3235 2737 2575 605 498 390 1970 1184 786 362 1109 303 123 235 236 446 806 157 649 424 575 328 744 568 176
internal_count=5794 4851 943 4728 4282 3235 2737 2575 605 498 390 1970 1184 786 362 1109 303 123 235 236 446 806 157 649 424 575 328 744 568 176
is_linear=0
shrinkage=0.035


Tree=8
num_leaves=31
num_cat=0
split_feature=4 74 123 35 6 125 199 104 183 148 183 213 270 60 22 140 270 261 136 60 242 256 83 193 260 124 150 254 27 270
split_gain=54.4883 77.3957 44.2676 41.109 40.1731 32.9803 31.858 30.0139 45.2479 29.6248 22.3681 25.2732 29.2715 22.5432 22.1989 32.1542 18.7313 46.9266 35.3866 18.666 20.3574 21.6498 17.3333 15.8458 24.2682 19.2189 14.7166 14.5948 14.2064 30.6128
threshold=1.3874014886908848 6377.5000000000009 0.0093896326839747347 0.022730185754137558 29.816863595321532 49.552099227905281 9.5926044910057762 212.00000000000003 0.63377538813055845 23.500000000000004 0.21309909280110928 10.034208746409439 38.108499932913141 883.50000000000011 0.24595000594854358 6127.5000000000009 63.123660806738513 522.28248596191418 28.215600013732914 1954.5000000000002 54.809555184986756 72.137991701365237 103.50000000000001 -0.099537663094111481 -0.6114043437991018 -2.1775967833750927 0.017850004136562351 4.719207133284665 1342.5000000000002 111.26562084039183
decision_type=2 2 2 2 2 2 2 2 2 2 2 2 2 2 2 2 2 2 2 2 2 2 2 2 2 2 2 2 2 2
left_child=1 2 6 5 9 27 -1 28 10 -5 11 12 -9 -14 15 -13 26 23 -19 -15 -21 -22 -16 24 -18 -26 -11 -2 29 -4
right_child=3 -3 7 4 -6 -7 -8 8 -10 16 -12 14 13 19 22 -17 17 18 -20 20 21 -23 -24 -25 25 -27 -28 -29 -30 -31
leaf_value=0.027450679392960212 0.020875826620298576 0.034500745498033655 0.019942219654452364 0.024322890780080028 0.022636994316921257 0.028280030930640989 0.011020985261507143 0.021381569286303598 0.025424086443323522 -5.3912587893781289e-06 -0.0008109819513756689 0.034925644775989154 0.00020707289256940265 -0.001229930916450986 -0.0026582565319250287 -0.00046508201644701103 -0.00092158974874984067 -0.0013730977446769544 0.030535941355583816 -0.0010033377657797293 0.029174267401013219 -0.0011058357721367457 0.018750216880851583 -0.00086343999089796353 -0.00067585156164318291 0.027800555658771691 -0.00058997534562744102 -0.00047325919585439587 -0.0015560332248121568 -0.0011164105210302408
leaf_weight=168 69 84 75 86 114 72 521 134 239 60 661 138 356 596 73 92 70 77 115 144 105 86 71 440 94 81 632 100 169 72
leaf_count=168 69 84 75 86 114 72 521 134 239 60 661 138 356 596 73 92 70 77 115 144 105 86 71 440 94 81 632 100 169 72
internal_value=-0.00327125 -0.000794405 -0.00156815 -0.0079206 -0.00976607 0.00554878 0.0064049 -0.0034002 -0.00219074 -0.0111536 -0.00361235 -0.001575 -0.00370617 -0.00533669 0.00646438 0.0131064 -0.0122522 -0.00876984 0.00639594 -0.0081891 -0.00154412 0.00589286 -0.00422819 -0.0130362 -0.00574 0.00136111 -0.016571 -0.00301724 -0.0135202 -0.00529605
internal_weight=5794 3784 3700 2010 1769 241 689 3011 2695 1655 2456 1795 1421 1287 374 230 1569 877 192 931 335 191 144 685 245 175 692 169 316 147
internal_count=5794 3784 3700 2010 1769 241 689 3011 2695 1655 2456 1795 1421 1287 374 230 1569 877 192 931 335 191 144 685 245 175 692 169 316 147
is_linear=0
shrinkage=0.035


Tree=9
num_leaves=31
num_cat=0
split_feature=183 125 247 183 218 260 129 256 113 8 256 27 129 66 37 82 10 22 151 183 93 60 258 261 261 256 261 10 213 247
split_gain=63.9793 60.1501 43.9581 46.3243 47.55 38.0545 35.366 34.8922 25.97 25.91 35.5184 32.85 28.9869 36.7504 26.5417 38.0641 34.7763 25.933 24.7572 24.6525 22.3856 22.3261 20.1646 20.0033 34.6509 32.6004 26.1433 22.1518 33.5739 18.9928
threshold=0.8240280347486082 35.382099151611335 636.88500976562511 0.63377538813055845 26.932681433843481 0.46040047229182041 5172.5000000000009 28.667474177647374 -2.3914298541948944 -71.375502757056154 56.296847844840023 2580.0000000000005 5597.5000000000009 0.17445000261068347 32.203550338745124 1912.0000000000002 76.724615945720331 0.18755000084638598 0.20997499674558642 0.71027437067354426 1405.5000000000002 72.500000000000014 0.01520001143217087 469.36000061035162 486.75498962402349 84.983439842936619 517.38500976562511 31.132280192321698 9.9252490431208802 588.36499023437511
decision_type=2 2 2 2 2 2 2 2 2 2 2 2 2 2 2 2 2 2 2 2 2 2 2 2 2 2 2 2 2 2
left_child=1 -1 3 4 9 19 -6 -8 20 -3 11 14 -12 -14 15 16 17 -11 -7 -5 -2 -10 -16 -9 25 -25 -26 -28 29 -29
right_child=8 2 -4 5 6 18 7 23 21 10 12 -13 13 -15 22 -17 -18 -19 -20 -21 -22 -23 -24 24 26 -27 27 28 -30 -31
leaf_value=-0.0011180071053595688 0.023793166513875239 -0.0011761701140653976 0.023179426966620269 0.023381628583996169 0.032966503340473907 0.02999799403661494 0.02742984249568662 -0.0011652086815422662 -7.2061535029743782e-06 -0.00016304942868333562 -0.00080813927371238721 -0.0007162086879596469 -0.00094361088383105099 0.029543518391339889 -0.0011961858791927188 -0.0012869729580818937 -0.00060113837214701099 0.035430847246870782 0.018814548977454458 -0.00056942861690092669 -0.00053814725189416936 -0.0010402573429198648 0.024209428165533127 0.027525873272190415 -0.001732708276311239 -0.0011797178839990515 -0.00076951864945875507 0.020646514563358628 0.030467793104654105 -0.00093719563335451232
leaf_weight=1037 75 208 68 66 74 227 198 104 71 227 111 312 69 165 63 128 116 73 109 101 262 362 156 126 239 101 332 159 152 303
leaf_count=1037 75 208 68 66 74 227 198 104 71 227 111 312 69 165 63 128 116 73 109 101 262 362 156 126 239 101 332 159 152 303
internal_value=-0.00346439 -0.00201829 -6.13727e-05 -0.000561927 -0.00202572 0.00930118 0.00191299 0.000855148 -0.0128258 -0.00634415 -0.00461754 -0.00774537 0.0051 0.0120084 -0.00378255 -0.00790528 -0.00266033 0.00367213 0.0160117 -0.00427326 -0.00542398 -0.0184589 0.00640625 -0.000966469 0.0001482 0.0125216 -0.00226471 0.000368034 0.00429725 -0.000449679
internal_weight=5794 5024 3987 3919 3416 503 1788 1714 770 1628 1420 1075 345 234 763 544 416 300 336 167 337 433 219 1516 1412 227 1185 946 614 462
internal_count=5794 5024 3987 3919 3416 503 1788 1714 770 1628 1420 1075 345 234 763 544 416 300 336 167 337 433 219 1516 1412 227 1185 946 614 462
is_linear=0
shrinkage=0.035


Tree=10
num_leaves=31
num_cat=0
split_feature=183 125 256 74 52 183 260 13 113 183 60 93 193 160 19 256 130 66 256 13 60 274 119 63 60 163 137 126 93 163
split_gain=56.8564 55.4048 46.1022 69.9395 45.6089 48.4048 29.383 26.9334 25.7304 25.6717 22.7534 27.2509 31.7205 25.4661 35.3578 27.4719 24.5206 25.9418 24.2629 36.6433 37.0126 31.7106 24.2258 24.1683 23.5458 23.3918 28.0198 23.2407 21.3014 21.2618
threshold=0.8240280347486082 35.382099151611335 12.524700469182035 6377.5000000000009 5202.5000000000009 0.63377538813055845 0.45370031510967962 53.50213256772777 -2.3914298541948944 0.71027437067354426 285.50000000000006 5203.0000000000009 0.47130837480131837 0.045449994504451759 5667.5000000000009 28.616952510088733 -29.268449749464406 0.15004999935626986 60.07120134308682 65.412024884946874 862.50000000000011 -0.27804280998611586 9.4279995200963214 6037.5000000000009 2639.0000000000005 -0.25019513215347394 1202.0000000000002 135.50000000000003 1405.5000000000002 0.35014143266819159
decision_type=2 2 2 2 2 2 2 2 2 2 2 2 2 2 2 2 2 2 2 2 2 2 2 2 2 2 2 2 2 2
left_child=1 -1 -3 4 -4 10 9 -8 28 -7 -6 12 13 15 -15 25 17 -17 21 -20 -21 -19 -14 -16 -22 -12 -27 -24 -2 -23
right_child=8 2 3 -5 5 6 7 -9 -10 -11 11 -13 22 14 23 16 -18 18 19 20 24 29 27 -25 -26 26 -28 -29 -30 -31
leaf_value=-0.0010788768566719832 0.022960405685889602 -0.00065145968702529425 0.03149248261113341 0.032481939461770762 -0.00081943415944220788 0.022563271583556307 0.028952115528727163 -0.00036960879851883347 -0.00086279743367918783 -0.00081793849409156024 0.069824924694824569 0.027739903658131417 0.00033929014750523682 -0.001073302658748086 0.029908984345678406 0.027628186682083469 -0.0008485969726780263 -0.0017180150629399701 0.030280225943803231 0.024056315856425103 -0.0011946516757924232 -0.0010258729413560421 0.010062736943057159 -0.00061339952242645164 0.018358149006418415 -0.001084991765865599 0.029138913837187318 -0.0010907719246522059 -0.0005193120980778738 0.0087393402999634672
leaf_weight=1037 75 114 78 82 85 66 240 96 433 78 66 60 86 61 174 86 215 121 126 215 443 387 93 73 160 143 65 473 262 101
leaf_count=1037 75 114 78 82 85 66 240 96 433 78 66 60 86 61 174 86 215 121 126 215 443 387 93 73 160 143 65 473 262 101
internal_value=-0.00354889 -0.00218533 -0.000306864 0.000351986 -0.000359589 -0.000931953 0.00938144 0.0149853 -0.0123742 -0.00375839 -0.00247529 -0.0019759 -0.00244423 -0.000602212 0.00872204 -0.00196906 -0.00350188 -0.00202251 -0.00307766 0.000442571 -0.00229648 -0.00849349 -0.00926941 0.0145833 -0.0067352 0.00827957 0.00230047 -0.0118914 -0.00501462 -0.00440162
internal_weight=5794 5024 3987 3873 3791 3713 480 336 770 144 3233 3148 3088 2436 308 2128 1854 1639 1553 944 818 609 652 247 603 274 208 566 337 488
internal_count=5794 5024 3987 3873 3791 3713 480 336 770 144 3233 3148 3088 2436 308 2128 1854 1639 1553 944 818 609 652 247 603 274 208 566 337 488
is_linear=0
shrinkage=0.035


Tree=11
num_leaves=31
num_cat=0
split_feature=4 2 125 201 199 8 4 219 93 49 185 140 272 2 115 213 223 160 270 52 140 191 217 20 223 258 170 93 26 194
split_gain=52.4519 72.2026 44.834 70.0911 41.2524 38.838 36.3797 42.1925 33.9833 30.3511 27.0699 23.26 22.1431 22.0694 21.0004 29.7665 22.6577 22.1446 21.2676 24.3011 26.6373 24.8372 23.3323 20.4263 19.9677 19.6836 24.3742 16.4139 16.1378 22.1335
threshold=-6.144802057264326 6382.4499511718759 49.898649215698249 0.14687500149011615 9.6791241511157704 -73.207840972104705 44.689984705495981 -15.695120782149733 5203.0000000000009 2424.0000000000005 0.013588293509770774 6037.5000000000009 0.023000009357929233 6285.3801269531259 1814.5000000000002 9.6931985247545693 21.214876854106368 0.0117499977350235 81.902533359534587 5962.5000000000009 6082.5000000000009 0.15612499788403514 39.314795059841934 67.915908296015701 12.768862169812897 0.017999984323978428 0.030949994921684269 1220.0000000000002 24.211000442504886 0.019749842303097866
decision_type=2 2 2 2 2 2 2 2 2 2 2 2 2 2 2 2 2 2 2 2 2 2 2 2 2 2 2 2 2 2
left_child=1 4 5 13 10 -2 7 9 14 25 -1 12 -5 -4 15 -6 18 -16 19 27 -21 24 -20 -8 -22 -7 -27 -17 -11 -30
right_child=2 -3 3 11 8 6 23 -9 -10 28 -12 -13 -14 -15 17 16 -18 -19 22 20 21 -23 -24 -25 -26 26 -28 -29 29 -31
leaf_value=0.022993755613884077 -0.0012871552986570196 0.029429653832365985 -0.00086348412263273727 -0.0011835252003329195 -0.00082970154463222047 0.00016235316860606225 0.02529882162923874 -0.00052156022377645441 0.027340906062721403 -0.0011893662737808418 -0.0015010813127296488 0.026048905581393098 0.025623432246325614 0.00018470059694534333 0.021148267271130221 4.7627768416548263e-05 -0.0015492918742713694 -0.001393517691238905 0.039228927129394651 0.03129841438609017 0.025054834529051911 -0.0013894559640005456 0.015690456455559009 -0.0030263757063478639 -0.00086245186786283604 -0.0010983572623649246 0.00015445138831235301 -0.0017763675200545401 -0.00059999970020364955 0.03083525449101043
leaf_weight=294 244 87 127 79 1184 168 98 868 72 74 82 175 88 62 63 81 214 428 82 107 112 128 97 62 60 314 122 62 62 98
leaf_count=294 244 87 127 79 1184 168 98 868 72 74 82 175 88 62 63 81 214 428 82 107 112 128 97 62 60 314 122 62 62 98
internal_value=-0.00354889 -0.000498733 -0.00718254 0.00189366 -0.00141322 -0.00946572 -0.00770711 -0.00920514 -0.00293506 -0.00357058 0.00937008 0.0112968 0.0018314 -0.0149742 -0.00360274 -0.0020849 0.00254747 -0.0100907 0.00548365 0.00201802 0.00637136 0.000918033 0.015788 0.00806061 0.00949153 -0.00770115 -0.0115873 -0.0101689 0.00702929 0.0131515
internal_weight=5794 3153 2641 531 3066 2110 1866 1706 2690 838 376 342 167 189 2618 2127 943 491 729 550 407 300 179 160 172 604 436 143 234 160
internal_count=5794 3153 2641 531 3066 2110 1866 1706 2690 838 376 342 167 189 2618 2127 943 491 729 550 407 300 179 160 172 604 436 143 234 160
is_linear=0
shrinkage=0.035


Tree=12
num_leaves=31
num_cat=0
split_feature=224 74 150 140 34 11 199 270 71 103 4 260 150 160 7 26 27 211 193 183 38 41 122 36 11 19 247 148 82 150
split_gain=51.6698 70.9829 39.6461 51.1156 45.1101 45.8435 37.3651 30.1673 27.7089 30.9996 27.9083 24.0751 38.8188 23.9618 25.6095 23.8841 23.4091 21.3235 27.8677 25.8317 33.3429 29.9965 23.6665 21.2361 20.8408 26.8093 27.236 26.4479 18.8479 18.667
threshold=0.54410641536055726 6377.5000000000009 0.060700006783008582 5652.5000000000009 3.626993513805437 107.47984341270477 9.4375954585366575 58.203699015901073 1948.5000000000002 54.675849914550788 44.689984705495981 -0.6114043437991018 0.02084998041391373 0.021800007671117786 -8.7661065236679399 25.10985088348389 3590.0000000000005 0.63158246084209668 0.83938879176650338 0.37317135772753779 3821.0000000000005 5952.5000000000009 24.841381052842397 -12.486119836850436 93.761685195907532 6077.5000000000009 606.11499023437511 1133.5000000000002 1258.5000000000002 0.088350005447864546
decision_type=2 2 2 2 2 2 2 2 2 2 2 2 2 2 2 2 2 2 2 2 2 2 2 2 2 2 2 2 2 2
left_child=1 6 8 29 -5 7 23 -6 9 10 11 -2 -13 14 -10 -7 -14 19 -19 20 24 -22 -21 -1 25 -8 -27 -28 -26 -4
right_child=2 -3 3 4 5 15 17 -9 13 -11 -12 12 16 -15 -16 -17 -18 18 -20 22 21 -23 -24 -25 28 26 27 -29 -30 -31
leaf_value=-0.0020237561487517 -0.00098144811863961961 0.030315033696475972 -0.00078728646170978477 -0.00098832897729089807 -0.001979672243191653 -0.0010440201092797212 -0.001320572215957791 0.020537504661650375 0.01829924469452307 0.013105810570987517 0.020849154371964933 0.022278798020130029 -0.00085043591171894922 -0.00072431336346599881 -0.00045996669640224259 0.025828621076261923 0.023454637664784121 0.02537527797641485 -0.00063441629651522975 -0.0015677789654402815 -0.0015579296964299729 0.031856158666516761 -5.3355912874922254e-05 0.022646599863736946 -0.0013121856422139172 0.030481083118395962 0.014126530158739629 -0.001374421190993694 0.02435472383043687 -0.0010952902019440421
leaf_weight=62 92 84 74 154 60 62 905 89 173 203 95 79 683 560 155 288 92 117 112 276 73 141 157 203 91 69 258 169 98 120
leaf_count=62 92 84 74 154 60 62 905 89 173 203 95 79 683 560 155 288 92 117 112 276 73 141 157 203 91 69 258 169 98 120
internal_value=-0.00348853 -8.68794e-05 -0.00669739 -0.000287559 0.00441489 0.00951389 -0.00108735 -0.00659091 -0.00923725 -0.00582866 -0.00826482 -0.0100841 -0.00814901 -0.013953 -0.00630631 0.0163662 -0.0105449 -0.00243626 0.00762821 -0.00348127 -0.00162521 0.0111872 -0.0111073 0.0112778 -0.00337931 -0.0048542 0.00167665 -0.00170139 0.00739691 -0.0158291
internal_weight=5794 2815 2979 847 653 499 2731 149 2132 1244 1041 946 854 888 328 350 775 2466 229 2237 1804 214 433 265 1590 1401 496 427 189 194
internal_count=5794 2815 2979 847 653 499 2731 149 2132 1244 1041 946 854 888 328 350 775 2466 229 2237 1804 214 433 265 1590 1401 496 427 189 194
is_linear=0
shrinkage=0.035


Tree=13
num_leaves=31
num_cat=0
split_feature=4 2 212 6 125 88 8 219 93 85 49 195 261 261 260 160 270 89 38 258 170 115 211 10 256 11 11 247 71 260
split_gain=49.5704 69.2638 41.7493 33.1738 40.8911 78.9746 33.1166 36.0954 31.2896 29.2441 27.947 25.6657 24.1097 40.5795 36.323 28.4464 26.8455 24.1884 23.7411 20.8771 25.9034 20.4115 28.583 19.6337 19.5783 33.409 23.1668 17.5197 16.9546 29.0592
threshold=-6.144802057264326 6382.4499511718759 6.1191973084961502 29.816863595321532 49.898649215698249 0.1378000006079674 -73.207840972104705 -15.695120782149733 5203.0000000000009 6287.5000000000009 2424.0000000000005 0.0096318644253802002 553.60498046875011 527.49499511718761 -0.041709842685783725 0.014599997550249101 120.43191194236658 10.268136253229043 860.00000000000011 0.017849996685981754 0.030949994921684269 2041.0000000000002 0.37140743073578308 117.26017879859613 78.500177042794434 80.295839725110525 122.89383033935299 588.82501220703136 1750.0000000000002 0.17020245777650891
decision_type=2 2 2 2 2 2 2 2 2 2 2 2 2 2 2 2 2 2 2 2 2 2 2 2 2 2 2 2 2 2
left_child=1 2 11 4 6 9 -2 10 12 -6 19 -1 13 16 -15 -16 17 -4 -7 -8 -21 22 -17 -22 27 -26 -27 -18 -14 -30
right_child=3 -3 8 -5 5 18 7 -9 -10 -11 -12 -13 28 14 15 21 24 -19 -20 20 23 -23 -24 -25 25 26 -28 -29 29 -31
leaf_value=0.024487143247240332 -0.0012871723990427462 0.027572096669794779 0.029114363887946661 0.019983497223161808 -0.0010665343320751355 -0.00031601826508435599 0.00028337611178466616 -0.00054035303519011453 0.025793871587141387 0.00023498736147097135 0.01801447899993313 -6.701398423926808e-05 -0.0016261133497676643 0.036795902049373434 0.025687468821300484 -0.0011295866534051647 0.024979738840622805 -0.0013144931057629055 0.024891310194735127 -0.0011015709231112847 0.026484275756896474 -0.001502446895395378 0.028365772514031273 -0.00098412437964135444 -0.0026175118209471144 0.025680723571573125 -0.00086806125308038699 -0.00037845371046877995 0.018643197937379272 -0.0014349124717502051
leaf_weight=205 242 87 75 132 129 140 171 876 69 61 238 177 114 152 94 151 74 1220 201 325 66 159 75 60 144 86 60 60 74 77
leaf_count=205 242 87 75 132 129 140 171 876 69 61 238 177 114 152 94 151 74 1220 201 325 66 159 75 60 144 86 60 60 74 77
internal_value=-0.00359717 -0.000631729 -0.00152719 -0.00712963 -0.00803302 0.000587687 -0.0103429 -0.00860425 -0.00307177 -0.0172308 -0.00347977 0.00922481 -0.00370038 -0.00255626 0.00500786 0.000216942 -0.00533933 -0.00783462 0.0106214 -0.00736842 -0.0112829 -0.00403846 0.00272727 0.0021374 0.00228438 -0.00284746 0.00880795 0.0130935 -0.0136111 -0.00560897
internal_weight=5794 3153 3066 2641 2509 531 1978 1736 2684 190 860 382 2615 2350 631 479 1719 1295 341 622 451 385 226 126 424 290 146 134 265 151
internal_count=5794 3153 3066 2641 2509 531 1978 1736 2684 190 860 382 2615 2350 631 479 1719 1295 341 622 451 385 226 126 424 290 146 134 265 151
is_linear=0
shrinkage=0.035


Tree=14
num_leaves=31
num_cat=0
split_feature=123 104 74 212 211 88 150 261 270 260 82 213 173 219 193 219 115 33 261 261 261 99 161 261 115 260 247 8 256 45
split_gain=50.5765 39.972 34.3378 34.0835 29.3692 30.6254 43.7524 31.4606 58.2894 28.9621 29.5306 26.6071 26.1817 26.1566 25.9679 25.4278 22.6121 22.5434 21.5799 21.0791 26.1554 31.6616 24.8156 19.6443 17.7178 34.5478 17.6051 26.7681 46.7155 20.7521
threshold=0.0095162991964726131 184.00000000000003 6377.5000000000009 5.992712987207276 0.62647992515394557 0.14039999991655353 0.032099995762109763 526.01000976562511 63.123660806738513 -0.041709842685783725 551.50000000000011 9.8921231406179597 0.62281994646571892 16.924798862109554 0.80319427564757029 -12.626411150242763 709.00000000000011 0.18304999917745593 447.66999816894537 470.17500305175787 486.75498962402349 0.31534999608993536 0.36540000140666967 537.71499633789074 4137.5000000000009 0.87099931391703878 591.41000366210949 -71.055351926349985 43.705956754712638 5.0356791740474618
decision_type=2 2 2 2 2 2 2 2 2 2 2 2 2 2 2 2 2 2 2 2 2 2 2 2 2 2 2 2 2 2
left_child=3 13 4 -1 5 6 23 12 9 -9 -11 16 18 24 15 -6 -10 -12 -7 -20 21 -21 -23 -3 -2 -26 -22 29 -29 -28
right_child=1 2 -4 -5 14 7 -8 8 11 10 17 -13 -14 -15 -16 -17 -18 -19 19 20 26 22 -24 -25 25 -27 27 28 -30 -31
leaf_value=0.023339430176559706 -0.0010475139595879266 0.02586005700543605 0.017514623442468447 8.5628399236621085e-05 0.025243498312417616 0.026255038179470204 -0.0010911400975254593 0.028344479392569753 -0.0034329325674071474 0.026401011724856614 0.006876394077861666 0.032021340096676253 -0.0013109675009074246 0.016486878581648642 -0.00022771514096248615 -0.00036382075662118931 0.025212337803316224 -0.0010659688739596538 -0.0022480487086041414 0.025716267604291465 -0.00096042728043956927 -0.0023760595726228352 0.012584820371631934 -0.0011118063492577875 -0.0006013954883737438 0.019254902245553689 -0.0029301269905258028 -0.00058596266751793165 0.030916189662195382 -0.00077150538363101044
leaf_weight=193 574 76 91 750 180 73 292 103 64 61 134 119 183 76 219 65 133 358 142 145 789 61 100 65 65 62 70 162 122 267
leaf_count=193 574 76 91 750 180 73 292 103 64 61 134 119 183 76 219 65 133 358 142 145 789 61 100 65 65 62 70 162 122 267
internal_value=-0.00352475 -0.00496602 -0.0035695 0.00387658 -0.00406344 -0.00515465 -0.0138242 -0.00391783 0.00128966 -0.00465961 -0.0078405 0.0135202 -0.00630958 -0.0122187 0.0041791 0.0119 0.00537129 -0.0107042 -0.00508006 -0.00582394 -0.00471819 0.00450161 -0.00611446 0.00215753 -0.0143272 -0.00238636 -0.00672792 -0.00229233 0.00557093 -0.00890351
internal_weight=5794 4851 4074 943 3983 3519 433 3086 972 656 553 316 2114 777 464 245 197 492 1931 1858 1716 306 161 141 701 127 1410 621 284 337
internal_count=5794 4851 4074 943 3983 3519 433 3086 972 656 553 316 2114 777 464 245 197 492 1931 1858 1716 306 161 141 701 127 1410 621 284 337
is_linear=0
shrinkage=0.035


Tree=15
num_leaves=31
num_cat=0
split_feature=224 2 199 161 261 270 13 38 82 247 19 33 30 195 13 135 261 261 260 183 151 258 102 193 115 189 77 10 71 260
split_gain=52.2175 67.7263 38.0443 37.5559 64.6024 58.3248 37.9189 42.5285 36.6199 38.8107 34.5309 30.2174 22.841 25.9656 25.5236 22.774 22.0152 35.7129 34.6295 31.9038 20.7576 20.2616 19.7522 18.5432 20.6118 19.1216 18.092 24.8563 16.9438 17.368
threshold=0.5222936102759631 6382.4499511718759 9.4375954585366575 0.15097500011324885 528.02999877929699 56.797543653050774 38.614270690149105 486.00000000000006 1220.5000000000002 586.16000366210949 5702.5000000000009 0.19449999928474429 5487.5000000000009 0.0098479223611264727 86.151643707798215 -1.275937092472039 553.60498046875011 527.49499511718761 -0.041709842685783725 0.63223206200875004 0.34215000271797186 0.029299996793270115 -4.1375704588878479 -0.73560199885883637 934.00000000000011 13.218964539748983 0.15705000609159472 34.862709913204533 1750.0000000000002 0.18684868088937193
decision_type=2 2 2 2 2 2 2 2 2 2 2 2 2 2 2 2 2 2 2 2 2 2 2 2 2 2 2 2 2 2
left_child=1 2 22 6 8 11 -2 -8 9 12 -10 -6 -5 -14 20 -7 17 -4 -19 26 -15 -11 -1 -12 -25 -26 -20 -28 -18 -30
right_child=3 -3 16 4 5 15 7 -9 10 21 23 -13 13 14 -16 -17 28 18 19 -21 -22 -23 -24 24 25 -27 27 -29 29 -31
leaf_value=-0.0018590944664845939 -0.00061054653649479965 0.02737952304602043 -0.00079703336695311606 -0.0012448471329087336 0.029488340464126624 -0.0003778519262728636 0.028365878435527112 -0.0019967776615557021 -0.0016877418491425432 -0.0012566797874281012 -0.00080194415614691101 -0.0014129159636112358 0.023921473685405453 -0.00049907963291450144 0.022110138791730936 0.024344777838377348 -0.0016718619177969287 0.034912779841262807 0.018325618619022065 0.024845708779163412 -0.0017506865734384998 1.5350212437115764e-05 0.021305926976845933 0.027392014093099507 -0.00073419694743071982 0.020258275058000239 -0.0016105979689423999 0.015250000998907109 0.017145747702551551 -0.0013465006318255581
leaf_weight=61 592 94 1561 181 70 73 94 62 134 445 61 148 125 290 81 219 102 151 89 124 61 61 204 152 61 92 156 95 80 75
leaf_count=61 592 94 1561 181 70 73 94 62 134 445 61 148 125 290 81 219 102 151 89 124 61 61 204 152 61 92 156 95 80 75
internal_value=-0.00359717 -0.000150161 -0.00119127 -0.00679747 -0.00452413 0.00638835 -0.0135724 0.00173913 -0.00772441 -0.0109287 0.000277228 -0.00721973 -0.00574697 -0.00217972 -0.00624714 0.0164983 -0.00256973 -0.0014122 0.00570161 0.000895522 -0.010323 -0.0183562 0.0112778 0.00584906 0.00937097 0.000221519 -0.00466667 -0.00943359 -0.0121565 -0.00459375
internal_weight=5794 2792 2698 3002 2254 510 748 156 1744 1244 500 218 738 557 432 292 2433 2176 615 464 351 506 265 366 305 153 340 251 257 155
internal_count=5794 2792 2698 3002 2254 510 748 156 1744 1244 500 218 738 557 432 292 2433 2176 615 464 351 506 265 366 305 153 340 251 257 155
is_linear=0
shrinkage=0.035


Tree=16
num_leaves=31
num_cat=0
split_feature=224 2 150 96 11 80 199 270 274 4 219 82 104 104 104 160 125 183 260 211 104 183 71 38 126 220 221 102 126 11
split_gain=52.2457 64.2838 37.8122 53.6242 38.0483 45.7923 37.7299 27.0214 24.2511 23.7023 22.5939 23.1004 37.2613 34.4376 26.9654 26.3532 21.4593 28.6016 39.0688 20.622 28.9073 25.2498 27.9131 27.7375 27.7207 23.529 27.5583 19.7522 18.515 25.7665
threshold=0.5222936102759631 6382.4499511718759 0.066050000488758101 5627.5000000000009 107.47984341270477 -6.4121143762405159 9.4375954585366575 57.734850800456535 0.54814615286888002 44.689984705495981 -5.5985342817483597 326.50000000000006 519.50000000000011 693.50000000000011 826.50000000000011 0.021800007671117786 35.514499664306648 0.058362888780445044 -0.59286781075281536 0.63158246084209668 212.00000000000003 0.29623323705550381 2129.0000000000005 2614.0000000000005 263.00000000000006 6.0016972265846027 28.933736728679339 -4.1375704588878479 940.50000000000011 99.031713725741625
decision_type=2 2 2 2 2 2 2 2 2 2 2 2 2 2 2 2 2 2 2 2 2 2 2 2 2 2 2 2 2 2
left_child=1 6 9 -4 7 -6 27 -5 -7 10 11 15 -13 -14 -15 -2 -16 18 -18 21 -21 22 23 28 -23 -24 -27 -1 -8 -30
right_child=2 -3 3 4 5 8 19 -9 -10 -11 -12 12 13 14 16 -17 17 -19 -20 20 -22 24 25 -25 -26 26 -28 -29 29 -31
leaf_value=-0.0017940261601576337 -0.00027240426692517973 0.02642123973940972 -0.0010648257663832766 -0.0018862561833933342 -0.0020302522314733008 0.024739175199797955 -1.0933836195770043e-07 0.013517966145961754 0.0045951066377474857 0.016117642252621307 -0.00061300733634331696 0.00025331464729300314 -0.0016301414098970136 0.029931346181049121 -0.001635729537307858 -0.0010796416679401501 -0.0010260830469678826 -0.0012018747413320137 0.013986242469454535 -0.0012845107545786936 0.02274415523977923 0.020924971445892553 0.036444018255215142 0.01576913400267432 -0.0012454753559779442 -0.0018288409880215875 0.027856839334585888 0.020560219532656323 -0.0016358142640164174 0.021444631195442543
leaf_weight=61 147 94 189 61 66 172 427 116 63 114 506 419 161 72 127 284 82 147 276 78 145 107 80 265 403 99 109 204 642 78
leaf_count=61 147 94 189 61 66 172 427 116 63 114 506 419 161 72 127 284 82 147 276 78 145 107 80 265 403 99 109 204 642 78
internal_value=-0.00357303 -0.000125134 -0.00677419 0.000572917 0.00681159 0.0142974 -0.00113947 -0.00596154 0.0214375 -0.00886966 -0.00966981 -0.00771221 -0.00532196 -0.00945402 -0.00602257 -0.0146904 -0.00835165 -0.0050098 0.000385675 -0.00251231 0.00752193 -0.0035395 -0.00147801 -0.00350741 -0.0103301 0.00836177 0.00197183 0.0112778 -0.00586372 -0.00926897
internal_weight=5794 2792 3002 667 478 301 2698 177 235 2335 2221 1715 1284 865 704 431 632 505 358 2433 223 2210 1700 1412 510 288 208 265 1147 720
internal_count=5794 2792 3002 667 478 301 2698 177 235 2335 2221 1715 1284 865 704 431 632 505 358 2433 223 2210 1700 1412 510 288 208 265 1147 720
is_linear=0
shrinkage=0.035


Tree=17
num_leaves=31
num_cat=0
split_feature=183 136 52 183 30 115 242 8 19 2 60 79 115 270 270 274 274 115 183 181 2 163 137 160 60 60 17 8 5 138
split_gain=52.1446 52.0074 41.7651 42.7276 54.2828 31.0437 39.754 30.8244 35.3303 50.5531 30.3019 32.6707 31.6873 32.5268 33.1406 29.0529 28.9821 27.4276 27.1839 33.858 36.9434 24.9718 22.2448 21.5888 21.1334 20.6501 20.4965 19.5867 18.6168 18.5562
threshold=0.8240280347486082 26.822750091552738 5202.5000000000009 0.63377538813055845 6362.5000000000009 648.00000000000011 31.362365237211836 -37.523472935354668 6002.5000000000009 6019.9699707031259 988.50000000000011 0.019139221211526475 592.50000000000011 120.43191194236658 129.40757102184679 0.21406620694781134 0.25724318745881236 849.00000000000011 0.71027437067354426 0.13832500204443934 5960.1198730468759 -0.15080060275763416 1067.0000000000002 0.021800007671117786 1068.0000000000002 1044.0000000000002 5.6004794832764668 -23.779834267976451 34.584234846825403 3.5000000000000004
decision_type=2 2 2 2 2 2 2 2 2 2 2 2 2 2 2 2 2 2 2 2 2 2 2 2 2 2 2 2 2 2
left_child=1 28 -3 4 5 6 21 8 22 -10 11 29 13 -12 -15 25 -9 -2 -5 -20 -21 -4 -7 -19 -17 -11 -27 -18 -1 -8
right_child=17 2 3 18 -6 7 10 16 9 15 12 -13 -14 14 -16 24 27 23 19 20 -22 -23 -24 -25 -26 26 -28 -29 -30 -31
leaf_value=-0.0010810628722789134 0.016613919446128122 0.028277558013773931 0.045993688480506278 0.025611636988154173 0.019631602338829528 -0.00082888867047914319 0.025073670787627449 -0.000811237802581974 0.022968101820862345 0.021805989904405174 -0.0013779026144670433 -0.00090324071252397898 0.019833224154888619 0.023419991757888101 -0.0024413053839762353 -0.0016347518778345967 -0.00058507481670712965 -0.00034634137356052589 -0.0011357158559369247 -0.00061459439733189849 0.023223037714123117 0.0062896072099127287 -0.0014709761122305533 -0.0011365910568738426 -0.0004962025988297892 -0.0013207379050760417 0.020542486771446416 0.0046089404032849217 -0.0012612033066307245 -6.2030255690951336e-05
leaf_weight=595 70 77 83 227 82 351 200 407 153 88 592 165 60 74 93 108 103 231 64 113 109 64 125 469 123 240 83 68 483 94
leaf_count=595 70 77 83 227 82 351 200 407 153 88 592 165 60 74 93 108 103 231 64 113 109 64 125 469 123 240 83 68 483 94
internal_value=-0.00356096 -0.00225492 -0.000389775 -0.000912494 -0.00235347 -0.00307411 0.000807692 -0.00605987 -0.00298981 0.00153125 -0.00120031 0.00595905 -0.00522451 -0.00719241 0.00630814 -0.00281298 -0.0127273 -0.0120129 0.00844595 0.00120275 0.00770925 0.0177303 -0.0104782 -0.0140993 -0.0126059 0.00277644 -0.0013872 -0.000596591 -0.00904894 0.0128763
internal_weight=5794 5024 3946 3869 3356 3274 1425 1849 1271 795 1278 459 819 759 167 642 578 770 513 286 222 147 476 700 231 411 323 171 1078 294
internal_count=5794 5024 3946 3869 3356 3274 1425 1849 1271 795 1278 459 819 759 167 642 578 770 513 286 222 147 476 700 231 411 323 171 1078 294
is_linear=0
shrinkage=0.035


Tree=18
num_leaves=31
num_cat=0
split_feature=224 233 199 35 6 37 150 201 247 60 170 36 36 211 104 126 126 160 104 260 38 19 38 104 171 150 12 173 201 216
split_gain=45.3679 61.7235 38.5184 31.1229 31.9279 26.448 31.6485 30.2089 44.1997 46.3865 24.7197 24.1521 21.2361 21.2131 28.9073 20.8627 25.3109 20.0533 19.6146 19.9093 21.6027 20.3788 19.3279 19.317 18.5335 18.3781 16.4747 14.5515 25.0426 16.3418
threshold=0.5222936102759631 6382.4499511718759 9.4375954585366575 0.021622232761616404 29.816863595321532 28.845000267028812 0.018399991095066074 0.1444749999791384 561.45001220703136 1258.5000000000002 0.033100001513957984 -7.8512627495183356 -12.486119836850436 0.63158246084209668 212.00000000000003 672.00000000000011 272.50000000000006 0.02609999850392342 4812.0000000000009 0.27516074546021402 4564.0000000000009 5997.5000000000009 828.00000000000011 193.50000000000003 0.17302499711513522 0.036199990659952171 1.3690411740907762 -0.10043225258158045 0.29347500205039984 15.989853172727971
decision_type=2 2 2 2 2 2 2 2 2 2 2 2 2 2 2 2 2 2 2 2 2 2 2 2 2 2 2 2 2 2
left_child=1 2 12 15 5 6 -5 11 -9 10 23 17 -1 18 -15 16 -2 -7 19 20 26 -22 -21 -10 -25 -24 -4 28 -8 -29
right_child=3 -3 13 4 -6 7 27 8 9 -11 -12 -13 -14 14 -16 -17 -18 -19 -20 22 21 -23 25 24 -26 -27 -28 29 -30 -31
leaf_value=-0.0020071394661991633 -0.00044649206831280793 0.025167139969146046 0.012276105243591826 0.00059938939639083094 0.0181831239839188 0.00016680475989796191 0.00037907747097830103 -0.002062982908515584 -0.0017666745643950715 0.024261840064753737 0.025322588736843704 -0.0010787427520104927 0.019177311924642976 -0.0012237315179705914 0.021398556301924651 -0.0011357794878984002 0.022946399742475754 -0.00046814805917978601 0.021613922298959452 0.0054444568203675875 -0.002153656582572975 0.025228635815875602 -0.00043178699664971873 0.017843882452518719 -0.0011892808229963048 -0.0016928131040532726 -0.00092147423674232847 6.1882608372196287e-06 -0.001239303243738909 -0.00087275361498522343
leaf_weight=62 102 94 156 131 116 82 192 84 74 185 61 139 203 78 145 147 123 64 97 88 61 107 76 60 195 193 1432 76 116 1055
leaf_count=62 102 94 156 131 116 82 192 84 74 185 61 139 203 78 145 147 123 64 97 88 61 107 76 60 195 193 1432 76 116 1055
internal_value=-0.00348853 -0.000275295 -0.00126896 -0.00647157 -0.00781025 -0.00864232 -0.0114222 -0.00398314 0.000158133 0.00368103 -0.00318987 -0.0133966 0.0112778 -0.00265587 0.00752193 0.00297082 0.00958696 -0.00324503 -0.00369752 -0.00441218 -0.00286201 0.00890173 -0.0118923 -0.00702096 -0.00228846 -0.0164781 -0.00413057 -0.012919 -0.00603834 -0.0147579
internal_weight=5794 2792 2698 3002 2630 2514 1570 944 659 575 390 285 265 2433 223 372 225 146 2210 2113 1756 168 357 329 255 269 1588 1439 308 1131
internal_count=5794 2792 2698 3002 2630 2514 1570 944 659 575 390 285 265 2433 223 372 225 146 2210 2113 1756 168 357 329 255 269 1588 1439 308 1131
is_linear=0
shrinkage=0.035


Tree=19
num_leaves=31
num_cat=0
split_feature=123 199 104 261 260 274 102 11 17 6 151 160 42 270 260 242 242 256 58 9 121 25 49 222 153 65 258 217 8 115
split_gain=47.2712 44.368 30.5304 30.9254 63.2922 39.3998 33.5636 33.7719 33.3805 27.4076 26.546 25.5186 23.808 21.8897 23.4311 24.8998 44.5734 56.6878 33.9035 27.2436 26.6753 22.9155 19.9791 19.8429 18.9858 18.7414 18.2136 18.0884 23.9158 23.513
threshold=0.0095162991964726131 9.4968310749433673 184.00000000000003 526.01000976562511 -0.050290315748479801 0.22283861823035614 -4.511140893579511 28.837233931218055 2.5695468658459846 32.839817342794497 0.15802500024437907 0.010500002652406694 22.178720767271901 117.59517811630604 -0.11895926359769808 81.869720660834417 49.246852473388302 41.92864140929953 -7.9408993689303591 24.951406926064269 0.31315000355243688 -12.148293883248732 482.50000000000006 19.443436924280352 -0.094663428816972192 0.3579500019550324 0.016100011765956882 80.332147709250805 -68.067922687839058 608.50000000000011
decision_type=2 2 2 2 2 2 2 2 2 2 2 2 2 2 2 2 2 2 2 2 2 2 2 2 2 2 2 2 2 2
left_child=1 -1 9 13 -5 11 8 12 -7 -2 26 -6 -8 14 22 16 17 18 -16 -19 -17 -18 -4 -12 -20 -23 -9 28 29 -15
right_child=2 -3 3 4 5 6 7 10 -10 -11 23 -13 -14 27 15 20 21 19 24 -21 -22 25 -24 -25 -26 -27 -28 -29 -30 -31
leaf_value=0.020668906597126606 -0.00094482602091308773 -2.6028287979793511e-05 -0.00095472447337913114 0.021569409446697527 0.023712883960416344 0.0066179587284380262 0.0026817755020982111 0.023269532223232556 -0.0017858027556195118 0.018934317767782115 0.021925808469127825 -0.00085901803882609633 -0.0013134039313746041 0.00024500747481985639 0.00024434988678812886 0.03101427351991674 -0.0018972197210331554 -0.0005599429713873047 0.00018117486226687353 0.030224067325325135 -0.00076693036702382429 -0.00017936558160711491 -0.001620238327961508 0.014771765448124547 -0.0012846151176877257 -0.0015843165780061532 -0.00052992498981556337 0.019943216340996581 0.030333398779163606 -0.0018764106312891145
leaf_weight=189 715 754 174 268 60 107 60 60 119 62 210 604 60 248 145 60 260 72 65 154 92 193 327 83 200 119 66 68 60 140
leaf_count=189 715 754 174 268 60 107 60 60 119 62 210 604 60 248 145 60 260 72 65 154 92 193 327 83 200 119 66 68 60 140
internal_value=-0.0035006 0.00365506 -0.00489395 -0.00367247 -6.16921e-05 -0.00300209 0.00240909 0.00714154 -0.00878788 -0.011234 0.0118042 -0.00920777 -0.00896 -0.00624475 -0.00800911 -0.00558974 -0.00727123 -0.000873635 -0.00860241 0.0130303 0.00757962 -0.0143154 -0.0144565 0.0175 -0.0159444 -0.00772871 -0.00160305 0.000134357 -0.00247241 -0.00569975
internal_weight=5794 943 4851 4074 1697 1429 765 539 226 777 419 664 120 2377 1861 1360 1208 636 410 226 152 572 501 293 265 312 126 516 448 388
internal_count=5794 943 4851 4074 1697 1429 765 539 226 777 419 664 120 2377 1861 1360 1208 636 410 226 152 572 501 293 265 312 126 516 448 388
is_linear=0
shrinkage=0.035


Tree=20
num_leaves=31
num_cat=0
split_feature=123 199 163 118 130 150 246 4 247 219 55 274 9 274 183 150 22 247 213 216 93 99 24 192 9 148 21 69 273 273
split_gain=47.9103 44.368 29.1553 36.3176 40.6081 51.3539 34.793 35.302 33.8936 32.7077 35.168 29.4366 29.2287 24.0838 43.6637 26.5116 22.1883 40.8756 27.6107 22.7829 21.6645 21.303 21.176 17.7604 17.7521 15.8696 17.0349 18.9115 15.7147 15.7116
threshold=0.0095162991964726131 9.4968310749433673 0.95717535876046766 5957.5000000000009 -30.295368125165531 0.035149998962879188 0.0068776362813575262 42.98943961829881 599.69500732421886 -10.441315354192357 0.1446500048041344 0.86782910212164788 64.829723866977332 0.47306494117599679 0.89298785678843706 0.022000007331371311 0.27064999938011175 575.91998291015636 8.8686239926165644 37.86149506672087 2655.5000000000005 0.18374999612569812 0.036586720303905008 -0.38208556149104367 117.76971264870936 2075.5000000000005 0.14805000275373462 -4.8171539884240211 0.28749549341882108 0.31225977565520496
decision_type=2 2 2 2 2 2 2 2 2 2 2 2 2 2 2 2 2 2 2 2 2 2 2 2 2 2 2 2 2 2
left_child=1 -1 3 6 13 9 16 11 -7 10 -6 12 21 15 -15 -5 17 -2 -18 -19 22 -8 -17 -10 -14 26 28 -28 -3 -20
right_child=2 25 -4 4 5 8 7 -9 23 -11 -12 -13 24 14 -16 20 18 19 29 -21 -22 -23 -24 -25 -26 -27 27 -29 -30 -31
leaf_value=0.019945494866227174 0.027674864771266596 -0.0016253467308031484 -0.00064227353221635254 0.023052614399326862 0.021796498568323761 0.022871152686403533 0.026051126723729615 0.0099822810913125955 -0.0003250091172710135 -0.00057574570411925879 -0.0013224885703972873 0.016357440085293624 -0.001455031528648912 0.020513177810415072 -0.0011404011496869686 -0.0011953628647258002 0.019324374589370082 0.021780110275412851 -0.0015603204930966985 -0.001304995345135554 0.019542153979821539 -0.0010942064702636782 0.001649664597046469 -0.00094659501851914526 -0.00064915190144627943 -0.0017016662491847207 -0.00068537524048622078 0.020737847213805092 0.020515800499843435 0.010116866786960664
leaf_weight=189 85 247 141 61 206 85 60 123 108 203 174 60 403 186 62 462 91 65 452 161 153 342 445 548 93 91 121 232 63 82
leaf_count=189 85 247 141 61 206 85 60 123 108 203 174 60 403 186 62 462 91 65 452 161 153 342 445 548 93 91 121 232 63 82
internal_value=-0.00354889 0.00365506 -0.00495161 -0.00446872 -0.00180319 -0.00616253 -0.00801434 -0.012279 -0.0122453 0.00160714 0.00763636 -0.0145379 -0.016124 0.00241994 0.0121739 0.000217584 -0.00304995 0.00454114 -0.00683333 -0.00333333 -0.00111737 -0.00894349 -0.00318531 -0.0149319 -0.0217964 -0.000184453 0.00172904 0.00694134 -0.00422222 -0.00987013
internal_weight=5794 943 4851 4710 2693 1324 2017 1081 741 583 380 958 898 1369 248 1121 936 311 625 226 1060 402 907 656 496 754 663 353 310 534
internal_count=5794 943 4851 4710 2693 1324 2017 1081 741 583 380 958 898 1369 248 1121 936 311 625 226 1060 402 907 656 496 754 663 353 310 534
is_linear=0
shrinkage=0.035


Tree=21
num_leaves=31
num_cat=0
split_feature=123 199 261 22 118 211 213 9 151 203 126 183 270 111 11 225 153 20 222 256 60 82 115 270 173 9 140 41 22 247
split_gain=48.6839 43.4027 32.1396 32.9995 41.7201 35.7649 35.7534 42.0116 39.1216 36.445 31.3722 46.1175 36.5009 34.7054 31.246 27.2009 26.6871 25.4414 24.6916 23.7649 23.6421 22.5173 21.6664 24.0392 26.8829 20.5252 29.936 19.153 26.4 42.8815
threshold=0.0093896326839747347 9.4968310749433673 567.91000366210949 0.11264999955892564 5957.5000000000009 0.0068776362813575262 10.017953827874413 11.569019316236707 0.15802500024437907 0.91379594345810344 71.500000000000014 0.63377538813055845 42.954145717103266 24.664733690543642 174.91398454555909 0.28564712960401234 0.094274508430576651 67.421720310244538 10.238285616390923 44.643428831736436 1597.0000000000002 1228.5000000000002 301.50000000000006 58.203699015901073 0.36217181570938467 46.094207624009393 6302.5000000000009 5312.5000000000009 0.27064999938011175 575.91998291015636
decision_type=2 2 2 2 2 2 2 2 2 2 2 2 2 2 2 2 2 2 2 2 2 2 2 2 2 2 2 2 2 2
left_child=1 -1 3 25 5 27 8 20 9 -6 -10 12 18 -14 15 -7 -4 -16 -12 21 -8 -9 -15 -24 -25 -2 -27 -5 29 -29
right_child=2 -3 16 4 6 14 7 19 10 -11 11 -13 13 22 17 -17 -18 -19 -20 -21 -22 -23 23 24 -26 26 -28 28 -30 -31
leaf_value=0.019615731304690558 -0.00090634772531508322 -0.00016507228920400687 -0.00075017283956478446 0.026683493441922487 -0.0014019744905684134 -0.0011557763351733579 -0.0016709745502280244 0.021088254596076925 -0.0016901117490557872 5.2819750637637948e-05 0.022875801183205018 0.020060150028919251 -0.0011849382769496815 -0.0010872496254413111 0.020539188767082207 0.0085786988430069464 0.026274883336642574 -0.0012918106115927498 -0.0016675092286281092 0.023524529099430095 0.0052696460922977148 -0.0009662639614516573 -0.0013493268540524005 0.023785723056992881 -0.0024157888095365362 -0.00056054493194842496 0.0036131533737262965 0.026059843927164872 -0.001284245648028023 -0.0005513519802747192
leaf_weight=177 181 718 62 60 303 856 90 186 63 124 117 222 372 117 95 92 63 87 64 76 120 139 78 207 61 106 61 86 581 230
leaf_count=177 181 718 62 60 303 856 90 186 63 124 117 222 372 117 95 92 63 87 64 76 120 139 78 207 61 106 61 86 581 230
internal_value=-0.00371788 0.00377222 -0.0050887 -0.00555137 -0.00472354 -0.00831501 -0.00150811 0.00573864 -0.00407963 -0.013206 -0.00104518 0.000225261 -0.00294809 -0.00604167 -0.0125198 -0.0150577 0.0121154 0.000748663 0.0111022 0.0123276 -0.00683721 0.00795455 0.000373932 0.00478632 0.00974359 -0.015864 -0.00671512 -0.00331081 -0.00461752 0.0034891
internal_weight=5794 895 4899 4774 4426 2087 2339 611 1728 427 1301 1238 1016 835 1130 948 125 182 181 401 210 325 463 346 268 348 167 957 897 316
internal_count=5794 895 4899 4774 4426 2087 2339 611 1728 427 1301 1238 1016 835 1130 948 125 182 181 401 210 325 463 346 268 348 167 957 897 316
is_linear=0
shrinkage=0.035


Tree=22
num_leaves=31
num_cat=0
split_feature=123 199 261 22 118 160 118 211 181 8 27 153 151 151 4 38 183 261 115 13 6 47 213 274 224 8 52 66 13 137
split_gain=49.6284 43.4027 32.4576 31.6492 39.205 39.8906 35.3976 35.286 27.2583 40.8118 41.9507 26.6871 25.9315 40.0436 24.9158 24.4503 62.7872 22.0184 30.6693 31.9372 22.4313 26.9556 21.9736 20.3494 24.4199 19.329 18.613 18.5599 21.1099 19.8261
threshold=0.0093896326839747347 9.4968310749433673 567.91000366210949 0.11360000073909761 5957.5000000000009 0.0070999935269355783 6032.5000000000009 0.0068776362813575262 0.16487500071525577 -39.814932934620764 837.50000000000011 0.094274508430576651 0.13627499714493754 0.15657500177621844 42.98943961829881 568.50000000000011 0.65354890341240013 524.86499023437511 1463.5000000000002 24.605837353133388 -54.751387142498551 -5.7885395511166076 10.146825798842542 0.86782910212164788 0.99999999998634148 -45.320405955123455 6322.5000000000009 0.17445000261068347 90.268308413257614 1178.5000000000002
decision_type=2 2 2 2 2 2 2 2 2 2 2 2 2 2 2 2 2 2 2 2 2 2 2 2 2 2 2 2 2 2
left_child=1 -1 3 26 7 -6 8 -5 -7 10 -10 -4 -8 22 23 -15 17 -17 19 -19 -21 25 -14 24 27 -22 -2 -9 29 -29
right_child=2 -3 11 4 5 6 12 14 9 -11 -12 -13 13 15 -16 16 -18 18 -20 20 21 -23 -24 -25 -26 -27 -28 28 -30 -31
leaf_value=0.018929180709026387 -0.00069541706999620928 -0.00015929475908186554 -0.00072391679018001648 -0.0005037517979854417 0.027633403062980559 0.027860912831740643 0.015158747693055205 0.0081493422496852572 -0.0011258934355473538 -0.0012605919983411568 0.021156059822400687 0.025355262419860081 -0.0013084008388322514 -0.0023143597341374936 0.0099085497211750303 -0.0020157587606900859 0.021382151015391003 0.036255883622617169 -0.0010945244073327055 0.026904773986100222 -0.0016253663573603968 0.018582644893972846 -0.00040791616465002406 0.0052739694594570261 -0.0012463660659726085 -0.00016825936527129688 -0.00036495987919264424 -0.0010314920025137476 0.010313702967721763 -0.0020151375134626684
leaf_weight=177 252 718 62 957 87 73 126 64 85 135 339 63 316 90 126 201 156 79 197 74 95 61 111 75 329 96 114 320 64 152
leaf_count=177 252 718 62 957 87 73 126 64 85 135 339 63 316 90 126 201 156 79 197 74 95 61 111 75 329 96 114 320 64 152
internal_value=-0.00379031 0.00377222 -0.00517435 -0.00563926 -0.00480625 -0.00167025 -0.00259491 -0.00828155 0.0043956 0.00167553 0.00701632 0.0121154 -0.00535781 -0.00666442 -0.0124581 -0.00295541 -0.00127075 -0.00524134 -0.00184514 0.00367073 -0.00126888 -0.00626459 -0.0156366 -0.0142914 -0.0157013 -0.0126786 -0.0154717 -0.0113388 -0.0134566 -0.0159958
internal_weight=5794 895 4899 4774 4408 2321 2234 2087 632 559 424 125 1602 1476 1130 1049 959 803 602 405 326 252 427 1004 929 191 366 600 536 472
internal_count=5794 895 4899 4774 4408 2321 2234 2087 632 559 424 125 1602 1476 1130 1049 959 803 602 405 326 252 427 1004 929 191 366 600 536 472
is_linear=0
shrinkage=0.035


Tree=23
num_leaves=31
num_cat=0
split_feature=123 199 82 256 52 173 6 48 256 13 203 69 258 66 8 173 121 129 256 160 27 27 270 256 49 204 92 4 260 203
split_gain=50.4224 43.4027 35.5277 32.3257 48.1354 36.3915 31.1239 25.1793 32.2329 37.3418 34.1627 28.358 27.966 27.0319 24.3808 32.0939 24.0517 23.0528 21.4083 22.8305 20.6628 29.7459 25.5704 20.9148 20.3268 20.98 19.0563 17.9093 16.3128 20.1013
threshold=0.0093896326839747347 9.4968310749433673 360.50000000000006 11.623050990951109 6367.5000000000009 0.81938607454178458 29.816863595321532 29.617500305175785 60.07120134308682 72.467280852658561 0.9061430460476888 -4.4654215329653093 0.030300013720989231 0.28284999728202825 -65.962399796604132 -0.47568115941946937 0.1763500049710274 6317.5000000000009 51.258866270583248 0.010500002652406694 2525.5000000000005 1843.5000000000002 63.027347058263182 49.343504515221646 979.50000000000011 0.10741937494275851 54.572950363159187 -17.888548592440596 0.48288472465308258 0.42972227086082943
decision_type=2 2 2 2 2 2 2 2 2 2 2 2 2 2 2 2 2 2 2 2 2 2 2 2 2 2 2 2 2 2
left_child=1 -1 6 -4 5 7 17 28 10 13 12 -12 18 16 15 -11 -10 27 19 -9 21 23 -23 24 -21 -26 -17 -2 29 -5
right_child=2 -3 3 4 -6 -7 -8 8 9 14 11 -13 -14 -15 -16 26 -18 -19 -20 20 -22 22 -24 -25 25 -27 -28 -29 -30 -31
leaf_value=0.018266659384210463 -0.00033702292081457978 -0.00015371944251400151 -0.0012458293973176373 -0.0014229600619451489 0.015423377502666027 0.017503156673148432 0.020691814213528996 0.022991061774354785 -0.0010057622936326806 0.0085651330009444658 -0.00034561297602129229 0.023392691304165394 0.011325660159299384 -0.0005103813874611546 0.021760636417501273 -0.0019131163358541644 0.022328786581142634 0.0029578116765037301 -0.0014065848100609326 0.00049153739747849706 -0.00098881820729240268 -0.00032547895556442764 0.02174491778652745 0.01875840489709921 -0.001299663505051591 -0.000137380422467579 0.014047418904103045 -0.00093658926180018704 -0.0026237721579370314 0.0084715926801914657
leaf_weight=177 126 718 68 539 108 69 63 65 60 262 100 73 139 71 82 232 309 60 185 116 372 224 73 75 327 116 60 717 84 124
leaf_count=177 126 718 68 539 108 69 63 65 60 262 100 73 139 71 82 232 309 60 185 116 372 224 73 75 327 116 60 717 84 124
internal_value=-0.00385066 0.00377222 -0.00524572 -0.00375952 -0.00331912 -0.00399123 -0.0112461 -0.00447333 -0.00300577 0.00181314 -0.00578342 0.00884831 -0.00730112 0.00959551 -0.00360374 -0.00626118 0.0133824 -0.012913 -0.00864891 -0.00708667 -0.0081078 -0.00527244 0.0038245 -0.00953052 -0.0118528 -0.0152344 -0.0141414 -0.0144045 -0.0101928 -0.00822605
internal_weight=5794 895 4899 3933 3865 3757 966 3688 2941 1076 1865 173 1692 440 636 554 369 903 1553 1368 1303 931 297 634 559 443 292 843 747 663
internal_count=5794 895 4899 3933 3865 3757 966 3688 2941 1076 1865 173 1692 440 636 554 369 903 1553 1368 1303 931 297 634 559 443 292 843 747 663
is_linear=0
shrinkage=0.035


Tree=24
num_leaves=31
num_cat=0
split_feature=123 199 261 132 261 261 260 13 82 225 91 261 99 153 150 183 274 49 82 82 260 38 27 160 261 215 225 19 11 75
split_gain=52.3538 43.4027 33.367 38.0004 49.1851 40.5795 50.7896 40.5469 30.9651 30.05 33.8401 26.9047 28.8539 26.6871 25.9058 24.4876 23.5578 22.8006 22.5743 21.6368 19.9892 31.5812 19.0859 18.4817 26.0936 18.3935 17.9021 16.1034 23.4986 28.8173
threshold=0.0093896326839747347 9.4968310749433673 567.91000366210949 0.15014999359846118 528.02999877929699 531.04000854492199 -0.041709842685783725 38.614270690149105 1251.0000000000002 0.32616381974816094 -3.3468313897717219 486.14500427246099 0.31534999608993536 0.094274508430576651 0.03655000030994416 0.42537046638166293 0.86782910212164788 181.50000000000003 1464.0000000000002 1321.5000000000002 0.75367642918234179 1303.0000000000002 2948.5000000000005 0.021800007671117786 539.94998168945324 -0.049999993294477456 0.1437414090902592 6082.5000000000009 73.603342182263404 -15.282747415206741
decision_type=2 2 2 2 2 2 2 2 2 2 2 2 2 2 2 2 2 2 2 2 2 2 2 2 2 2 2 2 2 2
left_child=1 -1 3 7 8 27 -7 23 9 11 -11 12 -5 -4 -9 -8 -13 -14 19 -10 21 25 -23 24 -2 -17 -20 28 29 -6
right_child=2 -3 13 4 5 6 15 14 18 10 -12 16 17 -15 -16 20 -18 -19 26 -21 -22 22 -24 -25 -26 -27 -28 -29 -30 -31
leaf_value=0.017627326305763094 0.015666714093689298 -0.00014833926202601267 -0.00069047966340815504 0.017195843030721247 0.020345006855431433 0.024139024660263773 -0.0012603331574263395 0.02468584011975344 -0.00060485282346030126 0.033189946707712359 -0.002522427153488941 -0.0012548688148115907 0.017992682401835269 0.02392801002257167 -0.0016991569998464941 -0.0012043099712670147 0.010691943867249828 -0.0011699626295005607 -0.00031911149774206286 0.022132107583035861 -0.0012536256685541486 -0.0011963670198178612 0.012917303029120922 -0.00062221388428079674 -0.0010779519019440522 0.018222766597677766 -0.0015181021251929052 0.04643801081485658 0.021431253125874111 -0.0028670334289646847
leaf_weight=177 62 718 62 105 63 122 385 68 103 72 68 1177 80 63 63 75 63 359 513 140 78 74 62 343 145 130 183 97 83 61
leaf_count=177 62 718 62 105 63 122 385 68 103 72 68 1177 80 63 63 75 63 359 513 140 78 74 62 343 145 130 183 97 83 61
internal_value=-0.00399552 0.00377222 -0.00541701 -0.00588826 -0.00460347 0.00124696 -0.00240602 -0.0135204 -0.00711471 -0.00965267 0.0057931 -0.0108776 -0.00433515 0.0121154 0.00386029 -0.00562423 -0.0137189 -0.00827703 -0.00189089 0.00719758 0.000247642 0.00394509 -0.00893617 -0.0176577 -0.00908019 0.0125 -0.00509272 0.012233 0.00643868 -0.00325581
internal_weight=5794 895 4899 4774 4093 1230 926 681 2863 1924 140 1784 544 125 131 804 1240 439 939 243 419 341 136 550 207 205 696 304 207 124
internal_count=5794 895 4899 4774 4093 1230 926 681 2863 1924 140 1784 544 125 131 804 1240 439 939 243 419 341 136 550 207 205 696 304 207 124
is_linear=0
shrinkage=0.035


Tree=25
num_leaves=31
num_cat=0
split_feature=123 209 82 256 52 173 6 203 19 115 256 13 92 256 49 272 150 256 274 211 93 129 260 4 183 5 145 27 260 140
split_gain=53.0056 37.9558 34.5281 36.9103 56.7634 36.9239 31.5061 24.4125 26.713 42.9729 21.7097 51.44 28.051 25.6536 24.8686 22.1574 24.8721 27.4599 31.4081 26.7262 21.3485 20.9346 20.5673 19.8452 23.079 19.4606 26.3961 19.3888 21.2862 27.2841
threshold=0.0093896326839747347 9.4313615371341992 360.50000000000006 11.642891197981028 6367.5000000000009 0.81938607454178458 29.816863595321532 0.85337849249579156 6212.5000000000009 1252.5000000000002 60.07120134308682 64.531809077566919 39.020799636840827 51.258866270583248 2159.0000000000005 0.025399990379810337 0.016549989581108097 39.860815952517761 0.21406620694781134 -0.32784730313091465 840.50000000000011 6317.5000000000009 -0.15501265359211511 -17.888548592440596 0.97897090080245019 99.032295706846924 0.011834304389469899 368.50000000000006 -0.12367824026632589 5932.5000000000009
decision_type=2 2 2 2 2 2 2 2 2 2 2 2 2 2 2 2 2 2 2 2 2 2 2 2 2 2 2 2 2 2
left_child=1 25 6 -4 5 7 21 10 9 -9 13 22 -13 15 27 16 -5 19 20 -18 -19 23 -12 -2 -25 26 -1 -14 -29 -30
right_child=2 -3 3 4 -6 -7 -8 8 -10 -11 11 12 14 -15 -16 -17 17 18 -20 -21 -22 -23 -24 24 -26 -27 -28 28 29 -31
leaf_value=0.021405520758318929 -0.00035838076161987648 -0.00092984643714405187 -0.00081813778036954788 0.015984125448511487 0.019317514657182035 0.01632526626974665 0.02001152112457388 -0.0013607241283053587 -0.00054886220807986996 0.019322331112236534 0.028886960778768997 -0.0016550603035948548 0.017074380049281433 -0.0014305915955543931 0.018999084278004771 0.00017498484051470698 0.0031090130445824223 -0.0015619882594142182 0.022983971716558679 -0.00105661853270968 -8.9304230142286126e-05 0.0028920165843941397 0.0046712881483281484 -0.00093604657373904591 0.00020962153135903162 -0.0014038067455794435 0.012078511001180214 -0.0015494966013397395 -0.0010010075679385395 0.0236751608030773
leaf_weight=270 126 358 89 90 97 69 63 82 114 175 100 422 117 241 119 346 119 135 115 657 190 60 104 648 69 60 207 227 197 128
leaf_count=270 126 358 89 90 97 69 63 82 114 175 100 422 117 241 119 346 119 135 115 657 190 60 104 648 69 60 207 227 197 128
internal_value=-0.0040438 0.00377222 -0.0054741 -0.00400838 -0.00347363 -0.00416978 -0.0113903 -0.00465653 0.00381649 0.0100191 -0.00561141 -0.00231853 -0.00506996 -0.00805848 -0.00114754 -0.00646349 -0.0085431 -0.00986077 -0.00283146 -0.0138028 -0.00837879 -0.0130672 0.0137321 -0.014487 -0.0167244 0.00962177 0.0119813 -0.0037908 -0.00653501 -0.000742424
internal_weight=5794 895 4899 3933 3844 3747 966 3678 371 257 3307 1414 1210 1893 788 1652 1306 1216 440 776 325 903 204 843 717 537 477 669 552 325
internal_count=5794 895 4899 3933 3844 3747 966 3678 371 257 3307 1414 1210 1893 788 1652 1306 1216 440 776 325 903 204 843 717 537 477 669 552 325
is_linear=0
shrinkage=0.035


Tree=26
num_leaves=31
num_cat=0
split_feature=123 199 261 132 261 261 260 13 137 173 11 225 150 27 153 224 11 110 148 13 96 260 270 170 13 104 187 13 273 270
split_gain=50.5842 41.8697 27.8447 28.8494 51.4452 41.9709 46.0361 33.983 24.5481 27.6814 33.6494 29.5752 24.2902 24.1478 23.7325 21.3252 22.1083 24.1602 26.7429 21.1078 25.287 21.0847 20.9533 20.7651 21.7993 30.3073 20.5541 20.5329 19.842 18.0961
threshold=0.0095162991964726131 9.4968310749433673 567.91000366210949 0.15014999359846118 528.02999877929699 531.04000854492199 -0.041709842685783725 38.614270690149105 3350.0000000000005 0.426215563467845 178.30183495160324 0.30139489452689067 0.03655000030994416 4853.5000000000009 0.094274508430576651 0.99999999998702893 65.433504166892504 0.23674999922513965 1974.0000000000002 78.806539017318002 6007.5000000000009 0.80323794371164003 124.85972450404492 0.0028499960899353032 40.710019942736963 365.00000000000006 1.0837724475455811e-06 19.872693962129201 0.083627747699913976 79.367486124550425
decision_type=2 2 2 2 2 2 2 2 2 2 2 2 2 2 2 2 2 2 2 2 2 2 2 2 2 2 2 2 2 2
left_child=1 -1 3 7 8 -6 -7 -2 9 15 11 21 -9 23 -4 16 26 19 22 20 -18 -11 -19 -8 27 -26 -5 -25 -28 -17
right_child=2 -3 14 4 5 6 13 12 -10 10 -12 -13 -14 -15 -16 29 17 18 -20 -21 -22 -23 -24 24 25 -27 28 -29 -30 -31
leaf_value=0.015917947930701209 -0.00062230800249215353 -0.00023244690104595874 -0.0009111895713596836 -0.0017288957270915639 0.019190443196649781 0.023236688834165339 0.0090346895363724745 0.023720615135108272 0.020511350259929565 -0.0013750178137065096 0.018047323984815847 0.017256064264748964 -0.001606924874771002 0.020141957951933364 0.026313352975854555 -0.0012506428275181726 0.025829174393267942 -0.0015824711859168815 0.021550599088684206 -0.0011312753040992418 -0.00076984334087174932 -0.00082609678714792639 0.015767700650815369 0.004830127007266048 0.013420785091103817 -0.0018554516233676439 -0.0010978377133331228 -0.0011216588134230427 0.016096031613421168 -0.00089368572455673489
leaf_weight=189 549 754 61 348 303 122 74 68 130 465 89 74 63 62 62 111 128 358 104 65 80 155 110 77 70 175 158 345 104 341
leaf_count=189 549 754 61 348 303 122 74 68 130 465 89 74 63 62 62 111 128 358 104 65 80 155 110 77 70 175 158 345 104 341
internal_value=-0.0040438 0.0033597 -0.00548497 -0.00591591 -0.00478411 0.00119221 -0.00252151 -0.0125693 -0.00738407 -0.0081039 -0.0136358 -0.0162232 0.00334559 -0.00558787 0.0106641 -0.00580282 -0.00371575 -4.11765e-05 -0.00412478 0.00843525 0.0138028 -0.018704 -0.00769556 -0.00736595 -0.00932292 -0.00098 -0.00876423 -0.0140984 -0.00131086 -0.012407
internal_weight=5794 943 4851 4728 4048 1228 925 680 2820 2690 783 694 131 803 123 1907 1455 845 572 273 208 620 468 741 667 245 610 422 262 452
internal_count=5794 943 4851 4728 4048 1228 925 680 2820 2690 783 694 131 803 123 1907 1455 845 572 273 208 620 468 741 667 245 610 422 262 452
is_linear=0
shrinkage=0.035


Tree=27
num_leaves=31
num_cat=0
split_feature=123 83 261 13 82 173 6 48 150 270 270 82 215 153 12 33 274 140 134 129 143 4 260 172 153 38 160 134 33 183
split_gain=50.4196 33.9938 27.7955 27.3293 27.5307 36.8021 29.9278 24.2101 30.4755 30.4674 37.249 30.6536 28.0927 23.7325 23.4733 20.332 25.5299 21.8023 19.8442 19.6269 18.4226 18.0585 21.7616 17.8153 17.6332 17.2871 16.6045 16.299 16.185 39.2296
threshold=0.0095162991964726131 23.500000000000004 567.91000366210949 14.1424186116533 360.50000000000006 0.81938607454178458 29.816863595321532 29.617500305175785 0.065249994397163405 82.203082914611727 44.44530171046997 1714.0000000000002 -0.1008000075817108 0.094274508430576651 18.056099144018123 0.20285000652074817 -0.22537821457718471 6127.5000000000009 0.013655170531831662 6317.5000000000009 0.25284999608993536 -17.888548592440596 0.86451673455593414 0.055079889435532346 0.91730205440246981 3916.5000000000005 0.016899991780519489 0.014342053259834795 0.20285000652074817 0.42537046638166293
decision_type=2 2 2 2 2 2 2 2 2 2 2 2 2 2 2 2 2 2 2 2 2 2 2 2 2 2 2 2 2 2
left_child=1 -1 3 -2 6 7 19 26 9 10 15 -11 -10 -4 18 16 -9 -18 -12 21 -13 -5 -23 -19 -24 28 -6 -3 -20 -30
right_child=2 27 13 4 5 -7 -8 8 12 11 14 20 -14 -15 -16 -17 17 23 25 -21 -22 22 24 -25 -26 -27 -28 -29 29 -31
leaf_value=0.019744191561394824 -0.00078485532896209421 0.0078906852219100369 -0.00087929793636209346 -0.00037407371815721181 -0.00094533969195660216 0.015818822757123385 0.018679461545745239 -0.0009241217191335888 -0.0013276617103220383 -0.00056429151509299676 -0.0013844830494416705 0.026359598004294497 0.012697895635550897 0.025392385621699647 0.02126920927580472 -0.00082430473305549704 0.025873329896861294 -0.001973340282466058 -0.00078268436526798195 0.0028125767840275731 0.00687508319525629 -0.0010875908566224614 -0.00079392944550407717 0.019192267671818246 0.015498382782289025 0.02049427309945193 -0.001822030619970866 -0.0012972257919816172 -0.00082771846603723752 0.021635159911399568
leaf_weight=149 91 599 61 123 317 69 63 83 70 422 528 109 347 62 60 161 84 65 310 60 99 453 180 92 80 63 433 195 284 82
leaf_count=149 91 599 61 123 317 69 63 83 70 422 528 109 347 62 60 161 84 65 310 60 99 453 180 92 80 63 433 195 284 82
internal_value=-0.00403173 0.0033597 -0.00547055 -0.00590112 -0.00551163 -0.00412436 -0.0107832 -0.00461954 -0.00314071 -0.00463425 -0.00693451 0.00198425 0.00555687 0.0106641 -0.00995871 0.00135714 0.00638298 0.0120935 -0.0109788 -0.0124306 0.0128169 -0.0138169 -0.0159401 0.00410494 -0.00766038 -0.00719758 -0.0101987 0.000438048 -0.00883994 -0.00377358
internal_weight=5794 943 4851 4728 4637 3678 959 3609 2859 2442 1812 630 417 123 1327 485 324 241 1267 896 208 836 713 157 260 739 750 794 676 366
internal_count=5794 943 4851 4728 4637 3678 959 3609 2859 2442 1812 630 417 123 1327 485 324 241 1267 896 208 836 713 157 260 739 750 794 676 366
is_linear=0
shrinkage=0.035


Tree=28
num_leaves=31
num_cat=0
split_feature=123 199 261 256 82 173 6 203 146 153 9 13 7 92 8 30 261 260 261 13 104 190 173 115 66 261 27 11 270 148
split_gain=45.6777 41.4914 27.3544 26.8748 27.5534 31.2431 29.3656 24.5011 29.2833 23.7325 19.4834 28.4193 39.0475 19.7079 19.1813 18.5573 25.1597 51.4573 35.8488 24.7763 24.0987 23.9571 21.5906 18.8239 23.2653 50.1997 25.9945 19.6845 17.7909 22.5034
threshold=0.0095162991964726131 9.4968310749433673 567.91000366210949 14.750341774785634 360.50000000000006 0.81938607454178458 29.816863595321532 0.9061430460476888 -0.78844855888697585 0.094274508430576651 67.335434584434509 38.614270690149105 -28.585080642548416 49.661550521850593 -22.302423901730869 6222.5000000000009 528.02999877929699 -0.041709842685783725 530.69500732421886 43.812207720579444 481.50000000000006 -0.020900007337331768 0.61668047460796405 26.500000000000004 0.31014999747276312 486.75498962402349 1680.0000000000002 46.60633224588819 77.027782173599363 996.00000000000011
decision_type=2 2 2 2 2 2 2 2 2 2 2 2 2 2 2 2 2 2 2 2 2 2 2 2 2 2 2 2 2 2
left_child=1 -1 3 -2 6 7 10 15 -9 -4 11 14 13 -13 -5 16 22 -18 21 -17 -20 -19 23 -6 25 -25 27 -27 29 -3
right_child=2 28 9 4 5 -7 -8 8 -10 -11 -12 12 -14 -15 -16 19 17 18 20 -21 -22 -23 -24 24 -26 26 -28 -29 -30 -31
leaf_value=0.015232481197708434 -0.00071469562831239018 0.018132797738845505 -0.00084852250858942003 -0.0013034167446196636 0.018469534518382187 0.014343743702359446 0.01802568039164416 -0.00046602172166448636 0.019381357571557459 0.024503652124940153 -0.0011489580136376685 -2.0652186759224091e-05 0.037554717659108117 -0.0023061146725561494 -0.0003675592249127946 -0.0011363943342170436 0.021320315942521394 0.023867723416035297 0.0033632412836080211 0.013029301092798616 -0.0015028605033434196 -0.00017768619337831971 -0.0018009382856458002 0.019915275551093688 -0.001329258989169116 -0.0018840467570594662 0.0050004010288309791 -0.00085315697315013045 -0.0010103104719430028 -0.0019750725220128024
leaf_weight=189 136 313 61 108 85 67 63 127 91 62 332 153 65 69 169 250 169 66 134 69 345 113 152 145 540 135 406 739 363 78
leaf_count=189 136 313 61 108 85 67 63 127 91 62 332 153 65 69 169 250 169 66 134 69 345 113 152 145 540 135 406 739 363 78
internal_value=-0.00397137 0.00306435 -0.00534082 -0.00576801 -0.00529911 -0.00389637 -0.0105654 -0.00435172 0.00690583 0.0106641 -0.0121976 -0.00811951 -0.000359589 -0.00740088 -0.0160106 -0.00509395 -0.00423368 0.000967548 -0.00348416 -0.013071 -0.00846074 0.00970109 -0.00618487 -0.00521168 -0.00591624 -0.00354895 -0.00577432 -0.00915813 -0.000645586 0.00450758
internal_weight=5794 943 4851 4728 4592 3633 959 3566 218 123 896 564 287 222 277 3348 3029 827 658 319 479 179 2202 2050 1965 1425 1280 874 754 391
internal_count=5794 943 4851 4728 4592 3633 959 3566 218 123 896 564 287 222 277 3348 3029 827 658 319 479 179 2202 2050 1965 1425 1280 874 754 391
is_linear=0
shrinkage=0.035


Tree=29
num_leaves=31
num_cat=0
split_feature=123 199 92 6 183 247 160 203 8 52 247 93 41 247 49 213 49 12 183 260 6 199 71 272 270 38 205 111 273 274
split_gain=44.1049 41.9164 27.3105 31.9599 33.6122 42.2842 47.7099 37.2255 34.9653 36.101 30.1497 37.3954 27.949 51.7934 43.06 27.6413 27.3526 27.2267 22.3466 22.0462 18.5564 17.8871 17.3924 17.2291 17.2068 22.1855 20.8276 17.1755 16.4165 16.1922
threshold=0.0095162991964726131 9.4968310749433673 36.353149414062507 32.839817342794497 0.83488723756362504 591.41000366210949 0.010500002652406694 0.96372304301787604 -9.2800952365012623 6367.5000000000009 609.57000732421886 1429.5000000000002 5802.5000000000009 568.52499389648449 404.00000000000006 9.9580941017468323 3288.5000000000005 12.060468568877878 0.48610370510324197 0.26682982195263732 -8.7428604293503174 10.407076910712076 3179.0000000000005 0.026850000023841861 77.027782173599363 1463.5000000000002 0.012511810833097714 34.623245971334377 0.29362015878788505 0.29690060431091819
decision_type=2 2 2 2 2 2 2 2 2 2 2 2 2 2 2 2 2 2 2 2 2 2 2 2 2 2 2 2 2 2
left_child=1 -1 -2 4 5 12 -7 8 9 10 11 15 13 14 21 18 22 27 20 -12 -8 -4 23 -13 25 26 -3 -14 -26 -18
right_child=2 24 3 -5 -6 6 7 -9 -10 -11 19 16 17 -15 -16 -17 29 -19 -20 -21 -22 -23 -24 -25 28 -27 -28 -29 -30 -31
leaf_value=0.014699344355788639 -0.0014311418126274015 0.0248608635329307 0.018304522960439214 0.022074142621808783 -0.00071907022899563835 0.022708801396596711 -0.0016083887784602076 0.024850494372961204 -0.00049076629663364073 0.017707474832204851 -0.00062657018636688158 0.017613975085415127 -0.0014809900431237292 0.017158992734777969 -0.0011977904332833274 0.018326880461341167 -0.0014188988595810249 0.00012734318505297382 0.013038798536757219 -0.00081540555436031292 4.7429073170730532e-05 -0.00099581616835899738 -0.0019648809834508659 0.022960917811614013 -0.0014498529326857775 -0.0018193901448765851 0.007439038540471881 -0.00094902536526221136 0.010526076094021406 0.016956625970681222
leaf_weight=189 918 109 82 70 468 125 361 62 130 76 397 181 270 141 356 74 73 105 115 230 132 80 81 108 279 151 131 122 84 94
leaf_count=189 918 109 82 70 468 125 361 62 130 76 397 181 270 141 356 74 73 105 115 230 132 80 81 108 279 151 131 122 84 94
internal_value=-0.00392309 0.00299051 -0.00526874 -0.0039906 -0.00442477 -0.00320147 -0.000389929 -0.00165172 -0.0024842 -0.00127141 -0.00226904 0.000943627 -0.00862188 -0.00384789 -0.0089675 -0.00448326 0.00781365 -0.0148506 -0.00696574 -0.0084731 -0.0101908 0.00586826 0.0130667 0.0170238 -0.000737813 0.00433081 0.0108571 -0.0190428 -0.00618207 -0.00386628
internal_weight=5794 943 4851 3933 3863 3395 2239 2114 2052 1922 1846 1219 1156 659 518 682 537 497 608 627 493 162 370 289 754 391 240 392 363 167
internal_count=5794 943 4851 3933 3863 3395 2239 2114 2052 1922 1846 1219 1156 659 518 682 537 497 608 627 493 162 370 289 754 391 240 392 363 167
is_linear=0
shrinkage=0.035


Tree=30
num_leaves=31
num_cat=0
split_feature=123 199 247 130 160 223 261 270 151 183 173 270 173 247 260 7 121 44 12 44 261 44 270 272 256 270 34 49 271 225
split_gain=40.7661 40.2746 28.866 40.5316 53.021 47.2169 24.3577 31.3481 30.9765 31.0144 39.7306 25.4756 23.7577 22.9076 24.0632 22.5776 19.9887 19.6001 19.3299 20.6935 20.8409 39.3791 17.7642 24.6274 17.5802 17.2068 21.0882 20.772 16.6712 16.2157
threshold=0.0095162991964726131 9.4968310749433673 591.41000366210949 -30.295368125165531 0.01930000260472298 12.24384939981516 528.02999877929699 55.394494913788776 0.19157500192523005 -0.23471429263395135 0.41762083913993525 49.06817512324821 -0.47568115941946937 599.69500732421886 0.73051995607136244 -34.107265341366585 0.15884999930858615 0.16424999386072162 16.719484676366779 0.17115000635385516 486.14500427246099 0.29360000789165502 42.849849380410909 0.021999992430210117 23.668995082482422 77.027782173599363 5.1197469372207776 1166.5000000000002 6.9396702684093805 0.10717843055175093
decision_type=2 2 2 2 2 2 2 2 2 2 2 2 2 2 2 2 2 2 2 2 2 2 2 2 2 2 2 2 2 2
left_child=1 -1 12 6 5 -5 8 11 16 29 -11 22 -2 14 -6 17 -4 -9 19 -14 21 -21 23 24 -8 26 -3 -28 -24 -10
right_child=2 25 3 4 13 -7 7 15 9 10 -12 -13 18 -15 -16 -17 -18 -19 -20 20 -22 -23 28 -25 -26 -27 27 -29 -30 -31
leaf_value=0.014184867303336037 -0.00065891893440644174 -0.0015511094845560799 -0.00023376095456992266 0.016491046619697251 -0.0020726240017783382 -0.0010766595406320049 0.016091733057778643 -0.0011583186503079355 0.00022357271875032923 0.022055867242260132 -0.0014545765683303387 -0.0017077843127748897 0.0084573445626873762 -0.00074286027605524867 0.02498819725647989 0.013132112037860126 -0.0031694736455730953 0.016362461564109886 0.011488533262212544 0.021263212700173947 -0.0012254949821884221 -0.00092720062236998919 -0.000991586790915487 -0.0018540716307047572 -0.0016580449411005265 -0.00094609625559630216 -0.00072746353623735999 0.025695311113949289 0.021639623450607225 -0.0016840993263496108
leaf_weight=189 505 234 68 309 67 212 60 60 106 235 110 66 60 828 60 173 84 172 83 94 743 351 63 96 68 363 69 88 64 114
leaf_count=189 505 234 68 309 67 212 60 60 106 235 110 66 60 828 60 173 84 172 83 94 743 351 63 96 68 363 69 88 64 114
internal_value=-0.00372995 0.00291667 -0.00502368 -0.00290894 -0.00704254 0.00192966 0.00106541 0.00516324 -0.00363573 0.000184211 0.0067 -0.00157583 -0.00847909 -0.0119219 0.00185606 0.0120366 -0.0173885 0.00472574 -0.0109244 -0.0120112 -0.013026 -0.00692222 0.00226124 -0.00366812 0.00631579 -0.000737813 0.00433081 0.0140432 0.0124621 -0.00995556
internal_weight=5794 943 4851 3015 1476 521 1539 822 717 565 345 417 1836 955 127 405 152 232 1331 1248 1188 445 351 224 128 754 391 157 127 220
internal_count=5794 943 4851 3015 1476 521 1539 822 717 565 345 417 1836 955 127 405 152 232 1331 1248 1188 445 351 224 128 754 391 157 127 220
is_linear=0
shrinkage=0.035


Tree=31
num_leaves=31
num_cat=0
split_feature=123 199 256 118 242 93 193 270 272 2 2 211 270 6 270 22 2 213 205 213 110 115 183 136 223 140 55 38 11 93
split_gain=44.1261 39.4435 29.6429 34.917 32.5829 43.9055 36.6325 40.0006 55.5468 30.8017 32.2072 29.2661 23.0088 22.7087 22.1971 21.3224 41.5347 27.905 22.0881 20.7365 20.9114 20.5614 22.159 20.4276 20.3299 25.2456 20.2614 23.9429 19.0294 17.819
threshold=0.0095162991964726131 9.4968310749433673 12.524700469182035 5957.5000000000009 39.953704689384715 795.50000000000011 0.95509914907001459 49.240320209707669 0.026850000023841861 6025.0349121093759 6047.1601562500009 0.0068776362813575262 79.049381587895766 29.816863595321532 103.18580589662896 0.27064999938011175 5774.7099609375009 8.8232061771726524 0.017645892958715711 10.017953827874413 0.12834999710321429 26.500000000000004 -0.10890815883263534 28.71829986572266 25.722082997130261 6122.5000000000009 0.13184999674558642 1512.5000000000002 80.295839725110525 1793.0000000000002
decision_type=2 2 2 2 2 2 2 2 2 2 2 2 2 2 2 2 2 2 2 2 2 2 2 2 2 2 2 2 2 2
left_child=1 -1 -2 11 6 12 7 24 19 -7 -11 15 -6 -13 -14 16 -4 -17 28 20 -9 -19 -23 -12 25 29 -27 -28 -18 -5
right_child=2 -3 3 4 5 9 -8 8 -10 10 23 13 14 -15 -16 17 18 21 -20 -21 -22 22 -24 -25 -26 26 27 -29 -30 -31
leaf_value=0.013688396947719275 -0.00072300516853061913 -0.00034755174395706802 0.022035272219390226 0.0021097982001007346 -0.0016454585580923859 0.018780472255683328 -0.00065264684374728157 -0.0003256802309758686 0.01187145576551539 -0.0022813748807614851 -0.0014751669965439769 -0.0010379128555327165 0.016840769730910636 0.011480017708844189 -0.0017139083658451206 0.017524282125669654 -0.0018779960946364201 0.017074946878149824 0.021310888158762708 -0.00069308387339425074 -0.0013815804799878002 -0.0015922904912341288 0.014106143613297636 0.016507990867161777 -0.0018600772708609072 0.0042080785592209444 0.00038180879560204196 -0.0016243100555489618 -0.00025965855409792462 0.020969751950226913
leaf_weight=189 134 754 86 124 113 276 151 104 163 158 95 1032 73 78 79 82 61 60 75 147 314 410 73 252 68 125 150 178 89 101
leaf_count=189 134 754 86 124 113 276 151 104 163 158 95 1032 73 78 79 82 61 60 75 147 314 410 73 252 68 125 150 178 89 101
internal_value=-0.00385066 0.00306435 -0.00519666 -0.00472152 -0.0020796 0.00273073 -0.00517485 -0.00345504 -0.0092633 0.00690204 0.00171569 -0.008157 -0.00946296 -0.011991 -0.00044586 -0.00357067 0.00387658 -0.00727778 -0.0041087 -0.0144298 -0.0183688 -0.0101551 -0.0125512 0.00765625 0.00223702 0.00409956 -0.000687773 -0.00525526 -0.0117419 0.0135435
internal_weight=5794 943 4851 4717 2671 1046 1625 1474 728 781 505 2046 265 1110 152 936 311 625 225 565 418 543 483 347 746 678 453 328 150 225
internal_count=5794 943 4851 4717 2671 1046 1625 1474 728 781 505 2046 265 1110 152 936 311 625 225 565 418 543 483 347 746 678 453 328 150 225
is_linear=0
shrinkage=0.035


Tree=32
num_leaves=31
num_cat=0
split_feature=48 52 82 150 140 30 272 169 93 52 213 122 150 203 146 224 85 38 137 270 217 19 261 11 1 60 93 195 193 256
split_gain=43.513 41.7706 34.3005 34.3253 45.9764 30.107 33.7343 29.5722 26.0346 27.5656 25.542 25.6019 23.4837 21.4357 30.3772 26.6857 28.6097 22.9213 27.3085 25.3026 34.6867 21.2921 32.8749 21.1693 20.1259 19.0972 19.0178 18.95 17.477 28.0359
threshold=29.617500305175785 5202.5000000000009 360.50000000000006 0.057200007140636451 5652.5000000000009 5737.5000000000009 0.025399990379810337 11.184768499712932 1323.5000000000002 6007.5000000000009 9.486114316872948 18.04060240681282 0.083449989557266249 0.9061430460476888 -0.78844855888697585 0.83119735510135118 6382.5000000000009 625.50000000000011 373.50000000000006 82.203082914611727 42.530060985581322 6077.5000000000009 553.60498046875011 45.731741900954894 787.50000000000011 825.50000000000011 2503.5000000000005 0.0096318644253802002 0.37775035660403805 28.616952510088733
decision_type=2 2 2 2 2 2 2 2 2 2 2 2 2 2 2 2 2 2 2 2 2 2 2 2 2 2 2 2 2 2
left_child=-1 -2 10 7 12 -6 -7 -4 9 -8 24 -12 -5 15 -15 16 17 18 -9 21 -21 23 28 -19 27 -25 -17 -3 29 -23
right_child=1 2 3 4 5 6 8 13 -10 -11 11 -13 -14 14 -16 26 -18 19 -20 20 -22 22 -24 25 -26 -27 -28 -29 -30 -31
leaf_value=-0.0012545716851731616 0.023296726979906156 0.017293967167241266 0.01665722418534276 -1.2823528559523512e-05 0.020034847428542994 -0.00079951800564516981 0.018255743929569745 -0.00089793981276702886 0.015785610091855314 -0.0018733317684608065 -0.00035757345569147449 -0.0016819614869758883 -0.0018743610642976477 -0.00040801237206073207 0.021005314791667666 -0.00053349056118789874 0.014806502375855951 -0.0017813629971312063 0.026470350656095612 0.02167513276968255 -0.0023646262041802221 0.02023581063196897 -0.0015251599450450317 0.009143664701870155 0.020107253237132205 -0.0016463376076397875 -0.00093817538168118955 -0.00069142714412965775 -0.0011675065810995251 -0.00084053513446347269
leaf_weight=1104 79 61 69 84 148 228 83 76 257 109 231 213 74 97 85 622 70 164 74 156 243 139 230 135 61 298 137 189 161 117
leaf_count=1104 79 61 69 84 148 228 83 76 257 109 231 213 74 97 85 622 70 164 74 156 243 139 230 135 61 298 137 189 161 117
internal_value=-0.00386273 -0.00238552 -0.00282821 -0.00148666 0.00414474 0.00746386 0.00425953 -0.0034173 0.00979075 0 -0.009625 -0.0149666 -0.0128834 -0.00398718 0.00748663 -0.00479635 -0.00252944 -0.00340656 0.00948387 -0.00460862 0.00303218 -0.00706165 -0.00263037 -0.0118023 -0.00188291 -0.00759132 -0.0103076 -0.00631373 0.0032346 0.00885057
internal_weight=5794 4690 4611 3856 983 825 677 2873 449 192 755 444 158 2804 182 2622 1863 1793 150 1643 399 1244 647 597 311 433 759 250 417 256
internal_count=5794 4690 4611 3856 983 825 677 2873 449 192 755 444 158 2804 182 2622 1863 1793 150 1643 399 1244 647 597 311 433 759 250 417 256
is_linear=0
shrinkage=0.035


Tree=33
num_leaves=31
num_cat=0
split_feature=183 136 183 52 260 74 270 70 199 123 137 137 270 115 219 104 71 261 261 93 38 82 126 5 247 60 8 91 114 104
split_gain=42.582 48.9745 36.1393 38.548 29.213 26.2726 30.3358 25.3904 24.2353 25.2314 23.5176 22.285 21.5203 21.313 20.3963 19.9115 31.8924 25.3437 48.7553 20.8924 20.1634 19.9321 21.6628 19.6795 22.8898 25.4692 16.4466 16.112 19.8131 16.0067
threshold=0.8240280347486082 26.998450279235843 0.63377538813055845 5202.5000000000009 0.46040047229182041 6377.5000000000009 31.113291008860781 39.898300170898445 9.4968310749433673 0.0093896326839747347 4227.0000000000009 2129.5000000000005 33.086933062473264 801.50000000000011 -15.977651972697933 730.50000000000011 2665.0000000000005 536.86999511718761 528.02999877929699 148.00000000000003 1475.5000000000002 1045.5000000000002 389.50000000000006 34.584234846825403 559.14501953125011 619.00000000000011 -51.30993410325808 -3.7346759264675162 31.79749965667725 468.00000000000006
decision_type=2 2 2 2 2 2 2 2 2 2 2 2 2 2 2 2 2 2 2 2 2 2 2 2 2 2 2 2 2 2
left_child=1 23 3 -3 14 6 -5 -6 9 -8 11 12 -10 -2 -4 29 17 18 19 -17 -19 22 -21 24 -1 -26 -23 28 -15 -14
right_child=13 2 4 5 7 -7 8 -9 10 -11 -12 -13 15 27 -16 16 -18 20 -20 21 -22 26 -24 -25 25 -27 -28 -29 -30 -31
leaf_value=-0.0028986153032803121 0.017113412511532668 0.023064408098350642 0.0092010541385885557 -0.001105572469334885 -0.00086723952183739687 0.012578343493889858 0.013882203816604332 0.015833833114911083 0.026918943526352962 -0.0015443533703994046 0.023285375426080966 -0.0013418200008516591 -0.00026030272463004045 -0.0013776931880484832 -0.0006139196451632518 -0.0015715332099670077 0.019373492769542238 6.729148402859626e-05 0.017694962909485801 0.01402264397351206 -0.0017168971414008548 0.012776495660504988 -0.0016638708921480993 -0.0012691161790206141 0.045595253868704014 -0.00084600041770417167 -0.00072309110828866073 -0.0011917856775514081 -0.00023796738419198661 -0.0011455109023377503
leaf_weight=143 61 74 108 92 80 78 128 260 76 117 63 156 373 92 65 187 174 94 200 67 186 427 284 500 60 416 132 332 285 484
leaf_count=143 61 74 108 92 80 78 128 260 76 117 63 156 373 92 65 187 174 94 200 67 186 427 284 500 60 416 132 332 285 484
internal_value=-0.00374202 -0.00256115 -0.000707161 -0.00201943 0.00790541 -0.00259103 -0.00308475 0.0137971 -0.00248652 0.00798 -0.00338205 -0.00386292 -0.00309781 -0.0113806 -0.00373596 -0.00364332 -0.00149487 -0.00307522 -0.000994624 -0.00390653 -0.0125263 -0.00168306 -0.00816011 -0.00899911 -0.00476763 -0.00101871 0.00242021 -0.0130882 -0.0079712 -0.00799884
internal_weight=5794 5024 3905 3392 513 3318 3240 340 3148 245 2903 2840 2684 770 173 2608 1751 1577 1297 1097 280 910 351 1119 619 476 559 709 377 857
internal_count=5794 5024 3905 3392 513 3318 3240 340 3148 245 2903 2840 2684 770 173 2608 1751 1577 1297 1097 280 910 351 1119 619 476 559 709 377 857
is_linear=0
shrinkage=0.035


Tree=34
num_leaves=31
num_cat=0
split_feature=147 22 256 60 183 183 183 191 261 74 270 143 104 33 260 19 270 104 19 71 71 261 80 261 163 197 10 170 165 213
split_gain=40.755 38.6252 50.4922 34.684 33.9584 37.2856 31.5411 36.9487 53.3437 28.0145 26.2995 28.4897 33.848 30.4553 33.7871 38.1004 30.0915 27.8013 35.1668 26.0726 24.4588 24.3672 24.0445 20.4702 20.154 18.983 18.6457 17.9666 17.0243 15.0064
threshold=25.486299514770511 0.41164998710155493 77.978322127461396 1004.5000000000001 0.8240280347486082 0.63377538813055845 0.71027437067354426 0.13760000094771388 521.67999267578136 6377.5000000000009 31.113291008860781 0.31660000979900366 6639.0000000000009 0.28634999692440039 -0.082256258452083952 5697.5000000000009 33.086933062473264 1553.5000000000002 6137.5000000000009 1267.0000000000002 584.00000000000011 486.75498962402349 -6.4121143762405159 527.10498046875011 -0.13260790676077958 -0.028947079250059706 92.104945188586598 0.014000002294778826 0.031471030744261115 9.629609756196901
decision_type=2 2 2 2 2 2 2 2 2 2 2 2 2 2 2 2 2 2 2 2 2 2 2 2 2 2 2 2 2 2
left_child=-1 4 -3 20 5 9 -7 -8 -9 10 -2 12 13 16 21 -16 -12 24 19 23 -4 -15 -6 -19 27 -26 -23 -18 -29 -17
right_child=1 2 3 -5 22 6 7 8 -10 -11 11 -13 -14 14 15 29 17 18 -20 -21 -22 26 -24 -25 25 -27 -28 28 -30 -31
leaf_value=-0.0013052098401150067 -0.001069378016595772 0.019238996748813884 0.021110651341166409 -0.0029062572986926619 4.3363772525841228e-05 0.017578101336900728 -0.0011758546990819664 -0.00063714544562534065 0.014867475461476818 0.01238141840242331 0.029760380548809598 -0.0011850745225919633 0.019550766000070018 0.016663696801057185 -0.0010154765524794786 0.016568528898824826 -0.0011525047442233005 -0.0012077979645528309 -0.0017278831851508481 0.016484879070250001 -0.0010134127927313474 -0.0033757729793646991 -0.00088719317467029471 0.024675750370900279 0.00042918197735657089 -0.0010734154104372028 0.0026466628817441297 -0.00050914245721525207 0.018423412174407568 0.02685742451385972
leaf_weight=990 100 119 150 163 148 232 65 95 123 77 84 350 63 67 108 104 133 116 171 128 60 165 432 75 63 1072 63 72 84 122
leaf_count=990 100 119 150 163 148 232 65 95 123 77 84 350 63 67 108 104 133 116 171 128 60 165 432 75 63 1072 63 72 84 122
internal_value=-0.00368167 -0.00234352 0.00690141 0.000462963 -0.00340514 -0.00217287 0.00652885 -0.00133681 0.00565022 -0.00357387 -0.00409539 -0.00349425 -0.00225974 -0.00288564 0.00380915 0.0113569 -0.0049975 -0.00590933 0.00127273 0.00810185 0.00976744 -0.00478333 -0.0112479 -0.000178571 -0.00837649 -0.0104693 -0.0102146 -0.000119048 0.00782609 0.0193939
internal_weight=5794 4804 492 373 4312 3732 515 283 218 3217 3140 3040 2690 2627 629 334 1998 1914 490 319 210 295 580 191 1424 1135 228 289 156 226
internal_count=5794 4804 492 373 4312 3732 515 283 218 3217 3140 3040 2690 2627 629 334 1998 1914 490 319 210 295 580 191 1424 1135 228 289 156 226
is_linear=0
shrinkage=0.035


Tree=35
num_leaves=31
num_cat=0
split_feature=48 52 183 183 260 37 124 74 115 183 261 160 213 272 173 261 261 260 224 148 82 20 5 11 49 224 71 256 126 60
split_gain=42.0365 41.4849 33.3687 32.3342 30.4063 29.8906 23.3608 23.316 29.4012 23.1826 23.1058 42.143 26.059 26.0508 21.1374 21.1815 24.2546 41.5699 21.1998 28.6506 36.4208 25.0327 25.6352 21.9736 31.4107 19.5989 19.388 18.9676 18.1954 17.8836
threshold=29.422399520874027 5202.5000000000009 0.8240280347486082 0.63377538813055845 0.45370031510967962 25.455049514770511 -2.281118764776676 6377.5000000000009 2483.5000000000005 0.71027437067354426 469.36000061035162 0.047500006854534156 8.8686239926165644 0.023449987173080448 0.65608724936277352 554.11001586914074 527.10498046875011 -0.041709842685783725 0.99999999998634148 491.00000000000006 1107.0000000000002 60.205439138231178 11.753090134702449 68.838890636937819 797.00000000000011 0.99999999999155265 1829.5000000000002 88.978792648506769 1069.5000000000002 72.500000000000014
decision_type=2 2 2 2 2 2 2 2 2 2 2 2 2 2 2 2 2 2 2 2 2 2 2 2 2 2 2 2 2 2
left_child=-1 -2 3 7 9 -6 -4 8 10 -5 -3 12 -12 -13 15 16 18 -18 19 21 -21 22 -14 28 27 -20 -17 -25 -22 -8
right_child=1 2 6 4 5 -7 29 -9 -10 -11 11 13 14 -15 -16 26 17 -19 25 20 23 -23 -24 24 -26 -27 -28 -29 -30 -31
leaf_value=-0.0011858646838332951 0.021000722365958683 -0.0012834414894843161 2.4941986399559805e-05 0.0099766527982412655 -0.00058913772122653205 0.01522441155062893 6.9791119707910966e-05 0.011948068758338494 -0.00077219256856921362 -0.00060117245655530232 0.013721628286972256 -0.0018723637216192415 -0.0023891115957448833 0.017202318623506352 -0.0015260099915728744 -0.0015899590454599068 0.023175327258604255 -6.570610237424558e-05 -0.0011402902151610096 -0.0018205003027369755 0.009354787343469291 0.02444724091437948 0.013317440254432376 -0.001744746562268414 0.020092494235522385 -0.00025051961302095501 -0.0002018874973283702 0.018760755960688189 -0.0021688121138591899 -0.0010398055102081815
leaf_weight=1058 79 181 160 67 103 253 69 79 360 107 62 79 62 202 153 144 139 416 169 336 80 123 224 123 147 110 123 88 144 354
leaf_count=1058 79 181 160 67 103 253 69 79 360 107 62 79 62 202 153 144 139 416 169 336 80 123 224 123 147 110 123 88 144 354
internal_value=-0.00371788 -0.00230331 -0.00274024 -0.00161314 0.00641121 0.0122161 -0.0105357 -0.00282051 -0.00325793 -0.00547486 -0.00214952 -0.00138614 -0.00276246 0.0113811 -0.00331593 -0.00250308 -0.00134118 0.0049375 -0.00351955 -0.00165541 -0.00508126 0.00600242 0.00024055 0.000238501 0.00559229 -0.0122007 -0.0117096 -0.0030787 -0.00825328 -0.0148014
internal_weight=5794 4736 4657 4074 530 356 583 3544 3465 174 3105 2924 2643 281 2581 2428 2161 555 1606 1327 918 409 286 582 358 279 267 211 224 423
internal_count=5794 4736 4657 4074 530 356 583 3544 3465 174 3105 2924 2643 281 2581 2428 2161 555 1606 1327 918 409 286 582 358 279 267 211 224 423
is_linear=0
shrinkage=0.035


Tree=36
num_leaves=31
num_cat=0
split_feature=123 199 48 6 82 203 256 13 256 256 82 141 146 150 160 82 34 22 27 160 19 34 201 261 49 38 153 49 13 231
split_gain=40.9191 36.3205 28.2686 26.9981 31.2885 25.696 25.8274 37.1931 28.4728 28.2207 23.9855 24.2984 23.4769 20.9713 20.0701 19.9692 19.1988 17.681 17.1377 16.2874 18.1828 15.7444 24.2474 20.3142 20.2755 15.0689 14.6849 14.2837 18.2336 14.1898
threshold=0.0093896326839747347 9.4968310749433673 29.422399520874027 29.816863595321532 360.50000000000006 0.90248752246644626 60.07120134308682 72.467280852658561 51.258866270583248 117.08052463533404 1162.0000000000002 42.117963029816302 -0.78844855888697585 0.067149996757507338 0.0117499977350235 2543.0000000000005 2.6315233897895562 0.10965000092983247 777.00000000000011 0.045950002968311317 5662.5000000000009 3.9453659772685428 0.20675000175833705 567.91000366210949 1160.5000000000002 673.50000000000011 -0.23400693972251321 4107.5000000000009 43.458909298729658 13.048009379195703
decision_type=2 2 2 2 2 2 2 2 2 2 2 2 2 2 2 2 2 2 2 2 2 2 2 2 2 2 2 2 2 2
left_child=1 29 -2 4 16 6 8 10 13 15 -8 -12 -7 14 -6 25 17 -4 -18 -3 -21 22 23 24 -16 -9 -26 28 -28 -1
right_child=2 19 3 -5 5 12 7 9 -10 -11 11 -13 -14 -15 21 -17 18 -19 -20 20 -22 -23 -24 -25 26 -27 27 -29 -30 -31
leaf_value=0.016737565116988821 -0.0011484192851567892 -0.0012070259938074374 -0.00048162864950337616 0.015385563609636903 0.013803376191443032 -0.00017039160070044025 1.2867046578665665e-06 0.0086484732070626364 -0.0015404505441241241 0.017535616017428073 0.01775708651247496 -0.00071187216253690375 0.015762613716177393 0.008344973775070201 0.010449103025454459 0.013709029856830425 -0.00015001957775044318 0.00048005613968571647 -0.0012385210373523643 -0.00063319148076053215 0.018656549550267021 -0.0014819310996105797 0.021002445253492076 0.011266252003377709 0.0002152428420735725 -0.0018712944940387668 -0.00089285188127601674 -6.6353104358206084e-05 0.0066598687729912806 0.0043709149507489657
leaf_weight=101 1024 543 102 76 104 122 210 104 213 67 168 64 101 143 111 96 93 108 339 67 108 272 89 64 121 347 570 125 66 76
leaf_count=101 1024 543 102 76 104 122 210 104 213 67 168 64 101 143 111 96 93 108 339 67 108 272 89 64 121 347 570 125 66 76
internal_value=-0.00371788 0.00315 -0.00497451 -0.00359923 -0.00402077 -0.00257906 -0.00345356 0.000923657 -0.00591078 -0.00463651 0.00861298 0.0162447 0.00875 -0.00433832 -0.00554682 -0.00729167 -0.0110355 -0.00227907 -0.0152174 -0.000387275 0.00875 -0.0066409 -0.00480452 -0.00629473 -0.00754008 -0.0103618 -0.00931229 -0.0111031 -0.0132137 0.0171154
internal_weight=5794 895 4899 3875 3799 3157 2934 1056 1878 614 442 232 223 1665 1522 547 642 210 432 718 175 1418 1146 1057 993 451 882 761 636 177
internal_count=5794 895 4899 3875 3799 3157 2934 1056 1878 614 442 232 223 1665 1522 547 642 210 432 718 175 1418 1146 1057 993 451 882 761 636 177
is_linear=0
shrinkage=0.035


Tree=37
num_leaves=31
num_cat=0
split_feature=48 52 104 203 199 150 38 270 49 232 247 160 256 13 243 93 261 261 183 183 104 256 113 256 60 164 13 30 270 183
split_gain=40.2747 41.2662 30.3415 34.2155 29.494 28.7163 21.0499 26.7492 30.6465 21.3675 20.1446 39.5694 33.2225 33.8049 29.5474 24.1419 23.4455 22.9276 22.7879 28.5903 20.5062 19.9312 18.945 18.8833 23.0982 18.4168 18.0448 17.163 25.3504 19.2972
threshold=29.617500305175785 5202.5000000000009 184.00000000000003 0.9674712323441973 9.4375954585366575 0.060350000858306892 694.50000000000011 46.136929265336157 1981.5000000000002 20.865412186885649 591.41000366210949 0.011300001293420793 43.348683568248937 49.246852473388302 9.1578774083500196 575.50000000000011 527.10498046875011 509.00498962402349 -0.14944358330953564 0.23797096494600897 770.50000000000011 77.841637955306098 -2.7095613304538566 69.322675669987277 1188.0000000000002 -0.066666663319186956 38.614270690149105 6067.5000000000009 52.946319753846709 0.042406707527964153
decision_type=2 2 2 2 2 2 2 2 2 2 2 2 2 2 2 2 2 2 2 2 2 2 2 2 2 2 2 2 2 2
left_child=-1 -2 22 4 21 10 25 -8 9 -9 14 -12 15 -14 17 -13 23 -6 -17 27 -16 -4 -3 -15 -25 -7 -21 -20 29 -29
right_child=1 2 3 -5 5 6 7 8 -10 -11 11 12 13 16 20 18 -18 -19 19 26 -22 -23 -24 24 -26 -27 -28 28 -30 -31
leaf_value=-0.0010965675189585054 0.020317564671636503 0.00019395653556322835 0.01352487021325436 0.024290437740743492 -0.00090875915040841031 -0.0011399871125857242 -0.001016032037514775 0.011439162568857096 0.016049115798289451 -0.00372485466433906 0.015441177185669829 0.024881257599966206 0.023642915199030539 -0.0022535491059414506 0.019560545576626696 -0.002142038358610189 0.020919198148872546 -0.0015752956725056538 -0.0013721897003597396 -0.00064760917741738151 -0.0011864912050397703 -0.00081425766215038398 -0.00094290375078535775 -0.0014174737211424193 0.015193801065493999 0.0096638926508142483 0.014149526378188556 0.0056239225455435573 -0.0012914662660971899 0.021645928827114448
leaf_weight=1104 79 100 120 74 381 151 68 234 203 79 149 60 109 122 103 122 86 278 88 609 244 107 527 88 100 70 69 82 99 89
leaf_count=1104 79 100 120 74 381 151 68 234 203 79 149 60 109 122 103 122 86 278 88 609 244 107 527 88 100 70 69 82 99 89
internal_value=-0.00365753 -0.00223642 -0.00267656 -0.00154425 -0.00200255 -0.00276166 0.0030679 0.0065365 0.00927063 0.00231132 -0.00439473 -0.00223761 -0.00374711 0.00377451 -0.00837784 -0.00686836 -0.00104738 -0.0127033 -0.00800516 -0.0062536 -9.94318e-05 0.0101078 -0.00980222 -0.00555556 0.00145078 -0.00603982 -0.0104539 0.00173554 0.00610909 0.0141193
internal_weight=5794 4690 4611 3984 3910 3683 805 584 516 313 2878 1872 1723 505 1006 1218 396 659 1158 1036 347 227 627 310 188 221 678 358 270 171
internal_count=5794 4690 4611 3984 3910 3683 805 584 516 313 2878 1872 1723 505 1006 1218 396 659 1158 1036 347 227 627 310 188 221 678 358 270 171
is_linear=0
shrinkage=0.035


Tree=38
num_leaves=31
num_cat=0
split_feature=123 199 48 6 104 203 8 41 126 27 115 274 38 150 126 104 153 148 148 2 22 183 38 71 183 27 257 134 121 22
split_gain=38.5982 37.5431 25.3591 27.0154 26.9809 31.8549 18.7816 26.4161 36.7031 29.5555 22.8206 23.2271 32.3141 22.7347 22.4638 18.8132 17.329 17.2442 16.8421 26.2272 32.5511 24.9615 22.3689 18.6834 25.9647 16.4669 15.4545 20.7611 17.7012 25.8805
threshold=0.0093896326839747347 9.4968310749433673 29.422399520874027 32.839817342794497 184.00000000000003 0.9674712323441973 -36.493441393592398 5967.5000000000009 172.50000000000003 368.50000000000006 657.50000000000011 0.25724318745881236 1694.5000000000002 0.022000007331371311 204.00000000000003 350.50000000000006 0.72681733474893584 2075.5000000000005 217.50000000000003 6019.9699707031259 0.2282500043511391 -0.21407472184150711 1184.0000000000002 1565.5000000000002 0.34887921881312606 1287.5000000000002 13.32186230546885 0.014184390447442021 0.21315000206232074 0.27064999938011175
decision_type=2 2 2 2 2 2 2 2 2 2 2 2 2 2 2 2 2 2 2 2 2 2 2 2 2 2 2 2 2 2
left_child=1 -1 -2 4 -4 6 7 9 -9 -6 -8 16 14 -10 -13 -15 -12 -3 -17 20 -20 25 -23 -24 -25 -21 28 -28 -11 -30
right_child=2 17 3 -5 5 -7 10 8 13 26 11 12 -14 15 -16 18 -18 -19 19 21 -22 22 23 24 -26 -27 27 -29 29 -31
leaf_value=0.011025457250248128 -0.0010698447470127563 0.0038288251338464852 -0.00060778635820034886 0.018446407285426309 0.012718745067605912 0.019386052655798073 0.0069623114113275767 0.015294415309552173 0.02028403431077172 -0.0014794569946773252 -0.00083636535455163257 -0.00031195450766932284 -0.0012446022403753958 0.014530782230806609 0.005325973513001069 -0.0017399339752162775 -1.6385415603392685e-06 -0.0021574115617761427 0.017615519648135725 -0.00049413559513328492 -0.001061754089526827 -0.003082671197164398 -0.0011429968569895118 0.019795338655479562 -0.00057359598214353641 -0.0033212864259039962 -0.0016785208881965094 0.019373140664962381 0.0094807861191118746 -0.0010828599954834607
leaf_weight=177 1024 631 527 66 146 65 95 67 73 187 366 78 62 60 172 161 83 87 166 90 75 151 147 141 82 135 101 68 171 340
leaf_count=177 1024 631 527 66 146 65 95 67 73 187 366 78 62 60 172 161 83 87 166 90 75 151 147 141 82 135 101 68 171 340
internal_value=-0.0037541 0.00291667 -0.00497451 -0.00367139 -0.00406529 -0.00287496 -0.00337834 -0.00176036 0.00144863 -0.0060167 -0.00780488 -0.00982376 -0.00242902 8.16485e-05 0.00329412 -0.00109646 -0.0148789 -0.000677732 -0.00212489 -0.000388105 0.00953252 -0.00363515 0.000598859 0.00522667 0.0115132 -0.0132391 -0.00846904 0.00100575 -0.0107539 -0.00725775
internal_weight=5794 895 4899 3875 3809 3282 3217 2361 1348 1013 856 761 312 1281 250 1208 449 718 1148 987 241 746 521 370 223 225 867 169 698 511
internal_count=5794 895 4899 3875 3809 3282 3217 2361 1348 1013 856 761 312 1281 250 1208 449 718 1148 987 241 746 521 370 223 225 867 169 698 511
is_linear=0
shrinkage=0.035


Tree=39
num_leaves=31
num_cat=0
split_feature=123 83 261 270 126 52 82 225 47 148 260 13 193 270 160 82 137 82 215 270 143 13 7 33 130 67 7 127 209 12
split_gain=37.3531 35.9401 21.2311 52.2822 23.544 23.0542 23.079 31.283 41.6008 22.1997 34.7352 32.1709 32.3552 30.5381 31.9401 21.7673 20.0415 19.8934 19.6232 18.952 22.2353 18.4803 17.7372 17.4808 21.4336 16.8212 19.1925 17.8648 16.6999 16.2707
threshold=0.0093896326839747347 23.500000000000004 526.01000976562511 67.954393858623646 431.50000000000006 5162.5000000000009 1251.0000000000002 0.32616381974816094 -6.7249455588204503 1133.5000000000002 -0.041709842685783725 36.870166533696732 0.747726647340207 49.240320209707669 0.021800007671117786 1464.0000000000002 3350.0000000000005 1353.5000000000002 -0.0022499561309814449 120.84608097262756 0.25284999608993536 26.86234487298514 -10.367486269577215 0.19815000146627429 -29.950947132543757 8.7230571900524705 1.0000000180025095e-35 60.500000000000007 9.4313615371341992 2.5089998797538642
decision_type=2 2 2 2 2 2 2 2 2 2 2 2 2 2 2 2 2 2 2 2 2 2 2 2 2 2 2 2 2 2
left_child=1 -1 5 9 -5 -2 7 16 -9 10 -4 13 -13 14 21 17 18 -8 25 29 -21 -12 -15 24 -16 -7 27 -27 -3 -17
right_child=2 28 3 4 -6 6 15 8 -10 -11 11 12 -14 22 23 19 -18 -19 -20 20 -22 -23 -24 -25 -26 26 -28 -29 -30 -31
leaf_value=0.015337818554727095 0.015046407902014804 0.0098492571865811101 0.014509658110863908 -0.0024803418906801929 0.015516142748706243 -0.0011058570621196391 -0.00014617146687889661 0.025677051384153528 -0.0032823124506676728 -0.0017602540172796757 0.015360012866073169 -0.0010736423861423805 0.019918768612205651 -0.00098426361822003157 0.0081335003044613521 0.0090091899455343218 0.020823323343215468 0.020472913177359883 0.011489210030184828 0.019314282002470189 -0.001085952846056594 -0.00085612742917746238 -0.00011801994711358733 -0.0016623941868507022 -0.00039830224546886399 -0.0012664898423262604 0.0079243392070087581 3.4592569261409079e-05 -0.0011181478416887997 -0.001499935128093564
leaf_weight=143 62 410 87 110 234 454 148 87 66 249 196 160 132 269 71 77 86 94 89 64 132 98 137 97 213 902 75 122 342 388
leaf_count=143 62 410 87 110 234 454 148 87 66 249 196 160 132 269 71 77 86 94 89 64 132 98 137 97 213 902 75 122 342 388
internal_value=-0.00364546 0.00291667 -0.00484604 -0.00212585 0.0102292 -0.00680112 -0.00727859 -0.00948303 0.00553797 -0.00463536 -0.00296246 -0.00434325 0.00589226 -0.00712247 -0.00252206 -0.00265969 -0.0108252 0.00623482 -0.0116879 -0.00593844 0.00313433 0.00608696 -0.0146472 -0.00915803 -0.00460208 -0.0126027 -0.0101766 -0.0114286 -0.000184941 -0.00975532
internal_weight=5794 895 4899 2053 344 2846 2784 1881 153 1709 1460 1373 292 1081 675 903 1728 242 1642 661 196 294 406 381 284 1553 1099 1024 752 465
internal_count=5794 895 4899 2053 344 2846 2784 1881 153 1709 1460 1373 292 1081 675 903 1728 242 1642 661 196 294 406 381 284 1553 1099 1024 752 465
is_linear=0
shrinkage=0.035


Tree=40
num_leaves=31
num_cat=0
split_feature=123 83 147 6 4 27 183 256 129 150 118 274 201 11 99 104 148 261 93 71 156 256 148 169 168 148 260 204 183 114
split_gain=35.0041 34.8554 20.5794 27.0753 19.7735 25.0626 21.9785 24.0536 23.5331 43.9542 26.8357 20.2071 54.9565 20.2673 20.7568 19.0711 32.6122 24.5621 18.1549 16.4937 16.3786 16.2549 16.2548 15.9961 18.5993 15.4896 20.1588 16.9244 16.7316 19.3879
threshold=0.0093896326839747347 23.500000000000004 25.486299514770511 32.839817342794497 14.785262180482645 7727.5000000000009 0.94600428271294612 117.08052463533404 5922.5000000000009 0.02084998041391373 6032.5000000000009 0.46821270051187797 0.1592500023543835 15.643220798851386 0.12814999371767047 311.50000000000006 179.00000000000003 527.10498046875011 855.50000000000011 1964.0000000000002 -0.26958201941651433 78.142832335018014 1714.0000000000002 13.510907461341198 -0.0076000019907951346 981.50000000000011 -0.45525898610315568 0.062008300515870793 0.49033149925261171 43.662300109863288
decision_type=2 2 2 2 2 2 2 2 2 2 2 2 2 2 2 2 2 2 2 2 2 2 2 2 2 2 2 2 2 2
left_child=1 21 -2 4 5 6 7 8 25 -10 15 13 -13 19 -15 -11 -17 18 -18 -12 -3 -1 -22 -6 -25 27 -27 28 29 -4
right_child=2 20 3 -5 23 -7 -8 -9 9 10 11 12 -14 14 -16 16 17 -19 -20 -21 22 -23 -24 24 -26 26 -28 -29 -30 -31
leaf_value=0.020304317567707543 -0.0011669990665568271 -0.0018465056005970194 0.00012288994262044106 0.017866966516941366 -0.00079016020230685327 0.015722883843651919 -0.00045505094516798216 0.013750440872493323 0.019011385933030474 0.019580295863324947 -0.0016732469411872882 -0.00043099162242752958 0.012519897715017896 8.2530145900455723e-05 -0.0016422789109073143 -0.0016172481588447442 -0.0013886232108981629 0.016389547321188407 0.012961649475587915 0.015704415739248224 0.011015969777720205 0.0043717485962684538 -0.0018048320178366464 -0.00092605657820883484 0.00014299322538751269 -0.0020444594320415247 0.01054886595801153 -0.0015353381386239047 0.015893880390726686 -0.0019090605636418569
leaf_weight=81 967 279 149 66 283 63 156 87 112 60 89 188 148 162 732 113 62 117 91 69 396 62 77 117 172 112 199 293 78 214
leaf_count=81 967 279 149 66 283 63 156 87 112 60 89 188 148 162 732 113 62 117 91 69 396 62 77 117 172 112 199 293 78 214
internal_value=-0.0036696 0.00268333 -0.00483177 -0.00369825 -0.0040868 -0.00303425 -0.00347188 -0.00280682 -0.00334447 -0.00106006 -0.0023829 -0.00477387 0.00266862 -0.00715232 -0.00918799 0.00507813 0.00207474 0.00865455 -0.000664557 0.00429448 -0.000369881 0.0182095 0.00358787 -0.0100693 -0.00416667 -0.00756667 -0.000996835 -0.0103248 -0.00588565 -0.00903533
internal_weight=5794 895 4899 3932 3866 3294 3231 3075 2988 1943 1831 1388 336 1052 894 443 383 270 153 158 752 143 473 572 289 1045 311 734 441 363
internal_count=5794 895 4899 3932 3866 3294 3231 3075 2988 1943 1831 1388 336 1052 894 443 383 270 153 158 752 143 473 572 289 1045 311 734 441 363
is_linear=0
shrinkage=0.035


Tree=41
num_leaves=31
num_cat=0
split_feature=195 20 13 261 256 17 6 104 137 20 88 261 270 148 92 13 104 261 256 214 193 53 5 287 270 38 215 88 107 49
split_gain=32.1505 26.8284 37.2675 24.697 25.2746 23.0728 31.6792 30.5656 27.0666 27.7212 35.0574 27.6421 33.7444 25.0993 25.972 23.7265 21.4344 21.5015 32.1063 35.6834 27.2843 20.7442 23.0683 27.3574 19.8799 39.8916 35.528 21.2947 20.3056 19.9701
threshold=0.0083031061174317303 51.805904088928493 66.937777795791888 568.22497558593761 14.750341774785634 37.945531140243247 32.839817342794497 184.00000000000003 3482.5000000000005 95.303884762445463 0.31065000593662268 486.75498962402349 88.947650675856892 59.500000000000007 52.569450378417976 83.383137136199892 5461.5000000000009 521.42498779296886 43.348683568248937 0.035100005567073829 -0.57319528624631577 -41.490893565689355 34.070910017032453 1.0000000180025095e-35 42.954145717103266 1512.5000000000002 -0.056150004267692559 0.15634999424219134 6177.5000000000009 3774.5000000000005
decision_type=2 2 2 2 2 2 2 2 2 2 2 2 2 2 2 2 2 2 2 2 2 2 2 2 2 2 2 2 2 2
left_child=1 -1 -3 4 -2 6 7 -6 9 10 11 12 -9 14 -13 -11 17 21 24 20 -20 -15 23 -23 25 28 -26 -27 -19 -28
right_child=3 2 -4 -5 5 -7 -8 8 -10 15 -12 13 -14 16 -16 -17 -18 18 19 -21 -22 22 -24 -25 26 27 29 -29 -30 -31
leaf_value=-0.0028331388827387556 -0.00078039139061712259 0.022524993715753016 0.00043048298228297717 0.021382459815555772 -0.0007155226762670414 -0.0022645106823666614 0.017807605200866595 -0.0027611444541472351 0.0083227177704825375 0.01528036808463518 -0.0011261540992273385 -0.0003920226601703947 0.023360163943577254 0.011079264467977246 0.017261340981396363 -0.0004118178694499699 0.013266989041885889 -0.000754595682793825 -0.0017240643533913426 -0.0012674364759500554 0.019150083750171992 -0.001703384772794604 -0.0012505417642228274 0.018146910922904994 0.008541261249180759 -2.1488397484453472e-05 -0.00115563371780861 -0.0027339039449163511 0.018898189203529613 0.00013297469176080324
leaf_weight=75 148 129 210 97 727 150 85 64 181 104 595 69 107 87 66 134 77 77 74 432 283 269 303 76 129 74 658 67 117 130
leaf_count=75 148 129 210 97 727 150 85 64 181 104 595 69 107 87 66 134 77 77 74 432 283 269 303 76 129 74 658 67 117 130
internal_value=-0.0036696 0.00568019 0.00986919 -0.00439369 -0.00471918 -0.00429669 -0.00387876 -0.0042528 -0.00309119 -0.00369527 -0.00443203 -0.00295354 0.0105398 -0.00374206 0.01075 0.00777778 -0.00444542 -0.00495865 -0.00309629 0.00242443 0.0105387 -0.0100743 -0.0122205 -0.0059 -0.0065712 0.000720588 -0.00922451 -0.0131849 0.0109045 -0.012005
internal_weight=5794 414 339 5380 5283 5135 4985 4900 4173 3992 3754 3159 171 2988 135 238 2853 2776 2041 789 357 735 648 345 1252 335 917 141 194 788
internal_count=5794 414 339 5380 5283 5135 4985 4900 4173 3992 3754 3159 171 2988 135 238 2853 2776 2041 789 357 735 648 345 1252 335 917 141 194 788
is_linear=0
shrinkage=0.035


Tree=42
num_leaves=31
num_cat=0
split_feature=123 83 118 13 93 41 137 283 211 270 67 12 11 13 201 12 256 22 247 104 42 11 115 270 74 183 204 203 160 45
split_gain=33.4371 33.4444 19.493 39.3885 39.229 29.6222 32.8984 26.2267 24.4363 20.0182 19.5281 20.7165 19.3963 25.485 22.8457 18.2106 17.891 17.6202 39.7066 28.3219 18.3957 20.1377 17.7801 17.1794 16.5257 16.2903 22.7542 23.2393 22.6231 21.6348
threshold=0.0093896326839747347 23.500000000000004 5957.5000000000009 39.953704689384715 795.50000000000011 6022.5000000000009 3641.0000000000005 1.0000000180025095e-35 0.0068776362813575262 79.049381587895766 7.6533326842096772 5.292086054809336 174.91398454555909 103.96060188097384 0.18482499942183497 4.5479914253184166 78.142832335018014 0.27064999938011175 575.91998291015636 509.00000000000006 24.553808215006526 76.524169604934542 26.500000000000004 103.18580589662896 6032.5000000000009 0.95130544090881008 0.10616996927341725 0.85337849249579156 0.01930000260472298 3.4995641716658228
decision_type=2 2 2 2 2 2 2 2 2 2 2 2 2 2 2 2 2 2 2 2 2 2 2 2 2 2 2 2 2 2
left_child=1 16 8 7 9 -6 10 25 17 -5 -7 -12 14 -14 -10 -16 -1 18 -2 -19 -20 -22 -21 -11 -13 26 27 28 -4 -28
right_child=2 -3 3 4 5 6 -8 -9 12 23 11 24 13 -15 15 -17 -18 19 20 22 21 -23 -24 -25 -26 -27 29 -29 -30 -31
leaf_value=0.018805291672786429 0.018458754425535503 -0.00021097343294825517 -4.1668308939925015e-05 -0.0018887236768873902 0.018260000858485191 -0.0022995129302491352 0.034293485954434648 0.014509863726269435 0.012155428090412083 0.012618312003550744 0.011898043655478937 -0.0055160151961841427 0.016292610592365791 -0.0012826972173935187 -0.0013785626723783375 -0.00096498869001002195 0.0039437975017279896 0.021035323534134821 0.016604736987073099 0.014019980845272719 -0.0020345372382096515 -0.00048578067169513745 -0.001399564876376468 -0.0014819127228547925 0.014331082506540811 -0.00050824115319817516 -0.00065089005635744583 -2.7512748317871651e-05 -0.0012147543724326372 0.0010294373234163439
leaf_weight=81 86 752 139 113 223 223 68 75 60 73 141 61 111 71 339 549 62 78 60 78 62 108 485 80 66 121 222 314 537 356
leaf_count=81 86 752 139 113 223 223 68 75 60 73 141 61 111 71 339 549 62 78 60 78 62 108 485 80 66 121 222 314 537 356
internal_value=-0.00368167 0.00252778 -0.0048175 -0.00290735 0.00245964 0.00640407 0.00204787 -0.00609384 -0.00737811 -0.00904059 -0.0011996 0.00512821 -0.0108546 -0.000374332 -0.0128541 -0.0142665 0.0177365 -0.00323805 0.0034891 -0.00655573 -0.00417021 -0.01 -0.00930458 -0.000664557 -0.00503788 -0.00700413 -0.00600763 -0.00921608 -0.0128488 -0.000480274
internal_weight=5794 895 4899 2812 1048 782 559 1764 2087 266 491 268 1130 182 948 888 143 957 316 641 230 170 563 153 127 1689 1568 990 676 578
internal_count=5794 895 4899 2812 1048 782 559 1764 2087 266 491 268 1130 182 948 888 143 957 316 641 230 170 563 153 127 1689 1568 990 676 578
is_linear=0
shrinkage=0.035


Tree=43
num_leaves=31
num_cat=0
split_feature=123 83 85 13 93 41 137 211 225 11 13 45 249 270 13 38 20 150 160 222 137 93 270 133 256 266 222 209 48 32
split_gain=32.9885 31.7289 17.6524 36.0693 38.4228 26.0047 33.6446 23.5404 20.9799 25.7659 25.1311 18.996 22.6779 18.1887 17.9052 17.8526 25.3501 20.0421 20.8054 28.1482 18.1812 16.9489 16.9382 21.0348 16.7282 16.4078 16.9576 15.1142 15.8289 15.4001
threshold=0.0093896326839747347 23.500000000000004 5947.5000000000009 39.953704689384715 795.50000000000011 6022.5000000000009 3641.0000000000005 0.04318124510111674 0.28564712960401234 174.91398454555909 103.96060188097384 4.7834766941959819 -0.08472867922437731 79.049381587895766 62.157550385937121 3374.0000000000005 31.653818004385716 0.072850003838539137 0.021800007671117786 8.9355802531503965 1523.5000000000002 2107.0000000000005 49.240320209707669 27.985699449217382 78.142832335018014 5.7038804752895809 13.258455239027205 9.4313615371341992 43.197799682617195 0.14144999533891681
decision_type=2 2 2 2 2 2 2 2 2 2 2 2 2 2 2 2 2 2 2 2 2 2 2 2 2 2 2 2 2 2
left_child=1 24 7 15 13 -6 11 -2 9 21 -11 25 -13 -5 -15 17 -17 18 19 22 -21 -9 23 -4 -1 26 -7 28 -3 -29
right_child=2 27 3 4 5 6 -8 8 -10 10 -12 12 -14 14 -16 16 -18 -19 -20 20 -22 -23 -24 -25 -26 -27 -28 29 -30 -31
leaf_value=0.018147106464238897 -0.00053886241225048817 -0.00015316954029366643 -0.00092627137355172069 -0.0018154925263232959 0.017025326426230138 0.010709841383188192 0.033093213946029439 -0.00099949086945638147 0.0081706575828080011 0.01572236922163299 -0.0011937733764730933 -0.0046491352801764649 0.011538541421715549 0.011940203788340027 -0.0021751674928416676 0.023499672638622359 -0.0020408585387710894 0.012364363253836844 -0.0005176379471673665 -0.0011512897453519202 0.014916967321163923 -0.0012962522102833948 -0.0011302329263547168 0.011825421183077632 0.0038057645891675109 -0.0036311545574850492 -0.0027473838089188143 0.0090653422073275289 0.016976216186160537 -0.0019449000932057938
leaf_weight=81 997 298 162 112 232 93 68 655 88 107 70 74 178 74 78 66 62 71 975 63 145 161 128 94 62 69 77 93 112 249
leaf_count=81 997 298 162 112 232 93 68 655 88 107 70 74 178 74 78 66 62 71 975 63 145 161 128 94 62 69 77 93 112 249
internal_value=-0.00371788 0.00245 -0.00484604 -0.00303432 0.00208019 0.00593593 0.00179965 -0.00729237 -0.010861 -0.0123096 -0.000192308 -0.00148185 0.0051751 -0.00936803 -0.00133758 -0.00608696 0.00631579 -0.00707243 -0.00790394 -0.00269682 0.00755869 -0.0149208 -0.00827763 -0.00295019 0.0172635 -0.00846311 -0.0024 -0.000462351 0.00404819 -0.00585014
internal_weight=5794 895 4899 2821 1055 791 559 2078 1081 993 177 491 252 264 152 1766 128 1638 1567 592 208 816 384 256 143 239 170 752 410 342
internal_count=5794 895 4899 2821 1055 791 559 2078 1081 993 177 491 252 264 152 1766 128 1638 1567 592 208 816 384 256 143 239 170 752 410 342
is_linear=0
shrinkage=0.035


Tree=44
num_leaves=31
num_cat=0
split_feature=195 144 13 256 52 27 6 224 92 104 203 170 256 215 11 93 261 274 58 118 256 104 104 222 27 20 126 260 9 225
split_gain=29.9689 28.0049 40.729 22.5448 27.2031 22.7089 21.3314 30.7425 34.1069 24.2904 34.9562 22.2762 28.9398 27.891 27.6783 21.4142 17.1553 19.6906 25.776 18.3406 24.9035 17.2027 20.8964 24.7889 19.7119 21.6625 29.6997 18.4634 17.6957 17.3506
threshold=0.0083031061174317303 49.733724159476978 66.937777795791888 12.524700469182035 6367.5000000000009 7536.0000000000009 29.816863595321532 0.99999999998634148 53.509899139404304 191.00000000000003 0.9674712323441973 0.0018499940633773806 82.868051956814426 -0.044500004500150674 90.937546806857327 5203.0000000000009 553.60498046875011 0.47306494117599679 -7.6633411134992313 6267.5000000000009 32.760044912947045 730.50000000000011 468.00000000000006 11.890689373521544 3959.0000000000005 50.054880502906634 940.50000000000011 0.28708211672339984 58.348472139025084 0.081513132433610594
decision_type=2 2 2 2 2 2 2 2 2 2 2 2 2 2 2 2 2 2 2 2 2 2 2 2 2 2 2 2 2 2
left_child=1 -1 -3 -2 5 6 7 9 -9 -5 11 12 13 -11 -14 16 17 21 -19 -18 -21 22 23 -13 25 29 -27 -25 -28 -23
right_child=3 2 -4 4 -6 -7 -8 8 -10 10 -12 15 14 -15 -16 -17 19 18 -20 20 -22 24 -24 27 -26 26 28 -29 -30 -31
leaf_value=-0.0027342943426633022 -0.00069133241861736453 0.021905166642879764 0.00048523799608027974 -0.00066730237532921903 0.013045206336861194 0.012645680146830629 0.010950704566917244 -0.00086576399574685885 0.0079631717338362017 -0.0011169533309894478 0.021884842080506648 -0.00062560629053873165 -0.0028924176528144054 0.016835828622061726 0.014572329904537999 0.0088808731353386215 -0.0015403168693560638 -0.00080749356237161797 0.012156197274799205 -0.00091511407178829446 0.020535012268914899 0.014402784398762939 -0.0015048769830131783 0.013399942225323347 -0.0022350936538197658 0.011102112254503674 -0.0026336651501935988 -0.0019773283420656449 0.012650515014315179 -0.0003362356447209672
leaf_weight=83 138 123 208 521 108 97 131 893 60 70 66 197 120 181 88 82 105 113 125 191 69 209 425 128 76 178 259 118 66 566
leaf_count=83 138 123 208 521 108 97 131 893 60 70 66 197 120 181 88 82 105 113 125 191 69 209 425 128 76 178 259 118 66 566
internal_value=-0.00368167 0.00534606 0.00989583 -0.00438069 -0.00400229 -0.00437245 -0.00469952 -0.00507432 -0.0107046 -0.00370515 -0.00262729 -0.00313557 0.00399784 0.0118945 -0.00558685 -0.00426683 -0.00478622 -0.00372008 0.00576132 -0.0118243 -0.00660377 -0.0047463 -0.00857961 -0.00320313 -0.00226637 -0.00120031 -0.00682087 0.00418327 -0.0130455 0.00246795
internal_weight=5794 414 331 5380 5242 5134 5037 4906 953 3953 3432 3366 459 251 208 2907 2825 2460 238 365 260 2222 868 443 1354 1278 503 246 325 775
internal_count=5794 414 331 5380 5242 5134 5037 4906 953 3953 3432 3366 459 251 208 2907 2825 2460 238 365 260 2222 868 443 1354 1278 503 246 325 775
is_linear=0
shrinkage=0.035


Tree=45
num_leaves=31
num_cat=0
split_feature=123 209 49 147 6 47 150 41 118 261 44 77 8 110 243 82 134 109 213 247 8 169 131 254 150 216 92 270 148 243
split_gain=26.7016 28.8786 20.3421 17.1965 26.501 17.7236 17.5291 17.0511 30.3553 22.7807 38.166 21.9564 21.3034 23.4035 20.7738 23.6216 18.7771 16.9648 16.345 16.1445 20.6029 16.1322 14.2301 14.0589 13.8887 21.8668 19.5047 17.5192 17.0448 14.787
threshold=0.0093896326839747347 9.4313615371341992 1686.0000000000002 25.486299514770511 32.839817342794497 -18.084492616129229 0.02084998041391373 5967.5000000000009 6032.5000000000009 486.75498962402349 0.29475000500679022 0.46555000543594366 -32.649820660086114 0.23355000466108325 12.060468568877878 1284.5000000000002 0.014238496881999853 0.65415000915527355 8.9990632015805172 591.41000366210949 -29.001875378372223 11.834863882286081 0.77805000543594371 -15.014154054628913 0.042900003492832191 35.469263928641077 46.983598709106452 55.057951398885088 142.50000000000003 5.292086054809336
decision_type=2 2 2 2 2 2 2 2 2 2 2 2 2 2 2 2 2 2 2 2 2 2 2 2 2 2 2 2 2 2
left_child=1 2 18 5 6 -2 19 9 12 10 -8 -12 13 -9 15 23 -16 24 -1 21 -21 -5 -7 -11 26 -26 -10 -27 -28 -29
right_child=3 -3 -4 4 -6 22 7 8 17 14 11 -13 -14 -15 16 -17 -18 -19 -20 20 -22 -23 -24 -25 25 27 28 29 -30 -31
leaf_value=0.01595814464221184 0.0090734470132888823 -0.001112462425126327 0.014768342998040052 0.013327204310282911 0.015472531839671396 0.0004388658463281981 0.015999040105953061 0.012241866938684974 0.00076080519033707664 -0.00010575645589157413 -0.0012583115601217747 0.010628490829803406 -0.00069994459144963588 -0.0007071141972079093 -0.0020031958856849023 -0.00043676433325096748 0.016423396335797483 -0.0001046079279383394 -0.0015564124269325443 0.018236295315913309 -0.00075463997548578696 -0.001324268961228593 -0.0014364865656534124 -0.0013253647314683771 -0.00098897094418680842 -0.0016500689456458053 0.00053314696093740015 0.0077901145341992741 -0.0011490314766542838 -0.0041145727320876131
leaf_weight=125 63 358 163 68 66 76 120 275 154 63 168 68 90 135 115 176 84 843 249 98 62 187 828 409 225 104 64 82 202 74
leaf_count=125 63 358 163 68 66 76 120 275 154 63 168 68 90 135 115 176 84 843 249 98 62 187 828 409 225 104 64 82 202 74
internal_value=-0.00348853 0.00206111 0.0071679 -0.00450347 -0.00346711 -0.00867798 -0.00385172 -0.00466869 -0.00285841 -0.00802566 -0.000581717 -0.00871369 0.00471287 0.00809639 -0.0111326 -0.0141501 -0.00120098 -0.00503137 0.00258575 0.00291667 0.0114545 -0.00255769 -0.00993399 -0.0181971 -0.00834615 -0.0123571 -0.00362353 -0.00528302 -0.00929889 0.00217391
internal_weight=5794 895 537 4899 3932 967 3866 3451 2248 1203 356 236 500 410 847 648 199 1748 374 415 160 255 904 472 905 485 420 260 266 156
internal_count=5794 895 537 4899 3932 967 3866 3451 2248 1203 356 236 500 410 847 648 199 1748 374 415 160 255 904 472 905 485 420 260 266 156
is_linear=0
shrinkage=0.035


Tree=46
num_leaves=31
num_cat=0
split_feature=195 144 8 147 6 218 2 154 109 72 153 115 148 2 135 88 219 163 9 115 203 104 132 49 2 260 204 22 32 266
split_gain=31.0024 24.1084 38.5966 20.4579 30.5976 20.6116 22.2456 19.6082 20.713 22.704 18.7743 19.5327 25.2481 25.0803 20.5222 17.406 15.2395 15.326 14.8955 16.825 14.5579 20.6775 17.0176 20.7025 17.3939 15.9749 15.7625 15.0286 14.0732 13.2331
threshold=0.0083031061174317303 49.733724159476978 -79.983878432865168 25.486299514770511 32.839817342794497 28.71507804871116 6376.6250000000009 -0.020513364869151538 0.64245000481605541 65.500000000000014 0.54760317552235938 355.50000000000006 442.50000000000006 5886.4301757812509 -1.2036142614980034 0.13945000618696216 -43.539006685091465 -0.17271954031495387 -1.424120155178201 1012.5000000000001 0.73315486596622248 193.50000000000003 0.19465000182390216 2850.5000000000005 5945.2548828125009 0.51173915182474061 0.17025586463718481 0.24595000594854358 0.13534999638795855 -25.158131867724638
decision_type=2 2 2 2 2 2 2 2 2 2 2 2 2 2 2 2 2 2 2 2 2 2 2 2 2 2 2 2 2 2
left_child=1 -1 -3 -2 5 7 10 8 9 -5 11 12 -7 -13 -15 -11 -10 -18 -16 -20 22 26 -19 24 27 -23 -22 -24 -9 -14
right_child=3 2 -4 4 -6 6 -8 28 16 15 -12 13 29 14 18 -17 17 20 19 -21 21 25 23 -25 -26 -27 -28 -29 -30 -31
leaf_value=-0.0025238869615548721 -0.0011041888118916699 0.00011986253036740753 0.020825264884197996 -0.002054556939775585 0.01590343020445014 0.018616041147417363 0.022921589237225339 0.0084960137453582215 -0.0014762041082503942 -0.00073838978934491766 0.0079338664172666322 -0.0022047983487196174 -0.0029352078586461624 0.011928399883623899 -0.0022280027263255056 -0.00065016113635208827 0.0047917138774365674 -0.001382918264958696 -0.0021377366990462674 0.0009598792957275288 -0.00083098709132322713 -2.4901637566412951e-05 -0.0018345497282823125 0.01326811385298754 0.0036802443818175295 0.010307654042205639 5.7528971475239726e-05 -0.00016195038607374202 -0.0001497286455085184 0.00060997685767176437
leaf_weight=83 986 201 130 121 76 64 63 111 155 242 167 245 100 189 113 510 183 235 194 171 171 199 72 77 103 106 61 67 205 394
leaf_count=83 986 201 130 121 76 64 63 111 155 242 167 245 100 189 113 510 183 235 194 171 171 199 72 77 103 106 61 67 205 394
internal_value=-0.0035006 0.00568019 0.00989583 -0.0042117 -0.00318254 -0.00357853 -0.00057478 -0.00552421 -0.00664499 -0.0108827 -0.00138551 -0.00265763 0.00248668 -0.00580153 -0.00223958 -0.00850727 -0.0040272 -0.00273651 -0.00608696 -0.00255405 -0.00431113 -0.000193727 -0.00826476 -0.00291667 -0.00793522 0.00575806 -0.00797468 -0.0157986 0.00261682 -0.000280561
internal_weight=5794 414 331 5380 4394 4318 1700 2618 2302 873 1637 1470 558 912 667 752 1429 1274 478 365 1091 537 554 319 242 305 232 139 316 494
internal_count=5794 414 331 5380 4394 4318 1700 2618 2302 873 1637 1470 558 912 667 752 1429 1274 478 365 1091 537 554 319 242 305 232 139 316 494
is_linear=0
shrinkage=0.035


Tree=47
num_leaves=31
num_cat=0
split_feature=195 144 13 150 151 261 38 203 6 270 260 102 13 13 25 256 191 92 187 9 150 7 219 99 213 71 121 260 256 11
split_gain=30.1289 23.1543 40.0495 21.7517 30.0882 39.0261 35.0927 48.6665 33.8121 29.3994 26.9856 24.8784 25.9858 22.2677 29.0915 32.8738 28.5209 26.8897 22.0066 20.105 19.676 18.7427 26.5666 38.9026 21.081 18.1858 17.9844 27.2745 17.2971 23.0179
threshold=0.0083031061174317303 49.733724159476978 66.937777795791888 0.030450001358985904 0.15565000101923945 528.02999877929699 519.50000000000011 0.85337849249579156 -4.388497926301258 54.973289158109779 -0.041709842685783725 -3.2164227868155542 33.068297210749336 49.246852473388302 -7.8143010188673072 47.139514876642657 0.18120000138878825 54.253049850463874 -4.6235572975807881e-06 46.094207624009393 0.043400011956691749 -2.3475411740007304 -100.28058415353763 0.25065000355243688 9.7748299774235168 1565.5000000000002 0.20034999400377276 -0.076028611692246853 70.158667366210153 79.949223163098438
decision_type=2 2 2 2 2 2 2 2 2 2 2 2 2 2 2 2 2 2 2 2 2 2 2 2 2 2 2 2 2 2
left_child=1 -1 -3 -2 19 9 -7 8 10 -6 -8 20 -13 14 15 26 -15 21 -19 -5 -12 22 23 -18 28 -14 -11 -28 -25 -30
right_child=3 2 -4 4 5 6 7 -9 -10 13 11 12 25 16 -16 -17 17 18 -20 -21 -22 -23 -24 24 -26 -27 27 -29 29 -31
leaf_value=-0.00243555091790045 -0.00014777600537265598 0.020479713395431011 -3.6902865288754792e-05 -0.00097312219400948598 -0.0015363177286063538 -0.0017565461610856937 0.012503302112916876 0.017021305192014682 0.018479017645304442 -0.0012280648288726832 0.00063279253760744291 -0.0012031399700348725 -0.001349816591099849 -0.0024973871603156915 -0.0029458250376313941 0.026614364365561465 0.024442279758240194 0.012451346422736931 -0.0014503038607937186 -0.00014003514544070979 -0.0019192004612767202 0.0052920842813892225 -0.0012472533871355207 0.010106796268699652 -0.0051297756592898584 0.015492685608285005 -0.00083831012648461053 0.023071961572741027 -0.0026758897803228977 0.010024438350404627
leaf_weight=83 1442 123 208 443 146 70 138 136 64 137 77 128 81 111 93 73 71 116 111 236 184 104 849 61 67 89 79 89 102 83
leaf_count=83 1442 123 208 443 146 70 138 136 64 137 77 128 81 111 93 73 71 116 111 236 184 104 849 61 67 89 79 89 102 83
internal_value=-0.00370581 0.00534606 0.00947917 -0.00440669 -0.00575197 -0.00434283 0.00154835 0.00345344 -4.56919e-05 -0.0068263 -0.0023433 -0.00577128 0.00115512 -0.00576011 0.000955882 0.00530026 -0.00764583 -0.00637986 0.00467672 -0.0124342 -0.0135526 -0.00826751 -0.00947092 -0.00179949 -0.00715409 0.01 0.000112903 0.00768786 -0.00223108 -0.00755263
internal_weight=5794 414 331 5380 3938 3259 967 897 761 2292 697 559 298 2146 471 378 1675 1564 227 679 261 1337 1233 384 313 170 305 168 246 185
internal_count=5794 414 331 5380 3938 3259 967 897 761 2292 697 559 298 2146 471 378 1675 1564 227 679 261 1337 1233 384 313 170 305 168 246 185
is_linear=0
shrinkage=0.035


Tree=48
num_leaves=31
num_cat=0
split_feature=195 144 13 256 52 27 126 170 4 224 125 261 118 261 270 38 82 129 20 121 38 211 126 49 27 27 13 271 13 134
split_gain=29.4915 23.1543 40.0495 21.2121 25.0495 22.4851 22.1503 27.746 25.9642 32.0817 32.7568 20.7376 21.753 20.2067 33.7072 25.8598 22.1149 23.959 21.8272 21.3856 20.8818 20.6398 23.3042 28.4307 19.3303 21.2645 25.6027 22.4381 19.2194 19.0318
threshold=0.0083031061174317303 49.733724159476978 66.937777795791888 12.524700469182035 6367.5000000000009 7536.0000000000009 58.500000000000007 0.014000002294778826 44.689984705495981 0.99999999998634148 49.708000183105476 553.60498046875011 6267.5000000000009 526.01000976562511 67.954393858623646 892.50000000000011 1258.5000000000002 6202.5000000000009 95.303884762445463 0.14344999939203265 568.50000000000011 0.524879168172532 514.50000000000011 1720.5000000000002 1645.0000000000002 2654.0000000000005 66.876150684770806 8.4677734920523147 38.614270690149105 0.015942601634348453
decision_type=2 2 2 2 2 2 2 2 2 2 2 2 2 2 2 2 2 2 2 2 2 2 2 2 2 2 2 2 2 2
left_child=1 -1 -3 -2 5 6 7 -5 9 11 -11 13 -13 18 16 -16 20 19 24 -18 -15 22 -22 -24 -8 27 29 -26 -14 -27
right_child=3 2 -4 4 -6 -7 8 -9 -10 10 -12 12 28 14 15 -17 17 -19 -20 -21 21 -23 23 -25 25 26 -28 -29 -30 -31
leaf_value=-0.002350306635773933 -0.00066975747225395577 0.019762923426590927 -3.5611265003647615e-05 -0.00010690556865973757 0.011763108370008093 0.011960892297888133 -0.0011835871999041066 -0.0016879116761952253 0.012278614402603702 -0.00088419307402114351 0.0051684165084361095 -0.001404329182573972 -0.00045571534783252411 -0.0011879275094953889 -0.0064146613145776177 0.01649232693339657 -0.00034267025887700143 0.019817462700995245 0.00805377454742719 -0.0040721886472564776 -0.0013171038738959136 0.0073835295004490431 0.014778151454772865 -0.0010041484397037197 0.012667619333734437 -0.0025225662635077971 0.009073271928885393 -0.0017570329438367082 0.014607022457094792 5.5911164007997898e-05
leaf_weight=83 138 123 208 147 108 97 1257 193 140 767 63 106 286 60 94 190 91 60 263 141 109 176 99 86 243 124 62 86 119 75
leaf_count=83 138 123 208 147 108 97 1257 193 140 767 63 106 286 60 94 190 91 60 263 141 109 176 99 86 243 124 62 86 119 75
internal_value=-0.00360924 0.00534606 0.00947917 -0.00430269 -0.00393558 -0.00429072 -0.00461622 -0.0131884 -0.00398235 -0.00444213 -0.0106467 -0.00304796 -0.00956395 -0.00199938 0.00182718 0.0121107 -0.00177751 -0.00942761 -0.00400473 -0.0144726 0.00248598 0.00501053 -0.000702341 0.00681579 -0.00534827 -0.000117647 -0.0075 0.00576347 -0.00571951 -0.0135539
internal_weight=5794 414 331 5380 5242 5134 5037 340 4697 4557 830 3727 511 3216 1106 284 822 292 2110 232 530 470 294 185 1847 590 261 329 405 199
internal_count=5794 414 331 5380 5242 5134 5037 340 4697 4557 830 3727 511 3216 1106 284 822 292 2110 232 530 470 294 185 1847 590 261 329 405 199
is_linear=0
shrinkage=0.035


Tree=49
num_leaves=31
num_cat=0
split_feature=195 144 13 17 6 7 150 20 30 115 13 129 85 143 260 151 201 80 93 183 104 58 104 81 47 118 33 88 77 9
split_gain=28.9461 22.6843 38.3084 19.7374 29.6926 23.6624 28.5506 27.6193 28.8703 25.5439 26.7792 26.1672 53.5044 27.9457 27.2033 23.6029 25.7316 24.2308 22.9221 22.6124 28.8254 20.4004 20.1612 29.0766 25.3615 21.7576 18.4569 22.275 17.2379 15.4763
threshold=0.0083031061174317303 49.733724159476978 66.937777795791888 37.945531140243247 32.839817342794497 -6.3111633322507208 0.030149996280670169 25.646049579169944 5907.5000000000009 1543.0000000000002 43.812207720579444 5747.5000000000009 5692.5000000000009 0.24374999850988391 -0.091630813995807456 0.15565000101923945 0.15769999846816066 -4.3693266653457199 1520.0000000000002 0.65354890341240013 212.00000000000003 -5.2572593029172179 788.00000000000011 42.307050704956062 -6.6816957008636271 6032.5000000000009 0.32175000011920935 0.18484999984502795 0.17584999650716784 20.657472638596641
decision_type=2 2 2 2 2 2 2 2 2 2 2 2 2 2 2 2 2 2 2 2 2 2 2 2 2 2 2 2 2 2
left_child=1 -1 -3 4 5 6 18 -8 9 10 -9 12 -12 -13 -15 17 -17 -10 -2 21 -21 22 24 26 -18 -25 27 -24 -27 -23
right_child=3 2 -4 -5 -6 -7 7 8 15 -11 11 13 -14 14 -16 16 19 -19 -20 20 -22 29 23 25 -26 28 -28 -29 -30 -31
leaf_value=-0.0022680459035218444 -0.00030084394504369897 0.019071221106660246 -3.4364870728520392e-05 -0.0024532848007608288 0.014231716847379072 -0.00048762206173389447 -0.00098750274161467561 0.016348617997784049 0.00054696949091119886 -0.0010037611637773232 -0.0011391810433771439 -0.0017929440051980743 0.0163380155012843 -0.0022692245276292869 0.010772468944380564 0.013874423956043056 -0.0025616665106590638 -0.0016775012302178364 0.0084981983326886026 -0.0014613858930032178 0.01266282310919375 -0.0012468897835356764 -0.0012099425576338548 0.0068020118784260699 0.00019593991642458483 -0.00011292741419222181 -0.0016167891299666028 0.022962516945771092 -0.0036330803629118008 0.011147278664108466
leaf_weight=83 835 123 208 150 85 567 420 106 77 220 468 142 109 109 110 92 200 136 358 65 181 63 65 131 112 76 67 113 158 165
leaf_count=83 835 123 208 150 85 567 420 106 77 220 468 142 109 109 110 92 200 136 358 65 181 63 65 131 112 76 67 113 158 165
internal_value=-0.00369374 0.005179 0.00927083 -0.00438069 -0.00401146 -0.00435631 -0.00351298 -0.00515192 -0.00394781 -0.00794326 -0.00560534 -0.00749735 -0.00282646 -0.0148224 -0.00671875 -0.000964244 0.000609511 -0.0117202 0.0011394 -0.000599572 0.0089243 -0.00266667 -0.00498382 -0.00125203 -0.0121451 -0.00747297 0.00798 0.0137705 -0.0137657 0.00660944
internal_weight=5794 414 331 5380 5230 5145 4578 3385 2965 1264 1044 938 577 361 219 1701 1488 213 1193 1396 246 1150 922 610 312 365 245 178 234 228
internal_count=5794 414 331 5380 5230 5145 4578 3385 2965 1264 1044 938 577 361 219 1701 1488 213 1193 1396 246 1150 922 610 312 365 245 178 234 228
is_linear=0
shrinkage=0.035


Tree=50
num_leaves=31
num_cat=0
split_feature=195 183 183 2 219 92 173 27 78 13 144 160 104 93 154 43 213 224 148 27 109 245 115 71 71 147 183 274 215 38
split_gain=30.2091 24.3603 24.3122 26.7246 25.2377 30.225 22.7915 21.1411 19.8243 37.0518 19.7226 17.9891 28.9525 16.7078 14.4555 16.6365 13.9223 12.9155 21.3319 12.6384 12.5042 13.3353 12.1406 17.4615 19.9684 18.413 17.5405 24.0972 17.1721 16.4142
threshold=0.0083031061174317303 0.8240280347486082 0.62607287449249671 5960.1198730468759 -16.661963017172919 57.830600738525398 0.60120846401810291 2086.0000000000005 13.567350286504272 66.937777795791888 21.99986623156385 0.021000020205974582 62.000000000000007 5203.0000000000009 -0.02272727826434327 0.24714999645948413 8.9871343167553999 0.99999999999228917 131.50000000000003 3036.0000000000005 0.65145000815391552 -0.0038345614618486416 1775.5000000000002 1551.0000000000002 1713.5000000000002 39.765399932861335 0.28641010315680321 0.18421106241647794 -0.042500000447034829 1697.5000000000002
decision_type=2 2 2 2 2 2 2 2 2 2 2 2 2 2 2 2 2 2 2 2 2 2 2 2 2 2 2 2 2 2
left_child=8 2 6 17 5 -5 13 -8 -1 -10 -6 12 -3 14 22 -16 -11 18 -4 -9 21 -17 23 25 -25 -2 27 29 -24 -26
right_child=1 11 3 4 10 -7 7 19 9 16 -12 -13 -14 -15 15 20 -18 -19 -20 -21 -22 -23 28 24 26 -27 -28 -29 -30 -31
leaf_value=-0.0021812927257371215 -0.001135757895206535 0.0099130996123761046 -5.1051569907539166e-05 0.013500514335423727 -0.00085855687046831647 -0.0022037969791388005 -0.001552617463829294 0.00053684256505418806 0.018277734901325192 0.014505452452007446 0.00023786239695740231 -0.00070000684683778184 -0.00073966555872664603 0.010681574811030544 0.0079845469420059961 0.00022278038551551917 -0.0021072236517982353 0.00062984023461429175 -0.0014698979110404321 -0.0017494002451566822 0.0013338023867833539 -0.0021616135989804314 -0.0015628818316207023 0.011469140222047241 0.0058958601945606794 0.0062327602259181335 -0.00097678775164733336 0.019578182335480532 -0.00025331743883881763 -0.0020760809792506178
leaf_weight=82 1469 79 81 264 60 61 231 60 124 68 67 522 153 60 321 80 140 70 61 95 220 144 186 104 155 198 109 88 325 117
leaf_count=82 1469 79 81 264 60 61 231 60 124 68 67 522 153 60 321 80 140 70 61 95 220 144 186 104 155 198 109 88 325 117
internal_value=-0.00371788 -0.00441968 -0.00346146 0.00272048 0.00750547 0.0126212 -0.00449962 -0.012532 0.00534606 0.00913947 -0.00556818 -0.0102372 -0.00206751 -0.00361631 -0.00393638 0.000318182 0 -0.00741935 -0.0133333 -0.00240625 -0.00405345 -0.00978166 -0.00511792 -0.00399109 0.00127163 -0.00579844 -0.00184599 0.00191781 -0.00997093 -0.0032852
internal_weight=5794 5380 4626 664 452 325 3962 386 414 332 127 754 232 3576 3516 765 208 212 142 155 444 224 2751 2240 573 1667 469 360 511 272
internal_count=5794 5380 4626 664 452 325 3962 386 414 332 127 754 232 3576 3516 765 208 212 142 155 444 224 2751 2240 573 1667 469 360 511 272
is_linear=0
shrinkage=0.035


Tree=51
num_leaves=31
num_cat=0
split_feature=123 209 163 270 64 19 2 150 4 7 27 216 82 203 38 90 185 155 126 150 148 270 270 70 27 209 104 104 63 22
split_gain=29.0793 24.9391 20.1023 18.7551 18.6591 16.7672 23.5134 21.6558 22.8952 30.4716 21.4019 18.74 21.3087 26.4602 18.446 16.9816 15.3357 14.511 13.9565 19.6861 13.1285 12.7812 16.0251 13.2844 12.6925 12.2419 12.1968 29.2677 27.0744 37.7316
threshold=0.0093896326839747347 9.4313615371341992 0.9754563100698096 69.166766324864469 24.047414434675844 5347.5000000000009 5608.8251953125009 0.017850004136562351 44.689984705495981 -2.8118941036657876 7536.0000000000009 15.989853172727971 312.00000000000006 0.85337849249579156 1073.5000000000002 0.021978018523097363 0.025701239637435192 0.027349254213015897 1253.5000000000002 0.039100002497434623 74.000000000000014 41.611309950809215 86.353496060854937 33.696699142456062 777.00000000000011 9.3859715330231079 730.50000000000011 509.00000000000006 5777.5000000000009 0.27064999938011175
decision_type=2 2 2 2 2 2 2 2 2 2 2 2 2 2 2 2 2 2 2 2 2 2 2 2 2 2 2 2 2 2
left_child=1 3 5 4 -1 -2 18 21 9 10 11 -9 16 15 -15 26 24 -3 19 -7 -16 -8 23 -23 -13 -24 27 -14 29 -28
right_child=2 17 -4 -5 -6 6 7 8 -10 -11 -12 12 13 14 20 -17 -18 -19 -20 -21 -22 22 25 -25 -26 -27 28 -29 -30 -31
leaf_value=0.0060406702478675422 0.010449478849824423 0.0049038195258082878 -0.00031160883486251988 0.0054205637852249395 0.019701793165071611 0.00034859403690859551 0.016551996781807125 0.011430811679056138 0.0092200516093528355 -0.00057775433979692214 0.013566346212800255 -0.00016495249736104225 -5.2364293673179411e-05 0.0080333166039668735 0.012082375442773921 -0.0013723537033484207 4.6119438259464855e-05 -0.0016657845819696613 -0.0032287206599146373 -0.0016024382595103517 -0.00066254673501889749 0.0090867904163058413 -0.00030321159988053713 -0.001513686909188916 -0.0013125513024372388 0.017992573854726159 0.0208159527000185 -0.0012208605593311795 -0.00056259718237329818 -0.00089220984725275519
leaf_weight=60 106 94 72 408 69 125 60 60 91 390 73 63 346 170 61 567 91 264 96 212 96 61 60 90 266 61 82 340 1197 63
leaf_count=60 106 94 72 408 69 125 60 60 91 390 73 63 346 170 61 567 91 264 96 212 96 61 60 90 266 61 82 340 1197 63
internal_value=-0.00388688 0.00190556 -0.00494596 0.00665129 0.0180224 -0.00465749 -0.00496932 -0.00417424 -0.00489523 -0.00530879 -0.00425431 -0.00466393 -0.00501942 -0.00394602 0.00537651 -0.00512885 -0.0123529 -0.00520661 -0.0127055 -0.00910819 -0.00324074 0.00436202 0.00101083 -0.00650641 -0.0158234 0.0102778 -0.00361535 -0.00739508 -0.00166295 0.0123667
internal_weight=5794 895 4899 537 129 4827 4721 4288 3956 3865 3475 3402 3342 2922 327 2595 420 358 433 337 157 332 272 151 329 121 2028 686 1342 145
internal_count=5794 895 4899 537 129 4827 4721 4288 3956 3865 3475 3402 3342 2922 327 2595 420 358 433 337 157 332 272 151 329 121 2028 686 1342 145
is_linear=0
shrinkage=0.035


Tree=52
num_leaves=31
num_cat=0
split_feature=195 104 203 7 213 78 256 240 125 8 183 107 33 93 31 183 203 20 169 256 13 13 182 222 132 104 173 25 60 78
split_gain=32.075 24.1322 29.5154 25.8297 20.0946 18.2039 38.5104 16.0795 20.5542 17.6321 38.4846 37.1475 23.3941 22.3153 22.081 21.4703 19.442 19.7032 20.6401 18.6049 41.4862 30.3181 22.1931 20.1885 18.2923 17.7688 26.3577 23.0033 16.4753 16.3767
threshold=0.0083031061174317303 184.00000000000003 0.9674712323441973 19.40857460425541 8.7409762184268924 14.246971262427754 70.158667366210153 22.111764525747372 50.880748748779304 -23.779834267976451 0.63377538813055845 6182.5000000000009 0.14664999395608905 5203.0000000000009 -45.794005565098487 0.29623323705550381 0.23529829146973258 25.646049579169944 14.774943533977446 60.07120134308682 64.531809077566919 47.443112479828919 0.23226068736839375 2.9812502032502022 0.24074999988079074 481.50000000000006 0.58561645665369888 -9.2658730266799445 721.50000000000011 7.6241084813284443
decision_type=2 2 2 2 2 2 2 2 2 2 2 2 2 2 2 2 2 2 2 2 2 2 2 2 2 2 2 2 2 2
left_child=5 3 4 -2 -3 -1 -7 9 -9 10 12 24 -6 15 -11 16 17 -14 19 21 -21 23 28 -19 -12 26 27 -17 -22 -18
right_child=1 2 -4 -5 7 6 -8 8 -10 14 11 -13 13 -15 -16 25 29 18 -20 20 22 -23 -24 -25 -26 -27 -28 -29 -30 -31
leaf_value=-0.0016214186295610202 -0.00061809671787875443 0.01272602021046961 0.015153971194404902 0.0088372105586462749 0.0069688240946894119 0.017215467766462544 -0.00030307163791436112 -0.001911650460072603 0.010628554195571571 0.0017711292453950094 0.014037262323117706 -0.0011262971665824434 -0.002361472368413645 0.0090249036485818713 -0.00051059989232405518 -0.00057529793118803445 0.01355496446489318 0.02060626947858011 0.0067539280006112543 0.013787276981405871 0.0066677768292910016 -0.0019563366464298193 0.0080320771947715256 -0.0014505567022209337 -0.00092725885591876764 -0.0015483655230440086 -0.0020728248660550857 0.009068396246331132 -0.0022817454990409344 -0.00011991789228172568
leaf_weight=88 757 104 91 67 103 135 191 318 63 91 235 71 111 73 398 148 112 60 179 145 82 233 205 328 66 389 92 81 438 340
leaf_count=88 757 104 91 67 103 135 191 318 63 91 235 71 111 73 398 148 112 60 179 145 82 233 205 328 66 389 92 81 438 340
internal_value=-0.00382652 -0.00454968 -0.00354528 -0.0100483 -0.00395414 0.00551313 0.00930514 -0.00432089 -0.0111528 -0.0036537 -0.00277317 0.00779841 -0.00404449 -0.00461106 -0.00984818 -0.00509328 -0.00339366 -0.00503639 -0.00405373 -0.00540441 -0.00208 -0.010008 -0.0055137 -0.00391858 0.0131536 -0.0103776 -0.00418712 0.00224359 -0.00933333 0.00306346
internal_weight=5794 5380 4556 824 4465 414 326 4361 381 3980 3491 372 3119 3016 489 2943 2233 1781 1670 1491 870 621 725 388 301 710 321 229 520 452
internal_count=5794 5380 4556 824 4465 414 326 4361 381 3980 3491 372 3119 3016 489 2943 2233 1781 1670 1491 870 621 725 388 301 710 321 229 520 452
is_linear=0
shrinkage=0.035


Tree=53
num_leaves=31
num_cat=0
split_feature=125 52 6 104 203 8 129 83 161 274 183 143 13 32 66 104 60 124 129 126 160 93 173 182 264 162 115 19 27 163
split_gain=31.0565 28.461 26.7106 27.6339 28.4725 29.7405 39.455 22.5656 21.8172 35.4518 37.0352 24.4312 21.7282 20.7619 17.8401 16.3895 14.261 16.101 13.9242 17.6982 15.076 20.8266 18.4069 16.1897 13.8565 13.6935 15.7651 23.6774 22.1251 21.2998
threshold=34.479549407958991 5202.5000000000009 36.270192274814278 184.00000000000003 0.9674712323441973 -36.126755396231964 6362.5000000000009 29.500000000000004 0.14635000005364421 0.34728349326996466 0.1106106978197056 0.19990000128746035 47.16302368647932 0.13434999436140063 0.16385000199079516 6639.0000000000009 72.500000000000014 -2.6022948717309555 5452.5000000000009 135.50000000000003 -0.0080999881029129011 148.00000000000003 -0.49285150058188892 0.127509801047692 -2.2918862499737842 -0.18799879987877202 1607.0000000000002 5697.5000000000009 1843.5000000000002 0.22581141812008332
decision_type=2 2 2 2 2 2 2 2 2 2 2 2 2 2 2 2 2 2 2 2 2 2 2 2 2 2 2 2 2 2
left_child=-1 -2 3 16 5 6 7 12 -7 10 11 -10 -5 -9 -11 18 -3 -18 -15 -20 -21 -22 23 -23 -12 -24 27 -27 -29 -30
right_child=1 2 -4 4 -6 8 -8 13 9 14 24 -13 -14 15 -16 -17 17 -19 19 20 21 22 25 -25 -26 26 -28 28 29 -31
leaf_value=-0.0012111829048476023 0.015869074201454083 -2.2223820162439735e-06 0.019370630080910823 0.016678134773082085 0.01881920154774339 -0.00055089911249840695 0.03443780469246592 0.015528935375943504 0.015132033271354917 0.022192036812791836 -0.00035956298485651937 -0.00061772583605149232 0.00019620752517156631 -0.0019870006911082696 -7.3944343867052016e-05 0.0091193971600194174 0.00032027124494057592 -0.00091379854781565195 0.011725479001343317 0.0099641521230629318 -0.0017122648681341742 -0.0014102785622464224 0.00058808729376037393 0.017168340788574633 -0.0015063424199144022 -0.0026742126209565744 -0.0016933512720310564 -0.0009983818952431665 -0.0012662862409954158 0.010356641810652524
leaf_weight=1058 80 128 62 80 76 366 63 97 71 74 60 70 230 82 72 76 69 411 73 116 149 180 306 143 195 136 328 584 194 165
leaf_count=1058 80 128 62 80 76 366 63 97 71 74 60 70 230 82 72 76 69 411 73 116 149 180 306 143 195 136 328 584 194 165
internal_value=-0.00400759 -0.00279055 -0.00315383 -0.00347032 -0.00240291 -0.00282503 -0.00114067 -0.00174762 -0.00835706 -0.00383912 -0.00925187 0.00503425 0.00711111 -0.00280372 0.0106623 -0.00342136 -0.0103915 -0.013134 -0.00392523 -0.0034132 -0.00396141 -0.00461872 -0.00366977 0.00394817 -0.0170962 -0.0051135 -0.0065687 -0.00448801 -0.00247363 0.00432692
internal_weight=5794 4736 4656 4594 3986 3910 3002 2939 908 542 396 141 310 2629 146 2532 608 480 2456 2374 2301 2185 2036 323 255 1713 1407 1079 943 359
internal_count=5794 4736 4656 4594 3986 3910 3002 2939 908 542 396 141 310 2629 146 2532 608 480 2456 2374 2301 2185 2036 323 255 1713 1407 1079 943 359
is_linear=0
shrinkage=0.035


Tree=54
num_leaves=31
num_cat=0
split_feature=195 114 6 183 183 99 247 173 6 151 78 13 38 261 214 126 60 170 259 115 67 60 153 206 213 13 89 183 247 9
split_gain=30.296 20.9606 29.2248 20.5671 19.7081 27.8591 24.6556 22.4802 20.3575 25.9107 17.3473 35.1329 16.1172 18.5326 23.5193 15.7606 15.6398 17.0709 16.7745 14.9798 23.1165 21.7628 21.1818 15.3363 14.4626 14.1212 16.1991 14.0872 26.0111 20.1349
threshold=0.0083031061174317303 33.964750289916999 36.270192274814278 0.80946712224159834 0.63377538813055845 0.19465000182390216 609.96499633789074 0.63321195356567561 -28.741848133510917 0.1410500016063452 14.246971262427754 66.937777795791888 309.50000000000006 522.45501708984386 0.036850005388259895 142.50000000000003 566.50000000000011 0.030949994921684269 -0.16052616564495389 355.50000000000006 17.615478683765769 988.50000000000011 0.48314947199066938 -0.031346546412295721 8.9871343167553999 39.461120541641613 16.218899701074577 0.31455688183398151 602.82501220703136 22.496530505152773
decision_type=2 2 2 2 2 2 2 2 2 2 2 2 2 2 2 2 2 2 2 2 2 2 2 2 2 2 2 2 2 2
left_child=10 -2 3 4 8 6 -6 -8 9 -3 -1 -12 25 -14 -15 -10 -17 18 -18 21 22 -11 27 -23 -13 -5 -27 28 29 -21
right_child=1 2 -4 12 5 -7 7 -9 15 19 11 24 13 14 -16 16 17 -19 -20 20 -22 23 -24 -25 -26 26 -28 -29 -30 -31
leaf_value=-0.0015826176216943637 -0.0011417739419927132 0.015571135570979807 0.018692658028078939 -0.00044190059989631579 0.010405460976069198 -0.0013114578281596069 -0.0010062865131148615 0.012216958803928021 0.0003293945402620366 0.011328128973027424 0.016159608434469938 0.013836159965883355 -0.0017227814794871833 -0.00096693535924609428 0.00036458800033209839 -0.0013389279073928685 -0.0011056758665764217 0.0070214923097939299 -0.00057020242102873186 -0.0025481828156123224 -0.0039196332823181043 -0.0017508564683157081 0.0087951272190318359 0.0036168016776528499 -0.0025685362262747122 0.015803593362329855 -0.00029329916510195458 -0.0010561312999985476 0.012579749983051263 8.3458579512855075e-05
leaf_weight=88 977 63 66 126 215 112 78 77 98 179 123 68 118 124 61 168 211 136 1112 182 67 217 101 180 135 62 69 190 215 176
leaf_count=88 977 63 66 126 215 112 78 77 98 179 123 68 118 124 61 168 211 136 1112 182 67 217 101 180 135 62 69 190 215 176
internal_value=-0.00389895 -0.00460167 -0.00356511 -0.00392561 -0.00298916 0.00359343 0.00821333 -0.00240625 -0.00395606 -0.00106667 0.005179 0.00888218 -0.0101593 -0.0155682 -0.00828947 -0.00657514 -0.0073989 -0.00619194 -0.00740587 -0.00201389 -0.00474893 0.00240964 -0.00314154 -0.00217662 -0.000168269 -0.00360687 0.004375 -0.00514974 -0.00236159 -0.00809917
internal_weight=5794 5380 4403 4337 3777 482 370 155 3295 1570 414 326 560 303 185 1725 1627 1459 1323 1507 931 576 864 397 203 257 131 763 573 358
internal_count=5794 5380 4403 4337 3777 482 370 155 3295 1570 414 326 560 303 185 1725 1627 1459 1323 1507 931 576 864 397 203 257 131 763 573 358
is_linear=0
shrinkage=0.035


Tree=55
num_leaves=31
num_cat=0
split_feature=195 104 7 147 213 78 13 183 183 219 91 222 93 173 90 126 115 71 71 36 185 33 148 72 93 104 55 19 70 183
split_gain=29.9756 21.2507 20.2664 19.475 18.288 17.3473 35.1329 16.4671 33.355 20.6378 17.2613 16.1404 15.6268 16.0787 15.209 14.7419 15.054 30.7876 24.096 23.2213 21.259 19.3136 19.3941 19.8205 19.3824 18.8947 19.9188 33.8814 24.2266 21.7895
threshold=0.0083031061174317303 184.00000000000003 19.40857460425541 22.236700057983402 8.7409762184268924 14.246971262427754 66.937777795791888 0.63377538813055845 0.72129804940307585 -17.95131093133293 -4.285660583146913 16.959605120591245 5203.0000000000009 0.70090373041949572 0.027523543526281096 120.00000000000001 1393.0000000000002 1551.0000000000002 1052.5000000000002 -12.182875512554515 0.020410257951376135 0.20924999564886096 465.50000000000006 84.500000000000014 1014.5000000000001 912.00000000000011 0.30740000307559973 5812.5000000000009 46.689849853515632 -0.74459204928595424
decision_type=2 2 2 2 2 2 2 2 2 2 2 2 2 2 2 2 2 2 2 2 2 2 2 2 2 2 2 2 2 2
left_child=5 2 14 -3 -5 -1 -7 12 10 11 -9 -10 13 15 -2 -6 17 18 21 -18 -20 24 23 -23 -17 -24 27 -27 29 -29
right_child=1 3 -4 4 7 6 -8 8 9 -11 -12 -13 -14 -15 -16 16 19 -19 20 -21 -22 22 25 -25 -26 26 -28 28 -30 -31
leaf_value=-0.0015272260049350626 -0.00092286639526469212 -0.0020247806310802704 0.0071956931052790151 0.014023248136701832 0.00590109914533398 0.01559402213926349 -1.0724434793412675e-05 -0.0011587264586959806 0.0097812070948936642 -0.0005862102055037994 0.010896669209840469 -0.0014789769451008696 0.0071883152817748697 -0.0012134621364187094 -2.5334029125488881e-05 0.017580078736485382 -7.413039111988596e-05 0.0030342365413119766 -0.0010688849620974867 -0.00083755552478311738 -0.0018824638361809492 0.016652766275387088 -0.0021534543558481573 -0.0007230448422674544 -0.00088764794484350496 0.016925688788303535 -0.0012994872451288534 -0.0020654383902178586 -0.0034330594407362058 0.019438553424619056
leaf_weight=88 597 264 67 82 77 123 203 73 81 175 191 67 82 182 160 65 291 630 353 517 130 101 260 106 60 73 386 70 119 121
leaf_count=88 597 264 67 82 77 123 203 73 81 175 191 67 82 182 160 65 291 630 353 517 130 101 260 106 60 73 386 70 119 121
internal_value=-0.00385066 -0.00454968 -0.00971049 -0.00360667 -0.00303002 0.005179 0.00888218 -0.00335469 0.00206926 -0.00544207 0.0111896 0.00411765 -0.00423512 -0.00458968 -0.0113451 -0.00402646 -0.00438698 -0.00302138 -0.00530016 -0.00852399 -0.0119775 -0.00289531 -0.00423046 0.00544811 0.00996154 -0.00619439 -0.00339147 0.00225515 -0.00288889 0.00482143
internal_weight=5794 5380 824 4556 4292 414 326 4210 587 323 264 148 3623 3541 757 3359 3282 2474 1844 808 483 1361 1236 207 125 1029 769 383 310 191
internal_count=5794 5380 824 4556 4292 414 326 4210 587 323 264 148 3623 3541 757 3359 3282 2474 1844 808 483 1361 1236 207 125 1029 769 383 310 191
is_linear=0
shrinkage=0.035


Tree=56
num_leaves=31
num_cat=0
split_feature=195 70 4 218 85 256 270 247 256 150 163 249 270 17 115 261 170 222 78 256 213 190 102 261 107 201 115 144 38 215
split_gain=28.7957 17.7516 19.997 22.2446 24.5647 20.0799 19.0951 18.5951 26.3932 36.8021 24.822 18.429 18.0762 22.6972 21.0937 18.064 17.6917 18.533 16.9266 35.3561 19.0664 16.7149 15.8792 15.8313 18.5988 22.6386 14.8178 19.0553 14.5472 19.6254
threshold=0.0083031061174317303 34.686149597167976 52.058788731072333 28.71507804871116 6377.5000000000009 117.08052463533404 129.40757102184679 591.41000366210949 43.348683568248937 0.038049995899200446 -0.23789799314721063 -0.11703062972878707 120.43191194236658 14.536115657146633 455.50000000000006 516.95501708984386 0.007000003010034562 10.356195576804243 14.246971262427754 65.98030679815615 8.9670578685205005 -0.017999999225139614 -3.751390755919541 526.63500976562511 6057.5000000000009 0.17379999905824664 447.50000000000006 61.420368317049402 631.50000000000011 -0.044299997389316552
decision_type=2 2 2 2 2 2 2 2 2 2 2 2 2 2 2 2 2 2 2 2 2 2 2 2 2 2 2 2 2 2
left_child=18 -2 3 7 5 6 12 15 10 -10 -9 -11 13 28 -14 21 17 -12 -1 -20 -21 -3 -13 -18 25 -25 -23 -28 29 -5
right_child=1 2 -4 4 -6 -7 -8 8 9 11 16 22 14 -15 -16 -17 23 -19 19 20 -22 26 -24 24 -26 -27 27 -29 -30 -31
leaf_value=-0.0014737730947623361 -0.0010939745264705925 -0.0008053251678746846 0.013250594625518549 -0.00061611454393703806 0.027609249273519182 0.012329756678057214 -0.0038607214866177571 0.0086025552583718287 0.021435941474973238 -0.0028364974767500261 -0.00066706277028301603 -0.0016308246242896902 0.012442532846415673 -0.0034522750582735304 -0.00055266765338758803 -0.0010813880672476375 -0.00092930278510302286 0.0092275687446104794 0.017617106829290716 0.011363315092527122 -0.0025665710105038119 -0.0010550741884598532 0.0054346597395118022 0.023450161046559611 -0.00043949705210494911 -0.00092122177885590247 0.01280394463549008 -0.001906501786711999 -0.00048604781432869728 0.013813173594435769
leaf_weight=88 1095 190 64 100 60 114 104 110 108 98 108 80 106 116 61 194 242 104 110 74 142 109 217 65 657 89 120 76 915 78
leaf_count=88 1095 190 64 100 60 114 104 110 108 98 108 80 106 116 61 194 242 104 110 74 142 109 217 65 657 89 120 76 915 78
internal_value=-0.00383859 -0.00452368 -0.0035 -0.00380147 -0.000632911 -0.00148843 -0.00259259 -0.00583787 -0.00401487 0.0028248 -0.00651812 -0.0021875 -0.00146995 -0.00296952 0.00915698 -0.0107421 -0.00790945 0.00129032 0.00501193 0.00867069 0.000316742 -0.00707 0.00220199 -0.00975898 -0.00733456 0.00352201 -0.00191935 0.00383085 -0.00137067 0.00765027
internal_weight=5794 5380 4285 4221 1654 1594 1480 2567 1878 503 1375 395 1376 1209 167 689 1265 212 414 326 216 495 297 1053 811 154 305 196 1093 178
internal_count=5794 5380 4285 4221 1654 1594 1480 2567 1878 503 1375 395 1376 1209 167 689 1265 212 414 326 216 495 297 1053 811 154 305 196 1093 178
is_linear=0
shrinkage=0.035


Tree=57
num_leaves=31
num_cat=0
split_feature=195 9 70 6 150 170 256 10 160 223 257 133 100 179 6 173 78 13 223 22 2 13 13 104 77 256 93 104 92 163
split_gain=25.9895 17.5036 29.2944 35.1182 23.139 17.9576 19.8057 29.4096 22.12 17.4614 16.8655 16.2104 20.9914 19.9597 18.4137 16.8131 15.7433 30.4888 15.4418 20.5244 21.9316 44.6841 34.0236 24.0944 23.8679 23.8307 20.7831 19.0964 17.9204 17.4734
threshold=0.0083031061174317303 68.000856023524207 50.474548339843757 29.816863595321532 0.053549997508525855 0.0025000050663948063 82.868051956814426 56.531805041745621 -0.0027499943971633907 17.881087429132709 4.2779733692165234 71.017401067803817 18.360238309332626 12.362024259519481 -6.3894763170716145 0.23379958741030174 13.567350286504272 65.569764855094235 21.214876854106368 0.48394998908042913 5888.6601562500009 43.458909298729658 47.134709203661757 788.00000000000011 0.20674999803304675 43.348683568248937 575.50000000000011 2373.5000000000005 43.347049713134773 -0.26116983251625464
decision_type=2 2 2 2 2 2 2 2 2 2 2 2 2 2 2 2 2 2 2 2 2 2 2 2 2 2 2 2 2 2
left_child=16 5 3 10 -4 6 8 -8 -2 -10 -3 12 14 -14 15 -12 -1 -18 19 20 24 25 -23 -24 -7 26 -22 -28 -25 -20
right_child=1 2 4 -5 -6 18 7 -9 9 -11 11 -13 13 -15 -16 -17 17 -19 29 -21 21 22 23 28 -26 -27 27 -29 -30 -31
leaf_value=-0.0019820242509439793 0.016189324565905234 -0.0010260169205610016 -0.001122855840464506 0.0077626356539014733 0.010313075188318449 0.014184677994996592 -0.0030513136692574779 0.016627021537772586 0.0056564572186345577 -0.0017836021098305112 -0.0014787557613224452 -0.0015069615010791422 -0.00085119652796770398 0.0011911014730299028 -0.00014227748366011595 -0.0025919650225103949 0.017544510394276853 0.00014340770967742752 -0.00013127171383692211 0.018502593415549946 0.014582711046318994 0.018975774900484105 -0.0013991899053781226 0.017393948927225563 -0.0021490653034979927 0.019525176656953511 -0.0005422268810279119 0.0071544907755023406 1.7891740161607441e-06 -0.0016871714035578403
leaf_weight=82 84 462 64 131 103 61 149 73 189 63 71 168 60 154 181 96 104 228 160 60 69 186 178 102 315 83 1518 86 217 297
leaf_count=82 84 462 64 131 103 61 149 73 189 63 71 168 60 154 181 96 104 228 160 60 69 186 178 102 315 83 1518 86 217 297
internal_value=-0.00389895 -0.00454968 -0.00777258 -0.00951431 0.00590116 -0.0033068 0.00248668 -0.00555066 0.00780059 0.00245136 -0.0114035 -0.008 -0.00506173 0.00351598 -0.0103116 -0.0185174 0.00451074 0.00789318 -0.00427929 -0.00331771 -0.00376064 -0.00253478 0.00503634 0.000209163 -0.0115748 -0.00548552 -0.00640346 -0.00722188 0.00594136 -0.0102273
internal_weight=5794 5380 1490 1323 167 3890 558 222 336 252 1192 730 562 214 348 167 414 332 3332 2875 2815 2439 683 497 376 1756 1673 1604 319 457
internal_count=5794 5380 1490 1323 167 3890 558 222 336 252 1192 730 562 214 348 167 414 332 3332 2875 2815 2439 683 497 376 1756 1673 1604 319 457
is_linear=0
shrinkage=0.035


Tree=58
num_leaves=31
num_cat=0
split_feature=195 9 6 81 19 9 13 260 170 52 115 232 11 13 137 183 104 200 211 150 9 76 38 82 261 181 22 271 159 183
split_gain=23.8171 18.0763 27.9987 27.9654 17.1007 17.5111 32.6754 34.3571 16.9985 16.5017 15.7757 22.7583 15.2479 21.6426 39.4821 23.3171 31.8073 25.4927 20.328 19.7973 15.5417 15.3736 14.6894 14.3351 23.1304 28.162 22.0855 13.7185 16.5676 16.308
threshold=0.0083031061174317303 68.000856023524207 29.816863595321532 50.708400726318366 5322.5000000000009 -14.596503671161994 83.383137136199892 -0.42523328158011503 0.0025000050663948063 5967.5000000000009 648.00000000000011 11.144649340204539 15.643220798851386 38.455530684614182 3641.0000000000005 -0.10890815883263534 173.50000000000003 -0.019350007176399227 0.19247835712015968 0.050000004470348365 45.635867866073312 0.34935000538825994 1368.0000000000002 1228.5000000000002 486.75498962402349 0.30897499620914465 0.29084999859333044 12.296973886316566 14.562655603346153 0.70037593984920166
decision_type=2 2 2 2 2 2 2 2 2 2 2 2 2 2 2 2 2 2 2 2 2 2 2 2 2 2 2 2 2 2
left_child=10 4 3 23 -2 6 7 -6 22 -5 11 -1 18 27 15 19 -17 20 -10 -15 -18 -19 -7 24 25 -3 -25 29 -29 -14
right_child=1 2 -4 9 5 8 -8 -9 12 -11 -12 -13 13 14 -16 16 17 21 -20 -21 -22 -23 -24 26 -26 -27 -28 28 -30 -31
leaf_value=0.019155535951878584 0.013092201095184129 0.012040540221726976 0.0074909434060149212 -0.00067355545037293301 0.012238492867377266 -0.00048454714878467256 -0.0034567275933937939 -0.0024371117356339744 0.026218058799887207 0.0099482704687605724 -0.00068769379133598629 0.0051858529011716871 -0.00021129660885697014 -0.00095284622247843013 0.024324147255381075 -0.0018801369424632489 0.0057064181985570827 0.017503218022797255 -0.00055679147780438541 -0.0038977873680457295 -0.0025311654279626763 0.0074428023200224956 0.013031040535080718 0.0006948407011016024 -0.0010261362871054598 -0.00093232498887178556 -0.0015163364594454555 -0.0017214565239074861 0.00010324487664935268 -0.00033411340681292761
leaf_weight=91 73 77 131 83 98 234 85 186 61 83 153 170 907 375 85 131 233 152 65 143 129 133 186 190 589 221 116 185 62 367
leaf_count=91 73 77 131 83 98 234 85 186 61 83 153 170 907 375 85 131 233 152 65 143 129 133 186 190 589 221 116 185 62 367
internal_value=-0.00387481 -0.00449768 -0.00777258 -0.0092632 -0.00323492 -0.00356227 -0.010762 -0.00484429 -0.0027773 0.00409357 0.00417661 0.00934211 -0.00369271 -0.00421397 -0.00103535 -0.00258263 0.0012516 0.00445552 0.00801527 -0.00829828 -0.00171662 0.0121897 0.00378824 -0.0111311 -0.01338 -0.00531353 -0.00450161 -0.00708716 -0.0145833 -0.00558249
internal_weight=5794 5380 1490 1359 3890 3817 369 284 3448 166 414 261 3028 2902 1381 1296 778 647 126 518 362 285 420 1193 887 298 306 1521 247 1274
internal_count=5794 5380 1490 1359 3890 3817 369 284 3448 166 414 261 3028 2902 1381 1296 778 647 126 518 362 285 420 1193 887 298 306 1521 247 1274
is_linear=0
shrinkage=0.035


Tree=59
num_leaves=31
num_cat=0
split_feature=272 136 6 63 137 80 82 199 261 199 222 261 170 6 52 261 256 225 47 93 150 82 27 27 221 27 93 4 173 186
split_gain=21.4618 21.6234 29.0359 24.5067 23.5176 24.631 19.5246 23.1244 22.7658 33.2221 23.3924 20.0169 23.3164 18.7009 17.5308 17.263 26.4208 18.5847 17.2377 14.0276 13.7456 28.7568 23.5152 26.2446 22.0821 22.4721 23.4285 22.6706 19.369 18.5064
threshold=-0.0142500102519989 25.449449539184574 36.270192274814278 5227.5000000000009 4927.0000000000009 -4.7941613006725623 895.00000000000011 8.8457749227562079 526.63500976562511 11.722850028524798 35.24614397991629 469.36000061035162 0.035449996590614326 -21.688108190504632 6322.5000000000009 486.75498962402349 70.158667366210153 0.31694366152959869 -18.084492616129229 4080.0000000000005 0.044299993664026267 1275.5000000000002 2758.5000000000005 1763.0000000000002 36.427242279444499 978.50000000000011 1551.0000000000002 -21.932830875140407 -0.19848427311499017 0.22355176147572367
decision_type=2 2 2 2 2 2 2 2 2 2 2 2 2 2 2 2 2 2 2 2 2 2 2 2 2 2 2 2 2 2
left_child=-1 18 3 -3 6 -6 8 -8 10 13 15 -9 19 -10 -11 16 -5 -17 -2 20 21 22 23 -13 25 -23 -27 -28 29 -26
right_child=1 2 -4 4 5 -7 7 11 9 14 -12 12 -14 -15 -16 17 -18 -19 -20 -21 -22 24 -24 -25 28 26 27 -29 -30 -31
leaf_value=0.010674460455051092 0.011304460055691905 0.012633974056852685 0.017522436990262534 0.01190042642025105 0.0139470765416492 -0.0010699466985352136 0.013207569047135792 -0.0019036338593693444 0.015360162263307428 -0.00072489411892061599 0.0050625890438792077 -0.0015127078242588147 0.013501872278007648 0.00025983991412619341 0.0034195840074995381 -0.00096549188234242424 -0.0012389945009321974 0.00017115836357246784 -0.0013645277369278856 0.0072839034658427658 -0.00087481481623418627 0.019481092688229985 -0.0027963004124747209 0.0055937833290703445 0.0096755805356912878 -0.002734810838582959 0.013124566374332201 -0.00083892128813420677 0.014476184486779269 -0.0015667856652643122
leaf_weight=72 66 69 67 88 111 72 68 73 61 381 92 242 107 168 90 779 259 107 880 65 877 83 74 107 200 130 82 90 167 67
leaf_count=72 66 69 67 88 111 72 68 73 61 381 92 242 107 168 90 779 259 107 880 65 877 83 74 107 200 130 82 90 167 67
internal_value=-0.00383859 -0.00408242 -0.00311859 -0.00345248 -0.00376749 0.00837766 -0.00427499 -0.00215429 -0.00681034 -0.00168794 -0.0095 -0.00274799 -0.00214939 0.00912393 -0.00698529 -0.0107714 -0.0040767 -0.0133558 -0.00890641 -0.00294198 -0.00344397 -0.00106656 -0.0084229 -0.00444915 0.00276092 -0.00332051 -0.00775244 0.00079096 0.00813212 0.0021875
internal_weight=5794 5722 4776 4709 4640 183 4457 2432 2025 700 1325 2364 2291 229 471 1233 347 886 946 2184 2119 1242 423 349 819 385 302 172 434 267
internal_count=5794 5722 4776 4709 4640 183 4457 2432 2025 700 1325 2364 2291 229 471 1233 347 886 946 2184 2119 1242 423 349 819 385 302 172 434 267
is_linear=0
shrinkage=0.035


Tree=60
num_leaves=31
num_cat=0
split_feature=123 209 49 261 261 170 11 118 93 247 215 93 104 183 247 27 41 27 214 270 2 103 183 219 59 110 13 215 66 261
split_gain=21.9352 17.0162 16.045 15.0181 24.3088 21.9796 20.1099 23.995 35.2231 30.829 37.0077 24.5795 23.1501 21.4813 20.8223 21.7624 22.2477 22.6977 28.2775 25.3835 19.9547 20.184 26.2044 19.8338 20.5407 18.9206 18.8686 18.6648 18.2116 20.1824
threshold=0.0093896326839747347 9.4313615371341992 1686.0000000000002 447.66999816894537 469.36000061035162 -0.011649996042251585 176.37771151161004 5957.5000000000009 1405.5000000000002 599.69500732421886 -0.031300004571676247 810.00000000000011 1024.0000000000002 0.1106106978197056 600.96499633789074 777.00000000000011 6042.5000000000009 1624.5000000000002 0.04479999095201493 35.685606415076229 6376.6250000000009 57.184249877929695 -0.012555661442584931 -20.966710243550303 37.093349456787116 0.14584999531507495 43.812207720579444 -0.050550013780593865 0.30119998753070837 519.03500366210949
decision_type=2 2 2 2 2 2 2 2 2 2 2 2 2 2 2 2 2 2 2 2 2 2 2 2 2 2 2 2 2 2
left_child=1 2 -1 -2 -5 -6 7 8 12 10 11 -9 26 -13 27 -16 -17 18 -18 -19 21 22 -21 -24 -25 -23 -7 -11 29 -8
right_child=3 -3 -4 4 5 6 28 9 -10 14 -12 13 -14 -15 15 16 17 19 -20 20 -22 25 23 24 -26 -27 -28 -29 -30 -31
leaf_value=0.0016973701378713095 0.0081908794210160483 -0.00097190279827813898 0.01030629239330017 -0.0018812121205087648 0.0096056174723980637 0.00010590284975953519 0.024309870168065208 -0.0062069718269872568 -0.001127402919875552 -0.00082311409729441461 0.015257460865629081 0.018008504087524246 0.0001530907652933339 -0.00039848286924845216 0.027839744184826994 0.0098803647819066826 -0.0013957499336561291 -0.00097956422522735135 0.00024309804011532685 -0.0021913315590199618 0.014883479559906133 -0.0016206719672704347 0.010100553157849477 -0.00044897335901779306 0.00017555368667009994 -0.00020954348343075622 -0.00094877525500070372 -0.0018893019300949862 -0.0010456321935561844 -0.00046446530604710021
leaf_weight=374 107 358 163 211 104 140 65 62 379 62 98 76 383 223 61 67 363 262 134 150 68 116 409 219 178 98 600 68 136 60
leaf_count=374 107 358 163 211 104 140 65 62 379 62 98 76 383 223 61 67 363 262 134 150 68 116 409 219 178 98 600 68 136 60
internal_value=-0.00398345 0.00105 0.00497232 -0.00490314 -0.00519491 -0.00464784 -0.0050212 -0.00560531 -0.00915063 -0.00363001 0.00460129 -0.000669399 -0.00598848 0.00356908 -0.00531195 -0.00445305 -0.00507492 -0.00575175 -0.0122012 -0.0035814 -0.0014642 -0.0025617 -0.000364204 0.00215783 -0.00339552 -0.0121461 -0.00958389 -0.0186667 0.00434211 0.0137308
internal_weight=5794 895 537 4899 4792 4581 4477 4216 1502 2714 459 361 1123 299 2255 2125 2064 1997 497 1500 1238 1170 956 806 397 214 740 130 261 125
internal_count=5794 895 537 4899 4792 4581 4477 4216 1502 2714 459 361 1123 299 2255 2125 2064 1997 497 1500 1238 1170 956 806 397 214 740 130 261 125
is_linear=0
shrinkage=0.035


Tree=61
num_leaves=31
num_cat=0
split_feature=195 261 219 104 203 261 13 71 188 218 27 261 260 49 90 89 270 8 115 270 11 61 169 260 38 13 10 38 55 214
split_gain=21.744 16.2525 15.4276 15.9461 29.5063 19.8615 19.4295 17.8923 17.0579 17.1867 16.6422 15.3663 23.9208 24.1192 24.1523 22.1695 19.0315 20.288 27.7094 21.7691 40.5931 18.7454 15.9454 19.095 28.572 19.2816 28.7382 18.3559 26.25 23.694
threshold=0.0083031061174317303 568.22497558593761 23.265857472844647 184.00000000000003 0.9674712323441973 554.11001586914074 38.614270690149105 2272.5000000000005 -0.045599982142448418 1.9836307022273896 884.00000000000011 528.02999877929699 -0.041709842685783725 4224.0000000000009 0.023529426724303006 15.1818297383195 117.59517811630604 -67.189371306669344 761.00000000000011 129.40757102184679 80.295839725110525 335.50000000000006 11.184768499712932 -0.12367824026632589 2887.0000000000005 81.869720660834417 91.295698359805087 654.00000000000011 0.26944999396801 0.029299981892108921
decision_type=2 2 2 2 2 2 2 2 2 2 2 2 2 2 2 2 2 2 2 2 2 2 2 2 2 2 2 2 2 2
left_child=-1 2 3 8 5 11 7 -7 -2 -10 -11 16 -13 14 -14 -15 21 18 19 -18 -21 22 -5 -24 25 26 27 29 -29 -25
right_child=1 -3 -4 4 -6 6 -8 -9 9 10 -12 12 13 15 -16 -17 17 -19 -20 20 -22 -23 23 24 -26 -27 -28 28 -30 -31
leaf_value=0.0040817478336171937 -3.5566721094761334e-05 0.013498794117993127 0.010758621431828473 0.0064008275596500394 0.012736058480097411 -0.0010289539746659816 0.0086255075540547354 -0.00046107177045006726 0.00025271680904817134 -0.00041237090452068807 -0.0012000274005627505 0.010958131334700503 -0.00018021333607509685 0.021690856301252316 -0.0014821161514493404 -0.0022505255858183571 0.0096532171937812501 0.02289574136824013 -0.002179270852236462 -0.0037586050325671373 0.012040976807936674 0.0056152795590953524 -0.0014131246214473582 0.015332438456165304 0.014491892554980944 0.0044738714787356491 -0.0013932775991898282 -0.0014916272600908236 0.0094247903248435953 -0.0017930188059168228
leaf_weight=414 189 97 65 76 91 207 96 133 78 159 351 183 569 87 209 63 180 61 121 104 138 125 541 114 128 139 380 460 138 98
leaf_count=414 189 97 65 76 91 207 96 133 78 159 351 183 569 87 209 63 180 61 121 104 138 125 541 114 128 139 380 460 138 98
internal_value=-0.00401966 -0.00461467 -0.00487803 -0.00509286 -0.00427463 -0.00469346 -0.011746 -0.0156232 -0.00971228 -0.0126307 -0.0149515 -0.00389385 -0.000407706 -0.00270096 -0.00518519 0.00993548 -0.00527244 0.000229885 -0.00197993 0.00229508 -0.00453441 -0.00678085 -0.00757576 -0.00817773 -0.00605677 -0.00758246 -0.00902092 -0.00523926 -0.00835821 0.00354839
internal_weight=5794 5380 5283 5218 4441 4350 436 340 777 588 510 3914 1111 928 778 150 2803 604 543 422 242 2199 2074 1998 1457 1329 1190 810 598 212
internal_count=5794 5380 5283 5218 4441 4350 436 340 777 588 510 3914 1111 928 778 150 2803 604 543 422 242 2199 2074 1998 1457 1329 1190 810 598 212
is_linear=0
shrinkage=0.035


Tree=62
num_leaves=31
num_cat=0
split_feature=147 22 256 60 10 2 261 99 256 224 12 118 56 160 224 70 4 181 151 93 7 9 115 13 104 80 38 38 271 227
split_gain=22.0854 24.8693 33.1331 23.4725 24.7379 21.331 23.5735 56.6311 26.3176 28.8269 22.9703 19.9323 21.4815 23.1855 19.3256 27.3472 25.3116 18.8465 19.0559 24.4642 19.2581 18.3363 17.445 26.8802 23.7988 16.8389 23.6406 19.5804 16.227 15.3071
threshold=25.486299514770511 0.41164998710155493 77.978322127461396 1004.5000000000001 28.764326206333433 5945.2548828125009 486.75498962402349 0.31534999608993536 70.158667366210153 0.99999999999291433 9.1578774083500196 6032.5000000000009 9.1840813219088684 0.019900005310773853 0.99999999997447431 48.351501464843757 -23.706159319621371 0.16487500071525577 0.19509999826550486 795.50000000000011 -50.996276251409292 97.650222088646231 714.50000000000011 38.614270690149105 1462.5000000000002 -6.7409887863388755 1498.0000000000002 1065.5000000000002 8.6677998532095213 0.066761313476937381
decision_type=2 2 2 2 2 2 2 2 2 2 2 2 2 2 2 2 2 2 2 2 2 2 2 2 2 2 2 2 2 2
left_child=-1 5 -3 4 -4 6 7 21 -9 -10 -8 17 13 22 16 -16 25 -7 29 20 -20 -2 -13 24 28 -15 27 -27 -24 -19
right_child=1 2 3 -5 -6 11 10 8 9 -11 -12 12 -14 14 15 -17 -18 18 19 -21 -22 -23 23 -25 -26 26 -28 -29 -30 -31
leaf_value=-0.0010576702495434336 0.0083885107314662713 0.0097039109504460444 -0.0023626702798754686 -0.0039540168428362161 0.01463729243484637 0.015678054428072657 -0.0011594822804153245 0.012076999624174238 -0.0026173689727957213 -0.00024431612485684764 -0.0004904774004620599 -0.001549457264566354 0.024981935963688293 0.018355600623800358 -0.00020931371094023266 0.00044445170438614073 -0.0015387292946991405 -0.0018616344776005063 -0.0019668797303543837 0.006977251148126396 0.0025363981372737805 0.020373632658989602 -0.00099536479400586463 0.016993668484576611 0.016880661450777167 -0.0011348217497310965 -0.0017929305127709879 0.019376219488228853 0.0033607662058108929 0.00011470430271216415
leaf_weight=990 123 119 67 163 143 65 686 74 122 118 405 78 60 64 351 159 673 91 73 276 64 65 190 72 77 69 120 66 96 75
leaf_count=990 123 119 67 163 143 65 686 74 122 118 405 78 60 64 351 159 673 91 73 276 64 65 190 72 77 69 120 66 96 75
internal_value=-0.0040438 -0.00305677 0.0043662 -0.000833333 0.00683721 -0.00390781 -0.00711827 -0.000828402 -0.00987461 -0.0154286 -0.00999544 -0.00201725 -0.0036851 -0.00431436 -0.00650299 -0.000951456 -0.00933801 0.00334361 0.00125856 0.00527512 -0.00665493 0.0141451 0.00209459 0.00485227 0.000855978 -0.00118827 -0.00525 0.00475 -0.0038488 -0.00859649
internal_weight=5794 4804 492 373 210 4312 1593 502 314 240 1091 2719 2075 2015 1502 510 992 644 579 413 137 188 513 435 363 319 255 135 286 166
internal_count=5794 4804 492 373 210 4312 1593 502 314 240 1091 2719 2075 2015 1502 510 992 644 579 413 137 188 513 435 363 319 255 135 286 166
is_linear=0
shrinkage=0.035


Tree=63
num_leaves=31
num_cat=0
split_feature=123 199 148 270 100 71 61 262 163 7 220 47 5 6 35 160 102 17 274 173 10 261 66 224 24 92 183 247 93 70
split_gain=21.0788 15.4824 16.4 21.066 30.5938 14.4161 14.3054 14.0733 15.8368 17.2097 16.5545 17.836 15.5988 15.2867 15.1325 14.4564 16.8991 20.0962 16.5264 20.6105 27.6437 21.8311 22.369 20.2491 17.0423 16.6013 15.1593 19.0832 17.9801 15.112
threshold=0.0095162991964726131 8.8457749227562079 981.50000000000011 77.027782173599363 22.7706061106277 239.50000000000003 153.50000000000003 0.19209099319406067 -0.26116983251625464 19.40857460425541 12.415238858839912 -9.5229033345918079 -21.537225259831718 -20.308726661685327 0.054549943284331597 0.0092500001192092913 -4.9341334001264894 -3.5441559142163066 0.22283861823035614 0.76062936874342568 17.070521529333423 521.42498779296886 0.17514999955892566 0.99999999998634148 0.050641008069215877 52.015298843383796 0.024838930068944543 588.82501220703136 795.50000000000011 52.222499847412116
decision_type=2 2 2 2 2 2 2 2 2 2 2 2 2 2 2 2 2 2 2 2 2 2 2 2 2 2 2 2 2 2
left_child=1 -1 3 4 6 -5 -3 8 10 12 -2 -12 -10 -13 15 -14 17 -17 24 20 -20 23 25 -22 26 -23 27 -18 -29 -21
right_child=7 2 -4 5 -6 -7 -8 -9 9 -11 11 13 14 -15 -16 16 18 -19 19 29 21 22 -24 -25 -26 -27 -28 28 -30 -31
leaf_value=0.0063798027952772932 0.0084688306524995597 -0.0027903313789312757 -0.0017045588385249295 0.010770557767350485 0.016133790905861103 -0.0019265019301882799 0.010041608060462051 -0.00087772138232042243 -0.0028744492995376662 0.008754490952402539 -0.0015146656132595194 -0.00058283368227606555 0.0056984422459945066 0.0085180221367424924 1.3650434258061507e-05 -0.00026779424151709004 0.0049939835837844709 -0.001526612436174561 -0.0011123154998657801 -0.00018301740786270227 0.0042324805522288827 -0.00067523794207154607 0.012372226501540474 -0.00084225453175453219 -0.00019737460269082826 0.0070738569644269557 -0.0012150617262589064 -0.0021735353856621093 0.0023728253816687464 -0.0017205200279134065
leaf_weight=108 251 123 219 60 153 218 62 890 156 62 197 237 112 115 574 120 77 281 98 206 85 103 117 97 316 126 359 125 84 63
leaf_count=108 251 123 219 60 153 218 62 890 156 62 197 237 112 115 574 120 77 281 98 206 85 103 117 97 316 126 359 125 84 63
internal_value=-0.00393516 0.000849156 -0.000791667 0.00214171 0.00795918 -0.004947 -0.00165789 -0.00486512 -0.00396243 -0.00507423 0.000434783 -0.00296931 -0.0054462 0.00176471 -0.00485583 -0.00608888 -0.00669982 -0.0131897 -0.00526599 -0.00182778 0.00166403 0.00485929 0.00997151 -0.00486631 -0.00844203 0.00344017 -0.0116846 -0.00553265 -0.0109579 -0.00983577
internal_weight=5794 943 835 616 338 278 185 4851 3961 3161 800 549 3099 352 2943 2369 2257 401 1856 895 626 528 346 182 961 229 645 286 209 269
internal_count=5794 943 835 616 338 278 185 4851 3961 3161 800 549 3099 352 2943 2369 2257 401 1856 895 626 528 346 182 961 229 645 286 209 269
is_linear=0
shrinkage=0.035


Tree=64
num_leaves=31
num_cat=0
split_feature=272 147 6 195 27 2 93 52 13 260 104 261 63 215 100 232 261 220 220 271 49 49 216 171 13 1 270 173 271 24
split_gain=19.6245 20.6246 22.1272 18.8836 17.3306 15.2204 17.2534 14.5327 20.8613 21.0394 20.9502 18.4493 27.1832 20.5517 20.4566 24.6662 20.4058 18.599 35.3527 19.5126 18.2849 27.058 20.6302 23.9059 28.4946 20.4324 21.0355 23.8502 23.2826 19.67
threshold=-0.0142500102519989 24.233849525451664 32.839817342794497 0.0076212341274523778 7536.0000000000009 5209.8549804687509 30.000000000000004 5477.5000000000009 111.76994093397482 -0.55848522612424423 6639.0000000000009 486.14500427246099 5707.5000000000009 -0.045500002801418298 24.641905775369853 23.839473597975783 521.42498779296886 45.735509831592331 23.559855872125279 9.1212799559571511 1720.5000000000002 1996.5000000000002 25.484427472481197 0.16967500001192096 24.605837353133388 697.50000000000011 65.902060907381099 0.36217181570938467 6.8699830247789011 0.056608802826635198
decision_type=2 2 2 2 2 2 2 2 2 2 2 2 2 2 2 2 2 2 2 2 2 2 2 2 2 2 2 2 2 2
left_child=-1 -2 3 -3 5 -5 -7 -8 9 -9 11 13 -13 -11 16 -16 17 18 -14 -20 22 -22 -18 24 -24 -23 27 -27 -28 -29
right_child=1 2 -4 4 -6 6 7 8 -10 10 -12 12 14 -15 15 -17 20 -19 19 -21 21 25 23 -25 -26 26 28 29 -30 -31
leaf_value=0.0090330739832277743 -0.0014290363039232753 0.0047437629438193225 0.0092468385644513974 0.011195324660024826 0.0031114131649980174 -0.0024918173391740741 -0.0011519305118208752 -0.0014610220262094074 0.0099211953357359849 0.009394262876228663 0.0083998515079245061 -0.0016937542682270109 -0.0017504282676350633 -0.0026696746569739296 0.015742377444948108 -0.0012010227983942758 -0.00097539239928496344 -0.00085536031032814664 0.016502144431683817 -0.00041654159951985768 -0.0015321762112334271 -0.0011980636463855732 0.032859927389912454 -0.00048556165386563456 0.00088213553640637639 -0.001135205031549376 0.028797417519738081 0.00032256905466659052 -1.0242194107981663e-06 -0.00027591911560501841
leaf_weight=72 704 220 88 61 136 70 213 164 120 178 64 185 209 123 120 76 109 323 65 62 217 440 72 570 249 202 89 183 194 216
leaf_count=72 704 220 88 61 136 70 213 164 120 178 64 185 209 123 120 76 109 323 65 62 217 440 72 570 249 202 89 183 194 216
internal_value=-0.00394723 -0.0041802 -0.00338642 -0.00370213 -0.00417179 -0.00454029 -0.00477977 -0.00449303 -0.00403306 -0.00445687 -0.00393318 -0.00426807 -0.00496793 0.00400327 -0.00423993 0.00661692 -0.0049142 -0.010384 -0.00451613 0.00981061 -0.003478 -0.00586352 0.000208955 0.00199219 0.00955521 -0.00395034 -0.000866142 -0.00456271 0.00692708 0.000433168
internal_weight=5794 5722 5018 4930 4710 4574 4513 4443 4230 4110 3946 3882 3581 301 3396 196 3200 659 336 127 2541 1541 1000 891 321 1324 884 601 283 399
internal_count=5794 5722 5018 4930 4710 4574 4513 4443 4230 4110 3946 3882 3581 301 3396 196 3200 659 336 127 2541 1541 1000 891 321 1324 884 601 283 399
is_linear=0
shrinkage=0.035


Tree=65
num_leaves=31
num_cat=0
split_feature=17 123 209 6 197 49 118 183 143 11 110 247 93 256 33 209 273 126 247 27 148 8 122 160 27 8 48 99 104 60
split_gain=20.3573 20.8484 18.3129 17.887 14.3234 16.8716 14.109 26.3599 24.8052 22.1524 25.5732 21.5696 21.2396 25.8572 20.587 17.8571 17.6975 16.9305 15.9699 20.4284 19.3535 27.397 17.6619 17.1057 16.922 22.8937 22.4406 21.6466 15.2757 14.3443
threshold=49.104729152659182 0.0093341521968922907 9.4313615371341992 36.270192274814278 -0.0090730534449392098 1642.5000000000002 5957.5000000000009 -0.071826601800086001 0.2006499990820885 174.91398454555909 0.181149996817112 599.69500732421886 795.50000000000011 47.139514876642657 0.40029999613761907 7.7600398625528255 0.32230329293396559 581.50000000000011 600.96499633789074 777.00000000000011 1133.5000000000002 -90.726762898361798 20.187745123328607 0.019500009715557102 1728.0000000000002 -30.175425352884087 39.973199844360359 0.1147499978542328 103.00000000000001 1080.5000000000002
decision_type=2 2 2 2 2 2 2 2 2 2 2 2 2 2 2 2 2 2 2 2 2 2 2 2 2 2 2 2 2 2
left_child=1 2 4 6 -1 -6 7 8 -3 10 -9 12 -8 -14 -11 -12 17 -10 29 -20 21 -21 -22 24 -23 26 -26 -27 -17 -13
right_child=-2 3 -4 -5 5 -7 11 9 16 14 15 18 13 -15 -16 28 -18 -19 19 20 22 23 -24 -25 25 27 -28 -29 -30 -31
leaf_value=-0.0044346501781652396 -0.0042056976196889395 0.02388543154427707 -0.001097421163303542 0.0092614294010368477 0.004158479514589572 0.011941261901297538 -0.0015843186509669732 0.012044468224051703 0.0011662221243382805 0.016990546465347173 -0.0001706499110169138 -0.001921217385611943 -0.00027902654106119865 0.014341832653535369 -0.00077245805522939306 -0.00026125033509630751 0.0090893726865615126 -0.0012348811996772543 0.025554545602756044 0.019465915753989631 -0.0018081816070385703 -0.0014835550194180821 -0.00063797119563402209 -0.00035304032856117609 0.024458194757622256 -0.000977659585207323 -0.00081670154420725757 0.0085044042258839818 -0.001298503681675806 -0.00054247455145717391
leaf_weight=73 88 62 335 66 292 147 94 60 110 61 118 72 187 216 95 149 116 627 63 99 234 108 162 1173 112 90 61 66 598 60
leaf_count=73 88 62 335 66 292 147 94 60 110 61 118 72 187 216 95 149 116 627 63 99 234 108 162 1173 112 90 61 66 598 60
internal_value=-0.00405587 -0.00378743 0.00127347 -0.00467002 0.00541586 0.00780405 -0.00492393 -0.00717141 -0.00277717 -0.010861 -0.0129086 -0.00331014 0.00327689 0.00677696 0.00130435 -0.0144425 -0.0043648 -0.00636792 -0.00473753 -0.00399448 -0.00459479 -0.00296091 -0.0115212 -0.0040743 0.00182127 0.00576347 0.0143539 -0.00391304 -0.0164295 -0.0163504
internal_weight=5794 5706 847 4859 512 439 4793 1996 915 1081 925 2797 497 403 156 865 853 737 2300 2168 2105 1709 396 1610 437 329 173 156 747 132
internal_count=5794 5706 847 4859 512 439 4793 1996 915 1081 925 2797 497 403 156 865 853 737 2300 2168 2105 1709 396 1610 437 329 173 156 747 132
is_linear=0
shrinkage=0.035


Tree=66
num_leaves=31
num_cat=0
split_feature=17 123 209 6 197 125 107 262 170 253 256 27 151 132 181 257 8 71 264 93 261 93 256 270 260 13 173 138 22 33
split_gain=20.5417 20.2543 18.3873 15.7283 14.5339 16.3107 14.2443 13.8226 15.7566 12.7159 11.9635 18.24 13.8908 26.2522 23.9797 21.0119 19.2401 13.7335 12.494 12.2982 11.5578 18.5295 24.1942 18.4713 24.7467 20.3127 17.9287 20.5317 19.1094 15.5935
threshold=49.104729152659182 0.0092937061989154333 9.4313615371341992 36.270192274814278 -0.0090730534449392098 50.350599288940437 6177.5000000000009 0.19209099319406067 -0.010149985551834105 1.2065144479112002 14.750341774785634 7536.0000000000009 0.13770000077784064 0.1552500054240227 0.11777500063180925 4.2779733692165234 -31.485493479881111 2129.0000000000005 0.21346048632742146 5203.0000000000009 522.28248596191418 1556.5000000000002 78.400011688839257 63.123660806738513 -0.041709842685783725 40.726743532153158 0.35507000903308267 12.500000000000002 0.14684999734163287 0.26944999396801
decision_type=2 2 2 2 2 2 2 2 2 2 2 2 2 2 2 2 2 2 2 2 2 2 2 2 2 2 2 2 2 2
left_child=1 2 4 7 -1 -6 -4 8 -3 -9 -10 12 14 -14 15 16 -12 -16 -18 20 21 -15 -23 24 -22 -25 28 -28 -26 -27
right_child=-2 3 6 -5 5 -7 -8 9 10 -11 11 -13 13 19 17 -17 18 -19 -20 -21 23 22 -24 25 26 29 27 -29 -30 -31
leaf_value=-0.0042794374219294563 -0.0040584982029998277 0.0084335793609003236 -0.0017079068685374144 0.0089372793720005565 0.0044417104453772314 0.015193199855554354 0.0063835643605239254 -0.001057947761927859 -0.00049349429332025299 0.00022661664148096897 0.013342046272576112 0.007216091752537874 -0.0011931551796998678 -0.00056026854100271696 -0.00051197185103989465 -0.00086160066843029139 -0.00030356316428098109 0.0048020092673915641 4.7387274703848406e-05 0.0041579683814640745 0.013383583035980166 -0.0013832745077189126 0.0039844084394576925 0.01989436876590377 -9.6185672777489862e-05 0.0048289216135236268 0.0003605009144560856 -0.00091793556872355722 -0.0018765812313079446 -0.0050253996042641837
leaf_weight=73 88 107 250 66 328 103 72 781 149 106 60 75 198 1294 61 63 62 127 67 69 88 303 60 92 118 251 235 138 237 73
leaf_count=73 88 107 250 66 328 103 72 781 149 106 60 75 198 1294 61 63 62 127 67 69 88 303 60 92 118 251 235 138 237 73
internal_value=-0.00398345 -0.00371389 0.00134777 -0.00457114 0.00550098 0.00794725 -0.00513761 -0.00480805 -0.00390768 -0.00875 -0.00428235 -0.00387514 -0.00423771 -0.00504904 0.00157303 -0.00544747 0.000541237 0.0108808 -0.00705224 -0.0042052 -0.00455943 -0.0064651 -0.0134103 -0.0019806 -0.00503045 0.0039905 -0.00716235 -0.00175926 -0.0127361 -0.000212766
internal_weight=5794 5706 826 4880 504 431 322 4814 3927 887 3820 3671 3596 3156 440 252 189 188 129 2958 2889 1657 363 1232 816 416 728 373 355 324
internal_count=5794 5706 826 4880 504 431 322 4814 3927 887 3820 3671 3596 3156 440 252 189 188 129 2958 2889 1657 363 1232 816 416 728 373 355 324
is_linear=0
shrinkage=0.035


Tree=67
num_leaves=31
num_cat=0
split_feature=272 9 4 129 137 137 49 256 60 137 256 102 49 107 225 35 150 82 126 260 270 247 33 111 121 261 52 231 99 74
split_gain=17.5402 21.4945 22.4453 30.5236 20.5717 28.5566 20.057 25.4525 19.0959 26.1415 26.4498 15.5952 18.81 16.4718 23.7594 18.7807 15.8006 15.2546 21.3066 21.2095 20.4948 23.5493 41.7007 21.1728 21.019 17.4851 23.0501 18.3948 17.3892 17.1728
threshold=-0.0142500102519989 -14.596503671161994 -18.543565772619239 6362.5000000000009 3482.5000000000005 1929.5000000000002 3288.5000000000005 28.667474177647374 790.50000000000011 1375.0000000000002 91.47904468781654 -5.0076006950373326 1398.5000000000002 6237.5000000000009 0.10048783430988388 0.062828975594847805 0.025199997704476122 637.00000000000011 672.00000000000011 -0.20966225616875153 63.123660806738513 591.05999755859386 0.27805000543594366 38.367809515719365 0.16974999755620959 487.16000366210943 5487.5000000000009 1.4740046840916456 0.19184999912977221 6052.5000000000009
decision_type=2 2 2 2 2 2 2 2 2 2 2 2 2 2 2 2 2 2 2 2 2 2 2 2 2 2 2 2 2 2
left_child=-1 -2 3 4 5 6 7 -3 -9 10 -10 12 -4 15 -15 17 -14 18 25 -19 28 22 -22 -24 29 26 -13 -27 -21 -23
right_child=1 2 11 -5 -6 -7 -8 8 9 -11 -12 13 16 14 -16 -17 -18 19 -20 20 21 24 23 -25 -26 27 -28 -29 -30 -31
leaf_value=0.0082472349197434749 -0.0023195654064200513 0.012163090778374743 -0.0013351579470539591 0.027197590554111702 0.01691554883460716 -0.0020364759882981497 -0.0023529872624193982 0.0064426061819174967 -0.0015704102596886891 0.019266435572606235 0.010256953445995762 -0.00074079415732312395 0.006597830542449769 -9.831705605231612e-06 -0.0010509905801782255 0.0031260184589599633 -0.00082375559095196815 -0.00090760398967407933 -0.0016672172485430866 -2.8644523723401207e-05 -0.0013042497385740055 -0.0035446751982462512 0.020727286504998818 -0.00048356770464988213 0.012978468121968498 0.0002779658034726779 0.011168810519926253 -0.00076446692518937324 -0.0011737962459490105 0.022429827646720777
leaf_weight=72 415 119 356 62 80 90 116 348 622 63 180 76 124 171 244 106 302 220 153 342 60 70 74 131 212 115 129 575 101 66
leaf_count=72 415 119 356 62 80 90 116 348 622 63 180 76 124 171 244 106 302 220 153 342 60 70 74 131 212 115 129 575 101 66
internal_value=-0.00389895 -0.00411909 -0.00351186 -0.000166172 -0.00112138 -0.00204148 -0.000818995 0.000418848 -0.00112069 -0.0039023 -0.00563817 -0.0050592 -0.00942821 -0.00384386 -0.01025 -0.00273101 -0.00438515 -0.00339631 -0.00651472 -0.000819672 0.00125353 0.00538026 -0.00246296 0.00516667 0.0113031 -0.00439444 0.0045 -0.00705036 -0.00445313 0.000496454
internal_weight=5794 5722 5307 1680 1618 1538 1448 1332 1213 865 802 3627 782 2845 415 2430 426 2324 1048 1276 1056 613 265 205 348 895 205 690 443 136
internal_count=5794 5722 5307 1680 1618 1538 1448 1332 1213 865 802 3627 782 2845 415 2430 426 2324 1048 1276 1056 613 265 205 348 895 205 690 443 136
is_linear=0
shrinkage=0.035


Tree=68
num_leaves=31
num_cat=0
split_feature=17 195 13 13 261 201 213 260 35 200 6 20 49 111 183 98 183 183 48 231 159 10 170 82 55 270 82 12 13 11
split_gain=17.5415 19.0324 20.2247 30.144 15.4285 15.1395 24.0674 20.1069 16.1342 15.8054 14.7358 16.5956 18.7951 17.3908 14.3188 11.8583 14.1328 26.4635 15.7562 13.7669 11.2809 10.2462 17.5742 14.5011 17.9958 22.2866 16.3142 15.3388 14.9804 17.9532
threshold=49.104729152659182 0.009689250385068857 27.145230490229938 41.799438600028544 568.22497558593761 0.32775000482797628 9.1921763806085952 0.15409034993318937 0.022059118597272016 -0.050399973988533013 36.270192274814278 95.303884762445463 445.50000000000006 49.073337490098304 -0.39478403091425812 0.52614998817443859 0.71027437067354426 0.67115810740330406 46.024000167846687 0.95193333452425766 12.868881708681565 34.475273614520013 0.0011499971151351931 1174.0000000000002 0.30374999344348913 79.971188631995076 1871.5000000000002 10.915712238878834 49.246852473388302 100.91101596296078
decision_type=2 2 2 2 2 2 2 2 2 2 2 2 2 2 2 2 2 2 2 2 2 2 2 2 2 2 2 2 2 2
left_child=1 2 -1 -4 10 7 8 14 -7 -8 11 13 -13 15 -5 16 17 21 19 -18 -21 22 -3 27 25 26 -25 -23 -29 -30
right_child=-2 4 3 5 -6 6 9 -9 -10 -11 -12 12 -14 -15 -16 -17 18 -19 -20 20 -22 23 -24 24 -26 -27 -28 28 29 -31
leaf_value=-0.0028907533339121924 -0.0039888780505179765 0.010816632952416128 0.014532690279169903 0.013163954369050381 0.012554237363869963 0.0086412702472548671 -0.00053074931213988714 0.0082441037496920298 -0.00059141457320824548 -0.0045697522908904305 0.009305979821412784 0.0097439379679160592 -0.0016516394323468611 -0.001032295997634282 -0.0019748266868407889 -8.5112974659437015e-05 0.00020896970057367376 0.015126978629181342 -0.0015964551807512114 -0.00021884409143231644 -0.00086789774723048676 -0.00079655456186883194 -0.0013857170174193213 0.00078216776595004314 -0.001121136194491993 0.016126584586162309 -0.0014402477634080911 0.012011732851913872 -0.0019977351416196189 0.00048345471936363634
leaf_weight=63 88 108 110 67 86 66 88 115 141 110 67 113 64 162 93 824 84 75 71 159 381 783 821 261 185 162 176 73 94 104
leaf_count=63 88 108 110 67 86 66 88 115 141 110 67 113 64 162 93 824 84 75 71 159 381 783 821 261 185 162 176 73 94 104
internal_value=-0.00371788 -0.00346874 0.00134615 0.00290566 -0.00431556 0.00010219 -0.00418293 0.006375 0.00412736 -0.0127586 -0.00458403 -0.0048204 0.00557692 -0.00523299 -0.00169697 -0.00480188 -0.00568182 -0.00457323 -0.01015 -0.00823529 -0.0102752 -0.00513889 -0.00813169 -0.00360825 0 0.0029553 -0.00118778 -0.00627951 0.000887681 -0.00413793
internal_weight=5794 5706 853 790 4853 680 405 275 207 198 4767 4700 177 4523 160 4361 3537 2842 695 624 540 2767 929 1838 784 599 437 1054 271 198
internal_count=5794 5706 853 790 4853 680 405 275 207 198 4767 4700 177 4523 160 4361 3537 2842 695 624 540 2767 929 1838 784 599 437 1054 271 198
is_linear=0
shrinkage=0.035


Tree=69
num_leaves=31
num_cat=0
split_feature=136 213 6 258 129 115 150 30 159 107 60 99 13 136 256 270 115 261 13 71 114 22 260 159 270 4 25 11 231 257
split_gain=17.7707 24.8535 22.893 16.9909 15.0258 25.0064 23.343 21.1742 20.499 16.8366 36.7906 29.7895 29.6354 22.5135 21.0787 17.6684 15.9884 20.1601 22.9623 27.2546 21.9274 16.1984 24.9512 19.5939 15.9757 20.0358 21.1692 26.5034 15.9573 15.7448
threshold=25.449449539184574 8.7409762184268924 32.839817342794497 0.029300019145011905 5922.5000000000009 648.00000000000011 0.056500010192394264 5447.5000000000009 11.569220573108872 6182.5000000000009 1625.5000000000002 0.12814999371767047 43.812207720579444 40.282999038696296 39.93875066610255 32.349875087200935 3467.5000000000005 528.02999877929699 53.761427584183757 1271.0000000000002 38.540948867797859 0.16424999386072162 -0.19963347315435162 13.15280809824214 52.946319753846709 -23.706159319621371 -7.587118350355234 51.717677557007327 7.0455629529059269 4.9523437455470978
decision_type=2 2 2 2 2 2 2 2 2 2 2 2 2 2 2 2 2 2 2 2 2 2 2 2 2 2 2 2 2 2
left_child=-1 3 4 -2 5 6 29 -8 -7 10 11 -6 24 14 -12 -13 17 21 19 -19 -21 23 -23 -17 25 -11 27 -27 -22 -3
right_child=1 2 -4 -5 9 8 7 -9 -10 12 13 15 -14 -15 -16 16 -18 18 -20 20 28 22 -24 -25 -26 26 -28 -29 -30 -31
leaf_value=-0.0010729562816794603 0.011486986495099926 -0.0012137048588875216 0.010365307264285785 -0.00060833934931387118 0.0013062307326121871 0.00030538908649843741 -0.0019090795361503515 0.0094532512427075652 -0.0011796446829717576 0.011003866144774731 0.016457988732119438 -0.0010002784199286906 0.015639935444746705 -0.0022539105500184215 0.00098139080222919405 -0.00021947044940587469 -0.003208809462288778 -0.0016936230273722199 0.010216986583282179 -0.0014602942818170515 0.0062614430646493616 -0.001983532583402039 0.0042335423824468119 -0.0028137816477244999 -0.00071431024606217228 -0.002782745735014283 0.0020171687203392541 9.3071789285322515e-05 -0.00072672066805284864 -0.00036704711122031942
leaf_weight=961 99 280 75 63 111 84 60 163 730 100 185 86 99 81 184 91 125 75 91 66 207 72 265 129 380 167 71 78 86 530
leaf_count=961 99 280 75 63 111 84 60 163 730 100 185 86 99 81 184 91 125 75 91 66 207 72 265 129 380 167 71 78 86 530
internal_value=-0.0036696 -0.00279971 -0.00327096 0.010479 -0.00359052 -0.00602862 -0.00239403 0.00752193 -0.0105983 -0.00194444 -3.76547e-05 -0.0028318 -0.00587222 0.00861538 0.0122594 -0.00434129 -0.00320545 -0.00180313 0.00310377 -0.000318907 0.00375 -0.00641459 -0.00153509 -0.0136889 -0.00812734 -0.00332542 -0.0076324 -0.01246 0.00786913 -0.00515337
internal_weight=5794 4833 4671 162 4596 1847 1033 223 814 2749 1854 1404 895 450 369 1293 1207 1082 525 434 359 557 337 220 796 416 316 245 293 810
internal_count=5794 4833 4671 162 4596 1847 1033 223 814 2749 1854 1404 895 450 369 1293 1207 1082 525 434 359 557 337 220 796 416 316 245 293 810
is_linear=0
shrinkage=0.035


Tree=70
num_leaves=31
num_cat=0
split_feature=9 4 55 256 137 199 232 71 115 256 49 213 231 88 11 102 92 137 247 150 5 11 91 82 20 2 163 221 270 270
split_gain=17.836 24.1289 28.2039 18.3159 19.9006 20.8888 18.0707 17.904 32.532 17.825 39.9038 14.6322 14.5791 14.8892 14.3479 14.3347 21.2383 17.3089 21.2168 16.6435 16.4194 22.1845 14.5526 13.9108 13.5872 17.0037 13.4492 15.9612 13.4422 19.8174
threshold=-14.596503671161994 -18.543565772619239 0.14025000482797625 117.08052463533404 3482.5000000000005 9.9323409771636708 17.192302619356564 2203.5000000000005 1814.5000000000002 82.868051956814426 544.50000000000011 9.817766246195573 1.559088550380783 0.11995000019669534 75.55286693345171 -5.0076006950373326 42.279300689697273 345.00000000000006 561.45001220703136 0.018399991095066074 80.823314760257276 111.11915229736532 -3.0157840664726367 857.50000000000011 27.187504801744481 6243.0598144531259 0.11547627071091517 32.683472323967685 120.43191194236658 129.52264535446056
decision_type=2 2 2 2 2 2 2 2 2 2 2 2 2 2 2 2 2 2 2 2 2 2 2 2 2 2 2 2 2 2
left_child=9 2 -2 4 5 6 23 24 11 10 -1 -9 13 14 -3 19 20 18 -18 -14 21 -17 -20 -4 -7 26 28 -28 -26 -30
right_child=1 12 3 -5 -6 7 -8 8 -10 -11 -12 -13 15 -15 -16 16 17 -19 22 -21 -22 -23 -24 -25 25 -27 27 -29 29 -31
leaf_value=0.011695371905970992 0.013727387521235358 -0.00063776459323611656 0.0018691409614447953 0.015413490364448163 0.01858555333919331 -0.0025411112368708545 -0.0013064394977192343 0.0028098882516079207 -0.0016969995886466169 -0.0028123871198910788 -0.0023845637784315702 0.020903238433949169 0.0091511401683319823 0.0001224255836908722 2.2285169166060274e-05 0.00039819481714192589 -0.0030310869016633838 -0.00060912445919904311 -0.00037106511472858374 -0.0013210741304807213 0.0062337496697035975 -0.0018491641540769705 0.0086966270233184567 0.015266234472355179 -0.001804813402433993 0.0063270326146641657 -0.0017213280999558236 0.010139205570376687 0.014177282872877414 -0.0036947020720787551
leaf_weight=93 72 78 65 105 70 65 106 73 114 158 186 71 80 493 63 133 75 1699 95 541 144 69 161 64 423 73 110 182 72 61
leaf_count=93 72 78 65 105 70 65 106 73 114 158 186 71 80 493 63 133 75 1699 95 541 144 69 161 64 423 73 110 182 72 61
internal_value=-0.00376617 -0.00320496 0.000202195 -0.000759494 -0.00173423 -0.00261792 0.00685417 -0.00442754 0.00372624 -0.0105317 -0.00505282 0.0145638 -0.00482261 0 -0.00982877 -0.00584111 -0.00458631 -0.00595086 0.00135417 -0.0105671 0.00339031 -0.00304348 0.00616858 0.0154104 -0.00656912 -0.00540497 -0.00681125 -0.000707071 -0.00998217 -0.000253623
internal_weight=5794 5357 1726 1654 1549 1479 235 1244 258 437 279 144 3631 634 141 2997 2376 2030 331 621 346 202 256 129 986 921 848 292 556 133
internal_count=5794 5357 1726 1654 1549 1479 235 1244 258 437 279 144 3631 634 141 2997 2376 2030 331 621 346 202 256 129 986 921 848 292 556 133
is_linear=0
shrinkage=0.035


Tree=71
num_leaves=31
num_cat=0
split_feature=240 123 209 197 26 262 150 111 126 13 55 55 2 270 104 71 183 104 247 222 48 47 134 155 227 7 23 93 44 59
split_gain=15.8582 17.0773 17.4502 15.8864 16.7894 13.4243 13.9937 21.6901 27.2286 20.8261 24.0538 18.0036 17.8114 33.3119 18.1807 20.3373 16.7729 16.8651 21.8789 16.5245 16.3829 16.3599 18.9347 16.091 16.7967 15.0241 14.352 16.1742 14.2167 18.5692
threshold=49.104729152659182 0.0092937061989154333 9.4313615371341992 -0.0090730534449392098 31.566450119018558 0.19188648731294225 0.042249992489814765 17.331362272734719 64.500000000000014 36.343719045309768 0.1446500048041344 0.19064999371767047 6084.8798828125009 50.75306134127036 1553.5000000000002 2143.0000000000005 0.65354890341240013 1004.5000000000001 574.35501098632824 6.6137060796406368 45.894950866699226 -9.0540902564794852 0.013929217850838732 0.031260297710039429 0.050377357556641307 -12.926140264974451 5.7277695141885383 217.50000000000003 0.20185000449419024 44.362499237060554
decision_type=2 2 2 2 2 2 2 2 2 2 2 2 2 2 2 2 2 2 2 2 2 2 2 2 2 2 2 2 2 2
left_child=1 2 3 -1 -5 6 9 19 -9 11 -11 12 13 -3 -14 -16 17 20 -19 -8 25 26 -23 -20 -25 -10 27 -12 29 -18
right_child=-2 5 -4 4 -6 -7 7 8 16 10 21 -13 14 -15 15 -17 28 18 23 -21 -22 22 -24 24 -26 -27 -28 -29 -30 -31
leaf_value=-0.0040268138516727078 -0.0038559817875632608 0.053091000706093933 -0.0010163921407872637 0.0031286252042044289 0.014715511333352535 -0.00079122931178107097 -0.0001379283561616207 -0.001439786992553826 -0.001529804893606816 0.017710909299816717 -0.0022872136935342558 -0.0013968337901891898 -0.0004424972896059515 -0.00024626928361113997 -0.0014035130006768777 0.020796192098939608 0.0084348865578754637 0.0061958359303175116 -0.0018850370464523843 -0.0019141457555658106 0.0013612369580499135 -0.00018133116017820169 0.010172480038130942 0.0053645300666733536 -0.0010857325061312975 5.8907937726253029e-05 0.013495092361064571 -0.00029986441524155588 -0.00087777729922545523 -0.00095560353320560398
leaf_weight=73 88 60 322 319 112 914 131 124 483 89 93 159 557 70 66 75 187 66 161 110 63 278 203 135 258 71 61 325 70 71
leaf_count=73 88 60 322 319 112 914 131 124 483 89 93 159 557 70 66 75 187 66 161 110 63 278 203 135 258 71 61 325 70 71
internal_value=-0.00370581 -0.00346874 0.0011793 0.00522593 0.0077867 -0.00425589 -0.00336691 -0.00549871 -0.00407025 -0.00133758 0.00209203 -0.0049748 -0.00285714 0.00881481 -0.00507824 0.00599315 -0.00278662 -0.00464976 -0.00056 -0.0152236 -0.00872186 0.000435233 0.00496914 -0.00288014 0.000967337 -0.010644 -0.0041219 -0.0064539 0.0042042 0.00798479
internal_weight=5794 5706 826 504 431 4880 3966 1930 1689 2036 1049 987 828 130 698 141 1565 1237 620 241 617 960 481 554 393 554 479 418 328 258
internal_count=5794 5706 826 504 431 4880 3966 1930 1689 2036 1049 987 828 130 698 141 1565 1237 620 241 617 960 481 554 393 554 479 418 328 258
is_linear=0
shrinkage=0.035


Tree=72
num_leaves=31
num_cat=0
split_feature=272 9 5 71 49 82 146 82 270 242 66 256 92 256 214 163 150 222 136 170 173 8 203 153 271 223 256 7 222 148
split_gain=15.4308 22.2645 24.2642 21.4743 17.7675 15.1285 22.0724 17.1509 14.6976 18.9011 65.7839 25.483 23.3513 21.6461 21.0888 22.0474 22.1153 22.1162 26.4195 20.9292 20.5801 18.4441 21.0686 17.7757 17.7329 18.4593 17.45 16.5023 19.5072 19.4731
threshold=-0.0142500102519989 -14.596503671161994 -4.507833322258274 2203.5000000000005 1567.5000000000002 1045.5000000000002 -0.7985223638882758 455.50000000000006 37.821258477137221 47.443112479828919 0.24405000358819964 49.468467901799691 54.956550598144538 59.255203295614955 0.048449993133544929 0.32657153574261022 0.039749994874000556 12.134862727856609 34.46260070800782 0.0047499984502792367 0.52056283835102546 -6.7480164037723904 0.97012632223283457 0.57431405879987318 6.8699830247789011 10.555928638518258 62.734972918432398 -18.821085638487236 35.24614397991629 514.50000000000011
decision_type=2 2 2 2 2 2 2 2 2 2 2 2 2 2 2 2 2 2 2 2 2 2 2 2 2 2 2 2 2 2
left_child=-1 -2 3 4 5 7 -7 -3 -4 10 11 14 13 -11 15 19 17 21 -19 -10 -14 22 -17 -21 -18 -26 -15 28 -28 -30
right_child=1 2 8 -5 -6 6 -8 -9 9 12 -12 -13 20 26 -16 16 24 18 -20 23 -22 -23 -24 -25 25 -27 27 -29 29 -31
leaf_value=0.0067287992144743278 -0.0020528005519209144 0.011484158947016218 -0.00079499501396258288 0.011792335469907862 -0.001250031125901625 0.017793952950341991 -0.0019661291315874511 -0.0012710080863206465 0.012310411524253849 -0.0013046223880482653 0.028695729756866024 0.015683817588049875 0.0050715005206118371 0.0049876279619577519 0.0078529539490240757 -0.00013501801753696449 5.0999659875611287e-06 0.028066905435341589 -0.00011317496462278754 -0.0014165581755862134 -0.0010355271764830216 -0.00082639509566079575 0.011353502325858951 0.012373116371321689 -0.0026688521409694464 -8.4322455658432667e-05 -0.0010487792948990721 0.00018018057591301487 0.010697848324082415 -0.0013508578426178464
leaf_weight=72 415 79 424 103 137 141 70 131 62 506 81 77 278 92 124 220 224 90 68 522 74 69 63 65 139 83 979 227 60 119
leaf_count=72 415 79 424 103 137 141 70 131 62 506 81 77 278 92 124 220 224 90 68 522 74 69 63 65 139 83 979 227 60 119
internal_value=-0.00377824 -0.00398463 -0.00336691 0.00289039 0.000124334 0.00369718 0.0102083 -0.00293023 -0.0042593 -0.00362669 -0.00101744 -0.00243512 -0.00572863 -0.0072007 -0.00333045 -0.00441304 -0.00101977 0.00394175 0.0146012 -0.00936544 0.00254902 -0.000980392 0.00303819 -0.0114105 -0.00667406 -0.0135683 -0.00503036 -0.00601799 -0.00770421 0.00285326
internal_weight=5794 5722 5307 661 558 421 211 210 4646 4222 1887 1806 2335 1983 1729 1605 956 510 158 649 352 352 283 587 446 222 1477 1385 1158 179
internal_count=5794 5722 5307 661 558 421 211 210 4646 4222 1887 1806 2335 1983 1729 1605 956 510 158 649 352 352 283 587 446 222 1477 1385 1158 179
is_linear=0
shrinkage=0.035


Tree=73
num_leaves=31
num_cat=0
split_feature=126 126 213 222 6 166 63 261 71 13 82 38 52 10 11 247 38 38 11 122 58 225 270 230 281 27 181 11 8 9
split_gain=13.9033 27.7698 22.3876 18.8074 16.3796 16.0047 15.9816 23.6213 17.1078 22.0077 26.9626 22.0724 19.1313 20.5714 19.0163 18.2061 28.3131 24.0936 20.0922 19.9792 17.9939 16.4683 20.005 16.2796 16.0508 14.7279 20.1424 14.6389 14.0318 13.2537
threshold=74.500000000000014 150.00000000000003 8.7409762184268924 5.8583698934062287 -0.49233257494324928 -0.38983098201175842 5627.5000000000009 486.14500427246099 214.00000000000003 88.994050390192243 2255.5000000000005 2338.0000000000005 6107.5000000000009 74.697233716498985 57.478759203538594 592.85000610351574 1664.0000000000002 1599.5000000000002 84.24763546316062 38.057858220181195 -5.5491530613238451 0.080928412348588566 86.353496060854937 -1.244406836715118 1.0000000180025095e-35 953.50000000000011 0.30897499620914465 126.13084717551634 -70.688635814651846 4.5889905926952137
decision_type=2 2 2 2 2 2 2 2 2 2 2 2 2 2 2 2 2 2 2 2 2 2 2 2 2 2 2 2 2 2
left_child=3 5 -3 4 -1 -2 24 25 -9 11 -11 15 13 14 20 27 17 19 -18 21 28 22 23 -17 -4 29 -27 -10 -13 -8
right_child=1 2 6 -5 -6 -7 7 8 9 10 -12 12 -14 -15 -16 16 18 -19 -20 -21 -22 -23 -24 -25 -26 26 -28 -29 -30 -31
leaf_value=0.0039803363312730022 -0.00015904668441073607 0.0093378078118495078 -0.0017692237965289737 -0.0014356427954889208 -0.00029211859415557626 0.006173798239423104 3.2575244344722201e-06 -0.0021849659349416706 -0.00073959291127687597 -0.00092098504425024825 0.016378684033535745 -0.0002279936333198446 -0.0013609771933240163 -0.00073414101700398752 0.016829909926370568 -0.00032006071203820877 -0.0014847651642379521 0.023670536120640115 0.00047822415897900045 0.0071628475852161594 -0.0022501467144791496 -0.00069893135560879953 -0.0019821223526101037 0.00066861742013263011 0.0068806585248811268 0.011042854672818542 -0.0013483590360899818 -0.0010019392365339086 0.018349822680239863 0.0099244673305972104
leaf_weight=76 128 142 445 297 148 227 60 167 590 120 72 73 194 107 139 195 402 64 64 60 60 964 100 259 80 76 143 185 65 92
leaf_count=76 128 142 445 297 148 227 60 167 590 120 72 73 194 107 139 195 402 64 64 60 60 964 100 259 80 76 143 185 65 92
internal_value=-0.00381445 -0.00326923 -0.00395287 -0.00924905 -0.00152838 0.006125 -0.0043631 -0.00364309 -0.00445045 -0.00394432 0.00746193 -0.00457601 0.00130638 0.00530067 0.00951754 -0.00587777 -0.00417416 -0.00199757 -0.011741 -0.00287429 0.00241379 -0.00367695 0.00112701 0.00427015 -0.0101038 0.00474734 -0.00109375 -0.0104551 0.0093007 0.0129299
internal_weight=5794 5273 4918 521 224 355 4776 4251 3880 3713 192 3521 638 444 337 2883 2108 1642 466 1578 198 1518 554 454 525 371 219 775 138 152
internal_count=5794 5273 4918 521 224 355 4776 4251 3880 3713 192 3521 638 444 337 2883 2108 1642 466 1578 198 1518 554 454 525 371 219 775 138 152
is_linear=0
shrinkage=0.035


Tree=74
num_leaves=31
num_cat=0
split_feature=126 126 213 30 133 82 166 17 39 274 38 60 213 38 270 274 126 203 19 60 260 30 56 90 184 60 126 184 93 126
split_gain=13.7809 21.7525 21.7821 19.6984 14.5564 18.9751 13.02 12.9072 12.2115 13.1875 12.2628 17.5274 16.0469 24.3538 15.5887 15.4358 14.7899 13.8176 19.0405 22.5224 17.1997 12.311 12.2148 11.8447 11.4715 15.799 15.8058 12.5769 11.3338 16.9458
threshold=74.500000000000014 150.00000000000003 8.7409762184268924 6157.5000000000009 17.282922867414062 366.50000000000006 -0.38983098201175842 -8.9987357287740739 14.500000000000002 0.62018510711637875 2338.0000000000005 988.50000000000011 10.249733195290032 1007.5000000000001 37.821258477137221 -0.26976055732811521 625.50000000000011 -0.78043375599731768 6132.5000000000009 1637.5000000000002 -0.09978022067754555 5657.5000000000009 7.0400974687255085 0.01142857869466146 0.068215527476554808 115.50000000000001 58.500000000000007 -0.04459865776781697 1655.5000000000002 350.50000000000006
decision_type=2 2 2 2 2 2 2 2 2 2 2 2 2 2 2 2 2 2 2 2 2 2 2 2 2 2 2 2 2 2
left_child=3 6 23 24 -4 7 -2 -6 -7 10 12 16 -10 -14 -15 -16 -12 21 19 -19 -21 -13 -18 -3 25 27 -27 -1 29 -9
right_child=1 2 4 -5 5 8 -8 28 9 -11 11 17 13 14 15 -17 22 18 -20 20 -22 -23 -24 -25 -26 26 -28 -29 -30 -31
leaf_value=-0.00033191367128626142 -0.00015348005045636188 0.013161919873195363 0.00044830441357134547 0.002871555348808388 0.0001130356802211205 0.0016477780933181821 0.0059577153010432959 0.00011548940639443146 -0.00080674004007749603 0.00035144033950978152 -0.0015937053441549929 3.6440921553266284e-05 0.0083092244935542778 -0.00097167533845919814 -0.0025207780058089284 0.012175874934802927 0.020399470228034195 -0.00043393731389421158 -0.0022858798407408972 0.00032983713387028327 0.024464504138878889 -0.0023524513652363839 0.0032923860906721924 -0.00053146609379817861 -0.0010711877225812396 -0.0018664361837328182 -4.0946177221841237e-05 0.00056150861897854404 -0.00087360800739415387 -0.0020522195655625092
leaf_weight=72 128 69 96 61 62 140 227 112 2810 134 64 67 82 103 60 111 64 129 163 71 72 114 66 73 103 136 70 79 187 69
leaf_count=72 128 69 96 61 62 140 227 112 2810 134 64 67 82 103 60 111 64 129 163 71 72 114 66 73 103 136 70 79 187 69
internal_value=-0.00370581 -0.00316313 -0.00376803 -0.00911597 -0.00417277 -0.00445251 0.00515278 -0.0114253 -0.00373443 -0.00408262 -0.00444863 -0.000601227 -0.00543046 0.00155125 -0.00351254 0.00298295 0.00844221 -0.00349436 -7.95455e-05 0.00555957 0.0148986 -0.0114785 0.015037 0.00952381 -0.0115914 -0.0084116 -0.0145972 0.000224359 -0.0138874 -0.00733871
internal_weight=5794 5273 4918 521 4776 4680 355 430 4250 4110 3976 810 3166 356 274 171 194 616 435 272 143 181 130 142 460 357 206 151 368 181
internal_count=5794 5273 4918 521 4776 4680 355 430 4250 4110 3976 810 3166 356 274 171 194 616 435 272 143 181 130 142 460 357 206 151 368 181
is_linear=0
shrinkage=0.035


Tree=75
num_leaves=31
num_cat=0
split_feature=17 209 126 4 115 213 41 115 71 261 12 5 224 80 102 38 199 215 247 269 38 38 179 260 93 200 93 183 19 137
split_gain=14.1313 17.2814 13.9073 19.8004 17.1942 13.677 13.3641 29.5558 27.2742 19.2469 17.4685 17.174 20.3001 27.0301 18.7682 24.1381 23.9305 21.3475 19.9368 17.1409 16.4713 24.0419 21.5881 14.336 14.9297 15.6871 19.6009 14.5278 14.9128 14.1259
threshold=49.104729152659182 6.3578407646841351 74.500000000000014 44.689984705495981 4137.5000000000009 8.7409762184268924 5967.5000000000009 687.00000000000011 2407.0000000000005 516.95501708984386 3.3900112305774113 -21.537225259831718 -0.99999999998152955 -4.7101713464266401 -3.0752823099889208 1007.5000000000001 11.380262229233326 -0.045799992978572839 599.69500732421886 2.9141141219918292 1136.5000000000002 1461.0000000000002 14.801381418711697 -0.0014974218123378932 1303.5000000000002 -0.021500002592802044 148.00000000000003 -0.7690590240037054 5742.5000000000009 2074.5000000000005
decision_type=2 2 2 2 2 2 2 2 2 2 2 2 2 2 2 2 2 2 2 2 2 2 2 2 2 2 2 2 2 2
left_child=1 -1 4 5 -3 -4 7 8 10 -9 -7 -8 13 -13 15 17 -16 -14 -19 -20 -17 29 -23 24 25 26 -12 28 -27 -22
right_child=-2 2 3 -5 -6 6 11 9 -10 -11 23 12 14 -15 16 20 -18 18 19 -21 21 22 -24 -25 -26 27 -28 -29 -30 -31
leaf_value=0.0084994821622454923 -0.0037071463387354504 -0.00060326114863992481 0.0080820714779768817 0.01374789570153432 0.00036661779566514013 -0.0011305714191106966 -0.0045382119602390067 -0.00079328014753017931 0.012758519134235008 -0.0011169543506225888 -0.00091094696062810131 0.018336210395350286 -0.0014889475396388237 -0.0010217632052336963 0.0057887748367829311 -0.0016520741274040195 -0.00031487637145156375 0.018573045479833867 0.00022535857006407509 -0.0010765122036608852 0.006654590962386432 -0.0012348021392447424 0.00047732067273669745 0.0023202244068962004 -0.0020137943276451516 0.0060793816389003719 0.0051946847263818338 -0.0025921993197000944 -0.0021082887165497486 -0.00091441447195537442
leaf_weight=84 88 424 133 104 79 276 168 480 68 340 111 115 171 66 293 132 784 82 224 62 136 421 89 261 68 88 185 119 74 69
leaf_count=84 88 424 133 104 79 276 168 480 68 340 111 115 171 66 293 132 784 82 224 62 136 421 89 261 68 88 185 119 74 69
internal_value=-0.0037541 -0.00353003 -0.00376933 -0.00321721 -0.00930118 -0.00353486 -0.00383876 -0.00597108 -0.00256574 -0.0111152 -0.00383319 -0.00226127 -0.00155908 0.00959677 -0.00239668 -0.00508267 0.00106747 0.000707721 0.00544236 0.000962199 -0.00875 -0.0065625 -0.0106019 -0.00145993 -0.00425385 -0.00234536 0.00325581 -0.0081993 -0.00125749 0.0035
internal_weight=5794 5706 5622 5119 503 5015 4882 2070 1250 820 1182 2812 2644 181 2463 1386 1077 539 368 286 847 715 510 906 645 577 296 281 162 205
internal_count=5794 5706 5622 5119 503 5015 4882 2070 1250 820 1182 2812 2644 181 2463 1386 1077 539 368 286 847 715 510 906 645 577 296 281 162 205
is_linear=0
shrinkage=0.035


Tree=76
num_leaves=31
num_cat=0
split_feature=27 126 126 213 82 173 201 151 270 88 271 126 79 71 130 71 35 26 254 116 222 223 211 12 192 93 104 249 267 134
split_gain=16.2954 15.3925 18.6622 17.3903 15.1686 21.2303 30.2619 23.9527 20.6993 30.2321 23.4144 19.046 17.0196 16.8769 15.2171 14.598 13.9431 14.1251 13.4971 13.1579 12.5321 32.0134 22.6862 16.014 22.3221 19.0679 11.8977 11.8154 11.8366 11.7768
threshold=7536.0000000000009 74.500000000000014 144.50000000000003 8.7409762184268924 933.50000000000011 0.14267607618089845 0.16037500277161601 0.13770000077784064 117.59517811630604 0.25765000283718115 12.019157027689607 664.00000000000011 0.030769176972218051 3059.0000000000005 -41.087987965367496 4448.5000000000009 0.0223470977169762 21.742499351501468 0.84454587556015437 2.5000000000000004 4.3345299682391216 17.354879271827986 0.02378653309532958 8.5273855361402191 -0.49885844742494806 1187.0000000000002 145.50000000000003 -1.0000000180025095e-35 0.024812894218739782 0.01889849923008359
decision_type=2 2 2 2 2 2 2 2 2 2 2 2 2 2 2 2 2 2 2 2 2 2 2 2 2 2 2 2 2 2
left_child=1 -1 26 -4 11 8 7 -7 10 -10 19 12 16 14 -8 -15 -5 -18 -11 -6 21 22 -21 -22 -25 -26 -3 -14 -29 -13
right_child=-2 2 3 4 5 6 13 -9 9 18 -12 29 27 15 -16 -17 17 -19 -20 20 23 -23 -24 24 25 -27 -28 28 -30 -31
leaf_value=-0.00048033631326494799 0.00037131300344186161 0.016539504757483687 0.0078067867648707696 0.0030729151408151281 0.0067399111049804552 0.0026893210141725452 0.0031447403491194443 -0.0016461916250409786 0.018089299858977677 -0.0024678996897269309 -0.0021014410680617952 -0.0013569690843492151 -0.0016230508101214814 -0.0023760950688275473 0.014854851513458523 0.0072416233714264477 0.00070037332533447194 -0.00050816345194847708 0.01047683080175928 0.022035176128134968 -0.001452978450668677 -0.0015715094968023144 -7.0814952891747892e-05 -0.0022528438193472403 0.0030649150365491835 -0.0018823403813353252 3.4439084344426998e-05 -0.0004966133511743482 0.00028902002772262462 -0.00036317849246880144
leaf_weight=499 151 70 145 167 72 119 92 180 75 182 279 574 157 71 93 60 152 572 83 87 604 130 122 81 263 77 257 97 112 171
leaf_count=499 151 70 145 167 72 119 92 180 75 182 279 574 157 71 93 60 152 572 83 87 604 130 122 81 263 77 257 97 112 171
internal_value=-0.00377824 -0.00408375 -0.00350748 -0.00405745 -0.00443019 -0.00269533 0.00299194 -0.00495066 -0.00440049 0.00344928 -0.00596221 -0.00673144 -0.00407686 0.0104673 0.0171316 0.000772059 -0.00144531 -0.00355281 -0.0022037 -0.00412908 -0.00490869 0.000915698 0.00932243 -0.0068301 -0.00156103 0.00243478 0.00453313 -0.0103774 -0.00474299 -0.0111533
internal_weight=5794 5643 5144 4817 4672 2670 615 299 2055 340 1715 2002 1257 316 185 131 891 724 265 1436 1364 339 209 1025 421 340 327 366 209 745
internal_count=5794 5643 5144 4817 4672 2670 615 299 2055 340 1715 2002 1257 316 185 131 891 724 265 1436 1364 339 209 1025 421 340 327 366 209 745
is_linear=0
shrinkage=0.035


Tree=77
num_leaves=31
num_cat=0
split_feature=136 6 27 88 256 10 213 201 261 85 100 17 247 19 12 183 126 132 274 150 47 90 129 49 270 35 13 140 17 211
split_gain=17.9406 18.5421 19.1999 18.1096 35.9106 20.6288 23.7298 19.8836 34.1602 24.9055 26.2837 24.3537 18.072 30.315 21.381 18.9242 26.8154 24.7539 19.6623 22.0974 18.0186 16.7809 14.6861 17.5142 21.6349 20.673 19.9913 19.9483 16.6416 17.1628
threshold=25.254999160766605 36.270192274814278 6830.5000000000009 0.42225000262260443 77.978322127461396 21.720129890782633 8.8035743730177405 0.33350000530481344 486.14500427246099 5692.5000000000009 24.641905775369853 -6.3885261086710212 591.41000366210949 5812.5000000000009 9.5008315796470288 0.8240280347486082 159.50000000000003 0.19465000182390216 0.6152088149758389 0.017850004136562351 -6.4834161459968334 0.027212150274381338 6362.5000000000009 1102.0000000000002 65.902060907381099 0.031915829811708242 31.362365237211836 5997.5000000000009 9.9668144823716904 0.46177189524122303
decision_type=2 2 2 2 2 2 2 2 2 2 2 2 2 2 2 2 2 2 2 2 2 2 2 2 2 2 2 2 2 2
left_child=-1 2 3 7 -5 -6 -7 8 -2 -10 12 -12 13 -11 -15 16 -14 21 19 -18 -16 -17 23 26 25 -25 -21 -28 29 -26
right_child=1 -3 -4 4 5 6 -8 -9 9 10 11 -13 15 14 20 17 18 -19 -20 22 -22 -23 -24 24 28 -27 27 -29 -30 -31
leaf_value=-0.0010930925665542318 0.010381977992539463 0.013513265952010529 0.0011840593007257482 0.00734389066298458 -0.0021543747912408468 0.016110152556774084 -0.0020428595410210415 -0.0012298977503319092 -0.0014017348577547392 0.0016181022323042324 -0.00082725860148116488 0.014001293460177422 0.0066251555056875411 -0.0011744947606103925 0.013967560684059202 -0.00070894268203647477 0.011841883984888895 0.0015231457571544444 0.0024396870237439502 0.011972598749764566 -0.0015987980501273227 -0.00019806898207622771 0.0016693487015987916 -0.0015720757456057068 0.0043808072266000343 -0.00054569003771838824 0.015152895173244448 -0.0013837476204534623 -0.0026650598039606433 -0.0026410495418750278
leaf_weight=915 221 68 155 129 96 70 187 395 137 117 97 105 132 339 67 239 76 60 136 98 63 105 110 342 292 499 65 207 146 126
leaf_count=915 221 68 155 129 96 70 187 395 137 117 97 105 132 339 67 239 76 60 136 98 63 105 110 342 292 499 65 207 146 126
internal_value=-0.00399552 -0.00314599 -0.00340843 -0.00381463 0.00258727 -0.00322626 0.00200382 -0.00455611 -0.00376453 -0.00459725 -0.00399445 0.00811594 -0.00476582 -0.0103046 -0.0142511 -0.00351592 -0.00224038 -0.0104401 -0.00321361 -0.00411241 -0.00207407 -0.0140401 -0.00487037 -0.00564326 -0.00742199 -0.0109634 0.00112 -0.00379061 -0.00209139 0.00148936
internal_weight=5794 4879 4811 4656 482 353 257 4174 3779 3558 3421 202 3219 586 469 2633 2229 404 2097 1961 130 344 1885 1775 1405 841 370 272 564 418
internal_count=5794 4879 4811 4656 482 353 257 4174 3779 3558 3421 202 3219 586 469 2633 2229 404 2097 1961 130 344 1885 1775 1405 841 370 272 564 418
is_linear=0
shrinkage=0.035


Tree=78
num_leaves=31
num_cat=0
split_feature=136 6 254 88 60 221 104 137 104 260 71 183 274 82 10 90 17 66 150 223 215 126 282 150 193 274 60 5 220 140
split_gain=16.0391 18.5121 15.6225 20.3144 28.4569 18.8877 17.2477 21.0476 17.9665 18.3368 18.0688 28.5537 17.5885 29.4562 30.1906 20.7255 18.375 15.9121 14.9744 27.2819 24.9404 14.8951 17.5168 14.6852 15.4684 14.3158 14.2775 13.7982 14.1273 14.1785
threshold=25.254999160766605 36.270192274814278 34.383125053321088 0.42225000262260443 1004.5000000000001 28.440126913923617 1024.0000000000002 5203.0000000000009 1217.0000000000002 0.090646412982629612 2621.0000000000005 0.28641010315680321 0.21773634528748328 360.50000000000006 13.087124785803203 0.023856949522870975 9.9668144823716904 0.14664999395608905 0.057200007140636451 14.715964793689677 -0.038450002670288079 902.00000000000011 1.0000000180025095e-35 0.034050002694129951 -0.47707603066475723 0.85647212406916773 1004.5000000000001 28.893090812092627 32.643209683965992 6072.5000000000009
decision_type=2 2 2 2 2 2 2 2 2 2 2 2 2 2 2 2 2 2 2 2 2 2 2 2 2 2 2 2 2 2
left_child=21 2 3 6 5 -5 7 12 9 -8 18 -12 27 15 -15 25 17 -16 20 -20 -10 22 26 24 -22 -14 -1 28 29 -2
right_child=1 -3 -4 4 -6 -7 8 -9 10 -11 11 -13 13 14 16 -17 -18 -19 19 -21 23 -23 -24 -25 -26 -27 -28 -29 -30 -31
leaf_value=-0.0016029226722728321 -0.0011910086080724087 0.013040301643690163 -0.0023342353886168224 -0.00027109672738867026 -0.0021317737141484947 0.010575992498821367 0.011594090156615064 0.003224468119004671 -0.0015832497900340314 -0.00046331693978552248 0.014054333328811904 -0.001089783097075802 -0.0010104375709637894 -0.0015381391510262772 -0.00018853174993152313 0.00010190896684934004 -0.00062059235642218105 0.0071825782976760637 0.010850931146150704 -0.0035155174175642012 -0.00055250797994102355 -0.0018950523377935377 0.00064266763386319542 -0.00097032639137247759 0.010773781710738596 -9.9202920704803972e-05 0.0014576054947904662 -0.00072546511967698578 0.0094810732376068799 3.5525183622320272e-08
leaf_weight=340 361 68 144 91 173 178 156 112 428 108 108 66 281 73 137 143 207 410 152 84 144 342 125 258 162 87 108 488 78 182
leaf_count=340 361 68 144 91 173 178 156 112 428 108 108 66 281 73 137 143 207 410 152 84 144 342 125 258 162 87 108 488 78 182
internal_value=-0.00393516 -0.00313165 -0.0033939 -0.00303403 0.00407159 0.0111131 -0.00378132 -0.00558307 -0.00100539 0.00728625 -0.00258706 0.00782123 -0.00626631 -0.0035443 0.000546875 -0.0101066 0.00267457 0.00602355 -0.00408759 0.00377593 -0.0059679 -0.00817935 -0.00466263 -0.00110721 0.00405145 -0.0144504 -0.00788079 -0.00951975 -0.00598243 -0.00798358
internal_weight=5794 4879 4811 4667 442 269 4225 2559 1666 264 1402 174 2447 1338 827 511 754 547 1228 236 992 915 573 564 306 368 448 1109 621 543
internal_count=5794 4879 4811 4667 442 269 4225 2559 1666 264 1402 174 2447 1338 827 511 754 547 1228 236 992 915 573 564 306 368 448 1109 621 543
is_linear=0
shrinkage=0.035


Tree=79
num_leaves=31
num_cat=0
split_feature=17 123 35 230 27 154 210 45 4 249 82 43 109 135 270 74 104 10 60 155 224 105 104 104 224 148 145 8 264 38
split_gain=14.029 15.6222 15.622 16.5918 14.2354 13.8055 16.6766 15.1476 13.703 14.2372 13.0699 14.0697 13.4913 12.8113 12.3037 18.9488 11.7602 10.7376 10.6186 10.3674 13.3381 15.1604 14.6338 18.1572 16.0846 13.5929 13.141 12.9462 12.8446 10.9613
threshold=49.104729152659182 0.0082304187587245742 0.038838621368674886 -4.0876259538552562 7536.0000000000009 -0.021858568373992918 0.023483941032119333 3.5920298619171764 42.98943961829881 -0.238270672850982 593.50000000000011 0.23435000330209735 0.65595000982284557 -0.84332745903572437 31.113291008860781 6372.5000000000009 247.00000000000003 46.554208011421856 778.00000000000011 0.031260297710039429 0.54410641536055726 236.50000000000003 968.50000000000011 481.50000000000006 -0.93104368420269912 1024.0000000000002 0.015267149083109098 -73.207840972104705 8.4228507273864679 968.00000000000011
decision_type=2 2 2 2 2 2 2 2 2 2 2 2 2 2 2 2 2 2 2 2 2 2 2 2 2 2 2 2 2 2
left_child=1 2 3 -1 5 8 18 -8 9 -3 -9 -12 -13 -5 -11 19 -10 -6 -7 -16 21 22 23 26 25 -24 -21 -22 -29 -25
right_child=-2 4 -4 13 17 6 7 10 16 14 11 12 -14 -15 15 -17 -18 -19 -20 20 27 -23 24 29 -26 -27 -28 28 -30 -31
leaf_value=0.010006469646977873 -0.0037260443689844749 -0.0014387218185272531 -0.0027071865874418797 -0.0028314320546000298 -1.2747272581546678e-05 0.0087484463162060509 0.0059908169347386107 -0.0015383751088214115 -0.0012318144914294359 -0.0015735768149435277 0.0041797950196289704 -0.0017517403995681176 0.0016440103167518351 0.0073815843915700256 -0.00075141155574926346 0.0064072183699159643 0.01347304529480876 0.018579679517986274 6.7838774516960641e-05 -0.0011512160448179205 -0.0011273238364533401 -0.0018665289672995468 0.014912930743558065 6.9267419868956905e-07 -0.00014722429921554232 0.00462214755195844 0.0090839428474182148 -0.00024997914997911046 0.0020622019522628788 -0.0017528762871877569
leaf_weight=131 88 528 111 82 86 110 64 163 75 103 61 183 107 150 761 72 63 60 259 63 193 235 96 73 242 99 139 1177 85 135
leaf_count=131 88 528 111 82 86 110 64 163 75 103 61 183 107 150 761 72 63 60 259 63 193 235 96 73 242 99 139 1177 85 135
internal_value=-0.00380238 -0.00357906 0.00248434 0.00599185 -0.00413023 -0.00444117 -0.000625 -0.00432247 -0.0053125 -0.00568772 -0.00633911 -0.00245787 -0.00569492 0.000295359 -0.00486055 -0.00448 0.00538462 0.00649007 0.00514706 -0.00487436 -0.00378639 -0.000837167 0.00135563 -0.00337349 0.00578054 0.013125 0.00405797 -0.00596918 -0.00464088 -0.0105164
internal_weight=5794 5706 474 363 5232 5086 947 578 4139 4001 514 351 290 232 3473 3370 138 146 369 3298 2537 1082 847 410 437 195 202 1455 1262 208
internal_count=5794 5706 474 363 5232 5086 947 578 4139 4001 514 351 290 232 3473 3370 138 146 369 3298 2537 1082 847 410 437 195 202 1455 1262 208
is_linear=0
shrinkage=0.035


Tree=80
num_leaves=31
num_cat=0
split_feature=103 6 27 115 13 30 13 247 140 163 258 247 160 27 27 60 70 157 71 138 224 59 163 271 256 247 49 77 247 271
split_gain=15.9105 16.5851 16.6207 19.7381 26.9661 24.8811 24.7696 26.2729 24.539 19.4303 18.5395 17.8676 21.4944 17.751 16.7024 16.6452 20.4951 18.2178 16.9501 16.8265 16.5516 20.7557 13.0461 15.9862 12.6525 12.3842 12.1461 11.9516 12.5667 11.7446
threshold=36.291299819946296 36.270192274814278 6830.5000000000009 648.00000000000011 31.362365237211836 5932.5000000000009 43.458909298729658 598.13500976562511 5997.5000000000009 -0.15080060275763416 0.0073500052094459542 603.05499267578136 0.045149996876716621 4406.5000000000009 741.50000000000011 988.50000000000011 42.884750366210945 0.019254786112390749 224.50000000000003 6.5000000000000009 0.94189299065239085 40.794649124145515 0.28071116625181353 4.360240952076631 75.38058456500589 562.79498291015636 1677.5000000000002 0.28544999659061437 588.82501220703136 6.4366910320138624
decision_type=2 2 2 2 2 2 2 2 2 2 2 2 2 2 2 2 2 2 2 2 2 2 2 2 2 2 2 2 2 2
left_child=29 2 3 4 9 14 10 -8 15 -2 -7 20 -13 -12 25 16 18 27 -6 -18 26 -22 -16 -24 -20 -5 -9 28 -17 -1
right_child=1 -3 -4 5 8 6 7 11 -10 -11 13 12 -14 -15 22 17 19 -19 24 -21 21 -23 23 -25 -26 -27 -28 -29 -30 -31
leaf_value=-0.00030893308305787184 0.023098034508032175 0.012632369404165395 0.0020177820941643968 0.00079876066001119633 0.0053868810616123095 0.002230042517070287 0.023220843249066869 -0.0014961827958876346 -0.0014824269814625827 -0.0003124951285463135 -0.00036537101451821266 0.012691098202408909 -0.003452080001681861 -0.0035445586799554203 -0.0016486133772667204 0.0097746301361398662 0.010830855348092212 0.0010698591067404351 -1.0435570592315092e-05 -0.00032664781075119058 -0.0019362631620891504 0.0089953197797914136 0.00055156325819957395 -0.00086577891236665325 -0.0020611827912138366 -0.0008177301926056541 -0.0024521554507715786 -0.0017982474771643011 -0.00092664706777333605 -0.0015450905381620445
leaf_weight=397 88 68 151 77 68 120 69 61 295 65 1360 178 70 60 366 84 237 153 78 73 60 60 111 268 72 69 88 353 72 523
leaf_count=397 88 68 151 77 68 120 69 61 295 65 1360 178 70 60 366 84 237 153 78 73 60 60 111 268 72 69 88 353 72 523
internal_value=-0.0039593 -0.00315638 -0.0034047 -0.0037779 -0.00068168 -0.005455 -0.00338339 0.0027242 -0.00213758 0.0130696 -0.00570874 -6.70498e-05 0.00664032 -0.00682807 -0.0103516 0.000117155 0.00472795 -0.00356822 -0.00345291 0.0104444 -0.00625912 0.00336 -0.01246 -0.0077474 -0.00993548 0.000463576 -0.0138636 -0.00674125 0.00130435 -0.00817297
internal_weight=5794 4874 4806 4655 1638 3017 2126 586 1485 153 1540 517 248 1420 891 1190 528 662 218 310 269 120 745 379 150 146 149 509 156 920
internal_count=5794 4874 4806 4655 1638 3017 2126 586 1485 153 1540 517 248 1420 891 1190 528 662 218 310 269 120 745 379 150 146 149 509 156 920
is_linear=0
shrinkage=0.035


Tree=81
num_leaves=31
num_cat=0
split_feature=272 136 6 126 213 175 179 258 160 17 193 27 266 213 222 196 38 230 274 38 270 13 204 104 223 11 49 160 121 256
split_gain=13.8555 14.588 20.0808 16.7651 16.9009 17.0227 14.3414 13.2959 12.3493 17.4274 12.0138 16.3022 15.7862 21.0745 18.8243 20.8491 16.0284 14.9403 14.7135 17.8064 18.6776 16.1649 14.4511 14.3546 20.3101 18.8974 16.9086 18.5758 17.4114 16.7262
threshold=-0.0142500102519989 25.254999160766605 36.270192274814278 902.00000000000011 9.0984023184423517 0.035820345873053473 9.8762146846660972 0.051150009036064155 0.020549997687339786 -0.5309009117349105 -0.1252437485661439 6830.5000000000009 -11.751689750047477 9.7150473129118353 18.756544958591242 -0.080604173364019246 1076.5000000000002 24.18541272271036 -0.24705708255351513 1353.5000000000002 72.237629591296255 90.79677057488864 0.039718661121929989 1553.5000000000002 9.6466996289081326 27.40752725591673 2915.5000000000005 0.020100001245737079 0.11185000091791154 31.595978381753557
decision_type=2 2 2 2 2 2 2 2 2 2 2 2 2 2 2 2 2 2 2 2 2 2 2 2 2 2 2 2 2 2
left_child=-1 3 6 4 -2 8 -3 10 -6 -10 12 17 -8 14 15 -14 -17 23 21 -20 -21 -15 -13 25 -25 -12 29 28 -28 -27
right_child=1 2 -4 -5 5 -7 7 -9 9 -11 11 22 13 18 -16 16 -18 -19 19 20 -22 -23 -24 24 -26 26 27 -29 -30 -31
leaf_value=0.0053489464382140833 -0.0023432572485168799 0.0050151623875185902 0.013484052599957304 -0.0018517344619069034 0.011656196645946004 -0.00074540005841934869 -0.0016236505807058921 -0.0011773669608382542 0.00072793536296777712 -0.0017253918355333313 -0.0019383124820593401 -8.9394578221128074e-05 -0.00079992833409041147 -0.0012670860731037981 -0.0012185900487667644 -0.00011524747050300822 0.0058391710640916614 0.0074027672849247307 0.013443986741074257 -0.0003466944082581225 0.016339986197863452 0.0085065171848396695 0.010847703552135957 -0.0010726197733529508 0.0084459482321753848 -0.00077189706373194346 -0.00040546459336049699 -0.00024051187539482935 0.011316165769985903 -0.00060516005923931917
leaf_weight=72 131 62 67 335 136 150 371 95 83 66 182 63 164 122 328 98 111 63 130 240 88 65 64 206 160 305 63 635 85 1054
leaf_count=72 131 62 67 335 136 150 371 95 83 66 182 63 164 122 328 98 111 63 130 240 88 65 64 206 160 305 63 635 85 1054
internal_value=-0.00387481 -0.00407019 -0.00329983 -0.00815121 -0.00441331 -0.00103409 -0.00357428 -0.0038003 0.00398276 -0.00295455 -0.0035213 -0.00490121 -0.00119919 0.000569948 -0.00361898 0.00175926 0.00899533 -0.00546954 0.00511538 0.00846652 0.00399399 -0.00309896 0.00715909 -0.00587013 0.000566038 -0.00688278 -0.00593386 -0.00182107 0.00915033 -0.00828812
internal_weight=5794 5722 4821 901 566 435 4754 4692 285 149 4597 2880 1717 1346 701 373 209 2753 645 458 328 187 127 2690 366 2324 2142 783 148 1359
internal_count=5794 5722 4821 901 566 435 4754 4692 285 149 4597 2880 1717 1346 701 373 209 2753 645 458 328 187 127 2690 366 2324 2142 783 148 1359
is_linear=0
shrinkage=0.035


Tree=82
num_leaves=31
num_cat=0
split_feature=123 180 35 154 21 83 9 5 231 104 49 7 260 185 185 224 31 49 146 270 162 28 209 183 183 1 152 168 271 260
split_gain=12.9695 15.044 13.3507 12.4103 17.8005 20.3486 13.4932 17.4763 16.5686 19.9133 15.7782 17.5026 14.0701 16.4214 14.5823 20.8258 13.1715 12.6793 18.8385 15.9232 13.5206 12.3462 12.7179 11.9756 18.7935 16.32 14.5873 13.9881 13.1978 11.9755
threshold=0.0082304187587245742 -0.00079999119043350209 0.038838621368674886 -0.021858568373992918 0.16845000535249713 54.500000000000007 -14.596503671161994 -4.507833322258274 10.336807438210418 940.50000000000011 757.00000000000011 -94.978408854808436 0.89422008958223553 0.010468512015140782 0.013079879131861843 0.99999999999191858 -43.233947926618605 2390.5000000000005 -0.66499326180202811 42.93803307244572 -0.027403274067332735 280.50000000000006 11.038311215900112 0.72346056971403883 0.65354890341240013 817.50000000000011 0.45211435377948211 0.019000001251697544 4.4540355467743042 0.090646412982629612
decision_type=2 2 2 2 2 2 2 2 2 2 2 2 2 2 2 2 2 2 2 2 2 2 2 2 2 2 2 2 2 2
left_child=1 -1 29 6 5 -5 -2 8 9 -8 -9 -12 13 -13 -15 17 -14 18 20 -19 -16 22 -6 24 26 28 27 -21 -25 -3
right_child=3 2 -4 4 21 -7 7 10 -10 -11 11 12 16 14 15 -17 -18 19 -20 23 -22 -23 -24 25 -26 -27 -28 -29 -30 -31
leaf_value=-0.0021008834649109812 -0.0022006048228820256 0.016072348453661546 -0.0019394191175218175 -0.0014374167477757501 -0.00075766503557644113 0.0015434692123203859 -0.00035118230863658234 -0.001102837160678178 -0.0016850446418420022 0.0092761602187942695 0.010516805928335649 0.0008065148489082958 -0.00051936405806469229 -0.0014480375295012342 -0.00015172618362432639 0.00097019545644720878 0.00049187356096026119 -0.00098997545476960341 0.00059973975679148035 -9.3974107468705611e-05 -0.00091049708492584437 -0.0019231500340874102 0.00070445507927323554 3.5607418961663979e-05 0.015441548384537396 0.00014929034366293145 -0.0011970026176942583 0.010903381064753208 -0.0014954438680364892 0.0016764747028833462
leaf_weight=188 252 117 76 193 136 487 84 546 198 174 109 222 60 378 258 133 97 174 154 235 733 84 88 71 83 74 79 75 130 106
leaf_count=188 252 117 76 193 136 487 84 546 198 174 109 222 60 378 258 133 97 174 154 235 733 84 88 71 83 74 79 75 130 106
internal_value=-0.0039593 0.0014939 0.00633224 -0.00446066 -0.000916415 0.00224818 -0.00526943 -0.00477038 0.00167028 0.00745247 -0.0055849 -0.00459446 -0.00510638 -0.00567939 -0.00646592 -0.00535163 0.00496914 -0.00621922 -0.00867391 -0.00313715 -0.0104367 -0.00782748 -0.00336245 -0.000884309 0.00249476 -0.006625 -0.000799492 0.00266667 -0.0117233 0.0105921
internal_weight=5794 487 299 5307 988 680 4319 4067 456 258 3611 3065 2956 2799 2577 2199 157 2066 1145 921 991 308 224 747 472 275 389 310 201 223
internal_count=5794 487 299 5307 988 680 4319 4067 456 258 3611 3065 2956 2799 2577 2199 157 2066 1145 921 991 308 224 747 472 275 389 310 201 223
is_linear=0
shrinkage=0.035


Tree=83
num_leaves=31
num_cat=0
split_feature=113 150 6 104 188 115 242 30 8 9 60 163 195 38 104 260 104 90 111 35 261 203 123 197 151 214 157 99 116 195
split_gain=13.1992 18.8092 12.7586 12.3871 12.1426 14.6551 31.6319 21.2558 28.3341 29.6534 19.7149 19.0739 17.0649 17.8993 16.392 21.6499 16.5483 18.7731 20.4936 15.497 14.2126 14.1688 14.1191 13.7805 13.4792 16.329 13.3491 16.4349 12.7813 15.5194
threshold=-3.6767287225411809 0.04200000315904618 36.270192274814278 6639.0000000000009 -0.10079997777938841 648.00000000000011 31.362365237211836 5932.5000000000009 -85.630131500659715 -1.424120155178201 1004.5000000000001 -0.15080060275763416 0.0085533084866790069 2373.5000000000005 546.00000000000011 0.27032696450175991 427.50000000000006 0.023762465375752818 26.667712175769797 0.049793341138487934 516.95501708984386 0.78112286082440063 0.015372828767615155 -0.014934177247070522 0.20867499709129336 0.031400002539157874 0.019254786112390749 0.23124999552965167 30.500000000000004 0.017726670833869643
decision_type=2 2 2 2 2 2 2 2 2 2 2 2 2 2 2 2 2 2 2 2 2 2 2 2 2 2 2 2 2 2
left_child=1 -1 3 4 -2 6 11 20 9 -9 12 -6 -8 -14 15 -10 17 18 -17 -16 22 -18 -7 -22 -25 -26 -12 -28 -21 -30
right_child=2 -3 -4 -5 5 7 10 8 14 -11 26 -13 13 -15 19 16 21 -19 -20 28 23 -23 -24 24 25 -27 27 -29 29 -31
leaf_value=-0.00073696365163696551 0.00010495952559942346 -0.0021589634599274527 0.0074964246087162014 0.0051415507569454073 0.025313598319126829 -0.00076537885490345547 0.0082468498858383789 -0.0046806701415484601 0.013923725579967213 0.017476059039865981 -0.0012873434047290628 -0.00019199376963376758 -0.00035561481191551505 0.014099972189388743 -0.000939379033388273 -0.00074269755727891025 -0.00080671273498925176 0.00013264653216853219 0.0039412776924679146 0.0059112767476264269 -0.0022900993040824449 0.01064383602737037 0.00023633614801955031 -0.00096287226239228404 0.00011443746748805329 -0.0014056099245413525 -0.0014291847024808905 0.0010683228721131916 -0.00090221205547303123 0.00051179811053224866
leaf_weight=467 154 246 74 99 86 468 143 78 74 134 687 64 451 64 725 353 62 216 78 71 66 122 126 96 99 91 62 161 99 78
leaf_count=467 154 246 74 99 86 468 143 78 74 134 687 64 451 64 725 353 62 216 78 71 66 122 126 96 99 91 62 161 99 78
internal_value=-0.00398345 -0.00843315 -0.00335136 -0.00356844 -0.00381844 -0.00413322 -0.00154382 -0.00559355 -0.00360859 0.0083871 -0.00302606 0.0135484 0.00158371 -0.00141346 -0.00498141 -0.00157692 -0.00322368 -0.00585123 -0.0100344 -0.00812372 -0.00993691 0.00592593 -0.00654424 -0.0154902 -0.0117869 -0.00610256 -0.00634973 0.00107456 -0.00055336 -0.00557692
internal_weight=5794 713 5081 5007 4908 4754 1718 3036 2090 212 1568 150 658 515 1878 905 831 647 431 973 946 184 594 352 286 190 910 223 248 177
internal_count=5794 713 5081 5007 4908 4754 1718 3036 2090 212 1568 150 658 515 1878 905 831 647 431 973 946 184 594 352 286 190 910 223 248 177
is_linear=0
shrinkage=0.035


Tree=84
num_leaves=31
num_cat=0
split_feature=162 157 9 8 8 108 270 270 37 38 104 181 60 261 115 261 163 163 215 71 221 270 137 271 256 99 76 153 93 44
split_gain=12.1958 14.3076 13.1931 16.0431 20.1163 32.9977 21.2406 17.3132 26.9432 20.2118 26.2362 17.0705 15.9733 15.1203 25.5653 19.0685 30.2829 28 18.6458 14.8502 14.0558 15.6954 17.4109 14.007 24.1937 16.5461 13.9683 13.3445 13.1328 12.8801
threshold=-0.15585423226414946 0.027637305083950518 -14.596503671161994 -122.32015141134603 -68.067922687839058 -25.579562089675928 114.79114828323519 101.52601945046523 31.878499984741214 1353.5000000000002 751.00000000000011 0.24190000072121623 721.50000000000011 528.02999877929699 514.50000000000011 531.17498779296886 0.63969513055887106 0.11876374800920923 -0.043350011110305779 1451.5000000000002 60.161079375093259 48.821164024854212 2887.0000000000005 5.4770371455552338 33.869361159325798 0.20594999939203265 0.36644999682903295 -0.4008341884760292 3435.0000000000005 0.20700000226497653
decision_type=2 2 2 2 2 2 2 2 2 2 2 2 2 2 2 2 2 2 2 2 2 2 2 2 2 2 2 2 2 2
left_child=1 -1 -2 11 7 -6 13 9 -9 10 29 -4 -13 23 -15 16 17 -16 -17 -12 21 22 -20 24 -7 -25 -27 -14 -22 -5
right_child=2 -3 3 4 5 6 -8 8 -10 -11 19 12 27 14 15 18 -18 -19 20 -21 28 -23 -24 25 -26 26 -28 -29 -30 -31
leaf_value=-0.00023405786688886044 -0.001668961501922413 0.0021608855718541521 0.018554653669159014 -0.00019355547056854245 0.0043059030423528624 0.012850650379874446 0.018869000717198211 -0.0016269821482962623 0.0013257381884827257 -0.0014211194593053179 7.5166345918025186e-05 0.0098981455735670694 0.00044169098784317191 0.014173938649280463 0.0085825277218942835 -0.00095881544742495279 0.027152937258909614 -0.0012069365429106288 0.00019128493357982836 0.016359956903316257 0.00068452543328590863 -0.00087446153655804809 -0.00098726614873955571 -0.0010856771783016265 -0.00025784611006404143 -0.00078269806098581337 0.005116393684511669 -0.0033351658988388425 -0.00038573879731893196 -0.0028624028803377593
leaf_weight=1019 264 229 71 116 225 64 65 233 60 269 143 149 108 61 90 389 71 83 293 68 145 165 84 442 280 210 63 151 67 117
leaf_count=1019 264 229 71 116 225 64 65 233 60 269 143 149 108 61 90 389 71 83 293 68 145 165 84 442 280 210 63 151 67 117
internal_value=-0.00385066 -0.000782123 -0.00469128 -0.00421274 -0.00497243 -0.00343505 -0.00456345 -0.0092087 -0.0163255 -0.00619081 -0.00155902 0.00180785 -0.00101695 -0.00508559 -0.00274604 -0.00374641 0.00506024 -0.00294944 -0.00564024 0.00729167 -0.00239789 -0.00537477 -0.00137435 -0.00825658 -0.00240688 -0.0110347 -0.00415468 -0.00623106 0.00516129 -0.00955882
internal_weight=5794 1248 4546 4282 3803 2797 2572 1006 293 713 444 479 408 2507 1448 1387 244 173 1143 211 754 542 377 1059 344 715 273 259 212 233
internal_count=5794 1248 4546 4282 3803 2797 2572 1006 293 713 444 479 408 2507 1448 1387 244 173 1143 211 754 542 377 1059 344 715 273 259 212 233
is_linear=0
shrinkage=0.035


Tree=85
num_leaves=31
num_cat=0
split_feature=177 272 98 123 249 180 260 215 38 155 104 175 267 56 8 4 258 153 247 115 187 270 148 49 49 270 159 159 231 255
split_gain=12.9361 14.6557 14.1254 12.31 14.7597 14.2932 14.2074 9.99483 17.8075 14.6653 13.7587 13.0516 12.7932 12.0451 10.936 20.777 15.5615 18.5562 15.5796 24.259 18.4908 15.5018 12.2251 12.3017 14.2372 11.7498 19.7678 11.1451 10.9581 13.1992
threshold=-0.056822178782756659 -0.0142500102519989 0.54975000023841869 0.0081680284671043785 -0.238270672850982 -0.0010999962687492368 0.23730418503270409 -0.029299981892108914 686.50000000000011 0.030611205137983911 968.50000000000011 0.023081452157399013 1.9106321188816502 3.6623617283965229 -68.067922687839058 -7.8075945212236251 0.029800005257129673 0.46835616922809076 590.82000732421886 538.50000000000011 -8.6241991513191397e-07 32.349875087200935 62.500000000000007 1301.5000000000002 4224.0000000000009 57.016764292993976 14.580452213877839 13.475772762277675 2.8123964616544321 0.03049994942494472
decision_type=2 2 2 2 2 2 2 2 2 2 2 2 2 2 2 2 2 2 2 2 2 2 2 2 2 2 2 2 2 2
left_child=-1 -2 3 5 -5 -3 -7 13 12 -10 11 -11 -9 -6 15 25 18 -18 -16 -20 21 -21 -22 -24 -25 -15 -27 -19 29 -23
right_child=1 2 -4 4 7 6 -8 8 9 10 -12 -13 -14 14 16 -17 17 27 19 20 22 28 23 24 -26 26 -28 -29 -30 -31
leaf_value=-0.00057150538753711908 0.0064452151413143741 -0.002068970690054277 0.00031044750899042272 -0.0012578384943271377 -0.0010705614940096848 0.012092097107578928 -0.0021724044982816449 0.0016941941965196875 -0.0013723325091252569 0.00010676952485510539 0.0002731694403346563 -0.0008026080379193285 -0.00048614457510557128 -0.0026667954862912039 -0.00073852167633402504 -0.0010193150481504977 0.0062671246166381639 0.00023705538533016105 0.012178320180386835 -0.0014460230780449365 0.0011005548107338714 0.00040938692004094726 0.0080826555436199002 -0.00092135726310098429 0.0059688129592462618 -0.0007436062250309295 0.0063160994518017387 -0.0022879929962602999 -0.00085601197811922304 -0.00036439868990059373
leaf_weight=69 69 161 186 697 183 183 111 230 178 121 333 235 94 117 354 269 186 83 109 67 70 70 66 252 74 731 102 67 252 75
leaf_count=69 69 161 186 697 183 183 111 230 178 121 333 235 94 117 354 269 186 83 109 67 70 70 66 252 74 731 102 67 252 75
internal_value=-0.00387481 -0.00368325 -0.00388271 -0.00420639 -0.00470618 0.00129348 0.00585284 -0.00393477 -0.00119983 -0.00381307 -0.00146254 -0.00620499 0.00574468 -0.00497286 -0.00441506 -0.00694853 -0.00260983 0.00410557 -0.00424319 -0.00205288 -0.00390977 -0.00880597 0.00104925 -0.00141058 -0.00422961 -0.0044712 -0.00296539 -0.00496774 -0.00600746 0.00163333
internal_weight=5794 5725 5656 5470 5015 455 294 4318 1191 867 689 356 324 3127 2944 1219 1725 336 1389 1035 926 464 462 392 326 950 833 150 397 145
internal_count=5794 5725 5656 5470 5015 455 294 4318 1191 867 689 356 324 3127 2944 1219 1725 336 1389 1035 926 464 462 392 326 950 833 150 397 145
is_linear=0
shrinkage=0.035


Tree=86
num_leaves=31
num_cat=0
split_feature=70 6 162 189 157 133 122 27 213 126 30 179 27 183 19 148 27 27 215 166 260 121 55 266 230 267 223 134 160 104
split_gain=13.3554 12.3907 12.1193 13.8476 13.7193 12.0233 12.4242 13.514 12.1811 12.5962 13.3952 14.4661 13.3247 16.4442 21.0913 16.4019 17.7659 20.5844 16.432 16.2012 14.1622 13.347 13.2796 15.9419 13.1831 15.8234 16.1631 20.5594 11.9991 14.5374
threshold=30.855400085449222 36.270192274814278 -0.14508946643958645 14.14464701882966 0.020603288275254216 17.954922561974232 12.392444104876013 6830.5000000000009 8.7409762184268924 1309.5000000000002 6352.5000000000009 15.207927245663649 1290.0000000000002 0.39261978906349143 6077.5000000000009 24.500000000000004 1763.0000000000002 2444.5000000000005 -0.039200004190206521 0.65166395234784125 0.43253032402555375 0.20695000141859057 0.27975000441074377 -17.321418475053083 17.226714596972894 3.2771110053342327 5.7747651624588077 0.015267149083109098 0.023899991065263752 912.00000000000011
decision_type=2 2 2 2 2 2 2 2 2 2 2 2 2 2 2 2 2 2 2 2 2 2 2 2 2 2 2 2 2 2
left_child=28 2 3 4 -2 -4 -7 8 -8 10 11 12 13 14 22 -14 -17 18 -18 20 21 -19 -10 -24 25 26 27 -11 -1 -30
right_child=1 -3 5 -5 -6 6 7 -9 9 24 -12 -13 15 -15 -16 16 17 19 -20 -21 -22 -23 23 -25 -26 -27 -28 -29 29 -31
leaf_value=-0.00059867959413199032 -0.0003907186023880938 0.0069724090032356831 0.00046197856821425385 0.0041895578790129961 0.00030127145524394333 -0.00099351178075463985 0.0076707125786019403 0.0020296964309291518 -0.00080733596773896639 -0.0023081013334697621 0.0061764150285843365 0.00044927326132204688 -0.0012872989335806807 0.00015239585600457795 0.0086686950997349292 -0.0012645304284707672 -0.0013327510333133398 -0.0017127789242613268 0.003960636823675037 9.305369416297949e-05 -0.00046407111545429487 -0.00050173928452842834 -0.0042273454813159953 -6.9225578074949009e-05 -0.0039250476731120454 0.0040455329157541237 0.00015666523172137405 0.00033127304372755026 -0.0018502368679133015 -0.00017953535428912539
leaf_weight=286 747 76 96 203 199 182 110 107 267 104 60 81 77 329 71 431 194 196 195 86 295 82 61 265 96 145 467 66 147 73
leaf_count=286 747 76 96 203 199 182 110 107 267 104 60 81 77 329 71 431 194 196 195 86 295 82 61 265 96 145 467 66 147 73
internal_value=-0.00376617 -0.00324013 -0.00344834 -0.000272964 -0.00206099 -0.00434489 -0.00464376 -0.00420185 -0.0045615 -0.00491744 -0.0061039 -0.00648197 -0.00694792 -0.00375251 -0.00690583 -0.00896861 -0.00808962 -0.00558405 0.000799492 -0.00932982 -0.0114446 -0.0170671 -0.00907191 -0.00422961 -0.0012684 0.000266836 -0.00212617 -0.0112 -0.00917808 -0.0152444
internal_weight=5794 5288 5212 1149 946 4063 3967 3785 3678 3568 2690 2630 2549 993 664 1556 1479 1048 389 659 573 278 593 326 878 782 637 170 506 220
internal_count=5794 5288 5212 1149 946 4063 3967 3785 3678 3568 2690 2630 2549 993 664 1556 1479 1048 389 659 573 278 593 326 878 782 637 170 506 220
is_linear=0
shrinkage=0.035


Tree=87
num_leaves=31
num_cat=0
split_feature=17 98 162 145 183 261 121 213 50 266 200 273 43 273 242 169 258 75 12 71 189 269 179 50 144 119 211 209 215 258
split_gain=12.415 15.882 14.0715 13.2447 11.9452 14.5441 14.0783 15.5223 13.9782 10.2226 10.1834 10.13 13.5211 15.816 12.3938 12.3003 15.0555 16.1231 15.2085 13.6293 12.482 12.107 10.9345 11.7981 11.9912 10.5888 11.3235 10.4413 12.1494 18.1335
threshold=16.308681297899643 0.51974999904632579 -0.15585423226414946 0.016260155037284649 -0.95450030582148437 486.14500427246099 0.31174999475479132 9.1562009203037444 69.500000000000014 -14.311801064222916 -0.074899993836879716 -0.019061871942639207 0.25575000047683721 -0.074783801320089369 88.994050390192243 13.081702493968775 0.0088000036776065844 -8.8247447927375351 1.9376835919531528 2660.0000000000005 13.933017541180844 -0.89893440347155174 12.769970593854971 183.50000000000003 29.138261423488593 9.7715523792218946 0.4090910943760217 10.640627259502795 -0.035199996083974831 0.009199995547533037
decision_type=2 2 2 2 2 2 2 2 2 2 2 2 2 2 2 2 2 2 2 2 2 2 2 2 2 2 2 2 2 2
left_child=2 10 -1 -3 -4 6 -6 -8 -9 -7 -2 12 21 -14 15 27 -17 18 20 -19 -18 25 -23 -24 -25 -11 -27 28 -13 -30
right_child=1 3 4 -5 5 9 7 8 -10 11 -12 14 13 -15 -16 16 17 19 -20 -21 -22 22 23 24 -26 26 -28 -29 29 -31
leaf_value=1.4374071588265926e-05 -0.0029738665942138465 0.0094098733391395628 -0.0055904794490094535 -0.0014999560958407444 0.014752760260292498 -0.0017591721054689526 0.0017434666561413788 -0.0026497598086968814 -1.6049173710996347e-05 -0.00091060802702386658 -0.0010391514569779538 -0.0013679194337325017 -0.00059514051333243035 0.00078543624144699958 0.0081353592960183158 0.00043672747192446688 0.00033308594673809981 -0.001240232971206482 -0.00058394472788153909 -0.00047938317292693991 -0.0002492893428647336 -0.00052754051403895415 0.0037132430949797963 -0.00040036561336708414 0.0035923050114577662 -0.00068740733815926276 0.0013495287014031905 -0.0020673133496130645 -0.00066540014391090589 0.0012167322854946072
leaf_weight=1088 100 64 62 67 100 241 170 66 99 60 605 270 364 65 99 241 144 109 828 82 81 71 136 101 63 82 73 93 61 109
leaf_count=1088 100 64 62 67 100 241 170 66 99 60 605 270 364 65 99 241 144 109 828 82 81 71 136 101 63 82 73 93 61 109
internal_value=-0.00380238 -0.00774078 -0.00313117 0.00334559 -0.00411871 -0.00385523 0.00214773 -0.00133824 -0.00885294 -0.00463144 -0.00980986 -0.00408352 -0.00120098 -0.0058871 -0.00545947 -0.00605536 -0.00439262 -0.00594075 -0.00420132 -0.0151786 0.00380435 0.00225042 0.00605053 0.00895082 0.00248521 -0.00429545 0.00065625 -0.0106041 -0.00817978 -0.0008
internal_weight=5794 836 4958 131 3870 3808 435 335 165 3373 705 3132 1015 429 2117 2018 1485 1244 1053 191 225 586 371 300 164 215 155 533 440 170
internal_count=5794 836 4958 131 3870 3808 435 335 165 3373 705 3132 1015 429 2117 2018 1485 1244 1053 191 225 586 371 300 164 215 155 533 440 170
is_linear=0
shrinkage=0.035


Tree=88
num_leaves=31
num_cat=0
split_feature=162 37 261 66 256 272 213 140 256 57 111 63 257 150 258 254 38 20 148 180 193 274 150 173 82 268 124 11 82 266
split_gain=13.1405 12.2601 13.9497 19.9852 14.9142 14.871 13.664 13.6104 21.5253 17.3542 13.3976 13.9498 14.2141 13.2624 12.5807 11.8476 11.5513 15.1246 15.4217 11.2415 11.1027 18.8047 17.0425 18.1499 18.0964 23.3603 21.2211 16.8342 17.5845 15.0083
threshold=-0.15585423226414946 18.788399696350101 486.75498962402349 0.29764999449253088 82.868051956814426 0.033950015902519233 9.0984023184423517 5932.5000000000009 85.519613303960298 0.016667794787546864 26.925149089488475 5842.5000000000009 5.2383279817394124 0.057499997317790992 0.0073500052094459542 14.15341872384124 179.50000000000003 26.019574865076006 140.00000000000003 0.0053999908268451699 0.97042056798723675 0.47306494117599679 0.044299993664026267 0.45530005732855239 1410.5000000000002 -4.1894867654829184 -2.6506932097570397 74.377012699020682 1284.5000000000002 1.7349035817082472
decision_type=2 2 2 2 2 2 2 2 2 2 2 2 2 2 2 2 2 2 2 2 2 2 2 2 2 2 2 2 2 2
left_child=15 -2 3 13 5 6 -5 8 10 -9 11 -4 -13 -3 -11 -1 -16 18 19 -18 21 22 27 24 25 -24 -26 29 -29 -19
right_child=1 2 7 4 -6 -7 -8 9 -10 14 -12 12 -14 -15 16 -17 17 20 -20 -21 -22 -23 23 -25 26 -27 -28 28 -30 -31
leaf_value=5.1860256475209094e-05 -0.0015245496838852842 0.00038579295753719296 0.00043582733213935412 0.011883407118417304 -0.0012580008658467986 -0.00071612295542720645 4.7595696890007096e-06 0.0080505086531776193 0.0067471973266479595 0.0021609304031765986 -0.0011878485718952048 -0.0013084024465242056 3.5474494070266707e-05 0.021070340347468776 0.00029887700262093203 -0.0010595101194825036 0.0002863233551511696 -0.00070549276692270129 -0.00082600253071047128 -0.00037255349590950505 -0.0011001710519754988 0.00033161873944959649 -0.00096419391356496198 -0.0022416719252713697 0.0040633614187233959 0.0039163182888913078 -0.0022136462809770343 -0.00066495638546239168 0.018369192377515331 0.00025506177248256159
leaf_weight=1051 257 67 88 71 281 84 80 69 96 203 515 69 66 72 107 197 61 342 401 85 63 316 101 206 61 199 209 79 77 221
leaf_count=1051 257 67 88 71 281 84 80 69 96 203 515 69 66 72 107 197 61 342 401 85 63 316 101 206 61 199 209 79 77 221
internal_value=-0.00391102 -0.00478356 -0.00432813 0.000371212 -0.0028215 0.00364583 0.0100962 -0.0051745 -0.00909416 -0.00399287 -0.0111171 -0.00383772 -0.01075 0.0119097 -0.00443896 -0.000726257 -0.00511251 -0.00561212 -0.0107156 -0.000927152 -0.00409792 -0.00356553 -0.00520333 -0.00878361 -0.00547826 0.000459016 -0.0119636 -0.00130525 0.00869565 -0.00412852
internal_weight=5794 4546 4289 655 516 235 151 3634 834 2800 738 223 135 139 2731 1248 2528 2421 547 146 1874 1811 1495 776 570 300 270 719 156 563
internal_count=5794 4546 4289 655 516 235 151 3634 834 2800 738 223 135 139 2731 1248 2528 2421 547 146 1874 1811 1495 776 570 300 270 719 156 563
is_linear=0
shrinkage=0.035


Tree=89
num_leaves=31
num_cat=0
split_feature=256 107 27 270 39 256 49 26 270 192 185 185 8 79 80 13 60 131 11 104 9 8 200 59 13 254 83 71 270 33
split_gain=11.7083 19.3825 14.6349 13.248 12.7656 22.079 16.7224 19.2341 12.5571 12.1984 11.2037 13.9625 19.2815 20.1074 13.8727 13.5387 13.438 13.1784 11.7278 17.9306 13.8639 17.6697 17.3956 16.9346 14.9101 13.757 13.4818 14.8724 23.8786 17.3789
threshold=14.750341774785634 6377.5000000000009 7536.0000000000009 31.113291008860781 34.500000000000007 51.227747223341872 445.50000000000006 30.226399421691898 156.65473505298513 -0.1999999999979144 0.012093389617292317 0.010688270673802153 -79.337692754263102 0.016161666708457176 -4.7568305880633925 90.268308413257614 1174.0000000000002 0.80124998092651378 176.37771151161004 1411.5000000000002 41.292593583063329 -20.460953368269383 -0.030650004744529721 44.307350158691413 36.870166533696732 3.4848377516416567 47.500000000000007 2129.0000000000005 84.477035395283664 0.27124999463558203
decision_type=2 2 2 2 2 2 2 2 2 2 2 2 2 2 2 2 2 2 2 2 2 2 2 2 2 2 2 2 2 2
left_child=-1 2 3 -2 5 -5 9 -8 10 -7 11 12 14 -14 -6 -13 -15 -16 20 -20 21 23 -22 26 -25 -24 -12 28 -28 -30
right_child=1 -3 -4 4 8 6 7 -9 -10 -11 18 15 13 16 17 -17 -18 -19 19 -21 22 -23 25 24 -26 -27 27 -29 29 -31
leaf_value=-0.00077744150466319396 -0.001438899952139247 0.011566321262884658 0.0055533325159977031 0.00091169922850439051 -0.0024173131443472645 0.010663620622695071 -0.0013402934487492528 0.00081102653814485014 0.010128124317053877 -0.00087138791861755295 -0.0017102773308762568 -0.0017902639279132422 0.008011490036973646 -0.0011805085062381001 -0.003292063113510239 8.1839655873461323e-05 0.00126282080234053 0.0007360544615531634 0.0066398740230451591 -0.0013654965533917466 -0.00060626080306423248 0.021848844400426417 6.2125449063092368e-05 -0.0016510789427899904 0.0012680092549261688 -0.0004610310920731831 -0.00082263069341904785 0.0028269866859216694 0.021913590085010697 5.0045147498577472e-05
leaf_weight=161 84 66 100 292 105 77 260 91 82 74 148 313 107 63 113 68 62 107 164 62 757 69 337 215 87 483 602 373 61 211
leaf_count=161 84 66 100 292 105 77 260 91 82 74 148 313 107 63 113 68 62 107 164 62 757 69 337 215 87 483 602 373 61 211
internal_value=-0.00368167 -0.00340812 -0.00363693 -0.00388249 -0.0036572 0.000438048 -0.00400394 -0.00816011 -0.00436548 0.00560897 -0.00461547 -0.00801697 -0.00442171 0.00324895 -0.00986364 -0.0131477 -0.00619231 -0.00466667 -0.00371153 0.00393939 -0.00423387 -0.00209486 -0.00661504 -0.00281727 -0.0102606 -0.00305455 -0.001175 2.79553e-05 -0.00246871 0.00606498
internal_weight=5794 5633 5567 5467 5383 794 502 351 4589 151 4507 938 557 232 325 381 125 220 3569 226 3343 1766 1577 1697 302 820 1395 1247 874 272
internal_count=5794 5633 5567 5467 5383 794 502 351 4589 151 4507 938 557 232 325 381 125 220 3569 226 3343 1766 1577 1697 302 820 1395 1247 874 272
is_linear=0
shrinkage=0.035


Tree=90
num_leaves=31
num_cat=0
split_feature=103 85 163 27 27 179 115 71 231 27 129 225 185 27 23 153 82 109 270 131 38 203 57 16 27 111 49 38 143 269
split_gain=11.0886 13.4163 15.9574 12.0333 14.9186 12.559 15.3587 19.8281 17.6276 26.7053 14.9331 16.614 14.3787 13.3121 18.5219 12.964 12.5399 12.5118 12.2772 12.2714 11.9051 14.7455 11.8941 11.5945 18.1028 20.2888 22.9392 16.6636 15.33 15.333
threshold=36.127449035644538 5182.5000000000009 -0.93530624141138852 7536.0000000000009 3959.0000000000005 15.004788856870112 648.00000000000011 2203.5000000000005 26.612513509043371 572.50000000000011 6022.5000000000009 0.06424767123096739 0.0090523603521202554 807.00000000000011 5.1667413675097071 -0.41585031268639489 1045.5000000000002 0.64704999327659618 96.719045843713602 0.80755001306533825 1734.0000000000002 -0.6104683048428966 0.037386452219672565 2.2288551667115635 2335.0000000000005 28.771338927820747 1768.5000000000002 596.50000000000011 0.16245000064373019 1.301940184051942
decision_type=2 2 2 2 2 2 2 2 2 2 2 2 2 2 2 2 2 2 2 2 2 2 2 2 2 2 2 2 2 2
left_child=-1 -2 -3 4 5 6 7 10 9 -8 11 16 -11 14 19 -14 18 -16 -4 -13 21 -15 -6 24 25 26 -17 -28 29 -26
right_child=1 2 3 -5 22 -7 8 -9 -10 12 -12 13 15 20 17 23 -18 -19 -20 -21 -22 -23 -24 -25 28 -27 27 -29 -30 -31
leaf_value=-0.00094032939545771253 0.010503358962445173 -0.0011558301068908057 -0.00011056820866363061 0.0015953429547867117 -0.0011386881652712454 0.00068193839929990953 0.0081183158530882642 0.011011712156684323 -0.0032348523611736841 -0.0028893169674817872 -0.001657837607179782 -0.0017188377086837874 -0.0015887063127922511 -0.0025574690696490198 -0.00055148794667980803 0.006759866543060814 8.4134521229820025e-05 0.0065029346640412197 -0.0023522417599173362 0.00039173942169777213 0.01322702673953342 0.0053534452360537331 -0.00010111916015999785 -0.00045718283383351074 -0.00099592789274192029 -0.0007471982435602332 0.0023028036635022518 -0.00032992522860052003 0.00047268902872337252 -1.9279081676595869e-05
leaf_weight=897 64 101 101 132 238 269 78 101 77 78 150 116 108 91 98 294 144 110 105 64 110 229 137 934 183 251 67 265 108 94
leaf_count=897 64 101 101 132 238 269 78 101 77 78 150 116 108 91 98 294 144 110 105 64 110 229 137 934 183 251 67 265 108 94
internal_value=-0.00383859 -0.00317727 -0.00339293 -0.00308845 -0.00338979 -0.00278842 -0.00328705 -0.00036868 -0.00491542 -0.00437323 -0.00153439 -0.000179028 -0.00504399 0.00255164 -0.0021374 -0.00451711 -0.00650704 0.00492958 -0.0119431 -0.0102162 0.00675862 0.00323077 -0.0100395 -0.00391186 -0.00171271 0.00107143 0.0044374 -0.00186944 -0.00798718 -0.0122872
internal_weight=5794 4897 4833 4732 4600 4225 3956 1419 2537 2460 1318 1168 2382 818 388 2304 350 208 206 180 430 320 375 2196 1262 877 626 332 385 277
internal_count=5794 4897 4833 4732 4600 4225 3956 1419 2537 2460 1318 1168 2382 818 388 2304 350 208 206 180 430 320 375 2196 1262 877 626 332 385 277
is_linear=0
shrinkage=0.035


Tree=91
num_leaves=31
num_cat=0
split_feature=13 150 150 59 153 33 271 211 93 213 268 30 13 36 173 232 4 28 259 192 93 39 214 243 82 92 125 82 163 113
split_gain=11.0589 13.3133 16.4566 17.7314 17.4798 14.8639 14.7521 14.0457 24.5728 17.6293 17.1176 15.7291 22.3354 14.083 15.1466 12.5339 12.4731 11.7225 14.6544 13.0024 10.511 11.0859 12.2379 12.0035 11.8931 21.9276 21.0933 20.274 20.0367 22.3654
threshold=12.902607139721214 0.044500000774860389 0.056999988853931434 26.107150077819828 0.48314947199066938 0.55364999175071727 4.0177195012454332 0.69433057367684958 1259.0000000000002 9.2018040206095133 1.1114688651148177 6012.5000000000009 41.799438600028544 -10.968086518527743 0.63321195356567561 6.4961734947222025 -2.3232292080444084 349.50000000000006 -0.098090118596815032 -0.36474501107994672 23.500000000000004 34.500000000000007 0.05194999277591706 10.522764063839164 1321.5000000000002 38.644149780273445 41.653799057006843 1558.5000000000002 0.70855767466639674 -1.9767825845894553
decision_type=2 2 2 2 2 2 2 2 2 2 2 2 2 2 2 2 2 2 2 2 2 2 2 2 2 2 2 2 2 2
left_child=-1 5 4 -4 17 20 -6 8 11 -9 16 12 -5 -12 -15 -14 -10 18 -3 -20 -2 23 24 -22 28 -26 -27 -28 -23 -30
right_child=1 2 3 7 6 -7 -8 9 10 -11 13 -13 15 14 -16 -17 -18 -19 19 -21 21 22 -24 -25 25 26 27 -29 29 -31
leaf_value=-0.00080655857734438408 -0.0027870125483086448 -0.0020219453225063461 -0.0024810402450591035 0.0078683795515615412 0.00061170678161837652 0.015997257368444401 -0.00079861780599297229 0.0015090546560903321 0.0012070848149984353 -0.00058119275752175823 -0.0023128135721502334 -0.0034398531294212915 0.0031743478103105371 0.0049619860191226156 -0.0011257033216031107 -0.0015516791800313518 0.013107078303119975 0.00050589753570163772 -1.0512897744409113e-05 -0.0011102595021299894 -7.9112280204798892e-06 -0.00055374314398067004 -0.0013171092856412285 0.0070933844122413828 -0.0012384997532765569 0.010158777703592367 0.011954455712695751 -0.00035076605090965228 0.00037935414456038459 -0.00066919170601181018
leaf_weight=69 106 163 80 67 82 63 204 60 149 200 96 100 95 174 60 370 93 61 125 407 199 1305 100 74 193 162 105 406 308 118
leaf_count=69 106 163 80 67 82 63 204 60 149 200 96 100 95 174 60 370 93 61 125 407 199 1305 100 74 193 162 105 406 308 118
internal_value=-0.00401966 -0.00384206 -0.0057005 -0.00338928 -0.00909265 -0.00230439 -0.00168385 -0.00247788 -0.000868486 -0.00977358 0.00436742 -0.0056044 -0.00312849 -0.000835821 0.00380753 -0.00588298 0.011336 -0.011866 -0.01315 -0.0101676 -0.00265823 -0.00225882 -0.00294041 0.00440647 -0.00246157 0.000884041 0.00387168 0.000339147 -0.00413306 0.00243619
internal_weight=5794 5725 2586 1544 1042 3139 286 1464 1204 260 572 632 532 330 234 465 242 756 695 532 3076 2970 2697 273 2597 866 673 511 1731 426
internal_count=5794 5725 2586 1544 1042 3139 286 1464 1204 260 572 632 532 330 234 465 242 756 695 532 3076 2970 2697 273 2597 866 673 511 1731 426
is_linear=0
shrinkage=0.035


Tree=92
num_leaves=31
num_cat=0
split_feature=190 268 261 261 270 173 274 240 11 39 152 12 247 274 260 261 33 212 272 19 273 258 252 38 102 180 8 27 16 34
split_gain=12.0593 15.5233 13.6006 27.2354 17.2275 25.3658 18.6956 17.8033 17.1525 15.7004 15.4769 15.7848 15.054 16.312 15.2195 14.702 14.0518 13.4752 16.7879 13.1762 12.7263 19.1876 12.6976 12.347 17.7522 12.4276 12.1543 11.2888 11.2713 11.2506
threshold=-0.047499991953372948 -23.753377206944254 452.52999877929693 470.17500305175787 117.59517811630604 0.20130683852481782 -0.42703770972902572 -8.3126870917193934 174.91398454555909 15.500000000000002 0.65581193136922955 18.638352645080577 593.17498779296886 0.85647212406916773 0.42019856237989439 520.72998046875011 0.35834999382495886 7.3708599685106799 0.027850002050399784 5772.5000000000009 -0.019061871942639207 0.0087999850511550921 0.84703579790512695 1664.0000000000002 -4.4782725199906777 0.0044000074267387399 -54.826958939925298 6830.5000000000009 0.60521753379005905 2.3185106616132485
decision_type=2 2 2 2 2 2 2 2 2 2 2 2 2 2 2 2 2 2 2 2 2 2 2 2 2 2 2 2 2 2
left_child=1 -1 -2 -4 6 7 -5 19 9 -8 11 12 13 14 17 -14 -10 18 -11 -6 23 22 29 24 -17 -26 -19 -23 -16 -22
right_child=2 -3 3 4 5 -7 8 -9 16 10 -12 -13 15 -15 28 20 -18 26 -20 -21 21 27 -24 -25 25 -27 -28 -29 -30 -31
leaf_value=0.00041044927546177087 0.011347540503694695 -0.0016744219607692564 -0.001469424359770103 -0.00158016195858777 0.0059092511613436536 -0.001196556486309125 0.0002870956221577387 0.010580539725794038 0.014100681773704195 -0.00096053963516746761 -0.0011116671650972388 0.014555673033783146 0.0091158408274855194 0.0027804217451075563 -0.00040713241930544241 -0.00038581134417134156 -0.00060067498317445324 -0.00084331232204661163 0.0008970038459269285 -0.0027924316167213642 7.6829606344239743e-05 -0.0006161287669342769 -0.0021752227086556234 -0.00043025030106424197 0.0017055452421844649 1.7954837268837901e-05 0.013220046762865144 0.003022298651701331 -0.0012272710737421667 0.016338819948448213
leaf_weight=72 109 206 280 214 88 153 153 212 65 620 193 72 87 60 112 218 86 103 72 106 69 1429 62 232 195 196 66 61 142 61
leaf_count=72 109 206 280 214 88 153 153 212 65 620 193 72 87 60 112 218 86 103 72 106 69 1429 62 232 195 196 66 61 142 61
internal_value=-0.00406794 -0.0111307 -0.00370223 -0.0039514 -0.00336224 0.00242021 -0.00407173 0.00698297 -0.00356504 -0.00398408 -0.00440197 -0.00390601 -0.00422032 -0.00750424 -0.00846875 -0.0027304 0.00785256 -0.0061836 -0.00833572 -0.000703518 -0.00322587 -0.00497925 0.00532995 0.000289598 0.00290717 0.00733586 0.00261494 -0.00632107 -0.0159459 0.0114074
internal_weight=5794 278 5516 5407 5127 559 4568 406 4354 4203 4050 3857 3785 1175 1115 2610 151 861 692 194 2523 1682 192 841 609 391 169 1490 254 130
internal_count=5794 278 5516 5407 5127 559 4568 406 4354 4203 4050 3857 3785 1175 1115 2610 151 861 692 194 2523 1682 192 841 609 391 169 1490 254 130
is_linear=0
shrinkage=0.035


Tree=93
num_leaves=31
num_cat=0
split_feature=17 209 98 14 48 270 150 27 27 27 222 60 211 115 150 115 203 1 214 256 93 33 214 71 11 82 115 148 59 59
split_gain=15.294 12.727 10.2258 13.6914 10.9261 14.0493 13.8602 11.4575 14.7338 29.5424 14.1409 15.4494 14.2375 17.7753 32.2263 22.6762 22.2594 22.2299 18.0223 17.0501 16.25 25.1031 14.2687 17.5338 15.0535 13.6241 15.6884 21.5603 13.4841 15.6587
threshold=49.104729152659182 6.3578407646841351 0.54975000023841869 0.033455271465365762 29.824349403381351 31.113291008860781 0.051100008189678199 7727.5000000000009 2335.0000000000005 2311.5000000000005 5.9592928858748042 3807.5000000000005 -0.56606914335745173 1117.0000000000002 0.056149996817111976 2760.5000000000005 0.627496138562324 782.50000000000011 0.07445001602172853 41.51046411891911 1354.5000000000002 0.28904999792575842 0.014799989759922029 224.50000000000003 80.295839725110525 942.00000000000011 1323.5000000000002 833.50000000000011 40.281148910522468 37.698900222778327
decision_type=2 2 2 2 2 2 2 2 2 2 2 2 2 2 2 2 2 2 2 2 2 2 2 2 2 2 2 2 2 2
left_child=1 -1 4 -4 6 -6 -3 8 9 10 25 12 22 14 -14 16 -15 19 20 -18 21 -16 24 -24 -12 -7 27 -27 29 -10
right_child=-2 2 3 -5 5 7 -8 -9 28 -11 11 -13 13 15 18 -17 17 -19 -20 -21 -22 -23 23 -25 -26 26 -28 -29 -30 -31
leaf_value=0.0066723471961991051 -0.0039226289678749894 -0.00039119085495246237 -0.00013388755166914679 0.001832441035764551 -0.0011786744227368074 -0.00018597388866628181 -0.001787959234497292 0.0055689119399093354 -0.0003809592247522531 0.018040652542410548 -0.00027156466710388962 -0.0018614327267425165 -0.0014155800950134572 0.0073614179679453457 -0.0012341496745018029 -0.00065174125262504551 0.0017347326955615865 0.015225134838225227 -0.0019382100146037547 -0.0021401429648126688 0.013607157911624548 0.0084422590480986819 -0.0013556168174928258 0.0014045785386871429 0.012440612735053102 0.013162465020949107 -0.00026957553231085287 3.0936220501053827e-05 -0.00099071127977905043 0.00039536167635733147
leaf_weight=84 88 756 143 67 149 356 256 75 388 62 73 162 744 202 107 154 82 67 97 106 85 127 76 115 79 136 102 173 534 149
leaf_count=84 88 756 143 67 149 356 256 75 388 62 73 162 744 202 107 154 82 67 97 106 85 127 76 115 79 136 102 173 534 149
internal_value=-0.0039593 -0.00372614 -0.00393105 0.0035814 -0.00422559 -0.00346425 -0.00750246 -0.00308388 -0.00333174 -0.0021045 -0.00260663 -0.00398948 -0.00317131 -0.00443412 -0.00696996 0.000397727 0.00431818 -0.00255769 0.000831354 -0.00870466 0.00486111 0 0.00331897 -0.00303571 0.0111465 0.00149611 0.00580529 0.00969745 -0.00686338 -0.0029059
internal_weight=5794 5706 5622 210 5412 4400 1012 4251 4176 3105 3043 2276 2114 1771 1160 611 457 255 416 188 319 234 343 191 152 767 411 309 1071 537
internal_count=5794 5706 5622 210 5412 4400 1012 4251 4176 3105 3043 2276 2114 1771 1160 611 457 255 416 188 319 234 343 191 152 767 411 309 1071 537
is_linear=0
shrinkage=0.035


Tree=94
num_leaves=31
num_cat=0
split_feature=254 256 215 231 163 60 203 217 90 133 22 270 248 38 160 71 173 232 173 160 4 135 102 190 137 187 143 223 52 134
split_gain=11.5671 10.4347 12.593 12.2908 14.9652 14.2352 22.4097 18.5156 16.3932 12.4167 18.3528 18.9758 15.8582 16.6559 15.1095 14.4901 19.3565 16.4268 16.0772 19.3768 18.8635 14.9351 14.9574 13.7284 13.2336 12.8937 12.6951 12.5018 12.0588 11.4953
threshold=34.383125053321088 14.750341774785634 -0.031499989330768578 0.63423342534452154 0.69760011563329916 359.50000000000006 0.9061430460476888 60.286720650154656 0.025052326444109679 37.893176502864996 0.14395000040531161 46.337275445120561 -0.16567110800058679 1463.5000000000002 0.019500009715557102 299.50000000000006 0.5539030326274329 14.090101269872426 0.18897054682649223 0.028000000864267353 -61.635638757303468 -0.82264689707812289 -3.2356818875532141 -0.021650001406669613 964.50000000000011 -8.6241991513191397e-07 0.30904999375343328 11.761244207701361 6322.5000000000009 0.012842451539158041
decision_type=2 2 2 2 2 2 2 2 2 2 2 2 2 2 2 2 2 2 2 2 2 2 2 2 2 2 2 2 2 2
left_child=1 -1 3 4 -3 7 9 8 -5 12 -11 -12 -7 14 -14 23 17 24 19 20 -19 22 -18 -13 25 -17 -20 -16 29 -4
right_child=-2 2 28 5 -6 6 -8 -9 -10 10 11 15 13 -15 27 16 21 18 26 -21 -22 -23 -24 -25 -26 -27 -28 -29 -30 -31
leaf_value=-0.00072216306632954424 -0.0019395189436423493 -0.00032676949270087909 -0.00059907791940068736 -0.00090885358503783886 0.0008651320792467138 -0.0021931528994793572 0.0027199490070746843 7.4573349554386554e-05 -1.7056542413106947e-05 0.0062983181739861031 -0.0021646740282029449 -0.0038721938117942559 0.016637462561352807 -0.0011884570250180672 -0.0008803892314344445 0.0084192982051997933 -0.001147551257593577 0.012857035238657919 0.013210929160148955 -0.0019138099332505361 -0.00058128679008515375 -0.0023832587607658805 0.00037031780872696349 -8.4305848357312256e-05 -0.0007819740945890825 8.276267449186803e-05 -0.00087552208689659604 0.00024240649724992182 0.0076982444156616613 8.2922634725191023e-06
leaf_weight=161 218 159 501 335 68 127 170 143 97 78 186 117 87 265 134 252 104 84 89 292 75 97 60 84 137 261 64 114 97 1138
leaf_count=161 218 159 501 335 68 127 170 143 97 78 186 117 87 265 134 252 104 84 89 292 75 97 60 84 137 261 64 114 97 1138
internal_value=-0.00409208 -0.00377531 -0.00350646 -0.00466477 0.0031681 -0.00518369 -0.00416551 -0.0101983 -0.0137757 -0.00494285 -0.00349118 -0.00418458 -0.00884563 -0.00636364 -0.00113235 -0.00300988 -0.00181908 0 -0.00413793 -0.00744518 0.00234756 -0.0103947 -0.00372781 -0.0117233 0.00384733 0.00641892 0.00553797 -0.0055336 -0.00104538 -0.00176703
internal_weight=5794 5576 5415 3679 227 3452 2877 575 432 2707 1980 1902 727 600 335 1716 1515 1254 604 451 159 261 164 201 650 513 153 248 1736 1639
internal_count=5794 5576 5415 3679 227 3452 2877 575 432 2707 1980 1902 727 600 335 1716 1515 1254 604 451 159 261 164 201 650 513 153 248 1736 1639
is_linear=0
shrinkage=0.035


Tree=95
num_leaves=31
num_cat=0
split_feature=9 13 260 5 71 190 13 38 160 48 214 16 13 13 179 25 215 52 56 151 161 13 213 199 30 27 7 211 222 60
split_gain=11.6619 18.8671 34.3313 18.2707 18.7933 18.5071 15.3324 15.016 19.5025 18.1488 16.0689 19.5306 14.5832 20.2565 14.1744 13.7568 21.9971 15.5527 15.7857 22.1561 35.5033 16.01 19.0494 13.5477 13.2477 21.7492 18.0007 20.8962 17.3308 13.1816
threshold=-14.596503671161994 83.383137136199892 -0.42523328158011503 -4.507833322258274 2203.5000000000005 -0.047499991953372948 120.39002685701634 1020.5000000000001 0.047500006854534156 47.288249969482429 0.057800002396106727 1.3116499617571444 36.372849321741832 48.245630734643768 13.595376790289071 -10.149853708155236 -0.060400001704692834 6357.5000000000009 4.440935601177924 0.15565000101923945 0.15757500007748607 27.145230490229938 9.7244505950863367 11.147678072335895 6292.5000000000009 1645.0000000000002 -22.193513644832176 -0.044454146899615916 12.015818327481048 1142.5000000000002
decision_type=2 2 2 2 2 2 2 2 2 2 2 2 2 2 2 2 2 2 2 2 2 2 2 2 2 2 2 2 2 2
left_child=1 2 -1 4 6 -5 -2 9 15 10 11 12 14 -14 -7 24 -17 18 -18 -20 -21 -22 -23 -24 25 26 -9 -28 -27 -13
right_child=3 -3 -4 5 -6 7 -8 8 -10 -11 -12 29 13 -15 -16 16 17 -19 19 20 21 22 23 -25 -26 28 27 -29 -30 -31
leaf_value=0.0084957468487020238 -0.00031738437823953196 -0.0030876143786408993 -0.0019010093638583438 -0.0019674563661325915 0.0095735506076124882 0.0002092254926116913 0.012150970144504626 -0.001689249621109847 0.0018947431574577497 -0.0014881108672650891 -0.00083506501172398557 -0.00036508625639288255 0.011979291588550729 0.0001483830572767886 -0.00058083640164031513 0.010561722255894792 0.00012467631860597518 0.0016970721681425012 -0.0012980803027015581 0.013214224248236133 -0.0017075156234916196 -0.0018684571574220648 0.0088671591880603844 -0.0001912592881610159 -0.0016987262862972468 -0.00042844066300902126 0.00028102081533215671 -0.0012632982910829517 0.0075555503740875997 0.00044516354841146922
leaf_weight=106 519 140 191 191 103 120 68 303 232 78 233 717 185 410 156 75 69 86 185 63 113 303 85 190 88 250 90 100 127 218
leaf_count=106 519 140 191 191 103 120 68 303 232 78 233 717 185 410 156 75 69 86 185 63 113 303 85 190 88 250 90 100 127 218
internal_value=-0.00394723 -0.00942308 -0.00428808 -0.00349217 0.00181295 -0.00427761 -0.000650338 -0.00381165 -0.0057297 -0.00166588 -0.00101027 0.000115958 0.00387557 0.00694167 -0.00274021 -0.00678002 -0.00420358 -0.00547771 -0.00670286 -0.00789725 -0.00516469 -0.00749282 -0.00504288 0.001625 -0.00988577 -0.00848 -0.0132831 -0.00466667 -0.00210733 -0.0033883
internal_weight=5794 437 297 5357 690 4667 587 4476 2359 2117 2039 1806 871 595 276 2127 1169 1094 1008 939 754 691 578 275 958 870 493 190 377 935
internal_count=5794 437 297 5357 690 4667 587 4476 2359 2117 2039 1806 871 595 276 2127 1169 1094 1008 939 754 691 578 275 958 870 493 190 377 935
is_linear=0
shrinkage=0.035


Tree=96
num_leaves=31
num_cat=0
split_feature=240 209 150 147 150 153 76 15 212 9 9 5 115 111 60 150 224 115 126 114 116 37 240 82 140 38 222 126 242 261
split_gain=10.8163 11.2667 9.73185 14.7568 17.5856 20.2311 14.9823 14.42 14.0635 11.9922 19.6497 14.9417 12.9391 11.6783 18.1068 14.0325 19.7169 21.1849 12.8428 18.3701 14.1029 12.99 11.0551 10.6072 10.5761 16.7135 13.0226 10.4483 15.4854 27.6872
threshold=49.104729152659182 6.3578407646841351 0.044500000774860389 22.236700057983402 0.057200007140636451 0.48314947199066938 0.34065000712871557 4.1233027873432979 8.3348314538078299 38.381724032238502 28.887951397035085 83.723938820294038 439.50000000000006 23.06902531121818 1194.5000000000002 0.088350005447864546 0.96664400208445189 1453.5000000000002 495.00000000000006 46.521800994873054 13.500000000000002 27.446599960327152 18.090090697854283 1174.0000000000002 5652.5000000000009 334.00000000000006 16.10679308951995 1919.0000000000002 36.343719045309768 521.42498779296886
decision_type=2 2 2 2 2 2 2 2 2 2 2 2 2 2 2 2 2 2 2 2 2 2 2 2 2 2 2 2 2 2
left_child=1 -1 7 -4 5 9 -7 8 27 10 12 -11 -5 14 -6 16 18 22 21 20 -20 -15 -18 -9 25 -17 -26 28 -3 -30
right_child=-2 2 3 4 13 6 -8 23 -10 11 -12 -13 -14 15 -16 24 17 -19 19 -21 -22 -23 -24 -25 26 -27 -28 -29 29 -31
leaf_value=0.0064754913090125247 -0.0037046757719981331 -0.00020517904666288614 -0.002668244564147573 2.3263804609179875e-05 -0.001028090364407037 0.00065607765540286417 -0.00066281475242063216 -0.0010909830109562257 -0.0018144370824893243 -0.0010597529645158877 0.0010572012873861472 -0.00015835513083913125 -0.0024048037840076262 -0.001440226619722273 0.0011905527035127299 -9.1997081414666452e-05 0.013171054497002057 -0.00091358947313175851 -0.0015440520712689445 -0.0049560709184043438 0.010845049390002656 0.0056717407030798354 0.00063036647734820354 -0.0001705709702782743 0.0036153276184479953 -0.0017517481100313898 -0.00092133720171619978 -0.0010098200655203008 -0.0002234700318380459 0.0083174872431254366
leaf_weight=84 88 1054 96 87 168 115 160 337 77 277 74 100 200 69 62 75 153 91 67 140 78 166 61 207 72 81 101 318 640 496
leaf_count=84 88 1054 96 87 168 115 160 337 77 277 74 100 200 69 62 75 153 91 67 140 78 166 61 207 72 81 101 318 640 496
internal_value=-0.00393516 -0.0037384 -0.00393105 -0.00556245 -0.00499792 -0.00849214 -0.000375 -0.00262444 -0.00152703 -0.0114939 -0.00678962 -0.0158508 -0.0109075 -0.00241901 -0.00953191 -0.00096635 0.0014759 0.00846774 -0.00266667 -0.00760345 0.00116667 0.00335417 0.0143836 -0.00777778 -0.00702096 -0.0134783 -0.000983146 -0.0010585 -0.000191344 0.00263804
internal_weight=5794 5706 5622 2493 2397 1013 275 3129 2585 738 361 377 287 1384 230 1154 825 305 520 285 145 235 214 544 329 156 173 2508 2190 1136
internal_count=5794 5706 5622 2493 2397 1013 275 3129 2585 738 361 377 287 1384 230 1154 825 305 520 285 145 235 214 544 329 156 173 2508 2190 1136
is_linear=0
shrinkage=0.035


Tree=97
num_leaves=31
num_cat=0
split_feature=249 251 215 134 82 209 271 263 179 194 273 83 24 24 102 231 42 38 153 172 80 194 209 2 163 268 8 150 82 153
split_gain=10.9609 12.8764 11.4692 14.2938 14.1317 13.0521 13.5258 12.5472 14.8563 12.3582 11.5721 13.9849 11.3968 17.9693 17.6187 13.4861 15.7993 12.6329 11.1086 10.7484 10.5596 9.98603 9.8893 14.5471 14.8985 16.2524 13.9777 9.62225 16.6756 11.5389
threshold=-0.32380114548424815 0.39359256349125188 -0.035799998790025704 0.012842451539158041 1321.5000000000002 13.060617701536325 8.870314676458575 0.14545561371703822 12.629187735239514 -0.01505984848657319 0.43415068858663663 26.500000000000004 0.038098748253097954 0.043636934599526528 -4.907497997914775 20.031488289473657 14.923440115350852 981.50000000000011 0.29705382952509435 -0.08123634559447647 -3.8783071530272335 0.12935049662843176 10.825799888296521 6033.5749511718759 0.25670311748906555 4.0078847010449623 -13.933008619503289 0.053549997508525855 833.50000000000011 0.75448832759423679
decision_type=2 2 2 2 2 2 2 2 2 2 2 2 2 2 2 2 2 2 2 2 2 2 2 2 2 2 2 2 2 2
left_child=1 19 10 4 7 6 22 8 -4 -8 11 -2 27 17 21 16 -16 -14 -10 -1 -18 -15 23 24 -5 -26 -24 28 -13 -29
right_child=2 -3 3 5 -6 -7 9 -9 18 -11 -12 12 13 14 15 -17 20 -19 -20 -21 -22 -23 26 -25 25 -27 -28 29 -30 -31
leaf_value=-0.00032534945318747345 0.00061970699021230606 3.5052594252780457e-05 0.00038534583720791995 -8.8849511213473791e-05 9.1332220930459568e-05 -0.00087309301949203431 -0.00084296932424047079 -0.0035172969663456871 -0.0023470406914997059 6.5246212553002344e-05 0.00031488899534011798 -0.001178178460693824 0.00065075871678494887 -0.0013013542619714142 -0.00071104490819428972 -0.0034032179379894999 8.0932654649165948e-05 -0.0003175641458577336 -0.00010541616469971427 -0.0018784293491831362 -0.0013518644950869382 -4.2368330972907824e-05 0.00098245549618317216 -0.00031382522784361989 0.018608536356919173 2.0577166735237795e-05 -0.0002402238880375682 -0.00037443119762353125 -0.00048430774895094679 -0.0007278227767235385
leaf_weight=139 216 126 137 258 251 72 168 92 92 250 215 233 122 289 62 71 558 172 69 263 123 71 318 213 65 64 122 546 354 63
leaf_count=139 216 126 137 258 251 72 168 92 92 250 215 233 122 289 62 71 558 172 69 263 123 71 318 213 65 64 122 546 354 63
internal_value=-0.00387481 -0.00866792 -0.00338645 -0.00143153 -0.00579721 0.000410423 0.00114833 -0.00992405 -0.00623762 -0.00413712 -0.00475323 -0.00533795 -0.00603222 -0.00394433 -0.00587786 -0.00299145 -0.00154412 0.00374582 -0.0132831 -0.0116953 5.10204e-05 -0.012274 0.0032823 0.000347107 0.004375 0.0138433 0.00723596 -0.00856786 -0.0117652 -0.00541531
internal_weight=5794 528 5266 2171 641 1530 1458 390 298 418 3095 2880 2664 1468 1174 814 743 294 161 402 681 360 1040 600 387 129 440 1196 587 609
internal_count=5794 528 5266 2171 641 1530 1458 390 298 418 3095 2880 2664 1468 1174 814 743 294 161 402 681 360 1040 600 387 129 440 1196 587 609
is_linear=0
shrinkage=0.035


Tree=98
num_leaves=31
num_cat=0
split_feature=231 163 147 43 261 99 60 256 249 115 215 82 82 126 71 176 38 32 35 35 13 76 259 60 252 82 148 158 272 58
split_gain=11.4108 15.1262 13.0721 12.4013 11.0713 35.376 28.0658 20.7704 19.2795 17.2584 17.1291 18.1292 18.2506 16.8515 16.5669 17.3237 16.3045 15.0288 13.8648 16.2243 13.6184 13.2248 15.2997 13.5522 12.975 13.3878 20.635 13.6642 12.9085 12.5202
threshold=1.2807879645609923 0.69147556324603177 22.236700057983402 0.23705000430345538 486.14500427246099 0.31534999608993536 1464.0000000000002 79.699013388482328 -0.33098223051919445 347.00000000000006 -0.040699996054172509 1321.5000000000002 1454.0000000000002 58.500000000000007 214.00000000000003 0.20642733557353624 1430.5000000000002 0.15304999798536303 0.059714808795473098 0.068965548425736253 86.895015153312031 0.34125000238418585 0.16558242878995155 1320.5000000000002 3.3587839888282738 193.50000000000003 397.50000000000006 -0.0073499977588653556 0.017949998378753666 -8.0680075806003497
decision_type=2 2 2 2 2 2 2 2 2 2 2 2 2 2 2 2 2 2 2 2 2 2 2 2 2 2 2 2 2 2
left_child=1 -1 3 -2 5 -4 7 17 -6 -9 13 16 -13 -10 -15 20 18 -7 24 -20 21 22 -16 -23 25 -12 27 -27 -18 -11
right_child=2 -3 4 -5 8 6 -8 9 10 29 11 12 -14 14 15 -17 28 -19 19 -21 -22 23 -24 -25 -26 26 -28 -29 -30 -31
leaf_value=-0.00019500601771377219 0.00022484577200134639 0.00019577137990058004 0.0094774272950811696 -0.0023721866697567072 -0.0017457574907502611 0.00010362749997584187 -0.0017407411544397068 0.0017786976320696708 -0.00069992118426573944 -3.6120526522932519e-05 -0.00075761877212142761 0.014174911534550879 1.9867735998787552e-05 -0.0021012067652699078 -0.00019107746707505149 -0.00086162453911626862 -0.0011886891066756947 0.0087879208808981906 0.011554707081847188 -0.00025572671651543033 0.012244669267207851 -0.0010983244327546547 0.005592267643332126 5.6324593708281802e-06 -0.00053995483130362461 -9.9974029335120909e-05 -0.00058026738217615388 0.0047852333946777617 -0.00033329486870861295 -0.0022012897830931675
leaf_weight=510 79 199 189 218 275 144 161 158 141 60 66 91 543 64 182 423 174 90 62 63 72 468 87 304 369 79 126 118 160 119
leaf_count=510 79 199 189 218 275 144 161 158 141 60 66 91 543 64 182 423 174 90 62 63 72 468 87 304 369 79 126 118 160 119
internal_value=-0.00381445 0.000343137 -0.00439391 -0.0114735 -0.00394325 -0.000491361 -0.00398915 -0.000303819 -0.00476369 -0.00583333 -0.00406728 -0.00171606 0.00306729 -0.00655498 -0.00549533 -0.00472421 -0.00421031 0.00761506 -0.00169482 0.00888462 -0.00241055 -0.00344646 0.00319343 -0.00576577 -0.00348624 0.000977157 0.00394817 0.0109158 -0.0107375 -0.013125
internal_weight=5794 709 5085 297 4788 921 732 571 3867 337 3592 1851 634 1741 1600 1536 1217 234 883 125 1113 1041 269 772 758 389 323 197 334 179
internal_count=5794 709 5085 297 4788 921 732 571 3867 337 3592 1851 634 1741 1600 1536 1217 234 883 125 1113 1041 269 772 758 389 323 197 334 179
is_linear=0
shrinkage=0.035


Tree=99
num_leaves=31
num_cat=0
split_feature=231 203 37 60 196 82 186 281 213 172 248 255 259 265 188 39 270 91 272 38 223 86 215 26 38 126 164 225 123 35
split_gain=10.5437 15.6544 10.984 11.7205 11.0428 11.6377 11.6107 11.0394 17.4499 14.1629 10.4867 11.7885 13.0381 12.5633 10.9293 11.1094 11.5385 12.6395 10.0651 14.0025 13.5101 10.2127 11.2284 11.9171 10.0884 10.0532 9.85398 9.72914 9.45081 12.4043
threshold=1.2807879645609923 0.89987453838436193 18.325850486755375 592.00000000000011 -0.069490327019107609 3408.0000000000005 0.047262825343983968 1.0000000180025095e-35 9.928619091985011 -0.032790388609413461 -0.49215048955497659 -0.568469298909413 -0.1237144976746364 3.7453862172132095 -0.10079997777938841 249.50000000000003 54.973289158109779 -2.6311213618875837 0.026850000023841861 902.50000000000011 7.4449823151919006 -2.4054891088681747 -0.045500002801418298 24.292400360107425 898.50000000000011 779.50000000000011 -0.081761004019891961 0.099725114613308866 0.011639148189223607 0.030536077180352814
decision_type=2 2 2 2 2 2 2 2 2 2 2 2 2 2 2 2 2 2 2 2 2 2 2 2 2 2 2 2 2 2
left_child=1 -1 3 -2 5 10 -7 9 -9 -6 -4 12 -12 14 -13 16 17 -16 20 27 -18 -22 -23 -24 -25 -5 -21 -20 -14 -30
right_child=2 -3 4 25 7 6 -8 8 -10 -11 11 13 28 -15 15 -17 18 -19 19 26 21 22 23 24 -26 -27 -28 -29 29 -31
leaf_value=-0.00018870254281840501 -0.0026567541882609336 0.00028423923197485213 -0.0017989339966797365 0.00028337273895287621 -0.00080270199801752719 -0.0014330633797993294 0.012393368826666975 0.0065222747714294878 -0.0018655613290429064 -0.00011193224029913908 -0.0010964172603534572 0.00015848862303862067 0.0051619237268465609 -0.0023323385176437857 -0.0013094288521040718 0.00025047301364122587 -0.0011993574121261293 -0.00016846784269433177 1.5717333540899993e-05 0.010024874820364214 -0.0013739397653026388 -0.00090592008850969973 0.0047486477422027653 0.0026469395901108283 -0.00076317249208905603 -0.0015405555406491902 -0.00019336435155056621 -0.0017476561355284446 -0.00072297036673674359 0.00022114776818380369
leaf_weight=552 90 157 183 60 743 86 62 147 67 1515 91 87 107 97 274 157 214 88 87 76 114 133 62 62 87 74 67 70 64 121
leaf_count=552 90 157 183 60 743 86 62 147 67 1515 91 87 107 97 274 157 214 88 87 76 114 133 62 62 87 74 67 70 64 121
internal_value=-0.00385066 0.000147059 -0.00440766 -0.0119214 -0.00404953 -0.00574561 0.00366013 -0.0024021 0.00511416 -0.00312417 -0.00637355 -0.00563257 -9.02062e-05 -0.00689583 -0.00610234 -0.00680816 -0.00784167 -0.0131608 -0.00580348 -0.000459016 -0.00816839 -0.00468683 -0.00160458 0.00340278 -0.00204545 -0.00503597 0.00733108 -0.00756173 0.00353535 -0.00128947
internal_weight=5794 709 5085 224 4861 2389 148 2472 214 2258 2241 2058 383 1675 1578 1491 1334 362 972 300 672 458 344 211 149 134 143 157 292 185
internal_count=5794 709 5085 224 4861 2389 148 2472 214 2258 2241 2058 383 1675 1578 1491 1334 362 972 300 672 458 344 211 149 134 143 157 292 185
is_linear=0
shrinkage=0.035


Tree=100
num_leaves=31
num_cat=0
split_feature=98 20 136 6 27 7 160 271 270 190 213 121 23 13 221 115 60 30 163 129 222 12 5 19 30 215 231 230 93 270
split_gain=11.9439 13.6989 12.2261 14.5679 12.1769 12.402 14.5315 15.372 11.1556 11.2071 19.7276 13.3039 23.1863 21.7483 16.5222 15.0445 18.9848 13.0632 25.4739 26.1086 21.5957 16.6876 14.7082 14.5175 15.5654 13.0897 12.7823 12.577 12.4315 19.3841
threshold=0.54975000023841869 28.012166474611359 25.254999160766605 36.270192274814278 2948.5000000000005 5.0759689474997414 0.025500006973743442 6.3637371130719211 31.113291008860781 -0.035799995064735406 8.845705255764317 0.31315000355243688 5.1222682152068533 49.106383749142005 144.91679696444999 362.00000000000006 1312.0000000000002 5897.5000000000009 -0.14250417760796238 6047.5000000000009 5.5875884741854387 12.060468568877878 16.191571460893289 5812.5000000000009 5677.5000000000009 -0.035199996083974831 11.55999924931095 22.478850285265754 1303.5000000000002 64.101628810391176
decision_type=2 2 2 2 2 2 2 2 2 2 2 2 2 2 2 2 2 2 2 2 2 2 2 2 2 2 2 2 2 2
left_child=2 -2 4 8 5 6 7 -1 -4 27 -11 12 14 -13 17 16 -15 21 19 26 -21 23 -22 24 -12 -23 -19 -10 29 -20
right_child=1 -3 3 -5 -6 -7 -8 -9 9 10 11 13 -14 15 -16 -17 -18 18 28 20 22 25 -24 -25 -26 -27 -28 -29 -30 -31
leaf_value=0.001266700880232174 -7.7499612148586593e-05 0.012126298580605429 -0.00105232812776737 0.0081013054948314671 1.91306093347432e-05 -0.002827297817414697 -0.0013819676703633631 -0.00091759102823063695 -0.0012673257722617438 0.0081010243709480883 -0.00071081687989593082 0.0051138036525485361 0.011636276301982417 0.00070261281522699174 0.011164691035489442 -0.0021384632302685423 -0.0015711654997366035 0.015569128602993016 -0.00099918887948616578 0.019140440229636329 -0.0028314453594451114 -0.0011423481741140336 0.00045379531796200053 -0.00083091642410144776 0.0099487476635462344 0.012603904293183735 0.00060460832621066305 0.0032798344632530923 -0.00012908053934213988 -0.00023364949234134431
leaf_weight=115 151 61 152 67 143 71 260 250 404 141 149 75 104 155 98 223 158 158 324 69 118 85 76 371 64 62 65 63 1300 262
leaf_count=115 151 61 152 67 143 71 260 250 404 141 149 75 104 155 98 223 158 158 324 69 118 85 76 371 64 62 65 63 1300 262
internal_value=-0.00388688 0.00419355 -0.00419724 -0.00350147 -0.00808649 -0.00998573 -0.00827778 -0.00368919 -0.00373852 -0.00341577 -0.00281758 -0.00328488 -0.0024003 -0.00801136 -0.00293668 -0.0104806 -0.00539308 -0.00338964 -0.00212032 0.00498982 -0.00248134 -0.00746603 -0.00844221 -0.0101019 -0.00272936 0.00299342 0.0136623 -0.00852754 -0.00396087 -0.00817259
internal_weight=5794 212 5582 4743 839 696 625 365 4676 4524 4057 3916 3305 611 3201 536 313 3103 2372 486 263 731 194 584 213 147 223 467 1886 586
internal_count=5794 212 5582 4743 839 696 625 365 4676 4524 4057 3916 3305 611 3201 536 313 3103 2372 486 263 731 194 584 213 147 223 467 1886 586
is_linear=0
shrinkage=0.035


Tree=101
num_leaves=31
num_cat=0
split_feature=262 82 148 113 47 57 257 211 27 104 257 194 8 270 93 213 183 71 183 104 104 193 267 10 213 116 80 253 182 125
split_gain=11.9472 12.8653 14.8066 14.5472 19.9516 11.8435 11.2151 10.9875 25.763 10.8416 11.0271 11.5895 13.67 24.6232 15.7599 23.3389 18.0945 14.1828 16.6638 15.0997 22.9112 13.2906 12.855 15.6611 12.945 11.6511 11.5565 11.2308 10.9505 12.5907
threshold=0.19188648731294225 59.000000000000007 17.000000000000004 -3.6164990668356274 -17.024299701783907 0.019093214456628101 10.307370859089248 -0.03837333242106853 2111.0000000000005 6639.0000000000009 18.588475063729458 -0.049288946937819329 -66.417341230433593 101.77624377750683 656.50000000000011 9.7191138875493888 -0.15751018664555347 922.50000000000011 0.086122478368848412 603.00000000000011 1668.0000000000002 0.73464018016291088 2.2300558093496519 61.396926425576915 9.4234739898448989 25.500000000000004 -4.1023563467209261 -0.40764569494255992 -0.30869322931015614 46.31775093078614
decision_type=2 2 2 2 2 2 2 2 2 2 2 2 2 2 2 2 2 2 2 2 2 2 2 2 2 2 2 2 2 2
left_child=1 -1 -3 4 -4 -2 7 -6 -9 10 11 -5 28 14 15 -14 -16 -18 25 22 21 26 24 -24 -20 -19 -21 -26 29 -13
right_child=5 2 3 9 6 -7 -8 8 -10 -11 -12 12 13 -15 16 -17 17 18 19 20 -22 -23 23 -25 27 -27 -28 -29 -30 -31
leaf_value=0.00029532698909126912 -8.9426215980593647e-05 -0.0014145958075012944 0.0049168883400530572 -0.0004587388948092486 1.1388233915117785e-05 -0.00082488666082105927 -0.0024399107775577027 -0.0020328127099048725 4.3969126851672875e-05 0.0055692796994277457 0.01505318851824076 0.0050534128191018464 -0.00012937164066686879 0.013752678034533752 -0.0015528094912913993 0.014296151223044222 -0.00090501045772205084 0.0075791228938264354 0.001508033662857359 -0.001186675402013917 0.01107317982061949 4.537742054340044e-05 0.0059886662832077725 -3.7465276346146387e-05 8.8178712344466625e-05 0.00025518763142571069 -0.00040351144688228704 -0.00036706629008713605 -0.00069616176915043078 -0.0012330102956149467
leaf_weight=135 263 71 99 342 117 894 125 151 96 62 64 188 146 77 131 76 99 68 72 217 63 83 100 89 116 125 79 386 1136 124
leaf_count=135 263 71 99 342 117 894 125 151 96 62 64 188 146 77 131 76 99 68 72 217 63 83 100 89 116 125 79 386 1136 124
internal_value=-0.00401966 -0.00321952 -0.00354116 -0.00327435 -0.00838111 -0.0071988 -0.0112652 -0.00796748 -0.0120833 -0.00248311 -0.00272715 -0.00298092 -0.00235059 -0.000416667 -0.00124528 0.00740088 -0.00244336 -0.00132823 -0.000399145 -0.00193802 -0.00704698 -0.0102995 0.00104818 0.00884021 -0.00157168 0.00901515 -0.0137209 -0.00358974 -0.00491397 0.000883281
internal_weight=5794 4637 4502 4431 588 1157 489 364 247 3843 3781 3717 3375 1927 1850 222 1628 1497 1398 1205 442 379 763 189 574 193 296 502 1448 312
internal_count=5794 4637 4502 4431 588 1157 489 364 247 3843 3781 3717 3375 1927 1850 222 1628 1497 1398 1205 442 379 763 189 574 193 296 502 1448 312
is_linear=0
shrinkage=0.035


Tree=102
num_leaves=31
num_cat=0
split_feature=60 11 60 203 38 144 270 260 205 90 61 38 104 175 213 270 213 93 153 195 263 260 13 228 57 26 263 147 215 270
split_gain=9.68098 15.4742 12.8826 32.0871 22.0805 25.263 14.5525 14.3349 13.7836 11.9511 14.5465 15.0987 13.2987 17.0237 11.0005 13.6976 10.5363 13.2666 13.2581 13.4171 12.5212 12.4097 18.3462 16.1573 16.6355 15.1826 14.9061 18.1005 12.4381 12.1182
threshold=72.500000000000014 82.0998122002499 383.50000000000006 0.9674712323441973 326.50000000000006 32.750206127136487 66.587174953062188 0.25028319590228026 0.015671235499397831 0.022388367430503316 335.50000000000006 999.50000000000011 350.50000000000006 0.03280894039150075 10.049944422975049 42.980870430172679 8.8035743730177405 148.00000000000003 -0.2649470777418475 0.014572815618261176 -0.01722689407901434 -0.076028611692246853 88.994050390192243 2.4125328990776134 0.04918358618976075 30.333000183105472 0.31970430164673941 40.652399063110359 -0.048950001597404473 37.821258477137221
decision_type=2 2 2 2 2 2 2 2 2 2 2 2 2 2 2 2 2 2 2 2 2 2 2 2 2 2 2 2 2 2
left_child=1 -1 4 9 5 6 -2 -6 -7 10 16 -12 13 -11 -14 -16 -4 -18 19 -19 -21 22 25 24 26 28 27 29 -20 -23
right_child=2 -3 3 -5 7 8 -8 -9 -10 12 11 -13 14 -15 15 -17 17 18 21 20 -22 23 -24 -25 -26 -27 -28 -29 -30 -31
leaf_value=-0.000467601513874425 -1.3190170736614023e-05 0.00078669115656661759 0.0051946288752603865 0.014789310732120253 -0.00017377229995611145 -0.00012081574708759258 0.016439609914961857 -0.0012191221698433837 -0.0010243400002960658 0.00043266111238675744 0.0097412762618421626 -6.1567119235495245e-05 -0.00093132690486348319 -0.00081572531376779614 -0.0010020387396386145 0.0018988316159532692 -0.00090088470356576502 -0.00027183248645607454 0.00010018696315729576 0.01507571345472126 0.00023231458388761619 -0.00087219272856930215 0.0062738041561920827 0.00013198260204441622 -0.0017885775354628047 -0.0030401192561134304 -0.0015199624203373775 0.0011631006339286195 -0.0010568447564278645 -0.00026350935532491184
leaf_weight=69 114 143 135 66 83 118 77 272 95 97 74 168 570 68 89 113 348 493 96 66 105 108 63 604 124 127 89 146 209 865
leaf_count=69 114 143 135 66 83 118 77 272 95 97 74 168 570 68 89 113 348 493 96 66 105 108 63 604 124 127 89 146 209 865
internal_value=-0.00405587 0.00322581 -0.00433506 -0.00366094 -0.00856675 -0.00290954 0.00625 -0.014875 -0.011078 -0.00400567 -0.00312941 0.00510121 -0.00754246 0.00144118 -0.00945946 -0.00236715 -0.00369244 -0.00407048 -0.00333065 0.00104634 0.00934659 -0.00452586 -0.00945 -0.00324575 -0.00539267 -0.0120137 -0.00409728 -0.00295819 -0.00756452 -0.00468814
internal_weight=5794 212 5582 4823 759 404 191 355 213 4757 3820 242 937 165 772 202 3578 3443 3095 664 171 2431 495 1936 1332 432 1208 1119 305 973
internal_count=5794 212 5582 4823 759 404 191 355 213 4757 3820 242 937 165 772 202 3578 3443 3095 664 171 2431 495 1936 1332 432 1208 1119 305 973
is_linear=0
shrinkage=0.035


Tree=103
num_leaves=31
num_cat=0
split_feature=60 11 126 7 203 163 22 247 196 253 261 143 67 55 101 170 257 230 193 115 147 270 269 75 54 38 270 166 12 93
split_gain=9.61727 15.4742 15.2182 15.9156 12.7134 13.3862 18.5185 21.1938 10.1962 14.5605 11.4359 11.8079 21.3711 13.4878 17.9706 10.4587 11.569 10.8454 15.5567 13.466 13.4122 15.9577 12.8146 11.0288 10.5717 10.4805 10.1932 10.1446 9.67325 12.7165
threshold=72.500000000000014 82.0998122002499 58.500000000000007 -15.162049615355928 0.90485457416742021 0.81759827349615144 0.17234999686479571 609.57000732421886 -0.080604173364019246 1.4122627343760021 469.36000061035162 0.38674999773502355 17.457861408995083 0.46654999256134039 0.010062947389921134 0.03189999237656594 5.1737401648416421 1.0000000180025095e-35 0.747726647340207 1697.0000000000002 33.996900558471687 58.10740953601276 1.1351048275520805 -21.7510876670679 0.24884999543428424 2303.0000000000005 67.954393858623646 -0.042880478551561733 6.1689414172544224 3196.5000000000005
decision_type=2 2 2 2 2 2 2 2 2 2 2 2 2 2 2 2 2 2 2 2 2 2 2 2 2 2 2 2 2 2
left_child=1 -1 3 -2 8 6 7 -6 28 10 -10 12 15 -13 -15 17 -17 20 19 22 -12 24 25 -23 -22 -19 -3 -7 -4 -30
right_child=2 26 4 -5 5 27 -8 -9 9 -11 11 13 -14 14 -16 16 -18 18 -20 -21 21 23 -24 -25 -26 -27 -28 -29 29 -31
leaf_value=-0.00045123546088882198 -0.0012115834193955268 0.01476257672709381 -0.00056240441759321529 1.0930056879766559e-05 0.019368691434687675 3.9969458210333266e-05 -0.00040098066431731367 4.0847306810335442e-05 -0.0022679034715228428 0.0060595310207359138 -0.0009000822720191435 0.0076600421692510565 -0.0035242665267457415 0.005818807823578992 -0.0022589611738788023 0.0073028639821123148 -0.00030072086916747674 -0.00057113636819558782 0.0041614835494207447 -0.0014766028545566722 -3.4460645539343699e-05 -0.0015138657266391415 0.001268284001238488 0.0045388020603940558 -0.00074969180456483276 0.0015341188127041168 -1.0085914191171053e-05 -0.00067991407004082773 -0.00061009470622012138 0.0027286073895084403
leaf_weight=69 168 73 1251 72 98 65 117 109 176 117 482 65 78 80 84 72 86 377 115 144 77 83 172 180 91 97 70 88 936 102
leaf_count=69 168 73 1251 72 98 65 117 109 176 117 482 65 78 80 84 72 86 377 115 144 77 83 172 180 91 97 70 88 936 102
internal_value=-0.00403173 0.00322581 -0.00431001 -0.0128571 -0.00391434 0.0015249 0.00553191 0.0117217 -0.00444867 -0.0029291 -0.00350852 -0.00282998 -0.00367169 0.00463675 -0.000828402 -0.00293286 0.00558282 -0.00368623 -0.000961538 -0.00272956 -0.0063671 -0.00184633 -0.000537634 0.00352612 -0.0101156 -0.00350731 0.00969595 -0.00686709 -0.00614865 -0.00362416
internal_weight=5794 212 5582 240 5342 477 324 207 4865 2576 2459 2283 2054 229 164 1976 158 1818 905 790 913 431 646 263 168 474 143 153 2289 1038
internal_count=5794 212 5582 240 5342 477 324 207 4865 2576 2459 2283 2054 229 164 1976 158 1818 905 790 913 431 646 263 168 474 143 153 2289 1038
is_linear=0
shrinkage=0.035


Tree=104
num_leaves=31
num_cat=0
split_feature=231 211 57 104 222 271 228 228 34 249 251 270 226 104 270 274 60 82 204 27 27 5 90 150 104 38 202 143 60 185
split_gain=10.5095 15.327 12.7396 14.2042 12.6978 10.5671 11.8112 11.7018 11.6993 9.77292 13.158 17.778 9.94419 9.55076 11.3838 21.1695 11.5389 12.1556 10.9049 10.2204 20.7429 16.3371 14.0876 12.9214 15.2375 13.635 12.9013 12.9792 15.9699 12.7531
threshold=1.2807879645609923 0.81813070392197063 0.048199778808419504 2338.0000000000005 20.295043131930132 12.019157027689607 -2.6439028232061452 1.9851613908294932 3.626993513805437 -0.33924425318465617 -0.28943415910698261 97.064842517264722 -3.8846169161349526 184.00000000000003 42.913507565776563 0.86782910212164788 76.000000000000014 155.00000000000003 0.11176297992578656 1843.5000000000002 1991.0000000000002 -16.788908457516996 0.020033489150105655 0.041200000792741782 1553.5000000000002 968.00000000000011 -0.64575163396431656 0.15365000069141391 1250.0000000000002 0.013156691651333942
decision_type=2 2 2 2 2 2 2 2 2 2 2 2 2 2 2 2 2 2 2 2 2 2 2 2 2 2 2 2 2 2
left_child=1 5 9 4 -4 6 -1 8 -8 10 12 -12 -2 14 -11 16 -16 18 -18 22 -21 -22 29 24 25 -23 -25 -28 -29 -15
right_child=2 -3 3 -5 -6 -7 7 -9 -10 13 11 -13 -14 19 15 -17 17 -19 -20 20 21 23 -24 26 -26 -27 27 28 -30 -31
leaf_value=0.004276911564845178 -0.0039586466600775973 0.00023799942847191422 -0.00095633589331400827 0.0010156457069887038 0.00071109191787472497 -0.0010709147435932695 -0.00066267227656129199 0.0001849885266058446 0.00022480084569627526 -0.00082511623737527306 -0.0011971069998835998 0.0039148835108901549 -0.001174555115764563 -0.00081263156942280792 0.00011072534420372483 0.00096274708224688759 -0.0017038895150635253 -0.00023153746750093478 -0.00023725547322490882 0.0076382313691340077 -0.0042254992666044518 0.0031575738615449789 -0.00081172606642055929 0.00059537651100716963 0.013211489126777439 -0.00041537047723901965 -0.00063765262682438097 -0.0010739213574557005 0.0012340357484346147 6.7509091128648012e-06
leaf_weight=92 61 110 418 63 84 109 199 128 71 60 107 104 132 886 67 81 110 224 60 114 83 110 415 116 113 280 155 226 131 885
leaf_count=92 61 110 418 63 84 109 199 128 71 60 107 104 132 886 67 81 110 224 60 114 83 110 415 116 113 280 155 226 131 885
internal_value=-0.00414037 -0.000147059 -0.00469646 -0.00964035 -0.0115976 -0.00237583 -0.000141414 -0.00277916 -0.00687273 -0.00406851 -0.00924205 -0.0030787 -0.0157323 -0.00355011 -0.0076112 -0.00588665 -0.00878755 -0.0110526 -0.018 -0.00284456 -0.000420105 -0.00178015 -0.0043131 -0.000647007 0.00351378 0.000177215 -0.00398104 -0.00636364 -0.0026105 -0.00293637
internal_weight=5794 709 5085 565 502 599 490 398 270 4520 404 211 193 4116 602 542 461 394 170 3514 1328 1214 2186 1131 503 390 628 512 357 1771
internal_count=5794 709 5085 565 502 599 490 398 270 4520 404 211 193 4116 602 542 461 394 170 3514 1328 1214 2186 1131 503 390 628 512 357 1771
is_linear=0
shrinkage=0.035


Tree=105
num_leaves=31
num_cat=0
split_feature=187 113 6 269 271 252 104 225 110 60 104 45 82 270 91 58 49 173 11 27 30 126 203 214 136 88 23 148 17 153
split_gain=10.6057 11.845 15.556 12.5976 16.8222 10.1836 21.0003 17.8307 16.0978 21.721 16.027 15.4788 14.2436 23.9461 14.9356 17.9783 20.19 14.0569 17.5377 13.6763 25.561 13.4611 13.4077 13.3458 13.232 14.9116 16.8196 15.0695 14.6095 18.3194
threshold=-0.0014835860785321834 -3.6767287225411809 -136.75070167910607 -1.1292170666044041 3.0562294913083106 0.84703579790512695 572.50000000000011 0.33667682310444091 0.31315000355243688 997.50000000000011 715.00000000000011 13.22632313110195 1284.5000000000002 117.59517811630604 -3.3587488285845883 -5.6470297916730754 1302.5000000000002 0.72895254339816695 76.108656544148445 2071.5000000000005 5952.5000000000009 64.500000000000014 0.93540362702550073 0.03784999996423722 36.839599609375007 0.19934999942779544 2.2476373648032584 1272.5000000000002 -22.509474890268219 -0.01959021520130624
decision_type=2 2 2 2 2 2 2 2 2 2 2 2 2 2 2 2 2 2 2 2 2 2 2 2 2 2 2 2 2 2
left_child=-1 2 -2 -4 -5 6 7 17 10 11 -8 -10 14 -14 -7 16 23 21 -19 20 -17 -3 -20 -16 25 26 27 -12 -26 -30
right_child=1 5 3 4 -6 12 8 -9 9 -11 24 -13 13 -15 15 19 -18 18 22 -21 -22 -23 -24 -25 28 -27 -28 -29 29 -31
leaf_value=5.627760004222993e-05 0.010246205560728404 -0.00080771275133203872 -0.0021977200620635212 0.00069668459718587208 -0.0012501868619464091 -0.00062473767854555611 -0.00053892480326448475 0.0097370071884497929 -0.0022936379561408057 -0.0019783117717758758 0.00064065620857127502 0.005900700166478084 -0.00028843146054864102 0.010305592776553062 -0.0014085356730423899 -0.00083438127029776858 0.00032368891498453403 -0.00097278482127587118 -0.00059914205425077812 -0.0013325900029995759 0.0048934333626062783 0.00062586621761743404 0.004459471000899818 0.00018193988342668334 -0.0050091074032437202 0.0078630525398994087 -0.0016680748955844118 -0.00061533478488552847 0.0044017214179681739 -0.0010059194409382985
leaf_weight=63 80 66 176 87 347 772 230 83 60 276 169 78 602 92 89 202 254 110 82 205 98 533 75 69 64 303 129 63 137 200
leaf_count=63 80 66 176 87 347 772 230 83 60 276 169 78 602 92 89 202 254 110 82 205 98 533 75 69 64 303 129 63 137 200
internal_value=-0.00400759 -0.00416754 -0.00846043 -0.0103577 -0.00701595 -0.00357214 -0.00207661 0.00209119 -0.00439032 -0.010358 -0.00245 0.000979021 -0.00523241 -0.00100143 -0.00696281 -0.00390998 0.00151079 0.000562572 -0.00604779 -0.00830392 -0.00344262 0.00353477 0.00151235 -0.00815951 -0.000621495 0.00240658 -0.00239071 0.00324895 -0.00560345 -0.00255848
internal_weight=5794 5731 690 610 434 5041 2658 949 1709 414 1295 138 2383 694 1689 917 412 866 267 505 300 599 157 158 1065 664 361 232 401 337
internal_count=5794 5731 690 610 434 5041 2658 949 1709 414 1295 138 2383 694 1689 917 412 866 267 505 300 599 157 158 1065 664 361 232 401 337
is_linear=0
shrinkage=0.035


Tree=106
num_leaves=31
num_cat=0
split_feature=17 162 93 79 157 267 60 104 148 60 193 148 104 71 222 181 151 71 92 211 133 269 273 178 108 228 231 191 137 110
split_gain=10.7489 9.25054 16.261 11.517 13.6729 11.1589 9.7375 10.1425 18.3156 15.9401 9.71164 17.4919 15.2551 14.6018 17.9875 16.8751 13.0678 16.0074 17.8209 18.9644 22.4334 16.5131 17.872 16.1998 15.03 17.2281 14.2629 14.2442 14.7341 13.9941
threshold=49.104729152659182 -0.15585423226414946 3048.5000000000005 0.036038898074412844 -0.030495664662037607 -8.6125257203878416 5955.5000000000009 1024.0000000000002 838.50000000000011 2012.5000000000002 -0.13441663111551558 2014.5000000000002 411.50000000000006 1889.0000000000002 7.9687138738637833 0.14447500184178355 0.13709999807178977 2272.5000000000005 54.346099853515632 0.41750394821424192 31.821023859774474 0.24043470583712259 -0.011456110348578399 -0.023199990391731259 -8.7398389772103098 2.166303967972572 13.57253423887539 0.1177749987691641 1804.5000000000002 0.10135000199079515
decision_type=2 2 2 2 2 2 2 2 2 2 2 2 2 2 2 2 2 2 2 2 2 2 2 2 2 2 2 2 2 2
left_child=1 2 3 4 -1 -3 7 -6 -9 -10 12 16 -7 15 -15 -14 27 18 19 24 -21 22 -22 -20 25 -18 -27 29 -29 -12
right_child=-2 5 -4 -5 6 10 -8 8 9 -11 11 -13 13 14 -16 -17 17 -19 23 20 21 -23 -24 -25 -26 26 -28 28 -30 -31
leaf_value=-0.0015245764992142898 -0.0034613146925222995 -0.0025752411995120794 0.0043033895158683241 0.0010406451050623772 -0.00029611346696594131 0.0065635128270113696 -0.0011230638789706772 0.0085870340479330485 -0.00061227955071542863 0.0056093791729632438 9.6924608408469352e-05 -0.0010469440671632003 -0.0014126917369637838 0.010740301651246986 -0.00043337405369875409 -0.00036481409491786305 -0.00081796274038700549 -0.00062244657068537723 -0.001076859402375533 0.011164302999423866 0.0038184247452767522 -0.00072824615746846068 -0.00038491218059854231 0.0025050960326359378 -0.0022089687456760937 0.00015258596341989175 -0.002213360627675878 -8.6726398718610655e-05 0.0012773903371124131 -0.00046068710630148784
leaf_weight=158 88 154 105 128 458 90 67 113 114 85 88 91 64 107 146 994 415 676 69 123 95 288 116 291 86 170 60 74 103 178
leaf_count=158 88 154 105 128 458 90 67 113 114 85 88 91 64 107 146 994 415 676 69 123 95 288 116 291 86 170 60 74 103 178
internal_value=-0.00397137 -0.00377517 -0.00107867 -0.00232713 -0.003605 -0.0045126 -0.00178741 -0.000632258 0.00419558 -0.00223039 -0.00417186 -0.00531933 -0.00176743 -0.00273936 0.00474806 -0.00454374 -0.00481142 -0.00583333 -0.00401339 -0.00585052 -0.00133971 -0.00465278 0.00275463 0.00287671 -0.00965353 -0.0077 0 0.000703125 0.00826923 -0.00439114
internal_weight=5794 5706 1228 1123 995 4478 837 770 312 199 4324 2923 1401 1311 253 1058 2832 2389 1713 1353 622 499 211 360 731 645 230 443 177 266
internal_count=5794 5706 1228 1123 995 4478 837 770 312 199 4324 2923 1401 1311 253 1058 2832 2389 1713 1353 622 499 211 360 731 645 230 443 177 266
is_linear=0
shrinkage=0.035


Tree=107
num_leaves=31
num_cat=0
split_feature=187 113 257 269 93 71 71 252 87 25 37 82 269 1 210 224 59 175 115 129 81 185 34 127 19 9 154 267 169 161
split_gain=10.734 11.9274 14.557 16.2703 10.6906 12.9171 10.3273 9.68126 16.4467 14.6445 16.0076 15.1439 13.7098 13.5122 12.6582 12.1453 11.944 11.821 11.7267 17.07 18.2829 14.1939 13.8132 11.6786 13.4496 17.754 13.3481 11.0548 10.3937 17.7659
threshold=-0.0014835860785321834 -3.6767287225411809 10.439964409619574 -0.4749562707972998 23.500000000000004 76.000000000000014 1478.5000000000002 0.84703579790512695 0.46064999699592596 -9.9764830961109769 20.101650238037113 1284.5000000000002 4.8012858109053314 802.50000000000011 0.40588478853284721 0.99999999999228917 37.698900222778327 0.024199822678082173 1350.0000000000002 5602.5000000000009 45.557901382446296 0.017725891384397979 2.6315233897895562 6.5000000000000009 6062.5000000000009 83.244623179443465 -0.092896191937659009 4.1735643192414305 11.03769518158226 0.32577499747276312
decision_type=2 2 2 2 2 2 2 2 2 2 2 2 2 2 2 2 2 2 2 2 2 2 2 2 2 2 2 2 2 2
left_child=-1 2 3 6 -3 -6 -2 8 -7 10 -9 15 13 -13 28 16 -12 -16 19 20 -11 23 -20 -21 25 26 -25 -24 -10 -30
right_child=1 4 -4 -5 5 7 -8 9 14 18 11 12 -14 -15 17 -17 -18 -19 22 21 -22 -23 27 24 -26 -27 -28 -29 29 -31
leaf_value=6.7689218564526702e-05 -0.00082793362494431851 -0.0019818601671525537 -0.0020379923459799866 -0.00013583410737559172 0.007855575191984359 0.003651957915169268 -0.0027466786954302345 0.00035332004660083518 0.0043011755797274127 0.0011685232735773 -0.0009674408534744997 -2.5848292304758161e-05 0.0077061836416335095 -0.0021617232962538461 0.0069382702819525705 6.6061594497561778e-05 -0.00017801171314028226 -0.00010073570833290941 0.00011267571518572884 0.0083459078379923331 -0.0026833704842398297 -0.00050892536551284256 -0.00070652274387979891 -0.0030938182150043163 0.013289538279818713 0.0071592750150793151 4.0422397183970955e-05 4.1320512886250384e-06 -0.00022525454201359097 -0.0011322199813262985
leaf_weight=63 116 111 153 338 96 134 83 72 83 65 528 146 60 64 80 85 118 62 89 104 115 120 318 77 85 91 80 109 1766 383
leaf_count=63 116 111 153 338 96 134 83 72 83 65 528 146 60 64 80 85 118 62 89 104 115 120 318 77 85 91 80 109 1766 383
internal_value=-0.00409208 -0.00425296 -0.00856115 -0.00574723 -0.00365537 -0.00340426 -0.0135539 -0.00365985 -0.00214485 -0.00528529 -0.00827922 -0.00942843 -0.00229091 -0.00651163 -0.00282472 -0.0120313 -0.0136559 0.00714286 -0.00269873 0.000141509 -0.00908108 0.00317616 -0.00671785 0.00609729 0.00279586 -0.0013834 -0.00842593 -0.00931713 -0.0034734 -0.00394847
internal_weight=5794 5731 690 537 5041 4930 199 4834 2508 2326 1073 1001 270 210 2374 731 646 142 1253 737 180 557 516 437 333 248 157 427 2232 2149
internal_count=5794 5731 690 537 5041 4930 199 4834 2508 2326 1073 1001 270 210 2374 731 646 142 1253 737 180 557 516 437 333 248 157 427 2232 2149
is_linear=0
shrinkage=0.035


Tree=108
num_leaves=31
num_cat=0
split_feature=17 202 123 155 19 90 13 162 32 185 180 223 56 13 13 150 193 183 150 174 60 49 190 267 6 270 94 227 69 144
split_gain=10.3929 9.6237 14.9253 18.6785 13.4041 13.0893 12.506 10.6333 12.9688 10.9659 14.3209 10.9299 15.0153 18.3602 16.0989 13.4864 13.733 21.8365 16.3382 14.5084 12.3874 11.2746 11.1093 10.9812 17.0132 10.9547 13.7456 12.998 12.494 12.0377
threshold=49.104729152659182 -0.95419580418128846 0.0082304187587245742 0.037254235855690654 5407.5000000000009 0.0087527687367811319 123.72279556732204 -0.12215704435462373 0.14925000071525577 0.012152608792023845 -0.007500000298023223 12.44482873745423 12.413889072545317 73.428439725908518 68.394797152983372 0.02084998041391373 0.747726647340207 0.72346056971403883 0.066700007766485228 -0.068376064018285818 67.000000000000014 757.00000000000011 -0.0071000084280967704 4.3594909952004999 1.1307896346152584 46.088815442859605 257.50000000000006 0.047322283960316021 -7.5024286541158398 28.865779222805184
decision_type=2 2 2 2 2 2 2 2 2 2 2 2 2 2 2 2 2 2 2 2 2 2 2 2 2 2 2 2 2 2
left_child=1 5 3 -3 -4 -1 7 8 -6 -10 -11 12 13 14 15 -9 18 22 21 -20 -19 -17 -18 25 -25 28 -27 -28 -13 -30
right_child=-2 2 4 -5 6 -7 -8 11 9 10 -12 23 -14 -15 -16 16 17 20 19 -21 -22 -23 -24 24 -26 26 27 -29 29 -31
leaf_value=-0.0021808358006915941 -0.0032575448287551711 0.0058017160866673462 0.0064823719885251426 -0.0015181597979394901 0.00028467830091589931 -0.0006168094211495117 -0.0018557943215525496 0.0031695272404681585 -0.001264333769602787 0.0038152553939680717 -0.00031885431356790621 -0.0011477348852576511 0.0096195236127036982 -0.0010964385630142539 0.012129931607088177 -0.002670377243518823 0.00023053956887844452 0.00013185463588099246 0.0099148860371653744 -0.00091296217865128042 -0.00032933745452466305 -0.00060829556157873893 0.0039507701916994325 -0.0016968736221192496 0.00070377945510741256 -0.00054195277421238144 0.0014505925591424083 -0.00028703912873236347 3.1450000536647209e-05 -0.00068137152049890131
leaf_weight=141 88 243 110 111 451 684 78 124 113 72 256 112 68 163 61 76 137 62 64 69 225 841 108 95 93 772 72 158 80 67
leaf_count=141 88 243 110 111 451 684 78 124 113 72 256 112 68 163 61 76 137 62 64 69 225 841 108 95 93 772 72 158 80 67
internal_value=-0.00416451 -0.00397128 -0.00337393 0.00350975 -0.00391549 -0.00746386 -0.00421868 -0.00395603 -0.000546265 -0.004787 -0.00147147 -0.00483633 -0.00314528 -0.0037261 -0.00266648 -0.00331385 -0.0041903 0.000391061 -0.00650237 0.00481884 -0.00611301 -0.00816161 0.00798 -0.00714924 0.000725389 -0.00832148 -0.00660377 0.000893617 -0.0147159 -0.00759868
internal_weight=5794 5706 4881 354 4527 825 4417 4339 892 441 328 3447 1998 1930 1767 1706 1582 532 1050 133 287 917 245 1449 188 1261 1002 230 259 147
internal_count=5794 5706 4881 354 4527 825 4417 4339 892 441 328 3447 1998 1930 1767 1706 1582 532 1050 133 287 917 245 1449 188 1261 1002 230 259 147
is_linear=0
shrinkage=0.035


Tree=109
num_leaves=31
num_cat=0
split_feature=242 27 281 177 210 59 25 104 70 8 183 47 6 176 255 257 204 214 54 252 192 16 269 205 44 111 114 153 255 135
split_gain=12.3296 12.4518 10.9844 16.507 17.4863 13.4376 13.5783 11.3474 9.62623 10.7654 19.7861 11.3731 9.98017 10.0127 13.7763 11.3444 13.3733 12.7859 12.6359 9.323 16.5092 14.2416 11.8069 11.4582 11.2834 12.9079 12.865 11.0046 10.9795 10.8569
threshold=12.902607139721214 6172.0000000000009 1.0000000180025095e-35 0.013620550581830494 0.1263347900434765 40.34284973144532 -10.479965381417076 1031.5000000000002 30.855400085449222 -57.294888710828694 0.38046478083052931 -15.685992940064157 32.839817342794497 0.18903577974973465 -1.114438246177518 6.1050765144251296 0.20302660301763178 0.028499994426965717 0.27115000784397131 0.84703579790512695 -0.56677282377266558 5.0423690162104693 4.4431719974369352 0.021510087403519226 0.11824999749660493 19.863308623411189 52.388950347900398 -0.030490419761281137 0.73201055246830038 -1.5340169368183372
decision_type=2 2 2 2 2 2 2 2 2 2 2 2 2 2 2 2 2 2 2 2 2 2 2 2 2 2 2 2 2 2
left_child=-1 2 8 4 5 6 7 -4 9 10 -2 -11 13 19 -15 16 18 -17 -16 20 28 27 23 -22 -23 -26 -27 -21 -10 -25
right_child=1 -3 3 -5 -6 -7 -8 -9 12 11 -12 -13 -14 14 15 17 -18 -19 -20 21 22 24 -24 29 25 26 -28 -29 -30 -31
leaf_value=-0.0005673623140131773 -0.0011092745989541503 0.00012895909984846077 -0.0014948900848479171 0.0085264362280956414 -0.0025718900511181968 -0.0036908352931867383 0.010194483417201699 0.015471484939282045 -0.0010896832341772467 0.0013874416087534065 -0.0029064252684439669 -0.00059869746453426026 0.0046939206378370981 0.00036117545975086822 -0.00082897207371053776 0.0012032987586550318 0.0010531723225326601 -0.00089411553814438096 7.8109179617182897e-05 -0.00012436463279526133 -0.00023624986577762272 0.00036519029828266939 0.00039969711723631345 -0.00030117457198070995 -0.0018648228651226319 -0.00032055417281319726 0.0033139957583289887 -0.00058637855778229174 0.00012468188792434998 0.0089540631367809806
leaf_weight=69 173 172 62 75 125 73 64 68 290 87 65 107 93 64 565 195 64 280 71 158 932 61 209 70 119 701 140 439 98 105
leaf_count=69 173 172 62 75 125 73 64 68 290 87 65 107 93 64 565 195 64 280 71 158 932 61 209 70 119 701 140 439 98 105
internal_value=-0.0042128 -0.00402531 -0.0043136 0.000815678 -0.00211587 0.00295956 0.00773869 0.00103704 -0.00478491 -0.00977117 -0.0146914 -0.00351759 -0.00431208 -0.00454555 -0.00723071 -0.00809746 -0.010922 -0.00386458 -0.0124493 -0.00353472 -0.0017203 -0.00543438 0.00015897 -0.00129047 -0.00289961 -0.00384456 -0.00227541 -0.0097093 -0.00801527 0.00680556
internal_weight=5794 5725 5553 467 392 267 194 130 5086 432 238 194 4654 4561 1239 1175 700 475 636 3322 1704 1618 1316 1107 1021 960 841 597 388 175
internal_count=5794 5725 5553 467 392 267 194 130 5086 432 238 194 4654 4561 1239 1175 700 475 636 3322 1704 1618 1316 1107 1021 960 841 597 388 175
is_linear=0
shrinkage=0.035


Tree=110
num_leaves=31
num_cat=0
split_feature=187 13 27 270 74 13 78 159 270 274 256 220 183 80 11 89 101 88 258 19 19 247 59 118 221 201 216 144 261 60
split_gain=12.5162 12.0884 10.7455 9.36263 24.506 9.6306 21.5695 20.9262 16.5305 17.8061 11.0846 12.0261 17.9454 20.8617 19.2041 19.9642 17.7029 16.559 17.0551 16.5502 36.3469 37.9185 32.7882 25.2058 20.5335 19.0043 21.6229 19.6378 21.1937 19.1606
threshold=-0.0014835860785321834 12.902607139721214 6830.5000000000009 31.113291008860781 6372.5000000000009 22.239865072560807 8.3907177617650177 13.603751307877427 37.956760690330341 0.89830966466934536 24.698449086237449 52.312783445441475 -0.016590693736568525 -4.7941613006725623 176.37771151161004 25.763150155821315 0.016000010172526044 0.20314999669790271 0.028299994766712192 6192.5000000000009 6082.5000000000009 605.68499755859386 43.025598526000984 6107.5000000000009 28.933736728679339 0.16442500241100791 38.315875037981122 84.2507992064143 527.10498046875011 1044.0000000000002
decision_type=2 2 2 2 2 2 2 2 2 2 2 2 2 2 2 2 2 2 2 2 2 2 2 2 2 2 2 2 2 2
left_child=-1 -2 3 -3 5 6 7 -5 -7 10 -10 19 13 16 17 -16 -13 18 -14 20 24 -22 23 -23 -12 -26 -27 28 -28 -29
right_child=1 2 -4 4 -6 8 -8 -9 9 -11 11 12 14 -15 15 -17 -18 -19 -20 -21 21 22 -24 -25 25 26 27 29 -30 -31
leaf_value=7.5375358330582738e-05 -0.00072045904897751259 -0.0011684514678247349 0.00032306108011824491 0.0093922539589948294 0.030451182917466405 -0.00051216234324001468 -0.0013844368007201731 -0.00054304058899303973 -0.00050787622405251036 0.0032488746009418541 -0.0010923309878005422 -0.00088616606359966164 -0.00039019933256422587 0.0025555287959482986 0.011457911725782598 -0.0014205238223165655 -5.2753179590173402e-05 -0.0011201780617863231 0.00068101737283397606 -0.00064941184393475869 0.023704462744252416 -0.00021885555436715695 -0.002106500722691587 0.020287747449971645 -0.0015299859766534662 0.0091193272983186562 -0.0015115153028365377 0.0093800268434114133 0.0064454462586160544 -0.0026024605271042379
leaf_weight=63 66 141 150 71 60 120 101 88 117 106 606 191 442 268 123 162 220 450 142 527 88 62 86 116 60 259 613 143 68 85
leaf_count=63 66 141 150 71 60 120 101 88 117 106 606 191 442 268 123 162 220 450 142 527 88 62 86 116 60 259 613 143 68 85
internal_value=-0.00416451 -0.00433839 -0.00415432 -0.0044067 -0.00416434 -0.00442188 0.00211321 0.0100305 -0.00475983 -0.00443612 -0.00475067 -0.00447519 -0.0065352 -0.00189327 -0.00890861 -0.000844828 -0.0068149 -0.0111165 -0.00713073 -0.00294886 -0.00159744 0.00862745 0.00182156 0.0103279 -0.00357803 -0.000965126 5.9676e-05 -0.00248906 -0.00545918 0.00630901
internal_weight=5794 5731 5665 5515 5374 5314 260 159 5054 4934 4828 4711 1998 679 1319 285 411 1034 584 2713 2186 352 264 178 1834 1228 1168 909 681 228
internal_count=5794 5731 5665 5515 5374 5314 260 159 5054 4934 4828 4711 1998 679 1319 285 411 1034 584 2713 2186 352 264 178 1834 1228 1168 909 681 228
is_linear=0
shrinkage=0.035


Tree=111
num_leaves=31
num_cat=0
split_feature=171 33 33 13 270 13 143 71 260 126 30 260 148 150 8 80 243 99 67 146 137 261 55 8 148 143 270 153 88 171
split_gain=9.63643 23.9811 23.8827 19.6728 18.2877 30.021 23.0274 25.7924 22.8924 19.6739 32.0353 19.0824 17.5402 20.1406 18.4999 18.4428 18.2958 17.9956 16.3046 15.9297 13.5603 11.5553 22.5452 20.123 18.6355 12.4527 15.0702 14.6289 13.8028 24.029
threshold=0.14579999819397929 0.19054999947547915 0.15879999846220019 20.696607515450669 52.973231518721242 43.812207720579444 0.18435000628232959 857.00000000000011 -0.082256258452083952 664.00000000000011 5987.5000000000009 0.34572214819753599 1542.0000000000002 0.03655000030994416 -33.869397471395239 -4.9420191857175988 2.0072145295493766 0.11594999954104425 9.1565711425799687 -1.1688693794484386 1486.0000000000002 528.02999877929699 0.20160000026226046 -89.717334896943484 442.50000000000006 0.17185000330209735 66.690596388636848 0.31191552615108392 0.30875000357627874 0.3637749999761582
decision_type=2 2 2 2 2 2 2 2 2 2 2 2 2 2 2 2 2 2 2 2 2 2 2 2 2 2 2 2 2 2
left_child=2 3 12 -2 8 6 9 -8 -3 10 -6 -10 13 14 15 -1 -15 19 -13 -16 -5 25 -23 -24 -25 27 -27 -7 -28 -30
right_child=1 4 -4 20 5 21 7 -9 11 -11 -12 18 -14 16 17 -17 -18 -19 -20 -21 -22 22 23 24 -26 26 28 -29 29 -31
leaf_value=0.025668626952320448 0.030194837646165474 0.0077254145263483216 -0.00075299208246667419 0.0050184276215322916 -0.0016493023138638907 -0.0019257685448312858 -0.00051524615172029672 0.015666685452840844 -0.0010694562982554597 -0.0016792919575944136 0.012056407576377064 -0.00059205587510227653 -0.0011817297361898971 0.00010035172350431222 3.5218299271977396e-06 -0.00083252231268872749 -0.00063071045360185598 0.00018227915504788364 0.0019474329676350901 -0.0011854034698390759 -0.00070891318994496691 0.015821152096493148 0.015788245811919389 -0.0077422103865926531 0.00050010460803124408 -0.00067023384762535565 -0.0001523227907317404 -0.00032122432349611602 -0.0010096747561748633 -0.00045078664687354502
leaf_weight=104 67 81 381 186 112 69 87 152 358 72 121 172 88 60 77 62 93 136 65 73 75 60 74 71 78 115 1343 102 417 843
leaf_count=104 67 81 381 186 112 69 87 152 358 72 121 172 88 60 77 62 93 136 65 73 75 60 74 71 78 115 1343 102 417 843
internal_value=-0.00408001 -0.00339259 -0.00707136 0.00567568 -0.00407551 -0.003104 0.00446266 0.0124795 -0.00935389 -0.00191935 0.00308824 -0.011725 -0.00315903 -0.00097541 0.00275711 0.0118713 -0.0117405 -0.00264605 -0.00390496 -0.0108387 0.00118421 -0.00440667 0.00230903 -0.00291667 -0.0102273 -0.00506738 -0.00447301 -0.0141193 -0.00390529 -0.00652964
internal_weight=5794 4720 1074 328 4392 3716 544 239 676 305 233 595 693 605 452 166 153 286 237 150 261 3172 283 223 149 2889 2718 171 2603 1260
internal_count=5794 4720 1074 328 4392 3716 544 239 676 305 233 595 693 605 452 166 153 286 237 150 261 3172 283 223 149 2889 2718 171 2603 1260
is_linear=0
shrinkage=0.035


Tree=112
num_leaves=31
num_cat=0
split_feature=187 88 171 33 13 203 270 13 111 219 143 93 53 28 71 270 150 211 133 221 60 222 121 27 94 189 183 58 35 60
split_gain=12.0632 14.9303 21.1132 15.4687 21.1324 19.388 18.1406 24.2033 21.5695 23.2127 19.4322 24.0806 20.62 17.4276 14.5638 14.2183 21.9928 14.7062 16.7173 14.0199 16.7606 14.9564 12.3529 11.6067 11.3264 13.0299 11.252 13.6136 10.3223 10.0405
threshold=-0.0014835860785321834 0.13945000618696216 0.13110000081360343 0.19054999947547915 20.675026718954619 0.54819446708174313 52.973231518721242 43.812207720579444 25.915932320958053 -67.433218023029056 0.19655000418424609 662.50000000000011 -31.779326430155795 99.500000000000014 2163.5000000000005 43.015360906744483 0.03655000030994416 0.14331905485498181 27.798071814172577 40.482106597494905 522.50000000000011 18.140008064775227 0.11775000020861627 2796.5000000000005 151.50000000000003 13.035273715009458 0.12997353077552068 -7.5881341667087465 0.054549943284331597 82.500000000000014
decision_type=2 2 2 2 2 2 2 2 2 2 2 2 2 2 2 2 2 2 2 2 2 2 2 2 2 2 2 2 2 2
left_child=-1 2 15 4 -3 26 10 8 19 -10 11 -5 -13 -11 -7 -2 17 -17 23 -8 -21 -22 -18 -19 25 -14 27 -6 -4 -9
right_child=1 3 28 6 5 14 7 29 9 13 -12 12 24 -15 -16 16 22 18 -20 20 21 -23 -24 -25 -26 -27 -28 -29 -30 -31
leaf_value=6.6357450362337093e-05 -0.00051372420845846036 0.015496692689398857 -0.0013057909591600793 0.012947994306417351 -0.0026905722708694198 1.8851605702306931e-05 -0.0019052757597564558 0.00036672341080617234 -0.00079594439675817615 0.011831947186586644 -0.0015998052125509679 0.0018308243883294697 -0.00061455637229669297 0.0035914689196945362 -0.00090997116577151542 -0.00054464766369002892 -0.00074768702617480898 0.00032736749934043078 0.017962986031377279 -0.0013571346735334424 0.019118243304228753 -0.00052150089175128679 -3.8964830222274211e-05 -0.00083571810606188469 -0.0011717756912657169 4.935594412772443e-05 0.017607485481570168 0.009663674917915208 -0.00017302344596888453 -0.00045990573850240889
leaf_weight=63 193 74 204 63 60 65 66 106 67 105 167 74 63 117 61 62 76 64 65 69 61 60 118 81 203 108 62 88 63 3066
leaf_count=63 193 74 204 63 60 65 66 106 67 105 167 74 63 117 61 62 76 64 65 69 61 60 118 81 203 108 62 88 63 3066
internal_value=-0.00388688 -0.00405771 -0.0081203 -0.00326715 0.00320482 -0.000615836 -0.00387386 -0.0029057 0.00388182 0.0103571 -0.00912152 -0.00562984 -0.0084989 0.0157269 -0.0112214 -0.00469127 -0.00133758 0.00505415 0.00944186 -0.00348659 0.0014359 0.00916667 -0.010201 0.00256667 -0.0118206 -0.00497159 0.00586047 0.000457516 -0.0163419 -0.00407617
internal_weight=5794 5731 926 4805 410 336 4395 3717 545 289 678 511 448 222 126 659 466 272 210 256 190 121 194 145 374 171 210 148 267 3172
internal_count=5794 5731 926 4805 410 336 4395 3717 545 289 678 511 448 222 126 659 466 272 210 256 190 121 194 145 374 171 210 148 267 3172
is_linear=0
shrinkage=0.035


Tree=113
num_leaves=31
num_cat=0
split_feature=187 171 33 33 104 59 66 256 256 107 104 192 225 261 171 49 19 9 49 173 214 2 11 256 256 23 82 260 16 228
split_gain=11.9269 13.8306 16.5321 15.8478 20.929 16.8858 16.4953 15.9549 24.5198 14.5101 13.3945 18.2409 16.5286 13.591 13.3685 12.8828 14.9431 15.913 13.9699 15.8722 13.0717 15.4871 14.5181 20.6259 16.14 23.8521 12.3893 15.9681 12.4584 11.5358
threshold=-0.0014835860785321834 0.14579999819397929 0.15879999846220019 0.19054999947547915 895.00000000000011 38.322601318359382 0.14745000004768374 27.050796726446706 30.690137983163883 6177.5000000000009 1553.5000000000002 0.48387096773673266 0.078365744728631045 561.39999389648449 0.1165749989449978 2086.0000000000005 6117.5000000000009 107.59887702802818 1720.5000000000002 -0.1808908475348327 0.022600017488002781 5888.6601562500009 100.91101596296078 115.60198617920103 82.868051956814426 5.8870242680653639 1284.5000000000002 0.13734797239855853 2.7813479968130665 0.2733098866242179
decision_type=2 2 2 2 2 2 2 2 2 2 2 2 2 2 2 2 2 2 2 2 2 2 2 2 2 2 2 2 2 2
left_child=-1 2 10 4 6 -6 -3 9 -9 -5 11 12 13 -2 -13 18 17 -17 20 -20 21 22 24 -24 25 -10 27 -23 -29 -21
right_child=1 3 -4 7 5 -7 -8 8 15 -11 -12 14 -14 -15 -16 16 -18 -19 19 29 -22 26 23 -25 -26 -27 -28 28 -30 -31
leaf_value=6.4034939599655897e-05 -0.00029819972688523714 -3.5146321090795688e-05 -0.00073024992291517135 -0.00077013838194631547 -0.0018137033893094983 0.0029476640265168556 0.029061691070567303 0.008022880092359826 -0.0013692561669208932 4.2293856367020546e-05 0.004118086561705132 -0.00022850245461528642 -0.00080654528332692527 0.0045532188555879481 0.00054637029421911209 -0.00021344959568846911 0.025416908923101788 0.012386971847657871 -0.0016575370693284173 -0.0012089813990203331 -0.00055394041403472821 -0.0021298759371028687 -0.00021197896997671053 0.013987875455059019 -0.0024650844092027071 0.0071227663871620715 0.010706962147531203 0.0092727594204307685 -0.00010283004416279774 0.00010628995662028131
leaf_weight=63 89 60 374 270 70 103 95 108 110 95 114 79 222 60 73 629 76 89 72 136 1857 62 189 60 227 98 84 60 68 102
leaf_count=63 89 60 374 270 70 103 95 108 110 95 114 79 222 60 73 629 76 89 72 136 1857 62 189 60 227 98 84 60 68 102
internal_value=-0.00380238 -0.00397228 -0.00768209 -0.00317037 0.0042042 -0.00412921 0.0133437 -0.00372527 -0.0030816 -0.0106892 -0.00419782 -0.0065625 -0.0107048 -0.00159091 0.00356688 -0.00354103 0.000438048 -0.00116183 -0.00455112 -0.0115556 -0.00376064 -0.000436137 -0.00325109 0.00344488 -0.00707955 0 0.0065233 0.0014359 0.00842105 -0.00691358
internal_weight=5794 5731 1011 4720 328 173 155 4392 4027 365 637 523 371 149 152 3919 794 718 3125 310 2815 958 684 249 435 208 274 190 128 238
internal_count=5794 5731 1011 4720 328 173 155 4392 4027 365 637 523 371 149 152 3919 794 718 3125 310 2815 958 684 249 435 208 274 190 128 238
is_linear=0
shrinkage=0.035


Tree=114
num_leaves=31
num_cat=0
split_feature=187 256 27 107 261 182 113 261 261 17 148 260 194 56 110 13 44 11 204 190 38 10 59 190 256 214 114 213 145 163
split_gain=10.2971 11.7617 10.1025 9.63303 9.70048 16.0207 14.3033 15.6723 17.0263 20.4783 18.9548 15.314 11.7274 12.6534 23.9469 19.0745 21.439 14.5239 18.051 15.3502 14.5149 13.6855 13.363 12.7767 12.7661 15.7944 12.6488 12.288 11.6803 11.5318
threshold=-0.0014835860785321834 12.524700469182035 6830.5000000000009 6377.5000000000009 535.70498657226574 1.0000000180025095e-35 -3.6767287225411809 528.02999877929699 531.04000854492199 7.7926561385033297 494.50000000000006 0.34572214819753599 0.071482934180450611 4.9182632814533234 0.1974500045180321 43.812207720579444 0.21435000002384189 85.998938909618502 0.072694741084102205 -0.008799996227025984 828.00000000000011 69.421153909992555 30.08599948883057 0.010700009763240816 31.186816832198712 0.022200010716915134 46.322000503540046 9.5460980574408545 0.013262622528881097 -0.33827919382465227
decision_type=2 2 2 2 2 2 2 2 2 2 2 2 2 2 2 2 2 2 2 2 2 2 2 2 2 2 2 2 2 2
left_child=-1 -2 3 4 6 -6 -3 12 9 -9 11 -10 13 20 24 16 27 19 21 22 -8 -19 -17 28 -15 -26 -24 -16 -23 -20
right_child=1 2 -4 -5 5 -7 7 8 10 -11 -12 -13 -14 14 15 17 -18 18 29 -21 -22 23 26 -25 25 -27 -28 -29 -30 -31
leaf_value=6.1793716713669515e-05 -0.00054788626955508402 -0.00099718416922877761 0.0037050238481981888 0.0036679100753077946 -0.00078533825140840127 -0.00025969599204382691 0.01238924030523959 0.0082977473898422204 -0.0011218992527123137 -0.0025489784940412072 0.0062118303328420376 -8.7853596071058588e-05 -0.00057049061573719224 -0.001366664970645917 -0.0018789534910399197 -0.0030887188082433367 0.014597627401461017 0.0095768401461139383 -0.0015941511161696802 -0.0021060567028172417 -8.0029570542870533e-05 -0.0003645599740709646 0.00090285140085410206 -0.0017290536378726043 2.8163988131372778e-05 -0.0014826009924109704 -0.0010829874143479627 0.0061035789943652014 0.00038994268916851127 -0.0003642362265888333
leaf_weight=63 131 561 120 81 379 625 71 218 94 72 96 185 542 110 60 61 100 130 78 321 95 268 192 85 94 157 120 60 334 291
leaf_count=63 131 561 120 81 379 625 71 218 94 72 96 185 542 110 60 61 100 130 78 321 95 268 192 85 94 157 120 60 334 291
internal_value=-0.00380238 -0.00396008 -0.00370919 -0.00393072 -0.00411269 -0.00721506 -0.00339659 -0.00262568 0.00224627 0.00854237 -0.00267105 -0.00727113 -0.00364997 -0.00267287 -0.00330697 -0.00186223 0.00777778 -0.00300796 -0.000646516 -0.00701001 0.00654971 0.00225669 -0.00212963 0.00025289 -0.011571 -0.00697266 0.000883281 -0.00224 0.00207578 -0.00701872
internal_weight=5794 5731 5600 5480 5399 1004 4395 3834 665 290 375 279 3169 2627 2461 2100 220 1880 1186 694 166 817 373 687 361 251 312 120 602 369
internal_count=5794 5731 5600 5480 5399 1004 4395 3834 665 290 375 279 3169 2627 2461 2100 220 1880 1186 694 166 817 373 687 361 251 312 120 602 369
is_linear=0
shrinkage=0.035


Tree=115
num_leaves=31
num_cat=0
split_feature=187 171 33 270 8 145 137 13 190 217 143 270 33 148 213 1 8 17 153 148 203 135 180 271 135 93 144 137 90 13
split_gain=10.0641 12.0791 17.1796 21.5261 22.4448 25.8079 22.914 19.8705 18.5526 17.1973 17.0552 20.4982 16.7992 17.3074 19.5443 17.7257 25.0235 16.0882 14.9601 14.8264 26.5263 15.5015 15.3639 14.3715 14.0961 13.8804 13.311 13.0704 13.6896 18.2629
threshold=-0.0014835860785321834 0.14579999819397929 0.19054999947547915 52.973231518721242 -64.018416609261166 0.011065017283045984 3350.0000000000005 20.696607515450669 -0.0053999945521354667 27.891209015197486 0.19655000418424609 49.101739389425809 0.15879999846220019 1542.0000000000002 9.8032804005917118 697.50000000000011 -32.649820660086114 14.949737873360959 0.049540645162836565 640.50000000000011 0.68088869128744101 -1.1857404066090884 0.0078000053763389596 3.2755548612580454 -1.0424282787486427 1556.5000000000002 33.567937888654008 1625.5000000000002 0.0087527687367811319 82.790099393042382
decision_type=2 2 2 2 2 2 2 2 2 2 2 2 2 2 2 2 2 2 2 2 2 2 2 2 2 2 2 2 2 2
left_child=-1 12 7 10 6 -6 9 -3 25 -5 11 18 13 14 -2 -16 -17 27 -4 20 21 -7 26 -21 -18 -9 -22 28 29 -11
right_child=1 2 3 4 5 19 -8 8 -10 17 -12 -13 -14 -15 15 16 24 -19 -20 23 22 -23 -24 -25 -26 -27 -28 -29 -30 -31
leaf_value=5.9630936628691242e-05 -0.00050801213262694216 0.027581549772813359 0.0025429403759741108 -0.0013859437565915443 0.015692700497606807 -2.6796679384343551e-05 0.016096975649614362 0.00045502605254317378 0.0096318140876171347 -0.0027227730148680442 -0.0015987808702579832 -0.0010826327788673821 -0.0006888723595395175 -0.0011914975513254084 -0.00061579314483109807 0.019149708084017898 -0.00058636375634970152 -0.0014238758423635656 -0.00055678215800609142 0.0002911638282409707 6.2311307731271475e-05 0.0071641038640668456 0.0074076761942885464 -0.00068713681739115138 0.00018497995265917056 -0.0013084514898815953 -0.0013445020447207588 -0.0012569041310131635 -4.796886640021592e-05 0.00010813063541105229
leaf_weight=63 128 67 163 182 102 96 76 122 70 181 167 72 374 84 120 116 120 425 274 85 125 196 129 363 69 69 164 103 1354 135
leaf_count=63 128 67 163 182 102 96 76 122 70 181 167 72 374 84 120 116 120 425 274 85 125 196 129 363 69 69 164 103 1354 135
internal_value=-0.00364546 -0.00380143 -0.00305185 -0.00362975 -0.00257726 0.00121739 -0.00452255 0.00462462 0.000131579 -0.00513627 -0.00935389 -0.00606031 -0.0072687 -0.00376168 -0.00144265 0.00219767 0.00666129 -0.00425783 -0.00308824 -0.000300946 0.00283916 0.0108418 -0.00281324 -0.00525386 -0.00126289 -0.00553571 -0.0072619 -0.00277559 -0.00200597 -0.00850467
internal_weight=5794 5731 4720 4392 3716 1260 2456 328 261 2380 676 509 1011 637 553 425 305 2198 437 1158 710 292 418 448 189 191 289 1773 1670 316
internal_count=5794 5731 4720 4392 3716 1260 2456 328 261 2380 676 509 1011 637 553 425 305 2198 437 1158 710 292 418 448 189 191 289 1773 1670 316
is_linear=0
shrinkage=0.035


Tree=116
num_leaves=31
num_cat=0
split_feature=187 162 21 65 43 249 21 270 260 183 203 14 221 264 185 269 38 123 267 8 132 11 11 258 38 184 215 174 104 89
split_gain=10.1893 10.0748 7.91814 12.6522 11.6406 8.94853 12.8489 11.1816 12.4778 12.613 12.542 10.001 9.03522 7.85361 7.54764 13.5202 18.7262 13.9698 10.7431 10.1044 17.1884 14.1905 15.9684 13.2405 13.0411 15.7602 14.8369 14.1682 14.2766 13.0569
threshold=-0.0014835860785321834 -0.71880405237564338 0.17594999819993976 0.31585000455379492 0.29419998824596411 -0.238270672850982 0.14504999667406085 117.59517811630604 -0.18525066324699094 -0.1289223707636252 0.54819446708174313 -0.016957056086508434 71.718728316840412 -2.5599648931079462 0.011808303148585846 1.0540733131958471 773.50000000000011 0.0092937061989154333 2.3992771445013887 -122.32015141134603 0.28135000169277197 80.295839725110525 37.470615278323997 0.030300013720989231 654.00000000000011 0.070311021912531205 -0.035199996083974831 -0.020339213533274825 212.00000000000003 7.7304700731616336
decision_type=2 2 2 2 2 2 2 2 2 2 2 2 2 2 2 2 2 2 2 2 2 2 2 2 2 2 2 2 2 2
left_child=-1 -2 4 -4 5 6 11 8 -8 -10 -11 -3 -13 -9 15 -7 18 -18 -17 20 -16 22 -22 24 25 26 27 28 -21 -26
right_child=1 2 3 -5 -6 14 7 13 9 10 -12 12 -14 -15 19 16 17 -19 -20 23 21 -23 -24 -25 29 -27 -28 -29 -30 -31
leaf_value=5.7543853846688816e-05 0.0037897169914783112 -0.0017826818127924656 1.5914897860816458e-05 -0.0012693133262126667 -0.0005931941292787855 -0.0012319703083993134 -0.0019423409958696193 0.0060503576495039881 0.0058702316806272838 -0.0012039003625582752 7.600108710450138e-05 0.00017657946785988921 -0.002161442941946866 -0.00051757382889622381 0.014126750230926544 1.85787447783653e-05 0.010332626342610108 -2.6520609254668817e-05 -0.0031064474182723851 -0.00094791802317160901 0.00035868373722371593 0.0066965232084424771 -0.002380112695909042 0.00015606385143116631 -0.001269110767624423 -0.00052664243322322836 0.00066689871026056485 0.00017880741018457382 6.9032565521744978e-05 -0.00031708721754328267
leaf_weight=63 69 153 84 158 100 637 95 60 75 113 78 74 60 66 126 61 77 150 72 72 126 119 110 359 85 166 248 139 93 1906
leaf_count=63 69 153 84 158 100 637 95 60 75 113 78 74 60 66 126 61 77 150 72 72 126 119 110 359 85 166 248 139 93 1906
internal_value=-0.00372995 -0.00388685 -0.00405153 -0.0102024 -0.00376774 -0.00353615 -0.00700899 -0.00348577 -0.00659836 -0.00258303 -0.00732143 -0.0128253 -0.00553957 0.00534351 -0.00293782 -0.00562375 -0.000191781 0.00588362 -0.0103986 -0.00217642 0.00252058 -0.00145833 -0.00639004 -0.00291572 -0.00375276 0.000290456 0.00314183 -0.00203883 -0.00885294 -0.00520792
internal_weight=5794 5731 5662 242 5420 5320 774 487 361 266 191 287 134 126 4546 997 360 227 133 3549 481 355 236 3068 2709 718 552 304 165 1991
internal_count=5794 5731 5662 242 5420 5320 774 487 361 266 191 287 134 126 4546 997 360 227 133 3549 481 355 236 3068 2709 718 552 304 165 1991
is_linear=0
shrinkage=0.035


Tree=117
num_leaves=31
num_cat=0
split_feature=47 147 98 261 99 60 171 13 8 263 206 60 90 203 153 115 43 260 196 60 270 31 142 12 165 150 26 155 137 39
split_gain=8.55248 12.0225 10.3481 10.6258 27.794 26.2694 14.9463 28.3213 17.2488 12.709 11.8804 11.2835 24.5881 19.5087 12.1231 10.7277 15.0591 13.9746 11.3136 10.6597 10.5614 10.363 10.0605 10.163 9.94394 10.9124 10.9893 13.6304 20.2414 10.3668
threshold=-18.084492616129229 21.642299652099613 0.54975000023841869 486.14500427246099 0.31534999608993536 1464.0000000000002 0.37122500687837606 70.68243300806013 -68.635655541229752 -0.30771520569461414 -0.06205260931456507 513.50000000000011 0.025052326444109679 0.96233830005801335 0.58845129817273223 347.00000000000006 0.25214999914169317 0.46575782248119202 -0.060182391766817826 2544.5000000000005 55.417419861925225 -28.40106584488133 0.81854999065399181 6.1115100163457798 0.041038297169432129 0.027700003236532215 23.378450393676761 0.032550114623486094 542.00000000000011 31.500000000000004
decision_type=2 2 2 2 2 2 2 2 2 2 2 2 2 2 2 2 2 2 2 2 2 2 2 2 2 2 2 2 2 2
left_child=-1 -2 3 4 -3 6 7 -6 15 10 -5 12 22 24 -14 16 18 -17 -8 -7 -16 -4 23 -11 29 -26 -27 -28 -29 -13
right_child=1 2 21 9 5 19 8 -9 -10 11 -12 13 14 -15 20 17 -18 -19 -20 -21 -22 -23 -24 -25 25 26 27 28 -30 -31
leaf_value=0.011956524213181788 -0.0016001850479995124 0.0077958951191780135 0.0033224766011963158 -0.0023361318941158725 0.00040221517401744708 -0.0025488568160351934 -0.0042515414358780899 -0.0021358226638704147 0.012513461021097747 -0.00074373758338226747 -0.00058810315739114274 0.00034559007884714892 -0.00025483901288123945 0.012195343887235461 -2.1035406275686647e-05 -0.0023246347279188527 0.0077697393342466168 4.0340983136864518e-05 0.0080621967058092294 -0.0010178055863190301 0.0096366073820388139 -0.00029383242786466785 -7.0835521103934101e-05 -0.00060182818471680229 0.00093086416265720129 -0.0023405870415643955 -0.00098078983334872198 0.0037215677794984934 -0.00067692287103211042 -0.00027050360636689198
leaf_weight=69 249 204 106 178 70 83 61 94 61 259 220 282 60 69 60 70 101 91 66 87 72 78 116 181 94 104 89 82 164 2274
leaf_count=69 249 204 106 178 70 83 61 94 61 259 220 282 60 69 60 70 101 91 66 87 72 78 116 181 94 104 89 82 164 2274
internal_value=-0.00382652 -0.00397644 -0.00362708 -0.00391165 -0.000634441 -0.00363752 -0.000226171 -0.00911243 0.00307692 -0.00466233 -0.0105955 -0.004045 -0.00790173 -0.00312046 0.00284264 0.000266497 0.0051073 -0.00653614 -0.00291667 -0.0156 0.00868613 0.00444444 -0.0116043 -0.014 -0.00354072 -0.00787175 -0.0101689 -0.00689706 -0.00250996 -0.00262398
internal_weight=5794 5725 5476 5292 988 784 614 164 450 4304 398 3906 748 3158 192 389 228 161 127 170 132 184 556 440 3089 533 439 335 246 2556
internal_count=5794 5725 5476 5292 988 784 614 164 450 4304 398 3906 748 3158 192 389 228 161 127 170 132 184 556 440 3089 533 439 335 246 2556
is_linear=0
shrinkage=0.035


Tree=118
num_leaves=31
num_cat=0
split_feature=253 80 266 169 17 59 147 46 186 116 114 159 6 50 64 8 5 30 211 55 90 5 213 274 205 252 25 270 13 13
split_gain=10.7137 10.471 10.0101 15.0901 10.6224 10.1963 14.0136 11.0066 10.0524 9.89527 9.84575 21.7837 15.238 13.2703 12.9852 10.7567 10.6451 15.5371 19.8753 21.0642 17.1723 16.8736 16.7921 16.4133 17.8373 15.546 13.7242 13.4487 30.0257 15.6577
threshold=1.4122627343760021 -3.291754727996671 -9.7023486070363365 10.951586879409094 -24.987002940280441 40.726800918579109 34.288850784301765 0.02749174011666106 -0.68819387181604952 17.500000000000004 51.14704895019532 13.227744900125334 -14.417350228291367 262.50000000000006 15.11201035554244 -84.009750673141369 34.070910017032453 6282.5000000000009 0.63723530910620674 0.14265000075101855 0.022388367430503316 18.850070707289994 9.6048793308655274 0.18217135804155274 0.017963558195358241 -4.7795389871430052 -12.437694100454872 63.027347058263182 48.954781884875572 36.372849321741832
decision_type=2 2 2 2 2 2 2 2 2 2 2 2 2 2 2 2 2 2 2 2 2 2 2 2 2 2 2 2 2 2
left_child=1 2 3 -1 -4 6 7 9 -9 -5 16 -12 13 15 -14 -13 17 18 19 -6 21 23 -23 24 -21 -25 -20 -18 29 -29
right_child=-2 -3 4 5 10 -7 -8 8 -10 -11 11 12 14 -15 -16 -17 27 -19 26 20 -22 22 -24 25 -26 -27 -28 28 -30 -31
leaf_value=0.0052520856984419675 0.0001653552798689015 -0.0015515838928018141 0.0043164116366958289 -0.0025544518912049199 0.011566030366864176 -0.0021282227987832942 0.0060381896733226297 -0.0026663436243916697 3.2102585325703154e-05 -0.00032855085266725428 0.0013399158966459414 0.00013248938361046681 -0.00010328659728754298 0.00039872610523856381 0.006055497882772533 -0.002216339136465469 -0.00029279945921050767 -0.0010023260511321593 0.017725805095658007 -0.00039487449843575776 -0.0018159276552336553 0.013991126304450556 -5.0996860260499328e-05 0.0041995281388673093 0.006413629839014728 -0.0014841950391257636 9.2598500999682709e-06 -0.00010005064654545927 -0.00042404805500995932 0.012875354804792587
leaf_weight=65 242 85 129 136 62 257 74 62 198 100 224 63 155 91 64 196 561 173 73 389 265 90 113 66 127 245 86 111 1174 118
leaf_count=65 242 85 129 136 62 257 74 62 198 100 224 63 155 91 64 196 561 173 73 389 265 90 113 66 127 245 86 111 1174 118
internal_value=-0.0037541 -0.00406874 -0.0038697 -0.00725753 -0.00320197 -0.00853966 -0.00584348 -0.00796407 -0.00290566 -0.013361 -0.00349135 4.38596e-05 -0.00359756 -0.00808451 0.00359375 -0.0120644 -0.00425779 -0.00221074 -0.00105851 -0.00244126 -0.00341923 -0.00135266 0.00757212 -0.00357572 0.000268714 -0.00985759 0.0104573 -0.00600813 -0.00415128 0.00732906
internal_weight=5794 5552 5467 892 4575 827 570 496 260 236 4446 793 569 350 219 259 3653 1689 1516 1357 1295 1030 203 827 516 311 159 1964 1403 229
internal_count=5794 5552 5467 892 4575 827 570 496 260 236 4446 793 569 350 219 259 3653 1689 1516 1357 1295 1030 203 827 516 311 159 1964 1403 229
is_linear=0
shrinkage=0.035


Tree=119
num_leaves=31
num_cat=0
split_feature=253 49 211 60 32 163 184 38 126 151 28 209 110 92 13 256 190 60 47 104 261 116 209 256 13 71 261 32 256 9
split_gain=10.6778 10.1207 12.8054 15.8241 9.76544 11.0075 10.2296 13.7281 15.0124 12.3007 15.9915 13.4505 12.7048 15.6242 13.979 18.5894 13.2889 12.9548 13.0336 19.0461 14.9236 20.8342 14.7334 14.037 28.1553 13.9953 13.2994 12.6885 12.2256 16.1747
threshold=1.4122627343760021 5803.0000000000009 0.6467133482791757 771.50000000000011 0.16724999994039538 0.29485401749376922 -0.13377404781787072 1007.5000000000001 688.00000000000011 0.15802500024437907 62.500000000000007 10.481616607352047 0.16434999555349353 54.346099853515632 27.145230490229938 30.690137983163883 -0.026300005614757534 76.000000000000014 -11.783868919060755 857.00000000000011 527.10498046875011 25.500000000000004 9.711963425624047 41.92864140929953 43.812207720579444 1335.5000000000002 531.17498779296886 0.13694999366998675 117.08052463533404 163.28079411571372
decision_type=2 2 2 2 2 2 2 2 2 2 2 2 2 2 2 2 2 2 2 2 2 2 2 2 2 2 2 2 2 2
left_child=1 4 -3 -4 6 -6 7 -1 -9 10 -8 -12 13 -11 16 -16 -14 -17 19 -19 23 26 -21 -20 -25 -23 -22 -13 29 -26
right_child=-2 2 3 -5 5 -7 9 8 -10 12 11 27 14 -15 15 17 -18 18 20 22 21 25 -24 24 28 -27 -28 -29 -30 -31
leaf_value=0.0013409428060423075 0.00015956784507348862 -0.0019495985919069272 -0.00057714916734665173 0.0021112986854303533 -0.00064503418430148017 0.00043413914066826436 3.5931100049826915e-05 -0.00056930712949720887 0.00029531015745962901 -9.627935313505671e-05 -0.0010035590467321615 3.0912917315417682e-05 9.9065137853890942e-05 0.0098969335589395718 0.0096006702949840688 0.00028074319978819734 -0.0009115593117381141 -0.0014106819999515304 -0.0011976129326600464 -0.0019883125580284575 0.0081388007416411008 -0.002394095927398387 0.00029476873702426355 0.010770435620081101 -0.0005943240110459733 0.0010033814775674841 0.00022439047843384784 -0.00052354212011420157 0.00027940505212132205 0.0058056868137271039
leaf_weight=161 242 73 75 63 89 121 76 120 99 162 155 155 69 74 83 92 256 281 208 91 108 141 174 116 1714 151 106 310 165 64
leaf_count=161 242 73 75 63 89 121 76 120 99 162 155 155 69 74 83 92 256 281 208 91 108 141 174 116 1714 151 106 310 165 64
internal_value=-0.00374202 -0.00405615 -0.0115046 -0.0048951 -0.0037514 0.0035814 -0.00405471 0.00145455 -0.00421875 -0.00449643 -0.00878745 -0.01064 -0.00375 0.00406639 -0.00423771 -0.00358102 -0.0111364 -0.00398566 -0.00434868 -0.00927405 -0.00336393 0.00205479 -0.00246296 -0.00457526 -0.00367975 -0.00400673 0.0102283 -0.00752128 -0.00468943 -0.00553561
internal_weight=5794 5552 211 138 5341 210 5131 380 219 4751 696 620 4055 236 3819 3494 325 3411 3319 546 2773 506 265 2267 2059 292 214 465 1943 1778
internal_count=5794 5552 211 138 5341 210 5131 380 219 4751 696 620 4055 236 3819 3494 325 3411 3319 546 2773 506 265 2267 2059 292 214 465 1943 1778
is_linear=0
shrinkage=0.035


Tree=120
num_leaves=31
num_cat=0
split_feature=49 54 57 253 253 254 78 78 93 256 200 48 124 256 11 213 28 85 60 46 275 275 42 132 270 200 176 131 256 163
split_gain=10.6933 10.2592 9.51985 9.57334 10.565 9.93622 9.38504 9.20754 10.4121 12.089 15.6689 10.5875 10.8844 12.557 15.5375 12.0822 11.0015 10.816 19.8834 12.5745 9.32063 17.4554 9.52635 11.3727 13.172 8.73412 8.93463 8.7211 11.3459 23.4453
threshold=5803.0000000000009 0.2540500015020371 0.053575690481695047 1.4122627343760021 0.98800173482738185 45.79997917971702 3.9608619681991786 28.079652311183356 23.500000000000004 110.93133631578932 -0.041499994695186608 24.216249465942386 -3.3803613749112236 96.109795024555197 176.37771151161004 10.137808291787131 105.50000000000001 5612.5000000000009 654.00000000000011 0.016130104254049763 -1.8057775764290793 -2.100092419613508 18.15572317696579 0.17844999581575396 58.10740953601276 -0.07230000942945479 -0.32211094800652068 0.82445001602172863 31.595978381753557 -0.25019513215347394
decision_type=2 2 2 2 2 2 2 2 2 2 2 2 2 2 2 2 2 2 2 2 2 2 2 2 2 2 2 2 2 2
left_child=2 -2 3 4 5 6 -1 8 -8 11 -11 -10 15 14 17 -13 -16 18 -14 -19 21 22 -21 -24 -25 -6 -27 28 29 -22
right_child=1 -3 -4 -5 25 -7 7 -9 9 10 -12 12 13 -15 16 -17 -18 19 -20 20 27 -23 23 24 -26 26 -28 -29 -30 -31
leaf_value=0.00080597356106916994 -0.00097266847348523766 -5.2874736707592692e-05 -0.00066021274014105237 0.00018849565141891014 -0.0023151510118872977 -0.0026342455497661956 -0.0018706668537654333 0.0086364437370532732 0.002275869706535742 -0.00025057813027144494 0.0083834613912173277 -0.0010741219201760134 -9.5037037443799775e-05 -0.00211165626433175 -0.00016691204577757137 0.0040073245837955089 0.012824944798637414 0.0061265494205519268 -0.0023149450646163605 -0.00051821310090154949 0.0094060414696760276 0.0075130573615685156 0.00068031774159275536 -0.001155451599655083 0.0002951839963360792 -0.0034325840518664853 -0.00057119761972871655 0.00015746460357358129 -0.0001878749770087962 -0.00048149787861979324
leaf_weight=71 133 81 352 233 80 90 81 92 104 63 79 413 117 113 67 61 74 74 88 81 105 89 73 79 210 68 197 134 1683 609
leaf_count=71 133 81 352 233 80 90 81 92 104 63 79 413 117 113 67 61 74 74 88 81 105 89 73 79 210 68 197 134 1683 609
internal_value=-0.0035851 -0.0111872 -0.0032838 -0.00290273 -0.003227 -0.00278195 -0.00254545 -0.00274922 -0.0029816 -0.00273779 0.00714286 -0.00308208 -0.00336687 -0.00270203 -0.00231795 -0.00832985 0.00886986 -0.00280251 -0.0105 -0.00228358 -0.00263527 0.00156425 -0.00132813 0.00114441 -0.00202381 -0.0091 -0.00583333 -0.00351932 -0.00400708 -0.00769124
internal_weight=5794 214 5580 5228 4995 4650 4560 4489 4397 4316 142 4174 4070 3596 3483 474 141 3342 205 3137 3063 532 443 362 289 345 265 2531 2397 714
internal_count=5794 214 5580 5228 4995 4650 4560 4489 4397 4316 142 4174 4070 3596 3483 474 141 3342 205 3137 3063 532 443 362 289 345 265 2531 2397 714
is_linear=0
shrinkage=0.035


Tree=121
num_leaves=31
num_cat=0
split_feature=49 54 124 9 13 115 192 82 126 173 193 256 27 2 210 91 71 129 258 72 8 171 71 257 27 71 143 92 49 113
split_gain=10.7968 10.2592 8.90545 8.96068 14.3305 18.899 15.3602 10.368 20.3011 16.4401 19.1742 18.9406 16.4943 22.435 15.3283 16.4387 21.1717 19.2454 17.0402 15.0166 14.85 14.2339 15.3165 21.3607 17.0896 15.7157 15.091 13.886 13.6971 13.662
threshold=5803.0000000000009 0.2540500015020371 -1.1741500877461963 -17.584348003811801 83.383137136199892 167.50000000000003 -0.25365079364809689 1273.5000000000002 664.00000000000011 0.17265959237701559 -0.22529089665998833 85.519613303960298 928.50000000000011 5801.7500000000009 -0.17169186350294965 -2.9197105890322326 1619.5000000000002 5957.5000000000009 0.0073500052094459542 81.500000000000014 -26.755135775461607 0.28432500362396246 1157.5000000000002 4.5096115460766848 2189.0000000000005 2099.5000000000005 0.37690000236034399 51.584348678588874 1447.5000000000002 -1.5682095624594539
decision_type=2 2 2 2 2 2 2 2 2 2 2 2 2 2 2 2 2 2 2 2 2 2 2 2 2 2 2 2 2 2
left_child=2 -2 3 4 5 -1 -7 8 14 11 -11 21 13 -13 -5 18 17 19 -16 -17 -18 22 24 25 27 -24 -23 28 -9 -25
right_child=1 -3 -4 7 -6 6 -8 9 -10 10 -12 12 -14 -15 15 16 20 -19 -20 -21 -22 26 23 29 -26 -27 -28 -29 -30 -31
leaf_value=0.0067475284302705293 -0.0009386250769132555 -5.1024120922827935e-05 -0.001309409545920278 0.00050308045285162972 -0.0031714458823301991 -0.00377413388611302 0.00021044906699344031 0.010740823072057806 -0.00059753026993642822 0.014005614627932046 3.0593766370006216e-05 0.012794933938306588 0.013034478181859316 -0.0024517398074646347 0.0074505068172528114 0.002113921287600691 -0.00063888130041823477 0.0090510612876872377 -0.00035684536811087853 -0.00032839457666954678 0.00018849396929166375 -0.0011955196459009527 -0.00082026637886290312 -0.0023874230738810346 0.016285327065485578 0.00034614845510509408 0.00089456119170528532 -0.001971694367202661 -0.00028677780297718197 0.00025171319082837153
leaf_weight=69 133 81 60 220 129 118 72 134 1196 71 171 83 76 84 102 138 237 130 1286 131 66 159 188 165 64 105 72 127 66 61
leaf_count=69 133 81 60 220 129 118 72 134 1196 71 171 83 76 84 102 138 237 130 1286 131 66 159 188 165 64 105 72 127 66 61
internal_value=-0.00354889 -0.0111872 -0.0032462 -0.0030914 -0.00819338 -0.00331439 -0.00897436 -0.00269807 -0.00376816 -0.000386266 0.00793522 -0.00186465 0.00691532 0.000610465 -0.00184449 -0.00277327 0.00158416 0.00684406 -0.00497487 0.00140511 -0.00534091 -0.00375654 -0.00175956 -0.00567748 0.00344697 0.000587248 -0.0114195 0.000105422 0.00580488 -0.0136364
internal_weight=5794 214 5580 5520 388 259 190 5132 3506 1626 242 1384 243 167 2310 2090 702 399 1388 269 303 1141 910 519 391 293 231 327 200 226
internal_count=5794 214 5580 5520 388 259 190 5132 3506 1626 242 1384 243 167 2310 2090 702 399 1388 269 303 1141 910 519 391 293 231 327 200 226
is_linear=0
shrinkage=0.035


Tree=122
num_leaves=31
num_cat=0
split_feature=25 257 11 60 150 32 88 213 35 38 34 131 160 71 132 270 260 115 256 194 270 60 105 232 16 110 247 44 13 11
split_gain=9.9309 15.2128 15.1049 16.5328 16.7262 8.1331 13.0363 15.8171 14.4363 12.5832 10.5425 13.743 11.8817 10.418 16.3602 16.4033 22.298 21.0034 17.7105 17.2607 14.4369 13.3128 14.6192 13.3392 12.7719 12.547 12.0241 16.7144 13.9022 26.3565
threshold=-19.380045151879447 9.3016495749950749 29.90359757319963 1217.0000000000002 0.018399991095066074 0.16724999994039538 0.1378000006079674 9.7748299774235168 0.061230892194115878 1463.5000000000002 2.8260574994360472 0.79694998264312755 0.025300007313489917 3059.0000000000005 0.17764999717473987 52.973231518721242 -0.091630813995807456 1117.0000000000002 29.643524240079291 0.059302074600954054 45.861884043869516 82.500000000000014 18.500000000000004 0.75468000881762098 2.1433639007661935 0.17654999345541003 603.15499877929699 0.16645000129938128 43.812207720579444 66.000930918210273
decision_type=2 2 2 2 2 2 2 2 2 2 2 2 2 2 2 2 2 2 2 2 2 2 2 2 2 2 2 2 2 2
left_child=1 2 -1 4 -4 6 7 -2 13 -10 11 12 -9 14 20 16 -16 -18 -17 -19 -8 -20 -23 -24 -22 -25 27 -27 29 -29
right_child=5 -3 3 -5 -6 -7 8 10 9 -11 -12 -13 -14 -15 15 18 17 19 21 -21 24 22 23 25 -26 26 -28 28 -30 -31
leaf_value=-0.0049548309229098808 -0.00053003432823673453 -0.0021408416784539342 0.015024465450784497 0.0081565620873044718 -0.0011146664100200516 0.00017980794659086392 0.010394482100453233 -0.00022158684588107562 0.0047691495562252363 -0.00041133723866583775 -0.0011446185814013817 3.9088415041229902e-05 -0.00049586801452807981 -0.00055084196906262403 0.012464546405801269 0.015621097896547234 -0.0021205847702619042 -0.0011702149874177543 0.0088539229026892777 0.0020410396914573568 0.00048533969023061485 -0.0037305187706315559 0.0037997971553667114 -0.001083019095638571 -0.0013932024007260937 -0.001782636348516969 0.0035368999119324688 -0.0027425826428504893 -0.00027409798671318154 0.0071798544976072413
leaf_weight=76 152 156 62 112 215 156 96 143 118 70 101 280 73 458 63 60 207 117 84 75 78 68 84 113 61 66 213 82 2087 68
leaf_count=76 152 156 62 112 215 156 96 143 118 70 101 280 73 458 63 60 207 117 84 75 78 68 84 113 61 66 213 82 2087 68
internal_value=-0.00348853 -0.00765974 -0.00439362 -0.00151015 -0.00608156 -0.00298088 -0.0032268 -0.00747347 -0.00247367 0.00689119 -0.00482558 -0.00265469 -0.00918552 -0.0029131 -0.00227736 -0.00289947 -0.00899358 -0.0120421 -0.00192321 -0.0035533 0.0065625 -0.00232927 -0.00275126 -0.00233076 -0.000729167 -0.00277715 -0.00224911 -0.00298744 -0.00245094 0.00767742
internal_weight=5794 621 465 389 277 5173 5017 749 4268 188 597 496 216 4080 3622 3387 462 399 2925 192 235 2865 2781 2713 139 2629 2516 2303 2237 150
internal_count=5794 621 465 389 277 5173 5017 749 4268 188 597 496 216 4080 3622 3387 462 399 2925 192 235 2865 2781 2713 139 2629 2516 2303 2237 150
is_linear=0
shrinkage=0.035


Tree=123
num_leaves=31
num_cat=0
split_feature=228 126 126 272 132 20 203 148 258 219 274 10 145 8 113 27 27 8 56 110 33 132 61 253 268 164 37 213 162 288
split_gain=10.2577 10.3949 19.9669 13.4159 10.2617 16.1728 13.9745 15.7861 13.9679 13.8757 12.5934 10.9297 10.8975 10.8114 11.7233 10.1615 22.0925 16.4883 17.1116 13.8956 11.0667 12.0389 10.6035 13.2292 12.13 10.4505 11.6419 9.7609 9.78801 9.54069
threshold=-18.658104335526058 74.500000000000014 120.00000000000001 0.032499998807907111 0.11414999887347223 25.479644317625286 0.32126502387556893 423.50000000000006 0.013599995523691179 -13.466110304894517 0.47306494117599679 58.556567007822899 0.016260155037284649 -69.713380579030087 -1.6992374739738776 2444.5000000000005 2311.5000000000005 -124.7251777578574 4.8315158680327039 0.20165000110864642 0.55364999175071727 0.52954998612403881 335.50000000000006 1.4122627343760021 -5.7063577516475164 0.045247311744358094 18.89225006103516 10.218973238877377 0.13717583807621717 1.0000000180025095e-35
decision_type=2 2 2 2 2 2 2 2 2 2 2 2 2 2 2 2 2 2 2 2 2 2 2 2 2 2 2 2 2 2
left_child=-1 3 -3 -2 8 6 -6 9 -4 -8 15 12 -12 -13 -15 16 20 -17 -19 -20 21 22 23 25 -24 26 -7 28 -21 -28
right_child=1 2 4 -5 5 10 7 -9 -10 -11 11 13 -14 14 -16 17 -18 18 19 27 -22 -23 24 -25 -26 -27 29 -29 -30 -31
leaf_value=-0.0012846273677140957 -0.0004474012522878307 0.00033112767855194626 0.0010596468391465214 7.94703472899544e-05 -0.0015669098932888927 -0.0019710372743458313 -0.0013177377254833293 0.00016999007855274365 -0.00021064519029674603 -3.0331684588509882e-05 -0.00024112797305443553 -0.00051508190830395432 0.0090731987816574117 0.00078777830801768649 -0.0006513299119938965 0.0064810963456732717 0.013037514494936028 5.2528323322205146e-05 -0.0014683489265801635 -0.0012735282812327126 0.0048666204233489448 -0.0044805749053087934 -0.00072185257992725665 0.0049226062477864948 0.0073639287423430764 0.00052658871923827596 -0.000217689431021694 0.00048543952321762206 -0.00018175632580196723 -0.0012761758659936406
leaf_weight=253 409 211 88 87 200 90 144 125 67 119 60 86 105 143 89 70 83 118 248 90 113 69 90 112 82 154 1510 87 85 607
leaf_count=253 409 211 88 87 200 90 144 125 67 119 60 86 105 143 89 70 83 118 248 90 113 69 90 112 82 154 1510 87 85 607
internal_value=-0.00360924 -0.00328796 -0.00280693 -0.00810379 -0.00326927 -0.00356426 -0.00897133 -0.00498728 0.00546875 -0.00979478 -0.0027771 0.00251025 0.00967647 -0.00130031 0.00265823 -0.00348741 -0.00256947 -0.00726885 -0.00906793 -0.0118252 -0.00310205 -0.00355278 -0.0031566 -0.00374294 0.00514124 -0.00430473 -0.00492089 -0.00602996 -0.0106944 -0.00437088
internal_weight=5794 5541 5045 496 4834 4679 588 388 155 263 4091 483 165 318 232 3608 2910 698 628 510 2827 2714 2645 2473 172 2361 2207 262 175 2117
internal_count=5794 5541 5045 496 4834 4679 588 388 155 263 4091 483 165 318 232 3608 2910 698 628 510 2827 2714 2645 2473 172 2361 2207 262 175 2117
is_linear=0
shrinkage=0.035


Tree=124
num_leaves=31
num_cat=0
split_feature=263 169 262 101 9 256 49 256 49 213 79 49 274 60 17 204 183 104 50 71 22 183 215 49 71 44 153 115 69 256
split_gain=8.44563 23.878 11.3432 10.3384 10.0669 17.3428 15.9063 10.1387 15.2427 13.6399 14.0925 13.1492 14.862 13.7607 12.3573 10.4581 10.3191 20.9779 15.4498 18.3594 15.2372 19.7256 19.7442 19.0865 18.0419 15.1081 15.7244 14.4726 13.9015 13.1559
threshold=-0.31489441377319233 12.586756553644955 -0.56762652067110497 0.014423134972558217 -17.584348003811801 84.983439842936619 741.50000000000011 85.519613303960298 783.00000000000011 9.7293126925433935 0.013636453580438307 826.50000000000011 -0.231376300646538 64.000000000000014 -24.987002940280441 -0.10565372537361103 0.13325592901744426 564.50000000000011 87.500000000000014 1677.0000000000002 0.17525000125169757 0.72129804940307585 -0.028449997305870053 2967.0000000000005 1580.0000000000002 0.16284999996423724 0.83699919023821545 3941.5000000000005 -5.2852484175679395 54.63406317382681
decision_type=2 2 2 2 2 2 2 2 2 2 2 2 2 2 2 2 2 2 2 2 2 2 2 2 2 2 2 2 2 2
left_child=1 3 -2 -1 5 6 -4 8 14 10 -9 -10 -13 -14 -6 -15 18 20 -17 29 21 22 23 24 -18 26 -23 -19 -22 -20
right_child=2 -3 4 -5 7 -7 -8 9 11 -11 -12 12 13 15 -16 16 17 27 19 -21 28 25 -24 -25 -26 -27 -28 -29 -30 -31
leaf_value=0.0026200154873010631 0.00067558327953455956 -0.0012062803445271055 0.00063399703934807186 -0.0011533040692071745 0.0018092913632821363 -0.0032098746560678478 -0.0024327146353576466 0.0026367017754886208 0.010469978318638823 0.0053059469941969944 -0.00095895903215414426 -0.0012662365343216449 -0.00049400882825937861 0.00035863009216715648 -0.00087045351744566301 0.0016197044732901384 0.0015242266768914314 -0.00059979394717361249 -0.0008624748719611591 0.0029846597779620131 -0.00089841211923053443 -0.00048918185904389178 0.010773931475768592 0.0057117662273288763 -0.0015999089709851067 0.0012977922823891415 7.546732845403803e-05 0.00049501648020695518 0.00011478873459238094 9.1476611503388551e-05
leaf_weight=140 64 421 116 85 67 79 92 131 72 184 308 235 100 79 537 285 78 657 323 254 278 291 93 148 85 73 133 66 148 172
leaf_count=140 64 421 116 85 67 79 92 131 72 184 308 235 100 79 537 285 78 657 323 254 278 291 93 148 85 73 133 66 148 172
internal_value=-0.00344025 -0.0072043 -0.00296138 0.00197826 -0.00314993 -0.00946918 -0.00394366 -0.00276239 -0.00338358 0.00139331 -0.00197072 -0.00250629 -0.00281758 -0.00219553 -0.00850575 -0.00177872 -0.00210748 -0.00354258 0.000741097 -0.00190318 -0.00091967 0.00166115 0.00735941 0.00299051 -0.00520833 -0.00299801 -0.00554779 -0.00831731 -0.00633411 -0.00581
internal_weight=5794 646 5148 225 5084 287 208 4797 4174 623 439 3570 3498 3263 604 3163 3084 2050 1034 749 1327 901 404 311 163 497 424 723 426 495
internal_count=5794 646 5148 225 5084 287 208 4797 4174 623 439 3570 3498 3263 604 3163 3084 2050 1034 749 1327 901 404 311 163 497 424 723 426 495
is_linear=0
shrinkage=0.035


Tree=125
num_leaves=31
num_cat=0
split_feature=126 126 270 211 199 272 97 33 20 186 274 203 78 2 205 17 260 137 160 258 183 274 192 169 27 27 223 13 56 273
split_gain=9.42842 16.483 11.3065 15.1123 11.9067 10.468 9.68857 9.54443 12.2037 13.6722 12.5716 16.3065 14.3542 12.3458 10.5485 8.9339 17.2368 13.3798 13.7108 11.4052 14.0613 11.3787 13.1099 12.2092 12.1077 16.8921 16.6973 16.4934 14.6417 12.9332
threshold=74.500000000000014 150.00000000000003 95.846440692695452 0.51449917907391407 11.798461483751508 0.032499998807907111 3.4950344098705348 0.12829999625682834 25.646049579169944 1.6081567944263406 0.56551891540332855 0.32844237084123512 6.5372439764003021 6276.4650878906259 0.021647513456451717 16.308681297899643 0.3000176172028613 513.50000000000011 0.035499993711709983 0.014299988746643068 -0.44892646436885758 0.47306494117599679 1.0000000180025095e-35 13.787321830576454 2619.0000000000005 2189.0000000000005 14.952713410993072 68.090300053340442 4.8315158680327039 -0.14378037059758869
decision_type=2 2 2 2 2 2 2 2 2 2 2 2 2 2 2 2 2 2 2 2 2 2 2 2 2 2 2 2 2 2
left_child=5 2 3 -2 -5 6 -1 -3 9 10 11 14 13 -13 -9 21 17 19 -19 -17 -21 24 23 -23 25 -10 -27 28 -26 -30
right_child=1 7 -4 4 -6 -7 -8 8 15 -11 -12 12 -14 -15 -16 16 -18 18 -20 20 -22 22 -24 -25 27 26 -28 -29 29 -31
leaf_value=-0.00049801122272934097 -0.0021102816209152562 0.0001616933533649054 0.0049892071373770532 0.0056739363560396336 -0.00012163559549934562 5.2818929092372239e-05 6.3813775616781149e-05 -0.00022743018044510846 -0.00023903781969427721 0.00022531033593152424 -0.00089754563983523029 0.00073005822369751679 -0.00059776303625285192 -0.00023370382950788028 -0.0026019154529527857 -0.0023149799096556676 -0.0019328237006732182 0.0027990057956619003 -0.0010326591751731813 0.0017619974344312013 -0.0013545028086183321 0.00011475899409841867 -0.0001334393542526885 0.012130304030865758 7.8872404742794116e-05 0.0095794966500732208 -0.00040401108335320684 0.0026398372829909791 -8.3488613439643982e-05 -0.0016125222606789128
leaf_weight=361 63 98 81 91 120 98 62 98 2405 74 124 116 71 62 86 125 190 75 68 70 141 100 197 71 88 109 71 93 80 306
leaf_count=361 63 98 81 91 120 98 62 98 2405 74 124 116 71 62 86 125 190 75 68 70 141 100 197 71 88 109 71 93 80 306
internal_value=-0.00370581 -0.00325597 0.00398611 0.000501792 0.00502315 -0.00818441 -0.0105491 -0.00378225 -0.00400415 -0.00852987 -0.0104004 -0.00743151 -0.00151575 0.00382514 -0.0151852 -0.00331307 -0.00701039 -0.00339876 0.00543919 -0.00718475 -0.00210648 -0.00260142 0.00319035 0.010142 -0.0032816 -0.00225676 0.00794595 -0.00789336 -0.0105219 -0.0134271
internal_weight=5794 5273 355 274 211 521 423 4918 4820 631 557 433 249 178 184 4189 669 479 143 336 211 3520 368 171 3152 2585 180 567 474 386
internal_count=5794 5273 355 274 211 521 423 4918 4820 631 557 433 249 178 184 4189 669 479 143 336 211 3520 368 171 3152 2585 180 567 474 386
is_linear=0
shrinkage=0.035


Tree=126
num_leaves=31
num_cat=0
split_feature=82 269 109 154 126 250 26 215 115 125 262 232 104 240 92 52 33 19 215 49 72 60 163 79 116 38 45 274 65 221
split_gain=9.736 19.2888 14.7993 15.1138 15.5824 13.8508 13.0907 11.9901 13.6772 11.4746 12.9308 10.9465 10.1022 17.113 19.2885 15.8811 14.0383 12.8143 14.3876 14.6506 12.5073 14.407 15.3248 19.1681 15.2209 12.3575 12.3845 12.2117 13.9221 11.4849
threshold=1321.5000000000002 4.8012858109053314 0.67954999208450328 -0.04519371465689289 1992.5000000000002 2.7222406573257367 20.783550262451175 -0.02090000361204147 1513.5000000000002 41.594699859619148 -0.18131175037128242 13.688342189208116 564.50000000000011 -7.6689244197947195 34.538949966430671 6322.5000000000009 0.22725000232458117 6232.5000000000009 -0.027299996465444561 1538.0000000000002 269.50000000000006 359.50000000000006 0.70855767466639674 0.017569608806528008 49.500000000000007 898.50000000000011 4.8936611261729794 0.77839470434095492 0.35035000741481787 67.429794009509592
decision_type=2 2 2 2 2 2 2 2 2 2 2 2 2 2 2 2 2 2 2 2 2 2 2 2 2 2 2 2 2 2
left_child=12 2 3 6 5 -5 -2 8 11 -8 -11 -3 13 14 -1 17 -16 18 20 -20 21 24 23 -23 27 26 -25 -15 -29 -19
right_child=1 7 -4 4 -6 -7 9 -9 -10 10 -12 -13 -14 15 16 -17 -18 29 19 -21 -22 22 -24 25 -26 -27 -28 28 -30 -31
leaf_value=-0.0023458605021341697 -0.0032496818754006586 0.013822076331663347 0.00072394731832933908 0.0065128751060041243 -0.0012096484279020302 -0.0022137245675554079 0.0001246622261809427 -0.00053296994454712216 -7.9109458858433744e-05 -0.0023912497536577445 -0.00042833424043377038 0.0037813238989371483 -0.00050491617027664478 -0.0011377142503375588 0.011233833153031964 0.00027976254031968799 0.00022901129606794305 -0.00060724800603053166 -0.00032533011053252213 0.0004861017266182602 -0.00090460904819664406 0.00051048235864124998 0.0047190939613883532 0.0010057086318599011 0.00013762471928345345 -0.0015647781363581843 -0.00037200229273847172 -0.00079455709296472336 0.00022660524898763276 -4.2752109850562328e-05
leaf_weight=60 120 94 126 211 110 90 206 66 82 153 457 88 1917 127 72 119 267 114 134 116 217 136 105 60 91 149 114 61 68 64
leaf_count=60 120 94 126 211 110 90 206 66 82 153 457 88 1917 127 72 119 267 114 134 116 217 136 105 60 91 149 114 61 68 64
internal_value=-0.0036696 -0.00152931 -0.00324425 -0.00432322 0.00126202 0.00537582 -0.00676939 0.0060597 0.00936803 -0.00511571 -0.0075122 0.0145989 -0.00463338 -0.00292929 0.00355198 -0.00447917 0.00681686 -0.00542601 -0.00425163 0.00329412 -0.00593116 -0.00408843 -0.000615114 -0.0033944 -0.00964489 -0.00800305 -0.00156425 -0.0139464 -0.00600746 -0.014153
internal_weight=5794 1803 1473 1347 411 301 936 330 264 816 610 182 3991 2074 399 1675 339 1556 1378 250 1128 911 564 459 347 323 174 256 129 178
internal_count=5794 1803 1473 1347 411 301 936 330 264 816 610 182 3991 2074 399 1675 339 1556 1378 250 1128 911 564 459 347 323 174 256 129 178
is_linear=0
shrinkage=0.035


Tree=127
num_leaves=31
num_cat=0
split_feature=17 33 150 132 259 263 93 206 163 50 256 82 8 115 223 165 204 269 271 60 175 121 38 265 185 1 252 81 218 173
split_gain=8.75171 8.59463 11.7253 11.6506 10.5985 10.4418 17.15 15.905 10.1913 9.92119 9.31057 20.3881 13.8354 11.0055 14.1217 11.6548 10.9993 10.8717 16.4932 17.0054 15.7936 13.9964 15.1419 12.2668 12.1034 13.6633 16.8347 18.2283 15.4554 20.6974
threshold=49.104729152659182 0.54730001091957103 0.049599997699260719 0.52954998612403881 0.52828300753303403 -0.31489441377319233 696.00000000000011 -0.070167177860277194 -0.93530624141138852 37.500000000000007 85.519613303960298 2706.5000000000005 -64.438541673929237 355.50000000000006 17.354879271827986 0.025674804801183997 -0.10565372537361103 1.301940184051942 2.8894848856330433 285.50000000000006 0.017580196648168789 0.16254999488592151 1461.0000000000002 2.1412546888621713 0.011808303148585846 837.50000000000011 0.84703579790512695 47.580850601196296 12.56231277005263 0.52056283835102546
decision_type=2 2 2 2 2 2 2 2 2 2 2 2 2 2 2 2 2 2 2 2 2 2 2 2 2 2 2 2 2 2
left_child=1 3 -3 4 5 6 7 -1 -7 -4 16 12 13 14 -12 -15 -10 24 -19 -20 -21 22 -22 -23 -18 26 27 28 -26 -30
right_child=-2 2 9 -5 -6 8 -8 -9 10 -11 11 -13 -14 15 -16 -17 17 18 19 20 21 23 -24 -25 25 -27 -28 -29 29 -31
leaf_value=-0.0024487643676585104 -0.0028611836755829106 0.014208076872728381 0.0019001195438574415 -0.0041430002343691872 0.00014047439163801303 -0.00065507991759496576 -0.0012245604679655057 0.0013250825328377446 0.00028187975061427567 -0.0007614421026243452 0.0051418196560117342 0.011936617051326398 0.017218829234050426 -0.0021422632356434832 -0.0022493596215588207 -0.00010435006248749435 -0.0011703687137409353 0.00016994785093705556 -0.0010575952729635642 0.0019674248701540878 0.0034721567385032864 -0.00093036002429135926 -0.00080567453705628739 0.00014859644495190117 -0.00011985818588097498 -0.00087385581849608524 -0.00029898017142940801 -0.00060895478460723941 0.00017718313931466807 0.0093960938347566227
leaf_weight=96 88 69 78 72 181 95 312 138 101 86 79 77 65 69 82 98 434 340 154 169 168 350 145 110 219 332 764 362 352 109
leaf_count=96 88 69 78 72 181 95 312 138 101 86 79 77 65 69 82 98 434 340 154 169 168 350 145 110 219 332 764 362 352 109
internal_value=-0.00362131 -0.00344423 0.00308824 -0.0037249 -0.00352849 -0.00381818 -0.00838475 -0.00117155 -0.00327634 -0.00207101 -0.0030312 0.00162105 -0.00167085 -0.00462462 0.00189759 -0.0107849 -0.00356466 -0.00385497 -0.00140874 -0.00349682 -0.00170011 -0.00382391 0.00187107 -0.00767742 -0.00521537 -0.00411573 -0.00289895 0 0.00337226 0.00698498
internal_weight=5794 5706 233 5473 5401 5220 546 234 4674 164 4579 470 393 328 161 167 4109 4008 1436 1096 942 773 313 460 2572 2138 1806 1042 680 461
internal_count=5794 5706 233 5473 5401 5220 546 234 4674 164 4579 470 393 328 161 167 4109 4008 1436 1096 942 773 313 460 2572 2138 1806 1042 680 461
is_linear=0
shrinkage=0.035


Tree=128
num_leaves=31
num_cat=0
split_feature=267 115 15 60 82 71 13 135 82 187 225 153 223 99 180 182 148 20 36 251 250 61 261 136 33 201 33 201 136 31
split_gain=8.57772 10.5554 14.9872 12.9373 10.4749 16.3053 20.4032 15.1312 13.8567 13.5833 13.0472 14.9471 12.9302 12.9091 11.9894 12.2501 10.8364 9.78962 14.0393 12.3649 8.82151 7.85852 14.3503 9.99339 9.17042 18.5844 19.2047 14.3452 12.3948 11.6514
threshold=-8.6125257203878416 26.500000000000004 -2.5239934686882566 9172.5000000000018 1325.5000000000002 362.50000000000006 86.895015153312031 -0.79011156551139228 1454.0000000000002 -0.0003072444084098337 0.3434611336364301 -0.030490419761281137 10.990725172193143 0.29995000362396246 0.01004999876022339 0.084808305709779777 1154.0000000000002 39.128806775069471 -9.5249425135614239 0.5158552964729114 1.1262736427231081 403.00000000000006 522.79498291015636 22.303999900817875 0.12829999625682834 0.12249999679625036 0.14754999428987506 0.1521750055253506 41.698499679565437 -30.550092436021909
decision_type=2 2 2 2 2 2 2 2 2 2 2 2 2 2 2 2 2 2 2 2 2 2 2 2 2 2 2 2 2 2
left_child=-1 2 -2 4 21 7 8 13 12 -10 11 14 -7 -6 15 16 -11 19 -19 20 -13 23 -23 -3 -25 -26 -27 -28 29 -29
right_child=1 3 -4 -5 5 6 -8 -9 9 10 -12 17 -14 -15 -16 -17 -18 18 -20 -21 -22 22 -24 24 25 26 27 28 -30 -31
leaf_value=-0.0019494749073550287 0.008537852506005356 -0.00097076866419568207 -0.00096801106194835461 -0.0032881897951412241 -0.0015228524191932332 0.01606502662856123 0.0086430273738010571 0.0031655385968154814 0.00065418840445757582 0.0038588263398289585 -0.0022962421083202226 -0.0011489671801348034 -2.5634989792219789e-06 -0.0014325385399360877 -0.0010352490665071908 0.0036275340485071618 -0.0017902736500222678 -0.00014410783004308982 -0.0026594159571652746 0.0040299758400642099 0.00019866638378329612 0.010410395341798617 -0.00069291184078337266 0.00021790518692373141 -0.00053411357112383043 0.010536953367391315 -0.00040036629378083005 -0.00029981593247256248 0.0012918887138989239 0.0017625745080127658
leaf_weight=230 68 215 69 65 88 86 85 69 75 82 106 140 105 116 60 176 93 95 106 60 77 69 88 69 119 69 402 2510 114 88
leaf_count=230 68 215 69 65 88 86 85 69 75 82 106 140 105 116 60 176 93 95 106 60 77 69 88 69 119 69 402 2510 114 88
internal_value=-0.00356096 -0.00328066 0.00616197 -0.00352448 -0.00332588 -0.000969828 0.000621762 -0.00868705 -0.000525276 -0.00208372 -0.003185 -0.00176174 0.00803571 -0.0133971 0.00311298 0.00560393 -0.000972222 -0.00594203 -0.0117233 -0.00161348 -0.00551802 -0.00434232 0.00324074 -0.00467836 -0.00419876 -0.00446628 -0.00394134 -0.00435396 -0.00342657 -0.00392624
internal_weight=5794 5564 137 5427 5362 1619 1346 273 1261 1070 995 889 191 204 411 351 175 478 201 277 217 3743 157 3586 3371 3302 3183 3114 2712 2598
internal_count=5794 5564 137 5427 5362 1619 1346 273 1261 1070 995 889 191 204 411 351 175 478 201 277 217 3743 157 3586 3371 3302 3183 3114 2712 2598
is_linear=0
shrinkage=0.035


Tree=129
num_leaves=31
num_cat=0
split_feature=161 213 150 33 93 8 218 155 113 256 268 270 8 205 137 217 17 126 270 137 11 270 90 11 148 173 76 207 260 19
split_gain=9.63658 15.8377 18.2486 13.9983 22.326 25.9474 13.6405 13.6215 12.9885 12.874 12.4709 11.6232 16.3544 19.4262 18.0301 17.335 16.9796 14.3307 14.122 13.5604 14.5607 18.7057 17.3542 13.2773 18.1453 16.7675 17.0747 12.7976 12.5293 11.8956
threshold=0.14992500096559527 9.7748299774235168 0.031600002199411399 0.19054999947547915 2160.0000000000005 -40.123265928464576 14.091459803540864 0.045940170919206533 -1.8115961165393364 33.730526177235198 -3.7804669337382353 52.973231518721242 -64.018416609261166 0.011246805577088119 3350.0000000000005 27.891209015197486 16.308681297899643 1659.5000000000002 114.79114828323519 1559.0000000000002 80.295839725110525 129.40757102184679 0.0087527687367811319 88.376101327145832 604.50000000000011 0.5539030326274329 0.34745000302791601 -0.043620732246093037 -0.091630813995807456 6032.5000000000009
decision_type=2 2 2 2 2 2 2 2 2 2 2 2 2 2 2 2 2 2 2 2 2 2 2 2 2 2 2 2 2 2
left_child=1 9 7 4 5 -2 -4 -3 -8 -1 -9 28 14 -14 15 -13 19 -18 23 20 21 22 -17 24 25 26 -15 -25 -5 -22
right_child=3 2 6 11 -6 -7 8 10 -10 -11 -12 12 13 18 -16 16 17 -19 -20 -21 29 -23 -24 27 -26 -27 -28 -29 -30 -31
leaf_value=-0.00048341749180317423 3.2408989807982131e-05 0.0081857665502862078 -9.8374579413350053e-05 0.0066831746619719903 -0.0011603109358286278 0.029070549466749782 -0.00085147524318198917 -0.0019069864999914689 -0.0019881547329182727 -8.943989181527058e-05 8.4759760420486947e-05 -0.0012358926360170218 0.010491468120398818 0.012786579988801214 0.014757279469986739 -0.0028126415693596109 -0.0021737582774095732 0.00018407703379343695 0.015197882436189487 -0.0010623062605780538 0.00020527557363420547 -0.0030986689361901161 5.9107544948100452e-06 0.00023895405349910471 -0.0018177991604683709 -0.0018743912922577135 0.0010279693237306611 -0.00030950296151491507 -0.00056467141831332396 -0.001321908356197564
leaf_weight=183 151 83 336 75 62 90 86 75 72 68 196 182 129 93 76 129 322 70 60 128 717 133 615 60 79 61 70 708 601 84
leaf_count=183 151 83 336 75 62 90 86 75 72 68 196 182 129 93 76 129 322 70 60 128 717 133 615 60 79 61 70 708 601 84
internal_value=-0.00348853 -0.00643569 -0.00410317 -0.00279255 0.00443182 0.00924797 -0.00841683 0.00194986 -0.0167485 -0.014082 -0.00190217 -0.00329543 -0.00252083 0.000719368 -0.00418123 -0.00472537 -0.00384476 -0.010403 -0.000770246 -0.00239647 -0.00153892 -0.00464286 -0.00242991 -0.00172398 0.00443182 0.00947598 0.0152083 -0.00416559 -0.00750367 0.00186725
internal_weight=5794 1099 848 4695 303 241 494 354 158 251 271 4392 3716 1260 2456 2380 2198 392 1131 1806 1678 877 744 1071 303 224 163 768 676 801
internal_count=5794 1099 848 4695 303 241 494 354 158 251 271 4392 3716 1260 2456 2380 2198 392 1131 1806 1678 877 744 1071 303 224 163 768 676 801
is_linear=0
shrinkage=0.035


Tree=130
num_leaves=31
num_cat=0
split_feature=171 132 213 102 123 132 19 13 163 270 19 11 203 66 256 13 221 20 204 183 110 104 269 269 224 272 211 100 217 247
split_gain=10.0695 20.2122 15.4828 13.132 13.1278 12.6968 22.0492 19.3607 16.4332 12.2206 14.9897 27.139 15.4215 16.0714 14.0247 19.0942 35.9729 12.7798 12.757 12.0676 18.9903 18.9837 18.8359 15.3568 18.6306 26.3495 16.3189 17.2124 15.9453 15.3531
threshold=0.14579999819397929 0.11414999887347223 9.7748299774235168 -3.9427222903412349 0.029962973807364079 0.18394999951124194 6027.5000000000009 24.605837353133388 -0.14250417760796238 46.337275445120561 6077.5000000000009 73.603342182263404 -0.28726945653696828 0.19215000420808795 39.860815952517761 43.812207720579444 54.959947052446573 33.51364045792949 0.086651387790865869 -0.018048681293285154 0.25989998877048498 422.50000000000006 -3.2319000792885295 -6.8785870363546895 0.99999999999134526 0.02015001326799393 0.73975033308769078 22.627015596319691 30.717156556458953 596.89501953125011
decision_type=2 2 2 2 2 2 2 2 2 2 2 2 2 2 2 2 2 2 2 2 2 2 2 2 2 2 2 2 2 2
left_child=1 3 -3 -1 -4 6 -2 -8 -9 18 14 12 -12 -14 17 16 -16 -11 -7 20 22 -22 -17 -21 26 -26 -25 28 -28 -24
right_child=5 2 4 -5 -6 9 7 8 -10 10 11 -13 13 -15 15 19 -18 -19 -20 23 21 -23 29 24 25 -27 27 -29 -30 -31
leaf_value=0.00021278637675058835 0.0126471495460927 -0.00058333798055813736 -0.00033975296246134909 -0.00029675194008940757 0.00019284960977756119 -0.0012903975886448739 0.0052089201009107352 0.0035690037651349457 -0.00080081485447536075 -0.0001357037221452462 -0.00093418071336673857 -0.001223186038561079 0.0072510014949201847 0.02626981524707191 -0.00040443068152186217 -0.0012307738694919826 0.01120118151002706 -0.0018087875970286922 -0.00027889892776382618 0.0011184927869867867 0.0084112967132185905 -0.00065715891759832059 0.0083968008655668069 -0.00090201345021167232 0.010124266736184859 -0.00042006011567188921 0.00014372986050300185 0.004992886140182058 -0.00041531523564381921 2.3273680272969946e-05
leaf_weight=99 74 200 617 83 75 231 118 85 252 60 82 98 127 72 139 70 63 109 228 117 78 1140 160 762 89 221 72 63 78 132
leaf_count=99 74 200 617 83 75 231 118 85 252 60 82 98 127 72 139 70 63 109 228 117 78 1140 160 762 89 221 72 63 78 132
internal_value=-0.00336782 -0.00642261 -0.00858417 0.00411765 -0.00602582 -0.00266667 0.00242509 -0.000532609 -0.00480994 -0.00331149 -0.00264116 0.00391927 0.00942308 0.0145833 -0.00338743 -0.00285356 0.00743961 -0.0130747 -0.00867457 -0.0035621 -0.00145741 -0.00354865 0.00553134 -0.0059204 -0.00702713 0.000444444 -0.00939286 -0.000802752 -0.00722581 0.00942761
internal_weight=5794 1074 892 182 692 4720 529 455 337 4191 3732 379 281 199 3353 3184 202 169 459 2982 1580 1218 362 1402 1285 310 975 213 150 292
internal_count=5794 1074 892 182 692 4720 529 455 337 4191 3732 379 281 199 3353 3184 202 169 459 2982 1580 1218 362 1402 1285 310 975 213 150 292
is_linear=0
shrinkage=0.035


Tree=131
num_leaves=31
num_cat=0
split_feature=253 132 191 147 33 201 58 213 160 132 16 61 91 231 209 195 147 43 186 17 183 60 173 211 28 10 173 260 108 225
split_gain=9.19856 8.93127 19.9817 13.015 9.72289 13.9794 15.297 17.7133 17.3164 12.199 14.5287 18.1525 11.7612 11.3257 13.0785 11.1285 10.4728 15.0039 10.3557 9.95901 9.20956 9.44464 9.36385 12.1488 12.7173 12.149 11.6726 15.0529 16.8412 13.9534
threshold=1.4122627343760021 0.11414999887347223 0.1177749987691641 29.691299438476566 0.14754999428987506 0.15347499772906306 -5.5491530613238451 10.058801673839271 0.020749993622303013 0.17494999617338183 -0.16939941638483 100.50000000000001 -3.2372820701612883 1.1042814301387429 9.6308910830035668 0.013009792621864866 22.076250076293949 0.23785000294446948 -1.7492085483224569 3.8039779832677039 0.94600428271294612 82.500000000000014 0.61299208131941063 0.62647992515394557 212.50000000000003 63.368248524330127 0.19487440057068142 -0.11353571022583021 -11.127426904057879 0.34950045458761103
decision_type=2 2 2 2 2 2 2 2 2 2 2 2 2 2 2 2 2 2 2 2 2 2 2 2 2 2 2 2 2 2
left_child=1 3 -3 -1 -4 6 7 12 -9 10 -7 -12 -6 14 15 -11 17 -15 -18 -8 21 -20 26 24 -24 -25 29 -28 -29 -23
right_child=-2 2 4 -5 5 9 19 8 -10 13 11 -13 -14 16 -16 -17 18 -19 20 -21 -22 22 23 25 -26 -27 27 28 -30 -31
leaf_value=0.00031962137161586332 0.00018292664357371093 -0.00058279047342714582 0.0045514865606517277 -9.2069958033509378e-05 -0.00049100083187760164 0.008022831314295719 -0.0018038346664333922 0.016984701229949748 -0.00034801461070401807 0.00016039537548740546 -0.0018891962204608821 0.0026176080475252932 9.1587077842785199e-05 7.2609019578579747e-05 0.00067628378581369001 -0.00071539404399844665 0.0080452921872427412 -0.0021431819375980969 0.011596758306648781 -0.0006211412870068886 -0.00032462677030027783 -0.00040047894463347031 -0.0011592622841869982 0.0043459399304121961 3.8751754819900122e-05 -0.00067065065493114205 -0.0012618773652156171 0.00021695117836155272 -0.00081954712445873 -0.003062793760177279
leaf_weight=82 242 190 105 100 232 79 72 60 82 105 60 98 78 60 183 72 61 160 62 92 90 1940 243 71 66 151 86 670 81 121
leaf_count=82 242 190 105 100 232 79 72 60 82 105 60 98 78 60 183 72 61 160 62 92 90 1940 243 71 66 151 86 670 81 121
internal_value=-0.00351267 -0.00380421 -0.00406326 0.00374332 -0.00364513 -0.00386516 -0.00879227 -0.00536105 0.0047619 -0.0031754 0.00448347 -0.00171779 -0.01 -0.00361013 0.00230137 -0.00442308 -0.00416343 -0.0115111 -0.00370441 -0.0178107 -0.00395287 -0.00365418 -0.00390361 -0.00816231 -0.0125955 -0.00185022 -0.00311058 0.000374109 0.00199074 -0.00452323
internal_weight=5794 5552 5370 182 5180 5075 616 452 142 4459 237 158 310 4222 360 177 3862 220 3642 164 3581 3491 3429 531 309 222 2898 837 751 2061
internal_count=5794 5552 5370 182 5180 5075 616 452 142 4459 237 158 310 4222 360 177 3862 220 3642 164 3581 3491 3429 531 309 222 2898 837 751 2061
is_linear=0
shrinkage=0.035


Tree=132
num_leaves=31
num_cat=0
split_feature=165 267 15 38 26 176 276 205 9 12 49 130 186 212 13 32 251 172 262 194 192 142 196 253 179 42 90 202 123 224
split_gain=9.1763 9.8817 10.9036 9.85054 12.8349 12.8243 10.018 9.18039 13.787 11.4892 10.7996 12.135 9.84465 8.93252 18.3738 14.3034 15.5695 14.661 12.9386 11.6993 11.6853 9.42026 8.83143 9.63775 12.4728 11.7664 8.80366 21.1433 11.3199 10.5023
threshold=0.035103234229521156 -7.6614050312506778 -0.22597065716722928 3287.5000000000005 29.437100410461429 -0.11831562312407849 -0.7790276984065424 0.021325061577792317 31.784744105914097 4.4905863574510194 2763.0000000000005 -27.462008598243546 0.78054450181016144 6.4591213688611626 41.799438600028544 0.14574999362230304 -0.022010111265235995 -0.12436708373669399 0.19209099319406067 0.028105806263365965 0.86182703321132392 0.8030499815940858 -0.32018629580490904 -0.59387841085112292 12.674909844614792 25.586271929055609 0.0087527687367811319 -0.59999999990999986 0.010062947389921134 -0.89989346201301379
decision_type=2 2 2 2 2 2 2 2 2 2 2 2 2 2 2 2 2 2 2 2 2 2 2 2 2 2 2 2 2 2
left_child=1 2 -1 5 -5 -2 -7 12 9 -9 11 -10 13 14 19 17 21 -16 -18 -3 26 -17 -8 25 -25 -24 27 -15 -29 -28
right_child=3 7 -4 4 -6 6 22 8 10 -11 -12 -13 -14 20 15 16 18 -19 -20 -21 -22 -23 23 24 -26 -27 29 28 -30 -31
leaf_value=-0.0011705444500397795 -0.00059900494959269504 0.010753421598969561 -0.0024424657402060111 0.0050613837051143654 -0.00080605369487614549 0.0012788578995086822 0.00013922812755969127 -0.00012371500925725809 5.0359831441317288e-05 0.013028842138277517 0.00011458553656151394 -0.00080326591170964674 -0.00057069981790784045 -0.004171545699242764 -0.00089787236946915381 -0.00082133247042711277 0.00064375463158605707 0.0019669697781568266 -0.0020820931639614509 0.00012350257062736404 0.00036869528385231111 -0.0029640064577805738 0.0012494808060320962 0.00018283071759481187 -0.00076112935863454365 -0.0012195685935217316 0.00015026462748264803 0.0041850437218239802 -0.00099959326032486866 -0.0002770485558126901
leaf_weight=183 854 71 60 93 76 97 69 89 105 119 130 108 150 85 62 118 182 132 84 72 119 88 68 104 465 61 414 61 74 1401
leaf_count=183 854 71 60 93 76 97 69 89 105 119 130 108 150 85 62 118 182 132 84 72 119 88 68 104 465 61 414 61 74 1401
internal_value=-0.00337989 -0.0024067 -0.00917339 -0.00538319 0.00261494 -0.00617528 -0.00314154 -0.00194603 0.00220324 0.00920188 -0.00211207 -0.00690367 -0.00268281 -0.00222877 0.000902948 -0.00156483 -0.00484277 0.00633166 0.000774908 0.0120608 -0.00340435 -0.0119431 -0.00448834 -0.00567568 -0.00762195 0.00287313 -0.00403186 -0.0105778 -0.00175 -0.00321154
internal_weight=5794 3907 243 1887 169 1718 864 3664 551 208 343 213 3113 2963 809 666 472 194 266 143 2154 206 767 698 569 129 2035 220 135 1815
internal_count=5794 3907 243 1887 169 1718 864 3664 551 208 343 213 3113 2963 809 666 472 194 266 143 2154 206 767 698 569 129 2035 220 135 1815
is_linear=0
shrinkage=0.035


Tree=133
num_leaves=31
num_cat=0
split_feature=132 191 136 21 157 158 253 97 83 271 53 183 169 270 258 138 57 174 200 146 131 126 190 34 70 72 183 211 113 91
split_gain=10.5789 17.4356 11.4072 10.9225 10.4034 12.3647 10.3487 10.2501 10.2332 9.7133 10.9429 14.25 13.6224 10.3094 9.23283 9.14157 8.4485 10.9295 10.953 12.0852 10.6568 10.8739 12.7067 10.8809 10.1087 17.0357 12.6164 13.3393 11.695 10.2096
threshold=0.11414999887347223 0.11687500029802324 33.254499435424812 0.17594999819993976 0.056492873929359984 0.032150000333786018 1.4122627343760021 2.4089129707371986 118.50000000000001 13.348444002648815 -31.080271000261668 0.047559523809500258 14.44309255677115 111.26562084039183 0.010000012814998628 13.500000000000002 0.027894510606705909 -0.016949154596327228 -0.042299989610910409 -1.3930375593933333 0.81514999270439159 1611.0000000000002 -0.012700013816356657 2.9329907744778692 50.474548339843757 98.500000000000014 -0.018048681293285154 0.41227455771413773 -1.5515030587562508 -2.7010735191786401
decision_type=2 2 2 2 2 2 2 2 2 2 2 2 2 2 2 2 2 2 2 2 2 2 2 2 2 2 2 2 2 2
left_child=2 14 -1 4 6 8 9 -8 -6 16 11 -11 -12 -13 -2 -5 24 18 19 -18 21 23 -23 -19 28 -26 -27 -28 29 -3
right_child=1 3 -4 15 5 -7 7 -9 -10 10 12 13 -14 -15 -16 -17 17 20 -20 -21 -22 22 -24 -25 25 26 27 -29 -30 -31
leaf_value=0.00017591039773044273 -0.0013258804161158529 -0.00019129513210516927 -0.00029081330243900863 -0.00015252350013957001 6.4672773267922547e-05 -0.00087546979062391294 0.0010893805403192321 -0.00098587432085175345 0.0081777490586490715 -0.0018505396335891213 -0.0013379149420043631 0.0054399835661372324 -2.9298658222530473e-05 -0.00047210493895911645 -0.00015594970385557463 -0.0012218381569740555 -0.0026035885299052512 0.0002848822850156635 -0.00026555201681746079 -0.00087829129690874066 0.00047745603682811615 -0.00085024653645854819 0.0048568271751228539 -0.00070639386824417343 0.0052082146834380744 0.0017652137726878396 -0.0013020128943544325 5.7208660157959675e-05 -0.0010098940943961405 0.0011338402964992255
leaf_weight=115 65 1298 67 98 83 115 157 79 75 269 221 112 90 72 103 99 109 125 872 264 117 72 64 318 187 108 117 92 131 100
leaf_count=115 65 1298 67 98 83 115 157 79 75 269 221 112 90 72 103 99 109 125 872 264 117 72 64 318 187 108 117 92 131 100
internal_value=-0.00334368 -0.00361403 0.00486631 -0.00326298 -0.00295221 0.00365108 -0.00331794 0.00377593 0.0098773 -0.00367489 -0.00728218 -0.00374454 -0.0122943 0.0037037 -0.0145665 -0.0112624 -0.00297311 -0.0046223 -0.00658 -0.0115741 -0.00109843 -0.00305651 0.00546099 -0.00570313 -0.00139107 0.00288802 -0.00206522 -0.00703271 -0.00280639 -0.00184604
internal_weight=5794 5612 182 5444 5247 273 4974 236 158 4738 764 453 311 184 168 197 3974 1941 1245 373 696 579 136 443 2033 504 317 209 1529 1398
internal_count=5794 5612 182 5444 5247 273 4974 236 158 4738 764 453 311 184 168 197 3974 1941 1245 373 696 579 136 443 2033 504 317 209 1529 1398
is_linear=0
shrinkage=0.035


Tree=134
num_leaves=31
num_cat=0
split_feature=132 151 71 56 4 135 102 33 7 153 13 270 270 143 19 247 77 34 39 204 138 33 123 216 60 9 105 165 50 11
split_gain=12.1592 14.8871 12.1208 17.3627 24.5709 14.8152 11.8075 11.3658 19.8961 19.102 15.1268 12.9288 16.345 18.9702 15.5465 37.3037 18.4241 25.7034 13.1847 10.9572 13.9202 12.2966 10.4195 9.76267 9.55272 9.30376 9.22032 15.9457 11.2914 9.64926
threshold=0.11414999887347223 0.15444999933242801 1948.5000000000002 4.7787645358223019 -17.249251222471528 -1.0424282787486427 -3.9427222903412349 0.19054999947547915 -29.79426801698018 0.070812156914984339 36.470835994559245 52.973231518721242 49.185825798059987 0.19655000418424609 6082.5000000000009 604.85000610351574 0.18084999918937686 4.062570428776958 46.500000000000007 0.15037876482866844 17.500000000000004 0.20214999467134478 0.02749174011666106 30.953137270637495 1231.5000000000002 23.515351176602831 31.500000000000004 0.029088160443452919 17.500000000000004 62.903671165281047
decision_type=2 2 2 2 2 2 2 2 2 2 2 2 2 2 2 2 2 2 2 2 2 2 2 2 2 2 2 2 2 2
left_child=6 2 -2 4 -4 22 -1 8 10 -10 -3 12 13 18 26 -16 -17 -18 -9 20 21 -20 -6 -5 -7 -23 27 -13 -28 -30
right_child=1 7 3 23 5 24 -8 11 9 -11 -12 14 -14 -15 15 16 17 -19 19 -21 -22 25 -24 -25 -26 -27 28 -29 29 -31
leaf_value=0.00020896041487293739 -0.00078364495761254493 -0.00098152995522444953 0.014448791321235875 -0.00030760558014484131 -0.00071416223842412675 0.00031609075466615345 -0.00027697520184939765 0.0014289578937278947 -0.00081698204020541555 0.021849247393308038 0.0040746725312047864 -0.00042814389113242509 -0.00095964549410352575 -0.0012174180677597497 0.016846737832791524 -0.0018025548343554745 0.012669572860618263 -0.0038025194356119262 0.0028808127058014433 -0.0017380872238968593 -0.0014327437712050447 -0.0020020914316918803 -2.2382517562277439e-05 -0.0023403190174128012 -0.00016541466358101277 0.00022999678041355723 0.00026807803143358679 -0.0026869352219565882 -0.0008799649240260949 -0.00014914396833373423
leaf_weight=99 213 119 76 117 162 95 83 87 70 90 75 178 60 167 82 68 136 71 62 63 74 86 72 60 67 79 114 77 633 2359
leaf_count=99 213 119 76 117 162 95 83 87 70 90 75 178 60 167 82 68 136 71 62 63 74 86 72 60 67 79 114 77 633 2359
internal_value=-0.00356096 -0.00385081 -0.00807382 -0.00561927 -0.00205451 -0.00558603 0.00524064 -0.00307676 0.00292479 0.0118788 -0.00457286 -0.00356283 -0.00799414 -0.00617978 -0.0027451 0.00415746 -0.002125 0.00313679 -0.00237939 -0.00531165 -0.00240196 0.00196121 -0.0111297 -0.0148077 0.00251497 -0.00308824 -0.00348336 -0.00982692 -0.00294761 -0.00336336
internal_weight=5794 5612 862 649 472 396 182 4750 354 160 194 4396 678 618 3718 357 275 207 451 364 301 227 234 177 162 165 3361 255 3106 2992
internal_count=5794 5612 862 649 472 396 182 4750 354 160 194 4396 678 618 3718 357 275 207 451 364 301 227 234 177 162 165 3361 255 3106 2992
is_linear=0
shrinkage=0.035


Tree=135
num_leaves=31
num_cat=0
split_feature=132 56 178 123 253 82 38 135 105 253 19 249 271 83 10 125 204 113 151 16 254 150 24 211 13 11 146 184 160 10
split_gain=10.9529 16.2532 11.0171 9.59546 11.1568 10.2156 19.1385 20.5475 11.1115 10.3973 9.61748 12.8773 14.9184 12.9484 11.9156 18.4769 18.9565 11.2766 10.6803 11.9807 11.9726 10.4617 19.0635 14.9683 13.8249 15.2237 13.2544 13.2926 20.7454 12.774
threshold=0.11414999887347223 3.4108247878409608 -0.047150000929832452 0.026666653951009121 1.4122627343760021 143.50000000000003 309.50000000000006 -0.8863045992840638 119.50000000000001 1.0097704185635383 5407.5000000000009 -0.20974300203369098 5.7865424834997112 28.500000000000004 37.084040558401135 37.511249542236335 0.077059748723211377 -3.7394882216502667 0.15565000101923945 -10.049271623682186 1.0000000180025095e-35 0.044700000435113914 0.039215680163562784 0.63723530910620674 34.55822378954273 121.75126314268854 -1.2727294847174246 0.017914380223870902 0.016899991780519489 36.15736035000797
decision_type=2 2 2 2 2 2 2 2 2 2 2 2 2 2 2 2 2 2 2 2 2 2 2 2 2 2 2 2 2 2
left_child=2 -2 -1 4 5 6 7 8 -3 10 -7 -12 14 -14 15 -13 -17 -15 -16 -20 -21 23 -23 24 -19 26 -26 28 -28 -24
right_child=1 3 -4 -5 -6 9 -8 -9 -10 -11 11 12 13 17 18 16 -18 21 19 20 -22 22 29 -25 25 -27 27 -29 -30 -31
leaf_value=-0.00028298686294547988 -0.00080531628389544203 -0.00084084083105428922 0.00018202393822087828 0.00010273400498193393 0.00021933330134800758 0.0053123973191874195 -0.0018677921969452466 0.00041982750134396125 -1.9783024228917368e-05 -0.0014104047987682773 -0.00067395644711842147 0.0076929954313711543 0.00064402528717086359 -0.0015923966756723261 -0.00012475874643127995 -0.0010683336048193117 5.9431876619433226e-05 -0.00051830342469445518 -0.00075641348449406102 0.0086200052675308933 0.00014558004424803706 -0.00094943369923133685 -0.0013677975084071211 0.0013789443674474191 -0.0016154510760180755 -0.00060937611069429695 -0.001667640137610366 0.006216907976029612 0.0035070583712157937 0.00027570983526509164
leaf_weight=61 289 95 121 182 234 134 120 67 88 306 714 84 189 180 112 181 154 282 70 150 455 445 94 105 102 108 82 159 150 281
leaf_count=61 289 95 121 182 234 134 120 67 88 306 714 84 189 180 112 181 154 282 70 150 455 445 94 105 102 108 82 159 150 281
internal_value=-0.00348853 -0.00376357 0.00486631 -0.00331738 -0.00359794 -0.0039546 -0.00952 -0.00384314 -0.00986702 -0.00349075 -0.00303234 -0.00333618 -0.00242769 -0.00415445 0.000693642 -0.00404481 -0.00772059 -0.00498746 0.00322601 0.00488971 0.00648361 -0.00413127 -0.00704242 -0.00169184 -0.00319257 -0.000173267 0.00245984 0.00539141 0 -0.00119737
internal_weight=5794 5612 182 5323 5141 4907 370 250 183 4537 4231 4097 3383 2177 1206 419 335 1988 787 675 605 1808 820 988 883 601 493 391 232 375
internal_count=5794 5612 182 5323 5141 4907 370 250 183 4537 4231 4097 3383 2177 1206 419 335 1988 787 675 605 1808 820 988 883 601 493 391 232 375
is_linear=0
shrinkage=0.035


Tree=136
num_leaves=31
num_cat=0
split_feature=132 56 136 123 163 173 136 162 113 15 253 195 165 148 110 157 190 10 148 248 261 260 271 231 8 47 137 223 54 10
split_gain=10.9844 14.3271 10.2118 9.69189 11.7964 10.5182 14.1506 12.2192 12.2362 12.2687 9.76576 9.87157 8.58331 8.30946 30.3562 10.4434 10.4414 10.5567 18.9251 17.9536 14.7903 13.421 17.7192 16.1166 17.1164 13.6372 12.9473 17.4354 15.0538 15.6128
threshold=0.11414999887347223 3.4108247878409608 33.800849914550788 0.026666653951009121 0.37040393897305829 0.78908099533625065 39.156900405883796 0.44632898204225918 -1.8115961165393364 -0.97636114590349254 1.4122627343760021 0.010020592197505684 0.029952042051260754 67.000000000000014 0.17574999481439593 -0.0098982863630810557 -0.053349986672401421 38.72777510451661 91.500000000000014 0.15733924753735809 452.52999877929693 -0.25473043101343534 5.5912144476746022 26.612513509043371 -124.7251777578574 -11.846057393135448 763.00000000000011 3.1895582878866571 0.25605000555515295 52.709458655446291
decision_type=2 2 2 2 2 2 2 2 2 2 2 2 2 2 2 2 2 2 2 2 2 2 2 2 2 2 2 2 2 2
left_child=2 -2 -1 5 -5 10 7 8 9 -7 13 -12 -11 14 -3 -16 -15 19 -19 -18 -20 22 -22 24 -23 -26 27 -27 29 -28
right_child=1 3 -4 4 -6 6 -8 -9 -10 12 11 -13 -14 16 15 -17 17 18 20 -21 21 23 -24 -25 25 26 28 -29 -30 -31
leaf_value=0.000115071942257719 -0.00077713021395910088 0.0090616664031258811 -0.00029901955322750502 -0.00046950971363381172 0.00037288772834856573 7.8426179282226906e-05 -0.00087419002058741714 -0.00052630160475980654 0.00029537773401856375 -3.8169297879427355e-05 -0.00082338462774308964 0.0015250007414222876 -0.00072827731880831205 -0.0027815823666846404 -0.0010580882796051008 3.9227017297654988e-06 -0.00039284063623760084 -0.001265730498809164 0.011130148037921122 -0.0014124002627332801 0.00020526598113819686 0.0073376853444147502 -0.0010037305815653664 -0.0040510187676995307 -0.00073034179417242164 -0.00061075952563096985 0.0011642524404637678 0.00055892053265424501 0.00019370917685231667 -0.00053445574702503783
leaf_weight=118 289 88 64 90 92 96 96 116 77 67 68 152 98 95 67 132 1097 81 62 386 105 140 389 90 215 90 77 608 266 383
leaf_count=118 289 88 64 90 92 96 96 116 77 67 68 152 98 95 67 132 1097 81 62 386 105 140 389 90 215 90 77 608 266 383
internal_value=-0.0035006 -0.00377604 0.00486631 -0.00335679 0.00449198 -0.00363875 -0.0081982 -0.0054902 -0.00204082 -0.00565789 -0.0030842 0.00404444 -0.0113235 -0.00344721 0.0022774 -0.00531863 -0.0038518 -0.0035666 -0.00217443 -0.0059039 -0.00159877 -0.00205448 -0.00715431 -0.000691035 5.88565e-05 -0.000958029 0.000293912 0.00368421 -0.00296854 -0.00677419
internal_weight=5794 5612 182 5323 182 5141 550 454 338 261 4591 220 165 4371 287 199 4084 3989 2506 1483 2425 2363 494 1869 1779 1639 1424 698 726 460
internal_count=5794 5612 182 5323 182 5141 550 454 338 261 4591 220 165 4371 287 199 4084 3989 2506 1483 2425 2363 494 1869 1779 1639 1424 698 726 460
is_linear=0
shrinkage=0.035


Tree=137
num_leaves=31
num_cat=0
split_feature=142 206 193 147 170 80 5 179 229 179 251 13 43 188 272 150 262 159 94 166 248 67 173 263 32 32 86 271 142 14
split_gain=9.09956 9.97779 9.7037 9.65371 11.6894 9.54304 8.40243 9.19661 11.3502 9.13236 9.76564 15.8131 15.1614 13.5037 13.3208 17.7505 18.3664 12.9029 11.7949 11.462 11.3643 11.3255 11.2733 14.0447 11.5544 15.9306 11.6432 11.1988 10.1936 15.617
threshold=0.84275001287460338 -0.5383145082548052 0.57764636889675192 22.076250076293949 0.0060000047087669381 -3.31642955097356 141.29843025834609 14.741797195724148 2.896912019612619 14.234768439123146 0.0055891903411042785 19.099604225564523 0.23515000194311145 0.045049980282783515 0.027850002050399784 0.046649992465972907 0.19116286718912082 14.449734354185576 45.500000000000007 0.387573485701243 -0.53409373257484727 5.4723942635493623 -0.44982662949461055 -0.049210977709490671 0.14564999938011172 0.14144999533891681 0.24524506357037626 9.4720743439218733 0.79884999990463268 -0.033482292792208483
decision_type=2 2 2 2 2 2 2 2 2 2 2 2 2 2 2 2 2 2 2 2 2 2 2 2 2 2 2 2 2 2
left_child=1 -1 -2 4 -3 6 7 9 -9 10 11 -5 17 20 15 16 18 21 -12 -17 -14 -13 -22 -24 25 -25 -26 -16 -20 -30
right_child=2 3 -4 5 -6 -7 -8 8 -10 -11 14 12 13 -15 27 19 -18 -19 28 -21 22 -23 23 24 26 -27 -28 -29 29 -31
leaf_value=0.00013458987592410518 -0.0017488151192653035 0.00018820822475543731 -0.0004492967828092043 0.00020613709898896967 -0.0016927055869427742 -0.0013695481973151791 0.00027962568705710905 0.00045575737838233604 -0.00040483217238406703 -0.00057369115620291072 0.0059700562151437367 -5.4523049877788226e-05 -0.0013759908504781611 -0.00066450165205131394 0.00051883041744216684 -0.00057509065663819748 -0.00082251328294667648 0.00048669365531795979 -0.00024542216381896021 -0.0017041264893027932 0.0041490044643515273 -0.0010856265324261276 0.00017904922748310044 -0.00040780500701307043 -4.6139360307070339e-05 0.00097610598087544099 -0.0011473153900549088 -0.00042850983877869097 -0.0002482284516210398 0.0007251466132215332
leaf_weight=94 62 73 63 74 132 109 107 214 301 565 73 84 130 248 328 347 253 73 391 80 225 382 298 120 115 88 188 184 151 242
leaf_count=94 62 73 63 74 132 109 107 214 301 565 73 84 130 248 328 347 253 73 391 80 225 382 298 120 115 88 188 184 151 242
internal_value=-0.00347646 -0.00326313 -0.0126538 -0.00345609 -0.0108333 -0.00316465 -0.00294436 -0.0031479 0.00127885 -0.00364018 -0.00305467 -0.00477586 -0.00538599 -0.00345801 -0.00134615 -0.00297341 -0.000627803 -0.0103585 0.00182715 -0.00899306 -0.00185629 -0.0124841 -0.000606352 -0.00253686 -0.00603682 0.000328638 -0.0103409 0.00352031 0.000532319 0.00448492
internal_weight=5794 5669 125 5575 205 5370 5261 5154 515 4639 4074 2025 1951 1412 2049 1537 1110 539 857 427 1164 466 1034 809 511 208 303 512 784 393
internal_count=5794 5669 125 5575 205 5370 5261 5154 515 4639 4074 2025 1951 1412 2049 1537 1110 539 857 427 1164 466 1034 809 511 208 303 512 784 393
is_linear=0
shrinkage=0.035


Tree=138
num_leaves=31
num_cat=0
split_feature=132 151 118 19 88 132 203 46 151 218 260 171 175 232 61 104 45 60 60 257 8 228 224 183 254 22 270 11 113 12
split_gain=8.89806 15.2558 11.9579 25.3355 17.4414 11.6983 13.4718 12.612 13.3963 11.0647 11.0491 11.5242 12.7628 8.84825 8.64163 8.24175 8.21005 8.01812 11.282 12.9556 10.4323 9.28117 10.3287 8.24932 17.764 11.8836 21.5985 18.2266 17.2565 15.9924
threshold=0.11414999887347223 0.15657500177621844 6102.5000000000009 6132.5000000000009 0.13225000351667407 0.17705000191926959 0.90123010767782386 0.025052326444109679 0.16199999675154689 4.0745394811930975 0.024540072670818647 0.1165749989449978 0.031444857367079505 0.3801997381802647 159.50000000000003 30.500000000000004 3.8809832688429888 82.500000000000014 248.00000000000003 4.4129474451820334 -72.404073125321176 -18.658104335526058 0.77627557561173333 0.65354890341240013 5.1299911437052712 0.18755000084638598 33.086933062473264 41.249931301134843 -1.5727381912642777 1.3988014764385752
decision_type=2 2 2 2 2 2 2 2 2 2 2 2 2 2 2 2 2 2 2 2 2 2 2 2 2 2 2 2 2 2
left_child=9 2 -2 -4 10 6 7 -3 -9 -1 -5 -12 16 -7 -14 -15 -13 -17 19 -19 -21 22 -20 25 -25 26 -23 -28 29 -29
right_child=1 5 3 4 -6 13 -8 8 -10 -11 11 12 14 15 -16 17 -18 18 21 20 -22 23 -24 24 -26 -27 27 28 -30 -31
leaf_value=-8.2589592044998589e-05 -0.0008031836810098998 -0.00092828550569835086 0.0085385547092132353 -0.0021124534477452179 -0.001475886782847294 0.00067705716271832482 0.0039533660554911245 0.0057605368127199418 -0.00021038618339718542 0.0024536289520274549 -0.00044818023118720855 0.00054384611816319262 -0.00057155401017213066 -0.00025372845445283733 4.1247915591980935e-05 0.0099293981856750715 -6.9156321654158535e-05 -0.0015042615097117856 -0.0032921916075406739 5.1181565775595411e-05 -0.001123129835555628 0.015278958078158095 -0.00023144596637317386 0.0014275934266911418 -0.00022787573973358179 -0.00017139318447395027 -0.0020826062636046701 0.0048511771095308348 0.00046743336073281228 -0.0008276388910522989
leaf_weight=92 153 68 60 63 154 77 67 63 103 90 126 129 87 97 63 65 75 78 94 93 103 75 106 221 229 2319 181 61 146 456
leaf_count=92 153 68 60 63 154 77 67 63 103 90 126 129 87 97 63 65 75 78 94 93 103 75 106 221 229 2319 181 61 146 456
internal_value=-0.00341611 -0.00366388 -0.00780328 -0.0059252 -0.00782764 -0.00285532 0.00377451 -0.000292887 0.00491228 0.00411765 -0.00479015 -0.0028866 0.000389972 -0.00331253 -0.00722581 -0.00352506 0.00602871 -0.00328332 -0.00347732 -0.0102867 -0.00522388 -0.00298484 -0.0102439 -0.00257785 0.00184615 -0.00319457 -0.00655303 -0.00816254 -0.00539671 -0.00838123
internal_weight=5794 5612 910 757 697 4702 301 234 166 182 543 480 354 4401 150 4324 204 4227 4162 274 196 3888 200 3688 450 3238 919 844 663 517
internal_count=5794 5612 910 757 697 4702 301 234 166 182 543 480 354 4401 150 4324 204 4227 4162 274 196 3888 200 3688 450 3238 919 844 663 517
is_linear=0
shrinkage=0.035


Tree=139
num_leaves=31
num_cat=0
split_feature=60 60 148 12 33 121 203 163 273 49 162 116 104 32 210 17 83 264 79 204 183 93 14 11 136 261 248 141 138 206
split_gain=15.6916 21.4489 12.8741 10.217 9.45731 9.71478 10.4982 18.8623 16.0791 10.3416 10.0036 11.638 13.1519 14.9938 12.8261 10.6311 11.0788 10.8107 10.2483 9.85648 9.35549 9.74101 9.333 10.3279 13.5669 16.3215 14.8184 13.0996 12.3752 12.1083
threshold=64.000000000000014 76.000000000000014 17.000000000000004 4.3806807178642329 0.12829999625682834 0.10765000060200693 0.90485457416742021 0.81759827349615144 -0.041418359638241968 2967.0000000000005 -0.15585423226414946 64.500000000000014 1031.5000000000002 0.14074999839067462 -1.0000000180025095e-35 4.8940530642227484 102.50000000000001 -1.061556177233691 0.041241506747983159 0.07191458510150163 -0.95450030582148437 4080.0000000000005 0.15009167729229669 53.092523879281543 29.722700119018558 531.17498779296886 0.16119434082195741 21.144097363222652 5.5000000000000009 -0.014046845117690719
decision_type=2 2 2 2 2 2 2 2 2 2 2 2 2 2 2 2 2 2 2 2 2 2 2 2 2 2 2 2 2 2
left_child=3 -2 -3 -1 -4 -6 10 8 -8 -10 11 12 15 -14 19 16 17 -7 20 -15 -12 22 23 24 25 28 -26 -25 -22 -29
right_child=1 2 4 -5 5 6 7 -9 9 -11 18 -13 13 14 -16 -17 -18 -19 -20 -21 21 -23 -24 27 26 -27 -28 29 -30 -31
leaf_value=-0.00053590528913155695 0.012389471672537403 -0.00073455039189382679 0.00062282181276696914 -0.00023330663221772575 -0.00069749717688457236 0.00045836419775478591 0.0015305440547927209 -0.00032905856801945164 -0.00034851786377984974 0.0072522341751602715 -0.0043504843757076186 0.0010004655974687579 0.01166746745266958 2.011364807228744e-05 0.0015901301753454408 -0.0013739542815521437 -0.00084875389620704851 -0.00023715593761972661 -0.00070324259944981983 -0.0021558833816008281 -5.6338005485613301e-05 -0.00096462010133998644 -0.00076088890672104952 -0.00035724769585836929 -0.00054878800087033086 -0.0018401522524676289 -0.0020239547059594408 -0.00017459789071939792 0.017247687945866379 0.00025295525061820037
leaf_weight=91 88 90 74 67 81 113 124 108 137 82 71 126 80 181 97 152 147 124 319 89 94 140 425 159 541 106 105 1118 72 593
leaf_count=91 88 90 74 67 81 113 124 108 137 82 71 126 80 181 97 152 147 124 319 89 94 140 425 159 541 106 105 1118 72 593
internal_value=-0.00345232 -0.00313951 -0.00341617 -0.0141718 -0.00319055 -0.00336426 -0.00317163 0.00191886 0.00593391 0.00015625 -0.00364628 -0.000722621 -0.00201923 0.00240044 -0.000658602 -0.00569316 -0.00251928 0.00216942 -0.00451041 -0.00458182 -0.00393992 -0.00365843 -0.00325202 -0.00250627 -0.00553629 0.00101083 -0.00827957 -0.001008 0.00777778 -0.000101981
internal_weight=5794 5636 5548 158 5458 5384 5303 451 343 219 4852 1109 983 447 367 536 384 237 3743 270 3424 3353 3213 2788 918 272 646 1870 166 1711
internal_count=5794 5636 5548 158 5458 5384 5303 451 343 219 4852 1109 983 447 367 536 384 237 3743 270 3424 3353 3213 2788 918 272 646 1870 166 1711
is_linear=0
shrinkage=0.035


Tree=140
num_leaves=31
num_cat=0
split_feature=163 133 56 60 82 82 123 27 38 152 4 197 165 211 263 137 90 223 173 127 83 148 270 115 263 270 11 270 270 271
split_gain=19.7307 9.49269 11.5473 11.4628 14.0123 13.0411 11.4043 10.2459 9.8393 9.17759 8.8727 8.69353 10.619 11.725 13.9823 17.8391 13.7313 18.0836 14.0268 12.2339 11.4103 9.80038 12.6799 18.9407 14.0195 10.9506 15.8893 24.3775 14.3016 10.8538
threshold=0.9754563100698096 15.808933562870338 3.4108247878409608 76.000000000000014 143.50000000000003 50.500000000000007 0.019631912675521519 2206.5000000000005 297.50000000000006 0.026607669616312817 5.5560679378559579 -0.031129772035552981 0.048768479820104634 0.62647992515394557 0.017086867621918248 1804.5000000000002 0.026373749897904621 7.1478751667303202 0.67731575835811964 55.500000000000007 125.50000000000001 549.50000000000011 147.06194835310478 281.50000000000006 0.33336504900227665 117.59517811630604 80.295839725110525 128.27556242044537 108.90065161423442 13.560652929550754
decision_type=2 2 2 2 2 2 2 2 2 2 2 2 2 2 2 2 2 2 2 2 2 2 2 2 2 2 2 2 2 2
left_child=1 -1 7 5 6 -4 8 10 -5 -9 -3 -6 13 16 15 -15 18 -18 21 -19 -20 22 23 -13 -25 28 27 -27 -23 -28
right_child=-2 2 3 4 11 -7 -8 9 -10 -11 -12 12 -14 14 -16 -17 17 19 20 -21 -22 25 -24 24 -26 26 29 -29 -30 -31
leaf_value=0.00070736884302829376 -0.00037399239351568197 -0.00069320855571286923 -6.8485524976684986e-05 -0.00020075497380082715 0.00050783483292190991 0.01583131492111492 2.6592357393989134e-05 0.00027150961484746333 -0.0018490525204572926 -0.00097210927002702014 -0.0013685442572899682 0.0062319219993136618 -0.00079601598935598002 -0.00061952826442398308 0.00028295579256978014 0.00019049370424624625 -0.0017328875730494866 8.749142920230047e-05 -0.0012953097950598881 -0.0011093237463858875 1.033270547228793e-06 -0.00033621032916677981 -0.0030852757973718957 1.2215361652118674e-05 -0.00091896090702448256 0.0037827564306708054 0.007797200230075919 -0.0020829181480004136 -0.0016767521469269065 -0.0015916799389311645
leaf_weight=65 73 67 66 112 176 65 73 77 116 114 67 152 188 161 235 137 99 109 158 78 71 1348 105 1215 104 110 120 120 151 62
leaf_count=65 73 67 66 112 176 65 73 77 116 114 67 152 188 161 235 137 99 109 158 78 71 1348 105 1215 104 110 120 120 151 62
internal_value=-0.0035851 -0.00334352 -0.00349938 -0.00310251 -0.00336215 0.00694853 -0.0106373 -0.00986364 -0.0144206 -0.00446429 -0.0171223 -0.00290477 -0.00319057 -0.00284471 0.00201673 -0.0030033 -0.00349389 -0.0108247 -0.00291588 -0.00419271 -0.0112179 -0.00235538 -0.00030993 0.000545393 -0.000819486 -0.00403706 0.00100719 -0.00506383 -0.00542221 0.00860963
internal_weight=5794 5721 5656 5331 5200 131 301 325 228 191 134 4899 4723 4535 533 298 4002 286 3716 187 229 3487 1576 1471 1319 1911 412 230 1499 182
internal_count=5794 5721 5656 5331 5200 131 301 325 228 191 134 4899 4723 4535 533 298 4002 286 3716 187 229 3487 1576 1471 1319 1911 412 230 1499 182
is_linear=0
shrinkage=0.035


Tree=141
num_leaves=31
num_cat=0
split_feature=189 60 60 209 148 203 211 20 142 199 179 216 232 253 262 104 140 101 199 248 251 184 203 86 148 32 146 131 127 13
split_gain=18.6647 17.575 17.1896 11.6445 11.6934 10.9455 17.1963 8.43182 8.05623 7.62453 9.98647 14.8149 16.6183 8.72632 10.3469 9.44932 9.44516 12.6299 10.8464 9.10637 12.0921 9.0143 11.6833 17.7994 20.5824 14.2045 11.3575 10.4068 9.65488 9.62783
threshold=9.8467525228862112 64.000000000000014 76.000000000000014 6.3578407646841351 17.000000000000004 0.9674712323441973 0.79620598526393127 24.898034867438806 0.84275001287460338 14.337792243279903 15.085776140152158 41.613979472325745 7.2105119995130593 1.4122627343760021 0.42490488904034512 506.50000000000006 6022.5000000000009 0.011267630568628116 11.241280743853141 -0.35711538625582401 0.36613746548674891 -0.06250000398789525 0.54067979017831258 1.0000000180025095e-35 491.00000000000006 0.13374999910593036 -1.248196921765854 0.78334999084472667 9.5000000000000018 36.928266125743853
decision_type=2 2 2 2 2 2 2 2 2 2 2 2 2 2 2 2 2 2 2 2 2 2 2 2 2 2 2 2 2 2
left_child=-1 7 -3 -4 -5 8 -7 -2 9 10 13 12 -12 14 19 -15 17 -16 -19 20 -6 -21 23 24 26 -24 -23 -26 -29 -27
right_child=1 2 3 4 5 6 -8 -9 -10 -11 11 -13 -14 15 16 -17 -18 18 -20 21 -22 22 25 -25 27 29 -28 28 -30 -31
leaf_value=-0.00053294861168581462 -0.00068256992284361885 0.017529568944767683 0.0053219707469876849 -0.0016278296065455557 -0.0013061576283837093 0.012300642749888322 -0.00016590886323273436 -0.00021205116631705601 -0.0011080131242469406 -0.0010424520073899375 -0.00011666622889016376 -0.0016451794246001691 0.01254659330026413 0.0036446392500795555 -0.0016017363533066837 -0.00018723496558864907 -0.0025460681693887204 -0.00099084038794727955 0.00033809806609819555 4.3169869014988983e-06 0.00031046816866204201 -0.00055963895838315994 0.00027647550689865644 -0.00059141587233629118 -0.0010362490658464985 -0.00063971865190058663 0.0015426759903008687 0.00053025845990062055 -0.00021788559726198921 -0.00035598519858610959
leaf_weight=74 60 67 73 68 370 61 94 79 104 97 63 70 78 69 102 141 77 60 76 1014 97 78 93 710 77 431 249 165 533 464
leaf_count=74 60 67 73 68 370 61 94 79 104 97 63 70 78 69 102 141 77 60 76 1014 97 78 93 710 77 431 249 165 533 464
internal_value=-0.00346439 -0.00322795 -0.00291353 -0.00313281 -0.00332262 -0.00313035 0.00590625 -0.0153125 -0.00340417 -0.00319984 -0.00300378 0.004375 0.0107877 -0.00333195 -0.00365138 0.0035814 -0.00973438 -0.00604938 0.000992908 -0.00319295 -0.00778602 -0.00262111 -0.00364349 -0.00196478 0.000822042 -0.00669688 0.00811747 -0.00228846 -0.000896159 -0.00805
internal_weight=5794 5720 5581 5514 5441 5373 155 139 5218 5114 5017 211 141 4806 4596 210 315 238 136 4281 467 3814 2800 1812 1102 988 327 775 698 895
internal_count=5794 5720 5581 5514 5441 5373 155 139 5218 5114 5017 211 141 4806 4596 210 315 238 136 4281 467 3814 2800 1812 1102 988 327 775 698 895
is_linear=0
shrinkage=0.035


Tree=142
num_leaves=31
num_cat=0
split_feature=60 105 60 104 180 199 193 194 211 93 81 114 5 22 75 197 90 173 90 199 165 61 205 274 195 60 223 27 227 268
split_gain=17.0148 11.4254 18.8837 11.6053 13.0685 11.352 16.8756 10.3879 9.12786 12.3508 17.8294 22.1553 16.3599 14.4363 11.7727 11.7572 12.1151 12.4031 12.1396 11.6755 11.5571 13.4047 11.7364 9.33443 21.8822 11.9621 11.7096 11.5531 14.0325 14.2639
threshold=64.000000000000014 16.500000000000004 76.000000000000014 111.50000000000001 -0.0062999986112117759 13.825723223819201 0.83938879176650338 -0.021398543164511157 0.63158246084209668 2107.0000000000005 44.33909988403321 51.386949539184577 34.070910017032453 0.17525000125169757 -9.6546866695867966 -0.031129772035552981 0.022388367430503316 0.67731575835811964 0.016000010172526044 12.520427003405128 0.044949054780651303 403.00000000000006 0.018062881082558203 0.44994832733673917 0.014083009057803448 329.50000000000006 3.5948188155260397 2525.5000000000005 0.083470759597581448 -39.695814013576133
decision_type=2 2 2 2 2 2 2 2 2 2 2 2 2 2 2 2 2 2 2 2 2 2 2 2 2 2 2 2 2 2
left_child=-1 -2 -3 4 -4 8 -7 -6 15 10 13 -12 19 -10 -14 -5 17 20 -19 -11 21 23 -22 25 -25 -17 -27 28 -28 -30
right_child=1 2 3 5 7 6 -8 -9 9 12 11 -13 14 -15 -16 16 -18 18 -20 -21 22 -23 -24 24 -26 26 27 -29 29 -31
leaf_value=-0.00048752263381003391 -0.00083874155670406799 0.016916034031700816 9.1440672162665119e-05 0.00035786294246378114 -5.7982985404020366e-05 -0.0015883915203488185 0.00049564498779494572 -0.00054299628340684033 0.023065032179036216 0.0020238101851136462 -0.0012884662829487123 0.0037389013371468237 -0.00075530856478723217 0.00012935400458389648 1.1790345721681418e-05 -0.0011189444301535983 -0.00056385482514279364 -0.001407483232802589 8.6046264791989085e-06 -0.00054275570464674559 -0.0013222679539719603 0.0048213317635113643 7.0163939228796163e-05 0.0030928259604417509 -0.00060974337392048273 -0.00058576859128539333 0.0001880728842955759 -0.00071937995093547362 -0.0030890053646271446 -5.9825105142617971e-05
leaf_weight=158 78 69 102 172 67 182 66 186 67 73 92 70 112 71 60 60 668 137 67 62 127 87 71 156 102 419 846 302 124 941
leaf_count=158 78 69 102 172 67 182 66 186 67 73 92 70 112 71 60 60 668 137 67 62 127 87 71 156 102 419 846 302 124 941
internal_value=-0.00344025 -0.0031147 -0.00291929 -0.00315344 -0.00923611 -0.00272427 -0.00996047 -0.0134302 -0.00234717 0.0016585 0.00665574 -0.00125749 -0.00325321 0.0156643 -0.0102825 -0.00291667 -0.00329402 -0.00244919 -0.0107177 0.00575 -0.00191204 -0.00136917 -0.01 -0.00177665 0.00452471 -0.00238784 -0.00201744 -0.000994139 1.82672e-05 -0.00264953
internal_weight=5794 5636 5558 5489 355 5134 248 253 4886 607 300 162 307 138 172 4279 4107 3439 204 135 3235 3037 198 2950 258 2692 2632 2213 1911 1065
internal_count=5794 5636 5558 5489 355 5134 248 253 4886 607 300 162 307 138 172 4279 4107 3439 204 135 3235 3037 198 2950 258 2692 2632 2213 1911 1065
is_linear=0
shrinkage=0.035


Tree=143
num_leaves=31
num_cat=0
split_feature=189 60 60 126 126 260 185 163 273 258 47 60 154 115 183 17 13 181 228 270 197 178 157 157 174 107 223 135 60 204
split_gain=16.8328 12.4233 17.2398 10.3192 15.1844 14.0168 23.7609 13.7874 13.2695 13.0045 11.5879 10.9556 11.3907 10.2895 11.4005 13.7779 10.5151 16.6197 9.38295 9.63148 9.92773 12.6986 10.9632 9.63221 10.2108 10.2561 10.313 22.7818 17.7678 10.7329
threshold=9.8467525228862112 64.000000000000014 76.000000000000014 75.500000000000014 120.00000000000001 0.74642162693930258 0.020136745065388897 0.81759827349615144 1.0000000180025095e-35 0.018050000071525577 -6.6816957008636271 329.50000000000006 -0.098039214448970055 26.500000000000004 -0.92778442069613332 -13.653401642793048 112.2858705529115 0.38697500526905065 -19.437614825916768 31.113291008860781 -0.031129772035552981 0.053449988365173347 0.069904526459975636 0.056492873929359984 -0.20156690999208973 6372.5000000000009 3.1895582878866571 -1.1556014889462054 721.50000000000011 0.10432112525985515
decision_type=2 2 2 2 2 2 2 2 2 2 2 2 2 2 2 2 2 2 2 2 2 2 2 2 2 2 2 2 2 2
left_child=-1 -2 -3 7 9 11 -7 8 -4 -5 -10 12 -6 -13 15 -15 18 -18 -16 -20 21 -21 23 24 -22 26 27 -26 -29 -30
right_child=1 2 3 4 5 6 -8 -9 10 -11 -12 13 -14 14 16 -17 17 -19 19 20 22 -23 -24 -25 25 -27 -28 28 29 -31
leaf_value=-0.00049108578694281467 -0.00047957378723445472 0.016323972840591287 8.7971186828045847e-05 -0.00011995596528754927 -0.00022472349982515796 -0.00056558585235720604 0.011997937365049878 -0.00068501799163349125 -0.00099855714635389468 0.0050021900259804939 2.5059732297594009e-05 0.0045046960580955317 -0.0018759788695679779 -0.005518568757008244 -0.0014932712337631089 -5.9041339229913839e-05 0.01091534663116887 -0.00092092530240655646 -0.00066544316237089011 0.002494754912447961 -0.00064684642085779845 -9.3708446421821864e-05 -0.0016805333100076577 0.00026919168604374938 -0.0022020126208801378 0.0015486841698183244 -0.00014844075788828683 0.0046847262271430485 -0.00075077943729026739 0.00036362210149225977
leaf_weight=74 139 67 103 65 116 80 112 122 69 123 64 139 70 61 128 69 70 84 180 76 81 97 148 135 135 76 2763 83 196 69
leaf_count=74 139 67 103 65 116 80 112 122 69 123 64 139 70 61 128 69 70 84 180 76 81 97 148 135 135 76 2763 83 196 69
internal_value=-0.00342818 -0.00320349 -0.0029386 -0.00315818 -0.00275334 -0.00312487 0.00604061 -0.00887052 -0.00377593 0.00689119 -0.0109058 -0.00349927 -0.0117277 -0.00315343 -0.00344816 -0.0134815 -0.00313107 0.00572327 -0.00346477 -0.003159 -0.0027808 0.00530899 -0.00316716 -0.00276602 -0.00313234 -0.00281936 -0.00312212 -0.00781762 -0.0029745 -0.00738889
internal_weight=5794 5720 5581 5514 5156 4968 192 358 236 188 133 4776 186 4590 4451 130 4321 154 4167 4039 3859 173 3686 3538 3403 3322 3246 483 348 265
internal_count=5794 5720 5581 5514 5156 4968 192 358 236 188 133 4776 186 4590 4451 130 4321 154 4167 4039 3859 173 3686 3538 3403 3322 3246 483 348 265
is_linear=0
shrinkage=0.035


Tree=144
num_leaves=31
num_cat=0
split_feature=189 60 60 78 209 82 223 177 110 89 98 270 74 232 13 270 142 269 69 23 115 10 82 57 134 174 265 148 165 232
split_gain=13.4523 10.2633 17.1896 10.7237 10.1373 9.361 16.2704 12.3944 10.8496 10.0826 9.87102 9.21536 10.6613 8.89307 11.918 11.913 10.8998 13.9567 13.0617 13.7394 10.7275 11.6937 14.7908 12.5809 14.4408 11.9151 13.2913 13.3652 12.7678 10.1876
threshold=9.8467525228862112 64.000000000000014 76.000000000000014 6.3789363538718993 6.3578407646841351 132.00000000000003 9.445076528203936 -0.0080651517532271139 0.10424999892711641 7.7304700731616336 0.54895001649856578 31.113291008860781 6367.5000000000009 9.8275944194670135 27.113894853724705 33.62510740045024 0.79115000367164623 1.1351048275520805 -6.4045953996155669 2.7754476418410259 2452.0000000000005 41.41178700482623 1364.5000000000002 0.018605035904014602 0.018691634797058786 -0.099999999993791042 2.0116454070984173 604.50000000000011 0.03346903702916431 6.6973049933133364
decision_type=2 2 2 2 2 2 2 2 2 2 2 2 2 2 2 2 2 2 2 2 2 2 2 2 2 2 2 2 2 2
left_child=-1 3 -3 -2 -4 6 -6 -8 -7 -10 11 -11 13 15 -15 -13 17 29 -19 -20 21 23 25 -18 -25 -23 27 28 -27 -17
right_child=1 2 4 -5 5 8 7 -9 9 10 -12 12 -14 14 -16 16 20 18 19 -21 -22 22 -24 24 -26 26 -28 -29 -30 -31
leaf_value=-0.000473897784399817 -0.00057958961790932411 0.015752633791170593 0.0051429910760491986 -6.5234686240206186e-05 -0.0010267650601558727 0.00094511083608168856 -0.00041938118251244833 0.00014934198352790253 -0.00058912415278802649 -0.000705866769033686 0.0037062453270971453 0.0048739870958371262 0.0015102327718774112 -0.0010840451579225776 -0.00028999724513963213 -0.0010705875528323854 0.0028355893227562244 0.0007559483657836564 -0.0014318494306073421 0.00015194484885494409 -0.00051394860014769702 0.0005915755212285022 0.0040111637783392046 -0.00068974976273318089 0.0025407578912391249 -0.00035620880425382641 0.0017173690647744179 -0.00055736757116275079 0.00059786228802103194 -4.8607270964436406e-05
leaf_weight=74 61 67 73 78 93 70 63 111 184 146 82 89 103 176 2261 322 60 91 63 92 198 131 179 296 69 158 69 109 111 115
leaf_count=74 61 67 73 78 93 70 63 111 184 146 82 89 103 176 2261 322 60 91 63 92 198 131 179 296 69 158 69 109 111 115
internal_value=-0.00335575 -0.00315459 -0.00291353 -0.0123958 -0.00313281 -0.00330977 -0.00965074 -0.00312849 -0.00297355 -0.003165 -0.00285685 -0.00306422 -0.00278689 -0.00303983 -0.00448608 -0.00139546 -0.00194632 -0.00554506 0.00111554 -0.00503125 -0.000151625 0.00112047 0.00372047 -0.0035 -0.00595946 0.000960549 -0.00178097 -0.00438642 -0.000127737 -0.00926471
internal_weight=5794 5720 5581 139 5514 5441 267 174 5174 5104 4920 4838 4692 4589 2437 2152 2063 683 246 155 1380 1182 757 425 365 578 447 378 269 437
internal_count=5794 5720 5581 139 5514 5441 267 174 5174 5104 4920 4838 4692 4589 2437 2152 2063 683 246 155 1380 1182 757 425 365 578 447 378 269 437
is_linear=0
shrinkage=0.035


Tree=145
num_leaves=31
num_cat=0
split_feature=201 33 35 132 16 270 33 193 27 13 24 173 274 12 104 274 144 147 46 7 93 8 270 145 7 101 203 211 256 221
split_gain=12.4738 17.5039 14.7178 13.9437 12.3547 12.046 15.7276 14.8606 14.6814 16.2302 12.0221 11.3945 10.7363 13.4528 12.7261 10.7627 10.7093 11.9802 13.3465 9.35304 10.3321 9.13221 17.8736 19.2515 13.2282 18.4805 14.1025 15.5092 15.4744 28.0932
threshold=0.15347499772906306 0.16135000437498095 0.051728005018453205 0.17844999581575396 -0.81695314157026455 46.337275445120561 0.20594999939203265 0.77625814150555517 2071.5000000000005 27.066982492572908 0.108187127475565 0.01007980072531698 0.1132295807124208 2.4266897038915745 1462.5000000000002 0.79582815131483908 18.573222751427252 39.536499023437507 0.04152303166915889 -29.79426801698018 1724.5000000000002 -68.067922687839058 115.24125165816677 0.01114866374840493 -94.978408854808436 0.019355037436021089 0.014586958936562412 -0.55553192377045912 79.346338526923986 21.435567498662014
decision_type=2 2 2 2 2 2 2 2 2 2 2 2 2 2 2 2 2 2 2 2 2 2 2 2 2 2 2 2 2 2
left_child=1 10 -3 4 -2 6 8 11 9 -5 12 -8 13 -1 15 16 -14 18 -18 -6 -21 24 23 -23 25 26 27 28 -7 -30
right_child=3 2 -4 5 19 21 7 -9 -10 -11 -12 -13 14 -15 -16 -17 17 -19 -20 20 -22 22 -24 -25 -26 -27 -28 -29 29 -31
leaf_value=-0.00080063957663281703 0.0055948394234299099 -0.00059621252148181491 -1.4621150000190265e-05 0.031293830602109038 -0.00079930833212068294 0.006445248165230527 -0.00055435097669754251 -5.1191483882744866e-05 -0.001362282286643183 -0.00092520408907139457 -0.00054980221467670399 -0.0017746873701958428 -0.0005710594713072137 -5.9231551704455606e-06 0.0062115954515336346 0.00039847550378744603 0.00022006867237370556 -0.00086530427613195249 -0.00035558158011550879 0.0092044406697553479 -0.00017852215145377717 0.011228370313949186 0.014652672060905758 -0.00011778576109234968 -0.00049452336440554607 0.011464550350083638 0.00031327529721568551 -0.0020150547142406706 -0.0035738626642633801 0.0019265050627330972
leaf_weight=76 103 249 107 65 86 88 89 101 66 61 95 163 86 86 77 61 125 71 65 68 71 127 81 1336 1160 137 199 338 110 247
leaf_count=76 103 249 107 65 86 88 89 101 66 61 95 163 86 86 77 61 125 71 65 68 71 127 81 1336 1160 137 199 338 110 247
internal_value=-0.0035006 -0.00685403 -0.0131856 -0.00271006 0.0042042 -0.00323348 -0.00808182 -0.0124162 0 0.00694656 -0.00374833 -0.0168872 -0.0019862 -0.00964072 0.000642857 -0.00186441 -0.00427557 -0.000657895 0.00394872 -0.000456522 0.00510417 -0.00253265 -0.000451904 -0.00135899 -0.00393827 -0.00121441 -0.0029078 -0.00501904 -0.0007 -0.00396409
internal_weight=5794 1098 356 4696 328 4368 545 353 192 126 742 252 647 162 485 408 347 261 190 225 139 3823 1544 1463 2279 1119 982 783 445 357
internal_count=5794 1098 356 4696 328 4368 545 353 192 126 742 252 647 162 485 408 347 261 190 225 139 3823 1544 1463 2279 1119 982 783 445 357
is_linear=0
shrinkage=0.035


Tree=146
num_leaves=31
num_cat=0
split_feature=201 201 22 242 34 255 181 132 160 173 60 183 153 254 98 71 205 183 253 103 183 247 82 169 60 148 90 282 152 261
split_gain=13.4389 14.858 11.9136 13.5198 13.1893 13.526 11.0839 10.786 13.9023 10.2439 11.9035 10.1626 11.7128 9.69125 12.4369 11.6331 11.4619 10.5777 10.2357 10.5076 10.0084 9.75411 8.88227 8.86115 15.5239 9.60207 19.8851 17.8112 14.4784 10.4627
threshold=0.15347499772906306 0.13812499865889552 0.1220500022172928 38.614270690149105 1.7116793538019897 -0.03021750793308264 0.12282499670982362 0.16964999586343768 0.031800009310245521 0.7753045152728183 1080.5000000000002 0.83227425737095484 0.26917332672772398 16.554064240892345 0.51974999904632579 3273.0000000000005 0.021261412619853905 -0.9729618634375079 1.6547413971723659 59.75889968872071 0.73123575011338671 623.20001220703136 672.00000000000011 14.804004882831391 1080.5000000000002 491.00000000000006 0.015037615730038057 1.0000000180025095e-35 -0.11282662100769757 526.01000976562511
decision_type=2 2 2 2 2 2 2 2 2 2 2 2 2 2 2 2 2 2 2 2 2 2 2 2 2 2 2 2 2 2
left_child=1 2 3 4 -1 6 -6 8 -2 10 -7 12 -3 15 -15 17 20 -9 19 21 22 23 -17 25 -25 26 28 -28 -19 -27
right_child=7 11 -4 -5 5 9 -8 13 -10 -11 -12 -13 -14 14 -16 16 -18 18 -20 -21 -22 -23 -24 24 -26 29 27 -29 -30 -31
leaf_value=-0.00076710501746225237 0.0093581591065260289 -0.0010059150451411359 0.00069905321302180033 0.0054074071373783105 0.00012804517287731134 0.00013570516120766681 -0.00028468531217694799 -0.0051367237891872088 -0.00026155628499738547 -0.00039231356962159071 -0.00064976883079738098 -0.00062892050882706115 8.5985036795982478e-06 -0.00079580364552271968 0.00028002822863411412 -0.0019310736696986238 4.0889852549393374e-05 0.0056547534177267423 0.00097815063492587284 0.011465681809314123 3.2360071610112454e-05 -0.0017527977167745474 -0.00066869543761576119 -0.0010533056990877643 0.001753446186707023 -0.00049890160556192119 -0.00055304110598160261 0.00046245869519769505 3.1093823810837976e-05 0.00079190375313409355
leaf_weight=137 76 189 78 98 123 72 68 69 66 68 103 75 87 670 108 97 81 190 105 61 73 89 143 63 185 1186 535 115 504 280
leaf_count=137 76 189 78 98 123 72 68 69 66 68 103 75 87 670 108 97 81 190 105 61 73 89 143 63 185 1186 535 115 504 280
internal_value=-0.0035006 -0.00698096 -0.00414229 -0.00566024 -0.00771701 -0.00462415 0.00232143 -0.00268028 0.00666667 -0.0100202 -0.00525 -0.0128792 -0.00946619 -0.00297872 -0.00652618 -0.00224015 -0.00789474 -0.00157071 -0.00127637 -0.00163399 -0.0108962 -0.001921 -0.0142857 -0.00157689 0.00470356 -0.00213854 0 -0.00438168 0.00410587 -0.00409245
internal_weight=5794 1098 747 669 571 434 191 4696 142 243 175 351 276 4554 778 3776 394 3382 3313 3208 313 3147 240 3058 248 2810 1344 650 694 1466
internal_count=5794 1098 747 669 571 434 191 4696 142 243 175 351 276 4554 778 3776 394 3382 3313 3208 313 3147 240 3058 248 2810 1344 650 694 1466
is_linear=0
shrinkage=0.035


Tree=147
num_leaves=31
num_cat=0
split_feature=104 176 38 160 203 104 223 90 213 204 269 104 230 61 38 186 104 274 214 19 41 159 274 34 213 274 129 137 260 137
split_gain=12.3947 13.7026 12.2275 13.4635 11.6141 10.9422 10.8979 17.3248 12.0893 15.6674 10.9548 11.9162 11.5702 10.7287 10.087 9.65563 9.47271 9.29971 8.85111 9.23269 19.5475 14.9456 19.9247 19.1878 15.5459 15.1095 14.634 17.9979 15.6566 15.0562
threshold=184.00000000000003 -0.36144610267698857 334.00000000000006 0.021999988704919819 0.9674712323441973 78.000000000000014 3.3947382035190921 0.025974053050291313 9.5372311376281527 0.1174552802261349 6.6116269078270182 1348.5000000000002 0.34430218840419974 62.500000000000007 710.50000000000011 0.21301762405787386 575.50000000000011 0.72321208725692065 0.097449988126754775 6027.5000000000009 6027.5000000000009 12.989121054539845 0.065567704952719727 2.7245080959901 9.9985248841475265 -0.29360712065892741 5972.5000000000009 1615.0000000000002 -0.0014974218123378932 2997.0000000000005
decision_type=2 2 2 2 2 2 2 2 2 2 2 2 2 2 2 2 2 2 2 2 2 2 2 2 2 2 2 2 2 2
left_child=1 13 15 -4 6 -5 7 8 16 10 11 12 -10 -1 -7 17 -2 -3 19 26 -21 22 -22 -24 -23 -26 27 28 -8 -29
right_child=4 2 3 5 -6 14 18 -9 9 -11 -12 -13 -14 -15 -16 -17 -18 -19 -20 20 21 24 23 -25 25 -27 -28 29 -30 -31
leaf_value=-0.00069202525329736429 -7.6694237549401341e-05 -0.00026320873882635265 0.00024850168130431563 -0.0010484476401973804 0.0077549248242812273 -0.00071203256912955319 -0.00024750845475663368 -0.0023191893249275074 -0.00069814632176676446 0.0029286798362840325 0.00064204769565155782 -0.0017379304393166811 0.001997198287809972 -0.00039974720646022868 9.7273233917147264e-05 -0.00028811235004718192 -0.001587629635631907 0.00037556145236586959 -0.002151698269686426 -0.0017581125680669243 0.011074618806106561 -0.00051627140884524304 0.00030904122614294597 -0.00060559862406654123 -0.0030940341846346958 9.1921214362741265e-05 0.0074781396926055727 -0.0016966894008779523 0.00026879656199925705 0.00021556533152502195
leaf_weight=73 77 68 63 63 94 86 1137 94 66 119 62 107 71 218 65 110 141 127 73 108 79 869 67 132 61 474 89 109 832 60
leaf_count=73 77 68 63 63 94 86 1137 94 66 119 62 107 71 218 65 110 141 127 73 108 79 869 67 132 61 474 89 109 832 60
internal_value=-0.00337989 -0.00721526 -0.00405451 -0.00930851 -0.00269285 -0.0134247 -0.00293357 -0.00683962 -0.00469907 -0.00122093 -0.00540193 -0.00871486 -0.00172535 -0.0133615 -0.00785256 0.000790323 -0.0113004 0.005425 -0.00222222 -0.00199279 -0.00386072 -0.00290456 0.0044523 -0.00154412 -0.00437189 0.000324074 -0.000486111 -0.00107793 -0.000124113 -0.0118678
internal_weight=5794 873 582 277 4921 214 4827 737 643 425 306 244 137 291 151 305 218 195 4090 4017 1790 1682 278 199 1404 535 2227 2138 1969 169
internal_count=5794 873 582 277 4921 214 4827 737 643 425 306 244 137 291 151 305 218 195 4090 4017 1790 1682 278 199 1404 535 2227 2138 1969 169
is_linear=0
shrinkage=0.035


Tree=148
num_leaves=31
num_cat=0
split_feature=183 274 221 111 59 170 173 160 275 104 88 133 59 254 135 134 8 202 268 166 219 54 198 173 46 184 173 64 169 276
split_gain=16.5786 16.7688 13.2961 11.0561 10.3801 9.9782 9.07866 12.4137 13.2071 10.7833 17.0088 24.7537 23.3765 15.381 14.8216 23.2456 21.7305 16.8731 15.7941 13.8539 12.9186 12.8355 15.3383 12.0576 11.9518 11.9389 11.1935 11.056 10.5025 14.0647
threshold=0.93761956129879498 0.89830966466934536 69.801417569740792 18.37194760067317 24.2463493347168 0.0072499960660934457 0.78908099533625065 0.024199995910748843 -0.25694135748599572 560.50000000000011 0.19375000149011615 42.755338274100353 29.517400741577152 12.497617408991914 -0.92069126393989886 0.018770525496410305 -58.611028134757184 -0.66479400743135675 -1.5379371756435443 -0.11197720478362914 -39.354417691735357 0.24925000220537188 0.027850002050399784 -0.31877822974876624 0.032345230183028713 0.071428562840209972 0.49901091931887137 15.11201035554244 14.035348099576497 -0.51376027090099796
decision_type=2 2 2 2 2 2 2 2 2 2 2 2 2 2 2 2 2 2 2 2 2 2 2 2 2 2 2 2 2 2
left_child=1 4 3 -2 5 -1 9 8 -8 13 14 12 -12 19 15 23 27 -18 -17 28 -15 -13 -23 -11 -19 -21 -22 -16 29 -6
right_child=2 -3 -4 -5 6 -7 7 -9 -10 10 11 21 -14 20 16 18 17 24 -20 25 26 22 -24 -25 -26 -27 -28 -29 -30 -31
leaf_value=-0.00031291252023230687 -0.00012068857902274911 0.007399764818908406 -0.00022181311519114206 -0.00050236697845921878 0.00030629545999742437 -0.0019010503948006026 0.00025405381535457906 -0.00054811080027096178 -0.00035929256306189831 -8.2238201350529343e-05 -0.00079990253407792155 -0.00050382684332438707 0.010565757616328877 -0.0021628965957145017 0.010332324394787274 -0.00034646570767823964 0.00017966788018652038 -0.00089742555631585068 0.00021144949773432844 0.00068136002702195943 0.00033041056204471958 6.4153556515111345e-05 -0.0021720174092756568 -0.0013710129916197928 -0.00025390277727672884 -0.00036574456920851267 -0.0012118245207373177 -0.00036910128602673083 0.00018632987642625278 -0.00057625120871987738
leaf_weight=65 74 69 136 90 79 84 92 263 116 74 115 861 146 146 86 140 85 203 183 451 119 825 68 370 134 98 92 62 165 303
leaf_count=65 74 69 136 90 79 84 92 263 116 74 115 861 146 146 86 140 85 203 183 451 119 825 68 370 134 98 92 62 165 303
internal_value=-0.0032954 -0.00285143 -0.0112459 -0.0178107 -0.00307459 -0.0120455 -0.00281007 -0.00742647 -0.000985915 -0.00235031 -0.00344057 -0.00140347 0.00855263 0.000168038 -0.00649404 -0.00965674 -0.0021913 -0.00622951 -0.00245427 0.00222525 -0.00609116 -0.00290506 3.89755e-05 -0.0148107 -0.00972222 0.00612816 -0.000486111 0.00915033 -0.00171196 -0.00488372
internal_weight=5794 5494 300 164 5425 149 5276 471 208 4805 3352 2015 261 1453 1337 767 570 422 323 1096 357 1754 893 444 337 549 211 148 547 382
internal_count=5794 5494 300 164 5425 149 5276 471 208 4805 3352 2015 261 1453 1337 767 570 422 323 1096 357 1754 893 444 337 549 211 148 547 382
is_linear=0
shrinkage=0.035


Tree=149
num_leaves=31
num_cat=0
split_feature=183 113 274 59 170 169 60 172 203 199 10 68 205 260 232 261 153 184 162 258 148 82 270 260 80 137 47 153 11 49
split_gain=14.387 13.1837 11.3161 10.7458 9.9782 9.5493 8.85836 15.7796 14.1455 13.9934 11.0135 15.036 11.4596 17.7213 19.4693 13.7619 14.8631 13.3698 12.9576 12.7424 10.7025 13.8598 12.1017 22.5874 15.5053 16.5691 19.4628 15.4912 15.255 13.8193
threshold=0.93761956129879498 -1.5996769200711218 0.89830966466934536 24.2463493347168 0.0072499960660934457 14.100374036039577 248.00000000000003 -0.25939659226489054 0.9674712323441973 12.785790582032133 37.49987848864766 0.012158213557774309 0.020882086530443645 -0.2297263156694612 14.408169208884882 568.22497558593761 0.67221076991933348 0.0022176854395954903 -0.018116179848980885 0.0097000040113925951 62.500000000000007 1284.5000000000002 120.43191194236658 -0.12854136502974731 -7.6042019019403781 774.50000000000011 -6.7762105868095412 -0.039940560327600245 73.603342182263404 531.50000000000011
decision_type=2 2 2 2 2 2 2 2 2 2 2 2 2 2 2 2 2 2 2 2 2 2 2 2 2 2 2 2 2 2
left_child=2 5 3 4 -1 -2 7 -5 10 -9 11 -8 13 14 -13 16 -15 -16 -14 -20 -12 -22 23 29 -25 26 -26 -28 -27 -23
right_child=1 -3 -4 6 -6 -7 8 9 -10 -11 20 12 18 15 17 -17 -18 -19 19 -21 21 22 -24 24 25 28 27 -29 -30 -31
leaf_value=-0.00030196058202417445 -0.00025388937359802858 -0.00036230936492020528 0.0071407730502466111 0.00024779140969654945 -0.0018345136309825818 0.00026987296790043053 0.0034663678518866837 -0.00091709874659896145 0.010424480373035323 2.0403744204537667e-05 0.0011637185283156844 0.0070993658508136225 0.0061927506351199049 -0.0010430443525329012 -0.0043885189862291193 0.00067406116951573467 0.00091823605676926334 0.00031165530796538446 0.0079619124399068035 -0.00071568711516427916 -0.00016962711679792189 4.3410128687930428e-05 0.0066147632323010205 -0.0012464582669101871 0.012371948532571725 0.012075518811592349 0.0063708504638793281 -0.00037756959164777148 -0.00045818261885548607 -0.002051362448441204
leaf_weight=65 141 87 69 75 84 72 111 238 60 92 81 92 104 872 78 96 76 89 83 129 1986 116 145 113 133 66 66 92 125 158
leaf_count=65 141 87 69 75 84 72 111 238 60 92 81 92 104 872 78 96 76 89 83 129 1986 116 145 113 133 66 66 92 125 158
internal_value=-0.00315054 -0.0105574 -0.00273686 -0.00291989 -0.0120455 -0.00561927 -0.00265101 -0.00759756 -0.00223236 -0.0108657 -0.00244913 -0.00468012 -0.00553879 -0.00698394 0.00119318 -0.00900858 -0.0102833 -0.00590116 0.000436137 -0.00451613 -0.00119086 -0.00153744 0.00178606 0.000200229 0.004025 0.00675565 0.0119426 0.00343558 -0.00125 -0.00802867
internal_weight=5794 300 5494 5425 149 213 5276 405 4871 330 4811 1730 1619 1303 259 1044 948 167 316 212 3081 3000 1014 869 595 482 291 158 191 274
internal_count=5794 300 5494 5425 149 213 5276 405 4871 330 4811 1730 1619 1303 259 1044 948 167 316 212 3081 3000 1014 869 595 482 291 158 191 274
is_linear=0
shrinkage=0.035


Tree=150
num_leaves=31
num_cat=0
split_feature=24 150 33 160 226 212 177 158 136 113 113 27 240 105 114 124 93 194 272 5 44 210 32 100 203 33 50 13 184 223
split_gain=13.1494 9.36113 14.835 13.8826 13.2282 13.9442 12.6715 13.9221 12.5981 18.4566 11.871 24.4506 16.6317 14.6201 14.7428 12.8486 15.7598 11.6943 11.6206 15.1149 13.5946 12.2907 11.4784 13.0214 14.1003 13.5508 15.4544 13.6159 12.1683 14.4401
threshold=0.112159300416649 0.044700000435113914 0.55364999175071727 0.032800011336803443 -3.8846169161349526 8.2507504089767014 -0.0044856433222212515 -0.01025000214576721 32.442501068115241 -3.6164990668356274 -2.2718123285258982 3590.0000000000005 2.4354405479187773 178.50000000000003 47.92815017700196 -2.6226854727120554 598.50000000000011 0.031944657803793193 0.023000009357929233 66.402160306656455 0.29954999685287481 0.018950258230022009 0.14725000411272052 8.2415020271412178 -0.94700445132604261 0.2221999987959862 388.50000000000006 24.605837353133388 -0.063637325942904568 12.553338332078981
decision_type=2 2 2 2 2 2 2 2 2 2 2 2 2 2 2 2 2 2 2 2 2 2 2 2 2 2 2 2 2 2
left_child=1 2 4 8 6 22 -1 -8 9 -3 11 12 15 18 -15 16 -5 -16 19 21 -20 -12 28 -24 -25 26 27 -26 29 -6
right_child=-2 3 -4 10 5 -7 7 -9 -10 -11 13 -13 -14 14 17 -17 -18 -19 20 -21 -22 -23 23 24 25 -27 -28 -29 -30 -31
leaf_value=-0.0014063212882709445 -0.00047965755472046019 -0.0018787960947325723 0.010815781460606239 -0.0028282734342054499 0.0050496800992702014 -0.0011420329240077233 0.00078505916524844346 -0.00048968395054155517 -0.0010388462338977939 2.4297030483790562e-05 6.0425281827245499e-05 0.0072801996350114299 -0.0021280955715462504 0.00014610946227548385 -0.0030809656404534201 -0.00055008174596614065 0.00057383502804046825 -0.0006114577009968653 0.00038638100862308932 0.00043748693203712001 -0.00026957765467676122 -0.0015137157377614048 -0.0008438116247796593 -0.0037126121995986303 0.00015242075237717701 0.00012357717487486376 0.0016519826845124543 -0.0004254343077623946 -2.0020051764185757e-05 -2.3469342320988076e-05
leaf_weight=218 115 73 64 73 164 78 98 280 275 188 67 61 235 110 75 156 152 85 504 77 242 182 120 107 127 526 74 421 724 123
leaf_count=218 115 73 64 73 164 78 98 280 275 188 67 61 235 110 75 156 152 85 504 77 242 182 120 107 127 526 74 421 724 123
internal_value=-0.00339196 -0.00314655 -0.00185682 -0.0047168 -0.00221533 -0.00107736 -0.00687188 -0.00292428 -0.00970425 -0.00407895 -0.00337204 -0.00713343 -0.00924316 -0.00145509 -0.00865455 -0.00462435 0.00076087 -0.0152727 0.000389972 -0.00507553 0.00279627 -0.00923228 -0.000585529 -0.00266304 -0.00158333 -0.000424978 -0.0039075 -0.00594937 0.00223917 0.00827055
internal_weight=5794 5679 3124 2555 3060 2464 596 378 536 261 2019 677 616 1342 270 381 225 160 1072 326 746 249 2386 1375 1255 1148 622 548 1011 287
internal_count=5794 5679 3124 2555 3060 2464 596 378 536 261 2019 677 616 1342 270 381 225 160 1072 326 746 249 2386 1375 1255 1148 622 548 1011 287
is_linear=0
shrinkage=0.035


Tree=151
num_leaves=31
num_cat=0
split_feature=174 273 215 261 273 22 170 221 13 141 105 180 209 17 153 273 223 93 38 243 158 38 248 248 127 72 105 104 105 11
split_gain=15.0611 9.53402 12.551 15.5194 20.5607 12.6589 12.4748 16.1898 14.2727 21.647 15.1679 12.8639 12.2342 13.9101 13.8439 11.5017 10.6482 10.412 11.1421 11.0743 10.3644 10.3475 11.2326 11.1433 11.3034 11.0123 10.8235 10.3352 10.1042 10.0916
threshold=-0.21557793972059547 -0.13633557597233989 -0.035799998790025704 487.16000366210943 0.43415068858663663 0.29344999790191656 0.024199996143579487 60.161079375093259 81.953941163728345 49.931196174608516 124.50000000000001 -0.0024500042200088497 11.75935574396974 14.536115657146633 0.052889918328065576 0.13133980118365693 6.3202383400948259 3048.5000000000005 763.50000000000011 5.0914273619153514 -0.0027499943971633907 686.50000000000011 0.16391130110982036 -0.31896929318930839 26.500000000000004 265.50000000000006 106.50000000000001 1411.5000000000002 70.500000000000014 116.99098254411381
decision_type=2 2 2 2 2 2 2 2 2 2 2 2 2 2 2 2 2 2 2 2 2 2 2 2 2 2 2 2 2 2
left_child=-1 12 3 5 -5 -3 7 8 9 11 -10 27 13 14 -2 -7 -6 18 -9 -20 -17 -13 23 -23 26 -26 -25 -4 -15 -8
right_child=1 2 6 4 16 15 29 17 10 -11 -12 21 -14 28 -16 20 -18 -19 19 -21 -22 22 -24 24 25 -27 -28 -29 -30 -31
leaf_value=-0.00038296859540026655 -0.00014165906342701292 0.0075677396216638935 -0.00023900512746760031 -0.00056528461802791508 0.0065494051444866825 0.00021003676044085374 -0.00017545521669448452 0.00116334934981851 -0.003084359828067196 0.010854514179810787 0.00024505675164749236 0.006431284758915936 -0.0002924577268541695 8.360219270616643e-05 0.00020038956511354291 0.00031415255403096254 -0.00020426395075948958 -0.00059942889465726238 0.0028792954565624094 -0.00012247114907639126 -0.00099996509537150823 -0.0010742967100682756 -0.0015626231088731934 -0.00013473184329322488 -0.00087646695743033912 8.0828882305234169e-05 0.0003261873410245353 0.015790409612466076 -0.00087752543545736373 -0.0015335570901713032
leaf_weight=138 382 110 86 1902 64 183 197 145 143 78 62 74 185 65 522 64 121 60 106 196 114 72 98 85 141 97 80 62 101 61
leaf_count=138 382 110 86 1902 64 183 197 145 143 78 62 74 185 65 522 64 121 60 106 196 114 72 98 85 141 97 80 62 101 61
internal_value=-0.00345232 -0.00316552 -0.00393214 -0.00551697 -0.00680927 0.000220588 -0.00172348 -0.000550314 -0.00297322 -0.000996583 -0.0111667 -0.00275625 -0.000472222 0.000976744 0.00269527 -0.00296448 0.00423684 0.00458008 0.00642699 0.00250814 -0.00918033 -0.00488497 -0.00647924 -0.00415625 -0.00180147 -0.00662551 0.00514706 0.00640523 -0.00818713 -0.00878327
internal_weight=5794 5656 4401 2558 2087 471 1843 1585 1078 873 205 795 1255 1070 904 361 185 507 447 302 178 647 573 475 403 238 165 148 166 258
internal_count=5794 5656 4401 2558 2087 471 1843 1585 1078 873 205 795 1255 1070 904 361 185 507 447 302 178 647 573 475 403 238 165 148 166 258
is_linear=0
shrinkage=0.035


Tree=152
num_leaves=31
num_cat=0
split_feature=199 264 265 14 12 166 92 136 61 125 267 8 262 20 258 203 209 228 104 122 203 11 8 130 169 215 17 173 159 183
split_gain=11.664 10.8359 15.7224 12.1588 11.7231 14.3933 11.4578 10.8226 13.3476 14.6201 10.6793 10.1997 12.579 10.1469 13.8608 21.1146 14.5801 11.9867 11.9751 10.514 14.4553 19.6304 24.0912 20.5819 22.8902 14.1169 14.2171 13.3916 12.8193 12.6564
threshold=13.593478895826225 -1.6916948802359053 -0.32001509316259552 0.067681686232168317 2.6799242730565043 0.23248900124409835 30.079599380493168 23.987850189208988 296.50000000000006 41.388698577880866 -7.3915825614517807 -56.934162680551957 -1.0000000180025095e-35 26.571499349857813 0.017599992454051975 0.37142857142829205 10.471454089085785 -18.658104335526058 212.00000000000003 17.748196873112445 0.70099935354562048 53.092523879281543 -27.521645251769375 -48.535767773822947 13.510907461341198 -0.026300009340047833 -11.637355442984385 -0.31877822974876624 13.748860802448705 0.63377538813055845
decision_type=2 2 2 2 2 2 2 2 2 2 2 2 2 2 2 2 2 2 2 2 2 2 2 2 2 2 2 2 2 2
left_child=1 2 4 -4 11 -6 -3 -2 9 -9 -8 12 -1 14 15 -12 -17 -15 -18 -19 21 23 -23 27 -25 26 -22 -21 -26 -28
right_child=7 6 3 -5 5 -7 10 8 -10 -11 13 -13 -14 17 -16 16 18 19 -20 20 25 22 -24 24 28 -27 29 -29 -30 -31
leaf_value=-0.0024618488347833904 -0.0025183540531675723 -0.0013262924680829066 0.00055439887029211496 -0.00016774634822438325 -0.0001741894479112427 0.0005345970841074037 -0.0023756386943791187 0.0028872102038673339 -0.0017949867972412343 -0.00051923792285178856 -0.0013388066251849658 -0.00058543896064649971 0.00072021976362851581 -0.002235596204752281 -0.00033871006472930345 -0.00089083532700442731 -0.00012258161623857595 0.00047121675055596948 0.002512512790043317 -0.0011463136548373186 0.00029665822720524208 -4.1886066547008889e-05 0.00033881898049749749 -0.0016023637409898124 0.0001040026187058335 0.00012222619668111447 -0.0013245303501592189 0.0057593450083167673 -0.00075296256372853676 -0.00040840447834401556
leaf_weight=64 69 64 277 110 695 222 76 88 144 139 95 178 77 160 225 73 72 225 124 74 60 1300 122 129 81 129 205 66 124 327
leaf_count=64 69 64 277 110 695 222 76 88 144 139 95 178 77 160 225 73 72 225 124 74 60 1300 122 129 81 129 205 66 124 327
internal_value=-0.00351267 -0.00305654 -0.000666462 0.00544643 -0.00259468 -0.000569414 -0.00409395 -0.00896629 -0.00642287 -0.00105603 -0.00382217 -0.0083179 -0.00119863 -0.00353309 -0.00771886 -0.00341463 0.00166058 -0.00270037 0.00661692 -0.00216368 -0.00278986 -0.00117833 0.000882971 -0.00730689 -0.0119764 -0.00699036 -0.00926298 0.00386207 -0.0045 -0.0110801
internal_weight=5794 5354 1623 387 1236 917 3731 440 371 227 3667 319 141 3591 589 364 269 3002 196 2842 2617 1896 1422 474 334 721 592 140 205 532
internal_count=5794 5354 1623 387 1236 917 3731 440 371 227 3667 319 141 3591 589 364 269 3002 196 2842 2617 1896 1422 474 334 721 592 140 205 532
is_linear=0
shrinkage=0.035


Tree=153
num_leaves=31
num_cat=0
split_feature=24 221 27 256 271 187 69 147 204 208 82 198 126 137 43 34 165 15 190 93 273 272 35 60 32 11 6 183 38 126
split_gain=11.8164 8.86698 12.3042 17.8232 10.4139 12.9081 11.3674 13.5787 11.21 10.9492 9.91805 16.3 10.9109 11.8184 10.5831 9.80186 12.2275 9.89324 15.5742 14.1382 11.9083 11.1838 14.9283 14.3331 12.5024 14.5534 13.7608 12.8968 12.333 14.9733
threshold=0.112159300416649 -2.0377170824306674 959.50000000000011 82.868051956814426 13.348444002648815 -1.593656390798689e-05 -8.6136783308694209 29.978650093078617 0.1428571373743053 0.010149985551834108 3317.0000000000005 0.010949999094009401 2062.0000000000005 817.00000000000011 0.24544999748468402 1.6014790013368438 0.04707765346625839 -1.7796119642865535 -0.0048000030219554892 1838.0000000000002 0.032108245290852669 0.030249997973442081 0.059714808795473098 1231.5000000000002 0.15824999660253528 66.374224215559053 8.927041767977185 0.50006752794511411 1225.0000000000002 367.50000000000006
decision_type=2 2 2 2 2 2 2 2 2 2 2 2 2 2 2 2 2 2 2 2 2 2 2 2 2 2 2 2 2 2
left_child=1 2 3 -1 10 9 -7 -8 -9 -6 12 14 15 -14 -12 -3 17 18 19 20 -17 22 23 24 26 -26 -19 -27 29 -23
right_child=-2 4 -4 -5 5 6 7 8 -10 -11 11 -13 13 -15 -16 16 -18 21 -20 -21 -22 28 -24 -25 25 27 -28 -29 -30 -31
leaf_value=0.0058132664292610782 -0.00042504264863002354 0.0035492606457483934 -0.0028129791881142483 -0.0029517104998713671 -0.001589915708711881 -0.0015334902120080439 0.0086753271904245095 -7.1063571437810503e-05 -0.0019280665070264787 -7.8142622851879459e-05 0.014439176692924565 -0.00087819103413577413 -0.00012617090784319276 -0.0012795643580892965 0.00024167155125356029 0.00017441629484524825 -0.00055437823024731883 -0.00067640795226171617 0.00029363840753158181 -0.00060210069259951263 -0.00032685521246377804 0.00015318502643805467 9.5340380672894755e-05 -3.0583510778993132e-05 0.00060549242971505522 0.00012076820140331902 3.7875580174162595e-06 -0.0013438266778600595 0.0028927856184761502 -0.0022056877063848248
leaf_weight=113 115 95 126 71 175 92 104 319 61 76 73 105 225 99 108 279 237 750 333 224 327 191 208 645 92 75 149 95 141 91
leaf_count=113 115 95 126 71 175 92 104 319 61 76 73 105 225 99 108 279 237 750 333 224 327 191 208 645 92 75 149 95 141 91
internal_value=-0.00340404 -0.00317118 -0.00888889 -0.00296296 -0.00283309 -0.0064363 -0.00349398 -0.00128834 -0.00436364 -0.0129883 -0.00217066 0.00408935 -0.00259563 -0.0087234 0.0103495 -0.00208026 -0.00235945 -0.00184466 0.000809075 -0.00176048 0.0010311 -0.00311016 -0.00419515 -0.00521811 -0.00753431 -0.000786517 -0.00948562 -0.0068 0.00204439 -0.00219512
internal_weight=5794 5679 310 184 5369 827 576 484 380 251 4542 286 4256 324 181 3932 3837 3600 1163 830 606 2437 2014 1806 1161 262 899 170 423 282
internal_count=5794 5679 310 184 5369 827 576 484 380 251 4542 286 4256 324 181 3932 3837 3600 1163 830 606 2437 2014 1806 1161 262 899 170 423 282
is_linear=0
shrinkage=0.035


Tree=154
num_leaves=31
num_cat=0
split_feature=56 4 82 196 194 83 223 80 125 60 224 257 104 203 10 205 71 211 9 71 256 91 17 7 150 178 94 30 34 20
split_gain=14.1536 11.6346 12.9278 10.9607 9.8332 9.45026 8.98412 13.0717 12.4394 11.407 11.1795 10.4737 10.8156 19.4383 18.1302 14.3481 11.1198 14.67 10.1746 12.9628 18.5653 14.9929 14.0231 13.4546 9.86462 18.2909 13.3103 10.6488 18.9945 14.2605
threshold=3.4108247878409608 6.6862142687467072 605.50000000000011 0.71762381516311391 -0.0092236707114703997 229.50000000000003 5.7747651624588077 -6.7107459039122803 40.530250549316413 2781.5000000000005 0.85440314368589609 4.5847910981673143 103.00000000000001 0.90248752246644626 71.419721441435442 0.017596432732931239 897.50000000000011 0.29643912591010668 -8.001183410215269 723.50000000000011 82.482928348545045 -4.5529928145471805 -15.708530895866543 -143.6893713339594 0.044000003486871726 -0.010099992156028746 135.50000000000003 5237.5000000000009 6.8682457578574843 68.670920945757004
decision_type=2 2 2 2 2 2 2 2 2 2 2 2 2 2 2 2 2 2 2 2 2 2 2 2 2 2 2 2 2 2
left_child=1 2 -1 6 -3 -4 7 10 -9 11 -2 12 -10 14 15 -14 -16 -18 19 20 23 -22 -21 -8 25 26 -20 -26 29 -29
right_child=3 4 5 -5 -6 -7 18 8 9 -11 -12 -13 13 -15 16 -17 17 -19 24 22 21 -23 -24 -25 27 -27 -28 28 -30 -31
leaf_value=0.0088485617145751035 -0.00047541941308357346 -8.5740012957018504e-05 -0.002637425654546824 0.0035115633954941605 -0.00072670786227249933 -9.2326321216790468e-05 0.0075362444178527638 0.00069653020470288713 -0.00078479949798158759 -0.0017510944696166083 -0.0015990208901348175 -0.0013199511197381198 -0.00041079704615820049 0.0040421205980461419 0.014808909290085827 7.5137092798210979e-05 -0.00065589026539302885 0.0035784533719471481 1.6298702457022697e-05 -0.00011985173467460087 -0.0036079943478899853 -2.5145735869401002e-05 -0.0024094503364013877 -0.0012262650194302396 -0.0032039877778555726 0.00011491329694436865 -0.0004286788063728997 -0.00017182470123104505 0.0005358342910751024 -0.002696941121677432
leaf_weight=70 142 71 60 86 141 72 83 63 63 104 129 172 294 89 65 126 62 60 285 87 75 99 115 80 60 1058 315 1342 215 111
leaf_count=70 142 71 60 86 141 72 83 63 63 104 129 172 294 89 65 126 62 60 285 87 75 99 115 80 60 1058 315 1342 215 111
internal_value=-0.00331954 -0.00952267 -0.00338164 -0.0028338 -0.0151613 -0.00970803 -0.00303831 -0.00547671 -0.00374433 -0.00467788 -0.0123007 -0.00340278 -0.0016034 -0.000299572 -0.00257353 -0.00658824 0.00638021 0 -0.00218193 -0.00662684 -0.0023538 -0.0101676 -0.0135266 0.00604167 -0.00146564 0.000463019 -0.00439669 -0.00331218 -0.00276151 -0.00420096
internal_weight=5794 414 202 5380 212 132 5294 1369 1098 1035 271 931 759 696 607 420 187 122 3925 539 337 174 202 163 3386 1658 600 1728 1668 1453
internal_count=5794 414 202 5380 212 132 5294 1369 1098 1035 271 931 759 696 607 420 187 122 3925 539 337 174 202 163 3386 1658 600 1728 1668 1453
is_linear=0
shrinkage=0.035


Tree=155
num_leaves=31
num_cat=0
split_feature=56 8 148 8 93 248 56 217 10 137 211 268 136 201 31 165 11 154 256 271 150 37 13 183 57 147 49 92 35 28
split_gain=14.1662 11.8826 12.2986 10.123 23.5057 18.7495 18.339 15.431 14.4708 13.4934 13.7292 20.6616 15.5922 13.3192 13.9067 13.048 14.5704 13.4752 17.2009 12.8521 16.6364 12.5659 12.5122 20.2951 11.9586 12.6311 11.7315 10.6555 10.5655 10.5144
threshold=3.4108247878409608 -30.957359655033088 1187.5000000000002 -68.067922687839058 696.00000000000011 -0.18198581350381546 6.0989875491697338 44.209147299231397 129.07346982703112 3482.5000000000005 -0.18704681061055703 -20.175358501167135 34.81939888000489 0.24210000038146975 -52.191540622757429 0.03679907986713557 87.746619893783802 -0.025316446714900184 82.482928348545045 8.870314676458575 0.034749999642372138 33.995550155639656 82.790099393042382 -0.84299983070841966 0.036038926973634554 33.65370178222657 2850.5000000000005 40.30369949340821 0.034091949650753038 177.50000000000003
decision_type=2 2 2 2 2 2 2 2 2 2 2 2 2 2 2 2 2 2 2 2 2 2 2 2 2 2 2 2 2 2
left_child=1 2 -1 9 6 -6 -5 19 -9 10 12 -12 13 -2 15 16 17 -15 -19 -7 26 -13 -14 -24 25 28 -21 -18 -8 -22
right_child=3 -3 -4 4 5 7 24 8 -10 -11 11 21 22 14 -16 -17 27 18 -20 20 29 -23 23 -25 -26 -27 -28 -29 -30 -31
leaf_value=0.0035783383682184305 0.013456416934670009 -0.00041369595072582316 -0.0018860979720002893 0.014311224777237968 -0.00094834247610370639 -2.79286729510031e-05 -0.00070754480636994917 0.0051266104988906772 -0.00019754392876981944 0.012059814235414643 0.00018061220231453735 -0.00070894977235034108 -0.0024169899970439119 -0.0027733097418748292 -0.0018664421899450845 0.0020847287867968058 -0.00029095586585643101 0.0057437104422699576 -0.00094253289959371023 -0.00039239861009552181 -0.00041971089191676143 0.00017462754318310904 -0.0034842459274339096 0.0049196849472620827 -0.00059729411590398276 0.0083590059402177241 0.0021359516894864034 0.0074279744557030538 0.00017435316835218097 -0.0019460749012417662
leaf_weight=108 85 243 63 116 269 1366 84 112 120 68 225 948 197 114 92 65 75 60 126 103 224 81 79 100 120 140 66 132 70 143
leaf_count=108 85 243 63 116 269 1366 84 112 120 68 225 948 197 114 92 65 75 60 126 103 224 81 79 100 120 140 66 132 70 143
internal_value=-0.00315054 -0.00935561 -0.0021875 -0.00266481 -0.00127468 -0.00274709 0.00536449 -0.00163628 0.00679325 -0.00432504 -0.00477139 -0.00728356 -0.00195133 0.000974801 -0.000732436 0.00133449 -0.000615234 -0.0055082 0.000366492 -0.0026796 -0.00724584 -0.00937621 -0.00771654 -0.000951087 0.00183771 0.00561873 0.00181034 0.00643868 -0.00132075 -0.0113844
internal_weight=5794 414 171 5380 2933 2403 530 2134 232 2447 2379 1254 1125 749 664 572 507 300 186 1902 536 1029 376 179 414 294 169 207 154 367
internal_count=5794 414 171 5380 2933 2403 530 2134 232 2447 2379 1254 1125 749 664 572 507 300 186 1902 536 1029 376 179 414 294 169 207 154 367
is_linear=0
shrinkage=0.035


Tree=156
num_leaves=31
num_cat=0
split_feature=56 261 150 262 251 258 270 46 247 83 123 76 112 205 60 37 83 213 93 91 203 160 15 112 177 27 14 177 260 260
split_gain=14.4325 13.167 9.36873 13.1207 17.8804 13.0633 14.9532 13.045 14.5795 11.4854 24.6749 11.8354 13.7181 12.0696 17.3479 14.8127 11.8197 11.6088 12.3878 11.241 13.2318 12.1864 15.0197 11.0706 11.9513 11.0606 10.8979 11.5359 10.594 14.2856
threshold=3.4108247878409608 565.76501464843761 0.044500000774860389 0.19188648731294225 -0.65324878954498 0.02790000289678574 68.857172031072778 0.035401010730400251 589.51501464843761 339.50000000000006 0.016563202462897501 0.34794999659061437 0.016260155037284649 0.015413930976588183 2198.5000000000005 30.307300567626957 91.500000000000014 9.9525871787421778 1164.5000000000002 -2.4219180645575888 0.34892002915223769 0.02504999935626984 3.5291044492746786 0.012060321087478705 0.0044385544669661324 1331.0000000000002 0.10780339367522097 -0.0243724335961495 0.17020245777650891 0.27711459237507563
decision_type=2 2 2 2 2 2 2 2 2 2 2 2 2 2 2 2 2 2 2 2 2 2 2 2 2 2 2 2 2 2
left_child=1 -1 3 9 -5 -4 25 23 -9 11 -11 12 13 14 15 16 -2 18 -14 21 -21 22 26 24 -6 -7 27 -13 -8 -30
right_child=2 -3 5 4 7 6 28 8 -10 10 -12 19 17 -15 -16 -17 -18 -19 -20 20 -22 -23 -24 -25 -26 -27 -28 -29 29 -31
leaf_value=-0.00050031178136542573 6.1053164703783754e-07 0.00019460702265576836 -0.00037809591393469404 0.0057719236964641017 -0.0023925793042478562 0.0024640604650338484 -0.0015628742258777188 0.00045341621239125942 -0.0005882217127332884 0.00010227086005069858 -0.0016757107471395329 0.0010329651371015526 0.013078139541140434 -0.00026553933444482927 0.010856358709682606 -0.00083634629702613683 0.0043359114039712016 0.014277372099754033 -4.8462751915875908e-05 1.6257830390284946e-05 -0.0015051918855398811 0.00031431893398906009 -0.0013888867683716937 -0.0012569688863027805 0.00013754595597741448 -4.7489352360371721e-05 0.0057191918902580888 -0.00037866465874217774 0.0091378589968099631 -0.00028751832470900519
leaf_weight=338 109 76 1611 61 112 126 236 73 61 83 80 93 60 325 80 136 69 81 120 67 75 233 166 168 86 115 66 393 78 417
leaf_count=338 109 76 1611 61 112 126 236 73 61 83 80 93 60 325 80 136 69 81 120 67 75 233 166 168 86 115 66 393 78 417
internal_value=-0.00325918 -0.00952267 -0.0027688 -0.00136153 -0.00612191 -0.00428709 -0.00107472 -0.00831683 0.00100719 -0.00015618 -0.00895833 0.000555823 0.0033401 0.000821823 0.00491228 0.00109718 0.00765027 0.0101316 0.00491892 -0.00194444 -0.0109524 -0.000549163 -0.00280775 -0.0116981 -0.00586207 0.00640244 0 -0.00185336 -0.00356658 -0.00063
internal_weight=5794 414 5380 2797 561 2583 972 500 134 2236 163 2073 980 719 394 314 178 261 180 1093 142 951 718 366 198 241 552 486 731 495
internal_count=5794 414 5380 2797 561 2583 972 500 134 2236 163 2073 980 719 394 314 178 261 180 1093 142 951 718 366 198 241 552 486 731 495
is_linear=0
shrinkage=0.035


Tree=157
num_leaves=31
num_cat=0
split_feature=199 136 61 81 273 126 91 158 61 253 150 82 15 131 101 27 195 274 5 4 213 93 89 159 83 189 163 227 163 203
split_gain=10.6966 10.087 12.4197 15.857 9.33808 13.3568 13.1566 11.0894 10.7645 10.0319 9.92083 12.7805 13.607 11.5064 12.93 11.3513 10.6674 12.5047 14.1378 17.5275 10.8441 9.88655 16.5887 12.1502 9.59485 9.47113 13.6116 14.1953 12.6821 12.3733
threshold=13.593478895826225 23.917900085449222 288.50000000000006 41.445650100708015 -0.011456110348578399 75.500000000000014 -3.2475746323755463 0.019799999892711643 153.50000000000003 1.4122627343760021 0.046649992465972907 455.50000000000006 2.2424427501621662 0.81204998493194591 0.015404448793230933 1227.0000000000002 0.012652853291977987 0.47306494117599679 61.401689188608657 18.561506244051049 9.3931615818115741 417.50000000000006 28.060793443980931 12.088920621218419 32.500000000000007 13.375151940727269 0.2383325455239361 0.16824641090817941 0.45927838387381836 0.80368206371905859
decision_type=2 2 2 2 2 2 2 2 2 2 2 2 2 2 2 2 2 2 2 2 2 2 2 2 2 2 2 2 2 2
left_child=4 -2 3 -3 21 6 -6 9 -9 10 11 12 -7 -13 -15 -16 17 18 20 -20 -12 22 -1 -24 -18 26 27 -23 29 -27
right_child=1 2 -4 -5 5 7 -8 8 -10 -11 16 13 -14 14 15 -17 24 -19 19 -21 -22 25 23 -25 -26 28 -28 -29 -30 -31
leaf_value=-0.0009444394312200056 -0.0024029969991297465 0.002050786176254064 -0.0014073248103102453 -0.0004421655576024622 -0.00081165232752995536 0.0011684072811616977 -5.2814800108651757e-05 -0.00059870624064265799 -6.1329736101433112e-05 0.0017846325505574492 1.7270308313439567e-05 -0.00030094201157656545 -0.00037478384788615653 0.0032021151752301418 0.0052889483278150675 -0.00049683565447636747 8.1290775797971684e-05 0.0010390934219185711 0.0031281367470654617 -0.0022699212247839187 -0.0020283148507853834 5.5824783592618451e-05 -0.00096596859447209979 0.0035980769515610062 -0.0010542536673282987 -4.986616410996209e-05 0.000203920493239185 -0.0015127092704338401 -0.00028808342052001504 0.00086092750351423177
leaf_weight=168 67 89 150 134 149 131 110 285 137 125 107 1056 64 130 60 141 60 82 133 63 233 254 107 76 425 386 432 60 317 63
leaf_count=168 67 89 150 134 149 131 110 285 137 125 107 1056 64 130 60 141 60 82 133 63 233 254 107 76 425 386 432 60 317 63
internal_value=-0.0035851 -0.00880899 -0.00638889 -0.00107456 -0.00314798 -0.00421482 -0.0117992 -0.00358974 -0.00885246 -0.00278508 -0.00323978 -0.00145558 0.006825 -0.00264009 0.00302083 -0.00254854 -0.00578069 -0.00269663 -0.00465804 0.00278607 -0.00892754 -0.00114293 -0.00639045 0.000930851 -0.00964286 9.22874e-05 0.00288948 -0.00263323 -0.00263294 0.00115639
internal_weight=5794 440 373 223 5354 3491 259 3232 422 2810 2685 1582 195 1387 331 201 1103 618 536 196 340 1863 351 183 485 1512 746 314 766 449
internal_count=5794 440 373 223 5354 3491 259 3232 422 2810 2685 1582 195 1387 331 201 1103 618 536 196 340 1863 351 183 485 1512 746 314 766 449
is_linear=0
shrinkage=0.035


Tree=158
num_leaves=31
num_cat=0
split_feature=199 254 14 273 93 43 65 49 65 39 162 153 162 79 54 43 127 213 146 54 37 203 267 156 207 209 138 78 271 35
split_gain=10.2541 9.82615 11.1695 9.60061 12.8211 18.5948 11.1165 10.9028 10.5771 13.4841 10.6595 10.8995 9.89497 18.3259 14.9402 13.1523 13.0704 12.452 18.9717 11.5166 11.0304 12.4989 10.7734 9.91942 12.0736 11.4612 9.96189 9.82294 13.0589 12.415
threshold=13.593478895826225 37.950123044188103 -0.046837712829317361 -0.011456110348578399 394.00000000000006 0.24035000056028369 0.31344999372959143 601.00000000000011 0.33474999666213995 135.50000000000003 0.55555555554906977 -0.36098003551804492 0.13936910084380275 0.012307738406368183 0.2621500045061112 0.247749999165535 65.500000000000014 9.5698661744517768 -1.5443085589891428 0.26794999837875372 18.89225006103516 -0.81878915686128273 -0.34296129581334872 0.27406288439938248 0.026485991847376041 9.0144471277540266 10.500000000000002 9.5098276978757159 7.4500741536230954 0.054549943284331597
decision_type=2 2 2 2 2 2 2 2 2 2 2 2 2 2 2 2 2 2 2 2 2 2 2 2 2 2 2 2 2 2
left_child=1 3 -3 4 5 -1 -6 -7 9 -8 11 -10 14 -14 17 19 20 23 -19 -16 -15 -22 -18 24 25 -5 -27 28 29 -13
right_child=-2 2 -4 12 6 7 8 -9 10 -11 -12 27 13 16 15 -17 22 18 -20 -21 21 -23 -24 -25 -26 26 -28 -29 -30 -31
leaf_value=-0.0022007264232071035 -0.00063531183948553486 -0.0023562972644723102 -0.00019799482461086039 0.0047073226402993005 -0.00028865429167113544 0.00027150787027922785 4.2900693538666938e-05 -0.00060556975968659003 -0.0014524154807655796 0.0021276685528549581 0.0003924326595587999 -0.00014673726008055583 0.0033255366711308167 -0.0023060222913392843 0.0070729537038313898 -6.4129433252733408e-05 -0.00054959356154700217 0.00033372814435970289 -0.00057912324148846092 0.00018216566100603406 0.00082646904398542395 -0.00049053788611093114 0.00297971460319793 -0.00052385391081812927 0.0066790205433989742 -0.001070217982909228 0.00059385332383745499 0.00014107084425489858 -0.00078691161366722831 0.00044526584960810709
leaf_weight=88 440 67 106 196 175 163 216 62 90 98 104 176 134 62 71 198 91 93 588 90 109 1261 125 116 61 111 63 391 169 80
leaf_count=88 440 67 106 196 175 163 216 62 90 98 104 176 134 62 71 198 91 93 588 90 109 1261 125 116 61 111 63 391 169 80
internal_value=-0.00353682 -0.00310879 -0.0112079 -0.00282781 -0.000770501 -0.00715409 0.000581782 -0.00167391 0.00168548 0.00724138 -6.89655e-05 -0.00130626 -0.00393154 -0.00571908 -0.00191269 0.00432692 -0.00673321 -0.00374696 -0.00688776 0.0115964 -0.00794015 -0.00722909 0.00126697 0.000190217 0.00264908 0.000186667 -0.00625698 0 -0.00366279 0.001341
internal_weight=5794 5354 173 5181 1812 313 1499 225 1324 314 1010 906 3369 1782 1587 359 1648 1228 681 161 1432 1370 216 547 431 370 174 816 425 256
internal_count=5794 5354 173 5181 1812 313 1499 225 1324 314 1010 906 3369 1782 1587 359 1648 1228 681 161 1432 1370 216 547 431 370 174 816 425 256
is_linear=0
shrinkage=0.035


Tree=159
num_leaves=31
num_cat=0
split_feature=199 165 182 43 273 27 173 250 39 46 258 27 261 230 104 38 190 11 60 71 43 32 156 53 156 190 46 20 20 260
split_gain=8.08943 9.69474 8.67403 9.00175 8.24094 11.0478 17.701 14.4124 11.8258 13.2591 11.27 11.066 12.7955 10.6438 13.2142 12.2065 11.7332 10.7713 10.6343 9.90693 13.2401 9.53047 9.41026 9.40599 9.082 9.0532 8.97677 10.8854 14.3393 15.3789
threshold=13.593478895826225 0.035317673658509748 -0.16608771950853998 0.24424999952316287 -0.011456110348578399 1843.5000000000002 0.84972366563887625 -3.0287648515103789 80.500000000000014 0.04687791009644212 0.02439999952912331 1564.5000000000002 528.02999877929699 27.683472448188365 117.50000000000001 297.50000000000006 -0.048649981617927544 236.08552659040225 1188.0000000000002 741.50000000000011 0.24184999614953998 0.15325000137090686 -2.0997084290002408 -21.478833157619889 -1.700522662889959 -0.016599994152784344 0.015325917598007879 66.422764147404692 53.923378044750116 -0.082256258452083952
decision_type=2 2 2 2 2 2 2 2 2 2 2 2 2 2 2 2 2 2 2 2 2 2 2 2 2 2 2 2 2 2
left_child=4 2 -2 -4 5 6 7 19 9 10 23 12 -9 14 15 -6 -16 22 -10 20 -1 -21 -18 -7 -24 -22 -26 28 -28 -30
right_child=1 -3 3 -5 13 8 -8 11 18 -11 -12 -13 -14 -15 16 -17 17 -19 -20 21 25 -23 24 -25 26 -27 27 -29 29 -31
leaf_value=-0.0035833069557766051 -0.0012519065053977715 -0.0013342165214872172 0.0003463311203669695 -0.00022306113766018434 -0.00018926664021759411 0.0042809461839196841 0.00021407507267080797 -0.00041179684135040701 -0.00033651849324589455 -0.0003623413230304673 -1.9631345732123997e-06 -0.00086525042870449576 0.00051507701574967691 0.0004659654985576653 -0.0023342412258492828 -0.0011677416868978874 -0.0009701773295570183 0.0035535665609731566 0.00023828746572330335 0.0025375235921878203 0.0043041960104355011 -0.00031688027849452184 0.00050846607958099734 5.6128782520604719e-05 0.001340175711420546 -0.00052353528862212955 -0.00023855338932423866 -0.0011508093096325293 -0.00034252810539618043 0.0068517781417984482
leaf_weight=61 71 193 61 115 145 116 103 447 234 66 85 120 106 141 98 123 71 77 142 112 61 60 68 69 129 81 1927 402 133 177
leaf_count=61 71 193 61 115 145 116 103 447 234 66 85 120 106 141 98 123 71 77 142 112 61 60 68 69 129 81 1927 402 133 177
internal_value=-0.00363339 -0.00817978 -0.00347222 0.000773481 -0.00325247 -0.00136777 -0.00348183 -0.0048528 0.00205021 0.00677419 0.0101818 -0.00789823 -0.00570789 -0.00425486 -0.00465276 -0.0120513 -0.00399093 -0.00358314 -0.00220472 0.000644737 -0.00454327 0.00672316 -0.00393029 0.0149211 -0.00359732 0.00142857 -0.00391273 -0.00435514 -0.0033876 0.00355556
internal_weight=5794 440 247 176 5354 1863 1151 1048 712 336 270 673 553 3491 3350 268 3082 2984 376 375 203 172 2907 185 2836 142 2768 2639 2237 310
internal_count=5794 440 247 176 5354 1863 1151 1048 712 336 270 673 553 3491 3350 268 3082 2984 376 375 203 172 2907 185 2836 142 2768 2639 2237 310
is_linear=0
shrinkage=0.035


end of trees

feature_importances:
ctx_qqq_ib_range_bps=145
ctx_qqq_spot=122
ib_range_bps=121
phys_d50_oi_skew_call_minus_put=106
ctx_spy_ib_range_bps=103
put_d50_oi=100
put_d25_oi=92
call_d15_oi=88
ctx_spy_phys_total_oi_skew_call_minus_put=82
put_d35_oi=78
put_d15_oi=77
call_d50_oi=70
phys_d15_iv_skew_put_minus_call=70
dist_fib_200_dn_bps=66
call_d65_oi=66
call_d35_oi=62
put_d65_oi=60
dist_fib_200_up_bps=59
phys_total_option_oi_log=59
call_d25_oi=56
phys_d35_oi_skew_call_minus_put=55
dist_fib_127_up_bps=51
put_d80_oi=51
phys_d80_oi_skew_call_minus_put=51
phys_d25_iv_skew_put_minus_call=48
ctx_spy_spot=48
ctx_qqq_phys_total_oi_skew_call_minus_put=47
put_d65_spread_pct=46
phys_d65_liquidity_score=44
call_d80_oi=43
put_d15_iv=39
dist_fib_127_dn_bps=38
phys_d25_oi_skew_call_minus_put=38
phys_total_oi_skew_call_minus_put=36
call_d15_strike=35
phys_d15_oi_skew_call_minus_put=35
ret_30m_bps=34
dist_ib_high_bps=30
phys_d65_spread_mean=30
phys_ib_edge_min_abs_bps=30
dist_fib_161_dn_bps=29
phys_put_iv_slope_low_to_high=29
spot=28
put_d25_strike=28
phys_d80_liquidity_score=28
ctx_qqq_phys_d35_iv_skew_put_minus_call=28
call_d15_iv=27
phys_ib_balance=27
ctx_qqq_nearest_level_abs_bps=27
call_d80_iv=25
ctx_spy_phys_d35_iv_skew_put_minus_call=25
dist_fib_161_up_bps=24
nearest_level_abs_bps=24
call_d15_strike_bps=23
call_d80_vega=23
dist_ib_low_bps=22
call_d65_theta_over_mid=22
phys_d15_iv_mean=22
phys_d35_iv_skew_put_minus_call=22
phys_fib_any_min_abs_bps=22
put_d35_strike=21
call_d50_spread_pct=21
phys_d65_oi_skew_call_minus_put=21
put_d15_strike=20
call_d50_vega=20
put_d80_vega=20
phys_fib_up_mean_signed_bps=20
ctx_qqq_phys_total_volume_skew_call_minus_put=20
put_d15_spread_pct=19
call_d50_iv=19
call_d80_strike=19
phys_d80_iv_mean=19
put_d35_volume=18
put_d65_vega=18
put_d50_iv=17
put_d80_iv=17
phys_d80_mid_skew_call_minus_put=17
phys_nearest_level_vs_ib_range=17
phys_abs_ret_15m_bps=17
ctx_spy_ret_15m_bps_minus_self=17
ctx_qqq_ret_30m_bps_minus_self=17
put_d15_abs_delta=16
put_d25_mid_bps=16
put_d25_vega=16
put_d65_strike=16
put_d80_strike=16
phys_d65_iv_skew_put_minus_call=16
phys_call_iv_slope_low_to_high=16
call_d25_theta_over_mid=15
put_d35_theta_over_mid=15
put_d65_iv=15
call_d80_theta_over_mid=15
phys_d25_volume_skew_call_minus_put=15
phys_d25_liquidity_score=15
phys_fib_dn_mean_signed_bps=15
ctx_spy_nearest_level_abs_bps=15
put_d15_mid_bps=14
call_d25_vega=14
call_d35_iv=14
put_d50_theta_over_mid=14
call_d65_iv=14
phys_d50_spread_mean=14
phys_d50_vega_skew_call_minus_put=14
call_d25_strike=13
call_d25_abs_delta=13
call_d25_iv=13
call_d35_vega=13
put_d35_mid_bps=13
call_d65_mid_bps=13
put_d80_mid_bps=13
phys_d80_spread_mean=13
phys_abs_ret_30m_bps=13
ctx_spy_ret_30m_bps=13
put_d15_vega=12
put_d25_iv=12
put_d25_volume=12
call_d50_theta_over_mid=12
call_d80_spread_pct=12
phys_d15_liquidity_score=12
phys_d25_spread_mean=12
phys_d35_iv_mean=12
phys_d35_liquidity_score=12
ctx_qqq_ret_15m_bps_minus_self=12
call_d65_strike=11
call_d65_vega=11
ctx_spx_ib_range_bps=11
ctx_qqq_ret_1m_bps=11
ret_15m_bps=10
call_d15_vega=10
put_d80_theta_over_mid=10
phys_d50_iv_mean=10
phys_d65_mid_skew_call_minus_put=10
ctx_spy_ret_1m_bps_minus_self=10
call_d15_spread_pct=9
call_d15_theta_over_mid=9
put_d15_volume=9
put_d25_spread_pct=9
call_d50_strike=9
put_d50_volume=9
call_d80_mid_bps=9
phys_d15_mid_skew_call_minus_put=9
phys_d15_vega_skew_call_minus_put=9
phys_d50_iv_skew_put_minus_call=9
phys_d50_mid_skew_call_minus_put=9
phys_d65_volume_skew_call_minus_put=9
phys_d80_iv_skew_put_minus_call=9
phys_momentum_accel_ret_5m_bps_minus_ret_15m_bps=9
ctx_spy_ret_1m_bps=9
ctx_qqq_ret_1m_bps_minus_self=9
ctx_qqq_ret_30m_bps=9
call_d25_mid_bps=8
call_d25_spread_pct=8
put_d25_abs_delta=8
put_d25_theta_over_mid=8
put_d35_spread_pct=8
put_d50_abs_delta=8
call_d65_volume=8
call_d80_strike_bps=8
call_d80_abs_delta=8
phys_d50_liquidity_score=8
phys_d65_vega_skew_call_minus_put=8
phys_total_option_volume_log=8
phys_call_mid_slope_low_to_high=8
phys_put_mid_slope_low_to_high=8
phys_fib_up_min_abs_bps=8
phys_momentum_accel_ret_15m_bps_minus_ret_30m_bps=8
ctx_qqq_ret_15m_bps=8
minute=7
ret_1m_bps=7
ret_5m_bps=7
call_d15_volume=7
call_d25_volume=7
call_d35_theta_over_mid=7
call_d50_mid_bps=7
put_d65_theta_over_mid=7
call_d80_volume=7
put_d80_spread_pct=7
phys_d15_spread_mean=7
phys_d25_theta_skew_call_minus_put=7
phys_d50_theta_skew_call_minus_put=7
phys_fib_dn_min_abs_bps=7
ctx_spx_ret_30m_bps=7
ctx_spx_nearest_level_abs_bps=7
ctx_spy_ret_5m_bps_minus_self=7
ctx_spy_ret_15m_bps=7
call_d15_mid_bps=6
put_d15_theta_over_mid=6
call_d25_strike_bps=6
call_d35_strike=6
call_d35_mid_bps=6
call_d35_volume=6
put_d35_abs_delta=6
put_d35_iv=6
put_d35_vega=6
put_d50_mid_bps=6
put_d50_spread_pct=6
call_d65_abs_delta=6
put_d65_mid_bps=6
put_d65_volume=6
put_d80_abs_delta=6
phys_d25_iv_mean=6
phys_d35_mid_skew_call_minus_put=6
phys_d35_spread_mean=6
phys_d35_vega_skew_call_minus_put=6
phys_d50_volume_skew_call_minus_put=6
phys_d65_iv_mean=6
phys_d65_theta_skew_call_minus_put=6
phys_total_volume_skew_call_minus_put=6
ctx_qqq_ret_5m_bps=6
call_d15_abs_delta=5
put_d15_strike_bps=5
call_d35_abs_delta=5
put_d50_vega=5
phys_d15_abs_delta_gap=5
phys_d35_volume_skew_call_minus_put=5
phys_d35_theta_skew_call_minus_put=5
phys_d50_abs_delta_gap=5
phys_d80_theta_skew_call_minus_put=5
phys_abs_ret_1m_bps=5
ctx_spy_ret_30m_bps_minus_self=5
ctx_spy_phys_total_volume_skew_call_minus_put=5
put_d25_strike_bps=4
put_d35_strike_bps=4
call_d50_volume=4
phys_d15_volume_skew_call_minus_put=4
phys_d15_theta_skew_call_minus_put=4
phys_d35_abs_delta_gap=4
phys_d80_volume_skew_call_minus_put=4
ctx_qqq_ret_5m_bps_minus_self=4
call_d35_strike_bps=3
call_d50_strike_bps=3
call_d65_strike_bps=3
put_d80_strike_bps=3
phys_d25_mid_skew_call_minus_put=3
ctx_spy_ret_5m_bps=3
ctx_spy_qqq_ret_5m_spread=3
nearest_level_name_fib_127_dn=3
put_d50_strike=2
put_d50_strike_bps=2
call_d65_spread_pct=2
put_d65_strike_bps=2
phys_d25_abs_delta_gap=2
phys_d65_abs_delta_gap=2
phys_d80_vega_skew_call_minus_put=2
phys_momentum_accel_ret_1m_bps_minus_ret_5m_bps=2
ctx_spx_spy_ret_5m_spread=2
nearest_level_name_fib_127_up=2
call_d35_spread_pct=1
call_d50_abs_delta=1
phys_d80_abs_delta_gap=1
phys_abs_ret_5m_bps=1
ctx_spx_spot=1
ctx_spx_phys_total_volume_skew_call_minus_put=1
ctx_spx_phys_total_oi_skew_call_minus_put=1
nearest_level_name_fib_161_dn=1
nearest_level_name_fib_161_up=1
nearest_level_name_ib_high=1
nearest_level_name_ib_low=1

parameters:
[boosting: gbdt]
[objective: regression_l1]
[metric: l1]
[tree_learner: serial]
[device_type: cpu]
[data_sample_strategy: bagging]
[data: ]
[valid: ]
[num_iterations: 160]
[learning_rate: 0.035]
[num_leaves: 31]
[num_threads: 4]
[seed: 20270619]
[deterministic: 1]
[force_col_wise: 1]
[force_row_wise: 0]
[histogram_pool_size: -1]
[max_depth: -1]
[min_data_in_leaf: 60]
[min_sum_hessian_in_leaf: 0.001]
[bagging_fraction: 0.85]
[pos_bagging_fraction: 1]
[neg_bagging_fraction: 1]
[bagging_freq: 0]
[bagging_seed: 1622]
[bagging_by_query: 0]
[feature_fraction: 0.85]
[feature_fraction_bynode: 1]
[feature_fraction_seed: 12208]
[extra_trees: 0]
[extra_seed: 16662]
[early_stopping_round: 0]
[early_stopping_min_delta: 0]
[first_metric_only: 0]
[max_delta_step: 0]
[lambda_l1: 0]
[lambda_l2: 5]
[linear_lambda: 0]
[min_gain_to_split: 0]
[drop_rate: 0.1]
[max_drop: 50]
[skip_drop: 0.5]
[xgboost_dart_mode: 0]
[uniform_drop: 0]
[drop_seed: 10203]
[top_rate: 0.2]
[other_rate: 0.1]
[min_data_per_group: 100]
[max_cat_threshold: 32]
[cat_l2: 10]
[cat_smooth: 10]
[max_cat_to_onehot: 4]
[top_k: 20]
[monotone_constraints: ]
[monotone_constraints_method: basic]
[monotone_penalty: 0]
[feature_contri: ]
[forcedsplits_filename: ]
[refit_decay_rate: 0.9]
[cegb_tradeoff: 1]
[cegb_penalty_split: 0]
[cegb_penalty_feature_lazy: ]
[cegb_penalty_feature_coupled: ]
[path_smooth: 0]
[interaction_constraints: ]
[verbosity: -1]
[saved_feature_importance_type: 0]
[use_quantized_grad: 0]
[num_grad_quant_bins: 4]
[quant_train_renew_leaf: 0]
[stochastic_rounding: 1]
[linear_tree: 0]
[max_bin: 255]
[max_bin_by_feature: ]
[min_data_in_bin: 3]
[bin_construct_sample_cnt: 200000]
[data_random_seed: 3990]
[is_enable_sparse: 1]
[enable_bundle: 1]
[use_missing: 1]
[zero_as_missing: 0]
[feature_pre_filter: 1]
[pre_partition: 0]
[two_round: 0]
[header: 0]
[label_column: ]
[weight_column: ]
[group_column: ]
[ignore_column: ]
[categorical_feature: ]
[forcedbins_filename: ]
[precise_float_parser: 0]
[parser_config_file: ]
[objective_seed: 6643]
[num_class: 1]
[is_unbalance: 0]
[scale_pos_weight: 1]
[sigmoid: 1]
[boost_from_average: 1]
[reg_sqrt: 0]
[alpha: 0.9]
[fair_c: 1]
[poisson_max_delta_step: 0.7]
[tweedie_variance_power: 1.5]
[lambdarank_truncation_level: 30]
[lambdarank_norm: 1]
[label_gain: ]
[lambdarank_position_bias_regularization: 0]
[eval_at: ]
[multi_error_top_k: 1]
[auc_mu_weights: ]
[num_machines: 1]
[local_listen_port: 12400]
[time_out: 120]
[machine_list_filename: ]
[machines: ]
[gpu_platform_id: -1]
[gpu_device_id: -1]
[gpu_use_dp: 0]
[num_gpu: 1]

end of parameters

pandas_categorical:[]
