min_hold_minutes,stop_loss_pct,take_profit_pct,horizon_minutes,passes,score,overall_trades,overall_win_rate,overall_profit_factor,overall_avg_return,overall_avg_hold_minutes,overall_median_hold_minutes,overall_min_month_trades,overall_avg_month_trades,QQQ_trades,QQQ_win_rate,QQQ_profit_factor,QQQ_avg_return,QQQ_avg_hold_minutes,QQQ_median_hold_minutes,QQQ_min_month_trades,QQQ_avg_month_trades,SPXW_trades,SPXW_win_rate,SPXW_profit_factor,SPXW_avg_return,SPXW_avg_hold_minutes,SPXW_median_hold_minutes,SPXW_min_month_trades,SPXW_avg_month_trades,SPY_trades,SPY_win_rate,SPY_profit_factor,SPY_avg_return,SPY_avg_hold_minutes,SPY_median_hold_minutes,SPY_min_month_trades,SPY_avg_month_trades
20,0.5,0.75,180,True,1000048.6040004782,425,0.5152941176470588,1.6138117777772611,0.14639709534454728,42.53411764705882,31.0,58,70.83333333333333,178,0.4943820224719101,1.4960912178488839,0.12294967881202604,37.68539325842696,27.0,19,29.666666666666668,125,0.512,1.60530965048027,0.14479381327763372,44.888,32.0,19,20.833333333333332,122,0.5491803278688525,1.8129960281848116,0.18224996748514546,47.19672131147541,34.0,19,20.333333333333332
0,0.5,0.75,180,True,1000048.3205276799,425,0.5129411764705882,1.6050723391355037,0.14502454651972585,37.178823529411765,27.0,58,70.83333333333333,178,0.4943820224719101,1.4960912178488839,0.12294967881202604,32.51123595505618,23.0,19,29.666666666666668,125,0.504,1.554236777831267,0.1347938132776337,39.712,31.0,19,20.833333333333332,122,0.5491803278688525,1.8373724484381628,0.18771444903802162,41.39344262295082,31.0,19,20.333333333333332
10,0.5,0.75,180,True,1000048.2643479046,425,0.5129411764705882,1.6050723391355037,0.14502454651972585,38.48,28.0,58,70.83333333333333,178,0.4887640449438202,1.462514011819809,0.11592720690191367,33.53932584269663,23.5,19,29.666666666666668,125,0.512,1.60530965048027,0.14479381327763372,40.936,31.0,19,20.833333333333332,122,0.5491803278688525,1.8373724484381628,0.18771444903802162,43.17213114754098,32.5,19,20.333333333333332
15,0.5,0.75,180,True,1000048.2643479046,425,0.5129411764705882,1.6050723391355037,0.14502454651972585,40.26352941176471,30.0,58,70.83333333333333,178,0.4887640449438202,1.462514011819809,0.11592720690191367,35.668539325842694,25.0,19,29.666666666666668,125,0.512,1.60530965048027,0.14479381327763372,42.568,31.0,19,20.833333333333332,122,0.5491803278688525,1.8373724484381628,0.18771444903802162,44.60655737704918,33.0,19,20.333333333333332
0,0.6,0.75,180,True,1000047.345052123,425,0.5411764705882353,1.5031399204987455,0.1355952205216052,44.821176470588235,33.0,58,70.83333333333333,178,0.5224719101123596,1.3996740872183908,0.11189309301267245,40.50561797752809,29.0,19,29.666666666666668,125,0.536,1.4795393681830975,0.13029381316587502,46.776,35.0,19,20.833333333333332,122,0.5737704918032787,1.6969427068790899,0.17560878294829618,49.114754098360656,37.0,19,20.333333333333332
10,0.6,0.75,180,True,1000046.1942957978,425,0.5364705882352941,1.474594360685992,0.12924227934513463,46.0,34.0,58,70.83333333333333,178,0.5112359550561798,1.3373691654977025,0.09672455368682975,41.561797752808985,29.5,19,29.666666666666668,125,0.536,1.4795393681830975,0.13029381316587502,47.68,35.0,19,20.833333333333332,122,0.5737704918032787,1.6969427068790899,0.17560878294829618,50.75409836065574,39.0,19,20.333333333333332
20,0.6,0.75,180,True,1000045.9798309979,425,0.5364705882352941,1.4688341571483476,0.1276736516993678,49.53176470588235,36.0,58,70.83333333333333,178,0.5112359550561798,1.3373691654977025,0.09672455368682975,45.07303370786517,33.0,19,29.666666666666668,125,0.528,1.432156019849056,0.11949381316587503,51.424,38.0,19,20.833333333333332,122,0.5819672131147541,1.7334883479968684,0.1812098751659118,54.09836065573771,40.5,19,20.333333333333332
15,0.6,0.75,180,True,1000045.6773057431,425,0.5341176470588235,1.4605424140289092,0.12606580875689932,47.538823529411765,35.0,58,70.83333333333333,178,0.5112359550561798,1.3373691654977025,0.09672455368682975,43.42134831460674,31.0,19,29.666666666666668,125,0.528,1.432156019849056,0.11949381316587503,49.304,36.0,19,20.833333333333332,122,0.5737704918032787,1.6969427068790899,0.17560878294829618,51.73770491803279,40.0,19,20.333333333333332
0,0.8,0.5,180,False,51.901085005950435,425,0.7011764705882353,1.581366403599389,0.12888867566256443,51.04470588235294,28.0,58,70.83333333333333,178,0.651685393258427,1.2576143853204975,0.06674682397332456,54.21910112359551,30.0,19,29.666666666666668,125,0.736,1.8511646100597847,0.16920622552949777,47.352,24.0,19,20.833333333333332,122,0.7377049180327869,1.9351488029198176,0.1782456909684498,50.19672131147541,31.5,19,20.333333333333332
0,1.0,0.5,180,False,51.04024571728284,425,0.7105882352941176,1.550887435164902,0.12592339724998983,70.90352941176471,30.0,58,70.83333333333333,178,0.6629213483146067,1.2272556137567914,0.061029482006378394,77.06179775280899,31.5,19,29.666666666666668,125,0.744,1.8417489354850922,0.1700180724784727,65.88,24.0,19,20.833333333333332,122,0.7459016393442623,1.888118557556999,0.1754257129041085,67.06557377049181,32.5,19,20.333333333333332
0,0.6,0.5,180,False,49.287337923593775,425,0.6564705882352941,1.60440865130692,0.12365194569810753,30.745882352941177,22.0,58,70.83333333333333,178,0.6067415730337079,1.3059906273341786,0.07107908382975116,29.679775280898877,22.0,19,29.666666666666668,125,0.68,1.7708333333333333,0.148,30.208,20.0,19,20.833333333333332,122,0.7049180327868853,1.9907407407407403,0.17540983606557375,32.85245901639344,23.5,19,20.333333333333332
10,0.8,0.5,180,False,48.00198846066802,425,0.6870588235294117,1.4766195483656799,0.11088356053991089,54.77411764705882,32.0,58,70.83333333333333,178,0.6460674157303371,1.2255146088740732,0.059443453186807715,56.837078651685395,33.0,19,29.666666666666668,125,0.704,1.5686709706212114,0.12760622552949777,51.632,29.0,19,20.833333333333332,122,0.7295081967213115,1.861441830597835,0.16880164238543546,54.98360655737705,33.5,19,20.333333333333332
10,0.6,0.5,180,False,47.93881363172278,425,0.6447058823529411,1.5231035393750498,0.1107107692275193,33.451764705882354,24.0,58,70.83333333333333,178,0.601123595505618,1.275390915067032,0.06489930854885229,32.18539325842696,23.5,19,29.666666666666668,125,0.656,1.5891472868217051,0.12160000000000001,33.496,23.0,19,20.833333333333332,122,0.6967213114754098,1.914414414414414,0.1663934426229508,35.25409836065574,30.0,19,20.333333333333332
0,0.8,0.75,180,False,47.743265695600236,425,0.5835294117647059,1.4336786853452668,0.13214675565229175,69.98588235294118,52.0,58,70.83333333333333,178,0.5617977528089888,1.299279522735543,0.09705449850809172,68.48876404494382,50.5,19,29.666666666666668,125,0.592,1.4824661501755285,0.14449906370716856,69.552,52.0,19,20.833333333333332,122,0.6065573770491803,1.606408772118437,0.17069088077366892,72.61475409836065,52.5,19,20.333333333333332
15,0.6,0.5,180,False,47.17409405707521,425,0.64,1.499520081956342,0.10659838981114976,36.025882352941174,25.0,58,70.83333333333333,178,0.601123595505618,1.275390915067032,0.06489930854885229,34.7247191011236,25.0,19,29.666666666666668,125,0.64,1.506718386547614,0.10761790998434362,36.744,24.0,19,20.833333333333332,122,0.6967213114754098,1.914414414414414,0.1663934426229508,37.18852459016394,30.5,19,20.333333333333332
10,1.0,0.5,180,False,46.43316292148476,425,0.6941176470588235,1.4255498980495225,0.10336751555465165,75.57411764705883,34.0,58,70.83333333333333,178,0.6573033707865169,1.1957468750594304,0.05349317066330885,79.97752808988764,38.0,19,29.666666666666668,125,0.712,1.5418147553311896,0.1251032604474398,73.096,32.0,19,20.833333333333332,122,0.7295081967213115,1.7295996177339497,0.15386477194039344,71.68852459016394,34.5,19,20.333333333333332
15,0.8,0.5,180,False,46.147948717195334,425,0.68,1.4424552963159403,0.10429078885954607,57.607058823529414,35.0,58,70.83333333333333,178,0.6404494382022472,1.1944911243029428,0.05214008240029085,59.1123595505618,37.5,19,29.666666666666668,125,0.688,1.5060689444007023,0.11559080181625747,56.248,34.0,19,20.833333333333332,122,0.7295081967213115,1.861441830597835,0.16880164238543546,56.80327868852459,34.5,19,20.333333333333332
15,0.4,0.75,180,False,46.11212747856454,425,0.4776470588235294,1.7245702620925072,0.15051091083680448,34.654117647058825,24.0,58,70.83333333333333,178,0.4606741573033708,1.6171507038956303,0.13185477075270025,31.646067415730336,22.0,19,29.666666666666668,125,0.472,1.6855208785606477,0.14397590329329019,36.776,25.0,19,20.833333333333332,122,0.5081967213114754,1.9375000000000007,0.18442622950819673,36.868852459016395,26.5,19,20.333333333333332
20,0.4,0.75,180,False,45.802381214213604,425,0.4752941176470588,1.7083345649369903,0.14780502848386334,37.324705882352944,25.0,58,70.83333333333333,178,0.4550561797752809,1.5808023899609986,0.12539409659539688,34.04494382022472,23.0,19,29.666666666666668,125,0.48,1.7406095601640832,0.15317590329329017,40.256,30.0,19,20.833333333333332,122,0.5,1.8750000000000007,0.17500000000000002,39.10655737704918,27.0,19,20.333333333333332
0,1.0,0.75,180,False,45.771444147599794,425,0.5905882352941176,1.3864329568247495,0.12285509110871917,95.25411764705882,58.0,58,70.83333333333333,178,0.5730337078651685,1.2563281253737877,0.08701648977486588,95.78651685393258,64.0,19,29.666666666666668,125,0.6,1.445989760710323,0.13879447681638937,95.56,66.0,19,20.833333333333332,122,0.6065573770491803,1.541365143135414,0.1588128601576299,94.1639344262295,56.5,19,20.333333333333332
25,0.5,0.75,180,False,44.55756827487857,425,0.5011764705882353,1.5243040498520333,0.12875003652101788,45.858823529411765,33.0,58,70.83333333333333,178,0.47191011235955055,1.366151111574507,0.0948597911715766,41.162921348314605,30.0,19,29.666666666666668,125,0.496,1.5048167075923058,0.12479381327763371,47.776,35.0,19,20.833333333333332,122,0.5491803278688525,1.8129960281848116,0.18224996748514546,50.74590163934426,38.5,19,20.333333333333332
10,0.8,0.75,180,False,44.45552391188091,425,0.5741176470588235,1.384358723663357,0.11933109945618924,72.10588235294118,53.0,58,70.83333333333333,178,0.550561797752809,1.2410133787814868,0.08019218086595144,70.26404494382022,52.0,19,29.666666666666668,125,0.584,1.4318360882057368,0.13209906370716853,70.872,52.0,19,20.833333333333332,122,0.5983606557377049,1.5778985801083,0.16335349271594263,76.05737704918033,55.0,19,20.333333333333332
20,0.5,0.5,180,False,44.38358654087072,425,0.5952941176470589,1.4851320311010525,0.09722914809887905,33.411764705882355,25.0,58,70.83333333333333,178,0.5561797752808989,1.2682600362993417,0.0588210628875317,31.55056179775281,23.0,19,29.666666666666668,125,0.6,1.5214363534547168,0.1028179099843436,34.168,25.0,19,20.833333333333332,122,0.6475409836065574,1.8372093023255813,0.14754098360655737,35.35245901639344,27.0,19,20.333333333333332
15,1.0,0.5,180,False,44.29169207634697,425,0.6870588235294117,1.383800553190822,0.09506021446058162,78.57411764705883,38.0,58,70.83333333333333,178,0.651685393258427,1.1627170288780517,0.04533695027553462,82.97752808988764,40.0,19,29.666666666666668,125,0.696,1.4528627119692297,0.10847289455979214,77.248,34.0,19,20.833333333333332,122,0.7295081967213115,1.7295996177339497,0.15386477194039344,73.50819672131148,35.5,19,20.333333333333332
10,0.8,1.0,180,False,43.61104789080903,425,0.4988235294117647,1.36308673782202,0.13050063386670885,84.55058823529411,69.0,58,70.83333333333333,178,0.4887640449438202,1.2785944220592815,0.1045557597788111,81.93258426966293,61.5,19,29.666666666666668,125,0.504,1.3778207342095674,0.13633772679077183,82.184,67.0,19,20.833333333333332,122,0.5081967213114754,1.4850077254044043,0.16237400249079026,90.79508196721312,76.0,19,20.333333333333332
25,0.4,0.75,180,False,43.405220753891555,425,0.47058823529411764,1.6762986246549505,0.14239326377798095,40.898823529411764,30.0,58,70.83333333333333,178,0.449438202247191,1.545202949651789,0.11893342243809349,37.51685393258427,27.0,19,29.666666666666668,125,0.472,1.6855208785606477,0.14397590329329019,43.536,32.0,19,20.833333333333332,122,0.5,1.8750000000000007,0.17500000000000002,43.131147540983605,32.0,19,20.333333333333332
0,0.8,1.0,180,False,43.39878350145413,425,0.4988235294117647,1.3572682672855272,0.12895983702680913,83.70588235294117,68.0,58,70.83333333333333,178,0.4887640449438202,1.2785944220592815,0.1045557597788111,81.25280898876404,60.5,19,29.666666666666668,125,0.504,1.3778207342095674,0.13633772679077183,81.952,67.0,19,20.833333333333332,122,0.5081967213114754,1.4615747375985308,0.15700647251572966,89.08196721311475,75.0,19,20.333333333333332
15,0.8,1.0,180,False,43.13675263340699,425,0.4964705882352941,1.3534023111923568,0.1273143592497724,85.52705882352942,69.0,58,70.83333333333333,178,0.4887640449438202,1.2785944220592815,0.1045557597788111,82.2752808988764,61.5,19,29.666666666666668,125,0.504,1.391575045520994,0.13990439309318792,83.816,68.0,19,20.833333333333332,122,0.5,1.4324669240784056,0.14761990413013448,92.02459016393442,77.0,19,20.333333333333332
15,0.8,0.75,180,False,42.843764516965365,425,0.5694117647058824,1.3610851775237092,0.11308600130984102,74.00470588235294,54.0,58,70.83333333333333,178,0.5449438202247191,1.211979014542496,0.07148431569741212,72.23595505617978,53.0,19,29.666666666666668,125,0.576,1.3992615721390809,0.12326573000958461,73.672,54.0,19,20.833333333333332,122,0.5983606557377049,1.5778985801083,0.16335349271594263,76.92622950819673,55.0,19,20.333333333333332
10,1.0,0.75,180,False,42.409255915755544,425,0.5811764705882353,1.3350172248345353,0.108839571353,97.59294117647059,70.0,58,70.83333333333333,178,0.5617977528089888,1.201386861965721,0.07007926577014918,98.21348314606742,72.0,19,29.666666666666668,125,0.592,1.40059406638169,0.12699165999822168,97.464,78.0,19,20.833333333333332,122,0.5983606557377049,1.4905716420883341,0.1467930411324651,96.81967213114754,58.0,19,20.333333333333332
10,0.4,0.75,180,False,42.2098685366075,425,0.48,1.740953753223967,0.15321679318974568,32.50823529411765,23.0,58,70.83333333333333,178,0.46629213483146065,1.6542717727183327,0.1383154449100036,29.15730337078652,20.0,19,29.666666666666668,125,0.464,1.6320857040781591,0.13477590329329012,34.544,24.0,19,20.833333333333332,122,0.5163934426229508,2.002118644067797,0.19385245901639342,35.31147540983606,26.0,19,20.333333333333332
15,0.5,0.5,180,False,41.335171785647475,425,0.6188235294117647,1.6401087114556667,0.12075855986358493,30.348235294117647,22.0,58,70.83333333333333,178,0.5786516853932584,1.3907698486224649,0.08129297299989124,28.320224719101123,21.0,19,29.666666666666668,125,0.624,1.6848281600754245,0.1268179099843436,31.248,23.0,19,20.833333333333332,122,0.6721311475409836,2.05,0.1721311475409836,32.385245901639344,24.0,19,20.333333333333332
0,1.0,1.0,180,False,41.112288035440585,425,0.5058823529411764,1.3107701557534066,0.11736299465438489,112.43294117647059,162.0,58,70.83333333333333,178,0.5,1.2310614094469308,0.09129358375090382,111.70224719101124,167.0,19,29.666666666666668,125,0.512,1.3403067219434683,0.12826898545883375,112.128,152.0,19,20.833333333333332,122,0.5081967213114754,1.4086422469966982,0.14422452162375804,113.81147540983606,180.0,19,20.333333333333332
10,1.0,1.0,180,False,41.112288035440585,425,0.5058823529411764,1.3107701557534066,0.11736299465438489,112.86117647058823,162.0,58,70.83333333333333,178,0.5,1.2310614094469308,0.09129358375090382,112.38202247191012,167.0,19,29.666666666666668,125,0.512,1.3403067219434683,0.12826898545883375,112.328,152.0,19,20.833333333333332,122,0.5081967213114754,1.4086422469966982,0.14422452162375804,114.10655737704919,180.0,19,20.333333333333332
20,0.8,0.75,180,False,40.99761383790132,425,0.5647058823529412,1.3318478969260876,0.10494061612111394,76.07764705882353,55.0,58,70.83333333333333,178,0.5393258426966292,1.1837083885369615,0.06277645052887279,74.04494382022472,53.5,19,29.666666666666668,125,0.568,1.3623488234779264,0.11330475436351968,76.168,57.0,19,20.833333333333332,122,0.5983606557377049,1.5585667857405698,0.15788901116306645,78.95081967213115,55.0,19,20.333333333333332
15,0.6,1.0,180,False,40.838945252534636,425,0.46352941176470586,1.4671583800299068,0.14581962776279647,56.06588235294117,42.0,58,70.83333333333333,178,0.4550561797752809,1.4081498543457969,0.1293144567142407,51.36516853932584,38.0,19,29.666666666666668,125,0.464,1.468502990889232,0.14753449038131092,55.824,42.0,19,20.833333333333332,122,0.47540983606557374,1.555906735609372,0.16814391152778524,63.17213114754098,51.0,19,20.333333333333332
30,0.4,0.75,180,False,40.8094374012878,425,0.46352941176470586,1.6335690968879906,0.1348326394727901,44.63529411764706,33.0,58,70.83333333333333,178,0.43820224719101125,1.4761599857225423,0.10601207412348676,41.556179775280896,31.0,19,29.666666666666668,125,0.472,1.6855208785606477,0.14397590329329019,45.976,33.0,19,20.833333333333332,122,0.4918032786885246,1.8320039862769495,0.16751421860896618,47.75409836065574,35.5,19,20.333333333333332
0,0.6,1.0,180,False,40.67998411788737,425,0.46352941176470586,1.4671583800299068,0.14581962776279647,54.68235294117647,41.0,58,70.83333333333333,178,0.449438202247191,1.375781029305199,0.12032569266929687,49.96067415730337,37.5,19,29.666666666666668,125,0.464,1.468502990889232,0.14753449038131092,54.76,40.0,19,20.833333333333332,122,0.48360655737704916,1.6091708314948723,0.18125866562614587,61.49180327868852,50.5,19,20.333333333333332
10,0.6,1.0,180,False,40.67998411788737,425,0.46352941176470586,1.4671583800299068,0.14581962776279647,55.36235294117647,42.0,58,70.83333333333333,178,0.449438202247191,1.375781029305199,0.12032569266929687,50.68539325842696,38.0,19,29.666666666666668,125,0.464,1.468502990889232,0.14753449038131092,55.352,42.0,19,20.833333333333332,122,0.48360655737704916,1.6091708314948723,0.18125866562614587,62.19672131147541,50.5,19,20.333333333333332
15,1.0,0.75,180,False,40.619494019565906,425,0.5764705882352941,1.3070206313433095,0.10105157905704584,99.21176470588236,72.0,58,70.83333333333333,178,0.5561797752808989,1.1735283670868446,0.06119541578646913,100.32584269662921,74.0,19,29.666666666666668,125,0.584,1.348368934029482,0.11316308856873793,99.112,79.0,19,20.833333333333332,122,0.5983606557377049,1.4905716420883341,0.1467930411324651,97.68852459016394,58.0,19,20.333333333333332
25,0.6,0.75,180,False,40.590819176069424,425,0.52,1.3736247112104252,0.10543835758172075,52.927058823529414,40.0,58,70.83333333333333,178,0.4887640449438202,1.2211547928177444,0.06638747503514435,48.646067415730336,36.0,19,29.666666666666668,125,0.512,1.3421590223165307,0.09789381316587503,54.608,41.0,19,20.833333333333332,122,0.5737704918032787,1.6752556904257405,0.17014430139542003,57.450819672131146,45.5,19,20.333333333333332
15,1.0,1.0,180,False,40.47724385207091,425,0.5035294117647059,1.2974152886264263,0.11293627482750386,113.57176470588236,179.0,58,70.83333333333333,178,0.5,1.2310614094469308,0.09129358375090382,112.7247191011236,167.0,19,29.666666666666668,125,0.512,1.3403067219434683,0.12826898545883375,112.6,152.0,19,20.833333333333332,122,0.5,1.3576286184054356,0.12880357140716434,115.80327868852459,180.0,19,20.333333333333332
20,0.6,1.0,180,False,39.70448161179529,425,0.46352941176470586,1.443489277371415,0.13843151296772477,59.25411764705883,45.0,58,70.83333333333333,178,0.449438202247191,1.375781029305199,0.1203256926692969,53.63483146067416,40.5,19,29.666666666666668,125,0.464,1.431356179887993,0.13583672977586284,60.16,44.0,19,20.833333333333332,122,0.48360655737704916,1.562953780791095,0.16750679093578139,66.52459016393442,52.0,19,20.333333333333332
20,0.6,0.5,180,False,39.45429123351366,425,0.6164705882352941,1.3547657365200834,0.08071603686997329,39.01176470588236,30.0,58,70.83333333333333,178,0.5730337078651685,1.1346464198390727,0.03400043214435789,37.92134831460674,27.5,19,29.666666666666668,125,0.616,1.358131940572276,0.08121790998434361,39.592,29.0,19,20.833333333333332,122,0.680327868852459,1.7735042735042728,0.14836065573770493,40.00819672131148,32.0,19,20.333333333333332
20,0.8,1.0,180,False,39.32664818196441,425,0.4894117647058824,1.3047035738249941,0.11127257378984011,88.11294117647058,72.0,58,70.83333333333333,178,0.47752808988764045,1.2194485529721475,0.0843310406776875,84.74719101123596,64.5,19,29.666666666666668,125,0.496,1.33632270732365,0.12149565652502521,87.336,70.0,19,20.833333333333332,122,0.5,1.4104549178975425,0.14010624224938947,93.81967213114754,78.5,19,20.333333333333332
20,1.0,0.75,180,False,38.80713833528118,425,0.571764705882353,1.2794284955556021,0.09284001740457849,101.33176470588235,76.0,58,70.83333333333333,178,0.550561797752809,1.1464558007340198,0.05232954501630274,102.24719101123596,77.5,19,29.666666666666668,125,0.576,1.3138770563279252,0.103202112922673,101.608,81.0,19,20.833333333333332,122,0.5983606557377049,1.4723097431054197,0.14132855957958892,99.71311475409836,61.5,19,20.333333333333332
20,0.4,0.5,180,False,38.74205678901091,425,0.548235294117647,1.5242735498160211,0.0942827039858368,29.872941176470587,22.0,58,70.83333333333333,178,0.5112359550561798,1.321527655067424,0.06219184940438563,29.05056179775281,21.0,19,29.666666666666668,125,0.56,1.5909090909090917,0.10399999999999998,30.568,23.0,19,20.833333333333332,122,0.5901639344262295,1.8000000000000003,0.13114754098360656,30.360655737704917,23.0,19,20.333333333333332
15,0.5,1.0,180,False,38.44488037699495,425,0.4447058823529412,1.6193319687446455,0.16848004623541316,47.65176470588235,33.0,58,70.83333333333333,178,0.43258426966292135,1.5334935155526563,0.14739351442370666,42.556179775280896,30.5,19,29.666666666666668,125,0.448,1.646130136671466,0.17523449049306963,48.568,33.0,19,20.833333333333332,122,0.45901639344262296,1.7211525564740455,0.19232510468030412,54.14754098360656,41.5,19,20.333333333333332
30,0.3,0.5,180,False,37.615564101023466,425,0.4823529411764706,1.5530303030303036,0.08588235294117647,35.01882352941176,30.0,58,70.83333333333333,178,0.449438202247191,1.360544217687075,0.05955056179775282,34.07303370786517,30.0,19,29.666666666666668,125,0.48,1.5384615384615385,0.08399999999999998,35.816,30.0,19,20.833333333333332,122,0.5327868852459017,1.9005847953216373,0.1262295081967213,35.58196721311475,30.0,19,20.333333333333332
10,0.5,1.0,180,False,37.27895899398846,425,0.4423529411764706,1.603746840726467,0.16495063447070726,46.625882352941176,33.0,58,70.83333333333333,178,0.42696629213483145,1.4979294162180639,0.13896654813157183,41.48876404494382,30.0,19,29.666666666666668,125,0.44,1.5931352504721996,0.16323449049306965,47.968,33.0,19,20.833333333333332,122,0.4672131147540984,1.7792296164368375,0.20462018664751724,52.74590163934426,41.0,19,20.333333333333332
30,0.5,0.75,180,False,37.20932018319493,425,0.4823529411764706,1.4170730719664917,0.10601294162759169,49.44470588235294,36.0,58,70.83333333333333,178,0.449438202247191,1.2470134762084035,0.06676990353112716,45.37640449438202,33.5,19,29.666666666666668,125,0.488,1.4569704861787665,0.11479381327763372,50.048,36.0,19,20.833333333333332,122,0.5245901639344263,1.660113741959637,0.1542723828154231,54.76229508196721,41.0,19,20.333333333333332
20,1.0,1.0,180,False,36.59037333735549,425,0.4964705882352941,1.2494569740958654,0.09614257967115988,116.43058823529412,180.0,58,70.83333333333333,178,0.4887640449438202,1.170671087380665,0.0692735746443029,115.84831460674157,179.0,19,29.666666666666668,125,0.504,1.2884359363173497,0.10986024889067103,116.12,180.0,19,20.833333333333332,122,0.5,1.3367666152154607,0.12128990952641933,117.59836065573771,180.0,19,20.333333333333332
20,0.5,1.0,180,False,36.52358187427397,425,0.4423529411764706,1.5889112211716796,0.1608973712596176,50.62352941176471,36.0,58,70.83333333333333,178,0.43258426966292135,1.5334935155526563,0.14739351442370666,45.18539325842696,33.0,19,29.666666666666668,125,0.44,1.569706413355967,0.1567867295709719,52.624,36.0,19,20.833333333333332,122,0.45901639344262296,1.6929789257731143,0.18481144279955913,56.50819672131148,43.0,19,20.333333333333332
20,0.8,0.5,180,False,36.37369134219687,425,0.6517647058823529,1.2627884999003574,0.06781668876472027,61.694117647058825,40.0,58,70.83333333333333,178,0.6067415730337079,1.0301302044662684,0.008873270376128117,64.15730337078652,41.5,19,29.666666666666668,125,0.664,1.340822564085983,0.08439080181625747,59.64,39.0,19,20.833333333333332,122,0.7049180327868853,1.6345956697080075,0.13683442927068135,60.204918032786885,37.0,19,20.333333333333332
25,0.4,0.5,180,False,35.92894215885299,425,0.52,1.360337350167971,0.06887093927995445,34.383529411764705,26.0,58,70.83333333333333,178,0.48314606741573035,1.180350702751027,0.03691095052798114,33.10674157303371,25.0,19,29.666666666666668,125,0.536,1.4439655172413797,0.08239999999999999,35.368,28.0,19,20.833333333333332,122,0.5573770491803278,1.5740740740740748,0.10163934426229507,35.23770491803279,28.5,19,20.333333333333332
0,0.5,1.0,180,False,35.912679468750675,425,0.44,1.5882953587909237,0.16142122270600137,45.68941176470588,33.0,58,70.83333333333333,178,0.42696629213483145,1.4979294162180639,0.13896654813157183,40.47191011235955,29.5,19,29.666666666666668,125,0.432,1.5416588087406975,0.15123449049306964,47.056,32.0,19,20.833333333333332,122,0.4672131147540984,1.7792296164368375,0.20462018664751724,51.90163934426229,41.0,19,20.333333333333332
30,0.4,0.5,180,False,35.58933694174145,425,0.5176470588235295,1.3499771128883158,0.06709914613092213,38.131764705882354,30.0,58,70.83333333333333,178,0.48314606741573035,1.180350702751027,0.036910950527981136,36.73033707865169,30.0,19,29.666666666666668,125,0.52,1.3625113624911385,0.06917590329329011,39.856,31.0,19,20.833333333333332,122,0.5655737704918032,1.6273584905660383,0.10901639344262294,38.40983606557377,32.0,19,20.333333333333332
25,0.8,1.0,180,False,34.9126304811676,425,0.48,1.2560625141334567,0.0952121553165748,90.06588235294117,74.0,58,70.83333333333333,178,0.47191011235955055,1.1958233934034737,0.07581895334479496,86.34269662921348,65.0,19,29.666666666666668,125,0.48,1.250210479027776,0.09341144607796215,90.112,72.0,19,20.833333333333332,122,0.4918032786885246,1.3603096264568277,0.12535214388873372,95.45081967213115,80.5,19,20.333333333333332
25,0.6,1.0,180,False,34.73364121215761,425,0.4541176470588235,1.3882222766197219,0.12337268943831302,61.70823529411765,46.0,58,70.83333333333333,178,0.4438202247191011,1.3440866029359515,0.11133692862435306,55.68539325842696,41.5,19,29.666666666666668,125,0.448,1.3397060957491436,0.11023672977586285,63.344,46.0,19,20.833333333333332,122,0.47540983606557374,1.5104411597335166,0.1543920368374207,68.81967213114754,52.0,19,20.333333333333332
25,0.8,0.75,180,False,34.40689065310298,425,0.548235294117647,1.2436031244388517,0.08008143601463188,79.11294117647058,58.0,58,70.83333333333333,178,0.5168539325842697,1.082506727581911,0.029545262072384754,77.89887640449439,56.5,19,29.666666666666668,125,0.552,1.2719079788414593,0.08850475436351966,78.648,64.0,19,20.833333333333332,122,0.5901639344262295,1.5019754670548011,0.14518409313027955,81.36065573770492,57.5,19,20.333333333333332
20,1.0,0.5,180,False,34.26781995445867,425,0.6588235294117647,1.2094868048280913,0.05691865400965895,84.95058823529412,43.0,58,70.83333333333333,178,0.6179775280898876,1.0012148171731106,0.0003726268090260803,90.01685393258427,47.0,19,29.666666666666668,125,0.672,1.2903213322778333,0.07559974806674581,83.112,43.0,19,20.833333333333332,122,0.7049180327868853,1.5180470306630827,0.1202797694570097,79.44262295081967,39.0,19,20.333333333333332
0,0.4,0.75,180,False,33.31774545609264,425,0.4776470588235294,1.7245702620925072,0.15051091083680448,30.755294117647058,22.0,58,70.83333333333333,178,0.46629213483146065,1.6542717727183327,0.1383154449100036,27.47752808988764,19.5,19,29.666666666666668,125,0.464,1.6320857040781591,0.13477590329329012,33.08,23.0,19,20.833333333333332,122,0.5081967213114754,1.9375000000000007,0.18442622950819673,33.15573770491803,25.0,19,20.333333333333332
45,0.3,0.5,180,False,32.87842435373275,425,0.4682352941176471,1.4675516224188794,0.07458823529411765,48.72941176470588,45.0,58,70.83333333333333,178,0.449438202247191,1.360544217687075,0.05955056179775282,48.10674157303371,45.0,19,29.666666666666668,125,0.456,1.3970588235294117,0.06479999999999998,49.0,45.0,19,20.833333333333332,122,0.5081967213114754,1.7222222222222219,0.10655737704918031,49.36065573770492,45.0,19,20.333333333333332
25,0.5,0.5,180,False,32.87750175857743,425,0.5576470588235294,1.2717647231211255,0.05958208927534963,38.054117647058824,30.0,58,70.83333333333333,178,0.5112359550561798,1.057405478934059,0.0138772426628126,35.831460674157306,26.5,19,29.666666666666668,125,0.568,1.3321944633301166,0.0708179099843436,38.6,31.0,19,20.833333333333332,122,0.6147540983606558,1.5957446808510638,0.11475409836065574,40.73770491803279,33.0,19,20.333333333333332
45,0.3,0.75,180,False,32.5906659088489,425,0.4258823529411765,1.8579788268073298,0.1474981992242209,52.72235294117647,45.0,58,70.83333333333333,178,0.4101123595505618,1.7380952380952386,0.1306179775280899,51.69101123595506,45.0,19,29.666666666666668,125,0.416,1.7808219178082192,0.1368,52.472,45.0,19,20.833333333333332,122,0.45901639344262296,2.1359626336602813,0.18308798910076945,54.48360655737705,45.0,19,20.333333333333332
45,0.4,0.75,180,False,32.52211936238173,425,0.44941176470588234,1.5464389167841779,0.11910076526331093,56.03764705882353,45.0,58,70.83333333333333,178,0.4101123595505618,1.3219561450971757,0.0749106890727641,53.3876404494382,45.0,19,29.666666666666668,125,0.448,1.529886770342422,0.11637590329329009,58.248,45.0,19,20.833333333333332,122,0.5081967213114754,1.9568017843857093,0.18636667762535966,57.63934426229508,45.0,19,20.333333333333332
25,0.3,0.5,180,False,32.50523120609042,425,0.47058823529411764,1.4814814814814818,0.07647058823529412,30.88235294117647,25.0,58,70.83333333333333,178,0.4438202247191011,1.3299663299663302,0.055056179775280906,29.651685393258425,25.0,19,29.666666666666668,125,0.472,1.4898989898989898,0.07759999999999997,31.688,25.0,19,20.833333333333332,122,0.5081967213114754,1.7222222222222219,0.10655737704918032,31.852459016393443,26.0,19,20.333333333333332
35,0.3,0.5,180,False,32.26044682564286,425,0.4682352941176471,1.4675516224188794,0.07458823529411765,39.830588235294115,35.0,58,70.83333333333333,178,0.4438202247191011,1.3299663299663302,0.055056179775280906,39.48876404494382,35.0,19,29.666666666666668,125,0.456,1.3970588235294117,0.06479999999999998,40.44,35.0,19,20.833333333333332,122,0.5163934426229508,1.7796610169491522,0.11311475409836064,39.704918032786885,35.0,19,20.333333333333332
25,1.0,1.0,180,False,31.83539304841234,425,0.48705882352941177,1.2028065606786582,0.07960776368950868,118.74823529411765,180.0,58,70.83333333333333,178,0.48314606741573035,1.1486397936668338,0.06076148731141036,117.4438202247191,179.5,19,29.666666666666668,125,0.488,1.2053023157251845,0.08086421048275948,119.52,180.0,19,20.833333333333332,122,0.4918032786885246,1.2879888811220963,0.10581744685463293,119.86065573770492,180.0,19,20.333333333333332
30,0.3,0.75,180,False,31.449253551620796,425,0.4235294117647059,1.8401580054171343,0.14502761098892678,39.90117647058823,30.0,58,70.83333333333333,178,0.4044943820224719,1.69811320754717,0.12471910112359548,38.57865168539326,30.0,19,29.666666666666668,125,0.432,1.901408450704225,0.1536,39.28,32.0,19,20.833333333333332,122,0.4426229508196721,1.9986907016721849,0.1658748743466711,42.467213114754095,32.5,19,20.333333333333332
30,0.6,0.75,180,False,31.365989096734374,425,0.4988235294117647,1.2649964371488285,0.07787773327652987,56.28,42.0,58,70.83333333333333,178,0.4606741573033708,1.0897873214711389,0.028466126720537603,52.87640449438202,39.5,19,29.666666666666668,125,0.504,1.299387971475271,0.08709381316587503,56.296,42.0,19,20.833333333333332,122,0.5491803278688525,1.5340312153813622,0.1405273724634026,61.22950819672131,47.0,19,20.333333333333332
25,0.5,1.0,180,False,31.2311752204257,425,0.4329411764705882,1.528141404063537,0.14677972420079408,53.23058823529412,38.0,58,70.83333333333333,178,0.42696629213483145,1.4979294162180639,0.13896654813157183,47.2752808988764,33.5,19,29.666666666666668,125,0.424,1.468869451998045,0.13278672957097187,55.432,39.0,19,20.833333333333332,122,0.45081967213114754,1.6370862446297123,0.172516360832346,59.66393442622951,46.5,19,20.333333333333332
35,0.4,0.75,180,False,31.121290752229424,425,0.4447058823529412,1.5136771021738251,0.11318558064926068,48.656470588235294,36.0,58,70.83333333333333,178,0.42134831460674155,1.377668516773207,0.08663005165157665,45.37640449438202,35.5,19,29.666666666666668,125,0.432,1.4334754777072478,0.0979759032932901,51.192,37.0,19,20.833333333333332,122,0.4918032786885246,1.8320039862769495,0.16751421860896618,50.84426229508197,38.0,19,20.333333333333332
25,1.0,0.75,180,False,30.967753461723156,425,0.5552941176470588,1.1905796877843646,0.06606801339045539,105.61647058823529,101.0,58,70.83333333333333,178,0.5280898876404494,1.043412864538774,0.01634231097399274,107.39887640449439,112.5,19,29.666666666666668,125,0.56,1.2211823068238767,0.07607100786420597,105.688,99.0,19,20.833333333333332,122,0.5901639344262295,1.419453981229232,0.1283696586438286,102.94262295081967,70.0,19,20.333333333333332
25,0.4,1.0,180,False,30.159312302394017,425,0.41411764705882353,1.7543801958793908,0.17545236324985486,47.08941176470588,33.0,58,70.83333333333333,178,0.4044943820224719,1.6848360077121747,0.16079298838685274,43.23033707865169,30.0,19,29.666666666666668,125,0.416,1.7553813140475456,0.17556881958662832,49.544,34.0,19,20.833333333333332,122,0.4262295081967213,1.8571428571428579,0.19672131147540983,50.204918032786885,36.5,19,20.333333333333332
25,0.3,0.75,180,False,29.938324850716256,425,0.4211764705882353,1.8191056910569114,0.14223529411764707,35.37647058823529,26.0,58,70.83333333333333,178,0.4101123595505618,1.7380952380952386,0.1306179775280899,33.651685393258425,25.0,19,29.666666666666668,125,0.408,1.722972972972973,0.12840000000000001,36.016,28.0,19,20.833333333333332,122,0.45081967213114754,2.0522388059701493,0.1733606557377049,37.23770491803279,28.0,19,20.333333333333332
15,0.4,1.0,180,False,29.252480506321618,425,0.4117647058823529,1.7453542957808514,0.1740546458740013,40.85411764705882,28.0,58,70.83333333333333,178,0.398876404494382,1.6451624611287665,0.1529278198475269,37.86516853932584,25.5,19,29.666666666666668,125,0.416,1.7831226756940277,0.18201658050872607,41.168,28.0,19,20.833333333333332,122,0.4262295081967213,1.8571428571428579,0.19672131147540983,44.89344262295082,32.5,19,20.333333333333332
10,0.4,1.0,180,False,27.913499416619317,425,0.40941176470588236,1.7283125031076314,0.17076052822694246,39.49176470588235,28.0,58,70.83333333333333,178,0.398876404494382,1.6451624611287665,0.1529278198475269,36.43258426966292,24.5,19,29.666666666666668,125,0.4,1.6683437002788908,0.1596165805087261,39.84,27.0,19,20.833333333333332,122,0.4344262295081967,1.9202898550724643,0.2081967213114754,43.59836065573771,31.5,19,20.333333333333332
30,0.5,0.5,180,False,27.818388770042517,425,0.5435294117647059,1.2039950852799342,0.04604559024396437,41.83529411764706,32.0,58,70.83333333333333,178,0.5,1.0106779647301547,0.002641287606632822,39.91573033707865,31.0,19,29.666666666666668,125,0.544,1.2186042152063,0.04879381327763373,43.104,33.0,19,20.833333333333332,122,0.6065573770491803,1.5416666666666667,0.10655737704918032,43.33606557377049,34.0,19,20.333333333333332
40,0.4,0.75,180,False,27.76147821903574,425,0.4376470588235294,1.474128649682115,0.10557135349860507,52.27529411764706,40.0,58,70.83333333333333,178,0.4044943820224719,1.2913748939646967,0.06845001491546072,49.67977528089887,40.0,19,29.666666666666668,125,0.432,1.4334754777072478,0.0979759032932901,54.08,40.0,19,20.833333333333332,122,0.4918032786885246,1.8320039862769495,0.16751421860896618,54.21311475409836,43.0,19,20.333333333333332
40,0.3,0.5,180,False,27.723336678866648,425,0.45647058823529413,1.3997113997114004,0.06517647058823528,44.19764705882353,40.0,58,70.83333333333333,178,0.43258426966292135,1.2706270627062708,0.04606741573033708,43.48314606741573,40.0,19,29.666666666666668,125,0.448,1.3526570048309177,0.058400000000000014,44.944,40.0,19,20.833333333333332,122,0.5,1.6666666666666663,0.09999999999999999,44.47540983606557,40.0,19,20.333333333333332
0,1.0,1.5,180,False,27.67271155654644,425,0.4235294117647059,1.3758254946861368,0.16156650492211375,133.24705882352941,180.0,58,70.83333333333333,178,0.42696629213483145,1.3812238230586127,0.16830031068848544,130.70224719101122,180.0,19,29.666666666666668,125,0.424,1.339049364608231,0.14672155521435717,133.976,180.0,19,20.833333333333332,122,0.4180327868852459,1.4071083333495324,0.1669517613733876,136.21311475409837,180.0,19,20.333333333333332
10,1.0,1.5,180,False,27.67271155654644,425,0.4235294117647059,1.3758254946861368,0.16156650492211375,133.29176470588234,180.0,58,70.83333333333333,178,0.42696629213483145,1.3812238230586127,0.16830031068848544,130.74157303370785,180.0,19,29.666666666666668,125,0.424,1.339049364608231,0.14672155521435717,134.008,180.0,19,20.833333333333332,122,0.4180327868852459,1.4071083333495324,0.1669517613733876,136.27868852459017,180.0,19,20.333333333333332
15,1.0,1.5,180,False,27.67271155654644,425,0.4235294117647059,1.3758254946861368,0.16156650492211375,133.42352941176472,180.0,58,70.83333333333333,178,0.42696629213483145,1.3812238230586127,0.16830031068848544,130.8426966292135,180.0,19,29.666666666666668,125,0.424,1.339049364608231,0.14672155521435717,134.104,180.0,19,20.833333333333332,122,0.4180327868852459,1.4071083333495324,0.1669517613733876,136.49180327868854,180.0,19,20.333333333333332
35,0.3,0.75,180,False,27.42359823403367,425,0.4164705882352941,1.7875594267317862,0.1376158462830444,44.23529411764706,35.0,58,70.83333333333333,178,0.4101123595505618,1.7380952380952386,0.1306179775280899,42.93258426966292,35.0,19,29.666666666666668,125,0.4,1.6666666666666667,0.12,44.432,35.0,19,20.833333333333332,122,0.4426229508196721,1.9986907016721849,0.1658748743466711,45.9344262295082,36.0,19,20.333333333333332
15,0.8,1.5,180,False,27.420333607883407,425,0.4164705882352941,1.4303529978036855,0.17571423156787924,104.17411764705882,97.0,58,70.83333333333333,178,0.4157303370786517,1.4328692222593091,0.1813864484206538,98.65730337078652,91.5,19,29.666666666666668,125,0.416,1.3806043220911397,0.15643860710198065,104.416,101.0,19,20.833333333333332,122,0.4180327868852459,1.4801470999337276,0.18718798942397302,111.97540983606558,110.0,19,20.333333333333332
30,0.8,0.75,180,False,27.368592644767386,425,0.5294117647058824,1.1545661705898114,0.052840139492052456,82.43764705882353,63.0,58,70.83333333333333,178,0.4943820224719101,0.9886865934799888,-0.00424285979497552,81.8314606741573,59.5,19,29.666666666666668,125,0.544,1.2293035388849047,0.07610475436351967,80.264,65.0,19,20.833333333333332,122,0.5655737704918032,1.3697610689515662,0.11228847567367194,85.54918032786885,66.0,19,20.333333333333332
10,0.8,1.5,180,False,27.278776902941416,425,0.4164705882352941,1.426687522316592,0.17466521206716862,103.64235294117647,97.0,58,70.83333333333333,178,0.4157303370786517,1.4328692222593091,0.1813864484206538,98.5561797752809,91.5,19,29.666666666666668,125,0.416,1.368727256097122,0.1528719407995646,102.96,97.0,19,20.833333333333332,122,0.4180327868852459,1.4801470999337276,0.18718798942397302,111.76229508196721,110.0,19,20.333333333333332
0,0.8,1.5,180,False,27.07119815832675,425,0.4164705882352941,1.4213376162541231,0.17312441522726885,103.18117647058824,97.0,58,70.83333333333333,178,0.4157303370786517,1.4328692222593091,0.1813864484206538,98.51685393258427,91.5,19,29.666666666666668,125,0.416,1.368727256097122,0.1528719407995646,102.896,97.0,19,20.833333333333332,122,0.4180327868852459,1.4600451998610493,0.18182045944891242,110.27868852459017,104.5,19,20.333333333333332
35,0.4,0.5,180,False,26.691907427305264,425,0.4988235294117647,1.251729055644175,0.0501579696603339,42.80705882352941,35.0,58,70.83333333333333,178,0.4550561797752809,1.053868259973999,0.01163005165157664,41.68539325842696,35.0,19,29.666666666666668,125,0.504,1.2777343347387562,0.0547759032932901,44.488,35.0,19,20.833333333333332,122,0.5573770491803278,1.5740740740740748,0.10163934426229508,42.721311475409834,35.0,19,20.333333333333332
25,0.6,0.5,180,False,25.46086476115407,425,0.5764705882352941,1.1459770407711511,0.0367160368699733,44.24235294117647,33.0,58,70.83333333333333,178,0.5280898876404494,0.9447630592742735,-0.015437770102833117,42.92134831460674,31.0,19,29.666666666666668,125,0.584,1.1870782949336458,0.046017909984343616,44.92,34.0,19,20.833333333333332,122,0.639344262295082,1.4772727272727268,0.10327868852459016,45.47540983606557,35.0,19,20.333333333333332
0,0.4,1.0,180,False,25.362615196694396,425,0.4047058823529412,1.694636105862411,0.16417229293282484,38.08470588235294,27.0,58,70.83333333333333,178,0.39325842696629215,1.6062340852111012,0.14506265130820106,34.7247191011236,23.0,19,29.666666666666668,125,0.4,1.6683437002788908,0.1596165805087261,38.688,26.0,19,20.833333333333332,122,0.4262295081967213,1.8571428571428579,0.19672131147540983,42.368852459016395,30.5,19,20.333333333333332
20,0.4,1.0,180,False,25.255086142534868,425,0.4047058823529412,1.686612169082254,0.1622758926616196,44.025882352941174,30.0,58,70.83333333333333,178,0.38764044943820225,1.5680300809720664,0.13719748276887525,40.70224719101124,28.0,19,29.666666666666668,125,0.416,1.7553813140475456,0.17556881958662832,45.952,31.0,19,20.833333333333332,122,0.4180327868852459,1.7957746478873247,0.18524590163934426,46.90163934426229,33.0,19,20.333333333333332
35,0.5,0.75,180,False,25.063177519782908,425,0.4611764705882353,1.3018441873734767,0.07983220850953643,53.41411764705882,39.0,58,70.83333333333333,178,0.43258426966292135,1.1639635160910762,0.04570248780079008,48.96067415730337,38.0,19,29.666666666666668,125,0.448,1.2434281522822872,0.06577932067624587,55.568,39.0,19,20.833333333333332,122,0.5163934426229508,1.60565175085036,0.14402648117607883,57.704918032786885,42.5,19,20.333333333333332
20,0.3,0.75,180,False,24.6108294394116,425,0.4164705882352941,1.7842741935483877,0.13729411764705884,31.223529411764705,22.0,58,70.83333333333333,178,0.4044943820224719,1.69811320754717,0.12471910112359551,29.410112359550563,21.0,19,29.666666666666668,125,0.4,1.6666666666666667,0.11999999999999998,31.688,23.0,19,20.833333333333332,122,0.45081967213114754,2.0522388059701493,0.1733606557377049,33.39344262295082,25.0,19,20.333333333333332
30,0.4,1.0,180,False,24.36691093378608,425,0.4047058823529412,1.6829836820296447,0.1610378881557971,51.80235294117647,36.0,58,70.83333333333333,178,0.4101123595505618,1.725276327915616,0.1686581569261786,47.056179775280896,33.0,19,29.666666666666668,125,0.384,1.5332625192336993,0.13076881958662834,54.136,38.0,19,20.833333333333332,122,0.4180327868852459,1.783781561782978,0.1809331810247987,56.33606557377049,44.5,19,20.333333333333332
40,0.3,0.75,180,False,24.32065151449451,425,0.40941176470588236,1.736220471896178,0.13020408157716204,48.41882352941177,40.0,58,70.83333333333333,178,0.38764044943820225,1.5825688073394502,0.10702247191011234,47.337078651685395,40.0,19,29.666666666666668,125,0.408,1.722972972972973,0.1284,48.208,40.0,19,20.833333333333332,122,0.4426229508196721,1.9986907016721849,0.1658748743466711,50.21311475409836,40.0,19,20.333333333333332
45,0.4,0.5,180,False,24.0168039754943,425,0.49411764705882355,1.2283163717827479,0.04592267554268684,50.898823529411764,45.0,58,70.83333333333333,178,0.449438202247191,1.0301352997678594,0.006573871876295742,49.47752808988764,45.0,19,29.666666666666668,125,0.496,1.2373761642189676,0.0475759032932901,52.304,45.0,19,20.833333333333332,122,0.5573770491803278,1.5740740740740748,0.10163934426229508,51.532786885245905,45.0,19,20.333333333333332
30,1.0,0.75,180,False,23.550143341218273,425,0.5364705882352941,1.1022789606613494,0.03698731961486072,110.10588235294118,108.0,58,70.83333333333333,178,0.5056179775280899,0.9503400080883624,-0.01964409403440049,112.60112359550561,137.5,19,29.666666666666668,125,0.552,1.1776369674031968,0.062448535958488136,108.104,104.0,19,20.833333333333332,122,0.5655737704918032,1.2900568891062136,0.09352616868547604,108.51639344262296,101.5,19,20.333333333333332
30,0.6,1.0,180,False,23.492865702264762,425,0.4376470588235294,1.2967556718736162,0.09677748122619996,65.72941176470589,48.0,58,70.83333333333333,178,0.43258426966292135,1.282638361006405,0.09335940053446543,58.646067415730336,43.5,19,29.666666666666668,125,0.424,1.218385408150431,0.07362223717447501,67.696,50.0,19,20.833333333333332,122,0.45901639344262296,1.406476674439484,0.12548915228844887,74.04918032786885,55.0,19,20.333333333333332
30,0.8,1.0,180,False,23.201752866150574,425,0.46352941176470586,1.1779907277042558,0.06780899067689752,94.13176470588235,77.0,58,70.83333333333333,178,0.4606741573033708,1.1407568937795487,0.055742633690306735,89.09550561797752,69.0,19,29.666666666666668,125,0.456,1.1441899790482934,0.055794136497222244,94.896,77.0,19,20.833333333333332,122,0.47540983606557374,1.2769316430407802,0.09772430474306613,100.69672131147541,87.5,19,20.333333333333332
30,0.5,1.0,180,False,23.149754892130492,425,0.4188235294117647,1.4399189265112908,0.12489039834162222,57.48705882352941,41.0,58,70.83333333333333,178,0.42134831460674155,1.4630740782978038,0.130539581839437,50.92134831460674,37.5,19,29.666666666666668,125,0.4,1.3323091945620777,0.09777223696958404,59.576,42.0,19,20.833333333333332,122,0.4344262295081967,1.5228798789503193,0.1444331484145217,64.92622950819673,50.5,19,20.333333333333332
45,0.5,0.75,180,False,23.037149220174683,425,0.4588235294117647,1.2930317038983499,0.07762974606476317,59.88235294117647,45.0,58,70.83333333333333,178,0.4157303370786517,1.0924980993740065,0.026398855559056168,55.68539325842696,45.0,19,29.666666666666668,125,0.456,1.2846485136644468,0.07577932067624588,62.08,46.0,19,20.833333333333332,122,0.5245901639344263,1.660113741959637,0.1542723828154231,63.75409836065574,47.0,19,20.333333333333332
15,0.6,1.5,180,False,22.657656784318036,425,0.3905882352941176,1.5696422944899822,0.19992144092633507,72.08470588235294,55.0,58,70.83333333333333,178,0.38764044943820225,1.582547382619165,0.20550865748598202,64.61797752808988,49.0,19,29.666666666666668,125,0.384,1.471666107547757,0.16945227893090617,74.04,55.0,19,20.833333333333332,122,0.4016393442622951,1.6562294238851494,0.2229880040559371,80.97540983606558,65.5,19,20.333333333333332
40,0.4,0.5,180,False,22.415192804683848,425,0.48705882352941177,1.1940076336211605,0.03956973436621626,46.790588235294116,40.0,58,70.83333333333333,178,0.4550561797752809,1.053868259973999,0.01163005165157664,45.325842696629216,40.0,19,29.666666666666668,125,0.48,1.1604063734427221,0.03317590329329011,48.368,40.0,19,20.833333333333332,122,0.5409836065573771,1.4732142857142858,0.08688524590163935,47.31147540983606,40.0,19,20.333333333333332
25,0.8,0.5,180,False,21.652907693567556,425,0.611764705882353,1.0595967694503712,0.017204280527042648,67.86588235294117,46.0,58,70.83333333333333,178,0.5617977528089888,0.8541794486967481,-0.047953423698337445,70.4494382022472,50.0,19,29.666666666666668,125,0.632,1.1670413898637955,0.04522982617019253,65.328,46.0,19,20.833333333333332,122,0.6639344262295082,1.336360233081698,0.08355574074609116,66.69672131147541,44.5,19,20.333333333333332
20,0.8,1.5,180,False,21.362907460227852,425,0.40705882352941175,1.375091981595631,0.15545476450667217,105.87294117647059,101.0,58,70.83333333333333,178,0.4101123595505618,1.4030682219306603,0.17006537232371632,100.39887640449439,93.5,19,29.666666666666668,125,0.4,1.2897037248715086,0.12207763145591574,106.72,103.0,19,20.833333333333332,122,0.4098360655737705,1.4246469745181962,0.16833553040757956,112.99180327868852,110.0,19,20.333333333333332
0,0.6,1.5,180,False,21.32368915831656,425,0.38823529411764707,1.5533374023458832,0.19498026445574684,71.23058823529412,55.0,58,70.83333333333333,178,0.38202247191011235,1.5439076942545527,0.1937109046769932,63.63483146067416,48.5,19,29.666666666666668,125,0.384,1.471666107547757,0.16945227893090617,73.32,55.0,19,20.833333333333332,122,0.4016393442622951,1.6562294238851494,0.2229880040559371,80.17213114754098,65.5,19,20.333333333333332
10,0.6,1.5,180,False,21.32368915831656,425,0.38823529411764707,1.5533374023458832,0.19498026445574684,71.52705882352942,55.0,58,70.83333333333333,178,0.38202247191011235,1.5439076942545527,0.1937109046769932,63.71910112359551,48.5,19,29.666666666666668,125,0.384,1.471666107547757,0.16945227893090617,73.744,55.0,19,20.833333333333332,122,0.4016393442622951,1.6562294238851494,0.2229880040559371,80.64754098360656,65.5,19,20.333333333333332
40,0.5,0.75,180,False,20.93631444972395,425,0.45647058823529413,1.2806830672646543,0.07468856959417493,56.68705882352941,43.0,58,70.83333333333333,178,0.4157303370786517,1.0924980993740065,0.026398855559056168,52.752808988764045,41.0,19,29.666666666666668,125,0.448,1.2434281522822872,0.06577932067624587,58.216,42.0,19,20.833333333333332,122,0.5245901639344263,1.660113741959637,0.1542723828154231,60.86065573770492,45.5,19,20.333333333333332
20,1.0,1.5,180,False,20.814454959804696,425,0.41411764705882353,1.322630376748221,0.14083264035252083,135.48705882352942,180.0,58,70.83333333333333,178,0.42134831460674155,1.353264150837014,0.15697923459154797,132.58426966292134,180.0,19,29.666666666666668,125,0.408,1.2510012408240596,0.11144875160744375,137.032,180.0,19,20.833333333333332,122,0.4098360655737705,1.35312032583517,0.14738093804586347,138.13934426229508,180.0,19,20.333333333333332
20,0.6,1.5,180,False,20.411472690777355,425,0.38823529411764707,1.5371959303874998,0.18929247169529417,74.29411764705883,58.0,58,70.83333333333333,178,0.38764044943820225,1.582547382619165,0.20550865748598196,66.48876404494382,49.5,19,29.666666666666668,125,0.376,1.393893906532343,0.14340227924755583,76.768,58.0,19,20.833333333333332,122,0.4016393442622951,1.6258100133036895,0.21265143059057992,83.14754098360656,66.5,19,20.333333333333332
30,1.0,1.0,180,False,20.310397796306773,425,0.47058823529411764,1.1289581422689878,0.05184477020779269,123.06823529411764,180.0,58,70.83333333333333,178,0.47191011235955055,1.0956320950161371,0.04000343556137322,120.56741573033707,180.0,19,29.666666666666668,125,0.464,1.1054430704585838,0.042994269343149524,124.664,180.0,19,20.833333333333332,122,0.47540983606557374,1.2099517097441164,0.07818960770896531,125.08196721311475,180.0,19,20.333333333333332
35,0.6,1.0,180,False,19.952149091820374,425,0.4329411764705882,1.2713186275222896,0.08924806946149409,68.04470588235294,51.0,58,70.83333333333333,178,0.42134831460674155,1.2236482172335439,0.07538187244457777,62.03370786516854,45.5,19,29.666666666666668,125,0.424,1.218385408150431,0.07362223717447501,69.272,51.0,19,20.833333333333332,122,0.45901639344262296,1.406476674439484,0.12548915228844887,75.55737704918033,55.5,19,20.333333333333332
35,0.6,0.75,180,False,19.92596253777119,425,0.48,1.1739403128861996,0.05299111780553343,59.97882352941176,45.0,58,70.83333333333333,178,0.449438202247191,1.0410696883211061,0.013297587394694908,56.02808988764045,43.0,19,29.666666666666668,125,0.464,1.1113925807371356,0.0348793205644872,61.424,45.0,19,20.833333333333332,122,0.5409836065573771,1.4829537406465427,0.1294617986929108,64.26229508196721,47.0,19,20.333333333333332
15,0.5,1.5,180,False,19.810270081645704,425,0.37176470588235294,1.7141727213615463,0.21881295731194284,62.247058823529414,44.0,58,70.83333333333333,178,0.3651685393258427,1.6922497695052854,0.21458893212253344,54.168539325842694,40.5,19,29.666666666666668,125,0.368,1.632521186270115,0.1955522790426649,64.864,42.0,19,20.833333333333332,122,0.38524590163934425,1.8341228704834267,0.24880854147075115,71.35245901639344,58.0,19,20.333333333333332
35,0.4,1.0,180,False,19.684674267541183,425,0.3952941176470588,1.6172451442881692,0.1478614175675618,54.90117647058823,39.0,58,70.83333333333333,178,0.38764044943820225,1.5680300809720664,0.13719748276887525,50.825842696629216,36.0,19,29.666666666666668,125,0.384,1.5332625192336993,0.13076881958662834,56.848,43.0,19,20.833333333333332,122,0.4180327868852459,1.783781561782978,0.1809331810247987,58.85245901639344,45.5,19,20.333333333333332
10,0.5,0.5,180,False,19.593109671702393,425,0.6235294117647059,1.6660410984949503,0.1246356451623074,27.665882352941175,21.0,58,70.83333333333333,178,0.5842696629213483,1.4234933582436502,0.08691095052798113,25.8876404494382,20.0,19,29.666666666666668,125,0.632,1.7173913043478262,0.132,27.92,22.0,19,20.833333333333332,122,0.6721311475409836,2.05,0.1721311475409836,30.0,23.0,19,20.333333333333332
25,0.8,1.5,180,False,19.486716494458225,425,0.4047058823529412,1.3549955550047752,0.14748745411365455,107.17882352941176,102.0,58,70.83333333333333,178,0.4101123595505618,1.383717851080356,0.16190092808274842,101.52247191011236,95.0,19,29.666666666666668,125,0.4,1.2897037248715086,0.12207763145591574,107.368,103.0,19,20.833333333333332,122,0.4016393442622951,1.381268979195519,0.15249261366872535,115.23770491803279,116.0,19,20.333333333333332
45,0.3,1.0,180,False,19.26261713423219,425,0.37411764705882355,1.966414176295487,0.1811475504579218,57.11529411764706,45.0,58,70.83333333333333,178,0.3707865168539326,1.917079192249742,0.17311157786287265,56.241573033707866,45.0,19,29.666666666666668,125,0.36,1.8750000000000002,0.168,55.816,45.0,19,20.833333333333332,122,0.39344262295081966,2.140984696001965,0.20634301709037242,59.721311475409834,47.0,19,20.333333333333332
30,0.6,0.5,180,False,19.190974112780566,425,0.56,1.0745047467666096,0.019414831956235105,47.57411764705882,36.0,58,70.83333333333333,178,0.5112359550561798,0.8826737777753498,-0.03397709594552975,46.449438202247194,34.5,19,29.666666666666668,125,0.56,1.086930417171108,0.02239381327763373,48.936,38.0,19,20.833333333333332,122,0.6311475409836066,1.4259259259259256,0.0942622950819672,47.81967213114754,37.0,19,20.333333333333332
25,1.0,1.5,180,False,18.949621945088932,425,0.4117647058823529,1.3036697452627517,0.1328653299595032,136.79294117647058,180.0,58,70.83333333333333,178,0.42134831460674155,1.3348909853075335,0.14881479035058007,133.7078651685393,180.0,19,29.666666666666668,125,0.408,1.2510012408240596,0.11144875160744375,137.68,180.0,19,20.833333333333332,122,0.4016393442622951,1.3125047221846038,0.13153802130700923,140.38524590163934,180.0,19,20.333333333333332
40,0.5,1.0,180,False,18.64601969662994,425,0.40941176470588236,1.383827958366043,0.11077275128279866,63.1835294117647,46.0,58,70.83333333333333,178,0.39325842696629215,1.2987224409391616,0.08840475037876283,58.01685393258427,43.0,19,29.666666666666668,125,0.4,1.3323091945620777,0.09777223696958404,64.808,46.0,19,20.833333333333332,122,0.4426229508196721,1.575935933954601,0.1567282303817348,69.05737704918033,51.5,19,20.333333333333332
25,0.6,1.5,180,False,18.49531061814037,425,0.38588235294117645,1.513102393109908,0.18132516130227655,76.59058823529412,60.0,58,70.83333333333333,178,0.38764044943820225,1.5594039507010211,0.19734421324501408,68.34831460674157,50.5,19,29.666666666666668,125,0.376,1.393893906532343,0.14340227924755583,78.696,64.0,19,20.833333333333332,122,0.39344262295081966,1.5732013012044355,0.1968085138517257,86.45901639344262,73.5,19,20.333333333333332
35,0.5,1.0,180,False,18.46987627478905,425,0.40941176470588236,1.383827958366043,0.11077275128279866,60.334117647058825,44.0,58,70.83333333333333,178,0.398876404494382,1.3303328334255837,0.09683171667089768,54.556179775280896,40.0,19,29.666666666666668,125,0.4,1.3323091945620777,0.09777223696958404,62.392,43.0,19,20.833333333333332,122,0.4344262295081967,1.5228798789503193,0.1444331484145217,66.65573770491804,51.0,19,20.333333333333332
35,0.5,0.5,180,False,18.27103341445398,425,0.52,1.0948114205636192,0.02251617847925849,46.38823529411765,37.0,58,70.83333333333333,178,0.47191011235955055,0.9026463500838617,-0.025448600033816614,44.657303370786515,36.0,19,29.666666666666668,125,0.52,1.1054130999832072,0.024793813277633723,48.128,38.0,19,20.833333333333332,122,0.5901639344262295,1.44,0.09016393442622951,47.131147540983605,38.0,19,20.333333333333332
35,0.8,1.0,180,False,18.140354863523793,425,0.45647058823529413,1.1444918347276236,0.055766973910424074,96.00470588235294,78.0,58,70.83333333333333,178,0.4438202247191011,1.0661666825941412,0.02699062736586168,92.06741573033707,74.5,19,29.666666666666668,125,0.456,1.1441899790482934,0.055794136497222244,96.024,77.0,19,20.833333333333332,122,0.47540983606557374,1.2769316430407802,0.09772430474306613,101.72950819672131,87.5,19,20.333333333333332
60,0.4,0.75,180,False,17.8066899399102,425,0.4188235294117647,1.351519383565179,0.0809174253307371,70.60941176470588,60.0,58,70.83333333333333,178,0.4044943820224719,1.2828891570188252,0.0664565390445301,67.6685393258427,60.0,19,29.666666666666668,125,0.408,1.2847516479963705,0.06709434984489179,72.176,60.0,19,20.833333333333332,122,0.45081967213114754,1.533588318645999,0.11617908266414291,73.29508196721312,60.0,19,20.333333333333332
35,0.3,1.0,180,False,17.69738481693817,425,0.37176470588235294,1.9465309931071437,0.17808872692851005,48.94352941176471,36.0,58,70.83333333333333,178,0.37640449438202245,1.9643802059937345,0.18041494864938948,47.96629213483146,35.0,19,29.666666666666668,125,0.352,1.8106995884773665,0.1576,47.968,36.0,19,20.833333333333332,122,0.38524590163934425,2.067547504045071,0.19568727938545438,51.368852459016395,40.0,19,20.333333333333332
35,0.8,0.75,180,False,17.650484960465903,425,0.508235294117647,1.0631313254663077,0.02249517911937158,86.11764705882354,66.0,58,70.83333333333333,178,0.47752808988764045,0.9218391852898761,-0.030366455300593495,84.62359550561797,63.0,19,29.666666666666668,125,0.504,1.0549448923743259,0.01968744478277977,86.144,67.0,19,20.833333333333332,122,0.5573770491803278,1.3335203086342529,0.10249794730648437,88.27049180327869,70.0,19,20.333333333333332
25,1.0,0.5,180,False,17.45756898613791,425,0.6188235294117647,1.0112341226994768,0.003428600910238912,93.35058823529411,53.0,58,70.83333333333333,178,0.5730337078651685,0.8241546862134784,-0.06073112000255364,98.91573033707866,57.5,19,29.666666666666668,125,0.64,1.1179233758327662,0.03375497917142593,90.688,46.0,19,20.833333333333332,122,0.6639344262295082,1.247994055662428,0.06596657664653971,87.95901639344262,46.0,19,20.333333333333332
40,0.4,1.0,180,False,17.351243978916585,425,0.3905882352941176,1.5851446798672164,0.14127318227344413,57.89176470588235,42.0,58,70.83333333333333,178,0.37640449438202245,1.4937157911156762,0.12146714569022357,54.3876404494382,40.0,19,29.666666666666668,125,0.384,1.5332625192336993,0.13076881958662834,59.504,43.0,19,20.833333333333332,122,0.4180327868852459,1.783781561782978,0.1809331810247987,61.35245901639344,47.0,19,20.333333333333332
60,0.3,0.75,180,False,17.25395888900066,425,0.3976470588235294,1.6366649657960393,0.11484427105635295,67.39529411764705,60.0,58,70.83333333333333,178,0.39325842696629215,1.6094185584868628,0.11092787244367612,65.87078651685393,60.0,19,29.666666666666668,125,0.384,1.5406842345865892,0.09991844655160168,67.6,60.0,19,20.833333333333332,122,0.4180327868852459,1.783142290512292,0.13585121381168389,69.40983606557377,60.0,19,20.333333333333332
10,0.5,1.5,180,False,16.974196259952464,425,0.36705882352941177,1.678245444942389,0.2094011926060605,61.54117647058823,44.0,58,70.83333333333333,178,0.3595505617977528,1.650112252570735,0.20335297706635366,53.32022471910113,39.5,19,29.666666666666668,125,0.36,1.5733504910071925,0.1795522790426649,64.432,42.0,19,20.833333333333332,122,0.38524590163934425,1.8341228704834267,0.24880854147075115,70.57377049180327,58.0,19,20.333333333333332
25,0.3,1.0,180,False,16.928498137295094,425,0.36941176470588233,1.9330082196466585,0.17650320202256783,40.237647058823526,28.0,58,70.83333333333333,178,0.3651685393258427,1.8706153645897152,0.1658082070763558,38.97191011235955,26.0,19,29.666666666666668,125,0.352,1.8106995884773665,0.1576,40.112,31.0,19,20.833333333333332,122,0.39344262295081966,2.1621621621621623,0.21147540983606558,42.21311475409836,32.0,19,20.333333333333332
40,0.6,1.0,180,False,16.860314654888573,425,0.42823529411764705,1.2513000711927773,0.08304050099392676,70.86588235294117,52.0,58,70.83333333333333,178,0.4101123595505618,1.1777837216397116,0.06056043087875694,65.88202247191012,48.0,19,29.666666666666668,125,0.424,1.218385408150431,0.07362223717447501,71.216,51.0,19,20.833333333333332,122,0.45901639344262296,1.406476674439484,0.12548915228844887,77.77868852459017,56.5,19,20.333333333333332
30,0.3,1.0,180,False,16.33533345014404,425,0.36941176470588233,1.9267964446630264,0.1750299033990983,45.32,32.0,58,70.83333333333333,178,0.37640449438202245,1.9643802059937345,0.18041494864938948,43.52808988764045,30.0,19,29.666666666666668,125,0.344,1.7479674796747968,0.1472,44.736,33.0,19,20.833333333333332,122,0.38524590163934425,2.067547504045071,0.19568727938545438,48.532786885245905,36.5,19,20.333333333333332
45,0.4,1.0,180,False,16.186398601440768,425,0.38823529411764707,1.5692814243403868,0.13797906462638534,61.44235294117647,46.0,58,70.83333333333333,178,0.3707865168539326,1.4575676038865384,0.11360197715089772,58.10674157303371,45.0,19,29.666666666666668,125,0.384,1.5332625192336993,0.13076881958662834,63.024,46.0,19,20.833333333333332,122,0.4180327868852459,1.783781561782978,0.1809331810247987,64.68852459016394,50.0,19,20.333333333333332
30,0.8,0.5,180,False,15.769025965972642,425,0.5976470588235294,1.000463262825309,0.00013836973095150744,71.29176470588236,48.0,58,70.83333333333333,178,0.550561797752809,0.8148236792079053,-0.06256016527137116,73.30337078651685,52.0,19,29.666666666666668,125,0.608,1.0644471243379836,0.018405729463482644,70.376,47.0,19,20.833333333333332,122,0.6557377049180327,1.285917292279515,0.07290000304117314,69.29508196721312,46.0,19,20.333333333333332
0,1.0,2.0,180,False,15.613913817954671,425,0.3835294117647059,1.3811510520621813,0.1724743379802088,146.06588235294117,180.0,58,70.83333333333333,178,0.38202247191011235,1.3922988408401966,0.18334252046367577,142.52247191011236,180.0,19,29.666666666666668,125,0.376,1.3293361054035207,0.1509978567888825,146.96,180.0,19,20.833333333333332,122,0.39344262295081966,1.420563991821478,0.17862207295446023,150.31967213114754,180.0,19,20.333333333333332
40,0.3,1.0,180,False,15.520819242023036,425,0.36705882352941177,1.9072088705131853,0.17197107986968652,52.538823529411765,40.0,58,70.83333333333333,178,0.3595505617977528,1.8249666918009166,0.15850483628983894,51.7247191011236,40.0,19,29.666666666666668,125,0.36,1.8750000000000002,0.168,51.512,40.0,19,20.833333333333332,122,0.38524590163934425,2.067547504045071,0.19568727938545438,54.778688524590166,43.0,19,20.333333333333332
40,0.6,0.75,180,False,15.492294139429912,425,0.47294117647058825,1.1443128233449475,0.04443571418428958,63.15529411764706,46.0,58,70.83333333333333,178,0.43258426966292135,0.9784971899061354,-0.007129640352656975,59.96629213483146,45.0,19,29.666666666666668,125,0.464,1.1113925807371356,0.0348793205644872,63.6,45.0,19,20.833333333333332,122,0.5409836065573771,1.4829537406465427,0.1294617986929108,67.35245901639344,50.0,19,20.333333333333332
45,0.6,0.75,180,False,15.492294139429912,425,0.47294117647058825,1.1443128233449475,0.04443571418428958,65.85882352941177,49.0,58,70.83333333333333,178,0.43258426966292135,0.9784971899061354,-0.007129640352656975,62.46629213483146,47.0,19,29.666666666666668,125,0.464,1.1113925807371356,0.0348793205644872,66.816,50.0,19,20.833333333333332,122,0.5409836065573771,1.4829537406465427,0.1294617986929108,69.82786885245902,52.0,19,20.333333333333332
0,0.5,1.5,180,False,15.467193863356654,425,0.36470588235294116,1.660486381753396,0.2046953102531193,60.98823529411764,44.0,58,70.83333333333333,178,0.3595505617977528,1.650112252570735,0.20335297706635366,52.943820224719104,39.5,19,29.666666666666668,125,0.352,1.515672294086575,0.1635522790426649,63.688,42.0,19,20.833333333333332,122,0.38524590163934425,1.8341228704834267,0.24880854147075115,69.95901639344262,58.0,19,20.333333333333332
35,1.0,1.0,180,False,15.302521872942592,425,0.46352941176470586,1.0969859087984812,0.039503375519226155,125.22588235294117,180.0,58,70.83333333333333,178,0.4550561797752809,1.0244515476512617,0.010536622400469965,124.28089887640449,180.0,19,29.666666666666668,125,0.464,1.1054430704585838,0.042994269343149524,125.744,180.0,19,20.833333333333332,122,0.47540983606557374,1.2099517097441164,0.07818960770896531,126.07377049180327,180.0,19,20.333333333333332
20,0.5,1.5,180,False,15.265499260299004,425,0.36470588235294116,1.660486381753396,0.20469531025311935,64.21176470588236,45.0,58,70.83333333333333,178,0.3651685393258427,1.6922497695052854,0.21458893212253344,56.449438202247194,42.5,19,29.666666666666668,125,0.352,1.515672294086575,0.1635522790426649,67.232,43.0,19,20.833333333333332,122,0.3770491803278688,1.7686040335803088,0.23241509884780032,72.44262295081967,58.0,19,20.333333333333332
40,0.8,1.0,180,False,15.259299108068817,425,0.45176470588235296,1.1278050190676232,0.04952320639451372,98.18117647058824,80.0,58,70.83333333333333,178,0.43258426966292135,1.0293562459811092,0.01208275548798584,95.51685393258427,79.5,19,29.666666666666668,125,0.456,1.1441899790482934,0.055794136497222244,97.232,77.0,19,20.833333333333332,122,0.47540983606557374,1.2769316430407802,0.09772430474306613,103.04098360655738,87.5,19,20.333333333333332
10,1.0,2.0,180,False,15.062143051888281,425,0.3835294117647059,1.3711644162270136,0.1679552939030617,146.89176470588237,180.0,58,70.83333333333333,178,0.38202247191011235,1.382578888152798,0.17879985951500058,143.51685393258427,180.0,19,29.666666666666668,125,0.376,1.3293361054035207,0.1509978567888825,146.96,180.0,19,20.833333333333332,122,0.39344262295081966,1.3991033873509466,0.16950731816820336,151.74590163934425,180.0,19,20.333333333333332
15,1.0,2.0,180,False,15.062143051888281,425,0.3835294117647059,1.3711644162270136,0.1679552939030617,146.9858823529412,180.0,58,70.83333333333333,178,0.38202247191011235,1.382578888152798,0.17879985951500058,143.67977528089887,180.0,19,29.666666666666668,125,0.376,1.3293361054035207,0.1509978567888825,146.992,180.0,19,20.833333333333332,122,0.39344262295081966,1.3991033873509466,0.16950731816820336,151.80327868852459,180.0,19,20.333333333333332
60,0.3,0.5,180,False,14.762319252121145,425,0.4329411764705882,1.2710257440522041,0.046106261870527875,63.614117647058826,60.0,58,70.83333333333333,178,0.42134831460674155,1.2101993946593639,0.0364896701964851,62.5,60.0,19,29.666666666666668,125,0.416,1.1872146118721463,0.0328,63.64,60.0,19,20.833333333333332,122,0.4672131147540984,1.4615384615384615,0.07377049180327869,65.21311475409836,60.0,19,20.333333333333332
40,0.5,0.5,180,False,13.672021979502192,425,0.5105882352941177,1.0556583831090713,0.013460090908996459,50.247058823529414,40.0,58,70.83333333333333,178,0.46629213483146065,0.8824182787900405,-0.031066577561906502,47.87640449438202,40.0,19,29.666666666666668,125,0.496,1.0032111383948705,0.0007938132776337276,51.864,41.0,19,20.833333333333332,122,0.5901639344262295,1.4487599433766483,0.09140297362818554,52.049180327868854,41.0,19,20.333333333333332
35,1.0,0.75,180,False,13.607751840030097,425,0.5152941176470588,1.0153516424313749,0.005786800342468696,114.72470588235294,136.0,58,70.83333333333333,178,0.4887640449438202,0.8852158768468309,-0.04710671609975298,116.6067415730337,159.5,19,29.666666666666668,125,0.512,1.0132704118944047,0.00502909993979226,115.488,116.0,19,20.833333333333332,122,0.5573770491803278,1.256791810801505,0.08373564031828847,111.19672131147541,105.0,19,20.333333333333332
0,0.8,2.0,180,False,13.579660191945605,425,0.37411764705882355,1.4133675946140085,0.1796226392032038,115.27058823529411,115.0,58,70.83333333333333,178,0.3707865168539326,1.4391766154481977,0.19485362742374582,109.4438202247191,102.5,19,29.666666666666668,125,0.36,1.3240510437547548,0.14439841531421327,114.672,113.0,19,20.833333333333332,122,0.39344262295081966,1.4720995622326907,0.19349077102998508,124.38524590163935,139.5,19,20.333333333333332
40,0.8,0.75,180,False,13.402331918824775,425,0.5011764705882353,1.0373043600272625,0.013432988214490581,88.86588235294117,69.0,58,70.83333333333333,178,0.4606741573033708,0.869176129076995,-0.05200370886561837,88.67977528089888,69.0,19,29.666666666666668,125,0.504,1.0549448923743259,0.01968744478277977,87.584,67.0,19,20.833333333333332,122,0.5573770491803278,1.3335203086342529,0.10249794730648437,90.45081967213115,71.0,19,20.333333333333332
45,0.8,0.75,180,False,13.402331918824775,425,0.5011764705882353,1.0373043600272625,0.013432988214490581,90.72705882352942,70.0,58,70.83333333333333,178,0.4606741573033708,0.869176129076995,-0.05200370886561837,90.21348314606742,69.0,19,29.666666666666668,125,0.504,1.0549448923743259,0.01968744478277977,90.04,70.0,19,20.833333333333332,122,0.5573770491803278,1.3335203086342529,0.10249794730648437,92.18032786885246,72.5,19,20.333333333333332
15,0.8,2.0,180,False,13.36685800184832,425,0.37411764705882355,1.411379652969648,0.17769341146666698,117.0070588235294,120.0,58,70.83333333333333,178,0.3707865168539326,1.4289380046153117,0.1903109664750706,110.60112359550561,105.5,19,29.666666666666668,125,0.36,1.3347344153552547,0.14796508161662936,116.096,113.0,19,20.833333333333332,122,0.39344262295081966,1.4691001457278041,0.18974354621878872,127.28688524590164,146.0,19,20.333333333333332
25,0.5,1.5,180,False,13.288303963339013,425,0.3623529411764706,1.6318698551696154,0.19656996654749043,66.67294117647059,47.0,58,70.83333333333333,178,0.3651685393258427,1.6659118098162855,0.20642448788156553,58.54494382022472,43.0,19,29.666666666666668,125,0.352,1.515672294086575,0.1635522790426649,68.976,46.0,19,20.833333333333332,122,0.36885245901639346,1.7048374545954241,0.2160216562248495,76.17213114754098,61.0,19,20.333333333333332
10,0.8,2.0,180,False,13.227762402775921,425,0.37411764705882355,1.407960288069514,0.17664439196595638,116.51294117647059,119.0,58,70.83333333333333,178,0.3707865168539326,1.4289380046153117,0.1903109664750706,110.43820224719101,105.5,19,29.666666666666668,125,0.36,1.3240510437547548,0.14439841531421327,114.704,113.0,19,20.833333333333332,122,0.39344262295081966,1.4691001457278041,0.18974354621878872,127.22950819672131,146.0,19,20.333333333333332
40,1.0,1.0,180,False,12.477981511653667,425,0.4588235294117647,1.0813494980893716,0.03325960800331581,127.22117647058823,180.0,58,70.83333333333333,178,0.4438202247191011,0.9899416782710873,-0.0043712494774058724,127.41573033707866,180.0,19,29.666666666666668,125,0.464,1.1054430704585838,0.042994269343149524,126.864,180.0,19,20.833333333333332,122,0.47540983606557374,1.2099517097441164,0.07818960770896531,127.30327868852459,180.0,19,20.333333333333332
45,0.5,0.5,180,False,11.917510844030229,425,0.508235294117647,1.0457064606456568,0.01110714973252587,53.82823529411765,45.0,58,70.83333333333333,178,0.4550561797752809,0.8432256049174387,-0.04230253261808628,51.30898876404494,45.0,19,29.666666666666668,125,0.504,1.0361578518875112,0.008793813277633724,55.528,45.0,19,20.833333333333332,122,0.5901639344262295,1.4487599433766483,0.09140297362818554,55.76229508196721,45.0,19,20.333333333333332
35,0.6,0.5,180,False,11.660450680749832,425,0.5388235294117647,0.9858052955441001,-0.0038792856908237156,51.898823529411764,40.0,58,70.83333333333333,178,0.4887640449438202,0.8063331731392264,-0.058696197069125246,51.32022471910113,40.0,19,29.666666666666668,125,0.536,0.9852717073437178,-0.00400618672236627,52.952,40.0,19,20.833333333333332,122,0.6147540983606558,1.3297872340425527,0.07622950819672132,51.66393442622951,40.0,19,20.333333333333332
45,0.3,1.5,180,False,10.92807086993836,425,0.32235294117647056,2.2345583876907225,0.2505812653232447,65.56,46.0,58,70.83333333333333,178,0.33707865168539325,2.3589712151826916,0.2702673090868946,63.29775280898876,45.0,19,29.666666666666668,125,0.296,1.9541788385314174,0.2015225706978353,64.768,46.0,19,20.833333333333332,122,0.32786885245901637,2.357101554524208,0.27212406071870776,69.67213114754098,52.0,19,20.333333333333332
30,1.0,0.5,180,False,10.840562819344566,425,0.6047058823529412,0.9530772287482088,-0.014846925802647954,97.40470588235294,57.0,58,70.83333333333333,178,0.5617977528089888,0.7837432776279598,-0.07698877829944736,102.43258426966293,65.5,19,29.666666666666668,125,0.616,1.019429456037651,0.005870217330050783,96.336,60.0,19,20.833333333333332,122,0.6557377049180327,1.199770192595082,0.05459247463049101,91.1639344262295,46.5,19,20.333333333333332
45,0.5,1.0,180,False,10.75915341263875,425,0.3976470588235294,1.316235215695515,0.09312569245926926,66.27058823529411,48.0,58,70.83333333333333,178,0.38202247191011235,1.2372683295342168,0.07155081779449317,60.97752808988764,45.0,19,29.666666666666668,125,0.392,1.2876133109349808,0.08577223696958404,68.192,49.0,19,20.833333333333332,122,0.4262295081967213,1.4713751886121387,0.1321380664473086,72.02459016393442,53.0,19,20.333333333333332
15,0.3,1.0,180,False,10.647160459005946,425,0.35764705882352943,1.8365550776506878,0.16120908437550904,33.07764705882353,22.0,58,70.83333333333333,178,0.34831460674157305,1.7360304844710162,0.14389809471680523,31.370786516853933,20.0,19,29.666666666666668,125,0.352,1.8106995884773665,0.1576,32.656,23.0,19,20.833333333333332,122,0.3770491803278688,2.017543859649123,0.19016393442622953,36.0,25.5,19,20.333333333333332
30,1.0,1.5,180,False,10.615072569634872,425,0.4047058823529412,1.2413658735444024,0.10724115316523654,139.18823529411765,180.0,58,70.83333333333333,178,0.4157303370786517,1.2824432753455035,0.12704428790202463,135.79775280898878,180.0,19,29.666666666666668,125,0.392,1.1385435470270664,0.06363543801922024,141.144,180.0,19,20.833333333333332,122,0.4016393442622951,1.2922821753255536,0.12302604177264435,142.13114754098362,180.0,19,20.333333333333332
35,1.0,1.5,180,False,10.615072569634872,425,0.4047058823529412,1.2413658735444024,0.10724115316523654,140.44470588235293,180.0,58,70.83333333333333,178,0.4157303370786517,1.2824432753455035,0.12704428790202463,136.75842696629215,180.0,19,29.666666666666668,125,0.392,1.1385435470270664,0.06363543801922024,142.512,180.0,19,20.833333333333332,122,0.4016393442622951,1.2922821753255536,0.12302604177264435,143.70491803278688,180.0,19,20.333333333333332
60,0.5,0.75,180,False,10.498864912095708,425,0.43529411764705883,1.1634034328270733,0.04521111201454229,74.17411764705882,60.0,58,70.83333333333333,178,0.4044943820224719,1.035600807945599,0.010360435867900818,69.97191011235955,60.0,19,29.666666666666668,125,0.432,1.1527484129905192,0.04249776722784758,76.064,60.0,19,20.833333333333332,122,0.48360655737704916,1.388827042600935,0.09883888621486214,78.3688524590164,60.0,19,20.333333333333332
40,1.0,0.75,180,False,10.267156351179796,425,0.508235294117647,0.9907113534219233,-0.0035388015906667584,117.3529411764706,139.0,58,70.83333333333333,178,0.47191011235955055,0.8348341904808655,-0.0693729004906663,120.49438202247191,179.0,19,29.666666666666668,125,0.512,1.0132704118944047,0.00502909993979226,116.84,116.0,19,20.833333333333332,122,0.5573770491803278,1.256791810801505,0.08373564031828847,113.29508196721312,107.5,19,20.333333333333332
45,1.0,0.75,180,False,10.267156351179796,425,0.508235294117647,0.9907113534219233,-0.0035388015906667584,119.02588235294118,139.0,58,70.83333333333333,178,0.47191011235955055,0.8348341904808655,-0.0693729004906663,121.88202247191012,179.0,19,29.666666666666668,125,0.512,1.0132704118944047,0.00502909993979226,118.968,116.0,19,20.833333333333332,122,0.5573770491803278,1.256791810801505,0.08373564031828847,114.91803278688525,107.5,19,20.333333333333332
45,0.4,1.5,180,False,10.026826103591084,425,0.3411764705882353,1.829950786051399,0.216373980974539,70.40235294117647,49.0,58,70.83333333333333,178,0.34831460674157305,1.8891125474992014,0.22873523646480728,65.51685393258427,46.0,19,29.666666666666668,125,0.32,1.5977732124028268,0.16189139028446367,72.424,52.0,19,20.833333333333332,122,0.3524590163934426,1.9952781312824797,0.25416103309742155,75.45901639344262,58.0,19,20.333333333333332
30,0.8,1.5,180,False,10.023997390729548,425,0.3952941176470588,1.2838950708515546,0.12008540940169596,109.04470588235294,104.0,58,70.83333333333333,178,0.4044943820224719,1.3308295422173975,0.14107279606370418,103.08426966292134,96.0,19,29.666666666666668,125,0.376,1.1517918176083255,0.06687763145591573,109.76,105.0,19,20.833333333333332,122,0.4016393442622951,1.3599869402172202,0.14398063413436046,117.00819672131148,118.5,19,20.333333333333332
35,0.8,1.5,180,False,10.023997390729548,425,0.3952941176470588,1.2838950708515546,0.12008540940169596,110.3529411764706,104.0,58,70.83333333333333,178,0.4044943820224719,1.3308295422173975,0.14107279606370418,104.1067415730337,96.0,19,29.666666666666668,125,0.376,1.1517918176083255,0.06687763145591573,111.176,107.0,19,20.833333333333332,122,0.4016393442622951,1.3599869402172202,0.14398063413436046,118.62295081967213,118.5,19,20.333333333333332
20,1.0,2.0,180,False,9.702049057387695,425,0.3764705882352941,1.3240158557274355,0.14838642217054668,148.24941176470588,180.0,58,70.83333333333333,178,0.37640449438202245,1.3501762424303887,0.16466979465401813,144.69101123595505,180.0,19,29.666666666666668,125,0.368,1.274119951560971,0.127686028828034,148.432,180.0,19,20.833333333333332,122,0.38524590163934425,1.3375913519032805,0.14583813418494154,153.25409836065575,180.0,19,20.333333333333332
30,0.6,1.5,180,False,9.598756951240762,425,0.37411764705882355,1.4253247598693115,0.1533077318919474,78.57882352941176,62.0,58,70.83333333333333,178,0.38202247191011235,1.4987823847104123,0.1776396767315878,70.70224719101124,53.0,19,29.666666666666668,125,0.352,1.2457366456417767,0.09300227924755587,80.856,70.0,19,20.833333333333332,122,0.38524590163934425,1.5156819454041404,0.17959539909762737,87.73770491803279,75.0,19,20.333333333333332
35,0.6,1.5,180,False,9.598756951240762,425,0.37411764705882355,1.4253247598693115,0.1533077318919474,80.56941176470588,64.0,58,70.83333333333333,178,0.38202247191011235,1.4987823847104123,0.1776396767315878,72.71348314606742,55.5,19,29.666666666666668,125,0.352,1.2457366456417767,0.09300227924755587,82.72,70.0,19,20.833333333333332,122,0.38524590163934425,1.5156819454041404,0.17959539909762737,89.82786885245902,75.5,19,20.333333333333332
15,0.6,2.0,180,False,9.408362930482468,425,0.35058823529411764,1.546907175713153,0.20374732647785604,83.19764705882353,66.0,58,70.83333333333333,178,0.34831460674157305,1.5916655797053487,0.2207856466763788,75.06179775280899,55.0,19,29.666666666666668,125,0.336,1.4393605279133135,0.16948912674289238,83.032,73.0,19,20.833333333333332,122,0.36885245901639346,1.5975606335391332,0.21398875247403143,95.23770491803279,80.0,19,20.333333333333332
25,0.4,1.5,180,False,8.960090598609089,425,0.3388235294117647,1.8180966353535095,0.21405349419247544,58.69882352941176,39.0,58,70.83333333333333,178,0.34269662921348315,1.8600635496691529,0.2231947483615656,52.71910112359551,36.0,19,29.666666666666668,125,0.336,1.7272082714070751,0.19229139028446365,61.04,41.0,19,20.833333333333332,122,0.3360655737704918,1.8514428069857334,0.22301349211381497,65.02459016393442,48.5,19,20.333333333333332
40,1.0,1.5,180,False,8.753561393984938,425,0.4023529411764706,1.2294157328040902,0.10226377764630527,141.57882352941178,180.0,58,70.83333333333333,178,0.4101123595505618,1.2540697174029019,0.11516010478098086,138.46067415730337,180.0,19,29.666666666666668,125,0.392,1.1385435470270664,0.06363543801922024,143.224,180.0,19,20.833333333333332,122,0.4016393442622951,1.2922821753255536,0.12302604177264435,144.44262295081967,180.0,19,20.333333333333332
0,0.6,2.0,180,False,8.72983689665276,425,0.34823529411764703,1.5452417186474516,0.20389662242114573,81.44941176470589,65.0,58,70.83333333333333,178,0.34269662921348315,1.5707240922151111,0.21489492022679887,72.70224719101124,54.5,19,29.666666666666668,125,0.336,1.4393605279133135,0.16948912674289238,82.408,73.0,19,20.833333333333332,122,0.36885245901639346,1.6230134602959532,0.22310350726028833,93.22950819672131,79.0,19,20.333333333333332
40,0.8,1.5,180,False,8.722504610698355,425,0.39294117647058824,1.271199653787914,0.1151080338827647,111.66823529411765,105.0,58,70.83333333333333,178,0.398876404494382,1.300523469487174,0.1291886129426604,106.12359550561797,96.0,19,29.666666666666668,125,0.376,1.1517918176083255,0.06687763145591573,111.976,107.0,19,20.833333333333332,122,0.4016393442622951,1.3599869402172202,0.14398063413436046,119.44262295081967,118.5,19,20.333333333333332
40,0.6,1.5,180,False,8.274695353452842,425,0.37176470588235294,1.4100104705465666,0.14836655542135918,82.52941176470588,65.0,58,70.83333333333333,178,0.37640449438202245,1.461290346003655,0.16584192392259903,75.12921348314607,57.5,19,29.666666666666668,125,0.352,1.2457366456417767,0.09300227924755587,84.256,71.0,19,20.833333333333332,122,0.38524590163934425,1.5156819454041404,0.17959539909762737,91.55737704918033,77.0,19,20.333333333333332
25,1.0,2.0,180,False,8.183315774965504,425,0.37411764705882355,1.3077739517146445,0.14159129032262038,148.86352941176472,180.0,58,70.83333333333333,178,0.3707865168539326,1.312361102673052,0.14844546299464356,145.77528089887642,180.0,19,29.666666666666668,125,0.368,1.274119951560971,0.127686028828034,148.656,180.0,19,20.833333333333332,122,0.38524590163934425,1.3375913519032805,0.14583813418494154,153.58196721311475,180.0,19,20.333333333333332
20,0.8,2.0,180,False,8.159527104879821,425,0.36705882352941177,1.3629915086041806,0.15859893724253785,117.90588235294118,120.0,58,70.83333333333333,178,0.3651685393258427,1.3945171144150772,0.1761809016140882,111.61235955056179,107.5,19,29.666666666666668,125,0.352,1.2800059108285904,0.12556508161662935,116.912,113.0,19,20.833333333333332,122,0.38524590163934425,1.4057807772468154,0.16679272654665758,128.10655737704917,146.0,19,20.333333333333332
10,0.6,2.0,180,False,8.157088341055204,425,0.34823529411764703,1.5331573038591673,0.1993775783439986,82.52705882352942,66.0,58,70.83333333333333,178,0.34269662921348315,1.5586595629864188,0.21035225927812365,73.74157303370787,55.0,19,29.666666666666668,125,0.336,1.4393605279133135,0.16948912674289238,82.8,73.0,19,20.833333333333332,122,0.36885245901639346,1.5975606335391332,0.21398875247403143,95.06557377049181,80.0,19,20.333333333333332
20,0.6,2.0,180,False,8.128220522639722,425,0.35058823529411764,1.519816773007168,0.1936549426700271,85.18352941176471,67.0,58,70.83333333333333,178,0.34831460674157305,1.578538212207555,0.21588704445651966,76.98314606741573,56.0,19,29.666666666666668,125,0.336,1.405013033371324,0.15623912705954204,85.12,74.0,19,20.833333333333332,122,0.36885245901639346,1.5572512795251001,0.19955381835293656,97.21311475409836,81.5,19,20.333333333333332
60,0.3,1.5,180,False,7.984178922372842,425,0.3176470588235294,2.176586236153808,0.2404755821513141,76.91529411764706,60.0,58,70.83333333333333,178,0.3258426966292135,2.2363216949296456,0.25004258998577095,74.73033707865169,60.0,19,29.666666666666668,125,0.296,1.9278562874681406,0.19596324791327124,76.736,60.0,19,20.833333333333332,122,0.32786885245901637,2.357101554524208,0.27212406071870776,80.28688524590164,61.5,19,20.333333333333332
45,0.6,1.0,180,False,7.541186802589193,425,0.4164705882352941,1.1853264200952542,0.06247522254326772,73.84941176470588,55.0,58,70.83333333333333,178,0.4044943820224719,1.135093822471629,0.04647387189342054,68.89887640449439,51.0,19,29.666666666666668,125,0.408,1.1385041043777913,0.04802223717447502,74.032,53.0,19,20.833333333333332,122,0.4426229508196721,1.3172541602537913,0.10062984210697169,80.88524590163935,59.0,19,20.333333333333332
40,0.6,0.5,180,False,7.368015202341447,425,0.5270588235294118,0.94198758018749,-0.016229490908144576,55.84470588235294,43.0,58,70.83333333333333,178,0.48314606741573035,0.7882976577911667,-0.06487597235002412,54.6123595505618,43.0,19,29.666666666666668,125,0.512,0.8938354402524089,-0.030406186722366273,56.944,43.0,19,20.833333333333332,122,0.6065573770491803,1.2960247634008448,0.06927182608720193,56.51639344262295,45.0,19,20.333333333333332
60,0.4,1.5,180,False,6.99539449949065,425,0.33647058823529413,1.7899513093443458,0.20743280450395077,81.96,60.0,58,70.83333333333333,178,0.34831460674157305,1.8891125474992014,0.22873523646480728,77.69662921348315,60.0,19,29.666666666666668,125,0.312,1.53532295899316,0.14669139028446362,84.112,62.0,19,20.833333333333332,122,0.3442622950819672,1.92244881365989,0.23858726260561827,85.97540983606558,66.5,19,20.333333333333332
25,0.8,2.0,180,False,6.658190506564876,425,0.36470588235294116,1.3464203074640286,0.15201070194842023,118.47058823529412,120.0,58,70.83333333333333,178,0.3595505617977528,1.35571265255419,0.1604505645354365,112.57865168539325,109.5,19,29.666666666666668,125,0.352,1.2800059108285904,0.12556508161662935,117.136,113.0,19,20.833333333333332,122,0.38524590163934425,1.4057807772468154,0.16679272654665758,128.4344262295082,146.0,19,20.333333333333332
25,0.6,2.0,180,False,6.656438044819065,425,0.34823529411764703,1.5014951015635034,0.18753729561120358,86.70588235294117,70.0,58,70.83333333333333,178,0.34269662921348315,1.5345660010144548,0.201280302883486,78.6067415730337,59.5,19,29.666666666666668,125,0.336,1.405013033371324,0.15623912705954204,86.624,75.0,19,20.833333333333332,122,0.36885245901639346,1.5572512795251001,0.19955381835293656,98.60655737704919,82.0,19,20.333333333333332
40,0.5,1.5,180,False,6.145717348452466,425,0.35058823529411764,1.54591258165188,0.17304055478278454,73.77882352941177,53.0,58,70.83333333333333,178,0.3539325842696629,1.5828556819560324,0.18395257776920598,66.17977528089888,48.0,19,29.666666666666668,125,0.328,1.3510485869998599,0.11555227904266491,76.536,55.0,19,20.833333333333332,122,0.36885245901639346,1.704837454595424,0.2160216562248495,82.04098360655738,66.0,19,20.333333333333332
60,0.4,0.5,180,False,6.102663321622489,425,0.45647058823529413,1.0545509602414014,0.011793643295567664,66.1435294117647,60.0,58,70.83333333333333,178,0.43258426966292135,0.9591632374807854,-0.009183648938455113,63.848314606741575,60.0,19,29.666666666666668,125,0.448,1.0199245135616146,0.0043759032932901235,67.304,60.0,19,20.833333333333332,122,0.5,1.2500000000000004,0.04999999999999999,68.30327868852459,60.0,19,20.333333333333332
45,0.8,1.0,180,False,6.08457758280903,425,0.4423529411764706,1.0794377976305947,0.03131086912032526,100.63529411764706,81.0,58,70.83333333333333,178,0.43258426966292135,1.0169706504619231,0.0069849605475932565,97.69662921348315,80.5,19,29.666666666666668,125,0.44,1.0675277520286806,0.026994136497222238,99.816,78.0,19,20.833333333333332,122,0.45901639344262296,1.1962206054031537,0.07122565029929388,105.76229508196721,90.5,19,20.333333333333332
30,0.5,1.5,180,False,5.944022745394809,425,0.35058823529411764,1.54591258165188,0.17304055478278454,68.96705882352941,51.0,58,70.83333333333333,178,0.3595505617977528,1.6240108140127352,0.19518853282538576,61.19662921348315,45.0,19,29.666666666666668,125,0.328,1.3510485869998599,0.11555227904266491,71.424,52.0,19,20.833333333333332,122,0.36065573770491804,1.6427537666474408,0.1996282136018987,77.78688524590164,62.5,19,20.333333333333332
35,0.5,1.5,180,False,5.944022745394809,425,0.35058823529411764,1.54591258165188,0.17304055478278454,71.56,51.0,58,70.83333333333333,178,0.3595505617977528,1.6240108140127352,0.19518853282538576,63.62359550561798,45.5,19,29.666666666666668,125,0.328,1.3510485869998599,0.11555227904266491,74.528,54.0,19,20.833333333333332,122,0.36065573770491804,1.6427537666474408,0.1996282136018987,80.09836065573771,64.0,19,20.333333333333332
15,0.5,2.0,180,False,5.91434283246019,425,0.32941176470588235,1.6851380052854574,0.22357047921490694,72.27764705882353,51.0,58,70.83333333333333,178,0.3202247191011236,1.693011715857785,0.22906247841518598,63.23033707865169,45.5,19,29.666666666666668,125,0.32,1.6091664723637082,0.202038106398824,73.128,52.0,19,20.833333333333332,122,0.3524590163934426,1.755111869768262,0.2376194197424538,84.60655737704919,67.0,19,20.333333333333332
45,1.0,1.5,180,False,5.909326440801949,425,0.4,1.2115971708954574,0.09471628058805635,142.81882352941176,180.0,58,70.83333333333333,178,0.4101123595505618,1.2427436606456819,0.11002643558085173,139.98314606741573,180.0,19,29.666666666666668,125,0.384,1.097245798841286,0.04528429296215777,144.792,180.0,19,20.833333333333332,122,0.4016393442622951,1.2922821753255536,0.12302604177264435,144.9344262295082,180.0,19,20.333333333333332
45,0.5,1.5,180,False,5.862875275716791,425,0.35058823529411764,1.539129388910618,0.17089045332955397,76.40705882352941,54.0,58,70.83333333333333,178,0.3539325842696629,1.5665895969744343,0.1788189085690769,69.24719101123596,49.0,19,29.666666666666668,125,0.328,1.3510485869998596,0.11555227904266491,79.384,58.0,19,20.833333333333332,122,0.36885245901639346,1.704837454595424,0.2160216562248495,83.80327868852459,66.0,19,20.333333333333332
45,0.8,1.5,180,False,5.823016596076981,425,0.3905882352941176,1.2522647894044,0.10754616772365179,113.0635294117647,105.0,58,70.83333333333333,178,0.398876404494382,1.2885813327610292,0.12405494374253127,107.79213483146067,97.5,19,29.666666666666668,125,0.368,1.1084540235741376,0.04847763145591575,113.76,107.0,19,20.833333333333332,122,0.4016393442622951,1.3599869402172202,0.14398063413436046,120.04098360655738,118.5,19,20.333333333333332
20,0.3,1.0,180,False,5.807522193297455,425,0.34823529411764703,1.761899649333229,0.14897379025786195,36.597647058823526,25.0,58,70.83333333333333,178,0.33146067415730335,1.6082313966272093,0.12198798235725465,35.41573033707865,22.0,19,29.666666666666668,125,0.336,1.6867469879518073,0.13679999999999998,35.76,26.0,19,20.833333333333332,122,0.38524590163934425,2.088888888888889,0.20081967213114754,39.18032786885246,28.0,19,20.333333333333332
30,0.4,1.5,180,False,5.768583921871389,425,0.3341176470588235,1.778324685458986,0.2051123177218872,61.712941176470586,42.0,58,70.83333333333333,178,0.34831460674157305,1.9090675390041822,0.23386890566493643,55.837078651685395,39.0,19,29.666666666666668,125,0.312,1.53532295899316,0.14669139028446362,64.08,44.0,19,20.833333333333332,122,0.3360655737704918,1.8514428069857334,0.223013492113815,67.86065573770492,51.5,19,20.333333333333332
35,0.4,1.5,180,False,5.768583921871389,425,0.3341176470588235,1.778324685458986,0.2051123177218872,64.61176470588235,45.0,58,70.83333333333333,178,0.34831460674157305,1.9090675390041822,0.23386890566493643,58.52808988764045,39.0,19,29.666666666666668,125,0.312,1.53532295899316,0.14669139028446362,67.08,46.0,19,20.833333333333332,122,0.3360655737704918,1.8514428069857334,0.223013492113815,70.95901639344262,56.5,19,20.333333333333332
45,0.6,1.5,180,False,5.557369993560275,425,0.36941176470588233,1.3888965046297972,0.14127527749754037,84.63058823529411,66.0,58,70.83333333333333,178,0.37640449438202245,1.4470110130968497,0.1607082547224699,77.76404494382022,60.0,19,29.666666666666668,125,0.344,1.1988249266952158,0.07620227924755588,86.336,71.0,19,20.833333333333332,122,0.38524590163934425,1.5156819454041404,0.17959539909762737,92.90163934426229,77.0,19,20.333333333333332
60,0.6,0.75,180,False,5.36882421770268,425,0.4541176470588235,1.0466215475980043,0.014863566389292,79.2164705882353,61.0,58,70.83333333333333,178,0.42696629213483145,0.9390912702464939,-0.02040068644487906,75.31460674157303,60.0,19,29.666666666666668,125,0.448,1.0309796296090366,0.009997767116088865,80.464,64.0,19,20.833333333333332,122,0.5,1.244780039719039,0.07130013945185627,83.6311475409836,63.0,19,20.333333333333332
15,0.4,1.5,180,False,5.283272451695748,425,0.33176470588235296,1.7715804186356292,0.20406119083928081,53.27058823529412,34.0,58,70.83333333333333,178,0.33146067415730335,1.7954837492244775,0.21001087799579193,47.46629213483146,31.5,19,29.666666666666668,125,0.328,1.661716909888495,0.17709139028446366,55.208,34.0,19,20.833333333333332,122,0.3360655737704918,1.8514428069857334,0.22301349211381497,59.75409836065574,41.0,19,20.333333333333332
35,0.8,0.5,180,False,5.239225667439146,425,0.5741176470588235,0.9057186619895219,-0.029881563785620454,75.70588235294117,54.0,58,70.83333333333333,178,0.5224719101123596,0.7271306263512746,-0.0980336803971584,77.98314606741573,55.0,19,29.666666666666668,125,0.584,0.9580232577403899,-0.012794270536517355,74.496,56.0,19,20.833333333333332,122,0.639344262295082,1.1944728733339252,0.05204601900713254,73.62295081967213,47.5,19,20.333333333333332
45,0.6,0.5,180,False,4.935857614117632,425,0.5223529411764706,0.9242487887924679,-0.02140596149637987,58.97882352941176,46.0,58,70.83333333333333,178,0.47191011235955055,0.753391295690177,-0.07723552291182188,57.71910112359551,45.0,19,29.666666666666668,125,0.512,0.8938354402524089,-0.030406186722366273,59.96,45.0,19,20.833333333333332,122,0.6065573770491803,1.2960247634008448,0.06927182608720193,59.81147540983606,46.0,19,20.333333333333332
15,0.3,0.75,180,False,4.74467642491999,425,0.41411764705882353,1.7670682730923697,0.1348235294117647,28.303529411764707,20.0,58,70.83333333333333,178,0.398876404494382,1.6588785046728975,0.11882022471910111,26.5,18.0,19,29.666666666666668,125,0.408,1.722972972972973,0.1284,29.16,22.0,19,20.833333333333332,122,0.4426229508196721,1.9852941176470587,0.16475409836065572,30.057377049180328,22.0,19,20.333333333333332
45,0.3,2.0,180,False,4.661221329848436,425,0.28941176470588237,2.342800364742842,0.2853691785469743,72.67764705882352,49.0,58,70.83333333333333,178,0.29775280898876405,2.4176357574646543,0.29751923804448077,70.34831460674157,46.0,19,29.666666666666668,125,0.272,2.179920622698453,0.25769466399734214,69.768,48.0,19,20.833333333333332,122,0.29508196721311475,2.4071336225900395,0.29599707795802255,79.05737704918033,56.0,19,20.333333333333332
40,0.4,1.5,180,False,4.4479873402058026,425,0.33176470588235296,1.758651015395534,0.20064172948659306,67.15294117647059,46.0,58,70.83333333333333,178,0.34269662921348315,1.8600635496691529,0.22319474836156564,61.640449438202246,43.0,19,29.666666666666668,125,0.312,1.53532295899316,0.14669139028446362,69.328,47.0,19,20.833333333333332,122,0.3360655737704918,1.8514428069857334,0.223013492113815,72.9672131147541,57.5,19,20.333333333333332
60,0.3,2.0,180,False,3.9907299729912666,425,0.28941176470588237,2.321345873555503,0.28080971409713645,83.04,60.0,58,70.83333333333333,178,0.29775280898876405,2.3977503337669575,0.2933458838697022,80.71910112359551,60.0,19,29.666666666666668,125,0.272,2.1361508297288374,0.24813534121277797,80.896,60.0,19,20.833333333333332,122,0.29508196721311475,2.4071336225900395,0.29599707795802255,88.62295081967213,65.0,19,20.333333333333332
60,0.3,1.0,180,False,3.541923190254106,425,0.3458823529411765,1.7270024683250087,0.1424296456835211,70.97176470588235,60.0,58,70.83333333333333,178,0.34269662921348315,1.6927025885923466,0.13659472393028838,69.80337078651685,60.0,19,29.666666666666668,125,0.328,1.593051209161893,0.11955912376703759,70.752,60.0,19,20.833333333333332,122,0.36885245901639346,1.9264295726054605,0.17437580397561836,72.90163934426229,60.0,19,20.333333333333332
30,0.6,2.0,180,False,3.5349696089752736,425,0.34352941176470586,1.4652636578469371,0.17530200149355651,87.91529411764706,73.0,58,70.83333333333333,178,0.33707865168539325,1.4913741031048728,0.18667356131045226,80.0,61.5,19,29.666666666666668,125,0.328,1.3467790213322977,0.13543912705954206,87.904,76.0,19,20.833333333333332,122,0.36885245901639346,1.5572512795251001,0.19955381835293656,99.47540983606558,82.5,19,20.333333333333332
35,0.6,2.0,180,False,3.5349696089752736,425,0.34352941176470586,1.4652636578469371,0.17530200149355651,89.08470588235294,73.0,58,70.83333333333333,178,0.33707865168539325,1.4913741031048728,0.18667356131045226,81.70224719101124,62.0,19,29.666666666666668,125,0.328,1.3467790213322977,0.13543912705954206,88.688,76.0,19,20.833333333333332,122,0.36885245901639346,1.5572512795251001,0.19955381835293656,100.26229508196721,82.5,19,20.333333333333332
30,1.0,2.0,180,False,3.524353371651146,425,0.36941176470588233,1.2769985671596766,0.12846265430217071,149.8964705882353,180.0,58,70.83333333333333,178,0.3651685393258427,1.279410879079557,0.13375229110955483,146.8370786516854,180.0,19,29.666666666666668,125,0.36,1.2195730540410994,0.10397174312287144,149.976,180.0,19,20.833333333333332,122,0.38524590163934425,1.3375913519032805,0.14583813418494154,154.27868852459017,180.0,19,20.333333333333332
35,1.0,2.0,180,False,3.524353371651146,425,0.36941176470588233,1.2769985671596766,0.12846265430217071,150.33176470588236,180.0,58,70.83333333333333,178,0.3651685393258427,1.279410879079557,0.13375229110955483,147.48876404494382,180.0,19,29.666666666666668,125,0.36,1.2195730540410994,0.10397174312287144,150.264,180.0,19,20.833333333333332,122,0.38524590163934425,1.3375913519032805,0.14583813418494154,154.54918032786884,180.0,19,20.333333333333332
45,1.0,1.0,180,False,3.40049057490695,425,0.44941176470588234,1.0348701045398294,0.014507821862236517,129.76705882352942,180.0,58,70.83333333333333,178,0.4438202247191011,0.9782115626866247,-0.009469044417798455,129.4494382022472,180.0,19,29.666666666666668,125,0.448,1.030963601866307,0.013056917392370271,129.808,180.0,19,20.833333333333332,122,0.45901639344262296,1.1330172935607945,0.05097704527682262,130.18852459016392,180.0,19,20.333333333333332
45,0.4,2.0,180,False,3.2742915201687404,425,0.30823529411764705,1.90569799916638,0.24753757412808183,78.32941176470588,53.0,58,70.83333333333333,178,0.30337078651685395,1.8936635539094169,0.24475121036621364,73.40449438202248,49.5,19,29.666666666666668,125,0.296,1.783325991466818,0.21966348358397042,77.896,53.0,19,20.833333333333332,122,0.32786885245901637,2.0564078890011626,0.2801624435348561,85.95901639344262,66.0,19,20.333333333333332
10,0.5,2.0,180,False,2.7952467553840927,425,0.3247058823529412,1.6444379150927186,0.21180577333255401,71.51058823529412,51.0,58,70.83333333333333,178,0.3146067415730337,1.645037985258453,0.21501753459496126,62.30337078651685,45.0,19,29.666666666666668,125,0.312,1.542323680666095,0.182038106398824,72.448,52.0,19,20.833333333333332,122,0.3524590163934426,1.755111869768262,0.2376194197424538,83.98360655737704,67.0,19,20.333333333333332
60,0.4,2.0,180,False,2.651831895631454,425,0.30823529411764705,1.8993027334590906,0.24578967520311573,88.6964705882353,64.0,58,70.83333333333333,178,0.3146067415730337,1.9931863157735314,0.2675441483262665,84.07303370786516,60.0,19,29.666666666666668,125,0.288,1.706792849802412,0.20046348358397037,88.728,64.0,19,20.833333333333332,122,0.319672131147541,1.9702352651639496,0.2604903123873151,95.40983606557377,73.5,19,20.333333333333332
30,0.8,2.0,180,False,2.470302737380102,425,0.36,1.314991480370945,0.139268620547136,119.52941176470588,121.0,58,70.83333333333333,178,0.3539325842696629,1.3206806014356351,0.1457573926503478,113.6685393258427,111.0,19,29.666666666666668,125,0.344,1.2268175722679853,0.10316508161662938,118.48,113.0,19,20.833333333333332,122,0.38524590163934425,1.4057807772468154,0.16679272654665758,129.15573770491804,146.0,19,20.333333333333332
35,0.8,2.0,180,False,2.470302737380102,425,0.36,1.314991480370945,0.139268620547136,120.0164705882353,121.0,58,70.83333333333333,178,0.3539325842696629,1.3206806014356351,0.1457573926503478,114.38202247191012,111.0,19,29.666666666666668,125,0.344,1.2268175722679853,0.10316508161662938,118.816,113.0,19,20.833333333333332,122,0.38524590163934425,1.4057807772468154,0.16679272654665758,129.4672131147541,146.0,19,20.333333333333332
20,0.5,2.0,180,False,2.3259638920406305,425,0.3247058823529412,1.6381955877731946,0.20975412346164832,74.02823529411765,52.0,58,70.83333333333333,178,0.3202247191011236,1.678191354386204,0.22416387619532685,65.56179775280899,46.0,19,29.666666666666668,125,0.312,1.542323680666095,0.182038106398824,74.888,53.0,19,20.833333333333332,122,0.3442622950819672,1.6811217658088775,0.21712761646376524,85.5,67.0,19,20.333333333333332
10,0.4,1.5,180,False,2.28129168823725,425,0.3270588235294118,1.7325588128780145,0.19512001436869258,52.129411764705885,34.0,58,70.83333333333333,178,0.33146067415730335,1.7954837492244775,0.21001087799579193,46.2752808988764,31.0,19,29.666666666666668,125,0.312,1.53532295899316,0.14669139028446365,54.04,34.0,19,20.833333333333332,122,0.3360655737704918,1.8514428069857334,0.22301349211381497,58.71311475409836,41.0,19,20.333333333333332
15,0.4,0.5,180,False,2.2339061782466816,425,0.5764705882352941,1.7101808620506835,0.11969446869171917,26.71529411764706,20.0,58,70.83333333333333,178,0.5449438202247191,1.5142124855257029,0.09252892805607102,25.56179775280899,18.0,19,29.666666666666668,125,0.576,1.6981132075471705,0.11839999999999999,27.328,20.0,19,20.833333333333332,122,0.6229508196721312,2.065217391304349,0.16065573770491803,27.770491803278688,20.0,19,20.333333333333332
60,0.4,1.0,180,False,1.9893724584692754,425,0.36470588235294116,1.4110020082188257,0.10348449008273877,75.35529411764706,60.0,58,70.83333333333333,178,0.3651685393258427,1.4220679206500788,0.10573680861157186,72.42696629213484,60.0,19,29.666666666666668,125,0.344,1.2660063409703244,0.06948726613822996,77.168,60.0,19,20.833333333333332,122,0.38524590163934425,1.5534959925443135,0.13503154168053638,77.77049180327869,60.0,19,20.333333333333332
40,0.6,2.0,180,False,1.9421544331352685,425,0.3411764705882353,1.4447342667900924,0.16819479941585733,92.03529411764706,74.0,58,70.83333333333333,178,0.33146067415730335,1.4427773729095417,0.16970411814740646,85.07303370786516,64.0,19,29.666666666666668,125,0.328,1.3467790213322977,0.13543912705954206,91.168,76.0,19,20.833333333333332,122,0.36885245901639346,1.5572512795251001,0.19955381835293656,103.08196721311475,86.5,19,20.333333333333332
45,0.6,2.0,180,False,1.9421544331352685,425,0.3411764705882353,1.4447342667900924,0.16819479941585733,93.42117647058824,74.0,58,70.83333333333333,178,0.33146067415730335,1.4427773729095417,0.16970411814740646,86.64606741573034,64.5,19,29.666666666666668,125,0.328,1.3467790213322977,0.13543912705954206,92.512,76.0,19,20.833333333333332,122,0.36885245901639346,1.5572512795251001,0.19955381835293656,104.23770491803279,86.5,19,20.333333333333332
0,0.5,2.0,180,False,1.7357749180908266,425,0.32235294117647056,1.6380061729448623,0.21044246446852466,70.16941176470588,51.0,58,70.83333333333333,178,0.3146067415730337,1.6586656592598568,0.21956019554363645,60.97191011235955,45.0,19,29.666666666666668,125,0.304,1.4770552200148455,0.16203810639882402,71.712,52.0,19,20.833333333333332,122,0.3524590163934426,1.7840769246303163,0.24673417452871066,82.00819672131148,66.0,19,20.333333333333332
60,0.5,1.5,180,False,1.6303420573481961,425,0.34352941176470586,1.4928626846840511,0.15757112558504513,86.73647058823529,63.0,58,70.83333333333333,178,0.34831460674157305,1.5263040851438012,0.16758295351289712,80.37078651685393,60.0,19,29.666666666666668,125,0.32,1.298809342291034,0.0995522790426649,89.464,70.0,19,20.833333333333332,122,0.36065573770491804,1.657596271758417,0.20240924400012605,93.22950819672131,74.5,19,20.333333333333332
60,0.6,1.5,180,False,1.4461780105141644,425,0.3623529411764706,1.3454576720606424,0.12682821867962082,93.38352941176471,73.0,58,70.83333333333333,178,0.3651685393258427,1.3777413351746,0.13801162552238108,86.99438202247191,64.5,19,29.666666666666668,125,0.344,1.1988249266952158,0.07620227924755588,95.96,76.0,19,20.833333333333332,122,0.3770491803278688,1.4597644777809464,0.16238228434352903,100.06557377049181,80.5,19,20.333333333333332
10,0.3,1.0,180,False,1.3364916313137125,425,0.3458823529411765,1.7435714731365866,0.1459149667284502,30.95764705882353,21.0,58,70.83333333333333,178,0.33707865168539325,1.6501090638302647,0.12929135314377152,29.415730337078653,18.0,19,29.666666666666668,125,0.328,1.626984126984127,0.1264,30.96,22.0,19,20.833333333333332,122,0.3770491803278688,2.017543859649123,0.19016393442622953,33.204918032786885,23.5,19,20.333333333333332
40,1.0,2.0,180,False,1.269875994564944,425,0.36705882352941177,1.2612840288752636,0.12150466312417375,152.28,180.0,58,70.83333333333333,178,0.3595505617977528,1.2431742881325207,0.11713910992613512,149.72471910112358,180.0,19,29.666666666666668,125,0.36,1.2195730540410994,0.10397174312287144,151.92,180.0,19,20.833333333333332,122,0.38524590163934425,1.3375913519032805,0.14583813418494154,156.37704918032787,180.0,19,20.333333333333332
45,1.0,2.0,180,False,1.269875994564944,425,0.36705882352941177,1.2612840288752636,0.12150466312417375,152.63529411764705,180.0,58,70.83333333333333,178,0.3595505617977528,1.2431742881325207,0.11713910992613512,150.18539325842696,180.0,19,29.666666666666668,125,0.36,1.2195730540410994,0.10397174312287144,152.176,180.0,19,20.833333333333332,122,0.38524590163934425,1.3375913519032805,0.14583813418494154,156.68032786885246,180.0,19,20.333333333333332
35,0.3,1.5,180,False,1.1008264735151636,425,0.3058823529411765,2.0809267891867367,0.2247393427644587,57.51294117647059,39.0,58,70.83333333333333,178,0.3258426966292135,2.2617048370858397,0.2551762591859001,54.70224719101124,36.5,19,29.666666666666668,125,0.28,1.825693004893421,0.1783496890569789,56.632,39.0,19,20.833333333333332,122,0.30327868852459017,2.0960392932972733,0.22786176563674054,62.51639344262295,45.5,19,20.333333333333332
40,0.3,1.5,180,False,1.0377434042699365,425,0.3058823529411765,2.0729665831863313,0.22308430795294584,60.93176470588235,41.0,58,70.83333333333333,178,0.3202247191011236,2.201690747523147,0.2450638996353383,57.949438202247194,40.0,19,29.666666666666668,125,0.288,1.876041997649042,0.18712257069783533,60.784,42.0,19,20.833333333333332,122,0.30327868852459017,2.0960392932972733,0.22786176563674054,65.43442622950819,46.0,19,20.333333333333332
20,0.4,1.5,180,False,0.9447126389440124,425,0.3247058823529412,1.7132541091665505,0.19064942613339847,55.49176470588235,35.0,58,70.83333333333333,178,0.3258426966292135,1.748679218529279,0.19933672069242112,49.86516853932584,33.5,19,29.666666666666668,125,0.32,1.5977732124028268,0.16189139028446367,58.224,35.0,19,20.833333333333332,122,0.32786885245901637,1.7821924867900218,0.20743972162201169,60.90163934426229,41.0,19,20.333333333333332
45,0.5,2.0,180,False,0.9325656399250355,425,0.32235294117647056,1.6150854876065575,0.20288221550159619,84.73882352941176,60.0,58,70.83333333333333,178,0.3089887640449438,1.5762646382994876,0.19371128696486525,77.32584269662921,53.0,19,29.666666666666668,125,0.312,1.5423236806660947,0.182038106398824,85.336,61.0,19,20.833333333333332,122,0.3524590163934426,1.7551118697682624,0.2376194197424538,94.94262295081967,78.5,19,20.333333333333332
0,0.4,1.5,180,False,0.883934738217854,425,0.3247058823529412,1.7101152384545477,0.19015881288586178,50.792941176470585,34.0,58,70.83333333333333,178,0.3258426966292135,1.748679218529279,0.19933672069242112,45.157303370786515,30.0,19,29.666666666666668,125,0.312,1.53532295899316,0.14669139028446365,53.056,34.0,19,20.833333333333332,122,0.3360655737704918,1.8394401231004935,0.22130438858756016,56.69672131147541,38.0,19,20.333333333333332
25,0.5,2.0,180,False,0.8598272428479143,425,0.32235294117647056,1.6180855580158533,0.20387177052047184,75.86588235294117,52.0,58,70.83333333333333,178,0.3146067415730337,1.6303425116430907,0.21011893237510212,67.41573033707866,46.0,19,29.666666666666668,125,0.312,1.542323680666095,0.182038106398824,76.208,56.0,19,20.833333333333332,122,0.3442622950819672,1.6811217658088775,0.21712761646376524,87.84426229508196,73.5,19,20.333333333333332
40,0.8,0.5,180,False,0.5925225712222746,425,0.5623529411764706,0.8670177371708648,-0.04312654944654786,79.3529411764706,57.0,58,70.83333333333333,178,0.5168539325842697,0.71042476406925,-0.10533705118367527,80.87078651685393,57.5,19,29.666666666666668,125,0.56,0.8732629597771453,-0.04063652404477963,78.936,61.0,19,20.833333333333332,122,0.6311475409836066,1.1666941405993023,0.045088336897613164,77.56557377049181,53.5,19,20.333333333333332
40,0.8,2.0,180,False,0.5769679885509618,425,0.35764705882352943,1.2984020967454015,0.13231062936913907,122.14588235294117,123.0,58,70.83333333333333,178,0.34831460674157305,1.2822579631363817,0.1291442114669281,116.93258426966293,113.5,19,29.666666666666668,125,0.344,1.2268175722679853,0.10316508161662938,120.56,115.0,19,20.833333333333332,122,0.38524590163934425,1.4057807772468154,0.16679272654665758,131.37704918032787,146.5,19,20.333333333333332
45,0.8,2.0,180,False,0.5769679885509618,425,0.35764705882352943,1.2984020967454015,0.13231062936913907,122.68941176470588,123.0,58,70.83333333333333,178,0.34831460674157305,1.2822579631363817,0.1291442114669281,117.53932584269663,113.5,19,29.666666666666668,125,0.344,1.2268175722679853,0.10316508161662938,121.144,115.0,19,20.833333333333332,122,0.38524590163934425,1.4057807772468154,0.16679272654665758,131.78688524590163,146.5,19,20.333333333333332
60,0.6,2.0,180,False,0.32600826423926677,425,0.3388235294117647,1.428380980606208,0.16245362295087892,100.75764705882352,79.0,58,70.83333333333333,178,0.33146067415730335,1.4461690311312754,0.17060299456529512,93.82584269662921,68.0,19,29.666666666666668,125,0.328,1.3467790213322977,0.13543912705954206,101.28,83.0,19,20.833333333333332,122,0.36065573770491804,1.4909961642450138,0.17824234294310048,110.3360655737705,95.0,19,20.333333333333332
35,1.0,0.5,180,False,0.3228262639815229,425,0.5811764705882353,0.8612933590355941,-0.04667077602019861,103.16,67.0,58,70.83333333333333,178,0.5337078651685393,0.6993941889647053,-0.11388760374490906,108.84831460674157,103.5,19,29.666666666666668,125,0.592,0.9129224424396544,-0.028233457564020802,101.824,67.0,19,20.833333333333332,122,0.639344262295082,1.113207361558349,0.03250898240583612,96.22950819672131,54.5,19,20.333333333333332
60,0.8,0.75,180,False,-0.013787548038958874,425,0.4776470588235294,0.9344984321793661,-0.02462525653828736,101.24235294117648,81.0,58,70.83333333333333,178,0.449438202247191,0.8204279091630235,-0.07253377324380904,99.91573033707866,80.5,19,29.666666666666668,125,0.48,0.9537201070814983,-0.017309996282852524,100.296,81.0,19,20.833333333333332,122,0.5163934426229508,1.1120707370663216,0.03777891101624953,104.14754098360656,85.0,19,20.333333333333332
40,0.5,2.0,180,False,-0.7140574063213969,425,0.32,1.595129065334855,0.1969998625604197,82.74117647058823,59.0,58,70.83333333333333,178,0.3089887640449438,1.5762646382994876,0.19371128696486525,75.32022471910112,51.5,19,29.666666666666668,125,0.304,1.4770552200148455,0.162038106398824,82.936,60.0,19,20.833333333333332,122,0.3524590163934426,1.7551118697682624,0.2376194197424538,93.3688524590164,78.5,19,20.333333333333332
30,0.5,2.0,180,False,-0.7869024280831516,425,0.32,1.598118473275687,0.1979894175792954,77.69411764705882,55.0,58,70.83333333333333,178,0.3146067415730337,1.6303425116430907,0.21011893237510212,69.71910112359551,49.5,19,29.666666666666668,125,0.304,1.4770552200148455,0.162038106398824,77.96,58.0,19,20.833333333333332,122,0.3442622950819672,1.6811217658088775,0.21712761646376524,89.05737704918033,74.5,19,20.333333333333332
35,0.5,2.0,180,False,-0.7869024280831516,425,0.32,1.598118473275687,0.1979894175792954,79.46588235294118,55.0,58,70.83333333333333,178,0.3146067415730337,1.6303425116430907,0.21011893237510212,71.83707865168539,50.5,19,29.666666666666668,125,0.304,1.4770552200148455,0.162038106398824,79.984,59.0,19,20.833333333333332,122,0.3442622950819672,1.6811217658088775,0.21712761646376524,90.06557377049181,74.5,19,20.333333333333332
45,0.8,0.5,180,False,-0.9719720555921221,425,0.5576470588235294,0.8510230741305286,-0.048809807318420315,81.95764705882353,59.0,58,70.83333333333333,178,0.5056179775280899,0.680113984077327,-0.118906627563146,83.75842696629213,58.0,19,29.666666666666668,125,0.56,0.8732629597771453,-0.04063652404477963,81.192,63.0,19,20.833333333333332,122,0.6311475409836066,1.1666941405993023,0.045088336897613164,80.11475409836065,56.0,19,20.333333333333332
60,0.5,2.0,180,False,-1.0250783790968319,425,0.32,1.5936922244695904,0.1960502829497683,93.82588235294118,68.0,58,70.83333333333333,178,0.3146067415730337,1.6107347887194725,0.20358287661031138,86.81460674157303,61.0,19,29.666666666666668,125,0.304,1.4770552200148452,0.16203810639882402,94.56,73.0,19,20.833333333333332,122,0.3442622950819672,1.695916937435188,0.2199086468619926,103.30327868852459,85.0,19,20.333333333333332
60,0.5,0.5,180,False,-3.1346877090381247,425,0.4752941176470588,0.9149043715605857,-0.022080706044005072,69.08470588235294,60.0,58,70.83333333333333,178,0.43258426966292135,0.7674450488338218,-0.065363424219354,65.78089887640449,60.0,19,29.666666666666668,125,0.472,0.9104720955321092,-0.02320618672236627,70.904,60.0,19,20.833333333333332,122,0.5409836065573771,1.1849686844170042,0.042222645759333086,72.04098360655738,60.0,19,20.333333333333332
25,0.4,2.0,180,False,-3.175389106562386,425,0.2988235294117647,1.81169920733578,0.22536680612415086,66.96470588235294,45.0,58,70.83333333333333,178,0.29775280898876405,1.8370291879484317,0.23226482608716498,60.91011235955056,39.0,19,29.666666666666668,125,0.288,1.706792849802412,0.2004634835839704,67.4,45.0,19,20.833333333333332,122,0.3114754098360656,1.886141923761325,0.24081818123977417,75.35245901639344,52.0,19,20.333333333333332
30,0.4,2.0,180,False,-3.2627960815875006,425,0.2988235294117647,1.8154398797373905,0.22593889385283986,69.96941176470588,46.0,58,70.83333333333333,178,0.30337078651685395,1.9022905196212445,0.24711391195622578,64.1067415730337,41.0,19,29.666666666666668,125,0.28,1.6319674171913117,0.1812634835839704,70.016,48.0,19,20.833333333333332,122,0.3114754098360656,1.886141923761325,0.24081818123977417,78.47540983606558,57.5,19,20.333333333333332
35,0.4,2.0,180,False,-3.2627960815875006,425,0.2988235294117647,1.8154398797373905,0.22593889385283986,72.04705882352941,47.0,58,70.83333333333333,178,0.30337078651685395,1.9022905196212445,0.24711391195622578,66.48876404494382,43.5,19,29.666666666666668,125,0.28,1.6319674171913117,0.1812634835839704,71.936,49.0,19,20.833333333333332,122,0.3114754098360656,1.886141923761325,0.24081818123977417,80.27049180327869,58.5,19,20.333333333333332
60,1.0,0.75,180,False,-3.4911208648377974,425,0.48470588235294115,0.8929782751349951,-0.04257504857859646,129.4470588235294,180.0,58,70.83333333333333,178,0.4606741573033708,0.7892854353946496,-0.0898438282748929,130.64606741573033,180.0,19,29.666666666666668,125,0.488,0.9163626222804048,-0.03310569307661931,129.36,180.0,19,20.833333333333332,122,0.5163934426229508,1.0465917862988248,0.01668866739020367,127.78688524590164,180.0,19,20.333333333333332
40,1.0,0.5,180,False,-4.196070292120817,425,0.5694117647058824,0.8245774099356966,-0.060401394934719285,106.94823529411765,78.0,58,70.83333333333333,178,0.5280898876404494,0.6827471133959148,-0.12181990535731438,111.56741573033707,104.0,19,29.666666666666668,125,0.568,0.8332568863210442,-0.056831266638435025,107.064,79.0,19,20.833333333333332,122,0.6311475409836066,1.0881011056801708,0.025551300296316744,100.09016393442623,60.0,19,20.333333333333332
30,0.3,1.5,180,False,-4.431245248870015,425,0.2964705882352941,1.9860540518457748,0.2077981662938704,53.731764705882355,36.0,58,70.83333333333333,178,0.3089887640449438,2.0845900849617953,0.22483918053421473,50.73033707865169,32.0,19,29.666666666666668,125,0.272,1.7506853894550318,0.16394968905697885,52.768,36.0,19,20.833333333333332,122,0.30327868852459017,2.0960392932972733,0.22786176563674054,59.09836065573771,41.5,19,20.333333333333332
60,1.0,1.5,180,False,-4.6103826478210985,425,0.38823529411764707,1.152504120343449,0.06918514112986957,147.13411764705882,180.0,58,70.83333333333333,178,0.398876404494382,1.1750740326281137,0.08075547639924886,144.62359550561797,180.0,19,29.666666666666668,125,0.368,1.032515456219529,0.01533486787755646,149.408,180.0,19,20.833333333333332,122,0.39344262295081966,1.253386155819972,0.1074782925937189,148.4672131147541,180.0,19,20.333333333333332
40,0.4,2.0,180,False,-4.86957603494019,425,0.2964705882352941,1.788808128576336,0.21930228001043478,75.58588235294117,50.0,58,70.83333333333333,178,0.29775280898876405,1.8375600044899696,0.23126806429879793,70.57303370786516,46.0,19,29.666666666666668,125,0.28,1.6319674171913117,0.1812634835839704,75.128,51.0,19,20.833333333333332,122,0.3114754098360656,1.886141923761325,0.24081818123977417,83.3688524590164,63.0,19,20.333333333333332
60,0.5,1.0,180,False,-5.549740279818442,425,0.3764705882352941,1.1991831419162864,0.060605907818172676,79.67529411764706,60.0,58,70.83333333333333,178,0.3651685393258427,1.14926371266802,0.04626991891808868,75.0505617977528,60.0,19,29.666666666666668,125,0.368,1.143416240394323,0.04449068352118574,81.752,62.0,19,20.833333333333332,122,0.4016393442622951,1.3382359345321593,0.09803385094389663,84.29508196721312,64.0,19,20.333333333333332
60,0.8,1.5,180,False,-5.5978697942583615,425,0.3764705882352941,1.1812277802940674,0.0786588997165209,118.07529411764706,109.0,58,70.83333333333333,178,0.38202247191011235,1.1963663945326628,0.08677075628395514,113.3314606741573,102.5,19,29.666666666666668,125,0.352,1.0409067814709467,0.018528206371314453,118.928,110.0,19,20.833333333333332,122,0.39344262295081966,1.3185233687731706,0.128432884955435,124.12295081967213,123.0,19,20.333333333333332
45,1.0,0.5,180,False,-5.762715844266787,425,0.5647058823529412,0.8092455814759716,-0.0663701782489628,109.53176470588235,82.0,58,70.83333333333333,178,0.5168539325842697,0.6534249970589626,-0.136071213832334,114.70786516853933,118.5,19,29.666666666666668,125,0.568,0.8332568863210442,-0.056831266638435025,108.992,81.0,19,20.833333333333332,122,0.6311475409836066,1.0881011056801708,0.025551300296316744,102.5327868852459,64.5,19,20.333333333333332
60,1.0,2.0,180,False,-5.886552174413996,425,0.36,1.217394766173514,0.10167826814362281,155.38823529411764,180.0,58,70.83333333333333,178,0.3595505617977528,1.2281795040686132,0.10991599570517958,152.42696629213484,180.0,19,29.666666666666668,125,0.344,1.1376993433051774,0.06602231803827013,155.936,180.0,19,20.833333333333332,122,0.3770491803278688,1.289930828573654,0.12619202435027835,159.14754098360655,180.0,19,20.333333333333332
25,0.3,1.5,180,False,-7.116471910833065,425,0.2917647058823529,1.9395646926174945,0.19932757805857632,49.948235294117644,32.0,58,70.83333333333333,178,0.29775280898876405,1.971236643602407,0.20461446143309112,46.91573033707865,28.0,19,29.666666666666668,125,0.28,1.825693004893421,0.17834968905697887,48.68,33.0,19,20.833333333333332,122,0.29508196721311475,2.013087581555237,0.21310766727608482,55.67213114754098,36.5,19,20.333333333333332
35,0.3,2.0,180,False,-7.2201809747326715,425,0.27058823529411763,2.151889053075072,0.2513018835171054,63.96941176470588,41.0,58,70.83333333333333,178,0.28651685393258425,2.285116360137643,0.2740392430052794,62.13483146067416,38.5,19,29.666666666666668,125,0.248,1.9819227924424463,0.22152178197501593,60.752,41.0,19,20.833333333333332,122,0.27049180327868855,2.1419564619199876,0.24864010240125473,69.94262295081967,46.0,19,20.333333333333332
40,0.3,2.0,180,False,-7.595409975580662,425,0.27058823529411763,2.134374509985499,0.24748082309848168,68.24705882352941,44.0,58,70.83333333333333,178,0.2808988764044944,2.2039258084142084,0.25875519310066053,66.02247191011236,41.0,19,29.666666666666668,125,0.256,2.031786127311256,0.23029466361587236,65.848,45.0,19,20.833333333333332,122,0.27049180327868855,2.1419564619199876,0.24864010240125473,73.95081967213115,50.0,19,20.333333333333332
15,0.4,2.0,180,False,-7.6713787009703625,425,0.2917647058823529,1.7504403255243268,0.21047727952446832,61.87294117647059,41.0,58,70.83333333333333,178,0.29213483146067415,1.79961687357153,0.22368028223960837,55.96629213483146,35.5,19,29.666666666666668,125,0.272,1.5587931672720938,0.1620634835839704,62.04,43.0,19,20.833333333333332,122,0.3114754098360656,1.886141923761325,0.24081818123977417,70.31967213114754,50.5,19,20.333333333333332
60,0.8,2.0,180,False,-8.029019395665458,425,0.34823529411764703,1.2431477765990753,0.10892120928583535,126.18823529411765,127.0,58,70.83333333333333,178,0.34269662921348315,1.245466491555073,0.11341387438827638,120.79775280898876,114.5,19,29.666666666666668,125,0.328,1.1415311239723793,0.06521565653202807,125.456,120.0,19,20.833333333333332,122,0.3770491803278688,1.3551742688281618,0.14714661671199442,134.80327868852459,148.5,19,20.333333333333332
60,0.6,1.0,180,False,-8.694170486490428,425,0.3976470588235294,1.088415307088197,0.03080417741138587,85.73176470588236,65.0,58,70.83333333333333,178,0.38764044943820225,1.0550868334392474,0.019507579758589078,81.19662921348315,61.0,19,29.666666666666668,125,0.392,1.0481046560453104,0.017140683726076696,87.192,70.0,19,20.833333333333332,122,0.4180327868852459,1.184626215724139,0.061285579811889736,90.85245901639344,69.5,19,20.333333333333332
10,0.4,2.0,180,False,-9.3206744497063,425,0.28941176470588237,1.727863691827203,0.2048302207009389,60.43764705882353,41.0,58,70.83333333333333,178,0.29213483146067415,1.79961687357153,0.22368028223960837,54.71348314606742,35.5,19,29.666666666666668,125,0.264,1.487216041207098,0.14286348358397039,59.808,41.0,19,20.833333333333332,122,0.3114754098360656,1.886141923761325,0.24081818123977417,69.43442622950819,50.5,19,20.333333333333332
0,0.4,2.0,180,False,-10.25341028288188,425,0.28705882352941176,1.718456494199,0.2032115927070199,58.28470588235294,39.0,58,70.83333333333333,178,0.28651685393258425,1.761538572132284,0.21473979712086788,52.556179775280896,35.0,19,29.666666666666668,125,0.264,1.487216041207098,0.14286348358397039,58.856,41.0,19,20.833333333333332,122,0.3114754098360656,1.9076841629769656,0.24822383249977625,66.05737704918033,46.5,19,20.333333333333332
20,0.4,2.0,180,False,-10.806114754733208,425,0.28705882352941176,1.7054375684247265,0.1991831618774095,63.57176470588235,41.0,58,70.83333333333333,178,0.28651685393258425,1.7454287891348266,0.21019713617219266,57.63483146067416,37.0,19,29.666666666666668,125,0.272,1.5587931672720936,0.1620634835839704,64.512,44.0,19,20.833333333333332,122,0.30327868852459017,1.804053504573885,0.22114605009223318,71.27049180327869,50.5,19,20.333333333333332
60,0.6,0.5,180,False,-11.350775561786662,425,0.4894117647058824,0.8104597526105,-0.05717107811081683,73.44235294117647,60.0,58,70.83333333333333,178,0.449438202247191,0.6860977861797393,-0.10254360552432555,70.41573033707866,60.0,19,29.666666666666668,125,0.488,0.8119633161984928,-0.05650618683412498,75.144,60.0,19,20.833333333333332,122,0.5491803278688525,1.0313508155393656,0.008346942135232963,76.11475409836065,61.5,19,20.333333333333332
15,0.3,1.5,180,False,-14.806410077947536,425,0.2776470588235294,1.830162071906521,0.17963391737740694,42.53176470588235,26.0,58,70.83333333333333,178,0.2808988764044944,1.845693885676628,0.18244182702237358,38.58426966292135,23.0,19,29.666666666666668,125,0.264,1.712704140135257,0.1573650741418647,41.776,28.0,19,20.833333333333332,122,0.28688524590163933,1.9320528485295978,0.19835356891542907,49.0655737704918,31.0,19,20.333333333333332
30,0.3,2.0,180,False,-14.896019722520641,425,0.25882352941176473,2.0114961895322305,0.22424305998769362,60.88470588235294,38.0,58,70.83333333333333,178,0.2640449438202247,2.010780295211637,0.22235384974685243,58.19101123595506,33.0,19,29.666666666666668,125,0.24,1.8908850086623503,0.2031217819750159,57.944,39.0,19,20.833333333333332,122,0.27049180327868855,2.1419564619199876,0.24864010240125473,67.82786885245902,46.0,19,20.333333333333332
20,0.3,0.5,180,False,-15.761437677081302,425,0.49176470588235294,1.6126543209876547,0.09341176470588236,26.054117647058824,20.0,58,70.83333333333333,178,0.46629213483146065,1.456140350877193,0.07303370786516855,25.0,20.0,19,29.666666666666668,125,0.48,1.5384615384615385,0.08399999999999999,26.432,21.0,19,20.833333333333332,122,0.5409836065573771,1.9642857142857142,0.13278688524590163,27.204918032786885,21.0,19,20.333333333333332
20,0.3,1.5,180,False,-16.109155572232957,425,0.2752941176470588,1.8079533562898602,0.17539862325975988,45.44,28.0,58,70.83333333333333,178,0.2752808988764045,1.792626491214018,0.1723294674718118,42.39325842696629,25.5,19,29.666666666666668,125,0.256,1.6405245257252004,0.1429650741418647,43.896,30.0,19,20.833333333333332,122,0.29508196721311475,2.013087581555237,0.21310766727608482,51.467213114754095,33.0,19,20.333333333333332
60,0.8,1.0,180,False,-16.783680707460285,425,0.41411764705882353,0.958792780257756,-0.01700554062261451,109.64235294117647,92.0,58,70.83333333333333,178,0.4044943820224719,0.9083626846144781,-0.03939292224597984,107.28651685393258,91.0,19,29.666666666666668,125,0.408,0.9318429512358047,-0.028486063113501266,109.36,96.0,19,20.833333333333332,122,0.4344262295081967,1.071744334272789,0.027420846593122123,113.3688524590164,95.0,19,20.333333333333332
60,0.8,0.5,180,False,-17.056003414161296,425,0.5176470588235295,0.729630267121181,-0.09581750791068303,94.29176470588236,73.0,58,70.83333333333333,178,0.47752808988764045,0.6089051796365479,-0.15297789667769418,94.24157303370787,70.0,19,29.666666666666668,125,0.52,0.7506804951286102,-0.08635241182795839,93.336,71.0,19,20.833333333333332,122,0.5737704918032787,0.9284232426081672,-0.022117407991114172,95.34426229508196,78.5,19,20.333333333333332
0,0.5,0.5,180,False,-17.679983211227338,425,0.6305882352941177,1.7172915059535525,0.13169446869171916,25.136470588235294,18.0,58,70.83333333333333,178,0.5842696629213483,1.4234933582436502,0.08691095052798113,23.702247191011235,17.5,19,29.666666666666668,125,0.648,1.8409090909090908,0.148,24.88,18.0,19,20.833333333333332,122,0.680327868852459,2.128205128205128,0.18032786885245902,27.491803278688526,19.5,19,20.333333333333332
60,1.0,1.0,180,False,-19.126811454343176,425,0.4211764705882353,0.9202102400685686,-0.034750249555970364,138.18588235294118,180.0,58,70.83333333333333,178,0.4157303370786517,0.8749891222898785,-0.056724413752427184,138.2808988764045,180.0,19,29.666666666666668,125,0.416,0.900266902158784,-0.04403144548049417,138.864,180.0,19,20.833333333333332,122,0.4344262295081967,1.0169309408708842,0.006819838292675427,137.35245901639345,180.0,19,20.333333333333332
25,0.3,2.0,180,False,-19.817442075826488,425,0.25176470588235295,1.926486856235807,0.20767097225900463,56.663529411764706,35.0,58,70.83333333333333,178,0.25842696629213485,1.9377739386425987,0.20862835938340954,53.95505617977528,30.0,19,29.666666666666668,125,0.232,1.8017438453776735,0.18472178197501588,53.72,35.0,19,20.833333333333332,122,0.26229508196721313,2.043584692660286,0.22978764338486127,63.631147540983605,41.5,19,20.333333333333332
60,1.0,0.5,180,False,-21.167035534680814,425,0.5247058823529411,0.6941949094984149,-0.11511533814880355,122.21411764705883,115.0,58,70.83333333333333,178,0.4887640449438202,0.5848871202043839,-0.1716924460908005,124.97191011235955,164.0,19,29.666666666666668,125,0.528,0.716217672212335,-0.10460302425172863,121.52,104.0,19,20.833333333333332,122,0.5737704918032787,0.8687582914309642,-0.04333922358699133,118.90163934426229,97.5,19,20.333333333333332
10,0.3,1.5,180,False,-23.46736049867931,425,0.2635294117647059,1.6990415132719587,0.15422215267152456,40.588235294117645,25.0,58,70.83333333333333,178,0.2696629213483146,1.7403755182046796,0.16221710792125002,36.81460674157304,21.5,19,29.666666666666668,125,0.24,1.5007240093941434,0.11416507414186472,40.208,27.0,19,20.833333333333332,122,0.2786885245901639,1.8528694024328691,0.18359947055477338,46.48360655737705,29.0,19,20.333333333333332
15,0.3,2.0,180,False,-25.326207066895094,425,0.24235294117647058,1.8439382314352626,0.19155067656664146,49.32235294117647,29.0,58,70.83333333333333,178,0.24719101123595505,1.8310397802333789,0.1876842649740552,45.949438202247194,25.5,19,29.666666666666668,125,0.216,1.6791546218533238,0.1597371670599017,46.744,32.0,19,20.833333333333332,122,0.26229508196721313,2.043584692660286,0.2297876433848613,56.885245901639344,35.0,19,20.333333333333332
20,0.3,2.0,180,False,-28.470270640155196,425,0.2376470588235294,1.7913296269182415,0.18072714715487678,52.24,31.0,58,70.83333333333333,178,0.24157303370786518,1.768093806552638,0.17476291665944846,49.02808988764045,27.0,19,29.666666666666668,125,0.208,1.5948533967167582,0.1413371670599017,49.32,33.0,19,20.833333333333332,122,0.26229508196721313,2.043584692660286,0.22978764338486127,59.91803278688525,37.0,19,20.333333333333332
10,0.3,2.0,180,False,-34.940818556767496,425,0.22823529411764706,1.6880398011807536,0.15908008833134732,47.296470588235294,28.0,58,70.83333333333333,178,0.23595505617977527,1.7060735089554373,0.16184156834484173,44.09550561797753,23.0,19,29.666666666666668,125,0.192,1.4312589400160962,0.10453716705990172,44.888,31.0,19,20.833333333333332,122,0.2540983606557377,1.9473858234860268,0.21093518436846787,54.4344262295082,32.5,19,20.333333333333332
0,0.3,1.0,180,False,-35.13818026170208,425,0.32,1.5503328818868667,0.11226790790492079,28.061176470588236,18.0,58,70.83333333333333,178,0.3089887640449438,1.4475301045959714,0.09277449921118724,26.46629213483146,16.0,19,29.666666666666668,125,0.312,1.5116279069767442,0.1056,28.56,21.0,19,20.833333333333332,122,0.3442622950819672,1.7500000000000002,0.14754098360655737,29.87704918032787,22.5,19,20.333333333333332
0,0.3,1.5,180,False,-36.214520474644885,425,0.24235294117647058,1.5115358133144412,0.11610450561270107,37.305882352941175,22.0,58,70.83333333333333,178,0.24719101123595505,1.5391702788552861,0.12176766971900284,33.640449438202246,20.5,19,29.666666666666668,125,0.224,1.3666884628086975,0.08536507414186471,37.92,26.0,19,20.833333333333332,122,0.2540983606557377,1.625813399138426,0.13933717547280614,42.02459016393443,25.0,19,20.333333333333332
10,0.3,0.75,180,False,-39.34807660891296,425,0.4047058823529412,1.699604743083004,0.12494117647058824,25.654117647058822,18.0,58,70.83333333333333,178,0.398876404494382,1.6588785046728975,0.11882022471910111,23.629213483146067,16.0,19,29.666666666666668,125,0.392,1.6118421052631577,0.11159999999999999,26.584,20.0,19,20.833333333333332,122,0.4262295081967213,1.8571428571428568,0.14754098360655737,27.65573770491803,20.5,19,20.333333333333332
10,0.4,0.5,180,False,-42.97232446590061,425,0.5811764705882353,1.7436151367624309,0.12392976280936623,23.67058823529412,17.0,58,70.83333333333333,178,0.5561797752808989,1.5850219812916688,0.10264128760663283,22.786516853932586,17.0,19,29.666666666666668,125,0.576,1.6981132075471705,0.11839999999999999,23.512,18.0,19,20.833333333333332,122,0.6229508196721312,2.065217391304349,0.16065573770491803,25.12295081967213,19.0,19,20.333333333333332
0,0.3,2.0,180,False,-47.74154354502776,425,0.20705882352941177,1.5050358039324168,0.11997662087865883,41.976470588235294,24.0,58,70.83333333333333,178,0.21348314606741572,1.4927183444506575,0.11625938464566081,38.50561797752809,21.0,19,29.666666666666668,125,0.176,1.3032567724185466,0.07496507414186472,41.392,28.0,19,20.833333333333332,122,0.22950819672131148,1.7456459144338787,0.1715185175308959,47.63934426229508,28.0,19,20.333333333333332
15,0.3,0.5,180,False,-63.3525864519547,425,0.5105882352941177,1.7387820512820518,0.10847058823529411,22.51764705882353,16.0,58,70.83333333333333,178,0.4887640449438202,1.5934065934065935,0.0910112359550562,21.179775280898877,16.0,19,29.666666666666668,125,0.504,1.6935483870967738,0.10319999999999999,23.128,17.0,19,20.833333333333332,122,0.5491803278688525,2.03030303030303,0.13934426229508196,23.84426229508197,17.5,19,20.333333333333332
0,0.4,0.5,180,False,-83.7409786760992,425,0.5882352941176471,1.7952070635370951,0.1302827039858368,20.891764705882352,16.0,58,70.83333333333333,178,0.550561797752809,1.54916949499727,0.09758510783135194,20.174157303370787,15.0,19,29.666666666666668,125,0.608,1.9387755102040818,0.14720000000000005,20.536,15.0,19,20.833333333333332,122,0.6229508196721312,2.065217391304349,0.16065573770491803,22.30327868852459,16.5,19,20.333333333333332
0,0.3,0.75,180,False,-98.48881762203929,425,0.3811764705882353,1.5399239543726237,0.10023529411764708,22.545882352941177,16.0,58,70.83333333333333,178,0.3707865168539326,1.473214285714286,0.08932584269662923,20.808988764044944,14.0,19,29.666666666666668,125,0.376,1.5064102564102562,0.0948,23.896,18.0,19,20.833333333333332,122,0.4016393442622951,1.678082191780822,0.12172131147540982,23.69672131147541,16.0,19,20.333333333333332
10,0.3,0.5,180,False,-115.65946504051365,425,0.5058823529411764,1.7063492063492067,0.10470588235294116,19.127058823529413,15.0,58,70.83333333333333,178,0.4943820224719101,1.6296296296296298,0.09550561797752809,18.129213483146067,14.5,19,29.666666666666668,125,0.496,1.6402116402116398,0.09679999999999998,18.968,15.0,19,20.833333333333332,122,0.5327868852459017,1.9005847953216373,0.1262295081967213,20.74590163934426,14.5,19,20.333333333333332
0,0.3,0.5,180,False,-182.39294570489238,425,0.4894117647058824,1.5975422427035335,0.09152941176470587,15.098823529411765,11.0,58,70.83333333333333,178,0.4606741573033708,1.4236111111111114,0.06853932584269662,14.634831460674157,10.5,19,29.666666666666668,125,0.512,1.7486338797814203,0.10959999999999999,14.92,11.0,19,20.833333333333332,122,0.5081967213114754,1.7222222222222219,0.10655737704918031,15.959016393442623,10.5,19,20.333333333333332
