ticker,trade_date,path,size_bytes,sha256,audit_rows_read,model_rows_used,original_invalid_open_rows,audit_first_clock,model_first_clock,last_clock
QQQ,20230103,D:\ThetaData\data_underlying_derived\QQQ\2023\01\QQQ_20230103.parquet,13075,4945926239a47c2f2c080dea4338c662860c126eb0a550866cda888bb8fb578b,66,36,0,09:30:00,10:00:00,10:35:00
QQQ,20230104,D:\ThetaData\data_underlying_derived\QQQ\2023\01\QQQ_20230104.parquet,13256,7d176aa1366a152bbdc6901c858cb2b382b5d17b6d9e99f26ebc2fb8c27ce0e9,66,36,0,09:30:00,10:00:00,10:35:00
QQQ,20230105,D:\ThetaData\data_underlying_derived\QQQ\2023\01\QQQ_20230105.parquet,12058,c415faa04fa906a5fb4311b7a4749a702db5b8a64eee912900d5bb87b9bba9c4,66,36,0,09:30:00,10:00:00,10:35:00
QQQ,20230106,D:\ThetaData\data_underlying_derived\QQQ\2023\01\QQQ_20230106.parquet,13958,ae382491029d9eea18012e6cd96aaafde6894fe14e4360d979b82409d6b2d2a7,66,36,0,09:30:00,10:00:00,10:35:00
QQQ,20230109,D:\ThetaData\data_underlying_derived\QQQ\2023\01\QQQ_20230109.parquet,13195,8b6a84ed1ea1b208b4357f7efda6d530a9452be1c04d76c58fa56a106d69040a,66,36,0,09:30:00,10:00:00,10:35:00
QQQ,20230110,D:\ThetaData\data_underlying_derived\QQQ\2023\01\QQQ_20230110.parquet,12654,b730c4e89aae9d88cb97bf21795f2a4dfe81570ac67c04fc209d702588c50391,66,36,0,09:30:00,10:00:00,10:35:00
QQQ,20230111,D:\ThetaData\data_underlying_derived\QQQ\2023\01\QQQ_20230111.parquet,12777,1b1b1821df316deb7943215a5e6ad1f62bd25cc959519e6e9d6362dca799c43a,66,36,0,09:30:00,10:00:00,10:35:00
QQQ,20230112,D:\ThetaData\data_underlying_derived\QQQ\2023\01\QQQ_20230112.parquet,13184,47f9a75c6202fbd711b876b5333f7c7d9e7ada27094a0b3020121c53d24ef6cd,66,36,0,09:30:00,10:00:00,10:35:00
QQQ,20230113,D:\ThetaData\data_underlying_derived\QQQ\2023\01\QQQ_20230113.parquet,12997,ada9905d28001100d0fe0d82b9b9f289224fcead73823e489d721beb54398934,66,36,0,09:30:00,10:00:00,10:35:00
QQQ,20230117,D:\ThetaData\data_underlying_derived\QQQ\2023\01\QQQ_20230117.parquet,12059,4abddc3ac3e63779c72bad0e582cccb087c06b42c9313605af0743f0dd3da82f,66,36,0,09:30:00,10:00:00,10:35:00
QQQ,20230118,D:\ThetaData\data_underlying_derived\QQQ\2023\01\QQQ_20230118.parquet,13113,db108110dbfc266159ebcd4767f9fd1770069189f0ac85960d2f4a959408363e,66,36,0,09:30:00,10:00:00,10:35:00
QQQ,20230119,D:\ThetaData\data_underlying_derived\QQQ\2023\01\QQQ_20230119.parquet,12825,cd6cc54f4d474270e9a1d206632e63416dcf77b3cb0caeae49d25bbb2fc74386,66,36,0,09:30:00,10:00:00,10:35:00
QQQ,20230120,D:\ThetaData\data_underlying_derived\QQQ\2023\01\QQQ_20230120.parquet,13586,3f49f69b4884ab8625f236e62b731b7f724582b2fe9f95cd8b0747392dc20dc3,66,36,0,09:30:00,10:00:00,10:35:00
QQQ,20230123,D:\ThetaData\data_underlying_derived\QQQ\2023\01\QQQ_20230123.parquet,13247,5ad9a4fb9c05a9d072c59aececc13f34076f688ea0a8a4eaaade3e3920cdc0ff,66,36,0,09:30:00,10:00:00,10:35:00
QQQ,20230124,D:\ThetaData\data_underlying_derived\QQQ\2023\01\QQQ_20230124.parquet,11859,3d245bcd1871af39e168673697a55c9074e5cf3cf09bc96c2859ebc94d32ff6b,66,36,0,09:30:00,10:00:00,10:35:00
QQQ,20230125,D:\ThetaData\data_underlying_derived\QQQ\2023\01\QQQ_20230125.parquet,14026,f9e1b8cbc641463902e9a39f0d5c48bd403ee550d80ef33d6a902e0fbc381f69,66,36,0,09:30:00,10:00:00,10:35:00
QQQ,20230126,D:\ThetaData\data_underlying_derived\QQQ\2023\01\QQQ_20230126.parquet,13338,3157bff7030790cd0d3f8c9691bcb2ffbc5323f5fd315dfacc593f6ca8c88e4c,66,36,0,09:30:00,10:00:00,10:35:00
QQQ,20230127,D:\ThetaData\data_underlying_derived\QQQ\2023\01\QQQ_20230127.parquet,13899,97f5072184feb565e415f0046caaaf7dc43bda227c4311492e0b449512e5b0e3,66,36,0,09:30:00,10:00:00,10:35:00
QQQ,20230130,D:\ThetaData\data_underlying_derived\QQQ\2023\01\QQQ_20230130.parquet,12997,40fdfc552ef294507c7f4afad03a024ddcaded63c614aa2ea15abb969132567c,66,36,0,09:30:00,10:00:00,10:35:00
QQQ,20230131,D:\ThetaData\data_underlying_derived\QQQ\2023\01\QQQ_20230131.parquet,12398,d469e28c98af4047e27d17d60c3caf43ef353c705c6fbfb72469c6634aa9236e,66,36,0,09:30:00,10:00:00,10:35:00
QQQ,20230201,D:\ThetaData\data_underlying_derived\QQQ\2023\02\QQQ_20230201.parquet,12943,e89063b8b8c118f8e60373ad5483e62f08bffc490002e06270a522b466a0dfd2,66,36,0,09:30:00,10:00:00,10:35:00
QQQ,20230202,D:\ThetaData\data_underlying_derived\QQQ\2023\02\QQQ_20230202.parquet,13624,b84a537c50380f9b4799833b80eb4fd100a7083f97ca7af20ce1683374302bcc,66,36,0,09:30:00,10:00:00,10:35:00
QQQ,20230203,D:\ThetaData\data_underlying_derived\QQQ\2023\02\QQQ_20230203.parquet,13961,76146ad42fa4ac45dac2bfb456c7a78c0acbb3c77b6f1b11879c82f9dfe85976,66,36,0,09:30:00,10:00:00,10:35:00
QQQ,20230206,D:\ThetaData\data_underlying_derived\QQQ\2023\02\QQQ_20230206.parquet,12646,9d36f678c6df2db5cb2d61da100ec5935c6d0001bc7dee24441fc1e78b4bf9de,66,36,0,09:30:00,10:00:00,10:35:00
QQQ,20230207,D:\ThetaData\data_underlying_derived\QQQ\2023\02\QQQ_20230207.parquet,14094,947f2e64050df30ec89719c129e7d7a458e5b7a3415a08be137600aeee41d76f,66,36,0,09:30:00,10:00:00,10:35:00
QQQ,20230208,D:\ThetaData\data_underlying_derived\QQQ\2023\02\QQQ_20230208.parquet,13128,3818702faf694a5d0c9956a0e6387e7712b06700564520d6cc9cb95269fe17a0,66,36,0,09:30:00,10:00:00,10:35:00
QQQ,20230209,D:\ThetaData\data_underlying_derived\QQQ\2023\02\QQQ_20230209.parquet,14485,85b47049f439d2a95e818e0b9d86d9684453b89699211578512677bba07b4806,66,36,0,09:30:00,10:00:00,10:35:00
QQQ,20230210,D:\ThetaData\data_underlying_derived\QQQ\2023\02\QQQ_20230210.parquet,12776,08de4c859e64a8ba9371c87f55a57caf47776befdee897f94cbc7d2880821f49,66,36,0,09:30:00,10:00:00,10:35:00
QQQ,20230213,D:\ThetaData\data_underlying_derived\QQQ\2023\02\QQQ_20230213.parquet,12822,af96a5aab75f74948b4ce9e872390bc0684dd3e4212584501f8d2ae60f8af3b5,66,36,0,09:30:00,10:00:00,10:35:00
QQQ,20230214,D:\ThetaData\data_underlying_derived\QQQ\2023\02\QQQ_20230214.parquet,13876,8329d78770af562748d68b193e9b286921e1bfca5c1c0f97f8526b3b33f90ae5,66,36,0,09:30:00,10:00:00,10:35:00
QQQ,20230215,D:\ThetaData\data_underlying_derived\QQQ\2023\02\QQQ_20230215.parquet,13297,62965396a3b8dcde832693a55cf0a80bbbda907134cc51710cb44998f9b65695,66,36,0,09:30:00,10:00:00,10:35:00
QQQ,20230216,D:\ThetaData\data_underlying_derived\QQQ\2023\02\QQQ_20230216.parquet,12853,2afa039331f0522b89e1bbea055b461e6ceca08d5158ce9e66d4d65ac4506f7d,66,36,0,09:30:00,10:00:00,10:35:00
QQQ,20230217,D:\ThetaData\data_underlying_derived\QQQ\2023\02\QQQ_20230217.parquet,12815,a77096e47505643d49d83fcc7c4ef020fd00a36f70e7e98e3d7001aa18bceb52,66,36,0,09:30:00,10:00:00,10:35:00
QQQ,20230221,D:\ThetaData\data_underlying_derived\QQQ\2023\02\QQQ_20230221.parquet,13036,22676474408d16bbeacc59af3863e685288420909b3fee48a82b96e246bff86f,66,36,0,09:30:00,10:00:00,10:35:00
QQQ,20230222,D:\ThetaData\data_underlying_derived\QQQ\2023\02\QQQ_20230222.parquet,12774,cb9f0667ff41dd9fda2df83423869c8e66cdd10c2c6a97dd9fbd4310c467923c,66,36,0,09:30:00,10:00:00,10:35:00
QQQ,20230223,D:\ThetaData\data_underlying_derived\QQQ\2023\02\QQQ_20230223.parquet,13630,05f3d0fd119871a5ef3b9a1119ddcc62cbde418291eb303c67e5eff7396d4057,66,36,0,09:30:00,10:00:00,10:35:00
QQQ,20230224,D:\ThetaData\data_underlying_derived\QQQ\2023\02\QQQ_20230224.parquet,12047,9405b0b8b1aeaa8b87d6fab83e359b06d8379a806a3ff0b392ba17b5cc033fff,66,36,0,09:30:00,10:00:00,10:35:00
QQQ,20230227,D:\ThetaData\data_underlying_derived\QQQ\2023\02\QQQ_20230227.parquet,12166,059ac194adaf754a7db68a6f9b68900bd07b13bbd31114310cba42cb934372d2,66,36,0,09:30:00,10:00:00,10:35:00
QQQ,20230228,D:\ThetaData\data_underlying_derived\QQQ\2023\02\QQQ_20230228.parquet,12549,e0fa3ab713879d86bf27fc79fa9b94eecc1bbd8c67a0abaab5884abd2b8c4d87,66,36,0,09:30:00,10:00:00,10:35:00
QQQ,20230301,D:\ThetaData\data_underlying_derived\QQQ\2023\03\QQQ_20230301.parquet,12621,7ccf66f18f46cd1620c0673146345040d139834f94c27c3c48a83e9b9e41ee59,66,36,0,09:30:00,10:00:00,10:35:00
QQQ,20230302,D:\ThetaData\data_underlying_derived\QQQ\2023\03\QQQ_20230302.parquet,12867,f1c55f5162cf9bf488c44194482b7baeaadc65ea20d731163e7163564af7b072,66,36,0,09:30:00,10:00:00,10:35:00
QQQ,20230303,D:\ThetaData\data_underlying_derived\QQQ\2023\03\QQQ_20230303.parquet,12896,30cad8014deac9cc00c55d4087d1989f72aed1072371b3ee2af474d09de6dd99,66,36,0,09:30:00,10:00:00,10:35:00
QQQ,20230306,D:\ThetaData\data_underlying_derived\QQQ\2023\03\QQQ_20230306.parquet,13024,d0550fa2e80f1407b7209ce4473e8a15976a5ac66ebf99e51a341c34d70242c7,66,36,0,09:30:00,10:00:00,10:35:00
QQQ,20230307,D:\ThetaData\data_underlying_derived\QQQ\2023\03\QQQ_20230307.parquet,13182,00e41017ba9482bbdf3fd5ea9824911ed6979f3d9a284fbc06711cd12dba0623,66,36,0,09:30:00,10:00:00,10:35:00
QQQ,20230308,D:\ThetaData\data_underlying_derived\QQQ\2023\03\QQQ_20230308.parquet,12471,5720b956095d4e7d8129fd12b5f9841f80d56c76e5de77d26dbd26906da16c36,66,36,0,09:30:00,10:00:00,10:35:00
QQQ,20230309,D:\ThetaData\data_underlying_derived\QQQ\2023\03\QQQ_20230309.parquet,14295,38c49d90f2f7463789bf293b81a1fa437ec75e9be375508d466f18c2117275cb,66,36,0,09:30:00,10:00:00,10:35:00
QQQ,20230310,D:\ThetaData\data_underlying_derived\QQQ\2023\03\QQQ_20230310.parquet,14201,000842e65be917496f6c82dc43a080b01ee789e038e2bb1fa6e627a90134fce0,66,36,0,09:30:00,10:00:00,10:35:00
QQQ,20230313,D:\ThetaData\data_underlying_derived\QQQ\2023\03\QQQ_20230313.parquet,13793,731ffd0ac4f3bdca2589a5bd4b2ae17bcf279bd3b47b2d7c7bba311d66fb24a0,66,36,0,09:30:00,10:00:00,10:35:00
QQQ,20230314,D:\ThetaData\data_underlying_derived\QQQ\2023\03\QQQ_20230314.parquet,13104,4264f6462f12fc57c08e7c447907bc55a410703ca87e827d1b6770d2a4186476,66,36,0,09:30:00,10:00:00,10:35:00
QQQ,20230315,D:\ThetaData\data_underlying_derived\QQQ\2023\03\QQQ_20230315.parquet,13394,e7445bec12df178cd68b5f565f19e4a4fbf00c2b2476918307b79a2be8413dd9,66,36,0,09:30:00,10:00:00,10:35:00
QQQ,20230316,D:\ThetaData\data_underlying_derived\QQQ\2023\03\QQQ_20230316.parquet,14001,7204600d63fef5662a65b0f58a0b4b1439cc528a238de3f2e82cc38649a47992,66,36,0,09:30:00,10:00:00,10:35:00
QQQ,20230317,D:\ThetaData\data_underlying_derived\QQQ\2023\03\QQQ_20230317.parquet,12988,af128fc201edc3365dc0d9b97bb4d64c32900042dc8b0b6f05884c5d74ee8264,66,36,0,09:30:00,10:00:00,10:35:00
QQQ,20230320,D:\ThetaData\data_underlying_derived\QQQ\2023\03\QQQ_20230320.parquet,12743,a28cc3c17dace1b17c02dc8a330fc4db7be1dc5fcac6641629a860e41fe860ec,66,36,0,09:30:00,10:00:00,10:35:00
QQQ,20230321,D:\ThetaData\data_underlying_derived\QQQ\2023\03\QQQ_20230321.parquet,13089,d4472e25a7ecf3dc7b3c4190acd55b6bbc008b281e2637e27b07bb3d47971cfc,66,36,0,09:30:00,10:00:00,10:35:00
QQQ,20230322,D:\ThetaData\data_underlying_derived\QQQ\2023\03\QQQ_20230322.parquet,12843,a68f115ba6b40f6eed087d63b62327162a7c265001258c263525957898ae58d1,66,36,0,09:30:00,10:00:00,10:35:00
QQQ,20230323,D:\ThetaData\data_underlying_derived\QQQ\2023\03\QQQ_20230323.parquet,13983,713d55a1b85cb08dde7d77d5ba4e8bf761919df75162f0a74764370eba780287,66,36,0,09:30:00,10:00:00,10:35:00
QQQ,20230324,D:\ThetaData\data_underlying_derived\QQQ\2023\03\QQQ_20230324.parquet,12920,95fba2a7dd78302028be91d42523b9f65d3df0b2ee6fe99dbf97ad0053641a27,66,36,0,09:30:00,10:00:00,10:35:00
QQQ,20230327,D:\ThetaData\data_underlying_derived\QQQ\2023\03\QQQ_20230327.parquet,12977,768617bd8c31791dd6ebe8fb4ccb226ee42f1e15a336f2cf8d2eaf599fcf98d6,66,36,0,09:30:00,10:00:00,10:35:00
QQQ,20230328,D:\ThetaData\data_underlying_derived\QQQ\2023\03\QQQ_20230328.parquet,11935,4d48753a913ff2146401c2432c0454cb21cb7ea4c47bb81d7e7c4220738ab40a,66,36,0,09:30:00,10:00:00,10:35:00
QQQ,20230329,D:\ThetaData\data_underlying_derived\QQQ\2023\03\QQQ_20230329.parquet,12224,3347c47fb03cc439e1e719b16b3668fcc908fe2f42eacf469704cdb84c814829,66,36,0,09:30:00,10:00:00,10:35:00
QQQ,20230330,D:\ThetaData\data_underlying_derived\QQQ\2023\03\QQQ_20230330.parquet,11791,12cbabc9b05943319f5df5605e79c5ff9754c26be76392367de6e5716147230f,66,36,0,09:30:00,10:00:00,10:35:00
QQQ,20230331,D:\ThetaData\data_underlying_derived\QQQ\2023\03\QQQ_20230331.parquet,13020,f8787957fecf7217dd45039a9a80e58ab86ead18c53a2dd13b8c8d5920e395a1,66,36,0,09:30:00,10:00:00,10:35:00
QQQ,20230403,D:\ThetaData\data_underlying_derived\QQQ\2023\04\QQQ_20230403.parquet,12361,9750ae8d6a7986466226a4525eb7779acefb9c34741bc1d9716300228abf293a,66,36,0,09:30:00,10:00:00,10:35:00
QQQ,20230404,D:\ThetaData\data_underlying_derived\QQQ\2023\04\QQQ_20230404.parquet,12618,f826895134eead5e5143db43be0d34cbee0e4bdb4e377209750f1adc0a0cfb08,66,36,0,09:30:00,10:00:00,10:35:00
QQQ,20230405,D:\ThetaData\data_underlying_derived\QQQ\2023\04\QQQ_20230405.parquet,12585,622ef4754f1b732d8e08b598b6cf21a5c3d13bc5f5beeb9bcd0048c9d49bde22,66,36,0,09:30:00,10:00:00,10:35:00
QQQ,20230406,D:\ThetaData\data_underlying_derived\QQQ\2023\04\QQQ_20230406.parquet,13147,9be4ec6b7940f052a20f0bc2a89f9d3084baf315ec2be3d8799c4e754aaf4b0b,66,36,0,09:30:00,10:00:00,10:35:00
QQQ,20230410,D:\ThetaData\data_underlying_derived\QQQ\2023\04\QQQ_20230410.parquet,13102,c6b3e1bd60a211534d41a1c1486978c2b57aabe864b41355c8cdb4812236446f,66,36,0,09:30:00,10:00:00,10:35:00
QQQ,20230411,D:\ThetaData\data_underlying_derived\QQQ\2023\04\QQQ_20230411.parquet,11912,00c943e8ca40cdff368c04ac63e59932e87c167e919367f7dcad29630ecb6445,66,36,0,09:30:00,10:00:00,10:35:00
QQQ,20230412,D:\ThetaData\data_underlying_derived\QQQ\2023\04\QQQ_20230412.parquet,12991,17f07145d1b5eab0dd09ddd9b1f1a4c6a996f072f16ea4c0621087d30743aeab,66,36,0,09:30:00,10:00:00,10:35:00
QQQ,20230413,D:\ThetaData\data_underlying_derived\QQQ\2023\04\QQQ_20230413.parquet,12695,ed54c4462c2fc8a956ecf592cf42190fc545a0b5bbbb9f95ccefc4c665292bd6,66,36,0,09:30:00,10:00:00,10:35:00
QQQ,20230414,D:\ThetaData\data_underlying_derived\QQQ\2023\04\QQQ_20230414.parquet,13029,76ca54004fdc3fbe268373fef6b5afe8349f8c0775c4724ce61d24b6e886d5b7,66,36,0,09:30:00,10:00:00,10:35:00
QQQ,20230417,D:\ThetaData\data_underlying_derived\QQQ\2023\04\QQQ_20230417.parquet,12482,17b8f12f12fd20a6cbd509984fffdbd4ee40012a9ec22217b2194a52eece5a9d,66,36,0,09:30:00,10:00:00,10:35:00
QQQ,20230418,D:\ThetaData\data_underlying_derived\QQQ\2023\04\QQQ_20230418.parquet,11737,e94f6987c51747ee26fb687d78e0e901380ba0269cc624cde46de04dfc241b62,66,36,0,09:30:00,10:00:00,10:35:00
QQQ,20230419,D:\ThetaData\data_underlying_derived\QQQ\2023\04\QQQ_20230419.parquet,12272,2250d09cf730d6c9359fff19208d2f01c592f1ff86270dd80b8b2c3b86c3fc0d,66,36,0,09:30:00,10:00:00,10:35:00
QQQ,20230420,D:\ThetaData\data_underlying_derived\QQQ\2023\04\QQQ_20230420.parquet,13077,912dc7894339d02a39365fa9c47fc953a0f36e4724d082964915843a7d19e9b3,66,36,0,09:30:00,10:00:00,10:35:00
QQQ,20230421,D:\ThetaData\data_underlying_derived\QQQ\2023\04\QQQ_20230421.parquet,12128,3bfb61678e911b64435ee605b1c61c85511f43fd693866ceea14f0b3cb7723dd,66,36,0,09:30:00,10:00:00,10:35:00
QQQ,20230424,D:\ThetaData\data_underlying_derived\QQQ\2023\04\QQQ_20230424.parquet,12655,22f92e98934e8e3c7596df8ca1b843cd775e39980d9864c44d64377af0ea69dc,66,36,0,09:30:00,10:00:00,10:35:00
QQQ,20230425,D:\ThetaData\data_underlying_derived\QQQ\2023\04\QQQ_20230425.parquet,13256,e6ee243c77d100ad5c650942967d18264892a9791f9e482f3688912c9bc3bf24,66,36,0,09:30:00,10:00:00,10:35:00
QQQ,20230426,D:\ThetaData\data_underlying_derived\QQQ\2023\04\QQQ_20230426.parquet,12879,744ed40572d4daed958e43bd9b858c726cc490843ccf7e58c3607f949653d42a,66,36,0,09:30:00,10:00:00,10:35:00
QQQ,20230427,D:\ThetaData\data_underlying_derived\QQQ\2023\04\QQQ_20230427.parquet,13627,d09d8a07b6be9cd82736bd7d99ac2ab760a099162e733c7013929fc01da650cf,66,36,0,09:30:00,10:00:00,10:35:00
QQQ,20230428,D:\ThetaData\data_underlying_derived\QQQ\2023\04\QQQ_20230428.parquet,12449,7c1842b6cceb6c31f35639a22bbbebd494fd9b7a2ec3a82233d465c2c2846b9e,66,36,0,09:30:00,10:00:00,10:35:00
QQQ,20230501,D:\ThetaData\data_underlying_derived\QQQ\2023\05\QQQ_20230501.parquet,11952,d8c47665790c33aadfe0875d62fe6c4a3db0ab78d9de634dd3bc4e3736780140,66,36,0,09:30:00,10:00:00,10:35:00
QQQ,20230502,D:\ThetaData\data_underlying_derived\QQQ\2023\05\QQQ_20230502.parquet,12937,93003a9de41a43a35e7f759295c5adc607a1ce4b0e3799eb101ecfa198f25d0c,66,36,0,09:30:00,10:00:00,10:35:00
QQQ,20230503,D:\ThetaData\data_underlying_derived\QQQ\2023\05\QQQ_20230503.parquet,12573,6f64b538fb75202328f3d3947b96d993f2189da383d0d23ec5d4a070f1f43a1c,66,36,0,09:30:00,10:00:00,10:35:00
QQQ,20230504,D:\ThetaData\data_underlying_derived\QQQ\2023\05\QQQ_20230504.parquet,12305,e52c788feb0538eb9e2fea90f4cba23831fbc6f6fb86c5e53b1b74e37fb93d5b,66,36,0,09:30:00,10:00:00,10:35:00
QQQ,20230505,D:\ThetaData\data_underlying_derived\QQQ\2023\05\QQQ_20230505.parquet,13057,5099cfaa8856036e2847bb757da06654881e3682ad007d03f5a6897fe69888f4,66,36,0,09:30:00,10:00:00,10:35:00
QQQ,20230508,D:\ThetaData\data_underlying_derived\QQQ\2023\05\QQQ_20230508.parquet,12280,907ad53431d41d0ddee0e7406957bfdbb4ea05a597d47f2fd38bf2c9270f8ff5,66,36,0,09:30:00,10:00:00,10:35:00
QQQ,20230509,D:\ThetaData\data_underlying_derived\QQQ\2023\05\QQQ_20230509.parquet,10879,1c711c51810a1149dd73e8f9bb37addc4f43ac737609370d884753615234a766,66,36,0,09:30:00,10:00:00,10:35:00
QQQ,20230510,D:\ThetaData\data_underlying_derived\QQQ\2023\05\QQQ_20230510.parquet,13104,ce86540c53d027494345b8a7001acbb9af9bbb937bef8de7be6850c222a18ebe,66,36,0,09:30:00,10:00:00,10:35:00
QQQ,20230511,D:\ThetaData\data_underlying_derived\QQQ\2023\05\QQQ_20230511.parquet,12130,adf2e831a077f5659e394b4dab6e576160b2fb4dde66d5fed2ce0d1936b18f50,66,36,0,09:30:00,10:00:00,10:35:00
QQQ,20230512,D:\ThetaData\data_underlying_derived\QQQ\2023\05\QQQ_20230512.parquet,12825,e9e907a1cc1ede7f882f681c7640436d08acd566dafba39970db32d6855824b0,66,36,0,09:30:00,10:00:00,10:35:00
QQQ,20230515,D:\ThetaData\data_underlying_derived\QQQ\2023\05\QQQ_20230515.parquet,12211,2fe0dc94f275c9bd0f0b58d9d735b581bfab3bb4949ddc530b71f9500da2c9fa,66,36,0,09:30:00,10:00:00,10:35:00
QQQ,20230516,D:\ThetaData\data_underlying_derived\QQQ\2023\05\QQQ_20230516.parquet,11871,40bf602cc8c4d4745c46d45aa94bcac0811841f43d416302b7b5527455967381,66,36,0,09:30:00,10:00:00,10:35:00
QQQ,20230517,D:\ThetaData\data_underlying_derived\QQQ\2023\05\QQQ_20230517.parquet,12868,75775e74858380087162f97445844d8b5ecfd1b1d2b9dd4f85a558eddb05d030,66,36,0,09:30:00,10:00:00,10:35:00
QQQ,20230518,D:\ThetaData\data_underlying_derived\QQQ\2023\05\QQQ_20230518.parquet,13018,36709458d5cc5c01914769b636b1417b5d3a2af8c86c1e005fbe9fcfec531279,66,36,0,09:30:00,10:00:00,10:35:00
QQQ,20230519,D:\ThetaData\data_underlying_derived\QQQ\2023\05\QQQ_20230519.parquet,12174,7857a64d2de34baa331198a4b593a80e61772f696025d073e8a00476fe651065,66,36,0,09:30:00,10:00:00,10:35:00
QQQ,20230522,D:\ThetaData\data_underlying_derived\QQQ\2023\05\QQQ_20230522.parquet,11279,d60a324501bd4a0acd43a6d19d4cc53e46a685f49902c01a50c6e9f350a5236d,66,36,0,09:30:00,10:00:00,10:35:00
QQQ,20230523,D:\ThetaData\data_underlying_derived\QQQ\2023\05\QQQ_20230523.parquet,12677,318772b01b22af455bbd7ca3d89f2d676b343a28cd306e538731a21b18ead12d,66,36,0,09:30:00,10:00:00,10:35:00
QQQ,20230524,D:\ThetaData\data_underlying_derived\QQQ\2023\05\QQQ_20230524.parquet,12277,46f44313ed3b9db8787c5e47dda3558bce09a1093038ad342d4533cafec8f3cb,66,36,0,09:30:00,10:00:00,10:35:00
QQQ,20230525,D:\ThetaData\data_underlying_derived\QQQ\2023\05\QQQ_20230525.parquet,12766,1a8a7cc3adac585f43c1ae7f35dd52f2266a1f0b4a7e83619c0a5341dbbd6171,66,36,0,09:30:00,10:00:00,10:35:00
QQQ,20230526,D:\ThetaData\data_underlying_derived\QQQ\2023\05\QQQ_20230526.parquet,13398,43e6055b6158cf1b13f71a7958c9d35b02f17a649ecfe863038e830c2516388e,66,36,0,09:30:00,10:00:00,10:35:00
QQQ,20230530,D:\ThetaData\data_underlying_derived\QQQ\2023\05\QQQ_20230530.parquet,12828,215aa32c6aaf15ed94b05615c714333e91dbf7c7e5343ee699712088e7e81671,66,36,0,09:30:00,10:00:00,10:35:00
QQQ,20230531,D:\ThetaData\data_underlying_derived\QQQ\2023\05\QQQ_20230531.parquet,12710,4c67d97cdb8f0ae04b7affe0432f005e2e2c235e48b7001d9b161bf0fc83465a,66,36,0,09:30:00,10:00:00,10:35:00
QQQ,20230601,D:\ThetaData\data_underlying_derived\QQQ\2023\06\QQQ_20230601.parquet,13544,1b75a524dd0b8bb18ce81f6eb2096a6d80cb3422aecaa9e319d87b5684aa7578,66,36,0,09:30:00,10:00:00,10:35:00
QQQ,20230602,D:\ThetaData\data_underlying_derived\QQQ\2023\06\QQQ_20230602.parquet,11876,e9eef30a2217b15a15df1f6dd0abc3906129514e2695e050c7091fb9d015ca9c,66,36,0,09:30:00,10:00:00,10:35:00
QQQ,20230605,D:\ThetaData\data_underlying_derived\QQQ\2023\06\QQQ_20230605.parquet,12839,911befaccf4a672bddf07ac36be3e1538e76d2d3526feb7120e3e972237ad05e,66,36,0,09:30:00,10:00:00,10:35:00
QQQ,20230606,D:\ThetaData\data_underlying_derived\QQQ\2023\06\QQQ_20230606.parquet,11856,a361f23aa0a09bf0d39736efe71c6744018fc79eba79f2032554412261b251d2,66,36,0,09:30:00,10:00:00,10:35:00
QQQ,20230607,D:\ThetaData\data_underlying_derived\QQQ\2023\06\QQQ_20230607.parquet,14096,22ec6539d8d9ca639295a119b8dd7bcbf53c9c5901fca75054d61a0865e1a4c8,66,36,0,09:30:00,10:00:00,10:35:00
QQQ,20230608,D:\ThetaData\data_underlying_derived\QQQ\2023\06\QQQ_20230608.parquet,12815,cc6b47238fff4d5b2a45fa3cbd7da2afa8a194be7af651e1d31ea17b4b005062,66,36,0,09:30:00,10:00:00,10:35:00
QQQ,20230609,D:\ThetaData\data_underlying_derived\QQQ\2023\06\QQQ_20230609.parquet,12993,98a7803128916789fa3b0a9635807b2c0732eea6888db212bde16787d3ba01a5,66,36,0,09:30:00,10:00:00,10:35:00
QQQ,20230612,D:\ThetaData\data_underlying_derived\QQQ\2023\06\QQQ_20230612.parquet,13038,5ee2784c8ccad5a6870c641e10b77bb349bd90ac8a1721a0b50349510101feeb,66,36,0,09:30:00,10:00:00,10:35:00
QQQ,20230613,D:\ThetaData\data_underlying_derived\QQQ\2023\06\QQQ_20230613.parquet,12313,63b4e14bd25f30887244877c35513c4efa4c3fb1c0986432ccd698d3c7cb34fe,66,36,0,09:30:00,10:00:00,10:35:00
QQQ,20230614,D:\ThetaData\data_underlying_derived\QQQ\2023\06\QQQ_20230614.parquet,12959,608ae47f52353a0c4754352fc37ddc40ffb7d950f58142dbdc91f265a8bfdb8b,66,36,0,09:30:00,10:00:00,10:35:00
QQQ,20230615,D:\ThetaData\data_underlying_derived\QQQ\2023\06\QQQ_20230615.parquet,14023,7f51aada144475293883c35469d21015bb3d064b38d40709f06830b62ae27a9b,66,36,0,09:30:00,10:00:00,10:35:00
QQQ,20230616,D:\ThetaData\data_underlying_derived\QQQ\2023\06\QQQ_20230616.parquet,12693,79ff6a75b003f88c96b4420031d8de70f8d4472b45baf50bffd84ed329731cbe,66,36,0,09:30:00,10:00:00,10:35:00
QQQ,20230620,D:\ThetaData\data_underlying_derived\QQQ\2023\06\QQQ_20230620.parquet,12686,52ac3d5ec26851a02f1facab1b7d504ee20fe90eea9f8199aca1d41b560e0667,66,36,0,09:30:00,10:00:00,10:35:00
QQQ,20230621,D:\ThetaData\data_underlying_derived\QQQ\2023\06\QQQ_20230621.parquet,12942,b8e622e19b140b369e4db6e62757ecbabaa6a69099b601df2cda331ad41a842e,66,36,0,09:30:00,10:00:00,10:35:00
QQQ,20230622,D:\ThetaData\data_underlying_derived\QQQ\2023\06\QQQ_20230622.parquet,12957,daa73565c16aca969f1bfb0221797da73c6f9deb4d25f3384b0f1749d0094c6d,66,36,0,09:30:00,10:00:00,10:35:00
QQQ,20230623,D:\ThetaData\data_underlying_derived\QQQ\2023\06\QQQ_20230623.parquet,12752,4214f0157cd97b73ab7431b970b65caa64b963fc40689216aeae2e500648d3cb,66,36,0,09:30:00,10:00:00,10:35:00
QQQ,20230626,D:\ThetaData\data_underlying_derived\QQQ\2023\06\QQQ_20230626.parquet,13341,88c25c8c3f0e4e6c2100b6a7ef2b3cdcd5683aa41a7f23df97c242a052a21865,66,36,0,09:30:00,10:00:00,10:35:00
QQQ,20230627,D:\ThetaData\data_underlying_derived\QQQ\2023\06\QQQ_20230627.parquet,13286,845c2c30a75a4b8440ea5a8ba0b7c80144848eaff7e1f24326c7cc1272dc8c23,66,36,0,09:30:00,10:00:00,10:35:00
QQQ,20230628,D:\ThetaData\data_underlying_derived\QQQ\2023\06\QQQ_20230628.parquet,12993,678fa88abd59e9c7f28128cb77fee2682b2e08093ee36b6464a2defff7cdd630,66,36,0,09:30:00,10:00:00,10:35:00
QQQ,20230629,D:\ThetaData\data_underlying_derived\QQQ\2023\06\QQQ_20230629.parquet,12065,8d59bfb6c60945a42a09a218b96b90d7d4b58b1f129834e30f0980aff0af9fea,66,36,0,09:30:00,10:00:00,10:35:00
QQQ,20230630,D:\ThetaData\data_underlying_derived\QQQ\2023\06\QQQ_20230630.parquet,11703,93f952c351d79f923e4b867a41c2194e133e49730ff6b8c1d7f6cab142d83eae,66,36,0,09:30:00,10:00:00,10:35:00
QQQ,20230705,D:\ThetaData\data_underlying_derived\QQQ\2023\07\QQQ_20230705.parquet,11870,546506a63e649d46241d171e66a6c8640dda65a53cd30c2627b32f2858a7059f,66,36,0,09:30:00,10:00:00,10:35:00
QQQ,20230706,D:\ThetaData\data_underlying_derived\QQQ\2023\07\QQQ_20230706.parquet,12679,94a5353182b5c168bf0e167e3212107b541daebba6773dcea047d451d8861910,66,36,0,09:30:00,10:00:00,10:35:00
QQQ,20230707,D:\ThetaData\data_underlying_derived\QQQ\2023\07\QQQ_20230707.parquet,13206,eb1cf9093a5420808c88529d7486ff8af8e63f0104b6b89bbeebcd295e699134,66,36,0,09:30:00,10:00:00,10:35:00
QQQ,20230710,D:\ThetaData\data_underlying_derived\QQQ\2023\07\QQQ_20230710.parquet,12346,20b33772333a164f8c269c57176fb907f43f987c2709e1da65596ad5eb5d763c,66,36,0,09:30:00,10:00:00,10:35:00
QQQ,20230711,D:\ThetaData\data_underlying_derived\QQQ\2023\07\QQQ_20230711.parquet,12300,9e3bb0bc7f74ffa8c0f5f1c890bca6676ec2547a9b794bb96a8919ffca46c84c,66,36,0,09:30:00,10:00:00,10:35:00
QQQ,20230712,D:\ThetaData\data_underlying_derived\QQQ\2023\07\QQQ_20230712.parquet,12565,c1d3102c2c5d6f7a2ed0afe77d8f216d2a8c528b8a7a990e0c8475db3af2709e,66,36,0,09:30:00,10:00:00,10:35:00
QQQ,20230713,D:\ThetaData\data_underlying_derived\QQQ\2023\07\QQQ_20230713.parquet,13014,14d8d8b64c8f5be6ccaff232a0b17bcb30a34a081ef650e552e508f443bb1e6b,66,36,0,09:30:00,10:00:00,10:35:00
QQQ,20230714,D:\ThetaData\data_underlying_derived\QQQ\2023\07\QQQ_20230714.parquet,13171,2d4293cf85dd8046953503e0c972cdae9eb50e022c1bcf2ba94a02d38ee7ad48,66,36,0,09:30:00,10:00:00,10:35:00
QQQ,20230717,D:\ThetaData\data_underlying_derived\QQQ\2023\07\QQQ_20230717.parquet,12837,4e7dc7f4fff24721709bc73e534a72f4c576f9cbfda198b88dee2f4f68344b8e,66,36,0,09:30:00,10:00:00,10:35:00
QQQ,20230718,D:\ThetaData\data_underlying_derived\QQQ\2023\07\QQQ_20230718.parquet,13675,b79ec121401d5916c5bf445ca78bfe31104c501307d4fed9d526c1003840361f,66,36,0,09:30:00,10:00:00,10:35:00
QQQ,20230719,D:\ThetaData\data_underlying_derived\QQQ\2023\07\QQQ_20230719.parquet,12773,54203b3e07a3f8e005535670d78bde173cb491fd3d903ba229b1d4069f68b489,66,36,0,09:30:00,10:00:00,10:35:00
QQQ,20230720,D:\ThetaData\data_underlying_derived\QQQ\2023\07\QQQ_20230720.parquet,13923,2e9c9535f1539b19c2ac7ec3333692ba975154d525de7d68124228dfa3afd11f,66,36,0,09:30:00,10:00:00,10:35:00
QQQ,20230721,D:\ThetaData\data_underlying_derived\QQQ\2023\07\QQQ_20230721.parquet,12844,b36975459908adfaf01208aa0bea7dcbb7339e0018f98964a52c7b5f21fc688b,66,36,0,09:30:00,10:00:00,10:35:00
QQQ,20230724,D:\ThetaData\data_underlying_derived\QQQ\2023\07\QQQ_20230724.parquet,11855,1623ca019208be29eb96a8724e4e1571703f3598e230139cd82a3ba6fd7b39f6,66,36,0,09:30:00,10:00:00,10:35:00
QQQ,20230725,D:\ThetaData\data_underlying_derived\QQQ\2023\07\QQQ_20230725.parquet,12635,0870322f57af223c227445e93cc5c962bdb84d97131297dc0c5835f69f8addc8,66,36,0,09:30:00,10:00:00,10:35:00
QQQ,20230726,D:\ThetaData\data_underlying_derived\QQQ\2023\07\QQQ_20230726.parquet,12501,09eb390f63f9af14adb20e9a04066ec41ef7451cfbbc4783890bd977644f9ade,66,36,0,09:30:00,10:00:00,10:35:00
QQQ,20230727,D:\ThetaData\data_underlying_derived\QQQ\2023\07\QQQ_20230727.parquet,14156,c4d6123a85ae629570edc8c6ea384d022bc8b580202674f6e4c1d132eb16a3d6,66,36,0,09:30:00,10:00:00,10:35:00
QQQ,20230728,D:\ThetaData\data_underlying_derived\QQQ\2023\07\QQQ_20230728.parquet,12686,5e69a63817561869598a314a7d1836e05a541b96db93860a2a03ee81d054d0cf,66,36,0,09:30:00,10:00:00,10:35:00
QQQ,20230731,D:\ThetaData\data_underlying_derived\QQQ\2023\07\QQQ_20230731.parquet,11700,5c631947043c63e95d4a3590529d782403315ade722a62b50e0018a6b261a040,66,36,0,09:30:00,10:00:00,10:35:00
QQQ,20230801,D:\ThetaData\data_underlying_derived\QQQ\2023\08\QQQ_20230801.parquet,11778,1b27afbd1bbae9300e48d7739f6dc9d1246f4ecb30a990c4b3bc4acbc1e8a0a9,66,36,0,09:30:00,10:00:00,10:35:00
QQQ,20230802,D:\ThetaData\data_underlying_derived\QQQ\2023\08\QQQ_20230802.parquet,12895,d978a38a542ed76122c4cdcb7385151a3a2da8350ff8bba20809f1067f1675d5,66,36,0,09:30:00,10:00:00,10:35:00
QQQ,20230803,D:\ThetaData\data_underlying_derived\QQQ\2023\08\QQQ_20230803.parquet,12815,dedbda40c1b6754b7209f4cf7cf4b918ee78b0c0aee8973a85a437e70dfd49ab,66,36,0,09:30:00,10:00:00,10:35:00
QQQ,20230804,D:\ThetaData\data_underlying_derived\QQQ\2023\08\QQQ_20230804.parquet,13999,9d978716ac12a30e730dac7835ffdbf0f3cc3465cf3dfc83e0d2114ec2c519d5,66,36,0,09:30:00,10:00:00,10:35:00
QQQ,20230807,D:\ThetaData\data_underlying_derived\QQQ\2023\08\QQQ_20230807.parquet,12618,8897e767f873ec52a58a22d5295953cb504e57a0deff4a619cb65df9e7f241ed,66,36,0,09:30:00,10:00:00,10:35:00
QQQ,20230808,D:\ThetaData\data_underlying_derived\QQQ\2023\08\QQQ_20230808.parquet,12871,ec6696b9422d840d3b0b6c0ba6b601397cc7c08c71ceb829ce10f3e456cf48bb,66,36,0,09:30:00,10:00:00,10:35:00
QQQ,20230809,D:\ThetaData\data_underlying_derived\QQQ\2023\08\QQQ_20230809.parquet,13226,b2bea88d80d9a8026f9af4d1b9fe1aa9a9ef845f8a4b016e32be09b6b6a6556a,66,36,0,09:30:00,10:00:00,10:35:00
QQQ,20230810,D:\ThetaData\data_underlying_derived\QQQ\2023\08\QQQ_20230810.parquet,13570,600fbb5d2d96c772330e29e48145a11893060646e835315035d24098adeab978,66,36,0,09:30:00,10:00:00,10:35:00
QQQ,20230811,D:\ThetaData\data_underlying_derived\QQQ\2023\08\QQQ_20230811.parquet,12389,87497a76782a32a8ab863e96afd351ce147ce1ff8e92a6b8f5ff6f1eb7ac0dc7,66,36,0,09:30:00,10:00:00,10:35:00
QQQ,20230814,D:\ThetaData\data_underlying_derived\QQQ\2023\08\QQQ_20230814.parquet,12463,8ff80da3c624731e421d3c493bce2dc5b305f5f5ff6b9740b1fb40570e49b561,66,36,0,09:30:00,10:00:00,10:35:00
QQQ,20230815,D:\ThetaData\data_underlying_derived\QQQ\2023\08\QQQ_20230815.parquet,12551,dede9428cb188b91731a1db317de9944f42e25652e651e1ae6259ff6bdaf9e91,66,36,0,09:30:00,10:00:00,10:35:00
QQQ,20230816,D:\ThetaData\data_underlying_derived\QQQ\2023\08\QQQ_20230816.parquet,13264,fe241075bff042c8d007912fb7ec26db513e8b07baa830dba04a0150a021bc6c,66,36,0,09:30:00,10:00:00,10:35:00
QQQ,20230817,D:\ThetaData\data_underlying_derived\QQQ\2023\08\QQQ_20230817.parquet,13442,54ec843b2887b7d5036e4282275d7029c611fa7b5e45731bbc7ccfef02007b26,66,36,0,09:30:00,10:00:00,10:35:00
QQQ,20230818,D:\ThetaData\data_underlying_derived\QQQ\2023\08\QQQ_20230818.parquet,12997,91296931652c476280971659539ecc042ed8d7827f392d6af19fb571e4621c2e,66,36,0,09:30:00,10:00:00,10:35:00
QQQ,20230821,D:\ThetaData\data_underlying_derived\QQQ\2023\08\QQQ_20230821.parquet,13670,502e72e6aef2776f3bec8aad0677763a1f0240446d3c8a469f723cba700b321b,66,36,0,09:30:00,10:00:00,10:35:00
QQQ,20230822,D:\ThetaData\data_underlying_derived\QQQ\2023\08\QQQ_20230822.parquet,12654,82ea62ea07360cc0e650b960236ce8a017d9d1b930310b23611720df73d0e618,66,36,0,09:30:00,10:00:00,10:35:00
QQQ,20230823,D:\ThetaData\data_underlying_derived\QQQ\2023\08\QQQ_20230823.parquet,12705,e7855da88894693067d17c05e3a3e9c9a31c3bd76f5a2d31e6aa32bb69765981,66,36,0,09:30:00,10:00:00,10:35:00
QQQ,20230824,D:\ThetaData\data_underlying_derived\QQQ\2023\08\QQQ_20230824.parquet,13948,da30231cb895cc8178b20073fa307ab1d5e7da5d24fb4e9ab78f331e98a4ae19,66,36,0,09:30:00,10:00:00,10:35:00
QQQ,20230825,D:\ThetaData\data_underlying_derived\QQQ\2023\08\QQQ_20230825.parquet,13889,ea09c46e3fa38a759a17dfb2e76681446bb0c7752326e9ae768805a617147e57,66,36,0,09:30:00,10:00:00,10:35:00
QQQ,20230828,D:\ThetaData\data_underlying_derived\QQQ\2023\08\QQQ_20230828.parquet,12463,1ac6e27fbefa54ac533bba5af373aae8cd585f79eb18d7df76ce90b4db18483f,66,36,0,09:30:00,10:00:00,10:35:00
QQQ,20230829,D:\ThetaData\data_underlying_derived\QQQ\2023\08\QQQ_20230829.parquet,13203,59fa2283e8a2b8c038fa66f07086f35981aac082984e7b7e8f2292fda328ed93,66,36,0,09:30:00,10:00:00,10:35:00
QQQ,20230830,D:\ThetaData\data_underlying_derived\QQQ\2023\08\QQQ_20230830.parquet,12213,ea205187bb7fae0efff462db4de627219c9c2dd190cfc90a4bd21d1e2fa3aedc,66,36,0,09:30:00,10:00:00,10:35:00
QQQ,20230831,D:\ThetaData\data_underlying_derived\QQQ\2023\08\QQQ_20230831.parquet,11921,9a25f4eff653db51617be87660f4d94f7337dce71b0f97a03af0c69f4526cf93,66,36,0,09:30:00,10:00:00,10:35:00
QQQ,20230901,D:\ThetaData\data_underlying_derived\QQQ\2023\09\QQQ_20230901.parquet,12252,90b4b1396f523b1b4efb129a0fb85658a0043976b4fe1502da4fffa4d2db9c20,66,36,0,09:30:00,10:00:00,10:35:00
QQQ,20230905,D:\ThetaData\data_underlying_derived\QQQ\2023\09\QQQ_20230905.parquet,12470,093c430278b93cbd6aace3b54bd2dec7c18944dc5a2542385300376e11b4d7f5,66,36,0,09:30:00,10:00:00,10:35:00
QQQ,20230906,D:\ThetaData\data_underlying_derived\QQQ\2023\09\QQQ_20230906.parquet,12518,3583d0f7a6826d516788e43240bd33f064956c3d22676c64e713da0394883c4d,66,36,0,09:30:00,10:00:00,10:35:00
QQQ,20230907,D:\ThetaData\data_underlying_derived\QQQ\2023\09\QQQ_20230907.parquet,12549,f584e07da427e03ba636fbd45b080aefa43dfba4ccf8979da5f65e134169608d,66,36,0,09:30:00,10:00:00,10:35:00
QQQ,20230908,D:\ThetaData\data_underlying_derived\QQQ\2023\09\QQQ_20230908.parquet,12605,28120b53d6f4019937dd14ea334e078663cc03027239771d2e225a81baabb2ef,66,36,0,09:30:00,10:00:00,10:35:00
QQQ,20230911,D:\ThetaData\data_underlying_derived\QQQ\2023\09\QQQ_20230911.parquet,12589,d3c16f40d62ecd81a84ec060f548ab657b58d105c7f191c625200305070d2321,66,36,0,09:30:00,10:00:00,10:35:00
QQQ,20230912,D:\ThetaData\data_underlying_derived\QQQ\2023\09\QQQ_20230912.parquet,12851,dc29044c66db184d34ce2e330b480ed7cdf7c4792ec9adb03c288b26671d39b6,66,36,0,09:30:00,10:00:00,10:35:00
QQQ,20230913,D:\ThetaData\data_underlying_derived\QQQ\2023\09\QQQ_20230913.parquet,12467,3fcfe76961a93fe66fdfaa2e373ecb7954128271e45315ce2c53fde7f959db5a,66,36,0,09:30:00,10:00:00,10:35:00
QQQ,20230914,D:\ThetaData\data_underlying_derived\QQQ\2023\09\QQQ_20230914.parquet,12404,17347e57bcdaf8fa92ab8f28d04d961d2936da786b399d9817e0834181e68be5,66,36,0,09:30:00,10:00:00,10:35:00
QQQ,20230915,D:\ThetaData\data_underlying_derived\QQQ\2023\09\QQQ_20230915.parquet,12995,fcbe3a10b6c40cb7af8cf53ef5ed9e6b6e718ff8c9283056ce3696933b48a253,66,36,0,09:30:00,10:00:00,10:35:00
QQQ,20230918,D:\ThetaData\data_underlying_derived\QQQ\2023\09\QQQ_20230918.parquet,11914,232877296524905ad97531a9c6ff3593f4d67a58640a1fe22b1a37fc5b73d05b,66,36,0,09:30:00,10:00:00,10:35:00
QQQ,20230919,D:\ThetaData\data_underlying_derived\QQQ\2023\09\QQQ_20230919.parquet,12922,a8ff1adf68231f7d04334b0de72c0795c0dc8bfb6d7fa591385b5209f8b3f4ec,66,36,0,09:30:00,10:00:00,10:35:00
QQQ,20230920,D:\ThetaData\data_underlying_derived\QQQ\2023\09\QQQ_20230920.parquet,12911,a7f10f344ce139962738d7f8eb87d2f66fde0c36bc9806514189eec621dad8f3,66,36,0,09:30:00,10:00:00,10:35:00
QQQ,20230921,D:\ThetaData\data_underlying_derived\QQQ\2023\09\QQQ_20230921.parquet,12603,8feea9c425645b3a3be730137c48c92f7721eb39bde485f13d8748604e623988,66,36,0,09:30:00,10:00:00,10:35:00
QQQ,20230922,D:\ThetaData\data_underlying_derived\QQQ\2023\09\QQQ_20230922.parquet,13014,24845a2a1246e8284d1c68673ce9e755f9067abb9028dbc1ae39a53e22e69eb9,66,36,0,09:30:00,10:00:00,10:35:00
QQQ,20230925,D:\ThetaData\data_underlying_derived\QQQ\2023\09\QQQ_20230925.parquet,12280,776117d32c5a0e7676803c919cdee7341d073cb60357ec146f53804685d229ea,66,36,0,09:30:00,10:00:00,10:35:00
QQQ,20230926,D:\ThetaData\data_underlying_derived\QQQ\2023\09\QQQ_20230926.parquet,12766,a1e2261a2a2d665259cbb6676891927013c9492022fb5d33b52ae514c0f13db0,66,36,0,09:30:00,10:00:00,10:35:00
QQQ,20230927,D:\ThetaData\data_underlying_derived\QQQ\2023\09\QQQ_20230927.parquet,13572,77cd78fb3069e2139b4bc12df7bdd9576dd975e8b969607c74a4ae8b92eb6305,66,36,0,09:30:00,10:00:00,10:35:00
QQQ,20230928,D:\ThetaData\data_underlying_derived\QQQ\2023\09\QQQ_20230928.parquet,13638,0f931fe61bcaaef813a07727f6578f205fbf894656a8676d27cae91b9048d615,66,36,0,09:30:00,10:00:00,10:35:00
QQQ,20230929,D:\ThetaData\data_underlying_derived\QQQ\2023\09\QQQ_20230929.parquet,13652,bfd1517ecadbda76f9d09936a432b8efb4a3f8d56cdcdd6ffb4fd5e882e7fb9a,66,36,0,09:30:00,10:00:00,10:35:00
QQQ,20231002,D:\ThetaData\data_underlying_derived\QQQ\2023\10\QQQ_20231002.parquet,12710,2c76267b621ae34d580383dc15131826a93d53965bca147870c87b42bf4eb905,66,36,0,09:30:00,10:00:00,10:35:00
QQQ,20231003,D:\ThetaData\data_underlying_derived\QQQ\2023\10\QQQ_20231003.parquet,13400,eadd484003406c1eeb93163fdb8234ce79cfb780021e6850c3856d99d049a19e,66,36,0,09:30:00,10:00:00,10:35:00
QQQ,20231004,D:\ThetaData\data_underlying_derived\QQQ\2023\10\QQQ_20231004.parquet,13147,146627e2547bf5ceb7956291bb6a705fad4c43b6b09a568e4b0ea3c1fc9afe1c,66,36,0,09:30:00,10:00:00,10:35:00
QQQ,20231005,D:\ThetaData\data_underlying_derived\QQQ\2023\10\QQQ_20231005.parquet,13268,9e60de79b0aee0d34d9b8bcb2b1ca82decb996e8335b2ad82af991a31be48a54,66,36,0,09:30:00,10:00:00,10:35:00
QQQ,20231006,D:\ThetaData\data_underlying_derived\QQQ\2023\10\QQQ_20231006.parquet,13992,f42dd2ae8a794fb459d1d87ef7490e1445b1368e275693a78b7ca898fed957ef,66,36,0,09:30:00,10:00:00,10:35:00
QQQ,20231009,D:\ThetaData\data_underlying_derived\QQQ\2023\10\QQQ_20231009.parquet,13218,38c8c6c077bd1e04197d2a776cc502faca979349373ce00c406f7a7f37d80b00,66,36,0,09:30:00,10:00:00,10:35:00
QQQ,20231010,D:\ThetaData\data_underlying_derived\QQQ\2023\10\QQQ_20231010.parquet,12607,efa9a9f6c6d520c50f9c6061e8b9fd49d1d3e4a13073a5b27a992e78a6680e04,66,36,0,09:30:00,10:00:00,10:35:00
QQQ,20231011,D:\ThetaData\data_underlying_derived\QQQ\2023\10\QQQ_20231011.parquet,12592,2aebf8f095f200a12a0d67da9771bd9f29d4f59d2f77e9d46bfd78aa4e6667e1,66,36,0,09:30:00,10:00:00,10:35:00
QQQ,20231012,D:\ThetaData\data_underlying_derived\QQQ\2023\10\QQQ_20231012.parquet,13376,941beaaca7f89677bef4fc923c58ecc5ec33d2a2bc05ac9c13588acc35e2fb02,66,36,0,09:30:00,10:00:00,10:35:00
QQQ,20231013,D:\ThetaData\data_underlying_derived\QQQ\2023\10\QQQ_20231013.parquet,13313,fa40fc7f91d33a3613114e449dea0bf8e542b23b100c70e04cc4af150a31d771,66,36,0,09:30:00,10:00:00,10:35:00
QQQ,20231016,D:\ThetaData\data_underlying_derived\QQQ\2023\10\QQQ_20231016.parquet,12273,0da7df41ec359e47d8c72c6cf9055698244a82a9ded7143028c070ffd386a42d,66,36,0,09:30:00,10:00:00,10:35:00
QQQ,20231017,D:\ThetaData\data_underlying_derived\QQQ\2023\10\QQQ_20231017.parquet,13193,feb109da10f77d79d6bed13c1282afad2628f94d10dfeccdf0745f6f3f943199,66,36,0,09:30:00,10:00:00,10:35:00
QQQ,20231018,D:\ThetaData\data_underlying_derived\QQQ\2023\10\QQQ_20231018.parquet,13168,bc896e369977cdffb1b871230c35857d095732fc3a0b9e421c756e09dded1e48,66,36,0,09:30:00,10:00:00,10:35:00
QQQ,20231019,D:\ThetaData\data_underlying_derived\QQQ\2023\10\QQQ_20231019.parquet,13718,df1d2183f846f26a031bcd05d2f28121bbc700f39652738b7e93453a52ee19e8,66,36,0,09:30:00,10:00:00,10:35:00
QQQ,20231020,D:\ThetaData\data_underlying_derived\QQQ\2023\10\QQQ_20231020.parquet,13144,71107a1d6c60ad56ac4f351421d80f6412383a3a4ee1fc7e9ba6289e464ebbe9,66,36,0,09:30:00,10:00:00,10:35:00
QQQ,20231023,D:\ThetaData\data_underlying_derived\QQQ\2023\10\QQQ_20231023.parquet,13693,b867d6c394d63a04c042462e1b973db96bca8f8cae07b5cca80688327e59842b,66,36,0,09:30:00,10:00:00,10:35:00
QQQ,20231024,D:\ThetaData\data_underlying_derived\QQQ\2023\10\QQQ_20231024.parquet,12987,4c9d7d09dffd9e1e7ca7a3fb59a34aa8ece69525fade57d1281283a40b11866a,66,36,0,09:30:00,10:00:00,10:35:00
QQQ,20231025,D:\ThetaData\data_underlying_derived\QQQ\2023\10\QQQ_20231025.parquet,13683,e7d9f1585de7592f307ca00b769bc58c6d95a1a838e001a925adbacef966ecde,66,36,0,09:30:00,10:00:00,10:35:00
QQQ,20231026,D:\ThetaData\data_underlying_derived\QQQ\2023\10\QQQ_20231026.parquet,13838,9291409243811a9c9dfff36ae9b7fba4e6934e5f21cef083e6a3036a886b5dec,66,36,0,09:30:00,10:00:00,10:35:00
QQQ,20231027,D:\ThetaData\data_underlying_derived\QQQ\2023\10\QQQ_20231027.parquet,13224,f03850382e1f4233e37c6f35d349f83049f65a301a6a6331e70fa7a4848265f7,66,36,0,09:30:00,10:00:00,10:35:00
QQQ,20231030,D:\ThetaData\data_underlying_derived\QQQ\2023\10\QQQ_20231030.parquet,13108,dbc4f784428eb9582946baf3d796f9947122b0f01ce13012687955639cc9720b,66,36,0,09:30:00,10:00:00,10:35:00
QQQ,20231031,D:\ThetaData\data_underlying_derived\QQQ\2023\10\QQQ_20231031.parquet,13137,e7068ecfb542ffab7c6b7eb7eb1958c292e8788656e222eec3dab3aff4fb3f23,66,36,0,09:30:00,10:00:00,10:35:00
QQQ,20231101,D:\ThetaData\data_underlying_derived\QQQ\2023\11\QQQ_20231101.parquet,12950,6ed4ad0370e46b56c97df3d00d6d24cf3907931da6d206ae4bf673b455aaafdd,66,36,0,09:30:00,10:00:00,10:35:00
QQQ,20231102,D:\ThetaData\data_underlying_derived\QQQ\2023\11\QQQ_20231102.parquet,12403,615a9f566b0a4f246dbade1fcc2ad0e5e2e2dd5586397a3e9b3897c9d659a119,66,36,0,09:30:00,10:00:00,10:35:00
QQQ,20231103,D:\ThetaData\data_underlying_derived\QQQ\2023\11\QQQ_20231103.parquet,13013,7f2510664fcfe05dfe86d76c68c18b3e6039332c029fca10caf89e71572272b0,66,36,0,09:30:00,10:00:00,10:35:00
QQQ,20231106,D:\ThetaData\data_underlying_derived\QQQ\2023\11\QQQ_20231106.parquet,12152,f09e330fd3c48ae6ce14707b2220dbbd3147c5d2ca3a8681842be30ce5afee7a,66,36,0,09:30:00,10:00:00,10:35:00
QQQ,20231107,D:\ThetaData\data_underlying_derived\QQQ\2023\11\QQQ_20231107.parquet,12304,69c89d90a64c378ee5bdd50b80dfde84d318073adad811315cf52be5eea6cb43,66,36,0,09:30:00,10:00:00,10:35:00
QQQ,20231108,D:\ThetaData\data_underlying_derived\QQQ\2023\11\QQQ_20231108.parquet,12128,205ea1ee52b62035f0918eca53d5caa275e76233fd93133a77c3b353fba6a126,66,36,0,09:30:00,10:00:00,10:35:00
QQQ,20231109,D:\ThetaData\data_underlying_derived\QQQ\2023\11\QQQ_20231109.parquet,13275,d71caeebbcdca54b74c6818a03a34a9dc477b6bf4c9ab32e8e34487da1bcad58,66,36,0,09:30:00,10:00:00,10:35:00
QQQ,20231110,D:\ThetaData\data_underlying_derived\QQQ\2023\11\QQQ_20231110.parquet,13592,42e97271003e5891e7d94d99a062da19c11f71638a71b32988d298f5263372cb,66,36,0,09:30:00,10:00:00,10:35:00
QQQ,20231113,D:\ThetaData\data_underlying_derived\QQQ\2023\11\QQQ_20231113.parquet,12029,61a91d36ba8bc5055550581c23ca80235623c3192c9e3ef3c9d60fa67e1086b9,66,36,0,09:30:00,10:00:00,10:35:00
QQQ,20231114,D:\ThetaData\data_underlying_derived\QQQ\2023\11\QQQ_20231114.parquet,12070,087c319131f155b2a75a0e58405a1666aba3d25cbaaed05a92e71c263b06f2c8,66,36,0,09:30:00,10:00:00,10:35:00
QQQ,20231115,D:\ThetaData\data_underlying_derived\QQQ\2023\11\QQQ_20231115.parquet,12323,c5fda313c4580eab362d3c481258b863e2b490106e0580b7198188b166daee2f,66,36,0,09:30:00,10:00:00,10:35:00
QQQ,20231116,D:\ThetaData\data_underlying_derived\QQQ\2023\11\QQQ_20231116.parquet,12170,9a1e5128e6fb26ff1aec2b9a26cd064470f8e4a93c1e80b79fc4335ccd1ea782,66,36,0,09:30:00,10:00:00,10:35:00
QQQ,20231117,D:\ThetaData\data_underlying_derived\QQQ\2023\11\QQQ_20231117.parquet,12311,3a15b20341848b7e0e7e4ef165b908042335370ec2fa59032dc8c19b01be22ef,66,36,0,09:30:00,10:00:00,10:35:00
QQQ,20231120,D:\ThetaData\data_underlying_derived\QQQ\2023\11\QQQ_20231120.parquet,12679,07deca474615673f5c57d2361b4cdb160985fe4dc8b9df3683f19903d7324fc7,66,36,0,09:30:00,10:00:00,10:35:00
QQQ,20231121,D:\ThetaData\data_underlying_derived\QQQ\2023\11\QQQ_20231121.parquet,11907,11991af2f0ba7851588a86e1697110464890823b1daa7b89cd5025c1f4ddf1ae,66,36,0,09:30:00,10:00:00,10:35:00
QQQ,20231122,D:\ThetaData\data_underlying_derived\QQQ\2023\11\QQQ_20231122.parquet,12113,c37864272f4b156cf001dcba44a796b70fb4554d0052f7cfc39e673341c24fab,66,36,0,09:30:00,10:00:00,10:35:00
QQQ,20231127,D:\ThetaData\data_underlying_derived\QQQ\2023\11\QQQ_20231127.parquet,12127,c1735c3941408b2ec3b0375681c63fc209d44110533f7d5fbc457e2f9e5b36ec,66,36,0,09:30:00,10:00:00,10:35:00
QQQ,20231128,D:\ThetaData\data_underlying_derived\QQQ\2023\11\QQQ_20231128.parquet,12217,ffedbab3a0215f17a813b2e3565edbc9ed6b0a5c4da33b380ed43a7598eeebc0,66,36,0,09:30:00,10:00:00,10:35:00
QQQ,20231129,D:\ThetaData\data_underlying_derived\QQQ\2023\11\QQQ_20231129.parquet,12669,abcb6cd14b0db8a20a3b547a6e9a61b3bc34a481e847756b32b932f06d6b824c,66,36,0,09:30:00,10:00:00,10:35:00
QQQ,20231130,D:\ThetaData\data_underlying_derived\QQQ\2023\11\QQQ_20231130.parquet,12352,c561199292fc76f3e4e17c316ccbb147c2e3da1b4de6bf32db84f0b1aa49089a,66,36,0,09:30:00,10:00:00,10:35:00
QQQ,20231201,D:\ThetaData\data_underlying_derived\QQQ\2023\12\QQQ_20231201.parquet,12695,8bd8ff02ec709625dab70b92b6e3ce511366d5119d8136bddf7213eabaa14095,66,36,0,09:30:00,10:00:00,10:35:00
QQQ,20231204,D:\ThetaData\data_underlying_derived\QQQ\2023\12\QQQ_20231204.parquet,12651,b98cf14e88f3c7dfa2b8d017cb3b075fa8945369fbdaa393245624a1c9ff47a4,66,36,0,09:30:00,10:00:00,10:35:00
QQQ,20231205,D:\ThetaData\data_underlying_derived\QQQ\2023\12\QQQ_20231205.parquet,12270,56cb9131466124a5bfa9b402c0626d42bf990e22a89c04778303ade602156164,66,36,0,09:30:00,10:00:00,10:35:00
QQQ,20231206,D:\ThetaData\data_underlying_derived\QQQ\2023\12\QQQ_20231206.parquet,12829,1da4c564287fa5bd7ff5737379bb805be775d7ffc8ed66a7dfbdf925d78fcf54,66,36,0,09:30:00,10:00:00,10:35:00
QQQ,20231207,D:\ThetaData\data_underlying_derived\QQQ\2023\12\QQQ_20231207.parquet,12298,4570eb5e8526b927f175872484b42ae54d4e6c4b682e6b9b21a08c8f7d9e0c5c,66,36,0,09:30:00,10:00:00,10:35:00
QQQ,20231208,D:\ThetaData\data_underlying_derived\QQQ\2023\12\QQQ_20231208.parquet,12704,6b39e832222e530be84f63838ec640f883aa78ef527aad3b9d1b28a47aa98d71,66,36,0,09:30:00,10:00:00,10:35:00
QQQ,20231211,D:\ThetaData\data_underlying_derived\QQQ\2023\12\QQQ_20231211.parquet,12425,dd3efa1787be8d7a2516009dd3fb463c3ddfbd9cd0b9a7ec112f6ecd4e4d254a,66,36,0,09:30:00,10:00:00,10:35:00
QQQ,20231212,D:\ThetaData\data_underlying_derived\QQQ\2023\12\QQQ_20231212.parquet,12625,96a65d915fda3322a41a0ed052a114b6e8a89023d40e5b8b6884f0781b20d57a,66,36,0,09:30:00,10:00:00,10:35:00
QQQ,20231213,D:\ThetaData\data_underlying_derived\QQQ\2023\12\QQQ_20231213.parquet,13101,01c70792b4485634e16f9609d3d77eca9e0ad4fc426181bf607b9b05f2ba75dd,66,36,0,09:30:00,10:00:00,10:35:00
QQQ,20231214,D:\ThetaData\data_underlying_derived\QQQ\2023\12\QQQ_20231214.parquet,13403,20a060351853c7010b8b932479761d4d9c4d37af730eceb1b7325b415b5205e3,66,36,0,09:30:00,10:00:00,10:35:00
QQQ,20231215,D:\ThetaData\data_underlying_derived\QQQ\2023\12\QQQ_20231215.parquet,12284,27a68028d14685e6e32c0931e0274a3f74fba02b032c2c213d31ccfb69304864,66,36,0,09:30:00,10:00:00,10:35:00
QQQ,20231218,D:\ThetaData\data_underlying_derived\QQQ\2023\12\QQQ_20231218.parquet,12495,a12443b3050bf2c44a3c66812e65563611481dacb5aa25c609e91a8f31db2f3a,66,36,0,09:30:00,10:00:00,10:35:00
QQQ,20231219,D:\ThetaData\data_underlying_derived\QQQ\2023\12\QQQ_20231219.parquet,10875,7bf582ad7c01610bedd81fffea9018ee284e115c8262f503e4d05725841c64f3,66,36,0,09:30:00,10:00:00,10:35:00
QQQ,20231220,D:\ThetaData\data_underlying_derived\QQQ\2023\12\QQQ_20231220.parquet,12640,b562fc5adf0deb52280a25cbbbda1a3402efeb7ea19787059771d6bc3497f8db,66,36,0,09:30:00,10:00:00,10:35:00
QQQ,20231221,D:\ThetaData\data_underlying_derived\QQQ\2023\12\QQQ_20231221.parquet,12733,4f8f49b4187fe9439ebdc5ba3a19c747ef8e3ec1113438dfcc341cf5e3dc7c05,66,36,0,09:30:00,10:00:00,10:35:00
QQQ,20231222,D:\ThetaData\data_underlying_derived\QQQ\2023\12\QQQ_20231222.parquet,12157,3a962b0818264569d7c163d8573544647ef8302639ac043626cf8077cb537d5e,66,36,0,09:30:00,10:00:00,10:35:00
QQQ,20231226,D:\ThetaData\data_underlying_derived\QQQ\2023\12\QQQ_20231226.parquet,11438,7c56a8ed2a513e03073045e3886a75a6e0072ccc87ae28fb54a69528b2fe5436,66,36,0,09:30:00,10:00:00,10:35:00
QQQ,20231227,D:\ThetaData\data_underlying_derived\QQQ\2023\12\QQQ_20231227.parquet,11134,30b3db72ace6cce31290e2e9cfb2865f0647755a02c42f12a5ab86d4223deceb,66,36,0,09:30:00,10:00:00,10:35:00
QQQ,20231228,D:\ThetaData\data_underlying_derived\QQQ\2023\12\QQQ_20231228.parquet,10879,a74b3f8341e9f998061c8370e67f9036fd4ed025beac4824b712a9b4965dd2ac,66,36,0,09:30:00,10:00:00,10:35:00
QQQ,20231229,D:\ThetaData\data_underlying_derived\QQQ\2023\12\QQQ_20231229.parquet,12657,0b3ca2d0507cf391117d0bd0dff69955c80788969f529a0b354bc8bc8790eea6,66,36,0,09:30:00,10:00:00,10:35:00
QQQ,20240102,D:\ThetaData\data_underlying_derived\QQQ\2024\01\QQQ_20240102.parquet,13161,d61cd24208ee9d39ec57487c2ef9b3597daabc0974c9a4c729399eac7b2b24e7,66,36,0,09:30:00,10:00:00,10:35:00
QQQ,20240103,D:\ThetaData\data_underlying_derived\QQQ\2024\01\QQQ_20240103.parquet,12182,906e34ff3b33f9cb84542b6c6d40043d99e7900e2070ff98449b051665745ad2,66,36,0,09:30:00,10:00:00,10:35:00
QQQ,20240104,D:\ThetaData\data_underlying_derived\QQQ\2024\01\QQQ_20240104.parquet,12337,d3b6162acbf9aea40c15f5d686983cd1e447af131d23e2e92dd7fea4ba0680d4,66,36,0,09:30:00,10:00:00,10:35:00
QQQ,20240105,D:\ThetaData\data_underlying_derived\QQQ\2024\01\QQQ_20240105.parquet,13115,6fcc7f969cfbb51554f36d355eb8cf6b17a236760773cc3cba6eeb99c37a3a24,66,36,0,09:30:00,10:00:00,10:35:00
QQQ,20240108,D:\ThetaData\data_underlying_derived\QQQ\2024\01\QQQ_20240108.parquet,13461,cdcc06b5f8bdb364e557a6b30a596b40a2600d42ffddff70cf164bae908d3a49,66,36,0,09:30:00,10:00:00,10:35:00
QQQ,20240109,D:\ThetaData\data_underlying_derived\QQQ\2024\01\QQQ_20240109.parquet,12809,dfc57cac2d170a3463f51bb3748cd1db8238c123db95bdd942057b9a75a354bb,66,36,0,09:30:00,10:00:00,10:35:00
QQQ,20240110,D:\ThetaData\data_underlying_derived\QQQ\2024\01\QQQ_20240110.parquet,13137,f1dbe8150c7cdbbabb48a588120ee7cc896acbb590bb18602de7a57cb1e04e99,66,36,0,09:30:00,10:00:00,10:35:00
QQQ,20240111,D:\ThetaData\data_underlying_derived\QQQ\2024\01\QQQ_20240111.parquet,13462,de6bd335f3dfdc1228ee26a7bcf3bdc45d240bc0144ff8eda90acdb1b7e0c4c8,66,36,0,09:30:00,10:00:00,10:35:00
QQQ,20240112,D:\ThetaData\data_underlying_derived\QQQ\2024\01\QQQ_20240112.parquet,12072,1c14a773733f5aa53903a1208ba1b133543e0e1a950f57bbb9d392373b2747fe,66,36,0,09:30:00,10:00:00,10:35:00
QQQ,20240116,D:\ThetaData\data_underlying_derived\QQQ\2024\01\QQQ_20240116.parquet,12806,b7a80ca2d2161fd6bcf7ac34ef9d984649696e4c223ba43e5c852f8b730a7714,66,36,0,09:30:00,10:00:00,10:35:00
QQQ,20240117,D:\ThetaData\data_underlying_derived\QQQ\2024\01\QQQ_20240117.parquet,12845,641e180bbb2f2c44a8699379e098e517b3e8ca7cd46d3dbce08c9e8d7ac08d39,66,36,0,09:30:00,10:00:00,10:35:00
QQQ,20240118,D:\ThetaData\data_underlying_derived\QQQ\2024\01\QQQ_20240118.parquet,13009,4a589e57fe3ad78edecc9e1aea08ab94934d8f84222a19d39b9511c7e52dada5,66,36,0,09:30:00,10:00:00,10:35:00
QQQ,20240119,D:\ThetaData\data_underlying_derived\QQQ\2024\01\QQQ_20240119.parquet,13978,52882604a49d4071328fa26753a3b033b12fda3c86fca00c53af2f27fe936499,66,36,0,09:30:00,10:00:00,10:35:00
QQQ,20240122,D:\ThetaData\data_underlying_derived\QQQ\2024\01\QQQ_20240122.parquet,12040,58a7f08247d70f8448f31f2be11f04faaa42b1ad0ab477b783a597a26fcc16cf,66,36,0,09:30:00,10:00:00,10:35:00
QQQ,20240123,D:\ThetaData\data_underlying_derived\QQQ\2024\01\QQQ_20240123.parquet,12059,517e86f529b915e501f01883affbe3b22be465ccd4d3ec4322567eba2933a203,66,36,0,09:30:00,10:00:00,10:35:00
QQQ,20240124,D:\ThetaData\data_underlying_derived\QQQ\2024\01\QQQ_20240124.parquet,13120,323d7ba756ae0f02cfbb4c520305ce48bfc9d83f2c798ad98286ec11f096fe05,66,36,0,09:30:00,10:00:00,10:35:00
QQQ,20240125,D:\ThetaData\data_underlying_derived\QQQ\2024\01\QQQ_20240125.parquet,13355,7a8e0db58b7be221fbd9ae6dbd7f8f45ff129e9de4d49e298ff83b006611d788,66,36,0,09:30:00,10:00:00,10:35:00
QQQ,20240126,D:\ThetaData\data_underlying_derived\QQQ\2024\01\QQQ_20240126.parquet,12400,77684a224b744da14cf096b302a0c3586a9f55b7b49067028753c08e1f9879e8,66,36,0,09:30:00,10:00:00,10:35:00
QQQ,20240129,D:\ThetaData\data_underlying_derived\QQQ\2024\01\QQQ_20240129.parquet,12841,9a02859b77eb03b2ca544782d15906b62457eef5810db2019418aaa0a93bbc5e,66,36,0,09:30:00,10:00:00,10:35:00
QQQ,20240130,D:\ThetaData\data_underlying_derived\QQQ\2024\01\QQQ_20240130.parquet,12299,0a125c2c6bca5a01d4cf31738dca02a701148f3862b2a46cf14770f0b8c8841a,66,36,0,09:30:00,10:00:00,10:35:00
QQQ,20240131,D:\ThetaData\data_underlying_derived\QQQ\2024\01\QQQ_20240131.parquet,13016,bf6507e961798e7f12431cbec91d0a9cbe38a78442c02d82a6f3270c438f5377,66,36,0,09:30:00,10:00:00,10:35:00
QQQ,20240201,D:\ThetaData\data_underlying_derived\QQQ\2024\02\QQQ_20240201.parquet,13278,e7686f46758e9635bc4cc35dbf6856680aa871f72d9b8bd3d3ad4648ac5947cb,66,36,0,09:30:00,10:00:00,10:35:00
QQQ,20240202,D:\ThetaData\data_underlying_derived\QQQ\2024\02\QQQ_20240202.parquet,13326,2b78fda6ee64abe8b66209192f43a40483b4de791cf684cbef153cb3f6126be8,66,36,0,09:30:00,10:00:00,10:35:00
QQQ,20240205,D:\ThetaData\data_underlying_derived\QQQ\2024\02\QQQ_20240205.parquet,12826,298ca7c5c9eb9f2eae72e8ac61c1d2091e20e6aea58807f5e8026c2466e143b0,66,36,0,09:30:00,10:00:00,10:35:00
QQQ,20240206,D:\ThetaData\data_underlying_derived\QQQ\2024\02\QQQ_20240206.parquet,12500,d631db2fd8f5bb91c0498a94594571b88e90244b1c38e472453dde76bf47f6f0,66,36,0,09:30:00,10:00:00,10:35:00
QQQ,20240207,D:\ThetaData\data_underlying_derived\QQQ\2024\02\QQQ_20240207.parquet,12274,5259848c5191e72c1f4590d4296e02af015155ddcbefafc613b33fa308627261,66,36,0,09:30:00,10:00:00,10:35:00
QQQ,20240208,D:\ThetaData\data_underlying_derived\QQQ\2024\02\QQQ_20240208.parquet,11635,90d41fee57a38f0b8cebd3987c9bf2156d263a91dd4b30a87f0407febe81912f,66,36,0,09:30:00,10:00:00,10:35:00
QQQ,20240209,D:\ThetaData\data_underlying_derived\QQQ\2024\02\QQQ_20240209.parquet,12633,eafa31abe65c623aaa5425816341c1e101a320d3223a4b0e5e75f3ccca647e18,66,36,0,09:30:00,10:00:00,10:35:00
QQQ,20240212,D:\ThetaData\data_underlying_derived\QQQ\2024\02\QQQ_20240212.parquet,13082,c67ebd62f2315f09b815daa03c755f165a7fb6b55747a798be4291b6424efb98,66,36,0,09:30:00,10:00:00,10:35:00
QQQ,20240213,D:\ThetaData\data_underlying_derived\QQQ\2024\02\QQQ_20240213.parquet,13764,06ed72eaa110d9422737161c61e3976334e61f0b3702d6217ca09e43f7a0e841,66,36,0,09:30:00,10:00:00,10:35:00
QQQ,20240214,D:\ThetaData\data_underlying_derived\QQQ\2024\02\QQQ_20240214.parquet,13073,c021e8b5ff39b02a4ca7519887858970675be7f676c4dea2033968963620b4b4,66,36,0,09:30:00,10:00:00,10:35:00
QQQ,20240215,D:\ThetaData\data_underlying_derived\QQQ\2024\02\QQQ_20240215.parquet,12713,9eb0dfacbb52b8de7be0c8e4d8b78dd46458ef44227b1879ac36e400c162e304,66,36,0,09:30:00,10:00:00,10:35:00
QQQ,20240216,D:\ThetaData\data_underlying_derived\QQQ\2024\02\QQQ_20240216.parquet,13330,fa04847d87bd08aa5be79bcb7bd5fc38e320200a13559c6811cc815d92dc3576,66,36,0,09:30:00,10:00:00,10:35:00
QQQ,20240220,D:\ThetaData\data_underlying_derived\QQQ\2024\02\QQQ_20240220.parquet,12910,ab1e8ed9f134594b5ee73dccdf08eba5fb83840a2f93478bed494a6bdaa7836a,66,36,0,09:30:00,10:00:00,10:35:00
QQQ,20240221,D:\ThetaData\data_underlying_derived\QQQ\2024\02\QQQ_20240221.parquet,12638,934cf4599925a1aa48b59fa38d30bd61e974128b7a6711d328d567a5f3b76546,66,36,0,09:30:00,10:00:00,10:35:00
QQQ,20240222,D:\ThetaData\data_underlying_derived\QQQ\2024\02\QQQ_20240222.parquet,13478,0198f2e0a098981982c2c996fcc593f4388553a2fd06719b0fe45b4148e116cf,66,36,0,09:30:00,10:00:00,10:35:00
QQQ,20240223,D:\ThetaData\data_underlying_derived\QQQ\2024\02\QQQ_20240223.parquet,12773,3c9ebe6cba4f9f44134b4d042dd3681593ff1a71317146d64f08a9e8656ab329,66,36,0,09:30:00,10:00:00,10:35:00
QQQ,20240226,D:\ThetaData\data_underlying_derived\QQQ\2024\02\QQQ_20240226.parquet,11708,4e8bfcfda27e4e1a435341b664922a7f919b9df0f9d8bb1b6d9e172734061f3d,66,36,0,09:30:00,10:00:00,10:35:00
QQQ,20240227,D:\ThetaData\data_underlying_derived\QQQ\2024\02\QQQ_20240227.parquet,12095,17ba87c9fff3d18ce9dbd68c16b4e16e4f38b24d3b6d00ae44588f399c92e3f5,66,36,0,09:30:00,10:00:00,10:35:00
QQQ,20240228,D:\ThetaData\data_underlying_derived\QQQ\2024\02\QQQ_20240228.parquet,12011,c9e991a329a23f68ad16bba589de3afc43edaa75c6927d5216d838ea9da70f9e,66,36,0,09:30:00,10:00:00,10:35:00
QQQ,20240229,D:\ThetaData\data_underlying_derived\QQQ\2024\02\QQQ_20240229.parquet,12613,08e0cabcb26ee9d1428e78ddeb0311805242518d211df9512dd2d41a639cd7c0,66,36,0,09:30:00,10:00:00,10:35:00
QQQ,20240301,D:\ThetaData\data_underlying_derived\QQQ\2024\03\QQQ_20240301.parquet,13657,13f4620559960c127e1121d4baca080aebba74d07835f736af8050135dc4a03a,66,36,0,09:30:00,10:00:00,10:35:00
QQQ,20240304,D:\ThetaData\data_underlying_derived\QQQ\2024\03\QQQ_20240304.parquet,11605,e8af8d1ed7e61e9e56eb2c7da0019c40efa9bfadc1feeca96e35ed34837eb84f,66,36,0,09:30:00,10:00:00,10:35:00
QQQ,20240305,D:\ThetaData\data_underlying_derived\QQQ\2024\03\QQQ_20240305.parquet,13209,30b1257881992d8276bdf3a52604389e1eb39f60b80b0f934d660c21be7d748d,66,36,0,09:30:00,10:00:00,10:35:00
QQQ,20240306,D:\ThetaData\data_underlying_derived\QQQ\2024\03\QQQ_20240306.parquet,13326,2ed2c910efef046c8be8ccc4598ae2a9e22d7c0e9821b79c95900d2a54c96eee,66,36,0,09:30:00,10:00:00,10:35:00
QQQ,20240307,D:\ThetaData\data_underlying_derived\QQQ\2024\03\QQQ_20240307.parquet,13022,63531b6342345b433d947408f86bae485245bcf4e6cfd6bca420254d8131247d,66,36,0,09:30:00,10:00:00,10:35:00
QQQ,20240308,D:\ThetaData\data_underlying_derived\QQQ\2024\03\QQQ_20240308.parquet,14454,7404164fe7e604e9ec67e45dabe7013c0ec66f04f856ee7116ea3eca2d890b99,66,36,0,09:30:00,10:00:00,10:35:00
QQQ,20240311,D:\ThetaData\data_underlying_derived\QQQ\2024\03\QQQ_20240311.parquet,12216,c1828d9890646a5e33d026097dd3c02fd984f86afd211a8466c7f2a718642723,66,36,0,09:30:00,10:00:00,10:35:00
QQQ,20240312,D:\ThetaData\data_underlying_derived\QQQ\2024\03\QQQ_20240312.parquet,13506,77f3da0d8b2b66ac1b598099ff2532c8fd22ea994e7e9655f155f3ec45edbfd6,66,36,0,09:30:00,10:00:00,10:35:00
QQQ,20240313,D:\ThetaData\data_underlying_derived\QQQ\2024\03\QQQ_20240313.parquet,12219,8af1a1a1323c2d3d052314e3031781fdc36354c4ae14251d5d15242aa6d540c7,66,36,0,09:30:00,10:00:00,10:35:00
QQQ,20240314,D:\ThetaData\data_underlying_derived\QQQ\2024\03\QQQ_20240314.parquet,13173,0f305e3388586b0ad7d58f30f3941f7bb5ae1acec28242ee5a5ca985864b5f8d,66,36,0,09:30:00,10:00:00,10:35:00
QQQ,20240315,D:\ThetaData\data_underlying_derived\QQQ\2024\03\QQQ_20240315.parquet,12662,3ae43ad22f839400227d8d72a916de678548a902151649de236e473e5d1ef162,66,36,0,09:30:00,10:00:00,10:35:00
QQQ,20240318,D:\ThetaData\data_underlying_derived\QQQ\2024\03\QQQ_20240318.parquet,12637,343ee8f81b837d52b8e1a0f12d6dc7e491a0237e10210d8979c761d8ae646f6b,66,36,0,09:30:00,10:00:00,10:35:00
QQQ,20240319,D:\ThetaData\data_underlying_derived\QQQ\2024\03\QQQ_20240319.parquet,13233,33d2808f32b85179b398d9d5f20be60ed1d84d223cf37e01e2a206a7acf0bb58,66,36,0,09:30:00,10:00:00,10:35:00
QQQ,20240320,D:\ThetaData\data_underlying_derived\QQQ\2024\03\QQQ_20240320.parquet,12516,2ce80fd971c79ac7979ec26d4f7fece7e98a3158765cdfff9cd5beca8833c417,66,36,0,09:30:00,10:00:00,10:35:00
QQQ,20240321,D:\ThetaData\data_underlying_derived\QQQ\2024\03\QQQ_20240321.parquet,12941,65ca020a81ef7b36fc25b199ef037281ad311a76a3f0a06017864f6a3b9b3aae,66,36,0,09:30:00,10:00:00,10:35:00
QQQ,20240322,D:\ThetaData\data_underlying_derived\QQQ\2024\03\QQQ_20240322.parquet,12545,c5cedf316162b01cc2e8e867e534ccd513f059edc9bc36882ce3389a0030ee2f,66,36,0,09:30:00,10:00:00,10:35:00
QQQ,20240325,D:\ThetaData\data_underlying_derived\QQQ\2024\03\QQQ_20240325.parquet,11998,56b29b13ff7a30112d652a9d28e628b937ef07fbe6261995250c6a1c7f4262c3,66,36,0,09:30:00,10:00:00,10:35:00
QQQ,20240326,D:\ThetaData\data_underlying_derived\QQQ\2024\03\QQQ_20240326.parquet,12062,59bf789c3efd02dcc4727699d6cb6f81bc80cb944c122a320de137f002cad14b,66,36,0,09:30:00,10:00:00,10:35:00
QQQ,20240327,D:\ThetaData\data_underlying_derived\QQQ\2024\03\QQQ_20240327.parquet,11918,12d71463d616c8af092c96e3cd8eda2fb9d1405b1e300211fd11c2a042355efa,66,36,0,09:30:00,10:00:00,10:35:00
QQQ,20240328,D:\ThetaData\data_underlying_derived\QQQ\2024\03\QQQ_20240328.parquet,11508,eed10fc842f871316b04740f4e407ed8dc1df2e379b2e3f5d97107a53530434b,66,36,0,09:30:00,10:00:00,10:35:00
QQQ,20240401,D:\ThetaData\data_underlying_derived\QQQ\2024\04\QQQ_20240401.parquet,12294,fe45a33f784c9de1611a6b70358793eb52f96e35006bb56decc3eabe949eb8f2,66,36,0,09:30:00,10:00:00,10:35:00
QQQ,20240402,D:\ThetaData\data_underlying_derived\QQQ\2024\04\QQQ_20240402.parquet,12270,698c0cb3255063437b8e00adb4ecc969c1c688581a7dd3062b1cb47d4f4b5ca9,66,36,0,09:30:00,10:00:00,10:35:00
QQQ,20240403,D:\ThetaData\data_underlying_derived\QQQ\2024\04\QQQ_20240403.parquet,12440,b7c779bfad292bfdf8995088297d56fb594822282c9aec21ce39459d75a4feb1,66,36,0,09:30:00,10:00:00,10:35:00
QQQ,20240404,D:\ThetaData\data_underlying_derived\QQQ\2024\04\QQQ_20240404.parquet,13308,d9cabf53b9e962c303bda5efff8d57e8fab23f3deead0e20d2ed5f2265474a81,66,36,0,09:30:00,10:00:00,10:35:00
QQQ,20240405,D:\ThetaData\data_underlying_derived\QQQ\2024\04\QQQ_20240405.parquet,13314,0aeaab8194b92da249c50b0fdd1d86e0f02af0f665197e499192a7a9bb7d6c3c,66,36,0,09:30:00,10:00:00,10:35:00
QQQ,20240408,D:\ThetaData\data_underlying_derived\QQQ\2024\04\QQQ_20240408.parquet,11915,7a018eb971772c1531163d87133032e2ecc605dfd9df8fb016cf3b99e87dd1ab,66,36,0,09:30:00,10:00:00,10:35:00
QQQ,20240409,D:\ThetaData\data_underlying_derived\QQQ\2024\04\QQQ_20240409.parquet,13118,fa9e35186dd224fbf7585f026cabbe1f2800a9ceaf94846d4f72dedcfcd0532e,66,36,0,09:30:00,10:00:00,10:35:00
QQQ,20240410,D:\ThetaData\data_underlying_derived\QQQ\2024\04\QQQ_20240410.parquet,12201,d7bfa49841053a97959c06532ea6254be24c7cd6a359615de09eb2d4d81acb4e,66,36,0,09:30:00,10:00:00,10:35:00
QQQ,20240411,D:\ThetaData\data_underlying_derived\QQQ\2024\04\QQQ_20240411.parquet,13649,ddbf088fc539e4e7a71d9cd8a8027c1a921025802d0e77f2ce02d0c468c52344,66,36,0,09:30:00,10:00:00,10:35:00
QQQ,20240412,D:\ThetaData\data_underlying_derived\QQQ\2024\04\QQQ_20240412.parquet,13409,7f55f475347ea84458f4cc8ae6b08b29583406bc30d178d03090a0385bf7aea5,66,36,0,09:30:00,10:00:00,10:35:00
QQQ,20240415,D:\ThetaData\data_underlying_derived\QQQ\2024\04\QQQ_20240415.parquet,14221,28d9082259de31202baca1631ef4dd21ae6d0a4d431b4b35c3d030f44755bdc9,66,36,0,09:30:00,10:00:00,10:35:00
QQQ,20240416,D:\ThetaData\data_underlying_derived\QQQ\2024\04\QQQ_20240416.parquet,12470,916b079b1293d7e757f8b875713052dc88a34cf5394b29bcaa47dfdd1435dbd8,66,36,0,09:30:00,10:00:00,10:35:00
QQQ,20240417,D:\ThetaData\data_underlying_derived\QQQ\2024\04\QQQ_20240417.parquet,13929,e236fec5d7fe8a97ce7b09c25151eac08b83fcfe0cbe5892d1185dc645d24a01,66,36,0,09:30:00,10:00:00,10:35:00
QQQ,20240418,D:\ThetaData\data_underlying_derived\QQQ\2024\04\QQQ_20240418.parquet,13462,d2bb45194f37539e133a106b6b4096cea185b8c5189c797c7f3bad4e78cbdcf1,66,36,0,09:30:00,10:00:00,10:35:00
QQQ,20240419,D:\ThetaData\data_underlying_derived\QQQ\2024\04\QQQ_20240419.parquet,14455,c49f5c96d2e01622c1971b55b5d46c70d85aea4835a700c2ec3af482dd94827a,66,36,0,09:30:00,10:00:00,10:35:00
QQQ,20240422,D:\ThetaData\data_underlying_derived\QQQ\2024\04\QQQ_20240422.parquet,14144,90d18ae1228048662f152666cbf6aeb7974ebab1ba3c80665512db743cd8bce8,66,36,0,09:30:00,10:00:00,10:35:00
QQQ,20240423,D:\ThetaData\data_underlying_derived\QQQ\2024\04\QQQ_20240423.parquet,12929,c398d356205040664ed2fcd74a480547d1c5cba53467fa78dbb4a518aa7b3eef,66,36,0,09:30:00,10:00:00,10:35:00
QQQ,20240424,D:\ThetaData\data_underlying_derived\QQQ\2024\04\QQQ_20240424.parquet,13522,cf6819c0d62645a627df16f48847e6e5b9606e157634e1808485d7dad38fe255,66,36,0,09:30:00,10:00:00,10:35:00
QQQ,20240425,D:\ThetaData\data_underlying_derived\QQQ\2024\04\QQQ_20240425.parquet,14050,f2d8d116ffcf9394e221fbed1455a4bb39708e9283c36c7035ada91c5fd16d04,66,36,0,09:30:00,10:00:00,10:35:00
QQQ,20240426,D:\ThetaData\data_underlying_derived\QQQ\2024\04\QQQ_20240426.parquet,12633,c13947080e4b19385b9c5e4b12297df093bcfd0ec2056cde8b94f78359d43559,66,36,0,09:30:00,10:00:00,10:35:00
QQQ,20240429,D:\ThetaData\data_underlying_derived\QQQ\2024\04\QQQ_20240429.parquet,12341,de9af82b7ef669ce47e632d6aec454e0b5f47d36979cbffc4439fdf0e102c0db,66,36,0,09:30:00,10:00:00,10:35:00
QQQ,20240430,D:\ThetaData\data_underlying_derived\QQQ\2024\04\QQQ_20240430.parquet,13333,477ab4d5a158020e6c435c85fce94fba83e3c39672a84ff3d95ddcc280393e5d,66,36,0,09:30:00,10:00:00,10:35:00
QQQ,20240501,D:\ThetaData\data_underlying_derived\QQQ\2024\05\QQQ_20240501.parquet,13125,d4b119152a040a2df50f458b1ecf7b6f183468408bdf6810ad222a8e795e6366,66,36,0,09:30:00,10:00:00,10:35:00
QQQ,20240502,D:\ThetaData\data_underlying_derived\QQQ\2024\05\QQQ_20240502.parquet,13790,f56713b0aa9237ca00ee691e3403c7f83f9af7a5bcb5b40bdc3d0fa4edde5d4d,66,36,0,09:30:00,10:00:00,10:35:00
QQQ,20240503,D:\ThetaData\data_underlying_derived\QQQ\2024\05\QQQ_20240503.parquet,12245,b9ed13bdeb73c8e487344af1a5ac64b6f678135418a332f871a15bcadbee9602,66,36,0,09:30:00,10:00:00,10:35:00
QQQ,20240506,D:\ThetaData\data_underlying_derived\QQQ\2024\05\QQQ_20240506.parquet,12037,490213e8998b34d3b60ea325239bc5d818da2fbbd7720b8af2e9ed760cad7c79,66,36,0,09:30:00,10:00:00,10:35:00
QQQ,20240507,D:\ThetaData\data_underlying_derived\QQQ\2024\05\QQQ_20240507.parquet,11855,ad34e17e9a7ad9a64101948ffefecca17a66d93a15370126c18e4978eefe95c1,66,36,0,09:30:00,10:00:00,10:35:00
QQQ,20240508,D:\ThetaData\data_underlying_derived\QQQ\2024\05\QQQ_20240508.parquet,11852,9010074ad68d3be897a15deb2d821e42ac46d9b2b60866969fa3a0970c977072,66,36,0,09:30:00,10:00:00,10:35:00
QQQ,20240509,D:\ThetaData\data_underlying_derived\QQQ\2024\05\QQQ_20240509.parquet,11944,e40d8767f24147877acfb1285ff726a8c330a91c913734c1502b899baeddf869,66,36,0,09:30:00,10:00:00,10:35:00
QQQ,20240510,D:\ThetaData\data_underlying_derived\QQQ\2024\05\QQQ_20240510.parquet,11939,05ebbcf3e4be9f3dac4c85304fecbe453807de7ddce02061405cf3032ba1583b,66,36,0,09:30:00,10:00:00,10:35:00
QQQ,20240513,D:\ThetaData\data_underlying_derived\QQQ\2024\05\QQQ_20240513.parquet,10831,2fc5458bae5ffec826bbbdaf0aeef7ac28c97b738c94c4072f0317dbcd7e1ccf,66,36,0,09:30:00,10:00:00,10:35:00
QQQ,20240514,D:\ThetaData\data_underlying_derived\QQQ\2024\05\QQQ_20240514.parquet,12652,0a866d948e2fb7002da5df6de3b56986376bf5d47a7df77a488645b19654b95e,66,36,0,09:30:00,10:00:00,10:35:00
QQQ,20240515,D:\ThetaData\data_underlying_derived\QQQ\2024\05\QQQ_20240515.parquet,13229,bcb4419176bf6922f64ad92f96323455d5db3b109267607e0d2d2f8ec2691de6,66,36,0,09:30:00,10:00:00,10:35:00
QQQ,20240516,D:\ThetaData\data_underlying_derived\QQQ\2024\05\QQQ_20240516.parquet,12164,691cddb7f0c54e30c0a663300da1ab2cecdd258d3cd11d908151692d839096f0,66,36,0,09:30:00,10:00:00,10:35:00
QQQ,20240517,D:\ThetaData\data_underlying_derived\QQQ\2024\05\QQQ_20240517.parquet,11979,1beaef3535b2464b54177e622648f29dc27aceecd1e48b9b451cbc4551c5164d,66,36,0,09:30:00,10:00:00,10:35:00
QQQ,20240520,D:\ThetaData\data_underlying_derived\QQQ\2024\05\QQQ_20240520.parquet,11623,6a0cd3d4bc3edc76c389221444081763bbbd7705ebd2ba7d34e2c722c1f2ae27,66,36,0,09:30:00,10:00:00,10:35:00
QQQ,20240521,D:\ThetaData\data_underlying_derived\QQQ\2024\05\QQQ_20240521.parquet,11895,43d018e462dee8a93e163752d4bb8ee192cd676775cef9a709d65607125e4d8f,66,36,0,09:30:00,10:00:00,10:35:00
QQQ,20240522,D:\ThetaData\data_underlying_derived\QQQ\2024\05\QQQ_20240522.parquet,12260,8f921bda13112ff98facb0a76f7f3270da1e91f17e877a72670e212a59d6f007,66,36,0,09:30:00,10:00:00,10:35:00
QQQ,20240523,D:\ThetaData\data_underlying_derived\QQQ\2024\05\QQQ_20240523.parquet,13910,d1642aa31e168fb25b5016dda17cb3b4dd2424284a5af772fff9c7628e826e14,66,36,0,09:30:00,10:00:00,10:35:00
QQQ,20240524,D:\ThetaData\data_underlying_derived\QQQ\2024\05\QQQ_20240524.parquet,12615,68c76e9c52f3c1fdbcf21b2b45c4567a9bda30f5f03de0d9cb9767606a08f395,66,36,0,09:30:00,10:00:00,10:35:00
QQQ,20240528,D:\ThetaData\data_underlying_derived\QQQ\2024\05\QQQ_20240528.parquet,12213,897ab6dbbb15589b2e1ebd24e9a27f3f233faed58d75c2df4d72aed6498f091c,66,36,0,09:30:00,10:00:00,10:35:00
QQQ,20240529,D:\ThetaData\data_underlying_derived\QQQ\2024\05\QQQ_20240529.parquet,11725,d6dcdf886a0ff027edca40d3d3f85b3dcacd59e330992d35366ac009fd9549c0,66,36,0,09:30:00,10:00:00,10:35:00
QQQ,20240530,D:\ThetaData\data_underlying_derived\QQQ\2024\05\QQQ_20240530.parquet,12701,5ada58827e571368fd84153a2dcbd2c4f419b8ebcf52c6e392c5fa06a99d356a,66,36,0,09:30:00,10:00:00,10:35:00
QQQ,20240531,D:\ThetaData\data_underlying_derived\QQQ\2024\05\QQQ_20240531.parquet,14130,5a956e7945ad4336009e27d1ec9f08af5bcdd3fd2820046e740c5452c055b08c,66,36,0,09:30:00,10:00:00,10:35:00
QQQ,20240603,D:\ThetaData\data_underlying_derived\QQQ\2024\06\QQQ_20240603.parquet,13808,7eff89268017ba71c44d5a4fd4ecf4f892e0155e6336ac51f858dfa92f51a2be,66,36,0,09:30:00,10:00:00,10:35:00
QQQ,20240604,D:\ThetaData\data_underlying_derived\QQQ\2024\06\QQQ_20240604.parquet,12806,a004432584d936eb42e7a5d61b7a856c64dda0565e6316da422cade733240564,66,36,0,09:30:00,10:00:00,10:35:00
QQQ,20240605,D:\ThetaData\data_underlying_derived\QQQ\2024\06\QQQ_20240605.parquet,13143,4281b4030ac3812894088ec95c7cc832a8fae391715117a5c091198e23c84693,66,36,0,09:30:00,10:00:00,10:35:00
QQQ,20240606,D:\ThetaData\data_underlying_derived\QQQ\2024\06\QQQ_20240606.parquet,11736,5db9343e5b4d9883cbe94e0312fa8788e915bba7fa2d8a54a3d10e7d0191052c,66,36,0,09:30:00,10:00:00,10:35:00
QQQ,20240607,D:\ThetaData\data_underlying_derived\QQQ\2024\06\QQQ_20240607.parquet,12992,694b73091708dfe0166bb7a78c2b4606568d81de93da7bb9efa0db94981378da,66,36,0,09:30:00,10:00:00,10:35:00
QQQ,20240610,D:\ThetaData\data_underlying_derived\QQQ\2024\06\QQQ_20240610.parquet,12613,17f489f68d9c2d7bd2b082db57e08de8e8e475fb8651bc43d7bf197f47c76133,66,36,0,09:30:00,10:00:00,10:35:00
QQQ,20240611,D:\ThetaData\data_underlying_derived\QQQ\2024\06\QQQ_20240611.parquet,13440,d1e61480f9962b8ecffb4e3a1399b65c485a28b709b7d89b97d88f39fdf94294,66,36,0,09:30:00,10:00:00,10:35:00
QQQ,20240612,D:\ThetaData\data_underlying_derived\QQQ\2024\06\QQQ_20240612.parquet,12028,fb7183299b89e35eb1e66f1c1f93c42957e7ea32f5f8d4ed0f07411be7a30e14,66,36,0,09:30:00,10:00:00,10:35:00
QQQ,20240613,D:\ThetaData\data_underlying_derived\QQQ\2024\06\QQQ_20240613.parquet,12585,85903d35e56489ffce33bcb2ba345d137352f3fca20e1739a5d6380bec0d1373,66,36,0,09:30:00,10:00:00,10:35:00
QQQ,20240614,D:\ThetaData\data_underlying_derived\QQQ\2024\06\QQQ_20240614.parquet,12219,06c2694f6a3d1b61f75068aa68e6b5ee1dfcec20c1e97028e3d4218f1d11b5d0,66,36,0,09:30:00,10:00:00,10:35:00
QQQ,20240617,D:\ThetaData\data_underlying_derived\QQQ\2024\06\QQQ_20240617.parquet,13740,6f363a8746573cf2d6ce51b6770b083b476007eb3b5cfbb2303c014c5ba8f3c7,66,36,0,09:30:00,10:00:00,10:35:00
QQQ,20240618,D:\ThetaData\data_underlying_derived\QQQ\2024\06\QQQ_20240618.parquet,11781,1499e60d929a37becb6c4af425535ae8bf5d1d20ec99f69af7f0ad64f075bb96,66,36,0,09:30:00,10:00:00,10:35:00
QQQ,20240620,D:\ThetaData\data_underlying_derived\QQQ\2024\06\QQQ_20240620.parquet,13867,c7e63866fcee226a8bf3580074e6e383bda84cf4ad8cc9131bfe1bc1f4ab2e6e,66,36,0,09:30:00,10:00:00,10:35:00
QQQ,20240621,D:\ThetaData\data_underlying_derived\QQQ\2024\06\QQQ_20240621.parquet,12622,c3db5dc606c6863cfa21a98f65c260143c55a21548ea72f6dc8a991633b54147,66,36,0,09:30:00,10:00:00,10:35:00
QQQ,20240624,D:\ThetaData\data_underlying_derived\QQQ\2024\06\QQQ_20240624.parquet,13443,2d550196390734a9068d021d4e8b39d1e10b8d49c32ac66306a823bbb65dca9c,66,36,0,09:30:00,10:00:00,10:35:00
QQQ,20240625,D:\ThetaData\data_underlying_derived\QQQ\2024\06\QQQ_20240625.parquet,12848,871def2d9ccd623b88fef3d9a2065523e41fcaf45ad59e04ea4c913de72a16fd,66,36,0,09:30:00,10:00:00,10:35:00
QQQ,20240626,D:\ThetaData\data_underlying_derived\QQQ\2024\06\QQQ_20240626.parquet,12104,6e3304670d76208ab5587d045a169da4278e4c871518354de0207fe6df438615,66,36,0,09:30:00,10:00:00,10:35:00
QQQ,20240627,D:\ThetaData\data_underlying_derived\QQQ\2024\06\QQQ_20240627.parquet,12338,c3b3a2b1929c9dbb43eaa12e890638bcd700128aee6bb262528f041f217be7c7,66,36,0,09:30:00,10:00:00,10:35:00
QQQ,20240628,D:\ThetaData\data_underlying_derived\QQQ\2024\06\QQQ_20240628.parquet,13850,6025e5920d83cdb3bf16b789cceb55a40294963cba2297063a908237690e63b7,66,36,0,09:30:00,10:00:00,10:35:00
QQQ,20240701,D:\ThetaData\data_underlying_derived\QQQ\2024\07\QQQ_20240701.parquet,13046,bedb23237eab9586ec62d803785ba8330ca33c5b39c7009cd2aad21934801e70,66,36,0,09:30:00,10:00:00,10:35:00
QQQ,20240702,D:\ThetaData\data_underlying_derived\QQQ\2024\07\QQQ_20240702.parquet,13242,8a2901e450ccdc867054c273370f303f2f39ecbd4907d8433414c09cf38b90e0,66,36,0,09:30:00,10:00:00,10:35:00
QQQ,20240705,D:\ThetaData\data_underlying_derived\QQQ\2024\07\QQQ_20240705.parquet,12970,a7b435ea452a8625b6e14b992a3edb4a00388f6aebdc58cc1c66ea5fcfd118a5,66,36,0,09:30:00,10:00:00,10:35:00
QQQ,20240708,D:\ThetaData\data_underlying_derived\QQQ\2024\07\QQQ_20240708.parquet,11726,e743ebf19575c27a01c528e0b2f4c6032e3912d2815f7963c69b37d71c6d4d1c,66,36,0,09:30:00,10:00:00,10:35:00
QQQ,20240709,D:\ThetaData\data_underlying_derived\QQQ\2024\07\QQQ_20240709.parquet,12637,e4d7e87c6a7537916c89dde456b09f004c3b2a3608beb7e38124af220505b6d0,66,36,0,09:30:00,10:00:00,10:35:00
QQQ,20240710,D:\ThetaData\data_underlying_derived\QQQ\2024\07\QQQ_20240710.parquet,13027,aa90cdf17330761d25bf22b82c16fd5d84ad59f8ecc774b0c940e85aaab1277c,66,36,0,09:30:00,10:00:00,10:35:00
QQQ,20240711,D:\ThetaData\data_underlying_derived\QQQ\2024\07\QQQ_20240711.parquet,14124,df111b52eba59475cb07cb8cdb571ca3a63d4fac1e5817524775f369cdfc6a8e,66,36,0,09:30:00,10:00:00,10:35:00
QQQ,20240712,D:\ThetaData\data_underlying_derived\QQQ\2024\07\QQQ_20240712.parquet,13970,af90bf24473d486985649813537aa427339dce1b2eb0af338366c4f6c809b696,66,36,0,09:30:00,10:00:00,10:35:00
QQQ,20240715,D:\ThetaData\data_underlying_derived\QQQ\2024\07\QQQ_20240715.parquet,13718,def9740b45d7435ba7758af1d66af86f0504fa644741162df861e85b1d2347f7,66,36,0,09:30:00,10:00:00,10:35:00
QQQ,20240716,D:\ThetaData\data_underlying_derived\QQQ\2024\07\QQQ_20240716.parquet,12930,bdcdf8880d6b6517b677424d223b9a2afd8e8edfc82c818222916e8872a7b907,66,36,0,09:30:00,10:00:00,10:35:00
QQQ,20240717,D:\ThetaData\data_underlying_derived\QQQ\2024\07\QQQ_20240717.parquet,13111,0fbd7dd3e85c2273212bd543c287bc3041c03d9c7e1a07be62b9e0addcf92dc5,66,36,0,09:30:00,10:00:00,10:35:00
QQQ,20240718,D:\ThetaData\data_underlying_derived\QQQ\2024\07\QQQ_20240718.parquet,14229,28b65da157b2bb385b02015f7bb60691760fe9d009cc955ed1bcdbd09020855b,66,36,0,09:30:00,10:00:00,10:35:00
QQQ,20240719,D:\ThetaData\data_underlying_derived\QQQ\2024\07\QQQ_20240719.parquet,13720,4a94a20c1dde4c99721686d325c10f518828864da1ad1b9f78a3e70b762f69f0,66,36,0,09:30:00,10:00:00,10:35:00
QQQ,20240722,D:\ThetaData\data_underlying_derived\QQQ\2024\07\QQQ_20240722.parquet,13763,97da8ad3426065b3f344ceced95986114919caa32ba96406fea6b1d300a6487a,66,36,0,09:30:00,10:00:00,10:35:00
QQQ,20240723,D:\ThetaData\data_underlying_derived\QQQ\2024\07\QQQ_20240723.parquet,12705,5c5453654c981874066271893b3837edccc012de36b1d23a1705dddd97a1babc,66,36,0,09:30:00,10:00:00,10:35:00
QQQ,20240724,D:\ThetaData\data_underlying_derived\QQQ\2024\07\QQQ_20240724.parquet,14455,a306898104bcffdb7409ed817b3c4fdb0af551e651dba11cf515cff6b22896cb,66,36,0,09:30:00,10:00:00,10:35:00
QQQ,20240725,D:\ThetaData\data_underlying_derived\QQQ\2024\07\QQQ_20240725.parquet,14615,ddc4ce81e646dff7568b0d99c345770f79e5c9dd8de377dca19172671d40bbc0,66,36,0,09:30:00,10:00:00,10:35:00
QQQ,20240726,D:\ThetaData\data_underlying_derived\QQQ\2024\07\QQQ_20240726.parquet,13963,c66875bc0102971ca494dee6a697e19fe07f62e4f249e2acad22eb5a34394d95,66,36,0,09:30:00,10:00:00,10:35:00
QQQ,20240729,D:\ThetaData\data_underlying_derived\QQQ\2024\07\QQQ_20240729.parquet,13725,876f917ba0807010bbcd1fcbc0e7064edd4faa00330f9255af62f647711b4cd4,66,36,0,09:30:00,10:00:00,10:35:00
QQQ,20240730,D:\ThetaData\data_underlying_derived\QQQ\2024\07\QQQ_20240730.parquet,14139,e9ab0aedd26adfd40eb302a5196b2fc08a5698fbe431ade611e31630342f85fc,66,36,0,09:30:00,10:00:00,10:35:00
QQQ,20240731,D:\ThetaData\data_underlying_derived\QQQ\2024\07\QQQ_20240731.parquet,13227,3ddf3b8bd763968694573c9223b9beaeb684a3381ff749537597853177cf8429,66,36,0,09:30:00,10:00:00,10:35:00
QQQ,20240801,D:\ThetaData\data_underlying_derived\QQQ\2024\08\QQQ_20240801.parquet,15106,490b626678c9179eccbd08f1bb9e2e4a3654c664f6c3d5712f15315f2d405572,66,36,0,09:30:00,10:00:00,10:35:00
QQQ,20240802,D:\ThetaData\data_underlying_derived\QQQ\2024\08\QQQ_20240802.parquet,13917,302068b6acc0198074a4754d53cdf56167bf59cb05c30586aca144de09e043d6,66,36,0,09:30:00,10:00:00,10:35:00
QQQ,20240805,D:\ThetaData\data_underlying_derived\QQQ\2024\08\QQQ_20240805.parquet,14464,64e866a3b5df1f6b185fad7f6157b9b2cbf746e7cadc819752e7968810fe1ed7,66,36,0,09:30:00,10:00:00,10:35:00
QQQ,20240806,D:\ThetaData\data_underlying_derived\QQQ\2024\08\QQQ_20240806.parquet,14419,1cc6b5fb9c3d673c03f2accc20e2fa80e8acf0ea6e2791ddf0c9fe31b30d2478,66,36,0,09:30:00,10:00:00,10:35:00
QQQ,20240807,D:\ThetaData\data_underlying_derived\QQQ\2024\08\QQQ_20240807.parquet,14906,eeb31b8a69be337b7dbd436a52cfd663065503f47316bb1eae8c7d7e6a5c627f,66,36,0,09:30:00,10:00:00,10:35:00
QQQ,20240808,D:\ThetaData\data_underlying_derived\QQQ\2024\08\QQQ_20240808.parquet,14150,50153934d2bd79943d575357f8117c33c6a6587c7cf453ac2e99951a3f6433d2,66,36,0,09:30:00,10:00:00,10:35:00
QQQ,20240809,D:\ThetaData\data_underlying_derived\QQQ\2024\08\QQQ_20240809.parquet,13840,ea5807e8c040ca169ae5fd69a5f269a9d560fe022c586a6ea3b4696dc5c8b570,66,36,0,09:30:00,10:00:00,10:35:00
QQQ,20240812,D:\ThetaData\data_underlying_derived\QQQ\2024\08\QQQ_20240812.parquet,13109,8196dbb6adba8957e570b030e075c9e049a04deca41ce6d42a6ec1dc013686fc,66,36,0,09:30:00,10:00:00,10:35:00
QQQ,20240813,D:\ThetaData\data_underlying_derived\QQQ\2024\08\QQQ_20240813.parquet,13287,ca2600ad51f09bb71d0fafd7f1116c28d3c0234c374848d96fee68e4f4b6c9f9,66,36,0,09:30:00,10:00:00,10:35:00
QQQ,20240814,D:\ThetaData\data_underlying_derived\QQQ\2024\08\QQQ_20240814.parquet,12982,0b3112b104699a4cf392ea6f6edb14925305684f89bbc9b63a4213e8324e916f,66,36,0,09:30:00,10:00:00,10:35:00
QQQ,20240815,D:\ThetaData\data_underlying_derived\QQQ\2024\08\QQQ_20240815.parquet,13138,6793092b5f34c3d0176ef3d6a1f8fd8440518f9ff4c55ad2ab219de89907812e,66,36,0,09:30:00,10:00:00,10:35:00
QQQ,20240816,D:\ThetaData\data_underlying_derived\QQQ\2024\08\QQQ_20240816.parquet,12892,f1da55d97775186b5ea89d58b993eff3c6c29db7bee48f5cc304fd8ade3e6ea9,66,36,0,09:30:00,10:00:00,10:35:00
QQQ,20240819,D:\ThetaData\data_underlying_derived\QQQ\2024\08\QQQ_20240819.parquet,13686,23ec1d5ce314329760aa985e5a3ce51b528117ae8c526d81a47ae87eef5075b6,66,36,0,09:30:00,10:00:00,10:35:00
QQQ,20240820,D:\ThetaData\data_underlying_derived\QQQ\2024\08\QQQ_20240820.parquet,12853,46df9f8dd6b28dcbeaa01e5bc741b50447645d321739343b0532abf82f0d405d,66,36,0,09:30:00,10:00:00,10:35:00
QQQ,20240821,D:\ThetaData\data_underlying_derived\QQQ\2024\08\QQQ_20240821.parquet,12705,3b04ebc9c07fdafd3820e4a6d037c382bb1a5405997a50be936e3a08c16dd06b,66,36,0,09:30:00,10:00:00,10:35:00
QQQ,20240822,D:\ThetaData\data_underlying_derived\QQQ\2024\08\QQQ_20240822.parquet,14550,c1d1c9ef42a49f98a43e6e6bbcb7a536bac26a990946f654b2e86a1a6b6da124,66,36,0,09:30:00,10:00:00,10:35:00
QQQ,20240823,D:\ThetaData\data_underlying_derived\QQQ\2024\08\QQQ_20240823.parquet,13468,72759a3ddf0109f2777176845b3d2dfa42742961fa15c6192c75516e959b5400,66,36,0,09:30:00,10:00:00,10:35:00
QQQ,20240826,D:\ThetaData\data_underlying_derived\QQQ\2024\08\QQQ_20240826.parquet,13007,bf6cd2c56fcb462e7f1e192091d324390228543697c7dec77b86ff17e86e6430,66,36,0,09:30:00,10:00:00,10:35:00
QQQ,20240827,D:\ThetaData\data_underlying_derived\QQQ\2024\08\QQQ_20240827.parquet,12853,9b060dfe9f761e8629c23f2fad8f66650576a54149aaec40b66b707e7ec08d44,66,36,0,09:30:00,10:00:00,10:35:00
QQQ,20240828,D:\ThetaData\data_underlying_derived\QQQ\2024\08\QQQ_20240828.parquet,13722,6e0f594cf5649918d7ea69722a9545f74028b5ead6c273cd9ce4e24986bb11dc,66,36,0,09:30:00,10:00:00,10:35:00
QQQ,20240829,D:\ThetaData\data_underlying_derived\QQQ\2024\08\QQQ_20240829.parquet,13847,7ef3b8275b05434867dfd3adc4e87f7e4d4b06882facd4eb6cb37daf205a23de,66,36,0,09:30:00,10:00:00,10:35:00
QQQ,20240830,D:\ThetaData\data_underlying_derived\QQQ\2024\08\QQQ_20240830.parquet,13258,e87d2e811d8d719a5b893a76c8dbfd66f5355338f4b0494724acba973465682a,66,36,0,09:30:00,10:00:00,10:35:00
QQQ,20240903,D:\ThetaData\data_underlying_derived\QQQ\2024\09\QQQ_20240903.parquet,14268,de8fcea2d1f2d6a4e6d9d5ff84972fd9d3ca707d7fdb7274deed9c9561fb10b4,66,36,0,09:30:00,10:00:00,10:35:00
QQQ,20240904,D:\ThetaData\data_underlying_derived\QQQ\2024\09\QQQ_20240904.parquet,13487,2ac0ea3899e7786cdb7062f465b6932a6205e39a9f1bf2866d5471c34e0a5a7f,66,36,0,09:30:00,10:00:00,10:35:00
QQQ,20240905,D:\ThetaData\data_underlying_derived\QQQ\2024\09\QQQ_20240905.parquet,13655,97f9e818443394d944f5bbfbdf20861b9e2fbac8a956f0fb63dad2c967fd4004,66,36,0,09:30:00,10:00:00,10:35:00
QQQ,20240906,D:\ThetaData\data_underlying_derived\QQQ\2024\09\QQQ_20240906.parquet,13420,b33a909108eb59df5744a1dd4b3417d2a03d60a926456cc91ddbd0174cf13ad0,66,36,0,09:30:00,10:00:00,10:35:00
QQQ,20240909,D:\ThetaData\data_underlying_derived\QQQ\2024\09\QQQ_20240909.parquet,13553,bb9fb910a625ae746ddc57abf1a38787fd0c9910d81c29b65e1dc055942753e5,66,36,0,09:30:00,10:00:00,10:35:00
QQQ,20240910,D:\ThetaData\data_underlying_derived\QQQ\2024\09\QQQ_20240910.parquet,13860,69323bfef298fce5eef97916785f529e1a51687b92606ac8b75938cd6d7da203,66,36,0,09:30:00,10:00:00,10:35:00
QQQ,20240911,D:\ThetaData\data_underlying_derived\QQQ\2024\09\QQQ_20240911.parquet,15068,8e2cfc4c5c008ee3fcc9f8e93de86b541f205eca10566a22dd281b388c7b87c4,66,36,0,09:30:00,10:00:00,10:35:00
QQQ,20240912,D:\ThetaData\data_underlying_derived\QQQ\2024\09\QQQ_20240912.parquet,13794,c852497c264e77491d196dd3369bb3e14295008a1c3fdb220c0bbc795f86c575,66,36,0,09:30:00,10:00:00,10:35:00
QQQ,20240913,D:\ThetaData\data_underlying_derived\QQQ\2024\09\QQQ_20240913.parquet,12531,90a763265f99a64db18891c533e80ac1b70aa9c693ca2edbfe0ace9e9a457b86,66,36,0,09:30:00,10:00:00,10:35:00
QQQ,20240916,D:\ThetaData\data_underlying_derived\QQQ\2024\09\QQQ_20240916.parquet,12652,e5240c62737548c5baaa1f41a9440fe88024e602271dd3d416c731945d33dc22,66,36,0,09:30:00,10:00:00,10:35:00
QQQ,20240917,D:\ThetaData\data_underlying_derived\QQQ\2024\09\QQQ_20240917.parquet,13243,b880abdee49abd72a6296fb68bf6f29370b5a8ac7026cabbf344b9b2cb037f8b,66,36,0,09:30:00,10:00:00,10:35:00
QQQ,20240918,D:\ThetaData\data_underlying_derived\QQQ\2024\09\QQQ_20240918.parquet,13203,1ef541cbbe63c684c33fbdf1cf25b3416c871991b6c5cab33372c201edeb36f8,66,36,0,09:30:00,10:00:00,10:35:00
QQQ,20240919,D:\ThetaData\data_underlying_derived\QQQ\2024\09\QQQ_20240919.parquet,13106,aaef4fa32c6a7227f474d9bab77c6df7dd6ee18e42eb5c2b1803dcee51d42a17,66,36,0,09:30:00,10:00:00,10:35:00
QQQ,20240920,D:\ThetaData\data_underlying_derived\QQQ\2024\09\QQQ_20240920.parquet,13114,d6e71af176cc2ac3ae8313f080427d116bd670ce5ca6e78ce8c54729c6480c6c,66,36,0,09:30:00,10:00:00,10:35:00
QQQ,20240923,D:\ThetaData\data_underlying_derived\QQQ\2024\09\QQQ_20240923.parquet,11763,f8573fa289ed67f0fcdc42e31cfbc88e40f077bbe441db54599892efb7734ca2,66,36,0,09:30:00,10:00:00,10:35:00
QQQ,20240924,D:\ThetaData\data_underlying_derived\QQQ\2024\09\QQQ_20240924.parquet,13060,9fdea964a81df95cd3c6d2976441fa5b16275db766b07c894d314c0b8f8e9e8e,66,36,0,09:30:00,10:00:00,10:35:00
QQQ,20240925,D:\ThetaData\data_underlying_derived\QQQ\2024\09\QQQ_20240925.parquet,12142,d2051bbf27d5f15e05dd3237b801f4e8daea9bfe4db4063906dbfc43aae679b7,66,36,0,09:30:00,10:00:00,10:35:00
QQQ,20240926,D:\ThetaData\data_underlying_derived\QQQ\2024\09\QQQ_20240926.parquet,13379,e617e54fb736b95a89552de2684b5637504ae6c55ca48bb94f62b9e3b2c3f809,66,36,0,09:30:00,10:00:00,10:35:00
QQQ,20240927,D:\ThetaData\data_underlying_derived\QQQ\2024\09\QQQ_20240927.parquet,12720,d7904a90b0510b2141b8693b181d89dc45b350a3d242e6a33a9c04586c8e953a,66,36,0,09:30:00,10:00:00,10:35:00
QQQ,20240930,D:\ThetaData\data_underlying_derived\QQQ\2024\09\QQQ_20240930.parquet,12891,ee6091940528e2fb95a7ce0da89a3f0b3af091286b6793fd65e34d856949b52f,66,36,0,09:30:00,10:00:00,10:35:00
QQQ,20241001,D:\ThetaData\data_underlying_derived\QQQ\2024\10\QQQ_20241001.parquet,14021,f1271ff75aeeddf512301319c472397f3f9f63980856c64093986f574ee64e16,66,36,0,09:30:00,10:00:00,10:35:00
QQQ,20241002,D:\ThetaData\data_underlying_derived\QQQ\2024\10\QQQ_20241002.parquet,12985,a7fd76d981cbff26f15fee944d465fe49e9074a8b3b5e3b5e7bfb3bc83399a69,66,36,0,09:30:00,10:00:00,10:35:00
QQQ,20241003,D:\ThetaData\data_underlying_derived\QQQ\2024\10\QQQ_20241003.parquet,13064,059c02d09728b7ac9ac647174af1f531cf4aa45e6b21fea910907a67de21c720,66,36,0,09:30:00,10:00:00,10:35:00
QQQ,20241004,D:\ThetaData\data_underlying_derived\QQQ\2024\10\QQQ_20241004.parquet,13402,991ec4590c290af7da97728978e9e49115b4833b67c88ebfdfd21552e7f3d2bd,66,36,0,09:30:00,10:00:00,10:35:00
QQQ,20241007,D:\ThetaData\data_underlying_derived\QQQ\2024\10\QQQ_20241007.parquet,12631,c4e7525016e417b65f84cc25b658bdee57122cdfc3156a8e978710bca98ca56a,66,36,0,09:30:00,10:00:00,10:35:00
QQQ,20241008,D:\ThetaData\data_underlying_derived\QQQ\2024\10\QQQ_20241008.parquet,12887,ae967bd9200fab4c6a259b899a8aa4a1b0e29b94952902e2eb5fe298c9995682,66,36,0,09:30:00,10:00:00,10:35:00
QQQ,20241009,D:\ThetaData\data_underlying_derived\QQQ\2024\10\QQQ_20241009.parquet,13010,007561c18f582683120f1e0072f94c8cf0d08a327614c2cac79b5ce5622e6f80,66,36,0,09:30:00,10:00:00,10:35:00
QQQ,20241010,D:\ThetaData\data_underlying_derived\QQQ\2024\10\QQQ_20241010.parquet,12754,e0169588e6ba357d89fbdc989bc53cc082f007242cfad5f85ad42135c66823ce,66,36,0,09:30:00,10:00:00,10:35:00
QQQ,20241011,D:\ThetaData\data_underlying_derived\QQQ\2024\10\QQQ_20241011.parquet,12226,c68a21ea68737daed715ae2a239ec00fa96a1ccda1ecb978a4774ec5bef74727,66,36,0,09:30:00,10:00:00,10:35:00
QQQ,20241014,D:\ThetaData\data_underlying_derived\QQQ\2024\10\QQQ_20241014.parquet,12323,6d49cfe99bd00735546b18d47d42b84a2ffcd3fe21da3587a26fa4e3c8c32976,66,36,0,09:30:00,10:00:00,10:35:00
QQQ,20241015,D:\ThetaData\data_underlying_derived\QQQ\2024\10\QQQ_20241015.parquet,13463,2aa2563c466cdc7ae95057a07379955aa6c35346b4adb9149956fb194daf9d40,66,36,0,09:30:00,10:00:00,10:35:00
QQQ,20241016,D:\ThetaData\data_underlying_derived\QQQ\2024\10\QQQ_20241016.parquet,12700,4da6a01aae8aeacd4027e50a5e7951ecc9811262824ce4f84b057d8c667e06c6,66,36,0,09:30:00,10:00:00,10:35:00
QQQ,20241017,D:\ThetaData\data_underlying_derived\QQQ\2024\10\QQQ_20241017.parquet,13057,f42ed8d1772486f121d1b0d9b97ff418165a5b9abd43c447775470e66c456eac,66,36,0,09:30:00,10:00:00,10:35:00
QQQ,20241018,D:\ThetaData\data_underlying_derived\QQQ\2024\10\QQQ_20241018.parquet,11535,5d485741d47299cf820dfd78cd0b62ffb70e2dfa0fcf76950e20490de213fb05,66,36,0,09:30:00,10:00:00,10:35:00
QQQ,20241021,D:\ThetaData\data_underlying_derived\QQQ\2024\10\QQQ_20241021.parquet,12722,984478bd23ab3d7b4e4ef8376e52962e5641c265f22f444b569f848d4f1932ec,66,36,0,09:30:00,10:00:00,10:35:00
QQQ,20241022,D:\ThetaData\data_underlying_derived\QQQ\2024\10\QQQ_20241022.parquet,13066,a8ec89e05c066e7e79d394e14a432b9b5663bcf205f4e990557341d2fd8a2f95,66,36,0,09:30:00,10:00:00,10:35:00
QQQ,20241023,D:\ThetaData\data_underlying_derived\QQQ\2024\10\QQQ_20241023.parquet,14343,43ae1c79f94ff7575c6b25f241ccd7698853a101b52bfe15561dcc34ea862e94,66,36,0,09:30:00,10:00:00,10:35:00
QQQ,20241024,D:\ThetaData\data_underlying_derived\QQQ\2024\10\QQQ_20241024.parquet,12351,6e3fcb3ee1c77b915f5edeadcbd451afcb13e10f4acf1ca8543da6d17cf9cb17,66,36,0,09:30:00,10:00:00,10:35:00
QQQ,20241025,D:\ThetaData\data_underlying_derived\QQQ\2024\10\QQQ_20241025.parquet,13503,3ca7e43478eea663ba84cd39aa0543dcf9f7fb5ea229d8d4df4c4a7562fa3436,66,36,0,09:30:00,10:00:00,10:35:00
QQQ,20241028,D:\ThetaData\data_underlying_derived\QQQ\2024\10\QQQ_20241028.parquet,12176,635a919b8038917f19c18c2ce9eea9ec3401994decb8487f70c202573fe0f71c,66,36,0,09:30:00,10:00:00,10:35:00
QQQ,20241029,D:\ThetaData\data_underlying_derived\QQQ\2024\10\QQQ_20241029.parquet,13836,d454d4c0566ff447c493c58ae14a40517caaacb5de1fc8682ce813ee449d2bbb,66,36,0,09:30:00,10:00:00,10:35:00
QQQ,20241030,D:\ThetaData\data_underlying_derived\QQQ\2024\10\QQQ_20241030.parquet,12963,b1a7232da7318904deef9aaeff5cb71a41d28e18711795d3002bc399bf639868,66,36,0,09:30:00,10:00:00,10:35:00
QQQ,20241031,D:\ThetaData\data_underlying_derived\QQQ\2024\10\QQQ_20241031.parquet,13145,97be5859bc8baaed22431e96e443b468894256223a6e4476bf97908dee9eac0b,66,36,0,09:30:00,10:00:00,10:35:00
QQQ,20241101,D:\ThetaData\data_underlying_derived\QQQ\2024\11\QQQ_20241101.parquet,13006,990ddcdc68b709a9364b807372715c5853f7ddb518561a42dab86cf17e025bf3,66,36,0,09:30:00,10:00:00,10:35:00
QQQ,20241104,D:\ThetaData\data_underlying_derived\QQQ\2024\11\QQQ_20241104.parquet,12975,86c7762217bc0bb7d41adc4c497adcb40624da8d497ec861f7c2561873164b4b,66,36,0,09:30:00,10:00:00,10:35:00
QQQ,20241105,D:\ThetaData\data_underlying_derived\QQQ\2024\11\QQQ_20241105.parquet,12733,8039650d21af090b0daf3738a568862110ac8f67e88421a79e75fcd74311459f,66,36,0,09:30:00,10:00:00,10:35:00
QQQ,20241106,D:\ThetaData\data_underlying_derived\QQQ\2024\11\QQQ_20241106.parquet,13776,f36857ce9270e388ade513bb27be00ff68d085d0f950ebedd4b44aa76afafed5,66,36,0,09:30:00,10:00:00,10:35:00
QQQ,20241107,D:\ThetaData\data_underlying_derived\QQQ\2024\11\QQQ_20241107.parquet,13117,ed6f7a9c283044a9eb1b68e9bd5a374ad83c12c6a1440be01467464958695d1b,66,36,0,09:30:00,10:00:00,10:35:00
QQQ,20241108,D:\ThetaData\data_underlying_derived\QQQ\2024\11\QQQ_20241108.parquet,11923,cacdc560f5e01fdec4db74098943e4a7fb5c98be20f49e658b30d65be65bca9f,66,36,0,09:30:00,10:00:00,10:35:00
QQQ,20241111,D:\ThetaData\data_underlying_derived\QQQ\2024\11\QQQ_20241111.parquet,12468,f8e2b04086008b0b59ecab852dab64b51bc3ecb2a38a3dd7f5874f3ab650d494,66,36,0,09:30:00,10:00:00,10:35:00
QQQ,20241112,D:\ThetaData\data_underlying_derived\QQQ\2024\11\QQQ_20241112.parquet,12776,72da3df2bbfe81eede1111c02d4deb7d5bd75c18ce2fef1eaa23fb7224d8ee8d,66,36,0,09:30:00,10:00:00,10:35:00
QQQ,20241113,D:\ThetaData\data_underlying_derived\QQQ\2024\11\QQQ_20241113.parquet,13254,5124a139caad83da6b5c4022821fd71eea012a7adfda7a66e02d2dad45454d44,66,36,0,09:30:00,10:00:00,10:35:00
QQQ,20241114,D:\ThetaData\data_underlying_derived\QQQ\2024\11\QQQ_20241114.parquet,12930,679dd588b7b98bdd52c9190b1141ac892ae15016f2d42be7df697c12d6edb434,66,36,0,09:30:00,10:00:00,10:35:00
QQQ,20241115,D:\ThetaData\data_underlying_derived\QQQ\2024\11\QQQ_20241115.parquet,13893,9d16cc2e80cf5e99c31c77a05625ac9f2c7e3b483fb5f05a56d97e57ac6fec1a,66,36,0,09:30:00,10:00:00,10:35:00
QQQ,20241118,D:\ThetaData\data_underlying_derived\QQQ\2024\11\QQQ_20241118.parquet,12878,97f05231247e80f215992e74c2af90d51c80d0cbc5b38d213e640ec628a1e1a5,66,36,0,09:30:00,10:00:00,10:35:00
QQQ,20241119,D:\ThetaData\data_underlying_derived\QQQ\2024\11\QQQ_20241119.parquet,13625,70db467577db9dceb32349c57daa5160fa22fdeba334fee903237d2c8b3f5dcb,66,36,0,09:30:00,10:00:00,10:35:00
QQQ,20241120,D:\ThetaData\data_underlying_derived\QQQ\2024\11\QQQ_20241120.parquet,13206,af28b6aa02a5e89fd4e13552b6f43f464538318212c7dba4a2490be6e3692486,66,36,0,09:30:00,10:00:00,10:35:00
QQQ,20241121,D:\ThetaData\data_underlying_derived\QQQ\2024\11\QQQ_20241121.parquet,13751,7d7f17ff249ceff1914d59be7ba0150cc0c56be9707dbf7988ded4630cf4b21b,66,36,0,09:30:00,10:00:00,10:35:00
QQQ,20241122,D:\ThetaData\data_underlying_derived\QQQ\2024\11\QQQ_20241122.parquet,12374,d4c82816823f08102f838682236e1c92842893a035eae3fbee8067bae4358695,66,36,0,09:30:00,10:00:00,10:35:00
QQQ,20241125,D:\ThetaData\data_underlying_derived\QQQ\2024\11\QQQ_20241125.parquet,13004,53c47c193de9233093c3d619725b83de4b6dedaa6dbe0bc14d2c4db52d28a8ba,66,36,0,09:30:00,10:00:00,10:35:00
QQQ,20241126,D:\ThetaData\data_underlying_derived\QQQ\2024\11\QQQ_20241126.parquet,11817,cfba6967973753bd7f9d0152722c9f7bb4468011e0d32a0b09ab67a055e6a98b,66,36,0,09:30:00,10:00:00,10:35:00
QQQ,20241127,D:\ThetaData\data_underlying_derived\QQQ\2024\11\QQQ_20241127.parquet,13223,7e3b46b95dd5fefdde0235c1edcdb23151d506908043c780b1c00936d16b7e39,66,36,0,09:30:00,10:00:00,10:35:00
QQQ,20241202,D:\ThetaData\data_underlying_derived\QQQ\2024\12\QQQ_20241202.parquet,12544,f6dd51eb3b4e293e9bf8bffd78ace8c1072b7c70796c195fc1361a3b5c05dfea,66,36,0,09:30:00,10:00:00,10:35:00
QQQ,20241203,D:\ThetaData\data_underlying_derived\QQQ\2024\12\QQQ_20241203.parquet,12152,cfe05cad525e2abe721abe29bf579112c69ec322245876e41ba33bedce276903,66,36,0,09:30:00,10:00:00,10:35:00
QQQ,20241204,D:\ThetaData\data_underlying_derived\QQQ\2024\12\QQQ_20241204.parquet,12413,6f930ef627c4288043f43a2abaa5d0dc635a301e348e87f05e61153e94c8562d,66,36,0,09:30:00,10:00:00,10:35:00
QQQ,20241205,D:\ThetaData\data_underlying_derived\QQQ\2024\12\QQQ_20241205.parquet,12083,f826a9afaf82ca569a95bf000267c5cd7437a76a91101a5d32014a4fe12b026f,66,36,0,09:30:00,10:00:00,10:35:00
QQQ,20241206,D:\ThetaData\data_underlying_derived\QQQ\2024\12\QQQ_20241206.parquet,11947,c3d781c90ba7aa0ff3f97948fdfee6056e06bf4747792a30c202b575aba27237,66,36,0,09:30:00,10:00:00,10:35:00
QQQ,20241209,D:\ThetaData\data_underlying_derived\QQQ\2024\12\QQQ_20241209.parquet,12829,6853506a457d563d697a3a86441d8f4d4ea75ad65a6bde19d117321a9c034431,66,36,0,09:30:00,10:00:00,10:35:00
QQQ,20241210,D:\ThetaData\data_underlying_derived\QQQ\2024\12\QQQ_20241210.parquet,13465,c6e802d83d85a52a2568c8eb2654e3681fc02ef7bd9c17f3d3fd7397c3093da2,66,36,0,09:30:00,10:00:00,10:35:00
QQQ,20241211,D:\ThetaData\data_underlying_derived\QQQ\2024\12\QQQ_20241211.parquet,12830,e80e530ef2737f7b3cd1245953d2582b63481bfb31978ff630a8c72c5a36e886,66,36,0,09:30:00,10:00:00,10:35:00
QQQ,20241212,D:\ThetaData\data_underlying_derived\QQQ\2024\12\QQQ_20241212.parquet,12224,409399f3c9412147a6cab9deb7dd40dcb715b71a0abcb1b25b93bee133805807,66,36,0,09:30:00,10:00:00,10:35:00
QQQ,20241213,D:\ThetaData\data_underlying_derived\QQQ\2024\12\QQQ_20241213.parquet,13276,67abbbe6c618eeabbf7acdb06b1aad556e3dbcd84bbfc06bf57869128fa8d469,66,36,0,09:30:00,10:00:00,10:35:00
QQQ,20241216,D:\ThetaData\data_underlying_derived\QQQ\2024\12\QQQ_20241216.parquet,13556,9c151c6fb568ebc34a4959e8fa22a7540d412a45dd648c27e57af4a5f86941f3,66,36,0,09:30:00,10:00:00,10:35:00
QQQ,20241217,D:\ThetaData\data_underlying_derived\QQQ\2024\12\QQQ_20241217.parquet,12558,f72ebc552bac80a474dfe674627ed53c8a0c82d7a4f8fdbcbdb85ecc96e63716,66,36,0,09:30:00,10:00:00,10:35:00
QQQ,20241218,D:\ThetaData\data_underlying_derived\QQQ\2024\12\QQQ_20241218.parquet,13320,e316489eddf871427396b97f807de0ecb457536a5834697303da389aa412d892,66,36,0,09:30:00,10:00:00,10:35:00
QQQ,20241219,D:\ThetaData\data_underlying_derived\QQQ\2024\12\QQQ_20241219.parquet,13513,7deb6509235b7e54df1475c42eecfe934188f7c3e4d7d83b56aea030f4c4a66c,66,36,0,09:30:00,10:00:00,10:35:00
QQQ,20241220,D:\ThetaData\data_underlying_derived\QQQ\2024\12\QQQ_20241220.parquet,14250,630dd21029a8eeb10568258e999b3ed3e192df7feb7f6df06b7a506bb50ca131,66,36,0,09:30:00,10:00:00,10:35:00
QQQ,20241223,D:\ThetaData\data_underlying_derived\QQQ\2024\12\QQQ_20241223.parquet,13739,2ef112124479f6e40906e0c8338257c6c97eee1478c39b689395a3ded02ce7d8,66,36,0,09:30:00,10:00:00,10:35:00
QQQ,20241226,D:\ThetaData\data_underlying_derived\QQQ\2024\12\QQQ_20241226.parquet,12461,3750ea21fbda4c5ba36fe87117748b1609b5846ce696e38266c1d56be07433da,66,36,0,09:30:00,10:00:00,10:35:00
QQQ,20241227,D:\ThetaData\data_underlying_derived\QQQ\2024\12\QQQ_20241227.parquet,13837,3fb44c52c32771201cc48bcd7a39f936fe23d13ded385b9c584c6dbedd34c62e,66,36,0,09:30:00,10:00:00,10:35:00
QQQ,20241230,D:\ThetaData\data_underlying_derived\QQQ\2024\12\QQQ_20241230.parquet,13854,55930dec072b624d4d0b7c514482421078f41a668043d5ca7ada0a818f0a4397,66,36,0,09:30:00,10:00:00,10:35:00
QQQ,20241231,D:\ThetaData\data_underlying_derived\QQQ\2024\12\QQQ_20241231.parquet,13950,c231b4c97bb8f667f1fc7c99de2616e4eacc291b28e8da306d4ea1bbad63a1c3,66,36,0,09:30:00,10:00:00,10:35:00
SPXW,20230103,D:\ThetaData\data_underlying_derived\SPXW\2023\01\SPXW_20230103.parquet,16225,d659203251cc22118952ca26fdc17c1d77296184d00e4c42e9933fe7e60b2000,66,36,0,09:30:00,10:00:00,10:35:00
SPXW,20230104,D:\ThetaData\data_underlying_derived\SPXW\2023\01\SPXW_20230104.parquet,16327,e3142457b6b09dff3df65a2e7fdff18fc669761893fc7f76d9602b3bd34a45b1,66,36,0,09:30:00,10:00:00,10:35:00
SPXW,20230105,D:\ThetaData\data_underlying_derived\SPXW\2023\01\SPXW_20230105.parquet,15774,5f140163c8aa777f9acade65a66366add35db3d8720a82db1c02bed39515299b,66,36,0,09:30:00,10:00:00,10:35:00
SPXW,20230106,D:\ThetaData\data_underlying_derived\SPXW\2023\01\SPXW_20230106.parquet,16222,9b0c64d5c6bc54775005c0541b3a9524087bd3ab6ecbb40ec6c231660a01cb78,66,36,0,09:30:00,10:00:00,10:35:00
SPXW,20230109,D:\ThetaData\data_underlying_derived\SPXW\2023\01\SPXW_20230109.parquet,16163,ec1322d72890a7cf4e2b94f7e4e2c65d5892f729600c237df744c2dde8645445,66,36,0,09:30:00,10:00:00,10:35:00
SPXW,20230110,D:\ThetaData\data_underlying_derived\SPXW\2023\01\SPXW_20230110.parquet,15927,7bd07a2e85a0d6fac239e26712a0cd536514a78bba2f735815786e83fa9596ba,66,36,0,09:30:00,10:00:00,10:35:00
SPXW,20230111,D:\ThetaData\data_underlying_derived\SPXW\2023\01\SPXW_20230111.parquet,16000,9fc26948abfe393479641a1a104941327f257fbc60cb32802ea2f5b64befc63f,66,36,0,09:30:00,10:00:00,10:35:00
SPXW,20230112,D:\ThetaData\data_underlying_derived\SPXW\2023\01\SPXW_20230112.parquet,16238,49fe2c845f250ca99ec86dedd91bcf8194ff283f380a094884c32bac669ccb1c,66,36,0,09:30:00,10:00:00,10:35:00
SPXW,20230113,D:\ThetaData\data_underlying_derived\SPXW\2023\01\SPXW_20230113.parquet,15976,8b351d1e555a8a15302026f24024fee3ffa81bca8beda3738c86b7cad4510d42,66,36,0,09:30:00,10:00:00,10:35:00
SPXW,20230117,D:\ThetaData\data_underlying_derived\SPXW\2023\01\SPXW_20230117.parquet,15399,b218446dc0ccb9f13bfb906ce33bfab2eab15fe3a14127a1121328fff1751c29,66,36,0,09:30:00,10:00:00,10:35:00
SPXW,20230118,D:\ThetaData\data_underlying_derived\SPXW\2023\01\SPXW_20230118.parquet,16318,eb94e84d81127aec49645f7d549b0111c894c38059b8a07ef3a5088a94f16d17,66,36,0,09:30:00,10:00:00,10:35:00
SPXW,20230119,D:\ThetaData\data_underlying_derived\SPXW\2023\01\SPXW_20230119.parquet,16000,b3531da5452ef8e3e46192d90f9099ce5d12b54790bc80b99b002e2557f499f7,66,36,0,09:30:00,10:00:00,10:35:00
SPXW,20230120,D:\ThetaData\data_underlying_derived\SPXW\2023\01\SPXW_20230120.parquet,16183,735984b0db68c3e4a57e1790447935074d5859cbe0813406913856ae37749beb,66,36,0,09:30:00,10:00:00,10:35:00
SPXW,20230123,D:\ThetaData\data_underlying_derived\SPXW\2023\01\SPXW_20230123.parquet,16084,0a16d0d349c31c2c27065f67137bf7849eaf415b4c04153592e7655514b6f674,66,36,0,09:30:00,10:00:00,10:35:00
SPXW,20230124,D:\ThetaData\data_underlying_derived\SPXW\2023\01\SPXW_20230124.parquet,15507,e2ace35d406bf11ab170f258d457633797b6d798cd8fb2ed6e7231b546857718,66,36,0,09:30:00,10:00:00,10:35:00
SPXW,20230125,D:\ThetaData\data_underlying_derived\SPXW\2023\01\SPXW_20230125.parquet,16380,48272c8b8453b0894ed66de532d11b310b2f995b6ca9ffc78ecada82fa5644fc,66,36,0,09:30:00,10:00:00,10:35:00
SPXW,20230126,D:\ThetaData\data_underlying_derived\SPXW\2023\01\SPXW_20230126.parquet,16156,f3af38275a7488bcd3090594a2e026d563a110db503a5c977edacac30f9195b6,66,36,0,09:30:00,10:00:00,10:35:00
SPXW,20230127,D:\ThetaData\data_underlying_derived\SPXW\2023\01\SPXW_20230127.parquet,15980,493c7ddcf3f07b95d08ffd27afa56983a507e5265ed4fa18a0eb0311045293f3,66,36,0,09:30:00,10:00:00,10:35:00
SPXW,20230130,D:\ThetaData\data_underlying_derived\SPXW\2023\01\SPXW_20230130.parquet,16101,b98596694b9158dbae996778a1d68ebfa5e37e4f8813ef6de152852bc71e4b89,66,36,0,09:30:00,10:00:00,10:35:00
SPXW,20230131,D:\ThetaData\data_underlying_derived\SPXW\2023\01\SPXW_20230131.parquet,15921,c4e7b3424f6549e140633735ae989dd407dcef795018e6d11090a0ff4819c5de,66,36,0,09:30:00,10:00:00,10:35:00
SPXW,20230201,D:\ThetaData\data_underlying_derived\SPXW\2023\02\SPXW_20230201.parquet,16291,ad26f5e5c0891602f065bf3ce5398476f0c8c53e051fba23a433b4a67841fe4f,66,36,0,09:30:00,10:00:00,10:35:00
SPXW,20230202,D:\ThetaData\data_underlying_derived\SPXW\2023\02\SPXW_20230202.parquet,16247,839b37db2c0fb1c0687b68c9ffc2800fe5ed712ffcff6a5d8bfe8b764466aa31,66,36,0,09:30:00,10:00:00,10:35:00
SPXW,20230203,D:\ThetaData\data_underlying_derived\SPXW\2023\02\SPXW_20230203.parquet,16364,13df5334b124d98323becc9224e9f4a4f9913e3903726aeafe1b66f66e98e784,66,36,0,09:30:00,10:00:00,10:35:00
SPXW,20230206,D:\ThetaData\data_underlying_derived\SPXW\2023\02\SPXW_20230206.parquet,15749,911372b8dc410216fce8295fd66a8735fcc388eca732fb498002a78b36af8e4d,66,36,0,09:30:00,10:00:00,10:35:00
SPXW,20230207,D:\ThetaData\data_underlying_derived\SPXW\2023\02\SPXW_20230207.parquet,16501,42e79e83f3d1aef4b4696e61b0c84390cd09702ed67591730a6ade1c0daedd5c,66,36,0,09:30:00,10:00:00,10:35:00
SPXW,20230208,D:\ThetaData\data_underlying_derived\SPXW\2023\02\SPXW_20230208.parquet,16231,50d218a8ba51e0167b9f483c15c8b07ca0c15f14063284616a75118f385ff9e9,66,36,0,09:30:00,10:00:00,10:35:00
SPXW,20230209,D:\ThetaData\data_underlying_derived\SPXW\2023\02\SPXW_20230209.parquet,16735,9bd905b78352626fb53ca4163b2a5d7960efdaaea2e308e9bf4d6b73f9ec7baf,66,36,0,09:30:00,10:00:00,10:35:00
SPXW,20230210,D:\ThetaData\data_underlying_derived\SPXW\2023\02\SPXW_20230210.parquet,15803,4604517b36157765da5ca47aebfa07ea8c7b7b37f06b4662933bdbc4743771d3,66,36,0,09:30:00,10:00:00,10:35:00
SPXW,20230213,D:\ThetaData\data_underlying_derived\SPXW\2023\02\SPXW_20230213.parquet,16059,2b373637918ead33f39ebeadf294b4ba3d379dd6f8b41da1ac6c3480c771f844,66,36,0,09:30:00,10:00:00,10:35:00
SPXW,20230214,D:\ThetaData\data_underlying_derived\SPXW\2023\02\SPXW_20230214.parquet,16434,a41c62fefed05fee58cd5bc8d2c176ddbc9b85edc371929cfa9f909fdc26932a,66,36,0,09:30:00,10:00:00,10:35:00
SPXW,20230215,D:\ThetaData\data_underlying_derived\SPXW\2023\02\SPXW_20230215.parquet,16192,d1ca3ffe2d6cb96cf6ae5e369cd9918798d3691968dc3138a46c581668b999f0,66,36,0,09:30:00,10:00:00,10:35:00
SPXW,20230216,D:\ThetaData\data_underlying_derived\SPXW\2023\02\SPXW_20230216.parquet,16469,64fd6b433265a77ecf3c957d7910442428934b3e64b3046e21eaf01a24e2cb04,66,36,0,09:30:00,10:00:00,10:35:00
SPXW,20230217,D:\ThetaData\data_underlying_derived\SPXW\2023\02\SPXW_20230217.parquet,15928,8f66fef357a8c9ac76ae9774bf7a6f94ac19adf29e6e66a6601fda0a14535833,66,36,0,09:30:00,10:00:00,10:35:00
SPXW,20230221,D:\ThetaData\data_underlying_derived\SPXW\2023\02\SPXW_20230221.parquet,16062,c288d8cdf06578a45687ee201842f5dd5e31d5062c9f36d7a81b1fd94631a244,66,36,0,09:30:00,10:00:00,10:35:00
SPXW,20230222,D:\ThetaData\data_underlying_derived\SPXW\2023\02\SPXW_20230222.parquet,15908,04c563ef48c6312cfddea9e260d590b2607d217f8be956222e8d6202f5ded7f2,66,36,0,09:30:00,10:00:00,10:35:00
SPXW,20230223,D:\ThetaData\data_underlying_derived\SPXW\2023\02\SPXW_20230223.parquet,16230,90d5686e87a733700bd5907a1d1222f183f5a2337e019333c72eb35aa394e0a4,66,36,0,09:30:00,10:00:00,10:35:00
SPXW,20230224,D:\ThetaData\data_underlying_derived\SPXW\2023\02\SPXW_20230224.parquet,16094,c3bc8ec1f3d5ec5e8bc18ba933206f21d674e1a76aeed18c7d0c3e5c76890cd9,66,36,0,09:30:00,10:00:00,10:35:00
SPXW,20230227,D:\ThetaData\data_underlying_derived\SPXW\2023\02\SPXW_20230227.parquet,15944,1bc09156d2f206fc2857b7c11e89fddd3427733ffb3fa4980ae86f18d0a9db5a,66,36,0,09:30:00,10:00:00,10:35:00
SPXW,20230228,D:\ThetaData\data_underlying_derived\SPXW\2023\02\SPXW_20230228.parquet,15753,0eb44c1f8e8ef8ef0bf220a7b8770240ecfac51de11160bae35bbaa1654109d3,66,36,0,09:30:00,10:00:00,10:35:00
SPXW,20230301,D:\ThetaData\data_underlying_derived\SPXW\2023\03\SPXW_20230301.parquet,15758,e24e8ef79fb39a6f597e09a7eea1ec8851ad1c7e8e3da9bba65e98af883401a9,66,36,0,09:30:00,10:00:00,10:35:00
SPXW,20230302,D:\ThetaData\data_underlying_derived\SPXW\2023\03\SPXW_20230302.parquet,16131,1207d47511025a9f5cade41165755272f154c4ca5d23a57f4c6f3df68a0bfc08,66,36,0,09:30:00,10:00:00,10:35:00
SPXW,20230303,D:\ThetaData\data_underlying_derived\SPXW\2023\03\SPXW_20230303.parquet,15942,38529f37032f9e78cdff8e779373452687076626b1080df45fb33241abed196c,66,36,0,09:30:00,10:00:00,10:35:00
SPXW,20230306,D:\ThetaData\data_underlying_derived\SPXW\2023\03\SPXW_20230306.parquet,15956,4130be48b7738703efde7c988ffa7e23aa280cfaa40c62461a487109eeb8ef42,66,36,0,09:30:00,10:00:00,10:35:00
SPXW,20230307,D:\ThetaData\data_underlying_derived\SPXW\2023\03\SPXW_20230307.parquet,16105,a17de0096a574501b41e020812bcfe8e590310a52718b346d0dd1432929b7a35,66,36,0,09:30:00,10:00:00,10:35:00
SPXW,20230308,D:\ThetaData\data_underlying_derived\SPXW\2023\03\SPXW_20230308.parquet,15865,96d723a326e19c45d47a066dfa5b699a094a3554dbdb88d05bfe8f7bdd428136,66,36,0,09:30:00,10:00:00,10:35:00
SPXW,20230309,D:\ThetaData\data_underlying_derived\SPXW\2023\03\SPXW_20230309.parquet,16431,4ec335b2b95b1fe709eea36cc235ca854df0572fee637d5a4f3d21b14848f8f9,66,36,0,09:30:00,10:00:00,10:35:00
SPXW,20230310,D:\ThetaData\data_underlying_derived\SPXW\2023\03\SPXW_20230310.parquet,16306,0fa1ec30e8bcd26e380e1fc48f59a2c0faff090235d7c39f9122259dcaa89214,66,36,0,09:30:00,10:00:00,10:35:00
SPXW,20230313,D:\ThetaData\data_underlying_derived\SPXW\2023\03\SPXW_20230313.parquet,16262,46358865d7e65ce06930369ff6425925d787444ec64a5f4070fc711f3312e08c,66,36,0,09:30:00,10:00:00,10:35:00
SPXW,20230314,D:\ThetaData\data_underlying_derived\SPXW\2023\03\SPXW_20230314.parquet,16199,f79a71cf682c1797b57517f64de62d188b6602e7517728cd7cd5d551c88bf247,66,36,0,09:30:00,10:00:00,10:35:00
SPXW,20230315,D:\ThetaData\data_underlying_derived\SPXW\2023\03\SPXW_20230315.parquet,16179,65ed0ff7a90f9bf959f0dd3c73ff50d773eb7040f88914b11fac60f3eacf1d42,66,36,0,09:30:00,10:00:00,10:35:00
SPXW,20230316,D:\ThetaData\data_underlying_derived\SPXW\2023\03\SPXW_20230316.parquet,16238,c71a7ec438f1f77cfd98b7de4fbec4ce8af8958b4639c9dd68414d5c53554737,66,36,0,09:30:00,10:00:00,10:35:00
SPXW,20230317,D:\ThetaData\data_underlying_derived\SPXW\2023\03\SPXW_20230317.parquet,15979,b0b6714298c50b357ed523a5958348f64a66a6b4b4336b8ed85d8bc791b3b706,66,36,0,09:30:00,10:00:00,10:35:00
SPXW,20230320,D:\ThetaData\data_underlying_derived\SPXW\2023\03\SPXW_20230320.parquet,15848,c96685cf3bc4ce6ed508841e20b476e2b618852e1204803f3459bae35512e148,66,36,0,09:30:00,10:00:00,10:35:00
SPXW,20230321,D:\ThetaData\data_underlying_derived\SPXW\2023\03\SPXW_20230321.parquet,15825,bf26e6a0e0b22b67ab45603a1a77ca5cb7774b71f9af18ffc717ddea1f3b6432,66,36,0,09:30:00,10:00:00,10:35:00
SPXW,20230322,D:\ThetaData\data_underlying_derived\SPXW\2023\03\SPXW_20230322.parquet,16013,43598bca41e477f8c605cf7fe3d2f7df785223c796ceac54808d5b01455535cb,66,36,0,09:30:00,10:00:00,10:35:00
SPXW,20230323,D:\ThetaData\data_underlying_derived\SPXW\2023\03\SPXW_20230323.parquet,16377,e4e04d65c179574eef52992b26c9a7a9451f8e5f9f19fcf489d9f29617ab678b,66,36,0,09:30:00,10:00:00,10:35:00
SPXW,20230324,D:\ThetaData\data_underlying_derived\SPXW\2023\03\SPXW_20230324.parquet,16339,a05d37b617e28d3645b35e1ed31826e7d5760b0bd15d6a260b17d89815634ea2,66,36,0,09:30:00,10:00:00,10:35:00
SPXW,20230327,D:\ThetaData\data_underlying_derived\SPXW\2023\03\SPXW_20230327.parquet,15768,dd13a36b1cb78f342acf1b177e2e007ce852a8a3daada5bc4aeeca0e325d98eb,66,36,0,09:30:00,10:00:00,10:35:00
SPXW,20230328,D:\ThetaData\data_underlying_derived\SPXW\2023\03\SPXW_20230328.parquet,15827,3ed27636e52054f0f0b394447ce251c94432c9c0dc55ebb2c7cb973a1e7ab1cd,66,36,0,09:30:00,10:00:00,10:35:00
SPXW,20230329,D:\ThetaData\data_underlying_derived\SPXW\2023\03\SPXW_20230329.parquet,15601,8174971ff7cf37ccc1885f6c2ed782289826c54587a756431b7de20fcc7c3593,66,36,0,09:30:00,10:00:00,10:35:00
SPXW,20230330,D:\ThetaData\data_underlying_derived\SPXW\2023\03\SPXW_20230330.parquet,15787,f2a7c1419fa6bfcfd8e8d2d403848c489ee07d040a17373b82caa8a291aaccc5,66,36,0,09:30:00,10:00:00,10:35:00
SPXW,20230331,D:\ThetaData\data_underlying_derived\SPXW\2023\03\SPXW_20230331.parquet,15943,5cc13b0461d272b46f8795154f0b942bee5c017fe2753c9ac98fc5e5a3e7c3de,66,36,0,09:30:00,10:00:00,10:35:00
SPXW,20230403,D:\ThetaData\data_underlying_derived\SPXW\2023\04\SPXW_20230403.parquet,15981,1340d1c6294f112056526d4a4156c50239929338281efde9574c4faf3c3c5c1c,66,36,0,09:30:00,10:00:00,10:35:00
SPXW,20230404,D:\ThetaData\data_underlying_derived\SPXW\2023\04\SPXW_20230404.parquet,16259,87e285254f8b1f3633dcf4d92cd5d222e8b57cf0c07200c43cce3bd5613fd579,66,36,0,09:30:00,10:00:00,10:35:00
SPXW,20230405,D:\ThetaData\data_underlying_derived\SPXW\2023\04\SPXW_20230405.parquet,15745,65ba60c38772d35754e508bd57aaa479725f1bae4c38a0869a3e135a6270443f,66,36,0,09:30:00,10:00:00,10:35:00
SPXW,20230406,D:\ThetaData\data_underlying_derived\SPXW\2023\04\SPXW_20230406.parquet,15914,56309061e2e6ab1484f04b1d076fc49e2d49b01bd372fb8b8f27d180c81e35ba,66,36,0,09:30:00,10:00:00,10:35:00
SPXW,20230410,D:\ThetaData\data_underlying_derived\SPXW\2023\04\SPXW_20230410.parquet,16146,01f8a37617491f839b2f80bb703537bbebbc2f78c3c2bf0674b10adf3652109b,66,36,0,09:30:00,10:00:00,10:35:00
SPXW,20230411,D:\ThetaData\data_underlying_derived\SPXW\2023\04\SPXW_20230411.parquet,15859,dcc96bb8f18dee21e37d57153b54af98f6b8f10ae2ed8fc65374a8c2239e1068,66,36,0,09:30:00,10:00:00,10:35:00
SPXW,20230412,D:\ThetaData\data_underlying_derived\SPXW\2023\04\SPXW_20230412.parquet,16519,2cf0398116ab3042e1357b54cf653dd6888840c83313288b57f2783e287ab71f,66,36,0,09:30:00,10:00:00,10:35:00
SPXW,20230413,D:\ThetaData\data_underlying_derived\SPXW\2023\04\SPXW_20230413.parquet,16156,e391933fb980e4a8f377473bf1dcc06341730418643ad845fb244192513d0ca5,66,36,0,09:30:00,10:00:00,10:35:00
SPXW,20230414,D:\ThetaData\data_underlying_derived\SPXW\2023\04\SPXW_20230414.parquet,16214,8fcb7d5f20c0fb55ccff3384ca976df736ee333c0ce6bf38bc86ea30a24a86c9,66,36,0,09:30:00,10:00:00,10:35:00
SPXW,20230417,D:\ThetaData\data_underlying_derived\SPXW\2023\04\SPXW_20230417.parquet,15979,6df2a030603f48a0edf94af62af720c4af86d5f75e25dbe49cd0d9d7ebbf8a94,66,36,0,09:30:00,10:00:00,10:35:00
SPXW,20230418,D:\ThetaData\data_underlying_derived\SPXW\2023\04\SPXW_20230418.parquet,15622,b04f3735daf9cd360a5aa535c130e5240f6e6682365e502e3404221f21326d64,66,36,0,09:30:00,10:00:00,10:35:00
SPXW,20230419,D:\ThetaData\data_underlying_derived\SPXW\2023\04\SPXW_20230419.parquet,15893,52b55d8ef1fa1ca551c1d1e23a27bc6b0c035466b699bbd239fb53a26eb9d9ab,66,36,0,09:30:00,10:00:00,10:35:00
SPXW,20230420,D:\ThetaData\data_underlying_derived\SPXW\2023\04\SPXW_20230420.parquet,16157,98236b53b8992a04a4d52ec140276f850752ebd1901ed94d8b8d91331d16e315,66,36,0,09:30:00,10:00:00,10:35:00
SPXW,20230421,D:\ThetaData\data_underlying_derived\SPXW\2023\04\SPXW_20230421.parquet,15626,c38cde9def4387ac9bad6480bccae28af29b916230af50078af5b829dec0c2c6,66,36,0,09:30:00,10:00:00,10:35:00
SPXW,20230424,D:\ThetaData\data_underlying_derived\SPXW\2023\04\SPXW_20230424.parquet,15835,553c1d784a905dcdfe05b1c48fb2e6e5a26cf947c46366a790532fc202d6ac94,66,36,0,09:30:00,10:00:00,10:35:00
SPXW,20230425,D:\ThetaData\data_underlying_derived\SPXW\2023\04\SPXW_20230425.parquet,16280,f02e9a4d786698bb7e3382cd05287f98926248b487e3c469382bdd70756c83f8,66,36,0,09:30:00,10:00:00,10:35:00
SPXW,20230426,D:\ThetaData\data_underlying_derived\SPXW\2023\04\SPXW_20230426.parquet,16065,17286523836f029fe8e9704074e336a3d8b99c5b5f64ff7e2a7dd26e685568a0,66,36,0,09:30:00,10:00:00,10:35:00
SPXW,20230427,D:\ThetaData\data_underlying_derived\SPXW\2023\04\SPXW_20230427.parquet,16418,b2b6b594c1db08ec10e0de68337f9fd7cbd7db534253e4d84a798dab538e1602,66,36,0,09:30:00,10:00:00,10:35:00
SPXW,20230428,D:\ThetaData\data_underlying_derived\SPXW\2023\04\SPXW_20230428.parquet,16061,aee4a33073b066d1b4cee350c9c1a262ce2d3e90b7f58f7624dfcaef68e37bef,66,36,0,09:30:00,10:00:00,10:35:00
SPXW,20230501,D:\ThetaData\data_underlying_derived\SPXW\2023\05\SPXW_20230501.parquet,15726,4fcd2fd8ab1238dd99f3b25d482ec51125daa38f6659034616e3111d330a2854,66,36,0,09:30:00,10:00:00,10:35:00
SPXW,20230502,D:\ThetaData\data_underlying_derived\SPXW\2023\05\SPXW_20230502.parquet,16495,a5325e9029d64f3563042712e44767e0123f456226a0fb4dd8ac891543cede68,66,36,0,09:30:00,10:00:00,10:35:00
SPXW,20230503,D:\ThetaData\data_underlying_derived\SPXW\2023\05\SPXW_20230503.parquet,16282,7aa9c50da98b36eac2af5d920100df4f827e42832075efca0ef9b07633a29d14,66,36,0,09:30:00,10:00:00,10:35:00
SPXW,20230504,D:\ThetaData\data_underlying_derived\SPXW\2023\05\SPXW_20230504.parquet,15896,d512ded486dab57c57ab51057e06ae38dcaf1c5c9049eb229cec9cdf9fa9ede1,66,36,0,09:30:00,10:00:00,10:35:00
SPXW,20230505,D:\ThetaData\data_underlying_derived\SPXW\2023\05\SPXW_20230505.parquet,16116,89449658965745a57aae6e0928686f33b69d4fae6c590f250bc71ef4582169da,66,36,0,09:30:00,10:00:00,10:35:00
SPXW,20230508,D:\ThetaData\data_underlying_derived\SPXW\2023\05\SPXW_20230508.parquet,15426,4400d62a14b278406c6ac6271470eba09408ea0447650e187edb45db23857481,66,36,0,09:30:00,10:00:00,10:35:00
SPXW,20230509,D:\ThetaData\data_underlying_derived\SPXW\2023\05\SPXW_20230509.parquet,15150,0f0a8d122114c86c38cb460667f34f2342686002198ea7c6d94ea1d3afa880cd,66,36,0,09:30:00,10:00:00,10:35:00
SPXW,20230510,D:\ThetaData\data_underlying_derived\SPXW\2023\05\SPXW_20230510.parquet,16375,14862f7b309cafc93f2fc84edbb5bf856652a8f8f5c73e3e20aa85d68d4103a6,66,36,0,09:30:00,10:00:00,10:35:00
SPXW,20230511,D:\ThetaData\data_underlying_derived\SPXW\2023\05\SPXW_20230511.parquet,15780,396d933f70cdbc44e9cf09c8818f15133dd49491f0baa988d863f3e09a9ed5c8,66,36,0,09:30:00,10:00:00,10:35:00
SPXW,20230512,D:\ThetaData\data_underlying_derived\SPXW\2023\05\SPXW_20230512.parquet,16278,7fdb029f241be4fef8d8fa454d3a43f1bc9a16fb25061a8ee67e4db68c3f5341,66,36,0,09:30:00,10:00:00,10:35:00
SPXW,20230515,D:\ThetaData\data_underlying_derived\SPXW\2023\05\SPXW_20230515.parquet,15921,55d7ca6012128008b0ffadd311701e0a06dc646ae1b98cbd61e163bddd6646ef,66,36,0,09:30:00,10:00:00,10:35:00
SPXW,20230516,D:\ThetaData\data_underlying_derived\SPXW\2023\05\SPXW_20230516.parquet,15338,50c484187bd5c278134cd71d3f2c33c811247287866ab0050f51e771fc262f62,66,36,0,09:30:00,10:00:00,10:35:00
SPXW,20230517,D:\ThetaData\data_underlying_derived\SPXW\2023\05\SPXW_20230517.parquet,16313,ef972c8b6d886823fca5508c03c9a8df6cbfe76924ddcd44e3140080a7943668,66,36,0,09:30:00,10:00:00,10:35:00
SPXW,20230518,D:\ThetaData\data_underlying_derived\SPXW\2023\05\SPXW_20230518.parquet,16273,536fd2b8ebccbe57d3c349d62d92242c1342ebfda9a3c8fb2d65c1cf9882f650,66,36,0,09:30:00,10:00:00,10:35:00
SPXW,20230519,D:\ThetaData\data_underlying_derived\SPXW\2023\05\SPXW_20230519.parquet,15961,f3993c7976b3d6ec40a745553455ae6bf50a202dd274f641068a77b5bb9a6a77,66,36,0,09:30:00,10:00:00,10:35:00
SPXW,20230522,D:\ThetaData\data_underlying_derived\SPXW\2023\05\SPXW_20230522.parquet,15376,46d091442fdf430113b84c4e2d03992b839b832173508ec02e2368482a5e195b,66,36,0,09:30:00,10:00:00,10:35:00
SPXW,20230523,D:\ThetaData\data_underlying_derived\SPXW\2023\05\SPXW_20230523.parquet,16124,e6bcddba36d7e719ecad7f8721b7c403b1e27b984e5f5866f1bb1ff2681298d8,66,36,0,09:30:00,10:00:00,10:35:00
SPXW,20230524,D:\ThetaData\data_underlying_derived\SPXW\2023\05\SPXW_20230524.parquet,15664,a7c291858b965f29c4c255c52363eb25b29cd3461c8aae6c5ca64c8beae10059,66,36,0,09:30:00,10:00:00,10:35:00
SPXW,20230525,D:\ThetaData\data_underlying_derived\SPXW\2023\05\SPXW_20230525.parquet,16219,7ffc3431eae5ac9f1cce083e145f1c041e0e192ed77208388a1506ceb253da01,66,36,0,09:30:00,10:00:00,10:35:00
SPXW,20230526,D:\ThetaData\data_underlying_derived\SPXW\2023\05\SPXW_20230526.parquet,16053,d512c9127d09effeffbda30bc0d1fa9d66edf414da8d8c4696821f3a9430afb1,66,36,0,09:30:00,10:00:00,10:35:00
SPXW,20230530,D:\ThetaData\data_underlying_derived\SPXW\2023\05\SPXW_20230530.parquet,15883,c2fbf841b1c868f9151a89fdaef7f48a2f92026771495b1929da8e9cfc64a656,66,36,0,09:30:00,10:00:00,10:35:00
SPXW,20230531,D:\ThetaData\data_underlying_derived\SPXW\2023\05\SPXW_20230531.parquet,15991,fc2ef8b232c559d498612f95a83b236b86d5b1f3389d48404e1c8acac13e5ce2,66,36,0,09:30:00,10:00:00,10:35:00
SPXW,20230601,D:\ThetaData\data_underlying_derived\SPXW\2023\06\SPXW_20230601.parquet,16224,0310bd5c2455f7a79b5bb15c624d9f026abd831fe40fa26087a243755000a252,66,36,0,09:30:00,10:00:00,10:35:00
SPXW,20230602,D:\ThetaData\data_underlying_derived\SPXW\2023\06\SPXW_20230602.parquet,15974,4cf60f84515c38135ba42ede62077d7ab115bf1ff1e214281676f8083e85f542,66,36,0,09:30:00,10:00:00,10:35:00
SPXW,20230605,D:\ThetaData\data_underlying_derived\SPXW\2023\06\SPXW_20230605.parquet,16222,30404984a427c8155302ea7f8929309b5adcb00ea0242c5b3a3444709fbec697,66,36,0,09:30:00,10:00:00,10:35:00
SPXW,20230606,D:\ThetaData\data_underlying_derived\SPXW\2023\06\SPXW_20230606.parquet,15764,76af42c066e1a990a742262c4bb7ec77286d1981cf2a4507a6eee007f77a54e3,66,36,0,09:30:00,10:00:00,10:35:00
SPXW,20230607,D:\ThetaData\data_underlying_derived\SPXW\2023\06\SPXW_20230607.parquet,15947,8f6fd63ccf28c933cf12c27fcef489a4ee58b8eab0f609fbb71f1fe6a9d023fc,66,36,0,09:30:00,10:00:00,10:35:00
SPXW,20230608,D:\ThetaData\data_underlying_derived\SPXW\2023\06\SPXW_20230608.parquet,16003,119765f8c398c0bb44062dca68dce7f56beef509e2818d780b29169e233e3fe9,66,36,0,09:30:00,10:00:00,10:35:00
SPXW,20230609,D:\ThetaData\data_underlying_derived\SPXW\2023\06\SPXW_20230609.parquet,15894,8f24283f883d6a84691362beea655bc13a4d0110fc67106988809655d4553ac6,66,36,0,09:30:00,10:00:00,10:35:00
SPXW,20230612,D:\ThetaData\data_underlying_derived\SPXW\2023\06\SPXW_20230612.parquet,15926,dd5fb3537c7d1a15a769eb8440e2b4690f982dfe858fb4623ae71132bb9f7530,66,36,0,09:30:00,10:00:00,10:35:00
SPXW,20230613,D:\ThetaData\data_underlying_derived\SPXW\2023\06\SPXW_20230613.parquet,15825,3e858d174ae51ccbf56d48c3a77c03dd08aa4e69b97e56819f8e6b7425944263,66,36,0,09:30:00,10:00:00,10:35:00
SPXW,20230614,D:\ThetaData\data_underlying_derived\SPXW\2023\06\SPXW_20230614.parquet,16215,0d33375bd1af42a3c88de4f34d7661ae800a4837dd67d8658ad390717e7f6552,66,36,0,09:30:00,10:00:00,10:35:00
SPXW,20230615,D:\ThetaData\data_underlying_derived\SPXW\2023\06\SPXW_20230615.parquet,16342,67b5dace08c94d723082fa3097aee202b09905a0653a29740209c8a9b9f578bd,66,36,0,09:30:00,10:00:00,10:35:00
SPXW,20230616,D:\ThetaData\data_underlying_derived\SPXW\2023\06\SPXW_20230616.parquet,16030,5d5fa6981da62355321c7d64c3f7b78f1d83544ffdab4779c427ae149acd5f0e,66,36,0,09:30:00,10:00:00,10:35:00
SPXW,20230620,D:\ThetaData\data_underlying_derived\SPXW\2023\06\SPXW_20230620.parquet,15949,f2a7fad748734d9611c6380de6123b30eea2b6ab23e0f43fe0623b6dc1319b3e,66,36,0,09:30:00,10:00:00,10:35:00
SPXW,20230621,D:\ThetaData\data_underlying_derived\SPXW\2023\06\SPXW_20230621.parquet,15907,9ca50ebf58e0be3a5f685264d9b834f787aaf27e9c4f5cd2157e0dbd040eb0b2,66,36,0,09:30:00,10:00:00,10:35:00
SPXW,20230622,D:\ThetaData\data_underlying_derived\SPXW\2023\06\SPXW_20230622.parquet,15892,6a3c65de9006da126cba7dc6ce0dc0736d397193d353119e674e6811f0c27c75,66,36,0,09:30:00,10:00:00,10:35:00
SPXW,20230623,D:\ThetaData\data_underlying_derived\SPXW\2023\06\SPXW_20230623.parquet,16015,a2b91ca7581b9f2709988ff48f24f3b9518f476e2c32aed4933206833e22cd29,66,36,0,09:30:00,10:00:00,10:35:00
SPXW,20230626,D:\ThetaData\data_underlying_derived\SPXW\2023\06\SPXW_20230626.parquet,16063,18ff4911252e579ea3cf52b3addbd713657a82c7f52c85b66ede785e21e6f69c,66,36,0,09:30:00,10:00:00,10:35:00
SPXW,20230627,D:\ThetaData\data_underlying_derived\SPXW\2023\06\SPXW_20230627.parquet,16313,249911cba666743ad4e6ae8b31746e55d472709f26e8743ddd7ac227f2fc38f6,66,36,0,09:30:00,10:00:00,10:35:00
SPXW,20230629,D:\ThetaData\data_underlying_derived\SPXW\2023\06\SPXW_20230629.parquet,15701,2c048de8e9370f8b41d250508f9e8fdf4102720eae307e7c0502ec6555990a05,66,36,0,09:30:00,10:00:00,10:35:00
SPXW,20230630,D:\ThetaData\data_underlying_derived\SPXW\2023\06\SPXW_20230630.parquet,15874,6da7174809f2b3d250e147b76e66f80f7e7dd4435d69bc46203593e16313f0c9,66,36,0,09:30:00,10:00:00,10:35:00
SPXW,20230705,D:\ThetaData\data_underlying_derived\SPXW\2023\07\SPXW_20230705.parquet,15208,738bb27a126a1fca98c91ddc23a261139e0c921af6ead44645ed649c545a0c07,66,36,0,09:30:00,10:00:00,10:35:00
SPXW,20230706,D:\ThetaData\data_underlying_derived\SPXW\2023\07\SPXW_20230706.parquet,16256,20050b5c8165bca1ef6947b7a18c9bf6f2e8fbc6260ba785a378f5391f3f6895,66,36,0,09:30:00,10:00:00,10:35:00
SPXW,20230707,D:\ThetaData\data_underlying_derived\SPXW\2023\07\SPXW_20230707.parquet,16290,995b50c8e6975e62cdeaf7d26aa509938e53f197d6b8c7807f5cf5471308e402,66,36,0,09:30:00,10:00:00,10:35:00
SPXW,20230710,D:\ThetaData\data_underlying_derived\SPXW\2023\07\SPXW_20230710.parquet,15271,329033c604032584c36fa2eb58c4f340a070731c7660119322ec65b81a0dad54,66,36,0,09:30:00,10:00:00,10:35:00
SPXW,20230711,D:\ThetaData\data_underlying_derived\SPXW\2023\07\SPXW_20230711.parquet,15820,031b8dcbac761cd2eb359aa8b1dd1169276c832f3f95a60e1ddf62a1c4f3cf19,66,36,0,09:30:00,10:00:00,10:35:00
SPXW,20230712,D:\ThetaData\data_underlying_derived\SPXW\2023\07\SPXW_20230712.parquet,15984,bfa1e229bd518c86f7a603253a6c2048b5fae9229fda81e37383885ca0c6777a,66,36,0,09:30:00,10:00:00,10:35:00
SPXW,20230713,D:\ThetaData\data_underlying_derived\SPXW\2023\07\SPXW_20230713.parquet,15605,d2d93890b63b8054d802fd0785143dd704fee3a16f3bb989dac33d092b05ea3a,66,36,0,09:30:00,10:00:00,10:35:00
SPXW,20230714,D:\ThetaData\data_underlying_derived\SPXW\2023\07\SPXW_20230714.parquet,15974,1af2cd9df718471d801828048e29f4a9f5fe7c233926e62f75f22490ff5c35e2,66,36,0,09:30:00,10:00:00,10:35:00
SPXW,20230717,D:\ThetaData\data_underlying_derived\SPXW\2023\07\SPXW_20230717.parquet,15815,87795bb846249abdff03fc54ef8625c895609d8e076452da8d9cb19fb43e2fb7,66,36,0,09:30:00,10:00:00,10:35:00
SPXW,20230718,D:\ThetaData\data_underlying_derived\SPXW\2023\07\SPXW_20230718.parquet,16159,eb259aa50ff0bf40bf1d7d19a6e9e49b7991e45db815f509f6c7e36aea1a550a,66,36,0,09:30:00,10:00:00,10:35:00
SPXW,20230719,D:\ThetaData\data_underlying_derived\SPXW\2023\07\SPXW_20230719.parquet,15618,51926fb299d5b3de98ac3c686aef91a4553727e1e714246448b108e9602d4d4f,66,36,0,09:30:00,10:00:00,10:35:00
SPXW,20230720,D:\ThetaData\data_underlying_derived\SPXW\2023\07\SPXW_20230720.parquet,16115,f3da753b05c20d6edd75b125e8e3434a2a946db2c4a00d91952ba04a52434684,66,36,0,09:30:00,10:00:00,10:35:00
SPXW,20230721,D:\ThetaData\data_underlying_derived\SPXW\2023\07\SPXW_20230721.parquet,15748,d11d536698748963843753657a9c970e579266a80edde14e666851551688258c,66,36,0,09:30:00,10:00:00,10:35:00
SPXW,20230724,D:\ThetaData\data_underlying_derived\SPXW\2023\07\SPXW_20230724.parquet,15477,4b167b43bc6dea7c592823728a8bd4da36be619b3fa7042672f13adc2dbb0cf8,66,36,0,09:30:00,10:00:00,10:35:00
SPXW,20230725,D:\ThetaData\data_underlying_derived\SPXW\2023\07\SPXW_20230725.parquet,15782,a8ee5117682a4f7f61072af5a64599962b956cd757681b1ac588e30c10530bc0,66,36,0,09:30:00,10:00:00,10:35:00
SPXW,20230726,D:\ThetaData\data_underlying_derived\SPXW\2023\07\SPXW_20230726.parquet,15456,21683729dd0b2916c947d94b11ed360f88e36a961a7f34f470ebf61c33acd55c,66,36,0,09:30:00,10:00:00,10:35:00
SPXW,20230727,D:\ThetaData\data_underlying_derived\SPXW\2023\07\SPXW_20230727.parquet,16467,036ed6635e13da4a0b4eb01216ee2ff6bfaf5458f37963600272064003d7ae99,66,36,0,09:30:00,10:00:00,10:35:00
SPXW,20230728,D:\ThetaData\data_underlying_derived\SPXW\2023\07\SPXW_20230728.parquet,15927,67172e41bc19ea0380f957bda3e4f608d9d83f4dbaae96afb77868cc25f23c1f,66,36,0,09:30:00,10:00:00,10:35:00
SPXW,20230731,D:\ThetaData\data_underlying_derived\SPXW\2023\07\SPXW_20230731.parquet,15415,5c0e576dbc38742db2f15488474e5f6165041f9756adc6f63a4c526db477cf4f,66,36,0,09:30:00,10:00:00,10:35:00
SPXW,20230801,D:\ThetaData\data_underlying_derived\SPXW\2023\08\SPXW_20230801.parquet,15395,1e8bab17f69b97bc56189a2cd4e914ebb55b60afe3358181c32fd2cfd40a82ee,66,36,0,09:30:00,10:00:00,10:35:00
SPXW,20230802,D:\ThetaData\data_underlying_derived\SPXW\2023\08\SPXW_20230802.parquet,15858,a8ae8d2054f64dec57b8ece3c1241bf047d5dced9b0e917e6f8b6c86387eaef6,66,36,0,09:30:00,10:00:00,10:35:00
SPXW,20230803,D:\ThetaData\data_underlying_derived\SPXW\2023\08\SPXW_20230803.parquet,16135,d12f2638f3d2e6a582d56e76f4b28243aa9fccdef1841cc91c338e9d5e26b769,66,36,0,09:30:00,10:00:00,10:35:00
SPXW,20230804,D:\ThetaData\data_underlying_derived\SPXW\2023\08\SPXW_20230804.parquet,16347,df9f48117950ff17d4daed483bed6e43bf2bfc966e730a919d422a4002d043f3,66,36,0,09:30:00,10:00:00,10:35:00
SPXW,20230807,D:\ThetaData\data_underlying_derived\SPXW\2023\08\SPXW_20230807.parquet,15790,135044da1f9f8d075db6a11561ed323ce2d09d98c2c9e282604e9a6cefa0c502,66,36,0,09:30:00,10:00:00,10:35:00
SPXW,20230808,D:\ThetaData\data_underlying_derived\SPXW\2023\08\SPXW_20230808.parquet,16295,c43227c5de4c05a3781acc40308e0674b46c4f5803bc35bd66f4489980093ce0,66,36,0,09:30:00,10:00:00,10:35:00
SPXW,20230809,D:\ThetaData\data_underlying_derived\SPXW\2023\08\SPXW_20230809.parquet,16224,5825d317d618937012b51709f545530f7e4845e53830a9a3f0670443ab49a925,66,36,0,09:30:00,10:00:00,10:35:00
SPXW,20230810,D:\ThetaData\data_underlying_derived\SPXW\2023\08\SPXW_20230810.parquet,16514,b5698f9378de2a41030202461c82adcf793e7df41fe5c317f03520156e935f19,66,36,0,09:30:00,10:00:00,10:35:00
SPXW,20230811,D:\ThetaData\data_underlying_derived\SPXW\2023\08\SPXW_20230811.parquet,15961,5d9c56255b603aba1b0d8f77d868f80b08e550e2903306002b62de2941e423c1,66,36,0,09:30:00,10:00:00,10:35:00
SPXW,20230815,D:\ThetaData\data_underlying_derived\SPXW\2023\08\SPXW_20230815.parquet,15809,ae9e1b39c53e746929e3d1570b04db7dd60b811eded8b05de8ee275a2c466e13,66,36,0,09:30:00,10:00:00,10:35:00
SPXW,20230816,D:\ThetaData\data_underlying_derived\SPXW\2023\08\SPXW_20230816.parquet,16208,ba918e6a62fb3a66f8ecdc75dc8f360b8a8c50c533de896f3daac7db40554d8b,66,36,0,09:30:00,10:00:00,10:35:00
SPXW,20230817,D:\ThetaData\data_underlying_derived\SPXW\2023\08\SPXW_20230817.parquet,16347,292d59a6f6b53f7eb84875a478e8791bbcc583ecad4962a4efe8689a16225647,66,36,0,09:30:00,10:00:00,10:35:00
SPXW,20230818,D:\ThetaData\data_underlying_derived\SPXW\2023\08\SPXW_20230818.parquet,16049,0464cb03c958611523a4af0c85a0005f3b392528f7f1366d7c06ddfc8da4ac67,66,36,0,09:30:00,10:00:00,10:35:00
SPXW,20230821,D:\ThetaData\data_underlying_derived\SPXW\2023\08\SPXW_20230821.parquet,16347,f90ecc4b0e9e285f201b1c32cfc3cbd7cdcc7096df26d40ef7489f47b9f5c557,66,36,0,09:30:00,10:00:00,10:35:00
SPXW,20230822,D:\ThetaData\data_underlying_derived\SPXW\2023\08\SPXW_20230822.parquet,15976,4a9a3508f6e108a1132fa902f19ec3f25a46d8dc28752170dc5c539c1ab25efd,66,36,0,09:30:00,10:00:00,10:35:00
SPXW,20230823,D:\ThetaData\data_underlying_derived\SPXW\2023\08\SPXW_20230823.parquet,16188,8222852a2c8061f06487e5f5fdf31346d524db957c71d6e071fa241b2bd52369,66,36,0,09:30:00,10:00:00,10:35:00
SPXW,20230824,D:\ThetaData\data_underlying_derived\SPXW\2023\08\SPXW_20230824.parquet,16398,1f7f8fd4e90752f835e17131e7fd921bfb228710af06180ed649329537d713f1,66,36,0,09:30:00,10:00:00,10:35:00
SPXW,20230825,D:\ThetaData\data_underlying_derived\SPXW\2023\08\SPXW_20230825.parquet,16480,d90d09bc8d25addc1c7761aab9d4b2e5feabb454c0fdceb09ea0b75fc98e5c8c,66,36,0,09:30:00,10:00:00,10:35:00
SPXW,20230828,D:\ThetaData\data_underlying_derived\SPXW\2023\08\SPXW_20230828.parquet,15964,3c433f6f39b91ec1981ae134a938aab12eb798e3628296c6d97e363dc884c421,66,36,0,09:30:00,10:00:00,10:35:00
SPXW,20230829,D:\ThetaData\data_underlying_derived\SPXW\2023\08\SPXW_20230829.parquet,16245,53d1531f0211b566879ffb5ed05f8736a2fb7dfd6e6bb2d80044e41e8e0b5d2d,66,36,0,09:30:00,10:00:00,10:35:00
SPXW,20230830,D:\ThetaData\data_underlying_derived\SPXW\2023\08\SPXW_20230830.parquet,15768,fed7301085b9a4f76fd9c4db026b2e735774e76398596a9f0e2498518805b6d6,66,36,0,09:30:00,10:00:00,10:35:00
SPXW,20230831,D:\ThetaData\data_underlying_derived\SPXW\2023\08\SPXW_20230831.parquet,15827,21cd45d933fa5136cb1136ed445dc723183f1d167f4ca5699a55f8c83201d507,66,36,0,09:30:00,10:00:00,10:35:00
SPXW,20230901,D:\ThetaData\data_underlying_derived\SPXW\2023\09\SPXW_20230901.parquet,15945,f9153cf856f078fd9374d475b88ab2dc4bee2811ea087647e8d77b3ddb4d25c4,66,36,0,09:30:00,10:00:00,10:35:00
SPXW,20230905,D:\ThetaData\data_underlying_derived\SPXW\2023\09\SPXW_20230905.parquet,15483,cca414894025e3a1c5c2754de6b1bfc85030239e50c1efe8144a32b2b35d7a2d,66,36,0,09:30:00,10:00:00,10:35:00
SPXW,20230906,D:\ThetaData\data_underlying_derived\SPXW\2023\09\SPXW_20230906.parquet,16021,0d905e5ffaabdd0bbb4a821025451149247d541d898cc8e89e37a8859c0b0981,66,36,0,09:30:00,10:00:00,10:35:00
SPXW,20230907,D:\ThetaData\data_underlying_derived\SPXW\2023\09\SPXW_20230907.parquet,15636,b350fdfacf4cd3ee48df97edaf8a8eb6f7d6489416e2e2a5cad4d5aa7092ea66,66,36,0,09:30:00,10:00:00,10:35:00
SPXW,20230908,D:\ThetaData\data_underlying_derived\SPXW\2023\09\SPXW_20230908.parquet,15915,007e843794c4bc738541ea5176ca7f0793ce347e5fb58e04a211f9978ab29183,66,36,0,09:30:00,10:00:00,10:35:00
SPXW,20230911,D:\ThetaData\data_underlying_derived\SPXW\2023\09\SPXW_20230911.parquet,15744,ea9993293cd72cd67be38931c5998c9d84b4c3db73f047ad118ba788e7bfbbcb,66,36,0,09:30:00,10:00:00,10:35:00
SPXW,20230912,D:\ThetaData\data_underlying_derived\SPXW\2023\09\SPXW_20230912.parquet,15953,65d69c2ae7bb04ede5689884321cd1ca08d55a423cdbecef9c43a427ada27eb1,66,36,0,09:30:00,10:00:00,10:35:00
SPXW,20230913,D:\ThetaData\data_underlying_derived\SPXW\2023\09\SPXW_20230913.parquet,15750,dc473280f9ca9a2daf740c9ab705b72e9307a7ba7a640447027115b8392d1d1e,66,36,0,09:30:00,10:00:00,10:35:00
SPXW,20230914,D:\ThetaData\data_underlying_derived\SPXW\2023\09\SPXW_20230914.parquet,15896,fd253e1f3799dfc0ffb6394b0af0e2d5fce95776967a3d690566eb508a40a2b3,66,36,0,09:30:00,10:00:00,10:35:00
SPXW,20230915,D:\ThetaData\data_underlying_derived\SPXW\2023\09\SPXW_20230915.parquet,16082,af85ca080899ab406384d103f682823740e139dca83970cfd059f482c50c236c,66,36,0,09:30:00,10:00:00,10:35:00
SPXW,20230918,D:\ThetaData\data_underlying_derived\SPXW\2023\09\SPXW_20230918.parquet,15699,f8e0eb222b79b9f0ae0cc0a0ae13dc9932b34f7b15b0489eb4e35d9da83070ac,66,36,0,09:30:00,10:00:00,10:35:00
SPXW,20230919,D:\ThetaData\data_underlying_derived\SPXW\2023\09\SPXW_20230919.parquet,16043,819ef467a0fd45a2acb5c143dd29f31c5bc5929916492e69c4d86eab81cb3ba3,66,36,0,09:30:00,10:00:00,10:35:00
SPXW,20230920,D:\ThetaData\data_underlying_derived\SPXW\2023\09\SPXW_20230920.parquet,15757,110e1c198bf2a20fd1c53a0334ba7d59674cbd49c01daf1d1980ab8780810cef,66,36,0,09:30:00,10:00:00,10:35:00
SPXW,20230921,D:\ThetaData\data_underlying_derived\SPXW\2023\09\SPXW_20230921.parquet,16324,f269911b53a6f8d391801707ca5de6634bc4cce388e1d1bffa0fe08d20078d2b,66,36,0,09:30:00,10:00:00,10:35:00
SPXW,20230922,D:\ThetaData\data_underlying_derived\SPXW\2023\09\SPXW_20230922.parquet,16344,a68e65c2f170c49b8c48f7e883bab23f14029188a80ffea2656d699c079278dc,66,36,0,09:30:00,10:00:00,10:35:00
SPXW,20230925,D:\ThetaData\data_underlying_derived\SPXW\2023\09\SPXW_20230925.parquet,15966,24efb5999f8d11e44466ec6796fccdfbee349589ff282e1466565372054d9d34,66,36,0,09:30:00,10:00:00,10:35:00
SPXW,20230926,D:\ThetaData\data_underlying_derived\SPXW\2023\09\SPXW_20230926.parquet,16280,adc9f8f71228ab16110ee2c55f3aa228fdf99659054106f0299797ed4f6fce62,66,36,0,09:30:00,10:00:00,10:35:00
SPXW,20230927,D:\ThetaData\data_underlying_derived\SPXW\2023\09\SPXW_20230927.parquet,16454,50b1769d51ae26a614cc42d22631f5c57aee34aa0bd437391496a5729fce4a10,66,36,0,09:30:00,10:00:00,10:35:00
SPXW,20230928,D:\ThetaData\data_underlying_derived\SPXW\2023\09\SPXW_20230928.parquet,16362,cc84001cc44ca302d2b36e7db0685062b04680fe2c2e364cb6cdc3692c916d30,66,36,0,09:30:00,10:00:00,10:35:00
SPXW,20230929,D:\ThetaData\data_underlying_derived\SPXW\2023\09\SPXW_20230929.parquet,16364,a95a4b784408f9091c306d0b1c35c26260c4a1a40ee9f917742ef6cc0ac0c5b4,66,36,0,09:30:00,10:00:00,10:35:00
SPXW,20231002,D:\ThetaData\data_underlying_derived\SPXW\2023\10\SPXW_20231002.parquet,16317,46788df2a51214fd9047ccad4c17a89789ba78727790eab3a55531536dd8d4d3,66,36,0,09:30:00,10:00:00,10:35:00
SPXW,20231003,D:\ThetaData\data_underlying_derived\SPXW\2023\10\SPXW_20231003.parquet,16299,cf4042f6ee9ed26b239f94388dc8531317b45cbddbf14f98d1041c9be63face2,66,36,0,09:30:00,10:00:00,10:35:00
SPXW,20231004,D:\ThetaData\data_underlying_derived\SPXW\2023\10\SPXW_20231004.parquet,16244,089285d13c789b43cd5ac022976221dfc56bf93e120df93ab4817b4054df51fc,66,36,0,09:30:00,10:00:00,10:35:00
SPXW,20231005,D:\ThetaData\data_underlying_derived\SPXW\2023\10\SPXW_20231005.parquet,16271,5e329d7fe33f87998b78041e4fab41350145f705494be7d8446d1707c5b80f32,66,36,0,09:30:00,10:00:00,10:35:00
SPXW,20231006,D:\ThetaData\data_underlying_derived\SPXW\2023\10\SPXW_20231006.parquet,16535,859832e5ce313b0e1fccd80526af2aaec5ae9a4f7af142f1e40fc2809f882e66,66,36,0,09:30:00,10:00:00,10:35:00
SPXW,20231009,D:\ThetaData\data_underlying_derived\SPXW\2023\10\SPXW_20231009.parquet,16336,4115f19bc047d68a2e4be62edc02d95f135be56c740c29cc3af6a94c5bbdfa79,66,36,0,09:30:00,10:00:00,10:35:00
SPXW,20231010,D:\ThetaData\data_underlying_derived\SPXW\2023\10\SPXW_20231010.parquet,16098,dba1ff2a802134c06cab6cbf23b1207e96674a1130823b14ebcb1619fd268631,66,36,0,09:30:00,10:00:00,10:35:00
SPXW,20231011,D:\ThetaData\data_underlying_derived\SPXW\2023\10\SPXW_20231011.parquet,16256,eb51fdd370fc2f25764494d255d85d751dabecc55f8097af2fd8bcf2c25238d9,66,36,0,09:30:00,10:00:00,10:35:00
SPXW,20231012,D:\ThetaData\data_underlying_derived\SPXW\2023\10\SPXW_20231012.parquet,16485,82cfd201490f3e59c80e55b078986069bbb0bdd1009643edee3117279d8e3b13,66,36,0,09:30:00,10:00:00,10:35:00
SPXW,20231013,D:\ThetaData\data_underlying_derived\SPXW\2023\10\SPXW_20231013.parquet,16428,463345936ccda075685cea0916ec55289bb53c4926c8448b157c9a9f90f1db1e,66,36,0,09:30:00,10:00:00,10:35:00
SPXW,20231016,D:\ThetaData\data_underlying_derived\SPXW\2023\10\SPXW_20231016.parquet,15680,45d96ff2ed911ea96e0e83f39f4e424d690c798e89525cb6eca6af264939d61f,66,36,0,09:30:00,10:00:00,10:35:00
SPXW,20231017,D:\ThetaData\data_underlying_derived\SPXW\2023\10\SPXW_20231017.parquet,16345,81220734b24d1c2d30bc9955ff58d1e4a37b1e18d9b2e4374264584e87663deb,66,36,0,09:30:00,10:00:00,10:35:00
SPXW,20231018,D:\ThetaData\data_underlying_derived\SPXW\2023\10\SPXW_20231018.parquet,16358,2c0f654d2ca6944fac418235a5bb62817622c9de265b9d080e312737ad272d7d,66,36,0,09:30:00,10:00:00,10:35:00
SPXW,20231019,D:\ThetaData\data_underlying_derived\SPXW\2023\10\SPXW_20231019.parquet,16428,b220dcb09d70074d124760905cf861548e8c63719a1561821d1efe6c6c12f1ec,66,36,0,09:30:00,10:00:00,10:35:00
SPXW,20231020,D:\ThetaData\data_underlying_derived\SPXW\2023\10\SPXW_20231020.parquet,16264,be1a8ab2d28ba3a58f8172ae1fd96fd9613d30f4b5e18efa41fe73d47512e727,66,36,0,09:30:00,10:00:00,10:35:00
SPXW,20231023,D:\ThetaData\data_underlying_derived\SPXW\2023\10\SPXW_20231023.parquet,16343,9e5793e46cc5d6b6f53c040e2b4b408fd4a5a3723465bbf93ce12f72206acc51,66,36,0,09:30:00,10:00:00,10:35:00
SPXW,20231024,D:\ThetaData\data_underlying_derived\SPXW\2023\10\SPXW_20231024.parquet,16350,7d743545ebe96c7ee4801f110280ec4edf3c6e35f48719d6486fc52850512c84,66,36,0,09:30:00,10:00:00,10:35:00
SPXW,20231025,D:\ThetaData\data_underlying_derived\SPXW\2023\10\SPXW_20231025.parquet,16302,32183018b82691bb59f2fe0d6d4db7aebf9f8b9110c2a7671a50b99fd21b3424,66,36,0,09:30:00,10:00:00,10:35:00
SPXW,20231026,D:\ThetaData\data_underlying_derived\SPXW\2023\10\SPXW_20231026.parquet,16363,65fbf90064135542b19d8c5c5978f4b1d34296dacdf639bfe8aa82fcd1f711a4,66,36,0,09:30:00,10:00:00,10:35:00
SPXW,20231027,D:\ThetaData\data_underlying_derived\SPXW\2023\10\SPXW_20231027.parquet,16346,571312fd411ac5680797500a1c4d298fb319f5a7f8e6bf306aecc8941708fab6,66,36,0,09:30:00,10:00:00,10:35:00
SPXW,20231030,D:\ThetaData\data_underlying_derived\SPXW\2023\10\SPXW_20231030.parquet,16351,0f3c752daa301ef0634c7a400b4433c0f1b628086bfd184164dd40b631548538,66,36,0,09:30:00,10:00:00,10:35:00
SPXW,20231031,D:\ThetaData\data_underlying_derived\SPXW\2023\10\SPXW_20231031.parquet,16283,3bd799516212ef89f319357ca3f8426a23429a4055c0ef9c12e04232d8be1af0,66,36,0,09:30:00,10:00:00,10:35:00
SPXW,20231101,D:\ThetaData\data_underlying_derived\SPXW\2023\11\SPXW_20231101.parquet,16237,bbf982665f2926d87c6a23757ff7d0eb5a3191b773b346204b80adbd209afa06,66,36,0,09:30:00,10:00:00,10:35:00
SPXW,20231102,D:\ThetaData\data_underlying_derived\SPXW\2023\11\SPXW_20231102.parquet,16190,95345af9f570fdfce040219e826c0ff957c446f22c38d583603a2c6c3547495f,66,36,0,09:30:00,10:00:00,10:35:00
SPXW,20231103,D:\ThetaData\data_underlying_derived\SPXW\2023\11\SPXW_20231103.parquet,16248,62ed4de0e5fe95dba953c33811fd83f5fd9a499a85e08ac4f5f0b2c18993be8d,66,36,0,09:30:00,10:00:00,10:35:00
SPXW,20231106,D:\ThetaData\data_underlying_derived\SPXW\2023\11\SPXW_20231106.parquet,15809,7c39b203cc579e6bbbe70b6df6d89bd7986ba00883005d33769f00b0a912a1a0,66,36,0,09:30:00,10:00:00,10:35:00
SPXW,20231107,D:\ThetaData\data_underlying_derived\SPXW\2023\11\SPXW_20231107.parquet,15712,2e7e46033f846aedd048d51f91974c46de4b278392cab5a334bdf9c4211d6074,66,36,0,09:30:00,10:00:00,10:35:00
SPXW,20231108,D:\ThetaData\data_underlying_derived\SPXW\2023\11\SPXW_20231108.parquet,15816,306a70449987645dae8c012c633cb616ee09f3b2b4c90234fd8682ca288c3b17,66,36,0,09:30:00,10:00:00,10:35:00
SPXW,20231109,D:\ThetaData\data_underlying_derived\SPXW\2023\11\SPXW_20231109.parquet,16481,368c0cfd63b9d75963d51be8af819a7284883e809783cba99d3d8ff19ffe2185,66,36,0,09:30:00,10:00:00,10:35:00
SPXW,20231110,D:\ThetaData\data_underlying_derived\SPXW\2023\11\SPXW_20231110.parquet,16315,5d97ad76f2b764206151834ffba3248dd0e65b0b9cb0bd97299b378754d661b1,66,36,0,09:30:00,10:00:00,10:35:00
SPXW,20231113,D:\ThetaData\data_underlying_derived\SPXW\2023\11\SPXW_20231113.parquet,15733,2fabbc07f36d70cff6c1396cfc23291342dbd8563b17438559d2ab0c54fe8dfb,66,36,0,09:30:00,10:00:00,10:35:00
SPXW,20231114,D:\ThetaData\data_underlying_derived\SPXW\2023\11\SPXW_20231114.parquet,16025,88f33223cd702f8f3b62229463bcdfc0d4aa4e05d3c10245a35f49c0b8645d67,66,36,0,09:30:00,10:00:00,10:35:00
SPXW,20231115,D:\ThetaData\data_underlying_derived\SPXW\2023\11\SPXW_20231115.parquet,15696,70a5d087c8139a7ec24324d606dd5c17a394ace14047758e51093f68b99cccaf,66,36,0,09:30:00,10:00:00,10:35:00
SPXW,20231116,D:\ThetaData\data_underlying_derived\SPXW\2023\11\SPXW_20231116.parquet,15682,01ca57266de2b0c95875d9bdd900f7ffeff429b0fae4e974822efb13cc312571,66,36,0,09:30:00,10:00:00,10:35:00
SPXW,20231117,D:\ThetaData\data_underlying_derived\SPXW\2023\11\SPXW_20231117.parquet,15619,54271b40835e60cfc0ed12d9bceb2b6534ccda7ff9dd2e9ff4eeba3872956450,66,36,0,09:30:00,10:00:00,10:35:00
SPXW,20231120,D:\ThetaData\data_underlying_derived\SPXW\2023\11\SPXW_20231120.parquet,16078,04a781bb6aea30829e575ce6975620f27eb3c9a75010daaf6bff6e0df732ca25,66,36,0,09:30:00,10:00:00,10:35:00
SPXW,20231121,D:\ThetaData\data_underlying_derived\SPXW\2023\11\SPXW_20231121.parquet,15347,2561a0d934460739535cddd1f392d0c1837f9248491df7bde54286649cbcae19,66,36,0,09:30:00,10:00:00,10:35:00
SPXW,20231122,D:\ThetaData\data_underlying_derived\SPXW\2023\11\SPXW_20231122.parquet,15534,e2843bf9b56ef09bf72633063fe609fc717ed5531047304c84f65fcd3fff0c3a,66,36,0,09:30:00,10:00:00,10:35:00
SPXW,20231127,D:\ThetaData\data_underlying_derived\SPXW\2023\11\SPXW_20231127.parquet,15334,529eb563db8fac63e11300418ba6700940492c1f4c3614825b66c67d71a85f03,66,36,0,09:30:00,10:00:00,10:35:00
SPXW,20231128,D:\ThetaData\data_underlying_derived\SPXW\2023\11\SPXW_20231128.parquet,15900,068b164084909b1dd8bbfb4f69a70c49ccc0bc24c163c1f0b922d037ff8e50a3,66,36,0,09:30:00,10:00:00,10:35:00
SPXW,20231129,D:\ThetaData\data_underlying_derived\SPXW\2023\11\SPXW_20231129.parquet,15888,fefe0e50cb1892f1af1f2554e261afedc950c1a418460e919df57de802c441c9,66,36,0,09:30:00,10:00:00,10:35:00
SPXW,20231130,D:\ThetaData\data_underlying_derived\SPXW\2023\11\SPXW_20231130.parquet,15830,4a7b3fd71986a99c8818b1392293c05e30ceb9237908874d1c1f1be2b0d8dcec,66,36,0,09:30:00,10:00:00,10:35:00
SPXW,20231201,D:\ThetaData\data_underlying_derived\SPXW\2023\12\SPXW_20231201.parquet,16076,4e933a5eba97b3bb46acf4113b433e38373c0b1ded38ea59ba7567ee067c1a76,66,36,0,09:30:00,10:00:00,10:35:00
SPXW,20231204,D:\ThetaData\data_underlying_derived\SPXW\2023\12\SPXW_20231204.parquet,15756,2c8fbfd4f289e47b73273b26ecc105cc0091bc5b364ea0ad17dfb9aa07df01d8,66,36,0,09:30:00,10:00:00,10:35:00
SPXW,20231205,D:\ThetaData\data_underlying_derived\SPXW\2023\12\SPXW_20231205.parquet,15386,560493eb6f53ec39936b2435c220c431cc2889fedc913053af3d97d9a3d6658e,66,36,0,09:30:00,10:00:00,10:35:00
SPXW,20231206,D:\ThetaData\data_underlying_derived\SPXW\2023\12\SPXW_20231206.parquet,16055,23ea35239d4e532046cde03265217806ae1c83f851df83d8a72aa9061b928109,66,36,0,09:30:00,10:00:00,10:35:00
SPXW,20231207,D:\ThetaData\data_underlying_derived\SPXW\2023\12\SPXW_20231207.parquet,15406,96a41f67b22fc6ffd6e28a9a5f4cdf0de597ebf160b35df3190e16685bf1e5ad,66,36,0,09:30:00,10:00:00,10:35:00
SPXW,20231208,D:\ThetaData\data_underlying_derived\SPXW\2023\12\SPXW_20231208.parquet,16154,7c1fe2cc78f2373dcc8ed04f22c594edad9865118971b8fffc94b93a927df40f,66,36,0,09:30:00,10:00:00,10:35:00
SPXW,20231211,D:\ThetaData\data_underlying_derived\SPXW\2023\12\SPXW_20231211.parquet,15699,cb47d536aab09e163518c4f7f5ce6dc99422d4bab1a49f7b499f2dcbc96d11f4,66,36,0,09:30:00,10:00:00,10:35:00
SPXW,20231212,D:\ThetaData\data_underlying_derived\SPXW\2023\12\SPXW_20231212.parquet,15947,b4298a5b30fe207c3aaad5c85ba6d450a4697d0932e5f4e5a0e848210fb7e799,66,36,0,09:30:00,10:00:00,10:35:00
SPXW,20231213,D:\ThetaData\data_underlying_derived\SPXW\2023\12\SPXW_20231213.parquet,15946,064497c64b3ae880f3e3c8146e064cbf1cd05cdd1d0ab8afcf4bde4dbfa3fd35,66,36,0,09:30:00,10:00:00,10:35:00
SPXW,20231214,D:\ThetaData\data_underlying_derived\SPXW\2023\12\SPXW_20231214.parquet,16165,f806dc100dceee93040562f177f5a8a2badb60450263ab1b048d909ae1c30f0a,66,36,0,09:30:00,10:00:00,10:35:00
SPXW,20231215,D:\ThetaData\data_underlying_derived\SPXW\2023\12\SPXW_20231215.parquet,15771,af0b542f2c818feea6652ff8f66c248570e7aff18204464a2ad7e55bd6561eaf,66,36,0,09:30:00,10:00:00,10:35:00
SPXW,20231218,D:\ThetaData\data_underlying_derived\SPXW\2023\12\SPXW_20231218.parquet,15386,bd669370ce855bfeea0d2387754815da7869744ac67ad3be471a65b6064b7132,66,36,0,09:30:00,10:00:00,10:35:00
SPXW,20231219,D:\ThetaData\data_underlying_derived\SPXW\2023\12\SPXW_20231219.parquet,15061,8b48164de727f32cf383c98610e22b049a604cc33c18acb53dcd05d18714ebb9,66,36,0,09:30:00,10:00:00,10:35:00
SPXW,20231220,D:\ThetaData\data_underlying_derived\SPXW\2023\12\SPXW_20231220.parquet,15912,9f263dd26e2344e9cb1d37224ecdfb99387dbeb3befe503b88066c09195a382d,66,36,0,09:30:00,10:00:00,10:35:00
SPXW,20231221,D:\ThetaData\data_underlying_derived\SPXW\2023\12\SPXW_20231221.parquet,16174,5a4ed8487fa63df0a79c61235ad023a9fca2363735f234201a9d8055800012b9,66,36,0,09:30:00,10:00:00,10:35:00
SPXW,20231222,D:\ThetaData\data_underlying_derived\SPXW\2023\12\SPXW_20231222.parquet,15972,90d09b9a7c72398e3332853fd56dcbf4b5ac4302d2cc2e9714ad140ac17a13c3,66,36,0,09:30:00,10:00:00,10:35:00
SPXW,20231226,D:\ThetaData\data_underlying_derived\SPXW\2023\12\SPXW_20231226.parquet,15646,5ec432ce33ddfe982bd4afb9bf6c3ece1216a0df76bac8f64cc37bb140320ed9,66,36,0,09:30:00,10:00:00,10:35:00
SPXW,20231227,D:\ThetaData\data_underlying_derived\SPXW\2023\12\SPXW_20231227.parquet,15254,002455058cc2b1d384140e5c5bbea13003558d44c31746168334a5c9097300fd,66,36,0,09:30:00,10:00:00,10:35:00
SPXW,20231228,D:\ThetaData\data_underlying_derived\SPXW\2023\12\SPXW_20231228.parquet,14521,14dcf653409e40b1e4f09fe63c07f7a12ff957d73070e3beb825d8bc3f55a470,66,36,0,09:30:00,10:00:00,10:35:00
SPXW,20231229,D:\ThetaData\data_underlying_derived\SPXW\2023\12\SPXW_20231229.parquet,16161,299a3e23802b76fd698403d0708d5d04c432f45c2eb153368efe16355c360ea2,66,36,0,09:30:00,10:00:00,10:35:00
SPXW,20240102,D:\ThetaData\data_underlying_derived\SPXW\2024\01\SPXW_20240102.parquet,16169,4250e87f0bd61b630925fe8317339469a0c797d8a16bf668e660cf546d3fce79,66,36,0,09:30:00,10:00:00,10:35:00
SPXW,20240103,D:\ThetaData\data_underlying_derived\SPXW\2024\01\SPXW_20240103.parquet,15848,28a8a8497478fa6f0933820f195deb75ed8bf81a6326bee20b7b531273bf7279,66,36,0,09:30:00,10:00:00,10:35:00
SPXW,20240104,D:\ThetaData\data_underlying_derived\SPXW\2024\01\SPXW_20240104.parquet,16186,fcb80125f9b88a403139eba7fa13b90fcb93c0cee6c78c457fb5f6e069ae703e,66,36,0,09:30:00,10:00:00,10:35:00
SPXW,20240105,D:\ThetaData\data_underlying_derived\SPXW\2024\01\SPXW_20240105.parquet,16253,272354e03eac78b0389f782d44a68e1e0b6648c8958b44b93e8585f6d3cf8016,66,36,0,09:30:00,10:00:00,10:35:00
SPXW,20240108,D:\ThetaData\data_underlying_derived\SPXW\2024\01\SPXW_20240108.parquet,16385,1d9f7d89004178fad45578b2c28e54fba7251a692b5b61178b2eae660fd9fd62,66,36,0,09:30:00,10:00:00,10:35:00
SPXW,20240109,D:\ThetaData\data_underlying_derived\SPXW\2024\01\SPXW_20240109.parquet,16111,1b69e124d9b75817deb7f9ea017802751cfd42eff437d7b6889242f9a8d337fe,66,36,0,09:30:00,10:00:00,10:35:00
SPXW,20240110,D:\ThetaData\data_underlying_derived\SPXW\2024\01\SPXW_20240110.parquet,16094,621e744581b2999aaa4a658e76ffd5037b59afd504681f76e8219fd98da5fe90,66,36,0,09:30:00,10:00:00,10:35:00
SPXW,20240111,D:\ThetaData\data_underlying_derived\SPXW\2024\01\SPXW_20240111.parquet,16299,55c9ff8a424b013aa5d0b9de44177a9b4d8ed9f3b4f0fad2bdb364ca0623d5ea,66,36,0,09:30:00,10:00:00,10:35:00
SPXW,20240112,D:\ThetaData\data_underlying_derived\SPXW\2024\01\SPXW_20240112.parquet,15829,8e161a5b99466657cac4f4f7f1d04b5c197601964b0063787c9b06992358291a,66,36,0,09:30:00,10:00:00,10:35:00
SPXW,20240116,D:\ThetaData\data_underlying_derived\SPXW\2024\01\SPXW_20240116.parquet,16145,57ac558e9dbc5c2ba710b3ed2bfd5eeb41041025389f5cbf009d780bb2b04f55,66,36,0,09:30:00,10:00:00,10:35:00
SPXW,20240117,D:\ThetaData\data_underlying_derived\SPXW\2024\01\SPXW_20240117.parquet,15993,9db6604a6787b23f7a813e74db6d62fea2a2d77ea5bf662d2a74902d993cf775,66,36,0,09:30:00,10:00:00,10:35:00
SPXW,20240118,D:\ThetaData\data_underlying_derived\SPXW\2024\01\SPXW_20240118.parquet,16221,77a9c443c5d8161512fed15e894856e488eb5589c5c6a08536664930009148a8,66,36,0,09:30:00,10:00:00,10:35:00
SPXW,20240119,D:\ThetaData\data_underlying_derived\SPXW\2024\01\SPXW_20240119.parquet,16377,ca43e994e41f5073d8110879e6762e50cf714e79d786ec15cf4e721150d67e50,66,36,0,09:30:00,10:00:00,10:35:00
SPXW,20240122,D:\ThetaData\data_underlying_derived\SPXW\2024\01\SPXW_20240122.parquet,15414,ae282ef3ed45e9914a99461403fd5d046ade5cfd7f79a47a9fe852bb916bbf79,66,36,0,09:30:00,10:00:00,10:35:00
SPXW,20240123,D:\ThetaData\data_underlying_derived\SPXW\2024\01\SPXW_20240123.parquet,15750,9991f09770c00ad4c21c9e9a383509a3c874f998186578bfe8587475e68339ae,66,36,0,09:30:00,10:00:00,10:35:00
SPXW,20240124,D:\ThetaData\data_underlying_derived\SPXW\2024\01\SPXW_20240124.parquet,16242,7095ab72d0f5cccac0888a1ba7024a310e10513633ae9ac031d9105bacbe9a3e,66,36,0,09:30:00,10:00:00,10:35:00
SPXW,20240125,D:\ThetaData\data_underlying_derived\SPXW\2024\01\SPXW_20240125.parquet,15996,80656ddfed53da29c36b7c485be306bc0b621e5fb05d500dee86da7435dc8e7d,66,36,0,09:30:00,10:00:00,10:35:00
SPXW,20240126,D:\ThetaData\data_underlying_derived\SPXW\2024\01\SPXW_20240126.parquet,15940,92c021a53d233d7af48439678d315694c8d330c6a28ceaa92a147e695584b52c,66,36,0,09:30:00,10:00:00,10:35:00
SPXW,20240129,D:\ThetaData\data_underlying_derived\SPXW\2024\01\SPXW_20240129.parquet,15928,51fe2f0a0f6cfa5af66df4df5d79fd47cf237a1dbf2fd9921a929cc7e53a3b72,66,36,0,09:30:00,10:00:00,10:35:00
SPXW,20240130,D:\ThetaData\data_underlying_derived\SPXW\2024\01\SPXW_20240130.parquet,15248,9af004a86405facff5e88bea27a8df23382efe420bae15f1f1c3a8a87bf182a0,66,36,0,09:30:00,10:00:00,10:35:00
SPXW,20240131,D:\ThetaData\data_underlying_derived\SPXW\2024\01\SPXW_20240131.parquet,16184,9b22ac6daf0c02c166327af206761612dfed39417344b4a48b9468f4a0f19ac5,66,36,0,09:30:00,10:00:00,10:35:00
SPXW,20240201,D:\ThetaData\data_underlying_derived\SPXW\2024\02\SPXW_20240201.parquet,16504,0c0f9ac392b1c1401562b43a2cd073cef73e85ceaf60ea2cc1c47d9177f1818c,66,36,0,09:30:00,10:00:00,10:35:00
SPXW,20240202,D:\ThetaData\data_underlying_derived\SPXW\2024\02\SPXW_20240202.parquet,16389,9cfecce44176612b9eed4ffdb3d7c7ec9c80b5eab50bc1f811c3ca7ca43e2715,66,36,0,09:30:00,10:00:00,10:35:00
SPXW,20240205,D:\ThetaData\data_underlying_derived\SPXW\2024\02\SPXW_20240205.parquet,16083,5b23d05b8d4670de3c879c717d3a99eb2dbef6a11f48df8f454f47bdd714fbcb,66,36,0,09:30:00,10:00:00,10:35:00
SPXW,20240206,D:\ThetaData\data_underlying_derived\SPXW\2024\02\SPXW_20240206.parquet,15679,3591f1674a757880f2e557eb255fa1c19f52f418d01cbc4b761bf3c1483966b6,66,36,0,09:30:00,10:00:00,10:35:00
SPXW,20240207,D:\ThetaData\data_underlying_derived\SPXW\2024\02\SPXW_20240207.parquet,15799,9bf3b77195029399a559038417edc935f04df7baf38001b0a997b843b098d769,66,36,0,09:30:00,10:00:00,10:35:00
SPXW,20240208,D:\ThetaData\data_underlying_derived\SPXW\2024\02\SPXW_20240208.parquet,14971,3d75938ddbd25597130a38c85c6eebfcff28928d42b75c3046b177d9fe61ad27,66,36,0,09:30:00,10:00:00,10:35:00
SPXW,20240209,D:\ThetaData\data_underlying_derived\SPXW\2024\02\SPXW_20240209.parquet,15956,a3235c79a977b53edbe34328b89de35d5c420199cac84f1bf8704d4d8e5053e3,66,36,0,09:30:00,10:00:00,10:35:00
SPXW,20240212,D:\ThetaData\data_underlying_derived\SPXW\2024\02\SPXW_20240212.parquet,16050,f6c4527ba3b5721d25fdbcab4ac28bfc4cd76f0d67613712420089aecdaa6f77,66,36,0,09:30:00,10:00:00,10:35:00
SPXW,20240213,D:\ThetaData\data_underlying_derived\SPXW\2024\02\SPXW_20240213.parquet,16314,a2f4bde539ea51776954f36afe55b9c6fcd588ccbcdc3ce0dd8a48f979759525,66,36,0,09:30:00,10:00:00,10:35:00
SPXW,20240214,D:\ThetaData\data_underlying_derived\SPXW\2024\02\SPXW_20240214.parquet,16160,fab151587987b29492364c291708ea78401c71c8e693cef1a2a0592b37190fb5,66,36,0,09:30:00,10:00:00,10:35:00
SPXW,20240215,D:\ThetaData\data_underlying_derived\SPXW\2024\02\SPXW_20240215.parquet,16032,58b16b053ff0a45133f47d57c1b346ed469c2c4f4fd5ee766a43bb426bba7032,66,36,0,09:30:00,10:00:00,10:35:00
SPXW,20240216,D:\ThetaData\data_underlying_derived\SPXW\2024\02\SPXW_20240216.parquet,16229,ad9eae1a66c2a4678d1ebbe830b922011fbfcdccc02ce31045bd553681d6f0b1,66,36,0,09:30:00,10:00:00,10:35:00
SPXW,20240220,D:\ThetaData\data_underlying_derived\SPXW\2024\02\SPXW_20240220.parquet,16059,e80351538ce3d17664a7a3601d9b94f53ba987035cf42bc67054d6b6bb49ab21,66,36,0,09:30:00,10:00:00,10:35:00
SPXW,20240221,D:\ThetaData\data_underlying_derived\SPXW\2024\02\SPXW_20240221.parquet,15877,de0cd487e5a53c1214bea64733c92cfde490607e70ef85521abd319b213ebf91,66,36,0,09:30:00,10:00:00,10:35:00
SPXW,20240222,D:\ThetaData\data_underlying_derived\SPXW\2024\02\SPXW_20240222.parquet,16311,026ee8c689b14f898102f2595af98562daa5802a2fd0c01f45256ef728125126,66,36,0,09:30:00,10:00:00,10:35:00
SPXW,20240223,D:\ThetaData\data_underlying_derived\SPXW\2024\02\SPXW_20240223.parquet,15849,657c03ed15ef3c023afe857a7f2b79fae911d49a2b164d0f49d31ec68482c55f,66,36,0,09:30:00,10:00:00,10:35:00
SPXW,20240226,D:\ThetaData\data_underlying_derived\SPXW\2024\02\SPXW_20240226.parquet,15906,7989df2cfbfaa8e3361be8c2e63b935c6353885c4fa25cf206ac33ec41eabea0,66,36,0,09:30:00,10:00:00,10:35:00
SPXW,20240227,D:\ThetaData\data_underlying_derived\SPXW\2024\02\SPXW_20240227.parquet,15603,388bea187a2590197467b983876b6f2e8d063b2904d6654d1721a31c0d159881,66,36,0,09:30:00,10:00:00,10:35:00
SPXW,20240228,D:\ThetaData\data_underlying_derived\SPXW\2024\02\SPXW_20240228.parquet,15703,c3e6df11cfd2b112b55546445a37add4c385c80f2101fb231d7d8382a029bd45,66,36,0,09:30:00,10:00:00,10:35:00
SPXW,20240229,D:\ThetaData\data_underlying_derived\SPXW\2024\02\SPXW_20240229.parquet,16000,6e632f93fa5116c23a89998784d8572d362f8c680ec1590e85ec467f3b8f768e,66,36,0,09:30:00,10:00:00,10:35:00
SPXW,20240301,D:\ThetaData\data_underlying_derived\SPXW\2024\03\SPXW_20240301.parquet,16404,fd95eeaa616ee7b92844d7c27a7060eb8b8f22ed8e72d67bf48f5294f8c0ef04,66,36,0,09:30:00,10:00:00,10:35:00
SPXW,20240304,D:\ThetaData\data_underlying_derived\SPXW\2024\03\SPXW_20240304.parquet,15398,2ec2c001492cf3a86204ce6e48d0ae45b2a0e0b86406f1f54421e482027b4472,66,36,0,09:30:00,10:00:00,10:35:00
SPXW,20240305,D:\ThetaData\data_underlying_derived\SPXW\2024\03\SPXW_20240305.parquet,16254,ff4b703738850afae48c5f5454164eb4aa444ba2f247811fbba58bc261255552,66,36,0,09:30:00,10:00:00,10:35:00
SPXW,20240306,D:\ThetaData\data_underlying_derived\SPXW\2024\03\SPXW_20240306.parquet,16280,7c4e99c7d043d99e6564f857d94a081403fb4d4a7cdca4a313bc30b170e7050d,66,36,0,09:30:00,10:00:00,10:35:00
SPXW,20240307,D:\ThetaData\data_underlying_derived\SPXW\2024\03\SPXW_20240307.parquet,15965,ee4e8eab3c17c041e1191ccd7b9d7b181cc85fa91fae1fd3e8e1cefff4109e8a,66,36,0,09:30:00,10:00:00,10:35:00
SPXW,20240308,D:\ThetaData\data_underlying_derived\SPXW\2024\03\SPXW_20240308.parquet,16554,4368c4d2b83ccb5ded966f0bf738424a94b5cd4e9a12ee1238fe8878511449ac,66,36,0,09:30:00,10:00:00,10:35:00
SPXW,20240311,D:\ThetaData\data_underlying_derived\SPXW\2024\03\SPXW_20240311.parquet,16083,855c745662fd27cded34524fe86b578576c4fa21de9f733fc7a64466f27c631e,66,36,0,09:30:00,10:00:00,10:35:00
SPXW,20240312,D:\ThetaData\data_underlying_derived\SPXW\2024\03\SPXW_20240312.parquet,16335,1541fd8248964cff05dba3ce0456bf8d1ce9b827439f9ce41b89cd5896b0ae6c,66,36,0,09:30:00,10:00:00,10:35:00
SPXW,20240313,D:\ThetaData\data_underlying_derived\SPXW\2024\03\SPXW_20240313.parquet,15420,16a7395cf5516a5904676b69fcc6aa5cceae12c0d80a2e6ab81261cfbeb0ac36,66,36,0,09:30:00,10:00:00,10:35:00
SPXW,20240314,D:\ThetaData\data_underlying_derived\SPXW\2024\03\SPXW_20240314.parquet,16073,bb797e1844a43fbecbbfcf071794be3f43623dd9c4d5d0acde02283d2239217b,66,36,0,09:30:00,10:00:00,10:35:00
SPXW,20240315,D:\ThetaData\data_underlying_derived\SPXW\2024\03\SPXW_20240315.parquet,16014,0c9346e0501d0c31901d849a3e220f3b67ddb42bab985e70f3a21b4feca211c9,66,36,0,09:30:00,10:00:00,10:35:00
SPXW,20240318,D:\ThetaData\data_underlying_derived\SPXW\2024\03\SPXW_20240318.parquet,15757,da7b59042edb25881c9f5f74c1f8ee0cf8a8d866e2f87bf38287d9c1da16c260,66,36,0,09:30:00,10:00:00,10:35:00
SPXW,20240319,D:\ThetaData\data_underlying_derived\SPXW\2024\03\SPXW_20240319.parquet,16229,d8e7392c054aef221a39da65a080e482bd78d24ce5a215bb0d8d1ec7e874086d,66,36,0,09:30:00,10:00:00,10:35:00
SPXW,20240320,D:\ThetaData\data_underlying_derived\SPXW\2024\03\SPXW_20240320.parquet,15912,e3fdd36b938d364cb41d9f3fae455c63f78b642c93d2f9a53f552d6a65f598fd,66,36,0,09:30:00,10:00:00,10:35:00
SPXW,20240321,D:\ThetaData\data_underlying_derived\SPXW\2024\03\SPXW_20240321.parquet,15787,14aa199783f148772f234a191a715192efba0ff69aa6c64c6abe52113c6e7c22,66,36,0,09:30:00,10:00:00,10:35:00
SPXW,20240322,D:\ThetaData\data_underlying_derived\SPXW\2024\03\SPXW_20240322.parquet,15546,9235711ed1d0527219e9f6d01e11388136118dbc4b4360de64183baa311a0ce2,66,36,0,09:30:00,10:00:00,10:35:00
SPXW,20240325,D:\ThetaData\data_underlying_derived\SPXW\2024\03\SPXW_20240325.parquet,14839,f7881fe955d4f54902397f14b6a5ba7aaf13f488f7221fe9c6c1f7ad6df21d52,66,36,0,09:30:00,10:00:00,10:35:00
SPXW,20240326,D:\ThetaData\data_underlying_derived\SPXW\2024\03\SPXW_20240326.parquet,15236,8bedeaad45ab9ef6e7ce3250bf50c124f5d10a21350ad377f6d16fb983131e27,66,36,0,09:30:00,10:00:00,10:35:00
SPXW,20240327,D:\ThetaData\data_underlying_derived\SPXW\2024\03\SPXW_20240327.parquet,15650,1b0563310407a25b92aeedbd4bba9e419ca6e1dd7f82bab656bd8113768e50af,66,36,0,09:30:00,10:00:00,10:35:00
SPXW,20240328,D:\ThetaData\data_underlying_derived\SPXW\2024\03\SPXW_20240328.parquet,14902,51cb88d19fcb12ebcaa2d28ab760f9bff449bb0f980cc92af0bc6306f4764330,66,36,0,09:30:00,10:00:00,10:35:00
SPXW,20240401,D:\ThetaData\data_underlying_derived\SPXW\2024\04\SPXW_20240401.parquet,15666,f547be07cfd94e35de085afa0853f6a594fc0c14078288c032af0f6fbb33e1bd,66,36,0,09:30:00,10:00:00,10:35:00
SPXW,20240402,D:\ThetaData\data_underlying_derived\SPXW\2024\04\SPXW_20240402.parquet,15608,d22874cd6ebf50713cc2e4075586971d8cf806af25379d1ba104485f38958beb,66,36,0,09:30:00,10:00:00,10:35:00
SPXW,20240403,D:\ThetaData\data_underlying_derived\SPXW\2024\04\SPXW_20240403.parquet,15815,9286edbaa7dcc5e5ee68cd9d6df76fc1cb5dc42f9e34d25910e9ad4390055dde,66,36,0,09:30:00,10:00:00,10:35:00
SPXW,20240404,D:\ThetaData\data_underlying_derived\SPXW\2024\04\SPXW_20240404.parquet,16226,429093641e91767feb7e1ca98b3daa9754f84ff0f0ef081702a7352176d1111d,66,36,0,09:30:00,10:00:00,10:35:00
SPXW,20240405,D:\ThetaData\data_underlying_derived\SPXW\2024\04\SPXW_20240405.parquet,16374,bf96a5b9f1d26ee5cb9659fcc792a7fd55e6183b7553962d3a1069f9245cb29c,66,36,0,09:30:00,10:00:00,10:35:00
SPXW,20240408,D:\ThetaData\data_underlying_derived\SPXW\2024\04\SPXW_20240408.parquet,15530,4464002d1bb403ee3cbf157e5cbb77489aa8c9c69656ce04f1e8a8ab518f6bea,66,36,0,09:30:00,10:00:00,10:35:00
SPXW,20240409,D:\ThetaData\data_underlying_derived\SPXW\2024\04\SPXW_20240409.parquet,16310,de22e277af2bb8107e5279ea6242534ae25f55edd39f46d161ea9cbce986eeec,66,36,0,09:30:00,10:00:00,10:35:00
SPXW,20240410,D:\ThetaData\data_underlying_derived\SPXW\2024\04\SPXW_20240410.parquet,16064,3a254114c03e018ff82324afc14417d3e8346f9d8008280aa9519eb064ca698c,66,36,0,09:30:00,10:00:00,10:35:00
SPXW,20240411,D:\ThetaData\data_underlying_derived\SPXW\2024\04\SPXW_20240411.parquet,16475,436e91d788328b7e20e7c65a609b6a109a8c987bf7f6fdd5b1a1184944a0ec25,66,36,0,09:30:00,10:00:00,10:35:00
SPXW,20240412,D:\ThetaData\data_underlying_derived\SPXW\2024\04\SPXW_20240412.parquet,16640,9bee1351eaba7eeaf76ff7974824b92d46cd0b1f9fc6934e24b33b23da0c9fbe,66,36,0,09:30:00,10:00:00,10:35:00
SPXW,20240415,D:\ThetaData\data_underlying_derived\SPXW\2024\04\SPXW_20240415.parquet,16685,b732fd13f2f486ee5ced2762e23184c6965a87da4d6701d533fd7f16efa8ee96,66,36,0,09:30:00,10:00:00,10:35:00
SPXW,20240416,D:\ThetaData\data_underlying_derived\SPXW\2024\04\SPXW_20240416.parquet,16026,da8343b93ceed96021c869b6cdbd0d8b8ed2edb214b9ff7ed3832694b6cea446,66,36,0,09:30:00,10:00:00,10:35:00
SPXW,20240417,D:\ThetaData\data_underlying_derived\SPXW\2024\04\SPXW_20240417.parquet,16425,fa9d0e80ca1317201ca95ae1bd073e65eae24724037b2acf4c1e7396bb709d69,66,36,0,09:30:00,10:00:00,10:35:00
SPXW,20240418,D:\ThetaData\data_underlying_derived\SPXW\2024\04\SPXW_20240418.parquet,16407,6f394997ce75716f938a36aa5430f6f6f3c56b609e0de17592dc734336fb7ca0,66,36,0,09:30:00,10:00:00,10:35:00
SPXW,20240419,D:\ThetaData\data_underlying_derived\SPXW\2024\04\SPXW_20240419.parquet,16557,f8fcc0704608f5014c74e3e130baab0cdc602e3ecc21f45b5d0bb2308570068a,66,36,0,09:30:00,10:00:00,10:35:00
SPXW,20240422,D:\ThetaData\data_underlying_derived\SPXW\2024\04\SPXW_20240422.parquet,16595,cd470c71f52e4c14441dd6f55b5d4d3a2d643984c92540f65cdc6ca2663af21c,66,36,0,09:30:00,10:00:00,10:35:00
SPXW,20240423,D:\ThetaData\data_underlying_derived\SPXW\2024\04\SPXW_20240423.parquet,15932,55d4958267a90783e00150075ed5a7669b73c4535698404e1c13120ce5faa75c,66,36,0,09:30:00,10:00:00,10:35:00
SPXW,20240424,D:\ThetaData\data_underlying_derived\SPXW\2024\04\SPXW_20240424.parquet,16276,2856814c191bda58547415da9b3f476e567ad8322efc92b3b05a2ac852557b42,66,36,0,09:30:00,10:00:00,10:35:00
SPXW,20240425,D:\ThetaData\data_underlying_derived\SPXW\2024\04\SPXW_20240425.parquet,16518,96fc9f1e794479b2833eb9f89145ad891b3d396a065f53505bd6d1c941421abe,66,36,0,09:30:00,10:00:00,10:35:00
SPXW,20240426,D:\ThetaData\data_underlying_derived\SPXW\2024\04\SPXW_20240426.parquet,15978,da91f2ae44e053d466b252516013da22a0d50b554d248497b891a5dba32b29e4,66,36,0,09:30:00,10:00:00,10:35:00
SPXW,20240429,D:\ThetaData\data_underlying_derived\SPXW\2024\04\SPXW_20240429.parquet,15704,85a2b35da68da816600ed2875739f0f7195c9c9e43e9344fdc26c258637aa4f7,66,36,0,09:30:00,10:00:00,10:35:00
SPXW,20240430,D:\ThetaData\data_underlying_derived\SPXW\2024\04\SPXW_20240430.parquet,16457,225364830560c68e164462c96fa4b7f42e9e67b03de947d0917dad909a5d6690,66,36,0,09:30:00,10:00:00,10:35:00
SPXW,20240501,D:\ThetaData\data_underlying_derived\SPXW\2024\05\SPXW_20240501.parquet,16072,54d92fcd5ec4ea38600440b5d4d2b334eb79ad2f68ca54020226f4b48f4de558,66,36,0,09:30:00,10:00:00,10:35:00
SPXW,20240502,D:\ThetaData\data_underlying_derived\SPXW\2024\05\SPXW_20240502.parquet,16372,0d879442b85770443a04501faff80ef87bb81cf6debe0fb9d85dc82109711a33,66,36,0,09:30:00,10:00:00,10:35:00
SPXW,20240503,D:\ThetaData\data_underlying_derived\SPXW\2024\05\SPXW_20240503.parquet,16285,f2cbc5b35cabb44c84140776f26fe695269f3609c76388be08f85d5832084e56,66,36,0,09:30:00,10:00:00,10:35:00
SPXW,20240506,D:\ThetaData\data_underlying_derived\SPXW\2024\05\SPXW_20240506.parquet,15615,1b37d0f4f622b2df66b2cee1b27248a80ac8a384fa98b8ea030194f5e0139d96,66,36,0,09:30:00,10:00:00,10:35:00
SPXW,20240507,D:\ThetaData\data_underlying_derived\SPXW\2024\05\SPXW_20240507.parquet,15588,a6c03f3ef552f7485c8844cddeabd650095e00b6e7881e6d47f2679671d283ea,66,36,0,09:30:00,10:00:00,10:35:00
SPXW,20240508,D:\ThetaData\data_underlying_derived\SPXW\2024\05\SPXW_20240508.parquet,15536,d254f36a4621bd9a1245cc7aa10a5637a003347643dfb1b3b46f67ad2c0d5d42,66,36,0,09:30:00,10:00:00,10:35:00
SPXW,20240509,D:\ThetaData\data_underlying_derived\SPXW\2024\05\SPXW_20240509.parquet,15864,391cf9912a749169eae601064de959a3d2b1f959f71a00d8c79ca0d72119a8ca,66,36,0,09:30:00,10:00:00,10:35:00
SPXW,20240510,D:\ThetaData\data_underlying_derived\SPXW\2024\05\SPXW_20240510.parquet,15664,0f9adda4aa08e1a3219162f84561701910954f50b40f8ecf937c6baa43c16648,66,36,0,09:30:00,10:00:00,10:35:00
SPXW,20240513,D:\ThetaData\data_underlying_derived\SPXW\2024\05\SPXW_20240513.parquet,15368,7d429e6bcdb3ea92dd9df7857c81d52d7a9bfea0d85deac1e0e9cb5aefc61cac,66,36,0,09:30:00,10:00:00,10:35:00
SPXW,20240514,D:\ThetaData\data_underlying_derived\SPXW\2024\05\SPXW_20240514.parquet,15997,06d33a5f52b13f113c4bc3cdf7c37488908a2d5b809dee03b30f405754b79046,66,36,0,09:30:00,10:00:00,10:35:00
SPXW,20240515,D:\ThetaData\data_underlying_derived\SPXW\2024\05\SPXW_20240515.parquet,16044,a110eaa13fa37bdf1639bdd42bbfe2929fd5dfd14058e52d8bdd5ffe64944c49,66,36,0,09:30:00,10:00:00,10:35:00
SPXW,20240516,D:\ThetaData\data_underlying_derived\SPXW\2024\05\SPXW_20240516.parquet,15859,c75a83c4636adc9010060d5bee16ff4d678cffeeaf84dba23c219a1670518f65,66,36,0,09:30:00,10:00:00,10:35:00
SPXW,20240517,D:\ThetaData\data_underlying_derived\SPXW\2024\05\SPXW_20240517.parquet,15248,383fed25663a1b44c57529bebafc261a4abc0aa4fb3f9ce4967d726817e5c039,66,36,0,09:30:00,10:00:00,10:35:00
SPXW,20240520,D:\ThetaData\data_underlying_derived\SPXW\2024\05\SPXW_20240520.parquet,15631,031187f8436b9faf063744e1d67dbd3e4476f4bfe55b881ae3e5e56b34667e99,66,36,0,09:30:00,10:00:00,10:35:00
SPXW,20240521,D:\ThetaData\data_underlying_derived\SPXW\2024\05\SPXW_20240521.parquet,15566,8f521a7497fc93f85282c24112ff168e222ab58c232d5b58558b13e8a1e0003c,66,36,0,09:30:00,10:00:00,10:35:00
SPXW,20240522,D:\ThetaData\data_underlying_derived\SPXW\2024\05\SPXW_20240522.parquet,15580,2a227e6c7601a1421ed07cb677ca7d72c178bf17fb1334a1bd6bdb7cb3543de6,66,36,0,09:30:00,10:00:00,10:35:00
SPXW,20240523,D:\ThetaData\data_underlying_derived\SPXW\2024\05\SPXW_20240523.parquet,16453,9e111588594a5c49d6c540c5f559630fb6999a1752bd9f37c26ea5b6fe8d8d3c,66,36,0,09:30:00,10:00:00,10:35:00
SPXW,20240524,D:\ThetaData\data_underlying_derived\SPXW\2024\05\SPXW_20240524.parquet,15897,e6f2748df01345515d124ddd6b039dc6e075d7fb7c9859b45048ab2e479cb40d,66,36,0,09:30:00,10:00:00,10:35:00
SPXW,20240528,D:\ThetaData\data_underlying_derived\SPXW\2024\05\SPXW_20240528.parquet,15859,1b0d254d4ad5b0044b086c414686428fb9b69edbf5e58ede5584541ca002eeb4,66,36,0,09:30:00,10:00:00,10:35:00
SPXW,20240529,D:\ThetaData\data_underlying_derived\SPXW\2024\05\SPXW_20240529.parquet,15403,7508597128b16bd619846149cd209fcc8dcc53f089e34a1b931c9d60fb361930,66,36,0,09:30:00,10:00:00,10:35:00
SPXW,20240530,D:\ThetaData\data_underlying_derived\SPXW\2024\05\SPXW_20240530.parquet,14475,4f6ce24eb42fbe8908306ea45d8d46e03421b0e3033ab917c04879da617a4819,66,36,0,09:30:00,10:00:00,10:35:00
SPXW,20240531,D:\ThetaData\data_underlying_derived\SPXW\2024\05\SPXW_20240531.parquet,16456,a1346bc2df43974a44b09feb5f67a533ff9ad95cbf5b84936147b31acec2341a,66,36,0,09:30:00,10:00:00,10:35:00
SPXW,20240603,D:\ThetaData\data_underlying_derived\SPXW\2024\06\SPXW_20240603.parquet,16392,06bf92bb04571e083a3538d03617d055f7db748dde8535a14b3c5191db789818,66,36,0,09:30:00,10:00:00,10:35:00
SPXW,20240604,D:\ThetaData\data_underlying_derived\SPXW\2024\06\SPXW_20240604.parquet,16266,559994409eeb31fd6b6e76747aeebced463cd2ae633a72b8089dba4cc20a5d62,66,36,0,09:30:00,10:00:00,10:35:00
SPXW,20240605,D:\ThetaData\data_underlying_derived\SPXW\2024\06\SPXW_20240605.parquet,16325,cc95cfc7be88975a46f55eeadde8b2a1096d6f7e910be5cf8ca3131b238f9da0,66,36,0,09:30:00,10:00:00,10:35:00
SPXW,20240606,D:\ThetaData\data_underlying_derived\SPXW\2024\06\SPXW_20240606.parquet,15871,0cc25273393628a6472e941f77dfd4ae5143bb1f5e3a63dba8d657d52501ddb7,66,36,0,09:30:00,10:00:00,10:35:00
SPXW,20240607,D:\ThetaData\data_underlying_derived\SPXW\2024\06\SPXW_20240607.parquet,16186,d7d94001a5d65ef06fd5119f524074843c982a1957341d5c495a1d96d1690039,66,36,0,09:30:00,10:00:00,10:35:00
SPXW,20240610,D:\ThetaData\data_underlying_derived\SPXW\2024\06\SPXW_20240610.parquet,15939,f7cedce3d6ec917689179d860f0ea2bd9f8d532409b172132d825de8d0246e83,66,36,0,09:30:00,10:00:00,10:35:00
SPXW,20240611,D:\ThetaData\data_underlying_derived\SPXW\2024\06\SPXW_20240611.parquet,16271,05d8b7582a1d42ff0b3bff6f6851936b6346fd50e04e61de0bc3c9cf4d4b4823,66,36,0,09:30:00,10:00:00,10:35:00
SPXW,20240612,D:\ThetaData\data_underlying_derived\SPXW\2024\06\SPXW_20240612.parquet,15939,57848f4a01cd009374e967759e609cce46e3a3672f3601806b4e03e4dedae255,66,36,0,09:30:00,10:00:00,10:35:00
SPXW,20240613,D:\ThetaData\data_underlying_derived\SPXW\2024\06\SPXW_20240613.parquet,16182,4c59681a601ad18648fa79e494710c373fc3f760ae12852d8d82b1e3df540434,66,36,0,09:30:00,10:00:00,10:35:00
SPXW,20240614,D:\ThetaData\data_underlying_derived\SPXW\2024\06\SPXW_20240614.parquet,15860,7f64ad3feae57128857b48f315e117cd7619f1689821599ed377a1ae477629ed,66,36,0,09:30:00,10:00:00,10:35:00
SPXW,20240617,D:\ThetaData\data_underlying_derived\SPXW\2024\06\SPXW_20240617.parquet,16398,ec13ccb98720d62f40e64febecfc361b906a03410e2644fb1b8f278bb56fe1da,66,36,0,09:30:00,10:00:00,10:35:00
SPXW,20240618,D:\ThetaData\data_underlying_derived\SPXW\2024\06\SPXW_20240618.parquet,15383,cabcb33096df12587b33a2523dd3b17aab751721f31bbc9c5fb87032cffdafc2,66,36,0,09:30:00,10:00:00,10:35:00
SPXW,20240620,D:\ThetaData\data_underlying_derived\SPXW\2024\06\SPXW_20240620.parquet,16385,9bbf1c23d269de8e69093cce44267d339f28b28d6b56a9c2d371632f790c3887,66,36,0,09:30:00,10:00:00,10:35:00
SPXW,20240621,D:\ThetaData\data_underlying_derived\SPXW\2024\06\SPXW_20240621.parquet,15679,b20af185d35ab99c5d697269c8f49ea856c845c8b90eabba555ab75821cec883,66,36,0,09:30:00,10:00:00,10:35:00
SPXW,20240624,D:\ThetaData\data_underlying_derived\SPXW\2024\06\SPXW_20240624.parquet,16067,7f26c08cb329eb59b084f9cea6c5370e25dbb554bf0ecc1f3a577061b8b8fdd7,66,36,0,09:30:00,10:00:00,10:35:00
SPXW,20240625,D:\ThetaData\data_underlying_derived\SPXW\2024\06\SPXW_20240625.parquet,15925,59b2a6c93dd221ab31ecfa4bbea25c82d4413556dbbac5d17c52755f30f627c3,66,36,0,09:30:00,10:00:00,10:35:00
SPXW,20240626,D:\ThetaData\data_underlying_derived\SPXW\2024\06\SPXW_20240626.parquet,15631,dec5ebdf7365e2240fb05709fdf33fce3ef6150064c489c0b7c7863561c4f53f,66,36,0,09:30:00,10:00:00,10:35:00
SPXW,20240627,D:\ThetaData\data_underlying_derived\SPXW\2024\06\SPXW_20240627.parquet,15868,d1887185f762315ec3ed7d2e1b05ad2f881a72639c6f82346d813f694c2de841,66,36,0,09:30:00,10:00:00,10:35:00
SPXW,20240628,D:\ThetaData\data_underlying_derived\SPXW\2024\06\SPXW_20240628.parquet,16333,09feebcc5279075025fe9925421d131b921fa0acf3701f2809ade606c9d7c762,66,36,0,09:30:00,10:00:00,10:35:00
SPXW,20240701,D:\ThetaData\data_underlying_derived\SPXW\2024\07\SPXW_20240701.parquet,15879,a799d48f587deaa59629e03566135801caa60614046c77e651bb90a58916c9e5,66,36,0,09:30:00,10:00:00,10:35:00
SPXW,20240702,D:\ThetaData\data_underlying_derived\SPXW\2024\07\SPXW_20240702.parquet,16162,a9282d374eb4ab286f02bdeffe2c746048b29c9a5bc3a02b545dcd77401a2e32,66,36,0,09:30:00,10:00:00,10:35:00
SPXW,20240705,D:\ThetaData\data_underlying_derived\SPXW\2024\07\SPXW_20240705.parquet,16043,14afda7759ee85dbb8e8ed4300dc8b1ea43bd808d6422901d7f35e1fd1866eb2,66,36,0,09:30:00,10:00:00,10:35:00
SPXW,20240708,D:\ThetaData\data_underlying_derived\SPXW\2024\07\SPXW_20240708.parquet,15606,edaf090e955b14838cc20d83fade4fe149f42b2b55a8bb92f0f60fc91281b7ed,66,36,0,09:30:00,10:00:00,10:35:00
SPXW,20240709,D:\ThetaData\data_underlying_derived\SPXW\2024\07\SPXW_20240709.parquet,15470,30dbc90f00fd74450b2fe6458a19971a051472ba98bf6a68a087b3bb22f927e3,66,36,0,09:30:00,10:00:00,10:35:00
SPXW,20240710,D:\ThetaData\data_underlying_derived\SPXW\2024\07\SPXW_20240710.parquet,16150,bf1d537f2590577f07a1131fabef9e4ecd21774164dfaf1a15d7346ea9041c41,66,36,0,09:30:00,10:00:00,10:35:00
SPXW,20240711,D:\ThetaData\data_underlying_derived\SPXW\2024\07\SPXW_20240711.parquet,16251,0035cfccadd84cd35cb2861b541b1c1cf641f7ddf0f53d3edaf6b8390b5dc87e,66,36,0,09:30:00,10:00:00,10:35:00
SPXW,20240712,D:\ThetaData\data_underlying_derived\SPXW\2024\07\SPXW_20240712.parquet,16466,12d1fd8d321d0de19f6d8bb8f43d73a2b80e7da4ac221ae07e3af71b0751ecfb,66,36,0,09:30:00,10:00:00,10:35:00
SPXW,20240715,D:\ThetaData\data_underlying_derived\SPXW\2024\07\SPXW_20240715.parquet,16349,dfaa5846f360e78429e7719b2544841c57bede08dfe78d9a82ec8655a2d1c537,66,36,0,09:30:00,10:00:00,10:35:00
SPXW,20240716,D:\ThetaData\data_underlying_derived\SPXW\2024\07\SPXW_20240716.parquet,15798,ae3b434c60d358fb5c79b9ddc3ffef19b01bc1ab3d9af5a50b11d698b15d562c,66,36,0,09:30:00,10:00:00,10:35:00
SPXW,20240717,D:\ThetaData\data_underlying_derived\SPXW\2024\07\SPXW_20240717.parquet,15987,88d0c231524bad11cb89e5f627198099b795924ed0c5a3823f6e210db3a72834,66,36,0,09:30:00,10:00:00,10:35:00
SPXW,20240718,D:\ThetaData\data_underlying_derived\SPXW\2024\07\SPXW_20240718.parquet,16585,5d6fd26d14f59bb6f85eac7829bf91abff4730af4434711784e34dcf2aae74ae,66,36,0,09:30:00,10:00:00,10:35:00
SPXW,20240719,D:\ThetaData\data_underlying_derived\SPXW\2024\07\SPXW_20240719.parquet,16326,d34cd5124ad4411a91d26e319d3341b25eed39501319fcfc2f5fefb898c01263,66,36,0,09:30:00,10:00:00,10:35:00
SPXW,20240722,D:\ThetaData\data_underlying_derived\SPXW\2024\07\SPXW_20240722.parquet,16332,ba30e76d4137533fe4ff8cb5fd6a4a7004a49f55450a0905024d16b9bb4617f1,66,36,0,09:30:00,10:00:00,10:35:00
SPXW,20240723,D:\ThetaData\data_underlying_derived\SPXW\2024\07\SPXW_20240723.parquet,15980,4e3fe55d1dfb47416e18e2b2bebddd7a4912bee8db6aa3744c51ae7ff1d97248,66,36,0,09:30:00,10:00:00,10:35:00
SPXW,20240724,D:\ThetaData\data_underlying_derived\SPXW\2024\07\SPXW_20240724.parquet,16399,bb314723838f2875202a5b9be39d35a11b6c36e4a13a037c2db7e0d8c2735643,66,36,0,09:30:00,10:00:00,10:35:00
SPXW,20240725,D:\ThetaData\data_underlying_derived\SPXW\2024\07\SPXW_20240725.parquet,16535,878ccc679111860ff3134dd802f8322944e9666c1014630c8b03e9eab6833afd,66,36,0,09:30:00,10:00:00,10:35:00
SPXW,20240726,D:\ThetaData\data_underlying_derived\SPXW\2024\07\SPXW_20240726.parquet,16443,db47af1ce2fec9b0e5b8b748a7e11d0d4d957923526eb04cf26e0aac3d7eb2a6,66,36,0,09:30:00,10:00:00,10:35:00
SPXW,20240729,D:\ThetaData\data_underlying_derived\SPXW\2024\07\SPXW_20240729.parquet,16189,0f7c3227f2743283d91a9fa5b00deb7cbef403ff6129c47d79461db8c937efdd,66,36,0,09:30:00,10:00:00,10:35:00
SPXW,20240730,D:\ThetaData\data_underlying_derived\SPXW\2024\07\SPXW_20240730.parquet,16467,4bad7061ea479cdc42591419391d05a55437efc9ac0acfb7f12e863d93da5366,66,36,0,09:30:00,10:00:00,10:35:00
SPXW,20240731,D:\ThetaData\data_underlying_derived\SPXW\2024\07\SPXW_20240731.parquet,16065,6b4b77b907504cf53a7367cb30cc785f6e0669d32ac278012aed441ba284afa5,66,36,0,09:30:00,10:00:00,10:35:00
SPXW,20240801,D:\ThetaData\data_underlying_derived\SPXW\2024\08\SPXW_20240801.parquet,16785,352cd58dbb2b1cc4f3a50c6433b2d88a263c04d6599ead43658b45c1ff09e91b,66,36,0,09:30:00,10:00:00,10:35:00
SPXW,20240802,D:\ThetaData\data_underlying_derived\SPXW\2024\08\SPXW_20240802.parquet,16393,34a37269ca0805f40b69c8a3bf0d74eba601b8104abee7d073166a3041fb82a0,66,36,0,09:30:00,10:00:00,10:35:00
SPXW,20240805,D:\ThetaData\data_underlying_derived\SPXW\2024\08\SPXW_20240805.parquet,16535,a168d85adcaf420d5270b483c7c18c88b4bd000c042a8e205c77d339e5cb391a,66,36,0,09:30:00,10:00:00,10:35:00
SPXW,20240806,D:\ThetaData\data_underlying_derived\SPXW\2024\08\SPXW_20240806.parquet,16599,91b9b1ec94b21f95ceb41d97ee8eb7787c4d6aeab457a90ad67580cf0e2650f0,66,36,0,09:30:00,10:00:00,10:35:00
SPXW,20240807,D:\ThetaData\data_underlying_derived\SPXW\2024\08\SPXW_20240807.parquet,16759,3ee0816a2d5f797cf07147050ac2b5c26cb63722eac9d359f8f2d1df4847ab0f,66,36,0,09:30:00,10:00:00,10:35:00
SPXW,20240808,D:\ThetaData\data_underlying_derived\SPXW\2024\08\SPXW_20240808.parquet,16481,20bf18332b17a30ebf97244b671ce1921149353f802a20e7899304c31b6c6606,66,36,0,09:30:00,10:00:00,10:35:00
SPXW,20240809,D:\ThetaData\data_underlying_derived\SPXW\2024\08\SPXW_20240809.parquet,16315,2874797824b740ec890acfdf78f7fb6242c53ebb3240bc741aca86ac544f8b51,66,36,0,09:30:00,10:00:00,10:35:00
SPXW,20240812,D:\ThetaData\data_underlying_derived\SPXW\2024\08\SPXW_20240812.parquet,16247,d957bfe10c7db7c92d3d318edeec81ba50c2778330aabfba349a269690b22c14,66,36,0,09:30:00,10:00:00,10:35:00
SPXW,20240813,D:\ThetaData\data_underlying_derived\SPXW\2024\08\SPXW_20240813.parquet,16331,26334dec8b6e7a1e0f8c57d231c4da8fdda5243660a92509794903e5612678fe,66,36,0,09:30:00,10:00:00,10:35:00
SPXW,20240814,D:\ThetaData\data_underlying_derived\SPXW\2024\08\SPXW_20240814.parquet,16243,c22fb74a190fbca9d467cdab72929232ac5108a13fd82e1d5c678ea7646b254f,66,36,0,09:30:00,10:00:00,10:35:00
SPXW,20240815,D:\ThetaData\data_underlying_derived\SPXW\2024\08\SPXW_20240815.parquet,16214,a21f35fd28b9abec02a57fdfa56b3b49363733a23b0914496beeeee29b98acc3,66,36,0,09:30:00,10:00:00,10:35:00
SPXW,20240816,D:\ThetaData\data_underlying_derived\SPXW\2024\08\SPXW_20240816.parquet,15959,12e2f497eb0a8379284b83920edb237ce3bd88cf6a1a3149ee13626c426829e5,66,36,0,09:30:00,10:00:00,10:35:00
SPXW,20240819,D:\ThetaData\data_underlying_derived\SPXW\2024\08\SPXW_20240819.parquet,16227,527d3e97da3be7d9a3e96db6ca848e084cffa2e910caf2a41f69fa0566dcbb04,66,36,0,09:30:00,10:00:00,10:35:00
SPXW,20240820,D:\ThetaData\data_underlying_derived\SPXW\2024\08\SPXW_20240820.parquet,15978,60f54160f6ed67bb50b6c394c4a4812f5d05fa75f62e93c9242eae839ba6f939,66,36,0,09:30:00,10:00:00,10:35:00
SPXW,20240821,D:\ThetaData\data_underlying_derived\SPXW\2024\08\SPXW_20240821.parquet,15823,f01c12e78d14aa2c159ab420d7796011bcfd72bedb9b693746bcccb101000f6f,66,36,0,09:30:00,10:00:00,10:35:00
SPXW,20240822,D:\ThetaData\data_underlying_derived\SPXW\2024\08\SPXW_20240822.parquet,16600,36dcbd255d5627a669c4e4f8018819afe6313cd1db88fae4d0da318a718336a2,66,36,0,09:30:00,10:00:00,10:35:00
SPXW,20240823,D:\ThetaData\data_underlying_derived\SPXW\2024\08\SPXW_20240823.parquet,16437,de1daa5929e9c6c1ec87a7ba9946b5283a796e4fd2c1bc4f84abde39987bae2d,66,36,0,09:30:00,10:00:00,10:35:00
SPXW,20240826,D:\ThetaData\data_underlying_derived\SPXW\2024\08\SPXW_20240826.parquet,16163,738830c5d4848b9acd9be5ba467b1633892242797c0d8c7df07c88370df2a9e5,66,36,0,09:30:00,10:00:00,10:35:00
SPXW,20240827,D:\ThetaData\data_underlying_derived\SPXW\2024\08\SPXW_20240827.parquet,15972,a662d986f3cb331d25e1adf7f81305e891773a33058bc1caa65e80ed13fc8375,66,36,0,09:30:00,10:00:00,10:35:00
SPXW,20240828,D:\ThetaData\data_underlying_derived\SPXW\2024\08\SPXW_20240828.parquet,16308,fa4434d9fa9cab841c481652c670f49cb97fdc75358d61bab54213c651717266,66,36,0,09:30:00,10:00:00,10:35:00
SPXW,20240829,D:\ThetaData\data_underlying_derived\SPXW\2024\08\SPXW_20240829.parquet,16488,471212c69b481ce032da36045a2b2ba995ec9594435a495e051efe3a1972bffe,66,36,0,09:30:00,10:00:00,10:35:00
SPXW,20240830,D:\ThetaData\data_underlying_derived\SPXW\2024\08\SPXW_20240830.parquet,16359,ff5513d3ac608910669ac5faa4180923ce22d33366421ec3af29b4ba924d9b06,66,36,0,09:30:00,10:00:00,10:35:00
SPXW,20240903,D:\ThetaData\data_underlying_derived\SPXW\2024\09\SPXW_20240903.parquet,16506,8e3b615ca6285d4d168a90b71e0e70792c9df525b716349b2c9925d945d58e79,66,36,0,09:30:00,10:00:00,10:35:00
SPXW,20240904,D:\ThetaData\data_underlying_derived\SPXW\2024\09\SPXW_20240904.parquet,16295,807e814bfc869036fa69a2e62a883c15e57b28bce73daa8f9db350d95c271854,66,36,0,09:30:00,10:00:00,10:35:00
SPXW,20240905,D:\ThetaData\data_underlying_derived\SPXW\2024\09\SPXW_20240905.parquet,16442,c76c931988f3dbd744f1cccd6d4b9a1203eb2f324b2c0b803f16d7e410fb0630,66,36,0,09:30:00,10:00:00,10:35:00
SPXW,20240906,D:\ThetaData\data_underlying_derived\SPXW\2024\09\SPXW_20240906.parquet,16371,91e0f0b04526f2b094ef86dd1179045ee601f6d22178852110ac13855db44ff6,66,36,0,09:30:00,10:00:00,10:35:00
SPXW,20240909,D:\ThetaData\data_underlying_derived\SPXW\2024\09\SPXW_20240909.parquet,16373,0a29443399a8e573efdf6718033dfab0214b67f341e5a6af77737c51762f8937,66,36,0,09:30:00,10:00:00,10:35:00
SPXW,20240910,D:\ThetaData\data_underlying_derived\SPXW\2024\09\SPXW_20240910.parquet,16372,669dc155492d3560d62babd98424cb02296aa77162008aa205bcddaa9d5a4b4f,66,36,0,09:30:00,10:00:00,10:35:00
SPXW,20240911,D:\ThetaData\data_underlying_derived\SPXW\2024\09\SPXW_20240911.parquet,16827,d6887b4375b12a41880af31f939242b01e24b26767c90acf8ffbac3dd1d21b42,66,36,0,09:30:00,10:00:00,10:35:00
SPXW,20240912,D:\ThetaData\data_underlying_derived\SPXW\2024\09\SPXW_20240912.parquet,16318,bae83a57b62971979266566e9cd00225cb9b7d3ffda55f32364393152030f651,66,36,0,09:30:00,10:00:00,10:35:00
SPXW,20240913,D:\ThetaData\data_underlying_derived\SPXW\2024\09\SPXW_20240913.parquet,16129,83e2fed016c6786a8d8edbb87f03e2f7d3590776b8b66013163a459c0f2c1796,66,36,0,09:30:00,10:00:00,10:35:00
SPXW,20240916,D:\ThetaData\data_underlying_derived\SPXW\2024\09\SPXW_20240916.parquet,16074,dd49d223905fa5ee910fc5ad7db9d04623882f0bd7bb1d987291eaa8be11267c,66,36,0,09:30:00,10:00:00,10:35:00
SPXW,20240917,D:\ThetaData\data_underlying_derived\SPXW\2024\09\SPXW_20240917.parquet,16410,2109f560651bce931814ac98337ba6df1216c96e6f1193c23035f5178fac423c,66,36,0,09:30:00,10:00:00,10:35:00
SPXW,20240918,D:\ThetaData\data_underlying_derived\SPXW\2024\09\SPXW_20240918.parquet,16257,035d7def8e2616a2bf9ab5eb7b06b8e7a8803d927918984282c4aa6999688055,66,36,0,09:30:00,10:00:00,10:35:00
SPXW,20240919,D:\ThetaData\data_underlying_derived\SPXW\2024\09\SPXW_20240919.parquet,16116,0fba91f1a6f340df35f379f3c635dc497dfbf6de477881bae3e80b438f91c289,66,36,0,09:30:00,10:00:00,10:35:00
SPXW,20240920,D:\ThetaData\data_underlying_derived\SPXW\2024\09\SPXW_20240920.parquet,16085,88affdca269d8c81115287aa5e9a51aa8bab0f8c10a0f0d7134c4c31266a2e9c,66,36,0,09:30:00,10:00:00,10:35:00
SPXW,20240923,D:\ThetaData\data_underlying_derived\SPXW\2024\09\SPXW_20240923.parquet,15613,3792e03660cf37f1145b57c396664cfe35a6574202e491f442d2958d1370fe7e,66,36,0,09:30:00,10:00:00,10:35:00
SPXW,20240924,D:\ThetaData\data_underlying_derived\SPXW\2024\09\SPXW_20240924.parquet,15714,b02dc2d28abce675a3ed7e35dee9a5efdcaf55620caf51e46a8883601cb2ea75,66,36,0,09:30:00,10:00:00,10:35:00
SPXW,20240925,D:\ThetaData\data_underlying_derived\SPXW\2024\09\SPXW_20240925.parquet,16019,0f7efa174506f6581ea081e7a6b624813f76f34730494c4558866d8d30490082,66,36,0,09:30:00,10:00:00,10:35:00
SPXW,20240926,D:\ThetaData\data_underlying_derived\SPXW\2024\09\SPXW_20240926.parquet,16045,9169603b5cdba0de757a09d2902f7c30aa59e83fd123482487f5dcbeaa5376b8,66,36,0,09:30:00,10:00:00,10:35:00
SPXW,20240927,D:\ThetaData\data_underlying_derived\SPXW\2024\09\SPXW_20240927.parquet,15878,be25edd783a1b1b61c7fe489b83e692732495f62c2fa5f1d3570644cc75a4023,66,36,0,09:30:00,10:00:00,10:35:00
SPXW,20240930,D:\ThetaData\data_underlying_derived\SPXW\2024\09\SPXW_20240930.parquet,15844,f5a5be07924b4f690d0aed32c0d1dfca627dff7059b743903337e316ef7c63de,66,36,0,09:30:00,10:00:00,10:35:00
SPXW,20241001,D:\ThetaData\data_underlying_derived\SPXW\2024\10\SPXW_20241001.parquet,16370,e8be5e6e270fb22de1f193d8edd71a91395bed69760b7ee7596d02482e1e4ab4,66,36,0,09:30:00,10:00:00,10:35:00
SPXW,20241002,D:\ThetaData\data_underlying_derived\SPXW\2024\10\SPXW_20241002.parquet,15945,e182cc78c0044c57ca78cc557ffcad2fdcda03e7aef8d9bca8cb6ce77a55290c,66,36,0,09:30:00,10:00:00,10:35:00
SPXW,20241003,D:\ThetaData\data_underlying_derived\SPXW\2024\10\SPXW_20241003.parquet,16171,c3c1177c0af0a3e9292891d1aaaf4570bc17abea068da13a1cbe47fb228cd947,66,36,0,09:30:00,10:00:00,10:35:00
SPXW,20241004,D:\ThetaData\data_underlying_derived\SPXW\2024\10\SPXW_20241004.parquet,16256,b8471d57228c2b24405584e5e397c3cea9f5ee6e481dbd618ff41a5624706be8,66,36,0,09:30:00,10:00:00,10:35:00
SPXW,20241007,D:\ThetaData\data_underlying_derived\SPXW\2024\10\SPXW_20241007.parquet,16199,799fe9bf8d0e1635386ca69cad0bca78340202bb1ac271dd5ed2333db9d57c6f,66,36,0,09:30:00,10:00:00,10:35:00
SPXW,20241008,D:\ThetaData\data_underlying_derived\SPXW\2024\10\SPXW_20241008.parquet,15993,71ada572ee8adbab70b683e50b317e455bdde062c30bd4317e64cc133ff4aafe,66,36,0,09:30:00,10:00:00,10:35:00
SPXW,20241009,D:\ThetaData\data_underlying_derived\SPXW\2024\10\SPXW_20241009.parquet,16133,875c76e8d4756e8f23cbaab217619e2662397b20b417c2f29ff817767c95bc0f,66,36,0,09:30:00,10:00:00,10:35:00
SPXW,20241010,D:\ThetaData\data_underlying_derived\SPXW\2024\10\SPXW_20241010.parquet,15887,5db2fe7a3d0faaa2817821b3c106e4e02608aa08520ccaece6982e9a21518334,66,36,0,09:30:00,10:00:00,10:35:00
SPXW,20241011,D:\ThetaData\data_underlying_derived\SPXW\2024\10\SPXW_20241011.parquet,15866,f2710b246bb88847fa004d02840e89af5b1b0b4af2cda0e6c6d50cb903c7316a,66,36,0,09:30:00,10:00:00,10:35:00
SPXW,20241014,D:\ThetaData\data_underlying_derived\SPXW\2024\10\SPXW_20241014.parquet,15822,94673df63105ac0e61437e8437fb58eea1e174f398df8aeb44a60266daffc91c,66,36,0,09:30:00,10:00:00,10:35:00
SPXW,20241015,D:\ThetaData\data_underlying_derived\SPXW\2024\10\SPXW_20241015.parquet,16405,62a6f33dac1948657f33e2846f55ba116286fa0af5c1693458bfb74a255c6d61,66,36,0,09:30:00,10:00:00,10:35:00
SPXW,20241016,D:\ThetaData\data_underlying_derived\SPXW\2024\10\SPXW_20241016.parquet,16158,e1fc1c89d3d469d844a873f7e1a7303c3b331f8284e69aceb03e626c8ecfc42a,66,36,0,09:30:00,10:00:00,10:35:00
SPXW,20241017,D:\ThetaData\data_underlying_derived\SPXW\2024\10\SPXW_20241017.parquet,15941,2bad2f9b14456b603a238026c5bd24f582fce40af4927fe8766f60c438e4dc5d,66,36,0,09:30:00,10:00:00,10:35:00
SPXW,20241018,D:\ThetaData\data_underlying_derived\SPXW\2024\10\SPXW_20241018.parquet,15951,2ed8ce8cf7a936d9eae11b22ef6c5f389411d723aab0f4c0081c8006063ddcdf,66,36,0,09:30:00,10:00:00,10:35:00
SPXW,20241021,D:\ThetaData\data_underlying_derived\SPXW\2024\10\SPXW_20241021.parquet,16038,b3cf7c65c086dcf50bcb2adff9cc8747e1b85cc6edc6c5abdf31c72ca5382e86,66,36,0,09:30:00,10:00:00,10:35:00
SPXW,20241022,D:\ThetaData\data_underlying_derived\SPXW\2024\10\SPXW_20241022.parquet,16122,9abe95806773fbe21af0d5668f85dc386ac19eca64428b76417d8f52bdf8a185,66,36,0,09:30:00,10:00:00,10:35:00
SPXW,20241023,D:\ThetaData\data_underlying_derived\SPXW\2024\10\SPXW_20241023.parquet,16549,83fa4e53eb1f0272a4992bb715f2d9ec3e3e573f7d91a49c4a2cb67da87fef8f,66,36,0,09:30:00,10:00:00,10:35:00
SPXW,20241024,D:\ThetaData\data_underlying_derived\SPXW\2024\10\SPXW_20241024.parquet,15672,883da53b0ae40e35c13aef9ec8fbd1bfb949cead6657d7b58c6b917360f02d9d,66,36,0,09:30:00,10:00:00,10:35:00
SPXW,20241025,D:\ThetaData\data_underlying_derived\SPXW\2024\10\SPXW_20241025.parquet,16413,8a3f861dea35aaf815cb6f05c0761792855b2a05d252f84a13da1c7c9886b39b,66,36,0,09:30:00,10:00:00,10:35:00
SPXW,20241028,D:\ThetaData\data_underlying_derived\SPXW\2024\10\SPXW_20241028.parquet,15349,b2c80719c1100f5b09a5fe52f8d1c5096dec2751ef5004a359fb71d8a3991ba9,66,36,0,09:30:00,10:00:00,10:35:00
SPXW,20241029,D:\ThetaData\data_underlying_derived\SPXW\2024\10\SPXW_20241029.parquet,16015,5388fae868ba71cfe28e4fed3f75f8392ba81a9c3fe5a8132dd3066867d19249,66,36,0,09:30:00,10:00:00,10:35:00
SPXW,20241030,D:\ThetaData\data_underlying_derived\SPXW\2024\10\SPXW_20241030.parquet,16188,9195a4eee93f9cef12cc12e78c7a9839956a31e779988c0a31cc913cf4cfb3a3,66,36,0,09:30:00,10:00:00,10:35:00
SPXW,20241031,D:\ThetaData\data_underlying_derived\SPXW\2024\10\SPXW_20241031.parquet,16152,e0ed45669651cb9bca824d291822dcc8cac4ff9a1447b99c52e4876e5b3d0299,66,36,0,09:30:00,10:00:00,10:35:00
SPXW,20241101,D:\ThetaData\data_underlying_derived\SPXW\2024\11\SPXW_20241101.parquet,16407,1d98adfb81361379f495a730f2d3d80a8c1df7976022895be5deebba67096b2d,66,36,0,09:30:00,10:00:00,10:35:00
SPXW,20241104,D:\ThetaData\data_underlying_derived\SPXW\2024\11\SPXW_20241104.parquet,16262,626eb16e65359a57d5c5529afb341bf4925e5b5773523397504b1fef116b838e,66,36,0,09:30:00,10:00:00,10:35:00
SPXW,20241105,D:\ThetaData\data_underlying_derived\SPXW\2024\11\SPXW_20241105.parquet,15993,be6826315e25bc372298d55f4dacad1bc017a929eb07f41670c6c94abd168a05,66,36,0,09:30:00,10:00:00,10:35:00
SPXW,20241106,D:\ThetaData\data_underlying_derived\SPXW\2024\11\SPXW_20241106.parquet,16482,33ea4e4dc6322b7847bfa1f1970ccee5f76cb34a43a94b5eccca46abdc4fca16,66,36,0,09:30:00,10:00:00,10:35:00
SPXW,20241107,D:\ThetaData\data_underlying_derived\SPXW\2024\11\SPXW_20241107.parquet,16026,c0a87c84ee50a703caab6102ae87eb5f4b923c673d1580a91a1341fce7570597,66,36,0,09:30:00,10:00:00,10:35:00
SPXW,20241108,D:\ThetaData\data_underlying_derived\SPXW\2024\11\SPXW_20241108.parquet,15964,44effeb0a08f5720d9d4056497b6b1ebd489efe6deacb50ae8469d7fdf128be1,66,36,0,09:30:00,10:00:00,10:35:00
SPXW,20241111,D:\ThetaData\data_underlying_derived\SPXW\2024\11\SPXW_20241111.parquet,15712,958f6246e389a588211e5cc1de7b9bc577e152ed9e2a4ca86cda5fe6f1868181,66,36,0,09:30:00,10:00:00,10:35:00
SPXW,20241112,D:\ThetaData\data_underlying_derived\SPXW\2024\11\SPXW_20241112.parquet,16232,ecec26b21e4d4b9ec3ea0703adfc96dd96d062be7f1ec9c1e2a27a357302f303,66,36,0,09:30:00,10:00:00,10:35:00
SPXW,20241113,D:\ThetaData\data_underlying_derived\SPXW\2024\11\SPXW_20241113.parquet,16208,fc27d42b124637b07f7d8457f4e8522386c6892d17c835836b83375e87ea6278,66,36,0,09:30:00,10:00:00,10:35:00
SPXW,20241114,D:\ThetaData\data_underlying_derived\SPXW\2024\11\SPXW_20241114.parquet,16184,c7309820464d744f407488853ce93bc25b1ec2e0301896deb577366f59d15baa,66,36,0,09:30:00,10:00:00,10:35:00
SPXW,20241115,D:\ThetaData\data_underlying_derived\SPXW\2024\11\SPXW_20241115.parquet,16324,b1e7f044b544889574915dcf94d2859340cbd49b42df58d49e3ad52703c630bf,66,36,0,09:30:00,10:00:00,10:35:00
SPXW,20241118,D:\ThetaData\data_underlying_derived\SPXW\2024\11\SPXW_20241118.parquet,15980,67b878fded2829bda05bad46e3e6c0649ad86be2a971b07c47d34990e8f35c23,66,36,0,09:30:00,10:00:00,10:35:00
SPXW,20241119,D:\ThetaData\data_underlying_derived\SPXW\2024\11\SPXW_20241119.parquet,16513,89624698076ef55951dffcbfd353ac87b08ba287fba6f5b1494469d9d0129539,66,36,0,09:30:00,10:00:00,10:35:00
SPXW,20241120,D:\ThetaData\data_underlying_derived\SPXW\2024\11\SPXW_20241120.parquet,16297,2f0cd7d745f013bd7d68c1470fdac71ea42e314d99c2787f331e3418e5040f9f,66,36,0,09:30:00,10:00:00,10:35:00
SPXW,20241121,D:\ThetaData\data_underlying_derived\SPXW\2024\11\SPXW_20241121.parquet,16444,acd52cd2589cc54a06399c63be6b073165d3d532bc69ddf821efdbba081a4bcd,66,36,0,09:30:00,10:00:00,10:35:00
SPXW,20241122,D:\ThetaData\data_underlying_derived\SPXW\2024\11\SPXW_20241122.parquet,15870,84f5680a5393c2b18167935ecc759d462a329e2b08f2d6edbab981ea07ce00e9,66,36,0,09:30:00,10:00:00,10:35:00
SPXW,20241125,D:\ThetaData\data_underlying_derived\SPXW\2024\11\SPXW_20241125.parquet,16084,f5252e5a5b01ba21d2c9d82f3e0c067549883c4b1144ee520e10e4fd937e9d14,66,36,0,09:30:00,10:00:00,10:35:00
SPXW,20241126,D:\ThetaData\data_underlying_derived\SPXW\2024\11\SPXW_20241126.parquet,15866,542f4c22c6710eff9cc31407d1c0f4d8dc0b1d445c4f96777666ffed87e0d2ef,66,36,0,09:30:00,10:00:00,10:35:00
SPXW,20241127,D:\ThetaData\data_underlying_derived\SPXW\2024\11\SPXW_20241127.parquet,15782,fae34ade0181ccfc82432c6f7ece9f61af6a1137af3736250af1323b68c041e3,66,36,0,09:30:00,10:00:00,10:35:00
SPXW,20241202,D:\ThetaData\data_underlying_derived\SPXW\2024\12\SPXW_20241202.parquet,15362,1ade01ad919f551afcf494c49b750bab88e316aa26761f9e4b38724f3e8b440f,66,36,0,09:30:00,10:00:00,10:35:00
SPXW,20241203,D:\ThetaData\data_underlying_derived\SPXW\2024\12\SPXW_20241203.parquet,15758,bbc454e78e27b10d51768b6ce9cef1295043b08ec1422d9b90e340cdbe64b615,66,36,0,09:30:00,10:00:00,10:35:00
SPXW,20241204,D:\ThetaData\data_underlying_derived\SPXW\2024\12\SPXW_20241204.parquet,15612,77d78365d6fba3c7ef790bf5ff50230ad7248e54f825c1d71926d89a98e2d700,66,36,0,09:30:00,10:00:00,10:35:00
SPXW,20241205,D:\ThetaData\data_underlying_derived\SPXW\2024\12\SPXW_20241205.parquet,15575,d7fd5315cdbea9aba22fe26cca5e21c70ae87aaa2bae02627391158490588403,66,36,0,09:30:00,10:00:00,10:35:00
SPXW,20241206,D:\ThetaData\data_underlying_derived\SPXW\2024\12\SPXW_20241206.parquet,15748,47b8a9d4891f6b0b7c6e975aa51065f309ec49551daa21bb11fc365ae3f68ebc,66,36,0,09:30:00,10:00:00,10:35:00
SPXW,20241210,D:\ThetaData\data_underlying_derived\SPXW\2024\12\SPXW_20241210.parquet,16007,6af079446080ccaf727a30e8236e3d7c03d3cb24228c8f1d32085db1c26643c0,66,36,0,09:30:00,10:00:00,10:35:00
SPXW,20241211,D:\ThetaData\data_underlying_derived\SPXW\2024\12\SPXW_20241211.parquet,15569,7c4513762ce812721c8c9529c75ef67c71b66e6cea9d5e3107afa14f4e3b1215,66,36,0,09:30:00,10:00:00,10:35:00
SPXW,20241212,D:\ThetaData\data_underlying_derived\SPXW\2024\12\SPXW_20241212.parquet,15950,159122eae0f7fbd5630cc484dbfc387029bc5c71cb446113629e0c5bcb49f79e,66,36,0,09:30:00,10:00:00,10:35:00
SPXW,20241213,D:\ThetaData\data_underlying_derived\SPXW\2024\12\SPXW_20241213.parquet,16123,28bbebbee6169f5bf925074c0b2a66d5f21febef22bf506350c08087ef2e2f1c,66,36,0,09:30:00,10:00:00,10:35:00
SPXW,20241217,D:\ThetaData\data_underlying_derived\SPXW\2024\12\SPXW_20241217.parquet,15969,08663d10c43feb217b3745b039ad5e87c58a3d65e95bcf95540371c78b769b75,66,36,0,09:30:00,10:00:00,10:35:00
SPXW,20241218,D:\ThetaData\data_underlying_derived\SPXW\2024\12\SPXW_20241218.parquet,16373,40a55ed096934123b243374d7c032bd7f8375efdcc7f235e1f13d67a7932ced3,66,36,0,09:30:00,10:00:00,10:35:00
SPXW,20241219,D:\ThetaData\data_underlying_derived\SPXW\2024\12\SPXW_20241219.parquet,16419,76155ed06aad69485e6f398bdf8d86ae36a841c39c16189ac271ce7386f0bd93,66,36,0,09:30:00,10:00:00,10:35:00
SPXW,20241220,D:\ThetaData\data_underlying_derived\SPXW\2024\12\SPXW_20241220.parquet,16700,07a381b0c8ba0f8f19d3409a92318784ff129d762fd00e6ca00c996e6696f9d5,66,36,0,09:30:00,10:00:00,10:35:00
SPXW,20241223,D:\ThetaData\data_underlying_derived\SPXW\2024\12\SPXW_20241223.parquet,16510,a789ab93195510287afba824bc13d9ce24b81d368ea227a07241fd5d598d036f,66,36,0,09:30:00,10:00:00,10:35:00
SPXW,20241226,D:\ThetaData\data_underlying_derived\SPXW\2024\12\SPXW_20241226.parquet,15923,7047762563a14cf083be056d8928c6f3e0909e75e3a4c84eaab50d2b68e6145d,66,36,0,09:30:00,10:00:00,10:35:00
SPXW,20241227,D:\ThetaData\data_underlying_derived\SPXW\2024\12\SPXW_20241227.parquet,16481,1e1dd596121d97083dfa2745a829eebb1e6709a0369b84bfdc580b46f8a91474,66,36,0,09:30:00,10:00:00,10:35:00
SPXW,20241230,D:\ThetaData\data_underlying_derived\SPXW\2024\12\SPXW_20241230.parquet,16516,67b0e89b9e22636bca7258ddfaf76c8d56f687c507acfba79b527f82d1b5dec6,66,36,0,09:30:00,10:00:00,10:35:00
SPXW,20241231,D:\ThetaData\data_underlying_derived\SPXW\2024\12\SPXW_20241231.parquet,16514,64ebf0742dfda8de40edc223aefd029ba106d99c53789e4d1cf8e31edcc951f5,66,36,0,09:30:00,10:00:00,10:35:00
SPY,20230103,D:\ThetaData\data_underlying_derived\SPY\2023\01\SPY_20230103.parquet,13574,ee05ed1b1145a27afe45f1271bff91661a347dc2f5be133eb573b44c83ff11ce,66,36,0,09:30:00,10:00:00,10:35:00
SPY,20230104,D:\ThetaData\data_underlying_derived\SPY\2023\01\SPY_20230104.parquet,13657,d756cd0a27e8876acf05c235287e5ff844d9a8dbf15898a931105646e6494cf5,66,36,0,09:30:00,10:00:00,10:35:00
SPY,20230105,D:\ThetaData\data_underlying_derived\SPY\2023\01\SPY_20230105.parquet,12321,d7cbff7bbf6e441c5341e2280c298f60890331d057e24923893cdfa440ba3443,66,36,0,09:30:00,10:00:00,10:35:00
SPY,20230106,D:\ThetaData\data_underlying_derived\SPY\2023\01\SPY_20230106.parquet,13969,7253c114c748e68c0c14cea9e5dd1aaffede8cf27e75043d20aad261a2d300f2,66,36,0,09:30:00,10:00:00,10:35:00
SPY,20230109,D:\ThetaData\data_underlying_derived\SPY\2023\01\SPY_20230109.parquet,13785,dde9548b7bf55a43386dadccb2b360a43832bfcfb8642d7cbd7621214b122d66,66,36,0,09:30:00,10:00:00,10:35:00
SPY,20230110,D:\ThetaData\data_underlying_derived\SPY\2023\01\SPY_20230110.parquet,12855,4e132ef84cba8832dbb782103e8a13dc97b4e1315a1270cd5efe081f4a6d77a0,66,36,0,09:30:00,10:00:00,10:35:00
SPY,20230111,D:\ThetaData\data_underlying_derived\SPY\2023\01\SPY_20230111.parquet,12951,fd8990a2e8b732c6fdb94c4fcde72022a4373cd5b8827ab8666bc43788268ff8,66,36,0,09:30:00,10:00:00,10:35:00
SPY,20230112,D:\ThetaData\data_underlying_derived\SPY\2023\01\SPY_20230112.parquet,13365,463036edae08c27bd7567496913a7396933a7d616ce3e1d3b0ef9eaa3894f30e,66,36,0,09:30:00,10:00:00,10:35:00
SPY,20230113,D:\ThetaData\data_underlying_derived\SPY\2023\01\SPY_20230113.parquet,13003,9372376dcace28559b53914afb804e349a84da0db6c529fbf5bcac2bcf490677,66,36,0,09:30:00,10:00:00,10:35:00
SPY,20230117,D:\ThetaData\data_underlying_derived\SPY\2023\01\SPY_20230117.parquet,11886,c3864634abcf7e6d555fd7f33f9ea0c5347cbe71d34dc9f7bf1fd83183a19ed1,66,36,0,09:30:00,10:00:00,10:35:00
SPY,20230118,D:\ThetaData\data_underlying_derived\SPY\2023\01\SPY_20230118.parquet,13822,a6bae2a4b703871954bb76eff757aede9d47b662f07023ba5f7db88203e5d460,66,36,0,09:30:00,10:00:00,10:35:00
SPY,20230119,D:\ThetaData\data_underlying_derived\SPY\2023\01\SPY_20230119.parquet,13054,d555daffc95eda7a327e1303a54c68cf34bc59c23e7f073233b543130b4df571,66,36,0,09:30:00,10:00:00,10:35:00
SPY,20230120,D:\ThetaData\data_underlying_derived\SPY\2023\01\SPY_20230120.parquet,13708,41b03d5207292daa8a181ea64f2ce35071becb95fa736150724170a39638bb5a,66,36,0,09:30:00,10:00:00,10:35:00
SPY,20230123,D:\ThetaData\data_underlying_derived\SPY\2023\01\SPY_20230123.parquet,13541,084f2e2d372e9131619290aa7ce22901a3bf2111e2bd7d156ee02766815bc3ba,66,36,0,09:30:00,10:00:00,10:35:00
SPY,20230124,D:\ThetaData\data_underlying_derived\SPY\2023\01\SPY_20230124.parquet,12358,f3082e4893686865706e432c7a5feda756e8bdc3286624e39feebd5c6bb6f09b,66,36,0,09:30:00,10:00:00,10:35:00
SPY,20230125,D:\ThetaData\data_underlying_derived\SPY\2023\01\SPY_20230125.parquet,14153,1bd4ca00a76f851a20806945292dbc31ea053a222bf1aac1eaeb689a079addf3,66,36,0,09:30:00,10:00:00,10:35:00
SPY,20230126,D:\ThetaData\data_underlying_derived\SPY\2023\01\SPY_20230126.parquet,13205,cc145eaf08a746ccc65fb0cc9f7b15c256048b2c8585d938ce6d5d03aebe2c96,66,36,0,09:30:00,10:00:00,10:35:00
SPY,20230127,D:\ThetaData\data_underlying_derived\SPY\2023\01\SPY_20230127.parquet,13048,513637b14f89ff0ce98d46e4d87276358b58ca6c503fa3f9e0cb8afee3e9b5a9,66,36,0,09:30:00,10:00:00,10:35:00
SPY,20230130,D:\ThetaData\data_underlying_derived\SPY\2023\01\SPY_20230130.parquet,13203,24017d35921f06426fdd9097d54c5efe4cb2ae14d097bc71a8795df2805aa763,66,36,0,09:30:00,10:00:00,10:35:00
SPY,20230131,D:\ThetaData\data_underlying_derived\SPY\2023\01\SPY_20230131.parquet,12910,ff54dbb55264cc82fb9f08b0051bfb52799d85300594fa22b861fb0c9d0db428,66,36,0,09:30:00,10:00:00,10:35:00
SPY,20230201,D:\ThetaData\data_underlying_derived\SPY\2023\02\SPY_20230201.parquet,13057,355cb4e13784e6ac3a9913432543ef0a1596c1a74749b2ff4bc11c592d308e80,66,36,0,09:30:00,10:00:00,10:35:00
SPY,20230202,D:\ThetaData\data_underlying_derived\SPY\2023\02\SPY_20230202.parquet,13211,87d5e9f268c29769a568d7f18477462973031665464374885f23681ce26cdc90,66,36,0,09:30:00,10:00:00,10:35:00
SPY,20230203,D:\ThetaData\data_underlying_derived\SPY\2023\02\SPY_20230203.parquet,13463,d5bb8d21b1f19cb21a2cc0513c5f120177224022dd5b61ebf480e38a6cdb1676,66,36,0,09:30:00,10:00:00,10:35:00
SPY,20230206,D:\ThetaData\data_underlying_derived\SPY\2023\02\SPY_20230206.parquet,11959,53b76e63b07dd0862eeb5a7bef90ca257134d1e48e4e0d124e4851051ebc1415,66,36,0,09:30:00,10:00:00,10:35:00
SPY,20230207,D:\ThetaData\data_underlying_derived\SPY\2023\02\SPY_20230207.parquet,13852,2d39b434c4d28ae14e421f5a380cbb25597aa9df7059c2b270fea570fb3c54fb,66,36,0,09:30:00,10:00:00,10:35:00
SPY,20230208,D:\ThetaData\data_underlying_derived\SPY\2023\02\SPY_20230208.parquet,13039,c94b710aef22ccb4a85667a675f17b807e463d3302837684738991848668367e,66,36,0,09:30:00,10:00:00,10:35:00
SPY,20230209,D:\ThetaData\data_underlying_derived\SPY\2023\02\SPY_20230209.parquet,14332,c0f8d703fb56fe9a58cdf173e51133ea7b5b60c46c3ea45c033722270029048e,66,36,0,09:30:00,10:00:00,10:35:00
SPY,20230210,D:\ThetaData\data_underlying_derived\SPY\2023\02\SPY_20230210.parquet,12417,ce19b749e44115db72dee32a5fd9698345a3dfdb285627f98506d61fe926defa,66,36,0,09:30:00,10:00:00,10:35:00
SPY,20230213,D:\ThetaData\data_underlying_derived\SPY\2023\02\SPY_20230213.parquet,12512,0622e16bf07adeee84caa972797f42a5bb8ed07a0cc3878ec3c226ea16832174,66,36,0,09:30:00,10:00:00,10:35:00
SPY,20230214,D:\ThetaData\data_underlying_derived\SPY\2023\02\SPY_20230214.parquet,13580,a91ade36c68aa709176c38351643aabaa5e7dbf8405acdcf24c1626103b26345,66,36,0,09:30:00,10:00:00,10:35:00
SPY,20230215,D:\ThetaData\data_underlying_derived\SPY\2023\02\SPY_20230215.parquet,12975,3ec1e7988639f897eeaa9f02b7d194b4cc27d5f4d6984d59546a39913dfaa3e4,66,36,0,09:30:00,10:00:00,10:35:00
SPY,20230216,D:\ThetaData\data_underlying_derived\SPY\2023\02\SPY_20230216.parquet,13052,17d028567af0d8c9daff8dfb462b5f4c87c8ef672dfa50c2ad5d781bdde28af4,66,36,0,09:30:00,10:00:00,10:35:00
SPY,20230217,D:\ThetaData\data_underlying_derived\SPY\2023\02\SPY_20230217.parquet,12794,bcf9aabf80dc9aa594f5f74fa351a68e6eca86a1bd01c835cc9128e5efc56797,66,36,0,09:30:00,10:00:00,10:35:00
SPY,20230221,D:\ThetaData\data_underlying_derived\SPY\2023\02\SPY_20230221.parquet,13292,8773f0f45f3f72ba2aca1ba8894c9a897daf21af50bea195ec2e363eda2c97c1,66,36,0,09:30:00,10:00:00,10:35:00
SPY,20230222,D:\ThetaData\data_underlying_derived\SPY\2023\02\SPY_20230222.parquet,13122,1e318ad3587c93d97b04f151df3d277ca65e28b6063a68f276310879ba81cfb7,66,36,0,09:30:00,10:00:00,10:35:00
SPY,20230223,D:\ThetaData\data_underlying_derived\SPY\2023\02\SPY_20230223.parquet,13907,adbf83498aa0c5dbf605df7645a154cc0a9dbba258ba700e5564aa10f3d10149,66,36,0,09:30:00,10:00:00,10:35:00
SPY,20230224,D:\ThetaData\data_underlying_derived\SPY\2023\02\SPY_20230224.parquet,12751,11d942a9787de0b8a7f5b834f787a429def988fc9ea0ade32e188a0cfba172b1,66,36,0,09:30:00,10:00:00,10:35:00
SPY,20230227,D:\ThetaData\data_underlying_derived\SPY\2023\02\SPY_20230227.parquet,12898,6daf51660e8cd934a9c4f00dfa2f0e0568fcb7189695e9cb004f2cf78ce64381,66,36,0,09:30:00,10:00:00,10:35:00
SPY,20230228,D:\ThetaData\data_underlying_derived\SPY\2023\02\SPY_20230228.parquet,12245,a3ab2016321403ec9a832b40198394ea3dd349565df035fc3845b38b38919280,66,36,0,09:30:00,10:00:00,10:35:00
SPY,20230301,D:\ThetaData\data_underlying_derived\SPY\2023\03\SPY_20230301.parquet,12436,04495c376de009fca46221d6235ac47cbe837f20c628ae8ed2a8f1db1ea442a1,66,36,0,09:30:00,10:00:00,10:35:00
SPY,20230302,D:\ThetaData\data_underlying_derived\SPY\2023\03\SPY_20230302.parquet,12978,35bcd9bd778c2b39999c4281e725d11be3e34ca74abfaef6e4622654fbec3f8b,66,36,0,09:30:00,10:00:00,10:35:00
SPY,20230303,D:\ThetaData\data_underlying_derived\SPY\2023\03\SPY_20230303.parquet,13184,a99e12d8d8ec4070e51ee5116fbef8b0960d536a63b07316f2009053a478a495,66,36,0,09:30:00,10:00:00,10:35:00
SPY,20230306,D:\ThetaData\data_underlying_derived\SPY\2023\03\SPY_20230306.parquet,12634,a36b2ea896e423d620723f311074eaf06ea0a5000955bd3a13cc36b0150b09d4,66,36,0,09:30:00,10:00:00,10:35:00
SPY,20230307,D:\ThetaData\data_underlying_derived\SPY\2023\03\SPY_20230307.parquet,13664,6d5690089abf1d96af0e4993ed4adeae1ae92603e48204b6b44d823da24e6bed,66,36,0,09:30:00,10:00:00,10:35:00
SPY,20230308,D:\ThetaData\data_underlying_derived\SPY\2023\03\SPY_20230308.parquet,12618,067e468607edcf925b34adb6e9c151e804d601e45cb2dbc5591123aa1c128332,66,36,0,09:30:00,10:00:00,10:35:00
SPY,20230309,D:\ThetaData\data_underlying_derived\SPY\2023\03\SPY_20230309.parquet,14371,321989ad7abd74e34e338d5eb37b7e673fa769e7fa5406126fd9770d5074c65c,66,36,0,09:30:00,10:00:00,10:35:00
SPY,20230310,D:\ThetaData\data_underlying_derived\SPY\2023\03\SPY_20230310.parquet,14396,25bb50cf0fd3c2ecbb37fb319d61ffde948e3203aa18c0362d5caddd853e3010,66,36,0,09:30:00,10:00:00,10:35:00
SPY,20230313,D:\ThetaData\data_underlying_derived\SPY\2023\03\SPY_20230313.parquet,13888,2363e0635e46886dca6483e3877e20b3884457c2b078c50532de3f215231e442,66,36,0,09:30:00,10:00:00,10:35:00
SPY,20230314,D:\ThetaData\data_underlying_derived\SPY\2023\03\SPY_20230314.parquet,13808,45c5517172ccd5673b301a72f269a081e8aacea2903d0204d81fbc88966b4449,66,36,0,09:30:00,10:00:00,10:35:00
SPY,20230315,D:\ThetaData\data_underlying_derived\SPY\2023\03\SPY_20230315.parquet,13583,2ad9b169b2e7e1056b7878cca48ce50ea4ae65b291246836bd048d8e0d7fb140,66,36,0,09:30:00,10:00:00,10:35:00
SPY,20230316,D:\ThetaData\data_underlying_derived\SPY\2023\03\SPY_20230316.parquet,14109,1a100cc4a2a4426326b5a96f980b27be77a7b4e30dadd3737b630b1ad5bcb12a,66,36,0,09:30:00,10:00:00,10:35:00
SPY,20230317,D:\ThetaData\data_underlying_derived\SPY\2023\03\SPY_20230317.parquet,12971,fccfd024a1ef6878dc1495d78871c682196d60eb87deecce679b0e3e92018243,66,36,0,09:30:00,10:00:00,10:35:00
SPY,20230320,D:\ThetaData\data_underlying_derived\SPY\2023\03\SPY_20230320.parquet,12547,6a40bd80ae661e7477e2f19db684d0d1af802c1b741c419181db310db2743cc3,66,36,0,09:30:00,10:00:00,10:35:00
SPY,20230321,D:\ThetaData\data_underlying_derived\SPY\2023\03\SPY_20230321.parquet,12578,fd68db153113b6f54265b7e63b808e91802af80292259e98df04828a2c685740,66,36,0,09:30:00,10:00:00,10:35:00
SPY,20230322,D:\ThetaData\data_underlying_derived\SPY\2023\03\SPY_20230322.parquet,13095,4b9a50e243dc42ecde5e95635329c69eb7b39eabcfdb509f993f0ee0d0de45e2,66,36,0,09:30:00,10:00:00,10:35:00
SPY,20230323,D:\ThetaData\data_underlying_derived\SPY\2023\03\SPY_20230323.parquet,14284,d2d6d3e6cdce25cafe58aa4861af85b7b81cdb6296aa5873808eaa2be80c2ab6,66,36,0,09:30:00,10:00:00,10:35:00
SPY,20230324,D:\ThetaData\data_underlying_derived\SPY\2023\03\SPY_20230324.parquet,13958,3c674b9aacd2dbb4be1c8aa30b359a879dcc246c17d77f0673a6e1a1ffe09327,66,36,0,09:30:00,10:00:00,10:35:00
SPY,20230327,D:\ThetaData\data_underlying_derived\SPY\2023\03\SPY_20230327.parquet,12442,76c14628d291830bc501c17bf7f20ca7e353556b661dbf5c4ffa6fecd3940643,66,36,0,09:30:00,10:00:00,10:35:00
SPY,20230328,D:\ThetaData\data_underlying_derived\SPY\2023\03\SPY_20230328.parquet,12268,e5a6a7e74df7ec3e47fe60745223194fe877747502cef0a4b97d769779a492af,66,36,0,09:30:00,10:00:00,10:35:00
SPY,20230329,D:\ThetaData\data_underlying_derived\SPY\2023\03\SPY_20230329.parquet,12244,a0447a31213925b590d781ce101b808a7a25a9c20875796068d3622b8ea1084f,66,36,0,09:30:00,10:00:00,10:35:00
SPY,20230330,D:\ThetaData\data_underlying_derived\SPY\2023\03\SPY_20230330.parquet,12155,7728984432eee905ca48d1cfdc4ef340d1f5d058d8d59767496a8c78559f9a95,66,36,0,09:30:00,10:00:00,10:35:00
SPY,20230331,D:\ThetaData\data_underlying_derived\SPY\2023\03\SPY_20230331.parquet,12497,11e540726ff3f0b87b9534e50cf6983d08f72ea02e583ff5e5cd22658d251e36,66,36,0,09:30:00,10:00:00,10:35:00
SPY,20230403,D:\ThetaData\data_underlying_derived\SPY\2023\04\SPY_20230403.parquet,12259,e02ea2048d82d4bfb9dba788fdb9bb83f1ec1f7a1f72e792755a7d6cdcbd22cd,66,36,0,09:30:00,10:00:00,10:35:00
SPY,20230404,D:\ThetaData\data_underlying_derived\SPY\2023\04\SPY_20230404.parquet,12779,185276ad8ebb48c8e57b6021397b2e2859b279e9b6962bad4ac4a7544cbc49f6,66,36,0,09:30:00,10:00:00,10:35:00
SPY,20230405,D:\ThetaData\data_underlying_derived\SPY\2023\04\SPY_20230405.parquet,12175,1096e51a4c1399abda2b62b9f68a021c14283ff24d5e42c0027b52eb300bd189,66,36,0,09:30:00,10:00:00,10:35:00
SPY,20230406,D:\ThetaData\data_underlying_derived\SPY\2023\04\SPY_20230406.parquet,12405,3f8f9e6754b86483dc5a63d964b7490f32e61c51c8b56bf4aa819a2882211b95,66,36,0,09:30:00,10:00:00,10:35:00
SPY,20230410,D:\ThetaData\data_underlying_derived\SPY\2023\04\SPY_20230410.parquet,12603,a8e8cac03ce83165b587739b81e295c333afb926efba6b0be74e6b8f45ca88dc,66,36,0,09:30:00,10:00:00,10:35:00
SPY,20230411,D:\ThetaData\data_underlying_derived\SPY\2023\04\SPY_20230411.parquet,11906,bb5bca298f49b438d14ec18c42e4aea39941b1bf0cf92c677c730a5c0e1d268a,66,36,0,09:30:00,10:00:00,10:35:00
SPY,20230412,D:\ThetaData\data_underlying_derived\SPY\2023\04\SPY_20230412.parquet,13134,8c26b87ad9c34423273173c98b0d3f06cd835226ab5e7d059c208a99e5a8bd79,66,36,0,09:30:00,10:00:00,10:35:00
SPY,20230413,D:\ThetaData\data_underlying_derived\SPY\2023\04\SPY_20230413.parquet,12917,6e8dbecb3a169908d5a5c2d1a2d4be23e3de745d38cc29f755b6028466cfc63e,66,36,0,09:30:00,10:00:00,10:35:00
SPY,20230414,D:\ThetaData\data_underlying_derived\SPY\2023\04\SPY_20230414.parquet,12904,aed9509e158577027dac46fea6301ca7ebfb85f930f3c1a3bf811915020ee728,66,36,0,09:30:00,10:00:00,10:35:00
SPY,20230417,D:\ThetaData\data_underlying_derived\SPY\2023\04\SPY_20230417.parquet,12252,a4788c4638af4c16d5abb3bcf702bc4a402566446aacbace0ed0064767b1234f,66,36,0,09:30:00,10:00:00,10:35:00
SPY,20230418,D:\ThetaData\data_underlying_derived\SPY\2023\04\SPY_20230418.parquet,11787,5bf60e05b869dc280397c99072922efc88469a13725763c3e34b3e33e22c82b8,66,36,0,09:30:00,10:00:00,10:35:00
SPY,20230419,D:\ThetaData\data_underlying_derived\SPY\2023\04\SPY_20230419.parquet,12184,b0d87c39c3b84d1aeeb3190cf7ae68a6ae5f5cf19ecd255009b0b179af40db3f,66,36,0,09:30:00,10:00:00,10:35:00
SPY,20230420,D:\ThetaData\data_underlying_derived\SPY\2023\04\SPY_20230420.parquet,12675,053b8ae0d1efdd93589e30c157eddc1190d1ea9d059a4409114a481949297088,66,36,0,09:30:00,10:00:00,10:35:00
SPY,20230421,D:\ThetaData\data_underlying_derived\SPY\2023\04\SPY_20230421.parquet,11849,8129ad4402074c29274005d474540d1a60d0d696a48883fbb0faca13190506a7,66,36,0,09:30:00,10:00:00,10:35:00
SPY,20230424,D:\ThetaData\data_underlying_derived\SPY\2023\04\SPY_20230424.parquet,12226,b6141c61f99efaa4f3e63411e3b1686cbbda9f35d4f2ba75284291ecd54d0398,66,36,0,09:30:00,10:00:00,10:35:00
SPY,20230425,D:\ThetaData\data_underlying_derived\SPY\2023\04\SPY_20230425.parquet,13068,48ebd006982eeb40dc5f5a3d8bb257899bd5b316b78eb280046749dde581fd74,66,36,0,09:30:00,10:00:00,10:35:00
SPY,20230426,D:\ThetaData\data_underlying_derived\SPY\2023\04\SPY_20230426.parquet,13055,da2301fef26716cdb3883cbf0032eddfb48fb565b6407f35df41d3ac55a2fb1b,66,36,0,09:30:00,10:00:00,10:35:00
SPY,20230427,D:\ThetaData\data_underlying_derived\SPY\2023\04\SPY_20230427.parquet,13514,a9d8e6abbf60b892f76494337944757c033ed96d2511abe4324b29a854149da8,66,36,0,09:30:00,10:00:00,10:35:00
SPY,20230428,D:\ThetaData\data_underlying_derived\SPY\2023\04\SPY_20230428.parquet,12468,fdd6e46d790fcaf9c6ad340eb96c8e605514e45c7b29cc6183b31b75e112485e,66,36,0,09:30:00,10:00:00,10:35:00
SPY,20230501,D:\ThetaData\data_underlying_derived\SPY\2023\05\SPY_20230501.parquet,12028,ec094484b7ff93a9c3a0a95f025e08d24abfaf516250b51f57f398d3eb561062,66,36,0,09:30:00,10:00:00,10:35:00
SPY,20230502,D:\ThetaData\data_underlying_derived\SPY\2023\05\SPY_20230502.parquet,13337,069b151e3e106b24602c300dd83c675e8d629b0e80aee3a4372af3dc6a86c236,66,36,0,09:30:00,10:00:00,10:35:00
SPY,20230503,D:\ThetaData\data_underlying_derived\SPY\2023\05\SPY_20230503.parquet,12774,0b555199c8848641254dd2956b7cf9380f247445de8c15115b81e0c505b2ac20,66,36,0,09:30:00,10:00:00,10:35:00
SPY,20230504,D:\ThetaData\data_underlying_derived\SPY\2023\05\SPY_20230504.parquet,12491,7dde7fa826954c0fc12bbd72da60497aae9da5e7ee80d48a4f33086143b3d4d6,66,36,0,09:30:00,10:00:00,10:35:00
SPY,20230505,D:\ThetaData\data_underlying_derived\SPY\2023\05\SPY_20230505.parquet,12714,1cef69560f1b1cce4d3dcc40229ca049fed03d166108000fed91090d859ed92d,66,36,0,09:30:00,10:00:00,10:35:00
SPY,20230508,D:\ThetaData\data_underlying_derived\SPY\2023\05\SPY_20230508.parquet,11257,a6bf82089d37085fba1c9135039e7745230ce343737e1b6d6fb709b3f164591b,66,36,0,09:30:00,10:00:00,10:35:00
SPY,20230509,D:\ThetaData\data_underlying_derived\SPY\2023\05\SPY_20230509.parquet,10938,498121efcc1e5ba69c2860d698f3475d38006938e2d05acbf54a4febd0667fd3,66,36,0,09:30:00,10:00:00,10:35:00
SPY,20230510,D:\ThetaData\data_underlying_derived\SPY\2023\05\SPY_20230510.parquet,13278,6b0c514311f71a54b6dc49d0f90acc61116716a441c57549f264e147e83db89c,66,36,0,09:30:00,10:00:00,10:35:00
SPY,20230511,D:\ThetaData\data_underlying_derived\SPY\2023\05\SPY_20230511.parquet,11942,8560d1c19ba198da970c8dfba7af09b021b89b40c692812891d36b926126ddcd,66,36,0,09:30:00,10:00:00,10:35:00
SPY,20230512,D:\ThetaData\data_underlying_derived\SPY\2023\05\SPY_20230512.parquet,13004,04f1a678850629606eaa05955e34be4eff240daa60c6c82fa21b4e14baf5332c,66,36,0,09:30:00,10:00:00,10:35:00
SPY,20230515,D:\ThetaData\data_underlying_derived\SPY\2023\05\SPY_20230515.parquet,12193,9b7110c8dfca255384b1dbb97ddc783e90d4b8d43df58268133fe1c2cfba5017,66,36,0,09:30:00,10:00:00,10:35:00
SPY,20230516,D:\ThetaData\data_underlying_derived\SPY\2023\05\SPY_20230516.parquet,11237,966292a1c94fd2fe4e2148f252034e4ad0c71cdac6d2a1707fff5b9f4d35a2bb,66,36,0,09:30:00,10:00:00,10:35:00
SPY,20230517,D:\ThetaData\data_underlying_derived\SPY\2023\05\SPY_20230517.parquet,12934,abc417d1d8be973e27ad59157c05413773c29fa3360cc0af06c754de532358d1,66,36,0,09:30:00,10:00:00,10:35:00
SPY,20230518,D:\ThetaData\data_underlying_derived\SPY\2023\05\SPY_20230518.parquet,13058,b91c09ace49130e8b36c5e0f2ba111a7563850dd4538b02250fb266618e261e7,66,36,0,09:30:00,10:00:00,10:35:00
SPY,20230519,D:\ThetaData\data_underlying_derived\SPY\2023\05\SPY_20230519.parquet,12256,45a21f4fbd67a0fe29f239a02232c95a740f03cb4671eb55447ddcb381a02362,66,36,0,09:30:00,10:00:00,10:35:00
SPY,20230522,D:\ThetaData\data_underlying_derived\SPY\2023\05\SPY_20230522.parquet,11497,5e0597223393b67f2dad30889b19ac05325d6b1c8693f1132b8266707d378d8c,66,36,0,09:30:00,10:00:00,10:35:00
SPY,20230523,D:\ThetaData\data_underlying_derived\SPY\2023\05\SPY_20230523.parquet,12809,c89be7752c37280857c61cd1e10035e555689b81b627b0d9ec84748709db3d63,66,36,0,09:30:00,10:00:00,10:35:00
SPY,20230524,D:\ThetaData\data_underlying_derived\SPY\2023\05\SPY_20230524.parquet,11920,3d924915817bd346ce909023f8671bd48a78b94ba9024e77750e12b655c436d8,66,36,0,09:30:00,10:00:00,10:35:00
SPY,20230525,D:\ThetaData\data_underlying_derived\SPY\2023\05\SPY_20230525.parquet,12747,494d9f160e6c38c60d1c47071c884186f07161def9addb03116965620738f411,66,36,0,09:30:00,10:00:00,10:35:00
SPY,20230526,D:\ThetaData\data_underlying_derived\SPY\2023\05\SPY_20230526.parquet,12679,41b6ef7d08fd184a3cfbc0b887992c3958603e7c9198657de5a122fb265a248e,66,36,0,09:30:00,10:00:00,10:35:00
SPY,20230530,D:\ThetaData\data_underlying_derived\SPY\2023\05\SPY_20230530.parquet,12486,fa85d4866aaa9b4590d7dcf9c32f68953b0e13d689420e6d73c1654fa6e8cf0d,66,36,0,09:30:00,10:00:00,10:35:00
SPY,20230531,D:\ThetaData\data_underlying_derived\SPY\2023\05\SPY_20230531.parquet,12258,4f7e00c82b84e3c545f16a48ae9056b49eda733f0a12022eed4f40fb89675f36,66,36,0,09:30:00,10:00:00,10:35:00
SPY,20230601,D:\ThetaData\data_underlying_derived\SPY\2023\06\SPY_20230601.parquet,13195,c44443b8525462bf7d0a8b213a453157d5704baf715b28d1d45343eb7028c0b8,66,36,0,09:30:00,10:00:00,10:35:00
SPY,20230602,D:\ThetaData\data_underlying_derived\SPY\2023\06\SPY_20230602.parquet,12663,16009fcaedcd2c76808c1dd98e4b9fc2e51b6efaab5c2390e41bff945df5b868,66,36,0,09:30:00,10:00:00,10:35:00
SPY,20230605,D:\ThetaData\data_underlying_derived\SPY\2023\06\SPY_20230605.parquet,12611,c352d80f7d58468f005ddc30d118785004c6409b0bfdb22b2784b53788703e4d,66,36,2,09:30:00,10:00:00,10:35:00
SPY,20230606,D:\ThetaData\data_underlying_derived\SPY\2023\06\SPY_20230606.parquet,11999,0200f304e6318cea46cb3867084b62bdd6c55355ed8cbd19f2a77c4b588fd330,66,36,0,09:30:00,10:00:00,10:35:00
SPY,20230607,D:\ThetaData\data_underlying_derived\SPY\2023\06\SPY_20230607.parquet,12522,6aa72a902e10d4c0e3d2a4a711e1c99971d1c33f8500d92f52ca9100d5e380b2,66,36,0,09:30:00,10:00:00,10:35:00
SPY,20230608,D:\ThetaData\data_underlying_derived\SPY\2023\06\SPY_20230608.parquet,12348,172d43ff4c05f0d92a5d80df1bbe6d781adff3294a286aed6d9d526c9cdaad6d,66,36,0,09:30:00,10:00:00,10:35:00
SPY,20230609,D:\ThetaData\data_underlying_derived\SPY\2023\06\SPY_20230609.parquet,12442,8cf7d49adb966ac0899b2c283d319a91d34162c93de025e9f923059c718ab852,66,36,0,09:30:00,10:00:00,10:35:00
SPY,20230612,D:\ThetaData\data_underlying_derived\SPY\2023\06\SPY_20230612.parquet,12529,2430dd07bb5d9b79aa2f630e65cffc406ddb49087f57ccf629769a5200a85457,66,36,0,09:30:00,10:00:00,10:35:00
SPY,20230613,D:\ThetaData\data_underlying_derived\SPY\2023\06\SPY_20230613.parquet,12025,82b955cfa8152dc44646db857363986f6718f3e039e2096e2dbdafde3ee4c067,66,36,0,09:30:00,10:00:00,10:35:00
SPY,20230614,D:\ThetaData\data_underlying_derived\SPY\2023\06\SPY_20230614.parquet,12891,bdfb61e3e8c67675eca02b9885e134c5e57cf6f16a3e3e768744c5a405e3c491,66,36,0,09:30:00,10:00:00,10:35:00
SPY,20230615,D:\ThetaData\data_underlying_derived\SPY\2023\06\SPY_20230615.parquet,13470,3391161d5c8fe56a1ad362dce6d97b64b1ddaf8e76132a5956b5af7e77b3ee66,66,36,0,09:30:00,10:00:00,10:35:00
SPY,20230616,D:\ThetaData\data_underlying_derived\SPY\2023\06\SPY_20230616.parquet,12575,376c345e4b32fa1e1e020d95860de0fa6293d15dd6b849ff14c23f90831336ec,66,36,0,09:30:00,10:00:00,10:35:00
SPY,20230620,D:\ThetaData\data_underlying_derived\SPY\2023\06\SPY_20230620.parquet,12332,f25faa94c8e4252076aa3461e1ebd1ced5e9d0de7463f8253d298fbe0697b67b,66,36,0,09:30:00,10:00:00,10:35:00
SPY,20230621,D:\ThetaData\data_underlying_derived\SPY\2023\06\SPY_20230621.parquet,12058,867f1ac667121067f431976c6824652f71f79f081a70eeabf9bf00a087b6b6d1,66,36,0,09:30:00,10:00:00,10:35:00
SPY,20230622,D:\ThetaData\data_underlying_derived\SPY\2023\06\SPY_20230622.parquet,12305,ec08878b84bdced11845bb25d0c5f25f139adfc842b65099811fc4c0d39f6ca2,66,36,0,09:30:00,10:00:00,10:35:00
SPY,20230623,D:\ThetaData\data_underlying_derived\SPY\2023\06\SPY_20230623.parquet,12181,d15322079d308729629b7c517bb98d34f93d3a739f2fc06b8a10cf86cef2d181,66,36,0,09:30:00,10:00:00,10:35:00
SPY,20230626,D:\ThetaData\data_underlying_derived\SPY\2023\06\SPY_20230626.parquet,12368,350af96a9ff8db062c0c6fcb688576290ba4c4335a6fe88ec0538dee978ff7ab,66,36,0,09:30:00,10:00:00,10:35:00
SPY,20230627,D:\ThetaData\data_underlying_derived\SPY\2023\06\SPY_20230627.parquet,12961,d5339b321e320beab5f5c6633bac1fbba5de1cdab5437299f84e6cb616c52b5b,66,36,0,09:30:00,10:00:00,10:35:00
SPY,20230628,D:\ThetaData\data_underlying_derived\SPY\2023\06\SPY_20230628.parquet,12329,f4a7c343d7c3d52753da0bc4ad12b79f73e5e587393c19790b43dbeb8bc9a1a8,66,36,0,09:30:00,10:00:00,10:35:00
SPY,20230629,D:\ThetaData\data_underlying_derived\SPY\2023\06\SPY_20230629.parquet,12016,aaf7e5a2b8942d4d0f96491aba3a3ded3efaeb6673687dca47d8b11ea09a6ed1,66,36,0,09:30:00,10:00:00,10:35:00
SPY,20230630,D:\ThetaData\data_underlying_derived\SPY\2023\06\SPY_20230630.parquet,12083,290df00d1a8ee57063ebe74efb85113102ffe4d96c19e9a3513ffaf16c915bfb,66,36,0,09:30:00,10:00:00,10:35:00
SPY,20230705,D:\ThetaData\data_underlying_derived\SPY\2023\07\SPY_20230705.parquet,10961,7821fecacccea4d44863d46b7ec8be17d789952ef510201a145e414634f5fb8a,66,36,0,09:30:00,10:00:00,10:35:00
SPY,20230706,D:\ThetaData\data_underlying_derived\SPY\2023\07\SPY_20230706.parquet,12723,60aba3bf59f9facbe7f02f281351d37ac38bd48ee3cc77e79ba2e9da8c2c7986,66,36,0,09:30:00,10:00:00,10:35:00
SPY,20230707,D:\ThetaData\data_underlying_derived\SPY\2023\07\SPY_20230707.parquet,12995,fba73edcff89baf203e794892420708c1b64c65d63496c3bfe37bab618ea4c83,66,36,0,09:30:00,10:00:00,10:35:00
SPY,20230710,D:\ThetaData\data_underlying_derived\SPY\2023\07\SPY_20230710.parquet,11586,b4d22dc7422b345064c565e3235ab528f60b5d7d17f2975fce1ca71d0eb5683a,66,36,0,09:30:00,10:00:00,10:35:00
SPY,20230711,D:\ThetaData\data_underlying_derived\SPY\2023\07\SPY_20230711.parquet,12059,6f4986b18db22da82d0b15d458bda3c97a75793318ddbc97581ad8ff05a6251f,66,36,0,09:30:00,10:00:00,10:35:00
SPY,20230712,D:\ThetaData\data_underlying_derived\SPY\2023\07\SPY_20230712.parquet,12184,5550d532df1ee7970d62fcecb0899eb0608141d73746c15d34c22ecf3cd3670c,66,36,0,09:30:00,10:00:00,10:35:00
SPY,20230713,D:\ThetaData\data_underlying_derived\SPY\2023\07\SPY_20230713.parquet,11957,e4a921229b483542622a6f5709c8a471973752be759b6fb447b402ebbdaae086,66,36,0,09:30:00,10:00:00,10:35:00
SPY,20230714,D:\ThetaData\data_underlying_derived\SPY\2023\07\SPY_20230714.parquet,12332,5c0350ee1d2c61db22ef597f06b19316fd8325f4906acdef5cb349bede5b9a11,66,36,0,09:30:00,10:00:00,10:35:00
SPY,20230717,D:\ThetaData\data_underlying_derived\SPY\2023\07\SPY_20230717.parquet,12039,e1da92ca35b6980472f958a2d424f7418ecb1f613323a9c807943a25f8b13ead,66,36,0,09:30:00,10:00:00,10:35:00
SPY,20230718,D:\ThetaData\data_underlying_derived\SPY\2023\07\SPY_20230718.parquet,12907,e8314a507a4cd2343dc8e969aa095a8bd362ca04d419a031adabd63c4b871d0e,66,36,0,09:30:00,10:00:00,10:35:00
SPY,20230719,D:\ThetaData\data_underlying_derived\SPY\2023\07\SPY_20230719.parquet,11646,b58debb6503ea5af2e04d930190cd99bccb491594ae621ab2bc0b19aa69ceaa7,66,36,0,09:30:00,10:00:00,10:35:00
SPY,20230720,D:\ThetaData\data_underlying_derived\SPY\2023\07\SPY_20230720.parquet,12746,d5787fd6e5857714a1f7689b135cadbe19e1602a6f3946cbb23d28fd09f8355a,66,36,0,09:30:00,10:00:00,10:35:00
SPY,20230721,D:\ThetaData\data_underlying_derived\SPY\2023\07\SPY_20230721.parquet,11826,0d3b79b13f82ff52cf5e97c9263db97e26b4c597949725b85bc9366a818e6d10,66,36,0,09:30:00,10:00:00,10:35:00
SPY,20230724,D:\ThetaData\data_underlying_derived\SPY\2023\07\SPY_20230724.parquet,11508,1fbf91c857f660816e2c9a8821538cb9d1f7b337ecb4c37431f873b39eb9b97a,66,36,0,09:30:00,10:00:00,10:35:00
SPY,20230725,D:\ThetaData\data_underlying_derived\SPY\2023\07\SPY_20230725.parquet,12017,8fea28e7e11df13ffbbd949f1a986b07320fc61afd02a026f58fd6b2fb406a93,66,36,0,09:30:00,10:00:00,10:35:00
SPY,20230726,D:\ThetaData\data_underlying_derived\SPY\2023\07\SPY_20230726.parquet,11528,1afb46b7346831c60d171ab33829fea4e3e8a7affaf3f16814d8070578e02ad0,66,36,0,09:30:00,10:00:00,10:35:00
SPY,20230727,D:\ThetaData\data_underlying_derived\SPY\2023\07\SPY_20230727.parquet,13750,eadb1096e8351d3a2e9a02007b00f7f63c996a10174f0649c6b4ad15e545a00d,66,36,0,09:30:00,10:00:00,10:35:00
SPY,20230728,D:\ThetaData\data_underlying_derived\SPY\2023\07\SPY_20230728.parquet,12035,2b64eb264d4a73f76bd6d61fc6da597556fbbbc06c8fc4f3bff6c680d34157db,66,36,0,09:30:00,10:00:00,10:35:00
SPY,20230731,D:\ThetaData\data_underlying_derived\SPY\2023\07\SPY_20230731.parquet,11606,53abc45b8f8508c36db475a73c1cf0cadadd9963884e1d50ca6ea29f6f82bacd,66,36,0,09:30:00,10:00:00,10:35:00
SPY,20230801,D:\ThetaData\data_underlying_derived\SPY\2023\08\SPY_20230801.parquet,11112,1d196a57b115114ecb11211dd88ed3f9780e134f17417d8ea108a9ad96de3d54,66,36,0,09:30:00,10:00:00,10:35:00
SPY,20230802,D:\ThetaData\data_underlying_derived\SPY\2023\08\SPY_20230802.parquet,12434,46981c1e64141c682e0aef6d377762abed41c744ccecaaa6ffa4fb84aaf6abb7,66,36,0,09:30:00,10:00:00,10:35:00
SPY,20230803,D:\ThetaData\data_underlying_derived\SPY\2023\08\SPY_20230803.parquet,12601,8cac456df98ac7f82b6f1bd8a8dc12fd235fa18e998ce19cac13342684fe384f,66,36,0,09:30:00,10:00:00,10:35:00
SPY,20230804,D:\ThetaData\data_underlying_derived\SPY\2023\08\SPY_20230804.parquet,13695,3976dc6fcac91c59e24a98939852390da37a065583643d4af4e87910c326f067,66,36,0,09:30:00,10:00:00,10:35:00
SPY,20230807,D:\ThetaData\data_underlying_derived\SPY\2023\08\SPY_20230807.parquet,12144,7957e60470a8e081576c53d6bb886583b720c7ee092caf5d27cacd0b19a0cdbb,66,36,0,09:30:00,10:00:00,10:35:00
SPY,20230808,D:\ThetaData\data_underlying_derived\SPY\2023\08\SPY_20230808.parquet,12971,e364705381fd5cc91df35ee18ed3333e07862605da1aaf8b4b057c1f621ee658,66,36,0,09:30:00,10:00:00,10:35:00
SPY,20230809,D:\ThetaData\data_underlying_derived\SPY\2023\08\SPY_20230809.parquet,12754,f1f4d7dfb3e05b68f9a0d1f49fda5bc0f951fb12953fe71d2d17fc69b6374abc,66,36,0,09:30:00,10:00:00,10:35:00
SPY,20230810,D:\ThetaData\data_underlying_derived\SPY\2023\08\SPY_20230810.parquet,14008,e24d918935ceeb381dff3475226aab7ce7fda4cf2ce090f8a4d64e9851e6ee7c,66,36,0,09:30:00,10:00:00,10:35:00
SPY,20230811,D:\ThetaData\data_underlying_derived\SPY\2023\08\SPY_20230811.parquet,12208,a3d4e147fe7a07bb2ed0144a09cb303ee1d86f7653248046db8e81461d5a938e,66,36,0,09:30:00,10:00:00,10:35:00
SPY,20230814,D:\ThetaData\data_underlying_derived\SPY\2023\08\SPY_20230814.parquet,11889,202ebb623dbe08941bdf52997f255aaa4a169b134b7cb9f9f00ec0f33a9148ca,66,36,0,09:30:00,10:00:00,10:35:00
SPY,20230815,D:\ThetaData\data_underlying_derived\SPY\2023\08\SPY_20230815.parquet,12331,a0ec16ccc924de4753c00fbb1c95491103172c9e0d3105419470dbef76ca87de,66,36,0,09:30:00,10:00:00,10:35:00
SPY,20230816,D:\ThetaData\data_underlying_derived\SPY\2023\08\SPY_20230816.parquet,12982,e594cfc9a693ce7228c427afee1ed4e066f453d62350b242db9aca9b5c678354,66,36,0,09:30:00,10:00:00,10:35:00
SPY,20230817,D:\ThetaData\data_underlying_derived\SPY\2023\08\SPY_20230817.parquet,13230,0fd4de474ac5a49c261b6caf684600d0bc9371268c29ce3fa48096645d8419e4,66,36,0,09:30:00,10:00:00,10:35:00
SPY,20230818,D:\ThetaData\data_underlying_derived\SPY\2023\08\SPY_20230818.parquet,12464,ff17322f6b896876cf46007ad9a15ff547f414c4d85d33a6f2a63894d67c4db5,66,36,0,09:30:00,10:00:00,10:35:00
SPY,20230821,D:\ThetaData\data_underlying_derived\SPY\2023\08\SPY_20230821.parquet,13326,68572c03f8d9ce1ccb0b2da1be2c8a418c7b2efd492df0884f03f1aecdfff5f1,66,36,0,09:30:00,10:00:00,10:35:00
SPY,20230822,D:\ThetaData\data_underlying_derived\SPY\2023\08\SPY_20230822.parquet,12548,9c098b6f49fa4501983dbcfb0185941fb2c7411c8d1bf6cffa74dc20dcdbd552,66,36,0,09:30:00,10:00:00,10:35:00
SPY,20230823,D:\ThetaData\data_underlying_derived\SPY\2023\08\SPY_20230823.parquet,12881,f6af4acc55e4064105ddfebaf806eacb1c53764529b0d981a6a09bbc6523b955,66,36,0,09:30:00,10:00:00,10:35:00
SPY,20230824,D:\ThetaData\data_underlying_derived\SPY\2023\08\SPY_20230824.parquet,13432,774d2cf40048121f14f5b4115144d6225fcec90ce89ec6ca0831e440ade5af98,66,36,0,09:30:00,10:00:00,10:35:00
SPY,20230825,D:\ThetaData\data_underlying_derived\SPY\2023\08\SPY_20230825.parquet,13582,dc812f005a96a1f6f3964aacf0a2b31c7c03651ad21cac4aaac1bffefa306fdd,66,36,0,09:30:00,10:00:00,10:35:00
SPY,20230828,D:\ThetaData\data_underlying_derived\SPY\2023\08\SPY_20230828.parquet,12169,059e62f216044e13877554e0811a500bef7e52b67a38c0d106b2c3254721ed65,66,36,0,09:30:00,10:00:00,10:35:00
SPY,20230829,D:\ThetaData\data_underlying_derived\SPY\2023\08\SPY_20230829.parquet,13245,ca38edfe07c1aa21e98d397874c29c5b63c09c9d2dc076addf32ec855f7c84be,66,36,0,09:30:00,10:00:00,10:35:00
SPY,20230830,D:\ThetaData\data_underlying_derived\SPY\2023\08\SPY_20230830.parquet,11960,948113ba81583dfa43e5b08eeb1ea22bfa113782e57d7a7b98eab14311f7c5d5,66,36,0,09:30:00,10:00:00,10:35:00
SPY,20230831,D:\ThetaData\data_underlying_derived\SPY\2023\08\SPY_20230831.parquet,12051,3dfe11307c8ba15a2519d6be4db476d3a625f97d8e628c98f5b8bcfd086a634d,66,36,0,09:30:00,10:00:00,10:35:00
SPY,20230901,D:\ThetaData\data_underlying_derived\SPY\2023\09\SPY_20230901.parquet,12328,48d8fc705d0decef160b443ecb4fb376079eba842af167e9d060c160e727779f,66,36,0,09:30:00,10:00:00,10:35:00
SPY,20230905,D:\ThetaData\data_underlying_derived\SPY\2023\09\SPY_20230905.parquet,11524,916c252cb0ddb9d709c5f93367940d23f2e735b96d3cd26619d285de83f9b569,66,36,0,09:30:00,10:00:00,10:35:00
SPY,20230906,D:\ThetaData\data_underlying_derived\SPY\2023\09\SPY_20230906.parquet,12582,d4e85033c2a43774a618f2ce3059c325a2ff44ff8d1dd42fde06ebcf3565091f,66,36,0,09:30:00,10:00:00,10:35:00
SPY,20230907,D:\ThetaData\data_underlying_derived\SPY\2023\09\SPY_20230907.parquet,11922,475e235a0bb6429989d748a8522b87890bdd263bd12ffbc7af1207f212e85a82,66,36,0,09:30:00,10:00:00,10:35:00
SPY,20230908,D:\ThetaData\data_underlying_derived\SPY\2023\09\SPY_20230908.parquet,12190,4750c899affc30ba603b34e2516ea46ce9d78ca4d90054a38103c8e02a5da4f6,66,36,0,09:30:00,10:00:00,10:35:00
SPY,20230911,D:\ThetaData\data_underlying_derived\SPY\2023\09\SPY_20230911.parquet,11979,3c2977bc32ec0be524ab0774eae8b02066ab731c6138937181c94581dfed7b67,66,36,0,09:30:00,10:00:00,10:35:00
SPY,20230912,D:\ThetaData\data_underlying_derived\SPY\2023\09\SPY_20230912.parquet,12351,0c8a9b1a20fe0e5226fd11ee02f9ce90a2c37d01c03ec543e6dd221a9b1a6eae,66,36,0,09:30:00,10:00:00,10:35:00
SPY,20230913,D:\ThetaData\data_underlying_derived\SPY\2023\09\SPY_20230913.parquet,11916,2b239d55a1bb4f7e44f4e4c7354e4c8a9781239f133cf6f1d284aea21602f67a,66,36,0,09:30:00,10:00:00,10:35:00
SPY,20230914,D:\ThetaData\data_underlying_derived\SPY\2023\09\SPY_20230914.parquet,12327,86227a0f907e8be1d8f1830709d4e59449406ee1a426534ee2344cbf251b938d,66,36,0,09:30:00,10:00:00,10:35:00
SPY,20230915,D:\ThetaData\data_underlying_derived\SPY\2023\09\SPY_20230915.parquet,12884,67363ccbaac9d17cbf47bfd37bf7bbb9c0239334ae2ca5d1155dcf493ea610c2,66,36,0,09:30:00,10:00:00,10:35:00
SPY,20230918,D:\ThetaData\data_underlying_derived\SPY\2023\09\SPY_20230918.parquet,11923,8d8f5ba5e5aed2b884299f54e97c0c3ffff483e55796afd72e4c9adb1808ef7e,66,36,0,09:30:00,10:00:00,10:35:00
SPY,20230919,D:\ThetaData\data_underlying_derived\SPY\2023\09\SPY_20230919.parquet,12484,22ffab6b1ec3513ccadcde4471cdc2371bdc29567ce34c18e2658917f72f5fe4,66,36,0,09:30:00,10:00:00,10:35:00
SPY,20230920,D:\ThetaData\data_underlying_derived\SPY\2023\09\SPY_20230920.parquet,12349,6ffd6d91850f8e2734fe9290ad0ef5ea8b09fb6911919c81318ee439347041e9,66,36,0,09:30:00,10:00:00,10:35:00
SPY,20230921,D:\ThetaData\data_underlying_derived\SPY\2023\09\SPY_20230921.parquet,12776,517c038523e009397d2502b9133e279d1a97874d4917d34e8a7c998b6e59d852,66,36,0,09:30:00,10:00:00,10:35:00
SPY,20230922,D:\ThetaData\data_underlying_derived\SPY\2023\09\SPY_20230922.parquet,13128,478670f449d9a7009af21ed133a5b51f7d35d4b1161c9192d75d68b1977c2f42,66,36,0,09:30:00,10:00:00,10:35:00
SPY,20230925,D:\ThetaData\data_underlying_derived\SPY\2023\09\SPY_20230925.parquet,12363,4d1d0ef822db55b62bd8793f81b41c8cfcb716bf9af30885dce8252567b3fc63,66,36,0,09:30:00,10:00:00,10:35:00
SPY,20230926,D:\ThetaData\data_underlying_derived\SPY\2023\09\SPY_20230926.parquet,13009,9a3170ce17acb83f396ec9c81bc0a7586109cfd6c2c8377b3d3aec09942b36b6,66,36,0,09:30:00,10:00:00,10:35:00
SPY,20230927,D:\ThetaData\data_underlying_derived\SPY\2023\09\SPY_20230927.parquet,13529,d1eb0c83f9c8894c24caeee9dd1708b8509d983b5700448ef02d1e4b401f9cbd,66,36,0,09:30:00,10:00:00,10:35:00
SPY,20230928,D:\ThetaData\data_underlying_derived\SPY\2023\09\SPY_20230928.parquet,13312,55f6b104f062099e6f53fa3a5be8b648688f66107c9faf2d2fea1f6794d7b34d,66,36,0,09:30:00,10:00:00,10:35:00
SPY,20230929,D:\ThetaData\data_underlying_derived\SPY\2023\09\SPY_20230929.parquet,13732,d1f22bbd6a7d441a67e316a1fd88ce4b2fd40378cde330f58d56f0e6b8cd6e2d,66,36,0,09:30:00,10:00:00,10:35:00
SPY,20231002,D:\ThetaData\data_underlying_derived\SPY\2023\10\SPY_20231002.parquet,12982,1e4b556bdbb4009dc66d7ec1c73888a0d0e6af184bea326444949a6af8252650,66,36,0,09:30:00,10:00:00,10:35:00
SPY,20231003,D:\ThetaData\data_underlying_derived\SPY\2023\10\SPY_20231003.parquet,12988,dec8add0236ae67ae51ae4d21cb697cd02e455e5070e4e4fdfbba0739b4cb8fe,66,36,0,09:30:00,10:00:00,10:35:00
SPY,20231004,D:\ThetaData\data_underlying_derived\SPY\2023\10\SPY_20231004.parquet,13140,c849ad5e0d47f3e877495445e6088c944067534af9e7085449853ed9a3c97f58,66,36,0,09:30:00,10:00:00,10:35:00
SPY,20231005,D:\ThetaData\data_underlying_derived\SPY\2023\10\SPY_20231005.parquet,13086,915b557517dcdb1492a9c3c57ee41ea6ba3809f1bf568426b3df965fad9cb2f2,66,36,0,09:30:00,10:00:00,10:35:00
SPY,20231006,D:\ThetaData\data_underlying_derived\SPY\2023\10\SPY_20231006.parquet,14166,d8f5d1cef4869377a3f431f5842cf1d85190478cca5d944342aec9c55b246f23,66,36,0,09:30:00,10:00:00,10:35:00
SPY,20231009,D:\ThetaData\data_underlying_derived\SPY\2023\10\SPY_20231009.parquet,13286,3d331293ebd17a42927b695891ca76abd86055ccf7b32a32ad37fbc869ba5485,66,36,0,09:30:00,10:00:00,10:35:00
SPY,20231010,D:\ThetaData\data_underlying_derived\SPY\2023\10\SPY_20231010.parquet,12667,bf23b74fc3eb93e612cf00c71d2b289e4602769e2f61b61db49b3c422c33d70b,66,36,0,09:30:00,10:00:00,10:35:00
SPY,20231011,D:\ThetaData\data_underlying_derived\SPY\2023\10\SPY_20231011.parquet,12676,07e5023f5b91823774ebdd655302210ab9059eaf181579fe36faf93200b8b29e,66,36,0,09:30:00,10:00:00,10:35:00
SPY,20231012,D:\ThetaData\data_underlying_derived\SPY\2023\10\SPY_20231012.parquet,13456,db19a58df0c89d3512dd51f17e3ba66f6c90e0c30560445c93f5cb32e0340caa,66,36,0,09:30:00,10:00:00,10:35:00
SPY,20231013,D:\ThetaData\data_underlying_derived\SPY\2023\10\SPY_20231013.parquet,13429,8ef8eed0cd838ad16b4198a6d81a4a3efabc69315891cb18376bf5c05028f924,66,36,0,09:30:00,10:00:00,10:35:00
SPY,20231016,D:\ThetaData\data_underlying_derived\SPY\2023\10\SPY_20231016.parquet,12031,76f7f7e49f5fa922cc617110b8c04eb877cfe23006b04a57e7725ccef0b65e9f,66,36,0,09:30:00,10:00:00,10:35:00
SPY,20231017,D:\ThetaData\data_underlying_derived\SPY\2023\10\SPY_20231017.parquet,13200,88c7d48c3d0d048a652d4d2b03fdd5404017ab0ee2ec1751accb3d2aabb78281,66,36,0,09:30:00,10:00:00,10:35:00
SPY,20231018,D:\ThetaData\data_underlying_derived\SPY\2023\10\SPY_20231018.parquet,13339,c8f66cfda3bf17cc37dc2e4646b4f2e8016852eb02dd8799257162aaf85c5a92,66,36,0,09:30:00,10:00:00,10:35:00
SPY,20231019,D:\ThetaData\data_underlying_derived\SPY\2023\10\SPY_20231019.parquet,13666,6148b3ce4f619bf0e8d009b03f24db0144efaa6f3b6d3501c23e07ed27370cd9,66,36,0,09:30:00,10:00:00,10:35:00
SPY,20231020,D:\ThetaData\data_underlying_derived\SPY\2023\10\SPY_20231020.parquet,13033,9d664cb38695435b64b6aad3ba2457c6ea2dd54fdb7899e442b1d83d936f3f05,66,36,0,09:30:00,10:00:00,10:35:00
SPY,20231023,D:\ThetaData\data_underlying_derived\SPY\2023\10\SPY_20231023.parquet,13088,511b6eb421b58b2cf95315102ffb7a4614a6334217bb3ec28ad04808d3b96e82,66,36,0,09:30:00,10:00:00,10:35:00
SPY,20231024,D:\ThetaData\data_underlying_derived\SPY\2023\10\SPY_20231024.parquet,12847,6ff9d60292360352efc86aecd8e20aad4e669642b66e315f59acb15219972b8e,66,36,0,09:30:00,10:00:00,10:35:00
SPY,20231025,D:\ThetaData\data_underlying_derived\SPY\2023\10\SPY_20231025.parquet,13219,5f2c5ee12adbb298d35a38dd40841cdfdc5dc9965491624253b9f7aaf5781a6c,66,36,0,09:30:00,10:00:00,10:35:00
SPY,20231026,D:\ThetaData\data_underlying_derived\SPY\2023\10\SPY_20231026.parquet,13594,3306f6d33920b8e4228e50ead4e0f2a99fb0409e941494d752c6acfb360eba50,66,36,0,09:30:00,10:00:00,10:35:00
SPY,20231027,D:\ThetaData\data_underlying_derived\SPY\2023\10\SPY_20231027.parquet,13284,f1c154fae7540551ab61ce6b53dc71e08cdec778aaf31a0009f178442154d01d,66,36,0,09:30:00,10:00:00,10:35:00
SPY,20231030,D:\ThetaData\data_underlying_derived\SPY\2023\10\SPY_20231030.parquet,13101,fd3f04b7cb0cf0c33778fd77f82dc725d48240dc4d08c43255cf9fe592bdf34d,66,36,0,09:30:00,10:00:00,10:35:00
SPY,20231031,D:\ThetaData\data_underlying_derived\SPY\2023\10\SPY_20231031.parquet,13237,6640dded157e47f44a5e69bf112ac78b36daf5afbe92ad43ac8cd88745760784,66,36,0,09:30:00,10:00:00,10:35:00
SPY,20231101,D:\ThetaData\data_underlying_derived\SPY\2023\11\SPY_20231101.parquet,12850,7866743950765a610c8584a805668300f8b7ee0c1cd8f2145f31963f0ece05cf,66,36,0,09:30:00,10:00:00,10:35:00
SPY,20231102,D:\ThetaData\data_underlying_derived\SPY\2023\11\SPY_20231102.parquet,12746,2b9bd9ad15cbe567d21b3a192c6d07b0f7346bea2579db1cadf88084d775bd31,66,36,0,09:30:00,10:00:00,10:35:00
SPY,20231103,D:\ThetaData\data_underlying_derived\SPY\2023\11\SPY_20231103.parquet,12553,7261ee4aa97a607d31d5c4c190157b97bba7162bfd92a1169384cb77fa9ed46a,66,36,0,09:30:00,10:00:00,10:35:00
SPY,20231106,D:\ThetaData\data_underlying_derived\SPY\2023\11\SPY_20231106.parquet,11866,ebc5994e088910648f818509f0f4186da379d16e43f64e1974e47bf4575bb3cd,66,36,0,09:30:00,10:00:00,10:35:00
SPY,20231107,D:\ThetaData\data_underlying_derived\SPY\2023\11\SPY_20231107.parquet,11917,0771074a737771a678e09689b0f7a02558ac740ea4989420a43a1e1b4ecfe1a7,66,36,0,09:30:00,10:00:00,10:35:00
SPY,20231108,D:\ThetaData\data_underlying_derived\SPY\2023\11\SPY_20231108.parquet,12235,c1fd0c83b8770b02ea7c8be63bdb2602bd2afb495a2d21f8cf595434d4468822,66,36,0,09:30:00,10:00:00,10:35:00
SPY,20231109,D:\ThetaData\data_underlying_derived\SPY\2023\11\SPY_20231109.parquet,13031,8eed57f66cffee044a84b5f143198700eea4d74070ae9a4a450caee90d9f4554,66,36,0,09:30:00,10:00:00,10:35:00
SPY,20231110,D:\ThetaData\data_underlying_derived\SPY\2023\11\SPY_20231110.parquet,13350,f30e608ca710bb5a2e1c83d9b9b876840f0dd69f719f1bad5a0ed2058311cf42,66,36,0,09:30:00,10:00:00,10:35:00
SPY,20231113,D:\ThetaData\data_underlying_derived\SPY\2023\11\SPY_20231113.parquet,12183,7499fc08216882bd5c50448485c07e9b7bf266bf84a94defe11e53bab2052504,66,36,0,09:30:00,10:00:00,10:35:00
SPY,20231114,D:\ThetaData\data_underlying_derived\SPY\2023\11\SPY_20231114.parquet,12603,2137756aef8b840f88dcdcfe4f362ca0b98d65b71c743675d828fef12abf82a4,66,36,0,09:30:00,10:00:00,10:35:00
SPY,20231115,D:\ThetaData\data_underlying_derived\SPY\2023\11\SPY_20231115.parquet,11899,9c6054986b4ef4e0bff821c1842cbc5a78967ba9c498255b473d9c3426324ed9,66,36,0,09:30:00,10:00:00,10:35:00
SPY,20231116,D:\ThetaData\data_underlying_derived\SPY\2023\11\SPY_20231116.parquet,11926,d00ce7a19c4007ab1fbbbf1191526ac9553e49f3e38f39960107f72c77e660d6,66,36,0,09:30:00,10:00:00,10:35:00
SPY,20231117,D:\ThetaData\data_underlying_derived\SPY\2023\11\SPY_20231117.parquet,11704,70cce253cff4b10025573c78ac19cc546cc93b50d3b273f480b5f6c58c498790,66,36,0,09:30:00,10:00:00,10:35:00
SPY,20231120,D:\ThetaData\data_underlying_derived\SPY\2023\11\SPY_20231120.parquet,12653,2de415b0d22f58b3710857594ea2ea6a13c761db296cd6600162a2ab8e26c3b9,66,36,0,09:30:00,10:00:00,10:35:00
SPY,20231121,D:\ThetaData\data_underlying_derived\SPY\2023\11\SPY_20231121.parquet,11153,eb8d22133f01dfe3d2db53f95c3960dd87dc773e201bd2fd405a6dd6228cb21e,66,36,0,09:30:00,10:00:00,10:35:00
SPY,20231122,D:\ThetaData\data_underlying_derived\SPY\2023\11\SPY_20231122.parquet,11644,e9e098609bbead670e7922530a8796a663269e5fd41d28e85d6a816c16ad91a6,66,36,0,09:30:00,10:00:00,10:35:00
SPY,20231127,D:\ThetaData\data_underlying_derived\SPY\2023\11\SPY_20231127.parquet,10944,504883e1cf718b09612d73d41571766a2bbddc5c9c20124457da07c8da3fab1e,66,36,0,09:30:00,10:00:00,10:35:00
SPY,20231128,D:\ThetaData\data_underlying_derived\SPY\2023\11\SPY_20231128.parquet,12330,f49fcdbad3eefeee11d4052eb9da4dd53be739a5da68dd6d21980bf1884c5925,66,36,0,09:30:00,10:00:00,10:35:00
SPY,20231129,D:\ThetaData\data_underlying_derived\SPY\2023\11\SPY_20231129.parquet,12429,127c520212f5aa0125c5c71e7606be481af50fceef0b96771bb3e3a790792a6a,66,36,0,09:30:00,10:00:00,10:35:00
SPY,20231130,D:\ThetaData\data_underlying_derived\SPY\2023\11\SPY_20231130.parquet,11990,7d6516b6a8f376d9ddc7d05c495ef59e020253557360ac547a5b9fc8e1a9d7c4,66,36,0,09:30:00,10:00:00,10:35:00
SPY,20231201,D:\ThetaData\data_underlying_derived\SPY\2023\12\SPY_20231201.parquet,12509,d3d620153ee62d5981d751b1ead63f1553533f3afc44aff60b4e3ecfc48d7900,66,36,0,09:30:00,10:00:00,10:35:00
SPY,20231204,D:\ThetaData\data_underlying_derived\SPY\2023\12\SPY_20231204.parquet,11886,33f41455aff0c8671be3bb0f223b76f2352adf8ff134f216ca1111fe6a944a6e,66,36,0,09:30:00,10:00:00,10:35:00
SPY,20231205,D:\ThetaData\data_underlying_derived\SPY\2023\12\SPY_20231205.parquet,11687,33881f5bcf0f6f093decad27b206cf028bc62f858bd90d18167cfe2cb2d55ef2,66,36,0,09:30:00,10:00:00,10:35:00
SPY,20231206,D:\ThetaData\data_underlying_derived\SPY\2023\12\SPY_20231206.parquet,12635,ba9282ba6f97f358904dfa49248234820db9166526337c751777482d0fc796e2,66,36,0,09:30:00,10:00:00,10:35:00
SPY,20231207,D:\ThetaData\data_underlying_derived\SPY\2023\12\SPY_20231207.parquet,11714,a6df5f46769f4faa4d3921c13d0fbdaabd15942f004f828a5117ac6515798cd8,66,36,0,09:30:00,10:00:00,10:35:00
SPY,20231208,D:\ThetaData\data_underlying_derived\SPY\2023\12\SPY_20231208.parquet,12728,ddb2bce7ffdb80c7697ab6bc7a4f6c08a8bf1953a1b3a8bba3d44326bd1b6252,66,36,0,09:30:00,10:00:00,10:35:00
SPY,20231211,D:\ThetaData\data_underlying_derived\SPY\2023\12\SPY_20231211.parquet,11816,63ec64d2fda7d6360bba7313e23f1b04cd389ff191007ec02e18aa4eb60c3b04,66,36,0,09:30:00,10:00:00,10:35:00
SPY,20231212,D:\ThetaData\data_underlying_derived\SPY\2023\12\SPY_20231212.parquet,12568,1af2da3d91918d8b5d57a6d66ae9ececf5dfe05d0d6bd134e75405db382e9027,66,36,0,09:30:00,10:00:00,10:35:00
SPY,20231213,D:\ThetaData\data_underlying_derived\SPY\2023\12\SPY_20231213.parquet,12599,9dc25ddf5e41e032a36e83edd64860c593e2c22aa9a1e69e5e7c4b513bbd5f61,66,36,0,09:30:00,10:00:00,10:35:00
SPY,20231214,D:\ThetaData\data_underlying_derived\SPY\2023\12\SPY_20231214.parquet,12790,e55aa034e6144761b628325cbfdb46dc37b62b2b99cb467946c1a65d23e8987c,66,36,0,09:30:00,10:00:00,10:35:00
SPY,20231215,D:\ThetaData\data_underlying_derived\SPY\2023\12\SPY_20231215.parquet,11962,2cc6ca392a660adbcd6993f11d059d8f3d5b1eac00fae6629d482d8a31c03ec2,66,36,0,09:30:00,10:00:00,10:35:00
SPY,20231218,D:\ThetaData\data_underlying_derived\SPY\2023\12\SPY_20231218.parquet,11470,da3690362637f46cfff522ee59665fdb6451b2bd4956c83e069040cde0daf3c1,66,36,0,09:30:00,10:00:00,10:35:00
SPY,20231219,D:\ThetaData\data_underlying_derived\SPY\2023\12\SPY_20231219.parquet,11036,33968dd01fa9d964d3c783607168e8ce66b7f0270691cadce5a6f77a0c6773db,66,36,0,09:30:00,10:00:00,10:35:00
SPY,20231220,D:\ThetaData\data_underlying_derived\SPY\2023\12\SPY_20231220.parquet,12488,8bc62f8ba8612ff3846a89701c42f3d65c1bf66cdfcc7b2a37253275c6b85996,66,36,0,09:30:00,10:00:00,10:35:00
SPY,20231221,D:\ThetaData\data_underlying_derived\SPY\2023\12\SPY_20231221.parquet,12968,46f2c526cc038dc779cc5c6accb62a1a92daa50ec22b018fc6dc05eff6081ad6,66,36,0,09:30:00,10:00:00,10:35:00
SPY,20231222,D:\ThetaData\data_underlying_derived\SPY\2023\12\SPY_20231222.parquet,12409,1d7b86e56a766c25cf56312b3815125dfe0801cfece46d7c10f6be91bd40a610,66,36,0,09:30:00,10:00:00,10:35:00
SPY,20231226,D:\ThetaData\data_underlying_derived\SPY\2023\12\SPY_20231226.parquet,11773,a4b9184a30970d31a345e9017f5615d52c0db5ab7820bb1b734b961828d1443c,66,36,0,09:30:00,10:00:00,10:35:00
SPY,20231227,D:\ThetaData\data_underlying_derived\SPY\2023\12\SPY_20231227.parquet,11080,d08ae930cd1140640c70969aae20170713ee2a340e6e4ce81c6addd4c38d7fe1,66,36,0,09:30:00,10:00:00,10:35:00
SPY,20231228,D:\ThetaData\data_underlying_derived\SPY\2023\12\SPY_20231228.parquet,10465,e056c22ddee37d1cc275fce4e523698e5abc8870be309727742bfcd26dee4052,66,36,0,09:30:00,10:00:00,10:35:00
SPY,20231229,D:\ThetaData\data_underlying_derived\SPY\2023\12\SPY_20231229.parquet,12670,3e99f8b84044bea3101bcf8e646d6cd7ff00a1d9f008ed873a6aacbbbd1309f6,66,36,0,09:30:00,10:00:00,10:35:00
SPY,20240102,D:\ThetaData\data_underlying_derived\SPY\2024\01\SPY_20240102.parquet,12582,f3f65bab4858cf00745a255fe9051ef78f94fcc56a5fc65292fb13e876dc8845,66,36,0,09:30:00,10:00:00,10:35:00
SPY,20240103,D:\ThetaData\data_underlying_derived\SPY\2024\01\SPY_20240103.parquet,12195,c699d88dfb22395fa8a05a70596111d275fcaa3da0d4bb04aa2f6e86a15065bd,66,36,0,09:30:00,10:00:00,10:35:00
SPY,20240104,D:\ThetaData\data_underlying_derived\SPY\2024\01\SPY_20240104.parquet,12600,bf2d066158323cca955898fbe920e5ef4af12e6ca49df50dae4ec57af8dfdd4b,66,36,0,09:30:00,10:00:00,10:35:00
SPY,20240105,D:\ThetaData\data_underlying_derived\SPY\2024\01\SPY_20240105.parquet,13030,31475bc2b15cf493bddcfee322967d875f4d5abe8e5a97b306a6690ade71b502,66,36,0,09:30:00,10:00:00,10:35:00
SPY,20240108,D:\ThetaData\data_underlying_derived\SPY\2024\01\SPY_20240108.parquet,13344,abdaa9b02afab1c632ddf6162c5b98579dc881203741a0b50d2caa9079e0949a,66,36,0,09:30:00,10:00:00,10:35:00
SPY,20240109,D:\ThetaData\data_underlying_derived\SPY\2024\01\SPY_20240109.parquet,12464,758429c66f0523d732434f23f039ff4e011fb2f8e522e3435d414af608c587ef,66,36,0,09:30:00,10:00:00,10:35:00
SPY,20240110,D:\ThetaData\data_underlying_derived\SPY\2024\01\SPY_20240110.parquet,12636,181ab775f6c34a7518c54336784089cffe05638aac1cafb3a99e8b135113c4cf,66,36,0,09:30:00,10:00:00,10:35:00
SPY,20240111,D:\ThetaData\data_underlying_derived\SPY\2024\01\SPY_20240111.parquet,13209,d0f9f05034951f6cf74f137370c987014be630f1a4bcc8d1f5c33d3f6fbb9a42,66,36,0,09:30:00,10:00:00,10:35:00
SPY,20240112,D:\ThetaData\data_underlying_derived\SPY\2024\01\SPY_20240112.parquet,12099,f6610a34460c5ea5a84630971a5c891b996b80855ad6036856bd54e97b59757d,66,36,0,09:30:00,10:00:00,10:35:00
SPY,20240116,D:\ThetaData\data_underlying_derived\SPY\2024\01\SPY_20240116.parquet,12700,89a199cd576d71e4b8dba5ce04b2bbc3b87b72cafc84fa76ac3d9f3776aaf243,66,36,0,09:30:00,10:00:00,10:35:00
SPY,20240117,D:\ThetaData\data_underlying_derived\SPY\2024\01\SPY_20240117.parquet,12385,10f8d6e6baead5902909eeff067ab27cd775bf75de82f7c4c4c48086e4244525,66,36,0,09:30:00,10:00:00,10:35:00
SPY,20240118,D:\ThetaData\data_underlying_derived\SPY\2024\01\SPY_20240118.parquet,12914,618edd56120cbeff776fed39f25d6acbc99660ae2cc0ebc934c390f807dd62f4,66,36,0,09:30:00,10:00:00,10:35:00
SPY,20240119,D:\ThetaData\data_underlying_derived\SPY\2024\01\SPY_20240119.parquet,13552,d00297da23e3a25b2741dfeb04c14bd804a32efd974d2a47c4f26be5ea9cea9c,66,36,0,09:30:00,10:00:00,10:35:00
SPY,20240122,D:\ThetaData\data_underlying_derived\SPY\2024\01\SPY_20240122.parquet,11574,473061ddd1a7fbe56fbc3f25e39971325c77d34edb1f90f636e9d07379614f18,66,36,0,09:30:00,10:00:00,10:35:00
SPY,20240123,D:\ThetaData\data_underlying_derived\SPY\2024\01\SPY_20240123.parquet,11921,c8b2860e48e3d09fe39fc77e0546d5ee1fca3ee35c88b0852da60cd2321edc2f,66,36,0,09:30:00,10:00:00,10:35:00
SPY,20240124,D:\ThetaData\data_underlying_derived\SPY\2024\01\SPY_20240124.parquet,12804,3e02f82b38ade16be9385540616c9ae0a84468cf1fc054977746c4f65edba560,66,36,0,09:30:00,10:00:00,10:35:00
SPY,20240125,D:\ThetaData\data_underlying_derived\SPY\2024\01\SPY_20240125.parquet,12363,4769261ef3957efc4b5e52979c8d2594aaea6ccf53910336f6f7da3f1afb4026,66,36,0,09:30:00,10:00:00,10:35:00
SPY,20240126,D:\ThetaData\data_underlying_derived\SPY\2024\01\SPY_20240126.parquet,12131,f4a4025898076ea7e4ba565cf1e5ac657415c7e6763a9027600db6cbb4880761,66,36,0,09:30:00,10:00:00,10:35:00
SPY,20240129,D:\ThetaData\data_underlying_derived\SPY\2024\01\SPY_20240129.parquet,12315,8008306349a9d635e0fd117597e576fdf8bb35f8900badf2844c260ac099c807,66,36,0,09:30:00,10:00:00,10:35:00
SPY,20240130,D:\ThetaData\data_underlying_derived\SPY\2024\01\SPY_20240130.parquet,10963,2b7c037bc970568fe2d946462d43200b0d648aed052411e70836593780c62721,66,36,0,09:30:00,10:00:00,10:35:00
SPY,20240131,D:\ThetaData\data_underlying_derived\SPY\2024\01\SPY_20240131.parquet,12728,3a84b303509dc5b91f550337c910989064021260354ec7bcfec9f49127b96738,66,36,0,09:30:00,10:00:00,10:35:00
SPY,20240201,D:\ThetaData\data_underlying_derived\SPY\2024\02\SPY_20240201.parquet,13525,4522a05162e0de9c40046f4515a500df3c376b933e19e70bf3cfe195f22477b6,66,36,0,09:30:00,10:00:00,10:35:00
SPY,20240202,D:\ThetaData\data_underlying_derived\SPY\2024\02\SPY_20240202.parquet,13812,9ed530e8345acc5c1e64b9e0cc675b88f3ad6d665c9d898072680866e571875b,66,36,0,09:30:00,10:00:00,10:35:00
SPY,20240205,D:\ThetaData\data_underlying_derived\SPY\2024\02\SPY_20240205.parquet,12603,232abd460402e682051c8557ac016a9aab5e601e929471816caa4fb5e0dc2ccf,66,36,0,09:30:00,10:00:00,10:35:00
SPY,20240206,D:\ThetaData\data_underlying_derived\SPY\2024\02\SPY_20240206.parquet,11624,d036f564514d0bf85b5f254ac0ae21861ff5da5652b21fae03aa2b03e6b00994,66,36,0,09:30:00,10:00:00,10:35:00
SPY,20240207,D:\ThetaData\data_underlying_derived\SPY\2024\02\SPY_20240207.parquet,12140,366704c2d1b97171160e40b7d32d9d63237fc6623c56a7401a5d6b18ff8da81c,66,36,0,09:30:00,10:00:00,10:35:00
SPY,20240208,D:\ThetaData\data_underlying_derived\SPY\2024\02\SPY_20240208.parquet,10823,947b6408a89ce7e3ce0419340a4824c4e4b1650ffa63ff6cab2c94393ad3c5cf,66,36,0,09:30:00,10:00:00,10:35:00
SPY,20240209,D:\ThetaData\data_underlying_derived\SPY\2024\02\SPY_20240209.parquet,12422,5c115cf9192d7ffcd4540b515beb3a5708bfaa927fc8c9b1244a86e5fe42eb3f,66,36,0,09:30:00,10:00:00,10:35:00
SPY,20240212,D:\ThetaData\data_underlying_derived\SPY\2024\02\SPY_20240212.parquet,12431,7f375b841e5a359c2f5253cd75e628b09fedc24544afb5abe2cdba52e1d8b64b,66,36,0,09:30:00,10:00:00,10:35:00
SPY,20240213,D:\ThetaData\data_underlying_derived\SPY\2024\02\SPY_20240213.parquet,13276,8079194bd07fd2dab8f1bd75e880ad97898b39f5bd8a60677ebe19ad9a6afc89,66,36,0,09:30:00,10:00:00,10:35:00
SPY,20240214,D:\ThetaData\data_underlying_derived\SPY\2024\02\SPY_20240214.parquet,12813,cecbc89e90ffc7aa2dddb519519503527e4ad56e63ca713b2e506676f6e2468a,66,36,0,09:30:00,10:00:00,10:35:00
SPY,20240215,D:\ThetaData\data_underlying_derived\SPY\2024\02\SPY_20240215.parquet,12446,da411577b24e03d37b153c40c44f39871e91e10c94990198622eb62c677d8ef1,66,36,0,09:30:00,10:00:00,10:35:00
SPY,20240216,D:\ThetaData\data_underlying_derived\SPY\2024\02\SPY_20240216.parquet,12696,6c9032d3da9ca0ab3b7563b4c0ef9761dd2f7cf2f0f9535b73cafa6acd27782f,66,36,0,09:30:00,10:00:00,10:35:00
SPY,20240220,D:\ThetaData\data_underlying_derived\SPY\2024\02\SPY_20240220.parquet,12512,4648c58b28c219ef9e34703e453aa38c15fd566a733d163f04a0da237106103a,66,36,0,09:30:00,10:00:00,10:35:00
SPY,20240221,D:\ThetaData\data_underlying_derived\SPY\2024\02\SPY_20240221.parquet,12290,779e82ec17b47c1e6a3b6427916589d15899fd9bf2f8d91bcfa72173f27e0017,66,36,0,09:30:00,10:00:00,10:35:00
SPY,20240222,D:\ThetaData\data_underlying_derived\SPY\2024\02\SPY_20240222.parquet,13168,e3de03d6aecb730d52737e9c5966e1a4221dc51723ddfc0dd6e3e346059b701d,66,36,0,09:30:00,10:00:00,10:35:00
SPY,20240223,D:\ThetaData\data_underlying_derived\SPY\2024\02\SPY_20240223.parquet,12148,6594357ee62a170a4433f645e5487f0fff817010bf9e149621ae659e01551d7f,66,36,0,09:30:00,10:00:00,10:35:00
SPY,20240226,D:\ThetaData\data_underlying_derived\SPY\2024\02\SPY_20240226.parquet,12232,7eaf7624e9241c2517e4461612821f191bd8735dd839ddaf5c04be608fc94e80,66,36,0,09:30:00,10:00:00,10:35:00
SPY,20240227,D:\ThetaData\data_underlying_derived\SPY\2024\02\SPY_20240227.parquet,11710,8889419d2419027bb42c527bee36dddeedae6b4229272c7a4207679ed1d0cfdb,66,36,0,09:30:00,10:00:00,10:35:00
SPY,20240228,D:\ThetaData\data_underlying_derived\SPY\2024\02\SPY_20240228.parquet,11616,3c396be9bfd8d4bfa84c6dff71223e71238bfc69164ead30e762314718a87b9a,66,36,0,09:30:00,10:00:00,10:35:00
SPY,20240229,D:\ThetaData\data_underlying_derived\SPY\2024\02\SPY_20240229.parquet,12271,c8fd8060e8245477180c41f78d1281f0bf62b3870102488d57e65fa0b4ade61b,66,36,0,09:30:00,10:00:00,10:35:00
SPY,20240301,D:\ThetaData\data_underlying_derived\SPY\2024\03\SPY_20240301.parquet,13246,c56869c9609b4bc0a54865eeabd7d7c493d127142a6f91470a13c2ef2d962020,66,36,0,09:30:00,10:00:00,10:35:00
SPY,20240304,D:\ThetaData\data_underlying_derived\SPY\2024\03\SPY_20240304.parquet,11398,0fdda5f60b498734539c4933952a68e6d736429fbca7213127e99e64bc882b21,66,36,0,09:30:00,10:00:00,10:35:00
SPY,20240305,D:\ThetaData\data_underlying_derived\SPY\2024\03\SPY_20240305.parquet,12954,8b7e629bde15774810a7aa37ab757cf5262c9921c65585e972d3aefaf4ff01c4,66,36,0,09:30:00,10:00:00,10:35:00
SPY,20240306,D:\ThetaData\data_underlying_derived\SPY\2024\03\SPY_20240306.parquet,12748,96efaa99cd06d81ae1ac0dce192dac50642706fa9f7a561ad0ae843201667bc9,66,36,0,09:30:00,10:00:00,10:35:00
SPY,20240307,D:\ThetaData\data_underlying_derived\SPY\2024\03\SPY_20240307.parquet,12378,42ce0343dae70a1fe7c8c3ec3f106fcdceb4c25c8d413dcc6cbcc7d258e028d2,66,36,0,09:30:00,10:00:00,10:35:00
SPY,20240308,D:\ThetaData\data_underlying_derived\SPY\2024\03\SPY_20240308.parquet,13847,4939a622b4380a3fa49bbe819597f0773fd45f1def9f150853c854bc5ac9b0c8,66,36,0,09:30:00,10:00:00,10:35:00
SPY,20240311,D:\ThetaData\data_underlying_derived\SPY\2024\03\SPY_20240311.parquet,12229,7d857ee0bed85e531e73f329d42b33fabe0cdf615c629255d0dfd96ece22a4cd,66,36,0,09:30:00,10:00:00,10:35:00
SPY,20240312,D:\ThetaData\data_underlying_derived\SPY\2024\03\SPY_20240312.parquet,13227,914d5520d929aab0a1dd03f22cc68b686c058a59ff2dc44ae6bc83910b16885e,66,36,0,09:30:00,10:00:00,10:35:00
SPY,20240313,D:\ThetaData\data_underlying_derived\SPY\2024\03\SPY_20240313.parquet,11485,a0c774af4fb4609be55f41f1d484276dc25abae1a4e1f5c61032c4ad1058999c,66,36,0,09:30:00,10:00:00,10:35:00
SPY,20240314,D:\ThetaData\data_underlying_derived\SPY\2024\03\SPY_20240314.parquet,12783,ceca69ee3df4af385bcb82b817b99bc1941f7ceca85b5db789d6e5079fbb89d1,66,36,0,09:30:00,10:00:00,10:35:00
SPY,20240315,D:\ThetaData\data_underlying_derived\SPY\2024\03\SPY_20240315.parquet,12347,d6d7f2c9a4884c942ba4e63027d7bfd5011bab5428f0a23327547365551d71b2,66,36,0,09:30:00,10:00:00,10:35:00
SPY,20240318,D:\ThetaData\data_underlying_derived\SPY\2024\03\SPY_20240318.parquet,11895,f0da52985ec1cb56ec2ac044d55a1a9799601e75349b9d1ce8187e3ff25252e7,66,36,0,09:30:00,10:00:00,10:35:00
SPY,20240319,D:\ThetaData\data_underlying_derived\SPY\2024\03\SPY_20240319.parquet,12904,e36f0ea781b379cc8b7396bb68afe263df980329109d0c1f43fb31d6257373d4,66,36,0,09:30:00,10:00:00,10:35:00
SPY,20240320,D:\ThetaData\data_underlying_derived\SPY\2024\03\SPY_20240320.parquet,12492,0e735351301f18a0c5655feae6baec807f2e3a381931333780a5f83135416f22,66,36,0,09:30:00,10:00:00,10:35:00
SPY,20240321,D:\ThetaData\data_underlying_derived\SPY\2024\03\SPY_20240321.parquet,11754,3de4c8da8d9d87b18f85caa748cfd8d5f738b7ab1f6548aa379f52b57047b5a1,66,36,0,09:30:00,10:00:00,10:35:00
SPY,20240322,D:\ThetaData\data_underlying_derived\SPY\2024\03\SPY_20240322.parquet,11416,e4ee3d7aa32f41bde0a4b561f8255a47c53ccb646a329ce3f5232726f7a72af8,66,36,0,09:30:00,10:00:00,10:35:00
SPY,20240325,D:\ThetaData\data_underlying_derived\SPY\2024\03\SPY_20240325.parquet,10636,ac1f7bda4a36d3d56870d70b90f2a5c37122fc5852371749e7e6820eb9c86ada,66,36,0,09:30:00,10:00:00,10:35:00
SPY,20240326,D:\ThetaData\data_underlying_derived\SPY\2024\03\SPY_20240326.parquet,11003,9b7079adb360951d0fd192081cf1f52e4c406501ba35af864a36d162fe775912,66,36,0,09:30:00,10:00:00,10:35:00
SPY,20240327,D:\ThetaData\data_underlying_derived\SPY\2024\03\SPY_20240327.parquet,11812,fb35e3d84f6d42180780761f04921f70065e7188d8fe59986342a1f1e72f30c7,66,36,0,09:30:00,10:00:00,10:35:00
SPY,20240328,D:\ThetaData\data_underlying_derived\SPY\2024\03\SPY_20240328.parquet,10937,8002460fb47589b3bf969780055088a07028ce2b39eb9156bf41cb90ee2325c6,66,36,0,09:30:00,10:00:00,10:35:00
SPY,20240401,D:\ThetaData\data_underlying_derived\SPY\2024\04\SPY_20240401.parquet,11978,25a80847be5ceae20742b616cd42750f1b4f479eb5441ef04624a27a2107a95b,66,36,0,09:30:00,10:00:00,10:35:00
SPY,20240402,D:\ThetaData\data_underlying_derived\SPY\2024\04\SPY_20240402.parquet,11736,3d3f866a367d4a56025af865a9ad8a19734a10ebcf7217ff0f7d8a6d4b07338f,66,36,0,09:30:00,10:00:00,10:35:00
SPY,20240403,D:\ThetaData\data_underlying_derived\SPY\2024\04\SPY_20240403.parquet,11893,eeb9711dfcc6f1d2ec91eb818b6508dfc385c626b5e31e5558d7de4bcfe501d1,66,36,0,09:30:00,10:00:00,10:35:00
SPY,20240404,D:\ThetaData\data_underlying_derived\SPY\2024\04\SPY_20240404.parquet,12917,b236575104a393ffd6655043b325e0c214d673a7076419dd9f787c8388b6cdd9,66,36,0,09:30:00,10:00:00,10:35:00
SPY,20240405,D:\ThetaData\data_underlying_derived\SPY\2024\04\SPY_20240405.parquet,13496,b782c288eab0f74610e47b4183de1dae9975acad56c467892a2c4f525f9cff19,66,36,0,09:30:00,10:00:00,10:35:00
SPY,20240408,D:\ThetaData\data_underlying_derived\SPY\2024\04\SPY_20240408.parquet,11604,e90897f746a8ae5cee1df9a164d81f49c87884c5ea92d574c2ece627ae8a766b,66,36,0,09:30:00,10:00:00,10:35:00
SPY,20240409,D:\ThetaData\data_underlying_derived\SPY\2024\04\SPY_20240409.parquet,13051,bd911b2e7c6faa6f8a8fcb9212561e913d798cc21cee651574e475c6ba69bcb5,66,36,0,09:30:00,10:00:00,10:35:00
SPY,20240410,D:\ThetaData\data_underlying_derived\SPY\2024\04\SPY_20240410.parquet,12427,edf0c7701024f2bc309010cd6cd1b86f0a16c15da60f919996844cce78cbfcc4,66,36,0,09:30:00,10:00:00,10:35:00
SPY,20240411,D:\ThetaData\data_underlying_derived\SPY\2024\04\SPY_20240411.parquet,13425,ebe867fbf67aecc2d1b18a9f8683c7ee408a626c0718a86bad03af6d892b340d,66,36,0,09:30:00,10:00:00,10:35:00
SPY,20240412,D:\ThetaData\data_underlying_derived\SPY\2024\04\SPY_20240412.parquet,13912,07fb68ad4689a3e5a7d8912c830d86b416f6d8d911be0b7467c49f4a28160c91,66,36,0,09:30:00,10:00:00,10:35:00
SPY,20240415,D:\ThetaData\data_underlying_derived\SPY\2024\04\SPY_20240415.parquet,14225,354d990b390fd1f316f7941037214541d30505cc48a704edfb229f7ff956d2bd,66,36,0,09:30:00,10:00:00,10:35:00
SPY,20240416,D:\ThetaData\data_underlying_derived\SPY\2024\04\SPY_20240416.parquet,12524,f0de79884c9a6da6f6abb296cc5e46fe5f938bf5e82c80f66f2296a7f8f056ef,66,36,0,09:30:00,10:00:00,10:35:00
SPY,20240417,D:\ThetaData\data_underlying_derived\SPY\2024\04\SPY_20240417.parquet,13733,4cb628187d926ec1fae8842413b431be5423f3889e548f44b1ac9f8908a4efb8,66,36,0,09:30:00,10:00:00,10:35:00
SPY,20240418,D:\ThetaData\data_underlying_derived\SPY\2024\04\SPY_20240418.parquet,13629,eeab8b5596e8d8e69a229d513ac66d4756353698123a5d594ad5bd235173df97,66,36,0,09:30:00,10:00:00,10:35:00
SPY,20240419,D:\ThetaData\data_underlying_derived\SPY\2024\04\SPY_20240419.parquet,14146,9f48ef274cf4420b78f2add2b2b5f441b1b7ec6707f58c4328c84266ebc1c716,66,36,0,09:30:00,10:00:00,10:35:00
SPY,20240422,D:\ThetaData\data_underlying_derived\SPY\2024\04\SPY_20240422.parquet,14060,126d8f74d8d9ca438ccf28f9efdbd1147393bf6f8fd377fd57d67a5e5b962bfa,66,36,0,09:30:00,10:00:00,10:35:00
SPY,20240423,D:\ThetaData\data_underlying_derived\SPY\2024\04\SPY_20240423.parquet,12449,34f8be8bf495a30c60349d4faf4b35a9ea135ce679569b3b4fc072535ba05749,66,36,0,09:30:00,10:00:00,10:35:00
SPY,20240424,D:\ThetaData\data_underlying_derived\SPY\2024\04\SPY_20240424.parquet,13131,5a86493affd96c943cea4bbcf6ca81ff6d5ae2b94f3365bc4924884c875f42a8,66,36,0,09:30:00,10:00:00,10:35:00
SPY,20240425,D:\ThetaData\data_underlying_derived\SPY\2024\04\SPY_20240425.parquet,13889,cbf19485daa20d749a7113262e8bfec0d52c7cc86032b3fa9583be6638beec67,66,36,0,09:30:00,10:00:00,10:35:00
SPY,20240426,D:\ThetaData\data_underlying_derived\SPY\2024\04\SPY_20240426.parquet,12215,f2eae8f290e62644f2f92f92800ae2b05c0ebaa8f15ce9dabacacc2ce7e85919,66,36,0,09:30:00,10:00:00,10:35:00
SPY,20240429,D:\ThetaData\data_underlying_derived\SPY\2024\04\SPY_20240429.parquet,11990,7d708dcf03e88c36c3d7dda299c2451fc0c1937fffe532bf2fc68a1b3dd41224,66,36,0,09:30:00,10:00:00,10:35:00
SPY,20240430,D:\ThetaData\data_underlying_derived\SPY\2024\04\SPY_20240430.parquet,13480,e6c08ad3d86618955fdd0049d3ccfc69aabca1518a6fdebeb25d0fde62edf054,66,36,0,09:30:00,10:00:00,10:35:00
SPY,20240501,D:\ThetaData\data_underlying_derived\SPY\2024\05\SPY_20240501.parquet,12733,25c83bd169b7216967b5b9ff100c0532e180f2a2c02f39002defe2d5393cbaf0,66,36,0,09:30:00,10:00:00,10:35:00
SPY,20240502,D:\ThetaData\data_underlying_derived\SPY\2024\05\SPY_20240502.parquet,13357,25130c867a5a3b05c3bc7bedaa036803922a35303047185a7961fa6bf9763abe,66,36,0,09:30:00,10:00:00,10:35:00
SPY,20240503,D:\ThetaData\data_underlying_derived\SPY\2024\05\SPY_20240503.parquet,12625,69e7864f9b4b702ba9abae10c0411535a64e10b095c0d2cdcc117d1979c00f89,66,36,0,09:30:00,10:00:00,10:35:00
SPY,20240506,D:\ThetaData\data_underlying_derived\SPY\2024\05\SPY_20240506.parquet,11812,aac4026ad1d559acf686a9ec886578b7c1243dbc4d0969da20bec1165abf8bb3,66,36,0,09:30:00,10:00:00,10:35:00
SPY,20240507,D:\ThetaData\data_underlying_derived\SPY\2024\05\SPY_20240507.parquet,11652,98acb2172f8f22285a8b4f218cb1f8fa1f28f96093b4f4834443d22a76adb120,66,36,0,09:30:00,10:00:00,10:35:00
SPY,20240508,D:\ThetaData\data_underlying_derived\SPY\2024\05\SPY_20240508.parquet,11618,6b9d2b4063d63a23fa17e6c7617d907d82468570988016f8b8a15a1c09d8fb97,66,36,0,09:30:00,10:00:00,10:35:00
SPY,20240509,D:\ThetaData\data_underlying_derived\SPY\2024\05\SPY_20240509.parquet,12239,f9c1cfccdfe2780bc664ed5f08290480e52270ab4ec115d05e142023dd88e408,66,36,0,09:30:00,10:00:00,10:35:00
SPY,20240510,D:\ThetaData\data_underlying_derived\SPY\2024\05\SPY_20240510.parquet,11746,1658567e305e5c6b0197e5d0ec42d7de21f64189e22263436d4b706bf960ab94,66,36,0,09:30:00,10:00:00,10:35:00
SPY,20240513,D:\ThetaData\data_underlying_derived\SPY\2024\05\SPY_20240513.parquet,11469,2c8a975e240dacbb7e747fee49e50094b20ce88697ee2d6563247ec8ae11294d,66,36,0,09:30:00,10:00:00,10:35:00
SPY,20240514,D:\ThetaData\data_underlying_derived\SPY\2024\05\SPY_20240514.parquet,12179,04feec6e6daee8b09c98dbf8501a3b7d16243525982fab7f367727811177a5dc,66,36,0,09:30:00,10:00:00,10:35:00
SPY,20240515,D:\ThetaData\data_underlying_derived\SPY\2024\05\SPY_20240515.parquet,12806,bca073acb2996da7494371a213950b4c863acf778fb7448b1cf76601893cfe81,66,36,0,09:30:00,10:00:00,10:35:00
SPY,20240516,D:\ThetaData\data_underlying_derived\SPY\2024\05\SPY_20240516.parquet,12116,088eeb19ca6d4f0c63b8cfe0875bf05a5874eb6f48557e90676ed11f302cf154,66,36,0,09:30:00,10:00:00,10:35:00
SPY,20240517,D:\ThetaData\data_underlying_derived\SPY\2024\05\SPY_20240517.parquet,11083,3c7f5a18ec84067d4156ff731941760b836e492a86d31edb562444761553a5b1,66,36,0,09:30:00,10:00:00,10:35:00
SPY,20240520,D:\ThetaData\data_underlying_derived\SPY\2024\05\SPY_20240520.parquet,11663,dc3eb9be4c98d6d76f5629d0d5a5418094b87a234699384f44b3d16f3e1b2d2e,66,36,0,09:30:00,10:00:00,10:35:00
SPY,20240521,D:\ThetaData\data_underlying_derived\SPY\2024\05\SPY_20240521.parquet,11695,7faaa612c4aadbf1f3dbe59e953103bef0c8cfa86d9c31b29dd95c8781aff163,66,36,0,09:30:00,10:00:00,10:35:00
SPY,20240522,D:\ThetaData\data_underlying_derived\SPY\2024\05\SPY_20240522.parquet,12116,ec8d1a440851dc39f4d2e3ea02f5c689f375266eaff0c27abe0e3698f1e3de88,66,36,0,09:30:00,10:00:00,10:35:00
SPY,20240523,D:\ThetaData\data_underlying_derived\SPY\2024\05\SPY_20240523.parquet,13807,1951b575dd5d2084d1a64582b9049e0aa8048fba3419dcd89289aaa1f265f667,66,36,0,09:30:00,10:00:00,10:35:00
SPY,20240524,D:\ThetaData\data_underlying_derived\SPY\2024\05\SPY_20240524.parquet,12217,95d55803b34a50830285a3638906c3c2edc3b82a027d7b021f66b63580a99138,66,36,0,09:30:00,10:00:00,10:35:00
SPY,20240528,D:\ThetaData\data_underlying_derived\SPY\2024\05\SPY_20240528.parquet,12178,c7dcfea0792a6325cbf5ced0fa13a18227d70e7bf316c12d39c218780441d684,66,36,0,09:30:00,10:00:00,10:35:00
SPY,20240529,D:\ThetaData\data_underlying_derived\SPY\2024\05\SPY_20240529.parquet,11366,9d51cb030389fc6affb224940f43f5d778c058d433c11ae48d1de9817b6c98a4,66,36,0,09:30:00,10:00:00,10:35:00
SPY,20240530,D:\ThetaData\data_underlying_derived\SPY\2024\05\SPY_20240530.parquet,12179,93c08a535fda0746e6f936454f52cf3bc1f2b59903fe8b5574cdc4e9de3da11c,66,36,0,09:30:00,10:00:00,10:35:00
SPY,20240531,D:\ThetaData\data_underlying_derived\SPY\2024\05\SPY_20240531.parquet,13713,60cfc087d2a882a2f168c4e5d626f23ca970d5e2a9eb9659a43497aa406d2dad,66,36,0,09:30:00,10:00:00,10:35:00
SPY,20240603,D:\ThetaData\data_underlying_derived\SPY\2024\06\SPY_20240603.parquet,13249,583babe44c4ceb270eb85b118747bfd5b9b9e2434cf6459d5d03365441da2d2e,66,36,0,09:30:00,10:00:00,10:35:00
SPY,20240604,D:\ThetaData\data_underlying_derived\SPY\2024\06\SPY_20240604.parquet,12918,a41a88768af6bdadd2f5364a14b2f6858061055081b61239195132d1ab530f90,66,36,0,09:30:00,10:00:00,10:35:00
SPY,20240605,D:\ThetaData\data_underlying_derived\SPY\2024\06\SPY_20240605.parquet,13273,c356bb0e2b5747d8c68bfe32e1970d7a45f16c861f555282ecc3f257438bff8e,66,36,0,09:30:00,10:00:00,10:35:00
SPY,20240606,D:\ThetaData\data_underlying_derived\SPY\2024\06\SPY_20240606.parquet,11953,437de45e1d6775f7f84af6ece6c7c7065c1cb6eb30286d005d00a7599da84667,66,36,0,09:30:00,10:00:00,10:35:00
SPY,20240607,D:\ThetaData\data_underlying_derived\SPY\2024\06\SPY_20240607.parquet,12695,b3b44425445ec3f62324c26f14faffaec5e5002095ba9a55e1413d4dc287a960,66,36,0,09:30:00,10:00:00,10:35:00
SPY,20240610,D:\ThetaData\data_underlying_derived\SPY\2024\06\SPY_20240610.parquet,12424,d728eb6a3153d6c8d7d1a55a06541f65b442fa9cbb0ba5d814d7c40af07accf5,66,36,0,09:30:00,10:00:00,10:35:00
SPY,20240611,D:\ThetaData\data_underlying_derived\SPY\2024\06\SPY_20240611.parquet,12754,0708901ea696630b481bcc6b30b29aaf6278c2fd6e63b216c03304b669747c33,66,36,0,09:30:00,10:00:00,10:35:00
SPY,20240612,D:\ThetaData\data_underlying_derived\SPY\2024\06\SPY_20240612.parquet,12268,3d0634f16f0ff7b4f32eb2cd2384c1097c2339a67ccc94758c59e628b5a3b549,66,36,0,09:30:00,10:00:00,10:35:00
SPY,20240613,D:\ThetaData\data_underlying_derived\SPY\2024\06\SPY_20240613.parquet,12718,6d5e5b8221017c25a0511815bdcc531be410edef6bb01489139fa87c979e0736,66,36,0,09:30:00,10:00:00,10:35:00
SPY,20240614,D:\ThetaData\data_underlying_derived\SPY\2024\06\SPY_20240614.parquet,11975,d63c9c0c1145b8d6a3a15ce3e2dff958fdc30d892a754b94b146b995bef1c213,66,36,0,09:30:00,10:00:00,10:35:00
SPY,20240617,D:\ThetaData\data_underlying_derived\SPY\2024\06\SPY_20240617.parquet,13620,fdc3dc36c4966af33687f291a812e03de6dbce53e88b94bf72ef4d13ba386f3c,66,36,0,09:30:00,10:00:00,10:35:00
SPY,20240618,D:\ThetaData\data_underlying_derived\SPY\2024\06\SPY_20240618.parquet,11397,5afbf10cea2140fd4e4267eb03cd1981b85ba685f25c4a5b6e299752418fc540,66,36,0,09:30:00,10:00:00,10:35:00
SPY,20240620,D:\ThetaData\data_underlying_derived\SPY\2024\06\SPY_20240620.parquet,13214,3e1dc78b5b6e516858297fd77d1f886a8b2bb7c554e3fe9c223ff04bd741e739,66,36,0,09:30:00,10:00:00,10:35:00
SPY,20240621,D:\ThetaData\data_underlying_derived\SPY\2024\06\SPY_20240621.parquet,11807,40beb0d6abaf5b8b1727c97e75a0bdfa7acfb22a889e7563c375b640eaf01ba5,66,36,0,09:30:00,10:00:00,10:35:00
SPY,20240624,D:\ThetaData\data_underlying_derived\SPY\2024\06\SPY_20240624.parquet,12538,9d92a8cc033622c35488befb3442971b4275e0ae329a06c741c9586335a307cb,66,36,0,09:30:00,10:00:00,10:35:00
SPY,20240625,D:\ThetaData\data_underlying_derived\SPY\2024\06\SPY_20240625.parquet,12153,a44d2ea82e49949efb587979dbff72a91dd268ac0d7dbd06dd7a3ed7c346657e,66,36,0,09:30:00,10:00:00,10:35:00
SPY,20240626,D:\ThetaData\data_underlying_derived\SPY\2024\06\SPY_20240626.parquet,11867,781d66e501f4bde3a3ad9c7b33fe5dd13647780f1b5badae05485e30f3a8459d,66,36,0,09:30:00,10:00:00,10:35:00
SPY,20240627,D:\ThetaData\data_underlying_derived\SPY\2024\06\SPY_20240627.parquet,11979,4663d6ccd71b6178eee6b78f6775d641886d0d1672a9c1bee0e1d8ba7553d0c9,66,36,0,09:30:00,10:00:00,10:35:00
SPY,20240628,D:\ThetaData\data_underlying_derived\SPY\2024\06\SPY_20240628.parquet,13488,aa134c3dbf787f22977edca1d4d41ecd903b2d8b50477044fa06f65434c800d6,66,36,0,09:30:00,10:00:00,10:35:00
SPY,20240701,D:\ThetaData\data_underlying_derived\SPY\2024\07\SPY_20240701.parquet,12273,830b62b8980d317eb8a89b92f2f756ccd37215b1e3ed119143b47b606cffd4aa,66,36,0,09:30:00,10:00:00,10:35:00
SPY,20240702,D:\ThetaData\data_underlying_derived\SPY\2024\07\SPY_20240702.parquet,12698,ebb4238ce5206cb81afd5c929dcccaaee3e567430a10353484d3b9d2b4413dcf,66,36,0,09:30:00,10:00:00,10:35:00
SPY,20240705,D:\ThetaData\data_underlying_derived\SPY\2024\07\SPY_20240705.parquet,12631,892b14d745381a81b934d0ff3428edc092e54e567a40db649264adf2e3431801,66,36,0,09:30:00,10:00:00,10:35:00
SPY,20240708,D:\ThetaData\data_underlying_derived\SPY\2024\07\SPY_20240708.parquet,11548,8364bea15625dc748f32b7d38670a052c3e08da6e6a67853dd4ed2d644f0644e,66,36,0,09:30:00,10:00:00,10:35:00
SPY,20240709,D:\ThetaData\data_underlying_derived\SPY\2024\07\SPY_20240709.parquet,11194,27034f8a36c083d5b1ef188f3c721631c4c1e65b45917f2058ed2403b9f24068,66,36,0,09:30:00,10:00:00,10:35:00
SPY,20240710,D:\ThetaData\data_underlying_derived\SPY\2024\07\SPY_20240710.parquet,12780,c22b883fa83ee13563e290c17bcb7b576668c53471997c21f06f7070110640ac,66,36,0,09:30:00,10:00:00,10:35:00
SPY,20240711,D:\ThetaData\data_underlying_derived\SPY\2024\07\SPY_20240711.parquet,12912,6fd4ea1b626f39f2fea0f2f4282e7efb4620eefe4c09a63bf74dcd2df70e693d,66,36,0,09:30:00,10:00:00,10:35:00
SPY,20240712,D:\ThetaData\data_underlying_derived\SPY\2024\07\SPY_20240712.parquet,13195,4efe55fe99ec4eabaea6411b62f0ee4d04ac9d3c18dadb7e2030dcebe80dd924,66,36,0,09:30:00,10:00:00,10:35:00
SPY,20240715,D:\ThetaData\data_underlying_derived\SPY\2024\07\SPY_20240715.parquet,13006,8eed3af353539fe648e0f4bb71e600f4658b1a85ed4d0303c170f67c55b81dbd,66,36,0,09:30:00,10:00:00,10:35:00
SPY,20240716,D:\ThetaData\data_underlying_derived\SPY\2024\07\SPY_20240716.parquet,12159,7ba2da4558bf929919b883a3a6c660b8420cba28722aecbe135082482108db78,66,36,0,09:30:00,10:00:00,10:35:00
SPY,20240717,D:\ThetaData\data_underlying_derived\SPY\2024\07\SPY_20240717.parquet,12359,ef25a4cbb3a2bd9210f99c1f04de82d8ee130dd7a698d199f9f64d02a9dd482a,66,36,0,09:30:00,10:00:00,10:35:00
SPY,20240718,D:\ThetaData\data_underlying_derived\SPY\2024\07\SPY_20240718.parquet,14020,a726ebc3f12211702ca57a5a88e70e2d52f1287e09a58153028e4d5ece12e70d,66,36,0,09:30:00,10:00:00,10:35:00
SPY,20240719,D:\ThetaData\data_underlying_derived\SPY\2024\07\SPY_20240719.parquet,13372,15761f1ec49807326c6a0c2aa259dd99b3bdeed80dcbee6aa23251188b5ab281,66,36,0,09:30:00,10:00:00,10:35:00
SPY,20240722,D:\ThetaData\data_underlying_derived\SPY\2024\07\SPY_20240722.parquet,13058,9ee5dd88312105140e305e81eaa87ba386f40b6ccbf37e05c1e7804ee53c5de6,66,36,0,09:30:00,10:00:00,10:35:00
SPY,20240723,D:\ThetaData\data_underlying_derived\SPY\2024\07\SPY_20240723.parquet,12163,90fd6e4adad47605c0f4fd0ff8fa1563c20fd35d64242421f6caede2cedb27c7,66,36,0,09:30:00,10:00:00,10:35:00
SPY,20240724,D:\ThetaData\data_underlying_derived\SPY\2024\07\SPY_20240724.parquet,13638,a49563b1d2b104cfa91fc8907741845c02bf58c613bbf08b6987fc6ed1f9fec3,66,36,0,09:30:00,10:00:00,10:35:00
SPY,20240725,D:\ThetaData\data_underlying_derived\SPY\2024\07\SPY_20240725.parquet,14302,2640d3f8068d76cd0c0ec603cb1437926795a9defe23f06dc9773ffaaa2d9489,66,36,0,09:30:00,10:00:00,10:35:00
SPY,20240726,D:\ThetaData\data_underlying_derived\SPY\2024\07\SPY_20240726.parquet,13668,1edccae34898f18f600e6869f398dd35ca7114eb63624edb56113acab80a4d1e,66,36,0,09:30:00,10:00:00,10:35:00
SPY,20240729,D:\ThetaData\data_underlying_derived\SPY\2024\07\SPY_20240729.parquet,12786,c70140ffcd6a259f864548681d7cb4bb37e82cf524aaa2618a351a0fa8ba4b8f,66,36,0,09:30:00,10:00:00,10:35:00
SPY,20240730,D:\ThetaData\data_underlying_derived\SPY\2024\07\SPY_20240730.parquet,13944,2aad15cda74606c2ce7d7d85cdd3ec9013e8c718892207b92bb2ae0bee1688cc,66,36,0,09:30:00,10:00:00,10:35:00
SPY,20240731,D:\ThetaData\data_underlying_derived\SPY\2024\07\SPY_20240731.parquet,12818,9bb94b597b189e00720bf07bcbfe688522ed9c076170c68d379a629cd9be05d1,66,36,0,09:30:00,10:00:00,10:35:00
SPY,20240801,D:\ThetaData\data_underlying_derived\SPY\2024\08\SPY_20240801.parquet,14910,59af98c51fa71d532df7a7925d8b1f64b623960ebcfa3b11514c7c912c6a2f5d,66,36,0,09:30:00,10:00:00,10:35:00
SPY,20240802,D:\ThetaData\data_underlying_derived\SPY\2024\08\SPY_20240802.parquet,13692,7d72b8ec1fb84c561028843c7747339738ec24e884576c9a66fcd35dd1bbbcb8,66,36,0,09:30:00,10:00:00,10:35:00
SPY,20240805,D:\ThetaData\data_underlying_derived\SPY\2024\08\SPY_20240805.parquet,14206,5547ff9febd8ff93733761959051c2f5beddb624aaac1f5d73d34327e586d33d,66,36,0,09:30:00,10:00:00,10:35:00
SPY,20240806,D:\ThetaData\data_underlying_derived\SPY\2024\08\SPY_20240806.parquet,14076,0901b18625cc3afad2a738263715e7043a36cf77220878c3afaad946553e46a8,66,36,0,09:30:00,10:00:00,10:35:00
SPY,20240807,D:\ThetaData\data_underlying_derived\SPY\2024\08\SPY_20240807.parquet,14719,caaee1205498021123ebd42fb6733987424071647ad6bd8105accf3c0febbeb2,66,36,0,09:30:00,10:00:00,10:35:00
SPY,20240808,D:\ThetaData\data_underlying_derived\SPY\2024\08\SPY_20240808.parquet,13758,286c5551da3f9914cc5b2a27172fc357e12c47a7b8189bafc9a30bd0073a41f1,66,36,0,09:30:00,10:00:00,10:35:00
SPY,20240809,D:\ThetaData\data_underlying_derived\SPY\2024\08\SPY_20240809.parquet,13432,906aa64db565a032d5e78bae4d332c43feea24cdc6ca22c33e8302cfff199fe3,66,36,0,09:30:00,10:00:00,10:35:00
SPY,20240812,D:\ThetaData\data_underlying_derived\SPY\2024\08\SPY_20240812.parquet,12949,1d60d6b644bc311f8c69d54446753be120c3e14368dc6d6591a52353d81b0f8a,66,36,0,09:30:00,10:00:00,10:35:00
SPY,20240813,D:\ThetaData\data_underlying_derived\SPY\2024\08\SPY_20240813.parquet,13105,57f7d931994baacf7fad962af3672398fea792325946d916c48db8d6c0b5b79c,66,36,0,09:30:00,10:00:00,10:35:00
SPY,20240814,D:\ThetaData\data_underlying_derived\SPY\2024\08\SPY_20240814.parquet,13014,44b0f4cdfefc893268b1a577e3901e75b81e1a9d82f39e5ac34647b38a43c3c9,66,36,0,09:30:00,10:00:00,10:35:00
SPY,20240815,D:\ThetaData\data_underlying_derived\SPY\2024\08\SPY_20240815.parquet,12785,5f57baed37712a6a302ab48bbea4992af7bf917aab56c150cdcda8647676ba37,66,36,0,09:30:00,10:00:00,10:35:00
SPY,20240816,D:\ThetaData\data_underlying_derived\SPY\2024\08\SPY_20240816.parquet,12366,46838714b26654d99815e17003bfe88e810566f0f9a04de7ac753a9d96d3d5d2,66,36,0,09:30:00,10:00:00,10:35:00
SPY,20240819,D:\ThetaData\data_underlying_derived\SPY\2024\08\SPY_20240819.parquet,12910,3a11fcaf25e7befe56fad0d2b3b17636dbb4f507307da04226ddb5128bf28d34,66,36,0,09:30:00,10:00:00,10:35:00
SPY,20240820,D:\ThetaData\data_underlying_derived\SPY\2024\08\SPY_20240820.parquet,12177,0a5bce87fee8e96cd3bc236b1ab580a6095144b9a2bd72daf9b9f7fc1101f83e,66,36,0,09:30:00,10:00:00,10:35:00
SPY,20240821,D:\ThetaData\data_underlying_derived\SPY\2024\08\SPY_20240821.parquet,12278,07df49d71b1b9ccac51e725e56560fdb6c4add669a526c12459a37e35de22697,66,36,0,09:30:00,10:00:00,10:35:00
SPY,20240822,D:\ThetaData\data_underlying_derived\SPY\2024\08\SPY_20240822.parquet,13925,ce9febbce80c587a7a1b06f1d4f948ee9d5cc91fb2b14bdd7e307b65b78ede32,66,36,0,09:30:00,10:00:00,10:35:00
SPY,20240823,D:\ThetaData\data_underlying_derived\SPY\2024\08\SPY_20240823.parquet,13149,7440a4e25575c54dbe8e2bb0fe274a8b84ebd73fabfe87b90fbb275d7618977f,66,36,0,09:30:00,10:00:00,10:35:00
SPY,20240826,D:\ThetaData\data_underlying_derived\SPY\2024\08\SPY_20240826.parquet,12749,24869869bc42f2b3d12e137888e481d0f9026d0e469a3245d70d1347371d6bc8,66,36,0,09:30:00,10:00:00,10:35:00
SPY,20240827,D:\ThetaData\data_underlying_derived\SPY\2024\08\SPY_20240827.parquet,12338,a27beddf27ba729a785b915c431cf80ab93c49d6ebefad1c7bb4f18b55c323a6,66,36,0,09:30:00,10:00:00,10:35:00
SPY,20240828,D:\ThetaData\data_underlying_derived\SPY\2024\08\SPY_20240828.parquet,12998,04db30cba94ab0616df5161a144d75dc9a0a9ec4200e6b561ada77da1f396261,66,36,0,09:30:00,10:00:00,10:35:00
SPY,20240829,D:\ThetaData\data_underlying_derived\SPY\2024\08\SPY_20240829.parquet,13284,a392fb1c22e59b7a0fb4d47bfa725ba782c9e350c880186ff9d757655b920734,66,36,0,09:30:00,10:00:00,10:35:00
SPY,20240830,D:\ThetaData\data_underlying_derived\SPY\2024\08\SPY_20240830.parquet,13165,96edc7aae4908d6e68a814dd2f5f42845c02d0bdce5fbd72189ed3aecdc56316,66,36,0,09:30:00,10:00:00,10:35:00
SPY,20240903,D:\ThetaData\data_underlying_derived\SPY\2024\09\SPY_20240903.parquet,13864,0b6c63dd437ff8579dfdca48397db487be3547d187ed154d1d2ec5d162c2171c,66,36,0,09:30:00,10:00:00,10:35:00
SPY,20240904,D:\ThetaData\data_underlying_derived\SPY\2024\09\SPY_20240904.parquet,13084,58a2d2001fa997089abddfda0acb395c8e2ff5d222a4b82602e95fc8475c203d,66,36,0,09:30:00,10:00:00,10:35:00
SPY,20240905,D:\ThetaData\data_underlying_derived\SPY\2024\09\SPY_20240905.parquet,13670,8b4c24b75724d5f930ab01bf6068853148461507911cd76acf09c23654e7ab4f,66,36,0,09:30:00,10:00:00,10:35:00
SPY,20240906,D:\ThetaData\data_underlying_derived\SPY\2024\09\SPY_20240906.parquet,13665,1e8e2fac0afcc55af937a03194732d128e0ec8a96f35acd6cc4cf68bc60d98ef,66,36,0,09:30:00,10:00:00,10:35:00
SPY,20240909,D:\ThetaData\data_underlying_derived\SPY\2024\09\SPY_20240909.parquet,13257,6ab40d2b8ee1e5ebd7397135d111a92cc04327023d8c70ff05a495cc19798ccc,66,36,0,09:30:00,10:00:00,10:35:00
SPY,20240910,D:\ThetaData\data_underlying_derived\SPY\2024\09\SPY_20240910.parquet,13408,0626e69aa5caf3ad8491a9b9f1e38603cc17f7699f5224827480bc2be1e59a8d,66,36,0,09:30:00,10:00:00,10:35:00
SPY,20240911,D:\ThetaData\data_underlying_derived\SPY\2024\09\SPY_20240911.parquet,14912,6fffcf461fb27d67e366c62d6c17d9fa204fc92831656660d60274492f3858e1,66,36,0,09:30:00,10:00:00,10:35:00
SPY,20240912,D:\ThetaData\data_underlying_derived\SPY\2024\09\SPY_20240912.parquet,13183,1f8dcdb88ccf29a8edc276a26de76848bea2c88819db80bd65f20c2a990fd0b4,66,36,0,09:30:00,10:00:00,10:35:00
SPY,20240913,D:\ThetaData\data_underlying_derived\SPY\2024\09\SPY_20240913.parquet,12260,145cf978af9aa3b9f253385050377181da95f3d7ec7f01d9dc44b5f25991beb6,66,36,0,09:30:00,10:00:00,10:35:00
SPY,20240916,D:\ThetaData\data_underlying_derived\SPY\2024\09\SPY_20240916.parquet,12164,68a342530ac764d16fee0bce6a2567dbbcf3220e11201e3ca5ac54633d9ae8c2,66,36,0,09:30:00,10:00:00,10:35:00
SPY,20240917,D:\ThetaData\data_underlying_derived\SPY\2024\09\SPY_20240917.parquet,13214,b03802244df5aad5c0c1b6605ea4a399123a39ffac99b095fbbe6cee8731d5ed,66,36,0,09:30:00,10:00:00,10:35:00
SPY,20240918,D:\ThetaData\data_underlying_derived\SPY\2024\09\SPY_20240918.parquet,12889,725e17a0f9ce9d0f5ef4442a4d6da601ad8912e780da9502f0ec311c1a02bc6e,66,36,0,09:30:00,10:00:00,10:35:00
SPY,20240919,D:\ThetaData\data_underlying_derived\SPY\2024\09\SPY_20240919.parquet,12828,e90a3d40e60787307358e4fa05fd885f09fa31e9ec2b95631bbb837cfa019a90,66,36,0,09:30:00,10:00:00,10:35:00
SPY,20240920,D:\ThetaData\data_underlying_derived\SPY\2024\09\SPY_20240920.parquet,12622,7d3a884ce06a220a2ec3012b8570ef249b674cec851c0956812ed6156c129336,66,36,0,09:30:00,10:00:00,10:35:00
SPY,20240923,D:\ThetaData\data_underlying_derived\SPY\2024\09\SPY_20240923.parquet,11638,ec96f69518550db36fc655cacbd149f01db96f1db80f0fbf85ea23dcd5de080a,66,36,0,09:30:00,10:00:00,10:35:00
SPY,20240924,D:\ThetaData\data_underlying_derived\SPY\2024\09\SPY_20240924.parquet,12135,5307bf6064a8fab313121aae7b208044e6e6e35f192406fc66e0ea7fd17eca68,66,36,0,09:30:00,10:00:00,10:35:00
SPY,20240925,D:\ThetaData\data_underlying_derived\SPY\2024\09\SPY_20240925.parquet,12275,b4e952adaacb77765a30f4f2dec3205e3ed82735fe480add508c87fb59b981b2,66,36,0,09:30:00,10:00:00,10:35:00
SPY,20240926,D:\ThetaData\data_underlying_derived\SPY\2024\09\SPY_20240926.parquet,12576,9e1f07fbde1469033b1be37455d088de1a44cb42eb0d438130b650fd9cff56af,66,36,0,09:30:00,10:00:00,10:35:00
SPY,20240927,D:\ThetaData\data_underlying_derived\SPY\2024\09\SPY_20240927.parquet,12381,79852d3db4cd6a35ffd00de7489ee0ed2bd5afbd584c630f8d6df587be943330,66,36,0,09:30:00,10:00:00,10:35:00
SPY,20240930,D:\ThetaData\data_underlying_derived\SPY\2024\09\SPY_20240930.parquet,12187,0d91ad3202e373caccebc157752095ab5e283dddca2dc3ff77d891e2ab2f176b,66,36,0,09:30:00,10:00:00,10:35:00
SPY,20241001,D:\ThetaData\data_underlying_derived\SPY\2024\10\SPY_20241001.parquet,13403,9237a5cb3d48ea892f1a73e8046d896b37b488e5e255ef98ac19695e75c14e5d,66,36,0,09:30:00,10:00:00,10:35:00
SPY,20241002,D:\ThetaData\data_underlying_derived\SPY\2024\10\SPY_20241002.parquet,12392,5f60b5abcada3f2d0d43af0175e4ad234f0e51ace4a56c442f8b3573f9c94710,66,36,0,09:30:00,10:00:00,10:35:00
SPY,20241003,D:\ThetaData\data_underlying_derived\SPY\2024\10\SPY_20241003.parquet,12725,00f2de6e9be858222ea324f3a66fec8e8db3b5e3fd6048deedd85d9a3f2fc960,66,36,0,09:30:00,10:00:00,10:35:00
SPY,20241004,D:\ThetaData\data_underlying_derived\SPY\2024\10\SPY_20241004.parquet,13182,b9c20fdb3d46e798ba05e7193c773cbad678acf949614a97dfd190f28cca910f,66,36,0,09:30:00,10:00:00,10:35:00
SPY,20241007,D:\ThetaData\data_underlying_derived\SPY\2024\10\SPY_20241007.parquet,12922,8ae5e96fcdfd514a7ccbde40dbabada241bd2de0622464f82b7c18767a9ec17e,66,36,0,09:30:00,10:00:00,10:35:00
SPY,20241008,D:\ThetaData\data_underlying_derived\SPY\2024\10\SPY_20241008.parquet,12601,358cc98eba2fd8ddfda88b98c6f95fe7863eb4296cfcf92b6cb03279b5621688,66,36,0,09:30:00,10:00:00,10:35:00
SPY,20241009,D:\ThetaData\data_underlying_derived\SPY\2024\10\SPY_20241009.parquet,12821,ebf5ff0fc44776a2f5f2e69dd41ad66a0a55c09bd4b34e853078e264eb24fd55,66,36,0,09:30:00,10:00:00,10:35:00
SPY,20241010,D:\ThetaData\data_underlying_derived\SPY\2024\10\SPY_20241010.parquet,12357,97e10a091461e9953fb1745b23d094f0054102ce834cd2d9118c1ca67ab005ca,66,36,0,09:30:00,10:00:00,10:35:00
SPY,20241011,D:\ThetaData\data_underlying_derived\SPY\2024\10\SPY_20241011.parquet,12285,f7564e968bdfadb8e5f4ef6093a78885708c1b6e5ab6c35fe4bf5a852a33bada,66,36,0,09:30:00,10:00:00,10:35:00
SPY,20241014,D:\ThetaData\data_underlying_derived\SPY\2024\10\SPY_20241014.parquet,12208,b12846e6e5650dc5475f27c3949e47ba102827a48c300b84014baef0f77fcbb6,66,36,0,09:30:00,10:00:00,10:35:00
SPY,20241015,D:\ThetaData\data_underlying_derived\SPY\2024\10\SPY_20241015.parquet,13502,d70fba2bcd2810a23becfe8adf43b1e3a40d675f01b7be5e10e6269c5b3ececc,66,36,0,09:30:00,10:00:00,10:35:00
SPY,20241016,D:\ThetaData\data_underlying_derived\SPY\2024\10\SPY_20241016.parquet,12680,18ae2fa1747b1702b868d81aefa7e56c7664f2b68f109c3e92bb8964d9150265,66,36,0,09:30:00,10:00:00,10:35:00
SPY,20241017,D:\ThetaData\data_underlying_derived\SPY\2024\10\SPY_20241017.parquet,12287,8f7b4135924db844ec94cc75b005f4b50e267bd5d8e3850d9a9a2ff9a0a64b3c,66,36,0,09:30:00,10:00:00,10:35:00
SPY,20241018,D:\ThetaData\data_underlying_derived\SPY\2024\10\SPY_20241018.parquet,12176,338dbd1077b3e3d85a4f824127300a7de188b7b128603c485d71fe700deb2a85,66,36,0,09:30:00,10:00:00,10:35:00
SPY,20241021,D:\ThetaData\data_underlying_derived\SPY\2024\10\SPY_20241021.parquet,12647,73c93264079bbc503727d60c9a2612f560d8fb5d316024118eb3caa51f3698eb,66,36,0,09:30:00,10:00:00,10:35:00
SPY,20241022,D:\ThetaData\data_underlying_derived\SPY\2024\10\SPY_20241022.parquet,12629,ca7d29c1a8a0be5e064433bed10045abead700a99e7e99f7167d6bec8a7a3ead,66,36,0,09:30:00,10:00:00,10:35:00
SPY,20241023,D:\ThetaData\data_underlying_derived\SPY\2024\10\SPY_20241023.parquet,14003,e02ebec15533dd1b9654e576a660ba0869f231e0baee7f23f45b0f797a44e5fd,66,36,0,09:30:00,10:00:00,10:35:00
SPY,20241024,D:\ThetaData\data_underlying_derived\SPY\2024\10\SPY_20241024.parquet,12020,f06780429040e7eab17a591d5bad0eb42a53f19b3d8f65ebdcc688b6d2f411a5,66,36,0,09:30:00,10:00:00,10:35:00
SPY,20241025,D:\ThetaData\data_underlying_derived\SPY\2024\10\SPY_20241025.parquet,13563,e02b66476cade4c08e77087c81a09f7cfa95efe50537a72cfa39b6a3ffdef6e2,66,36,0,09:30:00,10:00:00,10:35:00
SPY,20241028,D:\ThetaData\data_underlying_derived\SPY\2024\10\SPY_20241028.parquet,11488,353dc95650e3be28bc8e3bbfd28011536a6661c9abf72cf05e8889cede47fc95,66,36,0,09:30:00,10:00:00,10:35:00
SPY,20241029,D:\ThetaData\data_underlying_derived\SPY\2024\10\SPY_20241029.parquet,12632,794d287c0335a5e42695aa4832c81c2b1383db9895ab9a837ce4be57875c3f28,66,36,0,09:30:00,10:00:00,10:35:00
SPY,20241030,D:\ThetaData\data_underlying_derived\SPY\2024\10\SPY_20241030.parquet,12721,6cc252b1f00cb68e2c70a6fa331899a55f0cb4bd81d2de4fd2d22b9c69325d69,66,36,0,09:30:00,10:00:00,10:35:00
SPY,20241031,D:\ThetaData\data_underlying_derived\SPY\2024\10\SPY_20241031.parquet,12704,796a591fc4f9e3b5c563469fe7db0d1c98612f569054d1650df636c1338c5272,66,36,0,09:30:00,10:00:00,10:35:00
SPY,20241101,D:\ThetaData\data_underlying_derived\SPY\2024\11\SPY_20241101.parquet,13281,b4bbcc3fb8c51a8634b8cddac027dc0659a6ed45c9c048e0b9a2587822e9ea3a,66,36,0,09:30:00,10:00:00,10:35:00
SPY,20241104,D:\ThetaData\data_underlying_derived\SPY\2024\11\SPY_20241104.parquet,12738,1b4fa9c7397ca52ea162b6b4ba556b03069c10679b9489f5b697a189a247a332,66,36,0,09:30:00,10:00:00,10:35:00
SPY,20241105,D:\ThetaData\data_underlying_derived\SPY\2024\11\SPY_20241105.parquet,12602,39b15cbaaed443a349661ae2674ac414b2c111f6c7fa3318865da29b3c165e48,66,36,0,09:30:00,10:00:00,10:35:00
SPY,20241106,D:\ThetaData\data_underlying_derived\SPY\2024\11\SPY_20241106.parquet,13453,73337b8eddf5b730a48eb74ddb36ecab4027f1892725199a1e8b2f3143f20c41,66,36,0,09:30:00,10:00:00,10:35:00
SPY,20241107,D:\ThetaData\data_underlying_derived\SPY\2024\11\SPY_20241107.parquet,12423,28b5e250671f87c91f6db4735262cff06bb54a7a70e371c3bc0930666665ef15,66,36,0,09:30:00,10:00:00,10:35:00
SPY,20241108,D:\ThetaData\data_underlying_derived\SPY\2024\11\SPY_20241108.parquet,12440,2c09ae980b619db9ef762a21980fa585e8fb291cc2b7de8beddf962cce9312f4,66,36,0,09:30:00,10:00:00,10:35:00
SPY,20241111,D:\ThetaData\data_underlying_derived\SPY\2024\11\SPY_20241111.parquet,12121,ba0d727e4dc745b46558733c73050e435482a532127480743c76a31592f07f05,66,36,0,09:30:00,10:00:00,10:35:00
SPY,20241112,D:\ThetaData\data_underlying_derived\SPY\2024\11\SPY_20241112.parquet,12906,55bbc4adc51e0dc5332250ef4719875520557487ad77a89477b286e397c52949,66,36,0,09:30:00,10:00:00,10:35:00
SPY,20241113,D:\ThetaData\data_underlying_derived\SPY\2024\11\SPY_20241113.parquet,12694,c0e45b2317995603e11c31aff00e1ea8041ca5f5c88b529980b365a9ce0fc3b5,66,36,0,09:30:00,10:00:00,10:35:00
SPY,20241114,D:\ThetaData\data_underlying_derived\SPY\2024\11\SPY_20241114.parquet,12970,6a42276c03982509f96d1491fc306205551241d670c066dcad696c2726ec34fe,66,36,0,09:30:00,10:00:00,10:35:00
SPY,20241115,D:\ThetaData\data_underlying_derived\SPY\2024\11\SPY_20241115.parquet,13099,4341f01ee2905a28f8a55213d046217a3b4b70013ae7367ead98288ec7923e88,66,36,0,09:30:00,10:00:00,10:35:00
SPY,20241118,D:\ThetaData\data_underlying_derived\SPY\2024\11\SPY_20241118.parquet,12231,2bc1402a2b109343dd7b72517ff24f0e5f0890030503c8fb2ae18b184b12c360,66,36,0,09:30:00,10:00:00,10:35:00
SPY,20241119,D:\ThetaData\data_underlying_derived\SPY\2024\11\SPY_20241119.parquet,13300,35851b2c7e873db4aab2849342c73553d9758d9a1f53788479284205b7d7d124,66,36,0,09:30:00,10:00:00,10:35:00
SPY,20241120,D:\ThetaData\data_underlying_derived\SPY\2024\11\SPY_20241120.parquet,12972,8a271376c78302cc9e4c5b7f4260bd17e6f5794dbfdf67cf3116bc1ee3bfa9d0,66,36,0,09:30:00,10:00:00,10:35:00
SPY,20241121,D:\ThetaData\data_underlying_derived\SPY\2024\11\SPY_20241121.parquet,13519,f96d6bfce290f6b49564b7adbfa362567aa4c58b9f02b057bd44af895e7716a0,66,36,0,09:30:00,10:00:00,10:35:00
SPY,20241122,D:\ThetaData\data_underlying_derived\SPY\2024\11\SPY_20241122.parquet,11956,b571c47d044088c1af0bd71423564a1d6cc087283fc9d68a47e69399d042d55d,66,36,0,09:30:00,10:00:00,10:35:00
SPY,20241125,D:\ThetaData\data_underlying_derived\SPY\2024\11\SPY_20241125.parquet,12715,6685d0e1307734b36aa579fe472a0a64c654a93068f14c12d92ca0d11401646a,66,36,0,09:30:00,10:00:00,10:35:00
SPY,20241126,D:\ThetaData\data_underlying_derived\SPY\2024\11\SPY_20241126.parquet,12216,d778bfbce1b39a0b28cabc212d21ffc9c5d3c7e32382eb14ba0ffdcaf30280b3,66,36,0,09:30:00,10:00:00,10:35:00
SPY,20241127,D:\ThetaData\data_underlying_derived\SPY\2024\11\SPY_20241127.parquet,12104,3b5be3a8cd23cd9d4b20e2e509f67b623a4c857e074bbe507a16a268d89f67f8,66,36,0,09:30:00,10:00:00,10:35:00
SPY,20241202,D:\ThetaData\data_underlying_derived\SPY\2024\12\SPY_20241202.parquet,11473,5c82771ecda3bfa96c751106eaf54d9498cec707e0dea71ae794c37a220222d0,66,36,0,09:30:00,10:00:00,10:35:00
SPY,20241203,D:\ThetaData\data_underlying_derived\SPY\2024\12\SPY_20241203.parquet,11645,cce73c2806527ee9897e3ec18b24603a26245f9ae31ff8402736e57a31dc1109,66,36,0,09:30:00,10:00:00,10:35:00
SPY,20241204,D:\ThetaData\data_underlying_derived\SPY\2024\12\SPY_20241204.parquet,11875,3e4a1649ec2ee67801d5d0f572ab27581e04034cebdecdc2d9ee17a375661893,66,36,0,09:30:00,10:00:00,10:35:00
SPY,20241205,D:\ThetaData\data_underlying_derived\SPY\2024\12\SPY_20241205.parquet,11706,1cfea6697e40663cf06ead5be4449e4bcdc1a66ba99997fe4c81d94fa0b60d5c,66,36,0,09:30:00,10:00:00,10:35:00
SPY,20241206,D:\ThetaData\data_underlying_derived\SPY\2024\12\SPY_20241206.parquet,11839,eab8f214d69fc7d216df39af99c289b6dcd5c9a39504831bfe401bc6048d2c44,66,36,0,09:30:00,10:00:00,10:35:00
SPY,20241209,D:\ThetaData\data_underlying_derived\SPY\2024\12\SPY_20241209.parquet,12492,38afdacefd294438eab2e67135bcf202dff23b1f0283ebb8981423001cee66d4,66,36,0,09:30:00,10:00:00,10:35:00
SPY,20241210,D:\ThetaData\data_underlying_derived\SPY\2024\12\SPY_20241210.parquet,12458,7f9c0f8c2c44ea67989155463680ac87c6546c11c116d3dcfce65f05ba3b8085,66,36,0,09:30:00,10:00:00,10:35:00
SPY,20241211,D:\ThetaData\data_underlying_derived\SPY\2024\12\SPY_20241211.parquet,11926,d1ec74762c09bdf1b9c044256ed44c4cad8ce2fdf88f6b15fb56c77f58d5e17f,66,36,0,09:30:00,10:00:00,10:35:00
SPY,20241212,D:\ThetaData\data_underlying_derived\SPY\2024\12\SPY_20241212.parquet,12092,a66498d4ec5242686b002913d1dee4c4e548377bd6a68d4f5255666d70c69d5d,66,36,0,09:30:00,10:00:00,10:35:00
SPY,20241213,D:\ThetaData\data_underlying_derived\SPY\2024\12\SPY_20241213.parquet,12515,be049523aa96a7d7fd3254da68469d1ecc1606f4eac991b772e69a83e46a3814,66,36,0,09:30:00,10:00:00,10:35:00
SPY,20241216,D:\ThetaData\data_underlying_derived\SPY\2024\12\SPY_20241216.parquet,11762,461960612180ac7d99c7d5309f107c5fbffa03ce8ac4e3cbe1b0b705728c9eb0,66,36,0,09:30:00,10:00:00,10:35:00
SPY,20241217,D:\ThetaData\data_underlying_derived\SPY\2024\12\SPY_20241217.parquet,12019,0a6cb255ebc41bf3cacb69fa3ff4b39c86b4f04e40350dece44312e2b8397a6e,66,36,0,09:30:00,10:00:00,10:35:00
SPY,20241218,D:\ThetaData\data_underlying_derived\SPY\2024\12\SPY_20241218.parquet,13506,089f7897a905a7c01c443a53ee62a915b89cf9902b05ee00f208450233299cc5,66,36,0,09:30:00,10:00:00,10:35:00
SPY,20241219,D:\ThetaData\data_underlying_derived\SPY\2024\12\SPY_20241219.parquet,13216,815eee70abcf7280bb22a1976225282f158b703740ac4da454c922eeb68ab7f6,66,36,0,09:30:00,10:00:00,10:35:00
SPY,20241220,D:\ThetaData\data_underlying_derived\SPY\2024\12\SPY_20241220.parquet,14265,94f1007c3a8019480c12e35c6e1467eb9a6b7ffddf5616957630c0fcf52e6412,66,36,0,09:30:00,10:00:00,10:35:00
SPY,20241223,D:\ThetaData\data_underlying_derived\SPY\2024\12\SPY_20241223.parquet,13860,e74fa9370408bca108c317569fe961010157e65f60a4293dde76aad1a22f1d2f,66,36,0,09:30:00,10:00:00,10:35:00
SPY,20241226,D:\ThetaData\data_underlying_derived\SPY\2024\12\SPY_20241226.parquet,12334,abd336a1546b5e9ffee1ea29c53a885e34c02c36a5e9edb7689b031fa3fe59c1,66,36,0,09:30:00,10:00:00,10:35:00
SPY,20241227,D:\ThetaData\data_underlying_derived\SPY\2024\12\SPY_20241227.parquet,13702,de5ab48df9f225541b4d1fd45ed5659957dd42d4ed6ff32cd6e70fed596a57ae,66,36,0,09:30:00,10:00:00,10:35:00
SPY,20241230,D:\ThetaData\data_underlying_derived\SPY\2024\12\SPY_20241230.parquet,13693,05109df3a2f6ff13219d6e35b34f45322fab1583483b9da050ad56888dfde865,66,36,0,09:30:00,10:00:00,10:35:00
SPY,20241231,D:\ThetaData\data_underlying_derived\SPY\2024\12\SPY_20241231.parquet,13628,3d9bcb04e258ba9448e39b01d7a6fd1d3be9712d26eb77fd75bf056e552eece4,66,36,0,09:30:00,10:00:00,10:35:00
