tree
version=v4
num_class=1
num_tree_per_iteration=1
label_index=0
max_feature_idx=288
objective=regression_l1
feature_names=dte_days minute spot underlying_volume dist_ib_high_bps dist_ib_low_bps dist_fib_127_up_bps dist_fib_161_up_bps dist_fib_200_up_bps dist_fib_127_dn_bps dist_fib_161_dn_bps dist_fib_200_dn_bps nearest_level_abs_bps ib_range_bps ret_1m_bps ret_5m_bps ret_15m_bps ret_30m_bps call_d15_available call_d15_strike call_d15_strike_bps call_d15_abs_delta call_d15_iv call_d15_mid_bps call_d15_spread_pct call_d15_theta_over_mid call_d15_vega call_d15_oi call_d15_volume put_d15_available put_d15_strike put_d15_strike_bps put_d15_abs_delta put_d15_iv put_d15_mid_bps put_d15_spread_pct put_d15_theta_over_mid put_d15_vega put_d15_oi put_d15_volume call_d25_available call_d25_strike call_d25_strike_bps call_d25_abs_delta call_d25_iv call_d25_mid_bps call_d25_spread_pct call_d25_theta_over_mid call_d25_vega call_d25_oi call_d25_volume put_d25_available put_d25_strike put_d25_strike_bps put_d25_abs_delta put_d25_iv put_d25_mid_bps put_d25_spread_pct put_d25_theta_over_mid put_d25_vega put_d25_oi put_d25_volume call_d35_available call_d35_strike call_d35_strike_bps call_d35_abs_delta call_d35_iv call_d35_mid_bps call_d35_spread_pct call_d35_theta_over_mid call_d35_vega call_d35_oi call_d35_volume put_d35_available put_d35_strike put_d35_strike_bps put_d35_abs_delta put_d35_iv put_d35_mid_bps put_d35_spread_pct put_d35_theta_over_mid put_d35_vega put_d35_oi put_d35_volume call_d50_available call_d50_strike call_d50_strike_bps call_d50_abs_delta call_d50_iv call_d50_mid_bps call_d50_spread_pct call_d50_theta_over_mid call_d50_vega call_d50_oi call_d50_volume put_d50_available put_d50_strike put_d50_strike_bps put_d50_abs_delta put_d50_iv put_d50_mid_bps put_d50_spread_pct put_d50_theta_over_mid put_d50_vega put_d50_oi put_d50_volume call_d65_available call_d65_strike call_d65_strike_bps call_d65_abs_delta call_d65_iv call_d65_mid_bps call_d65_spread_pct call_d65_theta_over_mid call_d65_vega call_d65_oi call_d65_volume put_d65_available put_d65_strike put_d65_strike_bps put_d65_abs_delta put_d65_iv put_d65_mid_bps put_d65_spread_pct put_d65_theta_over_mid put_d65_vega put_d65_oi put_d65_volume call_d80_available call_d80_strike call_d80_strike_bps call_d80_abs_delta call_d80_iv call_d80_mid_bps call_d80_spread_pct call_d80_theta_over_mid call_d80_vega call_d80_oi call_d80_volume put_d80_available put_d80_strike put_d80_strike_bps put_d80_abs_delta put_d80_iv put_d80_mid_bps put_d80_spread_pct put_d80_theta_over_mid put_d80_vega put_d80_oi put_d80_volume phys_d15_iv_skew_put_minus_call phys_d15_iv_mean phys_d15_volume_skew_call_minus_put phys_d15_oi_skew_call_minus_put phys_d15_mid_skew_call_minus_put phys_d15_spread_mean phys_d15_theta_skew_call_minus_put phys_d15_vega_skew_call_minus_put phys_d15_abs_delta_gap phys_d15_liquidity_score phys_d25_iv_skew_put_minus_call phys_d25_iv_mean phys_d25_volume_skew_call_minus_put phys_d25_oi_skew_call_minus_put phys_d25_mid_skew_call_minus_put phys_d25_spread_mean phys_d25_theta_skew_call_minus_put phys_d25_vega_skew_call_minus_put phys_d25_abs_delta_gap phys_d25_liquidity_score phys_d35_iv_skew_put_minus_call phys_d35_iv_mean phys_d35_volume_skew_call_minus_put phys_d35_oi_skew_call_minus_put phys_d35_mid_skew_call_minus_put phys_d35_spread_mean phys_d35_theta_skew_call_minus_put phys_d35_vega_skew_call_minus_put phys_d35_abs_delta_gap phys_d35_liquidity_score phys_d50_iv_skew_put_minus_call phys_d50_iv_mean phys_d50_volume_skew_call_minus_put phys_d50_oi_skew_call_minus_put phys_d50_mid_skew_call_minus_put phys_d50_spread_mean phys_d50_theta_skew_call_minus_put phys_d50_vega_skew_call_minus_put phys_d50_abs_delta_gap phys_d50_liquidity_score phys_d65_iv_skew_put_minus_call phys_d65_iv_mean phys_d65_volume_skew_call_minus_put phys_d65_oi_skew_call_minus_put phys_d65_mid_skew_call_minus_put phys_d65_spread_mean phys_d65_theta_skew_call_minus_put phys_d65_vega_skew_call_minus_put phys_d65_abs_delta_gap phys_d65_liquidity_score phys_d80_iv_skew_put_minus_call phys_d80_iv_mean phys_d80_volume_skew_call_minus_put phys_d80_oi_skew_call_minus_put phys_d80_mid_skew_call_minus_put phys_d80_spread_mean phys_d80_theta_skew_call_minus_put phys_d80_vega_skew_call_minus_put phys_d80_abs_delta_gap phys_d80_liquidity_score phys_total_volume_skew_call_minus_put phys_total_oi_skew_call_minus_put phys_total_option_volume_log phys_total_option_oi_log phys_call_iv_slope_low_to_high phys_put_iv_slope_low_to_high phys_call_mid_slope_low_to_high phys_put_mid_slope_low_to_high phys_fib_up_min_abs_bps phys_fib_up_mean_signed_bps phys_fib_dn_min_abs_bps phys_fib_dn_mean_signed_bps phys_fib_any_min_abs_bps phys_ib_edge_min_abs_bps phys_ib_balance phys_nearest_level_vs_ib_range phys_momentum_accel_ret_1m_bps_minus_ret_5m_bps phys_abs_ret_1m_bps phys_momentum_accel_ret_5m_bps_minus_ret_15m_bps phys_abs_ret_5m_bps phys_momentum_accel_ret_15m_bps_minus_ret_30m_bps phys_abs_ret_15m_bps phys_abs_ret_30m_bps ctx_spx_spot ctx_spx_ret_1m_bps ctx_spx_ret_1m_bps_minus_self ctx_spx_ret_5m_bps ctx_spx_ret_5m_bps_minus_self ctx_spx_ret_15m_bps ctx_spx_ret_15m_bps_minus_self ctx_spx_ret_30m_bps ctx_spx_ret_30m_bps_minus_self ctx_spx_ib_range_bps ctx_spx_nearest_level_abs_bps ctx_spx_phys_d35_iv_skew_put_minus_call ctx_spx_phys_total_volume_skew_call_minus_put ctx_spx_phys_total_oi_skew_call_minus_put ctx_spy_spot ctx_spy_ret_1m_bps ctx_spy_ret_1m_bps_minus_self ctx_spy_ret_5m_bps ctx_spy_ret_5m_bps_minus_self ctx_spy_ret_15m_bps ctx_spy_ret_15m_bps_minus_self ctx_spy_ret_30m_bps ctx_spy_ret_30m_bps_minus_self ctx_spy_ib_range_bps ctx_spy_nearest_level_abs_bps ctx_spy_phys_d35_iv_skew_put_minus_call ctx_spy_phys_total_volume_skew_call_minus_put ctx_spy_phys_total_oi_skew_call_minus_put ctx_qqq_spot ctx_qqq_ret_1m_bps ctx_qqq_ret_1m_bps_minus_self ctx_qqq_ret_5m_bps ctx_qqq_ret_5m_bps_minus_self ctx_qqq_ret_15m_bps ctx_qqq_ret_15m_bps_minus_self ctx_qqq_ret_30m_bps ctx_qqq_ret_30m_bps_minus_self ctx_qqq_ib_range_bps ctx_qqq_nearest_level_abs_bps ctx_qqq_phys_d35_iv_skew_put_minus_call ctx_qqq_phys_total_volume_skew_call_minus_put ctx_qqq_phys_total_oi_skew_call_minus_put ctx_spy_qqq_ret_5m_spread ctx_spx_spy_ret_5m_spread ticker_QQQ ticker_SPXW ticker_SPY expiry_mode_zero_dte nearest_level_name_fib_127_dn nearest_level_name_fib_127_up nearest_level_name_fib_161_dn nearest_level_name_fib_161_up nearest_level_name_fib_200_dn nearest_level_name_fib_200_up nearest_level_name_ib_high nearest_level_name_ib_low
feature_infos=none [630:870] [415.8900146484375:571.91998291015625] none [-342.84690767259718:217.40638463366358] [-179.14344571546167:430.66677546474102] [-387.37424932493758:159.39955832761001] [-444.01564716210657:85.611463100058401] [-506.55036962973276:16.134504299212935] [-134.61610406312138:488.67360177079462] [-77.974706225952303:562.46169699834616] [-18.919010446593685:643.92716629581844] [0:19.992029724106196] [22.404684425704861:230.20206873305798] [-4.2769260868036341:6.2218051378737371] [-98.775731281454114:221.27525130073877] [-141.81834439515595:173.14052771771449] [-178.95654136909189:252.40845104624211] none [428:576] [13.575085199368786:328.89346408305539] [0.016300000250339508:0.23250000178813934] [0.056600000709295273:1.6018999814987183] [0.26978902369088864:23.083026149501642] [0:0.68456374120671482] [-34.937144106711685:-5.4937775565930371] [0.31619998812675476:3.9958999156951904] [1:38471] [0:9327] none [401:567] [-358.02770261325946:57.936063431400783] [0.037399999797344208:0.85460001230239868] [0.0068000000901520252:1.6949000358581543] [0.26978902369088864:61.894990044229559] [0:1.4133333248562281] [-28.96363750893223:-1.1221221222261877] [0.89230000972747803:4.0865001678466797] [1:53302] [0:4341] none [424:574] [2.1586514379623445:195.00312741141724] [0.016300000250339508:0.43869999051094055] [0.039999999105930328:1.555400013923645] [0.26978902369088864:45.302164316153757] [0:0.66666666666666663] [-34.937144106711685:-3.6559494622019972] [0.31619998812675476:5.0475997924804688] [0:38471] [0:6763] none [407:569] [-213.75879043290968:57.936063431400783] [0.039900001138448715:0.85460001230239868] [0.0068000000901520252:1.6155999898910522] [0.26978902369088864:61.894990044229559] [0:1.4014598417881672] [-26.374285449409971:-1.1221221222261877] [0.89230000972747803:4.8949999809265137] [1:53302] [0:5718] none [421:574] [-0.89898020081191632:125.03372466036389] [0.016300000250339508:0.53460001945495605] [0.037099998444318771:1.5321999788284302] [0.27969942156851324:66.844595288967824] [0:0.66666666666666663] [-34.937144106711685:-2.7616527569462561] [0.31619998812675476:5.4804000854492188] [0:38471] [0:6597] none [411:570] [-168.14404108000059:57.936063431400783] [0.039900001138448715:0.85460001230239868] [0.0068000000901520252:1.5664000511169434] [0.80906146957695657:76.94342097606642] [0:0.9629629978481693] [-26.374285449409971:-1.1221221222261877] [1.0782999992370605:5.5478000640869141] [0:41021] [0:5461] none [416:574] [-135.31407424506648:95.680358533236642] [0.072800002992153168:0.89980000257492065] [0.037099998444318771:1.5247000455856323] [2.0687917779146585:141.54894151970683] [0:1.2682926659070612] [-13.304186107051121:-0.59809026717823455] [1.3696000576019287:5.7164998054504395] [0:33049] [0:5318] none [416:574] [-87.678802774704408:95.680358533236642] [0.092000000178813934:0.8848000168800354] [0.0068000000901520252:1.6409000158309937] [0.80939623175301212:123.83081858122655] [0:1.0762886604019604] [-26.374285449409971:-0.42281687602238233] [1.3047000169754028:5.7164998054504395] [1:42953] [0:7316] none [411:570] [-135.31407424506648:0.1800349970459969] [0.49799999594688416:0.93900001049041748] [0.037099998444318771:1.5527000427246094] [2.7878199952260538:194.76302915038022] [0:1.2682926659070612] [-7.4753402267939437:-0.21501624526850194] [1.3696000576019287:5.5494999885559082] [0:33049] [0:4557] none [421:600] [-3.2362306834399224:1187.5594848378323] [0.36640000343322754:1] [0:2.8671000003814697] [0.80939623175301212:1187.8391268800851] [0:1.319292360823912] [-7.471034659588101:0] [0:5.4885001182556152] [0:42953] [0:4286] none [404:568] [-285.89324652308454:-3.5960482315988695] [0.71850001811981201:0.93900001049041748] [0.03020000085234642:1.6504000425338745] [4.5846817167506959:322.68146874452412] [0.0021118800984630988:0.6451138608992798] [-3.3559074924836008:-0.21501624526850194] [1.2670999765396118:4.5314998626708984] [0:50567] [0:3429] none [426:600] [7.3658011238086907:1187.5594848378323] [0.69129997491836548:1] [0:2.8671000003814697] [10.061265480231151:1187.8391268800851] [0:0.86627902161468917] [-3.6241958010070183:0] [0:4.5559000968933105] [0:42953] [0:5090] [-0.16049998998641968:0.33010005950927734] [0.038549999007955194:1.6381500363349915] [-0.99999999990909094:0.99999999999677425] [-0.99876460596075056:0.99921476246525354] [-0.98556998561623332:0.58064516022061596] [0:1.0489485330314714] [-27.093430677076551:8.4526876595932965] [-0.77140792166654548:0.49266705642632558] [-0.79680001363158226:0.13090001046657562] [8.7129244351201098:18.954626802645819] [-0.088299989700317383:0.30959998816251755] [0.038549999007955194:1.5742499828338623] [-0.99999999998684208:0.99999999994444444] [-0.99999999999962408:0.99834847233608726] [-0.98556998561622899:0.76923077055508149] [0:0.71959787258292163] [-18.775844864037133:8.2542028277631658] [-0.77140792166654548:0.59859110362132795] [-0.74240002781152725:0.34379999712109566] [8.4100533158583346:19.251719802014321] [-0.064399998169392347:0.30959998816251755] [0.038049999624490738:1.541450023651123] [-0.99999999998387101:0.99999999999609379] [-0.99999999999980582:0.99999999999969102] [-0.90000000077043552:0.70491803105654438] [0:0.76085487763496784] [-18.775844864037133:9.4340739225278298] [-0.77140792166654548:0.25871800879998574] [-0.44910001754760742:0.29580000042915344] [8.4100533158583346:18.65210892277419] [-0.58419999480247498:0.58490002155303955] [0.038049999624490738:1.5284000039100647] [-0.99999999996428568:0.99999999999663303] [-0.99999999999978451:0.9996670551022141] [-0.95693367960563736:0.97532467549317037] [0:1.0672858437608752] [-11.209183440120663:25.074724003660602] [-0.3500052123201674:0.2630769928432769] [-0.81200001388788223:0.80659998208284378] [8.4100533158583346:19.134658963987832] [-0.39009999809786677:2.6098000109195709] [0.038049999624490738:1.5621999949216843] [-0.99999999999346412:0.99999999999897748] [-0.99999999999986533:0.9999999999997975] [-0.95114854426338602:0.95704057185877678] [0.0010833967523308321:1.0672858437608752] [-4.9777476472628628:4.73688964769687] [-0.53410324585736801:0.99999999954775687] [-0.27730000019073486:0.39829999208450317] [7.2682230211595655:18.136695004968487] [-0.80329998955130577:2.6098000109195709] [0.073950000107288361:1.6022499799728394] [-0.99999999999892242:0.99999999999925926] [-0.99999999999995537:0.99999999999986122] [-0.95114854426338602:0.83376399571273796] [0.0010833967523308321:0.7083072878805341] [-2.7093930823931616:2.2605711163040243] [-0.3889192202216083:0.99999999954775687] [-0.25050002336502075:0.16719996929168701] [7.007600613951853:17.706022858161333] [-0.99999999997777789:0.99999999993749999] [-0.99615698359465255:0.99496010079796215] [0:10.261616438987998] [8.5475283912123103:12.156934920968625] [-0.20469999313354492:0.96100000292062759] [-0.4863000214099884:2.6210999935865402] [4.1352031318437099:299.5984425950225] [0:1183.0844141879397] [0:387.37424932493758] [-445.98008870559232:83.052338410084857] [0.003155377261342374:488.67360177079462] [-76.010264682466598:565.02082168831976] [0:73.524526550191965] [0:217.40638463366358] [-0.99999999999808431:0.99999999999845701] [0:0.59089332776625836] [-215.05344616286504:94.498805194650487] [0:6.2218051378737371] [-102.50886764741728:121.16325143833652] [0:221.27525130073877] [-138.58513481511125:141.02724670147614] [0:173.14052771771449] [0:252.40845104624211] [4949.68017578125:6407.91015625] [-2.370533949718201:2.2748954839335589] [-5.4961077557313942:3.0182869066319729] [-86.164022892891708:204.48988922511901] [-16.785362075619759:18.237638874305517] [-121.10209134795102:152.56680568032976] [-29.609075498207012:31.095139725696441] [-119.72864146067796:220.20286059988959] [-34.698620381983233:39.359383285396689] [12.151458812678843:218.56023810844979] [0:19.961732902137609] [-0.05970001220703125:0.42890000343322754] [-0.80475272960770405:0.91429083736759642] [-0.99874658668693772:0.98464608204535209] [493.239990234375:638.82000732421875] [-4.2088780357041333:4.2088377651872122] [-6.0266030853006747:1.1886852087039657] [-90.079839600845091:210.66438107900433] [-12.402653611096603:17.695654638598675] [-124.21748425187617:157.06999331462691] [-29.81552987578295:31.767923315878519] [-121.76594169389764:223.89657086275605] [-36.000701864213895:40.415278928496178] [11.439976778911902:204.15978035064896] [0:19.842662355501755] [-0.10009999945759773:0.261199951171875] [-0.8705973422783595:0.92885375493704014] [-0.98923333952104886:0.99058536059505076] [415.8900146484375:571.91998291015625] [-4.2769260868036341:6.2218051378737371] none [-98.775731281454114:221.27525130073877] none [-141.81834439515595:173.14052771771449] none [-178.95654136909189:252.40845104624211] none [22.404684425704861:230.20206873305798] [0:19.992029724106196] [-0.064399998169392347:0.30959998816251755] [-0.99999999997777789:0.99999999993749999] [-0.99615698359465255:0.99496010079796215] [-12.402653611096603:17.695654638598675] [-6.1744918538853142:4.6372740988187555] none none none none [0:1] [0:1] [0:1] [0:1] [0:1] [0:1] [0:1] [0:1]
tree_sizes=2801 2907 2914 2898 2890 2895 2908 2900 2900 2897 2894 2905 2910 2899 2892 2897 2897 2886 2891 2879 2891 2878 2895 2898 2870 2879 2894 2903 2889 2894 2890 2875 2914 2932 2909 2896 2904 2913 2917 2903 2907 2907 2896 2914 2927 2924 2921 2896 2896 2931 2904 2925 2898 2923 2913 2947 2910 2928 2900 2935 2925 2938 2902 2911 2953 2924 2932 2931 2939 2935 2938 2932 2942 2941 2946 2913 2948 2926 2950 2954 2935 2907 2948 2933 2949 2943 2936 2920 2937 2940 2921 2925 2966 2920 2935 2925 2919 2924 2948 2925 2965 2946 2936 2947 2932 2937 2944 2934 2932 2933 2935 2943 2935 2963 2943 2950 2943 2955 2927 2946 2950 2956 2934 2932 2961 2954 2945 2938 2959 2944 2939 2934 2943 2950 2927 2971 2925 2917 2930 2956 2940 2909 2942 2936 2947 2942 2967 2948 2912 2953 2958 2942 2960 2951 2954 2917 2961 2938 2955 2950

Tree=0
num_leaves=31
num_cat=0
split_feature=74 13 233 126 2 137 271 11 220 183 55 22 221 132 13 221 244 71 8 183 60 71 136 93 70 13 222 19 242 93
split_gain=82.4512 85.6092 79.11 75.2153 70.3703 54.9422 50.8452 50.244 65.7334 46.1704 44.9683 75.1163 47.4558 39.9231 53.2586 37.684 34.4815 32.9706 34.0052 39.6047 31.7255 29.3678 28.3072 24.5668 22.5876 36.1044 22.4956 22.7072 22.3671 22.2017
threshold=520.50000000000011 56.909335072206922 6381.1950683593759 67.000000000000014 536.31500244140636 2685.0000000000005 11.914212919548747 68.292419992413713 69.744615757690767 0.086106254427742654 0.33025000989437109 0.37034998834133154 141.23450826320951 0.32055000960826879 110.72688411661737 6.3601065560792085 0.0099999941885471361 5321.5000000000009 -90.852993562930195 0.55929274455267997 3947.5000000000005 779.00000000000011 2.9189499616622929 2624.5000000000005 4.6107997894287118 63.033646703239206 19.359269173258024 532.75000000000011 47.37640909271358 1682.0000000000002
decision_type=2 2 2 2 2 2 2 2 2 2 2 2 2 2 2 2 2 2 2 2 2 2 2 2 2 2 2 2 2 2
left_child=3 2 4 22 5 26 23 21 13 15 -10 12 20 -9 28 -6 -11 18 -13 -20 -12 -5 -1 -3 -25 -26 27 -2 -15 -16
right_child=1 6 -4 7 9 -7 -8 8 10 16 11 17 -14 14 29 -17 -18 -19 19 -21 -22 -23 -24 24 25 -27 -28 -29 -30 -31
leaf_value=-0.60164547950029368 -0.5724353332072496 -0.57692285820841793 -0.60192473530769353 -0.60120081394910807 -0.5723497343063354 -0.60152700841426854 -0.60104973614215851 -0.60158819556236265 -0.56721640378236771 -0.59651176407933237 -0.56360395044088363 -0.5668504976481199 -0.60182751178741456 -0.60127924323081972 -0.60118210524320603 -0.60158819556236265 -0.57102299071848395 -0.60133839637041087 -0.56764064475893972 -0.60156349748373028 -0.60136282846331601 -0.57066567748785024 -0.60104973614215851 -0.60171640276908878 -0.56896640211343763 -0.60143862396478653 -0.57089588761329646 -0.60161683753132822 -0.56763038083910944 -0.60210974141955376
leaf_weight=112 64 78 128 73 61 237 261 149 285 194 65 212 215 65 360 137 430 85 133 67 64 353 71 677 65 97 65 64 203 76
leaf_count=112 64 78 128 73 61 237 261 149 285 194 65 212 215 65 360 137 430 85 133 67 64 353 71 677 65 97 65 64 203 76
internal_value=-0.601088 -0.60554 -0.599622 -0.596688 -0.596911 -0.608329 -0.612449 -0.595032 -0.597401 -0.590931 -0.591866 -0.595999 -0.608509 -0.604718 -0.601187 -0.605571 -0.586287 -0.587353 -0.583294 -0.593917 -0.591946 -0.584197 -0.618029 -0.61631 -0.618049 -0.606118 -0.594547 -0.603193 -0.589037 -0.608707
internal_weight=5146 2558 1380 2588 1252 430 1178 2405 1979 822 1126 841 344 853 704 198 624 497 412 200 129 426 183 917 839 162 193 128 268 436
internal_count=5146 2558 1380 2588 1252 430 1178 2405 1979 822 1126 841 344 853 704 198 624 497 412 200 129 426 183 917 839 162 193 128 268 436
is_linear=0
shrinkage=1


Tree=1
num_leaves=31
num_cat=0
split_feature=74 270 129 126 129 137 12 11 9 219 211 33 52 132 270 104 133 8 27 27 136 22 243 270 173 213 222 92 219 93
split_gain=87.1953 77.0431 75.0653 72.0323 67.5979 53.5334 53.5275 50.3186 62.786 47.6518 41.8795 38.5382 60.0289 38.3242 47.8485 35.4499 34.9043 34.2932 30.7878 29.2396 28.3072 25.4266 23.8118 34.5901 23.2823 38.1654 27.7335 26.1637 23.2451 22.2017
threshold=520.50000000000011 56.909335072206922 565.50000000000011 67.000000000000014 533.50000000000011 2685.0000000000005 11.914212919548747 68.292419992413713 69.744615757690767 -32.891772378535919 -0.077576685170300225 0.34979999065399175 507.50000000000006 0.32055000960826879 110.72688411661737 1113.5000000000002 28.201028640845241 -94.128864510031136 2112.5000000000005 987.00000000000011 2.9189499616622929 0.36055000126361852 3.219584492561268 39.987350473716212 0.17400631831610719 10.913660121198765 12.535222375182022 4.634700059890748 -137.48587048137315 1682.0000000000002
decision_type=2 2 2 2 2 2 2 2 2 2 2 2 2 2 2 2 2 2 2 2 2 2 2 2 2 2 2 2 2 2
left_child=3 2 4 20 5 -2 24 19 13 11 17 -10 15 -9 28 -13 -12 -6 -17 -5 -1 -20 -18 -24 25 26 -3 -27 -15 -16
right_child=1 6 -4 7 10 -7 -8 8 9 -11 16 12 -14 14 29 18 22 -19 21 -21 -22 -23 23 -25 -26 27 -28 -29 -30 -31
leaf_value=-0.0005381524100899716 0.014575106479972602 0.034232004754245281 -0.00081941315531730737 -0.000189032582938673 0.026443960432708264 -0.00043778215348720402 3.6739930510520939e-05 -0.00048287340998649677 0.037034390531480318 -0.00012731349207460859 -0.0010141961593180889 0.036196725519001487 -0.00058053290955722232 0.034056250319629909 -9.099625200033158e-05 0.037909069708362227 0.030832139625214045 -0.0010096315443515786 -0.0003774782657623288 0.029636412067711358 3.6739930510520939e-05 0.026197297087311746 -0.00062277314066886747 0.029708026317879561 -0.00060659336447715657 -0.00097696232199668783 -0.00028862359523773085 0.0027267418563365949 0.0061714102484285846 -0.00098616516217589381
leaf_weight=112 195 64 144 64 64 229 261 149 195 358 65 159 114 103 360 78 300 103 91 362 71 131 105 175 595 135 62 61 165 76
leaf_count=112 195 64 144 64 64 229 261 149 195 358 65 159 114 103 360 78 300 103 91 362 71 131 105 175 595 135 62 61 165 76
internal_value=-0.000584353 -0.00516192 0.000454874 0.00394138 0.00327156 -0.00799534 -0.011716 0.00556224 0.00319304 0.00860301 0.00916769 0.0134929 0.00878028 -0.00395688 -0.000493653 0.0144073 0.0131923 -0.00630814 0.00711475 0.0164037 -0.0169415 0.00030837 0.0159145 0.00835088 -0.0156779 -0.00792049 0.00694656 -0.0174129 0.0110256 -0.00761905
internal_weight=5146 2558 1380 2588 1236 424 1178 2405 1979 1126 812 768 573 853 704 459 645 167 300 426 183 222 580 280 917 322 126 196 268 436
internal_count=5146 2558 1380 2588 1236 424 1178 2405 1979 1126 812 768 573 853 704 459 645 167 300 426 183 222 580 280 917 322 126 196 268 436
is_linear=0
shrinkage=0.035


Tree=2
num_leaves=31
num_cat=0
split_feature=74 270 129 129 126 12 137 11 9 219 211 71 104 132 270 233 133 219 27 136 243 270 173 213 222 124 214 219 143 70
split_gain=88.7538 74.2863 74.4228 68.2131 67.5172 52.6257 52.0104 48.5538 61.1624 47.6518 43.6665 41.7151 54.0393 39.1197 46.2335 37.1002 34.9043 30.2187 28.8053 25.9406 23.8118 34.5901 23.7021 37.0882 27.7335 27.5319 23.5849 23.2451 21.5759 19.2299
threshold=520.50000000000011 56.909335072206922 565.50000000000011 533.50000000000011 67.000000000000014 11.914212919548747 2685.0000000000005 68.292419992413713 69.744615757690767 -32.891772378535919 -0.077576685170300225 6128.5000000000009 1632.0000000000002 0.32055000960826879 110.72688411661737 5996.1298828125009 28.201028640845241 -77.938863811827247 987.00000000000011 2.9189499616622929 3.219584492561268 39.987350473716212 0.17400631831610719 10.913660121198765 12.535222375182022 -1.7686885219768198 0.053249999880790717 -137.48587048137315 0.35615000128746038 2.8994499444961552
decision_type=2 2 2 2 2 2 2 2 2 2 2 2 2 2 2 2 2 2 2 2 2 2 2 2 2 2 2 2 2 2
left_child=4 2 3 6 19 22 26 18 13 11 17 15 -13 -9 27 -10 -12 -5 -6 -1 -18 -22 23 24 -3 -25 -2 -15 -29 -16
right_child=1 5 -4 10 7 -7 -8 8 9 -11 16 12 -14 14 29 -17 20 -19 -20 -21 21 -23 -24 25 -26 -27 -28 28 -30 -31
leaf_value=-0.0005193170757368243 0.026511094023671002 0.033033884587846701 -0.00079073369488120169 0.02581902975960821 -0.00018241644253581937 3.5454032942651153e-05 -0.00042245977811515128 -0.0004659728406369679 0.031678267941886558 -0.00012285751985199685 -0.00097869929374195586 0.03219343007425219 -0.00099877651421725845 0.032864281558442864 0.029342908789642158 -0.0004634212770666957 0.029753014738331557 -0.00094974969461560153 0.028599137645341458 3.5454032942651153e-05 -0.00060097608074545842 0.028668245396753774 -0.00058536259672045796 -0.00097068911558389375 -0.00027852176940441014 -0.00015573251983523107 -0.00093081251977756641 0.037349928460467606 -0.00082070958594605348 -0.00025855899669416209
leaf_weight=112 126 64 144 63 64 261 229 149 569 358 65 61 75 103 98 63 300 104 362 71 105 175 595 115 62 81 69 70 95 338
leaf_count=112 126 64 144 63 64 261 229 149 569 358 65 61 75 103 98 63 300 104 362 71 105 175 595 115 62 81 69 70 95 338
internal_value=-0.000543584 -0.00516192 0.000353791 0.00315874 0.00402237 -0.0115976 -0.00815851 0.00559129 0.00326361 0.00860301 0.00908201 0.0134929 -0.00397163 -0.00379371 -0.000296192 0.0172527 0.0131923 -0.00671512 0.0162413 -0.0161968 0.0159145 0.00835088 -0.015526 -0.00770642 0.00694656 -0.0170647 0.005075 0.0110256 0.00267647 -0.00730159
internal_weight=5146 2558 1380 1236 2588 1178 424 2405 1979 1126 812 768 136 853 704 632 645 167 426 183 580 280 917 322 126 196 195 268 165 436
internal_count=5146 2558 1380 1236 2588 1178 424 2405 1979 1126 812 768 136 853 704 632 645 167 426 183 580 280 917 322 126 196 195 268 165 436
is_linear=0
shrinkage=0.035


Tree=3
num_leaves=31
num_cat=0
split_feature=107 129 129 242 60 10 82 13 12 153 11 243 170 8 137 141 34 213 71 121 183 287 1 193 38 150 200 93 71 137
split_gain=87.7897 88.7031 89.405 77.4201 68.1872 49.6079 57.272 56.719 47.7833 47.1634 43.2774 42.0747 41.1753 40.9508 37.7948 32.9038 32.7712 31.848 28.3455 50.8168 39.1165 26.2931 22.43 22.2155 21.4021 21.0144 20.6912 28.3846 20.0836 17.2994
threshold=524.89001464843761 533.50000000000011 565.50000000000011 38.544234824956909 328.50000000000006 110.62413894152559 11023.500000000002 41.70111511424831 14.743247357511416 -0.45863478320996887 63.160527131436424 2.9729788127758403 0.014900006353855135 -74.282381399182157 1313.5000000000002 22.791036562578309 5.8225987561751129 10.765617467800221 3524.0000000000005 0.25265000760555273 0.59335456032899447 1.0000000180025095e-35 747.50000000000011 -0.76846921005399615 9179.0000000000018 0.06154999881982804 -0.064250007271766649 2679.5000000000005 1513.0000000000002 3999.0000000000005
decision_type=2 2 2 2 2 2 2 2 2 2 2 2 2 2 2 2 2 2 2 2 2 2 2 2 2 2 2 2 2 2
left_child=4 8 3 5 28 6 7 11 14 21 25 -3 16 -5 -2 -9 17 -12 -14 -20 26 24 -13 -18 -6 -11 -21 -28 -1 -16
right_child=1 2 -4 13 9 -7 -8 15 -10 10 12 22 18 -15 29 -17 23 -19 19 20 -22 -23 -24 -25 -26 -27 27 -29 -30 -31
leaf_value=-0.00038369737447239765 0.0023727910721209936 0.029048694129558655 -0.00075127912447377719 0.025151860007336362 -0.00033148717012761208 -0.00050025734244972509 -0.00099434314164120741 0.00025567442188091844 0.012355927095839382 0.031525687000184544 -0.00097856587285798189 0.020028635897896441 0.028385127956571183 -0.001147638606421056 -0.00049977984938285984 0.03000525460252591 -0.0002837898753944124 0.025056325445475182 0.034383647765179708 -0.0010495962352026656 0.031255614169069176 0.028173441770341368 -0.001119532038234918 0.019559638385429644 0.022927488325954346 0.023887435367732534 0.032815059898052654 -0.00059394856341832346 -0.00030724994719960098 -0.00079144623789451757
leaf_weight=109 128 153 176 87 286 74 89 66 112 174 178 93 767 117 451 326 82 65 112 105 75 67 97 148 116 113 60 205 153 362
leaf_count=109 128 153 176 87 286 74 89 66 112 174 178 93 767 117 451 326 82 65 112 105 75 67 97 148 116 113 60 205 153 362
internal_value=-0.000421277 -0.00543878 0.000763835 0.00448961 0.00373582 0.00891473 0.0113993 0.0146149 -0.0129348 0.00548671 0.00774055 0.00412356 0.0056909 -0.0147368 -0.0155021 0.0236272 -0.00314854 -0.011996 0.00884876 0.00280249 -0.00256667 -0.00450422 -0.00682051 0.00625532 -0.00791155 0.0202568 -0.00728 -0.00194444 -0.0131086 -0.0182702
internal_weight=5146 2331 1278 1102 2815 898 824 735 1053 2553 2084 343 1797 204 941 392 473 243 1324 557 445 469 190 230 402 287 370 265 262 813
internal_count=5146 2331 1278 1102 2815 898 824 735 1053 2553 2084 343 1797 204 941 392 473 243 1324 557 445 469 190 230 402 287 370 265 262 813
is_linear=0
shrinkage=0.035


Tree=4
num_leaves=31
num_cat=0
split_feature=107 129 129 242 7 13 213 224 160 8 203 137 13 213 242 163 143 2 5 33 93 222 44 288 71 233 256 242 213 71
split_gain=82.9277 85.0492 84.7319 74.9119 69.5935 54.9684 49.1449 47.3822 43.16 40.9508 38.4743 37.6902 37.5744 37.4498 37.0076 36.5119 38.1072 42.1924 69.8419 36.7952 34.9369 31.7817 29.3662 27.808 27.9993 38.2418 26.8038 33.3214 23.3417 28.7435
threshold=524.89001464843761 533.50000000000011 565.50000000000011 38.544234824956909 -33.641632259634427 110.72688411661737 11.011629244783025 0.99999999999044953 0.035100005567073829 -74.282381399182157 0.81992393009315967 2860.5000000000005 41.70111511424831 11.12187347897664 31.349683877799951 0.71898929217989549 0.26680000126361852 514.70501708984386 19.074839751916354 0.43574999272823339 7086.5000000000009 8.2868388622017672 0.24925000220537188 1.0000000180025095e-35 5572.0000000000009 5998.8300781250009 28.967654735739426 40.737581243362996 10.276222776707501 2901.0000000000005
decision_type=2 2 2 2 2 2 2 2 2 2 2 2 2 2 2 2 2 2 2 2 2 2 2 2 2 2 2 2 2 2
left_child=4 11 3 6 5 15 7 12 -7 -5 22 13 14 26 -3 16 -1 28 19 -19 -8 -22 -6 24 25 -10 -2 -28 -18 -30
right_child=1 2 -4 9 10 8 20 -9 23 -11 -12 -13 -14 -15 -16 -17 17 18 -20 -21 21 -23 -24 -25 -26 -27 27 -29 29 -31
leaf_value=0.031761985042416237 0.025940291090865805 -0.0011982481162614868 -0.0007249843551171937 0.024271544907079588 0.029178985024999469 -0.00021547174552710659 -0.00112145744319286 -0.00075569843745423642 0.029595664211154411 -0.0011074712551963179 -0.00079152735387107555 -0.00056562140456138058 0.029376980849301335 -0.00073258227001187567 0.031301223968656547 -0.00029649619904761676 -0.0005221397486635035 0.025325103500159714 -0.0014406810108493551 -0.00145764874465064 -0.00047189590917347095 0.028714470610365479 -0.00066445559806051528 -0.0010388635413017201 -0.00089850799512268054 -0.00045998067479730682 -0.0017291682506844442 0.0047371563197180612 0.032732879428429659 0.025718207768672084
leaf_weight=175 105 98 176 87 61 536 146 60 243 117 210 641 343 79 78 127 92 107 105 77 69 104 298 77 63 61 73 155 250 333
leaf_count=175 105 98 176 87 61 536 146 60 243 117 210 641 343 79 78 127 92 107 105 77 69 104 298 77 63 61 73 155 250 333
internal_value=-0.000652301 -0.00552868 0.000545596 0.00417344 0.0033883 0.00615726 0.00852713 0.0145634 -7.1066e-05 -0.0147368 -0.0075 -0.0128686 0.0179676 -0.00453237 0.00464088 0.0109599 0.0129414 0.0101135 -0.00107143 0.0118519 -0.00248457 0.0080618 -0.000480769 0.007951 0.0119489 0.0163107 0.000724852 -0.00600858 0.014875 0.0174405
internal_weight=5146 2331 1278 1102 2815 2246 898 579 980 204 569 1053 519 412 176 1266 1139 964 289 184 319 173 359 444 367 304 333 228 675 583
internal_count=5146 2331 1278 1102 2815 2246 898 579 980 204 569 1053 519 412 176 1266 1139 964 289 184 319 173 359 444 367 304 333 228 675 583
is_linear=0
shrinkage=0.035


Tree=5
num_leaves=31
num_cat=0
split_feature=74 219 85 233 242 221 8 11 13 60 137 8 213 104 71 2 225 104 33 49 203 49 141 242 260 203 143 223 41 22
split_gain=76.5773 65.9223 62.7601 78.2615 79.5409 55.8188 51.8789 59.0498 45.5952 54.2728 42.3258 40.3451 37.2397 36.9162 36.5062 47.2455 36.3001 33.0831 47.5253 54.3251 28.4293 28.2062 26.4582 26.1967 31.0637 25.5308 30.2296 23.2717 28.5413 26.5227
threshold=520.50000000000011 -35.553925570382212 535.50000000000011 6381.1950683593759 38.544234824956909 112.41687036880238 -210.75286722794246 85.829525395200292 41.70111511424831 9764.5000000000018 2464.0000000000005 -74.282381399182157 9.6871333990711843 922.50000000000011 6675.0000000000009 540.16497802734386 0.1426996906986395 1504.0000000000002 0.35615000128746038 4553.5000000000009 0.81992393009315967 4330.5000000000009 22.791036562578309 82.732806611955553 -0.29056826783908113 0.57939306625831188 0.45749999582767492 36.221418127452857 529.39001464843761 0.22384999692440036
decision_type=2 2 2 2 2 2 2 2 2 2 2 2 2 2 2 2 2 2 2 2 2 2 2 2 2 2 2 2 2 2
left_child=1 6 10 4 5 8 7 23 14 22 16 -6 -8 -14 15 -4 -2 -15 -19 -20 25 -17 -10 24 -1 26 -3 28 29 -12
right_child=2 20 3 -5 11 -7 12 -9 9 -11 27 -13 13 17 -16 21 -18 18 19 -21 -22 -23 -24 -25 -26 -27 -28 -29 -30 -31
leaf_value=-0.0010585717886346831 -0.00051876430502589897 -0.0013494747277198933 0.028957897456066691 -0.00067161449040626883 0.023422040835331802 -0.00072924899214333715 -0.00038499118173239872 -0.00036941198148343016 0.00046013600567983929 -0.00071138879377467444 0.029478669113923064 -0.0011698620578991065 0.031808986305416662 -0.0011153341599136942 0.030289133481761498 0.019131882013331433 0.023732860750881279 0.02959871245616854 0.023148741822269323 -0.0016382119492204849 -0.00059132061964855664 -0.0013672501976535385 0.028455034282681889 0.031920953647042533 0.030189559098947882 0.0269787493075321 0.029093454542595289 -0.0010612534465030904 -0.00050732990142310949 -0.00048543941344733393
leaf_weight=60 299 160 77 160 87 67 83 407 69 65 90 125 238 148 82 70 128 248 456 184 199 131 330 156 67 112 70 91 556 131
leaf_count=60 299 160 77 160 87 67 83 407 69 65 90 125 238 148 82 70 128 248 456 184 199 131 330 156 67 112 70 91 556 131
internal_value=-0.000407688 0.0038334 -0.00469762 0.000855678 0.00420126 0.00878906 0.00670322 -0.00110791 0.0113148 0.0185075 -0.0100962 -0.0148387 0.0106645 0.0121501 0.00191781 -0.00420495 -0.00105324 0.0092123 0.0117581 0.00662016 -0.00698718 -0.0130825 0.0233045 0.011059 -0.000795455 -0.000806916 -0.00744681 -0.0145132 -0.0123977 -0.00170354
internal_weight=5146 2588 2558 1263 1103 891 2047 690 824 464 1295 212 1357 1274 360 278 427 1036 888 640 541 201 399 283 127 342 230 868 777 221
internal_count=5146 2588 2558 1263 1103 891 2047 690 824 464 1295 212 1357 1274 360 278 427 1036 888 640 541 201 399 283 127 342 230 868 777 221
is_linear=0
shrinkage=0.035


Tree=6
num_leaves=31
num_cat=0
split_feature=74 13 260 219 27 213 10 8 82 2 85 225 104 27 44 129 104 80 37 203 126 126 183 115 240 223 49 126 219 203
split_gain=70.3577 65.0313 69.0978 64.6169 63.9373 56.3136 44.5413 48.9751 42.3832 70.9274 40.2841 38.1406 34.5851 30.0394 28.6319 41.6344 52.229 27.4571 26.9365 26.5722 25.3249 31.1553 24.9645 24.7539 26.723 24.7392 24.1108 26.4418 28.6536 24.0253
threshold=520.50000000000011 56.909335072206922 -0.070528329579578428 -35.553925570382212 816.50000000000011 11.011629244783025 8.4175716014706126 -230.63405784003427 3248.0000000000005 536.76501464843761 556.50000000000011 0.16889500379796707 2365.5000000000005 6189.0000000000009 0.26155000925064092 512.25000000000011 1569.0000000000002 -4.4891070528851031 1.9842000007629397 0.81992393009315967 2679.0000000000005 5353.0000000000009 -0.84208962240903917 2068.0000000000005 8.15823444119901 11.749149842603098 4553.5000000000009 1423.0000000000002 -124.47583266271793 0.57939306625831188
decision_type=2 2 2 2 2 2 2 2 2 2 2 2 2 2 2 2 2 2 2 2 2 2 2 2 2 2 2 2 2 2
left_child=3 2 -2 4 22 8 -6 18 9 -4 -11 23 -7 25 -9 26 -17 -13 -8 29 -18 -22 -1 -3 -25 -14 -16 -28 -29 -5
right_child=1 11 5 19 6 12 7 14 -10 10 -12 17 13 -15 15 16 20 -19 -20 -21 21 -23 -24 24 -26 -27 27 28 -30 -31
leaf_value=-1.4255914628825141e-05 -0.0012011028948448567 0.024117256343002023 -0.00063917712717772863 -0.00098355496845989689 0.032938060957322636 -0.00099750144253037587 0.028501156769246219 0.031455251411858773 0.025307117159118566 0.026406217742383404 -0.00095950336486324346 -0.00041243671139550855 0.030248367384098834 -0.00059267274112812917 0.025670930753307931 -0.0014169166664983516 0.011584809880048945 0.029904087471897121 -0.00070950047586639702 -0.00057062439796085886 -0.0023271573802094961 0.024242653526462685 -0.00052924490766705946 -0.00078555794486692958 -0.000144871107675284 -0.00027837650209888492 0.032749686778110264 0.024414981057358832 -0.0024935347577260025 0.02603449308176848
leaf_weight=150 137 64 176 230 124 75 117 192 295 197 138 148 70 217 581 76 115 71 223 199 74 63 104 646 249 75 63 73 92 112
leaf_count=150 137 64 176 230 124 75 117 192 295 197 138 148 70 217 581 76 115 71 223 199 74 63 104 646 249 75 63 73 92 112
internal_value=-0.00033974 -0.00445181 0.000707581 0.00372541 0.00656676 0.00333734 0.008896 0.00733871 0.00880395 0.00264535 0.0120441 -0.0104734 -0.00673077 -0.00209809 0.0103636 0.00818301 -0.00231231 0.00265625 -0.00446377 -0.00698718 0.00544747 -0.0046831 -0.00972973 -0.0134699 -0.0149722 0.0100333 0.0124263 0.00270386 -0.00473529 -0.00100865
internal_weight=5146 2558 1380 2588 2047 1243 1793 1669 806 511 335 1178 437 362 1329 1137 328 219 340 541 252 137 254 959 895 145 809 228 165 342
internal_count=5146 2558 1380 2588 2047 1243 1793 1669 806 511 335 1178 437 362 1329 1137 328 219 340 541 252 137 254 959 895 145 809 228 165 342
is_linear=0
shrinkage=0.035


Tree=7
num_leaves=31
num_cat=0
split_feature=74 219 129 129 242 27 10 13 60 93 10 8 137 260 8 27 224 2 121 256 121 2 260 37 243 141 70 183 163 37
split_gain=68.9549 63.1993 60.9108 71.3264 63.5746 60.0506 50.9557 48.1222 57.7871 49.112 47.4699 48.5452 40.3619 34.6415 33.8114 33.3313 36.9955 47.1575 49.5972 44.0796 29.3921 37.1831 48.3247 33.0007 28.951 28.7725 26.6339 26.5438 34.6154 25.6641
threshold=520.50000000000011 -34.397457719216227 533.50000000000011 565.50000000000011 38.544234824956909 779.00000000000011 110.62413894152559 41.70111511424831 10032.500000000002 5025.0000000000009 8.4175716014706126 -230.63405784003427 3970.5000000000005 0.90173752934945717 -74.282381399182157 5286.5000000000009 0.99999999999241551 527.57501220703136 0.2707000076770783 28.967654735739426 0.27464999258518225 515.29498291015636 0.15409034993318937 2.1657000780105595 3.9252159113990941 22.791036562578309 3.7361500263214116 0.59335456032899447 0.016111548400290134 1.8605499863624575
decision_type=2 2 2 2 2 2 2 2 2 2 2 2 2 2 2 2 2 2 2 2 2 2 2 2 2 2 2 2 2 2
left_child=1 5 12 4 6 26 7 9 25 -4 -7 29 15 20 -6 16 17 -2 19 -19 -13 27 23 -23 -11 -9 -1 28 -22 -12
right_child=2 -3 3 -5 14 10 -8 8 -10 24 11 13 -14 -15 -16 -17 -18 18 -20 -21 21 22 -24 -25 -26 -27 -28 -29 -30 -31
leaf_value=-0.0007707953296152998 0.030052341917117861 -0.0004683335648669363 -0.0012288025792229031 -0.00066055324481873129 0.022616704690994031 0.032529376924026715 -0.00068616383783780548 0.00043895841689529458 -0.00076712910973838046 0.026975736489488613 0.029000964897651655 0.029949401267314688 -0.00077797377285647462 -0.00059219282229535937 -0.0012014358411941014 -0.00072011392557546022 -0.00092093169160484278 0.031396711961942152 -0.0011794544028966426 -0.00029294043250678971 0.024688383349146543 -0.0028409177657244683 -0.0016207808510095591 0.01117934153424723 -0.0010195820069719165 0.026850228437250444 0.02873178294357347 0.027971293795647247 -0.0010154983422278998 -0.00067660992188760347
leaf_weight=179 134 519 119 176 87 127 74 64 70 133 82 214 503 60 117 260 67 80 88 148 345 60 81 147 115 323 64 201 243 266
leaf_count=179 134 519 119 176 87 127 74 64 70 133 82 214 503 60 117 260 67 80 88 148 345 60 81 147 115 323 64 201 243 266
internal_value=-0.000298971 0.00372541 -0.00436988 0.00103663 0.00436314 0.00646336 0.00837209 0.0108926 0.0184091 0.00141129 0.00864009 0.00704519 -0.00975097 0.0100406 -0.0130622 -0.00469949 0.000469349 0.00415385 -0.00327103 0.00540773 0.0112616 0.00883087 -0.00191126 0.00709906 0.0102372 0.0236607 -0.0097379 0.0127393 0.00885329 -0.00456091
internal_weight=5146 2588 2558 1278 1102 2069 898 824 457 367 1826 1699 1280 1351 204 777 517 450 316 228 1291 1077 288 207 248 387 243 789 588 348
internal_count=5146 2588 2558 1278 1102 2069 898 824 457 367 1826 1699 1280 1351 204 777 517 450 316 228 1291 1077 288 207 248 387 243 789 588 348
is_linear=0
shrinkage=0.035


Tree=8
num_leaves=31
num_cat=0
split_feature=107 126 107 233 137 7 148 13 49 4 11 256 13 225 11 13 137 49 233 114 93 52 214 137 2 121 233 49 49 124
split_gain=65.7215 63.574 57.5698 64.6882 55.0298 46.7717 57.9483 48.9597 53.1334 59.3979 45.1516 65.1882 38.2362 37.9645 34.5407 31.6068 31.214 31.0503 29.1146 25.6349 24.4518 27.8723 24.3565 24.0254 25.3722 24.8733 23.8848 34.7389 23.8024 23.6535
threshold=520.50000000000011 67.000000000000014 535.50000000000011 6381.1950683593759 4972.5000000000009 -33.641632259634427 1649.0000000000002 120.63748574937148 2502.5000000000005 -78.490834553531371 40.563914115999985 40.004597763726949 156.82215723624117 0.13086823558957841 20.326761397758119 129.41437195175203 2428.0000000000005 6903.0000000000009 5530.0849609375009 4.0408999919891366 5262.5000000000009 469.50000000000006 0.047900013625621803 4350.0000000000009 528.11499023437511 0.22434999793767932 5953.4951171875009 3327.0000000000005 3524.0000000000005 -1.7327035714847094
decision_type=2 2 2 2 2 2 2 2 2 2 2 2 2 2 2 2 2 2 2 2 2 2 2 2 2 2 2 2 2 2
left_child=1 29 13 4 10 6 12 8 18 -10 14 -12 26 23 -4 -9 -15 28 -8 -19 21 -7 -18 24 25 -2 -3 -28 -6 -1
right_child=2 5 3 -5 17 20 7 15 9 -11 11 -13 -14 16 -16 -17 22 19 -20 -21 -22 -23 -24 -25 -26 -27 27 -29 -30 -31
leaf_value=-0.00074668756261175753 0.028274343892450846 0.026776289000565511 0.02252146818113451 -0.00062361956072042924 0.00046225031865992255 0.026290946344025633 -0.00033205142097807953 -0.00094273021184260099 0.024375101063488658 -0.0022064384279048888 0.027478515305506039 -0.0010314913242099456 -0.0013132658364396188 0.02083512318600577 -0.0010488041416385143 0.0027740012838949313 -0.00070200020606547907 -0.00031032799082103606 0.026683741464898492 0.028702431965331697 0.025842185403770486 -0.0010957979652250482 0.0019763113222025634 -0.00090040789695225226 -0.00051650779440658775 -0.00091380975628039553 -0.0014505714934269693 0.028536114474621944 -0.0010182108338564482 9.6904533529353922e-05
leaf_weight=120 66 650 63 160 79 104 60 178 114 217 363 116 64 144 117 254 150 61 224 62 76 284 168 340 308 148 90 89 214 63
leaf_count=120 66 650 63 160 79 104 60 178 114 217 363 116 64 144 117 254 150 61 224 62 76 284 168 340 308 148 90 89 214 63
internal_value=-0.000135896 0.00379437 -0.00410881 0.00132661 0.00443981 0.00531756 0.0077018 0.00209601 0.00841129 -0.00114583 0.0107003 0.0162707 0.0142261 -0.00916479 -0.00416216 -0.00688787 -0.00104925 -0.00548694 0.0193772 0.00902344 -0.00462687 -0.00819338 -0.0071517 -0.0134833 -0.00863378 0.000639269 0.016241 0.00475543 -0.0116275 -0.0158245
internal_weight=5146 2587 2559 1235 1075 2404 1940 1047 615 331 659 479 893 1324 180 432 462 416 284 123 464 388 318 862 522 214 829 179 293 183
internal_count=5146 2587 2559 1235 1075 2404 1940 1047 615 331 659 479 893 1324 180 432 462 416 284 123 464 388 318 862 522 214 829 179 293 183
is_linear=0
shrinkage=0.035


Tree=9
num_leaves=31
num_cat=0
split_feature=74 129 129 242 7 213 213 8 283 224 93 224 19 225 13 242 8 20 121 261 260 49 126 193 37 126 70 19 242 203
split_gain=63.4694 57.8885 62.6721 61.5986 57.2785 55.8949 45.8731 44.2221 50.5102 42.6837 34.9509 34.7416 48.5408 36.2938 34.5856 37.0076 32.4654 31.2346 25.1379 39.4354 46.7778 27.2264 26.8655 24.8345 24.7284 24.2012 33.3487 23.3628 22.1752 21.8528
threshold=520.50000000000011 533.50000000000011 565.50000000000011 38.544234824956909 -33.641632259634427 9.5973693276723591 11.011629244783025 -230.63405784003427 1.0000000180025095e-35 0.99999999999044953 3450.0000000000005 0.99999999999044953 529.39001464843761 0.20952104145014219 41.70111511424831 31.349683877799951 -74.282381399182157 38.188834633625667 0.27464999258518225 515.29498291015636 0.15409034993318937 4553.5000000000009 3346.5000000000005 0.80216518062989761 2.1657000780105595 1423.0000000000002 3.6353499889373784 464.50000000000006 27.009716720141522 0.81992393009315967
decision_type=2 2 2 2 2 2 2 2 2 2 2 2 2 2 2 2 2 2 2 2 2 2 2 2 2 2 2 2 2 2
left_child=4 10 3 6 5 -1 9 8 -7 14 11 12 -2 -14 15 -3 -5 28 23 21 24 22 27 -9 -21 -23 -27 -20 -8 -6
right_child=1 2 -4 16 29 7 17 18 -10 -11 -12 -13 13 -15 -16 -17 -18 -19 19 20 -22 25 -24 -25 -26 26 -28 -29 -30 -31
leaf_value=-0.00087256168948324946 0.040876133102657197 -0.0020255838593474054 -0.00060591913152707125 0.021861222223156587 -0.00025575739681301448 -0.00051992550692612604 0.029926299679709709 0.032067793022386604 0.026482603222141167 -0.0011398090685655214 -0.00065020366408590196 -0.0008620652269326069 -0.00056296517430446562 0.023157257324014125 0.025456424777454079 0.027094320696563753 -0.0011237482075673307 -0.00097282995317404147 -0.0011803313135869116 -0.0034789666906657837 -0.0017443054749393257 0.031071222883205032 0.027364957756887492 0.0057872846897410353 0.0098508944655287863 0.021426579873152912 -0.003229638261024557 0.023620410839811219 -0.00029946651114229784 -0.00055302504163310209
leaf_weight=136 74 98 176 87 334 425 72 163 136 60 836 69 235 66 343 78 117 176 70 63 85 61 200 61 151 93 76 344 71 190
leaf_count=136 74 98 176 87 334 425 72 163 136 60 836 69 235 66 343 78 117 176 70 63 85 61 200 61 151 93 76 344 71 190
internal_value=-5.43584e-05 -0.0039602 0.00130943 0.00442638 0.0038064 0.00642823 0.00837209 0.00796689 -0.000309187 0.0142038 -0.00920623 -0.00124722 0.00303947 -0.00331699 0.0174332 0.00464088 -0.0127273 -0.00226852 0.011352 0.00917683 -0.00172697 0.0130271 0.0168498 0.0220087 0.00703196 0.00268085 -0.00422414 0.0115274 0.00969595 -0.00648393
internal_weight=5146 2558 1278 1102 2588 2064 898 1928 561 579 1280 444 375 301 519 176 204 319 1367 1143 299 844 614 224 214 230 169 414 143 524
internal_count=5146 2558 1278 1102 2588 2064 898 1928 561 579 1280 444 375 301 519 176 204 319 1367 1143 299 844 614 224 214 230 169 414 143 524
is_linear=0
shrinkage=0.035


Tree=10
num_leaves=31
num_cat=0
split_feature=74 219 27 129 129 10 8 137 213 256 71 49 93 224 19 93 161 19 104 92 99 27 218 1 33 48 45 49 146 203
split_gain=59.5054 57.1735 64.9473 53.7729 58.3825 46.6491 43.617 39.2207 48.5264 40.8988 42.6393 38.6028 35.1682 36.1653 43.3227 31.1938 30.4235 33.4693 52.656 26.2064 25.8386 37.6723 44.9849 25.7662 23.6898 29.7118 22.806 21.9882 21.8335 24.3352
threshold=520.50000000000011 -35.553925570382212 779.00000000000011 533.50000000000011 565.50000000000011 8.4175716014706126 -230.63405784003427 4972.5000000000009 11.040125923582101 40.004597763726949 2429.5000000000005 6903.0000000000009 3313.5000000000005 0.99999999999044953 529.39001464843761 2320.0000000000005 0.26837499439716345 506.50000000000006 1569.0000000000002 4.0681500434875497 0.29604999721050268 2788.5000000000005 68.203336539026807 732.50000000000011 0.4074500054121018 2.5985000133514409 4.3683545888380291 4938.5000000000009 -1.614127449028971 0.81992393009315967
decision_type=2 2 2 2 2 2 2 2 2 2 2 2 2 2 2 2 2 2 2 2 2 2 2 2 2 2 2 2 2 2
left_child=1 2 19 12 7 -4 24 8 9 10 -5 26 13 14 -2 -16 -8 -18 -19 -1 -20 -22 -23 -13 -7 -26 -9 -17 -3 -30
right_child=3 28 5 4 -6 6 16 11 -10 -11 -12 23 -14 -15 15 27 17 18 20 -21 21 22 -24 -25 25 -27 -28 -29 29 -31
leaf_value=-0.00097478961550118322 0.039445468444064193 0.011274447231950915 0.0299102882936698 -0.0012681146715002286 -0.00058471196192362357 -0.0011526258697238643 0.027958731930321817 -4.314824189317279e-05 -0.00074003314911415437 -0.0013185415280316654 0.02616668644341991 0.029009809168722225 -0.00060877648305878167 -0.00083189294398996365 -0.0011894472552751246 0.024934987290119805 0.021595026027269728 -0.0019007350819823089 0.03009998328889504 0.027708933493551049 0.011349553977885311 -0.0024502804962913938 0.018099299517821819 -0.00012812245737105543 0.028439116154918058 -0.00049538665524156034 -0.0016153186602500071 -0.00041310541161014905 -0.00049584750032042745 -0.00069504750616085082
leaf_weight=182 74 122 127 66 176 104 130 151 148 103 352 65 881 69 94 87 682 124 81 61 101 97 114 71 73 171 146 75 252 167
leaf_count=182 74 122 127 66 176 104 130 151 148 103 352 65 881 69 94 87 682 124 81 61 101 97 114 71 73 171 146 75 252 167
internal_value=0.000122306 0.00386039 0.00653265 -0.00365977 0.00141855 0.00882255 0.00722057 0.00442638 0.00971068 0.0147053 0.0195272 -0.00375571 -0.00871595 -8.66337e-05 0.00480597 -0.00214559 0.0101012 0.00828488 0.00154215 -0.0103024 0.00782663 0.00309148 -0.00534722 0.0114184 -0.00376771 0.002249 -0.0107781 0.00712575 -0.00621795 -0.00998821
internal_weight=5146 2588 2047 2558 1278 1804 1677 1102 669 521 418 433 1280 399 330 256 1329 1199 517 243 393 312 211 136 348 244 297 162 541 419
internal_count=5146 2588 2047 2558 1278 1804 1677 1102 669 521 418 433 1280 399 330 256 1329 1199 517 243 393 312 211 136 348 244 297 162 541 419
is_linear=0
shrinkage=0.035


Tree=11
num_leaves=31
num_cat=0
split_feature=30 129 7 27 129 242 10 10 13 60 143 8 203 8 163 161 63 173 148 143 141 92 137 82 108 165 11 60 132 27
split_gain=56.7677 67.9655 65.5899 60.9928 56.2946 59.2108 49.6451 44.1662 49.4386 46.1892 42.1571 36.6279 32.4826 31.1467 30.9508 32.7546 33.6397 42.4535 37.7385 30.4616 26.8889 26.2064 26.0221 24.7019 23.5871 27.7265 22.1158 21.174 20.6588 29.403
threshold=522.25000000000011 533.50000000000011 -33.641632259634427 779.00000000000011 565.50000000000011 38.544234824956909 8.4175716014706126 110.62413894152559 41.70111511424831 10032.500000000002 0.19354999810457232 -230.63405784003427 0.81992393009315967 -74.282381399182157 0.7943635599204476 0.26837499439716345 481.50000000000006 -0.08774562281919758 1888.0000000000002 0.41524998843669897 22.791036562578309 4.0681500434875497 3999.0000000000005 2996.0000000000005 -23.847830806309474 0.018526472659367233 90.10460731623003 4225.0000000000009 0.3327500075101853 5286.5000000000009
decision_type=2 2 2 2 2 2 2 2 2 2 2 2 2 2 2 2 2 2 2 2 2 2 2 2 2 2 2 2 2 2
left_child=2 22 3 21 5 7 -5 8 10 20 -3 23 27 -7 15 -13 -17 19 24 -18 -10 -1 28 -8 25 -19 -25 -4 29 -2
right_child=1 4 12 6 -6 13 11 -9 9 -11 -12 14 -14 -15 -16 16 17 18 -20 -21 -22 -23 -24 26 -26 -27 -28 -29 -30 -31
leaf_value=-0.00094067197895863998 0.0002899633290354578 0.023713303565385386 0.022439181058158626 0.028863428203391352 -0.00056424704325629517 0.0211219806055651 0.024305649944946977 -0.00062075473914147952 0.0004488196170169165 -0.00071445249732082999 -0.0010588832632722545 0.029370586113021176 -0.00067539416231704517 -0.0010278808671937241 -0.0016555716611200138 0.023085591233167172 0.021248224166395449 -0.00088444948801623023 -0.0023941231271073708 -0.00064101828992553739 0.023274265925270356 0.026739120821276764 -0.00073968775765529749 0.024947790460938472 -0.00070928364173756229 0.024970143907617919 -0.0010285738514036978 -0.001210383213105033 -0.001069539186432904 -0.00058746930615172395
leaf_weight=182 332 135 228 127 176 87 166 74 64 70 232 187 210 117 84 332 254 71 179 118 323 61 398 62 118 148 168 129 131 183
leaf_count=182 332 135 228 127 176 87 166 74 64 70 232 187 210 117 84 332 254 71 179 118 323 61 398 62 118 148 168 129 131 183
internal_value=0.000108717 -0.0039407 0.00343938 0.00611185 0.00147311 0.00442638 0.00811293 0.00829457 0.0106393 0.0182576 0.00103495 0.00664112 -0.00715909 -0.0123923 0.00914773 0.010386 0.00822857 0.00462486 -0.001881 0.0135544 0.0229464 -0.0103024 -0.0105434 -0.00279302 0.00501462 0.0117188 -0.0101277 -0.000676796 -0.00612903 -0.00289423
internal_weight=5146 2322 2824 2257 1278 1102 2014 898 824 457 367 1887 567 204 1491 1407 1220 888 516 372 387 243 1044 396 337 219 230 357 646 515
internal_count=5146 2322 2824 2257 1278 1102 2014 898 824 457 367 1887 567 204 1491 1407 1220 888 516 372 387 243 1044 396 337 219 230 357 646 515
is_linear=0
shrinkage=0.035


Tree=12
num_leaves=31
num_cat=0
split_feature=107 129 219 129 242 10 13 60 213 143 13 13 126 193 148 183 113 4 8 153 137 104 203 242 13 10 71 223 214 49
split_gain=48.5881 64.9087 63.6337 55.243 53.5841 44.1662 49.4386 46.1892 43.3288 42.1571 33.6907 41.2827 34.274 28.0331 38.4563 39.9801 33.4925 30.3566 27.3544 25.3795 25.0265 24.6964 29.2175 24.2446 23.7832 23.3579 28.5046 23.2644 27.3371 31.4616
threshold=524.89001464843761 533.50000000000011 -29.038243327541426 565.50000000000011 38.544234824956909 110.62413894152559 41.70111511424831 10032.500000000002 9.5973693276723591 0.19354999810457232 113.12891003101464 103.19273978108231 521.50000000000011 0.82726111020941362 915.50000000000011 -0.17680411387858744 -2.2019284930937881 -84.613921740928234 -74.282381399182157 0.3591385171884986 3999.0000000000005 1188.0000000000002 0.57939306625831188 70.059041601023878 105.99416861202232 115.20616958916717 3155.5000000000005 23.369072613683347 0.06439999490976335 5067.5000000000009
decision_type=2 2 2 2 2 2 2 2 2 2 2 2 2 2 2 2 2 2 2 2 2 2 2 2 2 2 2 2 2 2
left_child=2 20 8 4 5 6 9 -8 -1 -3 11 13 -12 14 -10 23 -15 -17 -6 -19 27 -4 24 -16 -23 -14 -27 28 29 -2
right_child=1 3 21 -5 18 -7 7 -9 10 -11 12 -13 25 16 15 17 -18 19 -20 -21 -22 22 -24 -25 -26 26 -28 -29 -30 -31
leaf_value=-0.00077498087454524035 0.024082824160680923 0.022883337940596899 -0.00090083786520222012 -0.00054449839674232457 0.020382711284370324 -0.00059902832327152797 0.021397998791224126 -0.00068944665991460107 0.024865253839546717 -0.0010218223490577238 0.020889585746506713 0.027433192600507542 -0.00075566898946657533 -0.0023288976944145275 0.023026487086461166 0.023442349906938654 0.012706449701777749 -0.0025898274750199876 -0.00099190503684194308 0.020218069740243545 -0.00071379868613736142 -0.0013591093759724167 0.025899723237742703 -0.004338891569271355 0.02503211605230353 0.026178455502268008 -0.00067695195218843548 -0.0010784453727116518 -0.00047603163646772534 -0.00063042944026044437
leaf_weight=138 217 135 206 176 87 74 387 70 369 232 77 196 489 96 237 63 68 243 117 60 396 112 64 62 64 124 147 107 188 145
leaf_count=138 217 135 206 176 87 74 387 70 369 232 77 196 489 96 237 63 68 243 117 60 396 112 64 62 64 124 147 107 188 145
internal_value=0.000122306 -0.00361087 0.00321454 0.00169135 0.00461608 0.00829457 0.0106393 0.0182576 0.00549916 0.00103495 0.00668381 0.0100071 0.00112233 0.00750623 0.00963426 0.00454478 -0.00579882 -0.00320755 -0.0113876 -0.00784091 -0.0100236 -0.00884701 -0.00114286 0.0139309 -0.00850829 -0.00118954 0.00697464 -0.00576284 -0.00277477 0.00286104
internal_weight=5146 2331 2815 1278 1102 898 824 457 2369 367 2231 1394 837 1198 1034 665 164 366 204 303 1053 446 240 299 176 760 271 657 550 362
internal_count=5146 2331 2815 1278 1102 898 824 457 2369 367 2231 1394 837 1198 1034 665 164 366 204 303 1053 446 240 299 176 760 271 657 550 362
is_linear=0
shrinkage=0.035


Tree=13
num_leaves=31
num_cat=0
split_feature=193 213 270 221 129 63 2 22 71 233 219 148 270 68 36 270 260 246 82 129 222 10 8 242 256 240 270 92 215 134
split_gain=57.9264 60.8903 38.9837 37.2111 35.5553 61.2525 39.7482 66.3286 44.2733 34.9781 36.7452 41.6059 32.8496 37.0851 28.8427 28.7736 28.59 54.2174 26.9474 26.3977 24.6356 23.9824 23.8394 23.2508 39.2848 25.447 21.952 22.1254 21.665 20.1787
threshold=0.77303326978580389 11.381015599432567 125.46893626894074 4.9957594834802741 565.50000000000011 554.50000000000011 528.11499023437511 0.24749999493360522 5758.0000000000009 5218.9199218750009 -31.19837982145803 1034.0000000000002 36.498797576956214 0.019324104672911482 -12.256753083937937 57.293587402921268 0.88262807911784824 0.88479431758059524 7614.5000000000009 468.50000000000006 17.834113765241877 91.492462684674038 -41.286116862661736 20.695186835251516 31.07822761619672 3.9136107288006987 120.63748574937148 4.4443500041961679 -0.067950010299682603 0.013422828917376122
decision_type=2 2 2 2 2 2 2 2 2 2 2 2 2 2 2 2 2 2 2 2 2 2 2 2 2 2 2 2 2 2
left_child=1 3 16 14 5 6 7 -5 12 -9 11 -11 13 -8 -1 -10 17 23 20 -12 26 -19 -7 -2 -25 -26 27 28 -13 -22
right_child=2 -3 -4 4 -6 22 8 9 15 10 19 18 -14 -15 -16 -17 -18 21 -20 -21 29 -23 -24 24 25 -27 -28 -29 -30 -31
leaf_value=0.0086568562128296091 -0.0015646748342884038 -0.00064491293137950692 0.018528527876634133 0.02983942916362569 -0.00040297097838215063 0.024414621249642238 -0.0020659205969084005 -0.001240173328140034 0.022412504075807561 0.019755239248312271 0.02379841934327661 0.016674269464644044 -0.00088137828594782146 0.028057463041601016 0.028135153440688614 -0.00019329291501929638 -0.00075742571933911404 0.021166218319992044 0.021758048661987908 -0.0014965901577634207 -0.0016929736967905202 -0.000133587667172555 1.0543537575447016e-06 0.020372077759261573 -0.00099434023698528038 -9.7930389808285903e-05 -0.00071128268829590013 -0.0022073016753826739 0.025117068667400429 -0.00055506835896806169
leaf_weight=107 91 280 86 179 120 169 66 63 137 458 65 95 399 90 101 91 244 73 114 180 100 60 61 89 398 346 175 67 158 484
leaf_count=107 91 280 86 179 120 169 66 63 137 458 65 95 399 90 101 91 244 73 114 180 100 60 61 89 398 346 175 67 158 484
internal_value=4.07688e-05 0.00229676 -0.00605963 0.0035663 0.00263889 0.00336027 0.00197368 0.00444237 -0.00475254 0.00254837 0.00342451 0.00530495 -0.0100625 0.00347826 0.0177465 0.00811159 -0.00758423 -0.00504237 0.00184057 -0.0091 9.68635e-05 0.015471 0.0205532 -0.00806243 -0.00613962 -0.00878505 0.00581 0.0112 0.0158721 -0.00475382
internal_weight=5146 3759 1387 3479 3271 3151 2921 2138 783 1959 1896 1651 555 156 208 228 1301 1057 1193 245 1079 133 230 924 833 744 495 320 253 584
internal_count=5146 3759 1387 3479 3271 3151 2921 2138 783 1959 1896 1651 555 156 208 228 1301 1057 1193 245 1079 133 230 924 833 744 495 320 253 584
is_linear=0
shrinkage=0.035


Tree=14
num_leaves=31
num_cat=0
split_feature=193 148 4 233 71 256 49 13 13 193 30 49 148 233 183 260 246 11 37 69 13 225 15 256 183 183 169 132 9 203
split_gain=54.1693 38.6161 42.5833 41.7841 42.7491 42.1942 40.1768 38.2897 37.4785 42.0707 38.0262 42.167 31.1828 27.6951 26.8452 26.7581 53.5293 27.191 25.7182 25.1554 24.1834 22.7186 26.9416 22.3015 24.8466 28.5774 36.7076 27.4825 22.2582 21.7358
threshold=0.77303326978580389 1858.5000000000002 25.434339555314409 5949.4899902343759 7108.5000000000009 121.5319618039109 5150.0000000000009 125.46893626894074 117.69049133060274 -0.47441033979840347 474.50000000000006 4578.0000000000009 1264.0000000000002 6049.0549316406259 0.44296215247124182 0.88262807911784824 0.88479431758059524 107.99646858888597 2.062099933624268 -4.5020351113728916 129.41437195175203 0.14426248653449614 -6.0402414595911438 19.821290430930695 0.43045114010902535 0.79707808612331943 14.627958229392382 0.25504998862743383 56.654820130980376 0.54891308476019696
decision_type=2 2 2 2 2 2 2 2 2 2 2 2 2 2 2 2 2 2 2 2 2 2 2 2 2 2 2 2 2 2
left_child=1 2 3 5 12 29 8 15 9 18 -11 13 14 -12 19 16 23 -18 -3 -5 -10 22 -8 -2 27 -26 -27 -25 -6 -1
right_child=7 6 -4 4 28 -7 21 -9 20 10 11 -13 -14 -15 -16 -17 17 -19 -20 -21 -22 -23 -24 24 25 26 -28 -29 -30 -31
leaf_value=0.024283654536711524 -0.0014422860279932194 0.0160906700333815 -0.0013477618330407705 -0.0012606395659242561 0.02291150127310863 -0.0013925953108930567 0.006393624685747854 0.01788002940095194 -0.0010246844774531542 0.021735770352077508 -0.001278789531115888 0.022633974217642929 0.020310535634440866 0.0072470216256349139 8.1966453636871388e-05 -0.00073091581916224482 0.020672780177151656 -3.421492141139071e-05 0.02296088938299307 8.0424287762452811e-05 0.0052400286071797681 0.00018403640861303474 -0.001030543463245848 0.020814099915555162 -0.0012055988625978866 -0.00053049839192682391 0.018044101004131518 -0.00030452189181735595 0.0064743586206577695 0.0231634064738814
leaf_weight=236 63 167 185 166 127 70 71 86 208 94 214 94 152 89 317 244 66 67 286 103 221 193 338 60 385 146 168 102 104 324
leaf_count=236 63 167 185 166 127 70 71 86 208 94 214 94 152 89 317 244 66 67 286 103 221 193 338 60 385 146 168 102 104 324
internal_value=4.07688e-05 0.00222237 0.00594746 0.0077899 0.00319815 0.0147717 -0.00114899 -0.00585848 0.00215893 0.00604847 -0.00105847 -0.00583333 -0.000942127 -0.0121591 -0.00461929 -0.00736983 -0.00491055 0.015471 0.013679 -0.012646 -0.00637097 -0.00864909 -0.0132729 -0.00791173 -0.00634527 -0.00919744 -0.00131661 0.00586826 0.0161653 0.0179646
internal_weight=5146 3759 1784 1599 969 630 1975 1387 1373 944 491 397 738 303 586 1301 1057 133 453 269 429 602 409 924 861 699 314 162 231 560
internal_count=5146 3759 1784 1599 969 630 1975 1387 1373 944 491 397 738 303 586 1301 1057 133 453 269 429 602 409 924 861 699 314 162 231 560
is_linear=0
shrinkage=0.035


Tree=15
num_leaves=31
num_cat=0
split_feature=107 126 256 129 85 219 27 221 44 137 49 270 38 27 114 270 104 104 137 270 49 143 270 242 19 48 19 215 271 21
split_gain=55.3564 55.8574 51.2805 47.3088 53.3844 44.325 54.1637 46.6962 45.4903 43.0638 54.7039 51.9046 48.5629 37.6687 42.6027 39.0207 33.5635 44.0394 30.1209 28.9329 38.972 28.4469 39.2395 23.9856 23.4319 23.1301 22.516 21.1728 19.7742 19.6263
threshold=520.50000000000011 67.000000000000014 43.129264957506102 565.50000000000011 535.50000000000011 -29.038243327541426 779.00000000000011 8.7139381744074225 0.26155000925064092 5025.0000000000009 6903.0000000000009 42.968540039460215 4440.5000000000009 5379.0000000000009 4.0552000999450692 46.40736010851483 922.50000000000011 1504.0000000000002 2070.5000000000005 120.96251779845728 4381.5000000000009 0.39595000445842748 128.96298926219546 41.806033625020227 549.50000000000011 3.1707999706268315 484.50000000000006 -0.096700005233287797 13.984021943252555 0.13755000382661822
decision_type=2 2 2 2 2 2 2 2 2 2 2 2 2 2 2 2 2 2 2 2 2 2 2 2 2 2 2 2 2 2
left_child=1 -1 3 4 13 6 25 -8 -9 11 29 12 24 14 15 -2 -10 26 27 20 23 -21 -23 -19 -6 -3 -18 -4 -25 -11
right_child=2 5 18 -5 9 -7 7 8 16 10 -12 -13 -14 -15 -16 -17 17 19 -20 21 -22 22 -24 28 -26 -27 -28 -29 -30 -31
leaf_value=-0.00049983360212767117 0.02455043694415561 -0.0011533659028032551 -0.0012306479951809102 -0.00060511085865589905 0.028485986847617661 -0.00090412388996823447 0.026774608445128086 0.022961234074452188 0.021788300353825514 -0.0012544209095238289 0.021988389925727207 0.020800441064974071 -0.0013765669845478671 -0.0011742184971641186 0.019155416387604325 -0.00098206087036775257 -0.0013359116332987561 -0.0033735182205594074 -0.00078225753299471603 -0.001447517544053424 -0.0011459907530549857 -0.0011844038122715568 0.028577732140769363 0.020351960088547501 0.012886587859964492 0.022446948737469989 -0.0024170977203638662 0.01799430518406071 0.0038401564967013788 -3.1288788239136061e-05
leaf_weight=183 86 152 60 176 65 364 122 214 231 158 110 294 166 272 143 173 87 63 522 148 243 62 133 381 64 61 65 149 78 121
leaf_count=183 86 152 60 176 65 364 122 214 231 158 110 294 166 272 143 173 87 63 522 148 243 62 133 381 64 61 65 149 78 121
internal_value=-0.000298971 0.00330826 -0.00394501 -0.000801964 0.00105613 0.00473641 0.00674328 0.00869269 0.00714327 0.00626653 -0.00275381 0.012197 0.00175 -0.00649485 0.00034398 -0.00808712 0.0049365 0.00265613 -0.0117459 0.00509434 0.00886364 -0.00331897 0.005425 0.0142125 0.0175 -0.00979358 -0.0147134 -0.000490654 0.016972 -0.0109683
internal_weight=5146 2587 2559 1828 1652 2404 2040 1827 1705 978 389 589 295 674 402 259 1491 1260 731 1108 765 343 195 522 129 213 152 209 459 279
internal_count=5146 2587 2559 1828 1652 2404 2040 1827 1705 978 389 589 295 674 402 259 1491 1260 731 1108 765 343 195 522 129 213 152 209 459 279
is_linear=0
shrinkage=0.035


Tree=16
num_leaves=31
num_cat=0
split_feature=74 219 27 224 221 161 137 242 233 233 27 270 270 92 49 27 8 63 173 143 148 92 258 195 37 55 223 52 93 37
split_gain=55.3626 56.5892 64.8685 52.629 48.8535 44.46 38.4649 46.0853 58.0732 57.6373 60.1184 39.2233 36.4696 44.8417 33.1541 38.1841 28.8098 35.835 45.2355 29.9691 28.2891 27.7229 24.9643 23.6578 23.3436 22.3826 22.3544 21.8521 33.9756 21.0274
threshold=520.50000000000011 -35.553925570382212 779.00000000000011 0.99999999999302658 8.7139381744074225 0.26837499439716345 4972.5000000000009 40.697675299324594 6376.8149414062509 6116.4702148437509 5379.0000000000009 41.70111511424831 46.134055028301638 4.0964000225067148 6903.0000000000009 6386.0000000000009 -230.63405784003427 481.50000000000006 -0.08774562281919758 0.41524998843669897 1502.5000000000002 4.0681500434875497 0.029300019145011905 0.014873117803820774 1.8605499863624575 0.18424999713897708 42.643610198782191 469.50000000000006 5262.5000000000009 2.2647999525070195
decision_type=2 2 2 2 2 2 2 2 2 2 2 2 2 2 2 2 2 2 2 2 2 2 2 2 2 2 2 2 2 2
left_child=1 2 21 6 -4 -6 7 8 9 10 12 -11 -2 -14 22 -16 24 23 19 -19 -20 -1 -8 -18 -7 -13 -26 -3 -29 -22
right_child=3 27 4 -5 5 16 14 -9 -10 11 -12 25 13 -15 15 -17 17 18 20 -21 29 -23 -24 -25 26 -27 -28 28 -30 -31
leaf_value=-0.0011013873668045185 0.026748406778820295 0.022908633168398647 0.025837497149548604 -0.0015547029493228417 0.022738674547447379 0.024209727027529548 -0.00084521305390857773 -0.00049408474257281346 -0.00078810995302905373 0.00040443579159802972 -0.0013707223876682157 0.0073780122600526831 -0.0018623231708667584 0.017303752677038101 0.021519066384187904 -0.00093182060975032107 0.020786895578046177 0.018162723463757656 0.0067009912550965393 -0.00076695802317453216 0.00026452483730400573 0.024215265086344816 0.00034562669137926555 0.014734570636900823 -0.0011927677386446025 0.021765037713987849 0.022841370879746463 -0.0010098429593738251 0.016307631363526788 -0.0027480202265248695
leaf_weight=182 132 107 122 94 130 84 586 553 98 134 168 62 75 104 110 112 250 243 299 119 78 61 61 93 202 269 65 341 93 119
leaf_count=182 132 107 122 94 130 84 586 553 98 134 168 62 75 104 110 112 250 243 299 119 78 61 61 93 202 269 65 341 93 119
internal_value=-0.000312561 0.00329348 0.00595273 -0.0039602 0.00824212 0.006639 -0.00294856 0.000284375 0.00461318 0.00730242 -0.00122934 0.0160106 0.00786392 -0.00247283 -0.00885011 0.00277533 0.00494541 0.00751658 0.00365006 0.01297 -0.00321357 -0.0108669 -0.0128298 0.0169971 -0.00383427 0.0223958 -0.00887868 -0.00673077 -0.010205 -0.0133416
internal_weight=5146 2588 2047 2558 1804 1682 2464 1595 1042 944 479 465 311 179 869 222 1552 1201 858 362 496 243 647 343 351 331 267 541 434 197
internal_count=5146 2588 2047 2558 1804 1682 2464 1595 1042 944 479 465 311 179 869 222 1552 1201 858 362 496 243 647 343 351 331 267 541 434 197
is_linear=0
shrinkage=0.035


Tree=17
num_leaves=31
num_cat=0
split_feature=193 213 13 104 104 49 221 150 140 129 63 242 242 80 148 13 9 193 1 82 100 201 19 19 2 27 27 27 59 8
split_gain=61.9774 62.2778 41.1018 36.7825 43.7574 43.3095 41.051 39.9076 65.7948 45.0655 49.5984 31.8751 46.0052 55.85 43.0272 38.3535 31.6482 42.124 29.0048 27.9748 26.1953 42.6056 43.4907 25.0674 24.4636 28.9469 23.1287 21.933 21.6048 31.3616
threshold=0.77303326978580389 11.381015599432567 125.46893626894074 922.50000000000011 1386.0000000000002 4396.5000000000009 4.9957594834802741 0.086399994790554061 481.50000000000006 565.50000000000011 554.50000000000011 36.362921282167243 20.695186835251516 -5.3991888352323096 272.50000000000006 43.606974713110482 117.5144428632901 0.42089768348420314 792.50000000000011 2858.0000000000005 22.488893403066914 0.20515000075101855 517.50000000000011 541.50000000000011 491.59999084472662 2298.0000000000005 3113.5000000000005 7690.5000000000009 3.7023500204086308 -65.722344893952837
decision_type=2 2 2 2 2 2 2 2 2 2 2 2 2 2 2 2 2 2 2 2 2 2 2 2 2 2 2 2 2 2
left_child=1 3 11 -1 5 -5 18 9 -9 10 16 12 -2 15 -15 -14 17 20 -6 -19 21 -8 -23 -21 26 -26 -22 -13 29 -18
right_child=2 -3 -4 4 6 -7 7 8 -10 -11 -12 27 13 14 -16 -17 28 19 -20 23 24 22 -24 -25 25 -27 -28 -29 -30 -31
leaf_value=0.022085406467555562 -0.0014106684756995764 -0.00088670273897723732 0.015764096514303112 -0.0010727183016793602 0.025186479473903147 0.013325910807157346 0.019168403854610154 0.021247759378905145 -0.0014497114585127625 -0.00052767338851871133 0.021004306604739478 -0.00084308818116406875 0.019987308948076089 0.021138457967424515 -0.00095275706007117973 -0.0010980740305037537 0.025085169363655607 -0.00042842454105102961 0.011532083059657826 0.015645105466458864 -0.0010908649018349348 0.017909621808415328 -0.002055772013090144 -2.0480490746885017e-05 0.034416338201492681 0.0033661646286498904 0.016002926297064662 0.0088038970102665912 -0.0008146673320570864 0.011023378483540562
leaf_weight=246 91 280 86 261 102 68 103 61 237 109 203 638 66 181 68 188 217 104 89 210 281 81 287 70 100 322 158 69 60 110
leaf_count=246 91 280 86 261 102 68 103 61 237 109 203 638 66 181 68 188 217 104 89 210 281 81 287 70 100 322 158 69 60 110
internal_value=-0.000353329 0.00198061 -0.00666307 0.00326493 0.00225911 -0.00974551 0.00363355 0.00251104 -0.00947195 0.0040062 0.00505842 -0.00822741 -0.00222037 0.00199803 0.0136417 -0.00945946 0.00343691 0.00138292 0.0191071 0.0115167 -0.00157068 -0.00816176 -0.0136997 0.017193 0.0020612 0.00803279 -0.00370495 -0.0132233 0.0124107 0.0159187
internal_weight=5146 3759 1387 3479 3233 329 2904 2713 298 2415 2306 1301 594 503 249 254 2103 1716 191 384 1332 471 368 280 861 422 439 707 387 327
internal_count=5146 3759 1387 3479 3233 329 2904 2713 298 2415 2306 1301 594 503 249 254 2103 1716 191 384 1332 471 368 280 861 422 439 707 387 327
is_linear=0
shrinkage=0.035


Tree=18
num_leaves=31
num_cat=0
split_feature=193 13 41 247 22 103 11 49 85 13 219 60 13 193 216 171 13 13 27 242 137 38 161 163 85 93 233 13 183 93
split_gain=59.1839 41.4601 38.9517 65.923 56.2831 48.3784 45.2181 36.1704 54.1105 43.7942 40.1596 35.3442 34.6848 31.4738 31.4652 29.6297 32.0984 34.0063 27.9446 26.9349 83.9103 36.2223 25.7713 23.2716 35.9276 38.125 23.0087 28.7616 21.7215 25.4575
threshold=0.77303326978580389 125.46893626894074 529.39001464843761 609.57000732421886 0.24749999493360522 4.4367499351501474 62.611934565020746 3709.0000000000005 478.50000000000006 117.69049133060274 -31.19837982145803 1935.0000000000002 36.498797576956214 0.67992833467774549 81.972468785415131 0.15730000287294391 41.61890608935677 51.883014098301139 5751.5000000000009 36.362921282167243 3195.0000000000005 1599.5000000000002 0.21894999966025355 0.70406107721643163 491.50000000000006 5262.5000000000009 5383.9099121093759 129.533910337744 -0.059177799156112827 3438.5000000000005
decision_type=2 2 2 2 2 2 2 2 2 2 2 2 2 2 2 2 2 2 2 2 2 2 2 2 2 2 2 2 2 2
left_child=2 19 4 12 -1 13 -6 9 14 10 11 -8 -4 15 -9 -5 -17 -18 -7 20 -2 -22 -14 24 -21 -26 -11 -28 -24 -30
right_child=1 -3 3 5 6 18 7 8 -10 26 -12 -13 22 -15 -16 16 17 -19 -20 23 21 -23 28 -25 25 -27 27 -29 29 -31
leaf_value=0.025481904338599998 0.023937269754372437 0.015212353136302505 0.022883899272953638 -0.00091668073962104617 0.017419730382276573 0.019746297507156046 -0.00058315173636365968 -0.0017292522261026586 -0.0016600427846593434 -0.001621527689886972 -0.0015653182125053235 0.018399940700199451 -0.0013662388815315145 0.022182803120163679 0.024193088463203803 -0.0019002278309628675 0.019630322407463815 -0.00042167810036959717 0.00013335754983879956 0.021700209200661898 0.0018711387929015487 -0.0010461403608341647 -0.0010757327999822112 -0.0011246561408612271 -0.0010137923148739437 0.020855634180294735 -0.00089347113408375989 0.022529194659898659 0.017432537369656581 -0.00052081757003645708
leaf_weight=192 96 86 89 76 330 205 121 68 408 77 125 482 124 60 95 89 70 102 151 95 109 389 170 271 269 72 224 200 61 240
leaf_count=192 96 86 89 76 330 205 121 68 408 77 125 482 124 60 95 89 70 102 151 95 109 389 170 271 269 72 224 200 61 240
internal_value=-0.000597942 -0.00676365 0.00168305 -0.00283981 0.00448217 0.0042942 0.00281967 0.000620499 -0.00662326 0.00399919 0.0094543 0.0131826 -0.0106676 -0.00409204 0.0102083 -0.00828947 -0.0025 0.00632768 0.0135734 -0.00833461 -0.00280467 -0.00862823 -0.0137083 -0.0129284 -0.00777778 -0.0130491 -0.00394269 -0.000652681 -0.00977941 -0.00400327
internal_weight=5146 1387 3759 1437 2322 753 2130 1800 571 1229 728 603 684 397 163 337 261 172 356 1301 594 498 595 707 436 341 501 424 471 301
internal_count=5146 1387 3759 1437 2322 753 2130 1800 571 1229 728 603 684 397 163 337 261 172 356 1301 594 498 595 707 436 341 501 424 471 301
is_linear=0
shrinkage=0.035


Tree=19
num_leaves=31
num_cat=0
split_feature=74 126 85 129 242 5 13 242 153 143 11 9 8 224 19 115 110 225 71 93 6 85 252 11 38 8 247 93 13 2
split_gain=52.1421 58.0316 52.742 53.3033 46.4037 51.3534 47.3694 51.4161 45.4285 39.6331 34.7328 44.9217 52.5998 34.4763 45.117 39.2989 33.3697 30.5857 30.2126 28.9437 26.7704 26.0709 25.4371 25.1381 24.8626 24.0759 22.1112 21.799 21.347 24.7268
threshold=520.50000000000011 67.000000000000014 535.50000000000011 565.50000000000011 38.544234824956909 78.915083353488129 41.70111511424831 34.637583065786778 0.2084610890988263 0.19354999810457232 62.611934565020746 69.744615757690767 -73.970018621798559 0.99999999999302658 529.39001464843761 3292.5000000000005 0.30965000391006475 0.14066394415132777 5281.0000000000009 4512.0000000000009 -8.765821314434497 556.50000000000011 1.9867805857509693 100.91114709805579 2798.5000000000005 -74.282381399182157 597.55499267578136 3413.0000000000005 72.057489108322002 472.48500061035162
decision_type=2 2 2 2 2 2 2 2 2 2 2 2 2 2 2 2 2 2 2 2 2 2 2 2 2 2 2 2 2 2
left_child=1 -1 13 4 5 6 9 -8 10 -4 24 16 18 14 15 -2 -12 -16 26 20 -10 -9 -17 -18 -3 -6 -13 -19 -14 -30
right_child=2 8 3 -5 25 -7 7 21 19 -11 11 12 28 -15 17 22 23 27 -20 -21 -22 -23 -24 -25 -26 -27 -28 -29 29 -31
leaf_value=-0.00053628951109915672 0.030237081848137101 -0.0017854370749097604 0.018967485266132969 -0.00053417817579876547 0.017628825255807792 -0.0015033697766597119 0.019506315529028036 0.0017952978966349268 0.018547574233625831 -0.0013347939110543423 -0.0017200622155313162 0.020075573012606627 0.024352027816062549 -0.0016369246731237899 -0.0008622498503867938 -0.0019341888054963932 0.0030437414192925772 0.016691268685937458 -0.0013408700600017365 0.021057280430755689 -0.0013460486735617995 -0.0024159108331311238 0.018464828067900254 -0.001153199580388431 0.018715103993602857 -0.00093260491767841022 -0.00022040656339406385 -0.00046905150280827592 0.022099198393486653 -0.0023992468444614338
leaf_weight=183 95 67 135 176 87 60 285 95 381 234 159 300 61 94 623 97 310 93 99 173 127 66 69 273 174 125 63 224 61 157
leaf_count=183 95 67 135 176 87 60 285 95 381 234 159 300 61 94 623 97 310 93 99 173 127 66 69 273 174 125 63 224 61 157
internal_value=-0.000584353 0.00291554 -0.00412407 0.000966088 0.00387821 0.0074375 0.00977439 0.0173836 0.00437137 0.000467914 0.00133603 -0.000682124 0.00539544 -0.00907308 -0.0074005 0.00539474 -0.00674699 -0.010963 0.012591 0.0119898 0.00764133 0.0014759 -0.00491228 -0.00279762 0.0135163 -0.0106452 0.0172147 -0.00206522 -0.00653169 -0.0116143
internal_weight=5146 2588 2558 1263 1087 875 815 446 2405 369 1724 1483 741 1295 1201 261 742 940 462 681 508 161 166 583 241 212 363 317 279 218
internal_count=5146 2588 2558 1263 1087 875 815 446 2405 369 1724 1483 741 1295 1201 261 742 940 462 681 508 161 166 583 241 212 363 317 279 218
is_linear=0
shrinkage=0.035


Tree=20
num_leaves=31
num_cat=0
split_feature=193 213 13 7 13 13 260 223 38 80 256 11 10 183 242 137 38 82 246 27 19 242 203 256 13 55 243 71 13 213
split_gain=54.4556 52.1482 40.5671 37.5246 43.3332 39.8093 46.0785 35.9821 33.4022 32.8416 32.2034 31.3959 33.3586 27.9633 26.6246 78.6677 34.5405 26.0025 26.9161 27.2257 25.6291 25.0657 35.9071 24.8455 43.5867 23.5336 23.1559 22.1553 21.4748 21.2674
threshold=0.77303326978580389 11.210488349476352 125.46893626894074 -28.001485482451262 111.56046292687041 101.58753762759459 0.5197855920056994 15.30780460830767 2149.0000000000005 -6.4370816037413814 78.505260609478043 71.982001920419478 115.20616958916717 0.57463209128307657 36.362921282167243 3195.0000000000005 1599.5000000000002 1703.5000000000002 0.0058087654229387921 5593.5000000000009 517.50000000000011 49.105328858394621 0.817329348737034 117.05237844084947 129.533910337744 0.39914999902248388 11.954229583435223 3155.5000000000005 39.987350473716212 10.490593422376495
decision_type=2 2 2 2 2 2 2 2 2 2 2 2 2 2 2 2 2 2 2 2 2 2 2 2 2 2 2 2 2 2
left_child=1 3 14 4 5 6 7 9 -9 13 -6 -12 23 20 15 -2 -17 -5 25 -20 -1 -16 -23 24 -13 -19 29 -14 -3 -11
right_child=2 28 -4 17 10 -7 -8 8 -10 26 11 12 27 -15 21 16 -18 18 19 -21 -22 22 -24 -25 -26 -27 -28 -29 -30 -31
leaf_value=0.014825357736772521 0.022444399829623821 0.015147113296657071 0.014004015699722849 -0.0013743829949984636 -0.0011184522315451628 0.02302547095078504 0.025136444752060963 -0.0022876919496453833 0.019738960220276373 0.015099764876775999 0.024068200919798624 -0.0015233161099741648 0.022033085902428036 0.018810036720851884 -0.0014412886265303634 0.0017324624702527041 -0.00097934670344143279 -0.0014532397115083052 0.018361157492530332 -0.00065753121434029979 -0.0018852742815195329 0.023455973332660213 -0.00050186289798228396 -0.0022007217049069775 0.029652827400896226 0.00042023384154522896 -0.0012108763228455511 -0.0011939398743352494 -0.00070369626716595447 0.0021117699933991436
leaf_weight=63 96 65 86 102 265 221 120 93 412 139 78 126 105 69 281 109 389 93 145 90 204 66 360 100 85 60 74 77 446 527
leaf_count=63 96 65 86 102 265 221 120 93 412 139 78 126 105 69 281 109 389 93 145 90 204 66 360 100 85 60 74 77 446 527
internal_value=-0.000597942 0.00159006 -0.00651221 0.00322779 0.00481361 0.00770109 0.00584701 0.00421501 0.0118725 0.000582794 -0.00183115 0.0028559 -0.000491968 -0.00841642 -0.00806662 -0.00257095 -0.00821074 -0.00565657 -0.00142494 0.00597917 -0.013511 -0.0126334 -0.00714617 -0.00742089 -0.000486111 -0.0126266 0.00469799 0.0112299 -0.00875 0.00678092
internal_weight=5146 3759 1387 3248 2758 1922 1701 1581 505 1076 836 571 493 336 1301 594 498 490 388 235 267 707 426 311 211 153 740 182 511 666
internal_count=5146 3759 1387 3248 2758 1922 1701 1581 505 1076 836 571 493 336 1301 594 498 490 388 235 267 707 426 311 211 153 740 182 511 666
is_linear=0
shrinkage=0.035


Tree=21
num_leaves=31
num_cat=0
split_feature=2 85 8 161 129 137 49 93 27 221 242 13 242 115 27 137 19 13 121 60 223 1 13 193 13 13 148 92 56 56
split_gain=55.4198 59.644 54.1019 51.5178 49.0375 50.2399 46.1324 40.4759 38.0076 53.0437 37.3641 64.8011 43.5077 33.8821 28.9171 30.9873 27.7012 50.1838 28.7283 26.3101 28.0839 25.7662 23.0048 27.4876 32.6988 40.8026 31.5137 22.5994 21.5347 26.4737
threshold=521.45501708984386 535.50000000000011 -60.074013096602805 0.26837499439716345 565.50000000000011 4972.5000000000009 6903.0000000000009 3313.5000000000005 779.00000000000011 8.7139381744074225 39.461120541641613 41.70111511424831 31.349683877799951 5281.0000000000009 5150.0000000000009 4004.5000000000005 484.50000000000006 156.82215723624117 0.39339999854564672 6187.0000000000009 19.733359713649985 732.50000000000011 121.16135341322091 -0.471421828756102 101.82836197835388 82.190002704823669 461.50000000000006 4.0681500434875497 13.772944965686511 10.114182979116714
decision_type=2 2 2 2 2 2 2 2 2 2 2 2 2 2 2 2 2 2 2 2 2 2 2 2 2 2 2 2 2 2
left_child=2 7 3 -1 5 10 -7 13 27 -10 11 12 -3 19 -4 -16 17 18 -11 20 -2 -8 23 -18 25 26 -25 -5 29 -24
right_child=1 4 14 8 -6 6 21 -9 9 16 -12 -13 -14 -15 15 -17 22 -19 -20 -21 -22 -23 28 24 -26 -27 -28 -29 -30 -31
leaf_value=0.02280037951037394 0.021047670864684457 -0.00142825044402646 -0.0012577220211329552 -0.0012299440759894551 -0.00059875494476238752 -0.00084874753415663425 0.024318503048020294 -0.00078333787645770876 0.022293311058200437 -0.00019121859875677994 -0.0012281795117119821 0.018151685435622067 0.021727699371799768 -0.001199191677663106 -0.00063406876566223522 0.019442963098196708 0.016985126791100372 -0.0031122075682847639 0.019687149751461713 -0.0013636656648718444 -0.0011015258206619844 -0.00047294383676049659 -0.0015067025183140832 0.013187736166304436 0.021706421827302199 -0.0039725300447016861 -0.0020957387028535607 0.02204353075789239 -0.0013622849788592442 0.02055550258108366
leaf_weight=118 137 167 344 182 176 305 65 914 122 130 113 305 61 92 91 60 224 66 390 90 64 71 104 127 81 86 247 61 70 83
leaf_count=118 137 167 344 182 176 305 65 914 122 130 113 305 61 92 91 60 224 66 390 90 64 71 104 127 81 86 247 61 70 83
internal_value=-0.000747428 -0.00439376 0.00286376 0.00532681 0.00102129 0.0038141 -0.00525785 -0.00965054 0.0039459 0.00576945 0.01 0.0138569 -0.000300429 -9.02062e-05 -0.00749 0.00516026 0.00403596 0.0100677 0.0137333 0.00579392 0.0127427 0.0114184 0.000545278 0.00359091 -0.000705128 -0.00436559 0.000738786 -0.00889113 -0.00841603 -0.00200521
internal_weight=5146 2560 2586 2091 1263 1087 441 1297 1973 1730 646 533 228 383 495 151 1608 586 520 291 201 136 1022 765 541 460 374 243 257 187
internal_count=5146 2560 2586 2091 1263 1087 441 1297 1973 1730 646 533 228 383 495 151 1608 586 520 291 201 136 1022 765 541 460 374 243 257 187
is_linear=0
shrinkage=0.035


Tree=22
num_leaves=31
num_cat=0
split_feature=140 85 7 27 11 137 233 49 137 148 242 11 126 13 153 211 13 47 8 203 203 143 10 27 136 27 258 201 31 8
split_gain=49.3253 56.0929 52.1959 48.7235 43.0235 41.9327 54.8224 44.2055 41.1743 39.4949 36.6563 56.2344 33.8636 32.8491 32.1844 39.2145 47.9459 34.1244 31.2232 25.6025 29.4542 31.5833 30.2973 25.3528 25.1069 32.1115 26.415 24.7301 24.2557 23.6169
threshold=524.39001464843761 535.50000000000011 -37.433338136976012 816.50000000000011 35.579864039760949 4972.5000000000009 6376.8149414062509 6903.0000000000009 3999.0000000000005 1463.0000000000002 39.461120541641613 52.455798309072442 67.000000000000014 152.48752919576938 0.39171475223181357 -0.1613753052837478 120.63748574937148 -9.9495744507610624 -95.556731102538365 0.81992393009315967 0.57939306625831188 0.45749999582767492 164.1477703219235 6386.0000000000009 3.0686000585556035 5286.5000000000009 0.025899998843669895 0.24407499656081202 -39.913535112077732 -156.86395493840959
decision_type=2 2 2 2 2 2 2 2 2 2 2 2 2 2 2 2 2 2 2 2 2 2 2 2 2 2 2 2 2 2
left_child=2 8 3 -1 -5 6 10 -7 24 12 11 18 -6 -14 15 16 -11 -18 -3 20 21 -4 -22 -9 27 26 -26 -2 -13 -17
right_child=1 5 19 4 9 7 -8 23 -10 14 -12 28 13 -15 -16 29 17 -19 -20 -21 22 -23 -24 -25 25 -27 -28 -29 -30 -31
leaf_value=-0.0008354217597378161 0.0005852677308613249 0.01792778546173121 -0.001555975144577393 0.023412680920815866 -0.00075860623332289832 -0.00075697728932800756 -0.00066210285092488223 0.022868350203859761 -0.00089457470323596618 0.015083110645107265 -0.0011851932288020641 0.020807952287110448 0.018673273820447291 -0.0025625622055992672 0.019231842147615214 0.0089959434520487207 0.022690132411077743 -0.0013821608070009052 -0.0015340993284415384 -0.00065689276559310656 0.022689097078315939 0.022562014610543104 -0.0039378098447214547 -0.00076152969285657349 0.013709962641442502 -0.00085594665664033131 -0.00027712484305516595 -0.0015556467611548188 0.0010365172935470866 -0.0033800355752898431
leaf_weight=254 148 72 179 88 82 365 117 80 490 237 113 268 620 67 99 70 75 177 116 218 68 71 60 61 154 136 84 339 71 167
leaf_count=254 148 72 179 88 82 365 117 80 490 237 113 268 620 67 99 70 75 177 116 218 68 71 60 61 154 136 84 339 71 167
internal_value=-0.000747428 -0.00411607 0.00273157 0.00551777 0.00767635 0.00118691 0.00638451 -0.00657534 -0.00905973 0.00630394 0.0104186 0.0142763 0.0119832 0.0145159 0.00096988 -0.00162791 0.00403846 -0.00653696 -0.00108808 -0.00628952 -0.00073107 -0.00768627 0.0126316 0.00982877 -0.00440531 0.00240106 0.0100823 -0.00960366 0.022689 -0.0131612
internal_weight=5146 2614 2532 1936 1682 1263 757 506 1351 1594 640 527 769 687 825 726 489 252 188 596 378 250 128 141 861 374 238 487 339 237
internal_count=5146 2614 2532 1936 1682 1263 757 506 1351 1594 640 527 769 687 825 726 489 252 188 596 378 250 128 141 861 374 238 487 339 237
is_linear=0
shrinkage=0.035


Tree=23
num_leaves=31
num_cat=0
split_feature=140 30 7 27 11 148 233 137 49 9 256 137 153 115 22 183 13 8 1 38 203 27 136 27 13 11 201 203 21 217
split_gain=48.202 58.2153 51.4857 43.5195 40.5668 38.8485 38.2772 39.6422 42.8413 38.1965 56.9949 37.3849 32.1844 40.0448 31.9652 30.6946 31.3767 28.0654 25.7662 25.7339 22.8929 28.4687 22.2294 26.3276 26.9406 23.3459 22.6554 22.0685 21.1552 20.938
threshold=524.39001464843761 532.50000000000011 -37.433338136976012 816.50000000000011 35.579864039760949 1463.0000000000002 6381.1950683593759 4972.5000000000009 6903.0000000000009 28.288440846275154 40.004597763726949 3999.0000000000005 0.39171475223181357 1585.5000000000002 0.48235000669956213 0.93600130434882789 152.48752919576938 -226.18723085721561 732.50000000000011 4440.5000000000009 0.81992393009315967 6223.0000000000009 3.0841499567031865 5286.5000000000009 63.138592391340858 190.65443634205064 0.24407499656081202 -0.71692951003693539 0.13755000382661822 101.91812923876005
decision_type=2 2 2 2 2 2 2 2 2 2 2 2 2 2 2 2 2 2 2 2 2 2 2 2 2 2 2 2 2 2
left_child=2 11 3 -1 -5 15 7 9 28 19 -11 22 13 17 -15 16 -6 27 -10 -3 21 -4 25 24 -24 26 -2 29 -9 -7
right_child=1 6 20 4 5 12 -8 8 18 10 -12 -13 -14 14 -16 -17 -18 -19 -20 -21 -22 -23 23 -25 -26 -27 -28 -29 -30 -31
leaf_value=-0.00080618199814699203 3.0624539324047853e-06 0.012716511805602857 -0.0010704056197017437 0.022593237088587313 0.018655453817693794 0.023701961528802166 -0.0005692693992747211 -0.0013939095668002864 0.02266696318420449 0.020035631746602171 -0.00078639302391796128 -0.00087436594042427523 0.018558727672448684 -0.0026218941697622672 0.013183334977182656 -0.00084556241841224572 -0.0024728725284032934 0.013999243882740271 -0.00042973726322390054 -0.0011657768873948318 -0.00063390151879734772 0.022097406766227873 0.013701775771574767 -0.00085064295287620056 -0.0002761091302728483 0.019885631529949217 -0.0016349636865894985 -0.0023214515493152608 -4.6401423418568347e-05 -0.0010939357894998703
leaf_weight=254 123 119 316 88 637 93 160 172 65 289 91 468 99 193 70 65 67 230 71 190 218 62 142 131 94 63 308 78 128 62
leaf_count=254 123 119 316 88 637 93 160 172 65 289 91 468 99 193 70 65 67 230 71 190 218 62 142 131 94 63 308 78 128 62
internal_value=-0.000652301 -0.00398244 0.00278676 0.00555384 0.00759336 0.00626016 0.00132946 0.00362389 -0.00460317 0.00882565 0.0161818 -0.0091042 0.00096988 -0.00162791 -0.0124067 0.0118928 0.0140197 0.00456197 0.0114184 -0.000334395 -0.00617304 -0.000913838 -0.00472864 0.00178763 0.00871369 -0.00953908 -0.0124427 -0.00397059 -0.0119344 0.00371875
internal_weight=5146 2614 2532 1936 1682 1594 1285 1125 436 689 380 1329 825 726 263 769 704 463 136 309 596 378 861 367 236 494 431 233 300 155
internal_count=5146 2614 2532 1936 1682 1594 1285 1125 436 689 380 1329 825 726 263 769 704 463 136 309 596 378 861 367 236 494 431 233 300 155
is_linear=0
shrinkage=0.035


Tree=24
num_leaves=31
num_cat=0
split_feature=140 85 27 219 93 137 233 27 221 148 49 242 11 126 13 49 8 8 9 256 30 13 27 93 93 256 49 92 257 10
split_gain=52.1218 59.6187 47.7741 53.8592 42.3197 38.7404 48.6863 37.8422 42.7075 43.7179 37.1173 32.953 55.1111 31.3025 31.3028 30.9771 46.0876 29.2599 27.6594 26.3203 25.1916 24.5149 22.5957 20.7648 20.6337 25.1375 23.2754 19.7995 19.0286 22.4302
threshold=524.39001464843761 535.50000000000011 10446.000000000002 -37.892701160041902 3275.0000000000005 4972.5000000000009 6376.8149414062509 816.50000000000011 8.7139381744074225 1437.0000000000002 6903.0000000000009 39.461120541641613 52.455798309072442 67.000000000000014 152.48752919576938 2731.5000000000005 -230.63405784003427 -95.556731102538365 8.7950995189498276 31.700264910269947 467.25000000000006 129.533910337744 6386.0000000000009 7320.5000000000009 2320.0000000000005 41.15807413356216 4428.0000000000009 4.0681500434875497 6.1050765144251296 109.93972169063481
decision_type=2 2 2 2 2 2 2 2 2 2 2 2 2 2 2 2 2 2 2 2 2 2 2 2 2 2 2 2 2 2
left_child=2 4 3 7 24 6 11 27 -9 13 28 12 17 -10 -15 16 21 -3 -17 -14 -5 -11 -12 -22 25 -2 -26 -1 29 -7
right_child=1 5 -4 20 -6 10 -8 8 9 15 22 -13 19 14 -16 18 -18 -19 -20 -21 23 -23 -24 -25 26 -27 -28 -29 -30 -31
leaf_value=-0.0010190697873759653 -0.0017937051290007513 0.016855235057374518 0.020145113265367977 0.019246302199440898 -0.00074917232405497696 -5.5992003999451319e-05 -0.00059812706008369415 0.019727557559967124 -0.00083487056050288036 -0.0015348272962331401 0.021626207915955951 -0.0011161877099568646 0.020397322783689709 0.01716965068609316 -0.0027568329373497832 0.015885450042362487 0.01488321939650704 -0.0014664819460365598 -0.0023690766485314654 0.0054123356701677927 -0.0011009528251652062 0.024441221335138 -0.00071983534939375541 0.0074854233350680017 0.019323969097356293 0.021279428916995427 -0.00054669305586177441 0.021329463312892122 -0.0019177426202395839 -0.00079089055653893498
leaf_weight=193 67 72 113 103 960 202 117 116 84 131 80 113 210 587 62 70 201 116 303 129 377 68 61 63 122 75 127 61 89 74
leaf_count=193 67 72 113 103 960 202 117 116 84 131 80 113 210 587 62 70 201 116 303 129 377 68 61 63 122 75 127 61 89 74
internal_value=-0.000706659 -0.00416953 0.00286953 0.00180487 -0.00926622 0.00129732 0.00629265 0.00461457 0.00658267 0.00495698 -0.00616438 0.010093 0.01375 0.0110501 0.0136468 -0.000854756 0.00587654 -0.00145078 -0.00805556 0.0220785 -0.00785584 -0.0060049 0.00886986 -0.0114831 0.000441919 -0.01 0.00647638 -0.00783784 -0.0120135 -0.0072242
internal_weight=5146 2614 2532 2419 1351 1263 757 1876 1622 1506 506 640 527 733 649 773 400 188 373 339 543 199 141 440 391 142 249 254 365 276
internal_count=5146 2614 2532 2419 1351 1263 757 1876 1622 1506 506 640 527 733 649 773 400 188 373 339 543 199 141 440 391 142 249 254 365 276
is_linear=0
shrinkage=0.035


Tree=25
num_leaves=31
num_cat=0
split_feature=140 85 27 7 93 27 10 148 129 242 224 13 93 49 8 126 13 13 257 224 19 225 9 30 5 27 240 92 104 104
split_gain=51.359 57.3116 47.531 48.0607 40.6306 37.4054 41.5782 44.1308 35.9157 42.7342 56.923 72.1844 35.2013 30.0376 39.0951 28.5331 30.6249 25.804 25.0628 24.5346 41.8632 40.3942 24.2479 24.1872 23.3999 22.7858 20.2584 19.7995 19.4477 30.9044
threshold=524.39001464843761 535.50000000000011 10446.000000000002 -37.433338136976012 3450.0000000000005 816.50000000000011 8.4175716014706126 1437.0000000000002 565.50000000000011 34.637583065786778 0.99999999999044953 41.70111511424831 5025.0000000000009 2951.0000000000005 -230.63405784003427 67.000000000000014 152.48752919576938 129.41437195175203 2.8136031795061474 0.99999999999029454 529.39001464843761 0.20952104145014219 13.096709428196435 467.25000000000006 26.35461158275918 6853.5000000000009 16.513743693677977 4.0681500434875497 930.50000000000011 1504.0000000000002
decision_type=2 2 2 2 2 2 2 2 2 2 2 2 2 2 2 2 2 2 2 2 2 2 2 2 2 2 2 2 2 2
left_child=2 4 3 5 19 27 -7 15 9 10 11 12 -3 14 17 -8 28 -9 -14 20 -2 -22 -15 -5 -20 -11 -6 -1 -17 -30
right_child=1 8 -4 23 26 6 7 13 -10 25 -12 -13 18 22 -16 16 -18 -19 24 -21 21 -23 -24 -25 -26 -27 -28 -29 29 -31
leaf_value=-0.00098340234481780601 0.030046092913152352 -0.0015966564867229401 0.019440034301080097 0.018530949780225851 -0.00087742156490933684 0.01878653197348611 -0.00067323986089456599 -0.001456680166881718 -0.00051376604583579298 -0.00082085342067515147 -0.0013854874663871573 0.016746386792592136 0.021283943482183168 0.014738939616282181 0.013884598343950011 0.018497961170425369 -0.002660343784542542 0.0202538956793165 0.020455815015128109 -0.0016509569408110518 -0.0012648662291507788 0.014799499089645696 -0.002266669407868595 -0.00084260835108906928 -0.0030510180681119384 0.00083833119565419455 0.0022371159339394714 0.020582932096940901 -0.0050324983783165984 0.017870398755149668
leaf_weight=193 86 119 113 106 836 121 82 122 176 280 60 283 100 70 204 210 60 96 73 62 228 64 276 444 71 101 75 61 104 270
leaf_count=193 86 119 113 106 836 121 82 122 176 280 60 283 100 70 204 210 60 96 73 62 228 64 276 444 71 101 75 61 104 270
internal_value=-0.000625121 -0.00406262 0.00292471 0.00186262 -0.00905973 0.00453842 0.00650309 0.00485657 0.00129732 0.0036859 0.00876231 0.011828 0.00142663 -0.000996119 0.0052459 0.0110123 0.0134823 -0.00502242 0.00899598 -0.000314607 0.00310705 -0.00329966 -0.0085755 -0.00718919 -0.000469799 -0.00571244 -0.0132587 -0.00783784 0.0159253 0.0108971
internal_weight=5146 2614 2532 2419 1351 1869 1615 1494 1263 1087 706 646 363 768 422 726 644 218 244 440 378 292 346 550 144 381 911 254 584 374
internal_count=5146 2614 2532 2419 1351 1869 1615 1494 1263 1087 706 646 363 768 422 726 644 218 244 440 378 292 346 550 144 381 911 254 584 374
is_linear=0
shrinkage=0.035


Tree=26
num_leaves=31
num_cat=0
split_feature=140 85 93 8 137 107 8 10 243 221 9 242 218 115 242 60 224 161 258 115 71 155 71 151 201 211 242 140 240 10
split_gain=49.4512 55.1312 42.2033 40.0634 38.459 44.2177 35.9543 35.8751 34.141 38.0101 33.3762 54.0993 32.8648 30.3102 29.9773 28.4682 26.9928 26.8821 24.0718 36.8772 23.8193 30.9212 28.0923 22.1966 21.6787 20.7658 20.3586 20.0386 19.7281 19.4577
threshold=524.39001464843761 535.50000000000011 3450.0000000000005 -60.074013096602805 4972.5000000000009 564.50000000000011 -230.63405784003427 40.610392644851103 6.0886079272822071 108.27614701385939 28.938385142834065 36.22524278782987 66.513586043242 5270.0000000000009 82.732806611955553 6187.0000000000009 -0.99999999998922262 0.26837499439716345 0.02674999833106995 5741.5000000000009 4969.0000000000009 0.041692580536394928 9721.5000000000018 0.28204999864101415 0.27384999766945844 -0.12161970838644524 31.113547069951153 553.50000000000011 16.513743693677977 174.78903994172066
decision_type=2 2 2 2 2 2 2 2 2 2 2 2 2 2 2 2 2 2 2 2 2 2 2 2 2 2 2 2 2 2
left_child=3 2 13 6 5 10 7 14 9 26 12 -12 27 15 -1 23 -8 -18 19 24 21 29 -22 -2 -5 -26 -6 -3 -4 -19
right_child=1 4 28 18 8 -7 16 -9 -10 -11 11 -13 -14 -15 -16 -17 17 20 -20 -21 22 -23 -24 -25 25 -27 -28 -29 -30 -31
leaf_value=-0.0012188499823866401 0.020154015702798372 -0.0021128647060816817 -0.00084671181013751024 -0.0014305233907551985 0.014228309287270671 -0.00052745558203759458 0.018739204878920585 -0.0011478316133208184 -0.0018811893029319904 -0.00067584462307403008 0.018825983787767189 -0.00068824278742317185 0.015567464915933733 -0.00096628814659664144 0.018498629000470019 -0.0015395807895148455 0.018888658986866036 0.0094441952103277108 -0.0015702975389666363 0.012043235585438605 -0.0030809785887085288 -0.0005296224578913636 0.012901617176717615 3.1521323807801595e-05 -0.0013921862303174753 0.013657389858217789 -0.00031820865960834613 0.010471755782855563 0.00215881687625159 0.018206009397499306
leaf_weight=111 121 76 836 91 148 146 166 339 96 99 247 105 87 122 160 98 139 355 118 75 175 244 94 99 76 132 163 96 75 257
leaf_count=111 121 76 836 91 148 146 166 339 96 99 247 105 87 122 160 98 139 355 118 75 175 244 94 99 76 132 163 96 75 257
internal_value=-0.000475636 -0.0038488 -0.00875 0.00300749 0.00140773 0.00638451 0.0051687 -0.00193496 -0.0060274 -0.00151807 0.0105114 0.017451 0.00092803 0.000157303 0.00748188 0.00585139 0.00819512 0.00639874 -0.00591549 -0.00147757 0.0045531 0.00739837 -0.0044708 0.0127556 -0.00702303 -0.000657277 0.00454114 -0.0079096 -0.0130295 0.0115721
internal_weight=5146 2614 1351 2532 1263 757 2040 610 506 410 611 352 259 440 271 318 1430 1264 492 374 1125 856 269 220 299 208 311 172 911 612
internal_count=5146 2614 1351 2532 1263 757 2040 610 506 410 611 352 259 440 271 318 1430 1264 492 374 1125 856 269 220 299 208 311 172 911 612
is_linear=0
shrinkage=0.035


Tree=27
num_leaves=31
num_cat=0
split_feature=115 211 104 129 153 133 222 137 137 246 27 9 63 160 19 272 137 203 60 215 19 60 181 71 137 8 2 203 12 152
split_gain=44.7776 41.2894 42.8015 42.2893 40.8836 40.5214 37.9977 36.8763 34.3496 33.6595 32.4812 34.5779 31.4437 30.7415 30.6067 27.9259 27.5224 26.2283 25.6075 26.8421 44.2908 32.1906 24.9544 25.4857 23.5546 20.3279 20.2183 19.0285 17.3548 16.061
threshold=3999.0000000000005 -0.056050141774797134 1531.5000000000002 565.50000000000011 0.51261122045762741 69.290938263246488 35.469484147435416 4731.5000000000009 9858.0000000000018 0.88479431758059524 807.50000000000011 -20.502599018570844 562.50000000000011 0.045049995183944709 527.75000000000011 0.01609999313950539 5025.0000000000009 0.81212606760428374 10557.500000000002 -0.084449999034404741 484.50000000000006 252.50000000000003 0.18490000069141391 7834.0000000000009 63.500000000000007 -101.35161655865225 522.44500732421886 0.54891308476019696 10.026242908114495 0.23730899101343531
decision_type=2 2 2 2 2 2 2 2 2 2 2 2 2 2 2 2 2 2 2 2 2 2 2 2 2 2 2 2 2 2
left_child=7 -2 4 5 6 12 -3 10 25 26 24 -12 14 -7 -4 29 22 -18 19 20 -17 -21 -16 -24 -1 -9 -6 28 -23 -13
right_child=1 2 3 -5 9 13 -8 8 -10 -11 11 15 -14 -15 16 18 17 -19 -20 21 -22 27 23 -25 -26 -27 -28 -29 -30 -31
leaf_value=0.00069299066724158598 -0.001312200121326413 -0.0010703324471661394 0.015898869248573783 -0.00049196776622161106 0.006710547422567807 0.011267713283532625 0.016245770652236542 9.9555872675355934e-05 0.0039943756941350408 0.011723141680964069 0.016285687804364266 -0.00094430649648488663 0.01790527797946111 -0.0024129369330038192 0.014848410673144819 0.014954457283883461 -0.0010607330486645423 0.017505578266376606 -0.0017523040874787242 -0.0018085809637056155 -0.0010180419781666448 0.0085563519133638379 -0.00051699529599716972 0.01338066629112921 -0.0015065945742239635 -0.0011207629693397881 -0.00078098624786522998 0.020262217623058212 0.02039219668347134 0.00064592165254088649
leaf_weight=93 199 626 170 170 74 71 64 63 90 110 166 384 78 112 80 137 139 97 82 64 158 446 124 71 153 159 102 290 272 302
leaf_count=93 199 626 170 170 74 71 64 63 90 110 166 384 78 112 80 137 139 97 82 64 158 446 124 71 153 159 102 290 272 302
internal_value=-0.000706659 -0.00435209 -0.00287625 0.00181737 -0.00820591 0.00473073 -0.0127914 0.00221194 -0.00905363 0.0028866 0.00360697 0.00490243 0.00829188 -0.00986702 0.00576531 0.00367991 0.00142442 -0.00726141 0.0064271 0.00757653 -0.00175 0.0101393 0.008875 0.001925 -0.00836653 -0.0163436 -0.00657459 0.0116782 0.00852006 -0.00212735
internal_weight=5146 2287 2088 1112 976 942 690 2859 312 286 2547 2301 759 183 681 2135 511 236 1449 1367 295 1072 275 195 246 222 176 1008 718 686
internal_count=5146 2287 2088 1112 976 942 690 2859 312 286 2547 2301 759 183 681 2135 511 236 1449 1367 295 1072 275 195 246 222 176 1008 718 686
is_linear=0
shrinkage=0.035


Tree=28
num_leaves=31
num_cat=0
split_feature=140 74 8 30 137 27 11 13 223 242 137 27 148 115 183 223 33 71 27 49 8 8 137 136 201 6 137 80 49 225
split_gain=45.49 55.0294 46.7487 43.7295 43.189 40.9583 40.6081 34.962 46.7509 38.9836 33.5536 29.1349 30.1044 43.6328 34.5095 32.7316 31.2009 28.3657 26.3825 24.1236 23.6086 22.4147 22.2818 21.5263 22.5438 22.7383 21.009 20.3657 19.3879 18.5264
threshold=524.39001464843761 535.50000000000011 -60.074013096602805 565.50000000000011 4972.5000000000009 807.50000000000011 35.579864039760949 42.943911580401043 17.848565190279405 36.22524278782987 3999.0000000000005 10446.000000000002 1463.0000000000002 1585.5000000000002 0.93600130434882789 14.496532897008509 0.49850000441074377 5083.0000000000009 4022.5000000000005 6903.0000000000009 -226.18723085721561 -67.419073994151233 63.500000000000007 3.1002000570297246 0.24407499656081202 2.8785210863961805 4004.5000000000005 -5.2874694743057473 4473.5000000000009 0.16521380293421331
decision_type=2 2 2 2 2 2 2 2 2 2 2 2 2 2 2 2 2 2 2 2 2 2 2 2 2 2 2 2 2 2
left_child=2 10 5 4 7 22 -7 8 21 -9 23 12 14 20 15 -8 -15 -11 -4 -6 -14 -3 -1 24 25 -2 28 -21 -20 -25
right_child=1 3 18 -5 19 6 11 9 -10 17 -12 -13 13 16 -16 -17 -18 -19 26 27 -22 -23 -24 29 -26 -27 -28 -29 -30 -31
leaf_value=0.00066873599388812995 0.020727713693984507 -0.0026207062208917138 -0.0014804873373928387 -0.00065787499518289998 -0.00072939963710941952 0.019851571280630708 0.019164770315902899 0.01450836496297272 0.017786446115832823 0.016888769864810225 -0.00071335287940120094 0.016567760899841182 -0.00062950581716185341 -0.0026331855126616602 -0.00088047730829450674 0.0067006264467263897 0.010839806492613199 -0.0015524454472856076 0.00024264685801340366 -0.00070722750210151818 0.013239015260460407 0.00016542631102741735 -0.0013768963007565805 -0.00017986299514670596 -0.0014023494794379728 -0.0019075304909410091 0.011631990111152566 0.017326781987811964 -0.0010070016594374582 0.0093034841635595087
leaf_weight=93 81 91 280 119 314 88 376 226 81 71 512 73 245 181 73 359 99 73 72 60 292 137 161 262 348 70 76 63 64 106
leaf_count=93 81 91 280 119 314 88 376 226 81 71 512 73 245 181 73 359 99 73 72 60 292 137 161 262 348 70 76 63 64 106
internal_value=-0.000747428 -0.00398244 0.00259361 0.00138306 0.00355932 0.0049291 0.00680067 0.00905702 0.000334395 0.01624 -0.00877529 0.00554903 0.00453067 -0.000212895 0.00929889 0.0115878 -0.0112982 0.00187919 -0.00704225 -0.00498869 0.00561808 -0.00781116 -0.00810811 -0.00453555 -0.00923611 0.00201923 0.00225806 0.00792969 -0.00595745 0.00187668
internal_weight=5146 2614 2532 1235 1116 2040 1786 679 309 370 1379 1698 1625 817 808 735 280 144 492 437 537 228 254 867 499 151 212 123 136 368
internal_count=5146 2614 2532 1235 1116 2040 1786 679 309 370 1379 1698 1625 817 808 735 280 144 492 437 537 228 254 867 499 151 212 123 136 368
is_linear=0
shrinkage=0.035


Tree=29
num_leaves=31
num_cat=0
split_feature=140 85 27 7 30 242 13 5 27 221 148 115 137 211 71 2 13 22 30 224 151 41 8 49 103 136 71 60 242 141
split_gain=46.2568 47.7484 46.1541 52.0906 41.5723 40.4212 46.6108 54.9711 39.8226 38.5932 36.9635 35.2603 35.1176 32.6772 32.6213 35.136 28.7992 28.2945 26.2686 25.3064 27.2244 36.544 24.6503 21.8371 21.0573 20.2702 20.2416 19.996 19.3723 19.0525
threshold=524.39001464843761 535.50000000000011 10446.000000000002 -37.433338136976012 565.50000000000011 34.637583065786778 41.70111511424831 74.454643801321097 816.50000000000011 8.7139381744074225 1437.0000000000002 1585.5000000000002 3999.0000000000005 0.84724815590555747 6675.0000000000009 540.16497802734386 152.48752919576938 0.48235000669956213 467.25000000000006 0.9999999999928787 0.26950000599026686 529.89001464843761 -226.18723085721561 4330.5000000000009 4.069700002670289 3.0303000211715703 3670.0000000000005 1804.5000000000002 60.162725022227896 37.095183904056753
decision_type=2 2 2 2 2 2 2 2 2 2 2 2 2 2 2 2 2 2 2 2 2 2 2 2 2 2 2 2 2 2
left_child=2 12 3 8 5 6 14 -8 24 -10 13 22 19 16 15 -3 -11 -13 -5 20 21 -2 -12 -17 -1 28 -27 -7 -22 -20
right_child=1 4 -4 18 -6 27 7 -9 9 10 11 17 -14 -15 -16 23 -18 -19 29 -21 25 -23 -24 -25 -26 26 -28 -29 -30 -31
leaf_value=-0.00097810690986252957 0.023028179280020815 0.017855574475270058 0.017044740832919236 0.016729257767894835 -0.00063484937035149908 -0.0007371179021851543 0.014648174747426952 -0.00089759848536985389 0.016927591412491633 0.015166005918700447 -0.00073619985894369968 -0.0025243111007810523 -0.00074647794063870544 -0.0013365267647641001 0.018734190739021345 0.015131190663450948 -0.0028405523777455697 0.010689937813297396 0.00012732065766522693 -0.0017671224771685467 -0.0020944594422549652 -0.0001653525220775476 0.011816809960820802 -0.0015022195020768429 0.01963290482181082 0.0043483052357723689 -0.00093099905638254334 -5.7264873629836184e-05 0.004977230346213563 -0.0010771940452334611
leaf_weight=193 100 77 113 106 119 135 281 61 116 607 229 201 490 61 100 70 62 81 74 68 176 272 258 166 61 106 71 254 68 370
leaf_count=193 100 77 113 106 119 135 281 61 116 607 229 201 490 61 100 70 62 81 74 68 176 272 258 166 61 106 71 254 68 370
internal_value=-0.000720248 -0.00398244 0.0026488 0.00160272 0.000910883 0.0029852 0.00769079 0.017147 0.00438901 0.00641667 0.0048637 -0.000497416 -0.00854351 0.0104762 -0.000251196 -0.00583333 0.0127226 -0.0102439 -0.00781982 -0.00424365 -0.00241228 0.00445623 0.00519309 -0.0124896 -0.00837838 -0.00846244 0.000576923 -0.00612944 -0.0148996 -0.0115367
internal_weight=5146 2614 2532 2419 1263 1144 755 342 1869 1615 1499 769 1351 730 413 313 669 282 550 861 793 372 487 236 254 421 177 389 244 444
internal_count=5146 2614 2532 2419 1263 1144 755 342 1869 1615 1499 769 1351 730 413 313 669 282 550 861 793 372 487 236 254 421 177 389 244 444
is_linear=0
shrinkage=0.035


Tree=30
num_leaves=31
num_cat=0
split_feature=137 2 121 126 103 38 225 82 74 27 126 233 13 10 246 224 27 6 11 9 247 129 255 30 93 242 8 2 31 26
split_gain=43.3532 35.3693 39.6205 37.2923 32.5534 34.83 42.2765 45.9391 31.1417 44.9793 43.1241 39.8126 32.3249 32.0832 30.3448 26.941 33.7188 26.7248 26.1977 32.4098 25.482 24.2036 30.1803 29.9819 30.4339 29.5909 23.7154 21.9717 21.2428 21.0917
threshold=3537.5000000000005 521.22497558593761 0.27464999258518225 977.50000000000011 4.1282999515533456 3210.5000000000005 0.1885605178959843 3285.0000000000005 516.50000000000011 816.50000000000011 245.50000000000003 6085.5400390625009 90.562927936766002 12.098080143377313 0.14825010875336089 0.99999999999096534 9082.0000000000018 -5.8302096042818725 226.49714517105443 108.20196140877424 569.11999511718761 533.50000000000011 -3.922136225539274 565.50000000000011 3999.0000000000005 31.113547069951153 -62.86730747302866 495.99499511718756 -62.100432027570314 2.3776500225067143
decision_type=2 2 2 2 2 2 2 2 2 2 2 2 2 2 2 2 2 2 2 2 2 2 2 2 2 2 2 2 2 2
left_child=4 2 3 -2 8 -6 29 -8 9 -1 -11 12 -10 -12 18 16 21 20 19 27 -4 22 -3 24 -23 -26 -13 -15 -14 -7
right_child=1 15 17 -5 5 6 7 -9 11 10 13 26 28 14 -16 -17 -18 -19 -20 -21 -22 23 -24 -25 25 -27 -28 -29 -30 -31
leaf_value=-0.00086307281042995708 -0.00041796638924993776 0.00035667707127243046 0.013916252415228385 0.016024339245710579 0.0124817865386014 0.0089576911930156228 -0.0019341101662684885 0.020283473410303881 -0.0020593844336985936 -0.0016044960324759997 0.017746610686321027 -0.0013157007773197023 0.017494894554484552 -0.0015344296362252805 0.018418108672815525 -0.00147977122552324 -0.0010403977141322303 -0.0013909684890009201 0.018892173164694992 -0.0023282916947650429 -0.0019671982780804687 -0.00070232361531463814 -0.00072101625769109394 -0.00091022613285072563 0.015027144423369589 -0.00020430952428263872 0.019112626942480036 0.015366079775117608 -0.0025758597068256885 -0.00063017335452887797
leaf_weight=194 60 108 173 123 531 93 61 153 311 104 108 79 60 170 256 125 173 146 85 72 85 62 361 77 227 279 78 126 63 603
leaf_count=194 60 108 173 123 531 93 61 153 311 104 108 79 60 170 256 125 173 146 85 72 85 62 361 77 227 279 78 126 63 603
internal_value=-0.000638711 -0.00466317 0.00254223 0.0158245 0.001921 0.00578492 0.00160656 0.0150228 -0.00135009 0.00209375 0.00532937 -0.0078104 -0.0132346 0.00804745 0.0052451 -0.00765702 -0.0060952 -0.00359413 -0.000229258 -0.00431635 0.00319392 -0.00381591 -0.00982068 0.000592308 0.00342059 0.00630137 0.00712963 0.000930233 0.00191406 -0.00259629
internal_weight=5146 1999 587 183 3147 1441 910 214 1706 1115 921 591 434 817 709 1412 1287 404 453 368 258 1114 469 645 568 506 157 296 123 696
internal_count=5146 1999 587 183 3147 1441 910 214 1706 1115 921 591 434 817 709 1412 1287 404 453 368 258 1114 469 645 568 506 157 296 123 696
is_linear=0
shrinkage=0.035


Tree=31
num_leaves=31
num_cat=0
split_feature=60 140 93 8 13 256 49 85 129 242 93 10 13 243 126 224 41 11 93 137 52 11 214 153 11 8 91 2 104 82
split_gain=41.0429 52.3872 45.0056 47.6418 48.0011 48.6284 39.9404 37.7717 41.2767 39.2693 32.5172 32.47 49.7738 38.2565 30.3846 29.0969 36.648 28.3355 28.0019 26.9179 25.9559 25.605 25.3503 24.7735 24.4323 23.479 23.3607 20.7911 20.1979 28.7765
threshold=328.50000000000006 524.39001464843761 5499.5000000000009 -73.366411155888514 113.12891003101464 78.505260609478043 4553.5000000000009 535.50000000000011 565.50000000000011 39.867977906769262 3275.0000000000005 108.49504232844406 39.987350473716212 3.9252159113990941 7468.0000000000009 0.99999999999029454 528.50000000000011 108.76259473665529 2320.0000000000005 5929.5000000000009 469.50000000000006 203.13674564002005 0.049800023436546333 0.16129738682367886 71.982001920419478 -174.27081937238356 -5.829318078086076 565.08001708984386 950.50000000000011 3229.5000000000005
decision_type=2 2 2 2 2 2 2 2 2 2 2 2 2 2 2 2 2 2 2 2 2 2 2 2 2 2 2 2 2 2
left_child=17 2 3 4 6 -6 22 10 9 11 15 12 13 19 27 16 -3 -1 -18 -9 -5 23 -2 -22 -7 -26 -19 -14 -24 -30
right_child=1 7 -4 20 5 24 -8 8 -10 -11 -12 -13 14 -15 -16 -17 18 26 -20 -21 21 -23 28 -25 25 -27 -28 -29 29 -31
leaf_value=0.0091953023070133096 0.016734031911928796 0.029137599674016412 0.015021103685651124 0.016834215072899145 -0.0013066036247310041 0.017528349068845848 -0.00041975888785242776 -0.0005314008619698036 -0.00065939904736890434 -0.0010184908765854593 -0.00063851122352497904 -0.00047605630341172075 0.015502656838463314 -0.0030092902396139007 -0.00049593769049398112 -0.0014564242104421934 -0.0018227894092185466 0.0001286960962448612 0.0087653561103448498 0.02121878039106119 -0.00122934682342884 -0.0028354836923032913 0.020164976146646651 0.011534131745312176 -0.00094559494223425255 0.008563001098319048 -0.0013499896781949913 7.5425428788693805e-05 -0.0089957457434234386 0.014130648236742151
leaf_weight=91 321 81 215 92 158 78 220 89 176 164 929 92 326 121 82 60 87 64 161 61 192 95 81 80 334 230 213 72 102 79
leaf_count=91 321 81 215 92 158 78 220 89 176 164 929 92 326 121 82 60 87 64 161 61 192 95 81 80 334 230 213 72 102 79
internal_value=-0.000828965 4.39055e-05 0.00388037 0.00226899 0.00511505 -0.000956522 0.0111324 -0.00344972 0.00109007 0.00383893 -0.00751323 0.00689269 0.00930556 -0.00266304 0.0160206 0.000977157 0.00513473 -0.0120107 -0.00166008 0.00903226 -0.00761853 -0.0117608 0.0158929 -0.00606498 0.00335394 0.000738137 -0.0175 0.0199752 0.007603 0.00094086
internal_weight=5146 4778 2277 2062 1603 800 803 2501 1183 1007 1318 843 751 271 480 389 329 368 248 150 459 367 583 272 642 564 277 398 262 181
internal_count=5146 4778 2277 2062 1603 800 803 2501 1183 1007 1318 843 751 271 480 389 329 368 248 150 459 367 583 272 642 564 277 398 262 181
is_linear=0
shrinkage=0.035


Tree=32
num_leaves=31
num_cat=0
split_feature=60 140 224 260 6 213 82 55 13 247 2 49 11 11 60 11 243 142 81 91 153 260 36 153 8 49 148 19 232 49
split_gain=38.6236 50.3987 41.1872 37.1594 46.434 34.9372 44.2896 48.8355 61.8822 45.3857 67.4898 35.6135 31.856 27.0946 24.7612 39.7193 23.2823 22.5259 22.1952 22.1297 21.5997 28.1742 20.8058 20.2676 19.437 22.6868 18.7219 23.2548 17.6228 17.5942
threshold=328.50000000000006 522.50000000000011 0.9999999999928787 0.40415869748321137 -1.7267125754176911 11.024953346227241 1608.5000000000002 0.41915000975131994 39.987350473716212 606.38500976562511 528.40499877929699 3948.0000000000005 46.506600493351904 108.76259473665529 1834.0000000000002 216.42934703984642 4.0266823164534644 0.82205000519752514 3.1965000629425053 -5.829318078086076 -0.026413675211134312 0.87773940840369258 -9.4406270502817495 0.41801356720574473 -78.621059663820148 2502.5000000000005 183.00000000000003 551.50000000000011 13.175794439916347 7736.0000000000009
decision_type=2 2 2 2 2 2 2 2 2 2 2 2 2 2 2 2 2 2 2 2 2 2 2 2 2 2 2 2 2 2
left_child=13 3 5 12 -5 6 20 8 11 10 -10 -8 18 -1 22 23 -12 -7 -2 -15 -3 26 -14 24 -16 -26 27 -22 -11 -19
right_child=1 2 -4 4 -6 17 7 -9 9 28 16 -13 14 19 15 -17 -18 29 -20 -21 21 -23 -24 -25 25 -27 -28 -29 -30 -31
leaf_value=0.0088734667262678445 0.00055949434772846745 -0.0009835870055746414 -0.0020649307334699996 0.015525831805429468 -0.00033085206955503271 -0.00079923448257176186 0.019220407843893211 -0.0029378768245052374 0.016229118855213994 0.015155659988583061 -0.0017661490261266673 -0.0013869606660975615 -0.00070850726860944787 0.00012419173287629026 0.00026673348966586413 0.014474320390922115 -1.5678751624290112e-05 0.00038262548953872769 0.014096480797003853 -0.0013027400394581663 0.022864552534214124 -0.0010061791702255564 -0.0052068054891272969 0.013768701651538788 0.0090512418729785538 -0.0017362336402930042 -0.00043856901096815117 -0.00032894264177772887 0.006850379355023666 -0.00075494466191024798
leaf_weight=91 62 102 137 254 123 459 72 107 267 276 97 186 158 64 724 216 121 188 98 213 78 78 92 103 71 176 264 71 114 84
leaf_count=91 62 102 137 254 123 459 72 107 267 276 97 186 158 64 724 216 121 188 98 213 78 78 92 103 71 176 264 71 114 84
internal_value=-0.000788196 5.85407e-05 -0.00309128 0.00415226 0.0140183 -0.00207084 0.000514146 0.00427309 0.00642794 0.010858 0.00364286 -0.00851711 0.00192962 -0.0116354 0.00036246 0.00232432 -0.0106726 -0.00851223 0.0165455 -0.0170035 -0.00731605 -0.00416331 -0.00960784 -0.000454124 -0.00204406 -0.0104167 -0.00041866 0.00931818 0.0196709 -0.000505415
internal_weight=5146 4778 2701 2077 377 2564 1833 1240 1133 875 485 258 1700 368 1540 1290 218 731 160 277 593 491 250 1074 971 247 413 149 390 272
internal_count=5146 4778 2701 2077 377 2564 1833 1240 1133 875 485 258 1700 368 1540 1290 218 731 160 277 593 491 250 1074 971 247 413 149 390 272
is_linear=0
shrinkage=0.035


Tree=33
num_leaves=31
num_cat=0
split_feature=115 148 284 160 283 9 70 22 5 274 104 233 148 153 201 221 52 44 129 190 242 148 215 41 205 165 186 214 140 173
split_gain=39.2864 43.4472 30.8377 33.008 28.57 41.8922 33.2493 28.5393 57.6903 27.5708 37.5365 50.8455 36.5522 28.9617 26.3896 26.2069 24.9403 27.8828 23.5508 23.7083 21.6214 21.5226 21.9868 21.3852 21.1792 22.5205 21.0302 20.9633 19.9254 19.8873
threshold=3999.0000000000005 19.500000000000004 1.0000000180025095e-35 -0.030549973249435421 1.0000000180025095e-35 80.410782272631181 4.5083999633789071 0.37034998834133154 117.90789336446846 -0.056050141774797134 1531.5000000000002 6381.1950683593759 2001.0000000000002 0.3277855479509309 0.39717499911785131 51.326420597819094 527.75000000000011 0.29854999482631689 552.75000000000011 -0.0086000338196754438 27.155077317326008 941.50000000000011 -0.048800013959407799 551.50000000000011 0.027274647070327545 0.023372285715115022 -0.56092167288456751 0.055700011551380164 493.50000000000006 0.27795353413916363
decision_type=2 2 2 2 2 2 2 2 2 2 2 2 2 2 2 2 2 2 2 2 2 2 2 2 2 2 2 2 2 2
left_child=1 -1 3 -3 5 6 15 8 16 -2 13 12 14 28 18 21 17 -7 19 23 -8 -5 -23 27 25 -15 -14 -12 -11 -4
right_child=9 2 29 4 -6 7 20 -9 -10 10 11 -13 26 24 -16 -17 -18 -19 -20 -21 -22 22 -24 -25 -26 -27 -28 -29 -30 -31
leaf_value=-0.0010187892215203194 -0.001071046916131322 -0.0011333181943039945 0.011824690304051316 0.018869358217652163 0.014128953000130914 0.019506602073277868 -0.0011924171816976544 0.015361523587251064 -0.0014638380555559846 0.0048959563173460955 0.01270170956116593 -0.00070819680135412598 0.012115744325114993 -0.00077746801935929543 -0.0017840508056393945 -0.0010474841303733887 -0.00031715471785778552 0.0027701887671103425 0.016542413730528335 -0.0012049628797807233 0.017247000172216337 -0.0035710494400421635 0.0064100823155051412 -0.00067665469803893335 -0.00073853267232972528 0.0035596171880635631 -0.0012902973376642567 3.8373340336104737e-05 -0.0011968137474984348 -0.0014755341137087084
leaf_weight=117 199 64 62 102 220 209 79 305 128 71 239 156 78 71 91 688 71 139 129 68 164 179 238 84 146 244 152 115 444 94
leaf_count=117 199 64 62 102 220 209 79 305 128 71 239 156 78 71 91 688 71 139 129 68 164 179 238 84 146 244 152 115 444 94
internal_value=-0.000937682 0.00179644 0.00270113 0.00362022 0.00426593 0.00309493 -0.00052921 0.00922987 0.004375 -0.00435209 -0.00314381 0.00125336 0.00429761 -0.00813456 0.00813953 -0.00291667 0.0106486 0.0144759 0.0106641 0.00712329 0.0111492 0.00300573 -0.000580569 0.0101129 -0.00172747 0.00339063 -0.00774468 0.013844 -0.0137981 -0.0121739
internal_weight=5146 2859 2742 2586 2522 2302 1450 852 547 2287 2088 1112 956 976 726 1207 419 348 635 506 243 519 417 438 461 315 230 354 515 156
internal_count=5146 2859 2742 2586 2522 2302 1450 852 547 2287 2088 1112 956 976 726 1207 419 348 635 506 243 519 417 438 461 315 230 354 515 156
is_linear=0
shrinkage=0.035


Tree=34
num_leaves=31
num_cat=0
split_feature=140 126 93 137 213 224 110 82 242 13 233 96 147 71 8 104 10 224 147 115 287 254 4 9 247 91 243 13 214 255
split_gain=43.4043 45.6609 38.9429 35.3186 35.1587 41.8753 42.0221 32.0528 59.2862 35.2763 32.6315 43.8838 28.7183 28.3221 28.1386 39.5891 30.2474 35.9676 29.8017 26.3061 25.0834 23.2032 22.2541 19.1999 17.3319 17.2702 17.134 23.5783 32.0273 22.1414
threshold=522.50000000000011 67.000000000000014 5499.5000000000009 4731.5000000000009 11.085137972100691 0.9999999999928787 0.38695000112056738 1672.5000000000002 35.7009446136992 39.987350473716212 6085.5400390625009 528.50000000000011 2.891049981117249 3044.0000000000005 -61.306089364537137 804.50000000000011 17.202592054851969 0.94203634351648868 2.1931500434875493 2722.0000000000005 1.0000000180025095e-35 3.0467269416800673 -99.272370524421106 120.17476507988201 619.72500610351574 -5.7962491310992839 6.7138603407013138 56.909335072206922 0.026899997144937519 -2.0899909406268953
decision_type=2 2 2 2 2 2 2 2 2 2 2 2 2 2 2 2 2 2 2 2 2 2 2 2 2 2 2 2 2 2
left_child=1 -1 14 4 5 6 7 8 -2 21 11 22 -13 -5 15 20 18 -18 -17 -19 -3 24 -11 -4 -9 -16 27 28 -15 -29
right_child=3 2 23 13 -6 -7 -8 9 -10 10 -12 12 -14 26 25 16 17 19 -20 -21 -22 -23 -24 -25 -26 -27 -28 29 -30 -31
leaf_value=-0.00044951310806104543 0.012469711204517675 0.0020069714188517503 0.013504657389092524 -0.0018252199940309722 -0.00069722233155056418 -0.0020352726382650448 -0.0014148835048191344 0.022433374028814717 -0.00088266244101332914 -0.0022907916877680521 0.012799318140857932 -0.0022459495336378042 0.00030354804774991866 -0.00087832480684384802 0.016260488102135092 -0.00075525038543394209 -0.00063146585418579436 0.013735868033034322 0.016503750685528246 -0.0035282216525320156 0.01745686218958703 -0.001874240089554539 0.018440718388740576 0.0067412257354163563 -0.00048441705361431363 -0.0014438880284328255 -0.0010584689863916488 6.0436586393408662e-06 0.011571738695968545 -0.00078609900174673401
leaf_weight=183 95 89 143 85 284 116 157 60 236 60 328 72 103 110 76 92 875 189 136 90 138 92 162 66 80 244 190 151 185 259
leaf_count=183 95 89 143 85 284 116 157 60 236 60 328 72 103 110 76 92 875 189 136 90 138 92 162 66 80 244 190 151 185 259
internal_value=-0.00133178 0.00221195 0.00365842 -0.00424205 -0.00138108 0.000692848 0.00234138 0.00443929 -0.00489583 0.00767672 0.0114589 0.00461443 -0.00836111 -0.00959391 0.00208118 0.0039684 0.00171593 -0.000603969 0.0132189 0.0102289 0.0173491 -0.00413502 0.0148018 0.0178271 0.00482759 -0.00732308 -0.00766111 -0.00507746 0.00245 -0.0104578
internal_weight=5146 2321 2138 2825 1845 1561 1445 1288 331 957 725 397 175 980 1929 1609 1382 1154 228 279 227 232 222 209 140 320 895 705 295 410
internal_count=5146 2321 2138 2825 1845 1561 1445 1288 331 957 725 397 175 980 1929 1609 1382 1154 228 279 227 232 222 209 140 320 895 705 295 410
is_linear=0
shrinkage=0.035


Tree=35
num_leaves=31
num_cat=0
split_feature=140 126 93 4 213 82 33 13 8 247 2 8 104 222 13 82 256 163 281 287 13 257 27 104 103 240 91 232 9 183
split_gain=45.2309 43.9514 38.7629 34.9231 36.1821 43.1767 51.6981 54.4512 39.0199 32.7086 51.231 29.6649 37.3208 29.5244 36.0713 33.3832 29.1097 27.3606 27.0326 24.0559 21.397 37.6682 22.6834 21.0832 25.3162 20.7037 20.1704 20.1502 19.1999 19.0127
threshold=522.50000000000011 67.000000000000014 5499.5000000000009 32.066639042438581 11.024953346227241 1608.5000000000002 0.37864999473094946 39.987350473716212 -30.727097604490762 606.38500976562511 528.11499023437511 -61.306089364537137 804.50000000000011 24.253124750046521 120.63748574937148 7364.0000000000009 78.505260609478043 0.046215766521237787 1.0000000180025095e-35 1.0000000180025095e-35 36.498797576956214 4.9948110850124037 4624.5000000000009 1718.0000000000002 4.4645001888275155 10.378481315734824 -4.0858921358025642 13.175794439916347 120.17476507988201 0.98736469049521658
decision_type=2 2 2 2 2 2 2 2 2 2 2 2 2 2 2 2 2 2 2 2 2 2 2 2 2 2 2 2 2 2
left_child=1 -1 11 4 5 8 7 17 25 10 26 12 19 14 23 -15 -16 -7 -18 -3 21 -6 -22 -14 -25 29 -9 -11 -4 -2
right_child=3 2 28 -5 20 6 -8 9 -10 27 -12 -13 13 15 16 -17 18 -19 -20 -21 22 -23 -24 24 -26 -27 -28 -29 -30 -31
leaf_value=-0.0004337801492789079 -0.00051690873869485242 0.001936727419191939 0.013031994380474286 -0.0019580843337645829 0.017466243380921207 0.0043995306360083046 -0.0020940662910199663 0.01247320038706992 0.013208888669657148 0.014034592899659817 -0.00085320362709727208 -0.00093126527323549404 -0.00063515925382201803 -0.0018458271993968317 -0.001213143468981482 0.012982454649873496 0.014253152467943753 -0.001296494505310352 -0.00078107625350286151 0.016845872012951485 0.0013891700417084294 -0.0012431050747439916 -0.00091134829224766018 0.015465067049957091 -0.0053693358830158473 0.00032793340507129403 0.016194768795239699 0.0060936602949447551 0.0065052828346767845 -0.0014052677404440158
leaf_weight=183 411 89 143 172 98 127 201 77 61 274 203 320 94 462 98 78 121 126 128 138 73 75 503 338 63 100 148 113 66 63
leaf_count=183 411 89 143 172 98 127 201 77 61 274 203 320 94 462 98 78 121 126 128 138 73 75 503 338 63 100 148 113 66 63
internal_value=-0.00134537 0.00227214 0.00369109 -0.00431625 -0.00330512 -0.000733368 0.00299451 0.0060671 -0.00814844 0.0104573 0.00371824 0.00211737 0.00405514 0.00186734 0.00595041 -0.00449541 -0.00268466 -0.00800388 0.00372047 0.0170474 -0.00979443 0.000983146 -0.013012 0.01197 0.015431 -0.0110017 0.0150652 0.0177679 0.0178271 -0.0140292
internal_weight=5146 2321 2138 2825 2653 1904 1269 1068 635 815 428 1929 1609 1382 842 540 347 253 249 227 749 173 576 495 401 574 225 387 209 474
internal_count=5146 2321 2138 2825 2653 1904 1269 1068 635 815 428 1929 1609 1382 842 540 347 253 249 227 749 173 576 495 401 574 225 387 209 474
is_linear=0
shrinkage=0.035


Tree=36
num_leaves=31
num_cat=0
split_feature=233 163 4 71 140 233 260 38 163 27 270 11 270 270 242 123 59 60 270 41 215 193 59 27 256 67 150 67 213 143
split_gain=50.3612 40.0979 32.2912 35.1045 33.0091 50.9208 49.5698 35.5875 33.7891 33.6159 45.3456 31.439 35.0503 33.5997 24.2663 23.929 23.4571 22.8755 32.5522 23.3842 37.3267 24.6885 22.5218 30.4943 25.2894 22.1411 36.2897 21.8284 21.1187 19.8002
threshold=6383.2250976562509 0.70406107721643163 28.613986164465416 2049.5000000000005 524.39001464843761 6125.0500488281259 0.39413396968131825 4556.5000000000009 0.061261195055189822 5286.5000000000009 46.134055028301638 40.563914115999985 59.857244776947489 120.96251779845728 22.219451045746705 0.020224698582375144 2.6204500198364262 1935.0000000000002 101.58753762759459 489.50000000000006 -0.060499988496303551 -0.42534234702711105 3.0092500448226933 4526.5000000000009 62.829611109511454 14.39590031331827 0.084100015461444869 6.5893884519713604 10.652152217945019 0.32490000128746038
decision_type=2 2 2 2 2 2 2 2 2 2 2 2 2 2 2 2 2 2 2 2 2 2 2 2 2 2 2 2 2 2
left_child=1 2 4 -4 6 9 11 -7 14 10 -6 -1 -13 17 -9 -16 -15 -14 19 20 -19 -21 24 28 -12 -8 -27 -3 -24 -23
right_child=-2 27 3 -5 5 7 25 8 -10 -11 22 12 13 16 15 -17 -18 18 -20 21 -22 29 23 -25 -26 26 -28 -29 -30 -31
leaf_value=0.01130658213561889 -0.00091440227578259883 -0.0021015755192318811 0.0014451357107037397 -0.0016831303994236315 0.021752589574288984 0.010381875411939896 0.015782989975776322 0.017720741271734956 -0.0011733542126853554 -0.0010275907006701407 -0.00097996227112858944 -0.0015167309560339987 -0.0013102934015607013 0.013415764599358409 0.013073438560081203 -0.0014902109945899506 -0.00095937710350412603 -0.0049855955460761398 0.014403880929295117 0.0078373619384643819 0.016567757271360169 0.0024921245566687576 -0.00081575728092239783 0.011920872927326688 0.012914502565611264 -0.0025088241086987065 0.014134242404068999 -0.00037693368195236088 0.0027166038219812276 -0.0050961135928618527
leaf_weight=134 142 80 162 319 123 350 156 64 216 511 203 158 62 164 112 69 362 89 224 109 155 67 218 75 64 62 96 404 116 80
leaf_count=134 142 80 162 319 123 350 156 64 216 511 203 158 62 164 112 69 362 89 224 109 155 67 218 75 64 62 96 404 116 80
internal_value=-0.00123665 -0.000642843 0.00038674 -0.00813786 0.00141073 -0.0015969 0.00473219 0.00527574 -0.00112661 -0.00585551 -0.0013495 0.00221877 0.000711864 0.0026044 0.0077 0.00094086 -0.00421846 0.00716814 0.00893004 0.00388119 0.0115261 -0.00348659 -0.00493392 0.000253623 -0.012739 0.0173354 0.00773006 -0.0101636 -0.00433628 -0.0126645
internal_weight=5146 5004 4520 481 4039 2121 1918 811 461 1310 799 1604 1470 1312 245 181 526 786 724 500 244 256 676 409 267 314 158 484 334 147
internal_count=5146 5004 4520 481 4039 2121 1918 811 461 1310 799 1604 1470 1312 245 181 526 786 724 500 244 256 676 409 267 314 158 484 334 147
is_linear=0
shrinkage=0.035


Tree=37
num_leaves=31
num_cat=0
split_feature=115 148 74 242 8 287 183 49 27 9 150 60 4 148 151 242 36 242 148 49 115 242 12 9 229 115 137 27 113 137
split_gain=50.3504 40.7407 35.8913 34.8419 33.9964 33.1879 36.9872 30.232 36.1153 36.2654 40.5045 29.8505 30.7854 25.7257 24.4979 29.624 23.9695 29.6418 23.8995 23.8776 22.4208 42.897 21.0418 20.5142 19.9558 19.7721 29.9841 21.3123 19.6309 19.1104
threshold=3999.0000000000005 19.500000000000004 567.50000000000011 31.638909773837419 -76.723943946737791 1.0000000180025095e-35 0.42519741789475596 5321.5000000000009 816.50000000000011 -11.845820019743416 0.042449995875358588 10032.500000000002 31.390114468875982 1888.0000000000002 0.4129249975085259 63.446118384308598 -15.384927528710886 49.118057578400261 546.00000000000011 2976.0000000000005 5741.5000000000009 26.153964067273325 8.5344257399136634 14.024465878453894 9.4784353634291847 6841.0000000000009 5960.0000000000009 2119.0000000000005 -1.3762195440825382 63.500000000000007
decision_type=2 2 2 2 2 2 2 2 2 2 2 2 2 2 2 2 2 2 2 2 2 2 2 2 2 2 2 2 2 2
left_child=1 -1 3 5 13 20 -7 8 29 -10 14 12 18 16 15 -11 17 -5 24 -18 23 -22 -20 -2 -12 26 27 -6 -9 -3
right_child=2 7 -4 4 25 6 -8 28 9 10 11 -13 -14 -15 -16 -17 19 -19 22 -21 21 -23 -24 -25 -26 -27 -28 -29 -30 -31
leaf_value=-0.00089465174897793772 0.0023161374460078763 0.00085321079210699151 -0.0010056547117757071 -0.0033202790487873988 0.0033181153728398874 0.011521196111399542 -0.00042260497702719811 -0.0010886763176602677 0.013018866939285736 -0.00027593852170489878 0.017735272314376504 -0.001897738151323566 -0.00039101912291136581 -0.00127103482084984 0.0057801425460006876 -0.0035291046510299608 -0.00043042478156028274 0.013233831210827747 0.00029446951914783307 0.015466746695649613 -0.00037623949414291539 0.011615299384856762 0.017409060693522507 -0.0014894816505061149 0.0058375087510877171 -0.00099743246608808905 0.0072672001850414766 -0.0010493159783390015 0.0099934659539004465 -0.0019329666186651191
leaf_weight=117 60 93 103 65 74 186 120 412 224 255 269 85 197 208 156 110 110 60 394 225 193 90 269 125 62 333 99 236 68 148
leaf_count=117 60 93 103 65 74 186 120 412 224 255 269 85 197 208 156 110 110 60 394 225 193 90 269 125 62 333 99 236 68 148
internal_value=-0.00137255 0.00172311 -0.00523778 -0.00425308 -0.00751943 0.00170732 0.0105788 0.0025992 0.00429202 0.00582182 0.00413707 0.00748634 0.00892559 -0.0017682 -0.00405894 -0.00898649 0.00286022 -0.00996154 0.0114214 0.00772059 -0.00414376 0.00206597 0.00749251 -0.0134474 0.0190625 -0.0126506 -0.00735507 -0.0126667 -0.00534021 -0.00839431
internal_weight=5146 2859 2287 2184 1410 774 306 2742 2262 2021 1797 1276 1191 668 521 365 460 125 994 335 468 283 663 185 331 742 409 310 480 241
internal_count=5146 2859 2287 2184 1410 774 306 2742 2262 2021 1797 1276 1191 668 521 365 460 125 994 335 468 283 663 185 331 742 409 310 480 241
is_linear=0
shrinkage=0.035


Tree=38
num_leaves=31
num_cat=0
split_feature=107 137 115 242 219 260 160 71 137 193 82 223 49 115 49 8 201 240 223 136 49 130 254 5 287 87 10 82 211 132
split_gain=49.7256 37.2705 34.4823 44.5055 39.2142 33.234 31.6499 31.3146 30.2362 29.4207 36.062 36.4233 28.5659 25.7165 23.3837 35.1162 23.3131 22.1674 21.2746 20.6544 32.6339 20.5987 22.6306 20.2559 19.4988 18.0474 17.4722 18.965 18.9992 21.1058
threshold=567.50000000000011 4731.5000000000009 3999.0000000000005 36.145057580085165 -60.840135025841654 0.51338574061787801 -0.030549973249435421 7082.5000000000009 9858.0000000000018 0.9403467002563638 1235.5000000000002 11.956301761557238 3948.0000000000005 6104.5000000000009 6760.5000000000009 -53.655705609149145 0.20417500287294391 -0.69817131379934494 22.888140949331262 3.1384500265121464 6128.5000000000009 -63.979069772506215 1.1111365127242092 9.6957056507087795 1.0000000180025095e-35 0.48465000092983251 3.2953704717380989 1608.5000000000002 -0.011391406032913567 0.3957000076770783
decision_type=2 2 2 2 2 2 2 2 2 2 2 2 2 2 2 2 2 2 2 2 2 2 2 2 2 2 2 2 2 2
left_child=1 2 6 5 13 7 -1 16 14 10 18 12 23 21 -3 17 -4 -16 -8 20 26 -5 -23 25 -10 -12 -13 -28 29 -29
right_child=-2 8 3 4 -6 -7 9 -9 24 -11 11 19 -14 -15 15 -17 -18 -19 -20 -21 -22 22 -24 -25 -26 -27 27 28 -30 -31
leaf_value=-0.0011541446783960223 -0.00097045679686355699 -0.00078565495734675449 0.0024262086646939748 -0.0031411580799205184 -0.0011818866839724074 0.015790650195194947 0.017030356943062135 0.0079179533193151699 -0.00040875248999908939 -0.00050786740080373044 0.013995559446024059 0.012678014169404412 -0.0012955234965594325 0.015906501526985004 -0.0020603695198227298 0.014585856569008262 -0.0011376933970534693 0.00079359715663280519 0.0038768286261981061 0.012787148859094283 -0.0047124704918730395 -0.00080906640487284412 0.011692168640273679 0.0072307677364832606 0.016166439129616888 -0.0020119291003288472 -0.0010319333581800443 -0.0020859513220762948 0.015084100796366778 0.013078147288126106
leaf_weight=64 103 746 79 92 437 73 176 139 134 131 73 126 362 92 99 70 157 76 111 254 70 105 66 254 131 155 62 204 156 349
leaf_count=64 103 746 79 92 437 73 176 139 134 131 73 126 362 92 99 70 157 76 111 254 70 105 66 254 131 155 62 204 156 349
internal_value=-0.00145409 -0.000949881 0.000784546 -0.00399197 -0.00895859 0.00479029 0.00311324 0.000460526 -0.00616178 0.00375603 0.00466271 0.00302657 -0.00255595 -0.000291667 -0.00896084 0.00042 -0.00726141 -0.00797222 0.0161815 0.0068801 0.00450103 -0.00587687 0.00139205 0.00301848 0.00427778 -0.00450644 0.00632483 0.00428479 0.00593137 0.00282258
internal_weight=5146 5043 3787 1240 792 448 2547 375 1256 2483 2352 2065 844 355 991 245 236 175 287 1221 967 263 171 482 265 228 897 771 709 553
internal_count=5146 5043 3787 1240 792 448 2547 375 1256 2483 2352 2065 844 355 991 245 236 175 287 1221 967 263 171 482 265 228 897 771 709 553
is_linear=0
shrinkage=0.035


Tree=39
num_leaves=31
num_cat=0
split_feature=115 137 150 126 10 60 148 49 74 242 8 38 12 67 132 77 211 232 11 71 153 52 266 247 160 74 233 126 82 46
split_gain=43.6065 41.3916 32.4346 31.978 33.8247 31.3335 42.2578 32.6266 29.4492 30.1707 35.1949 28.6619 27.977 25.6563 25.6189 25.4299 24.862 24.3399 25.3415 29.486 23.8008 23.6471 19.976 19.6183 19.557 19.3974 23.4639 30.6636 19.2391 18.6681
threshold=3999.0000000000005 4731.5000000000009 0.043000005185604102 2439.0000000000005 8.4175716014706126 328.50000000000006 546.00000000000011 5268.0000000000009 567.50000000000011 32.644520115514688 -76.723943946737791 3683.5000000000005 11.311071788863922 4.4888041761636348 0.30295000970363622 0.33124999701976782 0.42250713535029288 11.222829243174305 37.87011756400711 4004.5000000000005 0.3277855479509309 514.50000000000011 12.281687125441644 597.08502197265636 0.044899992644786842 467.25000000000006 5744.5449218750009 3400.5000000000005 1595.5000000000002 0.02830258774000927
decision_type=2 2 2 2 2 2 2 2 2 2 2 2 2 2 2 2 2 2 2 2 2 2 2 2 2 2 2 2 2 2
left_child=1 2 3 22 -5 15 11 12 9 13 16 -7 21 -2 -3 -4 20 18 -15 -20 23 29 -1 -11 -9 -6 -27 -28 -12 -8
right_child=8 14 5 4 25 6 7 24 -10 10 28 -13 -14 17 -16 -17 -18 -19 19 -21 -22 -23 -24 -25 -26 26 27 -29 -30 -31
leaf_value=-0.0016661015092971946 -0.0014006593880788877 -0.0010307979968889637 0.00014869365647490309 0.015839349315994507 0.023693647793136669 0.015448636513767501 0.010565920177342675 0.0032273489584588844 -0.00093649080897333157 -0.00028602043019563471 -0.0011349765625227172 0.0015074378566297363 0.016149735324982661 -0.00044181829088494056 -0.00034192892462310499 -0.0033115911151251742 0.0048434969878695996 -0.00065056892881465607 -0.00045898740461653657 0.0083615703343882831 0.0083758185843779975 -0.001188809360695456 0.010235052525166568 -0.001650931425178432 -0.0025655895767308159 -0.0011691023786354073 0.022955617071257386 -0.00050539737422894534 -0.00049724936401836011 -0.0026204215512246245
leaf_weight=254 80 123 95 85 90 250 262 104 103 138 312 111 268 67 189 60 268 245 97 350 69 302 69 193 97 173 62 193 365 72
leaf_count=254 80 123 95 85 90 250 262 104 103 138 312 111 268 67 189 60 268 245 97 350 69 302 69 193 97 173 62 193 365 72
internal_value=-0.00154921 0.00133205 0.00281152 -0.00240602 0.0023602 0.00579028 0.00737593 0.00394144 -0.00514616 -0.00425308 -0.00749259 0.0176913 0.00677668 0.000953791 -0.0105994 -0.00896875 -0.0017682 0.00297775 0.00728324 0.0102987 -0.00725926 0.00273011 -0.0112043 -0.0111458 -0.00866505 -0.00107075 -0.00420323 0.00255769 -0.0130865 0.00908555
internal_weight=5146 2859 2547 926 603 1621 1466 1105 2287 2184 1345 361 904 839 312 155 668 759 514 447 400 636 323 331 201 518 428 255 677 334
internal_count=5146 2859 2547 926 603 1621 1466 1105 2287 2184 1345 361 904 839 312 155 668 759 514 447 400 636 323 331 201 518 428 255 677 334
is_linear=0
shrinkage=0.035


Tree=40
num_leaves=31
num_cat=0
split_feature=115 137 150 221 60 126 148 49 107 256 7 148 115 214 211 126 12 233 163 233 137 144 135 33 70 242 7 48 247 60
split_gain=48.2456 35.4879 30.1768 29.0317 28.1158 32.8816 38.0121 36.8032 26.2719 27.0302 31.8939 32.7149 33.7555 31.6783 35.3629 27.629 25.199 23.4422 22.1413 21.8375 20.8079 20.1081 19.968 19.0473 18.7168 18.3049 20.9138 17.4973 18.7595 16.8331
threshold=3999.0000000000005 4731.5000000000009 0.043000005185604102 4.9957594834802741 10032.500000000002 122.00000000000001 325.50000000000006 5268.0000000000009 567.50000000000011 31.203807548619121 -59.838370085737544 1387.0000000000002 5171.0000000000009 0.023399995639920238 -0.056050141774797134 1078.0000000000002 9.7023580134727201 5897.3798828125009 -0.069508913709537393 5643.4899902343759 3292.5000000000005 85.498494606760815 -0.89323915261516784 0.26434999704360967 4.4193501472473153 36.957177068413188 -33.641632259634427 4.089750051498414 561.06500244140636 1834.0000000000002
decision_type=2 2 2 2 2 2 2 2 2 2 2 2 2 2 2 2 2 2 2 2 2 2 2 2 2 2 2 2 2 2
left_child=1 2 3 -1 5 -4 -7 16 9 13 11 12 15 -2 -15 -11 25 19 -16 -3 22 -18 -20 -22 -9 -8 -27 28 -12 -5
right_child=8 17 4 29 -6 6 7 24 -10 10 27 -13 -14 14 18 -17 21 -19 20 -21 23 -23 -24 -25 -26 26 -28 -29 -30 -31
leaf_value=0.012573340006698042 -0.001011983526276114 -0.0033689398865900657 -0.00043168598217630005 -0.0010644533067981205 -0.0018681641881246962 0.016220371198278103 -0.0027269995644663985 -0.002407013796221416 -0.00090371363065926645 -0.0040859958573990244 0.011863894035202069 -0.0010854012694902261 0.013135060120139548 -0.0015272328343246845 0.016387266700844439 0.0081521941075156992 0.018973337633038555 -0.00093204865804083839 0.015545593031938943 0.016154903792837134 -0.00062779901630614313 0.004612004455203174 0.00054146168655580063 0.0049938190145571749 0.0021815070914733507 0.012366063998554871 -0.0006765359275712902 0.00016929065924907644 -0.00088036310205756065 -0.00027519345126197193
leaf_weight=87 98 60 156 128 100 219 115 144 103 75 61 175 156 65 142 101 226 185 60 67 199 126 60 84 78 354 103 86 822 711
leaf_count=87 98 60 156 128 100 219 115 144 103 75 61 175 156 65 142 101 226 185 60 67 199 126 60 84 78 354 103 86 822 711
internal_value=-0.0016987 0.00133205 0.0027018 -0.00233083 0.00557503 0.00676606 0.0085073 0.00589922 -0.00548211 -0.00463682 -0.00732613 -0.000205078 0.00623145 0.000981767 0.00398374 -0.00425414 0.00896663 -0.00971609 0.00693636 0.00185606 0.00265931 0.0162745 0.01456 -0.00255208 -0.00678414 0.00436742 0.0075 -0.0110318 -0.0124944 -0.00435427
internal_weight=5146 2859 2547 926 1621 1521 1365 1146 2287 2184 1476 507 332 708 610 176 924 312 545 127 403 352 120 283 222 572 457 969 883 839
internal_count=5146 2859 2547 926 1621 1521 1365 1146 2287 2184 1476 507 332 708 610 176 924 312 545 127 403 352 120 283 222 572 457 969 883 839
is_linear=0
shrinkage=0.035


Tree=41
num_leaves=31
num_cat=0
split_feature=115 6 173 55 10 221 27 2 27 148 27 242 148 2 13 93 233 124 247 82 183 74 27 222 244 71 27 222 247 34
split_gain=47.2144 29.7041 39.1896 37.9275 36.0487 43.0099 40.9748 30.5239 26.3202 32.2023 25.5852 37.4741 22.9049 22.4126 29.8058 26.6224 33.2805 21.9834 21.7409 25.6752 37.9432 31.994 33.152 25.3578 22.1474 26.9045 19.396 18.9178 18.2319 16.771
threshold=3999.0000000000005 14.18734697763499 0.30456106026015323 0.20854999870061877 114.21040113146275 41.605868091633845 2110.5000000000005 535.40499877929699 4022.5000000000005 791.50000000000011 702.00000000000011 51.633073282999497 2690.0000000000005 527.36499023437511 110.72688411661737 4023.5000000000005 5744.5449218750009 -2.1533906173535313 636.35498046875011 1540.5000000000002 -0.10515214911332579 553.50000000000011 9366.5000000000018 34.552779487530863 0.0079999901354312914 7624.5000000000009 1462.0000000000002 6.9849837296431918 635.44500732421886 4.3583609701046333
decision_type=2 2 2 2 2 2 2 2 2 2 2 2 2 2 2 2 2 2 2 2 2 2 2 2 2 2 2 2 2 2
left_child=1 3 -3 -1 5 10 -6 13 9 -8 -5 17 -11 14 15 16 -7 -12 19 23 -21 24 28 26 -22 27 -2 -26 -23 -29
right_child=18 2 -4 4 6 7 8 -9 -10 12 11 -13 -14 -15 -16 -17 -18 -19 -20 20 21 22 -24 -25 25 -27 -28 29 -30 -31
leaf_value=0.015931044080268558 0.0040190017902915131 0.013838289601198699 -0.0014590239868477446 -0.0019772406902150647 0.014280105741975446 -0.0035096381901001824 -0.0014978226163706832 0.017669421225861303 0.013075237938335871 0.014173113379423596 -0.0034303187286451979 0.014365766272755388 -0.0046103710652678825 -0.0010378291864303428 -0.0012496797544646989 -0.00064979359755818562 0.017488485586746049 0.0082948885263692106 -0.00082491873939533977 -0.0010728053195125254 -0.00085962067747089878 0.014152878474849201 -0.00055714918362899195 0.015208963104512661 -0.0015255293733612198 0.0073380337810535308 -0.00097207371514722513 0.0059015804535331963 0.00027086940404114139 -0.00071953037416309766
leaf_weight=66 63 86 113 83 241 103 109 60 261 88 144 265 81 268 373 190 169 159 132 206 171 128 66 74 137 164 552 195 72 327
leaf_count=66 63 86 113 83 241 103 109 60 261 88 144 265 81 268 373 190 169 159 132 206 171 128 66 74 137 164 552 195 72 327
internal_value=-0.00161716 0.00138094 -0.0114951 0.00236398 0.00166987 -0.00103903 0.00793631 -0.00506421 0.00250919 -0.004947 0.00613567 0.00879581 0.00462644 -0.00641245 -0.00354167 0.00239829 0.00935018 0.000340909 -0.00535995 -0.00448843 -0.00185588 0.000442688 0.011107 -0.010036 -0.00245245 -4.22705e-05 -0.0123629 -0.00321536 0.0180976 -0.000132827
internal_weight=5146 2859 199 2660 2594 1814 780 1163 539 278 651 568 169 1103 835 462 272 303 2287 2155 1466 1260 266 689 994 823 615 659 200 522
internal_count=5146 2859 199 2660 2594 1814 780 1163 539 278 651 568 169 1103 835 462 272 303 2287 2155 1466 1260 266 689 994 823 615 659 200 522
is_linear=0
shrinkage=0.035


Tree=42
num_leaves=31
num_cat=0
split_feature=115 126 49 13 113 118 55 115 173 8 85 256 11 71 30 10 6 74 256 4 163 8 49 27 211 242 10 233 259 12
split_gain=42.3753 32.6689 31.491 34.3518 27.1792 26.1402 46.0519 26.0791 30.5109 25.9424 24.1031 22.2719 29.7802 22.119 20.333 19.8562 25.4762 18.9555 25.7611 31.964 37.9827 31.8889 30.4728 28.4937 27.9081 23.9685 21.945 19.0454 19.6972 18.5432
threshold=3999.0000000000005 93.500000000000014 4381.5000000000009 113.12891003101464 -1.8341734525589815 521.50000000000011 0.22574999928474429 2778.0000000000005 -0.27971472245447082 -61.897017540549037 478.50000000000006 78.505260609478043 70.439857077351306 3970.5000000000005 548.50000000000011 115.20616958916717 -9.7949494078696713 567.50000000000011 31.203807548619121 -25.368638472469282 -0.067730771819305299 -76.723943946737791 6577.5000000000009 10792.000000000002 0.43273421504590898 22.050064906688501 87.333119450412298 5989.3100585937509 0.20672551264498643 12.604396494163959
decision_type=2 2 2 2 2 2 2 2 2 2 2 2 2 2 2 2 2 2 2 2 2 2 2 2 2 2 2 2 2 2
left_child=1 4 3 5 -1 9 -7 8 -8 13 -4 -5 -13 -3 -12 -14 -17 18 19 -2 -21 24 25 -23 27 -22 -27 28 -20 -26
right_child=17 2 10 11 -6 6 7 -9 -10 -11 14 12 15 -15 -16 16 -18 -19 21 20 22 23 -24 -25 29 26 -28 -29 -30 -31
leaf_value=-0.0010970620083480397 -0.00072896625654390315 0.0098082551251048693 0.014457634059622535 -0.00094838060935986354 0.00022448087812575209 0.016304535145671685 0.0097161681773772109 0.0066546035680805403 -0.002219564045221948 -0.0010176866253591378 -0.00099200293373806437 0.01833667663979318 -0.0014929995448177227 0.0188538261032178 0.015007811500037022 0.011750086821124283 -0.0043691749282812635 -0.00085601749134209823 0.0085703628876576919 0.015637282266207527 -0.0012595010015125825 -0.00082953395375941663 0.0070812025987166561 0.0040283673616388609 0.00016877041532407269 0.010245833064653037 -0.00088727114140704311 -0.0013801880817438607 -0.0030372941401047007 0.01866505389086193
leaf_weight=124 151 441 88 181 68 63 75 155 191 140 606 61 290 151 76 86 63 103 122 139 157 721 92 65 203 107 62 219 67 79
leaf_count=124 151 441 88 181 68 63 75 155 191 140 606 61 290 151 76 86 63 103 122 139 157 721 92 65 203 107 62 219 67 79
internal_value=-0.00187536 0.000965433 0.00197792 0.004398 -0.0127919 0.00791155 0.00157464 -0.00271127 -0.00929889 0.0120624 -0.00397419 -0.00188776 0.00194059 0.0152429 -0.00621543 -0.00134009 0.00886364 -0.00542103 -0.00470078 0.000785414 0.00467082 -0.00732613 -0.000661939 -0.0121239 -0.00181295 -0.00570997 0.00341954 -0.00762712 0.000541237 0.00658537
internal_weight=5146 2859 2667 1897 192 1216 484 421 266 732 770 681 500 592 682 439 149 2287 2184 708 557 1476 418 786 690 326 169 408 189 282
internal_count=5146 2859 2667 1897 192 1216 484 421 266 732 770 681 500 592 682 439 149 2287 2184 708 557 1476 418 786 690 326 169 408 189 282
is_linear=0
shrinkage=0.035


Tree=43
num_leaves=31
num_cat=0
split_feature=193 104 258 133 213 4 137 104 49 13 82 124 49 13 8 183 13 104 126 49 27 49 242 124 148 104 246 223 60 13
split_gain=40.118 32.0921 30.4003 39.4293 30.0037 27.3322 22.6625 26.5675 31.1687 43.0349 44.8861 28.0002 23.4662 21.7101 21.1699 33.7936 24.2682 34.2172 21.0454 20.8823 20.2334 33.4718 19.5297 19.3555 18.8047 18.7049 17.8284 17.7827 17.489 16.2924
threshold=0.77303326978580389 908.00000000000011 0.027800001204013828 127.10124701669231 11.381015599432567 35.477442913249696 9858.0000000000018 1539.5000000000002 4381.5000000000009 120.96251779845728 3479.0000000000005 -2.367838938389438 4578.0000000000009 129.41437195175203 -28.806903499367387 0.98922924497846576 75.816296020834997 177.50000000000003 7347.5000000000009 3308.5000000000005 6781.5000000000009 6033.0000000000009 83.539917129547959 -1.3929912412894858 2612.5000000000005 3135.5000000000005 0.74991694920092089 17.686359446683394 4095.0000000000005 39.987350473716212
decision_type=2 2 2 2 2 2 2 2 2 2 2 2 2 2 2 2 2 2 2 2 2 2 2 2 2 2 2 2 2 2
left_child=1 27 4 -4 6 14 7 11 9 10 19 -3 -10 24 15 16 23 -18 -12 22 29 -22 -9 -2 -11 -15 -25 -1 -21 -14
right_child=5 2 3 -5 -6 -7 -8 8 12 13 18 -13 20 25 -16 -17 17 -19 -20 28 21 -23 -24 26 -26 -27 -28 -29 -30 -31
leaf_value=0.014093449664763771 -0.00067187746188110279 -0.0015958680299770552 -0.0011963749333727886 0.010622451851409902 -0.00063610414536026654 -0.0011632897168788643 0.012198575616066994 -0.00094925992899635222 -0.0022532790634158979 0.00056963457694916906 0.013730458245714075 -2.6339295827340627e-06 -0.0012384840070732079 0.017988657527915536 0.0072736243984652012 -0.0013961373234478787 -0.0018121392535288153 0.0076603212165080809 0.00067542727480005514 0.01672061250850199 0.01501697864632889 -0.00015609868053474818 0.0094451646625969051 -0.00074910605719770494 -0.0015211517435530005 -0.0018544480869942856 0.019661674588080855 -0.0031013711554021732 -0.0022293761639198225 -4.586040498303912e-06
leaf_weight=179 566 129 403 71 260 194 64 253 90 71 438 202 211 118 113 67 68 195 107 70 83 140 75 118 127 120 66 63 65 420
leaf_count=179 566 129 403 71 260 194 64 253 90 71 438 202 211 118 113 67 68 195 107 70 83 140 75 118 127 120 66 63 65 420
internal_value=-0.00188895 -9.29862e-06 -0.000864566 -0.00906054 0.000424869 -0.0069648 0.0014939 0.000989354 0.00228165 0.00550725 0.00946693 -0.00822917 -0.00265543 -0.00365079 -0.0049374 -0.00645161 -0.00477898 0.0043097 0.0162273 0.00142094 -0.000814901 0.00813596 -0.00336336 -0.00797351 -0.012069 0.00345679 0.00185185 0.0121862 0.01275 -0.0040173
internal_weight=5146 3759 3517 474 3043 1387 2783 2719 2388 1444 1008 331 944 436 1193 1080 1013 263 545 463 854 223 328 750 198 238 184 242 135 631
internal_count=5146 3759 3517 474 3043 1387 2783 2719 2388 1444 1008 331 944 436 1193 1080 1013 263 545 463 854 223 328 750 198 238 184 242 135 631
is_linear=0
shrinkage=0.035


Tree=44
num_leaves=31
num_cat=0
split_feature=193 213 134 260 137 209 27 246 13 242 137 200 104 52 60 52 6 214 71 200 153 11 35 193 10 242 242 44 103 11
split_gain=45.8065 31.1087 31.3939 24.5883 23.0521 23.1146 22.0474 21.9879 19.6218 24.6802 36.6584 21.8074 21.2282 39.0672 31.384 19.0934 18.9375 18.5532 19.9053 17.0892 16.8539 16.4329 16.3689 17.3514 17.4539 16.3561 18.2842 22.6315 33.9317 23.0844
threshold=0.77303326978580389 11.381015599432567 0.012903244463139412 0.59644158195769814 9858.0000000000018 11.596218050540431 740.00000000000011 0.58116081984441292 125.46893626894074 33.069676996265642 3195.0000000000005 -0.036150000989437096 192.00000000000003 518.50000000000011 328.50000000000006 535.50000000000011 -7.6559925781232634 0.050799980759620673 2901.0000000000005 0.035750001668930061 0.51261122045762741 186.69455642935287 0.04780951359239561 0.63920600286574103 143.88062454921916 22.069274011652187 31.349683877799951 0.25504998862743383 4.0507500171661386 89.334473926776369
decision_type=2 2 2 2 2 2 2 2 2 2 2 2 2 2 2 2 2 2 2 2 2 2 2 2 2 2 2 2 2 2
left_child=1 2 16 4 5 6 -4 25 9 10 -2 15 -11 14 -14 -12 22 19 21 -8 -15 -19 23 24 -1 -7 -27 28 -28 -29
right_child=8 -3 3 -5 -6 7 17 -9 -10 12 11 -13 13 20 -16 -17 -18 18 -20 -21 -22 -23 -24 -25 -26 26 27 29 -30 -31
leaf_value=-0.00059619649024870633 0.01090323506354067 -0.00066609449972568878 -0.0013950377660267544 0.012588406328284956 0.011430379407188392 0.0080401338613024925 0.0089272983449832938 -0.0013737184803249731 0.0045068780548030516 -0.0009984831093978676 -0.00035557254461021539 -0.001060437671139195 -0.0023443150735314514 -0.0011487152504482698 0.016125575785916155 0.011544180309436467 -0.00096827581563620375 0.000697346447677211 -0.0018005090200422875 -0.00037120752935957237 -0.00014850010152759997 0.015919126841498769 0.0060426747136037356 -0.0013135739793795548 0.011348643547858609 -0.0014018660121488369 -0.00040417690293339305 0.010624202275370734 0.013816677326624756 -0.0015402976626865338
leaf_weight=344 85 280 119 136 83 106 534 117 86 238 99 197 69 338 100 68 109 80 212 62 107 60 92 81 67 233 129 233 146 536
leaf_count=344 85 280 119 136 83 106 534 117 86 238 99 197 69 338 100 68 109 80 212 62 107 60 92 81 67 233 129 233 146 536
internal_value=-0.00194331 6.50903e-05 0.000974455 0.00263346 0.00187194 0.00126555 0.00519123 -0.00153488 -0.0073671 -0.00844181 -0.00177313 -0.00663957 -0.0119253 -0.00836834 0.00583333 0.00264535 -0.00566619 0.00697796 0.000588235 0.0107155 -0.0137667 0.0106207 -0.00308998 -0.0056338 -0.00260817 -0.000277378 -0.00139236 0.000600572 0.009125 -0.00248708
internal_weight=5146 3759 3479 2786 2650 2567 1067 1500 1387 1301 449 364 852 614 169 167 693 948 352 596 445 140 584 492 411 1383 1277 1044 275 769
internal_count=5146 3759 3479 2786 2650 2567 1067 1500 1387 1301 449 364 852 614 169 167 693 948 352 596 445 140 584 492 411 1383 1277 1044 275 769
is_linear=0
shrinkage=0.035


Tree=45
num_leaves=31
num_cat=0
split_feature=115 183 183 284 5 11 71 256 44 27 214 27 224 13 242 160 216 247 129 256 114 60 173 260 49 27 47 27 173 2
split_gain=45.5416 30.5758 40.6447 27.4025 29.0548 31.9441 28.4597 30.6512 32.856 24.1344 31.9711 26.3417 21.7543 26.1059 37.5484 40.6791 26.4134 25.0948 28.9576 21.4326 20.2836 20.1953 24.874 19.7535 25.9307 18.5486 17.9326 23.8091 17.8991 17.1538
threshold=4004.5000000000005 0.92527717458494707 0.87953792935376518 1.0000000180025095e-35 64.136083863104417 82.658649964344377 5954.5000000000009 82.789238270763249 0.52689999341964733 2110.5000000000005 0.080550000071525588 4022.5000000000005 0.99999999999096534 87.709005036088357 32.778439414354807 0.025400005280971531 63.89211326051155 635.95501708984386 552.75000000000011 34.495697800357981 4.5432498455047616 1804.5000000000002 0.58765936501650451 -0.029302275303542364 3948.0000000000005 3154.0000000000005 -5.3409829075693009 7813.5000000000009 -0.081404870497708073 521.22497558593761
decision_type=2 2 2 2 2 2 2 2 2 2 2 2 2 2 2 2 2 2 2 2 2 2 2 2 2 2 2 2 2 2
left_child=1 2 3 4 5 6 7 8 19 -6 11 -11 13 14 15 -2 -15 18 28 23 -7 -16 26 -1 -25 -21 27 -23 -17 -14
right_child=12 -3 -4 -5 9 20 -8 -9 -10 10 -12 -13 29 16 21 17 -18 -19 -20 25 -22 22 -24 24 -26 -27 -28 -29 -30 -31
leaf_value=-0.0030482430963407353 -0.00086467606231339044 -0.0006648647125206417 0.014876118317126513 -0.0017337510766078008 0.012955628505605081 -0.00095863262838208568 0.019563868829255891 0.01387427626824435 -0.0036910821790003575 -3.0643123347552093e-05 -0.0015224519555804255 0.015868951216892611 -0.00077254680597211526 0.014106941613505487 -0.00086369246601204243 -0.0011779537188788009 -0.0013292625015667843 -0.00081157106624174925 0.011882205357335751 -0.00040343629256552066 0.0089509873109364507 -0.001240018207787184 0.013328199914161568 0.011500113044373187 -0.0015118807620760689 0.015427420416054011 0.0032455491492770594 1.2116409711104838e-08 0.002491742746878836 -0.001298850822112589
leaf_weight=107 271 152 86 135 182 762 64 136 112 251 88 222 227 104 274 80 110 60 140 125 84 280 101 91 105 172 75 109 312 129
leaf_count=107 271 152 86 135 182 762 64 136 112 251 88 222 227 104 274 80 110 60 140 125 84 280 101 91 105 172 75 109 312 129
internal_value=-0.00217434 0.000753734 0.00161716 0.000821658 0.00166201 -0.000794101 0.00374046 0.00196952 -0.00097629 0.00743984 0.00377208 0.0073954 -0.00587176 -0.00437272 -0.00582308 -0.000685484 0.00703196 0.00445561 0.00690875 0.00231405 -0.00567568 -0.0110723 -0.00718421 -0.00420455 0.00243781 0.00892384 -0.010597 -0.0135914 0.00193955 -0.0137673
internal_weight=5146 2874 2722 2636 2501 1758 912 848 712 743 561 473 2272 1916 1702 863 214 592 532 600 846 839 565 303 196 297 464 389 392 356
internal_count=5146 2874 2722 2636 2501 1758 912 848 712 743 561 473 2272 1916 1702 863 214 592 532 600 846 839 565 303 196 297 464 389 392 356
is_linear=0
shrinkage=0.035


Tree=46
num_leaves=31
num_cat=0
split_feature=115 115 161 8 221 11 224 27 27 193 55 148 224 247 242 160 270 148 90 93 52 193 60 153 104 124 270 170 140 27
split_gain=39.7931 26.7034 30.1024 36.3617 32.748 40.5232 27.9466 42.2208 27.8358 26.1038 26.9532 26.2299 22.1752 25.3229 28.0097 37.3192 36.9722 40.9026 22.538 24.6221 22.2823 21.1706 20.761 22.7536 24.1656 19.3712 18.1757 28.5521 22.8834 31.2756
threshold=3319.0000000000005 3120.5000000000005 0.19282499700784686 -61.897017540549037 112.41687036880238 89.334473926776369 -0.99999999998922262 779.00000000000011 2112.5000000000005 0.35754485644760453 0.33025000989437109 2690.0000000000005 0.99999999999096534 574.33502197265636 32.778439414354807 0.025400005280971531 87.709005036088357 2001.0000000000002 0.010243284635819571 4188.5000000000009 564.50000000000011 -0.70265002870725035 1804.5000000000002 0.087637139531787714 1099.0000000000002 -2.1659207108667391 46.134055028301638 0.015600003302097322 492.25000000000006 4022.5000000000005
decision_type=2 2 2 2 2 2 2 2 2 2 2 2 2 2 2 2 2 2 2 2 2 2 2 2 2 2 2 2 2 2
left_child=1 2 -1 4 5 6 7 -4 -6 10 -10 -12 13 -2 15 -15 22 -18 -17 -20 -21 -9 -16 -24 -25 -8 27 -5 29 -28
right_child=12 -3 3 26 8 -7 25 21 9 -11 11 -13 -14 14 16 18 17 -19 19 20 -22 -23 23 24 -26 -27 28 -29 -30 -31
leaf_value=0.01411725045290183 0.0077988814237951159 0.013443476161759506 -0.0022703566032177803 -0.0028349332901772928 0.01250970086972559 -0.001152271008898278 -0.0039756428399564704 0.0040041561649625133 0.022518913301367328 -0.0012890553433600523 0.011474180349799079 -0.0040988337367393818 -0.0010655762842663495 -0.00083407540574849262 -0.00084795889916595263 -0.00074371987672479606 0.012892035448979265 -0.0025313118353192795 -0.00026090025889491608 0.0084053267792854689 -0.00064970927151041425 0.012747811049500891 -0.00084906697594253793 0.0078365939883878796 -0.00064280851549060086 0.0015075576860962892 -0.0055681668288652137 0.021971955726669566 -0.0011339682885840941 0.011376129188056069
leaf_weight=65 141 198 96 66 221 541 128 119 77 87 106 104 410 294 308 126 96 73 121 323 61 229 335 98 162 175 62 60 194 70
leaf_count=65 141 198 96 66 221 541 128 119 77 87 106 104 410 294 308 126 96 73 121 323 61 229 335 98 162 175 62 60 194 70
internal_value=-0.00213357 0.00091433 -0.000116424 -0.000792735 0.00135328 -0.00178654 0.00349069 0.00904232 0.00810833 0.00221636 0.00731164 0.000651163 -0.00523698 -0.00378908 -0.00480769 -0.00033871 -0.00864438 0.00623563 0.00445755 0.0077549 0.0120566 0.0146742 -0.0114482 -0.007525 0.000264151 -0.00465909 -0.00964989 0.00160305 -0.0139577 -0.00255474
internal_weight=5146 2598 2400 2335 1883 1288 747 444 595 374 287 210 2548 2138 1997 925 1072 169 631 505 384 348 903 595 260 303 452 126 326 132
internal_count=5146 2598 2400 2335 1883 1288 747 444 595 374 287 210 2548 2138 1997 925 1072 169 631 505 384 348 903 595 260 303 452 126 326 132
is_linear=0
shrinkage=0.035


Tree=47
num_leaves=31
num_cat=0
split_feature=193 41 22 247 129 27 13 221 27 256 37 82 13 104 45 210 104 247 26 127 137 88 183 45 9 45 163 32 247 126
split_gain=40.0072 39.0219 43.6886 38.9487 37.0655 29.7947 41.4885 25.263 30.9333 23.6941 33.0099 26.4104 25.0499 23.5615 28.1805 25.0868 25.1435 21.6077 21.0488 19.854 19.7313 20.5999 19.6543 19.6662 19.1506 17.2204 16.549 16.8821 16.5139 16.2455
threshold=0.82726111020941362 529.39001464843761 0.24749999493360522 609.57000732421886 565.50000000000011 5379.0000000000009 40.068940902380668 39.919108912226577 779.00000000000011 31.602287120971578 2.1657000780105595 1959.5000000000002 125.46893626894074 922.50000000000011 15.910462934589823 0.17847729835986062 1222.5000000000002 627.83502197265636 1.7473000288009646 182.50000000000003 4972.5000000000009 0.2149000018835068 0.98922924497846576 4.5971217422965998 23.866809789561842 10.29257301088488 0.074116999408486484 0.14925000071525577 603.93499755859386 2029.5000000000002
decision_type=2 2 2 2 2 2 2 2 2 2 2 2 2 2 2 2 2 2 2 2 2 2 2 2 2 2 2 2 2 2
left_child=1 2 29 5 17 6 -3 8 -4 10 -2 -12 22 14 -9 16 -15 20 -8 -18 21 26 23 -11 -22 -10 -5 -28 -20 -1
right_child=9 3 7 4 -6 -7 18 13 25 12 11 -13 -14 15 -16 -17 19 -19 28 -21 24 -23 -24 -25 -26 -27 27 -29 -30 -31
leaf_value=0.010565603946598758 -0.0018741081416363105 0.015820015482374668 -0.0019222145045852397 0.014222642907083704 -0.00069032837281352575 -0.0013070058677319613 -0.0012664977479104511 0.014786631786243636 0.016403441813840465 4.1378498274934899e-05 0.015336161573414733 -0.00058334574918504417 0.0040191535872632364 -0.0014956290661500744 -0.0052196678365748891 -0.0013722815483518482 0.0051424526707276839 0.011094699386360079 -5.0358899271494009e-05 -0.0015607435796921123 0.0069166963657488036 -0.00096693680021963887 -0.001158273719178662 -0.0010204690054373123 -0.00084028377769157535 0.0057063472657379374 0.0059912796473613602 -0.0012404082060841306 -0.0018273049563266742 0.016745925722867348
leaf_weight=121 81 73 89 124 165 281 67 115 107 151 102 81 75 93 63 556 702 122 232 197 60 116 69 594 122 260 67 64 91 106
leaf_count=121 81 73 89 124 165 281 67 115 107 151 102 81 75 93 63 556 702 122 232 197 60 116 69 594 122 260 67 64 91 106
internal_value=-0.00216075 -0.000498999 0.0023053 -0.00475771 0.000414201 -0.0105607 -0.00501068 0.000768176 0.00804772 -0.0078886 0.00130112 0.00949468 -0.0106096 -0.00117273 0.0107104 -0.00256922 0.000772317 0.00406618 -0.00956962 0.00259403 0.00106631 0.00567819 -0.0123932 -0.0105933 -0.00823529 0.0125134 0.0111731 0.00231618 -0.00565549 0.0167457
internal_weight=5146 3993 2409 1584 840 744 463 2182 456 1153 264 183 889 1726 178 1548 992 675 390 899 553 371 814 745 182 367 255 131 323 227
internal_count=5146 3993 2409 1584 840 744 463 2182 456 1153 264 183 889 1726 178 1548 992 675 390 899 553 371 814 745 182 367 255 131 323 227
is_linear=0
shrinkage=0.035


Tree=48
num_leaves=31
num_cat=0
split_feature=115 137 213 49 77 11 93 270 137 8 270 153 67 9 270 270 80 33 93 113 260 6 125 52 104 104 246 26 7 186
split_gain=40.23 43.3366 28.6011 28.9756 36.2222 30.4797 28.966 25.1285 22.8392 21.7276 21.1357 20.9326 20.9039 27.0976 24.6191 19.3528 20.8387 20.6308 18.5411 17.9964 17.553 20.032 17.4152 16.8462 24.4382 36.9187 23.7146 29.6889 24.8013 26.4501
threshold=4004.5000000000005 4731.5000000000009 9.526937644056547 5150.0000000000009 0.21260000020265582 185.60703851328432 5715.0000000000009 113.12891003101464 6085.5000000000009 -56.380375680409514 57.887165509726934 0.37786488295212278 18.33528813641842 106.37731305902456 97.118915492354731 129.41437195175203 -6.1393620988438622 0.5628499984741212 1585.5000000000002 -1.3904553481566093 0.14293981142662068 -20.271481657102196 4.2225999832153329 566.50000000000011 1531.5000000000002 1907.0000000000002 0.22490146140267958 2.0342000722885136 -50.448323430758009 -0.24761701446543524
decision_type=2 2 2 2 2 2 2 2 2 2 2 2 2 2 2 2 2 2 2 2 2 2 2 2 2 2 2 2 2 2
left_child=1 2 -1 4 -4 7 19 10 -3 22 20 -10 13 -12 18 -9 17 -17 -14 -5 -6 -22 -7 24 -2 -26 27 -27 -28 -30
right_child=23 8 3 6 5 9 -8 15 11 -11 12 -13 14 -15 -16 16 -18 -19 -20 -21 21 -23 -24 -25 25 26 28 -29 29 -31
leaf_value=-0.0010328713566529109 -0.00063835773295219578 -0.0013667457536352288 0.017167867907155809 -0.0018120655183815268 -0.003278094796016354 0.012904155322051809 0.01444562009149951 -0.00099598828196334715 0.010924211911766143 -0.0022045588268355364 0.015243435030623545 -0.0015685604529778084 -0.0075831227693002011 -0.00097191014014385961 0.013329878039529409 -0.0020423052429997882 -0.0019833015745684603 0.020132920784672232 0.0010400172042044516 0.0087974218607995164 0.012436629139850991 -0.00031183095619895023 -0.0013097203770880731 -0.00068338426005453649 0.011080924779894604 -0.0016672739249897629 -0.00046906933839164561 -0.00032201167704157767 0.01295129363370298 1.5504788918932202e-05
leaf_weight=104 978 128 65 338 139 283 66 228 105 64 272 80 71 89 66 60 129 65 123 60 118 159 62 127 148 147 203 313 106 250
leaf_count=104 978 128 65 338 139 283 66 228 105 64 272 80 71 89 66 60 129 65 123 60 118 159 62 127 148 147 203 313 106 250
internal_value=-0.00211998 0.000632164 0.00214147 0.0029143 0.00474725 0.00383859 -0.00492537 0.00153871 -0.0115566 0.0122585 0.00460173 -0.0035 0.00866613 0.0140574 0.0010566 -0.0050308 0.00162162 0.0115769 -0.00527638 -0.00851117 -0.00149644 0.00359929 0.0157 -0.00559508 -0.00483488 -0.00140358 -0.00379395 -0.00963441 0.00105496 0.0065928
internal_weight=5146 2874 2561 2457 1993 1928 464 1519 313 409 1037 185 621 361 260 482 254 125 194 398 416 277 345 2272 2145 1167 1019 460 559 356
internal_count=5146 2874 2561 2457 1993 1928 464 1519 313 409 1037 185 621 361 260 482 254 125 194 398 416 277 345 2272 2145 1167 1019 460 559 356
is_linear=0
shrinkage=0.035


Tree=49
num_leaves=31
num_cat=0
split_feature=115 137 213 49 110 11 240 137 13 256 126 93 211 82 126 13 256 137 13 26 207 27 215 49 225 190 183 104 38 71
split_gain=37.7376 38.7939 30.5741 29.2187 36.3034 26.9715 30.1847 26.7609 25.3892 26.6989 28.1093 23.8303 19.764 33.3426 18.1679 18.0292 22.8884 30.4166 17.7678 16.6971 23.6253 21.2279 35.9422 35.4562 22.6974 21.6189 19.7981 21.9395 28.86 24.3978
threshold=4004.5000000000005 4758.0000000000009 9.5973693276723591 5150.0000000000009 0.21164999902248385 185.60703851328432 5.274751561326064 5366.0000000000009 111.56046292687041 27.787681362807039 103.00000000000001 5715.0000000000009 0.2602673130063613 3479.0000000000005 3898.0000000000005 129.41437195175203 117.05237844084947 875.50000000000011 72.814896695726915 1.4961000084877016 0.091289844072930545 6485.5000000000009 -0.06094998121261596 6033.0000000000009 0.13531330820901896 -0.0083000026643276197 -0.091949122412561646 1386.0000000000002 1504.0000000000002 7624.5000000000009
decision_type=2 2 2 2 2 2 2 2 2 2 2 2 2 2 2 2 2 2 2 2 2 2 2 2 2 2 2 2 2 2
left_child=1 2 -1 4 -4 8 -7 -3 9 -6 -11 -5 13 14 -12 -10 17 -17 -9 -2 21 25 24 -24 -23 26 -21 28 -28 -29
right_child=19 7 3 11 5 6 -8 18 15 10 12 -13 -14 -15 -16 16 -18 -19 -20 20 -22 22 23 -25 -26 -27 27 29 -30 -31
leaf_value=-0.00091957399992416075 -0.00082287713888641351 -0.0016434980783820868 0.015978298473020229 -0.0013196199447719596 -0.0022790801053676093 0.013481494567020117 0.0032532105944889558 -0.00094040381280214257 -0.00091091011740646857 -0.00058037471425971987 0.00094094229392453299 0.013940023388297028 0.01413146755024694 0.012849884719548772 -0.003391600470260952 0.024653540889114027 -0.0021916918871023724 -0.002559217825631115 0.0043095868168382453 -0.0013559769859683708 0.00075417885640594355 -0.001327978027231967 0.0076022082221133208 -0.00018398414876925992 0.0027877370031004333 -0.0016357071051054891 6.2272771488639523e-05 -0.00043198709305249583 -0.0010624709603132677 0.0088777269234850392
leaf_weight=136 200 76 65 399 175 173 233 103 228 62 258 66 117 341 74 83 91 73 121 98 252 93 132 163 61 170 191 406 369 137
leaf_count=136 200 76 65 399 175 173 233 103 228 62 258 66 117 341 74 83 91 73 121 98 252 93 132 163 61 170 191 406 369 137
internal_value=-0.00210639 0.000559222 0.00195425 0.00286533 0.00472447 0.00380554 0.0117518 -0.0112459 0.00162575 0.00471415 0.00726954 -0.00498936 0.00906918 0.00665929 -0.00124629 -0.00503125 0.00152778 0.00956522 -0.00489083 -0.00547211 -0.00451613 -0.00590685 0.000693833 0.00781667 -0.0127673 -0.00806323 -0.00635572 -0.00495939 -0.00978761 6.38686e-05
internal_weight=5146 2874 2574 2438 1973 1908 406 300 1502 1027 852 465 790 673 332 475 247 156 224 2272 2072 1820 449 295 154 1371 1201 1103 560 543
internal_count=5146 2874 2574 2438 1973 1908 406 300 1502 1027 852 465 790 673 332 475 247 156 224 2272 2072 1820 449 295 154 1371 1201 1103 560 543
is_linear=0
shrinkage=0.035


Tree=50
num_leaves=31
num_cat=0
split_feature=193 41 22 85 247 10 27 103 126 270 157 256 193 258 215 88 220 126 115 224 57 60 150 89 213 209 163 214 27 242
split_gain=38.0477 37.5988 41.5177 39.3809 26.7207 25.0266 32.7979 24.1803 28.1472 24.0351 22.7626 21.8183 21.2104 20.0581 20.022 19.5413 46.4364 24.5947 33.3309 33.2739 28.5268 20.4341 19.5754 18.4094 18.2654 18.4565 17.9353 17.0097 16.3396 16.2634
threshold=0.82726111020941362 529.39001464843761 0.25214999914169317 535.50000000000011 636.35498046875011 36.023275400041122 779.00000000000011 4.7457499504089364 93.500000000000014 43.606974713110482 -0.10195245290939436 24.75770796555458 0.74684167788013622 0.036650009453296668 -0.038100011646747582 0.40304999053478247 119.47653684081244 3701.0000000000005 1637.0000000000002 0.9999999999928787 0.015625939177947266 2890.5000000000005 0.053699996322393424 26.61180609842825 10.692399352758185 10.694373766403737 -0.0081051314913033537 0.038500003516674049 3051.0000000000005 39.867977906769262
decision_type=2 2 2 2 2 2 2 2 2 2 2 2 2 2 2 2 2 2 2 2 2 2 2 2 2 2 2 2 2 2
left_child=1 2 29 11 10 6 -4 9 -9 27 -5 14 15 -11 -3 17 24 19 22 20 -7 -22 -19 -8 25 -17 -23 -2 -18 -1
right_child=7 3 5 4 -6 12 23 8 -10 13 -12 -13 -14 -15 -16 16 28 18 -20 -21 21 26 -24 -25 -26 -27 -28 -29 -30 -31
leaf_value=7.4496776602267235e-05 -0.0026092549239918952 0.0065997422489064445 -0.0019164844077772362 -0.0010431073918950561 -0.00070521243919237982 -0.0019522010950137573 0.017576937766489269 0.020283993610855641 -0.00055164373486909211 -0.00090667792185576029 0.0019340302251093313 -0.00079800364223126538 0.01739726709037661 0.00010474335556677817 -0.0016166280349192276 -0.002416804119376986 0.011646602781308239 -0.0033670396881650909 -0.0025715286381297222 -0.0039472072138094991 0.012836431957051395 0.0062855103123601683 0.010536048779802538 0.005746073377798951 0.012929015979286909 0.00012055736469554102 -0.001917552707139134 0.0095841867459980669 0.008999465669953759 0.013283301722612908
leaf_weight=66 78 96 88 130 121 76 72 76 157 672 620 541 65 101 76 191 150 63 188 98 128 221 65 265 60 153 126 69 136 198
leaf_count=66 78 96 88 130 121 76 72 76 157 672 620 541 65 101 76 191 150 63 188 98 128 221 65 265 60 153 126 69 136 198
internal_value=-0.00224228 -0.000621561 0.00213132 -0.00480176 0.000199772 0.000504651 0.00805814 -0.00782815 0.00220588 -0.0103676 0.00268874 -0.0108705 -0.00137971 -0.0128213 0 -0.00217169 0.00231655 -0.00537629 -0.0133022 -0.00144495 0.00195144 0.00517708 0.000526316 0.0129971 -0.00530562 -0.00842407 0.000696023 0.00253289 0.0129897 0.0150929
internal_weight=5146 3993 2409 1584 871 2145 425 1153 233 920 750 713 1720 773 172 1655 690 965 316 649 551 475 128 337 404 344 347 147 286 264
internal_count=5146 3993 2409 1584 871 2145 425 1153 233 920 750 713 1720 773 172 1655 690 965 316 649 551 475 128 337 404 344 347 147 286 264
is_linear=0
shrinkage=0.035


Tree=51
num_leaves=31
num_cat=0
split_feature=193 213 134 160 6 260 55 71 127 126 173 49 35 49 246 6 56 27 210 242 2 17 200 176 41 283 21 126 61 2
split_gain=39.7323 31.5723 23.2718 23.4782 21.7713 28.5674 22.9027 20.4082 20.3546 20.238 30.1137 26.0715 24.3099 21.5083 19.5826 28.7242 20.9799 19.1394 18.6452 17.2463 16.2625 16.058 15.3234 14.4845 14.1417 13.9275 13.3137 15.2594 12.9708 12.1439
threshold=0.77303326978580389 11.381015599432567 0.012851925016630185 -0.022850006818771359 1.0462550598454092 0.51338574061787801 0.46649999916553503 1334.0000000000002 164.50000000000003 480.50000000000006 0.94020476446244383 2901.0000000000005 0.062828964035966703 1498.0000000000002 0.75536189273363341 -2.8719781687091639 6.9729170088291665 7943.0000000000009 0.17171753569040335 49.526028471339508 475.88999938964849 -3.3820477201901284 -0.061550006270408623 -0.59007430520022053 531.50000000000011 1.0000000180025095e-35 0.13925000280141833 7477.0000000000009 73.500000000000014 520.10000610351574
decision_type=2 2 2 2 2 2 2 2 2 2 2 2 2 2 2 2 2 2 2 2 2 2 2 2 2 2 2 2 2 2
left_child=1 2 22 -4 5 8 19 -2 17 10 11 13 -11 -9 15 21 -16 18 28 24 -15 -13 -1 -24 -6 29 -3 -28 -5 -20
right_child=7 26 3 4 6 -7 -8 9 -10 12 -12 14 -14 20 16 -17 -18 -19 25 -21 -22 -23 23 -25 -26 -27 27 -29 -30 -31
leaf_value=-0.00095872968028739409 -0.00074645232912946423 -0.00098280239905755898 -0.00074430749083314414 -0.00045369199081212152 0.0057309744560881948 0.011062593600938695 0.013784671292451466 -0.0008371779282312276 -0.0004477033777773704 -0.0012827284912939186 -0.00081679211822594639 -0.0013842235183136543 0.00033035594750782356 0.0017098532226449074 -0.00022318035393867648 -0.0021012308941403724 0.014555553358415602 0.010170246979146865 -0.0020359171279937024 -0.0031122846747842492 0.021092630673673174 0.00021670983442684895 0.00054682889303245838 -0.00065234544126605649 -0.0012456118051881692 0.014996877696008203 -0.001809447622887896 0.00019841872997772015 0.0055016036240905248 0.00077475614769794874
leaf_weight=171 114 126 74 174 68 176 75 79 640 311 190 76 86 63 130 66 65 102 331 98 87 120 107 402 62 61 63 91 693 245
leaf_count=171 114 126 74 174 68 176 75 79 640 311 190 76 86 63 130 66 65 102 331 98 87 120 107 402 62 61 63 91 693 245
internal_value=-0.0022151 -0.000344049 0.000572618 0.00198466 0.00252564 0.00363412 -0.00625 -0.00726652 0.00254998 -0.00594288 -0.00293984 0.000506512 -0.0124502 0.0100214 -0.00431818 -0.0104869 0.004025 0.00464929 0.00361829 -0.0117167 0.0176129 -0.00348259 -0.00521168 -0.00211089 -0.00311111 -0.000926791 -0.0115439 -0.00440252 0.00694381 -0.0026506
internal_weight=5146 3759 3479 2799 2725 2422 303 1387 2246 1273 876 686 397 229 457 262 195 1606 1504 228 150 196 680 509 130 637 280 154 867 576
internal_count=5146 3759 3479 2799 2725 2422 303 1387 2246 1273 876 686 397 229 457 262 195 1606 1504 228 150 196 680 509 130 637 280 154 867 576
is_linear=0
shrinkage=0.035


Tree=52
num_leaves=31
num_cat=0
split_feature=140 27 126 49 82 260 27 44 12 137 93 8 148 8 217 270 270 49 67 256 82 256 247 270 111 142 60 71 246 141
split_gain=35.9585 44.3938 37.8532 36.0538 26.2988 52.0739 27.995 27.3155 22.3665 23.4537 21.0089 27.3905 30.6612 25.1123 23.9067 23.8808 33.6067 29.5052 26.33 32.2821 25.8594 24.7063 39.2758 18.611 17.039 21.1474 18.412 18.3804 23.9298 23.0931
threshold=524.39001464843761 10446.000000000002 192.00000000000003 10610.500000000002 1608.5000000000002 0.6749685250044053 14378.500000000002 0.33905000984668737 10.842047394416532 3667.0000000000005 4512.0000000000009 -156.86395493840959 1080.5000000000002 -61.897017540549037 66.841928433845922 117.81859216881321 129.41437195175203 4553.5000000000009 18.33528813641842 78.669421196800513 3128.0000000000005 117.05237844084947 588.09500122070324 110.72688411661737 42.030125521294444 0.81744998693466198 7364.0000000000009 7082.5000000000009 0.28722755729035482 30.718373130136371
decision_type=2 2 2 2 2 2 2 2 2 2 2 2 2 2 2 2 2 2 2 2 2 2 2 2 2 2 2 2 2 2
left_child=1 2 -1 4 -2 6 7 8 24 -10 13 -12 -13 15 -15 17 -17 18 -4 20 -20 22 -18 -21 25 26 27 28 29 -6
right_child=3 -3 10 -5 5 -7 -8 -9 9 -11 11 12 -14 14 -16 16 21 -19 19 23 -22 -23 -24 -25 -26 -27 -28 -29 -30 -31
leaf_value=-0.00058893714051325098 -0.00060700656740730722 0.011507817189464153 0.010626626686234961 -0.0013294213428377475 0.01227564171024424 0.012594746022276795 -0.0028684391893198879 -0.0021321380663801466 0.011729146921865691 -0.00032548802815801333 0.013891782736936566 0.010453413408481226 -0.00092269742676029951 -0.0022776139145793497 0.01083339138468644 -0.0013599629796670766 0.016924412962309683 -0.0026310030223983269 -0.007298201305113306 0.014220063036014703 0.0039479922210122554 -0.001952376389955219 -0.0022444151745326466 -0.00064175951084760043 0.015019839375254813 0.0001020921215955148 -0.0015621108031729238 0.0062500022741272922 -0.001157656488444141 -0.00084137528161278908
leaf_weight=311 732 113 317 120 69 89 60 140 219 133 61 201 141 155 70 198 130 168 89 91 91 186 137 73 67 470 143 75 172 125
leaf_count=311 732 113 317 120 69 89 60 140 219 133 61 201 141 155 70 198 130 168 89 91 91 186 137 73 67 470 143 75 172 125
internal_value=-0.00228305 0.000689791 -0.000332096 -0.00515846 -0.00422969 -0.00190153 -0.00331645 -0.00240111 -0.000970907 0.00666667 0.00135826 0.00849265 0.00443804 -0.000347953 -0.0111087 0.00131987 -0.0036814 0.0052458 0.00856607 0.00180516 -0.00832432 0.0016048 0.00836397 0.0128402 -0.0033881 -0.00449481 -0.00891341 -0.00525785 -0.00849057 0
internal_weight=5146 2532 2419 2614 2494 1762 1673 1613 1473 352 2108 403 342 1705 225 1480 651 829 661 344 180 453 267 164 1121 1054 584 441 366 194
internal_count=5146 2532 2419 2614 2494 1762 1673 1613 1473 352 2108 403 342 1705 225 1480 651 829 661 344 180 453 267 164 1121 1054 584 441 366 194
is_linear=0
shrinkage=0.035


Tree=53
num_leaves=31
num_cat=0
split_feature=140 27 8 183 183 49 4 150 137 150 49 195 8 233 151 254 27 66 242 8 247 252 223 270 257 233 270 222 223 141
split_gain=33.938 42.7149 35.5598 29.8566 36.1529 29.6459 27.0926 27.466 33.5907 31.8979 31.3555 24.6259 21.8043 21.6617 33.6078 27.5117 25.5345 29.7029 22.4493 21.188 19.0789 17.6973 17.4871 16.6635 16.1555 16.1143 15.6981 15.6573 15.0264 17.9121
threshold=524.39001464843761 10446.000000000002 -61.897017540549037 0.92527717458494707 0.87953792935376518 10610.500000000002 35.477442913249696 0.084100015461444869 4972.5000000000009 0.040500007569789893 6903.0000000000009 0.0098779517442119918 -63.685439909323854 5744.5449218750009 0.40900000184774404 27.870082554897206 779.00000000000011 0.68860000371932995 90.582767357728457 -55.886476095014707 579.78500366210949 4.2546312009861262 16.239385696953416 42.968540039460215 6.5732019612603896 6078.2500000000009 90.753632861304041 5.4614861531864554 50.170207994048162 104.79918029174807
decision_type=2 2 2 2 2 2 2 2 2 2 2 2 2 2 2 2 2 2 2 2 2 2 2 2 2 2 2 2 2 2
left_child=1 2 3 4 13 6 7 8 9 21 24 -11 22 14 26 20 -16 18 28 -12 -15 27 23 -13 -10 -14 -1 -2 29 -18
right_child=5 -3 -4 -5 -6 -7 -8 -9 10 11 19 12 25 15 16 -17 17 -19 -20 -21 -22 -23 -24 -25 -26 -27 -28 -29 -30 -31
leaf_value=-0.0018725749227299817 0.00010151879925278219 0.011105043587832908 -0.00079112229871672107 -0.0010996679530909594 0.012576447010267328 -0.0012828915958384261 -0.0014853559658533487 -0.00068998329858205537 -0.00049845256036977156 -0.00064835879436498994 -0.0004770512737147659 -0.0032637901477017574 0.00077506055416188548 0.015372025951534311 -0.0014748954830751261 -0.0062478887934068854 0.0070997608137727047 -0.0052800738061437227 0.011023609371601647 0.014505418803942793 0.0063344203680873084 0.00014781726802999816 0.0098583118108576725 0.00037052657997449419 -0.0010369620056941077 0.011008332920756023 -0.003757558219098471 -0.0013554821605476371 0.0098069950747028643 -0.0011137384092719381
leaf_weight=83 61 113 485 102 61 120 102 311 419 179 108 69 147 108 145 69 252 68 137 61 656 96 153 254 147 220 113 167 74 66
leaf_count=83 61 113 485 102 61 120 102 311 419 179 108 69 147 108 145 69 252 68 137 61 656 96 153 254 147 220 113 167 74 66
internal_value=-0.00239177 0.00049665 -0.000505363 0.00162455 0.00266739 -0.00518519 -0.00434174 -0.00356279 -0.00209732 0.00119171 -0.00808784 0.0042259 0.00672759 0.00171453 -0.00193001 0.00580549 0.00149933 0.0047093 0.00753745 0.00502874 0.00773732 -0.00829787 0.00174636 -0.0028811 -0.012014 0.013078 -0.0146269 -0.0135193 0.0031738 -0.000216718
internal_weight=5146 2532 2419 1934 1832 2614 2494 2392 2081 1346 735 1022 843 1771 938 833 742 597 529 169 764 324 476 323 566 367 196 228 392 318
internal_count=5146 2532 2419 1934 1832 2614 2494 2392 2081 1346 735 1022 843 1771 938 833 742 597 529 169 764 324 476 323 566 367 196 228 392 318
is_linear=0
shrinkage=0.035


Tree=54
num_leaves=31
num_cat=0
split_feature=137 137 49 161 140 82 125 9 5 13 137 207 11 49 136 243 113 115 126 203 8 222 258 104 193 170 134 260 13 129
split_gain=33.6274 21.1349 25.5987 32.2454 27.4597 25.334 27.0168 26.7117 27.6766 21.418 20.0891 19.2035 18.8492 18.6849 19.8747 22.8116 27.608 18.5081 24.4376 30.1287 22.3546 28.1209 21.0145 18.3429 17.9427 17.4894 17.3958 16.9351 16.2833 34.1088
threshold=3999.0000000000005 3834.5000000000005 4381.5000000000009 0.19099999591708186 481.50000000000006 3447.0000000000005 3.6201000213623051 -6.1943317531811557 17.712594762630754 79.80662427934719 9858.0000000000018 0.077113457165242275 96.899233257734764 4721.5000000000009 3.0686000585556035 6.4433388596670413 -1.6363210152105858 3954.0000000000005 127.50000000000001 -0.47475266806360777 -44.865233269395937 32.816961425910172 0.0053999796509742745 3135.5000000000005 0.88718575940744582 0.013600014150142671 0.014660956772143239 -0.025164949459803219 77.632194109920064 533.50000000000011
decision_type=2 2 2 2 2 2 2 2 2 2 2 2 2 2 2 2 2 2 2 2 2 2 2 2 2 2 2 2 2 2
left_child=1 2 3 -1 -4 11 7 -7 27 -10 25 17 13 -6 -15 16 -16 18 -5 22 21 -21 23 -20 -19 -2 -12 -9 29 -27
right_child=10 -3 4 5 12 6 -8 8 9 -11 26 -13 -14 14 15 -17 -18 24 19 20 -22 -23 -24 -25 -26 28 -28 -29 -30 -31
leaf_value=0.014458608786258384 -0.00087948992202097249 0.0046989976199401044 0.010653546688803582 -0.0007864435346784499 -0.0026012386577009754 0.01425529701546153 0.0062725614967985106 -0.0041747101002253496 -0.0010935997828447116 0.012257378670788561 -0.00063317244617471294 0.0077944337074045324 -0.0010036008175583371 -0.00096288771969364978 0.0073443706265414414 0.0081490085591762115 -0.0011284515050571957 -0.001294570109908735 0.016162533003735699 0.012307118912117557 -0.0012772569269369023 -0.003408693744650203 -0.0027015941050024354 -0.001237760240231246 0.00018979276660004987 -0.00091472278486007209 0.006112415973333808 -0.0025687074690129374 0.0002313619024138661 -0.0001593076741028138
leaf_weight=66 298 102 94 125 91 109 445 82 78 69 61 77 409 287 86 74 118 189 90 272 69 71 274 87 71 355 204 62 270 461
leaf_count=66 298 102 94 125 91 109 445 82 78 69 61 77 409 287 86 74 118 189 90 272 69 71 274 87 71 355 204 62 270 461
internal_value=-0.0022151 -0.000269846 -0.000751471 0.00143686 -0.00496134 0.000675862 0.00539412 -0.00120988 -0.00673986 0.00391447 -0.00632709 -0.00234211 -0.00657477 -0.0028593 -0.000429825 0.00618375 0 -0.00340782 -0.00119839 0.000927419 0.00772182 0.0113649 -0.00529605 0.00403846 -0.0116226 -0.00801296 0.00246296 -0.0173826 -0.00590284 -0.00835566
internal_weight=5146 3497 3395 2236 1159 2170 845 400 291 147 1649 1325 1065 656 565 278 204 1248 988 863 412 343 451 177 260 1384 265 144 1086 816
internal_count=5146 3497 3395 2236 1159 2170 845 400 291 147 1649 1325 1065 656 565 278 204 1248 988 863 412 343 451 177 260 1384 265 144 1086 816
is_linear=0
shrinkage=0.035


Tree=55
num_leaves=31
num_cat=0
split_feature=115 137 161 137 213 242 110 2 13 33 126 67 13 143 183 173 30 254 223 211 104 104 150 10 160 186 93 172 183 215
split_gain=31.9018 37.7975 24.5007 23.5557 21.9997 26.2848 24.5831 20.0328 19.9882 33.7026 26.7004 29.8294 33.4236 22.2752 20.5398 18.4249 18.1542 17.8086 18.3595 16.5475 24.9968 25.8319 31.0502 30.7238 23.5104 29.2926 22.5216 19.7328 18.1081 18.3159
threshold=3999.0000000000005 4731.5000000000009 0.19099999591708186 5366.0000000000009 9.5973693276723591 28.178228699472992 0.24095000326633456 527.01501464843761 120.96251779845728 0.5900000035762788 546.00000000000011 18.718226510615722 96.791306307782619 0.63859999179840099 -0.64178975415962292 0.12984959304163016 565.50000000000011 -5.6556399834550843 15.046054264307775 -0.033113703761454318 1531.5000000000002 1907.0000000000002 0.063500009477138533 44.826427177013286 0.025500021874904636 -0.24761701446543524 7086.5000000000009 -0.21011164274284275 0.61544653749136768 -0.050800006836652749
decision_type=2 2 2 2 2 2 2 2 2 2 2 2 2 2 2 2 2 2 2 2 2 2 2 2 2 2 2 2 2 2
left_child=1 2 -1 -3 -4 17 -7 8 10 -10 -8 -12 -13 -11 -14 -9 19 -6 -19 -2 27 -22 24 -24 -23 -26 -27 -21 -29 -30
right_child=16 3 4 -5 5 6 7 15 9 13 11 12 14 -15 -16 -17 -18 18 -20 20 21 22 23 -25 25 26 -28 28 29 -31
leaf_value=0.011650681217512291 -0.00075675532194941365 -0.0012382924260904316 -0.00093628054282541358 -0.0005528089514145163 0.0012280472227523822 0.011684825518712727 -0.0004520013166545401 0.00052072085026221861 -0.0012279423146075732 0.01195655625245988 0.011705522202983857 -0.0050240455355985095 -0.00038140042125802217 -0.00033915854258877555 0.012995432371649516 -0.0011709315484701615 -0.00068724002256455535 -0.0025740740146229769 0.003088384346192108 -0.00014127423012083584 0.010138792412106719 -0.00047606726792561257 0.014270518792721357 -0.0010715423475890584 0.011619843698730221 0.0067420024664035455 -0.00073783076094131764 -0.0013802495476895194 -0.0001628901548074019 -0.0011909091001678237
leaf_weight=68 210 89 136 223 100 166 164 110 344 105 463 194 90 135 149 82 119 180 61 340 140 204 68 199 150 96 131 178 269 183
leaf_count=68 210 89 136 223 100 166 164 110 344 105 463 194 90 135 149 82 119 180 61 340 140 204 68 199 150 96 131 178 269 183
internal_value=-0.00277228 -0.000305517 0.00111089 -0.0117035 0.000521337 0.00132666 0.00285999 0.001673 0.00292905 -0.00225806 0.00578404 0.0081576 0.00151826 0.00771429 0.0101844 -0.00888325 -0.0058486 -0.00758671 -0.0126626 -0.00508974 -0.00406521 -0.000140987 -0.0024619 -0.0122243 0.00209044 0.00723822 -0.00075431 -0.00804103 -0.011685 -0.00781182
internal_weight=5146 2859 2547 312 2479 2343 2002 1836 1644 584 1060 896 433 240 239 192 2287 341 241 2168 1958 988 848 267 581 377 227 970 630 452
internal_count=5146 2859 2547 312 2479 2343 2002 1836 1644 584 1060 896 433 240 239 192 2287 341 241 2168 1958 988 848 267 581 377 227 970 630 452
is_linear=0
shrinkage=0.035


Tree=56
num_leaves=31
num_cat=0
split_feature=140 27 8 129 93 52 26 183 183 242 143 143 2 22 71 224 81 8 242 2 8 27 150 17 93 21 260 260 213 13
split_gain=29.1461 37.4409 32.2328 26.3285 35.5237 31.244 29.3056 26.1371 31.8871 21.3252 27.1972 22.2763 21.0976 20.7947 21.3408 34.5617 21.6017 19.533 19.2897 20.4563 25.5905 25.9671 33.6853 18.9371 18.9294 24.8482 18.6038 16.9119 16.4607 17.9923
threshold=524.39001464843761 10446.000000000002 -61.897017540549037 533.50000000000011 3275.0000000000005 566.50000000000011 1.5395500063896181 0.92527717458494707 0.87953792935376518 34.637583065786778 0.18914999812841418 0.22089999914169314 527.18499755859386 0.26434999704360967 5144.5000000000009 -0.91103306768594627 3.6174499988555913 -230.63405784003427 47.37640909271358 458.19500732421881 -156.86395493840959 2112.5000000000005 0.042449995875358588 9.5560326256871626 2320.0000000000005 0.12875000387430194 0.22445054995218519 0.31274022639037663 11.164990783601171 46.134055028301638
decision_type=2 2 2 2 2 2 2 2 2 2 2 2 2 2 2 2 2 2 2 2 2 2 2 2 2 2 2 2 2 2
left_child=1 2 7 4 12 6 -5 8 13 10 23 -12 -2 -1 17 -16 -17 -15 -19 -20 -21 -22 -23 -8 -14 -26 -24 -13 29 -6
right_child=3 -3 -4 5 28 -7 9 -9 -10 -11 11 27 24 14 15 16 -18 18 19 20 21 22 26 -25 25 -27 -28 -29 -30 -31
leaf_value=0.01016804646584453 0.0081680553918398648 0.0105073771012463 -0.00072338485344390917 -0.00088513219568465702 0.013829411062799331 -0.00063652096048192946 0.0073792770429279104 -0.0010056984593498301 0.011507108276912252 -0.00044960687553028626 -0.0017636681613723392 -0.0001549905678184177 -0.0017254725777974536 -0.00053584696873898191 0.0059703710595755306 -0.0012610454068512863 -0.0041141626436817791 -0.0041360824495562587 -0.001263086625326334 0.013959476171328125 0.011145580906386874 -0.0097680062715822715 0.0087945938453082521 -0.00018586065271712196 0.010666118498816664 -0.0010059649239889017 -0.0018549704267336515 0.014846906164555697 -0.0013721325278978499 -0.00062823303263197911
leaf_weight=142 143 113 485 123 72 127 262 102 61 317 192 96 79 580 75 76 96 88 76 166 110 65 186 83 64 113 111 78 190 675
leaf_count=142 143 113 485 123 72 127 262 102 61 317 192 96 79 580 75 76 96 88 76 166 110 65 186 83 64 113 111 78 190 675
internal_value=-0.00264997 2.75916e-05 -0.000909653 -0.00523864 -0.00866518 -0.00163679 0.000211938 0.00111913 0.00209581 0.00216844 0.00552374 -0.00113208 8.66337e-05 0.00120214 6.42595e-05 -0.00930556 -0.0177966 0.0017664 0.0052912 0.00720445 0.0092535 0.00498952 0.000381471 0.0125 -0.00590038 0.000576923 0.00544702 0.00782123 -0.0123726 -0.00991356
internal_weight=5146 2532 2419 2614 1336 1278 1151 1934 1832 1028 711 366 399 1771 1629 247 172 1382 802 714 638 472 362 345 256 177 297 174 937 747
internal_count=5146 2532 2419 2614 1336 1278 1151 1934 1832 1028 711 366 399 1771 1629 247 172 1382 802 714 638 472 362 345 256 177 297 174 937 747
is_linear=0
shrinkage=0.035


Tree=57
num_leaves=31
num_cat=0
split_feature=118 4 27 221 49 150 150 137 98 223 193 256 126 49 148 126 82 71 11 22 37 211 148 20 74 48 148 222 163 258
split_gain=27.6383 35.3486 29.5676 28.8363 27.194 31.6622 34.0482 33.2667 29.1006 25.2223 23.009 28.7302 28.5899 22.771 19.4421 19.1347 32.9195 20.3537 27.3558 23.7817 18.9405 18.3023 18.4091 17.4239 21.4948 20.6022 18.3972 18.702 16.648 15.6255
threshold=521.50000000000011 32.066639042438581 10446.000000000002 39.919108912226577 10610.500000000002 0.030300013720989231 0.085000000894069686 4972.5000000000009 0.51555001735687267 15.207683139200292 -0.70265002870725035 82.789238270763249 2329.5000000000005 6903.0000000000009 791.50000000000011 192.00000000000003 851.50000000000011 4969.0000000000009 219.40870338570542 0.2707000076770783 2.2920500040054326 0.2884466447787376 3131.0000000000005 47.819424402321125 454.50000000000006 2.3672499656677251 1355.5000000000002 20.826736345171216 -0.091796835865826168 0.027400009334087375
decision_type=2 2 2 2 2 2 2 2 2 2 2 2 2 2 2 2 2 2 2 2 2 2 2 2 2 2 2 2 2 2
left_child=2 4 3 10 5 -2 7 8 9 -7 11 -1 -12 29 -15 -5 -17 18 23 -19 -21 22 -20 -18 -25 -26 -27 -28 -29 -9
right_child=1 -3 -4 15 -6 6 -8 13 -10 -11 12 -13 -14 14 -16 16 17 19 21 20 -22 -23 -24 24 25 26 27 28 -30 -31
leaf_value=-0.0029154775780958508 -0.00088968609132697614 -0.0016028124489433843 0.0091463678163284951 -0.00048586330758867681 -0.0012361815917391731 -0.00063025558622446115 -0.00054964763693847679 -0.00062024959719516942 0.0066010914230372553 0.0065483321108322119 0.0010740159480278988 0.013818094244837507 0.012974501208513961 0.015069127184094307 -0.00042117095786256613 0.0086895562883544334 -0.0051189359422780557 0.012083559976926287 0.013383022392235376 -0.00069101670602602586 -0.0038508820518004454 -0.0064259714760289011 0.0039286317784404719 -0.0019293352891296656 0.014217768393980675 0.014171903159934751 -0.0014300187036872147 0.0050077122386547445 -0.0027551590086911924 0.00065399979066950529
leaf_weight=86 243 163 101 296 116 544 309 458 484 223 125 91 119 69 83 149 79 61 118 143 131 64 99 97 70 154 182 160 69 60
leaf_count=86 243 163 101 296 116 544 309 458 484 223 125 91 119 69 83 149 79 61 118 143 131 64 99 97 70 154 182 160 69 60
internal_value=-0.00266356 -0.00505259 8.75365e-05 -0.000746301 -0.00403431 -0.00323446 -0.00191051 -0.000163551 0.00320462 -0.00104275 0.00747653 -0.00211538 0.0143373 -0.00642963 0.00535032 -0.00261055 -0.00106262 -0.00271299 -0.000382862 -0.0101912 -0.014552 0.00893357 0.0137162 -0.00364583 -0.00189959 0.000492188 -0.0017807 -0.00563702 0.00104701 -0.0099044
internal_weight=5146 2752 2394 2293 2589 2473 2230 1921 1251 767 421 177 244 670 152 1872 1576 1427 1092 335 274 281 217 811 732 635 565 411 229 518
internal_count=5146 2752 2394 2293 2589 2473 2230 1921 1251 767 421 177 244 670 152 1872 1576 1427 1092 335 274 281 217 811 732 635 565 411 229 518
is_linear=0
shrinkage=0.035


Tree=58
num_leaves=31
num_cat=0
split_feature=140 27 8 183 183 201 213 233 82 2 260 8 233 151 27 132 17 13 120 82 91 256 224 8 102 23 71 126 242 242
split_gain=27.6757 33.069 28.019 25.8032 32.1942 24.9424 28.8395 25.6853 32.396 55.816 28.0916 21.4707 18.7084 28.1982 24.8149 23.6742 23.4314 21.3076 17.8454 20.8647 17.999 17.2254 19.6546 20.8938 19.0101 16.7077 16.2939 18.2995 15.5698 17.4457
threshold=524.39001464843761 10446.000000000002 -61.897017540549037 0.92527717458494707 0.87953792935376518 0.41022499650716787 11.164990783601171 6376.8149414062509 1608.5000000000002 554.52999877929699 0.7318399263717138 -53.655705609149145 5744.5449218750009 0.40900000184774404 779.00000000000011 0.79644998908042919 36.107581918004563 129.41437195175203 0.66065001487731945 6247.5000000000009 -2.3734286404290645 41.785447603291253 0.99999999999044953 -41.804562828763871 -3.4607798440734165 2.8192326600723985 7624.5000000000009 860.00000000000011 22.219451045746705 35.7009446136992
decision_type=2 2 2 2 2 2 2 2 2 2 2 2 2 2 2 2 2 2 2 2 2 2 2 2 2 2 2 2 2 2
left_child=1 2 3 4 12 6 7 8 21 10 18 -8 13 -1 -15 17 -14 -16 19 20 25 22 23 -2 -23 -10 27 -20 -29 -30
right_child=5 -3 -4 -5 -6 -7 11 -9 9 -11 -12 -13 16 14 15 -17 -18 -19 26 -21 -22 24 -24 -25 -26 -27 -28 28 29 -31
leaf_value=-0.003138276924069519 -0.00023351808044431711 0.0098194960291311823 -0.00070131719125647596 -0.00095349379750698105 0.010800225017127917 -0.001320367859475931 -0.00086334129151494142 -0.00073052816422690132 -0.0023206453206985607 0.011428699447402279 0.01998442296187377 0.00072898576160101872 0.0059543271662014941 -0.0015498160569743437 0.0012309309544271424 -0.005527804134997533 -0.0073123750599761216 0.0089867034384467411 -0.00095606292293898222 0.0065327800150327513 -0.0033208745372978782 -0.00019787634052843424 -0.0015215801259449936 0.011093925911293425 -0.0009523300975416457 -3.5405757317935329e-05 0.0049929486357875568 0.017235626934333729 -0.0014004468705982522 0.0091613159431262071
leaf_weight=196 217 113 485 102 61 204 411 153 109 167 60 65 748 145 392 62 85 143 76 72 82 126 65 71 176 216 62 65 115 102
leaf_count=196 217 113 485 102 61 204 411 153 109 167 60 65 748 145 392 62 85 143 76 72 82 126 65 71 176 216 62 65 115 102
internal_value=-0.0026092 0 -0.000880776 0.00101083 0.00198149 -0.00513173 -0.00411594 -0.00220217 -0.00099944 0.00259947 -0.000689834 -0.0117879 0.0010839 -0.00230117 0.000843373 0.00401163 0.00488663 0.00641667 -0.00228429 -0.00686983 -0.00993932 -0.00715909 -0.00185754 0.00215017 -0.0132248 -0.00604545 0.00296471 0 0.00414634 -0.000472973
internal_weight=5146 2532 2419 1934 1832 2614 2410 1934 1781 1126 959 476 1771 938 742 597 833 535 899 479 407 655 353 288 302 325 420 358 282 217
internal_count=5146 2532 2419 1934 1832 2614 2410 1934 1781 1126 959 476 1771 938 742 597 833 535 899 479 407 655 353 288 302 325 420 358 282 217
is_linear=0
shrinkage=0.035


Tree=59
num_leaves=31
num_cat=0
split_feature=115 137 60 71 256 126 211 71 137 74 205 148 71 224 27 213 219 137 232 287 27 71 163 71 210 193 193 135 82 133
split_gain=26.461 28.3812 23.0114 24.5769 31.4045 23.5787 25.2812 25.1083 21.4439 21.318 20.0203 21.5083 22.898 21.8469 21.6424 19.4011 19.2015 17.3053 16.8183 16.4248 24.1181 29.4406 22.2846 31.5875 19.3283 18.6634 18.6138 16.7798 15.3521 15.2949
threshold=3999.0000000000005 4731.5000000000009 10032.500000000002 859.50000000000011 82.789238270763249 122.00000000000001 0.54493451323309661 1670.0000000000002 5366.0000000000009 550.50000000000011 0.010763397329839467 2442.5000000000005 3090.0000000000005 -0.99999999998821087 3192.0000000000005 10.5067647271709 -37.892701160041902 159.00000000000003 15.814217123755748 1.0000000180025095e-35 6485.5000000000009 4938.5000000000009 0.70406107721643163 7834.0000000000009 0.020045100450989284 0.50874400592897617 0.47965079440845898 -1.0527866661497833 3229.5000000000005 63.981630495416447
decision_type=2 2 2 2 2 2 2 2 2 2 2 2 2 2 2 2 2 2 2 2 2 2 2 2 2 2 2 2 2 2
left_child=1 2 3 4 -1 -5 7 -7 -3 10 -9 12 15 -14 16 18 -15 -6 -12 20 26 -22 23 24 -21 -23 29 -26 -13 -2
right_child=19 8 -4 5 17 6 -8 9 -10 -11 11 28 13 14 -16 -17 -18 -19 -20 22 21 25 -24 -25 27 -27 -28 -29 -30 -31
leaf_value=-0.0013930405645857654 -0.0014683248215369205 -0.0011179922446369651 -0.0022952308129385 -0.00041442942363203398 0.0096685396340143153 0.0089743415365971229 0.0089610922983184311 -0.0026305151677988728 -0.00047563769789385485 0.012876802925904969 0.011393058791588258 -0.0052576566752346853 0.01346342889716017 0.013793298792131425 -0.002285750008112136 0.024368580142291204 -0.00028429879675500317 -0.0010794267254951213 -0.0014737852129926995 0.00013167891993149633 0.016271230756368386 0.00071340184934329644 -0.0008077203904954456 0.010403608417204379 3.3653734474075605e-05 -0.00078853789265094791 -0.00075538923172610974 -0.0013221413473708415 -0.00033128093953079674 -0.00025937631476592228
leaf_weight=173 191 89 152 156 116 280 129 69 223 105 65 110 105 101 223 107 105 80 107 374 82 109 116 127 171 131 669 254 364 63
leaf_count=173 191 89 152 156 116 280 129 69 223 105 65 110 105 101 223 107 105 80 107 374 82 109 116 127 171 131 669 254 364 63
internal_value=-0.00252766 -0.000281075 0.000946317 0.00179375 -0.00645722 0.00330871 0.00440533 0.00326747 -0.0101577 0.00140859 0.000205731 0.00121904 0.00466381 0.00038961 -0.00314516 0.0126937 0.0049763 0.00313433 0.00514124 -0.00532941 -0.008036 0.000214067 -0.00207259 -0.000225564 -0.0028296 -0.006 -0.0108998 -0.00789535 -0.00467641 -0.0189189
internal_weight=5146 2859 2547 2395 369 2026 1870 1741 312 1461 1356 1287 813 534 429 279 206 196 172 2287 1245 322 1042 926 799 240 923 425 474 254
internal_count=5146 2859 2547 2395 369 2026 1870 1741 312 1461 1356 1287 813 534 429 279 206 196 172 2287 1245 322 1042 926 799 240 923 425 474 254
is_linear=0
shrinkage=0.035


Tree=60
num_leaves=31
num_cat=0
split_feature=4 173 49 153 82 22 104 274 4 183 129 148 126 162 27 2 49 274 100 223 163 160 100 49 142 57 123 5 242 58
split_gain=22.916 28.1166 23.3135 29.0635 27.258 28.7427 26.7719 24.5063 29.0378 26.853 22.3492 22.0637 21.3083 20.8344 19.2546 27.0863 40.0657 25.3854 21.1266 19.2261 18.4571 25.0512 18.1898 16.8415 16.236 17.0483 14.2793 14.0018 13.9811 13.7344
threshold=32.066639042438581 0.28801365539051993 4198.0000000000009 0.08284003677805972 5591.5000000000009 0.22479999810457232 305.00000000000006 0.48736063930197776 -17.900509893786595 0.19342689035563829 517.50000000000011 367.00000000000006 2789.5000000000005 0.3486740502134475 779.00000000000011 527.18499755859386 2540.0000000000005 0.84724815590555747 28.272754940917427 12.473125954258972 -0.090078021793054172 0.029300000518560413 24.783660177737584 1660.0000000000002 0.83015000820159923 0.021390965588634053 0.011916619787096273 72.721286539167551 77.515258668503904 -5.7252078886578515
decision_type=2 2 2 2 2 2 2 2 2 2 2 2 2 2 2 2 2 2 2 2 2 2 2 2 2 2 2 2 2 2
left_child=2 10 4 11 13 -6 -5 9 -9 12 -2 -4 -8 14 -1 17 -17 18 20 -14 21 -16 -7 -3 25 26 -13 -10 -20 -11
right_child=1 23 3 6 5 22 7 8 27 29 -12 24 19 -15 15 16 -18 -19 28 -21 -22 -23 -24 -25 -26 -27 -28 -29 -30 -31
leaf_value=-0.0012028476625575101 0.011378058658190254 -0.00010999666973951551 0.00053815625670876333 0.01077787077897112 0.013231150929068508 -0.0011996433691980858 -0.0021906017556593419 0.0053938954475326682 -0.0021665413105554552 0.0088033044210213338 -0.0018201043812303521 -0.0011919503327235538 -0.0012324422702868665 -0.00066634425276194714 -0.0024446529388275975 0.0077481797504426238 -0.0007294539653361421 -0.00063857727442477455 -0.0010975761909405959 0.0093839101129692508 0.012245481393618982 0.0095613388919644996 0.005352566051927873 -0.0022603044763706698 -0.00016164221359342204 -0.0016256899072735794 0.00031032302895862677 -0.00021359373867699374 0.0062924944148137702 -0.00030948167135111729
leaf_weight=139 137 82 161 109 111 94 129 80 108 167 60 105 92 582 79 134 312 70 260 114 211 109 187 215 264 507 125 70 272 61
leaf_count=139 137 82 161 109 111 94 129 80 108 167 60 105 92 582 79 134 312 70 260 114 211 109 187 215 264 507 125 70 272 61
internal_value=-0.00226946 -0.0093988 -0.00150311 -0.00423939 0.000736842 0.00916877 0.000374332 -0.00182203 -0.0106464 0.00227993 0.000866337 -0.00791774 -0.00401471 -0.000805338 0.00127593 0.00248278 -0.00465632 0.00567097 0.00721688 0.00298578 0.013255 0.00507772 0.00305944 -0.0161093 -0.00984592 -0.0125 -0.00446809 -0.0183607 0.00260708 0.0114163
internal_weight=5146 494 4652 2092 2560 392 930 821 258 563 197 1162 335 2168 1586 1447 446 1001 931 206 399 188 281 297 1001 737 230 178 532 228
internal_count=5146 494 4652 2092 2560 392 930 821 258 563 197 1162 335 2168 1586 1447 446 1001 931 206 399 188 281 297 1001 737 230 178 532 228
is_linear=0
shrinkage=0.035


Tree=61
num_leaves=31
num_cat=0
split_feature=115 137 161 284 115 170 11 11 17 256 22 5 27 137 287 163 223 242 153 154 115 69 60 67 71 255 20 153 60 176
split_gain=26.0129 25.4994 20.6991 20.8671 20.6223 24.3732 21.7867 25.3332 24.6372 21.163 30.7815 27.549 28.7655 20.5356 17.4306 21.2711 18.4546 17.9181 17.2337 15.8002 15.0005 27.0619 24.9987 19.8772 31.894 22.0908 21.1627 14.6918 21.1497 15.8261
threshold=3999.0000000000005 4731.5000000000009 0.19099999591708186 1.0000000180025095e-35 3120.5000000000005 0.018600005656480793 176.17598391972871 88.714716273623694 -2.8613368977431493 31.203807548619121 0.36055000126361852 -8.8723547042790312 779.00000000000011 5366.0000000000009 1.0000000180025095e-35 -0.12789036161368342 15.30780460830767 66.861047972556676 0.35153588767715066 -0.086206891671356298 5885.0000000000009 -6.0471590290435184 6430.5000000000009 11.818676750821433 5281.0000000000009 0.87884826163064933 73.348914915414298 0.53968374871168645 1098.0000000000002 -0.93236085193068952
decision_type=2 2 2 2 2 2 2 2 2 2 2 2 2 2 2 2 2 2 2 2 2 2 2 2 2 2 2 2 2 2
left_child=1 2 -1 4 6 -6 7 9 -8 -4 -11 12 -12 -3 20 -16 17 27 -15 -14 21 -2 23 24 -22 -26 -25 29 -29 -17
right_child=14 13 3 -5 5 -7 8 -9 -10 10 11 -13 19 18 15 16 -18 -19 -20 -21 22 -23 -24 26 25 -27 -28 28 -30 -31
leaf_value=0.010231873771717574 -0.0019936934764348993 -0.0010443093128952314 -0.0017329429210969751 -0.0017187469645564659 -0.00095285705100525708 0.011788250655078372 0.017421917142706574 -0.00061351010070748342 0.00020465519015774246 0.019659382051599276 -0.0022537876448182432 -0.0041635791885469313 -0.0011337798099064818 0.00023338592580900987 0.0071402222631574272 -1.4686918264948669e-06 0.0097937870133493823 0.0080571362457574017 -0.0019217699433629557 0.010144653174338712 0.014840182213448135 -0.00021259352031447522 -0.0010764151585006818 -0.00108243718878016 -0.00093715864475135528 0.0036041907719382813 0.00027118115434087792 -0.00036292812442420845 0.0058971321138041998 -0.0010394508725611188
leaf_weight=68 311 89 268 121 121 196 118 784 315 149 89 69 75 129 101 148 124 96 94 174 149 225 142 138 134 78 68 76 63 434
leaf_count=68 311 89 268 121 121 196 118 784 315 149 89 69 75 129 101 148 124 96 94 174 149 225 142 138 134 78 68 76 63 434
internal_value=-0.00258202 -0.000354399 0.000809169 0.000267713 0.00100719 0.00923913 -0.000290811 -0.00216987 0.00663242 0.00211098 0.0059893 0.000934466 0.00510204 -0.00971609 -0.00535995 -0.00200573 -0.00366279 -0.00557786 -0.00383772 0.0111614 -0.008148 -0.0125508 -0.0047549 -0.00140734 0.00353825 -0.00516129 -0.00995261 -0.00747245 0.00267361 -0.00989779
internal_weight=5146 2859 2547 2479 2358 317 2041 1608 433 824 556 407 338 312 2287 1042 941 817 223 249 1245 536 709 567 361 212 206 721 139 582
internal_count=5146 2859 2547 2479 2358 317 2041 1608 433 824 556 407 338 312 2287 1042 941 817 223 249 1245 536 709 567 361 212 206 721 139 582
is_linear=0
shrinkage=0.035


Tree=62
num_leaves=31
num_cat=0
split_feature=115 137 93 49 82 115 111 27 83 30 233 227 9 8 137 242 214 71 140 21 17 49 32 38 101 49 129 148 149 27
split_gain=29.4882 22.2662 21.4491 27.1652 29.8876 26.1258 21.1349 28.4045 21.1128 20.4055 18.4302 16.6708 16.6127 23.9617 16.0937 15.7292 26.1159 19.5887 18.9306 25.6772 18.1193 23.9681 15.3658 15.2306 17.732 14.474 14.3469 14.3265 13.7717 13.6414
threshold=3999.0000000000005 4731.5000000000009 5197.5000000000009 5150.0000000000009 3772.5000000000005 2464.0000000000005 31.71307230886023 779.00000000000011 443.50000000000006 565.50000000000011 6094.1950683593759 0.3794169503468226 -8.6120843275370138 -239.47598656304194 5366.0000000000009 32.644520115514688 0.026400007307529453 4004.5000000000005 524.39001464843761 0.14025000482797625 9.5560326256871626 8924.0000000000018 0.1706499978899956 2444.0000000000005 0.010909116449842526 3464.5000000000005 515.50000000000011 2879.5000000000005 9.5000000000000018 3950.0000000000005
decision_type=2 2 2 2 2 2 2 2 2 2 2 2 2 2 2 2 2 2 2 2 2 2 2 2 2 2 2 2 2 2
left_child=1 2 3 4 6 12 -1 -8 27 15 23 -5 -6 -14 -3 16 -2 29 19 -17 21 22 -19 -4 -25 -26 -21 -9 -29 -18
right_child=9 14 10 11 5 -7 7 8 -10 -11 -12 -13 13 -15 -16 18 17 20 -20 26 -22 -23 -24 24 25 -27 -28 28 -30 -31
leaf_value=-0.0012324611517674305 -0.00089414289047091066 -0.0010077584869438983 0.0097834542805677275 -0.0016722899188585823 0.010260369608003236 0.015576574642663576 -0.001108072900623475 0.0043427260779687685 -0.001229527916612901 -0.00064422519319487623 0.011979944042669787 0.0011428133621434 -0.0013610869380361629 0.0050719339984946262 -0.00043188847918053055 0.002361007656898464 -0.0030170085355508258 0.0074242346348193239 -0.00064245807718678663 -0.0022908822628247244 -0.0012022491078251187 -0.00041255348458138502 -0.00018375402873296255 -0.004802074913221455 0.020521205582719498 -0.00074206157331716124 0.0048956177332152382 -0.0022694118731543642 0.0075495470569197738 4.4632197192141788e-05
leaf_weight=210 152 89 69 268 118 105 180 456 242 119 60 121 99 264 223 239 73 266 811 238 129 60 65 65 62 70 65 78 80 70
leaf_count=210 152 89 69 268 118 105 180 456 242 119 60 121 99 264 223 239 73 266 811 238 129 60 65 65 62 70 65 78 80 70
internal_value=-0.00267715 -0.000305517 0.00078174 -0.000455975 0.0013337 0.00781726 -0.00173461 0.000336215 0.00300813 -0.00563482 0.00909366 -0.00879442 0.00424897 0.000475543 -0.00905363 -0.00483203 -0.000981707 0.00204341 -0.00713918 -0.00204753 0.0052 0.00892677 0.0126042 0.00490775 -0.000173267 0.00715328 -0.00875 0.00644588 -0.00257669 -0.00922297
internal_weight=5146 2859 2547 2221 1832 586 1246 1036 856 2287 326 389 481 363 312 2168 815 663 1353 542 520 391 331 266 197 132 303 614 158 143
internal_count=5146 2859 2547 2221 1832 586 1246 1036 856 2287 326 389 481 363 312 2168 815 663 1353 542 520 391 331 266 197 132 303 614 158 143
is_linear=0
shrinkage=0.035


Tree=63
num_leaves=31
num_cat=0
split_feature=30 193 213 47 193 129 7 41 22 225 71 11 27 115 82 66 88 4 143 7 5 159 120 153 129 247 104 60 142 152
split_gain=28.68 24.214 26.1846 25.7368 27.6794 24.5138 26.1573 23.0516 38.3627 19.0901 19.1312 16.4178 21.8484 17.1779 20.0481 18.5751 15.197 15.358 14.661 14.9348 18.1792 13.6716 12.9912 16.5825 12.8936 17.1399 16.5291 12.7313 20.6307 12.7932
threshold=565.50000000000011 0.82726111020941362 11.381015599432567 -6.1150176490783066 0.97408035841704399 552.75000000000011 -20.183777756018262 529.39001464843761 0.24260000139474872 0.31094279688481968 5180.5000000000009 43.69251072170281 3180.0000000000005 3999.0000000000005 1225.0000000000002 0.55970001220703136 0.18424999713897708 5.5670927878374172 0.1730500012636185 -57.9107665561841 51.066166259331226 16.125763564221646 0.67745000123977672 0.51261122045762741 515.50000000000011 565.76501464843761 3362.5000000000005 1834.0000000000002 0.79954999685287487 0.23730899101343531
decision_type=2 2 2 2 2 2 2 2 2 2 2 2 2 2 2 2 2 2 2 2 2 2 2 2 2 2 2 2 2 2
left_child=1 2 5 18 -5 7 -7 8 -1 16 -11 12 -10 14 15 -13 -9 -18 -3 20 -20 27 23 -21 25 -15 -26 28 -16 -29
right_child=-2 3 -4 4 -6 6 -8 9 11 10 -12 13 -14 24 21 -17 17 -19 19 22 -22 -23 -24 -25 26 -27 -28 29 -30 -31
leaf_value=0.010731016528490536 -0.00062167731143305659 2.0729936119368021e-05 -0.00059540713689807073 -0.00025605876456309576 0.012243355144463794 0.010818908294342313 -0.00031139676325898149 0.00040553368604434451 -0.0012957676463859165 -0.0015306163785327078 0.014334558879605245 0.010717042617395062 0.010064260909495252 -0.00058192770547203635 0.00031556279888175336 -0.0027157626591139458 -0.00068321897503407451 -0.0010229183244699889 -0.0016948488002776353 -0.0015471032170537127 0.0071816179402789905 0.011806123421490461 -0.0015746692150717546 -7.2516695393139442e-05 0.0062143331988064893 -0.0045403331181408562 -0.0013042125958528635 -0.00078633603849959273 -0.0022605680519140227 0.001253549984995037
leaf_weight=194 119 135 285 240 96 196 77 109 67 63 65 100 83 116 68 64 644 112 77 203 64 92 176 151 88 127 68 665 100 502
leaf_count=194 119 135 285 240 96 196 77 109 67 63 65 100 83 116 68 64 644 112 77 203 64 92 176 151 88 127 68 665 100 502
internal_value=-0.00284023 -0.00242746 -0.00110668 -0.00689625 0.00123167 -0.000291262 0.00969424 -0.00112395 0.00077811 -0.00557615 0.00684211 -0.000587413 0.0103871 -0.0014386 0.000197368 0.0115976 -0.00744253 -0.00919842 -0.0102713 -0.0123743 -0.00215753 -0.00114874 -0.0150467 -0.0109192 -0.00788366 -0.0128427 0 -0.00206343 -0.0109249 -0.000746587
internal_weight=5146 5027 3885 1142 336 3600 273 3327 2334 993 128 2140 150 1990 1591 164 865 756 806 671 141 1427 530 354 399 243 156 1335 168 1167
internal_count=5146 5027 3885 1142 336 3600 273 3327 2334 993 128 2140 150 1990 1591 164 865 756 806 671 141 1427 530 354 399 243 156 1335 168 1167
is_linear=0
shrinkage=0.035


Tree=64
num_leaves=31
num_cat=0
split_feature=30 193 103 60 126 154 134 153 150 159 184 125 104 225 79 83 195 256 260 19 2 121 153 233 121 197 258 27 233 148
split_gain=29.0112 27.3509 26.8585 25.1547 18.9116 17.5192 16.5336 17.8917 17.5216 24.8177 17.441 22.1202 17.9664 20.7314 16.8462 16.3422 16.1973 15.9243 15.5977 15.4278 15.1756 14.2866 19.8369 18.474 13.2582 13.2377 13.1854 14.2986 12.4907 11.9627
threshold=565.50000000000011 0.82726111020941362 4.7457499504089364 10557.500000000002 93.500000000000014 -0.086206891671356298 0.012280720514455808 -0.45863478320996887 0.086399994790554061 13.448315339898519 -0.034257251051386058 3.2342000007629399 2454.5000000000005 0.20952104145014219 0.029484179411360514 111.50000000000001 0.020584232152472147 77.990803925045569 -0.17004886161627614 452.50000000000006 477.89500427246099 0.21880000084638598 0.17759989780196042 5837.5449218750009 0.17059999704360965 -0.023688922188771666 0.019099988043308262 6057.5000000000009 5994.1250000000009 546.00000000000011
decision_type=2 2 2 2 2 2 2 2 2 2 2 2 2 2 2 2 2 2 2 2 2 2 2 2 2 2 2 2 2 2
left_child=1 3 15 6 -4 -5 -1 17 10 -10 16 14 29 21 -12 -3 25 18 -8 -19 -11 -14 23 -23 -17 -9 -26 -28 -25 -13
right_child=-2 2 4 5 -6 -7 7 8 9 20 11 12 13 -15 -16 24 -18 19 -20 -21 -22 22 -24 28 26 -27 27 -29 -30 -31
leaf_value=-0.00057515695803276733 -0.00059991860553290036 -0.0011429671154954252 0.017253992456399657 -0.0020135318929880284 -0.00032518515272523174 -0.00042884820615131717 -0.0013695763984597268 0.010461546732452715 0.0052783586449043759 0.0020999511572294847 0.0087831005835702566 -1.634431467437858e-05 -0.0011973793462499544 0.010425248763304284 -0.000871067575859986 0.00032150616662286139 -0.00035289763764514347 -0.0012589389459938944 -0.00023787058073145852 0.010996384738949445 -0.0012689260603289789 -0.0048235543067167439 0.0083508711098344967 0.0068863954074750208 -0.00093478045084964946 0.0050362884354194278 -0.00068384167576297761 0.01226618678711691 -0.00071669365072302106 -0.0013289643357424186
leaf_weight=578 119 149 76 135 152 151 100 103 123 72 301 131 126 105 110 91 140 60 120 144 191 103 102 76 289 652 322 63 71 191
leaf_count=578 119 149 76 135 152 151 100 103 123 72 301 131 126 105 110 91 140 60 120 144 191 103 102 76 289 652 322 63 71 191
internal_value=-0.0027451 -0.00233009 -0.00707934 -0.000926735 0.00360515 -0.0108247 -0.000126249 0.000913748 0.00200423 -0.00483376 0.00320623 0.000635882 -0.00242308 0.00125 0.00731971 -0.00974973 0.00696111 -0.00571096 -0.0121333 0.00133971 -0.0108396 -0.00188406 0.00176471 -0.00356863 -0.00759091 0.00898026 -0.00927835 -0.0049359 0.004375 -0.00899083
internal_weight=5146 5027 1142 3885 228 286 3599 3021 2597 386 2211 1316 905 583 411 914 895 424 220 204 263 478 352 250 765 755 674 385 147 322
internal_count=5146 5027 1142 3885 228 286 3599 3021 2597 386 2211 1316 905 583 411 914 895 424 220 204 263 478 352 250 765 755 674 385 147 322
is_linear=0
shrinkage=0.035


Tree=65
num_leaves=31
num_cat=0
split_feature=193 242 256 148 240 224 173 242 27 104 104 49 49 82 27 246 153 148 203 247 223 31 203 242 11 115 90 183 223 175
split_gain=24.0117 20.165 23.7017 21.3735 20.5262 19.9804 18.674 18.2451 17.331 18.8812 27.8215 28.7235 33.4757 24.4363 25.8454 25.6474 20.6504 20.0925 19.5673 18.7481 17.2625 16.9037 16.6507 15.79 15.6792 15.6024 19.951 15.0551 21.2198 14.6282
threshold=0.77303326978580389 20.695186835251516 31.602287120971578 19.500000000000004 3.0341552844626034 0.99999999999278966 0.94501910663391342 85.217380685525129 13840.500000000002 908.00000000000011 1539.5000000000002 4381.5000000000009 3308.5000000000005 3772.5000000000005 3605.5000000000005 -0.6836651408362836 0.11502238908960601 1752.0000000000002 -0.39123973497563796 567.96502685546886 17.686359446683394 -87.667603754876794 0.81212606760428374 47.126978543358788 85.829525395200292 2598.0000000000005 0.013452969484722009 0.062396122626217042 16.14033948581903 0.01777852060857715
decision_type=2 2 2 2 2 2 2 2 2 2 2 2 2 2 2 2 2 2 2 2 2 2 2 2 2 2 2 2 2 2
left_child=8 -2 6 -4 7 23 -3 -5 9 20 -11 12 13 14 15 -12 22 21 -14 -16 -1 -15 29 -6 -19 -20 -27 28 -18 -13
right_child=1 2 3 4 5 -7 -8 -9 -10 10 11 16 18 17 19 -17 27 24 25 -21 -22 -23 -24 -25 -26 26 -28 -29 -30 -31
leaf_value=0.0089654952674260262 -0.00092390371657662682 0.009497050743865372 -0.00096909926923079745 -0.0012901445847341359 -5.2836392834109406e-05 -0.00093707858655749077 -0.00064792191641604936 0.00091416293041073169 -0.0021982271061623255 -0.0007953879212689686 0.0001526879083157244 -0.0013684477643123123 0.00016970360626018089 0.001990954367900435 0.010632540063320602 -0.0024127290042808354 -0.0025985276942781981 0.0071951524335422739 0.019813252740505088 -0.00031074410272295325 -0.003599097266088958 0.013872922835392966 0.011989575239563257 0.01039353310522002 -0.00062453667342495889 0.010437721101465 -0.00051268970423238116 0.0062038395038480172 0.0068776045764761626 -0.00036305446846599204
leaf_weight=169 91 158 174 388 194 132 65 68 68 462 214 336 140 61 61 294 109 165 100 108 63 87 61 117 240 99 78 182 117 545
leaf_count=169 91 158 174 388 194 132 65 68 68 462 214 336 140 61 61 294 109 165 100 108 63 87 61 117 240 99 78 182 117 545
internal_value=-0.00278587 -0.00671336 -0.00554189 -0.00769481 -0.00545907 -7.8125e-05 0.00475877 -0.0106291 -0.0013297 -0.000994318 -0.00164694 -0.000408061 0.00269068 -0.000226721 -0.00467009 -0.00859649 -0.0041845 0.00520609 0.0111967 0.00704023 0.0085654 0.0160131 -0.00702218 0.00476266 0.00110976 0.0165071 0.00980769 0.00237288 -0.00363636 -0.00825621
internal_weight=5146 1387 1296 1073 899 443 223 456 3759 3691 3459 2997 1647 1230 677 508 1350 553 417 169 232 148 942 311 405 277 177 408 226 881
internal_count=5146 1387 1296 1073 899 443 223 456 3759 3691 3459 2997 1647 1230 677 508 1350 553 417 169 232 148 942 311 405 277 177 408 226 881
is_linear=0
shrinkage=0.035


Tree=66
num_leaves=31
num_cat=0
split_feature=115 137 60 71 137 49 126 143 77 70 242 213 150 200 8 30 150 256 49 213 8 207 93 167 214 10 92 27 148 49
split_gain=25.7526 21.7772 21.3003 22.6163 24.3377 19.9657 27.3485 22.7021 20.5074 19.8268 19.4317 20.672 17.7574 25.6645 17.8455 17.4637 17.0854 18.7191 23.4531 30.5823 21.6222 21.062 20.4934 24.4597 16.1801 16.1634 16.1268 15.8785 15.5691 20.5639
threshold=3999.0000000000005 4731.5000000000009 10032.500000000002 859.50000000000011 159.00000000000003 5150.0000000000009 122.00000000000001 0.54155001044273388 0.21260000020265582 4.5690999031066903 31.983262870649842 10.609958081718426 0.043900005519390113 -0.069350004196166978 -43.469107550601386 471.50000000000006 0.030249997973442081 31.203807548619121 3524.0000000000005 10.652152217945019 -76.723943946737791 0.082289601377772401 4351.5000000000009 0.001206766521239682 0.029299993067979816 138.21496089931179 3.3228499889373784 5617.0000000000009 1387.0000000000002 2976.0000000000005
decision_type=2 2 2 2 2 2 2 2 2 2 2 2 2 2 2 2 2 2 2 2 2 2 2 2 2 2 2 2 2 2
left_child=1 2 3 4 15 6 -5 9 -8 26 -10 12 -12 25 -15 -1 -2 18 19 -18 21 28 -20 27 -25 -14 -7 -24 29 -19
right_child=16 -3 -4 5 -6 7 8 -9 10 -11 11 -13 13 14 -16 -17 17 20 22 -21 -22 -23 23 24 -26 -27 -28 -29 -30 -31
leaf_value=-0.00027807819472575577 -0.00098657173316878057 -0.0007287982495673116 -0.0021308993686919315 -0.0005666020264524955 -0.0022374566523935108 0.00010115166664218745 0.01139919873158955 0.013040934176599019 -0.0011648773132626989 0.0010523094259474127 -0.0009659372230585529 0.013728481374952847 -0.0034757860679153537 0.0088512358735450044 -0.00067047394433815226 0.0077063262271257482 -0.0004653985984654841 -0.00073017251379829651 -0.00091702467845279948 0.015557661086294703 -0.0006010070605506285 0.011388036593308958 -0.0019909458350439169 -0.00050848319751038598 0.0033923402375865557 0.0055582521520490119 -0.0026024498411585523 -0.00017684144128622293 -0.0010933408971602926 0.0044023844768905718
leaf_weight=142 188 312 152 148 166 66 65 69 236 102 237 341 101 345 60 61 70 126 104 61 757 80 82 61 145 70 186 157 201 255
leaf_count=142 188 312 152 148 166 66 65 69 236 102 237 341 101 345 60 61 70 126 104 61 757 80 82 61 145 70 186 157 201 255
internal_value=-0.00284023 -0.000623254 0.000452586 0.00126875 -0.00664439 0.0027228 0.0045056 -0.00400701 0.00596918 -0.00760446 0.00501792 0.00688525 0.00380807 0.00710843 0.0118659 0.00151442 -0.00560428 -0.00467443 0.00010219 0.013125 -0.00695576 -0.00230885 -0.00309567 0.000233333 0.00895735 -0.00417614 -0.0128016 -0.00731557 -0.00465077 -0.000453368
internal_weight=5146 2859 2547 2395 369 2026 1603 423 1455 354 1390 1154 813 576 405 203 2287 2099 680 131 1419 662 549 445 206 171 252 239 582 381
internal_count=5146 2859 2547 2395 369 2026 1603 423 1455 354 1390 1154 813 576 405 203 2287 2099 680 131 1419 662 549 445 206 171 252 239 582 381
is_linear=0
shrinkage=0.035


Tree=67
num_leaves=31
num_cat=0
split_feature=115 137 60 160 193 49 201 140 103 225 74 8 173 111 26 207 200 242 49 27 91 153 244 204 49 80 70 140 13 27
split_gain=24.5656 19.4941 21.0213 20.3866 18.0086 20.7032 28.5742 19.605 17.5923 18.5337 17.3956 20.6394 18.457 18.1774 15.788 20.6867 16.3361 17.6419 27.0009 24.0745 22.9135 17.1586 16.0787 14.944 14.5693 25.274 24.7164 18.2402 20.5752 17.8832
threshold=3999.0000000000005 4731.5000000000009 10032.500000000002 -0.022850006818771359 0.9403467002563638 5150.0000000000009 0.24105000123381617 485.50000000000006 4.7580502033233651 0.14647993599670706 456.50000000000006 -56.77304225528237 0.5547998546971894 29.301873157907853 1.4961000084877016 0.093579721955087167 -0.017599992454051968 31.638909773837419 3524.0000000000005 5617.0000000000009 -4.0858921358025642 0.3277855479509309 0.025550000369548801 0.061590555016026442 3327.0000000000005 -7.3625535808900073 3.1545500755310063 475.50000000000006 129.533910337744 4061.5000000000005
decision_type=2 2 2 2 2 2 2 2 2 2 2 2 2 2 2 2 2 2 2 2 2 2 2 2 2 2 2 2 2 2
left_child=1 2 3 -1 5 6 -5 -7 -9 -10 -8 12 13 -12 -2 16 17 18 -16 20 -20 -19 -23 -4 26 -26 -15 -28 29 -29
right_child=14 -3 23 4 -6 7 10 8 9 -11 11 -13 -14 24 15 -17 -18 21 19 -21 -22 22 -24 -25 25 -27 27 28 -30 -31
leaf_value=-0.00067799718068019656 -0.00086316828539383225 -0.00070329031083245653 -0.00060046776219901054 0.0091800308992711858 -0.00048305469684656435 0.0089029170608882335 -0.0010436599681544875 -0.0025825147639911262 -0.00075621873777174952 0.0073770701887660162 -0.0061537218198645764 -0.00066287867334251943 0.011834018259551325 0.012751448426679052 0.005730840320178566 0.00047082565597577844 -0.00086542522495105644 -0.00069178941287030126 0.00024581028409068479 0.00014335018951051106 -0.001965104960011255 0.00066639523348064787 -0.0014604822514131268 -0.0031980227440098138 -0.002184079824117701 0.015677407189367817 -0.002597953168998861 -0.0013711773411245512 0.018269451873664938 0.010348318343060981
leaf_weight=85 201 312 82 223 131 61 228 219 79 60 65 228 75 193 104 241 218 698 70 226 168 206 155 70 69 202 78 250 67 82
leaf_count=85 201 312 82 223 131 61 228 219 79 60 65 228 75 193 104 241 218 698 70 226 168 206 155 70 69 202 78 250 67 82
internal_value=-0.00281305 -0.000647696 0.000370298 0.00118125 0.00181425 0.00258013 0.00424363 -0.004375 -0.00752066 0.0021875 0.00251946 0.00407534 0.00609116 0.00477745 -0.00551265 -0.00458632 -0.00584595 -0.00461091 0.000366492 -0.00328358 -0.0109465 -0.00726974 -0.00105191 -0.0120382 0.00603066 0.012808 0.00321481 -0.00108921 0.00199257 -0.00166172
internal_weight=5146 2859 2547 2395 2310 2179 1760 419 358 139 1537 1309 1081 1006 2287 2086 1845 1627 568 464 238 1059 361 152 941 271 670 477 399 332
internal_count=5146 2859 2547 2395 2310 2179 1760 419 358 139 1537 1309 1081 1006 2287 2086 1845 1627 568 464 238 1059 361 152 941 271 670 477 399 332
is_linear=0
shrinkage=0.035


Tree=68
num_leaves=31
num_cat=0
split_feature=193 83 153 153 213 65 115 173 153 148 93 115 258 160 256 270 191 49 270 27 150 208 216 137 7 8 26 150 5 153
split_gain=22.7156 21.9461 20.2703 29.4925 19.4352 18.9086 17.8725 17.2723 18.4683 17.6385 16.6257 15.9742 29.8387 18.6365 17.9106 36.1278 24.4683 24.1446 29.2486 23.5784 18.0202 17.2033 18.1424 16.879 27.5383 20.1768 17.8107 19.2407 17.7416 17.8571
threshold=0.82726111020941362 111.50000000000001 0.51261122045762741 0.63567636492918911 11.381015599432567 0.31035000085830694 11227.500000000002 0.8153299353703144 0.41432037567958141 228.50000000000003 2846.0000000000005 3999.0000000000005 0.026449993252754215 -0.022850006818771359 31.700264910269947 48.881698118816765 0.19195000082254413 5796.0000000000009 96.791306307782619 3884.5000000000005 0.095800004899501814 -0.05670002102851867 28.87461939905948 63.500000000000007 -198.08221304587619 -55.886476095014707 2.8137500286102299 0.044500015676021583 -39.462394077084241 -0.41140819499950571
decision_type=2 2 2 2 2 2 2 2 2 2 2 2 2 2 2 2 2 2 2 2 2 2 2 2 2 2 2 2 2 2
left_child=4 -2 7 -4 6 -5 11 8 9 10 -3 13 21 -1 16 -16 -15 19 -19 23 -21 -13 -23 -17 28 26 27 -26 29 -25
right_child=1 2 3 5 -6 -7 -8 -9 -10 -11 -12 12 -14 14 15 17 -18 18 -20 20 -22 22 -24 24 25 -27 -28 -29 -30 -31
leaf_value=-0.00065426727935639039 -0.0010275796481218264 -0.0006841046457080885 0.0086573571277514961 -0.0032221534107781261 -0.00056186604099280675 6.3259060448411793e-06 0.011922745878488515 -0.001742322668410008 -0.0019806932743781595 -0.00057600352530129796 0.0062287567229665506 0.0062010721349849505 -0.0010876754567211604 0.0060730679388223191 0.022871217412384317 0.014474800846935632 -0.0014428847634852743 -0.0038980070924492446 0.0069442341115640684 0.010668803065266861 -0.0010000428928351075 -0.00084352349119328602 -0.00017530646447432686 -0.0018661483049821452 -0.0010037481824883331 -0.00178310927901213 -0.0036491366590496511 0.0074554880068190797 -0.0027894337454825138 0.0060821428188221963
leaf_weight=85 159 64 125 64 285 196 68 136 80 201 128 106 250 60 71 113 412 107 65 401 70 79 791 70 140 100 71 375 188 86
leaf_count=85 159 64 125 64 285 196 68 136 80 201 128 106 250 60 71 113 412 107 65 401 70 79 791 70 140 100 71 375 188 86
internal_value=-0.00278587 -0.00710276 -0.00511512 0.00116667 -0.00153202 -0.00554717 -0.000848371 -0.00906352 -0.00578452 -0.00255025 0.00497462 -0.00119067 -0.00443542 0.000463001 0.0010647 0.00261278 -0.00498952 0.00160246 -0.010678 0.00294009 0.00948529 -0.00164118 -0.00328 0.000213415 -0.00121739 0.00283647 0.00532995 0.00760577 -0.00922636 -0.000434783
internal_weight=5146 1153 994 385 3993 260 3708 609 473 393 192 3640 1226 2414 2329 1857 472 1786 172 1614 471 976 870 1143 1030 686 586 515 344 156
internal_count=5146 1153 994 385 3993 260 3708 609 473 393 192 3640 1226 2414 2329 1857 472 1786 172 1614 471 976 870 1143 1030 686 586 515 344 156
is_linear=0
shrinkage=0.035


Tree=69
num_leaves=31
num_cat=0
split_feature=193 83 27 190 38 152 153 60 150 118 233 213 11 242 209 242 186 201 224 27 27 137 68 22 215 8 173 71 5 100
split_gain=17.8776 18.2646 17.2489 16.7267 18.3849 22.049 16.5041 26.8952 16.452 28.0905 21.4085 19.9187 18.4577 20.6842 16.4536 17.2423 24.1423 15.9681 15.7841 15.0342 16.9922 16.0744 14.7901 18.395 14.3465 14.27 12.8765 17.13 16.8129 24.7992
threshold=0.82726111020941362 111.50000000000001 13840.500000000002 -0.0086000338196754438 4440.5000000000009 0.33868817204119345 0.51261122045762741 749.50000000000011 0.087899990379810347 479.50000000000006 5383.9099121093759 10.159001227245133 196.50839173665261 66.827305391380023 11.145642533230236 70.780315682356232 -0.5904841372576074 0.29267500340938574 0.77042157496297858 6485.5000000000009 6076.5000000000009 5837.5000000000009 0.011331524981016604 0.2047500014305115 -0.055599994957447045 -115.96704739075399 0.065798688864893873 7636.0000000000009 11.626350337995174 21.031590302228832
decision_type=2 2 2 2 2 2 2 2 2 2 2 2 2 2 2 2 2 2 2 2 2 2 2 2 2 2 2 2 2 2
left_child=2 -2 3 8 5 -5 25 -8 10 18 -1 -12 13 17 15 16 -13 -11 -10 20 26 24 -18 -24 -21 -3 28 -28 29 -16
right_child=1 6 -4 4 -6 -7 7 -9 9 12 11 14 -14 -15 19 -17 22 -19 -20 21 -22 -23 23 -25 -26 -27 27 -29 -30 -31
leaf_value=-0.0029641385435745372 -0.00099161436043756221 0.00049608930087755802 -0.0020055785222569023 -0.00082763784039305548 -0.0007533583987140084 0.0043594382723109917 -0.00038915958391283787 0.0090190646589209823 -0.0036819002200387889 -6.1141614247556264e-05 0.0080422963501894703 0.01036963392362439 -0.0018839830711095071 0.017777089021822491 -0.0027686042276281698 0.011017380054879825 -0.0036297721456093682 -0.0020309922095234833 0.010875776785118087 -0.00048217264740963719 -0.0043366998423074992 0.0079020850582180464 -0.0015044424097310025 0.00078859408458572817 0.00052008149042286577 -0.00078320756718640782 -0.00085351336324246527 0.00042400241982764214 0.005180502072468663 0.0048321815754702683
leaf_weight=75 159 65 78 294 372 169 274 111 82 99 101 96 89 60 132 152 70 104 80 107 68 95 60 239 180 544 451 156 380 204
leaf_count=75 159 65 78 294 372 169 274 111 82 99 101 96 89 60 132 152 70 104 80 107 68 95 60 239 180 544 451 156 380 204
internal_value=-0.00303048 -0.00686097 -0.00191721 -0.00158036 -0.00595833 -0.00127137 -0.00504505 0.000628205 -0.000385737 -0.00606936 0.000762349 0.00133213 -0.0115686 -0.00666045 0.000672234 0.00557074 0.00215957 -0.0119471 0.00586826 -0.00104331 -0.00273281 0.0050646 -0.00196524 0.00149671 0.000839041 -0.00860749 -0.00181852 -0.00554739 0.00135922 -0.00431085
internal_weight=5146 1153 3993 3915 835 463 994 385 3080 514 2566 2491 352 263 2390 617 465 203 162 1773 1391 382 369 299 287 609 1323 607 716 336
internal_count=5146 1153 3993 3915 835 463 994 385 3080 514 2566 2491 352 263 2390 617 465 203 162 1773 1391 382 369 299 287 609 1323 607 716 336
is_linear=0
shrinkage=0.035


Tree=70
num_leaves=31
num_cat=0
split_feature=104 4 215 115 160 2 30 148 68 60 132 216 87 45 183 30 136 254 2 142 71 115 79 200 97 10 28 45 166 13
split_gain=22.9121 21.2316 21.4308 20.4486 20.229 23.0326 22.0517 27.3842 26.6019 24.8772 24.7943 27.1376 20.9715 24.5452 20.6342 26.5771 21.2827 18.7749 18.1555 18.7966 18.0005 25.039 18.3834 16.5047 16.709 16.126 15.9274 14.7982 14.5913 15.2792
threshold=1539.5000000000002 32.066639042438581 -0.047399990260601037 7624.5000000000009 0.056599982082843787 478.31500244140631 565.50000000000011 3131.0000000000005 0.019656119894024025 10674.500000000002 0.39225000143051153 86.571648737954334 0.48825000226497656 5.9465657492171564 0.31074085284218239 534.50000000000011 2.16159999370575 10.214078052320776 537.26501464843761 0.79194998741149913 2779.5000000000005 204.50000000000003 0.020270482033294155 -0.039949998259544366 -4.1100913129105123 143.30164477688035 219.50000000000003 9.1631887557655336 0.39233096104540582 61.27865198413155
decision_type=2 2 2 2 2 2 2 2 2 2 2 2 2 2 2 2 2 2 2 2 2 2 2 2 2 2 2 2 2 2
left_child=1 2 3 18 6 -6 7 9 10 12 -9 -12 13 -2 15 20 -16 -4 19 -1 21 -14 23 -22 -25 -21 -15 -7 29 -18
right_child=4 -3 17 -5 5 27 -8 8 -10 -11 11 -13 14 26 16 -17 28 -19 -20 25 22 -23 -24 24 -26 -27 -28 -29 -30 -31
leaf_value=0.00087389913910262257 0.0099931795714588365 -0.00090087003460908536 -0.00099084683498835329 -0.00065671867733000603 0.0046274747663941126 -0.00028295466325709175 -0.00049619194556699416 -0.001910948102826738 0.00019931006225505917 -0.0018130541300946182 0.0077135448098120596 -0.0012275827723635868 -0.00076852993094039324 0.00012536772829635753 0.012158391522416195 0.010814222827354617 -0.0023645057325389356 0.00012277457942769384 0.0073318328241086892 -0.00094257236463541499 -0.004631915502055532 0.0094407716326863501 0.0037286470706153472 -0.0027545877698485115 0.0043530311338589216 0.0022815259551283661 0.012648278284985028 -0.0029379021386437805 7.5414409865502831e-05 0.00011468081795147842
leaf_weight=261 129 324 361 147 85 177 114 339 454 97 146 109 68 320 60 103 169 124 112 348 112 145 104 75 77 157 152 113 102 62
leaf_count=261 129 324 361 147 85 177 114 339 454 97 146 109 68 320 60 103 169 124 112 348 112 145 104 75 77 157 152 113 102 62
internal_value=-0.0032615 -0.00639478 -0.00462046 -0.00173301 -0.00151945 -0.00911842 -0.00053535 8.66337e-05 -0.00438746 0.00273315 -0.00923205 -0.000942308 0.00374332 0.00895215 0.000808688 0.00447025 -0.0055402 -0.0106429 0.000317101 -0.00163424 0.00149317 0.00947248 -0.00319035 -0.00806691 -0.00044586 -0.00555882 0.00513627 -0.0137627 -0.00900888 -0.0137924
internal_weight=5146 1834 1510 1025 3312 375 2937 2823 1048 1775 594 255 1678 601 1077 684 393 485 878 766 581 213 368 264 152 505 472 290 333 231
internal_count=5146 1834 1510 1025 3312 375 2937 2823 1048 1775 594 255 1678 601 1077 684 393 485 878 766 581 213 368 264 152 505 472 290 333 231
is_linear=0
shrinkage=0.035


Tree=71
num_leaves=31
num_cat=0
split_feature=115 284 49 49 19 163 159 71 215 173 211 190 104 104 160 27 11 148 30 71 216 163 37 59 126 222 49 119 215 162
split_gain=21.0423 21.5964 18.7246 32.5489 31.6654 30.4862 22.5599 20.5592 17.9488 17.5267 16.6479 15.3145 16.9862 24.679 24.0518 22.0066 32.891 16.597 14.9581 14.9423 14.8569 21.4213 14.7768 16.4806 14.5518 14.1064 14.4108 13.943 17.2553 13.7537
threshold=3999.0000000000005 1.0000000180025095e-35 1838.0000000000002 2680.0000000000005 486.50000000000006 -0.41667430361004715 14.304921421538999 1780.5000000000002 -0.01949997246265411 0.27795353413916363 -0.29088627160025132 -0.0086000338196754438 1531.5000000000002 1907.0000000000002 0.041499979794025428 5617.0000000000009 57.700804694989785 2768.0000000000005 564.50000000000011 4542.5000000000009 63.01192227687396 0.15674216004898792 2.2598500251770024 2.5580500364303593 2779.5000000000005 35.845082007527104 2540.0000000000005 42.448989603529618 -0.043499998748302453 0.10916730328455557
decision_type=2 2 2 2 2 2 2 2 2 2 2 2 2 2 2 2 2 2 2 2 2 2 2 2 2 2 2 2 2 2
left_child=1 2 22 27 7 -6 -7 -5 10 -3 -8 12 25 -14 15 16 -15 18 -17 -16 21 -21 23 -1 -18 26 29 28 -4 -2
right_child=11 9 3 4 5 6 8 -9 -10 -11 -12 -13 13 14 19 17 24 -19 -20 20 -22 -23 -24 -25 -26 -27 -28 -29 -30 -31
leaf_value=-0.00086162518422730158 0.0036660134271367406 0.00087001018425993104 0.011638208806239329 -0.0012379060308078988 -0.0035476284955861816 -0.00093202710824215448 0.010926974059226614 0.0097410138590718516 0.010424382584288494 -0.0016956188474174295 -0.00036531536381323508 -0.00074795678955205344 0.0077518667622570783 -0.0013439446692888591 -0.001094830559161692 0.0085557236990148229 0.0044729421944858351 -0.00039044073035551634 -2.4386671832975774e-05 -0.00050464734598147155 -0.0013482810128114732 0.0079349369213816846 1.8380218875473644e-05 -0.00099234268874749958 -0.00057214959534349584 0.0075004399741887542 -0.00065964982777579236 -0.00076251134062161057 0.00095396873664208254 -0.001538409055989806
leaf_weight=251 103 62 175 73 69 451 74 201 77 98 535 335 132 113 123 131 121 98 60 83 76 61 364 243 85 68 638 60 126 60
leaf_count=251 103 62 175 73 69 451 74 201 77 98 535 335 132 113 123 131 121 98 60 83 76 61 364 243 85 68 638 60 126 60
internal_value=-0.00328868 -0.00128317 -0.000530695 0.00145991 -0.000848485 -0.0032948 -0.00186953 0.00978495 0.00212735 -0.0135758 5.70033e-05 -0.00578752 -0.00457844 -0.00164063 -0.00362448 0.000570962 -0.00572531 0.0075 0.0133929 -0.0109626 -0.00528889 0.0014094 -0.00478563 -0.00869739 0.00265403 -0.00820938 -0.00950993 0.010806 0.0138399 -0.000208333
internal_weight=5146 2859 2699 1841 1480 1206 1137 274 686 160 609 2287 1952 1083 951 608 319 289 191 343 220 144 858 494 206 869 801 361 301 163
internal_count=5146 2859 2699 1841 1480 1206 1137 274 686 160 609 2287 1952 1083 951 608 319 289 191 343 220 144 858 494 206 869 801 361 301 163
is_linear=0
shrinkage=0.035


Tree=72
num_leaves=31
num_cat=0
split_feature=115 115 161 219 256 256 49 13 67 165 215 134 103 48 125 247 38 147 152 75 69 103 23 35 71 126 163 4 213 91
split_gain=22.755 18.2031 19.5785 27.3751 19.8783 21.4687 18.8846 28.5828 22.8121 29.1882 21.6825 19.833 16.7644 15.3582 20.4127 16.9115 15.337 14.8639 14.0468 13.9335 13.3056 13.0943 18.3887 12.6283 14.4855 19.0205 15.3387 30.4558 26.5532 19.4954
threshold=3319.0000000000005 3120.5000000000005 0.19185000285506251 -14.227971514647164 31.203807548619121 41.92092896250513 5796.0000000000009 117.81859216881321 18.33528813641842 0.020895292587794673 -0.080050006508827196 0.01590148211086842 4.4367499351501474 3.3848999738693242 3.0235500335693364 555.64498901367199 3325.5000000000005 3.026000022888184 0.23730899101343531 -24.799689747336814 -9.0988769230551352 3.7261999845504765 9.4266745823950675 0.075498615777949821 9397.5000000000018 4556.5000000000009 -0.022716721076059248 -25.368638472469282 10.723245357112544 -5.829318078086076
decision_type=2 2 2 2 2 2 2 2 2 2 2 2 2 2 2 2 2 2 2 2 2 2 2 2 2 2 2 2 2 2
left_child=1 2 -1 4 17 -6 7 8 10 12 -7 -8 -10 14 15 -9 -15 20 19 -12 -4 -16 -23 24 25 26 27 -2 -29 -28
right_child=23 -3 3 -5 5 6 11 13 9 -11 18 -13 -14 16 21 -17 -18 -19 -20 -21 -22 22 -24 -25 -26 -27 29 28 -30 -31
leaf_value=0.0094876443206190625 -0.00085842269863532447 0.0085700908871810047 -0.00010176638203792305 -0.001956707964011868 0.02710883261784439 -0.00016785384012048268 -0.0030265556035043413 0.0097975666601369978 0.0070045615878935198 -0.0026272727715980458 0.0094076006469336927 -0.00010511495062783511 -0.0020154128182208017 0.01422223428957064 -0.0022194842178416261 -0.002099059297171451 -0.001567103187700068 -0.00015114333375459312 0.012052365755296347 -4.9952904616567824e-05 -0.0031658493064625677 0.00043340959054131132 -0.0016404327601227404 -0.00053264576292568367 0.00020311796656801359 -0.00080186599208993496 0.0005142599330488104 -0.00048834053526291448 0.0069273790461017821 -0.00058290296528301904
leaf_weight=62 122 198 60 166 61 131 67 70 191 166 107 96 83 70 131 119 66 153 164 140 120 102 75 250 170 190 194 124 218 1280
leaf_count=62 122 198 60 166 61 131 67 70 191 166 107 96 83 70 131 119 66 153 164 140 120 102 75 250 170 190 194 124 218 1280
internal_value=-0.00341099 -0.00110257 -0.0019501 -0.00247973 -0.00141479 1.89805e-05 -0.000706674 0.000453704 0.0041844 -0.00173034 0.00895795 -0.011875 0.00526882 -0.00532132 -0.00815737 0.000902062 0.00496454 -0.00921598 0.0128726 0.00736111 -0.0158919 -0.0136422 -0.00711538 -0.00575793 -0.00492401 -0.00571027 -0.00464745 0.000895522 0.0062536 -0.00638945
internal_weight=5146 2598 2400 2338 2172 1839 1778 1615 982 440 542 163 274 633 497 189 136 333 411 247 180 308 177 2548 2298 2128 1938 464 342 1474
internal_count=5146 2598 2400 2338 2172 1839 1778 1615 982 440 542 163 274 633 497 189 136 333 411 247 180 308 177 2548 2298 2128 1938 464 342 1474
is_linear=0
shrinkage=0.035


Tree=73
num_leaves=31
num_cat=0
split_feature=115 156 49 10 8 57 190 45 266 65 241 27 71 146 125 81 49 230 193 4 10 21 227 234 187 190 124 246 33 30
split_gain=23.2812 16.0796 18.3274 15.5325 18.8977 15.2742 14.0836 14.2719 15.3438 13.9805 13.7692 14.7533 13.7381 19.7578 24.1597 21.7231 14.4194 14.1392 13.5612 16.6579 14.506 13.5119 13.2492 13.23 13.1752 12.8533 15.4736 14.3368 15.6926 13.6565
threshold=3319.0000000000005 -0.5101252160022075 5111.5000000000009 38.62334845616757 -210.75286722794246 0.064516100087928616 -0.012199994176626204 11.621328180590124 7.8408762630666216 0.33204999566078192 -3.9951771122398445 2582.0000000000005 6577.5000000000009 -1.5996506769805625 4.7159001827239999 4.033600091934205 8958.5000000000018 -6.5153729368699889 0.35754485644760453 22.213441803992776 143.88062454921916 0.14944999665021899 0.20905506809276722 -1.0000000180025095e-35 -1.2221352638915947e-05 -0.0078999921679496748 -4.197849219759056 0.80464237257844207 0.25114999711513525 519.89001464843761
decision_type=2 2 2 2 2 2 2 2 2 2 2 2 2 2 2 2 2 2 2 2 2 2 2 2 2 2 2 2 2 2
left_child=1 2 6 23 24 12 7 8 9 -1 11 -6 25 -14 15 16 21 -17 20 -20 -12 -15 -13 -3 -5 26 -2 29 -29 -28
right_child=5 3 -4 4 10 -7 -8 -9 -10 -11 18 22 13 14 -16 17 -18 -19 19 -21 -22 -23 -24 -25 -26 -27 27 28 -30 -31
leaf_value=0.010215979397093292 0.003366651226078403 0.0087060577740656862 -0.0013875071554557141 -0.0021618933644990605 0.0010477848483619601 -0.0012948224486074239 -0.0012362161900326941 -0.0021097408377064668 0.012478601193128956 -0.0010466445274223239 0.00044317933725816913 -0.0024487859099978689 -0.0010256809882129546 0.0039585185005874268 -0.0013966789247785744 -9.0816803195764028e-05 -0.0010110811401206616 0.0063980589074047797 0.00014340822748030004 -0.0021982802541724127 0.0098261055774213277 -0.00077285388270819917 0.00020998568797027996 2.0239301764857223e-05 -0.00053586337794819176 -0.0009714873645612481 -0.00063003825391758366 -0.00030903493953804905 0.006630345800725166 -0.00057378781616593624
leaf_weight=91 102 194 153 75 98 76 250 161 81 113 319 125 102 109 105 60 61 168 179 81 156 117 77 195 250 224 485 96 111 732
leaf_count=91 102 194 153 75 98 76 250 161 81 113 319 125 102 109 105 60 61 168 179 81 156 117 77 195 250 224 485 96 111 732
internal_value=-0.00335663 -0.0010219 -0.00495902 0.000897948 -0.000871795 -0.00573051 -0.00249643 0.00124169 0.00591379 0.000669856 0.00144712 -0.00481967 -0.0052281 -0.00115543 0.001232 0.004375 -0.00203767 0.0123176 0.00402027 -0.00237736 0.00751042 0.00212121 -0.0101449 0.00701777 -0.00816667 -0.00690028 -0.00571522 -0.006662 0.00181604 -0.00810556
internal_weight=5146 2598 849 1749 1360 2548 696 446 285 204 1035 300 2472 722 620 515 287 228 735 260 475 226 202 389 325 1750 1526 1424 207 1217
internal_count=5146 2598 849 1749 1360 2548 696 446 285 204 1035 300 2472 722 620 515 287 228 735 260 475 226 202 389 325 1750 1526 1424 207 1217
is_linear=0
shrinkage=0.035


Tree=74
num_leaves=31
num_cat=0
split_feature=115 156 221 8 49 71 234 187 120 200 137 82 211 150 214 126 49 238 49 137 256 27 9 24 126 27 25 180 255 46
split_gain=21.9402 16.2997 15.4801 19.6252 15.4271 14.6908 16.7788 13.414 12.9884 12.5313 12.5135 14.9475 20.7507 18.2334 21.7784 23.1859 30.6457 20.2613 16.2923 18.8238 20.1814 15.3268 13.9909 13.3753 13.1214 14.0643 12.61 12.4575 13.6295 12.2582
threshold=3319.0000000000005 -0.5101252160022075 42.648407763015342 -210.75286722794246 5111.5000000000009 4381.5000000000009 -1.0000000180025095e-35 -1.2221352638915947e-05 0.67914998531341564 -0.11104997992515563 9858.0000000000018 2900.0000000000005 0.24055845574448728 0.034199990332126624 0.047400005161762244 2748.0000000000005 5630.5000000000009 1.2152298815060194 6903.0000000000009 3688.0000000000005 69.230846154074996 6781.5000000000009 104.93798136330079 0.053342765610946287 260.00000000000006 3434.5000000000005 -8.2037518614675786 0.0018999725580215456 0.93784200617785818 0.038838576400673251
decision_type=2 2 2 2 2 2 2 2 2 2 2 2 2 2 2 2 2 2 2 2 2 2 2 2 2 2 2 2 2 2
left_child=1 4 5 7 8 6 -3 -4 -1 -2 11 12 -11 -13 15 16 26 27 19 20 24 -17 -21 -12 -14 -26 -15 28 -16 -20
right_child=9 2 3 -5 -6 -7 -8 -9 -10 10 23 13 18 14 17 21 -18 -19 29 22 -22 -23 -24 -25 25 -27 -28 -29 -30 -31
leaf_value=-0.00093311833987896561 4.494283663314669e-05 0.0067293586060418464 -0.0020862270967415947 0.00011168002992897831 -0.0013389444050147621 0.010890817414625586 -0.00096335916888766655 -0.00055030817347941519 0.0037988122097142364 -0.0021748485845241475 -0.00074135072077675176 -0.00060382753682764834 0.0070962982343640447 0.013382582668510742 0.0027999946409710155 -0.0010608574276157454 -0.00047331566353552847 -0.0010412824120865538 -0.0011734987824364097 -0.00082111860838519912 -0.003062451703774771 0.00042046928743306902 -0.00025077887482436671 0.0083800351917928152 0.00042243503188159505 -0.00089318430623017706 0.00021733628231348226 -0.00090730036989313293 -0.00096900640622434595 0.0065521330753555602
leaf_weight=514 60 171 73 1009 153 71 178 247 182 113 61 212 76 150 65 134 154 127 121 400 92 83 144 122 95 67 61 78 73 60
leaf_count=514 60 171 73 1009 153 71 178 247 182 113 61 212 76 150 65 134 154 127 121 400 92 83 144 122 95 67 61 78 73 60
internal_value=-0.0032615 -0.000995006 0.000937856 -0.000918291 -0.00495902 0.00675294 0.00365819 -0.0084 -0.00269615 -0.005566 -0.00595267 -0.00665152 -0.00942882 -0.0037697 -0.00161828 0.00250426 0.00785135 -0.00854885 -0.00782547 -0.00979522 -0.00313433 -0.00646396 -0.0137705 0.00279255 0.00230453 -0.00335329 0.0163657 -0.00190045 0.00440559 0.00169355
internal_weight=5146 2598 1749 1329 849 420 349 320 696 2548 2488 2305 1168 1137 925 582 365 343 1055 874 330 217 544 183 238 162 211 216 138 181
internal_count=5146 2598 1749 1329 849 420 349 320 696 2548 2488 2305 1168 1137 925 582 365 343 1055 874 330 217 544 183 238 162 211 216 138 181
is_linear=0
shrinkage=0.035


Tree=75
num_leaves=31
num_cat=0
split_feature=30 27 242 246 153 8 247 27 242 130 153 11 27 72 6 148 193 30 78 13 49 168 36 207 163 233 179 58 37 243
split_gain=18.9561 26.0461 19.0259 28.6941 21.4649 25.7019 19.007 25.8821 30.6432 23.5693 17.5051 19.6606 17.4195 16.3395 16.465 26.0212 22.3362 19.9368 17.94 29.8234 18.3975 15.8684 15.5289 15.3131 14.9449 14.5953 14.5511 14.3998 14.3792 17.9982
threshold=522.25000000000011 14378.500000000002 39.444676298775093 0.17050993317415922 0.53968374871168645 -13.552676160278965 609.57000732421886 5458.5000000000009 19.872324461177339 -27.932669366864669 -0.12091011810622697 63.724260996492717 10446.000000000002 134.50000000000003 -8.765821314434497 1858.5000000000002 -0.43927187976479776 467.25000000000006 18.374212209980794 76.950634600921433 3327.0000000000005 -0.032049998641014092 -8.4919979970155719 0.093579721955087167 0.1710183843962744 6010.3701171875009 15.139379734950444 -7.1908077187787827 2.8079000711441044 4.2007297108437234
decision_type=2 2 2 2 2 2 2 2 2 2 2 2 2 2 2 2 2 2 2 2 2 2 2 2 2 2 2 2 2 2
left_child=12 2 4 27 6 -6 7 8 -2 10 11 -8 13 21 15 18 -17 -16 19 22 -20 -1 -15 -11 28 -10 -27 -4 29 -12
right_child=1 -3 3 -5 5 -7 9 -9 25 23 24 -13 -14 14 17 16 -18 -19 20 -21 -22 -23 -24 -25 -26 26 -28 -29 -30 -31
leaf_value=0.00031826593627815345 0.012522646239233201 -0.0024724071778185709 -0.0005058394588373067 -0.00059858108440277225 0.01239395509076279 -0.0012326984055373296 -0.0016853074525199948 -0.0013549686130335226 0.001993510387900784 -0.0010254582772916017 0.011944751338931485 0.00010493196897177871 0.0067795881395296383 -0.0011553955315903868 0.0068063616857408013 6.340767825824934e-05 -0.0020263243124555332 -0.00085260475543033295 -0.0015702607701067876 0.01045010976165974 0.0088860255440480363 -0.0016205049154943421 0.00097064859823506127 0.00021203810102464528 -0.00048928647305186007 -0.00013491811911608756 -0.0013984910721285889 0.00066438869926795769 6.8986420986609661e-05 6.440350570838985e-05
leaf_weight=83 67 73 161 441 89 64 130 191 64 112 121 135 130 137 108 566 267 390 286 248 138 411 60 63 135 84 93 127 110 62
leaf_count=83 67 73 161 441 89 64 130 191 64 112 121 135 130 137 108 566 267 390 286 248 138 411 60 63 135 84 93 127 110 62
internal_value=-0.00331586 -0.00565535 -0.00495342 -0.00958447 -0.0027082 0.00952532 -0.00410714 -0.00951389 -0.00313099 -0.000962199 0.00195559 -0.00505556 -0.00138565 -0.00199704 -0.000698413 0.000943175 -0.00346659 -0.00626243 0.0051659 0.0100333 0 -0.00771543 -0.000173267 -0.01225 0.00630485 -0.00896341 -0.0140385 -0.000955631 0.0106879 0.0165691
internal_weight=5146 2322 2249 729 1520 153 1367 499 308 868 693 265 2824 2694 2200 1702 833 498 869 445 424 494 197 175 428 241 177 288 293 183
internal_count=5146 2322 2249 729 1520 153 1367 499 308 868 693 265 2824 2694 2200 1702 833 498 869 445 424 494 197 175 428 241 177 288 293 183
is_linear=0
shrinkage=0.035


Tree=76
num_leaves=31
num_cat=0
split_feature=115 148 148 163 258 161 256 256 240 242 27 173 93 233 33 163 104 172 256 129 224 9 242 41 38 19 27 13 13 93
split_gain=25.787 18.3117 19.8015 16.9592 16.2952 15.7502 24.4652 29.9107 17.2744 17.0393 16.1301 28.3621 15.4817 16.5586 16.8948 18.4693 16.6699 16.084 17.676 15.4274 18.1637 16.6127 18.9006 27.7564 17.835 24.1316 19.4197 20.7001 17.9042 15.3197
threshold=3319.0000000000005 9292.5000000000018 7374.0000000000009 0.86862985180661723 0.0040499977767467507 0.19099999591708186 31.203807548619121 41.521405505667751 -6.3580913751998249 44.764456782006285 4649.5000000000009 0.12124101669332217 5025.0000000000009 5359.2248535156259 0.60500001907348644 0.35831445000087198 3264.0000000000005 -0.33106677884117569 86.77383709858519 566.50000000000011 0.99999999999044953 117.5144428632901 32.778439414354807 506.50000000000006 4385.5000000000009 540.50000000000011 5617.0000000000009 39.987350473716212 50.807978234162853 7210.5000000000009
decision_type=2 2 2 2 2 2 2 2 2 2 2 2 2 2 2 2 2 2 2 2 2 2 2 2 2 2 2 2 2 2
left_child=1 2 3 5 -2 -1 8 -8 -7 -9 12 -12 13 -11 16 -16 17 -15 -19 20 21 22 24 -24 25 28 27 -26 -6 -28
right_child=4 -3 -4 -5 19 6 7 9 -10 10 11 -13 -14 14 15 -17 -18 18 -20 -21 -22 -23 23 -25 26 -27 29 -29 -30 -31
leaf_value=0.0076355900806702494 -0.00093778290815338709 -0.0031582331920305927 0.0093754984763319959 -0.0013233046627034706 -0.0019614806114257449 0.0002816259858046563 0.020707682931588339 -0.0037773264143452145 -0.0018547730844163672 -0.0025286960865086891 0.011196618442274243 -0.00046061368667360162 0.008303055475869757 -0.0011235415817105034 0.0098983164149059211 -0.00076063594568949434 -0.0021197641482317868 0.00055056985681531997 -0.0019405824715086203 -0.00057313532788075109 -0.00082419899643082723 0.0064640758899872771 0.0053319978298408685 -0.00054465746484853091 -0.0016187652102958618 0.0072856799869270858 -0.00021179327081021884 -2.7575957650739229e-05 0.0011699792923451492 0.0093384447110809905
leaf_weight=66 82 87 79 85 63 101 92 88 230 120 218 159 96 137 163 72 336 392 77 72 445 96 127 891 134 152 179 126 73 108
leaf_count=66 82 87 79 85 63 101 92 88 230 120 218 159 96 137 163 72 336 392 77 72 445 96 127 891 134 152 179 126 73 108
internal_value=-0.00347894 -0.0010219 -0.000459062 -0.00103406 -0.00597728 -0.00046131 -0.000964567 0.000537084 -0.0096875 -0.000450886 0.000315493 0.00668848 -0.00142704 -0.00244624 -0.00115482 0.00714583 -0.00325238 0.000229133 0.00332278 -0.00543909 -0.00493122 -0.00345701 -0.00420075 -0.00739003 -0.000291667 0.00668942 -0.00399457 -0.0108302 -0.00397163 0.0022774
internal_weight=5146 2598 2511 2432 2548 2347 2281 1950 331 1858 1770 377 1393 1297 1177 235 942 606 469 2466 2394 1949 1853 1018 835 288 547 260 136 287
internal_count=5146 2598 2511 2432 2548 2347 2281 1950 331 1858 1770 377 1393 1297 1177 235 942 606 469 2466 2394 1949 1853 1018 835 288 547 260 136 287
is_linear=0
shrinkage=0.035


Tree=77
num_leaves=31
num_cat=0
split_feature=115 102 163 161 256 256 223 240 242 13 41 258 67 71 44 203 38 32 150 242 19 21 7 183 215 222 9 161 48 45
split_gain=25.2284 17.289 16.8231 14.0137 20.1847 28.8629 19.3962 16.1194 14.8304 19.1572 19.7106 18.6341 21.7191 17.2711 20.3079 19.4353 15.4308 14.4679 12.8364 14.1783 23.2165 27.0916 19.8862 17.1279 19.729 21.485 15.2964 14.1324 13.4245 14.261
threshold=3319.0000000000005 -1.9698333888756718 0.86862985180661723 0.19099999591708186 31.203807548619121 41.521405505667751 18.324936439380664 -6.3580913751998249 41.806033625020227 113.12891003101464 529.39001464843761 0.0044000074267387399 18.718226510615722 1227.5000000000002 0.49725000560283666 0.55104441761429435 3325.5000000000005 0.15094999969005587 0.031200006604194645 32.778439414354807 527.75000000000011 0.14774999767541888 -57.513384928941434 0.32481222605565369 -0.046799995005130761 16.269391454532645 23.866809789561842 0.29427500814199453 4.1886000633239755 4.1775332081903107
decision_type=2 2 2 2 2 2 2 2 2 2 2 2 2 2 2 2 2 2 2 2 2 2 2 2 2 2 2 2 2 2
left_child=2 18 3 -1 6 -6 7 -5 -7 10 11 -10 -13 -14 15 -15 17 -11 -2 23 21 22 -21 26 25 -25 -20 -23 29 -22
right_child=1 -3 -4 4 5 8 -8 -9 9 16 -12 12 13 14 -16 -17 -18 -19 19 20 28 27 -24 24 -26 -27 -28 -29 -30 -31
leaf_value=0.0073683444278467899 -0.00063844613219890133 -0.0010286037972691978 -0.0012769889995088491 0.00021914413480942643 0.021619055246294035 -0.0039073973898810918 0.0042707742204922215 -0.0021848578198071364 0.012898198223721534 0.0032545356833926361 -0.00047026552986346841 0.0053250966878501255 -0.0036180270570516982 -0.0078939134619638029 0.0073336391856892221 0.0029436244047038006 -0.0012516581516869468 -0.0010249059133097594 -0.00076294736323331293 0.0096151017528929988 -0.00011863329724935813 0.00027073260568586516 -0.000117164660081171 -0.00021057421567995729 -0.0008223905585069939 0.0089044576924541784 0.0048803399286760848 -0.0031858244237604667 0.00031318526681119207 -0.00060880007692515011
leaf_weight=66 226 74 85 83 93 62 69 230 65 264 177 485 70 88 146 65 332 218 80 156 167 103 225 226 289 94 145 214 76 473
leaf_count=66 226 74 85 83 93 62 69 230 65 264 177 485 70 88 146 65 332 218 80 156 167 103 225 226 289 94 145 214 76 473
internal_value=-0.00350612 -0.00597728 -0.00107568 -0.000542097 -0.00098491 0.000388889 -0.00832041 -0.0119969 -0.000531108 3.65535e-05 0.00305177 0.00511364 0.00366705 -0.0027139 0.00103618 -0.00775316 -0.00401709 0 -0.00544978 -0.00462938 -0.00675828 -0.00219061 0.00408031 -0.00100119 -0.00404723 0.00193846 0.00715217 -0.00967391 -0.011165 -0.0128062
internal_weight=5146 2548 2598 2513 2447 2065 382 313 1972 1910 1096 919 854 369 299 153 814 482 2474 2248 1414 698 381 834 609 320 225 317 716 640
internal_count=5146 2548 2598 2513 2447 2065 382 313 1972 1910 1096 919 854 369 299 153 814 482 2474 2248 1414 698 381 834 609 320 225 317 716 640
is_linear=0
shrinkage=0.035


Tree=78
num_leaves=31
num_cat=0
split_feature=115 148 148 148 115 260 148 213 223 48 134 254 60 203 71 153 48 153 115 102 287 194 71 20 122 160 156 8 256 56
split_gain=20.9414 17.7371 15.5581 17.26 15.2147 17.745 19.7256 14.3186 36.6963 20.2677 20.2166 18.9689 18.0859 17.7327 21.9452 16.8499 16.5385 16.1782 15.6944 14.1686 13.5282 16.3878 15.0383 14.0088 13.5253 13.4764 13.391 12.7785 21.899 21.3394
threshold=3319.0000000000005 19.500000000000004 9292.5000000000018 7374.0000000000009 2722.0000000000005 0.12596846563360806 219.00000000000003 10.569469056774599 16.356901428432874 3.6070500612258916 0.014215614392593163 2.0778067707183383 3988.0000000000005 -0.92672135912051534 859.50000000000011 -0.66738196244853165 2.3993500471115117 0.099182217217058152 1585.5000000000002 -1.9698333888756718 1.0000000180025095e-35 0.17588239000178954 9522.5000000000018 87.3383631433733 29.563971170703553 0.039099995046854026 0.24705093433531558 -87.104582294078185 30.690137983163883 9.4041211707668726
decision_type=2 2 2 2 2 2 2 2 2 2 2 2 2 2 2 2 2 2 2 2 2 2 2 2 2 2 2 2 2 2
left_child=1 -1 3 4 7 -6 -7 9 10 12 -9 18 13 15 -15 -3 -16 -11 -12 20 21 23 27 -2 -10 -18 -27 29 -29 -22
right_child=19 2 -4 -5 5 6 -8 8 24 17 11 -13 -14 14 16 -17 25 -19 -20 -21 22 -23 -24 -25 -26 26 -28 28 -30 -31
leaf_value=-0.0012322943845260376 -0.00066482431953980299 -0.00022241046070297063 -0.0030312357367642999 0.0089455917578188486 0.010509534682189618 0.0086933700688838125 -0.00061697074840039732 -0.0021662817701223426 -0.0012081221984365309 -0.00081318667774370602 0.013823822042921064 -0.00080422407774620572 -0.0041472500559433904 -0.0020893267734606968 0.0042950001234657153 0.017543465453137664 -0.0010581049281692802 0.0082310268459184748 -0.00020961442370046298 -0.00099260266436477541 0.0070854723911503437 0.00029026748511211842 0.0099414573263862625 0.00050590548268806493 0.01132218189413463 -0.0018529406417876473 0.0061243233988936196 0.00021761097618883455 -0.00049097596971901499 -0.0016160238391957733
leaf_weight=87 1155 62 87 79 101 105 262 161 61 68 81 154 189 108 134 65 177 63 116 74 117 111 60 101 212 165 61 275 544 111
leaf_count=87 1155 62 87 79 101 105 262 161 61 68 81 154 189 108 134 65 177 63 116 74 117 111 60 101 212 165 61 275 544 111
internal_value=-0.00347894 -0.00126393 -0.000709459 -0.000172911 -0.000729787 0.00488372 0.00122312 -0.00213868 0.00146203 -0.00472197 -0.0040619 0.000688202 -0.00648551 -0.00405405 -0.00640769 0.00768939 -0.00342251 0.00797794 0.00779703 -0.00573051 -0.00525212 -0.00757653 -0.00236061 -0.00871531 0.0117086 -0.00694853 -0.00121212 -0.00336027 -0.00539442 0.00390558
internal_weight=5146 2598 2511 2424 2345 468 367 1877 785 1092 512 351 961 772 645 127 537 131 197 2548 2474 1367 1107 1256 273 403 226 1047 819 228
internal_count=5146 2598 2511 2424 2345 468 367 1877 785 1092 512 351 961 772 645 127 537 131 197 2548 2474 1367 1107 1256 273 403 226 1047 819 228
is_linear=0
shrinkage=0.035


Tree=79
num_leaves=31
num_cat=0
split_feature=115 148 242 49 27 2 213 158 175 13 49 35 191 215 258 160 93 82 27 150 30 20 148 104 259 91 45 160 12 242
split_gain=19.1868 17.6105 17.5701 16.1618 23.3855 16.4775 16.1909 17.8517 15.2138 14.4985 13.7045 13.2062 17.6233 13.1466 26.1184 29.4779 18.2191 21.4033 19.2556 16.8001 12.8625 15.0481 13.9131 22.3065 19.913 19.1586 17.9126 20.9341 20.0433 17.1954
threshold=3319.0000000000005 19.500000000000004 120.39002685701634 5111.5000000000009 3950.0000000000005 478.90501403808599 11.085137972100691 -0.01480000466108322 0.016345735458558931 49.124755758243538 5796.0000000000009 0.075498615777949821 0.14087500050663951 0.036500006914138801 0.0044000074267387399 0.029799994081258777 1682.0000000000002 3809.5000000000005 1888.0000000000002 0.065550021827220931 565.50000000000011 28.409704074698897 2510.0000000000005 1504.0000000000002 -0.015749208546466571 -2.6089678740830107 8.6344178966733551 0.025899983942508701 2.425914392237861 26.884593402393921
decision_type=2 2 2 2 2 2 2 2 2 2 2 2 2 2 2 2 2 2 2 2 2 2 2 2 2 2 2 2 2 2
left_child=1 -1 3 4 13 -5 7 -6 -4 -7 -11 12 -2 14 -3 -16 17 -17 -18 -20 21 -14 23 -23 -24 26 27 -25 -29 -27
right_child=11 2 8 5 6 9 -8 -9 -10 10 -12 -13 20 -15 15 16 18 -19 19 -21 -22 22 24 25 -26 29 -28 28 -30 -31
leaf_value=-0.001189164081067628 0.0018010756282363526 0.0135257218229702 -0.0030238620433935535 0.0083362627277908403 -9.5142990621964509e-05 0.00026882656126921286 -0.00198418539230773 0.0078540627054328113 0.00014763172897048045 -0.00010745925086861936 -0.0021008162846049509 -0.00049462525642421373 0.00075903612943007965 -0.00097763910370006956 -0.0010317198858878491 -0.0031721725771405836 0.0095157371343781612 0.0030873789343285104 0.0074834198321027954 -0.00080730886674173781 -0.00052080331406411892 -0.00055658928002682022 -5.15445867437292e-06 -0.00088667355860877386 -0.0012432048502779027 -0.0028663332029844578 -0.00045281674680883221 -0.00013625090976578604 0.0075609126629910496 -7.3903037219394952e-05
leaf_weight=87 63 138 124 62 174 108 64 389 76 102 186 250 107 74 299 173 88 120 132 202 79 873 114 103 219 85 170 82 263 140
leaf_count=87 63 138 124 62 174 108 64 389 76 102 186 250 107 74 299 173 88 120 132 202 79 873 114 103 219 85 170 82 263 140
internal_value=-0.00343817 -0.00131771 -0.000765103 0.000105786 0.00156351 -0.00574514 0.00703323 0.00893486 -0.0105854 -0.00837905 -0.0124232 -0.00559342 -0.00474164 -0.00125102 -0.000302506 -0.00226693 0.00160417 -0.00505034 0.00622951 0.00227139 -0.00526563 -0.00472929 -0.00540166 -0.00410808 -0.0119083 -4.12736e-05 0.00314607 0.00679912 0.0109 -0.00867391
internal_weight=5146 2598 2511 2311 1853 458 627 563 200 396 288 2548 2298 1226 1152 1014 715 293 422 334 2235 2156 2049 1716 333 843 618 448 345 225
internal_count=5146 2598 2511 2311 1853 458 627 563 200 396 288 2548 2298 1226 1152 1014 715 293 422 334 2235 2156 2049 1716 333 843 618 448 345 225
is_linear=0
shrinkage=0.035


Tree=80
num_leaves=31
num_cat=0
split_feature=107 193 37 242 60 141 50 60 143 33 258 115 49 203 129 129 49 2 245 256 203 2 68 183 41 204 144 242 13 27
split_gain=20.0917 16.0256 20.5949 25.3405 20.5137 17.7651 16.4338 15.6425 15.1092 20.309 17.7057 20.9384 16.5541 15.9974 15.3815 18.1893 15.2711 30.5928 14.6698 16.3156 19.0891 23.6926 18.5339 20.8648 16.101 14.8025 14.1217 15.8826 17.175 13.5931
threshold=567.50000000000011 0.82726111020941362 2.6167500019073491 38.544234824956909 10557.500000000002 51.545680861107009 138.50000000000003 1899.0000000000002 0.63859999179840099 0.59720000624656688 0.026449993252754215 3292.5000000000005 9623.5000000000018 0.54891308476019696 552.25000000000011 565.50000000000011 1863.0000000000002 480.89500427246099 0.053573149156043491 33.93222926047509 -0.12324898578495609 525.26000976562511 0.011628288753386366 0.49320588990094832 475.50000000000006 0.093352338258799586 46.617279834672381 48.965366644586915 43.606974713110482 6781.5000000000009
decision_type=2 2 2 2 2 2 2 2 2 2 2 2 2 2 2 2 2 2 2 2 2 2 2 2 2 2 2 2 2 2
left_child=1 4 26 7 8 -5 -6 -4 9 10 12 13 14 -12 18 -16 -11 -18 24 29 25 22 -22 -24 -1 -21 27 28 -3 -20
right_child=-2 2 3 5 6 -7 -8 -9 -10 16 11 -13 -14 -15 15 -17 17 -19 19 20 21 -23 23 -25 -26 -27 -28 -29 -30 -31
leaf_value=-0.0013677616678897172 -0.00030763851346580834 0.00067317998372343809 0.01177670100857622 -0.00090291993151354758 0.00018128343785762114 0.00037444027207688362 -0.0013851654704592072 -7.2328203272517555e-05 -0.001591653415512696 -0.00097491776308242521 -0.00059571811089798206 -0.00088227441786248209 -0.0011996926805181742 0.00750652032654357 0.0067417121455725379 -0.00025846940662434481 0.0095560149386071033 -0.003791445462672135 -0.00096805048965790225 -0.0013860801551435762 -0.0021487725442883156 -0.0004621752284824188 0.013711961694805036 -3.9614899085749223e-06 0.0011134677313212622 0.0051330673014626498 -0.0011127344902069954 0.00014651501868336749 -0.00096415936098932548 0.0012152885133636193
leaf_weight=130 103 104 83 100 83 64 203 84 306 65 166 265 117 60 208 75 111 74 383 301 60 120 202 109 728 69 391 100 216 66
leaf_count=130 103 104 83 100 83 64 203 84 306 65 166 265 117 60 208 75 111 74 383 301 60 120 202 109 728 69 391 100 216 66
internal_value=-0.0035197 -0.00319632 -0.00683522 0.000520833 -0.00212366 -0.00911243 -0.0110653 0.00997093 -0.00140193 -0.000707604 -0.00149641 -0.0075504 -0.000326467 0.00030303 0.000299267 0.00789931 0.00878431 0.0138158 -0.000708698 -0.00303422 -0.000202079 0.00430444 0.00865691 0.0120728 0.00283893 -0.00616 -0.0098223 -0.00527059 -0.00904615 -0.00840308
internal_weight=5146 5043 1142 331 3901 164 286 167 3615 3309 3059 491 2568 226 2451 283 250 185 2168 1310 861 491 371 311 858 370 811 420 320 449
internal_count=5146 5043 1142 331 3901 164 286 167 3615 3309 3059 491 2568 226 2451 283 250 185 2168 1310 861 491 371 311 858 370 811 420 320 449
is_linear=0
shrinkage=0.035


Tree=81
num_leaves=31
num_cat=0
split_feature=72 115 163 161 256 256 223 242 11 27 11 256 254 146 99 104 30 93 86 13 256 230 256 242 170 163 27 153 173 60
split_gain=25.2606 16.1334 15.4548 13.855 17.5616 28.8609 19.6329 14.9975 16.6647 19.4872 16.8568 16.3344 15.9215 14.5282 23.5877 20.1244 15.2634 19.4269 13.3234 12.8443 15.8766 12.2625 12.2334 19.1425 14.29 11.7436 13.4194 13.7626 18.7388 18.1718
threshold=29.500000000000004 3319.0000000000005 0.88985174415636459 0.19099999591708186 31.203807548619121 41.521405505667751 18.324936439380664 42.505426468041236 90.10460731623003 779.00000000000011 176.17598391972871 117.05237844084947 -7.35515366212136 -1.140362221544579 0.31704999506473547 1090.0000000000002 474.50000000000006 2388.5000000000005 6.300247309061203 129.78246631704937 80.043223314488657 -7.9802748187918207 69.230846154074996 63.446118384308598 0.022000007331371311 -0.38350061209584801 13840.500000000002 0.51261122045762741 0.8153299353703144 1024.5000000000002
decision_type=2 2 2 2 2 2 2 2 2 2 2 2 2 2 2 2 2 2 2 2 2 2 2 2 2 2 2 2 2 2
left_child=-1 2 3 -2 6 -6 -5 -7 9 -9 11 19 -12 15 -15 -14 17 -16 -11 20 21 -10 23 24 -23 -3 27 28 -27 -29
right_child=1 25 -4 4 5 7 -8 8 10 18 12 -13 13 14 16 -17 -18 -19 -20 -21 -22 22 -24 -25 -26 26 -28 29 -30 -31
leaf_value=-0.00085637359370551846 0.0067604433738904851 -0.0012039279025366635 -0.0014165727089676724 -0.0013427624501732886 0.014959517590230596 -0.0021284195374055631 0.0037340322616752669 -0.0013971737551813006 0.0002396316915471536 0.0036467947116846436 0.0081080691018924102 -0.0027072656719093081 -0.00054491699916052851 0.0073202581795561023 -0.0041515653926622233 0.012785345704196281 -0.0030702209622954909 0.0056079066135087492 0.011719744353527645 0.013336187905524509 -0.00220395666538881 0.0033398497704157418 0.0035521948789658019 -0.0024713663963719028 -0.00077428261837715455 -0.00025652843324455667 -0.0022696062683916392 -0.00032063086565414236 -0.0012394978806908471 0.0063493478420138822
leaf_weight=110 66 93 64 300 101 65 68 96 166 321 111 77 67 80 61 110 88 64 73 87 132 85 72 61 125 1861 71 214 147 110
leaf_count=110 66 93 64 300 101 65 68 96 166 321 111 77 67 80 61 110 88 64 73 87 132 85 72 61 125 1861 71 214 147 110
internal_value=-0.00324791 -0.00287443 -0.000907662 -0.000451431 -0.000898551 0.00037616 -0.00788204 -0.000593525 0 0.00551515 -0.00196262 -0.0052284 0.00256826 -0.000294737 -0.00505034 0.0075 -0.011078 -0.00296154 0.00894737 -0.00353342 -0.00525542 -0.00238327 -0.00613506 -0.00951087 -0.00423256 -0.00487005 -0.004375 -0.00389388 -0.00497268 0.00276596
internal_weight=5146 5036 2540 2476 2410 2042 368 1941 1876 490 1386 805 581 470 293 177 213 125 394 728 641 509 343 271 210 2496 2403 2332 2008 324
internal_count=5146 5036 2540 2476 2410 2042 368 1941 1876 490 1386 805 581 470 293 177 213 125 394 728 641 509 343 271 210 2496 2403 2332 2008 324
is_linear=0
shrinkage=0.035


Tree=82
num_leaves=31
num_cat=0
split_feature=72 247 163 60 210 71 71 115 137 71 256 200 27 170 152 126 9 201 173 67 211 211 11 183 81 12 49 49 126 173
split_gain=25.3888 14.0327 13.4161 11.8188 14.9181 14.1513 15.812 14.537 22.0814 22.6682 26.0295 20.4713 20.8197 19.7402 22.8896 17.359 15.7327 15.0885 14.592 14.4903 20.5222 20.7907 18.0733 14.9665 13.9303 13.8891 13.2119 18.4505 18.0182 30.7565
threshold=29.500000000000004 636.64999389648449 0.88985174415636459 10557.500000000002 0.27876714269515396 9397.5000000000018 17118.500000000004 3999.0000000000005 4758.0000000000009 859.50000000000011 82.789238270763249 -0.078550010919570909 3192.0000000000005 0.018050000071525577 0.40282983300391867 3986.0000000000005 31.67400672002292 0.39717499911785131 0.8153299353703144 11.605311705915417 0.16030809085594758 0.2884466447787376 52.455798309072442 0.37747903581795333 2.8072999715805058 3.4271376991556033 5268.0000000000009 3327.0000000000005 2748.0000000000005 -0.27971472245447082
decision_type=2 2 2 2 2 2 2 2 2 2 2 2 2 2 2 2 2 2 2 2 2 2 2 2 2 2 2 2 2 2
left_child=-1 2 3 5 -5 7 -7 8 9 10 -2 12 -11 14 17 18 -16 25 19 20 -9 -22 -23 -24 -25 -13 27 28 -15 -30
right_child=1 -3 -4 4 -6 6 -8 15 -10 11 -12 13 -14 26 16 -17 -18 -19 -20 -21 21 22 23 24 -26 -27 -28 -29 29 -31
leaf_value=-0.00082640051792582606 -0.0013848955818039537 -0.00046341982802551281 -0.0013420816454702224 -0.00030914160969412161 -0.0014416967921104015 0.006680789631616859 -0.0003079419530833869 0.00518714175648339 -0.00061665385034578781 2.7736233953239435e-05 0.00014432904410663916 9.8888296802109046e-05 -0.0042199028869148621 0.0055131695736601004 0.0088255125891133733 -0.00079563440771065477 -0.00024442538156909164 0.0027471322335259601 -0.0021629856052531359 -0.00059061729841077134 -0.00089115344110141234 0.014717245136657035 0.0044429366902749672 -0.001408315682899781 -4.3422881511510642e-05 -0.0024804571810494711 -0.00036428046467257703 0.0081885088050961743 0.0040478291965488139 -0.0071430929744410289
leaf_weight=110 162 98 163 214 83 179 62 148 218 129 193 102 72 314 145 153 88 137 117 604 160 60 66 82 395 234 171 307 114 66
leaf_count=110 162 98 163 214 83 179 62 148 218 129 193 102 72 314 145 153 88 137 117 604 160 60 66 82 395 234 171 307 114 66
internal_value=-0.00320714 -0.00283277 -0.00256322 -0.00221862 -0.00892384 -0.00176444 0.00640244 -0.00223597 -0.00048433 0.000562751 -0.00748611 0.00209926 -0.00832524 0.00336898 -0.00108298 -0.00463408 0.00779412 -0.00549163 -0.00354918 -0.00260197 0.000191048 -0.00214193 0.000863487 -0.0012135 -0.00341286 -0.00944282 0.00659161 0.00846774 0.00420842 -0.00454054
internal_weight=5146 5036 4938 4775 297 4478 241 4237 2452 2234 355 1879 201 1678 706 1785 233 473 1632 1515 911 763 603 543 477 336 972 801 494 180
internal_count=5146 5036 4938 4775 297 4478 241 4237 2452 2234 355 1879 201 1678 706 1785 233 473 1632 1515 911 763 603 543 477 336 972 801 494 180
is_linear=0
shrinkage=0.035


Tree=83
num_leaves=31
num_cat=0
split_feature=72 41 148 151 38 82 27 153 49 110 71 258 7 77 27 37 260 270 1 135 91 124 49 225 82 38 49 93 103 9
split_gain=23.2754 13.7276 20.4532 23.6894 19.6564 21.3436 21.5737 21.3383 20.6437 40.5058 21.6195 20.1439 17.4392 17.871 16.9867 19.5848 16.8636 16.002 15.5121 17.0908 15.3171 16.291 15.1026 15.0116 14.9325 14.6116 17.6834 22.7177 26.5801 18.6247
threshold=29.500000000000004 529.39001464843761 19.500000000000004 0.23870000615715983 1504.0000000000002 1540.5000000000002 5792.0000000000009 0.42850809613588459 4330.5000000000009 0.21164999902248385 5590.0000000000009 0.020499981939792637 -15.12660390221478 0.28034999966621404 779.00000000000011 2.2689499855041508 0.42694483328764454 42.968540039460215 662.50000000000011 -1.0905511803923174 -3.2148339993300943 -1.5358504358355394 5599.5000000000009 0.15203750492746756 4627.0000000000009 3325.5000000000005 1935.5000000000002 2788.5000000000005 3.5975500345230107 16.512186776160302
decision_type=2 2 2 2 2 2 2 2 2 2 2 2 2 2 2 2 2 2 2 2 2 2 2 2 2 2 2 2 2 2
left_child=-1 2 -2 -4 -3 6 -6 8 9 -7 17 23 14 -14 15 -5 -15 -10 -12 24 22 -22 -19 -11 -20 -16 -27 28 -28 -29
right_child=1 4 3 12 5 7 -8 -9 10 11 18 -13 13 16 25 -17 -18 20 19 -21 21 -23 -24 -25 -26 26 27 29 -30 -31
leaf_value=-0.00079747649979842246 -0.0010143023432498833 0.00048734749806475855 0.0078917677215037257 -0.0012488178138623941 -0.00075698608875085082 0.0097528818646028196 7.987067950431804e-05 -0.0015700762846700413 -0.00089233077778512124 -0.00016519504368105899 -0.00066584527997773314 -0.0014096361870629659 -0.0013917857057785677 0.00046881377821869966 0.00062182515923756617 0.00056966829849610778 -0.0016098172321577376 -0.00020039121623529889 0.0018089109214631735 0.00037414188788103099 0.0047109771041697196 -0.00081406550119234099 -0.0022129188921457274 0.0107700760524125 -0.00060939132728578325 -0.0011985242477056725 0.013164220300549362 0.0061846636481280139 -0.0002273712368889139 -0.0015409056668942362
leaf_weight=110 141 171 96 161 310 99 89 115 232 133 76 109 67 106 1103 63 83 67 89 231 67 74 62 64 123 195 115 67 233 495
leaf_count=110 141 171 96 161 310 99 89 115 232 133 76 109 67 106 1103 63 83 67 89 231 67 74 62 64 123 195 115 67 233 495
internal_value=-0.00328868 -0.00292997 -0.00137372 -0.000702761 -0.00507798 -0.00608226 -0.013255 -0.00418823 -0.00298393 0.00367073 -0.00562865 -0.00270096 -0.00132566 -0.00992337 -0.000402134 -0.00947598 -0.00414948 -0.0107692 -0.000601145 0.00195313 -0.00483636 0.00311644 -0.0133209 0.00398515 -0.00516129 0.000537732 -0.0023018 -0.000229508 0.00674221 -0.0045679
internal_weight=5146 5036 2925 2784 2111 1940 399 1541 1426 405 1021 306 2688 256 2432 224 189 502 519 443 270 141 129 197 212 2208 1105 910 348 562
internal_count=5146 5036 2925 2784 2111 1940 399 1541 1426 405 1021 306 2688 256 2432 224 189 502 519 443 270 141 129 197 212 2208 1105 910 348 562
is_linear=0
shrinkage=0.035


Tree=84
num_leaves=31
num_cat=0
split_feature=72 41 148 38 247 211 80 103 17 211 143 258 214 7 109 170 209 71 27 11 77 257 143 233 158 137 115 77 123 41
split_gain=23.3575 14.0857 19.0938 18.2815 21.3292 19.652 17.1456 27.2551 20.7803 18.5351 16.9242 16.0548 14.3197 13.9265 16.9426 14.9802 13.9083 12.9289 12.8622 39.4584 12.783 13.4495 16.4002 13.4591 12.3904 11.9958 18.4478 22.2326 17.8123 16.5367
threshold=29.500000000000004 529.39001464843761 19.500000000000004 1504.0000000000002 609.57000732421886 -0.29088627160025132 -5.3991888352323096 5.3538999557495126 0.64296704693767037 0.1991578196389451 0.21554999798536303 0.011250004172325136 0.043899990618228919 -16.045713082653464 0.68694999814033519 0.025400005280971531 10.714361950822118 2049.5000000000005 4481.0000000000009 93.947576285002967 0.16475000232458117 3.2906504743360121 0.19160000234842303 6263.3598632812509 0.021700002253055576 957.00000000000011 2068.0000000000005 0.57474997639656078 0.011639185171915012 506.50000000000006
decision_type=2 2 2 2 2 2 2 2 2 2 2 2 2 2 2 2 2 2 2 2 2 2 2 2 2 2 2 2 2 2
left_child=-1 2 -2 12 5 -5 11 8 -8 -10 -4 -6 -3 14 25 -16 -7 -15 19 -18 -13 23 -23 -22 -20 28 27 -27 -12 -28
right_child=1 3 10 4 6 16 7 -9 9 -11 13 20 -14 17 15 -17 18 -19 24 -21 21 22 -24 -25 -26 26 29 -29 -30 -31
leaf_value=-0.00076956482230547689 -0.00097880176123613886 -0.00010118174244228591 0.0069460905418712035 0.00041877587295799964 8.0403421038431356e-05 1.1919134889462058e-05 0.0044366150908448287 -0.0011731777999455524 0.0014586312170577816 -0.00073541203002845505 0.00010964180175073217 -0.0015234029933389175 0.0094722078787894473 9.2221246275951411e-05 0.00011068211184819322 0.0085837358560552548 0.0034211020922830472 -0.0010889128597286104 -0.0014938695030937616 -0.00049244651941565915 0.0049745975440116351 -0.00026512440170999631 -0.0036132785112914898 -0.00028311200746349561 -0.00047990376929645895 0.0095095998182629943 0.0012949974224486602 -0.0020503387847953525 -0.0012415111690652803 -0.00082694122762809474
leaf_weight=110 141 102 104 68 145 107 198 101 111 125 340 62 69 81 159 130 109 187 245 281 65 103 68 62 90 208 448 100 491 536
leaf_count=110 141 102 104 68 145 107 198 101 111 125 340 62 69 81 159 130 109 187 245 281 65 103 68 62 90 208 448 100 491 536
internal_value=-0.0032615 -0.0029022 -0.00132594 -0.00507798 -0.00604627 -0.0099779 -0.00261244 0.00175 0.00558087 -0.00145228 -0.000677662 -0.00720588 0.00576705 -0.00122533 -0.0003765 0.0075 -0.0114576 -0.00871795 -0.0131849 -0.00868354 -0.0111233 -0.00785479 -0.0141193 0.000795455 -0.0182206 -0.00146382 0.000647648 0.00805112 -0.00473086 -0.00169869
internal_weight=5146 5036 2925 2111 1940 900 1040 535 434 236 2784 505 171 2680 2412 289 832 268 725 390 360 298 171 127 335 2123 1292 308 831 984
internal_count=5146 5036 2925 2111 1940 900 1040 535 434 236 2784 505 171 2680 2412 289 832 268 725 390 360 298 171 127 335 2123 1292 308 831 984
is_linear=0
shrinkage=0.035


Tree=85
num_leaves=31
num_cat=0
split_feature=72 41 163 27 153 234 163 38 27 203 68 82 13 8 148 113 37 92 101 223 71 150 148 104 91 230 93 186 115 150
split_gain=19.8501 15.9258 15.2484 17.7041 15.2177 13.8501 15.3758 13.5697 15.6405 15.4128 14.8957 19.2557 37.3049 16.9783 14.3649 13.899 13.7362 18.1157 14.0512 13.177 20.8153 19.267 13.7618 13.2273 13.1274 13.0998 15.0991 13.074 14.9632 13.0029
threshold=29.500000000000004 529.39001464843761 0.86862985180661723 10446.000000000002 0.76645627226942581 0.016209649291720755 0.025203543357961909 3325.5000000000005 816.50000000000011 -0.92672135912051534 0.011628288753386366 3169.5000000000005 121.67880367330339 -105.12047721451434 3951.0000000000005 -2.4129362366146201 1.8815500140190127 3.6627999544143681 0.014510285734746968 4.8678623979477882 2969.5000000000005 0.060500003397464759 2816.0000000000005 2640.0000000000005 -3.2730476165606306 -12.644408848923037 4457.5000000000009 1.2046998143560617 7308.0000000000009 0.04690001159906388
decision_type=2 2 2 2 2 2 2 2 2 2 2 2 2 2 2 2 2 2 2 2 2 2 2 2 2 2 2 2 2 2
left_child=-1 2 3 4 7 6 27 8 9 -2 -9 14 13 -13 -12 -15 18 -18 -10 -19 22 -22 23 -21 -5 -7 -27 28 -3 -28
right_child=1 5 -4 24 -6 25 -8 10 16 -11 11 12 -14 15 -16 -17 17 19 -20 20 21 -23 -24 -25 -26 26 29 -29 -30 -31
leaf_value=-0.00074263005352478431 0.0027326891417175148 0.0027240426206366808 -0.0014839477685181402 0.0086496110684024605 -0.00087380741331856643 0.00033218187917594903 -0.00031483965026264692 -0.0020109857166950469 0.0096957393180079603 -0.0015445341168345197 -0.0014462367510823639 0.0093468611840557166 -0.0023705973975285161 -0.00054073845512546403 0.0095421165077079033 0.0029004411371447597 -0.0027451171068655603 0.0062711246935336137 0.0010023686231118681 0.00015500872286835693 7.7160011855796916e-05 -0.0039371855422030283 -0.0010645385565776022 0.017072315935820807 -0.0004206518245282004 -0.00083342695932374041 -0.00076539775545331657 -0.00060036305623167852 -0.00033138499838390045 -8.5241068668197314e-05
leaf_weight=110 82 325 119 89 65 83 726 237 147 118 329 187 116 131 64 149 176 115 192 194 107 104 77 64 63 307 183 87 106 294
leaf_count=110 82 325 119 89 65 83 726 237 147 118 329 187 116 131 64 149 176 115 192 194 107 104 77 64 63 307 183 87 106 294
internal_value=-0.0032615 -0.00292997 -0.00125427 -0.000722163 -0.00139526 -0.00524338 -0.00285829 -0.00095798 0.00141926 -0.0075122 -0.00364943 -0.00171254 0.00232143 0.00674788 -0.00765075 0.00122807 0.00296359 0.00054038 0.00885174 0.00320571 0.000889292 -0.00761574 0.00627941 0.0101141 0.0107006 -0.00862959 -0.0100253 0.00173996 0.00425459 -0.00602697
internal_weight=5146 5036 2925 2806 2654 2111 1244 2589 1376 200 1213 976 583 467 393 280 1176 837 339 661 546 211 335 258 152 867 784 518 431 477
internal_count=5146 5036 2925 2806 2654 2111 1244 2589 1376 200 1213 976 583 467 393 280 1176 837 339 661 546 211 335 258 152 867 784 518 431 477
is_linear=0
shrinkage=0.035


Tree=86
num_leaves=31
num_cat=0
split_feature=72 30 27 214 20 137 225 243 39 163 33 26 153 71 148 163 109 228 50 148 137 150 195 109 49 222 9 213 243 171
split_gain=18.3486 14.6314 17.039 16.9807 18.2508 20.4395 16.8976 25.1333 15.7978 15.572 15.8099 16.7117 16.3635 13.2522 15.1375 18.7191 13.0827 13.0617 12.3484 13.8731 12.0167 11.8965 11.7826 11.6259 12.7251 12.1131 11.821 18.8408 17.6149 13.3179
threshold=29.500000000000004 522.25000000000011 10446.000000000002 0.014599986374378206 42.522935970710229 1108.0000000000002 0.31094279688481968 8.2682465848860165 75.500000000000014 -0.15159632388510905 0.22675000131130221 1.9957500100135805 0.3277855479509309 3948.0000000000005 231.00000000000003 0.32757425023359593 0.66414999961853038 -3.5838315424430163 331.50000000000006 828.00000000000011 4482.0000000000009 0.066399998962879195 0.011782617462284695 0.68884998559951793 4198.0000000000009 21.969260676644947 3.4402309701901239 10.614842875605644 10.608633370463552 0.25139999762177473
decision_type=2 2 2 2 2 2 2 2 2 2 2 2 2 2 2 2 2 2 2 2 2 2 2 2 2 2 2 2 2 2
left_child=-1 2 23 -3 6 -6 7 9 -4 16 12 -12 -11 17 21 20 -5 -7 19 -13 22 -15 -16 26 25 -25 27 28 -2 -28
right_child=1 3 8 4 5 13 -8 -9 -10 10 11 18 -14 14 15 -17 -18 -19 -20 -21 -22 -23 -24 24 -26 -27 29 -29 -30 -31
leaf_value=-0.00071663800165141676 -0.00075855143509019954 -0.0010219422695130354 0.0087948380565483139 -3.8827666430533709e-05 0.0028984362500901095 -0.0003640442947800432 0.0074425292086299751 -0.0017455496752902717 -0.00040592901066971378 -0.00067920227442955618 -0.00043663212064289531 0.0023313243963389344 0.00010682873851121101 -0.00054745648274227789 -0.00051622626046932498 -0.00095175149218790125 0.0098588056734528785 -0.0015373152032285185 0.0050413878663968167 -0.00029589237710044253 -0.00056410499803325527 0.0073378767985195284 0.00057562309388788427 0.0002271855705327586 -0.0019075634782781616 0.0099073852961102278 0.00065558874938138564 0.011437048510506006 0.0089697254647167473 -0.00056438410333724156
leaf_weight=110 229 76 65 86 107 113 91 141 63 239 114 85 112 67 106 111 85 216 96 96 115 69 146 127 86 71 141 106 70 1807
leaf_count=110 229 76 65 86 107 113 91 141 63 239 114 85 112 67 106 111 85 216 96 96 115 69 146 127 86 71 141 106 70 1807
internal_value=-0.00320714 -0.00288832 -0.00117509 -0.00496705 -0.004375 -0.00769668 -0.0013087 -0.0025779 0.0110526 -0.00041939 -0.00262383 0.0022096 -0.00796348 -0.00934072 -0.00621971 -0.00913043 0.00894886 -0.014985 0.00682624 0.0013172 -0.00517473 0.00397163 -0.000817121 -0.00178842 0.00484429 0.00965517 -0.00259754 0.00281707 -0.00172697 -0.0037276
internal_weight=5146 5036 2765 2271 2195 1050 1145 1054 128 913 742 391 351 943 614 478 171 329 277 181 367 136 252 2637 284 198 2353 405 299 1948
internal_count=5146 5036 2765 2271 2195 1050 1145 1054 128 913 742 391 351 943 614 478 171 329 277 181 367 136 252 2637 284 198 2353 405 299 1948
is_linear=0
shrinkage=0.035


Tree=87
num_leaves=31
num_cat=0
split_feature=107 27 27 4 242 126 246 49 222 49 242 43 81 129 126 49 43 12 193 67 170 28 13 27 187 222 32 211 147 27
split_gain=18.0633 20.4101 16.1022 16.0193 15.5686 34.5448 22.4897 20.4553 18.9697 20.7011 43.7153 22.1706 16.5992 15.9536 21.7873 19.9201 19.0758 13.762 13.0956 19.3167 31.292 23.5817 20.2323 31.4361 16.3395 14.6036 17.2562 14.521 14.1785 18.7873
threshold=524.89001464843761 14378.500000000002 10446.000000000002 35.477442913249696 32.778439414354807 369.50000000000006 0.0058087654229387921 6826.5000000000009 26.826706415803375 3948.0000000000005 22.219451045746705 0.23734999448060992 3.6893999576568608 552.75000000000011 2365.5000000000005 7624.5000000000009 0.20425000041723254 3.6511587635256948 0.82726111020941362 18.600019610988813 0.014900006353855135 91.500000000000014 96.791306307782619 5583.0000000000009 3.0629709823789496e-05 30.371977046921405 0.15304999798536303 0.22382350445617213 2.6581499576568608 1888.0000000000002
decision_type=2 2 2 2 2 2 2 2 2 2 2 2 2 2 2 2 2 2 2 2 2 2 2 2 2 2 2 2 2 2
left_child=2 3 18 4 5 -2 7 12 9 10 -7 -12 -6 15 17 16 -11 -15 19 20 21 -1 27 25 -22 26 -24 -21 -20 -30
right_child=1 -3 -4 -5 6 8 -8 -9 -10 13 11 -13 -14 14 -16 -17 -18 -19 28 22 24 -23 23 -25 -26 -27 -28 -29 29 -31
leaf_value=-0.0022633463532257892 0.006593306444109698 -0.0021577794787778983 0.0053861806785706554 -0.0017907897785088053 -0.00011151875681235824 0.015176276972891057 -0.00040995674628750397 -0.00075843596129014765 0.002806676320908072 -9.9732769584971474e-05 0.0018470075990193147 -0.0015695815650671118 0.013237958076538027 4.8368395070845235e-05 0.004289499531693464 0.00029939679186724637 -0.0022953164530401457 -0.00065543019482452287 -0.0011543527011537854 -0.0044086408594375013 0.0048419290877585218 4.2833793668360933e-05 0.0022870521412637853 0.0078296090069535796 -0.005018721814797426 -0.0022146384691493267 -0.0014727844856235995 0.00065963982116547866 0.00048516861414767083 -0.00050253281385654778
leaf_weight=135 193 75 127 75 65 66 724 102 128 83 73 102 80 67 95 71 217 115 259 260 739 231 246 97 69 199 188 64 92 109
leaf_count=135 193 75 127 75 65 66 724 102 128 83 73 102 80 67 95 71 217 115 259 260 739 231 246 97 69 199 188 64 92 109
internal_value=-0.00349253 -0.00576841 -0.00160106 -0.00513932 -0.00456313 -0.00190123 -0.00785348 0.00125 -0.0044863 -0.00630313 0.0024187 -0.00680556 0.00956667 -0.00954058 -0.00310284 -0.014242 -0.0181311 -0.010107 -0.00218344 -0.00106583 0.00201866 -0.00641509 -0.00449481 -0.0012381 0.00585486 -0.00411442 -0.00047836 -0.0117021 -0.00752688 -0.000509709
internal_weight=5146 2331 2815 2256 2181 1210 971 247 1017 889 241 175 145 648 277 371 300 182 2688 2228 1174 366 1054 730 808 633 434 324 460 201
internal_count=5146 2331 2815 2256 2181 1210 971 247 1017 889 241 175 145 648 277 371 300 182 2688 2228 1174 366 1054 730 808 633 434 324 460 201
is_linear=0
shrinkage=0.035


Tree=88
num_leaves=31
num_cat=0
split_feature=115 148 35 82 6 125 38 158 233 148 148 160 63 159 148 81 256 213 211 155 37 272 46 7 67 99 153 213 13 253
split_gain=15.2696 14.8511 18.978 14.7701 29.7722 16.6705 15.2056 14.3981 14.0669 13.8797 20.5129 13.6141 23.3101 18.3415 34.2032 25.3663 17.7467 17.2274 17.5278 16.6707 16.3496 15.6545 15.6502 19.3425 15.0026 13.2514 14.0536 13.0279 15.9777 13.7129
threshold=3319.0000000000005 2442.5000000000005 0.075498615777949821 5591.5000000000009 -42.903768320146931 4.6214499473571786 4440.5000000000009 0.0059000030159950265 5218.9199218750009 8731.5000000000018 7374.0000000000009 0.051700003445148475 458.50000000000006 14.096461756783409 2816.0000000000005 3.094500064849854 82.482188422511157 10.880355785656269 -0.24018383196449491 0.02713430176246864 2.5841499567031865 0.01514999568462372 0.022347077574511643 -28.370024683222546 14.833929905486038 0.52279999852180492 0.26763102135609618 10.709215370765726 44.476084516438625 -0.53822495925170954
decision_type=2 2 2 2 2 2 2 2 2 2 2 2 2 2 2 2 2 2 2 2 2 2 2 2 2 2 2 2 2 2
left_child=8 2 3 6 -5 -6 27 -3 -1 10 11 13 -13 16 20 -16 21 -17 -19 -18 -15 -10 -23 -24 -14 -26 -27 28 -2 -29
right_child=1 7 -4 4 5 -7 -8 -9 9 -11 -12 12 24 14 15 17 19 18 -20 -21 -22 22 23 -25 25 26 -28 29 -30 -31
leaf_value=-0.0019371702731847155 0.0058667802740104179 -0.00069738848998339377 -0.00042377424323240354 -0.00098554506867211075 0.010522389546013446 -0.00054358561669602212 -0.00048044145154014817 -0.00023926205347196751 -0.0011177230116113273 -0.0023587906314412712 0.0084995733492680171 0.0056251480132709702 -9.6862550093013155e-05 0.00085404032983839371 0.0089755656056890159 -0.0028473599526778544 -0.0016133744535538992 0.008720729637837047 -0.0015996189796100798 0.006614786433110074 0.0071154040251676064 -0.0026500542474722894 0.005194345754682265 -0.0014888752171265569 -0.003513016388972964 0.0018397079488743744 -0.0073020210327266535 0.0045355049604006168 -0.00041562967799321424 -0.00027775735488802191
leaf_weight=80 92 241 214 101 153 60 500 157 208 91 69 75 153 395 132 241 67 60 62 169 200 119 154 74 118 70 61 154 690 186
leaf_count=80 92 241 214 101 153 60 500 157 208 91 69 75 153 395 132 241 67 60 62 169 200 119 154 74 118 70 61 154 690 186
internal_value=-0.00353329 -0.00545633 -0.0042877 -0.00317362 0.00373041 0.011078 -0.00451752 -0.0116377 -0.00164041 -0.00116528 -0.000647615 -0.00121456 -0.00646266 0.000129905 0.00306849 -0.00371 -0.00391332 -0.00846467 0.00220472 0.00406639 0.00869167 -0.0073125 -0.00268466 0.00270386 -0.00980344 -0.0150197 -0.00694853 -0.00223602 -0.0047141 0.00344928
internal_weight=5146 2548 2150 1936 314 213 1622 398 2598 2518 2427 2358 477 1881 1090 495 791 363 122 236 595 555 347 228 402 249 131 1122 782 340
internal_count=5146 2548 2150 1936 314 213 1622 398 2598 2518 2427 2358 477 1881 1090 495 791 363 122 236 595 555 347 228 402 249 131 1122 782 340
is_linear=0
shrinkage=0.035


Tree=89
num_leaves=31
num_cat=0
split_feature=163 115 172 172 244 60 78 150 41 26 215 113 56 256 49 183 160 225 137 82 45 9 245 153 191 19 21 93 225 27
split_gain=16.39 15.3043 13.041 15.9214 15.6444 13.8851 13.9299 16.1846 14.8278 12.3431 12.2869 12.2861 11.925 19.6591 11.6162 11.0927 16.0504 21.6957 17.9987 15.976 13.524 12.7061 12.6887 11.7493 11.6104 19.589 18.5755 19.714 13.627 13.1568
threshold=0.88985174415636459 3319.0000000000005 0.62773825257888316 -0.13018914271588475 0.0011499971151351931 9802.0000000000018 21.313101757091903 0.043000005185604102 529.39001464843761 2.2062499523162846 -0.03029999881982803 -1.898269214355395 18.259377649750274 78.669421196800513 2106.5000000000005 -0.10515214911332579 0.026350002735853199 0.1885605178959843 9718.5000000000018 5648.5000000000009 7.456980936429308 41.841094793495024 -0.028070293563119228 -0.012995616282316236 0.19295000284910205 527.75000000000011 0.14944999665021899 4512.0000000000009 0.12618391885762734 3793.0000000000005
decision_type=2 2 2 2 2 2 2 2 2 2 2 2 2 2 2 2 2 2 2 2 2 2 2 2 2 2 2 2 2 2
left_child=1 2 3 4 -1 6 7 10 14 -2 -5 -12 13 -8 -9 22 20 18 24 21 -17 -19 -3 -22 28 26 29 -28 -18 -26
right_child=9 15 -4 5 -6 -7 12 8 -10 -11 11 -13 -14 -15 -16 16 17 19 -20 -21 23 -23 -24 -25 25 -27 27 -29 -30 -31
leaf_value=0.0040001490797041623 -0.0016363259901225743 -2.9730834632302195e-06 -0.00085489451230209628 -0.0011104287156187193 -0.00076163345909027757 -0.0015239963399733482 -0.0024996138379235889 0.00026680442790240127 5.9371909795422069e-05 -1.8357748557166211e-05 -0.0001015459602431941 0.0082455426245197083 0.00077299349018101452 0.00070471419130929084 0.0094598357179002685 -0.00068265420337866405 0.00013955674289864109 -0.001000471286977177 0.0055022071836835253 0.01103120725527568 -0.00072791298387628052 0.011963181506959998 -0.0010608072797966351 0.0032324579910578783 0.0065208688665868318 -0.00048416125842463471 -0.0026190672768511276 0.003274478098124345 -0.0011711433881139396 -0.0022442149582769522
leaf_weight=128 114 82 255 156 724 115 104 117 217 65 111 61 210 115 221 370 251 104 98 95 69 107 166 64 156 499 119 67 82 104
leaf_count=128 114 82 255 156 724 115 104 117 217 65 111 61 210 115 221 370 251 104 98 95 69 107 166 64 156 499 119 67 82 104
internal_value=-0.00361483 -0.00323109 -0.00132336 -0.000475044 -0.00424737 0.00178422 0.00281701 0.00532095 0.0089375 -0.0138859 -0.000840841 0.00553672 -0.00233871 -0.00796875 0.0134694 -0.00521124 -0.00439498 -0.00273859 -0.0046126 0.00562701 -0.00985236 0.000162037 -0.0121739 -0.000253623 -0.00572876 -0.0077 -0.00232816 -0.0106283 -0.00010355 0.00369811
internal_weight=5146 4967 2534 2279 852 1427 1312 883 555 179 328 172 429 219 338 2433 2185 1682 1376 306 503 211 248 133 1278 945 446 186 333 260
internal_count=5146 4967 2534 2279 852 1427 1312 883 555 179 328 172 429 219 338 2433 2185 1682 1376 306 503 211 248 133 1278 945 446 186 333 260
is_linear=0
shrinkage=0.035


Tree=90
num_leaves=31
num_cat=0
split_feature=160 137 107 19 49 19 19 9 126 260 71 30 126 213 253 257 233 17 82 38 12 153 13 148 219 223 153 13 110 20
split_gain=13.3594 17.3205 14.35 16.4814 17.4555 18.5947 21.3492 17.6337 19.0759 16.4191 14.6083 14.2475 13.7227 14.3318 18.1457 13.9289 12.6196 22.166 16.4956 22.5178 13.5976 13.2191 12.5455 24.1184 45.4888 20.2739 17.6721 16.4919 31.7549 26.7567
threshold=-0.030549973249435421 63.500000000000007 435.00000000000006 486.50000000000006 10446.000000000002 489.50000000000006 492.25000000000006 -11.845820019743416 5459.0000000000009 0.6254959223265717 2408.0000000000005 565.50000000000011 3986.0000000000005 10.607648834794924 5.8815532360484424 7.0897258513393799 6235.8898925781259 8.8876354676359366 1540.5000000000002 8135.0000000000009 17.840094696112718 0.3277855479509309 87.144938721303006 1949.5000000000002 -66.123396511827153 11.956301761557238 0.3860004109612995 46.134055028301638 0.28144998848438268 43.82795856059164
decision_type=2 2 2 2 2 2 2 2 2 2 2 2 2 2 2 2 2 2 2 2 2 2 2 2 2 2 2 2 2 2
left_child=-1 -2 -3 9 5 -5 10 8 -8 12 -7 16 13 14 -4 -14 20 18 21 -20 22 -18 27 24 -24 -25 -26 28 29 -9
right_child=1 2 3 4 -6 6 7 11 -10 -11 -12 -13 15 -15 -16 -17 17 -19 19 -21 -22 -23 23 25 26 -27 -28 -29 -30 -31
leaf_value=-0.00079242302388946365 0.010914969601063468 -0.0031452830566223132 0.0033406781160852631 -0.0035382174331718094 -0.0010609790720593065 -1.7715227357664734e-05 0.016504062502443677 4.3600414050462003e-05 -0.00032664118063197251 -0.0029212508743553362 0.0090325938102568306 -0.00038519403400253397 0.00031272271422164437 0.010908861698306788 -0.0071168239978404921 -0.0019372220539644091 -0.0027870580775561735 -0.00084141339042375024 0.0084345343983947725 -8.2392815063420124e-05 0.0049370567597076627 2.0673544648323746e-05 0.0082943005729949892 -0.0016968738395387181 0.0036605804541284927 -0.00036042186253004292 -0.00083031674498152362 -0.00050373827506335739 0.018237074160595435 -0.0013144956447675848
leaf_weight=66 122 65 414 108 165 81 84 391 61 98 72 97 97 104 66 79 62 146 165 129 116 86 158 129 78 220 82 1237 60 308
leaf_count=66 122 65 414 108 165 81 84 391 61 98 72 97 97 104 66 79 62 146 165 129 116 86 158 129 78 220 82 1237 60 308
internal_value=-0.00362842 -0.00341396 -0.00373766 -0.00350857 -0.00444431 -0.00395613 -0.00353066 -0.0040772 0.0077 0.000892236 0.00908228 -0.00458057 0.00265359 0.0052292 0.00259794 -0.0058011 -0.00418298 0.000472175 0.00438479 0.00913043 -0.00516703 -0.00503268 -0.00568028 -0.00151042 0.00541796 -0.00781073 -0.00763636 -0.00706647 -0.00297775 -0.00512074
internal_weight=5146 5080 4958 4893 4035 3870 3762 3609 145 858 153 3464 760 584 480 176 3367 588 442 294 2779 148 2663 667 318 349 160 1996 759 699
internal_count=5146 5080 4958 4893 4035 3870 3762 3609 145 858 153 3464 760 584 480 176 3367 588 442 294 2779 148 2663 667 318 349 160 1996 759 699
is_linear=0
shrinkage=0.035


Tree=91
num_leaves=31
num_cat=0
split_feature=247 213 10 203 50 30 163 199 247 260 80 143 103 199 193 52 148 219 89 260 5 80 193 65 8 215 28 12 240 136
split_gain=12.3704 12.4009 15.4564 25.0217 15.9807 14.0134 13.4363 13.4062 16.3483 13.3903 13.1332 13.0586 12.8362 12.4424 11.1317 16.9577 14.2694 24.1282 18.7214 18.9884 18.2284 19.8544 18.1196 18.5631 17.3319 16.8763 16.222 15.7746 16.6006 13.8931
threshold=636.64999389648449 11.365770242475191 34.37284196234905 0.71518461978990822 247.50000000000003 519.89001464843761 0.025203543357961909 13.141856151848804 600.88500976562511 0.010201571049812293 -5.205585327845589 0.63859999179840099 2.6124500036239628 10.951218736057465 0.63920600286574103 552.25000000000011 1355.5000000000002 -42.250067024759595 19.326697433278341 0.32397447221813086 83.774038817132904 -6.7082634570058799 -0.44064611720082075 0.35265000164508825 -74.673477684738501 -0.056600011885166161 355.50000000000006 11.581884710886575 -3.6356920758018325 3.0495499372482304
decision_type=2 2 2 2 2 2 2 2 2 2 2 2 2 2 2 2 2 2 2 2 2 2 2 2 2 2 2 2 2 2
left_child=1 2 3 4 -1 -3 9 -6 -9 -7 -10 12 -4 -14 15 16 17 20 19 -19 21 -15 23 -18 -24 -23 -25 28 -26 -20
right_child=-2 5 11 -5 7 6 -8 8 10 -11 -12 -13 13 14 -16 -17 22 18 29 -21 -22 25 24 26 27 -27 -28 -29 -30 -31
leaf_value=0.0013122130697832092 -0.00040874954889804336 0.00027178233034936942 0.0018812966738906015 0.010826431674715231 -0.0026541897522254672 5.4352593096438922e-05 -0.0011101757980390332 0.0037461923751053988 -0.0021202466420380257 -0.00047407108234772668 4.1494270035845606e-05 -0.0015569531932719902 -0.00099021406929870664 -0.0014141260539019974 -0.00029278568467476176 0.0029030787543784342 0.003519361860753782 -0.00043305421389719633 -0.0031170393168876475 0.0030518324179970822 0.007344198218822668 -0.0012462851762148363 -0.0021459556606710979 -0.0014500452918286596 0.00012554317212796153 0.0057237862900593522 0.006096917777997638 0.0051766156659895394 -0.0015736075562794701 -0.00048797039879769111
leaf_weight=299 98 72 72 93 62 79 82 145 74 100 76 216 67 72 1557 146 295 68 70 84 178 84 332 208 61 117 62 64 153 60
leaf_count=299 98 72 72 93 62 79 82 145 74 100 76 216 67 72 1557 146 295 68 70 84 178 84 332 208 61 117 62 64 153 60
internal_value=-0.00360124 -0.00335246 -0.00288453 0.00171751 -0.000741301 -0.00983728 -0.0135526 -0.00570442 -0.00245 -0.00779891 -0.0103871 -0.00375472 -0.00326232 -0.00355417 -0.00326189 -0.00156387 -0.00245165 0.00137534 -0.00658537 0.00178344 0.00637061 0.000629496 -0.00483475 -0.000307018 -0.00899187 0.00628641 -0.00687273 -0.0024735 -0.00703196 -0.0160741
internal_weight=5146 5048 4715 749 656 333 261 357 295 179 150 3966 3750 3678 3611 2054 1908 733 282 152 451 273 1175 565 610 201 270 278 214 130
internal_count=5146 5048 4715 749 656 333 261 357 295 179 150 3966 3750 3678 3611 2054 1908 733 282 152 451 273 1175 565 610 201 270 278 214 130
is_linear=0
shrinkage=0.035


Tree=92
num_leaves=31
num_cat=0
split_feature=72 162 87 213 283 197 206 104 163 247 93 207 137 250 163 26 260 195 246 238 133 209 152 234 155 8 204 80 204 26
split_gain=18.1794 12.189 13.3899 14.4617 16.6851 15.0769 12.9188 14.031 12.8584 12.0676 14.7362 12.2612 13.0129 12.0139 12.0094 13.7426 11.9781 11.969 11.6709 10.5692 10.5081 10.0509 9.76369 9.44732 9.34866 8.72934 8.57784 12.0597 11.3307 8.91987
threshold=29.500000000000004 -0.45676765689201898 0.49085000157356268 11.487509990643114 1.0000000180025095e-35 -0.016807072146715455 -0.26436895839003227 1545.0000000000002 0.86862985180661723 594.12002563476574 5902.0000000000009 0.10742387034921935 1108.0000000000002 -2.2873393746763999 0.1416102115474572 1.9957500100135805 0.31274022639037663 0.016841922653737126 0.77626348920705179 -8.6188020495769884 71.429259758093181 13.103149975563641 -0.25367631296817122 0.13566723916280668 0.034069805456169458 -48.021578285745839 0.048780488262601319 -9.1497628453514199 0.061590555016026442 2.3868499994277959
decision_type=2 2 2 2 2 2 2 2 2 2 2 2 2 2 2 2 2 2 2 2 2 2 2 2 2 2 2 2 2 2
left_child=-1 14 3 4 5 13 17 18 9 10 26 12 20 -3 15 22 23 -7 24 -14 -11 -15 -2 -9 -8 -17 27 -4 -28 -29
right_child=1 2 8 -5 -6 6 7 16 -10 11 -12 -13 19 21 -16 25 -18 -19 -20 -21 -22 -23 -24 -25 -26 -27 28 29 -30 -31
leaf_value=-0.00079025927507312137 -0.0012877476678652617 -0.00066075776640284764 0.0055477662784596858 -0.00093465884074978478 0.0097719771416859627 0.0014494176015509175 -0.00034351752044247454 -0.00057503170139262881 -0.0020349003206400853 0.0074969790630988031 0.0061230862437100554 0.00010968589035039168 -0.0025513365916561563 0.0079059414050313727 -0.00025563116377884002 0.0046075962991095594 0.0026183099116494483 -0.00035371475063855867 -0.00010017575795957662 -0.00048122313789104702 -0.00094837411535619572 -0.00012222241194239538 0.0012092220334994786 0.0059187509758545122 -0.0016190731079811986 -0.00040383535602453257 0.0040161897985378911 -0.0020330281145470269 -0.00017260962694439055 -0.00014096118635340994
leaf_weight=110 94 94 92 73 87 121 67 376 94 60 66 148 121 138 404 244 118 120 96 953 72 87 86 74 192 64 64 273 335 223
leaf_count=110 94 94 92 73 87 121 67 376 94 60 66 148 121 138 404 244 118 120 96 953 72 87 86 74 192 64 64 273 335 223
internal_value=-0.00387303 -0.00355485 -0.00435286 -0.00189017 -0.00115556 -0.00204637 -0.00389222 -0.00577047 -0.00596369 -0.00544154 -0.00261342 -0.00762325 -0.00878613 0.00464506 0.000156076 0.00383367 -0.00232112 0.00327236 -0.0111806 -0.0100556 0.00153285 0.00897826 -0.00378378 -0.00492308 -0.0149811 0.00827476 -0.00370464 -0.00637437 0.000259901 -0.00852295
internal_weight=5146 5036 4144 1643 1570 1483 1164 923 2501 2407 1053 1354 1206 319 892 488 568 241 355 1074 132 225 180 450 259 308 987 588 399 496
internal_count=5146 5036 4144 1643 1570 1483 1164 923 2501 2407 1053 1354 1206 319 892 488 568 241 355 1074 132 225 180 450 259 308 987 588 399 496
is_linear=0
shrinkage=0.035


Tree=93
num_leaves=31
num_cat=0
split_feature=126 160 195 4 153 244 27 33 239 23 274 69 2 210 143 222 38 52 2 137 163 150 166 193 246 107 254 136 60 41
split_gain=15.1331 22.4619 20.846 18.4851 27.692 20.3603 23.6616 18.2201 26.7122 23.5792 21.3647 17.802 25.6574 21.2502 17.6298 21.1989 17.2127 16.6547 16.621 19.463 17.4019 19.4746 22.5159 15.2817 14.9413 18.4363 14.7131 15.5465 14.1833 13.7503
threshold=2162.5000000000005 0.026350002735853199 0.017673372199627644 35.477442913249696 0.06921935595400476 0.015300028026103975 4218.5000000000009 0.35854999721050268 8.7519645392014649 4.0675039003437901 0.26430336539080562 -4.3324052484312894 526.76501464843761 0.211261525832658 0.19160000234842303 28.704508651204922 3031.5000000000005 552.25000000000011 489.45500183105474 1615.5000000000002 -0.014350986977365652 0.059250019490718848 0.1573790532058417 0.95962038092332358 0.062176035172960838 529.50000000000011 2.20481800257244 2.1363500356674199 804.50000000000011 529.39001464843761
decision_type=2 2 2 2 2 2 2 2 2 2 2 2 2 2 2 2 2 2 2 2 2 2 2 2 2 2 2 2 2 2
left_child=1 26 7 5 -5 -3 18 9 11 10 17 12 13 -9 -8 -16 -13 29 19 -7 -20 22 -22 -23 -4 -26 27 -1 -21 -2
right_child=2 3 24 4 -6 6 14 8 -10 -11 -12 16 -14 -15 15 -17 -18 -19 20 28 21 23 -24 -25 25 -27 -28 -29 -30 -31
leaf_value=-0.00023321940690542388 0.00047581542275902769 0.00018093364160077176 -0.0016862129066756578 0.00020122284294087913 -0.0027840844957362516 -0.0029904860560848665 0.00033728765942243823 0.002719413167217812 0.011814654677637548 0.0032244025521297901 0.0043649207377498851 -5.6426198510237119e-06 -0.002216572459863547 -0.0021855053616940574 -0.0012880219877574618 -0.00023486937109020169 -0.0035406126931263634 0.0042338214662459347 0.0049650866853047232 -0.00089417415707766356 0.0034575498230568777 -0.00054844771519771667 -0.0030239447724649967 0.00025973671816015818 0.0076987553709468729 -0.00029112019454657608 -0.00017228009940761945 -0.0017046849686746367 0.0085552982199871321 -0.0012062664490062054
leaf_weight=94 72 568 309 106 169 99 82 384 89 312 91 70 64 169 319 116 131 120 89 61 68 218 65 60 69 156 310 296 167 223
leaf_count=94 72 568 309 106 169 99 82 384 89 312 91 70 64 169 319 116 131 120 89 61 68 218 65 60 69 156 310 296 167 223
internal_value=-0.00380509 -0.00548237 -0.00165415 -0.00372035 -0.012125 -0.00248305 -0.0048258 0.000222543 -0.00318531 0.00399757 -0.000684932 -0.00518834 -0.00219453 0.00031362 -0.0106609 -0.0134432 -0.0141019 -0.00408333 -0.00113582 0.00495482 -0.00512871 -0.00816106 0.00278986 -0.0133569 -0.00766234 -0.00076087 -0.010922 -0.0154177 0.010515 -0.00851667
internal_weight=5146 2887 2259 2187 275 1912 1344 1725 907 818 506 818 617 553 517 435 201 415 827 327 500 411 133 278 534 225 700 390 228 295
internal_count=5146 2887 2259 2187 275 1912 1344 1725 907 818 506 818 617 553 517 435 201 415 827 327 500 411 133 278 534 225 700 390 228 295
is_linear=0
shrinkage=0.035


Tree=94
num_leaves=31
num_cat=0
split_feature=115 242 242 160 150 200 175 7 13 45 129 173 64 232 82 137 49 255 27 41 151 147 115 137 256 221 166 193 214 37
split_gain=11.7972 15.7231 16.4415 15.617 13.9833 13.9589 13.8337 13.3462 14.5704 13.4916 25.0814 14.7046 14.685 13.0023 13.3999 19.8113 14.4632 12.3372 13.3473 12.2454 26.3118 25.2441 18.1937 15.7506 15.3676 13.3593 13.3743 14.4761 13.4329 11.6305
threshold=3319.0000000000005 120.39002685701634 108.23356528035329 -0.030549973249435421 0.0058999806642532357 -0.11104997992515563 0.015936895356441633 -13.86444601108173 72.261295176521529 12.55378686998149 479.50000000000006 1.0000000180025095e-35 47.8424037391434 6.569440910534353 5591.5000000000009 7938.5000000000009 4330.5000000000009 4.5352471329701558 2595.0000000000005 529.39001464843761 0.26950000599026686 3.2156000137329106 2662.5000000000005 1443.5000000000002 23.175893549766709 40.553132908925313 0.86258397797663211 -0.60143174538659261 0.042900003492832191 2.2969499826431279
decision_type=2 2 2 2 2 2 2 2 2 2 2 2 2 2 2 2 2 2 2 2 2 2 2 2 2 2 2 2 2 2
left_child=1 2 3 -1 -5 -2 -3 9 -9 10 -6 12 -11 14 15 17 -16 18 -7 20 -12 24 25 -23 -21 -22 27 28 -27 -13
right_child=5 6 -4 4 7 13 -8 8 -10 11 19 29 -14 -15 16 -17 -18 -19 -20 21 22 23 -24 -25 -26 26 -28 -29 -30 -31
leaf_value=-0.000743251987081553 2.6844431198531084e-05 -0.0028858190441218958 0.009965542704798637 0.0093880507930977266 0.0080819692410121647 0.0003596040135445339 0.00010726916527889667 -0.00020903600610448799 -0.0038973736437508968 -0.0028617414563862722 0.0058255458934386327 0.0034827656888017202 0.00036951004485767577 -0.00053429115808005653 0.0063536118031667791 0.0072030672263326831 -5.071855820621807e-05 0.00015666496693583334 -0.00033794890505838286 0.0007431789043047777 0.007493775492302888 0.0089280469304156892 0.0062462834226907219 -0.00021468987614549909 -0.0014245770342988108 -0.0013776134940170976 0.00020527869271190992 -0.0019414726965882706 0.0046187099657540457 -0.001532742496173765
leaf_weight=61 60 123 99 111 162 77 77 126 68 159 121 105 82 1524 61 68 181 82 495 65 114 61 99 133 243 60 80 252 67 130
leaf_count=61 60 123 99 111 162 77 77 126 68 159 121 105 82 1524 61 68 181 82 495 65 114 61 99 133 243 60 80 252 67 130
internal_value=-0.00362842 -0.00196312 -0.00116521 -0.00177734 -0.00127954 -0.00531923 -0.0112683 -0.00192073 -0.0105528 -0.00102941 0.000646375 -0.00611227 -0.0120935 -0.00572804 -0.00252838 -0.00491059 0.00453441 -0.00679818 -0.00861352 -0.000996154 0.00171053 -0.00524655 -0.00103397 0.00457286 -0.0114058 -0.00345156 -0.00610991 -0.00884115 0.000795455 0.000145833
internal_weight=5146 2598 2398 2299 2238 2548 200 2127 194 1933 1457 476 241 2488 964 722 242 654 572 1295 793 502 672 194 308 573 459 379 127 235
internal_count=5146 2598 2398 2299 2238 2548 200 2127 194 1933 1457 476 241 2488 964 722 242 654 572 1295 793 502 672 194 308 573 459 379 127 235
is_linear=0
shrinkage=0.035


Tree=95
num_leaves=31
num_cat=0
split_feature=162 49 137 38 257 124 65 43 153 170 233 71 153 11 125 102 43 60 71 134 189 122 146 137 38 65 72 155 54 276
split_gain=11.7867 14.8219 13.2912 20.903 22.8756 19.5753 26.7485 15.5092 17.7879 30.5267 14.4033 16.1285 12.8177 12.0245 18.5096 11.8922 11.7353 19.2998 14.4977 13.3472 13.8225 11.9398 11.7349 11.2787 11.1796 11.1238 11.1828 10.7067 10.3784 11.981
threshold=0.3486740502134475 7377.0000000000009 2188.5000000000005 1458.0000000000002 6.9622007972246003 -1.5418813296726752 0.38024999201297766 0.20725000649690631 0.15401249634748462 0.029800005257129673 5629.6999511718759 4059.5000000000005 0.02752597583891778 180.84104506769197 3.5283000469207768 -2.307724007705716 0.26485000550746923 1658.0000000000002 5111.5000000000009 0.011182124384012551 14.431634054715479 26.568068549019355 -1.2079911326881863 5885.0000000000009 970.00000000000011 0.37025000154972082 375.50000000000006 0.03704833499120417 0.22694999724626544 -0.22052132118810516
decision_type=2 2 2 2 2 2 2 2 2 2 2 2 2 2 2 2 2 2 2 2 2 2 2 2 2 2 2 2 2 2
left_child=2 13 7 5 16 6 24 -1 12 10 -10 -12 15 -2 -15 28 19 -18 21 -5 -21 -19 -6 -20 -4 26 -3 -14 -9 -30
right_child=1 25 3 4 22 -7 -8 8 9 -11 11 -13 27 14 -16 -17 17 18 23 20 -22 -23 -24 -25 -26 -27 -28 -29 29 -31
leaf_value=0.0041232265893800784 -0.00074154504814402536 0.00018207989008546977 -0.0017398330367242622 -0.0010813705804514049 -0.002348136026304383 0.0053573475251503591 0.00056247119879959066 -0.00077528627399607705 0.0099735186734030753 -0.0018150486831692997 -8.9839585947069095e-05 0.010715635842944495 -0.00049181671143643533 0.0048559969094790342 -0.0008097246390211183 -0.002155953134701947 -0.0012376285766890923 0.012242294300780781 -0.00044130158329172792 0.00099745615992172373 -0.00030425770700764855 0.00011504945363735004 -0.00040160065335181189 0.0010896131442982887 0.0001853249553716563 0.0062275423596520104 -0.00091527672776924116 -0.0027637061625137831 -0.00054325290899533206 0.0028303624004085296
leaf_weight=118 1100 80 157 80 168 104 114 127 70 124 123 64 83 110 95 97 64 67 82 61 679 110 318 61 61 63 92 105 221 348
leaf_count=118 1100 80 157 80 168 104 114 127 70 124 123 64 83 110 95 97 64 67 82 61 679 110 318 61 61 63 92 105 221 348
internal_value=-0.00360124 -0.00616181 -0.00250069 -0.0042703 -0.0060295 0.00253968 -0.00166172 4.7138e-05 -0.00102414 0.00534974 0.0121565 0.00674479 -0.0035142 -0.0076145 0.000166667 -0.00153509 -0.00341605 0.00161954 0.00516923 -0.0057697 -0.00422819 0.0117308 -0.0124033 -0.00307432 -0.00878924 0.00189583 -0.00276836 -0.0116062 9.98573e-05 0.00213415
internal_weight=5146 1540 3606 2126 1690 436 332 1480 1362 381 257 187 981 1305 205 793 1204 384 320 820 740 177 486 143 218 235 172 188 696 569
internal_count=5146 1540 3606 2126 1690 436 332 1480 1362 381 257 187 981 1305 205 793 1204 384 320 820 740 177 486 143 218 235 172 188 696 569
is_linear=0
shrinkage=0.035


Tree=96
num_leaves=31
num_cat=0
split_feature=27 27 214 49 147 27 275 115 242 256 124 213 143 13 27 27 59 160 185 103 27 123 204 200 19 206 38 104 104 209
split_gain=11.5307 11.1411 39.1536 21.3308 20.279 16.7099 14.8126 14.5112 16.0359 19.3207 18.8839 18.6575 28.8331 24.8659 18.8675 19.4811 17.99 25.5674 18.7738 17.952 22.5684 19.2583 18.0162 16.5932 15.0767 14.777 14.2213 22.5848 27.096 20.5604
threshold=13840.500000000002 6485.5000000000009 0.04690001159906388 6086.5000000000009 2.3530000448226933 6189.0000000000009 1.5851584008086397 3954.0000000000005 19.872324461177339 27.787681362807039 -2.2269243326487476 10.569469056774599 0.48264999687671667 128.59113560102529 5379.0000000000009 4649.5000000000009 3.4014499187469487 0.052700005471706397 0.011138182346957412 3.1462500095367436 740.00000000000011 0.010549442748017966 0.025869755652398182 -0.026399992406368252 506.50000000000006 0.071913759477527442 1504.0000000000002 1539.5000000000002 1907.0000000000002 11.90337143774765
decision_type=2 2 2 2 2 2 2 2 2 2 2 2 2 2 2 2 2 2 2 2 2 2 2 2 2 2 2 2 2 2
left_child=1 5 3 4 -3 7 -5 8 -1 10 -10 16 13 14 15 23 19 18 -18 20 -11 22 -21 -13 -22 -23 -9 29 -29 -28
right_child=-2 2 -4 6 -6 -7 -8 26 9 11 -12 12 -14 -15 -16 -17 17 -19 -20 21 24 25 -24 -25 -26 -27 27 28 -30 -31
leaf_value=0.0095498887001869408 -0.0015399782712999484 0.012941574738104556 -0.00084381982846450381 -0.00026267246233353054 0.00072753401833955357 -0.00168468397207435 0.0015786430915529363 5.8407041348029213e-05 -0.002038126508880282 -0.0015070032780622042 -0.00046886853358700975 0.0033826035241660982 0.012982393676656026 -0.0021278243139211143 -0.0033253382601612096 0.017995775728156551 -4.5944670890855917e-05 -0.001511653902304204 0.0093141762706320849 -0.0011159714380619319 0.0065120311887894803 -0.0017232178040376496 0.0031062371888672599 -0.0043009552735740067 -0.0011023961855331488 -5.4179479548792932e-05 -0.00018555894271145404 0.0044497925070238944 -0.00039554036715740512 -0.0010443625006579672
leaf_weight=65 113 73 280 184 224 120 75 296 83 78 113 267 100 105 63 116 143 82 129 98 200 391 92 70 89 104 186 134 712 361
leaf_count=65 113 73 280 184 224 120 75 296 83 78 113 267 100 105 63 116 143 82 129 98 200 391 92 70 89 104 186 134 712 361
internal_value=-0.00369637 -0.00343886 0.000249703 0.00561497 0.0119371 -0.00417301 -0.00172348 -0.00378123 -0.00201839 -0.00251074 -0.0128856 -0.00152674 0.00303719 0.000167732 0.00335893 0.00588428 -0.0038696 0.00292479 0.00808664 -0.00615894 9.4086e-05 -0.00948551 0 0.00153509 0.00464286 -0.01309 -0.00626033 -0.00773605 -0.00411281 -0.0132518
internal_weight=5146 5033 836 556 297 4197 259 4077 2388 2323 196 2127 721 621 516 453 1406 354 272 1052 367 685 190 337 289 495 1689 1393 846 547
internal_count=5146 5033 836 556 297 4197 259 4077 2388 2323 196 2127 721 621 516 453 1406 354 272 1052 367 685 190 337 289 495 1689 1393 846 547
is_linear=0
shrinkage=0.035


Tree=97
num_leaves=31
num_cat=0
split_feature=27 72 172 213 27 214 21 91 232 6 150 126 252 148 48 150 35 129 53 8 143 242 13 27 67 9 94 69 260 21
split_gain=11.5013 10.4837 9.9667 12.8213 13.7015 29.1742 15.6906 18.8252 15.083 12.7681 17.683 27.0839 23.9095 16.0237 15.7996 19.2434 14.6847 17.6908 17.845 15.5219 14.3803 16.6076 16.9653 18.2903 19.4834 22.1497 14.3315 12.8527 12.2459 11.9603
threshold=13840.500000000002 29.500000000000004 0.62773825257888316 11.381015599432567 6485.5000000000009 0.04690001159906388 0.17445000261068347 -3.0717405034783916 14.347853704655968 -20.643133468823564 0.042900003492832191 2162.5000000000005 3.6158632886607038 3740.0000000000005 3.3105499744415288 0.023450002074241642 0.027783152134823148 524.89001464843761 -71.762911929042488 -67.419073994151233 0.65500000119209301 99.997225831558197 48.881698118816765 3073.5000000000005 10.813065575726517 40.303978496383017 624.50000000000011 -10.255264737506581 -0.01324894695768287 0.185249999165535
decision_type=2 2 2 2 2 2 2 2 2 2 2 2 2 2 2 2 2 2 2 2 2 2 2 2 2 2 2 2 2 2
left_child=1 -1 3 4 9 6 7 -6 -9 10 11 12 -3 14 15 -13 -12 18 -18 -19 21 22 23 -11 25 -25 -27 -24 -5 -29
right_child=-2 2 -4 28 5 -7 -8 8 -10 20 16 13 -14 -15 -16 -17 17 19 -20 -21 -22 -23 27 24 -26 26 -28 29 -30 -31
leaf_value=-0.00061058090660598863 -0.001486079031804451 -0.0017147383238656771 -0.00087065084136171093 -3.8631973237774344e-05 0.0087999146187340144 -0.0010409549863388641 -0.00051634505546478313 -0.00055015466996005907 0.0030734810028521637 0.0063852234855569911 -0.0010192920324059321 0.0076121654132542552 0.0001415042970025439 -0.0016043786462664501 0.0057236757517866643 -0.0013372597582296849 -0.001490843245233043 -0.00032718029207589103 0.0062216716413203386 0.0032420508441095195 -0.0021814827798566617 0.0032737299732437603 0.00032739790200314979 0.011036893987426001 -0.0021885477500045675 3.7751863965218572e-05 -0.0019924624041513473 -0.00056371004295903881 -0.00062975066613099985 0.00026684684749075043
leaf_weight=107 113 222 412 115 185 209 91 76 60 125 320 86 70 153 101 90 85 380 488 139 70 79 100 66 66 129 63 758 127 61
leaf_count=107 113 222 412 115 185 209 91 76 60 125 320 86 70 153 101 90 85 380 488 139 70 79 100 66 66 129 63 758 127 61
internal_value=-0.00370996 -0.00345276 -0.00320827 -0.00272627 -0.00227496 0.00251597 0.00788969 0.0114877 0.00148936 -0.00309218 -0.00134175 -0.00577717 -0.0139057 -0.00016092 0.00484043 -0.00154696 0.000938603 0.00287147 0.00708478 -0.00180344 -0.00554205 -0.00474862 -0.00565914 -7.70925e-05 -0.00446809 0 -0.00604061 -0.00837121 -0.0104858 -0.00981189
internal_weight=5146 5033 4926 4514 4272 621 412 321 136 3651 2134 722 292 430 277 176 1412 1092 573 519 1517 1447 1368 449 324 258 192 919 242 819
internal_count=5146 5033 4926 4514 4272 621 412 321 136 3651 2134 722 292 430 277 176 1412 1092 573 519 1517 1447 1368 449 324 258 192 919 242 819
is_linear=0
shrinkage=0.035


Tree=98
num_leaves=31
num_cat=0
split_feature=30 160 244 163 86 163 92 183 163 1 136 190 19 173 11 80 203 82 27 242 270 104 181 60 163 4 60 242 153 19
split_gain=15.3907 13.4477 13.3188 12.1561 12.1672 11.5625 20.8034 19.7878 17.4873 23.9749 23.1446 23.7168 13.5611 15.824 23.1634 17.6166 15.6283 16.7733 15.3131 14.2632 20.7158 20.0368 18.8848 31.7885 26.1983 24.282 15.2622 14.0303 19.0082 17.2279
threshold=565.50000000000011 -0.030549973249435421 -0.014300003647804259 0.88985174415636459 0.62632127240891411 -0.43045058354451987 3.7267999649047856 -0.51762307312385081 -0.14379873185264877 657.50000000000011 3.0360499620437627 -0.0092500001192092878 522.50000000000011 -0.081404870497708073 48.604880769113379 -4.1638949021252101 -0.055426826294908936 3868.0000000000005 9784.5000000000018 47.37640909271358 87.296084417481453 3752.5000000000005 0.51167498528957378 1834.0000000000002 0.35537438474428723 13.122774495574571 2504.0000000000005 33.069676996265642 0.19481852736159713 527.75000000000011
decision_type=2 2 2 2 2 2 2 2 2 2 2 2 2 2 2 2 2 2 2 2 2 2 2 2 2 2 2 2 2 2
left_child=1 -1 -3 5 -5 6 -4 -8 9 -7 11 -11 19 15 -15 -14 17 -16 27 21 -21 -10 24 -24 -22 -26 -25 28 -18 -29
right_child=-2 2 3 4 -6 8 7 -9 12 10 -12 -13 13 14 16 -17 18 -19 -20 20 22 -23 23 26 25 -27 -28 29 -30 -31
leaf_value=-0.00073644528185244651 -0.0003494532027662567 0.009625912762027674 -0.0017255482769034664 -0.0014510728688243665 -0.00011069826154621196 -0.0014391342372058191 0.0026556334530612458 -0.0010662738258807281 -0.00246922088848116 0.00043144813439185254 0.0057720898496070629 -0.001245951196538443 -0.0014786865488860058 0.0086973853171752793 0.005860943791136242 -4.7454067109214409e-05 -0.00028318061303660245 -0.00013221100029450761 -0.0021180299153152186 0.0030355529667983982 -0.0054870026044675779 0.0011895508438495618 -0.0011644125362089209 0.013108660212307624 0.0084975705030506735 -0.0025513525730548304 0.0041949348212664507 9.9311557963829855e-05 0.0049810313208770831 -0.00039567482113039349
leaf_weight=66 119 88 250 104 73 83 178 135 128 443 204 129 269 93 83 113 348 124 78 383 159 64 215 71 78 75 93 161 172 567
leaf_count=66 119 88 250 104 73 83 178 135 128 443 204 129 269 93 83 113 348 124 78 383 159 64 215 71 78 75 93 161 172 567
internal_value=-0.00388662 -0.00358207 -0.00336186 -0.00360906 -0.0125 -0.00326101 -0.00794894 -0.00187107 -0.00261358 0.00182292 0.0037644 0.000121317 -0.00377859 -0.00556384 -0.00403433 -0.011938 -0.00507477 0.00379717 -0.00646882 -0.000936271 0.000648749 -0.00959391 -0.00296695 0.00227865 -0.00927445 0.00110759 0.0136686 -0.00547486 -0.00106667 -0.00859482
internal_weight=5146 5027 4961 4873 177 4696 563 313 4133 859 776 572 3274 2008 1626 382 1533 207 1326 1266 1074 192 691 379 312 153 164 1248 520 728
internal_count=5146 5027 4961 4873 177 4696 563 313 4133 859 776 572 3274 2008 1626 382 1533 207 1326 1266 1074 192 691 379 312 153 164 1248 520 728
is_linear=0
shrinkage=0.035


Tree=99
num_leaves=31
num_cat=0
split_feature=160 150 10 255 170 150 193 260 110 184 163 102 102 57 137 13 242 8 146 225 260 9 33 6 183 242 115 113 92 160
split_gain=11.62 13.3188 16.5426 19.2 14.967 16.7007 17.0731 16.9367 19.6261 27.3476 17.8244 18.0882 28.6786 13.0723 12.7887 14.2035 30.2644 18.4848 21.2071 17.1191 16.5718 17.8587 16.3467 14.1633 13.6447 13.5704 13.233 12.0734 19.8489 13.8254
threshold=-0.030549973249435421 0.0058999806642532357 42.082852222406622 2.515507891179269 0.014699999243021013 0.060999996960163123 0.8524310840772259 -0.070528329579578428 0.23444999754428866 -0.046613544802368512 -0.14379873185264877 -6.0376294738822756 -2.6783918946049554 0.022347078076170413 11731.000000000002 43.606974713110482 47.37640909271358 -54.98405135217677 -0.93908645934479262 0.089986981315028067 -0.120616857954721 151.80196072673183 0.27365000545978552 -24.798748203812142 0.54858109549133804 65.528409048788049 2219.5000000000005 -1.5032600939451257 3.8042500019073491 0.03320001810789109
decision_type=2 2 2 2 2 2 2 2 2 2 2 2 2 2 2 2 2 2 2 2 2 2 2 2 2 2 2 2 2 2
left_child=-1 2 -2 -4 -3 6 7 27 9 -9 -10 -12 -13 -8 15 24 22 18 19 23 -20 25 -17 26 -7 -22 -18 28 -6 -30
right_child=1 4 3 -5 5 14 13 8 10 -11 11 12 -14 -15 -16 16 17 -19 20 -21 21 -23 -24 -25 -26 -27 -28 -29 29 -31
leaf_value=-0.00071066969698761035 0.016002565063850675 -0.00043720656725193459 0.012660972266318429 -0.0016281697172652525 -0.0017261826848408454 -0.00012725108886925131 0.00014748048857179204 0.0029263228978496183 0.00948029355861452 -0.00078186804627460927 0.0090970016542929119 -0.0012840629133658451 0.005799869910260525 -0.0006295110707545793 0.0052284122911132299 -0.00028796209405844349 -0.0011395838934297727 -0.00045838184515804159 0.0021049687826199485 0.0043493067090963544 -0.00024197978922008297 0.0013749035786456679 -0.0014404009603011742 -0.0012100159499131918 0.008953111673591552 -0.0030093199256132079 0.017034302566599612 -0.0021564177249589777 0.012684662639801577 -7.8220812123325843e-05
leaf_weight=66 77 1242 60 60 138 113 70 139 154 244 71 218 97 295 89 194 71 192 109 232 174 98 254 120 71 205 61 97 63 72
leaf_count=66 77 1242 60 60 138 113 70 139 154 244 71 218 97 295 89 194 71 192 109 232 174 98 254 120 71 205 61 97 63 72
internal_value=-0.0036556 -0.00345526 0.00537129 -0.0028 -0.00381649 -0.00267828 -8.41852e-05 0.00180663 0.00433728 -0.00171392 0.0086055 0.0044757 0.000765625 -0.00671622 -0.00484155 -0.0054555 -0.00644898 -0.00364641 -0.00182326 0.00357873 -0.0062775 -0.00907676 -0.0142163 -0.00272374 0.0037037 -0.012487 0.00510949 -0.00448 -0.000629496 0.00875
internal_weight=5146 5080 197 120 4883 3641 1658 1293 923 383 540 386 315 365 1983 1894 1710 1262 1070 484 586 477 448 252 184 379 132 370 273 135
internal_count=5146 5080 197 120 4883 3641 1658 1293 923 383 540 386 315 365 1983 1894 1710 1262 1070 484 586 477 448 252 184 379 132 370 273 135
is_linear=0
shrinkage=0.035


Tree=100
num_leaves=31
num_cat=0
split_feature=160 244 249 170 150 244 255 79 244 206 243 170 221 17 31 4 218 160 25 245 27 218 163 66 2 25 244 195 110 1
split_gain=11.3921 13.7257 11.0055 11.8521 12.8401 18.7942 19.7226 18.0022 17.1161 14.2863 12.8754 15.3391 12.4889 12.6262 12.2951 12.0553 11.2502 10.7898 13.6668 10.3689 10.3048 14.6246 16.8695 15.8337 22.6145 28.6054 22.1422 18.5418 15.7984 14.6137
threshold=-0.030549973249435421 -0.017149984836578366 0.18939237617032759 0.01514999568462372 0.058599986135959632 0.019700013101100925 -0.72801389551291329 0.014302748468561376 0.014100011438131334 0.090944088267613479 7.7089598096266458 0.018100000917911533 4.9957594834802741 22.756653188299449 -57.53592713936883 -45.232364453419144 27.925581592396675 0.035150013864040382 -9.8674532231735466 0.010776247901273907 6076.5000000000009 14.758503393419117 0.5296752790248872 0.27464999258518225 515.29498291015636 -8.5784451504140034 0.020000007003545765 0.011131021040158876 0.28729999065399175 712.50000000000011
decision_type=2 2 2 2 2 2 2 2 2 2 2 2 2 2 2 2 2 2 2 2 2 2 2 2 2 2 2 2 2 2
left_child=-1 -2 3 12 5 6 19 -8 9 14 11 -9 -3 15 -6 -14 -17 18 -7 -5 21 29 23 26 25 27 -23 -25 -24 -10
right_child=1 2 -4 4 8 17 7 10 20 -11 -12 -13 13 -15 -16 16 -18 -19 -20 -21 -22 22 28 24 -26 -27 -28 -29 -30 -31
leaf_value=-0.00068579625759304327 0.0097738611950323757 0.0035055473449587108 4.2035461803480172e-07 4.2353084262308772e-05 -0.0013599620365963758 0.0053557463129727343 0.0072008576751800496 -0.000667399308239641 -7.0120655237582162e-06 0.0053033267799347033 -0.0020707409152480299 0.0015941124886585604 -0.0012134335005158298 0.00021469242969329117 0.0032856714875336823 -0.00048394130407508536 1.7850944468290055e-05 0.007619595286938315 -0.0007741021805660359 -0.0011090177451989448 -0.0010547470820384854 -0.0003736426981420743 -0.0011191198506321583 0.0098538996711178342 -0.0016961730460074388 -0.0018434436729987535 0.0034434662180231742 0.00030706191944881891 -0.00029883491431299401 -0.00089792238217417284
leaf_weight=66 68 68 784 107 136 74 94 114 143 67 106 205 349 89 98 508 175 124 105 282 293 71 70 66 103 126 167 115 116 257
leaf_count=66 68 68 784 107 136 74 94 114 143 67 106 205 349 89 98 508 175 124 105 282 293 71 70 66 103 126 167 115 116 257
internal_value=-0.0037915 -0.00359292 -0.00380905 -0.00451453 -0.00334593 -0.000546875 -0.00306681 0.00140267 -0.00519367 0.00240196 -0.0017093 0.00183642 -0.00747487 -0.00836146 -0.00175732 -0.00945034 -0.00666424 0.00693182 0.00133152 -0.00897208 -0.00669386 -0.00525424 -0.00258641 0.000107198 -0.00404819 0.000785256 0.00720165 0.00959677 -0.0117277 -0.010716
internal_weight=5146 5080 5012 4228 3039 1211 908 519 1828 301 425 319 1189 1121 234 1032 683 303 179 389 1527 1234 834 648 410 307 238 181 186 400
internal_count=5146 5080 5012 4228 3039 1211 908 519 1828 301 425 319 1189 1121 234 1032 683 303 179 389 1527 1234 834 648 410 307 238 181 186 400
is_linear=0
shrinkage=0.035


Tree=101
num_leaves=31
num_cat=0
split_feature=160 41 148 151 137 232 10 72 132 222 129 68 153 138 203 10 213 242 156 49 71 153 137 213 199 56 151 170 45 13
split_gain=11.3241 12.8598 21.7474 18.9205 17.0423 17.0649 22.1649 15.9617 14.008 13.0665 13.766 15.3234 15.6326 12.208 12.1608 12.5843 16.9408 15.8408 11.6979 11.955 11.7709 13.7002 13.1449 11.1507 15.0074 15.5333 23.709 15.036 21.8173 14.2067
threshold=-0.030549973249435421 529.39001464843761 19.500000000000004 0.23870000615715983 1252.5000000000002 6.569440910534353 118.99275198639496 34.500000000000007 0.3546500056982041 27.992533993887431 533.50000000000011 0.040408155363036144 -0.16525722270738238 4.5000000000000009 0.97398611457517392 35.518973783656783 10.614842875605644 83.539917129547959 -0.68640631924949058 2621.5000000000005 4359.0000000000009 0.075728444410722337 5885.0000000000009 9.9409998956005072 14.234302460794805 12.174056739806463 0.42047500610351568 0.014699999243021013 8.0909927503234247 95.891394574120696
decision_type=2 2 2 2 2 2 2 2 2 2 2 2 2 2 2 2 2 2 2 2 2 2 2 2 2 2 2 2 2 2
left_child=-1 2 -2 -4 8 6 9 -5 -3 10 -6 12 -12 -14 15 16 17 -9 -7 -20 -21 22 -22 -17 25 27 -27 28 -25 -28
right_child=1 4 3 7 5 18 -8 14 -10 -11 11 -13 13 -15 -16 23 -18 -19 19 20 21 -23 -24 24 -26 26 29 -29 -30 -31
leaf_value=-0.00066179338857728757 -0.00077910019224081508 0.0062659803179680208 0.0056064150825218808 -0.0023255580463156745 -0.00035993493161934402 -0.00088645413519242557 -0.00056824388264707908 -0.0012900658267251386 -0.00063016557745913175 0.0058992664762247569 -0.0005941416682724341 -0.00043916372209882373 -0.00015865350792403644 0.00044700790051284222 0.0036861087398756148 -0.00063617316992157125 0.0068943922725860207 0.0052787819207324423 0.0003143915977578832 -0.0011542265372398001 -0.00068376031241045444 0.00038869887824667383 6.4041394623234337e-05 -0.0027645665726984295 -0.00090222889924390431 -0.0020058681956849856 -0.0023334277861323375 0.0037962414995542748 0.0028223147203057177 0.0032321708129316234
leaf_weight=66 142 114 97 76 202 419 72 160 64 92 82 83 74 276 80 211 127 100 84 190 163 173 69 75 773 173 69 426 97 317
leaf_count=66 142 114 97 76 202 419 72 160 64 92 82 83 74 276 80 211 127 100 84 190 163 173 69 75 773 173 69 426 97 317
internal_value=-0.00383227 -0.00363422 -0.00211578 -0.0014196 -0.00568224 -0.00661542 -0.00296275 -0.00197843 0.00459016 -0.00124693 -0.00286011 0.000201923 0.0028833 0.00611268 -0.00150019 -0.00193447 0.00383929 -0.00132075 -0.00951949 -0.00660088 -0.00834167 -0.00486585 -0.0103376 -0.00298462 -0.00213437 0.000391566 -0.00378546 0.00429519 -0.00435028 0.00107417
internal_weight=5146 5080 2923 2781 2157 1979 881 2684 178 809 717 515 432 350 2608 2528 387 260 1098 679 595 405 232 2141 1930 1157 559 598 172 386
internal_count=5146 5080 2923 2781 2157 1979 881 2684 178 809 717 515 432 350 2608 2528 387 260 1098 679 595 405 232 2141 1930 1157 559 598 172 386
is_linear=0
shrinkage=0.035


Tree=102
num_leaves=31
num_cat=0
split_feature=7 260 162 207 60 242 136 223 20 213 41 221 126 89 193 146 59 170 109 150 123 242 93 242 113 16 200 83 247 234
split_gain=12.3001 16.2457 11.1518 11.5077 15.716 13.2019 22.0999 20.4153 18.2568 18.2548 16.599 19.8005 22.2082 17.5048 17.3 16.2006 15.4639 22.8564 15.0309 14.6838 15.845 14.2214 16.8948 16.9619 20.0161 14.9616 14.9286 12.5624 12.2373 11.4138
threshold=8.8017225497310889 0.40810433129743906 -0.37861838311461554 0.093579721955087167 9764.5000000000018 47.37640909271358 2.8530499935150151 18.171027765497076 42.975409722736401 10.609958081718426 529.39001464843761 59.420445983473378 3986.0000000000005 24.066237993687828 -0.52179765030027636 -1.4111876339644731 3.3411000967025761 0.025400005280971531 0.63934999704360973 0.089050009846687331 0.014091609844878341 40.697675299324594 10067.000000000002 31.113547069951153 -1.6579923068838984 -3.6469866889127229 -0.040849998593330376 383.50000000000006 554.01498413085949 0.066443075917854713
decision_type=2 2 2 2 2 2 2 2 2 2 2 2 2 2 2 2 2 2 2 2 2 2 2 2 2 2 2 2 2 2
left_child=2 -2 -1 4 5 6 8 21 27 15 11 -11 13 -13 -14 -7 19 18 -18 28 -21 22 23 24 -8 -26 -25 -4 -17 -5
right_child=1 -3 3 29 -6 9 7 -9 -10 10 -12 12 14 -15 -16 16 17 -19 -20 20 -22 -23 -24 26 25 -27 -28 -29 -30 -31
leaf_value=-1.5378851353195224e-05 0.00047312317128660799 -0.0015338667053641907 -4.6371480954715555e-05 0.00048669551252884363 -0.001029197095090412 0.0003815359294288129 0.0003003394386555625 0.0022981431004517206 -0.0019878974758914284 0.013124570046187486 -0.00024547449577449256 0.014687272403355961 0.00017176087052278829 -0.00013184129382369433 -0.0039098278517237491 -0.00093620180645724257 -0.00054850316705168422 -0.0007989717615317039 0.010606405828573929 0.0060381002825513732 -0.0034492144792718773 -0.00070392581526356141 -0.0014404296216271877 -0.00016753950075421104 0.00010643975836486742 -0.0026678067426539852 0.0092815730882781951 -0.0012925981666297892 -0.001656311596146717 -0.00060847928213675882
leaf_weight=1103 60 98 233 275 252 303 163 113 236 136 151 101 68 148 73 124 70 163 97 64 60 165 63 70 67 115 98 129 282 66
leaf_count=1103 60 98 233 275 252 303 163 113 236 136 151 101 68 148 73 124 70 163 97 64 60 165 63 70 67 115 98 129 282 66
internal_value=-0.00383227 -0.0133129 -0.00351893 -0.00439974 -0.00499014 -0.00433121 -0.00682224 -0.00317811 -0.0119569 -0.0023523 0.00220674 0.00514124 0.00106329 0.00730315 -0.00982877 -0.00500428 -0.00744509 -0.00146269 0.00752907 -0.0111215 -0.000542636 -0.00530161 -0.0026506 -0.000472973 -0.0049 -0.0127273 0.00849711 -0.00686649 -0.0143066 0.00171965
internal_weight=5146 158 4988 3885 3544 3292 1452 854 598 1840 677 526 390 249 141 1163 860 330 167 530 124 741 576 513 345 182 168 362 406 341
internal_count=5146 158 4988 3885 3544 3292 1452 854 598 1840 677 526 390 249 141 1163 860 330 167 530 124 741 576 513 345 182 168 362 406 341
is_linear=0
shrinkage=0.035


Tree=103
num_leaves=31
num_cat=0
split_feature=82 37 183 150 200 146 81 233 30 41 211 118 150 80 93 22 150 213 67 46 104 148 60 163 108 91 183 257 27 245
split_gain=9.69493 20.5408 15.7627 22.9177 14.9846 12.5432 12.3624 11.3933 14.0099 20.2257 17.159 20.9003 17.614 15.7008 15.5929 22.8044 15.3605 16.6214 20.6637 15.3181 17.2975 22.9485 19.5103 18.7352 18.2237 16.911 18.6167 15.3734 13.5087 14.689
threshold=294.00000000000006 2.5890499353408818 0.87953792935376518 0.063400007784366622 -0.049800001084804528 -1.2802949102821983 5.0241498947143564 5383.9099121093759 467.25000000000006 478.50000000000006 -0.75117559591340588 479.50000000000006 0.08705002069473268 -7.5369401127134816 2236.5000000000005 0.60189998149871837 0.039999995380640037 10.554014244196681 15.049939078858801 0.015325926630641968 1539.5000000000002 2442.5000000000005 3904.5000000000005 0.2394276007258114 -18.494927060949681 -2.9720224934814672 0.13490997431639576 7.0897258513393799 1823.0000000000002 0.11771085727459253
decision_type=2 2 2 2 2 2 2 2 2 2 2 2 2 2 2 2 2 2 2 2 2 2 2 2 2 2 2 2 2 2
left_child=1 4 6 -4 5 -1 7 -2 13 -10 -11 -12 16 -9 15 -15 17 -13 -19 -18 22 25 -21 28 -24 27 -27 -22 -23 -30
right_child=2 -3 3 -5 -6 -7 -8 8 9 10 11 12 -14 14 -16 -17 19 18 -20 20 21 23 24 -25 -26 26 -28 -29 29 -31
leaf_value=0.0001653207626189439 -0.0024715507479951466 0.0014372307085069305 -0.00067928841172933639 0.0084711474502157137 -0.0011114734870708472 -0.00098464866816636454 -0.00087061228898926404 0.007282354283185891 -0.0028457614201275157 0.013681237020654732 0.010263296770252055 -0.0012554557246329729 -0.00062174966247968645 -0.0013353885853658071 0.0042235122111289845 0.014880868648930214 -0.0022707485078392086 -0.00033735220752216717 0.0028239443255990162 -9.3172509410183749e-05 0.00481264967001796 -0.0022716443761470312 -0.00016738086413014999 -0.0015860368519079566 -0.0013044356453777851 0.0020426507293121315 -0.00077233960374650367 -0.00010837634209199519 0.0020122803960618925 -0.00054158924931883433
leaf_weight=61 183 77 91 104 191 88 106 118 109 71 65 235 395 142 104 62 112 543 120 454 380 66 65 80 81 134 216 140 279 274
leaf_count=61 183 77 91 104 191 88 106 118 109 71 65 235 395 142 104 62 112 543 120 454 380 66 65 80 81 134 216 140 279 274
internal_value=-0.00361483 -0.00870853 -0.00315695 0.006475 -0.0123768 -0.00386364 -0.00357788 -0.00328446 -0.00290706 -0.00357871 -0.00312786 -0.00346734 -0.00383347 0.00308585 -0.00111821 -0.00669856 -0.00295697 -0.00682171 -0.00392964 -0.00142388 -0.00075667 0.00117853 -0.00578512 -0.00352983 -0.0166887 0.00496 -0.000985915 0.00893333 -0.00140224 0.000439068
internal_weight=5146 417 4729 195 340 149 4534 4428 4245 3819 3710 3639 3574 426 308 204 3179 898 663 2281 2169 1569 600 699 146 870 350 520 619 553
internal_count=5146 417 4729 195 340 149 4534 4428 4245 3819 3710 3639 3574 426 308 204 3179 898 663 2281 2169 1569 600 699 146 870 350 520 619 553
is_linear=0
shrinkage=0.035


Tree=104
num_leaves=31
num_cat=0
split_feature=160 244 129 163 91 126 97 71 257 199 232 60 235 207 14 8 136 242 256 5 162 116 259 54 249 245 182 246 33 16
split_gain=13.5315 13.236 11.1213 9.83695 21.3769 19.3174 13.4893 12.5029 13.4632 10.7471 11.9549 13.4879 9.19228 9.24471 12.987 11.8426 16.1347 11.9645 24.2614 16.0487 11.3888 13.8063 13.0338 14.2303 12.273 12.4847 15.585 14.7338 12.56 16.842
threshold=-0.030549973249435421 -0.017149984836578366 566.50000000000011 0.71898929217989549 -5.7962491310992839 32.500000000000007 -3.8736611386619431 9185.0000000000018 7.4710893176544682 15.829099010362958 15.972321007712289 2860.0000000000005 0.75690003939088435 0.088505132829120134 -0.18271163906180551 -44.865233269395937 2.16159999370575 36.394660951303699 32.047743854879251 39.826158896466382 -0.37861838311461554 61.500000000000007 0.054313805348716625 0.22224999964237216 0.24494521841555986 0.11959855961574341 -0.37201687837484271 -0.57176082731056865 0.34810000658035284 12.052751792376306
decision_type=2 2 2 2 2 2 2 2 2 2 2 2 2 2 2 2 2 2 2 2 2 2 2 2 2 2 2 2 2 2
left_child=-1 -2 3 7 -5 -6 -7 9 -9 12 11 -11 13 15 -15 20 -17 18 19 -18 -3 22 -22 -24 25 26 -23 -28 29 -27
right_child=1 2 -4 4 5 6 -8 8 -10 10 -12 -13 -14 14 -16 16 17 -19 -20 -21 21 24 23 -25 -26 28 27 -29 -30 -31
leaf_value=-0.001058316078861277 0.0091410071327655031 0.0001457225353135383 -0.0004364243261224488 0.00022246445960906971 1.230341542001856e-05 -0.00044371149725772193 -0.0020572954482965464 0.00049038336277259457 -0.00045413277802656976 0.00056413063529751287 -0.0018604482146682289 -0.00036609352205238034 0.0025416221414694632 0.0036029928549361576 -1.378492487938532e-05 0.00011015890024351592 -0.00011105729730702785 -0.0010246373538313866 0.0075311517233982031 -0.0015288073144584611 -0.00040360502845478114 0.0054220833318144486 0.00014760711365892229 -0.0017668400161086875 -0.0022416102099645906 -0.00022805187748525135 -0.0013955708904330967 0.00024392619037358289 -0.0020341137140991615 0.0046939653064783622
leaf_weight=66 68 647 76 103 98 96 147 189 96 66 128 200 79 69 240 89 127 122 62 100 491 125 78 403 91 284 80 424 230 72
leaf_count=66 68 647 76 103 98 96 147 189 96 66 128 200 79 69 240 89 127 122 62 100 491 125 78 403 91 284 80 424 230 72
internal_value=-0.00353329 -0.0033176 -0.00353 -0.00331512 -0.00826281 -0.0124422 -0.0176411 -0.00281743 0.00422414 -0.00329891 -0.00877193 -0.00439114 -0.00272263 -0.00297673 0.00278662 -0.0035 -0.00845545 -0.0113582 -0.0072619 -0.0125216 -0.00263993 -0.00380201 -0.00694985 -0.0110185 -0.00144165 -0.000487705 0.00292587 0.000137525 -0.00414552 0
internal_weight=5146 5080 5012 4936 444 341 243 4492 285 4207 394 266 3813 3734 309 3425 500 411 289 227 2925 2278 972 481 1306 1215 629 504 586 356
internal_count=5146 5080 5012 4936 444 341 243 4492 285 4207 394 266 3813 3734 309 3425 500 411 289 227 2925 2278 972 481 1306 1215 629 504 586 356
is_linear=0
shrinkage=0.035


Tree=105
num_leaves=31
num_cat=0
split_feature=160 137 74 19 19 49 9 203 223 260 121 140 126 88 114 112 12 43 124 10 156 195 13 61 88 58 119 135 241 47
split_gain=13.6055 14.1179 12.8765 12.5261 19.6674 18.4192 18.8219 17.0997 15.7694 18.3229 16.2977 15.5321 13.5684 12.3305 11.6704 12.7014 11.6096 18.4425 12.7459 12.0807 11.5368 15.0866 14.6994 14.6942 12.0145 15.1731 14.53 12.9894 12.897 12.7648
threshold=-0.030549973249435421 63.500000000000007 435.00000000000006 486.50000000000006 489.50000000000006 10446.000000000002 -11.845820019743416 0.93529572087060275 11.749149842603098 -0.075110738089092091 0.36834999918937689 491.50000000000006 5649.5000000000009 0.66339999437332164 3.7299998998641972 0.013269015140975015 15.172344881615178 0.21085000038146975 -1.4109159412546288 79.376619286096101 -0.43629018179418239 0.017302867166674497 38.06454626569964 23.500000000000004 0.16274999827146533 -5.3447408324975667 17.433618573720057 -1.9447202749751804 -2.0934749406631421 -7.5306125463515654
decision_type=2 2 2 2 2 2 2 2 2 2 2 2 2 2 2 2 2 2 2 2 2 2 2 2 2 2 2 2 2 2
left_child=-1 -2 -3 7 -5 6 12 8 9 -4 -10 -8 -6 14 15 -12 20 -18 19 -19 24 23 -23 -22 -13 26 27 -26 29 -29
right_child=1 2 3 4 5 -7 11 -9 10 -11 13 16 -14 -15 -16 -17 17 18 -20 -21 21 22 -24 -25 25 -27 -28 28 -30 -31
leaf_value=-0.0010212750161011312 0.0088360004787530529 -0.0025352370956944685 -0.0014860464646629028 -0.0033846290188246277 0.012143712107834773 -0.00089172946726178987 0.0037822768948990973 -0.002041826216747289 -0.0031256573510712502 0.0090031523383411177 0.0063148951173792409 3.3296075028807495e-05 -0.00058557978825274977 -0.0039957582964538366 -0.00071430641602805722 -0.00039563583853860219 0.0084607765751353158 -0.0016564006262719127 0.0081377017529634197 0.0030138358482740936 -0.0018859277315067993 0.00029837148335082336 -0.00064746697387833786 1.5251699477902838e-06 -0.0019848428253609099 -0.0013205797622702848 -0.00013983664253926887 0.00035916130240203076 -0.00098053956277342215 -0.0012804210040974688
leaf_weight=66 122 65 78 108 95 165 120 69 69 157 164 143 60 81 129 111 66 136 62 102 65 95 465 1192 79 174 499 86 263 60
leaf_count=66 122 65 78 108 95 165 120 69 69 157 164 143 60 81 129 111 66 136 62 102 65 95 465 1192 79 174 499 86 263 60
internal_value=-0.00349253 -0.0032763 -0.00356841 -0.00335137 -0.00416708 -0.00374746 -0.00323334 0.000486674 0.00198363 0.00947917 -0.00125224 -0.00375 0.00853125 0.00107143 0.00359413 0.007625 -0.00417955 0.00169811 -0.00206557 -0.00576132 -0.00487044 -0.00305434 -0.00780531 -0.000915214 -0.00737968 -0.00855489 -0.00680948 -0.0110751 -0.00836957 0
internal_weight=5146 5080 4958 4893 4035 3927 3762 858 789 235 554 3607 155 485 404 275 3487 366 300 238 3121 1817 560 1257 1304 1161 987 488 409 146
internal_count=5146 5080 4958 4893 4035 3927 3762 858 789 235 554 3607 155 485 404 275 3487 366 300 238 3121 1817 560 1257 1304 1161 987 488 409 146
is_linear=0
shrinkage=0.035


Tree=106
num_leaves=31
num_cat=0
split_feature=153 132 217 216 104 127 5 153 143 78 115 258 156 255 101 153 38 214 49 43 163 120 38 60 126 49 246 59 72 260
split_gain=12.847 15.545 19.0139 23.4459 23.046 14.9471 14.6928 15.3183 14.2509 12.6589 17.4359 14.3228 11.3618 10.9448 13.8791 12.8093 21.7934 13.9927 13.2805 13.1814 11.1665 23.8567 14.1108 24.8302 14.8015 17.7953 17.0838 28.1717 16.4683 15.8912
threshold=-0.45863478320996887 0.33564999699592596 74.249474472365776 112.63692811113334 4962.0000000000009 96.500000000000014 -33.491889749162944 -0.29904187346039141 0.65500000119209301 20.204160782008508 2136.0000000000005 0.018099997192621235 -0.38151611883057107 -10.593789223637405 0.01150527304396641 -0.1900827836249713 3783.0000000000005 0.013700004667043688 915.50000000000011 0.20785000175237658 -0.14379873185264877 0.64344999194145214 1504.0000000000002 851.50000000000011 1074.5000000000002 6903.0000000000009 0.22101471229280495 3.2611500024795537 715.50000000000011 0.068022414835333542
decision_type=2 2 2 2 2 2 2 2 2 2 2 2 2 2 2 2 2 2 2 2 2 2 2 2 2 2 2 2 2 2
left_child=1 -1 4 -4 5 -3 12 9 13 10 -8 -12 -2 14 -9 16 -15 -17 -19 -18 21 -20 23 -22 25 28 29 -28 -24 -26
right_child=6 2 3 -5 -6 -7 7 8 -10 -11 11 -13 -14 15 -16 17 19 18 20 -21 22 -23 24 -25 26 -27 27 -29 -30 -31
leaf_value=-0.00084649878407512264 -0.00077661114906048495 0.015986125119602717 -0.0011453339256611418 0.0038971763638380522 -0.001060083960892876 -0.00072618596703742297 0.011396831855719887 -0.00082038748413877161 -0.001689541153121675 -0.0012611849235114431 0.0060946983829908864 -0.00042918358578968924 0.0051507794348951835 0.00068246612990524819 0.0050384804979399884 -0.0015702594797105173 -0.000148005774724449 -0.0029390098435001766 -0.00062892856901299737 -0.001940792240852221 -8.4672653622691892e-05 0.0026542412132276082 -0.00042173170540222795 0.0052416478154494392 -6.8990975387037145e-05 0.0012439358147290486 0.0032690767357087792 -0.00030982381813186133 -0.0014775747556789239 -0.0012759144295918599
leaf_weight=112 103 70 157 61 68 63 64 95 159 69 68 83 182 77 132 144 60 60 273 184 420 333 566 145 398 105 249 211 111 324
leaf_count=112 103 70 157 61 68 63 64 95 159 69 68 83 182 77 132 144 60 60 273 184 420 333 566 145 398 105 249 211 111 324
internal_value=-0.00328868 -0.00842351 -0.00520047 -0.0122422 0.00254854 0.0109058 -0.00268939 -0.00319723 -0.00374969 0.00460208 0.00875 0.00201923 0.00494828 -0.00331835 0.00407328 -0.00378172 -0.0104141 -0.00312949 -0.00263594 -0.0154618 -0.00230732 0.00194763 -0.00332873 0.00153509 -0.00472829 -0.00844981 -0.00224094 0.00301075 -0.0105205 -0.00558459
internal_weight=5146 531 419 218 201 133 4615 4330 4046 284 215 151 285 3887 227 3660 321 3339 3195 244 3135 606 2529 565 1964 782 1182 460 677 722
internal_count=5146 531 419 218 201 133 4615 4330 4046 284 215 151 285 3887 227 3660 321 3339 3195 244 3135 606 2529 565 1964 782 1182 460 677 722
is_linear=0
shrinkage=0.035


Tree=107
num_leaves=31
num_cat=0
split_feature=30 233 52 173 17 41 49 102 148 151 225 253 203 47 71 244 93 42 93 71 9 213 243 82 143 8 199 164 170 122
split_gain=12.5996 12.62 10.7038 20.8785 17.6967 15.3763 17.9702 21.1514 15.0019 18.8171 13.7781 14.0201 13.6713 12.3551 12.3111 11.9355 16.0662 16.5884 14.6109 12.1756 11.8121 16.1253 15.2206 14.405 10.8231 13.9237 12.8805 15.3473 15.7207 15.9071
threshold=565.50000000000011 5218.9199218750009 552.25000000000011 0.8153299353703144 8.4049819305698232 529.39001464843761 2540.0000000000005 -3.2345837141885747 19.500000000000004 0.23870000615715983 0.29205829025580171 -4.6513388665725399 0.97398611457517392 -7.229956040415618 5180.5000000000009 0.024849995970726017 6117.0000000000009 34.916717037829514 9650.0000000000018 7082.5000000000009 -4.1895821013902372 10.614842875605644 10.608633370463552 3809.5000000000005 0.63859999179840099 -153.87917036174528 13.966524098717109 0.059612654467154379 0.015700027346611026 40.988079536685369
decision_type=2 2 2 2 2 2 2 2 2 2 2 2 2 2 2 2 2 2 2 2 2 2 2 2 2 2 2 2 2 2
left_child=1 -1 5 4 13 8 7 -7 -3 -10 11 -8 20 -4 -12 18 17 -17 19 -13 21 22 23 -11 26 -26 27 28 -22 -30
right_child=-2 2 3 -5 -6 6 10 -9 9 12 14 15 -14 -15 -16 16 -18 -19 -20 -21 24 -23 -24 -25 25 -27 -28 -29 29 -31
leaf_value=-0.0016240440072644738 -0.0002637330392736137 -0.00063409536321231428 7.926099311550251e-05 -0.0017980116212490791 -0.00044050816032551625 -0.0010266101110143464 -0.0014135878436979138 0.0076369177583716545 0.0050916116809117291 -0.0017192660086139345 -0.001178021233720271 -0.0007672525215727371 0.0032787290009053446 0.0073812981063536695 0.0030201888150479016 -0.00017033816301965379 -0.0004655253186930503 0.0006506623772626689 5.0200685175645916e-05 -0.0001434113561320083 -0.0010372749593449194 0.012780263566251709 0.0084180089696794767 0.0042581276021792791 -2.5481461776673546e-05 -0.0080529069869207087 -0.00063813679820694529 0.0020580329376119555 0.0047926205519099076 -0.00024978636769885324
leaf_weight=80 119 142 196 95 132 124 119 83 97 123 80 395 81 152 103 118 77 86 103 177 273 89 64 66 66 69 995 135 192 515
leaf_count=80 119 142 196 95 132 124 119 83 97 123 80 395 81 152 103 118 77 86 103 177 273 89 64 66 66 69 995 135 192 515
internal_value=-0.00335663 -0.00308128 -0.00284834 0.00162931 0.00461856 -0.00343843 -0.00635714 0.00313679 -0.00195913 -0.00137726 -0.00792557 -0.00943056 -0.0019379 0.00872521 0.000930851 -0.00793965 -0.00183566 0.00334928 -0.0104485 -0.012617 -0.00239005 0.00363112 -0.000949612 -0.00595361 -0.00331333 -0.01275 -0.00268085 -9.375e-05 -0.00163452 0.00113062
internal_weight=5146 5027 4947 575 480 4372 1465 207 2907 2765 1258 1075 2668 348 183 956 281 204 675 572 2587 342 253 189 2245 135 2110 1115 980 707
internal_count=5146 5027 4947 575 480 4372 1465 207 2907 2765 1258 1075 2668 348 183 956 281 204 675 572 2587 342 253 189 2245 135 2110 1115 980 707
is_linear=0
shrinkage=0.035


Tree=108
num_leaves=31
num_cat=0
split_feature=4 173 247 30 233 148 148 190 217 233 88 5 224 27 170 126 82 257 146 147 126 5 8 153 185 217 142 270 77 254
split_gain=11.7518 21.4973 15.9145 12.0906 12.1502 12.384 22.7272 18.613 17.8976 16.2974 18.4277 17.7586 15.4649 21.873 15.938 15.2022 16.9046 14.7217 23.6707 20.043 19.3925 19.0349 18.989 16.8824 16.2258 18.2181 15.9131 15.1721 29.5719 15.0787
threshold=36.038725445014542 0.28801365539051993 589.52502441406261 565.50000000000011 5218.9199218750009 3240.0000000000005 3997.5000000000005 -0.011700000613927839 59.50228833643002 5892.9099121093759 0.21294999867677691 -19.894557160968038 -0.99999999998965772 3154.0000000000005 0.013349995017051699 2789.5000000000005 1737.0000000000002 6.9622007972246003 -0.9048273514697992 3.287699937820435 2231.0000000000005 42.59844145426888 -39.506473948538492 0.068556456592779522 0.016608722975148673 37.35680943523105 0.83595001697540294 86.498479685039413 0.37664999067783361 -4.7750835887178091
decision_type=2 2 2 2 2 2 2 2 2 2 2 2 2 2 2 2 2 2 2 2 2 2 2 2 2 2 2 2 2 2
left_child=3 2 -2 4 -1 12 8 9 -7 -8 -11 -12 13 15 -14 16 -6 18 24 21 22 -19 -20 -22 27 -26 29 28 -16 -23
right_child=1 -3 -4 -5 5 6 7 -9 -10 10 11 -13 14 -15 17 -17 -18 19 20 -21 23 26 -24 -25 25 -27 -28 -29 -30 -31
leaf_value=-0.0016915634033873655 0.0061249708412833429 -0.00097683581890818834 -0.0013447931146248523 -0.00025450238289903673 0.0020355546273024515 -0.0015682952675563203 0.0070103102002696789 -0.00074039868331769168 -0.00035905844116575382 0.0089760475472291084 0.0031220906218204342 -0.0013009675645225161 -0.00054487012441564796 0.0090634069735827504 0.0010307672816826589 0.0074936052126042185 -0.0021694010795577368 -0.0023997930769253471 -0.0004576860211265666 0.0013255905644421451 -0.00024679361298500459 0.0015601425855026284 0.0027371651700970664 0.003894304121193085 0.00016551696682582469 -0.0012239900035442462 0.0042552000604890268 0.0091158872444410677 -0.0017188253325988543 -0.0010584713788964121
leaf_weight=78 99 230 65 119 72 194 162 293 107 71 76 191 550 162 252 90 90 177 557 197 147 91 92 111 242 130 60 142 67 232
leaf_count=78 99 230 65 119 72 194 162 293 107 71 76 191 550 162 252 90 90 177 557 197 147 91 92 111 242 130 60 142 67 232
internal_value=-0.0035197 -0.00929825 0.000414201 -0.00303132 -0.00273933 -0.00249452 -0.00573248 -0.00258772 -0.0138399 0.00152475 -0.00285714 -0.00707721 -0.00146422 0.00484487 -0.00232798 -0.00163424 -0.00796407 -0.00113309 0.000641834 -0.00519029 -0.00326206 -0.00854867 -0.00647554 0.00479087 0.00488663 -0.000557029 -0.00405928 0.0092382 0.00486111 -0.00714939
internal_weight=5146 394 164 4752 4633 4555 1094 793 301 500 338 267 3461 414 3047 252 162 2497 1740 757 907 560 649 258 833 372 383 461 319 323
internal_count=5146 394 164 4752 4633 4555 1094 793 301 500 338 267 3461 414 3047 252 162 2497 1740 757 907 560 649 258 833 372 383 461 319 323
is_linear=0
shrinkage=0.035


Tree=109
num_leaves=31
num_cat=0
split_feature=81 239 143 237 240 27 126 195 163 93 163 93 146 71 6 170 120 20 134 163 116 85 186 243 135 114 13 122 49 258
split_gain=13.7155 10.9421 13.022 17.7945 13.7728 12.3131 11.4373 14.0731 10.2685 17.9026 15.8235 24.2852 17.6152 14.8943 16.3461 14.9159 14.5796 16.5675 14.4175 12.569 11.4413 10.6579 10.5576 10.1265 18.1777 15.248 14.173 23.5251 20.1473 11.6446
threshold=5.0241498947143564 8.7519645392014649 0.63859999179840099 -0.46295239404969818 -0.41668792782556524 13840.500000000002 2039.5000000000002 0.013791316334666235 -0.43045058354451987 1346.0000000000002 -0.14379873185264877 2236.5000000000005 -1.2017424528498408 3713.5000000000005 -29.89624514040322 0.013699997216463091 0.6658499836921693 95.447437748531499 0.017599245738175943 -0.11826937774287456 2.5000000000000004 520.50000000000011 -0.27212723267647426 2.1249842917305446 -0.94674558204115233 4.4484498500823983 76.950634600921433 31.608659085294427 3017.5000000000005 0.021500013768672947
decision_type=2 2 2 2 2 2 2 2 2 2 2 2 2 2 2 2 2 2 2 2 2 2 2 2 2 2 2 2 2 2
left_child=1 2 5 -4 -5 8 -3 -8 9 16 11 12 -10 21 -15 -16 17 22 -14 -12 -21 -13 -1 24 -22 26 27 28 -25 -28
right_child=-2 6 3 4 -6 -7 7 -9 10 -11 19 13 18 14 15 -17 -18 -19 -20 20 23 -23 -24 25 -26 -27 29 -29 -30 -31
leaf_value=0.0032640430687803424 -0.00076244220873971486 -0.001446967405530858 -0.0023557681786473129 -0.0017731611774746043 0.00047722686748337162 -0.0014423369538273502 0.01128332387495415 -0.00013257241787208108 0.0046950561183364209 -0.0017788811434694359 -0.0015047543627267636 0.012783118928728104 -0.00016416672297350028 -0.00027296492351448656 -0.00055942543086295795 0.0073154424958762516 0.0047402656645501575 -0.0014290172108215192 -0.0028697516005529635 0.00021068377299656314 -9.7848796808403264e-05 0.00040209069416826732 -0.0015543519130518837 0.0025065310140180829 -0.00063047429169599137 0.00024738276643157422 0.00077264662591598711 -0.0012101514796467113 -0.00032616888441015378 -0.00037472706139706104
leaf_weight=60 113 76 134 89 90 103 74 65 102 167 77 82 68 137 60 122 93 82 79 69 440 129 95 92 278 389 453 289 608 431
leaf_count=60 113 76 134 89 90 103 74 65 102 167 77 82 68 137 60 122 93 82 79 69 440 129 95 92 278 389 453 289 608 431
internal_value=-0.00331586 -0.00303593 -0.00338171 -0.0102358 -0.00285326 -0.00289468 0.00461364 0.0104514 -0.00260495 -0.00732072 -0.00199616 0.00245536 -0.00647638 0.0066729 0.00183642 0.00860963 -0.00250746 -0.00708678 -0.0140461 -0.00310763 -0.00273903 0.0137731 -0.00021875 -0.00307203 -0.0066805 -0.00191442 -0.00322417 -0.00609155 -0.00258156 0
internal_weight=5146 5033 4818 313 179 4505 215 139 4402 497 3905 779 249 530 319 182 330 237 147 3126 3049 211 155 2980 718 2262 1873 989 700 884
internal_count=5146 5033 4818 313 179 4505 215 139 4402 497 3905 779 249 530 319 182 330 237 147 3126 3049 211 155 2980 718 2262 1873 989 700 884
is_linear=0
shrinkage=0.035


Tree=110
num_leaves=31
num_cat=0
split_feature=129 153 100 150 217 53 153 27 150 54 4 71 126 8 126 168 168 49 134 120 82 49 253 34 19 160 225 231 60 260
split_gain=11.569 11.4305 16.9983 16.9059 16.698 22.4032 17.2444 13.2096 12.8243 14.329 13.5273 17.7264 19.3742 11.2853 11.3815 13.8405 13.8669 13.1794 17.3852 13.6998 13.2793 22.4607 20.0606 17.943 14.9659 14.5788 14.4693 16.0651 14.3179 19.1502
threshold=566.50000000000011 -0.45863478320996887 23.22920448196966 0.018549993634223941 74.249474472365776 -87.01993626983483 -0.6926336780045188 4381.5000000000009 0.030249997973442081 0.30255000293254858 32.066639042438581 2049.5000000000005 302.50000000000006 -29.69714219540921 6876.5000000000009 -0.069149993360042558 -0.06189999729394912 7531.0000000000009 0.01328902373810731 0.66624999046325695 3479.0000000000005 6033.0000000000009 -6.5155678312711585 3.0245815909364304 529.39001464843761 0.031150013208389286 0.023814906130643885 4.5089328976677399 851.50000000000011 0.5197855920056994
decision_type=2 2 2 2 2 2 2 2 2 2 2 2 2 2 2 2 2 2 2 2 2 2 2 2 2 2 2 2 2 2
left_child=1 2 -1 7 6 -6 -4 -3 -5 10 13 12 -12 14 15 -10 -17 20 -19 -20 22 23 -18 -22 26 -23 -24 -28 -29 -30
right_child=-2 3 4 8 5 -7 -8 -9 9 -11 11 -13 -14 -15 -16 16 17 18 19 -21 21 25 24 -25 -26 -27 27 28 29 -31
leaf_value=-0.001372037481766614 -0.00038071320199285861 5.8878384278752558e-05 0.015571557772735969 -0.00078579104065923898 0.0031461165529452378 -0.00116880340386927 -0.00040925003527620714 0.0129668002442043 -0.0006134288454631543 0.00012966068692871037 -0.00020058925835977676 -0.0012579416116659066 0.010619179112976855 0.00037307238682331715 -0.00054963578192602234 0.004773410661733272 0.0058650189224213759 -0.00064155972220852344 0.0094930290528474851 7.3404994625885929e-05 0.0098693376945599969 2.62953489266371e-05 0.0013782460249701595 8.2304079162126022e-05 -0.00053397254088613576 -0.0042035950573342321 0.00033171132725700383 -0.0018332370024209323 -0.0021267498364126642 0.0069295120084030999
leaf_weight=118 76 162 85 281 64 154 110 73 203 101 78 290 66 171 298 69 118 69 113 130 61 62 126 704 556 79 181 172 310 66
leaf_count=118 76 162 85 281 64 154 110 73 203 101 78 290 66 171 298 69 118 69 113 130 61 62 126 704 556 79 181 172 310 66
internal_value=-0.00327509 -0.00306207 -0.00790112 -0.0024879 -0.0044378 -0.0109865 0.002975 0.0065625 -0.00298909 -0.00247642 -0.0028164 -0.00861048 0.0014094 -0.00208417 -0.00253913 -0.00188657 -0.00124069 -0.00164063 0.00507886 0.00945565 -0.00251025 0.000845225 -0.00449478 0.00322727 -0.00566031 -0.0117466 -0.00272674 -0.00462534 -0.00759494 -0.00367454
internal_weight=5146 5070 531 4539 413 218 195 235 4304 4023 3922 434 144 3488 3317 3019 2816 2747 312 243 2435 906 1529 765 1411 141 855 729 548 376
internal_count=5146 5070 531 4539 413 218 195 235 4304 4023 3922 434 144 3488 3317 3019 2816 2747 312 243 2435 906 1529 765 1411 141 855 729 548 376
is_linear=0
shrinkage=0.035


Tree=111
num_leaves=31
num_cat=0
split_feature=160 258 129 27 27 200 27 148 133 91 238 287 47 148 260 5 132 126 238 193 213 244 49 12 13 222 82 148 160 19
split_gain=12.363 14.5041 11.5994 9.27797 13.9274 28.4982 16.1408 16.8301 13.8165 21.4831 16.8809 13.0635 20.5169 22.0331 23.2769 23.8748 18.5554 15.2303 15.7302 16.2027 14.9812 15.0368 14.3202 14.0684 16.4436 13.9191 19.8527 13.6119 12.9958 12.4248
threshold=-0.030549973249435421 -0.0091499984264373762 566.50000000000011 13840.500000000002 6485.5000000000009 -0.044399999082088464 5751.5000000000009 367.00000000000006 70.444271597721581 -3.1635792188904515 4.6922659372172779 1.0000000180025095e-35 -5.3409829075693009 1264.0000000000002 -0.17004886161627614 -21.23584166131452 0.33025000989437109 1003.5000000000001 2.7992010679733785 0.82900131755215434 10.562198550418449 0.0078000016510486611 9397.5000000000018 6.5530749245270501 107.79492781566353 4.2768439611671676 2395.0000000000005 3988.0000000000005 0.026900004595518116 557.50000000000011
decision_type=2 2 2 2 2 2 2 2 2 2 2 2 2 2 2 2 2 2 2 2 2 2 2 2 2 2 2 2 2 2
left_child=-1 -2 3 4 6 29 11 -8 9 10 28 12 13 17 16 -16 -15 18 25 -20 21 -18 -13 -17 -25 -3 -27 -22 -7 -6
right_child=1 2 -4 -5 5 8 7 -9 -10 -11 -12 22 -14 14 15 23 20 -19 19 -21 27 -23 -24 24 -26 26 -28 -29 -30 -31
leaf_value=-0.00085172225493328538 0.0023458031021754079 4.1004724848539571e-05 -0.00036738823992310906 -0.0011886212075752441 -0.0013713484635212026 0.00092209148584001871 5.087641681889577e-05 -0.0014631637545368835 0.010041874340949762 -0.00017550253628250857 -0.00055882122784704465 -4.9722838880612303e-05 0.00071563207157372254 -0.0031290198204138578 0.0082653085481789717 -0.00068248349845496275 -7.0189932666620003e-06 -0.0015692971732995616 0.0036658360835572969 -0.00029527537671712126 0.015381620668685108 -0.0028247889876645035 0.0086685788774221971 0.0083538848442794213 -0.00071224873000371672 -0.0020821769616329324 -8.0926486387231493e-05 -0.00026032866412454701 0.010070966079231101 9.8688508192938958e-05
leaf_weight=66 84 105 76 113 207 92 103 206 75 173 68 1320 255 81 133 227 105 331 99 185 62 129 74 108 73 214 92 124 105 61
leaf_count=66 84 105 76 113 207 92 103 206 75 173 68 1320 255 81 133 227 105 331 99 185 62 129 74 108 73 214 92 124 105 61
internal_value=-0.00322073 -0.00301475 -0.00326135 -0.00304162 -0.00280029 0.00146947 -0.00362937 -0.011258 0.00628378 0.00379233 0.00998148 -0.00298092 -0.00458548 -0.00574047 -0.00213945 0.00288462 -0.00753953 -0.00936954 -0.00635 0 -0.00444706 -0.010251 -0.000300214 -0.00135593 0.00583333 -0.0106851 -0.0144051 0.00293194 0.0150743 -0.00769231
internal_weight=5146 5080 4996 4920 4807 781 4026 309 513 438 265 3717 2323 2068 1042 541 501 1026 695 284 420 234 1394 408 181 411 306 186 197 268
internal_count=5146 5080 4996 4920 4807 781 4026 309 513 438 265 3717 2323 2068 1042 541 501 1026 695 284 420 234 1394 408 181 411 306 186 197 268
is_linear=0
shrinkage=0.035


Tree=112
num_leaves=31
num_cat=0
split_feature=160 150 11 193 143 237 30 148 148 21 126 153 158 200 13 183 116 126 115 8 256 49 49 240 71 47 7 1 45 27
split_gain=12.0587 14.6662 14.7064 17.1256 12.0095 14.8111 11.8045 11.0484 19.1225 19.9905 18.1661 18.2899 19.1449 16.4192 15.7183 15.6645 15.0203 14.7203 16.1703 12.2625 29.7733 24.2445 16.7939 40.3205 19.7005 17.9532 20.4504 15.8358 15.5077 15.2291
threshold=-0.030549973249435421 0.0058999806642532357 73.082232558948689 -0.83859392848145864 0.63859999179840099 -0.46295239404969818 565.50000000000011 2442.5000000000005 4100.5000000000009 0.15224999934434894 2156.5000000000005 0.08284003677805972 -0.01480000466108322 -0.026500001549720761 36.498797576956214 -0.12450705747965644 172.50000000000003 2620.5000000000005 2136.0000000000005 -76.723943946737791 38.579399146160036 2764.0000000000005 3327.0000000000005 -7.7028813540103149 5180.5000000000009 -7.2969835696649428 -87.076702843746574 832.50000000000011 5.3968155884246469 2110.5000000000005
decision_type=2 2 2 2 2 2 2 2 2 2 2 2 2 2 2 2 2 2 2 2 2 2 2 2 2 2 2 2 2 2
left_child=-1 2 -2 -4 6 -6 7 10 9 -9 15 14 -13 -11 -12 -3 -10 -16 -19 22 21 28 29 24 -24 26 -25 -22 -21 -17
right_child=1 4 3 -5 5 -7 -8 8 16 13 11 12 -14 -15 17 19 -18 18 -20 20 27 -23 23 25 -26 -27 -28 -29 -30 -31
leaf_value=-0.00082191197601062197 0.010675331377586078 -0.0029515721107907086 -0.0026014025394594962 0.013530157910885698 -0.0031255384231504172 -0.00044881019094119071 -0.00021957215168257385 -0.0015950411798335683 9.9468072130137763e-05 -0.00071683992314009479 0.0089370452982648757 -0.00027457202673385699 0.0065107093917928681 0.0035184415953833778 0.0032787324208015979 0.00016389206782497392 -0.00062724165715399719 0.00023727273813395014 -0.0015260555848504781 0.00090114084251866099 -0.00050586464976637381 -0.0001215174334429381 0.00037826320915349589 0.0010433906717141541 -0.0056084377390375646 0.00084743715767354548 0.014547722507641159 1.6958565396023585e-05 0.015253726052899446 -0.00075216814441996329
leaf_weight=66 61 71 74 62 105 145 119 346 472 192 66 92 210 66 90 172 280 117 194 60 510 655 70 63 60 137 118 125 60 288
leaf_count=66 61 71 74 62 105 145 119 346 472 192 66 92 210 66 90 172 280 117 194 60 510 655 70 63 60 137 118 125 60 288
internal_value=-0.0033974 -0.00319371 0.00606436 -0.000496454 -0.00357304 -0.0109804 -0.00316192 -0.00286568 -0.00550331 -0.0101149 -0.00172621 0.00293928 0.00957655 -0.0026616 -0.0014089 -0.00323099 -0.00175694 -0.00405172 -0.00764241 -0.00271201 -0.00474912 -0.000134615 0.000460022 0.00525386 -0.0108889 0.0119195 0.0190054 -0.0103359 0.014 -0.00421505
internal_weight=5146 5080 197 136 4883 250 4633 4514 1356 604 3158 769 302 258 467 2389 752 401 311 2318 1410 775 908 448 130 318 181 635 120 460
internal_count=5146 5080 197 136 4883 250 4633 4514 1356 604 3158 769 302 258 467 2389 752 401 311 2318 1410 775 908 448 130 318 181 635 120 460
is_linear=0
shrinkage=0.035


Tree=113
num_leaves=31
num_cat=0
split_feature=129 160 137 163 163 82 163 105 273 54 93 224 4 27 148 153 137 225 21 152 240 201 137 49 173 41 170 225 81 216
split_gain=11.2064 10.7026 10.0548 14.3704 14.6136 29.5064 20.9588 17.9709 12.7024 14.2309 13.0989 11.1954 18.524 15.3264 17.4056 16.0096 14.2252 14.0959 17.6542 13.1562 13.6845 12.954 22.5021 18.8175 16.8595 14.2303 22.1536 14.7651 14.1231 17.1656
threshold=566.50000000000011 -0.022850006818771359 63.500000000000007 -0.41667430361004715 -0.27101791699584404 2931.5000000000005 -0.32252202113262401 327.50000000000006 0.27876714269515396 0.2404500022530556 743.00000000000011 -0.99999999998965772 -50.387257638547304 2110.5000000000005 19.500000000000004 -0.48623993057880627 9858.0000000000018 0.10567651295597986 0.15155000239610675 0.29709585361539964 -13.987036917822435 0.31660000234842306 1131.0000000000002 2540.0000000000005 0.68757727044659556 529.89001464843761 0.019099988043308262 0.29205829025580171 3.6718499660491948 79.68870795050772
decision_type=2 2 2 2 2 2 2 2 2 2 2 2 2 2 2 2 2 2 2 2 2 2 2 2 2 2 2 2 2 2
left_child=1 -1 -3 8 5 -5 7 -7 9 -4 -11 19 -13 14 -14 -15 21 18 -16 20 -6 22 -17 24 -24 26 -25 -27 29 -23
right_child=-2 2 3 4 11 6 -8 -9 -10 10 -12 12 13 15 17 16 -18 -19 -20 -21 -22 28 23 25 -26 27 -28 -29 -30 -31
leaf_value=-0.00089937311883975528 -0.00034684462621691092 0.0086659374477188293 0.00013935475893510159 -0.001429266051546473 -0.0022591418694089074 0.0062415946047798239 0.012012349029541795 -0.00092237743478407641 -0.0024051530263519863 -0.00013275028495298908 -0.001683875691471679 -0.0019303882355916854 -0.00055873810459802407 -0.0008852173044551823 0.0083061955516639079 0.013966026444332313 0.0032146449913923584 -8.3227382008145285e-05 -0.00011147229404484428 0.0047813540893711448 0.0021640285598686321 -0.00082152378120948198 0.012807205091109181 -0.00031688903178659332 -7.3012245690539106e-05 -0.00032761984001796645 0.0034129658351431747 0.00015149096407078263 -0.0013351878527667344 0.00095329349542774334
leaf_weight=88 76 116 157 122 105 84 128 73 105 93 162 411 114 74 125 76 171 117 65 189 106 274 77 208 61 947 171 182 335 134
leaf_count=88 76 116 157 122 105 84 128 73 105 93 162 411 114 74 125 76 171 117 65 189 106 274 77 208 61 947 171 182 335 134
internal_value=-0.00347894 -0.00326897 -0.00304592 -0.00329091 -0.00262862 0.00365291 0.00977586 0.00108025 -0.00878352 -0.0058753 -0.0109038 -0.00328097 -0.00390753 -0.00297991 0.00320423 -0.00394475 -0.00347217 0.00751603 0.0132821 0.00224691 -0.00372685 -0.00415182 -0.0024725 -0.00334949 0.00881119 -0.00448777 0.00136719 -0.00645062 -0.00800134 -0.00355932
internal_weight=5146 5070 4982 4866 4349 407 285 157 517 412 255 3942 3542 3131 421 2710 2636 307 190 400 211 2465 1722 1646 138 1508 379 1129 743 408
internal_count=5146 5070 4982 4866 4349 407 285 157 517 412 255 3942 3542 3131 421 2710 2636 307 190 400 211 2465 1722 1646 138 1508 379 1129 743 408
is_linear=0
shrinkage=0.035


Tree=114
num_leaves=31
num_cat=0
split_feature=233 256 260 137 213 26 221 17 257 4 212 92 242 11 150 115 256 8 160 256 12 33 91 47 207 214 90 172 159 43
split_gain=11.9152 10.8463 23.2732 16.5828 16.323 17.8054 15.7897 14.4251 16.3398 15.3142 15.8735 11.9877 20.2114 24.313 13.8721 15.7061 14.166 22.9558 21.1312 19.2807 17.2347 20.989 13.724 11.0771 11.0544 10.8939 10.8517 10.8473 10.5049 10.5941
threshold=5218.9199218750009 78.505260609478043 -0.23059914209321017 85.500000000000014 10.652152217945019 2.0342000722885136 4.9957594834802741 -18.342470675687391 6.9622007972246003 10.067550932450031 7.5634598609461881 3.6207998991012578 65.300767710382289 64.247725695887695 0.040500007569789893 1736.0000000000002 40.004597763726949 -76.723943946737791 0.040150001645088203 33.865956059730529 10.349582547203353 0.24234999716281894 -3.7704686857705276 -8.0551479663365111 -0.040547647678433357 0.071300007402896895 0.0089888007684367135 0.20619215417039499 16.048827137177067 0.25665000081062322
decision_type=2 2 2 2 2 2 2 2 2 2 2 2 2 2 2 2 2 2 2 2 2 2 2 2 2 2 2 2 2 2
left_child=-1 2 4 -3 -2 -6 -4 -8 11 10 -10 12 13 -9 23 -16 19 18 -18 20 21 22 -17 -13 -15 -20 -12 -19 29 -5
right_child=1 3 6 28 5 -7 7 8 9 -11 26 14 -14 24 15 16 17 27 25 -21 -22 -23 -24 -25 -26 -27 -28 -29 -30 -31
leaf_value=-0.0015000704215527272 -0.0022161307900552202 0.013382003264903861 0.0055114649919449201 -0.00083283290917030635 -0.00093826714342460542 0.00044677835685640852 -0.0016729025849911503 0.009843450241279186 -0.00075683638865437863 -0.001474861940902023 0.0033637321352406155 -0.00081035512878663513 0.0079237412719377551 0.00032796961763670616 0.0056274880545969493 -0.0010230984015870996 0.0092457285131768308 -0.00042489840462546063 -0.0016239027985664974 0.013854535403820546 0.0042557494426809523 -0.00031615314561733834 0.001666556912927877 -0.00040665799848943728 -0.00037083666537657435 0.00051572598867421972 -0.00044805664935029999 -9.236948266649615e-05 0.0063390961748473786 0.00015609022648767402
leaf_weight=80 178 90 116 522 67 102 341 109 236 172 75 79 110 128 87 72 88 239 93 62 116 289 160 258 372 60 388 104 63 290
leaf_count=80 178 90 116 522 67 102 341 109 236 172 75 79 110 128 87 72 88 239 93 62 116 289 160 258 372 60 388 104 63 290
internal_value=-0.00345176 -0.00323013 -0.00401486 0.000108247 -0.0126278 -0.00462644 -0.00320298 -0.00361241 -0.0028937 -0.00699201 -0.00462358 -0.00141094 0.00236878 -0.00017101 -0.00300526 -0.00142545 -0.00241848 -0.00641766 0.00184959 0.000944602 -0.000926791 -0.0036597 0.00413502 -0.00931287 -0.00346535 -0.00598101 -0.00082265 -0.0121695 -0.00139205 -0.0024847
internal_weight=5146 5066 4101 965 347 169 3754 3638 3297 871 699 2426 719 609 1707 1370 1283 584 241 699 637 521 232 337 500 153 463 343 875 812
internal_count=5146 5066 4101 965 347 169 3754 3638 3297 871 699 2426 719 609 1707 1370 1283 584 241 699 637 521 232 337 500 153 463 343 875 812
is_linear=0
shrinkage=0.035


Tree=115
num_leaves=31
num_cat=0
split_feature=233 115 60 172 103 199 148 190 224 145 244 93 35 61 61 68 28 39 238 207 148 148 172 160 32 26 204 38 94 16
split_gain=11.9913 11.4883 15.3632 16.432 15.5334 13.4684 15.6753 15.3586 16.8444 16.6447 15.086 15.4612 14.466 13.6589 13.4151 13.1198 12.5677 11.3942 11.1381 10.6906 12.3607 15.5155 14.2622 12.8217 10.676 10.1536 10.5634 10.0578 10.4355 13.0724
threshold=5218.9199218750009 3999.0000000000005 10032.500000000002 -0.18343751913458375 4.9453499317169198 12.032063338521519 3131.0000000000005 -0.020999990403652188 0.99999999999278966 0.012587473447820069 0.020100001245737079 938.50000000000011 0.034785206501939177 202.50000000000003 162.50000000000003 0.019656119894024025 552.50000000000011 515.50000000000011 1.7197443772964951 0.093579721955087167 2442.5000000000005 1060.0000000000002 0.20619215417039499 0.031700007617473609 0.15484999865293506 2.3983500003814702 0.033546792999637837 1504.0000000000002 242.50000000000003 0.89182345277438746
decision_type=2 2 2 2 2 2 2 2 2 2 2 2 2 2 2 2 2 2 2 2 2 2 2 2 2 2 2 2 2 2
left_child=-1 2 3 4 24 18 7 14 9 -9 11 12 -8 -11 -7 -12 17 19 -5 20 21 27 23 -23 25 -2 -27 28 -3 -30
right_child=1 16 -4 5 -6 6 10 8 -10 13 15 -13 -14 -15 -16 -17 -18 -19 -20 -21 -22 22 -24 -25 -26 26 -28 -29 29 -31
leaf_value=-0.0014475679567983808 2.7085565163817996e-05 -0.00015727090301729336 -0.0012748958036536658 -0.0014288343764764777 0.0054905817409030139 0.00056558075527842182 -0.00084005663748855602 -0.00046880548006131788 -0.00034297957916824107 0.00041372133797282554 -0.00048035292093244703 -0.0025543654340689256 0.0096000106812019065 0.0076515479972507775 -0.00055046708337074934 0.0092181331790514871 -0.0012385260232414643 0.00021866113616116875 0.00012965100140526682 8.5077991180582135e-05 -0.00042924803894227651 -0.00016231835763823901 -0.0013520796078763393 0.00073356956469014859 -0.0017968186970705995 0.00012167222940133005 -0.0018897583152982492 -0.00040636278413339169 0.0063088179493342401 -0.00012156192945923962
leaf_weight=80 293 66 178 142 61 185 85 66 90 235 60 246 60 240 255 80 200 160 76 249 257 81 102 176 274 68 85 855 60 81
leaf_count=80 293 66 178 142 61 185 85 66 90 235 60 246 60 240 255 80 200 160 76 249 257 81 102 176 274 68 85 855 60 81
internal_value=-0.00341099 -0.00318872 -0.00167205 -0.00098043 -0.00520992 0.000843836 0.00196017 0.00439126 0.0078695 0.0101923 -0.00293843 -0.00645202 0.00256667 0.0124688 -0.000629213 0.00675862 -0.005024 -0.00419933 -0.00721973 -0.00494565 -0.00594771 -0.00463885 0.00163462 0.00601145 -0.00666207 -0.00325942 -0.0104114 -0.00675726 0.000165094 0.0055137
internal_weight=5146 5066 2779 2601 781 1820 1602 1071 631 541 531 391 145 475 440 140 2287 2087 218 1927 1678 1421 359 257 720 446 153 1062 207 141
internal_count=5146 5066 2779 2601 781 1820 1602 1071 631 541 531 391 145 475 440 140 2287 2087 218 1927 1678 1421 359 257 720 446 153 1062 207 141
is_linear=0
shrinkage=0.035


Tree=116
num_leaves=31
num_cat=0
split_feature=233 156 17 2 163 173 173 199 166 195 28 234 214 13 26 28 178 33 115 15 34 26 4 222 183 234 38 39 230 32
split_gain=11.8393 9.33288 13.1093 13.3628 11.9956 12.9163 14.1764 13.1214 12.011 11.1381 15.6846 12.3715 11.5072 11.232 12.9676 10.9558 10.9374 14.03 16.6134 12.2428 13.4057 11.98 11.4346 21.4855 15.5895 14.1347 10.906 10.8972 12.4801 10.773
threshold=5218.9199218750009 -0.58865398924553725 -6.5702546366136474 503.47999572753912 0.86862985180661723 0.58695265434124855 0.47037383943961958 15.153766307776161 -0.8643185259774574 0.017169139111772352 274.50000000000006 0.083494943472484109 0.06840000301599504 37.911485540426561 2.8058999776840214 38.500000000000007 0.085449993610382094 0.35615000128746038 4678.0000000000009 -3.0915677833071027 4.8890381013140756 2.7094500064849858 -14.767018562163088 16.269391454532645 0.070432920536800322 -0.20012495499599489 3017.0000000000005 130.50000000000003 1.0842803444494067 0.15265000611543658
decision_type=2 2 2 2 2 2 2 2 2 2 2 2 2 2 2 2 2 2 2 2 2 2 2 2 2 2 2 2 2 2
left_child=-1 2 3 -2 5 6 7 15 -7 10 16 13 27 -11 -15 29 17 18 19 -3 -21 22 25 24 -24 -19 -23 -12 -29 -4
right_child=1 9 4 -5 -6 8 -8 -9 -10 11 12 -13 -14 14 -16 -17 -18 21 -20 20 -22 26 23 -25 -26 -27 -28 28 -30 -31
leaf_value=-0.0013969030783104388 -7.8872960854705086e-05 0.0035616619935913895 0.00067688306240274343 -0.0010401253673615991 -0.0013315657555177378 0.005660249283802171 -0.00070256942931219788 -0.00075850198533509191 1.8130488946843104e-05 0.00088262776918789706 0.0026374852872161655 -0.0013074736808928568 -0.0017705457350531424 -0.00025551741729832906 -0.0016838209691868707 0.00041963205707405362 -0.0014033125486933213 0.0073309002040222579 -0.00012458979167181224 -0.00025822813775673971 0.0022561662292663598 -9.5534726077897713e-05 0.0019748208005080877 0.0036316268987231703 -0.00085223791580980152 -0.0015630238666157514 -0.0022177997268270941 0.0018814232537744356 -0.0008106546551764572 -0.00073797183346598462
leaf_weight=80 149 89 66 363 76 63 116 222 204 85 224 172 60 512 93 377 103 66 360 196 143 65 64 174 146 374 103 140 125 136
leaf_count=80 149 89 66 363 76 63 116 222 204 85 224 172 60 512 93 377 103 66 360 196 143 65 64 174 146 374 103 140 125 136
internal_value=-0.00349253 -0.00327154 -0.00531795 -0.0100193 -0.00337549 -0.00247267 -0.00444143 -0.00273573 0.00424632 -0.00216429 -0.000947887 -0.00557093 0.00423285 -0.00342446 -0.00510656 5.99315e-05 -0.00246557 -0.00180392 0.00167718 0.00630485 0.00315407 -0.00456369 -0.00278649 0.00161954 -0.00586047 -0.00660674 -0.012948 0.00602227 0.00116667 -0.00642512
internal_weight=5146 5066 1772 512 1260 1184 917 801 267 3294 2432 862 549 690 605 579 1883 1780 788 428 339 992 824 384 210 440 168 489 265 202
internal_count=5146 5066 1772 512 1260 1184 917 801 267 3294 2432 862 549 690 605 579 1883 1780 788 428 339 992 824 384 210 440 168 489 265 202
is_linear=0
shrinkage=0.035


Tree=117
num_leaves=31
num_cat=0
split_feature=81 239 268 78 194 74 173 41 224 91 89 126 195 86 113 144 111 11 150 140 245 5 183 147 113 211 196 163 242 170
split_gain=10.8612 11.3408 15.2859 12.3308 14.1787 11.7872 16.8883 14.6426 18.5011 19.2318 13.7233 11.4373 11.6803 10.6304 10.597 11.621 11.6112 22.3014 16.841 15.6447 15.4806 14.5679 14.2553 15.4987 25.0303 15.6437 13.5127 15.5792 15.2554 23.4864
threshold=5.0241498947143564 8.7519645392014649 -17.02446226542142 13.804528294999132 0.056759843335990302 456.50000000000006 0.099970331058864506 473.50000000000006 0.99999999999302658 -5.2625545720557385 40.229235887838243 2039.5000000000002 0.013791316334666235 7.3801559897213052 -4.8571003743243688 21.214420458013802 49.172503392092118 196.50839173665261 0.065550021827220931 486.50000000000006 -0.048958578028309059 -21.23584166131452 0.062396122626217042 2.1541500091552739 -2.0920265058134873 -0.26139214767595093 -0.90267182213993402 0.0089838475204532652 36.362921282167243 0.021449998021125797
decision_type=2 2 2 2 2 2 2 2 2 2 2 2 2 2 2 2 2 2 2 2 2 2 2 2 2 2 2 2 2 2
left_child=1 2 3 -1 13 6 -4 10 14 -10 -7 -3 -13 -5 -9 -16 17 19 -19 -17 -21 -22 23 -23 -25 -26 -24 28 29 -28
right_child=-2 11 5 4 -6 7 -8 8 9 -11 -12 12 -14 -15 15 16 -18 18 -20 20 21 22 26 24 25 -27 27 -29 -30 -31
leaf_value=-0.0018189815657353827 -0.00085547813235814659 -0.0012924770261831845 -0.0036181324530056495 -0.0012984476425898157 0.0041206431610349269 0.0074613247943280678 -1.4864200376339955e-05 -0.00085516217688125066 0.00017093024010681357 -0.00098277199140570743 -0.00020652960563053159 0.010081236277658214 -6.5387230195856357e-05 0.0027379989934935641 -0.00080590875497256779 0.015205457731164849 -0.00066910268577328265 0.012225804768788765 3.5842248731014497e-05 0.00025979838653034966 0.0085615409786388447 0.0010767087094215779 0.00012294412276264962 -0.0027602175539062743 0.0027035312904207368 -0.00079655561504655091 0.00013628921405595324 -0.00017255986582441236 -0.0003224406858515122 0.01196228573057692
leaf_weight=164 113 76 85 375 104 120 85 133 121 291 65 74 65 63 60 67 484 65 63 424 73 75 88 155 60 181 168 1038 135 76
leaf_count=164 113 76 85 375 104 120 85 133 121 291 65 74 65 63 60 67 484 65 63 424 73 75 88 155 60 181 168 1038 135 76
internal_value=-0.00342458 -0.00317487 -0.00352685 -0.00827004 -0.00563071 -0.00270342 -0.0116 -0.00230555 -0.00278177 -0.00973621 0.00718421 0.00461364 0.0104514 -0.00837472 -0.00191194 -0.0015014 -0.00119734 -0.000288066 0.0136842 -0.00101768 -0.00148305 -0.00274343 -0.00332155 -0.00860294 -0.0113466 -0.00412602 -0.0016457 -0.00248594 0.00355469 0.00871486
internal_weight=5146 5033 4818 706 542 4112 170 3942 3757 412 185 215 139 438 3345 3212 3152 2668 128 2540 2473 2049 1976 471 396 241 1505 1417 379 244
internal_count=5146 5033 4818 706 542 4112 170 3942 3757 412 185 215 139 438 3345 3212 3152 2668 128 2540 2473 2049 1976 471 396 241 1505 1417 379 244
is_linear=0
shrinkage=0.035


Tree=118
num_leaves=31
num_cat=0
split_feature=153 111 217 216 199 189 71 93 153 150 153 240 71 67 13 155 199 8 49 20 64 59 2 241 76 5 238 111 6 248
split_gain=10.1408 13.3445 15.338 19.7155 19.2505 11.1292 11.0023 22.7613 15.999 13.2971 17.5265 12.9091 12.8339 12.5275 14.6206 25.6615 14.1048 14.529 13.9477 17.3414 13.5045 12.8235 13.5768 30.7901 15.8815 15.178 13.6963 12.4456 16.2592 12.0845
threshold=-0.45863478320996887 33.485013174200105 74.249474472365776 112.63692811113334 13.528901839399088 15.440701429424221 873.00000000000011 649.00000000000011 -0.29904187346039141 0.018549993634223941 -0.19443819593536912 3.6957975530049763 9522.5000000000018 10.93914936121906 36.370916411691638 0.070690058826444538 14.931379541378757 -73.366411155888514 2502.5000000000005 70.015020581709621 28.609851251997224 3.9469000101089482 553.61499023437511 -2.0934749406631421 0.29854999482631689 49.454537972288755 -7.7200440522212634 48.25112783683285 -14.020379553276898 -0.16337278524181095
decision_type=2 2 2 2 2 2 2 2 2 2 2 2 2 2 2 2 2 2 2 2 2 2 2 2 2 2 2 2 2 2
left_child=1 -1 4 -4 -3 -6 -2 -8 -9 -10 11 -11 13 14 15 -12 17 20 19 -19 -15 22 24 -24 -16 -25 -26 28 -14 -28
right_child=6 2 3 -5 5 -7 7 8 9 10 12 -13 27 16 21 -17 -18 18 -20 -21 -22 -23 23 25 26 -27 29 -29 -30 -31
leaf_value=-0.0024932510694665737 -0.0015124160460289317 0.010684818778086058 -0.0010195060447256042 0.0024124457165609716 0.000311921502852649 -0.001003240926293197 0.0081086823991065697 0.00064965044936461419 0.00068046319835337547 -0.0024372591294034626 0.006932709497814468 -2.611270939172711e-05 0.0074670522457411194 0.00034865899171819206 -0.0010913044603509338 -0.00018232304277129632 -0.00088793556652474049 0.0025279653596594876 -0.00073615950073813174 -0.0013166352528468585 -0.00069986698960572804 -0.00072917174842235429 -0.00045095426297554482 0.0072739562092583978 -0.0025811132049250438 8.8247229127486065e-06 0.00057242451419713515 -0.001494842259819839 -8.227332034327185e-05 -0.00012614231626925293
leaf_weight=83 178 72 156 61 75 84 75 290 125 180 160 89 76 373 164 96 394 84 387 74 588 137 107 108 74 80 156 66 69 485
leaf_count=83 178 72 156 61 75 84 75 290 125 180 160 89 76 373 164 96 394 84 387 74 588 137 107 108 74 80 156 66 69 485
internal_value=-0.00320714 -0.00777052 -0.00525386 -0.0118243 0.00103814 -0.0057622 -0.00267424 -0.0023244 -0.00266087 -0.00322786 -0.00358679 -0.012135 -0.00294597 -0.00345766 -0.0011355 0.00643678 -0.00536483 -0.00379881 -0.00833636 0.000429448 -0.00119565 -0.00263298 -0.00142494 0.00501667 -0.00360294 0.0134197 -0.0013125 0.00534722 0.0109667 0.000379257
internal_weight=5146 531 448 217 231 159 4615 4437 4362 4072 3947 269 3678 3467 1567 256 1900 1506 545 158 961 1311 1174 295 879 188 715 211 145 641
internal_count=5146 531 448 217 231 159 4615 4437 4362 4072 3947 269 3678 3467 1567 256 1900 1506 545 158 961 1311 1174 295 879 188 715 211 145 641
is_linear=0
shrinkage=0.035


Tree=119
num_leaves=31
num_cat=0
split_feature=199 81 205 260 196 71 82 60 113 8 215 159 131 93 93 48 239 61 93 79 17 186 123 46 10 41 56 200 260 223
split_gain=17.6104 12.0604 10.6589 15.3624 12.9342 14.684 14.3724 13.7516 16.2883 13.9522 15.7738 12.1994 11.7123 11.5547 13.6986 17.5802 13.2439 12.7734 14.3228 12.0216 16.4106 13.8599 16.3482 11.7056 12.9729 11.5987 14.6266 14.5565 14.1497 14.4632
threshold=10.951218736057465 5.0241498947143564 0.02647121234078411 -0.275911951916539 0.68082850482533275 4624.5000000000009 294.00000000000006 3759.0000000000005 -1.8766553906071486 -111.64665031776637 -0.05269999057054519 14.209586556691702 0.84354999661445629 4530.5000000000009 4777.5000000000009 3.3848999738693242 8.7519645392014649 849.50000000000011 4914.0000000000009 0.020442969554645855 -6.7199172525866926 -0.36391944070174381 0.010549442748017966 0.030536192360391658 44.826427177013286 486.50000000000006 8.3899632384464322 -0.019599996507167813 0.36408862164837791 11.27831528992912
decision_type=2 2 2 2 2 2 2 2 2 2 2 2 2 2 2 2 2 2 2 2 2 2 2 2 2 2 2 2 2 2
left_child=-1 2 12 -4 6 -6 -5 9 11 -8 -11 -9 13 16 15 -15 19 18 -16 21 -21 22 -2 24 -24 -20 27 -27 29 -28
right_child=1 -3 3 4 5 -7 7 8 -10 10 -12 -13 -14 14 17 -17 -18 -19 25 20 -22 -23 23 -25 -26 26 28 -29 -30 -31
leaf_value=-0.00062338041436817821 0.0019168151212753742 -0.00084827416345337257 -0.0018098200882244514 -0.0016994174150691162 0.0045009747725308592 -0.0001727467304002209 0.0058178756148405536 -0.00013378050620534878 0.00024845948458788753 0.00176352605201989 -0.0010531543289724694 -0.0019555404601496614 -0.00053875922855186611 0.015829804328195141 -0.0024814606379930508 -0.00021484230931866191 0.0037605535016234271 0.0048229216917999715 0.0077819413817014765 -0.0008368880152386821 0.00014280238271294489 -0.00051284590486585211 0.0027026369123819777 0.00014100083300689655 -0.00117795289873481 0.00021872523306894545 -0.00066644352793603318 -0.00076712959388425738 -0.00081874521513452213 0.0049818142057627742
leaf_weight=128 133 113 72 93 77 68 74 62 88 114 163 170 105 69 72 60 147 60 71 212 441 1106 69 124 223 548 147 74 149 114
leaf_count=128 133 113 72 93 77 68 74 62 88 114 163 170 105 69 72 60 147 60 71 212 441 1106 69 124 223 548 147 74 149 114
internal_value=-0.00320714 -0.00287079 -0.00260183 -0.005857 -0.00455689 0.0049 -0.00637191 -0.00450444 -0.00969231 0.000294944 -0.00335106 -0.0144726 -0.00178162 -0.00145528 0.00112491 0.0117537 -0.00288821 -2.82258e-05 -0.000860169 -0.00354086 0.000478723 -0.00512349 -0.000568592 -0.0039905 -0.00777778 0.000157942 -0.000810029 0.00256778 -0.00590361 -0.000921053
internal_weight=5146 5018 4905 981 909 145 764 671 320 351 277 232 3924 3819 1364 129 2455 1235 1175 2308 653 1655 549 416 292 1103 1032 622 410 261
internal_count=5146 5018 4905 981 909 145 764 671 320 351 277 232 3924 3819 1364 129 2455 1235 1175 2308 653 1655 549 416 292 1103 1032 622 410 261
is_linear=0
shrinkage=0.035


Tree=120
num_leaves=31
num_cat=0
split_feature=199 81 239 17 78 123 194 152 6 104 183 82 260 245 98 186 31 132 49 148 126 120 104 140 31 255 49 255 7 121
split_gain=15.2961 10.6123 10.0909 13.5932 18.3742 12.2975 11.3586 10.947 10.0514 19.1265 14.4372 16.6169 12.939 12.6463 12.608 11.5162 13.1545 14.0437 13.4515 15.8303 19.8108 13.2461 16.4313 11.6514 13.3147 11.0809 16.1932 11.9363 9.95379 14.2741
threshold=12.032063338521519 5.0650000572204599 8.7519645392014649 -19.399168059223701 13.804528294999132 0.016260147157762691 0.060717185053854497 0.57952893282516926 -24.798748203812142 463.00000000000006 0.42519741789475596 5027.0000000000009 -0.19360735374373481 0.03708139276993095 0.44304999709129339 -1.7890022327445827 -89.1463457664332 0.5628499984741212 6347.0000000000009 493.50000000000006 5100.0000000000009 0.62384998798370372 1672.5000000000002 533.50000000000011 -41.649252713901731 -4.0594570046464939 2764.0000000000005 -7.6394339561747229 -53.258353771705252 0.29399999976158148
decision_type=2 2 2 2 2 2 2 2 2 2 2 2 2 2 2 2 2 2 2 2 2 2 2 2 2 2 2 2 2 2
left_child=-1 2 3 4 -2 -4 -6 8 9 -5 11 12 -10 -13 -14 -11 17 -17 19 -18 21 -21 -23 -20 -25 26 -12 -28 29 -9
right_child=1 -3 5 7 6 -7 -8 28 10 15 25 13 14 -15 -16 16 18 -19 23 20 -22 22 -24 24 -26 -27 27 -29 -30 -31
leaf_value=-0.00065185805656646728 -0.0023318260552810115 -0.00099048852505914838 0.0068403797369927886 0.0041525496747798814 -0.0012559994342480974 -0.0014006984257439754 0.0055423461923346162 -0.00041453683625642589 -0.0028923627649062519 -0.0022945980803435804 0.00073270966633970152 0.00017817223436436438 -0.00087295337659735333 -0.00098930155958494147 0.0006384449802878284 -0.0012666725252764412 -0.00030841270457157571 0.00066350032541893987 -0.0013738623077442554 -1.1454071601757488e-05 -0.00090462174228350515 -6.5571540487968102e-05 0.00685590096924366 0.00053228252777585364 -0.00092275416289561607 -0.00042199556503107671 -0.001057423481216357 1.5470450947873694e-05 0.0002274651683146739 0.00031473301586329997
leaf_weight=443 129 93 115 92 341 80 74 222 94 88 90 60 62 182 335 167 151 117 66 110 124 63 230 107 61 675 119 129 357 170
leaf_count=443 129 93 115 92 341 80 74 222 94 88 90 60 62 182 335 167 151 117 66 110 124 63 230 107 61 675 119 129 357 170
internal_value=-0.00311202 -0.00252018 -0.00227519 -0.00262104 -0.00777778 0.005425 -0.00408333 -0.00188725 -0.00279821 -0.000557567 -0.0045574 -0.000806233 0.00289315 -0.00821862 0.0056592 -0.00168348 -0.000757702 -0.00726644 0.00129771 0.00379209 0.00664474 0.0103799 0.0142114 -0.00585774 -0.000809249 -0.00725442 -0.00204082 -0.00664032 0.00190318 -0.00193955
internal_weight=5146 4703 4610 4415 544 195 415 3871 3122 1376 1746 733 491 242 397 1284 1196 284 912 678 527 403 293 234 168 1013 338 248 749 392
internal_count=5146 4703 4610 4415 544 195 415 3871 3122 1376 1746 733 491 242 397 1284 1196 284 912 678 527 403 293 234 168 1013 338 248 749 392
is_linear=0
shrinkage=0.035


Tree=121
num_leaves=31
num_cat=0
split_feature=199 81 239 123 17 78 30 30 113 5 243 76 186 213 252 162 101 19 233 223 38 163 39 170 234 72 142 12 223 8
split_gain=13.8149 10.2788 10.5707 12.2975 10.7347 14.7066 9.93201 13.5854 22.2745 14.0859 16.193 10.9952 9.92455 9.20724 11.2903 9.75083 9.1189 11.0521 27.5669 14.5518 14.0338 14.5688 16.2484 13.8934 12.172 13.5298 11.5231 11.1212 22.3886 16.5886
threshold=12.032063338521519 5.0650000572204599 8.7519645392014649 0.016260147157762691 -19.399168059223701 13.804528294999132 453.50000000000006 467.25000000000006 -2.266819535012516 124.33090099635761 9.4509419395317291 0.25465001165866857 -0.41931275108524185 10.624954893842856 2.8225257298741817 -0.061128676822542354 0.006802793171541404 527.75000000000011 6020.1599121093759 35.211043950291035 1504.0000000000002 0.47163080601086416 33.500000000000007 0.021449998021125797 0.016209649291720755 1166.5000000000002 0.77735000848770153 8.8615544440472949 38.632178824013877 -79.463426326285045
decision_type=2 2 2 2 2 2 2 2 2 2 2 2 2 2 2 2 2 2 2 2 2 2 2 2 2 2 2 2 2 2
left_child=13 2 4 -4 5 -2 -6 8 -8 11 -11 -9 -7 14 15 -1 -13 18 27 20 23 22 -22 -19 25 26 -24 28 29 -18
right_child=1 -3 3 -5 6 12 7 9 -10 10 -12 16 -14 -15 -16 -17 17 19 -20 -21 21 -23 24 -25 -26 -27 -28 -29 -30 -31
leaf_value=-0.00026281606448688656 -0.0022502121433461749 -0.00095582142668207924 0.0066009664461980401 -0.0013516739808429365 -0.0027275321654683621 0.0038520122991968922 0.0081115979668083329 -0.00041678786435600361 -0.00046048615739286217 -0.0020832224282058775 0.00029500905034848259 -0.00052956450604562115 -0.0014855468008387474 5.8868662795900093e-05 -0.00010238389108275488 -0.0014325009982055616 0.0016335247800136244 -0.00010182720167823872 0.016073972061993048 -0.0012256600405276964 0.00018283816005500831 -0.0005530975244860992 -0.00034818074303998031 0.0074743955527997348 -0.00031430973702295577 -0.00091836124215084617 0.00016184257801911574 -0.00036496120833152544 0.011197813228495956 -0.00016248138912379641
leaf_weight=98 129 93 115 80 108 100 88 70 104 210 77 120 315 78 124 143 276 61 78 92 319 275 109 76 449 68 437 469 60 325
leaf_count=98 129 93 115 80 108 100 88 70 104 210 77 120 315 78 124 143 276 61 78 92 319 275 109 76 449 68 437 469 60 325
internal_value=-0.0032615 -0.0026986 -0.0024572 0.005425 -0.00281109 -0.00739526 -0.00215815 -0.00184846 0.0071066 -0.00233921 -0.0097089 -0.00168136 -0.00408333 -0.00914063 -0.0114459 -0.0157927 -0.00136999 -0.000993869 0.00161583 -0.00266526 -0.00194553 -0.00284296 -0.00136265 0.00862676 -0.00344101 -0.000226171 0.00165154 0.000185022 0.0031006 0.000981848
internal_weight=5146 4703 4610 195 4415 544 3871 3763 192 3571 287 3284 415 443 365 241 3214 3094 1208 1886 1794 1657 1382 137 1063 614 546 1130 661 601
internal_count=5146 4703 4610 195 4415 544 3871 3763 192 3571 287 3284 415 443 365 241 3214 3094 1208 1886 1794 1657 1382 137 1063 614 546 1130 661 601
is_linear=0
shrinkage=0.035


Tree=122
num_leaves=31
num_cat=0
split_feature=148 221 153 205 81 71 93 153 163 163 223 27 7 5 287 218 175 71 225 104 121 80 224 27 113 32 145 153 218 221
split_gain=10.7 20.0306 10.7955 13.13 11.2384 11.4398 20.7104 13.4389 14.8622 16.6835 26.9483 16.4706 14.7291 14.6155 14.3867 13.0248 21.6326 14.8292 17.0701 15.3084 16.0017 14.421 13.5299 12.7223 20.0804 17.0816 12.1879 11.7855 11.6714 13.8336
threshold=19.500000000000004 87.755377530831538 -0.45863478320996887 0.014191497504745588 5.0241498947143564 873.00000000000011 649.00000000000011 -0.29904187346039141 -0.44317477248190118 -0.27101791699584404 16.14033948581903 2110.5000000000005 -57.9107665561841 -26.662293148130903 1.0000000180025095e-35 69.879121079759202 0.012289754184072878 6577.5000000000009 0.047987590319792828 1222.5000000000002 0.30144999921321874 -5.0020517461962433 -0.99999999998922262 6485.5000000000009 -2.7902085364488904 0.13434999436140063 0.011173192755294331 -0.054830336056374863 11.653135304057715 65.145194994972584
decision_type=2 2 2 2 2 2 2 2 2 2 2 2 2 2 2 2 2 2 2 2 2 2 2 2 2 2 2 2 2 2
left_child=1 -1 3 -2 5 -4 -7 -8 -9 10 27 14 -12 -13 28 17 -17 23 -19 21 -21 -20 -18 26 -25 -26 -15 -10 -11 -30
right_child=2 -3 4 -5 -6 6 7 8 9 11 12 13 -14 15 -16 16 22 18 19 20 -22 -23 -24 24 25 -27 -28 -29 29 -31
leaf_value=2.9077919645210536e-05 0.0019114815743779591 -0.00079676518592251898 -0.0017704900487885513 -0.000608357599789316 -0.00098140895173149767 0.0077366634915667139 0.00086025218752604552 -0.0013977683740673092 2.6979374446125528e-05 0.00028014140410925731 0.0024788246947803263 0.0037565140819931999 -0.0035158532043416623 -0.0015366950174411555 0.0050462228828448644 0.0017151933202256774 -0.0010381002138238088 -0.00066850641147947866 -0.0013276575056334887 0.002795448015593561 -0.00097535932502896118 0.00072119511903464249 -0.0021632437174562273 0.0067683030446547424 0.00019442651172747852 -0.0005454892583292687 -0.00035215089385165271 0.012086764055319161 0.00016742617243732663 -0.0020050295405512329
leaf_weight=77 62 177 159 469 108 75 279 177 68 116 64 130 63 65 100 74 96 116 105 229 61 60 247 121 82 201 1295 124 75 71
leaf_count=77 62 177 159 469 108 75 279 177 68 116 64 130 63 65 100 74 96 116 105 229 61 60 247 121 82 201 1295 124 75 71
internal_value=-0.00305766 -0.01 -0.00268736 -0.00737873 -0.00210834 -0.00181658 -0.00145157 -0.00180045 -0.00235514 -0.00185398 0.00572531 -0.00260696 -0.00662879 -0.00349151 0.00438692 -0.004037 -0.00970379 -0.00300641 0.00188368 0.00494565 0.00972881 -0.0035 -0.0133764 -0.00459016 0.000855746 -0.00425347 -0.00620513 0.0138579 0 -0.00649007
internal_weight=5146 254 4892 531 4361 4253 4094 4019 3740 3563 319 3244 127 2882 362 2752 417 2335 571 455 290 165 343 1764 404 283 1360 192 262 146
internal_count=5146 254 4892 531 4361 4253 4094 4019 3740 3563 319 3244 127 2882 362 2752 417 2335 571 455 290 165 343 1764 404 283 1360 192 262 146
is_linear=0
shrinkage=0.035


Tree=123
num_leaves=31
num_cat=0
split_feature=247 213 13 170 242 33 100 49 199 10 220 143 147 221 237 10 221 22 110 55 259 30 53 276 71 170 90 115 38 70
split_gain=9.71379 11.3719 15.529 18.9756 18.5596 15.2348 20.5438 16.5886 18.5391 17.3282 17.4125 15.6488 13.7164 13.2825 15.1406 14.0154 15.972 13.0134 22.5844 13.2088 11.9004 11.5437 11.399 11.2364 10.9647 10.7837 10.6111 10.5755 10.4729 12.8716
threshold=636.64999389648449 10.607648834794924 45.347726872138047 0.019099988043308262 47.19261295781974 0.49850000441074377 34.89561903992611 4330.5000000000009 14.561356431155476 40.610392644851103 46.242488627780979 0.1828500032424927 2.7740499973297124 23.368060186224369 2.1413969611061572 33.009193373006262 40.553132908925313 0.2707000076770783 0.27414999902248388 0.3595499992370606 0.082942234337698137 550.50000000000011 -43.051846691102845 0.53114206269466735 3693.0000000000005 0.016999997198581699 0.015267206368773266 2624.5000000000005 3711.5000000000005 4.4975500106811532
decision_type=2 2 2 2 2 2 2 2 2 2 2 2 2 2 2 2 2 2 2 2 2 2 2 2 2 2 2 2 2 2
left_child=1 2 3 -1 12 6 7 8 9 -3 -11 -10 25 21 15 -15 -17 18 27 -19 -7 -9 -12 -16 -14 -4 -13 -18 29 -6
right_child=-2 5 4 -5 28 20 -8 13 11 10 22 26 24 14 23 16 17 19 -20 -21 -22 -23 -24 -25 -26 -27 -28 -29 -30 -31
leaf_value=-0.00065707795133530486 -0.00023612730622311618 0.011717396781002424 -0.00054105910244607093 0.0081212467005555861 -0.00024225226794993506 0.0049261210958294983 -0.0027066181805954566 -0.0011106146715284119 0.0063827185984917413 -0.00079108269243573898 0.011658543060757918 -2.1896011004348127e-05 -0.00053390739393169913 0.0034287646081320373 0.0027239141731568561 -0.0023302095631395573 0.00088583939025973319 -0.0028260578496209069 0.0019916048893763084 -0.00013521738167382281 -0.00065557827085328401 -3.1983271647155753e-05 0.00020337988964753363 -0.00070277021882261988 0.000105605562458172 -0.0012244903819509741 -0.0008380864306341241 -0.00025709887607390904 -0.001311921514687443 0.00063125037289756751
leaf_weight=93 98 82 94 111 1308 145 99 96 65 121 84 135 158 83 119 104 89 78 83 121 78 74 143 61 108 155 125 667 295 74
leaf_count=93 98 82 94 111 1308 145 99 96 65 121 84 135 158 83 119 104 89 78 83 121 78 74 143 61 108 155 125 667 295 74
internal_value=-0.00293535 -0.00271522 -0.00446064 0.004689 -0.00532089 -0.00113286 -0.00194125 -0.0012591 0.00299342 0.00772414 0.00416431 -0.00328788 -0.0111058 -0.00330063 -0.00215957 -0.00355691 -0.00457716 -0.00322148 -0.00128555 -0.011152 0.00752193 -0.0124 0.00980603 0.00718919 -0.00542435 -0.0169488 -0.00713208 -0.00321945 -0.00351665 -0.00222062
internal_weight=5146 5048 2396 204 2192 2652 2429 2330 755 430 348 325 515 1575 1405 1225 1142 1038 839 199 223 170 227 180 266 249 260 756 1677 1382
internal_count=5146 5048 2396 204 2192 2652 2429 2330 755 430 348 325 515 1575 1405 1225 1142 1038 839 199 223 170 227 180 266 249 260 756 1677 1382
is_linear=0
shrinkage=0.035


Tree=124
num_leaves=31
num_cat=0
split_feature=103 199 205 131 260 142 38 257 156 201 199 65 55 147 135 61 257 114 224 170 61 135 61 87 12 13 108 123 32 246
split_gain=9.58071 9.71658 8.95232 12.2392 10.2863 11.8109 11.1812 11.0895 12.1057 14.7441 12.1304 10.5583 10.2556 9.84053 15.4691 10.4223 9.02771 22.6091 19.5645 19.3961 12.0311 11.5128 12.5952 13.428 11.4295 11.0981 14.5913 11.0291 12.7355 10.9776
threshold=5.4296000003814706 10.951218736057465 0.02663109509191177 0.84224998950958263 0.88807297459069201 0.84385001659393322 1258.5000000000002 5.8338778197266619 -0.3910430784374101 0.22407500445842746 15.253030329848567 0.323050007224083 0.739850014448166 1.82574999332428 -1.9947631991636288 19.500000000000004 7.0343528610742236 3.6723999977111821 0.9999999999928787 0.022399999201297763 849.50000000000011 -0.91769540726855847 561.50000000000011 0.48014999926090246 12.430875596683999 81.444151885384585 -23.847830806309474 0.013245037992281035 0.15145000070333484 0.045210425394531704
decision_type=2 2 2 2 2 2 2 2 2 2 2 2 2 2 2 2 2 2 2 2 2 2 2 2 2 2 2 2 2 2
left_child=1 -1 3 12 5 6 -4 8 10 -10 -8 -7 13 -3 -15 -16 17 19 20 24 29 22 23 -18 -17 26 -21 28 -25 -19
right_child=-2 2 4 -5 -6 11 7 -9 9 -11 -12 -13 -14 14 15 16 21 18 -20 25 -22 -23 -24 27 -26 -27 -28 -29 -30 -31
leaf_value=-0.00052027974726443003 -0.0013253925714927302 0.0014956686644768185 0.00075766880642569594 -0.00039686651861594257 -0.0019323145330226602 0.0010384177652823783 0.0024050182466360554 -0.0024137257461448983 0.00017020905209701206 -0.0014377604180920039 -0.00055100600992666338 -6.126722651178308e-05 -0.003575730357595295 -0.00094609203285633944 -0.0011771704305812338 0.00011102455573838267 0.00054576128477213835 0.0001831978973700127 -0.00082162083347224533 -0.00039952033550690773 0.002217811678999205 3.5341899772128874e-05 -0.0034167716823582891 -0.00085672681594829443 -0.00095268954070197652 0.0077125835956549588 0.00082322610570021999 -0.00013830098114387153 -0.0030075741885751597 -0.00018529298217905945
leaf_weight=128 74 114 108 126 62 111 96 236 64 152 63 73 113 160 104 321 149 401 80 93 102 549 71 87 109 158 84 194 91 873
leaf_count=128 74 114 108 126 62 111 96 236 64 152 63 73 113 160 104 321 149 401 80 93 102 549 71 87 109 158 84 194 91 873
internal_value=-0.00294894 -0.00275753 -0.00250354 -0.00176581 -0.00552062 -0.00450991 -0.00652624 -0.00835227 -0.00451316 -0.009819 0.00277439 0.00333333 -0.00140617 -0.00108411 -0.00140733 -0.000907519 -0.000561331 0.000738994 -0.00182067 0.00559091 -0.000811007 -0.00308464 -0.00644891 -0.00445817 0.000643678 0.0118382 0.00557692 -0.00798408 -0.014153 -0.00175137
internal_weight=5146 5072 4944 3979 965 903 719 611 375 216 159 184 3853 3740 3626 3466 3362 2221 1456 765 1376 1141 592 521 430 335 177 372 178 1274
internal_count=5146 5072 4944 3979 965 903 719 611 375 216 159 184 3853 3740 3626 3466 3362 2221 1456 765 1376 1141 592 521 430 335 177 372 178 1274
is_linear=0
shrinkage=0.035


Tree=125
num_leaves=31
num_cat=0
split_feature=78 247 199 148 9 210 45 89 210 54 49 65 215 68 148 195 32 123 162 238 222 166 82 148 224 230 135 225 38 230
split_gain=10.9219 9.08281 10.021 8.88007 20.1172 12.9872 15.0324 21.3259 12.5576 14.0708 12.075 11.2776 11.2082 10.4086 9.54891 9.5202 9.50082 16.3518 11.6705 12.3706 14.26 11.2202 14.0846 16.9151 13.0649 16.1499 12.1196 11.2079 9.32251 11.0628
threshold=4.66898643147361 636.64999389648449 12.032063338521519 2442.5000000000005 -13.024627749279938 0.24201219438950111 7.9006994611176653 18.703159921434786 0.049223532740586544 0.25104999542236334 7624.5000000000009 0.3473500013351441 -0.046799995005130761 0.014337088269929138 5272.0000000000009 0.015271156829334357 0.13505000621080401 0.026460867103043507 -0.46702174877883479 1.7197443772964951 13.774593539080028 -0.028094073765267066 4138.5000000000009 1193.0000000000002 0.99999999999012501 -0.92774761729419442 -0.89977839339990162 0.093479285197718712 3210.5000000000005 -15.351277871211154
decision_type=2 2 2 2 2 2 2 2 2 2 2 2 2 2 2 2 2 2 2 2 2 2 2 2 2 2 2 2 2 2
left_child=-1 2 -2 4 12 6 7 -5 13 -10 16 -12 -4 -8 -7 -15 17 -6 19 20 -18 28 23 24 25 -23 -24 -26 29 -20
right_child=1 -3 3 5 10 14 8 -9 9 -11 11 -13 -14 15 -16 -17 18 -19 21 -21 -22 22 26 -25 27 -27 -28 -29 -30 -31
leaf_value=-0.00016797728537253976 -0.00054031108184539561 -0.00032468191905669799 0.00019133081603914048 1.0511005145654451e-05 6.7804817735112049e-05 -0.0012300801772927423 -0.0011053506118064843 -0.0014585584393149833 -1.262183688803681e-06 0.0080077325598649478 -1.359414138429993e-05 0.0048365820221479127 0.017349903294628648 0.0017142687913485717 -0.00013947003445066166 -0.0014858950452153578 -2.845338433515088e-05 -0.0014898008982593847 -0.0016408397417029508 -0.00022699537407419593 0.0042672710332327677 0.00084628423104520878 -0.00011845290649308104 0.0023600058708237249 -0.00026822105912837322 -0.00067810596456434617 -0.0012998788929018269 -0.0020830511877276531 -0.0011537291067532339 -0.00011136338796187723
leaf_weight=105 430 77 60 228 616 279 153 208 120 101 199 136 70 133 146 82 79 63 73 183 109 169 86 122 74 185 75 61 392 332
leaf_count=105 430 77 60 228 616 279 153 208 120 101 199 136 70 133 146 82 79 63 73 183 109 169 86 122 74 185 75 61 392 332
internal_value=-0.00275869 -0.00251784 -0.00232441 -0.00183521 -0.000770476 -0.00408935 -0.00193689 -0.0068254 0.00170875 0.00820796 -0.00137209 0.00483824 0.0124444 -0.00225201 -0.00919767 0.00270455 -0.00217416 0.00138158 -0.00341902 0.00214096 0.00834197 -0.00473634 -0.00171171 0.000738636 -0.00219636 0.0013649 -0.010753 -0.01125 -0.00763716 -0.00384146
internal_weight=5146 5041 4964 4534 3084 1450 1025 436 589 221 2954 335 130 368 425 215 2619 679 1940 371 188 1569 772 611 489 354 161 135 797 405
internal_count=5146 5041 4964 4534 3084 1450 1025 436 589 221 2954 335 130 368 425 215 2619 679 1940 371 188 1569 772 611 489 354 161 135 797 405
is_linear=0
shrinkage=0.035


Tree=126
num_leaves=31
num_cat=0
split_feature=153 100 100 71 71 153 115 45 19 217 88 224 93 160 163 163 27 36 148 224 200 205 165 119 101 218 119 113 8 257
split_gain=8.96968 13.8328 14.3601 13.0065 25.376 12.7178 12.5778 11.4446 18.2388 12.3138 11.2679 20.0424 9.82283 16.7891 15.3049 15.8862 19.0518 18.063 15.4504 13.747 18.5546 13.669 14.1374 20.6554 13.6313 13.0013 15.3128 12.5208 14.4412 18.708
threshold=-0.45863478320996887 23.119418651932474 26.354417709114546 873.00000000000011 997.00000000000011 -0.29904187346039141 2136.0000000000005 18.412793389771597 492.75000000000006 74.249474472365776 0.70680001378059398 -0.99999999999477651 1496.5000000000002 0.029300019145011905 -0.41667430361004715 -0.14379873185264877 2110.5000000000005 -7.8565245629910239 30.500000000000004 -0.99999999998965772 -0.037150010466575616 0.030872988701329845 0.033950232719992771 15.180267063673593 0.012834265461275723 69.879121079759202 34.747514246331612 -2.3594922658131159 -105.97862534823268 7.2033394262638888
decision_type=2 2 2 2 2 2 2 2 2 2 2 2 2 2 2 2 2 2 2 2 2 2 2 2 2 2 2 2 2 2
left_child=1 -1 -3 -2 -5 6 -6 8 9 -4 11 -7 13 -13 -14 21 17 18 -17 20 -18 22 23 -16 -25 27 -27 28 -21 -30
right_child=3 2 7 4 5 10 -8 -9 -10 -11 -12 12 14 -15 15 16 19 -19 -20 25 -22 -23 -24 24 -26 26 -28 -29 29 -31
leaf_value=-0.0011886771048987084 -0.0013202459132298137 0.00096923220193010924 -0.00047658072518540266 0.0015361797170188297 0.005087378724088462 0.0059027622659430182 -1.1946558641938166e-05 0.00020535972484008792 0.0020305843489435752 -0.001307451446278682 -0.0041705223233410305 0.001955056881227925 -0.0014600046149586905 -0.0033225677003411495 -0.0023818469335244647 -0.00099358309938439257 -0.0013118230204169736 0.0081504164617592356 0.0014220217245865358 0.0036320290555984644 0.011351248593435422 -0.00083098133418181238 0.002028514858830462 -8.4943348895235039e-05 0.005110102068272942 -0.0018920086394996626 0.0012342342673963055 -0.00031032689153334296 4.0037305432553133e-05 -0.0011900885795211699
leaf_weight=117 178 63 61 74 109 88 187 83 94 113 90 78 143 157 65 107 69 66 131 83 70 71 138 171 132 201 62 1397 546 202
leaf_count=117 178 63 61 74 109 88 187 83 94 113 90 78 143 157 65 107 69 66 131 83 70 71 138 171 132 201 62 1397 546 202
internal_value=-0.00282664 -0.00711754 -0.00400955 -0.00232576 -0.0019462 -0.00229968 0.00465116 -0.00678371 -0.0102564 -0.0168156 -0.00281066 -0.0025226 -0.00290318 -0.00977083 -0.00244876 -0.00198094 -0.00302484 0.00521036 0.000576132 -0.00398482 0.0065625 0.00330756 0.00534247 0.00168901 0.00556818 -0.00458534 -0.0118843 -0.00369906 -0.000293062 -0.00185923
internal_weight=5146 531 414 4615 4437 4363 296 351 268 174 4067 3977 3889 235 3654 3511 2934 304 238 2630 139 577 506 368 303 2491 263 2228 831 748
internal_count=5146 531 414 4615 4437 4363 296 351 268 174 4067 3977 3889 235 3654 3511 2934 304 238 2630 139 577 506 368 303 2491 263 2228 831 748
is_linear=0
shrinkage=0.035


Tree=127
num_leaves=31
num_cat=0
split_feature=251 163 137 120 54 47 142 15 104 41 253 242 6 71 58 183 242 12 260 71 78 71 152 65 258 163 246 287 8 214
split_gain=8.73022 11.5412 11.9503 12.7809 12.2084 10.9783 11.9322 10.6166 10.5406 20.2844 15.8066 18.3457 21.6001 23.735 23.0652 24.1171 18.7124 15.8339 18.0918 19.4498 15.633 16.0604 15.1317 15.005 14.0915 12.9603 12.3959 12.7638 11.5255 14.1646
threshold=7.0783505573390766 -0.37585015145735179 1720.0000000000002 0.66284999251365673 0.23265000432729724 -6.7391574591554528 0.79864999651908886 3.1671287466061853 2454.5000000000005 473.50000000000006 5.1876590288740818 49.118057578400261 -19.031665706505446 1881.5000000000002 -8.6530373162449994 0.36291469204655519 34.637583065786778 10.749236519571085 0.5446196135639193 4192.0000000000009 10.370575557684996 1670.0000000000002 0.071428571426977047 0.28984999656677252 0.026800021529197696 -0.27101791699584404 0.056314437877683608 1.0000000180025095e-35 -226.18723085721561 0.049800023436546333
decision_type=2 2 2 2 2 2 2 2 2 2 2 2 2 2 2 2 2 2 2 2 2 2 2 2 2 2 2 2 2 2
left_child=1 2 3 7 -4 6 -5 -1 10 -10 11 16 13 -13 -15 -16 17 18 19 -3 -14 -22 25 -20 -17 -11 -18 -28 -24 -30
right_child=-2 8 4 5 -6 -7 -8 -9 9 22 -12 12 20 14 15 24 26 -19 23 -21 21 -23 28 -25 -26 -27 27 -29 29 -31
leaf_value=-0.0012251459008809746 0.0065320227759804025 5.1101593384722534e-06 -0.00040179070249556363 0.0043499233252538806 -0.0017667591336633383 0.0082388911526050136 -0.0023023411692636099 -4.2259055129911239e-05 0.0074123336440498301 0.0091444562471788421 -0.0016974116975558961 -0.00051856188471683523 0.0014920517664095574 0.0070798301790604796 -0.0025449381208763702 0.011233939202211914 6.4063244857918636e-05 0.0004397345003784359 -0.0018008969976748561 -0.0009764975714733799 6.3301909266150203e-05 -0.0013337142235339066 -0.0015952565429924999 0.00041211329640773151 7.0498294724635215e-05 -0.00036417758162231783 -0.0018635616153543908 -0.00014263810065928364 0.00042342573877234083 -0.00019003360149584149
leaf_weight=235 60 127 67 66 101 63 65 137 66 74 198 118 69 149 75 75 86 84 60 161 107 320 98 188 117 780 174 320 634 272
leaf_count=235 60 127 67 66 101 63 65 137 66 74 198 118 69 149 75 75 86 84 60 161 107 320 98 188 117 780 174 320 634 272
internal_value=-0.00308484 -0.00324494 -0.00729364 -0.00478109 -0.0153757 0.00246231 -0.00334559 -0.00854111 -0.00255451 -0.0006169 -0.00408549 -0.00322595 0.000202899 0.00506494 0.00897862 0.00270221 -0.00615768 -0.001904 -0.00414048 -0.0100341 -0.00502994 -0.00753472 -0.00131508 0.0027668 0.00923858 -0.00472643 -0.0106496 -0.0127655 0.00159564 0.00284303
internal_weight=5146 5086 734 566 168 194 131 372 4352 1924 2428 2230 1030 534 416 267 1200 620 536 288 496 427 1858 248 192 854 580 494 1004 906
internal_count=5146 5086 734 566 168 194 131 372 4352 1924 2428 2230 1030 534 416 267 1200 620 536 288 496 427 1858 248 192 854 580 494 1004 906
is_linear=0
shrinkage=0.035


Tree=128
num_leaves=31
num_cat=0
split_feature=148 221 203 150 201 183 211 203 218 284 215 154 43 148 238 159 206 148 153 49 49 244 47 244 90 176 173 17 177 47
split_gain=8.27446 15.0759 13.1567 16.1508 12.6726 13.2996 10.2907 20.3296 14.5469 10.3327 9.10773 9.21975 14.4021 13.8179 13.4649 13.3743 13.2795 12.9567 12.6008 12.993 12.6891 17.1955 16.4643 16.6733 11.996 11.7816 10.7515 10.5466 15.7906 10.9798
threshold=19.500000000000004 87.755377530831538 0.95592276002339671 0.045899990946054466 0.40609999746084219 0.94165343635647492 0.7623574795589485 0.93166205946870184 12.368886132322771 1.0000000180025095e-35 0.044349998235702522 -0.038567787381752712 0.26935000717639929 616.00000000000011 -4.2095573617162421 15.020473549314396 -0.35251785326308005 336.50000000000006 0.075728444410722337 4075.5000000000005 1838.0000000000002 0.0056000202894210824 -6.5283446002054983 0.011900003999471666 0.013093312499567876 -0.28686887107230236 -0.11414924075134876 -10.109945911888072 -0.013413248114027283 -9.5003936890360503
decision_type=2 2 2 2 2 2 2 2 2 2 2 2 2 2 2 2 2 2 2 2 2 2 2 2 2 2 2 2 2 2
left_child=1 -1 6 -4 5 -5 7 9 -8 10 11 12 -2 17 15 -15 -16 -14 19 20 21 -13 23 -22 -20 -18 -26 -21 -29 -30
right_child=2 -3 3 4 -6 -7 8 -9 -10 -11 -12 18 13 14 16 -17 25 -19 24 27 22 -23 -24 -25 26 -27 -28 28 29 -31
leaf_value=9.3950503661522502e-05 -0.00033659335312745929 -0.00063182456402621659 -0.00066007797508082675 0.0049289293400670885 -0.00029255251192085305 -0.00011040013227108543 0.0004823860816015555 -0.0015476638156369125 -0.00014406787744492057 -0.0010309196146312621 -0.00095000738558544411 0.00082361828439725512 -4.8648778783170479e-05 0.0059062697135974828 0.0001189770646840277 -0.00029935015257031352 -5.3066053805983506e-06 0.0023594386146785543 0.002261806391635761 -0.0040912301588568916 -2.5041214205201448e-05 -0.0012712864319498769 -0.00065263724286178046 0.010092676715613747 -0.0019674067426457939 -0.0014182474004745262 0.00016785708210904861 -0.00092914856553914305 -0.00094231957386098472 0.00041874359664564572
leaf_weight=77 1894 177 98 145 68 64 80 158 70 202 115 119 74 82 87 71 124 84 253 81 82 110 98 106 63 169 151 89 75 80
leaf_count=77 1894 177 98 145 68 64 80 158 70 202 115 119 74 82 87 71 124 84 253 81 82 110 98 106 63 169 151 89 75 80
internal_value=-0.00281305 -0.00891892 -0.00248724 0.00377632 0.00806738 0.0122664 -0.00301084 -0.00332228 0.00587097 -0.00284884 -0.0024514 -0.0021555 -0.00336486 0.00095546 -0.00175651 0.00686709 -0.00527273 0.0098773 0.000240091 -0.00231953 0.00114423 -0.0049359 0.00601375 0.0119689 0.00481992 -0.00880872 -0.00127854 -0.00774242 -0.00393574 0.00284375
internal_weight=5146 254 4892 375 277 209 4517 4367 150 4209 4007 3892 2585 691 533 153 380 158 1307 840 515 229 286 188 467 293 214 325 244 155
internal_count=5146 254 4892 375 277 209 4517 4367 150 4209 4007 3892 2585 691 533 153 380 158 1307 840 515 229 286 188 467 293 214 325 244 155
is_linear=0
shrinkage=0.035


Tree=129
num_leaves=31
num_cat=0
split_feature=160 137 143 147 27 103 257 147 241 248 13 254 170 254 140 60 230 184 20 136 10 75 91 163 208 231 7 225 148 115
split_gain=8.85954 11.2421 15.1614 12.6206 10.2012 9.36578 10.0927 13.0562 13.4379 14.4077 11.7991 17.4422 15.5825 11.6203 17.4326 16.6293 16.8717 16.4892 21.0518 14.2732 13.3662 11.42 12.0167 11.31 11.1271 10.5827 13.7013 11.5716 10.5337 13.4937
threshold=-0.022850006818771359 51.500000000000007 0.68514999747276317 2.3365499973297124 13840.500000000002 5.4296000003814706 7.0343528610742236 3.3720500469207768 -8.2337613608807185 0.16116838556956561 36.319893798770714 3.0467269416800673 0.021999992430210117 2.4252088795251319 485.50000000000006 1874.0000000000002 13.327889215976052 -0.20594244028604078 64.680696461807415 2.7976499795913701 138.21496089931179 -29.527958903209914 -5.6267302889249668 0.47163080601086416 -0.05670002102851867 3.5652359178461883 -41.740659833172167 0.11327276320980545 2707.5000000000005 3434.5000000000005
decision_type=2 2 2 2 2 2 2 2 2 2 2 2 2 2 2 2 2 2 2 2 2 2 2 2 2 2 2 2 2 2
left_child=-1 -2 4 -4 5 6 10 8 -8 24 11 12 -3 14 15 -12 -17 -15 21 -20 -21 -19 -23 -16 -10 -24 -27 -28 29 -9
right_child=1 2 3 -5 -6 -7 7 28 9 -11 13 -13 -14 17 23 16 -18 18 19 20 -22 22 25 -25 -26 26 27 -29 -30 -31
leaf_value=-0.00059052803658342899 0.0099430223086362495 0.00014559222201869227 -0.0004661047081847242 -0.0029336015051421409 -0.0010747522804527921 -0.001370890504631755 0.00017688556572693098 0.0068197729800984061 0.00015470435594811872 -8.6886781606100312e-05 -0.0012355839816821084 -0.0003560780282841997 0.0087912408666227272 -0.00089124124879647753 -0.00017204873848726101 0.008274291440841193 -0.0010728466144095858 0.0054218988963781684 0.00026199634015247332 -5.3294342078439585e-05 -0.0014056121212527568 0.003703147306034181 0.00024068312823409074 -0.00048383408512664568 -0.0013091796740870596 0.00019182218531200337 -4.6153961699938187e-05 -0.0013247265563331042 -0.00044661981860350398 -4.1555979922475593e-05
leaf_weight=88 98 134 109 75 110 74 142 61 64 349 86 97 79 104 920 104 66 60 151 110 133 117 200 318 714 178 174 68 78 85
leaf_count=88 98 134 109 75 110 74 142 61 64 349 86 97 79 104 920 104 66 60 151 110 133 117 200 318 714 178 174 68 78 85
internal_value=-0.00282664 -0.0026269 -0.00286203 -0.0125926 -0.00247438 -0.00221794 -0.00201001 -0.00436916 -0.00574176 -0.00701855 -0.000868235 0.00555556 0.011078 -0.00159091 -0.00368913 0.00455939 0.0108 0.000834615 0.00201923 -0.0045614 -0.0097379 0.00528055 0.00400943 -0.00540628 -0.00965517 0.002016 -0.00115294 -0.00651822 0.00336245 0.00880795
internal_weight=5146 5058 4960 184 4776 4666 4592 1493 1269 1127 3099 310 213 2789 1494 256 170 1295 1191 394 243 797 737 1238 778 620 420 242 224 146
internal_count=5146 5058 4960 184 4776 4666 4592 1493 1269 1127 3099 310 213 2789 1494 256 170 1295 1191 394 243 797 737 1238 778 620 420 242 224 146
is_linear=0
shrinkage=0.035


Tree=130
num_leaves=31
num_cat=0
split_feature=233 256 55 227 5 140 137 160 215 211 163 19 201 159 136 211 244 93 11 215 103 32 91 55 203 245 232 43 12 32
split_gain=11.5932 10.0341 28.9286 14.7846 14.3422 14.0948 12.1989 11.9477 19.9472 14.2113 13.7101 16.6804 17.3699 14.1256 13.4204 15.6394 12.1847 12.2798 22.9143 11.949 14.7725 12.1257 11.8909 11.0864 11.0842 11.2182 10.8595 13.9459 12.082 12.1777
threshold=5218.9199218750009 78.505260609478043 0.41915000975131994 0.5722464664403849 119.19525342383902 486.50000000000006 85.500000000000014 0.0320500135421753 -0.014399990439414976 0.18016751636414322 0.72539688239913358 529.39001464843761 0.17765000090003016 15.266601167017667 2.3697999715805058 0.84724815590555747 0.032749995589256294 5902.0000000000009 114.08043422885873 -0.046900000423192971 3.1462500095367436 0.13174999505281451 -4.2317636285361724 0.32834999263286596 0.88389636518366976 0.22248150347014131 2.2596266615060316 0.24385000020265582 3.5792627822450469 0.13235000520944598
decision_type=2 2 2 2 2 2 2 2 2 2 2 2 2 2 2 2 2 2 2 2 2 2 2 2 2 2 2 2 2 2
left_child=-1 2 4 -4 5 -2 -3 8 19 -10 11 13 -13 24 -12 -16 17 22 -19 20 -7 -22 -14 -15 25 -9 27 -21 29 -28
right_child=1 6 3 -5 -6 7 -8 10 9 -11 14 12 16 23 15 -17 -18 18 -20 26 21 -23 -24 -25 -26 -27 28 -29 -30 -31
leaf_value=-0.0013022326347567593 0.0068260206656487604 0.011725131369564127 -0.0012193697433289072 -5.7953007377760104e-05 -0.00054810142295430412 0.0083094807082268948 -9.4203548603421242e-05 0.0041792979575349404 0.0066638489298857361 -1.8169098270193752e-05 0.00030623914961543563 0.0078063320152052199 -0.0012422559297149251 0.00047080437484831782 -0.001810931246650952 -6.7073461403627251e-06 0.00014523226030903338 0.00065663836394832533 -0.00032749848224431643 -0.00035909023494600905 -0.00078641806241600064 0.00024346525457775051 -0.00019520640330832813 -0.0020889774939473007 0.013118105174523194 -0.00014101899981657369 0.00027918133931664844 0.00043052296206157642 -0.00080636086553055131 -0.00029241828800956885
leaf_weight=80 119 90 458 147 106 67 875 155 67 76 66 70 140 74 77 85 126 258 112 61 138 129 388 61 60 98 70 86 614 193
leaf_count=80 119 90 458 147 106 67 875 155 67 76 66 70 140 74 77 85 126 258 112 61 138 129 388 61 60 98 70 86 614 193
internal_value=-0.00281305 -0.00259515 -0.00334998 -0.0103852 -0.00211939 -0.00171134 0.000613402 -0.00214744 -0.00443891 0.00780405 -0.000197183 0.000995475 -0.00133758 0.00664459 -0.00811159 -0.0134132 -0.00251701 -0.00395349 0.000933333 -0.00575202 0 -0.00373162 -0.0073546 -0.00275 0.0106761 0.00718992 -0.00761905 0.00115132 -0.0090873 -0.00274254
internal_weight=5146 5066 4101 605 3496 3390 965 3271 1501 143 1770 1542 1094 448 228 162 1024 898 370 1358 334 267 528 135 313 253 1024 147 877 263
internal_count=5146 5066 4101 605 3496 3390 965 3271 1501 143 1770 1542 1094 448 228 162 1024 898 370 1358 334 267 528 135 313 253 1024 147 877 263
is_linear=0
shrinkage=0.035


Tree=131
num_leaves=31
num_cat=0
split_feature=199 9 209 186 181 245 225 228 104 38 60 7 227 94 38 65 8 138 235 8 27 216 100 38 245 46 145 210 196 133
split_gain=11.1528 13.1635 12.2518 12.5698 11.3115 13.67 12.2294 10.9878 17.0456 19.7534 14.9362 12.5531 13.5657 12.5359 11.5434 11.4165 11.3636 11.216 11.4068 10.9716 11.6394 11.6106 13.6758 13.7579 10.6122 10.6008 10.9111 10.264 16.6955 11.0479
threshold=12.527602780787118 116.34292468105484 11.578605488650075 -0.57308263014021465 0.20932500064373019 0.19622546403355554 0.22246187631798672 0.83154469760926564 1632.0000000000002 1504.0000000000002 3719.0000000000005 -64.598209315272825 0.56104055781380791 322.50000000000006 3031.5000000000005 0.34774999320507055 -76.723943946737791 4.5000000000000009 -0.17049042178030047 -65.379650051875942 6057.5000000000009 61.699744803135687 12.341227525369506 1428.5000000000002 0.22248150347014131 0.020100990833889356 0.025402600663612964 0.060308639631316753 -0.18367715303904794 46.896371059874248
decision_type=2 2 2 2 2 2 2 2 2 2 2 2 2 2 2 2 2 2 2 2 2 2 2 2 2 2 2 2 2 2
left_child=1 -1 3 24 -5 6 -6 10 9 -9 16 12 17 15 -13 -12 25 -10 -19 -18 21 22 -21 -24 -2 -4 -27 29 -29 -16
right_child=2 -3 7 4 5 -7 -8 8 11 -11 13 14 -14 -15 27 -17 19 18 -20 20 -22 -23 23 -25 -26 26 -28 28 -30 -31
leaf_value=-0.00065397444477088233 0.0016354464826500226 6.9488210210118121e-05 -0.0003141999781394628 -0.00080513011609427009 -0.00048508286613008385 0.00038901426765221075 0.0031234936246666511 -6.4107126107064706e-05 -0.003631678189226713 -0.0011262379872288395 0.00064670551452967497 -0.0006840387304743829 0.00042558263234822541 -0.00055939182772023015 0.00072995019568221863 -0.00067396105676352101 -0.00069474923677791047 0.00041781912776191286 -0.0008534107047930196 -0.0017845346644330849 0.0029534503076324319 -0.00070189623161063207 0.0039532125107833637 -7.903938965002744e-05 -5.9198443417758381e-05 0.0030974096655699878 7.7516342714034636e-05 -1.8208533985035194e-05 0.0074568584101195427 -0.0012241919343220198
leaf_weight=548 238 170 81 96 534 287 72 128 87 265 122 96 127 550 70 124 124 62 223 68 101 69 79 154 103 194 126 75 83 90
leaf_count=548 238 170 81 96 534 287 72 128 87 265 122 96 127 550 70 124 124 62 223 68 101 69 79 154 103 194 126 75 83 90
internal_value=-0.00284023 -0.00687414 -0.00217911 0.000629213 -0.00137324 -0.000116927 -0.00309329 -0.00338382 -0.00581998 -0.0118719 -0.00159711 -0.00316449 -0.006875 -0.00515605 0.00133652 0.00139442 0.00125874 -0.0102122 -0.00663793 -0.00180833 0.000661765 -0.00224 0.000800654 0.00485294 0.00637283 0.00577586 0.00861538 0.00455108 0.0107362 -0.00169697
internal_weight=5146 718 4428 1330 989 893 606 3098 1306 393 1792 913 499 796 414 246 996 372 285 595 471 370 301 233 341 401 320 318 158 160
internal_count=5146 718 4428 1330 989 893 606 3098 1306 393 1792 913 499 796 414 246 996 372 285 595 471 370 301 233 341 401 320 318 158 160
is_linear=0
shrinkage=0.035


Tree=132
num_leaves=31
num_cat=0
split_feature=146 60 173 37 270 270 49 65 242 171 256 67 125 247 132 218 163 160 10 222 127 243 35 159 163 8 226 270 80 127
split_gain=8.92226 19.5546 11.5797 11.5225 14.8438 21.3795 14.6931 13.6628 13.1695 20.0451 14.6222 16.6411 14.535 14.121 19.9277 19.0865 14.0621 13.9236 14.3056 13.0121 12.876 13.941 14.7523 12.5387 12.3047 16.9652 13.3488 12.7943 12.1598 11.9174
threshold=-2.1471044133112049 3904.5000000000005 0.29609851551038363 1.5998499989509585 163.31531411807021 156.82215723624117 1032.5000000000002 0.3335500061511994 47.37640909271358 0.34040000289678579 43.421008428720675 14.894771706951717 4.7490999698638925 603.15499877929699 0.26635000109672552 18.432452287837375 0.016111548400290134 0.016600005328655246 118.17344399099622 8.4336263153956512 27.500000000000004 5.7972286943666358 0.030536192360391658 14.88635245464552 -0.14379873185264877 -62.55725624271809 -2.8939301562624915 52.957645327980401 -5.6670198998895547 40.500000000000007
decision_type=2 2 2 2 2 2 2 2 2 2 2 2 2 2 2 2 2 2 2 2 2 2 2 2 2 2 2 2 2 2
left_child=1 2 -1 -2 5 6 7 -5 9 10 11 12 17 14 -10 29 -12 23 24 -9 21 -17 -23 -8 25 27 -26 -19 -11 -16
right_child=3 -3 -4 4 -6 -7 8 19 13 28 16 -13 -14 -15 15 20 -18 18 -20 -21 -22 22 -24 -25 26 -27 -28 -29 -30 -31
leaf_value=0.0067846726658548195 0.00041657458358958346 -0.0022794910772127538 -0.00058918333510892158 5.8380285291069204e-05 0.013840733630541727 -0.0029186647483874059 -4.8076579876866202e-05 -2.2748294847600023e-05 0.0060974053691147953 -0.0032653854881404929 1.1830952675701558e-05 0.0030141713478033186 -0.0011226229173643275 -0.00026130628901364808 3.3133446206989885e-05 0.00034052618845694635 -0.0010557718463024503 -0.00071512142517652765 -0.00086533417992363095 -0.0017009271191289195 0.0012317482990307326 -0.0018298050330973472 0.0016366045626073759 -0.00103144068582411 -0.00056309820299983997 0.007742298694447064 2.1447362880588628e-05 0.00041741831169608227 -0.00013668188975427196 -0.00067732986350425915
leaf_weight=65 287 98 89 93 80 68 61 62 77 99 61 102 234 171 215 155 107 101 77 160 810 107 64 72 249 135 745 67 82 353
leaf_count=65 287 98 89 93 80 68 61 62 77 99 61 102 234 171 215 155 107 101 77 160 810 107 64 72 249 135 745 67 82 353
internal_value=-0.00289458 -0.0092607 -0.00132075 -0.00255766 -0.00298244 -0.00325132 -0.00294019 -0.0101719 -0.00237889 -0.0042376 -0.00321181 -0.00229167 -0.0031071 -0.000286152 0.000646697 -0.000163839 -0.012948 -0.0018287 -0.000761421 -0.0148018 0.00245399 -0.00338369 -0.010142 -0.0124275 0.000134409 0.00625 -0.00175175 -0.00121387 -0.0152419 -0.00537522
internal_weight=5146 252 154 4894 4607 4527 4459 315 4144 2192 2011 1843 1741 1952 1781 1704 168 1507 1374 222 1136 326 171 133 1297 303 994 168 181 568
internal_count=5146 252 154 4894 4607 4527 4459 315 4144 2192 2011 1843 1741 1952 1781 1704 168 1507 1374 222 1136 326 171 133 1297 303 994 168 181 568
is_linear=0
shrinkage=0.035


Tree=133
num_leaves=31
num_cat=0
split_feature=162 136 82 227 91 12 246 32 112 152 207 131 71 193 64 16 63 63 49 202 93 134 225 214 17 148 148 226 11 217
split_gain=10.6362 13.5871 13.5507 12.6029 9.96799 12.2156 11.15 9.70216 9.74561 11.6941 9.69072 11.2843 11.3364 11.4694 8.99707 11.6183 8.79838 12.6047 20.4268 16.83 11.2576 11.4134 11.6467 10.7444 14.4427 12.8369 11.6182 14.8894 11.5859 10.6445
threshold=-0.27005577005358689 3.3839000463485722 5963.0000000000009 0.64762805664086998 -2.8886232801230021 10.240222210863761 0.45460120987386893 0.16145000606775287 0.010471219154588105 -0.43169856458971212 0.093579721955087167 0.7730500102043153 9522.5000000000018 -0.27357163531750123 12.324026804629852 -1.2639082165682989 452.50000000000006 528.50000000000011 8838.0000000000018 0.99999999991987187 2457.0000000000005 0.029247947385116536 0.29761075531718606 0.046800009906291969 -9.8709278447228748 5160.5000000000009 4291.0000000000009 10.406152308389817 232.51843066170809 40.354695902790326
decision_type=2 2 2 2 2 2 2 2 2 2 2 2 2 2 2 2 2 2 2 2 2 2 2 2 2 2 2 2 2 2
left_child=1 2 3 4 7 6 -6 8 9 -1 11 -2 16 -14 -12 -16 -13 18 23 20 -19 22 -22 24 26 28 27 -18 29 -25
right_child=10 -3 -4 -5 5 -7 -8 -9 -10 -11 14 12 13 -15 15 -17 17 19 -20 -21 21 -23 -24 25 -26 -27 -28 -29 -30 -31
leaf_value=-0.00063136604572641708 -0.00068585303031395929 0.00035049825136708305 0.00031616598353497675 0.0037609539184931444 -0.00093154549986354984 -0.0026502526471728536 9.2742100444212505e-05 0.00019557864210707434 -0.00047167612917724315 0.00045651340089072629 -0.00023666181392350579 -0.0017055696950683142 -0.0003244891444317899 0.0026776680228654389 -0.00022563286486528279 0.0010154092478695171 -0.00097417865147591967 -0.0021608412620061708 0.0084572747093160389 -0.0014871430340243153 -0.00025522551191289769 0.0001190165066424219 0.00045301140121087623 0.00011999420231714132 0.00014198094827020671 0.005388095333633768 -0.0027819056003309701 0.0064732502456243714 4.9058808891748623e-05 -0.0019012832005301762
leaf_weight=67 294 205 162 95 70 67 65 198 439 118 90 136 60 96 99 138 194 116 75 75 706 92 114 68 593 66 69 73 134 372
leaf_count=67 294 205 162 95 70 67 65 198 439 118 90 136 60 96 99 138 194 116 75 75 706 92 114 68 593 66 69 73 134 372
internal_value=-0.00292176 -0.000422535 -0.00176905 -0.00314502 -0.00428571 -0.0111594 -0.00475 -0.0025393 -0.00467409 0.00202632 -0.00393452 -0.0044982 -0.00385184 0.00521739 0.00179217 0.00535124 -0.00435076 -0.00390443 -0.0019527 -0.00679152 -0.00555663 -0.00419847 -0.00551515 -0.00282402 -0.000412206 -0.00629457 -0.00615836 -0.00270221 -0.00797927 -0.0106966
internal_weight=5146 1486 1281 1119 1024 202 135 822 624 185 3660 3333 3039 156 327 237 2883 2747 1644 1103 1028 912 820 1569 929 640 336 267 574 440
internal_count=5146 1486 1281 1119 1024 202 135 822 624 185 3660 3333 3039 156 327 237 2883 2747 1644 1103 1028 912 820 1569 929 640 336 267 574 440
is_linear=0
shrinkage=0.035


Tree=134
num_leaves=31
num_cat=0
split_feature=27 233 41 255 135 223 141 2 133 129 38 126 21 71 114 5 12 47 146 163 153 30 136 32 27 241 27 6 13 56
split_gain=9.93229 9.36789 8.81457 8.87161 17.0966 10.875 9.71035 15.067 14.8942 17.4973 13.1762 18.0404 14.3469 13.6143 12.4486 13.1738 12.0392 11.4684 11.2556 19.2125 27.3243 17.7162 16.9941 15.2562 13.8001 13.8669 17.294 13.4792 11.8125 11.2775
threshold=13840.500000000002 5218.9199218750009 447.50000000000006 -10.593789223637405 -0.74059790553599159 25.164102731115175 72.988844839981809 468.91000366210943 87.239812462966313 470.50000000000006 3210.5000000000005 1859.5000000000002 0.14944999665021899 3249.5000000000005 3.6592999696731572 10.041856727866938 17.840094696112718 -5.3143086488172102 -1.3491338885207618 0.53998525062329328 0.39916191529195583 503.50000000000006 3.8698999881744389 0.15145000070333484 7690.5000000000009 -2.7544829714670755 4624.5000000000009 -17.094624410053033 45.85533571122081 6.6800869997703058
decision_type=2 2 2 2 2 2 2 2 2 2 2 2 2 2 2 2 2 2 2 2 2 2 2 2 2 2 2 2 2 2
left_child=1 -1 -3 4 5 -4 7 -5 9 -9 11 12 -8 -13 15 -12 18 -16 21 22 -21 27 29 -22 25 26 -23 -11 -27 -20
right_child=-2 2 3 6 -6 -7 10 8 -10 16 14 13 -14 -15 17 -17 -18 -19 19 20 23 24 -24 -25 -26 28 -28 -29 -30 -31
leaf_value=-0.001420170277279855 -0.00098187305245754273 0.0022524735128866317 0.0038803207578798735 0.0067118870907526777 -0.0018492555278620808 -0.00017798877205986083 -0.00023278480591290565 -0.0047288090067585361 0.00011651822923202035 0.0069188520189730875 -0.0018231999235840284 0.0054924154413823652 -0.0018590605079920575 -0.0019375140407525819 -0.0029452082944949358 0.00044913822557510479 0.0041798954182341273 -0.00057845783468110819 0.00017332544710698728 -0.0008898260147189636 -0.00021865512533066791 0.00071760192678704186 -0.00065836466660248701 0.00026036422807935625 0.0041412000453216209 -0.00027769009349136789 -0.00085980167578903768 -0.00030166602969236572 -0.001271636244408601 -3.0850228993122842e-05
leaf_weight=80 113 73 141 83 84 62 188 67 168 73 70 162 145 66 136 109 130 93 499 185 121 78 102 93 76 121 75 73 355 1325
leaf_count=80 113 73 141 83 84 62 188 67 168 73 70 162 145 66 136 109 130 93 499 185 121 78 102 93 76 121 75 73 355 1325
internal_value=-0.00270433 -0.00246626 -0.00226603 -0.00245036 0.00347603 0.00891827 -0.00282405 -0.00198677 -0.00233926 -0.00284932 -0.00592916 -0.00241166 -0.00755917 0.0051073 -0.010678 -0.00361413 -0.00247357 -0.0160043 -0.00290475 -0.00163734 -0.00857673 -0.00633762 -0.000181253 0 -0.00862676 -0.0103233 -0.00110759 0.00463576 -0.0132432 0.000612356
internal_weight=5146 5033 4953 4880 287 203 4593 3624 3541 3373 969 561 333 228 408 179 3306 229 3176 2325 399 851 1926 214 705 629 153 146 476 1824
internal_count=5146 5033 4953 4880 287 203 4593 3624 3541 3373 969 561 333 228 408 179 3306 229 3176 2325 399 851 1926 214 705 629 153 146 476 1824
is_linear=0
shrinkage=0.035


Tree=135
num_leaves=31
num_cat=0
split_feature=172 16 153 130 217 211 71 71 153 137 82 150 150 236 148 203 115 184 16 182 5 192 241 125 173 170 243 123 123 146
split_gain=10.5785 10.2375 8.63353 12.4728 14.8337 28.3565 11.1301 13.7047 12.907 12.6855 11.37 11.3502 11.6641 11.4046 12.5924 13.0144 11.0949 10.7931 10.7161 10.406 9.80093 9.4357 11.266 10.7487 12.2287 15.5705 13.5099 13.3419 19.2056 12.6835
threshold=0.69949215142894261 1.2700042596969221 -0.45863478320996887 -101.7193740691452 73.656236215802934 -0.69276302942170198 873.00000000000011 997.00000000000011 -0.29904187346039141 159.00000000000003 2405.5000000000005 0.018549993634223941 0.030249997973442081 3.830553546907423 5320.0000000000009 -0.7083239313892099 1526.0000000000002 -0.034257251051386058 -3.7622373108031621 0.094271260595735054 88.532629435463818 -0.56013591328900891 -3.4992245868797895 4.8768999576568612 0.059351024640837156 0.014900006353855135 6.5550535607588838 0.010139423466659461 0.021886195991392573 -1.3336609854272778
decision_type=2 2 2 2 2 2 2 2 2 2 2 2 2 2 2 2 2 2 2 2 2 2 2 2 2 2 2 2 2 2
left_child=2 -2 3 -1 5 -5 9 -8 10 -4 -9 -10 -13 14 16 -16 18 20 -14 -12 -15 22 -18 24 27 26 29 -23 -29 -26
right_child=1 -3 6 4 -6 -7 7 8 11 -11 19 12 13 17 15 -17 21 -19 -20 -21 -22 23 -24 -25 25 -27 -28 28 -30 -31
leaf_value=0.0014906970279764985 -0.0011765986414408963 -9.8824515724442739e-05 9.7163080392423395e-05 0.015066465519544308 -0.0010149811400953796 -0.00052407706490440939 0.0012859131123810984 -0.00040819838572034002 0.00087149163405710354 -0.0017139971763084978 0.0057811379492579617 -0.00065380272014059883 -0.00078573691962408965 -0.00065233676198337722 -0.00024383061992487993 0.0033239219568945389 0.0002033839835783366 -0.00076084554879618993 -0.0040828942586700187 0.00010011998338701756 0.00047232696772240239 -0.00077282814452136258 -0.00046199742377718182 -0.0013762172563870669 -0.0015917668586334669 1.9627334161829714e-05 4.4587641660511771e-05 0.0053780300112538518 -0.0002899866970402235 -0.0001553274046241346
leaf_weight=72 153 127 60 83 133 204 73 70 123 106 97 243 125 158 64 123 94 400 92 115 99 100 360 122 81 1061 72 312 92 132
leaf_count=72 153 127 60 83 133 204 73 70 123 106 97 243 125 158 64 123 94 400 92 115 99 100 360 122 81 1061 72 312 92 132
internal_value=-0.00277228 -0.00933333 -0.00238555 -0.00676056 -0.00905882 -0.00443493 -0.00188628 -0.0015286 -0.00180072 -0.0106433 0.00536585 -0.00233152 -0.00268005 -0.00215493 -0.00118519 0.00747396 -0.0018108 -0.00629154 -0.0093018 0.00935484 -0.000667939 -0.00112299 -0.0056427 -7.08144e-05 0.000603774 -0.0011399 -0.00832759 0.00522593 0.00804401 -0.0126835
internal_weight=5146 280 4866 492 420 287 4374 4208 4135 166 282 3853 3730 3487 2830 187 2643 657 217 212 257 2426 454 1972 1850 1346 285 504 404 213
internal_count=5146 280 4866 492 420 287 4374 4208 4135 166 282 3853 3730 3487 2830 187 2643 657 217 212 257 2426 454 1972 1850 1346 285 504 404 213
is_linear=0
shrinkage=0.035


Tree=136
num_leaves=31
num_cat=0
split_feature=148 126 69 223 247 195 77 21 115 38 27 256 72 245 54 94 151 38 43 214 116 4 26 38 243 169 149 203 210 210
split_gain=11.6711 14.5014 19.8169 20.6709 23.2253 18.0446 26.0458 13.9198 12.4708 24.582 15.4559 18.6791 13.5994 11.9579 13.6911 15.7785 12.896 13.1596 12.308 12.2233 11.8123 11.9161 15.7224 14.2558 20.3342 18.6994 16.8307 17.9705 11.0905 12.6505
threshold=2442.5000000000005 1959.0000000000002 -11.217940848567492 36.221418127452857 573.77502441406261 0.01004003262935307 0.22470000386238101 0.14404999464750293 1326.5000000000002 9961.0000000000018 3884.5000000000005 78.505260609478043 655.50000000000011 -0.048958578028309059 0.26344999670982366 683.50000000000011 0.25077499821782118 7036.5000000000009 0.24614999443292621 0.064949996769428267 68.500000000000014 36.038725445014542 2.1032000780105595 1676.0000000000002 1.8581180220202784 14.358416365459007 14.500000000000002 0.64415501455831359 0.24201219438950111 -0.097485223765365323
decision_type=2 2 2 2 2 2 2 2 2 2 2 2 2 2 2 2 2 2 2 2 2 2 2 2 2 2 2 2 2 2
left_child=1 20 -3 4 -4 -6 7 -7 9 10 11 -2 -12 -10 16 -16 17 18 -15 -18 -1 23 -23 24 -22 -26 27 -25 29 -13
right_child=8 2 3 -5 5 6 -8 -9 13 -11 12 28 -14 14 15 -17 19 -19 -20 -21 21 22 -24 26 25 -27 -28 -29 -30 -31
leaf_value=-0.00031517152727248646 -0.0019780930255977299 -0.0015475362569570376 -0.0012762931688411177 0.010635689318492092 -0.00091319634364411817 0.00031383960571670705 0.0027925701619644946 -0.00050246663558185941 -5.2376066732081064e-05 0.01274937684656245 0.0056040538842255195 -0.0012085069714493355 -0.0026379423197760996 0.0027043125728701046 -0.00050378924540399306 0.0013642465663611968 -0.0032817669327870431 -0.0012196768619600338 -0.00096311102080421469 -0.00016118582944345429 -0.00020454516536350001 -0.0026076595449868851 2.3721734827955034e-05 0.0042585566763462812 -4.942569604882153e-07 0.0037269146778594504 -0.00033983611237483892 -5.3996961483545331e-05 -0.0025870802444648354 0.0076331928298674608
leaf_weight=912 182 62 156 104 186 93 355 96 223 61 101 67 60 61 122 60 193 90 66 61 84 108 83 124 138 167 559 371 83 118
leaf_count=912 182 62 156 104 186 93 355 96 223 61 101 67 60 61 122 60 193 90 66 61 84 108 83 124 138 167 559 371 83 118
internal_value=-0.00282664 -0.00172911 0.00172185 0.00295477 0.00117845 0.00380952 0.00701275 -0.00342784 -0.00536381 -0.00175775 -0.00392045 -0.00723077 0.00527108 -0.00810443 -0.0104787 -0.00224599 -0.0136029 -0.00709459 0.000265152 -0.0189189 -0.00315563 -0.00136669 -0.00946429 -0.000265884 0.00541878 0.00959677 -0.0023796 0.00231 -0.00128205 0.0035
internal_weight=5146 3598 1052 990 886 730 544 189 1548 672 611 450 161 876 653 182 471 217 127 254 2546 1634 191 1443 389 305 1054 495 268 185
internal_count=5146 3598 1052 990 886 730 544 189 1548 672 611 450 161 876 653 182 471 217 127 254 2546 1634 191 1443 389 305 1054 495 268 185
is_linear=0
shrinkage=0.035


Tree=137
num_leaves=31
num_cat=0
split_feature=163 163 104 137 92 38 38 27 150 137 48 146 10 41 27 33 250 250 86 222 49 242 114 242 130 93 82 2 113 49
split_gain=9.59571 21.255 26.8692 11.1593 15.2192 17.3343 15.62 10.1036 14.5301 14.0168 13.8057 18.6926 22.1007 11.7011 11.0084 10.8586 17.0082 15.0754 12.2485 12.1955 12.3121 17.3816 11.778 14.1784 11.5107 12.0881 11.4825 12.0757 10.3027 10.195
threshold=-0.32252202113262401 -0.27101791699584404 3781.0000000000005 1720.0000000000002 4.1170499324798593 5302.0000000000009 1698.5000000000002 2248.0000000000005 0.018549993634223941 9858.0000000000018 3.4303499460220341 -1.2802949102821983 176.36678772232162 506.50000000000006 5723.0000000000009 0.3546500056982041 2.3540473077199313 -3.8974452583995229 2.0856694405368974 37.87227750949409 2540.0000000000005 44.821758853600464 3.7402000427246098 65.727019125074776 -77.843309131750956 1835.5000000000002 2079.5000000000005 505.05999755859381 -1.5167453240564157 3453.5000000000005
decision_type=2 2 2 2 2 2 2 2 2 2 2 2 2 2 2 2 2 2 2 2 2 2 2 2 2 2 2 2 2 2
left_child=3 2 -2 4 6 -6 -1 10 -9 15 11 13 -13 -3 -11 17 24 18 -10 20 21 -19 23 -18 25 -17 -27 -28 -24 -22
right_child=1 7 -4 -5 5 -7 -8 8 9 14 -12 12 -14 -15 -16 16 22 19 -20 -21 29 -23 28 -25 -26 26 27 -29 -30 -31
leaf_value=-0.0015483396318296673 -0.00050840359562910977 0.0044258667079268626 0.010792882500738702 -0.00087353616287700285 0.0040197186217037547 -0.00093609013946885714 -0.00026679370154700677 0.0016657556211714314 -0.00015715798974788808 0.0049275966817449003 0.0010064292356327662 -0.0012874672355406925 0.0002779569574907953 -0.00048626087209067476 -0.00039173319892551187 -0.0038764346866371163 -0.0037180578328883745 0.009877562814760054 0.0039087110212680876 0.0037191621990142441 -0.00048754319623195045 -9.6287886332975813e-05 -0.0051904569432344632 0.0001003297930891961 -0.0004182881266652794 -0.00057368834861614901 0.0084034934175425628 -0.0005850293747649472 -0.0026667539059196028 -0.00014676420772924417
leaf_weight=87 87 129 77 279 138 77 361 100 138 110 186 210 75 65 77 63 76 82 124 60 181 79 75 109 351 79 76 63 64 1468
leaf_count=87 87 129 77 279 138 77 361 100 138 110 186 210 75 65 77 63 76 82 124 60 181 79 75 109 351 79 76 63 64 1468
internal_value=-0.00294894 -0.00222856 0.00994083 -0.00613516 -0.00361527 0.00397727 -0.00726269 -0.00273424 -0.00351036 -0.00391616 0.00120149 -0.00195248 -0.00760345 0.00633166 0.00528646 -0.00448109 -0.00757544 -0.00307908 0.0047191 -0.00418133 -0.00470523 0.00442771 -0.0140426 -0.00792105 -0.00417582 0.0011014 0.00502242 0.0109375 -0.0216319 -0.00560762
internal_weight=5146 4204 164 942 663 215 448 4040 3375 3275 665 479 285 194 187 3088 956 2132 262 1870 1810 161 324 185 632 281 218 139 139 1649
internal_count=5146 4204 164 942 663 215 448 4040 3375 3275 665 479 285 194 187 3088 956 2132 262 1870 1810 161 324 185 632 281 218 139 139 1649
is_linear=0
shrinkage=0.035


Tree=138
num_leaves=31
num_cat=0
split_feature=160 150 124 163 92 93 26 126 43 27 13 17 67 33 242 46 256 162 218 256 48 5 2 71 115 11 135 10 247 33
split_gain=9.52606 10.257 11.4454 10.7473 13.515 12.9621 13.9751 11.0102 10.5748 10.2105 9.97719 20.536 13.6603 13.4109 11.2165 18.7893 17.9545 20.2621 17.0735 15.7166 15.0095 20.0632 14.3116 14.1575 13.705 13.9638 17.2674 14.34 13.6649 17.2785
threshold=-0.022850006818771359 0.0058999806642532357 -2.6763436962285838 -0.43045058354451987 3.7267999649047856 690.50000000000011 2.4851500988006596 2369.5000000000005 0.24464999884366992 13840.500000000002 36.370916411691638 -0.42570338731839902 10.608995411278672 0.26434999704360967 47.37640909271358 0.041812386876618167 41.397730969343414 -0.088345248244881588 15.190475288498364 33.865956059730529 2.8713999986648564 56.637311875070701 549.29998779296886 1715.0000000000002 6154.0000000000009 219.40870338570542 -0.73844571792852298 61.424901482816296 553.33499145507824 0.58550000190734874
decision_type=2 2 2 2 2 2 2 2 2 2 2 2 2 2 2 2 2 2 2 2 2 2 2 2 2 2 2 2 2 2
left_child=-1 2 -2 4 7 -6 -7 -3 -9 10 11 13 -13 -5 16 18 17 -12 23 -19 -18 22 -22 -16 25 27 -27 -20 -29 -30
right_child=1 3 -4 9 5 6 -8 8 -10 -11 14 12 -14 -15 15 -17 20 19 24 -21 21 -23 -24 -25 -26 26 -28 28 29 -31
leaf_value=-0.00048918421773648274 0.013007616068755778 -0.0033474881161580108 -0.00020690289557693866 0.00012966313327182621 0.0015522142725009074 1.7116093988151507e-05 -0.00094402966691788895 0.00019496872873158268 -0.0017950459273570404 -0.0010831920488336428 8.7081053827889346e-05 4.5173262491496342e-05 -0.0018380594236707655 0.010699497437437217 4.0526930123266084e-05 0.0027719766536093379 -0.0016701023980371101 -0.00047345161450496699 0.0007318153198950084 0.00035115215890148212 -0.00029821862547810637 -0.0008027567111916138 0.00022065506947258008 -0.0007641638803466106 0.005719193366559041 0.004894294192494663 -0.00036459745999411889 -0.0051653643998605557 -0.00034345743953241798 0.017091602411276892
leaf_weight=88 62 79 113 132 105 81 93 63 85 85 514 149 85 64 114 204 125 734 337 138 122 116 64 455 76 158 64 92 486 63
leaf_count=88 62 79 113 132 105 81 93 63 85 85 514 149 85 64 114 204 125 734 337 138 122 116 64 455 76 158 64 92 486 63
internal_value=-0.00317997 -0.00297255 0.00525 -0.0032723 -0.00808219 -0.00283451 -0.00860335 -0.0143319 -0.00823529 -0.00270767 -0.00245986 0.00257471 -0.00439331 0.010796 -0.00302302 -0.00124391 -0.00502475 -0.00306973 -0.00236486 -0.00630559 -0.0112616 -0.00684039 0.000366492 -0.00737805 -0.00010929 -0.00104564 0.00678414 -0.00284842 -0.00590557 -0.00372744
internal_weight=5146 5058 175 4883 506 279 174 227 148 4377 4292 430 234 196 3862 2049 1813 1386 1845 872 427 302 186 569 1276 1200 222 978 641 549
internal_count=5146 5058 175 4883 506 279 174 227 148 4377 4292 430 234 196 3862 2049 1813 1386 1845 872 427 302 186 569 1276 1200 222 978 641 549
is_linear=0
shrinkage=0.035


Tree=139
num_leaves=31
num_cat=0
split_feature=162 82 225 136 227 91 12 207 60 246 131 172 71 194 82 49 8 245 7 213 82 115 207 115 233 112 225 32 91 72
split_gain=8.82888 10.9321 13.854 10.6666 12.4729 11.1875 11.4924 10.1573 10.2426 10.0071 9.96132 12.3986 11.5174 11.5508 14.3618 14.3459 13.8491 13.1859 13.3676 12.8861 15.7694 13.66 13.4672 10.0968 9.51483 13.91 9.38445 11.2537 10.0804 8.94175
threshold=-0.27005577005358689 5963.0000000000009 0.13595778919415721 3.3839000463485722 0.64762805664086998 -2.8886232801230021 10.240222210863761 0.093579721955087167 10032.500000000002 0.45460120987386893 0.77355000376701366 0.22583292519222972 9522.5000000000018 0.047658906107719258 8030.5000000000009 7624.5000000000009 -123.03902953120975 0.10427954237265495 -47.568556849559009 10.609958081718426 5222.5000000000009 2840.5000000000005 -0.0010472750445062698 4238.0000000000009 5658.9899902343759 0.012578604186544724 0.19606387964612429 0.16145000606775287 -3.7537764839653467 391.50000000000006
decision_type=2 2 2 2 2 2 2 2 2 2 2 2 2 2 2 2 2 2 2 2 2 2 2 2 2 2 2 2 2 2
left_child=1 3 -3 4 5 26 9 8 10 -7 11 -2 13 16 15 17 19 18 -15 22 21 -21 -12 -19 25 -24 27 28 29 -1
right_child=7 2 -4 -5 -6 6 -8 -9 -10 -11 12 -13 -14 14 -16 -17 -18 23 -20 20 -22 -23 24 -25 -26 -27 -28 -29 -30 -31
leaf_value=-0.00028795318056456024 -0.0012240491991287307 2.3014701817226093e-05 0.0092942547444193092 0.00034179093578442957 0.0037454728269905035 -0.00085289641569292422 -0.002470064046958727 4.039844420396677e-05 -0.00086176306292733824 0.00010277329760459753 1.7185259478773587e-05 -4.9933799920287574e-06 0.00060340464857627882 -0.00021835017280670891 -0.00076112870773298075 0.0026243566345851648 -0.00056580902956764381 -4.8031443054296147e-05 0.00036079647724526184 0.012525225939114435 -0.00051143631640804439 1.0193075820844056e-05 0.0029597632912980423 -0.00053038863361837556 -0.0029142389218260963 -0.0032085126666361666 0.00022412044084131947 0.00019227345388628082 6.1348437248074373e-05 -0.0013460777867491404
leaf_weight=259 175 133 65 169 95 70 67 327 211 65 235 106 132 195 69 114 1047 260 156 74 76 60 62 200 100 61 79 173 168 143
leaf_count=259 175 133 65 169 95 70 67 327 211 65 235 106 132 195 69 114 1047 260 156 74 76 60 62 200 100 61 79 173 168 143
internal_value=-0.00293535 -0.000657277 0.00689655 -0.00184068 -0.00308274 -0.00421769 -0.0114976 -0.00385812 -0.00443529 -0.00525 -0.00391749 -0.0101573 -0.00328356 -0.00377856 -0.000770771 0.000413978 -0.00551453 -0.00124387 0.00383427 -0.00156018 0.00553488 0.0125899 -0.00483801 -0.00511828 -0.0108991 -0.00410156 -0.00237001 -0.00360294 -0.00596522 -0.00894349
internal_weight=5146 1486 198 1288 1119 1024 202 3660 3333 135 3122 281 2841 2709 994 925 1715 811 351 668 210 134 458 460 223 123 822 743 570 402
internal_count=5146 1486 198 1288 1119 1024 202 3660 3333 135 3122 281 2841 2709 994 925 1715 811 351 668 210 134 458 460 223 123 822 743 570 402
is_linear=0
shrinkage=0.035


Tree=140
num_leaves=31
num_cat=0
split_feature=27 13 142 2 224 81 21 60 163 183 57 256 32 214 48 220 27 104 33 17 160 153 126 93 49 8 176 223 259 260
split_gain=9.79669 8.57569 14.7999 12.9293 16.9759 12.6297 9.67657 13.8626 14.1447 15.1997 13.2518 13.1634 12.2604 16.9782 14.4823 12.0357 11.81 11.4687 16.9964 14.7374 14.3102 16.4647 17.7848 12.3202 16.7651 13.5605 12.7194 11.3868 11.282 11.0752
threshold=13840.500000000002 36.319893798770714 0.76635000109672557 550.19500732421886 0.99999999997210398 4.5901999473571786 0.14944999665021899 7364.0000000000009 0.86862985180661723 0.8014392272754397 0.029484179411360514 26.129481434288611 0.14725000411272052 0.046349987387657172 3.5784499645233159 52.882339324079496 2372.5000000000005 575.00000000000011 0.35615000128746038 -19.399168059223701 0.041499979794025428 0.3860004109612995 6472.0000000000009 2679.5000000000005 1513.0000000000002 -144.70435782773492 -0.38454477675762927 9.4329489370692574 0.15627156240299742 0.49551298602859295
decision_type=2 2 2 2 2 2 2 2 2 2 2 2 2 2 2 2 2 2 2 2 2 2 2 2 2 2 2 2 2 2
left_child=1 2 -1 4 -4 -5 7 8 9 12 -11 -8 13 15 29 27 -15 -13 19 -19 21 22 -21 24 26 -26 -20 -3 -22 -14
right_child=-2 6 3 5 -6 -7 11 -9 -10 10 -12 17 14 16 -16 -17 -18 18 23 20 28 -23 -24 -25 25 -27 -28 -29 -30 -31
leaf_value=-0.0023468018264029369 -0.00084117436116254842 -0.00112459148639246 0.010580994333205201 -0.00022162504472005519 -0.00024526754628063311 0.00037677230204973602 -0.00058770467703759882 -0.00053404440676556753 -0.00051413485114557044 0.0014520426276546879 -5.4432007865506956e-07 -0.00083475611093984225 -0.00020139109115808188 0.0019943156603301794 -0.00085862530528383945 0.0014498065970230045 -0.00024454431925111987 -0.0024853186333245632 7.6486675100925777e-05 0.0026885629222114711 1.1601870471993903e-05 -0.0001462986060005403 -0.0001206741940798728 -0.00166285568014963 0.0055212735999262026 -0.0014327964509853169 -0.0015777196203371809 0.0016801929809428008 -0.00076072498580517182 0.0016031047728544941
leaf_weight=63 113 97 103 129 73 61 129 335 104 165 161 309 563 61 222 214 281 60 65 316 161 78 78 340 150 122 137 257 85 114
leaf_count=63 113 97 103 129 73 61 129 335 104 165 161 309 563 61 222 214 281 60 65 316 161 78 78 340 150 122 137 257 85 114
internal_value=-0.00277228 -0.00253573 0.00217742 0.00490566 0.0116022 -0.0014359 -0.00297678 -0.00154711 -0.0005459 8.17757e-05 0.00697885 -0.00478133 -0.00117696 0.00168306 -0.00406527 0.00537522 -0.00443804 -0.00402151 -0.00280526 0.000893997 0.00232365 0.00587002 0.00877193 -0.00632479 -0.00263048 0.00303249 -0.0101449 0.0013649 -0.00446215 -0.00148827
internal_weight=5146 5033 429 366 176 190 4604 2574 2239 2135 326 2030 1809 910 899 568 342 1901 1592 778 718 472 394 814 474 272 202 354 246 677
internal_count=5146 5033 429 366 176 190 4604 2574 2239 2135 326 2030 1809 910 899 568 342 1901 1592 778 718 472 394 814 474 272 202 354 246 677
is_linear=0
shrinkage=0.035


Tree=141
num_leaves=31
num_cat=0
split_feature=146 91 242 181 212 27 242 115 163 56 104 37 71 75 67 72 162 8 49 203 89 71 254 252 136 39 192 145 13 193
split_gain=8.55269 9.89504 14.228 18.8814 13.2239 13.4778 13.0312 11.4103 10.7632 15.5318 13.1663 13.8972 10.7225 12.2645 13.3583 10.3288 11.3253 12.6533 12.0343 16.7457 13.9724 17.1546 16.9867 11.0784 14.6963 13.0217 12.3075 12.2217 10.7986 10.4862
threshold=-2.0867742707210688 -5.7962491310992839 65.528409048788049 0.27679999917745596 8.3744767827876405 4150.5000000000009 70.780315682356232 1585.5000000000002 0.71555697222378511 6.333052724194876 387.50000000000006 2.5535500049591069 9185.0000000000018 -30.137008428776088 11.205080214758668 29.500000000000004 -0.37861838311461554 -44.865233269395937 7624.5000000000009 0.4749382881401788 12.809781489456613 5321.5000000000009 0.24479380221431593 8.2194137193691859 3.31784999370575 53.500000000000007 0.49999999998593764 0.020185064356729069 57.027392558006937 0.97075385752975329
decision_type=2 2 2 2 2 2 2 2 2 2 2 2 2 2 2 2 2 2 2 2 2 2 2 2 2 2 2 2 2 2
left_child=-1 2 3 4 5 -2 -4 -5 12 -10 11 -11 15 -14 -15 -3 17 23 20 28 22 29 -18 24 25 -17 -25 -27 -20 -22
right_child=1 8 6 7 -6 -7 -8 -9 9 10 -12 -13 13 14 -16 16 18 -19 19 -21 21 -23 -24 26 -26 27 -28 -29 -30 -31
leaf_value=-0.00082748168406953683 -5.8274823840314136e-05 -0.00072885297462809426 0.0079393440379128075 -6.6325847741336439e-05 -0.00045452287845185353 0.00500112114350801 0.00081384416249718019 -0.0025081810915347398 -0.0015273040619686439 -0.00033699908672248357 -0.0012860382882688081 0.0012944874737281567 -0.00019883387029509815 -6.5020930270281175e-05 0.0016722906066175794 0.001346215251754103 0.0045240059276973029 -0.00040153602123698263 8.0272831242664836e-05 0.0078313286088578533 -0.0002514829953939614 -0.00075304884847868909 -0.0001536206365255294 -0.0010891433475501183 0.0045355760204417997 0.0004427554862191985 0.00092968416949832777 -0.00055082983749408262 -0.0011257950977694039 0.00058108853849933703
leaf_weight=294 64 73 62 63 72 99 131 82 92 88 110 66 100 68 96 135 60 136 77 103 1900 479 75 73 86 107 73 136 85 61
leaf_count=294 64 73 62 63 72 99 131 82 92 88 110 66 100 68 96 135 60 136 77 103 1900 479 75 73 86 107 73 136 85 61
internal_value=-0.00290817 -0.00255096 0.00175606 -0.00218182 0.0039375 0.009375 0.00936869 -0.0119 -0.00312908 -0.00891967 -0.00442379 0.00220126 -0.00259292 0.00416357 0.00994083 -0.00308543 -0.00280702 0.0010253 -0.00381371 0.00324074 -0.00454457 -0.00515337 0.00625 0.00318699 0.0058209 0.00274151 -0.00509934 -0.00211694 -0.00377246 -0.00368515
internal_weight=5146 4852 573 380 235 163 193 145 4279 356 264 154 3923 264 164 3659 3586 746 2840 265 2575 2440 135 610 464 378 146 243 162 1961
internal_count=5146 4852 573 380 235 163 193 145 4279 356 264 154 3923 264 164 3659 3586 746 2840 265 2575 2440 135 610 464 378 146 243 162 1961
is_linear=0
shrinkage=0.035


Tree=142
num_leaves=31
num_cat=0
split_feature=102 11 60 27 213 49 8 242 82 46 153 213 210 202 90 114 60 103 70 141 43 184 190 60 194 126 244 216 234 188
split_gain=8.44616 13.6614 8.94487 8.52485 8.90411 14.6161 16.0395 30.8908 18.6224 16.1918 15.5627 14.3432 17.2633 17.4058 15.737 12.1962 16.6017 18.5899 15.6487 15.489 13.6254 12.9005 12.7213 12.6294 11.9247 13.6836 14.3884 16.5366 12.6108 12.3155
threshold=-2.143867816219585 108.76259473665529 4395.5000000000009 13840.500000000002 10.609958081718426 4473.5000000000009 -124.42157483463721 94.60631693291657 5446.0000000000009 0.021164593636735989 -0.44025465280697079 10.748292993270836 0.21921361632332706 -0.49999999996666661 0.013714290174146526 4.4628000259399423 3679.0000000000005 4.0778498649597177 4.6107997894287118 45.102952891059594 0.18834999948740008 -0.042588070321178645 -0.012700013816356657 2658.0000000000005 0.041809507300842645 3493.0000000000005 0.014300011098384859 46.471722486407486 -0.052429718819801956 0.074449986219406142
decision_type=2 2 2 2 2 2 2 2 2 2 2 2 2 2 2 2 2 2 2 2 2 2 2 2 2 2 2 2 2 2
left_child=3 2 -2 4 24 6 7 8 -6 -8 -7 14 13 -13 -11 16 17 21 -17 -20 -18 -12 -22 -23 28 26 27 -26 -1 -28
right_child=1 -3 -4 -5 5 10 9 -9 -10 11 15 12 -14 -15 -16 18 20 -19 19 -21 22 23 -24 -25 25 -27 29 -29 -30 -31
leaf_value=-5.3551471819085764e-05 0.00015369022047119791 -0.0016046221060588 -0.00095240385873357491 -0.00083456375360731422 0.015096170104758479 -0.0011021997938711679 -0.00048254362160811529 -0.0021076326921493425 4.0449947851570471e-05 0.00033319533946775745 0.0087237187923352357 1.1363357627119932e-06 -0.0004793543882574514 0.0067975455408046774 -0.00066006451169832784 0.00070631990704399575 5.1498985191501398e-05 -0.00069662437244474439 -0.00068279255710960312 0.00092330334258921881 -0.00023671576992359279 -0.0012348630892016189 -0.00075424759831763761 0.011749801520409265 -5.1316367969082574e-05 -0.0031666588257554286 1.5124988139028629e-05 0.001693798681066375 -0.00074590755282962027 -0.00045757754626601341
leaf_weight=490 90 118 72 107 158 84 126 83 76 124 76 74 80 113 129 139 140 132 110 66 409 69 196 63 133 75 415 127 972 100
leaf_count=490 90 118 72 107 158 84 126 83 76 124 76 74 80 113 129 139 140 132 110 66 409 69 196 63 133 75 415 127 972 100
internal_value=-0.00297612 -0.00884211 -0.00209581 -0.00262985 -0.00240239 -0.000927814 0.00242252 0.00880435 0.0152301 -0.000752688 -0.00310275 0.002 0.00759191 0.0133073 -0.00393411 -0.00219217 -0.00394954 0.00243478 0.00382813 -0.00309392 -0.00686 0.00887324 -0.00912295 0.0020438 -0.0039577 -0.000654971 0.000762821 0.00739623 -0.00586912 -0.002625
internal_weight=5146 280 162 4866 4759 2447 963 317 234 646 1484 520 267 187 253 1400 1085 340 315 176 745 208 605 132 2312 850 775 260 1462 515
internal_count=5146 280 162 4866 4759 2447 963 317 234 646 1484 520 267 187 253 1400 1085 340 315 176 745 208 605 132 2312 850 775 260 1462 515
is_linear=0
shrinkage=0.035


Tree=143
num_leaves=31
num_cat=0
split_feature=61 57 255 72 71 101 256 174 115 23 45 23 140 199 61 69 91 71 103 177 71 71 42 21 47 186 137 137 17 242
split_gain=8.85169 12.331 12.1622 12.013 11.7458 16.212 14.0497 13.4509 12.2269 11.7131 10.4669 9.13491 10.5628 9.05052 8.57733 8.75892 9.03722 15.1569 14.5497 17.2871 12.6399 20.1079 21.7513 20.0279 16.3517 14.096 11.9933 17.9497 11.6381 11.5411
threshold=727.50000000000011 0.02177863515955759 -3.1575678977546757 685.00000000000011 6675.0000000000009 0.012207528913372579 33.865956059730529 -0.11740889007376711 5281.0000000000009 3.5934369708239164 5.9465657492171564 4.8594143269922814 489.50000000000006 10.951218736057465 620.50000000000011 -12.848519221486344 -4.7266286506055861 7199.0000000000009 3.7261999845504765 -0.011382185639162205 5241.5000000000009 6305.0000000000009 34.916717037829514 0.13694999366998675 -6.6398667532243065 -0.78191122136031754 5624.0000000000009 3999.0000000000005 1.1892079704012295 47.37640909271358
decision_type=2 2 2 2 2 2 2 2 2 2 2 2 2 2 2 2 2 2 2 2 2 2 2 2 2 2 2 2 2 2
left_child=3 -2 -3 13 6 -6 -5 -8 -7 -9 -4 -11 -13 -1 15 -15 17 26 19 -18 24 22 -22 -23 -20 -26 27 29 -28 -17
right_child=1 2 10 4 5 8 7 9 -10 11 -12 12 -14 14 -16 16 18 -19 20 -21 21 23 -24 -25 25 -27 28 -29 -30 -31
leaf_value=-0.000341814634319981 0.00067931709285662216 0.00022139437286121724 5.1688442568283152e-05 -0.00079665614686647913 0.00076769070036617653 0.0005556630203603231 0.0022271098862578793 9.3541719106717835e-05 -0.0013978834032624143 -0.0029500085498506638 -0.0014416426969217451 -0.0029638966809450791 0.00026878467595930605 -0.0013780698563222269 -0.0011241913808765448 -0.00025294465734286982 0.00016700457648688162 -0.00073816245788201865 0.00018449315538349111 -0.0010581036908991544 -4.7855061304943051e-05 0.0011111659311467067 -0.0015713554961932544 -0.00034485917576592697 -0.00067896126748054353 -2.7593199559563524e-05 0.0064548586168066656 -0.0010542719577947986 5.3746268595213369e-05 0.0014637757587416321
leaf_weight=123 162 104 94 221 77 78 63 93 68 100 117 89 101 122 93 150 120 88 507 322 129 150 136 269 127 782 82 97 65 417
leaf_count=123 162 104 94 221 77 78 63 93 68 100 117 89 101 122 93 150 120 88 507 322 129 150 136 269 127 782 82 97 65 417
internal_value=-0.0030033 0.0015249 -0.00251563 -0.00346705 -0.00711732 -0.000153509 -0.00942708 -0.00574279 -0.00695364 -0.00820876 -0.00729167 -0.0116271 -0.00682051 -0.0025991 -0.00227533 -0.00199131 -0.00165554 0.00135509 -0.00272085 -0.00845638 -0.00149644 -0.00538462 -0.0128333 -0.00057783 0.000394089 -0.00241247 0.00287377 0.00083707 0.0117434 0.00324301
internal_weight=5146 477 315 4669 890 223 667 446 146 383 211 290 190 3779 3656 3563 3441 899 2542 442 2100 684 265 419 1416 909 811 664 147 567
internal_count=5146 477 315 4669 890 223 667 446 146 383 211 290 190 3779 3656 3563 3441 899 2542 442 2100 684 265 419 1416 909 811 664 147 567
is_linear=0
shrinkage=0.035


Tree=144
num_leaves=31
num_cat=0
split_feature=72 180 162 238 116 185 137 246 223 61 130 246 57 227 258 60 113 42 137 259 167 145 184 197 203 227 148 37 56 150
split_gain=10.5359 10.7755 9.37257 10.5352 12.6411 10.0445 9.78001 9.65504 10.6448 9.61056 12.4853 15.9031 9.26823 10.7819 16.253 7.86748 19.1548 10.495 13.726 8.16954 8.87924 9.01875 7.92434 11.3049 10.5501 16.4623 18.3519 12.9 12.5222 15.9977
threshold=34.500000000000007 0.0022999942302703862 -0.37861838311461554 0.51565052158752966 31.500000000000004 0.011523667537586676 2190.5000000000005 0.18800165843954608 12.660953351249974 877.00000000000011 -32.518700333367669 0.31508497758377163 0.031331807742580514 0.19842929799396283 0.019250005483627323 7036.5000000000009 -3.5279495966742216 56.010510911561624 914.50000000000011 0.35380798273243386 -0.0096403252071341743 0.021052639378420137 -0.040208420313136282 0.030852425349191633 0.67161397108871257 0.56518830855445412 1497.0000000000002 2.6503499746322636 8.8120385029817729 0.054699972271919257
decision_type=2 2 2 2 2 2 2 2 2 2 2 2 2 2 2 2 2 2 2 2 2 2 2 2 2 2 2 2 2 2
left_child=1 -1 3 4 5 -2 7 8 -5 10 11 -8 13 14 -6 22 -17 18 -18 20 -20 -22 24 -24 25 26 -4 28 29 -26
right_child=2 -3 15 6 12 -7 9 -9 -10 -11 -12 -13 -14 -15 -16 16 17 -19 19 -21 21 -23 23 -25 27 -27 -28 -29 -30 -31
leaf_value=-0.0008547404906381951 0.00033154500173374085 -2.7014014296874376e-05 0.002432988945243702 -0.0014170891350889349 0.0041488683404265819 -0.0015544743282851904 -0.00055856852766529499 0.0048683815095480571 0.00043721902329452281 0.00015052278322944757 -0.0010376225953810439 1.9522138031533855e-05 -3.8505635097866866e-05 0.0047905977021415859 -0.00034076113776336433 -0.0018326454821916095 0.00217414304030437 -0.0022173128591622729 0.00019095616280056629 -0.00039621807376802212 9.1757674049691719e-06 -0.00099486002807767666 -0.00029217933454231838 0.00021758488127440829 -0.00041217384921602514 0.0067391533828104755 -0.00042083896592035378 0.00015129378378524075 -0.0017825042928560021 0.0012825481411880891
leaf_weight=76 64 60 190 60 77 74 89 68 93 75 60 166 111 102 62 75 72 70 120 64 81 104 1906 158 116 143 391 166 154 99
leaf_count=76 64 60 190 60 77 74 89 68 93 75 60 166 111 102 62 75 72 70 120 64 81 104 1906 158 116 143 391 166 154 99
internal_value=-0.00296253 -0.0124113 -0.00269392 0.000158228 0.0039596 -0.0048951 -0.00289773 0.00294248 -0.00199367 -0.00620253 -0.00885938 -0.00525 0.00745098 0.0112398 0.00461806 -0.00349642 -0.00722504 -0.00468023 -0.00258969 -0.00533422 -0.00282258 -0.00755263 -0.00282903 -0.00416143 -0.000636867 0.00211248 -0.000537543 -0.00434259 -0.00795455 -0.00238636
internal_weight=5146 136 5010 1101 490 138 611 221 153 390 315 255 352 241 139 3909 586 511 441 369 305 185 3323 2064 1259 724 581 535 369 215
internal_count=5146 136 5010 1101 490 138 611 221 153 390 315 255 352 241 139 3909 586 511 441 369 305 185 3323 2064 1259 724 581 535 369 215
is_linear=0
shrinkage=0.035


Tree=145
num_leaves=31
num_cat=0
split_feature=72 57 71 86 232 92 246 208 42 209 197 238 154 27 204 193 82 247 251 218 43 143 221 221 264 162 43 80 83 173
split_gain=9.43773 9.0469 7.36245 10.6953 7.95248 11.6831 10.4498 10.2761 15.564 13.5469 11.7381 12.9207 11.5458 14.8406 12.4699 12.1559 12.7603 21.8747 11.3817 10.6429 15.4734 10.3428 10.2512 11.6798 10.2415 11.028 11.8662 10.0949 12.14 13.9659
threshold=29.500000000000004 0.064516100087928616 10943.500000000002 2.4552625128404508 6.569440910534353 5.3530499935150155 -0.38664809343336221 -0.045550018548965447 33.193500101601494 13.085814528765688 -0.026956264523430102 4.5150407720251371 -0.029411780169383797 6223.0000000000009 0.08159722732386851 0.33218906874592385 1855.0000000000002 578.67001342773449 0.54701463186035426 14.199138100430732 0.26094999909400945 0.28535000979900366 123.53660402255498 51.762877402899356 -2.723112955445028 0.38166787502957122 0.26094999909400945 -3.7781582267293601 180.50000000000003 0.13261283502530932
decision_type=2 2 2 2 2 2 2 2 2 2 2 2 2 2 2 2 2 2 2 2 2 2 2 2 2 2 2 2 2 2
left_child=-1 2 4 -4 6 7 -2 9 18 -6 11 -10 19 14 15 16 -14 -18 21 20 -12 22 23 -9 25 26 -8 28 -26 -30
right_child=1 -3 3 -5 5 -7 24 8 10 -11 12 -13 13 -15 -16 -17 17 -19 -20 -21 -22 -23 -24 -25 27 -27 -28 -29 29 -31
leaf_value=-0.00035631523103352299 -0.0005936654995242985 -0.00091418511150169425 0.00037233573496701483 -0.00030971958263744189 0.0007633227052069719 -0.0014078805804488149 0.00025518454299091714 0.00013949508055738192 0.0034461315693740968 -0.00029257995036640786 -0.0011420377429647111 -0.00031193087607692685 0.006199816137837471 0.0035529499683940747 0.0022697580179562578 -0.001730280095884615 -0.0011462467356593226 0.0038433035576755778 -0.0011966546553019879 -0.0002614218902962193 0.00011302527119638064 -0.0015540877564683602 0.0004642978767504418 -0.00081522432566893325 -0.00013687481483059207 -0.0001166386515633855 0.0030511150206222744 -0.00069632217353510879 0.0012102950981589451 -3.4497667006117011e-05
leaf_weight=110 139 72 99 66 183 63 138 133 91 145 233 62 69 79 72 107 181 102 298 1014 68 122 83 238 326 116 77 120 215 325
leaf_count=110 139 72 99 66 183 63 138 133 91 145 233 62 69 79 72 107 181 102 298 1014 68 122 83 238 326 116 77 120 215 325
internal_value=-0.00285381 -0.00262448 -0.00243711 0.00473529 -0.00268838 -0.00362754 -0.000527036 -0.0033242 -0.003977 0.00252252 -0.00231877 0.00686709 -0.00306477 0.000910569 -0.00124067 -0.0033944 -0.000196078 -0.00352431 -0.00788396 -0.0049053 -0.0106373 -0.00493976 -0.00244009 -0.00493351 0.000450076 0.00572917 0.0103409 -0.00134208 0 0.00321101
internal_weight=5146 5036 4964 165 4799 3343 1456 3280 2952 328 2078 153 1925 610 531 459 352 283 874 1315 301 576 454 371 1317 331 215 986 866 540
internal_count=5146 5036 4964 165 4799 3343 1456 3280 2952 328 2078 153 1925 610 531 459 352 283 874 1315 301 576 454 371 1317 331 215 986 866 540
is_linear=0
shrinkage=0.035


Tree=146
num_leaves=31
num_cat=0
split_feature=72 133 247 32 99 190 190 46 20 27 42 13 67 203 173 143 241 149 152 125 123 173 203 153 232 173 24 235 249 162
split_gain=9.25509 8.36108 12.201 10.4104 13.824 11.8658 17.4261 13.0634 15.6019 13.8859 12.5853 12.3206 12.2974 11.9608 11.3896 15.6723 18.9249 12.8785 11.3094 11.2369 10.6009 10.5846 13.2054 18.208 9.8692 11.6326 11.5155 9.81846 9.0343 11.8046
threshold=29.500000000000004 24.228297781752747 636.64999389648449 0.13554999977350238 0.18559999763965609 -0.013549998402595518 -0.014599986374378203 0.025478792416871118 28.409704074698897 5328.0000000000009 36.602934867897567 36.370916411691638 8.3013255761720437 -0.8849650359690997 0.58525808121319645 0.53489997982978832 1.2497119690652039 64.500000000000014 0.061022156022784511 4.1130499839782724 0.022658646454583872 0.46613699060082209 -0.66606519870079406 -0.2435387255582725 4.8377004041394454 0.021307791993244809 0.042109919835816807 -0.28898484208450531 -0.020080172142278304 -0.15298593928678075
decision_type=2 2 2 2 2 2 2 2 2 2 2 2 2 2 2 2 2 2 2 2 2 2 2 2 2 2 2 2 2 2
left_child=-1 -2 3 4 -3 6 11 9 -9 -7 -8 12 -5 -13 17 16 -16 21 -18 -11 -6 22 -15 -24 25 -10 -26 -25 29 -29
right_child=1 2 -4 5 20 7 10 8 24 19 -12 13 -14 14 15 -17 18 -19 -20 -21 -22 -23 23 27 26 -27 -28 28 -30 -31
leaf_value=-0.00034384419794734975 -0.00023148117325905577 0.00041064484922684363 -0.00028703138824990514 0.0077045296522090636 5.9584744419995121e-06 -0.0003674712452274182 -4.3222460993816437e-06 8.9897189556789058e-05 -0.0014565871198489917 0.0072543690020725332 0.0084286527024302269 0.0020715253953102015 -0.00023303626287023914 -0.0020122578757935019 0.0004361401490628034 -0.0015370003863138522 4.5544044635943145e-05 -0.00065792949947740488 -0.0019068992316454158 -8.7891847902456393e-05 -0.0012211771418798654 -0.00052004038000092172 0.0023477258964437688 0.0020205960443250965 -0.00010317513470815444 0.00010261842434400981 -0.0013514836687977694 -0.0016380787167322702 -4.336793914570148e-05 -0.00013292733914327894
leaf_weight=110 84 172 72 66 939 444 68 93 69 60 60 101 83 160 248 93 88 270 62 68 164 181 129 89 97 85 345 70 445 131
leaf_count=110 84 172 72 66 939 444 68 93 69 60 60 101 83 160 248 93 88 270 62 68 164 181 129 89 97 85 345 70 445 131
internal_value=-0.00294894 -0.00272168 -0.00252774 -0.00230706 0.000410156 -0.00326731 -0.00178799 -0.00599921 -0.00922911 -0.00206239 0.0105263 -0.00252139 0.00704545 -0.00322635 -0.00383562 0.00077621 0.00382134 -0.00536824 -0.00587097 0.00789474 -0.00104242 -0.00378926 -0.00238095 -0.000644419 -0.0112978 -0.00352201 -0.0139374 -0.00279054 -0.00430108 -0.0103641
internal_weight=5146 5036 4952 4880 1275 3605 2344 1261 689 572 128 2216 149 2067 1966 491 398 1475 150 128 1103 1205 1024 864 596 154 442 735 646 201
internal_count=5146 5036 4952 4880 1275 3605 2344 1261 689 572 128 2216 149 2067 1966 491 398 1475 150 128 1103 1205 1024 864 596 154 442 735 646 201
is_linear=0
shrinkage=0.035


Tree=147
num_leaves=31
num_cat=0
split_feature=160 214 48 255 241 213 249 127 83 186 145 152 76 195 159 127 27 197 257 175 259 211 82 105 140 140 223 39 146 185
split_gain=7.80456 10.9116 10.6686 9.09641 13.36 8.80634 8.43552 9.78008 9.84163 9.81105 9.22178 9.17745 10.8109 11.4241 10.7915 12.2918 9.94319 8.8473 10.2946 12.0887 10.6355 7.95202 7.67134 9.43851 7.65159 13.2834 17.8115 9.7153 9.53401 13.6158
threshold=-0.022850006818771359 -0.0019499659538269041 2.6234499216079716 -16.625980018168949 -11.323354563189669 10.68741186851542 0.15802696578637312 38.500000000000007 164.50000000000003 -0.66967532069749514 0.010582000681553372 -0.40889328062598534 0.38455000519752508 0.020969651169906806 15.575186122881023 74.500000000000014 3605.5000000000005 0.071081804518531369 14.067911492813675 0.019949002640351359 0.057919286104204305 0.16463225998162256 4627.0000000000009 271.50000000000006 478.50000000000006 483.50000000000006 13.95467008709945 293.50000000000006 -1.4251971014125051 0.013504129315089422
decision_type=2 2 2 2 2 2 2 2 2 2 2 2 2 2 2 2 2 2 2 2 2 2 2 2 2 2 2 2 2 2
left_child=-1 2 -2 -3 5 -5 10 9 -9 -8 21 -10 13 14 15 -13 -17 18 24 20 -20 -6 23 -11 -12 26 -26 28 -27 -30
right_child=1 3 -4 4 6 -7 7 8 11 22 17 12 -14 -15 -16 16 -18 -19 19 -21 -22 -23 -24 -25 25 27 -28 -29 29 -31
leaf_value=-0.0005517009334433876 0.010496314294904555 -0.0022071636829349606 -0.00027096246265628955 9.5567460326179144e-06 -0.00047536904234465665 0.0057383905643380601 0.0023100573229732522 -0.00031027963407569804 -0.00025848733609635106 -0.00092031341374541626 -0.0010966684920070686 -0.0008653674159067985 0.00053091393423289953 -0.0022752883790156365 -0.00091825712166371156 4.9205596516874735e-05 0.0056222691930146711 -0.00091424578654018688 0.00016941532038824983 -0.0041161119826785865 -0.0014574789974004067 -0.00035992381959693318 0.00057391860865055495 0.00010778756479713624 0.016267706212949581 -0.00063709139976478042 -0.00042920788863589412 7.7175517195974272e-05 -0.00024937880000106829 1.5487668345215423e-05
leaf_weight=88 68 62 96 101 103 65 78 145 154 90 391 62 99 68 101 91 92 90 61 87 63 60 66 80 61 445 60 462 743 914
leaf_count=88 68 62 96 101 103 65 78 145 154 90 391 62 99 68 101 91 92 90 61 87 63 60 66 80 61 445 60 462 743 914
internal_value=-0.00273151 -0.00254395 0.00621302 -0.00284344 -0.00266281 0.00695906 -0.0030122 -0.000371353 -0.00239902 0.00482759 -0.00385049 -0.000572917 0.00168919 -0.000835322 0.00179487 0.00574 0.0102394 -0.00344619 -0.00313639 -0.0105324 -0.00325581 -0.011875 0.00116183 -0.0028 -0.00261279 -0.00193866 0.00916667 -0.00247956 -0.00348837 -0.00225331
internal_weight=5146 5058 164 4894 4832 166 4666 1126 812 314 3540 667 513 414 346 245 183 3377 3287 211 124 163 236 170 3076 2685 121 2564 2102 1657
internal_count=5146 5058 164 4894 4832 166 4666 1126 812 314 3540 667 513 414 346 245 183 3377 3287 211 124 163 236 170 3076 2685 121 2564 2102 1657
is_linear=0
shrinkage=0.035


Tree=148
num_leaves=31
num_cat=0
split_feature=6 224 254 9 209 246 173 13 82 234 252 233 60 67 256 113 25 143 146 91 127 138 23 101 135 26 247 137 169 28
split_gain=6.45079 13.5579 13.4524 19.6972 13.8066 12.7659 16.3667 12.3045 11.4447 12.6382 10.6072 11.6037 10.574 10.7404 11.6016 23.8825 21.9598 17.5299 14.406 17.1271 12.9312 10.6664 10.435 14.4498 13.4899 18.2661 15.417 17.305 16.6653 10.4096
threshold=-20.643133468823564 -0.25642147386273917 11.644627005846788 31.139868582476442 14.756136494024785 -0.22587631962539625 -0.40954652021956989 117.81859216881321 1504.0000000000002 -0.016297488123484524 5.3189825646426945 6377.9750976562509 9764.5000000000018 9.0167393677496825 78.505260609478043 -2.9088594852023135 -9.2239487537358471 0.41524998843669897 -0.75722196651161011 -4.628827342961352 169.50000000000003 13.500000000000002 3.1934041950757899 0.011299424120358373 -1.4820767837224624 3.001600027084351 588.64001464843761 2596.5000000000005 15.264955051764401 84.500000000000014
decision_type=2 2 2 2 2 2 2 2 2 2 2 2 2 2 2 2 2 2 2 2 2 2 2 2 2 2 2 2 2 2
left_child=1 2 4 -4 8 6 -3 22 9 -1 11 12 13 -10 15 -15 17 20 19 -16 -17 -18 23 -7 -24 26 27 -26 -28 -12
right_child=-2 5 3 -5 -6 7 -8 -9 10 -11 29 -13 -14 14 18 16 21 -19 -20 -21 -22 -23 24 -25 25 -27 28 -29 -30 -31
leaf_value=-0.00010697916770706085 -0.00016278409782262721 0.0008970576931116393 0.0032388440208886617 -0.00059901256547535871 -0.0010251262452002999 0.007911891655453562 -0.0021578565707164204 0.0068556855378596234 0.0049513296703869222 -0.0034575540920981991 -0.0019732432638012612 -0.00027964467175922188 -0.00077973858708119213 -0.0017946225538108609 0.010093787784393836 0.0053584845998919245 -0.001094118061961292 -0.00071830541391707697 0.011408150446772965 -0.00097084124121792742 0.00042571095060154029 0.00013650058460632888 0.004274538408218456 3.3025161349359224e-05 -0.0013075016605169571 9.3768798765656036e-05 -0.001218944404389312 0.0034222606049370483 2.4848582633879572e-06 -0.00039877906554507451
leaf_weight=61 1979 87 170 63 84 61 92 115 99 88 71 60 182 162 61 86 192 62 61 135 64 91 75 316 73 111 170 83 92 100
leaf_count=61 1979 87 170 63 84 61 92 115 99 88 71 60 182 162 61 86 192 62 61 135 64 91 75 316 73 111 170 83 92 100
internal_value=-0.00264997 -0.00166614 -0.00354244 0.00426471 -0.00464844 0.00112109 -0.00741848 0.00254314 -0.00387658 -0.0129545 -0.00288609 -0.00175 -0.0009625 0.000446955 -0.000761697 -0.00322508 0.00063 0.00903226 0.0054771 0.000696517 0.0153548 -0.00571181 0.00124239 0.00577225 -0.0016092 -0.00360487 -0.00695035 0.00173913 -0.0120599 -0.0109375
internal_weight=5146 3167 1892 233 1659 1275 179 1096 1575 149 1426 1255 1195 1013 914 657 495 212 257 196 150 283 981 377 604 529 418 156 262 171
internal_count=5146 3167 1892 233 1659 1275 179 1096 1575 149 1426 1255 1195 1013 914 657 495 212 257 196 150 283 981 377 604 529 418 156 262 171
is_linear=0
shrinkage=0.035


Tree=149
num_leaves=31
num_cat=0
split_feature=242 33 132 162 57 218 160 19 115 163 242 13 222 71 247 27 60 126 60 42 190 12 237 87 182 127 162 101 72 81
split_gain=7.77568 14.7264 14.0174 12.7098 13.2512 12.1557 14.8869 12.1653 11.933 13.2374 11.8914 14.4394 13.2305 15.4544 14.1228 14.4949 14.1146 13.8634 15.0428 11.9861 11.6887 11.6564 13.0921 15.4629 15.5267 11.6196 11.173 10.4708 10.033 9.99851
threshold=47.37640909271358 0.45939999818801885 0.27464999258518225 -0.1604608173223572 0.018265203120461745 17.560506896355488 0.023449987173080448 506.50000000000006 8932.5000000000018 -0.12789036161368342 120.39002685701634 147.50743921595588 33.341486095983505 859.50000000000011 556.93002319335949 2741.5000000000005 12521.500000000002 2273.5000000000005 3173.5000000000005 32.252760856293925 -0.023399986326694485 10.121504735970246 -0.49469323492201672 0.4999500066041947 0.2731404302609321 199.50000000000003 0.31034482757907261 0.013100486859239964 134.50000000000003 3.2736500501632695
decision_type=2 2 2 2 2 2 2 2 2 2 2 2 2 2 2 2 2 2 2 2 2 2 2 2 2 2 2 2 2 2
left_child=1 3 -2 4 -1 6 -4 29 9 -6 11 12 13 26 -14 -16 19 18 -17 -15 -19 22 -5 24 -24 28 -7 -12 -21 -8
right_child=2 -3 5 21 8 10 7 -9 -10 -11 27 -13 14 16 15 17 -18 20 -20 25 -22 -23 23 -25 -26 -27 -28 -29 -30 -31
leaf_value=0.00041180929733770417 0.00017034434509299035 -0.0031421150562562462 0.00045083520478064 -0.00063865996531219668 0.0013318883511569777 -2.6813403648390246e-06 -0.0022509172250304759 -0.00062595150832236307 0.0001728166538046408 -0.00017348868151611699 -0.0012932952537721108 0.012580033190362347 -0.0083095797471585704 -0.00097053830531365301 0.00098155591521395936 -0.00063543740140508905 -0.00097345840919716993 -0.00016816772305748576 0.011506825830486679 -0.00011404011244029151 -0.0051472628454406833 -8.7573360717138617e-06 0.00015542752180169764 -0.00036472503098541447 -0.00025863806182207242 -0.00038300899586897924 -0.00083208035698474885 0.00042994157194182927 0.0045263441255631092 1.913064523740904e-05
leaf_weight=68 221 129 63 433 141 124 190 240 112 459 121 101 72 111 114 85 84 60 63 98 70 405 207 329 118 123 83 63 426 233
leaf_count=68 221 129 63 433 141 124 190 240 112 459 121 101 72 111 114 85 84 60 63 98 70 405 207 329 118 123 83 63 426 233
internal_value=-0.00266356 -0.00411679 -0.00138727 -0.00344313 0.000178344 -0.00213128 -0.00593707 -0.00749251 -0.00126918 -0.00323967 -0.000582363 0.000389129 -0.00048419 0.00169355 -0.00537313 -0.00264484 0.00380165 -0.0069258 0.000457516 0.0053211 -0.015037 -0.00533066 -0.00721154 -0.00403642 0.00137879 0.00713957 -0.00676887 -0.00888889 0.00939509 -0.00384346
internal_weight=5146 2401 2745 2272 780 2524 726 663 712 600 1798 1614 1513 1049 464 392 842 278 148 758 130 1492 1087 654 325 647 207 184 524 423
internal_count=5146 2401 2745 2272 780 2524 726 663 712 600 1798 1614 1513 1049 464 392 842 278 148 758 130 1492 1087 654 325 647 207 184 524 423
is_linear=0
shrinkage=0.035


Tree=150
num_leaves=31
num_cat=0
split_feature=146 60 37 123 13 13 49 244 224 254 45 213 243 5 221 49 4 182 43 81 101 250 8 236 249 60 246 173 260 167
split_gain=8.02971 21.8775 9.31901 10.7546 9.80457 15.9055 9.22681 14.4901 13.8372 14.3471 19.0282 15.2722 13.6787 10.4946 11.6809 12.1041 14.2832 13.0916 12.5506 10.1249 9.85611 13.4141 11.5352 11.1469 10.4401 10.8946 11.6346 10.3559 9.83988 9.11316
threshold=-2.1471044133112049 2838.0000000000005 1.5998499989509585 0.020661255909360382 163.31531411807021 156.82215723624117 1032.5000000000002 0.014599986374378206 -0.99999999998965772 -4.6106227208825281 8.3903834354376254 10.58652125747915 7.1288004743417606 -0.75423303743084125 33.638848292233455 1630.5000000000002 -99.272370524421106 -0.29860677531579599 0.26485000550746923 4.033600091934205 0.010535555814046771 -1.4826536972961655 -125.52666501383108 2.1076279499665511 0.20285911069783949 3508.5000000000005 0.26318322994304094 0.94020476446244383 0.19471236619039659 -0.020325351545228212
decision_type=2 2 2 2 2 2 2 2 2 2 2 2 2 2 2 2 2 2 2 2 2 2 2 2 2 2 2 2 2 2
left_child=1 -1 3 -2 5 6 7 12 9 10 -8 -11 -4 28 -15 17 -17 -16 -19 -12 22 24 -18 -24 25 26 -22 -23 -10 -27
right_child=2 -3 4 -5 -6 -7 8 -9 13 11 19 -13 -14 14 15 16 20 18 -20 -21 21 27 23 -25 -26 29 -28 -29 -30 -31
leaf_value=0.00011052942902487513 0.002738860713938081 -0.0014251872837016705 -0.00065917906279914791 -0.00022503635295763381 0.011536543271156992 -0.0023449299503809098 -0.0009393873648752694 -0.0011751415895841825 -0.00093049743137217482 -9.3823819085434582e-05 -0.00014926344533760239 0.01259724139683535 8.5960995223104974e-05 0.0003516401951477594 0.0013692760440755169 -0.0032835165892824755 0.0008691783541382778 0.00016527331561712352 -0.0013706752797546385 0.0068444878523673935 -0.0015583175435784663 1.5387009103735862e-05 -0.00020758423905543389 -0.00083939176600880856 0.00079289895219918419 -0.00082463143731099562 -0.00051670467879195612 -0.00077920085155354238 -2.6984508905975038e-06 8.7966073201567059e-05
leaf_weight=118 168 134 115 119 80 68 74 96 184 60 163 99 104 136 72 64 94 150 61 86 83 1414 476 248 65 100 180 86 97 152
leaf_count=118 168 134 115 119 80 68 74 96 184 60 163 99 104 136 72 64 94 150 61 86 83 1414 476 248 65 100 180 86 97 152
internal_value=-0.00267715 -0.00871595 -0.00235762 0.00371575 -0.00273959 -0.00295786 -0.00268929 -0.00842188 -0.00224391 0.00330595 -0.000960366 0.0117378 -0.00328125 -0.00297791 -0.00242912 -0.00285385 -0.00351534 0.00401042 -0.000486111 0.00372047 -0.00313469 -0.00184652 -0.0063791 -0.0078738 -0.00634188 -0.00800962 -0.0129291 -9.30233e-05 -0.00942308 -0.00272374
internal_weight=5146 252 4894 287 4607 4527 4459 315 4144 482 323 159 219 3662 3381 3245 2962 283 211 249 2898 2080 818 724 580 515 263 1500 281 252
internal_count=5146 252 4894 287 4607 4527 4459 315 4144 482 323 159 219 3662 3381 3245 2962 283 211 249 2898 2080 818 724 580 515 263 1500 281 252
is_linear=0
shrinkage=0.035


Tree=151
num_leaves=31
num_cat=0
split_feature=238 27 60 116 82 187 50 70 225 7 185 125 256 105 256 230 123 246 152 134 4 123 86 225 215 126 211 60 173 92
split_gain=7.31177 7.76266 7.89053 9.22517 9.15038 8.24388 15.9547 17.0569 12.6033 10.6199 9.1863 15.0594 10.9849 18.2815 18.2534 12.7479 13.1894 14.7351 12.5253 11.2297 14.4064 11.1585 10.9092 10.7422 27.1994 13.828 17.6623 18.7493 18.0433 12.7707
threshold=-35.388487090338693 13840.500000000002 10557.500000000002 154.50000000000003 6021.5000000000009 1.5391302335398953e-05 113.50000000000001 4.11615014076233 0.098217345100104506 -31.304319289879228 0.013466144604658005 4.861150026321412 78.505260609478043 224.50000000000003 88.653982961710611 5.0741707772411502 0.014302748468561376 0.051071692335518094 0.26398757763901864 0.020202027770092123 4.6914121014386394 0.018018001118505347 7.8051002403922718 0.1885605178959843 -0.042500011622905724 5079.5000000000009 0.17265676772552355 3727.0000000000005 -0.61607421958536124 4.1756999492645273
decision_type=2 2 2 2 2 2 2 2 2 2 2 2 2 2 2 2 2 2 2 2 2 2 2 2 2 2 2 2 2 2
left_child=-1 2 5 4 -4 10 8 9 -7 -8 12 23 15 14 -14 19 17 18 -17 22 -21 -18 -2 25 29 26 28 -28 -12 -25
right_child=1 -3 3 -5 -6 6 7 -9 -10 -11 11 -13 13 -15 -16 16 21 -19 -20 20 -22 -23 -24 24 -26 -27 27 -29 -30 -31
leaf_value=-0.0032218704920320648 -8.9895995549650346e-05 -0.00075304457003916639 -0.00082808559195550783 -0.00074289419757094942 0.00019087211892033026 -0.00019419519880080894 -0.0011506457755746423 0.00062292884257505727 0.0001363912268454548 -5.5393610302492684e-06 -0.00048172507813610578 -0.0018285364881619282 0.0055036452454756222 0.0011975998951439957 -0.0017887335936589957 -0.0015863427952869812 0.00046967569108196332 -0.0015023061845490892 0.00050707894511787871 0.00096672261947183065 -0.00038420325294238894 -0.00051623550905004363 -0.00097138171164803402 0.0012960124267498473 -0.00027431439129149639 -0.00042554635441098196 1.6928648693161075e-05 -0.00048005843931285324 0.0030695991828596364 0.011625659869649746
leaf_weight=84 733 112 98 98 68 70 292 64 95 82 70 90 71 358 159 82 77 150 69 142 69 66 79 83 127 254 788 173 336 107
leaf_count=84 733 112 98 98 68 70 292 64 95 82 70 90 71 358 159 82 77 150 69 142 69 66 79 83 127 254 788 173 336 107
internal_value=-0.00262279 -0.00244523 -0.00223209 -0.00806691 -0.0028655 -0.00189512 -0.00569901 -0.00916479 0.0035 -0.0120053 -0.00132705 0.000344319 -0.0029733 0.00106239 -0.00655319 -0.00458899 -0.00951002 -0.0136111 -0.00560897 -0.00241732 0.00469907 -0.000709459 -0.00428397 0.00100875 0.00684783 -0.000150677 0.00125 -0.00134058 0.0073236 0.0150769
internal_weight=5146 5062 4950 264 166 4686 603 438 165 374 4083 2028 2055 588 230 1467 444 301 151 1023 211 143 812 1938 317 1621 1367 961 406 190
internal_count=5146 5062 4950 264 166 4686 603 438 165 374 4083 2028 2055 588 230 1467 444 301 151 1023 211 143 812 1938 317 1621 1367 961 406 190
is_linear=0
shrinkage=0.035


Tree=152
num_leaves=31
num_cat=0
split_feature=233 126 244 27 104 53 222 98 183 257 137 146 195 213 125 130 153 10 248 71 17 244 87 69 203 30 230 61 173 160
split_gain=6.97373 14.6615 12.5605 9.39022 12.135 16.4744 13.7589 15.6945 10.3715 9.90456 12.2375 17.5966 15.3273 15.1911 16.045 12.2999 11.9831 12.4929 11.9286 10.8372 12.8502 18.4743 16.499 13.2449 19.8027 13.9248 12.9112 12.9074 16.8124 19.2398
threshold=5414.7700195312509 1214.5000000000002 0.022699989378452304 1308.0000000000002 4830.0000000000009 -64.1266183538891 20.683000063638275 0.49044999480247503 0.98922924497846576 6.9622007972246003 2428.0000000000005 -1.1290832061129377 0.011899303387915245 10.569469056774599 3.1862000226974492 -32.518700333367669 -0.4712772116234924 65.523829402292918 0.16116838556956561 9935.0000000000018 -16.135048541221494 0.037700012326240546 0.47924999892711645 -4.7511653659377977 0.98207936726663736 565.50000000000011 7.1366207456474715 877.00000000000011 0.12124101669332217 0.034749999642372138
decision_type=2 2 2 2 2 2 2 2 2 2 2 2 2 2 2 2 2 2 2 2 2 2 2 2 2 2 2 2 2 2
left_child=1 2 -1 4 5 -2 7 -7 9 16 13 15 -13 14 -11 -12 17 -5 -14 20 22 23 -18 24 25 27 -25 28 -22 -30
right_child=3 -3 -4 8 -6 6 -8 -9 -10 10 11 12 18 -15 -16 -17 19 -19 -20 -21 21 -23 -24 26 -26 -27 -28 -29 29 -31
leaf_value=-0.00040692847966143869 -0.00010084377871334622 -0.0034463038685427659 0.0027486871988697818 2.279233039703982e-05 -0.0012362241525325319 -0.00040868421297423632 0.010725138233191989 0.00055150361950581043 -0.00086174107607760457 0.00070229244858776674 -0.0030228930059286027 -0.00086434342604203808 -0.00012728266550126935 0.00015778103015133259 -0.0034600661554829138 -0.000617544196174163 0.00040242379879459363 -0.00057863173068545889 0.00047381186461943023 0.0016017715025001646 0.00038551708981149807 0.00065833068399084654 -0.0012258291570450854 -9.3324435107136074e-05 -0.00033763661701838538 -0.00012251184223051743 -0.00070577659404336146 0.004175661874041516 -0.00059047854140026671 0.00010478507253456893
leaf_weight=73 114 107 80 66 63 64 66 95 75 102 179 163 210 406 182 95 90 113 86 112 602 95 258 647 104 62 109 73 295 360
leaf_count=73 114 107 80 66 63 64 66 95 75 102 179 163 210 406 182 95 90 113 86 112 602 95 258 647 104 62 109 73 295 360
internal_value=-0.00264997 -0.00818868 -0.00110759 -0.00234717 0.00275184 0.00539244 0.0108043 0.00490854 -0.00280686 -0.00257703 -0.00497549 -0.00810976 -0.00384698 -0.00161151 -0.00775087 -0.0150538 -0.00142762 -0.0100815 0.000930233 -0.000858819 -0.00130926 -0.000372024 -0.00753541 -0.00102348 0.000886076 0.00200429 -0.00478318 0.00277903 0.00191363 -0.00196212
internal_weight=5146 260 153 4886 402 339 225 159 4484 4409 1423 733 459 690 284 274 2986 179 296 2807 2695 2347 348 2252 1496 1392 756 1330 1257 655
internal_count=5146 260 153 4886 402 339 225 159 4484 4409 1423 733 459 690 284 274 2986 179 296 2807 2695 2347 348 2252 1496 1392 756 1330 1257 655
is_linear=0
shrinkage=0.035


Tree=153
num_leaves=31
num_cat=0
split_feature=116 271 210 91 47 37 38 11 93 193 45 243 49 13 115 150 57 137 37 5 238 190 68 242 153 93 13 165 136 38
split_gain=8.12788 13.6106 12.3191 9.80303 13.6446 12.3816 13.909 18.6311 13.0065 12.7937 12.5732 11.3939 11.2656 16.4464 11.9832 15.1637 10.4802 10.4312 10.9276 10.395 11.8212 10.266 11.3752 12.8546 12.6199 13.3595 16.174 15.1188 13.0578 13.3797
threshold=348.50000000000006 15.421909704383616 0.45256355439306284 -5.5644609661249076 -12.055383367373379 2.1331499814987187 2068.0000000000005 177.67252815795936 9789.5000000000018 0.93375937056989455 10.174869138992934 3.8391451563004946 417.50000000000006 154.87174072662333 263.00000000000006 0.018549993634223941 0.027212117166903884 4350.0000000000009 1.8532500267028811 69.571309101486918 -0.64663917859197884 -0.0086000338196754438 0.01041697026565225 77.289941693790425 0.43666466312301833 7198.0000000000009 42.968540039460215 0.039113288377393203 3.5419999361038212 3298.0000000000005
decision_type=2 2 2 2 2 2 2 2 2 2 2 2 2 2 2 2 2 2 2 2 2 2 2 2 2 2 2 2 2 2
left_child=3 2 -2 4 -1 6 17 19 9 12 -9 -11 -7 14 -14 -16 -10 18 -5 20 -8 22 23 -17 25 26 -24 28 29 -28
right_child=1 -3 -4 5 -6 8 7 10 16 11 -12 -13 13 -15 15 21 -18 -19 -20 -21 -22 -23 24 -25 -26 -27 27 -29 -30 -31
leaf_value=-6.3889737904315746e-05 -0.00039387935154306612 0.0028400379077338587 0.00029359561464219615 7.7296601431967041e-05 0.00098280271388536907 0.011029165919515674 -0.00092734367045667018 -9.1076291291251069e-05 -0.00086997157616115327 -6.6600407231486304e-05 0.015927066254940798 0.00050907709532458994 -0.00082398814338644952 -0.0015603283741116155 0.00072907004541415406 -0.0024159077885136664 3.7679408635463713e-05 -0.0012629486083023506 -0.001331939821897837 -0.0014834524339641364 2.5762172830961495e-05 -0.00041914964119878386 -0.00063906476745402791 0.0031128235838258798 -0.00052538066466055109 0.00089782247333065077 0.00027075724876247627 0.0054127383050732144 0.00076665901734995886 -0.00021711004584719809
leaf_weight=555 737 75 88 79 190 62 180 61 143 104 63 138 76 60 107 129 62 76 134 66 217 171 195 60 196 144 306 60 137 475
leaf_count=555 737 75 88 79 190 62 180 61 143 104 63 138 76 60 107 129 62 76 134 66 217 171 195 60 196 144 306 60 137 475
internal_value=-0.00255484 -0.00556906 -0.00687349 -0.00191014 0.00172667 -0.0026854 -0.00627696 -0.00313345 -0.00147719 -0.000750515 0.00868217 0.00680162 -0.0016033 -0.0020462 -0.00149442 -0.000952141 -0.00983333 -0.0125 -0.00818807 -0.00635684 -0.00409204 -0.00169595 -0.00086116 -0.00884021 0.000161397 0.00140318 0.000148557 0.0019939 0.000834236 -0.000935115
internal_weight=5146 900 825 4246 745 3501 876 587 2625 2420 124 242 2178 2116 2056 1980 205 289 213 463 397 1873 1702 189 1513 1317 1173 978 918 781
internal_count=5146 900 825 4246 745 3501 876 587 2625 2420 124 242 2178 2116 2056 1980 205 289 213 463 397 1873 1702 189 1513 1317 1173 978 918 781
is_linear=0
shrinkage=0.035


Tree=154
num_leaves=31
num_cat=0
split_feature=233 209 38 113 120 6 199 86 252 49 219 254 43 150 212 93 27 126 242 81 203 27 174 256 176 241 179 245 199 233
split_gain=7.79272 7.67923 11.5605 23.4294 17.4377 13.2123 11.0473 12.218 14.8225 14.1669 11.6765 12.1741 11.8206 10.7492 13.7807 12.3983 10.246 11.6437 14.13 13.8354 13.644 12.4565 11.2295 11.5302 12.1824 10.9378 14.1447 12.832 14.2442 11.1992
threshold=5218.9199218750009 11.658332044310853 1504.0000000000002 -1.6080484913850126 0.61599999666214 12.177156105610178 12.527602780787118 4.1797311208946484 0.82559791611980249 3099.0000000000005 -213.39570014755046 -2.4573883516165735 0.22625000029802325 0.063999988138675704 7.5961411108913675 2236.5000000000005 12725.000000000002 192.00000000000003 31.600812865285501 4.9091501235961923 0.95482071102033139 8949.5000000000018 0.12380257594797535 20.309947148964621 -2.1266317954607543 4.4170216228595089 17.013023135693775 0.16417246966279531 13.4808864055156 5942.1098632812509
decision_type=2 2 2 2 2 2 2 2 2 2 2 2 2 2 2 2 2 2 2 2 2 2 2 2 2 2 2 2 2 2
left_child=-1 6 3 4 -3 -6 -2 10 -9 -10 -8 12 -12 14 -13 -16 17 18 -4 20 21 22 23 -19 -25 26 27 29 -29 -26
right_child=1 2 16 -5 5 -7 7 8 9 -11 11 13 -14 -15 15 -17 -18 19 -20 -21 -22 -23 -24 24 25 -27 -28 28 -30 -31
leaf_value=-0.0013516388806515257 -0.00022366660198017753 0.00021474454801448218 6.4098682748309218e-05 0.0045962758408583651 -0.00015128441955935046 -0.002243298185787038 0.00053877581499758441 0.0035659889382766027 -0.0030980956616225431 0.000476237493260894 0.00015778877146119309 -9.663817169421663e-05 -0.0016362113471465737 -0.0003059753028483453 -0.00029191639816216142 0.0035808315166910216 -0.00065457530398960575 0.00011409409593382853 -0.0011061543281348069 -0.0007622644065530135 0.00068470811894558007 0.00017576253307333286 -0.00096008127114701781 -0.0029328849862491745 0.0016627581642192717 -0.00086672505143790249 0.0003788460883381029 0.00026361447716805324 -0.00044788443666659075 -0.00013017818681602817
leaf_weight=80 515 90 66 103 199 73 104 224 66 110 89 116 219 249 61 137 153 184 100 120 108 142 198 98 244 358 82 81 387 390
leaf_count=80 515 90 66 103 199 73 104 224 66 110 89 116 219 249 61 137 153 184 100 120 108 142 198 98 244 358 82 81 387 390
internal_value=-0.00264997 -0.00247091 -0.00352091 0.00156383 -0.0026703 -0.00707581 -0.000701847 0.000938406 0.00604938 -0.00154696 -0.00117857 -0.00251712 -0.00805112 0.000554577 0.00482759 0.0103448 -0.00439433 -0.00385096 -0.0126901 -0.00321235 -0.00258235 -0.00319502 -0.00390232 -0.00302351 -0.00395745 -0.00316742 -0.0015307 -0.00259259 -0.0069556 0.000657277
internal_weight=5146 5066 3176 465 362 272 1890 1375 400 176 975 871 308 563 314 198 2711 2558 166 2392 2272 2164 2022 1824 1640 1542 1184 1102 468 634
internal_count=5146 5066 3176 465 362 272 1890 1375 400 176 975 871 308 563 314 198 2711 2558 166 2392 2272 2164 2022 1824 1640 1542 1184 1102 468 634
is_linear=0
shrinkage=0.035


Tree=155
num_leaves=31
num_cat=0
split_feature=148 5 148 126 69 223 77 77 21 270 148 190 132 78 22 65 11 140 9 126 115 287 59 256 104 91 130 224 148 48
split_gain=8.3993 14.4196 7.66192 13.8066 18.3877 19.1399 16.7971 16.4619 14.0624 13.6577 13.1475 18.0819 16.6159 13.3313 21.5073 14.1042 12.6844 14.0342 12.6426 17.9845 12.4824 12.1259 20.8651 24.5999 18.426 19.2154 15.3893 12.9371 17.7058 12.7715
threshold=4.5000000000000009 67.475612905584057 2442.5000000000005 2156.5000000000005 -10.750855041798973 34.651682293587257 0.36495000123977667 0.22200000286102298 0.14485000073909762 103.19273978108231 5272.0000000000009 -0.0062999948859214774 0.66439998149871837 24.245409970296794 0.44945000112056738 0.35604999959468847 163.14120836535946 535.50000000000011 33.45469904961373 2915.5000000000005 1235.0000000000002 1.0000000180025095e-35 2.904000043869019 50.201119423804549 305.00000000000006 -2.6560275604512822 -34.887373939025402 0.89030277829915405 879.50000000000011 4.000849962234498
decision_type=2 2 2 2 2 2 2 2 2 2 2 2 2 2 2 2 2 2 2 2 2 2 2 2 2 2 2 2 2 2
left_child=1 -1 3 21 -5 6 7 8 -6 -8 12 20 13 14 15 -4 17 -17 -9 -20 -12 -2 23 -23 25 -24 27 28 29 -26
right_child=2 -3 10 4 5 -7 9 18 -10 -11 11 -13 -14 -15 -16 16 -18 -19 19 -21 -22 22 24 -25 26 -27 -28 -29 -30 -31
leaf_value=-1.190737088130306e-05 -0.00019847214327653229 -0.0010820299529984085 -0.00018499202039231835 -0.0011248735936981757 0.00055317452656906344 0.0091558290399895784 -0.0025509456740860784 0.0081114310410568963 -0.00072508423187700628 0.00010216631451285957 0.0053419174524251961 -0.0015251670493193787 0.010319574783149115 -0.0032542393899764573 0.0084202392584805368 -0.00302114456220923 -0.00015016476051799455 -0.00021449494789443804 0.0034772472538227052 -0.00040086181235647725 -4.5554283729946633e-05 -1.0656456897266409e-05 -7.8782179775926112e-05 0.0067478669889906671 -0.001930279653623449 0.010051442688347324 0.00044215959538001061 -3.5459131614418718e-05 0.00015535591648289051 -2.9264230977359143e-05
leaf_weight=70 1464 61 466 66 88 99 120 79 87 92 132 77 66 95 69 157 79 87 172 115 320 180 66 132 202 60 77 237 70 61
leaf_count=70 1464 61 466 66 88 99 120 79 87 92 132 77 66 95 69 157 79 87 172 115 320 180 66 132 202 60 77 237 70 61
internal_value=-0.00247331 -0.0110662 -0.00223805 -0.00132056 0.00235103 0.00375729 0.00180079 0.0050641 -0.00369444 -0.00645161 -0.00428203 0.000196629 -0.00659668 -0.00778184 -0.00632677 -0.00797859 -0.0135518 -0.0174297 0.00924528 0.00563356 0.00291028 -0.00264487 0.00016055 0.00772871 -0.00292416 0.00908397 -0.00531442 -0.00730435 -0.0117012 -0.0158022
internal_weight=5146 131 5015 3467 918 852 753 541 175 212 1548 529 1019 953 858 789 323 244 366 287 452 2549 1085 312 773 126 647 570 333 263
internal_count=5146 131 5015 3467 918 852 753 541 175 212 1548 529 1019 953 858 789 323 244 366 287 452 2549 1085 312 773 126 647 570 333 263
is_linear=0
shrinkage=0.035


Tree=156
num_leaves=31
num_cat=0
split_feature=213 137 241 142 115 152 8 27 184 27 145 260 194 26 223 9 207 9 246 207 206 15 157 228 257 258 105 120 247 7
split_gain=8.30392 7.21906 12.1524 9.7006 8.01077 11.1093 11.8784 10.5647 8.79285 10.6526 11.7035 13.6913 12.322 11.8113 12.2254 14.5684 11.4873 11.1667 10.7401 10.5721 11.0653 10.3478 11.346 11.6165 10.8038 13.3353 11.5119 10.1715 9.46091 14.0264
threshold=9.526937644056547 10131.500000000002 -0.30372967128600153 0.81005001068115245 11227.500000000002 -0.36749699879629388 -61.897017540549037 13840.500000000002 0.083574630033367028 10446.000000000002 0.027649742750569192 -0.23059914209321017 0.060717185053854497 3.1362498998641972 11.019575742978963 142.68823636056513 0.045588071536127206 26.030011526035853 0.16278839359479605 -0.020524031520688688 -0.36413234472414407 -1.4512955579160101 0.02651581567974717 -3.1314616785504952 2.4353255069672164 0.027000010013580326 285.50000000000006 0.62905001640319835 599.58502197265636 -82.901395767840185
decision_type=2 2 2 2 2 2 2 2 2 2 2 2 2 2 2 2 2 2 2 2 2 2 2 2 2 2 2 2 2 2
left_child=-1 4 3 -3 7 -6 -7 8 9 10 12 -12 13 14 15 16 -2 -13 -18 -19 -21 22 23 -10 26 -26 -23 -24 29 -16
right_child=1 2 -4 -5 5 6 -8 -9 21 -11 11 17 -14 -15 28 -17 18 19 -20 20 -22 24 27 -25 25 -27 -28 -29 -30 -31
leaf_value=-0.00029526392451238395 -0.00070839175083354448 3.189378492438472e-05 -0.00060398977923484286 0.0077672058614113972 -0.0003754507754352768 1.16388382356164e-05 0.00067132361482509452 -0.00102053707938535 -0.00040578495463899694 0.0020536391621552353 -0.0028172854571065051 0.0019210056560104887 0.00010204462537255544 0.00035830092477203844 0.00014077906065917801 0.0010972683788167737 -0.00031312502855104996 2.7715941621115351e-05 0.00042668400954171186 -3.5789667503341454e-06 -0.00092565302125439573 2.9445280977971057e-05 -0.0012110136319248305 -0.0021247771620673179 5.3177350906835344e-05 -0.00088970279014704233 -0.00068726392310791869 0.00057227862703286309 0.00045415312694798484 -0.00056868642987588434
leaf_weight=106 488 76 89 70 60 100 65 62 114 84 63 104 621 110 453 61 61 133 63 104 260 78 62 191 504 87 120 105 239 413
leaf_count=106 488 76 89 70 60 100 65 62 114 84 63 104 621 110 453 61 61 133 63 104 260 78 62 191 504 87 120 105 239 413
internal_value=-0.00250049 -0.0022894 0.00364583 0.0097351 -0.00258316 0.00380435 0.00844118 -0.00290076 -0.0026929 -0.00172747 -0.00205947 -0.00617339 -0.000960621 -0.00236661 -0.00306225 -0.00676254 -0.00839546 -0.00444719 0.00108527 -0.00662351 -0.0096748 -0.00516983 -0.00924528 -0.0132097 -0.00268892 -0.000293624 -0.00965517 -0.0018314 -0.000788288 -0.00249139
internal_weight=5146 5040 235 146 4805 225 165 4580 4518 3257 3173 664 2509 1888 1778 673 612 601 124 497 364 1261 472 305 789 591 198 167 1105 866
internal_count=5146 5040 235 146 4805 225 165 4580 4518 3257 3173 664 2509 1888 1778 673 612 601 124 497 364 1261 472 305 789 591 198 167 1105 866
is_linear=0
shrinkage=0.035


Tree=157
num_leaves=31
num_cat=0
split_feature=213 209 33 256 242 224 91 175 71 91 39 228 238 91 194 49 49 137 137 254 13 156 246 200 254 41 6 271 44 27
split_gain=8.52236 8.32358 11.1041 15.6597 14.1534 11.6158 22.2486 13.9825 14.2248 11.6087 10.5015 10.129 12.045 15.2007 11.6191 11.184 13.4334 15.2475 11.8928 9.93944 14.908 18.0909 11.8078 11.8292 9.49579 10.2265 19.6318 17.7037 13.0688 13.3063
threshold=9.526937644056547 11.578605488650075 0.43574999272823339 78.669421196800513 82.882798391635774 0.73437631564369876 -5.3341166004831448 0.019428452756528044 3196.5000000000005 -3.6558724215976328 80.500000000000014 16.688240396539605 -14.07494150463595 -3.5867383215633981 0.027492762434781815 9623.5000000000018 7624.5000000000009 3441.5000000000005 6137.0000000000009 -2.5348872499109105 41.61890608935677 -0.073963322630175007 -0.15433226004310505 -0.037950009107589715 -16.565073637589965 517.50000000000011 -20.271481657102196 13.646415452046579 0.26485000550746923 4624.5000000000009
decision_type=2 2 2 2 2 2 2 2 2 2 2 2 2 2 2 2 2 2 2 2 2 2 2 2 2 2 2 2 2 2
left_child=-1 2 5 -4 -5 19 -7 8 -8 -9 -10 12 13 -3 -13 16 24 -18 -17 22 -21 -22 -2 -24 -14 26 27 -26 -27 -30
right_child=1 11 3 4 -6 6 7 9 10 -11 -12 14 15 -15 -16 18 17 -19 -20 20 21 -23 23 -25 25 28 -28 -29 29 -31
leaf_value=-0.00028492968715444989 0.0056225153329917113 -0.00027574673602649095 -0.0005873879688262951 0.007997391413752936 -8.2098446821976268e-05 0.0014006961662129805 0.00046668859581141148 -0.00099958400983989016 -0.00080926991282397672 -0.00025925632617544551 5.7946747221259704e-05 -0.0018598307471642684 -0.001085529638429556 0.0064329887517919366 -0.00025667330562977655 -0.00073480797836438048 0.0056394696555923654 -4.2455700215208454e-05 0.0001390115630463526 -0.00046839626356527751 0.0047408148542385179 0.00014557031058044236 0.00030774360198804895 -0.0013058814395865738 0.0033936397489104527 -7.335227633844228e-05 -0.00029575980099847836 -0.0015091880897104427 -0.00014373799640970465 -0.0021913003906721428
leaf_weight=106 75 64 374 63 351 69 79 69 63 105 65 143 124 61 122 124 70 134 64 60 136 101 65 122 227 1516 285 68 149 92
leaf_count=106 75 64 374 63 351 69 79 69 63 105 65 143 124 61 122 124 70 134 64 60 136 101 65 122 227 1516 285 68 149 92
internal_value=-0.00237818 -0.00216452 -0.000252497 -0.00335435 0.00133652 0.00217456 -0.002 -0.00534974 0.000825472 -0.012514 -0.00631579 -0.00322198 -0.00262823 0.00780769 -0.00972222 -0.00309832 -0.00250375 0.00602871 -0.0112435 0.00552305 0.00985099 0.0137397 0.000524345 -0.00419271 -0.00322182 -0.00270495 0.00131624 0.00758333 -0.00403235 -0.0115244
internal_weight=5146 5040 1797 788 414 1009 450 381 207 174 128 3243 2978 125 265 2853 2665 204 188 559 297 237 262 187 2461 2337 580 295 1757 241
internal_count=5146 5040 1797 788 414 1009 450 381 207 174 128 3243 2978 125 265 2853 2665 204 188 559 297 237 262 187 2461 2337 580 295 1757 241
is_linear=0
shrinkage=0.035


Tree=158
num_leaves=31
num_cat=0
split_feature=32 123 190 229 203 93 135 270 137 77 9 255 69 259 21 104 137 234 213 215 245 245 94 150 224 260 65 57 211 65
split_gain=8.65458 15.8398 10.9345 12.1812 14.2622 16.3962 18.0786 15.6222 11.434 10.9247 12.5226 11.7969 10.3895 18.3138 10.3844 14.1745 15.3606 10.436 10.405 9.94977 9.44189 9.81376 15.8379 12.1915 9.41271 14.323 12.4978 10.5452 13.2197 11.5977
threshold=0.13485000282526019 0.022471888240016325 -0.013549998402595518 1.9585491171242311 -0.86775240469198522 1585.5000000000002 -0.92999007784841325 111.23099837103196 2083.5000000000005 0.20809999853372577 118.4569243895594 0.99226912924244026 -4.022091610300115 0.2253132626246003 0.15615000575780871 474.00000000000006 51.500000000000007 -1.0000000180025095e-35 10.554014244196681 -0.047900013625621789 0.25719762637732563 0.015734325245154977 313.50000000000006 0.06840000301599504 0.6947659016361486 0.28330853546806206 0.35115000605583196 0.019900971213435006 1.0000000180025095e-35 0.34544999897480017
decision_type=2 2 2 2 2 2 2 2 2 2 2 2 2 2 2 2 2 2 2 2 2 2 2 2 2 2 2 2 2 2
left_child=1 9 3 20 -5 6 7 -6 19 11 24 -1 -10 -14 15 -4 -17 18 -16 -7 21 23 -23 -2 27 -26 -27 29 -29 -11
right_child=2 -3 14 4 5 8 -8 -9 12 10 -12 -13 13 -15 17 16 -18 -19 -20 -21 -22 22 -24 -25 25 26 -28 28 -30 -31
leaf_value=3.3925624493460488e-05 0.0012972794206445697 -0.00036691037670260999 7.0119194066849692e-05 0.0029118628568917519 -0.0020105266638790341 -5.5035660430406702e-06 -0.0064714862825474102 0.0027363657081684893 -0.00034394826039820057 0.0045178897721471567 0.00028699947992938884 0.0029620995018970193 0.00052320489291564603 -0.000230312960421617 -0.0001178829859720132 0.0001719917216854361 -0.00079990321231138313 -0.00022360254726201873 0.00049219115796062505 0.0088697358461174471 0.00028336160868391418 2.5366161535716749e-05 -0.00063795428071825044 -0.00011810198036237438 -0.0022859105391078507 -0.00030548482365551691 0.0001786706369527741 -0.00085891338779980984 0.0002842422527217986 -0.000314232165017838
leaf_weight=147 112 279 96 114 106 400 98 68 818 114 180 77 130 69 84 64 692 259 128 61 178 136 132 76 79 71 75 128 83 92
leaf_count=147 112 279 96 114 106 400 98 68 818 114 180 77 130 69 84 64 692 259 128 61 178 136 132 76 79 71 75 128 83 92
internal_value=-0.00262279 -0.000184211 -0.00346707 -0.00209748 -0.0035206 -0.00430769 -0.01213 -0.0050838 -0.0028321 0.00179829 -8.46433e-05 0.00855895 -0.00489726 0.00223039 -0.00603539 -0.00833139 -0.0099343 -0.00183824 0.00387097 0.00172747 0.00208138 -0.000607375 -0.00487179 0.00544041 -0.00238022 -0.00806522 -0.00139073 0.000746445 -0.00469907 0.00630332
internal_weight=5146 1325 3821 2498 1864 1750 272 174 1478 1046 822 224 1017 199 1323 852 756 471 212 461 634 456 268 188 642 225 146 417 211 206
internal_count=5146 1325 3821 2498 1864 1750 272 174 1478 1046 822 224 1017 199 1323 852 756 471 212 461 634 456 268 188 642 225 146 417 211 206
is_linear=0
shrinkage=0.035


Tree=159
num_leaves=31
num_cat=0
split_feature=148 104 163 244 27 49 88 21 165 187 173 206 16 137 60 12 148 200 13 83 193 230 16 202 260 200 260 137 137 249
split_gain=10.1641 12.0461 23.397 16.0766 16.7964 17.2587 13.9629 13.5752 13.4658 13.0872 12.6477 12.4932 11.9817 11.5533 11.7695 12.8945 10.5171 16.4334 14.693 13.7124 13.7079 10.7084 10.4433 11.8943 14.4001 16.997 10.4108 10.0723 13.302 10.0151
threshold=2442.5000000000005 2692.0000000000005 0.2507394604131235 0.01949999108910561 3125.5000000000005 4188.5000000000009 0.32344999909400945 0.15155000239610675 0.020607907153842402 1.0962006689005943e-05 -0.064527232244185703 -0.051485926830410249 0.1891686747645949 10131.500000000002 3904.5000000000005 10.749236519571085 5272.0000000000009 -0.017999999225139614 129.78246631704937 300.50000000000006 -0.62129987473161485 24.205704945826639 -3.3906544952949642 -0.4833147942074707 0.3482303513584214 -0.033250004053115838 -0.084787981848691699 3260.5000000000005 4350.0000000000009 -0.020080172142278304
decision_type=2 2 2 2 2 2 2 2 2 2 2 2 2 2 2 2 2 2 2 2 2 2 2 2 2 2 2 2 2 2
left_child=1 7 3 4 -3 8 -4 9 -6 13 -5 -7 -11 14 -1 -16 18 19 21 -18 -21 -2 29 -24 25 -25 -22 -26 -29 -9
right_child=16 2 6 10 5 11 -8 22 -10 12 -12 -13 -14 -15 15 -17 17 -19 -20 20 26 -23 23 24 27 -27 -28 28 -30 -31
leaf_value=3.0059785467624337e-05 -0.00039264522915761135 -0.00044273454476289183 0.016009351400355372 0.0019680572906027333 0.0024953507733869425 -0.00021134141905551575 0.00026327096126627927 -0.00029479285482757249 0.010981550152737244 -0.0010304267435844773 -0.00067439204085354071 0.00038824930933221486 3.2483471704932432e-05 0.0072792879367493514 -0.00086429822430912216 0.00034973816770335429 0.0011973510091767958 -0.0012277504068438766 0.0028546802468951706 0.0015067832452320047 -0.00098602799899414327 -0.0030025090233674347 8.6648971864690126e-05 -0.00048664277954320746 -0.0014257329797874795 0.00031366341165607939 9.1202570460899166e-05 0.00030920407149519658 -0.00069058187296609764 -0.0010313240285620166
leaf_weight=1015 814 148 73 67 60 174 81 137 78 150 202 128 82 70 180 70 201 95 116 69 92 89 141 98 120 97 72 71 172 184
leaf_count=1015 814 148 73 67 60 174 81 137 78 150 202 128 82 70 180 70 201 95 116 69 92 89 141 98 120 97 72 71 172 184
internal_value=-0.00250049 -0.00147655 0.00175689 -0.000527842 0.00271501 0.00613483 0.0140881 -0.00274113 0.0161538 -0.000690204 -0.0075365 0.00136808 -0.00827004 0.000652985 -0.000137795 -0.00686275 -0.004868 -0.00085206 -0.00693848 0.00207289 -0.00367647 -0.00844163 -0.00587317 -0.0034304 -0.00571936 0.001925 -0.00911243 -0.0097962 -0.00550403 -0.0110583
internal_weight=5146 3598 1011 857 588 440 154 2587 138 1567 269 302 232 1335 1265 250 1548 529 1019 434 233 903 1020 699 558 195 164 363 243 321
internal_count=5146 3598 1011 857 588 440 154 2587 138 1567 269 302 232 1335 1265 250 1548 529 1019 434 233 903 1020 699 558 195 164 363 243 321
is_linear=0
shrinkage=0.035


end of trees

feature_importances:
call_d15_oi=171
call_d25_oi=136
ib_range_bps=123
call_d80_oi=118
ctx_spx_ib_range_bps=118
put_d80_oi=101
call_d35_oi=97
dist_fib_200_up_bps=96
call_d65_oi=85
put_d65_oi=80
ctx_spy_ib_range_bps=73
call_d50_oi=71
put_d25_oi=70
phys_d15_oi_skew_call_minus_put=70
phys_d25_oi_skew_call_minus_put=70
put_d50_oi=64
phys_total_option_oi_log=64
put_d35_oi=60
dist_fib_200_dn_bps=59
ctx_spx_spot=55
phys_d15_iv_skew_put_minus_call=52
phys_d65_oi_skew_call_minus_put=51
call_d80_strike=50
phys_d50_oi_skew_call_minus_put=48
ctx_spy_phys_total_oi_skew_call_minus_put=48
phys_d25_iv_skew_put_minus_call=47
put_d15_oi=46
dist_fib_161_dn_bps=44
spot=43
phys_d80_oi_skew_call_minus_put=42
ctx_qqq_ib_range_bps=42
phys_d35_oi_skew_call_minus_put=41
phys_ib_balance=41
dist_fib_127_dn_bps=39
ctx_spy_spot=39
phys_ib_edge_min_abs_bps=37
put_d15_strike=36
call_d15_strike=35
put_d80_strike=33
put_d80_iv=32
call_d25_strike=31
phys_total_oi_skew_call_minus_put=31
phys_nearest_level_vs_ib_range=31
dist_ib_low_bps=30
phys_fib_dn_mean_signed_bps=30
ctx_spx_phys_total_oi_skew_call_minus_put=30
dist_ib_high_bps=29
dist_fib_161_up_bps=29
call_d50_theta_over_mid=29
nearest_level_abs_bps=26
phys_call_iv_slope_low_to_high=26
phys_fib_any_min_abs_bps=26
put_d15_iv=25
phys_d35_iv_skew_put_minus_call=25
phys_put_iv_slope_low_to_high=24
put_d15_vega=23
dist_fib_127_up_bps=22
put_d35_strike=22
call_d80_vega=22
phys_fib_up_mean_signed_bps=22
ctx_spx_nearest_level_abs_bps=22
ctx_spx_phys_d35_iv_skew_put_minus_call=22
call_d35_volume=21
ctx_spy_phys_d35_iv_skew_put_minus_call=21
ret_30m_bps=20
call_d35_mid_bps=20
put_d50_vega=20
phys_d65_liquidity_score=20
phys_d80_iv_skew_put_minus_call=20
call_d15_abs_delta=19
call_d15_iv=19
call_d15_vega=19
call_d65_theta_over_mid=19
call_d25_mid_bps=18
put_d35_vega=18
call_d50_vega=18
put_d80_theta_over_mid=18
ctx_spy_nearest_level_abs_bps=18
put_d15_abs_delta=17
call_d50_strike=17
put_d65_spread_pct=17
phys_d25_volume_skew_call_minus_put=17
ctx_spy_ret_30m_bps=17
call_d25_abs_delta=16
call_d80_iv=16
phys_d65_iv_skew_put_minus_call=16
call_d25_vega=15
put_d35_theta_over_mid=15
phys_d25_iv_mean=15
phys_d65_spread_mean=15
phys_d80_iv_mean=15
phys_d80_vega_skew_call_minus_put=15
ctx_spx_ret_30m_bps=15
ctx_spx_phys_total_volume_skew_call_minus_put=15
call_d25_theta_over_mid=14
put_d25_strike=14
phys_d15_volume_skew_call_minus_put=14
ctx_spy_ret_30m_bps_minus_self=14
call_d35_abs_delta=13
call_d65_strike=13
ctx_spx_ret_15m_bps=13
call_d15_strike_bps=12
put_d25_iv=12
put_d25_volume=12
put_d65_iv=12
put_d65_theta_over_mid=12
put_d65_vega=12
call_d80_spread_pct=12
call_d80_theta_over_mid=12
put_d80_vega=12
phys_d50_theta_skew_call_minus_put=12
phys_total_volume_skew_call_minus_put=12
phys_fib_up_min_abs_bps=12
nearest_level_name_ib_high=12
put_d25_spread_pct=11
call_d35_vega=11
put_d35_iv=11
put_d80_abs_delta=11
phys_d15_iv_mean=11
phys_d80_liquidity_score=11
phys_abs_ret_30m_bps=11
ctx_spx_ret_1m_bps=11
put_d25_mid_bps=10
call_d35_theta_over_mid=10
put_d65_abs_delta=10
call_d80_mid_bps=10
put_d80_strike_bps=10
phys_d15_liquidity_score=10
phys_d35_volume_skew_call_minus_put=10
phys_call_mid_slope_low_to_high=10
phys_put_mid_slope_low_to_high=10
phys_momentum_accel_ret_15m_bps_minus_ret_30m_bps=10
ctx_spx_ret_30m_bps_minus_self=10
minute=9
call_d25_iv=9
call_d25_spread_pct=9
put_d25_vega=9
call_d35_spread_pct=9
put_d35_mid_bps=9
put_d50_mid_bps=9
put_d50_spread_pct=9
call_d65_iv=9
call_d65_vega=9
put_d65_volume=9
phys_d15_theta_skew_call_minus_put=9
ret_15m_bps=8
put_d15_spread_pct=8
call_d35_strike=8
put_d35_volume=8
call_d50_iv=8
put_d50_theta_over_mid=8
phys_abs_ret_1m_bps=8
ctx_spy_phys_total_volume_skew_call_minus_put=8
call_d15_volume=7
put_d15_volume=7
put_d25_abs_delta=7
call_d50_strike_bps=7
call_d65_volume=7
call_d80_strike_bps=7
put_d80_spread_pct=7
phys_d50_mid_skew_call_minus_put=7
phys_d65_mid_skew_call_minus_put=7
phys_d80_mid_skew_call_minus_put=7
ctx_spy_ret_15m_bps=7
call_d15_mid_bps=6
put_d15_strike_bps=6
call_d25_strike_bps=6
call_d50_abs_delta=6
call_d50_mid_bps=6
call_d50_spread_pct=6
call_d65_mid_bps=6
phys_d25_spread_mean=6
phys_d35_spread_mean=6
phys_d80_spread_mean=6
phys_d80_theta_skew_call_minus_put=6
ctx_spx_ret_15m_bps_minus_self=6
ctx_spy_ret_1m_bps_minus_self=6
put_d15_theta_over_mid=5
call_d50_volume=5
phys_d15_spread_mean=5
phys_d25_theta_skew_call_minus_put=5
phys_d35_theta_skew_call_minus_put=5
phys_d50_spread_mean=5
phys_d50_vega_skew_call_minus_put=5
phys_d65_vega_skew_call_minus_put=5
ctx_spy_ret_15m_bps_minus_self=5
nearest_level_name_fib_161_up=5
ret_5m_bps=4
call_d15_theta_over_mid=4
put_d15_mid_bps=4
call_d25_volume=4
put_d25_strike_bps=4
put_d25_theta_over_mid=4
put_d35_spread_pct=4
put_d50_iv=4
put_d50_volume=4
call_d65_abs_delta=4
put_d65_strike=4
put_d65_strike_bps=4
put_d65_mid_bps=4
call_d80_abs_delta=4
phys_d15_mid_skew_call_minus_put=4
phys_d15_abs_delta_gap=4
phys_d50_iv_mean=4
phys_d50_volume_skew_call_minus_put=4
phys_fib_dn_min_abs_bps=4
phys_momentum_accel_ret_5m_bps_minus_ret_15m_bps=4
ctx_spx_ret_5m_bps_minus_self=4
ctx_spy_ret_5m_bps=4
ctx_qqq_nearest_level_abs_bps=4
ctx_qqq_phys_total_oi_skew_call_minus_put=4
nearest_level_name_fib_161_dn=4
call_d35_strike_bps=3
call_d35_iv=3
put_d35_strike_bps=3
put_d35_abs_delta=3
put_d50_abs_delta=3
call_d65_strike_bps=3
call_d65_spread_pct=3
call_d80_volume=3
put_d80_mid_bps=3
put_d80_volume=3
phys_d25_vega_skew_call_minus_put=3
phys_d25_abs_delta_gap=3
phys_d25_liquidity_score=3
phys_d35_iv_mean=3
phys_d65_iv_mean=3
phys_d65_theta_skew_call_minus_put=3
phys_d80_volume_skew_call_minus_put=3
phys_d80_abs_delta_gap=3
phys_total_option_volume_log=3
ctx_spx_ret_1m_bps_minus_self=3
ctx_spy_ret_1m_bps=3
call_d15_spread_pct=2
put_d50_strike_bps=2
phys_d15_vega_skew_call_minus_put=2
phys_d35_mid_skew_call_minus_put=2
phys_d35_vega_skew_call_minus_put=2
phys_d35_liquidity_score=2
phys_d50_iv_skew_put_minus_call=2
phys_d50_liquidity_score=2
phys_d65_volume_skew_call_minus_put=2
phys_momentum_accel_ret_1m_bps_minus_ret_5m_bps=2
phys_abs_ret_5m_bps=2
phys_abs_ret_15m_bps=2
ctx_spx_ret_5m_bps=2
ctx_spy_ret_5m_bps_minus_self=2
ctx_qqq_ret_15m_bps=2
ctx_qqq_phys_d35_iv_skew_put_minus_call=2
ctx_spx_spy_ret_5m_spread=2
ret_1m_bps=1
put_d50_strike=1
phys_d25_mid_skew_call_minus_put=1
phys_d35_abs_delta_gap=1
phys_d50_abs_delta_gap=1
ctx_qqq_spot=1
ctx_qqq_ret_5m_bps=1
ctx_qqq_ret_30m_bps=1
ctx_qqq_phys_total_volume_skew_call_minus_put=1
ctx_spy_qqq_ret_5m_spread=1
nearest_level_name_fib_127_dn=1
nearest_level_name_ib_low=1

parameters:
[boosting: gbdt]
[objective: regression_l1]
[metric: l1]
[tree_learner: serial]
[device_type: cpu]
[data_sample_strategy: bagging]
[data: ]
[valid: ]
[num_iterations: 160]
[learning_rate: 0.035]
[num_leaves: 31]
[num_threads: 4]
[seed: 20260619]
[deterministic: 1]
[force_col_wise: 1]
[force_row_wise: 0]
[histogram_pool_size: -1]
[max_depth: -1]
[min_data_in_leaf: 60]
[min_sum_hessian_in_leaf: 0.001]
[bagging_fraction: 0.85]
[pos_bagging_fraction: 1]
[neg_bagging_fraction: 1]
[bagging_freq: 0]
[bagging_seed: 29366]
[bagging_by_query: 0]
[feature_fraction: 0.85]
[feature_fraction_bynode: 1]
[feature_fraction_seed: 27262]
[extra_trees: 0]
[extra_seed: 5427]
[early_stopping_round: 0]
[early_stopping_min_delta: 0]
[first_metric_only: 0]
[max_delta_step: 0]
[lambda_l1: 0]
[lambda_l2: 5]
[linear_lambda: 0]
[min_gain_to_split: 0]
[drop_rate: 0.1]
[max_drop: 50]
[skip_drop: 0.5]
[xgboost_dart_mode: 0]
[uniform_drop: 0]
[drop_seed: 19625]
[top_rate: 0.2]
[other_rate: 0.1]
[min_data_per_group: 100]
[max_cat_threshold: 32]
[cat_l2: 10]
[cat_smooth: 10]
[max_cat_to_onehot: 4]
[top_k: 20]
[monotone_constraints: ]
[monotone_constraints_method: basic]
[monotone_penalty: 0]
[feature_contri: ]
[forcedsplits_filename: ]
[refit_decay_rate: 0.9]
[cegb_tradeoff: 1]
[cegb_penalty_split: 0]
[cegb_penalty_feature_lazy: ]
[cegb_penalty_feature_coupled: ]
[path_smooth: 0]
[interaction_constraints: ]
[verbosity: -1]
[saved_feature_importance_type: 0]
[use_quantized_grad: 0]
[num_grad_quant_bins: 4]
[quant_train_renew_leaf: 0]
[stochastic_rounding: 1]
[linear_tree: 0]
[max_bin: 255]
[max_bin_by_feature: ]
[min_data_in_bin: 3]
[bin_construct_sample_cnt: 200000]
[data_random_seed: 4103]
[is_enable_sparse: 1]
[enable_bundle: 1]
[use_missing: 1]
[zero_as_missing: 0]
[feature_pre_filter: 1]
[pre_partition: 0]
[two_round: 0]
[header: 0]
[label_column: ]
[weight_column: ]
[group_column: ]
[ignore_column: ]
[categorical_feature: ]
[forcedbins_filename: ]
[precise_float_parser: 0]
[parser_config_file: ]
[objective_seed: 14563]
[num_class: 1]
[is_unbalance: 0]
[scale_pos_weight: 1]
[sigmoid: 1]
[boost_from_average: 1]
[reg_sqrt: 0]
[alpha: 0.9]
[fair_c: 1]
[poisson_max_delta_step: 0.7]
[tweedie_variance_power: 1.5]
[lambdarank_truncation_level: 30]
[lambdarank_norm: 1]
[label_gain: ]
[lambdarank_position_bias_regularization: 0]
[eval_at: ]
[multi_error_top_k: 1]
[auc_mu_weights: ]
[num_machines: 1]
[local_listen_port: 12400]
[time_out: 120]
[machine_list_filename: ]
[machines: ]
[gpu_platform_id: -1]
[gpu_device_id: -1]
[gpu_use_dp: 0]
[num_gpu: 1]

end of parameters

pandas_categorical:[]
