ticker,trade_date,local_feature_valid,local_invalid_reason,front_greek_vintage_target_rows,front_iv_vintage_target_rows,front_native_target_rows,front_native_extra_vs_greek_rows,front_native_extra_vs_iv_rows,front_clock_key_coverage_exact,front_storage_generation,front_shared_key_rows,front_greek_only_key_rows,front_iv_only_key_rows,back_greek_vintage_target_rows,back_iv_vintage_target_rows,back_native_target_rows,back_native_extra_vs_greek_rows,back_native_extra_vs_iv_rows,back_clock_key_coverage_exact,back_storage_generation,back_shared_key_rows,back_greek_only_key_rows,back_iv_only_key_rows
QQQ,20240102,True,,656.0,656.0,656.0,0.0,0.0,True,V1,656.0,0.0,0.0,1264.0,1264.0,1264.0,0.0,0.0,True,V1,1264.0,0.0,0.0
QQQ,20240103,True,,656.0,656.0,656.0,0.0,0.0,True,V1,656.0,0.0,0.0,1264.0,1264.0,1264.0,0.0,0.0,True,V1,1264.0,0.0,0.0
QQQ,20240104,True,,656.0,656.0,656.0,0.0,0.0,True,V1,656.0,0.0,0.0,1264.0,1264.0,1264.0,0.0,0.0,True,V1,1264.0,0.0,0.0
QQQ,20240105,True,,1264.0,1264.0,1264.0,0.0,0.0,True,V1,1264.0,0.0,0.0,804.0,804.0,804.0,0.0,0.0,True,V1,804.0,0.0,0.0
QQQ,20240108,True,,568.0,568.0,568.0,0.0,0.0,True,V1,568.0,0.0,0.0,804.0,804.0,804.0,0.0,0.0,True,V1,804.0,0.0,0.0
QQQ,20240109,True,,568.0,568.0,568.0,0.0,0.0,True,V1,568.0,0.0,0.0,804.0,804.0,804.0,0.0,0.0,True,V1,804.0,0.0,0.0
QQQ,20240110,True,,508.0,508.0,508.0,0.0,0.0,True,V1,508.0,0.0,0.0,816.0,816.0,816.0,0.0,0.0,True,V1,816.0,0.0,0.0
QQQ,20240111,True,,528.0,528.0,528.0,0.0,0.0,True,V1,528.0,0.0,0.0,856.0,856.0,856.0,0.0,0.0,True,V1,856.0,0.0,0.0
QQQ,20240112,True,,856.0,856.0,856.0,0.0,0.0,True,V1,856.0,0.0,0.0,1092.0,1092.0,1092.0,0.0,0.0,True,V1,1092.0,0.0,0.0
QQQ,20240116,True,,504.0,504.0,504.0,0.0,0.0,True,V1,504.0,0.0,0.0,1092.0,1092.0,1092.0,0.0,0.0,True,V1,1092.0,0.0,0.0
QQQ,20240117,True,,512.0,512.0,512.0,0.0,0.0,True,V1,512.0,0.0,0.0,1092.0,1092.0,1092.0,0.0,0.0,True,V1,1092.0,0.0,0.0
QQQ,20240118,True,,512.0,512.0,512.0,0.0,0.0,True,V1,512.0,0.0,0.0,1092.0,1092.0,1092.0,0.0,0.0,True,V1,1092.0,0.0,0.0
QQQ,20240119,True,,1092.0,1092.0,1092.0,0.0,0.0,True,V1,1092.0,0.0,0.0,708.0,708.0,708.0,0.0,0.0,True,V1,708.0,0.0,0.0
QQQ,20240122,True,,548.0,548.0,548.0,0.0,0.0,True,V1,548.0,0.0,0.0,832.0,832.0,832.0,0.0,0.0,True,V1,832.0,0.0,0.0
QQQ,20240123,True,,548.0,548.0,548.0,0.0,0.0,True,V1,548.0,0.0,0.0,832.0,832.0,832.0,0.0,0.0,True,V1,832.0,0.0,0.0
QQQ,20240124,True,,524.0,524.0,524.0,0.0,0.0,True,V1,524.0,0.0,0.0,832.0,832.0,832.0,0.0,0.0,True,V1,832.0,0.0,0.0
QQQ,20240125,True,,500.0,500.0,500.0,0.0,0.0,True,V1,500.0,0.0,0.0,880.0,880.0,880.0,0.0,0.0,True,V1,880.0,0.0,0.0
QQQ,20240126,True,,880.0,880.0,880.0,0.0,0.0,True,V1,880.0,0.0,0.0,856.0,856.0,856.0,0.0,0.0,True,V1,856.0,0.0,0.0
QQQ,20240129,True,,560.0,560.0,560.0,0.0,0.0,True,V1,560.0,0.0,0.0,856.0,856.0,856.0,0.0,0.0,True,V1,856.0,0.0,0.0
QQQ,20240130,True,,560.0,560.0,560.0,0.0,0.0,True,V1,560.0,0.0,0.0,856.0,856.0,856.0,0.0,0.0,True,V1,856.0,0.0,0.0
QQQ,20240131,True,,560.0,560.0,560.0,0.0,0.0,True,V1,560.0,0.0,0.0,856.0,856.0,856.0,0.0,0.0,True,V1,856.0,0.0,0.0
QQQ,20240201,True,,560.0,560.0,560.0,0.0,0.0,True,V1,560.0,0.0,0.0,856.0,856.0,856.0,0.0,0.0,True,V1,856.0,0.0,0.0
QQQ,20240202,True,,856.0,856.0,856.0,0.0,0.0,True,V1,856.0,0.0,0.0,600.0,600.0,600.0,0.0,0.0,True,V1,600.0,0.0,0.0
QQQ,20240205,True,,524.0,524.0,524.0,0.0,0.0,True,V1,524.0,0.0,0.0,608.0,608.0,608.0,0.0,0.0,True,V1,608.0,0.0,0.0
QQQ,20240206,True,,524.0,524.0,524.0,0.0,0.0,True,V1,524.0,0.0,0.0,608.0,608.0,608.0,0.0,0.0,True,V1,608.0,0.0,0.0
QQQ,20240207,True,,524.0,524.0,524.0,0.0,0.0,True,V1,524.0,0.0,0.0,608.0,608.0,608.0,0.0,0.0,True,V1,608.0,0.0,0.0
QQQ,20240208,True,,552.0,552.0,552.0,0.0,0.0,True,V1,552.0,0.0,0.0,608.0,608.0,608.0,0.0,0.0,True,V1,608.0,0.0,0.0
QQQ,20240209,True,,608.0,608.0,608.0,0.0,0.0,True,V1,608.0,0.0,0.0,988.0,988.0,988.0,0.0,0.0,True,V1,988.0,0.0,0.0
QQQ,20240212,True,,552.0,552.0,552.0,0.0,0.0,True,V1,552.0,0.0,0.0,988.0,988.0,988.0,0.0,0.0,True,V1,988.0,0.0,0.0
QQQ,20240213,True,,552.0,552.0,552.0,0.0,0.0,True,V1,552.0,0.0,0.0,988.0,988.0,988.0,0.0,0.0,True,V1,988.0,0.0,0.0
QQQ,20240214,True,,552.0,552.0,552.0,0.0,0.0,True,V1,552.0,0.0,0.0,988.0,988.0,988.0,0.0,0.0,True,V1,988.0,0.0,0.0
QQQ,20240215,True,,552.0,552.0,552.0,0.0,0.0,True,V1,552.0,0.0,0.0,988.0,988.0,988.0,0.0,0.0,True,V1,988.0,0.0,0.0
QQQ,20240216,True,,988.0,988.0,988.0,0.0,0.0,True,V1,988.0,0.0,0.0,432.0,432.0,432.0,0.0,0.0,True,V1,432.0,0.0,0.0
QQQ,20240220,True,,520.0,520.0,520.0,0.0,0.0,True,V1,520.0,0.0,0.0,432.0,432.0,432.0,0.0,0.0,True,V1,432.0,0.0,0.0
QQQ,20240221,True,,520.0,520.0,520.0,0.0,0.0,True,V1,520.0,0.0,0.0,596.0,596.0,596.0,0.0,0.0,True,V1,596.0,0.0,0.0
QQQ,20240222,True,,540.0,540.0,540.0,0.0,0.0,True,V1,540.0,0.0,0.0,596.0,596.0,596.0,0.0,0.0,True,V1,596.0,0.0,0.0
QQQ,20240223,True,,596.0,596.0,596.0,0.0,0.0,True,V1,596.0,0.0,0.0,644.0,644.0,644.0,0.0,0.0,True,V1,644.0,0.0,0.0
QQQ,20240226,True,,588.0,588.0,588.0,0.0,0.0,True,V1,588.0,0.0,0.0,644.0,644.0,644.0,0.0,0.0,True,V1,644.0,0.0,0.0
QQQ,20240227,True,,552.0,552.0,552.0,0.0,0.0,True,V1,552.0,0.0,0.0,644.0,644.0,644.0,0.0,0.0,True,V1,644.0,0.0,0.0
QQQ,20240228,True,,588.0,588.0,588.0,0.0,0.0,True,V1,588.0,0.0,0.0,644.0,644.0,644.0,0.0,0.0,True,V1,644.0,0.0,0.0
QQQ,20240229,True,,552.0,552.0,552.0,0.0,0.0,True,V1,552.0,0.0,0.0,644.0,644.0,644.0,0.0,0.0,True,V1,644.0,0.0,0.0
QQQ,20240301,True,,644.0,644.0,644.0,0.0,0.0,True,V1,644.0,0.0,0.0,608.0,608.0,608.0,0.0,0.0,True,V1,608.0,0.0,0.0
QQQ,20240304,True,,552.0,552.0,552.0,0.0,0.0,True,V1,552.0,0.0,0.0,608.0,608.0,608.0,0.0,0.0,True,V1,608.0,0.0,0.0
QQQ,20240305,True,,552.0,552.0,552.0,0.0,0.0,True,V1,552.0,0.0,0.0,616.0,616.0,616.0,0.0,0.0,True,V1,616.0,0.0,0.0
QQQ,20240306,True,,528.0,528.0,528.0,0.0,0.0,True,V1,528.0,0.0,0.0,616.0,616.0,616.0,0.0,0.0,True,V1,616.0,0.0,0.0
QQQ,20240307,True,,532.0,532.0,532.0,0.0,0.0,True,V1,532.0,0.0,0.0,616.0,616.0,616.0,0.0,0.0,True,V1,616.0,0.0,0.0
QQQ,20240308,True,,616.0,616.0,616.0,0.0,0.0,True,V1,616.0,0.0,0.0,1236.0,1236.0,1236.0,0.0,0.0,True,V1,1236.0,0.0,0.0
QQQ,20240311,True,,524.0,524.0,524.0,0.0,0.0,True,V1,524.0,0.0,0.0,1236.0,1236.0,1236.0,0.0,0.0,True,V1,1236.0,0.0,0.0
QQQ,20240312,True,,520.0,520.0,520.0,0.0,0.0,True,V1,520.0,0.0,0.0,1236.0,1236.0,1236.0,0.0,0.0,True,V1,1236.0,0.0,0.0
QQQ,20240313,True,,528.0,528.0,528.0,0.0,0.0,True,V1,528.0,0.0,0.0,1236.0,1236.0,1236.0,0.0,0.0,True,V1,1236.0,0.0,0.0
QQQ,20240314,True,,528.0,528.0,528.0,0.0,0.0,True,V1,528.0,0.0,0.0,1236.0,1236.0,1236.0,0.0,0.0,True,V1,1236.0,0.0,0.0
QQQ,20240315,True,,1236.0,1236.0,1236.0,0.0,0.0,True,V1,1236.0,0.0,0.0,616.0,616.0,616.0,0.0,0.0,True,V1,616.0,0.0,0.0
QQQ,20240318,True,,528.0,528.0,528.0,0.0,0.0,True,V1,528.0,0.0,0.0,616.0,616.0,616.0,0.0,0.0,True,V1,616.0,0.0,0.0
QQQ,20240319,True,,524.0,524.0,524.0,0.0,0.0,True,V1,524.0,0.0,0.0,616.0,616.0,616.0,0.0,0.0,True,V1,616.0,0.0,0.0
QQQ,20240320,True,,524.0,524.0,524.0,0.0,0.0,True,V1,524.0,0.0,0.0,616.0,616.0,616.0,0.0,0.0,True,V1,616.0,0.0,0.0
QQQ,20240321,True,,528.0,528.0,528.0,0.0,0.0,True,V1,528.0,0.0,0.0,616.0,616.0,616.0,0.0,0.0,True,V1,616.0,0.0,0.0
QQQ,20240322,True,,616.0,616.0,616.0,0.0,0.0,True,V1,616.0,0.0,0.0,968.0,968.0,968.0,0.0,0.0,True,V1,968.0,0.0,0.0
QQQ,20240325,True,,536.0,536.0,536.0,0.0,0.0,True,V1,536.0,0.0,0.0,968.0,968.0,968.0,0.0,0.0,True,V1,968.0,0.0,0.0
QQQ,20240326,True,,536.0,536.0,536.0,0.0,0.0,True,V1,536.0,0.0,0.0,968.0,968.0,968.0,0.0,0.0,True,V1,968.0,0.0,0.0
QQQ,20240327,True,,536.0,536.0,536.0,0.0,0.0,True,V1,536.0,0.0,0.0,968.0,968.0,968.0,0.0,0.0,True,V1,968.0,0.0,0.0
QQQ,20240328,True,,968.0,968.0,968.0,0.0,0.0,True,V1,968.0,0.0,0.0,560.0,560.0,560.0,0.0,0.0,True,V1,560.0,0.0,0.0
QQQ,20240401,True,,536.0,536.0,536.0,0.0,0.0,True,V1,536.0,0.0,0.0,560.0,560.0,560.0,0.0,0.0,True,V1,560.0,0.0,0.0
QQQ,20240402,True,,536.0,536.0,536.0,0.0,0.0,True,V1,536.0,0.0,0.0,560.0,560.0,560.0,0.0,0.0,True,V1,560.0,0.0,0.0
QQQ,20240403,True,,500.0,500.0,500.0,0.0,0.0,True,V1,500.0,0.0,0.0,576.0,576.0,576.0,0.0,0.0,True,V1,576.0,0.0,0.0
QQQ,20240404,True,,520.0,520.0,520.0,0.0,0.0,True,V1,520.0,0.0,0.0,576.0,576.0,576.0,0.0,0.0,True,V1,576.0,0.0,0.0
QQQ,20240405,True,,576.0,576.0,576.0,0.0,0.0,True,V1,576.0,0.0,0.0,632.0,632.0,632.0,0.0,0.0,True,V1,632.0,0.0,0.0
QQQ,20240408,True,,524.0,524.0,524.0,0.0,0.0,True,V1,524.0,0.0,0.0,640.0,640.0,640.0,0.0,0.0,True,V1,640.0,0.0,0.0
QQQ,20240409,True,,524.0,524.0,524.0,0.0,0.0,True,V1,524.0,0.0,0.0,640.0,640.0,640.0,0.0,0.0,True,V1,640.0,0.0,0.0
QQQ,20240410,True,,524.0,524.0,524.0,0.0,0.0,True,V1,524.0,0.0,0.0,640.0,640.0,640.0,0.0,0.0,True,V1,640.0,0.0,0.0
QQQ,20240411,True,,524.0,524.0,524.0,0.0,0.0,True,V1,524.0,0.0,0.0,640.0,640.0,640.0,0.0,0.0,True,V1,640.0,0.0,0.0
QQQ,20240412,True,,640.0,640.0,640.0,0.0,0.0,True,V1,640.0,0.0,0.0,892.0,892.0,892.0,0.0,0.0,True,V1,892.0,0.0,0.0
QQQ,20240415,True,,524.0,524.0,524.0,0.0,0.0,True,V1,524.0,0.0,0.0,896.0,896.0,896.0,0.0,0.0,True,V1,896.0,0.0,0.0
QQQ,20240416,True,,524.0,524.0,524.0,0.0,0.0,True,V1,524.0,0.0,0.0,896.0,896.0,896.0,0.0,0.0,True,V1,896.0,0.0,0.0
QQQ,20240417,True,,524.0,524.0,524.0,0.0,0.0,True,V1,524.0,0.0,0.0,896.0,896.0,896.0,0.0,0.0,True,V1,896.0,0.0,0.0
QQQ,20240418,True,,524.0,524.0,524.0,0.0,0.0,True,V1,524.0,0.0,0.0,896.0,896.0,896.0,0.0,0.0,True,V1,896.0,0.0,0.0
QQQ,20240419,True,,896.0,896.0,896.0,0.0,0.0,True,V1,896.0,0.0,0.0,632.0,632.0,632.0,0.0,0.0,True,V1,632.0,0.0,0.0
QQQ,20240422,True,,576.0,576.0,576.0,0.0,0.0,True,V1,576.0,0.0,0.0,688.0,688.0,688.0,0.0,0.0,True,V1,688.0,0.0,0.0
QQQ,20240423,True,,576.0,576.0,576.0,0.0,0.0,True,V1,576.0,0.0,0.0,700.0,700.0,700.0,0.0,0.0,True,V1,700.0,0.0,0.0
QQQ,20240424,True,,592.0,592.0,592.0,0.0,0.0,True,V1,592.0,0.0,0.0,700.0,700.0,700.0,0.0,0.0,True,V1,700.0,0.0,0.0
QQQ,20240425,True,,592.0,592.0,592.0,0.0,0.0,True,V1,592.0,0.0,0.0,700.0,700.0,700.0,0.0,0.0,True,V1,700.0,0.0,0.0
QQQ,20240426,True,,700.0,700.0,700.0,0.0,0.0,True,V1,700.0,0.0,0.0,628.0,628.0,628.0,0.0,0.0,True,V1,628.0,0.0,0.0
QQQ,20240429,True,,592.0,592.0,592.0,0.0,0.0,True,V1,592.0,0.0,0.0,628.0,628.0,628.0,0.0,0.0,True,V1,628.0,0.0,0.0
QQQ,20240430,True,,528.0,528.0,528.0,0.0,0.0,True,V1,528.0,0.0,0.0,628.0,628.0,628.0,0.0,0.0,True,V1,628.0,0.0,0.0
QQQ,20240501,True,,524.0,524.0,524.0,0.0,0.0,True,V1,524.0,0.0,0.0,664.0,664.0,664.0,0.0,0.0,True,V1,664.0,0.0,0.0
QQQ,20240502,True,,572.0,572.0,572.0,0.0,0.0,True,V1,572.0,0.0,0.0,664.0,664.0,664.0,0.0,0.0,True,V1,664.0,0.0,0.0
QQQ,20240503,True,,664.0,664.0,664.0,0.0,0.0,True,V1,664.0,0.0,0.0,604.0,604.0,604.0,0.0,0.0,True,V1,604.0,0.0,0.0
QQQ,20240506,True,,572.0,572.0,572.0,0.0,0.0,True,V1,572.0,0.0,0.0,604.0,604.0,604.0,0.0,0.0,True,V1,604.0,0.0,0.0
QQQ,20240507,True,,552.0,552.0,552.0,0.0,0.0,True,V1,552.0,0.0,0.0,616.0,616.0,616.0,0.0,0.0,True,V1,616.0,0.0,0.0
QQQ,20240508,True,,568.0,568.0,568.0,0.0,0.0,True,V1,568.0,0.0,0.0,616.0,616.0,616.0,0.0,0.0,True,V1,616.0,0.0,0.0
QQQ,20240509,True,,568.0,568.0,568.0,0.0,0.0,True,V1,568.0,0.0,0.0,616.0,616.0,616.0,0.0,0.0,True,V1,616.0,0.0,0.0
QQQ,20240510,True,,616.0,616.0,616.0,0.0,0.0,True,V1,616.0,0.0,0.0,904.0,904.0,904.0,0.0,0.0,True,V1,904.0,0.0,0.0
QQQ,20240513,True,,572.0,572.0,572.0,0.0,0.0,True,V1,572.0,0.0,0.0,904.0,904.0,904.0,0.0,0.0,True,V1,904.0,0.0,0.0
QQQ,20240514,True,,572.0,572.0,572.0,0.0,0.0,True,V1,572.0,0.0,0.0,904.0,904.0,904.0,0.0,0.0,True,V1,904.0,0.0,0.0
QQQ,20240515,True,,572.0,572.0,572.0,0.0,0.0,True,V1,572.0,0.0,0.0,904.0,904.0,904.0,0.0,0.0,True,V1,904.0,0.0,0.0
QQQ,20240516,True,,524.0,524.0,524.0,0.0,0.0,True,V1,524.0,0.0,0.0,904.0,904.0,904.0,0.0,0.0,True,V1,904.0,0.0,0.0
QQQ,20240517,True,,904.0,904.0,904.0,0.0,0.0,True,V1,904.0,0.0,0.0,672.0,672.0,672.0,0.0,0.0,True,V1,672.0,0.0,0.0
QQQ,20240520,True,,520.0,520.0,520.0,0.0,0.0,True,V1,520.0,0.0,0.0,672.0,672.0,672.0,0.0,0.0,True,V1,672.0,0.0,0.0
QQQ,20240521,True,,512.0,512.0,512.0,0.0,0.0,True,V1,512.0,0.0,0.0,672.0,672.0,672.0,0.0,0.0,True,V1,672.0,0.0,0.0
QQQ,20240522,True,,520.0,520.0,520.0,0.0,0.0,True,V1,520.0,0.0,0.0,672.0,672.0,672.0,0.0,0.0,True,V1,672.0,0.0,0.0
QQQ,20240523,True,,520.0,520.0,520.0,0.0,0.0,True,V1,520.0,0.0,0.0,672.0,672.0,672.0,0.0,0.0,True,V1,672.0,0.0,0.0
QQQ,20240524,True,,672.0,672.0,672.0,0.0,0.0,True,V1,672.0,0.0,0.0,640.0,640.0,640.0,0.0,0.0,True,V1,640.0,0.0,0.0
QQQ,20240528,True,,512.0,512.0,512.0,0.0,0.0,True,V1,512.0,0.0,0.0,640.0,640.0,640.0,0.0,0.0,True,V1,640.0,0.0,0.0
QQQ,20240529,True,,476.0,476.0,476.0,0.0,0.0,True,V1,476.0,0.0,0.0,644.0,644.0,644.0,0.0,0.0,True,V1,644.0,0.0,0.0
QQQ,20240530,True,,480.0,480.0,480.0,0.0,0.0,True,V1,480.0,0.0,0.0,644.0,644.0,644.0,0.0,0.0,True,V1,644.0,0.0,0.0
QQQ,20240531,True,,644.0,644.0,644.0,0.0,0.0,True,V1,644.0,0.0,0.0,636.0,636.0,636.0,0.0,0.0,True,V1,636.0,0.0,0.0
QQQ,20240603,True,,480.0,480.0,480.0,0.0,0.0,True,V1,480.0,0.0,0.0,636.0,636.0,636.0,0.0,0.0,True,V1,636.0,0.0,0.0
QQQ,20240604,True,,480.0,480.0,480.0,0.0,0.0,True,V1,480.0,0.0,0.0,652.0,652.0,652.0,0.0,0.0,True,V1,652.0,0.0,0.0
QQQ,20240605,True,,484.0,484.0,484.0,0.0,0.0,True,V1,484.0,0.0,0.0,652.0,652.0,652.0,0.0,0.0,True,V1,652.0,0.0,0.0
QQQ,20240606,True,,484.0,484.0,484.0,0.0,0.0,True,V1,484.0,0.0,0.0,652.0,652.0,652.0,0.0,0.0,True,V1,652.0,0.0,0.0
QQQ,20240607,True,,652.0,652.0,652.0,0.0,0.0,True,V1,652.0,0.0,0.0,660.0,660.0,660.0,0.0,0.0,True,V1,660.0,0.0,0.0
QQQ,20240610,True,,488.0,488.0,488.0,0.0,0.0,True,V1,488.0,0.0,0.0,660.0,660.0,660.0,0.0,0.0,True,V1,660.0,0.0,0.0
QQQ,20240611,True,,488.0,488.0,488.0,0.0,0.0,True,V1,488.0,0.0,0.0,660.0,660.0,660.0,0.0,0.0,True,V1,660.0,0.0,0.0
QQQ,20240612,True,,488.0,488.0,488.0,0.0,0.0,True,V1,488.0,0.0,0.0,660.0,660.0,660.0,0.0,0.0,True,V1,660.0,0.0,0.0
QQQ,20240613,True,,504.0,504.0,504.0,0.0,0.0,True,V1,504.0,0.0,0.0,660.0,660.0,660.0,0.0,0.0,True,V1,660.0,0.0,0.0
QQQ,20240614,True,,660.0,660.0,660.0,0.0,0.0,True,V1,660.0,0.0,0.0,1112.0,1112.0,1112.0,0.0,0.0,True,V1,1112.0,0.0,0.0
QQQ,20240617,True,,500.0,500.0,500.0,0.0,0.0,True,V1,500.0,0.0,0.0,1120.0,1120.0,1120.0,0.0,0.0,True,V1,1120.0,0.0,0.0
QQQ,20240618,True,,464.0,464.0,464.0,0.0,0.0,True,V1,464.0,0.0,0.0,1120.0,1120.0,1120.0,0.0,0.0,True,V1,1120.0,0.0,0.0
QQQ,20240620,True,,464.0,464.0,464.0,0.0,0.0,True,V1,464.0,0.0,0.0,1120.0,1120.0,1120.0,0.0,0.0,True,V1,1120.0,0.0,0.0
QQQ,20240621,True,,1120.0,1120.0,1120.0,0.0,0.0,True,V1,1120.0,0.0,0.0,932.0,932.0,932.0,0.0,0.0,True,V1,932.0,0.0,0.0
QQQ,20240624,True,,456.0,456.0,456.0,0.0,0.0,True,V1,456.0,0.0,0.0,932.0,932.0,932.0,0.0,0.0,True,V1,932.0,0.0,0.0
QQQ,20240625,True,,456.0,456.0,456.0,0.0,0.0,True,V1,456.0,0.0,0.0,960.0,960.0,960.0,0.0,0.0,True,V1,960.0,0.0,0.0
QQQ,20240626,True,,416.0,416.0,416.0,0.0,0.0,True,V1,416.0,0.0,0.0,960.0,960.0,960.0,0.0,0.0,True,V1,960.0,0.0,0.0
QQQ,20240627,True,,416.0,416.0,416.0,0.0,0.0,True,V1,416.0,0.0,0.0,960.0,960.0,960.0,0.0,0.0,True,V1,960.0,0.0,0.0
QQQ,20240628,True,,960.0,960.0,960.0,0.0,0.0,True,V1,960.0,0.0,0.0,580.0,580.0,580.0,0.0,0.0,True,V1,580.0,0.0,0.0
QQQ,20240701,True,,412.0,412.0,412.0,0.0,0.0,True,V1,412.0,0.0,0.0,580.0,580.0,580.0,0.0,0.0,True,V1,580.0,0.0,0.0
QQQ,20240702,True,,412.0,412.0,412.0,0.0,0.0,True,V1,412.0,0.0,0.0,580.0,580.0,580.0,0.0,0.0,True,V1,580.0,0.0,0.0
QQQ,20240703,True,,412.0,412.0,412.0,0.0,0.0,True,V1,412.0,0.0,0.0,580.0,580.0,580.0,0.0,0.0,True,V1,580.0,0.0,0.0
QQQ,20240705,True,,580.0,580.0,580.0,0.0,0.0,True,V1,580.0,0.0,0.0,548.0,548.0,548.0,0.0,0.0,True,V1,548.0,0.0,0.0
QQQ,20240708,True,,444.0,444.0,444.0,0.0,0.0,True,V1,444.0,0.0,0.0,596.0,596.0,596.0,0.0,0.0,True,V1,596.0,0.0,0.0
QQQ,20240709,True,,548.0,548.0,548.0,0.0,0.0,True,V1,548.0,0.0,0.0,596.0,596.0,596.0,0.0,0.0,True,V1,596.0,0.0,0.0
QQQ,20240710,True,,452.0,452.0,452.0,0.0,0.0,True,V1,452.0,0.0,0.0,660.0,660.0,660.0,0.0,0.0,True,V1,660.0,0.0,0.0
QQQ,20240711,True,,516.0,516.0,516.0,0.0,0.0,True,V1,516.0,0.0,0.0,660.0,660.0,660.0,0.0,0.0,True,V1,660.0,0.0,0.0
QQQ,20240712,True,,660.0,660.0,660.0,0.0,0.0,True,V1,660.0,0.0,0.0,684.0,684.0,684.0,0.0,0.0,True,V1,684.0,0.0,0.0
QQQ,20240715,True,,516.0,516.0,516.0,0.0,0.0,True,V1,516.0,0.0,0.0,684.0,684.0,684.0,0.0,0.0,True,V1,684.0,0.0,0.0
QQQ,20240716,True,,516.0,516.0,516.0,0.0,0.0,True,V1,516.0,0.0,0.0,684.0,684.0,684.0,0.0,0.0,True,V1,684.0,0.0,0.0
QQQ,20240717,True,,460.0,460.0,460.0,0.0,0.0,True,V1,460.0,0.0,0.0,684.0,684.0,684.0,0.0,0.0,True,V1,684.0,0.0,0.0
QQQ,20240718,True,,468.0,468.0,468.0,0.0,0.0,True,V1,468.0,0.0,0.0,684.0,684.0,684.0,0.0,0.0,True,V1,684.0,0.0,0.0
QQQ,20240719,True,,684.0,684.0,684.0,0.0,0.0,True,V1,684.0,0.0,0.0,640.0,640.0,640.0,0.0,0.0,True,V1,640.0,0.0,0.0
QQQ,20240722,True,,428.0,428.0,428.0,0.0,0.0,True,V1,428.0,0.0,0.0,640.0,640.0,640.0,0.0,0.0,True,V1,640.0,0.0,0.0
QQQ,20240723,True,,428.0,428.0,428.0,0.0,0.0,True,V1,428.0,0.0,0.0,640.0,640.0,640.0,0.0,0.0,True,V1,640.0,0.0,0.0
QQQ,20240724,True,,428.0,428.0,428.0,0.0,0.0,True,V1,428.0,0.0,0.0,640.0,640.0,640.0,0.0,0.0,True,V1,640.0,0.0,0.0
QQQ,20240725,True,,428.0,428.0,428.0,0.0,0.0,True,V1,428.0,0.0,0.0,640.0,640.0,640.0,0.0,0.0,True,V1,640.0,0.0,0.0
QQQ,20240726,True,,640.0,640.0,640.0,0.0,0.0,True,V1,640.0,0.0,0.0,540.0,540.0,540.0,0.0,0.0,True,V1,540.0,0.0,0.0
QQQ,20240729,True,,412.0,412.0,412.0,0.0,0.0,True,V1,412.0,0.0,0.0,540.0,540.0,540.0,0.0,0.0,True,V1,540.0,0.0,0.0
QQQ,20240730,True,,300.0,300.0,300.0,0.0,0.0,True,V1,300.0,0.0,0.0,540.0,540.0,540.0,0.0,0.0,True,V1,540.0,0.0,0.0
QQQ,20240731,True,,380.0,380.0,380.0,0.0,0.0,True,V1,380.0,0.0,0.0,716.0,716.0,716.0,0.0,0.0,True,V1,716.0,0.0,0.0
QQQ,20240801,True,,496.0,496.0,496.0,0.0,0.0,True,V1,496.0,0.0,0.0,716.0,716.0,716.0,0.0,0.0,True,V1,716.0,0.0,0.0
QQQ,20240802,True,,716.0,716.0,716.0,0.0,0.0,True,V1,716.0,0.0,0.0,708.0,708.0,708.0,0.0,0.0,True,V1,708.0,0.0,0.0
QQQ,20240805,True,,500.0,500.0,500.0,0.0,0.0,True,V1,500.0,0.0,0.0,740.0,740.0,740.0,0.0,0.0,True,V1,740.0,0.0,0.0
QQQ,20240806,True,,500.0,500.0,500.0,0.0,0.0,True,V1,500.0,0.0,0.0,1028.0,1028.0,1028.0,0.0,0.0,True,V1,1028.0,0.0,0.0
QQQ,20240807,True,,584.0,584.0,584.0,0.0,0.0,True,V1,584.0,0.0,0.0,1028.0,1028.0,1028.0,0.0,0.0,True,V1,1028.0,0.0,0.0
QQQ,20240808,True,,584.0,584.0,584.0,0.0,0.0,True,V1,584.0,0.0,0.0,1028.0,1028.0,1028.0,0.0,0.0,True,V1,1028.0,0.0,0.0
QQQ,20240809,True,,1028.0,1028.0,1028.0,0.0,0.0,True,V1,1028.0,0.0,0.0,1192.0,1192.0,1192.0,0.0,0.0,True,V1,1192.0,0.0,0.0
QQQ,20240812,True,,848.0,848.0,848.0,0.0,0.0,True,V1,848.0,0.0,0.0,1192.0,1192.0,1192.0,0.0,0.0,True,V1,1192.0,0.0,0.0
QQQ,20240813,True,,848.0,848.0,848.0,0.0,0.0,True,V1,848.0,0.0,0.0,1192.0,1192.0,1192.0,0.0,0.0,True,V1,1192.0,0.0,0.0
QQQ,20240814,True,,840.0,840.0,840.0,0.0,0.0,True,V1,840.0,0.0,0.0,1192.0,1192.0,1192.0,0.0,0.0,True,V1,1192.0,0.0,0.0
QQQ,20240815,True,,840.0,840.0,840.0,0.0,0.0,True,V1,840.0,0.0,0.0,1192.0,1192.0,1192.0,0.0,0.0,True,V1,1192.0,0.0,0.0
QQQ,20240816,True,,1192.0,1192.0,1192.0,0.0,0.0,True,V1,1192.0,0.0,0.0,700.0,700.0,700.0,0.0,0.0,True,V1,700.0,0.0,0.0
QQQ,20240819,True,,912.0,912.0,912.0,0.0,0.0,True,V1,912.0,0.0,0.0,700.0,700.0,700.0,0.0,0.0,True,V1,700.0,0.0,0.0
QQQ,20240820,True,,544.0,544.0,544.0,0.0,0.0,True,V1,544.0,0.0,0.0,700.0,700.0,700.0,0.0,0.0,True,V1,700.0,0.0,0.0
QQQ,20240821,True,,528.0,528.0,528.0,0.0,0.0,True,V1,528.0,0.0,0.0,700.0,700.0,700.0,0.0,0.0,True,V1,700.0,0.0,0.0
QQQ,20240822,True,,532.0,532.0,532.0,0.0,0.0,True,V1,532.0,0.0,0.0,700.0,700.0,700.0,0.0,0.0,True,V1,700.0,0.0,0.0
QQQ,20240823,True,,700.0,700.0,700.0,0.0,0.0,True,V1,700.0,0.0,0.0,676.0,676.0,676.0,0.0,0.0,True,V1,676.0,0.0,0.0
QQQ,20240826,True,,440.0,440.0,440.0,0.0,0.0,True,V1,440.0,0.0,0.0,676.0,676.0,676.0,0.0,0.0,True,V1,676.0,0.0,0.0
QQQ,20240827,True,,440.0,440.0,440.0,0.0,0.0,True,V1,440.0,0.0,0.0,676.0,676.0,676.0,0.0,0.0,True,V1,676.0,0.0,0.0
QQQ,20240828,True,,436.0,436.0,436.0,0.0,0.0,True,V1,436.0,0.0,0.0,676.0,676.0,676.0,0.0,0.0,True,V1,676.0,0.0,0.0
QQQ,20240829,True,,436.0,436.0,436.0,0.0,0.0,True,V1,436.0,0.0,0.0,676.0,676.0,676.0,0.0,0.0,True,V1,676.0,0.0,0.0
QQQ,20240830,True,,676.0,676.0,676.0,0.0,0.0,True,V1,676.0,0.0,0.0,600.0,600.0,600.0,0.0,0.0,True,V1,600.0,0.0,0.0
QQQ,20240903,True,,412.0,412.0,412.0,0.0,0.0,True,V1,412.0,0.0,0.0,600.0,600.0,600.0,0.0,0.0,True,V1,600.0,0.0,0.0
QQQ,20240904,True,,412.0,412.0,412.0,0.0,0.0,True,V1,412.0,0.0,0.0,628.0,628.0,628.0,0.0,0.0,True,V1,628.0,0.0,0.0
QQQ,20240905,True,,444.0,444.0,444.0,0.0,0.0,True,V1,444.0,0.0,0.0,628.0,628.0,628.0,0.0,0.0,True,V1,628.0,0.0,0.0
QQQ,20240906,True,,628.0,628.0,628.0,0.0,0.0,True,V1,628.0,0.0,0.0,612.0,612.0,612.0,0.0,0.0,True,V1,612.0,0.0,0.0
QQQ,20240909,True,,468.0,468.0,468.0,0.0,0.0,True,V1,468.0,0.0,0.0,612.0,612.0,612.0,0.0,0.0,True,V1,612.0,0.0,0.0
QQQ,20240910,True,,460.0,460.0,460.0,0.0,0.0,True,V1,460.0,0.0,0.0,612.0,612.0,612.0,0.0,0.0,True,V1,612.0,0.0,0.0
QQQ,20240911,True,,460.0,460.0,460.0,0.0,0.0,True,V1,460.0,0.0,0.0,632.0,632.0,632.0,0.0,0.0,True,V1,632.0,0.0,0.0
QQQ,20240912,True,,484.0,484.0,484.0,0.0,0.0,True,V1,484.0,0.0,0.0,632.0,632.0,632.0,0.0,0.0,True,V1,632.0,0.0,0.0
QQQ,20240913,True,,632.0,632.0,632.0,0.0,0.0,True,V1,632.0,0.0,0.0,1032.0,1032.0,1032.0,0.0,0.0,True,V1,1032.0,0.0,0.0
QQQ,20240916,True,,556.0,556.0,556.0,0.0,0.0,True,V1,556.0,0.0,0.0,1032.0,1032.0,1032.0,0.0,0.0,True,V1,1032.0,0.0,0.0
QQQ,20240917,True,,556.0,556.0,556.0,0.0,0.0,True,V1,556.0,0.0,0.0,1032.0,1032.0,1032.0,0.0,0.0,True,V1,1032.0,0.0,0.0
QQQ,20240918,True,,480.0,480.0,480.0,0.0,0.0,True,V1,480.0,0.0,0.0,1032.0,1032.0,1032.0,0.0,0.0,True,V1,1032.0,0.0,0.0
QQQ,20240919,True,,480.0,480.0,480.0,0.0,0.0,True,V1,480.0,0.0,0.0,1032.0,1032.0,1032.0,0.0,0.0,True,V1,1032.0,0.0,0.0
QQQ,20240920,True,,1032.0,1032.0,1032.0,0.0,0.0,True,V1,1032.0,0.0,0.0,512.0,512.0,512.0,0.0,0.0,True,V1,512.0,0.0,0.0
QQQ,20240923,True,,524.0,524.0,524.0,0.0,0.0,True,V1,524.0,0.0,0.0,564.0,564.0,564.0,0.0,0.0,True,V1,564.0,0.0,0.0
QQQ,20240924,True,,524.0,524.0,524.0,0.0,0.0,True,V1,524.0,0.0,0.0,564.0,564.0,564.0,0.0,0.0,True,V1,564.0,0.0,0.0
QQQ,20240925,True,,484.0,484.0,484.0,0.0,0.0,True,V1,484.0,0.0,0.0,564.0,564.0,564.0,0.0,0.0,True,V1,564.0,0.0,0.0
QQQ,20240926,True,,484.0,484.0,484.0,0.0,0.0,True,V1,484.0,0.0,0.0,564.0,564.0,564.0,0.0,0.0,True,V1,564.0,0.0,0.0
QQQ,20240927,True,,564.0,564.0,564.0,0.0,0.0,True,V1,564.0,0.0,0.0,488.0,488.0,488.0,0.0,0.0,True,V1,488.0,0.0,0.0
QQQ,20240930,True,,956.0,956.0,956.0,0.0,0.0,True,V1,956.0,0.0,0.0,488.0,488.0,488.0,0.0,0.0,True,V1,488.0,0.0,0.0
QQQ,20241001,True,,464.0,464.0,464.0,0.0,0.0,True,V1,464.0,0.0,0.0,488.0,488.0,488.0,0.0,0.0,True,V1,488.0,0.0,0.0
QQQ,20241002,True,,464.0,464.0,464.0,0.0,0.0,True,V1,464.0,0.0,0.0,488.0,488.0,488.0,0.0,0.0,True,V1,488.0,0.0,0.0
QQQ,20241003,True,,464.0,464.0,464.0,0.0,0.0,True,V1,464.0,0.0,0.0,492.0,492.0,492.0,0.0,0.0,True,V1,492.0,0.0,0.0
QQQ,20241004,True,,492.0,492.0,492.0,0.0,0.0,True,V1,492.0,0.0,0.0,536.0,536.0,536.0,0.0,0.0,True,V1,536.0,0.0,0.0
QQQ,20241007,True,,452.0,452.0,452.0,0.0,0.0,True,V1,452.0,0.0,0.0,536.0,536.0,536.0,0.0,0.0,True,V1,536.0,0.0,0.0
QQQ,20241008,True,,452.0,452.0,452.0,0.0,0.0,True,V1,452.0,0.0,0.0,536.0,536.0,536.0,0.0,0.0,True,V1,536.0,0.0,0.0
QQQ,20241009,True,,468.0,468.0,468.0,0.0,0.0,True,V1,468.0,0.0,0.0,536.0,536.0,536.0,0.0,0.0,True,V1,536.0,0.0,0.0
QQQ,20241010,True,,468.0,468.0,468.0,0.0,0.0,True,V1,468.0,0.0,0.0,536.0,536.0,536.0,0.0,0.0,True,V1,536.0,0.0,0.0
QQQ,20241011,True,,536.0,536.0,536.0,0.0,0.0,True,V1,536.0,0.0,0.0,688.0,688.0,688.0,0.0,0.0,True,V1,688.0,0.0,0.0
QQQ,20241014,True,,452.0,452.0,452.0,0.0,0.0,True,V1,452.0,0.0,0.0,688.0,688.0,688.0,0.0,0.0,True,V1,688.0,0.0,0.0
QQQ,20241015,True,,452.0,452.0,452.0,0.0,0.0,True,V1,452.0,0.0,0.0,688.0,688.0,688.0,0.0,0.0,True,V1,688.0,0.0,0.0
QQQ,20241016,True,,452.0,452.0,452.0,0.0,0.0,True,V1,452.0,0.0,0.0,688.0,688.0,688.0,0.0,0.0,True,V1,688.0,0.0,0.0
QQQ,20241017,True,,452.0,452.0,452.0,0.0,0.0,True,V1,452.0,0.0,0.0,688.0,688.0,688.0,0.0,0.0,True,V1,688.0,0.0,0.0
QQQ,20241018,True,,688.0,688.0,688.0,0.0,0.0,True,V1,688.0,0.0,0.0,524.0,524.0,524.0,0.0,0.0,True,V1,524.0,0.0,0.0
QQQ,20241021,True,,448.0,448.0,448.0,0.0,0.0,True,V1,448.0,0.0,0.0,524.0,524.0,524.0,0.0,0.0,True,V1,524.0,0.0,0.0
QQQ,20241022,True,,448.0,448.0,448.0,0.0,0.0,True,V1,448.0,0.0,0.0,524.0,524.0,524.0,0.0,0.0,True,V1,524.0,0.0,0.0
QQQ,20241023,True,,440.0,440.0,440.0,0.0,0.0,True,V1,440.0,0.0,0.0,524.0,524.0,524.0,0.0,0.0,True,V1,524.0,0.0,0.0
QQQ,20241024,True,,424.0,424.0,424.0,0.0,0.0,True,V1,424.0,0.0,0.0,524.0,524.0,524.0,0.0,0.0,True,V1,524.0,0.0,0.0
QQQ,20241025,True,,524.0,524.0,524.0,0.0,0.0,True,V1,524.0,0.0,0.0,520.0,520.0,520.0,0.0,0.0,True,V1,520.0,0.0,0.0
QQQ,20241028,True,,428.0,428.0,428.0,0.0,0.0,True,V1,428.0,0.0,0.0,540.0,540.0,540.0,0.0,0.0,True,V1,540.0,0.0,0.0
QQQ,20241029,True,,428.0,428.0,428.0,0.0,0.0,True,V1,428.0,0.0,0.0,540.0,540.0,540.0,0.0,0.0,True,V1,540.0,0.0,0.0
QQQ,20241030,True,,428.0,428.0,428.0,0.0,0.0,True,V1,428.0,0.0,0.0,540.0,540.0,540.0,0.0,0.0,True,V1,540.0,0.0,0.0
QQQ,20241031,True,,432.0,432.0,432.0,0.0,0.0,True,V1,432.0,0.0,0.0,540.0,540.0,540.0,0.0,0.0,True,V1,540.0,0.0,0.0
QQQ,20241101,True,,540.0,540.0,540.0,0.0,0.0,True,V1,540.0,0.0,0.0,572.0,572.0,572.0,0.0,0.0,True,V1,572.0,0.0,0.0
QQQ,20241104,True,,464.0,464.0,464.0,0.0,0.0,True,V1,464.0,0.0,0.0,572.0,572.0,572.0,0.0,0.0,True,V1,572.0,0.0,0.0
QQQ,20241105,True,,464.0,464.0,464.0,0.0,0.0,True,V1,464.0,0.0,0.0,572.0,572.0,572.0,0.0,0.0,True,V1,572.0,0.0,0.0
QQQ,20241106,True,,496.0,496.0,496.0,0.0,0.0,True,V1,496.0,0.0,0.0,572.0,572.0,572.0,0.0,0.0,True,V1,572.0,0.0,0.0
QQQ,20241107,True,,496.0,496.0,496.0,0.0,0.0,True,V1,496.0,0.0,0.0,572.0,572.0,572.0,0.0,0.0,True,V1,572.0,0.0,0.0
QQQ,20241108,True,,572.0,572.0,572.0,0.0,0.0,True,V1,572.0,0.0,0.0,832.0,832.0,832.0,0.0,0.0,True,V1,832.0,0.0,0.0
QQQ,20241111,True,,476.0,476.0,476.0,0.0,0.0,True,V1,476.0,0.0,0.0,832.0,832.0,832.0,0.0,0.0,True,V1,832.0,0.0,0.0
QQQ,20241112,True,,492.0,492.0,492.0,0.0,0.0,True,V1,492.0,0.0,0.0,832.0,832.0,832.0,0.0,0.0,True,V1,832.0,0.0,0.0
QQQ,20241113,True,,492.0,492.0,492.0,0.0,0.0,True,V1,492.0,0.0,0.0,832.0,832.0,832.0,0.0,0.0,True,V1,832.0,0.0,0.0
QQQ,20241114,True,,508.0,508.0,508.0,0.0,0.0,True,V1,508.0,0.0,0.0,832.0,832.0,832.0,0.0,0.0,True,V1,832.0,0.0,0.0
QQQ,20241115,True,,832.0,832.0,832.0,0.0,0.0,True,V1,832.0,0.0,0.0,552.0,552.0,552.0,0.0,0.0,True,V1,552.0,0.0,0.0
QQQ,20241118,True,,524.0,524.0,524.0,0.0,0.0,True,V1,524.0,0.0,0.0,552.0,552.0,552.0,0.0,0.0,True,V1,552.0,0.0,0.0
QQQ,20241119,True,,512.0,512.0,512.0,0.0,0.0,True,V1,512.0,0.0,0.0,552.0,552.0,552.0,0.0,0.0,True,V1,552.0,0.0,0.0
QQQ,20241120,True,,460.0,460.0,460.0,0.0,0.0,True,V1,460.0,0.0,0.0,588.0,588.0,588.0,0.0,0.0,True,V1,588.0,0.0,0.0
QQQ,20241121,True,,504.0,504.0,504.0,0.0,0.0,True,V1,504.0,0.0,0.0,588.0,588.0,588.0,0.0,0.0,True,V1,588.0,0.0,0.0
QQQ,20241122,True,,588.0,588.0,588.0,0.0,0.0,True,V1,588.0,0.0,0.0,608.0,608.0,608.0,0.0,0.0,True,V1,608.0,0.0,0.0
QQQ,20241125,True,,520.0,520.0,520.0,0.0,0.0,True,V1,520.0,0.0,0.0,608.0,608.0,608.0,0.0,0.0,True,V1,608.0,0.0,0.0
QQQ,20241126,True,,504.0,504.0,504.0,0.0,0.0,True,V1,504.0,0.0,0.0,608.0,608.0,608.0,0.0,0.0,True,V1,608.0,0.0,0.0
QQQ,20241127,True,,504.0,504.0,504.0,0.0,0.0,True,V1,504.0,0.0,0.0,608.0,608.0,608.0,0.0,0.0,True,V1,608.0,0.0,0.0
QQQ,20241129,True,,608.0,608.0,608.0,0.0,0.0,True,V1,608.0,0.0,0.0,656.0,656.0,656.0,0.0,0.0,True,V1,656.0,0.0,0.0
QQQ,20241202,True,,460.0,460.0,460.0,0.0,0.0,True,V1,460.0,0.0,0.0,656.0,656.0,656.0,0.0,0.0,True,V1,656.0,0.0,0.0
QQQ,20241203,True,,460.0,460.0,460.0,0.0,0.0,True,V1,460.0,0.0,0.0,656.0,656.0,656.0,0.0,0.0,True,V1,656.0,0.0,0.0
QQQ,20241204,True,,340.0,340.0,340.0,0.0,0.0,True,V1,340.0,0.0,0.0,656.0,656.0,656.0,0.0,0.0,True,V1,656.0,0.0,0.0
QQQ,20241205,True,,336.0,336.0,336.0,0.0,0.0,True,V1,336.0,0.0,0.0,656.0,656.0,656.0,0.0,0.0,True,V1,656.0,0.0,0.0
QQQ,20241206,True,,656.0,656.0,656.0,0.0,0.0,True,V1,656.0,0.0,0.0,576.0,576.0,576.0,0.0,0.0,True,V1,576.0,0.0,0.0
QQQ,20241209,True,,464.0,464.0,464.0,0.0,0.0,True,V1,464.0,0.0,0.0,576.0,576.0,576.0,0.0,0.0,True,V1,576.0,0.0,0.0
QQQ,20241210,True,,464.0,464.0,464.0,0.0,0.0,True,V1,464.0,0.0,0.0,576.0,576.0,576.0,0.0,0.0,True,V1,576.0,0.0,0.0
QQQ,20241211,True,,464.0,464.0,464.0,0.0,0.0,True,V1,464.0,0.0,0.0,576.0,576.0,576.0,0.0,0.0,True,V1,576.0,0.0,0.0
QQQ,20241212,True,,464.0,464.0,464.0,0.0,0.0,True,V1,464.0,0.0,0.0,576.0,576.0,576.0,0.0,0.0,True,V1,576.0,0.0,0.0
QQQ,20241213,True,,576.0,576.0,576.0,0.0,0.0,True,V1,576.0,0.0,0.0,1220.0,1220.0,1220.0,0.0,0.0,True,V1,1220.0,0.0,0.0
QQQ,20241216,True,,472.0,472.0,472.0,0.0,0.0,True,V1,472.0,0.0,0.0,1220.0,1220.0,1220.0,0.0,0.0,True,V1,1220.0,0.0,0.0
QQQ,20241217,True,,472.0,472.0,472.0,0.0,0.0,True,V1,472.0,0.0,0.0,1304.0,1304.0,1304.0,0.0,0.0,True,V1,1304.0,0.0,0.0
QQQ,20241218,True,,504.0,504.0,504.0,0.0,0.0,True,V1,504.0,0.0,0.0,1304.0,1304.0,1304.0,0.0,0.0,True,V1,1304.0,0.0,0.0
QQQ,20241219,True,,504.0,504.0,504.0,0.0,0.0,True,V1,504.0,0.0,0.0,1304.0,1304.0,1304.0,0.0,0.0,True,V1,1304.0,0.0,0.0
QQQ,20241220,True,,1304.0,1304.0,1304.0,0.0,0.0,True,V1,1304.0,0.0,0.0,804.0,804.0,804.0,0.0,0.0,True,V1,804.0,0.0,0.0
QQQ,20241223,True,,544.0,544.0,544.0,0.0,0.0,True,V1,544.0,0.0,0.0,804.0,804.0,804.0,0.0,0.0,True,V1,804.0,0.0,0.0
QQQ,20241224,True,,560.0,560.0,560.0,0.0,0.0,True,V1,560.0,0.0,0.0,804.0,804.0,804.0,0.0,0.0,True,V1,804.0,0.0,0.0
QQQ,20241226,True,,560.0,560.0,560.0,0.0,0.0,True,V1,560.0,0.0,0.0,804.0,804.0,804.0,0.0,0.0,True,V1,804.0,0.0,0.0
QQQ,20241227,True,,804.0,804.0,804.0,0.0,0.0,True,V1,804.0,0.0,0.0,620.0,620.0,620.0,0.0,0.0,True,V1,620.0,0.0,0.0
QQQ,20241230,True,,556.0,556.0,556.0,0.0,0.0,True,V1,556.0,0.0,0.0,620.0,620.0,620.0,0.0,0.0,True,V1,620.0,0.0,0.0
QQQ,20241231,True,,996.0,996.0,996.0,0.0,0.0,True,V1,996.0,0.0,0.0,620.0,620.0,620.0,0.0,0.0,True,V1,620.0,0.0,0.0
QQQ,20250102,True,,556.0,556.0,556.0,0.0,0.0,True,V1,556.0,0.0,0.0,620.0,620.0,620.0,0.0,0.0,True,V1,620.0,0.0,0.0
QQQ,20250103,True,,620.0,620.0,620.0,0.0,0.0,True,V1,620.0,0.0,0.0,672.0,672.0,672.0,0.0,0.0,True,V1,672.0,0.0,0.0
QQQ,20250106,True,,572.0,572.0,572.0,0.0,0.0,True,V1,572.0,0.0,0.0,672.0,672.0,672.0,0.0,0.0,True,V1,672.0,0.0,0.0
QQQ,20250107,True,,572.0,572.0,572.0,0.0,0.0,True,V1,572.0,0.0,0.0,672.0,672.0,672.0,0.0,0.0,True,V1,672.0,0.0,0.0
QQQ,20250108,True,,572.0,572.0,572.0,0.0,0.0,True,V1,572.0,0.0,0.0,672.0,672.0,672.0,0.0,0.0,True,V1,672.0,0.0,0.0
QQQ,20250110,True,,672.0,672.0,672.0,0.0,0.0,True,V1,672.0,0.0,0.0,1048.0,1048.0,1048.0,0.0,0.0,True,V1,1048.0,0.0,0.0
QQQ,20250113,True,,512.0,512.0,512.0,0.0,0.0,True,V1,512.0,0.0,0.0,1064.0,1064.0,1064.0,0.0,0.0,True,V1,1064.0,0.0,0.0
QQQ,20250114,True,,484.0,484.0,484.0,0.0,0.0,True,V1,484.0,0.0,0.0,1064.0,1064.0,1064.0,0.0,0.0,True,V1,1064.0,0.0,0.0
QQQ,20250115,True,,432.0,432.0,432.0,0.0,0.0,True,V1,432.0,0.0,0.0,1064.0,1064.0,1064.0,0.0,0.0,True,V1,1064.0,0.0,0.0
QQQ,20250116,True,,432.0,432.0,432.0,0.0,0.0,True,V1,432.0,0.0,0.0,1064.0,1064.0,1064.0,0.0,0.0,True,V1,1064.0,0.0,0.0
QQQ,20250117,True,,1064.0,1064.0,1064.0,0.0,0.0,True,V1,1064.0,0.0,0.0,616.0,616.0,616.0,0.0,0.0,True,V1,616.0,0.0,0.0
QQQ,20250121,True,,512.0,512.0,512.0,0.0,0.0,True,V1,512.0,0.0,0.0,616.0,616.0,616.0,0.0,0.0,True,V1,616.0,0.0,0.0
QQQ,20250122,True,,508.0,508.0,508.0,0.0,0.0,True,V1,508.0,0.0,0.0,616.0,616.0,616.0,0.0,0.0,True,V1,616.0,0.0,0.0
QQQ,20250123,True,,508.0,508.0,508.0,0.0,0.0,True,V1,508.0,0.0,0.0,616.0,616.0,616.0,0.0,0.0,True,V1,616.0,0.0,0.0
QQQ,20250124,True,,616.0,616.0,616.0,0.0,0.0,True,V1,616.0,0.0,0.0,576.0,576.0,576.0,0.0,0.0,True,V1,576.0,0.0,0.0
QQQ,20250127,True,,584.0,584.0,584.0,0.0,0.0,True,V1,584.0,0.0,0.0,672.0,672.0,672.0,0.0,0.0,True,V1,672.0,0.0,0.0
QQQ,20250128,True,,584.0,584.0,584.0,0.0,0.0,True,V1,584.0,0.0,0.0,688.0,688.0,688.0,0.0,0.0,True,V1,688.0,0.0,0.0
QQQ,20250129,True,,592.0,592.0,592.0,0.0,0.0,True,V1,592.0,0.0,0.0,688.0,688.0,688.0,0.0,0.0,True,V1,688.0,0.0,0.0
QQQ,20250130,True,,656.0,656.0,656.0,0.0,0.0,True,V1,656.0,0.0,0.0,688.0,688.0,688.0,0.0,0.0,True,V1,688.0,0.0,0.0
QQQ,20250131,True,,688.0,688.0,688.0,0.0,0.0,True,V1,688.0,0.0,0.0,704.0,704.0,704.0,0.0,0.0,True,V1,704.0,0.0,0.0
QQQ,20250203,True,,592.0,592.0,592.0,0.0,0.0,True,V1,592.0,0.0,0.0,704.0,704.0,704.0,0.0,0.0,True,V1,704.0,0.0,0.0
QQQ,20250204,True,,592.0,592.0,592.0,0.0,0.0,True,V1,592.0,0.0,0.0,704.0,704.0,704.0,0.0,0.0,True,V1,704.0,0.0,0.0
QQQ,20250205,True,,592.0,592.0,592.0,0.0,0.0,True,V1,592.0,0.0,0.0,704.0,704.0,704.0,0.0,0.0,True,V1,704.0,0.0,0.0
QQQ,20250206,True,,592.0,592.0,592.0,0.0,0.0,True,V1,592.0,0.0,0.0,704.0,704.0,704.0,0.0,0.0,True,V1,704.0,0.0,0.0
QQQ,20250207,True,,704.0,704.0,704.0,0.0,0.0,True,V1,704.0,0.0,0.0,676.0,676.0,676.0,0.0,0.0,True,V1,676.0,0.0,0.0
QQQ,20250210,True,,588.0,588.0,588.0,0.0,0.0,True,V1,588.0,0.0,0.0,676.0,676.0,676.0,0.0,0.0,True,V1,676.0,0.0,0.0
QQQ,20250211,True,,568.0,568.0,568.0,0.0,0.0,True,V1,568.0,0.0,0.0,676.0,676.0,676.0,0.0,0.0,True,V1,676.0,0.0,0.0
QQQ,20250212,True,,568.0,568.0,568.0,0.0,0.0,True,V1,568.0,0.0,0.0,676.0,676.0,676.0,0.0,0.0,True,V1,676.0,0.0,0.0
QQQ,20250213,True,,568.0,568.0,568.0,0.0,0.0,True,V1,568.0,0.0,0.0,676.0,676.0,676.0,0.0,0.0,True,V1,676.0,0.0,0.0
QQQ,20250214,True,,676.0,676.0,676.0,0.0,0.0,True,V1,676.0,0.0,0.0,640.0,640.0,640.0,0.0,0.0,True,V1,640.0,0.0,0.0
QQQ,20250218,True,,576.0,576.0,576.0,0.0,0.0,True,V1,576.0,0.0,0.0,640.0,640.0,640.0,0.0,0.0,True,V1,640.0,0.0,0.0
QQQ,20250219,True,,576.0,576.0,576.0,0.0,0.0,True,V1,576.0,0.0,0.0,640.0,640.0,640.0,0.0,0.0,True,V1,640.0,0.0,0.0
QQQ,20250220,True,,548.0,548.0,548.0,0.0,0.0,True,V1,548.0,0.0,0.0,640.0,640.0,640.0,0.0,0.0,True,V1,640.0,0.0,0.0
QQQ,20250221,True,,640.0,640.0,640.0,0.0,0.0,True,V1,640.0,0.0,0.0,656.0,656.0,656.0,0.0,0.0,True,V1,656.0,0.0,0.0
QQQ,20250224,True,,548.0,548.0,548.0,0.0,0.0,True,V1,548.0,0.0,0.0,656.0,656.0,656.0,0.0,0.0,True,V1,656.0,0.0,0.0
QQQ,20250225,True,,548.0,548.0,548.0,0.0,0.0,True,V1,548.0,0.0,0.0,672.0,672.0,672.0,0.0,0.0,True,V1,672.0,0.0,0.0
QQQ,20250226,True,,572.0,572.0,572.0,0.0,0.0,True,V1,572.0,0.0,0.0,688.0,688.0,688.0,0.0,0.0,True,V1,688.0,0.0,0.0
QQQ,20250227,True,,588.0,588.0,588.0,0.0,0.0,True,V1,588.0,0.0,0.0,688.0,688.0,688.0,0.0,0.0,True,V1,688.0,0.0,0.0
QQQ,20250228,True,,688.0,688.0,688.0,0.0,0.0,True,V1,688.0,0.0,0.0,632.0,632.0,632.0,0.0,0.0,True,V1,632.0,0.0,0.0
QQQ,20250303,True,,512.0,512.0,512.0,0.0,0.0,True,V1,512.0,0.0,0.0,632.0,632.0,632.0,0.0,0.0,True,V1,632.0,0.0,0.0
QQQ,20250304,True,,512.0,512.0,512.0,0.0,0.0,True,V1,512.0,0.0,0.0,632.0,632.0,632.0,0.0,0.0,True,V1,632.0,0.0,0.0
QQQ,20250305,True,,556.0,556.0,556.0,0.0,0.0,True,V1,556.0,0.0,0.0,712.0,712.0,712.0,0.0,0.0,True,V1,712.0,0.0,0.0
QQQ,20250306,True,,612.0,612.0,612.0,0.0,0.0,True,V1,612.0,0.0,0.0,712.0,712.0,712.0,0.0,0.0,True,V1,712.0,0.0,0.0
QQQ,20250307,True,,712.0,712.0,712.0,0.0,0.0,True,V1,712.0,0.0,0.0,712.0,712.0,712.0,0.0,0.0,True,V1,712.0,0.0,0.0
QQQ,20250310,True,,580.0,580.0,580.0,0.0,0.0,True,V1,580.0,0.0,0.0,712.0,712.0,712.0,0.0,0.0,True,V1,712.0,0.0,0.0
QQQ,20250311,True,,576.0,576.0,576.0,0.0,0.0,True,V1,576.0,0.0,0.0,736.0,736.0,736.0,0.0,0.0,True,V1,736.0,0.0,0.0
QQQ,20250312,True,,580.0,580.0,580.0,0.0,0.0,True,V1,580.0,0.0,0.0,736.0,736.0,736.0,0.0,0.0,True,V1,736.0,0.0,0.0
QQQ,20250313,True,,580.0,580.0,580.0,0.0,0.0,True,V1,580.0,0.0,0.0,736.0,736.0,736.0,0.0,0.0,True,V1,736.0,0.0,0.0
QQQ,20250314,True,,736.0,736.0,736.0,0.0,0.0,True,V1,736.0,0.0,0.0,1004.0,1004.0,1004.0,0.0,0.0,True,V1,1004.0,0.0,0.0
QQQ,20250317,True,,580.0,580.0,580.0,0.0,0.0,True,V1,580.0,0.0,0.0,1004.0,1004.0,1004.0,0.0,0.0,True,V1,1004.0,0.0,0.0
QQQ,20250318,True,,548.0,548.0,548.0,0.0,0.0,True,V1,548.0,0.0,0.0,1004.0,1004.0,1004.0,0.0,0.0,True,V1,1004.0,0.0,0.0
QQQ,20250319,True,,560.0,560.0,560.0,0.0,0.0,True,V1,560.0,0.0,0.0,1004.0,1004.0,1004.0,0.0,0.0,True,V1,1004.0,0.0,0.0
QQQ,20250320,True,,580.0,580.0,580.0,0.0,0.0,True,V1,580.0,0.0,0.0,1004.0,1004.0,1004.0,0.0,0.0,True,V1,1004.0,0.0,0.0
QQQ,20250321,True,,1004.0,1004.0,1004.0,0.0,0.0,True,V1,1004.0,0.0,0.0,736.0,736.0,736.0,0.0,0.0,True,V1,736.0,0.0,0.0
QQQ,20250324,True,,516.0,516.0,516.0,0.0,0.0,True,V1,516.0,0.0,0.0,736.0,736.0,736.0,0.0,0.0,True,V1,736.0,0.0,0.0
QQQ,20250325,True,,516.0,516.0,516.0,0.0,0.0,True,V1,516.0,0.0,0.0,736.0,736.0,736.0,0.0,0.0,True,V1,736.0,0.0,0.0
QQQ,20250326,True,,516.0,516.0,516.0,0.0,0.0,True,V1,516.0,0.0,0.0,736.0,736.0,736.0,0.0,0.0,True,V1,736.0,0.0,0.0
QQQ,20250327,True,,516.0,516.0,516.0,0.0,0.0,True,V1,516.0,0.0,0.0,736.0,736.0,736.0,0.0,0.0,True,V1,736.0,0.0,0.0
QQQ,20250328,True,,736.0,736.0,736.0,0.0,0.0,True,V1,736.0,0.0,0.0,824.0,824.0,824.0,0.0,0.0,True,V1,824.0,0.0,0.0
QQQ,20250331,True,,716.0,716.0,716.0,0.0,0.0,True,V1,716.0,0.0,0.0,824.0,824.0,824.0,0.0,0.0,True,V1,824.0,0.0,0.0
QQQ,20250401,True,,500.0,500.0,500.0,0.0,0.0,True,V1,500.0,0.0,0.0,860.0,860.0,860.0,0.0,0.0,True,V1,860.0,0.0,0.0
QQQ,20250402,True,,572.0,572.0,572.0,0.0,0.0,True,V1,572.0,0.0,0.0,860.0,860.0,860.0,0.0,0.0,True,V1,860.0,0.0,0.0
QQQ,20250403,True,,572.0,572.0,572.0,0.0,0.0,True,V1,572.0,0.0,0.0,860.0,860.0,860.0,0.0,0.0,True,V1,860.0,0.0,0.0
QQQ,20250404,True,,860.0,860.0,860.0,0.0,0.0,True,V1,860.0,0.0,0.0,816.0,816.0,816.0,0.0,0.0,True,V1,816.0,0.0,0.0
QQQ,20250407,True,,692.0,692.0,692.0,0.0,0.0,True,V1,692.0,0.0,0.0,908.0,908.0,908.0,0.0,0.0,True,V1,908.0,0.0,0.0
QQQ,20250408,True,,712.0,712.0,712.0,0.0,0.0,True,V1,712.0,0.0,0.0,1124.0,1124.0,1124.0,0.0,0.0,True,V1,1124.0,0.0,0.0
QQQ,20250409,True,,840.0,840.0,840.0,0.0,0.0,True,V1,840.0,0.0,0.0,1124.0,1124.0,1124.0,0.0,0.0,True,V1,1124.0,0.0,0.0
QQQ,20250410,True,,872.0,872.0,872.0,0.0,0.0,True,V1,872.0,0.0,0.0,1124.0,1124.0,1124.0,0.0,0.0,True,V1,1124.0,0.0,0.0
QQQ,20250411,True,,1124.0,1124.0,1124.0,0.0,0.0,True,V1,1124.0,0.0,0.0,1292.0,1292.0,1292.0,0.0,0.0,True,V1,1292.0,0.0,0.0
QQQ,20250414,True,,948.0,948.0,948.0,0.0,0.0,True,V1,948.0,0.0,0.0,1292.0,1292.0,1292.0,0.0,0.0,True,V1,1292.0,0.0,0.0
QQQ,20250415,True,,1076.0,1076.0,1076.0,0.0,0.0,True,V1,1076.0,0.0,0.0,1292.0,1292.0,1292.0,0.0,0.0,True,V1,1292.0,0.0,0.0
QQQ,20250416,True,,980.0,980.0,980.0,0.0,0.0,True,V1,980.0,0.0,0.0,1292.0,1292.0,1292.0,0.0,0.0,True,V1,1292.0,0.0,0.0
QQQ,20250417,True,,1292.0,1292.0,1292.0,0.0,0.0,True,V1,1292.0,0.0,0.0,1044.0,1044.0,1044.0,0.0,0.0,True,V1,1044.0,0.0,0.0
QQQ,20250421,True,,1012.0,1012.0,1012.0,0.0,0.0,True,V1,1012.0,0.0,0.0,1044.0,1044.0,1044.0,0.0,0.0,True,V1,1044.0,0.0,0.0
QQQ,20250422,True,,972.0,972.0,972.0,0.0,0.0,True,V1,972.0,0.0,0.0,1044.0,1044.0,1044.0,0.0,0.0,True,V1,1044.0,0.0,0.0
QQQ,20250423,True,,972.0,972.0,972.0,0.0,0.0,True,V1,972.0,0.0,0.0,1044.0,1044.0,1044.0,0.0,0.0,True,V1,1044.0,0.0,0.0
QQQ,20250424,True,,968.0,968.0,968.0,0.0,0.0,True,V1,968.0,0.0,0.0,1044.0,1044.0,1044.0,0.0,0.0,True,V1,1044.0,0.0,0.0
QQQ,20250425,True,,1044.0,1044.0,1044.0,0.0,0.0,True,V1,1044.0,0.0,0.0,740.0,740.0,740.0,0.0,0.0,True,V1,740.0,0.0,0.0
QQQ,20250428,True,,620.0,620.0,620.0,0.0,0.0,True,V1,620.0,0.0,0.0,740.0,740.0,740.0,0.0,0.0,True,V1,740.0,0.0,0.0
QQQ,20250429,True,,620.0,620.0,620.0,0.0,0.0,True,V1,620.0,0.0,0.0,740.0,740.0,740.0,0.0,0.0,True,V1,740.0,0.0,0.0
QQQ,20250430,True,,804.0,804.0,804.0,0.0,0.0,True,V1,804.0,0.0,0.0,740.0,740.0,740.0,0.0,0.0,True,V1,740.0,0.0,0.0
QQQ,20250501,True,,640.0,640.0,640.0,0.0,0.0,True,V1,640.0,0.0,0.0,740.0,740.0,740.0,0.0,0.0,True,V1,740.0,0.0,0.0
QQQ,20250502,True,,772.0,772.0,772.0,0.0,0.0,True,V1,772.0,0.0,0.0,736.0,736.0,736.0,0.0,0.0,True,V1,736.0,0.0,0.0
QQQ,20250505,True,,804.0,804.0,804.0,0.0,0.0,True,V1,804.0,0.0,0.0,800.0,800.0,800.0,0.0,0.0,True,V1,800.0,0.0,0.0
QQQ,20250506,True,,684.0,684.0,684.0,0.0,0.0,True,V1,684.0,0.0,0.0,800.0,800.0,800.0,0.0,0.0,True,V1,800.0,0.0,0.0
QQQ,20250507,True,,684.0,684.0,684.0,0.0,0.0,True,V1,684.0,0.0,0.0,800.0,800.0,800.0,0.0,0.0,True,V1,800.0,0.0,0.0
QQQ,20250508,True,,680.0,680.0,680.0,0.0,0.0,True,V1,680.0,0.0,0.0,800.0,800.0,800.0,0.0,0.0,True,V1,800.0,0.0,0.0
QQQ,20250509,True,,800.0,800.0,800.0,0.0,0.0,True,V1,800.0,0.0,0.0,796.0,796.0,796.0,0.0,0.0,True,V1,796.0,0.0,0.0
QQQ,20250512,True,,592.0,592.0,592.0,0.0,0.0,True,V1,592.0,0.0,0.0,796.0,796.0,796.0,0.0,0.0,True,V1,796.0,0.0,0.0
QQQ,20250513,True,,576.0,576.0,576.0,0.0,0.0,True,V1,576.0,0.0,0.0,796.0,796.0,796.0,0.0,0.0,True,V1,796.0,0.0,0.0
QQQ,20250514,True,,568.0,568.0,568.0,0.0,0.0,True,V1,568.0,0.0,0.0,796.0,796.0,796.0,0.0,0.0,True,V1,796.0,0.0,0.0
QQQ,20250515,True,,584.0,584.0,584.0,0.0,0.0,True,V1,584.0,0.0,0.0,796.0,796.0,796.0,0.0,0.0,True,V1,796.0,0.0,0.0
QQQ,20250516,True,,796.0,796.0,796.0,0.0,0.0,True,V1,796.0,0.0,0.0,836.0,836.0,836.0,0.0,0.0,True,V1,836.0,0.0,0.0
QQQ,20250519,True,,616.0,616.0,616.0,0.0,0.0,True,V1,616.0,0.0,0.0,836.0,836.0,836.0,0.0,0.0,True,V1,836.0,0.0,0.0
QQQ,20250520,True,,548.0,548.0,548.0,0.0,0.0,True,V1,548.0,0.0,0.0,836.0,836.0,836.0,0.0,0.0,True,V1,836.0,0.0,0.0
QQQ,20250521,True,,548.0,548.0,548.0,0.0,0.0,True,V1,548.0,0.0,0.0,836.0,836.0,836.0,0.0,0.0,True,V1,836.0,0.0,0.0
QQQ,20250522,True,,564.0,564.0,564.0,0.0,0.0,True,V1,564.0,0.0,0.0,836.0,836.0,836.0,0.0,0.0,True,V1,836.0,0.0,0.0
QQQ,20250523,True,,836.0,836.0,836.0,0.0,0.0,True,V1,836.0,0.0,0.0,776.0,776.0,776.0,0.0,0.0,True,V1,776.0,0.0,0.0
QQQ,20250527,True,,516.0,516.0,516.0,0.0,0.0,True,V1,516.0,0.0,0.0,776.0,776.0,776.0,0.0,0.0,True,V1,776.0,0.0,0.0
QQQ,20250528,True,,544.0,544.0,544.0,0.0,0.0,True,V1,544.0,0.0,0.0,776.0,776.0,776.0,0.0,0.0,True,V1,776.0,0.0,0.0
QQQ,20250529,True,,556.0,556.0,556.0,0.0,0.0,True,V1,556.0,0.0,0.0,776.0,776.0,776.0,0.0,0.0,True,V1,776.0,0.0,0.0
QQQ,20250530,True,,776.0,776.0,776.0,0.0,0.0,True,V1,776.0,0.0,0.0,668.0,668.0,668.0,0.0,0.0,True,V1,668.0,0.0,0.0
QQQ,20250602,True,,516.0,516.0,516.0,0.0,0.0,True,V1,516.0,0.0,0.0,668.0,668.0,668.0,0.0,0.0,True,V1,668.0,0.0,0.0
QQQ,20250603,True,,404.0,404.0,404.0,0.0,0.0,True,V1,404.0,0.0,0.0,668.0,668.0,668.0,0.0,0.0,True,V1,668.0,0.0,0.0
QQQ,20250604,True,,404.0,404.0,404.0,0.0,0.0,True,V1,404.0,0.0,0.0,668.0,668.0,668.0,0.0,0.0,True,V1,668.0,0.0,0.0
QQQ,20250605,True,,356.0,356.0,356.0,0.0,0.0,True,V1,356.0,0.0,0.0,668.0,668.0,668.0,0.0,0.0,True,V1,668.0,0.0,0.0
QQQ,20250606,True,,668.0,668.0,668.0,0.0,0.0,True,V1,668.0,0.0,0.0,632.0,632.0,632.0,0.0,0.0,True,V1,632.0,0.0,0.0
QQQ,20250609,True,,436.0,436.0,436.0,0.0,0.0,True,V1,436.0,0.0,0.0,632.0,632.0,632.0,0.0,0.0,True,V1,632.0,0.0,0.0
QQQ,20250610,True,,436.0,436.0,436.0,0.0,0.0,True,V1,436.0,0.0,0.0,656.0,656.0,656.0,0.0,0.0,True,V1,656.0,0.0,0.0
QQQ,20250611,True,,568.0,568.0,568.0,0.0,0.0,True,V1,568.0,0.0,0.0,656.0,656.0,656.0,0.0,0.0,True,V1,656.0,0.0,0.0
QQQ,20250612,True,,528.0,528.0,528.0,0.0,0.0,True,V1,528.0,0.0,0.0,656.0,656.0,656.0,0.0,0.0,True,V1,656.0,0.0,0.0
QQQ,20250613,True,,656.0,656.0,656.0,0.0,0.0,True,V1,656.0,0.0,0.0,1196.0,1196.0,1196.0,0.0,0.0,True,V1,1196.0,0.0,0.0
QQQ,20250616,True,,456.0,456.0,456.0,0.0,0.0,True,V1,456.0,0.0,0.0,1196.0,1196.0,1196.0,0.0,0.0,True,V1,1196.0,0.0,0.0
QQQ,20250617,True,,460.0,460.0,460.0,0.0,0.0,True,V1,460.0,0.0,0.0,1196.0,1196.0,1196.0,0.0,0.0,True,V1,1196.0,0.0,0.0
QQQ,20250618,True,,460.0,460.0,460.0,0.0,0.0,True,V1,460.0,0.0,0.0,1196.0,1196.0,1196.0,0.0,0.0,True,V1,1196.0,0.0,0.0
QQQ,20250620,True,,1196.0,1196.0,1196.0,0.0,0.0,True,V1,1196.0,0.0,0.0,592.0,592.0,592.0,0.0,0.0,True,V1,592.0,0.0,0.0
QQQ,20250623,True,,452.0,452.0,452.0,0.0,0.0,True,V1,452.0,0.0,0.0,592.0,592.0,592.0,0.0,0.0,True,V1,592.0,0.0,0.0
QQQ,20250624,True,,444.0,444.0,444.0,0.0,0.0,True,V1,444.0,0.0,0.0,600.0,600.0,600.0,0.0,0.0,True,V1,600.0,0.0,0.0
QQQ,20250625,True,,452.0,452.0,452.0,0.0,0.0,True,V1,452.0,0.0,0.0,600.0,600.0,600.0,0.0,0.0,True,V1,600.0,0.0,0.0
QQQ,20250626,True,,532.0,532.0,532.0,0.0,0.0,True,V1,532.0,0.0,0.0,664.0,664.0,664.0,0.0,0.0,True,V1,664.0,0.0,0.0
QQQ,20250627,True,,664.0,664.0,664.0,0.0,0.0,True,V1,664.0,0.0,0.0,676.0,676.0,676.0,0.0,0.0,True,V1,676.0,0.0,0.0
QQQ,20250630,True,,892.0,892.0,892.0,0.0,0.0,True,V1,892.0,0.0,0.0,676.0,676.0,676.0,0.0,0.0,True,V1,676.0,0.0,0.0
QQQ,20250701,True,,572.0,572.0,572.0,0.0,0.0,True,V1,572.0,0.0,0.0,676.0,676.0,676.0,0.0,0.0,True,V1,676.0,0.0,0.0
QQQ,20250702,True,,572.0,572.0,572.0,0.0,0.0,True,V1,572.0,0.0,0.0,676.0,676.0,676.0,0.0,0.0,True,V1,676.0,0.0,0.0
QQQ,20250703,True,,676.0,676.0,676.0,0.0,0.0,True,V1,676.0,0.0,0.0,444.0,444.0,444.0,0.0,0.0,True,V1,444.0,0.0,0.0
QQQ,20250707,True,,684.0,684.0,684.0,0.0,0.0,True,V1,684.0,0.0,0.0,588.0,588.0,588.0,0.0,0.0,True,V1,588.0,0.0,0.0
QQQ,20250708,True,,492.0,492.0,492.0,0.0,0.0,True,V1,492.0,0.0,0.0,692.0,692.0,692.0,0.0,0.0,True,V1,692.0,0.0,0.0
QQQ,20250709,True,,608.0,608.0,608.0,0.0,0.0,True,V1,608.0,0.0,0.0,692.0,692.0,692.0,0.0,0.0,True,V1,692.0,0.0,0.0
QQQ,20250710,True,,608.0,608.0,608.0,0.0,0.0,True,V1,608.0,0.0,0.0,692.0,692.0,692.0,0.0,0.0,True,V1,692.0,0.0,0.0
QQQ,20250711,True,,692.0,692.0,692.0,0.0,0.0,True,V1,692.0,0.0,0.0,924.0,924.0,924.0,0.0,0.0,True,V1,924.0,0.0,0.0
QQQ,20250714,True,,464.0,464.0,464.0,0.0,0.0,True,V1,464.0,0.0,0.0,924.0,924.0,924.0,0.0,0.0,True,V1,924.0,0.0,0.0
QQQ,20250715,True,,480.0,480.0,480.0,0.0,0.0,True,V1,480.0,0.0,0.0,924.0,924.0,924.0,0.0,0.0,True,V1,924.0,0.0,0.0
QQQ,20250716,True,,512.0,512.0,512.0,0.0,0.0,True,V1,512.0,0.0,0.0,924.0,924.0,924.0,0.0,0.0,True,V1,924.0,0.0,0.0
QQQ,20250717,True,,528.0,528.0,528.0,0.0,0.0,True,V1,528.0,0.0,0.0,924.0,924.0,924.0,0.0,0.0,True,V1,924.0,0.0,0.0
QQQ,20250718,True,,924.0,924.0,924.0,0.0,0.0,True,V1,924.0,0.0,0.0,496.0,496.0,496.0,0.0,0.0,True,V1,496.0,0.0,0.0
QQQ,20250721,True,,468.0,468.0,468.0,0.0,0.0,True,V1,468.0,0.0,0.0,632.0,632.0,632.0,0.0,0.0,True,V1,632.0,0.0,0.0
QQQ,20250722,True,,468.0,468.0,468.0,0.0,0.0,True,V1,468.0,0.0,0.0,632.0,632.0,632.0,0.0,0.0,True,V1,632.0,0.0,0.0
QQQ,20250723,True,,484.0,484.0,484.0,0.0,0.0,True,V1,484.0,0.0,0.0,640.0,640.0,640.0,0.0,0.0,True,V1,640.0,0.0,0.0
QQQ,20250724,True,,520.0,520.0,520.0,0.0,0.0,True,V1,520.0,0.0,0.0,640.0,640.0,640.0,0.0,0.0,True,V1,640.0,0.0,0.0
QQQ,20250725,True,,640.0,640.0,640.0,0.0,0.0,True,V1,640.0,0.0,0.0,544.0,544.0,544.0,0.0,0.0,True,V1,544.0,0.0,0.0
QQQ,20250728,True,,456.0,456.0,456.0,0.0,0.0,True,V1,456.0,0.0,0.0,548.0,548.0,548.0,0.0,0.0,True,V1,548.0,0.0,0.0
QQQ,20250729,True,,440.0,440.0,440.0,0.0,0.0,True,V1,440.0,0.0,0.0,548.0,548.0,548.0,0.0,0.0,True,V1,548.0,0.0,0.0
QQQ,20250730,True,,456.0,456.0,456.0,0.0,0.0,True,V1,456.0,0.0,0.0,548.0,548.0,548.0,0.0,0.0,True,V1,548.0,0.0,0.0
QQQ,20250731,True,,760.0,760.0,760.0,0.0,0.0,True,V1,760.0,0.0,0.0,548.0,548.0,548.0,0.0,0.0,True,V1,548.0,0.0,0.0
QQQ,20250801,True,,548.0,548.0,548.0,0.0,0.0,True,V1,548.0,0.0,0.0,516.0,516.0,516.0,0.0,0.0,True,V1,516.0,0.0,0.0
QQQ,20250804,True,,460.0,460.0,460.0,0.0,0.0,True,V1,460.0,0.0,0.0,516.0,516.0,516.0,0.0,0.0,True,V1,516.0,0.0,0.0
QQQ,20250805,True,,428.0,428.0,428.0,0.0,0.0,True,V1,428.0,0.0,0.0,516.0,516.0,516.0,0.0,0.0,True,V1,516.0,0.0,0.0
QQQ,20250806,True,,404.0,404.0,404.0,0.0,0.0,True,V1,404.0,0.0,0.0,520.0,520.0,520.0,0.0,0.0,True,V1,520.0,0.0,0.0
QQQ,20250807,True,,384.0,384.0,384.0,0.0,0.0,True,V1,384.0,0.0,0.0,520.0,520.0,520.0,0.0,0.0,True,V1,520.0,0.0,0.0
QQQ,20250808,True,,520.0,520.0,520.0,0.0,0.0,True,V1,520.0,0.0,0.0,668.0,668.0,668.0,0.0,0.0,True,V1,668.0,0.0,0.0
QQQ,20250811,True,,408.0,408.0,408.0,0.0,0.0,True,V1,408.0,0.0,0.0,676.0,676.0,676.0,0.0,0.0,True,V1,676.0,0.0,0.0
QQQ,20250812,True,,408.0,408.0,408.0,0.0,0.0,True,V1,408.0,0.0,0.0,676.0,676.0,676.0,0.0,0.0,True,V1,676.0,0.0,0.0
QQQ,20250813,True,,412.0,412.0,412.0,0.0,0.0,True,V1,412.0,0.0,0.0,716.0,716.0,716.0,0.0,0.0,True,V1,716.0,0.0,0.0
QQQ,20250814,True,,412.0,412.0,412.0,0.0,0.0,True,V1,412.0,0.0,0.0,716.0,716.0,716.0,0.0,0.0,True,V1,716.0,0.0,0.0
QQQ,20250815,True,,716.0,716.0,716.0,0.0,0.0,True,V1,716.0,0.0,0.0,560.0,560.0,560.0,0.0,0.0,True,V1,560.0,0.0,0.0
QQQ,20250818,True,,444.0,444.0,444.0,0.0,0.0,True,V1,444.0,0.0,0.0,560.0,560.0,560.0,0.0,0.0,True,V1,560.0,0.0,0.0
QQQ,20250819,True,,444.0,444.0,444.0,0.0,0.0,True,V1,444.0,0.0,0.0,560.0,560.0,560.0,0.0,0.0,True,V1,560.0,0.0,0.0
QQQ,20250820,True,,444.0,444.0,444.0,0.0,0.0,True,V1,444.0,0.0,0.0,560.0,560.0,560.0,0.0,0.0,True,V1,560.0,0.0,0.0
QQQ,20250821,True,,460.0,460.0,460.0,0.0,0.0,True,V1,460.0,0.0,0.0,560.0,560.0,560.0,0.0,0.0,True,V1,560.0,0.0,0.0
QQQ,20250822,True,,560.0,560.0,560.0,0.0,0.0,True,V1,560.0,0.0,0.0,700.0,700.0,700.0,0.0,0.0,True,V1,700.0,0.0,0.0
QQQ,20250825,True,,492.0,492.0,492.0,0.0,0.0,True,V1,492.0,0.0,0.0,700.0,700.0,700.0,0.0,0.0,True,V1,700.0,0.0,0.0
QQQ,20250826,True,,488.0,488.0,488.0,0.0,0.0,True,V1,488.0,0.0,0.0,700.0,700.0,700.0,0.0,0.0,True,V1,700.0,0.0,0.0
QQQ,20250827,True,,520.0,520.0,520.0,0.0,0.0,True,V1,520.0,0.0,0.0,700.0,700.0,700.0,0.0,0.0,True,V1,700.0,0.0,0.0
QQQ,20250828,True,,406.0,406.0,408.0,2.0,2.0,True,V1R1_REPAIR,406.0,0.0,2.0,700.0,700.0,700.0,0.0,0.0,True,V1,700.0,0.0,0.0
QQQ,20250829,True,,700.0,700.0,700.0,0.0,0.0,True,V1,700.0,0.0,0.0,504.0,504.0,504.0,0.0,0.0,True,V1,504.0,0.0,0.0
QQQ,20250902,True,,332.0,332.0,332.0,0.0,0.0,True,V1,332.0,0.0,0.0,504.0,504.0,504.0,0.0,0.0,True,V1,504.0,0.0,0.0
QQQ,20250903,True,,328.0,328.0,328.0,0.0,0.0,True,V1,328.0,0.0,0.0,504.0,504.0,504.0,0.0,0.0,True,V1,504.0,0.0,0.0
QQQ,20250904,True,,332.0,332.0,332.0,0.0,0.0,True,V1,332.0,0.0,0.0,504.0,504.0,504.0,0.0,0.0,True,V1,504.0,0.0,0.0
QQQ,20250905,True,,504.0,504.0,504.0,0.0,0.0,True,V1,504.0,0.0,0.0,728.0,728.0,728.0,0.0,0.0,True,V1,728.0,0.0,0.0
QQQ,20250908,True,,360.0,360.0,360.0,0.0,0.0,True,V1,360.0,0.0,0.0,728.0,728.0,728.0,0.0,0.0,True,V1,728.0,0.0,0.0
QQQ,20250909,True,,336.0,336.0,336.0,0.0,0.0,True,V1,336.0,0.0,0.0,768.0,768.0,768.0,0.0,0.0,True,V1,768.0,0.0,0.0
QQQ,20250910,True,,336.0,336.0,336.0,0.0,0.0,True,V1,336.0,0.0,0.0,768.0,768.0,768.0,0.0,0.0,True,V1,768.0,0.0,0.0
QQQ,20250911,True,,408.0,408.0,408.0,0.0,0.0,True,V1,408.0,0.0,0.0,768.0,768.0,768.0,0.0,0.0,True,V1,768.0,0.0,0.0
QQQ,20250912,True,,768.0,768.0,768.0,0.0,0.0,True,V1,768.0,0.0,0.0,760.0,760.0,760.0,0.0,0.0,True,V1,760.0,0.0,0.0
QQQ,20250915,True,,436.0,436.0,436.0,0.0,0.0,True,V1,436.0,0.0,0.0,772.0,772.0,772.0,0.0,0.0,True,V1,772.0,0.0,0.0
QQQ,20250916,True,,436.0,436.0,436.0,0.0,0.0,True,V1,436.0,0.0,0.0,772.0,772.0,772.0,0.0,0.0,True,V1,772.0,0.0,0.0
QQQ,20250917,True,,468.0,468.0,468.0,0.0,0.0,True,V1,468.0,0.0,0.0,800.0,800.0,800.0,0.0,0.0,True,V1,800.0,0.0,0.0
QQQ,20250918,True,,476.0,476.0,476.0,0.0,0.0,True,V1,476.0,0.0,0.0,800.0,800.0,800.0,0.0,0.0,True,V1,800.0,0.0,0.0
QQQ,20250919,True,,800.0,800.0,800.0,0.0,0.0,True,V1,800.0,0.0,0.0,656.0,656.0,656.0,0.0,0.0,True,V1,656.0,0.0,0.0
QQQ,20250922,True,,484.0,484.0,484.0,0.0,0.0,True,V1,484.0,0.0,0.0,656.0,656.0,656.0,0.0,0.0,True,V1,656.0,0.0,0.0
QQQ,20250923,True,,460.0,460.0,460.0,0.0,0.0,True,V1,460.0,0.0,0.0,656.0,656.0,656.0,0.0,0.0,True,V1,656.0,0.0,0.0
QQQ,20250924,True,,444.0,444.0,444.0,0.0,0.0,True,V1,444.0,0.0,0.0,668.0,668.0,668.0,0.0,0.0,True,V1,668.0,0.0,0.0
QQQ,20250925,True,,508.0,508.0,508.0,0.0,0.0,True,V1,508.0,0.0,0.0,668.0,668.0,668.0,0.0,0.0,True,V1,668.0,0.0,0.0
QQQ,20250926,True,,668.0,668.0,668.0,0.0,0.0,True,V1,668.0,0.0,0.0,584.0,584.0,584.0,0.0,0.0,True,V1,584.0,0.0,0.0
QQQ,20250929,True,,416.0,416.0,416.0,0.0,0.0,True,V1,416.0,0.0,0.0,584.0,584.0,584.0,0.0,0.0,True,V1,584.0,0.0,0.0
QQQ,20250930,True,,1000.0,1000.0,1000.0,0.0,0.0,True,V1,1000.0,0.0,0.0,584.0,584.0,584.0,0.0,0.0,True,V1,584.0,0.0,0.0
QQQ,20251001,True,,416.0,416.0,416.0,0.0,0.0,True,V1,416.0,0.0,0.0,584.0,584.0,584.0,0.0,0.0,True,V1,584.0,0.0,0.0
QQQ,20251002,True,,400.0,400.0,400.0,0.0,0.0,True,V1,400.0,0.0,0.0,584.0,584.0,584.0,0.0,0.0,True,V1,584.0,0.0,0.0
QQQ,20251003,True,,584.0,584.0,584.0,0.0,0.0,True,V1,584.0,0.0,0.0,752.0,752.0,752.0,0.0,0.0,True,V1,752.0,0.0,0.0
QQQ,20251006,True,,348.0,348.0,348.0,0.0,0.0,True,V1,348.0,0.0,0.0,752.0,752.0,752.0,0.0,0.0,True,V1,752.0,0.0,0.0
QQQ,20251007,True,,348.0,348.0,348.0,0.0,0.0,True,V1,348.0,0.0,0.0,752.0,752.0,752.0,0.0,0.0,True,V1,752.0,0.0,0.0
QQQ,20251008,True,,396.0,396.0,396.0,0.0,0.0,True,V1,396.0,0.0,0.0,752.0,752.0,752.0,0.0,0.0,True,V1,752.0,0.0,0.0
QQQ,20251009,True,,404.0,404.0,404.0,0.0,0.0,True,V1,404.0,0.0,0.0,752.0,752.0,752.0,0.0,0.0,True,V1,752.0,0.0,0.0
QQQ,20251010,True,,752.0,752.0,752.0,0.0,0.0,True,V1,752.0,0.0,0.0,952.0,952.0,952.0,0.0,0.0,True,V1,952.0,0.0,0.0
QQQ,20251013,True,,580.0,580.0,580.0,0.0,0.0,True,V1,580.0,0.0,0.0,952.0,952.0,952.0,0.0,0.0,True,V1,952.0,0.0,0.0
QQQ,20251014,True,,580.0,580.0,580.0,0.0,0.0,True,V1,580.0,0.0,0.0,952.0,952.0,952.0,0.0,0.0,True,V1,952.0,0.0,0.0
QQQ,20251015,True,,580.0,580.0,580.0,0.0,0.0,True,V1,580.0,0.0,0.0,952.0,952.0,952.0,0.0,0.0,True,V1,952.0,0.0,0.0
QQQ,20251016,True,,568.0,568.0,568.0,0.0,0.0,True,V1,568.0,0.0,0.0,952.0,952.0,952.0,0.0,0.0,True,V1,952.0,0.0,0.0
QQQ,20251017,True,,952.0,952.0,952.0,0.0,0.0,True,V1,952.0,0.0,0.0,548.0,548.0,548.0,0.0,0.0,True,V1,548.0,0.0,0.0
QQQ,20251020,True,,560.0,560.0,560.0,0.0,0.0,True,V1,560.0,0.0,0.0,548.0,548.0,548.0,0.0,0.0,True,V1,548.0,0.0,0.0
QQQ,20251021,True,,612.0,612.0,612.0,0.0,0.0,True,V1,612.0,0.0,0.0,560.0,560.0,560.0,0.0,0.0,True,V1,560.0,0.0,0.0
QQQ,20251022,True,,420.0,420.0,420.0,0.0,0.0,True,V1,420.0,0.0,0.0,560.0,560.0,560.0,0.0,0.0,True,V1,560.0,0.0,0.0
QQQ,20251023,True,,420.0,420.0,420.0,0.0,0.0,True,V1,420.0,0.0,0.0,560.0,560.0,560.0,0.0,0.0,True,V1,560.0,0.0,0.0
QQQ,20251024,True,,560.0,560.0,560.0,0.0,0.0,True,V1,560.0,0.0,0.0,636.0,636.0,636.0,0.0,0.0,True,V1,636.0,0.0,0.0
QQQ,20251027,True,,372.0,372.0,372.0,0.0,0.0,True,V1,372.0,0.0,0.0,636.0,636.0,636.0,0.0,0.0,True,V1,636.0,0.0,0.0
QQQ,20251028,True,,404.0,404.0,404.0,0.0,0.0,True,V1,404.0,0.0,0.0,668.0,668.0,668.0,0.0,0.0,True,V1,668.0,0.0,0.0
QQQ,20251029,True,,404.0,404.0,404.0,0.0,0.0,True,V1,404.0,0.0,0.0,688.0,688.0,688.0,0.0,0.0,True,V1,688.0,0.0,0.0
QQQ,20251030,True,,424.0,424.0,424.0,0.0,0.0,True,V1,424.0,0.0,0.0,692.0,692.0,692.0,0.0,0.0,True,V1,692.0,0.0,0.0
QQQ,20251031,True,,692.0,692.0,692.0,0.0,0.0,True,V1,692.0,0.0,0.0,600.0,600.0,600.0,0.0,0.0,True,V1,600.0,0.0,0.0
QQQ,20251103,True,,440.0,440.0,440.0,0.0,0.0,True,V1,440.0,0.0,0.0,600.0,600.0,600.0,0.0,0.0,True,V1,600.0,0.0,0.0
QQQ,20251104,True,,408.0,408.0,408.0,0.0,0.0,True,V1,408.0,0.0,0.0,600.0,600.0,600.0,0.0,0.0,True,V1,600.0,0.0,0.0
QQQ,20251105,True,,408.0,408.0,408.0,0.0,0.0,True,V1,408.0,0.0,0.0,600.0,600.0,600.0,0.0,0.0,True,V1,600.0,0.0,0.0
QQQ,20251106,True,,408.0,408.0,408.0,0.0,0.0,True,V1,408.0,0.0,0.0,600.0,600.0,600.0,0.0,0.0,True,V1,600.0,0.0,0.0
QQQ,20251107,True,,600.0,600.0,600.0,0.0,0.0,True,V1,600.0,0.0,0.0,552.0,552.0,552.0,0.0,0.0,True,V1,552.0,0.0,0.0
QQQ,20251110,True,,444.0,444.0,444.0,0.0,0.0,True,V1,444.0,0.0,0.0,552.0,552.0,552.0,0.0,0.0,True,V1,552.0,0.0,0.0
QQQ,20251111,True,,444.0,444.0,444.0,0.0,0.0,True,V1,444.0,0.0,0.0,552.0,552.0,552.0,0.0,0.0,True,V1,552.0,0.0,0.0
QQQ,20251112,True,,444.0,444.0,444.0,0.0,0.0,True,V1,444.0,0.0,0.0,552.0,552.0,552.0,0.0,0.0,True,V1,552.0,0.0,0.0
QQQ,20251113,True,,444.0,444.0,444.0,0.0,0.0,True,V1,444.0,0.0,0.0,552.0,552.0,552.0,0.0,0.0,True,V1,552.0,0.0,0.0
QQQ,20251114,True,,552.0,552.0,552.0,0.0,0.0,True,V1,552.0,0.0,0.0,1036.0,1036.0,1036.0,0.0,0.0,True,V1,1036.0,0.0,0.0
QQQ,20251117,True,,540.0,540.0,540.0,0.0,0.0,True,V1,540.0,0.0,0.0,1036.0,1036.0,1036.0,0.0,0.0,True,V1,1036.0,0.0,0.0
QQQ,20251118,True,,492.0,492.0,492.0,0.0,0.0,True,V1,492.0,0.0,0.0,1036.0,1036.0,1036.0,0.0,0.0,True,V1,1036.0,0.0,0.0
QQQ,20251119,True,,512.0,512.0,512.0,0.0,0.0,True,V1,512.0,0.0,0.0,1036.0,1036.0,1036.0,0.0,0.0,True,V1,1036.0,0.0,0.0
QQQ,20251120,True,,540.0,540.0,540.0,0.0,0.0,True,V1,540.0,0.0,0.0,1036.0,1036.0,1036.0,0.0,0.0,True,V1,1036.0,0.0,0.0
QQQ,20251121,True,,1036.0,1036.0,1036.0,0.0,0.0,True,V1,1036.0,0.0,0.0,706.0,706.0,708.0,2.0,2.0,True,V1R1_REPAIR,706.0,2.0,0.0
QQQ,20251124,True,,540.0,540.0,540.0,0.0,0.0,True,V1,540.0,0.0,0.0,708.0,708.0,708.0,0.0,0.0,True,V1,708.0,0.0,0.0
QQQ,20251125,True,,512.0,512.0,512.0,0.0,0.0,True,V1,512.0,0.0,0.0,708.0,708.0,708.0,0.0,0.0,True,V1,708.0,0.0,0.0
QQQ,20251126,True,,484.0,484.0,484.0,0.0,0.0,True,V1,484.0,0.0,0.0,708.0,708.0,708.0,0.0,0.0,True,V1,708.0,0.0,0.0
QQQ,20251128,True,,708.0,708.0,708.0,0.0,0.0,True,V1,708.0,0.0,0.0,528.0,528.0,528.0,0.0,0.0,True,V1,528.0,0.0,0.0
QQQ,20251201,True,,380.0,380.0,380.0,0.0,0.0,True,V1,380.0,0.0,0.0,528.0,528.0,528.0,0.0,0.0,True,V1,528.0,0.0,0.0
QQQ,20251202,True,,380.0,380.0,380.0,0.0,0.0,True,V1,380.0,0.0,0.0,528.0,528.0,528.0,0.0,0.0,True,V1,528.0,0.0,0.0
QQQ,20251203,True,,380.0,380.0,380.0,0.0,0.0,True,V1,380.0,0.0,0.0,528.0,528.0,528.0,0.0,0.0,True,V1,528.0,0.0,0.0
QQQ,20251204,True,,428.0,428.0,428.0,0.0,0.0,True,V1,428.0,0.0,0.0,528.0,528.0,528.0,0.0,0.0,True,V1,528.0,0.0,0.0
QQQ,20251205,True,,528.0,528.0,528.0,0.0,0.0,True,V1,528.0,0.0,0.0,528.0,528.0,528.0,0.0,0.0,True,V1,528.0,0.0,0.0
QQQ,20251208,True,,436.0,436.0,436.0,0.0,0.0,True,V1,436.0,0.0,0.0,528.0,528.0,528.0,0.0,0.0,True,V1,528.0,0.0,0.0
QQQ,20251209,True,,436.0,436.0,436.0,0.0,0.0,True,V1,436.0,0.0,0.0,528.0,528.0,528.0,0.0,0.0,True,V1,528.0,0.0,0.0
QQQ,20251210,True,,408.0,408.0,408.0,0.0,0.0,True,V1,408.0,0.0,0.0,528.0,528.0,528.0,0.0,0.0,True,V1,528.0,0.0,0.0
QQQ,20251211,True,,384.0,384.0,384.0,0.0,0.0,True,V1,384.0,0.0,0.0,528.0,528.0,528.0,0.0,0.0,True,V1,528.0,0.0,0.0
QQQ,20251212,True,,528.0,528.0,528.0,0.0,0.0,True,V1,528.0,0.0,0.0,1020.0,1020.0,1020.0,0.0,0.0,True,V1,1020.0,0.0,0.0
QQQ,20251215,True,,400.0,400.0,400.0,0.0,0.0,True,V1,400.0,0.0,0.0,1020.0,1020.0,1020.0,0.0,0.0,True,V1,1020.0,0.0,0.0
QQQ,20251216,True,,412.0,412.0,412.0,0.0,0.0,True,V1,412.0,0.0,0.0,1020.0,1020.0,1020.0,0.0,0.0,True,V1,1020.0,0.0,0.0
QQQ,20251217,True,,400.0,400.0,400.0,0.0,0.0,True,V1,400.0,0.0,0.0,1020.0,1020.0,1020.0,0.0,0.0,True,V1,1020.0,0.0,0.0
QQQ,20251218,True,,380.0,380.0,380.0,0.0,0.0,True,V1,380.0,0.0,0.0,1020.0,1020.0,1020.0,0.0,0.0,True,V1,1020.0,0.0,0.0
QQQ,20251219,True,,1020.0,1020.0,1020.0,0.0,0.0,True,V1,1020.0,0.0,0.0,508.0,508.0,508.0,0.0,0.0,True,V1,508.0,0.0,0.0
QQQ,20251222,True,,420.0,420.0,420.0,0.0,0.0,True,V1,420.0,0.0,0.0,508.0,508.0,508.0,0.0,0.0,True,V1,508.0,0.0,0.0
QQQ,20251223,True,,436.0,436.0,436.0,0.0,0.0,True,V1,436.0,0.0,0.0,508.0,508.0,508.0,0.0,0.0,True,V1,508.0,0.0,0.0
QQQ,20251224,True,,448.0,448.0,448.0,0.0,0.0,True,V1,448.0,0.0,0.0,508.0,508.0,508.0,0.0,0.0,True,V1,508.0,0.0,0.0
QQQ,20251226,True,,508.0,508.0,508.0,0.0,0.0,True,V1,508.0,0.0,0.0,508.0,508.0,508.0,0.0,0.0,True,V1,508.0,0.0,0.0
QQQ,20251229,True,,380.0,380.0,380.0,0.0,0.0,True,V1,380.0,0.0,0.0,508.0,508.0,508.0,0.0,0.0,True,V1,508.0,0.0,0.0
QQQ,20251230,True,,380.0,380.0,380.0,0.0,0.0,True,V1,380.0,0.0,0.0,508.0,508.0,508.0,0.0,0.0,True,V1,508.0,0.0,0.0
QQQ,20251231,True,,940.0,940.0,940.0,0.0,0.0,True,V1,940.0,0.0,0.0,508.0,508.0,508.0,0.0,0.0,True,V1,508.0,0.0,0.0
SPXW,20240102,True,,664.0,664.0,664.0,0.0,0.0,True,V1,664.0,0.0,0.0,892.0,892.0,892.0,0.0,0.0,True,V1,892.0,0.0,0.0
SPXW,20240103,True,,664.0,664.0,664.0,0.0,0.0,True,V1,664.0,0.0,0.0,892.0,892.0,892.0,0.0,0.0,True,V1,892.0,0.0,0.0
SPXW,20240104,True,,664.0,664.0,664.0,0.0,0.0,True,V1,664.0,0.0,0.0,892.0,892.0,892.0,0.0,0.0,True,V1,892.0,0.0,0.0
SPXW,20240105,True,,892.0,892.0,892.0,0.0,0.0,True,V1,892.0,0.0,0.0,808.0,808.0,808.0,0.0,0.0,True,V1,808.0,0.0,0.0
SPXW,20240108,True,,676.0,676.0,676.0,0.0,0.0,True,V1,676.0,0.0,0.0,824.0,824.0,824.0,0.0,0.0,True,V1,824.0,0.0,0.0
SPXW,20240109,True,,656.0,656.0,656.0,0.0,0.0,True,V1,656.0,0.0,0.0,824.0,824.0,824.0,0.0,0.0,True,V1,824.0,0.0,0.0
SPXW,20240110,True,,656.0,656.0,656.0,0.0,0.0,True,V1,656.0,0.0,0.0,824.0,824.0,824.0,0.0,0.0,True,V1,824.0,0.0,0.0
SPXW,20240111,True,,668.0,668.0,668.0,0.0,0.0,True,V1,668.0,0.0,0.0,824.0,824.0,824.0,0.0,0.0,True,V1,824.0,0.0,0.0
SPXW,20240112,True,,824.0,824.0,824.0,0.0,0.0,True,V1,824.0,0.0,0.0,1544.0,1544.0,1544.0,0.0,0.0,True,V1,1544.0,0.0,0.0
SPXW,20240116,True,,636.0,636.0,636.0,0.0,0.0,True,V1,636.0,0.0,0.0,1544.0,1544.0,1544.0,0.0,0.0,True,V1,1544.0,0.0,0.0
SPXW,20240117,True,,636.0,636.0,636.0,0.0,0.0,True,V1,636.0,0.0,0.0,1544.0,1544.0,1544.0,0.0,0.0,True,V1,1544.0,0.0,0.0
SPXW,20240118,True,,636.0,636.0,636.0,0.0,0.0,True,V1,636.0,0.0,0.0,1544.0,1544.0,1544.0,0.0,0.0,True,V1,1544.0,0.0,0.0
SPXW,20240119,True,,1544.0,1544.0,1544.0,0.0,0.0,True,V1,1544.0,0.0,0.0,748.0,748.0,748.0,0.0,0.0,True,V1,748.0,0.0,0.0
SPXW,20240122,True,,724.0,724.0,724.0,0.0,0.0,True,V1,724.0,0.0,0.0,858.0,858.0,860.0,2.0,2.0,True,V1R1_REPAIR,858.0,0.0,2.0
SPXW,20240123,True,,684.0,684.0,684.0,0.0,0.0,True,V1,684.0,0.0,0.0,868.0,868.0,868.0,0.0,0.0,True,V1,868.0,0.0,0.0
SPXW,20240124,True,,692.0,692.0,692.0,0.0,0.0,True,V1,692.0,0.0,0.0,872.0,872.0,872.0,0.0,0.0,True,V1,872.0,0.0,0.0
SPXW,20240125,True,,672.0,672.0,672.0,0.0,0.0,True,V1,672.0,0.0,0.0,876.0,876.0,876.0,0.0,0.0,True,V1,876.0,0.0,0.0
SPXW,20240126,True,,876.0,876.0,876.0,0.0,0.0,True,V1,876.0,0.0,0.0,744.0,744.0,744.0,0.0,0.0,True,V1,744.0,0.0,0.0
SPXW,20240129,True,,712.0,712.0,712.0,0.0,0.0,True,V1,712.0,0.0,0.0,744.0,744.0,744.0,0.0,0.0,True,V1,744.0,0.0,0.0
SPXW,20240130,True,,716.0,716.0,716.0,0.0,0.0,True,V1,716.0,0.0,0.0,744.0,744.0,744.0,0.0,0.0,True,V1,744.0,0.0,0.0
SPXW,20240131,True,,1596.0,1596.0,1596.0,0.0,0.0,True,V1,1596.0,0.0,0.0,920.0,920.0,920.0,0.0,0.0,True,V1,920.0,0.0,0.0
SPXW,20240201,True,,692.0,692.0,692.0,0.0,0.0,True,V1,692.0,0.0,0.0,920.0,920.0,920.0,0.0,0.0,True,V1,920.0,0.0,0.0
SPXW,20240202,True,,928.0,928.0,928.0,0.0,0.0,True,V1,928.0,0.0,0.0,872.0,872.0,872.0,0.0,0.0,True,V1,872.0,0.0,0.0
SPXW,20240205,True,,764.0,764.0,764.0,0.0,0.0,True,V1,764.0,0.0,0.0,928.0,928.0,928.0,0.0,0.0,True,V1,928.0,0.0,0.0
SPXW,20240206,True,,712.0,712.0,712.0,0.0,0.0,True,V1,712.0,0.0,0.0,928.0,928.0,928.0,0.0,0.0,True,V1,928.0,0.0,0.0
SPXW,20240207,True,,712.0,712.0,712.0,0.0,0.0,True,V1,712.0,0.0,0.0,928.0,928.0,928.0,0.0,0.0,True,V1,928.0,0.0,0.0
SPXW,20240208,True,,708.0,708.0,708.0,0.0,0.0,True,V1,708.0,0.0,0.0,964.0,964.0,964.0,0.0,0.0,True,V1,964.0,0.0,0.0
SPXW,20240209,True,,964.0,964.0,964.0,0.0,0.0,True,V1,964.0,0.0,0.0,1532.0,1532.0,1532.0,0.0,0.0,True,V1,1532.0,0.0,0.0
SPXW,20240212,True,,724.0,724.0,724.0,0.0,0.0,True,V1,724.0,0.0,0.0,1532.0,1532.0,1532.0,0.0,0.0,True,V1,1532.0,0.0,0.0
SPXW,20240213,True,,724.0,724.0,724.0,0.0,0.0,True,V1,724.0,0.0,0.0,1532.0,1532.0,1532.0,0.0,0.0,True,V1,1532.0,0.0,0.0
SPXW,20240214,True,,724.0,724.0,724.0,0.0,0.0,True,V1,724.0,0.0,0.0,1532.0,1532.0,1532.0,0.0,0.0,True,V1,1532.0,0.0,0.0
SPXW,20240215,True,,696.0,696.0,696.0,0.0,0.0,True,V1,696.0,0.0,0.0,1532.0,1532.0,1532.0,0.0,0.0,True,V1,1532.0,0.0,0.0
SPXW,20240216,True,,1532.0,1532.0,1532.0,0.0,0.0,True,V1,1532.0,0.0,0.0,912.0,912.0,912.0,0.0,0.0,True,V1,912.0,0.0,0.0
SPXW,20240220,True,,692.0,692.0,692.0,0.0,0.0,True,V1,692.0,0.0,0.0,912.0,912.0,912.0,0.0,0.0,True,V1,912.0,0.0,0.0
SPXW,20240221,True,,692.0,692.0,692.0,0.0,0.0,True,V1,692.0,0.0,0.0,912.0,912.0,912.0,0.0,0.0,True,V1,912.0,0.0,0.0
SPXW,20240222,True,,676.0,676.0,676.0,0.0,0.0,True,V1,676.0,0.0,0.0,912.0,912.0,912.0,0.0,0.0,True,V1,912.0,0.0,0.0
SPXW,20240223,True,,964.0,964.0,964.0,0.0,0.0,True,V1,964.0,0.0,0.0,900.0,900.0,900.0,0.0,0.0,True,V1,900.0,0.0,0.0
SPXW,20240226,True,,756.0,756.0,756.0,0.0,0.0,True,V1,756.0,0.0,0.0,920.0,920.0,920.0,0.0,0.0,True,V1,920.0,0.0,0.0
SPXW,20240227,True,,732.0,732.0,732.0,0.0,0.0,True,V1,732.0,0.0,0.0,920.0,920.0,920.0,0.0,0.0,True,V1,920.0,0.0,0.0
SPXW,20240228,True,,720.0,720.0,720.0,0.0,0.0,True,V1,720.0,0.0,0.0,920.0,920.0,920.0,0.0,0.0,True,V1,920.0,0.0,0.0
SPXW,20240229,True,,1568.0,1568.0,1568.0,0.0,0.0,True,V1,1568.0,0.0,0.0,920.0,920.0,920.0,0.0,0.0,True,V1,920.0,0.0,0.0
SPXW,20240301,True,,924.0,924.0,924.0,0.0,0.0,True,V1,924.0,0.0,0.0,824.0,824.0,824.0,0.0,0.0,True,V1,824.0,0.0,0.0
SPXW,20240304,True,,760.0,760.0,760.0,0.0,0.0,True,V1,760.0,0.0,0.0,968.0,968.0,968.0,0.0,0.0,True,V1,968.0,0.0,0.0
SPXW,20240305,True,,716.0,716.0,716.0,0.0,0.0,True,V1,716.0,0.0,0.0,968.0,968.0,968.0,0.0,0.0,True,V1,968.0,0.0,0.0
SPXW,20240306,True,,720.0,720.0,720.0,0.0,0.0,True,V1,720.0,0.0,0.0,968.0,968.0,968.0,0.0,0.0,True,V1,968.0,0.0,0.0
SPXW,20240307,True,,692.0,692.0,692.0,0.0,0.0,True,V1,692.0,0.0,0.0,968.0,968.0,968.0,0.0,0.0,True,V1,968.0,0.0,0.0
SPXW,20240308,True,,972.0,972.0,972.0,0.0,0.0,True,V1,972.0,0.0,0.0,1624.0,1624.0,1624.0,0.0,0.0,True,V1,1624.0,0.0,0.0
SPXW,20240311,True,,716.0,716.0,716.0,0.0,0.0,True,V1,716.0,0.0,0.0,1624.0,1624.0,1624.0,0.0,0.0,True,V1,1624.0,0.0,0.0
SPXW,20240312,True,,708.0,708.0,708.0,0.0,0.0,True,V1,708.0,0.0,0.0,1624.0,1624.0,1624.0,0.0,0.0,True,V1,1624.0,0.0,0.0
SPXW,20240313,True,,708.0,708.0,708.0,0.0,0.0,True,V1,708.0,0.0,0.0,1624.0,1624.0,1624.0,0.0,0.0,True,V1,1624.0,0.0,0.0
SPXW,20240314,True,,692.0,692.0,692.0,0.0,0.0,True,V1,692.0,0.0,0.0,1624.0,1624.0,1624.0,0.0,0.0,True,V1,1624.0,0.0,0.0
SPXW,20240315,True,,1624.0,1624.0,1624.0,0.0,0.0,True,V1,1624.0,0.0,0.0,924.0,924.0,924.0,0.0,0.0,True,V1,924.0,0.0,0.0
SPXW,20240318,True,,720.0,720.0,720.0,0.0,0.0,True,V1,720.0,0.0,0.0,924.0,924.0,924.0,0.0,0.0,True,V1,924.0,0.0,0.0
SPXW,20240319,True,,692.0,692.0,692.0,0.0,0.0,True,V1,692.0,0.0,0.0,924.0,924.0,924.0,0.0,0.0,True,V1,924.0,0.0,0.0
SPXW,20240320,True,,688.0,688.0,688.0,0.0,0.0,True,V1,688.0,0.0,0.0,924.0,924.0,924.0,0.0,0.0,True,V1,924.0,0.0,0.0
SPXW,20240321,True,,728.0,728.0,728.0,0.0,0.0,True,V1,728.0,0.0,0.0,972.0,972.0,972.0,0.0,0.0,True,V1,972.0,0.0,0.0
SPXW,20240322,True,,972.0,972.0,972.0,0.0,0.0,True,V1,972.0,0.0,0.0,1952.0,1952.0,1952.0,0.0,0.0,True,V1,1952.0,0.0,0.0
SPXW,20240325,True,,724.0,724.0,724.0,0.0,0.0,True,V1,724.0,0.0,0.0,1952.0,1952.0,1952.0,0.0,0.0,True,V1,1952.0,0.0,0.0
SPXW,20240326,True,,712.0,712.0,712.0,0.0,0.0,True,V1,712.0,0.0,0.0,1952.0,1952.0,1952.0,0.0,0.0,True,V1,1952.0,0.0,0.0
SPXW,20240327,True,,712.0,712.0,712.0,0.0,0.0,True,V1,712.0,0.0,0.0,1952.0,1952.0,1952.0,0.0,0.0,True,V1,1952.0,0.0,0.0
SPXW,20240328,True,,1952.0,1952.0,1952.0,0.0,0.0,True,V1,1952.0,0.0,0.0,800.0,800.0,800.0,0.0,0.0,True,V1,800.0,0.0,0.0
SPXW,20240401,True,,704.0,704.0,704.0,0.0,0.0,True,V1,704.0,0.0,0.0,800.0,800.0,800.0,0.0,0.0,True,V1,800.0,0.0,0.0
SPXW,20240402,True,,700.0,700.0,700.0,0.0,0.0,True,V1,700.0,0.0,0.0,916.0,916.0,916.0,0.0,0.0,True,V1,916.0,0.0,0.0
SPXW,20240403,True,,696.0,696.0,696.0,0.0,0.0,True,V1,696.0,0.0,0.0,916.0,916.0,916.0,0.0,0.0,True,V1,916.0,0.0,0.0
SPXW,20240404,True,,696.0,696.0,696.0,0.0,0.0,True,V1,696.0,0.0,0.0,916.0,916.0,916.0,0.0,0.0,True,V1,916.0,0.0,0.0
SPXW,20240405,True,,916.0,916.0,916.0,0.0,0.0,True,V1,916.0,0.0,0.0,832.0,832.0,832.0,0.0,0.0,True,V1,832.0,0.0,0.0
SPXW,20240408,True,,724.0,724.0,724.0,0.0,0.0,True,V1,724.0,0.0,0.0,884.0,884.0,884.0,0.0,0.0,True,V1,884.0,0.0,0.0
SPXW,20240409,True,,712.0,712.0,712.0,0.0,0.0,True,V1,712.0,0.0,0.0,884.0,884.0,884.0,0.0,0.0,True,V1,884.0,0.0,0.0
SPXW,20240410,True,,712.0,712.0,712.0,0.0,0.0,True,V1,712.0,0.0,0.0,884.0,884.0,884.0,0.0,0.0,True,V1,884.0,0.0,0.0
SPXW,20240411,True,,712.0,712.0,712.0,0.0,0.0,True,V1,712.0,0.0,0.0,884.0,884.0,884.0,0.0,0.0,True,V1,884.0,0.0,0.0
SPXW,20240412,True,,884.0,884.0,884.0,0.0,0.0,True,V1,884.0,0.0,0.0,1680.0,1680.0,1680.0,0.0,0.0,True,V1,1680.0,0.0,0.0
SPXW,20240415,True,,720.0,720.0,720.0,0.0,0.0,True,V1,720.0,0.0,0.0,1680.0,1680.0,1680.0,0.0,0.0,True,V1,1680.0,0.0,0.0
SPXW,20240416,True,,764.0,764.0,764.0,0.0,0.0,True,V1,764.0,0.0,0.0,1680.0,1680.0,1680.0,0.0,0.0,True,V1,1680.0,0.0,0.0
SPXW,20240417,True,,764.0,764.0,764.0,0.0,0.0,True,V1,764.0,0.0,0.0,1680.0,1680.0,1680.0,0.0,0.0,True,V1,1680.0,0.0,0.0
SPXW,20240418,True,,784.0,784.0,784.0,0.0,0.0,True,V1,784.0,0.0,0.0,1680.0,1680.0,1680.0,0.0,0.0,True,V1,1680.0,0.0,0.0
SPXW,20240419,True,,1680.0,1680.0,1680.0,0.0,0.0,True,V1,1680.0,0.0,0.0,980.0,980.0,980.0,0.0,0.0,True,V1,980.0,0.0,0.0
SPXW,20240422,True,,808.0,808.0,808.0,0.0,0.0,True,V1,808.0,0.0,0.0,1012.0,1012.0,1012.0,0.0,0.0,True,V1,1012.0,0.0,0.0
SPXW,20240423,True,,800.0,800.0,800.0,0.0,0.0,True,V1,800.0,0.0,0.0,1012.0,1012.0,1012.0,0.0,0.0,True,V1,1012.0,0.0,0.0
SPXW,20240424,True,,804.0,804.0,804.0,0.0,0.0,True,V1,804.0,0.0,0.0,1012.0,1012.0,1012.0,0.0,0.0,True,V1,1012.0,0.0,0.0
SPXW,20240425,True,,788.0,788.0,788.0,0.0,0.0,True,V1,788.0,0.0,0.0,1012.0,1012.0,1012.0,0.0,0.0,True,V1,1012.0,0.0,0.0
SPXW,20240426,True,,1012.0,1012.0,1012.0,0.0,0.0,True,V1,1012.0,0.0,0.0,780.0,780.0,780.0,0.0,0.0,True,V1,780.0,0.0,0.0
SPXW,20240429,True,,776.0,776.0,776.0,0.0,0.0,True,V1,776.0,0.0,0.0,932.0,932.0,932.0,0.0,0.0,True,V1,932.0,0.0,0.0
SPXW,20240430,True,,1428.0,1428.0,1428.0,0.0,0.0,True,V1,1428.0,0.0,0.0,932.0,932.0,932.0,0.0,0.0,True,V1,932.0,0.0,0.0
SPXW,20240501,True,,740.0,740.0,740.0,0.0,0.0,True,V1,740.0,0.0,0.0,976.0,976.0,976.0,0.0,0.0,True,V1,976.0,0.0,0.0
SPXW,20240502,True,,736.0,736.0,736.0,0.0,0.0,True,V1,736.0,0.0,0.0,988.0,988.0,988.0,0.0,0.0,True,V1,988.0,0.0,0.0
SPXW,20240503,True,,988.0,988.0,988.0,0.0,0.0,True,V1,988.0,0.0,0.0,908.0,908.0,908.0,0.0,0.0,True,V1,908.0,0.0,0.0
SPXW,20240506,True,,732.0,732.0,732.0,0.0,0.0,True,V1,732.0,0.0,0.0,920.0,920.0,920.0,0.0,0.0,True,V1,920.0,0.0,0.0
SPXW,20240507,True,,768.0,768.0,768.0,0.0,0.0,True,V1,768.0,0.0,0.0,948.0,948.0,948.0,0.0,0.0,True,V1,948.0,0.0,0.0
SPXW,20240508,True,,776.0,776.0,776.0,0.0,0.0,True,V1,776.0,0.0,0.0,948.0,948.0,948.0,0.0,0.0,True,V1,948.0,0.0,0.0
SPXW,20240509,True,,744.0,744.0,744.0,0.0,0.0,True,V1,744.0,0.0,0.0,948.0,948.0,948.0,0.0,0.0,True,V1,948.0,0.0,0.0
SPXW,20240510,True,,948.0,948.0,948.0,0.0,0.0,True,V1,948.0,0.0,0.0,1496.0,1496.0,1496.0,0.0,0.0,True,V1,1496.0,0.0,0.0
SPXW,20240513,True,,748.0,748.0,748.0,0.0,0.0,True,V1,748.0,0.0,0.0,1496.0,1496.0,1496.0,0.0,0.0,True,V1,1496.0,0.0,0.0
SPXW,20240514,True,,748.0,748.0,748.0,0.0,0.0,True,V1,748.0,0.0,0.0,1496.0,1496.0,1496.0,0.0,0.0,True,V1,1496.0,0.0,0.0
SPXW,20240515,True,,772.0,772.0,772.0,0.0,0.0,True,V1,772.0,0.0,0.0,1496.0,1496.0,1496.0,0.0,0.0,True,V1,1496.0,0.0,0.0
SPXW,20240516,True,,800.0,800.0,800.0,0.0,0.0,True,V1,800.0,0.0,0.0,1496.0,1496.0,1496.0,0.0,0.0,True,V1,1496.0,0.0,0.0
SPXW,20240517,True,,1496.0,1496.0,1496.0,0.0,0.0,True,V1,1496.0,0.0,0.0,964.0,964.0,964.0,0.0,0.0,True,V1,964.0,0.0,0.0
SPXW,20240520,True,,792.0,792.0,792.0,0.0,0.0,True,V1,792.0,0.0,0.0,1028.0,1028.0,1028.0,0.0,0.0,True,V1,1028.0,0.0,0.0
SPXW,20240521,True,,792.0,792.0,792.0,0.0,0.0,True,V1,792.0,0.0,0.0,1028.0,1028.0,1028.0,0.0,0.0,True,V1,1028.0,0.0,0.0
SPXW,20240522,True,,792.0,792.0,792.0,0.0,0.0,True,V1,792.0,0.0,0.0,1028.0,1028.0,1028.0,0.0,0.0,True,V1,1028.0,0.0,0.0
SPXW,20240523,True,,764.0,764.0,764.0,0.0,0.0,True,V1,764.0,0.0,0.0,1028.0,1028.0,1028.0,0.0,0.0,True,V1,1028.0,0.0,0.0
SPXW,20240524,True,,1028.0,1028.0,1028.0,0.0,0.0,True,V1,1028.0,0.0,0.0,1368.0,1368.0,1368.0,0.0,0.0,True,V1,1368.0,0.0,0.0
SPXW,20240528,True,,760.0,760.0,760.0,0.0,0.0,True,V1,760.0,0.0,0.0,1368.0,1368.0,1368.0,0.0,0.0,True,V1,1368.0,0.0,0.0
SPXW,20240529,True,,784.0,784.0,784.0,0.0,0.0,True,V1,784.0,0.0,0.0,1368.0,1368.0,1368.0,0.0,0.0,True,V1,1368.0,0.0,0.0
SPXW,20240530,True,,724.0,724.0,724.0,0.0,0.0,True,V1,724.0,0.0,0.0,1368.0,1368.0,1368.0,0.0,0.0,True,V1,1368.0,0.0,0.0
SPXW,20240531,True,,1368.0,1368.0,1368.0,0.0,0.0,True,V1,1368.0,0.0,0.0,1012.0,1012.0,1012.0,0.0,0.0,True,V1,1012.0,0.0,0.0
SPXW,20240603,True,,788.0,788.0,788.0,0.0,0.0,True,V1,788.0,0.0,0.0,1012.0,1012.0,1012.0,0.0,0.0,True,V1,1012.0,0.0,0.0
SPXW,20240604,True,,724.0,724.0,724.0,0.0,0.0,True,V1,724.0,0.0,0.0,1012.0,1012.0,1012.0,0.0,0.0,True,V1,1012.0,0.0,0.0
SPXW,20240605,True,,712.0,712.0,712.0,0.0,0.0,True,V1,712.0,0.0,0.0,1020.0,1020.0,1020.0,0.0,0.0,True,V1,1020.0,0.0,0.0
SPXW,20240606,True,,756.0,756.0,756.0,0.0,0.0,True,V1,756.0,0.0,0.0,1052.0,1052.0,1052.0,0.0,0.0,True,V1,1052.0,0.0,0.0
SPXW,20240607,True,,1052.0,1052.0,1052.0,0.0,0.0,True,V1,1052.0,0.0,0.0,916.0,916.0,916.0,0.0,0.0,True,V1,916.0,0.0,0.0
SPXW,20240610,True,,740.0,740.0,740.0,0.0,0.0,True,V1,740.0,0.0,0.0,916.0,916.0,916.0,0.0,0.0,True,V1,916.0,0.0,0.0
SPXW,20240611,True,,728.0,728.0,728.0,0.0,0.0,True,V1,728.0,0.0,0.0,916.0,916.0,916.0,0.0,0.0,True,V1,916.0,0.0,0.0
SPXW,20240612,True,,740.0,740.0,740.0,0.0,0.0,True,V1,740.0,0.0,0.0,920.0,920.0,920.0,0.0,0.0,True,V1,920.0,0.0,0.0
SPXW,20240613,True,,772.0,772.0,772.0,0.0,0.0,True,V1,772.0,0.0,0.0,1036.0,1036.0,1036.0,0.0,0.0,True,V1,1036.0,0.0,0.0
SPXW,20240614,True,,1036.0,1036.0,1036.0,0.0,0.0,True,V1,1036.0,0.0,0.0,1584.0,1584.0,1584.0,0.0,0.0,True,V1,1584.0,0.0,0.0
SPXW,20240617,True,,792.0,792.0,792.0,0.0,0.0,True,V1,792.0,0.0,0.0,1584.0,1584.0,1584.0,0.0,0.0,True,V1,1584.0,0.0,0.0
SPXW,20240618,True,,780.0,780.0,780.0,0.0,0.0,True,V1,780.0,0.0,0.0,1584.0,1584.0,1584.0,0.0,0.0,True,V1,1584.0,0.0,0.0
SPXW,20240620,True,,780.0,780.0,780.0,0.0,0.0,True,V1,780.0,0.0,0.0,1584.0,1584.0,1584.0,0.0,0.0,True,V1,1584.0,0.0,0.0
SPXW,20240621,True,,1584.0,1584.0,1584.0,0.0,0.0,True,V1,1584.0,0.0,0.0,1928.0,1928.0,1928.0,0.0,0.0,True,V1,1928.0,0.0,0.0
SPXW,20240624,True,,756.0,756.0,756.0,0.0,0.0,True,V1,756.0,0.0,0.0,1928.0,1928.0,1928.0,0.0,0.0,True,V1,1928.0,0.0,0.0
SPXW,20240625,True,,752.0,752.0,752.0,0.0,0.0,True,V1,752.0,0.0,0.0,1928.0,1928.0,1928.0,0.0,0.0,True,V1,1928.0,0.0,0.0
SPXW,20240626,True,,752.0,752.0,752.0,0.0,0.0,True,V1,752.0,0.0,0.0,1928.0,1928.0,1928.0,0.0,0.0,True,V1,1928.0,0.0,0.0
SPXW,20240627,True,,740.0,740.0,740.0,0.0,0.0,True,V1,740.0,0.0,0.0,1928.0,1928.0,1928.0,0.0,0.0,True,V1,1928.0,0.0,0.0
SPXW,20240628,True,,1928.0,1928.0,1928.0,0.0,0.0,True,V1,1928.0,0.0,0.0,1064.0,1064.0,1064.0,0.0,0.0,True,V1,1064.0,0.0,0.0
SPXW,20240701,True,,712.0,712.0,712.0,0.0,0.0,True,V1,712.0,0.0,0.0,1064.0,1064.0,1064.0,0.0,0.0,True,V1,1064.0,0.0,0.0
SPXW,20240702,True,,708.0,708.0,708.0,0.0,0.0,True,V1,708.0,0.0,0.0,1064.0,1064.0,1064.0,0.0,0.0,True,V1,1064.0,0.0,0.0
SPXW,20240703,True,,728.0,728.0,728.0,0.0,0.0,True,V1,728.0,0.0,0.0,1064.0,1064.0,1064.0,0.0,0.0,True,V1,1064.0,0.0,0.0
SPXW,20240705,True,,1064.0,1064.0,1064.0,0.0,0.0,True,V1,1064.0,0.0,0.0,956.0,956.0,956.0,0.0,0.0,True,V1,956.0,0.0,0.0
SPXW,20240708,True,,764.0,764.0,764.0,0.0,0.0,True,V1,764.0,0.0,0.0,956.0,956.0,956.0,0.0,0.0,True,V1,956.0,0.0,0.0
SPXW,20240709,True,,752.0,752.0,752.0,0.0,0.0,True,V1,752.0,0.0,0.0,956.0,956.0,956.0,0.0,0.0,True,V1,956.0,0.0,0.0
SPXW,20240710,True,,780.0,780.0,780.0,0.0,0.0,True,V1,780.0,0.0,0.0,960.0,960.0,960.0,0.0,0.0,True,V1,960.0,0.0,0.0
SPXW,20240711,True,,780.0,780.0,780.0,0.0,0.0,True,V1,780.0,0.0,0.0,1100.0,1100.0,1100.0,0.0,0.0,True,V1,1100.0,0.0,0.0
SPXW,20240712,True,,1100.0,1100.0,1100.0,0.0,0.0,True,V1,1100.0,0.0,0.0,1728.0,1728.0,1728.0,0.0,0.0,True,V1,1728.0,0.0,0.0
SPXW,20240715,True,,752.0,752.0,752.0,0.0,0.0,True,V1,752.0,0.0,0.0,1728.0,1728.0,1728.0,0.0,0.0,True,V1,1728.0,0.0,0.0
SPXW,20240716,True,,748.0,748.0,748.0,0.0,0.0,True,V1,748.0,0.0,0.0,1728.0,1728.0,1728.0,0.0,0.0,True,V1,1728.0,0.0,0.0
SPXW,20240717,True,,808.0,808.0,808.0,0.0,0.0,True,V1,808.0,0.0,0.0,1728.0,1728.0,1728.0,0.0,0.0,True,V1,1728.0,0.0,0.0
SPXW,20240718,True,,780.0,780.0,780.0,0.0,0.0,True,V1,780.0,0.0,0.0,1728.0,1728.0,1728.0,0.0,0.0,True,V1,1728.0,0.0,0.0
SPXW,20240719,True,,1728.0,1728.0,1728.0,0.0,0.0,True,V1,1728.0,0.0,0.0,1032.0,1032.0,1032.0,0.0,0.0,True,V1,1032.0,0.0,0.0
SPXW,20240722,True,,828.0,828.0,828.0,0.0,0.0,True,V1,828.0,0.0,0.0,1032.0,1032.0,1032.0,0.0,0.0,True,V1,1032.0,0.0,0.0
SPXW,20240723,True,,828.0,828.0,828.0,0.0,0.0,True,V1,828.0,0.0,0.0,1032.0,1032.0,1032.0,0.0,0.0,True,V1,1032.0,0.0,0.0
SPXW,20240724,True,,780.0,780.0,780.0,0.0,0.0,True,V1,780.0,0.0,0.0,1032.0,1032.0,1032.0,0.0,0.0,True,V1,1032.0,0.0,0.0
SPXW,20240725,True,,832.0,832.0,832.0,0.0,0.0,True,V1,832.0,0.0,0.0,1104.0,1104.0,1104.0,0.0,0.0,True,V1,1104.0,0.0,0.0
SPXW,20240726,True,,1104.0,1104.0,1104.0,0.0,0.0,True,V1,1104.0,0.0,0.0,1000.0,1000.0,1000.0,0.0,0.0,True,V1,1000.0,0.0,0.0
SPXW,20240729,True,,832.0,832.0,832.0,0.0,0.0,True,V1,832.0,0.0,0.0,1064.0,1064.0,1064.0,0.0,0.0,True,V1,1064.0,0.0,0.0
SPXW,20240730,True,,832.0,832.0,832.0,0.0,0.0,True,V1,832.0,0.0,0.0,1064.0,1064.0,1064.0,0.0,0.0,True,V1,1064.0,0.0,0.0
SPXW,20240731,True,,1684.0,1684.0,1684.0,0.0,0.0,True,V1,1684.0,0.0,0.0,1064.0,1064.0,1064.0,0.0,0.0,True,V1,1064.0,0.0,0.0
SPXW,20240801,True,,828.0,828.0,828.0,0.0,0.0,True,V1,828.0,0.0,0.0,1084.0,1084.0,1084.0,0.0,0.0,True,V1,1084.0,0.0,0.0
SPXW,20240802,True,,1084.0,1084.0,1084.0,0.0,0.0,True,V1,1084.0,0.0,0.0,980.0,980.0,980.0,0.0,0.0,True,V1,980.0,0.0,0.0
SPXW,20240805,True,,852.0,852.0,852.0,0.0,0.0,True,V1,852.0,0.0,0.0,1120.0,1120.0,1120.0,0.0,0.0,True,V1,1120.0,0.0,0.0
SPXW,20240806,True,,972.0,972.0,972.0,0.0,0.0,True,V1,972.0,0.0,0.0,1204.0,1204.0,1204.0,0.0,0.0,True,V1,1204.0,0.0,0.0
SPXW,20240807,True,,936.0,936.0,936.0,0.0,0.0,True,V1,936.0,0.0,0.0,1204.0,1204.0,1204.0,0.0,0.0,True,V1,1204.0,0.0,0.0
SPXW,20240808,True,,936.0,936.0,936.0,0.0,0.0,True,V1,936.0,0.0,0.0,1204.0,1204.0,1204.0,0.0,0.0,True,V1,1204.0,0.0,0.0
SPXW,20240809,True,,1204.0,1204.0,1204.0,0.0,0.0,True,V1,1204.0,0.0,0.0,1696.0,1696.0,1696.0,0.0,0.0,True,V1,1696.0,0.0,0.0
SPXW,20240812,True,,936.0,936.0,936.0,0.0,0.0,True,V1,936.0,0.0,0.0,1696.0,1696.0,1696.0,0.0,0.0,True,V1,1696.0,0.0,0.0
SPXW,20240813,True,,928.0,928.0,928.0,0.0,0.0,True,V1,928.0,0.0,0.0,1696.0,1696.0,1696.0,0.0,0.0,True,V1,1696.0,0.0,0.0
SPXW,20240814,True,,884.0,884.0,884.0,0.0,0.0,True,V1,884.0,0.0,0.0,1696.0,1696.0,1696.0,0.0,0.0,True,V1,1696.0,0.0,0.0
SPXW,20240815,True,,812.0,812.0,812.0,0.0,0.0,True,V1,812.0,0.0,0.0,1696.0,1696.0,1696.0,0.0,0.0,True,V1,1696.0,0.0,0.0
SPXW,20240816,True,,1696.0,1696.0,1696.0,0.0,0.0,True,V1,1696.0,0.0,0.0,1096.0,1096.0,1096.0,0.0,0.0,True,V1,1096.0,0.0,0.0
SPXW,20240819,True,,864.0,864.0,864.0,0.0,0.0,True,V1,864.0,0.0,0.0,1096.0,1096.0,1096.0,0.0,0.0,True,V1,1096.0,0.0,0.0
SPXW,20240820,True,,892.0,892.0,892.0,0.0,0.0,True,V1,892.0,0.0,0.0,1096.0,1096.0,1096.0,0.0,0.0,True,V1,1096.0,0.0,0.0
SPXW,20240821,True,,892.0,892.0,892.0,0.0,0.0,True,V1,892.0,0.0,0.0,1096.0,1096.0,1096.0,0.0,0.0,True,V1,1096.0,0.0,0.0
SPXW,20240822,True,,868.0,868.0,868.0,0.0,0.0,True,V1,868.0,0.0,0.0,1096.0,1096.0,1096.0,0.0,0.0,True,V1,1096.0,0.0,0.0
SPXW,20240823,True,,1096.0,1096.0,1096.0,0.0,0.0,True,V1,1096.0,0.0,0.0,1524.0,1524.0,1524.0,0.0,0.0,True,V1,1524.0,0.0,0.0
SPXW,20240826,True,,876.0,876.0,876.0,0.0,0.0,True,V1,876.0,0.0,0.0,1524.0,1524.0,1524.0,0.0,0.0,True,V1,1524.0,0.0,0.0
SPXW,20240827,True,,872.0,872.0,872.0,0.0,0.0,True,V1,872.0,0.0,0.0,1524.0,1524.0,1524.0,0.0,0.0,True,V1,1524.0,0.0,0.0
SPXW,20240828,True,,864.0,864.0,864.0,0.0,0.0,True,V1,864.0,0.0,0.0,1524.0,1524.0,1524.0,0.0,0.0,True,V1,1524.0,0.0,0.0
SPXW,20240829,True,,832.0,832.0,832.0,0.0,0.0,True,V1,832.0,0.0,0.0,1524.0,1524.0,1524.0,0.0,0.0,True,V1,1524.0,0.0,0.0
SPXW,20240830,True,,1524.0,1524.0,1524.0,0.0,0.0,True,V1,1524.0,0.0,0.0,1112.0,1112.0,1112.0,0.0,0.0,True,V1,1112.0,0.0,0.0
SPXW,20240903,True,,872.0,872.0,872.0,0.0,0.0,True,V1,872.0,0.0,0.0,1112.0,1112.0,1112.0,0.0,0.0,True,V1,1112.0,0.0,0.0
SPXW,20240904,True,,840.0,840.0,840.0,0.0,0.0,True,V1,840.0,0.0,0.0,1112.0,1112.0,1112.0,0.0,0.0,True,V1,1112.0,0.0,0.0
SPXW,20240905,True,,800.0,800.0,800.0,0.0,0.0,True,V1,800.0,0.0,0.0,1112.0,1112.0,1112.0,0.0,0.0,True,V1,1112.0,0.0,0.0
SPXW,20240906,True,,1112.0,1112.0,1112.0,0.0,0.0,True,V1,1112.0,0.0,0.0,1008.0,1008.0,1008.0,0.0,0.0,True,V1,1008.0,0.0,0.0
SPXW,20240909,True,,820.0,820.0,820.0,0.0,0.0,True,V1,820.0,0.0,0.0,1008.0,1008.0,1008.0,0.0,0.0,True,V1,1008.0,0.0,0.0
SPXW,20240910,True,,828.0,828.0,828.0,0.0,0.0,True,V1,828.0,0.0,0.0,1044.0,1044.0,1044.0,0.0,0.0,True,V1,1044.0,0.0,0.0
SPXW,20240911,True,,820.0,820.0,820.0,0.0,0.0,True,V1,820.0,0.0,0.0,1044.0,1044.0,1044.0,0.0,0.0,True,V1,1044.0,0.0,0.0
SPXW,20240912,True,,820.0,820.0,820.0,0.0,0.0,True,V1,820.0,0.0,0.0,1058.0,1058.0,1058.0,0.0,0.0,True,V1,1058.0,0.0,0.0
SPXW,20240913,True,,1072.0,1072.0,1072.0,0.0,0.0,True,V1,1072.0,0.0,0.0,1620.0,1620.0,1620.0,0.0,0.0,True,V1,1620.0,0.0,0.0
SPXW,20240916,True,,792.0,792.0,792.0,0.0,0.0,True,V1,792.0,0.0,0.0,1620.0,1620.0,1620.0,0.0,0.0,True,V1,1620.0,0.0,0.0
SPXW,20240917,True,,784.0,784.0,784.0,0.0,0.0,True,V1,784.0,0.0,0.0,1620.0,1620.0,1620.0,0.0,0.0,True,V1,1620.0,0.0,0.0
SPXW,20240918,True,,760.0,760.0,760.0,0.0,0.0,True,V1,760.0,0.0,0.0,1620.0,1620.0,1620.0,0.0,0.0,True,V1,1620.0,0.0,0.0
SPXW,20240919,True,,760.0,760.0,760.0,0.0,0.0,True,V1,760.0,0.0,0.0,1620.0,1620.0,1620.0,0.0,0.0,True,V1,1620.0,0.0,0.0
SPXW,20240920,True,,1620.0,1620.0,1620.0,0.0,0.0,True,V1,1620.0,0.0,0.0,1072.0,1072.0,1072.0,0.0,0.0,True,V1,1072.0,0.0,0.0
SPXW,20240923,True,,804.0,804.0,804.0,0.0,0.0,True,V1,804.0,0.0,0.0,1072.0,1072.0,1072.0,0.0,0.0,True,V1,1072.0,0.0,0.0
SPXW,20240924,True,,788.0,788.0,788.0,0.0,0.0,True,V1,788.0,0.0,0.0,1072.0,1072.0,1072.0,0.0,0.0,True,V1,1072.0,0.0,0.0
SPXW,20240925,True,,792.0,792.0,792.0,0.0,0.0,True,V1,792.0,0.0,0.0,1072.0,1072.0,1072.0,0.0,0.0,True,V1,1072.0,0.0,0.0
SPXW,20240926,True,,796.0,796.0,796.0,0.0,0.0,True,V1,796.0,0.0,0.0,1072.0,1072.0,1072.0,0.0,0.0,True,V1,1072.0,0.0,0.0
SPXW,20240927,True,,1072.0,1072.0,1072.0,0.0,0.0,True,V1,1072.0,0.0,0.0,992.0,992.0,992.0,0.0,0.0,True,V1,992.0,0.0,0.0
SPXW,20240930,True,,1872.0,1872.0,1872.0,0.0,0.0,True,V1,1872.0,0.0,0.0,1036.0,1036.0,1036.0,0.0,0.0,True,V1,1036.0,0.0,0.0
SPXW,20241001,True,,788.0,788.0,788.0,0.0,0.0,True,V1,788.0,0.0,0.0,1036.0,1036.0,1036.0,0.0,0.0,True,V1,1036.0,0.0,0.0
SPXW,20241002,True,,780.0,780.0,780.0,0.0,0.0,True,V1,780.0,0.0,0.0,1036.0,1036.0,1036.0,0.0,0.0,True,V1,1036.0,0.0,0.0
SPXW,20241003,True,,776.0,776.0,776.0,0.0,0.0,True,V1,776.0,0.0,0.0,1036.0,1036.0,1036.0,0.0,0.0,True,V1,1036.0,0.0,0.0
SPXW,20241004,True,,1036.0,1036.0,1036.0,0.0,0.0,True,V1,1036.0,0.0,0.0,904.0,904.0,904.0,0.0,0.0,True,V1,904.0,0.0,0.0
SPXW,20241007,True,,744.0,744.0,744.0,0.0,0.0,True,V1,744.0,0.0,0.0,904.0,904.0,904.0,0.0,0.0,True,V1,904.0,0.0,0.0
SPXW,20241008,True,,756.0,756.0,756.0,0.0,0.0,True,V1,756.0,0.0,0.0,956.0,956.0,956.0,0.0,0.0,True,V1,956.0,0.0,0.0
SPXW,20241009,True,,740.0,740.0,740.0,0.0,0.0,True,V1,740.0,0.0,0.0,956.0,956.0,956.0,0.0,0.0,True,V1,956.0,0.0,0.0
SPXW,20241010,True,,776.0,776.0,776.0,0.0,0.0,True,V1,776.0,0.0,0.0,1032.0,1032.0,1032.0,0.0,0.0,True,V1,1032.0,0.0,0.0
SPXW,20241011,True,,1032.0,1032.0,1032.0,0.0,0.0,True,V1,1032.0,0.0,0.0,1808.0,1808.0,1808.0,0.0,0.0,True,V1,1808.0,0.0,0.0
SPXW,20241014,True,,784.0,784.0,784.0,0.0,0.0,True,V1,784.0,0.0,0.0,1808.0,1808.0,1808.0,0.0,0.0,True,V1,1808.0,0.0,0.0
SPXW,20241015,True,,800.0,800.0,800.0,0.0,0.0,True,V1,800.0,0.0,0.0,1808.0,1808.0,1808.0,0.0,0.0,True,V1,1808.0,0.0,0.0
SPXW,20241016,True,,788.0,788.0,788.0,0.0,0.0,True,V1,788.0,0.0,0.0,1808.0,1808.0,1808.0,0.0,0.0,True,V1,1808.0,0.0,0.0
SPXW,20241017,True,,780.0,780.0,780.0,0.0,0.0,True,V1,780.0,0.0,0.0,1808.0,1808.0,1808.0,0.0,0.0,True,V1,1808.0,0.0,0.0
SPXW,20241018,True,,1808.0,1808.0,1808.0,0.0,0.0,True,V1,1808.0,0.0,0.0,1044.0,1044.0,1044.0,0.0,0.0,True,V1,1044.0,0.0,0.0
SPXW,20241021,True,,744.0,744.0,744.0,0.0,0.0,True,V1,744.0,0.0,0.0,1044.0,1044.0,1044.0,0.0,0.0,True,V1,1044.0,0.0,0.0
SPXW,20241022,True,,756.0,756.0,756.0,0.0,0.0,True,V1,756.0,0.0,0.0,1044.0,1044.0,1044.0,0.0,0.0,True,V1,1044.0,0.0,0.0
SPXW,20241023,True,,732.0,732.0,732.0,0.0,0.0,True,V1,732.0,0.0,0.0,1044.0,1044.0,1044.0,0.0,0.0,True,V1,1044.0,0.0,0.0
SPXW,20241024,True,,756.0,756.0,756.0,0.0,0.0,True,V1,756.0,0.0,0.0,1068.0,1068.0,1068.0,0.0,0.0,True,V1,1068.0,0.0,0.0
SPXW,20241025,True,,1068.0,1068.0,1068.0,0.0,0.0,True,V1,1068.0,0.0,0.0,936.0,936.0,936.0,0.0,0.0,True,V1,936.0,0.0,0.0
SPXW,20241028,True,,744.0,744.0,744.0,0.0,0.0,True,V1,744.0,0.0,0.0,996.0,996.0,996.0,0.0,0.0,True,V1,996.0,0.0,0.0
SPXW,20241029,True,,752.0,752.0,752.0,0.0,0.0,True,V1,752.0,0.0,0.0,996.0,996.0,996.0,0.0,0.0,True,V1,996.0,0.0,0.0
SPXW,20241030,True,,732.0,732.0,732.0,0.0,0.0,True,V1,732.0,0.0,0.0,996.0,996.0,996.0,0.0,0.0,True,V1,996.0,0.0,0.0
SPXW,20241031,True,,1668.0,1668.0,1668.0,0.0,0.0,True,V1,1668.0,0.0,0.0,996.0,996.0,996.0,0.0,0.0,True,V1,996.0,0.0,0.0
SPXW,20241101,True,,996.0,996.0,996.0,0.0,0.0,True,V1,996.0,0.0,0.0,884.0,884.0,884.0,0.0,0.0,True,V1,884.0,0.0,0.0
SPXW,20241104,True,,788.0,788.0,788.0,0.0,0.0,True,V1,788.0,0.0,0.0,1008.0,1008.0,1008.0,0.0,0.0,True,V1,1008.0,0.0,0.0
SPXW,20241105,True,,820.0,820.0,820.0,0.0,0.0,True,V1,820.0,0.0,0.0,1008.0,1008.0,1008.0,0.0,0.0,True,V1,1008.0,0.0,0.0
SPXW,20241106,True,,792.0,792.0,792.0,0.0,0.0,True,V1,792.0,0.0,0.0,1016.0,1016.0,1016.0,0.0,0.0,True,V1,1016.0,0.0,0.0
SPXW,20241107,True,,876.0,876.0,876.0,0.0,0.0,True,V1,876.0,0.0,0.0,1124.0,1124.0,1124.0,0.0,0.0,True,V1,1124.0,0.0,0.0
SPXW,20241108,True,,1124.0,1124.0,1124.0,0.0,0.0,True,V1,1124.0,0.0,0.0,1740.0,1740.0,1740.0,0.0,0.0,True,V1,1740.0,0.0,0.0
SPXW,20241111,True,,916.0,916.0,916.0,0.0,0.0,True,V1,916.0,0.0,0.0,1740.0,1740.0,1740.0,0.0,0.0,True,V1,1740.0,0.0,0.0
SPXW,20241112,True,,880.0,880.0,880.0,0.0,0.0,True,V1,880.0,0.0,0.0,1740.0,1740.0,1740.0,0.0,0.0,True,V1,1740.0,0.0,0.0
SPXW,20241113,True,,852.0,852.0,852.0,0.0,0.0,True,V1,852.0,0.0,0.0,1740.0,1740.0,1740.0,0.0,0.0,True,V1,1740.0,0.0,0.0
SPXW,20241114,True,,852.0,852.0,852.0,0.0,0.0,True,V1,852.0,0.0,0.0,1740.0,1740.0,1740.0,0.0,0.0,True,V1,1740.0,0.0,0.0
SPXW,20241115,True,,1740.0,1740.0,1740.0,0.0,0.0,True,V1,1740.0,0.0,0.0,1092.0,1092.0,1092.0,0.0,0.0,True,V1,1092.0,0.0,0.0
SPXW,20241118,True,,848.0,848.0,848.0,0.0,0.0,True,V1,848.0,0.0,0.0,1092.0,1092.0,1092.0,0.0,0.0,True,V1,1092.0,0.0,0.0
SPXW,20241119,True,,812.0,812.0,812.0,0.0,0.0,True,V1,812.0,0.0,0.0,1092.0,1092.0,1092.0,0.0,0.0,True,V1,1092.0,0.0,0.0
SPXW,20241120,True,,808.0,808.0,808.0,0.0,0.0,True,V1,808.0,0.0,0.0,1092.0,1092.0,1092.0,0.0,0.0,True,V1,1092.0,0.0,0.0
SPXW,20241121,True,,780.0,780.0,780.0,0.0,0.0,True,V1,780.0,0.0,0.0,1092.0,1092.0,1092.0,0.0,0.0,True,V1,1092.0,0.0,0.0
SPXW,20241122,True,,1092.0,1092.0,1092.0,0.0,0.0,True,V1,1092.0,0.0,0.0,1668.0,1668.0,1668.0,0.0,0.0,True,V1,1668.0,0.0,0.0
SPXW,20241125,True,,784.0,784.0,784.0,0.0,0.0,True,V1,784.0,0.0,0.0,1668.0,1668.0,1668.0,0.0,0.0,True,V1,1668.0,0.0,0.0
SPXW,20241126,True,,788.0,788.0,788.0,0.0,0.0,True,V1,788.0,0.0,0.0,1668.0,1668.0,1668.0,0.0,0.0,True,V1,1668.0,0.0,0.0
SPXW,20241127,True,,804.0,804.0,804.0,0.0,0.0,True,V1,804.0,0.0,0.0,1668.0,1668.0,1668.0,0.0,0.0,True,V1,1668.0,0.0,0.0
SPXW,20241129,True,,1668.0,1668.0,1668.0,0.0,0.0,True,V1,1668.0,0.0,0.0,1016.0,1016.0,1016.0,0.0,0.0,True,V1,1016.0,0.0,0.0
SPXW,20241202,True,,776.0,776.0,776.0,0.0,0.0,True,V1,776.0,0.0,0.0,1072.0,1072.0,1072.0,0.0,0.0,True,V1,1072.0,0.0,0.0
SPXW,20241203,True,,784.0,784.0,784.0,0.0,0.0,True,V1,784.0,0.0,0.0,1072.0,1072.0,1072.0,0.0,0.0,True,V1,1072.0,0.0,0.0
SPXW,20241204,True,,776.0,776.0,776.0,0.0,0.0,True,V1,776.0,0.0,0.0,1076.0,1076.0,1076.0,0.0,0.0,True,V1,1076.0,0.0,0.0
SPXW,20241205,True,,804.0,804.0,804.0,0.0,0.0,True,V1,804.0,0.0,0.0,1120.0,1120.0,1120.0,0.0,0.0,True,V1,1120.0,0.0,0.0
SPXW,20241206,True,,1120.0,1120.0,1120.0,0.0,0.0,True,V1,1120.0,0.0,0.0,1008.0,1008.0,1008.0,0.0,0.0,True,V1,1008.0,0.0,0.0
SPXW,20241209,True,,776.0,776.0,776.0,0.0,0.0,True,V1,776.0,0.0,0.0,1008.0,1008.0,1008.0,0.0,0.0,True,V1,1008.0,0.0,0.0
SPXW,20241210,True,,784.0,784.0,784.0,0.0,0.0,True,V1,784.0,0.0,0.0,1008.0,1008.0,1008.0,0.0,0.0,True,V1,1008.0,0.0,0.0
SPXW,20241211,True,,780.0,780.0,780.0,0.0,0.0,True,V1,780.0,0.0,0.0,1008.0,1008.0,1008.0,0.0,0.0,True,V1,1008.0,0.0,0.0
SPXW,20241212,True,,780.0,780.0,780.0,0.0,0.0,True,V1,780.0,0.0,0.0,1008.0,1008.0,1008.0,0.0,0.0,True,V1,1008.0,0.0,0.0
SPXW,20241213,True,,1008.0,1008.0,1008.0,0.0,0.0,True,V1,1008.0,0.0,0.0,1776.0,1776.0,1776.0,0.0,0.0,True,V1,1776.0,0.0,0.0
SPXW,20241216,True,,772.0,772.0,772.0,0.0,0.0,True,V1,772.0,0.0,0.0,1776.0,1776.0,1776.0,0.0,0.0,True,V1,1776.0,0.0,0.0
SPXW,20241217,True,,780.0,780.0,780.0,0.0,0.0,True,V1,780.0,0.0,0.0,1776.0,1776.0,1776.0,0.0,0.0,True,V1,1776.0,0.0,0.0
SPXW,20241218,True,,760.0,760.0,760.0,0.0,0.0,True,V1,760.0,0.0,0.0,1776.0,1776.0,1776.0,0.0,0.0,True,V1,1776.0,0.0,0.0
SPXW,20241219,True,,880.0,880.0,880.0,0.0,0.0,True,V1,880.0,0.0,0.0,1776.0,1776.0,1776.0,0.0,0.0,True,V1,1776.0,0.0,0.0
SPXW,20241220,True,,1776.0,1776.0,1776.0,0.0,0.0,True,V1,1776.0,0.0,0.0,1096.0,1096.0,1096.0,0.0,0.0,True,V1,1096.0,0.0,0.0
SPXW,20241223,True,,876.0,876.0,876.0,0.0,0.0,True,V1,876.0,0.0,0.0,1104.0,1104.0,1104.0,0.0,0.0,True,V1,1104.0,0.0,0.0
SPXW,20241224,True,,860.0,860.0,860.0,0.0,0.0,True,V1,860.0,0.0,0.0,1104.0,1104.0,1104.0,0.0,0.0,True,V1,1104.0,0.0,0.0
SPXW,20241226,True,,832.0,832.0,832.0,0.0,0.0,True,V1,832.0,0.0,0.0,1104.0,1104.0,1104.0,0.0,0.0,True,V1,1104.0,0.0,0.0
SPXW,20241227,True,,1104.0,1104.0,1104.0,0.0,0.0,True,V1,1104.0,0.0,0.0,992.0,992.0,992.0,0.0,0.0,True,V1,992.0,0.0,0.0
SPXW,20241230,True,,768.0,768.0,768.0,0.0,0.0,True,V1,768.0,0.0,0.0,992.0,992.0,992.0,0.0,0.0,True,V1,992.0,0.0,0.0
SPXW,20241231,True,,1996.0,1996.0,1996.0,0.0,0.0,True,V1,1996.0,0.0,0.0,1080.0,1080.0,1080.0,0.0,0.0,True,V1,1080.0,0.0,0.0
SPXW,20250102,True,,844.0,844.0,844.0,0.0,0.0,True,V1,844.0,0.0,0.0,1080.0,1080.0,1080.0,0.0,0.0,True,V1,1080.0,0.0,0.0
SPXW,20250103,True,,1080.0,1080.0,1080.0,0.0,0.0,True,V1,1080.0,0.0,0.0,924.0,924.0,924.0,0.0,0.0,True,V1,924.0,0.0,0.0
SPXW,20250106,True,,808.0,808.0,808.0,0.0,0.0,True,V1,808.0,0.0,0.0,1008.0,1008.0,1008.0,0.0,0.0,True,V1,1008.0,0.0,0.0
SPXW,20250107,True,,800.0,800.0,800.0,0.0,0.0,True,V1,800.0,0.0,0.0,1008.0,1008.0,1008.0,0.0,0.0,True,V1,1008.0,0.0,0.0
SPXW,20250108,True,,800.0,800.0,800.0,0.0,0.0,True,V1,800.0,0.0,0.0,1008.0,1008.0,1008.0,0.0,0.0,True,V1,1008.0,0.0,0.0
SPXW,20250110,True,,1008.0,1008.0,1008.0,0.0,0.0,True,V1,1008.0,0.0,0.0,1732.0,1732.0,1732.0,0.0,0.0,True,V1,1732.0,0.0,0.0
SPXW,20250113,True,,828.0,828.0,828.0,0.0,0.0,True,V1,828.0,0.0,0.0,1732.0,1732.0,1732.0,0.0,0.0,True,V1,1732.0,0.0,0.0
SPXW,20250114,True,,808.0,808.0,808.0,0.0,0.0,True,V1,808.0,0.0,0.0,1732.0,1732.0,1732.0,0.0,0.0,True,V1,1732.0,0.0,0.0
SPXW,20250115,True,,808.0,808.0,808.0,0.0,0.0,True,V1,808.0,0.0,0.0,1732.0,1732.0,1732.0,0.0,0.0,True,V1,1732.0,0.0,0.0
SPXW,20250116,True,,808.0,808.0,808.0,0.0,0.0,True,V1,808.0,0.0,0.0,1732.0,1732.0,1732.0,0.0,0.0,True,V1,1732.0,0.0,0.0
SPXW,20250117,True,,1732.0,1732.0,1732.0,0.0,0.0,True,V1,1732.0,0.0,0.0,1100.0,1100.0,1100.0,0.0,0.0,True,V1,1100.0,0.0,0.0
SPXW,20250121,True,,844.0,844.0,844.0,0.0,0.0,True,V1,844.0,0.0,0.0,1100.0,1100.0,1100.0,0.0,0.0,True,V1,1100.0,0.0,0.0
SPXW,20250122,True,,812.0,812.0,812.0,0.0,0.0,True,V1,812.0,0.0,0.0,1100.0,1100.0,1100.0,0.0,0.0,True,V1,1100.0,0.0,0.0
SPXW,20250123,True,,840.0,840.0,840.0,0.0,0.0,True,V1,840.0,0.0,0.0,1224.0,1224.0,1224.0,0.0,0.0,True,V1,1224.0,0.0,0.0
SPXW,20250124,True,,1224.0,1224.0,1224.0,0.0,0.0,True,V1,1224.0,0.0,0.0,1676.0,1676.0,1676.0,0.0,0.0,True,V1,1676.0,0.0,0.0
SPXW,20250127,True,,848.0,848.0,848.0,0.0,0.0,True,V1,848.0,0.0,0.0,1676.0,1676.0,1676.0,0.0,0.0,True,V1,1676.0,0.0,0.0
SPXW,20250128,True,,848.0,848.0,848.0,0.0,0.0,True,V1,848.0,0.0,0.0,1676.0,1676.0,1676.0,0.0,0.0,True,V1,1676.0,0.0,0.0
SPXW,20250129,True,,816.0,816.0,816.0,0.0,0.0,True,V1,816.0,0.0,0.0,1676.0,1676.0,1676.0,0.0,0.0,True,V1,1676.0,0.0,0.0
SPXW,20250130,True,,816.0,816.0,816.0,0.0,0.0,True,V1,816.0,0.0,0.0,1676.0,1676.0,1676.0,0.0,0.0,True,V1,1676.0,0.0,0.0
SPXW,20250131,True,,1676.0,1676.0,1676.0,0.0,0.0,True,V1,1676.0,0.0,0.0,1140.0,1140.0,1140.0,0.0,0.0,True,V1,1140.0,0.0,0.0
SPXW,20250203,True,,776.0,776.0,776.0,0.0,0.0,True,V1,776.0,0.0,0.0,1140.0,1140.0,1140.0,0.0,0.0,True,V1,1140.0,0.0,0.0
SPXW,20250204,True,,800.0,800.0,800.0,0.0,0.0,True,V1,800.0,0.0,0.0,1140.0,1140.0,1140.0,0.0,0.0,True,V1,1140.0,0.0,0.0
SPXW,20250205,True,,792.0,792.0,792.0,0.0,0.0,True,V1,792.0,0.0,0.0,1140.0,1140.0,1140.0,0.0,0.0,True,V1,1140.0,0.0,0.0
SPXW,20250206,True,,792.0,792.0,792.0,0.0,0.0,True,V1,792.0,0.0,0.0,1140.0,1140.0,1140.0,0.0,0.0,True,V1,1140.0,0.0,0.0
SPXW,20250207,True,,1140.0,1140.0,1140.0,0.0,0.0,True,V1,1140.0,0.0,0.0,1028.0,1028.0,1028.0,0.0,0.0,True,V1,1028.0,0.0,0.0
SPXW,20250210,True,,804.0,804.0,804.0,0.0,0.0,True,V1,804.0,0.0,0.0,1028.0,1028.0,1028.0,0.0,0.0,True,V1,1028.0,0.0,0.0
SPXW,20250211,True,,784.0,784.0,784.0,0.0,0.0,True,V1,784.0,0.0,0.0,1028.0,1028.0,1028.0,0.0,0.0,True,V1,1028.0,0.0,0.0
SPXW,20250212,True,,776.0,776.0,776.0,0.0,0.0,True,V1,776.0,0.0,0.0,1028.0,1028.0,1028.0,0.0,0.0,True,V1,1028.0,0.0,0.0
SPXW,20250213,True,,776.0,776.0,776.0,0.0,0.0,True,V1,776.0,0.0,0.0,1028.0,1028.0,1028.0,0.0,0.0,True,V1,1028.0,0.0,0.0
SPXW,20250214,True,,1028.0,1028.0,1028.0,0.0,0.0,True,V1,1028.0,0.0,0.0,1632.0,1632.0,1632.0,0.0,0.0,True,V1,1632.0,0.0,0.0
SPXW,20250218,True,,796.0,796.0,796.0,0.0,0.0,True,V1,796.0,0.0,0.0,1632.0,1632.0,1632.0,0.0,0.0,True,V1,1632.0,0.0,0.0
SPXW,20250219,True,,796.0,796.0,796.0,0.0,0.0,True,V1,796.0,0.0,0.0,1632.0,1632.0,1632.0,0.0,0.0,True,V1,1632.0,0.0,0.0
SPXW,20250220,True,,764.0,764.0,764.0,0.0,0.0,True,V1,764.0,0.0,0.0,1632.0,1632.0,1632.0,0.0,0.0,True,V1,1632.0,0.0,0.0
SPXW,20250221,True,,1632.0,1632.0,1632.0,0.0,0.0,True,V1,1632.0,0.0,0.0,1604.0,1604.0,1604.0,0.0,0.0,True,V1,1604.0,0.0,0.0
SPXW,20250224,True,,836.0,836.0,836.0,0.0,0.0,True,V1,836.0,0.0,0.0,1604.0,1604.0,1604.0,0.0,0.0,True,V1,1604.0,0.0,0.0
SPXW,20250225,True,,858.0,858.0,860.0,2.0,2.0,True,V1R1_REPAIR,858.0,0.0,2.0,1604.0,1604.0,1604.0,0.0,0.0,True,V1,1604.0,0.0,0.0
SPXW,20250226,True,,876.0,876.0,876.0,0.0,0.0,True,V1,876.0,0.0,0.0,1604.0,1604.0,1604.0,0.0,0.0,True,V1,1604.0,0.0,0.0
SPXW,20250227,True,,860.0,860.0,860.0,0.0,0.0,True,V1,860.0,0.0,0.0,1604.0,1604.0,1604.0,0.0,0.0,True,V1,1604.0,0.0,0.0
SPXW,20250228,True,,1604.0,1604.0,1604.0,0.0,0.0,True,V1,1604.0,0.0,0.0,1196.0,1196.0,1196.0,0.0,0.0,True,V1,1196.0,0.0,0.0
SPXW,20250303,True,,892.0,892.0,892.0,0.0,0.0,True,V1,892.0,0.0,0.0,1196.0,1196.0,1196.0,0.0,0.0,True,V1,1196.0,0.0,0.0
SPXW,20250304,True,,900.0,900.0,900.0,0.0,0.0,True,V1,900.0,0.0,0.0,1196.0,1196.0,1196.0,0.0,0.0,True,V1,1196.0,0.0,0.0
SPXW,20250305,True,,956.0,956.0,956.0,0.0,0.0,True,V1,956.0,0.0,0.0,1232.0,1232.0,1232.0,0.0,0.0,True,V1,1232.0,0.0,0.0
SPXW,20250306,True,,940.0,940.0,940.0,0.0,0.0,True,V1,940.0,0.0,0.0,1276.0,1276.0,1276.0,0.0,0.0,True,V1,1276.0,0.0,0.0
SPXW,20250307,True,,1304.0,1304.0,1304.0,0.0,0.0,True,V1,1304.0,0.0,0.0,1172.0,1172.0,1172.0,0.0,0.0,True,V1,1172.0,0.0,0.0
SPXW,20250310,True,,960.0,960.0,960.0,0.0,0.0,True,V1,960.0,0.0,0.0,1172.0,1172.0,1172.0,0.0,0.0,True,V1,1172.0,0.0,0.0
SPXW,20250311,True,,1048.0,1048.0,1048.0,0.0,0.0,True,V1,1048.0,0.0,0.0,1344.0,1344.0,1344.0,0.0,0.0,True,V1,1344.0,0.0,0.0
SPXW,20250312,True,,1076.0,1076.0,1076.0,0.0,0.0,True,V1,1076.0,0.0,0.0,1344.0,1344.0,1344.0,0.0,0.0,True,V1,1344.0,0.0,0.0
SPXW,20250313,True,,1052.0,1052.0,1052.0,0.0,0.0,True,V1,1052.0,0.0,0.0,1344.0,1344.0,1344.0,0.0,0.0,True,V1,1344.0,0.0,0.0
SPXW,20250314,True,,1344.0,1344.0,1344.0,0.0,0.0,True,V1,1344.0,0.0,0.0,1860.0,1860.0,1860.0,0.0,0.0,True,V1,1860.0,0.0,0.0
SPXW,20250317,True,,1088.0,1088.0,1088.0,0.0,0.0,True,V1,1088.0,0.0,0.0,1860.0,1860.0,1860.0,0.0,0.0,True,V1,1860.0,0.0,0.0
SPXW,20250318,True,,1088.0,1088.0,1088.0,0.0,0.0,True,V1,1088.0,0.0,0.0,1860.0,1860.0,1860.0,0.0,0.0,True,V1,1860.0,0.0,0.0
SPXW,20250319,True,,1088.0,1088.0,1088.0,0.0,0.0,True,V1,1088.0,0.0,0.0,1860.0,1860.0,1860.0,0.0,0.0,True,V1,1860.0,0.0,0.0
SPXW,20250320,True,,1064.0,1064.0,1064.0,0.0,0.0,True,V1,1064.0,0.0,0.0,1860.0,1860.0,1860.0,0.0,0.0,True,V1,1860.0,0.0,0.0
SPXW,20250321,True,,1860.0,1860.0,1860.0,0.0,0.0,True,V1,1860.0,0.0,0.0,1268.0,1268.0,1268.0,0.0,0.0,True,V1,1268.0,0.0,0.0
SPXW,20250324,True,,956.0,956.0,956.0,0.0,0.0,True,V1,956.0,0.0,0.0,1268.0,1268.0,1268.0,0.0,0.0,True,V1,1268.0,0.0,0.0
SPXW,20250325,True,,940.0,940.0,940.0,0.0,0.0,True,V1,940.0,0.0,0.0,1268.0,1268.0,1268.0,0.0,0.0,True,V1,1268.0,0.0,0.0
SPXW,20250326,True,,928.0,928.0,928.0,0.0,0.0,True,V1,928.0,0.0,0.0,1268.0,1268.0,1268.0,0.0,0.0,True,V1,1268.0,0.0,0.0
SPXW,20250327,True,,900.0,900.0,900.0,0.0,0.0,True,V1,900.0,0.0,0.0,1268.0,1268.0,1268.0,0.0,0.0,True,V1,1268.0,0.0,0.0
SPXW,20250328,True,,1268.0,1268.0,1268.0,0.0,0.0,True,V1,1268.0,0.0,0.0,1156.0,1156.0,1156.0,0.0,0.0,True,V1,1156.0,0.0,0.0
SPXW,20250331,True,,1956.0,1956.0,1956.0,0.0,0.0,True,V1,1956.0,0.0,0.0,1200.0,1200.0,1200.0,0.0,0.0,True,V1,1200.0,0.0,0.0
SPXW,20250401,True,,888.0,888.0,888.0,0.0,0.0,True,V1,888.0,0.0,0.0,1200.0,1200.0,1200.0,0.0,0.0,True,V1,1200.0,0.0,0.0
SPXW,20250402,True,,832.0,832.0,832.0,0.0,0.0,True,V1,832.0,0.0,0.0,1200.0,1200.0,1200.0,0.0,0.0,True,V1,1200.0,0.0,0.0
SPXW,20250403,True,,816.0,816.0,816.0,0.0,0.0,True,V1,816.0,0.0,0.0,1280.0,1280.0,1280.0,0.0,0.0,True,V1,1280.0,0.0,0.0
SPXW,20250404,True,,1332.0,1332.0,1332.0,0.0,0.0,True,V1,1332.0,0.0,0.0,1112.0,1112.0,1112.0,0.0,0.0,True,V1,1112.0,0.0,0.0
SPXW,20250407,True,,1152.0,1152.0,1152.0,0.0,0.0,True,V1,1152.0,0.0,0.0,1408.0,1408.0,1408.0,0.0,0.0,True,V1,1408.0,0.0,0.0
SPXW,20250408,True,,1124.0,1124.0,1124.0,0.0,0.0,True,V1,1124.0,0.0,0.0,1420.0,1420.0,1420.0,0.0,0.0,True,V1,1420.0,0.0,0.0
SPXW,20250409,True,,1196.0,1196.0,1196.0,0.0,0.0,True,V1,1196.0,0.0,0.0,1472.0,1472.0,1472.0,0.0,0.0,True,V1,1472.0,0.0,0.0
SPXW,20250410,True,,1160.0,1160.0,1160.0,0.0,0.0,True,V1,1160.0,0.0,0.0,1472.0,1472.0,1472.0,0.0,0.0,True,V1,1472.0,0.0,0.0
SPXW,20250411,True,,1472.0,1472.0,1472.0,0.0,0.0,True,V1,1472.0,0.0,0.0,2096.0,2096.0,2096.0,0.0,0.0,True,V1,2096.0,0.0,0.0
SPXW,20250414,True,,1148.0,1148.0,1148.0,0.0,0.0,True,V1,1148.0,0.0,0.0,2096.0,2096.0,2096.0,0.0,0.0,True,V1,2096.0,0.0,0.0
SPXW,20250415,True,,1144.0,1144.0,1144.0,0.0,0.0,True,V1,1144.0,0.0,0.0,2096.0,2096.0,2096.0,0.0,0.0,True,V1,2096.0,0.0,0.0
SPXW,20250416,True,,1036.0,1036.0,1036.0,0.0,0.0,True,V1,1036.0,0.0,0.0,2096.0,2096.0,2096.0,0.0,0.0,True,V1,2096.0,0.0,0.0
SPXW,20250417,True,,2096.0,2096.0,2096.0,0.0,0.0,True,V1,2096.0,0.0,0.0,1192.0,1192.0,1192.0,0.0,0.0,True,V1,1192.0,0.0,0.0
SPXW,20250421,True,,1020.0,1020.0,1020.0,0.0,0.0,True,V1,1020.0,0.0,0.0,1192.0,1192.0,1192.0,0.0,0.0,True,V1,1192.0,0.0,0.0
SPXW,20250422,True,,1020.0,1020.0,1020.0,0.0,0.0,True,V1,1020.0,0.0,0.0,1192.0,1192.0,1192.0,0.0,0.0,True,V1,1192.0,0.0,0.0
SPXW,20250423,True,,956.0,956.0,956.0,0.0,0.0,True,V1,956.0,0.0,0.0,1192.0,1192.0,1192.0,0.0,0.0,True,V1,1192.0,0.0,0.0
SPXW,20250424,True,,892.0,892.0,892.0,0.0,0.0,True,V1,892.0,0.0,0.0,1192.0,1192.0,1192.0,0.0,0.0,True,V1,1192.0,0.0,0.0
SPXW,20250425,True,,1192.0,1192.0,1192.0,0.0,0.0,True,V1,1192.0,0.0,0.0,1060.0,1060.0,1060.0,0.0,0.0,True,V1,1060.0,0.0,0.0
SPXW,20250428,True,,940.0,940.0,940.0,0.0,0.0,True,V1,940.0,0.0,0.0,1092.0,1092.0,1092.0,0.0,0.0,True,V1,1092.0,0.0,0.0
SPXW,20250429,True,,924.0,924.0,924.0,0.0,0.0,True,V1,924.0,0.0,0.0,1092.0,1092.0,1092.0,0.0,0.0,True,V1,1092.0,0.0,0.0
SPXW,20250430,True,,1916.0,1916.0,1916.0,0.0,0.0,True,V1,1916.0,0.0,0.0,1104.0,1104.0,1104.0,0.0,0.0,True,V1,1104.0,0.0,0.0
SPXW,20250501,True,,884.0,884.0,884.0,0.0,0.0,True,V1,884.0,0.0,0.0,1108.0,1108.0,1108.0,0.0,0.0,True,V1,1108.0,0.0,0.0
SPXW,20250502,True,,1108.0,1108.0,1108.0,0.0,0.0,True,V1,1108.0,0.0,0.0,1004.0,1004.0,1004.0,0.0,0.0,True,V1,1004.0,0.0,0.0
SPXW,20250505,True,,908.0,908.0,908.0,0.0,0.0,True,V1,908.0,0.0,0.0,1104.0,1104.0,1104.0,0.0,0.0,True,V1,1104.0,0.0,0.0
SPXW,20250506,True,,928.0,928.0,928.0,0.0,0.0,True,V1,928.0,0.0,0.0,1104.0,1104.0,1104.0,0.0,0.0,True,V1,1104.0,0.0,0.0
SPXW,20250507,True,,888.0,888.0,888.0,0.0,0.0,True,V1,888.0,0.0,0.0,1104.0,1104.0,1104.0,0.0,0.0,True,V1,1104.0,0.0,0.0
SPXW,20250508,True,,896.0,896.0,896.0,0.0,0.0,True,V1,896.0,0.0,0.0,1104.0,1104.0,1104.0,0.0,0.0,True,V1,1104.0,0.0,0.0
SPXW,20250509,True,,1104.0,1104.0,1104.0,0.0,0.0,True,V1,1104.0,0.0,0.0,1976.0,1976.0,1976.0,0.0,0.0,True,V1,1976.0,0.0,0.0
SPXW,20250512,True,,872.0,872.0,872.0,0.0,0.0,True,V1,872.0,0.0,0.0,1976.0,1976.0,1976.0,0.0,0.0,True,V1,1976.0,0.0,0.0
SPXW,20250513,True,,996.0,996.0,996.0,0.0,0.0,True,V1,996.0,0.0,0.0,1976.0,1976.0,1976.0,0.0,0.0,True,V1,1976.0,0.0,0.0
SPXW,20250514,True,,956.0,956.0,956.0,0.0,0.0,True,V1,956.0,0.0,0.0,1976.0,1976.0,1976.0,0.0,0.0,True,V1,1976.0,0.0,0.0
SPXW,20250515,True,,940.0,940.0,940.0,0.0,0.0,True,V1,940.0,0.0,0.0,1976.0,1976.0,1976.0,0.0,0.0,True,V1,1976.0,0.0,0.0
SPXW,20250516,True,,1976.0,1976.0,1976.0,0.0,0.0,True,V1,1976.0,0.0,0.0,1168.0,1168.0,1168.0,0.0,0.0,True,V1,1168.0,0.0,0.0
SPXW,20250519,True,,952.0,952.0,952.0,0.0,0.0,True,V1,952.0,0.0,0.0,1208.0,1208.0,1208.0,0.0,0.0,True,V1,1208.0,0.0,0.0
SPXW,20250520,True,,952.0,952.0,952.0,0.0,0.0,True,V1,952.0,0.0,0.0,1212.0,1212.0,1212.0,0.0,0.0,True,V1,1212.0,0.0,0.0
SPXW,20250521,True,,940.0,940.0,940.0,0.0,0.0,True,V1,940.0,0.0,0.0,1228.0,1228.0,1228.0,0.0,0.0,True,V1,1228.0,0.0,0.0
SPXW,20250522,True,,940.0,940.0,940.0,0.0,0.0,True,V1,940.0,0.0,0.0,1228.0,1228.0,1228.0,0.0,0.0,True,V1,1228.0,0.0,0.0
SPXW,20250523,True,,1228.0,1228.0,1228.0,0.0,0.0,True,V1,1228.0,0.0,0.0,1856.0,1856.0,1856.0,0.0,0.0,True,V1,1856.0,0.0,0.0
SPXW,20250527,True,,916.0,916.0,916.0,0.0,0.0,True,V1,916.0,0.0,0.0,1856.0,1856.0,1856.0,0.0,0.0,True,V1,1856.0,0.0,0.0
SPXW,20250528,True,,812.0,812.0,812.0,0.0,0.0,True,V1,812.0,0.0,0.0,1856.0,1856.0,1856.0,0.0,0.0,True,V1,1856.0,0.0,0.0
SPXW,20250529,True,,796.0,796.0,796.0,0.0,0.0,True,V1,796.0,0.0,0.0,1856.0,1856.0,1856.0,0.0,0.0,True,V1,1856.0,0.0,0.0
SPXW,20250530,True,,1856.0,1856.0,1856.0,0.0,0.0,True,V1,1856.0,0.0,0.0,1108.0,1108.0,1108.0,0.0,0.0,True,V1,1108.0,0.0,0.0
SPXW,20250602,True,,748.0,748.0,748.0,0.0,0.0,True,V1,748.0,0.0,0.0,1108.0,1108.0,1108.0,0.0,0.0,True,V1,1108.0,0.0,0.0
SPXW,20250603,True,,748.0,748.0,748.0,0.0,0.0,True,V1,748.0,0.0,0.0,1124.0,1124.0,1124.0,0.0,0.0,True,V1,1124.0,0.0,0.0
SPXW,20250604,True,,752.0,752.0,752.0,0.0,0.0,True,V1,752.0,0.0,0.0,1144.0,1144.0,1144.0,0.0,0.0,True,V1,1144.0,0.0,0.0
SPXW,20250605,True,,752.0,752.0,752.0,0.0,0.0,True,V1,752.0,0.0,0.0,1144.0,1144.0,1144.0,0.0,0.0,True,V1,1144.0,0.0,0.0
SPXW,20250606,True,,1144.0,1144.0,1144.0,0.0,0.0,True,V1,1144.0,0.0,0.0,936.0,936.0,936.0,0.0,0.0,True,V1,936.0,0.0,0.0
SPXW,20250609,True,,744.0,744.0,744.0,0.0,0.0,True,V1,744.0,0.0,0.0,1004.0,1004.0,1004.0,0.0,0.0,True,V1,1004.0,0.0,0.0
SPXW,20250610,True,,768.0,768.0,768.0,0.0,0.0,True,V1,768.0,0.0,0.0,1008.0,1008.0,1008.0,0.0,0.0,True,V1,1008.0,0.0,0.0
SPXW,20250611,True,,772.0,772.0,772.0,0.0,0.0,True,V1,772.0,0.0,0.0,1036.0,1036.0,1036.0,0.0,0.0,True,V1,1036.0,0.0,0.0
SPXW,20250612,True,,800.0,800.0,800.0,0.0,0.0,True,V1,800.0,0.0,0.0,1036.0,1036.0,1036.0,0.0,0.0,True,V1,1036.0,0.0,0.0
SPXW,20250613,True,,1036.0,1036.0,1036.0,0.0,0.0,True,V1,1036.0,0.0,0.0,1892.0,1892.0,1892.0,0.0,0.0,True,V1,1892.0,0.0,0.0
SPXW,20250616,True,,760.0,760.0,760.0,0.0,0.0,True,V1,760.0,0.0,0.0,1892.0,1892.0,1892.0,0.0,0.0,True,V1,1892.0,0.0,0.0
SPXW,20250617,True,,772.0,772.0,772.0,0.0,0.0,True,V1,772.0,0.0,0.0,1892.0,1892.0,1892.0,0.0,0.0,True,V1,1892.0,0.0,0.0
SPXW,20250618,True,,772.0,772.0,772.0,0.0,0.0,True,V1,772.0,0.0,0.0,1892.0,1892.0,1892.0,0.0,0.0,True,V1,1892.0,0.0,0.0
SPXW,20250620,True,,1892.0,1892.0,1892.0,0.0,0.0,True,V1,1892.0,0.0,0.0,972.0,972.0,972.0,0.0,0.0,True,V1,972.0,0.0,0.0
SPXW,20250623,True,,764.0,764.0,764.0,0.0,0.0,True,V1,764.0,0.0,0.0,980.0,980.0,980.0,0.0,0.0,True,V1,980.0,0.0,0.0
SPXW,20250624,True,,740.0,740.0,740.0,0.0,0.0,True,V1,740.0,0.0,0.0,980.0,980.0,980.0,0.0,0.0,True,V1,980.0,0.0,0.0
SPXW,20250625,True,,764.0,764.0,764.0,0.0,0.0,True,V1,764.0,0.0,0.0,1024.0,1024.0,1024.0,0.0,0.0,True,V1,1024.0,0.0,0.0
SPXW,20250626,True,,816.0,816.0,816.0,0.0,0.0,True,V1,816.0,0.0,0.0,1024.0,1024.0,1024.0,0.0,0.0,True,V1,1024.0,0.0,0.0
SPXW,20250627,True,,1024.0,1024.0,1024.0,0.0,0.0,True,V1,1024.0,0.0,0.0,944.0,944.0,944.0,0.0,0.0,True,V1,944.0,0.0,0.0
SPXW,20250630,True,,1952.0,1952.0,1952.0,0.0,0.0,True,V1,1952.0,0.0,0.0,1000.0,1000.0,1000.0,0.0,0.0,True,V1,1000.0,0.0,0.0
SPXW,20250701,True,,808.0,808.0,808.0,0.0,0.0,True,V1,808.0,0.0,0.0,1020.0,1020.0,1020.0,0.0,0.0,True,V1,1020.0,0.0,0.0
SPXW,20250702,True,,832.0,832.0,832.0,0.0,0.0,True,V1,832.0,0.0,0.0,1020.0,1020.0,1020.0,0.0,0.0,True,V1,1020.0,0.0,0.0
SPXW,20250703,True,,1020.0,1020.0,1020.0,0.0,0.0,True,V1,1020.0,0.0,0.0,916.0,916.0,916.0,0.0,0.0,True,V1,916.0,0.0,0.0
SPXW,20250707,True,,808.0,808.0,808.0,0.0,0.0,True,V1,808.0,0.0,0.0,916.0,916.0,916.0,0.0,0.0,True,V1,916.0,0.0,0.0
SPXW,20250708,True,,792.0,792.0,792.0,0.0,0.0,True,V1,792.0,0.0,0.0,968.0,968.0,968.0,0.0,0.0,True,V1,968.0,0.0,0.0
SPXW,20250709,True,,788.0,788.0,788.0,0.0,0.0,True,V1,788.0,0.0,0.0,972.0,972.0,972.0,0.0,0.0,True,V1,972.0,0.0,0.0
SPXW,20250710,True,,792.0,792.0,792.0,0.0,0.0,True,V1,792.0,0.0,0.0,996.0,996.0,996.0,0.0,0.0,True,V1,996.0,0.0,0.0
SPXW,20250711,True,,996.0,996.0,996.0,0.0,0.0,True,V1,996.0,0.0,0.0,1936.0,1936.0,1936.0,0.0,0.0,True,V1,1936.0,0.0,0.0
SPXW,20250714,True,,808.0,808.0,808.0,0.0,0.0,True,V1,808.0,0.0,0.0,1936.0,1936.0,1936.0,0.0,0.0,True,V1,1936.0,0.0,0.0
SPXW,20250715,True,,808.0,808.0,808.0,0.0,0.0,True,V1,808.0,0.0,0.0,1936.0,1936.0,1936.0,0.0,0.0,True,V1,1936.0,0.0,0.0
SPXW,20250716,True,,800.0,800.0,800.0,0.0,0.0,True,V1,800.0,0.0,0.0,1936.0,1936.0,1936.0,0.0,0.0,True,V1,1936.0,0.0,0.0
SPXW,20250717,True,,800.0,800.0,800.0,0.0,0.0,True,V1,800.0,0.0,0.0,1936.0,1936.0,1936.0,0.0,0.0,True,V1,1936.0,0.0,0.0
SPXW,20250718,True,,1936.0,1936.0,1936.0,0.0,0.0,True,V1,1936.0,0.0,0.0,996.0,996.0,996.0,0.0,0.0,True,V1,996.0,0.0,0.0
SPXW,20250721,True,,804.0,804.0,804.0,0.0,0.0,True,V1,804.0,0.0,0.0,996.0,996.0,996.0,0.0,0.0,True,V1,996.0,0.0,0.0
SPXW,20250722,True,,804.0,804.0,804.0,0.0,0.0,True,V1,804.0,0.0,0.0,1000.0,1000.0,1000.0,0.0,0.0,True,V1,1000.0,0.0,0.0
SPXW,20250723,True,,796.0,796.0,796.0,0.0,0.0,True,V1,796.0,0.0,0.0,1008.0,1008.0,1008.0,0.0,0.0,True,V1,1008.0,0.0,0.0
SPXW,20250724,True,,788.0,788.0,788.0,0.0,0.0,True,V1,788.0,0.0,0.0,1056.0,1056.0,1056.0,0.0,0.0,True,V1,1056.0,0.0,0.0
SPXW,20250725,True,,1056.0,1056.0,1056.0,0.0,0.0,True,V1,1056.0,0.0,0.0,928.0,928.0,928.0,0.0,0.0,True,V1,928.0,0.0,0.0
SPXW,20250728,True,,816.0,816.0,816.0,0.0,0.0,True,V1,816.0,0.0,0.0,992.0,992.0,992.0,0.0,0.0,True,V1,992.0,0.0,0.0
SPXW,20250729,True,,836.0,836.0,836.0,0.0,0.0,True,V1,836.0,0.0,0.0,992.0,992.0,992.0,0.0,0.0,True,V1,992.0,0.0,0.0
SPXW,20250730,True,,804.0,804.0,804.0,0.0,0.0,True,V1,804.0,0.0,0.0,996.0,996.0,996.0,0.0,0.0,True,V1,996.0,0.0,0.0
SPXW,20250731,True,,1976.0,1976.0,1976.0,0.0,0.0,True,V1,1976.0,0.0,0.0,1000.0,1000.0,1000.0,0.0,0.0,True,V1,1000.0,0.0,0.0
SPXW,20250801,True,,1000.0,1000.0,1000.0,0.0,0.0,True,V1,1000.0,0.0,0.0,880.0,880.0,880.0,0.0,0.0,True,V1,880.0,0.0,0.0
SPXW,20250804,True,,796.0,796.0,796.0,0.0,0.0,True,V1,796.0,0.0,0.0,1036.0,1036.0,1036.0,0.0,0.0,True,V1,1036.0,0.0,0.0
SPXW,20250805,True,,844.0,844.0,844.0,0.0,0.0,True,V1,844.0,0.0,0.0,1036.0,1036.0,1036.0,0.0,0.0,True,V1,1036.0,0.0,0.0
SPXW,20250806,True,,832.0,832.0,832.0,0.0,0.0,True,V1,832.0,0.0,0.0,1036.0,1036.0,1036.0,0.0,0.0,True,V1,1036.0,0.0,0.0
SPXW,20250807,True,,820.0,820.0,820.0,0.0,0.0,True,V1,820.0,0.0,0.0,1052.0,1052.0,1052.0,0.0,0.0,True,V1,1052.0,0.0,0.0
SPXW,20250808,True,,1052.0,1052.0,1052.0,0.0,0.0,True,V1,1052.0,0.0,0.0,1928.0,1928.0,1928.0,0.0,0.0,True,V1,1928.0,0.0,0.0
SPXW,20250811,True,,784.0,784.0,784.0,0.0,0.0,True,V1,784.0,0.0,0.0,1928.0,1928.0,1928.0,0.0,0.0,True,V1,1928.0,0.0,0.0
SPXW,20250812,True,,812.0,812.0,812.0,0.0,0.0,True,V1,812.0,0.0,0.0,1928.0,1928.0,1928.0,0.0,0.0,True,V1,1928.0,0.0,0.0
SPXW,20250813,True,,788.0,788.0,788.0,0.0,0.0,True,V1,788.0,0.0,0.0,1928.0,1928.0,1928.0,0.0,0.0,True,V1,1928.0,0.0,0.0
SPXW,20250814,True,,832.0,832.0,832.0,0.0,0.0,True,V1,832.0,0.0,0.0,1928.0,1928.0,1928.0,0.0,0.0,True,V1,1928.0,0.0,0.0
SPXW,20250815,True,,1928.0,1928.0,1928.0,0.0,0.0,True,V1,1928.0,0.0,0.0,1052.0,1052.0,1052.0,0.0,0.0,True,V1,1052.0,0.0,0.0
SPXW,20250818,True,,840.0,840.0,840.0,0.0,0.0,True,V1,840.0,0.0,0.0,1052.0,1052.0,1052.0,0.0,0.0,True,V1,1052.0,0.0,0.0
SPXW,20250819,True,,800.0,800.0,800.0,0.0,0.0,True,V1,800.0,0.0,0.0,1052.0,1052.0,1052.0,0.0,0.0,True,V1,1052.0,0.0,0.0
SPXW,20250820,True,,796.0,796.0,796.0,0.0,0.0,True,V1,796.0,0.0,0.0,1052.0,1052.0,1052.0,0.0,0.0,True,V1,1052.0,0.0,0.0
SPXW,20250821,True,,816.0,816.0,816.0,0.0,0.0,True,V1,816.0,0.0,0.0,1052.0,1052.0,1052.0,0.0,0.0,True,V1,1052.0,0.0,0.0
SPXW,20250822,True,,1052.0,1052.0,1052.0,0.0,0.0,True,V1,1052.0,0.0,0.0,1636.0,1636.0,1636.0,0.0,0.0,True,V1,1636.0,0.0,0.0
SPXW,20250825,True,,824.0,824.0,824.0,0.0,0.0,True,V1,824.0,0.0,0.0,1636.0,1636.0,1636.0,0.0,0.0,True,V1,1636.0,0.0,0.0
SPXW,20250826,True,,840.0,840.0,840.0,0.0,0.0,True,V1,840.0,0.0,0.0,1636.0,1636.0,1636.0,0.0,0.0,True,V1,1636.0,0.0,0.0
SPXW,20250827,True,,840.0,840.0,840.0,0.0,0.0,True,V1,840.0,0.0,0.0,1636.0,1636.0,1636.0,0.0,0.0,True,V1,1636.0,0.0,0.0
SPXW,20250828,True,,840.0,840.0,840.0,0.0,0.0,True,V1,840.0,0.0,0.0,1636.0,1636.0,1636.0,0.0,0.0,True,V1,1636.0,0.0,0.0
SPXW,20250829,True,,1636.0,1636.0,1636.0,0.0,0.0,True,V1,1636.0,0.0,0.0,1052.0,1052.0,1052.0,0.0,0.0,True,V1,1052.0,0.0,0.0
SPXW,20250902,True,,832.0,832.0,832.0,0.0,0.0,True,V1,832.0,0.0,0.0,1052.0,1052.0,1052.0,0.0,0.0,True,V1,1052.0,0.0,0.0
SPXW,20250903,True,,816.0,816.0,816.0,0.0,0.0,True,V1,816.0,0.0,0.0,1064.0,1064.0,1064.0,0.0,0.0,True,V1,1064.0,0.0,0.0
SPXW,20250904,True,,848.0,848.0,848.0,0.0,0.0,True,V1,848.0,0.0,0.0,1064.0,1064.0,1064.0,0.0,0.0,True,V1,1064.0,0.0,0.0
SPXW,20250905,True,,1064.0,1064.0,1064.0,0.0,0.0,True,V1,1064.0,0.0,0.0,908.0,908.0,908.0,0.0,0.0,True,V1,908.0,0.0,0.0
SPXW,20250908,True,,844.0,844.0,844.0,0.0,0.0,True,V1,844.0,0.0,0.0,996.0,996.0,996.0,0.0,0.0,True,V1,996.0,0.0,0.0
SPXW,20250909,True,,844.0,844.0,844.0,0.0,0.0,True,V1,844.0,0.0,0.0,1004.0,1004.0,1004.0,0.0,0.0,True,V1,1004.0,0.0,0.0
SPXW,20250910,True,,812.0,812.0,812.0,0.0,0.0,True,V1,812.0,0.0,0.0,1016.0,1016.0,1016.0,0.0,0.0,True,V1,1016.0,0.0,0.0
SPXW,20250911,True,,804.0,804.0,804.0,0.0,0.0,True,V1,804.0,0.0,0.0,1032.0,1032.0,1032.0,0.0,0.0,True,V1,1032.0,0.0,0.0
SPXW,20250912,True,,1032.0,1032.0,1032.0,0.0,0.0,True,V1,1032.0,0.0,0.0,1776.0,1776.0,1776.0,0.0,0.0,True,V1,1776.0,0.0,0.0
SPXW,20250915,True,,844.0,844.0,844.0,0.0,0.0,True,V1,844.0,0.0,0.0,1776.0,1776.0,1776.0,0.0,0.0,True,V1,1776.0,0.0,0.0
SPXW,20250916,True,,832.0,832.0,832.0,0.0,0.0,True,V1,832.0,0.0,0.0,1776.0,1776.0,1776.0,0.0,0.0,True,V1,1776.0,0.0,0.0
SPXW,20250917,True,,852.0,852.0,852.0,0.0,0.0,True,V1,852.0,0.0,0.0,1776.0,1776.0,1776.0,0.0,0.0,True,V1,1776.0,0.0,0.0
SPXW,20250918,True,,852.0,852.0,852.0,0.0,0.0,True,V1,852.0,0.0,0.0,1776.0,1776.0,1776.0,0.0,0.0,True,V1,1776.0,0.0,0.0
SPXW,20250919,True,,1776.0,1776.0,1776.0,0.0,0.0,True,V1,1776.0,0.0,0.0,1044.0,1044.0,1044.0,0.0,0.0,True,V1,1044.0,0.0,0.0
SPXW,20250922,True,,824.0,824.0,824.0,0.0,0.0,True,V1,824.0,0.0,0.0,1072.0,1072.0,1072.0,0.0,0.0,True,V1,1072.0,0.0,0.0
SPXW,20250923,True,,856.0,856.0,856.0,0.0,0.0,True,V1,856.0,0.0,0.0,1100.0,1100.0,1100.0,0.0,0.0,True,V1,1100.0,0.0,0.0
SPXW,20250924,True,,876.0,876.0,876.0,0.0,0.0,True,V1,876.0,0.0,0.0,1100.0,1100.0,1100.0,0.0,0.0,True,V1,1100.0,0.0,0.0
SPXW,20250925,True,,860.0,860.0,860.0,0.0,0.0,True,V1,860.0,0.0,0.0,1100.0,1100.0,1100.0,0.0,0.0,True,V1,1100.0,0.0,0.0
SPXW,20250926,True,,1100.0,1100.0,1100.0,0.0,0.0,True,V1,1100.0,0.0,0.0,952.0,952.0,952.0,0.0,0.0,True,V1,952.0,0.0,0.0
SPXW,20250929,True,,868.0,868.0,868.0,0.0,0.0,True,V1,868.0,0.0,0.0,1016.0,1016.0,1016.0,0.0,0.0,True,V1,1016.0,0.0,0.0
SPXW,20250930,True,,2168.0,2168.0,2168.0,0.0,0.0,True,V1,2168.0,0.0,0.0,1032.0,1032.0,1032.0,0.0,0.0,True,V1,1032.0,0.0,0.0
SPXW,20251001,True,,848.0,848.0,848.0,0.0,0.0,True,V1,848.0,0.0,0.0,1048.0,1048.0,1048.0,0.0,0.0,True,V1,1048.0,0.0,0.0
SPXW,20251002,True,,864.0,864.0,864.0,0.0,0.0,True,V1,864.0,0.0,0.0,1068.0,1068.0,1068.0,0.0,0.0,True,V1,1068.0,0.0,0.0
SPXW,20251003,True,,1068.0,1068.0,1068.0,0.0,0.0,True,V1,1068.0,0.0,0.0,924.0,924.0,924.0,0.0,0.0,True,V1,924.0,0.0,0.0
SPXW,20251006,True,,860.0,860.0,860.0,0.0,0.0,True,V1,860.0,0.0,0.0,1028.0,1028.0,1028.0,0.0,0.0,True,V1,1028.0,0.0,0.0
SPXW,20251007,True,,844.0,844.0,844.0,0.0,0.0,True,V1,844.0,0.0,0.0,1044.0,1044.0,1044.0,0.0,0.0,True,V1,1044.0,0.0,0.0
SPXW,20251008,True,,832.0,832.0,832.0,0.0,0.0,True,V1,832.0,0.0,0.0,1044.0,1044.0,1044.0,0.0,0.0,True,V1,1044.0,0.0,0.0
SPXW,20251009,True,,828.0,828.0,828.0,0.0,0.0,True,V1,828.0,0.0,0.0,1056.0,1056.0,1056.0,0.0,0.0,True,V1,1056.0,0.0,0.0
SPXW,20251010,True,,1056.0,1056.0,1056.0,0.0,0.0,True,V1,1056.0,0.0,0.0,1668.0,1668.0,1668.0,0.0,0.0,True,V1,1668.0,0.0,0.0
SPXW,20251013,True,,844.0,844.0,844.0,0.0,0.0,True,V1,844.0,0.0,0.0,1668.0,1668.0,1668.0,0.0,0.0,True,V1,1668.0,0.0,0.0
SPXW,20251014,True,,936.0,936.0,936.0,0.0,0.0,True,V1,936.0,0.0,0.0,1668.0,1668.0,1668.0,0.0,0.0,True,V1,1668.0,0.0,0.0
SPXW,20251015,True,,940.0,940.0,940.0,0.0,0.0,True,V1,940.0,0.0,0.0,1668.0,1668.0,1668.0,0.0,0.0,True,V1,1668.0,0.0,0.0
SPXW,20251016,True,,920.0,920.0,920.0,0.0,0.0,True,V1,920.0,0.0,0.0,1668.0,1668.0,1668.0,0.0,0.0,True,V1,1668.0,0.0,0.0
SPXW,20251017,True,,1668.0,1668.0,1668.0,0.0,0.0,True,V1,1668.0,0.0,0.0,1100.0,1100.0,1100.0,0.0,0.0,True,V1,1100.0,0.0,0.0
SPXW,20251020,True,,840.0,840.0,840.0,0.0,0.0,True,V1,840.0,0.0,0.0,1100.0,1100.0,1100.0,0.0,0.0,True,V1,1100.0,0.0,0.0
SPXW,20251021,True,,840.0,840.0,840.0,0.0,0.0,True,V1,840.0,0.0,0.0,1132.0,1132.0,1132.0,0.0,0.0,True,V1,1132.0,0.0,0.0
SPXW,20251022,True,,872.0,872.0,872.0,0.0,0.0,True,V1,872.0,0.0,0.0,1132.0,1132.0,1132.0,0.0,0.0,True,V1,1132.0,0.0,0.0
SPXW,20251023,True,,872.0,872.0,872.0,0.0,0.0,True,V1,872.0,0.0,0.0,1132.0,1132.0,1132.0,0.0,0.0,True,V1,1132.0,0.0,0.0
SPXW,20251024,True,,1132.0,1132.0,1132.0,0.0,0.0,True,V1,1132.0,0.0,0.0,1728.0,1728.0,1728.0,0.0,0.0,True,V1,1728.0,0.0,0.0
SPXW,20251027,True,,828.0,828.0,828.0,0.0,0.0,True,V1,828.0,0.0,0.0,1768.0,1768.0,1768.0,0.0,0.0,True,V1,1768.0,0.0,0.0
SPXW,20251028,True,,876.0,876.0,876.0,0.0,0.0,True,V1,876.0,0.0,0.0,1816.0,1816.0,1816.0,0.0,0.0,True,V1,1816.0,0.0,0.0
SPXW,20251029,True,,944.0,944.0,944.0,0.0,0.0,True,V1,944.0,0.0,0.0,1816.0,1816.0,1816.0,0.0,0.0,True,V1,1816.0,0.0,0.0
SPXW,20251030,True,,936.0,936.0,936.0,0.0,0.0,True,V1,936.0,0.0,0.0,1816.0,1816.0,1816.0,0.0,0.0,True,V1,1816.0,0.0,0.0
SPXW,20251031,True,,1816.0,1816.0,1816.0,0.0,0.0,True,V1,1816.0,0.0,0.0,1172.0,1172.0,1172.0,0.0,0.0,True,V1,1172.0,0.0,0.0
SPXW,20251103,True,,884.0,884.0,884.0,0.0,0.0,True,V1,884.0,0.0,0.0,1172.0,1172.0,1172.0,0.0,0.0,True,V1,1172.0,0.0,0.0
SPXW,20251104,True,,884.0,884.0,884.0,0.0,0.0,True,V1,884.0,0.0,0.0,1172.0,1172.0,1172.0,0.0,0.0,True,V1,1172.0,0.0,0.0
SPXW,20251105,True,,884.0,884.0,884.0,0.0,0.0,True,V1,884.0,0.0,0.0,1172.0,1172.0,1172.0,0.0,0.0,True,V1,1172.0,0.0,0.0
SPXW,20251106,True,,884.0,884.0,884.0,0.0,0.0,True,V1,884.0,0.0,0.0,1172.0,1172.0,1172.0,0.0,0.0,True,V1,1172.0,0.0,0.0
SPXW,20251107,True,,1172.0,1172.0,1172.0,0.0,0.0,True,V1,1172.0,0.0,0.0,1024.0,1024.0,1024.0,0.0,0.0,True,V1,1024.0,0.0,0.0
SPXW,20251110,True,,916.0,916.0,916.0,0.0,0.0,True,V1,916.0,0.0,0.0,1096.0,1096.0,1096.0,0.0,0.0,True,V1,1096.0,0.0,0.0
SPXW,20251111,True,,896.0,896.0,896.0,0.0,0.0,True,V1,896.0,0.0,0.0,1104.0,1104.0,1104.0,0.0,0.0,True,V1,1104.0,0.0,0.0
SPXW,20251112,True,,900.0,900.0,900.0,0.0,0.0,True,V1,900.0,0.0,0.0,1112.0,1112.0,1112.0,0.0,0.0,True,V1,1112.0,0.0,0.0
SPXW,20251113,True,,912.0,912.0,912.0,0.0,0.0,True,V1,912.0,0.0,0.0,1120.0,1120.0,1120.0,0.0,0.0,True,V1,1120.0,0.0,0.0
SPXW,20251114,True,,1120.0,1120.0,1120.0,0.0,0.0,True,V1,1120.0,0.0,0.0,1756.0,1756.0,1756.0,0.0,0.0,True,V1,1756.0,0.0,0.0
SPXW,20251117,True,,900.0,900.0,900.0,0.0,0.0,True,V1,900.0,0.0,0.0,1756.0,1756.0,1756.0,0.0,0.0,True,V1,1756.0,0.0,0.0
SPXW,20251118,True,,900.0,900.0,900.0,0.0,0.0,True,V1,900.0,0.0,0.0,1756.0,1756.0,1756.0,0.0,0.0,True,V1,1756.0,0.0,0.0
SPXW,20251119,True,,940.0,940.0,940.0,0.0,0.0,True,V1,940.0,0.0,0.0,1756.0,1756.0,1756.0,0.0,0.0,True,V1,1756.0,0.0,0.0
SPXW,20251120,True,,924.0,924.0,924.0,0.0,0.0,True,V1,924.0,0.0,0.0,1756.0,1756.0,1756.0,0.0,0.0,True,V1,1756.0,0.0,0.0
SPXW,20251121,True,,1756.0,1756.0,1756.0,0.0,0.0,True,V1,1756.0,0.0,0.0,1764.0,1764.0,1764.0,0.0,0.0,True,V1,1764.0,0.0,0.0
SPXW,20251124,True,,984.0,984.0,984.0,0.0,0.0,True,V1,984.0,0.0,0.0,1764.0,1764.0,1764.0,0.0,0.0,True,V1,1764.0,0.0,0.0
SPXW,20251125,True,,984.0,984.0,984.0,0.0,0.0,True,V1,984.0,0.0,0.0,1764.0,1764.0,1764.0,0.0,0.0,True,V1,1764.0,0.0,0.0
SPXW,20251126,True,,984.0,984.0,984.0,0.0,0.0,True,V1,984.0,0.0,0.0,1764.0,1764.0,1764.0,0.0,0.0,True,V1,1764.0,0.0,0.0
SPXW,20251128,True,,1764.0,1764.0,1764.0,0.0,0.0,True,V1,1764.0,0.0,0.0,1224.0,1224.0,1224.0,0.0,0.0,True,V1,1224.0,0.0,0.0
SPXW,20251201,True,,924.0,924.0,924.0,0.0,0.0,True,V1,924.0,0.0,0.0,1248.0,1248.0,1248.0,0.0,0.0,True,V1,1248.0,0.0,0.0
SPXW,20251202,True,,944.0,944.0,944.0,0.0,0.0,True,V1,944.0,0.0,0.0,1248.0,1248.0,1248.0,0.0,0.0,True,V1,1248.0,0.0,0.0
SPXW,20251203,True,,944.0,944.0,944.0,0.0,0.0,True,V1,944.0,0.0,0.0,1248.0,1248.0,1248.0,0.0,0.0,True,V1,1248.0,0.0,0.0
SPXW,20251204,True,,940.0,940.0,940.0,0.0,0.0,True,V1,940.0,0.0,0.0,1252.0,1252.0,1252.0,0.0,0.0,True,V1,1252.0,0.0,0.0
SPXW,20251205,True,,1252.0,1252.0,1252.0,0.0,0.0,True,V1,1252.0,0.0,0.0,1104.0,1104.0,1104.0,0.0,0.0,True,V1,1104.0,0.0,0.0
SPXW,20251208,True,,884.0,884.0,884.0,0.0,0.0,True,V1,884.0,0.0,0.0,1164.0,1164.0,1164.0,0.0,0.0,True,V1,1164.0,0.0,0.0
SPXW,20251209,True,,888.0,888.0,888.0,0.0,0.0,True,V1,888.0,0.0,0.0,1164.0,1164.0,1164.0,0.0,0.0,True,V1,1164.0,0.0,0.0
SPXW,20251210,True,,888.0,888.0,888.0,0.0,0.0,True,V1,888.0,0.0,0.0,1164.0,1164.0,1164.0,0.0,0.0,True,V1,1164.0,0.0,0.0
SPXW,20251211,True,,888.0,888.0,888.0,0.0,0.0,True,V1,888.0,0.0,0.0,1184.0,1184.0,1184.0,0.0,0.0,True,V1,1184.0,0.0,0.0
SPXW,20251212,True,,1184.0,1184.0,1184.0,0.0,0.0,True,V1,1184.0,0.0,0.0,1804.0,1804.0,1804.0,0.0,0.0,True,V1,1804.0,0.0,0.0
SPXW,20251215,True,,892.0,892.0,892.0,0.0,0.0,True,V1,892.0,0.0,0.0,1804.0,1804.0,1804.0,0.0,0.0,True,V1,1804.0,0.0,0.0
SPXW,20251216,True,,892.0,892.0,892.0,0.0,0.0,True,V1,892.0,0.0,0.0,1804.0,1804.0,1804.0,0.0,0.0,True,V1,1804.0,0.0,0.0
SPXW,20251217,True,,896.0,896.0,896.0,0.0,0.0,True,V1,896.0,0.0,0.0,1804.0,1804.0,1804.0,0.0,0.0,True,V1,1804.0,0.0,0.0
SPXW,20251218,True,,904.0,904.0,904.0,0.0,0.0,True,V1,904.0,0.0,0.0,1804.0,1804.0,1804.0,0.0,0.0,True,V1,1804.0,0.0,0.0
SPXW,20251219,True,,1804.0,1804.0,1804.0,0.0,0.0,True,V1,1804.0,0.0,0.0,1116.0,1116.0,1116.0,0.0,0.0,True,V1,1116.0,0.0,0.0
SPXW,20251222,True,,908.0,908.0,908.0,0.0,0.0,True,V1,908.0,0.0,0.0,1116.0,1116.0,1116.0,0.0,0.0,True,V1,1116.0,0.0,0.0
SPXW,20251223,True,,908.0,908.0,908.0,0.0,0.0,True,V1,908.0,0.0,0.0,1144.0,1144.0,1144.0,0.0,0.0,True,V1,1144.0,0.0,0.0
SPXW,20251224,True,,936.0,936.0,936.0,0.0,0.0,True,V1,936.0,0.0,0.0,1172.0,1172.0,1172.0,0.0,0.0,True,V1,1172.0,0.0,0.0
SPXW,20251226,True,,1172.0,1172.0,1172.0,0.0,0.0,True,V1,1172.0,0.0,0.0,1048.0,1048.0,1048.0,0.0,0.0,True,V1,1048.0,0.0,0.0
SPXW,20251229,True,,876.0,876.0,876.0,0.0,0.0,True,V1,876.0,0.0,0.0,1096.0,1096.0,1096.0,0.0,0.0,True,V1,1096.0,0.0,0.0
SPXW,20251230,True,,876.0,876.0,876.0,0.0,0.0,True,V1,876.0,0.0,0.0,1096.0,1096.0,1096.0,0.0,0.0,True,V1,1096.0,0.0,0.0
SPXW,20251231,True,,2248.0,2248.0,2248.0,0.0,0.0,True,V1,2248.0,0.0,0.0,1096.0,1096.0,1096.0,0.0,0.0,True,V1,1096.0,0.0,0.0
SPY,20240102,True,,432.0,432.0,432.0,0.0,0.0,True,V1,432.0,0.0,0.0,808.0,808.0,808.0,0.0,0.0,True,V1,808.0,0.0,0.0
SPY,20240103,True,,432.0,432.0,432.0,0.0,0.0,True,V1,432.0,0.0,0.0,808.0,808.0,808.0,0.0,0.0,True,V1,808.0,0.0,0.0
SPY,20240104,True,,432.0,432.0,432.0,0.0,0.0,True,V1,432.0,0.0,0.0,808.0,808.0,808.0,0.0,0.0,True,V1,808.0,0.0,0.0
SPY,20240105,True,,808.0,808.0,808.0,0.0,0.0,True,V1,808.0,0.0,0.0,492.0,492.0,492.0,0.0,0.0,True,V1,492.0,0.0,0.0
SPY,20240108,True,,420.0,420.0,420.0,0.0,0.0,True,V1,420.0,0.0,0.0,492.0,492.0,492.0,0.0,0.0,True,V1,492.0,0.0,0.0
SPY,20240109,True,,420.0,420.0,420.0,0.0,0.0,True,V1,420.0,0.0,0.0,492.0,492.0,492.0,0.0,0.0,True,V1,492.0,0.0,0.0
SPY,20240110,True,,420.0,420.0,420.0,0.0,0.0,True,V1,420.0,0.0,0.0,504.0,504.0,504.0,0.0,0.0,True,V1,504.0,0.0,0.0
SPY,20240111,True,,432.0,432.0,432.0,0.0,0.0,True,V1,432.0,0.0,0.0,504.0,504.0,504.0,0.0,0.0,True,V1,504.0,0.0,0.0
SPY,20240112,True,,504.0,504.0,504.0,0.0,0.0,True,V1,504.0,0.0,0.0,936.0,936.0,936.0,0.0,0.0,True,V1,936.0,0.0,0.0
SPY,20240116,True,,456.0,456.0,456.0,0.0,0.0,True,V1,456.0,0.0,0.0,936.0,936.0,936.0,0.0,0.0,True,V1,936.0,0.0,0.0
SPY,20240117,True,,456.0,456.0,456.0,0.0,0.0,True,V1,456.0,0.0,0.0,936.0,936.0,936.0,0.0,0.0,True,V1,936.0,0.0,0.0
SPY,20240118,True,,472.0,472.0,472.0,0.0,0.0,True,V1,472.0,0.0,0.0,936.0,936.0,936.0,0.0,0.0,True,V1,936.0,0.0,0.0
SPY,20240119,True,,936.0,936.0,936.0,0.0,0.0,True,V1,936.0,0.0,0.0,428.0,428.0,428.0,0.0,0.0,True,V1,428.0,0.0,0.0
SPY,20240122,True,,472.0,472.0,472.0,0.0,0.0,True,V1,472.0,0.0,0.0,512.0,512.0,512.0,0.0,0.0,True,V1,512.0,0.0,0.0
SPY,20240123,True,,472.0,472.0,472.0,0.0,0.0,True,V1,472.0,0.0,0.0,512.0,512.0,512.0,0.0,0.0,True,V1,512.0,0.0,0.0
SPY,20240124,True,,436.0,436.0,436.0,0.0,0.0,True,V1,436.0,0.0,0.0,512.0,512.0,512.0,0.0,0.0,True,V1,512.0,0.0,0.0
SPY,20240125,True,,420.0,420.0,420.0,0.0,0.0,True,V1,420.0,0.0,0.0,524.0,524.0,524.0,0.0,0.0,True,V1,524.0,0.0,0.0
SPY,20240126,True,,524.0,524.0,524.0,0.0,0.0,True,V1,524.0,0.0,0.0,528.0,528.0,528.0,0.0,0.0,True,V1,528.0,0.0,0.0
SPY,20240129,True,,428.0,428.0,428.0,0.0,0.0,True,V1,428.0,0.0,0.0,528.0,528.0,528.0,0.0,0.0,True,V1,528.0,0.0,0.0
SPY,20240130,True,,428.0,428.0,428.0,0.0,0.0,True,V1,428.0,0.0,0.0,528.0,528.0,528.0,0.0,0.0,True,V1,528.0,0.0,0.0
SPY,20240131,True,,544.0,544.0,544.0,0.0,0.0,True,V1,544.0,0.0,0.0,528.0,528.0,528.0,0.0,0.0,True,V1,528.0,0.0,0.0
SPY,20240201,True,,428.0,428.0,428.0,0.0,0.0,True,V1,428.0,0.0,0.0,528.0,528.0,528.0,0.0,0.0,True,V1,528.0,0.0,0.0
SPY,20240202,True,,528.0,528.0,528.0,0.0,0.0,True,V1,528.0,0.0,0.0,464.0,464.0,464.0,0.0,0.0,True,V1,464.0,0.0,0.0
SPY,20240205,True,,408.0,408.0,408.0,0.0,0.0,True,V1,408.0,0.0,0.0,472.0,472.0,472.0,0.0,0.0,True,V1,472.0,0.0,0.0
SPY,20240206,True,,408.0,408.0,408.0,0.0,0.0,True,V1,408.0,0.0,0.0,472.0,472.0,472.0,0.0,0.0,True,V1,472.0,0.0,0.0
SPY,20240207,True,,408.0,408.0,408.0,0.0,0.0,True,V1,408.0,0.0,0.0,512.0,512.0,512.0,0.0,0.0,True,V1,512.0,0.0,0.0
SPY,20240208,True,,424.0,424.0,424.0,0.0,0.0,True,V1,424.0,0.0,0.0,512.0,512.0,512.0,0.0,0.0,True,V1,512.0,0.0,0.0
SPY,20240209,True,,512.0,512.0,512.0,0.0,0.0,True,V1,512.0,0.0,0.0,704.0,704.0,704.0,0.0,0.0,True,V1,704.0,0.0,0.0
SPY,20240212,True,,472.0,472.0,472.0,0.0,0.0,True,V1,472.0,0.0,0.0,724.0,724.0,724.0,0.0,0.0,True,V1,724.0,0.0,0.0
SPY,20240213,True,,464.0,464.0,464.0,0.0,0.0,True,V1,464.0,0.0,0.0,724.0,724.0,724.0,0.0,0.0,True,V1,724.0,0.0,0.0
SPY,20240214,True,,464.0,464.0,464.0,0.0,0.0,True,V1,464.0,0.0,0.0,724.0,724.0,724.0,0.0,0.0,True,V1,724.0,0.0,0.0
SPY,20240215,True,,472.0,472.0,472.0,0.0,0.0,True,V1,472.0,0.0,0.0,724.0,724.0,724.0,0.0,0.0,True,V1,724.0,0.0,0.0
SPY,20240216,True,,724.0,724.0,724.0,0.0,0.0,True,V1,724.0,0.0,0.0,456.0,456.0,456.0,0.0,0.0,True,V1,456.0,0.0,0.0
SPY,20240220,True,,436.0,436.0,436.0,0.0,0.0,True,V1,436.0,0.0,0.0,456.0,456.0,456.0,0.0,0.0,True,V1,456.0,0.0,0.0
SPY,20240221,True,,428.0,428.0,428.0,0.0,0.0,True,V1,428.0,0.0,0.0,548.0,548.0,548.0,0.0,0.0,True,V1,548.0,0.0,0.0
SPY,20240222,True,,432.0,432.0,432.0,0.0,0.0,True,V1,432.0,0.0,0.0,548.0,548.0,548.0,0.0,0.0,True,V1,548.0,0.0,0.0
SPY,20240223,True,,548.0,548.0,548.0,0.0,0.0,True,V1,548.0,0.0,0.0,552.0,552.0,552.0,0.0,0.0,True,V1,552.0,0.0,0.0
SPY,20240226,True,,408.0,408.0,408.0,0.0,0.0,True,V1,408.0,0.0,0.0,552.0,552.0,552.0,0.0,0.0,True,V1,552.0,0.0,0.0
SPY,20240227,True,,488.0,488.0,488.0,0.0,0.0,True,V1,488.0,0.0,0.0,620.0,620.0,620.0,0.0,0.0,True,V1,620.0,0.0,0.0
SPY,20240228,True,,504.0,504.0,504.0,0.0,0.0,True,V1,504.0,0.0,0.0,620.0,620.0,620.0,0.0,0.0,True,V1,620.0,0.0,0.0
SPY,20240229,True,,676.0,676.0,676.0,0.0,0.0,True,V1,676.0,0.0,0.0,620.0,620.0,620.0,0.0,0.0,True,V1,620.0,0.0,0.0
SPY,20240301,True,,620.0,620.0,620.0,0.0,0.0,True,V1,620.0,0.0,0.0,576.0,576.0,576.0,0.0,0.0,True,V1,576.0,0.0,0.0
SPY,20240304,True,,504.0,504.0,504.0,0.0,0.0,True,V1,504.0,0.0,0.0,576.0,576.0,576.0,0.0,0.0,True,V1,576.0,0.0,0.0
SPY,20240305,True,,504.0,504.0,504.0,0.0,0.0,True,V1,504.0,0.0,0.0,576.0,576.0,576.0,0.0,0.0,True,V1,576.0,0.0,0.0
SPY,20240306,True,,480.0,480.0,480.0,0.0,0.0,True,V1,480.0,0.0,0.0,576.0,576.0,576.0,0.0,0.0,True,V1,576.0,0.0,0.0
SPY,20240307,True,,480.0,480.0,480.0,0.0,0.0,True,V1,480.0,0.0,0.0,576.0,576.0,576.0,0.0,0.0,True,V1,576.0,0.0,0.0
SPY,20240308,True,,576.0,576.0,576.0,0.0,0.0,True,V1,576.0,0.0,0.0,824.0,824.0,824.0,0.0,0.0,True,V1,824.0,0.0,0.0
SPY,20240311,True,,476.0,476.0,476.0,0.0,0.0,True,V1,476.0,0.0,0.0,824.0,824.0,824.0,0.0,0.0,True,V1,824.0,0.0,0.0
SPY,20240312,True,,460.0,460.0,460.0,0.0,0.0,True,V1,460.0,0.0,0.0,824.0,824.0,824.0,0.0,0.0,True,V1,824.0,0.0,0.0
SPY,20240313,True,,428.0,428.0,428.0,0.0,0.0,True,V1,428.0,0.0,0.0,824.0,824.0,824.0,0.0,0.0,True,V1,824.0,0.0,0.0
SPY,20240314,True,,460.0,460.0,460.0,0.0,0.0,True,V1,460.0,0.0,0.0,832.0,832.0,832.0,0.0,0.0,True,V1,832.0,0.0,0.0
SPY,20240315,True,,832.0,832.0,832.0,0.0,0.0,True,V1,832.0,0.0,0.0,608.0,608.0,608.0,0.0,0.0,True,V1,608.0,0.0,0.0
SPY,20240318,True,,472.0,472.0,472.0,0.0,0.0,True,V1,472.0,0.0,0.0,608.0,608.0,608.0,0.0,0.0,True,V1,608.0,0.0,0.0
SPY,20240319,True,,468.0,468.0,468.0,0.0,0.0,True,V1,468.0,0.0,0.0,608.0,608.0,608.0,0.0,0.0,True,V1,608.0,0.0,0.0
SPY,20240320,True,,472.0,472.0,472.0,0.0,0.0,True,V1,472.0,0.0,0.0,608.0,608.0,608.0,0.0,0.0,True,V1,608.0,0.0,0.0
SPY,20240321,True,,472.0,472.0,472.0,0.0,0.0,True,V1,472.0,0.0,0.0,608.0,608.0,608.0,0.0,0.0,True,V1,608.0,0.0,0.0
SPY,20240322,True,,608.0,608.0,608.0,0.0,0.0,True,V1,608.0,0.0,0.0,744.0,744.0,744.0,0.0,0.0,True,V1,744.0,0.0,0.0
SPY,20240325,True,,480.0,480.0,480.0,0.0,0.0,True,V1,480.0,0.0,0.0,744.0,744.0,744.0,0.0,0.0,True,V1,744.0,0.0,0.0
SPY,20240326,True,,452.0,452.0,452.0,0.0,0.0,True,V1,452.0,0.0,0.0,744.0,744.0,744.0,0.0,0.0,True,V1,744.0,0.0,0.0
SPY,20240327,True,,452.0,452.0,452.0,0.0,0.0,True,V1,452.0,0.0,0.0,744.0,744.0,744.0,0.0,0.0,True,V1,744.0,0.0,0.0
SPY,20240328,True,,744.0,744.0,744.0,0.0,0.0,True,V1,744.0,0.0,0.0,540.0,540.0,540.0,0.0,0.0,True,V1,540.0,0.0,0.0
SPY,20240401,True,,436.0,436.0,436.0,0.0,0.0,True,V1,436.0,0.0,0.0,540.0,540.0,540.0,0.0,0.0,True,V1,540.0,0.0,0.0
SPY,20240402,True,,420.0,420.0,420.0,0.0,0.0,True,V1,420.0,0.0,0.0,540.0,540.0,540.0,0.0,0.0,True,V1,540.0,0.0,0.0
SPY,20240403,True,,408.0,408.0,408.0,0.0,0.0,True,V1,408.0,0.0,0.0,548.0,548.0,548.0,0.0,0.0,True,V1,548.0,0.0,0.0
SPY,20240404,True,,452.0,452.0,452.0,0.0,0.0,True,V1,452.0,0.0,0.0,548.0,548.0,548.0,0.0,0.0,True,V1,548.0,0.0,0.0
SPY,20240405,True,,548.0,548.0,548.0,0.0,0.0,True,V1,548.0,0.0,0.0,508.0,508.0,508.0,0.0,0.0,True,V1,508.0,0.0,0.0
SPY,20240408,True,,448.0,448.0,448.0,0.0,0.0,True,V1,448.0,0.0,0.0,520.0,520.0,520.0,0.0,0.0,True,V1,520.0,0.0,0.0
SPY,20240409,True,,448.0,448.0,448.0,0.0,0.0,True,V1,448.0,0.0,0.0,520.0,520.0,520.0,0.0,0.0,True,V1,520.0,0.0,0.0
SPY,20240410,True,,448.0,448.0,448.0,0.0,0.0,True,V1,448.0,0.0,0.0,520.0,520.0,520.0,0.0,0.0,True,V1,520.0,0.0,0.0
SPY,20240411,True,,448.0,448.0,448.0,0.0,0.0,True,V1,448.0,0.0,0.0,520.0,520.0,520.0,0.0,0.0,True,V1,520.0,0.0,0.0
SPY,20240412,True,,520.0,520.0,520.0,0.0,0.0,True,V1,520.0,0.0,0.0,624.0,624.0,624.0,0.0,0.0,True,V1,624.0,0.0,0.0
SPY,20240415,True,,448.0,448.0,448.0,0.0,0.0,True,V1,448.0,0.0,0.0,624.0,624.0,624.0,0.0,0.0,True,V1,624.0,0.0,0.0
SPY,20240416,True,,448.0,448.0,448.0,0.0,0.0,True,V1,448.0,0.0,0.0,624.0,624.0,624.0,0.0,0.0,True,V1,624.0,0.0,0.0
SPY,20240417,True,,448.0,448.0,448.0,0.0,0.0,True,V1,448.0,0.0,0.0,624.0,624.0,624.0,0.0,0.0,True,V1,624.0,0.0,0.0
SPY,20240418,True,,448.0,448.0,448.0,0.0,0.0,True,V1,448.0,0.0,0.0,624.0,624.0,624.0,0.0,0.0,True,V1,624.0,0.0,0.0
SPY,20240419,True,,624.0,624.0,624.0,0.0,0.0,True,V1,624.0,0.0,0.0,380.0,380.0,380.0,0.0,0.0,True,V1,380.0,0.0,0.0
SPY,20240422,True,,420.0,420.0,420.0,0.0,0.0,True,V1,420.0,0.0,0.0,380.0,380.0,380.0,0.0,0.0,True,V1,380.0,0.0,0.0
SPY,20240423,True,,416.0,416.0,416.0,0.0,0.0,True,V1,416.0,0.0,0.0,380.0,380.0,380.0,0.0,0.0,True,V1,380.0,0.0,0.0
SPY,20240424,True,,232.0,232.0,232.0,0.0,0.0,True,V1,232.0,0.0,0.0,380.0,380.0,380.0,0.0,0.0,True,V1,380.0,0.0,0.0
SPY,20240425,True,,232.0,232.0,232.0,0.0,0.0,True,V1,232.0,0.0,0.0,380.0,380.0,380.0,0.0,0.0,True,V1,380.0,0.0,0.0
SPY,20240426,True,,412.0,412.0,412.0,0.0,0.0,True,V1,412.0,0.0,0.0,408.0,408.0,408.0,0.0,0.0,True,V1,408.0,0.0,0.0
SPY,20240429,True,,280.0,280.0,280.0,0.0,0.0,True,V1,280.0,0.0,0.0,408.0,408.0,408.0,0.0,0.0,True,V1,408.0,0.0,0.0
SPY,20240430,True,,692.0,692.0,692.0,0.0,0.0,True,V1,692.0,0.0,0.0,408.0,408.0,408.0,0.0,0.0,True,V1,408.0,0.0,0.0
SPY,20240501,True,,280.0,280.0,280.0,0.0,0.0,True,V1,280.0,0.0,0.0,408.0,408.0,408.0,0.0,0.0,True,V1,408.0,0.0,0.0
SPY,20240502,True,,280.0,280.0,280.0,0.0,0.0,True,V1,280.0,0.0,0.0,408.0,408.0,408.0,0.0,0.0,True,V1,408.0,0.0,0.0
SPY,20240503,True,,408.0,408.0,408.0,0.0,0.0,True,V1,408.0,0.0,0.0,440.0,440.0,440.0,0.0,0.0,True,V1,440.0,0.0,0.0
SPY,20240506,True,,216.0,216.0,216.0,0.0,0.0,True,V1,216.0,0.0,0.0,440.0,440.0,440.0,0.0,0.0,True,V1,440.0,0.0,0.0
SPY,20240507,True,,232.0,232.0,232.0,0.0,0.0,True,V1,232.0,0.0,0.0,440.0,440.0,440.0,0.0,0.0,True,V1,440.0,0.0,0.0
SPY,20240508,True,,232.0,232.0,232.0,0.0,0.0,True,V1,232.0,0.0,0.0,440.0,440.0,440.0,0.0,0.0,True,V1,440.0,0.0,0.0
SPY,20240509,True,,264.0,264.0,264.0,0.0,0.0,True,V1,264.0,0.0,0.0,472.0,472.0,472.0,0.0,0.0,True,V1,472.0,0.0,0.0
SPY,20240510,True,,472.0,472.0,472.0,0.0,0.0,True,V1,472.0,0.0,0.0,632.0,632.0,632.0,0.0,0.0,True,V1,632.0,0.0,0.0
SPY,20240513,True,,436.0,436.0,436.0,0.0,0.0,True,V1,436.0,0.0,0.0,644.0,644.0,644.0,0.0,0.0,True,V1,644.0,0.0,0.0
SPY,20240514,True,,436.0,436.0,436.0,0.0,0.0,True,V1,436.0,0.0,0.0,644.0,644.0,644.0,0.0,0.0,True,V1,644.0,0.0,0.0
SPY,20240515,True,,436.0,436.0,436.0,0.0,0.0,True,V1,436.0,0.0,0.0,644.0,644.0,644.0,0.0,0.0,True,V1,644.0,0.0,0.0
SPY,20240516,True,,436.0,436.0,436.0,0.0,0.0,True,V1,436.0,0.0,0.0,644.0,644.0,644.0,0.0,0.0,True,V1,644.0,0.0,0.0
SPY,20240517,True,,644.0,644.0,644.0,0.0,0.0,True,V1,644.0,0.0,0.0,508.0,508.0,508.0,0.0,0.0,True,V1,508.0,0.0,0.0
SPY,20240520,True,,436.0,436.0,436.0,0.0,0.0,True,V1,436.0,0.0,0.0,508.0,508.0,508.0,0.0,0.0,True,V1,508.0,0.0,0.0
SPY,20240521,True,,436.0,436.0,436.0,0.0,0.0,True,V1,436.0,0.0,0.0,516.0,516.0,516.0,0.0,0.0,True,V1,516.0,0.0,0.0
SPY,20240522,True,,444.0,444.0,444.0,0.0,0.0,True,V1,444.0,0.0,0.0,516.0,516.0,516.0,0.0,0.0,True,V1,516.0,0.0,0.0
SPY,20240523,True,,460.0,460.0,460.0,0.0,0.0,True,V1,460.0,0.0,0.0,516.0,516.0,516.0,0.0,0.0,True,V1,516.0,0.0,0.0
SPY,20240524,True,,516.0,516.0,516.0,0.0,0.0,True,V1,516.0,0.0,0.0,716.0,716.0,716.0,0.0,0.0,True,V1,716.0,0.0,0.0
SPY,20240528,True,,476.0,476.0,476.0,0.0,0.0,True,V1,476.0,0.0,0.0,716.0,716.0,716.0,0.0,0.0,True,V1,716.0,0.0,0.0
SPY,20240529,True,,448.0,448.0,448.0,0.0,0.0,True,V1,448.0,0.0,0.0,716.0,716.0,716.0,0.0,0.0,True,V1,716.0,0.0,0.0
SPY,20240530,True,,448.0,448.0,448.0,0.0,0.0,True,V1,448.0,0.0,0.0,716.0,716.0,716.0,0.0,0.0,True,V1,716.0,0.0,0.0
SPY,20240531,True,,716.0,716.0,716.0,0.0,0.0,True,V1,716.0,0.0,0.0,560.0,560.0,560.0,0.0,0.0,True,V1,560.0,0.0,0.0
SPY,20240603,True,,448.0,448.0,448.0,0.0,0.0,True,V1,448.0,0.0,0.0,560.0,560.0,560.0,0.0,0.0,True,V1,560.0,0.0,0.0
SPY,20240604,True,,444.0,444.0,444.0,0.0,0.0,True,V1,444.0,0.0,0.0,568.0,568.0,568.0,0.0,0.0,True,V1,568.0,0.0,0.0
SPY,20240605,True,,456.0,456.0,456.0,0.0,0.0,True,V1,456.0,0.0,0.0,568.0,568.0,568.0,0.0,0.0,True,V1,568.0,0.0,0.0
SPY,20240606,True,,472.0,472.0,472.0,0.0,0.0,True,V1,472.0,0.0,0.0,584.0,584.0,584.0,0.0,0.0,True,V1,584.0,0.0,0.0
SPY,20240607,True,,584.0,584.0,584.0,0.0,0.0,True,V1,584.0,0.0,0.0,580.0,580.0,580.0,0.0,0.0,True,V1,580.0,0.0,0.0
SPY,20240610,True,,556.0,556.0,556.0,0.0,0.0,True,V1,556.0,0.0,0.0,580.0,580.0,580.0,0.0,0.0,True,V1,580.0,0.0,0.0
SPY,20240611,True,,556.0,556.0,556.0,0.0,0.0,True,V1,556.0,0.0,0.0,580.0,580.0,580.0,0.0,0.0,True,V1,580.0,0.0,0.0
SPY,20240612,True,,476.0,476.0,476.0,0.0,0.0,True,V1,476.0,0.0,0.0,580.0,580.0,580.0,0.0,0.0,True,V1,580.0,0.0,0.0
SPY,20240613,True,,476.0,476.0,476.0,0.0,0.0,True,V1,476.0,0.0,0.0,620.0,620.0,620.0,0.0,0.0,True,V1,620.0,0.0,0.0
SPY,20240614,True,,620.0,620.0,620.0,0.0,0.0,True,V1,620.0,0.0,0.0,904.0,904.0,904.0,0.0,0.0,True,V1,904.0,0.0,0.0
SPY,20240617,True,,524.0,524.0,524.0,0.0,0.0,True,V1,524.0,0.0,0.0,904.0,904.0,904.0,0.0,0.0,True,V1,904.0,0.0,0.0
SPY,20240618,True,,496.0,496.0,496.0,0.0,0.0,True,V1,496.0,0.0,0.0,904.0,904.0,904.0,0.0,0.0,True,V1,904.0,0.0,0.0
SPY,20240620,True,,516.0,516.0,516.0,0.0,0.0,True,V1,516.0,0.0,0.0,928.0,928.0,928.0,0.0,0.0,True,V1,928.0,0.0,0.0
SPY,20240621,True,,928.0,928.0,928.0,0.0,0.0,True,V1,928.0,0.0,0.0,808.0,808.0,808.0,0.0,0.0,True,V1,808.0,0.0,0.0
SPY,20240624,True,,568.0,568.0,568.0,0.0,0.0,True,V1,568.0,0.0,0.0,808.0,808.0,808.0,0.0,0.0,True,V1,808.0,0.0,0.0
SPY,20240625,True,,488.0,488.0,488.0,0.0,0.0,True,V1,488.0,0.0,0.0,812.0,812.0,812.0,0.0,0.0,True,V1,812.0,0.0,0.0
SPY,20240626,True,,452.0,452.0,452.0,0.0,0.0,True,V1,452.0,0.0,0.0,812.0,812.0,812.0,0.0,0.0,True,V1,812.0,0.0,0.0
SPY,20240627,True,,452.0,452.0,452.0,0.0,0.0,True,V1,452.0,0.0,0.0,812.0,812.0,812.0,0.0,0.0,True,V1,812.0,0.0,0.0
SPY,20240628,True,,812.0,812.0,812.0,0.0,0.0,True,V1,812.0,0.0,0.0,464.0,464.0,464.0,0.0,0.0,True,V1,464.0,0.0,0.0
SPY,20240701,True,,388.0,388.0,388.0,0.0,0.0,True,V1,388.0,0.0,0.0,464.0,464.0,464.0,0.0,0.0,True,V1,464.0,0.0,0.0
SPY,20240702,True,,408.0,408.0,408.0,0.0,0.0,True,V1,408.0,0.0,0.0,464.0,464.0,464.0,0.0,0.0,True,V1,464.0,0.0,0.0
SPY,20240703,True,,404.0,404.0,404.0,0.0,0.0,True,V1,404.0,0.0,0.0,464.0,464.0,464.0,0.0,0.0,True,V1,464.0,0.0,0.0
SPY,20240705,True,,472.0,472.0,472.0,0.0,0.0,True,V1,472.0,0.0,0.0,556.0,556.0,556.0,0.0,0.0,True,V1,556.0,0.0,0.0
SPY,20240708,True,,440.0,440.0,440.0,0.0,0.0,True,V1,440.0,0.0,0.0,580.0,580.0,580.0,0.0,0.0,True,V1,580.0,0.0,0.0
SPY,20240709,True,,412.0,412.0,412.0,0.0,0.0,True,V1,412.0,0.0,0.0,580.0,580.0,580.0,0.0,0.0,True,V1,580.0,0.0,0.0
SPY,20240710,True,,464.0,464.0,464.0,0.0,0.0,True,V1,464.0,0.0,0.0,604.0,604.0,604.0,0.0,0.0,True,V1,604.0,0.0,0.0
SPY,20240711,True,,464.0,464.0,464.0,0.0,0.0,True,V1,464.0,0.0,0.0,604.0,604.0,604.0,0.0,0.0,True,V1,604.0,0.0,0.0
SPY,20240712,True,,604.0,604.0,604.0,0.0,0.0,True,V1,604.0,0.0,0.0,708.0,708.0,708.0,0.0,0.0,True,V1,708.0,0.0,0.0
SPY,20240715,True,,436.0,436.0,436.0,0.0,0.0,True,V1,436.0,0.0,0.0,708.0,708.0,708.0,0.0,0.0,True,V1,708.0,0.0,0.0
SPY,20240716,True,,436.0,436.0,436.0,0.0,0.0,True,V1,436.0,0.0,0.0,708.0,708.0,708.0,0.0,0.0,True,V1,708.0,0.0,0.0
SPY,20240717,True,,452.0,452.0,452.0,0.0,0.0,True,V1,452.0,0.0,0.0,708.0,708.0,708.0,0.0,0.0,True,V1,708.0,0.0,0.0
SPY,20240718,True,,452.0,452.0,452.0,0.0,0.0,True,V1,452.0,0.0,0.0,708.0,708.0,708.0,0.0,0.0,True,V1,708.0,0.0,0.0
SPY,20240719,True,,708.0,708.0,708.0,0.0,0.0,True,V1,708.0,0.0,0.0,532.0,532.0,532.0,0.0,0.0,True,V1,532.0,0.0,0.0
SPY,20240722,True,,408.0,408.0,408.0,0.0,0.0,True,V1,408.0,0.0,0.0,532.0,532.0,532.0,0.0,0.0,True,V1,532.0,0.0,0.0
SPY,20240723,True,,408.0,408.0,408.0,0.0,0.0,True,V1,408.0,0.0,0.0,532.0,532.0,532.0,0.0,0.0,True,V1,532.0,0.0,0.0
SPY,20240724,True,,392.0,392.0,392.0,0.0,0.0,True,V1,392.0,0.0,0.0,532.0,532.0,532.0,0.0,0.0,True,V1,532.0,0.0,0.0
SPY,20240725,True,,424.0,424.0,424.0,0.0,0.0,True,V1,424.0,0.0,0.0,532.0,532.0,532.0,0.0,0.0,True,V1,532.0,0.0,0.0
SPY,20240726,True,,532.0,532.0,532.0,0.0,0.0,True,V1,532.0,0.0,0.0,444.0,444.0,444.0,0.0,0.0,True,V1,444.0,0.0,0.0
SPY,20240729,True,,428.0,428.0,428.0,0.0,0.0,True,V1,428.0,0.0,0.0,444.0,444.0,444.0,0.0,0.0,True,V1,444.0,0.0,0.0
SPY,20240730,True,,408.0,408.0,408.0,0.0,0.0,True,V1,408.0,0.0,0.0,444.0,444.0,444.0,0.0,0.0,True,V1,444.0,0.0,0.0
SPY,20240731,True,,720.0,720.0,720.0,0.0,0.0,True,V1,720.0,0.0,0.0,556.0,556.0,556.0,0.0,0.0,True,V1,556.0,0.0,0.0
SPY,20240801,True,,484.0,484.0,484.0,0.0,0.0,True,V1,484.0,0.0,0.0,556.0,556.0,556.0,0.0,0.0,True,V1,556.0,0.0,0.0
SPY,20240802,True,,556.0,556.0,556.0,0.0,0.0,True,V1,556.0,0.0,0.0,528.0,528.0,528.0,0.0,0.0,True,V1,528.0,0.0,0.0
SPY,20240805,True,,544.0,544.0,544.0,0.0,0.0,True,V1,544.0,0.0,0.0,628.0,628.0,628.0,0.0,0.0,True,V1,628.0,0.0,0.0
SPY,20240806,True,,604.0,604.0,604.0,0.0,0.0,True,V1,604.0,0.0,0.0,844.0,844.0,844.0,0.0,0.0,True,V1,844.0,0.0,0.0
SPY,20240807,True,,740.0,740.0,740.0,0.0,0.0,True,V1,740.0,0.0,0.0,844.0,844.0,844.0,0.0,0.0,True,V1,844.0,0.0,0.0
SPY,20240808,True,,780.0,780.0,780.0,0.0,0.0,True,V1,780.0,0.0,0.0,844.0,844.0,844.0,0.0,0.0,True,V1,844.0,0.0,0.0
SPY,20240809,True,,844.0,844.0,844.0,0.0,0.0,True,V1,844.0,0.0,0.0,1244.0,1244.0,1244.0,0.0,0.0,True,V1,1244.0,0.0,0.0
SPY,20240812,True,,788.0,788.0,788.0,0.0,0.0,True,V1,788.0,0.0,0.0,1244.0,1244.0,1244.0,0.0,0.0,True,V1,1244.0,0.0,0.0
SPY,20240813,True,,832.0,832.0,832.0,0.0,0.0,True,V1,832.0,0.0,0.0,1244.0,1244.0,1244.0,0.0,0.0,True,V1,1244.0,0.0,0.0
SPY,20240814,True,,776.0,776.0,776.0,0.0,0.0,True,V1,776.0,0.0,0.0,1244.0,1244.0,1244.0,0.0,0.0,True,V1,1244.0,0.0,0.0
SPY,20240815,True,,744.0,744.0,744.0,0.0,0.0,True,V1,744.0,0.0,0.0,1244.0,1244.0,1244.0,0.0,0.0,True,V1,1244.0,0.0,0.0
SPY,20240816,True,,1244.0,1244.0,1244.0,0.0,0.0,True,V1,1244.0,0.0,0.0,524.0,524.0,524.0,0.0,0.0,True,V1,524.0,0.0,0.0
SPY,20240819,True,,952.0,952.0,952.0,0.0,0.0,True,V1,952.0,0.0,0.0,620.0,620.0,620.0,0.0,0.0,True,V1,620.0,0.0,0.0
SPY,20240820,True,,596.0,596.0,596.0,0.0,0.0,True,V1,596.0,0.0,0.0,648.0,648.0,648.0,0.0,0.0,True,V1,648.0,0.0,0.0
SPY,20240821,True,,636.0,636.0,636.0,0.0,0.0,True,V1,636.0,0.0,0.0,648.0,648.0,648.0,0.0,0.0,True,V1,648.0,0.0,0.0
SPY,20240822,True,,636.0,636.0,636.0,0.0,0.0,True,V1,636.0,0.0,0.0,648.0,648.0,648.0,0.0,0.0,True,V1,648.0,0.0,0.0
SPY,20240823,True,,648.0,648.0,648.0,0.0,0.0,True,V1,648.0,0.0,0.0,656.0,656.0,656.0,0.0,0.0,True,V1,656.0,0.0,0.0
SPY,20240826,True,,584.0,584.0,584.0,0.0,0.0,True,V1,584.0,0.0,0.0,656.0,656.0,656.0,0.0,0.0,True,V1,656.0,0.0,0.0
SPY,20240827,True,,584.0,584.0,584.0,0.0,0.0,True,V1,584.0,0.0,0.0,656.0,656.0,656.0,0.0,0.0,True,V1,656.0,0.0,0.0
SPY,20240828,True,,584.0,584.0,584.0,0.0,0.0,True,V1,584.0,0.0,0.0,656.0,656.0,656.0,0.0,0.0,True,V1,656.0,0.0,0.0
SPY,20240829,True,,584.0,584.0,584.0,0.0,0.0,True,V1,584.0,0.0,0.0,656.0,656.0,656.0,0.0,0.0,True,V1,656.0,0.0,0.0
SPY,20240830,True,,656.0,656.0,656.0,0.0,0.0,True,V1,656.0,0.0,0.0,668.0,668.0,668.0,0.0,0.0,True,V1,668.0,0.0,0.0
SPY,20240903,True,,500.0,500.0,500.0,0.0,0.0,True,V1,500.0,0.0,0.0,668.0,668.0,668.0,0.0,0.0,True,V1,668.0,0.0,0.0
SPY,20240904,True,,496.0,496.0,496.0,0.0,0.0,True,V1,496.0,0.0,0.0,668.0,668.0,668.0,0.0,0.0,True,V1,668.0,0.0,0.0
SPY,20240905,True,,504.0,504.0,504.0,0.0,0.0,True,V1,504.0,0.0,0.0,668.0,668.0,668.0,0.0,0.0,True,V1,668.0,0.0,0.0
SPY,20240906,True,,668.0,668.0,668.0,0.0,0.0,True,V1,668.0,0.0,0.0,648.0,648.0,648.0,0.0,0.0,True,V1,648.0,0.0,0.0
SPY,20240909,True,,464.0,464.0,464.0,0.0,0.0,True,V1,464.0,0.0,0.0,648.0,648.0,648.0,0.0,0.0,True,V1,648.0,0.0,0.0
SPY,20240910,True,,596.0,596.0,596.0,0.0,0.0,True,V1,596.0,0.0,0.0,648.0,648.0,648.0,0.0,0.0,True,V1,648.0,0.0,0.0
SPY,20240911,True,,596.0,596.0,596.0,0.0,0.0,True,V1,596.0,0.0,0.0,664.0,664.0,664.0,0.0,0.0,True,V1,664.0,0.0,0.0
SPY,20240912,True,,612.0,612.0,612.0,0.0,0.0,True,V1,612.0,0.0,0.0,664.0,664.0,664.0,0.0,0.0,True,V1,664.0,0.0,0.0
SPY,20240913,True,,664.0,664.0,664.0,0.0,0.0,True,V1,664.0,0.0,0.0,820.0,820.0,820.0,0.0,0.0,True,V1,820.0,0.0,0.0
SPY,20240916,True,,596.0,596.0,596.0,0.0,0.0,True,V1,596.0,0.0,0.0,820.0,820.0,820.0,0.0,0.0,True,V1,820.0,0.0,0.0
SPY,20240917,True,,596.0,596.0,596.0,0.0,0.0,True,V1,596.0,0.0,0.0,828.0,828.0,828.0,0.0,0.0,True,V1,828.0,0.0,0.0
SPY,20240918,True,,608.0,608.0,608.0,0.0,0.0,True,V1,608.0,0.0,0.0,828.0,828.0,828.0,0.0,0.0,True,V1,828.0,0.0,0.0
SPY,20240919,True,,608.0,608.0,608.0,0.0,0.0,True,V1,608.0,0.0,0.0,828.0,828.0,828.0,0.0,0.0,True,V1,828.0,0.0,0.0
SPY,20240920,True,,828.0,828.0,828.0,0.0,0.0,True,V1,828.0,0.0,0.0,612.0,612.0,612.0,0.0,0.0,True,V1,612.0,0.0,0.0
SPY,20240923,True,,640.0,640.0,640.0,0.0,0.0,True,V1,640.0,0.0,0.0,652.0,652.0,652.0,0.0,0.0,True,V1,652.0,0.0,0.0
SPY,20240924,True,,640.0,640.0,640.0,0.0,0.0,True,V1,640.0,0.0,0.0,652.0,652.0,652.0,0.0,0.0,True,V1,652.0,0.0,0.0
SPY,20240925,True,,624.0,624.0,624.0,0.0,0.0,True,V1,624.0,0.0,0.0,652.0,652.0,652.0,0.0,0.0,True,V1,652.0,0.0,0.0
SPY,20240926,True,,624.0,624.0,624.0,0.0,0.0,True,V1,624.0,0.0,0.0,652.0,652.0,652.0,0.0,0.0,True,V1,652.0,0.0,0.0
SPY,20240927,True,,652.0,652.0,652.0,0.0,0.0,True,V1,652.0,0.0,0.0,480.0,480.0,480.0,0.0,0.0,True,V1,480.0,0.0,0.0
SPY,20240930,True,,1120.0,1120.0,1120.0,0.0,0.0,True,V1,1120.0,0.0,0.0,480.0,480.0,480.0,0.0,0.0,True,V1,480.0,0.0,0.0
SPY,20241001,True,,452.0,452.0,452.0,0.0,0.0,True,V1,452.0,0.0,0.0,480.0,480.0,480.0,0.0,0.0,True,V1,480.0,0.0,0.0
SPY,20241002,True,,452.0,452.0,452.0,0.0,0.0,True,V1,452.0,0.0,0.0,480.0,480.0,480.0,0.0,0.0,True,V1,480.0,0.0,0.0
SPY,20241003,True,,452.0,452.0,452.0,0.0,0.0,True,V1,452.0,0.0,0.0,488.0,488.0,488.0,0.0,0.0,True,V1,488.0,0.0,0.0
SPY,20241004,True,,488.0,488.0,488.0,0.0,0.0,True,V1,488.0,0.0,0.0,568.0,568.0,568.0,0.0,0.0,True,V1,568.0,0.0,0.0
SPY,20241007,True,,560.0,560.0,560.0,0.0,0.0,True,V1,560.0,0.0,0.0,568.0,568.0,568.0,0.0,0.0,True,V1,568.0,0.0,0.0
SPY,20241008,True,,560.0,560.0,560.0,0.0,0.0,True,V1,560.0,0.0,0.0,568.0,568.0,568.0,0.0,0.0,True,V1,568.0,0.0,0.0
SPY,20241009,True,,560.0,560.0,560.0,0.0,0.0,True,V1,560.0,0.0,0.0,568.0,568.0,568.0,0.0,0.0,True,V1,568.0,0.0,0.0
SPY,20241010,True,,560.0,560.0,560.0,0.0,0.0,True,V1,560.0,0.0,0.0,568.0,568.0,568.0,0.0,0.0,True,V1,568.0,0.0,0.0
SPY,20241011,True,,568.0,568.0,568.0,0.0,0.0,True,V1,568.0,0.0,0.0,1276.0,1276.0,1276.0,0.0,0.0,True,V1,1276.0,0.0,0.0
SPY,20241014,True,,532.0,532.0,532.0,0.0,0.0,True,V1,532.0,0.0,0.0,1276.0,1276.0,1276.0,0.0,0.0,True,V1,1276.0,0.0,0.0
SPY,20241015,True,,532.0,532.0,532.0,0.0,0.0,True,V1,532.0,0.0,0.0,1276.0,1276.0,1276.0,0.0,0.0,True,V1,1276.0,0.0,0.0
SPY,20241016,True,,532.0,532.0,532.0,0.0,0.0,True,V1,532.0,0.0,0.0,1276.0,1276.0,1276.0,0.0,0.0,True,V1,1276.0,0.0,0.0
SPY,20241017,True,,564.0,564.0,564.0,0.0,0.0,True,V1,564.0,0.0,0.0,1276.0,1276.0,1276.0,0.0,0.0,True,V1,1276.0,0.0,0.0
SPY,20241018,True,,1276.0,1276.0,1276.0,0.0,0.0,True,V1,1276.0,0.0,0.0,572.0,572.0,572.0,0.0,0.0,True,V1,572.0,0.0,0.0
SPY,20241021,True,,540.0,540.0,540.0,0.0,0.0,True,V1,540.0,0.0,0.0,576.0,576.0,576.0,0.0,0.0,True,V1,576.0,0.0,0.0
SPY,20241022,True,,540.0,540.0,540.0,0.0,0.0,True,V1,540.0,0.0,0.0,576.0,576.0,576.0,0.0,0.0,True,V1,576.0,0.0,0.0
SPY,20241023,True,,528.0,528.0,528.0,0.0,0.0,True,V1,528.0,0.0,0.0,576.0,576.0,576.0,0.0,0.0,True,V1,576.0,0.0,0.0
SPY,20241024,True,,508.0,508.0,508.0,0.0,0.0,True,V1,508.0,0.0,0.0,576.0,576.0,576.0,0.0,0.0,True,V1,576.0,0.0,0.0
SPY,20241025,True,,576.0,576.0,576.0,0.0,0.0,True,V1,576.0,0.0,0.0,584.0,584.0,584.0,0.0,0.0,True,V1,584.0,0.0,0.0
SPY,20241028,True,,508.0,508.0,508.0,0.0,0.0,True,V1,508.0,0.0,0.0,584.0,584.0,584.0,0.0,0.0,True,V1,584.0,0.0,0.0
SPY,20241029,True,,508.0,508.0,508.0,0.0,0.0,True,V1,508.0,0.0,0.0,584.0,584.0,584.0,0.0,0.0,True,V1,584.0,0.0,0.0
SPY,20241030,True,,508.0,508.0,508.0,0.0,0.0,True,V1,508.0,0.0,0.0,584.0,584.0,584.0,0.0,0.0,True,V1,584.0,0.0,0.0
SPY,20241031,True,,788.0,788.0,788.0,0.0,0.0,True,V1,788.0,0.0,0.0,584.0,584.0,584.0,0.0,0.0,True,V1,584.0,0.0,0.0
SPY,20241101,True,,584.0,584.0,584.0,0.0,0.0,True,V1,584.0,0.0,0.0,580.0,580.0,580.0,0.0,0.0,True,V1,580.0,0.0,0.0
SPY,20241104,True,,456.0,456.0,456.0,0.0,0.0,True,V1,456.0,0.0,0.0,580.0,580.0,580.0,0.0,0.0,True,V1,580.0,0.0,0.0
SPY,20241105,True,,488.0,488.0,488.0,0.0,0.0,True,V1,488.0,0.0,0.0,620.0,620.0,620.0,0.0,0.0,True,V1,620.0,0.0,0.0
SPY,20241106,True,,604.0,604.0,604.0,0.0,0.0,True,V1,604.0,0.0,0.0,620.0,620.0,620.0,0.0,0.0,True,V1,620.0,0.0,0.0
SPY,20241107,True,,604.0,604.0,604.0,0.0,0.0,True,V1,604.0,0.0,0.0,620.0,620.0,620.0,0.0,0.0,True,V1,620.0,0.0,0.0
SPY,20241108,True,,620.0,620.0,620.0,0.0,0.0,True,V1,620.0,0.0,0.0,892.0,892.0,892.0,0.0,0.0,True,V1,892.0,0.0,0.0
SPY,20241111,True,,660.0,660.0,660.0,0.0,0.0,True,V1,660.0,0.0,0.0,892.0,892.0,892.0,0.0,0.0,True,V1,892.0,0.0,0.0
SPY,20241112,True,,660.0,660.0,660.0,0.0,0.0,True,V1,660.0,0.0,0.0,892.0,892.0,892.0,0.0,0.0,True,V1,892.0,0.0,0.0
SPY,20241113,True,,676.0,676.0,676.0,0.0,0.0,True,V1,676.0,0.0,0.0,892.0,892.0,892.0,0.0,0.0,True,V1,892.0,0.0,0.0
SPY,20241114,True,,692.0,692.0,692.0,0.0,0.0,True,V1,692.0,0.0,0.0,892.0,892.0,892.0,0.0,0.0,True,V1,892.0,0.0,0.0
SPY,20241115,True,,892.0,892.0,892.0,0.0,0.0,True,V1,892.0,0.0,0.0,512.0,512.0,512.0,0.0,0.0,True,V1,512.0,0.0,0.0
SPY,20241118,True,,616.0,616.0,616.0,0.0,0.0,True,V1,616.0,0.0,0.0,512.0,512.0,512.0,0.0,0.0,True,V1,512.0,0.0,0.0
SPY,20241119,True,,636.0,636.0,636.0,0.0,0.0,True,V1,636.0,0.0,0.0,512.0,512.0,512.0,0.0,0.0,True,V1,512.0,0.0,0.0
SPY,20241120,True,,552.0,552.0,552.0,0.0,0.0,True,V1,552.0,0.0,0.0,520.0,520.0,520.0,0.0,0.0,True,V1,520.0,0.0,0.0
SPY,20241121,True,,560.0,560.0,560.0,0.0,0.0,True,V1,560.0,0.0,0.0,520.0,520.0,520.0,0.0,0.0,True,V1,520.0,0.0,0.0
SPY,20241122,True,,532.0,532.0,532.0,0.0,0.0,True,V1,532.0,0.0,0.0,852.0,852.0,852.0,0.0,0.0,True,V1,852.0,0.0,0.0
SPY,20241125,True,,540.0,540.0,540.0,0.0,0.0,True,V1,540.0,0.0,0.0,852.0,852.0,852.0,0.0,0.0,True,V1,852.0,0.0,0.0
SPY,20241126,True,,540.0,540.0,540.0,0.0,0.0,True,V1,540.0,0.0,0.0,852.0,852.0,852.0,0.0,0.0,True,V1,852.0,0.0,0.0
SPY,20241127,True,,556.0,556.0,556.0,0.0,0.0,True,V1,556.0,0.0,0.0,852.0,852.0,852.0,0.0,0.0,True,V1,852.0,0.0,0.0
SPY,20241129,True,,852.0,852.0,852.0,0.0,0.0,True,V1,852.0,0.0,0.0,692.0,692.0,692.0,0.0,0.0,True,V1,692.0,0.0,0.0
SPY,20241202,True,,492.0,492.0,492.0,0.0,0.0,True,V1,492.0,0.0,0.0,692.0,692.0,692.0,0.0,0.0,True,V1,692.0,0.0,0.0
SPY,20241203,True,,416.0,416.0,416.0,0.0,0.0,True,V1,416.0,0.0,0.0,692.0,692.0,692.0,0.0,0.0,True,V1,692.0,0.0,0.0
SPY,20241204,True,,388.0,388.0,388.0,0.0,0.0,True,V1,388.0,0.0,0.0,708.0,708.0,708.0,0.0,0.0,True,V1,708.0,0.0,0.0
SPY,20241205,True,,396.0,396.0,396.0,0.0,0.0,True,V1,396.0,0.0,0.0,708.0,708.0,708.0,0.0,0.0,True,V1,708.0,0.0,0.0
SPY,20241206,True,,708.0,708.0,708.0,0.0,0.0,True,V1,708.0,0.0,0.0,548.0,548.0,548.0,0.0,0.0,True,V1,548.0,0.0,0.0
SPY,20241209,False,AssertionError: no persistent signable CALL 25-delta contract,,,,,,,,,,,,,,,,,,,,
SPY,20241210,True,,400.0,400.0,400.0,0.0,0.0,True,V1,400.0,0.0,0.0,548.0,548.0,548.0,0.0,0.0,True,V1,548.0,0.0,0.0
SPY,20241211,True,,400.0,400.0,400.0,0.0,0.0,True,V1,400.0,0.0,0.0,548.0,548.0,548.0,0.0,0.0,True,V1,548.0,0.0,0.0
SPY,20241212,True,,400.0,400.0,400.0,0.0,0.0,True,V1,400.0,0.0,0.0,548.0,548.0,548.0,0.0,0.0,True,V1,548.0,0.0,0.0
SPY,20241213,True,,548.0,548.0,548.0,0.0,0.0,True,V1,548.0,0.0,0.0,1120.0,1120.0,1120.0,0.0,0.0,True,V1,1120.0,0.0,0.0
SPY,20241216,False,AssertionError: no persistent signable CALL 25-delta contract,,,,,,,,,,,,,,,,,,,,
SPY,20241217,True,,432.0,432.0,432.0,0.0,0.0,True,V1,432.0,0.0,0.0,1120.0,1120.0,1120.0,0.0,0.0,True,V1,1120.0,0.0,0.0
SPY,20241218,True,,432.0,432.0,432.0,0.0,0.0,True,V1,432.0,0.0,0.0,1120.0,1120.0,1120.0,0.0,0.0,True,V1,1120.0,0.0,0.0
SPY,20241219,True,,432.0,432.0,432.0,0.0,0.0,True,V1,432.0,0.0,0.0,1120.0,1120.0,1120.0,0.0,0.0,True,V1,1120.0,0.0,0.0
SPY,20241220,True,,1120.0,1120.0,1120.0,0.0,0.0,True,V1,1120.0,0.0,0.0,500.0,500.0,500.0,0.0,0.0,True,V1,500.0,0.0,0.0
SPY,20241223,True,,432.0,432.0,432.0,0.0,0.0,True,V1,432.0,0.0,0.0,504.0,504.0,504.0,0.0,0.0,True,V1,504.0,0.0,0.0
SPY,20241224,True,,432.0,432.0,432.0,0.0,0.0,True,V1,432.0,0.0,0.0,504.0,504.0,504.0,0.0,0.0,True,V1,504.0,0.0,0.0
SPY,20241226,True,,432.0,432.0,432.0,0.0,0.0,True,V1,432.0,0.0,0.0,504.0,504.0,504.0,0.0,0.0,True,V1,504.0,0.0,0.0
SPY,20241227,True,,504.0,504.0,504.0,0.0,0.0,True,V1,504.0,0.0,0.0,484.0,484.0,484.0,0.0,0.0,True,V1,484.0,0.0,0.0
SPY,20241230,True,,452.0,452.0,452.0,0.0,0.0,True,V1,452.0,0.0,0.0,544.0,544.0,544.0,0.0,0.0,True,V1,544.0,0.0,0.0
SPY,20241231,True,,1140.0,1140.0,1140.0,0.0,0.0,True,V1,1140.0,0.0,0.0,544.0,544.0,544.0,0.0,0.0,True,V1,544.0,0.0,0.0
SPY,20250102,True,,444.0,444.0,444.0,0.0,0.0,True,V1,444.0,0.0,0.0,544.0,544.0,544.0,0.0,0.0,True,V1,544.0,0.0,0.0
SPY,20250103,True,,544.0,544.0,544.0,0.0,0.0,True,V1,544.0,0.0,0.0,536.0,536.0,536.0,0.0,0.0,True,V1,536.0,0.0,0.0
SPY,20250106,True,,488.0,488.0,488.0,0.0,0.0,True,V1,488.0,0.0,0.0,536.0,536.0,536.0,0.0,0.0,True,V1,536.0,0.0,0.0
SPY,20250107,True,,504.0,504.0,504.0,0.0,0.0,True,V1,504.0,0.0,0.0,536.0,536.0,536.0,0.0,0.0,True,V1,536.0,0.0,0.0
SPY,20250108,True,,488.0,488.0,488.0,0.0,0.0,True,V1,488.0,0.0,0.0,536.0,536.0,536.0,0.0,0.0,True,V1,536.0,0.0,0.0
SPY,20250110,True,,536.0,536.0,536.0,0.0,0.0,True,V1,536.0,0.0,0.0,1100.0,1100.0,1100.0,0.0,0.0,True,V1,1100.0,0.0,0.0
SPY,20250113,True,,356.0,356.0,356.0,0.0,0.0,True,V1,356.0,0.0,0.0,1112.0,1112.0,1112.0,0.0,0.0,True,V1,1112.0,0.0,0.0
SPY,20250114,True,,468.0,468.0,468.0,0.0,0.0,True,V1,468.0,0.0,0.0,1112.0,1112.0,1112.0,0.0,0.0,True,V1,1112.0,0.0,0.0
SPY,20250115,True,,516.0,516.0,516.0,0.0,0.0,True,V1,516.0,0.0,0.0,1112.0,1112.0,1112.0,0.0,0.0,True,V1,1112.0,0.0,0.0
SPY,20250116,True,,516.0,516.0,516.0,0.0,0.0,True,V1,516.0,0.0,0.0,1112.0,1112.0,1112.0,0.0,0.0,True,V1,1112.0,0.0,0.0
SPY,20250117,True,,1112.0,1112.0,1112.0,0.0,0.0,True,V1,1112.0,0.0,0.0,620.0,620.0,620.0,0.0,0.0,True,V1,620.0,0.0,0.0
SPY,20250121,True,,472.0,472.0,472.0,0.0,0.0,True,V1,472.0,0.0,0.0,620.0,620.0,620.0,0.0,0.0,True,V1,620.0,0.0,0.0
SPY,20250122,True,,500.0,500.0,500.0,0.0,0.0,True,V1,500.0,0.0,0.0,620.0,620.0,620.0,0.0,0.0,True,V1,620.0,0.0,0.0
SPY,20250123,True,,516.0,516.0,516.0,0.0,0.0,True,V1,516.0,0.0,0.0,620.0,620.0,620.0,0.0,0.0,True,V1,620.0,0.0,0.0
SPY,20250124,True,,620.0,620.0,620.0,0.0,0.0,True,V1,620.0,0.0,0.0,836.0,836.0,836.0,0.0,0.0,True,V1,836.0,0.0,0.0
SPY,20250127,True,,404.0,404.0,404.0,0.0,0.0,True,V1,404.0,0.0,0.0,836.0,836.0,836.0,0.0,0.0,True,V1,836.0,0.0,0.0
SPY,20250128,True,,372.0,372.0,372.0,0.0,0.0,True,V1,372.0,0.0,0.0,836.0,836.0,836.0,0.0,0.0,True,V1,836.0,0.0,0.0
SPY,20250129,True,,372.0,372.0,372.0,0.0,0.0,True,V1,372.0,0.0,0.0,836.0,836.0,836.0,0.0,0.0,True,V1,836.0,0.0,0.0
SPY,20250130,True,,388.0,388.0,388.0,0.0,0.0,True,V1,388.0,0.0,0.0,836.0,836.0,836.0,0.0,0.0,True,V1,836.0,0.0,0.0
SPY,20250131,True,,836.0,836.0,836.0,0.0,0.0,True,V1,836.0,0.0,0.0,532.0,532.0,532.0,0.0,0.0,True,V1,532.0,0.0,0.0
SPY,20250203,True,,500.0,500.0,500.0,0.0,0.0,True,V1,500.0,0.0,0.0,532.0,532.0,532.0,0.0,0.0,True,V1,532.0,0.0,0.0
SPY,20250204,True,,500.0,500.0,500.0,0.0,0.0,True,V1,500.0,0.0,0.0,532.0,532.0,532.0,0.0,0.0,True,V1,532.0,0.0,0.0
SPY,20250205,True,,500.0,500.0,500.0,0.0,0.0,True,V1,500.0,0.0,0.0,532.0,532.0,532.0,0.0,0.0,True,V1,532.0,0.0,0.0
SPY,20250206,True,,412.0,412.0,412.0,0.0,0.0,True,V1,412.0,0.0,0.0,532.0,532.0,532.0,0.0,0.0,True,V1,532.0,0.0,0.0
SPY,20250207,True,,532.0,532.0,532.0,0.0,0.0,True,V1,532.0,0.0,0.0,524.0,524.0,524.0,0.0,0.0,True,V1,524.0,0.0,0.0
SPY,20250210,True,,480.0,480.0,480.0,0.0,0.0,True,V1,480.0,0.0,0.0,524.0,524.0,524.0,0.0,0.0,True,V1,524.0,0.0,0.0
SPY,20250211,True,,496.0,496.0,496.0,0.0,0.0,True,V1,496.0,0.0,0.0,524.0,524.0,524.0,0.0,0.0,True,V1,524.0,0.0,0.0
SPY,20250212,True,,496.0,496.0,496.0,0.0,0.0,True,V1,496.0,0.0,0.0,524.0,524.0,524.0,0.0,0.0,True,V1,524.0,0.0,0.0
SPY,20250213,True,,496.0,496.0,496.0,0.0,0.0,True,V1,496.0,0.0,0.0,524.0,524.0,524.0,0.0,0.0,True,V1,524.0,0.0,0.0
SPY,20250214,True,,524.0,524.0,524.0,0.0,0.0,True,V1,524.0,0.0,0.0,724.0,724.0,724.0,0.0,0.0,True,V1,724.0,0.0,0.0
SPY,20250218,True,,404.0,404.0,404.0,0.0,0.0,True,V1,404.0,0.0,0.0,724.0,724.0,724.0,0.0,0.0,True,V1,724.0,0.0,0.0
SPY,20250219,True,,404.0,404.0,404.0,0.0,0.0,True,V1,404.0,0.0,0.0,756.0,756.0,756.0,0.0,0.0,True,V1,756.0,0.0,0.0
SPY,20250220,True,,436.0,436.0,436.0,0.0,0.0,True,V1,436.0,0.0,0.0,756.0,756.0,756.0,0.0,0.0,True,V1,756.0,0.0,0.0
SPY,20250221,True,,756.0,756.0,756.0,0.0,0.0,True,V1,756.0,0.0,0.0,744.0,744.0,744.0,0.0,0.0,True,V1,744.0,0.0,0.0
SPY,20250224,True,,468.0,468.0,468.0,0.0,0.0,True,V1,468.0,0.0,0.0,744.0,744.0,744.0,0.0,0.0,True,V1,744.0,0.0,0.0
SPY,20250225,True,,468.0,468.0,468.0,0.0,0.0,True,V1,468.0,0.0,0.0,744.0,744.0,744.0,0.0,0.0,True,V1,744.0,0.0,0.0
SPY,20250226,True,,396.0,396.0,396.0,0.0,0.0,True,V1,396.0,0.0,0.0,744.0,744.0,744.0,0.0,0.0,True,V1,744.0,0.0,0.0
SPY,20250227,True,,412.0,412.0,412.0,0.0,0.0,True,V1,412.0,0.0,0.0,744.0,744.0,744.0,0.0,0.0,True,V1,744.0,0.0,0.0
SPY,20250228,True,,744.0,744.0,744.0,0.0,0.0,True,V1,744.0,0.0,0.0,552.0,552.0,552.0,0.0,0.0,True,V1,552.0,0.0,0.0
SPY,20250303,True,,532.0,532.0,532.0,0.0,0.0,True,V1,532.0,0.0,0.0,552.0,552.0,552.0,0.0,0.0,True,V1,552.0,0.0,0.0
SPY,20250304,True,,532.0,532.0,532.0,0.0,0.0,True,V1,532.0,0.0,0.0,552.0,552.0,552.0,0.0,0.0,True,V1,552.0,0.0,0.0
SPY,20250305,True,,552.0,552.0,552.0,0.0,0.0,True,V1,552.0,0.0,0.0,656.0,656.0,656.0,0.0,0.0,True,V1,656.0,0.0,0.0
SPY,20250306,True,,592.0,592.0,592.0,0.0,0.0,True,V1,592.0,0.0,0.0,656.0,656.0,656.0,0.0,0.0,True,V1,656.0,0.0,0.0
SPY,20250307,True,,656.0,656.0,656.0,0.0,0.0,True,V1,656.0,0.0,0.0,724.0,724.0,724.0,0.0,0.0,True,V1,724.0,0.0,0.0
SPY,20250310,True,,588.0,588.0,588.0,0.0,0.0,True,V1,588.0,0.0,0.0,724.0,724.0,724.0,0.0,0.0,True,V1,724.0,0.0,0.0
SPY,20250311,True,,588.0,588.0,588.0,0.0,0.0,True,V1,588.0,0.0,0.0,744.0,744.0,744.0,0.0,0.0,True,V1,744.0,0.0,0.0
SPY,20250312,True,,720.0,720.0,720.0,0.0,0.0,True,V1,720.0,0.0,0.0,776.0,776.0,776.0,0.0,0.0,True,V1,776.0,0.0,0.0
SPY,20250313,True,,684.0,684.0,684.0,0.0,0.0,True,V1,684.0,0.0,0.0,776.0,776.0,776.0,0.0,0.0,True,V1,776.0,0.0,0.0
SPY,20250314,True,,776.0,776.0,776.0,0.0,0.0,True,V1,776.0,0.0,0.0,1056.0,1056.0,1056.0,0.0,0.0,True,V1,1056.0,0.0,0.0
SPY,20250317,True,,720.0,720.0,720.0,0.0,0.0,True,V1,720.0,0.0,0.0,1056.0,1056.0,1056.0,0.0,0.0,True,V1,1056.0,0.0,0.0
SPY,20250318,True,,652.0,652.0,652.0,0.0,0.0,True,V1,652.0,0.0,0.0,1060.0,1060.0,1060.0,0.0,0.0,True,V1,1060.0,0.0,0.0
SPY,20250319,True,,652.0,652.0,652.0,0.0,0.0,True,V1,652.0,0.0,0.0,1060.0,1060.0,1060.0,0.0,0.0,True,V1,1060.0,0.0,0.0
SPY,20250320,True,,588.0,588.0,588.0,0.0,0.0,True,V1,588.0,0.0,0.0,1060.0,1060.0,1060.0,0.0,0.0,True,V1,1060.0,0.0,0.0
SPY,20250321,True,,1060.0,1060.0,1060.0,0.0,0.0,True,V1,1060.0,0.0,0.0,760.0,760.0,760.0,0.0,0.0,True,V1,760.0,0.0,0.0
SPY,20250324,True,,540.0,540.0,540.0,0.0,0.0,True,V1,540.0,0.0,0.0,776.0,776.0,776.0,0.0,0.0,True,V1,776.0,0.0,0.0
SPY,20250325,True,,540.0,540.0,540.0,0.0,0.0,True,V1,540.0,0.0,0.0,776.0,776.0,776.0,0.0,0.0,True,V1,776.0,0.0,0.0
SPY,20250326,True,,556.0,556.0,556.0,0.0,0.0,True,V1,556.0,0.0,0.0,776.0,776.0,776.0,0.0,0.0,True,V1,776.0,0.0,0.0
SPY,20250327,True,,572.0,572.0,572.0,0.0,0.0,True,V1,572.0,0.0,0.0,776.0,776.0,776.0,0.0,0.0,True,V1,776.0,0.0,0.0
SPY,20250328,True,,776.0,776.0,776.0,0.0,0.0,True,V1,776.0,0.0,0.0,752.0,752.0,752.0,0.0,0.0,True,V1,752.0,0.0,0.0
SPY,20250331,True,,824.0,824.0,824.0,0.0,0.0,True,V1,824.0,0.0,0.0,752.0,752.0,752.0,0.0,0.0,True,V1,752.0,0.0,0.0
SPY,20250401,True,,540.0,540.0,540.0,0.0,0.0,True,V1,540.0,0.0,0.0,772.0,772.0,772.0,0.0,0.0,True,V1,772.0,0.0,0.0
SPY,20250402,True,,576.0,576.0,576.0,0.0,0.0,True,V1,576.0,0.0,0.0,772.0,772.0,772.0,0.0,0.0,True,V1,772.0,0.0,0.0
SPY,20250403,True,,576.0,576.0,576.0,0.0,0.0,True,V1,576.0,0.0,0.0,772.0,772.0,772.0,0.0,0.0,True,V1,772.0,0.0,0.0
SPY,20250404,True,,772.0,772.0,772.0,0.0,0.0,True,V1,772.0,0.0,0.0,804.0,804.0,804.0,0.0,0.0,True,V1,804.0,0.0,0.0
SPY,20250407,True,,844.0,844.0,844.0,0.0,0.0,True,V1,844.0,0.0,0.0,1024.0,1024.0,1024.0,0.0,0.0,True,V1,1024.0,0.0,0.0
SPY,20250408,True,,924.0,924.0,924.0,0.0,0.0,True,V1,924.0,0.0,0.0,1164.0,1164.0,1164.0,0.0,0.0,True,V1,1164.0,0.0,0.0
SPY,20250409,True,,936.0,936.0,936.0,0.0,0.0,True,V1,936.0,0.0,0.0,1164.0,1164.0,1164.0,0.0,0.0,True,V1,1164.0,0.0,0.0
SPY,20250410,True,,956.0,956.0,956.0,0.0,0.0,True,V1,956.0,0.0,0.0,1164.0,1164.0,1164.0,0.0,0.0,True,V1,1164.0,0.0,0.0
SPY,20250411,True,,1164.0,1164.0,1164.0,0.0,0.0,True,V1,1164.0,0.0,0.0,1532.0,1532.0,1532.0,0.0,0.0,True,V1,1532.0,0.0,0.0
SPY,20250414,True,,1004.0,1004.0,1004.0,0.0,0.0,True,V1,1004.0,0.0,0.0,1532.0,1532.0,1532.0,0.0,0.0,True,V1,1532.0,0.0,0.0
SPY,20250415,True,,1004.0,1004.0,1004.0,0.0,0.0,True,V1,1004.0,0.0,0.0,1532.0,1532.0,1532.0,0.0,0.0,True,V1,1532.0,0.0,0.0
SPY,20250416,True,,1008.0,1008.0,1008.0,0.0,0.0,True,V1,1008.0,0.0,0.0,1532.0,1532.0,1532.0,0.0,0.0,True,V1,1532.0,0.0,0.0
SPY,20250417,True,,1532.0,1532.0,1532.0,0.0,0.0,True,V1,1532.0,0.0,0.0,1168.0,1168.0,1168.0,0.0,0.0,True,V1,1168.0,0.0,0.0
SPY,20250421,True,,1244.0,1244.0,1244.0,0.0,0.0,True,V1,1244.0,0.0,0.0,1168.0,1168.0,1168.0,0.0,0.0,True,V1,1168.0,0.0,0.0
SPY,20250422,True,,1068.0,1068.0,1068.0,0.0,0.0,True,V1,1068.0,0.0,0.0,1168.0,1168.0,1168.0,0.0,0.0,True,V1,1168.0,0.0,0.0
SPY,20250423,True,,1100.0,1100.0,1100.0,0.0,0.0,True,V1,1100.0,0.0,0.0,1168.0,1168.0,1168.0,0.0,0.0,True,V1,1168.0,0.0,0.0
SPY,20250424,True,,1096.0,1096.0,1096.0,0.0,0.0,True,V1,1096.0,0.0,0.0,1168.0,1168.0,1168.0,0.0,0.0,True,V1,1168.0,0.0,0.0
SPY,20250425,True,,1168.0,1168.0,1168.0,0.0,0.0,True,V1,1168.0,0.0,0.0,860.0,860.0,860.0,0.0,0.0,True,V1,860.0,0.0,0.0
SPY,20250428,True,,756.0,756.0,756.0,0.0,0.0,True,V1,756.0,0.0,0.0,860.0,860.0,860.0,0.0,0.0,True,V1,860.0,0.0,0.0
SPY,20250429,True,,772.0,772.0,772.0,0.0,0.0,True,V1,772.0,0.0,0.0,860.0,860.0,860.0,0.0,0.0,True,V1,860.0,0.0,0.0
SPY,20250430,True,,1040.0,1040.0,1040.0,0.0,0.0,True,V1,1040.0,0.0,0.0,860.0,860.0,860.0,0.0,0.0,True,V1,860.0,0.0,0.0
SPY,20250501,True,,772.0,772.0,772.0,0.0,0.0,True,V1,772.0,0.0,0.0,860.0,860.0,860.0,0.0,0.0,True,V1,860.0,0.0,0.0
SPY,20250502,True,,860.0,860.0,860.0,0.0,0.0,True,V1,860.0,0.0,0.0,764.0,764.0,764.0,0.0,0.0,True,V1,764.0,0.0,0.0
SPY,20250505,True,,936.0,936.0,936.0,0.0,0.0,True,V1,936.0,0.0,0.0,828.0,828.0,828.0,0.0,0.0,True,V1,828.0,0.0,0.0
SPY,20250506,True,,792.0,792.0,792.0,0.0,0.0,True,V1,792.0,0.0,0.0,828.0,828.0,828.0,0.0,0.0,True,V1,828.0,0.0,0.0
SPY,20250507,True,,772.0,772.0,772.0,0.0,0.0,True,V1,772.0,0.0,0.0,828.0,828.0,828.0,0.0,0.0,True,V1,828.0,0.0,0.0
SPY,20250508,True,,768.0,768.0,768.0,0.0,0.0,True,V1,768.0,0.0,0.0,828.0,828.0,828.0,0.0,0.0,True,V1,828.0,0.0,0.0
SPY,20250509,True,,828.0,828.0,828.0,0.0,0.0,True,V1,828.0,0.0,0.0,1240.0,1240.0,1240.0,0.0,0.0,True,V1,1240.0,0.0,0.0
SPY,20250512,True,,740.0,740.0,740.0,0.0,0.0,True,V1,740.0,0.0,0.0,1240.0,1240.0,1240.0,0.0,0.0,True,V1,1240.0,0.0,0.0
SPY,20250513,True,,740.0,740.0,740.0,0.0,0.0,True,V1,740.0,0.0,0.0,1240.0,1240.0,1240.0,0.0,0.0,True,V1,1240.0,0.0,0.0
SPY,20250514,True,,736.0,736.0,736.0,0.0,0.0,True,V1,736.0,0.0,0.0,1240.0,1240.0,1240.0,0.0,0.0,True,V1,1240.0,0.0,0.0
SPY,20250515,True,,736.0,736.0,736.0,0.0,0.0,True,V1,736.0,0.0,0.0,1240.0,1240.0,1240.0,0.0,0.0,True,V1,1240.0,0.0,0.0
SPY,20250516,True,,1240.0,1240.0,1240.0,0.0,0.0,True,V1,1240.0,0.0,0.0,652.0,652.0,652.0,0.0,0.0,True,V1,652.0,0.0,0.0
SPY,20250519,True,,656.0,656.0,656.0,0.0,0.0,True,V1,656.0,0.0,0.0,672.0,672.0,672.0,0.0,0.0,True,V1,672.0,0.0,0.0
SPY,20250520,True,,604.0,604.0,604.0,0.0,0.0,True,V1,604.0,0.0,0.0,712.0,712.0,712.0,0.0,0.0,True,V1,712.0,0.0,0.0
SPY,20250521,True,,620.0,620.0,620.0,0.0,0.0,True,V1,620.0,0.0,0.0,712.0,712.0,712.0,0.0,0.0,True,V1,712.0,0.0,0.0
SPY,20250522,True,,588.0,588.0,588.0,0.0,0.0,True,V1,588.0,0.0,0.0,712.0,712.0,712.0,0.0,0.0,True,V1,712.0,0.0,0.0
SPY,20250523,True,,712.0,712.0,712.0,0.0,0.0,True,V1,712.0,0.0,0.0,756.0,756.0,756.0,0.0,0.0,True,V1,756.0,0.0,0.0
SPY,20250527,True,,460.0,460.0,460.0,0.0,0.0,True,V1,460.0,0.0,0.0,756.0,756.0,756.0,0.0,0.0,True,V1,756.0,0.0,0.0
SPY,20250528,True,,404.0,404.0,404.0,0.0,0.0,True,V1,404.0,0.0,0.0,756.0,756.0,756.0,0.0,0.0,True,V1,756.0,0.0,0.0
SPY,20250529,True,,524.0,524.0,524.0,0.0,0.0,True,V1,524.0,0.0,0.0,756.0,756.0,756.0,0.0,0.0,True,V1,756.0,0.0,0.0
SPY,20250530,True,,756.0,756.0,756.0,0.0,0.0,True,V1,756.0,0.0,0.0,620.0,620.0,620.0,0.0,0.0,True,V1,620.0,0.0,0.0
SPY,20250602,True,,548.0,548.0,548.0,0.0,0.0,True,V1,548.0,0.0,0.0,620.0,620.0,620.0,0.0,0.0,True,V1,620.0,0.0,0.0
SPY,20250603,True,,524.0,524.0,524.0,0.0,0.0,True,V1,524.0,0.0,0.0,620.0,620.0,620.0,0.0,0.0,True,V1,620.0,0.0,0.0
SPY,20250604,True,,524.0,524.0,524.0,0.0,0.0,True,V1,524.0,0.0,0.0,620.0,620.0,620.0,0.0,0.0,True,V1,620.0,0.0,0.0
SPY,20250605,True,,312.0,312.0,312.0,0.0,0.0,True,V1,312.0,0.0,0.0,620.0,620.0,620.0,0.0,0.0,True,V1,620.0,0.0,0.0
SPY,20250606,True,,620.0,620.0,620.0,0.0,0.0,True,V1,620.0,0.0,0.0,632.0,632.0,632.0,0.0,0.0,True,V1,632.0,0.0,0.0
SPY,20250609,True,,564.0,564.0,564.0,0.0,0.0,True,V1,564.0,0.0,0.0,632.0,632.0,632.0,0.0,0.0,True,V1,632.0,0.0,0.0
SPY,20250610,True,,564.0,564.0,564.0,0.0,0.0,True,V1,564.0,0.0,0.0,636.0,636.0,636.0,0.0,0.0,True,V1,636.0,0.0,0.0
SPY,20250611,True,,564.0,564.0,564.0,0.0,0.0,True,V1,564.0,0.0,0.0,636.0,636.0,636.0,0.0,0.0,True,V1,636.0,0.0,0.0
SPY,20250612,True,,564.0,564.0,564.0,0.0,0.0,True,V1,564.0,0.0,0.0,636.0,636.0,636.0,0.0,0.0,True,V1,636.0,0.0,0.0
SPY,20250613,True,,636.0,636.0,636.0,0.0,0.0,True,V1,636.0,0.0,0.0,1156.0,1156.0,1156.0,0.0,0.0,True,V1,1156.0,0.0,0.0
SPY,20250616,True,,476.0,476.0,476.0,0.0,0.0,True,V1,476.0,0.0,0.0,1156.0,1156.0,1156.0,0.0,0.0,True,V1,1156.0,0.0,0.0
SPY,20250617,True,,484.0,484.0,484.0,0.0,0.0,True,V1,484.0,0.0,0.0,1156.0,1156.0,1156.0,0.0,0.0,True,V1,1156.0,0.0,0.0
SPY,20250618,True,,404.0,404.0,404.0,0.0,0.0,True,V1,404.0,0.0,0.0,1156.0,1156.0,1156.0,0.0,0.0,True,V1,1156.0,0.0,0.0
SPY,20250620,True,,1156.0,1156.0,1156.0,0.0,0.0,True,V1,1156.0,0.0,0.0,528.0,528.0,528.0,0.0,0.0,True,V1,528.0,0.0,0.0
SPY,20250623,True,,412.0,412.0,412.0,0.0,0.0,True,V1,412.0,0.0,0.0,528.0,528.0,528.0,0.0,0.0,True,V1,528.0,0.0,0.0
SPY,20250624,True,,364.0,364.0,364.0,0.0,0.0,True,V1,364.0,0.0,0.0,528.0,528.0,528.0,0.0,0.0,True,V1,528.0,0.0,0.0
SPY,20250625,True,,364.0,364.0,364.0,0.0,0.0,True,V1,364.0,0.0,0.0,528.0,528.0,528.0,0.0,0.0,True,V1,528.0,0.0,0.0
SPY,20250626,True,,524.0,524.0,524.0,0.0,0.0,True,V1,524.0,0.0,0.0,688.0,688.0,688.0,0.0,0.0,True,V1,688.0,0.0,0.0
SPY,20250627,True,,688.0,688.0,688.0,0.0,0.0,True,V1,688.0,0.0,0.0,668.0,668.0,668.0,0.0,0.0,True,V1,668.0,0.0,0.0
SPY,20250630,True,,956.0,956.0,956.0,0.0,0.0,True,V1,956.0,0.0,0.0,668.0,668.0,668.0,0.0,0.0,True,V1,668.0,0.0,0.0
SPY,20250701,True,,540.0,540.0,540.0,0.0,0.0,True,V1,540.0,0.0,0.0,668.0,668.0,668.0,0.0,0.0,True,V1,668.0,0.0,0.0
SPY,20250702,True,,540.0,540.0,540.0,0.0,0.0,True,V1,540.0,0.0,0.0,668.0,668.0,668.0,0.0,0.0,True,V1,668.0,0.0,0.0
SPY,20250703,True,,668.0,668.0,668.0,0.0,0.0,True,V1,668.0,0.0,0.0,492.0,492.0,492.0,0.0,0.0,True,V1,492.0,0.0,0.0
SPY,20250707,True,,444.0,444.0,444.0,0.0,0.0,True,V1,444.0,0.0,0.0,540.0,540.0,540.0,0.0,0.0,True,V1,540.0,0.0,0.0
SPY,20250708,True,,424.0,424.0,424.0,0.0,0.0,True,V1,424.0,0.0,0.0,552.0,552.0,552.0,0.0,0.0,True,V1,552.0,0.0,0.0
SPY,20250709,True,,436.0,436.0,436.0,0.0,0.0,True,V1,436.0,0.0,0.0,552.0,552.0,552.0,0.0,0.0,True,V1,552.0,0.0,0.0
SPY,20250710,True,,456.0,456.0,456.0,0.0,0.0,True,V1,456.0,0.0,0.0,552.0,552.0,552.0,0.0,0.0,True,V1,552.0,0.0,0.0
SPY,20250711,True,,552.0,552.0,552.0,0.0,0.0,True,V1,552.0,0.0,0.0,1048.0,1048.0,1048.0,0.0,0.0,True,V1,1048.0,0.0,0.0
SPY,20250714,True,,388.0,388.0,388.0,0.0,0.0,True,V1,388.0,0.0,0.0,1048.0,1048.0,1048.0,0.0,0.0,True,V1,1048.0,0.0,0.0
SPY,20250715,True,,420.0,420.0,420.0,0.0,0.0,True,V1,420.0,0.0,0.0,1048.0,1048.0,1048.0,0.0,0.0,True,V1,1048.0,0.0,0.0
SPY,20250716,True,,440.0,440.0,440.0,0.0,0.0,True,V1,440.0,0.0,0.0,1048.0,1048.0,1048.0,0.0,0.0,True,V1,1048.0,0.0,0.0
SPY,20250717,True,,496.0,496.0,496.0,0.0,0.0,True,V1,496.0,0.0,0.0,1048.0,1048.0,1048.0,0.0,0.0,True,V1,1048.0,0.0,0.0
SPY,20250718,True,,1048.0,1048.0,1048.0,0.0,0.0,True,V1,1048.0,0.0,0.0,528.0,528.0,528.0,0.0,0.0,True,V1,528.0,0.0,0.0
SPY,20250721,True,,452.0,452.0,452.0,0.0,0.0,True,V1,452.0,0.0,0.0,548.0,548.0,548.0,0.0,0.0,True,V1,548.0,0.0,0.0
SPY,20250722,True,,416.0,416.0,416.0,0.0,0.0,True,V1,416.0,0.0,0.0,548.0,548.0,548.0,0.0,0.0,True,V1,548.0,0.0,0.0
SPY,20250723,True,,412.0,412.0,412.0,0.0,0.0,True,V1,412.0,0.0,0.0,548.0,548.0,548.0,0.0,0.0,True,V1,548.0,0.0,0.0
SPY,20250724,True,,428.0,428.0,428.0,0.0,0.0,True,V1,428.0,0.0,0.0,548.0,548.0,548.0,0.0,0.0,True,V1,548.0,0.0,0.0
SPY,20250725,True,,548.0,548.0,548.0,0.0,0.0,True,V1,548.0,0.0,0.0,528.0,528.0,528.0,0.0,0.0,True,V1,528.0,0.0,0.0
SPY,20250728,True,,448.0,448.0,448.0,0.0,0.0,True,V1,448.0,0.0,0.0,536.0,536.0,536.0,0.0,0.0,True,V1,536.0,0.0,0.0
SPY,20250729,True,,404.0,404.0,404.0,0.0,0.0,True,V1,404.0,0.0,0.0,536.0,536.0,536.0,0.0,0.0,True,V1,536.0,0.0,0.0
SPY,20250730,True,,420.0,420.0,420.0,0.0,0.0,True,V1,420.0,0.0,0.0,536.0,536.0,536.0,0.0,0.0,True,V1,536.0,0.0,0.0
SPY,20250731,True,,848.0,848.0,848.0,0.0,0.0,True,V1,848.0,0.0,0.0,536.0,536.0,536.0,0.0,0.0,True,V1,536.0,0.0,0.0
SPY,20250801,True,,536.0,536.0,536.0,0.0,0.0,True,V1,536.0,0.0,0.0,524.0,524.0,524.0,0.0,0.0,True,V1,524.0,0.0,0.0
SPY,20250804,True,,464.0,464.0,464.0,0.0,0.0,True,V1,464.0,0.0,0.0,524.0,524.0,524.0,0.0,0.0,True,V1,524.0,0.0,0.0
SPY,20250805,True,,384.0,384.0,384.0,0.0,0.0,True,V1,384.0,0.0,0.0,524.0,524.0,524.0,0.0,0.0,True,V1,524.0,0.0,0.0
SPY,20250806,True,,384.0,384.0,384.0,0.0,0.0,True,V1,384.0,0.0,0.0,524.0,524.0,524.0,0.0,0.0,True,V1,524.0,0.0,0.0
SPY,20250807,True,,368.0,368.0,368.0,0.0,0.0,True,V1,368.0,0.0,0.0,524.0,524.0,524.0,0.0,0.0,True,V1,524.0,0.0,0.0
SPY,20250808,True,,524.0,524.0,524.0,0.0,0.0,True,V1,524.0,0.0,0.0,1192.0,1192.0,1192.0,0.0,0.0,True,V1,1192.0,0.0,0.0
SPY,20250811,True,,440.0,440.0,440.0,0.0,0.0,True,V1,440.0,0.0,0.0,1192.0,1192.0,1192.0,0.0,0.0,True,V1,1192.0,0.0,0.0
SPY,20250812,True,,440.0,440.0,440.0,0.0,0.0,True,V1,440.0,0.0,0.0,1192.0,1192.0,1192.0,0.0,0.0,True,V1,1192.0,0.0,0.0
SPY,20250813,True,,496.0,496.0,496.0,0.0,0.0,True,V1,496.0,0.0,0.0,1220.0,1220.0,1220.0,0.0,0.0,True,V1,1220.0,0.0,0.0
SPY,20250814,True,,496.0,496.0,496.0,0.0,0.0,True,V1,496.0,0.0,0.0,1220.0,1220.0,1220.0,0.0,0.0,True,V1,1220.0,0.0,0.0
SPY,20250815,True,,1220.0,1220.0,1220.0,0.0,0.0,True,V1,1220.0,0.0,0.0,560.0,560.0,560.0,0.0,0.0,True,V1,560.0,0.0,0.0
SPY,20250818,True,,464.0,464.0,464.0,0.0,0.0,True,V1,464.0,0.0,0.0,560.0,560.0,560.0,0.0,0.0,True,V1,560.0,0.0,0.0
SPY,20250819,True,,464.0,464.0,464.0,0.0,0.0,True,V1,464.0,0.0,0.0,560.0,560.0,560.0,0.0,0.0,True,V1,560.0,0.0,0.0
SPY,20250820,True,,496.0,496.0,496.0,0.0,0.0,True,V1,496.0,0.0,0.0,560.0,560.0,560.0,0.0,0.0,True,V1,560.0,0.0,0.0
SPY,20250821,True,,512.0,512.0,512.0,0.0,0.0,True,V1,512.0,0.0,0.0,560.0,560.0,560.0,0.0,0.0,True,V1,560.0,0.0,0.0
SPY,20250822,True,,560.0,560.0,560.0,0.0,0.0,True,V1,560.0,0.0,0.0,740.0,740.0,740.0,0.0,0.0,True,V1,740.0,0.0,0.0
SPY,20250825,True,,544.0,544.0,544.0,0.0,0.0,True,V1,544.0,0.0,0.0,740.0,740.0,740.0,0.0,0.0,True,V1,740.0,0.0,0.0
SPY,20250826,True,,544.0,544.0,544.0,0.0,0.0,True,V1,544.0,0.0,0.0,744.0,744.0,744.0,0.0,0.0,True,V1,744.0,0.0,0.0
SPY,20250827,True,,564.0,564.0,564.0,0.0,0.0,True,V1,564.0,0.0,0.0,744.0,744.0,744.0,0.0,0.0,True,V1,744.0,0.0,0.0
SPY,20250828,True,,568.0,568.0,568.0,0.0,0.0,True,V1,568.0,0.0,0.0,744.0,744.0,744.0,0.0,0.0,True,V1,744.0,0.0,0.0
SPY,20250829,True,,744.0,744.0,744.0,0.0,0.0,True,V1,744.0,0.0,0.0,504.0,504.0,504.0,0.0,0.0,True,V1,504.0,0.0,0.0
SPY,20250902,True,,404.0,404.0,404.0,0.0,0.0,True,V1,404.0,0.0,0.0,504.0,504.0,504.0,0.0,0.0,True,V1,504.0,0.0,0.0
SPY,20250903,True,,412.0,412.0,412.0,0.0,0.0,True,V1,412.0,0.0,0.0,504.0,504.0,504.0,0.0,0.0,True,V1,504.0,0.0,0.0
SPY,20250904,True,,532.0,532.0,532.0,0.0,0.0,True,V1,532.0,0.0,0.0,504.0,504.0,504.0,0.0,0.0,True,V1,504.0,0.0,0.0
SPY,20250905,True,,504.0,504.0,504.0,0.0,0.0,True,V1,504.0,0.0,0.0,560.0,560.0,560.0,0.0,0.0,True,V1,560.0,0.0,0.0
SPY,20250908,True,,404.0,404.0,404.0,0.0,0.0,True,V1,404.0,0.0,0.0,560.0,560.0,560.0,0.0,0.0,True,V1,560.0,0.0,0.0
SPY,20250909,True,,412.0,412.0,412.0,0.0,0.0,True,V1,412.0,0.0,0.0,640.0,640.0,640.0,0.0,0.0,True,V1,640.0,0.0,0.0
SPY,20250910,True,,524.0,524.0,524.0,0.0,0.0,True,V1,524.0,0.0,0.0,640.0,640.0,640.0,0.0,0.0,True,V1,640.0,0.0,0.0
SPY,20250911,True,,584.0,584.0,584.0,0.0,0.0,True,V1,584.0,0.0,0.0,640.0,640.0,640.0,0.0,0.0,True,V1,640.0,0.0,0.0
SPY,20250912,True,,640.0,640.0,640.0,0.0,0.0,True,V1,640.0,0.0,0.0,1208.0,1208.0,1208.0,0.0,0.0,True,V1,1208.0,0.0,0.0
SPY,20250915,True,,808.0,808.0,808.0,0.0,0.0,True,V1,808.0,0.0,0.0,1208.0,1208.0,1208.0,0.0,0.0,True,V1,1208.0,0.0,0.0
SPY,20250916,True,,808.0,808.0,808.0,0.0,0.0,True,V1,808.0,0.0,0.0,1208.0,1208.0,1208.0,0.0,0.0,True,V1,1208.0,0.0,0.0
SPY,20250917,True,,832.0,832.0,832.0,0.0,0.0,True,V1,832.0,0.0,0.0,1208.0,1208.0,1208.0,0.0,0.0,True,V1,1208.0,0.0,0.0
SPY,20250918,True,,848.0,848.0,848.0,0.0,0.0,True,V1,848.0,0.0,0.0,1208.0,1208.0,1208.0,0.0,0.0,True,V1,1208.0,0.0,0.0
SPY,20250919,True,,1208.0,1208.0,1208.0,0.0,0.0,True,V1,1208.0,0.0,0.0,724.0,724.0,724.0,0.0,0.0,True,V1,724.0,0.0,0.0
SPY,20250922,True,,552.0,552.0,552.0,0.0,0.0,True,V1,552.0,0.0,0.0,724.0,724.0,724.0,0.0,0.0,True,V1,724.0,0.0,0.0
SPY,20250923,True,,468.0,468.0,468.0,0.0,0.0,True,V1,468.0,0.0,0.0,724.0,724.0,724.0,0.0,0.0,True,V1,724.0,0.0,0.0
SPY,20250924,True,,496.0,496.0,496.0,0.0,0.0,True,V1,496.0,0.0,0.0,736.0,736.0,736.0,0.0,0.0,True,V1,736.0,0.0,0.0
SPY,20250925,True,,528.0,528.0,528.0,0.0,0.0,True,V1,528.0,0.0,0.0,736.0,736.0,736.0,0.0,0.0,True,V1,736.0,0.0,0.0
SPY,20250926,True,,736.0,736.0,736.0,0.0,0.0,True,V1,736.0,0.0,0.0,828.0,828.0,828.0,0.0,0.0,True,V1,828.0,0.0,0.0
SPY,20250929,True,,664.0,664.0,664.0,0.0,0.0,True,V1,664.0,0.0,0.0,828.0,828.0,828.0,0.0,0.0,True,V1,828.0,0.0,0.0
SPY,20250930,True,,952.0,952.0,952.0,0.0,0.0,True,V1,952.0,0.0,0.0,828.0,828.0,828.0,0.0,0.0,True,V1,828.0,0.0,0.0
SPY,20251001,True,,664.0,664.0,664.0,0.0,0.0,True,V1,664.0,0.0,0.0,828.0,828.0,828.0,0.0,0.0,True,V1,828.0,0.0,0.0
SPY,20251002,True,,664.0,664.0,664.0,0.0,0.0,True,V1,664.0,0.0,0.0,828.0,828.0,828.0,0.0,0.0,True,V1,828.0,0.0,0.0
SPY,20251003,True,,828.0,828.0,828.0,0.0,0.0,True,V1,828.0,0.0,0.0,800.0,800.0,800.0,0.0,0.0,True,V1,800.0,0.0,0.0
SPY,20251006,True,,664.0,664.0,664.0,0.0,0.0,True,V1,664.0,0.0,0.0,800.0,800.0,800.0,0.0,0.0,True,V1,800.0,0.0,0.0
SPY,20251007,True,,664.0,664.0,664.0,0.0,0.0,True,V1,664.0,0.0,0.0,800.0,800.0,800.0,0.0,0.0,True,V1,800.0,0.0,0.0
SPY,20251008,True,,568.0,568.0,568.0,0.0,0.0,True,V1,568.0,0.0,0.0,800.0,800.0,800.0,0.0,0.0,True,V1,800.0,0.0,0.0
SPY,20251009,True,,504.0,504.0,504.0,0.0,0.0,True,V1,504.0,0.0,0.0,800.0,800.0,800.0,0.0,0.0,True,V1,800.0,0.0,0.0
SPY,20251010,True,,800.0,800.0,800.0,0.0,0.0,True,V1,800.0,0.0,0.0,820.0,820.0,820.0,0.0,0.0,True,V1,820.0,0.0,0.0
SPY,20251013,True,,508.0,508.0,508.0,0.0,0.0,True,V1,508.0,0.0,0.0,820.0,820.0,820.0,0.0,0.0,True,V1,820.0,0.0,0.0
SPY,20251014,True,,508.0,508.0,508.0,0.0,0.0,True,V1,508.0,0.0,0.0,820.0,820.0,820.0,0.0,0.0,True,V1,820.0,0.0,0.0
SPY,20251015,True,,540.0,540.0,540.0,0.0,0.0,True,V1,540.0,0.0,0.0,820.0,820.0,820.0,0.0,0.0,True,V1,820.0,0.0,0.0
SPY,20251016,True,,540.0,540.0,540.0,0.0,0.0,True,V1,540.0,0.0,0.0,820.0,820.0,820.0,0.0,0.0,True,V1,820.0,0.0,0.0
SPY,20251017,True,,820.0,820.0,820.0,0.0,0.0,True,V1,820.0,0.0,0.0,616.0,616.0,616.0,0.0,0.0,True,V1,616.0,0.0,0.0
SPY,20251020,True,,540.0,540.0,540.0,0.0,0.0,True,V1,540.0,0.0,0.0,616.0,616.0,616.0,0.0,0.0,True,V1,616.0,0.0,0.0
SPY,20251021,True,,540.0,540.0,540.0,0.0,0.0,True,V1,540.0,0.0,0.0,616.0,616.0,616.0,0.0,0.0,True,V1,616.0,0.0,0.0
SPY,20251022,True,,540.0,540.0,540.0,0.0,0.0,True,V1,540.0,0.0,0.0,616.0,616.0,616.0,0.0,0.0,True,V1,616.0,0.0,0.0
SPY,20251023,True,,540.0,540.0,540.0,0.0,0.0,True,V1,540.0,0.0,0.0,616.0,616.0,616.0,0.0,0.0,True,V1,616.0,0.0,0.0
SPY,20251024,True,,616.0,616.0,616.0,0.0,0.0,True,V1,616.0,0.0,0.0,1056.0,1056.0,1056.0,0.0,0.0,True,V1,1056.0,0.0,0.0
SPY,20251027,True,,540.0,540.0,540.0,0.0,0.0,True,V1,540.0,0.0,0.0,1056.0,1056.0,1056.0,0.0,0.0,True,V1,1056.0,0.0,0.0
SPY,20251028,True,,572.0,572.0,572.0,0.0,0.0,True,V1,572.0,0.0,0.0,1056.0,1056.0,1056.0,0.0,0.0,True,V1,1056.0,0.0,0.0
SPY,20251029,True,,572.0,572.0,572.0,0.0,0.0,True,V1,572.0,0.0,0.0,1064.0,1064.0,1064.0,0.0,0.0,True,V1,1064.0,0.0,0.0
SPY,20251030,True,,584.0,584.0,584.0,0.0,0.0,True,V1,584.0,0.0,0.0,1068.0,1068.0,1068.0,0.0,0.0,True,V1,1068.0,0.0,0.0
SPY,20251031,True,,1068.0,1068.0,1068.0,0.0,0.0,True,V1,1068.0,0.0,0.0,632.0,632.0,632.0,0.0,0.0,True,V1,632.0,0.0,0.0
SPY,20251103,True,,468.0,468.0,468.0,0.0,0.0,True,V1,468.0,0.0,0.0,632.0,632.0,632.0,0.0,0.0,True,V1,632.0,0.0,0.0
SPY,20251104,True,,468.0,468.0,468.0,0.0,0.0,True,V1,468.0,0.0,0.0,632.0,632.0,632.0,0.0,0.0,True,V1,632.0,0.0,0.0
SPY,20251105,True,,468.0,468.0,468.0,0.0,0.0,True,V1,468.0,0.0,0.0,632.0,632.0,632.0,0.0,0.0,True,V1,632.0,0.0,0.0
SPY,20251106,True,,468.0,468.0,468.0,0.0,0.0,True,V1,468.0,0.0,0.0,632.0,632.0,632.0,0.0,0.0,True,V1,632.0,0.0,0.0
SPY,20251107,True,,632.0,632.0,632.0,0.0,0.0,True,V1,632.0,0.0,0.0,620.0,620.0,620.0,0.0,0.0,True,V1,620.0,0.0,0.0
SPY,20251110,True,,516.0,516.0,516.0,0.0,0.0,True,V1,516.0,0.0,0.0,628.0,628.0,628.0,0.0,0.0,True,V1,628.0,0.0,0.0
SPY,20251111,True,,516.0,516.0,516.0,0.0,0.0,True,V1,516.0,0.0,0.0,628.0,628.0,628.0,0.0,0.0,True,V1,628.0,0.0,0.0
SPY,20251112,True,,516.0,516.0,516.0,0.0,0.0,True,V1,516.0,0.0,0.0,628.0,628.0,628.0,0.0,0.0,True,V1,628.0,0.0,0.0
SPY,20251113,True,,516.0,516.0,516.0,0.0,0.0,True,V1,516.0,0.0,0.0,628.0,628.0,628.0,0.0,0.0,True,V1,628.0,0.0,0.0
SPY,20251114,True,,628.0,628.0,628.0,0.0,0.0,True,V1,628.0,0.0,0.0,996.0,996.0,996.0,0.0,0.0,True,V1,996.0,0.0,0.0
SPY,20251117,True,,564.0,564.0,564.0,0.0,0.0,True,V1,564.0,0.0,0.0,996.0,996.0,996.0,0.0,0.0,True,V1,996.0,0.0,0.0
SPY,20251118,True,,524.0,524.0,524.0,0.0,0.0,True,V1,524.0,0.0,0.0,996.0,996.0,996.0,0.0,0.0,True,V1,996.0,0.0,0.0
SPY,20251119,True,,564.0,564.0,564.0,0.0,0.0,True,V1,564.0,0.0,0.0,996.0,996.0,996.0,0.0,0.0,True,V1,996.0,0.0,0.0
SPY,20251120,True,,612.0,612.0,612.0,0.0,0.0,True,V1,612.0,0.0,0.0,996.0,996.0,996.0,0.0,0.0,True,V1,996.0,0.0,0.0
SPY,20251121,True,,996.0,996.0,996.0,0.0,0.0,True,V1,996.0,0.0,0.0,992.0,992.0,992.0,0.0,0.0,True,V1,992.0,0.0,0.0
SPY,20251124,True,,572.0,572.0,572.0,0.0,0.0,True,V1,572.0,0.0,0.0,992.0,992.0,992.0,0.0,0.0,True,V1,992.0,0.0,0.0
SPY,20251125,True,,512.0,512.0,512.0,0.0,0.0,True,V1,512.0,0.0,0.0,992.0,992.0,992.0,0.0,0.0,True,V1,992.0,0.0,0.0
SPY,20251126,True,,544.0,544.0,544.0,0.0,0.0,True,V1,544.0,0.0,0.0,992.0,992.0,992.0,0.0,0.0,True,V1,992.0,0.0,0.0
SPY,20251128,True,,992.0,992.0,992.0,0.0,0.0,True,V1,992.0,0.0,0.0,468.0,468.0,468.0,0.0,0.0,True,V1,468.0,0.0,0.0
SPY,20251201,True,,516.0,516.0,516.0,0.0,0.0,True,V1,516.0,0.0,0.0,468.0,468.0,468.0,0.0,0.0,True,V1,468.0,0.0,0.0
SPY,20251202,True,,484.0,484.0,484.0,0.0,0.0,True,V1,484.0,0.0,0.0,468.0,468.0,468.0,0.0,0.0,True,V1,468.0,0.0,0.0
SPY,20251203,True,,484.0,484.0,484.0,0.0,0.0,True,V1,484.0,0.0,0.0,468.0,468.0,468.0,0.0,0.0,True,V1,468.0,0.0,0.0
SPY,20251204,True,,484.0,484.0,484.0,0.0,0.0,True,V1,484.0,0.0,0.0,492.0,492.0,492.0,0.0,0.0,True,V1,492.0,0.0,0.0
SPY,20251205,True,,492.0,492.0,492.0,0.0,0.0,True,V1,492.0,0.0,0.0,612.0,612.0,612.0,0.0,0.0,True,V1,612.0,0.0,0.0
SPY,20251208,True,,564.0,564.0,564.0,0.0,0.0,True,V1,564.0,0.0,0.0,612.0,612.0,612.0,0.0,0.0,True,V1,612.0,0.0,0.0
SPY,20251209,True,,520.0,520.0,520.0,0.0,0.0,True,V1,520.0,0.0,0.0,612.0,612.0,612.0,0.0,0.0,True,V1,612.0,0.0,0.0
SPY,20251210,True,,492.0,492.0,492.0,0.0,0.0,True,V1,492.0,0.0,0.0,612.0,612.0,612.0,0.0,0.0,True,V1,612.0,0.0,0.0
SPY,20251211,True,,492.0,492.0,492.0,0.0,0.0,True,V1,492.0,0.0,0.0,620.0,620.0,620.0,0.0,0.0,True,V1,620.0,0.0,0.0
SPY,20251212,True,,620.0,620.0,620.0,0.0,0.0,True,V1,620.0,0.0,0.0,1028.0,1028.0,1028.0,0.0,0.0,True,V1,1028.0,0.0,0.0
SPY,20251215,True,,520.0,520.0,520.0,0.0,0.0,True,V1,520.0,0.0,0.0,1028.0,1028.0,1028.0,0.0,0.0,True,V1,1028.0,0.0,0.0
SPY,20251216,True,,524.0,524.0,524.0,0.0,0.0,True,V1,524.0,0.0,0.0,1028.0,1028.0,1028.0,0.0,0.0,True,V1,1028.0,0.0,0.0
SPY,20251217,True,,528.0,528.0,528.0,0.0,0.0,True,V1,528.0,0.0,0.0,1028.0,1028.0,1028.0,0.0,0.0,True,V1,1028.0,0.0,0.0
SPY,20251218,True,,508.0,508.0,508.0,0.0,0.0,True,V1,508.0,0.0,0.0,1028.0,1028.0,1028.0,0.0,0.0,True,V1,1028.0,0.0,0.0
SPY,20251219,True,,1028.0,1028.0,1028.0,0.0,0.0,True,V1,1028.0,0.0,0.0,620.0,620.0,620.0,0.0,0.0,True,V1,620.0,0.0,0.0
SPY,20251222,True,,524.0,524.0,524.0,0.0,0.0,True,V1,524.0,0.0,0.0,620.0,620.0,620.0,0.0,0.0,True,V1,620.0,0.0,0.0
SPY,20251223,True,,528.0,528.0,528.0,0.0,0.0,True,V1,528.0,0.0,0.0,620.0,620.0,620.0,0.0,0.0,True,V1,620.0,0.0,0.0
SPY,20251224,True,,540.0,540.0,540.0,0.0,0.0,True,V1,540.0,0.0,0.0,620.0,620.0,620.0,0.0,0.0,True,V1,620.0,0.0,0.0
SPY,20251226,True,,620.0,620.0,620.0,0.0,0.0,True,V1,620.0,0.0,0.0,556.0,556.0,556.0,0.0,0.0,True,V1,556.0,0.0,0.0
SPY,20251229,True,,572.0,572.0,572.0,0.0,0.0,True,V1,572.0,0.0,0.0,556.0,556.0,556.0,0.0,0.0,True,V1,556.0,0.0,0.0
SPY,20251230,True,,572.0,572.0,572.0,0.0,0.0,True,V1,572.0,0.0,0.0,556.0,556.0,556.0,0.0,0.0,True,V1,556.0,0.0,0.0
SPY,20251231,True,,1016.0,1016.0,1016.0,0.0,0.0,True,V1,1016.0,0.0,0.0,556.0,556.0,556.0,0.0,0.0,True,V1,556.0,0.0,0.0
