ticker,trade_date,source_rows,retained_rows,frozen_universe_extra_rows,signable_rows,signable_rate,bid_size_zero_rate,ask_size_zero_rate,unavailable_terminal_candidates
QQQ,20220928,61500,61500,0,35840,0.5827642276422764,0.4172357723577236,0.0,0
QQQ,20220803,57000,57000,0,32866,0.5765964912280702,0.42340350877192984,0.0,0
QQQ,20220824,61500,61500,0,34260,0.5570731707317074,0.4429268292682927,0.0,0
QQQ,20220817,64000,64000,0,36530,0.57078125,0.42921875,0.0,0
QQQ,20220912,59500,59500,0,34306,0.5765714285714286,0.42342857142857143,0.0,0
QQQ,20220907,61000,61000,0,35213,0.5772622950819672,0.4227377049180328,0.0,0
QQQ,20221010,56000,56000,0,31859,0.5689107142857143,0.43108928571428573,0.0,1
QQQ,20220822,61500,61500,0,34460,0.5603252032520325,0.4396747967479675,0.0,0
QQQ,20221003,66500,66500,0,37802,0.5684511278195489,0.4315488721804511,0.0,0
QQQ,20220815,64500,64500,0,35895,0.5565116279069767,0.4434883720930233,0.0,0
QQQ,20220826,73500,73500,0,42259,0.574952380952381,0.42504761904761906,0.0,0
QQQ,20220808,65000,65000,0,36532,0.5620307692307692,0.4379692307692308,0.0,0
QQQ,20220923,67500,67500,0,39916,0.5913481481481482,0.4086518518518519,0.0,0
QQQ,20220902,76000,76000,0,44605,0.5869078947368421,0.41309210526315787,0.0,0
QQQ,20220812,73000,73000,0,40561,0.5556301369863014,0.44436986301369863,0.0,0
QQQ,20221115,19000,19000,0,14233,0.7491052631578947,0.2508947368421053,0.0,0
QQQ,20221117,20000,20000,0,13496,0.6748,0.3252,0.0,0
QQQ,20220819,99000,99000,0,55136,0.5569292929292929,0.44307070707070706,0.0,0
QQQ,20221107,52500,52500,0,29951,0.570495238095238,0.4295047619047619,0.0,0
QQQ,20221024,55000,55000,0,31788,0.5779636363636363,0.42203636363636365,0.0,0
QQQ,20221026,58500,58500,0,34402,0.588068376068376,0.4119316239316239,0.0,0
QQQ,20221109,52000,52000,0,30767,0.5916730769230769,0.4083269230769231,0.0,0
QQQ,20221116,57000,57000,0,33397,0.5859122807017544,0.4140877192982456,0.0,0
QQQ,20221122,48000,48000,0,27168,0.566,0.434,0.0,0
QQQ,20221123,53000,53000,0,30882,0.5826792452830188,0.41732075471698116,0.0,0
QQQ,20221104,60500,60500,0,35388,0.5849256198347107,0.41507438016528925,0.0,0
QQQ,20221114,56500,56500,0,32367,0.5728672566371681,0.42713274336283186,0.0,0
QQQ,20221125,40610,40610,0,21434,0.5278010342280226,0.47219896577197734,0.0,0
QQQ,20221028,69500,69500,0,39921,0.5744028776978417,0.4255971223021583,0.0,0
QQQ,20221111,63500,63500,0,37862,0.596251968503937,0.403748031496063,0.0,0
QQQ,20221121,61500,61500,0,34541,0.5616422764227642,0.4383577235772358,0.0,0
QQQ,20221128,51500,51500,0,28670,0.5566990291262136,0.4433009708737864,0.0,0
QQQ,20221130,49000,49000,0,30331,0.619,0.381,0.0,0
QQQ,20221129,49500,49500,0,27823,0.5620808080808081,0.43791919191919193,0.0,0
QQQ,20221206,48500,48500,0,28294,0.5833814432989691,0.41661855670103093,0.0,0
QQQ,20221202,61000,61000,0,34827,0.5709344262295082,0.4290655737704918,0.0,0
QQQ,20221213,49000,49000,0,29685,0.6058163265306122,0.39418367346938776,0.0,0
QQQ,20221220,47000,47000,0,27476,0.5845957446808511,0.41540425531914893,0.0,0
QQQ,20221212,53500,53500,0,29772,0.5564859813084112,0.4435140186915888,0.0,0
QQQ,20221214,51500,51500,0,36109,0.7011456310679611,0.2988543689320388,0.0,0
QQQ,20221219,47500,47500,0,27448,0.5778526315789474,0.4221473684210526,0.0,0
QQQ,20221215,49000,49000,0,29354,0.5990612244897959,0.40093877551020407,0.0,0
QQQ,20221221,49500,49500,0,27717,0.559939393939394,0.44006060606060604,0.0,0
QQQ,20221209,63000,63000,0,35623,0.5654444444444444,0.43455555555555553,0.0,0
QQQ,20221222,49000,49000,0,28428,0.5801632653061225,0.41983673469387756,0.0,0
QQQ,20221227,47500,47500,0,27520,0.5793684210526315,0.4206315789473684,0.0,1
QQQ,20221229,49000,49000,0,27989,0.571204081632653,0.42879591836734693,0.0,0
QQQ,20221228,47500,47500,0,26855,0.5653684210526316,0.4346315789473684,0.0,0
QQQ,20221223,62500,62500,0,35814,0.573024,0.426976,0.0,1
QQQ,20230109,42500,42500,0,24986,0.5879058823529412,0.41209411764705883,0.0,0
QQQ,20230103,47000,47000,0,27141,0.577468085106383,0.422531914893617,0.0,0
QQQ,20230110,42500,42500,0,24780,0.5830588235294117,0.41694117647058826,0.0,0
QQQ,20230111,47500,47500,0,27205,0.5727368421052632,0.42726315789473684,0.0,0
QQQ,20230112,47500,47500,0,27846,0.5862315789473684,0.41376842105263156,0.0,0
QQQ,20230106,60500,60500,0,34145,0.5643801652892562,0.4356198347107438,0.0,0
QQQ,20230118,49500,49500,0,28591,0.5775959595959596,0.4224040404040404,0.0,0
QQQ,20230123,47000,47000,0,27318,0.5812340425531914,0.4187659574468085,0.0,0
QQQ,20230119,46000,46000,0,26925,0.5853260869565218,0.4146739130434783,0.0,0
QQQ,20230124,47000,47000,0,27989,0.5955106382978723,0.4044893617021277,0.0,0
QQQ,20230113,60500,60500,0,34305,0.5670247933884297,0.43297520661157024,0.0,0
QQQ,20230125,50500,50500,0,29467,0.5835049504950495,0.4164950495049505,0.0,0
QQQ,20230126,50500,50500,0,29075,0.5757425742574257,0.42425742574257425,0.0,0
QQQ,20230130,53500,53500,0,30497,0.5700373831775701,0.4299626168224299,0.0,0
QQQ,20230127,63500,63500,0,36038,0.5675275590551181,0.4324724409448819,0.0,0
QQQ,20221230,103500,103500,0,55673,0.5379033816425121,0.46209661835748794,0.0,0
QQQ,20230131,53500,53500,0,29768,0.5564112149532711,0.443588785046729,0.0,0
QQQ,20230206,55500,55500,0,31643,0.5701441441441442,0.42985585585585584,0.0,0
QQQ,20230201,54000,54000,0,35297,0.6536481481481482,0.34635185185185186,0.0,0
QQQ,20230222,52000,52000,0,30743,0.5912115384615385,0.40878846153846154,0.0,0
QQQ,20230223,46500,46500,0,26890,0.5782795698924731,0.42172043010752686,0.0,0
QQQ,20230207,55500,55500,0,33632,0.6059819819819819,0.394018018018018,0.0,0
QQQ,20230215,53500,53500,0,30366,0.5675887850467289,0.432411214953271,0.0,0
QQQ,20230216,53500,53500,0,31004,0.5795140186915888,0.4204859813084112,0.0,0
QQQ,20230208,56500,56500,0,32509,0.5753805309734513,0.4246194690265487,0.0,0
QQQ,20230209,56500,56500,0,32191,0.5697522123893806,0.4302477876106195,0.0,0
QQQ,20230227,53500,53500,0,30222,0.5648971962616822,0.4351028037383178,0.0,0
QQQ,20230301,53500,53500,0,30886,0.5773084112149532,0.4226915887850467,0.0,1
QQQ,20230228,53500,53500,0,29856,0.5580560747663551,0.44194392523364484,0.0,0
QQQ,20230306,48000,48000,0,27358,0.5699583333333333,0.43004166666666666,0.0,0
QQQ,20230302,49000,49000,0,28240,0.5763265306122449,0.4236734693877551,0.0,0
QQQ,20230307,48000,48000,0,27718,0.5774583333333333,0.42254166666666665,0.0,1
QQQ,20230309,49000,49000,0,27709,0.5654897959183673,0.43451020408163266,0.0,0
QQQ,20230303,60500,60500,0,34424,0.5689917355371901,0.43100826446280993,0.0,0
QQQ,20230308,46500,46500,0,26584,0.5716989247311828,0.4283010752688172,0.0,1
QQQ,20230314,48500,48500,0,29617,0.610659793814433,0.38934020618556703,0.0,0
QQQ,20230315,54500,54500,0,33095,0.6072477064220183,0.39273394495412844,0.0,0
QQQ,20230321,52000,52000,0,29929,0.5755576923076923,0.4244423076923077,0.0,0
QQQ,20230310,61500,61500,0,37542,0.6104390243902439,0.3895609756097561,0.0,0
QQQ,20230323,57500,57500,0,34727,0.6039478260869565,0.3960521739130435,0.0,0
QQQ,20230330,56000,56000,0,32407,0.5786964285714286,0.42130357142857144,0.0,0
QQQ,20230403,51500,51500,0,29236,0.5676893203883495,0.4323106796116505,0.0,0
QQQ,20230404,51000,51000,0,29061,0.5698235294117647,0.43017647058823527,0.0,0
QQQ,20230405,53500,53500,0,30625,0.572429906542056,0.42757009345794394,0.0,0
QQQ,20230411,54000,54000,0,30195,0.5591666666666667,0.44083333333333335,0.0,0
QQQ,20230410,57500,57500,0,32062,0.5576,0.4424,0.0,0
QQQ,20230412,50000,50000,0,29083,0.58166,0.41834,0.0,0
QQQ,20230331,94500,94500,0,52710,0.5577777777777778,0.44222222222222224,0.0,0
QQQ,20230406,67500,67500,0,37150,0.5503703703703704,0.44962962962962966,0.0,0
QQQ,20230413,53500,53500,0,30076,0.5621682242990654,0.43783177570093457,0.0,0
QQQ,20230417,49500,49500,0,27875,0.5631313131313131,0.43686868686868685,0.0,0
QQQ,20230418,49500,49500,0,28343,0.5725858585858585,0.4273939393939394,0.0,0
QQQ,20230419,49500,49500,0,27884,0.5633131313131313,0.4366868686868687,0.0,0
QQQ,20230420,51000,51000,0,28720,0.5631372549019608,0.43686274509803924,0.0,0
QQQ,20230424,49000,49000,0,27205,0.5552040816326531,0.44479591836734694,0.0,0
QQQ,20230426,50000,50000,0,28921,0.57842,0.42158,0.0,0
QQQ,20230425,49500,49500,0,28926,0.5843636363636364,0.41563636363636364,0.0,0
QQQ,20230414,65500,65500,0,36499,0.5572366412213741,0.44276335877862594,0.0,0
QQQ,20230427,51000,51000,0,29918,0.5866274509803922,0.41337254901960785,0.0,0
QQQ,20230421,73500,73500,0,40883,0.5562312925170068,0.4437687074829932,0.0,0
QQQ,20230501,52000,52000,0,29247,0.5624423076923077,0.4375576923076923,0.0,0
QQQ,20230504,53000,53000,0,30889,0.582811320754717,0.417188679245283,0.0,0
QQQ,20230509,52000,52000,0,28914,0.5560384615384616,0.44396153846153846,0.0,0
QQQ,20230508,52000,52000,0,28835,0.5545192307692308,0.44548076923076924,0.0,0
QQQ,20230428,66000,66000,0,37596,0.5696363636363636,0.43036363636363634,0.0,0
QQQ,20230510,52000,52000,0,29214,0.5618076923076923,0.4381923076923077,0.0,0
QQQ,20230502,61500,61500,0,34221,0.556439024390244,0.4435609756097561,0.0,0
QQQ,20230511,50500,50500,0,28437,0.563108910891089,0.4368910891089109,0.0,0
QQQ,20230512,63000,63000,0,35548,0.5642539682539682,0.43574603174603177,0.0,0
QQQ,20230515,52500,52500,0,29523,0.5623428571428571,0.43765714285714286,0.0,0
QQQ,20230516,53000,53000,0,29813,0.5625094339622642,0.43749056603773584,0.0,0
QQQ,20230522,57000,57000,0,32057,0.5624035087719298,0.43759649122807015,0.0,1
QQQ,20230517,56000,56000,0,31288,0.5587142857142857,0.4412857142857143,0.0,0
QQQ,20230518,52500,52500,0,30191,0.5750666666666666,0.42493333333333333,0.0,0
QQQ,20230523,57000,57000,0,32242,0.5656491228070175,0.43435087719298243,0.0,0
QQQ,20230524,57000,57000,0,32941,0.5779122807017544,0.4220877192982456,0.0,0
QQQ,20230519,83500,83500,0,48342,0.5789461077844311,0.4210538922155689,0.0,0
QQQ,20230530,56000,56000,0,33496,0.5981428571428572,0.40185714285714286,0.0,0
QQQ,20230525,57000,57000,0,32998,0.5789122807017544,0.4210877192982456,0.0,0
QQQ,20230601,60500,60500,0,34878,0.5764958677685951,0.423504132231405,0.0,0
QQQ,20230526,67500,67500,0,39428,0.5841185185185185,0.41588148148148146,0.0,0
QQQ,20230607,58500,58500,0,33821,0.5781367521367521,0.42186324786324786,0.0,0
QQQ,20230602,70000,70000,0,40211,0.5744428571428571,0.42555714285714286,0.0,0
QQQ,20230606,60500,60500,0,33761,0.5580330578512397,0.4419669421487603,0.0,0
QQQ,20230608,60500,60500,0,33882,0.5600330578512397,0.4399669421487603,0.0,0
QQQ,20230613,58500,58500,0,34851,0.5957435897435898,0.40425641025641024,0.0,0
QQQ,20230612,57500,57500,0,32478,0.5648347826086957,0.43516521739130437,0.0,0
QQQ,20230614,58500,58500,0,38858,0.6642393162393162,0.33576068376068374,0.0,0
QQQ,20230615,58000,58000,0,34887,0.6015,0.3985,0.0,0
QQQ,20230627,25500,25500,0,16572,0.6498823529411765,0.35011764705882353,0.0,0
QQQ,20230609,71500,71500,0,41026,0.5737902097902098,0.4262097902097902,0.0,0
QQQ,20230628,25500,25500,0,16631,0.6521960784313725,0.34780392156862744,0.0,0
QQQ,20230629,26500,26500,0,16751,0.6321132075471698,0.3678867924528302,0.0,0
QQQ,20230620,58500,58500,0,32914,0.5626324786324787,0.4373675213675214,0.0,0
QQQ,20230621,58000,58000,0,32968,0.5684137931034483,0.43158620689655175,0.0,0
QQQ,20230703,35650,35650,0,19125,0.5364656381486677,0.4635343618513324,0.0,0
QQQ,20230622,58000,58000,0,33250,0.5732758620689655,0.4267241379310345,0.0,0
QQQ,20230705,57500,57500,0,32235,0.5606086956521739,0.4393913043478261,0.0,0
QQQ,20230623,73000,73000,0,40477,0.5544794520547945,0.44552054794520546,0.0,0
QQQ,20230706,57500,57500,0,32463,0.5645739130434783,0.43542608695652174,0.0,0
QQQ,20230710,58500,58500,0,32172,0.5499487179487179,0.45005128205128203,0.0,0
QQQ,20230712,58500,58500,0,33402,0.570974358974359,0.429025641025641,0.0,0
QQQ,20230713,58500,58500,0,32742,0.5596923076923077,0.4403076923076923,0.0,0
QQQ,20230711,58500,58500,0,32113,0.5489401709401709,0.45105982905982905,0.0,0
QQQ,20230707,71000,71000,0,39319,0.5537887323943662,0.4462112676056338,0.0,0
QQQ,20230720,64000,64000,0,37030,0.57859375,0.42140625,0.0,0
QQQ,20230719,64000,64000,0,37050,0.57890625,0.42109375,0.0,0
QQQ,20230630,95000,95000,0,52383,0.5514,0.4486,0.0,0
QQQ,20230718,62000,62000,0,34887,0.5626935483870967,0.4373064516129032,0.0,0
QQQ,20230724,68000,68000,0,37474,0.5510882352941177,0.44891176470588234,0.0,0
QQQ,20230727,63500,63500,0,35853,0.5646141732283465,0.43538582677165355,0.0,0
QQQ,20230721,95000,95000,0,53618,0.5644,0.4356,0.0,0
QQQ,20230731,62000,62000,0,34432,0.5553548387096774,0.44464516129032255,0.0,0
QQQ,20230802,61000,61000,0,34980,0.5734426229508197,0.42655737704918034,0.0,0
QQQ,20230728,74000,74000,0,42648,0.5763243243243243,0.42367567567567566,0.0,0
QQQ,20230801,61000,61000,0,33940,0.5563934426229509,0.4436065573770492,0.0,0
QQQ,20230807,62500,62500,0,35157,0.562512,0.437488,0.0,0
QQQ,20230817,59500,59500,0,33913,0.5699663865546218,0.43003361344537816,0.0,0
QQQ,20230809,62500,62500,0,35098,0.561568,0.438432,0.0,0
QQQ,20230804,72500,72500,0,40865,0.5636551724137931,0.4363172413793103,0.0,0
QQQ,20230815,65000,65000,0,36210,0.557076923076923,0.4429230769230769,0.0,0
QQQ,20230816,59500,59500,0,33485,0.5627731092436975,0.43721008403361344,0.0,0
QQQ,20230810,64000,64000,0,37122,0.58003125,0.41996875,0.0,0
QQQ,20230821,67500,67500,0,37748,0.5592296296296296,0.44077037037037037,0.0,0
QQQ,20230823,61000,61000,0,37855,0.6205737704918033,0.3794262295081967,0.0,0
QQQ,20230822,62500,62500,0,35440,0.56704,0.43296,0.0,0
QQQ,20230824,61000,61000,0,35084,0.5751475409836065,0.42485245901639346,0.0,0
QQQ,20230818,88500,88500,0,50354,0.5689717514124294,0.4310282485875706,0.0,0
QQQ,20230829,61500,61500,0,35195,0.5722764227642276,0.42772357723577237,0.0,0
QQQ,20230830,62000,62000,0,35356,0.570258064516129,0.42974193548387096,0.0,0
QQQ,20230905,59000,59000,0,33286,0.5641694915254237,0.4358305084745763,0.0,0
QQQ,20230901,73000,73000,0,41715,0.5714383561643835,0.42856164383561646,0.0,0
QQQ,20230906,59000,59000,0,33039,0.5599830508474576,0.44001694915254236,0.0,0
QQQ,20230907,59500,59500,0,33036,0.5552268907563025,0.4447731092436975,0.0,0
QQQ,20230911,59000,59000,0,32641,0.5532372881355933,0.4467627118644068,0.0,0
QQQ,20230908,71000,71000,0,39812,0.5607323943661972,0.4392676056338028,0.0,2
QQQ,20230913,57500,57500,0,32921,0.5725391304347827,0.4274608695652174,0.0,0
QQQ,20230918,58500,58500,0,32750,0.5598290598290598,0.44017094017094016,0.0,0
QQQ,20230912,59000,59000,0,32881,0.5573050847457627,0.44269491525423726,0.0,0
QQQ,20230914,57500,57500,0,33525,0.5830434782608696,0.41695652173913045,0.0,0
QQQ,20230920,59500,59500,0,35142,0.5906218487394957,0.4093781512605042,0.0,0
QQQ,20230919,58500,58500,0,32531,0.55608547008547,0.4439145299145299,0.0,0
QQQ,20230925,63500,63500,0,35285,0.5556692913385827,0.44433070866141733,0.0,0
QQQ,20230926,63500,63500,0,35503,0.5591023622047244,0.4408976377952756,0.0,0
QQQ,20230922,72000,72000,0,40539,0.5630416666666667,0.43695833333333334,0.0,0
QQQ,20230928,65500,65500,0,37657,0.5749160305343511,0.42508396946564886,0.0,0
QQQ,20231002,63500,63500,0,35993,0.5668188976377952,0.43318110236220475,0.0,0
QQQ,20231003,62000,62000,0,35395,0.5708870967741936,0.4291129032258065,0.0,0
QQQ,20231004,59000,59000,0,33736,0.5717966101694916,0.4282033898305085,0.0,0
QQQ,20231010,58000,58000,0,34745,0.5990517241379311,0.400948275862069,0.0,0
QQQ,20231005,59000,59000,0,33397,0.5660508474576271,0.4339491525423729,0.0,0
QQQ,20231009,58500,58500,0,33780,0.5774358974358974,0.42256410256410254,0.0,0
QQQ,20231006,69500,69500,0,42632,0.613410071942446,0.38658992805755393,0.0,0
QQQ,20231011,58500,58500,0,33662,0.5754188034188035,0.4245811965811966,0.0,0
QQQ,20231016,61500,61500,0,35432,0.576130081300813,0.423869918699187,0.0,0
QQQ,20231013,67500,67500,0,40608,0.6016,0.3984,0.0,0
QQQ,20230929,103000,103000,0,57023,0.553621359223301,0.44637864077669903,0.0,0
QQQ,20231017,61500,61500,0,35037,0.5697073170731707,0.43029268292682926,0.0,0
QQQ,20231019,58500,58500,0,33136,0.5664273504273504,0.416,0.0,0
QQQ,20231023,62500,62500,0,35680,0.57088,0.42912,0.0,0
QQQ,20231024,62500,62500,0,36232,0.579712,0.420288,0.0,0
QQQ,20231025,65500,65500,0,37762,0.5765190839694656,0.4232824427480916,0.0,0
QQQ,20231026,65000,65000,0,37882,0.5828,0.4172,0.0,0
QQQ,20231106,61000,61000,0,35124,0.5758032786885245,0.4241967213114754,0.0,0
QQQ,20231102,63500,63500,0,36462,0.5742047244094488,0.4257952755905512,0.0,0
QQQ,20231107,61000,61000,0,34981,0.5734590163934427,0.4265409836065574,0.0,0
QQQ,20231020,91000,91000,0,51741,0.5685824175824176,0.43141758241758243,0.0,0
QQQ,20231027,74500,74500,0,42681,0.5728993288590604,0.4271006711409396,0.0,0
QQQ,20231103,72000,72000,0,42208,0.5862222222222222,0.4137777777777778,0.0,1
QQQ,20231108,65500,65500,0,37197,0.5678931297709924,0.4321068702290076,0.0,0
QQQ,20231109,66500,66500,0,37204,0.5594586466165413,0.4405413533834586,0.0,0
QQQ,20231110,76500,76500,0,44073,0.5761176470588235,0.4238823529411765,0.0,0
QQQ,20231114,66000,66000,0,37944,0.5749090909090909,0.4250909090909091,0.0,0
QQQ,20231115,63500,63500,0,35916,0.5656062992125984,0.4343937007874016,0.0,0
QQQ,20231124,47430,47430,0,24762,0.5220746363061354,0.4779253636938646,0.0,1
QQQ,20231113,71000,71000,0,39509,0.5564647887323944,0.44353521126760564,0.0,0
QQQ,20231120,64500,64500,0,36079,0.5593643410852713,0.44063565891472867,0.0,0
QQQ,20231127,65000,65000,0,35390,0.5444615384615384,0.45553846153846156,0.0,0
QQQ,20231128,61000,61000,0,33433,0.5480819672131148,0.45191803278688525,0.0,0
QQQ,20231116,68500,68500,0,38852,0.5671824817518248,0.43281751824817516,0.0,1
QQQ,20231130,59000,59000,0,32469,0.550322033898305,0.4496779661016949,0.0,0
QQQ,20231129,59500,59500,0,33236,0.5585882352941176,0.44141176470588234,0.0,0
QQQ,20231204,59500,59500,0,33952,0.5706218487394958,0.4293781512605042,0.0,0
QQQ,20231205,59500,59500,0,33538,0.5636638655462185,0.4363361344537815,0.0,0
QQQ,20231206,59500,59500,0,33540,0.5636974789915966,0.4363025210084034,0.0,0
QQQ,20231201,75500,75500,0,42663,0.5650728476821192,0.4349271523178808,0.0,0
QQQ,20231207,59000,59000,0,34399,0.5830338983050848,0.41696610169491527,0.0,0
QQQ,20231211,60500,60500,0,33617,0.5556528925619835,0.44434710743801653,0.0,0
QQQ,20231213,60500,60500,0,36941,0.610595041322314,0.38940495867768593,0.0,0
QQQ,20231212,60500,60500,0,33888,0.5601322314049587,0.43986776859504134,0.0,0
QQQ,20231208,74500,74500,0,41483,0.5568187919463087,0.44318120805369127,0.0,0
QQQ,20231214,60500,60500,0,34558,0.5712066115702479,0.42879338842975206,0.0,0
QQQ,20231218,66000,66000,0,37325,0.565530303030303,0.43446969696969695,0.0,0
QQQ,20231219,66500,66500,0,38300,0.5759398496240602,0.42406015037593986,0.0,0
QQQ,20231226,64000,64000,0,35830,0.55984375,0.44015625,0.0,0
QQQ,20231220,67500,67500,0,38633,0.5723407407407407,0.42765925925925924,0.0,0
QQQ,20231221,69000,69000,0,39402,0.5710434782608695,0.42895652173913046,0.0,0
QQQ,20231228,63500,63500,0,35626,0.5610393700787402,0.43896062992125984,0.0,0
QQQ,20231222,81500,81500,0,45988,0.5642699386503067,0.4357300613496933,0.0,0
QQQ,20240103,82000,82000,0,49104,0.5988292682926829,0.4011707317073171,0.0,1
QQQ,20240102,82000,82000,0,47979,0.585109756097561,0.414890243902439,0.0,0
QQQ,20240110,63500,63500,0,35013,0.5513858267716536,0.44861417322834646,0.0,0
QQQ,20240108,71000,71000,0,41407,0.5831971830985916,0.41680281690140847,0.0,0
QQQ,20240109,71000,71000,0,41372,0.5827042253521126,0.4172957746478873,0.0,0
QQQ,20240111,66000,66000,0,37132,0.5626060606060606,0.4373939393939394,0.0,0
QQQ,20240104,82000,82000,0,47650,0.5810975609756097,0.4189024390243902,0.0,0
QQQ,20240117,64000,64000,0,36030,0.56296875,0.43703125,0.0,0
QQQ,20240116,63000,63000,0,35083,0.5568730158730159,0.44312698412698415,0.0,0
QQQ,20240118,64000,64000,0,36169,0.565140625,0.434859375,0.0,0
QQQ,20231229,135500,135500,0,76205,0.5623985239852398,0.4376014760147601,0.0,0
QQQ,20240122,68500,68500,0,38278,0.5588029197080292,0.4411970802919708,0.0,0
QQQ,20240123,68500,68500,0,38228,0.55807299270073,0.4419270072992701,0.0,0
QQQ,20240112,107000,107000,0,60870,0.5688785046728972,0.4311214953271028,0.0,0
QQQ,20240124,65500,65500,0,36713,0.5605038167938932,0.4394961832061069,0.0,0
QQQ,20240125,62500,62500,0,35459,0.567344,0.432656,0.0,0
QQQ,20240105,158000,158000,0,86928,0.5501772151898734,0.4498227848101266,0.0,0
QQQ,20240201,70000,70000,0,40666,0.5809428571428571,0.41905714285714285,0.0,0
QQQ,20240129,70000,70000,0,38327,0.5475285714285715,0.4524714285714286,0.0,0
QQQ,20240131,70000,70000,0,41148,0.5878285714285715,0.4121714285714286,0.0,0
QQQ,20240130,70000,70000,0,39949,0.5707,0.4293,0.0,0
QQQ,20240205,65500,65500,0,36786,0.5616183206106871,0.438381679389313,0.0,1
QQQ,20240119,136500,136500,0,77347,0.5666446886446886,0.43335531135531136,0.0,0
QQQ,20240206,65500,65500,0,34224,0.5225038167938931,0.44029007633587786,0.0,0
QQQ,20240126,110000,110000,0,62411,0.5673727272727273,0.43262727272727275,0.0,0
QQQ,20240208,69000,69000,0,38986,0.5650144927536231,0.4349855072463768,0.0,0
QQQ,20240209,76000,76000,0,43250,0.569078947368421,0.4309210526315789,0.0,0
QQQ,20240212,69000,69000,0,38323,0.5554057971014493,0.4445942028985507,0.0,0
QQQ,20240202,107000,107000,0,61609,0.575785046728972,0.42421495327102804,0.0,0
QQQ,20240213,69000,69000,0,39580,0.5736231884057971,0.4263768115942029,0.0,0
QQQ,20240215,69000,69000,0,39731,0.5758115942028985,0.42418840579710143,0.0,0
QQQ,20240222,67500,67500,0,40343,0.597674074074074,0.4023259259259259,0.0,0
QQQ,20240227,69000,69000,0,38047,0.5514057971014493,0.44859420289855073,0.0,0
QQQ,20240226,73500,73500,0,41067,0.558734693877551,0.44126530612244896,0.0,0
QQQ,20240304,69000,69000,0,39050,0.5659420289855073,0.4340579710144927,0.0,0
QQQ,20240223,74500,74500,0,42954,0.5765637583892618,0.42343624161073823,0.0,0
QQQ,20240228,73500,73500,0,40555,0.5517687074829932,0.44823129251700683,0.0,0
QQQ,20240301,80500,80500,0,47125,0.5854037267080745,0.41459627329192544,0.0,0
QQQ,20240229,69000,69000,0,38646,0.5600869565217391,0.4399130434782609,0.0,0
QQQ,20240305,69000,69000,0,39540,0.5730434782608695,0.42695652173913046,0.0,0
QQQ,20240307,66500,66500,0,39899,0.5999849624060151,0.400015037593985,0.0,0
QQQ,20240306,66000,66000,0,39204,0.594,0.406,0.0,0
QQQ,20240216,123500,123500,0,68016,0.5507368421052632,0.44926315789473686,0.0,0
QQQ,20240314,66000,66000,0,38238,0.5793636363636364,0.42063636363636364,0.0,0
QQQ,20240308,77000,77000,0,45727,0.5938571428571429,0.40614285714285714,0.0,0
QQQ,20240318,66000,66000,0,38553,0.5841363636363637,0.4158636363636364,0.0,0
QQQ,20240311,65500,65500,0,37831,0.5775725190839694,0.42242748091603055,0.0,0
QQQ,20240319,65500,65500,0,37842,0.5777404580152672,0.4222595419847328,0.0,0
QQQ,20240320,65500,65500,0,40321,0.615587786259542,0.38441221374045803,0.0,0
QQQ,20240321,66000,66000,0,37953,0.5750454545454545,0.4249545454545455,0.0,0
QQQ,20240326,67000,67000,0,37116,0.5539701492537313,0.44602985074626866,0.0,0
QQQ,20240327,67000,67000,0,37727,0.563089552238806,0.43691044776119403,0.0,0
QQQ,20240325,67000,67000,0,38238,0.5707164179104478,0.42928358208955225,0.0,0
QQQ,20240401,67000,67000,0,38045,0.5678358208955224,0.43216417910447763,0.0,0
QQQ,20240403,62500,62500,0,35851,0.573616,0.426384,0.0,0
QQQ,20240402,67000,67000,0,38029,0.5675970149253732,0.4324029850746269,0.0,0
QQQ,20240322,77000,77000,0,43082,0.5595064935064935,0.4404935064935065,0.0,0
QQQ,20240404,65000,65000,0,37795,0.5814615384615385,0.4185384615384615,0.0,0
QQQ,20240405,72000,72000,0,44895,0.6235416666666667,0.37645833333333334,0.0,0
QQQ,20240408,65500,65500,0,37704,0.5756335877862595,0.42436641221374044,0.0,0
QQQ,20240410,65500,65500,0,39231,0.5989465648854961,0.4010534351145038,0.0,0
QQQ,20240411,65500,65500,0,38090,0.5815267175572519,0.4184732824427481,0.0,0
QQQ,20240415,65500,65500,0,39098,0.5969160305343512,0.40308396946564884,0.0,0
QQQ,20240412,80000,80000,0,49281,0.6160125,0.3839875,0.0,0
QQQ,20240417,65500,65500,0,39489,0.6028854961832061,0.3971145038167939,0.0,0
QQQ,20240416,65500,65500,0,40988,0.6257709923664122,0.3742290076335878,0.0,2
QQQ,20240418,65500,65500,0,40717,0.6216335877862595,0.37836641221374046,0.0,0
QQQ,20240424,74000,74000,0,43862,0.5927297297297297,0.4072702702702703,0.0,0
QQQ,20240422,72000,72000,0,42399,0.588875,0.411125,0.0,0
QQQ,20240423,72000,72000,0,41730,0.5795833333333333,0.42041666666666666,0.0,0
QQQ,20240425,74000,74000,0,44519,0.601608108108108,0.3983918918918919,0.0,0
QQQ,20240430,66000,66000,0,39226,0.5943333333333334,0.4056666666666667,0.0,0
QQQ,20240429,74000,74000,0,41300,0.5581081081081081,0.4418918918918919,0.0,0
QQQ,20240502,71500,71500,0,42509,0.5945314685314685,0.40546853146853146,0.0,0
QQQ,20240426,87500,87500,0,52167,0.5961942857142857,0.40380571428571427,0.0,0
QQQ,20240506,71500,71500,0,39915,0.5582517482517483,0.4417482517482518,0.0,0
QQQ,20240507,69000,69000,0,38219,0.5538985507246377,0.4461014492753623,0.0,0
QQQ,20240508,71000,71000,0,39183,0.5518732394366197,0.4481267605633803,0.0,0
QQQ,20240503,83000,83000,0,47860,0.5766265060240964,0.4233734939759036,0.0,0
QQQ,20240509,71000,71000,0,38981,0.5490281690140845,0.4509718309859155,0.0,0
QQQ,20240510,77000,77000,0,42794,0.5557662337662338,0.44423376623376626,0.0,0
QQQ,20240513,71500,71500,0,38947,0.5447132867132867,0.4552867132867133,0.0,0
QQQ,20240515,71500,71500,0,40364,0.5645314685314685,0.4354545454545454,0.0,0
QQQ,20240514,71500,71500,0,38964,0.544951048951049,0.45504895104895104,0.0,0
QQQ,20240516,65500,65500,0,36496,0.5571908396946564,0.4428091603053435,0.0,0
QQQ,20240521,64000,64000,0,34954,0.54615625,0.45384375,0.0,0
QQQ,20240522,65000,65000,0,40712,0.6263384615384615,0.37366153846153843,0.0,0
QQQ,20240520,65000,65000,0,35796,0.5507076923076923,0.4492923076923077,0.0,0
QQQ,20240530,60000,60000,0,33814,0.5635666666666667,0.43643333333333334,0.0,0
QQQ,20240528,64000,64000,0,36923,0.576921875,0.423078125,0.0,0
QQQ,20240523,65000,65000,0,36475,0.5611538461538461,0.43884615384615383,0.0,1
QQQ,20240529,59500,59500,0,33649,0.5655294117647058,0.4344705882352941,0.0,0
QQQ,20240603,60000,60000,0,36541,0.6090166666666667,0.39098333333333335,0.0,0
QQQ,20240605,60500,60500,0,37851,0.6256363636363637,0.37436363636363634,0.0,0
QQQ,20240517,113000,113000,0,61235,0.5419026548672566,0.45809734513274336,0.0,0
QQQ,20240604,60000,60000,0,35888,0.5981333333333333,0.40186666666666665,0.0,0
QQQ,20240524,84000,84000,0,50361,0.5995357142857143,0.4004642857142857,0.0,0
QQQ,20240606,60500,60500,0,36153,0.5975702479338842,0.4024297520661157,0.0,0
QQQ,20240613,63000,63000,0,36953,0.5865555555555556,0.41344444444444445,0.0,0
QQQ,20240620,58000,58000,0,34652,0.597448275862069,0.40255172413793106,0.0,0
QQQ,20240618,58000,58000,0,34922,0.602103448275862,0.3978965517241379,0.0,0
QQQ,20240617,62500,62500,0,37655,0.60248,0.39752,0.0,0
QQQ,20240614,82500,82500,0,48928,0.5930666666666666,0.4069333333333333,0.0,0
QQQ,20240607,81500,81500,0,45921,0.5634478527607362,0.4365521472392638,0.0,0
QQQ,20240627,52000,52000,0,30424,0.585076923076923,0.41492307692307695,0.0,0
QQQ,20240626,52000,52000,0,32562,0.6261923076923077,0.3738076923076923,0.0,0
QQQ,20240624,57000,57000,0,33487,0.5874912280701754,0.41250877192982455,0.0,0
QQQ,20240702,51500,51500,0,31286,0.607495145631068,0.39250485436893207,0.0,0
QQQ,20240625,57000,57000,0,32975,0.5785087719298245,0.4214912280701754,0.0,0
QQQ,20240703,31930,31930,0,18259,0.5718446601941748,0.42815533980582526,0.0,1
QQQ,20240708,55500,55500,0,32519,0.5859279279279279,0.4140720720720721,0.0,0
QQQ,20240710,56500,56500,0,33577,0.5942831858407079,0.40571681415929206,0.0,0
QQQ,20240711,64500,64500,0,40110,0.621860465116279,0.37813953488372093,0.0,0
QQQ,20240705,72500,72500,0,43640,0.6019310344827586,0.39806896551724136,0.0,0
QQQ,20240709,68500,68500,0,39635,0.5786131386861314,0.4213868613138686,0.0,0
QQQ,20240722,53500,53500,0,32943,0.6157570093457944,0.3842429906542056,0.0,0
QQQ,20240730,37500,37500,0,25473,0.67928,0.32072,0.0,0
QQQ,20240718,58500,58500,0,38110,0.6514529914529914,0.34854700854700854,0.0,0
QQQ,20240715,64500,64500,0,38971,0.6042015503875969,0.3957984496124031,0.0,0
QQQ,20240723,53500,53500,0,33219,0.6209158878504673,0.3790841121495327,0.0,1
QQQ,20240716,64500,64500,0,38100,0.5906976744186047,0.40930232558139534,0.0,0
QQQ,20240725,53500,53500,0,34387,0.6427476635514019,0.3572523364485981,0.0,0
QQQ,20240729,51500,51500,0,32536,0.6317669902912622,0.36823300970873785,0.0,0
QQQ,20240801,62000,62000,0,40515,0.6534677419354838,0.34653225806451615,0.0,0
QQQ,20240712,82500,82500,0,48194,0.584169696969697,0.41583030303030305,0.0,0
QQQ,20240726,80000,80000,0,50004,0.62505,0.37495,0.0,0
QQQ,20240805,62500,62500,0,48295,0.77272,0.22728,0.0,0
QQQ,20240806,62500,62500,0,43348,0.693568,0.306432,0.0,0
QQQ,20240808,73000,73000,0,48235,0.6607534246575343,0.3392465753424658,0.0,0
QQQ,20240820,68000,68000,0,40646,0.597735294117647,0.40226470588235297,0.0,0
QQQ,20240826,55000,55000,0,33886,0.6161090909090909,0.3838909090909091,0.0,0
QQQ,20240827,55000,55000,0,32608,0.5928727272727272,0.4071272727272727,0.0,0
QQQ,20240829,54500,54500,0,34450,0.6321100917431193,0.3678899082568807,0.0,1
QQQ,20240821,66000,66000,0,39219,0.5942272727272727,0.4057727272727273,0.0,0
QQQ,20240822,66500,66500,0,40259,0.6053984962406015,0.3946015037593985,0.0,0
QQQ,20240823,87500,87500,0,53760,0.6144,0.3856,0.0,0
QQQ,20240814,105000,105000,0,59097,0.5628285714285715,0.43717142857142854,0.0,0
QQQ,20240813,106000,106000,0,60043,0.566443396226415,0.4335566037735849,0.0,0
QQQ,20240815,105000,105000,0,60535,0.5765238095238095,0.42347619047619045,0.0,0
QQQ,20240812,106000,106000,0,60608,0.5717735849056603,0.4282264150943396,0.0,0
QQQ,20240903,51500,51500,0,32516,0.631378640776699,0.3686019417475728,0.0,0
QQQ,20240819,114000,114000,0,62421,0.5475526315789474,0.45244736842105265,0.0,0
QQQ,20240830,84500,84500,0,50251,0.5946863905325444,0.40531360946745565,0.0,0
QQQ,20240904,51500,51500,0,33693,0.6542330097087379,0.3457669902912621,0.0,0
QQQ,20240909,58500,58500,0,37874,0.6474188034188034,0.3525811965811966,0.0,1
QQQ,20240905,55500,55500,0,35685,0.642972972972973,0.35702702702702704,0.0,0
QQQ,20240910,57500,57500,0,34777,0.6048173913043479,0.3951826086956522,0.0,0
QQQ,20240911,57500,57500,0,35945,0.6251304347826087,0.3748695652173913,0.0,0
QQQ,20240912,60500,60500,0,40780,0.6740495867768596,0.3259504132231405,0.0,0
QQQ,20240919,60000,60000,0,43905,0.73175,0.26825,0.0,0
QQQ,20240816,149000,149000,0,81734,0.5485503355704698,0.4514496644295302,0.0,0
QQQ,20240916,69500,69500,0,41657,0.5993812949640288,0.40061870503597125,0.0,0
QQQ,20240913,79000,79000,0,48028,0.6079493670886076,0.3920506329113924,0.0,0
QQQ,20240925,60500,60500,0,35608,0.5885619834710744,0.41143801652892564,0.0,0
QQQ,20240923,65500,65500,0,37887,0.5784274809160306,0.4215725190839695,0.0,0
QQQ,20240917,69500,69500,0,42844,0.6164604316546762,0.38353956834532377,0.0,0
QQQ,20240924,65500,65500,0,38459,0.5871603053435115,0.41283969465648857,0.0,0
QQQ,20240926,60500,60500,0,36636,0.6055537190082645,0.3944462809917355,0.0,0
QQQ,20241002,58000,58000,0,34934,0.6023103448275862,0.3976896551724138,0.0,0
QQQ,20240927,70500,70500,0,41954,0.5950921985815603,0.40490780141843974,0.0,0
QQQ,20241004,61500,61500,0,37713,0.6132195121951219,0.38678048780487806,0.0,0
QQQ,20241008,56500,56500,0,34289,0.6068849557522124,0.3931150442477876,0.0,0
QQQ,20241001,58000,58000,0,36060,0.6217241379310345,0.3782758620689655,0.0,0
QQQ,20241007,56500,56500,0,35145,0.6220353982300885,0.3779646017699115,0.0,0
QQQ,20241010,58500,58500,0,34847,0.5956752136752137,0.4043247863247863,0.0,0
QQQ,20241009,58500,58500,0,34818,0.5951794871794872,0.40482051282051285,0.0,0
QQQ,20241014,56500,56500,0,33790,0.5980530973451328,0.40194690265486727,0.0,0
QQQ,20241015,56500,56500,0,34960,0.6187610619469026,0.3812212389380531,0.0,0
QQQ,20241022,56000,56000,0,31810,0.5680357142857143,0.4319642857142857,0.0,0
QQQ,20241023,55000,55000,0,33165,0.603,0.397,0.0,0
QQQ,20241011,67000,67000,0,41600,0.6208955223880597,0.37910447761194027,0.0,0
QQQ,20241016,56500,56500,0,33364,0.5905132743362832,0.4094867256637168,0.0,0
QQQ,20240930,119500,119500,0,65078,0.5445857740585774,0.4554142259414226,0.0,0
QQQ,20241024,53000,53000,0,31453,0.5934528301886792,0.4065471698113208,0.0,0
QQQ,20241029,53500,53500,0,32379,0.605214953271028,0.39478504672897197,0.0,0
QQQ,20241018,86000,86000,0,50903,0.5918953488372093,0.4081046511627907,0.0,0
QQQ,20241025,65500,65500,0,44011,0.6719236641221374,0.3280763358778626,0.0,0
QQQ,20241028,53500,53500,0,32167,0.6012523364485981,0.39874766355140184,0.0,0
QQQ,20241031,54000,54000,0,35486,0.6571481481481481,0.34285185185185185,0.0,0
QQQ,20241104,58000,58000,0,34296,0.5913103448275862,0.4086896551724138,0.0,0
QQQ,20241107,62000,62000,0,40278,0.6496451612903226,0.35035483870967743,0.0,0
QQQ,20241101,67500,67500,0,42575,0.6307407407407407,0.36925925925925923,0.0,0
QQQ,20241106,62000,62000,0,39014,0.629258064516129,0.37074193548387097,0.0,0
QQQ,20241111,59500,59500,0,35466,0.5960672268907563,0.4039327731092437,0.0,0
QQQ,20241113,61500,61500,0,34659,0.563560975609756,0.4364390243902439,0.0,0
QQQ,20241112,61500,61500,0,34831,0.5663577235772358,0.4336422764227642,0.0,0
QQQ,20241108,71500,71500,0,43095,0.6027272727272728,0.3972727272727273,0.0,0
QQQ,20241114,63500,63500,0,37103,0.5842992125984252,0.4157007874015748,0.0,0
QQQ,20241118,65500,65500,0,38920,0.5941984732824428,0.40580152671755726,0.0,0
QQQ,20241119,64000,64000,0,37255,0.582109375,0.417890625,0.0,0
QQQ,20241127,63000,63000,0,35846,0.568984126984127,0.431015873015873,0.0,0
QQQ,20241129,47120,47120,0,26786,0.5684634974533107,0.4315365025466893,0.0,0
QQQ,20241125,65000,65000,0,39190,0.6029230769230769,0.39707692307692305,0.0,0
QQQ,20241205,42000,42000,0,25542,0.6081428571428571,0.39185714285714285,0.0,0
QQQ,20241126,63000,63000,0,36415,0.578015873015873,0.42198412698412696,0.0,0
QQQ,20241203,57500,57500,0,32624,0.5673739130434783,0.4326260869565217,0.0,0
QQQ,20241122,73500,73500,0,44108,0.600108843537415,0.39989115646258505,0.0,0
QQQ,20241202,57500,57500,0,34802,0.6052521739130434,0.3947478260869565,0.0,0
QQQ,20241115,104000,104000,0,61905,0.5952403846153846,0.4047596153846154,0.0,0
QQQ,20241210,58000,58000,0,32935,0.5678448275862069,0.4321551724137931,0.0,0
QQQ,20241209,58000,58000,0,33353,0.575051724137931,0.42494827586206896,0.0,0
QQQ,20241211,58000,58000,0,33598,0.5792758620689655,0.42072413793103447,0.0,0
QQQ,20241206,82000,82000,0,46273,0.5643048780487805,0.4356951219512195,0.0,0
QQQ,20241212,58000,58000,0,32504,0.5604137931034483,0.4395862068965517,0.0,0
QQQ,20241216,59000,59000,0,34097,0.5779152542372882,0.4220847457627119,0.0,0
QQQ,20241213,72000,72000,0,41763,0.5800416666666667,0.4199583333333333,0.0,0
QQQ,20241224,43400,43400,0,23941,0.5516359447004608,0.44836405529953915,0.0,2
QQQ,20241219,63000,63000,0,46673,0.7408412698412699,0.25915873015873014,0.0,0
QQQ,20241217,59000,59000,0,33806,0.5729830508474576,0.42701694915254235,0.0,0
QQQ,20241223,68000,68000,0,39052,0.5742941176470588,0.42570588235294116,0.0,1
QQQ,20241230,69500,69500,0,40603,0.5842158273381295,0.4157841726618705,0.0,0
QQQ,20241226,70000,70000,0,40485,0.5783571428571429,0.42164285714285715,0.0,0
QQQ,20250106,71500,71500,0,40994,0.5733426573426573,0.4266573426573427,0.0,1
QQQ,20250103,77500,77500,0,45501,0.5871096774193548,0.4128903225806452,0.0,0
QQQ,20250113,64000,64000,0,37329,0.583265625,0.416734375,0.0,0
QQQ,20250107,71500,71500,0,41865,0.5855244755244755,0.4144755244755245,0.0,0
QQQ,20250108,71500,71500,0,44635,0.6242657342657343,0.3757342657342657,0.0,1
QQQ,20250114,60500,60500,0,35188,0.5816198347107439,0.4183801652892562,0.0,0
QQQ,20250116,54000,54000,0,32503,0.6019074074074074,0.3980925925925926,0.0,0
QQQ,20250110,84000,84000,0,50195,0.5975595238095238,0.4024404761904762,0.0,0
QQQ,20250115,54000,54000,0,33217,0.6151296296296296,0.38487037037037036,0.0,0
QQQ,20241231,124500,124500,0,68264,0.5483052208835342,0.4516947791164659,0.0,0
QQQ,20250122,63500,63500,0,36777,0.5791653543307087,0.42083464566929135,0.0,0
QQQ,20250121,64000,64000,0,36491,0.570171875,0.429828125,0.0,0
QQQ,20250123,63500,63500,0,37199,0.5858110236220473,0.41418897637795277,0.0,0
QQQ,20250124,77000,77000,0,44576,0.5789090909090909,0.42109090909090907,0.0,0
QQQ,20250130,82000,82000,0,48643,0.5932073170731708,0.40679268292682924,0.0,0
QQQ,20250205,74000,74000,0,42813,0.578554054054054,0.4214459459459459,0.0,0
QQQ,20250131,86000,86000,0,52614,0.6117906976744186,0.3882093023255814,0.0,0
QQQ,20250206,74000,74000,0,44787,0.6052297297297298,0.3947702702702703,0.0,0
QQQ,20250211,71000,71000,0,40742,0.573830985915493,0.426169014084507,0.0,0
QQQ,20250210,73500,73500,0,44594,0.6067210884353742,0.39327891156462585,0.0,0
QQQ,20250212,71000,71000,0,41052,0.5781971830985916,0.4218028169014085,0.0,0
QQQ,20250207,88000,88000,0,55830,0.6344318181818182,0.3655681818181818,0.0,0
QQQ,20250213,71000,71000,0,43034,0.606112676056338,0.393887323943662,0.0,0
QQQ,20250220,68500,68500,0,39760,0.5804379562043795,0.41956204379562045,0.0,0
QQQ,20250219,72000,72000,0,40787,0.5664861111111111,0.43351388888888887,0.0,0
QQQ,20250224,68500,68500,0,41248,0.6021605839416059,0.3978394160583942,0.0,0
QQQ,20250225,68500,68500,0,41361,0.6038102189781022,0.39618978102189784,0.0,0
QQQ,20250214,84500,84500,0,50256,0.5947455621301775,0.40525443786982246,0.0,0
QQQ,20250226,71500,71500,0,44402,0.621006993006993,0.378993006993007,0.0,0
QQQ,20250227,73500,73500,0,45401,0.6177006802721089,0.38229931972789116,0.0,1
QQQ,20250304,64000,64000,0,45209,0.706390625,0.293609375,0.0,0
QQQ,20250305,69500,69500,0,46196,0.6646906474820143,0.3353093525179856,0.0,0
QQQ,20250228,86000,86000,0,56689,0.6591744186046512,0.34082558139534885,0.0,0
QQQ,20250306,76500,76500,0,49639,0.6488758169934641,0.351124183006536,0.0,0
QQQ,20250310,72500,72500,0,46355,0.6393793103448275,0.3606206896551724,0.0,0
QQQ,20250319,70000,70000,0,44950,0.6421428571428571,0.3578571428571429,0.0,0
QQQ,20250311,72000,72000,0,46904,0.6514444444444445,0.34855555555555556,0.0,0
QQQ,20250312,72500,72500,0,45713,0.6305241379310345,0.36947586206896554,0.0,0
QQQ,20250325,64500,64500,0,37239,0.5773488372093023,0.4226511627906977,0.0,0
QQQ,20250317,72500,72500,0,42229,0.5824689655172414,0.41753103448275863,0.0,0
QQQ,20250313,72500,72500,0,45986,0.6342896551724138,0.3657103448275862,0.0,0
QQQ,20250307,89000,89000,0,57086,0.6414157303370787,0.35858426966292134,0.0,0
QQQ,20250327,64500,64500,0,38087,0.5904961240310077,0.40950387596899224,0.0,0
QQQ,20250403,71500,71500,0,47289,0.6613846153846153,0.3386153846153846,0.0,0
QQQ,20250401,62500,62500,0,38359,0.613744,0.386256,0.0,0
QQQ,20250402,71500,71500,0,49430,0.6913286713286714,0.3086713286713287,0.0,0
QQQ,20250331,89500,89500,0,54511,0.6090614525139665,0.3909385474860335,0.0,0
QQQ,20250409,105000,105000,0,78140,0.7441904761904762,0.2558095238095238,0.0008761904761904762,0
QQQ,20250410,109000,109000,0,81555,0.7482110091743119,0.25178899082568806,0.0,0
QQQ,20250429,77500,77500,0,47311,0.6104645161290323,0.38953548387096776,0.0,0
QQQ,20250501,80000,80000,0,51152,0.6394,0.3606,0.0,0
QQQ,20250430,100500,100500,0,62441,0.6213034825870647,0.3786965174129353,0.0,0
QQQ,20250502,96500,96500,0,60686,0.6288704663212435,0.37112953367875645,0.0,0
QQQ,20250414,118500,118500,0,76636,0.6467172995780591,0.35328270042194093,0.0,0
QQQ,20250506,85500,85500,0,49695,0.5812280701754386,0.4187719298245614,0.0,0
QQQ,20250507,85500,85500,0,54119,0.6329707602339182,0.36702923976608187,0.0,0
QQQ,20250416,122500,122500,0,75203,0.6139020408163265,0.38609795918367346,0.0,0
QQQ,20250508,85000,85000,0,51339,0.6039882352941176,0.39601176470588234,0.0,0
QQQ,20250513,72000,72000,0,46341,0.643625,0.356375,0.0,0
QQQ,20250423,121500,121500,0,74662,0.6145020576131687,0.38549794238683127,0.0,0
QQQ,20250422,121500,121500,0,71375,0.5874485596707819,0.4125514403292181,0.0,0
QQQ,20250424,121000,121000,0,73492,0.6073719008264463,0.39262809917355374,0.0,0
QQQ,20250411,140500,140500,0,98957,0.7043202846975088,0.2956797153024911,0.0,0
QQQ,20250514,71000,71000,0,43916,0.6185352112676057,0.38146478873239437,0.0,0
QQQ,20250515,73000,73000,0,45987,0.629958904109589,0.37004109589041095,0.0,0
QQQ,20250520,68500,68500,0,41036,0.599065693430657,0.4009343065693431,0.0,0
QQQ,20250519,77000,77000,0,46969,0.609987012987013,0.39001298701298703,0.0,0
QQQ,20250604,50500,50500,0,31679,0.6273069306930693,0.3726930693069307,0.0,0
QQQ,20250521,68500,68500,0,42399,0.618963503649635,0.38103649635036496,0.0,0
QQQ,20250605,44500,44500,0,29542,0.6638651685393259,0.33613483146067413,0.0,0
QQQ,20250522,70500,70500,0,44786,0.6352624113475177,0.3647375886524823,0.0,1
QQQ,20250603,50500,50500,0,31096,0.6157623762376238,0.38423762376237625,0.0,0
QQQ,20250528,68000,68000,0,42686,0.6277352941176471,0.37226470588235294,0.0,0
QQQ,20250602,64500,64500,0,38110,0.5908527131782946,0.4091472868217054,0.0,0
QQQ,20250529,69500,69500,0,42376,0.609726618705036,0.39027338129496403,0.0,0
QQQ,20250609,54500,54500,0,33300,0.6110091743119266,0.3889908256880734,0.0,0
QQQ,20250530,97000,97000,0,58509,0.6031855670103092,0.3968144329896907,0.0,0
QQQ,20250523,104500,104500,0,62196,0.5951770334928229,0.40482296650717703,0.0,0
QQQ,20250610,54500,54500,0,34006,0.6239633027522936,0.37603669724770644,0.0,0
QQQ,20250606,83500,83500,0,50758,0.607880239520958,0.3921197604790419,0.0,0
QQQ,20250612,66000,66000,0,41270,0.6253030303030302,0.3746969696969697,0.0,0
QQQ,20250616,57000,57000,0,39569,0.6941929824561404,0.30580701754385964,0.0,0
QQQ,20250611,71000,71000,0,42894,0.6041408450704225,0.39585915492957746,0.0,1
QQQ,20250618,57500,57500,0,41734,0.7258086956521739,0.27419130434782607,0.0,0
QQQ,20250623,56500,56500,0,38526,0.6818761061946903,0.31812389380530975,0.0,0
QQQ,20250624,55500,55500,0,35780,0.6446846846846847,0.3553153153153153,0.0,0
QQQ,20250617,57500,57500,0,36949,0.6425913043478261,0.3574086956521739,0.0,0
QQQ,20250625,56500,56500,0,37298,0.660141592920354,0.33985840707964604,0.0,0
QQQ,20250613,82000,82000,0,50167,0.6117926829268293,0.38820731707317074,0.0,0
QQQ,20250626,66500,66500,0,41866,0.6295639097744361,0.3704360902255639,0.0,0
QQQ,20250627,83000,83000,0,50790,0.6119277108433735,0.3880722891566265,0.0,0
QQQ,20250703,52390,52390,0,30408,0.5804161099446459,0.41958389005535407,0.0,1
QQQ,20250701,71500,71500,0,42348,0.5922797202797203,0.40772027972027974,0.0,0
QQQ,20250702,71500,71500,0,42338,0.5921398601398601,0.40786013986013986,0.0,0
QQQ,20250714,58000,58000,0,35626,0.6142413793103448,0.38575862068965516,0.0,0
QQQ,20250708,61500,61500,0,35852,0.5829593495934959,0.41704065040650407,0.0,0
QQQ,20250721,58500,58500,0,35474,0.6063931623931624,0.3936068376068376,0.0,0
QQQ,20250630,111500,111500,0,62740,0.5626905829596413,0.43730941704035875,0.0,0
QQQ,20250715,60000,60000,0,36079,0.6013166666666667,0.39868333333333333,0.0,0
QQQ,20250716,64000,64000,0,38841,0.606890625,0.393109375,0.0,2
QQQ,20250707,85500,85500,0,49573,0.5798011695906433,0.42019883040935674,0.0,0
QQQ,20250717,66000,66000,0,39474,0.5980909090909091,0.4019090909090909,0.0,0
QQQ,20250709,76000,76000,0,43624,0.574,0.426,0.0,0
QQQ,20250723,60500,60500,0,37921,0.6267933884297521,0.3732066115702479,0.0,0
QQQ,20250711,86500,86500,0,50162,0.5799075144508671,0.4200924855491329,0.0,0
QQQ,20250728,57000,57000,0,33797,0.5929298245614035,0.40707017543859647,0.0,0
QQQ,20250729,55000,55000,0,32716,0.5948363636363636,0.40516363636363634,0.0,0
QQQ,20250805,53500,53500,0,34531,0.6454392523364486,0.3545607476635514,0.0,0
QQQ,20250806,50500,50500,0,31221,0.6182376237623762,0.38176237623762377,0.0,0
QQQ,20250730,57000,57000,0,36640,0.6428070175438596,0.3515438596491228,0.005280701754385965,0
QQQ,20250725,80000,80000,0,46743,0.5842875,0.4157125,0.0,0
QQQ,20250718,115500,115500,0,69181,0.5989696969696969,0.401030303030303,0.0,0
QQQ,20250811,51000,51000,0,30834,0.6045882352941176,0.39541176470588235,0.0,0
QQQ,20250807,48000,48000,0,32496,0.677,0.323,0.0,0
QQQ,20250819,55500,55500,0,34854,0.628,0.372,0.0,0
QQQ,20250812,51000,51000,0,31894,0.6253725490196078,0.37462745098039213,0.0,0
QQQ,20250820,55500,55500,0,38380,0.6915315315315316,0.3084684684684685,0.0,0
QQQ,20250814,51500,51500,0,34482,0.6695533980582524,0.3304466019417476,0.0,0
QQQ,20250821,57500,57500,0,37239,0.6476347826086957,0.35236521739130433,0.0,0
QQQ,20250825,61500,61500,0,37531,0.610260162601626,0.389739837398374,0.0,0
QQQ,20250822,70000,70000,0,46274,0.6610571428571429,0.33894285714285716,0.0,1
QQQ,20250902,41500,41500,0,27404,0.6603373493975904,0.33966265060240963,0.0,0
QQQ,20250903,41000,41000,0,27138,0.6619024390243903,0.3380975609756098,0.0,0
QQQ,20250908,45000,45000,0,28481,0.6329111111111111,0.3670888888888889,0.0,0
QQQ,20250910,42000,42000,0,27476,0.6541904761904762,0.3458095238095238,0.0,0
QQQ,20250826,61000,61000,0,35282,0.5783934426229508,0.42160655737704916,0.0,0
QQQ,20250909,42000,42000,0,25695,0.6117857142857143,0.38821428571428573,0.0,0
QQQ,20250911,51000,51000,0,34509,0.6766470588235294,0.32335294117647057,0.0,0
QQQ,20250827,65000,65000,0,41898,0.6445846153846154,0.35541538461538463,0.0,0
QQQ,20250828,51000,50750,250,32041,0.6313497536945812,0.3686502463054187,0.0,0
QQQ,20250915,54500,54500,0,35566,0.6525871559633027,0.34741284403669725,0.0,0
QQQ,20250917,58500,58500,0,45904,0.7846837606837607,0.2153162393162393,0.0,0
QQQ,20250916,54500,54500,0,34429,0.6317247706422018,0.36827522935779816,0.0,0
QQQ,20250922,60500,60500,0,35596,0.5883636363636363,0.41163636363636363,0.0,0
QQQ,20250924,55500,55500,0,35117,0.6327387387387388,0.36726126126126124,0.0,0
QQQ,20250918,59500,59500,0,38959,0.6547731092436975,0.34522689075630253,0.0,0
QQQ,20250912,96000,96000,0,54887,0.5717395833333333,0.42826041666666664,0.0,0
QQQ,20250925,63500,63500,0,39669,0.6247086614173228,0.37529133858267716,0.0,0
QQQ,20250923,57500,57500,0,35759,0.6218956521739131,0.378104347826087,0.0,0
QQQ,20251001,52000,52000,0,33304,0.6404615384615384,0.35953846153846153,0.0,0
QQQ,20251002,50000,50000,0,32614,0.65228,0.34772,0.0,0
QQQ,20251007,43500,43500,0,29600,0.6804597701149425,0.3195402298850575,0.0,0
QQQ,20251006,43500,43500,0,27234,0.6260689655172413,0.3739310344827586,0.0,0
QQQ,20250929,52000,52000,0,31261,0.601173076923077,0.3988269230769231,0.0,0
QQQ,20251008,49500,49500,0,31801,0.6424444444444445,0.35755555555555557,0.0,0
QQQ,20251009,50500,50500,0,32147,0.6365742574257426,0.3634257425742574,0.0,0
QQQ,20251003,73000,73000,0,43651,0.5979589041095891,0.402041095890411,0.0,0
QQQ,20251013,72500,72500,0,45850,0.6324137931034483,0.36758620689655175,0.0,0
QQQ,20251027,46500,46500,0,32746,0.7042150537634408,0.29578494623655915,0.0,0
QQQ,20251022,52500,52500,0,35649,0.6790285714285714,0.3078095238095238,0.018304761904761904,0
QQQ,20251029,50500,50500,0,42801,0.8475445544554455,0.15245544554455445,0.0,0
QQQ,20251028,50500,50500,0,34885,0.6907920792079207,0.3092079207920792,0.0,0
QQQ,20251010,94000,94000,0,57930,0.6162765957446809,0.38372340425531914,0.0,0
QQQ,20251014,72500,72500,0,45789,0.6315724137931035,0.36842758620689653,0.0,0
QQQ,20251023,52500,52500,0,34322,0.653752380952381,0.346247619047619,0.0,0
QQQ,20251030,53000,53000,0,39535,0.7459433962264151,0.2540566037735849,0.0,0
QQQ,20251020,70000,70000,0,44252,0.6321714285714286,0.36782857142857145,0.0,0
QQQ,20251015,72500,72500,0,46506,0.6414620689655173,0.3585379310344828,0.0,0
QQQ,20251105,51000,51000,0,34092,0.6684705882352941,0.3315294117647059,0.0,0
QQQ,20251024,70000,70000,0,44988,0.6426857142857143,0.3573142857142857,0.0,0
QQQ,20251016,71000,71000,0,46210,0.6508450704225353,0.3491549295774648,0.0,0
QQQ,20251021,76500,76500,0,46069,0.6022091503267973,0.3977908496732026,0.0,0
QQQ,20251106,51000,51000,0,37157,0.7285686274509804,0.2714313725490196,0.0,0
QQQ,20251110,55500,55500,0,35945,0.6476576576576577,0.35234234234234235,0.0,0
QQQ,20251112,55500,55500,0,36366,0.6552432432432432,0.34475675675675677,0.0,0
QQQ,20251202,47500,47500,0,32608,0.6864842105263158,0.3135157894736842,0.0,0
QQQ,20251111,55500,55500,0,34700,0.6252252252252253,0.3747747747747748,0.0,0
QQQ,20251113,55500,55500,0,37777,0.6806666666666666,0.31933333333333336,0.0,0
QQQ,20251126,60500,60500,0,39889,0.6593223140495867,0.3406776859504132,0.0,0
QQQ,20251117,67500,67500,0,44106,0.6534222222222222,0.34657777777777776,0.0,0
QQQ,20251124,67500,67500,0,45688,0.6768592592592593,0.32314074074074073,0.0,0
QQQ,20251107,75000,75000,0,51236,0.6831466666666667,0.3168533333333333,0.0,0
QQQ,20251120,67500,67500,0,51769,0.7669481481481482,0.23305185185185184,0.0,0
QQQ,20251125,64000,64000,0,41335,0.645859375,0.354140625,0.0,1
QQQ,20251201,47500,47500,0,31640,0.6661052631578948,0.33389473684210524,0.0,0
QQQ,20251114,69000,69000,0,46987,0.6809710144927537,0.3190289855072464,0.0,0
QQQ,20251128,54870,54870,0,30505,0.5559504282850374,0.4440495717149626,0.0,0
QQQ,20251203,47500,47500,0,31927,0.6721473684210526,0.3278526315789474,0.0,0
QQQ,20251204,53500,53500,0,35207,0.6580747663551402,0.3419252336448598,0.0,0
QQQ,20251209,54500,54500,0,34287,0.6291192660550459,0.37088073394495413,0.0,0
QQQ,20251211,48000,48000,0,35891,0.7477291666666667,0.25227083333333333,0.0,0
QQQ,20251208,54500,54500,0,35557,0.6524220183486239,0.34757798165137616,0.0,0
QQQ,20251216,51500,51500,0,33913,0.658504854368932,0.341495145631068,0.0,0
QQQ,20251217,50000,50000,0,34065,0.6813,0.3187,0.0,0
QQQ,20251224,34720,34720,0,20003,0.5761232718894009,0.42387672811059907,0.0,0
QQQ,20251223,54500,54500,0,33041,0.6062568807339449,0.39374311926605504,0.0,0
QQQ,20251230,47500,47500,0,30926,0.6510736842105264,0.3489263157894737,0.0,0
QQQ,20251229,47500,47500,0,30421,0.6404421052631579,0.35955789473684213,0.0,0
QQQ,20251121,129500,129500,0,82110,0.634054054054054,0.3659459459459459,0.0,0
QQQ,20251212,66000,66000,0,44750,0.678030303030303,0.32196969696969696,0.0,0
QQQ,20251226,63500,63500,0,38494,0.6062047244094488,0.39379527559055116,0.0,0
SPXW,20220803,81000,81000,0,49994,0.6172098765432099,0.38279012345679014,0.0,0
SPXW,20220802,84000,84000,0,51808,0.6167619047619047,0.3832380952380952,0.0,0
QQQ,20251231,117500,117500,0,66215,0.563531914893617,0.43646808510638296,0.0,0
SPXW,20220804,82500,82500,0,49037,0.5943878787878788,0.4056121212121212,0.0,0
SPXW,20220809,81500,81500,0,47406,0.5816687116564417,0.41833128834355826,0.0,0
SPXW,20220810,75500,75500,0,45744,0.6058807947019867,0.39411920529801325,0.0,0
SPXW,20220811,79000,79000,0,47604,0.6025822784810126,0.39741772151898735,0.0,0
SPXW,20220818,76500,76500,0,45444,0.5940392156862745,0.4059607843137255,0.0,0
SPXW,20220808,85000,85000,0,50295,0.5917058823529412,0.4082941176470588,0.0,0
SPXW,20220816,78000,78000,0,46196,0.5922564102564103,0.40774358974358976,0.0,0
SPXW,20220817,89500,89500,0,54178,0.605340782122905,0.39465921787709496,0.0,0
SPXW,20220823,78500,78500,0,46645,0.5942038216560509,0.40579617834394904,0.0,0
SPXW,20220815,85000,85000,0,50119,0.589635294117647,0.41036470588235296,0.0,0
SPXW,20220825,79500,79500,0,46945,0.590503144654088,0.40949685534591196,0.0,0
SPXW,20220812,120000,120000,0,68051,0.5670916666666667,0.43290833333333334,0.0,0
SPXW,20220829,78500,78500,0,50810,0.6472611464968153,0.35273885350318473,0.0,0
SPXW,20220830,86000,86000,0,53089,0.6173139534883721,0.3826860465116279,0.0,0
SPXW,20220901,90500,90500,0,54658,0.6039558011049724,0.3960441988950276,0.0,1
SPXW,20220908,85500,85500,0,53273,0.6230760233918129,0.37692397660818716,0.0,0
SPXW,20220913,81000,81000,0,52532,0.6485432098765432,0.35145679012345676,0.0,0
SPXW,20220907,87500,87500,0,53244,0.6085028571428571,0.3914971428571429,0.0,0
SPXW,20220915,79000,79000,0,51165,0.6476582278481012,0.3523417721518987,0.0,1
SPXW,20220922,91000,91000,0,55874,0.614,0.386,0.0,0
SPXW,20220902,121000,121000,0,70742,0.5846446280991735,0.41535537190082644,0.0,0
SPXW,20220926,100000,100000,0,62576,0.62576,0.37424,0.0,0
SPXW,20220819,196000,196000,0,108549,0.5538214285714286,0.4461785714285714,0.0,0
SPXW,20220909,119500,119500,0,70357,0.5887615062761506,0.41123849372384935,0.0,0
SPXW,20220929,86000,86000,0,54683,0.6358488372093023,0.36415116279069765,0.0,1
SPXW,20220927,102500,102500,0,63084,0.6154536585365854,0.38454634146341465,0.0,0
SPXW,20220923,129000,129000,0,78600,0.6093023255813953,0.39069767441860465,0.0,0
SPXW,20221006,80000,80000,0,50809,0.6351125,0.3648875,0.0,0
SPXW,20221013,71000,71000,0,51098,0.7196901408450704,0.28030985915492956,0.0,0
SPXW,20221005,105000,105000,0,62811,0.5982,0.4018,0.0,0
SPXW,20221011,77000,77000,0,47696,0.6194285714285714,0.38057142857142856,0.0,0
SPXW,20221017,84000,84000,0,55846,0.6648333333333334,0.33516666666666667,0.0,0
SPXW,20221019,78000,78000,0,50460,0.6469230769230769,0.35307692307692307,0.0,0
SPXW,20221020,75000,75000,0,48795,0.6506,0.3494,0.0,0
SPXW,20221018,79000,79000,0,51712,0.6545822784810127,0.34541772151898736,0.0,0
SPXW,20221010,105000,105000,0,62360,0.5939047619047619,0.4060952380952381,0.0,0
SPXW,20221027,79000,79000,0,48582,0.6149620253164557,0.3850379746835443,0.0,0
SPXW,20221026,77000,77000,0,48781,0.6335194805194805,0.36648051948051946,0.0,0
SPXW,20220916,201500,201500,0,117650,0.5838709677419355,0.4161290322580645,0.0,0
SPXW,20221007,136000,136000,0,79943,0.5878161764705883,0.41218382352941174,0.0,0
SPXW,20221103,88000,88000,0,53731,0.6105795454545454,0.38942045454545454,0.0,0
SPXW,20221102,88500,88500,0,64211,0.7255480225988701,0.2744519774011299,0.0,0
SPXW,20221107,78500,78500,0,48936,0.6233885350318471,0.37661146496815284,0.0,0
SPXW,20221110,75000,75000,0,54695,0.7292666666666666,0.2707333333333333,0.0,0
SPXW,20221108,72000,72000,0,45871,0.6370972222222222,0.3629027777777778,0.0,0
SPXW,20220930,222500,222500,0,123633,0.5556539325842696,0.44434606741573035,0.0,0
SPXW,20221117,84500,84500,0,53365,0.6315384615384615,0.36846153846153845,0.0,0
SPXW,20221114,80500,80500,0,50855,0.6317391304347826,0.36826086956521736,0.0,1
SPXW,20221115,81500,81500,0,52428,0.6432883435582822,0.3567116564417178,0.0,0
SPXW,20221116,86500,86500,0,54218,0.6267976878612717,0.37320231213872834,0.0,0
SPXW,20221111,111000,111000,0,67108,0.6045765765765766,0.3954234234234234,0.0,0
SPXW,20221122,77500,77500,0,47012,0.6066064516129033,0.3933935483870968,0.0,0
SPXW,20221128,78000,78000,0,46297,0.593551282051282,0.40644871794871795,0.0,0
SPXW,20221125,73470,73470,0,38856,0.5288689260922825,0.4711310739077174,0.0,0
SPXW,20221129,72500,72500,0,43746,0.6033931034482759,0.39660689655172415,0.0,0
SPXW,20221207,80500,80500,0,49780,0.6183850931677018,0.38161490683229815,0.0,0
SPXW,20221206,80500,80500,0,49820,0.6188819875776398,0.38111801242236026,0.0,0
SPXW,20221213,72500,72500,0,51791,0.7143586206896552,0.28564137931034483,0.0,0
SPXW,20221208,81500,81500,0,49511,0.6074969325153374,0.39250306748466257,0.0,0
SPXW,20221215,83500,83500,0,56098,0.6718323353293413,0.32816766467065867,0.0,0
SPXW,20221221,76500,76500,0,46350,0.6058823529411764,0.3941176470588235,0.0,0
SPXW,20221219,78000,78000,0,48636,0.6235384615384615,0.37646153846153846,0.0,0
SPXW,20221222,78500,78500,0,50860,0.6478980891719746,0.3521019108280255,0.0,0
SPXW,20221220,79000,79000,0,49771,0.6300126582278481,0.3699873417721519,0.0,0
SPXW,20221227,79500,79500,0,48708,0.6126792452830189,0.38732075471698113,0.0,0
SPXW,20230104,72000,72000,0,46372,0.6440555555555556,0.35594444444444445,0.0,0
SPXW,20221228,76500,76500,0,45978,0.6010196078431372,0.39898039215686276,0.0,0
SPXW,20221118,184500,184500,0,103055,0.5585636856368563,0.4414363143631436,0.0,0
SPXW,20230109,76500,76500,0,46342,0.6057777777777777,0.3942222222222222,0.0,0
SPXW,20230111,67000,67000,0,41846,0.6245671641791045,0.37543283582089554,0.0,0
SPXW,20221223,108000,108000,0,63809,0.5908240740740741,0.40917592592592594,0.0,0
SPXW,20230110,74000,74000,0,45405,0.6135810810810811,0.38641891891891894,0.0,0
SPXW,20230112,78500,78500,0,49375,0.6289808917197452,0.37101910828025475,0.0,0
SPXW,20230117,73000,73000,0,43674,0.5982739726027397,0.40172602739726027,0.0,1
SPXW,20230113,98000,98000,0,57424,0.5859591836734694,0.4140408163265306,0.0,0
SPXW,20230118,74500,74500,0,45941,0.6166577181208054,0.3833422818791946,0.0,0
SPXW,20230119,73500,73500,0,45551,0.6197414965986394,0.3802585034013605,0.0,0
SPXW,20230126,72000,72000,0,45167,0.6273194444444444,0.37268055555555557,0.0,0
SPXW,20230124,76000,76000,0,46332,0.6096315789473684,0.3903684210526316,0.0,0
SPXW,20230125,69000,69000,0,43687,0.6331449275362319,0.36685507246376814,0.0,0
SPXW,20230201,75500,75500,0,54668,0.7240794701986755,0.2759205298013245,0.0,0
SPXW,20230202,80000,80000,0,51212,0.64015,0.35985,0.0,0
SPXW,20230127,100000,100000,0,59029,0.59029,0.40971,0.0,0
SPXW,20230206,87000,87000,0,52170,0.5996551724137931,0.4003448275862069,0.0,0
SPXW,20221216,209000,209000,0,119792,0.5731674641148325,0.42683253588516745,0.0,0
SPXW,20230208,78500,78500,0,48604,0.6191592356687898,0.38084076433121017,0.0,0
SPXW,20230207,84000,84000,0,53579,0.6378452380952381,0.3621547619047619,0.0,0
SPXW,20230213,80500,80500,0,49088,0.6097888198757764,0.3902111801242236,0.0,0
SPXW,20230203,112500,112500,0,67452,0.5995733333333333,0.40042666666666665,0.0,0
SPXW,20230214,75000,75000,0,49314,0.65752,0.34248,0.0,0
SPXW,20230215,74000,74000,0,45691,0.6174459459459459,0.38255405405405407,0.0,0
SPXW,20230301,71500,71500,0,43887,0.6138041958041958,0.3861958041958042,0.0,0
SPXW,20230223,77500,77500,0,47226,0.6093677419354838,0.3906322580645161,0.0,0
SPXW,20230120,169000,169000,0,92642,0.5481775147928994,0.4518224852071006,0.0,0
SPXW,20230306,74000,74000,0,45678,0.6172702702702703,0.38272972972972974,0.0,0
SPXW,20230224,101500,101500,0,60601,0.5970541871921182,0.4029458128078818,0.0,0
SPXW,20230308,71000,71000,0,44116,0.6213521126760564,0.37864788732394367,0.0,0
SPXW,20230309,73000,73000,0,45136,0.6183013698630137,0.3816986301369863,0.0,0
SPXW,20230303,102000,102000,0,60160,0.5898039215686275,0.41019607843137257,0.0,0
SPXW,20230316,81000,81000,0,54107,0.6679876543209876,0.33201234567901233,0.0,0
SPXW,20230315,82500,82500,0,56551,0.6854666666666667,0.31453333333333333,0.0,0
SPXW,20230320,80500,80500,0,51505,0.6398136645962733,0.3601863354037267,0.0,0
SPXW,20230321,75000,75000,0,46643,0.6219066666666667,0.37809333333333334,0.0,0
SPXW,20230310,103500,103500,0,66794,0.6453526570048309,0.3546473429951691,0.0,0
SPXW,20230328,71000,71000,0,43872,0.6179154929577465,0.3820845070422535,0.0,0
SPXW,20230330,68000,68000,0,41999,0.6176323529411765,0.38236764705882353,0.0,0
SPXW,20230327,74500,74500,0,46744,0.6274362416107383,0.37256375838926176,0.0,0
SPXW,20230403,69000,69000,0,41759,0.6052028985507246,0.3947971014492754,0.0,0
SPXW,20230404,79500,79500,0,47448,0.5968301886792453,0.4031698113207547,0.0,0
SPXW,20230405,75500,75500,0,44536,0.5898807947019867,0.41011920529801327,0.0,0
SPXW,20230217,182500,182500,0,102305,0.5605753424657535,0.4394246575342466,0.0,0
SPXW,20230406,83000,83000,0,48204,0.5807710843373494,0.4192289156626506,0.0,0
SPXW,20230410,78500,78500,0,47128,0.6003566878980892,0.39964331210191084,0.0,0
SPXW,20230412,75500,75500,0,47270,0.6260927152317881,0.37390728476821194,0.0,0
SPXW,20230413,75000,75000,0,45629,0.6083866666666666,0.3916133333333333,0.0,0
SPXW,20230417,72000,72000,0,43516,0.6043888888888889,0.39561111111111114,0.0,0
SPXW,20230420,73500,73500,0,44205,0.6014285714285714,0.3985714285714286,0.0,0
SPXW,20230419,73500,73500,0,44093,0.5999047619047619,0.4000952380952381,0.0,0
SPXW,20230424,64500,64500,0,38898,0.6030697674418605,0.39693023255813953,0.0,0
SPXW,20230425,70500,70500,0,42802,0.6071205673758865,0.39287943262411346,0.0,0
SPXW,20230426,67500,67500,0,41726,0.6181629629629629,0.38183703703703703,0.0,0
SPXW,20230427,74500,74500,0,45985,0.617248322147651,0.382751677852349,0.0,0
SPXW,20230414,103000,103000,0,59601,0.5786504854368932,0.4213495145631068,0.0,0
SPXW,20230501,66000,66000,0,40687,0.616469696969697,0.38353030303030305,0.0,0
SPXW,20230504,74000,74000,0,46599,0.6297162162162162,0.3702837837837838,0.0,0
SPXW,20230508,66000,66000,0,40396,0.6120606060606061,0.3879393939393939,0.0,0
SPXW,20230509,71000,71000,0,41658,0.5867323943661972,0.4132676056338028,0.0,0
SPXW,20230510,65000,65000,0,40509,0.6232153846153846,0.3767846153846154,0.0,0
SPXW,20230515,68000,68000,0,40901,0.6014852941176471,0.39851470588235294,0.0,0
SPXW,20230511,73500,73500,0,43567,0.592748299319728,0.4072517006802721,0.0,0
SPXW,20230505,105500,105500,0,61357,0.5815829383886256,0.41841706161137443,0.0,0
SPXW,20230516,67500,67500,0,40383,0.5982666666666666,0.40173333333333333,0.0,0
SPXW,20230517,63000,63000,0,39835,0.6323015873015873,0.3676984126984127,0.0,0
SPXW,20230518,68000,68000,0,41933,0.6166617647058823,0.38333823529411765,0.0,0
SPXW,20230512,103500,103500,0,59984,0.5795555555555556,0.42044444444444445,0.0,0
SPXW,20230523,73000,73000,0,44879,0.6147808219178083,0.3852191780821918,0.0,0
SPXW,20230421,165000,165000,0,89513,0.5425030303030303,0.4574969696969697,0.0,0
SPXW,20230524,65500,65500,0,42351,0.6465801526717557,0.3534198473282443,0.0,0
SPXW,20230428,154500,154500,0,86410,0.5592880258899676,0.4407119741100324,0.0,0
SPXW,20230525,75000,75000,0,47115,0.6282,0.3718,0.0,1
SPXW,20230530,76500,76500,0,47846,0.625437908496732,0.37456209150326797,0.0,0
SPXW,20230601,73000,73000,0,44841,0.6142602739726027,0.38573972602739726,0.0,0
SPXW,20230526,100000,100000,0,60209,0.60209,0.39791,0.0,0
SPXW,20230607,72000,72000,0,42952,0.5965555555555555,0.40344444444444444,0.0,0
SPXW,20230606,79500,79500,0,45807,0.576188679245283,0.423811320754717,0.0,0
SPXW,20230605,74500,74500,0,44750,0.6006711409395973,0.39932885906040266,0.0,0
SPXW,20230602,97000,97000,0,57597,0.5937835051546392,0.4062164948453608,0.0,0
SPXW,20230608,76500,76500,0,45053,0.5889281045751634,0.4110718954248366,0.0,0
SPXW,20230612,76500,76500,0,45432,0.5938823529411764,0.4061176470588235,0.0,0
SPXW,20230613,79000,79000,0,48257,0.6108481012658228,0.3891518987341772,0.0,0
SPXW,20230519,169000,169000,0,94913,0.5616153846153846,0.4383846153846154,0.0,0
SPXW,20230609,97500,97500,0,56272,0.5771487179487179,0.42285128205128203,0.0,0
SPXW,20230621,83000,83000,0,47937,0.5775542168674699,0.4224457831325301,0.0,1
SPXW,20230622,82000,82000,0,47694,0.5816341463414634,0.41836585365853657,0.0,0
SPXW,20230531,166500,166500,0,92477,0.5554174174174175,0.4445825825825826,0.0,0
SPXW,20230626,85000,85000,0,49447,0.5817294117647058,0.4182705882352941,0.0,0
SPXW,20230627,77000,77000,0,44884,0.5829090909090909,0.41709090909090907,0.0,0
SPXW,20230703,54250,54250,0,29023,0.5349861751152074,0.46501382488479265,0.0,0
SPXW,20230628,78000,78000,0,45757,0.5866282051282051,0.4133717948717949,0.0,0
SPXW,20230623,111000,111000,0,62601,0.563972972972973,0.436027027027027,0.0,0
SPXW,20230712,66000,66000,0,41381,0.6269848484848485,0.3730151515151515,0.0,0
SPXW,20230710,73000,73000,0,42738,0.5854520547945206,0.41454794520547944,0.0,0
SPXW,20230711,77000,77000,0,44390,0.5764935064935065,0.4235064935064935,0.0,0
SPXW,20230713,72500,72500,0,42580,0.5873103448275863,0.4126896551724138,0.0,0
SPXW,20230616,170500,170500,0,94689,0.5553607038123167,0.4446392961876833,0.0,0
SPXW,20230707,108500,108500,0,61118,0.5632995391705069,0.4367004608294931,0.0,0
SPXW,20230714,104000,104000,0,59704,0.574076923076923,0.4259230769230769,0.0,0
SPXW,20230717,73000,73000,0,43385,0.5943150684931506,0.4056849315068493,0.0,0
SPXW,20230719,74000,74000,0,44598,0.6026756756756757,0.39732432432432435,0.0,0
SPXW,20230718,80000,80000,0,46123,0.5765375,0.4234625,0.0,0
SPXW,20230724,78500,78500,0,45037,0.5737197452229299,0.42628025477707004,0.0,0
SPXW,20230725,80500,80500,0,45575,0.5661490683229814,0.43385093167701866,0.0,0
SPXW,20230727,78000,78000,0,46113,0.5911923076923077,0.4088076923076923,0.0,0
SPXW,20230726,76000,76000,0,47947,0.6308815789473684,0.3691184210526316,0.0,0
SPXW,20230630,189000,189000,0,103523,0.5477407407407408,0.45225925925925925,0.0,0
SPXW,20230802,74500,74500,0,44630,0.5990604026845637,0.40093959731543627,0.0,0
SPXW,20230803,75500,75500,0,44287,0.5865827814569536,0.41341721854304636,0.0,0
SPXW,20230728,111000,111000,0,64977,0.5853783783783784,0.41462162162162164,0.0,0
SPXW,20230808,79500,79500,0,47907,0.6026037735849057,0.39739622641509437,0.0,0
SPXW,20230809,72500,72500,0,43931,0.6059448275862069,0.3940551724137931,0.0,0
SPXW,20230810,78000,78000,0,50106,0.6423846153846153,0.3576153846153846,0.0,0
SPXW,20230814,73000,73000,0,43756,0.5993972602739726,0.4006027397260274,0.0,0
SPXW,20230815,79000,79000,0,46807,0.592493670886076,0.40750632911392404,0.0,0
SPXW,20230804,110500,110500,0,62684,0.5672760180995475,0.43272398190045247,0.0,0
SPXW,20230811,100000,100000,0,59064,0.59064,0.40936,0.0,0
SPXW,20230816,79500,79500,0,47347,0.595559748427673,0.40444025157232705,0.0,0
SPXW,20230721,181500,181500,0,97246,0.5357906336088154,0.4642093663911846,0.0,0
SPXW,20230817,83000,83000,0,49995,0.6023493975903614,0.39765060240963856,0.0,0
SPXW,20230824,82500,82500,0,49473,0.5996727272727272,0.40032727272727275,0.0,0
SPXW,20230731,176000,176000,0,94803,0.5386534090909091,0.4613465909090909,0.0,0
SPXW,20230823,84500,84500,0,50368,0.5960710059171598,0.4039289940828402,0.0,0
SPXW,20230828,85000,85000,0,50279,0.5915176470588235,0.40848235294117646,0.0,0
SPXW,20230829,82500,82500,0,50252,0.6091151515151515,0.3908848484848485,0.0,0
SPXW,20230825,110500,110500,0,65790,0.5953846153846154,0.4046153846153846,0.0,0
SPXW,20230830,85500,85500,0,50653,0.5924327485380116,0.4075672514619883,0.0,0
SPXW,20230906,79000,79000,0,46786,0.5922278481012658,0.40777215189873417,0.0,0
SPXW,20230907,79000,79000,0,45560,0.5767088607594937,0.4232911392405063,0.0,0
SPXW,20230901,104000,104000,0,59452,0.5716538461538462,0.4283461538461538,0.0,0
SPXW,20230913,74000,74000,0,43330,0.5855405405405405,0.41445945945945944,0.0,0
SPXW,20230908,99000,99000,0,55948,0.5651313131313132,0.43486868686868685,0.0,0
SPXW,20230912,74500,74500,0,42939,0.5763624161073826,0.42363758389261746,0.0,0
SPXW,20230914,74000,74000,0,43867,0.5927972972972972,0.4072027027027027,0.0,0
SPXW,20230911,87000,87000,0,50120,0.5760919540229885,0.4239080459770115,0.0,0
SPXW,20230818,184500,184500,0,102321,0.5545853658536586,0.44541463414634147,0.0,0
SPXW,20230919,75500,75500,0,43996,0.582728476821192,0.41727152317880795,0.0,0
SPXW,20230918,83000,83000,0,47923,0.5773855421686747,0.4226144578313253,0.0,0
SPXW,20230920,76000,76000,0,48693,0.6406973684210526,0.3593026315789474,0.0,0
SPXW,20230921,79500,79500,0,46928,0.5902893081761006,0.40971069182389935,0.0,0
SPXW,20230831,171500,171500,0,92937,0.5419067055393586,0.4580932944606414,0.0,0
SPXW,20230922,110000,110000,0,64215,0.5837727272727272,0.4162272727272727,0.0,0
SPXW,20230926,84500,84500,0,50272,0.5949349112426036,0.40506508875739644,0.0,0
SPXW,20230925,94000,94000,0,55368,0.5890212765957447,0.41097872340425534,0.0,0
SPXW,20230927,88000,88000,0,52897,0.6011022727272727,0.39889772727272726,0.0,1
SPXW,20231002,91000,91000,0,54062,0.5940879120879121,0.40591208791208794,0.0,0
SPXW,20230928,92500,92500,0,57105,0.6173513513513513,0.38264864864864867,0.0,0
SPXW,20231004,90000,90000,0,53343,0.5927,0.4073,0.0,0
SPXW,20231009,94500,94500,0,54878,0.5807195767195767,0.41928042328042325,0.0,0
SPXW,20230915,184500,184500,0,100072,0.5423956639566395,0.4576043360433604,0.0,0
SPXW,20231006,114500,114500,0,68356,0.5969956331877729,0.40300436681222707,0.0,0
SPXW,20231005,90000,90000,0,53051,0.5894555555555555,0.41054444444444443,0.0,0
SPXW,20231010,86500,86500,0,52298,0.6046011560693642,0.39539884393063585,0.0,0
SPXW,20231011,88000,88000,0,53006,0.6023409090909091,0.3976590909090909,0.0,0
SPXW,20231012,85500,85500,0,52585,0.6150292397660819,0.38497076023391813,0.0,0
SPXW,20231016,80000,80000,0,49168,0.6146,0.3854,0.0,0
SPXW,20231017,79000,79000,0,48359,0.6121392405063291,0.3878607594936709,0.0,0
SPXW,20231018,77500,77500,0,47468,0.6124903225806452,0.3875096774193548,0.0,0
SPXW,20231019,77000,77000,0,48740,0.632987012987013,0.367012987012987,0.0,0
SPXW,20231024,82500,82500,0,49678,0.6021575757575758,0.3978424242424242,0.0,0
SPXW,20231026,85500,85500,0,52521,0.614280701754386,0.385719298245614,0.0,0
SPXW,20231023,81500,81500,0,50099,0.6147116564417178,0.38528834355828223,0.0,0
SPXW,20231102,86000,86000,0,51894,0.6034186046511628,0.3965813953488372,0.0,0
SPXW,20231106,86500,86500,0,50907,0.5885202312138729,0.4114797687861272,0.0,0
SPXW,20231030,90000,90000,0,54049,0.6005444444444444,0.39945555555555556,0.0,0
SPXW,20231108,87500,87500,0,51521,0.5888114285714285,0.4111885714285714,0.0,0
SPXW,20231027,122500,122500,0,70995,0.5795510204081633,0.42044897959183675,0.0,0
SPXW,20231107,87500,87500,0,51042,0.5833371428571429,0.41666285714285717,0.0,0
SPXW,20231109,87500,87500,0,51328,0.5866057142857143,0.4133942857142857,0.0,0
SPXW,20231110,105000,105000,0,60146,0.5728190476190477,0.4271809523809524,0.0,0
SPXW,20231103,109000,109000,0,64828,0.5947522935779816,0.40524770642201835,0.0,2
SPXW,20231113,88000,88000,0,51054,0.5801590909090909,0.4198409090909091,0.0,0
SPXW,20231020,173000,173000,0,97526,0.5637341040462428,0.4362658959537572,0.0,0
SPXW,20231115,95500,95500,0,55606,0.5822617801047121,0.417738219895288,0.0,0
SPXW,20231120,95000,95000,0,54429,0.5729368421052632,0.42706315789473687,0.0,0
SPXW,20231121,96500,96500,0,54699,0.5668290155440414,0.43317098445595853,0.0,0
SPXW,20231031,179000,179000,0,97553,0.5449888268156424,0.4550111731843575,0.0,0
SPXW,20231122,98000,98000,0,54833,0.5595204081632653,0.4404795918367347,0.0,1
SPXW,20231129,92000,92000,0,51985,0.565054347826087,0.43494565217391307,0.0,0
SPXW,20231205,86000,86000,0,49413,0.5745697674418605,0.42543023255813955,0.0,0
SPXW,20231204,88500,88500,0,51013,0.5764180790960451,0.4235819209039548,0.0,0
SPXW,20231207,83500,83500,0,48233,0.5776407185628742,0.42235928143712576,0.0,0
SPXW,20231206,86500,86500,0,49140,0.5680924855491329,0.43190751445086706,0.0,0
SPXW,20231128,91500,91500,0,51476,0.5625792349726776,0.4374207650273224,0.0,0
SPXW,20231124,75640,75640,0,39350,0.5202273929138023,0.4797726070861978,0.0,1
SPXW,20231127,96000,96000,0,53704,0.5594166666666667,0.4405833333333333,0.0,0
SPXW,20231208,108000,108000,0,60739,0.5623981481481481,0.43760185185185185,0.0,0
SPXW,20231211,83000,83000,0,48051,0.5789277108433735,0.42107228915662653,0.0,0
SPXW,20231212,80500,80500,0,46819,0.5816024844720497,0.4183975155279503,0.0,0
SPXW,20231117,177500,177500,0,95338,0.5371154929577465,0.46288450704225353,0.0,0
SPXW,20231214,92000,92000,0,55474,0.6029782608695652,0.39702173913043476,0.0,0
SPXW,20231219,87500,87500,0,49352,0.5640228571428572,0.43597714285714284,0.0,0
SPXW,20231220,89000,89000,0,50533,0.5677865168539326,0.4322134831460674,0.0,0
SPXW,20240102,83000,83000,0,48372,0.5827951807228916,0.41720481927710845,0.0,0
SPXW,20231221,87000,87000,0,54398,0.625264367816092,0.37473563218390804,0.0,0
SPXW,20240103,83000,83000,0,48579,0.585289156626506,0.41471084337349395,0.0,0
SPXW,20231227,86500,86500,0,50087,0.5790404624277457,0.42095953757225435,0.0,0
SPXW,20231226,85000,85000,0,49156,0.5783058823529412,0.42169411764705883,0.0,0
SPXW,20240108,84500,84500,0,49670,0.587810650887574,0.41218934911242605,0.0,0
SPXW,20240104,83000,83000,0,48620,0.5857831325301205,0.4142168674698795,0.0,0
SPXW,20240110,82000,82000,0,47788,0.582780487804878,0.41721951219512193,0.0,0
SPXW,20231222,122500,122500,0,69433,0.5668,0.4332,0.0,0
SPXW,20240109,82000,82000,0,47886,0.5839756097560975,0.4160243902439024,0.0,0
SPXW,20240105,111500,111500,0,63227,0.5670582959641256,0.43294170403587445,0.0,0
SPXW,20240111,83500,83500,0,50001,0.598814371257485,0.40118562874251495,0.0,0
SPXW,20240116,79500,79500,0,46764,0.5882264150943396,0.41177358490566035,0.0,0
SPXW,20231215,202500,202500,0,110233,0.5443604938271605,0.4556395061728395,0.0,0
SPXW,20240112,103000,103000,0,59099,0.5737766990291262,0.4262233009708738,0.0,0
SPXW,20240117,79500,79500,0,46708,0.5875220125786164,0.41247798742138364,0.0,0
SPXW,20240118,79500,79500,0,46634,0.5865911949685535,0.41340880503144656,0.0,0
SPXW,20240122,90500,90500,0,52653,0.5818011049723757,0.4181988950276243,0.0,0
SPXW,20231229,201000,201000,0,107953,0.5370796019900498,0.4629203980099503,0.0,1
SPXW,20240125,84000,84000,0,49335,0.5873214285714285,0.41267857142857145,0.0,0
SPXW,20240123,85500,85500,0,49635,0.5805263157894737,0.41947368421052633,0.0,0
SPXW,20240130,89500,89500,0,51449,0.5748491620111732,0.4251508379888268,0.0,0
SPXW,20240201,86500,86500,0,51522,0.5956300578034682,0.4043699421965318,0.0,0
SPXW,20240126,109500,109500,0,62082,0.566958904109589,0.43304109589041095,0.0,0
SPXW,20240205,95500,95500,0,55130,0.5772774869109948,0.4227225130890052,0.0,0
SPXW,20240208,88500,88500,0,51316,0.5798418079096045,0.42015819209039545,0.0,0
SPXW,20240206,89000,89000,0,51841,0.5824831460674157,0.41751685393258425,0.0,0
SPXW,20240202,116000,116000,0,67840,0.5848275862068966,0.41517241379310343,0.0,0
SPXW,20240207,89000,89000,0,52580,0.5907865168539326,0.4092134831460674,0.0,0
SPXW,20240212,90500,90500,0,52765,0.5830386740331491,0.4169613259668508,0.0,0
SPXW,20240119,193000,193000,0,104999,0.5440362694300518,0.4559637305699482,0.0,0
SPXW,20240214,90500,90500,0,53845,0.5949723756906077,0.40502762430939226,0.0,0
SPXW,20240215,87000,87000,0,51971,0.597367816091954,0.402632183908046,0.0,0
SPXW,20240209,120500,120500,0,67737,0.5621327800829875,0.43786721991701244,0.0,0
SPXW,20240220,86500,86500,0,51813,0.5989942196531792,0.40100578034682083,0.0,0
SPXW,20240213,90500,90500,0,54870,0.6062983425414364,0.39370165745856356,0.0,0
SPXW,20240221,86500,86500,0,52126,0.6026127167630058,0.39738728323699424,0.0,0
SPXW,20240222,84500,84500,0,52247,0.6183076923076923,0.3816923076923077,0.0,0
SPXW,20240131,199500,199500,0,110844,0.555609022556391,0.444390977443609,0.0,0
SPXW,20240226,94500,94500,0,55162,0.5837248677248678,0.4162751322751323,0.0,0
SPXW,20240228,90000,90000,0,51823,0.5758111111111112,0.4241888888888889,0.0,0
SPXW,20240227,91500,91500,0,53344,0.5829945355191257,0.41700546448087433,0.0,0
SPXW,20240223,120500,120500,0,69005,0.572655601659751,0.42734439834024895,0.0,0
SPXW,20240306,90000,90000,0,53263,0.5918111111111111,0.4081888888888889,0.0,0
SPXW,20240305,89500,89500,0,52702,0.5888491620111732,0.4111508379888268,0.0,0
SPXW,20240304,95000,95000,0,54245,0.571,0.429,0.0,0
SPXW,20240307,86500,86500,0,51558,0.5960462427745665,0.40395375722543353,0.0,0
SPXW,20240301,115500,115500,0,66877,0.579021645021645,0.42097835497835495,0.0,0
SPXW,20240311,89500,89500,0,52831,0.5902905027932961,0.4097094972067039,0.0,0
SPXW,20240313,88500,88500,0,52143,0.5891864406779661,0.4108135593220339,0.0,0
SPXW,20240318,90000,90000,0,52583,0.5842555555555555,0.41574444444444447,0.0,0
SPXW,20240319,86500,86500,0,51255,0.5925433526011561,0.4074566473988439,0.0,0
SPXW,20240321,91000,91000,0,53376,0.5865494505494505,0.41345054945054943,0.0,0
SPXW,20240325,90500,90500,0,51873,0.5731823204419889,0.42681767955801103,0.0,0
SPXW,20240402,87500,87500,0,51332,0.5866514285714286,0.41334857142857145,0.0,0
SPXW,20240327,89000,89000,0,51504,0.5786966292134832,0.42130337078651686,0.0,0
SPXW,20240326,89000,89000,0,50962,0.5726067415730337,0.4273932584269663,0.0,0
SPXW,20240322,121500,121500,0,67795,0.5579835390946503,0.4420164609053498,0.0,0
SPXW,20240409,89000,89000,0,54344,0.6106067415730337,0.3893932584269663,0.0,0
SPXW,20240410,89000,89000,0,55958,0.6287415730337078,0.37125842696629213,0.0,0
SPXW,20240401,88000,88000,0,51033,0.5799204545454546,0.42007954545454546,0.0,0
SPXW,20240403,87000,87000,0,50985,0.5860344827586207,0.4139655172413793,0.0,0
SPXW,20240411,89000,89000,0,54933,0.6172247191011236,0.3827752808988764,0.0,0
SPXW,20240415,90000,90000,0,57518,0.6390888888888889,0.3609111111111111,0.0,0
SPXW,20240416,95500,95500,0,62017,0.649392670157068,0.3506073298429319,0.0,0
SPXW,20240412,110500,110500,0,67808,0.6136470588235294,0.38635294117647057,0.0,0
SPXW,20240315,203000,203000,0,111729,0.5503891625615763,0.44961083743842367,0.0,0
SPXW,20240417,95500,95500,0,60561,0.6341465968586387,0.3658534031413613,0.0,0
SPXW,20240418,98000,98000,0,61056,0.6230204081632653,0.3769795918367347,0.0,0
SPXW,20240423,100000,100000,0,61705,0.61705,0.38295,0.0,0
SPXW,20240422,101000,101000,0,61992,0.6137821782178218,0.38621782178217823,0.0,0
SPXW,20240425,98500,98500,0,60808,0.6173401015228427,0.38265989847715737,0.0,0
SPXW,20240424,100500,100500,0,60064,0.5976517412935324,0.4023482587064677,0.0,0
SPXW,20240502,92000,92000,0,56216,0.6110434782608696,0.3889565217391304,0.0,0
SPXW,20240506,91500,91500,0,53586,0.5856393442622951,0.4143606557377049,0.0,0
SPXW,20240429,97000,97000,0,56946,0.5870721649484536,0.4129278350515464,0.0,0
SPXW,20240507,96000,96000,0,55967,0.5829895833333333,0.41701041666666666,0.0,0
SPXW,20240503,123500,123500,0,72842,0.5898137651821862,0.41018623481781374,0.0,1
SPXW,20240508,97000,97000,0,55959,0.5768969072164949,0.42310309278350516,0.0,0
SPXW,20240513,93500,93500,0,53510,0.5722994652406417,0.42770053475935826,0.0,0
SPXW,20240509,93000,93000,0,53770,0.5781720430107526,0.4218279569892473,0.0,0
SPXW,20240328,244000,244000,0,129841,0.5321352459016393,0.46786475409836065,0.0,0
SPXW,20240510,118500,118500,0,67172,0.5668523206751055,0.4331476793248945,0.0,0
SPXW,20240514,93500,93500,0,53863,0.5760748663101605,0.4239251336898396,0.0,0
SPXW,20240419,210000,210000,0,119877,0.5708428571428571,0.42915714285714285,0.0,0
SPXW,20240515,96500,96500,0,58184,0.6029430051813471,0.39705699481865286,0.0,0
SPXW,20240520,99000,99000,0,56303,0.5687171717171717,0.43128282828282827,0.0,0
SPXW,20240528,95000,95000,0,54342,0.572021052631579,0.42797894736842107,0.0,0
SPXW,20240521,99000,99000,0,56140,0.5670707070707071,0.43292929292929294,0.0,0
SPXW,20240522,99000,99000,0,55794,0.5635757575757576,0.43642424242424244,0.0,0
SPXW,20240523,95500,95500,0,56504,0.5916649214659686,0.4083350785340314,0.0,0
SPXW,20240516,100000,100000,0,57686,0.57686,0.42314,0.0,0
SPXW,20240529,98000,98000,0,56449,0.5760102040816326,0.42398979591836733,0.0,0
SPXW,20240530,90500,90500,0,52596,0.581171270718232,0.41882872928176795,0.0,0
SPXW,20240603,98500,98500,0,58698,0.5959187817258883,0.4040812182741117,0.0,0
SPXW,20240605,89000,89000,0,54202,0.6090112359550561,0.3909887640449438,0.0,0
SPXW,20240604,90500,90500,0,53917,0.595767955801105,0.404232044198895,0.0,0
SPXW,20240606,94500,94500,0,55953,0.5920952380952381,0.4079047619047619,0.0,0
SPXW,20240611,91000,91000,0,52441,0.5762747252747252,0.4237252747252747,0.0,0
SPXW,20240612,92500,92500,0,59719,0.6456108108108108,0.3543891891891892,0.0,0
SPXW,20240617,99000,99000,0,57979,0.5856464646464646,0.41435353535353536,0.0,0
SPXW,20240613,96500,96500,0,56370,0.5841450777202073,0.41585492227979276,0.0,0
SPXW,20240618,97500,97500,0,56789,0.582451282051282,0.41754871794871795,0.0,0
SPXW,20240607,131500,131500,0,75184,0.5717414448669201,0.42825855513307987,0.0,0
SPXW,20240624,94500,94500,0,55058,0.5826243386243386,0.4173756613756614,0.0,0
SPXW,20240620,97500,97500,0,57083,0.5854666666666667,0.4145333333333333,0.0,0
SPXW,20240614,129500,129500,0,73910,0.5707335907335908,0.42926640926640924,0.0,0
SPXW,20240626,94000,94000,0,54041,0.5749042553191489,0.42509574468085104,0.0,0
SPXW,20240627,92500,92500,0,53721,0.5807675675675675,0.4192324324324324,0.0,0
SPXW,20240625,94000,94000,0,54174,0.5763191489361702,0.4236808510638298,0.0,0
SPXW,20240701,89000,89000,0,52055,0.5848876404494382,0.4151123595505618,0.0,1
SPXW,20240702,88500,88500,0,51341,0.5801242937853107,0.4198757062146893,0.0,0
SPXW,20240703,56420,56420,0,30925,0.5481212336051046,0.45187876639489544,0.0,2
SPXW,20240708,95500,95500,0,54848,0.5743246073298429,0.4256753926701571,0.0,0
SPXW,20240709,94000,94000,0,53739,0.5716914893617021,0.4283085106382979,0.0,0
SPXW,20240621,198000,198000,0,107940,0.5451515151515152,0.45484848484848484,0.0,0
SPXW,20240710,97500,97500,0,55519,0.569425641025641,0.430574358974359,0.0,0
SPXW,20240705,133000,133000,0,74792,0.5623458646616541,0.43765413533834585,0.0,0
SPXW,20240715,94000,94000,0,56284,0.5987659574468085,0.4012340425531915,0.0,0
SPXW,20240711,97500,97500,0,58414,0.5991179487179488,0.4008820512820513,0.0,0
SPXW,20240716,93500,93500,0,54698,0.5850053475935829,0.4149946524064171,0.0,0
SPXW,20240718,97500,97500,0,61117,0.6268410256410256,0.3731589743589744,0.0,0
SPXW,20240722,103500,103500,0,62988,0.6085797101449275,0.3914202898550725,0.0,0
SPXW,20240724,97500,97500,0,62655,0.6426153846153846,0.3573846153846154,0.0,0
SPXW,20240723,103500,103500,0,59754,0.5773333333333334,0.4226666666666667,0.0,0
SPXW,20240712,137500,137500,0,78241,0.5690254545454545,0.43097454545454544,0.0,0
SPXW,20240725,104000,104000,0,66198,0.6365192307692308,0.3634807692307692,0.0,0
SPXW,20240628,241000,241000,0,129550,0.537551867219917,0.462448132780083,0.0,1
SPXW,20240729,104000,104000,0,61680,0.5930769230769231,0.40692307692307694,0.0,0
SPXW,20240730,104000,104000,0,64248,0.6177692307692307,0.3822307692307692,0.0,0
SPXW,20240801,103500,103500,0,67008,0.6474202898550725,0.35257971014492756,0.0,0
SPXW,20240726,138000,138000,0,82478,0.5976666666666667,0.4023333333333333,0.0,0
SPXW,20240806,121500,121500,0,82480,0.6788477366255145,0.3211522633744856,0.0,0
SPXW,20240815,101500,101500,0,63546,0.6260689655172413,0.3739310344827586,0.0,0
SPXW,20240719,216000,216000,0,123849,0.573375,0.426625,0.0,0
SPXW,20240802,135500,135500,0,101293,0.747549815498155,0.25245018450184503,0.0,0
SPXW,20240819,108000,108000,0,62380,0.5775925925925925,0.4224074074074074,0.0,0
SPXW,20240807,117000,117000,0,75126,0.642102564102564,0.3578974358974359,0.0,0
SPXW,20240808,117000,117000,0,79999,0.6837521367521368,0.31624786324786325,0.0,0
SPXW,20240820,111500,111500,0,66023,0.592134529147982,0.40786547085201796,0.0,0
SPXW,20240821,111500,111500,0,66589,0.5972107623318386,0.40278923766816144,0.0,0
SPXW,20240826,109500,109500,0,64343,0.587607305936073,0.4123926940639269,0.0,0
SPXW,20240809,150500,150500,0,91085,0.6052159468438538,0.3947840531561462,0.0,0
SPXW,20240904,105000,105000,0,64579,0.6150380952380953,0.3849619047619048,0.0,0
SPXW,20240827,109000,109000,0,62547,0.5738256880733945,0.4261743119266055,0.0,0
SPXW,20240905,100000,100000,0,60900,0.609,0.391,0.0,0
SPXW,20240909,102500,102500,0,64269,0.6270146341463415,0.37298536585365855,0.0,0
SPXW,20240910,103500,103500,0,62781,0.6065797101449275,0.3934202898550725,0.0,0
SPXW,20240816,212000,212000,0,117960,0.5564150943396227,0.44358490566037734,0.0,0
SPXW,20240911,102500,102500,0,64032,0.6247024390243903,0.37529756097560973,0.0,1
SPXW,20240912,102500,102500,0,63912,0.6235317073170732,0.3764682926829268,0.0,0
SPXW,20240916,99000,99000,0,59183,0.5978080808080808,0.4021919191919192,0.0,0
SPXW,20240917,98000,98000,0,60408,0.6164081632653061,0.3835918367346939,0.0,0
SPXW,20240918,95000,95000,0,73612,0.7748631578947368,0.22513684210526316,0.0,0
SPXW,20240919,95000,95000,0,65350,0.6878947368421052,0.3121052631578947,0.0,0
SPXW,20240925,99000,99000,0,57941,0.5852626262626263,0.41473737373737374,0.0,0
SPXW,20240906,139000,139000,0,85529,0.61531654676259,0.38468345323741004,0.0,0
SPXW,20240923,100500,100500,0,58312,0.5802189054726368,0.4197810945273632,0.0,0
SPXW,20240924,98500,98500,0,58053,0.5893705583756346,0.4106294416243655,0.0,0
SPXW,20240926,99500,99500,0,58728,0.5902311557788945,0.40976884422110554,0.0,0
SPXW,20241001,98500,98500,0,61354,0.6228832487309645,0.37711675126903554,0.0,0
SPXW,20241003,97000,97000,0,59345,0.6118041237113402,0.3881958762886598,0.0,0
SPXW,20241002,97500,97500,0,59439,0.6096307692307692,0.39036923076923075,0.0,0
SPXW,20241009,92500,92500,0,60765,0.656918918918919,0.3430810810810811,0.0,0
SPXW,20241007,93000,93000,0,58889,0.6332150537634409,0.36678494623655916,0.0,0
SPXW,20241008,94500,94500,0,60263,0.6377037037037037,0.3622962962962963,0.0,0
SPXW,20241016,98500,98500,0,58263,0.591502538071066,0.408497461928934,0.0,0
SPXW,20241010,97000,97000,0,59265,0.610979381443299,0.389020618556701,0.0,0
SPXW,20241014,98000,98000,0,59186,0.603938775510204,0.3960612244897959,0.0,0
SPXW,20241015,100000,100000,0,60347,0.60347,0.39653,0.0,0
SPXW,20241022,94500,94500,0,55881,0.5913333333333334,0.4086666666666667,0.0,0
SPXW,20241004,129500,129500,0,77652,0.5996293436293436,0.4003706563706564,0.0,0
SPXW,20241017,97500,97500,0,58659,0.6016307692307692,0.39836923076923075,0.0,0
SPXW,20241023,91500,91500,0,56523,0.6177377049180328,0.38226229508196724,0.0,0
SPXW,20241024,94500,94500,0,57471,0.6081587301587301,0.3918412698412698,0.0,0
SPXW,20241028,93000,93000,0,58505,0.6290860215053763,0.37091397849462365,0.0,0
SPXW,20241029,94000,94000,0,55458,0.5899787234042553,0.41002127659574467,0.0,0
SPXW,20241030,91500,91500,0,54214,0.5925027322404371,0.40749726775956285,0.0,0
SPXW,20241025,133500,133500,0,84671,0.6342397003745318,0.3657602996254682,0.0,0
SPXW,20241104,98500,98500,0,60505,0.614263959390863,0.3857360406091371,0.0,0
SPXW,20241106,99000,99000,0,64846,0.655010101010101,0.344989898989899,0.0,0
SPXW,20241105,102500,102500,0,63309,0.6176487804878049,0.38235121951219514,0.0,0
SPXW,20241113,106500,106500,0,62133,0.5834084507042253,0.41659154929577463,0.0,0
SPXW,20241107,109500,109500,0,68351,0.6242100456621005,0.3757899543378995,0.0,0
SPXW,20241101,124500,124500,0,74005,0.5944176706827309,0.40558232931726906,0.0,1
SPXW,20241112,110000,110000,0,63530,0.5775454545454546,0.42245454545454547,0.0,0
SPXW,20241018,226000,226000,0,122284,0.5410796460176991,0.4589203539823009,0.0,0
SPXW,20241114,106500,106500,0,62205,0.5840845070422536,0.4159154929577465,0.0,0
SPXW,20241119,101500,101500,0,60340,0.5944827586206897,0.40551724137931033,0.0,0
SPXW,20241125,98000,98000,0,58336,0.595265306122449,0.404734693877551,0.0,0
SPXW,20241126,98500,98500,0,57687,0.5856548223350254,0.41434517766497464,0.0,0
SPXW,20241031,208500,208500,0,117397,0.5630551558752998,0.43694484412470025,0.0,0
SPXW,20241204,97000,97000,0,56388,0.5813195876288659,0.418680412371134,0.0,0
SPXW,20241202,97000,97000,0,55344,0.5705567010309278,0.4294432989690722,0.0,0
SPXW,20241122,136500,136500,0,78231,0.5731208791208792,0.4268791208791209,0.0,0
SPXW,20241203,98000,98000,0,56325,0.5747448979591837,0.42525510204081635,0.0,0
SPXW,20241209,97000,97000,0,56688,0.5844123711340207,0.4155876288659794,0.0,0
SPXW,20241205,100500,100500,0,57750,0.5746268656716418,0.4253731343283582,0.0,0
SPXW,20241115,217500,217500,0,121997,0.5609057471264368,0.43909425287356324,0.0,0
SPXW,20241212,97500,97500,0,55865,0.572974358974359,0.427025641025641,0.0,0
SPXW,20241129,129270,129270,0,67992,0.5259689022975168,0.4740310977024832,0.0,0
SPXW,20241210,98000,98000,0,55745,0.5688265306122449,0.4311734693877551,0.0,0
SPXW,20241211,97500,97500,0,57370,0.5884102564102565,0.4115897435897436,0.0,0
SPXW,20241206,140000,140000,0,78883,0.56345,0.43655,0.0,0
SPXW,20241217,97500,97500,0,56882,0.5834051282051282,0.4165948717948718,0.0,0
SPXW,20241216,96500,96500,0,55582,0.575979274611399,0.424020725388601,0.0,0
SPXW,20241218,95000,95000,0,60847,0.6404947368421052,0.3595052631578947,0.0,0
SPXW,20241213,126000,126000,0,71595,0.5682142857142857,0.4317857142857143,0.0,0
SPXW,20241224,66650,66650,0,36984,0.5548987246811703,0.4451012753188297,0.0,1
SPXW,20241223,109500,109500,0,66569,0.6079360730593607,0.3920639269406393,0.0,0
SPXW,20241219,110000,110000,0,84952,0.7722909090909091,0.22770909090909092,0.0,0
SPXW,20250106,101000,101000,0,61388,0.6078019801980198,0.3921980198019802,0.0,0
SPXW,20241230,96000,96000,0,60947,0.6348645833333333,0.36513541666666666,0.0,0
SPXW,20250108,100000,100000,0,63445,0.63445,0.36555,0.0,0
SPXW,20250107,100000,100000,0,62134,0.62134,0.37866,0.0,0
SPXW,20250102,105500,105500,0,65788,0.6235829383886256,0.3764170616113744,0.0,0
SPXW,20250110,126000,126000,0,76264,0.6052698412698413,0.3947301587301587,0.0,0
SPXW,20250114,101000,101000,0,61203,0.605970297029703,0.39402970297029705,0.0,0
SPXW,20250113,103500,103500,0,63509,0.6136135265700483,0.3863864734299517,0.0,1
SPXW,20250121,105500,105500,0,63000,0.5971563981042654,0.4028436018957346,0.0,0
SPXW,20250122,101500,101500,0,64020,0.6307389162561576,0.36926108374384237,0.0,0
SPXW,20250116,101000,101000,0,60957,0.6035346534653465,0.3964653465346535,0.0,2
SPXW,20250123,105000,105000,0,62786,0.5979619047619048,0.40203809523809525,0.0,0
SPXW,20241220,222000,222000,0,132900,0.5986486486486486,0.40135135135135136,0.0,0
SPXW,20250127,106000,106000,0,72414,0.6831509433962264,0.3168490566037736,0.0,0
SPXW,20250129,102000,102000,0,68330,0.6699019607843137,0.33009803921568626,0.0,0
SPXW,20250128,106000,106000,0,64605,0.6094811320754717,0.3905188679245283,0.0,0
SPXW,20250130,102000,102000,0,62175,0.6095588235294118,0.39044117647058824,0.0,0
SPXW,20250203,97000,97000,0,65237,0.6725463917525774,0.3274536082474227,0.0,0
SPXW,20250124,153000,153000,0,86668,0.5664575163398693,0.4335424836601307,0.0,0
SPXW,20250204,100000,100000,0,62063,0.62063,0.37937,0.0,0
SPXW,20250205,99000,99000,0,61237,0.6185555555555555,0.3814444444444444,0.0,0
SPXW,20250206,99000,99000,0,59609,0.6021111111111112,0.3978888888888889,0.0,0
SPXW,20241231,249500,249500,0,137973,0.552997995991984,0.44700200400801604,0.0,0
SPXW,20250210,100500,100500,0,60913,0.6060995024875622,0.39390049751243783,0.0,0
SPXW,20250212,97000,97000,0,59755,0.6160309278350515,0.38396907216494847,0.0,0
SPXW,20250211,98000,98000,0,59498,0.6071224489795919,0.39287755102040817,0.0,0
SPXW,20250213,97000,97000,0,61647,0.6355360824742268,0.3644639175257732,0.0,0
SPXW,20250207,142500,142500,0,85818,0.6022315789473685,0.3977684210526316,0.0,0
SPXW,20250218,99500,99500,0,59031,0.5932763819095478,0.40672361809045227,0.0,0
SPXW,20250220,95500,95500,0,59512,0.6231623036649214,0.3768376963350785,0.0,0
SPXW,20250214,128500,128500,0,74748,0.5816964980544747,0.4183035019455253,0.0,0
SPXW,20250219,99500,99500,0,60382,0.6068542713567839,0.39314572864321606,0.0,0
SPXW,20250226,109500,109500,0,66789,0.6099452054794521,0.3900547945205479,0.0,0
SPXW,20250304,112500,112500,0,79024,0.7024355555555556,0.29756444444444446,0.0,1
SPXW,20250310,120000,120000,0,81987,0.683225,0.316775,0.0,0
SPXW,20250305,119500,119500,0,82919,0.6938828451882845,0.3061171548117155,0.0,1
SPXW,20250312,134500,134500,0,86639,0.6441561338289963,0.3558438661710037,0.0,0
SPXW,20250313,131500,131500,0,85079,0.6469885931558935,0.3530114068441065,0.0,0
SPXW,20250317,136000,136000,0,82567,0.607110294117647,0.39288970588235295,0.0,0
SPXW,20250319,136000,136000,0,89497,0.6580661764705882,0.34193382352941176,0.0,0
SPXW,20250318,136000,136000,0,84028,0.6178529411764706,0.3821470588235294,0.0,0
SPXW,20250325,117500,117500,0,69159,0.5885872340425532,0.4114127659574468,0.0,0
SPXW,20250228,200500,200500,0,122421,0.6105785536159601,0.3894214463840399,0.0,0
SPXW,20250326,116000,116000,0,69443,0.5986465517241379,0.40135344827586206,0.0,0
SPXW,20250327,112500,112500,0,68518,0.6090488888888889,0.39095111111111114,0.0,0
SPXW,20250221,204000,204000,0,117155,0.5742892156862746,0.4257107843137255,0.0,0
SPXW,20250402,104000,104000,0,69602,0.66925,0.33075,0.0,0
SPXW,20250404,166500,166500,0,115525,0.6938438438438439,0.30615615615615616,0.0,1
SPXW,20250410,145000,145000,0,131089,0.9040620689655172,0.09593793103448275,0.0,0
SPXW,20250416,129500,129500,0,94417,0.7290888030888031,0.2709111969111969,0.0,0
SPXW,20250414,143500,143500,0,106394,0.7414216027874564,0.25857839721254355,0.0,0
SPXW,20250415,143000,143000,0,96348,0.6737622377622378,0.32623776223776224,0.0,0
SPXW,20250321,232500,232500,0,132715,0.5708172043010753,0.42918279569892476,0.0,0
SPXW,20250424,111500,111500,0,82668,0.7414170403587443,0.2585829596412556,0.0,0
SPXW,20250421,127500,127500,0,91174,0.7150901960784314,0.2849098039215686,0.0,0
SPXW,20250428,117500,117500,0,78216,0.665668085106383,0.334331914893617,0.0,0
SPXW,20250423,119500,119500,0,93928,0.7860083682008369,0.21399163179916317,0.0,0
SPXW,20250422,127500,127500,0,95434,0.7485019607843137,0.25149803921568625,0.0,0
SPXW,20250411,184000,184000,0,148842,0.8089239130434782,0.19107608695652173,0.0,0
SPXW,20250331,244500,244500,0,149678,0.6121799591002045,0.3878200408997955,0.0,0
SPXW,20250429,115500,115500,0,76781,0.6647705627705628,0.3352294372294372,0.0,0
SPXW,20250425,149000,149000,0,99253,0.6661275167785234,0.3338724832214765,0.0,0
SPXW,20250501,110500,110500,0,75292,0.6813755656108598,0.3186244343891403,0.0,0
SPXW,20250512,109000,109000,0,72705,0.6670183486238532,0.33298165137614677,0.0,0
SPXW,20250508,112000,112000,0,78529,0.7011517857142857,0.2988482142857143,0.0,0
SPXW,20250505,113500,113500,0,73444,0.6470837004405287,0.35291629955947135,0.0,0
SPXW,20250502,138500,138500,0,93025,0.6716606498194946,0.3283393501805054,0.0,0
SPXW,20250513,124500,124500,0,86444,0.6943293172690763,0.3056706827309237,0.0,0
SPXW,20250515,117500,117500,0,78726,0.6700085106382979,0.32999148936170214,0.0,0
SPXW,20250602,93500,93500,0,62875,0.6724598930481284,0.32754010695187163,0.0,0
SPXW,20250528,101500,101500,0,65758,0.6478620689655172,0.35213793103448277,0.0,0
SPXW,20250417,262000,262000,0,156377,0.5968587786259542,0.4031412213740458,0.0,0
SPXW,20250603,93500,93500,0,61663,0.6594973262032086,0.34050267379679144,0.0,0
SPXW,20250519,119000,119000,0,78073,0.6560756302521008,0.34392436974789914,0.0,0
SPXW,20250520,119000,119000,0,74596,0.6268571428571429,0.37314285714285716,0.0,0
SPXW,20250521,117500,117500,0,75854,0.6455659574468086,0.3544340425531915,0.0,0
SPXW,20250522,117500,117500,0,79909,0.6800765957446808,0.3199234042553191,0.0,0
SPXW,20250604,94000,94000,0,61306,0.6521914893617021,0.3478085106382979,0.0,0
SPXW,20250609,93000,93000,0,60136,0.6466236559139785,0.35337634408602153,0.0,0
SPXW,20250605,94000,94000,0,60251,0.6409680851063829,0.359031914893617,0.0,0
SPXW,20250610,96000,96000,0,62101,0.6468854166666667,0.35311458333333334,0.0,0
SPXW,20250616,95000,95000,0,70345,0.7404736842105263,0.25952631578947366,0.0,0
SPXW,20250617,96500,96500,0,68624,0.7111295336787565,0.2888704663212435,0.0,0
SPXW,20250623,95500,95500,0,71135,0.744869109947644,0.255130890052356,0.0,0
SPXW,20250612,100000,100000,0,70278,0.70278,0.29722,0.0,0
SPXW,20250611,96500,96500,0,63987,0.6630777202072539,0.33692227979274614,0.0,0
SPXW,20250624,92500,92500,0,69873,0.7553837837837838,0.2446162162162162,0.0,0
SPXW,20250625,95500,95500,0,63608,0.6660523560209424,0.3339476439790576,0.0,0
SPXW,20250701,101000,101000,0,65049,0.6440495049504951,0.35595049504950493,0.0,0
SPXW,20250626,102000,102000,0,69339,0.6797941176470588,0.3202058823529412,0.0,0
SPXW,20250516,247000,247000,0,139737,0.5657368421052632,0.43426315789473685,0.0,0
SPXW,20250627,128000,128000,0,82466,0.644265625,0.355734375,0.0,0
SPXW,20250702,104000,104000,0,67293,0.647048076923077,0.3529519230769231,0.0,0
SPXW,20250703,79050,79050,0,46196,0.5843896268184693,0.41561037318153066,0.0,1
SPXW,20250707,101000,101000,0,65957,0.6530396039603961,0.34696039603960394,0.0,0
SPXW,20250709,98500,98500,0,61245,0.6217766497461928,0.3782233502538071,0.0,0
SPXW,20250710,99000,99000,0,62181,0.6280909090909091,0.3719090909090909,0.0,0
SPXW,20250714,101000,101000,0,62232,0.6161584158415842,0.38384158415841585,0.0,0
SPXW,20250715,101000,101000,0,63398,0.6277029702970297,0.3722970297029703,0.0,0
SPXW,20250717,100000,100000,0,64239,0.64239,0.35761,0.0,0
SPXW,20250722,100500,100500,0,62810,0.6249751243781094,0.3750248756218906,0.0,0
SPXW,20250723,99500,99500,0,61600,0.6190954773869347,0.38090452261306534,0.0,0
SPXW,20250716,100000,100000,0,65164,0.65164,0.34836,0.0,0
SPXW,20250721,100500,100500,0,65140,0.6481592039800995,0.3518407960199005,0.0,0
SPXW,20250724,98500,98500,0,64506,0.6548832487309645,0.3451167512690355,0.0,0
SPXW,20250620,236500,236500,0,138636,0.5861987315010571,0.41380126849894294,0.0,0
SPXW,20250711,124500,124500,0,75028,0.6026345381526105,0.3973654618473896,0.0,0
SPXW,20250728,102000,102000,0,64314,0.6305294117647059,0.3694705882352941,0.0,0
SPXW,20250725,132000,132000,0,83368,0.6315757575757576,0.36842424242424243,0.0,0
SPXW,20250729,104500,104500,0,66662,0.6379138755980861,0.3620861244019139,0.0,0
SPXW,20250730,100500,100500,0,70278,0.6992835820895522,0.3007164179104478,0.004,0
SPXW,20250804,99500,99500,0,68742,0.6908743718592965,0.3091256281407035,0.0,0
SPXW,20250807,102500,102500,0,68306,0.6664,0.3336,0.0,0
SPXW,20250805,105500,105500,0,67442,0.639260663507109,0.36073933649289097,0.0,0
SPXW,20250811,98000,98000,0,63500,0.6479591836734694,0.3520408163265306,0.0,0
SPXW,20250813,98500,98500,0,63879,0.648517766497462,0.35148223350253804,0.0,0
SPXW,20250806,104000,104000,0,66497,0.6393942307692307,0.36060576923076926,0.0,0
SPXW,20250819,100000,100000,0,64810,0.6481,0.3519,0.0,0
SPXW,20250821,102000,102000,0,67334,0.6601372549019607,0.3398627450980392,0.0,1
SPXW,20250814,104000,104000,0,70332,0.6762692307692307,0.3237307692307692,0.0,0
SPXW,20250808,131500,131500,0,84945,0.6459695817490494,0.35403041825095055,0.0,0
SPXW,20250825,103000,103000,0,62593,0.6076990291262135,0.3923009708737864,0.0,0
SPXW,20250826,105000,105000,0,65295,0.6218571428571429,0.37814285714285717,0.0,0
SPXW,20250822,131500,131500,0,84571,0.643125475285171,0.3568745247148289,0.0,0
SPXW,20250828,105000,105000,0,64554,0.6148,0.3852,0.0,0
SPXW,20250902,104000,104000,0,67273,0.6468557692307693,0.3531442307692308,0.0,0
SPXW,20250827,105000,105000,0,63335,0.6031904761904762,0.39680952380952383,0.0,0
SPXW,20250903,102000,102000,0,65388,0.6410588235294118,0.3589411764705882,0.0,0
SPXW,20250909,105500,105500,0,65594,0.6217440758293838,0.3782559241706161,0.0,0
SPXW,20250911,100500,100500,0,69824,0.6947661691542288,0.30523383084577116,0.0,0
SPXW,20250904,106000,106000,0,68168,0.6430943396226415,0.3569056603773585,0.0,0
SPXW,20250910,101500,101500,0,64686,0.6373004926108374,0.36269950738916257,0.0,0
SPXW,20250915,105500,105500,0,72543,0.6876113744075829,0.31238862559241704,0.0,0
SPXW,20250905,133000,133000,0,89337,0.6717067669172933,0.32829323308270675,0.0,0
SPXW,20250922,103000,103000,0,69071,0.6705922330097087,0.3294077669902913,0.0,0
SPXW,20250916,104000,104000,0,62330,0.599326923076923,0.4006730769230769,0.0,0
SPXW,20250923,107000,107000,0,70541,0.6592616822429906,0.34073831775700936,0.0,0
SPXW,20250912,129000,129000,0,77536,0.6010542635658914,0.3989457364341085,0.0,0
SPXW,20250925,107500,107500,0,69053,0.642353488372093,0.357646511627907,0.0,0
SPXW,20250924,109500,109500,0,70302,0.642027397260274,0.35797260273972603,0.0,0
SPXW,20250929,108500,108500,0,67719,0.6241382488479262,0.3758617511520737,0.0,0
SPXW,20251002,108000,108000,0,71834,0.6651296296296296,0.3348703703703704,0.0,0
SPXW,20250926,137500,137500,0,84451,0.6141890909090909,0.3858109090909091,0.0,0
SPXW,20251003,133500,133500,0,84901,0.6359625468164793,0.3640374531835206,0.0,0
SPXW,20251008,104000,104000,0,68436,0.6580384615384616,0.3419615384615385,0.0,0
SPXW,20251007,105500,105500,0,72795,0.69,0.31,0.0,0
SPXW,20251006,107500,107500,0,67428,0.6272372093023256,0.37276279069767443,0.0,0
SPXW,20251013,105500,105500,0,72920,0.6911848341232227,0.30881516587677726,0.0,0
SPXW,20251009,103500,103500,0,68819,0.6649178743961353,0.33508212560386474,0.0,0
SPXW,20251016,115000,115000,0,83128,0.7228521739130435,0.27714782608695654,0.0,0
SPXW,20251014,117000,117000,0,84840,0.7251282051282051,0.27487179487179486,0.0,0
SPXW,20251021,105000,105000,0,72618,0.6916,0.3084,0.0,0
SPXW,20251015,117500,117500,0,82270,0.7001702127659575,0.2998297872340426,0.0,0
SPXW,20251023,109000,109000,0,72132,0.6617614678899083,0.33823853211009175,0.0,0
SPXW,20251027,103500,103500,0,72714,0.7025507246376812,0.29744927536231885,0.0,0
SPXW,20251028,109500,109500,0,75202,0.6867762557077626,0.3132237442922374,0.0,0
SPXW,20251024,141500,141500,0,95858,0.6774416961130743,0.3225583038869258,0.0,0
SPXW,20251029,118000,118000,0,84714,0.7179152542372881,0.28208474576271186,0.0,0
SPXW,20251106,110500,110500,0,75692,0.6849954751131222,0.3150045248868778,0.0,0
SPXW,20251104,110500,110500,0,70840,0.6410859728506787,0.35891402714932125,0.0,0
SPXW,20251030,117000,117000,0,73799,0.6307606837606837,0.3692393162393162,0.0,0
SPXW,20251105,110500,110500,0,71257,0.6448597285067873,0.35514027149321264,0.0,0
SPXW,20251110,114500,114500,0,75087,0.6557816593886463,0.3442183406113537,0.0,0
SPXW,20251017,208500,208500,0,130858,0.6276163069544365,0.37238369304556357,0.0,0
SPXW,20251111,112000,112000,0,70986,0.6338035714285715,0.3661964285714286,0.0,0
SPXW,20251113,114000,114000,0,77301,0.678078947368421,0.32192105263157894,0.0,0
SPXW,20251117,112500,112500,0,73630,0.6544888888888889,0.3455111111111111,0.0,0
SPXW,20251118,112500,112500,0,76939,0.6839022222222222,0.31609777777777776,0.0,0
SPXW,20251120,115500,115500,0,89798,0.7774718614718614,0.22252813852813852,0.0,0
SPXW,20251119,117500,117500,0,79219,0.674204255319149,0.32579574468085104,0.0,0
SPXW,20251114,140000,140000,0,94684,0.6763142857142858,0.3236857142857143,0.0,0
SPXW,20251124,123000,123000,0,89685,0.7291463414634146,0.2708536585365854,0.0,0
SPXW,20251125,123000,123000,0,80894,0.6576747967479675,0.34232520325203253,0.0,0
SPXW,20251126,123000,123000,0,81486,0.6624878048780488,0.33751219512195124,0.0,0
SPXW,20251201,115500,115500,0,71454,0.6186493506493507,0.38135064935064933,0.0,0
SPXW,20251202,118000,118000,0,72502,0.6144237288135593,0.38557627118644067,0.0,0
SPXW,20251208,110500,110500,0,69976,0.6332669683257919,0.3667330316742081,0.0,0
SPXW,20251203,118000,118000,0,73789,0.6253305084745763,0.3746694915254237,0.0,0
SPXW,20251209,111000,111000,0,69065,0.6222072072072072,0.3777927927927928,0.0,0
SPXW,20251210,111000,111000,0,77935,0.7021171171171171,0.2978828828828829,0.0,0
SPXW,20251128,136710,136710,0,74503,0.5449711067222588,0.4550288932777412,0.0,0
SPXW,20251205,156500,156500,0,93343,0.5964408945686901,0.4035591054313099,0.0,0
SPXW,20251211,111000,111000,0,69404,0.6252612612612612,0.37473873873873875,0.0,0
SPXW,20251215,111500,111500,0,68372,0.6132017937219731,0.3867982062780269,0.0,0
SPXW,20251216,111500,111500,0,69454,0.6229058295964126,0.37709417040358745,0.0,0
SPXW,20251217,112000,112000,0,70501,0.6294732142857142,0.3705267857142857,0.0,0
SPXW,20251224,72540,72540,0,39446,0.5437827405569341,0.4562172594430659,0.0,0
SPXW,20251212,148000,148000,0,93894,0.6344189189189189,0.36558108108108106,0.0,0
SPXW,20251223,113500,113500,0,70172,0.6182555066079295,0.3817444933920705,0.0,0
SPY,20220801,76500,76500,0,43740,0.571764705882353,0.42823529411764705,0.0,0
SPXW,20251222,113500,113500,0,69654,0.6136916299559472,0.3863083700440529,0.0,0
SPXW,20251229,109500,109500,0,66982,0.6117077625570776,0.38829223744292235,0.0,0
SPY,20220803,70500,70500,0,40549,0.5751631205673758,0.4248368794326241,0.0,0
SPXW,20251230,109500,109500,0,65988,0.6026301369863014,0.39736986301369864,0.0,0
SPY,20220808,76500,76500,0,42420,0.5545098039215687,0.4454901960784314,0.0,0
SPY,20220812,84000,84000,0,46510,0.5536904761904762,0.4463095238095238,0.0,0
SPY,20220815,78500,78500,0,43677,0.5563949044585987,0.44360509554140126,0.0,0
SPY,20220810,76000,76000,0,42879,0.5641973684210526,0.4358026315789474,0.0,0
SPY,20220817,77000,77000,0,43704,0.5675844155844156,0.4324155844155844,0.0,0
SPXW,20251226,146500,146500,0,85100,0.5808873720136519,0.41911262798634813,0.0,0
SPY,20220824,76000,76000,0,42594,0.5604473684210526,0.43955263157894736,0.0,0
SPY,20220829,74500,74500,0,43677,0.5862684563758389,0.4137315436241611,0.0,0
SPY,20220826,90000,90000,0,51089,0.5676555555555556,0.4323444444444444,0.0,0
SPY,20220907,74500,74500,0,42552,0.5711677852348993,0.4288322147651007,0.0,0
SPY,20220831,81000,81000,0,45842,0.5659506172839506,0.43404938271604937,0.0,0
SPY,20220819,127000,127000,0,68950,0.5429133858267716,0.4570866141732283,0.0,0
SPY,20220902,89000,89000,0,50344,0.5656629213483146,0.4343370786516854,0.0,0
SPY,20220909,82500,82500,0,48039,0.5822909090909091,0.4177090909090909,0.0,0
SPY,20220923,80000,80000,0,48048,0.6006,0.3994,0.0,0
SPY,20220926,79000,79000,0,45914,0.5811898734177215,0.4188101265822785,0.0,1
SPY,20221005,71000,71000,0,41389,0.582943661971831,0.417056338028169,0.0,0
SPY,20221003,76000,76000,0,43984,0.5787368421052631,0.42126315789473684,0.0,0
SPY,20221007,80000,80000,0,46397,0.5799625,0.4200375,0.0,0
SPY,20221019,71500,71500,0,41902,0.586041958041958,0.413958041958042,0.0,0
SPY,20221017,72000,72000,0,43153,0.5993472222222223,0.4006527777777778,0.0,0
SPY,20221115,20000,20000,0,15368,0.7684,0.2316,0.0,0
SPY,20221117,20000,20000,0,14465,0.72325,0.27675,0.0,0
SPY,20221026,69500,69500,0,40654,0.5849496402877697,0.4150503597122302,0.0,0
SPY,20221031,65500,65500,0,37838,0.5776793893129771,0.4223206106870229,0.0,0
SPY,20221028,84000,84000,0,48767,0.5805595238095238,0.4194404761904762,0.0,0
SPY,20220916,141500,141500,0,81113,0.5732367491166078,0.42676325088339223,0.0,0
SPY,20221107,70500,70500,0,40073,0.5684113475177305,0.4315886524822695,0.0,0
SPY,20221109,68000,68000,0,39572,0.5819411764705882,0.41805882352941176,0.0,0
SPY,20221104,74500,74500,0,43639,0.585758389261745,0.41424161073825505,0.0,0
SPY,20221111,75000,75000,0,43074,0.57432,0.42568,0.0,0
SPY,20221114,76000,76000,0,42950,0.5651315789473684,0.43486842105263157,0.0,0
SPY,20221121,75500,75500,0,42321,0.5605430463576159,0.43945695364238413,0.0,0
SPY,20221122,62500,62500,0,35705,0.57128,0.42872,0.0,0
SPY,20221123,72000,72000,0,40922,0.5683611111111111,0.4316388888888889,0.0,0
SPY,20221116,76500,76500,0,43259,0.5654771241830066,0.43452287581699345,0.0,0
SPY,20221125,49600,49600,0,26072,0.5256451612903226,0.47435483870967743,0.0,0
SPY,20221118,99500,99500,0,55348,0.5562613065326634,0.4437386934673367,0.0,0
SPY,20221130,69000,69000,0,40992,0.5940869565217392,0.4058985507246377,0.0,0
SPY,20221129,65000,65000,0,36375,0.5596153846153846,0.4403846153846154,0.0,0
SPY,20221128,70500,70500,0,38996,0.5531347517730496,0.44686524822695034,0.0,0
SPY,20221201,65000,65000,0,37432,0.5758769230769231,0.42412307692307694,0.0,0
SPY,20221205,70000,70000,0,39265,0.5609285714285714,0.43907142857142856,0.0,0
SPY,20221206,66000,66000,0,37772,0.5723030303030303,0.4276969696969697,0.0,0
SPY,20221208,66000,66000,0,37624,0.570060606060606,0.42993939393939395,0.0,0
SPY,20221202,81500,81500,0,45563,0.5590552147239264,0.4409447852760736,0.0,0
SPY,20221207,72500,72500,0,40971,0.5651172413793103,0.43488275862068965,0.0,0
SPY,20221209,77500,77500,0,43599,0.5625677419354839,0.43743225806451613,0.0,0
SPY,20221220,65000,65000,0,37592,0.5783384615384616,0.4216615384615385,0.0,0
SPY,20221219,64500,64500,0,36761,0.569937984496124,0.43006201550387596,0.0,0
SPY,20221213,65500,65500,0,40722,0.6217099236641221,0.37829007633587786,0.0,0
SPY,20221221,68500,68500,0,38380,0.5602919708029197,0.4397080291970803,0.0,0
SPY,20221227,64000,64000,0,36633,0.572390625,0.427609375,0.0,0
SPY,20221228,66000,66000,0,37075,0.5617424242424243,0.43825757575757573,0.0,0
SPY,20221222,81500,81500,0,46116,0.5658404907975461,0.434159509202454,0.0,0
SPY,20221223,78500,78500,0,45120,0.5747770700636943,0.4252229299363057,0.0,0
SPY,20221229,64500,64500,0,36989,0.5734728682170542,0.4265271317829457,0.0,0
SPY,20230103,61000,61000,0,34941,0.5728032786885245,0.4271967213114754,0.0,0
SPY,20230109,60000,60000,0,34318,0.5719666666666666,0.4280333333333333,0.0,0
SPY,20230105,59500,59500,0,34106,0.5732100840336134,0.42678991596638655,0.0,0
SPY,20230104,61000,61000,0,35879,0.5881803278688524,0.41181967213114756,0.0,0
SPY,20230110,60000,60000,0,34124,0.5687333333333333,0.4312666666666667,0.0,0
SPY,20230112,66000,66000,0,38068,0.5767878787878787,0.4232121212121212,0.0,0
SPY,20230111,66000,66000,0,37348,0.5658787878787879,0.43412121212121213,0.0,0
SPY,20230118,67500,67500,0,37921,0.5617925925925926,0.43820740740740743,0.0,0
SPY,20230117,67500,67500,0,37182,0.5508444444444445,0.44915555555555553,0.0,0
SPY,20221230,130500,130500,0,70307,0.5387509578544061,0.46124904214559387,0.0,0
SPY,20230119,63500,63500,0,36135,0.5690551181102362,0.43094488188976376,0.0,0
SPY,20230113,79000,79000,0,44267,0.5603417721518987,0.43965822784810127,0.0,0
SPY,20230126,66500,66500,0,37456,0.5632481203007519,0.4367518796992481,0.0,0
SPY,20230124,64500,64500,0,36634,0.567968992248062,0.432031007751938,0.0,0
SPY,20230125,67000,67000,0,37935,0.5661940298507463,0.4338059701492537,0.0,0
SPY,20230202,69000,69000,0,41040,0.5947826086956521,0.4052173913043478,0.0,0
SPY,20230127,78000,78000,0,43629,0.5593461538461538,0.4406538461538462,0.0,0
SPY,20230131,69000,69000,0,38360,0.5559420289855073,0.44405797101449274,0.0,0
SPY,20230130,69000,69000,0,38219,0.5538985507246377,0.4461014492753623,0.0,0
SPY,20230203,78500,78500,0,44447,0.566203821656051,0.43379617834394907,0.0,0
SPY,20230208,69000,69000,0,38994,0.5651304347826087,0.4348695652173913,0.0,0
SPY,20230206,69000,69000,0,38553,0.5587391304347826,0.4412608695652174,0.0,0
SPY,20230120,117500,117500,0,62746,0.5340085106382979,0.46599148936170215,0.0,0
SPY,20230209,69000,69000,0,38519,0.5582463768115942,0.4417536231884058,0.0,0
SPY,20230223,60000,60000,0,33901,0.5650166666666666,0.43498333333333333,0.0,0
SPY,20230215,67500,67500,0,37790,0.5598518518518518,0.4401481481481481,0.0,0
SPY,20230221,67500,67500,0,38492,0.5702518518518519,0.42974814814814816,0.0,0
SPY,20230210,77500,77500,0,43407,0.5600903225806452,0.4399096774193548,0.0,0
SPY,20230214,70000,70000,0,40089,0.5727,0.4273,0.0,0
SPY,20230216,67500,67500,0,38567,0.571362962962963,0.42863703703703704,0.0,0
SPY,20230301,70500,70500,0,39227,0.5564113475177305,0.44358865248226953,0.0,0
SPY,20230224,80000,80000,0,45816,0.5727,0.4273,0.0,0
SPY,20230302,64000,64000,0,36207,0.565734375,0.434265625,0.0,0
SPY,20230227,70500,70500,0,39060,0.5540425531914893,0.4459574468085106,0.0,0
SPY,20230228,70500,70500,0,39016,0.5534184397163121,0.44658156028368795,0.0,0
SPY,20230306,63500,63500,0,36120,0.5688188976377953,0.4311653543307087,0.0,0
SPY,20230307,63500,63500,0,36068,0.568,0.432,0.0,0
SPY,20230308,61000,61000,0,34943,0.5728360655737705,0.4271639344262295,0.0,0
SPY,20230309,63000,63000,0,35540,0.5641269841269841,0.43587301587301586,0.0,0
SPY,20230313,65000,65000,0,40899,0.6292153846153846,0.3707846153846154,0.0,0
SPY,20230314,65000,65000,0,39566,0.6087076923076923,0.3912923076923077,0.0,0
SPY,20230310,76000,76000,0,46252,0.608578947368421,0.39142105263157895,0.0,1
SPY,20230316,66000,66000,0,39538,0.5990606060606061,0.40093939393939393,0.0,0
SPY,20230320,67000,67000,0,39485,0.5893283582089552,0.41067164179104476,0.0,0
SPY,20230322,67500,67500,0,42850,0.6348148148148148,0.36518518518518517,0.0,0
SPY,20230321,67000,67000,0,38186,0.5699402985074626,0.4300597014925373,0.0,0
SPY,20230328,71000,71000,0,40347,0.5682676056338029,0.4317323943661972,0.0,0
SPY,20230330,66000,66000,0,37135,0.5626515151515151,0.4373484848484849,0.0,0
SPY,20230323,68500,68500,0,40680,0.5938686131386861,0.4061021897810219,0.0,0
SPY,20230404,63500,63500,0,35584,0.5603779527559055,0.4396220472440945,0.0,0
SPY,20230324,88500,88500,0,51504,0.5819661016949152,0.41803389830508475,0.0,0
SPY,20230405,69000,69000,0,38221,0.5539275362318841,0.44607246376811593,0.0,0
SPY,20230403,64000,64000,0,36218,0.56590625,0.43409375,0.0,0
SPY,20230317,119500,119500,0,66455,0.5561087866108787,0.44389121338912135,0.0,0
SPY,20230412,63500,63500,0,36549,0.5755748031496063,0.4244251968503937,0.0,0
SPY,20230411,68000,68000,0,37833,0.5563676470588236,0.4436323529411765,0.0,0
SPY,20230406,80000,80000,0,44564,0.55705,0.44295,0.0,0
SPY,20230413,64000,64000,0,36685,0.573203125,0.426796875,0.0,0
SPY,20230410,74500,74500,0,41105,0.551744966442953,0.448255033557047,0.0,0
SPY,20230331,107500,107500,0,59154,0.5502697674418605,0.44973023255813954,0.0,0
SPY,20230417,64500,64500,0,36650,0.568217054263566,0.4317829457364341,0.0,0
SPY,20230414,78500,78500,0,44178,0.5627770700636943,0.43722292993630574,0.0,0
SPY,20230418,64500,64500,0,36282,0.5625116279069767,0.43748837209302327,0.0,0
SPY,20230424,64000,64000,0,35134,0.54896875,0.45103125,0.0,0
SPY,20230419,65000,65000,0,36869,0.5672153846153846,0.4327846153846154,0.0,0
SPY,20230420,65000,65000,0,36839,0.5667538461538462,0.43324615384615384,0.0,0
SPY,20230425,64000,64000,0,36320,0.5675,0.4325,0.0,0
SPY,20230426,63000,63000,0,35547,0.5642380952380952,0.43576190476190474,0.0,0
SPY,20230427,64500,64500,0,36784,0.5702945736434109,0.42970542635658915,0.0,0
SPY,20230501,67000,67000,0,37412,0.5583880597014925,0.4416119402985075,0.0,0
SPY,20230428,79500,79500,0,44896,0.5647295597484276,0.43527044025157235,0.0,0
SPY,20230510,67000,67000,0,37164,0.5546865671641791,0.4453134328358209,0.0,0
SPY,20230504,74500,74500,0,42259,0.5672348993288591,0.43276510067114093,0.0,0
SPY,20230503,74500,74500,0,43632,0.5856644295302014,0.41433557046979863,0.0,0
SPY,20230505,81000,81000,0,46012,0.5680493827160494,0.4319506172839506,0.0,0
SPY,20230516,64000,64000,0,35510,0.55484375,0.44515625,0.0,0
SPY,20230515,64000,64000,0,35229,0.550453125,0.4491875,0.0,0
SPY,20230511,65500,65500,0,36078,0.5508091603053435,0.4491908396946565,0.0,0
SPY,20230517,70000,70000,0,38776,0.5539428571428572,0.4460571428571429,0.0,0
SPY,20230518,63000,63000,0,35557,0.5643968253968255,0.4356031746031746,0.0,0
SPY,20230523,68000,68000,0,37932,0.5578235294117647,0.4421764705882353,0.0,0
SPY,20230525,68000,68000,0,38540,0.566764705882353,0.43323529411764705,0.0,0
SPY,20230526,79000,79000,0,45430,0.5750632911392405,0.4249367088607595,0.0,0
SPY,20230519,95000,95000,0,53890,0.5672631578947368,0.43273684210526314,0.0,0
SPY,20230531,67500,67500,0,38140,0.565037037037037,0.43496296296296294,0.0,1
SPY,20230530,68000,68000,0,39338,0.5785,0.4215,0.0,0
SPY,20230601,67500,67500,0,37361,0.5534962962962963,0.4465037037037037,0.0,0
SPY,20230606,68000,68000,0,37411,0.5501617647058824,0.44983823529411765,0.0,0
SPY,20230607,67500,67500,0,37238,0.5516740740740741,0.4483259259259259,0.0,0
SPY,20230602,78500,78500,0,44508,0.5669808917197452,0.43301910828025475,0.0,0
SPY,20230613,71000,71000,0,41197,0.5802394366197183,0.41976056338028167,0.0,0
SPY,20230608,71000,71000,0,38592,0.5435492957746478,0.4564507042253521,0.0,0
SPY,20230612,71000,71000,0,39091,0.5505774647887324,0.4494225352112676,0.0,0
SPY,20230627,25500,25500,0,16094,0.6311372549019608,0.36886274509803924,0.0,0
SPY,20230621,67500,67500,0,36943,0.5473037037037037,0.4526962962962963,0.0,0
SPY,20230615,71000,71000,0,42014,0.5917464788732394,0.40825352112676055,0.0,0
SPY,20230628,28000,28000,0,17260,0.6164285714285714,0.38357142857142856,0.0,0
SPY,20230620,67500,67500,0,36755,0.5445185185185185,0.4554814814814815,0.0,0
SPY,20230626,66000,66000,0,36503,0.5530757575757576,0.44686363636363635,0.0,0
SPY,20230622,67500,67500,0,36820,0.5454814814814815,0.45451851851851854,0.0,0
SPY,20230623,78500,78500,0,43300,0.5515923566878981,0.4484076433121019,0.0,0
SPY,20230705,66500,66500,0,37240,0.56,0.44,0.0,0
SPY,20230706,66500,66500,0,37203,0.5594436090225564,0.4405563909774436,0.0,0
SPY,20230710,65500,65500,0,36243,0.5533282442748092,0.44667175572519086,0.0,0
SPY,20230616,133500,133500,0,75072,0.5623370786516854,0.4376629213483146,0.0,0
SPY,20230712,65500,65500,0,36936,0.5639083969465649,0.43609160305343514,0.0,0
SPY,20230630,95000,95000,0,52957,0.5574421052631578,0.4425578947368421,0.0,0
SPY,20230717,65000,65000,0,35972,0.5534153846153846,0.44658461538461536,0.0,0
SPY,20230718,66000,66000,0,36074,0.5465757575757576,0.45342424242424245,0.0,0
SPY,20230707,76500,76500,0,41727,0.5454509803921569,0.45454901960784316,0.0,0
SPY,20230713,64500,64500,0,36059,0.5590542635658915,0.4409457364341085,0.0,0
SPY,20230711,65500,65500,0,35817,0.546824427480916,0.45317557251908397,0.0,0
SPY,20230714,75000,75000,0,41308,0.5507733333333333,0.44922666666666666,0.0,0
SPY,20230719,66000,66000,0,37364,0.5661212121212121,0.43387878787878786,0.0,0
SPY,20230720,66000,66000,0,36393,0.551409090909091,0.4485909090909091,0.0,0
SPY,20230725,66500,66500,0,37628,0.5658345864661655,0.4341654135338346,0.0,0
SPY,20230724,66500,66500,0,36571,0.5499398496240602,0.4500601503759398,0.0,0
SPY,20230726,63000,63000,0,36473,0.578936507936508,0.4210634920634921,0.0,0
SPY,20230727,62500,62500,0,34663,0.554608,0.445392,0.0,0
SPY,20230801,60000,60000,0,32996,0.5499333333333334,0.45006666666666667,0.0,0
SPY,20230803,60000,60000,0,35510,0.5918333333333333,0.4081666666666667,0.0,0
SPY,20230731,62500,62500,0,34781,0.556496,0.443504,0.0,0
SPY,20230721,106500,106500,0,56791,0.5332488262910798,0.46675117370892016,0.0,0
SPY,20230808,63500,63500,0,36114,0.5687244094488189,0.4312755905511811,0.0,1
SPY,20230807,63500,63500,0,35709,0.5623464566929134,0.4376535433070866,0.0,0
SPY,20230728,72000,72000,0,40536,0.563,0.437,0.0,0
SPY,20230804,73500,73500,0,40913,0.5566394557823129,0.443156462585034,0.0,0
SPY,20230809,63500,63500,0,35394,0.5573858267716535,0.44261417322834645,0.0,0
SPY,20230810,63500,63500,0,37099,0.584236220472441,0.41576377952755905,0.0,0
SPY,20230811,75500,75500,0,43273,0.5731523178807947,0.4268476821192053,0.0,0
SPY,20230814,64000,64000,0,35960,0.561875,0.438125,0.0,0
SPY,20230815,63500,63500,0,35456,0.5583622047244094,0.44163779527559055,0.0,0
SPY,20230816,62500,62500,0,35486,0.567776,0.432224,0.0,0
SPY,20230817,62500,62500,0,35665,0.57064,0.42936,0.0,0
SPY,20230823,67500,67500,0,39180,0.5804444444444444,0.41955555555555557,0.0,0
SPY,20230824,67500,67500,0,37438,0.554637037037037,0.44536296296296296,0.0,0
SPY,20230822,67500,67500,0,37579,0.556725925925926,0.4432740740740741,0.0,0
SPY,20230821,68500,68500,0,38464,0.5615182481751825,0.4384817518248175,0.0,0
SPY,20230828,67500,67500,0,37473,0.5551555555555555,0.44484444444444443,0.0,0
SPY,20230825,79000,79000,0,44603,0.5645949367088607,0.43540506329113926,0.0,0
SPY,20230831,67500,67500,0,37223,0.5514518518518519,0.44854814814814814,0.0,0
SPY,20230829,67000,67000,0,37977,0.566820895522388,0.43317910447761193,0.0,0
SPY,20230905,65500,65500,0,35895,0.5480152671755725,0.45198473282442747,0.0,0
SPY,20230906,65500,65500,0,36022,0.5499541984732824,0.4500458015267176,0.0,0
SPY,20230908,79000,79000,0,43132,0.5459746835443038,0.4540253164556962,0.0,0
SPY,20230901,79500,79500,0,44228,0.5563270440251572,0.44367295597484274,0.0,0
SPY,20230911,63000,63000,0,34302,0.5444761904761904,0.4555238095238095,0.0,0
SPY,20230914,62500,62500,0,35627,0.570032,0.429968,0.0,0
SPY,20230912,63000,63000,0,34043,0.5403650793650794,0.4596349206349206,0.0,0
SPY,20230913,62500,62500,0,34717,0.555472,0.444528,0.0,0
SPY,20230921,64000,64000,0,35587,0.556046875,0.443953125,0.0,0
SPY,20230919,63000,63000,0,34342,0.5451111111111111,0.4548888888888889,0.0,0
SPY,20230920,63500,63500,0,36496,0.5747401574803149,0.425259842519685,0.0,0
SPY,20230918,63000,63000,0,34802,0.5524126984126985,0.4475873015873016,0.0,0
SPY,20230925,68000,68000,0,38323,0.5635735294117648,0.4364264705882353,0.0,0
SPY,20230926,68000,68000,0,37725,0.5547794117647059,0.4452205882352941,0.0,0
SPY,20230928,70500,70500,0,40421,0.5733475177304964,0.42665248226950353,0.0,0
SPY,20230927,69000,69000,0,38727,0.5612608695652174,0.43873913043478263,0.0,0
SPY,20231003,71000,71000,0,39758,0.5599718309859155,0.4400281690140845,0.0,0
SPY,20230915,113500,113500,0,61107,0.5383876651982379,0.4616123348017621,0.0,0
SPY,20231002,71500,71500,0,39781,0.5563776223776223,0.4436223776223776,0.0,0
SPY,20231004,70000,70000,0,39072,0.5581714285714285,0.4418285714285714,0.0,0
SPY,20231010,69000,69000,0,39080,0.566376811594203,0.4336231884057971,0.0,0
SPY,20231005,68500,68500,0,38019,0.5550218978102189,0.444978102189781,0.0,0
SPY,20231009,71000,71000,0,39292,0.5534084507042254,0.44659154929577466,0.0,0
SPY,20231011,69000,69000,0,38595,0.5593478260869565,0.44065217391304345,0.0,0
SPY,20231017,69500,69500,0,39312,0.5656402877697841,0.4343597122302158,0.0,0
SPY,20231018,65500,65500,0,37845,0.5777862595419847,0.42221374045801524,0.0,0
SPY,20231019,65500,65500,0,37219,0.5682290076335877,0.4256488549618321,0.0,0
SPY,20231023,70000,70000,0,39738,0.5676857142857142,0.4323142857142857,0.0,0
SPY,20231012,71000,71000,0,39926,0.5623380281690141,0.43766197183098593,0.0,1
SPY,20231024,70000,70000,0,40007,0.5715285714285714,0.42847142857142856,0.0,0
SPY,20231025,73000,73000,0,40829,0.5593013698630137,0.4404931506849315,0.0,0
SPY,20231026,73000,73000,0,41822,0.5729041095890411,0.4270958904109589,0.0,0
SPY,20231030,74000,74000,0,41690,0.5633783783783783,0.4366216216216216,0.0,0
SPY,20231101,71500,71500,0,41415,0.5792307692307692,0.4207692307692308,0.0,0
SPY,20231031,71500,71500,0,40068,0.5603916083916084,0.4396083916083916,0.0,0
SPY,20231027,82500,82500,0,46122,0.5590545454545455,0.44094545454545453,0.0,0
SPY,20231102,71500,71500,0,41200,0.5762237762237762,0.42377622377622376,0.0,0
SPY,20231107,70000,70000,0,38706,0.5529428571428572,0.4470571428571429,0.0,0
SPY,20231106,70000,70000,0,38633,0.5519,0.4481,0.0,0
SPY,20231103,81000,81000,0,45765,0.565,0.435,0.0,0
SPY,20231108,74500,74500,0,41072,0.5513020134228188,0.4486979865771812,0.0,0
SPY,20231115,70000,70000,0,39040,0.5577142857142857,0.4422857142857143,0.0,0
SPY,20231113,76000,76000,0,41466,0.5456052631578947,0.45439473684210524,0.0,0
SPY,20231116,71000,71000,0,39334,0.554,0.446,0.0,0
SPY,20231109,74500,74500,0,40471,0.543234899328859,0.45676510067114096,0.0,0
SPY,20231114,74000,74000,0,42000,0.5675675675675675,0.43243243243243246,0.0,0
SPY,20231110,85000,85000,0,46666,0.5490117647058823,0.45098823529411763,0.0,0
SPY,20231121,67000,67000,0,38166,0.5696417910447761,0.43035820895522386,0.0,0
SPY,20231124,48980,48980,0,25535,0.5213352388730094,0.47866476112699063,0.0,0
SPY,20231117,87000,87000,0,47110,0.5414942528735632,0.45850574712643677,0.0,0
SPY,20231127,66000,66000,0,35981,0.5451666666666667,0.4548333333333333,0.0,0
SPY,20231120,67000,67000,0,37140,0.5543283582089552,0.4456716417910448,0.0,0
SPY,20231128,62500,62500,0,33867,0.541872,0.458128,0.0,0
SPY,20231122,66500,66500,0,36424,0.5477293233082706,0.4522706766917293,0.0,2
SPY,20231129,59000,59000,0,32422,0.5495254237288135,0.4504745762711864,0.0,0
SPY,20231130,59000,59000,0,32633,0.5531016949152542,0.44689830508474576,0.0,0
SPY,20231205,59000,59000,0,32433,0.5497118644067797,0.45028813559322034,0.0,0
SPY,20231204,59000,59000,0,32922,0.558,0.442,0.0,0
SPY,20231206,59000,59000,0,32162,0.5451186440677966,0.4548813559322034,0.0,0
SPY,20231207,59000,59000,0,32767,0.5553728813559322,0.4446271186440678,0.0,0
SPY,20231211,59500,59500,0,32869,0.5524201680672269,0.4475798319327731,0.0,0
SPY,20231212,59000,59000,0,32852,0.5568135593220339,0.4431864406779661,0.0,0
SPY,20231214,59000,59000,0,34209,0.5798135593220339,0.4201864406779661,0.0,0
SPY,20231213,59000,59000,0,34918,0.5918305084745763,0.40816949152542376,0.0,0
SPY,20231208,74000,74000,0,40549,0.5479594594594595,0.45204054054054055,0.0,0
SPY,20231219,59000,59000,0,32362,0.5485084745762712,0.45149152542372883,0.0,0
SPY,20231221,59500,59500,0,35218,0.5918991596638655,0.4081008403361345,0.0,0
SPY,20231226,60000,60000,0,33250,0.5541666666666667,0.44583333333333336,0.0,0
SPY,20231218,59000,59000,0,32982,0.5590169491525424,0.44098305084745765,0.0,0
SPY,20231227,60000,60000,0,33210,0.5535,0.4465,0.0,0
SPY,20231222,70500,70500,0,39321,0.5577446808510639,0.4422553191489362,0.0,0
SPY,20231228,54500,54500,0,31096,0.5705688073394496,0.42943119266055046,0.0,0
SPY,20240103,54000,54000,0,30544,0.5656296296296296,0.43437037037037035,0.0,0
SPY,20240110,52500,52500,0,29893,0.5693904761904762,0.43060952380952383,0.0,0
SPY,20240102,54000,54000,0,30501,0.5648333333333333,0.43516666666666665,0.0,0
SPY,20240104,54000,54000,0,30414,0.5632222222222222,0.43677777777777776,0.0,0
SPY,20240108,52500,52500,0,30141,0.5741142857142857,0.4258857142857143,0.0,0
SPY,20240109,52500,52500,0,29492,0.561752380952381,0.43824761904761905,0.0,0
SPY,20231215,123500,123500,0,66415,0.5377732793522267,0.46222672064777326,0.0,0
SPY,20240112,63000,63000,0,35041,0.5562063492063493,0.4437936507936508,0.0,0
SPY,20240116,57000,57000,0,31700,0.5561403508771929,0.443859649122807,0.0,0
SPY,20240117,57000,57000,0,31910,0.5598245614035088,0.4401754385964912,0.0,0
SPY,20231229,98500,98500,0,53380,0.5419289340101523,0.4580710659898477,0.0,0
SPY,20240118,59000,59000,0,33050,0.5601694915254237,0.4398305084745763,0.0,0
SPY,20240122,59000,59000,0,33412,0.5663050847457627,0.4336949152542373,0.0,0
SPY,20240105,101000,101000,0,54274,0.5373663366336634,0.46263366336633666,0.0,0
SPY,20240123,59000,59000,0,32902,0.5576610169491525,0.44233898305084746,0.0,0
SPY,20240125,52500,52500,0,29656,0.5648761904761905,0.4351238095238095,0.0,0
SPY,20240129,53500,53500,0,30026,0.5612336448598131,0.4387663551401869,0.0,0
SPY,20240124,54500,54500,0,30677,0.5628807339449541,0.43711926605504586,0.0,0
SPY,20240126,65500,65500,0,36722,0.5606412213740458,0.4393587786259542,0.0,0
SPY,20240201,53500,53500,0,31842,0.595177570093458,0.40482242990654205,0.0,0
SPY,20240130,53500,53500,0,31343,0.5858504672897197,0.4141495327102804,0.0,0
SPY,20240131,68000,68000,0,39424,0.579764705882353,0.42023529411764704,0.0,0
SPY,20240205,51000,51000,0,29701,0.5823725490196079,0.41762745098039217,0.0,1
SPY,20240119,117000,117000,0,62518,0.5343418803418803,0.46565811965811965,0.0,0
SPY,20240202,66000,66000,0,38434,0.5823333333333334,0.4176666666666667,0.0,0
SPY,20240206,51000,51000,0,29272,0.5739607843137254,0.4260392156862745,0.0,0
SPY,20240208,53000,53000,0,30018,0.566377358490566,0.43362264150943397,0.0,0
SPY,20240207,51000,51000,0,29516,0.5787450980392157,0.4212549019607843,0.0,0
SPY,20240209,64000,64000,0,35902,0.56096875,0.43903125,0.0,0
SPY,20240213,58000,58000,0,33990,0.5860344827586207,0.4139655172413793,0.0,0
SPY,20240212,59000,59000,0,33455,0.5670338983050848,0.43296610169491523,0.0,0
SPY,20240215,59000,59000,0,33441,0.5667966101694916,0.4332033898305085,0.0,0
SPY,20240220,54500,54500,0,31689,0.5814495412844036,0.4185504587155963,0.0,0
SPY,20240222,54000,54000,0,32168,0.5957037037037037,0.4042962962962963,0.0,0
SPY,20240214,58000,58000,0,33221,0.5727758620689655,0.4272241379310345,0.0,0
SPY,20240221,53500,53500,0,33000,0.616822429906542,0.38317757009345793,0.0,0
SPY,20240226,51000,51000,0,28250,0.553921568627451,0.44607843137254904,0.0,0
SPY,20240216,90500,90500,0,49485,0.5467955801104972,0.4532044198895028,0.0,0
SPY,20240304,63000,63000,0,35017,0.5558253968253968,0.44417460317460317,0.0,0
SPY,20240227,61000,61000,0,33929,0.5562131147540984,0.44378688524590165,0.0,0
SPY,20240228,63000,63000,0,34655,0.5500793650793651,0.44992063492063494,0.0,0
SPY,20240223,68500,68500,0,38185,0.5574452554744526,0.44255474452554744,0.0,0
SPY,20240305,63000,63000,0,35504,0.5635555555555556,0.43644444444444447,0.0,0
SPY,20240307,60000,60000,0,34500,0.575,0.425,0.0,0
SPY,20240312,57500,57500,0,33538,0.5832695652173913,0.4167304347826087,0.0,0
SPY,20240306,60000,60000,0,34089,0.56815,0.43185,0.0,0
SPY,20240229,84500,84500,0,45964,0.5439526627218935,0.45604733727810653,0.0,0
SPY,20240313,53500,53500,0,30891,0.5774018691588785,0.4225981308411215,0.0,0
SPY,20240308,72000,72000,0,40753,0.5660138888888889,0.43398611111111113,0.0,0
SPY,20240314,57500,57500,0,32882,0.5718608695652174,0.42813913043478263,0.0,0
SPY,20240311,59500,59500,0,33774,0.5676302521008403,0.43236974789915966,0.0,0
SPY,20240319,58500,58500,0,33300,0.5692307692307692,0.4307692307692308,0.0,0
SPY,20240318,59000,59000,0,33799,0.572864406779661,0.427135593220339,0.0,0
SPY,20240320,59000,59000,0,35498,0.6016610169491525,0.3983389830508475,0.0,0
SPY,20240321,59000,59000,0,33407,0.5662203389830508,0.43377966101694915,0.0,0
SPY,20240326,56500,56500,0,31576,0.5588672566371682,0.44113274336283187,0.0,0
SPY,20240325,60000,60000,0,33580,0.5596666666666666,0.44033333333333335,0.0,0
SPY,20240327,56500,56500,0,31417,0.5560530973451328,0.44394690265486725,0.0,0
SPY,20240322,76000,76000,0,41736,0.5491578947368421,0.4508421052631579,0.0,0
SPY,20240315,104000,104000,0,57457,0.5524711538461539,0.44752884615384614,0.0,0
SPY,20240403,51000,51000,0,28859,0.5658627450980392,0.4341372549019608,0.0,0
SPY,20240402,52500,52500,0,29910,0.5697142857142857,0.43028571428571427,0.0,0
SPY,20240404,56500,56500,0,32019,0.5667079646017699,0.4332920353982301,0.0,0
SPY,20240401,54500,54500,0,30766,0.5645137614678899,0.4354862385321101,0.0,0
SPY,20240408,56000,56000,0,33269,0.5940892857142858,0.4059107142857143,0.0,0
SPY,20240409,56000,56000,0,32546,0.5811785714285714,0.41882142857142857,0.0,0
SPY,20240405,68500,68500,0,41769,0.6097664233576643,0.39023357664233577,0.0,0
SPY,20240328,93000,93000,0,50423,0.5421827956989247,0.45781720430107525,0.0,0
SPY,20240411,56000,56000,0,33279,0.5942678571428571,0.4057321428571429,0.0,0
SPY,20240425,29000,29000,0,21205,0.7312068965517241,0.26879310344827584,0.0,0
SPY,20240416,56000,56000,0,35356,0.6313571428571428,0.36864285714285716,0.0,0
SPY,20240410,56000,56000,0,33688,0.6015714285714285,0.3984285714285714,0.0,0
SPY,20240415,56000,56000,0,34463,0.6154107142857143,0.3845892857142857,0.0,0
SPY,20240417,56000,56000,0,34224,0.6111428571428571,0.38885714285714285,0.0,0
SPY,20240501,35000,35000,0,24933,0.7123714285714285,0.28762857142857146,0.0,0
SPY,20240412,65000,65000,0,40201,0.618476923076923,0.3815230769230769,0.0,0
SPY,20240422,52500,52500,0,32029,0.6100761904761904,0.3899238095238095,0.0,0
SPY,20240418,56000,56000,0,35051,0.6259107142857143,0.37408928571428574,0.0,0
SPY,20240423,52000,52000,0,31887,0.6132115384615384,0.3867884615384615,0.0,0
SPY,20240429,35000,35000,0,21640,0.6182857142857143,0.38171428571428573,0.0,0
SPY,20240506,27000,27000,0,18379,0.6807037037037037,0.3192962962962963,0.0,0
SPY,20240507,29000,29000,0,18714,0.6453103448275862,0.3546896551724138,0.0,0
SPY,20240419,78000,78000,0,46424,0.5951794871794872,0.40482051282051285,0.0,0
SPY,20240508,29000,29000,0,18351,0.6327931034482759,0.3672068965517241,0.0,0
SPY,20240509,33000,33000,0,20360,0.616969696969697,0.38303030303030305,0.0,0
SPY,20240515,54500,54500,0,32569,0.5975963302752294,0.40240366972477065,0.0,0
SPY,20240514,54500,54500,0,30397,0.557743119266055,0.442256880733945,0.0,0
SPY,20240513,54500,54500,0,30735,0.5639449541284404,0.43605504587155963,0.0,0
SPY,20240510,59000,59000,0,34297,0.5813050847457627,0.4186949152542373,0.0,0
SPY,20240520,54500,54500,0,30114,0.5525504587155964,0.4474495412844037,0.0,0
SPY,20240521,54500,54500,0,30862,0.5662752293577982,0.43372477064220183,0.0,0
SPY,20240529,56000,56000,0,31422,0.5611071428571428,0.43889285714285714,0.0,0
SPY,20240524,64500,64500,0,36408,0.5644651162790698,0.43553488372093024,0.0,0
SPY,20240530,56000,56000,0,31590,0.5641071428571428,0.43589285714285714,0.0,0
SPY,20240516,54500,54500,0,31087,0.5704036697247706,0.42959633027522937,0.0,0
SPY,20240528,59500,59500,0,33517,0.563310924369748,0.4366890756302521,0.0,0
SPY,20240523,57500,57500,0,32594,0.5668521739130434,0.4331478260869565,0.0,0
SPY,20240517,80500,80500,0,43585,0.5414285714285715,0.4585714285714286,0.0,0
SPY,20240604,55500,55500,0,31899,0.5747567567567567,0.42524324324324325,0.0,0
SPY,20240603,56000,56000,0,32506,0.5804642857142858,0.4195357142857143,0.0,0
SPY,20240605,57000,57000,0,32795,0.5753508771929825,0.42464912280701755,0.0,0
SPY,20240606,59000,59000,0,33696,0.5711186440677966,0.4288813559322034,0.0,0
SPY,20240531,89500,89500,0,48828,0.5455642458100559,0.45443575418994414,0.0,0
SPY,20240607,73000,73000,0,41465,0.568013698630137,0.431986301369863,0.0,0
SPY,20240612,59500,59500,0,36438,0.6124033613445378,0.3875966386554622,0.0,0
SPY,20240618,62000,62000,0,35141,0.5667903225806452,0.43320967741935484,0.0,0
SPY,20240611,69500,69500,0,38352,0.5518273381294964,0.4481726618705036,0.0,0
SPY,20240617,65500,65500,0,37377,0.5706412213740458,0.4293587786259542,0.0,0
SPY,20240620,64500,64500,0,36229,0.5616899224806201,0.43831007751937984,0.0,0
SPY,20240610,69500,69500,0,38826,0.5586474820143885,0.44135251798561154,0.0,0
SPY,20240613,59500,59500,0,34106,0.5732100840336134,0.42678991596638655,0.0,0
SPY,20240614,77500,77500,0,44841,0.5785935483870968,0.42140645161290324,0.0,0
SPY,20240626,56500,56500,0,31994,0.5662654867256637,0.43373451327433626,0.0,0
SPY,20240624,71000,71000,0,39236,0.5526197183098591,0.4473802816901408,0.0,0
SPY,20240703,31310,31310,0,17603,0.5622165442350686,0.43778345576493133,0.0,2
SPY,20240625,61000,61000,0,34001,0.5573934426229509,0.4426065573770492,0.0,0
SPY,20240701,48500,48500,0,27856,0.5743505154639176,0.4256494845360825,0.0,0
SPY,20240627,56500,56500,0,32016,0.5666548672566372,0.43334513274336284,0.0,0
SPY,20240702,51000,51000,0,29210,0.5727450980392157,0.4272549019607843,0.0,0
SPY,20240621,116000,116000,0,62552,0.5392413793103449,0.4607586206896552,0.0,0
SPY,20240708,55000,55000,0,31485,0.5724545454545454,0.42754545454545456,0.0,0
SPY,20240705,59000,59000,0,34403,0.5831016949152542,0.41689830508474574,0.0,0
SPY,20240709,51500,51500,0,28930,0.561747572815534,0.438252427184466,0.0,0
SPY,20240711,58000,58000,0,33678,0.580655172413793,0.4193448275862069,0.0,0
SPY,20240710,58000,58000,0,32585,0.5618103448275862,0.4381896551724138,0.0,0
SPY,20240628,101500,101500,0,55537,0.5471625615763547,0.4528374384236453,0.0,0
SPY,20240715,54500,54500,0,32305,0.5927522935779816,0.40724770642201835,0.0,0
SPY,20240712,75500,75500,0,42957,0.5689668874172186,0.43103311258278143,0.0,0
SPY,20240717,56500,56500,0,33972,0.6012743362831858,0.39872566371681417,0.0,0
SPY,20240724,49000,49000,0,31053,0.633734693877551,0.36626530612244895,0.0,0
SPY,20240723,51000,51000,0,30540,0.5988235294117648,0.4011764705882353,0.0,0
SPY,20240725,53000,53000,0,33410,0.6303773584905661,0.36962264150943397,0.0,0
SPY,20240718,56500,56500,0,34810,0.6161061946902655,0.3838938053097345,0.0,0
SPY,20240716,54500,54500,0,30958,0.5680366972477064,0.43196330275229355,0.0,0
SPY,20240730,51000,51000,0,31789,0.623313725490196,0.3766862745098039,0.0,0
SPY,20240729,53500,53500,0,31495,0.5886915887850467,0.41130841121495326,0.0,0
SPY,20240726,66500,66500,0,41040,0.6171428571428571,0.38285714285714284,0.0,0
SPY,20240801,60500,60500,0,38161,0.6307603305785124,0.3692396694214876,0.0,0
SPY,20240805,68000,68000,0,53150,0.7816176470588235,0.21838235294117647,0.0,0
SPY,20240802,69500,69500,0,51443,0.7401870503597122,0.2598129496402878,0.0,0
SPY,20240731,90000,90000,0,54005,0.6000555555555556,0.39994444444444444,0.0,0
SPY,20240806,75500,75500,0,49192,0.6515496688741722,0.3484503311258278,0.0,0
SPY,20240820,74500,74500,0,42347,0.5684161073825503,0.43158389261744967,0.0,0
SPY,20240807,92500,92500,0,55336,0.598227027027027,0.401772972972973,0.0,0
SPY,20240808,97500,97500,0,60313,0.6185948717948718,0.38140512820512823,0.0,0
SPY,20240813,104000,104000,0,59195,0.5691826923076924,0.4308173076923077,0.0,0
SPY,20240814,97000,97000,0,55561,0.5727938144329897,0.4272061855670103,0.0,0
SPY,20240815,93000,93000,0,54503,0.5860537634408602,0.41394623655913976,0.0,0
SPY,20240827,73000,73000,0,40371,0.553027397260274,0.44697260273972605,0.0,0
SPY,20240821,79500,79500,0,44848,0.564125786163522,0.435874213836478,0.0,0
SPY,20240823,81000,81000,0,47609,0.5877654320987654,0.4122345679012346,0.0,0
SPY,20240822,79500,79500,0,44706,0.5623396226415094,0.43766037735849056,0.0,1
SPY,20240829,73000,73000,0,41701,0.5712465753424657,0.42875342465753424,0.0,0
SPY,20240819,119000,119000,0,64124,0.5388571428571428,0.46114285714285713,0.0,0
SPY,20240828,73000,73000,0,44497,0.6095479452054795,0.39045205479452055,0.0,0
SPY,20240903,62500,62500,0,36653,0.586448,0.413552,0.0,0
SPY,20240830,82000,82000,0,46739,0.5699878048780488,0.4300121951219512,0.0,0
SPY,20240909,58000,58000,0,35262,0.6079655172413793,0.3920344827586207,0.0,0
SPY,20240816,155500,155500,0,83849,0.5392218649517685,0.4607781350482315,0.0,0
SPY,20240904,62000,62000,0,36817,0.5938225806451612,0.4061774193548387,0.0,0
SPY,20240906,83500,83500,0,50867,0.6091856287425149,0.390814371257485,0.0,0
SPY,20240910,74500,74500,0,42232,0.5668724832214765,0.4331275167785235,0.0,0
SPY,20240912,76500,76500,0,45411,0.5936078431372549,0.4063921568627451,0.0,0
SPY,20240911,74500,74500,0,43636,0.5857181208053691,0.4142818791946309,0.0,0
SPY,20240913,83000,83000,0,49214,0.5929397590361446,0.4070602409638554,0.0,0
SPY,20240918,76000,76000,0,49334,0.6491315789473684,0.35086842105263155,0.0,0
SPY,20240916,74500,74500,0,42274,0.5674362416107382,0.43256375838926175,0.0,0
SPY,20240917,74500,74500,0,42814,0.5746845637583893,0.4253154362416107,0.0,0
SPY,20240919,76000,76000,0,46667,0.6140394736842105,0.3859605263157895,0.0,0
SPY,20241001,56500,56500,0,34061,0.6028495575221239,0.3971504424778761,0.0,0
SPY,20240925,78000,78000,0,43209,0.5539615384615385,0.44603846153846155,0.0,0
SPY,20240924,80000,80000,0,44484,0.55605,0.44395,0.0,0
SPY,20240927,81500,81500,0,45266,0.5554110429447853,0.44458895705521473,0.0,0
SPY,20240926,78000,78000,0,43174,0.5535128205128205,0.4464871794871795,0.0,0
SPY,20240920,103500,103500,0,59240,0.5723671497584542,0.4276328502415459,0.0,0
SPY,20241004,61000,61000,0,36822,0.603639344262295,0.3963606557377049,0.0,0
SPY,20241002,56500,56500,0,33875,0.5995575221238938,0.4004424778761062,0.0,0
SPY,20241003,56500,56500,0,33520,0.5932743362831858,0.4067256637168142,0.0,0
SPY,20241007,70000,70000,0,41597,0.5942428571428572,0.40575714285714287,0.0,0
SPY,20241011,71000,71000,0,41045,0.5780985915492958,0.42190140845070423,0.0,1
SPY,20241009,70000,70000,0,41710,0.5958571428571429,0.40414285714285714,0.0,0
SPY,20241010,70000,70000,0,39840,0.5691428571428572,0.4308571428571429,0.0,0
SPY,20241008,70000,70000,0,41731,0.5961571428571428,0.40384285714285717,0.0,0
SPY,20240930,140000,140000,0,75701,0.5407214285714286,0.4592785714285714,0.0,0
SPY,20241014,66500,66500,0,38292,0.5758195488721805,0.42418045112781955,0.0,0
SPY,20241017,70500,70500,0,39779,0.5642411347517731,0.43575886524822693,0.0,0
SPY,20241015,66500,66500,0,37851,0.569187969924812,0.430812030075188,0.0,0
SPY,20241016,66500,66500,0,37619,0.5656992481203007,0.43430075187969924,0.0,0
SPY,20241021,67500,67500,0,38185,0.5657037037037037,0.4342962962962963,0.0,0
SPY,20241023,66000,66000,0,37813,0.5729242424242424,0.42707575757575755,0.0,0
SPY,20241024,63500,63500,0,36658,0.5772913385826771,0.42270866141732283,0.0,0
SPY,20241022,67500,67500,0,37784,0.559762962962963,0.44023703703703704,0.0,0
SPY,20241025,72000,72000,0,43885,0.6095138888888889,0.3904861111111111,0.0,0
SPY,20241028,63500,63500,0,37242,0.586488188976378,0.41351181102362206,0.0,0
SPY,20241030,63500,63500,0,37019,0.5829763779527559,0.4170236220472441,0.0,0
SPY,20241029,63500,63500,0,37180,0.585511811023622,0.41448818897637796,0.0,0
SPY,20241105,61000,61000,0,36479,0.5980163934426229,0.401983606557377,0.0,0
SPY,20241104,57000,57000,0,33884,0.5944561403508772,0.4055438596491228,0.0,2
SPY,20241101,73000,73000,0,44001,0.6027534246575342,0.39724657534246577,0.0,1
SPY,20241106,75500,75500,0,46403,0.6146092715231788,0.3853907284768212,0.0,0
SPY,20241108,77500,77500,0,44538,0.574683870967742,0.4253161290322581,0.0,0
SPY,20241111,82500,82500,0,45887,0.5562060606060606,0.4437939393939394,0.0,0
SPY,20241018,159500,159500,0,84515,0.5298746081504703,0.4701253918495298,0.0,0
SPY,20241112,82500,82500,0,45119,0.5468969696969697,0.4531030303030303,0.0,0
SPY,20241113,84500,84500,0,46517,0.5504970414201183,0.44950295857988165,0.0,0
SPY,20241118,77000,77000,0,42640,0.5537662337662338,0.44623376623376626,0.0,0
SPY,20241114,86500,86500,0,47783,0.5524046242774566,0.4475953757225434,0.0,0
SPY,20241121,70000,70000,0,40013,0.5716142857142857,0.42838571428571426,0.0,0
SPY,20241125,67500,67500,0,38666,0.5728296296296296,0.42717037037037037,0.0,0
SPY,20241119,79500,79500,0,44398,0.5584654088050315,0.4415345911949686,0.0,0
SPY,20241203,52000,52000,0,29737,0.5718653846153846,0.4281346153846154,0.0,0
SPY,20241126,67500,67500,0,37876,0.5611259259259259,0.4388740740740741,0.0,0
SPY,20241202,61500,61500,0,34229,0.5565691056910569,0.4434308943089431,0.0,0
SPY,20241127,69500,69500,0,38735,0.5573381294964028,0.4426618705035971,0.0,0
SPY,20241204,48500,48500,0,28418,0.5859381443298969,0.4140618556701031,0.0,0
SPY,20241129,66030,66030,0,35468,0.5371497804028472,0.46285021959715283,0.0,0
SPY,20241209,48000,48000,0,28450,0.5927083333333333,0.40729166666666666,0.0,0
SPY,20241205,49500,49500,0,27953,0.5647070707070707,0.4352929292929293,0.0,0
SPY,20241211,50000,50000,0,29496,0.58992,0.41008,0.0,0
SPY,20241210,50000,50000,0,28324,0.56648,0.43352,0.0,0
SPY,20241212,50000,50000,0,28993,0.57986,0.42014,0.0,0
SPY,20241216,54000,54000,0,30448,0.5638518518518518,0.4361481481481482,0.0,0
SPY,20241224,33480,33480,0,18953,0.5660991636798088,0.43390083632019116,0.0,1
SPY,20241206,88500,88500,0,48160,0.544180790960452,0.45581920903954803,0.0,0
SPY,20241213,68500,68500,0,38666,0.5644671532846716,0.4355328467153285,0.0,0
SPY,20241223,54000,54000,0,32902,0.6092962962962963,0.3907037037037037,0.0,0
SPY,20241217,54000,54000,0,30770,0.5698148148148148,0.43018518518518517,0.0,0
SPY,20241230,56500,56500,0,34914,0.6179469026548673,0.38205309734513276,0.0,0
SPY,20241226,54000,54000,0,32371,0.599462962962963,0.400537037037037,0.0,0
SPY,20241227,63000,63000,0,41254,0.6548253968253969,0.3451746031746032,0.0,1
SPY,20250102,55500,55500,0,34148,0.6152792792792793,0.3847207207207207,0.0,0
SPY,20250103,68000,68000,0,40207,0.5912794117647059,0.4087205882352941,0.0,0
SPY,20250106,61000,61000,0,35713,0.5854590163934427,0.4145409836065574,0.0,0
SPY,20250114,58500,58500,0,34439,0.5887008547008546,0.4112991452991453,0.0,0
SPY,20250107,63000,63000,0,37558,0.5961587301587301,0.40384126984126983,0.0,0
SPY,20250110,67000,67000,0,40421,0.6032985074626865,0.39670149253731346,0.0,0
SPY,20250108,61000,61000,0,36894,0.6048196721311475,0.39518032786885243,0.0,0
SPY,20250115,64500,64500,0,38865,0.6025581395348837,0.39744186046511626,0.0,0
SPY,20250121,59000,59000,0,35372,0.5995254237288136,0.40047457627118643,0.0,0
SPY,20250122,62500,62500,0,36547,0.584752,0.415248,0.0,0
SPY,20250127,50500,50500,0,34527,0.6837029702970298,0.3162970297029703,0.0,0
SPY,20241220,140000,140000,0,81740,0.5838571428571429,0.41614285714285715,0.0,0
SPY,20250123,64500,64500,0,37156,0.5760620155038759,0.423937984496124,0.0,0
SPY,20250116,64500,64500,0,37379,0.5795193798449613,0.4204806201550388,0.0,1
SPY,20250129,46500,46500,0,32502,0.6989677419354838,0.3010322580645161,0.0,0
SPY,20250130,48500,48500,0,30350,0.6257731958762887,0.37422680412371134,0.0,0
SPY,20250124,77500,77500,0,44741,0.5773032258064517,0.4226967741935484,0.0,0
SPY,20241231,142500,142500,0,77565,0.5443157894736842,0.4556842105263158,0.0,0
SPY,20250204,62500,62500,0,38972,0.623552,0.376448,0.0,0
SPY,20250205,62500,62500,0,37276,0.596416,0.403584,0.0,0
SPY,20250210,60000,60000,0,35740,0.5956666666666667,0.4043333333333333,0.0,0
SPY,20250207,66500,66500,0,40255,0.6053383458646616,0.3946616541353383,0.0,0
SPY,20250211,62000,62000,0,35781,0.5771129032258064,0.42288709677419356,0.0,0
SPY,20250218,50500,50500,0,30229,0.5985940594059406,0.40140594059405943,0.0,0
SPY,20250220,54500,54500,0,32990,0.6053211009174312,0.3946788990825688,0.0,0
SPY,20250225,58500,58500,0,36501,0.623948717948718,0.3760512820512821,0.0,0
SPY,20250212,62000,62000,0,36170,0.5833870967741935,0.41661290322580646,0.0,0
SPY,20250226,49500,49500,0,33642,0.6796363636363636,0.32036363636363635,0.0,0
SPY,20250213,62000,62000,0,37248,0.6007741935483871,0.39922580645161293,0.0,0
SPY,20250219,50500,50500,0,30253,0.599069306930693,0.40093069306930695,0.0,0
SPY,20250214,65500,65500,0,38510,0.5879389312977099,0.4120610687022901,0.0,0
SPY,20250227,51500,51500,0,32449,0.6300776699029126,0.36992233009708736,0.0,1
SPY,20250303,66500,66500,0,40907,0.6151428571428571,0.38485714285714284,0.0,0
SPY,20250221,94500,94500,0,54527,0.577005291005291,0.422994708994709,0.0,0
SPY,20250304,66500,66500,0,43828,0.6590676691729324,0.34093233082706764,0.0,0
SPY,20250305,69000,69000,0,44943,0.6513478260869565,0.3486521739130435,0.0,1
SPY,20250310,73500,73500,0,47274,0.6431836734693878,0.35681632653061224,0.0,0
SPY,20250311,73500,73500,0,47209,0.6422993197278911,0.35770068027210883,0.0,0
SPY,20250307,82000,82000,0,52213,0.6367439024390243,0.3632560975609756,0.0,0
SPY,20250318,81500,81500,0,47896,0.5876809815950921,0.412319018404908,0.0,0
SPY,20250324,67500,67500,0,40695,0.6028888888888889,0.39711111111111114,0.0,0
SPY,20250325,67500,67500,0,38899,0.5762814814814815,0.4237185185185185,0.0,0
SPY,20250312,90000,90000,0,54424,0.6047111111111111,0.3952888888888889,0.0,0
SPY,20250319,81500,81500,0,50096,0.6146748466257669,0.3853251533742331,0.0,0
SPY,20250314,97000,97000,0,58459,0.6026701030927835,0.3973298969072165,0.0,0
SPY,20250313,85500,85500,0,51667,0.6042923976608187,0.3957076023391813,0.0,0
SPY,20250317,90000,90000,0,51004,0.5667111111111112,0.4332888888888889,0.0,0
SPY,20250326,69500,69500,0,40429,0.5817122302158273,0.41828776978417265,0.0,0
SPY,20250327,71500,71500,0,41807,0.5847132867132867,0.4152867132867133,0.0,0
SPY,20250401,67500,67500,0,41126,0.6092740740740741,0.3907259259259259,0.0,0
SPY,20250403,72000,72000,0,47835,0.664375,0.335625,0.0,0
SPY,20250321,132500,132500,0,74060,0.5589433962264151,0.4410566037735849,0.0,0
SPY,20250331,103000,103000,0,63600,0.6174757281553398,0.3825242718446602,0.0,0
SPY,20250404,96500,96500,0,65717,0.6810051813471503,0.31899481865284973,0.0,0
SPY,20250408,115500,115500,0,81015,0.7014285714285714,0.29855411255411257,0.0,0
SPY,20250428,94500,94500,0,57041,0.6036084656084656,0.3963915343915344,0.0,0
SPY,20250409,117000,117000,0,87977,0.751940170940171,0.24805982905982907,2.564102564102564e-05,0
SPY,20250410,119500,119500,0,91023,0.7616987447698744,0.2382845188284519,0.0,0
SPY,20250414,125500,125500,0,79549,0.6338565737051793,0.3661434262948207,0.0,0
SPY,20250416,126000,126000,0,78870,0.6259523809523809,0.3740476190476191,0.0,0
SPY,20250429,96500,96500,0,58040,0.6014507772020725,0.3985492227979275,0.0,0
SPY,20250422,133500,133500,0,81798,0.6127191011235955,0.3872808988764045,0.0,0
SPY,20250424,137000,137000,0,85151,0.6215401459854014,0.37845985401459853,0.0,0
SPY,20250502,107500,107500,0,68405,0.6363255813953488,0.36367441860465116,0.0,0
SPY,20250425,146000,146000,0,86644,0.5934520547945206,0.40654794520547943,0.0,0
SPY,20250430,130000,130000,0,78573,0.6044076923076923,0.3955923076923077,0.0,0
SPY,20250506,99000,99000,0,58765,0.5935858585858586,0.4064141414141414,0.0,0
SPY,20250505,117000,117000,0,67280,0.5750427350427351,0.42495726495726494,0.0,0
SPY,20250507,96500,96500,0,62583,0.6485284974093264,0.35147150259067356,0.0,0
SPY,20250509,103500,103500,0,64571,0.6238743961352657,0.3761256038647343,0.0,0
SPY,20250512,92500,92500,0,58287,0.6301297297297297,0.36987027027027025,0.0,0
SPY,20250514,92000,92000,0,55175,0.5997282608695652,0.4002717391304348,0.0,0
SPY,20250520,75500,75500,0,46382,0.6143311258278146,0.3856688741721854,0.0,0
SPY,20250521,77500,77500,0,47844,0.617341935483871,0.38265806451612905,0.0,0
SPY,20250522,73500,73500,0,47863,0.6511972789115646,0.34880272108843535,0.0,1
SPY,20250519,82000,82000,0,51971,0.6337926829268292,0.3662073170731707,0.0,0
SPY,20250528,50500,50500,0,36987,0.7324158415841584,0.2675841584158416,0.0,0
SPY,20250515,92000,92000,0,56876,0.6182173913043478,0.38178260869565217,0.0,0
SPY,20250605,39000,39000,0,26401,0.6769487179487179,0.32305128205128203,0.0,0
SPY,20250529,65500,65500,0,41482,0.6333129770992366,0.3666870229007634,0.0,0
SPY,20250523,89000,89000,0,58317,0.655247191011236,0.34475280898876404,0.0,0
SPY,20250603,65500,65500,0,40016,0.6109312977099237,0.38906870229007634,0.0,0
SPY,20250604,65500,65500,0,40079,0.6118931297709924,0.38810687022900764,0.0,0
SPY,20250606,77500,77500,0,47260,0.6098064516129033,0.3901935483870968,0.0,0
SPY,20250609,70500,70500,0,42955,0.609290780141844,0.39070921985815604,0.0,0
SPY,20250530,94500,94500,0,56920,0.6023280423280424,0.3976719576719577,0.0,0
SPY,20250516,155000,155000,0,87689,0.5657354838709677,0.4342645161290323,0.0,0
SPY,20250610,70500,70500,0,42530,0.6032624113475177,0.39673758865248226,0.0,0
SPY,20250624,45500,45500,0,32929,0.7237142857142858,0.2762857142857143,0.0,0
SPY,20250618,50500,50500,0,38079,0.754039603960396,0.24596039603960396,0.0,0
SPY,20250616,59500,59500,0,43453,0.7303025210084033,0.26969747899159663,0.0,0
SPY,20250617,60500,60500,0,40410,0.6679338842975207,0.33206611570247935,0.0,0
SPY,20250612,70500,70500,0,45161,0.640581560283688,0.35941843971631204,0.0,0
SPY,20250623,51500,51500,0,36981,0.7180776699029127,0.2819223300970874,0.0,0
SPY,20250625,45500,45500,0,31914,0.7014065934065934,0.2985934065934066,0.0,0
SPY,20250611,70500,70500,0,43175,0.6124113475177305,0.3875886524822695,0.0,0
SPY,20250613,79500,79500,0,51153,0.643433962264151,0.35656603773584905,0.0,0
SPY,20250626,65500,65500,0,42268,0.6453129770992366,0.35468702290076337,0.0,0
SPY,20250627,86000,86000,0,53940,0.6272093023255814,0.3727906976744186,0.0,0
SPY,20250701,67500,67500,0,41686,0.6175703703703703,0.3824296296296296,0.0,0
SPY,20250707,55500,55500,0,35821,0.6454234234234234,0.3545765765765766,0.0,0
SPY,20250714,48500,48500,0,31338,0.6461443298969072,0.35385567010309277,0.0,0
SPY,20250709,54500,54500,0,33674,0.6178715596330275,0.38212844036697247,0.0,0
SPY,20250703,51770,51770,0,30196,0.5832721653467259,0.4167278346532741,0.0,1
SPY,20250702,67500,67500,0,41568,0.6158222222222223,0.3841777777777778,0.0,0
SPY,20250710,57000,57000,0,35331,0.6198421052631579,0.3801578947368421,0.0,0
SPY,20250717,62000,62000,0,38495,0.6208870967741935,0.37911290322580643,0.0,0
SPY,20250722,52000,52000,0,32870,0.6321153846153846,0.36788461538461537,0.0,0
SPY,20250708,53000,53000,0,33492,0.6319245283018868,0.3680754716981132,0.0,0
SPY,20250715,52500,52500,0,33539,0.6388380952380952,0.36116190476190474,0.0,0
SPY,20250721,56500,56500,0,36114,0.6391858407079646,0.3608141592920354,0.0,0
SPY,20250716,55000,55000,0,35410,0.6438181818181818,0.35618181818181816,0.0,0
SPY,20250723,51500,51500,0,33775,0.6558252427184466,0.3441747572815534,0.0,0
SPY,20250730,52500,52500,0,35334,0.6730285714285714,0.319047619047619,0.006704761904761904,0
SPY,20250728,56000,56000,0,34803,0.6214821428571429,0.37851785714285713,0.0,0
SPY,20250729,50500,50500,0,31875,0.6311881188118812,0.3688118811881188,0.0,0
SPY,20250805,48000,48000,0,31383,0.6538125,0.3461875,0.0,0
SPY,20250724,53500,53500,0,34233,0.6398691588785047,0.36013084112149535,0.0,0
SPY,20250807,46000,46000,0,30651,0.6663260869565217,0.33367391304347827,0.0,0
SPY,20250806,48000,48000,0,31204,0.6500833333333333,0.34991666666666665,0.0,0
SPY,20250811,55000,55000,0,35056,0.6373818181818182,0.36261818181818184,0.0,0
SPY,20250725,68500,68500,0,42370,0.6185401459854014,0.38145985401459853,0.0,0
SPY,20250812,55000,55000,0,36208,0.6583272727272728,0.3416727272727273,0.0,0
SPY,20250808,65500,65500,0,43358,0.6619541984732824,0.33804580152671754,0.0,0
SPY,20250813,62000,62000,0,38888,0.6272258064516129,0.3727741935483871,0.0,0
SPY,20250718,131000,131000,0,74405,0.5679770992366412,0.43202290076335875,0.0,0
SPY,20250814,62000,62000,0,40987,0.6610806451612903,0.33891935483870966,0.0,0
SPY,20250731,106000,106000,0,63399,0.5981037735849056,0.4018962264150943,0.0,0
SPY,20250819,58000,58000,0,36526,0.6297586206896552,0.37024137931034484,0.0,0
SPY,20250820,62000,62000,0,39959,0.6445,0.3555,0.0,0
SPY,20250818,58000,58000,0,36366,0.627,0.373,0.0,0
SPY,20250822,70000,70000,0,45797,0.6542428571428571,0.3457571428571429,0.0,0
SPY,20250825,68000,68000,0,40929,0.6018970588235294,0.3981029411764706,0.0,0
SPY,20250821,64000,64000,0,40432,0.63175,0.36825,0.0,0
SPY,20250826,68000,68000,0,40889,0.6013088235294117,0.3986911764705882,0.0,0
SPY,20250902,50500,50500,0,30672,0.6073663366336634,0.39263366336633665,0.0,0
SPY,20250827,70500,70500,0,44919,0.6371489361702127,0.3628510638297872,0.0,0
SPY,20250828,71000,71000,0,41760,0.5881690140845071,0.41183098591549294,0.0,0
SPY,20250903,51500,51500,0,33339,0.6473592233009708,0.3526407766990291,0.0,0
SPY,20250904,66500,66500,0,41250,0.6203007518796992,0.37969924812030076,0.0,0
SPY,20250908,50500,50500,0,32294,0.6394851485148515,0.3605148514851485,0.0,0
SPY,20250829,93000,93000,0,56401,0.6064623655913979,0.3935376344086022,0.0,0
SPY,20250909,51500,51500,0,32201,0.62526213592233,0.3747378640776699,0.0,0
SPY,20250815,152500,152500,0,87976,0.5768918032786885,0.4231081967213115,0.0,0
SPY,20250910,65500,65500,0,40217,0.614,0.386,0.0,0
SPY,20250905,63000,63000,0,42945,0.6816666666666666,0.31833333333333336,0.0,0
SPY,20250911,73000,73000,0,46024,0.6304657534246575,0.36953424657534245,0.0,0
SPY,20250912,80000,80000,0,49589,0.6198625,0.3801375,0.0,0
SPY,20250923,58500,58500,0,36344,0.6212649572649572,0.3787350427350427,0.0,0
SPY,20250922,69000,69000,0,43998,0.6376521739130435,0.36234782608695654,0.0,0
SPY,20250915,101000,101000,0,62118,0.615029702970297,0.384970297029703,0.0,0
SPY,20250924,62000,62000,0,39165,0.6316935483870968,0.3683064516129032,0.0,0
SPY,20250916,101000,101000,0,58575,0.5799504950495049,0.42004950495049503,0.0,0
SPY,20250925,66000,66000,0,41125,0.6231060606060606,0.3768939393939394,0.0,0
SPY,20250917,104000,104000,0,70214,0.6751346153846154,0.3248653846153846,0.0,0
SPY,20250918,106000,106000,0,62392,0.5886037735849057,0.4113962264150943,0.0,0
SPY,20250929,83000,83000,0,48010,0.578433734939759,0.421566265060241,0.0,0
SPY,20250926,92000,92000,0,54286,0.5900652173913044,0.40993478260869565,0.0,0
SPY,20251002,83000,83000,0,50287,0.6058674698795181,0.39413253012048194,0.0,0
SPY,20251001,83000,83000,0,51390,0.6191566265060241,0.3808433734939759,0.0,0
SPY,20251013,63500,63500,0,41777,0.6579055118110236,0.3420787401574803,0.0,0
SPY,20251003,103500,103500,0,61314,0.5924057971014492,0.40759420289855075,0.0,0
SPY,20251009,63000,63000,0,39302,0.6238412698412699,0.37615873015873014,0.0,0
SPY,20250919,151000,151000,0,91293,0.6045894039735099,0.3954105960264901,0.0,0
SPY,20251008,71000,71000,0,43004,0.6056901408450704,0.39430985915492955,0.0,0
SPY,20250930,119000,119000,0,67022,0.5632100840336135,0.43678991596638655,0.0,0
SPY,20251006,83000,83000,0,48311,0.5820602409638554,0.41793975903614455,0.0,0
SPY,20251014,63500,63500,0,45405,0.7150393700787402,0.28496062992125987,0.0,0
SPY,20251007,83000,83000,0,49991,0.6023012048192771,0.3976987951807229,0.0,0
SPY,20251010,100000,100000,0,61989,0.61989,0.38011,0.0,0
SPY,20251015,67500,67500,0,45280,0.6708148148148149,0.3291851851851852,0.0,0
SPY,20251020,67500,67500,0,45205,0.6697037037037037,0.3302962962962963,0.0,0
SPY,20251016,67500,67500,0,45545,0.6747407407407408,0.32525925925925925,0.0,0
SPY,20251021,67500,67500,0,43801,0.6489037037037036,0.3510962962962963,0.0,0
SPY,20251022,67500,67500,0,41564,0.615762962962963,0.3744,0.014281481481481482,1
SPY,20251027,67500,67500,0,43547,0.6451407407407408,0.35485925925925926,0.0,0
SPY,20251017,102500,102500,0,64109,0.6254536585365854,0.37454634146341464,0.0,0
SPY,20251024,77000,77000,0,50885,0.6608441558441558,0.33915584415584416,0.0,0
SPY,20251104,58500,58500,0,37274,0.6371623931623932,0.36283760683760685,0.0,0
SPY,20251105,58500,58500,0,37574,0.6422905982905983,0.3577094017094017,0.0,0
SPY,20251030,73000,73000,0,47087,0.645027397260274,0.35497260273972603,0.0,0
SPY,20251106,58500,58500,0,39852,0.6812307692307692,0.31876923076923075,0.0,0
SPY,20251028,71500,71500,0,45620,0.6380419580419581,0.36195804195804193,0.0,0
SPY,20251023,67500,67500,0,42191,0.6250518518518519,0.37494814814814814,0.0,0
SPY,20251110,64500,64500,0,39858,0.6179534883720931,0.382046511627907,0.0,0
SPY,20251113,64500,64500,0,41672,0.6460775193798449,0.3537829457364341,0.0,0
SPY,20251107,79000,79000,0,51115,0.6470253164556962,0.3529746835443038,0.0,0
SPY,20251111,64500,64500,0,39085,0.605968992248062,0.394031007751938,0.0,0
SPY,20251112,64500,64500,0,39648,0.6146976744186047,0.3853023255813953,0.0,0
SPY,20251114,78500,78500,0,51176,0.6519235668789809,0.3480764331210191,0.0,0
SPY,20251118,65500,65500,0,42443,0.6479847328244275,0.3520152671755725,0.0,0
SPY,20251117,70500,70500,0,43434,0.6160851063829788,0.3839148936170213,0.0,0
SPY,20251119,70500,70500,0,49451,0.7014326241134752,0.2985673758865248,0.0,0
SPY,20251125,64000,64000,0,40754,0.63678125,0.36321875,0.0,0
SPY,20251202,60500,60500,0,36617,0.6052396694214877,0.3947603305785124,0.0,0
SPY,20251124,71500,71500,0,49818,0.6967552447552448,0.30324475524475525,0.0,0
SPY,20251120,76500,76500,0,53769,0.7028627450980393,0.2971372549019608,0.0,0
SPY,20251201,64500,64500,0,39128,0.6066356589147287,0.3933643410852713,0.0,0
SPY,20251126,68000,68000,0,43733,0.6431323529411764,0.3568676470588235,0.0,0
SPY,20251204,60500,60500,0,36164,0.5977520661157025,0.4022479338842975,0.0,0
SPY,20251203,60500,60500,0,36982,0.6112727272727273,0.38872727272727275,0.0,0
SPY,20251205,61500,61500,0,38223,0.6215121951219512,0.3784878048780488,0.0,0
SPY,20251128,76880,76880,0,42214,0.5490894901144641,0.4509105098855359,0.0,1
SPY,20251210,61500,61500,0,40978,0.6663089430894309,0.3336910569105691,0.0,0
SPY,20251211,61500,61500,0,39689,0.645349593495935,0.35465040650406504,0.0,0
SPY,20251208,70500,70500,0,42052,0.5964822695035461,0.4035177304964539,0.0,0
SPY,20251209,65000,65000,0,39179,0.6027538461538462,0.39724615384615386,0.0,0
SPY,20251224,41850,41850,0,23223,0.5549103942652329,0.445089605734767,0.0,0
SPY,20251218,63500,63500,0,40368,0.6357165354330708,0.3642834645669291,0.0,0
SPY,20251222,65500,65500,0,39535,0.603587786259542,0.39641221374045804,0.0,0
SPY,20251217,66000,66000,0,40044,0.6067272727272728,0.3932727272727273,0.0,0
SPY,20251212,77500,77500,0,49460,0.6381935483870967,0.3618064516129032,0.0,0
SPY,20251215,65000,65000,0,38531,0.5927846153846154,0.4072153846153846,0.0,0
SPY,20251216,65500,65500,0,39020,0.5957251908396947,0.40427480916030534,0.0,1
SPY,20251223,66000,66000,0,39162,0.5933636363636363,0.40663636363636363,0.0,0
SPY,20251230,71500,71500,0,40794,0.5705454545454546,0.4294545454545455,0.0,0
SPY,20251229,71500,71500,0,41972,0.587020979020979,0.412979020979021,0.0,0
SPY,20251231,127000,127000,0,71087,0.5597401574803149,0.44025984251968503,0.0,0
