tree
version=v4
num_class=1
num_tree_per_iteration=1
label_index=0
max_feature_idx=288
objective=regression_l1
feature_names=dte_days minute spot underlying_volume dist_ib_high_bps dist_ib_low_bps dist_fib_127_up_bps dist_fib_161_up_bps dist_fib_200_up_bps dist_fib_127_dn_bps dist_fib_161_dn_bps dist_fib_200_dn_bps nearest_level_abs_bps ib_range_bps ret_1m_bps ret_5m_bps ret_15m_bps ret_30m_bps call_d15_available call_d15_strike call_d15_strike_bps call_d15_abs_delta call_d15_iv call_d15_mid_bps call_d15_spread_pct call_d15_theta_over_mid call_d15_vega call_d15_oi call_d15_volume put_d15_available put_d15_strike put_d15_strike_bps put_d15_abs_delta put_d15_iv put_d15_mid_bps put_d15_spread_pct put_d15_theta_over_mid put_d15_vega put_d15_oi put_d15_volume call_d25_available call_d25_strike call_d25_strike_bps call_d25_abs_delta call_d25_iv call_d25_mid_bps call_d25_spread_pct call_d25_theta_over_mid call_d25_vega call_d25_oi call_d25_volume put_d25_available put_d25_strike put_d25_strike_bps put_d25_abs_delta put_d25_iv put_d25_mid_bps put_d25_spread_pct put_d25_theta_over_mid put_d25_vega put_d25_oi put_d25_volume call_d35_available call_d35_strike call_d35_strike_bps call_d35_abs_delta call_d35_iv call_d35_mid_bps call_d35_spread_pct call_d35_theta_over_mid call_d35_vega call_d35_oi call_d35_volume put_d35_available put_d35_strike put_d35_strike_bps put_d35_abs_delta put_d35_iv put_d35_mid_bps put_d35_spread_pct put_d35_theta_over_mid put_d35_vega put_d35_oi put_d35_volume call_d50_available call_d50_strike call_d50_strike_bps call_d50_abs_delta call_d50_iv call_d50_mid_bps call_d50_spread_pct call_d50_theta_over_mid call_d50_vega call_d50_oi call_d50_volume put_d50_available put_d50_strike put_d50_strike_bps put_d50_abs_delta put_d50_iv put_d50_mid_bps put_d50_spread_pct put_d50_theta_over_mid put_d50_vega put_d50_oi put_d50_volume call_d65_available call_d65_strike call_d65_strike_bps call_d65_abs_delta call_d65_iv call_d65_mid_bps call_d65_spread_pct call_d65_theta_over_mid call_d65_vega call_d65_oi call_d65_volume put_d65_available put_d65_strike put_d65_strike_bps put_d65_abs_delta put_d65_iv put_d65_mid_bps put_d65_spread_pct put_d65_theta_over_mid put_d65_vega put_d65_oi put_d65_volume call_d80_available call_d80_strike call_d80_strike_bps call_d80_abs_delta call_d80_iv call_d80_mid_bps call_d80_spread_pct call_d80_theta_over_mid call_d80_vega call_d80_oi call_d80_volume put_d80_available put_d80_strike put_d80_strike_bps put_d80_abs_delta put_d80_iv put_d80_mid_bps put_d80_spread_pct put_d80_theta_over_mid put_d80_vega put_d80_oi put_d80_volume phys_d15_iv_skew_put_minus_call phys_d15_iv_mean phys_d15_volume_skew_call_minus_put phys_d15_oi_skew_call_minus_put phys_d15_mid_skew_call_minus_put phys_d15_spread_mean phys_d15_theta_skew_call_minus_put phys_d15_vega_skew_call_minus_put phys_d15_abs_delta_gap phys_d15_liquidity_score phys_d25_iv_skew_put_minus_call phys_d25_iv_mean phys_d25_volume_skew_call_minus_put phys_d25_oi_skew_call_minus_put phys_d25_mid_skew_call_minus_put phys_d25_spread_mean phys_d25_theta_skew_call_minus_put phys_d25_vega_skew_call_minus_put phys_d25_abs_delta_gap phys_d25_liquidity_score phys_d35_iv_skew_put_minus_call phys_d35_iv_mean phys_d35_volume_skew_call_minus_put phys_d35_oi_skew_call_minus_put phys_d35_mid_skew_call_minus_put phys_d35_spread_mean phys_d35_theta_skew_call_minus_put phys_d35_vega_skew_call_minus_put phys_d35_abs_delta_gap phys_d35_liquidity_score phys_d50_iv_skew_put_minus_call phys_d50_iv_mean phys_d50_volume_skew_call_minus_put phys_d50_oi_skew_call_minus_put phys_d50_mid_skew_call_minus_put phys_d50_spread_mean phys_d50_theta_skew_call_minus_put phys_d50_vega_skew_call_minus_put phys_d50_abs_delta_gap phys_d50_liquidity_score phys_d65_iv_skew_put_minus_call phys_d65_iv_mean phys_d65_volume_skew_call_minus_put phys_d65_oi_skew_call_minus_put phys_d65_mid_skew_call_minus_put phys_d65_spread_mean phys_d65_theta_skew_call_minus_put phys_d65_vega_skew_call_minus_put phys_d65_abs_delta_gap phys_d65_liquidity_score phys_d80_iv_skew_put_minus_call phys_d80_iv_mean phys_d80_volume_skew_call_minus_put phys_d80_oi_skew_call_minus_put phys_d80_mid_skew_call_minus_put phys_d80_spread_mean phys_d80_theta_skew_call_minus_put phys_d80_vega_skew_call_minus_put phys_d80_abs_delta_gap phys_d80_liquidity_score phys_total_volume_skew_call_minus_put phys_total_oi_skew_call_minus_put phys_total_option_volume_log phys_total_option_oi_log phys_call_iv_slope_low_to_high phys_put_iv_slope_low_to_high phys_call_mid_slope_low_to_high phys_put_mid_slope_low_to_high phys_fib_up_min_abs_bps phys_fib_up_mean_signed_bps phys_fib_dn_min_abs_bps phys_fib_dn_mean_signed_bps phys_fib_any_min_abs_bps phys_ib_edge_min_abs_bps phys_ib_balance phys_nearest_level_vs_ib_range phys_momentum_accel_ret_1m_bps_minus_ret_5m_bps phys_abs_ret_1m_bps phys_momentum_accel_ret_5m_bps_minus_ret_15m_bps phys_abs_ret_5m_bps phys_momentum_accel_ret_15m_bps_minus_ret_30m_bps phys_abs_ret_15m_bps phys_abs_ret_30m_bps ctx_spx_spot ctx_spx_ret_1m_bps ctx_spx_ret_1m_bps_minus_self ctx_spx_ret_5m_bps ctx_spx_ret_5m_bps_minus_self ctx_spx_ret_15m_bps ctx_spx_ret_15m_bps_minus_self ctx_spx_ret_30m_bps ctx_spx_ret_30m_bps_minus_self ctx_spx_ib_range_bps ctx_spx_nearest_level_abs_bps ctx_spx_phys_d35_iv_skew_put_minus_call ctx_spx_phys_total_volume_skew_call_minus_put ctx_spx_phys_total_oi_skew_call_minus_put ctx_spy_spot ctx_spy_ret_1m_bps ctx_spy_ret_1m_bps_minus_self ctx_spy_ret_5m_bps ctx_spy_ret_5m_bps_minus_self ctx_spy_ret_15m_bps ctx_spy_ret_15m_bps_minus_self ctx_spy_ret_30m_bps ctx_spy_ret_30m_bps_minus_self ctx_spy_ib_range_bps ctx_spy_nearest_level_abs_bps ctx_spy_phys_d35_iv_skew_put_minus_call ctx_spy_phys_total_volume_skew_call_minus_put ctx_spy_phys_total_oi_skew_call_minus_put ctx_qqq_spot ctx_qqq_ret_1m_bps ctx_qqq_ret_1m_bps_minus_self ctx_qqq_ret_5m_bps ctx_qqq_ret_5m_bps_minus_self ctx_qqq_ret_15m_bps ctx_qqq_ret_15m_bps_minus_self ctx_qqq_ret_30m_bps ctx_qqq_ret_30m_bps_minus_self ctx_qqq_ib_range_bps ctx_qqq_nearest_level_abs_bps ctx_qqq_phys_d35_iv_skew_put_minus_call ctx_qqq_phys_total_volume_skew_call_minus_put ctx_qqq_phys_total_oi_skew_call_minus_put ctx_spy_qqq_ret_5m_spread ctx_spx_spy_ret_5m_spread ticker_QQQ ticker_SPXW ticker_SPY expiry_mode_zero_dte nearest_level_name_fib_127_dn nearest_level_name_fib_127_up nearest_level_name_fib_161_dn nearest_level_name_fib_161_up nearest_level_name_fib_200_dn nearest_level_name_fib_200_up nearest_level_name_ib_high nearest_level_name_ib_low
feature_infos=none [630:870] [493.239990234375:688.97998046875] none [-317.50437597272537:182.1372184131454] [-150.22037366833914:378.50962571332167] [-368.37109374555547:128.72392362749778] [-433.07655091246363:60.779070701636918] [-504.51436778460049:19.401439403366101] [-113.03181132478407:431.92292049896929] [-65.725772461289992:499.86777342483009] [-19.903900112233448:574.8820330134979] [0:19.989215541609827] [11.439976778911902:204.15978035064896] [-4.2088780357041333:4.2088377651872122] [-90.079839600845091:210.66438107900433] [-124.21748425187617:157.06999331462691] [-121.76594169389764:223.89657086275605] none [507:694] [-472.42752477476222:299.15638104989205] [0.037500001490116119:0.96039998531341553] [0.0082999998703598976:2.124500036239624] [0.21993811600915761:477.17689657933113] [0:1.7956204300169631] [-30.235555486936629:-0.3015892084854338] [0.69019997119903564:4.7782001495361328] [3:142490] [0:26858] none [477:687] [-340.85453672587641:-0.14655371783578452] [0.039299998432397842:0.38080000877380371] [0.0038999998942017555:1.7783000469207764] [0.21952931479878798:26.559079318805992] [0:1.5398230237868951] [-28.532307193515564:-4.0400001812974651] [1.0679999589920044:4.6803998947143555] [13:88164] [0:39822] none [503:693] [-472.42752477476222:197.87547560746742] [0.037500001490116119:0.96039998531341553] [0.0082999998703598976:2.124500036239624] [0.21993811600915761:477.17689657933113] [0:1.7735849104346904] [-27.173332980672509:-0.3015892084854338] [0.71950000524520874:6.0741000175476074] [0:142490] [0:12498] none [483:687] [-207.60665065923001:-0.14655371783578452] [0.039299998432397842:0.40529999136924744] [0.0038999998942017555:1.5184999704360962] [0.21952931479878798:46.934554858602219] [0:0.8756757314053647] [-25.722858458949016:-3.7397699589577491] [1.0679999589920044:5.7722997665405273] [13:88164] [0:9933] none [499:691] [-472.42752477476222:116.77905035412772] [0.057500001043081284:0.96039998531341553] [0.0082999998703598976:2.124500036239624] [0.2398618398375974:477.17689657933113] [0:0.66666666666666663] [-22.217500706408188:-0.3015892084854338] [0.7631000280380249:6.6459999084472656] [0:142490] [0:13131] none [488:688] [-136.23593604126793:0.6386674218861188] [0.039299998432397842:0.53329998254776001] [0.0038999998942017555:1.4980000257492065] [0.21952931479878798:74.000489977161934] [0:1.7300177651485098] [-25.722858458949016:-2.6942610262634656] [1.0679999589920044:6.5810999870300293] [3:88164] [0:17976] none [493:689] [-472.42752477476222:68.980433728362826] [0.061900001019239426:0.96039998531341553] [0.0082999998703598976:2.124500036239624] [1.0248151626729105:477.17689657933113] [0:0.50336476640001326] [-22.217500706408188:-0.3015892084854338] [0.7631000280380249:6.887199878692627] [0:56773] [0:18830] none [493:689] [-50.534813079420317:272.78777315000281] [0.1542000025510788:0.90079998970031738] [0.0038999998942017555:1.5915999412536621] [0.2195903771831475:282.54097856164771] [0:1.9031141842107111] [-13.22816357205531:-0.36631962513163469] [1.4263999462127686:6.887199878692627] [1:88164] [0:19707] none [488:688] [-1583.5505993334586:0.6386674218861188] [0.48660001158714294:1] [0:3.7604000568389893] [1.0248151626729105:1588.8997933968612] [0:1.1282051282051282] [-7.6583905732034783:0] [0:6.5731000900268555] [0:57112] [0:18127] none [499:702] [-0.87836440148980621:275.92732068047798] [0.35710000991821289:1] [0:1.7836999893188477] [0.21961610298904879:282.54097856164771] [0:1.0581039933726926] [-8.1340742460472377:0] [0:6.6114997863769531] [0:68247] [0:18433] none [480:687] [-1583.5505993334586:-0.58529557024233902] [0.67280000448226929:1] [0:3.7604000568389893] [1.0248151626729105:1588.8997933968612] [0:0.65486726784017135] [-3.986625015934929:0] [0:5.2754001617431641] [0:57112] [0:4287] none [505:702] [1.1202426678069699:275.92732068047798] [0.68970000743865967:1] [0:1.4630999565124512] [1.2001344171978725:282.54097856164771] [0:1.2114537546725315] [-3.7975508411391088:0] [0:5.493800163269043] [0:68247] [0:6554] [-2.1040000356733799:0.80020004510879517] [0.0070499998982995749:1.5216000080108643] [-0.99999999999941658:0.99999999999270084] [-0.99941423411100261:0.99755017431442594] [-0.63157895617240045:0.99908003682452184] [0:1.6677217269019291] [-11.789092825379335:18.920183743050185] [-0.4068036140977872:0.37701396290637612] [-0.13549999892711639:0.86449998617172241] [7.7341213033283047:22.550533420769895] [-2.1040000356733799:0.61209994554519653] [0.0070499998982995749:1.476099967956543] [-0.99999999999941658:0.98527381500207412] [-0.99999999999983502:0.99888002239953455] [-0.66666666965300947:0.99908003682452184] [0:1.3246303209200274] [-12.628000138729812:18.920183743050185] [-0.61989330174389179:0.39144814481019591] [-0.36180000752210617:0.86449998617172241] [7.7341213033283047:20.651544911988818] [-2.1040000356733799:0.261199951171875] [0.0070499998982995749:1.4658499956130981] [-0.99999999999941658:0.97052049746615821] [-0.99999999999992595:0.99974968710884438] [-0.66666666965277999:0.99908003682452184] [0:1.041479492808957] [-11.173669527367579:18.920183743050185] [-0.45384533532972327:0.42335034742545835] [-0.29669998586177826:0.86449998617172241] [7.7341213033283047:20.754030242253528] [-1.9888000339269638:0.70979999005794525] [0.0070499998982995749:1.4553000330924988] [-0.99999999999941658:0.99999999999836064] [-0.99999999999947253:0.99982048290090653] [-0.98261814269199221:0.99908003682452184] [0:1.2032394753053621] [-21.007900754232995:9.6883671367202417] [-0.60507178530680439:0.38858528950211479] [-0.79839999973773956:0.7766999751329422] [7.0724219005373712:21.825088100129342] [-2.8104000687599182:0.78880000114440918] [0.0099499998614192009:2.3552000224590302] [-0.99999999999891542:0.99999999999933642] [-0.99999999899999992:0.99999999999993061] [-0.97954902985543424:0.94220170044888607] [0.0011918655785231177:1.0810198529973019] [-5.6033674078647797:4.8873746096773818] [-0.99999999966617703:0.99999999939324069] [-0.40940004587173462:0.30059999227523804] [0.69314718055994529:20.288857300845123] [-2.8104000687599182:0.84999999403953552] [0.033150000497698784:2.3552000224590302] [-0.99999999999865052:0.99999999999933642] [-0.99999999899999992:0.99999999999998257] [-0.97954902985543424:0.97366110705444764] [0.0011918655785231177:0.93316051125635147] [-3.2514431472637573:2.657318546219082] [-0.99999999966617703:0.99999999939324069] [-0.25309997797012329:0.19720000028610229] [0.69314718055994529:18.723911836396617] [-0.99999999999985445:0.92885375493704014] [-0.99119894701685585:0.992685663002012] [0:11.390927308159378] [9.192787212728593:13.008435152409319] [-0.26359999179840088:3.5202000588178635] [-0.78030002117156982:0.85189999639987946] [0:1586.3827244734834] [0.64007169612685288:281.28244409995887] [0.00025116959174739743:368.37109374555547] [-435.32067081420655:58.422601814034635] [0.00095988358531877253:431.92292049896929] [-64.085100593191655:502.22424231243241] [0.00025116959174739743:63.123724652181451] [0:182.1372184131454] [-0.9999999999977679:0.99999999999821632] [0:1.552807003329258] [-210.46917902643128:85.870961565140959] [0:4.2088780357041333] [-103.13619237735327:107.39454212003841] [0:210.66438107900433] [-111.50405599007263:128.80330087498669] [0:157.06999331462691] [0:223.89657086275605] [4949.68017578125:6912.81982421875] [-2.370533949718201:2.2748954839335589] [-3.5629454414376482:2.9502388555324721] [-86.164022892891708:204.48988922511901] [-6.1744918538853142:4.6372740988187555] [-121.10209134795102:152.56680568032976] [-4.6868011551603992:6.3950143675561844] [-119.72864146067796:220.20286059988959] [-6.2813936904859702:11.231326009980558] [12.151458812678843:218.54441686743007] [0:19.961739630118277] [-0.05970001220703125:0.42890000343322754] [-0.80475272960770405:0.91429083736759642] [-0.99874658668693772:0.98464608204535209] [493.239990234375:688.97998046875] [-4.2088780357041333:4.2088377651872122] none [-90.079839600845091:210.66438107900433] none [-124.21748425187617:157.06999331462691] none [-121.76594169389764:223.89657086275605] none [11.439976778911902:204.15978035064896] [0:19.989215541609827] [-2.1040000356733799:0.261199951171875] [-0.99999999999985445:0.92885375493704014] [-0.99119894701685585:0.992685663002012] [415.8900146484375:636.469970703125] [-4.2769260868036341:6.2218051378737371] [-1.1886852087039657:6.0266030853006747] [-98.775731281454114:221.27525130073877] [-18.018011646113717:14.563042483997094] [-141.81834439515595:173.14052771771449] [-31.767923315878519:29.81552987578295] [-146.90358593681506:252.40845104624211] [-40.415278928496178:36.000701864213895] [22.178011481267159:230.20206873305798] [0:19.992029724106196] [-1.8828000519424677:1.0666999518871307] [-0.99999999999979361:0.99999999993749999] [-0.99615698359465255:0.99999999999997058] [-14.563042483997094:18.018011646113717] [-6.1744918538853142:4.6372740988187555] none none none none [0:1] [0:1] [0:1] [0:1] [0:1] [0:1] [0:1] [0:1]
tree_sizes=2837 2923 2923 2924 2926 2925 2914 2909 2932 2921 2928 2933 2919 2919 2915 2945 2927 2933 2920 2941 2920 2938 2919 2934 2929 2924 2936 2944 2926 2940 2912 2934 2945 2951 2944 2915 2939 2929 2939 2930 2935 2945 2911 2917 2914 2965 2953 2921 2947 2940 2950 2922 2929 2935 2951 2928 2925 2931 2954 2947 2923 2935 2944 2916 2940 2950 2936 2960 2952 2942 2948 2956 2945 2953 2954 2951 2933 2943 2957 2954 2973 2951 2947 2944 2947 2967 2928 2936 2935 2950 2966 2947 2954 2956 2933 2948 2948 2935 2925 2919 2950 2950 2960 2929 2936 2925 2945 2950 2943 2961 2942 2949 2942 2930 2915 2947 2950 2934 2935 2915 2934 2940 2943 2929 2960 2954 2941 2942 2950 2949 2945 2926 2900 2945 2928 2958 2932 2951 2954 2938 2953 2932 2936 2939 2962 2936 2963 2959 2928 2948 2945 2957 2949 2932 2947 2950 2950 2969 2972 2945

Tree=0
num_leaves=31
num_cat=0
split_feature=104 6 224 93 193 82 126 274 270 115 203 104 11 270 126 11 153 104 104 137 137 27 115 270 38 38 13 8 104 93
split_gain=116.363 111.727 95.6804 67.3289 102.183 70.2407 93.9564 68.4231 117.176 73.0074 60.4562 63.3901 56.0242 73.1994 65.7842 53.4686 44.3217 47.4387 42.8174 42.4856 79.6594 40.603 40.1221 45.325 39.9817 39.5554 39.4208 38.644 37.9611 37.9592
threshold=221.00000000000003 30.792619063504109 0.57515495876581368 8635.5000000000018 0.36332174972229087 2271.0000000000005 757.00000000000011 0.49907691712873287 34.408194203355102 12314.000000000002 0.52646217917189875 5498.5000000000009 15.251945778000897 112.90186058682788 5151.5000000000009 43.108626178326283 -0.63416730740377447 17642.000000000004 6726.5000000000009 6506.0000000000009 4411.0000000000009 7802.5000000000009 18049.500000000004 57.473954466393899 7341.0000000000009 6374.0000000000009 46.081632220952578 -194.54447346149848 9290.5000000000018 11016.500000000002
decision_type=2 2 2 2 2 2 2 2 2 2 2 2 2 2 2 2 2 2 2 2 2 2 2 2 2 2 2 2 2 2
left_child=-1 2 10 5 18 -4 -7 9 -9 29 12 -12 14 16 -2 -11 -14 24 -5 20 -8 -22 23 -10 25 28 -25 -15 -18 -6
right_child=1 -3 3 4 7 6 19 8 22 15 11 -13 13 27 -16 -17 17 -19 -20 -21 21 -23 -24 26 -26 -27 -28 -29 -30 -31
leaf_value=-0.40753843724727629 -0.37396872490644456 -0.40772411406040193 -0.37316664546728134 -0.4077495673298836 -0.37988886520266535 -0.40794027596712112 -0.3777204082161188 -0.37221926480531692 -0.38229805400595068 -0.36966664567589758 -0.40711108893156051 -0.40747725009918212 -0.37111491918563844 -0.40699997782707215 -0.40753843724727629 -0.40714581102132796 -0.40699997782707215 -0.40766664445400236 -0.40712066650390627 -0.37713779646903278 -0.3865931968111545 -0.40753843724727629 -0.40768331080675124 -0.40766664445400236 -0.37870831049978732 -0.40745159029960631 -0.39255699429661034 -0.40753843724727629 -0.37545136690139769 -0.37024997949600219
leaf_weight=299 152 246 549 214 241 75 603 104 142 93 934 412 123 327 433 358 456 115 327 344 89 189 116 195 1149 210 174 229 156 292
leaf_count=299 152 246 549 214 241 75 603 104 142 93 934 412 123 327 433 358 456 115 327 344 89 189 116 195 1149 210 174 229 156 292
internal_value=-0.4 -0.399285 -0.398629 -0.394729 -0.398793 -0.389787 -0.394261 -0.394608 -0.402711 -0.388605 -0.40204 -0.40829 -0.39952 -0.397435 -0.409314 -0.399002 -0.394578 -0.395815 -0.411987 -0.39189 -0.39601 -0.411378 -0.408473 -0.404138 -0.394527 -0.400423 -0.410575 -0.408734 -0.395916 -0.379898
internal_weight=9346 9047 8801 4105 2256 1849 1300 1715 731 984 4696 1346 3350 2765 585 451 2209 2086 541 1225 881 278 627 511 1971 822 369 556 612 533
internal_count=9346 9047 8801 4105 2256 1849 1300 1715 731 984 4696 1346 3350 2765 585 451 2209 2086 541 1225 881 278 627 511 1971 822 369 556 612 533
is_linear=0
shrinkage=1


Tree=1
num_leaves=31
num_cat=0
split_feature=104 6 82 115 93 11 126 173 13 153 27 104 30 115 193 200 104 203 225 104 126 223 64 27 115 30 43 137 104 27
split_gain=115.547 110.979 95.1701 106.42 61.7854 57.4182 60.113 58.4126 53.3358 48.8311 47.2879 53.289 56.2515 47.2396 45.6451 79.4069 52.234 46.9283 43.9796 45.4009 43.8827 50.3298 43.8691 43.8509 41.5772 65.8722 41.1807 40.5456 39.9776 52.16
threshold=221.00000000000003 30.792619063504109 2081.0000000000005 19389.000000000004 26728.000000000004 15.251945778000897 5472.5000000000009 0.64703898334560705 39.806847150119133 0.44331159510015511 11723.000000000002 12281.500000000002 668.50000000000011 10665.500000000002 -0.80127469776509919 0.0036999955773353581 4330.0000000000009 0.561419958784526 0.32367373128455018 2651.0000000000005 11444.000000000002 14.236690577612732 24.9784420883914 14093.500000000002 6004.0000000000009 603.50000000000011 0.23384999483823779 6951.5000000000009 548.50000000000011 13277.000000000002
decision_type=2 2 2 2 2 2 2 2 2 2 2 2 2 2 2 2 2 2 2 2 2 2 2 2 2 2 2 2 2 2
left_child=-1 2 3 8 5 6 -4 9 -2 10 14 12 13 22 15 -7 18 20 19 -16 21 -18 24 -13 -12 -26 -25 -21 29 -10
right_child=1 -3 4 -5 -6 7 -8 -9 28 -11 11 23 -14 -15 16 -17 17 -19 -20 27 -22 -23 -24 26 25 -27 -28 -29 -30 -31
leaf_value=-0.0072746149510145202 0.024915429015457635 -0.0074537930756807327 0.020535713516175749 -0.0076049246326088914 -0.00742876531034708 0.025444121992588047 -0.0072746149510145202 -0.0073306369066238417 -0.0078028167933225645 -0.0070336802288889898 0.021930879431590437 -0.0076132962465286268 -0.0079721175119280823 0.026792173916101458 0.0014342140987515445 -0.0070776186197996152 0.017359252634737643 -0.007215569353103639 -0.0072397483214735993 0.014244999223947527 -0.0073684234857559205 -0.0071504986047744761 0.021451504829153419 0.022465319598838688 -0.007368187092244626 0.014145767932571473 -0.0074624333143234259 0.027297310274094346 0.023060831995308399 0.023066829786356539
leaf_weight=299 364 246 187 118 167 444 445 256 146 595 242 63 105 513 596 123 974 531 142 267 227 482 116 89 134 321 153 332 571 98
leaf_count=299 364 246 187 118 167 444 445 256 146 595 242 63 105 513 596 123 974 531 142 267 227 482 116 89 134 321 153 332 571 98
internal_value=-7.48583e-05 0.000637981 0.00129173 0.0100269 -0.000223732 0.00026219 -0.00978022 0.00121535 0.0132137 0.00187093 0.00284349 0.00767949 0.0105049 0.0124643 0.000797963 0.00997378 -0.000679134 -0.00397476 0.00477273 0.00697083 -0.00109893 0.0011499 0.00714548 -0.00553226 0.00373932 -0.00251087 0.001417 0.0137334 0.00815244 -0.00365462
internal_weight=9346 9047 8801 1297 7504 7337 632 6705 1179 6449 5854 1736 1431 1326 4118 567 3551 2214 1337 1195 1683 1456 813 305 697 455 242 599 815 244
internal_count=9346 9047 8801 1297 7504 7337 632 6705 1179 6449 5854 1736 1431 1326 4118 567 3551 2214 1337 1195 1683 1456 813 305 697 455 242 599 815 244
is_linear=0
shrinkage=0.035


Tree=2
num_leaves=31
num_cat=0
split_feature=104 6 224 93 193 82 126 274 115 60 129 203 104 183 9 256 115 163 104 11 126 137 137 171 261 2 27 64 93 63
split_gain=114.572 110.084 93.4082 62.149 101.229 69.049 92.0693 67.0579 73.2006 63.4457 77.739 59.8702 61.6898 60.7658 56.6767 45.4081 42.8553 45.3053 42.8174 41.2887 52.4755 39.2345 79.788 39.0436 103.336 53.373 38.4374 37.4513 63.7498 47.0569
threshold=221.00000000000003 30.792619063504109 0.57515495876581368 8635.5000000000018 0.36332174972229087 2271.0000000000005 757.00000000000011 0.49907691712873287 12314.000000000002 6484.5000000000009 675.50000000000011 0.52646217917189875 5472.5000000000009 0.24251656883541842 34.651820484184817 28.001055915296053 18049.500000000004 0.53135156887257029 6726.5000000000009 17.061794081397185 5472.5000000000009 6506.0000000000009 4411.0000000000009 0.18420000001788142 579.77502441406261 573.74002075195324 7802.5000000000009 8.6798752735195457 11327.000000000002 576.50000000000011
decision_type=2 2 2 2 2 2 2 2 2 2 2 2 2 2 2 2 2 2 2 2 2 2 2 2 2 2 2 2 2 2
left_child=-1 2 11 5 18 -4 -7 8 -6 10 16 13 23 19 -10 -16 17 -9 -5 20 -2 22 -8 24 -13 -25 -24 -21 29 -29
right_child=1 -3 3 4 7 6 21 9 14 -11 -12 12 -14 -15 15 -17 -18 -19 -20 27 -22 -23 26 25 -26 -27 -28 28 -30 -31
leaf_value=-0.0070200034277290123 0.021711763596646491 -0.0071929103180319075 0.025148439105845993 -0.0072497629606537517 0.024554556438733825 -0.0075694681585952647 0.021209130694386086 -0.0074854894109591848 0.026341904414501044 0.023385190130811185 0.026520607037760317 0.027693053352074701 -0.0070242115738391887 0.022767145536376165 -0.0074177409211024651 0.021002287358500064 -0.0072819483260512363 0.0081983022488318399 -0.0067126310654878618 0.022424525988888461 -0.0070200034277290123 0.021504880430307242 0.012329968227627223 0.024323500175926837 -0.0071612070570588127 -0.0071153675095364452 -0.0073248124444708247 -0.0068299019681066289 -0.0074840248009711511 0.015960567325710322
leaf_weight=299 133 246 549 214 533 75 603 193 143 102 74 170 423 484 136 172 102 260 327 193 428 344 89 92 212 449 189 551 263 1298
leaf_count=299 133 246 549 214 533 75 603 193 143 102 74 170 423 484 136 172 102 260 327 193 428 344 89 92 212 449 189 551 263 1298
internal_value=-0.000164688 0.000545183 0.00119634 0.00504988 0.00114551 0.00979773 0.00536398 0.00531105 0.0112538 -0.0027106 -0.00690063 -0.00217401 -0.00839378 0.00033383 0.000844298 -0.00760383 -0.0114375 -0.00664847 -0.0119872 -0.0016092 -0.0100795 0.00771138 0.00375282 -0.00328125 0.00524548 -0.00929487 -0.0116254 0.000469697 -0.000892773 0.00141586
internal_weight=9346 9047 8801 4105 2256 1849 1300 1715 984 731 629 4696 1346 3350 451 308 555 453 541 2866 561 1225 881 923 382 541 278 2305 2112 1849
internal_count=9346 9047 8801 4105 2256 1849 1300 1715 984 731 629 4696 1346 3350 451 308 555 453 541 2866 561 1225 881 923 382 541 278 2305 2112 1849
is_linear=0
shrinkage=0.035


Tree=3
num_leaves=31
num_cat=0
split_feature=104 6 82 115 93 11 126 173 13 153 27 104 30 115 193 200 104 203 64 27 126 223 225 104 242 242 43 115 2 71
split_gain=114.085 109.638 92.4498 104.607 61.0655 57.2587 58.239 57.5169 54.389 48.6956 48.2916 52.6451 55.8045 46.9019 44.7339 77.8458 48.9262 45.2553 44.2592 43.8509 43.3702 49.2906 42.485 42.3721 43.5655 42.054 41.1807 40.2661 65.8722 40.3352
threshold=221.00000000000003 30.792619063504109 2081.0000000000005 19389.000000000004 26728.000000000004 15.251945778000897 5472.5000000000009 0.64703898334560705 39.806847150119133 0.44331159510015511 11723.000000000002 12281.500000000002 668.50000000000011 10665.500000000002 -0.80127469776509919 0.0036999955773353581 4330.0000000000009 0.561419958784526 24.9784420883914 14093.500000000002 11444.000000000002 14.236690577612732 0.32367373128455018 2651.0000000000005 31.619646453654671 39.867977906769262 0.23384999483823779 6004.0000000000009 606.52502441406261 18617.000000000004
decision_type=2 2 2 2 2 2 2 2 2 2 2 2 2 2 2 2 2 2 2 2 2 2 2 2 2 2 2 2 2 2
left_child=-1 2 3 8 5 6 -4 9 -2 10 14 12 13 18 15 -7 22 20 27 -13 21 -18 23 -16 -25 -10 -21 -12 -29 -30
right_child=1 -3 4 -5 -6 7 -8 -9 25 -11 11 19 -14 -15 16 -17 17 -19 -20 26 -22 -23 -24 24 -26 -27 -28 28 29 -31
leaf_value=-0.0067743033077584973 0.023609021218312997 -0.00694115845690079 0.019348961588351133 -0.0073399731361321191 -0.0070102185353031754 0.023974852406827285 -0.0067743033077584973 -0.0068221115877692227 -0.0074121768964480065 -0.0065984472866746045 0.020408615988943276 -0.0073312457523262509 -0.0082738246601921518 0.025103634729372749 0.0013309169611741736 -0.0065908553992228974 0.016590544048622525 -0.0067783641687548168 0.02002190852564156 0.021120413556479471 -0.0071574275923437444 -0.0070369293745624287 -0.0067373192673882473 0.026046525972295381 0.01904800584474876 0.021373403588505934 -0.0070835414100746067 -0.0068769756576379766 0.01965424535357806 -0.0072977935596858735
leaf_weight=299 364 246 187 118 167 444 445 256 101 595 242 63 105 513 596 123 974 531 116 89 227 482 142 200 399 714 153 134 237 84
leaf_count=299 364 246 187 118 167 444 445 256 101 595 242 63 105 513 596 123 974 531 116 89 227 482 142 200 399 714 153 134 237 84
internal_value=-0.000209603 0.000498785 0.00114865 0.00975806 -0.000344919 0.000138246 -0.00989011 0.00109016 0.0129181 0.00174078 0.00271207 0.00759908 0.0104074 0.0123591 0.000645161 0.00972902 -0.000816929 -0.00400631 0.0070599 -0.00553226 -0.00118187 0.00105407 0.00445976 0.00662083 0.013154 0.00781098 0.001417 0.0036396 -0.00251087 0.00611963
internal_weight=9346 9047 8801 1297 7504 7337 632 6705 1179 6449 5854 1736 1431 1326 4118 567 3551 2214 813 305 1683 1456 1337 1195 599 815 242 697 455 321
internal_count=9346 9047 8801 1297 7504 7337 632 6705 1179 6449 5854 1736 1431 1326 4118 567 3551 2214 813 305 1683 1456 1337 1195 599 815 242 697 455 321
is_linear=0
shrinkage=0.035


Tree=4
num_leaves=31
num_cat=0
split_feature=104 6 224 270 66 261 261 49 203 104 183 13 270 221 200 7 22 121 126 11 270 93 261 270 126 233 171 261 2 271
split_gain=113.035 108.675 92.4731 65.0897 135.644 66.9267 133.015 65.0701 57.3184 59.8635 59.7179 54.8962 52.2656 87.9304 62.695 48.7549 46.4697 51.7191 42.2882 40.8324 51.1123 50.8209 90.3391 53.3218 50.331 40.7039 39.7339 103.336 53.9422 39.2527
threshold=221.00000000000003 30.792619063504109 0.57515495876581368 37.399376803625394 0.11039999872446062 537.11001586914074 528.39001464843761 3546.5000000000005 0.52646217917189875 5472.5000000000009 0.24251656883541842 33.838621728217674 42.329168269442881 69.884446781424927 -0.031700003892183297 -17.046817647963305 0.20135000348091128 0.32930000126361852 557.00000000000011 17.061794081397185 117.74326709744372 11327.000000000002 576.20501708984386 90.566877379169014 5472.5000000000009 6045.0551757812509 0.18420000001788142 579.77502441406261 573.74002075195324 8.984618150013608
decision_type=2 2 2 2 2 2 2 2 2 2 2 2 2 2 2 2 2 2 2 2 2 2 2 2 2 2 2 2 2 2
left_child=-1 2 8 -4 15 6 7 -6 10 26 19 -9 -7 -14 -15 -5 25 18 -18 24 21 23 -23 -21 -2 -13 27 -10 -28 -8
right_child=1 -3 3 4 5 12 29 11 9 -11 -12 16 13 14 -16 -17 17 -19 -20 20 -22 22 -24 -25 -26 -27 28 -29 -30 -31
leaf_value=-0.0065372026919869484 0.020274638215171573 -0.0066982179109092623 0.022745780794275305 -0.0025132937724683161 0.02526594093803369 -0.0065754214351276853 -0.0073978984761074512 -0.0073317150224183961 0.025944420178421485 -0.0065411214228483974 0.021269528644205546 0.027266546397686966 0.021772603708635596 0.021177005924075471 -0.0068813936798299349 -0.007021947666331972 0.020069322309219647 0.022024157013910101 -0.0072903964361246626 0.0086426581011175719 -0.0066088218316110578 -0.0073297618059831524 0.01940358019837115 0.0242822499112713 -0.0065372026919869484 -0.0062313964500861031 0.022846674976175443 -0.0066931504513162736 -0.0066795441203467056 0.025818792260475992
leaf_weight=299 133 246 444 98 142 153 325 67 170 423 484 179 645 552 328 169 96 266 470 1210 460 206 133 296 428 107 92 212 449 64
leaf_count=299 133 246 444 98 142 153 325 67 170 423 484 179 645 552 328 169 96 266 470 1210 460 206 133 296 428 107 92 212 449 64
internal_value=-0.000306919 0.000398255 0.00104531 0.00487956 0.00333197 0.00523095 0.000366066 0.0056494 -0.00230802 -0.00839378 0.000146051 0.00291176 0.0101901 0.0121471 0.00490395 -0.0204596 0.00479964 0.000585424 -0.00539405 -0.00177987 0.000287879 0.00289459 -0.00925872 0.00565189 -0.0102032 0.0168385 -0.00335668 0.00524548 -0.00942308 -0.0175
internal_weight=9346 9047 8801 4105 3661 3394 1716 1327 4696 1346 3350 1185 1678 1525 880 267 1118 832 566 2866 2305 1845 339 1506 561 286 923 382 541 389
internal_count=9346 9047 8801 4105 3661 3394 1716 1327 4696 1346 3350 1185 1678 1525 880 267 1118 832 566 2866 2305 1845 339 1506 561 286 923 382 541 389
is_linear=0
shrinkage=0.035


Tree=5
num_leaves=31
num_cat=0
split_feature=104 6 224 93 126 27 274 148 2 115 104 148 183 133 213 4 104 171 233 11 93 63 246 190 27 148 121 49 49 93
split_gain=112.794 108.453 91.9806 61.5718 65.2996 51.9604 63.1751 62.4978 78.5392 68.7748 59.1539 51.0477 68.6493 53.933 50.3863 48.184 47.3354 50.0616 74.6504 44.2361 44.7891 53.7772 58.4941 41.3871 39.2612 38.7158 38.2559 60.1954 48.7595 37.6496
threshold=221.00000000000003 30.792619063504109 0.57515495876581368 8635.5000000000018 11444.000000000002 16662.500000000004 0.63491283895916906 1606.0000000000002 645.31002807617199 12314.000000000002 7171.0000000000009 2166.0000000000005 0.24251656883541842 91.38130333940471 11.54639892460691 30.337902994024688 5472.5000000000009 0.18335000053048137 6431.9499511718759 17.061794081397185 15019.000000000002 576.50000000000011 -0.79258960983043059 -0.0043999962508678428 22474.500000000004 4089.5000000000005 0.14509999752044681 8181.0000000000009 4457.5000000000009 11327.000000000002
decision_type=2 2 2 2 2 2 2 2 2 2 2 2 2 2 2 2 2 2 2 2 2 2 2 2 2 2 2 2 2 2
left_child=-1 2 11 26 5 6 7 9 10 15 -9 13 19 16 -11 -5 17 18 -2 25 21 -21 -23 -7 -14 -13 27 -4 -28 -19
right_child=1 -3 3 4 -6 23 -8 8 -10 14 -12 12 24 -15 -16 -17 -18 29 -20 20 -22 22 -24 -25 -26 -27 28 -29 -30 -31
leaf_value=-0.0063084005977674064 0.02534235484039821 -0.0064637802840274384 -0.0078275579416956006 0.023136279935914276 -0.0068310342389767235 0.024615608858017952 -0.0064709577966495999 -0.0076699005904908085 0.023712207023163536 0.019409085638216479 0.012295607024046452 0.022624427932901807 0.024220914338950988 0.020042734243487022 -0.0069311613663627942 -0.0089624709620564659 -0.0064079615818762219 -0.0067496880176076343 -0.0063629897961646805 -0.0062548486382572911 -0.0067407818064862011 0.027843526620807711 0.011638316546151696 -0.0089392125106527512 -0.0088685718618236858 -0.0063084005977674064 0.022835146418219723 0.022713171885193298 0.014726248055873357 0.021475843206110196
leaf_weight=299 134 246 66 363 103 274 386 272 174 174 209 87 427 149 177 64 459 415 220 472 192 168 1319 60 63 472 260 258 1265 119
leaf_count=299 134 246 66 363 103 274 386 272 174 174 209 87 427 149 177 64 459 415 220 472 192 168 1319 60 63 472 260 258 1265 119
internal_value=-0.000329377 0.000375055 0.00102146 0.0048455 0.000959752 0.00228684 -5.75658e-05 0.00333449 -0.00461364 0.0100128 -0.0118827 -0.00232291 0.000174727 -0.00764823 -0.00147472 0.0193634 -0.00986317 -0.00509518 0.00506964 -0.00201105 0.000275974 0.00187118 0.0051374 0.0148673 0.0121616 -0.0107358 0.0095712 0.0204255 0.00720588 -0.0118182
internal_weight=9346 9047 8801 4105 2256 2153 1819 1433 655 778 481 4696 3200 1496 351 427 1347 888 354 2710 2151 1959 1487 334 490 559 1849 324 1525 534
internal_count=9346 9047 8801 4105 2256 2153 1819 1433 655 778 481 4696 3200 1496 351 427 1347 888 354 2710 2151 1959 1487 334 490 559 1849 324 1525 534
is_linear=0
shrinkage=0.035


Tree=6
num_leaves=31
num_cat=0
split_feature=104 6 224 93 193 82 126 274 115 60 129 203 126 9 11 126 13 137 93 233 13 115 104 224 137 137 27 1 27 9
split_gain=112.311 108.01 95.1194 61.1285 100.826 70.4053 90.7326 65.9418 70.242 63.9254 78.2583 57.027 59.3021 56.6767 53.5244 61.4165 56.296 50.5065 49.4733 47.2867 45.4081 42.3095 41.898 38.7968 38.3252 79.9163 36.3287 35.8807 35.6795 57.9603
threshold=221.00000000000003 30.792619063504109 0.57515495876581368 8635.5000000000018 0.36332174972229087 2271.0000000000005 757.00000000000011 0.49907691712873287 12314.000000000002 6484.5000000000009 675.50000000000011 0.52646217917189875 378.00000000000006 34.651820484184817 15.251945778000897 4962.5000000000009 59.485352714034818 7846.0000000000009 11327.000000000002 6087.7148437500009 28.001055915296053 18049.500000000004 6726.5000000000009 0.99999999998879419 6506.0000000000009 4411.0000000000009 7802.5000000000009 827.50000000000011 8176.0000000000009 3.020401064346244
decision_type=2 2 2 2 2 2 2 2 2 2 2 2 2 2 2 2 2 2 2 2 2 2 2 2 2 2 2 2 2 2
left_child=-1 2 11 5 22 -4 -7 8 23 10 21 14 -13 -10 15 -2 -16 -14 19 -18 -15 -9 -5 -6 25 -8 -27 -24 -19 -30
right_child=1 -3 3 4 7 6 24 9 13 -11 -12 12 17 20 16 -17 18 28 -20 -21 -22 -23 27 -25 -26 26 -28 -29 29 -31
leaf_value=-0.0060876065768455476 0.021530329267324802 -0.0062375479740864777 0.022288914411657968 -0.0066993827265969487 0.024711175666260521 -0.0078430093564287335 0.018654166869074295 -0.0063821408821351259 0.023544820347906305 0.020735322267646433 0.024196451243880854 0.023151077146595103 -0.006306199568708426 -0.0073975852918436343 0.017284272494421698 -0.0061012052275394415 -0.0060878778853185279 -0.0066119267481113998 -0.0070525376033763959 0.018573195519341282 0.019549155416769676 -0.0064858129816295794 -0.0067974995620374212 0.0037788216938586367 0.01883026314707812 0.011057495491267277 -0.007371518337847249 0.026777461493357527 0.024329294876898173 -0.0058472004531827937
leaf_weight=299 141 246 549 214 421 75 603 453 143 102 74 120 407 136 1472 444 826 194 145 322 172 102 258 112 344 89 189 69 82 543
leaf_count=299 141 246 549 214 421 75 603 453 143 102 74 120 407 136 1472 444 826 194 145 322 172 102 258 112 344 89 189 69 82 543
internal_value=-0.000374292 0.000328657 0.000973768 0.00486253 0.000990712 0.0095712 0.00509579 0.00514826 0.0110415 -0.00280571 -0.00701104 -0.00242714 -0.00849741 0.000844298 2.08644e-05 -0.00955085 0.00205957 -0.0108042 -0.00326271 -0.000789245 -0.00760383 -0.0115625 -0.0121154 0.0195818 0.00742683 0.0035158 -0.0118728 -0.00411145 -0.00573422 -0.00161111
internal_weight=9346 9047 8801 4105 2256 1849 1300 1715 984 731 629 4696 1346 451 3350 585 2765 1226 1293 1148 308 555 541 533 1225 881 278 327 819 625
internal_count=9346 9047 8801 4105 2256 1849 1300 1715 984 731 629 4696 1346 451 3350 585 2765 1226 1293 1148 308 555 541 533 1225 881 278 327 819 625
is_linear=0
shrinkage=0.035


Tree=7
num_leaves=31
num_cat=0
split_feature=104 6 224 49 193 27 49 201 126 2 41 2 203 183 104 243 171 19 27 183 11 126 270 93 129 270 129 2 22 11
split_gain=107.347 107 91.641 61.2282 68.6603 80.9467 61.8817 112.488 72.3642 58.3202 96.6499 78.2686 57.0174 58.4609 56.5336 50.6761 42.2914 87.9681 44.3676 39.4951 39.4267 50.331 49.3403 50.6342 61.2396 51.4525 38.9892 41.1932 40.4629 39.3925
threshold=164.00000000000003 30.792619063504109 0.57515495876581368 3497.5000000000005 0.36332174972229087 7521.0000000000009 7278.0000000000009 0.16207499802112582 288.50000000000006 671.94500732421886 674.50000000000011 609.60998535156261 0.52646217917189875 0.24251656883541842 5472.5000000000009 7.4673064661996316 0.18420000001788142 645.50000000000011 5190.0000000000009 0.26071274833835684 17.061794081397185 5472.5000000000009 117.74326709744372 11327.000000000002 654.50000000000011 90.566877379169014 595.50000000000011 587.57501220703136 0.30484999716281896 51.32984476219729
decision_type=2 2 2 2 2 2 2 2 2 2 2 2 2 2 2 2 2 2 2 2 2 2 2 2 2 2 2 2 2 2
left_child=-1 2 12 -4 5 -5 7 -6 -8 11 -11 26 13 20 16 -13 17 -14 -18 -7 21 -2 23 25 -25 -22 27 28 -10 -28
right_child=1 -3 3 4 6 19 8 -9 9 10 -12 15 14 -15 -16 -17 18 -19 -20 -21 22 -23 -24 24 -26 -27 29 -29 -30 -31
leaf_value=-0.0058745403466559541 0.018986713082952886 -0.006019233794993451 0.020451867018882165 0.01973284792787898 -0.0066720536932155083 -0.0060832989263550335 -0.006364073118085227 0.015102397313844723 -0.0090823341527920178 -0.0067625394779388748 0.022068230510458822 0.021406600715034977 0.02330479680972625 0.019218649905831543 -0.005946861299212374 -0.007579934711080284 0.021669741172016831 -0.0059453995428651787 -0.0060382016851546474 -0.0065035217283910558 0.0075918545556334987 -0.0058740643938816678 -0.0059905017783871747 -0.0069799735286854465 0.0189752364737336 0.022918190434897533 0.02138653406462732 0.024492681799326798 0.0258097363416625 -0.0071339289814779678
leaf_weight=268 133 246 154 376 163 585 151 599 63 115 157 951 155 484 423 64 69 227 481 282 1210 428 460 236 103 296 75 114 66 212
leaf_count=268 133 246 154 376 163 585 151 599 63 115 157 951 155 484 423 64 69 227 481 282 1210 428 460 236 103 296 75 114 66 212
internal_value=-0.000426692 0.000223494 0.000863415 0.00466723 0.0038097 -0.0030008 0.00691042 -0.0015515 0.0101825 0.0121213 -0.00277978 0.0147452 -0.00247452 -2.08644e-05 -0.00851838 0.0204167 -0.00366062 0.00524548 -0.00983784 -0.00887041 -0.00192616 -0.0102032 0.000106061 0.00266757 -0.00946221 0.00542025 0.00379439 0.0139718 0.000261194 -0.00491438
internal_weight=9346 9078 8832 4127 3973 1243 2730 762 1968 1817 272 1545 4705 3350 1355 1015 932 382 550 867 2866 561 2305 1845 339 1506 530 243 129 287
internal_count=9346 9078 8832 4127 3973 1243 2730 762 1968 1817 272 1545 4705 3350 1355 1015 932 382 550 867 2866 561 2305 1845 339 1506 530 243 129 287
is_linear=0
shrinkage=0.035


Tree=8
num_leaves=31
num_cat=0
split_feature=6 193 224 203 270 88 261 261 49 183 270 220 88 4 200 13 22 19 283 233 11 148 270 93 270 261 271 270 148 38
split_gain=99.8713 99.4497 104.132 63.7613 61.3845 127.347 58.4066 115.958 64.0434 58.1571 57.5602 59.5543 62.4284 56.2945 52.9701 52.9664 50.8134 44.7559 40.8854 40.7039 38.9635 48.7887 48.7566 50.0289 52.0324 49.3753 38.9299 37.2633 36.9854 35.4856
threshold=30.792619063504109 0.96794071219247446 0.57515495876581368 0.52646217917189875 37.399376803625394 0.1090500019490719 537.11001586914074 528.39001464843761 3546.5000000000005 0.24251656883541842 42.329168269442881 66.805389869214181 0.12510000169277194 -2.3393187377137123 -0.031700003892183297 33.838621728217674 0.20135000348091128 592.75000000000011 1.0000000180025095e-35 6045.0551757812509 17.061794081397185 4089.5000000000005 117.74326709744372 13219.000000000002 90.566877379169014 576.20501708984386 7.8665839530681314 148.35248839038545 11744.500000000002 9971.5000000000018
decision_type=2 2 2 2 2 2 2 2 2 2 2 2 2 2 2 2 2 2 2 2 2 2 2 2 2 2 2 2 2 2
left_child=1 2 3 9 -4 -6 7 8 -7 20 -8 12 -12 -3 -13 -10 19 29 -5 -17 21 -1 23 24 -22 -25 -9 -24 -14 -18
right_child=-2 13 4 18 5 6 10 26 15 -11 11 14 28 -15 -16 16 17 -19 -20 -21 22 -23 27 25 -26 -27 -28 -29 -30 -31
leaf_value=0.024396445076305773 -0.0058085606121686794 0.011613793471395781 0.020787583599954668 -0.005648345936026704 -0.0061658056953883596 0.022580430568472754 -0.0059646106868578774 -0.0072310887109719611 -0.0069941548531075853 0.018545997159127438 -0.0056981324741096585 0.017895594877966596 0.020965040226796291 -0.0058304713467468112 -0.0067627977103155773 0.02452427593897245 -0.00078747061947246515 -0.0074424897584589537 0.021241452705569406 -0.0059928158730809819 0.0056608944871719266 -0.005668472140095809 -0.0060979301412357623 -0.0067191203934766691 0.022116053769676118 0.017701509257136917 0.018044279102601177 0.015224475729099577 -0.0053223041811566443 0.022516683138154421
leaf_weight=89 246 105 445 1299 159 140 172 279 67 485 131 393 719 289 219 179 539 167 62 107 1319 472 308 163 296 67 80 152 61 137
leaf_count=89 246 105 445 1299 159 140 172 279 67 485 131 393 719 289 219 179 539 167 62 107 1319 472 308 163 296 67 80 152 61 137
internal_value=-0.000531494 6.91928e-05 0.000851797 -0.00267119 0.00500625 0.00345667 0.00490722 0.000308824 0.00506339 -7.30036e-05 0.00949118 0.011659 0.017309 -0.0170175 0.00317666 0.00238968 0.0042284 -0.000123821 -0.00904466 0.0168385 -0.00197492 -0.0102032 4.54545e-05 0.00259189 0.00477469 -0.0125106 -0.0172115 -0.010086 0.0210446 0.00390602
internal_weight=9346 9100 8706 4712 3994 3549 3390 1695 1336 3351 1695 1523 911 394 612 1196 1129 843 1361 286 2866 561 2305 1845 1615 230 359 460 780 676
internal_count=9346 9100 8706 4712 3994 3549 3390 1695 1336 3351 1695 1523 911 394 612 1196 1129 843 1361 286 2866 561 2305 1845 1615 230 359 460 780 676
is_linear=0
shrinkage=0.035


Tree=9
num_leaves=31
num_cat=0
split_feature=6 193 224 270 88 203 183 261 261 49 270 9 88 13 270 4 137 22 213 30 19 233 49 27 122 246 233 271 11 126
split_gain=99.734 95.2321 102.242 62.0949 126.685 61.7271 58.5926 56.3298 115.958 64.0434 56.5734 58.5905 61.1542 52.9664 52.6511 51.2268 50.8619 50.8134 48.1031 46.8371 44.7559 44.1635 42.3701 46.2048 50.3532 41.5514 40.7039 38.9299 38.5031 50.331
threshold=30.792619063504109 0.96794071219247446 0.57515495876581368 37.399376803625394 0.1090500019490719 0.52646217917189875 0.24251656883541842 537.11001586914074 528.39001464843761 3546.5000000000005 42.329168269442881 66.834008152580211 0.12510000169277194 33.838621728217674 98.4263407988811 -2.3393187377137123 7846.0000000000009 0.20135000348091128 11.818581220978869 654.50000000000011 592.75000000000011 5761.1999511718759 17724.000000000004 8176.0000000000009 25.213890055462926 0.55189336919010679 6045.0551757812509 7.8665839530681314 17.061794081397185 5472.5000000000009
decision_type=2 2 2 2 2 2 2 2 2 2 2 2 2 2 2 2 2 2 2 2 2 2 2 2 2 2 2 2 2 2
left_child=1 2 5 -4 -5 6 28 8 9 -6 -9 12 -12 -11 19 -3 21 26 -14 -13 -19 -7 23 24 -18 -25 -15 -10 29 -1
right_child=-2 15 3 4 7 16 -8 10 27 13 11 14 18 17 -16 -17 22 20 -20 -21 -22 -23 -24 25 -26 -27 -28 -29 -30 -31
leaf_value=0.018354946435124954 -0.0056052609907427759 0.011207310699896928 0.020060018173956251 -0.0059500024960497666 0.021790115498576207 0.016072686242912328 0.017896887258557981 -0.0057558493128178519 -0.0069780006060879427 -0.0067493594332488204 -0.00549869783751582 0.014615140612756147 0.020286324499297521 0.023665926281108415 0.025994227552741982 -0.0056264048496106724 -0.0062907249327371012 0.012807982654283664 -0.0050466210380014339 -0.0073486977575039775 -0.0071820026169128904 -0.0057216903011785246 -0.0060823519267892649 0.022253182443573764 0.023380652876330517 -0.0053017006383669543 -0.0057830673175231478 0.017412729334010134 -1.1738431357351532e-05 -0.0054700756151924565
leaf_weight=133 246 105 445 159 140 100 485 172 279 67 131 266 685 179 122 289 133 676 95 224 167 386 176 299 69 198 107 80 2305 428
leaf_count=133 246 105 445 159 140 100 485 172 279 67 131 266 685 179 122 289 133 676 95 224 167 386 176 299 69 198 107 80 2305 428
internal_value=-0.000546466 5.38166e-05 0.000819653 0.00493623 0.00337788 -0.00267119 -0.00011472 0.00482474 0.000308824 0.00506339 0.00932647 0.0114758 0.0170797 0.00238968 0.00306321 -0.0166667 -0.00894217 0.0042284 0.0207771 -0.00212121 -0.000123821 -0.0179633 -0.00385795 4.97159e-05 -0.0138647 0.00578685 0.0168385 -0.0172115 -0.00202369 -0.0102032
internal_weight=9346 9100 8706 3994 3549 4712 3351 3390 1695 1336 1695 1523 911 1196 612 394 1361 1129 780 490 843 486 875 699 202 497 286 359 2866 561
internal_count=9346 9100 8706 3994 3549 4712 3351 3390 1695 1336 1695 1523 911 1196 612 394 1361 1129 780 490 843 486 875 699 202 497 286 359 2866 561
is_linear=0
shrinkage=0.035


Tree=10
num_leaves=31
num_cat=0
split_feature=6 193 224 203 183 49 193 49 33 93 11 213 193 9 115 137 4 163 272 233 49 11 148 270 137 261 270 119 93 270
split_gain=98.9808 92.2939 100.085 63.599 57.3212 57.3152 73.9856 81.3224 118.941 75.3326 68.2554 82.3789 73.1757 62.5684 58.6211 50.7308 50.3733 46.2273 44.1167 41.8357 41.4815 38.5031 48.7887 48.1762 50.787 37.2795 37.2633 36.7332 52.74 60.0037
threshold=30.792619063504109 0.96794071219247446 0.57515495876581368 0.52646217917189875 0.24251656883541842 3367.5000000000005 0.36332174972229087 8181.0000000000009 0.20624999701976779 8510.5000000000018 104.74069521877087 11.458870428188527 0.51086699399906188 36.95954282184892 5835.5000000000009 7846.0000000000009 -2.3393187377137123 0.43273953099343304 0.014900002628564836 5761.1999511718759 17724.000000000004 17.061794081397185 4089.5000000000005 117.74326709744372 462.50000000000006 597.39999389648449 148.35248839038545 9.5710181245634036 11327.000000000002 58.192585344565884
decision_type=2 2 2 2 2 2 2 2 2 2 2 2 2 2 2 2 2 2 2 2 2 2 2 2 2 2 2 2 2 2
left_child=1 2 3 4 21 -4 9 8 -8 -7 11 -9 -13 -14 -12 19 -3 -16 -10 -5 -17 22 -1 24 -23 -11 -25 -26 29 -29
right_child=-2 16 5 15 -6 6 7 10 18 25 14 12 13 -15 17 20 -18 -19 -20 -21 -22 23 -24 26 27 -27 -28 28 -30 -31
leaf_value=0.022923418559923414 -0.0054090768560667787 0.010815054825400537 0.018554030965515899 0.015510142224410398 0.017270496204508452 0.012156566676060236 -0.0062460560000670131 0.021873121190459251 -0.0074269457511120518 -0.0059324387612975935 0.024277183427804591 0.024862688966163428 0.019771721489104808 -0.0055083399174745045 0.02122837805663708 -0.00020493732137668672 -0.0054294806798742988 -0.0081373425083596275 0.015268211280953264 -0.0055214311406372764 -0.0058694696093516416 0.022913551561642185 -0.0052786229686607195 -0.0058840917411950022 0.019511827004512056 0.022292893359420453 0.014692029923678599 -0.0099370032857698902 -0.0064332301451081198 0.016536463519254904
leaf_weight=89 246 105 146 100 485 665 275 522 80 512 103 174 200 354 110 699 289 222 565 386 176 250 472 308 229 66 152 343 254 769
leaf_count=89 246 105 146 100 485 665 275 522 80 512 103 174 200 354 110 699 289 222 565 386 176 250 472 308 229 66 152 343 254 769
internal_value=-0.00062881 -3.07523e-05 0.000723224 -0.00273055 -0.000135578 0.0047962 0.00396055 0.00730843 -0.00105946 -0.00305689 0.0118669 0.016008 0.00830832 0.00200358 -7.95455e-05 -0.0090959 -0.0164912 -0.00727003 0.00716154 -0.0181059 -0.00401705 -0.00202369 -0.0102032 -1.51515e-05 0.00251622 -0.012247 -0.010086 0.000196875 -0.00199125 0.00131603
internal_weight=9346 9100 8706 4712 3351 3994 3848 2605 920 1243 1685 1250 728 554 435 1361 394 332 645 486 875 2866 561 2305 1845 578 460 1595 1366 1112
internal_count=9346 9100 8706 4712 3351 3994 3848 2605 920 1243 1685 1250 728 554 435 1361 394 332 645 486 875 2866 561 2305 1845 578 460 1595 1366 1112
is_linear=0
shrinkage=0.035


Tree=11
num_leaves=31
num_cat=0
split_feature=104 4 82 115 93 272 13 137 71 13 242 173 137 246 2 233 9 104 132 20 261 49 49 104 214 71 213 13 93 242
split_gain=109.279 83.1235 86.5432 99.2406 60.4716 49.711 47.546 46.8639 45.1058 63.2653 54.7187 61.6848 44.5628 60.0999 44.3719 53.5192 46.6369 53.7271 56.5905 44.2333 41.5141 40.8475 47.8323 40.7806 39.2696 35.4663 34.4746 32.452 58.9417 44.2299
threshold=221.00000000000003 49.337568224790651 2081.0000000000005 19389.000000000004 26728.000000000004 0.01520001143217087 33.838621728217674 462.50000000000006 6926.0000000000009 40.711577814400819 94.416338686993285 0.64703898334560705 6951.5000000000009 0.58651095431301215 671.94500732421886 6778.1750488281259 31.730950786177264 2948.5000000000005 0.28634999692440039 19.962821854152548 538.63998413085949 10104.500000000002 16141.500000000002 12722.000000000002 0.024500001221895221 13098.000000000002 10.910578296686365 26.6933888929881 9329.0000000000018 29.597722159553339
decision_type=2 2 2 2 2 2 2 2 2 2 2 2 2 2 2 2 2 2 2 2 2 2 2 2 2 2 2 2 2 2
left_child=-1 2 3 6 5 19 -2 26 9 -9 11 12 13 21 16 -16 17 -14 -19 -4 -18 25 -23 27 -8 -10 -7 28 -21 -29
right_child=1 -3 4 -5 -6 7 24 8 10 -11 -12 -13 14 -15 15 -17 20 18 -20 23 -22 22 -24 -25 -26 -27 -28 29 -30 -31
leaf_value=-0.0053172251689067619 0.018737240845573086 -0.0052197591661044419 0.019906565417325488 -0.0058269655340623359 -0.0058578611699298261 0.010419150624972352 -0.0055326585172244362 -0.0060554106120651813 0.015698014170235287 -0.0047364715989689403 0.024187097184699222 -0.0054242879493336697 -0.0060846081326189176 -0.0063660876928827541 -0.0059991322676311706 0.02055033897164785 0.0010399195140203422 0.018994555204937046 -0.0087232521966887945 -0.0068887428526466935 0.018870919046953805 -0.0050206122223987329 0.017463731389632711 -0.006138186931031353 0.01730089728158488 -0.0063468424557970634 0.024671456721826593 0.022710467896243331 -0.00026125029024021834 -0.004894587584609888
leaf_weight=299 334 249 133 118 164 175 165 278 823 991 100 184 128 139 99 113 169 476 64 223 557 747 147 233 677 61 163 104 239 994
leaf_count=299 334 249 133 118 164 175 165 278 823 991 100 184 128 139 99 113 169 476 64 223 557 747 147 233 677 61 163 104 239 994
internal_value=-0.000658753 3.47989e-05 0.000604339 0.00894534 -0.000838993 -0.000362151 0.0120322 0.00135634 0.000509742 -0.00519231 0.00241474 0.00170663 0.00274802 -0.000855879 0.00703911 -0.00774194 0.00930665 0.0026003 0.00744954 -0.00518384 0.0154172 0.000902973 -0.0043604 -0.00663793 0.00752066 0.00622047 0.0138776 -0.0045623 -0.0122912 -0.00126927
internal_weight=9346 9047 8798 1294 7504 7340 1176 5414 5076 1269 3807 3707 3523 1917 1606 212 1394 668 540 1926 726 1778 894 1793 842 884 338 1560 462 1098
internal_count=9346 9047 8798 1294 7504 7340 1176 5414 5076 1269 3807 3707 3523 1917 1606 212 1394 668 540 1926 726 1778 894 1793 842 884 338 1560 462 1098
is_linear=0
shrinkage=0.035


Tree=12
num_leaves=31
num_cat=0
split_feature=104 4 224 27 193 163 71 193 33 233 233 27 203 126 183 63 140 19 119 137 19 183 104 13 113 93 137 11 270 148
split_gain=108.566 82.5387 79.5257 60.2127 61.0788 75.914 72.3041 80.8434 70.012 69.3226 65.6592 59.536 55.2172 59.5661 57.0019 53.4767 106.756 52.5035 51.4637 48.2296 46.5878 41.8146 56.9644 41.3336 40.449 38.9852 40.1387 38.2417 63.0647 61.759
threshold=221.00000000000003 49.337568224790651 0.57515495876581368 5674.0000000000009 0.36332174972229087 -0.083872675930497201 7155.0000000000009 0.91042190291644609 0.22874999791383746 6742.3398437500009 6042.3100585937509 12838.000000000002 0.52646217917189875 378.00000000000006 0.24251656883541842 610.50000000000011 603.50000000000011 679.50000000000011 10.766485164129815 7846.0000000000009 680.50000000000011 0.48961573703858519 5472.5000000000009 30.799818550301705 -2.0642021126415453 13219.000000000002 8619.0000000000018 17.061794081397185 117.74326709744372 4089.5000000000005
decision_type=2 2 2 2 2 2 2 2 2 2 2 2 2 2 2 2 2 2 2 2 2 2 2 2 2 2 2 2 2 2
left_child=-1 2 12 -4 5 -5 8 9 -6 15 11 -10 14 -14 25 16 -8 18 -9 -15 -11 22 -21 -24 -18 27 -27 29 -29 -2
right_child=1 -3 3 4 6 -7 7 17 10 20 -12 -13 13 19 -16 -17 24 -19 -20 21 -22 -23 23 -25 -26 26 -28 28 -30 -31
leaf_value=-0.0051311222879950255 0.025376925222871306 -0.0050370675952907855 0.019010409613245932 0.015310815983073347 -0.0068403519319965994 -0.0055339030856071123 0.020470088002616245 -0.0067607155998853597 -0.0079933749318044662 -0.0056609554315380055 0.040247837582074682 0.016538260787092213 0.02023686811037341 -0.0053288155683935898 0.016116598341392417 0.018335112502218059 0.015810600632634054 0.019794999125375835 0.0081469346725898655 0.020004273477125849 0.019032883527415299 -0.0054937625242273405 0.021883908470678858 -0.0062993149420958331 -0.0093912591868659332 -0.0061347121468715952 0.012489173417134515 0.013610309248917389 -0.0053179775111265749 -0.004949757900684036
leaf_weight=299 78 249 575 322 196 826 258 169 128 101 77 91 120 407 484 834 77 82 191 226 75 411 70 112 100 211 75 1615 460 427
leaf_count=299 78 249 575 322 196 826 258 169 128 101 77 91 120 407 484 834 77 82 191 226 75 411 70 112 100 211 75 1615 460 427
internal_value=-0.000726126 -3.47989e-05 0.000532773 0.00409058 0.00236835 -0.00424978 0.00556418 0.008676 -0.00633803 0.0126724 0.0044186 -0.00546875 -0.00257605 -0.00854922 -0.000166915 0.015522 0.00548864 -0.00438479 -0.0101644 -0.0108611 -0.00773481 -0.00590413 0.0020339 -0.0123529 -0.0151923 -0.00204807 -0.0141924 -0.000676983 0.00143029 -0.00926471
internal_weight=9346 9047 8798 4102 3527 1148 2379 1887 492 1445 296 219 4696 1346 3350 1269 435 442 360 1226 176 819 408 182 177 2866 286 2580 2075 505
internal_count=9346 9047 8798 4102 3527 1148 2379 1887 492 1445 296 219 4696 1346 3350 1269 435 442 360 1226 176 819 408 182 177 2866 286 2580 2075 505
is_linear=0
shrinkage=0.035


Tree=13
num_leaves=31
num_cat=0
split_feature=183 270 6 224 27 193 233 261 2 148 183 49 115 49 140 93 23 11 270 270 148 60 49 49 27 121 121 211 133 193
split_gain=97.3901 111.811 84.8609 105.611 57.672 72.1984 88.9556 104.725 70.0288 57.1042 67.2937 57.1295 51.2815 46.9153 72.3626 46.3833 44.5332 44.1658 62.1192 52.3464 51.6502 42.4148 41.6776 38.3734 37.9692 37.9616 49.7031 52.1157 38.8289 37.8264
threshold=0.91104583216101476 41.656163698916373 30.792619063504109 0.57515495876581368 7521.0000000000009 0.36332174972229087 6744.6599121093759 537.64999389648449 596.92498779296886 2166.0000000000005 0.24251656883541842 10223.000000000002 3334.0000000000005 7130.5000000000009 631.50000000000011 15547.500000000002 2.3435859654356856 18.825036746781084 117.74326709744372 90.566877379169014 3957.5000000000005 2733.0000000000005 6452.5000000000009 13353.000000000002 22474.500000000004 0.12700000405311587 0.16220000386238101 0.23072930976043537 92.86154011687573 0.58144405816865385
decision_type=2 2 2 2 2 2 2 2 2 2 2 2 2 2 2 2 2 2 2 2 2 2 2 2 2 2 2 2 2 2
left_child=2 -2 3 9 13 12 7 8 -7 11 15 25 -6 14 22 17 -10 20 19 -19 -11 -3 -5 -14 -12 -1 27 -27 -28 -9
right_child=1 21 -4 4 5 6 -8 29 16 10 24 -13 23 -15 -16 -17 -18 18 -20 -21 -22 -23 -24 -25 -26 26 28 -29 -30 -31
leaf_value=-0.005712739208672539 0.021888557056331429 -0.0052261537850659219 -0.0048607702294556085 0.01776979236771788 0.013291939586082074 0.016469204253526399 -0.0055507784115956639 0.021458713360970216 0.008011085032839543 0.021651663101815512 0.020067290255055614 -0.0053133970123954233 -0.0069416663786704587 0.018404441559793819 -0.0072460286576825845 -0.0055352601950733856 -0.0073050556206097506 0.0087537654288523583 -0.0050691517164563379 0.020236700164166139 -0.0048071623606021421 0.012451242950265229 -0.0095859642630406923 -0.00073197632578832195 -0.010629584186920947 -0.0053798556980304314 -0.0051862578910931347 0.025808133188063381 0.015895419940604269 0.014007655728948038
leaf_weight=62 104 570 216 403 202 244 191 273 126 82 427 456 415 655 134 245 161 1235 426 264 458 62 87 281 63 60 652 99 139 554
leaf_count=62 104 570 216 403 202 244 191 273 126 82 427 456 415 655 134 245 161 1235 426 264 458 62 87 281 63 60 652 99 139 554
internal_value=-0.00086087 -0.0130364 0.000186883 0.000750089 0.00514071 0.00198409 0.00655405 0.00970653 -0.00241604 -0.00275626 -0.000131045 -0.00845893 -0.00589147 0.0111488 0.00422893 -0.00229466 -0.014024 -0.000836032 0.00165026 0.00500332 -0.00963303 -0.0185714 0.0104646 -0.0103852 0.0117374 -0.00378564 -0.00197906 0.0155793 -0.00558417 0.0174579
internal_weight=9346 736 8610 8394 3726 2447 1549 1358 531 4668 3200 1468 898 1279 624 2710 287 2465 1925 1499 540 632 490 696 490 1012 950 159 791 827
internal_count=9346 736 8610 8394 3726 2447 1549 1358 531 4668 3200 1468 898 1279 624 2710 287 2465 1925 1499 540 632 490 696 490 1012 950 159 791 827
is_linear=0
shrinkage=0.035


Tree=14
num_leaves=31
num_cat=0
split_feature=104 6 82 115 203 233 11 173 41 2 219 261 13 137 104 126 261 160 137 41 49 9 13 2 242 10 242 49 260 260
split_gain=106.757 102.91 85.2067 97.5062 55.006 50.0897 49.2723 55.8017 53.9749 81.5373 74.72 61.3283 60.2811 75.8988 103.759 52.8793 50.1507 48.9662 48.0369 51.2633 46.575 79.746 42.5928 41.7099 41.0883 54.7317 40.3272 61.863 36.0641 34.7037
threshold=221.00000000000003 30.792619063504109 2081.0000000000005 19389.000000000004 -0.93365150136780029 5669.9299316406259 15.251945778000897 0.64703898334560705 646.50000000000011 671.94500732421886 -37.711994061588499 618.03500366210949 14.708602137676396 3778.5000000000005 4330.0000000000009 4962.5000000000009 573.09500122070324 1.0000000180025095e-35 5437.5000000000009 636.50000000000011 8535.0000000000018 50.98518505489573 39.806847150119133 682.73999023437511 22.04783541884937 90.488809648337096 39.942721740977383 6948.0000000000009 0.27251954975226306 0.5386204704923202
decision_type=2 2 2 2 2 2 2 2 2 2 2 2 2 2 2 2 2 2 2 2 2 2 2 2 2 2 2 2 2 2
left_child=-1 2 3 22 5 -4 15 8 12 10 -10 -11 -8 17 18 -6 -16 -14 28 20 21 -20 -2 -13 -22 -26 27 -24 -15 -9
right_child=1 -3 4 -5 6 -7 7 29 9 11 -12 23 13 14 16 -17 -18 -19 19 -21 24 -23 26 -25 25 -27 -28 -29 -30 -31
leaf_value=-0.0048658411457168241 0.017159330974471077 -0.0048051962962390136 -0.0045138509327770342 -0.0053390952589655767 0.016333390347167562 0.021171626129856916 0.023109105786135474 0.0083117400497395091 0.0049968835502533287 -0.0069530681245620271 0.018227112980790106 0.021638878805270972 -0.0050110991636379883 0.013895702597363538 -0.0057011666355028913 -0.0046969497688955555 0.014845359830664458 0.012193762380664332 -0.0065000592496876185 -0.0074600464712031205 -0.0034583513532882902 0.018936800844280767 -0.0068508419423066527 -0.0055154794710059055 0.024518160149012549 -0.0049413089857413758 0.015959759270360974 0.010254884445480106 -0.0073918973519997511 -0.0055046615690312866
leaf_weight=299 364 246 131 118 135 245 131 95 601 210 604 159 156 70 1355 461 145 1619 163 109 116 141 70 127 324 98 685 60 111 198
leaf_count=299 364 246 131 118 135 245 131 95 601 210 604 159 156 70 1355 461 145 1619 163 109 116 141 70 127 324 98 685 60 111 198
internal_value=-0.0008983 -0.00021266 0.000417329 0.0086828 -0.00101611 0.0119423 -0.00170756 -0.000824537 -0.000117713 0.0051905 0.010095 -0.00670659 -0.00211094 -0.00281618 -0.00658324 -0.0112978 -0.0126047 0.00277247 0.00141601 0.00457636 0.00752066 -0.00339806 0.0117356 0.0038488 0.0136648 0.0186885 0.00721341 -0.0103704 -0.0148656 -0.0156208
internal_weight=9346 9047 8801 1297 7504 376 7128 6532 6239 1701 1205 496 4538 4407 2632 596 1500 1775 1132 951 842 304 1179 286 538 422 815 130 181 293
internal_count=9346 9047 8801 1297 7504 376 7128 6532 6239 1701 1205 496 4538 4407 2632 596 1500 1775 1132 951 842 304 1179 286 538 422 815 130 181 293
is_linear=0
shrinkage=0.035


Tree=15
num_leaves=31
num_cat=0
split_feature=104 6 82 115 27 203 233 11 126 93 274 140 2 219 261 274 121 137 49 33 233 2 13 242 49 11 25 126 203 92
split_gain=104.962 101.26 85.6498 96.4623 57.4141 53.0266 50.0897 43.4685 49.5751 44.9714 41.1204 52.4963 76.2419 79.3295 51.2906 48.5774 83.4364 85.5223 57.3599 48.7083 62.7967 44.1105 40.8668 39.9409 61.863 39.8129 39.3693 37.7712 73.8598 49.6382
threshold=221.00000000000003 30.792619063504109 2081.0000000000005 19389.000000000004 34357.500000000007 -0.93365150136780029 5669.9299316406259 15.251945778000897 4962.5000000000009 26728.000000000004 0.62506487389965126 646.50000000000011 671.94500732421886 -37.711994061588499 618.03500366210949 0.1840033505040862 0.32930000126361852 6914.5000000000009 8535.0000000000018 0.27655000984668737 6455.0649414062509 682.73999023437511 39.806847150119133 39.942721740977383 6948.0000000000009 194.05597094831401 -11.031490850011588 8220.5000000000018 -0.48072671688104257 5.311000108718873
decision_type=2 2 2 2 2 2 2 2 2 2 2 2 2 2 2 2 2 2 2 2 2 2 2 2 2 2 2 2 2 2
left_child=-1 2 3 22 5 6 -4 8 -7 10 11 15 13 -13 -14 19 17 -17 -19 20 27 -16 -2 24 -24 -21 -20 -9 -29 -30
right_child=1 -3 4 -5 -6 7 -8 9 -10 -11 -12 12 14 -15 21 16 -18 18 26 25 -22 -23 23 -25 -26 -27 -28 28 29 -31
leaf_value=-0.0046955367056167353 0.01655875439036459 -0.0046370144258706487 -0.004355866150129839 -0.0051522269249017812 -0.0054963985893958294 0.015761721685016696 0.020430619215311925 0.018258388462512362 -0.0045163701112813301 -0.0051172544121720221 -0.0050113501759569716 0.0061190798338011422 -0.0070869258652799779 0.018047753567324042 0.020584421958372106 -0.0068398860871461808 0.020235237425364306 -0.0066149457000239578 0.018169264561838361 -0.0054802986695806476 -0.0055468824004018093 -0.0053693960467935233 -0.0066110624743259188 0.015401167695898338 0.009895963489888299 0.018113926982041794 -0.0023399288358154067 0.017689197734711379 -0.0075581024879673546 0.0091801250554560728
leaf_weight=299 364 246 131 118 139 135 245 1051 444 149 337 601 197 538 169 465 139 212 221 1210 119 124 70 685 60 119 310 193 162 94
leaf_count=299 364 246 131 118 139 135 245 1051 444 149 337 601 197 538 169 465 139 212 221 1210 119 124 70 685 60 119 310 193 162 94
internal_value=-0.00107047 -0.000390521 0.000234499 0.00852151 -0.00120256 -0.000774084 0.0119423 -0.00146626 -0.0106079 -0.000632892 -0.000173157 0.000507674 0.00584761 0.0107998 -0.00565657 -0.00152209 -0.00701553 -0.00998351 -0.00257353 0.000995598 0.00506466 0.00364094 0.0115583 0.00712805 -0.0103704 -0.00396177 0.00359142 0.00702326 -0.00146476 -0.0136782
internal_weight=9346 9047 8801 1297 7504 7365 376 6989 579 6410 6261 5924 1629 1139 490 4295 1347 1208 743 2948 1619 293 1179 815 130 1329 531 1500 449 256
internal_count=9346 9047 8801 1297 7504 7365 376 6989 579 6410 6261 5924 1629 1139 490 4295 1347 1208 743 2948 1619 293 1179 815 130 1329 531 1500 449 256
is_linear=0
shrinkage=0.035


Tree=16
num_leaves=31
num_cat=0
split_feature=104 6 82 183 129 203 233 93 11 173 41 2 219 13 137 137 261 27 211 271 13 160 224 71 93 2 211 2 22 60
split_gain=102.509 101.118 83.7661 74.0108 90.9699 56.5977 50.0897 50.0273 52.1556 46.7626 50.0231 82.0305 71.9529 58.9866 65.8304 99.1753 58.5394 53.2806 51.2828 48.5491 57.0977 44.5211 43.9395 41.9034 41.0221 40.3799 38.906 38.0159 54.8051 35.4041
threshold=221.00000000000003 30.792619063504109 2081.0000000000005 0.91104583216101476 630.50000000000011 -0.93365150136780029 5669.9299316406259 26728.000000000004 15.251945778000897 0.64703898334560705 646.50000000000011 671.94500732421886 -37.711994061588499 14.708602137676396 3990.5000000000005 7371.0000000000009 618.03500366210949 20240.000000000004 0.26006026295504875 5.9960344036683244 32.052252249208173 1.0000000180025095e-35 0.046677874962876224 6475.0000000000009 10379.000000000002 682.73999023437511 0.5386204704923202 602.73498535156261 0.19505000114440921 4312.0000000000009
decision_type=2 2 2 2 2 2 2 2 2 2 2 2 2 2 2 2 2 2 2 2 2 2 2 2 2 2 2 2 2 2
left_child=-1 2 3 -2 23 6 -4 8 -7 10 13 12 29 -10 21 27 -13 -14 -17 20 -20 -15 -21 -5 -22 -18 -11 28 -16 -12
right_child=1 -3 5 4 -6 7 -8 -9 9 26 11 16 17 14 15 18 25 -19 19 22 24 -23 -24 -25 -26 -27 -28 -29 -30 -31
leaf_value=-0.0045311929209201499 0.014695381414812029 -0.0044747189209651756 -0.0042034108348752951 0.011096802523162438 0.020420879322349914 -0.00425336538466252 0.019715547542776012 -0.0048959407085318631 0.021661243487432796 0.011438482996198835 -0.0071891310364795456 -0.0064803692725694867 0.017995368542274331 -0.0046439002394753348 0.020458831289966662 -0.0057186245485545337 0.020161063278543466 -0.012757679025951683 -0.0075061446959682364 -0.0034755217510747376 0.017207875798682326 0.011608955428880546 0.019740280593104339 -0.0052829648417726874 -0.0047403904646503379 -0.0051345088278829257 -0.0052859452844484329 -0.0052801765588286692 -0.0065046152655138531 0.011149516273548843
leaf_weight=299 942 246 131 67 110 596 245 167 131 91 89 210 541 156 73 409 159 60 166 149 155 1701 365 178 120 127 165 486 505 507
leaf_count=299 942 246 131 67 110 596 245 167 131 91 89 210 541 156 73 409 159 60 166 149 155 1701 365 178 120 127 165 486 505 507
internal_value=-0.00107796 -0.000405988 0.000218601 0.00841398 -0.00515278 -0.00120256 0.0119423 -0.00190383 -0.001442 -0.000510989 0.000108767 0.00521496 0.0101622 -0.00185252 -0.00256993 -0.00635841 -0.00670659 0.0186551 -0.000102264 0.00433854 -0.00415919 0.00238722 0.0115992 -0.01694 0.005625 0.00360825 -0.0150192 -0.0143405 -0.00816467 0.00151414
internal_weight=9346 9047 8801 1297 355 7504 376 7128 6961 6365 6109 1693 1197 4416 4285 2428 496 601 1364 955 441 1857 514 245 275 286 256 1064 578 596
internal_count=9346 9047 8801 1297 355 7504 376 7128 6961 6365 6109 1693 1197 4416 4285 2428 496 601 1364 955 441 1857 514 245 275 286 256 1064 578 596
is_linear=0
shrinkage=0.035


Tree=17
num_leaves=31
num_cat=0
split_feature=6 193 224 148 49 193 49 33 27 261 233 261 27 49 126 193 11 270 224 115 246 274 243 272 126 270 144 52 41 214
split_gain=94.1862 92.0769 91.834 63.8218 61.2945 67.9859 76.3532 110.883 70.3541 63.7408 72.8636 61.3392 54.8963 53.5182 51.7989 50.791 53.3075 61.4151 49.7164 44.0757 43.9889 41.8178 41.691 40.5193 37.9093 37.7806 37.0629 36.8239 42.1604 35.5633
threshold=30.792619063504109 0.96794071219247446 0.57515495876581368 2166.0000000000005 3367.5000000000005 0.35330138035443598 8181.0000000000009 0.20624999701976779 7628.0000000000009 537.64999389648449 6742.3398437500009 619.09500122070324 24687.500000000004 10726.500000000002 5557.5000000000009 0.10568091971188774 17.061794081397185 117.74326709744372 0.91093605975126646 5310.5000000000009 0.38838722518529156 0.30151933966957062 7.4673064661996316 0.014900002628564836 378.00000000000006 148.35248839038545 55.292278842368212 562.75000000000011 669.50000000000011 0.072750002145767226
decision_type=2 2 2 2 2 2 2 2 2 2 2 2 2 2 2 2 2 2 2 2 2 2 2 2 2 2 2 2 2 2
left_child=1 2 3 14 -4 8 7 -7 -6 13 22 -12 15 -8 20 16 26 19 -3 27 29 -22 -11 -9 -23 -19 -5 -18 -29 -1
right_child=-2 18 4 12 5 6 9 23 -10 10 11 -13 -14 -15 -16 -17 17 25 -20 -21 21 24 -24 -25 -26 -27 -28 28 -30 -31
leaf_value=0.0059365489069531808 -0.0043181037587313939 0.0088836039272755449 0.015177427448514417 -0.0042235808579128876 0.014897042902324027 -0.005674961521376763 0.016633663067399617 -0.0069049913873235206 -0.0055061839798416718 0.016747538013466862 -0.0050560701122273231 0.020380257736932451 -0.0070119955811534978 -0.0057442116269955231 -0.0051027768632663376 0.01652453771380908 -0.0078288640614975081 -0.0049156447203601225 -0.0042753776484090143 -0.0054793940922329499 -0.0037856654451211462 0.0071729316724507752 -0.0068243277432039357 0.011788136649875795 -0.0053668342860020268 0.016817838672349462 0.013428030548293978 0.018769869760384434 -0.0094172757324645449 -0.010487093222846591
leaf_weight=516 246 105 146 352 395 275 256 80 827 861 127 111 206 262 227 775 158 287 289 394 293 84 82 572 324 129 120 598 181 68
leaf_count=516 246 105 146 352 395 275 256 80 827 861 127 111 206 262 227 775 158 287 289 394 293 84 82 572 324 129 120 598 181 68
internal_value=-0.0011603 -0.000576606 0.000176788 -0.00313123 0.00407852 0.00321568 0.0063854 -0.00168991 -0.00359413 0.0107835 0.0152572 -0.00201646 -0.000327613 0.000535373 -0.00904417 0.000886962 -0.0018098 0.00101884 -0.0170175 0.00468937 -0.00626744 -0.0121459 0.0196044 0.0061796 -0.019322 -0.0106413 -0.0121803 0.00880573 0.0119196 0.000831919
internal_weight=9346 9100 8706 4712 3994 3848 2626 927 1222 1699 1181 238 3200 518 1512 2994 2219 1747 394 1331 1285 701 943 652 408 416 472 937 779 584
internal_count=9346 9100 8706 4712 3994 3848 2626 927 1222 1699 1181 238 3200 518 1512 2994 2219 1747 394 1331 1285 701 943 652 408 416 472 937 779 584
is_linear=0
shrinkage=0.035


Tree=18
num_leaves=31
num_cat=0
split_feature=104 6 82 115 27 173 38 4 246 193 163 193 274 13 274 71 13 242 49 137 92 49 216 126 115 211 221 13 49 219
split_gain=101.131 99.8367 81.2141 94.0479 56.7792 54.9554 45.7581 48.9545 58.9605 55.9162 71.2812 61.3027 56.3286 50.0471 42.5142 39.7709 38.0086 41.1789 58.9867 37.0023 36.6884 40.6259 56.2001 36.3894 35.5361 34.7037 34.3335 41.9248 34.1275 32.6028
threshold=221.00000000000003 30.792619063504109 2081.0000000000005 19389.000000000004 34357.500000000007 0.64703898334560705 17540.500000000004 -7.0398395061157233 0.55189336919010679 0.33648634740926853 -0.083872675930497201 0.53492958153057868 0.31372770120125776 14.783167229111317 0.014977689103875131 7155.0000000000009 39.806847150119133 39.942721740977383 6948.0000000000009 3482.5000000000005 6.2329001426696786 13850.500000000002 44.988084764637648 1532.5000000000002 11725.500000000002 0.5386204704923202 63.146947325820285 64.830663828450398 12082.500000000002 -17.538758203138915
decision_type=2 2 2 2 2 2 2 2 2 2 2 2 2 2 2 2 2 2 2 2 2 2 2 2 2 2 2 2 2 2
left_child=-1 2 3 16 5 6 7 8 13 10 29 -11 14 -4 -13 -16 24 18 -18 -12 21 22 -8 26 -2 -7 -14 -28 -21 -9
right_child=1 -3 4 -5 -6 25 20 9 -10 11 19 12 23 -15 15 -17 17 -19 -20 28 -22 -23 -24 -25 -26 -27 27 -29 -30 -31
leaf_value=-0.0042229629509936296 0.016550481273044593 -0.0041669701271757941 -0.0048685223185401518 -0.0046056659377956988 -0.0050229931931110357 0.0078223224937035655 -0.0065856721031883978 0.017692575129056934 -0.0049991586199850668 0.016661041314913864 0.00094166236602491189 -0.0044396647997572277 -0.0054767016027304962 -0.0033828208496898063 -0.0052463383438107053 0.01813491629599415 -0.0063616988051671168 0.014133742456936693 0.0084491025877524491 -0.0065546857126814037 -0.0083584165321547409 0.017234658526272373 0.018465577208667747 -0.0051505042475569135 0.0065296094830794007 -0.0048985357535720631 0.017884581910599513 -0.0088159142059393864 -0.0048879221869238985 -0.0066451644482832554
leaf_weight=299 243 246 79 118 139 95 90 196 378 363 268 111 98 3703 102 339 70 685 60 216 60 188 174 269 121 198 140 62 171 65
leaf_count=299 243 246 79 118 139 95 90 196 378 363 268 111 98 3703 102 339 70 685 60 216 60 188 174 269 121 198 140 62 171 65
internal_value=-0.0012127 -0.000545183 7.55167e-05 0.00814516 -0.00132374 -0.000897558 -0.000276954 -0.00106626 -0.00336134 0.0029106 -0.00387622 0.00709872 0.0030151 -0.00203327 0.0109336 0.0157735 0.0111444 0.00687195 -0.0108889 -0.0100227 0.00974855 0.0131729 0.00416357 -0.00469512 0.0204878 -0.0156208 0.00367213 0.0118357 -0.016875 0.0114474
internal_weight=9346 9047 8801 1297 7504 7365 7072 6560 4160 2400 916 1484 1121 3782 552 441 1179 815 130 655 512 452 264 569 364 293 300 202 387 261
internal_count=9346 9047 8801 1297 7504 7365 7072 6560 4160 2400 916 1484 1121 3782 552 441 1179 815 130 655 512 452 264 569 364 293 300 202 387 261
is_linear=0
shrinkage=0.035


Tree=19
num_leaves=31
num_cat=0
split_feature=183 270 82 6 93 203 233 11 60 148 274 85 41 137 137 49 183 246 193 129 38 261 100 163 261 8 219 93 272 91
split_gain=99.6906 97.842 91.5045 121.228 53.9438 49.381 51.1814 49.6348 42.7557 42.6638 41.2501 39.0522 55.6548 51.6222 96.1644 54.4214 63.2034 51.4582 77.0802 92.8696 53.964 49.1355 46.8989 48.1204 42.8621 39.9298 41.849 49.5544 40.8219 41.2709
threshold=0.91104583216101476 41.656163698916373 2081.0000000000005 28.110531706846007 26728.000000000004 -0.93365150136780029 5669.9299316406259 15.251945778000897 2733.0000000000005 4089.5000000000005 0.84321063362135207 682.50000000000011 646.50000000000011 3990.5000000000005 6951.5000000000009 8535.0000000000018 0.14860491338649726 -0.2527814231290163 0.55955420079379348 650.50000000000011 8307.0000000000018 528.72497558593761 10.219628234101581 0.13437741943451414 504.14498901367193 -137.55362893849812 -6.9185257643780913 3699.5000000000005 0.029149994254112247 -3.3299116326062674
decision_type=2 2 2 2 2 2 2 2 2 2 2 2 2 2 2 2 2 2 2 2 2 2 2 2 2 2 2 2 2 2
left_child=2 -2 3 -1 5 6 -4 9 -3 -7 11 12 13 25 22 21 -17 -14 20 -20 -19 24 -15 -24 -16 -9 27 -27 29 -29
right_child=1 8 4 -5 -6 7 -8 10 -10 -11 -12 -13 17 14 15 16 -18 18 19 -21 -22 -23 23 -25 -26 26 -28 28 -30 -31
leaf_value=0.013523961073946666 0.019835265274304188 -0.0042045277363624541 -0.0037685312356700884 -0.0044551629735404786 -0.0044681333538817486 0.014168167027183881 0.01915504099724229 -0.0045042783156416435 0.010853664823370598 -0.0040290711296732873 -0.0044891233157485534 -0.0053217756258393126 -0.0072595844309533038 -0.0060976392560726303 -0.005318925477187493 -0.0061227532732790633 0.012092348005985078 0.0045012762532578325 0.011918322640521178 -0.0043380360150246898 0.017487707508374979 -0.0066074073686520308 -0.0034982907342622775 -0.005858937699137169 0.017828584404806256 0.017440781506742078 -0.0085998100564485622 0.019876289012534135 -0.0077073622201214997 -0.00014191320363050958
leaf_weight=925 104 570 134 115 172 161 245 528 62 435 65 162 335 140 73 156 1050 253 107 391 558 222 505 424 79 318 71 335 187 464
leaf_count=925 104 570 134 115 172 161 245 528 62 435 65 162 335 140 73 156 1050 253 107 391 558 222 505 424 79 318 71 335 187 464
internal_value=-0.00119025 -0.0135088 -0.000130006 0.00957895 -0.00146931 -0.00101175 0.0112109 -0.00167924 -0.0186813 -0.0112978 -0.000778625 -0.000484048 -3.38655e-05 -0.00202765 -0.00518274 0.000309148 0.00393064 0.00547605 0.0086035 -0.00222664 0.0152267 -0.0112665 -0.0132635 -0.0103051 0.00401274 0.00236635 0.00550362 0.00695187 0.00303734 0.00648632
internal_weight=9346 736 8610 1040 7570 7398 379 7019 632 596 6423 6358 6196 4552 2649 1580 1206 1644 1309 498 811 374 1069 929 152 1903 1375 1304 986 799
internal_count=9346 736 8610 1040 7570 7398 379 7019 632 596 6423 6358 6196 4552 2649 1580 1206 1644 1309 498 811 374 1069 929 152 1903 1375 1304 986 799
is_linear=0
shrinkage=0.035


Tree=20
num_leaves=31
num_cat=0
split_feature=183 270 82 6 27 173 137 137 140 104 13 38 2 33 7 82 193 60 233 93 6 274 82 69 272 114 30 261 246 137
split_gain=100.373 94.3478 89.9046 120.263 54.1775 53.3315 50.2119 55.9476 95.0465 61.0264 65.9386 49.4819 49.3481 61.4969 58.6401 48.5743 43.611 42.7557 41.4502 41.086 54.0628 40.3831 38.2773 48.9594 38.2121 36.9502 36.4176 44.9267 37.0723 35.9694
threshold=0.91104583216101476 41.656163698916373 2081.0000000000005 28.110531706846007 34357.500000000007 0.64703898334560705 10459.500000000002 3990.5000000000005 646.50000000000011 3945.0000000000005 32.052252249208173 14076.000000000002 671.94500732421886 0.29755000770092016 -46.660256258498215 2646.0000000000005 0.56440660946226806 2733.0000000000005 6653.3098144531259 15019.000000000002 18.879537567905967 -0.2533876284848196 11807.500000000002 -4.960804048419539 -0.014150008559226988 4.5126500129699716 617.50000000000011 528.72497558593761 0.42450903168029858 6310.0000000000009
decision_type=2 2 2 2 2 2 2 2 2 2 2 2 2 2 2 2 2 2 2 2 2 2 2 2 2 2 2 2 2 2
left_child=2 -2 3 -1 5 6 7 11 9 10 -9 18 13 14 -8 -10 -14 -3 24 20 -17 -11 -23 -24 -4 -12 27 -16 -29 -27
right_child=1 17 4 -5 -6 -7 12 8 15 21 25 -13 16 -15 26 19 -18 -19 -20 -21 -22 22 23 -25 -26 29 -28 28 -30 -31
leaf_value=0.013050622436358534 0.019141030989703538 -0.0040573692655897671 -0.0037520552829792154 -0.0042992322694665637 -0.0048309961047751163 -0.0047192936171111055 -0.0049556508856663265 -0.0055590744491583657 -0.0069340429828078764 0.017053439166872686 0.018500884307594421 0.016882612875151113 0.020017269469085476 -0.0069183671444759858 0.019035592273438526 0.014178936053342875 -0.0050616180794478185 0.010473786554552627 -0.004685306414040938 -0.0044857144719711774 -0.0043335707462710789 -0.0053045058354216582 -0.0050320737318361244 0.015550538868349265 0.0082854457883343845 -0.0062914162738422529 0.018123914812355656 0.017997158607237163 -0.0042829058359429902 0.011160712386183033
leaf_weight=925 104 570 66 115 137 285 137 109 62 90 282 310 86 113 69 518 142 62 416 144 70 958 143 101 2252 109 557 107 187 120
leaf_count=925 104 570 66 115 137 285 137 109 62 90 282 310 86 113 69 518 142 62 416 144 70 958 143 101 2252 109 557 107 187 120
internal_value=-0.00124265 -0.0136032 -0.000178758 0.00944498 -0.00150627 -0.0010964 -0.000499091 -0.00194613 -0.0056031 -0.00982264 -0.000784 0.00130863 0.00543835 0.00834043 0.0109746 0.00455569 -0.0093133 -0.0186813 -0.000204454 0.00712347 0.0112142 -0.0141403 -0.0158326 -0.00337349 0.00162721 0.00454457 0.0141514 0.0054212 -0.000702341 -0.00583333
internal_weight=9346 736 8610 1040 7570 7433 7148 5750 2706 1912 620 3044 1398 1170 1057 794 228 632 2734 732 588 1292 1202 244 2318 511 920 363 294 229
internal_count=9346 736 8610 1040 7570 7433 7148 5750 2706 1912 620 3044 1398 1170 1057 794 228 632 2734 732 588 1292 1202 244 2318 511 920 363 294 229
is_linear=0
shrinkage=0.035


Tree=21
num_leaves=31
num_cat=0
split_feature=183 270 82 6 27 173 60 203 71 13 71 193 193 224 2 8 2 261 93 8 126 126 203 41 71 274 193 49 270 270
split_gain=97.3557 94.3478 81.3932 115.491 53.477 52.3124 42.7557 42.3653 46.7205 81.6336 65.5076 62.0906 90.7518 83.6398 76.303 65.2878 57.396 51.7792 94.7876 55.305 49.2811 51.6596 47.0237 45.1447 42.6471 42.3649 42.1872 42.1378 39.6931 57.2708
threshold=0.91104583216101476 41.656163698916373 2081.0000000000005 28.110531706846007 34357.500000000007 0.64703898334560705 2733.0000000000005 -0.93365150136780029 6926.0000000000009 40.711577814400819 7184.5000000000009 0.33415068069605297 0.52917264466755864 0.48145078239228783 671.70001220703136 -27.024873808206795 607.02502441406261 570.13500976562511 11327.000000000002 -41.872856265335678 12507.000000000002 15112.000000000002 -0.46812185685561247 570.50000000000011 6437.0000000000009 0.32428699211921114 0.41376585511104097 12082.500000000002 115.51725928706041 129.52264535446056
decision_type=2 2 2 2 2 2 2 2 2 2 2 2 2 2 2 2 2 2 2 2 2 2 2 2 2 2 2 2 2 2
left_child=2 -2 3 -1 5 7 -3 23 9 -9 -10 15 16 -14 25 17 26 18 19 22 -19 -22 -12 -4 28 -15 -13 -17 -11 -30
right_child=1 6 4 -5 -6 -7 -8 8 10 24 11 12 13 14 -16 27 -18 20 -20 -21 21 -23 -24 -25 -26 -27 -28 -29 29 -31
leaf_value=0.012593850651085986 0.018471094905063913 -0.0039153613412941258 -0.0036548644320496984 -0.0041487591400352327 -0.0046619112411079872 -0.0045541183405122167 0.010107204025143285 -0.0052705367873594217 0.020962392922124068 0.0095264048294571736 0.017629197049915984 -0.0084813574249274094 -0.0043456775554869135 0.014611032555804107 -0.0042946282679427851 -0.0060652184237214414 0.016785792579145687 0.013913819985415471 -0.0056331194633698119 -0.0064849542852036535 -0.0061302633802275772 0.012800055756384201 -0.002598230581027683 0.017784784224562006 -0.0082233301286707815 0.0036397160336450627 0.014663199377950008 -0.0024978952473050271 -0.0050625873864784381 0.01297103120956372
leaf_weight=925 104 570 139 115 137 285 62 364 187 1082 264 60 546 398 148 158 450 540 371 216 101 92 768 240 115 352 81 84 210 182
leaf_count=925 104 570 139 115 137 285 62 364 187 1082 264 60 546 398 148 158 450 540 371 216 101 92 768 240 115 352 81 84 210 182
internal_value=-0.00142979 -0.0136032 -0.000381892 0.00877512 -0.00164488 -0.00123756 -0.0186813 -0.000645883 -0.00128654 -0.00584525 0.000566273 -0.00026435 0.00430637 -0.000434783 0.00612403 -0.00385148 0.015797 -0.00204922 -0.00553879 -0.000893855 0.00564363 -0.00936869 0.00249759 0.0106641 -0.00239335 0.0106623 -0.00359589 -0.0209717 -0.000757268 -0.0102267
internal_weight=9346 736 8610 1040 7570 7433 632 7148 6769 1953 4816 4629 2035 1444 898 2594 591 2352 1619 1248 733 193 1032 379 1589 750 141 242 1474 392
internal_count=9346 736 8610 1040 7570 7433 632 7148 6769 1953 4816 4629 2035 1444 898 2594 591 2352 1619 1248 733 193 1032 379 1589 750 141 242 1474 392
is_linear=0
shrinkage=0.035


Tree=22
num_leaves=31
num_cat=0
split_feature=183 270 82 4 173 11 126 13 41 52 137 183 261 46 137 13 160 2 60 270 270 71 60 242 173 115 121 41 71 13
split_gain=96.9967 94.3478 79.4562 110.41 49.325 44.1268 58.239 43.5412 49.0848 97.6008 89.6241 80.1634 64.4313 60.2389 56.1463 46.9725 45.7726 44.3429 42.7557 40.5902 38.9437 55.2527 49.8179 48.2552 41.0939 37.5594 37.0343 35.9644 34.9845 34.7053
threshold=0.91104583216101476 41.656163698916373 2081.0000000000005 38.916660903669928 0.64703898334560705 15.251945778000897 5472.5000000000009 14.708602137676396 646.50000000000011 670.50000000000011 3778.5000000000005 0.14860491338649726 618.03500366210949 0.051727971540870145 10845.000000000002 86.904932483900851 1.0000000180025095e-35 682.73999023437511 2733.0000000000005 33.634582811472264 48.234633257064083 11114.500000000002 11441.500000000002 60.043478701992299 0.3441560212836563 1417.5000000000002 0.5105000138282777 600.50000000000011 13725.500000000002 32.648203963719119
decision_type=2 2 2 2 2 2 2 2 2 2 2 2 2 2 2 2 2 2 2 2 2 2 2 2 2 2 2 2 2 2
left_child=2 -2 3 -1 5 6 -4 -7 10 13 16 15 -11 20 29 -12 26 -14 -3 -16 21 -10 -23 -22 -25 -18 -9 -6 -21 -13
right_child=1 18 4 -5 27 7 -8 8 9 12 11 14 17 -15 19 -17 25 -19 -20 28 23 22 -24 24 -26 -27 -28 -29 -30 -31
leaf_value=0.012269498053834331 0.017824606583386676 -0.0037783236943488316 0.012961534323850785 -0.0040035525701340004 0.014042109727585477 0.019196549537786496 -0.0039197446893796898 -0.0042398924640839565 -0.0091135615845073098 -0.0053266915959673464 -0.0054879358610312422 -0.0050308837139906833 0.016707789761360923 0.017868067667201646 -0.0042738151920410777 0.017496088133715417 0.015299537715455587 -0.0043637012196794814 0.0097534518842632718 0.019564133485443121 0.013415146015123069 0.013081363907788414 -0.0095974251487722217 0.013343667109727585 -0.0060255355812893806 0.0050430557144854901 0.023869175100073962 -0.004880691917969136 -0.0003503122640282014 -0.003252067038110905
leaf_weight=900 104 570 187 140 62 134 445 158 126 213 675 345 170 229 127 77 473 118 62 263 340 110 134 319 75 1342 90 223 209 926
leaf_count=900 104 570 187 140 62 134 445 158 126 213 675 345 170 229 127 77 473 118 62 263 340 110 134 319 75 1342 90 223 209 926
internal_value=-0.00145225 -0.0136032 -0.000406268 0.00864115 -0.00165413 -0.00108985 -0.00989011 -0.000247071 -0.000659871 0.00418706 -0.0025597 -0.00684812 -0.00892292 0.0091293 -0.00294933 -0.0164597 0.0028941 0.00191126 -0.0186813 0.00585265 0.00568079 -0.00354667 0.00618474 0.0103248 0.00192982 0.00482692 -0.0110672 -0.0158103 0.010566 -0.00710423
internal_weight=9346 736 8610 1040 7570 7285 632 6653 6519 1834 4685 2622 501 1333 1870 752 2063 288 632 599 1104 370 244 734 394 1815 248 285 472 1271
internal_count=9346 736 8610 1040 7570 7285 632 6653 6519 1834 4685 2622 501 1333 1870 752 2063 288 632 599 1104 370 244 734 394 1815 248 285 472 1271
is_linear=0
shrinkage=0.035


Tree=23
num_leaves=31
num_cat=0
split_feature=183 270 6 82 27 173 38 4 148 133 183 173 233 140 148 27 274 274 11 148 8 19 246 60 93 160 104 260 92 49
split_gain=100.233 88.1068 79.7255 125.095 54.4738 53.5585 44.692 47.044 76.3662 62.0791 61.6067 46.6492 44.0932 85.3794 67.2541 69.2847 55.1999 49.4266 42.2475 41.0924 40.9868 40.8405 65.6391 39.7189 36.9502 36.3812 39.481 36.2869 35.9098 40.26
threshold=0.91104583216101476 41.656163698916373 30.792619063504109 2081.0000000000005 34357.500000000007 0.64703898334560705 17540.500000000004 -6.4942135398037664 2166.0000000000005 94.059143333535118 0.24251656883541842 0.59439766377983794 6742.3398437500009 646.50000000000011 1417.5000000000002 6182.0000000000009 0.14243084287879951 0.32013490858016375 17.061794081397185 4089.5000000000005 -27.024873808206795 575.50000000000011 -0.79258960983043059 2733.0000000000005 13219.000000000002 0.048400007188320167 9458.0000000000018 0.5386204704923202 6.2329001426696786 13850.500000000002
decision_type=2 2 2 2 2 2 2 2 2 2 2 2 2 2 2 2 2 2 2 2 2 2 2 2 2 2 2 2 2 2
left_child=2 -2 3 -1 5 6 7 8 9 -5 18 12 13 14 17 -16 -17 -9 19 -10 -14 -20 -23 -3 25 26 -24 -7 29 -8
right_child=1 23 -4 4 -6 27 28 11 10 -11 -12 -13 20 -15 15 16 -18 -19 21 -21 -22 22 24 -25 -26 -27 -28 -29 -30 -31
leaf_value=0.011501823345734134 0.017200745352968141 -0.0036460823650466228 -0.0039297052729446672 -0.0042179581705730981 -0.0043226634176795342 0.0075866996039450664 0.010248983901289109 0.016287729032655723 0.01634256261445851 0.015401964392210924 0.016846282054236907 0.021491026280380448 0.012967517191401033 0.014116836187142455 0.015536232295436631 -0.0031597425916766388 -0.0057253694796897819 -0.00065608469160438946 -0.0042948596648610133 -0.0038643555048057795 -0.0047611482484521466 0.021665234481439394 -0.0039100999703612534 0.0094120810683140568 -0.0056064461535764477 -0.011042964366839672 0.014740684724965054 -0.0044224018503061903 -0.008854549113857281 0.015069993926389476
leaf_weight=947 104 570 216 1218 137 95 264 314 87 105 400 74 60 389 154 517 371 289 389 424 135 196 741 62 145 141 367 187 60 188
leaf_count=947 104 570 216 1218 137 95 264 314 87 105 400 74 60 389 154 517 371 289 389 424 135 196 741 62 145 141 367 187 60 188
internal_value=-0.0015346 -0.0138866 -0.000471271 7.50089e-05 -0.00145129 -0.00103349 -0.000427982 -0.001213 -0.00341038 -0.0103577 -0.000217617 0.00280546 0.00186437 0.00339872 -0.000106061 -0.00548233 -0.00924972 0.00915296 -0.00227255 -0.0111919 -0.013825 5.29234e-05 0.00254545 -0.0187912 -0.000150107 0.00181419 0.00396226 -0.0158537 0.00947776 0.0128665
internal_weight=9346 736 8610 8394 7447 7310 7028 6516 4213 1323 2890 2303 2229 2034 1645 1042 888 603 2490 511 195 1979 1590 632 1394 1249 1108 282 512 452
internal_count=9346 736 8610 8394 7447 7310 7028 6516 4213 1323 2890 2303 2229 2034 1645 1042 888 603 2490 511 195 1979 1590 632 1394 1249 1108 282 512 452
is_linear=0
shrinkage=0.035


Tree=24
num_leaves=31
num_cat=0
split_feature=104 272 7 82 163 143 223 148 137 71 13 13 274 126 122 13 13 63 27 193 173 143 82 71 71 27 8 213 8 13
split_gain=97.802 59.0119 56.0704 47.624 56.3595 62.8838 63.5559 49.3436 42.906 41.6195 63.5322 50.8999 44.6181 49.3765 38.8793 37.5042 65.8424 36.2399 67.7963 61.8316 48.2934 46.1965 43.8032 57.7714 55.6116 42.5466 41.8423 35.7491 33.4222 30.0222
threshold=221.00000000000003 0.015099998563528063 18.992282749548753 2271.0000000000005 0.92866718184273633 0.12424999848008157 37.586662868570308 293.00000000000006 462.50000000000006 6926.0000000000009 40.711577814400819 99.242202000845495 0.62506487389965126 12507.000000000002 12.432755158311135 26.6933888929881 30.799818550301705 611.50000000000011 7158.5000000000009 -0.25639256866496413 0.21245074139392647 0.32634998857975012 5107.5000000000009 20144.000000000004 8632.5000000000018 8297.5000000000018 -27.024873808206795 10.910578296686365 -38.178182473251859 82.699417588671963
decision_type=2 2 2 2 2 2 2 2 2 2 2 2 2 2 2 2 2 2 2 2 2 2 2 2 2 2 2 2 2 2
left_child=-1 14 3 4 5 28 -7 -5 27 10 -10 12 13 17 -2 -16 -17 18 20 -20 -11 26 25 24 -24 -19 -21 -9 -3 -18
right_child=1 2 -4 7 -6 6 -8 8 9 11 -12 -13 -14 -15 15 16 29 22 19 21 -22 -23 23 -25 -26 -27 -28 -29 -30 -31
leaf_value=-0.0033891009936163887 0.011285219792442321 -0.0042156584824428857 -0.0041405821992097748 -0.0046942928277301805 -0.0038024309185482551 0.01340426642009772 -0.0035057931793867 0.0060771632759250979 -0.0050415878213668592 0.023358373213982434 -0.0037122442195314676 0.019405357711175953 -0.0037560753607576874 -0.0049259020544796996 -0.0045144422063396325 0.017062632702070167 -0.0039003031737651858 -0.0060976524129796828 0.017167618594374014 -0.0045395483167133413 -0.0032402457071262665 0.034519634179550562 0.014561204686068512 0.022598618003094886 -0.0024020490891215646 0.016082043521804597 0.019588716750722737 0.018822081509009086 0.0040326429321205391 0.0064215596739795053
leaf_weight=299 259 69 100 234 117 792 140 174 263 170 978 91 155 358 497 144 954 69 129 704 155 61 163 114 1140 371 62 166 79 339
leaf_count=299 259 69 100 234 117 792 140 174 263 170 978 91 155 358 497 144 954 69 129 704 155 61 163 114 1140 371 62 166 79 339
internal_value=-0.00154208 -0.00088544 0.00071439 0.00110815 0.00742512 0.00993548 0.0132978 -0.000258001 0.000440128 -0.000385926 -0.00592697 0.00145717 0.000794584 0.00161954 -0.0058758 -0.00758123 -0.00468447 0.00302895 -0.00149689 -0.00619147 0.012197 -0.00971755 0.00614662 0.00312588 0.000990061 0.0157303 -0.0120752 0.0123768 -0.0109804 -0.00719954
internal_weight=9346 9047 6854 6754 1197 1080 932 5557 5323 4983 1241 3742 3651 3496 2193 1934 1437 3138 1281 956 325 827 1857 1417 1303 440 766 340 148 1293
internal_count=9346 9047 6854 6754 1197 1080 932 5557 5323 4983 1241 3742 3651 3496 2193 1934 1437 3138 1281 956 325 827 1857 1417 1303 440 766 340 148 1293
is_linear=0
shrinkage=0.035


Tree=25
num_leaves=31
num_cat=0
split_feature=183 270 6 82 27 173 38 4 246 256 126 242 271 270 270 60 9 211 92 49 93 261 49 256 126 19 246 2 93 71
split_gain=99.5052 88.1068 79.3514 120.034 54.3783 53.4202 43.6557 45.8816 63.644 50.1185 43.9854 72.1959 44.719 47.5719 39.9538 39.7189 36.3567 36.2869 35.7148 49.4095 53.3226 33.2429 33.1822 68.6223 52.8947 41.7582 72.3457 53.1235 37.3996 34.7069
threshold=0.91104583216101476 41.656163698916373 30.792619063504109 2081.0000000000005 34357.500000000007 0.64703898334560705 17540.500000000004 -6.4942135398037664 0.55189336919010679 14.783167229111317 1670.5000000000002 19.880087626050919 6.5721798637063129 60.407280260540652 45.848604802726548 2733.0000000000005 76.462280890682777 0.5386204704923202 6.100950002670289 13850.500000000002 4259.5000000000009 596.62500000000011 6907.5000000000009 41.501915717347664 12507.000000000002 574.50000000000011 -0.7600859612465688 559.95001220703136 1662.5000000000002 14369.500000000002
decision_type=2 2 2 2 2 2 2 2 2 2 2 2 2 2 2 2 2 2 2 2 2 2 2 2 2 2 2 2 2 2
left_child=2 -2 3 -1 5 6 7 8 9 -5 14 -12 13 -13 -9 -3 -16 -7 19 20 -8 -15 23 -11 29 27 -27 28 -25 -24
right_child=1 15 -4 4 -6 17 18 10 -10 22 11 12 -14 21 16 -17 -18 -19 -20 -21 -22 -23 24 25 -26 26 -28 -29 -30 -31
leaf_value=0.010671097361645107 0.016246712252670568 -0.0034086647815035364 -0.003799602256871959 -0.0040349568125263744 -0.0040133647208388627 0.0067202984670038978 0.020086683354956697 -0.0054732227420142762 -0.0042729688856280243 -0.0046371689192575075 0.019436547390007167 -0.0039339322748250709 0.0083436536362183414 -0.0046282222340958612 0.015798218685981292 0.0089248908766416217 0.010545749261404036 -0.0042785523728095676 -0.0072905833951589045 0.014939872498643472 -0.005179488287116174 0.016820798119034221 0.0031856213615444953 -0.0061559567518654377 -0.0052581454121421942 0.018594759744914362 -0.0036105038609462667 -0.0052014806341674266 0.017699341518054523 0.016834261367384872
leaf_weight=947 104 570 216 79 137 95 93 160 389 257 130 430 560 446 237 62 219 187 86 172 161 121 1755 202 251 217 487 151 128 297
leaf_count=947 104 570 216 79 137 95 93 160 389 257 130 430 560 446 237 62 219 187 86 172 161 121 1755 202 251 217 487 151 128 297
internal_value=-0.00157951 -0.0138866 -0.000520023 2.5003e-05 -0.00147008 -0.00105263 -0.000447889 -0.00122374 -0.00339379 -0.00201097 0.0027448 -0.00018617 -0.00230794 -0.00674152 0.0107085 -0.0187912 0.0159436 -0.0158537 0.00934236 0.0134803 0.00351351 -6.11888e-05 -0.00140933 -0.00556323 0.00119801 -0.00197059 0.00345557 -0.00986626 -0.0018806 0.00306271
internal_weight=9346 736 8610 8394 7447 7310 7028 6516 4213 3824 2303 1687 1557 997 616 632 456 282 512 426 254 567 3745 1442 2303 1185 704 481 330 2052
internal_count=9346 736 8610 8394 7447 7310 7028 6516 4213 3824 2303 1687 1557 997 616 632 456 282 512 426 254 567 3745 1442 2303 1185 704 481 330 2052
is_linear=0
shrinkage=0.035


Tree=26
num_leaves=31
num_cat=0
split_feature=183 270 6 82 27 173 38 4 148 183 193 183 233 133 270 151 11 140 246 148 93 211 92 49 46 160 104 45 93 274
split_gain=98.9007 88.1068 79.0402 120.89 54.14 53.0752 45.3222 44.5729 74.8501 62.0773 59.7915 70.2135 60.9313 58.722 57.5824 57.1756 43.0045 39.5898 65.5564 38.6751 36.4933 36.2869 35.9098 40.26 54.9796 35.8534 40.5999 34.8352 34.6848 34.1311
threshold=0.91104583216101476 41.656163698916373 30.792619063504109 2081.0000000000005 34357.500000000007 0.64703898334560705 17540.500000000004 -6.4942135398037664 2166.0000000000005 0.24251656883541842 0.35330138035443598 0.24586412628338919 6742.3398437500009 94.059143333535118 60.963744238215732 0.15679999813437465 17.061794081397185 573.50000000000011 -0.79258960983043059 4089.5000000000005 13219.000000000002 0.5386204704923202 6.2329001426696786 13850.500000000002 0.019512641276989807 0.048400007188320167 9458.0000000000018 3.590574869900911 2410.0000000000005 -0.4610630705099627
decision_type=2 2 2 2 2 2 2 2 2 2 2 2 2 2 2 2 2 2 2 2 2 2 2 2 2 2 2 2 2 2
left_child=2 -2 3 -1 5 6 7 8 13 16 11 14 15 -5 -9 -12 19 28 -19 -10 25 -7 23 24 -8 26 29 -14 -18 -20
right_child=1 -3 -4 4 -6 21 22 10 9 -11 12 -13 27 -15 -16 -17 17 18 20 -21 -22 -23 -24 -25 -26 -27 -28 -29 -30 -31
leaf_value=0.010297608953987528 0.015678077323827099 -0.0032337319777490364 -0.0036666161778814415 -0.0039539394167908259 -0.0038728969556095011 0.006485088020658762 0.019212728869419438 -0.0047398965582603507 0.015743147893417662 0.015635898141859467 0.015791017414320829 -0.0056962201515914036 -0.0044123372013702231 0.014610400917908278 0.012311995032882448 0.0064719426612778073 -0.0050272692837710692 0.020222056904763568 -0.0081042509487450412 -0.0035686034662553881 -0.0050741103227172164 -0.0041288030397612311 -0.0082053977579224606 0.014073844036042393 -0.0054614558873306036 -0.010638028813970741 0.014125702204244524 0.011382069888238344 0.0129105361214038 0.010819979118254707
leaf_weight=947 104 632 216 1218 137 95 121 265 87 400 317 202 119 105 429 892 255 198 163 424 145 187 60 188 143 141 367 79 128 582
leaf_count=947 104 632 216 1218 137 95 121 265 87 400 317 202 119 105 429 892 255 198 163 424 145 187 60 188 143 141 367 79 128 582
internal_value=-0.00161694 -0.0138866 -0.00056065 -1.66687e-05 -0.00151704 -0.00110048 -0.000497654 -0.00128815 -0.00342698 -0.000265976 0.00262348 -0.00442841 0.00711402 -0.010305 0.000901288 0.0100618 -0.00232866 1.76411e-05 0.00244847 -0.0113275 -0.000249465 -0.0158537 0.00947776 0.0128665 0.00390335 0.00169714 0.00382274 -0.0106897 -0.0100129 -0.000886667
internal_weight=9346 736 8610 8394 7447 7310 7028 6516 4213 2890 2303 896 1407 1323 694 1209 2490 1979 1596 511 1398 282 512 452 264 1253 1112 198 383 745
internal_count=9346 736 8610 8394 7447 7310 7028 6516 4213 2890 2303 896 1407 1323 694 1209 2490 1979 1596 511 1398 282 512 452 264 1253 1112 198 383 745
is_linear=0
shrinkage=0.035


Tree=27
num_leaves=31
num_cat=0
split_feature=183 270 6 82 27 173 38 4 148 183 193 183 233 143 270 133 11 19 246 165 60 148 211 93 271 115 160 104 103 49
split_gain=98.298 84.2407 78.7297 118.73 53.9973 52.8687 43.1588 42.7616 68.8154 63.0238 58.2617 70.2135 59.9248 66.2511 57.5824 57.2416 41.9385 40.8541 64.4319 39.9595 39.3906 38.6751 36.2869 36.2797 35.7883 44.8472 35.6484 36.5993 35.2435 50.5547
threshold=0.91104583216101476 41.656163698916373 30.792619063504109 2081.0000000000005 34357.500000000007 0.64703898334560705 17540.500000000004 -6.4942135398037664 2166.0000000000005 0.24251656883541842 0.35330138035443598 0.24586412628338919 6742.3398437500009 0.13679999858140948 60.963744238215732 94.059143333535118 17.061794081397185 575.50000000000011 -0.79258960983043059 0.038092036210660353 2733.0000000000005 4089.5000000000005 0.5386204704923202 13219.000000000002 5.8905488708045288 9963.5000000000018 0.048400007188320167 9480.5000000000018 6.1020998954772958 13850.500000000002
decision_type=2 2 2 2 2 2 2 2 2 2 2 2 2 2 2 2 2 2 2 2 2 2 2 2 2 2 2 2 2 2
left_child=2 -2 3 -1 5 6 7 8 15 16 11 14 13 -12 -9 -5 21 -18 -19 -14 -3 -10 -7 26 25 -15 27 -20 29 -8
right_child=1 20 -4 4 -6 22 28 10 9 -11 12 -13 19 24 -16 -17 17 18 23 -21 -22 -23 -24 -25 -26 -27 -28 -29 -30 -31
leaf_value=0.0099371926405979645 0.015129344617493152 -0.0031761808949296953 -0.0035382846116555912 -0.0038155515372031482 -0.0037373455621631667 0.0062581099399357052 0.0084045148176305658 -0.0045740001787212391 0.015192137717148042 0.015088641706894387 0.01579605354421491 -0.0054968524462857054 0.014309289510523472 0.0077787702193810168 0.011881075206731564 0.014099036885781489 -0.0037732787800217969 0.019367028622381207 -0.0018597898953506291 -0.0045974260516265736 0.0087257003151803795 -0.0034437023449364482 -0.0039842949333695867 -0.0048965164614221141 0.011820830634859135 -0.005455806434204599 -0.010265697805481764 0.014475122006902487 -0.0067482240548010558 0.013924392419929465
leaf_weight=947 104 570 216 1218 137 95 254 265 87 400 309 202 61 215 429 105 389 196 787 137 62 424 187 145 402 283 141 321 86 172
leaf_count=947 104 570 216 1218 137 95 254 265 87 400 309 202 61 215 429 105 389 196 787 137 62 424 187 145 402 283 141 321 86 172
internal_value=-0.00165437 -0.0138866 -0.000601277 -5.83403e-05 -0.00154522 -0.00112919 -0.000527513 -0.00129888 -0.00339379 -0.000362694 0.0025325 -0.00442841 0.0069653 0.0098888 0.000901288 -0.0099887 -0.00244088 -0.000123488 0.00236991 -0.0106897 -0.0186813 -0.0113275 -0.0158537 -0.000300214 0.00502762 -0.00125249 0.00164673 0.00377358 0.00920696 0.0133179
internal_weight=9346 736 8610 8394 7447 7310 7028 6516 4213 2890 2303 896 1407 1209 694 1323 2490 1979 1590 198 632 511 282 1394 900 498 1249 1108 512 426
internal_count=9346 736 8610 8394 7447 7310 7028 6516 4213 2890 2303 896 1407 1209 694 1323 2490 1979 1590 198 632 511 282 1394 900 498 1249 1108 512 426
is_linear=0
shrinkage=0.035


Tree=28
num_leaves=31
num_cat=0
split_feature=183 270 6 82 27 173 11 126 233 85 93 82 246 13 2 153 219 49 8 126 115 173 60 19 38 219 13 270 193 33
split_gain=99.701 80.9969 78.7297 118.73 53.9973 52.8687 43.9644 53.1839 43.1117 59.417 55.2312 48.6166 56.274 49.2642 46.2037 40.7574 47.3277 53.3147 80.5407 59.6118 77.4034 56.3387 39.3906 38.0427 44.9014 43.7194 37.5261 40.3569 55.5912 41.4846
threshold=0.91104583216101476 41.656163698916373 30.792619063504109 2081.0000000000005 34357.500000000007 0.64703898334560705 15.251945778000897 5151.5000000000009 6127.8049316406259 682.50000000000011 13219.000000000002 2337.5000000000005 0.54794584835688331 25.404445544433411 594.36499023437511 -0.63416730740377447 -46.811611777855482 10475.000000000002 -32.866896683346731 4527.5000000000009 13054.500000000002 0.36539776493696391 2733.0000000000005 624.50000000000011 7814.5000000000009 -85.38302411270088 33.725786808307063 112.90186058682788 -0.49841016560085044 0.53840002417564403
decision_type=2 2 2 2 2 2 2 2 2 2 2 2 2 2 2 2 2 2 2 2 2 2 2 2 2 2 2 2 2 2
left_child=2 -2 3 -1 5 6 7 -5 10 15 11 -8 13 -13 -12 -10 23 18 21 20 -20 -18 -3 -17 25 -25 -15 28 -28 -29
right_child=1 22 -4 4 -6 -7 8 -9 9 -11 14 12 -14 26 -16 16 17 -19 19 -21 -22 -23 -24 24 -26 -27 27 29 -30 -31
leaf_value=0.0095893908981770359 0.014599817555880891 -0.0030650145636071571 -0.0034144446502476443 0.011794568638978832 -0.0036065384674874544 -0.003677482445953784 0.030868934058188743 -0.0033169617747848129 0.016469779671312124 -0.0041367716263148897 0.015409431609572326 0.018200108975603289 -0.0056425408084487668 -0.0081971558992260975 -0.0044980152015285432 0.015684520578825981 0.015180658601769216 0.011514821963421443 0.0063511155182046268 -0.0051415848204681893 -0.0049241654197330681 -0.0039352199156983863 0.0084203008041490671 3.0343905821322227e-05 0.004086798024469593 -0.010295010380237168 0.014373458429663184 -0.0050194022890978377 -0.0015229916550686463 0.015080682018151577
leaf_weight=947 104 570 216 173 137 282 75 442 112 162 60 114 271 235 229 80 368 1114 175 133 81 91 62 176 522 236 414 513 1156 96
leaf_count=947 104 570 216 173 137 282 75 442 112 162 60 114 271 235 229 80 368 1114 175 133 81 91 62 176 522 236 414 513 1156 96
internal_value=-0.00166185 -0.0139811 -0.000601277 -5.83403e-05 -0.00154522 -0.00112919 -0.000527513 -0.00942742 0.000332658 0.00316129 -0.00257418 -0.00109413 -0.00185984 -0.000221082 -0.0170238 0.00425477 0.00345186 0.00661922 0 -0.0116371 -0.0016092 0.00988147 -0.0186813 -0.0026791 -0.00469649 -0.0132614 -0.00130219 0.000144231 0.00311111 -0.00746743
internal_weight=9346 736 8610 8394 7447 7310 7028 615 6413 3250 3163 2874 2799 2528 289 3088 2976 1962 848 389 256 459 632 1014 934 412 2414 2179 1570 609
internal_count=9346 736 8610 8394 7447 7310 7028 615 6413 3250 3163 2874 2799 2528 289 3088 2976 1962 848 389 256 459 632 1014 934 412 2414 2179 1570 609
is_linear=0
shrinkage=0.035


Tree=29
num_leaves=31
num_cat=0
split_feature=104 6 82 93 93 6 130 193 104 91 27 49 13 270 110 126 49 41 19 211 71 30 71 19 126 137 27 270 49 92
split_gain=95.8604 94.9316 62.2789 65.1613 51.0336 47.7301 44.5298 48.9365 42.2038 45.3616 42.0627 50.9674 77.7097 64.0855 60.0387 58.1968 46.1809 45.8815 54.0375 51.1364 62.2277 63.854 56.2459 43.6193 84.7016 74.4097 50.3011 44.0281 43.1245 41.9341
threshold=221.00000000000003 30.792619063504109 2081.0000000000005 14064.000000000002 26728.000000000004 -3.1405105022168787 -87.275550299657496 -0.95467506558762338 506.50000000000006 -2.7195294133513235 34357.500000000007 8673.0000000000018 29.069392987365163 32.219293288958625 0.12215000018477441 12507.000000000002 9128.0000000000018 577.50000000000011 592.75000000000011 -0.81572434892801249 6945.5000000000009 642.50000000000011 11314.000000000002 612.50000000000011 1554.5000000000002 1898.5000000000002 8442.0000000000018 35.60965545924784 8314.5000000000018 6.048650026321412
decision_type=2 2 2 2 2 2 2 2 2 2 2 2 2 2 2 2 2 2 2 2 2 2 2 2 2 2 2 2 2 2
left_child=-1 2 3 8 6 -5 -4 -8 -2 -10 11 12 28 29 -15 16 -16 -14 -19 -20 -21 22 -22 24 -18 -26 -25 -28 -9 -13
right_child=1 -3 4 5 -6 -7 7 10 9 -11 -12 13 17 14 15 -17 23 18 19 20 21 -23 -24 26 25 -27 27 -29 -30 -31
leaf_value=-0.0028195567312171862 -0.00066666526381208642 -0.0032822119458693231 0.013791713422820553 0.0067907904384274893 -0.0033724056039008514 -0.004405796582516476 0.020768721180290477 -0.0042950500937225479 0.012849960487272204 0.00079765025866857062 -0.0042049933754564547 0.013817580117517134 -0.0050523236025339559 -0.0042185394954827368 0.019089568991361366 -0.0050604191347576781 0.015882306824826286 0.014746367314310836 0.016461197497159581 -0.004844474891479488 0.0038120161935555259 0.017377511394655064 -0.0059234012717071507 -0.0044788505309140128 0.019870481686630834 -0.0042984825132523687 -0.0043751255891653984 0.010501412813739614 0.0010170237320301699 -0.0032614006868536692
leaf_weight=299 286 246 359 181 167 161 129 350 499 170 117 268 611 205 232 330 189 307 76 768 342 202 116 279 107 698 91 1396 102 63
leaf_count=299 286 246 359 181 167 161 129 350 499 170 117 268 611 205 232 330 189 307 76 768 342 202 116 279 107 698 91 1396 102 63
internal_value=-0.00173671 -0.0010865 -0.000480922 0.00658602 -0.00170595 -0.00645533 -0.00126328 -0.00188458 0.0112656 0.016046 -0.00229282 -0.00192222 -0.00544634 0.000706705 -0.000683749 0.000462879 0.00200868 -0.0029419 -0.000134912 -0.00287608 -0.00439637 0.00347368 -0.0037797 0.000734177 -0.00511512 -0.0100679 0.00403162 0.00659182 -0.0186871 0.0153125
internal_weight=9346 9047 8801 1297 7504 342 7337 6978 955 669 6849 6732 2874 3858 3527 3322 2992 2422 1811 1504 1428 660 458 2760 994 805 1766 1487 452 331
internal_count=9346 9047 8801 1297 7504 342 7337 6978 955 669 6849 6732 2874 3858 3527 3322 2992 2422 1811 1504 1428 660 458 2760 994 805 1766 1487 452 331
is_linear=0
shrinkage=0.035


Tree=30
num_leaves=31
num_cat=0
split_feature=193 6 4 4 44 270 151 49 173 49 173 173 219 148 126 193 274 115 137 11 67 173 213 126 2 13 49 19 213 93
split_gain=93.6446 91.0713 59.1486 57.4886 57.8727 86.4978 56.7493 67.3808 57.7648 97.2156 58.2227 57.7816 55.2013 51.2875 47.2879 65.7357 47.4012 46.764 49.3004 40.9121 40.0594 48.0876 39.7684 46.0631 34.3211 44.9062 34.0398 35.0705 33.6778 32.1097
threshold=0.96794071219247446 30.792619063504109 -2.3393187377137123 -8.1162936000838908 0.10844999924302103 37.490732067259479 0.16060000285506251 8181.0000000000009 0.50187905284793544 14920.500000000002 0.79530830588704426 0.12096302194976587 -9.7624903479734417 2166.0000000000005 12507.000000000002 -0.55570836215211761 -0.5161352217727101 8231.0000000000018 10760.000000000002 23.284621541734229 5.5127649072643026 -0.10448992747803636 11.54639892460691 2088.0000000000005 589.26501464843761 91.633807415436124 1572.5000000000002 547.50000000000011 11.609312333938641 3883.5000000000005
decision_type=2 2 2 2 2 2 2 2 2 2 2 2 2 2 2 2 2 2 2 2 2 2 2 2 2 2 2 2 2 2
left_child=1 3 -2 13 5 -5 7 -6 11 -10 -11 12 -8 17 16 -16 26 19 -19 -1 21 -18 -9 -24 25 -21 27 -15 -7 -13
right_child=2 -3 -4 4 6 28 8 22 9 10 -12 29 -14 14 15 -17 20 18 -20 24 -22 -23 23 -25 -26 -27 -28 -29 -30 -31
leaf_value=0.010164483148509882 0.007852916529294927 -0.0031035426906710095 -0.0027208722456245863 0.0098787618255019791 -0.0065283972214047808 -0.0028901553587026177 0.010424621996964102 0.013395836652305777 0.011137896884944237 0.005556641360973928 -0.006061158292717788 0.015701781472668683 -0.0079438359611503136 -0.008578522998103388 0.0067800760317519642 -0.0046988439039009049 -0.0058049540571245613 -0.0035175993647612236 -0.0023481846251323982 0.014525744446593346 0.011270544041520596 0.00056202908730250455 -0.0072909962104436288 0.012803054444930939 -0.0039428007699570077 -0.0082245109404011085 -0.0035866443335286612 0.010455173351359764 -0.002592332138597022 -0.0042267325929869056
leaf_weight=103 105 241 294 144 122 176 654 282 634 141 92 78 122 66 236 298 79 497 267 217 1841 244 72 358 379 85 305 202 84 928
leaf_count=103 105 241 294 144 122 176 654 282 634 141 92 78 122 66 236 298 79 497 267 217 1841 244 72 358 379 85 305 202 84 928
internal_value=-0.0017966 -0.00105172 -0.0182797 -0.000458042 0.00270683 -0.0097555 0.00416428 0.0120977 0.00164846 0.00903096 -0.0101471 -0.00195859 0.00519846 -0.00301099 -0.000523504 -0.01 0.00134026 -0.00824855 -0.0143823 -0.002218 0.00371139 -0.00757622 0.0162064 0.00933333 -0.00535714 0.0034202 -0.0075692 0.00153846 -0.0216604 -0.00747774
internal_weight=9346 8947 399 8706 3887 404 3483 834 2649 867 233 1782 776 4819 3271 534 2737 1548 764 784 2164 323 712 430 681 302 573 268 260 1006
internal_count=9346 8947 399 8706 3887 404 3483 834 2649 867 233 1782 776 4819 3271 534 2737 1548 764 784 2164 323 712 430 681 302 573 268 260 1006
is_linear=0
shrinkage=0.035


Tree=31
num_leaves=31
num_cat=0
split_feature=183 270 6 82 27 173 11 85 41 137 137 49 71 160 261 2 153 46 115 246 44 49 213 193 93 272 99 211 100 173
split_gain=97.8447 81.535 77.063 111.432 53.0975 51.5701 43.2151 41.9962 64.2906 59.5101 97.4028 76.0125 50.7196 50.2616 49.1103 47.8308 39.9373 44.1304 51.169 43.4737 44.5366 42.3654 39.3548 38.975 38.8855 38.2749 36.9482 36.2869 34.4087 52.0802
threshold=0.91104583216101476 41.656163698916373 30.792619063504109 2081.0000000000005 34357.500000000007 0.64703898334560705 15.251945778000897 682.50000000000011 646.50000000000011 3778.5000000000005 7371.0000000000009 8535.0000000000018 20144.000000000004 1.0000000180025095e-35 528.72497558593761 583.96499633789074 0.13364388306157107 0.057983179515755455 13054.500000000002 -0.2527814231290163 0.18464999645948413 11049.500000000002 11.771594392352711 -0.78938651083361233 13219.000000000002 0.025399990379810337 0.50090000033378612 0.5386204704923202 10.164979294524869 0.065652420195280517
decision_type=2 2 2 2 2 2 2 2 2 2 2 2 2 2 2 2 2 2 2 2 2 2 2 2 2 2 2 2 2 2
left_child=2 -2 3 -1 5 6 -5 8 9 13 28 14 16 26 15 -12 17 18 19 20 -10 25 -23 -15 -13 -18 -8 -7 -11 -30
right_child=1 -3 -4 4 -6 27 7 -9 12 10 11 24 -14 23 -16 -17 21 -19 -20 -21 -22 22 -24 -25 -26 -27 -28 -29 29 -31
leaf_value=0.0085472302685651765 0.013917327879262113 -0.0027129872152515402 -0.0030714376752100647 -0.0029259489346126996 -0.0036155900319249689 0.0062210824894907936 -0.0035256046266586758 -0.0037127010277809231 -0.0086758865342485472 -0.0050815739014656467 -0.0042410087479333907 0.011832654347726231 0.016004916693452349 0.015605513379534197 -0.0057159823359612489 0.015506153568742975 -0.0075290941355698133 0.014376923363237919 -0.0048362284937284025 0.012092155998115306 0.0091975966667119258 0.012837570915002646 -0.010882790851275572 0.0060701671224127826 -0.0028241932568086004 0.0028972681667220985 0.021251449898233948 -0.0035028680003598794 0.0037582816138311032 -0.0041072394397665508
leaf_weight=947 104 632 216 615 137 95 153 162 65 144 60 713 128 338 227 65 167 120 141 375 220 215 60 1429 398 103 90 187 353 687
leaf_count=947 104 632 216 615 137 95 153 162 65 144 60 713 128 338 227 65 167 120 141 375 220 215 60 1429 398 103 90 187 353 687
internal_value=-0.00187146 -0.0140756 -0.000820662 -0.000283367 -0.0017237 -0.001311 -0.000716622 0.000136335 0.000598625 -0.00147898 -0.0049227 0.00112057 0.00665416 0.00305707 -0.0129412 0.00457692 0.00475867 0.00918467 0.00612283 0.0102105 -0.00012069 -0.00273636 0.006875 0.00511569 0.0056138 -0.0124727 -0.0117137 -0.0158537 -0.0123633 -0.0100478
internal_weight=9346 736 8610 8394 7447 7310 7028 6413 6251 4657 2647 1463 1594 2010 352 125 1466 921 801 660 285 545 275 1767 1111 270 243 282 1184 1040
internal_count=9346 736 8610 8394 7447 7310 7028 6413 6251 4657 2647 1463 1594 2010 352 125 1466 921 801 660 285 545 275 1767 1111 270 243 282 1184 1040
is_linear=0
shrinkage=0.035


Tree=32
num_leaves=31
num_cat=0
split_feature=104 6 272 82 22 173 246 71 4 93 2 261 261 93 143 41 193 193 4 224 193 274 214 104 49 256 190 270 256 163
split_gain=96.3612 93.3463 61.6922 55.7132 59.2424 65.0883 50.4656 48.1209 42.0679 40.0588 38.1035 42.2631 57.3994 45.4975 59.8667 46.9632 43.9879 36.4145 42.6504 36.0118 34.6759 42.1621 34.2802 33.9552 39.7045 54.5057 37.4868 39.8931 35.4524 32.9352
threshold=221.00000000000003 30.792619063504109 0.015099998563528063 2271.0000000000005 0.12175000086426736 0.9043871133800585 0.55189336919010679 11114.500000000002 34.142823247232108 26728.000000000004 682.73999023437511 575.14501953125011 566.75500488281261 12539.500000000002 0.13835000246763232 665.50000000000011 0.37712496356878228 -0.73852214677880712 -109.90160067842331 0.92405075427445815 0.87484420265438156 0.37177683021625479 0.080600015819072737 12722.000000000002 8535.0000000000018 49.355143253906725 -0.0051000081002712241 37.490732067259479 26.147136172956319 0.32837744836541799
decision_type=2 2 2 2 2 2 2 2 2 2 2 2 2 2 2 2 2 2 2 2 2 2 2 2 2 2 2 2 2 2
left_child=-1 2 23 4 7 8 9 -4 -6 10 11 12 13 14 -5 17 -15 18 -16 -8 21 -21 -13 24 25 -2 27 -26 -29 -14
right_child=1 -3 3 6 5 -7 19 -9 -10 -11 -12 22 29 16 15 -17 -18 -19 -20 20 -22 -23 -24 -25 26 -27 -28 28 -30 -31
leaf_value=-0.0025306871644939209 -0.0040310202150154939 -0.0029639373565777125 -0.0034828339519889276 0.020767125104344905 0.011104606220139842 -0.0032542355389605163 -0.0030385625459609343 0.0028838453655721267 -0.013794809805119395 -0.0039445084320937854 -0.0063719632067917344 0.0097284033195385831 -0.0041920358097252263 -0.0046304391983815656 -0.0085804606998693741 -0.005012708531819416 0.014513146553178712 0.0026196315993252998 0.016490602883912613 0.0051548277295047559 -0.007889578017862095 -0.0032489627358313448 -0.0092839448701386908 -0.0043845309292080241 0.013596755927540956 -0.0022786080867685122 -0.0042719362280783406 -0.0033966200545816399 0.0093884954544600427 0.0070597905529834835
leaf_weight=299 378 246 102 94 777 94 431 90 91 85 70 1057 287 228 77 82 114 2094 293 157 81 177 105 244 186 520 248 184 379 76
leaf_count=299 378 246 102 94 777 94 431 90 91 85 70 1057 287 228 77 82 114 2094 293 157 81 177 105 244 186 520 248 184 379 76
internal_value=-0.00191637 -0.00126436 -0.000663752 0.00099745 0.00797239 0.0115098 -0.000469799 -0.00959391 0.0145132 0.000959931 0.00141314 0.00182292 -0.000177612 0.00142953 0.00299055 0.00194826 -0.0104899 0.00283516 0.01288 -0.00830787 -0.000916667 0.00412979 0.00755784 -0.00582789 -0.00421842 -0.00953488 0.000593812 0.00450265 -0.000184859 -0.0132201
internal_weight=9346 9047 8801 6662 1154 962 5508 192 868 4662 4577 4507 3345 2982 2640 2546 342 2464 370 846 415 334 1162 2139 1895 898 997 749 563 363
internal_count=9346 9047 8801 6662 1154 962 5508 192 868 4662 4577 4507 3345 2982 2640 2546 342 2464 370 846 415 334 1162 2139 1895 898 997 749 563 363
is_linear=0
shrinkage=0.035


Tree=33
num_leaves=31
num_cat=0
split_feature=104 6 272 27 5 27 49 242 137 193 93 27 27 115 110 183 274 137 213 27 261 261 71 6 215 170 270 270 224 48
split_gain=93.4969 92.7296 59.2285 54.9457 41.5286 39.3625 47.237 47.7349 42.5325 68.5894 39.2462 38.5845 58.7956 51.2579 54.8597 43.3675 58.4567 45.3471 45.4844 41.2337 38.5166 43.1498 37.4549 65.457 37.6489 36.8634 36.1959 45.406 33.6928 32.3322
threshold=221.00000000000003 30.792619063504109 0.015099998563528063 5514.0000000000009 4.4330621278726667 31115.000000000004 8535.0000000000018 43.710858901423123 3581.5000000000005 0.27670500008910653 26728.000000000004 13134.500000000002 13428.500000000002 15547.500000000002 0.17854999750852588 0.45394732270052535 0.1840033505040862 462.50000000000006 11.224076043675007 7420.5000000000009 572.24499511718761 521.61999511718761 8111.0000000000009 -23.624365772832491 -0.057700000703334801 0.030049994587898258 51.786055262930951 33.634582811472264 0.99999999998423494 4.2269001007080087
decision_type=2 2 2 2 2 2 2 2 2 2 2 2 2 2 2 2 2 2 2 2 2 2 2 2 2 2 2 2 2 2
left_child=-1 2 5 4 -4 6 7 -2 -8 -10 11 13 -13 15 -15 17 -17 -5 -19 -20 21 -14 24 -24 -18 -25 27 -22 -23 -21
right_child=1 -3 3 10 -6 -7 8 -9 9 -11 -12 12 20 14 -16 16 22 18 19 29 26 28 23 25 -26 -27 -28 -29 -30 -31
leaf_value=-0.0024421131137366344 -0.0043041808929626477 -0.0028601995490974918 -0.0021354588418415086 0.013210358883838626 0.011895105050752405 -0.0035946497753113933 0.020750319146729368 -0.0026252754836224891 -0.0041685862145682592 0.0066461661702748309 -0.0031881956802625269 0.016603738950737707 0.011051751477440173 -0.0037018597741515528 0.0097817992121663616 0.0096626203454061727 0.0071119499111663466 -0.0064735152907666651 0.013771282401964013 -0.0038076475971071488 0.010895631304218245 -0.0018849483487292137 -0.006055503938979607 0.0092202131213008198 -0.0052733604830719439 -0.0056170089807243096 0.017060181805055717 -0.005715590315947941 -0.0034867129152613341 0.0045916703324655099
leaf_weight=299 252 246 362 118 654 111 90 723 338 625 110 116 182 230 106 342 119 556 304 740 153 755 91 407 162 61 261 225 82 526
leaf_count=299 252 246 362 118 654 111 90 723 338 625 110 116 182 230 106 342 119 556 304 740 153 755 91 407 162 61 261 225 82 526
internal_value=-0.00197626 -0.00133396 -0.000735294 0.000892455 0.00836435 -0.00579524 -0.0046483 -0.0101786 0.000496219 -0.00169938 -0.000458326 -3.78993e-05 0.00421023 -0.00204407 -0.0149853 -0.000754882 0.0046588 -0.00361049 -0.00479587 -0.00173333 0.00248346 -0.00174316 -0.000331361 0.00490248 -0.0106469 0.0102114 0.00918478 0.00219321 -0.00511283 -0.00451613
internal_weight=9346 9047 8801 6662 1016 2139 2028 975 1053 963 5646 5536 1774 3762 336 3426 1182 2244 2126 1570 1658 1019 840 559 281 468 639 378 837 1266
internal_count=9346 9047 8801 6662 1016 2139 2028 975 1053 963 5646 5536 1774 3762 336 3426 1182 2244 2126 1570 1658 1019 840 559 281 468 639 378 837 1266
is_linear=0
shrinkage=0.035


Tree=34
num_leaves=31
num_cat=0
split_feature=104 4 272 27 93 27 27 115 110 183 60 163 137 213 27 93 27 49 242 126 52 261 261 270 11 270 218 261 4 219
split_gain=92.8374 73.6173 58.4167 54.3648 43.5381 40.7775 55.7729 51.6685 52.5228 40.4852 51.4908 51.1797 48.6713 45.7925 41.988 41.1716 39.0532 47.5484 49.8865 38.7472 36.6285 35.7902 47.4618 36.7743 45.6614 34.7625 33.501 33.2453 42.3491 39.4318
threshold=221.00000000000003 49.337568224790651 0.015099998563528063 5514.0000000000009 26728.000000000004 13134.500000000002 13428.500000000002 15547.500000000002 0.17854999750852588 0.45394732270052535 3452.5000000000005 0.76934030903894335 462.50000000000006 11.224076043675007 7420.5000000000009 11327.000000000002 31115.000000000004 8535.0000000000018 43.710858901423123 9713.5000000000018 594.50000000000011 572.24499511718761 521.61999511718761 51.786055262930951 25.732269519347721 42.218750839324137 37.000592880560269 548.54998779296886 -21.655263053459567 -30.843157107464105
decision_type=2 2 2 2 2 2 2 2 2 2 2 2 2 2 2 2 2 2 2 2 2 2 2 2 2 2 2 2 2 2
left_child=-1 2 16 26 5 7 -7 9 -9 12 11 20 -5 -14 -15 -12 17 18 -2 -19 -11 22 -8 24 -23 -26 -4 29 -29 -24
right_child=1 -3 3 4 -6 6 21 8 -10 10 15 -13 13 14 -16 -17 -18 19 -20 -21 -22 23 27 -25 25 -27 -28 28 -30 -31
leaf_value=-0.0023566391547558516 -0.0041472118482532988 -0.0025859267773491144 0.01171987119588817 0.013103267798133478 -0.0031515467915100718 0.016022608087461889 0.011186860418537727 -0.0035722946820562467 0.0094394362397405406 0.0082204149469445008 0.0020678762765864367 0.0088392730438103979 -0.0062622510755549138 0.013289287517895272 -0.0030912967756633624 0.011043759559679015 -0.0034688370331754934 0.0063336556523581194 -0.0025146386838860888 -0.0033527140706743085 -0.0042884128364169714 0.018574180746510231 -0.0018910955360716705 0.016682417297075206 0.0027584761422070744 -0.011911373975017297 0.0067950196794957646 -0.003834639826793264 0.0065837469343127605 -0.0029667934315614499
leaf_weight=299 257 249 480 116 107 116 176 230 106 71 399 150 551 304 1269 315 111 848 722 216 262 77 141 257 204 97 528 208 333 147
leaf_count=299 257 249 480 116 107 116 176 230 106 71 399 150 551 304 1269 315 111 848 722 216 262 77 141 257 204 97 528 208 333 147
internal_value=-0.00204363 -0.00140356 -0.00086675 0.000758009 -0.00058323 -0.000145464 0.00425327 -0.00219561 -0.0151906 -0.000904997 0.00428037 -0.00451844 -0.00367929 -0.00489901 -0.00184094 0.0102225 -0.00586846 -0.00473389 -0.0102795 0.000392891 -0.0121154 0.00255319 -0.00155941 0.00902344 0.00201044 -0.00423203 0.0082231 -0.00507794 6.41026e-05 -0.0145734
internal_weight=9346 9047 8798 6644 5636 5529 1756 3773 336 3437 1197 483 2240 2124 1573 714 2154 2043 979 1064 333 1640 1005 635 378 301 1008 829 541 288
internal_count=9346 9047 8798 6644 5636 5529 1756 3773 336 3437 1197 483 2240 2124 1573 714 2154 2043 979 1064 333 1640 1005 635 378 301 1008 829 541 288
is_linear=0
shrinkage=0.035


Tree=35
num_leaves=31
num_cat=0
split_feature=183 6 224 261 203 126 52 193 93 8 148 173 137 183 85 148 9 27 27 38 183 242 11 126 64 60 242 183 267 261
split_gain=90.2124 75.2316 74.3805 56.741 55.1107 60.2987 54.2176 57.9133 81.8731 56.63 49.1624 63.7318 48.3363 47.7446 44.9816 68.8143 54.3069 66.6688 44.6865 41.6527 41.0766 53.3535 39.7723 56.1261 45.2057 35.6396 33.121 32.5274 32.2028 32.194
threshold=0.91104583216101476 30.792619063504109 0.57515495876581368 621.74499511718761 0.52646217917189875 378.00000000000006 670.50000000000011 0.36332174972229087 8510.5000000000018 -27.703795544270218 514.50000000000011 0.80136853545517506 7846.0000000000009 0.44479655270971225 645.50000000000011 1246.5000000000002 34.99631170216788 6919.0000000000009 12305.000000000002 7795.0000000000009 0.48961573703858519 36.168146908915226 15.251945778000897 5151.5000000000009 8.6798752735195457 2808.5000000000005 32.817924748204284 0.27108636889874493 -7.0533795049676478 619.09500122070324
decision_type=2 2 2 2 2 2 2 2 2 2 2 2 2 2 2 2 2 2 2 2 2 2 2 2 2 2 2 2 2 2
left_child=1 2 4 25 13 -6 7 8 -4 -8 11 19 -7 22 15 -12 -17 -18 -19 26 21 -14 23 -1 -24 -2 -9 -23 -26 -11
right_child=3 -3 6 -5 5 12 9 10 -10 29 14 -13 20 -15 -16 16 17 18 -20 -21 -22 27 24 -25 28 -27 -28 -29 -30 -31
leaf_value=0.012030550608139588 -0.0023911520210893825 -0.0026409759587997838 0.0072462264325751577 0.01314158238275776 0.013929272594644222 -0.0027751446007801385 0.013076775228457415 0.0050585784446741111 -0.0039096970105666953 -0.0045520486456200014 0.011091264768980244 0.0072162557398467641 0.014661613875181527 0.0094046169405026369 0.010473970008533394 0.018207751891931356 0.016524726662918116 -0.0074128311743934094 0.0049747080010552301 -0.005668288223703865 -0.0035453175797660599 -0.0038879879742066011 0.011631258593849182 -0.0029259350004730393 0.012792106779308204 0.008300907615759457 -0.007311908933012267 0.014243036013815566 -0.0030381744372904658 -0.0021987052726854918
leaf_weight=138 608 216 753 65 98 406 94 99 549 154 520 206 224 172 406 79 95 235 114 186 406 104 248 433 271 63 160 80 2088 76
leaf_count=138 608 216 753 65 98 406 94 99 549 154 520 206 224 172 406 79 95 235 114 186 406 104 248 433 271 63 160 80 2088 76
internal_value=-0.00207358 -0.00106442 -0.000533397 -0.0137922 -0.00347528 -0.00952381 0.00315197 0.00445847 -0.00133894 -0.0104255 0.00804751 5.33537e-05 -0.0116571 -0.00108495 0.0116265 0.00771469 -0.00125947 -0.00608018 -0.0131497 -0.00738889 -0.00666667 0.00118644 -0.00206723 -0.0103906 -0.000227795 -0.0168269 0.00172348 -0.0125926 -0.00173223 -0.0196596
internal_weight=9346 8610 8394 736 4668 1318 3726 3402 1302 324 2100 651 1220 3350 1449 1043 523 444 349 445 814 408 3178 571 2607 671 259 184 2359 230
internal_count=9346 8610 8394 736 4668 1318 3726 3402 1302 324 2100 651 1220 3350 1449 1043 523 444 349 445 814 408 3178 571 2607 671 259 184 2359 230
is_linear=0
shrinkage=0.035


Tree=36
num_leaves=31
num_cat=0
split_feature=104 6 82 93 130 173 27 137 13 133 193 233 274 193 140 173 2 19 49 27 2 137 11 6 49 193 137 246 9 93
split_gain=91.6706 91.0268 57.1033 63.7554 50.9723 54.6193 54.5206 46.8212 60.1824 52.5082 79.4971 53.4042 51.1607 44.476 55.0708 68.2558 56.7396 48.9884 54.3181 50.3288 87.0666 75.7125 45 43.6066 43.5021 45.2296 75.4028 64.1956 58.6506 40.3625
threshold=221.00000000000003 30.792619063504109 2081.0000000000005 14064.000000000002 -87.275550299657496 0.64703898334560705 34357.500000000007 10459.500000000002 27.954840148807492 53.888030475366143 0.56440660946226806 6452.2050781250009 0.32013490858016375 -0.95467506558762338 578.50000000000011 -0.85198808444097152 565.73001098632824 592.75000000000011 6907.5000000000009 6806.5000000000009 606.18499755859386 2090.0000000000005 58.109909734639423 -3.1405105022168787 8314.5000000000018 0.42697639026264356 2736.0000000000005 0.43002554567953072 31.033595463403266 1897.0000000000002
decision_type=2 2 2 2 2 2 2 2 2 2 2 2 2 2 2 2 2 2 2 2 2 2 2 2 2 2 2 2 2 2
left_child=-1 2 3 -2 29 6 7 8 24 10 -9 12 -12 -10 16 -16 -15 -17 -19 -20 21 -21 -23 -5 -6 26 -26 -27 -29 -4
right_child=1 -3 4 23 5 -7 -8 9 13 -11 11 -13 -14 14 15 17 -18 18 19 20 -22 22 -24 -25 25 27 -28 28 -30 -31
leaf_value=-0.0021904664636012683 0.0076483338254926068 -0.0025385898041182515 -0.0026218767723694331 0.0048048034454811935 -0.0035319332617287443 -0.0030912534825660817 -0.0030204573174157858 0.012391582864634732 0.019467138313448255 -0.0063976713514359487 0.012981259503162217 -0.0038882226400901391 -0.002822642243729427 -0.0039444644763013525 0.012975821360014803 0.013064301639059884 -0.0065601052300626678 -0.0041424175759801618 0.020571885309673681 0.022733359964697591 0.0055057762075039094 -0.00023606866667931682 -0.004922459452615921 -0.0035210373226089216 0.0073217733679274526 0.016512304851562794 -0.0039530393797412907 -0.0037987964619400996 0.0085756489176349437 0.013557539507458732
leaf_weight=299 955 246 137 181 238 281 135 496 129 131 292 268 224 559 92 453 163 839 199 64 1223 142 379 161 171 108 414 85 60 222
leaf_count=299 955 246 137 181 238 281 135 496 129 131 292 268 224 559 92 453 163 839 199 64 1223 142 379 161 171 108 414 85 60 222
internal_value=-0.0021634 -0.00152729 -0.000934022 0.00583333 -0.00210681 -0.00275594 -0.00212986 -0.00167879 -0.00318242 0.00397952 0.00615564 -0.000798479 0.00577735 -0.0013021 -0.00194633 -7.21437e-05 -0.0106878 -0.00092161 -0.00262715 0.000504473 -0.00135135 -0.0123983 -0.0168346 -0.00706052 -0.010555 -0.00672598 -0.0120424 0.00556202 -0.00956667 0.0106731
internal_weight=9346 9047 8801 1297 7504 7145 6864 6729 5318 1411 1280 784 516 4242 4113 3391 722 3299 2846 2007 1808 585 521 342 1076 838 585 253 145 359
internal_count=9346 9047 8801 1297 7504 7145 6864 6729 5318 1411 1280 784 516 4242 4113 3391 722 3299 2846 2007 1808 585 521 342 1076 838 585 253 145 359
is_linear=0
shrinkage=0.035


Tree=37
num_leaves=31
num_cat=0
split_feature=104 6 272 27 224 115 93 163 213 27 104 211 104 126 233 27 49 13 8 69 19 13 261 216 233 247 45 93 38 9
split_gain=90.8003 90.215 54.7269 57.1915 40.5217 39.8419 51.8863 44.1083 43.0192 58.8796 40.7417 48.5846 42.1786 56.1136 41.6696 38.9702 43.1263 47.1768 38.7915 46.3777 35.3318 38.1609 34.9728 40.7847 36.4749 33.0005 32.0416 29.5112 29.0046 28.8437
threshold=221.00000000000003 30.792619063504109 0.015099998563528063 5514.0000000000009 -0.85726966457674469 15392.000000000002 8733.0000000000018 0.76468789920224223 11.242971973994186 14178.500000000002 5137.5000000000009 0.19946617708278913 7448.5000000000009 10491.500000000002 6182.6701660156259 31115.000000000004 8535.0000000000018 29.153594331608151 -24.110665992635319 -4.4986252344160595 590.50000000000011 42.908616189349139 538.63998413085949 49.472902736519053 6064.1550292968759 671.70001220703136 5.4928217936717232 10474.000000000002 8001.0000000000009 27.723696920625009
decision_type=2 2 2 2 2 2 2 2 2 2 2 2 2 2 2 2 2 2 2 2 2 2 2 2 2 2 2 2 2 2
left_child=-1 2 15 4 -4 7 -7 8 9 -5 11 -10 20 -14 -15 16 17 -2 -18 -20 -12 25 24 29 -13 27 -9 28 -22 -24
right_child=1 -3 3 5 -6 6 -8 26 10 -11 12 22 13 14 -16 -17 18 -19 19 -21 21 -23 23 -25 -26 -27 -28 -29 -30 -31
leaf_value=-0.0021138001373752261 -0.0046149755557362334 -0.0024497391609741123 -0.0021352423566442895 -0.0034957303313897037 0.010642362444500026 0.016592886225513977 -0.0024115774812668994 0.012502798464452448 0.013267039930482385 0.014606038131403777 0.013166046396604205 0.0027094936525727136 0.012110060271506649 -0.0069295720770558905 2.2852666097315825e-05 -0.0031176256156129891 -0.002697367089949246 -0.0024279536918865598 0.012105021632399005 -0.0051319982986574066 -0.0068917549594507618 -0.0057784166728604095 0.006324106109598931 -0.003035544329932245 -0.0038055631204216393 -0.0042449672495834577 -0.0081583228632877824 0.0080084387304881263 0.0031695320794490906 0.011239963382440026
leaf_weight=299 132 246 373 1164 643 84 618 172 159 116 91 263 953 181 379 111 756 843 230 67 127 191 207 113 66 78 62 167 95 360
leaf_count=299 132 246 373 1164 643 84 618 172 159 116 91 263 953 181 379 111 756 843 230 67 127 191 207 113 66 78 62 167 95 360
internal_value=-0.00225323 -0.00162008 -0.00102941 0.000535473 0.00815867 -0.000842329 -0.00861386 0.000268741 -0.00047508 -0.00593774 0.00156914 0.00686275 -0.00117336 0.00219038 -0.00656637 -0.00589319 -0.0047516 -0.0100357 0.000165406 0.0107781 -0.00793767 -0.0107692 0.00396943 0.00848175 -0.00534431 -0.00526483 0.0149372 -0.000977157 -0.0092511 0.012299
internal_weight=9346 9047 8801 6662 1016 5646 702 4944 4710 1280 3430 1168 2262 1513 560 2139 2028 975 1053 297 749 658 1009 680 329 467 234 389 222 567
internal_count=9346 9047 8801 6662 1016 5646 702 4944 4710 1280 3430 1168 2262 1513 560 2139 2028 975 1053 297 749 658 1009 680 329 467 234 389 222 567
is_linear=0
shrinkage=0.035


Tree=38
num_leaves=31
num_cat=0
split_feature=104 6 82 115 130 173 27 193 137 13 140 173 2 133 193 261 19 49 27 2 137 270 11 71 242 60 33 93 104 49
split_gain=90.1502 89.6084 55.3936 78.3002 50.6251 53.5511 53.7499 46.3331 53.4124 52.4423 52.1828 59.236 57.3598 51.5181 80.6406 57.4935 48.7488 51.3605 51.6092 83.4612 71.3034 48.5938 44.2913 42.3639 64.1959 66.157 40.4023 39.3334 38.4174 38.0005
threshold=221.00000000000003 30.792619063504109 2081.0000000000005 19389.000000000004 -87.275550299657496 0.64703898334560705 34357.500000000007 -0.95467506558762338 10459.500000000002 27.954840148807492 578.50000000000011 -0.85198808444097152 565.73001098632824 53.888030475366143 0.56440660946226806 579.77502441406261 592.75000000000011 6907.5000000000009 6806.5000000000009 606.18499755859386 2090.0000000000005 33.634582811472264 58.109909734639423 10941.500000000002 24.967819767135367 6883.5000000000009 0.14085000008344653 1897.0000000000002 13453.000000000002 8181.0000000000009
decision_type=2 2 2 2 2 2 2 2 2 2 2 2 2 2 2 2 2 2 2 2 2 2 2 2 2 2 2 2 2 2
left_child=-1 2 3 26 27 6 7 -6 9 23 12 -12 -11 14 28 21 -13 -18 -19 20 -20 -16 -22 -9 -25 -26 -2 -4 -10 -23
right_child=1 -3 4 -5 5 -7 -8 8 13 10 11 16 -14 -15 15 -17 17 18 19 -21 22 29 -24 24 25 -27 -28 -29 -30 -31
leaf_value=-0.0020398171325670912 -0.0021547618022401058 -0.0023639982903400181 -0.0024451327061204733 -0.0030387904650984936 0.018870766851693598 -0.0029352735956923014 -0.0029155411546196428 -0.0032082302577630187 0.012471485881268288 -0.0037314219725203723 0.012572169955401651 0.012183198972190053 -0.0062455231677944444 -0.0062476408094378445 -0.0036065721418342672 -0.0039717757596093506 -0.0039041956473703028 0.019649210027080498 0.021513840256430442 0.0050703974469174951 1.4728759351416399e-05 -0.0032693007038673357 -0.0045796376001598048 0.0096885906404916341 0.010216033748635923 -0.0046186111340306805 0.0070972118405406032 0.01283266705289934 -0.0042298337412757089 0.013979537694184425
leaf_weight=299 63 246 137 118 129 281 135 682 429 559 92 453 163 131 121 254 839 199 64 1223 142 98 379 180 63 151 1116 222 67 311
leaf_count=299 63 246 137 118 129 281 135 682 429 559 92 453 163 131 121 254 839 199 64 1223 142 98 379 180 63 151 1116 222 67 311
internal_value=-0.00232061 -0.00168968 -0.00110095 0.00556452 -0.00225596 -0.0029028 -0.00228272 -0.00183472 -0.00224678 -0.00388814 -0.00208232 -0.000257656 -0.0105915 0.00378178 0.00593774 -0.00106464 -0.00104873 -0.00274991 0.000295726 -0.00158301 -0.0123983 0.00549533 -0.0167015 -0.0107493 -0.00157895 -0.0143836 0.00830659 0.0104808 0.0169062 0.011244
internal_weight=9346 9047 8801 1297 7504 7145 6864 6729 6600 5189 4113 3391 722 1411 1280 784 3299 2846 2007 1808 585 530 521 1076 394 214 1179 359 496 409
internal_count=9346 9047 8801 1297 7504 7145 6864 6729 6600 5189 4113 3391 722 1411 1280 784 3299 2846 2007 1808 585 530 521 1076 394 214 1179 359 496 409
is_linear=0
shrinkage=0.035


Tree=39
num_leaves=31
num_cat=0
split_feature=104 6 82 33 49 130 173 27 193 49 13 126 41 173 71 71 49 191 66 8 148 71 126 49 49 148 71 27 93 26
split_gain=90.7787 83.2772 76.5687 61.9717 51.3194 50.9954 53.1974 53.4942 46.5689 50.3384 75.6011 53.3893 47.4544 62.1575 64.4675 65.8914 43.8831 53.0198 40.8663 40.3224 51.5091 53.4628 48.2772 46.9653 60.7915 55.3012 43.7237 43.5863 39.3334 39.3246
threshold=307.00000000000006 30.792619063504109 2081.0000000000005 0.13695000112056735 18969.000000000004 -87.275550299657496 0.64703898334560705 34357.500000000007 -0.95467506558762338 8673.0000000000018 29.069392987365163 12507.000000000002 577.50000000000011 -0.85198808444097152 6945.5000000000009 11314.000000000002 7042.0000000000009 0.1540000028908253 0.16704999655485156 -17.428767711623468 2166.0000000000005 15952.500000000002 2159.5000000000005 10223.000000000002 9863.0000000000018 567.50000000000011 10675.500000000002 18909.500000000004 1897.0000000000002 2.8927000761032109
decision_type=2 2 2 2 2 2 2 2 2 2 2 2 2 2 2 2 2 2 2 2 2 2 2 2 2 2 2 2 2 2
left_child=-1 2 3 -2 16 28 7 8 -7 10 -10 19 -12 -14 -15 -16 17 -5 -17 20 23 22 -22 24 -11 -25 -21 29 -4 -24
right_child=1 -3 5 4 -6 6 -8 -9 9 11 12 -13 13 14 15 18 -18 -19 -20 26 21 -23 27 25 -26 -27 -28 -29 -30 -31
leaf_value=-0.0021304599518420387 -0.0031515096801047657 -0.0021935966702539191 -0.0023595530614062572 -0.0092429188613619862 -0.0029987568519111714 0.01821029001188432 -0.0028325390198430693 -0.0028134972142079542 -0.0033196643274629256 -0.0014943029542126374 -0.0047766886621299926 -0.0038343440153653934 0.012132144006962595 -0.0037904028478518833 0.011757745436087196 0.012645251707376253 0.009142679523791275 0.0067563619866481744 -0.006550390206700972 -0.0031229353252618321 0.019209694901407975 0.014744949531122738 -0.0027588956432502924 0.016242877472651636 0.014153448593540686 -0.0031325659552155407 0.012508788819470396 -0.007097382227073833 0.012383523706047863 0.0093165108929911672
leaf_weight=471 60 237 137 60 70 129 281 135 420 259 607 347 92 930 608 60 533 411 117 106 73 290 796 133 88 639 242 160 222 633
leaf_count=471 60 237 137 60 70 129 281 135 420 259 607 347 92 930 608 60 533 411 117 106 73 290 796 133 88 639 242 160 222 633
internal_value=-0.00238798 -0.0015884 -0.00102048 0.00743635 0.00940686 -0.00230257 -0.00295175 -0.00233367 -0.00188669 -0.00229977 -0.00581895 0.000352692 -0.00341463 -0.000560155 -0.00209593 0.00527215 0.011447 0.00360294 -0.0132692 0.00168662 0.000398244 0.00382729 0.00138572 -0.00557384 0.00507102 -0.0103604 0.0128895 6.5872e-05 0.0104808 0.0020258
internal_weight=9346 8875 8638 1134 1074 7504 7145 6864 6729 6600 2834 3766 2414 1807 1715 785 1004 471 177 3419 3071 1952 1662 1119 347 772 348 1589 359 1429
internal_count=9346 8875 8638 1134 1074 7504 7145 6864 6729 6600 2834 3766 2414 1807 1715 785 1004 471 177 3419 3071 1952 1662 1119 347 772 348 1589 359 1429
is_linear=0
shrinkage=0.035


Tree=40
num_leaves=31
num_cat=0
split_feature=104 6 60 13 270 27 148 11 203 140 49 270 104 173 9 233 221 93 274 126 126 27 270 10 163 93 270 270 4 93
split_gain=90.0492 82.7587 61.5425 56.0729 77.9957 55.0833 46.2265 46.0548 44.7961 56.9883 56.876 70.2237 55.5722 69.7429 75.9389 58.2074 58.1228 53.1095 50.4806 48.7237 47.8818 45.6127 45.2893 45.1046 45.0065 44.9916 41.6757 41.069 41.0007 40.0004
threshold=307.00000000000006 30.792619063504109 1702.0000000000002 78.512725819584702 111.21465685037889 34357.500000000007 266.00000000000006 15.251945778000897 -0.49940467258973059 674.50000000000011 8110.0000000000009 43.741755357330959 5137.5000000000009 0.098804870331110031 23.610171726116025 6546.5852050781259 86.48817582348066 14125.000000000002 0.15945162146634773 3445.5000000000005 8776.0000000000018 8363.0000000000018 44.548106766287461 41.024437026841547 0.48604019635711976 14660.500000000002 86.399658775425948 46.143095395444313 -38.941763238809322 16965.500000000004
decision_type=2 2 2 2 2 2 2 2 2 2 2 2 2 2 2 2 2 2 2 2 2 2 2 2 2 2 2 2 2 2
left_child=-1 2 -2 4 5 6 -4 -8 9 21 11 -10 13 -12 19 18 17 22 20 -15 23 -9 -16 -14 -18 -19 27 -13 -22 -27
right_child=1 -3 3 -5 -6 -7 7 8 10 -11 12 26 15 14 16 -17 24 25 -20 -21 28 -23 -24 -25 -26 29 -28 -29 -30 -31
leaf_value=-0.0020558938535275681 0.0070153672154289939 -0.0021168207867950338 -0.0026255372994316421 0.0078144410790175669 -0.0056902946531478451 -0.0027411016119526063 -0.0024081954170888718 0.011952744927441717 -0.0034992698806661851 -0.010082782117424988 0.014590227330401485 0.011723690933871305 0.016943042855244731 -0.003126538938956298 -0.00023366969386291793 0.0053597208661005204 0.0063279945005503668 -0.0043523475168077193 -0.0041746310945709464 0.008587307351363576 0.01117493317081553 0.0046756896522008387 0.013227195788973491 -0.0055957298296923242 -0.0091441169752084737 0.014997257973060361 0.011581795677762562 -0.0043464165442932629 -0.0053360896444724091 -0.0013737822525371631
leaf_weight=471 588 237 301 1242 227 147 546 331 183 60 162 113 254 307 111 523 88 72 544 121 60 494 408 162 103 101 201 781 274 134
leaf_count=471 588 237 301 1242 227 147 546 331 183 60 162 113 254 307 111 523 88 72 544 121 60 494 408 162 103 101 201 781 274 134
internal_value=-0.00244787 -0.00165146 -0.00108527 -0.00188579 -0.00313371 -0.00242864 -0.00193508 -0.00127159 -0.000319206 0.00688202 -0.00168048 -0.00796571 0.000673666 0.00540633 0.00292069 -0.00351537 0.00811644 0.01213 -0.00749038 -0.00937644 -0.00157616 0.00931928 0.0189027 0.00631829 -0.00910714 0.000560897 -0.00455 -0.00778643 -0.0113569 0.00802083
internal_weight=9346 8875 8638 8050 6808 6581 6434 6133 5587 885 4702 1278 3424 1607 1445 1817 1017 826 1294 428 750 825 519 416 191 307 1095 894 334 235
internal_count=9346 8875 8638 8050 6808 6581 6434 6133 5587 885 4702 1278 3424 1607 1445 1817 1017 826 1294 428 750 825 519 416 191 307 1095 894 334 235
is_linear=0
shrinkage=0.035


Tree=41
num_leaves=31
num_cat=0
split_feature=183 6 82 270 88 246 27 2 261 261 13 71 270 71 140 19 38 71 19 224 60 60 115 20 224 118 82 270 13 137
split_gain=91.7245 72.5248 99.6085 68.1545 67.2096 56.1881 47.1269 45.9927 52.8174 74.0974 50.1543 52.8779 54.8214 51.2395 48.6267 53.9769 46.5994 43.4802 42.3985 39.6584 39.0637 39.0389 38.2012 52.5176 37.1752 37.7142 34.6925 33.7666 54.7247 42.8295
threshold=0.91104583216101476 30.792619063504109 2308.5000000000005 41.656163698916373 0.12945000082254413 0.55189336919010679 34357.500000000007 682.73999023437511 575.14501953125011 566.75500488281261 18.478805484384463 12680.500000000002 39.969993806495303 16151.500000000002 609.50000000000011 666.50000000000011 7774.0000000000009 15119.000000000002 606.50000000000011 0.78609222042409266 2733.0000000000005 8836.5000000000018 14380.500000000002 24.530550484802575 0.92405075427445815 672.50000000000011 3955.0000000000005 112.90186058682788 82.699417588671963 3778.5000000000005
decision_type=2 2 2 2 2 2 2 2 2 2 2 2 2 2 2 2 2 2 2 2 2 2 2 2 2 2 2 2 2 2
left_child=1 2 4 -2 -1 6 7 8 9 10 -4 12 -12 21 18 -16 -10 -11 27 -15 -5 -13 -18 -24 26 -26 -7 29 -29 -14
right_child=3 -3 5 20 -6 24 -8 -9 16 17 11 13 14 19 15 -17 22 -19 -20 -21 -22 -23 23 -25 25 -27 -28 28 -30 -31
leaf_value=-0.0044275535609898942 0.0119875603418057 -0.0021403457353049472 0.016472990948189985 -0.0020830834111781067 0.0074741398871928837 -0.0030229620139780367 -0.0026451630555342645 -0.0067308853677658697 -0.002624252493333474 -0.0032345982070659343 -0.004143021763098359 -0.0010593871850764487 0.0098907019852169757 0.015177428045045332 0.014392995102747977 -0.0076919956394659204 0.0090355269930883445 0.0063869557503005315 -0.0098710959893750436 -0.0045596005367724091 0.0073126625212098541 -0.0043589083438476681 0.0078677667496426448 -0.0041477319173625852 0.0013567154814623048 -0.0048138903718754249 -0.0026261884884397238 -0.0045900112219494724 0.00027109586291060002 -0.0019219761769847571
leaf_weight=138 104 216 108 570 978 188 123 86 474 388 164 104 1081 179 520 76 809 79 105 105 62 200 76 171 415 117 339 203 454 714
leaf_count=138 104 216 108 570 978 188 123 86 474 388 164 104 1081 179 520 76 809 79 105 105 62 200 76 171 415 117 339 203 454 714
internal_value=-0.00244787 -0.00143006 -0.000908441 -0.0142645 0.00880464 -0.00240286 -0.0011303 -0.000688412 -0.000314214 -0.00223188 -0.000688153 -0.00135166 0.000368754 -0.0109781 0.00140754 0.0103661 0.0052899 -0.0153496 -0.000696721 -0.000242215 -0.0185714 -0.0208414 0.00936852 -0.00263889 -0.00983553 -0.00325885 -0.0163816 0.00025641 -0.00650302 0.00274167
internal_weight=9346 8610 8394 736 1116 7278 6219 6096 6010 4480 4013 3905 3317 588 3153 596 1530 467 2557 284 632 304 1056 247 1059 532 527 2452 657 1795
internal_count=9346 8610 8394 736 1116 7278 6219 6096 6010 4480 4013 3905 3317 588 3153 596 1530 467 2557 284 632 304 1056 247 1059 532 527 2452 657 1795
is_linear=0
shrinkage=0.035


Tree=42
num_leaves=31
num_cat=0
split_feature=183 6 82 88 270 246 153 2 193 151 13 261 173 5 13 13 93 74 203 13 19 183 4 148 63 4 213 270 242 163
split_gain=93.4318 72.7038 97.8233 66.8409 65.2345 52.8417 47.2191 47.7782 48.942 64.916 56.5722 78.4636 52.1011 39.9837 49.6614 37.5532 42.6318 72.3783 38.7061 39.8661 37.2812 36.3973 35.6492 40.047 35.8485 35.492 58.6803 35.3132 38.3677 34.7306
threshold=0.91104583216101476 30.792619063504109 2308.5000000000005 0.12945000082254413 41.656163698916373 0.55189336919010679 0.45652057278139307 682.73999023437511 0.32661818542646198 0.15180000104010108 28.001055915296053 574.59500122070324 0.29332770778132894 43.101224168241352 27.867207282726671 29.634936477954273 11264.000000000002 661.50000000000011 0.062835931326545913 60.049428494156317 663.50000000000011 0.48961573703858519 -2.5422646032865086 1709.5000000000002 672.50000000000011 -2.3393187377137123 11.200424604157424 48.892641947333196 31.712350247609091 0.46962890896225135
decision_type=2 2 2 2 2 2 2 2 2 2 2 2 2 2 2 2 2 2 2 2 2 2 2 2 2 2 2 2 2 2
left_child=1 2 3 -1 -2 6 7 8 10 -10 11 12 -4 14 21 -12 27 18 19 -18 -8 -11 23 -7 -24 26 -6 -17 -29 -15
right_child=4 -3 5 -5 25 22 20 -9 9 13 15 -13 -14 29 -16 16 17 -19 -20 -21 -22 -23 24 -25 -26 -27 -28 28 -30 -31
leaf_value=-0.0042725891863552483 0.0115679957298425 -0.0020654336345692732 -0.0033496342182353718 0.0072125449911411323 -0.0035975287665480412 -0.0030063782996288353 -0.0056944348996356212 -0.0064953043798940627 0.0095133681385974438 0.013114414559408698 0.017187549154762699 0.0067278182531264165 0.0052601071157746286 0.011677954550429036 -0.002848589599282937 -0.0060977762967485191 0.012126203773110467 0.019974728904573531 -0.0053292661001444353 -0.0048365584621318427 0.013450642193891848 -0.0024350651046706408 0.00084319192788812189 0.014141953787954825 -0.0046454042088597859 -0.0018507374649099941 0.018661239474422657 0.01801472774774554 0.0029582495364108064 -0.0059571067994460408
leaf_weight=138 104 216 436 978 99 428 429 86 403 111 77 195 101 334 593 263 87 65 205 150 69 73 438 74 119 466 67 60 2403 79
leaf_count=138 104 216 436 978 99 428 429 86 403 111 77 195 101 334 593 263 87 65 205 150 69 73 438 74 119 466 67 60 2403 79
internal_value=-0.00243289 -0.00140569 -0.000883439 0.00874219 -0.014359 -0.00236441 -0.0011303 -0.000226161 0.000179965 0.00536608 -0.00186805 -0.0106377 -0.0175 0.00123013 -0.00344629 8.44646e-05 -0.00050803 -0.00977539 -0.014877 -0.00506198 -0.0114115 0.0122222 -0.00957237 -0.0162919 -0.00342527 -0.0185714 -0.00450292 0.00123032 0.00253849 0.00996411
internal_weight=9346 8610 8394 1116 736 7278 6219 5721 5635 1593 4042 732 537 1190 777 3310 3233 507 442 237 498 184 1059 502 557 632 166 2726 2463 413
internal_count=9346 8610 8394 1116 736 7278 6219 5721 5635 1593 4042 732 537 1190 777 3310 3233 507 442 237 498 184 1059 502 557 632 166 2726 2463 413
is_linear=0
shrinkage=0.035


Tree=43
num_leaves=31
num_cat=0
split_feature=183 4 173 242 93 270 173 71 13 270 211 147 214 44 193 115 137 193 203 74 4 213 92 11 13 38 38 9 242 211
split_gain=93.386 56.1262 57.3102 79.5829 83.873 55.9554 53.875 46.6719 45.9775 52.7199 47.9792 39.6662 39.4927 39.8952 38.9921 47.2987 56.4189 44.2558 38.058 36.2385 34.3784 58.6803 34.3311 34.0806 66.403 34.5353 41.2603 33.9432 47.5514 32.978
threshold=0.91104583216101476 49.337568224790651 0.44591921594037348 22.448876821124681 17351.500000000004 41.656163698916373 0.41660292645099933 19044.000000000004 77.936508788573107 119.32796875634401 -0.81572434892801249 2.75944995880127 0.01099999248981476 0.13239999860525134 0.050610959940680947 14368.000000000002 16036.000000000002 -0.52357906993017644 0.14612181306405139 591.50000000000011 -2.3393187377137123 11.200424604157424 5.8833000659942636 103.88967904261763 47.529438892528681 3587.5000000000005 2792.5000000000005 90.083796847168387 47.432148707055269 0.4076730973755805
decision_type=2 2 2 2 2 2 2 2 2 2 2 2 2 2 2 2 2 2 2 2 2 2 2 2 2 2 2 2 2 2
left_child=1 2 6 11 7 -2 8 23 9 10 -1 -4 -12 14 17 -16 -17 -14 -9 27 21 -7 -10 25 -25 26 -5 28 -15 -26
right_child=5 -3 3 4 -6 20 -8 18 22 -11 12 -13 13 19 15 16 -18 -19 -20 -21 -22 -23 -24 24 29 -27 -28 -29 -30 -31
leaf_value=0.011201626706503983 0.011163115879298014 -0.0018647389538664634 0.0058759070823249061 0.0074121096707058468 -0.0022367271405163082 -0.0034716152597188592 -0.0055179546451894768 0.019479345259738507 0.0055846211960266087 -0.0040290281308455241 -0.0034492183353566895 -0.0045664938445766391 0.010290814765241707 -0.0020948319862270286 0.011276703657318006 -0.0050367483815403008 0.0081745586488538476 -0.0030200354498395054 -0.0036033981433812017 -0.002397073314991522 -0.0017859616536381425 0.018008096092817862 0.028994126147702391 -0.0089506482019814527 -0.0012477284947396733 0.011167476799479987 -0.0027763130367921278 -0.010226911223235446 0.012239826637773265 0.0089509687178229817
leaf_weight=83 104 218 61 178 299 99 268 63 1116 135 220 133 65 312 416 153 82 148 151 2658 466 67 80 90 96 574 104 116 385 406
leaf_count=83 104 218 61 178 299 99 268 63 1116 135 220 133 65 312 416 153 82 148 151 2658 466 67 80 90 96 574 104 116 385 406
internal_value=-0.00253021 -0.00150319 -0.00104204 0.00387269 0.00599949 -0.0144534 -0.00274191 0.00907019 -0.00204469 -0.00358204 -0.00293991 -0.0172362 -0.00343092 -0.00268548 0.00402762 0.00826982 -0.00422917 -0.00883028 -0.00607306 -0.0043599 -0.0183516 -0.00450292 0.00407993 0.0113214 0.00480737 0.0157724 0.00560976 0.00209658 0.00503561 0.00980276
internal_weight=9346 8610 8392 2155 1961 736 6237 1662 5969 4773 4638 194 4555 4335 864 651 235 213 214 3471 632 166 1196 1448 592 856 282 813 697 502
internal_count=9346 8610 8392 2155 1961 736 6237 1662 5969 4773 4638 194 4555 4335 864 651 235 213 214 3471 632 166 1196 1448 592 856 282 813 697 502
is_linear=0
shrinkage=0.035


Tree=44
num_leaves=31
num_cat=0
split_feature=183 6 82 88 60 246 153 2 11 126 93 246 193 13 71 19 69 126 8 126 49 6 2 49 33 19 246 82 41 93
split_gain=92.0284 71.9893 91.0891 64.2885 56.2467 50.2397 47.7757 47.5001 50.7982 55.3529 43.6777 37.965 68.3114 35.7074 35.8085 34.6718 31.2233 30.973 49.1755 50.6812 40.6844 31.103 46.7821 66.5237 33.8918 53.4575 71.2093 35.0521 30.4625 41.2658
threshold=0.91104583216101476 30.792619063504109 2308.5000000000005 0.12945000082254413 2733.0000000000005 0.55189336919010679 0.45652057278139307 682.73999023437511 15.251945778000897 5151.5000000000009 26728.000000000004 0.88535572336755397 0.96794071219247446 19.222420233669144 11900.500000000002 663.50000000000011 -8.6880024365455775 1670.5000000000002 -29.438759274909 1943.5000000000002 13816.500000000002 -28.936889227412298 625.52499389648449 10916.000000000002 0.48505000770092016 578.50000000000011 -0.7600859612465688 3452.5000000000005 566.50000000000011 2287.5000000000005
decision_type=2 2 2 2 2 2 2 2 2 2 2 2 2 2 2 2 2 2 2 2 2 2 2 2 2 2 2 2 2 2
left_child=1 2 3 -1 11 6 7 8 9 -4 13 -2 -13 14 -10 16 -8 -15 19 -19 -20 24 23 -23 25 28 -27 -26 29 -21
right_child=4 -3 5 -5 -6 -7 15 -9 10 -11 -12 12 -14 17 -16 -17 -18 18 20 21 -22 22 -24 -25 27 26 -28 -29 -30 -31
leaf_value=-0.0041831120872206492 -0.0021278548754101699 -0.0018037601298636801 0.0098203204343679223 0.0066831432853219023 0.0092110302919420142 -0.0021584416905982375 0.01331387129579371 -0.0061840711605730689 -7.6127140655756775e-05 -0.0021015414686501198 -0.0025290544587171296 0.012004011341031115 -0.0017967858877007961 0.009905567919921773 0.012029736783562157 0.012589008029123832 -0.0061336853137956811 -0.0037814065618048671 -0.0043721882897527981 -0.0071173460356731876 0.0038432609195226523 0.0078629901869279265 0.011320980652390017 -0.002938880772082189 -0.0085443971328959447 0.013400163101742029 -0.0023204064227407418 0.013547400749888545 -0.0059873437431523886 0.013607817536741606
leaf_weight=138 312 216 152 978 79 1059 67 86 118 441 99 163 182 450 139 69 362 94 322 86 126 661 460 308 78 195 1454 247 116 89
leaf_count=138 312 216 152 978 79 1059 67 86 118 441 99 163 182 450 139 69 362 94 322 86 126 661 460 308 78 195 1454 247 116 89
internal_value=-0.00252272 -0.00150319 -0.00098345 0.00830508 -0.014359 -0.00241247 -0.00120903 -0.000299511 0.000105496 -0.00954013 0.00124827 -0.0177115 -0.0095 0.00171888 0.0142939 -0.0115507 -0.0152419 0.00101471 8.25277e-05 0.00138413 -0.0108168 0.0020438 0.00607741 0.00168891 -0.000508811 -0.00226735 0.000190447 0.00986364 -0.0159628 -0.00641667
internal_weight=9346 8610 8394 1116 736 7278 6219 5721 5635 593 5042 657 345 4943 257 498 429 4686 4236 3788 448 3694 1429 969 2265 1940 1649 325 291 175
internal_count=9346 8610 8394 1116 736 7278 6219 5721 5635 593 5042 657 345 4943 257 498 429 4686 4236 3788 448 3694 1429 969 2265 1940 1649 325 291 175
is_linear=0
shrinkage=0.035


Tree=45
num_leaves=31
num_cat=0
split_feature=104 6 82 33 130 173 27 115 213 13 140 19 173 104 126 261 274 242 93 270 270 115 115 173 219 274 19 115 215 6
split_gain=95.1125 82.694 62.9693 61.176 46.1404 45.2752 44.1053 39.9971 33.8551 52.4833 49.7029 46.5957 69.1445 44.0018 46.8159 46.3281 55.7017 34.9187 42.6878 34.2465 38.3222 34.4443 53.7183 38.7268 34.1432 33.7832 33.5961 40.8092 34.639 32.0112
threshold=307.00000000000006 30.792619063504109 2081.0000000000005 0.14085000008344653 -87.275550299657496 0.64703898334560705 34357.500000000007 2646.5000000000005 11.242971973994186 32.760862008990721 674.50000000000011 575.50000000000011 0.17562216563326857 5137.5000000000009 3463.5000000000005 575.14501953125011 0.1840033505040862 18.833632199580027 15547.500000000002 121.18560887498283 90.413552766569211 8604.5000000000018 1778.5000000000002 -0.1125339535581594 -27.836058760944397 0.50410335462812994 637.50000000000011 6049.0000000000009 -0.06200000271201133 -10.741511361669712
decision_type=2 2 2 2 2 2 2 2 2 2 2 2 2 2 2 2 2 2 2 2 2 2 2 2 2 2 2 2 2 2
left_child=29 2 3 -2 7 6 8 -4 9 -6 11 -11 -13 14 -10 16 17 -15 19 20 21 22 -19 -23 26 -16 27 28 -24 -1
right_child=1 -3 4 -5 5 -7 -8 -9 13 10 -12 12 -14 15 25 -17 -18 18 -20 -21 -22 23 24 -25 -26 -27 -28 -29 -30 -31
leaf_value=-0.0014073067315704658 -0.0024737891985251916 -0.0016969386857766246 -0.00090086368845637482 0.0053293930560387049 -0.0022558544289396736 -0.0024602328136511379 -0.0022009462442648801 0.011251261862142956 0.00069830403277301506 -0.0054701415103979084 -0.0087297260485019769 0.010508273909158289 -0.0036528566916652614 0.014692474680917266 0.011484220823521591 0.0043364568602398115 -0.0033949169788762357 0.011191643623544115 -0.0036403686096515677 -0.0061457246686944739 0.015030942843618217 -0.0057209057940972342 -0.0083304848385577536 0.013615662651656198 -0.0049615475038090997 -0.0010712622518437135 -0.0043531171725007846 -0.0025513962335126962 0.013892937811040154 -0.0019598025621590845
leaf_weight=239 77 237 195 1057 301 281 135 164 1067 527 103 630 381 79 324 999 479 133 223 103 141 77 64 317 197 86 109 193 196 232
leaf_count=239 77 237 195 1057 301 281 135 164 1067 527 103 630 381 79 324 999 479 133 223 103 141 77 64 317 197 86 109 193 196 232
internal_value=-0.00247781 -0.00165935 -0.00109337 0.00657594 -0.00225596 -0.00287343 -0.0023031 0.00990385 -0.00189709 -0.00578839 -0.00329587 -0.00167855 0.00272146 -0.000314065 0.00469973 -0.00255505 -0.00527418 -0.00247686 -0.00352389 -0.00141368 2.44413e-05 -0.00189775 -0.00569677 0.00666667 -0.00929974 0.0146747 -0.00481481 -0.000534934 0.00845283 -0.0177206
internal_weight=9346 8875 8638 1134 7504 7145 6864 359 6729 1942 1641 1538 1011 4787 1477 3310 2311 1832 1753 1530 1427 1286 892 394 759 410 562 453 260 471
internal_count=9346 8875 8638 1134 7504 7145 6864 359 6729 1942 1641 1538 1011 4787 1477 3310 2311 1832 1753 1530 1427 1286 892 394 759 410 562 453 260 471
is_linear=0
shrinkage=0.035


Tree=46
num_leaves=31
num_cat=0
split_feature=183 6 173 242 93 270 173 71 193 126 71 2 203 126 148 52 60 173 60 11 126 242 137 246 63 140 115 11 6 271
split_gain=100.689 72.1675 58.8347 73.0095 79.1153 55.0604 53.1794 46.7146 44.5148 44.261 52.3016 51.8198 38.058 36.5329 60.1756 37.7709 33.3608 31.2057 30.9225 30.7283 70.6467 38.8847 40.2316 43.6164 38.494 46.4264 35.3849 50.5867 41.2313 49.331
threshold=0.91104583216101476 30.792619063504109 0.44591921594037348 22.448876821124681 17351.500000000004 41.656163698916373 0.41660292645099933 19044.000000000004 -0.94155679316392205 12507.000000000002 17145.500000000004 682.73999023437511 0.14612181306405139 1461.5000000000002 844.50000000000011 674.50000000000011 2733.0000000000005 0.30514202045663852 813.50000000000011 17.061794081397185 4962.5000000000009 19.880087626050919 3990.5000000000005 -0.48655062681947719 576.50000000000011 666.50000000000011 7085.0000000000009 91.055396110593975 -28.006461619819628 10.473472755067164
decision_type=2 2 2 2 2 2 2 2 2 2 2 2 2 2 2 2 2 2 2 2 2 2 2 2 2 2 2 2 2 2
left_child=1 2 6 -4 7 -2 8 18 -1 10 11 13 -9 17 -15 19 -7 -10 -5 20 -16 -21 24 -24 -23 -26 27 -25 -28 -30
right_child=5 -3 3 4 -6 16 -8 12 9 -11 -12 -13 -14 14 15 -17 -18 -19 -20 21 -22 22 23 26 25 -27 28 -29 29 -31
leaf_value=0.011781697757021439 0.010413551142174508 -0.0016812356713162694 -0.0032774820846433851 -0.008329982570993124 -0.0020889144266751408 -0.0017252117214653013 -0.0057345115102167485 0.01847683467162033 0.0076629081633888133 -0.0033975526330460386 0.012014865487852921 -0.003360920914863496 -0.0034261743903389783 -0.0030449735535655023 0.010480157095904384 0.014350695513961122 0.0053822700172179256 -0.004717024942710305 0.0073690512644018717 0.0086080577051241922 -0.0023214536087768169 -0.0040369351620045436 0.014926182266119187 -0.0046487139462455243 0.0087690889344954111 -0.0095290905823396371 -0.0041723318695920325 0.0034309150247843691 -0.0025303293997383661 0.015008683727698141
leaf_weight=266 104 216 194 116 298 570 269 63 454 491 224 133 151 350 149 132 62 135 1324 166 363 499 62 290 1146 174 304 142 386 113
leaf_count=266 104 216 194 116 298 570 269 63 454 491 224 133 151 350 149 132 62 135 1324 166 363 499 62 290 1146 174 304 142 386 113
internal_value=-0.00254518 -0.00147882 -0.000958447 0.00403533 0.00608074 -0.0149258 -0.00267552 0.00907173 -0.00198279 -0.00263816 -0.00168739 -0.00243454 -0.00607306 -0.00183265 -0.00295959 -0.00170949 -0.0187912 0.00630471 0.0113356 -0.00235852 -0.0102901 -0.00110739 -0.00199616 -0.00669355 0.00136239 0.00449057 -0.00815726 -0.0161785 -0.00376856 0.00243056
internal_weight=9346 8610 8394 2146 1952 736 6248 1654 5979 5713 5222 4998 214 4865 4276 3926 632 589 1440 3794 512 3282 3116 1297 1819 1320 1235 432 803 499
internal_count=9346 8610 8394 2146 1952 736 6248 1654 5979 5713 5222 4998 214 4865 4276 3926 632 589 1440 3794 512 3282 3116 1297 1819 1320 1235 432 803 499
is_linear=0
shrinkage=0.035


Tree=47
num_leaves=31
num_cat=0
split_feature=183 6 82 88 60 216 246 137 218 27 30 137 203 71 173 214 246 193 93 203 4 153 140 49 91 93 115 219 49 126
split_gain=97.9991 72.227 82.0954 61.7852 50.9068 44.2464 41.3862 46.0727 44.1765 51.9747 44.5173 47.4983 66.4724 43.2636 62.5348 41.5758 39.9998 68.3114 36.2084 35.6758 34.2423 30.7351 30.9202 30.5132 29.9243 31.5006 28.189 27.3819 25.5588 47.1463
threshold=0.91104583216101476 30.792619063504109 2308.5000000000005 0.12945000082254413 2733.0000000000005 98.47092189267353 0.55189336919010679 6951.5000000000009 26.068093642608346 6266.5000000000009 647.50000000000011 3146.0000000000005 0.70569273067830818 13627.000000000002 0.12096302194976587 0.05154997110366822 0.88535572336755397 0.96794071219247446 7557.0000000000009 0.65525569565452357 -11.076561877561582 -0.66643230111287399 582.50000000000011 14301.500000000002 -2.1898028506540475 14443.000000000002 3198.0000000000005 4.5352627965717298 6907.5000000000009 12507.000000000002
decision_type=2 2 2 2 2 2 2 2 2 2 2 2 2 2 2 2 2 2 2 2 2 2 2 2 2 2 2 2 2 2
left_child=1 2 3 -1 16 6 8 -8 9 -4 11 18 20 14 -12 -16 -2 -18 26 -9 -13 22 -10 -14 25 -5 -11 -21 -23 -30
right_child=4 -3 5 24 -6 -7 7 19 21 10 13 12 23 -15 15 -17 17 -19 -20 27 -22 28 -24 -25 -26 -27 -28 -29 29 -31
leaf_value=-0.003946431932352462 -0.0019708748166353432 -0.0016223924228201995 0.013238961033139559 0.0079069319979347356 0.0084997293006008785 0.010495933984616663 -0.0040557504070685754 0.013200342996937368 -0.0034019694061089515 0.0046401340629619869 0.012817250501300113 0.0023795227695153857 0.007403079196228084 0.0080421089618359799 -0.0047003067550262902 0.0046095953842078541 0.011661084286857835 -0.0016390358120022652 0.016603454188970822 -0.0022252087789982307 -0.0042343437338015896 -0.0025751485588965837 0.011472115638055762 -0.0027130451220739593 -0.0046556162793166657 -0.0053846806045947451 -0.011982709530340243 0.006371113675047016 -0.0001506486275826874 -0.0032786382908894253
leaf_weight=138 312 216 294 780 79 231 216 97 62 164 114 152 390 295 92 65 163 182 163 633 743 1172 110 90 82 116 73 96 1667 359
leaf_count=138 312 216 294 780 79 231 216 97 62 164 114 152 390 295 92 65 163 182 163 633 743 1172 110 90 82 116 73 96 1667 359
internal_value=-0.00252272 -0.00147069 -0.000950113 0.00786798 -0.0147368 -0.00230674 -0.00280417 -0.00922636 -0.00168303 0.00171023 -4.4757e-05 -0.00277247 -0.0058587 0.00845884 -0.00164855 -0.0157716 -0.017923 -0.0095 0.00777778 -0.0053911 -0.0114722 -0.00433481 0.00988701 0.00461856 0.0109664 0.0128191 -0.0010124 -0.00805858 -0.00511396 -0.0027228
internal_weight=9346 8610 8394 1116 736 7278 7047 1042 6005 2635 2341 1775 1375 566 271 157 657 345 400 826 895 3370 172 480 978 896 237 729 3198 2026
internal_count=9346 8610 8394 1116 736 7278 7047 1042 6005 2635 2341 1775 1375 566 271 157 657 345 400 826 895 3370 172 480 978 896 237 729 3198 2026
is_linear=0
shrinkage=0.035


Tree=48
num_leaves=31
num_cat=0
split_feature=104 6 82 77 130 193 49 115 272 148 20 49 201 193 185 274 242 28 153 4 221 71 27 27 93 115 13 246 69 104
split_gain=93.8424 83.0177 55.4767 53.5206 45.2974 43.3706 40.0094 39.9971 36.9004 37.1301 36.2415 36.0354 38.7483 33.9504 33.4106 31.7407 36.9735 29.909 26.0218 25.1458 25.0789 24.6507 32.9151 28.5061 30.7609 30.0951 28.5904 34.5771 38.9253 28.4236
threshold=307.00000000000006 30.792619063504109 2081.0000000000005 0.11005000025033952 -87.275550299657496 -0.95467506558762338 18969.000000000004 2646.5000000000005 0.01520001143217087 266.00000000000006 19.962821854152548 7919.5000000000009 0.15277499705553058 0.95754416761929495 0.0083592572448408977 0.15945162146634773 99.898957362647948 295.50000000000006 0.31554842576218317 34.142823247232108 39.023211149460273 20144.000000000004 19716.000000000004 15690.000000000002 12738.000000000002 10509.000000000002 33.08196797167836 -0.3461847187373952 -6.8941538207585831 7171.0000000000009
decision_type=2 2 2 2 2 2 2 2 2 2 2 2 2 2 2 2 2 2 2 2 2 2 2 2 2 2 2 2 2 2
left_child=13 2 3 -2 7 -6 11 20 10 -10 -7 12 -5 -1 15 16 -11 -16 -12 -14 -4 22 23 24 25 26 27 -19 -29 -30
right_child=1 -3 4 6 5 8 -8 -9 9 14 18 -13 19 -15 17 -17 -18 21 -20 -21 -22 -23 -24 -25 -26 -27 -28 28 29 -31
leaf_value=-0.0023662114316565079 -0.0021810551259724663 -0.0015219188484796654 0.018290808917805924 -0.008622771622867129 0.015998483025625041 0.0067528208967479941 -0.0025954632408859194 0.01064330430933888 -0.0022276211309452329 -0.0040461850711915838 -0.0018808552941153756 0.0071017788851903485 0.0059249384997658227 -0.0015105290573766063 0.0036300956971499852 -0.0052809925838340887 0.013490793849696299 -0.0032804689162698407 -0.0039604372047526747 -0.014288458753541226 -0.008066179731322556 0.012823970200022912 -0.0067817880024006981 0.0093021579996121744 -0.0024714315960557465 0.008137578266485682 0.00032407891023005918 -0.0038492957188101715 -0.003808306814720126 0.013148915875698853
leaf_weight=157 60 237 62 78 129 131 70 164 180 394 1398 470 396 314 1518 452 66 112 287 60 133 194 139 235 504 257 892 70 84 103
leaf_count=157 60 237 62 78 129 131 70 164 180 394 1398 470 396 314 1518 452 66 112 287 60 133 194 139 235 504 257 892 70 84 103
internal_value=-0.00243289 -0.00161993 -0.00105288 0.00614574 -0.00214409 -0.00275594 0.00797961 0.00990385 -0.00313061 -0.00162728 -0.007419 0.00978196 0.00350649 -0.0175735 -0.00105871 -0.00709924 -0.000602151 0.000289327 -0.00880178 0.00744035 -0.000875 -0.00199615 -0.00297376 -0.00193413 -0.00328071 -0.000781353 -0.00301343 -0.0111364 -0.00387405 0.00455729
internal_weight=9346 8875 8638 1134 7504 7145 1074 359 7016 5200 1816 1004 534 471 5020 912 460 4108 1685 456 195 2590 2396 2257 2022 1518 1261 369 257 187
internal_count=9346 8875 8638 1134 7504 7145 1074 359 7016 5200 1816 1004 534 471 5020 912 460 4108 1685 456 195 2590 2396 2257 2022 1518 1261 369 257 187
is_linear=0
shrinkage=0.035


Tree=49
num_leaves=31
num_cat=0
split_feature=104 6 82 33 216 49 173 193 4 27 49 246 270 49 270 173 218 122 153 203 19 104 4 270 203 148 2 132 126 7
split_gain=91.4421 81.3411 51.2244 51.8564 44.7428 38.378 37.0112 33.9504 33.9468 33.5842 40.2947 60.3677 51.2895 49.5767 48.5805 40.9161 37.6897 33.3077 33.2856 32.6409 30.528 62.996 53.6649 36.4165 38.9261 54.6013 46.5709 40.3691 45.4401 29.2613
threshold=307.00000000000006 30.792619063504109 2081.0000000000005 0.13695000112056735 98.47092189267353 18969.000000000004 0.64703898334560705 0.95754416761929495 34.142823247232108 19389.000000000004 9778.0000000000018 0.56480778594090053 33.579943854483766 10154.000000000002 32.219293288958625 0.59439766377983794 7.2022098805144674 19.305659669523862 0.4973113545966063 -0.52234206393769456 612.50000000000011 5233.5000000000009 -0.87031506813674553 35.683086205590733 -0.69597108411805642 1930.5000000000002 632.68997192382824 0.130050003528595 12507.000000000002 -68.99973703342647
decision_type=2 2 2 2 2 2 2 2 2 2 2 2 2 2 2 2 2 2 2 2 2 2 2 2 2 2 2 2 2 2
left_child=7 2 3 -2 6 8 9 -1 -5 10 11 12 -4 -12 17 20 -11 -15 29 -18 21 22 -16 -22 -25 26 -26 -27 -29 -14
right_child=1 -3 4 5 -6 -7 -8 -9 -10 16 13 -13 18 14 15 -17 19 -19 -20 -21 23 -23 -24 24 25 27 -28 28 -30 -31
leaf_value=-0.0022833940315485305 -0.0027146950803502044 -0.0014686516887828785 -0.0021419986529411378 0.0058988979820533416 0.0096367488146676152 -0.0025046220274549135 -0.0022826473810013586 -0.0014576605403684257 -0.0080560800408168362 0.007790508972051859 0.010289120405557295 -0.0034230755012387279 -0.0013534813845750388 0.0085497823820431806 0.016680394556567717 0.018355829127775114 0.0066959390713973175 -0.0022219415453611753 -0.0056941582388675381 -0.0042128839910384342 -0.0086490893914757481 -0.0038113267996014531 -0.0042080662799977133 -0.0046105172529155797 0.0036774877782428071 -0.0027047953624080448 -0.004179067499612236 0.0099100793213158633 -0.0033860494406585768 0.002827220241799577
leaf_weight=157 60 237 150 895 234 70 282 314 109 60 284 392 1348 177 119 88 82 77 118 344 89 395 85 100 181 65 235 762 160 1677
leaf_count=157 60 237 150 895 234 70 282 314 109 60 284 392 1348 177 119 88 82 77 118 344 89 395 85 100 181 65 235 762 160 1677
internal_value=-0.00262753 -0.00182489 -0.00126345 0.00565408 -0.00231189 0.00746061 -0.0028 -0.0175735 0.00922696 -0.00229229 -0.0016244 -0.00403117 -0.00247271 0.00152551 -4.13712e-05 -0.00167032 -0.0111202 0.0143243 -0.00150095 -0.0147796 -0.00262978 -0.00932947 0.00636364 -8.76644e-05 0.00123011 0.00275923 -0.00781473 0.00723286 0.009137 -0.000773927
internal_weight=9346 8875 8638 1134 7504 1074 7270 471 1004 6988 6502 3685 3293 2817 2533 2279 486 254 3143 426 2191 599 204 1592 1503 1403 416 987 922 3025
internal_count=9346 8875 8638 1134 7504 1074 7270 471 1004 6988 6502 3685 3293 2817 2533 2279 486 254 3143 426 2191 599 204 1592 1503 1403 416 987 922 3025
is_linear=0
shrinkage=0.035


Tree=50
num_leaves=31
num_cat=0
split_feature=104 6 82 77 216 49 173 193 11 126 49 260 13 126 126 104 193 193 173 137 30 137 274 13 49 153 137 49 71 52
split_gain=91.9933 81.7265 46.0891 50.829 44.1312 37.3751 34.7525 33.9504 33.8713 48.6316 31.7909 53.695 61.0668 39.2946 57.3721 37.5185 35.6837 75.6344 46.4675 41.7527 40.8905 40.8502 39.0892 35.5543 37.5805 36.7421 37.6441 44.495 37.0438 57.7485
threshold=307.00000000000006 30.792619063504109 2081.0000000000005 0.11005000025033952 98.47092189267353 18969.000000000004 0.64703898334560705 0.95754416761929495 15.251945778000897 4962.5000000000009 8673.0000000000018 -0.58135880531422546 116.96913404868909 12507.000000000002 11791.000000000002 15908.500000000002 0.56440660946226806 0.36332174972229087 0.59439766377983794 4219.0000000000009 667.50000000000011 10495.000000000002 0.32013490858016375 29.069392987365163 8314.5000000000018 0.4973113545966063 12091.500000000002 8468.5000000000018 6926.0000000000009 644.50000000000011
decision_type=2 2 2 2 2 2 2 2 2 2 2 2 2 2 2 2 2 2 2 2 2 2 2 2 2 2 2 2 2 2
left_child=7 2 3 -2 6 -5 8 -1 9 -4 11 12 -10 14 15 16 17 19 20 -12 22 -21 -18 24 -13 26 27 28 -25 -30
right_child=1 -3 4 5 -6 -7 -8 -9 10 -11 13 23 -14 -15 -16 -17 18 -19 -20 21 -22 -23 -24 25 -26 -27 -28 -29 29 -31
leaf_value=-0.0022034752404443314 -0.0020097038687511737 -0.0014172488796754786 0.0079870996688558918 0.0050394240126403912 0.0092994626061542497 -0.0024169602564939907 -0.0022027547226663108 -0.0014066424214555302 0.0092521704173311424 -0.001762963605949153 0.009498588998829393 -0.0038518851596671465 -0.0065033191379571835 -0.0033039570068048112 0.012564473709937704 -0.004292189516231182 0.0039848261935847172 0.0082460631267948625 0.020345422564256182 -0.0022167649694733423 -0.0045926455313755905 0.010321552216157118 -0.0029975141074004112 -0.003923112785763655 0.00014455612851270729 -0.0061573716667007684 0.015928484410826678 -0.0055795163914015315 -0.0010108464723123638 0.015977248064454865
leaf_weight=157 60 237 159 1004 234 70 282 314 374 466 609 259 86 353 83 144 450 495 76 643 188 182 367 879 109 129 69 105 643 120
leaf_count=157 60 237 159 1004 234 70 282 314 374 466 609 259 86 353 83 144 450 495 76 643 188 182 367 879 109 129 69 105 643 120
internal_value=-0.00258261 -0.00177759 -0.00121486 0.0053468 -0.00220935 0.00713624 -0.00269416 -0.0175735 -0.0022022 -0.00994444 -0.00143452 -0.00424586 0.00662366 0.000739917 0.00195404 0.00117442 0.0020199 0.00486815 -0.00306169 0.000778318 -0.00509406 -0.00434337 -0.00166058 -0.00641717 -0.0163271 -0.00450513 -0.00319055 -0.00421518 -0.0027626 0.00287109
internal_weight=9346 8875 8638 1134 7504 1074 7270 471 6988 625 6363 2773 460 3590 3237 3154 3010 1929 1081 1434 1005 825 817 2313 368 1945 1816 1747 1642 763
internal_count=9346 8875 8638 1134 7504 1074 7270 471 6988 625 6363 2773 460 3590 3237 3154 3010 1929 1081 1434 1005 825 817 2313 368 1945 1816 1747 1642 763
is_linear=0
shrinkage=0.035


Tree=51
num_leaves=31
num_cat=0
split_feature=183 6 82 88 270 216 4 91 246 137 153 4 4 48 19 33 71 225 193 82 60 214 272 69 93 93 242 13 13 13
split_gain=85.6821 69.8822 56.6903 54.2069 50.7309 44.1541 37.3762 37.6984 33.9345 44.0208 39.3401 37.8902 33.2879 56.4577 32.9143 31.9931 49.0847 47.6707 40.4161 37.439 33.987 32.9245 30.0505 29.5758 28.0579 27.5241 26.0877 54.6288 40.5019 44.4163
threshold=0.91104583216101476 35.631164906008543 2308.5000000000005 0.12945000082254413 41.656163698916373 98.47092189267353 38.916660903669928 -2.1898028506540475 0.55189336919010679 6951.5000000000009 0.45652057278139307 -20.016140689563439 -3.0780289283752138 3.7756499052047734 663.50000000000011 0.18675000220537188 10675.500000000002 0.30323673018076586 -0.0084242524510764732 4169.5000000000009 10222.500000000002 0.019500005990266803 0.01255001872777939 -8.6880024365455775 16242.000000000002 9514.5000000000018 19.095260803195661 21.902575219170821 33.08196797167836 39.575384870420898
decision_type=2 2 2 2 2 2 2 2 2 2 2 2 2 2 2 2 2 2 2 2 2 2 2 2 2 2 2 2 2 2
left_child=1 2 3 -1 -2 8 7 24 10 -10 11 26 13 -6 23 18 20 19 -13 -18 22 -20 -17 -12 -5 -24 -4 -28 -29 -30
right_child=4 -3 5 6 12 -7 -8 -9 9 -11 14 15 -14 -15 -16 16 17 -19 21 -21 -22 -23 25 -25 -26 -27 27 28 29 -31
leaf_value=-0.0035613445505028817 0.0094071231710673962 -0.0015949179774386269 -0.0022835310984808247 0.0075527692020766705 -0.0032859624575860744 0.009013395805860443 -0.0019520606642824991 -0.0042872472579065062 -0.0036232672391703353 -0.00099336236334809556 0.012021749479550219 -0.0016504519851305007 -0.0013697959101592091 0.018927557518220402 0.010383677766683884 -0.006462409584405992 0.0031803474537589935 0.014318155551495931 -0.00040281335780948893 -0.004153572926481431 0.0097522856771020579 0.0092047478054862186 -0.0018370272665169476 -0.0055595912432358412 -0.0081642932170005646 0.011380521055703485 0.017124107728871549 -0.0023123043193064678 0.013242346887923495 -0.0014442221462769391
leaf_weight=138 104 147 70 784 83 231 85 82 216 830 66 127 482 67 68 139 83 95 157 437 349 486 666 340 65 300 87 588 176 1798
leaf_count=138 104 147 70 784 83 231 85 82 216 830 66 127 482 67 68 139 83 95 157 437 349 486 666 340 65 300 87 588 176 1798
internal_value=-0.00256015 -0.00157632 -0.00115316 0.00603969 -0.0139811 -0.00229218 0.00884427 0.0108814 -0.00278695 -0.00859182 -0.00177406 -0.000943735 -0.0176923 -0.00316129 -0.0113987 0.00188291 -0.000388139 -0.0086371 0.00794839 -0.0128 0.00311857 0.0115046 9.45946e-05 -0.0151582 0.0130738 0.0023069 -0.00389317 -0.0033101 -0.00425399 -0.00183931
internal_weight=9346 8610 8463 1154 736 7309 1016 931 7078 1046 6032 5558 632 150 474 2839 2069 615 770 520 1454 643 1105 406 849 966 2719 2649 2562 1974
internal_count=9346 8610 8463 1154 736 7309 1016 931 7078 1046 6032 5558 632 150 474 2839 2069 615 770 520 1454 643 1105 406 849 966 2719 2649 2562 1974
is_linear=0
shrinkage=0.035


Tree=52
num_leaves=31
num_cat=0
split_feature=104 6 152 6 213 27 155 71 126 110 82 66 27 160 55 183 191 270 114 49 125 19 272 27 261 233 115 9 261 71
split_gain=90.653 80.349 42.3285 29.9521 38.931 25.488 39.7614 35.57 39.2343 37.9411 47.81 36.0811 35.9143 35.5137 30.6599 28.3361 27.3878 25.1706 23.5019 30.1985 29.0038 21.4513 21.166 28.6008 22.9635 31.6652 21.707 28.1006 21.9747 30.1744
threshold=307.00000000000006 35.631164906008543 0.22191570651433754 -10.741511361669712 11.406770186517564 5674.0000000000009 0.021212727571612262 6926.0000000000009 10355.000000000002 0.19439999759197238 11285.000000000002 0.16025000065565112 20240.000000000004 -0.0028999894857406612 0.28959999978542333 0.50656228051092922 0.11810000054538251 42.136485110517107 4.314699888229371 7137.5000000000009 5.0766999721527108 602.50000000000011 0.01609999313950539 13134.500000000002 562.30999755859386 6778.1750488281259 3104.5000000000005 -1.8073519735452688 550.08502197265636 10420.500000000002
decision_type=2 2 2 2 2 2 2 2 2 2 2 2 2 2 2 2 2 2 2 2 2 2 2 2 2 2 2 2 2 2
left_child=3 2 5 4 -1 13 -7 11 9 12 18 -8 16 -2 15 -13 17 -9 19 -11 -20 -16 -4 24 -24 -26 -25 -28 29 -29
right_child=1 -3 22 -5 -6 6 7 8 -10 10 -12 14 -14 -15 21 -17 -18 -19 20 -21 -22 -23 23 26 25 -27 27 28 -30 -31
leaf_value=-0.0017925528005702321 -0.0023594183794188369 -0.0013426478034358543 -0.0019776742355718806 -0.0016471856731539126 0.01262684375328549 0.0093860365970366826 -0.0046390537419710711 0.0015648162486414966 -0.0022389351255817889 0.016896093913702556 0.016517122619708037 -0.00043870319848710488 -0.0024028857397146342 0.0072903812342004241 -0.0028225033318178923 0.019575014780380488 0.0067279383257000452 -0.0034149947862201998 -0.0056381374344939708 -0.0017352097164927173 -0.00074963149517388091 -0.0096791553084929934 -0.0013326832050809558 -0.002995201867998076 -0.0030847636478977618 0.0087537987903343311 0.023317267518294896 0.0016036996135840578 0.006243770285111654 -0.0022271769824540122
leaf_weight=179 119 167 1120 232 60 78 170 137 418 62 102 193 121 860 237 68 1175 77 251 301 189 74 1218 83 655 132 62 123 566 117
leaf_count=179 119 167 1120 232 60 78 170 137 418 62 102 193 121 860 237 68 1175 77 251 301 189 74 1218 83 655 132 62 123 566 117
internal_value=-0.00254518 -0.00174606 -0.0012774 -0.0174265 -0.00846311 0.00101143 -0.000334882 -0.000889665 0.000900282 0.00261777 -0.00303846 -0.00768407 0.0060066 0.00601118 -0.00339688 0.00539474 0.0076076 -0.00383562 -0.00593441 0.000665761 -0.0113258 -0.0107437 -0.0038765 -0.00231678 -0.00468408 -0.00932449 0.00267259 0.0043299 0.00250308 -0.00628571
internal_weight=9346 8875 8708 471 239 4632 3653 3575 2833 2415 905 742 1510 979 572 261 1389 214 803 363 440 311 4076 2956 2005 787 951 868 806 240
internal_count=9346 8875 8708 471 239 4632 3653 3575 2833 2415 905 742 1510 979 572 261 1389 214 803 363 440 311 4076 2956 2005 787 951 868 806 240
is_linear=0
shrinkage=0.035


Tree=53
num_leaves=31
num_cat=0
split_feature=183 6 270 82 88 216 4 60 85 261 107 41 137 137 224 214 8 126 71 270 2 126 274 27 214 272 137 220 82 211
split_gain=84.8288 67.3622 50.3076 48.9648 51.6725 41.805 35.5365 30.1303 28.9351 38.819 46.4121 44.5259 49.0132 50.5296 46.9976 45.0942 40.8487 40.7369 58.5295 70.1697 61.7075 44.7522 38.901 37.6844 35.3609 33.8291 30.2004 29.7155 30.4389 28.5705
threshold=0.91104583216101476 35.631164906008543 41.656163698916373 2308.5000000000005 0.12945000082254413 98.47092189267353 38.916660903669928 2733.0000000000005 682.50000000000011 617.64999389648449 671.50000000000011 646.50000000000011 3778.5000000000005 10845.000000000002 0.99999999997795108 -0.0059000179171562186 -51.194632467528201 12281.500000000002 12478.500000000002 46.143095395444313 663.17999267578136 14654.000000000002 0.32013490858016375 10011.500000000002 0.054700009524822242 0.01520001143217087 1670.0000000000002 29.96131519595686 5120.5000000000009 0.5386204704923202
decision_type=2 2 2 2 2 2 2 2 2 2 2 2 2 2 2 2 2 2 2 2 2 2 2 2 2 2 2 2 2 2
left_child=1 3 -2 4 -1 8 -6 -4 9 10 11 12 15 25 17 -5 -15 18 19 -13 -21 -19 27 -20 -17 -14 -26 -18 -29 -27
right_child=2 -3 7 5 6 -7 -8 -9 -10 -11 -12 14 13 16 -16 24 22 21 23 20 -22 -23 -24 -25 26 29 -28 28 -30 -31
leaf_value=-0.0036721753326347832 0.0088069434605494365 -0.0014921031751080212 -0.0014129991568272117 -0.0037335932683095867 0.0053329882505082204 0.0086657420829899766 -0.0021028343569443994 0.0037982473942646134 -0.0034456189216576106 0.012675857957622145 -0.0036366476286873077 -0.00985851729253325 -0.0030260996620721974 -0.0033357875865215776 0.012455275130904249 0.0053449027478110157 0.015656767112720255 -0.0042213336534720289 -0.006174532401949203 0.0091677052754755121 -0.0035975334484069379 0.0046959978633620445 -0.0019235915776964288 0.0061175522388197835 0.0082324014595708921 -0.0017649538640288078 -0.010635928047372867 0.012860481548635234 -0.0055889235705612614 -0.0042620554908909614
leaf_weight=138 104 147 570 227 931 231 85 62 164 184 177 183 575 233 195 1640 150 132 64 222 197 81 191 491 83 1432 131 91 115 120
leaf_count=138 104 147 570 227 931 231 85 62 164 184 177 183 575 233 195 1640 150 132 64 222 197 81 191 491 83 1432 131 91 115 120
internal_value=-0.00252272 -0.00154382 -0.0138866 -0.00112837 0.00555651 -0.0021869 0.00829579 -0.0175824 -0.00266836 -0.00231681 -0.00275427 -0.00226822 -0.00388344 -0.0068149 0.0028758 0.000218121 0.000802548 0.00056 0.00316265 -0.00438221 0.00354953 -0.0133257 0.00602355 0.0113125 0.00203335 -0.00960366 -0.0111872 0.0127978 0.00398104 -0.00687861
internal_weight=9346 8610 736 8463 1154 7309 1016 632 7078 6914 6730 6553 4988 2907 1565 2081 780 1370 1157 602 419 213 547 555 1854 2127 214 356 206 1552
internal_count=9346 8610 736 8463 1154 7309 1016 632 7078 6914 6730 6553 4988 2907 1565 2081 780 1370 1157 602 419 213 547 555 1854 2127 214 356 206 1552
is_linear=0
shrinkage=0.035


Tree=54
num_leaves=31
num_cat=0
split_feature=104 6 152 193 57 228 126 115 133 120 126 222 270 60 71 201 190 240 82 203 27 11 173 104 93 246 37 233 27 27
split_gain=89.5946 77.9807 38.941 32.4665 28.598 28.186 26.0764 30.3551 27.0234 23.6957 23.1 24.5218 22.536 25.2296 21.7698 58.2891 21.4922 21.3929 20.7178 20.7032 26.5758 34.3516 33.8675 29.8759 36.9954 27.3687 29.0365 27.8494 29.3502 41.2475
threshold=307.00000000000006 35.631164906008543 0.22191570651433754 0.95754416761929495 0.010309573185141663 -20.532726514356778 10355.000000000002 869.50000000000011 47.474679574735056 0.58845001459121715 7887.5000000000009 10.174763496097237 95.827473013636236 9634.5000000000018 6926.0000000000009 0.17585000023245814 -0.0014999993145465849 1.9114716516788202 2081.0000000000005 -0.95231429536329715 9168.0000000000018 34.052804889296205 0.19891155679018843 12281.500000000002 2781.0000000000005 0.54794584835688331 2.5914499759674077 6611.2749023437509 10223.000000000002 12305.000000000002
decision_type=2 2 2 2 2 2 2 2 2 2 2 2 2 2 2 2 2 2 2 2 2 2 2 2 2 2 2 2 2 2
left_child=3 2 4 17 -2 -6 8 -8 14 -9 12 -12 13 -10 15 -7 -16 -1 -4 -20 21 -21 -23 24 -22 27 -27 28 -26 -30
right_child=1 -3 18 -5 5 6 7 9 10 -11 11 -13 -14 -15 16 -17 -18 -19 19 20 23 22 -24 -25 25 26 -28 -29 29 -31
leaf_value=0.007881613343306719 0.0075931895146636504 -0.0012434315191868174 0.0017853620945976747 -0.0012147465842542971 0.01109768189000223 -0.0027335254741274397 0.010682083022832819 0.0075272687004143109 -0.0036254225818202145 -0.0029673785283928621 -0.0016564851305104038 0.014731032339814614 0.0028383912979300361 0.0058888680891721525 0.0041649322418219597 0.0062702441754642537 -0.0026350488248922852 -0.0038245571931046218 0.0075432056569848839 -0.0024723773854086546 -0.0044336895347095676 -0.00030379580967368773 -0.0044172664549150011 -0.0026358104752860832 0.013077074230518923 0.0030587927839376846 -0.0028601705837065033 0.0076143653354756383 -0.0032502278748649731 0.0026207319877140454
leaf_weight=89 107 167 404 314 144 145 89 64 785 432 60 74 460 133 1734 258 147 68 122 390 98 662 356 360 181 105 256 312 252 578
leaf_count=89 107 167 404 314 144 145 89 64 785 432 60 74 460 133 1734 258 147 68 122 390 98 662 356 360 181 105 256 312 252 578
internal_value=-0.0024853 -0.00169088 -0.0012292 -0.0172794 0.000966142 0.000533113 2.39398e-05 -0.00682203 0.00108656 -0.0101996 -0.0025379 0.0110791 -0.00389732 -0.00705309 0.00348624 -0.00386029 0.00506628 -0.00410494 -0.00372213 -0.0045499 -0.00504079 -0.00876858 -0.00533724 -0.00257569 -0.000705092 0.00053878 -0.00793716 0.00287274 3.44488e-05 -0.00276647
internal_weight=9346 8875 8708 471 4632 4525 4381 585 3796 496 1512 134 1378 918 2284 403 1881 157 4076 3672 3550 1408 1018 2142 1782 1684 361 1323 1011 830
internal_count=9346 8875 8708 471 4632 4525 4381 585 3796 496 1512 134 1378 918 2284 403 1881 157 4076 3672 3550 1408 1018 2142 1782 1684 361 1323 1011 830
is_linear=0
shrinkage=0.035


Tree=55
num_leaves=31
num_cat=0
split_feature=183 6 82 88 270 216 91 60 153 217 122 272 115 153 270 52 228 274 214 214 114 270 82 93 38 126 82 49 150 52
split_gain=81.1961 60.7251 54.2664 54.8868 49.0484 41.6159 31.6417 29.2777 27.9529 30.0141 28.7563 31.9906 29.6772 44.1414 33.1177 30.7327 27.4864 25.7419 26.6393 29.3184 29.2322 29.896 25.5527 24.9706 24.801 21.8026 36.2734 30.7246 27.6424 23.0822
threshold=0.91104583216101476 30.792619063504109 2308.5000000000005 0.12945000082254413 41.656163698916373 98.47092189267353 -2.1898028506540475 2733.0000000000005 -0.66643230111287399 63.346380789062266 13.984631966771632 0.015099998563528063 9335.0000000000018 0.43444659015309023 38.108499932913141 670.50000000000011 -18.416924646318385 0.48622770310968988 0.0078500062227249163 0.05785003304481507 5.4766499996185312 69.825966418020684 3365.0000000000005 14443.000000000002 3077.0000000000005 7601.0000000000009 7505.0000000000009 9919.0000000000018 0.019500009715557102 557.50000000000011
decision_type=2 2 2 2 2 2 2 2 2 2 2 2 2 2 2 2 2 2 2 2 2 2 2 2 2 2 2 2 2 2
left_child=1 2 3 -1 -2 8 23 -6 9 -4 12 25 14 15 -10 -14 -13 18 -18 24 -21 -22 -19 -5 -20 26 29 28 -28 -12
right_child=4 -3 5 6 7 -7 -8 -9 10 -11 11 16 13 -15 -16 -17 17 22 19 20 21 -23 -24 -25 -26 -27 27 -29 -30 -31
leaf_value=-0.0036894218244563353 0.0083722852514794121 -0.0013383734454754889 0.011396954163309457 0.0066670259879996405 -0.0013351308041928557 0.0083203048427592397 -0.0041218635077430203 0.0035427505735196917 0.0075970236473364809 -0.0029188468877802227 0.01619316131445243 0.009540330282926994 0.007448009794459939 -0.0019992318692851918 -0.0029355945576196234 -0.0031666967597277743 -0.0071018301619237738 0.0010168807040070733 0.012657820046989529 -0.0044404264621439237 -0.0025076441647964329 0.013378413323844074 -0.0034748817821370795 -0.0062458512668899938 -0.00035238941345608289 -0.0024905047535928489 0.0052594957718450136 0.010002147810180969 -0.0048627831926390044 -0.0036376780655774338
leaf_weight=138 104 216 145 780 570 231 82 62 74 63 64 170 363 89 148 62 98 104 81 581 108 75 283 116 3197 461 67 193 137 484
leaf_count=138 104 216 145 780 570 231 82 62 74 63 64 170 363 89 148 62 98 104 81 581 108 75 283 116 3197 461 67 193 137 484
internal_value=-0.0024853 -0.00152757 -0.00105013 0.00611954 -0.0136032 -0.00215296 0.00904374 -0.0172527 -0.00263542 0.00985915 -0.00302236 -0.00381058 0.00349528 0.00809249 -0.00709251 0.0127791 -0.00241918 -0.00294241 -0.00212786 -0.00167779 -0.00782835 0.00428191 -0.0115179 0.0109545 -0.000234542 -0.00843373 -0.00534211 0.002699 -0.00669856 -0.0111392
internal_weight=9346 8610 8394 1116 736 7278 978 632 7047 208 6839 6103 736 514 222 425 4697 4527 4140 4042 764 183 387 896 3278 1406 945 397 204 548
internal_count=9346 8610 8394 1116 736 7278 978 632 7047 208 6839 6103 736 514 222 425 4697 4527 4140 4042 764 183 387 896 3278 1406 945 397 204 548
is_linear=0
shrinkage=0.035


Tree=56
num_leaves=31
num_cat=0
split_feature=104 6 13 270 211 233 49 13 104 85 115 115 113 13 173 148 115 82 148 71 82 13 243 8 270 163 19 33 71 49
split_gain=88.3564 74.1165 39.8605 83.8335 37.7307 37.8478 60.6104 50.1682 48.8718 62.5053 62.0605 42.3242 37.8561 56.5303 38.7248 38.0359 87.7828 47.0659 36.1046 35.2132 34.4147 34.0132 35.339 33.0748 32.5649 32.3318 31.8207 37.3548 43.1244 53.0505
threshold=221.00000000000003 30.792619063504109 78.512725819584702 111.21465685037889 -0.81572434892801249 5972.1049804687509 7042.0000000000009 59.485352714034818 5498.5000000000009 586.50000000000011 3707.5000000000005 14380.500000000002 -2.5768526576840434 41.638601709175937 0.44165397285117219 2231.0000000000005 8604.5000000000018 8122.0000000000009 1367.5000000000002 13850.500000000002 12538.500000000002 41.886935713033012 5.8568460969514131 -50.709966081420873 90.413552766569211 0.3742561386091065 526.50000000000011 0.46304999291896826 1212.5000000000002 4917.0000000000009
decision_type=2 2 2 2 2 2 2 2 2 2 2 2 2 2 2 2 2 2 2 2 2 2 2 2 2 2 2 2 2 2
left_child=-1 2 3 4 -2 8 -7 11 9 23 -10 12 14 15 19 18 17 -17 -14 -8 -19 22 -16 -6 -9 -18 -4 28 -28 -30
right_child=1 -3 26 -5 5 6 7 24 10 -11 -12 -13 13 -15 21 16 25 20 -20 -21 -22 -23 -24 -25 -26 -27 27 -29 29 -31
leaf_value=-0.00097506534660984369 0.0088399729127239812 -0.0013012175392582244 -0.009412520299679622 -0.0045265550696301357 0.0077687825431429856 -0.0024288689346792626 -0.0035236420030336497 -0.004959757266517502 0.011127126207220573 0.009101892217117739 -0.0036826151434710837 -0.0013326189896403751 0.0001286294343897207 0.0098675792419784317 0.0075947112585619415 0.010662446377733989 0.012456045367661355 -0.0038185946542903353 -0.0032520814009156128 0.0063494851699842864 0.0067009646398243517 -0.0056635269898495351 -0.0067946437006394548 -0.007729490352176932 0.0004941683307406803 -0.0043762223477436654 0.013045775818234318 0.0099067950365088024 -0.0074899739411648288 0.0043507570430244306
leaf_weight=299 83 246 76 227 365 982 390 374 218 269 435 1021 684 379 253 169 414 221 256 124 92 74 69 104 135 60 111 536 190 490
leaf_count=299 83 246 76 227 365 982 390 374 218 269 435 1021 684 379 253 169 414 221 256 124 92 74 69 104 135 60 111 536 190 490
internal_value=-0.00250775 -0.00188301 -0.00134738 -0.00237336 -0.0017022 -0.00198365 -0.00324711 -0.00159428 0.0031841 0.00932705 -0.0037766 -0.000332463 0.00165674 0.00406798 -0.00436066 0.00158338 0.00648283 -0.00402464 -0.00340741 -0.0106551 -0.0119969 0.0038404 0.00877676 0.00155063 -0.0119163 0.0170981 0.00405185 0.00533408 0.000483668 -0.00286131
internal_weight=9346 9047 8801 7398 7171 7088 5697 4715 1391 738 653 4206 3185 2275 910 1896 956 482 940 514 313 396 322 469 509 474 1403 1327 791 680
internal_count=9346 9047 8801 7398 7171 7088 5697 4715 1391 738 653 4206 3185 2275 910 1896 956 482 940 514 313 396 322 469 509 474 1403 1327 791 680
is_linear=0
shrinkage=0.035


Tree=57
num_leaves=31
num_cat=0
split_feature=104 6 82 143 93 6 68 216 38 193 153 160 122 137 163 115 261 148 6 27 261 13 19 270 115 27 153 274 261 270
split_gain=90.7413 63.7613 39.8544 64.3675 49.7712 41.0233 43.7464 40.1578 39.1917 29.0432 28.3059 32.1748 28.8012 28.2134 26.3166 35.6722 28.8227 25.0459 24.8032 57.0407 35.2793 36.1552 45.9902 35.7753 46.0942 40.4799 41.005 33.7661 35.4609 31.2075
threshold=295.00000000000006 23.692888048359819 2271.0000000000005 0.12310000136494638 14397.500000000002 3.7209096251420974 0.026373728891862232 98.47092189267353 1750.5000000000002 0.95754416761929495 -0.66643230111287399 0.0063499957323074349 13.984631966771632 7209.0000000000009 0.44597265304910477 8604.5000000000018 574.10498046875011 293.00000000000006 -32.821741513620601 5819.5000000000009 545.38500976562511 28.001055915296053 665.50000000000011 37.575354487611371 3198.0000000000005 7158.5000000000009 0.056332236835231482 0.11246197274183922 567.20001220703136 55.128146055009942
decision_type=2 2 2 2 2 2 2 2 2 2 2 2 2 2 2 2 2 2 2 2 2 2 2 2 2 2 2 2 2 2
left_child=9 2 3 8 -5 6 -6 10 -2 13 11 -4 14 -1 15 16 -12 -14 29 -20 23 22 27 -21 -25 26 -26 -22 -29 -19
right_child=1 -3 7 4 5 -7 -8 -9 -10 -11 12 -13 17 -15 -16 -17 -18 18 19 20 21 -23 -24 24 25 -27 -28 28 -30 -31
leaf_value=-0.003543925862833701 0.015763811336498759 -0.0014448379959750807 -0.0024729937153671042 0.0054970213434756502 0.0077461295328179651 -0.0063198292931702172 -0.0049957052298436454 0.0077547207140650568 -0.0018611062006602265 -0.001076443690342896 -0.0016930856379847813 0.010679494539994505 -0.0022536559499201658 0.01120899984391807 -0.0025695748548247906 0.0053694661356750908 0.0087284069673536791 -0.0027267955480714764 0.011836724170767516 0.0048564025980400872 0.0088710746418276948 0.0048066313500195173 -0.0065262321932587509 0.0040814359064327496 -0.0056258663663156178 -0.0037617761539980106 0.015052407747698414 0.0040933947473979901 -0.0030745843020535644 -0.001473506194586338
leaf_weight=68 64 382 60 782 100 78 79 230 155 284 124 145 230 81 124 439 60 598 222 150 190 1087 111 226 88 770 64 111 260 1984
leaf_count=68 64 382 60 782 100 78 79 230 155 284 124 145 230 81 124 439 60 598 222 150 190 1087 111 226 88 770 64 111 260 1984
internal_value=-0.00242541 -0.00166013 -0.00102917 0.00471101 0.0083477 -0.00494275 0.004375 -0.00202459 -0.0123438 -0.0179795 -0.00249787 0.0101667 -0.0028847 -0.00522727 0.00358378 0.0065207 -0.0062963 -0.00368028 -0.00322792 -0.00120432 -0.00245754 0.00077381 -0.00558346 -0.00682272 -0.00892454 -0.012384 0.00401274 -0.00142226 -0.00753989 -0.00579049
internal_weight=9346 8913 8531 1258 1039 257 179 7273 219 433 7043 205 6838 149 747 623 184 6091 5861 3279 3057 1759 672 1298 1148 922 152 561 371 2582
internal_count=9346 8913 8531 1258 1039 257 179 7273 219 433 7043 205 6838 149 747 623 184 6091 5861 3279 3057 1759 672 1298 1148 922 152 561 371 2582
is_linear=0
shrinkage=0.035


Tree=58
num_leaves=31
num_cat=0
split_feature=104 6 115 193 152 137 228 25 122 13 137 148 126 148 242 160 215 242 137 145 270 191 193 265 173 242 173 93 223 22
split_gain=93.6567 58.0569 35.7901 33.9504 33.1182 27.5636 24.4371 24.983 21.466 22.5983 24.8202 23.9945 32.735 39.1836 22.511 25.1904 23.644 26.611 21.7955 22.174 21.2289 28.6203 27.3914 22.9353 20.9216 48.2643 46.5608 33.8857 24.33 23.425
threshold=307.00000000000006 35.631164906008543 25649.000000000004 0.95754416761929495 0.22191570651433754 7209.0000000000009 -20.532726514356778 -6.5382767613733401 9.8631910777305229 28.001055915296053 11117.000000000002 9143.5000000000018 5472.5000000000009 1709.5000000000002 31.482341523508428 0.036650002002716071 -0.042849972844123833 34.01309307290088 112.00000000000001 0.015350162593569911 31.840684456677042 0.10812500119209291 0.94968249598759857 -3.2926066248806225 0.44591921594037348 23.122825537664184 0.23639524662262512 16384.500000000004 33.916744314027063 0.12910000234842303
decision_type=2 2 2 2 2 2 2 2 2 2 2 2 2 2 2 2 2 2 2 2 2 2 2 2 2 2 2 2 2 2
left_child=3 2 4 5 6 -1 -2 20 -6 10 11 12 13 -10 15 -11 -16 -18 -19 -20 -8 -22 23 -23 26 -26 29 28 -27 -25
right_child=1 -3 -4 -5 8 -7 7 -9 9 14 -12 -13 -14 -15 16 -17 17 18 19 -21 21 22 -24 24 25 27 -28 -29 -30 -31
leaf_value=-0.0034198884576345217 0.0096946513572700004 -0.0010569564016904699 -0.0057687314497525269 -0.0010387681611808953 0.0099423579274033249 0.012924028713162812 0.0046020631286564345 -0.0031561849195691689 -0.0021213756489406898 0.0098636131777965329 0.00022569110715638026 0.010853490153060436 -0.0030119762584660281 0.0085966423331926608 -0.00015336931991579539 -0.0076977183178244387 -0.0036520611009717859 0.015237368860612124 -0.0035032839496346325 -0.00067361743282293174 -0.0011210916080265283 0.0084507574717474047 0.011550115093322683 0.007017823719205148 -0.0046120671856580428 0.0052078796868853892 -0.0032227249049211993 -0.0014159075260965122 -0.0020710136689544084 -0.00021173874348201992
leaf_weight=68 154 167 98 314 78 89 242 170 238 190 244 74 336 91 1637 61 106 61 446 473 74 228 77 169 91 806 654 145 89 1676
leaf_count=68 154 167 98 314 78 89 242 170 238 190 244 74 336 91 1637 61 106 61 446 473 74 228 77 169 91 806 654 145 89 1676
internal_value=-0.00244787 -0.0016357 -0.00123723 -0.0175735 -0.000991294 -0.00410494 0.00104694 0.000561455 -0.00330074 -0.00366608 -0.00825405 -0.0114315 -0.0135299 -0.00555389 -0.0021383 0.00779297 -0.00306635 -0.00705775 -0.00518782 -0.00655303 0.00109375 0.000479571 0.000897208 0.000471136 -0.000211829 0.00372799 -0.0019988 0.00589474 0.00843889 0.000851351
internal_weight=9346 8875 8708 471 8610 157 4575 4421 4035 3957 983 739 665 329 2974 251 2723 1086 980 919 4251 4009 3935 3858 3630 1131 2499 1040 895 1845
internal_count=9346 8875 8708 471 8610 157 4575 4421 4035 3957 983 739 665 329 2974 251 2723 1086 980 919 4251 4009 3935 3858 3630 1131 2499 1040 895 1845
is_linear=0
shrinkage=0.035


Tree=59
num_leaves=31
num_cat=0
split_feature=104 6 38 13 270 140 115 190 270 11 49 126 13 2 261 153 13 153 287 193 24 148 126 126 6 104 92 33 71 19
split_gain=81.6867 54.5482 44.9838 32.448 76.081 34.4609 43.0069 51.3023 41.8617 59.2263 52.7988 46.9548 39.2939 60.8707 52.4828 55.5997 44.8994 36.3547 36.0648 56.936 35.454 35.3866 41.4457 51.0636 36.4011 32.8063 31.9238 35.5079 49.5847 47.9335
threshold=307.00000000000006 23.692888048359819 1740.5000000000002 78.512725819584702 111.21465685037889 598.50000000000011 10665.500000000002 -0.012700013816356657 90.566877379169014 112.38812408313969 7042.0000000000009 12507.000000000002 28.001055915296053 663.17999267578136 531.85998535156261 0.51839121096746565 29.634936477954273 -0.2088899046491399 1.0000000180025095e-35 0.52917264466755864 0.11145512691256353 1709.5000000000002 5472.5000000000009 8025.5000000000009 5.9169611907398343 10669.000000000002 5.8833000659942636 0.4582000076770783 969.00000000000011 525.50000000000011
decision_type=2 2 2 2 2 2 2 2 2 2 2 2 2 2 2 2 2 2 2 2 2 2 2 2 2 2 2 2 2 2
left_child=-1 2 -2 4 5 6 7 -4 9 10 17 12 13 21 -14 16 -16 -7 19 25 -21 24 -23 -24 -12 -18 27 28 -5 -29
right_child=1 -3 3 26 -6 8 -8 -9 -10 -11 11 -13 14 -15 15 -17 18 -19 -20 20 -22 22 23 -25 -26 -27 -28 29 -30 -31
leaf_value=-0.0011840497843179582 0.0098825768185665849 -0.0013487919486139114 0.0063772605702723337 0.010906350466249595 -0.0043464633097431834 0.00062455706047042205 0.011383617807328706 -0.0022415213763117901 0.0062550949702633862 -0.005880385973488696 -0.0016030188860537511 -0.0026748270055189051 -0.0022976066900911637 -0.0026248162656969994 0.012027818479795772 0.011727664545293148 0.0086813768492590964 -0.0025045648718316905 0.0067776112747421693 -0.0042891901770718494 0.0038555988031559528 0.007225715058488999 -0.0045175045825390564 0.0036090512135730718 0.0051571795331610826 -0.0034656006621622396 0.021887531175335921 -0.008398465436546345 -0.0050234726639069374 0.0095014645637179432
leaf_weight=471 264 380 661 70 227 169 116 559 215 360 534 293 198 281 254 131 432 574 549 287 94 246 146 327 145 174 85 65 570 469
leaf_count=471 264 380 661 70 227 169 116 559 215 360 534 293 198 281 254 131 432 574 549 287 94 246 146 327 145 174 85 65 570 469
internal_value=-0.00241792 -0.00165935 -0.00107471 -0.00153412 -0.00246811 -0.00178889 0.00323639 0.00125714 -0.00303195 -0.00366224 -0.00263278 -0.00106812 -1.84065e-05 -0.00401128 0.00314736 0.00492471 0.00327577 -0.0111832 0.000999351 -0.00299899 -0.0135104 -0.000997862 0.00439917 -0.0016841 -0.00670322 0.00366612 0.00362737 0.00207803 -0.00347287 0.0087013
internal_weight=9346 8875 8495 8231 6972 6745 1336 1220 5409 5194 4834 4091 3798 1679 2119 1921 1790 743 1536 987 381 1398 719 473 679 606 1259 1174 640 534
internal_count=9346 8875 8495 8231 6972 6745 1336 1220 5409 5194 4834 4091 3798 1679 2119 1921 1790 743 1536 987 381 1398 719 473 679 606 1259 1174 640 534
is_linear=0
shrinkage=0.035


Tree=60
num_leaves=31
num_cat=0
split_feature=183 6 213 82 88 216 224 4 93 91 93 115 41 153 33 145 173 151 13 115 5 27 155 41 115 115 186 2 150 137
split_gain=60.3671 45.7193 42.4923 35.4623 45.709 36.0569 33.2219 30.5021 33.0726 37.7189 25.1507 23.7895 23.9113 36.3334 24.3643 30.7353 34.1892 30.328 29.4481 36.3854 28.0578 27.3706 46.6871 24.7149 25.0465 42.8019 25.7439 25.212 30.1764 24.3468
threshold=0.91390199044128195 35.631164906008543 11.389712064761337 2308.5000000000005 0.12945000082254413 98.47092189267353 0.99999999996861566 38.916660903669928 16242.000000000002 -2.1898028506540475 11114.500000000002 27848.000000000004 546.50000000000011 -0.66643230111287399 0.48505000770092016 0.015283917897252121 0.17955646981744836 0.28915000706911093 43.240383682461278 545.00000000000011 -2.5687534195743797 9238.5000000000018 0.039770472205154887 683.50000000000011 10416.500000000002 12314.000000000002 -0.60616293448909253 610.29501342773449 0.051800001412630088 11730.000000000002
decision_type=2 2 2 2 2 2 2 2 2 2 2 2 2 2 2 2 2 2 2 2 2 2 2 2 2 2 2 2 2 2
left_child=1 3 10 4 -1 11 -4 8 9 -6 -2 12 -5 -14 15 16 20 -18 -16 -20 21 -15 -23 24 29 27 -27 28 -26 -17
right_child=2 -3 6 5 7 -7 -8 -9 -10 -11 -12 -13 13 14 18 23 17 -19 19 -21 -22 22 -24 -25 25 26 -28 -29 -30 -31
leaf_value=-0.0035819213680326569 -0.001863604855164472 -0.001169203254222238 0.0092530963731706287 -0.010810327451117745 0.0061335121110637344 0.0070724598859648602 -0.0011455855481514682 -0.0020271125813991634 -0.0020616209845293249 -0.0038974208817941724 -0.00048892415689322851 -0.0056817429092354465 0.0091997037176244963 -0.0040476967433005278 -0.0019482721482300255 -0.0009788746347331029 -0.0016227382510017054 -0.0056096534869430614 -0.0048471388645679259 0.01844128098593005 0.00020824003785543946 0.01326860364287386 -0.0028692921262591206 -0.0058021994170840367 0.017254437851099255 0.0016924542056112903 -0.0012829607003853184 0.013104003532956836 -0.0051209592281363158 0.0079891650910561256
leaf_weight=138 301 147 106 95 800 231 89 91 98 78 189 90 178 290 89 2360 745 279 69 173 1026 82 107 96 60 335 530 271 66 137
leaf_count=138 301 147 106 95 800 231 89 91 98 78 189 90 178 290 89 2360 745 279 69 173 1026 82 107 96 60 335 530 271 66 137
internal_value=-0.00226072 -0.00146607 -0.0122246 -0.00112572 0.00442562 -0.00204334 0.001575 0.00688899 0.0087054 0.0108607 -0.0176768 -0.00249047 -0.00225225 -0.0020042 -0.00242188 -0.00290343 -0.00589779 -0.0108163 0.00677083 0.0130364 -0.00252649 -0.00947314 0.000902062 -0.000933938 -0.00047423 0.00353591 -0.000844828 0.0129726 0 -0.002504
internal_weight=9346 8661 685 8514 1205 7309 195 1067 976 878 490 7078 6988 6893 6715 6384 2529 1024 331 242 1505 479 189 3855 3759 1262 865 397 126 2497
internal_count=9346 8661 685 8514 1205 7309 195 1067 976 878 490 7078 6988 6893 6715 6384 2529 1024 331 242 1505 479 189 3855 3759 1262 865 397 126 2497
is_linear=0
shrinkage=0.035


Tree=61
num_leaves=31
num_cat=0
split_feature=104 4 13 270 261 104 270 11 214 8 211 246 7 104 218 213 126 261 104 201 126 8 126 49 153 27 93 223 173 93
split_gain=75.2216 33.4107 33.9086 67.5043 34.12 30.5913 41.8321 27.6045 27.2032 27.0238 31.8056 44.6228 26.9681 26.6835 26.683 35.9554 26.0898 25.3141 24.7828 30.6087 26.6452 56.5416 41.6101 38.2086 37.3613 49.8971 36.4317 43.4326 28.4989 43.9473
threshold=307.00000000000006 49.337568224790651 78.512725819584702 111.21465685037889 592.02502441406261 13453.000000000002 101.28221403272161 53.595716423914617 0.01099999248981476 -247.0226718991488 -0.63895874719975221 -0.18424680800893842 -35.590570847552826 12554.000000000002 10.738499976463059 11.392265168824197 232.00000000000003 483.76499938964849 11791.000000000002 0.19217500090599063 10355.000000000002 -93.419147271683968 7345.0000000000009 6907.5000000000009 0.50218757589125007 26935.500000000004 12738.000000000002 21.531522095850413 0.12096302194976587 10260.000000000002
decision_type=2 2 2 2 2 2 2 2 2 2 2 2 2 2 2 2 2 2 2 2 2 2 2 2 2 2 2 2 2 2
left_child=14 2 3 5 7 6 8 -4 -2 -9 -11 13 -13 17 -1 -16 -10 -12 20 -20 22 -22 23 -18 28 -26 27 -24 29 -25
right_child=1 -3 4 -5 -6 -7 -8 9 16 10 11 12 -14 -15 15 -17 18 -19 19 -21 21 -23 26 24 25 -27 -28 -29 -30 -31
leaf_value=-0.0012714797509456894 -0.0022800226693144494 -0.00090232229917098128 0.012072277774350998 -0.0043413388208737962 0.019322371200250679 -0.0022241019583633874 0.012272484988212212 -0.006499104669880019 0.013081072022218931 0.014387816033615736 0.0086513159441232671 0.0073197875894199134 -0.0053178448559904013 0.0099658782557627279 -0.00137628515914911 0.0099027859085784875 -0.0020326430728413798 -0.0072290416512350662 0.0087836729364606392 -0.0025019895793970482 0.0092803692419410992 -0.0027916018273720302 0.013343400070787065 -0.0016015880776394907 0.0072480426639296462 -0.0055323562231691659 -0.0011697635146842268 -0.00090303554339354972 -0.00078966279624320299 0.0085299078380019783
leaf_weight=224 302 245 131 227 96 595 163 152 76 118 63 315 94 66 185 62 976 278 185 86 95 440 314 512 387 60 225 86 2251 337
leaf_count=224 302 245 131 227 96 595 163 152 76 118 63 315 94 66 185 62 976 278 185 86 95 440 314 512 387 60 225 86 2251 337
internal_value=-0.00225323 -0.00152534 -0.00115924 -0.00208891 0.00400986 -0.00147992 -0.000780769 0.00237725 -0.00123718 0.000513291 0.00275825 0.000255786 0.00836957 -0.00790049 -0.0158088 -0.00763889 -0.000719138 -0.0118353 -0.000986743 0.00925725 -0.00148295 -0.00887963 -0.000706385 -0.00187831 -0.000187218 0.0092146 0.00772222 0.014 -0.00155556 0.00389344
internal_weight=9346 8875 8630 7317 1313 7090 6495 1217 6332 1086 934 816 409 407 471 247 6030 341 5954 271 5683 535 5148 4523 3547 447 625 400 3100 849
internal_count=9346 8875 8630 7317 1313 7090 6495 1217 6332 1086 934 816 409 407 471 247 6030 341 5954 271 5683 535 5148 4523 3547 447 625 400 3100 849
is_linear=0
shrinkage=0.035


Tree=62
num_leaves=31
num_cat=0
split_feature=104 6 82 33 216 8 246 153 22 222 213 2 261 129 137 82 93 2 233 115 270 45 224 27 183 63 246 2 30 27
split_gain=63.262 43.8809 34.141 43.6635 36.2979 27.3756 36.6224 28.7884 28.5091 25.7798 31.4558 24.1604 27.3164 40.5225 29.9246 37.3631 28.0302 50.3574 47.3734 46.1404 65.3809 42.9333 38.1725 34.1656 33.3829 31.7449 43.5367 33.7997 33.2162 36.0177
threshold=307.00000000000006 23.692888048359819 2271.0000000000005 0.14275000244379046 98.47092189267353 -7.6940671172126658 0.54794584835688331 0.45652057278139307 0.12815000116825107 10.548077301245444 11.406770186517564 682.73999023437511 617.64999389648449 670.50000000000011 12161.500000000002 13386.500000000002 12738.000000000002 642.20999145507824 5976.7199707031259 10416.500000000002 49.101739389425809 2.7374335350648358 0.99999999995070221 10394.500000000002 0.20675082956615884 576.50000000000011 -0.8236751687371856 663.40499877929699 563.50000000000011 3208.5000000000005
decision_type=2 2 2 2 2 2 2 2 2 2 2 2 2 2 2 2 2 2 2 2 2 2 2 2 2 2 2 2 2 2
left_child=9 2 3 -2 5 6 7 11 -7 -1 -11 12 13 14 16 -16 19 18 -18 20 -4 -19 -21 -23 -25 28 -27 -28 29 -22
right_child=1 -3 4 -5 -6 8 -8 -9 -10 10 -12 -13 -14 -15 15 -17 17 21 -20 22 25 23 -24 24 -26 26 27 -29 -30 -31
leaf_value=-0.0012413524901164113 -0.0015743489681137477 -0.0012366458980856228 -0.0020874902979483509 0.0031809569498757579 0.0068801201761836545 0.0095700927892618439 -0.0017204754639921645 -0.0035993031953093346 -0.0019078729548822151 -0.0012281149759230986 0.010826492765654444 -0.0055475257589607052 0.010778131989907819 -0.0042270228054692152 0.0081618297144726102 -0.0017990313943913529 0.00089918436757903159 0.0092699139462551483 -0.0037849196543424959 0.014919983275343341 -0.0051211154708910899 -0.0068653048900279463 -0.0018713140381174894 -0.0037692841945794349 0.0046807005404781972 0.012211167811399595 0.0030672527161329788 -0.0031336746924041001 -0.0057329465367467686 0.0041673512870654319
leaf_weight=250 102 380 781 1120 230 104 988 464 87 161 60 79 149 75 314 145 64 64 251 262 145 90 158 121 172 134 1600 202 110 484
leaf_count=250 102 380 781 1120 230 104 988 464 87 161 60 79 149 75 314 145 64 64 251 262 145 90 158 121 172 134 1600 202 110 484
internal_value=-0.00220083 -0.00153322 -0.00100882 0.00439283 -0.0019188 -0.00236876 -0.00273589 -0.00168172 0.0105357 -0.0146324 -0.00573009 -0.000958372 -0.000663725 -0.00109523 -0.000706586 0.0077694 -0.00155288 -0.00766623 -0.0182656 -0.000342695 -0.00167871 -7.74336e-05 0.0105412 -0.00460052 0.00129195 0.000927239 0.00328181 0.0018207 -0.00522177 -0.00204259
internal_weight=9346 8875 8495 1222 7273 7043 6852 5864 191 471 221 5400 5321 5172 5097 459 4638 762 315 3876 3456 447 420 383 293 2675 1936 1802 739 629
internal_count=9346 8875 8495 1222 7273 7043 6852 5864 191 471 221 5400 5321 5172 5097 459 4638 762 315 3876 3456 447 420 383 293 2675 1936 1802 739 629
is_linear=0
shrinkage=0.035


Tree=63
num_leaves=31
num_cat=0
split_feature=104 6 38 13 13 2 93 41 38 33 41 115 91 203 270 173 71 49 13 270 261 129 27 71 13 270 13 31 274 274
split_gain=61.6985 42.393 39.8875 31.6617 59.5146 51.4461 55.969 42.9076 41.738 41.3717 36.0974 33.4841 31.4295 37.8842 29.2 30.4756 28.0033 39.5634 51.857 66.9131 43.1112 38.1468 45.5646 34.599 35.1939 34.2407 41.3918 34.1914 33.5005 39.8637
threshold=307.00000000000006 23.692888048359819 1740.5000000000002 28.001055915296053 29.303777879420409 663.17999267578136 9738.0000000000018 602.50000000000011 9723.5000000000018 0.21305000036954883 684.50000000000011 23642.500000000004 -2.5588216227852141 -0.49023724862072143 43.32256568951167 0.2282619043372737 10230.500000000002 6907.5000000000009 50.835622033244007 112.90186058682788 528.72497558593761 662.75000000000011 5447.5000000000009 2064.0000000000005 82.699417588671963 96.80784795394591 61.903419869041763 -91.106416265633854 0.49907691712873287 0.0053199891281253799
decision_type=2 2 2 2 2 2 2 2 2 2 2 2 2 2 2 2 2 2 2 2 2 2 2 2 2 2 2 2 2 2
left_child=-1 2 -2 5 -5 6 12 -8 14 -7 11 16 13 -4 -9 -16 17 18 20 25 -6 22 -18 24 -21 26 -20 -26 29 -23
right_child=1 -3 3 4 10 9 7 8 -10 -11 -12 -13 -14 -15 15 -17 21 -19 19 23 -22 28 -24 -25 27 -27 -28 -29 -30 -31
leaf_value=-0.00099526234065905892 0.0090126904217446343 -0.0011933632916526272 0.01047681298830587 0.010076903229878633 0.00021536181891177844 -0.0031030839530861265 0.012791530702404163 -0.0028231262887257577 0.0026068380090737489 8.0385805539643368e-05 -0.006715107961962001 -0.003792646431008277 0.0011781539586851622 -0.0024473195606421181 -0.0030913067586589597 0.0063749563782181818 0.008770348354930825 0.0047856081174269842 0.0098017636776965584 -0.0035114576843737837 -0.0024842347040138803 -0.0088150539501467302 -0.0023282104219768088 -0.0056772604998249956 -0.0040947497294386561 0.011827142692358301 -0.0023186233872778748 0.015290303181265513 -0.0024614694651662735 0.012061152594966736
leaf_weight=471 264 380 61 274 173 228 83 249 476 83 60 78 136 490 73 94 75 1797 164 75 335 64 1531 281 126 265 484 148 113 215
leaf_count=471 264 380 61 274 173 228 83 249 476 83 60 78 136 490 73 94 75 1797 164 75 335 64 1531 281 126 265 484 148 113 215
internal_value=-0.00220832 -0.00154899 -0.00103353 -0.00146612 -0.000245889 -0.00532609 -0.00285543 0.00253571 0.000234114 -0.0182753 -0.0009818 -0.000696576 -0.0104697 -0.0141637 -0.00781473 0.0034593 -0.000382841 0.00136257 -0.00195768 0.00124354 -0.0115984 -0.00373939 -0.00612663 -0.00749606 -9.88701e-05 0.00728214 0.00289433 0.00577061 0.00599496 0.0124472
internal_weight=9346 8875 8495 8231 6258 1973 1662 975 892 311 5984 5924 687 551 416 167 5846 3848 2051 1543 508 1998 1606 630 349 913 648 274 392 279
internal_count=9346 8875 8495 8231 6258 1973 1662 975 892 311 5984 5924 687 551 416 167 5846 3848 2051 1543 508 1998 1606 630 349 913 648 274 392 279
is_linear=0
shrinkage=0.035


Tree=64
num_leaves=31
num_cat=0
split_feature=104 6 38 13 13 247 93 60 93 274 33 85 36 194 71 261 52 173 246 27 183 71 242 13 38 19 148 213 27 19
split_gain=58.4832 38.0833 35.7497 28.0323 54.8643 49.355 49.1227 40.4993 37.9275 39.8582 37.6921 33.8002 31.0541 30.8475 30.6939 41.2108 49.1897 35.561 36.8001 39.6885 36.413 33.2152 48.3006 38.9738 33.7371 31.495 39.721 26.7424 32.8733 52.2585
threshold=307.00000000000006 23.692888048359819 1740.5000000000002 28.001055915296053 29.303777879420409 663.17999267578136 9738.0000000000018 14340.000000000002 13219.000000000002 0.17620447925841651 0.20525000244379046 682.50000000000011 -12.00175137169226 0.12328767881122345 10230.500000000002 550.08502197265636 558.50000000000011 0.44165397285117219 0.48647109327605359 5985.0000000000009 0.90584155981599745 6926.0000000000009 41.755860632267755 86.904932483900851 14442.500000000002 677.50000000000011 14506.000000000002 12.050824266283252 10475.000000000002 633.50000000000011
decision_type=2 2 2 2 2 2 2 2 2 2 2 2 2 2 2 2 2 2 2 2 2 2 2 2 2 2 2 2 2 2
left_child=-1 2 -2 5 -5 6 13 8 9 -8 -7 14 -10 -4 17 16 -16 18 21 -20 -19 22 -6 -23 -24 26 27 28 29 -17
right_child=1 -3 3 4 11 10 7 -9 12 -11 -12 -13 -14 -15 15 25 -18 20 19 -21 -22 23 24 -25 -26 -27 -28 -29 -30 -31
leaf_value=-0.00096042815873599206 0.0086972462569835703 -0.0011515955764447845 -0.0022890791828700705 0.0097242116168328816 -0.003401101762965967 -0.0030875762954479967 0.010452822737210406 0.0092132807612377143 0.0018117528096196669 -0.00013138550157332896 3.6723551571856698e-05 -0.0064384195546815584 -0.0015078880824510841 0.0010868919170404555 0.008279524448669159 0.004094613635234029 -0.0025261685224109466 0.0070291144421743609 0.01199419591071754 -0.0054872519882674551 -0.0010923927644427794 0.0038591511354914565 -0.00067325488727463969 0.01583656961775699 0.012708572834974981 0.01727597525810844 0.015604412475488423 -0.0035620841856741688 0.0025721941825013498 -0.0047026128365431109
leaf_weight=471 264 380 537 274 223 217 138 135 170 263 94 61 269 150 60 199 550 440 66 248 106 1000 1557 100 129 77 62 175 687 244
leaf_count=471 264 380 537 274 223 217 138 135 170 263 94 61 269 150 60 199 550 440 66 248 106 1000 1557 100 129 77 62 175 687 244
internal_value=-0.00223826 -0.00159628 -0.00110765 -0.00151712 -0.000368833 -0.00514914 -0.00272945 0.00232143 -0.000579882 0.00715517 -0.0178323 -0.0010753 -0.0076464 -0.00986272 -0.000797065 -0.00424964 -0.0118374 0.00103898 -0.000326022 -0.0116301 0.00927405 0.000870936 -0.00192006 0.00570136 0.000124187 -0.00101449 -0.00227041 -0.00360687 -0.00160352 -0.00898437
internal_weight=9346 8875 8495 8231 6258 1973 1662 975 840 401 311 5984 439 687 5923 2054 610 3869 3323 314 546 3009 1909 1100 1686 1444 1367 1305 1130 443
internal_count=9346 8875 8495 8231 6258 1973 1662 975 840 401 311 5984 439 687 5923 2054 610 3869 3323 314 546 3009 1909 1100 1686 1444 1367 1305 1130 443
is_linear=0
shrinkage=0.035


Tree=65
num_leaves=31
num_cat=0
split_feature=104 115 13 93 93 242 47 274 104 153 93 44 153 151 7 71 44 173 246 115 99 219 200 153 99 193 93 191 49 193
split_gain=56.7184 30.4468 25.289 47.081 44.9888 43.5882 39.0558 39.8019 63.0041 33.5172 56.3164 30.7126 39.3399 27.3958 40.2511 37.326 42.3545 41.6289 42.6239 39.271 37.3794 36.8584 36.4029 32.8167 31.5712 33.8107 31.4902 27.8962 26.9051 25.5681
threshold=307.00000000000006 25649.000000000004 28.001055915296053 9738.0000000000018 13098.000000000002 28.761347494741432 -10.861397528865027 -0.033158149273264693 10944.500000000002 0.25135465360148962 11747.500000000002 0.14570000022649768 0.072394656451585021 0.15085000358521941 8.1145556176156486 10230.500000000002 0.35854999721050268 0.44165397285117219 0.42450903168029858 4793.0000000000009 0.17975000292062762 -61.31378697314944 -0.058750011026859277 0.23194276549877244 0.11115000024437906 0.21969427186875076 6458.0000000000009 0.15007499977946284 9006.5000000000018 0.82403453851243313
decision_type=2 2 2 2 2 2 2 2 2 2 2 2 2 2 2 2 2 2 2 2 2 2 2 2 2 2 2 2 2 2
left_child=-1 2 3 11 9 -4 -6 -8 -9 29 -11 12 -2 24 15 17 20 18 -15 -19 21 -17 -22 -23 -7 -26 -20 -21 -24 -5
right_child=1 -3 5 4 6 13 7 8 -10 10 -12 -13 -14 14 -16 16 -18 19 26 27 22 23 28 -25 25 -27 -28 -29 -30 -31
leaf_value=-0.00092681317318023271 -0.002326662954718377 -0.0045586163809013883 0.013485002433046348 0.010671141359191153 0.0044168208467087336 -0.0010724687762046288 -0.0050640993110522203 -0.0018492290679397278 0.006576238365823401 -0.0059662621148716399 0.0093623000450280096 -0.0021696310338660606 0.0022606777008786589 0.0004374057198284336 -0.0010882668202728391 0.012445242386490094 0.010414974977609872 -0.010922297182596399 0.00082312321835992773 -0.004034191583449611 -0.0088141958791399851 -0.0029509903038216038 -0.0045437948269442859 0.0016895454278257266 -0.0046781285777916324 0.0085474104796728189 -0.0051660226239413423 0.010331219134593578 -0.00084635216139552669 6.0478430431625827e-05
leaf_weight=471 170 101 197 228 161 148 121 298 113 86 76 358 247 2948 255 77 70 134 144 60 191 268 162 353 116 366 325 405 561 136
leaf_count=471 170 101 197 228 161 148 121 298 113 86 76 358 247 2948 255 77 70 134 144 60 191 268 162 353 116 366 325 405 561 136
internal_value=-0.00212598 -0.00149381 -0.0012678 -0.00472736 -0.000428922 -0.000247605 -0.00626791 -0.0108194 -0.00546875 0.00725047 -0.00586826 -0.0114423 -0.00489336 -0.000738464 -0.00147449 -0.000859197 -0.00522822 0.000974882 -0.000521625 0.00944536 -0.00640693 -0.00029872 -0.0110446 -0.0031869 0.00617323 0.0104928 -0.0102637 0.0142234 -0.00735577 0.0130894
internal_weight=9346 8875 8774 1994 1219 6780 693 532 411 526 162 775 417 6583 5953 5698 1682 4016 3417 599 1612 698 914 621 630 482 469 465 723 364
internal_count=9346 8875 8774 1994 1219 6780 693 532 411 526 162 775 417 6583 5953 5698 1682 4016 3417 599 1612 698 914 621 630 482 469 465 723 364
is_linear=0
shrinkage=0.035


Tree=66
num_leaves=31
num_cat=0
split_feature=104 6 38 228 8 13 13 2 41 30 115 126 203 148 222 130 261 148 27 55 203 214 27 104 233 183 33 154 38 93
split_gain=47.2956 31.1083 31.3982 27.3264 25.7454 36.8832 52.7237 41.9612 34.3812 33.3686 33.1673 26.7639 40.2513 38.7951 27.3526 29.529 25.2449 28.6355 27.1147 34.5956 31.4392 37.7179 30.1463 25.5214 27.4955 33.9426 24.5512 24.4825 26.8718 23.8923
threshold=307.00000000000006 23.692888048359819 1740.5000000000002 -19.387200666364233 -10.452953415300859 28.001055915296053 29.303777879420409 663.17999267578136 684.50000000000011 655.50000000000011 23642.500000000004 5225.5000000000009 -0.48072671688104257 1709.5000000000002 9.980684096647872 -28.829381993676346 615.41000366210949 3083.5000000000005 4932.5000000000009 0.21395000070333484 -0.94857332272418893 0.01099999248981476 4513.5000000000009 1815.5000000000002 5695.4350585937509 -0.69553854264710369 0.21305000036954883 -0.34615385268630056 2822.5000000000005 10652.000000000002
decision_type=2 2 2 2 2 2 2 2 2 2 2 2 2 2 2 2 2 2 2 2 2 2 2 2 2 2 2 2 2 2
left_child=-1 2 -2 -4 5 7 -7 9 10 11 16 13 -13 14 15 -5 18 -18 19 -8 -20 -22 23 -21 -25 -26 -9 -23 -29 -6
right_child=1 -3 3 4 29 6 8 26 -10 -11 -12 12 -14 -15 -16 -17 17 -19 20 22 21 27 -24 24 25 -27 -28 28 -30 -31
leaf_value=-0.000894374712118925 0.0081960133145060638 -0.0010732003925596691 0.0073394531542012396 0.0043519343975584697 -0.0030371475833829895 0.010480578705253806 0.011989866846479359 -0.002828396972156158 -0.0061723570576196944 0.001558421362491079 -0.0050534372917782951 0.008897005417205445 -0.0023345572426096907 0.0069364323019162483 -0.0018055033885420032 -0.0056773313801004345 0.013616111285749815 -0.0077225434613862973 0.017005837803466494 0.0077659034578806988 -0.0041808971909365758 0.0035312783890273283 0.010978441190343398 -0.0052134535703602849 0.0076230744074805108 -0.0019357154454449151 -0.00014241193696955091 -0.007817781436042082 -0.0010037663880833908 0.0060903939037993942
leaf_weight=471 264 380 238 172 88 241 72 222 60 192 61 91 543 173 189 76 90 78 76 97 188 398 138 285 206 171 83 149 3617 237
leaf_count=471 264 380 238 172 88 241 72 222 60 192 61 91 543 173 189 76 90 78 76 97 188 398 138 285 206 171 83 149 3617 237
internal_value=-0.00211849 -0.0015411 -0.00109941 -0.00148312 -0.00183358 -0.00224423 -0.000926332 -0.00671535 -0.00161132 -0.00417765 -0.00131771 -0.00627702 -0.0112833 -0.00102439 -0.0065724 0.00110672 -0.00102424 0.0121387 -0.00144484 0.00384497 -0.00260546 -0.00300436 0.00190133 -0.000870419 -0.00335832 0.00284031 -0.0184032 -0.00230031 -0.00317422 0.00774242
internal_weight=9346 8875 8495 8231 7993 7668 5927 1741 5686 1436 5626 1244 634 610 437 248 5565 168 5397 969 4428 4352 897 759 662 377 305 4164 3766 325
internal_count=9346 8875 8495 8231 7993 7668 5927 1741 5686 1436 5626 1244 634 610 437 248 5565 168 5397 969 4428 4352 897 759 662 377 305 4164 3766 325
is_linear=0
shrinkage=0.035


Tree=67
num_leaves=31
num_cat=0
split_feature=104 115 193 126 49 13 213 45 183 49 194 269 272 126 222 27 173 60 146 225 221 9 148 49 55 173 49 49 222 151
split_gain=43.8088 28.2284 21.829 37.7723 30.1076 49.1769 30.3346 28.9478 29.9572 31.5144 29.4381 24.4125 24.0553 24.2006 28.8764 23.3299 24.283 24.2562 22.4559 20.9032 25.4994 38.3171 36.3021 35.2162 31.4047 29.2437 23.0841 27.9803 22.3648 35.1776
threshold=307.00000000000006 25649.000000000004 -0.94155679316392205 12507.000000000002 8181.0000000000009 27.867207282726671 11.697082835202474 14.042130518386605 0.91553021834698789 24269.000000000004 0.13101244948157306 -3.2149432974259979 0.014900002628564836 8025.5000000000009 10.312032563921752 5190.0000000000009 -0.062560596265670496 9634.5000000000018 -0.70785284783762237 0.2096435368590735 89.209857895800653 51.471211094922786 2153.0000000000005 11518.000000000002 0.13679999858140948 0.44591921594037348 18024.000000000004 9400.0000000000018 21.495705733914544 0.19149999693036082
decision_type=2 2 2 2 2 2 2 2 2 2 2 2 2 2 2 2 2 2 2 2 2 2 2 2 2 2 2 2 2 2
left_child=-1 2 -2 4 5 18 12 8 9 10 19 -5 15 -14 -15 17 -17 -7 -4 20 21 22 23 25 -24 -6 27 -26 -21 -30
right_child=1 -3 3 11 7 6 -8 -9 -10 -11 -12 -13 13 14 -16 16 -18 -19 -20 28 -22 -23 24 -25 26 -27 -28 -29 29 -31
leaf_value=-0.00086307159719476172 0.0076925599607685947 -0.0044072851973832291 -0.0029630314204615142 0.00091393359493856837 -0.0011656089910534614 0.00060396772936619002 0.019392333075124477 0.012812890296005191 0.013469367229814778 -0.0054927839922050562 0.0022675997037784903 -0.0022567199332517271 -0.00067377047680912969 -0.0012142831796525685 0.0099714661574135804 -0.00096728748565469956 -0.0044894539500214591 -0.0047045317461148085 -5.1475357797536876e-05 -0.0019356255972187708 -0.0014390916198530402 0.005083709585788028 -0.0014579137669790952 -0.0027202918186782039 0.012009253700701045 0.006281141518245487 0.01266447982046915 0.0033015851286815308 0.018262612786514577 -0.0026019698394907677
leaf_weight=471 270 101 231 164 232 235 68 64 104 109 847 457 2005 72 134 139 194 60 74 668 558 408 164 327 118 117 93 496 121 245
leaf_count=471 270 101 231 164 232 235 68 64 104 109 847 457 2005 72 134 139 194 60 74 668 558 408 164 327 118 117 93 496 121 245
internal_value=-0.00208106 -0.00152534 -0.00130767 -0.00162064 -0.000962855 -0.00356854 -0.00215144 0.000830838 0.000493278 5.43478e-05 0.000525119 -0.00989617 -0.00271976 -0.000995036 0.0102844 -0.00873618 -0.0150148 -0.00151667 -0.0168226 -0.000876971 0.000847895 0.00273214 0.000202964 -0.00585903 0.00491438 0.00187853 0.00811096 0.0055412 -0.00505294 0.00188679
internal_weight=9346 8875 8774 8504 7883 3212 2907 4671 4607 4503 4394 621 2839 2211 206 628 333 295 305 3547 2513 1955 1547 676 871 349 707 614 1034 366
internal_count=9346 8875 8774 8504 7883 3212 2907 4671 4607 4503 4394 621 2839 2211 206 628 333 295 305 3547 2513 1955 1547 676 871 349 707 614 1034 366
is_linear=0
shrinkage=0.035


Tree=68
num_leaves=31
num_cat=0
split_feature=104 115 222 213 193 126 269 124 4 193 214 225 60 261 270 190 242 261 11 38 193 183 76 13 126 93 2 211 27 10
split_gain=38.6682 25.9744 22.5672 25.3895 22.1882 34.0539 23.0206 21.465 23.8828 24.0507 23.2842 21.195 22.0462 20.1784 19.774 40.8549 29.9778 29.706 31.5187 34.4207 30.3238 32.9747 29.882 29.3699 33.3524 27.8637 27.7312 26.4969 51.129 47.792
threshold=307.00000000000006 25649.000000000004 10.548077301245444 11.406770186517564 -0.94155679316392205 12507.000000000002 -3.2149432974259979 -1.1371227825477199 33.149269885350996 0.95329261599622417 0.01099999248981476 0.29287712301910845 12304.500000000002 479.75500488281256 55.128146055009942 -0.026850014925003048 25.476384308502322 618.03500366210949 73.768331867878828 10085.000000000002 0.59642983447544184 -0.009292899864611761 0.33975000679492956 33.08196797167836 7749.5000000000009 10085.500000000002 582.20001220703136 0.2647021039037224 5190.0000000000009 42.291877728967499
decision_type=2 2 2 2 2 2 2 2 2 2 2 2 2 2 2 2 2 2 2 2 2 2 2 2 2 2 2 2 2 2
left_child=2 4 -1 -4 13 7 -7 8 9 10 -6 12 -9 -2 15 -12 -16 18 19 22 21 -21 -17 -18 27 26 -26 29 -29 -25
right_child=1 -3 3 -5 5 6 -8 11 -10 -11 14 -13 -14 -15 16 17 23 -19 -20 20 -22 -23 -24 24 25 -27 -28 28 -30 -31
leaf_value=-0.0010355069035962237 -0.0010192352678973131 -0.0042530302154748173 -0.0010227327023996748 0.01060996376822265 -0.0017844722907939987 0.00088194591911572014 -0.0021777347355879171 -0.0033571773892395245 -0.00095976042699516995 0.0078781848798718818 -0.0035271244650594445 0.0056682506924070133 0.0059724403308201533 0.012068570976392691 0.0085456928275661447 -0.00018091135641647605 -0.0013359387339820057 0.01475721833949397 0.0061626699274843844 -0.00074604753025627976 -0.0014258891713077866 0.0056987060407001668 -0.002841939488758047 0.0067965734066808949 -0.0010115282793112625 -0.0024655657565751375 0.01389242280039176 0.0090401100484684953 0.00044992910276727809 -0.0044434700912228666
leaf_weight=250 130 101 161 60 529 164 457 281 506 125 225 70 69 140 118 513 388 118 182 193 251 393 597 495 80 134 253 179 1217 967
leaf_count=250 130 101 161 60 529 164 457 281 506 125 225 70 69 140 118 513 388 118 182 193 251 393 597 495 80 134 253 179 1217 967
internal_value=-0.00211849 -0.00159628 -0.0118382 -0.00356195 -0.0013874 -0.0017029 -0.0095607 -0.00107822 -0.000642073 -0.000105573 -0.00038906 -0.00872941 -0.0122254 0.0084 0.000205295 -0.00223254 0.0017792 -0.000792629 -0.00175492 -0.00306609 0.00228622 0.00663283 -0.00709417 0.00121436 0.00228078 0.0109004 0.0162574 0.000855746 0.00429693 -0.00243354
internal_weight=9346 8875 471 221 8774 8504 621 7883 7463 6957 6832 420 350 270 6303 2472 3831 2247 2129 1947 837 586 1110 3713 3325 467 333 2858 1396 1462
internal_count=9346 8875 471 221 8774 8504 621 7883 7463 6957 6832 420 350 270 6303 2472 3831 2247 2129 1947 837 586 1110 3713 3325 467 333 2858 1396 1462
is_linear=0
shrinkage=0.035


Tree=69
num_leaves=31
num_cat=0
split_feature=104 6 38 228 8 13 13 41 247 129 33 115 93 22 71 126 274 203 246 270 270 38 173 173 242 270 274 154 5 173
split_gain=40.3946 31.2599 26.066 25.7896 25.4743 26.6882 46.305 34.1113 28.8879 36.3118 32.9564 27.4637 23.8923 23.888 23.5363 23.0791 38.2264 34.9784 24.0363 22.7187 21.872 21.8295 22.8956 48.2536 41.862 37.5464 45.1435 35.4939 31.8306 28.7457
threshold=307.00000000000006 23.692888048359819 1750.5000000000002 -19.387200666364233 -10.452953415300859 28.001055915296053 29.303777879420409 684.50000000000011 663.17999267578136 656.50000000000011 0.21215000003576281 23642.500000000004 10652.000000000002 0.16815000027418139 33506.500000000007 5225.5000000000009 0.32013490858016375 -0.48072671688104257 0.56480778594090053 31.047386877957695 42.001558184624692 31387.000000000004 0.44591921594037348 0.21245074139392647 32.817924748204284 58.384778804167944 0.7472426697583171 -0.31999999276141439 -5.7321678353861474 0.48358040136854358
decision_type=2 2 2 2 2 2 2 2 2 2 2 2 2 2 2 2 2 2 2 2 2 2 2 2 2 2 2 2 2 2
left_child=-1 2 -2 -4 5 8 13 11 9 15 -10 14 -6 -7 21 16 18 -17 -5 -19 -18 22 23 -8 -24 -26 29 -25 -29 -27
right_child=1 -3 3 4 12 6 7 -9 10 -11 -12 -13 -14 -15 -16 17 20 19 -20 -21 -22 -23 24 27 25 26 -28 28 -30 -31
leaf_value=-0.00079662134966707661 0.0074210973656522383 -0.00096730595729306709 0.0068502292611810414 0.0048234444855304462 -0.0028208094207738529 0.013837235549325951 -7.1241980151882662e-05 -0.0058263442285745853 -0.00258920775283539 0.0021960977000092053 7.303045895944438e-05 -0.0046375616911495067 0.0055637170687411076 -0.0009038664744432937 -0.0036375810104078287 0.0085125761354455844 -0.0030929038672825623 0.00050832783273114027 -0.0018679143035177277 -0.0027206017296528473 0.00015853736652636288 0.010186670660359049 0.0086420311875530127 0.0072123483743980477 -0.0013219021906999107 0.026410127861044713 -0.0016064075922433759 0.0048233961036087082 -0.0043502403482505534 0.0025643593687410559
leaf_weight=471 289 380 238 267 88 167 3023 60 220 178 85 61 237 74 90 91 155 73 101 478 93 86 148 135 263 81 121 114 816 663
leaf_count=471 289 380 238 267 88 167 3023 60 220 178 85 61 237 74 90 91 155 73 101 478 93 86 148 135 263 81 121 114 816 663
internal_value=-0.00205112 -0.00151745 -0.00107471 -0.00144075 -0.00178227 -0.00219208 -0.00106653 -0.00171108 -0.0059937 -0.00388619 -0.0156935 -0.00141723 0.00774242 0.0138008 -0.00114878 -0.00598575 -0.00112721 -0.0106028 0.00600536 -0.0139119 -0.0116206 -0.000846929 -0.00113429 -0.00241143 0.00295082 0.000617829 0.00414368 -0.00879907 -0.0112299 0.00738318
internal_weight=9346 8875 8495 8206 7968 7643 5902 5661 1741 1436 305 5601 325 241 5540 1258 616 642 368 551 248 5450 5364 4088 1276 1128 865 1065 930 744
internal_count=9346 8875 8495 8206 7968 7643 5902 5661 1741 1436 305 5601 325 241 5540 1258 616 642 368 551 248 5450 5364 4088 1276 1128 865 1065 930 744
is_linear=0
shrinkage=0.035


Tree=70
num_leaves=31
num_cat=0
split_feature=104 115 193 126 93 173 102 183 173 225 124 71 17 7 173 27 71 71 13 126 126 140 270 270 242 213 65 66 71 242
split_gain=39.3505 22.8086 21.1899 31.2652 21.1791 24.7483 20.7941 25.0106 20.6601 39.5636 39.2936 31.2047 31.9492 31.1166 32.3426 31.2325 28.7596 58.7039 42.1247 36.7229 49.3011 33.223 35.9332 39.0381 53.1996 29.0418 28.652 32.24 27.9556 27.7623
threshold=307.00000000000006 25649.000000000004 -0.94155679316392205 12507.000000000002 7176.0000000000009 0.15084928321257288 -2.5243052997552655 0.92728506576167147 0.44591921594037348 0.38176451524991584 -1.2335944817731661 15952.500000000002 1.0000000180025095e-35 -8.2115026158048607 0.15588363893233323 19716.000000000004 6926.0000000000009 7368.0000000000009 43.240383682461278 8291.0000000000018 11478.500000000002 674.50000000000011 117.74326709744372 129.52264535446056 111.85648664569324 11.474745807785231 0.27005000412464147 0.48395000398159033 24700.500000000004 14.424810411346757
decision_type=2 2 2 2 2 2 2 2 2 2 2 2 2 2 2 2 2 2 2 2 2 2 2 2 2 2 2 2 2 2
left_child=6 2 -2 8 5 -5 7 -1 11 10 28 13 -13 14 15 16 18 -18 25 -19 -21 22 -20 -24 -25 -4 -16 -28 -10 -15
right_child=1 -3 3 4 -6 -7 -8 -9 9 -11 -12 12 -14 29 26 -17 17 19 21 20 -22 -23 23 24 -26 -27 27 -29 -30 -31
leaf_value=0.0026154586272538133 0.0072481315761483119 -0.004013551886583957 -0.0043616152534640944 -0.0022781082017357922 -0.001949255607653569 0.013136845698129108 0.00014808899504644704 -0.001192716372789784 0.0015237405432603744 -0.0055712626161232249 -0.0015794202314688159 0.01198562995749549 -0.00074590381228580537 0.0079281628166690994 0.0069734445488077905 -0.0038803048934210947 0.013543256995798666 0.0026643786903073675 0.0062939900557882249 -0.0043449706639855298 0.0035520943984070148 -0.0048051329370028132 -0.0060112154857726958 0.011722398500008424 -0.0051009512662209093 0.013739258420000205 -0.0023995601190094952 0.0067323401336315094 -0.0029539517715456774 -0.002537844798226717
leaf_weight=72 270 101 251 174 366 81 106 293 1945 107 212 156 143 69 110 136 187 1005 729 263 94 88 159 100 116 60 1363 88 86 416
leaf_count=72 270 101 251 174 366 81 106 293 1945 107 212 156 143 69 110 136 187 1005 729 263 94 88 159 100 116 60 1363 88 86 416
internal_value=-0.00188643 -0.0013598 -0.00116414 -0.00147256 -0.0090016 -0.00121154 -0.0116912 -0.0156081 -0.000874113 0.00187261 0.00288034 -0.00204135 0.00886513 -0.00267227 -0.00180374 0.00021923 0.000961727 0.0043018 -0.00248342 0.00174104 -0.00783149 0.000526316 0.0022092 -0.00653947 0.00316742 -0.0138449 -0.00592273 -0.00723558 0.0043836 -0.0110714
internal_weight=9346 8875 8774 8504 621 255 471 365 7883 2350 2243 5533 299 5234 4749 3188 3052 1549 1503 1362 357 1192 1104 375 216 311 1561 1451 2031 485
internal_count=9346 8875 8774 8504 621 255 471 365 7883 2350 2243 5533 299 5234 4749 3188 3052 1549 1503 1362 357 1192 1104 375 216 311 1561 1451 2031 485
is_linear=0
shrinkage=0.035


Tree=71
num_leaves=31
num_cat=0
split_feature=6 104 222 246 193 126 93 173 26 183 34 274 49 71 26 17 2 173 126 173 144 33 140 203 274 93 173 175 214 27
split_gain=33.1687 30.9439 23.0292 26.032 22.2223 31.3183 23.1067 22.5695 36.9178 31.8293 31.338 30.8344 30.0659 26.4983 28.8636 36.9769 27.0276 26.4472 35.7343 36.7544 42.5168 32.8642 38.7279 36.3472 27.2546 26.7784 25.7991 34.538 25.8834 25.3487
threshold=23.692888048359819 307.00000000000006 10.548077301245444 0.91857723442488493 -0.94155679316392205 12507.000000000002 7557.0000000000009 0.44591921594037348 3.4766499996185307 0.6711403588486663 4.0708113025073205 0.51254486975480573 19147.000000000004 15952.500000000002 2.5847500562667851 -2.156308152565511 682.73999023437511 0.12096302194976587 5472.5000000000009 0.010146813696312528 45.035372431134867 0.19555000215768817 670.50000000000011 -0.23463854879563251 0.27708603469760079 12403.500000000002 0.088218672395568437 0.026884286327856503 -0.0059000179171562186 15314.500000000002
decision_type=2 2 2 2 2 2 2 2 2 2 2 2 2 2 2 2 2 2 2 2 2 2 2 2 2 2 2 2 2 2
left_child=1 2 -1 -4 -3 7 -7 9 12 13 -11 -10 -9 16 -15 -16 17 18 19 24 -21 22 29 -23 25 -6 27 28 -20 -19
right_child=-2 4 3 -5 5 6 -8 8 11 10 -12 -13 -14 14 15 -17 -18 21 26 20 -22 23 -24 -25 -26 -27 -28 -29 -30 -31
leaf_value=-0.00091755957190883428 -0.00097848571621400962 0.007837376936003183 -0.001064238628059756 0.0080883229212703432 0.0015552979306140244 -5.335057352681722e-05 -0.0021410871156608284 0.0023594502780213025 0.00025140104101244398 -0.0053302925756535642 0.0043773865440344239 -0.002845689176506125 -0.0022006175575403145 0.014064707979910256 0.013013142038054756 -0.0040362396632101063 -0.0025190826891281293 0.011769755319341478 -0.0041762837894679244 0.011828514319999546 0.00043684709844873682 0.0064294090912281913 -0.0034223534128618779 -0.0025638095529934104 -0.00332006359584769 0.012611125417477888 0.012120190332863611 -0.0022504089554026383 -9.1846021242984749e-05 -0.00087455236950945657
leaf_weight=248 390 262 147 66 753 246 370 1638 175 179 94 181 178 101 77 124 95 220 90 176 138 280 61 1153 176 63 83 267 1194 121
leaf_count=248 390 262 147 66 753 246 370 1638 175 179 94 181 178 101 77 124 95 220 90 176 138 280 61 1153 176 63 83 267 1194 121
internal_value=-0.00194632 -0.00150764 -0.0102897 -0.00176606 -0.00102529 -0.00134681 -0.00890499 -0.000730123 0.00228296 -0.00193303 -0.0134712 -0.00795014 0.00430533 -0.00131157 0.0086645 0.000849515 -0.00193846 -0.00155962 0.000499151 0.00480549 0.0151411 -0.00485054 0.00395577 -0.00732615 0.00147442 0.00417783 -0.00294692 -0.00398136 -0.00157486 0.00859827
internal_weight=9346 8956 461 213 8495 8233 616 7617 2172 5445 273 356 1816 5172 302 201 4870 4775 2940 1306 314 1835 402 1433 992 816 1634 1551 1284 341
internal_count=9346 8956 461 213 8495 8233 616 7617 2172 5445 273 356 1816 5172 302 201 4870 4775 2940 1306 314 1835 402 1433 992 816 1634 1551 1284 341
is_linear=0
shrinkage=0.035


Tree=72
num_leaves=31
num_cat=0
split_feature=104 6 102 183 203 170 33 115 104 104 126 49 242 160 115 223 183 70 210 81 13 22 49 49 274 126 6 153 49 2
split_gain=32.4754 28.4374 22.3307 25.6072 21.8623 25.1041 22.8362 21.9223 21.1961 57.2579 34.4577 36.2735 33.525 32.9724 32.2621 29.0249 25.9423 24.8237 22.6566 24.1125 25.2285 28.5597 22.4175 28.9138 34.6921 40.4954 36.7573 33.1464 37.3035 23.5955
threshold=307.00000000000006 23.692888048359819 -2.5960499246605369 0.92728506576167147 -0.95231429536329715 1.0000000180025095e-35 0.49624998867511755 25649.000000000004 5441.5000000000009 6267.5000000000009 6382.5000000000009 8181.0000000000009 43.823214625899091 0.031299997121095664 6073.0000000000009 11.776995065819015 0.91390199044128195 4.1112999916076669 0.027976174942423254 5.8215000629425058 60.049428494156317 0.35024999082088476 9304.5000000000018 9778.0000000000018 0.59409262787354544 3945.0000000000005 5.9169611907398343 0.42045847171272804 10941.500000000002 662.13000488281261
decision_type=2 2 2 2 2 2 2 2 2 2 2 2 2 2 2 2 2 2 2 2 2 2 2 2 2 2 2 2 2 2
left_child=2 4 3 -1 -2 6 -6 8 10 -10 11 12 13 -7 15 -14 22 -16 19 20 -11 -22 -13 -24 25 27 -26 28 29 -25
right_child=1 -3 -4 -5 5 7 -8 -9 9 18 -12 16 14 -15 17 -17 -18 -19 -20 -21 21 -23 23 24 26 -27 -28 -29 -30 -31
leaf_value=0.0034035889661748328 0.004969756568883525 -0.00086875102469457155 0.0001686625068393566 -0.0011920795918229016 -0.0030532472504162843 -0.0033833863824836007 0.0073607585394702057 -0.0043212132762761139 -0.0036414804712975608 0.004037465196040195 0.0041015209706462726 0.0046965651318693191 -0.0071514389090568667 -0.00062190390302105771 0.013640033471275575 0.0023272814633256765 0.012725682170682224 0.0001859432567542073 -0.0010242105629903525 -0.0060352949269457676 -0.0039162393439446091 0.015305461158130364 -0.003389455787341776 0.0092612118544214972 -0.0021976437254317967 0.006758106149933411 0.0045320936175555979 0.0074834221741847829 -0.0022148543751738421 -0.0034911604813194371
leaf_weight=70 266 380 113 288 203 276 89 98 434 851 292 424 168 419 155 374 100 192 1973 99 311 95 172 174 315 247 66 179 462 61
leaf_count=70 266 380 113 288 203 276 89 98 434 851 292 424 168 419 155 374 100 192 1973 99 311 95 172 174 315 247 66 179 462 61
internal_value=-0.0019014 -0.00142286 -0.0108088 -0.0150413 -0.00100059 -0.00132196 -0.0113131 -0.000947494 -0.000736232 -0.00262872 0.00101201 0.000110847 -0.0039207 -0.00965 0.000587248 -0.00473492 0.00301587 0.00884943 -0.00106029 0.00241734 0.00374406 -0.00340633 0.00216152 0.000333135 0.00190192 0.00499557 -0.00716321 0.00143019 -0.00204416 0.0091875
internal_weight=9346 8875 471 358 8495 8229 292 7937 7839 3763 4076 3784 1584 695 889 542 2200 347 3329 1356 1257 406 2100 1676 1504 1123 381 876 697 235
internal_count=9346 8875 471 358 8495 8229 292 7937 7839 3763 4076 3784 1584 695 889 542 2200 347 3329 1356 1257 406 2100 1676 1504 1123 381 876 697 235
is_linear=0
shrinkage=0.035


Tree=73
num_leaves=31
num_cat=0
split_feature=104 6 272 193 126 272 228 49 8 22 124 49 261 22 173 242 60 93 151 173 4 26 126 93 13 19 30 49 93 45
split_gain=29.6498 22.2866 23.3939 35.4714 32.0108 21.3837 27.3045 25.2027 27.7681 33.0046 23.9757 26.711 42.3165 41.2242 48.6102 33.8822 34.6192 30.7085 31.829 32.6193 30.7261 27.793 27.4525 27.0095 41.1897 37.724 33.6797 33.5698 32.7735 26.2686
threshold=307.00000000000006 23.692888048359819 -0.014150008559226988 -0.94763260511140979 12507.000000000002 0.057249978184700019 -19.387200666364233 24269.000000000004 -7.6940671172126658 0.12815000116825107 -1.1371227825477199 13353.000000000002 572.24499511718761 0.12325000017881395 0.44591921594037348 23.122825537664184 3828.0000000000005 12738.000000000002 0.17717500030994418 0.21754381489109545 -24.717668028684095 2.1818499565124516 7171.0000000000009 12340.500000000002 31.745816298676957 675.50000000000011 572.25000000000011 12412.000000000002 9933.5000000000018 6.3823746495356497
decision_type=2 2 2 2 2 2 2 2 2 2 2 2 2 2 2 2 2 2 2 2 2 2 2 2 2 2 2 2 2 2
left_child=-1 2 -2 -4 5 6 -5 8 10 -10 11 13 21 -8 17 -16 -17 18 20 23 -15 -13 -21 24 28 26 -26 -28 29 -20
right_child=1 -3 3 4 -6 -7 7 -9 9 -11 -12 12 -14 14 15 16 -18 -19 19 22 -22 -23 -24 -25 25 -27 27 -29 -30 -31
leaf_value=-0.00071483490545526168 -0.0019341883266091294 -0.00083834473883026323 0.012729549114983746 0.0078866334929684149 -0.0017502633532858658 -0.0063093498705408362 -0.0016840676169723801 -0.0046863765664232841 0.0081634137984048678 1.7321111077368558e-05 -0.002489223142772569 0.005619053693814627 0.0058807473617987433 -0.001147076208597018 -0.0024459712603115244 0.0016311509959674446 0.010271646256868907 -0.0022668796563461678 -0.0043539730338054685 -0.0033679614509585817 0.01208458539717131 -0.0010167288198745653 0.013073859137649193 0.0085188052502421733 -0.0023918372252599786 -0.0054053795372148031 0.0069930112735033358 -0.003952321670630512 0.00027111904411808056 -0.0011178595903403516
leaf_weight=471 84 380 187 200 642 119 469 120 97 134 387 164 671 140 68 576 282 387 195 572 272 586 67 93 592 92 1027 63 115 94
leaf_count=471 84 380 187 200 642 119 469 120 97 134 387 164 671 140 68 576 282 387 195 572 272 586 67 93 592 92 1027 63 115 94
internal_value=-0.00185649 -0.00139921 -0.00102529 -0.000835908 -0.0011824 -0.000544352 -0.000304633 -0.000659741 -0.000386821 0.0114195 -0.00078936 -0.000284074 0.00395161 -0.00146604 -0.000460129 0.00669173 0.00859791 -0.00225229 -0.0011572 -0.0024494 0.00788969 -0.00176159 -0.00940217 -0.000476714 -0.00128264 0.00102305 0.00224066 0.00588128 -0.0112958 -0.0175
internal_weight=9346 8875 8495 8411 8224 7582 7463 7263 7143 231 6912 6525 1421 5104 4635 926 858 3709 3322 2910 412 750 639 2271 2178 1774 1682 1090 404 289
internal_count=9346 8875 8495 8411 8224 7582 7463 7263 7143 231 6912 6525 1421 5104 4635 926 858 3709 3322 2910 412 750 639 2271 2178 1774 1682 1090 404 289
is_linear=0
shrinkage=0.035


Tree=74
num_leaves=31
num_cat=0
split_feature=104 6 38 115 152 57 222 213 21 148 261 52 2 89 270 153 242 22 132 36 222 145 179 115 154 60 7 126 19 79
split_gain=27.0026 21.4809 24.1442 19.2843 19.1978 18.2801 17.5949 20.2598 17.2564 17.2166 18.7305 20.308 18.6428 17.1783 20.2073 22.5464 33.8647 32.194 27.7773 26.8945 18.3685 18.2193 17.0739 16.4948 16.001 15.4349 26.8739 17.9595 27.2566 21.1754
threshold=307.00000000000006 23.692888048359819 1285.5000000000002 25649.000000000004 0.22191570651433754 0.010204337329439555 10.548077301245444 11.406770186517564 0.13605000078678134 14363.000000000002 615.41000366210949 670.50000000000011 682.32998657226574 7.81512713454 55.128146055009942 0.13818640647602665 20.719657303447033 0.12374999746680261 0.23704999685287478 -7.9103013648855489 14.534969340376859 0.015283917897252121 17.46528438616868 9887.0000000000018 -0.42307693233977856 12236.500000000002 -130.71020872528217 10056.500000000002 583.50000000000011 0.0099012234029745797
decision_type=2 2 2 2 2 2 2 2 2 2 2 2 2 2 2 2 2 2 2 2 2 2 2 2 2 2 2 2 2 2
left_child=6 2 -2 4 5 -4 -1 -8 -3 10 11 13 -12 23 15 20 -17 -18 19 22 -15 -16 -19 -6 -7 27 -27 29 -29 -26
right_child=1 8 3 -5 9 24 7 -9 -10 -11 12 -13 -14 14 21 16 17 18 -20 -21 -22 -23 -24 -25 25 26 -28 28 -30 -31
leaf_value=-0.00084699703996640513 0.0086053621308529796 -0.0013125570948917843 0.0046385420804079622 -0.0041682311696573998 -0.00072897409177582475 0.0070606025379662809 -0.00081331987814286968 0.0098975482188516754 -0.00024384113383178586 0.003591089614390067 0.0097963762268075388 -0.0032171760247676462 -0.0013388976418867566 -0.0023565272686115663 -0.0017571759643112363 0.01129748165698059 -0.0072424562055240106 0.0033419146615664692 -0.0031325832051244352 0.012421920178998031 -0.00015192504814759091 0.00052651297513944101 -0.0030646603268065079 0.0047529375351705672 -0.0042643755685817415 -0.0048416210808204909 0.0043828052192527488 0.0092327755837991934 -0.0026024220271820804 0.00022732825422943639
leaf_weight=250 155 181 96 98 105 152 161 60 199 163 112 102 93 535 970 65 106 79 115 77 143 1032 86 117 352 93 487 70 329 2763
leaf_count=250 155 181 96 98 105 152 161 60 199 163 112 102 93 535 970 65 106 79 115 77 143 1032 86 117 352 93 487 70 329 2763
internal_value=-0.00180409 -0.00136768 -0.00100059 -0.00125824 -0.00106948 0.000531401 -0.00992647 -0.00263274 -0.00945455 -0.00285019 -0.00333912 -0.00393837 0.00683333 -0.00346434 -0.00411765 -0.00768786 -0.00223265 -0.00560897 -0.000483425 0.00623482 -0.0118887 -0.00195316 -0.00185294 0.00585903 0.000181134 -0.000239083 0.00502564 -0.00111395 -0.00805693 -0.000213141
internal_weight=9346 8875 8495 8340 8242 4342 471 221 380 3900 3737 3532 205 3430 3208 1206 528 463 357 242 678 2002 165 222 4246 4094 580 3514 399 3115
internal_count=9346 8875 8495 8340 8242 4342 471 221 380 3900 3737 3532 205 3430 3208 1206 528 463 357 242 678 2002 165 222 4246 4094 580 3514 399 3115
is_linear=0
shrinkage=0.035


Tree=75
num_leaves=31
num_cat=0
split_feature=203 27 104 173 225 124 173 13 93 71 233 261 173 218 27 270 13 143 125 213 115 115 102 246 71 93 27 224 163 270
split_gain=21.228 21.9072 18.3022 19.4481 42.3243 34.4314 29.7835 27.1704 39.6884 26.8151 25.6073 27.1986 25.7573 24.6481 23.7652 23.6208 27.8175 22.3915 33.7433 23.7624 34.8437 27.7767 25.0493 23.3153 35.8375 25.3577 33.0082 41.7798 28.2583 33.8719
threshold=-0.95231429536329715 4260.5000000000009 307.00000000000006 0.44591921594037348 0.38176451524991584 -1.2251438833804487 0.35427949381293994 51.212608865532083 4807.5000000000009 20144.000000000004 6767.1599121093759 610.23498535156261 0.46081721153271443 3.4080186865108248 19716.000000000004 37.399376803625394 21.782871585488518 0.13385000079870227 5.8013498783111581 11.515257742484311 8301.5000000000018 14515.500000000002 -3.0655890766421625 0.33630708513698443 5312.0000000000009 2112.0000000000005 8644.0000000000018 -0.85726966457674469 0.14591528449420543 96.80784795394591
decision_type=2 2 2 2 2 2 2 2 2 2 2 2 2 2 2 2 2 2 2 2 2 2 2 2 2 2 2 2 2 2
left_child=1 -1 -2 6 5 10 9 13 -9 14 11 12 -5 -8 17 -14 -17 18 19 -4 22 -22 -21 25 -25 26 27 -19 -27 -30
right_child=2 -3 3 4 -6 -7 7 8 -10 -11 -12 -13 15 -15 -16 16 -18 23 -20 20 21 -23 -24 24 -26 28 -28 -29 29 -31
leaf_value=0.00032957517095483062 -0.00067369419604675833 0.01337717204101291 0.010269191476197287 0.012988410283134763 -0.0055971305761576941 -0.0014845021854729776 -0.0035903492321567561 0.0044714691268417867 -0.0079310373297517747 0.010523111387488666 0.012984871077958992 -0.0071862165232271123 0.0062860978582268785 0.00035075613106524853 -0.0026052874096157211 -0.0028402783230050245 0.00039440197544790339 -0.0023954836118810978 -0.0053046466216195871 -0.0031718481703306499 0.0086034378512514255 -0.0010618352862974158 0.0009887505332291679 0.0070811340043373293 -0.0020822755219519827 0.001150475574632111 -0.0071154870033013871 0.0064360586236367739 -0.0029685369058335136 0.0075803608280761896
leaf_weight=173 470 99 111 85 114 210 100 72 212 121 121 64 107 343 329 135 1665 454 60 106 192 100 60 137 732 1716 115 200 765 178
leaf_count=173 470 99 111 85 114 210 100 72 212 121 121 64 107 343 329 135 1665 454 60 106 192 100 60 137 732 1716 115 200 765 178
internal_value=-0.00171426 0.00783394 -0.00200463 -0.00163434 0.000963687 0.00197533 -0.00269892 -0.00932377 -0.0176817 -0.00179521 0.00328827 0.00234352 0.00308463 -0.00382813 -0.00217586 0.00221496 0.001241 -0.00156155 0.00458202 0.0072561 0.00362851 0.0108418 -0.00900585 -0.00246513 -0.00756865 -0.00116225 -0.00673773 -0.00361153 0.000459835 -0.00439346
internal_weight=9346 272 9074 8604 2501 2387 6103 727 284 5376 2177 2056 1992 443 5255 1907 1800 4926 629 569 458 292 166 4297 869 3428 769 654 2659 943
internal_count=9346 272 9074 8604 2501 2387 6103 727 284 5376 2177 2056 1992 443 5255 1907 1800 4926 629 569 458 292 166 4297 869 3428 769 654 2659 943
is_linear=0
shrinkage=0.035


Tree=76
num_leaves=31
num_cat=0
split_feature=6 193 126 115 21 66 104 153 8 13 82 13 93 233 58 213 126 38 91 8 45 126 71 244 71 4 111 173 129 120
split_gain=23.9295 19.339 21.3024 22.3724 21.9325 21.2217 19.722 21.1222 19.9935 23.9803 36.3871 32.9988 29.7061 46.6089 40.1975 24.737 25.1288 23.5091 26.5466 23.455 35.7224 33.5625 32.6968 30.425 23.41 21.783 21.5993 21.1765 39.6003 31.2987
threshold=23.692888048359819 -0.96438248944394667 12507.000000000002 6265.5000000000009 0.11865000054240228 0.48014999926090246 295.00000000000006 0.57831758663580557 -7.6940671172126658 27.954840148807492 15409.500000000002 29.303777879420409 9329.0000000000018 6019.2102050781259 -10.4395688221187 11.444871430094972 9211.5000000000018 1809.0000000000002 -4.2715400869546869 -29.885578975343929 2.8027701620275591 11791.000000000002 8111.0000000000009 0.019099999219179157 5472.5000000000009 -3.770656331510287 16.724720095388943 0.44591921594037348 666.50000000000011 0.68094998598098766
decision_type=2 2 2 2 2 2 2 2 2 2 2 2 2 2 2 2 2 2 2 2 2 2 2 2 2 2 2 2 2 2
left_child=1 5 6 -4 -5 -1 7 -3 9 10 12 25 -8 -14 -15 -16 -17 18 -13 21 -21 27 24 -24 -22 -11 -10 -19 29 -29
right_child=-2 2 3 4 -6 -7 8 -9 26 11 -12 17 13 14 15 16 -18 19 -20 20 22 -23 23 -25 -26 -27 -28 28 -30 -31
leaf_value=0.022853471303844214 -0.00088096543751665847 7.4434504933388327e-05 -0.00049655983189773672 0.00054135151586544479 -0.0031310805785254572 -0.0037226956600202553 -0.0015633569455819143 -0.0011812078279710349 0.0067237976579461855 0.013127755573425832 0.0077072303945360269 0.012251967947007241 0.013060598459227239 0.0028993732163221861 0.00026014627952050787 -0.0025591438989156258 0.0036954466234080368 -0.00087836503565191023 0.00035333555441544848 -0.0036032741121213123 0.00062721982425291108 0.011598023212804526 0.0076937138453216231 -0.0016561279303800665 -0.0083715003930618821 0.00067102367355634013 8.1638026559949789e-05 0.002595399076842989 0.0096830050445548717 -0.00096210803971524155
leaf_weight=76 390 122 382 62 215 70 635 302 108 112 119 103 62 205 205 476 70 3525 177 150 68 60 91 121 81 175 144 587 146 307
leaf_count=76 390 122 382 62 215 70 635 302 108 112 119 103 62 205 205 476 70 3525 177 150 68 60 91 121 81 175 144 587 146 307
internal_value=-0.00166934 -0.00129673 -0.00150879 -0.00753765 -0.0150177 0.0111258 -0.00101704 -0.00832168 -0.000611097 -0.000940508 -0.00449071 0.000165557 -0.00584741 -0.00212121 -0.00407908 -0.00782407 -0.0116878 -0.000451946 0.00933333 -0.00099397 -0.00807171 -0.000204104 -0.0020082 0.00677419 -0.0143182 0.0116267 0.00898833 -0.000559081 0.00381818 0.00101224
internal_weight=9346 8956 8810 659 277 146 8151 424 7727 7475 1772 5703 1653 1018 956 751 546 5416 280 5136 511 4625 361 212 149 287 252 4565 1040 894
internal_count=9346 8956 8810 659 277 146 8151 424 7727 7475 1772 5703 1653 1018 956 751 546 5416 280 5136 511 4625 361 212 149 287 252 4565 1040 894
is_linear=0
shrinkage=0.035


Tree=77
num_leaves=31
num_cat=0
split_feature=6 152 122 21 82 22 38 135 162 22 171 140 272 10 26 171 27 216 60 104 93 171 274 193 104 213 256 223 104 163
split_gain=24.1429 21.14 20.043 18.7116 16.5723 14.188 19.4565 17.9995 14.7164 15.1051 15.8028 13.7787 13.5919 29.7212 17.1656 19.4544 16.9538 22.23 31.2308 20.1992 19.5171 21.0674 19.7313 31.7299 18.7214 18.6575 26.1388 17.8237 17.6518 16.9771
threshold=23.692888048359819 0.22191570651433754 9.8631910777305229 0.13605000078678134 302.50000000000006 0.12325000017881395 10484.500000000002 -0.8183420456351026 -0.07337141430216991 0.13255000114440921 0.14697499945759776 644.50000000000011 0.011199999600648882 25.340761796043111 3.2289500236511235 0.14252500236034396 5674.0000000000009 35.99718390028648 10302.000000000002 5272.0000000000009 13054.500000000002 0.14132500067353251 0.1840033505040862 -0.026929954341751269 7448.5000000000009 11.100820863874137 32.052252249208173 14.236690577612732 9022.0000000000018 0.18524823891484418
decision_type=2 2 2 2 2 2 2 2 2 2 2 2 2 2 2 2 2 2 2 2 2 2 2 2 2 2 2 2 2 2
left_child=1 12 -3 -2 -4 6 11 -8 -7 -10 -11 -6 13 -1 15 -15 28 20 19 25 22 -22 23 -18 29 -19 -27 -24 -14 -21
right_child=3 2 4 -5 5 8 7 -9 9 10 -12 -13 16 14 -16 -17 17 18 -20 24 21 -23 27 -25 -26 26 -28 -29 -30 -31
leaf_value=0.0010709078182484851 -0.0013711269430884121 0.0076986431598838221 -0.0015830705871616225 -0.00024176502350403475 -0.00043936835250538142 0.00050235074943336241 0.00081393336024537973 -0.004532525231064709 0.0013561915933444583 -0.0027059702544136532 -0.00094985420458001686 -0.003724667363446111 0.001369215800789342 0.0036693127414015613 -0.0048605294915782865 -0.0020947733707032895 -0.0003613540412088415 -0.0042025131975783414 0.0034430698315506517 -0.0033094255300260425 0.00050545863531837329 -0.0018958422762031615 -0.00041244289555950389 0.012408514976805566 -0.0026162492578595412 -0.0010137504431585278 0.0030573303987007426 0.0048689910520833659 0.01162626335152659 -0.007491871062534349
leaf_weight=181 189 77 85 201 76 939 117 76 190 141 2289 202 781 85 68 288 130 229 401 145 337 222 303 270 316 195 429 168 92 124
leaf_count=181 189 77 85 201 76 939 117 76 190 141 2289 202 781 85 68 288 130 229 401 145 337 222 303 270 316 195 429 168 92 124
internal_value=-0.00163191 -0.00125767 -0.00306886 -0.0101013 -0.00340655 -0.00307063 -0.00875 -0.000176768 -0.0023078 -0.00365333 -0.00439836 -0.0145936 0.000337597 -0.00446571 -0.00933857 -0.0062037 0.00106342 -9.62126e-05 -0.00263829 -0.00504505 0.00317073 -0.00192376 0.00643265 0.0120988 -0.0100254 -0.00159091 0.00155803 0.00154412 0.00538155 -0.0167336
internal_weight=9346 8956 4192 390 4115 4030 471 193 3559 2620 2430 278 4764 622 441 373 4142 3269 1839 1438 1430 559 871 400 585 853 624 471 873 269
internal_count=9346 8956 4192 390 4115 4030 471 193 3559 2620 2430 278 4764 622 441 373 4142 3269 1839 1438 1430 559 871 400 585 853 624 471 873 269
is_linear=0
shrinkage=0.035


Tree=78
num_leaves=31
num_cat=0
split_feature=6 203 152 93 211 33 274 219 55 274 126 93 13 137 222 233 89 41 183 115 10 261 93 220 223 59 2 126 11 33
split_gain=23.6057 20.8474 20.1728 22.984 26.2352 24.721 37.6666 36.6304 24.8931 22.5919 29.5279 33.0506 32.6751 30.1055 23.7459 23.6757 30.3286 29.5062 34.3895 25.9743 26.4004 29.5983 23.3208 25.8617 22.9699 22.7397 22.4327 21.8009 34.2725 21.565
threshold=23.692888048359819 -0.95231429536329715 -0.37935080988184944 1127.0000000000002 -0.55865985692891573 0.4582000076770783 0.6731463223700761 -63.649163936277631 0.36640000343322759 0.1907483477533968 12792.500000000002 6213.0000000000009 32.648203963719119 1469.0000000000002 6.9188601574941417 5965.8400878906259 21.242259739801685 590.50000000000011 0.6920836767447196 5909.5000000000009 84.948853095405866 586.40499877929699 12738.000000000002 11.394776666601311 14.106594509723628 4.4495999813079843 561.35498046875011 3639.0000000000005 21.556320307163059 0.29755000770092016
decision_type=2 2 2 2 2 2 2 2 2 2 2 2 2 2 2 2 2 2 2 2 2 2 2 2 2 2 2 2 2 2
left_child=1 -1 -3 4 -4 8 7 -7 9 10 11 12 -5 -13 -12 17 19 18 -11 -17 21 27 29 -24 -23 -14 -10 -21 -29 -15
right_child=-2 2 3 5 -6 6 -8 -9 26 15 14 13 25 22 -16 16 -18 -19 -20 20 -22 24 23 -25 -26 -27 -28 28 -30 -31
leaf_value=0.0042848401888901586 -0.00081311730400878757 0.00035534582208725078 -0.0011133827059398495 -0.0022231715974676877 -0.003542912187172897 0.0092720642681161057 -0.0026287001349618424 -0.00051928864894534583 0.0027092231943226979 -0.0047716002338660116 0.00031107426012873533 0.022067427457064602 -0.0023750908286142708 0.0071309930296481151 -0.0029828243579898698 0.0059833003010139729 -0.0050903810397063178 0.0044999710615747741 0.0017807081410653772 -0.00068264161498485221 -0.0032659182024134463 -2.3046493462852983e-05 -0.0020773867480862185 0.00045233245301730212 0.0075762685219966366 0.0097740120754589745 -0.0053717367865610014 0.00037709210044970247 -0.0039224247377846293 -0.00089580863636223927
leaf_weight=267 390 1473 213 194 138 260 61 229 80 106 129 61 498 1030 329 147 152 134 167 878 332 444 174 500 96 131 210 87 189 247
leaf_count=267 390 1473 213 194 138 260 61 229 80 106 129 61 498 1030 329 147 152 134 167 878 332 444 174 500 96 131 210 87 189 247
internal_value=-0.00154957 -0.00117956 -0.00147746 -0.0022393 -0.0109129 -0.00178821 0.0052973 0.00857287 -0.00240902 -0.00192123 3.18375e-05 0.00136796 -0.00452295 0.00378285 -0.00816415 -0.0042711 -0.00563305 0.00348301 -0.00314748 -0.00454775 -0.00558346 -0.00379046 0.00298824 -0.00226804 0.00295413 -0.000607256 -0.012339 -0.00694564 -0.0154448 0.00576053
internal_weight=9346 8956 8689 7216 351 6865 550 489 6315 6025 3293 2835 823 2012 458 2732 2325 407 273 2173 2026 1694 1951 674 540 629 290 1154 276 1277
internal_count=9346 8956 8689 7216 351 6865 550 489 6315 6025 3293 2835 823 2012 458 2732 2325 407 273 2173 2026 1694 1951 674 540 629 290 1154 276 1277
is_linear=0
shrinkage=0.035


Tree=79
num_leaves=31
num_cat=0
split_feature=6 203 27 152 93 211 137 185 38 261 274 274 9 126 233 30 10 38 148 173 274 13 242 272 22 270 12 216 22 218
split_gain=22.3692 17.8293 23.5715 18.9996 22.9324 26.2352 24.6579 22.2324 19.6655 19.1748 19.7285 26.4489 28.1589 25.6758 24.8996 22.8404 30.8166 24.7076 21.2854 23.5775 31.7496 24.3764 20.7265 41.4567 26.0423 25.8696 21.2891 21.2448 19.744 35.9634
threshold=23.692888048359819 -0.95231429536329715 4260.5000000000009 -0.37935080988184944 1127.0000000000002 -0.55865985692891573 462.50000000000006 0.0076793386866679421 3902.5000000000005 455.65499877929693 0.14243084287879951 -0.017463531569550831 108.43038425130973 12281.500000000002 6807.8950195312509 659.50000000000011 46.506822562407898 5663.5000000000009 8108.5000000000009 0.44165397285117219 0.48622770310968988 26.213993384416604 36.944446239530599 0.025200001895427707 0.13104999810457232 86.399658775425948 3.8653762205416462 45.351807464813263 0.15744999796152118 3.2177450166881774
decision_type=2 2 2 2 2 2 2 2 2 2 2 2 2 2 2 2 2 2 2 2 2 2 2 2 2 2 2 2 2 2
left_child=1 2 -1 7 5 8 -6 -3 -5 -8 11 12 14 18 15 16 22 -18 19 28 21 -21 23 24 26 -24 -11 -27 29 -12
right_child=-2 3 -4 4 6 -7 9 -9 -10 10 13 -13 -14 -15 -16 -17 17 -19 -20 20 -22 -23 25 -25 -26 27 -28 -29 -30 -31
leaf_value=-6.1523037298653058e-05 -0.00078465819836847977 -0.0032736260424754667 0.013424481829027191 -0.0049929081590858321 0.011412842943288792 -0.0034189102606218473 0.0078012734537774887 0.00069805851543992738 0.0034999647092732382 0.012956648931433399 -0.0042874035217056513 0.0024263717852529118 0.011274692987853132 -0.0026825073200198715 0.011044236701200588 -0.0066546494960477284 0.00062319858722023678 -0.006374555664205429 0.0086806480078073008 -0.0015550686331938192 -0.00057238007732247638 0.0035544257122747344 0.011197622670532363 -0.0050033843908288429 -0.00091085082793181463 -0.0043573861368157701 0.00035808233560290518 0.0010448945551839667 -0.0025564361823622699 0.0003704110856239107
leaf_weight=173 390 181 94 91 89 138 79 1292 122 61 104 921 92 119 66 216 127 246 152 98 1191 594 180 110 323 65 71 160 1258 543
leaf_count=173 390 181 94 91 89 138 79 1292 122 61 104 921 92 119 66 216 127 246 152 98 1191 594 180 110 323 65 71 160 1258 543
internal_value=-0.00159448 -0.00123424 0.00759191 -0.00150966 -0.002249 -0.0109129 -0.0017984 0.00210758 -0.00305046 -0.00204395 -0.00225082 0.00010594 -0.00245935 -0.00378076 -0.00354294 -0.00445332 -0.00272626 -0.0112037 -0.00328264 -0.00380174 -0.0010196 0.00492109 0.000574359 -0.00374561 0.00098913 0.00657317 0.0137956 -0.00136957 -0.00654188 -0.00155675
internal_weight=9346 8956 267 8689 7216 351 6865 1473 213 6776 6697 2638 1717 4059 1625 1559 1343 373 3940 3788 1883 692 970 565 455 405 132 225 1905 647
internal_count=9346 8956 267 8689 7216 351 6865 1473 213 6776 6697 2638 1717 4059 1625 1559 1343 373 3940 3788 1883 692 970 565 455 405 132 225 1905 647
is_linear=0
shrinkage=0.035


Tree=80
num_leaves=31
num_cat=0
split_feature=57 145 203 110 34 233 160 165 126 80 218 115 187 69 270 173 82 2 219 193 203 49 19 82 274 242 13 175 218 13
split_gain=19.5192 19.4909 21.666 35.3617 27.5156 26.1435 29.0414 29.5382 23.7302 21.2132 21.1488 17.8502 17.0751 15.7739 24.7473 25.6788 24.2639 26.6682 24.3835 29.2255 28.7624 22.4144 30.1258 33.7605 26.351 45.248 22.9566 22.4751 22.1647 25.3633
threshold=0.010840177507840302 0.015120957228504971 -0.37250436302598849 0.26669999957084661 7.6902043824617401 6653.3098144531259 1.0000000180025095e-35 0.021354282599653454 12507.000000000002 -3.7011013544447842 11.399590942363192 4793.0000000000009 -0.00015411701400673916 -5.6973460397160576 30.202277413484403 0.89079063229754696 11372.500000000002 637.64999389648449 -45.491221001614846 -0.49841016560085044 -0.5763008971703576 11160.500000000002 579.50000000000011 3156.0000000000005 0.47449545130714516 24.627282286421035 32.648203963719119 0.011762021414716961 14.736044907943379 43.981244026140821
decision_type=2 2 2 2 2 2 2 2 2 2 2 2 2 2 2 2 2 2 2 2 2 2 2 2 2 2 2 2 2 2
left_child=-1 2 5 8 -5 6 -2 10 9 12 -8 -6 -4 14 -3 16 18 -18 20 -20 -16 22 23 -15 25 -24 -26 -27 29 -21
right_child=1 13 3 4 11 -7 7 -9 -10 -11 -12 -13 -14 21 15 -17 17 -19 19 28 -22 -23 24 -25 26 27 -28 -29 -30 -31
leaf_value=0.0018030133463991726 -0.001793287418805732 0.0074982012675062831 -0.0011586534428015504 -0.0035937600222737585 -0.003680956526137682 -0.0043634106965360145 -0.0037833637762910749 -0.00077028879443494127 -0.0028768508471107889 -0.0029418509304335659 0.0081134870382380889 0.0091489120185592829 0.00057708485188950897 0.0040014072861118645 -0.00053991920658113765 -0.0016793185340725691 -0.0033320803339846592 0.0066459686936450576 0.011122704909549098 0.00046538225805607518 0.0088303936961697058 -0.0004408291816418847 -0.0010079638810672135 -0.0077043625709394678 0.00029963362667561781 -0.0029821834519831282 -0.0010398553457699584 0.0092655484439144072 -0.0022338052655372868 -0.0018244991472324364
leaf_weight=314 195 97 255 577 78 169 62 314 92 257 335 95 885 107 284 182 293 124 66 701 598 1085 152 170 134 65 231 633 331 465
leaf_count=314 195 97 255 577 78 169 62 314 92 257 335 95 885 107 284 182 293 124 66 701 598 1085 152 170 134 65 231 633 331 465
internal_value=-0.00148968 -0.00178931 -0.00392287 -0.00588012 -0.012053 0.000162037 0.00253568 0.00581704 -0.00274096 -0.00157275 0.012102 0.000196629 0.000489083 -0.000550411 -0.00221392 -0.00277796 -0.00195326 -0.00970379 -0.000614286 -0.00323661 0.0040248 0.00147754 0.00425518 -0.00608156 0.00662705 0.0099883 -0.00122973 0.0137411 -0.00426431 -0.00197267
internal_weight=9346 9032 3314 2239 750 1075 906 711 1489 1397 397 173 1140 5718 3141 3044 2862 417 2445 1563 882 2577 1492 277 1215 850 365 698 1497 1166
internal_count=9346 9032 3314 2239 750 1075 906 711 1489 1397 397 173 1140 5718 3141 3044 2862 417 2445 1563 882 2577 1492 277 1215 850 365 698 1497 1166
is_linear=0
shrinkage=0.035


Tree=81
num_leaves=31
num_cat=0
split_feature=6 27 8 271 111 261 27 27 203 200 242 126 22 8 242 274 19 104 140 19 93 151 2 270 126 219 5 126 126 244
split_gain=20.3085 17.9679 24.5991 25.3958 23.3468 21.0606 25.2164 46.9858 24.4048 23.926 22.7675 33.623 37.3122 33.4087 24.5211 21.2913 20.0333 19.4927 20.9081 31.0505 24.568 46.2631 42.48 37.9484 34.3406 29.0506 26.101 37.6986 37.9157 24.2311
threshold=23.692888048359819 5674.0000000000009 -7.6940671172126658 16.85691030829803 16.724720095388943 618.03500366210949 13134.500000000002 13428.500000000002 -0.94857332272418893 -0.0093000158667564375 43.823214625899091 15537.500000000002 0.15839999914169314 -49.925683657244299 19.880087626050919 0.36735070646422979 684.50000000000011 462.50000000000006 567.25000000000011 579.50000000000011 12738.000000000002 0.26167500764131552 588.23498535156261 60.963744238215732 6823.5000000000009 -18.376165308860344 -12.536296864231245 10491.500000000002 6925.0000000000009 0.0084999985992908495
decision_type=2 2 2 2 2 2 2 2 2 2 2 2 2 2 2 2 2 2 2 2 2 2 2 2 2 2 2 2 2 2
left_child=1 -1 3 5 -4 6 8 -8 -3 10 14 12 -12 -14 -9 16 -7 -10 -19 -20 21 26 -23 24 25 -22 -21 28 29 -28
right_child=-2 2 4 -5 -6 15 7 9 17 -11 11 -13 13 -15 -16 -17 -18 18 19 20 23 22 -24 -25 -26 -27 27 -29 -30 -31
leaf_value=0.00032648483928038796 -0.00067137326101961864 0.010434274792089637 0.0062017827041195746 0.001712062626580322 -0.00022847847733261959 0.013950202284273372 0.012285168999876188 0.0049175761282616 -0.001802300881525561 -0.0036358168203306394 0.014682746366263478 -0.002380080599601811 0.0043579455807476238 -0.0021645365244363866 -0.00086785453560183896 -0.0020575366618706703 0.00083142895030284883 0.0055847580139629215 -0.0056009219655921219 0.0064378293214418332 0.003418285925368685 0.0037242810684937526 -0.004325003553268693 -0.0054782520543307164 -0.0034214589475549126 -0.0017373766575322996 -0.0021104459137314844 -0.0033654410525128871 0.011155942941032676 4.1717952406359067e-05
leaf_weight=1781 390 65 108 379 156 94 127 104 199 97 112 143 381 61 1110 124 99 293 182 148 248 175 561 161 168 204 183 198 259 1036
leaf_count=1781 390 65 108 379 156 94 127 104 199 97 112 143 381 61 1110 124 99 293 182 148 248 175 561 161 168 204 183 198 259 1036
internal_value=-0.00162443 -0.00128111 -0.00206198 -0.00246457 0.00832714 -0.0029769 -0.00342685 -0.000343458 -0.00503794 -0.00166915 -0.000785491 0.00423789 0.00813953 0.00344519 -0.00367514 0.00576087 0.012904 -0.0053893 -0.00481811 -0.00556548 -0.00478033 -0.00311111 -0.0104858 -0.0101972 -0.00616 -0.00107221 -0.000114817 -0.00137418 0.000566419 -0.00203023
internal_weight=9346 8956 7175 6911 264 6532 6215 2135 4080 2008 1911 697 554 442 1214 317 193 4015 3816 3523 3341 2560 736 781 620 452 1824 1676 1478 1219
internal_count=9346 8956 7175 6911 264 6532 6215 2135 4080 2008 1911 697 554 442 1214 317 193 4015 3816 3523 3341 2560 736 781 620 452 1824 1676 1478 1219
is_linear=0
shrinkage=0.035


Tree=82
num_leaves=31
num_cat=0
split_feature=6 21 272 196 148 271 27 233 270 261 27 208 161 261 219 45 246 126 274 122 126 41 49 49 49 38 99 193 49 190
split_gain=17.2589 17.7623 17.6976 21.9032 21.5152 20.1215 21.0158 22.584 26.7648 26.405 20.0102 19.2113 19.2182 18.956 21.7146 20.4594 19.3762 30.1706 35.713 29.0657 24.0826 24.0755 32.3961 38.0704 26.3893 23.6091 34.2322 28.3685 30.1772 22.3794
threshold=23.692888048359819 0.13605000078678134 0.015099998563528063 1.4973888076283826 14363.000000000002 16.85691030829803 5618.5000000000009 5663.0300292968759 96.80784795394591 531.48498535156261 4513.5000000000009 0.039849996566772468 0.17750000208616259 613.02502441406261 -3.861436980978016 5.4363044494820789 0.55189336919010679 1461.5000000000002 0.62078451850376748 15.435984638138892 522.00000000000011 563.50000000000011 6907.5000000000009 3104.0000000000005 7494.5000000000009 6711.0000000000009 0.19735000282526019 0.08782399524535546 10726.500000000002 -0.033549994230270379
decision_type=2 2 2 2 2 2 2 2 2 2 2 2 2 2 2 2 2 2 2 2 2 2 2 2 2 2 2 2 2 2
left_child=2 -2 3 -1 5 6 7 8 -4 10 -9 12 -11 14 16 -16 17 20 19 -19 -8 -21 23 -23 -24 26 -26 -28 -29 -18
right_child=1 -3 4 -5 -6 -7 13 9 -10 11 -12 -13 -14 -15 15 -17 29 18 -20 21 -22 22 24 -25 25 -27 27 28 -30 -31
leaf_value=-0.00084832443538056701 -0.0011849411446688881 -0.00010461084695023827 -0.0088067059453501139 0.0080456563349310152 0.0056831779904161876 0.0032828165489925541 -0.0017149083498987602 0.0005081138443194783 0.003366404805238048 -0.0024001970626011211 0.0084711042687061981 0.0073418446610438717 0.00078755910099030549 0.0029818720631432172 0.0035520813998926983 -0.0018475251328922205 -0.005520169674345138 0.0020156123713590364 -0.0030938809023083498 0.008009603536305851 0.011259901968982052 0.0032479941526385747 0.012877676940579719 -0.0057815168459962752 0.0082749872559836919 -0.001524827724743561 0.0068168966448123782 0.0020620205473643183 -0.0062941376628095564 -0.00085476085335955173
leaf_weight=2023 189 201 166 107 219 334 63 148 188 111 125 73 318 321 249 70 70 364 87 144 257 75 161 437 211 1302 194 67 114 958
leaf_count=2023 189 201 166 107 219 334 63 148 188 111 125 73 318 321 249 70 70 364 87 144 257 75 161 437 211 1302 194 67 114 958
internal_value=-0.00169928 -0.00886076 -0.00138266 -0.00416393 -0.00051237 -0.000873412 -0.00132128 0.00299383 -0.00428969 0.00632692 0.014982 0.00151874 -0.00137097 -0.00227034 -0.00282001 0.00594136 -0.00344644 -0.0021919 -0.00323315 -0.00258458 0.00796923 -0.00383579 -0.00462393 -0.0124565 -0.00264119 -0.00380877 0.00201354 -0.00432895 -0.0141129 -0.00765731
internal_weight=9346 390 8956 2130 6826 6607 6273 1129 354 775 273 502 429 5144 4823 319 4504 3476 3156 3069 320 2705 2561 512 2049 1888 586 375 181 1028
internal_count=9346 390 8956 2130 6826 6607 6273 1129 354 775 273 502 429 5144 4823 319 4504 3476 3156 3069 320 2705 2561 512 2049 1888 586 375 181 1028
is_linear=0
shrinkage=0.035


Tree=83
num_leaves=31
num_cat=0
split_feature=115 203 27 31 126 126 193 220 213 104 93 261 49 144 287 185 19 126 82 27 125 126 93 126 148 99 33 45 124 49
split_gain=17.1278 16.2245 20.7639 19.7416 17.684 29.1119 26.2529 25.6204 51.7782 30.8496 28.9504 41.1262 22.0128 24.1769 21.4456 44.7878 35.1997 26.0572 28.9515 24.2884 38.7836 28.221 32.5137 27.313 27.0757 25.2981 24.2462 26.7059 21.3383 26.0803
threshold=25649.000000000004 -0.95231429536329715 4260.5000000000009 -71.119355900616782 10355.000000000002 9211.5000000000018 0.19872673978930652 22.281431005054152 11.900667711776133 5535.0000000000009 10404.500000000002 550.37500000000011 23624.000000000004 34.651923743115638 1.0000000180025095e-35 0.0074627817822573933 570.50000000000011 8416.5000000000018 15409.500000000002 17848.000000000004 3.9014500379562382 503.50000000000006 9514.5000000000018 1461.5000000000002 844.50000000000011 0.20955000072717669 0.28634999692440039 9.3882843289504248 -1.1371227825477199 8314.5000000000018
decision_type=2 2 2 2 2 2 2 2 2 2 2 2 2 2 2 2 2 2 2 2 2 2 2 2 2 2 2 2 2 2
left_child=1 2 3 -1 5 12 -7 8 -6 -9 11 -11 14 -14 17 16 -16 18 28 21 -21 22 25 -23 -25 -17 -26 -28 29 -3
right_child=-2 4 -4 -5 7 6 -8 9 -10 10 -12 -13 13 -15 15 19 -18 -19 -20 20 -22 23 -24 24 26 -27 27 -29 -30 -31
leaf_value=-0.0020935621578835224 -0.0020855278611849916 -0.0010154146926401998 0.011541056199161277 0.0070524884326948027 -0.0012287462003890196 0.014098621258294622 -0.0019674797176407514 0.00092308147252025802 0.0030725160586660815 -0.0061306975503797306 -0.0049192308220715065 0.00065755791776657868 -0.005645794893240518 2.0308292812915021e-05 0.0010559350065819002 -0.0048098927669077089 -0.005222834563635397 -0.0025342247599203466 0.0089740532588134005 0.0073145964641092853 -0.0037173361280974922 0.005060304532320677 0.0016853583695648094 -0.002099416493114166 0.0041975362309946054 3.7474355790610983e-05 -0.0044811171520357518 0.0073985394543869716 -0.0027636558790062262 9.1176318893106416e-05
leaf_weight=109 133 2142 99 64 396 176 88 68 226 168 162 179 80 71 108 89 182 188 146 69 182 411 133 176 774 60 176 63 166 2262
leaf_count=109 133 2142 99 64 396 176 88 68 226 168 162 179 80 71 108 89 182 188 146 69 182 411 133 176 774 60 176 63 166 2262
internal_value=-0.00170677 -0.00152256 0.0068231 -0.000589888 -0.00178013 -0.00116561 0.0101487 -0.00572674 -0.000781499 -0.0110052 -0.0139591 -0.00805398 -0.00157156 -0.0145833 -0.00129364 0.00139827 -0.0113898 -0.00262375 -0.00210549 0.00315949 -0.00697266 0.0045257 -0.00560976 0.00632399 0.00360553 -0.0165909 0.00581041 -0.00387295 -0.00260109 -0.00212747
internal_weight=9346 9213 272 173 8941 7742 264 1199 622 577 509 347 7478 151 7327 2423 290 4904 4716 2133 251 1882 282 1600 1189 149 1013 239 4570 4404
internal_count=9346 9213 272 173 8941 7742 264 1199 622 577 509 347 7478 151 7327 2423 290 4904 4716 2133 251 1882 282 1600 1189 149 1013 239 4570 4404
is_linear=0
shrinkage=0.035


Tree=84
num_leaves=31
num_cat=0
split_feature=203 27 126 220 213 30 104 93 261 49 144 49 183 211 49 81 46 71 203 197 13 93 223 213 79 27 163 8 157 63
split_gain=18.9446 19.1016 18.9154 23.0675 38.6772 34.6777 28.091 24.7884 37.1663 22.9728 24.43 23.4425 33.3088 26.1028 24.4894 35.6538 24.4644 30.2998 24.1393 23.8205 23.0204 30.0568 22.5816 21.9673 23.408 27.7836 24.6177 29.6311 24.9336 21.3402
threshold=-0.95231429536329715 4260.5000000000009 10355.000000000002 22.281431005054152 11.900667711776133 605.50000000000011 5535.0000000000009 10404.500000000002 550.37500000000011 23624.000000000004 34.651923743115638 8314.5000000000018 0.91553021834698789 0.93807020323312085 9304.5000000000018 4.026099920272828 0.027212117166903884 6437.0000000000009 -0.38015329763195743 -0.069498282067830069 27.730905693904152 10652.000000000002 11.213440613704456 11.52078945897089 0.011594289091557507 4932.5000000000009 0.22650974839104901 -82.831353357598005 -0.039347906894608937 595.50000000000011
decision_type=2 2 2 2 2 2 2 2 2 2 2 2 2 2 2 2 2 2 2 2 2 2 2 2 2 2 2 2 2 2
left_child=1 -1 9 4 -4 -6 -5 8 -8 11 -11 12 20 -14 15 -13 18 22 -16 -19 21 -2 -18 24 29 -26 27 -27 -28 -22
right_child=2 -3 3 6 5 -7 7 -9 -10 10 -12 14 13 -15 16 -17 17 19 -20 -21 23 -23 -24 -25 25 26 28 -29 -30 -31
leaf_value=2.2377207696172577e-05 -0.0021294148124346847 0.011137119232190632 -0.0011857400833754032 0.00089077362098204875 -0.00073881116639470837 0.0066416900194376126 -0.0059161231361164399 -0.0045488823194122273 0.00063454339064474897 -0.0054679622192660027 1.9597502564461247e-05 -0.00092597456365609736 -0.0013739121081771128 0.00019136867726981285 0.010350182735638877 0.0067649954194955652 0.021447375974449335 0.0092967717897446019 -0.0014974190438699945 -0.00014608187421169929 -0.0011579403760318913 0.00018469760358110212 0.00031590712550357561 0.0050722930280514165 0.0031976817494744538 -0.0012419189690822277 0.00016510361735692927 0.0032233811022970801 -0.0073019262908126849 -0.0047895412307087763
leaf_weight=173 211 99 396 68 81 156 168 168 179 87 72 217 287 70 160 430 92 100 840 2337 641 71 69 196 485 330 189 507 244 223
leaf_count=173 211 99 396 68 81 156 168 168 179 87 72 217 287 70 160 430 92 100 840 2337 641 71 69 196 485 330 189 507 244 223
internal_value=-0.0016918 0.00732852 -0.00196608 -0.00601966 -0.00137147 0.00969008 -0.0110119 -0.0137981 -0.00825284 -0.00133537 -0.0142988 -0.00105854 -0.00319746 -0.0132459 0.000683529 0.00692485 -0.00044685 0.0013446 -0.00508458 0.000358313 -0.00201966 -0.0114634 0.0158133 -0.00105496 -0.00190739 0.000417614 -0.00230588 0.00120546 -0.00902968 -0.00660529
internal_weight=9346 272 9074 1216 633 237 583 515 347 7858 159 7699 3454 357 4245 647 3598 2598 1000 2437 3097 282 161 2815 2619 1755 1270 837 433 864
internal_count=9346 272 9074 1216 633 237 583 515 347 7858 159 7699 3454 357 4245 647 3598 2598 1000 2437 3097 282 161 2815 2619 1755 1270 837 433 864
is_linear=0
shrinkage=0.035


Tree=85
num_leaves=31
num_cat=0
split_feature=203 126 49 144 220 213 30 104 93 261 90 287 271 126 25 126 230 49 101 193 8 34 153 178 27 71 71 183 213 27
split_gain=17.9277 19.4546 21.5151 23.0832 21.4631 36.1899 32.5532 27.7734 25.4258 33.3544 21.2213 26.4615 28.4266 24.6639 27.4391 25.441 23.8416 24.1669 34.3528 30.7858 48.1729 25.2241 26.2872 21.8237 21.3797 21.7775 40.2823 29.1199 23.5719 28.7615
threshold=-0.95231429536329715 10355.000000000002 23624.000000000004 34.651923743115638 22.281431005054152 11.900667711776133 605.50000000000011 5535.0000000000009 10404.500000000002 550.37500000000011 0.007181344930194406 1.0000000180025095e-35 15.896670490397723 9211.5000000000018 -6.5382767613733401 8416.5000000000018 -19.786638791040584 8673.0000000000018 0.010457524431558583 0.51086699399906188 -19.607498911143924 3.2371598973926878 0.011059772685718811 0.026549980044364933 5190.0000000000009 6390.5000000000009 6926.0000000000009 0.50656228051092922 11.116246569417399 7446.5000000000009
decision_type=2 2 2 2 2 2 2 2 2 2 2 2 2 2 2 2 2 2 2 2 2 2 2 2 2 2 2 2 2 2
left_child=-1 2 10 -4 5 -3 -7 -6 9 -9 23 13 24 14 15 16 -12 18 -18 -19 -21 22 -22 -2 -13 27 -27 -26 -28 -30
right_child=1 4 3 -5 7 6 -8 8 -10 -11 11 12 -14 -15 -16 -17 17 19 -20 20 21 -23 -24 -25 25 26 28 -29 29 -31
leaf_value=0.0034578506152694644 -0.0009095787909682929 -0.0011442391804572648 -0.005276583541591693 1.8911589974706657e-05 0.00085959654424767786 -0.00071295277557089265 0.0064092308687572963 -0.0057090588263523636 -0.0043896714382327994 0.0006123343719721836 0.0067919569824539767 0.0039866164376911109 0.0097391024896257249 0.011075131104468944 -0.0035897592843265277 -0.0024921937671053369 0.000221133217428708 0.0034527352655303175 -0.0014394647095113695 -0.0015721506077110143 -0.0034200646188976584 -0.0018405917046313343 0.0048897850569716754 -0.0027666970833634874 -0.00048454009123743177 -0.0014786858893173084 -0.0025027621129981277 0.013922070640603914 0.0053172746931033632 -0.0001442613159241535
leaf_weight=272 841 396 87 72 68 81 156 168 168 179 180 195 191 178 151 163 638 917 1097 668 60 95 302 210 130 158 82 106 222 1115
leaf_count=272 841 396 87 72 68 81 156 168 168 179 180 195 191 178 151 163 638 917 1097 668 60 95 302 210 130 158 82 106 222 1115
internal_value=-0.00169928 -0.00196608 -0.00132647 -0.013872 -0.00607699 -0.00159091 0.00911157 -0.0108929 -0.0136635 -0.00805398 -0.00105854 -0.000326169 0.0028108 -0.00187809 -0.00241464 -0.00186667 -0.00129859 -0.00189714 -0.00492816 0.000683928 -0.00319027 0.0055303 0.00972752 -0.00566761 0.00156483 0.000365787 -0.00112832 0.010166 0.000761938 0.00190387
internal_weight=9346 9074 7858 159 1216 633 237 583 515 347 7699 6648 2199 4449 4271 4120 3957 3777 1735 2042 1125 457 362 1051 2008 1813 1577 236 1419 1337
internal_count=9346 9074 7858 159 1216 633 237 583 515 347 7699 6648 2199 4449 4271 4120 3957 3777 1735 2042 1125 457 362 1051 2008 1813 1577 236 1419 1337
is_linear=0
shrinkage=0.035


Tree=86
num_leaves=31
num_cat=0
split_feature=274 126 137 246 33 71 145 9 4 115 45 218 261 82 148 271 208 145 115 71 93 213 27 38 115 27 173 175 225 60
split_gain=17.7091 38.9974 22.2423 21.9182 21.119 33.8662 30.2154 27.2633 26.8291 23.3911 27.9652 27.5252 22.649 21.941 35.3149 27.0313 20.1749 19.7007 18.6085 18.5954 20.171 18.5776 18.0962 21.0566 19.7772 36.5441 28.3701 31.9941 24.8358 24.47
threshold=0.60584207158856807 3694.5000000000005 14694.500000000002 0.78087286680406065 0.48165000975131994 347.00000000000006 0.015283917897252121 -14.726793929359362 26.493675714619638 2740.5000000000005 12.322591547381812 30.090463928592708 615.41000366210949 3473.5000000000005 266.00000000000006 5.7827689966578584 -0.010799974203109739 0.019298831660726646 369.50000000000006 969.00000000000011 2112.0000000000005 11.262288658227202 18187.500000000004 17540.500000000004 10288.000000000002 11824.500000000002 0.14620440353434785 0.027088148148208004 0.10901004394006869 9893.0000000000018
decision_type=2 2 2 2 2 2 2 2 2 2 2 2 2 2 2 2 2 2 2 2 2 2 2 2 2 2 2 2 2 2
left_child=4 2 16 -4 6 -6 12 -7 13 10 -9 -11 18 14 21 -16 -2 -10 -1 -15 -21 -8 24 -24 26 28 27 -22 -26 -29
right_child=1 -3 3 -5 5 7 8 9 17 11 -12 -13 -14 19 15 -17 -18 -19 -20 20 22 -23 23 -25 25 -27 -28 29 -30 -31
leaf_value=0.0027600434772578936 -1.4349539144736802e-06 -0.0025274748766047567 0.0084891329493204295 -7.0003166418453061e-05 -0.011248524873035227 0.011608825943186664 -0.0060655083510513701 0.0076238088445197893 0.00021700339476461163 0.00011152565492919071 -0.0069500325274346967 0.010299929376869396 0.0061231451704974677 0.0082276871658711424 0.00032624847260965368 0.0092008762397952047 -0.001159725584076336 -0.0030823845097136425 -0.0015372181087204618 -0.0031205364167926838 0.0042284503768818399 0.00040559891976210216 -0.00033072475525198044 -0.0039558578394348473 -0.0014712700594678922 0.0075838540872376304 -0.0012141114133133691 0.0026656632243111638 0.0055632964448064526 -0.0028791236309889676
leaf_weight=114 459 162 77 162 88 112 78 66 136 204 196 137 128 65 215 300 584 227 2583 203 803 76 237 79 290 400 707 90 243 125
leaf_count=114 459 162 77 162 88 112 78 66 136 204 196 137 128 65 215 300 584 227 2583 203 803 76 237 79 290 400 707 90 243 125
internal_value=-0.0019014 -0.00545894 -0.00337218 0.00616803 -0.00124826 0.0041151 -0.0018574 0.00665972 0 0.00362664 -0.00419476 0.00960983 -0.00466254 0.000849081 0.00659496 0.0109712 -0.00557729 -0.00903533 -0.00534974 -0.000344934 -0.000736958 -0.00792453 0 -0.00785047 0.000946301 0.00503731 -0.00127457 0.00246334 -0.000975836 -0.00938636
internal_weight=9346 1444 1282 239 7902 803 7099 715 4274 603 262 341 2825 3911 669 515 1043 363 2697 3242 3177 154 2974 316 2658 933 1725 1018 533 215
internal_count=9346 1444 1282 239 7902 803 7099 715 4274 603 262 341 2825 3911 669 515 1043 363 2697 3242 3177 154 2974 316 2658 933 1725 1018 533 215
is_linear=0
shrinkage=0.035


Tree=87
num_leaves=31
num_cat=0
split_feature=27 213 24 271 173 8 261 27 27 93 93 270 11 190 9 38 93 270 246 222 148 22 153 242 125 60 8 69 243 193
split_gain=16.6796 37.8623 34.441 17.2092 26.9102 18.2865 23.2527 25.4684 33.4682 32.0431 27.1329 22.917 36.7669 28.624 36.967 24.9149 27.1604 21.4713 26.9468 27.4715 20.8557 24.9441 19.9897 25.1311 19.6617 22.4614 35.1371 28.4287 24.1403 27.8278
threshold=5674.0000000000009 10.899347029365014 0.024243291950710611 15.896670490397723 0.084457280319904335 -7.6940671172126658 618.03500366210949 13134.500000000002 13428.500000000002 12738.000000000002 12370.500000000002 55.128146055009942 67.200483765369924 -0.027600012719631192 -9.0161476313894244 6213.5000000000009 10404.500000000002 60.963744238215732 0.12571501319974906 5.9562149999673215 844.50000000000011 0.12815000116825107 0.26476157368917158 24.919517042086202 3.3300000429153447 5903.0000000000009 -35.597104002645054 -4.8444243946975041 4.7359223744248062 0.498054411952704
decision_type=2 2 2 2 2 2 2 2 2 2 2 2 2 2 2 2 2 2 2 2 2 2 2 2 2 2 2 2 2 2
left_child=-1 -2 -3 5 -5 6 7 9 -9 10 11 13 -13 -4 -15 -16 -17 18 -11 -20 -7 -22 -8 -24 -10 26 -26 -27 29 -29
right_child=1 2 3 4 -6 20 22 8 24 17 -12 12 -14 14 15 16 -18 -19 19 -21 21 -23 23 -25 25 27 -28 28 -30 -31
leaf_value=0.00016078839768451816 -0.0032080588493328421 0.0042852075497044036 -0.0093087538806631981 0.010166025799070937 -0.00020354006771906077 0.0050075744965364308 0.0082301543807475706 0.010335630786904323 0.0044359991122189905 -0.0046946529182058296 0.007559994878531328 0.0022789035810840503 -0.0016877920068604872 0.019205104498494344 0.00070990058755851385 -0.0022051659612570113 0.0005327418967219611 -0.0049715886550943961 -0.0015561443622752237 0.00078624324396887294 0.004832833661614991 -0.0024833405456251472 0.0068819110614790329 -0.0072852087041295911 0.0065652228820623371 -0.0017174684850005122 -0.00077078301706772834 0.006177252477173322 -0.0016653272871170804 -0.0032126599175337804
leaf_weight=1915 263 205 70 160 341 122 161 122 226 97 82 557 1330 60 164 542 99 195 275 254 106 150 89 64 310 638 161 232 286 70
leaf_count=1915 263 205 70 160 341 122 161 122 226 97 82 557 1330 60 164 542 99 195 275 254 106 150 89 64 310 638 161 232 286 70
internal_value=-0.00187146 -0.00262171 -0.00213718 -0.00255669 0.00366601 -0.0030416 -0.00350632 -0.00401212 -0.000870732 -0.00573324 -0.0039945 -0.00458083 -0.00234937 -0.00904787 -0.00720115 -0.0092037 -0.0122988 -0.011822 -0.008542 -0.00530899 0.00438642 -0.001341 0.00570533 -0.00332278 -0.00201504 -0.00331081 0.00316176 -0.00580016 -0.000236088 0.00661238
internal_weight=9346 7431 7168 6963 501 6462 6084 5770 2045 3725 2904 2822 1887 935 865 805 641 821 626 529 378 256 314 153 1923 1697 471 1226 588 302
internal_count=9346 7431 7168 6963 501 6462 6084 5770 2045 3725 2904 2822 1887 935 865 805 641 821 626 529 378 256 314 153 1923 1697 471 1226 588 302
is_linear=0
shrinkage=0.035


Tree=88
num_leaves=31
num_cat=0
split_feature=13 242 43 82 93 41 270 8 213 32 71 261 233 153 220 224 91 5 104 71 155 193 2 183 41 183 224 193 203 137
split_gain=17.0352 40.2849 29.5895 28.1306 22.2379 55.8421 29.8801 23.0047 22.5955 21.8528 19.7021 37.2422 42.2409 31.305 27.1284 29.9311 28.5991 34.0658 38.9031 33.1327 25.1352 24.7712 21.2003 21.9334 25.9419 23.7928 39.666 29.3356 25.4682 23.3549
threshold=28.001055915296053 28.761347494741432 0.14844999462366107 15409.500000000002 9329.0000000000018 602.50000000000011 43.32256568951167 -32.866896683346731 11.713369305062756 0.17484999448060992 10613.500000000002 549.66497802734386 5972.1049804687509 0.50218757589125007 53.665660408189432 0.99999999998601286 -4.0279094623053577 14.0887895309233 5233.5000000000009 13029.000000000002 0.060925786114986613 0.19087370979452031 682.73999023437511 0.91553021834698789 574.50000000000011 0.54329913244815642 0.99999999999145806 0.91042190291644609 0.93535466571033643 12091.500000000002
decision_type=2 2 2 2 2 2 2 2 2 2 2 2 2 2 2 2 2 2 2 2 2 2 2 2 2 2 2 2 2 2
left_child=2 -2 -1 4 9 -6 7 -7 -8 -4 22 12 21 14 16 -16 19 -18 -19 -13 -20 -12 23 25 -25 29 27 -27 -29 -3
right_child=1 10 3 -5 5 6 8 -9 -10 -11 11 13 -14 -15 15 -17 17 18 20 -21 -22 -23 -24 24 -26 26 -28 28 -30 -31
leaf_value=0.0043648225526564102 0.010295112934532318 -0.00027856014852491341 -0.0018397024437831187 0.0060655208601677465 0.010572991809568288 -0.00020329836619412014 0.0027425774574390159 -0.0021741152529661176 -0.0020690284258572463 0.00030920218214935757 -0.002594038425239593 -0.0032678355350374121 -0.0020851123288316105 0.0035302465241435956 -0.0031007039162889213 0.00031134510903822911 -0.0028549236321062385 0.011158742378631566 -0.0054424036969803564 0.010337848121669001 0.0063586352163118804 0.00048172852941713698 -0.0029372945757091995 -0.0026544583631220317 -0.00017756249168355111 0.0099268496547247672 -0.00080125141730032668 -0.0043693310703754578 0.0024191689864521229 0.011345923168338094
leaf_weight=73 197 3402 546 156 79 335 245 484 114 87 99 85 414 233 280 151 385 122 83 184 65 139 70 65 267 422 237 63 150 114
leaf_count=73 197 3402 546 156 79 335 245 484 114 87 99 85 414 233 280 151 385 122 83 184 65 139 70 65 267 422 237 63 150 114
internal_value=-0.00184151 -0.00103084 -0.00459746 -0.00539249 -0.0065752 -0.00385499 -0.00579882 -0.00947209 0.00259615 -0.0119044 -0.00147264 -0.00417817 -0.0111872 -0.00127433 -0.00331985 -0.0105161 7.53498e-05 -0.00387121 0.0056 0.00958029 -0.00640523 0.000576132 -0.00020438 8.88889e-05 -0.00851632 0.000748919 0.0059065 0.0104453 -0.00016055 -0.000536779
internal_weight=9346 7227 2119 2046 1890 1257 1178 819 359 633 7030 2240 652 1588 1355 431 924 655 270 269 148 238 4790 4720 332 4388 872 635 213 3516
internal_count=9346 7227 2119 2046 1890 1257 1178 819 359 633 7030 2240 652 1588 1355 431 924 655 270 269 148 238 4790 4720 332 4388 872 635 213 3516
is_linear=0
shrinkage=0.035


Tree=89
num_leaves=31
num_cat=0
split_feature=274 104 143 160 173 183 124 225 33 2 60 153 52 93 20 10 27 115 13 104 201 104 125 104 274 11 66 119 104 13
split_gain=18.7694 24.0636 20.6868 19.8101 19.8089 30.0858 29.5804 26.325 25.5503 24.4977 43.0886 35.3944 32.2165 25.3222 36.3358 24.9516 38.0604 37.0822 35.2038 30.8013 34.6808 29.7303 31.9581 33.9796 29.453 29.4006 25.8815 24.8602 24.8503 23.2799
threshold=0.60584207158856807 3791.5000000000005 0.33664999902248388 0.035599995404481895 0.44591921594037348 0.6711403588486663 -1.2335944817731661 0.40426912575247959 0.247749999165535 663.17999267578136 5598.5000000000009 0.25135465360148962 644.50000000000011 11264.000000000002 24.183572470486418 42.291877728967499 6182.0000000000009 3264.5000000000005 64.48583567831021 11839.000000000002 0.42132499068975454 2417.5000000000005 4.1272499561309823 4433.5000000000009 -0.017463531569550831 44.843602175386657 0.2266499996185303 30.746763701450245 4773.5000000000009 27.954840148807492
decision_type=2 2 2 2 2 2 2 2 2 2 2 2 2 2 2 2 2 2 2 2 2 2 2 2 2 2 2 2 2 2
left_child=4 2 3 -2 5 9 7 -6 -7 12 -11 29 15 -14 -15 21 18 24 -17 20 -19 -1 23 27 -18 -25 -21 -23 -26 -12
right_child=1 -3 -4 -5 6 8 -8 -9 -10 10 11 -13 13 14 -16 16 17 19 -20 26 -22 22 -24 25 28 -27 -28 -29 -30 -31
leaf_value=0.0091704525964918637 -0.00057812956805164384 -0.0021215933374612236 -0.0022297434074762569 0.00018617327297199479 0.00095721627831443182 -0.0048398663719516873 -0.0014894058902450926 -0.0036023500398630393 0.0026699941553811391 -0.0051168519729961285 -0.0015269385033513524 -0.0024563932613073072 0.0094940797405687095 0.0059834795843740412 -0.0024956900711319827 0.015372778209704866 -0.0031063394395471609 -0.0043039927646457031 -0.00018674640477128821 0.0036185799512716138 0.0081600449640336446 0.013532703162014773 0.00061436773076104824 -0.0021027770348181246 -0.002712738516781223 0.00089080718487225213 -0.0039377543982996232 -0.0013598917666295702 0.016084495054352683 0.0017650734074290157
leaf_weight=80 712 147 137 448 1463 174 153 62 87 198 108 136 282 68 175 117 245 1005 466 140 62 122 1314 476 60 183 73 62 137 454
leaf_count=80 712 147 137 448 1463 174 153 62 87 198 108 136 282 68 175 117 245 1005 466 140 62 122 1314 476 60 183 73 62 137 454
internal_value=-0.0017966 -0.00545894 -0.00389785 -0.00234335 -0.00112432 -0.00203403 0.00224599 0.00372876 -0.0135526 -0.00151893 -0.00683685 -0.00268848 -0.000572752 0.00759434 -0.000705645 -0.00152408 -0.00407576 -0.0066879 0.00363095 -0.0096965 -0.0121129 0.00110839 0.000307586 -0.0049941 0.00203579 -0.00869729 0.00240826 0.00814815 0.0119554 0.00123457
internal_weight=9346 1444 1297 1160 7902 6224 1678 1525 261 5963 896 698 5067 525 243 4542 2305 1722 583 1280 1067 2237 2157 843 442 659 213 184 197 562
internal_count=9346 1444 1297 1160 7902 6224 1678 1525 261 5963 896 698 5067 525 243 4542 2305 1722 583 1280 1067 2237 2157 843 442 659 213 184 197 562
is_linear=0
shrinkage=0.035


Tree=90
num_leaves=31
num_cat=0
split_feature=274 126 137 173 183 124 49 91 124 246 246 11 9 9 247 60 261 256 256 104 104 126 88 49 223 173 60 203 183 261
split_gain=16.8076 32.2763 21.991 19.2202 28.8414 27.6258 22.8101 25.5735 22.5321 19.526 24.0616 23.8346 24.7927 24.004 19.2008 40.6268 30.3441 25.8697 22.9394 24.236 43.0671 29.8776 40.6192 25.153 31.5671 32.2033 25.4586 24.2462 31.3219 29.7369
threshold=0.60584207158856807 3694.5000000000005 14694.500000000002 0.44591921594037348 0.6711403588486663 -1.2335944817731661 21557.000000000004 -2.2518697343291705 -1.5693468315008878 0.69590261455222946 0.8056895370795959 102.07450903875639 79.442961688595929 34.99631170216788 663.17999267578136 5598.5000000000009 596.62500000000011 27.954840148807492 14.708602137676396 5441.5000000000009 6599.0000000000009 7185.5000000000009 0.16560000181198123 9778.0000000000018 19.956854682062829 -0.45695195327541888 11506.000000000002 -0.37250436302598849 -0.045633343638974276 550.37500000000011
decision_type=2 2 2 2 2 2 2 2 2 2 2 2 2 2 2 2 2 2 2 2 2 2 2 2 2 2 2 2 2 2
left_child=3 2 -2 4 14 6 7 9 -6 11 -11 13 -13 -5 16 -16 18 -17 -1 21 -21 22 -20 24 26 -26 -24 28 29 -22
right_child=1 -3 -4 5 8 -7 -8 -9 -10 10 -12 12 -14 -15 15 17 -18 -19 19 20 27 -23 23 -25 25 -27 -28 -29 -30 -31
leaf_value=0.0070506111112934094 -0.00047342648232453658 -0.0023044595944138606 0.00044558147947788677 0.0018561438816239396 -0.0040470091598940102 -0.0014372766840865161 -0.0016221728005932053 -0.0015642975207041641 0.0032382709356314106 -0.0017994976172984621 0.0046373374427215782 -0.0012657508174710149 0.0016568499960100892 0.0075457759698365733 -0.0049377621539412643 -0.0014218490865293752 0.0059849368194353925 0.00028475813398354699 0.010687787424228157 -0.0033657717452016162 -0.0018023565599521918 0.0069022269613389468 -0.0027696153226891874 0.0059002315739895865 -0.0017071760038428383 0.0074193623399428938 0.006119557137614094 -0.00098786215012575855 0.014029476770781361 0.0037911308711620979
leaf_weight=116 1043 162 239 268 193 153 129 112 68 186 129 127 351 223 198 152 163 546 187 467 494 200 699 219 148 183 60 1460 194 477
leaf_count=116 1043 162 239 268 193 153 129 112 68 186 129 127 351 223 198 152 163 546 187 467 494 200 699 219 148 183 60 1460 194 477
internal_value=-0.00175168 -0.00521739 -0.00331779 -0.00111547 -0.00201156 0.0022044 0.00363725 0.00494647 -0.0132895 0.00635376 -0.00120313 0.0088039 0.00318841 0.0141835 -0.00150721 -0.00621532 -0.000669361 -0.00219061 -0.00116928 -0.00154809 -0.00339038 0.0018107 9.32712e-05 -0.00210426 -0.00428311 0.0046875 -0.00820026 -0.00163688 0.00212393 -0.000466189
internal_weight=9346 1444 1282 7902 6224 1678 1525 1396 261 1284 315 969 478 491 5963 896 5067 698 4904 4788 3092 1696 1496 1309 1090 331 759 2625 1165 971
internal_count=9346 1444 1282 7902 6224 1678 1525 1396 261 1284 315 969 478 491 5963 896 5067 698 4904 4788 3092 1696 1496 1309 1090 331 759 2625 1165 971
is_linear=0
shrinkage=0.035


Tree=91
num_leaves=31
num_cat=0
split_feature=203 27 216 261 163 148 164 74 82 274 7 49 33 93 7 13 242 205 223 101 82 82 205 173 33 27 110 232 146 82
split_gain=17.8668 17.7709 16.647 16.5682 19.3574 32.9531 25.9649 17.5698 39.9674 19.1361 24.7707 24.7138 21.8756 29.2511 33.9865 26.3907 34.6004 24.1646 24.0155 26.2265 25.6116 30.7609 24.3197 22.886 22.4797 22.4277 26.511 33.088 26.3749 24.1122
threshold=-0.95231429536329715 4260.5000000000009 66.360979896300009 618.03500366210949 -0.049153767837786549 2786.5000000000005 1.0000000180025095e-35 671.50000000000011 3339.5000000000005 0.60584207158856807 -4.018622840433161 6768.0000000000009 0.48165000975131994 1127.0000000000002 -63.163601376473807 110.26843020685709 99.898957362647948 0.0145945608252915 27.253406640139968 0.010139423466659461 10799.000000000002 18999.500000000004 0.017598704780432621 0.20835892304980011 0.17890000343322757 6336.0000000000009 0.17925000190734866 7.3646670260685285 -0.85154988502733509 2428.0000000000005
decision_type=2 2 2 2 2 2 2 2 2 2 2 2 2 2 2 2 2 2 2 2 2 2 2 2 2 2 2 2 2 2
left_child=1 2 -1 7 -5 6 -6 9 -9 12 -11 -12 15 -14 -15 16 17 -2 20 -20 25 22 24 -16 -22 28 27 -27 -19 -28
right_child=3 -3 -4 4 5 -7 -8 8 -10 10 11 -13 13 14 23 -17 -18 18 19 -21 21 -23 -24 -25 -26 26 29 -29 -30 -31
leaf_value=0.0034560444647778439 -0.0010709306112566715 0.010261813305540971 -0.0019094312100757062 0.0074993718413163971 0.0080642142699992383 -0.0081760402786632911 -0.002040821273048016 0.00023449579501111985 -0.0021212802213093252 -0.00095857041695849091 -0.00080949068843098946 0.0053801448174474421 -0.0048495363172212412 0.0083774899888327311 -0.0072058457028785902 -0.0049190588935571896 0.012370200602097746 0.012864528827546103 0.0015173928344955842 -0.0015465408627751171 -0.0027731133852566168 0.0086557603795969929 -0.0023957669250127809 0.0038802696773244196 0.0057978733220856076 0.0042198048919325137 0.0043573883664211558 -0.00053077376230766806 -0.00031442761276763404 -0.00093942523039236623
leaf_weight=96 2557 99 77 94 170 80 68 150 215 1035 87 133 133 282 141 160 83 163 120 401 110 85 323 143 156 604 157 348 111 965
leaf_count=96 2557 99 77 94 170 80 68 150 215 1035 87 133 133 282 141 160 83 163 120 401 110 85 323 143 156 604 157 348 111 965
internal_value=-0.00168431 0.00707581 0.000196629 -0.00195066 0.00486811 0.000650155 0.00720165 -0.0022776 -0.00974324 -0.00194351 -0.00591667 0.00466667 -0.00123173 0.00462358 0.00809107 -0.00188012 -0.00151018 -0.0018231 4.93236e-05 -0.00685361 0.00124876 -0.00474227 -0.00760101 -0.000484429 0.000258303 0.00297493 0.00171717 0.00599791 0.0122939 -0.00192547
internal_weight=9346 272 173 9074 412 318 238 8662 365 8297 1255 220 7042 699 566 6343 6183 6100 3543 521 3022 674 589 284 266 2348 2074 952 274 1122
internal_count=9346 272 173 9074 412 318 238 8662 365 8297 1255 220 7042 699 566 6343 6183 6100 3543 521 3022 674 589 284 266 2348 2074 952 274 1122
is_linear=0
shrinkage=0.035


Tree=92
num_leaves=31
num_cat=0
split_feature=203 153 31 162 8 114 115 274 271 82 67 193 45 241 152 267 21 126 213 203 126 220 30 193 161 193 115 142 38 238
split_gain=17.2963 18.0004 16.1619 13.5823 14.2574 18.6991 18.8066 21.6916 26.989 21.9335 23.1282 17.9579 16.6215 15.0876 15.1685 14.5119 14.2941 13.4249 22.9452 21.0959 20.6039 24.8093 19.3018 28.3068 23.1609 21.1582 19.2279 18.5001 16.2568 19.5507
threshold=-0.95231429536329715 -0.15580491068591787 -79.872091138103997 0.31321027472393287 -35.239967044500851 5.7527499198913583 4793.0000000000009 0.37786300301762005 12.597127734144225 501.50000000000006 6.2704360126957441 0.96794071219247446 4.4710028890569857 -0.13818579590041399 -0.15428258442406131 0.063393932299149483 0.15185000002384189 10491.500000000002 11.40110523159211 -0.39240006833689872 25578.000000000004 10.366325174097222 641.50000000000011 0.92466058812563301 0.15145000070333484 0.58144405816865385 7934.5000000000009 0.79365000128746044 1010.0000000000001 19.380411796324776
decision_type=2 2 2 2 2 2 2 2 2 2 2 2 2 2 2 2 2 2 2 2 2 2 2 2 2 2 2 2 2 2
left_child=1 2 -1 4 17 6 -6 8 13 11 -11 -9 -12 -8 -15 -16 -17 18 28 -20 21 -19 23 24 -21 26 -24 -23 -2 -30
right_child=3 -3 -4 -5 5 -7 7 9 -10 10 12 -13 -14 14 15 16 -18 20 19 22 -22 27 25 -25 -26 -27 -28 -29 29 -31
leaf_value=-0.0015700976100065708 -0.0010775296831388255 0.014832000829476421 0.0038163165310393372 -0.00063316053420943322 -0.0018214889122164771 -0.0033437402405942771 -0.0010686339049724282 0.010144398088788248 0.0067162571988474079 -0.00030129048628453365 -0.0026954441602538171 -0.00033761809735939759 -0.00022530449354821975 0.0060334729661784183 -0.0017603901091546737 -0.00036023137226480267 0.0055376460394009905 0.00070258639987044746 0.013270397963343184 -0.0019312032416431027 0.0043747252987045779 -0.00037969557251069265 0.00075586047108640395 0.0072885959608911064 -5.6650544237076691e-05 -0.0035640992224121332 0.010132920071642508 -0.0040400610755766224 -0.00024020751505055688 0.0073400372760763092
leaf_weight=95 100 64 113 2877 152 125 344 82 117 363 227 60 90 173 113 73 60 155 202 112 97 148 77 109 526 72 160 252 2055 153
leaf_count=95 100 64 113 2877 152 125 344 82 117 363 227 60 90 173 113 73 60 155 202 112 97 148 77 109 526 72 160 252 2055 153
internal_value=-0.0017966 0.0068231 0.00164319 -0.0020586 -0.00113431 -0.00358115 -0.00267348 -0.0015993 0.00221469 -0.0056711 -0.00827737 0.00666667 -0.0151087 -0.000227865 0.00420991 -0.00139442 0.00634058 1.65759e-05 0.000862504 0.00465558 -0.00458143 -0.0071875 0.00263902 -0.000418883 -0.00326594 0.00992038 0.0148967 -0.0117531 -0.00121055 -0.000569363
internal_weight=9346 272 208 9074 6197 1979 1854 1702 880 822 680 142 317 763 419 246 133 4218 3566 1258 652 555 1056 747 638 309 237 400 2308 2208
internal_count=9346 272 208 9074 6197 1979 1854 1702 880 822 680 142 317 763 419 246 133 4218 3566 1258 652 555 1056 747 638 309 237 400 2308 2208
is_linear=0
shrinkage=0.035


Tree=93
num_leaves=31
num_cat=0
split_feature=203 27 126 123 49 144 71 225 82 104 270 203 173 173 242 173 82 91 203 218 81 107 261 271 146 115 230 6 126 124
split_gain=18.4188 17.7709 15.6887 22.1782 21.5602 23.718 20.2196 24.6965 20.4833 19.6839 29.2178 26.4095 22.7463 39.0077 31.6676 35.8535 25.3876 23.4073 21.4774 23.2504 25.5162 20.1056 40.7903 20.4307 19.9193 20.3261 19.5773 19.7814 25.2008 19.37
threshold=-0.95231429536329715 4260.5000000000009 12507.000000000002 0.01316404880338911 24269.000000000004 34.651923743115638 14669.500000000002 0.11221550331372014 12236.500000000002 410.00000000000006 111.21465685037889 0.99337136793475855 0.44591921594037348 0.34191858051048912 23.122825537664184 0.47152278826509203 4546.5000000000009 -2.2263632679017333 0.91522260924054122 6.0049850378231815 4.3177001476287851 681.50000000000011 617.64999389648449 16.85691030829803 -0.58120298893578792 12389.000000000002 -18.994944153212231 5.9169611907398343 2231.0000000000005 -3.0182041373187296
decision_type=2 2 2 2 2 2 2 2 2 2 2 2 2 2 2 2 2 2 2 2 2 2 2 2 2 2 2 2 2 2
left_child=1 -1 4 -4 6 -6 9 8 -8 10 11 -2 13 21 -14 -16 18 24 19 -15 -21 22 23 26 25 -17 -11 -28 -29 -9
right_child=2 -3 3 -5 5 -7 7 29 -10 12 -12 -13 14 16 15 17 -18 -19 -20 20 -22 -23 -24 -25 -26 -27 27 28 -30 -31
leaf_value=2.5322727395471479e-06 -0.0024581290496519391 0.0096037587850861181 -0.00024569597156484429 -0.0018483058156999767 -0.0053693859606959672 0.00031376696575293351 -0.00064903915842179382 0.013149466188868229 0.0097397558329948442 0.0061277451937811409 0.00066411435895744172 -6.6531913302452238e-05 -0.000843719546559337 -0.0073335296570441796 0.0082650067382293302 0.00034238358111196967 -0.0047383127908306559 -0.0034334448693369743 -0.0042453577075297509 0.0094351141906670582 -0.0018317043330466833 -0.0013940103851671117 0.0074815553102865855 0.0043322372608853967 -0.0016015007291789712 0.0074807879010052912 -0.00058705366718560888 0.00026717167306163666 -0.0034898652232650258 0.00076649569318122397
leaf_weight=173 259 99 392 323 89 67 500 95 65 249 61 190 116 90 139 935 146 86 62 118 161 103 104 249 94 152 3471 110 171 477
leaf_count=173 259 99 392 323 89 67 500 95 65 249 61 190 116 90 139 935 146 86 62 118 161 103 104 249 94 152 3471 110 171 477
internal_value=-0.00181906 0.00707581 -0.00208944 -0.00704861 -0.00166129 -0.0143478 -0.00141143 0.00291156 -0.00227193 -0.00210861 -0.00869903 -0.0117952 -0.0015897 -0.00272276 0.00215455 0.00362155 -0.0112457 0.00173349 -0.00682339 -0.00346257 0.00160211 -0.00160802 -0.00123652 -0.00177673 0.00303963 0.00439103 -0.00238517 -0.00301837 -0.0118706 0.00800693
internal_weight=9346 272 9074 715 8359 156 8203 1137 565 7066 510 449 6556 5034 1522 1406 577 1267 431 369 279 4457 4354 4250 1181 1087 4001 3752 281 572
internal_count=9346 272 9074 715 8359 156 8203 1137 565 7066 510 449 6556 5034 1522 1406 577 1267 431 369 279 4457 4354 4250 1181 1087 4001 3752 281 572
is_linear=0
shrinkage=0.035


Tree=94
num_leaves=31
num_cat=0
split_feature=203 27 31 126 193 82 49 144 71 124 126 211 183 211 1 12 104 71 65 272 208 271 82 104 104 270 193 153 150 118
split_gain=18.2031 17.7709 17.7514 14.2202 20.5224 27.3284 18.8112 21.196 20.0605 25.1041 26.2439 34.3929 23.6206 23.4998 22.6737 19.4462 19.0268 18.3936 28.0155 21.626 18.4276 16.9363 16.8012 16.588 16.4499 26.5007 23.3216 20.2754 18.6591 27.2041
threshold=-0.95231429536329715 4260.5000000000009 -71.119355900616782 12507.000000000002 -0.52928859124845606 6267.5000000000009 24269.000000000004 34.651923743115638 14669.500000000002 -2.9969103420973666 445.00000000000006 0.42694483328764454 0.14860491338649726 0.55979922427608531 662.50000000000011 4.6003680361828101 11882.000000000002 12806.000000000002 0.25950001180171972 0.057249978184700019 -0.046900004148483269 4.536901156524797 8560.0000000000018 8877.5000000000018 410.00000000000006 111.21465685037889 0.95329261599622417 0.57831758663580557 0.043000001460313804 663.50000000000011
decision_type=2 2 2 2 2 2 2 2 2 2 2 2 2 2 2 2 2 2 2 2 2 2 2 2 2 2 2 2 2 2
left_child=1 2 -1 6 5 -5 8 -8 17 13 -11 12 16 -10 -14 -13 -12 19 -19 24 22 -7 -20 -23 25 26 -2 -28 29 -26
right_child=3 -3 -4 4 -6 21 7 -9 9 10 11 15 14 -15 -16 -17 -18 18 20 -21 -22 23 -24 -25 28 -27 27 -29 -30 -31
leaf_value=-0.0023618097763006148 -0.0068471610367124448 0.0092676272276081047 0.0061948385232492081 -0.0025856074894818745 -0.0014637277513745244 0.0072233192693336706 -0.005181457452071608 0.00030278512195158151 0.011551952580501724 0.003549602065179791 -0.0035808981584829471 -0.0018408947576408314 -0.0019047724326906696 -0.00029897218468971035 0.0058450177829069373 4.2296122109200534e-05 0.0039037403146316659 0.0051150373553794032 0.001979518118716495 -0.0072243603946439113 -0.0017573147061291413 0.0075201103443046004 -0.0018751312945300665 -0.0026759170504666906 -0.00028733771005161725 0.00064087035639393225 0.00050998351280104836 -0.0010732861916767317 0.00019065178140109697 -0.0019165291035007431
leaf_weight=109 119 99 64 99 364 75 89 67 149 90 65 217 74 81 253 145 63 115 88 102 603 68 81 109 1999 61 73 206 3300 319
leaf_count=109 119 99 64 99 364 75 89 67 149 90 65 217 74 81 253 145 63 115 88 102 603 68 81 109 1999 61 73 206 3300 319
internal_value=-0.00176666 0.00707581 0.000196629 -0.00203547 -0.00675694 -0.000688202 -0.00162781 -0.0134783 -0.00139437 0.00291156 0.00026864 -0.00174574 0.0046413 0.0131064 0.00959337 -0.00972752 -0.00789474 -0.00208881 -0.00678812 -0.00140928 -0.00918919 0.00544747 0.00100575 -0.000576923 -0.00113367 -0.00746767 -0.0107692 -0.00505282 -0.000609995 -0.00301334
internal_weight=9346 272 173 9074 715 351 8359 156 8203 1137 907 817 455 230 327 362 128 7066 887 6179 772 252 169 177 6077 459 398 279 5618 2318
internal_count=9346 272 173 9074 715 351 8359 156 8203 1137 907 817 455 230 327 362 128 7066 887 6179 772 252 169 177 6077 459 398 279 5618 2318
is_linear=0
shrinkage=0.035


Tree=95
num_leaves=31
num_cat=0
split_feature=203 215 261 261 189 258 148 148 126 38 10 137 93 118 104 148 13 270 91 223 30 27 270 110 274 130 126 270 93 50
split_gain=17.5637 16.9894 21.9158 13.8649 20.4015 18.4746 17.1886 17.9102 22.8401 27.8403 25.5624 22.3117 21.3 18.8047 28.453 21.0411 33.1859 26.4516 24.7969 32.2521 21.9846 33.0294 19.6865 31.7655 35.8376 35.2039 30.2583 27.4249 28.0697 26.4292
threshold=-0.95231429536329715 -0.041000004857778542 477.88000488281256 618.03500366210949 17.45319279515714 0.012700002640485765 14363.000000000002 7641.0000000000009 10491.500000000002 13787.000000000002 22.394937957906393 4219.0000000000009 6939.0000000000009 672.50000000000011 1103.0000000000002 6560.5000000000009 82.188041103028453 78.999328936863193 -3.4483086919229269 8.3200789659242371 664.50000000000011 9595.5000000000018 75.75755381607577 0.34344999492168432 0.18030441154707885 -80.975813554408077 7533.5000000000009 79.908260816563029 11845.000000000002 1149.5000000000002
decision_type=2 2 2 2 2 2 2 2 2 2 2 2 2 2 2 2 2 2 2 2 2 2 2 2 2 2 2 2 2 2
left_child=1 -1 -3 6 5 -5 7 13 11 10 -10 12 -9 15 -15 20 17 18 -17 -20 22 -22 23 24 26 -25 29 -24 -29 -2
right_child=3 2 -4 4 -6 -7 -8 8 9 -11 -12 -13 -14 14 -16 16 -18 -19 19 -21 21 -23 27 25 -26 -27 -28 28 -30 -31
leaf_value=-0.0049054224227345362 0.0030202830222279338 -0.0014325694810317004 0.0085190652811730043 -0.0026166546003960818 0.0070290378663004039 0.00037947572377047936 0.0007572952703896375 -0.00042149779668546305 -0.00042993810232941587 9.4426837666710132e-05 -0.0052610475358505302 -0.0024017204310201766 0.014819142007403753 0.00030500756726200954 -0.0018762363499378288 0.0089371196904917266 0.011346487152038927 -0.0081068085546032627 -0.0039369295745877849 0.0030167932478071913 -0.0015215976528285262 0.0071767626848325975 0.006216376964474247 0.00015042922747623194 -0.0007818232125010639 -0.0058367648967663178 -0.0011135813381443036 0.00010498122699198255 -0.0058088728247821806 -0.0015380023804319686
leaf_weight=68 939 65 139 65 174 173 243 254 120 158 277 200 123 129 280 157 99 75 76 63 116 177 184 134 2222 284 385 1528 109 330
leaf_count=68 939 65 139 65 174 173 243 254 120 158 277 200 123 129 280 157 99 75 76 63 116 177 184 134 2222 284 385 1528 109 330
internal_value=-0.00160945 0.00707581 0.0120574 -0.00187355 0.00436451 -0.00230453 -0.00217261 -0.00243887 -0.00652595 -0.0115625 -0.0164552 -0.00162371 0.00339005 -0.00179992 -0.00904589 -0.00136278 0.00574737 0.000837766 0.0055814 -0.00510417 -0.00188835 0.00739933 -0.00233905 -0.00363108 -0.00263334 -0.0127423 0.00126582 0.0007092 -0.000746041 0.00387363
internal_weight=9346 272 204 9074 412 238 8662 8419 1132 555 397 577 377 7287 409 6878 470 371 296 139 6408 293 6115 4294 3876 418 1654 1821 1637 1269
internal_count=9346 272 204 9074 412 238 8662 8419 1132 555 397 577 377 7287 409 6878 470 371 296 139 6408 293 6115 4294 3876 418 1654 1821 1637 1269
is_linear=0
shrinkage=0.035


Tree=96
num_leaves=31
num_cat=0
split_feature=203 27 104 27 93 24 256 256 270 126 224 266 274 6 90 261 137 126 126 203 35 270 260 274 9 140 52 93 93 8
split_gain=19.3823 14.2885 15.1163 13.9298 32.4534 19.4169 17.201 27.9092 24.968 21.8402 23.7952 19.8542 17.4302 18.3111 26.2325 22.5392 17.1746 17.0086 27.1968 22.3246 17.7737 23.2587 18.2346 17.7102 26.3473 24.9043 47.5683 27.181 30.9282 23.6021
threshold=-0.95231429536329715 4260.5000000000009 5377.5000000000009 5674.0000000000009 1593.5000000000002 0.023669515786475932 116.96913404868909 125.59404039187969 129.52264535446056 7185.5000000000009 -0.85726966457674469 5.3036596466182759 0.95033810991533996 5.0504919825396355 0.013114882778274403 527.04498291015636 3193.5000000000005 12507.000000000002 11791.000000000002 -0.52234206393769456 0.026786222471118282 85.110142767235459 -0.039830882622047384 0.1840033505040862 -9.0161476313894244 567.25000000000011 578.50000000000011 6052.0000000000009 12738.000000000002 -32.866896683346731
decision_type=2 2 2 2 2 2 2 2 2 2 2 2 2 2 2 2 2 2 2 2 2 2 2 2 2 2 2 2 2 2
left_child=1 2 -1 6 -5 -6 8 -8 9 10 11 -2 13 14 15 16 -12 18 20 -19 21 22 -7 25 -25 -22 -27 -28 29 -29
right_child=3 -3 -4 4 5 17 7 -9 -10 -11 12 -13 -14 -15 -16 -17 -18 19 -20 -21 23 -23 -24 24 -26 26 27 28 -30 -31
leaf_value=-0.0044680170109388725 -0.0023387830099092172 0.008645092989800764 0.002529643652761435 -0.0035628699472912738 0.0040449295919674968 0.0018493301673787029 -0.0049880641972734835 0.0002869226197216085 0.01296633740168022 0.0060904078257958509 -0.0074489644010112474 0.0013494667063374125 -0.0021650173679122167 -0.00033251077885333382 0.0082451369469263795 -0.00081361993488870477 0.010349769316430916 0.00025973818145735297 0.0057888935877067971 -0.0017035588767540101 0.011494032666156732 0.00010054686113684237 -0.0062465492408936623 0.0094865889002531279 -0.00061003511561107126 -0.0067686767036123927 -0.0017675609000997858 0.0076940244420265801 -0.00066567552417678543 -0.00022607310077820759
leaf_weight=100 266 99 73 185 169 64 71 131 92 203 71 82 67 262 125 217 131 173 114 383 117 186 206 68 2945 121 479 981 767 398
leaf_count=100 266 99 73 185 169 64 71 131 92 203 71 82 67 262 125 217 131 173 114 383 117 186 206 68 2945 121 479 981 767 398
internal_value=-0.00154208 0.00758123 0.0013764 -0.00181958 -0.002482 -0.00210215 0.00101567 -0.00845411 0.00230112 0.00112666 -0.000656607 -0.00832861 0.00243166 0.00388409 0.00752277 0.00321934 0.0114976 -0.00238761 -0.00187723 -0.00823529 -0.00218715 -0.00880694 -0.0152727 -0.00166638 -0.00353711 0.000305091 -0.000381679 0.000625475 0.00231055 0.00543714
internal_weight=9346 272 173 9074 7356 7171 1718 202 1516 1424 1221 348 873 806 544 419 202 7002 6446 556 6332 456 270 5876 3013 2863 2746 2625 2146 1379
internal_count=9346 272 173 9074 7356 7171 1718 202 1516 1424 1221 348 873 806 544 419 202 7002 6446 556 6332 456 270 5876 3013 2863 2746 2625 2146 1379
is_linear=0
shrinkage=0.035


Tree=97
num_leaves=31
num_cat=0
split_feature=137 256 256 256 270 211 270 242 92 30 49 256 224 211 74 22 242 93 148 256 52 55 243 146 215 71 104 11 193 92
split_gain=17.1352 13.6887 32.717 20.5214 47.5447 35.6857 27.8698 27.3432 24.7281 23.1771 29.5949 22.5534 22.2832 22.1376 21.929 30.5019 26.8786 31.8492 29.8283 29.3292 28.8828 27.8804 28.8292 24.7727 27.2663 22.4467 20.4483 19.2568 23.637 19.7243
threshold=112.00000000000001 116.96913404868909 125.59404039187969 78.512725819584702 111.21465685037889 -0.60141780776225839 101.28221403272161 81.474867492918023 5.8975501060485849 555.50000000000011 5060.0000000000009 86.904932483900851 0.99999999999145806 0.41752755722817947 591.50000000000011 0.18474999815225604 74.072928220770166 12149.000000000002 7233.0000000000009 64.737916875380407 575.50000000000011 0.2775499969720841 9.1468737648521188 -1.0724490109205596 -0.060499988496303551 24269.000000000004 11264.500000000002 23.284621541734229 -0.14312081933996151 4.7021000385284433
decision_type=2 2 2 2 2 2 2 2 2 2 2 2 2 2 2 2 2 2 2 2 2 2 2 2 2 2 2 2 2 2
left_child=-1 3 -3 4 6 -5 12 -7 9 -9 -11 13 14 -12 16 25 17 18 19 20 -2 22 -22 -21 -25 -16 -8 28 -17 -29
right_child=1 2 -4 5 -6 7 26 8 -10 10 11 -13 -14 -15 15 27 -18 -19 -20 23 21 -23 -24 24 -26 -27 -28 29 -30 -31
leaf_value=0.0040426786550622016 -0.0019889452229288028 -0.0064776098874179218 -0.00014180631559486875 0.013926517510985713 -0.0038954892689752017 0.014360193783590942 0.012643050312250586 0.0017167643652494051 0.011522438916083221 -0.0059853705310587415 -0.0092188554230251598 0.00042644972844948007 -0.0018123775965681679 0.00042294417660938485 -7.4169093758116316e-05 -0.0007097831868587358 -0.0088038488187232051 0.0069162012003713092 0.0074304171932585488 0.013920194036274173 0.018714109547225712 -0.00093012663153976556 -0.0011949132834903795 -0.013017576783942646 0.011767682573830917 -0.0016740992114973087 -0.00041661912923791905 -0.00067671886954320424 0.0060208067722796327 -0.0024793762622419067
leaf_weight=163 264 92 194 132 224 133 123 260 67 156 82 295 265 64 4238 176 65 116 114 105 73 207 66 89 73 182 63 479 123 663
leaf_count=163 264 92 194 132 224 133 123 260 67 156 82 295 265 64 4238 176 65 116 114 105 73 207 66 89 73 182 63 479 123 663
internal_value=-0.00170677 -0.00190847 -0.00938144 -0.00166311 -0.00232335 0.00260888 -0.00184137 0.000428437 -0.00173305 -0.00337007 -0.00715116 -0.00243274 -0.0021854 -0.0134437 -0.0018052 -0.002679 0.00255735 0.0038714 0.00179217 -0.000436508 -0.00466667 0.0019943 0.0138542 0.00913603 0.000419162 -0.0012339 0.0113613 -0.00709198 0.000805921 -0.00915432
internal_weight=9346 9183 286 8897 7708 1189 7484 1057 924 857 597 441 7298 146 7033 5861 1172 1107 991 877 610 346 139 267 162 4420 186 1441 299 1142
internal_count=9346 9183 286 8897 7708 1189 7484 1057 924 857 597 441 7298 146 7033 5861 1172 1107 991 877 610 346 139 267 162 4420 186 1441 299 1142
is_linear=0
shrinkage=0.035


Tree=98
num_leaves=31
num_cat=0
split_feature=193 200 126 225 246 17 200 69 49 144 27 27 27 93 126 13 20 11 261 211 104 82 126 126 67 122 23 137 270 173
split_gain=13.8905 17.6291 17.1381 20.5851 24.0644 24.4591 22.9055 22.137 18.6122 25.4808 17.8491 31.1221 25.2429 19.2797 21.1349 22.9235 28.8143 22.1742 26.2502 19.9046 18.9927 32.1181 18.1443 23.8876 18.5434 26.9886 18.0443 25.6455 24.0019 18.5624
threshold=-0.94763260511140979 0.0063499957323074349 12507.000000000002 0.21637540354191209 -0.3461847187373952 -1.6953719671042309 -0.035599984228610985 -6.0605517297990916 23624.000000000004 34.651923743115638 13134.500000000002 13428.500000000002 12997.500000000002 2888.0000000000005 10672.500000000002 33.778558384252449 18.532439615018827 22.762106413973687 575.14501953125011 0.077705248053377793 410.00000000000006 854.50000000000011 378.00000000000006 462.50000000000006 4.3990448998974827 20.339260638895258 2.7651773751672315 4562.0000000000009 60.407280260540652 0.44165397285117219
decision_type=2 2 2 2 2 2 2 2 2 2 2 2 2 2 2 2 2 2 2 2 2 2 2 2 2 2 2 2 2 2
left_child=1 -1 8 4 6 -6 -4 -7 10 -10 12 -12 20 -13 15 16 -15 18 -18 -19 21 -2 24 -24 -22 -26 28 -28 -17 -29
right_child=2 -3 3 -5 5 7 -8 -9 9 -11 11 13 -14 14 -16 26 17 19 -20 -21 22 -23 23 -25 25 -27 27 29 -30 -31
leaf_value=0.0079908667155581224 -0.00010167678341814507 -0.002476870160356102 4.3622445237740953e-05 -0.0027944307169969155 0.0022239909316980958 -0.0014350920926884836 -0.0035866276454889316 0.00047692315665187921 -0.0048445050167662878 0.00028184354907717315 0.0096221488539188181 -0.0015682226059209328 -0.0020942258799667482 0.010218571661736241 0.0057834771918432908 -0.00070906584193057294 -0.00039278728145953517 -0.007411080179621797 0.010545829819319839 -0.00073265717129461201 0.0075286798842000308 -0.0048966917791352814 -0.0037016859106750151 -0.00031958471563120543 -0.010324676781636693 0.0024213827966066228 0.0063268074004861575 -0.004786248015077388 0.010707972555749448 0.00021974524889021519
leaf_weight=157 322 74 92 98 131 82 163 98 93 77 139 68 73 69 132 109 104 73 68 652 60 96 73 5393 72 140 138 128 249 123
leaf_count=157 322 74 92 98 131 82 163 98 93 77 139 68 73 69 132 109 104 73 68 652 60 96 73 5393 72 140 138 128 249 123
internal_value=-0.00171426 0.00667373 -0.00193037 -0.00732436 -0.00465849 0.00188291 -0.0125192 -0.00643243 -0.00150248 -0.0128 -0.00126297 0.00156539 -0.00219522 0.000383212 0.00107838 2.03725e-05 -0.00353244 -0.00523836 0.0059322 -0.00791096 -0.00194287 -0.00910165 -0.0014139 -0.00185524 0.00732852 0.00225806 0.00460771 -0.000621827 0.0102204 -0.00724609
internal_weight=9346 231 9115 664 566 311 255 180 8451 170 8281 2052 6229 1913 1845 1713 966 897 172 725 6156 418 5738 5466 272 212 747 389 358 251
internal_count=9346 231 9115 664 566 311 255 180 8451 170 8281 2052 6229 1913 1845 1713 966 897 172 725 6156 418 5738 5466 272 212 747 389 358 251
is_linear=0
shrinkage=0.035


Tree=99
num_leaves=31
num_cat=0
split_feature=203 215 261 137 25 261 233 148 213 183 41 11 91 10 13 13 27 17 270 9 219 20 27 12 115 193 60 89 193 193
split_gain=14.9615 15.3237 19.3775 14.9861 14.18 13.9899 24.486 29.5135 23.3512 18.6449 19.3597 20.858 23.0061 25.5633 17.9783 26.2168 25.4064 21.1278 21.5458 20.9324 22.137 18.7966 23.3761 23.3076 22.6376 19.3988 19.3278 18.5751 18.4937 24.0026
threshold=-0.95231429536329715 -0.041000004857778542 477.88000488281256 24640.000000000004 -6.5382767613733401 618.03500366210949 6740.3601074218759 391.50000000000006 11.42332893062016 0.91553021834698789 574.50000000000011 116.14849241049818 -2.6544765415387679 76.132194798355428 116.96913404868909 125.59404039187969 5674.0000000000009 18.147268529026267 129.52264535446056 25.384930420279797 -8.242008892576445 23.999345625949079 17848.000000000004 4.2550521810615178 9304.0000000000018 0.77930572046471036 7178.0000000000009 30.742643411222314 0.92466058812563301 0.90399899828595032
decision_type=2 2 2 2 2 2 2 2 2 2 2 2 2 2 2 2 2 2 2 2 2 2 2 2 2 2 2 2 2 2
left_child=1 -1 -3 4 5 6 9 -8 -7 14 -11 12 13 -12 16 -16 17 18 19 -2 27 22 24 -24 26 -26 -18 -21 29 -23
right_child=3 2 -4 -5 -6 8 7 -9 -10 10 11 -13 -14 -15 15 -17 21 -19 -20 20 -22 28 23 -25 25 -27 -28 -29 -30 -31
leaf_value=-0.0050877826940043669 -0.0010311755697301041 -0.001013666820500931 0.00768570236858389 0.00089846128327346602 -0.0023554228704884802 -0.00055386957795067009 0.00036343886990926393 -0.0015895745907131094 0.0078102635787063845 -0.0018357393785236422 -0.00030210630109213989 0.00031030353766595635 0.0003539955952943755 -0.0022631544444872533 -0.00631497269096481 -0.0003272157848482277 0.0038543127588839721 0.010156490572610378 0.01283369345856789 0.006897332587203593 -0.00057751677363931475 -0.00056056034594036857 0.00042290613387588333 -0.0061861693256558487 0.0066509589853240717 -0.00038699044269681517 -0.0010977064532124588 -0.0068681921116912356 0.00082356610474764401 -0.0073649163128036736
leaf_weight=68 395 65 139 88 419 166 87 312 208 75 149 115 62 80 83 135 105 179 79 335 140 4870 67 60 286 64 119 81 244 71
leaf_count=68 395 65 139 88 419 166 87 312 208 75 149 115 62 80 83 135 105 179 79 335 140 4870 67 60 286 64 119 81 244 71
internal_value=-0.00169928 0.00631769 0.0110526 -0.00194295 -0.00208653 -0.00177613 -0.00207917 -0.0104827 0.00480211 -0.00164252 -0.00828189 -0.00510949 -0.0100507 -0.0151068 -0.00120046 -0.0109865 -0.000892254 0.00371911 0.00175845 0.000256276 0.00461676 -0.00184179 0.00351983 -0.00981061 0.0065285 0.0120282 -0.00213974 0.00864608 -0.00256936 -0.00303579
internal_weight=9346 272 204 9074 8986 8567 8193 399 374 7794 481 406 291 229 7313 218 7095 1209 1030 951 556 5886 701 127 574 350 224 416 5185 4941
internal_count=9346 272 204 9074 8986 8567 8193 399 374 7794 481 406 291 229 7313 218 7095 1209 1030 951 556 5886 701 127 574 350 224 416 5185 4941
is_linear=0
shrinkage=0.035


Tree=100
num_leaves=31
num_cat=0
split_feature=6 8 99 47 126 71 71 11 9 242 126 71 130 82 49 102 71 213 108 6 172 270 261 19 71 115 115 60 114 261
split_gain=15.5919 19.1988 23.4075 18.8036 17.807 17.9356 23.7305 23.4023 35.1387 40.9449 31.5986 26.079 25.3335 24.3873 21.3787 24.5515 20.8732 20.3488 18.5198 17.159 18.7214 18.7285 28.532 31.842 29.0728 27.1173 26.9127 26.2316 25.1757 24.1853
threshold=23.692888048359819 -7.6940671172126658 0.13949999958276751 -10.861397528865027 28114.000000000004 10104.500000000002 9830.0000000000018 93.153268048589908 81.747864445845934 57.714370909952507 368.50000000000006 10420.500000000002 -41.158842120539987 3609.0000000000005 7432.5000000000009 -2.4482270370269799 24700.500000000004 11.623679409864698 -13.053122593322806 -0.60108461985050898 -0.62734646305987163 69.397454840471326 610.86499023437511 664.50000000000011 4490.0000000000009 2367.5000000000005 1224.5000000000002 8991.0000000000018 4.1453499794006357 537.11001586914074
decision_type=2 2 2 2 2 2 2 2 2 2 2 2 2 2 2 2 2 2 2 2 2 2 2 2 2 2 2 2 2 2
left_child=1 4 -3 -4 5 6 19 10 -9 -10 -7 17 -13 -11 -14 16 -16 -12 -17 20 -1 22 23 29 -25 26 -23 28 -27 -22
right_child=-2 2 3 -5 -6 7 -8 8 9 13 11 12 14 -15 15 18 -18 -19 -20 -21 21 25 -24 24 -26 27 -28 -29 -30 -31
leaf_value=0.0080675392174265302 -0.00053374161189897519 0.0045130993909416788 0.0046568118641059156 -0.0029841711107638511 0.013572115238159323 0.0077093819104572013 0.009264956963068359 -0.0022718521358144634 0.0092992592931088885 0.0032224232170508442 -0.0014195644276830245 -0.0015172802761878178 0.0037772755265376044 -0.0061942186770175397 0.00021623738099944668 -0.0048379937626939372 -0.0017500925151008114 -0.0099217645420489782 -0.00038816844128691189 -0.0015738211108395814 -0.0013749476836556875 0.00019679756342060376 0.00071460402601843868 0.00017609436453643049 -0.0065452359024704542 0.0067454386201918166 -0.0047755402676862473 0.010246590336167333 -0.00070266698545107568 -2.0964323069623816e-05
leaf_weight=116 390 135 60 80 66 92 220 486 62 71 127 472 71 92 1405 134 83 65 234 615 539 635 148 65 139 370 206 190 508 1470
leaf_count=116 390 135 60 80 66 92 220 486 62 71 127 472 71 92 1405 134 83 65 234 615 539 635 148 65 139 370 206 190 508 1470
internal_value=-0.00169928 -0.00139828 0.007625 -0.00241379 -0.00168835 -0.00183121 -0.00054248 -0.00380994 -0.00943436 0.00197826 -0.00230469 -0.00303351 -0.00202371 -0.00729167 -0.000235507 -0.000977969 0.00103148 -0.0152792 -0.00900804 -0.00104175 -0.000271009 -0.000654971 -0.00273669 -0.00373986 -0.0167464 0.00192006 -0.00277187 0.00561044 0.00301246 -0.00238083
internal_weight=9346 8956 275 140 8681 8615 5221 3394 711 225 2683 2591 2399 163 1927 1856 1488 192 368 5001 4386 4270 2361 2213 204 1909 841 1068 878 2009
internal_count=9346 8956 275 140 8681 8615 5221 3394 711 225 2683 2591 2399 163 1927 1856 1488 192 368 5001 4386 4270 2361 2213 204 1909 841 1068 878 2009
is_linear=0
shrinkage=0.035


Tree=101
num_leaves=31
num_cat=0
split_feature=148 169 271 193 148 7 13 144 120 104 10 7 30 115 192 137 104 104 175 246 163 12 163 183 67 126 115 115 211 173
split_gain=13.0688 15.2427 15.5118 17.0772 16.4392 30.9743 31.0029 25.2938 24.5256 23.0037 31.0902 24.3549 27.9941 21.9572 18.7104 17.0957 16.9727 33.3884 32.3459 29.1686 28.6275 25.1284 20.9701 22.197 20.0551 17.0969 19.4149 17.6313 24.2962 22.2991
threshold=14363.000000000002 18.770799331923978 16.065191601935677 -0.94763260511140979 7292.5000000000009 -84.947108225987208 58.82754882675053 30.258388187558833 0.65015000104904186 8476.5000000000018 124.86698792627929 -49.532873903782409 634.50000000000011 6073.0000000000009 0.65023767171314228 2429.5000000000005 5472.5000000000009 5802.0000000000009 0.031344705668095281 0.48125180317355853 0.22227917918130149 8.4234395720863997 0.15643520598088703 0.28051432342287969 8.8479732287489838 7185.5000000000009 1892.0000000000002 3532.5000000000005 -0.016726712378886031 0.42145062720768789
decision_type=2 2 2 2 2 2 2 2 2 2 2 2 2 2 2 2 2 2 2 2 2 2 2 2 2 2 2 2 2 2
left_child=1 2 3 -1 9 6 -6 15 -8 16 11 13 14 -11 -13 -7 25 24 19 20 22 -22 23 -19 -18 27 -27 29 -29 -5
right_child=-2 -3 -4 4 5 7 8 -9 -10 10 -12 12 -14 -15 -16 -17 17 18 -20 -21 21 -23 -24 -25 -26 26 -28 28 -30 -31
leaf_value=0.0084715456480982734 0.00082363383798684749 -0.0023930528406960502 0.00051214945052134478 -0.0028394623578699481 0.012960714814506303 0.0075409017915645978 -0.0035839354070047306 -0.0039433168127754673 0.00077117882720418283 8.3956281010375011e-05 0.021145488427040733 0.0068828910380983816 -0.00040918395793807742 -0.0022682824787206204 -0.00058615974210210866 -0.0012348248129996321 -0.0025845383754692515 0.00058704240927683895 0.010003877606943322 -0.0046205120007425755 -0.0019257661930420279 -0.0056829330121478542 0.0084046510794295506 -0.0019739294729277535 -0.00082442751290463692 -0.00063645267119847031 0.0072867828821814168 0.0072913288861767263 -0.00016884947628286297 -0.0032202943529701369
leaf_weight=169 326 179 629 365 90 92 139 430 174 299 71 236 320 139 61 259 113 465 64 75 140 94 72 113 61 60 89 64 3845 113
leaf_count=169 326 179 629 365 90 92 139 430 174 299 71 236 320 139 61 259 113 465 64 75 140 94 72 113 61 60 89 64 3845 113
internal_value=-0.00175917 -0.00200886 -0.00180025 -0.0022064 -0.00243974 -0.00624054 0.0016299 -0.0102863 -0.00363208 -0.00177957 0.00278515 0.0012217 0.00568328 -0.00505643 0.0133278 -0.00324438 -0.00267776 -0.00637687 -0.00391537 -0.00555498 -0.00370079 -0.0140586 0.00010687 -0.00216123 -0.0203352 -0.00169566 0.00977273 -0.00209586 -0.00131451 -0.0084058
internal_weight=9346 9020 8841 8212 8043 1184 403 781 313 6859 1126 1055 617 438 297 351 5733 1197 1023 959 884 234 650 578 174 4536 149 4387 3909 478
internal_count=9346 9020 8841 8212 8043 1184 403 781 313 6859 1126 1055 617 438 297 351 5733 1197 1023 959 884 234 650 578 174 4536 149 4387 3909 478
is_linear=0
shrinkage=0.035


Tree=102
num_leaves=31
num_cat=0
split_feature=274 6 194 85 270 107 5 2 38 153 270 246 9 203 104 222 13 49 101 233 104 115 271 163 17 223 130 244 126 269
split_gain=13.9147 12.8326 13.7313 15.4285 36.6666 25.2456 21.6202 16.1662 24.5257 30.0987 28.7451 25.8857 24.0493 21.5906 30.7731 41.245 34.088 29.3132 24.3947 31.2485 23.062 26.41 21.3325 28.0388 23.5365 22.6792 20.8553 20.7391 20.4254 20.1683
threshold=0.96155346428158095 23.692888048359819 0.22329593847090437 682.50000000000011 26.307643337263453 677.50000000000011 54.766878684940771 663.17999267578136 10085.000000000002 0.39529430113157665 88.137491048826092 0.70017235822347934 23.914761994421969 -0.37250436302598849 5441.5000000000009 27.865684643848976 14.747796497596633 14341.000000000002 0.0079840561459608213 5824.7451171875009 6385.0000000000009 4279.5000000000009 5.8905488708045288 0.82120052410219124 -25.903594084888955 20.5813777620635 -34.230281549239564 0.014899999834597112 5557.5000000000009 4.4017775863358652
decision_type=2 2 2 2 2 2 2 2 2 2 2 2 2 2 2 2 2 2 2 2 2 2 2 2 2 2 2 2 2 2
left_child=1 2 3 5 -5 7 -7 13 9 10 -9 -11 -10 17 22 16 -16 18 19 -1 28 -22 25 24 -24 -15 -25 -27 -18 -20
right_child=-2 -3 -4 4 -6 6 -8 8 12 11 -12 -13 -14 14 15 -17 20 -19 29 -21 21 -23 23 26 -26 27 -28 -29 -30 -31
leaf_value=0.00010504487604155705 -0.0013441391733774741 -0.00052319685247258002 0.00061187597169905055 0.002077302427957093 -0.0036615225170912001 0.0073502215029155509 -0.00087554585493840656 -0.0039393671841840994 -0.003411489091907317 0.0055496607056786966 0.00085725987995547424 -0.00067676627733158335 0.0020697413324223253 -0.00070166772701156185 0.0068335495309287389 -0.0047722607408034051 -0.00082487565790869387 0.0087655801242496941 2.5421320105089021e-05 0.011409168248950533 0.011326525229296598 -0.00069793359201048184 -0.008057314845898703 0.00012819122117642829 0.0013177272663395952 0.0052165490824387156 -0.0025616882981007302 -0.00040644346449488227 -0.0060658241902473362 -0.002386628663339357
leaf_weight=316 78 390 302 88 135 154 61 418 86 123 142 69 208 1143 69 200 206 171 1014 197 129 1359 82 104 1484 93 97 129 82 217
leaf_count=316 78 390 302 88 135 154 61 418 86 123 142 69 208 1143 69 200 206 171 1014 197 129 1359 82 104 1484 93 97 129 82 217
internal_value=-0.00175168 -0.00162299 -0.00134752 -0.00160704 -0.0105921 -0.00136097 0.0103409 -0.00167629 -0.00572788 -0.00906209 -0.0131327 0.00284264 0.00280936 -0.0010751 -0.00224913 -0.00558293 -0.00391622 0.00209635 0.000720412 0.00709459 -0.00487367 -0.00309444 -6.69429e-05 0.00246896 0.00405474 -0.00334672 -0.00968447 0.00678414 -0.0138567 -0.00195388
internal_weight=9346 9268 8878 8576 223 8353 215 8138 1046 752 560 192 294 7092 5177 2045 1845 1915 1744 513 1776 1488 3132 1767 1566 1365 201 222 288 1231
internal_count=9346 9268 8878 8576 223 8353 215 8138 1046 752 560 192 294 7092 5177 2045 1845 1915 1744 513 1776 1488 3132 1767 1566 1365 201 222 288 1231
is_linear=0
shrinkage=0.035


Tree=103
num_leaves=31
num_cat=0
split_feature=274 27 213 23 126 49 49 60 13 217 232 145 190 11 116 49 37 2 163 60 260 56 55 22 260 126 124 49 27 36
split_gain=14.0031 15.2356 19.3231 23.1249 19.3947 16.6626 21.9515 17.3413 17.2745 37.0417 16.9855 16.4825 22.841 16.4538 28.502 16.1888 14.8876 14.6846 18.4849 14.6007 16.7492 24.0158 20.5896 20.0407 16.9674 16.7172 15.7421 15.5345 15.0172 20.4159
threshold=0.96155346428158095 5483.5000000000009 10.899347029365014 7.6836744199911164 4424.0000000000009 5152.0000000000009 6340.0000000000009 8123.5000000000009 79.793612011112955 66.010819556538664 10.425079769053049 0.015283917897252121 -0.00025000050663948054 80.493251330417067 89.500000000000014 6907.5000000000009 2.7681499719619755 567.66497802734386 -0.70548958217053626 26659.500000000004 -0.12586475137182154 8.3449424507459593 0.28384999930858618 0.22675000131130221 -0.016726712378886031 947.00000000000011 -1.1371227825477199 4533.5000000000009 9238.5000000000018 -10.33259734020184
decision_type=2 2 2 2 2 2 2 2 2 2 2 2 2 2 2 2 2 2 2 2 2 2 2 2 2 2 2 2 2 2
left_child=1 5 4 11 16 7 -7 8 9 10 -1 19 -13 -10 -15 -8 -3 -9 -19 20 21 -4 23 24 -22 -24 -26 -23 -27 -30
right_child=-2 2 3 -5 -6 6 15 17 13 -11 -12 12 -14 14 -16 -17 -18 18 -20 -21 22 27 25 -25 26 28 -28 -29 29 -31
leaf_value=0.00039104200039417615 -0.0012970943023092618 -0.0049722362720670561 -0.0011924956907483227 0.005252908780770206 -0.0040017617407603762 0.011356084133410282 -0.0030432727713300841 -0.0042322870809330211 0.011472081927843714 -0.0048765534467692176 -0.00065706846260026161 -3.5768109841588238e-05 -0.0021226803624515558 -0.004352255742842254 0.0096208122708373259 0.0011845802668253667 0.0057104476375906916 0.0020518026116295961 -0.0037476038132579015 -0.0045608951419606573 -0.0022921364765811272 -0.00078298100623658002 0.00047772894901661217 0.0018188380087995337 -0.00023483777563119591 -0.0051807039034832353 -0.0032052803227319801 0.011613126891380108 0.00116728461762079 -0.0015712008464927897
leaf_weight=179 78 105 183 123 96 181 97 97 122 75 193 4376 173 128 101 364 73 78 72 79 166 60 89 95 1173 251 114 154 116 155
leaf_count=179 78 105 183 123 96 181 97 97 122 75 193 4376 173 128 101 364 73 78 72 79 166 60 89 95 1173 251 114 154 116 155
internal_value=-0.00170677 -0.0015777 -0.0022469 -0.0019003 -0.0112903 0.0014273 0.00584235 -0.0013 0.00122042 -0.00332965 0.00129973 -0.00216164 -0.000883838 0.00698034 0.00134615 0.00172747 -0.00420765 -0.00930556 -0.00225806 -0.00436174 -0.0038813 0.002699 -0.00509473 -0.00292981 -0.00396091 -0.0105114 -0.00257353 0.0105479 -0.0128843 -0.00697464
internal_weight=9346 9268 7581 7307 274 1687 642 1045 798 447 372 7184 4549 351 229 461 178 247 150 2635 2556 397 2159 1548 1453 611 1287 214 522 271
internal_count=9346 9268 7581 7307 274 1687 642 1045 798 447 372 7184 4549 351 229 461 178 247 150 2635 2556 397 2159 1548 1453 611 1287 214 522 271
is_linear=0
shrinkage=0.035


Tree=104
num_leaves=31
num_cat=0
split_feature=11 133 33 8 193 148 256 136 148 132 71 143 121 69 67 148 49 93 193 143 103 244 173 71 173 12 267 203 6 183
split_gain=13.8152 23.4602 18.7206 17.6423 22.4173 26.0456 35.8571 42.4331 35.3129 31.1196 28.8458 28.9766 31.5415 27.974 26.7419 27.4067 25.6057 24.6149 17.5552 17.369 16.99 67.3479 21.4629 17.5546 26.2431 25.0264 18.1625 16.8334 16.8123 15.9905
threshold=102.07450903875639 101.05345550750528 0.59640002250671398 -240.18692615006691 -0.80127469776509919 2912.0000000000005 78.512725819584702 2.967249989509583 391.50000000000006 0.19455000013113025 4696.5000000000009 0.23749999701976779 0.30965000391006475 -5.6973460397160576 8.5412970854545751 266.00000000000006 9863.0000000000018 9933.5000000000018 0.96794071219247446 0.25945000350475317 6.0130000114440927 0.018399987369775776 0.17955646981744836 858.50000000000011 -0.56918217777733549 7.4230746002942398 -10.799205511341501 0.90552235217450072 19.841560727228231 -0.42621346157124501
decision_type=2 2 2 2 2 2 2 2 2 2 2 2 2 2 2 2 2 2 2 2 2 2 2 2 2 2 2 2 2 2
left_child=1 2 20 -2 -5 8 16 -8 14 28 -11 13 19 -12 15 18 -7 -18 -6 -13 23 -22 -23 -1 25 -25 -26 -24 -10 -9
right_child=3 -3 -4 4 5 6 7 29 9 10 11 12 -14 -15 -16 -17 17 -19 -20 -21 21 22 27 24 26 -27 -28 -29 -30 -31
leaf_value=0.0047180589584602953 -0.0095704270311433599 0.0034391766310046335 -0.0055439438620405847 0.0056544722221532583 0.0084337540498946092 -0.0064417731554509954 0.010654343470391734 0.0015126309956150568 -0.0064059732733940155 0.012208110161490171 -0.00015581088356095009 -0.0005152923387540297 0.0020226752625790382 0.0041765771420485048 -0.00218781351995306 -0.0044111676080445892 0.0012346913866621205 -0.0033598601097231764 -1.4881460537007898e-05 -0.0075965203309511908 -0.0042818479314920476 0.010036496758165802 -0.0022179315731844017 0.00011684951223345897 0.014140879731782836 -0.0046327129147728267 -3.9258090399295901e-05 0.0053981006403221862 2.626953685714223e-05 -0.0050456207086558231
leaf_weight=185 67 234 67 227 60 222 110 63 84 184 181 61 210 212 286 63 105 108 103 109 413 140 162 81 65 119 5138 79 60 148
leaf_count=185 67 234 67 227 60 222 110 63 84 184 181 61 210 212 286 63 105 108 103 109 413 140 162 81 65 119 5138 79 60 148
internal_value=-0.00166185 -0.000811154 -0.00120933 -0.00379123 -0.00331027 -0.00431971 -0.00965834 -0.000751534 -0.00179543 0.00174051 0.00403846 0.0010347 -0.00581818 0.00765075 -0.00934236 -0.00030303 -0.0161477 -0.00722477 0.00729167 -0.0168 -0.0010083 -0.00578223 0.0048057 -0.000325407 -0.000692493 -0.0129756 -0.000208333 -0.00156504 -0.0131544 -0.00988426
internal_weight=9346 6683 6449 2663 2596 2369 756 321 1613 1101 957 773 380 393 512 226 435 213 163 170 6382 794 381 5588 5403 200 5203 241 144 211
internal_count=9346 6683 6449 2663 2596 2369 756 321 1613 1101 957 773 380 393 512 226 435 213 163 170 6382 794 381 5588 5403 200 5203 241 144 211
is_linear=0
shrinkage=0.035


Tree=105
num_leaves=31
num_cat=0
split_feature=11 216 8 193 126 82 148 121 148 67 132 126 7 10 148 242 55 261 6 152 135 89 122 103 22 19 148 17 260 159
split_gain=16.302 19.6191 17.2594 21.9234 24.8092 21.356 20.0327 38.034 27.9319 27.2707 26.1551 22.9765 37.289 19.6495 18.9078 18.8072 18.3633 18.6563 16.8123 15.9492 19.7002 16.8163 15.4677 17.4569 23.487 21.187 15.2269 15.0129 17.3911 18.5763
threshold=102.07450903875639 94.633039117996859 -240.18692615006691 -0.80127469776509919 10631.000000000002 8296.5000000000018 2912.0000000000005 0.34684999287128454 391.50000000000006 7.1996282814665449 0.19455000013113025 2929.5000000000005 1.1529394134093183 96.150927601713207 2311.0000000000005 58.890373161533326 0.27165000140666967 550.37500000000011 19.841560727228231 0.22191570651433754 -1.4925021330132349 9.9095290985995028 9.8631910777305229 4.5479500293731698 0.12325000017881395 644.50000000000011 6780.5000000000009 -21.377394465010852 -0.016726712378886031 17.040824851580563
decision_type=2 2 2 2 2 2 2 2 2 2 2 2 2 2 2 2 2 2 2 2 2 2 2 2 2 2 2 2 2 2
left_child=1 19 -2 26 5 6 8 -8 9 13 18 12 -12 -5 -13 -11 -7 -18 -10 20 21 -1 -21 -24 25 -25 -4 28 29 -26
right_child=2 -3 3 4 -6 16 7 -9 10 15 11 14 -14 -15 -16 -17 17 -19 -20 22 -22 -23 23 24 27 -27 -28 -29 -30 -31
leaf_value=-0.00023994299810459324 -0.0092354620850533427 0.0040800297065530389 0.011259254295430798 -0.001031969365171549 -0.0032462716804678758 0.012005615779090357 -0.005359105023232902 0.0062916600533809179 -0.0061817642088252247 -0.00012265275215216228 0.0051943344989132754 -0.0024693105643208107 -0.00066723372228805872 0.00059631069691946817 0.0055774332165252011 -0.0040395381559857934 -0.0024295748534108532 0.0061101391803136352 2.5350103067142419e-05 0.003113404798105126 -9.3483953116203514e-05 0.0051749057785944767 -0.0012063355174754531 0.00066958817766546832 -0.0034924158659947035 -0.0023149069992700888 -0.0010468732443514605 0.00016584650929171672 -0.0063900897574253141 0.010519326960598346
leaf_weight=214 67 207 115 60 147 86 332 96 84 132 523 156 122 87 75 225 108 76 60 72 2550 436 1071 87 72 337 112 1488 85 64
leaf_count=214 67 207 115 60 147 86 332 96 84 132 523 156 122 87 75 225 108 76 60 72 2550 436 1071 87 72 337 112 1488 85 64
internal_value=-0.00166185 -0.000737889 -0.00397489 -0.00349865 -0.00449663 -0.00355186 -0.00482882 -0.0114781 -0.00293002 -0.00962672 0.000409756 0.00270148 0.00608462 0.00299342 -0.00667373 -0.0147928 0.0056 -0.000740741 -0.0131544 -0.00108008 0.000677067 0.0060916 -0.00279488 -0.00316298 -0.00132601 -0.00864802 0.00678879 0.000510502 -0.00789823 0
internal_weight=9346 6683 2663 2596 2369 2222 1952 428 1524 504 1020 876 645 147 231 357 270 184 144 6476 3200 650 3276 3204 2133 424 227 1709 221 136
internal_count=9346 6683 2663 2596 2369 2222 1952 428 1524 504 1020 876 645 147 231 357 270 184 144 6476 3200 650 3276 3204 2133 424 227 1709 221 136
is_linear=0
shrinkage=0.035


Tree=106
num_leaves=31
num_cat=0
split_feature=6 8 99 47 71 214 99 88 71 261 115 111 246 274 213 82 135 102 5 68 115 93 21 261 243 261 38 79 134 219
split_gain=12.6663 19.1657 19.0233 16.4214 14.1575 22.1161 27.4989 24.4369 21.1108 19.5281 27.2927 28.5867 26.5376 32.2947 20.6658 27.5898 27.9106 19.6709 19.2438 27.2735 18.7773 17.8319 17.2914 21.0629 17.2905 16.9611 16.6143 17.1753 19.1157 20.2255
threshold=23.692888048359819 -7.6940671172126658 0.13949999958276751 -10.861397528865027 10104.500000000002 0.05810001119971276 0.38630001246929174 0.17729999870061877 9830.0000000000018 620.91000366210949 17096.000000000004 19.665186576835662 0.89488410009361918 0.59409262787354544 11.181054609253957 5107.5000000000009 -1.4925021330132349 -2.4681199189858667 24.247375198595353 0.032522443356676957 13743.000000000002 10085.500000000002 0.14344999939203265 537.64999389648449 2.8220916143367334 560.41500854492199 23354.000000000004 0.010169510876942454 0.010853851983904079 -30.477249072389487
decision_type=2 2 2 2 2 2 2 2 2 2 2 2 2 2 2 2 2 2 2 2 2 2 2 2 2 2 2 2 2 2
left_child=1 4 -3 -4 8 9 7 24 26 10 12 -12 13 14 -6 16 -16 18 22 -20 -15 -10 25 -24 -7 -17 27 -1 -29 -30
right_child=-2 2 3 -5 5 6 -8 -9 21 -11 11 -13 -14 20 15 17 -18 -19 19 -21 -22 -23 23 -25 -26 -27 -28 28 29 -31
leaf_value=-0.0012738003287470698 -0.00048806591152021883 0.0043527488176871142 0.0041889774472588306 -0.0028255669674707514 -0.0056682112241148311 -0.00144823800532599 0.0033002575072917204 -0.0050725451667274629 0.01552005720078658 0.009043065417487027 -0.00034595122295359943 -0.0049753713542621996 0.014790889850449672 -0.0019927934091257165 -0.002787108151647412 0.00098537180657570279 0.0042005263342100273 -0.0016952740224690929 -0.0016289131802684773 0.004470561640456055 0.00017057964156742602 -0.0013586979225983481 -0.0013722687320662803 0.0062562319820721824 0.0054655923488156994 -0.0011599425408556675 0.0060147425398348929 0.0006938678046709446 4.879275748016721e-05 -0.00089874249832509604
leaf_weight=910 390 135 60 80 83 60 60 266 142 111 272 134 63 230 96 183 336 349 275 115 91 78 106 306 64 241 131 801 2175 1003
leaf_count=910 390 135 60 80 83 60 60 266 142 111 272 134 63 230 96 183 336 349 275 115 91 78 106 306 64 241 131 801 2175 1003
internal_value=-0.00166185 -0.00139047 0.007625 -0.00144828 -0.00168029 -0.00342281 -0.0106154 -0.014 -0.000533842 -0.00232477 -0.00288735 -0.0112409 -0.00149657 -0.00210058 -0.000501193 0.000226143 0.00800915 -0.00192722 0.000170593 -0.00620253 -0.0123466 0.00995556 0.0031629 0.00822542 -0.00108527 -0.00179487 -0.00100299 -0.00133735 -0.00034262 -0.00156142
internal_weight=9346 8956 275 140 8681 3441 450 390 5240 2991 2880 406 2474 2411 2090 2007 432 1575 1226 390 321 220 836 412 124 424 5020 4889 3979 3178
internal_count=9346 8956 275 140 8681 3441 450 390 5240 2991 2880 406 2474 2411 2090 2007 432 1575 1226 390 321 220 836 412 124 424 5020 4889 3979 3178
is_linear=0
shrinkage=0.035


Tree=107
num_leaves=31
num_cat=0
split_feature=11 216 8 193 126 82 137 272 148 140 148 26 261 233 31 211 49 183 82 82 244 131 238 173 256 148 104 148 150 195
split_gain=12.393 19.6974 18.0845 19.0253 26.5652 21.7809 24.6516 16.1092 20.7676 31.6979 24.7706 24.1363 24.3029 22.849 29.0876 19.6702 19.0992 18.0207 15.8604 26.9652 23.6851 21.7214 16.8509 24.8068 16.2936 19.2619 16.6131 15.7716 15.7659 16.083
threshold=102.07450903875639 94.633039117996859 -240.18692615006691 -0.80127469776509919 10631.000000000002 14951.500000000002 880.50000000000011 0.018100000917911533 244.00000000000003 571.50000000000011 1208.5000000000002 2.3650499582290654 590.91998291015636 5685.1601562500009 -62.22580474545213 0.48559498588778061 5384.0000000000009 0.81837674171144825 3473.5000000000005 3977.0000000000005 0.010200016200542452 0.83294999599456798 -11.600987534222115 0.56035306773166127 95.815535325522845 14363.000000000002 15425.500000000002 6736.5000000000009 0.052699990570545203 0.012672802118680163
decision_type=2 2 2 2 2 2 2 2 2 2 2 2 2 2 2 2 2 2 2 2 2 2 2 2 2 2 2 2 2 2
left_child=1 18 -2 27 5 6 -5 16 9 -9 13 28 -13 -10 -15 -16 -8 -17 20 -20 21 -1 -22 -24 25 -21 -27 -4 -12 -30
right_child=2 -3 3 4 -6 -7 7 8 10 -11 11 12 -14 14 15 17 -18 -19 19 24 22 -23 23 -25 -26 26 -28 -29 29 -31
leaf_value=-0.00014512842023381656 -0.0089139286585882826 0.0039409511285158688 0.011642226654924983 -0.012649130125038436 -0.0031155698647482941 0.0056778625866492809 0.00022073963080239541 -0.0036667552693497251 0.011025578389611235 -5.0674866594063736e-06 0.013420453156144705 -0.0027361674579960069 0.0033161060317992664 -0.0039325404378479974 0.0086594562990733575 -0.00079857905549706018 -0.0041963454349608423 0.0060405460803592236 -0.002126233068476065 -0.00020850767974158472 -0.0074534000063733383 -0.002392325679968799 0.007348465389250553 0.00015862888131864985 -0.0045926306208517176 0.010777241427791334 -0.00029916937802497993 -0.00054688973298852865 0.006071932955634486 -0.0025429564854321913
leaf_weight=308 67 207 102 116 147 81 108 102 182 159 83 477 117 71 65 108 314 60 329 4443 72 78 185 777 96 125 63 125 81 98
leaf_count=308 67 207 102 116 147 81 108 102 182 159 83 477 117 71 65 108 314 60 329 4443 72 78 185 777 96 125 63 125 81 98
internal_value=-0.00156454 -0.000758822 -0.00358133 -0.00309496 -0.00402485 -0.00304894 -0.00373486 -0.00281034 -0.00119714 -0.0101316 0.000571641 -0.00300813 -0.00689482 0.00684318 0.000906149 0.00691176 -0.00885246 0.000404624 -0.00110168 -0.00201936 0.0021614 -0.00519182 0.00491819 0.00615305 -0.00133876 -0.0010343 0.00979275 0.00648707 0.00576779 -0.000190217
internal_weight=9346 6683 2663 2596 2369 2222 2141 2025 1603 261 1342 856 594 486 304 233 422 168 6476 5056 1420 386 1034 962 4727 4631 188 227 262 179
internal_count=9346 6683 2663 2596 2369 2222 2141 2025 1603 261 1342 856 594 486 304 233 422 168 6476 5056 1420 386 1034 962 4727 4631 188 227 262 179
is_linear=0
shrinkage=0.035


Tree=108
num_leaves=31
num_cat=0
split_feature=9 126 126 49 144 71 153 173 56 71 65 93 213 82 148 60 193 87 49 93 118 148 203 68 27 27 216 104 93 140
split_gain=20.1852 13.7448 13.755 19.7151 25.9617 19.583 22.77 23.7797 28.4986 21.2012 23.3567 20.3752 29.2922 25.274 33.7346 24.9602 24.1412 28.8415 23.9221 22.7006 20.8002 19.439 31.8396 23.5991 21.511 24.5801 19.8192 20.3889 21.5615 23.2368
threshold=203.09641431629402 31768.500000000004 12507.000000000002 23624.000000000004 34.651923743115638 14669.500000000002 0.76994643848402544 0.53320595623690459 3.5549822754208811 12806.000000000002 0.25950001180171972 9599.5000000000018 11.713369305062756 8452.0000000000018 1327.0000000000002 13787.000000000002 0.30087724867482563 0.50554999709129345 10030.000000000002 10085.500000000002 683.50000000000011 466.50000000000006 0.85050947297369472 0.031009631869437657 4192.0000000000009 6416.5000000000009 42.805618464305567 1103.0000000000002 8366.0000000000018 666.50000000000011
decision_type=2 2 2 2 2 2 2 2 2 2 2 2 2 2 2 2 2 2 2 2 2 2 2 2 2 2 2 2 2 2
left_child=1 2 3 5 -5 9 7 8 -7 11 -11 12 20 14 19 -15 17 18 -16 -13 21 24 23 26 -1 -26 -23 -28 29 -29
right_child=-2 -3 -4 4 -6 6 -8 -9 -10 10 -12 13 -14 15 16 -17 -18 -19 -20 -21 -22 22 -24 -25 25 -27 27 28 -30 -31
leaf_value=0.00023807660164731795 -0.00089100080485731044 0.0083070748659354321 -0.00082341688805412155 -0.0044397420582173372 0.0017363364880068465 0.012309067195159258 0.0065853835474731313 -0.00038781529859029026 0.00057752469852022598 0.0045042988439213585 -0.0012734109102888716 0.0056259019431300827 0.0084495613971693872 0.007087723287360197 -0.0066612980326688515 -0.005675179734578574 -0.0031494321536464911 0.0051006799465306103 0.00047003008314361664 0.00014456964860691676 -0.0022982736925548273 0.00070015737995684395 0.012912061779278561 -0.0019322970605223269 -0.0065874350008974991 -0.00094034259104541925 0.0089364722483948455 -0.00029527375107176292 -0.0039171927254734226 -0.003748658961880169
leaf_weight=161 70 64 705 93 74 94 72 490 469 115 768 104 103 346 72 67 350 107 73 832 62 972 137 243 151 391 75 1695 171 220
leaf_count=161 70 64 705 93 74 94 72 490 469 115 768 104 103 346 72 67 350 107 73 832 62 972 137 243 151 391 75 1695 171 220
internal_value=-0.00151214 -0.00136515 -0.00148096 -0.00108964 -0.0128198 -0.000847214 0.00343805 0.00208412 0.00696303 -0.00151731 -0.00658221 -0.000806375 -0.00213064 0.00216513 9.07323e-05 0.00979665 -0.00634267 0.00190661 -0.00816667 0.00424017 -0.0025823 -0.00227197 -0.00120381 -0.00188406 -0.00756356 -0.0108775 -0.00105959 -0.00292475 -0.00358202 -0.0024974
internal_weight=9346 9276 9212 8507 167 8340 1125 1053 563 7215 883 6332 4381 1951 1538 413 602 252 145 936 4278 4216 3513 3376 703 542 3133 2161 2086 1915
internal_count=9346 9276 9212 8507 167 8340 1125 1053 563 7215 883 6332 4381 1951 1538 413 602 252 145 936 4278 4216 3513 3376 703 542 3133 2161 2086 1915
is_linear=0
shrinkage=0.035


Tree=109
num_leaves=31
num_cat=0
split_feature=220 172 126 71 71 183 242 27 161 261 60 115 124 49 183 13 49 45 60 151 27 115 101 191 185 126 41 71 71 71
split_gain=16.2022 12.7697 11.6936 13.4597 21.4872 16.5229 13.7999 15.0354 23.9561 14.8689 21.3798 18.5807 24.2491 16.8215 28.0851 26.9179 22.6871 28.3653 28.3663 21.0114 23.3813 21.6186 22.9733 28.439 22.5399 20.5041 21.7045 20.4946 39.8006 29.9726
threshold=203.09641431629402 -0.62734646305987163 31768.500000000004 23467.500000000004 21728.500000000004 0.77440569129755865 14.139565020919457 23187.500000000004 0.18987499922513965 614.34500122070324 9581.0000000000018 15250.000000000002 -2.2116710462823068 8510.5000000000018 0.91553021834698789 99.242202000845495 9304.5000000000018 6.1039123886649209 8180.0000000000009 0.26167500764131552 11049.500000000002 15392.000000000002 0.016483657625302774 0.14839999750256541 0.02085289420123914 232.00000000000003 674.50000000000011 4696.5000000000009 6945.5000000000009 11314.000000000002
decision_type=2 2 2 2 2 2 2 2 2 2 2 2 2 2 2 2 2 2 2 2 2 2 2 2 2 2 2 2 2 2
left_child=1 -1 3 4 6 -5 -3 9 -9 13 11 12 -11 14 25 16 17 -15 -19 21 -21 24 23 -23 -18 -8 27 -27 -29 -30
right_child=-2 2 -4 5 -6 -7 7 8 -10 10 -12 -13 -14 15 -16 -17 19 18 -20 20 -22 22 -24 -25 -26 26 -28 28 29 -31
leaf_value=0.0010975777996908153 -0.00085981577668730615 0.0013775408573922919 0.0078833112868517859 -0.0017189394687111149 0.0073020733074097514 0.00023281144202985828 0.0078437745652753729 -0.0043130011341814779 0.00013641996067812593 -0.0041835315700424454 0.008689512395814428 0.004574376926187485 8.2167288661353922e-05 -0.00021377627486413088 -0.0010291261175959813 0.0086478781817412136 -5.3783388212475529e-05 0.0098865307000087169 -0.0011409881725250844 -0.0043438271432025503 0.00095813810707112191 -0.0024388112103257593 0.0001067568663288468 -0.00086255311281521112 0.0037713649496079146 0.00013987575182260057 -0.0026195070881757823 -0.0027206236565073235 0.0002958342838802325 -0.0013943369712105429
leaf_weight=220 70 94 63 192 125 63 71 165 164 109 128 124 145 303 253 64 2247 152 72 329 112 151 200 193 232 1252 65 657 1009 322
leaf_count=220 70 94 63 192 125 63 71 165 164 109 128 124 145 303 253 64 2247 152 72 329 112 151 200 193 232 1252 65 657 1009 322
internal_value=-0.00152711 -0.00139532 -0.00159916 -0.0017076 -0.00147318 -0.00955769 -0.00168543 -0.00183541 -0.00911677 -0.00153752 0.00424658 0 -0.00540541 -0.00192093 -0.00365025 -0.00037069 -0.000744494 0.00598684 0.0152838 -0.00177573 -0.00886771 -0.000728203 -0.00701275 -0.0124355 0.000662238 -0.00279503 -0.00320393 -0.00278274 -0.00498746 -0.00149326
internal_weight=9346 9276 9056 8993 8738 255 8613 8519 329 8190 506 378 254 7684 3629 4055 3991 527 224 3464 441 3023 544 344 2479 3376 3305 3240 1988 1331
internal_count=9346 9276 9056 8993 8738 255 8613 8519 329 8190 506 378 254 7684 3629 4055 3991 527 224 3464 441 3023 544 344 2479 3376 3305 3240 1988 1331
is_linear=0
shrinkage=0.035


Tree=110
num_leaves=31
num_cat=0
split_feature=9 19 63 71 213 224 33 219 173 8 246 145 126 13 203 13 213 13 233 193 193 274 23 133 121 183 274 179 32 136
split_gain=14.2753 12.6275 20.6243 17.96 15.4281 23.0369 22.8927 34.4135 24.489 18.9333 21.8556 15.2298 19.7551 18.1009 26.3711 22.7437 19.3198 19.367 28.7719 16.1006 16.9453 14.1345 14.4347 17.5075 14.0696 13.4765 16.1116 17.6955 15.6575 24.3358
threshold=203.09641431629402 526.50000000000011 527.50000000000011 811.00000000000011 10.736374927597515 -0.99999999999342959 0.48165000975131994 -64.411540723152882 0.20835892304980011 -234.79758182376406 -0.84629759964365958 0.015283917897252121 270.50000000000006 59.485352714034818 -0.37250436302598849 55.987450248261617 10.910578296686365 75.272308801806375 6455.0649414062509 0.0098517767188695086 -0.73852214677880712 0.1282466064946636 2.12084428310422 59.774870697669165 0.4775999933481217 -0.5693891479279547 0.1840033505040862 17.785792763915985 0.14214999973773959 3.5055500268936162
decision_type=2 2 2 2 2 2 2 2 2 2 2 2 2 2 2 2 2 2 2 2 2 2 2 2 2 2 2 2 2 2
left_child=1 -1 -3 -4 5 -5 9 24 -9 -6 -11 12 -12 15 16 19 -15 18 -18 20 -14 22 -21 -24 -8 -13 27 28 29 -27
right_child=-2 2 3 4 6 -7 7 8 -10 10 11 25 13 14 -16 -17 17 -19 -20 21 -22 -23 23 -25 -26 26 -28 -29 -30 -31
leaf_value=-0.0071291205412363796 -0.00082972222450325211 0.011512904934845743 0.0028378708155895917 0.0021976717024468875 -0.0052057087821819111 -0.001804406345340878 0.0095823110846631442 -0.0048831592819394021 0.005857303146904835 0.0074781875424864835 0.0017299854835726345 -0.00088269444520312605 0.0012498473694677454 -0.0063250586230018365 -0.0026962733942276721 0.009786552028802617 0.00075115167855434133 0.0078797203902522279 -0.0025708519779527334 -0.0010450730412956714 -0.0022259513137335048 -0.0005903557074410532 0.0056433673563242087 -0.00080484459768106619 0.0041782070448061238 -0.0008770644165750738 -0.00024684235455503636 -0.00049387012498125266 0.0055174064658784269 0.0032423803008958642
leaf_weight=75 70 60 217 83 72 374 89 155 99 71 65 211 67 64 554 72 124 132 82 108 401 885 184 60 102 424 2544 852 814 236
leaf_count=75 70 60 217 83 72 374 89 155 99 71 65 211 67 64 554 72 124 132 82 108 401 885 184 60 102 424 2544 852 814 236
internal_value=-0.001587 -0.0014632 -0.00134206 -0.00148098 -0.00172472 -0.00795455 -0.00138397 0.0063 -0.00216216 -0.00181388 -0.00164551 -0.00182458 -0.00389583 -0.00435902 -0.00823101 -0.0022587 -0.00137592 0.00204082 -0.00464455 -0.00309064 -0.00858351 -0.000986312 0.00490196 0.00955823 0.0173214 -0.000681282 -0.000301538 0.0018018 0.00411765 0.000105263
internal_weight=9346 9276 9201 9141 8924 457 8467 445 254 8022 7950 7879 2798 2733 956 1777 402 338 206 1705 468 1237 352 244 191 5081 4870 2326 1474 660
internal_count=9346 9276 9201 9141 8924 457 8467 445 254 8022 7950 7879 2798 2733 956 1777 402 338 206 1705 468 1237 352 244 191 5081 4870 2326 1474 660
is_linear=0
shrinkage=0.035


Tree=111
num_leaves=31
num_cat=0
split_feature=4 272 271 224 150 5 193 71 71 211 71 4 49 11 193 126 270 77 75 55 93 27 27 183 143 41 71 1 261 233
split_gain=12.6101 11.9084 12.1698 23.1186 14.6813 14.2011 14.0802 14.2063 38.0617 44.5238 26.1905 39.5073 22.9117 29.9306 26.2704 19.9037 34.8372 21.9654 29.8642 18.5315 18.1089 17.1717 48.3493 30.6405 25.1767 23.4297 30.1123 24.8992 25.0555 22.4924
threshold=63.259508440689501 0.057249978184700019 15.896670490397723 0.43159530776550442 0.040000002831220634 48.16622726443309 -0.96438248944394667 6926.0000000000009 6437.0000000000009 0.74534074761247038 7184.5000000000009 -1.0853825061691518 8956.0000000000018 137.60299388902754 -0.32634482692023387 5272.0000000000009 96.80784795394591 0.17390000075101855 -16.53902222084724 0.28144998848438268 6300.0000000000009 7521.0000000000009 7985.0000000000009 -0.39290915187162312 0.32930000126361852 617.50000000000011 8376.0000000000018 662.50000000000011 568.23498535156261 5972.1049804687509
decision_type=2 2 2 2 2 2 2 2 2 2 2 2 2 2 2 2 2 2 2 2 2 2 2 2 2 2 2 2 2 2
left_child=1 2 6 4 -4 -5 -1 8 12 -10 11 -9 15 14 -14 16 17 -8 -19 -18 -21 23 -23 -12 25 26 -24 28 -27 -28
right_child=-2 -3 3 5 -6 -7 7 10 9 -11 21 -13 13 -15 -16 -17 19 18 -20 20 -22 22 24 -25 -26 27 29 -29 -30 -31
leaf_value=0.010142319199173544 -0.00043232157358569754 -0.0032661104160521415 -0.0015344971726929714 0.010522329527834903 0.00048773153014564937 0.00086153422686617044 -0.0046644980909462909 0.013780332414077499 -0.0052129723562860993 3.8564596275161291e-05 0.015696686781910354 -0.00095685817199141871 -0.00028223193792156878 -0.0043452338554462663 0.01515945825481339 -0.0016685455375661648 0.013714432836101458 -0.0017151324284177762 0.0077840814595913251 0.0014075656770629154 -0.0084047216512937294 -0.0038847873915701051 -0.0039711809849047493 7.1636865944899598e-05 0.0043217837880826504 0.0013181132675328124 0.00092322380820080189 0.00015153882786653362 -0.0039531061098395416 -0.00073515874190315303
leaf_weight=133 104 132 198 116 218 129 81 108 205 112 81 62 81 106 161 762 68 439 160 285 65 238 174 1202 174 128 336 2143 280 865
leaf_count=133 104 132 198 116 218 129 81 108 205 112 81 62 81 106 161 762 68 439 160 285 65 238 174 1202 174 128 336 2143 280 865
internal_value=-0.00164688 -0.00150643 -0.00135162 0.00320571 -0.00182898 0.01162 -0.00170984 -0.0018928 -0.00408103 -0.0153261 -0.00093599 0.0124 -0.00243561 0.00575071 0.0124696 -0.00397855 -0.000951949 -0.00582482 -0.00341887 0.00695035 0.0035493 -0.00134998 -0.00240157 0.00220109 -0.00150061 -0.00208344 -0.00575725 -9.58529e-05 -0.0079661 -0.00374378
internal_weight=9346 9242 9110 661 416 245 8449 8316 2525 317 5791 170 2208 348 242 1860 1098 680 599 418 350 5621 4338 1283 4100 3926 1375 2551 408 1201
internal_count=9346 9242 9110 661 416 245 8449 8316 2525 317 5791 170 2208 348 242 1860 1098 680 599 418 350 5621 4338 1283 4100 3926 1375 2551 408 1201
is_linear=0
shrinkage=0.035


Tree=112
num_leaves=31
num_cat=0
split_feature=38 60 183 126 115 153 100 82 82 82 60 173 26 173 225 173 148 256 93 218 153 71 124 233 30 118 19 163 147 126
split_gain=13.259 17.6242 18.6255 15.1695 16.3536 14.1948 14.1214 13.733 13.4476 34.14 13.1123 16.3416 33.993 29.3215 28.4335 24.1349 23.0129 22.0152 30.6424 22.0648 21.1269 19.916 17.26 17.1394 19.563 22.6557 33.3722 26.9349 23.2951 21.662
threshold=1010.0000000000001 300.00000000000006 0.92728506576167147 232.00000000000003 27848.000000000004 0.57831758663580557 14.069392680746969 28232.500000000004 20933.500000000004 18999.500000000004 869.50000000000011 0.44591921594037348 3.7172999382019047 0.35427949381293994 0.40426912575247959 0.48038401165424671 4216.0000000000009 51.212608865532083 4807.5000000000009 5.1073798264436219 0.51839121096746565 19389.000000000004 -1.2177359060823389 5376.9248046875009 553.50000000000011 577.50000000000011 592.75000000000011 0.45724379541487337 3.6399999856948857 3694.5000000000005
decision_type=2 2 2 2 2 2 2 2 2 2 2 2 2 2 2 2 2 2 2 2 2 2 2 2 2 2 2 2 2 2
left_child=1 -1 -3 5 7 6 -2 8 9 10 -5 13 14 21 15 16 -13 19 -19 -15 22 23 -17 -12 -25 -26 28 -28 29 -27
right_child=3 2 -4 4 -6 -7 -8 -9 -10 -11 11 12 -14 17 -16 20 -18 18 -20 -21 -22 -23 -24 24 25 26 27 -29 -30 -31
leaf_value=0.00011208772631720655 1.1294782938222476e-06 -0.00016838808079280677 -0.0011986455049337881 -0.0045586276245362083 -0.0027136128943222272 -0.00030191337620705168 0.0042752776581783565 0.0039466214227898812 -0.0021410846413924939 0.011874577947768514 -0.0069258095140310501 0.0065940907900326352 -0.0015640893278523877 -0.0023173923728204014 -0.0035939024678444784 8.6784628676050144e-05 -0.0011213775797852968 0.002180782827855869 -0.0055774706827616174 0.00033374479792040588 0.0038100050129585851 0.0070476973984328313 -0.0014064620890989535 0.0056818991881527415 -0.0023242213845076402 0.026162070944632014 -0.00028060384950193921 -0.0082270905850538052 -0.002445016898075554 0.0052079713541665872
leaf_weight=112 74 116 140 156 94 96 118 93 137 61 142 208 176 128 82 1156 69 71 205 313 355 97 128 348 536 85 3608 92 112 238
leaf_count=112 74 116 140 156 94 96 118 93 137 61 142 208 176 128 82 1156 69 71 205 313 355 97 128 348 536 85 3608 92 112 238
internal_value=-0.00141482 -0.00788204 -0.0128736 -0.0011455 -0.00140886 0.00668942 0.0120812 -0.0012452 -0.00139457 -0.00121252 -0.00141095 -0.00121474 0.00138137 -0.0021597 0.00269096 0.00357106 0.0130319 -0.00877424 -0.0164413 -0.00384529 0.00193735 -0.00125024 -0.000162917 -0.00155149 -0.00120521 -0.00180389 -0.000921498 -0.0020027 0.00819318 0.0129116
internal_weight=9346 368 256 8978 8690 288 192 8596 8503 8366 8305 8149 2174 5975 1998 1916 277 717 276 441 1639 5258 1284 5161 5019 4671 4135 3700 435 323
internal_count=9346 368 256 8978 8690 288 192 8596 8503 8366 8305 8149 2174 5975 1998 1916 277 717 276 441 1639 5258 1284 5161 5019 4671 4135 3700 435 323
is_linear=0
shrinkage=0.035


Tree=113
num_leaves=31
num_cat=0
split_feature=11 267 28 151 151 148 126 287 92 193 88 123 148 26 47 148 8 7 49 11 246 242 214 28 8 224 270 42 115 190
split_gain=14.6535 19.1963 18.0211 19.0513 25.6569 23.5227 30.3367 23.8234 35.5107 22.9461 27.0768 21.7078 21.5268 32.8358 19.1187 18.1175 17.441 22.1765 17.0181 18.2131 16.8834 15.3585 14.7632 13.2969 12.9055 12.7934 13.377 18.1005 17.2779 17.1917
threshold=102.07450903875639 7.9437124554382352 1434.5000000000002 0.19149999693036082 0.15085000358521941 391.50000000000006 2929.5000000000005 1.0000000180025095e-35 5.493650197982789 -0.80127469776509919 0.19150000065565112 0.014362689860388812 2543.0000000000005 2.5918000936508183 -10.497172868237453 6736.5000000000009 -24.73464843258618 -47.615812688380835 9863.0000000000018 151.13372987087658 -0.19439728680339932 88.700075093391277 0.02599999308586121 529.50000000000011 -36.389620290742378 0.99999999998450106 60.407280260540652 17.733997025913833 11546.500000000002 -0.026850014925003048
decision_type=2 2 2 2 2 2 2 2 2 2 2 2 2 2 2 2 2 2 2 2 2 2 2 2 2 2 2 2 2 2
left_child=1 23 3 4 -2 16 7 12 -9 15 -11 14 13 -7 -12 -8 17 -5 19 -16 -20 -21 -6 25 -15 26 29 28 -28 -1
right_child=2 -3 -4 5 22 6 9 8 -10 10 11 -13 -14 24 18 -17 -18 -19 20 21 -22 -23 -24 -25 -26 -27 27 -29 -30 -31
leaf_value=-0.0018055942139418887 0.0045302352045897944 0.0050714560491582732 0.0052806254756775153 -0.0008612154289930347 -0.0052850416601111852 -0.00098251196752086414 0.010376326786360657 0.012868369713449634 -0.0013791441058365141 0.0067400438118500692 0.0024829630186718942 -0.0050869752549405397 -0.0072150020334750178 0.012431817760400673 -0.0050322978035134283 -0.0013528798654908318 8.8441906339157278e-05 -0.0034207692886290219 0.0037073270664323733 0.0041954486467502446 -0.00069459924121540123 -0.0043631899140213733 -0.001062009930805732 -0.00042638617019078427 0.00018145873379621982 0.0013693508983554671 0.009209938790883599 7.7789798804484564e-05 -9.7116144358108675e-05 -0.00010944388925523991
leaf_weight=188 60 172 136 115 78 194 118 240 85 70 119 203 70 84 150 125 62 180 60 70 61 90 229 2709 64 202 128 1365 77 1842
leaf_count=188 60 172 136 115 78 194 118 240 85 70 119 203 70 84 150 125 62 180 60 70 61 90 229 2709 64 202 128 1365 77 1842
internal_value=-0.00157202 -0.000696023 -0.00376499 -0.0044372 -0.0117608 -0.00316859 -0.00152931 0.00391509 0.0109242 -0.00529412 -0.00807367 -0.0100198 -0.00167866 0.00201729 -0.00630631 0.00409274 -0.0113122 -0.0148167 -0.0097133 -0.014 0.00138889 -0.00551515 -0.0158173 -0.00100445 0.014183 0.000330969 -0.00015534 0.00226667 0.0118333 -0.00202948
internal_weight=9346 6683 2663 2527 367 2160 1803 737 325 1066 823 753 412 342 550 243 357 295 431 310 121 160 307 6511 148 3802 3600 1570 205 2030
internal_count=9346 6683 2663 2527 367 2160 1803 737 325 1066 823 753 412 342 550 243 357 295 431 310 121 160 307 6511 148 3802 3600 1570 205 2030
is_linear=0
shrinkage=0.035


Tree=114
num_leaves=31
num_cat=0
split_feature=11 8 27 22 93 148 22 49 13 148 115 21 22 214 2 33 33 10 267 238 21 122 30 172 233 2 30 92 244 126
split_gain=12.2544 18.2516 21.5171 40.4966 38.4321 37.496 29.5536 27.7497 37.3554 27.6232 24.0962 21.1847 20.6928 17.0394 16.7172 20.8482 22.5475 17.9466 16.6189 16.5293 16.1549 13.88 13.5665 11.9572 12.151 28.5456 29.697 16.3545 54.3884 19.416
threshold=102.07450903875639 -240.18692615006691 6806.5000000000009 0.13255000114440921 13219.000000000002 391.50000000000006 0.37639999389648443 5600.0000000000009 87.182616434176325 169.50000000000003 8277.5000000000018 0.14475000649690631 0.30144999921321874 0.061250001192092902 663.40499877929699 0.49950000643730169 0.55015000700950634 182.91218049230423 7.9437124554382352 2.1505956800660369 0.1324499994516373 22.658893959947374 555.50000000000011 -0.62734646305987163 6807.8950195312509 682.32998657226574 681.50000000000011 5.979950189590455 0.0182500034570694 3445.5000000000005
decision_type=2 2 2 2 2 2 2 2 2 2 2 2 2 2 2 2 2 2 2 2 2 2 2 2 2 2 2 2 2 2
left_child=18 -2 5 -4 6 9 7 19 13 12 14 -8 21 20 15 17 -17 22 23 -5 -9 -3 -7 -1 27 -26 -27 -25 -29 -30
right_child=1 2 3 4 -6 10 11 8 -10 -11 -12 -13 -14 -15 -16 16 -18 -19 -20 -21 -22 -23 -24 24 25 26 -28 28 29 -31
leaf_value=0.0013457988384611833 -0.0079013194011551893 -0.00014541969812410018 0.010021481948565563 0.0058094209597255491 -0.0044266734420154831 0.023463048158682932 -0.0013540527387223562 -0.0001636677189566177 0.0010930167938616143 -0.0089047048918810493 0.0079907365762993381 0.017514380659824951 -0.0007680965260911147 -0.0038544910585550127 -0.0013690225498375586 -0.013389905061968374 0.0013340805042556078 -0.0034794489842451411 0.0048939550874377343 -0.0010825651064933393 -0.003458762832575069 0.00032415544731579374 0.0037206432518826498 -0.00011375198417263866 0.0082070699886040571 -0.0033692515108020042 0.0013087832022175045 -0.0039393142756490732 -0.0007923334995180723 0.0071810858406602578
leaf_weight=139 67 64 67 120 183 74 60 223 137 99 146 80 62 179 104 83 60 65 172 100 345 61 284 5274 141 120 118 393 158 168
leaf_count=139 67 64 67 120 183 74 60 223 137 99 146 80 62 179 104 83 60 65 172 100 345 61 284 5274 141 120 118 393 158 168
internal_value=-0.00149717 -0.00350262 -0.00301423 -0.00574383 -0.00701466 0.000695574 -0.00476381 -0.00669071 -0.00944882 -0.0101031 0.00451888 0.0101379 -0.00200521 -0.0125199 0.00165926 0.00404553 -0.00733108 0.00793224 -0.000696023 0.00435556 -0.00940663 0.00619231 0.0109917 -0.000982965 -0.00120746 0.00483073 -0.00259259 -0.00159303 -0.00652624 0.00401813
internal_weight=9346 2663 2596 1494 1427 1102 1244 1104 884 286 816 140 187 747 670 566 143 423 6683 220 568 125 358 6511 6372 379 238 5993 719 326
internal_count=9346 2663 2596 1494 1427 1102 1244 1104 884 286 816 140 187 747 670 566 143 423 6683 220 568 125 358 6511 6372 379 238 5993 719 326
is_linear=0
shrinkage=0.035


Tree=115
num_leaves=31
num_cat=0
split_feature=126 272 50 148 240 126 148 274 274 274 224 4 103 183 38 48 148 246 13 163 39 274 12 41 153 287 261 153 243 137
split_gain=12.2895 11.3366 12.2529 11.5117 24.2406 27.6591 27.2077 20.6269 22.1298 20.0317 24.6368 24.5039 19.7284 25.2275 20.6958 22.3659 18.2022 17.7435 21.3173 17.6903 17.5752 17.4375 17.4295 19.2087 24.6309 23.4096 18.603 17.0115 19.8072 21.8878
threshold=31768.500000000004 0.057249978184700019 270.50000000000006 7641.0000000000009 -1.0373025213228357 10491.500000000002 8108.5000000000009 0.15193043069874854 -0.59647177730773393 -0.017463531569550831 -0.77350368626835408 -18.411958623212993 5.3914000988006601 -0.16167405523891973 15448.500000000002 3.036949992179871 6461.0000000000009 -0.09948232152148416 33.123947584224972 0.032142645246242017 398.50000000000006 -0.23305791644266222 9.1223504218184761 664.50000000000011 -0.18620148713513132 1.0000000180025095e-35 554.82498168945324 -0.14497356324402261 9.8429713783868706 4644.5000000000009
decision_type=2 2 2 2 2 2 2 2 2 2 2 2 2 2 2 2 2 2 2 2 2 2 2 2 2 2 2 2 2 2
left_child=1 3 -3 7 9 6 -6 8 -1 11 -11 17 14 16 15 -10 -14 18 -5 -16 -20 -8 23 24 -17 26 -26 -15 29 -29
right_child=-2 2 -4 4 5 -7 21 -9 12 10 -12 -13 13 27 19 22 -18 -19 20 -21 -22 -23 -24 -25 25 -27 -28 28 -30 -31
leaf_value=-0.0010897993819579406 0.0075709978659375355 -0.00033920851727728987 -0.0057527415688425508 -0.0046855097706332491 -0.0041934320872434126 -0.0025961642148202221 0.0067321988818145476 -0.00025674687555854447 0.0067352687402598343 -0.00026127400887386245 0.0085208569869194527 -0.0047375726467549463 0.016899621003788327 -0.0011755758025092822 -0.0051910583260710618 0.013987490870346484 0.001378729419891183 0.0094444815274586733 -0.0016011192278062606 -0.00014796093994393856 0.0088938972980690222 -0.00074787561965933692 -0.0016988837397092056 -0.0026089623236552765 -0.0018914307642578447 0.0051850509233827445 0.0044545784981277325 -0.00085201602927253159 0.012616369443413393 0.0019853340313767016
leaf_weight=402 64 60 69 60 81 381 112 4954 360 139 143 77 98 109 74 72 68 90 165 103 116 128 231 107 292 158 125 169 89 250
leaf_count=402 64 60 69 60 81 381 112 4954 360 139 143 77 98 109 74 72 68 90 165 103 116 128 231 107 292 158 125 169 89 250
internal_value=-0.0015346 -0.00164316 -0.0117537 -0.00149432 -0.00430194 -0.0090099 -0.00139571 -0.000945082 0.00150996 -8.80503e-05 0.00731707 -0.00423002 0.00283333 0.00732868 0.000504257 0.0019963 0.0192398 -0.000883028 -0.00455202 -0.0105769 -0.000367133 0.00457143 -0.000742424 0.00184453 0.00413344 0.00162931 -0.00273697 0.00399518 0.00668616 0.00338443
internal_weight=9346 9282 129 9153 1492 702 321 7661 2707 790 282 508 2305 783 1522 1345 166 431 341 177 281 240 985 754 647 575 417 617 508 419
internal_count=9346 9282 129 9153 1492 702 321 7661 2707 790 282 508 2305 783 1522 1345 166 431 341 177 281 240 985 754 647 575 417 617 508 419
is_linear=0
shrinkage=0.035


Tree=116
num_leaves=31
num_cat=0
split_feature=11 93 93 93 189 91 8 148 183 193 219 193 183 148 155 5 113 78 33 148 126 71 149 33 68 153 270 102 270 93
split_gain=13.3953 17.9638 16.2689 31.8248 16.439 17.9886 15.0907 22.6586 54.6003 22.5378 22.3054 18.569 16.8513 24.9128 20.1466 19.9566 17.8018 15.0837 14.5016 13.0952 20.7791 18.5413 13.4005 12.9681 14.124 18.8746 16.7452 18.4449 16.3459 24.8874
threshold=98.87257326918693 18801.500000000004 15861.000000000002 14017.000000000002 14.865073712083309 -2.2108270889397326 -39.665367995603681 391.50000000000006 0.64858315667543265 0.64546238718823423 -26.6967310085581 0.93386591478686609 0.073841431104765029 6736.5000000000009 0.05887374354271855 75.659563076914495 -1.639626988735948 26.00150877338535 0.60500001907348644 1562.5000000000002 1427.5000000000002 5312.0000000000009 14.500000000000002 0.54100000858306896 0.011236299157053108 -0.66643230111287399 117.74326709744372 -3.4848952085875777 69.397454840471326 15586.500000000002
decision_type=2 2 2 2 2 2 2 2 2 2 2 2 2 2 2 2 2 2 2 2 2 2 2 2 2 2 2 2 2 2
left_child=17 2 3 4 -2 6 7 11 9 10 12 -6 13 15 -14 16 -9 18 23 20 22 -21 -8 24 -1 -26 28 -28 -27 -30
right_child=1 -3 -4 -5 5 -7 19 8 -10 -11 -12 -13 14 -15 -16 -17 -18 -19 -20 21 -22 -23 -24 -25 25 26 27 -29 29 -31
leaf_value=-0.0010261364807677476 -0.012515066494868275 -0.0035553043670076595 0.0050626367414476348 -0.004811937797532655 -0.0039847783289811596 -0.0045924035197264781 0.00030300930881489057 -0.0058994844093524026 0.016423863174492268 0.020549608284875669 0.0010526880216784587 -2.8924472667127836e-05 -0.0021328873235114182 -0.0026389417891224602 0.0029435269195657631 0.007846456357107668 0.0082233476401032488 0.0048368502416935126 -0.0060252241830606682 0.00018007353653587635 0.0041791708533460625 -0.0033532201525593489 -0.00059519533953054211 0.0032586296974296842 0.007379325570961136 -0.00011755141119994401 -0.0039449725606037775 0.0008752485459582386 0.0039596929848945174 -0.00049105637059167044
leaf_weight=516 62 99 104 102 119 154 89 91 153 74 163 153 368 220 81 170 62 151 71 83 67 163 230 91 86 4738 170 60 541 115
leaf_count=516 62 99 104 102 119 154 89 91 153 74 163 153 368 220 81 170 62 151 71 83 67 163 230 91 86 4738 170 60 541 115
internal_value=-0.00152711 -0.0035473 -0.002993 -0.00354159 -0.00273634 -0.00226176 -0.00146661 0.000295359 0.00211968 -0.00036872 -0.00159914 -0.00884477 -0.00358074 0.000574818 -0.00855727 0.00672256 -0.00243671 -0.000657855 -0.000919756 -0.00604396 -0.00196931 -0.0122709 -0.00572531 -0.000736318 -0.000932435 -0.000428696 -0.000683958 -0.00982979 -0.000285238 0.00487141
internal_weight=9346 2807 2708 2604 2502 2440 2286 1654 1382 1229 1155 272 992 543 449 323 153 6539 6388 632 386 246 319 6317 6226 5710 5624 230 5394 656
internal_count=9346 2807 2708 2604 2502 2440 2286 1654 1382 1229 1155 272 992 543 449 323 153 6539 6388 632 386 246 319 6317 6226 5710 5624 230 5394 656
is_linear=0
shrinkage=0.035


Tree=117
num_leaves=31
num_cat=0
split_feature=13 270 71 270 270 5 242 71 107 129 22 13 242 115 77 33 71 242 157 33 222 189 104 11 126 210 9 147 195 115
split_gain=12.032 20.8046 28.785 20.2335 30.5914 34.9428 25.163 19.7043 18.2529 22.3645 21.5191 23.538 23.8629 24.3102 22.4329 21.0548 20.952 25.6903 20.9691 20.8036 19.5122 19.1333 24.2517 22.3252 22.0354 18.8269 17.5226 21.0244 16.6711 16.5284
threshold=116.96913404868909 129.52264535446056 11845.000000000002 111.21465685037889 103.18580589662896 87.394401793971909 99.898957362647948 7576.5000000000009 591.50000000000011 586.50000000000011 0.18474999815225604 75.272308801806375 24.967819767135367 12025.500000000002 0.31794999539852148 0.25020000338554388 10097.000000000002 51.036400241869224 0.030309475190106121 0.2726499885320664 10.548077301245444 15.9018349190597 4279.5000000000009 90.18491217338503 6571.5000000000009 -0.14841977100546741 154.84998736222227 3.7215000391006474 0.012618838327924773 6265.5000000000009
decision_type=2 2 2 2 2 2 2 2 2 2 2 2 2 2 2 2 2 2 2 2 2 2 2 2 2 2 2 2 2 2
left_child=1 3 -3 4 5 8 29 -7 9 15 -10 12 20 14 16 -1 17 18 -14 -11 -12 -17 -23 24 -24 -25 27 -6 -9 -5
right_child=-2 2 -4 6 26 7 -8 28 10 19 11 -13 13 -15 -16 21 -18 -19 -20 -21 -22 22 23 25 -26 -27 -28 -29 -30 -31
leaf_value=-0.0021375067147016216 -0.0012780161527367957 0.0072638015760117108 -0.0015492074198408159 -0.0039056214924474246 0.0083429134485824112 -0.0057330937914189225 0.0061000886229147511 0.00039355371863828039 -7.8104498692128658e-05 0.006448317198465869 0.00080605980312006668 0.012780875082385245 -0.0023904621606863742 -0.0040696846037174472 -0.0043482894144215431 -0.0013370605807709677 -0.0024448252225547865 0.00397824295070853 0.00075524886662125482 -0.00020449175223034356 -0.00076151612350744305 0.0090101975507389416 -0.00019205996811282852 0.0050517658880817355 0.011039389278594982 -0.0030270190071241278 -0.00039151206548092071 -0.00049730065894753998 -0.0018412423180342234 -0.00053282230917659553
leaf_weight=104 321 231 60 289 247 216 95 73 4448 164 180 67 260 126 175 192 239 229 108 80 107 281 171 68 123 210 83 86 64 249
leaf_count=104 321 231 60 289 247 216 95 73 4448 164 180 67 260 126 175 192 239 229 108 80 107 281 171 68 123 210 83 86 64 249
internal_value=-0.00144477 -0.00120543 0.0079223 -0.0015139 -0.00104059 -0.00154291 -0.00751567 -0.0122207 -0.00102085 0.00257868 -0.00186659 -0.00549799 -0.00646606 -0.00873468 -0.00685531 0.000515598 -0.00441141 -0.000872093 -0.00656836 0.0120884 0.00251712 0.00203333 0.00428322 0.000121317 0.0067893 -0.0069258 0.00814727 0.0117012 -0.00172535 -0.010442
internal_weight=9346 9025 291 8734 8101 7685 633 353 7332 1393 5939 1491 1424 1137 1011 1149 836 597 368 244 287 1045 853 572 294 278 416 333 137 538
internal_count=9346 9025 291 8734 8101 7685 633 353 7332 1393 5939 1491 1424 1137 1011 1149 836 597 368 244 287 1045 853 572 294 278 416 333 137 538
is_linear=0
shrinkage=0.035


Tree=118
num_leaves=31
num_cat=0
split_feature=11 8 27 22 270 38 104 137 148 148 67 115 104 240 41 33 33 140 9 231 211 193 256 115 133 35 71 256 50 206
split_gain=12.0714 18.3634 21.6292 31.655 31.8546 33.2683 35.3618 27.738 27.0806 26.3718 26.2518 22.5412 19.6264 18.3357 17.1492 17.9494 21.2674 18.5263 23.3726 15.4861 13.1315 13.0021 13.6866 16.6671 14.6793 14.2173 15.6765 17.9184 12.8623 19.3889
threshold=102.07450903875639 -240.18692615006691 6806.5000000000009 0.13255000114440921 89.90054168960566 5309.5000000000009 6482.0000000000009 4411.0000000000009 391.50000000000006 169.50000000000003 9.2048584116225367 8277.5000000000018 2500.0000000000005 -0.5712145330649675 665.50000000000011 0.49950000643730169 0.55015000700950634 557.50000000000011 128.17806207570581 11.954475143204359 -0.16100232303593168 -0.92368040082499581 95.815535325522845 1417.5000000000002 101.05345550750528 0.026786222471118282 7641.0000000000009 43.240383682461278 1723.5000000000002 0.23038957315173561
decision_type=2 2 2 2 2 2 2 2 2 2 2 2 2 2 2 2 2 2 2 2 2 2 2 2 2 2 2 2 2 2
left_child=21 -2 8 -4 5 -5 10 -6 9 -3 -7 14 13 -9 15 17 -17 -10 -19 -14 -8 -1 24 -24 25 26 27 -23 -27 -30
right_child=1 2 3 4 7 6 20 12 11 -11 -12 -13 19 -15 -16 16 -18 18 -20 -21 -22 22 23 -25 -26 28 -28 -29 29 -31
leaf_value=0.001076138497457443 -0.0071038723510800511 -2.5178458669553041e-05 0.0097032817153481117 -0.0047220547380555245 0.0076505074743717207 -0.001371206080689381 -0.0016913005270341661 0.0082434574186810682 0.022298807035535675 -0.0082928978129617487 0.0032773148218073122 0.0076626025280434554 -0.0047494108964756072 -0.00063749901395204625 -0.0013074619068605662 -0.012954109436813783 0.0010219708492837131 0.0056389306886077926 -0.0038889156682075138 -0.00022614442666282178 -0.0032593688574608444 -0.0075048154764032655 0.0016800375420464322 -0.0039908267913019678 0.0026804802817637073 2.8718514802223984e-05 0.00014699185582251362 -0.0015137429673891124 -0.00026664979524885683 -0.0021552356500718012
leaf_weight=221 67 187 67 365 215 112 110 65 66 99 164 146 91 138 106 83 60 261 94 64 103 79 65 111 127 4797 204 144 784 151
leaf_count=221 67 187 67 365 215 112 110 65 66 99 164 146 91 138 106 83 60 261 94 64 103 79 65 111 127 4797 204 144 784 151
internal_value=-0.00145974 -0.00345015 -0.0029604 -0.00569713 -0.00681913 -0.0110827 -0.00503036 -0.000423875 0.000758808 -0.00841924 0.00323843 0.00400731 -0.00636364 0.000841346 0.00124444 0.00369069 -0.00685811 0.00731221 0.00398611 -0.0155312 -0.0155734 -0.000664623 -0.000952528 -0.010442 -0.000678747 -0.000925535 -0.00704861 -0.0133553 -0.000463657 -0.00420745
internal_weight=9346 2663 2596 1494 1427 854 489 573 1102 286 276 816 358 203 670 564 143 421 355 155 213 6683 6462 176 6286 6159 427 223 5732 935
internal_count=9346 2663 2596 1494 1427 854 489 573 1102 286 276 816 358 203 670 564 143 421 355 155 213 6683 6462 176 6286 6159 427 223 5732 935
is_linear=0
shrinkage=0.035


Tree=119
num_leaves=31
num_cat=0
split_feature=13 270 115 270 242 270 5 104 104 148 27 148 152 107 22 157 11 30 99 213 104 49 104 9 213 146 20 27 27 270
split_gain=12.1966 18.5036 28.8846 17.0981 23.5182 23.1801 29.3805 21.7833 20.4212 19.1208 19.4989 18.643 16.4563 15.5396 20.1934 21.9912 21.5173 19.8297 21.2022 22.1051 22.9456 26.717 28.3066 25.4389 18.5227 18.8265 17.9618 17.9475 16.7669 16.2597
threshold=116.96913404868909 129.52264535446056 1094.5000000000002 111.21465685037889 99.898957362647948 103.18580589662896 87.394401793971909 13283.500000000002 931.00000000000011 4216.0000000000009 5618.5000000000009 3083.5000000000005 -0.56332672262591243 591.50000000000011 0.18474999815225604 0.03436475209425803 23.284621541734229 586.50000000000011 0.20854999870061877 10.683580468159844 4279.5000000000009 13222.000000000002 4692.5000000000009 67.367097337245823 11.221208596642336 -1.1195561610408584 32.613583512458582 9577.5000000000018 23187.500000000004 38.025436525014207
decision_type=2 2 2 2 2 2 2 2 2 2 2 2 2 2 2 2 2 2 2 2 2 2 2 2 2 2 2 2 2 2
left_child=1 3 -3 5 -5 6 12 8 -7 -10 -11 -8 -1 17 26 16 27 18 -14 -20 24 22 -22 -24 25 -21 28 -16 -15 -18
right_child=-2 2 -4 4 -6 7 11 -9 9 10 -12 -13 13 14 15 -17 29 -19 19 20 21 -23 23 -25 -26 -27 -28 -29 -30 -31
leaf_value=0.00055326538104614499 -0.0012434904521574986 0.02131875639182633 4.6045497042294662e-05 -0.0025769567171153576 0.006022697569499998 -0.00033675875696101534 -0.00066627312079438458 -0.00044148987306630506 0.02364984923526214 -0.0012645459947415909 0.009608883953382219 -0.005488334781001615 -0.001084326326445121 -0.00025134877328705785 -0.0010612060207823798 0.00020128798245831056 1.1536262659384845e-05 0.004417787776611691 -0.0018061164985383115 0.014101893978906613 -0.0048712937905981126 -0.0037901546245824019 0.0064235210995572155 -0.0031848602529231727 0.016785321321666949 -7.272727517693645e-05 0.00026707816584203766 0.0021588894763250087 -0.0049501980362555075 -0.0024236296957468682
leaf_weight=678 321 67 224 538 95 65 231 76 112 74 89 122 95 2371 93 350 124 156 86 77 68 63 325 159 64 155 1540 114 124 690
leaf_count=678 321 67 224 538 95 65 231 76 112 74 89 122 95 2371 93 350 124 156 86 77 68 63 325 159 64 155 1540 114 124 690
internal_value=-0.00139985 -0.00115891 0.00744932 -0.00144982 -0.00696708 -0.00101468 -0.00145189 0.00698337 0.0107536 0.014875 0.006875 -0.011243 -0.00097315 -0.00150323 -0.00231565 -0.00597747 -0.00856238 0.00201117 0.000319052 0.0018513 0.00347707 -0.000395161 0.00213645 0.00515337 0.0113953 0.00649789 -0.00106559 0.00148585 -0.002898 -0.0111111
internal_weight=9346 9025 291 8734 633 8101 7685 416 340 275 163 353 7332 6654 5406 1371 1021 1248 1092 997 911 615 552 484 296 232 4035 207 2495 814
internal_count=9346 9025 291 8734 633 8101 7685 416 340 275 163 353 7332 6654 5406 1371 1021 1248 1092 997 911 615 552 484 296 232 4035 207 2495 814
is_linear=0
shrinkage=0.035


Tree=120
num_leaves=31
num_cat=0
split_feature=11 28 153 177 19 22 159 13 104 41 148 148 2 59 193 17 38 6 213 126 223 216 82 211 36 68 272 153 173 115
split_gain=11.9544 19.8974 19.2829 18.8349 20.2312 24.0186 19.062 18.6768 25.7907 20.5244 18.1915 16.9787 16.2935 15.9002 14.8635 16.811 14.9844 13.8867 13.6139 13.5352 13.5016 13.3413 14.0711 13.1545 15.1301 13.1337 19.0082 15.2529 17.8577 12.809
threshold=98.87257326918693 1434.5000000000002 0.48879603093178897 -0.0022096108701728664 547.50000000000011 0.37639999389648443 16.131087632836678 47.279619519851714 2565.5000000000005 603.50000000000011 2912.0000000000005 391.50000000000006 663.66497802734386 4.5827000141143808 -0.054963770164261079 4.9309126645846755 8767.0000000000018 -24.247078528692025 11.012198662270475 816.00000000000011 17.946697510678771 94.633039117996859 4271.5000000000009 0.51543182665927156 -10.695021717831869 0.011236299157053108 0.0077999904751777658 -0.66643230111287399 -0.56918217777733549 4279.5000000000009
decision_type=2 2 2 2 2 2 2 2 2 2 2 2 2 2 2 2 2 2 2 2 2 2 2 2 2 2 2 2 2 2
left_child=21 2 3 6 -5 10 12 -4 9 19 11 -6 -2 -8 15 16 -12 -13 -7 20 -9 25 -23 24 -19 26 -1 -27 -29 -30
right_child=1 -3 7 4 5 18 13 8 -10 -11 14 17 -14 -15 -16 -17 -18 23 -20 -21 -22 22 -24 -25 -26 27 -28 28 29 -31
leaf_value=0.00064670905812178384 4.3452335896650985e-05 0.0050768552167901162 -0.0046848879877113706 -0.0087069987133369681 -0.00078999967913656827 0.00038731906809772761 -0.0043128319822204582 -0.00044299524609650316 -0.0036033779951724367 0.0004227169675241616 0.01217104200919604 -0.0011963157122498278 -0.0024499621021523408 0.00047349556559706576 -0.003060463908098577 -0.0024022857103037296 -0.0011909866939445702 0.0012695559954118058 0.017623906963876595 0.00066908753428549916 -0.0092270740925242071 -0.00044200356617838998 0.007976411962527085 -0.0015511847203875447 0.0080577049298948804 0.006792925234342927 -0.0021121940739620869 -0.0018716418766091755 0.00071935405785903414 -9.8454840483657718e-05
leaf_weight=107 474 145 87 70 97 78 322 135 102 170 70 86 65 60 97 158 60 115 96 71 74 88 112 60 115 86 471 227 747 4701
leaf_count=107 474 145 87 70 97 78 322 135 102 170 70 86 65 60 97 158 60 115 96 71 74 88 112 60 115 86 471 227 747 4701
internal_value=-0.00141482 -0.00332326 -0.00401575 -0.00232988 0.000758808 0.00202507 -0.00600972 -0.00929348 -0.00678636 -0.00307692 -0.000405562 0.00417364 -0.00173713 -0.011938 -0.00601282 -0.00191126 0.00725926 0.00753281 0.0136872 -0.00884211 -0.0132477 -0.000593674 0.00819512 0.0111525 0.0148936 -0.000877207 -0.00588336 -0.000370274 -0.000597711 -0.000192555
internal_weight=9346 2807 2662 2023 1102 1032 921 639 552 450 858 473 539 382 385 288 130 376 174 280 209 6539 200 290 230 6339 578 5761 5675 5448
internal_count=9346 2807 2662 2023 1102 1032 921 639 552 450 858 473 539 382 385 288 130 376 174 280 209 6539 200 290 230 6339 578 5761 5675 5448
is_linear=0
shrinkage=0.035


Tree=121
num_leaves=31
num_cat=0
split_feature=11 93 8 193 137 153 174 220 124 242 93 122 93 148 93 38 148 17 50 38 244 71 78 49 27 4 211 27 270 89
split_gain=11.5521 18.6024 15.6546 15.0862 22.3896 17.096 28.4888 20.7448 22.8489 18.1691 21.2341 21.5883 20.8852 17.6205 15.8342 17.906 15.2671 17.8731 14.8696 14.0953 14.0783 13.2058 12.5614 13.4586 21.0548 40.7563 43.1284 38.1269 32.9038 24.1683
threshold=98.87257326918693 18801.500000000004 -240.18692615006691 -0.80127469776509919 1045.5000000000002 0.30656707851294657 -0.028571434479087207 85.423226767179727 -2.5905042364673481 56.157346734455793 9933.5000000000018 27.517770935605306 8177.0000000000009 2645.0000000000005 9449.5000000000018 6388.5000000000009 6736.5000000000009 1.3623518414873639 339.50000000000006 8544.5000000000018 0.017200015485286716 4696.5000000000009 26.00150877338535 7042.0000000000009 7446.5000000000009 -13.304908037635107 0.11370313238992343 7943.0000000000009 44.471568590651138 11.370629186842981
decision_type=2 2 2 2 2 2 2 2 2 2 2 2 2 2 2 2 2 2 2 2 2 2 2 2 2 2 2 2 2 2
left_child=22 2 -2 16 -5 6 13 8 -7 -9 11 12 -11 14 15 -6 -4 -18 -8 -20 -10 -13 23 -1 25 26 -25 -26 29 -27
right_child=1 -3 3 4 5 7 18 9 20 10 -12 21 -14 -15 -16 -17 17 -19 19 -21 -22 -23 -24 24 27 28 -28 -29 -30 -31
leaf_value=-0.00041792888208617518 -0.0059692454510116089 -0.0033140847481678754 0.010602405771305803 -0.0048314338121473958 0.00060595026098584726 -0.0032366155079991792 0.0057264057828538394 0.00098519898358685135 0.00021008933263754723 -0.00027950083530444483 -0.0051653170604830821 0.00074574896371804955 0.0092036011795295827 -0.0028160149009864108 0.0046834843566538409 -0.0023642134285770098 0.0064308530378861225 -0.0032103196496411426 -0.00013546035309425664 0.0045839643291719001 -0.0011428250385189093 -0.0034420679937791632 0.004321344945232548 0.007575484650614272 -0.0017989910700649207 0.0049630619050235426 -0.002110203644588918 -1.2180951199802782e-05 0.0091918057241781453 -0.0016448783654189228
leaf_weight=1554 78 99 103 196 150 118 156 96 102 123 80 74 97 229 119 143 60 73 200 122 215 174 151 118 222 79 179 3966 189 81
leaf_count=1554 78 99 103 196 150 118 156 96 102 123 80 74 97 229 119 143 60 73 200 122 215 174 151 118 222 79 179 3966 189 81
internal_value=-0.00142231 -0.00329836 -0.00273498 -0.00225806 -0.00309296 -0.00206537 0.000965302 -0.00519834 -0.0110568 -0.00118644 -0.00367089 -0.000739958 0.00715556 -0.00384675 0.000503597 -0.00387584 0.00609959 -0.00177536 0.0073913 0.00299694 -0.00597826 -0.00774704 -0.000615067 -0.000854059 5.78632e-05 0.00591398 -0.00359272 -0.000851419 0.0139407 0.00212121
internal_weight=9346 2807 2708 2630 2394 2198 1119 1079 435 644 548 468 220 641 412 293 236 133 478 322 317 248 6539 6388 4834 646 297 4188 349 160
internal_count=9346 2807 2708 2630 2394 2198 1119 1079 435 644 548 468 220 641 412 293 236 133 478 322 317 248 6539 6388 4834 646 297 4188 349 160
is_linear=0
shrinkage=0.035


Tree=122
num_leaves=31
num_cat=0
split_feature=115 270 13 246 38 153 93 60 82 60 34 246 163 203 7 93 10 82 213 137 148 246 148 25 174 104 115 137 201 244
split_gain=19.4192 16.8043 11.0888 14.6165 27.6493 15.464 22.9686 14.4213 20.8146 13.827 14.0426 13.3667 12.2686 18.1555 16.3433 30.8861 20.3912 18.2185 17.5608 17.2771 16.2698 23.6648 20.1853 35.3074 22.1388 19.9748 27.8749 33.8971 22.8568 24.7763
threshold=25649.000000000004 65.042457194381043 116.96913404868909 -0.83486571031043411 3560.0000000000005 -0.73167010189016812 1593.5000000000002 6651.5000000000009 1608.5000000000002 7633.0000000000009 6.047889014707633 -0.67520440088454636 -0.46811482372478458 -0.77555354866471859 -84.947108225987208 9329.0000000000018 46.506822562407898 10009.500000000002 11.036219397389639 1732.0000000000002 7292.5000000000009 -0.38595078846399072 9143.5000000000018 -15.103929442919167 -0.10539472821536827 8476.5000000000018 14660.500000000002 16036.000000000002 0.29097500070929533 0.015850000083446506
decision_type=2 2 2 2 2 2 2 2 2 2 2 2 2 2 2 2 2 2 2 2 2 2 2 2 2 2 2 2 2 2
left_child=2 -2 3 4 -1 -5 9 8 -4 11 -11 -7 13 -8 15 16 18 -17 -14 -18 25 -22 23 -23 -24 -16 28 -28 29 -27
right_child=1 -3 7 5 -6 6 12 -9 -10 10 -12 -13 14 -15 20 17 19 -19 -20 -21 21 22 24 -25 -26 26 27 -29 -30 -31
leaf_value=-0.0028298924067971902 -0.00037763971319062649 -0.0017395022669280842 -0.012459867902979097 0.0066221135149233095 0.0071327983355636403 -0.00059637718066125336 0.00061499662246238213 -0.0037398622735348185 0.0015392274088584987 0.0029438949292261997 -0.0035773642908740904 -0.0046799124964044926 0.0003160104066592476 -0.0038173530214816007 -0.00020084580644322186 -0.0027047467503212527 0.0076435125882779427 0.00057351614562131702 0.0099605668628733116 -0.0037721974451321093 -0.0027144695462978045 0.016184487418852551 -0.001693107139941243 -0.0020404445803249471 0.0048272688162320819 0.00023028010254798879 -0.0032930990538749859 0.0012060162607567782 -0.0013704176231555142 0.0097545225820233079
leaf_weight=63 68 65 62 74 177 119 63 87 144 106 63 138 166 164 5116 155 108 125 316 139 236 60 123 234 260 314 146 69 107 279
leaf_count=63 68 65 62 74 177 119 63 87 144 106 63 138 166 164 5116 155 108 125 316 139 236 60 123 234 260 314 146 69 107 279
internal_value=-0.00142231 -0.0144565 -0.0012264 -0.00100392 0.00742857 -0.00124122 -0.00138195 -0.00786913 -0.00265403 -0.00925754 -0.00140805 -0.0142939 -0.000966402 -0.00890086 -0.000734481 0.00341716 0.00720027 -0.00638596 0.0113552 -0.000972222 -0.00133976 -0.00568083 -0.00230938 -0.00913043 0.0029768 -0.000678429 0.00407065 -0.00684091 0.00744681 0.0101254
internal_weight=9346 133 9213 8920 240 8680 8606 293 206 426 169 257 8180 227 7953 1009 729 280 482 247 6944 913 677 294 383 6031 915 215 700 593
internal_count=9346 133 9213 8920 240 8680 8606 293 206 426 169 257 8180 227 7953 1009 729 280 482 247 6944 913 677 294 383 6031 915 215 700 593
is_linear=0
shrinkage=0.035


Tree=123
num_leaves=31
num_cat=0
split_feature=115 270 193 93 100 27 91 82 242 33 129 193 126 126 9 115 49 27 27 114 115 7 6 104 43 144 215 27 17 123
split_gain=15.2074 12.9285 11.4223 18.8948 18.0208 17.9019 23.8201 20.1235 31.31 30.4548 17.5306 17.621 15.1096 21.8687 20.4074 17.3935 17.2632 18.5794 26.5094 17.8603 17.6288 17.6942 17.619 23.0188 19.4321 17.1901 16.3637 16.1242 15.9783 15.966
threshold=25649.000000000004 65.042457194381043 -0.94763260511140979 2287.5000000000005 31.932194503269368 10394.500000000002 -3.512309811048167 12448.500000000002 83.521393376106388 0.31024999916553503 523.50000000000011 -0.80127469776509919 12507.000000000002 11791.000000000002 -9.0161476313894244 3334.0000000000005 23624.000000000004 13134.500000000002 13428.500000000002 3.2821000814437871 20437.000000000004 -16.731566734758328 -33.199647380588353 5802.0000000000009 0.24575000256299975 34.651923743115638 -0.047400001436471932 12997.500000000002 0.62107930148713753 0.014002381127162213
decision_type=2 2 2 2 2 2 2 2 2 2 2 2 2 2 2 2 2 2 2 2 2 2 2 2 2 2 2 2 2 2
left_child=2 -2 4 5 -1 6 7 8 9 -4 -5 -12 13 14 15 -13 17 27 -19 26 21 22 23 24 -21 -18 -20 -16 -24 -14
right_child=1 -3 3 10 -6 -7 -8 -9 -10 -11 11 12 29 -15 16 -17 25 18 19 20 -22 -23 28 -25 -26 -27 -28 -29 -30 -31
leaf_value=0.0060926624724123059 -0.00036442232322895536 -0.001678619687585601 0.0010713784359626679 0.011017927932938616 -0.00068455898017815049 -0.0052445820080272015 -0.0018298067306874494 -0.0047702638727343634 0.011221613830628597 -0.0037325552377009338 0.011469718903433724 -0.00012463126058713888 -6.7195030267792338e-05 0.0054229816593289043 -0.00026877814714245778 0.010719979054917016 -0.0042686122120968008 0.0086034883250231068 -0.00030856087156621751 0.0117261050242423 0.0069567495714439702 -0.0013806983044270277 0.0026674451428263563 -0.004704662578684164 -0.00074688766287901828 2.8011810460875366e-05 0.011308462775820639 -0.0015979537442444699 -9.3899756280506078e-05 -0.0012402769495426997
leaf_weight=107 68 65 109 60 124 114 388 66 127 137 70 154 270 109 4909 225 85 131 61 73 68 310 377 189 70 72 83 72 428 225
leaf_count=107 68 65 109 60 124 114 388 66 127 137 70 154 270 109 4909 225 85 131 61 73 68 310 377 189 70 72 83 72 428 225
internal_value=-0.00139985 -0.0129348 -0.0012264 -0.00142539 0.00637712 -0.00610465 -0.0042488 0.00134009 0.00453704 -0.00278884 -0.000874348 -0.00102116 -0.00118052 -0.000782913 -0.00101956 0.00683594 -0.00145392 -0.00118285 0.00187187 0.000652043 -0.000483553 -0.00132576 0.000704904 -0.00602374 0.00449324 -0.0127469 0.0122148 -0.00228139 0.0035 -0.00707
internal_weight=9346 133 9213 8982 231 941 827 439 373 246 8041 7981 7911 7416 7307 379 6928 6771 1790 1659 1515 1447 1137 332 143 157 144 4981 805 495
internal_count=9346 133 9213 8982 231 941 827 439 373 246 8041 7981 7911 7416 7307 379 6928 6771 1790 1659 1515 1447 1137 332 143 157 144 4981 805 495
is_linear=0
shrinkage=0.035


Tree=124
num_leaves=31
num_cat=0
split_feature=256 246 38 153 274 69 126 27 60 192 203 254 246 126 126 49 47 144 242 173 173 274 26 115 135 71 173 266 27 115
split_gain=14.3442 14.3721 26.8556 14.137 19.2249 16.4362 20.327 13.0621 17.1671 14.9182 12.6383 30.7366 28.0693 23.566 24.5854 19.9612 18.7855 16.8748 16.3124 19.3645 35.2032 26.7239 20.4701 19.6307 35.4622 25.57 19.7523 18.8819 22.4213 20.4164
threshold=116.96913404868909 -0.83486571031043411 3560.0000000000005 -0.73167010189016812 -0.55628197387216372 -4.1847385215225801 6958.5000000000009 4513.5000000000009 8296.5000000000018 -0.077563513927020891 -0.49940467258973059 -0.5006391676609655 -0.3461847187373952 12507.000000000002 11791.000000000002 23624.000000000004 -5.5500001152731331 34.651923743115638 14.139565020919457 0.44591921594037348 0.46081721153271443 0.32013490858016375 3.610299944877625 15547.500000000002 -1.202561389733086 18617.000000000004 0.42145062720768789 2.9589912595895389 6336.0000000000009 10416.500000000002
decision_type=2 2 2 2 2 2 2 2 2 2 2 2 2 2 2 2 2 2 2 2 2 2 2 2 2 2 2 2 2 2
left_child=1 2 -1 -3 5 6 -5 8 9 -2 11 12 16 14 15 18 -6 -17 -12 23 -21 -22 -23 25 -25 26 27 29 -29 -20
right_child=7 3 -4 4 10 -7 -8 -9 -10 -11 13 -13 -14 -15 -16 17 -18 -19 19 20 21 22 -24 24 -26 -27 -28 28 -30 -31
leaf_value=-0.0026668029369852275 -0.00085315628409599878 0.0064036120370586785 0.0068456521485602204 -0.0035469654311973144 -0.00036284645479044256 -0.0055826651375241966 0.0005008114808451753 -0.0043762355665443791 -0.0031079970987372353 0.0050085363755702078 0.0048539753968676125 -0.00081920892164348894 0.0094104405133731989 -0.0011440496088897824 0.0067915780200728647 -0.0039509121813893558 0.0071354366521740771 7.036484539393207e-05 -0.0010751407228223513 0.0074641405511633009 0.0015955979562359401 -2.7938942501768429e-05 -0.0012320266388060881 0.00031278751313004786 -0.0039534476438065893 0.011818643158436207 -0.0024291361133683045 0.0067943608265835049 -0.00015499748096591383 0.00020361407891958909
leaf_weight=63 88 74 177 150 283 107 181 98 67 68 85 457 282 375 70 91 76 61 1572 89 550 1748 219 135 217 76 209 209 907 562
leaf_count=63 88 74 177 150 283 107 181 98 67 68 85 457 282 375 70 91 76 61 1572 89 550 1748 219 135 217 76 209 209 907 562
internal_value=-0.00148219 -0.00122093 0.00714286 -0.00145336 -0.00158616 -0.00869074 -0.0046875 -0.00869632 -0.00383772 0.0026087 -0.001205 0.00228468 0.00720588 -0.00174025 -0.00126525 -0.00148627 0.000673077 -0.0138217 -0.00119095 -0.00139504 0.000938338 0.000152657 -0.0017571 -0.00295863 -0.0107843 -0.00216525 -0.00261692 -0.00193548 0.00174844 -0.00386162
internal_weight=9346 9025 240 8785 8711 438 331 321 223 156 8273 1098 641 7175 6800 6730 359 152 6578 6493 2606 2517 1967 3887 352 3535 3459 3250 1116 2134
internal_count=9346 9025 240 8785 8711 438 331 321 223 156 8273 1098 641 7175 6800 6730 359 152 6578 6493 2606 2517 1967 3887 352 3535 3459 3250 1116 2134
is_linear=0
shrinkage=0.035


Tree=125
num_leaves=31
num_cat=0
split_feature=30 2 271 158 193 206 71 71 211 71 218 49 38 126 104 19 233 261 71 41 242 274 222 7 232 160 211 274 148 49
split_gain=12.2147 26.2378 13.2736 15.3438 13.4764 13.4155 13.3387 32.8839 28.4281 19.5828 52.6421 16.0396 30.757 17.6798 21.7306 19.2091 14.9642 19.2079 19.0149 18.948 15.7831 23.1048 17.2836 16.8499 15.4181 26.6415 18.3386 18.0891 17.679 16.9174
threshold=681.50000000000011 683.05499267578136 17.009363538743468 0.016049996018409732 -0.96438248944394667 0.047734310398609654 6926.0000000000009 6492.5000000000009 0.76426392154693368 7184.5000000000009 12.773572643978151 8956.0000000000018 7814.5000000000009 5863.5000000000009 9713.5000000000018 575.50000000000011 6767.1599121093759 609.52001953125011 14489.000000000002 683.50000000000011 94.193137155157345 0.14754421862855083 29.318087723205604 -54.12184203318769 7.3646670260685285 0.01760000362992287 0.055516367649414193 -0.29177131695583941 8715.5000000000018 22540.000000000004
decision_type=2 2 2 2 2 2 2 2 2 2 2 2 2 2 2 2 2 2 2 2 2 2 2 2 2 2 2 2 2 2
left_child=1 2 4 5 -1 -4 7 11 -9 10 -8 13 -13 -6 -15 -16 17 20 -19 -18 22 -22 24 -24 26 -26 28 -28 -11 -29
right_child=-2 -3 3 -5 6 -7 9 8 -10 16 -12 12 -14 14 15 -17 19 18 -20 -21 21 -23 23 -25 25 -27 27 29 -30 -31
leaf_value=0.0074704922946093651 0.0010957811551333286 -0.002859999996656629 -0.00051030926749432663 0.0090830387120649381 -0.00024908040576556714 0.0038827330297239787 -0.0019367269892785455 -0.0050727080493007722 2.2202963648469965e-05 -7.5959353086278445e-05 0.01264557798496911 -0.00047716577054052612 0.012677409677090115 -0.0027794260151861767 -0.0017049357104062437 0.0047069295875920803 0.0096088066541225696 -2.7486826700168778e-05 -0.0052832048055156695 -0.0031009361943749474 0.011955842632545626 -3.6290497143952056e-05 -0.0020111679449633445 -0.0042136080963258533 -0.0026331857606287498 -0.00027144943534027901 0.010750216378394097 0.00021297235922370625 -0.002677130052218916 -0.0010044344711180283
leaf_weight=141 122 87 235 106 1402 111 72 162 82 381 113 275 116 427 72 139 141 70 84 84 77 121 251 95 249 1980 60 1840 158 93
leaf_count=141 122 87 235 106 1402 111 72 162 82 381 113 275 116 427 72 139 141 70 84 84 77 121 251 95 249 1980 60 1840 158 93
internal_value=-0.00141482 -0.00156247 -0.00137443 0.00444201 -0.00167952 0.000797721 -0.0018587 -0.00390485 -0.0160241 -0.000923561 0.0101316 -0.00265805 0.00380051 -0.0039022 -0.00870918 0.000486111 -0.00129197 -0.00165904 -0.0136478 0.00745652 -0.00129849 0.00827586 -0.00167743 -0.00917379 -0.00112358 -0.00324306 0.000744974 0.00229479 -0.00495404 0.00167957
internal_weight=9346 9224 9137 452 8685 346 8544 2675 244 5869 185 2431 391 2040 638 211 5684 5459 154 225 5305 198 5107 346 4761 2229 2532 1993 539 1933
internal_count=9346 9224 9137 452 8685 346 8544 2675 244 5869 185 2431 391 2040 638 211 5684 5459 154 225 5305 198 5107 346 4761 2229 2532 1993 539 1933
is_linear=0
shrinkage=0.035


Tree=126
num_leaves=31
num_cat=0
split_feature=30 2 172 261 274 246 19 193 242 2 71 71 218 71 67 213 79 11 10 243 180 261 88 225 8 151 148 49 161 27
split_gain=11.0935 26.1305 13.3346 12.522 15.8821 12.0294 11.8253 13.8122 14.9324 12.2503 15.355 26.9808 39.3095 22.4121 20.2457 18.4011 25.4879 26.0447 43.7518 17.9416 16.452 16.3594 28.7516 16.0665 20.78 20.0353 18.8383 18.8215 22.3126 32.7489
threshold=681.50000000000011 683.05499267578136 -0.67893943920108235 618.03500366210949 0.34789123797341859 0.96598834308523784 526.50000000000011 -0.94763260511140979 83.099430893274928 525.75500488281261 6926.0000000000009 7184.5000000000009 12.773572643978151 6492.5000000000009 6.6142774757678211 11.233476066865014 0.011594289091557507 108.78819019883267 71.811381518482023 8.6497111036688015 0.0044000111520290383 609.52001953125011 0.13774999976158145 0.2125486178979494 -9.4371698142234077 0.14912500046193602 687.50000000000011 19716.000000000004 0.18745000287890437 17848.000000000004
decision_type=2 2 2 2 2 2 2 2 2 2 2 2 2 2 2 2 2 2 2 2 2 2 2 2 2 2 2 2 2 2
left_child=1 2 -1 5 -5 6 -4 8 -8 -9 13 12 -12 15 -15 16 19 18 -18 -11 -19 23 -23 24 -13 -26 -27 28 29 -25
right_child=-2 -3 3 4 -6 -7 7 9 -10 10 11 21 -14 14 -16 -17 17 20 -20 -21 -22 22 -24 27 25 26 -28 -29 -30 -31
leaf_value=0.00096842178946253941 0.0010574288147036626 -0.0027598999967736464 -0.0064572260660340974 0.0049207972333353339 -0.0014272993278788893 -0.001610024236617851 -0.00013181257700804641 0.0088828053517230332 0.013748668216008647 -0.0023144570517161954 -0.0014957510798534292 -6.7421764018038021e-05 0.012201270797876718 -4.1319905366944692e-05 -0.0048499967159290622 -0.0015434911735858643 0.00030490440041855139 -3.4891326745094267e-05 0.01500432557409629 6.5942968355297017e-05 -0.0043682396663053081 -0.0039682797874125977 5.4335928292783558e-05 0.0010082774644805221 0.0059114074845989578 0.0011807283588501324 -0.00086502061540928634 -0.0031160482646882788 -0.0014679172490890487 -0.0031088631474451324
leaf_weight=142 122 87 69 171 60 75 101 61 105 355 79 3764 116 88 133 596 525 344 89 237 115 97 128 604 94 101 98 133 515 142
leaf_count=142 122 87 69 171 60 75 101 61 105 355 79 3764 116 88 133 596 525 344 89 237 115 97 128 604 94 101 98 133 515 142
internal_value=-0.00145974 -0.00160039 -0.00141271 -0.00158278 0.00637712 -0.0017961 -0.00167069 -0.00155014 0.00729858 -0.00177099 -0.00188861 -0.000911334 0.011725 -0.00419381 -0.0147124 -0.00313548 -0.00123653 0.00198052 0.00667205 -0.00703518 -0.00429957 -0.0013554 -0.0105 -0.000968658 0.00014648 0.00904362 0.00257353 -0.004203 -0.00284755 0.0010253
internal_weight=9346 9224 9137 8995 231 8764 8689 8620 206 8414 8353 5871 195 2482 221 2261 1665 1073 614 592 459 5676 225 5451 4057 293 199 1394 1261 746
internal_count=9346 9224 9137 8995 231 8764 8689 8620 206 8414 8353 5871 195 2482 221 2261 1665 1073 614 592 459 5676 225 5451 4057 293 199 1394 1261 746
is_linear=0
shrinkage=0.035


Tree=127
num_leaves=31
num_cat=0
split_feature=11 93 28 13 22 274 82 270 274 242 218 38 82 173 36 199 126 203 124 93 48 243 19 96 211 223 268 26 164 213
split_gain=9.9583 15.841 14.536 14.4331 22.6985 31.6717 28.0382 31.4101 25.0401 25.8154 22.8527 22.5965 22.1272 21.6284 20.8795 20.8625 18.7263 25.411 21.8699 19.5876 22.5697 22.7486 17.3073 24.1359 17.131 17.0682 16.8855 16.8705 15.5786 16.0475
threshold=98.87257326918693 18801.500000000004 1434.5000000000002 27.954840148807492 0.15935000032186511 0.1840033505040862 3573.0000000000005 83.995469445896745 -0.02930458786491252 29.947169611966732 3.5371267208474513 7814.5000000000009 15409.500000000002 0.64152143088437041 -22.733454445297117 17.028445349385311 5225.5000000000009 0.46579683282214129 -2.267219573883875 9599.5000000000018 3.5505499839782719 7.1841965960252656 666.50000000000011 646.50000000000011 0.83002482293618907 13.638236567013905 1.1511712189565817 2.1625499725341801 -0.22222221757087282 11.601165199503244
decision_type=2 2 2 2 2 2 2 2 2 2 2 2 2 2 2 2 2 2 2 2 2 2 2 2 2 2 2 2 2 2
left_child=3 2 -2 12 8 14 13 25 11 -10 -11 -5 16 -7 -6 -14 17 -1 27 -19 21 -21 23 -16 -12 -8 -22 -18 -13 -30
right_child=1 -3 -4 4 5 6 7 -9 9 10 24 28 15 -15 22 -17 18 19 -20 20 26 -23 -24 -25 -26 -27 -28 -29 29 -31
leaf_value=0.0034489577567705701 -0.00037639590983927474 -0.0030857593321723395 0.0045870745783497093 -0.0052184779468142338 -0.0033757394023976174 0.0072737104192973382 -0.0034837875234325936 0.0030429522631471332 0.0094014206859951259 -0.00050493715347142557 0.0016343065743386568 0.0090680007518996273 0.0080076454462011688 -0.0011886643119155985 0.00030260599401629105 -0.0006351631719863285 0.00084481781363196181 -0.0014165401453709332 -0.0014997563670941906 0.0014935907353095359 0.00011801306767770138 -0.002511137031765239 -0.001679444862949955 0.016031076198033969 -0.00064922279562782965 -0.0021284992133759977 -0.0019963955078574737 -0.00099371759453477045 0.006169967057840552 -0.0015661895136432975
leaf_weight=121 2570 99 138 138 64 108 213 67 153 218 874 62 98 157 1644 62 120 271 449 256 246 64 291 75 87 108 212 183 72 126
leaf_count=121 2570 99 138 138 64 108 213 67 153 218 874 62 98 157 1644 62 120 271 449 256 246 64 291 75 87 108 212 183 72 126
internal_value=-0.00133248 -0.00307432 -0.00255437 -0.000582977 0.000541237 -0.00144766 -0.0081383 -0.0140712 0.00367147 0.00596859 0.00416807 -0.00399504 -0.00298515 0.000648148 0.000673401 0.00933333 -0.00403217 -0.00125106 -0.00832232 -0.00302182 -0.000178799 0.00689231 0.0013201 0.00265951 0.00648551 -0.0185736 -0.00514039 -0.00102273 0.00211321 -0.00275862
internal_weight=9346 2807 2708 6539 4457 2727 653 388 1730 1332 1179 398 2082 265 2074 160 1922 1170 752 1049 778 320 2010 1719 961 321 458 303 260 198
internal_count=9346 2807 2708 6539 4457 2727 653 388 1730 1332 1179 398 2082 265 2074 160 1922 1170 752 1049 778 320 2010 1719 961 321 458 303 260 198
is_linear=0
shrinkage=0.035


Tree=128
num_leaves=31
num_cat=0
split_feature=129 85 96 220 246 27 261 223 224 137 13 13 69 219 22 101 207 223 216 27 261 233 261 33 121 148 148 10 261 67
split_gain=11.4776 26.4578 17.5483 24.2771 16.9071 16.874 14.7182 17.1161 14.3424 12.4556 16.1802 20.0081 13.157 11.4444 15.2152 14.7515 11.8899 14.3598 12.7483 11.9469 17.083 23.6634 25.6203 24.9164 22.6262 21.8079 35.4898 28.6389 35.4619 27.4655
threshold=682.50000000000011 682.50000000000011 676.50000000000011 70.176470269512251 0.96598834308523784 15102.000000000002 610.23498535156261 9.2967770114818276 -0.65800459744966167 96.500000000000014 116.96913404868909 125.59404039187969 -6.000566447622611 -172.25823269940727 0.5478000044822694 0.0098765941209973569 0.13063699757432651 12.217182907525862 23.012902005903367 5819.5000000000009 539.27999877929699 5965.8400878906259 520.47497558593761 0.36734999716281896 0.32930000126361852 8476.5000000000018 2235.5000000000005 46.506822562407898 528.15499877929699 9.0630173599113508
decision_type=2 2 2 2 2 2 2 2 2 2 2 2 2 2 2 2 2 2 2 2 2 2 2 2 2 2 2 2 2 2
left_child=1 2 4 5 6 -4 9 -8 -9 -1 13 -12 -13 15 16 -11 19 18 -18 -15 21 22 24 25 -21 26 29 -28 -29 -23
right_child=-2 -3 3 -5 -6 -7 7 8 -10 10 11 12 -14 14 -16 -17 17 -19 -20 20 -22 23 -24 -25 -26 -27 27 28 -30 -31
leaf_value=0.0084951698728118873 0.0014749557354858851 -0.0028912295609720088 0.0077429043501856323 -0.0016392575795835503 -0.0018576432689495206 -8.359177078325842e-05 0.00030244947142310839 -0.00043739106742621969 -0.0052569598233340974 0.0067409955335821087 -0.0039876378997217611 0.0016387885390004269 -0.0020521964732144568 0.00017546165164091757 -0.0038605477129379441 -0.00018975728033366059 -0.0025867979646314139 0.0029140536049577794 0.00085826148412452901 -0.0010770980047285993 -5.7969565365760264e-05 -0.0014315766796814285 0.0032219038370396567 -0.0043666718768283156 0.0021842423569444274 -0.0024558008922821628 0.0094459404854960755 0.0096371878548911372 -0.005712294525178325 0.00016001947283546676
leaf_weight=89 112 134 177 67 71 66 80 74 87 129 92 77 117 1232 81 149 104 160 131 764 3697 449 114 82 283 219 123 75 71 240
leaf_count=89 112 134 177 67 71 66 80 74 87 129 92 77 117 1232 81 149 104 160 131 764 3697 449 114 82 283 219 123 75 71 240
internal_value=-0.00132499 -0.00146228 -0.00123009 0.00688889 -0.00152018 0.011996 -0.00137609 -0.00981707 -0.0162349 -0.0011305 -0.00127174 -0.00938144 -0.00281407 -0.000979896 -0.00122925 0.0059364 -0.00106594 0.0048125 -0.000729167 -0.00138496 -0.00201813 -0.00430103 -0.000690395 -0.00761472 -0.00242871 -0.00624788 -0.00392523 0.00677007 -0.00370861 -0.0081196
internal_weight=9346 9234 9100 310 8790 243 8719 241 161 8478 8389 286 194 8103 7825 278 7744 395 235 7349 6117 2420 1161 1259 1047 1177 958 269 146 689
internal_count=9346 9234 9100 310 8790 243 8719 241 161 8478 8389 286 194 8103 7825 278 7744 395 235 7349 6117 2420 1161 1259 1047 1177 958 269 146 689
is_linear=0
shrinkage=0.035


Tree=129
num_leaves=31
num_cat=0
split_feature=151 9 88 193 13 173 233 242 20 11 203 211 183 27 213 25 142 5 82 100 121 46 213 20 49 8 214 13 135 11
split_gain=11.8121 16.7099 15.0439 13.3497 18.2757 13.54 15.52 13.1153 21.67 12.9905 28.2313 26.2738 32.3745 27.7207 34.9435 31.0387 24.1587 21.146 18.8099 14.4246 21.0333 15.2458 15.6048 25.0025 20.8733 24.0252 17.5053 20.2116 18.1785 21.421
threshold=0.60525000095367443 -18.033975602748246 0.52709999680519115 -0.9736565896026157 110.98721694403123 0.60616355851988779 5792.8649902343759 99.898957362647948 84.555873037269762 98.153548747677988 0.35878081287879887 0.48559498588778061 0.57946611879857202 12405.000000000002 10.984156483817126 -16.160602614124841 0.81494998931884777 72.989943426407834 3977.0000000000005 37.613355075473912 0.4775999933481217 0.017167682391347385 11.458870428188527 58.882999947957877 8181.0000000000009 -17.85686243738105 0.01969997584819794 14.708602137676396 -1.3935666805302376 23.284621541734229
decision_type=2 2 2 2 2 2 2 2 2 2 2 2 2 2 2 2 2 2 2 2 2 2 2 2 2 2 2 2 2 2
left_child=2 -2 3 -1 7 6 -6 9 -9 19 -11 12 16 14 15 -13 -12 -15 -18 21 -21 -5 24 26 25 -23 -24 -28 -29 -30
right_child=1 -3 -4 4 5 -7 -8 8 -10 10 11 13 -14 17 -16 -17 18 -19 -20 20 -22 22 23 -25 -26 -27 27 28 29 -31
leaf_value=0.0090660005189365199 0.0028758847167736747 -0.0026311308647968862 0.0054834280180990893 -0.0010369112711809169 -0.0045715331135790221 0.00014385450419799689 -0.00070597770183557652 0.0045817797794584694 -0.0018835198564209398 -0.0026581266304179251 0.0015160685927236778 -0.002430736596172781 0.011469080800809004 -0.0011871705227668801 -0.0030446451071950002 0.00022454439169783321 -0.0035706542740318696 0.012720818067206567 8.0733457031741961e-05 0.0081462480224177881 -0.0022857195168644998 -1.8472189441909871e-05 -0.0013395514973802165 0.0098331882425434624 0.00094063810022116539 -0.0026392603528775779 0.0044567347015636964 0.00042143471306183098 0.00074358830812172767 -0.00066430014416006219
leaf_weight=94 68 124 157 453 134 72 79 142 64 796 255 64 150 95 352 240 87 103 99 72 66 1135 508 60 1218 109 106 470 294 1680
leaf_count=94 68 124 157 453 134 72 79 142 64 796 255 64 150 95 352 240 87 103 99 72 66 1135 508 60 1218 109 106 470 294 1680
internal_value=-0.00146722 -0.00994924 -0.00128398 -0.00147356 -0.00161484 -0.0102586 -0.0146101 -0.00132321 0.00729858 -0.00153855 -0.0038179 -0.000893103 0.00475671 -0.00480792 -0.00826021 0.000453074 -7.84753e-05 0.00655172 -0.0095288 -0.000708387 0.0102797 -0.000968036 -0.000463742 -0.00210695 0.00161735 -0.00156926 -0.00255958 -0.00136986 -0.0020294 -0.00350177
internal_weight=9346 192 9154 8997 8903 285 213 8618 206 8412 2241 1445 591 854 656 304 441 198 186 6171 138 6033 5580 3118 2462 1244 3058 2550 2444 1974
internal_count=9346 192 9154 8997 8903 285 213 8618 206 8412 2241 1445 591 854 656 304 441 198 186 6171 138 6033 5580 3118 2462 1244 3058 2550 2444 1974
is_linear=0
shrinkage=0.035


Tree=130
num_leaves=31
num_cat=0
split_feature=33 33 270 270 13 169 261 56 200 11 59 163 9 10 245 173 183 193 126 163 92 172 71 115 163 1 136 137 270 223
split_gain=11.1906 15.2232 13.7679 28.1848 20.1146 18.5196 17.005 14.7646 14.6248 14.554 14.3442 14.2157 13.4872 20.2351 12.8688 12.2611 14.8409 20.765 18.5327 16.4969 18.276 17.6326 15.5313 28.3993 27.113 29.5676 20.7324 18.6716 21.1145 17.2615
threshold=0.60500001907348644 0.53840002417564403 111.21465685037889 110.12271377880609 78.512725819584702 15.522634630634768 515.94500732421886 11.127228397546885 -0.023499999195337292 247.07698905322147 5.2425999641418466 0.041900382029611355 -18.033975602748246 87.813459223877189 -0.10643360714862653 -0.85198808444097152 -0.5693891479279547 -0.52357906993017644 12507.000000000002 0.038447475908321212 5.6007499694824228 0.015513050918761985 14669.500000000002 5723.0000000000009 0.38976184113748569 697.50000000000011 3.2345000505447392 16036.000000000002 103.18580589662896 2.1667721249493179
decision_type=2 2 2 2 2 2 2 2 2 2 2 2 2 2 2 2 2 2 2 2 2 2 2 2 2 2 2 2 2 2
left_child=1 2 3 10 -4 7 -7 -6 9 11 15 -8 -2 -14 -3 -1 -17 19 22 21 -21 -18 27 -24 26 -26 -25 28 29 -19
right_child=12 14 4 -5 5 6 8 -9 -10 -11 -12 -13 13 -15 -16 16 17 18 -20 20 -22 -23 23 24 25 -27 -28 -29 -30 -31
leaf_value=0.0043591850863586891 0.003008318834817279 0.0095926422375416653 -0.0031382637597752836 0.027410198277794652 0.0098225556155211481 -0.0027271030966380268 -7.5790166072203249e-05 -0.00037124909536017688 -0.0051718139016234902 -0.00043229901654168683 -0.002590350640701147 0.0070085229748022178 -0.0099845046968067667 -0.00026554992782780175 0.0004612519839614474 -0.0005809044073674497 0.0043200754083602957 0.00021739193208959896 -0.00075863879203774665 0.007314807785312032 -0.0003283847553134745 -0.0028607325703585138 0.013144392391447343 0.0092214140267295325 0.0016073886236150276 -0.0012436627088258233 0.00018646090165658438 0.00076624162603453874 0.012482631681020392 -0.00045822525894908763
leaf_weight=99 70 75 227 67 62 182 154 72 60 71 233 102 98 101 196 392 93 558 304 191 65 142 93 202 125 306 337 272 69 4328
leaf_count=99 70 75 227 67 62 182 154 72 60 71 233 102 98 101 196 392 93 558 304 191 65 142 93 202 125 306 337 272 69 4328
internal_value=-0.00133248 -0.00112145 -0.00137442 -0.000897094 -0.00539037 -0.00242232 -0.00518293 0.00906475 -0.000982143 0.00200301 -0.00109739 0.00590038 -0.00830292 -0.0128676 0.00697464 -0.000831025 -0.000996391 -0.000626939 -0.00114563 0.00628024 0.0123372 -0.0004375 -0.000733916 0.0031133 0.00129231 -0.00521789 0.00649816 -0.00151854 -0.00201109 -0.00228992
internal_weight=9346 9077 8806 7876 930 703 569 134 387 327 7809 256 269 199 271 7576 7477 7085 6594 491 256 235 6290 1063 970 431 539 5227 4955 4886
internal_count=9346 9077 8806 7876 930 703 569 134 387 327 7809 256 269 199 271 7576 7477 7085 6594 491 256 235 6290 1063 970 431 539 5227 4955 4886
is_linear=0
shrinkage=0.035


Tree=131
num_leaves=31
num_cat=0
split_feature=25 30 2 41 148 246 244 274 172 274 60 49 213 49 126 21 49 104 25 211 274 104 41 104 27 30 103 82 27 115
split_gain=10.4834 15.3677 20.3823 17.5191 23.0761 13.7592 13.117 18.6036 12.9902 11.3853 11.1503 11.1214 26.1483 24.3161 26.341 22.7322 24.2919 22.6954 22.515 20.6738 23.0262 19.6137 18.1237 19.6348 17.8166 17.6813 26.4967 27.3059 25.2903 23.4132
threshold=-6.5382767613733401 681.50000000000011 682.32998657226574 679.50000000000011 3083.5000000000005 0.96598834308523784 0.022850006818771366 0.18030441154707885 -0.62734646305987163 0.31372770120125776 4442.0000000000009 8535.0000000000018 11.479280776733674 9304.5000000000018 7448.5000000000009 0.12435000017285348 8892.5000000000018 5327.5000000000009 -8.051076891554759 0.038633943724372892 -0.29177131695583941 9848.5000000000018 664.50000000000011 14295.000000000002 13222.000000000002 647.50000000000011 3.8629499673843388 5244.0000000000009 10011.500000000002 15861.000000000002
decision_type=2 2 2 2 2 2 2 2 2 2 2 2 2 2 2 2 2 2 2 2 2 2 2 2 2 2 2 2 2 2
left_child=1 2 3 5 9 8 -2 -8 10 -5 -1 -10 13 15 17 -13 -17 24 -19 -14 -21 25 23 -23 -15 26 27 -22 -27 -30
right_child=6 -3 -4 4 -6 -7 7 -9 11 -11 -12 12 19 14 -16 16 -18 18 -20 20 21 22 -24 -25 -26 28 -28 -29 29 -31
leaf_value=-0.00023918652334673553 -0.0026196080976629808 0.0071997930324164874 -0.0025659731248933431 0.011378926167020135 -0.0024790192791785759 -0.0017638477746845477 0.006713239782059512 -0.0014360321673134492 -0.00033000917487150153 0.0003581552963959323 0.0039106565657769281 -0.00041403304741107096 -0.00093624639363591548 -4.6646993140193883e-05 0.0090768156941298597 0.0010441538914034495 0.016756792987955359 -0.0045924760442367599 0.0020775210791530415 0.009068045239353487 -0.0022785856516673781 0.0061349540082586522 -0.0013257887526032448 -0.00024528550410148373 0.006169509031469126 -0.0023738573236380994 -0.0014174214745073033 0.017160631051539588 0.0044104520528055954 -0.00041747363776670714
leaf_weight=79 271 96 144 61 84 71 77 83 3748 72 130 101 818 845 94 130 137 169 66 96 66 184 69 72 199 69 850 115 225 125
leaf_count=79 271 96 144 61 84 71 77 83 3748 72 130 101 818 845 94 130 137 169 66 96 66 184 69 72 199 69 850 115 225 125
internal_value=-0.00136242 -0.00110258 -0.00125737 -0.00103629 0.00867117 -0.00129032 -0.00666284 0.00127273 -0.00115527 0.0175 0.00735981 -0.00137725 -0.000189402 0.00314719 0.000990566 0.0110724 0.0163419 -0.000354361 -0.0100625 -0.00235152 -0.000317164 -0.00123876 0.0064697 0.010728 0.00186845 -0.00298282 -0.00543919 0.00658602 0.00305425 0.00690141
internal_weight=9346 8915 8819 8675 217 8458 431 160 8387 133 209 8178 4430 1741 1373 368 267 1279 235 2689 1871 1775 325 256 1044 1450 1031 181 419 350
internal_count=9346 8915 8819 8675 217 8458 431 160 8387 133 209 8178 4430 1741 1373 368 267 1279 235 2689 1871 1775 325 256 1044 1450 1031 181 419 350
is_linear=0
shrinkage=0.035


Tree=132
num_leaves=31
num_cat=0
split_feature=173 82 115 173 173 71 26 11 49 173 10 11 85 190 41 233 13 69 38 27 26 137 27 113 244 49 150 223 76 71
split_gain=11.1801 12.7049 12.5541 10.4546 23.7413 29.0973 22.6629 22.2356 21.1182 27.234 18.891 24.0296 21.1813 18.2375 20.0786 17.1256 16.549 16.3377 19.7735 16.0421 23.4824 15.7704 16.442 16.7103 22.5797 24.7107 17.2915 14.9434 17.3728 14.8646
threshold=0.9769305443065035 283.50000000000006 25649.000000000004 0.44591921594037348 0.34191858051048912 19389.000000000004 3.5247000455856328 144.75962002129322 21557.000000000004 0.48038401165424671 101.88173410382144 103.88967904261763 596.50000000000011 -0.031149998307228085 665.50000000000011 5965.8400878906259 47.529438892528681 -4.2358387326119908 7922.0000000000009 12405.000000000002 2.2750999927520756 7156.0000000000009 16662.500000000004 -3.9622414070976957 0.010200016200542452 11689.000000000002 0.047900013625621803 5.4470408390547371 0.33705000579357153 12806.000000000002
decision_type=2 2 2 2 2 2 2 2 2 2 2 2 2 2 2 2 2 2 2 2 2 2 2 2 2 2 2 2 2 2
left_child=1 -1 3 4 5 29 8 -6 9 27 11 13 -13 -11 15 -15 -14 -8 -19 20 -12 -17 23 -23 -25 -26 -27 -5 -29 -3
right_child=-2 2 -4 6 7 -7 17 -9 -10 10 19 12 16 14 -16 21 -18 18 -20 -21 -22 22 -24 24 25 26 -28 28 -30 -31
leaf_value=-0.0005919561554316139 0.00033342465785468124 -8.554744644379678e-05 -0.0010588126520038855 0.0090229218359030774 -0.00064417698142788752 0.006548953658556473 0.00027703780043124326 -0.0072466783463566763 -0.0014282229284116089 -0.0016088974158831567 -0.0010932757735631782 0.00020513175564657927 -0.0053465041516901433 0.0061793026700043439 0.0032296823264614987 -0.0008634256631274474 -0.0023314152104435891 -0.0025605832272064554 -0.00017560246379839787 0.011723146687874803 0.00076738063336892124 0.004217696430949565 0.0061047298576137332 -0.0025192980353431435 0.00038799273239816472 0.0016021265992797167 -0.0020463308255288535 0.0034959957427155761 -0.0011943461579579351 -0.00070566828542057596
leaf_weight=111 77 4502 125 98 709 112 119 93 151 66 116 96 79 95 254 81 84 129 114 124 244 83 74 135 231 64 121 76 87 896
leaf_count=111 77 4502 125 98 709 112 119 93 151 66 116 96 79 95 254 81 84 129 114 124 244 83 74 135 231 64 121 76 87 896
internal_value=-0.00134745 -0.00146053 -0.00131398 -0.00115789 -0.00193921 -0.00111695 0.000654806 -0.00754647 0.0019099 0.00278355 0.00134477 -0.000643733 -0.0102083 0.00144748 0.00251094 0 -0.0177083 -0.00743869 -0.0125605 0.00730061 0.00345205 -0.00171914 0 -0.00186228 -0.00409173 0 -0.00939474 0.0132895 0.00645833 -0.00148991
internal_weight=9346 9269 9158 9033 6312 5510 2721 802 2359 2208 1947 1463 259 1204 1138 884 163 362 243 484 360 789 708 634 551 416 185 261 163 5398
internal_count=9346 9269 9158 9033 6312 5510 2721 802 2359 2208 1947 1463 259 1204 1138 884 163 362 243 484 360 789 708 634 551 416 185 261 163 5398
is_linear=0
shrinkage=0.035


Tree=133
num_leaves=31
num_cat=0
split_feature=193 126 244 225 267 100 71 71 274 71 224 67 89 91 242 71 91 19 224 126 38 204 38 71 191 210 13 182 211 38
split_gain=11.0268 15.3931 16.6336 19.208 16.9349 14.8107 12.7379 29.0235 31.3583 21.9338 35.7242 19.9584 35.6152 24.093 21.5642 20.4164 20.1787 24.6954 22.017 16.284 17.3324 21.5225 21.3857 17.8454 17.2433 16.0491 22.6721 15.0459 14.3611 14.3445
threshold=-0.94763260511140979 12507.000000000002 0.002049997448921204 0.23393361998129678 -1.4112384125924968 31.932194503269368 6926.0000000000009 6437.0000000000009 0.68748844936092846 7184.5000000000009 0.92405075427445815 5.7958504400457107 19.875316720169405 -7.7406234077803502 41.755860632267755 6037.5000000000009 -3.6632698986578025 641.50000000000011 0.99999999999041311 11791.000000000002 15448.500000000002 0.066101075887592287 13013.500000000002 20144.000000000004 0.12780000269412997 -0.095688890523875719 64.404216051421841 -0.11843013361158457 0.95845760026007631 8011.5000000000009
decision_type=2 2 2 2 2 2 2 2 2 2 2 2 2 2 2 2 2 2 2 2 2 2 2 2 2 2 2 2 2 2
left_child=5 6 -3 4 -4 -1 7 11 -9 10 -8 -2 13 -13 -14 16 18 -18 29 20 22 24 28 27 -22 26 -16 -23 -11 -15
right_child=1 2 3 -5 -6 -7 9 8 -10 19 -12 12 14 15 25 -17 17 -19 -20 -21 21 23 -24 -25 -26 -27 -28 -29 -30 -31
leaf_value=0.0055581348339382771 -0.0030897035439672511 -0.0027103056407920714 0.0013552941614742519 -0.0027875267555599256 -0.00037714000005524719 -0.00063607386841433016 0.011452442417762127 -0.0044619753790315127 3.6855675116295176e-05 -0.00010678590339919581 -0.0011342972982760662 -0.0043791442813789806 -0.0045262047474884833 0.010469789586831674 0.0087873495319068153 0.014827639535287724 -0.0013428295465609675 0.0070797240578966587 -0.00053734378028664315 0.0047724563153753357 0.00017420846415624845 0.00093579698443170111 0.0023724348454410888 0.01350842542827497 -0.0036961229642879672 -0.0008699061946143517 -0.00017849871265428199 -0.0021774614707159292 0.00066442499463752972 -0.00030393140762803751
leaf_weight=107 167 76 162 75 351 124 113 216 130 4518 78 60 106 221 72 104 155 61 72 106 72 99 307 62 198 883 342 183 61 65
leaf_count=107 167 76 162 75 351 124 113 216 130 4518 78 60 106 221 72 104 155 61 72 106 72 99 307 62 198 883 342 183 61 65
internal_value=-0.00139236 -0.00158498 -0.00669656 -0.00460371 -0.00209459 0.00608051 -0.00117964 -0.00318541 -0.0125641 -0.000259393 0.01125 -0.0017553 -0.00083178 0.00537012 -0.00410156 0.00727672 0.00459413 -0.0038009 0.00964187 -0.000661201 -0.000928247 -0.00644588 -0.000228992 -0.000601719 -0.0137455 -0.00282258 0.0028401 -0.00439024 -0.000832243 0.0139519
internal_weight=9346 9115 664 588 513 231 8451 2654 346 5797 191 2308 2141 738 1403 678 574 216 358 5606 5500 614 4886 344 270 1297 414 282 4579 286
internal_count=9346 9115 664 588 513 231 8451 2654 346 5797 191 2308 2141 738 1403 678 574 216 358 5606 5500 614 4886 344 270 1297 414 282 4579 286
is_linear=0
shrinkage=0.035


Tree=134
num_leaves=31
num_cat=0
split_feature=193 183 183 126 126 67 9 38 137 246 225 70 173 173 4 150 223 272 104 268 104 104 48 173 112 121 6 17 270 225
split_gain=9.8323 21.5598 18.4834 18.0384 21.6509 17.8948 15.8185 18.6232 15.1466 18.0545 24.3106 19.506 14.2311 19.784 26.5667 16.1623 15.9698 15.6026 20.3927 15.0337 18.0263 25.1256 17.9489 17.1446 16.6365 14.1402 15.1157 17.6675 19.0367 13.1794
threshold=-0.80127469776509919 -0.49021915721854253 -0.5693891479279547 12507.000000000002 11791.000000000002 15.622005822445201 -9.0161476313894244 7795.0000000000009 2965.5000000000005 -0.27476039752658538 0.23393361998129678 4.8127000331878671 -0.35166852989376246 -0.12723685667238899 -2.5422646032865086 0.054699998348951347 11.459614709549593 0.013699997216463091 14686.500000000002 -15.751493607393806 14295.000000000002 8476.5000000000018 4.5134999752044687 0.16239333674540316 0.010762330254792351 0.10844999924302103 -58.543800129076395 0.4961101283385006 50.036223483292439 0.16737354036470062
decision_type=2 2 2 2 2 2 2 2 2 2 2 2 2 2 2 2 2 2 2 2 2 2 2 2 2 2 2 2 2 2
left_child=1 5 -2 4 6 -1 7 29 -5 -10 11 -11 16 14 17 -16 -8 -14 -19 24 21 -21 25 -24 -15 -23 -27 -28 -29 -4
right_child=2 -3 3 8 -6 -7 12 -9 9 10 -12 -13 13 19 15 -17 -18 18 -20 20 -22 22 23 -25 -26 26 27 28 -30 -31
leaf_value=0.00086601638990231383 -0.00099535999669539562 0.010214917560882959 0.00094379392666505009 0.00046043500180186137 0.0064104373620537808 -0.0018844911501914648 0.020083729371471265 0.0099635169429878132 -0.0022735659910429603 -0.00031273826909934189 -0.0032072252897311867 0.0013469223608198651 0.00043132701350701914 -4.829422427943674e-05 0.0075425171666233014 -0.0011281219128954491 -0.00011256803413571743 -0.0047908426256783763 0.00018595043356604393 -0.00011688283866464534 -0.0029815639199283991 -0.00049719665359741207 0.0011246893229026006 -0.0029254185536450113 -0.0031576877024414958 -0.0011352472105389711 0.0078253375581442599 -0.00041340478707564693 0.0073275023661818961 -0.0031845553943993547
leaf_weight=310 397 89 228 105 96 321 73 141 126 137 62 87 79 253 82 79 97 263 65 5047 139 64 118 79 263 70 181 118 104 73
leaf_count=310 397 89 228 105 96 321 73 141 126 137 62 87 79 253 82 79 97 263 65 5047 139 64 118 79 263 70 181 118 104 73
internal_value=-0.00131002 0.0026069 -0.00163828 -0.00127945 -0.000852663 0.000275157 -0.00106548 0.00532438 -0.00757663 -0.0105755 -0.00553265 0 -0.0014626 -0.0017078 -0.00794066 0.00400602 0.0084 -0.0126578 -0.015976 -0.001152 -0.000649789 -0.000344798 0.00568336 -0.00329208 -0.00685221 0.00897601 0.0110565 0.0136397 0.00678414 0.000343137
internal_weight=9346 720 8626 8229 7712 631 7616 442 517 412 286 224 7174 7004 568 161 170 407 328 6436 5920 5781 734 197 516 537 473 403 222 301
internal_count=9346 720 8626 8229 7712 631 7616 442 517 412 286 224 7174 7004 568 161 170 407 328 6436 5920 5781 734 197 516 537 473 403 222 301
is_linear=0
shrinkage=0.035


Tree=135
num_leaves=31
num_cat=0
split_feature=173 82 93 129 91 19 74 8 216 148 30 129 93 227 270 156 137 148 98 187 28 126 80 72 212 172 118 193 200 246
split_gain=11.2707 12.5879 9.60026 27.3841 37.6151 25.5916 33.4567 24.3174 25.4957 24.9935 26.0147 20.2676 23.7881 18.3661 16.3286 16.0502 17.5267 17.0121 15.6371 14.6244 13.8255 13.2706 19.8247 15.5278 17.7223 13.2159 14.2739 23.7594 23.3007 20.6675
threshold=0.9769305443065035 283.50000000000006 12738.000000000002 629.50000000000011 -3.3837420740325972 638.50000000000011 639.50000000000011 -30.615540149953379 29.927083880556179 410.00000000000006 669.50000000000011 607.25000000000011 17411.000000000004 0.15332412550750354 37.80661213757196 -1.7101352707670407 16491.000000000004 8476.5000000000018 0.49445000290870672 -0.00020329179563421346 377.50000000000006 7533.5000000000009 -6.1555797015973068 1510.5000000000002 8.9183155478486587 0.67395713901731469 663.50000000000011 -0.054963770164261079 -0.078099980950355516 0.42450903168029858
decision_type=2 2 2 2 2 2 2 2 2 2 2 2 2 2 2 2 2 2 2 2 2 2 2 2 2 2 2 2 2 2
left_child=1 -1 15 4 14 -5 -7 13 9 -9 19 18 -13 -8 -4 17 25 21 -6 -11 -15 22 23 24 -3 26 29 -28 -29 -17
right_child=-2 2 3 5 11 6 7 8 -10 10 -12 12 -14 20 -16 16 -18 -19 -20 -21 -22 -23 -24 -25 -26 -27 27 28 -30 -31
leaf_value=-0.00053915791765497747 0.00032958320080200056 -0.00016658484661024098 0.00040212605753791019 0.0058855134811466314 0.003762223915820857 -0.0076129660049300326 0.002149022476038525 0.0046165652153411681 -0.0029135840411191631 -0.00061240142452083954 -0.0019207247160949307 -0.0019094535672574931 0.00023753701030558303 0.00088550678703392153 -0.002426434609348274 0.00012283407863833418 0.0061828305295920918 -0.0011753044109357208 -0.00061962545749794573 0.004772961003151552 -0.0028174545224543034 0.0026149316856414794 0.0031669330751324734 -0.0030965787057135315 0.0029445712338731834 -0.0018898163261439392 -0.0029039229321819499 -0.007906334392607817 0.00010816749314875086 -0.00043892671460773282
leaf_weight=111 77 305 63 80 121 61 477 93 176 81 120 77 76 69 347 3393 149 155 70 94 145 115 196 114 138 216 341 63 479 1344
leaf_count=111 77 305 63 80 121 61 477 93 176 81 120 77 76 69 347 3393 149 155 70 94 145 115 196 114 138 216 341 63 479 1344
internal_value=-0.00139985 -0.00151337 -0.00136746 -0.00341067 -0.00876153 -0.000499643 -0.00169569 -0.000416667 -0.00578207 -0.000712468 -0.00571667 -0.000200573 -0.00952532 0.0039727 -0.0158554 -0.000738628 -0.00143155 0.00330253 0.00732143 0.00291667 -0.00447489 0.00521191 0.00346306 6.22776e-05 0.00304688 -0.00173772 -0.00140622 -0.0054786 -0.000895795 -0.000642134
internal_weight=9346 9269 9158 2150 754 1396 1316 1255 564 388 295 344 153 691 410 7008 5985 1023 191 175 214 868 753 557 443 5836 5620 883 542 4737
internal_count=9346 9269 9158 2150 754 1396 1316 1255 564 388 295 344 153 691 410 7008 5985 1023 191 175 214 868 753 557 443 5836 5620 883 542 4737
is_linear=0
shrinkage=0.035


Tree=136
num_leaves=31
num_cat=0
split_feature=115 82 82 82 21 126 134 134 115 115 153 64 184 71 166 33 92 26 222 20 76 13 135 252 167 200 219 115 116 223
split_gain=12.5586 10.9414 17.3838 26.0067 14.065 10.599 10.9383 11.3137 10.8314 31.1926 35.5549 21.2648 17.9279 24.5574 17.1117 19.752 15.7641 16.8573 15.449 19.2895 15.1495 14.776 13.6654 13.5708 13.4577 13.7468 12.5187 11.4587 12.6095 12.6764
threshold=25649.000000000004 28232.500000000004 20933.500000000004 18999.500000000004 0.14414999634027484 29613.500000000004 0.006413741973541773 0.0052539395113990585 10416.500000000002 12314.000000000002 0.18979577716554491 9.9931505780914716 -0.069908832430275181 20940.000000000004 -2.9558391343907124 0.17594999819993976 5.979950189590455 2.1713999509811406 8.716026853973057 27.189841718313627 0.40045000612735754 41.886935713033012 -1.4925021330132349 5.4389903275320348 -0.11941706184233346 -0.034200008958578103 -8.6660788410095098 10063.000000000002 294.50000000000006 12.952364361848632
decision_type=2 2 2 2 2 2 2 2 2 2 2 2 2 2 2 2 2 2 2 2 2 2 2 2 2 2 2 2 2 2
left_child=1 2 3 5 -4 6 7 -1 24 10 18 -12 13 14 -11 -16 17 21 19 -10 -19 22 -14 -20 25 -8 -17 -26 -29 -30
right_child=-2 -3 4 -5 -6 -7 8 -9 9 12 11 -13 16 -15 15 26 -18 20 23 -21 -22 -23 -24 -25 27 -27 -28 28 29 -31
leaf_value=-2.3137561330929815e-06 -0.0008703536317566685 0.0026390144822724484 -0.0042109140840098603 0.0094779365936835478 -0.00020094918668052162 0.0012682057982158468 -5.024869027950019e-05 -0.0028915047391433828 0.012700718165294533 0.001341205165110096 -0.0037758677568063516 0.00024917521448042157 0.00025533411799988473 0.0096512288558738279 -0.0011501566887398757 0.0014280691014652528 -0.0044167018568516889 -0.00032055139487243849 0.014678809302164147 -1.8164632276211972e-05 0.00083660827155523758 -0.0029394838284288864 -0.0020382282898712425 0.0025357065624516967 -0.00017064823514462203 -0.0029363351756546254 -0.00079918574144855988 -0.0019971486929435253 -0.0008502694288063451 0.0033651132191596152
leaf_weight=108 133 93 69 61 68 69 94 143 63 94 92 267 101 67 165 247 135 462 146 166 179 84 101 66 5669 113 65 93 70 63
leaf_count=108 133 93 69 61 68 69 94 143 63 94 92 267 101 67 165 247 135 462 146 166 179 84 101 66 5669 113 65 93 70 63
internal_value=-0.00143728 -0.00127956 -0.00140384 -0.00121106 -0.0135563 -0.00137224 -0.00148171 -0.00861328 -0.00126873 0.000670659 0.00634783 -0.00182692 -0.00201173 0.00261275 0.000182292 -0.00254149 -0.00478913 -0.00311695 0.0129484 0.00643162 5.41796e-05 -0.0101031 -0.0047343 0.0196774 -0.00206321 -0.0107311 0.00264984 -0.00175 -0.00939394 -0.00228261
internal_weight=9346 9213 9120 8983 137 8922 8853 251 8602 2500 800 359 1700 638 571 477 1062 927 441 229 641 286 202 212 6102 207 312 5895 226 133
internal_count=9346 9213 9120 8983 137 8922 8853 251 8602 2500 800 359 1700 638 571 477 1062 927 441 229 641 286 202 212 6102 207 312 5895 226 133
is_linear=0
shrinkage=0.035


Tree=137
num_leaves=31
num_cat=0
split_feature=115 60 60 223 13 13 63 59 13 10 93 218 137 111 270 155 201 242 54 102 30 269 180 11 63 267 199 27 81 261
split_gain=12.6489 9.96223 12.1358 11.0717 11.6423 21.8546 20.9762 19.4588 23.0286 20.552 30.0636 21.5747 20.3433 20.2469 18.732 18.2813 16.4079 18.3708 18.6906 17.9058 16.2095 15.2269 13.122 12.3086 23.4711 20.4431 18.1553 20.3866 25.1571 23.8435
threshold=25649.000000000004 287.50000000000006 579.00000000000011 0.43884171586176618 27.954840148807492 29.303777879420409 683.50000000000011 2.7017999887466435 24.748782146860844 32.441544171246854 10956.000000000002 7.0527956032082821 6914.5000000000009 18.761288062639647 50.238413981977224 0.049879445101822462 0.13445000164210799 23.122825537664184 0.28464999794960028 -2.9357374559502398 631.50000000000011 -0.39492886014513834 -0.0065499991178512565 102.07450903875639 679.50000000000011 7.9437124554382352 12.751922606905959 5447.5000000000009 5.4954500198364267 610.23498535156261
decision_type=2 2 2 2 2 2 2 2 2 2 2 2 2 2 2 2 2 2 2 2 2 2 2 2 2 2 2 2 2 2
left_child=1 -1 -3 -4 7 15 22 -5 9 11 -11 -9 -10 -14 -12 -6 -13 18 19 -18 -21 -17 -7 24 25 -24 -25 -28 29 -29
right_child=-2 2 3 4 5 6 -8 8 12 10 14 16 13 -15 -16 21 17 -19 -20 20 -22 -23 23 26 -26 -27 27 28 -30 -31
leaf_value=0.00021458502406651399 -0.00083989125464518433 -0.00078212757150946614 0.00054017194002752564 0.0024418417243242587 -0.00041596542704030239 -0.0035111007372785963 -0.0029695171230203683 0.0016189667954358176 -0.0019332879258410094 -0.0028431015753108977 -0.0018377965103439004 -0.0013757514283713099 -0.0017253031919019488 0.00031279254155832661 0.0047164376826433528 0.00048770716489924539 -0.00093635686124818275 0.0035214921264627541 0.0037159740811270347 -0.0006739587699938843 0.0079772420010633845 0.0095247591702486319 -4.3975450763119598e-05 -0.0079901597443561706 0.0072930808063296432 0.005972404149286431 0.00046292955201264203 -0.00074310721195522584 0.0015378035153588467 -0.0036786069750660549
leaf_weight=114 133 251 172 129 93 74 64 108 200 121 126 228 158 173 61 84 229 96 82 94 95 141 3719 90 90 115 596 1494 135 81
leaf_count=114 133 251 172 129 93 74 64 108 200 121 126 228 158 173 61 84 229 96 82 94 95 141 3719 90 90 115 596 1494 135 81
internal_value=-0.00139985 -0.00124159 -0.00137247 -0.00115441 -0.00133049 -0.000650347 -0.00109392 -0.00374803 -0.00471002 -0.00208032 -0.00984026 0.000522946 -0.0107743 -0.0053125 -0.000911458 0.00823529 -0.00143546 0.00163062 -0.00110891 -0.00413712 0.00378866 0.0135435 -0.000886076 -0.0007083 0.000498855 7.29357e-05 -0.00268222 -0.00205971 -0.004 -0.00525
internal_weight=9346 9213 9099 8848 8676 6776 6458 1900 1771 1240 308 932 531 331 187 318 824 596 500 418 189 225 6394 6320 3924 3834 2396 2306 1710 1575
internal_count=9346 9213 9099 8848 8676 6776 6458 1900 1771 1240 308 932 531 331 187 318 824 596 500 418 189 225 6394 6320 3924 3834 2396 2306 1710 1575
is_linear=0
shrinkage=0.035


Tree=138
num_leaves=31
num_cat=0
split_feature=115 134 82 82 21 134 182 19 85 19 148 148 4 274 223 185 13 203 97 272 20 60 22 48 242 49 36 115 197 93
split_gain=10.5724 11.0535 10.6686 15.0741 13.8859 9.98308 9.91148 9.75193 12.0166 10.6918 11.8058 13.5786 19.7591 16.4284 17.4664 15.9497 15.839 20.3319 19.4281 17.7735 18.0817 27.49 21.1237 24.717 20.9019 19.3141 22.7994 21.0261 18.9114 17.8046
threshold=25649.000000000004 0.006413741973541773 28232.500000000004 20933.500000000004 0.14414999634027484 0.0052539395113990585 0.074753433306763442 526.50000000000011 525.50000000000011 539.50000000000011 14363.000000000002 7641.0000000000009 -59.635800937290405 0.13364420642774227 0.66099596050216358 0.0091139029921953815 100.94281430111805 -0.74666114254037574 6.1041847800746849 0.035599995404481895 32.437942551964973 8785.0000000000018 0.19945000112056735 3.1488999128341679 28.660313631342177 13816.500000000002 -14.485885052713835 13054.500000000002 0.00054378992802345131 8858.5000000000018
decision_type=2 2 2 2 2 2 2 2 2 2 2 2 2 2 2 2 2 2 2 2 2 2 2 2 2 2 2 2 2 2
left_child=1 5 3 7 -5 -1 -2 -3 -9 -10 11 13 -13 16 -15 -16 17 18 -11 20 25 22 24 -24 -22 28 -27 -28 -19 -23
right_child=6 2 -4 4 -6 -7 -8 8 9 10 -12 12 -14 14 15 -17 -18 19 -20 -21 21 29 23 -25 -26 26 27 -29 -30 -31
leaf_value=-6.668026189394772e-06 -0.00015708583895540363 -0.0052950773887395228 0.0026055905073110778 -0.0043261835545315881 -0.00016921751679806364 -0.0026016769196009143 -0.0016637994174332454 0.010216689138860736 -0.0075044410636384085 -0.0022566907403099635 0.001201019475680425 0.00033667017618703584 -0.0013501984052648201 0.00057421275764084909 -0.0010379514758295581 -8.9996657844846343e-05 0.0066777863546689416 -1.5738536942916938e-05 0.0034494064870183856 -0.0015820958584130539 -0.0011254118094217015 0.010947373219442452 0.0096281361486213676 -0.001239071083958205 0.0061108109690860253 0.016286467868036881 0.0033603159226885775 -0.0030169867987352226 -0.0031027320552961249 0.00076469703929170482
leaf_weight=113 69 76 89 68 68 147 64 63 65 285 244 292 777 168 918 3731 207 201 60 147 77 187 109 337 158 63 102 81 130 250
leaf_count=113 69 76 89 68 68 147 64 63 65 285 244 292 777 168 918 3731 207 201 60 147 77 187 109 337 158 63 102 81 130 250
internal_value=-0.00128756 -0.00114287 -0.000933802 -0.00105762 -0.0124113 -0.00818868 -0.0109058 -0.000873697 -0.000760079 -0.000875611 -0.000763278 -0.000988533 -0.00466015 -0.00044138 -0.00161862 -0.00202299 0.0019258 0.00103786 -0.0067 0.00250135 0.00352059 0.00610864 0.00168367 -0.00279379 0.0100625 -0.00150344 0.00585657 -0.000558511 -0.00697917 0.0129072
internal_weight=9346 9213 8953 8864 136 260 133 8728 8652 8589 8524 8280 1069 7211 4817 4649 2394 2187 345 1842 1695 1118 681 446 235 577 246 183 331 437
internal_count=9346 9213 8953 8864 136 260 133 8728 8652 8589 8524 8280 1069 7211 4817 4649 2394 2187 345 1842 1695 1118 681 446 235 577 246 183 331 437
is_linear=0
shrinkage=0.035


Tree=139
num_leaves=31
num_cat=0
split_feature=126 137 13 13 69 244 270 137 126 76 203 203 104 49 71 190 153 163 59 42 38 53 144 71 113 223 7 64 26 49
split_gain=10.207 10.401 12.5725 17.8509 16.6876 12.2886 11.7304 17.1928 10.3864 15.1362 12.5579 14.4349 13.1153 12.0453 16.0324 20.5556 20.5647 21.0743 23.3666 21.0435 19.8113 19.0476 15.5755 15.4134 19.5026 19.181 18.9139 21.9357 20.1596 23.1717
threshold=31768.500000000004 112.00000000000001 116.96913404868909 125.59404039187969 -6.000566447622611 0.0083499997854232805 146.99191822637354 3581.5000000000005 12507.000000000002 0.33425000309944158 -0.49023724862072143 -0.029462097987423146 7308.5000000000009 24269.000000000004 14669.500000000002 -0.031149998307228085 0.58482681204112563 0.22227917918130149 4.5253000259399423 20.130349188222102 9609.5000000000018 -28.316695192256432 34.651923743115638 12806.000000000002 -3.9963208913911363 2.301801123647206 -37.143720133855048 6.5950446708507036 2.8265000581741337 13914.000000000002
decision_type=2 2 2 2 2 2 2 2 2 2 2 2 2 2 2 2 2 2 2 2 2 2 2 2 2 2 2 2 2 2
left_child=1 5 6 -4 -5 -1 8 -8 13 -10 12 -12 -11 14 23 -16 17 18 -17 -19 21 -21 -15 25 -25 -3 -26 -28 29 -29
right_child=-2 2 3 4 -6 -7 7 -9 9 10 11 -13 -14 22 15 16 -18 19 -20 20 -22 -23 -24 24 26 -27 27 28 -30 -31
leaf_value=0.0060635839731749798 0.0055069157064580763 0.00046796101331067713 -0.0033720577241218128 0.0016187704523105623 -0.0018976278099340632 -0.00062834158684017382 0.012856974246149266 -7.2927398899750865e-05 -0.0016581402782058165 -0.0016754961365464368 -0.0015154113923599223 0.000101154486496578 0.0045675989650977794 -0.0032917544635487285 -0.0014191031096398258 0.0084299411455261587 0.0038222734126022082 0.00036475786490770411 -0.00086292649991280177 -0.00025032139461780433 0.0011056381136023575 -0.0027809760327144476 0.0023922163954579181 0.0035524104071214275 -0.0038029793702945925 -0.00021864073181636386 -0.0024544424377646768 -0.00046405824533768159 -0.00064169933035227475 0.0062185899234654882
leaf_weight=88 64 655 92 77 117 75 64 111 245 68 112 105 116 89 60 225 115 342 103 60 112 94 63 95 136 5225 119 140 277 102
leaf_count=88 64 655 92 77 117 75 64 111 245 68 112 105 116 89 60 225 115 342 103 60 112 94 63 95 136 5225 119 140 277 102
internal_value=-0.00124265 -0.00134166 -0.00149989 -0.00865979 -0.00246231 0.00729167 -0.00126329 0.00758333 -0.00144638 -0.00569892 -0.00146552 -0.00709459 0.00518519 -0.00110016 -0.000907819 0.00297939 0.00414299 0.00238045 0.00945946 -0.0014845 -0.00878229 -0.0167296 -0.0107006 -0.00154945 -0.00588673 -0.000903993 -0.00772786 -0.00511664 -0.00193702 0.00538462
internal_weight=9346 9282 9119 286 194 163 8833 175 8658 646 401 217 184 8012 7860 1111 1051 936 328 608 266 154 152 6749 869 5880 774 638 519 242
internal_count=9346 9282 9119 286 194 163 8833 175 8658 646 401 217 184 8012 7860 1111 1051 936 328 608 266 154 152 6749 869 5880 774 638 519 242
is_linear=0
shrinkage=0.035


Tree=140
num_leaves=31
num_cat=0
split_feature=193 93 203 17 27 17 173 225 173 242 173 225 71 240 13 115 135 137 270 26 10 270 6 107 93 93 165 71 80 115
split_gain=12.5413 15.4428 20.8499 25.4812 19.7086 24.7053 17.4879 24.1649 22.1381 20.7042 19.4815 23.5007 22.789 18.245 17.9601 21.6456 28.7707 15.8336 24.7741 15.7649 20.6185 33.7801 28.4624 15.619 14.9504 14.7481 13.612 26.8549 17.6445 25.579
threshold=-0.94763260511140979 2287.5000000000005 -0.49940467258973059 -7.0788212586003754 8644.0000000000018 -17.219714541251701 0.44591921594037348 0.38176451524991584 0.42145062720768789 46.521351698386681 0.47152278826509203 0.17255824742491208 9329.0000000000018 -5.487985238628589 12.509650257790405 15547.500000000002 -1.2587067835662904 2160.0000000000005 71.247452100491913 3.3583999872207646 24.533634422575023 43.526731145674908 -27.152676401425154 660.50000000000011 19183.000000000004 3574.5000000000005 0.019114553697616787 5312.0000000000009 -7.1661701348008657 9887.0000000000018
decision_type=2 2 2 2 2 2 2 2 2 2 2 2 2 2 2 2 2 2 2 2 2 2 2 2 2 2 2 2 2 2
left_child=-1 4 3 -3 5 -2 8 10 14 -10 12 -12 -8 -13 -4 17 -17 18 -16 25 -21 -22 -23 -5 -15 -19 -27 -28 29 -29
right_child=1 2 6 23 -6 -7 7 -9 9 -11 11 13 -14 24 15 16 -18 19 -20 20 21 22 -24 -25 -26 26 27 28 -30 -31
leaf_value=0.0025821759168313595 -0.0028775602313342425 0.0052702086375951305 0.0037920501824359209 0.00016794178315297046 -0.0046746568869681449 5.2915621636875707e-05 0.017884209215362927 -0.0024067050013046247 -0.00032963249312339238 -0.0042671153008685681 -7.0048391476392472e-05 -0.00082942611299732024 0.00065309008707074249 0.006187764052289821 -0.0045575317695868891 0.00030757432901862064 -0.0031061381011946772 0.0059757941680660849 0.006688787075535778 0.0036175294483004575 -0.0032595281088139624 -0.0015076150301945607 0.0034202880435365642 -0.0013388838032560801 -0.00027296712753139163 -0.0012357995830352625 0.011381984247363662 -0.0020489833591766102 -7.2129174733207572e-05 0.00023770282081487352
leaf_weight=231 234 395 95 482 150 557 70 125 123 131 2190 106 98 212 173 140 266 81 76 213 113 137 217 70 60 398 122 490 1337 254
leaf_count=231 234 395 95 482 150 557 70 125 123 131 2190 106 98 212 173 140 266 81 76 213 113 137 217 70 60 398 122 490 1337 254
internal_value=-0.00129505 -0.00150055 -0.0010099 0.00386029 -0.00573467 -0.00347362 -0.0016503 0.000476274 -0.00304278 -0.012973 0.00117475 0.000408084 0.0125434 0.00840731 -0.00241438 -0.00277598 -0.0103893 -0.0019068 -0.0103346 -0.00126819 0.00347445 -0.000667373 0.00467967 -0.00100539 0.0131408 -0.00247488 -0.00294129 -0.00185462 -0.00280201 -0.0071028
internal_weight=9346 9115 8174 947 941 791 7227 2861 4366 254 2736 2568 168 378 4112 4017 406 3611 249 3362 680 467 354 552 272 2682 2601 2203 2081 744
internal_count=9346 9115 8174 947 941 791 7227 2861 4366 254 2736 2568 168 378 4112 4017 406 3611 249 3362 680 467 354 552 272 2682 2601 2203 2081 744
is_linear=0
shrinkage=0.035


Tree=141
num_leaves=31
num_cat=0
split_feature=115 193 93 27 69 205 193 27 79 2 143 137 137 30 163 160 126 49 215 49 261 19 232 52 19 143 11 13 5 104
split_gain=10.9765 9.86523 13.0995 21.0205 20.1404 22.0996 17.5961 14.6392 14.8774 13.5166 13.8798 13.416 13.2501 13.0326 16.1846 12.6261 14.6295 31.3764 18.0317 14.2043 13.4861 28.4271 11.9264 18.7285 24.1843 18.1099 17.6707 18.4804 16.2382 15.2309
threshold=27848.000000000004 -0.94763260511140979 2287.5000000000005 8644.0000000000018 -5.202270634142927 0.01814957640204163 -0.80127469776509919 4513.5000000000009 0.010610144162081987 665.72998046875011 0.32005000114440924 462.50000000000006 922.00000000000011 522.50000000000011 -0.48044760455352203 0.061499990522861488 1326.0000000000002 6862.0000000000009 -0.098149999976158128 3317.5000000000005 550.37500000000011 666.50000000000011 40.8936087496431 575.50000000000011 590.50000000000011 0.33174999058246618 178.50210782195327 45.098885793964591 13.553231435433878 4394.5000000000009
decision_type=2 2 2 2 2 2 2 2 2 2 2 2 2 2 2 2 2 2 2 2 2 2 2 2 2 2 2 2 2 2
left_child=1 -1 3 4 5 9 -4 -6 -9 10 -3 -8 -12 -13 -15 19 17 -17 -19 -16 -18 -22 23 26 28 -26 27 -21 -25 -29
right_child=-2 2 6 -5 7 -7 11 8 -10 -11 12 13 -14 14 15 16 20 18 -20 22 21 -23 -24 24 25 -27 -28 29 -30 -31
leaf_value=0.0024917997597422624 -0.0018288433900296838 0.005779913316720597 0.010550618344836935 -0.0045110438959242594 -0.0027929112638725327 -0.0010493324361810382 0.0067545307708768102 -0.0029591849813454889 0.00074241661445105306 -0.0025374518686240321 -0.00091161092877846319 0.0072719165906173751 0.0058106730322375014 -0.0029407559786175379 0.003632883130429664 -0.0059498848739552232 -0.0030354484087599994 0.0095393196584267707 -0.00011601432148724778 -0.0025171953912152042 0.0096921640415080137 -0.0037094554594556536 0.0065402963960254521 0.037984100002338407 -7.3370374786745364e-05 -0.0023690232189973104 -0.0071790173297321446 0.00067335606085727816 0.0032724237899399147 -0.0042333266047591654
leaf_weight=231 105 103 70 150 174 115 64 76 75 60 128 68 60 112 83 96 133 71 63 103 66 108 150 80 6029 188 98 231 98 158
leaf_count=231 105 103 70 150 174 115 64 76 75 60 128 68 60 112 83 96 133 71 63 103 66 108 150 80 6029 188 98 231 98 158
internal_value=-0.00141482 -0.00128326 -0.00146755 -0.00536469 -0.00303392 0.00163482 -0.00101003 -0.00965152 -0.00157051 0.00599719 0.00910473 -0.00116754 0.00326425 -0.00130038 -0.0014361 -0.00124034 -0.00639299 0.000297872 0.0110791 -0.000852831 -0.0113301 -0.00469274 -0.00102451 -0.00123677 -0.000683594 -0.00105191 -0.00717647 -0.0043662 0.0118579 -0.000799492
internal_weight=9346 9241 9010 941 791 466 8069 325 151 351 291 7999 188 7935 7867 7755 537 230 134 7218 307 174 7135 6985 6395 6217 590 492 178 389
internal_count=9346 9241 9010 941 791 466 8069 325 151 351 291 7999 188 7935 7867 7755 537 230 134 7218 307 174 7135 6985 6395 6217 590 492 178 389
is_linear=0
shrinkage=0.035


Tree=142
num_leaves=31
num_cat=0
split_feature=115 115 115 153 82 90 203 137 8 30 183 166 151 91 173 192 82 126 58 126 26 27 17 243 169 71 5 154 211 23
split_gain=11.0518 10.8862 23.5076 20.0871 32.8052 21.7824 17.8954 22.3832 23.6868 16.3179 19.8148 16.1465 15.7232 15.1553 14.1738 21.3276 16.5886 18.3838 34.5474 21.7758 18.3285 18.8596 14.3626 13.9769 13.9019 13.2098 13.1308 12.7471 16.5002 16.1621
threshold=27848.000000000004 10416.500000000002 12314.000000000002 0.18979577716554491 6899.5000000000009 0.015444231459409931 -0.27153196696609866 6914.5000000000009 -36.770825394673771 602.50000000000011 0.34365083996921569 -2.4911292017761766 0.19282499700784686 -3.8374765318776158 0.010146813696312528 -0.63346238032049829 12089.000000000002 1138.5000000000002 -6.2642832995992963 2088.0000000000005 3.1794999837875371 10463.000000000002 -0.30088648201587181 5.1401600329078789 18.770799331923978 14125.000000000002 21.911960982136822 -0.34482757506034639 -0.016726712378886031 2.020394356666078
decision_type=2 2 2 2 2 2 2 2 2 2 2 2 2 2 2 2 2 2 2 2 2 2 2 2 2 2 2 2 2 2
left_child=1 24 3 4 -3 26 -4 8 13 -6 12 25 -11 -8 -13 -16 17 18 -17 -19 21 -21 -23 -20 27 -9 -5 28 -1 -29
right_child=-2 2 6 5 9 -7 7 11 -10 10 -12 14 -14 -15 15 16 -18 19 23 20 -22 22 -24 -25 -26 -27 -28 29 -30 -31
leaf_value=-0.0025457379115393589 -0.0017648338713786463 0.0090468139752462231 0.010689643127444661 -0.0010819428223277552 -0.0033650477166333368 -0.0014065728259203608 0.00079086758670194484 0.0072650828084903883 -0.004216039466911189 0.012775118935706068 -0.001557943799856914 -0.0010845141811586391 3.1472230496371049e-06 -0.0012565396593151586 -0.0013657750192911495 -0.0002079781489636329 0.0083563813254180878 -0.0036527695198109653 0.00040096036158604801 -0.0030125372465744458 -0.0012882704409207702 0.0034428562459013516 0.00021076578063257718 0.0041474649660301031 -0.0023903361511247003 5.0397446406031117e-05 0.00060299768994948218 -0.00086531158437166478 0.0028818092959317027 -0.00017966969985743267
leaf_weight=86 105 216 73 89 70 120 69 78 75 89 70 211 67 129 103 273 86 76 123 63 127 82 134 73 100 104 159 838 331 5127
leaf_count=86 105 216 73 89 70 120 69 78 75 89 70 211 67 129 103 273 86 76 123 63 127 82 134 73 100 104 159 838 331 5127
internal_value=-0.00137739 -0.0012454 0.000595152 0.00529944 0.00974855 -0.000938338 -0.00161624 -0.00231916 -0.0114568 0.00209302 0.00666667 -0.000659948 0.0134783 -0.00482759 -0.00198746 -0.000427948 0.00110845 -0.000256276 0.0046519 -0.0050308 -0.00170316 0.00332746 0.00823529 0.0156716 -0.00202867 0.00898396 0.00498024 -0.00181932 0.00406398 -0.00223367
internal_weight=9346 9241 2759 880 512 368 1879 1806 273 296 226 1533 156 198 1351 1140 1037 951 469 482 406 279 216 196 6482 182 248 6382 417 5965
internal_count=9346 9241 2759 880 512 368 1879 1806 273 296 226 1533 156 198 1351 1140 1037 951 469 482 406 279 216 196 6482 182 248 6382 417 5965
is_linear=0
shrinkage=0.035


Tree=143
num_leaves=31
num_cat=0
split_feature=60 60 115 269 164 225 49 158 37 132 136 271 122 246 246 82 183 256 124 205 196 194 142 104 270 185 38 203 219 203
split_gain=11.0935 12.2761 12.1185 10.2556 11.0969 10.0663 18.2969 34.5369 23.8567 26.9226 19.9725 17.3742 20.5106 19.4292 17.7488 17.632 15.977 15.1101 17.3255 15.1209 15.0562 14.6475 14.3134 14.086 13.4285 13.1437 11.9323 11.5575 11.4776 23.6528
threshold=287.50000000000006 579.00000000000011 27848.000000000004 3.5125204846120366 -0.13235292601768642 0.21637540354191209 9304.5000000000018 0.014949992299079897 2.5851999521255498 0.19160000234842303 2.9422500133514409 6.9066059025794608 18.297028090057697 0.74638454479512117 0.23236383902898744 5568.0000000000009 0.2487402036795815 14.708602137676396 -1.1457465686255401 0.012782596990233855 -0.55338147973860874 -0.027395361161123882 0.79535001516342174 8794.5000000000018 60.407280260540652 0.0092440710458112762 8515.0000000000018 0.63853876211140526 -8.6660788410095098 0.51026205725691332
decision_type=2 2 2 2 2 2 2 2 2 2 2 2 2 2 2 2 2 2 2 2 2 2 2 2 2 2 2 2 2 2
left_child=-1 3 5 4 -2 17 7 8 24 -10 -9 12 13 23 16 -14 22 -3 28 -20 -21 -11 -13 -8 -7 -23 -17 -16 -19 -30
right_child=1 2 -4 -5 -6 6 11 10 9 21 -12 14 15 -15 27 26 -18 18 19 20 -22 25 -24 -25 -26 -27 -28 -29 29 -31
leaf_value=0.0002149480307139007 -0.00020774482376831162 0.0050310565124687835 -0.0019045457018530983 8.2383528596475809e-05 -0.0015549483251740977 -0.0040323625563955827 0.010157565013163101 -0.00037532177308244433 0.0098120375131344854 0.0070078949112931449 0.010571143787715391 0.00069264717248834773 0.0033195953858271834 -0.0017249930487841496 -0.0056491504965206826 -0.0007896884127489795 0.0024225695996306375 1.8762919316308304e-05 -0.003944750793531333 0.0013869747008508322 -0.0017129932630450294 -0.0028489435889595279 -0.0035174508458958409 0.000186107555727722 -0.00014789050648596509 1.7927938304025948e-05 -0.0026983017159928914 -0.00096753710800284059 -0.0012406238321218789 -9.2099283017159093e-05
leaf_weight=122 64 60 97 79 108 94 102 68 85 65 141 79 86 60 113 74 74 5676 86 70 174 110 102 100 60 99 171 141 229 757
leaf_count=122 64 60 97 79 108 94 102 68 85 65 141 79 86 60 113 74 74 5676 86 70 174 110 102 100 60 99 171 141 229 757
internal_value=-0.00145974 -0.00160039 -0.00138394 -0.00916016 -0.0138418 -0.00124536 -0.00355932 0.000770289 -0.00412162 0.000865385 0.0125935 -0.00638663 -0.00228261 0.00498127 -0.0110992 -0.00802083 -0.00444231 -0.00064475 -0.000800343 -0.00856716 -0.00393574 -0.00451613 -0.00997312 0.0101449 -0.0154088 -0.00899533 -0.01274 -0.0175676 -0.00040948 -0.00388496
internal_weight=9346 9224 8973 251 172 8876 1824 722 513 359 209 1102 593 262 509 331 255 7052 6992 330 244 274 181 202 154 209 245 254 6662 986
internal_count=9346 9224 8973 251 172 8876 1824 722 513 359 209 1102 593 262 509 331 255 7052 6992 330 244 274 181 202 154 209 245 254 6662 986
is_linear=0
shrinkage=0.035


Tree=144
num_leaves=31
num_cat=0
split_feature=169 60 193 100 90 93 183 28 137 213 180 38 71 148 173 126 266 256 221 270 140 93 11 9 89 91 126 213 224 207
split_gain=12.2145 10.4882 10.0573 12.473 11.9861 10.4173 17.444 18.1931 15.7989 22.3039 20.6306 23.9519 16.9168 17.2292 17.6047 16.4141 17.8325 18.7519 21.554 19.9175 19.5788 29.1162 22.8862 23.201 19.1025 18.9651 18.5499 18.0334 16.6741 16.3503
threshold=18.770799331923978 287.50000000000006 -0.94763260511140979 31.932194503269368 0.008219185452495845 2287.5000000000005 -0.80370806139399764 234.50000000000003 2736.0000000000005 11.765262702852894 -0.0013500005006790159 4894.0000000000009 7957.0000000000009 7961.0000000000009 0.33374081411757034 12792.500000000002 -0.1765070207071506 26.656275469136954 30.507569355368634 44.548106766287461 640.50000000000011 12539.500000000002 64.951792220449605 47.373836296195236 14.944287080326538 -3.1670073036745019 1532.5000000000002 11.162473935884295 0.62446142469427224 -0.068440444879310017
decision_type=2 2 2 2 2 2 2 2 2 2 2 2 2 2 2 2 2 2 2 2 2 2 2 2 2 2 2 2 2 2
left_child=1 -1 3 -3 -5 6 7 -4 9 10 11 -7 -12 14 -14 16 -10 18 28 -20 21 22 24 -24 -19 -23 -27 -22 -18 -25
right_child=-2 2 5 4 -6 8 -8 -9 15 -11 12 -13 13 -15 -16 -17 17 20 19 -21 27 25 23 29 -26 26 -28 -29 -30 -31
leaf_value=0.00020742484963891529 -0.0010664027617593801 0.0058260939629341587 0.0019266744938355289 0.0055196321690550746 -0.0046351021813512312 -0.00087346129726388621 -0.0018065035917659111 -0.00026639977208350434 -0.0003457625417027824 0.01095858649918445 -0.0015162843617218557 0.0077018693472390232 0.0071828449964920224 -0.0028752008563620417 -0.00031234352357444668 -0.00073638430775385243 -0.00012466754012928545 0.0095693305912411871 -0.0024211415273825815 -6.6517119384052476e-05 -0.00043840682884480899 -0.0029305169629340803 -0.003188020350377413 0.0028775543913305201 0.00013370630054427763 0.0070264599264146885 -0.00067909665288004995 0.0011049995011614257 0.0016384818258210329 -6.4827264345875275e-05
leaf_weight=122 216 103 102 63 61 80 652 171 2334 113 542 149 258 88 107 367 335 179 238 143 193 189 208 106 190 64 103 871 70 929
leaf_count=122 216 103 102 63 61 80 652 171 2334 113 542 149 258 88 107 367 335 179 238 143 193 189 208 106 190 64 103 871 70 929
internal_value=-0.00136991 -0.00117241 -0.00131255 0.00588362 -0.00162791 -0.00150182 -0.00500538 0.00239209 -0.00108638 0.00237332 0.000968267 0.0103205 -0.001225 0.00374454 0.00709459 -0.00179721 -0.0013643 0.000109861 -0.00469027 -0.0106088 0.00135989 -0.000709579 0.0012987 -0.000981571 0.00889037 -0.00969529 -0.00101744 0.00517306 0.000939024 0.00117788
internal_weight=9346 9130 9008 227 124 8781 925 273 7856 1337 1224 229 995 453 365 6519 6152 3818 786 381 3032 1968 1612 1243 369 356 167 1064 405 1035
internal_count=9346 9130 9008 227 124 8781 925 273 7856 1337 1224 229 995 453 365 6519 6152 3818 786 381 3032 1968 1612 1243 369 356 167 1064 405 1035
is_linear=0
shrinkage=0.035


Tree=145
num_leaves=31
num_cat=0
split_feature=169 193 179 49 49 26 49 45 52 225 271 27 6 122 244 113 256 272 261 104 104 93 69 179 120 50 92 240 153 273
split_gain=10.4891 9.55941 14.7761 10.4404 25.8124 27.4261 24.1343 21.3851 18.4989 18.3401 18.9438 19.6729 19.1173 19.901 17.4269 16.0591 15.6293 19.3023 15.6065 15.272 14.5865 14.465 16.6455 19.0169 15.3704 15.3155 15.6171 16.3096 14.9639 13.9171
threshold=18.770799331923978 -0.96438248944394667 15.985382416928852 8314.5000000000018 9304.5000000000018 1.9971999526023867 8673.0000000000018 6.0691720859719007 656.50000000000011 0.2125486178979494 6.9066059025794608 9656.5000000000018 -13.826770277229841 19.214551478582589 0.017149999737739566 -2.0372728187870579 27.730905693904152 0.024899993091821674 532.30499267578136 5165.5000000000009 6855.5000000000009 14443.000000000002 -4.8269378859085004 17.415195790698128 0.66154998540878307 270.50000000000006 4.3325998783111581 17.610065364275233 0.40961497589581725 0.4339244742961394
decision_type=2 2 2 2 2 2 2 2 2 2 2 2 2 2 2 2 2 2 2 2 2 2 2 2 2 2 2 2 2 2
left_child=1 2 -1 16 5 -5 8 -8 14 -6 11 -11 13 -13 -7 -14 17 20 -12 -15 -3 22 25 29 -25 -18 27 -27 -23 -24
right_child=-2 3 -4 4 9 6 7 -9 -10 10 18 12 15 19 -16 -17 21 -19 -20 -21 -22 28 23 24 -26 26 -28 -29 -30 -31
leaf_value=-0.0033492637347462347 -0.0010290786650978009 -0.0023341103942834131 0.011767815598529491 -0.0012099429132092076 7.9081418600912563e-07 0.00049953891352183262 0.001615936376122742 0.0096295861599618483 0.0097932551585253498 -0.001716654107285094 4.0481306879994189e-05 0.0049050598376313833 0.000542825793559784 0.0068613896336713635 -0.00092497742603172943 -0.0061868892880563454 0.00091000293054101559 3.1821827161598594e-05 -0.0028387600500576356 -0.0013364279622961491 -0.00028015689952896498 -6.6317874600388411e-06 -0.0014406202894631428 -0.00011883826223741512 0.0069004344088771557 -0.00070053557706145468 0.00020039788717462649 0.0036502554336948208 -0.0037640087835336534 0.00062452493083533904
leaf_weight=69 216 119 80 122 3219 129 153 195 64 112 125 148 73 72 114 60 506 108 400 132 87 90 861 248 77 768 643 168 118 70
leaf_count=69 216 119 80 122 3219 129 153 195 64 112 125 148 73 72 114 60 506 108 400 132 87 90 861 248 77 768 643 168 118 70
internal_value=-0.00133248 -0.00114943 0.0075 -0.00129702 -0.000259614 0.00559463 0.00843182 0.0146742 0.00123397 -0.0013127 -0.00515528 -0.000872093 0.00221429 0.00647059 -0.00324597 -0.00887681 -0.00266934 -0.010094 -0.0099717 -0.000669856 -0.0162559 -0.00199916 -0.00143305 -0.00460745 0.00265152 0.000485646 -0.00121528 -0.00409139 -0.0108451 -0.00714209
internal_weight=9346 9130 149 8981 5118 777 655 348 307 4341 1122 597 485 352 243 133 3863 314 525 204 206 3549 3341 1256 325 2085 1579 936 208 931
internal_count=9346 9130 149 8981 5118 777 655 348 307 4341 1122 597 485 352 243 133 3863 314 525 204 206 3549 3341 1256 325 2085 1579 936 208 931
is_linear=0
shrinkage=0.035


Tree=146
num_leaves=31
num_cat=0
split_feature=169 25 176 30 247 261 148 8 103 203 213 27 261 12 91 30 232 180 274 47 54 222 181 99 115 49 242 49 49 153
split_gain=9.70572 10.0075 11.7162 10.9108 15.0704 12.0397 22.2223 9.7858 14.2351 15.9899 15.8062 21.0059 18.7813 15.7889 15.5005 18.259 17.6904 14.8458 14.0603 20.2067 14.0215 13.7807 20.6975 13.1332 13.3274 12.9461 25.8504 18.7527 21.613 19.818
threshold=18.770799331923978 -6.6168659784330037 -0.47796535658556166 681.50000000000011 683.05499267578136 618.03500366210949 2739.5000000000005 -33.251627484801666 6.0666501522064218 -0.31999932534582665 12.088546584961048 14447.500000000002 606.88500976562511 12.71563622300433 -2.9636911743865428 661.50000000000011 6.2784898385565011 0.0058500021696090707 0.5853986500351559 -9.2350889462048222 0.23224999755620959 4.8538002465405041 0.12055000104010107 0.14360000193119052 10063.000000000002 6907.5000000000009 44.853633591419076 6340.0000000000009 4917.0000000000009 0.53712727600392995
decision_type=2 2 2 2 2 2 2 2 2 2 2 2 2 2 2 2 2 2 2 2 2 2 2 2 2 2 2 2 2 2
left_child=1 3 -3 4 5 7 -7 25 9 -9 11 12 13 14 15 16 21 -16 19 -13 -14 22 -11 -24 -25 26 -1 28 29 -28
right_child=-2 2 -4 -5 -6 6 -8 8 -10 10 -12 18 20 -15 17 -17 -18 -19 -20 -21 -22 -23 23 24 -26 -27 27 -29 -30 -31
leaf_value=-0.00081135400719776162 -0.0009930609118193772 -0.0020243436019996234 -0.00045716222196888901 0.0056730872992096833 -0.0019559405977824448 0.0049863338500108247 -0.00090526704049311078 -0.0037088079935386539 -0.0022426258292915168 -0.00089838600806527343 0.0014133865439666556 0.0026671234875565472 -0.0014634906482538725 -0.0011136299657488187 -0.00097350043948461978 0.0039056427965459949 -0.00059417792753855615 0.0012753094048317838 -0.001797064154656639 -0.004358057732998499 -6.2146926866462905e-05 0.0012300584394562607 0.0034860861614632115 0.0016819782032913143 -0.0030231320174933527 9.1424804113327543e-05 5.3785693850283424e-06 -0.0016154265886002791 0.0029503568729644051 -0.0012370795341596216
leaf_weight=485 216 126 360 92 80 101 119 122 138 61 99 61 93 63 288 97 391 61 98 72 106 236 124 89 64 3685 1133 135 385 166
leaf_count=485 216 126 360 92 80 101 119 122 138 61 99 61 93 63 288 97 391 61 98 72 106 236 124 89 64 3685 1133 135 385 166
internal_value=-0.00130253 -0.00112644 -0.00598778 -0.000849809 -0.000981652 -0.000834021 0.00715556 -0.00105123 -0.00300926 -0.00228404 -0.00151643 -0.00223677 -0.000855185 0.000520622 0.00131003 0.00341143 0.00191237 -0.00504237 -0.0120127 -0.00431159 -0.0108088 0.00580311 0.00122449 0.00533688 -0.00155063 -0.000309476 -0.00236466 -0.000441338 0.000580225 -0.00158359
internal_weight=9346 9130 486 8644 8552 8472 220 8252 2263 2125 2003 1904 1673 1474 1411 1062 965 349 231 133 199 574 338 277 153 5989 2304 1819 1684 1299
internal_count=9346 9130 486 8644 8552 8472 220 8252 2263 2125 2003 1904 1673 1474 1411 1062 965 349 231 133 199 574 338 277 153 5989 2304 1819 1684 1299
is_linear=0
shrinkage=0.035


Tree=147
num_leaves=31
num_cat=0
split_feature=126 134 134 219 183 10 1 274 93 93 23 261 104 193 45 93 193 26 160 192 30 112 126 246 162 22 270 199 134 126
split_gain=8.79412 8.66535 9.38768 9.15343 16.3601 13.5082 21.2816 20.5862 12.1059 23.5779 18.88 17.7549 17.5131 24.793 14.5456 13.2743 19.2429 23.8419 18.461 14.8225 13.9447 11.8379 11.737 11.7299 11.6027 14.2674 26.2597 16.4188 15.1999 12.4653
threshold=31768.500000000004 0.006413741973541773 0.0052539395113990585 -18.376165308860344 -0.24011217863597858 30.734172398260622 667.50000000000011 0.27708603469760079 13219.000000000002 14529.500000000002 1.0975861315903588 578.44500732421886 3452.5000000000005 0.96097446056169744 3.4011066545157069 11747.500000000002 0.63297894009083022 2.2848500013351445 0.031700003892183311 0.75239037196456138 594.50000000000011 0.016403063822722452 2796.0000000000005 0.7343783609955763 0.32926363450017071 0.17544999718666079 58.192585344565884 15.328220804993038 0.018564345604713286 12507.000000000002
decision_type=2 2 2 2 2 2 2 2 2 2 2 2 2 2 2 2 2 2 2 2 2 2 2 2 2 2 2 2 2 2
left_child=1 2 -1 24 -5 7 -7 -6 10 14 -8 21 13 -13 -10 16 18 -18 -12 20 -19 -11 -17 -22 29 26 28 -27 -26 -3
right_child=-2 3 -4 4 5 6 8 -9 9 11 15 12 -14 -15 -16 22 17 19 -20 -21 23 -23 -24 -25 25 27 -28 -29 -30 -31
leaf_value=-5.7766630460185383e-05 0.0046354919352700223 0.00010965493199869005 -0.0023947228231581469 -0.00372673435533138 0.0037530012265903465 -0.0021543432240743393 0.0045312705064751505 -0.0001363715512013164 -0.002832906385648743 -0.0015834500559510159 0.0020568641345081536 0.018668166075073649 -0.00018878323314342946 -5.9920578110983505e-05 -0.00019941234545641434 0.0019012089453093524 -0.0025331129782258104 0.00066107166757841177 -0.00030222841834385606 0.0028791505968964455 -0.0037685472396989969 6.2027451023972951e-05 -0.00016215295640234717 -3.6004353452440132e-07 -0.00017690124049254019 -0.00016016375121450933 0.00082192841622107311 -0.0016424895927670488 -0.0025162185171369316 -0.00038638939261710973
leaf_weight=114 64 4153 148 108 76 125 92 103 148 83 142 62 88 71 60 126 240 88 214 82 141 64 70 107 445 648 350 553 144 437
leaf_count=114 64 4153 148 108 76 125 92 103 148 83 142 62 88 71 60 126 240 88 214 82 141 64 70 107 445 648 350 553 144 437
internal_value=-0.00129505 -0.00138688 -0.007603 -0.00120222 -0.00311111 -0.00243256 -0.00325946 0.00665761 -0.00230483 -0.00650602 -0.000428462 -0.00112601 0.00511062 0.0129348 -0.0157746 -0.00161317 -0.00322866 -0.00675716 0.0032964 -0.00165485 -0.00492669 -0.0103618 0.00661692 -0.00913043 -0.000550854 -0.00267599 0.000556144 -0.00519486 -0.00394781 0.000441785
internal_weight=9346 9282 262 9020 2290 2182 2003 179 1878 576 1302 368 221 133 208 1210 1014 658 356 418 336 147 196 248 6730 2140 939 1201 589 4590
internal_count=9346 9282 262 9020 2290 2182 2003 179 1878 576 1302 368 221 133 208 1210 1014 658 356 418 336 147 196 248 6730 2140 939 1201 589 4590
is_linear=0
shrinkage=0.035


Tree=148
num_leaves=31
num_cat=0
split_feature=6 93 12 182 126 56 126 193 274 64 270 43 213 210 60 220 222 214 93 5 5 43 142 145 113 87 159 49 102 242
split_gain=9.75555 12.0377 11.6356 12.4146 10.4009 9.74779 9.192 18.6192 15.9493 17.8389 21.4253 20.5505 14.8104 21.2264 14.7649 15.6613 19.6486 19.7824 17.6391 18.8954 15.064 16.3418 15.0457 14.6524 13.9709 13.4697 14.3598 13.3271 14.0747 13.2249
threshold=22.695772619345661 7278.5000000000009 9.5322375291826766 0.12363985807204241 29613.500000000004 9.8566078960477181 1461.5000000000002 0.7708875240417612 0.59409262787354544 9.3861889329371913 60.963744238215732 0.18614999949932101 12.065280569471598 -0.10871830383088503 1024.0000000000002 46.486693008949935 4.9335578613942124 0.024299979209899906 9276.5000000000018 13.811856404429207 42.52218108427936 0.26444999873638159 0.84095001220703136 0.019078014878378641 -2.6395586714767609 0.4618500024080277 16.648875602127735 10000.500000000002 -2.8634630319947791 22.448876821124681
decision_type=2 2 2 2 2 2 2 2 2 2 2 2 2 2 2 2 2 2 2 2 2 2 2 2 2 2 2 2 2 2
left_child=4 5 3 -3 6 -2 14 8 9 10 25 -12 -11 -14 20 16 22 -18 19 -19 -1 -22 -16 -13 -15 26 -8 28 -20 -9
right_child=1 2 -4 -5 -6 -7 7 29 -10 12 11 23 13 24 15 -17 17 18 27 -21 21 -23 -24 -25 -26 -27 -28 -29 -30 -31
leaf_value=0.00023097077382513878 -0.0018791102476447587 0.0010805798598692454 -0.00057093482586317639 -0.00027341939814857889 0.0023769481761619776 -0.00025467973860679173 0.0040276876613074665 -0.00021693384745816838 -0.0006133809755925119 -0.00018972585690582802 -0.0023991721946055714 -0.0025632418937434863 0.00072381805785527785 6.7029733512321559e-05 -0.0037271612800332285 0.00073088259833909461 0.009796573021506572 0.00025584076848130915 -1.2199334811347844e-05 -0.004480868292052664 -0.0012863179958154305 3.8729467812672546e-05 0.00010421420249417169 0.0037018813121187295 -0.0024537179617515623 0.0024506227409926236 -0.00027800015996058252 -0.00094479933085553011 0.0059245878433219412 -0.0045219376639744832
leaf_weight=231 95 94 101 75 65 61 225 83 328 4655 77 102 68 61 123 919 89 76 80 83 247 150 60 102 182 285 324 104 83 118
leaf_count=231 95 94 101 75 65 61 225 83 328 4655 77 102 68 61 123 919 89 76 80 83 247 150 60 102 182 285 324 104 83 118
internal_value=-0.00119025 -0.00633411 -0.00178182 0.00382184 -0.000941176 -0.013913 -0.00104684 -0.0017037 -0.00136966 -0.000960401 0.00303125 -0.00526224 -0.00185878 -0.00919304 0.000886667 0.00265413 -0.00129445 0.00222115 -0.000974478 -0.0100305 -0.00364929 -0.00774876 -0.010984 0.000669856 -0.0139718 0.00584029 0.00259025 0.00450368 0.010625 -0.0120631
internal_weight=9346 426 270 169 8920 156 8855 6610 6409 6081 1115 281 4966 311 2245 1617 698 515 426 159 628 397 183 204 243 834 549 267 163 201
internal_count=9346 426 270 169 8920 156 8855 6610 6409 6081 1115 281 4966 311 2245 1617 698 515 426 159 628 397 183 204 243 834 549 267 163 201
is_linear=0
shrinkage=0.035


Tree=149
num_leaves=31
num_cat=0
split_feature=137 8 148 49 173 224 136 211 193 183 41 225 207 173 49 204 274 213 203 115 153 82 53 193 246 47 137 137 27 13
split_gain=9.30496 9.53397 15.6386 23.9589 20.8859 20.3273 19.4465 17.6961 15.7619 14.9953 14.9687 13.6195 12.542 12.8479 17.8832 15.238 15.3315 12.4239 27.6629 15.2863 23.5696 21.2873 21.075 21.4426 21.312 19.8844 19.6748 22.0293 20.1962 19.0835
threshold=24640.000000000004 -32.866896683346731 2683.0000000000005 10475.000000000002 -0.053815632651437233 0.57515495876581368 4.1209499835968026 0.27251954975226306 0.93651263639852333 0.28051432342287969 608.50000000000011 0.090910418356339118 0.13063699757432651 0.95304790304528375 14438.000000000002 0.18839304337762908 0.4081241490280807 12.065280569471598 -0.37250436302598849 10388.500000000002 0.31954208209004759 5179.0000000000009 -25.43831375883487 0.16433419603724378 0.20622180597042145 -7.2707233601497601 11730.000000000002 9262.5000000000018 17542.500000000004 64.737916875380407
decision_type=2 2 2 2 2 2 2 2 2 2 2 2 2 2 2 2 2 2 2 2 2 2 2 2 2 2 2 2 2 2
left_child=1 17 6 4 -4 -5 7 10 -8 11 -3 -7 13 14 15 -9 -17 19 -19 26 21 25 23 -23 -25 -21 27 -1 29 -29
right_child=-2 2 3 5 -6 9 8 12 -10 -11 -12 -13 -14 -15 -16 16 -18 18 -20 20 -22 22 -24 24 -26 -27 -28 28 -30 -31
leaf_value=-0.00012044941485032186 0.0010088641442754706 0.0073204573211108201 -0.00056778172939736028 -0.0041732019441748621 -0.0037375015952523793 -0.00018996358779986761 -0.0023561734642492762 -0.00020048524765833262 0.00042278796671494539 -0.00056420235062928426 8.7888465208242977e-05 0.002336933134111019 0.0014237969109358378 0.0005625377679571524 -0.0018494266952387857 0.0044847108555629966 -1.8694902811283168e-05 0.00067775125505453954 -0.0015017542882423392 0.001239913695977322 -0.00038851835155994757 -0.0035053967336750201 0.0068133493052862718 0.0030269574008356167 -0.00058667886583521286 0.0070721857955652317 0.0047504147958813371 -0.0030270964413701843 0.0030921405914403882 0.00079688014868248367
leaf_weight=4366 88 71 135 78 110 90 195 852 61 121 144 89 142 86 157 61 121 147 249 113 371 60 208 172 216 180 224 307 63 69
leaf_count=4366 88 71 135 78 110 90 195 852 61 121 144 89 142 86 157 61 121 147 249 113 371 60 208 172 216 180 224 307 63 69
internal_value=-0.00123516 -0.00134514 -0.00318308 -0.00796975 -0.01638 -0.00237598 -0.00158839 -0.000170836 -0.0104598 0.00183607 0.00906818 0.00817935 -0.00159761 -0.00270281 -0.00365803 -0.0019538 0.0071123 -0.000658519 -0.00663342 -0.000280925 0.00306415 0.00598008 0.0024357 -0.0018543 0.00124682 0.0137416 -0.0011611 -0.00163721 -0.00906532 -0.012126
internal_weight=9346 9258 2513 623 245 378 1890 1634 256 300 215 179 1419 1277 1191 1034 182 6745 396 6349 1320 949 656 448 388 293 5029 4805 439 376
internal_count=9346 9258 2513 623 245 378 1890 1634 256 300 215 179 1419 1277 1191 1034 182 6745 396 6349 1320 949 656 448 388 293 5029 4805 439 376
is_linear=0
shrinkage=0.035


Tree=150
num_leaves=31
num_cat=0
split_feature=169 173 82 36 38 182 30 96 41 9 272 261 4 146 242 256 242 77 221 49 39 121 81 30 163 93 135 148 260 5
split_gain=8.62709 9.13574 10.4499 8.46141 14.9122 14.3271 11.5069 20.8381 15.2865 25.5686 15.5954 11.6552 15.8778 14.738 10.3803 28.1237 27.8699 26.4323 26.2774 25.8301 22.1212 22.1101 19.3801 22.3367 17.9573 17.536 18.8699 22.9826 30.904 21.1476
threshold=18.770799331923978 0.9769305443065035 283.50000000000006 -6.6348160810100278 11470.000000000002 0.49525792593885526 681.50000000000011 682.50000000000011 678.50000000000011 69.623832939759026 0.02389999479055405 610.23498535156261 9.5846020982484035 -0.80681499865715955 47.432148707055269 59.485352714034818 60.241163236643104 0.27350001037120825 86.48817582348066 12412.000000000002 26.500000000000004 0.23640000075101855 5.3466498851776132 641.50000000000011 -0.25057044741172635 10860.000000000002 -0.92191939367426268 324.50000000000006 0.41752755722817947 86.068923801453778
decision_type=2 2 2 2 2 2 2 2 2 2 2 2 2 2 2 2 2 2 2 2 2 2 2 2 2 2 2 2 2 2
left_child=1 2 -1 6 5 -5 7 8 11 10 -10 14 13 -13 17 18 -17 21 19 24 -19 -4 25 -24 -16 26 -18 -28 29 -29
right_child=-2 -3 3 4 -6 -7 -8 -9 9 -11 -12 12 -14 -15 15 16 22 20 -20 -21 -22 -23 23 -25 -26 -27 27 28 -30 -31
leaf_value=-0.00043311551706502532 -0.00092019842946986018 0.00034008011777562105 -0.00011900137627363868 -0.0019033309466379767 -0.0023899006546783245 0.0016728676316728312 0.0011820150118853046 -0.0018080089123481606 0.0099957105968759147 -0.00059502647996270642 0.00043201700022519972 0.0010660559942259026 -0.0024618353660757811 -0.0016849350799750492 0.00039140283028164151 -0.0015836155672598285 0.00035198279165458095 0.00066728709217115604 -4.7645546862292722e-05 -0.00074877375761271995 -0.0033086677794881541 0.0050156360792478491 -0.0012289944513919438 0.0099309702751491785 0.011316439785200198 -0.0010558108650889858 -0.0084989211041598747 -0.00047318790783370428 0.006392106552376816 -0.0056439810077357029
leaf_weight=111 216 60 3627 319 143 85 109 118 98 62 98 95 66 61 95 209 1431 65 276 72 326 80 63 116 296 337 68 441 104 99
leaf_count=111 216 60 3627 319 143 85 109 118 98 62 98 95 66 61 95 209 1431 65 276 72 326 80 63 116 296 337 68 441 104 99
internal_value=-0.00139985 -0.00123372 -0.00132672 -0.00119087 -0.00538949 -0.00188264 -0.000914815 -0.00106584 -0.000850427 0.00745247 0.0135821 -0.00112519 -0.00894273 -0.0026087 -0.000894293 0.000474806 -0.00109641 -0.00209846 0.00653898 0.0115919 -0.0106944 -0.00117861 -0.000118243 0.0108424 0.0151136 -0.000929577 0.000244413 -0.00439331 -0.00226502 -0.00565138
internal_weight=9346 9130 9070 8959 547 404 8412 8303 8185 258 196 7927 222 156 7705 3607 2868 4098 739 463 391 3707 2659 179 391 2480 2143 712 644 540
internal_count=9346 9130 9070 8959 547 404 8412 8303 8185 258 196 7927 222 156 7705 3607 2868 4098 739 463 391 3707 2659 179 391 2480 2143 712 644 540
is_linear=0
shrinkage=0.035


Tree=151
num_leaves=31
num_cat=0
split_feature=271 125 69 4 127 215 58 193 183 93 9 203 240 75 274 17 9 211 183 183 75 268 199 148 261 104 218 261 86 239
split_gain=9.60461 14.8419 19.8334 15.6756 14.7658 12.1487 8.7407 8.62947 22.3578 13.2641 18.5521 15.8053 24.9589 20.7543 20.6412 17.5637 15.9438 14.3032 16.4722 21.3308 16.8767 15.9355 17.0922 16.8052 17.8338 15.7458 15.9036 17.8856 15.5806 15.4848
threshold=16.065191601935677 4.761049985885621 -5.320757442188067 -8.3791708848113249 402.50000000000006 -0.04099998623132705 -4.9915566510202147 -0.80127469776509919 -0.49021915721854253 2287.5000000000005 -27.702329997066688 -0.49940467258973059 6.1354292407456166 -25.100876239458334 -0.40200120289287178 -12.493744603565558 -9.0161476313894244 0.033611433454988911 0.053096116802824077 0.14860491338649726 -37.998287943144518 4.6999296177818737 14.536168073919038 2645.0000000000005 618.03500366210949 18903.000000000004 69.592809641884074 519.97497558593761 5.233360977726643 0.2081465567682628
decision_type=2 2 2 2 2 2 2 2 2 2 2 2 2 2 2 2 2 2 2 2 2 2 2 2 2 2 2 2 2 2
left_child=7 2 3 5 6 -2 -3 8 -1 10 -9 12 13 -11 -15 -13 -17 25 -19 -20 -21 28 -23 24 -24 26 27 -18 -22 -29
right_child=1 4 -4 -5 -6 -7 -8 9 -10 11 -12 15 -14 14 -16 16 17 18 19 20 21 22 23 -25 -26 -27 -28 29 -30 -31
leaf_value=-2.6685130130697511e-05 0.0043324724889191955 0.0070806329626400596 -0.0024521230684239528 0.0064027987951386992 -0.00033346855158745942 -0.0015769203161526586 0.00020314142351240407 0.00082202875616552455 0.0098791779148979901 0.008848030641899176 -0.0029250764102656934 -0.0017897207379553672 -0.0010658439928206245 -0.0024396265249492714 0.0018034480527489459 0.0029261321808988169 -0.0038230895223035884 0.0043520995565388583 -0.0015814627247595662 0.00096728611860961153 0.00011147104129243386 -0.0013582618823152193 -0.00012757880509530975 -0.0023518500985604336 0.003995736119677018 0.0011482135806772909 0.0010229928585896639 -0.0002266099952704362 -0.00038556588179466505 -0.0023068203901050357
leaf_weight=572 88 101 93 99 97 117 60 76 85 157 405 718 204 80 390 163 120 287 216 88 2032 204 1303 265 100 62 116 396 435 217
leaf_count=572 88 101 93 99 97 117 60 76 85 157 405 718 204 80 390 163 120 287 216 88 2032 204 1303 265 100 62 116 396 435 217
internal_value=-0.00147471 0.00259848 -0.00165423 0.00271845 0.00904943 -0.00283333 0.0153916 -0.001783 0.00206193 -0.00209852 -0.00770576 -0.00173657 0.00280502 0.00625791 0.00250526 -0.00229969 -0.00167748 -0.0019817 -0.00123404 -0.00173946 -0.00120826 -0.00152279 -0.00395312 -0.00276151 -0.00121804 -0.00599891 -0.0072541 -0.00915312 0.000325647 -0.00662621
internal_weight=9346 655 397 304 258 205 161 8691 657 8034 481 7553 831 627 470 6722 6004 5841 4930 4643 4427 4339 1872 1668 1403 911 849 733 2467 613
internal_count=9346 655 397 304 258 205 161 8691 657 8034 481 7553 831 627 470 6722 6004 5841 4930 4643 4427 4339 1872 1668 1403 911 849 733 2467 613
is_linear=0
shrinkage=0.035


Tree=152
num_leaves=31
num_cat=0
split_feature=59 244 155 267 126 125 271 125 153 48 225 79 271 5 33 261 30 148 261 148 144 203 148 270 195 213 270 43 185 10
split_gain=8.33663 15.9279 13.3509 9.04022 15.5814 11.1651 10.4474 12.9147 20.5765 18.1225 11.0946 11.3109 10.4843 10.0689 13.593 10.3237 19.0928 18.1404 14.1156 27.5584 21.7544 18.6612 22.5515 18.2664 15.4142 14.5517 15.7381 24.0881 22.4013 18.5431
threshold=5.2425999641418466 0.012899998575448992 0.046623558639637727 -8.2411185717740079 3445.5000000000005 5.182500123977662 16.065191601935677 4.761049985885621 0.21005555732861833 2.8106499910354619 0.27288592020831293 0.011594289091557507 14.114887834064175 -68.481523944508382 0.68744999170303356 470.46000671386724 542.50000000000011 1154.0000000000002 537.64999389648449 8476.5000000000018 45.035372431134867 0.89515561513476449 152.50000000000003 120.46304349883856 0.01251486082987293 11.124236337700173 52.963311440711784 0.23054999858140948 0.023180323927599819 27.082953327931062
decision_type=2 2 2 2 2 2 2 2 2 2 2 2 2 2 2 2 2 2 2 2 2 2 2 2 2 2 2 2 2 2
left_child=3 -2 -3 4 -1 -6 12 9 -9 -8 11 -11 13 -5 15 16 17 -15 19 21 -21 -17 -23 25 -22 -20 27 29 -28 -27
right_child=1 2 -4 6 5 -7 7 8 -10 10 -12 -13 -14 14 -16 18 -18 -19 23 20 24 22 -24 -25 -26 26 28 -29 -30 -31
leaf_value=-0.0024454872518247911 -0.0051853140231084508 -0.0022680425162751178 0.0014237506096003451 0.0022233216000590076 0.0069641080145830276 -5.1384263895419841e-05 0.0074349457144483305 0.0076813082462619644 -0.00048791419973941727 -0.0020915266046856668 -0.002160384694320143 0.00067502446434977497 -0.0011083596186091432 0.00056140235320385594 -0.0016724293442864694 -5.830660732617677e-05 0.012073761070233452 -0.0092944918733015979 -0.00039173028408489549 -0.0033076011443845541 -0.0013629473521272041 -1.0262341020969013e-05 -0.002211696263685801 0.0010970469292837998 0.00047012848841838765 0.00085250762398173788 0.00044565487158964358 -0.00075681359131081905 -0.0011515431683561362 -0.00017627183809613368
leaf_weight=109 60 92 93 84 155 81 83 148 72 74 80 149 384 99 69 1665 101 75 838 152 103 271 289 82 65 398 1909 1000 115 451
leaf_count=109 60 92 93 84 155 81 83 148 72 74 80 149 384 99 69 1665 101 75 838 152 103 271 289 82 65 398 1909 1000 115 451
internal_value=-0.00139236 -0.0077 -0.00239474 -0.00121843 0.0043 0.00929461 -0.00143819 0.00297872 0.00964444 -0.000895141 -0.00488636 -0.000767544 -0.00176824 -0.0014863 -0.00162092 -0.0014748 0.005125 -0.00195531 -0.00172545 -0.00382941 -0.0133538 -0.00243274 -0.0079292 -0.000605461 -0.00445087 -0.000898007 9.02527e-06 -0.00232201 0.00213898 0.0020082
internal_weight=9346 245 185 9101 345 236 8756 606 220 386 303 223 8150 7766 7682 7613 275 174 7338 2545 320 2225 560 4793 168 4711 3873 1849 2024 849
internal_count=9346 245 185 9101 345 236 8756 606 220 386 303 223 8150 7766 7682 7613 275 174 7338 2545 320 2225 560 4793 168 4711 3873 1849 2024 849
is_linear=0
shrinkage=0.035


Tree=153
num_leaves=31
num_cat=0
split_feature=39 21 134 219 57 151 88 110 261 115 56 118 19 118 223 216 49 77 121 5 126 93 91 60 242 13 261 115 274 244
split_gain=8.39441 12.4072 11.2329 10.1306 8.71185 12.9851 11.2837 11.4111 10.4605 28.9785 20.8335 11.4473 22.74 18.0254 25.9727 19.1125 17.4447 17.1658 16.8583 16.7374 23.5962 16.1463 16.9053 16.057 15.5773 22.3715 17.8697 24.5182 17.1972 15.1096
threshold=26.500000000000004 0.1324499994516373 0.006413741973541773 -34.792960896842764 0.010309573185141663 0.62727499008178722 0.52709999680519115 0.51150000095367443 470.46000671386724 4151.0000000000009 11.648229407662786 577.50000000000011 592.75000000000011 568.50000000000011 18.92202523562344 67.666824997650977 7368.0000000000009 0.32535000145435339 0.27365000545978552 71.995696917093028 6050.5000000000009 2112.0000000000005 -2.938393515717971 1791.5000000000002 79.0864558279346 70.333382272862465 519.09500122070324 5723.0000000000009 0.052505276424911644 0.040650002658367164
decision_type=2 2 2 2 2 2 2 2 2 2 2 2 2 2 2 2 2 2 2 2 2 2 2 2 2 2 2 2 2 2
left_child=1 -1 3 -2 -4 6 7 8 9 10 -6 13 16 14 18 -16 21 24 -10 20 -18 -13 -23 -15 25 29 -26 -28 -29 -14
right_child=2 -3 4 -5 5 -7 -8 -9 11 -11 -12 12 17 23 15 -17 19 -19 -20 -21 -22 22 -24 -25 26 -27 27 28 -30 -31
leaf_value=-0.00092428536628454746 -0.0025786586812393268 0.00033984715534566006 0.00090581361979458132 -4.3792715401660414e-05 0.010451777320092091 -0.0040069372911049252 0.0031741932739511127 -0.0066539131821203926 0.01084425213388792 0.019477237018883611 -0.002727344288851497 -1.1646046543354675e-05 -8.0930741815333227e-05 -7.8020038461074086e-06 -0.0037394429237860858 3.1178874285060498e-05 -0.0032910493573331799 -0.0020147745564913534 -6.9299025367319807e-06 -0.0073281518476505788 0.010502098303559342 0.015916171952020473 0.00036839679232781518 -0.0034077188747747094 -0.0042447014390989352 -0.0036287436746344566 0.014335612255552835 0.004246210872592515 -0.00025633883227507454 -0.0024002615617493514
leaf_weight=81 113 213 155 111 80 109 143 116 74 69 132 100 5565 89 131 80 116 304 321 61 99 147 70 161 60 196 117 86 158 89
leaf_count=81 113 213 155 111 80 109 143 116 74 69 132 100 5565 89 131 80 116 304 321 61 99 147 70 161 60 196 117 86 158 89
internal_value=-0.00132499 0.00444816 -0.00151485 -0.00917031 -0.00131552 -0.00146405 -0.00130704 -0.0014746 -0.00131829 0.00526224 -0.00129032 -0.00155187 -0.00109299 -0.00536585 -0.00206219 -0.0118287 0.00544314 -0.00168617 0.0032375 -0.000996441 0.00365909 0.0109783 0.0162387 -0.0131765 -0.00128824 -0.00175747 0.00517606 0.00812842 0.00168675 -0.00134829
internal_weight=9346 294 9052 224 8828 8673 8564 8421 8305 281 212 8024 7168 856 606 211 593 6575 395 276 215 317 217 250 6271 5850 421 361 244 5654
internal_count=9346 294 9052 224 8828 8673 8564 8421 8305 281 212 8024 7168 856 606 211 593 6575 395 276 215 317 217 250 6271 5850 421 361 244 5654
is_linear=0
shrinkage=0.035


Tree=154
num_leaves=31
num_cat=0
split_feature=126 137 256 256 69 270 137 270 173 126 76 146 267 199 58 227 227 38 92 225 4 270 93 145 102 11 42 91 27 222
split_gain=10.275 9.68199 12.4991 13.8756 18.6018 10.5488 18.8225 14.8925 11.6976 9.94178 15.9778 12.321 11.6999 12.862 10.9732 10.9151 15.8387 14.6143 22.8361 11.9738 11.1807 16.4142 21.6397 20.3087 18.4294 28.1736 23.9743 20.1596 18.3049 34.3886
threshold=31768.500000000004 96.500000000000014 116.96913404868909 125.59404039187969 -6.000566447622611 129.52264535446056 2249.0000000000005 125.37120252854713 -0.85198808444097152 12507.000000000002 0.33425000309944158 -0.71385682582631083 -0.83542867098440599 15.972277126907832 -7.0099578710459127 0.59637250939659225 0.49664345217359523 4112.0000000000009 5.0432000160217294 0.11393214326223823 5.56621998451637 57.963391779425301 8899.5000000000018 0.017028509787563834 -3.5173788898127198 23.284621541734229 25.686040221737375 -6.2637558985985899 17848.000000000004 3.2375915545919955
decision_type=2 2 2 2 2 2 2 2 2 2 2 2 2 2 2 2 2 2 2 2 2 2 2 2 2 2 2 2 2 2
left_child=1 -1 5 -4 -5 7 -7 8 -3 15 11 14 -12 -14 -11 16 20 -17 -19 -20 21 22 24 -23 27 -26 -27 -10 -24 -30
right_child=-2 2 3 4 -6 6 -8 -9 9 10 12 -13 13 -15 -16 17 -18 18 19 -21 -22 23 28 -25 25 26 -28 -29 29 -31
leaf_value=0.0029042709039174487 0.00379518046303231 0.0054747789825727016 -0.0030720383112678067 0.0010395043340325056 -0.0015481254628461505 0.011559223483902719 -4.8715809136702373e-05 -0.0030355304510014326 0.00045840992395879522 -0.0010682075685770308 0.00064262216725585362 -0.0033145584860370448 0.00061538374966496807 -0.00045025207478298113 0.00045560120245138083 -0.0034497726388610021 0.0017271632063500298 0.0024607272209681706 -0.0071262288323628367 -0.00092870669258933176 -0.00027838941291765285 -6.4373920661253426e-05 0.00018857673928310254 0.001183761970241104 0.0055157656878376217 3.6991669418153795e-05 -0.0028458257343891864 -0.0028895978393554522 0.0042049684425659673 -0.0011213294065035744
leaf_weight=124 64 85 92 77 117 94 177 192 67 118 152 60 62 178 60 111 251 135 71 64 2061 1424 1212 1055 113 214 183 290 85 358
leaf_count=124 64 85 92 77 117 94 177 192 67 118 152 60 62 178 60 111 251 135 71 64 2061 1424 1212 1055 113 214 183 290 85 358
internal_value=-0.00128756 -0.00138688 -0.00152024 -0.00865979 -0.00316583 -0.00128534 0.0054529 -0.0015007 -0.00127704 -0.00141193 -0.00562205 -0.0126749 -0.00123426 -0.006 -0.00765027 -0.00106377 -0.000760454 -0.00680052 -0.00229091 -0.01225 -0.00106976 -0.00017479 -0.00216066 0.00184581 -0.00662271 -0.00231068 -0.00670398 -0.0126657 0.000189759 -0.00585938
internal_weight=9346 9282 9158 286 194 8872 271 8601 8409 8324 630 238 392 240 178 7694 7313 381 270 135 7062 5001 2522 2479 867 510 397 357 1655 443
internal_count=9346 9282 9158 286 194 8872 271 8601 8409 8324 630 238 392 240 178 7694 7313 381 270 135 7062 5001 2522 2479 867 510 397 357 1655 443
is_linear=0
shrinkage=0.035


Tree=155
num_leaves=31
num_cat=0
split_feature=225 49 71 26 49 49 157 195 233 267 217 39 196 137 153 27 48 103 113 180 115 122 121 232 22 261 30 270 37 208
split_gain=8.45677 20.9459 17.1016 19.0046 18.888 29.245 21.0006 17.9423 16.3425 14.9159 14.3276 14.2259 14.0192 12.7945 17.0833 24.354 11.301 12.5794 11.8927 11.0305 19.5241 14.4318 12.3979 11.819 11.252 11.7098 24.2281 23.6972 22.4865 19.8806
threshold=0.21637540354191209 17724.000000000004 16852.000000000004 2.6053500175476079 9428.5000000000018 8673.0000000000018 0.03436475209425803 0.0091833570164555432 6388.3051757812509 0.063393932299149483 27.429098327848482 23.500000000000004 -0.37938475839989932 16036.000000000002 0.33365833831109587 15102.000000000002 3.0563499927520756 4.5955998897552499 -3.5478559652956174 0.00024996697902679449 15547.500000000002 13.672652691830086 0.5801999866962434 6.2784898385565011 0.49624998867511755 574.59500122070324 654.50000000000011 51.786055262930951 3.2756000757217412 0.073049992322921767
decision_type=2 2 2 2 2 2 2 2 2 2 2 2 2 2 2 2 2 2 2 2 2 2 2 2 2 2 2 2 2 2
left_child=11 2 3 9 5 6 7 -5 -3 -2 -4 -1 -6 19 -15 -16 18 -18 -11 20 21 23 24 -13 25 29 28 -28 -27 -21
right_child=1 8 10 4 12 -7 -8 -9 -10 16 -12 13 -14 14 15 -17 17 -19 -20 22 -22 -23 -24 -25 -26 26 27 -29 -30 -31
leaf_value=0.00039978932606244246 -0.0027340489927089513 -0.0001318793895836834 0.010500042475874726 -0.0021563184338356978 0.00060099055890678493 0.01885873036765446 0.0057515463066598231 0.00058365765827684884 -0.0036207950938605574 0.0098960429287533822 -0.00019634246326972335 0.0062307018315631048 -0.0010889194292748117 0.0014569272118223676 -0.0034647008057857422 0.00065929425425872827 -0.0015634268691446097 0.00018321934071159786 -0.00078807171667012992 -0.00044005732141582185 -0.0010096404855435837 8.7793602014251686e-05 -0.0066680951104296522 -0.00011823354648753782 0.0026585236874262287 5.0219369154974609e-05 -0.0012089274422122213 0.00014989225657193741 0.00838990385077505 0.0019719066357325042
leaf_weight=195 187 91 72 103 105 77 106 151 146 65 68 125 393 309 79 96 168 103 68 3092 137 1645 82 61 157 145 426 666 94 134
leaf_count=195 187 91 72 103 105 77 106 151 146 65 68 125 393 309 79 96 168 103 68 3092 137 1645 82 61 157 145 426 666 94 134
internal_value=-0.00116779 -0.00324686 -0.00184321 -0.00292619 0.00018617 0.0054638 0.00115068 -0.00432432 -0.0128719 -0.0078104 0.00965517 -0.000634398 -0.00445328 -0.000887908 0.00458078 -0.00408333 -0.00393643 -0.00798913 0.00431159 -0.00128232 0.000922453 0.00188725 -0.00218704 0.0109948 -0.00194321 -0.00226326 0.000497754 -0.00172288 0.0104713 -0.00340142
internal_weight=9346 1903 1666 1526 935 437 360 254 237 591 140 7443 498 7248 484 175 404 271 133 6764 1968 1831 4796 186 4714 4557 1331 1092 239 3226
internal_count=9346 1903 1666 1526 935 437 360 254 237 591 140 7443 498 7248 484 175 404 271 133 6764 1968 1831 4796 186 4714 4557 1331 1092 239 3226
is_linear=0
shrinkage=0.035


Tree=156
num_leaves=31
num_cat=0
split_feature=137 169 60 246 223 13 242 82 59 201 34 271 2 71 31 154 71 54 27 129 24 219 19 246 217 60 214 203 220 160
split_gain=10.3667 9.31961 8.68672 10.9342 10.3282 11.3475 18.6337 16.2913 16.1573 15.8363 15.5219 16.3225 15.4079 15.4858 16.7149 19.0255 16.8394 19.7726 16.6229 26.8202 21.4408 20.421 20.221 20.4954 17.224 15.4128 20.2942 18.0762 16.6405 15.1226
threshold=24640.000000000004 18.770799331923978 287.50000000000006 0.96598834308523784 0.43884171586176618 27.954840148807492 28.761347494741432 15409.500000000002 2.7017999887466435 0.14090000092983249 3.3459041321655651 5.3370920019082595 682.73999023437511 10613.500000000002 -30.686839438296417 -0.37500000184471 9184.0000000000018 0.23345000296831134 11723.000000000002 671.50000000000011 0.11145512691256353 -18.889245480145537 592.75000000000011 0.16622224866810029 29.923632876257678 5495.0000000000009 0.05810001119971276 -0.3055585826312327 21.667487052040048 0.024899993091821674
decision_type=2 2 2 2 2 2 2 2 2 2 2 2 2 2 2 2 2 2 2 2 2 2 2 2 2 2 2 2 2 2
left_child=1 2 -1 4 -4 7 10 8 -6 -8 11 -7 13 14 15 -11 -17 -18 19 22 21 25 -15 -24 -23 -20 27 28 -27 -19
right_child=-2 -3 3 -5 5 6 9 -9 -10 12 -12 -13 -14 18 -16 16 17 29 20 -21 -22 24 23 -25 -26 26 -28 -29 -30 -31
leaf_value=0.00021536070468893998 0.00098052706127836967 -0.0012349128625902012 0.00046047844926181249 -0.0011934602552085044 0.0018810699331366569 0.00026237620024601008 0.00049398116755111447 0.0032106665708341395 -0.00051933637065930546 0.0052315608404183925 -0.00048566968602863292 0.013646231925544473 -0.0016171499483464775 4.442741518367211e-05 -0.0010226881996166768 -9.7878598889838966e-05 -0.00039941888871718515 -0.00059511929060872889 0.0029867594327461903 0.0057155383412315491 0.0079901835235182423 -0.0030662020501993361 -0.00085834893922874533 -0.0038370583820863864 2.894831954111943e-05 0.0065251383885790984 -0.0052564732392726497 -0.00055625481056202359 -0.0012107955191096303 0.004923346545345951
leaf_weight=110 88 205 171 84 119 60 461 146 1590 104 88 79 79 168 148 3663 165 85 138 64 98 98 286 250 60 87 78 257 65 252
leaf_count=110 88 205 171 84 119 60 461 146 1590 104 88 79 79 168 148 3663 165 85 138 64 98 98 286 250 60 87 78 257 65 252
internal_value=-0.00109293 -0.00120911 -0.00103941 -0.00116171 -0.00103847 -0.00120787 -0.000547675 -0.00363172 -0.00459452 -0.000889427 0.00920259 0.0162847 -0.00136016 -0.00115302 -7.12347e-05 0.000335751 -4.19664e-05 0.00593688 -0.00404172 -0.00778784 -0.000750564 -0.00270939 -0.00977433 -0.0130684 -0.0137423 0.000166667 -0.00277439 0.000422705 0.00980892 0.0107456
internal_weight=9346 9258 9053 8943 8859 8688 6833 1855 1709 6606 227 139 6145 6066 4417 4269 4165 502 1649 768 881 783 704 536 158 625 487 409 152 337
internal_count=9346 9258 9053 8943 8859 8688 6833 1855 1709 6606 227 139 6145 6066 4417 4269 4165 502 1649 768 881 783 704 536 158 625 487 409 152 337
is_linear=0
shrinkage=0.035


Tree=157
num_leaves=31
num_cat=0
split_feature=6 14 203 59 244 155 172 145 212 85 193 11 37 233 13 173 223 34 153 274 56 203 180 246 13 75 268 262 223 203
split_gain=12.5373 12.3837 14.7676 9.00442 14.2689 13.3509 8.91658 14.1851 11.9091 10.1098 11.41 15.7334 17.8168 13.8027 12.7889 15.4717 12.3959 17.4171 11.8941 10.823 15.9094 15.3504 17.2017 22.8566 19.8706 14.8237 13.8737 13.8936 14.6708 13.8644
threshold=22.695772619345661 0.18951458129579105 0.84483305703274569 5.2425999641418466 0.012899998575448992 0.046623558639637727 0.55297144221719352 0.019417490496282622 9.1974070952815303 518.50000000000011 -0.84413784951523352 44.843602175386657 3.1773000955581669 5281.1850585937509 110.98721694403123 0.60616355851988779 55.531893490827244 10.068602523495915 -0.16877038947577014 -0.55628197387216372 8.9567081345667834 -0.49940467258973059 0.00079999119043350231 -0.29928455603634613 43.922198213611729 -25.483208389677213 -14.636721129137053 0.54180715329588136 0.43884171586176618 -0.58584484665642356
decision_type=2 2 2 2 2 2 2 2 2 2 2 2 2 2 2 2 2 2 2 2 2 2 2 2 2 2 2 2 2 2
left_child=3 2 -2 6 -5 -6 9 -8 -9 -1 11 -11 18 -12 16 -16 17 19 -13 20 -15 22 23 25 -24 -21 -23 28 -28 -26
right_child=1 -3 -4 4 5 -7 7 8 -10 10 13 12 -14 14 15 -17 -18 -19 -20 21 -22 26 24 -25 29 -27 27 -29 -30 -31
leaf_value=-0.005242747986000355 -0.0010598665855656416 0.00033857538268809218 -1.5021486489223413e-05 -0.0049577234927675592 -0.0021218972281919109 0.0011065473064488416 -0.00090740182205972472 0.00093735332765243885 -0.0026822128165428184 -0.00028274706887824688 0.0085137181912222481 0.0069049590424494238 -0.0027111903360127407 -0.0035391722422763805 -0.0040265501266259244 8.9867059750728683e-05 0.0041912261191859408 -0.0037476429583284091 0.00026611488118128567 0.0028511183243795173 0.00023221858511809478 -0.001327129672092235 -0.002666346022912801 0.0087014901259236301 5.6597402373934074e-06 -0.00025045958962483086 0.00073767756152048457 0.0024067379611190883 -7.6036710689822437e-05 0.0083977441548097158
leaf_weight=80 214 73 139 60 92 93 491 145 68 113 61 182 91 146 131 72 79 69 93 77 116 598 140 166 207 145 137 137 5061 70
leaf_count=80 214 73 139 60 92 93 491 145 68 113 61 182 91 146 131 72 79 69 93 77 116 598 140 166 207 145 137 137 5061 70
internal_value=-0.00115282 -0.00698376 -0.00967877 -0.000870588 -0.00742 -0.00239474 -0.000681452 -0.00444288 0.00305046 -0.000346665 -0.000217199 0.00498967 0.00849057 -0.000556829 -0.000699429 -0.00925481 -0.000450161 -0.000608567 0.012875 -0.000429693 -0.00734082 -0.000155717 0.0043642 0.00961832 -0.000580569 0.00215859 -0.000772146 -0.000203184 -0.00049779 0.00484043
internal_weight=9346 426 353 8920 245 185 8675 704 213 7971 7891 479 366 7412 7351 203 7148 7069 275 7000 262 6738 805 388 417 222 5933 5335 5198 277
internal_count=9346 426 353 8920 245 185 8675 704 213 7971 7891 479 366 7412 7351 203 7148 7069 275 7000 262 6738 805 388 417 222 5933 5335 5198 277
is_linear=0
shrinkage=0.035


Tree=158
num_leaves=31
num_cat=0
split_feature=6 126 126 269 137 82 271 246 272 194 126 14 203 215 27 137 49 60 25 178 267 172 287 10 155 152 274 134 219 6
split_gain=11.661 11.9807 12.0031 17.4233 14.0082 23.2651 13.7711 13.6131 11.0991 11.5119 11.5732 10.3895 13.5014 9.73889 14.7678 9.68456 11.7579 10.4548 9.64422 15.5043 9.8979 15.6397 11.8451 12.1043 10.4372 10.9432 10.3943 16.4401 26.034 14.0819
threshold=22.695772619345661 29613.500000000004 12507.000000000002 -1.5120439776106218 2965.5000000000005 6455.5000000000009 4.2531913315872005 -0.074857295252678493 0.057249978184700019 0.22329593847090437 11791.000000000002 0.18951458129579105 0.84483305703274569 -0.046900011599063866 10630.000000000002 24640.000000000004 24269.000000000004 26659.500000000004 -6.6168659784330037 -0.035750001668930047 3.8213638708922697 -0.62734646305987163 1.0000000180025095e-35 37.373887818422013 0.060417803245520457 -0.12318229715473462 0.62078451850376748 0.01403861795713158 -7.7514726892595673 -3.7433615403174589
decision_type=2 2 2 2 2 2 2 2 2 2 2 2 2 2 2 2 2 2 2 2 2 2 2 2 2 2 2 2 2 2
left_child=1 2 8 6 5 -5 -4 -6 9 10 15 12 -2 -11 -15 16 17 18 20 -20 21 -1 -22 -24 25 -25 -23 -28 29 -29
right_child=11 -3 3 4 7 -7 -8 -9 -10 13 -12 -13 -14 14 -16 -17 -18 -19 19 -21 22 26 23 24 -26 -27 27 28 -30 -31
leaf_value=0.00094581480941363248 -0.0010227712550708429 0.0023248299472135195 0.0023707139638809833 -0.0032459468458323143 -0.0021628880564723285 0.0061377676558507415 -0.00098618093775389051 -0.00047366804112552942 -0.0020018759408966919 0.0070632832726773348 0.0027352249904644367 0.00032672524429400829 -1.4495734462099953e-05 -0.00057138906458459933 0.0060092910609069652 0.0012529985801527721 -0.0024950092501188673 -0.0049732457691162094 -0.0018734607825575396 -0.00040312362963996931 -2.6184624279608773e-05 -7.9313801683298391e-05 -0.00051170187567663758 -0.0012079555006365534 0.0085235533824741996 0.0033781417367061304 9.0076976232098276e-05 -0.0003540047077025366 0.00064157325182983931 -0.002462101122918899
leaf_weight=164 214 65 87 70 133 98 173 114 124 93 112 73 139 111 74 71 127 62 109 321 638 4959 64 89 81 159 300 311 92 119
leaf_count=164 214 65 87 70 133 98 173 114 124 93 112 73 139 111 74 71 127 62 109 321 638 4959 64 89 81 159 300 311 92 119
internal_value=-0.00119773 -0.00092549 -0.00103894 -0.00550735 -0.00991667 -0.00202312 0.00158491 -0.0151389 -0.000667074 -0.00050366 -0.000755493 -0.00682135 -0.00928771 0.0064311 0.00165789 -0.000921653 -0.00104539 -0.000861769 -0.000736743 -0.0057931 -0.000421143 -0.000970588 0.00273649 0.00747487 0.0101647 0.00636364 -0.00127636 -0.00490931 -0.00863378 -0.0122299
internal_weight=9346 8920 8855 675 415 168 260 247 8180 8056 7778 426 353 278 185 7666 7595 7468 7406 430 6976 5945 1031 393 329 248 5781 822 522 430
internal_count=9346 8920 8855 675 415 168 260 247 8180 8056 7778 426 353 278 185 7666 7595 7468 7406 430 6976 5945 1031 393 329 248 5781 822 522 430
is_linear=0
shrinkage=0.035


Tree=159
num_leaves=31
num_cat=0
split_feature=6 230 126 93 257 134 13 267 252 246 20 156 153 274 60 60 138 288 175 163 183 2 155 104 60 243 213 131 222 104
split_gain=11.5368 10.6851 10.425 9.69033 16.3694 9.55201 10.9563 9.67775 8.59089 10.7526 20.0192 15.6463 11.7756 17.4167 13.3513 14.5395 23.3739 16.8755 20.7316 16.2258 16.1901 16.1462 16.1699 15.9228 15.1201 15.564 13.6677 12.6262 14.3938 12.4815
threshold=22.695772619345661 -18.994944153212231 29613.500000000004 7278.5000000000009 9.5322375291826766 0.006413741973541773 24.827928214668848 0.63774890590062594 -32.407885493587187 -0.83486571031043411 60.032032806466297 0.23985937253111803 -0.73167010189016812 -0.55628197387216372 25179.500000000004 12236.500000000002 8.5000000000000018 1.0000000180025095e-35 0.026171801580470114 -0.098070782579888244 0.34850195604865447 594.36499023437511 0.073844720606939654 10852.500000000002 11807.500000000002 5.8568460969514131 11.74477496108152 0.82464998960495006 18.474273539057354 15908.500000000002
decision_type=2 2 2 2 2 2 2 2 2 2 2 2 2 2 2 2 2 2 2 2 2 2 2 2 2 2 2 2 2 2
left_child=2 -2 5 -3 -5 6 -1 -8 -7 10 -10 -12 -11 27 15 24 -17 19 23 21 -21 -18 26 -19 29 -26 -23 28 -14 -15
right_child=1 3 -4 4 -6 8 7 -9 9 12 11 -13 13 14 -16 16 17 18 -20 20 -22 22 -24 -25 25 -27 -28 -29 -30 -31
leaf_value=8.3040746040580215e-05 0.00040181190926867882 -0.0014340465548965938 0.002243460899061047 0.00036596697348224714 -0.00071651163597148129 -0.0039257751369164767 -0.0031463231233648443 -0.00020529991893142476 0.010815288722729783 0.003937256156135713 0.0014528224860158672 -0.0045359339789457272 -4.0337327302839017e-05 -3.8400635882251888e-05 -0.0022344172973701106 0.0083449214364727763 0.0086033135150013901 -0.0017236331764467411 -0.0047053955012903775 0.0098993191882639046 0.00012356092109922835 -0.00058675847530346114 0.0011930030004353445 0.0010525648708537938 -0.0021414900124514377 6.4924322882353728e-07 -0.0036697174739748475 -0.0030009548182856742 -0.0040005311665870843 -0.00067331962712592576
leaf_weight=81 60 127 65 142 97 143 103 71 61 79 175 64 251 6210 131 156 81 107 86 96 75 95 74 143 105 87 64 72 89 156
leaf_count=81 60 127 65 142 97 143 103 71 61 79 175 64 251 6210 131 156 81 107 86 96 75 95 74 143 105 87 64 72 89 156
internal_value=-0.00122768 -0.00682135 -0.000956863 -0.0090566 -0.00473361 -0.00106264 -0.00767308 -0.012514 -0.000862289 -0.000715552 0.0057377 0.0010041 -0.000956261 -0.00109118 -0.000711772 -0.000515252 0.00345723 0.00105932 -0.00492669 0.00521429 0.0137216 0.000438871 -0.00426471 0.00027451 -0.00110925 -0.0106599 -0.0104573 -0.00805755 -0.00507246 -0.000813059
internal_weight=9346 426 8920 366 239 8855 255 174 8600 8457 300 239 8157 8078 7666 7535 977 821 336 485 171 314 233 250 6558 192 159 412 340 6366
internal_count=9346 426 8920 366 239 8855 255 174 8600 8457 300 239 8157 8078 7666 7535 977 821 336 485 171 314 233 250 6558 192 159 412 340 6366
is_linear=0
shrinkage=0.035


end of trees

feature_importances:
put_d65_oi=184
call_d15_oi=162
call_d25_oi=159
call_d50_oi=159
ctx_qqq_ib_range_bps=158
put_d50_oi=152
ib_range_bps=139
call_d65_oi=129
phys_d65_oi_skew_call_minus_put=127
call_d35_oi=123
phys_d35_oi_skew_call_minus_put=120
ctx_qqq_spot=112
put_d80_oi=105
put_d35_oi=104
dist_fib_127_up_bps=100
call_d80_oi=99
phys_d50_oi_skew_call_minus_put=91
ctx_qqq_phys_total_oi_skew_call_minus_put=85
phys_d80_oi_skew_call_minus_put=81
dist_fib_200_dn_bps=77
ctx_spx_ib_range_bps=70
ctx_spx_phys_total_oi_skew_call_minus_put=67
put_d25_oi=65
spot=64
put_d15_oi=60
phys_total_option_oi_log=58
phys_d15_oi_skew_call_minus_put=55
call_d15_strike=52
ctx_spx_spot=51
dist_fib_200_up_bps=49
dist_ib_high_bps=46
put_d15_iv=45
phys_total_oi_skew_call_minus_put=39
phys_ib_balance=39
dist_fib_127_dn_bps=37
put_d15_strike=37
call_d25_strike=37
call_d15_iv=34
ctx_qqq_phys_d35_iv_skew_put_minus_call=32
phys_d25_oi_skew_call_minus_put=31
phys_ib_edge_min_abs_bps=28
phys_fib_up_mean_signed_bps=27
ctx_spy_ib_range_bps=27
ctx_qqq_nearest_level_abs_bps=26
phys_nearest_level_vs_ib_range=24
call_d50_theta_over_mid=23
put_d80_strike=23
dist_fib_161_dn_bps=22
phys_call_mid_slope_low_to_high=21
dist_ib_low_bps=20
phys_call_iv_slope_low_to_high=20
call_d15_vega=19
phys_fib_any_min_abs_bps=19
dist_fib_161_up_bps=18
call_d50_iv=18
call_d35_theta_over_mid=17
phys_d25_iv_skew_put_minus_call=17
call_d50_vega=16
put_d65_theta_over_mid=16
call_d80_strike=16
phys_fib_up_min_abs_bps=16
ctx_spx_phys_d35_iv_skew_put_minus_call=16
put_d25_strike=15
put_d65_iv=15
put_d65_mid_bps=15
phys_d15_iv_mean=15
ret_30m_bps=14
put_d80_mid_bps=14
call_d25_mid_bps=13
phys_fib_dn_min_abs_bps=13
call_d15_strike_bps=12
call_d15_abs_delta=12
call_d50_strike=12
put_d80_iv=12
ctx_qqq_ret_15m_bps_minus_self=12
call_d35_strike=11
call_d35_mid_bps=11
call_d80_mid_bps=11
call_d80_spread_pct=11
put_d80_spread_pct=11
phys_d15_volume_skew_call_minus_put=11
phys_d65_iv_skew_put_minus_call=11
phys_d80_iv_skew_put_minus_call=11
ctx_spx_nearest_level_abs_bps=11
call_d15_theta_over_mid=10
put_d50_iv=10
call_d80_strike_bps=10
phys_put_iv_slope_low_to_high=10
put_d50_theta_over_mid=9
phys_d15_spread_mean=9
phys_d35_volume_skew_call_minus_put=9
ctx_spy_phys_total_oi_skew_call_minus_put=9
nearest_level_abs_bps=8
call_d25_vega=8
put_d25_iv=8
put_d25_vega=8
call_d65_iv=8
call_d65_theta_over_mid=8
put_d65_strike=8
put_d65_vega=8
call_d80_theta_over_mid=8
phys_d25_liquidity_score=8
phys_d80_iv_mean=8
call_d15_volume=7
put_d15_theta_over_mid=7
call_d25_abs_delta=7
call_d25_theta_over_mid=7
call_d35_strike_bps=7
call_d50_mid_bps=7
put_d50_mid_bps=7
put_d50_vega=7
put_d80_theta_over_mid=7
phys_d15_iv_skew_put_minus_call=7
phys_d35_iv_mean=7
phys_d50_spread_mean=7
phys_fib_dn_mean_signed_bps=7
call_d15_mid_bps=6
put_d15_strike_bps=6
put_d15_mid_bps=6
put_d25_mid_bps=6
call_d35_iv=6
put_d35_iv=6
put_d35_spread_pct=6
call_d65_strike=6
call_d65_vega=6
call_d80_iv=6
phys_d50_iv_skew_put_minus_call=6
phys_d65_iv_mean=6
phys_momentum_accel_ret_5m_bps_minus_ret_15m_bps=6
phys_abs_ret_30m_bps=6
ctx_spx_ret_30m_bps=6
ctx_qqq_ret_30m_bps_minus_self=6
nearest_level_name_ib_high=6
minute=5
put_d15_vega=5
call_d25_iv=5
call_d25_spread_pct=5
call_d25_volume=5
call_d35_spread_pct=5
put_d35_strike=5
put_d35_abs_delta=5
put_d35_vega=5
put_d50_spread_pct=5
call_d80_vega=5
phys_d15_mid_skew_call_minus_put=5
phys_d35_spread_mean=5
phys_d65_mid_skew_call_minus_put=5
phys_d65_liquidity_score=5
ctx_spy_spot=5
call_d15_spread_pct=4
put_d15_volume=4
put_d25_spread_pct=4
put_d25_theta_over_mid=4
put_d35_strike_bps=4
call_d50_spread_pct=4
call_d65_mid_bps=4
put_d65_abs_delta=4
put_d80_abs_delta=4
phys_d15_vega_skew_call_minus_put=4
phys_d25_iv_mean=4
phys_d35_liquidity_score=4
phys_d50_volume_skew_call_minus_put=4
phys_d65_volume_skew_call_minus_put=4
phys_d65_spread_mean=4
phys_d80_spread_mean=4
phys_d80_abs_delta_gap=4
phys_total_volume_skew_call_minus_put=4
phys_put_mid_slope_low_to_high=4
ctx_qqq_ret_30m_bps=4
call_d25_strike_bps=3
put_d25_abs_delta=3
call_d35_abs_delta=3
put_d35_theta_over_mid=3
put_d50_strike=3
put_d65_strike_bps=3
put_d65_spread_pct=3
put_d80_vega=3
phys_d15_liquidity_score=3
phys_d25_volume_skew_call_minus_put=3
phys_d25_mid_skew_call_minus_put=3
phys_d25_spread_mean=3
phys_d50_liquidity_score=3
phys_d65_theta_skew_call_minus_put=3
phys_d80_vega_skew_call_minus_put=3
phys_abs_ret_1m_bps=3
phys_momentum_accel_ret_15m_bps_minus_ret_30m_bps=3
ctx_spx_ret_15m_bps=3
ctx_qqq_ret_15m_bps=3
ret_1m_bps=2
put_d15_abs_delta=2
put_d15_spread_pct=2
put_d25_strike_bps=2
call_d35_vega=2
put_d35_mid_bps=2
call_d50_abs_delta=2
call_d65_spread_pct=2
call_d65_volume=2
call_d80_abs_delta=2
phys_d15_theta_skew_call_minus_put=2
phys_d15_abs_delta_gap=2
phys_d25_theta_skew_call_minus_put=2
phys_d35_iv_skew_put_minus_call=2
phys_d35_mid_skew_call_minus_put=2
phys_d35_abs_delta_gap=2
phys_d50_vega_skew_call_minus_put=2
phys_d65_vega_skew_call_minus_put=2
phys_d80_mid_skew_call_minus_put=2
phys_d80_theta_skew_call_minus_put=2
phys_total_option_volume_log=2
ctx_spy_ret_15m_bps=2
call_d35_volume=1
call_d50_strike_bps=1
put_d50_strike_bps=1
put_d50_abs_delta=1
call_d65_strike_bps=1
put_d65_volume=1
call_d80_volume=1
put_d80_volume=1
phys_d25_vega_skew_call_minus_put=1
phys_d35_theta_skew_call_minus_put=1
phys_d35_vega_skew_call_minus_put=1
phys_d50_iv_mean=1
phys_d50_mid_skew_call_minus_put=1
phys_d50_theta_skew_call_minus_put=1
phys_abs_ret_15m_bps=1
ctx_spx_ret_15m_bps_minus_self=1
ctx_spx_ret_30m_bps_minus_self=1
ctx_spx_phys_total_volume_skew_call_minus_put=1
ctx_spy_ret_30m_bps=1
ctx_spy_nearest_level_abs_bps=1
ctx_spy_phys_d35_iv_skew_put_minus_call=1
ctx_qqq_ret_1m_bps=1
ctx_qqq_ret_5m_bps_minus_self=1
ctx_qqq_phys_total_volume_skew_call_minus_put=1
nearest_level_name_fib_161_dn=1
nearest_level_name_ib_low=1

parameters:
[boosting: gbdt]
[objective: regression_l1]
[metric: l1]
[tree_learner: serial]
[device_type: cpu]
[data_sample_strategy: bagging]
[data: ]
[valid: ]
[num_iterations: 160]
[learning_rate: 0.035]
[num_leaves: 31]
[num_threads: 4]
[seed: 20260623]
[deterministic: 1]
[force_col_wise: 1]
[force_row_wise: 0]
[histogram_pool_size: -1]
[max_depth: -1]
[min_data_in_leaf: 60]
[min_sum_hessian_in_leaf: 0.001]
[bagging_fraction: 0.85]
[pos_bagging_fraction: 1]
[neg_bagging_fraction: 1]
[bagging_freq: 0]
[bagging_seed: 6824]
[bagging_by_query: 0]
[feature_fraction: 0.85]
[feature_fraction_bynode: 1]
[feature_fraction_seed: 25212]
[extra_trees: 0]
[extra_seed: 21134]
[early_stopping_round: 0]
[early_stopping_min_delta: 0]
[first_metric_only: 0]
[max_delta_step: 0]
[lambda_l1: 0]
[lambda_l2: 5]
[linear_lambda: 0]
[min_gain_to_split: 0]
[drop_rate: 0.1]
[max_drop: 50]
[skip_drop: 0.5]
[xgboost_dart_mode: 0]
[uniform_drop: 0]
[drop_seed: 25545]
[top_rate: 0.2]
[other_rate: 0.1]
[min_data_per_group: 100]
[max_cat_threshold: 32]
[cat_l2: 10]
[cat_smooth: 10]
[max_cat_to_onehot: 4]
[top_k: 20]
[monotone_constraints: ]
[monotone_constraints_method: basic]
[monotone_penalty: 0]
[feature_contri: ]
[forcedsplits_filename: ]
[refit_decay_rate: 0.9]
[cegb_tradeoff: 1]
[cegb_penalty_split: 0]
[cegb_penalty_feature_lazy: ]
[cegb_penalty_feature_coupled: ]
[path_smooth: 0]
[interaction_constraints: ]
[verbosity: -1]
[saved_feature_importance_type: 0]
[use_quantized_grad: 0]
[num_grad_quant_bins: 4]
[quant_train_renew_leaf: 0]
[stochastic_rounding: 1]
[linear_tree: 0]
[max_bin: 255]
[max_bin_by_feature: ]
[min_data_in_bin: 3]
[bin_construct_sample_cnt: 200000]
[data_random_seed: 4116]
[is_enable_sparse: 1]
[enable_bundle: 1]
[use_missing: 1]
[zero_as_missing: 0]
[feature_pre_filter: 1]
[pre_partition: 0]
[two_round: 0]
[header: 0]
[label_column: ]
[weight_column: ]
[group_column: ]
[ignore_column: ]
[categorical_feature: ]
[forcedbins_filename: ]
[precise_float_parser: 0]
[parser_config_file: ]
[objective_seed: 23053]
[num_class: 1]
[is_unbalance: 0]
[scale_pos_weight: 1]
[sigmoid: 1]
[boost_from_average: 1]
[reg_sqrt: 0]
[alpha: 0.9]
[fair_c: 1]
[poisson_max_delta_step: 0.7]
[tweedie_variance_power: 1.5]
[lambdarank_truncation_level: 30]
[lambdarank_norm: 1]
[label_gain: ]
[lambdarank_position_bias_regularization: 0]
[eval_at: ]
[multi_error_top_k: 1]
[auc_mu_weights: ]
[num_machines: 1]
[local_listen_port: 12400]
[time_out: 120]
[machine_list_filename: ]
[machines: ]
[gpu_platform_id: -1]
[gpu_device_id: -1]
[gpu_use_dp: 0]
[num_gpu: 1]

end of parameters

pandas_categorical:[]
