tree
version=v4
num_class=1
num_tree_per_iteration=1
label_index=0
max_feature_idx=288
objective=regression_l1
feature_names=dte_days minute spot underlying_volume dist_ib_high_bps dist_ib_low_bps dist_fib_127_up_bps dist_fib_161_up_bps dist_fib_200_up_bps dist_fib_127_dn_bps dist_fib_161_dn_bps dist_fib_200_dn_bps nearest_level_abs_bps ib_range_bps ret_1m_bps ret_5m_bps ret_15m_bps ret_30m_bps call_d15_available call_d15_strike call_d15_strike_bps call_d15_abs_delta call_d15_iv call_d15_mid_bps call_d15_spread_pct call_d15_theta_over_mid call_d15_vega call_d15_oi call_d15_volume put_d15_available put_d15_strike put_d15_strike_bps put_d15_abs_delta put_d15_iv put_d15_mid_bps put_d15_spread_pct put_d15_theta_over_mid put_d15_vega put_d15_oi put_d15_volume call_d25_available call_d25_strike call_d25_strike_bps call_d25_abs_delta call_d25_iv call_d25_mid_bps call_d25_spread_pct call_d25_theta_over_mid call_d25_vega call_d25_oi call_d25_volume put_d25_available put_d25_strike put_d25_strike_bps put_d25_abs_delta put_d25_iv put_d25_mid_bps put_d25_spread_pct put_d25_theta_over_mid put_d25_vega put_d25_oi put_d25_volume call_d35_available call_d35_strike call_d35_strike_bps call_d35_abs_delta call_d35_iv call_d35_mid_bps call_d35_spread_pct call_d35_theta_over_mid call_d35_vega call_d35_oi call_d35_volume put_d35_available put_d35_strike put_d35_strike_bps put_d35_abs_delta put_d35_iv put_d35_mid_bps put_d35_spread_pct put_d35_theta_over_mid put_d35_vega put_d35_oi put_d35_volume call_d50_available call_d50_strike call_d50_strike_bps call_d50_abs_delta call_d50_iv call_d50_mid_bps call_d50_spread_pct call_d50_theta_over_mid call_d50_vega call_d50_oi call_d50_volume put_d50_available put_d50_strike put_d50_strike_bps put_d50_abs_delta put_d50_iv put_d50_mid_bps put_d50_spread_pct put_d50_theta_over_mid put_d50_vega put_d50_oi put_d50_volume call_d65_available call_d65_strike call_d65_strike_bps call_d65_abs_delta call_d65_iv call_d65_mid_bps call_d65_spread_pct call_d65_theta_over_mid call_d65_vega call_d65_oi call_d65_volume put_d65_available put_d65_strike put_d65_strike_bps put_d65_abs_delta put_d65_iv put_d65_mid_bps put_d65_spread_pct put_d65_theta_over_mid put_d65_vega put_d65_oi put_d65_volume call_d80_available call_d80_strike call_d80_strike_bps call_d80_abs_delta call_d80_iv call_d80_mid_bps call_d80_spread_pct call_d80_theta_over_mid call_d80_vega call_d80_oi call_d80_volume put_d80_available put_d80_strike put_d80_strike_bps put_d80_abs_delta put_d80_iv put_d80_mid_bps put_d80_spread_pct put_d80_theta_over_mid put_d80_vega put_d80_oi put_d80_volume phys_d15_iv_skew_put_minus_call phys_d15_iv_mean phys_d15_volume_skew_call_minus_put phys_d15_oi_skew_call_minus_put phys_d15_mid_skew_call_minus_put phys_d15_spread_mean phys_d15_theta_skew_call_minus_put phys_d15_vega_skew_call_minus_put phys_d15_abs_delta_gap phys_d15_liquidity_score phys_d25_iv_skew_put_minus_call phys_d25_iv_mean phys_d25_volume_skew_call_minus_put phys_d25_oi_skew_call_minus_put phys_d25_mid_skew_call_minus_put phys_d25_spread_mean phys_d25_theta_skew_call_minus_put phys_d25_vega_skew_call_minus_put phys_d25_abs_delta_gap phys_d25_liquidity_score phys_d35_iv_skew_put_minus_call phys_d35_iv_mean phys_d35_volume_skew_call_minus_put phys_d35_oi_skew_call_minus_put phys_d35_mid_skew_call_minus_put phys_d35_spread_mean phys_d35_theta_skew_call_minus_put phys_d35_vega_skew_call_minus_put phys_d35_abs_delta_gap phys_d35_liquidity_score phys_d50_iv_skew_put_minus_call phys_d50_iv_mean phys_d50_volume_skew_call_minus_put phys_d50_oi_skew_call_minus_put phys_d50_mid_skew_call_minus_put phys_d50_spread_mean phys_d50_theta_skew_call_minus_put phys_d50_vega_skew_call_minus_put phys_d50_abs_delta_gap phys_d50_liquidity_score phys_d65_iv_skew_put_minus_call phys_d65_iv_mean phys_d65_volume_skew_call_minus_put phys_d65_oi_skew_call_minus_put phys_d65_mid_skew_call_minus_put phys_d65_spread_mean phys_d65_theta_skew_call_minus_put phys_d65_vega_skew_call_minus_put phys_d65_abs_delta_gap phys_d65_liquidity_score phys_d80_iv_skew_put_minus_call phys_d80_iv_mean phys_d80_volume_skew_call_minus_put phys_d80_oi_skew_call_minus_put phys_d80_mid_skew_call_minus_put phys_d80_spread_mean phys_d80_theta_skew_call_minus_put phys_d80_vega_skew_call_minus_put phys_d80_abs_delta_gap phys_d80_liquidity_score phys_total_volume_skew_call_minus_put phys_total_oi_skew_call_minus_put phys_total_option_volume_log phys_total_option_oi_log phys_call_iv_slope_low_to_high phys_put_iv_slope_low_to_high phys_call_mid_slope_low_to_high phys_put_mid_slope_low_to_high phys_fib_up_min_abs_bps phys_fib_up_mean_signed_bps phys_fib_dn_min_abs_bps phys_fib_dn_mean_signed_bps phys_fib_any_min_abs_bps phys_ib_edge_min_abs_bps phys_ib_balance phys_nearest_level_vs_ib_range phys_momentum_accel_ret_1m_bps_minus_ret_5m_bps phys_abs_ret_1m_bps phys_momentum_accel_ret_5m_bps_minus_ret_15m_bps phys_abs_ret_5m_bps phys_momentum_accel_ret_15m_bps_minus_ret_30m_bps phys_abs_ret_15m_bps phys_abs_ret_30m_bps ctx_spx_spot ctx_spx_ret_1m_bps ctx_spx_ret_1m_bps_minus_self ctx_spx_ret_5m_bps ctx_spx_ret_5m_bps_minus_self ctx_spx_ret_15m_bps ctx_spx_ret_15m_bps_minus_self ctx_spx_ret_30m_bps ctx_spx_ret_30m_bps_minus_self ctx_spx_ib_range_bps ctx_spx_nearest_level_abs_bps ctx_spx_phys_d35_iv_skew_put_minus_call ctx_spx_phys_total_volume_skew_call_minus_put ctx_spx_phys_total_oi_skew_call_minus_put ctx_spy_spot ctx_spy_ret_1m_bps ctx_spy_ret_1m_bps_minus_self ctx_spy_ret_5m_bps ctx_spy_ret_5m_bps_minus_self ctx_spy_ret_15m_bps ctx_spy_ret_15m_bps_minus_self ctx_spy_ret_30m_bps ctx_spy_ret_30m_bps_minus_self ctx_spy_ib_range_bps ctx_spy_nearest_level_abs_bps ctx_spy_phys_d35_iv_skew_put_minus_call ctx_spy_phys_total_volume_skew_call_minus_put ctx_spy_phys_total_oi_skew_call_minus_put ctx_qqq_spot ctx_qqq_ret_1m_bps ctx_qqq_ret_1m_bps_minus_self ctx_qqq_ret_5m_bps ctx_qqq_ret_5m_bps_minus_self ctx_qqq_ret_15m_bps ctx_qqq_ret_15m_bps_minus_self ctx_qqq_ret_30m_bps ctx_qqq_ret_30m_bps_minus_self ctx_qqq_ib_range_bps ctx_qqq_nearest_level_abs_bps ctx_qqq_phys_d35_iv_skew_put_minus_call ctx_qqq_phys_total_volume_skew_call_minus_put ctx_qqq_phys_total_oi_skew_call_minus_put ctx_spy_qqq_ret_5m_spread ctx_spx_spy_ret_5m_spread ticker_QQQ ticker_SPXW ticker_SPY expiry_mode_zero_dte nearest_level_name_fib_127_dn nearest_level_name_fib_127_up nearest_level_name_fib_161_dn nearest_level_name_fib_161_up nearest_level_name_fib_200_dn nearest_level_name_fib_200_up nearest_level_name_ib_high nearest_level_name_ib_low
feature_infos=none [630:870] [493.239990234375:688.97998046875] none [-317.50437597272537:182.1372184131454] [-150.22037366833914:378.50962571332167] [-368.37109374555547:128.72392362749778] [-433.07655091246363:60.779070701636918] [-504.51436778460049:19.401439403366101] [-113.03181132478407:431.92292049896929] [-65.725772461289992:499.86777342483009] [-19.903900112233448:574.8820330134979] [0:19.989215541609827] [11.439976778911902:204.15978035064896] [-4.2088780357041333:4.2088377651872122] [-90.079839600845091:210.66438107900433] [-124.21748425187617:157.06999331462691] [-121.76594169389764:223.89657086275605] none [507:694] [-472.42752477476222:299.15638104989205] [0.037500001490116119:0.96039998531341553] [0.0082999998703598976:2.124500036239624] [0.21993811600915761:477.17689657933113] [0:1.7956204300169631] [-30.235555486936629:-0.3015892084854338] [0.69019997119903564:4.7782001495361328] [3:142490] [0:26858] none [477:687] [-340.85453672587641:-0.14655371783578452] [0.039299998432397842:0.38080000877380371] [0.0038999998942017555:1.7783000469207764] [0.21952931479878798:26.559079318805992] [0:1.5398230237868951] [-28.532307193515564:-4.0400001812974651] [1.0679999589920044:4.6803998947143555] [13:88164] [0:39822] none [503:693] [-472.42752477476222:197.87547560746742] [0.037500001490116119:0.96039998531341553] [0.0082999998703598976:2.124500036239624] [0.21993811600915761:477.17689657933113] [0:1.7735849104346904] [-27.173332980672509:-0.3015892084854338] [0.71950000524520874:6.0741000175476074] [0:142490] [0:12498] none [483:687] [-207.60665065923001:-0.14655371783578452] [0.039299998432397842:0.40529999136924744] [0.0038999998942017555:1.5184999704360962] [0.21952931479878798:46.934554858602219] [0:0.8756757314053647] [-25.722858458949016:-3.7397699589577491] [1.0679999589920044:5.7722997665405273] [13:88164] [0:9933] none [499:691] [-472.42752477476222:116.77905035412772] [0.057500001043081284:0.96039998531341553] [0.0082999998703598976:2.124500036239624] [0.2398618398375974:477.17689657933113] [0:0.66666666666666663] [-22.217500706408188:-0.3015892084854338] [0.7631000280380249:6.6459999084472656] [0:142490] [0:13131] none [488:688] [-136.23593604126793:0.6386674218861188] [0.039299998432397842:0.53329998254776001] [0.0038999998942017555:1.4980000257492065] [0.21952931479878798:74.000489977161934] [0:1.7300177651485098] [-25.722858458949016:-2.6942610262634656] [1.0679999589920044:6.5810999870300293] [3:88164] [0:17976] none [493:689] [-472.42752477476222:68.980433728362826] [0.061900001019239426:0.96039998531341553] [0.0082999998703598976:2.124500036239624] [1.0248151626729105:477.17689657933113] [0:0.50336476640001326] [-22.217500706408188:-0.3015892084854338] [0.7631000280380249:6.887199878692627] [0:56773] [0:18830] none [493:689] [-50.534813079420317:272.78777315000281] [0.1542000025510788:0.90079998970031738] [0.0038999998942017555:1.5915999412536621] [0.2195903771831475:282.54097856164771] [0:1.9031141842107111] [-13.22816357205531:-0.36631962513163469] [1.4263999462127686:6.887199878692627] [1:88164] [0:19707] none [488:688] [-1583.5505993334586:0.6386674218861188] [0.48660001158714294:1] [0:3.7604000568389893] [1.0248151626729105:1588.8997933968612] [0:1.1282051282051282] [-7.6583905732034783:0] [0:6.5731000900268555] [0:57112] [0:18127] none [499:702] [-0.87836440148980621:275.92732068047798] [0.35710000991821289:1] [0:1.7836999893188477] [0.21961610298904879:282.54097856164771] [0:1.0581039933726926] [-8.1340742460472377:0] [0:6.6114997863769531] [0:68247] [0:18433] none [480:687] [-1583.5505993334586:-0.58529557024233902] [0.67280000448226929:1] [0:3.7604000568389893] [1.0248151626729105:1588.8997933968612] [0:0.65486726784017135] [-3.986625015934929:0] [0:5.2754001617431641] [0:57112] [0:4287] none [505:702] [1.1202426678069699:275.92732068047798] [0.68970000743865967:1] [0:1.4630999565124512] [1.2001344171978725:282.54097856164771] [0:1.2114537546725315] [-3.7975508411391088:0] [0:5.493800163269043] [0:68247] [0:6554] [-2.1040000356733799:0.80020004510879517] [0.0070499998982995749:1.5216000080108643] [-0.99999999999941658:0.99999999999270084] [-0.99941423411100261:0.99755017431442594] [-0.63157895617240045:0.99908003682452184] [0:1.6677217269019291] [-11.789092825379335:18.920183743050185] [-0.4068036140977872:0.37701396290637612] [-0.13549999892711639:0.86449998617172241] [7.7341213033283047:22.550533420769895] [-2.1040000356733799:0.61209994554519653] [0.0070499998982995749:1.476099967956543] [-0.99999999999941658:0.98527381500207412] [-0.99999999999983502:0.99888002239953455] [-0.66666666965300947:0.99908003682452184] [0:1.3246303209200274] [-12.628000138729812:18.920183743050185] [-0.61989330174389179:0.39144814481019591] [-0.36180000752210617:0.86449998617172241] [7.7341213033283047:20.651544911988818] [-2.1040000356733799:0.261199951171875] [0.0070499998982995749:1.4658499956130981] [-0.99999999999941658:0.97052049746615821] [-0.99999999999992595:0.99974968710884438] [-0.66666666965277999:0.99908003682452184] [0:1.041479492808957] [-11.173669527367579:18.920183743050185] [-0.45384533532972327:0.42335034742545835] [-0.29669998586177826:0.86449998617172241] [7.7341213033283047:20.754030242253528] [-1.9888000339269638:0.70979999005794525] [0.0070499998982995749:1.4553000330924988] [-0.99999999999941658:0.99999999999836064] [-0.99999999999947253:0.99982048290090653] [-0.98261814269199221:0.99908003682452184] [0:1.2032394753053621] [-21.007900754232995:9.6883671367202417] [-0.60507178530680439:0.38858528950211479] [-0.79839999973773956:0.7766999751329422] [7.0724219005373712:21.825088100129342] [-2.8104000687599182:0.78880000114440918] [0.0099499998614192009:2.3552000224590302] [-0.99999999999891542:0.99999999999933642] [-0.99999999899999992:0.99999999999993061] [-0.97954902985543424:0.94220170044888607] [0.0011918655785231177:1.0810198529973019] [-5.6033674078647797:4.8873746096773818] [-0.99999999966617703:0.99999999939324069] [-0.40940004587173462:0.30059999227523804] [0.69314718055994529:20.288857300845123] [-2.8104000687599182:0.84999999403953552] [0.033150000497698784:2.3552000224590302] [-0.99999999999865052:0.99999999999933642] [-0.99999999899999992:0.99999999999998257] [-0.97954902985543424:0.97366110705444764] [0.0011918655785231177:0.93316051125635147] [-3.2514431472637573:2.657318546219082] [-0.99999999966617703:0.99999999939324069] [-0.25309997797012329:0.19720000028610229] [0.69314718055994529:18.723911836396617] [-0.99999999999985445:0.92885375493704014] [-0.99119894701685585:0.992685663002012] [0:11.390927308159378] [9.192787212728593:13.008435152409319] [-0.26359999179840088:3.5202000588178635] [-0.78030002117156982:0.85189999639987946] [0:1586.3827244734834] [0.64007169612685288:281.28244409995887] [0.00025116959174739743:368.37109374555547] [-435.32067081420655:58.422601814034635] [0.00095988358531877253:431.92292049896929] [-64.085100593191655:502.22424231243241] [0.00025116959174739743:63.123724652181451] [0:182.1372184131454] [-0.9999999999977679:0.99999999999821632] [0:1.552807003329258] [-210.46917902643128:85.870961565140959] [0:4.2088780357041333] [-103.13619237735327:107.39454212003841] [0:210.66438107900433] [-111.50405599007263:128.80330087498669] [0:157.06999331462691] [0:223.89657086275605] [4949.68017578125:6912.81982421875] [-2.370533949718201:2.2748954839335589] [-3.5629454414376482:2.9502388555324721] [-86.164022892891708:204.48988922511901] [-6.1744918538853142:4.6372740988187555] [-121.10209134795102:152.56680568032976] [-4.6868011551603992:6.3950143675561844] [-119.72864146067796:220.20286059988959] [-6.2813936904859702:11.231326009980558] [12.151458812678843:218.54441686743007] [0:19.961739630118277] [-0.05970001220703125:0.42890000343322754] [-0.80475272960770405:0.91429083736759642] [-0.99874658668693772:0.98464608204535209] [493.239990234375:688.97998046875] [-4.2088780357041333:4.2088377651872122] none [-90.079839600845091:210.66438107900433] none [-124.21748425187617:157.06999331462691] none [-121.76594169389764:223.89657086275605] none [11.439976778911902:204.15978035064896] [0:19.989215541609827] [-2.1040000356733799:0.261199951171875] [-0.99999999999985445:0.92885375493704014] [-0.99119894701685585:0.992685663002012] [415.8900146484375:636.469970703125] [-4.2769260868036341:6.2218051378737371] [-1.1886852087039657:6.0266030853006747] [-98.775731281454114:221.27525130073877] [-18.018011646113717:14.563042483997094] [-141.81834439515595:173.14052771771449] [-31.767923315878519:29.81552987578295] [-146.90358593681506:252.40845104624211] [-40.415278928496178:36.000701864213895] [22.178011481267159:230.20206873305798] [0:19.992029724106196] [-1.8828000519424677:1.0666999518871307] [-0.99999999999979361:0.99999999993749999] [-0.99615698359465255:0.99999999999997058] [-14.563042483997094:18.018011646113717] [-6.1744918538853142:4.6372740988187555] none none none none [0:1] [0:1] [0:1] [0:1] [0:1] [0:1] [0:1] [0:1]
tree_sizes=2840 2957 2925 2919 2939 2947 2921 2924 2934 2943 2936 2928 2922 2930 2917 2917 2916 2923 2915 2947 2924 2933 2914 2900 2932 2946 2906 2915 2910 2913 2928 2895 2899 2933 2906 2919 2911 2939 2896 2920 2929 2925 2929 2945 2932 2942 2940 2926 2916 2921 2971 2944 2927 2920 2937 2938 2920 2936 2917 2939 2931 2939 2959 2943 2941 2945 2926 2935 2930 2924 2921 2928 2952 2954 2968 2943 2943 2965 2914 2947 2921 2954 2926 2932 2948 2944 2940 2952 2940 2929 2953 2920 2957 2960 2954 2929 2924 2952 2938 2961 2942 2956 2943 2956 2947 2967 2944 2961 2939 2960 2976 2964 2989 2949 2936 2954 2980 2940 2961 2939 2958 2951 2959 2967 2948 2982 2954 2947 2952 2947 2987 2949 2964 2970 2968 2966 2961 2962 2957 2928 2948 2977 2940 2965 2934 2944 2955 2925 2941 2970 2941 2968 2945 2934 2934 2963 2955 2952 2934 2926

Tree=0
num_leaves=31
num_cat=0
split_feature=79 205 224 270 13 115 6 13 49 153 261 82 193 203 129 191 1 8 190 82 144 173 173 82 261 60 58 69 148 183
split_gain=134.571 83.886 75.6427 71.0121 67.9852 67.6057 77.0732 66.7282 62.7942 54.6225 52.1563 49.3758 52.4128 54.3178 42.8622 41.1795 36.3625 35.2197 40.5866 33.1346 57.4386 31.9697 29.7465 42.6858 28.9235 28.0608 26.9827 30.1637 26.5912 29.8146
threshold=0.018433552957371098 0.0145945608252915 0.99999999997331568 31.840684456677042 77.936508788573107 16242.000000000002 30.792619063504109 27.954840148807492 10097.000000000002 -0.66643230111287399 609.83001708984386 5107.5000000000009 0.4616813041531021 -0.49023724862072143 516.50000000000011 0.14080000109970572 687.50000000000011 -38.606880672413531 -0.011699981987476347 6736.0000000000009 40.449439414546568 0.92866718184273633 0.82925733057865514 2428.0000000000005 600.95001220703136 2069.5000000000005 -12.222412348741011 -4.7480797737941431 514.50000000000011 0.27108636889874493
decision_type=2 2 2 2 2 2 2 2 2 2 2 2 2 2 2 2 2 2 2 2 2 2 2 2 2 2 2 2 2 2
left_child=1 4 3 8 9 6 10 11 -2 -1 17 -5 13 -13 -6 -7 -3 18 -4 20 24 25 23 -9 -11 -18 -15 -28 -25 -30
right_child=2 16 5 7 14 15 -8 22 -10 19 -12 12 -14 26 -16 -17 21 -19 -20 -21 -22 -23 -24 28 -26 -27 27 -29 29 -31
leaf_value=-0.60397909685969353 -0.5731971496343613 -0.60332758307456968 -0.60394522905349735 -0.56743396386504175 -0.56582461826503272 -0.60363192915916442 -0.56949425071477888 -0.6040396508574486 -0.60386604249477382 -0.59107758171856406 -0.60191412031650549 -0.60383544892072682 -0.60386604249477382 -0.60365048766136165 -0.60353196233510975 -0.56817344591021535 -0.60383059442043308 -0.60386604249477382 -0.57543594993650915 -0.59522231787443158 -0.5700375041365624 -0.5760589255392552 -0.56813839524984355 -0.5735775811970234 -0.60377919554710391 -0.60355709016323089 -0.56663792699575422 -0.57672758340835573 -0.60345965802669521 -0.60366904616355899
leaf_weight=70 65 509 175 205 60 117 88 110 279 337 188 104 148 68 861 84 266 792 90 857 839 69 71 77 81 1294 213 97 819 313
leaf_count=70 65 509 175 205 60 117 88 110 279 337 188 104 148 68 861 84 266 792 90 857 839 69 71 77 81 1294 213 97 819 313
internal_value=-0.603347 -0.599633 -0.608092 -0.604414 -0.595964 -0.614228 -0.617077 -0.602114 -0.619093 -0.592608 -0.619324 -0.594323 -0.599259 -0.593674 -0.60394 -0.595463 -0.604967 -0.622332 -0.611096 -0.591589 -0.587973 -0.607518 -0.60681 -0.608022 -0.598649 -0.60857 -0.587547 -0.583226 -0.606072 -0.60745
internal_weight=9346 5243 4103 2569 3105 1534 1333 2225 344 2184 1245 835 630 482 921 201 2138 1057 265 2114 1257 1629 1390 1319 418 1560 378 310 1209 1132
internal_count=9346 5243 4103 2569 3105 1534 1333 2225 344 2184 1245 835 630 482 921 201 2138 1057 265 2114 1257 1629 1390 1319 418 1560 378 310 1209 1132
is_linear=0
shrinkage=1


Tree=1
num_leaves=31
num_cat=0
split_feature=224 6 183 185 82 71 11 211 13 270 134 30 205 261 153 170 153 142 233 114 261 221 261 246 115 170 223 159 77 183
split_gain=104.936 72.7003 73.8707 67.4755 67.341 61.0525 58.7391 56.8768 55.0587 64.6794 52.7935 50.663 39.5568 37.9036 36.1512 39.008 31.9782 50.0142 44.9562 45.1658 38.6803 35.6085 32.0672 31.6969 30.7753 29.7642 29.431 31.3141 28.8033 28.7107
threshold=0.71156300949077467 35.631164906008543 0.98949358835475876 0.01031612115250209 6267.5000000000009 24700.500000000004 148.70659057604001 -0.0054586460683235232 14.783167229111317 31.840684456677042 0.013422828917376122 577.50000000000011 0.01077528898150718 578.44500732421886 -0.27056388087641786 0.0087000057101249712 0.24604458474272325 0.83104997873306286 6431.9499511718759 5.7706000804901132 561.57000732421886 33.407919462042138 568.23498535156261 -0.059645577476037832 19389.000000000004 0.013600014150142671 11.601622374784254 16.566622661178368 0.14849999547004702 0.85125174721963648
decision_type=2 2 2 2 2 2 2 2 2 2 2 2 2 2 2 2 2 2 2 2 2 2 2 2 2 2 2 2 2 2
left_child=4 2 3 6 10 7 12 11 -6 -10 29 -5 -2 -12 -9 26 18 21 20 -20 -11 22 25 -17 -25 -18 27 -16 -26 -1
right_child=1 -3 -4 5 8 -7 -8 14 9 16 13 -13 -14 -15 15 23 17 -19 19 -21 -22 -23 -24 24 28 -27 -28 -29 -30 -31
leaf_value=0.028961220118403439 0.030555002768337728 0.033439311888813973 0.033508675151318314 -0.00041484157294034821 0.034896195982396606 0.030823571649938823 -0.00020040343105792892 0.027039677572995427 -0.00040314876735210561 -1.7417412996291184e-05 -7.6810356974603148e-05 0.026562897880375389 0.00011646457314491211 0.026998068638145925 0.028695815379545096 0.0023323274448513978 0.030075999800115827 0.032855580081045631 -0.00046718554571270946 0.028772714886069299 0.034091584463417535 -0.00035618507564067983 0.037111849267780786 -0.00040314876735210561 -0.00026177322268486071 -0.00053242674916982482 -0.00040314876735210561 -0.00012694292962551259 0.043933043189346793 -0.00029070349410176283
leaf_weight=1137 147 175 86 101 88 85 536 68 252 1193 799 180 442 210 77 133 68 175 526 123 119 182 127 1836 141 65 93 62 60 60
leaf_count=1137 147 175 86 101 88 85 536 68 252 1193 799 180 442 210 77 133 68 175 526 123 119 182 127 1836 141 65 93 62 60 60
internal_value=-0.000786012 -0.0048687 -0.00583045 -0.00653933 0.00257945 -0.00941218 0.000712389 -0.0103247 -0.000910024 -0.00177778 0.00718679 0.00452797 0.00830808 0.00127712 -0.0120202 -0.0127378 -0.000108401 0.00680868 -0.00229654 -0.00979358 0.00143508 0.000469799 0.00871698 -0.0141931 -0.0152718 -0.0032971 0.000886076 0.0109375 -0.00220874 0.0121423
internal_weight=9346 4222 4047 3961 5124 2836 1125 2751 2918 2830 2206 281 589 1009 2470 2402 2578 617 1961 649 1312 442 260 2170 2037 133 232 139 201 1197
internal_count=9346 4222 4047 3961 5124 2836 1125 2751 2918 2830 2206 281 589 1009 2470 2402 2578 617 1961 649 1312 442 260 2170 2037 133 232 139 201 1197
is_linear=0
shrinkage=0.035


Tree=2
num_leaves=31
num_cat=0
split_feature=137 270 71 10 270 183 185 124 104 38 115 93 137 185 71 27 13 19 77 27 71 49 93 82 71 205 8 272 270 7
split_gain=98.6047 96.6301 90.9245 82.86 78.2611 66.5463 62.1075 58.4376 57.7874 55.6533 64.8199 44.8768 56.5975 41.205 39.8684 39.6203 39.2013 38.5055 44.7648 35.983 40.8182 35.0797 41.533 34.7908 33.1109 31.5449 31.0657 30.9139 31.2944 29.7127
threshold=6506.0000000000009 32.311843604933436 18801.500000000004 41.480479699139174 34.299283446019345 0.78447501209637693 0.0099348957744459111 -2.4925447376673739 17.000000000000004 13822.000000000002 5343.0000000000009 7866.0000000000009 10495.000000000002 0.0083016568976571389 6300.0000000000009 14178.500000000002 78.05101353956816 620.50000000000011 0.11284999921917917 5819.5000000000009 347.00000000000006 19147.000000000004 16242.000000000002 5472.5000000000009 12528.500000000002 0.015400854412345805 -47.666384277127953 0.030299995094537738 83.774554151975863 -66.230416683223794
decision_type=2 2 2 2 2 2 2 2 2 2 2 2 2 2 2 2 2 2 2 2 2 2 2 2 2 2 2 2 2 2
left_child=4 -2 3 5 15 11 14 -4 -8 13 -11 -3 -13 16 -5 -1 23 24 -19 20 -15 22 27 -6 -10 -16 -12 -21 -29 -9
right_child=1 2 7 6 9 -7 8 29 17 10 26 12 -14 19 25 -17 -18 18 -20 21 -22 -23 -24 -25 -26 -27 -28 28 -30 -31
leaf_value=0.045102301439922311 -0.00051724576722085472 -0.00062574944648146615 -0.00049367647061683117 -0.00032366828052699502 0.035689808823511013 0.032731044214554132 0.032335431784030054 -0.0002911321164108838 -0.00034099352321028846 -0.0006893276349641404 -0.00034889642897248331 0.028903780038870872 -0.00019699037334323157 0.028803677789773791 0.026137986012019221 -3.4787294968962603e-05 3.0415747359396343e-05 0.003097100597950631 -0.00039723252724110984 1.2000355914235652e-05 -0.0003998518920987832 -0.00055985120455920496 0.030332935385376219 0.018914950113900007 0.022113069989085202 -0.00027682642592489429 0.032898379007197921 0.033050416745971894 -0.00018515671892463837 0.031610328791674233
leaf_weight=188 430 164 106 154 343 161 64 73 664 297 115 359 358 71 255 68 477 80 1061 1599 775 86 122 300 144 75 91 234 111 321
leaf_count=188 430 164 106 154 343 161 64 73 664 297 115 359 358 71 255 68 477 80 1061 1599 775 86 122 300 144 75 91 234 111 321
internal_value=-0.00116779 -0.00492065 -0.00322824 -0.00520457 0.00227263 0.00307545 -0.00865907 0.0106733 -0.0113603 0.00121812 -0.00971457 -0.000750564 0.00305402 0.00256367 0.00257669 0.0209195 0.00827556 -0.0124488 -0.0165838 0.00041958 -0.00567568 0.00282337 0.00375181 0.0138812 -0.00654367 0.00940299 0.00530806 0.00247819 0.0119 0.0168421
internal_weight=9346 4469 4039 3539 4877 1042 2497 500 2013 4621 503 881 717 4118 484 256 1120 1949 1141 2998 846 2152 2066 643 808 330 206 1944 345 394
internal_count=9346 4469 4039 3539 4877 1042 2497 500 2013 4621 503 881 717 4118 484 256 1120 1949 1141 2998 846 2152 2066 643 808 330 206 1944 345 394
is_linear=0
shrinkage=0.035


Tree=3
num_leaves=31
num_cat=0
split_feature=4 6 115 60 148 13 183 145 137 126 13 137 246 271 271 173 222 233 93 93 119 143 270 2 233 233 91 82 270 272
split_gain=96.8154 94.3366 66.0035 64.8611 78.1501 56.6163 57.5223 45.2844 40.5823 42.8166 40.2494 79.7223 43.8782 40.0841 45.4798 33.7145 44.6245 33.182 61.7321 43.3317 32.0426 31.1675 52.5135 34.6855 39.3516 31.1484 30.3294 29.475 27.1636 26.6992
threshold=9.5846020982484035 30.792619063504109 21998.500000000004 2069.5000000000005 514.50000000000011 41.423126880094564 0.93269231516501316 0.014126004156044453 6544.5000000000009 150.00000000000003 26.129573272368233 12184.000000000002 -0.054138382681689828 6.0895155590514722 6.0906933744166354 0.21245074139392647 7.1201071011106967 6470.3200683593759 11747.500000000002 15803.500000000002 44.305062692975298 0.25945000350475317 61.879613227186788 661.07501220703136 6023.3950195312509 6618.2900390625009 -6.5710640888096501 5367.5000000000009 42.987107151759311 -0.014150008559226988
decision_type=2 2 2 2 2 2 2 2 2 2 2 2 2 2 2 2 2 2 2 2 2 2 2 2 2 2 2 2 2 2
left_child=3 2 8 5 13 -1 20 15 -2 -10 11 26 21 -5 -15 29 -17 18 28 -20 -7 22 23 24 -12 -18 -9 -23 -14 -6
right_child=1 -3 -4 4 7 6 -8 10 9 -11 12 -13 17 14 -16 16 25 -19 19 -21 -22 27 -24 -25 -26 -27 -28 -29 -30 -31
leaf_value=-0.00070747470397285964 -0.00019227114152691962 0.029106502219645607 0.028949070342183005 0.029291347417364198 0.029529174554856794 -0.000567872518042063 0.030428045776005941 -0.001118007798378985 0.019929117195853576 -0.00047337778851587166 0.038360082772957466 -0.00046627860021457415 0.031052139702352065 -0.0009734558898114394 0.02502876354741294 -0.00037513542204134167 0.030683890157795626 -0.0004501215173654988 0.033762622228768788 -0.00034674869506589993 0.029289641398625749 0.018817557813148131 0.032134314353948756 0.031784471850767625 -0.00039574717519215988 -0.00022631653918295971 0.026908798148697198 -0.00057872253896079867 -0.00044250829725608405 2.1691267306284681e-05
leaf_weight=204 673 246 61 312 62 272 132 73 78 1004 75 192 61 92 339 154 464 485 192 129 62 197 297 75 291 74 590 297 752 1411
leaf_count=204 673 246 61 312 62 272 132 73 78 1004 75 192 61 92 339 154 464 485 192 129 62 197 297 75 291 74 590 297 752 1411
internal_value=-0.00120522 -0.00789066 -0.010648 0.000691453 0.00174498 -0.00964444 -0.00282378 0.000387168 -0.0119119 -0.0160994 -0.00196174 0.00468023 -0.00395833 0.0123997 0.00537844 0.00440323 0.0107461 -0.00773707 -0.00442493 0.0084816 -0.010531 0.00101859 0.00555855 -0.00211883 -0.00660377 0.0154696 0.0104266 -0.0057515 -0.00954156 0.00139716
internal_weight=9346 2062 1816 7284 6614 670 466 5871 1755 1082 3706 855 2851 743 431 2165 692 1619 1134 321 334 1232 738 441 366 538 663 494 813 1473
internal_count=9346 2062 1816 7284 6614 670 466 5871 1755 1082 3706 855 2851 743 431 2165 692 1619 1134 321 334 1232 738 441 366 538 663 494 813 1473
is_linear=0
shrinkage=0.035


Tree=4
num_leaves=31
num_cat=0
split_feature=4 6 104 82 148 77 148 137 246 242 272 137 246 261 274 137 133 135 33 225 60 10 145 270 270 38 4 93 38 82
split_gain=100.51 63.913 60.5435 57.0535 101.984 57.2467 46.9525 63.3677 51.6993 57.1021 49.5233 45.9616 46.6137 45.196 46.8424 44.469 44.4143 44.1521 42.4611 39.981 39.5558 40.3049 39.0857 36.5061 47.1238 32.6634 30.8963 30.894 29.6054 34.3763
threshold=-9.4560439256378448 35.631164906008543 17.000000000000004 2221.0000000000005 441.00000000000006 0.11005000025033952 2166.0000000000005 10760.000000000002 -0.2177086292492024 19.095260803195661 0.030799992382526401 7060.0000000000009 0.55189336919010679 558.47500610351574 0.16724183503178555 8785.0000000000018 27.965980764133629 -1.4632054107732384 0.18964999914169314 0.20275323789811572 11343.000000000002 16.958268923173588 0.010683762754962266 56.817009012236689 57.183663727336857 17540.500000000004 13.847924578028481 10134.000000000002 9378.0000000000018 5796.5000000000009
decision_type=2 2 2 2 2 2 2 2 2 2 2 2 2 2 2 2 2 2 2 2 2 2 2 2 2 2 2 2 2 2
left_child=6 2 -2 5 15 -4 7 13 17 -10 19 12 16 20 -15 -5 -6 -8 -19 -11 21 -1 -18 -7 -25 28 -13 -23 29 -20
right_child=1 -3 3 4 11 23 8 -9 9 10 -12 26 -14 14 -16 -17 22 18 25 -21 -22 27 -24 24 -26 -27 -28 -29 -30 -31
leaf_value=-0.0010803869728745008 0.030922074351352722 0.031014779137989973 0.0027655195908314399 -0.00047096777023420636 0.026818722610034776 -0.00054424401256889692 -0.00051743402349456013 -0.00028568805928565785 0.031587995295854772 -0.00073427149221647785 0.027960769899461359 -0.00026770390640646572 0.030173602370883824 -0.00012084447388533677 0.03449752729166658 0.028807770519405255 0.028233332076808434 0.032386001256675581 0.029093615178592203 -0.00010312737893785563 0.03052110000586402 0.028224705576971564 -0.0003171347780274181 0.027091059920653991 -0.00048621675814059217 -0.00069958285661025357 -0.00061174316121753811 -0.00062677643926750627 0.029958745365002974 -0.00017735723529828802
leaf_weight=144 81 175 65 87 92 387 404 294 82 704 216 1009 93 96 267 254 124 128 331 482 119 436 1025 82 796 106 382 150 257 478
leaf_count=144 81 175 65 87 92 387 404 294 82 704 216 1009 93 96 267 254 124 128 331 482 119 436 1025 82 796 106 382 150 257 478
internal_value=-0.00146722 -0.00511059 -0.00592704 -0.00648943 -0.00385217 -0.0125318 0.00214514 0.007227 -0.000263075 -0.00503022 -0.00671642 -0.00611538 -0.00146378 0.010756 0.021019 0.0140607 -0.00328652 0.00389116 0.00702682 -0.00952141 0.00627049 0.00314286 -0.00518631 -0.0141929 -0.0101472 0.00487681 -0.0105552 0.00722504 0.00673203 0.00339681
internal_weight=9346 4652 4477 4396 3066 1330 4694 1506 3188 1484 1402 2725 1334 1212 363 341 1241 1704 1300 1186 849 730 1149 1265 878 1172 1391 586 1066 809
internal_count=9346 4652 4477 4396 3066 1330 4694 1506 3188 1484 1402 2725 1334 1212 363 341 1241 1704 1300 1186 849 730 1149 1265 878 1172 1391 586 1066 809
is_linear=0
shrinkage=0.035


Tree=5
num_leaves=31
num_cat=0
split_feature=224 183 6 71 6 148 137 107 246 256 256 71 173 148 77 200 246 163 165 27 261 104 71 89 80 2 246 173 82 137
split_gain=94.6733 67.8298 69.9489 55.3487 53.8823 51.8646 74.7612 50.5735 50.0359 47.1365 47.1155 59.2852 50.3926 66.919 48.1413 41.7312 38.4609 45.4783 37.5778 35.3799 37.4736 51.6392 33.7337 54.4989 33.4979 35.0802 33.1801 32.8881 31.1049 32.1726
threshold=0.68741156983980789 0.98949358835475876 30.792619063504109 34009.500000000007 5.9169611907398343 2166.0000000000005 10760.000000000002 588.50000000000011 -0.2177086292492024 14.783167229111317 21.235881714717944 10941.500000000002 0.49193127163991873 514.50000000000011 0.11005000025033952 -0.063150003552436815 0.39307262520677999 0.11463323784747785 0.016224818733489483 26547.500000000004 575.14501953125011 5377.5000000000009 12528.500000000002 14.180086795514809 -7.6026882440530388 670.72998046875011 0.21365746023063492 0.74177425994744695 5796.5000000000009 2965.5000000000005
decision_type=2 2 2 2 2 2 2 2 2 2 2 2 2 2 2 2 2 2 2 2 2 2 2 2 2 2 2 2 2 2
left_child=5 2 3 4 10 6 7 18 24 -10 11 -2 13 -12 -14 -11 17 -9 -1 20 21 -17 -15 -24 -7 -26 -21 -18 -23 -30
right_child=1 -3 -4 -5 -6 8 -8 16 9 15 12 -13 14 22 -16 19 27 -19 -20 26 -22 28 23 -25 25 -27 -28 -29 29 -31
leaf_value=0.025173111656423986 0.031668877472679199 0.029245852082124324 0.027502039040262428 0.035704687255796473 -0.0004279061775570978 -0.00043639089311234839 -0.00044264876399013778 0.026663998372244722 0.031793512809576326 0.026809833624252665 0.025433589386517418 -0.00031729445102844092 0.011324310330816819 -0.00034845623663639914 -0.00050084117029917832 -0.0012514879886696402 0.033100610928401587 -0.0010434499064758381 -0.0010681001450262434 -0.0010725320968147834 -0.00089521542816533412 0.030918142305199053 -0.00020744841001960835 0.032869665066872805 0.019063092376625308 0.0317134938776494 0.031452312267885765 -4.4696402486334443e-05 -0.00095349833116053335 0.0095229639393825966
leaf_weight=171 126 86 246 71 1006 464 391 313 61 169 137 125 60 1051 1050 209 365 181 214 62 447 65 215 124 1166 95 60 60 122 434
leaf_count=171 126 86 246 71 1006 464 391 313 61 169 137 125 60 1051 1050 209 365 181 214 62 447 65 215 124 1166 95 60 60 122 434
internal_value=-0.00149717 -0.00531265 -0.00595232 -0.00707935 -0.00764811 0.00175208 0.00673235 0.0107487 -0.000771063 -0.00516218 -0.00520221 0.00916016 -0.00658403 -0.00244452 -0.0122422 -0.00636364 0.0151894 0.00841683 8.97436e-05 -0.00835114 -0.0100741 -0.00561677 -0.00476703 0.00478198 0.00337861 0.00633096 0.00937008 0.0228721 -0.000503195 -0.00324421
internal_weight=9346 4297 4211 3965 3894 5049 1695 1304 3354 1629 2888 251 2637 1527 1110 1568 919 494 385 1399 1277 830 1390 339 1725 1261 122 425 621 556
internal_count=9346 4297 4211 3965 3894 5049 1695 1304 3354 1629 2888 251 2637 1527 1110 1568 919 494 385 1399 1277 830 1390 339 1725 1261 122 425 621 556
is_linear=0
shrinkage=0.035


Tree=6
num_leaves=31
num_cat=0
split_feature=90 224 183 13 246 6 223 71 2 153 56 60 100 13 161 30 270 60 163 33 261 215 27 153 19 141 2 71 137 137
split_gain=86.5428 67.1196 66.3016 56.4041 53.9062 47.9227 51.4207 48.3602 45.1973 43.7678 62.3668 57.639 46.1147 44.5125 74.3188 42.298 36.287 43.1556 39.4328 43.3315 35.88 34.6103 31.1203 44.6757 29.9368 30.0476 29.6694 29.4099 28.1041 30.01
threshold=0.0072993603125561723 0.57515495876581368 0.98949358835475876 14.783167229111317 0.55189336919010679 30.792619063504109 15.833361832823497 24700.500000000004 675.58502197265636 0.11959112128335476 3.2484335055137579 12236.500000000002 17.608265062177512 29.090984653981128 0.15145000070333484 665.50000000000011 31.129980211359882 11343.000000000002 0.11785352115406429 0.18084999918937686 576.20501708984386 -0.04195000231266021 8863.5000000000018 -0.0077773014955734915 661.50000000000011 27.378083833335957 591.47497558593761 12200.500000000002 6423.0000000000009 5705.0000000000009
decision_type=2 2 2 2 2 2 2 2 2 2 2 2 2 2 2 2 2 2 2 2 2 2 2 2 2 2 2 2 2 2
left_child=15 3 5 -2 16 6 7 9 26 11 20 13 -12 22 -15 -1 -5 -18 19 -19 -11 -16 -3 -24 25 -21 -6 -14 29 -8
right_child=1 2 -4 4 8 -7 28 -9 -10 10 12 -13 27 14 21 -17 17 18 -20 24 -22 -23 23 -25 -26 -27 -28 -29 -30 -31
leaf_value=0.013618096167678952 0.030296481869137238 0.03056046676113543 0.028221807522257857 -0.00044212023765060173 -0.0014200042311239976 0.025008661389243105 -0.00043064417760953493 0.040321087090509716 -0.00091533910743062672 0.030834059138121105 -0.00050061159676556446 -0.00064962016287785178 -0.00042796608500302426 -0.00083370749309819535 -5.4228622336043311e-05 0.031012613383992072 -0.00051628917517375394 0.032155766655409534 -0.00081100550814029347 -0.00082354368611476671 -0.00032745865477450126 0.027729615559705864 -0.001234208969129237 0.029775542538732075 -0.0016806937350957658 0.025458151001623436 0.025701526286888297 0.027841380973065068 -0.00052305580456412704 0.028411074691000668
leaf_weight=1239 85 140 87 170 69 186 324 68 63 120 1014 200 251 116 331 161 2376 140 131 80 89 108 68 93 63 335 397 81 680 81
leaf_count=1239 85 140 87 170 69 186 324 68 63 120 1014 200 251 116 331 161 2376 140 131 80 89 108 68 93 63 335 397 81 680 81
internal_value=-0.00163191 -0.00304616 -0.00620856 0.000223556 -0.000420475 -0.00688496 -0.00774476 -0.00512481 0.009897 -0.00590023 -0.009625 -0.000395853 -0.0123834 0.00357724 -0.0023125 0.00637722 -0.00208939 -0.00121885 0.0060809 0.00977528 0.00801402 0.00433559 0.0142974 0.00358434 0.00463768 0.00808333 0.013673 -0.00103858 -0.0141606 -0.0067439
internal_weight=9346 7946 4037 3909 3824 3950 3764 2679 529 2611 1555 1056 1346 856 555 1400 3295 3125 749 618 209 439 301 161 478 415 466 332 1085 405
internal_count=9346 7946 4037 3909 3824 3950 3764 2679 529 2611 1555 1056 1346 856 555 1400 3295 3125 749 618 209 439 301 161 478 415 466 332 1085 405
is_linear=0
shrinkage=0.035


Tree=7
num_leaves=31
num_cat=0
split_feature=4 6 183 82 148 13 38 85 77 26 82 13 137 242 146 49 137 153 242 137 137 49 183 146 272 137 11 49 126 242
split_gain=80.5441 63.5403 64.6301 51.9199 92.2708 47.4928 50.0282 56.4221 47.3655 45.2104 41.4461 57.8386 71.6415 54.3446 69.1221 41.9877 40.8193 40.7652 39.1802 35.708 53.0885 36.6313 35.6514 35.2568 42.7957 35.2257 29.7863 30.2908 31.882 29.3486
threshold=-9.4560439256378448 35.631164906008543 0.98949358835475876 2221.0000000000005 441.00000000000006 14.783167229111317 13822.000000000002 683.50000000000011 0.11005000025033952 2.0836999416351323 5568.0000000000009 28.957111934076909 6572.5000000000009 54.771493958063239 -1.2863499006687629 10004.000000000002 4976.5000000000009 0.140984926936948 40.78569711061504 7060.0000000000009 3146.0000000000005 5465.0000000000009 0.24586412628338919 -0.85154988502733509 0.030249997973442081 8785.0000000000018 78.576505825295953 4216.5000000000009 176.00000000000003 24.967819767135367
decision_type=2 2 2 2 2 2 2 2 2 2 2 2 2 2 2 2 2 2 2 2 2 2 2 2 2 2 2 2 2 2
left_child=5 2 3 8 9 -1 7 10 -2 -5 11 -7 13 -13 -15 -14 -8 18 -18 20 22 -22 -6 24 -12 -11 -10 -28 -29 -21
right_child=1 -3 -4 4 19 6 16 -9 26 25 23 12 15 14 -16 -17 17 -19 -20 29 21 -23 -24 -25 -26 -27 27 28 -30 -31
leaf_value=0.02942823399976939 0.0021754029977240292 0.027881249033311416 0.02723404425897883 -0.0013990334029256209 -0.00060063999228692822 0.031420090680930768 -0.0012626572496234713 0.037540391792643089 -0.00053925202749295111 -0.00042120022890176581 -0.00076597070465918304 0.032094349351294793 -0.0015685763468952479 -0.0013821687005085078 0.02634006835729108 0.013375141392054099 -0.00076475733132325542 0.041956649274024892 0.02500562593417013 -0.00014567279207258256 -0.00076308582872030466 0.022224324593753508 0.025586958176704942 0.0087337689765079971 0.027703722931856682 0.029177226696587222 -0.00074748192594801068 0.023681396777637153 -0.00042739171806009728 -0.00047615269927287656
leaf_weight=74 64 175 87 61 495 206 245 77 322 63 1132 267 242 243 473 173 196 67 113 401 79 693 67 1014 172 213 178 100 664 990
leaf_count=74 64 175 87 61 495 206 245 77 322 63 1132 267 242 243 473 173 196 67 113 401 79 693 67 1014 172 213 178 100 664 990
internal_value=-0.00178911 -0.00505046 -0.00586457 -0.00646644 -0.00394848 0.00144499 0.000983784 0.00242133 -0.0122356 0.0132018 0.00181818 0.00613424 0.00354241 0.00867915 0.00359223 -0.00858333 -0.00821885 -0.000918635 -0.0063535 -0.00608974 -0.00198656 0.00396396 -0.0101235 -0.0011752 -0.00497326 0.0191815 -0.0137352 -0.0104963 -0.00737321 -0.0100036
internal_weight=9346 4652 4477 4390 3062 4694 4620 3999 1328 337 3922 1604 1398 983 716 415 621 376 309 2725 1334 772 562 2318 1304 276 1264 942 764 1391
internal_count=9346 4652 4477 4390 3062 4694 4620 3999 1328 337 3922 1604 1398 983 716 415 621 376 309 2725 1334 772 562 2318 1304 276 1264 942 764 1391
is_linear=0
shrinkage=0.035


Tree=8
num_leaves=31
num_cat=0
split_feature=4 6 183 82 82 261 13 82 13 137 13 77 146 49 270 49 148 74 126 19 92 173 115 153 115 170 126 11 160 129
split_gain=81.3255 64.7555 65.5273 50.0891 88.4923 49.1997 49.621 56.7284 58.6423 52.7973 55.984 47.7089 46.1411 41.0016 40.1335 42.9117 39.7561 37.7294 38.1056 33.0373 36.9661 53.4917 53.4737 50.6312 47.4984 50.0058 35.0246 33.5857 30.8047 29.2868
threshold=-9.4560439256378448 35.631164906008543 0.98949358835475876 2221.0000000000005 2428.0000000000005 631.27999877929699 14.783167229111317 5568.0000000000009 28.957111934076909 6572.5000000000009 50.835622033244007 0.11005000025033952 -1.3276984945270149 10004.000000000002 31.840684456677042 12898.500000000002 293.00000000000006 641.50000000000011 12281.500000000002 662.50000000000011 5.4220499992370614 0.49193127163991873 3334.0000000000005 0.13818640647602665 4677.0000000000009 0.011300005018711092 989.00000000000011 72.815892619734228 0.025300011038780216 643.50000000000011
decision_type=2 2 2 2 2 2 2 2 2 2 2 2 2 2 2 2 2 2 2 2 2 2 2 2 2 2 2 2 2 2
left_child=5 2 3 11 -5 6 -1 8 -8 10 -10 -2 -12 -11 -9 -16 -6 28 -19 20 21 22 -18 -22 -24 -26 -27 -25 -17 -20
right_child=1 -3 -4 4 16 -7 7 14 9 13 12 -13 -14 -15 15 17 19 18 29 -21 23 -23 24 27 25 26 -28 -29 -30 -31
leaf_value=0.028398245809777463 0.0020992638928036887 0.026905405317145515 0.026280852709914572 0.029280328155107751 0.026710367617832628 0.044355345553270829 0.030229543534009754 -0.00061823861829803323 0.03224197078055651 -0.00150359605746835 -0.0011579826959265489 -0.00047885843314366772 0.024315487350823624 0.013735248205762298 -0.00063132552185410059 0.03204974604997788 -0.00074663186965655162 -0.00094274560928410758 -0.00039467589829795597 -0.00063049277686215801 0.025269630410072953 -0.00082079623339252736 0.024044233733642485 -0.00063330055012728102 0.026578254280079375 0.019638066735143261 -0.00074973187771360927 0.026042328887669077 0.016799068846729454 0.028730446469651783
leaf_weight=74 64 175 87 131 124 61 208 187 214 246 246 1264 565 184 1962 215 281 222 67 620 283 211 134 173 184 127 700 94 177 66
leaf_count=74 64 175 87 131 124 61 208 187 214 246 246 1264 565 184 1962 215 281 222 67 620 283 211 134 173 184 127 700 94 177 66
internal_value=-0.00196877 -0.00524587 -0.0060676 -0.00667349 -0.00419954 0.00128112 0.000852738 0.000375767 0.00551859 0.00299658 0.00730583 -0.0123406 0.00304534 -0.00724138 -0.00258187 -0.00148305 -0.00547173 0.00563165 -0.002625 -0.00633535 -0.00429516 -0.00692753 -0.00445143 0.00353153 -0.00106522 -0.00368602 -0.00736178 -0.00733456 0.0130479 0.0119203
internal_weight=9346 4652 4477 4390 3062 4694 4633 4559 1663 1455 1025 1328 811 430 2896 2709 2931 747 355 2807 2187 1637 1426 550 1145 1011 827 267 392 133
internal_count=9346 4652 4477 4390 3062 4694 4633 4559 1663 1455 1025 1328 811 430 2896 2709 2931 747 355 2807 2187 1637 1426 550 1145 1011 827 267 392 133
is_linear=0
shrinkage=0.035


Tree=9
num_leaves=31
num_cat=0
split_feature=224 6 104 148 137 6 107 82 148 57 20 246 13 246 49 200 115 9 135 175 27 104 10 246 203 129 27 211 193 27
split_gain=85.4957 67.5718 65.168 53.4291 71.8755 51.9061 49.1617 48.5268 85.9013 62.8185 46.4529 42.1175 48.1388 41.2885 49.1758 39.1379 38.2414 37.916 35.7342 35.5388 33.0663 38.7088 48.0591 36.2626 35.4557 32.0175 31.7237 41.7405 64.0891 34.5174
threshold=0.68741156983980789 30.792619063504109 56.000000000000007 2166.0000000000005 10760.000000000002 5.9169611907398343 588.50000000000011 2221.0000000000005 441.00000000000006 0.066740759725705312 53.342570536962796 -0.22623862551101712 14.783167229111317 0.39307262520677999 8456.0000000000018 -0.063150003552436815 9908.5000000000018 28.138060470156443 -1.3562571311215603 0.0096174601546076734 26547.500000000004 5377.5000000000009 37.03005928232124 0.21365746023063492 -0.37250436302598849 666.50000000000011 12305.000000000002 -0.22429544909845184 0.41376585511104097 14447.500000000002
decision_type=2 2 2 2 2 2 2 2 2 2 2 2 2 2 2 2 2 2 2 2 2 2 2 2 2 2 2 2 2 2
left_child=3 2 -2 4 6 7 19 9 10 -4 -9 18 -13 14 17 -14 -16 -8 -5 -1 21 -17 -23 -22 -24 -20 27 -10 -29 -28
right_child=1 -3 5 11 -6 -7 13 8 26 -11 -12 12 15 -15 16 20 -18 -19 25 -21 23 22 24 -25 -26 -27 29 28 -30 -31
leaf_value=0.027923557119818004 0.024585205055053096 0.024623690807924994 -0.0005717856809006295 -0.00057120243766910553 -0.00068756918851949241 -0.00049484323926738294 0.034136943349420343 0.029053252681273303 -0.00080834567924496954 0.0088258067250750107 -0.00073333269014842339 0.027596436202487213 0.024507908877117762 0.028560740536830515 -0.0016215866055594055 -0.001788247006896206 0.025887772913176954 -0.00081590168796618636 0.017452599018319404 -0.0011662922362023515 -0.0012015766998088396 -0.00077789243219147962 -0.0010009558283651243 0.027593010330773389 0.025577677696009205 0.027095575893788776 -0.00086729611335178991 0.024165475922778772 -0.00043329202825709767 -0.00029995654174888424
leaf_weight=82 114 246 744 479 391 1026 149 190 187 63 65 61 173 425 197 334 88 60 1097 303 63 668 96 60 194 129 221 491 612 338
leaf_count=82 114 246 744 479 391 1026 149 190 187 63 65 61 173 425 197 334 88 60 1097 303 63 668 96 60 194 129 221 491 612 338
internal_value=-0.00202866 -0.00565435 -0.0067394 0.00105956 0.00611471 -0.00750254 0.0100535 -0.00510117 -0.00229018 -0.0123707 0.0165577 -0.00150045 -0.00548065 0.0144318 0.00743487 -0.00667922 -0.00205172 0.0201168 0.0023538 -0.000448718 -0.00860211 -0.0102544 -0.00661475 0.00847656 0.00522034 0.00551584 -0.00492718 -0.00189189 0.000726534 -0.0118528
internal_weight=9346 4297 4051 5049 1695 3937 1304 2911 2104 807 255 3354 1649 919 494 1588 285 209 1705 385 1415 1292 958 123 290 1226 1849 1290 1103 559
internal_count=9346 4297 4051 5049 1695 3937 1304 2911 2104 807 255 3354 1649 919 494 1588 285 209 1705 385 1415 1292 958 123 290 1226 1849 1290 1103 559
is_linear=0
shrinkage=0.035


Tree=10
num_leaves=31
num_cat=0
split_feature=4 6 183 13 41 82 13 242 223 38 148 82 150 165 69 242 183 137 13 191 183 153 38 118 81 11 2 145 233 38
split_gain=81.2411 65.9458 66.5113 49.2375 50.0199 65.7249 56.3948 46.395 45.2064 50.858 48.4238 46.2497 43.014 50.5471 41.9863 43.8117 39.5426 38.0291 43.6766 37.7035 48.2477 36.9035 48.0517 41.6759 48.4584 51.8499 38.8181 36.5312 34.1129 30.7915
threshold=-8.3791708848113249 35.631164906008543 0.98949358835475876 14.783167229111317 684.50000000000011 5568.0000000000009 28.957111934076909 32.736578844585758 13.956082442811653 6163.5000000000009 514.50000000000011 1779.5000000000002 0.036600004881620414 0.023796440690118999 -7.9263483892601583 47.432148707055269 0.30117528322642051 16036.000000000002 26.129573272368233 0.15249999985098842 -0.51969222852809749 0.24604458474272325 6078.5000000000009 642.50000000000011 5.6936500072479257 90.18491217338503 636.69500732421886 0.013245042971564995 6639.7050781250009 4894.0000000000009
decision_type=2 2 2 2 2 2 2 2 2 2 2 2 2 2 2 2 2 2 2 2 2 2 2 2 2 2 2 2 2 2
left_child=3 2 8 -1 5 6 -5 -8 9 12 11 -11 29 16 15 -9 -14 18 -12 -20 -21 23 26 -7 25 -25 -23 -22 -16 -2
right_child=1 -3 -4 4 -6 21 7 14 -10 10 17 -13 13 -15 28 -17 -18 -19 19 20 27 22 -24 24 -26 -27 -28 -29 -30 -31
leaf_value=0.02557853254759089 0.027469467291303781 0.025101886952768049 0.024500540688140698 0.028310271485635429 0.029419431683320025 -0.00036765107763439943 -0.0015848058347598271 0.024689913610877735 -0.00049995902552427281 -0.00099566621534126834 0.022959291241501992 0.023594168624662723 -0.0022878345795640546 -0.00079482346715590072 0.017649842616719303 -0.001449065026203086 0.02366685582942999 -0.00086004274026042229 -0.00062493801148960366 -0.00099859870974170991 0.02964340257005723 -0.0017704430189047083 0.021780758946242984 -0.0014177119390145084 0.015908148676129823 0.020929454150222775 0.023656523867362084 -0.00023402740962689074 0.037107423444062211 -0.00048623663411815184
leaf_weight=78 119 175 87 232 135 1431 106 73 1444 62 357 233 103 722 912 247 187 121 287 70 118 159 489 492 175 63 83 347 164 75
leaf_count=78 119 175 87 232 135 1431 106 73 1444 62 357 233 103 722 912 247 187 121 287 70 118 159 489 492 175 63 83 347 164 75
internal_value=-0.00204363 -0.00542221 -0.00627853 0.00110549 0.000638901 1.51155e-05 0.0053939 0.00287989 -0.00690941 -0.00430328 -0.000196875 0.0124833 -0.00971098 -0.0125959 0.00459672 -0.00646154 -0.000237288 -0.00311111 -0.00115287 -0.00558646 -6.48148e-05 -0.00321367 0.00356658 -0.00551016 -0.0122857 -0.0173125 -0.00906883 0.00409574 0.00790009 0.00527638
internal_weight=9346 4507 4332 4839 4761 4626 1734 1502 4245 2801 1595 295 1206 1012 1396 320 290 1300 1179 822 535 2892 731 2161 730 555 242 465 1076 194
internal_count=9346 4507 4332 4839 4761 4626 1734 1502 4245 2801 1595 295 1206 1012 1396 320 290 1300 1179 822 535 2892 731 2161 730 555 242 465 1076 194
is_linear=0
shrinkage=0.035


Tree=11
num_leaves=31
num_cat=0
split_feature=4 6 183 13 38 85 93 71 82 13 115 69 82 82 211 13 19 8 233 30 242 11 77 93 57 170 13 173 49 203
split_gain=73.3593 64.7555 65.5273 49.247 51.9192 58.2975 49.4412 47.1789 44.0381 57.9586 59.8763 44.4409 43.2701 92.7371 41.7719 51.3835 41.1664 41.1502 38.2108 37.1868 55.7402 41.9566 35.2953 35.0592 65.2175 36.496 32.3524 35.9928 28.259 32.3211
threshold=-9.4560439256378448 35.631164906008543 0.98949358835475876 14.783167229111317 13822.000000000002 683.50000000000011 7459.5000000000009 34009.500000000007 5568.0000000000009 28.957111934076909 10523.500000000002 -8.09382295316958 2221.0000000000005 2523.5000000000005 0.16936109656378071 82.699417588671963 541.50000000000011 -5.9753833070046598 6535.2299804687509 647.50000000000011 22.04783541884937 31.957100188053808 0.11005000025033952 4555.5000000000009 0.022347078076170413 0.012700013816356661 21.902575219170821 0.12096302194976587 12364.500000000002 0.49820193351379244
decision_type=2 2 2 2 2 2 2 2 2 2 2 2 2 2 2 2 2 2 2 2 2 2 2 2 2 2 2 2 2 2
left_child=3 2 7 -1 5 8 -6 12 9 -5 11 -11 22 -14 15 -13 -17 19 -8 20 21 -15 -2 -22 -25 -26 27 -10 -28 -30
right_child=1 -3 -4 4 6 -7 18 -9 26 10 -12 14 13 17 -16 16 -18 -19 -20 -21 23 -23 -24 24 25 -27 28 -29 29 -31
leaf_value=0.025543183300182518 0.0015175450816921994 0.024223320909421166 0.023643021764055774 0.027534516798294266 -0.0018226130080799116 0.035242959285847447 0.016646319507754293 0.032124982189274384 -0.002288512477579822 -0.00097006666628421563 -0.0021473420334421653 0.028331415602479162 0.028082461241559383 -0.00067182120991314185 0.0038121590761765172 0.034406093957789673 -0.0055518154965158674 -0.00091262859646409574 -0.0013277154719439483 -0.00069186236868518775 -0.00086887746492142883 0.027002423690133628 -0.00050844162452462656 0.021992306587170694 0.016015088221300561 -0.00076514568912704087 -0.00055951126937134029 0.0017461770742034774 0.0023208283903403499 0.035193273668512749
leaf_weight=74 64 175 87 206 201 77 301 71 110 285 101 348 157 72 467 63 134 199 119 659 363 139 1243 502 194 727 1484 90 506 128
leaf_count=74 64 175 87 206 201 77 301 71 110 285 101 348 157 72 467 63 134 199 119 659 363 139 1243 502 194 727 1484 90 506 128
internal_value=-0.00213346 -0.00524587 -0.0060676 0.000953394 0.000484324 0.0019493 -0.00888978 -0.00667349 0.0013369 0.0057862 0.00319316 0.00524194 -0.00714732 -0.00482599 0.00867257 0.0152091 0.000866337 -0.00627797 -0.00197647 -0.00510334 -0.00270979 0.0140972 -0.0124581 -0.0047292 -0.00223039 -0.00774838 -0.00174774 -0.0150244 -0.000461611 0.0056964
internal_weight=9346 4652 4477 4694 4620 3999 621 4390 3922 1604 1398 1297 4319 3012 1012 545 197 2855 420 2656 1997 211 1307 1786 1423 921 2318 200 2118 634
internal_count=9346 4652 4477 4694 4620 3999 621 4390 3922 1604 1398 1297 4319 3012 1012 545 197 2855 420 2656 1997 211 1307 1786 1423 921 2318 200 2118 634
is_linear=0
shrinkage=0.035


Tree=12
num_leaves=31
num_cat=0
split_feature=4 6 183 13 213 13 270 49 71 122 153 74 270 242 13 8 130 104 30 183 242 274 233 261 261 129 233 148 213 133
split_gain=70.1986 64.0997 65.0435 49.3543 50.5783 139.07 59.0992 60.6586 46.8005 40.9481 42.3265 50.0562 40.3626 90.4747 105.568 35.6059 49.392 33.616 35.4036 42.7255 37.4948 32.3219 38.3577 38.355 34.5311 33.2639 56.0774 39.3753 31.9541 49.2897
threshold=-9.4560439256378448 35.631164906008543 0.98949358835475876 14.783167229111317 11.242971973994186 51.449592612408658 33.579943854483766 9560.5000000000018 34009.500000000007 54.892165500087536 -0.63416730740377447 662.25000000000011 32.311843604933436 23.122825537664184 15.809100954907437 -77.845323518086602 -76.014027488388578 5377.5000000000009 641.50000000000011 0.053096116802824077 43.970169661318174 0.10215619396982917 6546.5852050781259 603.81500244140636 567.20001220703136 614.50000000000011 5965.8400878906259 8903.0000000000018 11.713369305062756 40.276686246204349
decision_type=2 2 2 2 2 2 2 2 2 2 2 2 2 2 2 2 2 2 2 2 2 2 2 2 2 2 2 2 2 2
left_child=3 2 8 -1 5 -5 -6 17 12 10 -7 -12 -2 14 -14 -15 -17 -8 19 -19 -21 23 24 25 28 26 -9 -27 29 -23
right_child=1 -3 -4 4 6 9 7 21 -10 -11 11 -13 13 15 -16 16 -18 18 -20 20 -22 22 -24 -25 -26 27 -28 -29 -30 -31
leaf_value=0.024649171884676132 -0.00089979750019965235 0.023375504677591426 0.022815516002313824 0.032596033763771542 -0.0010860663458910449 -0.0023748753319404277 -0.0016427884378144076 -0.0023352060469926769 0.031000607812649784 0.021382908862341322 -0.0010176182144819607 0.026563024784411728 -0.0015109731473188844 -0.0011830758763395645 0.025108178660202027 0.020480509367192389 -0.00044139687064274213 -0.0010048612757380161 -0.0020189330180409937 -0.00072264818377863727 0.036087846463900369 -0.0018955444282878937 -0.00072794954140467942 0.026248713060359752 0.024343207112925633 -0.00095840526071499003 0.025514964032823429 -0.0017942536726314874 0.027580940093670344 0.019986867586063699
leaf_weight=74 307 175 87 472 197 119 295 60 71 361 663 97 94 343 264 133 3178 355 209 60 88 89 215 101 163 304 227 191 143 211
leaf_count=74 307 175 87 472 197 119 295 60 71 361 663 97 94 343 264 133 3178 355 209 60 88 89 215 101 163 304 227 191 143 211
internal_value=-0.00209603 -0.00514065 -0.00595828 0.000923601 0.000454054 0.0052184 -0.00235496 -0.000992268 -0.006562 -0.000955823 -0.00502828 -0.00192157 -0.007034 -0.00608165 0.0106061 -0.00772889 -0.0065968 -0.00778162 -0.00361227 0.00144685 0.0169281 0.00303101 0.00800847 -0.00161599 0.0124877 -0.00426938 0.00515411 -0.00973 0.00726563 0.000688525
internal_weight=9346 4652 4477 4694 4620 1712 2908 2711 4390 1240 879 760 4319 4012 358 3654 3311 1007 712 503 148 1704 821 883 606 782 287 495 443 300
internal_count=9346 4652 4477 4694 4620 1712 2908 2711 4390 1240 879 760 4319 4012 358 3654 3311 1007 712 503 148 1704 821 883 606 782 287 495 443 300
is_linear=0
shrinkage=0.035


Tree=13
num_leaves=31
num_cat=0
split_feature=4 6 104 256 38 85 93 137 82 256 71 270 256 261 49 58 256 256 30 104 213 38 104 160 60 8 8 100 145 148
split_gain=67.7897 61.2289 56.9485 49.4617 52.4898 55.1432 48.6541 48.0613 50.5317 58.6639 46.2857 41.4083 83.5922 95.4432 75.7611 38.8362 42.5645 43.3115 53.2159 37.4986 45.6338 43.8356 42.2423 37.4761 34.2066 31.9186 38.9898 40.3707 38.2577 41.1602
threshold=-9.4560439256378448 35.631164906008543 17.000000000000004 14.783167229111317 13822.000000000002 683.50000000000011 7459.5000000000009 10760.000000000002 5568.0000000000009 31.147754945420637 34009.500000000007 32.311843604933436 23.702233142751499 572.24499511718761 10104.500000000002 -10.310358097327407 38.980436229483409 84.197666758248019 514.50000000000011 9347.5000000000018 11.60454703185094 9723.5000000000018 5377.5000000000009 0.016600001603364948 10754.000000000002 -77.845323518086602 -36.770825394673771 7.4542042951326772 0.010928951188323896 527.00000000000011
decision_type=2 2 2 2 2 2 2 2 2 2 2 2 2 2 2 2 2 2 2 2 2 2 2 2 2 2 2 2 2 2
left_child=3 2 -2 -1 5 7 -6 8 9 -5 11 -4 13 14 -13 -11 -17 -18 -19 22 -21 -22 -10 -8 -24 -14 27 -27 -29 -30
right_child=1 -3 10 4 6 -7 23 -9 19 15 -12 12 25 -15 -16 16 17 18 -20 20 21 -23 24 -25 -26 26 -28 28 29 -31
leaf_value=0.023786450868712464 0.022611362346156013 0.022557362013875724 -0.0008683045876926649 0.030852438642423735 -0.0017372939033709791 0.034034933944791949 0.039838417435713064 -0.0012989198540115123 -0.0012072319107028235 -0.00093746789702526016 0.029915586539207038 0.026119238513482249 -0.0011416682206676788 0.026910333889316119 -0.0011683711329885406 -0.0017905055902774261 0.025181459859930817 0.035247124476897866 -0.0047770126919634524 -0.0018524410166214657 0.026163105743293703 -0.001004205497635615 0.01181951669522706 -0.00098233365211723993 0.025223595471664428 0.039234619861866923 -0.00046557679346341145 0.026493303761935746 0.020132384286482112 -0.00069070784565383552
leaf_weight=74 81 175 307 194 201 77 62 399 443 324 71 112 343 177 158 81 576 66 185 391 190 168 675 358 230 62 1689 121 288 1068
leaf_count=74 81 175 307 194 201 77 62 399 443 324 71 112 343 177 158 81 576 66 185 391 190 168 675 358 230 62 1689 121 288 1068
internal_value=-0.00207358 -0.00506549 -0.00586457 0.000893807 0.000423784 0.00189685 -0.0090016 0.00130125 0.00260913 0.00767994 -0.00640991 -0.00687875 -0.00591598 0.0082854 -0.00483636 0.00481002 0.00851041 0.0108954 -0.00123047 -0.000849191 -0.00710212 0.00192837 0.00263858 -0.00214118 0.00696154 -0.00770274 -0.00660377 -0.00256153 -0.00375506 -0.00545187
internal_weight=9346 4652 4477 4694 4620 3999 621 3922 3523 1426 4396 4325 4018 447 270 1232 908 827 251 2097 749 358 1348 420 905 3571 3228 1539 1477 1356
internal_count=9346 4652 4477 4694 4620 3999 621 3922 3523 1426 4396 4325 4018 447 270 1232 908 827 251 2097 749 358 1348 420 905 3571 3228 1539 1477 1356
is_linear=0
shrinkage=0.035


Tree=14
num_leaves=31
num_cat=0
split_feature=4 104 219 13 38 85 270 242 13 137 82 13 93 242 71 13 82 31 160 8 205 203 49 205 137 93 34 76 8 150
split_gain=64.0751 53.0084 52.3615 49.3543 50.3575 55.1432 48.9362 87.4896 90.3031 48.0613 50.5317 58.6639 45.521 43.7368 43.6248 42.0725 41.8494 39.3988 37.4761 36.6115 42.1698 35.2736 35.6048 33.169 32.7742 31.7254 29.6653 29.6109 33.1505 43.5216
threshold=-9.4560439256378448 17.000000000000004 20.7050681128873 14.783167229111317 13822.000000000002 683.50000000000011 32.311843604933436 23.122825537664184 15.809100954907437 10760.000000000002 5568.0000000000009 31.147754945420637 7459.5000000000009 32.736578844585758 34009.500000000007 82.699417588671963 2428.0000000000005 -148.8383684545735 0.016600001603364948 -77.845323518086602 0.01077528898150718 0.46579683282214129 9778.0000000000018 0.015918722096398476 10063.000000000002 9809.0000000000018 3.7600895772533725 0.3652500063180924 -39.665367995603681 0.04294999688863755
decision_type=2 2 2 2 2 2 2 2 2 2 2 2 2 2 2 2 2 2 2 2 2 2 2 2 2 2 2 2 2 2
left_child=3 -2 6 -1 5 9 -3 8 -8 10 11 -5 -6 -13 19 16 -15 -17 -14 -9 24 -12 25 26 -21 -23 -18 -22 29 -29
right_child=1 2 -4 4 12 -7 7 14 -10 -11 21 13 18 15 -16 17 23 -19 -20 20 27 22 -24 -25 -26 -27 -28 28 -30 -31
leaf_value=0.022953925088307528 0.021819964664040552 -0.00084813137369098746 0.027514114082253176 0.029772603289938901 -0.0016764886167529953 0.03284371125672423 -0.0014171960975081267 -0.0011061614922976905 0.023301374890045988 -0.0012534576591211083 -0.00068773374149684043 -0.001664315335426957 0.038444072825463103 -0.0029183996132501394 0.02886854101033479 0.022355308481713177 -0.0041888345651953278 -0.0024342135972895943 -0.00094795197429313818 0.022097937664298569 -0.00062466885396488653 -0.0028168957376848054 0.032313015543283322 0.0045530123992517527 -0.0011914586299793556 0.019884460772391123 0.026080588677176216 0.030511243015182515 -0.00034719511623403565 -0.00013383238529991127
leaf_weight=74 81 303 104 194 201 77 93 344 264 399 1783 64 62 96 71 81 61 287 358 202 1976 89 122 217 63 103 426 106 716 329
leaf_count=74 81 303 104 194 201 77 93 344 264 399 1783 64 62 96 71 81 61 287 358 202 1976 89 122 217 63 103 426 106 716 329
internal_value=-0.00196129 -0.00487009 -0.00537697 0.000923601 0.000454054 0.00189685 -0.00595595 -0.00495323 0.0115055 0.00130125 0.00260913 0.00767994 -0.00877796 0.00481002 -0.00650971 0.00638534 0.0108696 -0.00337802 -0.00214118 -0.00703555 -0.00591404 -0.000849191 0.00987461 0.0138223 0.00738889 0.00035533 0.0188516 -0.0070514 -0.00257353 0.00501136
internal_weight=9346 4652 4571 4694 4620 3999 4467 4164 357 3922 3523 1426 621 1232 3807 1168 800 368 420 3736 3392 2097 314 704 265 192 487 3127 1151 435
internal_count=9346 4652 4571 4694 4620 3999 4467 4164 357 3922 3523 1426 621 1232 3807 1168 800 368 420 3736 3392 2097 314 704 265 192 487 3127 1151 435
is_linear=0
shrinkage=0.035


Tree=15
num_leaves=31
num_cat=0
split_feature=4 6 104 13 38 85 270 242 13 71 137 82 13 111 13 205 93 203 160 30 203 104 115 183 8 53 71 71 272 246
split_gain=62.0906 59.3259 55.6469 46.1134 44.9082 52.0104 42.2723 94.6342 82.1194 41.4639 41.4637 47.6672 59.9946 39.2379 51.1214 41.2594 38.1442 37.6707 37.4761 36.6372 34.7405 37.5166 33.4889 33.4669 32.5551 35.7247 30.8483 29.2451 28.3659 44.9565
threshold=-9.4560439256378448 35.631164906008543 17.000000000000004 14.783167229111317 13822.000000000002 683.50000000000011 32.311843604933436 23.122825537664184 15.809100954907437 34009.500000000007 10495.000000000002 5568.0000000000009 31.147754945420637 27.991951110814288 82.699417588671963 0.015974252716703458 7459.5000000000009 0.70078462757988291 0.016600001603364948 514.50000000000011 0.51026205725691332 4279.5000000000009 23185.500000000004 -0.086909080939978942 -77.845323518086602 -59.554931635355516 5942.0000000000009 5550.0000000000009 0.031000010669231418 -0.22623862551101712
decision_type=2 2 2 2 2 2 2 2 2 2 2 2 2 2 2 2 2 2 2 2 2 2 2 2 2 2 2 2 2 2
left_child=3 2 -2 -1 5 10 -4 8 -8 22 11 12 -5 17 15 -15 -6 -14 -18 -16 28 -22 24 -17 -9 -26 -21 -3 29 -13
right_child=1 27 6 4 16 -7 7 9 -10 -11 -12 20 13 14 19 23 18 -19 -20 26 21 -23 -24 -25 25 -27 -28 -29 -30 -31
leaf_value=0.022150537710216765 0.021056265900799134 -0.011385231241001742 -0.00080822932904423505 0.028730562174791044 -0.0016178115151666418 0.031694181362738882 -0.0013675942340953425 -0.0010718974994206498 0.022485826768894372 0.027858142074973072 -0.0012118346389268762 0.0024633365773498932 -0.0021105208418218694 0.024563974051143442 0.028047774664843057 0.025789500764110362 0.037098530276571895 0.022064375655687991 -0.00091477365519287989 -0.0039544461965749121 -0.0019118939239855394 0.024976923682375095 0.027677269681356573 -0.0043782805967450206 0.024072994804442773 -0.00047384870775765177 0.021572872684853216 0.027336205569513019 0.022709472076259094 -0.0012177837148346544
leaf_weight=74 81 62 307 194 201 77 94 339 264 71 422 870 179 474 85 64 62 75 358 210 74 190 61 67 120 3140 61 113 212 745
leaf_count=74 81 62 307 194 201 77 94 339 264 71 422 870 179 474 85 64 62 75 358 210 74 190 61 67 120 3140 61 113 212 745
internal_value=-0.00188643 -0.00474984 -0.00553659 0.000953394 0.000499459 0.00186189 -0.00607589 -0.00512091 0.0119559 -0.00677329 0.00128342 0.00253638 0.0075 0.00456148 0.00778986 0.0139426 -0.00821885 -0.00756757 -0.00214118 -0.00271468 -0.000818225 0.0109294 -0.00729604 -0.00334559 -0.00774001 -0.00664625 -0.00900362 0.0149722 -0.00254094 -0.00412654
internal_weight=9346 4652 4477 4694 4620 3999 4396 4089 358 3731 3922 3500 1409 1215 961 605 621 254 420 356 2091 264 3660 131 3599 3260 271 175 1827 1615
internal_count=9346 4652 4477 4694 4620 3999 4396 4089 358 3731 3922 3500 1409 1215 961 605 621 254 420 356 2091 264 3660 131 3599 3260 271 175 1827 1615
is_linear=0
shrinkage=0.035


Tree=16
num_leaves=31
num_cat=0
split_feature=145 13 213 121 270 13 77 137 270 104 6 60 137 220 82 11 49 27 217 115 274 92 246 181 246 93 261 38 148 186
split_gain=57.4524 52.7038 66.5697 62.036 51.1626 88.9701 62.3861 57.2392 48.623 36.5245 37.7449 45.2978 37.3151 36.4046 31.7698 31.174 32.2515 30.7853 29.4955 27.9729 27.8925 27.2343 27.0613 38.6781 31.739 28.0835 47.4687 43.9484 31.8554 26.3037
threshold=0.014126004156044453 77.936508788573107 11.207398447687789 0.2897499948740006 31.129980211359882 26.129573272368233 0.13239999860525134 6682.0000000000009 43.526731145674908 139.00000000000003 30.792619063504109 2069.5000000000005 12211.000000000002 15.478016975368995 2081.0000000000005 101.35876196711345 13914.000000000002 13100.500000000002 28.71145223659094 15861.000000000002 0.80997946360933015 5.8833000659942636 -0.41118154970325677 0.15772499889135363 -0.63455483277300451 10890.500000000002 548.54998779296886 5309.5000000000009 514.50000000000011 1.3051129331825098
decision_type=2 2 2 2 2 2 2 2 2 2 2 2 2 2 2 2 2 2 2 2 2 2 2 2 2 2 2 2 2 2
left_child=1 2 3 -1 7 6 -6 -2 13 12 11 19 -7 -8 -4 16 29 -10 -18 -11 22 -3 23 -13 -25 28 27 -27 -24 -16
right_child=4 21 14 -5 5 9 8 -9 17 10 -12 20 -14 -15 15 -17 18 -19 -20 -21 -22 -23 25 24 -26 26 -28 -29 -30 -31
leaf_value=0.010878779767729777 0.010167691617053817 -0.00064174553766992333 -0.0012553335390476901 0.028964305942191487 0.021238360154389711 0.022624625341618 0.00032626475648525583 -0.0008738066073455665 -0.0019062127400203822 -0.00074129849104871584 0.019570743190608988 0.024096161241259916 -0.00033454996846090995 0.024815952645489001 -0.00098145231790960365 0.024031269162271565 -8.4327535145468094e-05 0.0096178567085341421 0.02686993595905211 0.0036620920372677887 0.027204555761969607 -0.0027213036356892382 0.0053266358193098298 -0.0012557472513963976 0.019057916174246452 -0.0015268407400815232 -0.00046571593327155553 0.03051143393083532 -0.00086344282669654332 0.022751135242220565
leaf_weight=354 90 724 72 304 259 110 224 293 152 708 187 70 92 152 821 170 158 109 166 127 63 71 276 361 316 72 837 199 1737 72
leaf_count=354 90 724 72 304 259 110 224 293 152 708 187 70 92 152 821 170 158 109 166 127 63 71 276 361 316 72 837 199 1737 72
internal_value=-0.0017966 0.00227974 0.00516258 0.014359 -0.00364187 -0.00284924 0.007303 -0.0159665 0.00136293 -0.00461919 -0.00521682 -0.00582477 0.00980676 0.00937008 0.000980191 0.0021875 0.000200491 -0.0101316 0.00957447 -0.0132083 -0.00424162 -0.00538125 -0.0046269 0.00134973 -0.00128299 -0.00605726 -0.00157233 0.0110326 -0.00851586 -0.00323497
internal_weight=9346 2912 2117 658 6434 6051 896 383 637 5155 4953 4766 202 376 1459 1387 1217 261 324 835 3931 795 3868 747 677 3121 1108 271 2013 893
internal_count=9346 2912 2117 658 6434 6051 896 383 637 5155 4953 4766 202 376 1459 1387 1217 261 324 835 3931 795 3868 747 677 3121 1108 271 2013 893
is_linear=0
shrinkage=0.035


Tree=17
num_leaves=31
num_cat=0
split_feature=4 6 8 242 71 270 13 71 71 213 82 13 137 261 270 49 13 27 270 242 13 270 217 49 74 126 146 13 137 49
split_gain=60.2071 53.5368 47.7804 55.5378 85.9393 48.9897 46.5317 45.2007 47.0694 47.348 44.486 62.4572 52.009 49.7094 50.0924 45.6636 43.9584 40.0104 37.6956 63.1534 47.2677 38.2899 56.7297 37.5553 39.2638 36.9631 35.9162 31.2491 30.2934 31.4256
threshold=-9.1054328597750906 30.792619063504109 -5.9753833070046598 22.08594905484529 11900.500000000002 37.80661213757196 14.783167229111317 5312.0000000000009 6926.0000000000009 11.760527449144236 5568.0000000000009 28.957111934076909 6572.5000000000009 631.27999877929699 31.840684456677042 10004.000000000002 49.627414219975115 12674.500000000002 48.335007412682913 32.817924748204284 32.052252249208173 106.41086896661405 31.945990207010102 12898.500000000002 641.50000000000011 12281.500000000002 -1.3276984945270149 19.243600338975359 6663.5000000000009 15414.500000000002
decision_type=2 2 2 2 2 2 2 2 2 2 2 2 2 2 2 2 2 2 2 2 2 2 2 2 2 2 2 2 2 2
left_child=6 2 3 4 -2 -5 -1 -7 17 18 11 -8 16 14 -12 -14 -13 -9 20 -20 -10 22 -21 -16 28 -26 -18 -6 29 -25
right_child=1 -3 -4 5 27 7 10 8 9 -11 13 12 15 -15 23 -17 26 -19 19 21 -22 -23 -24 24 25 -27 -28 -29 -30 -31
leaf_value=0.020330420445434851 0.020240237154779694 0.020238201986640416 -0.0007286053234545984 -0.00068001266842596976 -0.0016567093756903169 -0.00084104043168843103 0.022722298699753396 0.020631231223459341 0.019412390297411035 0.019265074129993225 -0.00097221883934053746 0.024323923951465602 -0.0017358854621395471 0.034228300870204731 -0.00094711949029932031 0.012111572916903519 -0.0014098992370141445 -0.00056857656264993673 -0.001356642236607624 -0.00054195585482552492 -0.00058303117510068311 -0.0011769952442455686 0.015094762869031558 0.024372515873068684 -0.0015229177122503637 0.020712787602168103 0.018055340623788281 0.00032219918295056606 0.03006325460533173 -0.0032888286143376716
leaf_weight=77 228 246 292 288 92 564 213 335 245 351 187 205 254 60 1971 187 253 109 334 657 94 235 483 112 225 133 571 63 212 70
leaf_count=77 228 246 292 288 92 564 213 335 245 351 187 205 254 60 1971 187 253 109 334 657 94 235 483 112 225 133 571 63 212 70
internal_value=-0.00202117 -0.00486258 -0.00576 -0.0047661 0.00784794 -0.00608243 0.00075396 -0.00489302 -0.00308462 -0.00502288 0.000293044 0.00483116 0.00223051 -0.00228235 -0.00295369 -0.00776906 0.00653288 0.00732739 -0.00705796 -0.00916861 0.00356105 -0.00580797 -0.0031179 -0.00173204 0.00490092 -0.00347107 0.00287093 -0.0120313 0.0124561 0.00187166
internal_weight=9346 4616 4370 4078 383 3695 4730 3407 2843 2399 4653 1683 1470 2970 2910 441 1029 444 2048 1709 339 1375 1140 2723 752 358 824 155 394 182
internal_count=9346 4616 4370 4078 383 3695 4730 3407 2843 2399 4653 1683 1470 2970 2910 441 1029 444 2048 1709 339 1375 1140 2723 752 358 824 155 394 182
is_linear=0
shrinkage=0.035


Tree=18
num_leaves=31
num_cat=0
split_feature=4 104 223 13 223 13 52 71 153 93 71 121 56 148 82 13 137 13 261 270 93 71 148 146 13 60 203 270 109 203
split_gain=74.1221 55.5867 48.7224 46.9992 44.7467 48.6982 53.8931 46.1276 46.2837 60.4536 56.3036 52.268 60.2658 50.025 43.0919 61.7771 53.2711 44.2663 42.9231 48.2104 42.9229 38.6844 37.1701 30.8628 29.7785 43.6458 28.5149 30.3912 28.6708 32.4832
threshold=-9.4560439256378448 17.000000000000004 46.948606471394264 14.783167229111317 15.368123613863323 75.272308801806375 677.50000000000011 24700.500000000004 0.11959112128335476 11327.000000000002 7732.0000000000009 0.2932999879121781 3.3490332021883091 1606.0000000000002 5568.0000000000009 28.957111934076909 6572.5000000000009 49.627414219975115 631.27999877929699 31.840684456677042 20335.500000000004 5427.0000000000009 10629.000000000002 -1.3276984945270149 31.274403193365476 10302.000000000002 0.51026205725691332 36.263353834088996 0.68164998292922985 0.84887067542584294
decision_type=2 2 2 2 2 2 2 2 2 2 2 2 2 2 2 2 2 2 2 2 2 2 2 2 2 2 2 2 2 2
left_child=3 -2 4 -1 5 6 7 8 9 10 13 12 -10 -3 15 -5 17 -17 19 -16 -11 -4 23 -19 -14 -26 27 -21 29 -28
right_child=1 2 21 14 -6 -7 -8 -9 11 20 -12 -13 24 -15 18 16 -18 22 -20 26 -22 -23 -24 -25 25 -27 28 -29 -30 -31
leaf_value=0.02008762470473166 0.019025275191345361 0.01745056552496909 -0.0027500215289730529 0.022269109248463922 -0.00057071757923122504 -0.001018904342039261 -0.00092503702307502168 0.031309766737817255 0.016513019282753082 -0.00079872202340782806 0.021397396651544942 0.02572656481145251 -0.0010192560660088341 -0.0013221303215112318 -0.00093819117996361953 0.023472586613164308 -0.0013693746349159798 -0.0014992661283578345 0.033030310339747564 0.02255641344372844 0.024389369533028109 0.0235584391351467 0.030170455790190336 0.015999630115087721 -0.0006840162392537175 0.030035005180159786 0.024248769640440104 -0.00095777034174819294 -0.0011237141416483565 -0.0014348159820894708
leaf_weight=74 81 105 90 208 1220 352 157 67 192 356 395 83 369 127 187 205 431 242 60 101 75 185 64 514 725 73 252 2096 199 61
leaf_count=74 81 105 90 208 1220 352 157 67 192 356 395 83 369 127 187 205 431 242 60 101 75 185 64 514 725 73 252 2096 199 61
internal_value=-0.00240295 -0.00553146 -0.00605004 0.000700149 -0.00696582 -0.00470302 -0.0031037 -0.00186431 -0.00265469 0.00289746 0.00980222 -0.00672426 -0.00839076 -0.00383966 0.000242162 0.00473936 0.00215606 0.00649029 -0.00229314 -0.00291968 -0.0071445 0.008125 0.0028 0.000551905 -0.011378 -0.00749689 -0.00171518 -0.00344914 0.00568665 0.012217
internal_weight=9346 4652 4571 4694 4296 3076 2724 2567 2500 1058 627 1442 1359 232 4620 1664 1456 1025 2956 2896 431 275 820 756 1167 798 2709 2197 512 313
internal_count=9346 4652 4571 4694 4296 3076 2724 2567 2500 1058 627 1442 1359 232 4620 1664 1456 1025 2956 2896 431 275 820 756 1167 798 2709 2197 512 313
is_linear=0
shrinkage=0.035


Tree=19
num_leaves=31
num_cat=0
split_feature=4 6 104 13 82 13 137 13 49 71 30 171 270 146 41 270 49 74 8 242 82 115 104 203 93 217 137 93 145 126
split_gain=75.9206 57.4312 59.0231 46.9992 42.292 62.0726 52.7769 44.6923 43.1437 41.8533 38.9756 54.5574 38.8766 37.2968 36.6485 36.5755 36.9152 40.6014 36.2101 47.001 46.3399 43.0345 34.7917 50.7604 45.3081 37.3325 35.3339 35.1358 46.9062 48.7866
threshold=-9.4560439256378448 35.631164906008543 17.000000000000004 14.783167229111317 5568.0000000000009 28.957111934076909 6572.5000000000009 50.835622033244007 10004.000000000002 34009.500000000007 675.50000000000011 0.1122999992221594 37.490732067259479 -1.3276984945270149 684.50000000000011 31.840684456677042 12898.500000000002 641.50000000000011 -11.286507480619431 24.120249720904276 4318.0000000000009 18696.000000000004 1779.5000000000002 0.84483305703274569 8259.0000000000018 22.342749028754746 11170.000000000002 4807.5000000000009 0.010758490794697593 8776.0000000000018
decision_type=2 2 2 2 2 2 2 2 2 2 2 2 2 2 2 2 2 2 2 2 2 2 2 2 2 2 2 2 2 2
left_child=3 2 -2 -1 5 -5 7 -7 -8 10 11 12 -4 -9 15 -6 -17 -18 19 20 -13 22 24 25 -21 -24 -25 -27 -29 -30
right_child=1 -3 9 4 14 6 8 13 -10 -11 -12 18 -14 -15 -16 16 17 -19 -20 21 -22 -23 23 26 -26 27 -28 28 29 -31
leaf_value=0.019384557840066052 0.018359390559648275 0.019101614294084527 -0.00042686266577798479 0.021489690424767682 -0.00091858517144159668 0.022924132709398058 -0.0016967844209514154 -0.0013981486907934089 0.011735595977033952 0.024952136244314322 -0.00093026523751591828 0.024304939729740852 0.014145787357916755 0.017176871208277052 0.023777408018536613 -0.00094270020723421122 0.021106827475558854 -0.00097007268428522125 -0.00067679070951860438 -0.00050463013825386186 -0.00039128937610856623 0.021018462482684182 -0.00086972771640982192 0.022577535505390635 -0.00098628828577777676 -0.00090639218673678533 -0.00041048154225709624 0.028320178092421842 -0.00072942863500835293 0.022127827856232241
leaf_weight=74 81 175 76 208 163 214 246 246 185 71 238 104 193 565 130 1921 392 350 459 514 201 154 262 136 415 426 119 89 771 168
leaf_count=74 81 175 76 208 163 214 246 246 185 71 238 104 193 565 130 1921 392 350 459 514 201 154 262 136 415 426 119 89 771 168
internal_value=-0.00244038 -0.00560661 -0.00637996 0.000700149 0.000242162 0.00469742 0.00210815 0.00642233 -0.0081078 -0.00693479 -0.00737991 -0.00656036 0.00855839 0.00261642 -0.0022695 -0.00311551 -0.00211207 0.00449799 -0.00763536 -0.00635702 0.00666129 -0.0076659 -0.00862651 -0.00596913 -0.0142024 -0.00813481 0.00848077 -0.0059013 -0.00237173 -0.00470869
internal_weight=9346 4652 4477 4694 4620 1664 1456 1025 431 4396 4325 4087 269 811 2956 2826 2663 742 3818 3359 305 3054 2900 1971 929 1716 255 1454 1028 939
internal_count=9346 4652 4477 4694 4620 1664 1456 1025 431 4396 4325 4087 269 811 2956 2826 2663 742 3818 3359 305 3054 2900 1971 929 1716 255 1454 1028 939
is_linear=0
shrinkage=0.035


Tree=20
num_leaves=31
num_cat=0
split_feature=4 6 104 13 38 93 96 137 82 13 30 13 242 270 58 137 13 258 30 203 49 8 89 171 115 137 4 93 82 11
split_gain=75.5562 57.2546 58.8964 46.9469 41.3386 40.9943 40.9215 42.2462 49.042 61.0061 40.0526 41.7 110.359 77.7982 37.4981 39.4357 38.1528 35.754 35.2825 33.2526 39.6512 30.0072 38.3836 35.0064 44.7676 31.1492 45.3463 53.9176 29.9914 29.3206
threshold=-9.4560439256378448 35.631164906008543 17.000000000000004 14.783167229111317 13822.000000000002 7459.5000000000009 683.50000000000011 10495.000000000002 5568.0000000000009 31.147754945420637 675.50000000000011 14.708602137676396 24.120249720904276 32.311843604933436 -10.310358097327407 6310.0000000000009 77.936508788573107 0.0097000040113925951 514.50000000000011 0.51026205725691332 9778.0000000000018 -77.845323518086602 13.811269906076975 0.1100750006735325 18696.000000000004 13137.500000000002 15.852430276491054 4995.5000000000009 9725.5000000000018 27.071051105894387
decision_type=2 2 2 2 2 2 2 2 2 2 2 2 2 2 2 2 2 2 2 2 2 2 2 2 2 2 2 2 2 2
left_child=3 2 -2 -1 6 -6 7 8 9 -5 11 -4 13 -13 -11 16 -16 -7 -18 -10 -21 -14 23 -23 -25 26 27 -24 -19 -9
right_child=1 -3 10 4 5 17 -8 29 19 14 -12 12 21 -15 15 -17 18 28 -20 20 -22 22 25 24 -26 -27 -28 -29 -30 -31
leaf_value=0.018706098315663739 0.017716811890060583 0.01843305779379157 -0.0012338447141909961 0.025276460384283623 -0.0016785878819801693 0.026899549983825776 0.02896733847807369 -0.001660577791943585 -0.0005951730530870165 -0.0010434682330284571 -0.00089770595420286044 -0.00054701850355358156 -0.00091670679457931563 0.020463877414696539 0.021284699385576995 -0.00097528814502571121 0.030480456012429189 0.021096992449546131 -0.0061623414900186697 -0.00099483503042672962 0.030599429088082435 0.0035880528921397575 -0.0010184901578929142 -0.00056804441461647817 0.022041495735672434 -0.001583330807286157 -0.00079048593701395336 0.018112745179698981 -0.0015237798632459266 -0.00070345842019282684
leaf_weight=74 81 175 143 194 201 86 77 97 1827 324 238 152 347 299 410 191 66 85 224 152 112 115 241 1296 112 183 519 751 249 325
leaf_count=74 81 175 143 194 201 86 77 97 1827 324 238 152 347 299 410 191 66 85 224 152 112 115 241 1296 112 183 519 751 249 325
internal_value=-0.00241792 -0.00557655 -0.00634873 0.000715046 0.000257297 -0.00810703 0.00156469 0.00105169 0.00231669 0.00735149 -0.00690298 -0.00608696 -0.00540672 0.0108224 0.00438934 0.00808594 0.0119149 -0.00181176 0.00213559 -0.0010854 0.0104089 -0.00747268 -0.0063982 -0.0104221 -0.0119391 -0.00276045 -0.00108509 0.0032999 -0.00702065 -0.00934426
internal_weight=9346 4652 4477 4694 4620 621 3999 3922 3500 1409 4396 4158 4015 451 1215 891 700 420 290 2091 264 3564 3217 1523 1408 1694 1511 992 334 422
internal_count=9346 4652 4477 4694 4620 621 3999 3922 3500 1409 4396 4158 4015 451 1215 891 700 420 290 2091 264 3564 3217 1523 1408 1694 1511 992 334 422
is_linear=0
shrinkage=0.035


Tree=21
num_leaves=31
num_cat=0
split_feature=4 6 104 256 38 71 256 93 160 93 256 150 11 90 93 126 270 82 129 145 233 110 150 132 246 137 246 256 11 93
split_gain=73.7707 57.0782 55.4737 47.104 41.9983 41.5993 41.2218 110.141 53.4102 39.3466 38.7614 44.3258 37.7276 37.6989 36.0683 38.8082 32.1036 30.5255 29.7766 29.4302 28.1545 27.9285 31.2388 37.3046 30.6856 26.9751 50.4882 35.0972 30.2518 30.0164
threshold=-9.4560439256378448 35.631164906008543 17.000000000000004 14.783167229111317 13822.000000000002 34009.500000000007 26.129573272368233 10890.500000000002 0.024900011718273166 15208.000000000002 41.886935713033012 0.040000014007091529 122.90962286218657 0.0070755031213007727 7459.5000000000009 12792.500000000002 37.575354487611371 11524.000000000002 633.50000000000011 0.010758490794697593 6649.9199218750009 0.11140000075101854 0.060600001364946372 0.21395000070333484 0.19844692084382271 10495.000000000002 0.49810206648214955 63.893830611467145 27.071051105894387 11114.500000000002
decision_type=2 2 2 2 2 2 2 2 2 2 2 2 2 2 2 2 2 2 2 2 2 2 2 2 2 2 2 2 2 2
left_child=3 2 -2 -1 13 6 7 18 -9 -10 21 12 -12 20 -6 17 -11 -16 -4 -13 -5 -8 -23 24 -24 26 29 -28 -27 -15
right_child=1 -3 5 4 14 -7 10 8 9 16 11 19 -14 25 15 -17 -18 -19 -20 -21 -22 22 23 -25 -26 28 27 -29 -30 -31
leaf_value=0.018051384874615509 0.017096723473908462 0.01778790077100886 0.014400335355954193 0.014223956165100344 -0.0016198373061108635 0.024134228054018336 0.00014216904613841897 -0.0012239123315123327 -0.00077831208918695586 -0.0003939071746134554 0.027167284369701474 0.017764660260352512 -0.00039258438610940196 -0.00065929334582622739 0.017930144553434054 0.024567595956324951 0.033981036677686843 -0.0015614919999542571 0.018761901049945934 -0.00073137751800725858 0.028856702011470479 -0.00082935588019884712 0.024286409901378609 0.014064187940392629 -0.00071396191328938492 -0.0015912973568108614 0.021534052975081118 -0.001183430502234344 -0.00049841897064955567 0.014853748066450413
leaf_weight=74 81 175 139 571 201 71 87 216 140 60 128 140 179 2003 113 87 81 220 165 1603 171 983 63 60 281 90 242 94 320 508
leaf_count=74 81 175 139 571 201 71 87 216 140 60 128 140 179 2003 113 87 81 220 165 1603 171 983 63 60 281 90 242 94 320 508
internal_value=-0.00242541 -0.00554649 -0.00631749 0.000670355 0.000211892 -0.00685526 -0.00729908 -0.000130273 -0.010249 -0.000122378 -0.00892604 -0.00579075 0.00639423 0.00152972 -0.00821885 -0.00230588 0.0127055 -0.00776627 0.0163107 -0.00794908 0.00862115 -0.0132522 -0.0144576 -0.00616137 -0.0106304 -9.65665e-05 0.00111676 0.0137537 -0.00843373 -0.000598172
internal_weight=9346 4652 4477 4694 4620 4396 4325 801 497 281 3524 2050 307 3999 621 420 141 333 304 1743 742 1474 1387 404 344 3257 2847 336 410 2511
internal_count=9346 4652 4477 4694 4620 4396 4325 801 497 281 3524 2050 307 3999 621 420 141 333 304 1743 742 1474 1387 404 344 3257 2847 336 410 2511
is_linear=0
shrinkage=0.035


Tree=22
num_leaves=31
num_cat=0
split_feature=205 5 104 6 256 132 82 148 270 77 173 213 49 11 6 256 148 169 82 148 101 104 92 183 153 173 213 99 71 256
split_gain=70.7962 51.3934 50.1103 46.3584 42.24 55.9887 82.4502 44.3224 39.0872 51.3361 49.2207 51.3354 44.0597 34.9961 32.4403 75.5877 31.8318 33.6781 30.9547 49.6368 40.6238 29.7967 29.6338 29.4658 28.7666 32.323 27.9167 27.5087 28.0315 27.0589
threshold=0.013127890272226151 20.997276007272607 17.000000000000004 30.792619063504109 77.936508788573107 0.28824999928474432 8122.0000000000009 4842.5000000000009 31.840684456677042 0.15389999747276309 0.49569578857875235 11.765262702852894 11049.500000000002 91.775424895647177 5.9169611907398343 21.235881714717944 2166.0000000000005 17.433290967229766 2308.5000000000005 514.50000000000011 0.023669515786475932 295.00000000000006 5.8709499835968026 0.21628646439384649 0.32470325001462014 0.012472729526337364 11.334193454524046 0.18074999749660495 8899.5000000000018 64.404216051421841
decision_type=2 2 2 2 2 2 2 2 2 2 2 2 2 2 2 2 2 2 2 2 2 2 2 2 2 2 2 2 2 2
left_child=4 8 -3 14 5 7 26 16 12 10 11 24 -2 -11 15 -4 27 -18 20 -20 21 29 -6 -13 25 -10 -7 -1 -29 -17
right_child=1 2 3 -5 22 6 -8 -9 9 13 -12 23 -14 -15 -16 18 17 -19 19 -21 -22 -23 -24 -25 -26 -27 -28 28 -30 -31
leaf_value=-0.00047897154157099781 0.013449950578953113 0.017362567054723776 0.019648909354512818 0.015631351664447478 -0.00046754726335485281 0.022789958536193419 -0.0021108246116621535 0.01947815866205363 0.012954181925823739 -0.00091489876975934647 0.016755642318691439 0.027063738728237651 -0.00090607345531840805 0.022592180978491798 -0.00054862846666977726 0.00055451069773644807 -0.0022558166266766029 0.012602486507874234 0.021293466184916409 -0.00068569010116621427 0.0014890959628556667 -0.00092533165996342879 -0.0029319491244411103 -0.0002396925991683477 0.021897601849407047 -0.0021890679586531792 0.0055559293598308 -0.0010177285534259263 0.024398409510906938 -0.001052248302148109
leaf_weight=331 72 64 78 187 677 452 215 375 60 1818 134 112 243 160 875 134 206 113 220 1409 98 529 79 62 72 141 79 145 142 64
leaf_count=331 72 64 78 187 677 452 215 375 60 1818 134 112 243 160 875 134 206 113 220 1409 98 529 79 62 72 141 79 145 142 64
internal_value=-0.00255267 -0.00455102 -0.00730003 -0.00785774 0.00208585 0.0046825 0.0123036 0.000318907 -0.0010455 0.000395866 0.00949659 0.00379425 -0.0125781 -0.0022945 -0.00879103 -0.00675995 -0.00375265 -0.0126389 -0.00785685 -0.00503366 -0.0133675 -0.016209 -0.00496715 0.0183799 -0.00566547 -0.0124029 0.0196549 0.000898876 0.00875 -0.00448276
internal_weight=9346 6532 3658 3594 2814 2058 746 1312 2874 2559 581 447 315 1978 3407 2532 937 319 2454 1629 825 727 756 174 273 201 531 618 287 198
internal_count=9346 6532 3658 3594 2814 2058 746 1312 2874 2559 581 447 315 1978 3407 2532 937 319 2454 1629 825 727 756 174 273 201 531 618 287 198
is_linear=0
shrinkage=0.035


Tree=23
num_leaves=31
num_cat=0
split_feature=205 224 104 6 13 132 82 13 270 77 27 27 148 191 93 92 213 71 92 33 191 183 131 85 49 242 242 125 203 104
split_gain=65.869 47.7816 49.8729 46.2047 38.1456 59.0205 82.4502 37.9278 51.2047 37.5859 45.0023 52.9721 36.549 30.2065 39.4177 27.9763 27.9167 25.4183 25.18 28.6984 24.5038 24.461 23.8042 23.6749 33.2567 33.2555 35.6188 28.7645 20.597 20.3733
threshold=0.013127890272226151 0.57515495876581368 17.000000000000004 30.792619063504109 77.936508788573107 0.28824999928474432 8122.0000000000009 14.783167229111317 31.129980211359882 0.15044999867677691 11985.500000000002 9238.5000000000018 7292.5000000000009 0.11329999938607217 12370.500000000002 5.8709499835968026 11.334193454524046 24269.000000000004 5.4319000244140634 0.64564999938011181 0.10812500119209291 -0.39290915187162312 0.83034998178482067 645.50000000000011 6268.5000000000009 32.817924748204284 20.681173798605904 4.3770000934600839 -0.49940467258973059 1992.0000000000002
decision_type=2 2 2 2 2 2 2 2 2 2 2 2 2 2 2 2 2 2 2 2 2 2 2 2 2 2 2 2 2 2
left_child=4 7 -3 13 5 12 16 -2 -9 10 11 -10 23 14 -4 18 -7 22 19 -6 -16 -14 -15 24 -1 26 -26 -27 -12 -5
right_child=1 2 3 29 15 6 -8 8 9 -11 28 -13 21 17 20 -17 -18 -19 -20 -21 -22 -23 -24 -25 25 27 -28 -29 -30 -31
leaf_value=-0.002117415380403039 0.017361177393232983 0.016754877207808442 0.014866604135356731 0.021678192565329563 -0.0013019795555370816 0.021992309987426649 -0.0020369457502539792 -0.00089803735566385998 0.013172064118416782 -0.00063958637794267589 -0.0010668605367684641 -0.0018575178411584733 -0.0012793508582282186 -0.00056422386745442706 -0.00088278091506893371 -0.0028293309050856732 0.0053614718322367218 0.015102521201591257 0.018499480729952264 0.024727835753245189 0.00016023841191118273 0.023540018280616644 -0.00068410470469890854 -0.00096435067230458288 0.013830396407039817 -0.0012739167074137514 -0.0016248987757857671 0.022478578448626114 0.020431451477834102 -0.0074542285275795732
leaf_weight=80 73 64 90 115 502 452 215 194 84 2345 60 99 72 2297 106 79 79 92 114 61 80 188 539 348 111 75 187 251 222 72
leaf_count=80 73 64 90 115 502 452 215 194 84 2345 60 99 72 2297 106 79 79 92 114 61 80 188 539 348 111 75 187 251 222 72
internal_value=-0.00246284 -0.00439039 -0.00721243 -0.00780183 0.00201135 0.00447891 0.0123036 -0.00121512 -0.00183782 -0.00062167 0.00841489 -0.0050266 0 -0.0087909 0.00224199 -0.0046912 0.0196549 -0.00983294 -0.00230938 -0.00536092 -0.00696335 0.0116226 -0.0104224 -0.00291391 0.000789845 0.00356121 -0.00485149 0.0112085 0.0170732 0.00893229
internal_weight=9346 6532 3455 3391 2814 2058 746 3077 3004 2810 465 183 1312 3204 276 756 531 2928 677 563 186 260 2836 1052 704 624 298 326 282 187
internal_count=9346 6532 3455 3391 2814 2058 746 3077 3004 2810 465 183 1312 3204 276 756 531 2928 677 563 186 260 2836 1052 704 624 298 326 282 187
is_linear=0
shrinkage=0.035


Tree=24
num_leaves=31
num_cat=0
split_feature=90 261 13 82 193 148 13 71 193 183 6 137 71 71 36 19 82 82 261 261 38 81 170 220 233 243 92 13 201 13
split_gain=61.4888 55.8709 45.9958 113.046 116.817 52.72 46.5256 38.1009 37.2754 37.1027 34.1132 33.7736 34.2222 36.8709 36.5911 33.096 32.0861 31.7592 31.5283 70.9476 71.8413 50.5992 37.381 34.1545 31.3954 31.2773 30.8666 28.7322 44.9927 37.1478
threshold=0.0072993603125561723 617.13998413085949 26.129573272368233 4422.5000000000009 0.33415068069605297 9143.5000000000018 26.865472077824496 18801.500000000004 0.8464458657397923 0.96336266434907813 7.0698405837938179 16596.500000000004 15733.500000000002 15023.000000000002 -14.084929196420708 659.50000000000011 14017.000000000002 12538.500000000002 526.05499267578136 536.22500610351574 8967.5000000000018 4.9811999797821054 0.017599996179342273 4.474511108691325 6587.1599121093759 3.2890281874204246 3.4502500295639043 27.954840148807492 0.14962499961256984 32.363411077839949
decision_type=2 2 2 2 2 2 2 2 2 2 2 2 2 2 2 2 2 2 2 2 2 2 2 2 2 2 2 2 2 2
left_child=16 2 3 10 5 17 -4 9 15 11 -2 12 13 18 -14 -6 26 -5 25 20 21 22 -20 -21 -9 -8 -1 28 -25 -29
right_child=1 -3 6 4 8 -7 7 24 -10 -11 -12 -13 14 -15 -16 -17 -18 -19 19 23 -22 -23 -24 27 -26 -27 -28 29 -30 -31
leaf_value=-0.0030059458196410585 0.022763148590513902 -0.0010166643233654933 -0.0011459525890260031 0.017279321681211313 -0.0015066370835104029 -0.0022372796349926357 -0.0012171515572368329 0.017348974170832674 0.0043642028750982302 0.015888788593636217 -0.00021247830929561036 -0.0017498967470352793 1.0283009184200167e-05 0.026201061137251024 -0.001078292510981227 -0.00025995543311685355 -0.0020209105339491526 -0.0011261030835084036 0.019969392089705825 0.011762216631572888 0.029382262599171299 0.023515573296747753 -0.001616161619665173 0.021351966013181522 -0.0012584336941115657 -0.00062337081018188224 0.016362014308096702 -0.00070507515042585709 -0.00042765836977462951 -0.00045190229041760182
leaf_weight=63 246 406 183 412 278 137 474 317 116 124 60 158 138 76 289 107 130 99 77 253 184 89 201 62 80 1240 1207 544 60 1536
leaf_count=63 246 406 183 412 278 137 474 317 116 124 60 158 138 76 289 107 130 99 77 253 184 89 201 62 80 1240 1207 544 60 1536
internal_value=-0.00241792 -0.00360961 -0.00292247 0.00266096 -0.00239601 0.00739663 -0.00425862 -0.00370916 -0.0150099 -0.00446552 0.0213826 -0.00490624 -0.00441182 -0.00355759 -0.0138542 -0.0201923 0.00433452 0.0125484 -0.00395556 -0.0017901 0.0095054 0.00047043 -0.0069258 -0.00433943 0.00670398 -0.00773706 0.00603922 -0.00574082 0.0104724 -0.00671463
internal_weight=9346 7946 7540 1455 1149 648 6085 5902 501 5505 306 5381 5223 4796 427 385 1400 511 4720 3006 551 367 278 2455 397 1714 1270 2202 122 2080
internal_count=9346 7946 7540 1455 1149 648 6085 5902 501 5505 306 5381 5223 4796 427 385 1400 511 4720 3006 551 367 278 2455 397 1714 1270 2202 122 2080
is_linear=0
shrinkage=0.035


Tree=25
num_leaves=31
num_cat=0
split_feature=205 5 183 6 13 132 82 173 38 126 181 246 92 71 115 6 13 170 137 135 153 13 170 4 126 274 274 213 224 79
split_gain=60.0783 41.9755 41.9634 41.3288 40.8951 58.2581 80.7784 37.6014 38.5564 36.8608 34.769 33.9463 31.6278 27.6468 27.7021 28.4578 49.0044 31.9622 36.73 38.1229 28.0317 27.9247 47.3053 27.5967 29.0556 30.7274 29.5209 27.1628 26.4776 25.9686
threshold=0.013127890272226151 19.901122723917339 0.98949358835475876 30.792619063504109 77.936508788573107 0.28824999928474432 8122.0000000000009 0.49569578857875235 2792.5000000000005 12792.500000000002 0.1198249999433756 0.43002554567953072 5.8709499835968026 5472.5000000000009 23642.500000000004 5.9169611907398343 21.235881714717944 0.0048999972641468057 11869.500000000002 -0.97492652475252706 0.25285538351583142 40.601514772073877 0.018050000071525577 -16.032038187539964 12281.500000000002 -0.24529298303264224 -0.49800298026131157 11.334193454524046 0.99999999998045686 0.026491202971281286
decision_type=2 2 2 2 2 2 2 2 2 2 2 2 2 2 2 2 2 2 2 2 2 2 2 2 2 2 2 2 2 2
left_child=4 7 3 13 5 9 27 10 -9 -1 -2 -10 -6 -3 15 16 -15 -18 19 21 -20 -19 -23 24 26 -26 -12 -7 -22 -21
right_child=1 2 -4 -5 12 6 -8 8 11 -11 23 -13 -14 14 -16 -17 17 18 20 29 28 22 -24 -25 25 -27 -28 -29 -30 -31
leaf_value=-0.00039603213289502397 -0.00080581642610707779 -0.00080074126212098756 0.014738247631417697 0.014341334196569895 -0.00062983761606394189 0.020800067794258924 -0.0019404408136703933 -0.002132147104643298 -0.0026390262084271883 0.021157918577721126 0.015828511402301564 0.015404820492056539 -0.0029139399724719284 0.01581216852092274 0.019121040294572629 -0.00046509316870373634 0.0045572914730912257 -0.0014903705714852718 -0.0012972340536219523 0.00039474990239509572 -0.00089317368878717393 0.014742295400611616 -0.001307883443604342 0.012008423836042639 -0.0016726116361113468 0.020571891818911451 -0.0012051973552571443 0.005230385974796717 0.00064380644252873384 -0.00083161217483546112
leaf_weight=1184 159 546 69 187 677 452 215 94 65 128 317 163 79 100 64 651 68 209 246 673 212 213 303 344 109 156 1412 79 95 77
leaf_count=1184 159 546 69 187 677 452 215 94 65 128 317 163 79 100 64 651 68 209 246 673 212 213 303 344 109 156 1412 79 95 77
internal_value=-0.0024853 -0.00432614 -0.00676842 -0.00728967 0.00178787 0.00434319 0.0121172 -0.00110305 0.0100612 -0.000106302 -0.00255995 0.0177253 -0.00515112 -0.00815858 -0.00678155 -0.00730189 -0.00537483 -0.00653022 -0.00733399 -0.0044223 -0.014991 -0.0101164 -0.00564299 -0.00146394 -0.00304652 0.00764815 -0.004703 0.0193937 -0.00774038 0.00111258
internal_weight=9346 6532 3713 3644 2814 2058 746 2819 322 1312 2497 228 756 3457 2911 2847 2196 2096 2028 1475 553 725 516 2338 1994 265 1729 531 307 750
internal_count=9346 6532 3713 3644 2814 2058 746 2819 322 1312 2497 228 756 3457 2911 2847 2196 2096 2028 1475 553 725 516 2338 1994 265 1729 531 307 750
is_linear=0
shrinkage=0.035


Tree=26
num_leaves=31
num_cat=0
split_feature=205 270 13 173 193 153 274 13 132 82 148 137 13 103 13 77 104 6 224 81 132 56 115 13 173 183 49 49 93 114
split_gain=65.2336 42.1485 75.0757 73.3675 63.6889 58.2874 42.8336 40.8951 56.8695 79.949 36.8828 36.1497 33.9093 31.6278 30.3202 44.3468 29.9318 29.8029 34.403 29.3098 31.3406 27.8927 32.9909 27.89 26.5242 24.461 23.6867 23.4052 23.5642 39.649
threshold=0.013127890272226151 31.129980211359882 26.129573272368233 0.16871788663417175 0.44221284526126275 0.14825380504687305 0.31372770120125776 77.936508788573107 0.28824999928474432 8122.0000000000009 7292.5000000000009 6682.0000000000009 26.865472077824496 5.8724501132965097 27.954840148807492 0.15094999969005587 17.000000000000004 35.631164906008543 0.66634799253377663 3.9812499284744267 0.14604999870061877 3.2484335055137579 8375.0000000000018 40.601514772073877 0.94013144103156743 -0.39290915187162312 8314.5000000000018 12364.500000000002 2287.5000000000005 5.0025999546051034
decision_type=2 2 2 2 2 2 2 2 2 2 2 2 2 2 2 2 2 2 2 2 2 2 2 2 2 2 2 2 2 2
left_child=7 11 3 4 5 -3 19 8 10 26 -1 -2 -4 27 15 -14 -16 18 -18 -5 -21 22 -20 -24 -23 -12 -10 28 -9 -30
right_child=1 2 12 6 -6 -7 -8 13 9 -11 25 -13 14 -15 16 -17 17 -19 21 20 -22 24 23 -25 -26 -27 -28 -29 29 -31
leaf_value=-0.00056408440418591777 0.0038189410089090972 0.018625404120749235 -0.0010201120560216807 -0.0021646143105199119 -0.0017861171396874361 -0.0027543288641514794 0.018850069615252714 0.0017850301772487035 0.02053557208849199 -0.0018725253851919295 -0.0019373604905261277 -0.00083844870177296254 0.021414584726211373 -0.0028119520734354118 0.014042343406644894 -0.0015003965241818555 -0.00072490032936861019 0.013839387499689949 -0.00085888649969477547 0.025518683856626232 0.00053262331794817579 -0.00065283386110458425 -0.00030642212243172929 0.026841905004487913 0.016659020994609915 0.021970726845258814 0.010326095090161084 0.021248906442374808 -0.0025555003130933044 0.017986317954980704
leaf_weight=1052 98 151 206 89 133 115 203 252 426 215 72 296 66 79 72 60 2257 133 67 82 136 2089 100 105 74 188 105 84 257 84
leaf_count=1052 98 151 206 89 133 115 203 252 426 215 72 296 66 79 72 60 2257 133 67 82 136 2089 100 105 74 188 105 84 257 84
internal_value=-0.00266496 -0.00458314 -0.00386293 0.00539934 -0.00580446 0.00413284 0.0141359 0.00178787 0.00434319 0.012024 -5.31511e-05 -0.015614 -0.00547669 -0.00515112 -0.0048936 0.0117557 -0.00533354 -0.00567391 -0.00614009 0.00572115 0.0125561 -0.00902254 0.00151625 0.0085 -0.0103482 0.0116226 0.0192631 -0.0026173 -0.00509197 -0.011026
internal_weight=9346 6532 6138 909 399 266 510 2814 2058 746 1312 394 5229 756 5023 126 4897 4825 4692 307 218 2435 272 205 2163 260 531 677 593 341
internal_count=9346 6532 6138 909 399 266 510 2814 2058 746 1312 394 5229 756 5023 126 4897 4825 4692 307 218 2435 272 205 2163 260 531 677 593 341
is_linear=0
shrinkage=0.035


Tree=27
num_leaves=31
num_cat=0
split_feature=205 13 132 82 93 137 13 6 183 8 80 148 102 261 92 48 234 13 111 34 213 104 9 243 211 9 272 183 27 49
split_gain=66.1843 41.1877 55.0024 79.1238 40.1789 40.7401 50.236 61.0403 56.6669 36.8523 43.0833 36.2168 35.2128 38.9537 31.6278 27.268 27.0338 26.503 48.532 44.3246 26.4192 26.2597 83.9143 26.2014 25.6116 25.4211 25.1555 24.461 23.7393 23.4052
threshold=0.013127890272226151 77.936508788573107 0.28824999928474432 8122.0000000000009 29790.500000000004 11994.500000000002 27.954840148807492 5.9169611907398343 0.95347323871891787 5.2402808311466504 -5.0025341136232742 7292.5000000000009 -3.0655890766421625 540.54998779296886 5.8709499835968026 2.9878998994827275 -0.074792555744274111 39.575384870420898 18.056854144317409 3.6748994042856862 11.334193454524046 3463.5000000000005 28.138060470156443 10.525134936344452 -0.091630813995807456 55.502603761522984 0.02934999763965607 -0.39290915187162312 7943.0000000000009 12364.500000000002
decision_type=2 2 2 2 2 2 2 2 2 2 2 2 2 2 2 2 2 2 2 2 2 2 2 2 2 2 2 2 2 2
left_child=1 2 11 20 5 6 7 12 9 10 17 16 15 -14 29 -2 -1 19 28 24 -4 22 -7 -23 -8 26 -12 -13 -19 -3
right_child=4 14 3 -5 -6 21 8 -9 -10 -11 25 27 13 -15 -16 -17 -18 18 -20 -21 -22 23 -24 -25 -26 -27 -28 -29 -30 -31
leaf_value=0.012362455802058987 0.0012152592762233038 -0.0010990264101448882 0.019353320398362642 -0.0018069869967102133 0.021149705514545324 0.017958926283060908 0.0079879657892611318 -0.00052809753913045962 0.018128848228999739 0.019728715785113322 -7.195539838943388e-05 -0.0018695528733577115 -0.0033080543816321356 0.001054204120013026 -0.0027135337508651714 0.016380242716547387 -0.0008930839075168565 0.029741990058579575 -0.0010639738643364511 0.020904488972834465 0.0046859091375231953 -0.0010355598906215996 -0.00055712870934396198 0.002229188283760849 -0.00096470161112869495 -0.00049777363204382588 0.019216312095371325 0.021201751405674756 -0.00058135097707045559 0.020505194716891686
leaf_weight=270 152 593 452 215 96 99 60 122 113 62 708 72 64 307 79 367 782 107 1699 73 79 498 636 75 455 529 151 188 159 84
leaf_count=270 152 593 452 215 96 99 60 122 113 62 708 72 64 307 79 367 782 107 1699 73 79 498 636 75 455 529 151 188 159 84
internal_value=-0.00267244 0.0018127 0.00437712 0.0119308 -0.00460456 -0.00494488 -0.00353205 0.00344149 -0.00524873 -0.00594686 -0.00637734 5.31511e-05 0.00664804 -0.00158245 -0.00515112 0.0124905 -0.00284768 -0.00907154 -0.00708883 -0.0155818 0.0191325 -0.0104494 -0.00600676 -0.0160467 -0.0191827 -0.00140704 0.00230903 0.0116226 0.00671587 -0.0026173
internal_weight=9346 2814 2058 746 6532 6436 5128 1012 4116 4003 3941 1312 890 371 756 519 1052 2553 1965 588 531 1308 735 573 515 1388 859 260 266 677
internal_count=9346 2814 2058 746 6532 6436 5128 1012 4116 4003 3941 1312 890 371 756 519 1052 2553 1965 588 531 1308 735 573 515 1388 859 260 266 677
is_linear=0
shrinkage=0.035


Tree=28
num_leaves=31
num_cat=0
split_feature=205 270 13 82 193 13 132 82 4 104 6 137 126 22 92 153 13 272 71 213 41 38 137 274 49 91 270 203 104 11
split_gain=63.3783 42.9332 72.2226 66.8727 88.8479 37.4644 54.1768 75.1355 36.0263 51.5222 41.9293 33.7297 33.3818 31.6905 28.8377 27.9625 32.8302 27.184 26.2046 25.1711 23.9347 30.743 31.7356 28.1924 23.2763 23.8628 24.949 21.5684 29.9245 21.0817
threshold=0.013084672881120715 31.129980211359882 26.129573272368233 4422.5000000000009 0.44221284526126275 77.936508788573107 0.28824999928474432 8122.0000000000009 -9.4560439256378448 17.000000000000004 30.792619063504109 6682.0000000000009 12792.500000000002 0.13740000128746035 5.8709499835968026 0.24797673646544868 33.411224927476333 0.016249999403953556 10890.500000000002 11.334193454524046 647.50000000000011 5555.5000000000009 13354.000000000002 0.33304251407741831 12364.500000000002 -4.4947895729908387 154.96582233746781 0.71957766767377207 2974.0000000000005 64.016140916162513
decision_type=2 2 2 2 2 2 2 2 2 2 2 2 2 2 2 2 2 2 2 2 2 2 2 2 2 2 2 2 2 2
left_child=5 11 3 18 17 6 12 19 13 -10 -11 -2 20 15 24 16 -4 -5 -3 -8 21 29 23 -23 25 -7 27 28 -27 -1
right_child=1 2 8 4 -6 14 7 -9 9 10 -12 -13 -14 -15 -16 -17 -18 -19 -20 -21 -22 22 -24 -25 -26 26 -28 -29 -30 -31
leaf_value=-0.0023626588199862661 0.0031119695785181201 0.019574952908717223 0.013873568841865042 0.017388392753313466 -0.0016672407198429571 -0.0027021341362059408 0.018675954184419953 -0.0017312960892180119 0.014149571323468573 -0.00058153713824279484 0.013392248022452575 -0.00079108522079431986 0.019820237548039233 -0.00080371487954157615 -0.0027222488529799415 0.018878980631277222 -0.0010192561357130505 -0.00016870258887146178 0.00068704051947905134 0.0045219023177098831 -0.0013172895485699708 0.0061614973712632894 -0.0016123347276565077 0.023751216106281323 0.019787512901800478 0.023769614657706103 0.024805083828100819 -0.0018369465883645542 -0.0013966687885083851 -8.6866838742768467e-05
leaf_weight=79 98 160 79 221 214 92 450 214 63 2654 185 298 126 2115 78 97 66 242 77 79 368 368 68 154 84 62 65 75 289 126
leaf_count=79 98 160 79 221 214 92 450 214 63 2654 185 298 126 2115 78 97 66 242 77 79 368 368 68 154 84 62 65 75 289 126
internal_value=-0.00273233 -0.00460526 -0.00388071 0.00517954 -0.000461877 0.00169842 0.00415808 0.0116511 -0.00545878 -0.00806674 -0.00877461 -0.0157107 -0.000189335 -0.00223751 -0.00499333 0.00963563 -0.000233333 0.00815171 0.0209711 0.0186798 -0.00206764 0.00135625 0.00541176 0.00836812 -0.00255208 -0.00505952 -0.00190524 -0.0050348 -0.00127809 -0.0101667
internal_weight=9346 6569 6173 914 677 2777 2032 743 5259 2902 2839 396 1289 2357 745 242 145 463 237 529 1163 795 590 522 667 583 491 426 351 205
internal_count=9346 6569 6173 914 677 2777 2032 743 5259 2902 2839 396 1289 2357 745 242 145 463 237 529 1163 795 590 522 667 583 491 426 351 205
is_linear=0
shrinkage=0.035


Tree=29
num_leaves=31
num_cat=0
split_feature=205 93 270 13 82 193 13 22 213 153 78 41 242 30 126 244 49 274 242 272 27 183 246 33 2 161 99 2 27 93
split_gain=55.539 40.278 33.5429 50.4036 46.2994 61.5294 32.6379 63.1345 61.052 34.0949 38.386 48.0641 55.7918 32.6241 28.7452 31.6722 27.3667 27.0388 25.8495 25.5601 25.1749 24.0045 30.7411 23.0165 37.0489 35.4906 22.4997 22.321 22.2745 24.7707
threshold=0.014904269465866612 29790.500000000004 31.129980211359882 26.147136172956319 4422.5000000000009 0.44221284526126275 77.936508788573107 0.33464999496936804 11.26555964833504 -0.66643230111287399 10.596088052797091 592.75000000000011 34.980889112754625 514.50000000000011 5498.5000000000009 0.010600015521049501 12364.500000000002 0.36055517558181777 28.20587910446292 0.016249999403953556 10011.500000000002 0.96336266434907813 0.85419356777303357 0.46694999933242803 571.97000122070324 0.33882500231266027 0.29954999685287481 630.01501464843761 13816.500000000002 12955.500000000002
decision_type=2 2 2 2 2 2 2 2 2 2 2 2 2 2 2 2 2 2 2 2 2 2 2 2 2 2 2 2 2 2
left_child=6 2 20 4 17 19 7 9 -9 -1 14 26 27 -8 15 -11 23 -4 -5 -6 -2 -20 -23 24 25 -15 -12 -13 29 -16
right_child=1 -3 3 18 5 -7 13 8 -10 10 11 12 -14 16 28 -17 -18 -19 21 -21 -22 22 -24 -25 -26 -27 -28 -29 -30 -31
leaf_value=-0.0027784715526307431 0.0030030506432699861 0.024660239682449622 0.00012453468109312028 -0.00115753883301514 0.019293308019088309 -0.0018444987145072526 0.025599447091172935 0.021157777359418831 -0.0033986100622497247 0.0033542259292077192 0.0069182103158640608 0.010353801585876161 0.01945917116605805 0.029606031386074191 0.0084755109216718069 -0.00072635279807328821 0.014000504962512027 0.019131251074723299 -0.00054557944867111158 -0.0014999262446742693 -0.00082106972395646466 0.018119491366683147 -0.00029875242449314918 -0.0021564848924933489 -0.001086488187451259 -0.00038700460662207948 -0.0031548914005161532 -0.0027277412907353808 -0.0015638028127275116 0.024848064783823638
leaf_weight=86 60 67 61 285 174 149 64 253 94 182 112 161 765 77 247 751 137 112 3496 174 283 70 82 395 287 91 133 156 246 96
leaf_count=86 60 67 61 285 174 149 64 253 94 182 112 161 765 77 247 751 137 112 3496 174 283 70 82 395 287 91 133 156 246 96
internal_value=-0.00262004 -0.00512654 -0.0054999 -0.00470161 0.00414815 -0.0013247 0.000282388 0.00200183 0.0160085 0.000321429 0.000993343 0.00533408 0.00850046 -0.00507102 -0.00279633 -0.00660448 -0.00666835 0.0194663 -0.00621254 0.00674221 -0.0159914 -0.00540378 0.00802548 -0.00900585 -0.00357609 0.00930636 -0.00854 -0.00380435 0.00324074 0.00895115
internal_weight=9346 5013 4946 4603 670 497 4333 3282 347 2935 2849 1327 1082 1051 1522 933 987 173 3933 348 343 3648 152 850 455 168 245 317 589 343
internal_count=9346 5013 4946 4603 670 497 4333 3282 347 2935 2849 1327 1082 1051 1522 933 987 173 3933 348 343 3648 152 850 455 168 245 317 589 343
is_linear=0
shrinkage=0.035


Tree=30
num_leaves=31
num_cat=0
split_feature=90 93 261 13 82 193 148 4 36 242 13 183 213 13 272 179 1 77 144 193 92 6 82 38 246 13 173 25 101 153
split_gain=49.5161 52.7235 44.5302 34.7834 99.7764 101.521 46.36 41.7265 40.1347 44.8448 37.7421 35.3604 33.1493 39.6456 33.3402 32.5305 32.0564 31.9429 30.7508 30.083 35.6409 30.0775 28.9676 25.4263 31.1273 29.4884 36.1347 45.3872 32.1624 29.0758
threshold=0.0072993603125561723 29790.500000000004 617.13998413085949 26.129573272368233 4422.5000000000009 0.33415068069605297 9143.5000000000018 12.067353498046961 -9.2610620870834435 20.719657303447033 26.865472077824496 0.96336266434907813 11.238607031146268 51.737520794423482 0.03709999471902848 17.772250799524794 827.50000000000011 0.13045000284910205 37.790279259393138 0.76280183633808085 5.8975501060485849 30.792619063504109 1983.5000000000002 12823.500000000002 0.24433187245364102 27.954840148807492 0.49193127163991873 -10.081030811774957 0.023669515786475932 0.81767769407653834
decision_type=2 2 2 2 2 2 2 2 2 2 2 2 2 2 2 2 2 2 2 2 2 2 2 2 2 2 2 2 2 2
left_child=12 2 3 4 7 6 8 -2 16 -10 -5 15 13 -1 -14 21 -6 -17 -13 20 -7 23 -23 25 -25 -12 27 -27 29 -28
right_child=1 -3 -4 10 5 19 -8 -9 9 -11 11 18 14 -15 -16 17 -18 -19 -20 -21 -22 22 -24 24 -26 26 28 -29 -30 -31
leaf_value=0.026332908360810682 0.019033244502767225 0.021157086392717822 -0.00094517895901891427 -0.00099086414240665281 0.020282330907727672 -0.0014869295789151644 -0.002706886117999558 -0.00024710690101786533 -0.0022603864422681692 0.015837720686784382 0.00047621291619672493 0.015546126704262527 -0.0020292983887354333 0.011184855630708396 0.018381187254591941 -0.000795448613761898 -0.0023484104329371709 0.00076844507390390901 -0.0032850855249616463 -0.00018120494722551202 0.0058735284070393018 0.022300192149577829 -0.0074016781062034775 -0.0018082211017933752 0.00058540047551257997 -0.00094345066518525603 -0.00073359445907338733 0.00064444445375635713 0.00025019846938649699 0.0134980302786717
leaf_weight=184 220 112 406 183 214 277 137 60 97 119 109 87 460 614 142 112 70 1305 67 150 62 85 68 308 92 1463 894 1032 118 99
leaf_count=184 220 112 406 183 214 277 137 60 97 119 109 87 460 614 142 112 70 1305 67 150 62 85 68 308 92 1463 894 1032 118 99
internal_value=-0.00252272 -0.003592 -0.003938 -0.00331495 0.00163714 -0.00303271 0.00616044 0.0201404 0.0110891 -0.000316742 -0.00447154 -0.00397074 0.00353737 0.00819427 -0.00265239 -0.00442267 0.0196194 0.000172293 0.012327 -0.0149494 -0.0206541 -0.00594664 0.00908228 -0.00651578 -0.0148642 -0.00559812 -0.00614511 -0.003794 -0.0113844 -0.0134319
internal_weight=9346 7946 7834 7428 1406 1126 637 280 500 216 6022 5839 1400 798 602 5685 284 1417 154 489 339 4268 153 4115 400 3715 3606 2495 1111 993
internal_count=9346 7946 7834 7428 1406 1126 637 280 500 216 6022 5839 1400 798 602 5685 284 1417 154 489 339 4268 153 4115 400 3715 3606 2495 1111 993
is_linear=0
shrinkage=0.035


Tree=31
num_leaves=31
num_cat=0
split_feature=205 256 27 270 261 270 244 47 256 78 82 183 148 41 261 92 93 2 93 183 104 219 4 49 93 114 211 77 183 213
split_gain=50.4248 45.8324 69.2604 58.721 42.444 39.4553 36.8223 35.892 31.2813 66.1229 63.0969 52.6109 43.1207 31.8634 28.5491 26.503 26.3378 32.3019 30.6328 26.1235 25.7558 25.1937 29.099 24.7115 23.5575 31.6577 28.6946 23.5158 29.0813 46.6905
threshold=0.013803560857528006 26.129573272368233 8950.5000000000018 32.219293288958625 568.00000000000011 33.634582811472264 0.007700003683567048 -10.808755626531742 77.936508788573107 10.596088052797091 5577.0000000000009 0.21207764913907232 2311.0000000000005 684.50000000000011 537.11001586914074 5.8709499835968026 7314.5000000000009 645.73498535156261 2513.0000000000005 0.040801518687584991 17.000000000000004 20.7050681128873 -9.4560439256378448 10352.500000000002 2287.5000000000005 5.0025999546051034 -0.37747468390731426 0.15389999747276309 0.18795391884491039 11.589252045351346
decision_type=2 2 2 2 2 2 2 2 2 2 2 2 2 2 2 2 2 2 2 2 2 2 2 2 2 2 2 2 2 2
left_child=8 2 -2 -4 6 -3 -5 -6 9 -1 11 -11 14 16 -13 23 18 -18 -12 -9 -7 22 27 24 26 -26 -10 28 -22 -30
right_child=1 5 3 4 7 20 -8 19 15 10 13 12 -14 -15 -16 -17 17 -19 -20 -21 21 -23 -24 -25 25 -27 -28 -29 29 -31
leaf_value=-0.00055855093635038525 0.014098575837748484 -0.00089440498646253374 -0.00072356071365859147 0.012417036938771555 -0.0018289315213289997 0.011967178888075702 -0.0013889105933995139 0.003446632979268705 -0.00085296723023327975 0.01907276065528055 0.015136325501774156 0.021245372431342269 -0.004678502112254128 0.022268351304988544 0.001194111109591785 -0.0028429034451662467 0.017622025903857974 -0.0023743186875444799 -0.0035056967956577983 0.021825824204007794 0.019892341869169491 0.019373374891564821 -0.00051888911090377382 0.01702585619348275 -0.0020742216681312558 0.014815478624912379 0.021363105078387807 -0.00082464225927748392 0.0138422783000517 -0.0016837707277408058
leaf_weight=1088 210 117 260 95 98 68 209 84 203 254 136 174 71 81 116 81 302 130 152 168 97 69 2536 115 294 89 84 1827 60 78
leaf_count=1088 210 117 260 95 98 68 209 84 203 254 136 174 71 81 116 81 302 130 152 168 97 69 2536 115 294 89 84 1827 60 78
internal_value=-0.00244787 -0.00437719 0.00198406 -0.00220892 0.00339909 -0.00585135 -0.0061165 0.0116338 0.000974815 0.00295735 0.00793103 0.0163145 0.00755464 0.001433 0.0135254 -0.00474168 -0.000965517 0.00448513 -0.0090785 0.0185214 -0.00533861 -0.00565604 -0.00597654 -0.00270253 -0.00528889 -0.0109149 0.0022774 -0.00287857 0.0074375 -0.00293706
internal_weight=9346 5976 1124 914 654 4852 304 350 3370 2504 1416 615 361 801 290 866 720 432 288 252 4735 4667 4598 785 670 383 287 2062 235 138
internal_count=9346 5976 1124 914 654 4852 304 350 3370 2504 1416 615 361 801 290 866 720 432 288 252 4735 4667 4598 785 670 383 287 2062 235 138
is_linear=0
shrinkage=0.035


Tree=32
num_leaves=31
num_cat=0
split_feature=205 270 13 173 126 4 274 148 93 13 44 213 242 270 41 56 103 38 104 4 6 22 211 270 103 27 274 49 91 270
split_gain=47.5889 37.1829 68.1847 62.1924 56.5715 43.8855 40.2819 33.1566 31.2252 30.7292 57.6006 55.0681 32.1277 38.4883 32.3925 35.5501 28.2491 27.8747 26.2906 32.769 36.6194 29.6999 25.8466 24.8623 23.8554 23.5574 22.4745 22.2871 23.675 23.9257
threshold=0.013127890272226151 31.129980211359882 26.129573272368233 0.24104666017173151 4962.5000000000009 15.852430276491054 0.048087630386725345 10418.000000000002 12680.000000000002 77.936508788573107 0.33174999058246618 11.26555964833504 36.944446239530599 89.364586463031927 592.75000000000011 8.201477124920876 5.8724501132965097 12663.500000000002 17.000000000000004 -9.4560439256378448 30.792619063504109 0.13740000128746035 0.043966663410473499 108.1331254561605 6.0508499145507821 12405.000000000002 0.45827951183796306 12364.500000000002 -4.4947895729908387 154.96582233746781
decision_type=2 2 2 2 2 2 2 2 2 2 2 2 2 2 2 2 2 2 2 2 2 2 2 2 2 2 2 2 2 2
left_child=9 8 3 4 17 6 -5 -6 -2 10 12 -12 -1 14 -14 22 27 -3 -4 21 -21 25 -16 -15 -10 -20 -24 28 -11 -30
right_child=1 2 18 5 7 -7 -8 -9 24 16 11 -13 13 23 15 -17 -18 -19 19 20 -22 -23 26 -25 -26 -27 -28 -29 29 -31
leaf_value=-0.00065116458053862854 7.382347114154364e-05 -0.0026335318612590551 0.011548327626993052 -0.0021592888922503449 0.014566333101248991 -0.0004163779567262405 0.017171737685606973 -0.0027865375689609356 -0.00094539915370601144 -0.0025714195387996027 0.019368158634072138 -0.0035105322211406251 -0.0024338871190447359 -0.0026501305113962818 0.021092814869690824 0.019702747138574853 -0.0027434018245854285 0.00012158565810309941 -0.00066785249392407604 -0.00052234676601328636 0.012180269016016633 -0.0007586640196545919 -0.0017510851403661589 0.014065087274220053 -0.0001344390524461836 0.016805736285062083 0.016460972208007296 0.017491621559284888 -0.00092554150301977622 0.022445440782295527
leaf_weight=768 93 137 72 77 207 66 298 62 241 93 221 79 91 138 127 283 79 62 87 2639 185 2093 159 109 60 153 83 84 435 65
leaf_count=768 93 137 72 77 207 66 298 62 241 93 221 79 91 138 127 283 79 62 87 2639 185 2093 159 109 60 153 83 84 435 65
internal_value=-0.00238798 -0.00402631 -0.00335015 0.00547593 -0.00340381 0.0148318 0.0194342 0.00702555 -0.014386 0.0014154 0.00363063 0.0176721 0.00119115 0.00534673 0.0093115 0.0120396 -0.00459921 -0.0173284 -0.00488823 -0.00518694 -0.00772004 -0.00211078 0.00477273 -0.00652778 -0.0197876 0.00942857 -0.00198381 -0.00220674 -0.00462375 -0.00152475
internal_weight=9346 6532 6138 909 468 441 375 269 394 2814 2058 300 1758 990 743 652 756 199 5229 5157 2824 2333 369 247 301 240 242 677 593 500
internal_count=9346 6532 6138 909 468 441 375 269 394 2814 2058 300 1758 990 743 652 756 199 5229 5157 2824 2333 369 247 301 240 242 677 593 500
is_linear=0
shrinkage=0.035


Tree=33
num_leaves=31
num_cat=0
split_feature=93 213 13 90 104 19 115 56 144 274 93 115 173 115 71 27 27 148 38 11 33 10 11 13 126 144 274 274 8 13
split_gain=44.7228 51.7975 65.8747 59.6203 46.932 51.5179 47.1539 44.4594 39.4805 53.5058 50.4529 41.4492 39.462 35.7582 41.1738 33.9094 33.2062 32.9046 63.0838 43.0393 39.1048 33.6541 48.7784 32.2439 43.1231 34.694 42.928 29.8759 29.338 26.0296
threshold=29790.500000000004 11.242971973994186 24.63411138176453 0.0054645163281221345 5472.5000000000009 599.50000000000011 23642.500000000004 14.661949762404872 25.961398266665885 0.1840033505040862 15019.000000000002 15547.500000000002 0.95675900444162243 11036.500000000002 8231.5000000000018 5514.0000000000009 7420.5000000000009 7533.5000000000009 17540.500000000004 41.543523636691113 0.34295000135898596 99.654313500532538 82.088002085798777 18.478805484384463 1670.5000000000002 41.177149812028865 0.17620447925841651 -0.033158149273264693 -82.177898993948645 29.634936477954273
decision_type=2 2 2 2 2 2 2 2 2 2 2 2 2 2 2 2 2 2 2 2 2 2 2 2 2 2 2 2 2 2
left_child=1 2 -1 28 5 -3 23 8 13 11 -11 17 15 14 -6 -5 -17 19 20 -10 27 22 -21 24 -7 -25 -27 -19 -4 -16
right_child=-2 4 3 12 7 6 -8 -9 9 10 -12 -13 -14 -15 29 16 -18 18 -20 21 -22 -23 -24 25 -26 26 -28 -29 -30 -31
leaf_value=0.028134029280019165 0.019858446024161092 -0.0016585966059947264 0.011133301898383829 -0.0006745630744957249 -0.0026250770472192918 0.016657685530696988 0.017645751424014533 -0.0041369611127600294 -0.0022588089705965968 0.021283305090898472 -0.00089850812334116466 0.018626327213619464 0.016207677388596554 -0.00095469568978345863 0.014904561620965439 0.0096803903327620944 -0.00032967392106150745 0.023171637034310293 -0.0019568377703296359 -0.00077495470329982062 -0.0019128158619308091 -0.001386849098521749 0.021961701990138686 -0.00067223371447598526 -0.0015285778027320674 -0.0024615968004455474 0.015041752943107466 0.0071667191316185071 0.019930815022051719 -0.00028257063641475678
leaf_weight=174 133 414 175 1287 101 97 87 85 389 322 90 149 67 308 170 711 894 316 162 405 113 178 145 1554 80 132 184 187 110 127
leaf_count=174 133 414 175 1287 101 97 87 85 389 322 90 149 67 308 170 711 894 316 162 405 113 178 145 1554 80 132 184 187 110 127
internal_value=-0.00228318 -0.00257811 0.000838446 -0.000301631 -0.00459224 -0.00814336 -0.00592333 -0.00179736 -0.00110515 0.00099553 0.0124221 -0.00133236 -0.00178306 -0.0083685 -0.00138958 -0.00241629 0.000978261 -0.00274474 0.00277139 -0.006582 0.0078905 -0.00152797 0.00277477 -0.00701023 0.00711538 -0.00836267 0.00218069 0.0120571 0.0148448 0.00521523
internal_weight=9346 9213 3418 3244 5795 2548 2134 3247 3162 2456 412 2044 2959 706 398 2892 1605 1895 778 1117 616 728 550 2047 177 1870 316 503 285 297
internal_count=9346 9213 3418 3244 5795 2548 2134 3247 3162 2456 412 2044 2959 706 398 2892 1605 1895 778 1117 616 728 550 2047 177 1870 316 503 285 297
is_linear=0
shrinkage=0.035


Tree=34
num_leaves=31
num_cat=0
split_feature=205 13 82 115 115 81 270 13 153 173 82 56 13 183 148 244 13 13 77 183 246 270 77 219 246 99 20 115 144 81
split_gain=51.3436 44.6694 49.1018 37.0737 55.9925 43.9004 36.6857 34.084 32.7063 61.9731 30.6057 34.3853 67.9762 36.6985 34.4266 36.2292 29.1082 28.9011 37.5681 28.5386 29.2979 27.7802 26.2419 25.123 29.0194 28.7692 23.9855 30.4247 29.3722 22.8852
threshold=0.013580277873614171 26.129573272368233 15621.500000000002 9887.0000000000018 14579.500000000002 3.8184000253677373 33.634582811472264 26.865472077824496 0.14617795847236373 0.2055003173417965 6267.5000000000009 7.4566354184471324 77.936508788573107 0.21207764913907232 2311.0000000000005 0.018100015819072727 26.147136172956319 27.954840148807492 0.14999999850988391 0.96336266434907813 0.90050826458415889 32.219293288958625 0.56579998135566723 20.7050681128873 -0.37605327493610413 0.1592499986290932 92.603723154418574 1456.5000000000002 33.707404452488952 5.7271499633789071
decision_type=2 2 2 2 2 2 2 2 2 2 2 2 2 2 2 2 2 2 2 2 2 2 2 2 2 2 2 2 2 2
left_child=10 2 3 8 -5 -6 -3 -8 -2 -10 11 16 13 -13 15 -15 -1 18 -9 23 -21 -7 -14 24 25 -19 27 -27 -29 -17
right_child=1 6 -4 4 5 21 7 17 9 -11 -12 12 22 14 -16 29 -18 19 -20 20 -22 -23 -24 -25 -26 26 -28 28 -30 -31
leaf_value=0.019393592311263558 0.015028271193730848 -0.00081806619697506083 -0.0012584940122701228 -0.0011720104338506011 -0.00092128134064103754 -2.5492200886705622e-05 -0.00086205808742398891 0.018136391103084286 -0.0026337574624682417 0.019104562653152853 -0.00077534925004187744 0.015388207861715996 -0.0015147879594268766 -0.0023972962920363566 -0.0039763150114542232 0.023281606841738862 -0.0007325555500353909 0.019487217580109913 -0.00098128072453470888 0.014683184279385777 -0.0011308960966957121 0.013695979231321728 0.020037842627989355 0.018280535942036626 -0.00060674190713655711 -0.0012971265945861722 0.022947738525977375 -0.0023180407755388011 0.020330254141609917 -6.0709416491433468e-05
leaf_weight=96 210 119 85 343 61 70 204 61 119 119 1408 260 401 80 89 221 499 81 60 102 66 148 69 69 3502 344 62 86 250 62
leaf_count=96 210 119 85 343 61 70 204 61 119 119 1408 260 401 80 89 221 499 81 60 102 66 148 69 69 3502 344 62 86 250 62
internal_value=-0.00243289 -0.00429695 0.00190086 0.00397209 -0.001563 0.00998239 -0.0057274 -0.00524428 0.0115894 0.00259259 0.00117398 0.00422278 0.00766639 0.0144491 0.00827133 0.0130299 -0.002625 -0.00462137 0.0119444 -0.00507335 0.00890173 0.0172646 -0.00265263 -0.00561719 -0.00595727 -4.22705e-05 -0.002249 -0.00418978 0.00328446 0.0188368
internal_weight=9346 6161 1155 1070 622 279 5006 4887 448 238 3185 1777 1182 712 452 363 595 4683 121 4562 168 218 470 4394 4325 823 742 680 336 283
internal_count=9346 6161 1155 1070 622 279 5006 4887 448 238 3185 1777 1182 712 452 363 595 4683 121 4562 168 218 470 4394 4325 823 742 680 336 283
is_linear=0
shrinkage=0.035


Tree=35
num_leaves=31
num_cat=0
split_feature=205 13 27 173 81 71 13 13 77 104 110 173 163 6 66 11 93 13 82 56 13 183 274 71 25 77 261 66 140 104
split_gain=51.7566 39.5915 59.118 36.2277 47.0201 32.5371 32.0904 30.393 37.5681 29.8117 29.0505 40.1297 29.3552 44.2911 39.1113 42.9923 38.7496 35.0733 28.6223 34.7754 69.1605 36.6985 54.6269 28.4973 25.5862 24.0925 23.7159 25.9656 26.0285 32.7048
threshold=0.013580277873614171 26.129573272368233 8644.0000000000018 0.17955646981744836 4.0720000267028817 17263.500000000004 26.865472077824496 27.954840148807492 0.14999999850988391 12237.000000000002 0.1402000039815903 0.92866718184273633 0.36971315069904859 30.792619063504109 0.14265000075101855 95.57994954569746 11625.000000000002 39.949581615045958 6267.5000000000009 7.4566354184471324 77.936508788573107 0.21207764913907232 0.19747006305679368 8167.0000000000009 -9.6882472008647493 0.56579998135566723 475.68499755859381 0.28914999961853033 588.50000000000011 5498.5000000000009
decision_type=2 2 2 2 2 2 2 2 2 2 2 2 2 2 2 2 2 2 2 2 2 2 2 2 2 2 2 2 2 2
left_child=18 2 -2 9 5 -5 -3 8 -8 -4 23 12 16 14 15 -14 24 -18 19 -1 21 -21 -23 -9 -12 -22 -26 28 -28 -30
right_child=1 6 3 4 -6 -7 7 10 -10 -11 11 -13 13 -15 -16 -17 17 -19 -20 20 25 22 -24 -25 26 -27 27 -29 29 -31
leaf_value=-0.00044327460490382171 0.012427404746847337 -0.0008318860543641486 -0.0012503673941785844 0.00031295077476554137 0.0082705252476620705 -0.0022123483668371365 0.017501617414476336 0.00029644890234461379 -0.00094693589917599309 0.019440967095731048 -0.00095038058981178797 0.014108519094174442 -0.00046366771354444783 0.019236643710545395 -0.0011025580648555467 0.010940799347823861 -0.00042884752015476539 0.024576599543043136 -0.0007482120262904125 0.014849620586555937 -0.0014617703808469376 -0.0035570107378141975 0.018763428806112311 -0.00066671826229367686 0.022098253206224692 0.019336518136009725 0.02494715628273984 -0.0020905885581982194 -0.00076880782153265943 0.013211947910094324
leaf_weight=595 209 204 363 97 334 85 61 81 60 67 1496 138 176 77 1009 126 181 232 1408 260 401 158 294 419 66 69 116 85 183 296
leaf_count=595 209 204 363 97 334 85 61 81 60 67 1496 138 176 77 1009 126 181 232 1408 260 401 158 294 419 66 69 116 85 183 296
internal_value=-0.00242541 -0.00429695 0.00153879 -0.0022082 0.00403071 -0.010107 -0.00564358 -0.00505305 0.0119444 -0.00965517 -0.00550469 -0.00454013 -0.0051791 -0.00929648 -0.0108245 0.000228013 -0.00301316 0.0067823 0.00119592 0.00414422 0.00760741 0.0144491 0.00827133 -0.0134455 -0.00482866 -0.0028 0.000466045 -0.00153285 0.00110833 -0.00253099
internal_weight=9346 6161 1155 946 516 182 5006 4802 121 430 4681 4181 4043 1388 1311 302 2655 413 3185 1777 1182 712 452 500 2242 470 746 680 595 479
internal_count=9346 6161 1155 946 516 182 5006 4802 121 430 4681 4181 4043 1388 1311 302 2655 413 3185 1777 1182 712 452 500 2242 470 746 680 595 479
is_linear=0
shrinkage=0.035


Tree=36
num_leaves=31
num_cat=0
split_feature=205 93 5 104 7 82 56 13 183 148 242 270 246 163 42 60 193 183 13 77 13 71 43 270 270 270 272 126 205 124
split_gain=59.2695 37.1107 34.7115 43.9908 32.2048 28.1985 33.6027 64.5165 36.9241 33.3473 38.4281 27.8876 39.0917 35.5271 29.8094 27.0536 34.4401 27.2827 24.7697 23.3392 22.4745 21.2972 21.0362 25.7002 19.5667 22.7457 19.3363 27.4079 19.129 19.1192
threshold=0.013580277873614171 29790.500000000004 19.901122723917339 17.000000000000004 21.300815780331877 6267.5000000000009 7.4566354184471324 77.936508788573107 0.21207764913907232 2311.0000000000005 36.061369648441364 31.840684456677042 0.62333128650776637 -0.025707233346369766 13.806955493159691 13480.000000000002 -0.33725238539233393 0.060218528203474876 23.363484316135786 0.56579998135566723 26.147136172956319 20450.500000000004 0.19614999741315844 36.378616086345879 43.741755357330959 66.549929548819179 0.031000010669231418 5863.5000000000009 0.012165942960627141 -1.3259549399093313
decision_type=2 2 2 2 2 2 2 2 2 2 2 2 2 2 2 2 2 2 2 2 2 2 2 2 2 2 2 2 2 2
left_child=5 2 11 -4 22 6 20 8 -8 10 18 13 14 -2 -13 26 -17 -18 -10 -9 -1 -7 23 -5 -25 -26 29 -28 -12 -16
right_child=1 -3 3 4 -6 21 7 19 9 -11 28 12 -14 -15 15 16 17 -19 -20 -21 -22 -23 -24 24 25 -27 27 -29 -30 -31
leaf_value=0.01873033119154097 0.0005389081409169084 0.018633979116847842 0.010714683320833815 -0.00065600016035819223 0.016967434654196253 -0.00096338088783237913 0.014329883866026478 -0.0014106084175172947 0.022174468702719621 -0.0038976539505404945 0.022841198047581748 0.011727307404103446 0.01024029555129898 -0.00098734908504620206 -0.001303013367803869 0.029279544534536697 -0.0026218673363312692 0.015529679759482194 -0.0038693195698567937 0.018659740001249387 -0.00069140149461252023 0.01627747691566913 -0.0006184429222315655 0.0061454985365458218 -0.000535264136646792 0.0089080278569709306 -0.0025150437719119612 0.023285976635947288 0.016736732045592988 0.01018289251415317
leaf_weight=96 90 88 62 95 81 1301 260 401 68 89 143 198 207 197 1258 76 84 109 76 69 499 107 2658 82 323 184 109 96 76 164
leaf_count=96 90 88 62 95 81 1301 260 401 68 89 143 198 207 197 1258 76 84 109 76 69 499 107 2658 82 323 184 109 96 76 164
internal_value=-0.00265747 -0.00466023 -0.0049926 -0.00727077 -0.00781068 0.00121787 0.00414422 0.00754844 0.0141562 0.00796499 0.0126495 -0.0019167 -0.00062229 -0.0121062 -0.00206765 -0.00342451 0.00677007 -0.00123737 -0.0014094 -0.00250526 -0.002625 -0.002477 -0.00834479 -0.0028447 -5.89226e-05 -0.00266602 -0.00512561 0.00483333 0.0217188 -0.00657323
internal_weight=9346 6161 6073 3485 3423 3185 1777 1182 712 452 363 2588 2301 287 2094 1896 269 193 144 470 595 1408 3342 684 589 507 1627 205 219 1422
internal_count=9346 6161 6073 3485 3423 3185 1777 1182 712 452 363 2588 2301 287 2094 1896 269 193 144 470 595 1408 3342 684 589 507 1627 205 219 1422
is_linear=0
shrinkage=0.035


Tree=37
num_leaves=31
num_cat=0
split_feature=205 93 224 104 13 7 270 213 212 56 7 148 224 38 11 13 240 183 104 274 186 89 173 270 242 233 93 56 115 83
split_gain=61.0996 37.3389 33.5825 37.3643 33.8471 31.6798 30.5541 27.5728 42.8077 33.7786 27.5632 27.526 27.7214 29.9653 27.397 26.8774 28.1441 23.3985 31.159 36.9511 23.3747 23.3705 24.6889 22.5499 42.0429 28.2553 23.6915 21.9509 24.1456 21.6165
threshold=0.013580277873614171 29790.500000000004 0.24352468816059225 17.000000000000004 14.783167229111317 21.300815780331877 31.129980211359882 11.207398447687789 8.2339014584545698 14.661949762404872 -30.309433725804237 6736.5000000000009 -0.99999999998946631 18715.000000000004 91.775424895647177 91.633807415436124 1.7577008304037192 0.053096116802824077 5272.0000000000009 0.18030441154707885 0.75062498138721423 12.479525404911159 0.047799482989143709 37.216248921071163 23.122825537664184 6375.4599609375009 11845.000000000002 3.2484335055137579 8513.5000000000018 818.50000000000011
decision_type=2 2 2 2 2 2 2 2 2 2 2 2 2 2 2 2 2 2 2 2 2 2 2 2 2 2 2 2 2 2
left_child=7 2 4 -4 -2 23 -6 8 -1 11 14 17 -13 -14 29 16 -10 -9 19 -19 -12 -20 -23 26 25 -25 -5 28 -26 -8
right_child=1 -3 3 5 6 -7 10 9 15 -11 20 12 13 -15 -16 -17 -18 18 21 -21 -22 22 -24 24 27 -27 -28 -29 -30 -31
leaf_value=0.014965161293262324 0.011351605940010431 0.017981789847758167 0.010339669404604632 -5.7696054563581847e-05 -0.00089651881225475468 0.016373574441299384 -0.0012872348514802849 -0.0015143299671798367 0.01444484311622736 -0.0027289836582617831 0.0064061163620088915 -0.0037319706580325384 0.016104853341400691 -0.0019229546210598955 0.019181349616666472 -0.0025064079289949322 -0.00078376081099029585 -0.0018466336070942376 -0.0011466815754025078 0.00021369228181854886 0.017492137996328764 -0.00024870599670158644 0.017290179452140168 -0.0018148672061964397 -0.00075450661474636205 0.0096465830559223 -0.00078822343339642954 -0.0006195552388744874 0.00054258623715993715 -1.0443426369005638e-05
leaf_weight=379 64 88 62 106 158 81 912 281 368 125 115 76 348 79 142 197 282 225 68 439 68 123 195 60 61 116 280 2628 265 955
leaf_count=379 64 88 62 106 158 81 912 281 368 125 115 76 348 79 142 197 282 225 68 439 68 123 195 60 61 116 280 2628 265 955
internal_value=-0.0026949 -0.00472835 -0.0050617 -0.00717385 -0.001852 -0.00764714 -0.00255626 0.00123981 0.00534525 -0.00133656 -0.00146563 -0.000114192 0.00682087 0.0102894 -0.00265889 0.000944836 0.00438168 -0.00275075 -0.000331754 -0.00491779 0.0113564 0.00751918 0.0114861 -0.00815109 -0.00714514 0.00928177 -0.0161125 -0.00813788 0.000422961 -0.00379541
internal_weight=9346 6161 6073 3659 2414 3597 2350 3185 1226 1959 2192 1834 503 427 2009 847 650 1331 1050 664 183 386 318 3516 3130 176 386 2954 326 1867
internal_count=9346 6161 6073 3659 2414 3597 2350 3185 1226 1959 2192 1834 503 427 2009 847 650 1331 1050 664 183 386 318 3516 3130 176 386 2954 326 1867
is_linear=0
shrinkage=0.035


Tree=38
num_leaves=31
num_cat=0
split_feature=137 270 71 115 38 10 151 9 49 31 27 270 49 115 242 93 287 19 126 49 104 270 213 81 246 270 163 274 213 224
split_gain=55.1632 58.6835 67.1919 58.3338 45.8973 45.1078 67.8193 40.1263 38.1596 55.9194 43.326 37.6659 35.7534 28.7579 40.4718 47.9747 37.8186 34.4167 37.8302 32.993 31.811 45.0754 39.7267 38.2259 40.4962 29.2627 28.283 28.1357 31.906 26.6513
threshold=6506.0000000000009 37.399376803625394 23467.500000000004 23642.500000000004 17540.500000000004 37.373887818422013 0.14764999784529212 102.0022521516067 9595.5000000000018 -54.290958059554079 8176.0000000000009 34.299283446019345 19147.000000000004 8531.0000000000018 43.710858901423123 11625.000000000002 1.0000000180025095e-35 675.50000000000011 7108.0000000000009 14135.000000000002 9290.5000000000018 46.230297914596456 11.395194299409185 4.8783500194549569 0.0083596569137194959 43.32256568951167 0.1404018915007825 0.89172994321022492 11.104370582893315 -0.99999999999212108
decision_type=2 2 2 2 2 2 2 2 2 2 2 2 2 2 2 2 2 2 2 2 2 2 2 2 2 2 2 2 2 2
left_child=4 -2 3 5 11 6 -3 -6 10 -10 -8 -1 13 14 20 17 -15 18 -16 -18 21 25 -22 26 -25 -13 -24 -7 -29 -20
right_child=1 2 -4 -5 7 27 8 -9 9 -11 -12 12 -14 16 15 -17 19 -19 29 -21 22 -23 23 24 -26 -27 -28 28 -30 -31
leaf_value=0.015383396130440288 -0.00069850441893937328 0.011207081770157197 0.013187141341346681 0.020785343684504527 -0.002254964299605782 -0.00059313377839754664 0.016728511784811894 0.0047228399999132385 0.025756709573477282 -0.0010828719249099403 -0.0019899746862394297 0.014174392013639812 -0.0021608049463036107 3.455700128352779e-05 8.7365468079162467e-05 0.015914891288922175 -0.0021854863558628027 0.015877128136270183 0.011045490540632903 0.0064501373078861392 -0.0028121907573745351 0.02437103087072353 0.016836720721366966 0.018998453848849434 -0.0070631899650005284 -0.0014174035413265624 0.0039631569534047508 0.018728857612361195 -0.00047845701662493418 -0.001792907997436639
leaf_weight=253 736 215 212 98 218 2369 65 82 95 338 175 107 101 467 1576 173 214 97 148 67 60 332 88 63 64 96 75 86 80 596
leaf_count=253 736 215 212 98 218 2369 65 82 95 338 175 107 101 467 1576 173 214 97 148 67 60 332 88 63 64 96 75 86 80 596
internal_value=-0.00273981 -0.00554649 -0.00375468 -0.0049135 -0.000164891 -0.00568699 0.00109742 -0.0133115 -0.00438791 0.0018379 -0.0154286 0.000710388 -6.46801e-05 0.000438742 0.00178017 -0.000431599 -0.00576361 -0.00171965 -0.00258925 -0.0157867 0.0082191 0.0135463 0 0.00545763 -0.00875 0.000504808 0.0164583 -0.00806102 0.00573099 -0.00906542
internal_weight=9346 4469 3733 3521 4877 3423 888 300 673 433 240 4577 4324 4223 3475 2590 748 2417 2320 281 885 535 350 290 127 203 163 2535 166 744
internal_count=9346 4469 3733 3521 4877 3423 888 300 673 433 240 4577 4324 4223 3475 2590 748 2417 2320 281 885 535 350 290 127 203 163 2535 166 744
is_linear=0
shrinkage=0.035


Tree=39
num_leaves=31
num_cat=0
split_feature=205 93 261 230 55 203 93 148 82 13 175 115 27 8 274 137 242 89 5 173 7 246 93 211 9 38 93 13 93 141
split_gain=51.6956 36.694 32.526 24.5862 32.8234 47.449 40.4279 39.3515 32.8042 37.938 34.2777 30.1303 29.8051 25.4879 24.9858 29.6988 24.571 26.1995 24.3321 44.513 30.6012 29.046 38.9582 33.6745 29.3732 27.0788 48.369 31.0034 52.8418 29.6937
threshold=0.013580277873614171 29790.500000000004 617.13998413085949 -23.274781223923675 0.28384999930858618 -0.74666114254037574 2287.5000000000005 6569.5000000000009 8683.0000000000018 70.102159957598005 0.0077235068460630883 15547.500000000002 5546.0000000000009 -118.3949820929317 0.21490221416683272 12091.500000000002 83.099430893274928 26.842995596591994 29.108770742727881 0.96811853678986648 21.300815780331877 0.51465929274891109 11845.000000000002 0.18706328696747856 23.610171726116025 10484.500000000002 11236.500000000002 41.501915717347664 6918.0000000000009 78.596967351380911
decision_type=2 2 2 2 2 2 2 2 2 2 2 2 2 2 2 2 2 2 2 2 2 2 2 2 2 2 2 2 2 2
left_child=3 2 18 -1 7 6 16 11 9 10 -7 12 -5 -9 -14 -16 17 -6 21 20 -20 23 -23 25 -24 26 27 28 -2 -29
right_child=1 -3 -4 4 5 8 -8 13 -10 -11 -12 -13 14 -15 15 -17 -18 -19 19 -21 -22 22 24 -25 -26 -27 -28 29 -30 -31
leaf_value=-0.0024740992162271139 0.022679897447381057 0.017166683113230836 -0.00077379778817083199 -0.0020375069559449631 -0.0019287762010494209 -0.0057630847864054442 -0.0032821003652921997 -0.0019555583652815728 -0.00066809562289616884 0.009979019151187471 0.016855046380231459 0.0093279301736536088 -0.0014225598316005917 0.017649259404189651 0.01148208998540068 -0.0013984227789464987 -0.0012517989008980805 0.015240692403851466 -0.00049122096931540995 0.012262259172278358 0.015821259018097819 0.013094823505208589 0.0061811577649262435 -0.0011101345278409869 -0.0018550039513305784 -0.00093378726637140599 0.020931939753258189 -0.0016264524146430155 -0.0015485942304797316 0.016318653197451637
leaf_weight=150 253 88 333 100 60 69 105 118 218 341 355 193 491 257 385 102 154 87 2706 64 81 265 95 655 90 599 150 494 208 80
leaf_count=150 253 88 333 100 60 69 105 118 218 341 355 193 491 257 385 102 154 87 2706 64 81 265 95 655 90 599 150 494 208 80
internal_value=-0.00266496 -0.00453536 -0.00486591 0.000954545 0.00164638 0.005599 -0.00442822 -0.00169594 0.0097419 0.0131364 0.0200699 -0.00463558 -0.00691597 0.00819737 -0.00498474 0.000640244 0.0021732 0.0122039 -0.00424021 -0.00653186 -0.00720809 -0.00197132 0.00615385 -0.00347995 -0.00607895 -0.0009782 0.00208824 -0.000639423 0.00608369 -0.00604491
internal_weight=9346 6161 6073 3185 3035 1389 406 1646 983 765 424 1271 1078 375 978 487 301 147 5740 2851 2787 2889 450 2439 185 1784 1185 1035 461 574
internal_count=9346 6161 6073 3185 3035 1389 406 1646 983 765 424 1271 1078 375 978 487 301 147 5740 2851 2787 2889 450 2439 185 1784 1185 1035 461 574
is_linear=0
shrinkage=0.035


Tree=40
num_leaves=31
num_cat=0
split_feature=137 270 71 38 55 13 9 270 49 90 13 27 161 140 140 82 82 82 8 270 261 71 27 93 126 19 274 193 68 6
split_gain=47.31 54.808 63.5648 45.1997 40.884 58.4524 40.1263 33.6777 35.5236 29.6951 35.64 32.5673 42.604 45.4455 45.7987 31.0232 31.9251 38.672 29.5812 41.2573 38.3717 45.9698 42.9461 46.1285 29.5066 28.9671 27.9682 27.2096 27.0803 27.0635
threshold=6506.0000000000009 37.216248921071163 23467.500000000004 17540.500000000004 0.14665000140666964 29.090984653981128 102.0022521516067 34.299283446019345 19147.000000000004 0.0067911844551149731 78.512725819584702 7802.5000000000009 0.13965000212192538 592.75000000000011 603.50000000000011 6122.0000000000009 2949.5000000000005 1041.0000000000002 -113.64258566727499 86.631277875938125 531.28500366210949 12587.000000000002 8176.0000000000009 13982.500000000002 6382.5000000000009 568.50000000000011 -0.061622302650052828 0.40094880832793006 0.036700356781742473 -68.639130772350242
decision_type=2 2 2 2 2 2 2 2 2 2 2 2 2 2 2 2 2 2 2 2 2 2 2 2 2 2 2 2 2 2
left_child=3 -2 4 7 5 -3 -5 26 9 10 -9 15 28 24 -15 16 17 -11 -6 20 21 -20 23 -22 -14 -18 -1 -21 -13 -16
right_child=1 2 -4 6 18 -7 -8 8 -10 11 -12 12 13 14 29 -17 25 -19 19 27 22 -23 -24 -25 -26 -27 -28 -29 -30 -31
leaf_value=0.03172981838398653 -0.00073522976838253046 0.013700435112989526 0.012354477935852049 -0.0021459016713954475 0.01024794759223416 -0.00026396180543355135 0.0042688153188354186 0.012741826679797398 -0.0021934430674041645 0.017057573236593321 -0.00107653361721783 -0.0022979004736496497 0.0002856356915978395 0.025442609636096413 -0.0031305356383831669 -0.0012674216728033867 -0.00079988199213364706 -0.0013079900145534014 -0.00042667520176713995 -0.00011545945359246524 0.00076454889741607471 0.019256504173723731 -0.00075817413567842165 -0.0015138221461628435 -0.0017541249176416874 0.014045347635579393 0.0075845879381731228 -0.0014626734392758957 0.0034342277752246551 0.010877281035904105
leaf_weight=90 703 221 212 218 223 271 82 489 101 94 302 139 268 235 167 691 215 308 371 93 453 127 1395 104 166 332 163 296 69 748
leaf_count=90 703 221 212 218 223 271 82 489 101 94 302 139 268 235 167 691 215 308 371 93 453 127 1395 104 166 332 163 296 69 748
internal_value=-0.00264998 -0.00524922 -0.00356404 -0.00026526 -0.00468109 0.00464789 -0.0133115 0.000603448 -0.00012936 0.000372517 0.00646357 -0.0010387 0.00222037 0.00418502 0.00781818 -0.00459574 -0.000476939 -0.00791155 -0.0061852 -0.00715014 -0.00544603 0.0032008 -0.00765457 0.000560498 -0.00542141 0.00500906 0.0128876 -0.0176777 -0.0124883 0.00422283
internal_weight=9346 4469 3766 4877 3554 492 300 4577 4324 4223 791 3432 1792 1584 1150 1640 949 402 3062 2839 2450 498 1952 557 434 547 253 389 208 915
internal_count=9346 4469 3766 4877 3554 492 300 4577 4324 4223 791 3432 1792 1584 1150 1640 949 402 3062 2839 2450 498 1952 557 434 547 253 389 208 915
is_linear=0
shrinkage=0.035


Tree=41
num_leaves=31
num_cat=0
split_feature=134 82 78 13 92 49 44 27 224 242 71 19 90 71 115 215 209 13 115 211 114 6 6 30 184 49 27 69 93 93
split_gain=45.2747 26.6161 32.5971 54.2879 28.4118 31.1226 25.3749 34.7634 31.6613 31.5898 33.2432 34.4391 28.8525 25.3657 25.3193 24.9052 24.6349 23.6527 27.3738 26.0062 22.6324 23.2552 27.0818 25.4572 28.7776 24.7309 22.3452 21.5787 21.8822 21.8211
threshold=0.013157881803239973 12124.500000000002 10.596088052797091 77.936508788573107 5.8833000659942636 10352.500000000002 0.33174999058246618 11141.500000000002 0.99999999998879419 34.980889112754625 7957.0000000000009 668.50000000000011 0.0086580004666192267 347.00000000000006 25649.000000000004 -0.041999999433755868 14.543666466793711 26.129573272368233 10665.500000000002 0.50694028404778912 3.3978000879287724 35.631164906008543 5.9169611907398343 675.50000000000011 0.24333215419103713 13850.500000000002 13978.000000000002 -6.936593002422077 1662.5000000000002 4807.5000000000009
decision_type=2 2 2 2 2 2 2 2 2 2 2 2 2 2 2 2 2 2 2 2 2 2 2 2 2 2 2 2 2 2
left_child=1 2 17 6 5 27 8 -8 9 12 11 -11 -4 -2 20 -3 -17 18 -1 -20 -15 22 23 24 -22 -26 -12 -5 -29 -30
right_child=13 15 3 4 -6 -7 7 -9 -10 10 26 -13 -14 14 -16 16 -18 -19 19 -21 21 -23 -24 -25 25 -27 -28 28 29 -31
leaf_value=0.010074503338081416 0.022431096170088101 -0.0022559080165846989 -0.0034725408195638401 -0.0027962604250396797 -0.002871952386992642 0.017754086376687579 0.016478970412787848 -0.00071295041235564351 -0.0026022613359454861 -0.0019626467285960149 0.017865673533001919 0.014298999098379573 0.0096492624277329832 -0.00084105943789400677 0.023030792711647215 -0.0011636261808185293 0.014667207900608714 -0.00048037432381950468 -0.0013072085031046827 0.019038560790181919 -0.00049602259709436217 0.012746054466999538 -0.00048921232269561192 -0.00086715478690713394 0.011702904741736547 -0.00047300966159889799 0.0078399537797532639 0.018202881966226832 -0.0021259073161926391 0.011541343006153925
leaf_weight=212 64 256 136 93 67 90 226 81 65 208 289 156 147 1053 68 166 105 1102 134 63 2948 82 521 179 182 98 88 149 186 132
leaf_count=212 64 256 136 93 67 90 226 81 65 208 289 156 147 1053 68 166 105 1102 134 63 2948 82 521 179 182 98 88 149 186 132
internal_value=-0.00271736 8.42156e-06 0.00108019 0.00388338 -0.00392659 -0.00160305 0.00789436 0.0167147 0.00534278 0.00687075 0.0106501 0.00303523 -0.00303819 -0.00489327 -0.00517231 -0.00730263 0.000126812 -0.00283971 0.00431159 -0.00502475 -0.00546271 -0.00425405 -0.00464531 -0.00349795 -0.00277142 0.00785965 0.0178665 -0.00470796 -0.0015572 -0.00671827
internal_weight=9346 4151 3624 2113 717 650 1396 307 1089 1024 741 364 283 5195 5131 527 271 1511 409 197 5063 4010 3928 3407 3228 280 377 560 467 318
internal_count=9346 4151 3624 2113 717 650 1396 307 1089 1024 741 364 283 5195 5131 527 271 1511 409 197 5063 4010 3928 3407 3228 280 377 560 467 318
is_linear=0
shrinkage=0.035


Tree=42
num_leaves=31
num_cat=0
split_feature=90 261 115 5 38 126 6 8 71 270 60 11 49 242 104 201 242 115 242 115 82 115 129 126 261 33 60 82 115 4
split_gain=42.8699 40.9067 38.8713 31.1771 39.8042 48.7939 38.8587 33.8133 36.7175 31.5214 46.5272 35.4215 33.4648 52.2211 37.3061 40.0918 64.9849 49.5401 30.3213 30.3127 28.9871 28.6758 31.6733 28.2043 37.9665 27.7244 27.7166 53.4079 37.4832 27.2368
threshold=0.0072993603125561723 613.02502441406261 25649.000000000004 62.45728044163058 18173.000000000004 12507.000000000002 30.792619063504109 -11.286507480619431 23467.500000000004 48.335007412682913 12236.500000000002 102.07450903875639 6948.0000000000009 47.167416035975542 12281.500000000002 0.20975000038743022 49.222562386058748 14380.500000000002 19.095260803195661 6572.5000000000009 1983.5000000000002 19922.500000000004 634.50000000000011 14506.000000000002 553.60498046875011 0.26334999501705175 1983.5000000000002 4271.5000000000009 10097.500000000002 2.5868594461539627
decision_type=2 2 2 2 2 2 2 2 2 2 2 2 2 2 2 2 2 2 2 2 2 2 2 2 2 2 2 2 2 2
left_child=-1 2 3 4 5 7 -5 8 9 10 26 12 13 -11 15 17 19 -14 -12 -17 -8 22 -19 -7 -25 -18 -2 -28 -29 -30
right_child=1 -3 -4 6 -6 23 20 -9 -10 11 18 -13 14 -15 -16 16 25 21 -20 -21 -22 -23 -24 24 -26 -27 27 28 29 -31
leaf_value=0.0043864236518732086 -0.00044723117353966617 -0.00098824659576064126 0.019709512301724085 -0.00057844057582833179 -0.001216916466189323 0.015645562021817702 0.018269176897594167 -0.00052274496167091131 0.011680676743108709 0.017511528616930901 0.0070411949997067581 0.009165842445890927 -0.0012962590229105382 -0.001239664135804457 0.015111217974143209 -0.0030582450445583902 0.012272668916919431 0.035810856544436005 -0.0014877145709381336 0.032172654804043653 -0.0081755428359769414 -0.0014796075807431883 -0.00014613243680074495 0.018446431952463486 -0.0016423348288603235 -0.0026381495631807484 0.01201264603076193 0.0086575961818759727 -0.0019221878570964404 0.026529512283443333
leaf_weight=1400 125 484 123 1219 365 112 97 320 116 266 88 482 789 544 118 76 63 67 163 186 84 84 165 136 177 266 287 580 300 64
leaf_count=1400 125 484 123 1219 365 112 97 320 116 266 88 482 789 544 118 76 63 67 163 186 84 84 165 136 177 266 287 580 300 64
internal_value=-0.00264998 -0.00364482 -0.00299987 -0.00333129 -0.00221989 -0.00148055 -0.00802135 -0.00242433 -0.00168701 -0.00217359 0.00180211 -0.00423015 -0.00583111 8.58896e-05 -0.00846619 -0.00979424 -0.00240772 -0.0137162 -0.0118945 0.0104869 0.00696237 -0.00196262 0.00443038 0.00984884 0.00429245 -0.0126796 0.00437179 0.00597492 0.00191781 -0.00682927
internal_weight=9346 7946 7462 7339 5939 5574 1400 5149 4829 4713 1607 3106 2624 810 1814 1696 591 1105 251 262 181 316 232 425 313 329 1356 1231 944 364
internal_count=9346 7946 7462 7339 5939 5574 1400 5149 4829 4713 1607 3106 2624 810 1814 1696 591 1105 251 262 181 316 232 425 313 329 1356 1231 944 364
is_linear=0
shrinkage=0.035


Tree=43
num_leaves=31
num_cat=0
split_feature=134 82 78 13 132 71 203 49 20 93 199 13 71 115 81 6 193 242 102 213 170 38 269 274 270 270 261 148 115 13
split_gain=42.9337 30.8021 29.3509 53.0063 36.5198 41.7245 28.9074 28.4165 32.9982 36.2984 26.7865 26.0546 25.6214 25.5854 24.0913 24.1835 29.4559 36.8031 39.4159 32.8814 35.0121 25.7084 33.8096 23.8727 23.7604 23.2318 23.2527 29.7636 23.0167 21.3807
threshold=0.013157881803239973 12124.500000000002 10.596088052797091 71.72944821153267 0.28824999928474432 8983.0000000000018 -0.22378012448330506 10223.000000000002 103.00947003092588 1662.5000000000002 15.538430756607495 31.274403193365476 347.00000000000006 25649.000000000004 3.3701499700546269 35.631164906008543 0.33415068069605297 29.025501301330838 -2.7982237183714123 11.250794172602308 0.018800012767314914 12626.500000000002 6.648960144169938 0.86101671385680201 49.950899596138207 60.963744238215732 575.14501953125011 687.50000000000011 2112.0000000000005 27.954840148807492
decision_type=2 2 2 2 2 2 2 2 2 2 2 2 2 2 2 2 2 2 2 2 2 2 2 2 2 2 2 2 2 2
left_child=1 2 24 4 5 6 -4 8 -5 -10 -3 -7 -2 14 -14 16 17 18 -16 20 -18 22 -19 -22 29 -26 27 -27 -6 -1
right_child=12 10 3 7 28 11 -8 -9 9 -11 -12 -13 13 -15 15 -17 19 21 -20 -21 23 -23 -24 -25 25 26 -28 -29 -30 -31
leaf_value=0.0065484282608742825 0.021507299683708504 -0.0023398374118068742 0.016515828325126863 -0.0018835430174454146 -0.00075824842001890832 -0.0020358484743682151 -0.0021917268216324805 0.014353108364113378 0.013553163974386041 -0.0024091147779437549 -0.00071512294516959851 0.015064319147643078 -0.00086451274056915147 0.021534882036179218 0.012339479425116952 0.011615394343256154 0.00058898484240023092 -0.00059770270743462529 -0.0011768511203565026 -0.00059364736409412984 -0.00096423520239196487 -0.0012510812898944503 0.018057169882255503 0.0041000566948159534 -0.0011170132488629327 0.01621160832930818 -0.00085983167188104183 -0.0002853757797172216 0.015390586659546077 -0.00039799643706726011
leaf_weight=371 64 165 60 473 113 88 220 120 134 126 362 258 1002 68 312 85 351 1028 150 1319 297 337 121 61 438 87 161 190 521 264
leaf_count=371 64 165 60 473 113 88 220 120 134 126 362 258 1002 68 312 85 351 1028 150 1319 297 337 121 61 438 87 161 190 521 264
internal_value=-0.00288204 -0.000227382 0.000925875 0.00358593 0.00813439 0.00210777 -0.00785965 -0.00314103 -0.00573848 0.00422642 -0.00809211 0.0101709 -0.00500096 -0.00528135 -0.0055732 -0.00436424 -0.00476513 -0.00168459 0.00689507 -0.00771274 -0.00161765 -0.0043662 -0.00185009 -0.0092562 -0.00279354 -0.00651532 -0.000790068 0.00533688 0.0140219 0.00235156
internal_weight=9346 4151 3624 2113 1260 626 280 853 733 260 527 346 5195 5131 5063 4061 3976 1948 462 2028 709 1486 1149 358 1511 876 438 277 634 635
internal_count=9346 4151 3624 2113 1260 626 280 853 733 260 527 346 5195 5131 5063 4061 3976 1948 462 2028 709 1486 1149 358 1511 876 438 277 634 635
is_linear=0
shrinkage=0.035


Tree=44
num_leaves=31
num_cat=0
split_feature=93 213 242 38 82 90 270 270 179 274 56 183 49 8 71 19 20 71 270 270 71 193 183 115 242 148 60 113 13 242
split_gain=43.1454 47.7003 60.2139 45.6759 45.5496 45.727 30.5919 39.477 38.2788 36.1355 44.433 30.2424 29.7324 29.2821 28.8451 43.3845 34.0284 31.3344 30.5574 40.2811 30.5292 28.8354 28.3005 26.5807 25.434 29.112 33.5807 24.6701 23.781 34.9757
threshold=29790.500000000004 11.242971973994186 23.670543149697718 3695.5000000000005 152.00000000000003 0.0054645163281221345 32.219293288958625 33.634582811472264 17.772250799524794 0.1840033505040862 7.777422960622296 0.26907742390476846 10030.000000000002 -77.845323518086602 5472.5000000000009 675.50000000000011 97.025808769993787 6926.0000000000009 129.52264535446056 120.8954055182049 6437.0000000000009 0.32074304907767454 0.15527751988586194 19389.000000000004 68.502144854713592 656.00000000000011 2213.5000000000005 -2.6395586714767609 64.689649399034451 39.942721740977383
decision_type=2 2 2 2 2 2 2 2 2 2 2 2 2 2 2 2 2 2 2 2 2 2 2 2 2 2 2 2 2 2
left_child=1 2 -1 23 -4 13 12 -8 9 11 22 21 -5 -6 15 16 18 20 19 -7 -16 -9 -11 -3 25 26 27 -19 29 -10
right_child=-2 3 4 6 5 14 7 8 28 10 -12 -13 -14 -15 17 -17 -18 24 -20 -21 -22 -23 -24 -25 -26 -27 -28 -29 -30 -31
leaf_value=0.023819749947357229 0.015384407344561623 -0.0009782744610747835 0.017779644939800759 0.0051705970403741527 0.0070268698796315887 -0.0010658633116222473 0.013297807166227719 -0.0012770434180789077 -0.00030175012298651332 0.02380023784196655 0.016468057876880385 -0.0015398928573633537 -0.00089837648641394601 0.015889886088403308 0.00013941254293166062 0.015321105723847848 0.0041790253644013679 0.00036951577259411618 -0.003171900254142187 0.021949592412360719 0.017020699156951612 0.014627520835323302 -0.00031820573660187065 0.011979682930169593 0.015340119750678009 -0.00084468729478890119 0.012803081224242823 -0.00077843209605673127 -0.0014998027912671603 0.013996930045414455
leaf_weight=162 133 403 60 91 188 831 119 1312 1006 63 217 469 359 92 327 72 270 95 126 96 185 132 806 69 245 375 126 168 235 514
leaf_count=162 133 403 60 91 188 831 119 1312 1006 63 217 469 359 92 327 72 270 95 126 96 185 132 806 69 245 375 126 168 235 514
internal_value=-0.00294942 -0.00323877 4.08998e-05 -0.00517155 -0.00100889 -0.00159638 -0.00423705 -0.00342251 -0.0039273 -0.00632656 -0.00121907 -0.00921533 -0.0129231 0.0117895 -0.00289969 -0.006525 -0.00798569 0.00043578 -0.0108176 -0.00852468 0.00744681 -0.00666667 -0.00476545 -0.0155556 -0.00314103 -0.00628088 0.000444162 -0.00666045 0.000178977 0.00179016
internal_weight=9346 9213 3418 5795 3256 3196 5323 4873 4754 2999 1086 1913 450 280 2916 1395 1323 1521 1053 927 512 1444 869 472 1009 764 389 263 1755 1520
internal_count=9346 9213 3418 5795 3256 3196 5323 4873 4754 2999 1086 1913 450 280 2916 1395 1323 1521 1053 927 512 1444 869 472 1009 764 389 263 1755 1520
is_linear=0
shrinkage=0.035


Tree=45
num_leaves=31
num_cat=0
split_feature=93 213 104 242 82 90 13 56 115 274 82 270 137 270 233 274 60 133 272 224 173 163 141 30 153 124 193 111 71 93
split_gain=40.439 43.6598 58.808 57.8941 45.5496 41.7493 42.1622 38.3061 38.1344 34.8443 48.5865 33.4609 44.837 32.628 48.9094 42.3657 34.5841 32.8639 32.234 31.3592 37.4374 29.3695 28.4592 27.6696 29.7389 27.2929 29.6216 26.9054 36.0779 24.5861
threshold=29790.500000000004 11.242971973994186 5377.5000000000009 23.670543149697718 152.00000000000003 0.006980859055361768 51.737520794423482 14.661949762404872 23642.500000000004 0.1840033505040862 1079.5000000000002 32.219293288958625 3146.0000000000005 34.408194203355102 6660.6550292968759 0.11246197274183922 9355.0000000000018 52.147273698233349 0.03369999676942826 0.99999999998688383 0.64703898334560705 -0.10294855627984124 25.247083509610807 625.50000000000011 0.24797673646544868 -2.0715821553597515 0.61520234031753185 18.153386045199717 8111.0000000000009 11845.000000000002
decision_type=2 2 2 2 2 2 2 2 2 2 2 2 2 2 2 2 2 2 2 2 2 2 2 2 2 2 2 2 2 2
left_child=1 3 8 -1 -5 6 -6 11 9 -3 -11 21 22 -14 15 18 25 -16 -15 20 -12 -4 -13 -24 -25 -17 -27 28 -7 -22
right_child=-2 2 7 4 5 27 -8 -9 -10 10 19 12 13 14 17 16 -18 -19 -20 -21 29 -23 23 24 -26 26 -28 -29 -30 -31
leaf_value=0.022986058699199723 0.014845953087501966 -0.0016222790225451091 0.00019484511488356118 0.017157357366907731 0.018931740818576237 0.014808907055482084 0.0044150277797364527 -0.004174452864755848 0.012043221190666586 -0.00098065132296860035 -0.00039074196909409171 -0.0022829707116154138 0.014900419470736826 -0.00086249272191927021 -0.0012960213220249851 -0.0008974050525300659 0.018295455628366975 0.011696367496609152 0.020846829890143064 -0.00053678170370678301 0.017215660498642718 -0.00099946645484890384 -0.0015860515275360611 -0.0009764408353375465 0.015315152653417098 0.016222737782324428 -0.00039103433346081686 -0.00052032535534845387 -0.00033428816763943827 -0.00016697192559853748
leaf_weight=162 133 712 96 60 129 181 529 85 107 257 893 185 64 840 208 204 330 63 82 222 124 204 453 188 127 180 61 2178 179 110
leaf_count=162 133 712 96 60 129 181 529 85 107 257 893 185 64 840 208 204 330 63 82 222 124 204 453 188 127 180 61 2178 179 110
internal_value=-0.00283713 -0.00311727 -0.00496638 2.04499e-05 -0.00100889 -0.00159638 0.00622926 -0.00197037 -0.00911728 -0.0100646 -0.00716946 -0.00135106 -0.000222408 0.00271478 0.00188039 0.00409224 0.0100962 -0.0117935 -0.000981661 -0.00447194 -0.00207155 -0.0123934 -0.0064666 -0.00344114 0.00448437 0.00365556 0.0115244 -0.0036335 0.00517808 0.010251
internal_weight=9346 9213 5795 3418 3256 3196 658 3370 2425 2318 1606 3285 2985 2032 1968 1697 775 271 922 1349 1127 300 953 768 315 445 241 2538 360 234
internal_count=9346 9213 5795 3418 3256 3196 658 3370 2425 2318 1606 3285 2985 2032 1968 1697 775 271 922 1349 1127 300 953 768 315 445 241 2538 360 234
is_linear=0
shrinkage=0.035


Tree=46
num_leaves=31
num_cat=0
split_feature=93 90 261 246 38 152 126 126 13 13 38 2 213 4 173 201 261 261 242 135 242 38 199 11 221 191 33 193 126 203
split_gain=41.1786 40.3319 33.5013 32.1875 54.6012 31.2162 25.7564 26.5294 24.844 35.369 29.8424 26.9048 32.8627 33.499 24.9238 24.9658 24.0932 38.7729 29.1589 26.5416 24.6108 21.5711 21.2483 20.8178 20.4899 29.8327 35.7453 20.0898 19.7862 19.4209
threshold=29790.500000000004 0.0073394671875080643 617.13998413085949 0.90050826458415889 777.50000000000011 0.2340944473266868 10355.000000000002 9137.5000000000018 64.689649399034451 59.485352714034818 4894.0000000000009 574.69000244140636 11.207398447687789 -60.533805588910859 -0.11554998919187319 0.24982499703764918 600.95001220703136 553.60498046875011 43.823214625899091 -1.3012218443426329 51.584697231932054 6684.0000000000009 17.72751824739434 51.32984476219729 68.096977416062288 0.13464999757707122 0.21015000343322757 0.77669322034347299 11358.500000000002 0.88067362285883954
decision_type=2 2 2 2 2 2 2 2 2 2 2 2 2 2 2 2 2 2 2 2 2 2 2 2 2 2 2 2 2 2
left_child=1 16 3 4 -3 6 7 22 9 11 -10 -7 23 -14 -15 -16 17 18 -1 -20 -21 -11 -6 -13 -5 -26 -27 -22 -8 -25
right_child=-2 2 -4 24 5 8 28 -9 10 21 -12 12 13 14 15 -17 -18 -19 19 20 27 -23 -24 29 25 26 -28 -29 -30 -31
leaf_value=0.01457405702452573 0.014326344729439396 0.018898007971977184 -0.00092357669936645717 -0.0010381206363950463 -0.00057172454419836434 -0.0023141112379937469 0.024930846537599288 -0.0025929212731527532 0.00018269882752737943 0.00040817317389542368 -0.0016117773353506351 0.020713846339810132 -0.0035528937885786361 0.012709554426727158 -0.00037826082278542649 0.02187733768644606 0.01456128151896725 -0.0043911510817310701 -0.0026061159872419861 -0.0027317241001396748 0.011451607579565435 0.023348993937102557 0.0067746630914145749 -0.0013382198937705104 -0.00076514609048037262 0.012382263812231245 -0.00073562601239793421 -0.0018104394447851892 -0.00040193485478680823 0.010407492063738776
leaf_weight=90 133 80 404 113 3046 67 92 101 318 139 354 142 93 268 1452 61 229 191 141 105 567 131 102 71 79 81 109 84 414 89
leaf_count=90 133 80 404 113 3046 67 92 101 318 139 354 142 93 268 1452 61 229 191 141 105 567 131 102 71 79 81 109 84 414 89
internal_value=-0.0030093 -0.00329193 -0.00427474 -0.00373296 -0.00318861 -0.00352772 -0.0056875 -0.00683006 -0.000976489 0.000625496 -0.00692762 -0.000825178 -0.000128381 -0.00186269 -0.000764278 -0.00251318 0.00215652 0.000118343 0.00292843 0.000970067 0.00358739 0.0124727 -0.0062385 0.0104886 -0.0135659 -0.00804745 -0.000358974 0.00613567 0.00164384 0.00169697
internal_weight=9346 9213 7806 7402 7020 6940 3755 3249 3185 2513 672 2243 2176 1874 1781 1513 1407 1178 987 897 756 270 3148 302 382 269 190 651 506 160
internal_count=9346 9213 7806 7402 7020 6940 3755 3249 3185 2513 672 2243 2176 1874 1781 1513 1407 1178 987 897 756 270 3148 302 382 269 190 651 506 160
is_linear=0
shrinkage=0.035


Tree=47
num_leaves=31
num_cat=0
split_feature=93 205 230 78 82 49 213 13 13 93 19 270 8 261 270 81 160 242 8 19 270 49 126 183 173 82 115 163 93 183
split_gain=40.8241 37.8509 26.9424 31.1006 33.7597 32.2639 28.6675 53.1092 24.6575 42.8427 30.483 33.8394 30.4515 31.176 26.4523 24.7983 24.2645 24.8735 24.1706 24.098 29.6173 23.4261 23.2855 23.8116 26.0789 23.2649 23.4088 25.7257 38.6101 49.7562
threshold=29790.500000000004 0.013803560857528006 -22.064203695918433 10.596088052797091 13918.500000000002 13732.500000000002 11.20544876509779 82.699417588671963 26.129573272368233 10404.500000000002 638.50000000000011 32.219293288958625 -37.830219865682714 574.59500122070324 37.80661213757196 4.1150000095367441 0.049300007522106178 66.927357191276641 5.2402808311466504 547.50000000000011 129.26745064201057 3497.5000000000005 5498.5000000000009 -0.46552158737564076 -0.1235203452840478 246.50000000000003 23185.500000000004 0.36526082460625592 11747.500000000002 0.40271974708528568
decision_type=2 2 2 2 2 2 2 2 2 2 2 2 2 2 2 2 2 2 2 2 2 2 2 2 2 2 2 2 2 2
left_child=1 2 -1 22 5 6 7 -5 9 12 -11 -12 13 -3 -10 -13 -8 -18 25 -9 21 -21 -4 -24 -25 -16 27 28 -27 -30
right_child=-2 8 3 4 -6 -7 16 19 14 10 11 15 -14 -15 18 -17 17 -19 -20 20 -22 -23 23 24 -26 26 -28 -29 29 -31
leaf_value=-0.0027482128630128776 0.013824922663909018 0.0089259223369746836 -0.0008450952614341543 0.013022511701137234 -0.0015383044067665975 0.014824407509749496 -0.0016345403464371306 0.022596712227794236 -0.00045393232957621771 -0.0012170402969600897 -0.00045346079103115257 -0.0025745557636738781 0.010033307841572048 -0.0024905646281448359 0.0079513708545097331 0.016366765844045141 0.012745261968775451 -0.0014294686059801761 0.011996652796392261 -0.0027485258615263007 -0.0042134863638750297 0.017475789634729053 -0.0026554077743902141 0.020431888236973693 0.00074464405645408667 -0.00072710603873816062 0.012982009998350606 -0.00065709796921385624 0.018311719439064861 -0.00045774294384609733
leaf_weight=165 133 138 698 563 190 182 545 66 333 257 170 60 270 80 111 111 125 75 62 69 115 100 65 79 286 2195 62 1561 264 216
leaf_count=165 133 138 698 563 190 182 545 66 333 257 170 60 270 80 111 111 125 75 62 69 115 100 65 79 286 2195 62 1561 264 216
internal_value=-0.00292696 -0.0032084 -0.000220853 0.00050901 0.00309582 0.00455285 0.00298857 0.00712963 -0.00489228 -0.000128323 -0.00638474 0.00050578 0.00752535 -0.00219731 -0.00596798 0.0113352 -0.0021 0.00819512 -0.00524687 -0.0035493 -0.00799308 0.00140805 -0.00413945 0.00225287 0.00577027 -0.00555845 -0.00597025 -0.00628861 -0.00419216 0.00476289
internal_weight=9346 9213 3323 3158 2030 1840 1658 913 5890 1086 598 341 488 218 4804 171 745 200 4471 350 284 169 1128 430 365 4409 4298 4236 2675 480
internal_count=9346 9213 3323 3158 2030 1840 1658 913 5890 1086 598 341 488 218 4804 171 745 200 4471 350 284 169 1128 430 365 4409 4298 4236 2675 480
is_linear=0
shrinkage=0.035


Tree=48
num_leaves=31
num_cat=0
split_feature=246 38 93 205 13 38 93 13 222 173 126 270 270 78 148 148 126 13 19 169 13 148 274 100 104 19 153 223 244 82
split_gain=42.0266 55.9958 39.5447 35.075 27.0386 32.2198 34.5897 29.6997 28.3201 35.216 30.0527 26.9867 39.241 32.133 41.7072 45.76 38.9885 31.7739 27.9988 30.1823 26.9272 26.7736 24.3634 24.1505 23.0942 21.999 20.8964 20.8634 21.8768 20.1682
threshold=0.90050826458415889 777.50000000000011 29790.500000000004 0.013803560857528006 28.682107189915452 9723.5000000000018 9876.0000000000018 30.609213927975471 15.588013858383404 0.12096302194976587 4962.5000000000009 96.80784795394591 112.90186058682788 10.596088052797091 2311.0000000000005 1246.5000000000002 13166.500000000002 82.699417588671963 547.50000000000011 16.193527871513723 31.054573842513658 3224.0000000000005 0.18030441154707885 8.5551984272365491 9591.0000000000018 649.50000000000011 0.13818640647602665 13.064902712966406 0.0098499953746795672 1079.5000000000002
decision_type=2 2 2 2 2 2 2 2 2 2 2 2 2 2 2 2 2 2 2 2 2 2 2 2 2 2 2 2 2 2
left_child=1 -1 3 11 5 8 23 -6 9 10 -5 13 -13 16 15 22 26 -14 -19 -20 -9 -16 -15 -7 -23 27 -3 28 -11 -2
right_child=29 2 -4 4 7 6 -8 20 -10 25 -12 12 17 14 21 -17 -18 18 19 -21 -22 24 -24 -25 -26 -27 -28 -29 -30 -31
leaf_value=0.018265355565715707 -0.00064381124969586706 8.0085803249123902e-05 0.013341050370672203 -0.0026316656985160389 -0.00069666173292364138 0.010499017310429406 -0.00083242254642450729 0.019436713629783317 0.016353541128485277 0.01791320784546676 0.0030322244941268601 -0.0025624685022865566 0.011388621263075311 -0.0017086640170314712 -0.0028571171043103014 0.016550980364358286 0.017424259919801233 0.022483828365420098 -0.0025993928652782669 9.0883453271223835e-05 -0.00056604142655503325 0.010799141710118603 0.011389689490045559 -0.0011150249588034336 -0.0015694659361935826 0.0091482391709863612 -0.0010874928147816517 -0.00076774714292942919 -0.00057507706016417953 0.00017738951711913616
leaf_weight=99 417 462 133 79 224 63 521 62 81 105 115 333 143 173 170 267 62 62 174 211 3754 317 216 115 200 117 462 61 84 64
leaf_count=99 417 462 133 79 224 63 521 62 81 105 115 333 143 173 170 267 62 62 174 211 3754 317 216 115 200 117 462 61 84 64
internal_value=-0.00286707 -0.00231623 -0.00261772 -0.00291329 -0.00464631 -0.000338039 -0.00551847 -0.00607417 0.00530139 0.00241166 -0.00949749 -4.29843e-05 -0.00509159 0.00196444 0.00547849 0.0117549 -0.00282543 0.000352941 -0.00425885 -0.00780769 -0.00533107 -0.000556358 0.00399746 0.00765027 0.00341954 0.00875 -0.00467169 0.0027451 0.00847938 -0.0128909
internal_weight=9346 8865 8766 8633 5381 1341 699 4040 642 561 194 3252 923 2329 1343 656 986 590 447 385 3816 687 389 178 517 367 924 250 189 481
internal_count=9346 8865 8766 8633 5381 1341 699 4040 642 561 194 3252 923 2329 1343 656 986 590 447 385 3816 687 389 178 517 367 924 250 189 481
is_linear=0
shrinkage=0.035


Tree=49
num_leaves=31
num_cat=0
split_feature=246 115 82 71 137 82 270 7 27 137 20 246 246 4 242 115 137 12 203 27 1 11 274 5 8 2 10 71 115 161
split_gain=40.3814 44.2503 44.3366 32.6552 31.5947 35.3732 59.7356 31.8428 27.5491 42.1968 43.9012 39.8146 37.2501 36.634 34.5496 39.7793 31.7689 31.08 30.8334 27.8185 27.5542 27.3197 26.8894 39.3816 26.2812 25.8283 25.5015 29.2215 30.169 27.6965
threshold=0.90050826458415889 25649.000000000004 246.50000000000003 33506.500000000007 6506.0000000000009 15621.500000000002 34.299283446019345 10.635782683849394 5819.5000000000009 1469.0000000000002 97.025808769993787 0.58103216814557868 0.05124471591017013 14.932330991599772 42.47567471353404 8301.5000000000018 1045.5000000000002 11.881919064398366 0.561419958784526 14178.500000000002 687.50000000000011 79.523735309591146 0.18030441154707885 35.094525834556521 -126.90570148726648 610.58001708984386 16.012625583088465 9184.0000000000018 10288.000000000002 0.16705000028014186
decision_type=2 2 2 2 2 2 2 2 2 2 2 2 2 2 2 2 2 2 2 2 2 2 2 2 2 2 2 2 2 2
left_child=1 2 -1 4 5 6 -4 8 9 10 20 12 14 -13 15 16 -10 -18 -14 -16 -8 -7 24 26 -6 -20 27 -24 -29 -28
right_child=-2 -3 3 -5 22 21 7 -9 11 -11 -12 13 18 -15 19 -17 17 -19 25 -21 -22 -23 23 -25 -26 -27 29 28 -30 -31
leaf_value=0.015301723531777112 -0.00057501112301741272 0.01955622688413761 0.017932643472305276 0.011599952211256528 0.012488628653109068 -0.0023963312548559296 0.018210656843692389 0.016927584481115022 -0.0031263590515808117 -0.0015005538580573415 0.014280107604745665 0.018381557367622838 -0.0012203501984526788 -0.0014521949276754568 0.00045817797461213453 -0.0013008086233367295 0.020203876477210631 -0.0016135061683591786 0.013276023830294977 -0.0026937373052032649 -0.0014471296817638775 -0.00012846678603460284 -0.0017841904141519085 -0.00039213903933494698 -0.0011856025273838573 -0.0016935718812201527 -0.00010744506554562218 0.012772137968879656 -0.0020281276759580775 0.014040048897832506
leaf_weight=70 481 125 218 148 107 150 66 75 100 523 258 152 815 68 868 142 266 61 156 198 453 141 92 1248 1321 76 448 65 71 384
leaf_count=70 481 125 218 148 107 150 66 75 100 523 258 152 815 68 868 142 266 61 156 198 453 141 92 1248 1321 76 448 65 71 384
internal_value=-0.00277724 -0.00223732 -0.00253745 -0.00276772 -0.00305383 -0.00116886 -0.000396667 -0.00131597 -0.00173045 -0.00595402 -0.00076087 0.000168559 -0.001016 0.0143111 0.00228354 0.00920732 0.0145023 0.0197139 -0.00615494 -0.00143791 -0.0066126 -0.0128885 -0.00546378 -0.00311716 -0.00923238 0.0050211 0.00184038 -0.00841202 0.00198582 0.00468339
internal_weight=9346 8865 8740 8670 8522 4786 4495 4277 4202 1300 777 2902 2682 220 1635 569 427 327 1047 1066 519 291 3736 2308 1428 232 1060 228 136 832
internal_count=9346 8865 8740 8670 8522 4786 4495 4277 4202 1300 777 2902 2682 220 1635 569 427 327 1047 1066 519 291 3736 2308 1428 232 1060 228 136 832
is_linear=0
shrinkage=0.035


Tree=50
num_leaves=31
num_cat=0
split_feature=93 246 38 115 213 256 193 41 214 79 203 19 126 256 82 1 38 60 256 148 150 211 115 193 242 244 30 93 183 287
split_gain=37.7583 35.3482 50.8825 30.98 29.4558 72.0442 39.2639 34.6649 33.2762 30.7156 31.5264 25.6233 35.0928 35.294 35.171 41.9434 31.7187 44.7402 32.276 32.9874 33.0543 31.4942 30.9487 29.4771 36.4936 42.6587 35.5303 34.1684 34.8787 32.4822
threshold=29790.500000000004 0.90050826458415889 777.50000000000011 25649.000000000004 11.207398447687789 29.090984653981128 0.93898515841324148 567.75000000000011 0.071400009095668807 0.0099834621181693513 0.7300957372027308 648.50000000000011 12281.500000000002 28.001055915296053 4695.0000000000009 682.50000000000011 6163.5000000000009 8464.5000000000018 14.708602137676396 14154.500000000002 0.062049999833107002 0.14441578544968575 12600.500000000002 -0.68287366825147655 40.044552130067906 0.0050000064074993142 634.50000000000011 7314.5000000000009 -0.28444857144150348 1.0000000180025095e-35
decision_type=2 2 2 2 2 2 2 2 2 2 2 2 2 2 2 2 2 2 2 2 2 2 2 2 2 2 2 2 2 2
left_child=1 2 -1 4 5 -4 7 -6 11 10 -7 16 13 14 -13 -16 17 22 -18 20 23 -19 -9 -20 25 -25 29 28 -26 -27
right_child=-2 -3 3 -5 6 9 -8 8 -10 -11 -12 12 -14 -15 15 -17 18 21 19 -21 -22 -23 -24 24 27 26 -28 -29 -30 -31
leaf_value=0.017090507797303457 0.012468115280304694 -0.00055488573371180407 0.015264560374903374 0.017072845871047158 -0.0015420052654164663 0.0097472675026235075 -0.0011801284223318859 -0.0014122792136122666 0.0088240614956275523 -0.00045172703930757122 -0.0019555507625943517 0.0059888275882200208 0.0045628590025370529 -0.001103211431892468 0.0095667403570457426 -0.0016210334778282637 -0.0010875182672759616 -0.0013190869055669076 -0.0018395122967667134 -0.0034366691481878854 0.014889806990660131 0.031920362352078561 0.00018174554981621158 0.011188893889833598 0.022319187878743534 -0.0012560671580163208 0.0047697015783825635 0.017161297597085873 -0.0018200377838579792 0.00019923676744769111
leaf_weight=99 133 481 251 103 323 506 122 538 299 1967 106 131 198 789 100 305 143 89 104 121 341 69 112 191 90 536 290 429 128 252
leaf_count=99 133 481 251 103 323 506 122 538 299 1967 106 131 198 789 100 305 143 89 104 121 341 69 112 191 90 536 290 429 128 252
internal_value=-0.00270987 -0.00298058 -0.00246767 -0.00275932 -0.00299356 -7.40741e-05 -0.00444172 -0.00399964 -0.00330703 -0.00182856 0.0049919 -0.00399315 -0.00776505 -0.00981579 -0.00284658 -0.00793902 -0.00231094 -0.00835178 -0.000439163 0.000506634 0.00143491 0.00815951 -0.0123969 -0.000276543 0.000728787 -0.00271978 -0.00542936 0.00746166 -0.00376682 -0.0092686
internal_weight=9346 9213 8732 8633 8530 2830 5700 5578 5255 2579 612 4956 1523 1325 536 405 3433 808 2625 2482 2361 158 650 2020 1916 1269 1078 647 218 788
internal_count=9346 9213 8732 8633 8530 2830 5700 5578 5255 2579 612 4956 1523 1325 536 405 3433 808 2625 2482 2361 158 650 2020 1916 1269 1078 647 218 788
is_linear=0
shrinkage=0.035


Tree=51
num_leaves=31
num_cat=0
split_feature=93 213 242 104 19 115 79 8 93 173 27 56 270 274 185 104 113 164 223 221 104 71 140 49 82 19 242 11 71 89
split_gain=33.834 34.578 60.5145 42.3387 35.4081 48.5629 33.7974 37.0204 34.4964 33.1125 35.0045 32.6894 31.4456 29.9969 53.0127 28.9024 45.3532 30.3341 28.7654 28.2096 28.0841 26.7636 28.6541 28.8149 25.888 25.6424 25.4281 35.8343 30.7013 25.2369
threshold=29790.500000000004 11.246606849404262 23.670543149697718 5377.5000000000009 599.50000000000011 23642.500000000004 0.0099834621181693513 -69.083974942373629 1593.5000000000002 0.95675900444162243 5703.5000000000009 14.661949762404872 111.21465685037889 0.17620447925841651 0.010827204197435535 9145.5000000000018 -1.9081196595429877 -1.0000000180025095e-35 19.613023244916519 23.408169167714856 8176.0000000000009 8231.5000000000018 664.50000000000011 9919.0000000000018 1079.5000000000002 619.50000000000011 29.547314746442506 49.137782375553336 5901.0000000000009 7.3700430184994206
decision_type=2 2 2 2 2 2 2 2 2 2 2 2 2 2 2 2 2 2 2 2 2 2 2 2 2 2 2 2 2 2
left_child=1 2 -1 4 -3 13 7 8 -4 10 -8 15 -10 -6 19 16 20 21 -18 -15 -5 -17 23 -23 29 -21 -12 -28 -29 -16
right_child=-2 3 6 11 5 -7 9 -9 12 -11 26 -13 -14 14 24 17 18 -19 -20 25 -22 22 -24 -25 -26 -27 27 28 -30 -31
leaf_value=0.020183927437500828 0.012031731245494032 -0.0015438994250685741 0.012140249765033889 -0.0012559274791732048 -0.0013796025684169634 0.012498058764686067 -0.00080737506568997173 0.016047109007132368 0.0009225078019603082 0.011129686877189224 -0.00074513709184002614 -0.0042394620343659487 -0.0037839825712402885 -0.003014014440331848 -0.0001343818413906084 -0.0022910323498812053 0.010658382988651046 0.00034116536169022832 -0.0026322311980980432 0.02035486515309055 0.013718620207994076 0.0092807437046310923 0.0087226025993312941 -0.0012299110009795628 -0.00033634632012807369 0.00030458878879605734 0.01189840260487709 -0.0007030581039918388 0.00082177943045089749 -0.001211478818203702
leaf_weight=166 133 413 217 588 493 87 1126 143 247 60 130 85 98 62 65 275 706 581 61 106 190 159 145 571 925 113 153 417 699 132
leaf_count=166 133 413 217 588 493 87 1126 143 247 60 130 85 98 62 65 275 706 581 61 106 190 159 145 571 925 113 153 417 699 132
internal_value=-0.00275479 -0.00301096 -0.000242704 -0.00467112 -0.00822157 -0.00625 -0.0012959 0.00547183 0.00135802 -0.00314865 -0.00377668 -0.00213161 -0.0055 -0.00743819 -0.00479759 -0.00155745 0.00191935 -0.00465726 0.00793394 0.00868881 -0.00402299 -0.00793939 -0.00489205 -0.00771429 -0.00819876 0.0145313 -7.47863e-05 0.00145604 -0.000749331 -0.0195792
internal_weight=9346 9213 3456 5757 2396 1983 3290 705 562 2585 2525 3361 345 1896 1403 3276 1545 1731 767 281 778 1150 875 730 1122 219 1399 1269 1116 197
internal_count=9346 9213 3456 5757 2396 1983 3290 705 562 2585 2525 3361 345 1896 1403 3276 1545 1731 767 281 778 1150 875 730 1122 219 1399 1269 1116 197
is_linear=0
shrinkage=0.035


Tree=52
num_leaves=31
num_cat=0
split_feature=115 213 242 49 163 272 90 8 58 71 126 261 126 261 30 67 173 27 27 213 270 8 213 1 217 216 115 183 246 82
split_gain=33.7754 34.024 60.5277 41.2349 44.8634 44.73 33.4398 32.9061 32.8199 32.2429 30.6379 39.263 38.1311 34.9994 71.1641 32.6259 27.5114 33.4192 30.6461 41.203 24.8218 27.006 24.7735 23.686 23.6379 23.271 22.9391 37.5264 41.8503 38.5207
threshold=25649.000000000004 11.246606849404262 23.670543149697718 7494.5000000000009 -0.12209358037060768 0.037849985063076026 0.0055249316943132365 -73.481824034786072 -9.074933083817978 33506.500000000007 10355.000000000002 598.23498535156261 9458.0000000000018 550.37500000000011 590.50000000000011 6.3150727301580574 0.95675900444162243 5703.5000000000009 6416.5000000000009 11.109263693488389 52.963311440711784 -18.763242220196886 10.966040781834918 707.50000000000011 86.32667729999487 98.47092189267353 15547.500000000002 0.30819496130870355 0.72935612225114232 1169.5000000000002
decision_type=2 2 2 2 2 2 2 2 2 2 2 2 2 2 2 2 2 2 2 2 2 2 2 2 2 2 2 2 2 2
left_child=1 2 23 4 -3 9 7 22 -7 10 12 13 26 14 -12 -15 17 20 19 -19 -8 24 -4 -1 -22 -26 -5 -28 -29 -30
right_child=-2 3 6 5 -6 8 16 -9 -10 -11 11 -13 -14 15 -16 -17 -18 18 -20 -21 21 -23 -24 -25 25 -27 27 28 29 -31
leaf_value=0.00032270611325633749 0.016542214324122794 -0.00046198379470478116 0.010625160920247468 -0.00070737492692040109 -0.0018956600974308628 -0.00045213507244813673 -0.0006862927376350981 0.014231548447442293 0.012908739370145222 0.010768420498831345 -0.0013195186351868317 0.018561473740245731 -0.0034914979901481454 0.0061815295254315297 0.026024690116959188 -0.0024025003094199143 0.010907075716521122 0.019871319954225971 -0.00023182461006659939 -0.0014220696253667365 -0.0012882006622654911 0.0087355566974816386 -0.0029981214161449599 0.025929084938257848 0.018864178951813564 -0.0013564755717630507 0.018633935796427192 -0.00096389027114120683 -0.00063230501093955427 0.0098639026805818503
leaf_weight=60 133 517 153 2782 506 116 133 88 215 131 97 71 109 159 129 364 67 207 1279 65 944 86 60 106 65 133 102 242 84 143
leaf_count=60 133 517 153 2782 506 116 133 88 215 131 97 71 109 159 129 364 67 207 1279 65 944 86 60 106 65 133 102 242 84 143
internal_value=-0.00273981 -0.00299577 -0.000243408 -0.00463877 -0.0109971 -0.00325753 -0.00129985 0.00972222 0.0090625 -0.00419081 -0.00471892 0.00135758 -0.00615806 -0.00106764 0.010303 -0.0060322 -0.00242795 -0.00295166 0.000562339 0.0111191 -0.00694363 -0.00533658 0.00208716 0.0200585 -0.00677419 0.00413793 -0.00547201 0.000911458 -0.00332278 0.00739224
internal_weight=9346 9213 3446 5767 1023 4744 3280 301 331 4413 4282 820 3462 749 226 523 2979 2912 1551 272 1361 1228 213 166 1142 198 3353 571 469 227
internal_count=9346 9213 3446 5767 1023 4744 3280 301 331 4413 4282 820 3462 749 226 523 2979 2912 1551 272 1361 1228 213 166 1142 198 3353 571 469 227
is_linear=0
shrinkage=0.035


Tree=53
num_leaves=31
num_cat=0
split_feature=115 213 242 104 137 270 233 2 22 261 38 93 215 8 242 148 146 9 79 8 193 173 71 27 27 156 2 1 38 141
split_gain=33.7754 35.5477 60.166 47.2589 49.4099 41.5586 36.261 45.9345 65.2369 38.0304 36.1259 35.1081 34.8809 33.3372 31.4124 31.3146 33.1691 30.49 29.4356 34.4467 38.2062 29.8358 28.7444 28.3246 27.2052 25.0517 23.7309 23.686 23.6248 28.7602
threshold=25649.000000000004 11.246606849404262 23.670543149697718 5472.5000000000009 3146.0000000000005 47.568567147466716 6447.1198730468759 587.14501953125011 0.19945000112056735 568.23498535156261 7874.0000000000009 9276.5000000000018 -0.02979999408125877 -23.475714764935031 17.073988880922222 4371.5000000000009 -1.5320496487353246 26.160101880177873 0.0099834621181693513 -69.083974942373629 0.7481602922982632 0.95675900444162243 36331.000000000007 5703.5000000000009 7985.0000000000009 -1.1831615240377873 662.50500488281261 707.50000000000011 13471.000000000002 25.247083509610807
decision_type=2 2 2 2 2 2 2 2 2 2 2 2 2 2 2 2 2 2 2 2 2 2 2 2 2 2 2 2 2 2
left_child=1 2 27 5 28 11 7 -6 9 12 -8 -3 25 -13 -12 -16 -17 26 19 20 -4 23 -7 -20 -15 -9 -18 -1 29 -5
right_child=-2 3 18 4 6 22 10 8 -10 -11 14 13 -14 24 15 16 17 -19 21 -21 -22 -23 -24 -25 -26 -27 -28 -29 -30 -31
leaf_value=0.00031141139929236506 0.015963236822778493 0.0078216181908235399 0.0075289894418760026 -0.0023194837005835584 -0.0028960420191480626 -0.00089740819431437398 0.010702600516478337 -0.0019568249587589228 0.018371244232877608 0.01489065213689997 0.0040187903014337585 -0.0011246943050454818 0.0079890059737885571 0.020256358951139426 -0.0015887003332344075 -0.0026887991584277709 -0.0020291796848549296 0.010386459262884503 -0.00075111486230825203 0.014987355996222253 -0.0027882898097306044 0.01035840018640936 0.014170575457221687 -2.1140375897868436e-05 -0.00020380431907180671 -0.00036298199233865543 0.018301313008645261 0.025021566965418823 -0.0015434369496673318 -0.00054272353074890202
leaf_weight=60 133 149 477 179 123 1518 104 148 423 134 66 390 177 90 216 78 172 134 1124 143 85 60 61 1391 268 400 68 106 213 656
leaf_count=60 133 149 477 179 123 1518 104 148 423 134 66 390 177 90 216 78 172 134 1124 143 85 60 61 1391 268 400 68 106 213 656
internal_value=-0.00273981 -0.00299577 -0.000182556 -0.00467516 -0.00192203 -0.00832326 0.00101201 0.00444326 0.00641803 0.000850694 -0.0047331 -0.00228936 -0.00234932 -0.00539177 -0.00748309 -0.00977712 -0.00444201 0 -0.00123592 0.00507746 0.00111111 -0.00297093 -0.011733 -0.00356944 0.00231405 -0.00670886 -0.00742857 0.0200585 -0.00817664 -0.00545833
internal_weight=9346 9213 3446 5767 3291 2476 2243 1405 1282 859 838 897 725 748 734 668 452 374 3280 705 562 2575 1579 2515 358 548 240 166 1048 835
internal_count=9346 9213 3446 5767 3291 2476 2243 1405 1282 859 838 897 725 748 734 668 452 374 3280 705 562 2575 1579 2515 358 548 240 166 1048 835
is_linear=0
shrinkage=0.035


Tree=54
num_leaves=31
num_cat=0
split_feature=93 213 242 104 137 115 270 270 2 233 270 2 216 274 27 110 153 92 270 261 93 90 71 71 115 126 27 242 13 8
split_gain=33.1182 34.1784 57.7453 31.8091 39.5247 37.483 36.1748 34.7561 31.1274 48.3649 41.534 41.1924 44.7641 41.784 38.4531 37.6159 35.7906 35.6191 40.5604 30.7239 30.1585 28.6206 27.7754 42.8749 34.3215 33.5231 26.4423 27.5022 38.8479 25.8501
threshold=34981.000000000007 11.246606849404262 23.670543149697718 5472.5000000000009 3146.0000000000005 23642.500000000004 47.568567147466716 32.219293288958625 587.14501953125011 6182.6901855468759 34.408194203355102 663.66497802734386 48.487716590301709 0.11246197274183922 7158.5000000000009 0.17289999872446063 0.13818640647602665 3.6102499961853032 50.842902099951424 558.47500610351574 11691.500000000002 0.0054645163281221345 5807.0000000000009 6926.0000000000009 9171.5000000000018 404.50000000000006 6806.5000000000009 32.817924748204284 33.180598686391114 -72.233578020684249
decision_type=2 2 2 2 2 2 2 2 2 2 2 2 2 2 2 2 2 2 2 2 2 2 2 2 2 2 2 2 2 2
left_child=1 2 -1 5 -5 6 20 -6 -9 14 -11 13 -13 15 -10 16 -12 -16 -19 -15 -3 29 -23 -24 25 -25 -8 -28 -29 -4
right_child=-2 3 21 4 7 -7 26 8 9 10 11 12 -14 19 17 -17 -18 18 -20 -21 -22 22 23 24 -26 -27 27 28 -30 -31
leaf_value=0.017694217160559616 0.017711296841888949 0.0045976564577087254 0.0037758779742012877 -0.0013023917371297684 -0.00067675894746339676 0.0094080214811520235 -0.0024758072481103639 -0.002785242983157308 -0.0012209395424515829 0.012742272429251626 0.013854016810170088 -0.0015451775056158196 0.010479596229077986 -0.00031365711516700984 -0.002485052346122057 -0.0035439649884216619 -0.0024187387242493941 0.0044664413187767591 0.020598742623579355 0.01515980523757722 -0.00050415137630593107 -0.00072317074192544521 0.012147914716147731 0.014020620756327096 -0.00083859669194095055 -0.00023371619828965631 -0.0010983297817567833 0.030963573163447115 -0.00062627020021418188 0.013599773900592343
leaf_weight=166 75 377 205 1047 271 116 168 124 115 63 170 177 62 125 71 171 142 179 333 227 508 1547 396 108 309 645 307 73 989 80
leaf_count=166 75 377 205 1047 271 116 168 124 115 63 170 177 62 125 71 171 142 179 333 227 508 1547 396 108 309 645 307 73 989 80
internal_value=-0.0027473 -0.00293931 -0.000182028 -0.00457646 -0.00229281 -0.00751475 -0.00845076 0.000344519 0.00197811 0.00313859 -0.00131786 -0.00298424 -0.0156352 0.000708333 0.0103556 -0.00595287 0.00132492 0.0139881 0.0171954 0.00980392 -0.00279213 -0.00121093 -0.00222093 0.00124402 -0.00242737 0.00161609 -0.0116894 -0.0100109 -0.0072821 0.0092931
internal_weight=9346 9271 3456 5815 3277 2538 2422 2230 1959 1835 1137 1074 239 835 698 483 312 583 512 352 885 3290 3005 1458 1062 753 1537 1369 1062 285
internal_count=9346 9271 3456 5815 3277 2538 2422 2230 1959 1835 1137 1074 239 835 698 483 312 583 512 352 885 3290 3005 1458 1062 753 1537 1369 1062 285
is_linear=0
shrinkage=0.035


Tree=55
num_leaves=31
num_cat=0
split_feature=6 115 115 4 115 71 170 104 63 242 213 160 215 60 13 36 153 19 173 71 183 126 173 242 71 71 151 124 287 140
split_gain=31.7403 30.2907 31.8701 39.1984 37.3401 35.0883 29.4114 42.8657 32.8333 29.197 53.069 40.1785 39.6916 49.9478 30.3309 39.4612 31.5147 36.7109 28.2975 26.638 25.7452 30.9385 53.8372 28.6762 37.9009 30.1738 39.2108 27.5298 23.5952 26.3776
threshold=35.631164906008543 25649.000000000004 9335.0000000000018 7.0089692204677432 8277.5000000000018 33506.500000000007 0.010200005024671556 7738.0000000000009 599.50000000000011 43.710858901423123 11.162473935884295 0.044900003820657737 -0.0410500019788742 6883.5000000000009 116.96913404868909 -11.3947049660375 -0.69900803098010311 675.50000000000011 0.89665550988171183 5550.0000000000009 0.053096116802824077 7533.5000000000009 0.25799957552759883 22.156384808434488 10941.500000000002 6926.0000000000009 0.17500000074505809 -1.5054918998070752 1.0000000180025095e-35 599.50000000000011
decision_type=2 2 2 2 2 2 2 2 2 2 2 2 2 2 2 2 2 2 2 2 2 2 2 2 2 2 2 2 2 2
left_child=1 2 3 4 9 20 -6 8 -8 10 -1 12 -12 -14 16 -16 -11 -18 -5 -2 -4 23 -23 24 27 26 -25 -22 -27 -30
right_child=19 -3 5 18 6 -7 7 -9 -10 14 11 -13 13 -15 15 -17 17 -19 -20 -21 21 22 -24 25 -26 28 -28 -29 29 -31
leaf_value=0.016406709566280337 -0.013383385799455652 0.016162860980550565 -0.0021507424836356842 -0.00060077446915234598 0.014741095606583338 0.010760702379574603 -0.00062094577138226972 -0.0032718024078279041 0.012452797452478532 -0.0036206090150674038 -0.0030231135300468662 0.017747288978602938 -0.0015962766390825336 0.0091978616240588392 -0.0016179562054237596 0.021142874799562478 -0.00088196489839954719 0.012179882277392676 0.0052150234757143941 0.012260069030757761 0.010640968090523166 0.015791933675900795 -0.0018173226158500781 0.011730475549892837 -0.00051246700270055848 -0.00043051341905499951 -0.0010312989566827924 -0.0051916053334890412 0.0050151716336690674 -0.00114251241156321
leaf_weight=254 62 130 299 1035 112 116 64 98 181 115 367 144 158 375 63 142 2233 98 94 113 224 239 156 141 267 1098 231 61 94 582
leaf_count=254 62 130 299 1035 112 116 64 98 181 115 367 144 158 375 63 142 2233 98 94 113 224 239 156 141 267 1098 231 61 94 582
internal_value=-0.00270238 -0.0029866 -0.00323071 -0.00157367 -7.93831e-05 -0.00583831 0.0093587 0.00412356 0.0119 -0.00117729 0.00311589 -0.000400381 -0.00317127 0.00292751 -0.00328125 0.0095 -0.00436965 -0.00346104 -0.00737654 0.0118611 -0.00649102 -0.00552453 0.0035875 -0.00686275 0.000251346 -0.00868898 0.000371353 0.00905172 -0.0105846 -0.0157269
internal_weight=9346 9171 9041 5533 4404 3508 455 343 245 3949 1298 1044 900 533 2651 205 2446 2331 1129 175 3392 3093 395 2698 552 2146 372 285 1774 676
internal_count=9346 9171 9041 5533 4404 3508 455 343 245 3949 1298 1044 900 533 2651 205 2446 2331 1129 175 3392 3093 395 2698 552 2146 372 285 1774 676
is_linear=0
shrinkage=0.035


Tree=56
num_leaves=31
num_cat=0
split_feature=93 137 11 17 219 82 137 82 246 38 4 4 213 104 274 13 185 93 213 211 1 183 126 38 183 104 71 200 145 13
split_gain=33.294 33.3801 39.6393 30.142 31.0837 28.6044 33.9245 38.4802 51.6075 38.4707 33.5858 33.1044 26.8672 46.272 51.8554 33.3828 31.4015 26.2663 25.8414 25.6891 34.6746 29.0876 36.7354 33.8421 33.6619 54.7566 35.041 29.7493 25.9037 24.7102
threshold=34981.000000000007 10760.000000000002 27.071051105894387 50.41704403480508 20.7050681128873 246.50000000000003 10189.000000000002 2221.0000000000005 0.55189336919010679 7795.0000000000009 -9.1054328597750906 52.073603591268217 11.207398447687789 5377.5000000000009 0.1907483477533968 39.949581615045958 0.0083016568976571389 13675.500000000002 11.432338856106677 0.19667385915202276 682.50000000000011 0.066925198997014601 5763.5000000000009 12293.500000000002 -0.009292899864611761 9347.5000000000018 10104.500000000002 -0.030300002545118328 0.020007697678922767 91.633807415436124
decision_type=2 2 2 2 2 2 2 2 2 2 2 2 2 2 2 2 2 2 2 2 2 2 2 2 2 2 2 2 2 2
left_child=1 3 -3 4 5 -1 7 11 12 10 -10 -7 15 -14 19 -9 29 -8 -16 21 -21 22 -15 24 25 -24 -27 28 -23 -17
right_child=-2 2 -4 -5 -6 6 17 8 9 -11 -12 -13 13 14 18 16 -18 -19 -20 20 -22 27 23 -25 -26 26 -28 -29 -30 -31
leaf_value=0.013080748157391986 0.016914682458003191 -0.0017860727903846985 -0.00042074158920220127 -0.0039553774286053677 0.012222666279335003 -0.00069497461009994095 0.015659530857606518 0.012695910830440672 0.020413705561474534 0.011408766984069072 -0.0004206649892120396 0.010939679575302638 -0.0013063010127554828 -0.0023479339416573562 -0.0015034500473550922 0.010093884985061698 -0.00059709205953257464 -0.00037826864572689997 0.014924336015054799 0.0049441294087638667 -0.0022271236490831472 0.0064325652392280587 0.022488993914493733 -0.0010685859727066101 -0.003073270106230163 -0.0021973354806783495 0.0091534312024956661 0.017285099378774087 -0.0025349622378566051 -0.0022951147521525568
leaf_weight=73 75 173 2036 99 71 808 220 202 93 250 195 70 764 193 102 395 918 82 255 72 173 266 274 412 98 376 197 171 68 165
leaf_count=73 75 173 2036 99 71 808 220 202 93 250 195 70 764 193 102 395 918 82 255 72 173 266 274 412 98 376 197 171 68 165
internal_value=-0.00280719 -0.00299968 -0.00675023 -0.00182256 -0.00154205 -0.00178628 -0.00202594 -0.0025598 -0.00149451 0.00876611 0 -0.00935447 -0.00258421 -0.00436223 -0.00216942 0.00103858 -0.000802428 0.00934853 0.0101519 -0.00409978 -0.0147 -0.0028034 -0.00517685 -0.0031094 0.000552632 0.00283451 -0.00333045 0.00446078 -0.00165192 0.00569912
internal_weight=9346 9271 2209 7062 6963 6892 6819 6517 5639 538 288 878 5101 3421 2657 1680 1478 302 357 2300 245 2055 1550 1357 945 847 573 505 334 560
internal_count=9346 9271 2209 7062 6963 6892 6819 6517 5639 538 288 878 5101 3421 2657 1680 1478 302 357 2300 245 2055 1550 1357 945 847 573 505 334 560
is_linear=0
shrinkage=0.035


Tree=57
num_leaves=31
num_cat=0
split_feature=93 137 11 240 219 8 82 82 274 93 56 137 183 213 13 104 122 19 6 193 148 218 115 27 153 148 13 220 93 71
split_gain=33.36 30.7766 40.2817 29.9179 31.2794 31.3812 34.4771 32.0734 51.1503 37.5897 35.399 37.1492 36.7189 30.5955 43.1078 43.0601 31.8543 34.0633 29.8449 29.5012 25.7467 46.6814 45.172 48.7056 44.0423 24.3686 34.1273 47.9087 23.0828 25.3449
threshold=34981.000000000007 10760.000000000002 27.071051105894387 49.104729152659182 20.7050681128873 -3.2990226947393984 246.50000000000003 2081.0000000000005 0.1840033505040862 5565.5000000000009 6.5032780668043779 9790.5000000000018 0.14860491338649726 11.207398447687789 39.949581615045958 4793.0000000000009 54.892165500087536 675.50000000000011 30.792619063504109 0.69068292568648537 7641.0000000000009 67.092894806665981 14380.500000000002 11479.500000000002 -0.27056388087641786 714.00000000000011 26.147136172956319 61.696289358093793 6918.0000000000009 9603.0000000000018
decision_type=2 2 2 2 2 2 2 2 2 2 2 2 2 2 2 2 2 2 2 2 2 2 2 2 2 2 2 2 2 2
left_child=1 3 -3 4 5 6 -1 18 13 -10 11 12 -11 14 -9 -15 17 -16 -8 -12 22 24 23 -17 -22 26 -4 -28 -26 -30
right_child=-2 2 25 -5 -6 -7 7 8 9 10 19 -13 -14 15 16 20 -18 -19 -20 -21 21 -23 -24 -25 28 -27 27 -29 29 -31
leaf_value=0.013657207208285308 0.016322668571973079 -0.0017235602427212351 0.0021066465306668019 -0.0040186491562576214 0.011794872959558278 -0.00096670175305643485 -0.00057974076427999739 0.015388117852395102 -0.0011481002327166129 0.0092702483229907089 0.017936516961962558 0.0071383965113411465 -0.00062452789734722966 -0.0022051567675905122 -0.00098127251992159996 -0.00082168094429487231 0.010261888112401812 0.016730875334817024 0.015968521175570304 0.0016657847303852536 -0.0018000112112757933 -0.0020319196630402131 0.011271344738309661 -0.0023192045759238404 0.01804772089170097 -0.00010811917082258484 -0.0010397540271966604 -6.6077368154881253e-05 -0.0025937421790311129 0.0092860123277606014
leaf_weight=69 75 173 145 99 71 121 823 156 191 128 396 200 515 231 901 984 291 75 62 263 80 326 112 416 224 1146 478 267 64 264
leaf_count=69 75 173 145 99 71 121 823 156 191 128 396 200 515 231 901 984 291 75 62 263 80 326 112 416 224 1146 478 267 64 264
internal_value=-0.00282964 -0.00302232 -0.00662376 -0.00189189 -0.00161237 -0.00185733 -0.00153409 -0.00179514 -0.000847647 0.00426678 0.00613139 0.00136203 -0.00275463 -0.00294987 0.00120098 -0.00513489 -0.00096305 -0.00399592 -0.00798315 0.0121762 -0.00376162 0.000726895 -0.00659855 -0.00832028 0.00626374 -0.00521313 -0.0095419 -0.0125533 0.00980251 0.00378378
internal_weight=9346 9271 2209 7062 6963 6892 6771 6702 5817 1693 1502 843 643 4124 1423 2701 1267 976 885 659 2470 958 1512 1400 632 2036 890 745 552 328
internal_count=9346 9271 2209 7062 6963 6892 6771 6702 5817 1693 1502 843 643 4124 1423 2701 1267 976 885 659 2470 958 1512 1400 632 2036 890 745 552 328
is_linear=0
shrinkage=0.035


Tree=58
num_leaves=31
num_cat=0
split_feature=115 213 242 104 137 242 60 2 173 1 49 91 60 242 122 2 148 160 79 13 93 74 60 27 49 153 85 93 224 213
split_gain=32.3518 32.4003 54.5665 39.8928 34.2129 41.9827 39.6808 47.722 48.6582 30.1681 29.0607 29.8612 27.5492 31.0684 28.0867 27.4821 24.4561 30.0817 23.4762 24.9086 26.6483 29.6887 23.0731 22.4146 22.5554 22.3463 22.2522 22.2543 22.2399 21.7667
threshold=25649.000000000004 11.246606849404262 23.670543149697718 5377.5000000000009 2965.5000000000005 43.609375277803849 6153.5000000000009 642.20999145507824 -0.35166852989376246 707.50000000000011 11160.500000000002 -4.3840171072827712 12236.500000000002 30.768592487222758 22.173952466930711 659.84500122070324 2235.5000000000005 0.039999995380640037 0.0099834621181693513 51.737520794423482 1593.5000000000002 559.50000000000011 11441.500000000002 11519.500000000002 18844.500000000004 0.81767769407653834 587.50000000000011 7314.5000000000009 0.87276738997060888 11.736548900609781
decision_type=2 2 2 2 2 2 2 2 2 2 2 2 2 2 2 2 2 2 2 2 2 2 2 2 2 2 2 2 2 2
left_child=1 2 9 16 29 12 -7 8 -8 -1 -9 -12 13 22 -15 -13 17 -3 19 -4 -21 -22 -6 -14 -25 -20 -10 -28 -23 -5
right_child=-2 3 18 4 5 6 7 10 26 -11 11 15 23 14 -16 -17 -18 -19 25 20 21 28 -24 24 -26 -27 27 -29 -30 -31
leaf_value=-0.0010571275137529444 0.014802161243202619 -0.00051460274357547579 0.013640184931970943 -0.0013967631876322202 0.00041229253156233107 -0.0021415095153880593 -0.0010482584080087208 -0.0031085787961062637 -0.00084472610701510865 0.022265027499646036 -0.0035952880126849419 -0.0028096748509162522 0.001981924834647944 -0.00084037253116598775 0.012552190186838494 0.012855768861118565 -0.0014975225804346099 0.00015606047868473141 -0.00035794789220601589 0.010541521215587058 -0.0033777638431550464 -0.0015973156082781197 0.017579655527175154 -0.0011177419702305615 0.0015409449035503012 0.013542389978383206 0.013400179041022694 0.021832867422522897 0.013912011576516708 -0.0016336476702675969
leaf_weight=60 133 1332 125 799 493 109 79 79 63 106 61 74 125 299 142 91 622 399 2463 211 160 122 81 281 61 112 73 323 87 181
leaf_count=60 133 1332 125 799 493 109 79 79 63 106 61 74 125 299 142 91 622 399 2463 211 160 122 81 281 61 112 73 323 87 181
internal_value=-0.00288204 -0.00313246 -0.000446247 -0.00473579 -0.00231354 -8.61009e-05 0.00563218 0.00821344 0.0144383 0.0188304 -0.00282258 0.00363636 -0.00376597 -0.000514706 -0.00745516 0.0113235 -0.00823791 -0.00606855 -0.00144901 0.00419014 0.00107692 -0.00458556 0.00483592 -0.0107521 -0.0153314 -0.00299806 0.0187823 0.0218204 0.00408879 -0.00781726
internal_weight=9346 9213 3446 5767 3414 2434 952 843 538 166 305 226 1482 1015 441 165 2353 1731 3280 705 580 369 574 467 342 2575 459 396 209 980
internal_count=9346 9213 3446 5767 3414 2434 952 843 538 166 305 226 1482 1015 441 165 2353 1731 3280 705 580 369 574 467 342 2575 459 396 209 980
is_linear=0
shrinkage=0.035


Tree=59
num_leaves=31
num_cat=0
split_feature=115 137 11 240 92 6 219 5 274 270 30 31 270 56 201 211 60 173 104 27 213 220 93 200 270 270 137 91 38 49
split_gain=31.7819 32.0099 28.8921 28.0969 27.8592 27.1355 33.9146 26.8915 25.7689 55.6218 61.489 42.0643 40.4096 37.0515 39.9491 34.4219 32.1087 31.4537 35.4444 30.2558 35.8031 29.5101 28.2214 27.8145 27.2393 25.4602 24.607 24.44 23.3037 22.1445
threshold=25649.000000000004 11869.500000000002 27.071051105894387 49.104729152659182 5.632049798965455 35.631164906008543 -3.861436980978016 17.751368735467182 0.1840033505040862 75.941707663784243 663.50000000000011 -60.314907576650135 40.788813277733574 6.4550108028137005 0.13225000165402892 0.16499648316554719 5754.5000000000009 0.21506765364388661 9347.5000000000018 7901.5000000000009 11.568752715416251 83.718293642086806 13219.000000000002 -0.035099990665912621 38.108499932913141 52.730724224421088 9790.5000000000018 -2.7648670618646105 13633.000000000002 5465.0000000000009
decision_type=2 2 2 2 2 2 2 2 2 2 2 2 2 2 2 2 2 2 2 2 2 2 2 2 2 2 2 2 2 2
left_child=1 3 -3 5 7 6 8 -4 15 10 12 -12 23 14 -14 17 -11 18 24 -16 26 -18 -20 -10 -1 -6 -21 -17 -26 -7
right_child=-2 2 4 -5 25 29 -8 -9 9 16 11 -13 13 -15 19 27 21 -19 22 20 -22 -23 -24 -25 28 -27 -28 -29 -30 -31
leaf_value=0.022125730359982269 0.014284085599690528 -0.0015310739921267906 0.004352691825138511 -0.0039727843271769436 -0.00035844093392125469 -0.0023527065904082388 -0.00048100878923809767 -0.00028216811523786082 -0.0036054083997300299 -0.0008002118415266408 0.013059694847302192 -0.00075670744236630344 0.016892414604744353 0.017503443139735127 0.0051521606391731218 -0.0017058272310749368 -0.0020284734917849013 0.0072172043747885098 -0.0013764503016366104 -0.0015003526122191282 0.0108789355734511 0.019411243242622715 0.0067668508455226263 0.00035125468624772949 0.00024217907484064385 -0.0021694078657601402 0.0056478134462176382 -0.00022368058233710437 -0.0012601599211766751 0.012405816950979415
leaf_weight=93 133 168 180 103 166 65 544 907 75 627 73 243 114 462 189 617 72 513 963 245 78 106 169 119 1497 159 71 320 192 83
leaf_count=93 133 168 180 103 166 65 544 907 75 627 73 243 114 462 189 617 72 513 963 245 78 106 169 119 1497 159 71 320 192 83
internal_value=-0.00273233 -0.00298058 -0.00750789 -0.00203915 -0.00582922 -0.00178368 -0.00208474 -0.00310897 -0.00141166 0.0014401 0.00508065 -0.00872274 0.00832474 0.0107947 0.0056339 -0.00302815 -0.00609259 -0.00139714 -0.00280576 0.00184524 -0.00368421 0.00688525 -0.00763412 -0.00633166 0.000274203 -0.0147424 -0.00894081 -0.00895435 -0.000764463 0.0128105
internal_weight=9346 9213 1580 7633 1412 7530 7382 1087 6838 2474 1669 316 1353 1159 697 4364 805 3427 2914 583 394 178 1132 194 1782 325 316 937 1689 148
internal_count=9346 9213 1580 7633 1412 7530 7382 1087 6838 2474 1669 316 1353 1159 697 4364 805 3427 2914 583 394 178 1132 194 1782 325 316 937 1689 148
is_linear=0
shrinkage=0.035


Tree=60
num_leaves=31
num_cat=0
split_feature=93 137 82 221 5 1 240 6 4 82 141 60 13 13 213 27 93 2 41 214 38 60 246 22 104 10 93 93 56 27
split_gain=30.5406 28.8654 30.7816 27.6786 33.532 26.1993 24.7739 28.4364 32.2853 27.8077 25.9817 24.542 23.9209 23.5594 32.8599 38.4651 41.9409 43.6456 30.1148 35.912 36.6476 48.5361 37.5714 35.1402 31.9074 25.477 35.0184 29.0906 25.1568 24.8131
threshold=34981.000000000007 11869.500000000002 246.50000000000003 21.492534654853475 14.753102185779852 727.50000000000011 49.104729152659182 35.631164906008543 7.7543592569193498 16197.500000000002 14.181851540786552 300.00000000000006 116.96913404868909 77.936508788573107 11.116246569417399 886.50000000000011 8635.5000000000018 593.59500122070324 568.50000000000011 0.072750002145767226 5555.5000000000009 8560.0000000000018 0.51465929274891109 0.12175000086426736 5377.5000000000009 65.575661042031655 5630.0000000000009 6390.5000000000009 7.777422960622296 14920.500000000002
decision_type=2 2 2 2 2 2 2 2 2 2 2 2 2 2 2 2 2 2 2 2 2 2 2 2 2 2 2 2 2 2
left_child=1 2 -1 -3 -5 -6 7 8 9 10 -4 -7 13 14 15 -12 17 -17 -16 20 21 23 24 -20 29 26 -26 -28 -21 -22
right_child=-2 3 6 4 5 11 -8 -9 -10 -11 12 -13 -14 -15 18 16 -18 -19 19 28 22 -23 -24 -25 25 -27 27 -29 -30 -31
leaf_value=0.012591513181408475 0.014736591646961198 -0.0014818321178590851 0.011785188813085292 0.0096015039199381941 -0.0010626939770244043 -0.0019390734206969679 -0.0039479237891126649 0.0077212197454302953 -0.00045854048384190828 -0.0011942864393616388 -0.0050788047044121789 -9.6020103823131765e-05 0.015857537526138069 -0.0010411371841344463 -0.0028020136367882661 0.00022871741878406407 -0.0010978379160723746 0.018136298882907815 0.00033192412031459313 -0.00056608722539670548 -0.0015633958095048069 0.013073392508552715 0.0059589725621991795 -0.0027416129187408174 -0.0020713831094829895 0.011153804072808747 0.021842095762563667 -0.0002701068627424029 0.012306444562823083 0.011351294942443507
leaf_weight=80 75 225 92 194 384 72 102 151 1473 241 65 759 199 808 90 348 104 393 78 61 481 114 369 352 254 181 123 1242 166 70
leaf_count=80 75 225 92 194 384 72 102 151 1473 241 65 759 199 808 90 348 104 393 78 61 481 114 369 352 254 181 123 1242 166 70
internal_value=-0.00273233 -0.00291667 -0.0020106 -0.0071324 -0.00527228 -0.00743033 -0.00224478 -0.00200335 -0.00231769 -0.00114548 -0.00063807 -0.00389354 -0.000954025 -0.00140554 -0.000412589 0.0055082 0.00753529 0.0104625 -0.00192276 -0.00139159 -0.00233405 -0.0105829 -0.00066789 -0.015931 -0.00230263 -3.87812e-05 -0.00144397 0.000791971 0.0119181 -0.00963129
internal_weight=9346 9271 7637 1634 1409 1215 7557 7455 7304 5831 5590 831 5498 5299 4491 910 845 741 3581 3491 3264 544 2720 430 2351 1800 1619 1365 227 551
internal_count=9346 9271 7637 1634 1409 1215 7557 7455 7304 5831 5590 831 5498 5299 4491 910 845 741 3581 3491 3264 544 2720 430 2351 1800 1619 1365 227 551
is_linear=0
shrinkage=0.035


Tree=61
num_leaves=31
num_cat=0
split_feature=93 137 221 219 8 82 82 203 41 261 30 233 261 60 219 27 27 57 270 13 49 60 160 60 137 272 233 270 6 203
split_gain=30.9633 29.4747 35.8222 26.4161 28.6871 30.7146 33.6487 36.8512 58.1212 32.9619 33.4745 25.4368 80.6081 30.972 47.3137 31.097 53.0273 39.7041 31.1547 43.5591 39.7166 29.0322 26.5233 24.9743 29.785 27.3196 25.1644 25.3133 24.6549 24.3184
threshold=34981.000000000007 10760.000000000002 21.492534654853475 20.7050681128873 -15.578784085775036 302.50000000000006 684.00000000000011 0.88067362285883954 556.50000000000011 537.11001586914074 642.50000000000011 6437.4201660156259 568.23498535156261 9280.0000000000018 -38.91609903542895 12165.500000000002 10433.000000000002 0.014286429803193834 42.945815570110632 63.969600692092222 4817.5000000000009 10233.000000000002 0.057349994778633125 4821.0000000000009 4958.5000000000009 0.014199998229742052 6649.9199218750009 34.299283446019345 -27.409407535282124 -0.17275449085375422
decision_type=2 2 2 2 2 2 2 2 2 2 2 2 2 2 2 2 2 2 2 2 2 2 2 2 2 2 2 2 2 2
left_child=1 3 -3 4 5 -1 -7 11 -9 -10 -11 12 13 15 21 16 17 -8 -19 -20 -21 -15 -22 25 26 -13 28 -28 -25 -29
right_child=-2 2 -4 -5 -6 6 7 8 9 10 -12 23 -14 14 -16 -17 -18 18 19 20 22 -23 -24 24 -26 -27 27 29 -30 -31
leaf_value=0.0093939091527375854 0.014220810939317556 -0.0015795761373742694 -0.00035156859511683127 0.010690134297826609 -0.00047581251371957571 -0.001050642891337189 0.0063853432996475012 -0.0022753083969412856 0.019259614404192348 -0.0022637880524195796 0.0085556188895263684 0.016209192588253228 0.016010954925398183 0.020518933330111906 0.012135930002146621 -0.0017820790865669977 0.019372722481173131 0.012551178313303716 -0.001611630762358084 -0.0016172971849281353 0.006094119668003853 -0.0010245940142093075 -0.0015290458552518218 -0.0027822067630292298 -0.0013557634628803251 -0.00032399046844379831 0.016433685855707154 0.0078629226736507789 -5.7330364704451245e-05 -0.0020191858549071574
leaf_weight=112 75 244 1965 83 427 161 390 70 201 80 180 71 214 156 355 527 162 118 692 336 401 631 67 211 537 314 68 231 178 89
leaf_count=112 75 244 1965 83 427 161 390 70 201 80 180 71 214 156 355 527 162 118 692 336 401 631 67 211 537 314 68 231 178 89
internal_value=-0.00288204 -0.00306759 -0.00659214 -0.00196123 -0.00220003 -0.00162269 -0.00194414 -0.00153167 0.00724813 0.0117918 0.00343396 -0.00234834 -0.000837444 -0.00201432 0.00280732 -0.00406042 -0.00219254 -0.00376307 -0.00618283 -0.00755496 -0.00199011 -0.00198864 0.00458774 -0.00593603 -0.00822593 0.00188462 -0.00380435 0.00249364 -0.0100381 -0.00172308
internal_weight=9346 9271 2209 7062 6979 6552 6440 6279 531 461 260 5748 4049 3835 1142 2693 2166 2004 1614 1496 804 787 468 1699 1314 385 777 388 389 320
internal_count=9346 9271 2209 7062 6979 6552 6440 6279 531 461 260 5748 4049 3835 1142 2693 2166 2004 1614 1496 804 787 468 1699 1314 385 777 388 389 320
is_linear=0
shrinkage=0.035


Tree=62
num_leaves=31
num_cat=0
split_feature=246 38 93 38 71 137 163 191 152 148 193 93 274 153 2 146 5 24 101 270 270 223 93 60 71 153 211 211 22 27
split_gain=28.9008 28.4427 28.3632 26.4579 42.033 31.1606 24.4978 23.4561 25.012 23.275 22.7435 23.3235 19.9114 19.047 29.1205 25.5469 20.0466 18.7733 18.7501 22.577 21.2005 21.4375 18.6313 18.5806 26.8502 24.7461 18.3605 24.3887 21.1959 28.9753
threshold=0.91304263297160015 777.50000000000011 34981.000000000007 12293.500000000002 33506.500000000007 16596.500000000004 -0.5208864637254661 0.10812500119209291 0.21560175794408998 7641.0000000000009 0.56754517448622066 19939.500000000004 0.1840033505040862 0.13818640647602665 644.61499023437511 -0.86168005184307417 18.883290172301336 0.070197027841509746 0.009411920034518859 96.80784795394591 44.471568590651138 5.5988271485334637 12123.000000000002 10579.000000000002 15696.000000000002 0.1641042259703798 0.071742195039285209 -0.0020310972316058278 0.21260000020265582 13914.000000000002
decision_type=2 2 2 2 2 2 2 2 2 2 2 2 2 2 2 2 2 2 2 2 2 2 2 2 2 2 2 2 2 2
left_child=1 -1 3 4 5 7 -5 -3 9 18 26 12 -12 14 15 -10 -16 -14 19 -9 -20 -22 -23 25 -25 -15 27 28 29 -8
right_child=-2 2 -4 6 -6 -7 10 8 13 -11 11 -13 17 23 16 -17 -18 -19 20 -21 21 22 -24 24 -26 -27 -28 -29 -30 -31
leaf_value=0.01327403629829919 -0.00043519983352780959 0.010577185500666279 0.013723082556441443 0.01080145234145439 0.014707968295718311 -0.00082280120128484075 0.0040220617749091164 0.0022653322791141551 0.00030764087541315438 0.0040937218417277646 0.021187682199508902 -0.0012543231110984977 -0.0018620580937338267 -0.0013781383339024358 0.0015510660047242922 0.012226847372373567 -0.0015550426500598304 0.0010015784259499627 -1.6656248039498559e-05 -0.0015801227410274334 -0.0013507283813956122 -0.00073034085937228829 0.0001252317622635313 0.014625942973338845 -0.0036613307117178318 -0.00042722152789837712 -0.0013258031425345696 0.0053391061205705862 -0.0019104288582055165 -0.00086994409968158394
leaf_weight=120 411 92 75 104 86 267 191 659 585 453 101 86 80 89 292 427 151 65 412 337 388 1011 227 174 66 1449 330 133 315 170
leaf_count=120 411 92 75 104 86 267 191 659 585 453 101 86 80 89 292 427 151 65 412 337 388 1011 227 174 66 1449 330 133 315 170
internal_value=-0.0030093 -0.00258781 -0.00282143 -0.00300972 -0.00210391 -0.00240613 -0.00711076 -0.00194074 -0.00218587 -0.00423969 -0.00827575 -0.000207715 0.0052988 3.24274e-05 0.00299658 0.00626352 -0.00445313 -0.00303333 -0.00534386 -0.0013986 -0.00726383 -0.00905579 -0.00675784 -0.00239484 0.00657143 -0.00381076 -0.0106163 -0.00769656 -0.0103818 -0.00449454
internal_weight=9346 8935 8815 8740 7165 7079 1575 6812 6720 3487 1471 332 246 3233 1455 1012 443 145 3034 996 2038 1626 1238 1778 240 1538 1139 809 676 361
internal_count=9346 8935 8815 8740 7165 7079 1575 6812 6720 3487 1471 332 246 3233 1455 1012 443 145 3034 996 2038 1626 1238 1778 240 1538 1139 809 676 361
is_linear=0
shrinkage=0.035


Tree=63
num_leaves=31
num_cat=0
split_feature=115 137 7 246 38 114 30 27 247 213 270 82 137 8 272 242 41 148 211 261 193 222 242 93 22 173 6 213 221 270
split_gain=29.1324 29.1694 27.3189 30.5214 32.676 27.4999 25.7724 40.3878 39.4413 29.7615 45.1869 33.212 38.5203 30.3482 25.5464 33.8064 24.7215 40.869 35.9855 26.6487 40.1158 34.886 28.9987 37.0185 25.9927 28.3841 28.2277 27.026 42.902 41.9203
threshold=25649.000000000004 16596.500000000004 21.300815780331877 0.90050826458415889 1010.0000000000001 3.4128999710083012 514.50000000000011 886.50000000000011 549.16000366210949 11.109263693488389 129.52264535446056 2428.0000000000005 7917.0000000000009 -47.322559971103068 0.03860000520944596 60.241163236643104 646.50000000000011 5506.5000000000009 0.2647021039037224 567.20001220703136 0.23254033527922618 3.5787229838513963 92.514559651905401 4555.5000000000009 0.14474999904632571 -0.1098524984901756 -20.211002988821562 11.411977384000449 34.204086220990462 44.471568590651138
decision_type=2 2 2 2 2 2 2 2 2 2 2 2 2 2 2 2 2 2 2 2 2 2 2 2 2 2 2 2 2 2
left_child=1 2 3 4 -1 -6 -7 -8 -9 10 11 12 -10 -13 16 -16 19 18 -18 22 21 -21 23 -11 25 -25 -27 29 -29 -26
right_child=-2 -3 -4 -5 5 6 7 8 9 14 -12 13 -14 -15 15 -17 17 -19 -20 20 -22 -23 -24 24 27 26 -28 28 -30 -31
leaf_value=0.013423177251904023 0.01311735439339142 -0.00069766704102169094 0.010331211591576151 -0.00044627521041334001 -0.00082047092888094591 0.016596080283846508 -0.0050711249467462445 -0.0029250798799655944 -0.0012000069565388644 -0.0016331436998526217 -0.0051005727436225822 0.012119256164512435 0.00082576584182709144 -0.00095552609565958274 0.0096497303396749223 -0.0011079567590693152 -0.00181087688032316 0.00031658825730827096 -0.00038165588753777738 0.010541115094297051 0.016404010347995709 -0.00224323528099943 0.018633086561504333 0.014380624481766783 0.016285787865991868 0.0031807593775893712 -0.0007805963304453468 -0.0022540001051361671 0.012114480087294885 -0.0010807907287915882
leaf_weight=130 133 474 101 397 1163 77 99 186 185 323 90 717 184 92 224 157 356 518 717 96 220 286 127 68 133 92 372 331 597 701
leaf_count=130 133 474 101 397 1163 77 99 186 185 323 90 717 184 92 224 157 356 518 717 96 220 286 127 68 133 92 372 331 597 701
internal_value=-0.00303925 -0.00327674 -0.00281393 -0.00302904 -0.00256791 -0.00285054 -0.00201352 -0.00224476 -0.00191088 -0.00145501 0.00335428 0.0052071 -0.00346257 0.00915848 -0.00260379 0.00607513 -0.00327904 -0.00686404 -0.0107468 -0.0015667 0.00507414 -0.00180879 -0.00303019 -0.00383105 -0.00225315 -0.00899441 -0.0120896 -0.000198076 0.00390139 -0.00475566
internal_weight=9346 9213 8739 8638 8241 8111 6948 6871 6772 6586 1268 1178 369 809 5318 381 4937 1591 1073 3346 602 382 2744 2617 2294 532 464 1762 928 834
internal_count=9346 9213 8739 8638 8241 8111 6948 6871 6772 6586 1268 1178 369 809 5318 381 4937 1591 1073 3346 602 382 2744 2617 2294 532 464 1762 928 834
is_linear=0
shrinkage=0.035


Tree=64
num_leaves=31
num_cat=0
split_feature=115 115 115 137 256 261 256 203 71 183 71 160 114 20 146 233 89 11 63 93 93 223 225 19 104 38 104 203 25 211
split_gain=29.5956 28.0069 37.7071 50.6738 36.0802 47.421 36.462 33.3318 37.5884 33.1863 33.1979 30.856 33.4049 30.2709 30.1402 29.8282 29.8005 27.7561 27.1933 26.9603 28.804 32.8754 29.238 26.9153 26.0878 27.3143 32.6636 23.1191 24.2842 22.9175
threshold=25649.000000000004 9335.0000000000018 8277.5000000000018 6423.0000000000009 33.123947584224972 574.59500122070324 39.575384870420898 0.81512002641944969 10351.000000000002 0.053096116802824077 24700.500000000004 0.047499999403953559 4.314699888229371 50.590232271999774 -0.59323114061913007 5632.0100097656259 11.734589338677884 3.9277541638354241 594.50000000000011 8522.0000000000018 9053.5000000000018 11.907514125426628 0.090188458687189679 675.50000000000011 9347.5000000000018 13633.000000000002 8296.5000000000018 0.91522260924054122 -6.7962885983911088 0.1298023911449335
decision_type=2 2 2 2 2 2 2 2 2 2 2 2 2 2 2 2 2 2 2 2 2 2 2 2 2 2 2 2 2 2
left_child=1 2 3 4 5 14 -6 8 23 -3 13 -5 -13 19 17 -15 -12 -1 -4 -11 21 -21 29 24 25 26 -8 28 -24 -22
right_child=-2 9 18 11 6 -7 7 -9 -10 10 16 12 -14 15 -16 -17 -18 -19 -20 20 22 -23 27 -25 -26 -27 -28 -29 -30 -31
leaf_value=0.00019002126302976086 0.01265824698962272 -0.002245556308121289 -0.0012910697545545262 -0.00089254458151183358 -0.0022790027428569361 -0.0021663019835510867 -0.00046031454303877261 0.012848509531172678 0.0063874880212723166 -0.00099809652307688906 -0.0018865514589585122 -0.0013175874422725062 0.011419745091442109 -0.004068135392447947 -0.0037089612286055765 0.012642333451941851 0.015148706162002134 0.015940977870846161 0.0055468848726087441 0.014792982158709601 0.014070363158333583 -0.00047494874087934018 -0.0006737216950049097 0.010167804644095736 -0.0017926492553933539 -0.0014165284754422182 0.018030122787395856 -0.001009712201672544 0.011095490251355793 -0.00027247911738582296
leaf_weight=106 133 299 60 988 91 200 1510 143 502 364 64 92 160 63 63 210 102 319 534 117 106 63 941 101 544 169 102 296 74 830
leaf_count=106 133 299 60 988 91 200 1510 143 502 364 64 92 160 63 63 210 102 319 534 117 106 63 941 101 544 169 102 296 74 830
internal_value=-0.00316651 -0.00340584 -0.00188258 -0.0028577 -0.000871595 0.00636364 -0.00245343 -0.00178641 -0.00260143 -0.00585314 -0.00480371 -0.00899598 0.00190661 -0.00563376 0.012211 0.00541367 0.0102339 0.0155465 0.00642738 -0.0067221 -0.00536801 0.00794595 -0.00644982 -0.00440559 -0.0051824 -0.0031159 -0.00168831 -0.00981383 -0.0072402 -0.00171095
internal_weight=9346 9213 5684 5090 3850 688 3162 3071 2928 3529 3230 1240 252 3064 488 273 166 425 594 2791 2427 180 2247 2426 2325 1781 1612 1311 1015 936
internal_count=9346 9213 5684 5090 3850 688 3162 3071 2928 3529 3230 1240 252 3064 488 273 166 425 594 2791 2427 180 2247 2426 2325 1781 1612 1311 1015 936
is_linear=0
shrinkage=0.035


Tree=65
num_leaves=31
num_cat=0
split_feature=93 213 242 38 1 272 137 126 27 27 163 38 71 153 19 71 49 49 160 148 142 274 181 82 104 11 92 173 33 126
split_gain=29.2912 28.9299 49.7653 30.0624 29.9677 27.0443 26.956 27.6992 22.1671 31.7466 26.9987 26.2324 23.3306 31.3238 29.4312 23.0395 21.6786 24.8429 24.4199 20.1532 20.0916 19.6885 31.0753 44.134 29.327 27.5687 30.1408 34.3303 27.9892 29.9225
threshold=34981.000000000007 11.246606849404262 23.670543149697718 3695.5000000000005 707.50000000000011 0.031000010669231418 1236.0000000000002 8291.0000000000018 5514.0000000000009 6416.5000000000009 -0.367169576716672 7814.5000000000009 347.00000000000006 -0.63416730740377447 675.50000000000011 3934.5000000000005 7919.5000000000009 10154.000000000002 0.032699991017580039 2340.5000000000005 0.84465000033378612 0.32428699211921114 0.15700000151991847 3365.0000000000005 5005.0000000000009 41.543523636691113 4.9778499603271493 0.16239333674540316 0.18375000357627871 6553.5000000000009
decision_type=2 2 2 2 2 2 2 2 2 2 2 2 2 2 2 2 2 2 2 2 2 2 2 2 2 2 2 2 2 2
left_child=1 2 4 -3 -1 21 -7 19 12 10 -10 -12 -4 -14 -15 -11 18 -18 -17 20 -8 24 -23 -24 -5 28 -27 -28 29 -26
right_child=-2 3 8 5 -6 6 7 -9 9 15 11 -13 13 14 -16 16 17 -19 -20 -21 -22 22 23 -25 25 26 27 -29 -30 -31
leaf_value=-0.0023298681162074132 0.01259520578316614 -0.0006911651269546202 0.014483483997203807 -0.0012003180286735817 0.019065818286095344 -0.0026440325107083586 0.0036706022487383847 0.014054144573321716 -0.0018224165928329423 -0.0019229862550929596 0.013196883773662561 -0.0012875212904177675 -0.0025385777072920372 -0.00055981404583245107 0.0094265840786426861 0.014110163820324772 -0.0010707791078468972 0.00014215784835953707 -0.00020123549776893736 -0.001364841710465135 -0.00089337586936709022 -0.00027258127014685333 -0.0010847568781563359 0.012314532433929428 -0.0010305952552054122 -0.00086942014888247881 -0.00023473627075861262 0.01055018022630144 -0.0029652916444995428 0.00024402347364541724
leaf_weight=60 75 476 116 748 106 69 241 205 77 209 265 71 110 1184 65 288 274 243 388 248 60 666 82 305 165 837 507 262 537 407
leaf_count=60 75 476 116 748 106 69 241 205 77 209 265 71 110 1184 65 288 274 243 388 248 60 666 82 305 165 837 507 262 537 407
internal_value=-0.00316651 -0.00334681 -0.000809015 -0.00485309 0.0176023 -0.00409338 0.00173309 0.00368906 -0.00176328 0.000826923 0.00929426 0.0135484 -0.00494257 -0.00623534 -0.00460526 -0.00169154 0.000204508 -0.00516284 0.00431718 -0.000442238 0.00560458 -0.00515594 -0.000959357 0.006875 -0.00642878 -0.00472243 -0.0017815 0.00321059 -0.00895422 -0.0035182
internal_weight=9346 9271 3456 5815 166 5339 823 754 3290 1815 413 336 1475 1359 1249 1402 1193 517 676 549 301 4516 1053 387 3463 2715 1606 769 1109 572
internal_count=9346 9271 3456 5815 166 5339 823 754 3290 1815 413 336 1475 1359 1249 1402 1193 517 676 549 301 4516 1053 387 3463 2715 1606 769 1109 572
is_linear=0
shrinkage=0.035


Tree=66
num_leaves=31
num_cat=0
split_feature=115 213 242 104 137 115 2 82 242 48 38 13 1 49 71 270 99 136 74 181 31 213 148 104 163 11 82 269 90 19
split_gain=27.7575 26.82 50.5541 33.8447 30.3231 46.0482 31.2889 35.2677 35.2709 30.3026 36.9041 37.0581 29.9677 27.1421 31.9673 27.6232 36.4704 26.664 25.8868 34.5544 35.0278 23.8118 29.9519 33.9895 30.1713 23.0223 28.5694 27.1067 22.8512 25.5854
threshold=25649.000000000004 11.246606849404262 23.670543149697718 5498.5000000000009 3146.0000000000005 10962.000000000002 587.14501953125011 10702.500000000002 61.82215964416298 3.5688500404357915 9723.5000000000018 39.949581615045958 707.50000000000011 5654.0000000000009 36331.000000000007 44.471568590651138 0.12654999643564227 3.3500499725341801 598.50000000000011 0.16970000043511393 -54.290958059554079 11.771594392352711 7641.0000000000009 9347.5000000000018 -0.13090338315856034 39.598491308831917 3411.0000000000005 1.0000000180025095e-35 0.0072993603125561723 674.50000000000011
decision_type=2 2 2 2 2 2 2 2 2 2 2 2 2 2 2 2 2 2 2 2 2 2 2 2 2 2 2 2 2 2
left_child=1 2 12 13 21 6 -6 18 17 -7 -11 -12 -1 -3 15 16 -15 -9 -8 -20 -21 22 24 -24 -5 27 -27 -18 29 -4
right_child=-2 3 28 4 5 9 7 8 -10 10 11 -13 -14 14 -16 -17 25 -19 19 20 -22 -23 23 -25 -26 26 -28 -29 -30 -31
leaf_value=-0.0022483227321401546 0.01172135261127456 -0.0012025768888963069 0.0018135068616873049 0.0022843127772330294 -0.0024911793605805533 -0.0012338156492417451 0.014036579983408948 0.014789712676763381 -0.0026907707740499395 0.013386331791498908 -0.0010879508884477785 0.010578299013225996 0.018398514646082009 -0.00061999212262989938 0.014611821960296065 -0.0007203462653286569 0.0050971991155176919 -0.0010204106223477435 0.010375475829841845 0.00726011751431718 -0.0027847338120886912 -0.001690088761503575 0.015959615307713913 -0.0015195298523950772 -0.0025900685902931504 -0.0003909672751824861 0.015938568089788854 -0.0033559090046126547 -0.00036554624192263661 0.015488331115750953
leaf_weight=60 133 115 704 113 105 278 247 183 87 156 269 92 106 289 60 1540 89 240 238 171 138 173 160 224 378 72 219 131 2514 62
leaf_count=60 133 115 704 113 105 278 247 183 87 156 269 92 106 289 60 1540 89 240 238 171 138 173 160 224 378 72 219 131 2514 62
internal_value=-0.00316651 -0.00339824 -0.000953347 -0.00485707 -0.00249309 -0.000158443 0.00363861 0.00513369 -0.00203883 -0.00686875 -0.00181034 -0.00793716 0.0176023 -0.00790278 -0.00707277 -0.00773134 -0.00243478 0.00220794 0.00972466 0.00538949 -0.00234076 -0.00737892 -0.00497159 0.00233933 -0.0106552 0.00318798 0.0095777 -0.00528889 -0.00191781 0.00335927
internal_weight=9346 9213 3446 5767 3252 2204 1409 1304 510 795 517 361 166 2515 2400 2340 800 423 794 547 309 1048 875 384 491 511 291 220 3280 766
internal_count=9346 9213 3446 5767 3252 2204 1409 1304 510 795 517 361 166 2515 2400 2340 800 423 794 547 309 1048 875 384 491 511 291 220 3280 766
is_linear=0
shrinkage=0.035


Tree=67
num_leaves=31
num_cat=0
split_feature=115 213 242 1 261 41 129 71 224 7 79 13 93 74 153 27 115 217 193 193 272 193 80 274 82 140 215 7 27 215
split_gain=28.0496 29.6155 45.9803 27.5551 25.4654 25.693 24.796 23.0016 23.5637 22.1448 22.6662 26.27 27.3315 35.181 23.5327 21.7188 21.6852 21.5258 31.283 43.0938 37.1914 36.184 28.3004 28.7219 44.007 26.9545 24.7024 24.5852 22.8546 27.6501
threshold=25649.000000000004 11.246606849404262 23.670543149697718 707.50000000000011 615.41000366210949 684.50000000000011 682.50000000000011 33506.500000000007 -0.34146559940184595 21.300815780331877 0.0099834621181693513 51.737520794423482 1782.5000000000002 559.50000000000011 -0.63416730740377447 21136.000000000004 249.00000000000003 49.160266996082647 0.33648634740926853 0.52917264466755864 0.031200014054775242 0.64546238718823423 -10.263975771105619 0.1840033505040862 11285.000000000002 671.50000000000011 -0.039399996399879449 -152.90750763665287 6752.0000000000009 -0.059550002217292779
decision_type=2 2 2 2 2 2 2 2 2 2 2 2 2 2 2 2 2 2 2 2 2 2 2 2 2 2 2 2 2 2
left_child=1 2 3 -1 7 15 -7 17 -9 10 11 -4 16 -14 -12 -6 -13 18 20 -20 22 -21 -3 25 26 -24 -25 -19 -23 -30
right_child=-2 4 9 -5 5 6 -8 8 -10 -11 14 12 13 -15 -16 -17 -18 27 19 21 -22 28 23 24 -26 -27 -28 -29 29 -31
leaf_value=-0.0021696314365152493 0.01131110526987995 -0.0024108290209066208 0.011331450700393937 0.017754566633469138 -0.0025238840249526742 0.0058132999037326105 -0.00050409766726641943 -0.006000114151660383 0.012626254923956496 0.0087291322413537067 -0.0022731456184315775 -0.0026410094918596747 -0.0038651999921271744 0.004384224035214543 -0.00030358025742139585 -7.7390982059319393e-05 0.01356894654366358 0.016377194542351269 -0.00099302529046230051 0.000638133430941266 0.010295661041726649 0.006066010799106623 -0.00085353532665646944 0.00043557212944447864 -0.00069893577522765272 0.013162300488383757 0.014693723916217974 -0.0016538553863387842 0.00022059358111555739 -0.00055790054533442883
leaf_weight=60 133 219 125 106 203 60 61 68 90 73 138 92 140 203 2375 60 134 67 514 360 279 108 1533 124 85 61 136 647 195 897
leaf_count=60 133 219 125 106 203 60 61 68 90 73 138 92 140 203 2375 60 134 67 514 360 279 108 1533 124 85 61 136 647 195 897
internal_value=-0.00324885 -0.00348177 -0.000912779 0.0167836 -0.00501473 -0.0136761 -0.000277778 -0.00438474 0.00858896 -0.00183257 -0.0022774 0.00330472 6.09756e-05 -0.00613506 -0.00382248 -0.0197201 0.00939394 -0.00478489 -0.00388286 -0.00703704 -0.0011896 -0.00411502 -0.00275081 -0.00138632 0.0077 -0.00337086 0.0147925 -0.0104172 -0.00702905 -0.00855059
internal_weight=9346 9213 3446 166 5767 384 121 5383 158 3280 3207 694 569 343 2513 263 226 5225 4511 2074 2437 1560 2158 1939 345 1594 260 714 1200 1092
internal_count=9346 9213 3446 166 5767 384 121 5383 158 3280 3207 694 569 343 2513 263 226 5225 4511 2074 2437 1560 2158 1939 345 1594 260 714 1200 1092
is_linear=0
shrinkage=0.035


Tree=68
num_leaves=31
num_cat=0
split_feature=115 115 71 115 183 20 233 137 115 160 242 270 85 223 30 103 38 38 270 242 113 261 19 126 223 224 163 13 55 115
split_gain=25.927 26.4564 32.6148 31.8182 28.8623 28.111 29.383 25.4925 38.0531 34.9044 31.6116 29.4147 28.9423 48.6927 35.2931 28.0065 27.3288 27.1614 26.8852 28.4007 25.0408 21.6076 21.5999 22.0829 23.0246 26.4681 21.2077 19.6449 19.4181 19.1017
threshold=25649.000000000004 9335.0000000000018 33506.500000000007 9142.0000000000018 0.053096116802824077 50.590232271999774 5632.0100097656259 6506.0000000000009 8277.5000000000018 0.047499999403953559 43.710858901423123 57.69231744819934 622.50000000000011 15.076104704149104 634.50000000000011 4.7163498401641855 13633.000000000002 10877.000000000002 61.319975608381078 20.317750254775511 -1.4205909042370541 528.39001464843761 675.50000000000011 7108.0000000000009 28.883000582527643 -0.99999999999366085 -0.5208864637254661 34.818140449291967 0.34104999899864202 9599.0000000000018
decision_type=2 2 2 2 2 2 2 2 2 2 2 2 2 2 2 2 2 2 2 2 2 2 2 2 2 2 2 2 2 2
left_child=1 3 4 7 -3 29 -7 10 9 -9 12 -10 13 20 -14 -11 17 22 19 -16 -1 -13 23 -12 -25 -26 -18 -21 -19 -6
right_child=-2 2 -4 -5 5 6 -8 8 11 15 16 21 14 -15 18 -17 26 28 -20 27 -22 -23 -24 24 25 -27 -28 -29 -30 -31
leaf_value=0.015674063552009003 0.010915216585434153 -0.0022502945171403144 0.0082780604215461195 0.014619822098750131 -0.0013010710206560012 -0.0038591409283276466 0.011308229794663838 -0.00087074811131172358 -0.00032315293719373863 -0.0012471644008038164 -0.00017741218741244627 -1.7464346466062597e-05 -0.0040917223625111738 -0.0011368556705446662 0.0065528421243457573 0.011601734374317225 0.00084882549278741904 0.017009949606210491 0.020349847547983881 -0.0015023967951088204 -0.0019011789802209269 0.02121514171828897 0.0095009968756129114 -0.0022217709464029747 -0.0025771004876325027 0.015402512271359102 -0.0012899182255367641 0.010580449019622132 -0.00070133825633509651 -0.00039430467306076608
leaf_weight=260 133 299 116 122 143 63 211 984 163 98 1558 60 109 112 95 154 65 137 94 325 60 94 92 504 60 91 322 65 60 2697
leaf_count=260 133 299 116 122 143 63 211 984 163 98 1558 60 109 112 95 154 65 137 94 325 60 94 92 504 60 91 322 65 60 2697
internal_value=-0.00315153 -0.00337546 -0.0057541 -0.00189488 -0.00637946 -0.0053639 0.00526882 -0.00228849 -0.00608793 -0.00885576 -0.000810912 0.00467391 0.00416889 0.0112128 -0.00030303 0.00272374 -0.00274534 -0.00139609 0.00317637 -0.000214286 0.0180923 0.0154088 -0.0024697 -0.00317178 -0.00853788 0.00336538 -0.0113393 -0.00443038 0.0109158 -0.00639719
internal_weight=9346 9213 3529 5684 3413 3114 274 5562 1553 1236 4009 317 1120 432 688 252 2889 2502 579 485 320 154 2305 2213 655 151 387 390 197 2840
internal_count=9346 9213 3529 5684 3413 3114 274 5562 1553 1236 4009 317 1120 432 688 252 2889 2502 579 485 320 154 2305 2213 655 151 387 390 197 2840
is_linear=0
shrinkage=0.035


Tree=69
num_leaves=31
num_cat=0
split_feature=93 213 242 233 1 213 272 38 126 274 60 13 220 121 163 49 115 8 82 115 38 8 224 79 153 8 93 30 148 115
split_gain=26.7121 27.9688 39.1207 26.7897 24.126 20.9878 36.7346 28.8592 35.7896 35.0034 34.7822 26.8973 28.8675 24.8031 46.8813 31.9599 48.1877 23.183 32.7302 28.4434 22.8342 23.2223 20.88 20.8061 22.8777 22.5214 26.531 28.9495 21.6905 21.5137
threshold=34981.000000000007 11.246606849404262 23.670543149697718 6778.1750488281259 707.50000000000011 11.42332893062016 0.038999982178211219 9723.5000000000018 8776.0000000000018 0.17620447925841651 9502.5000000000018 33.180598686391114 21.40536501548166 0.32735000550746923 -0.5031992417937835 9863.0000000000018 8277.5000000000018 -51.194632467528201 11524.000000000002 17096.000000000004 6711.0000000000009 -81.579086080854907 0.27751001503910383 0.0099834621181693513 -0.66643230111287399 -69.083974942373629 1782.5000000000002 560.50000000000011 2739.5000000000005 249.00000000000003
decision_type=2 2 2 2 2 2 2 2 2 2 2 2 2 2 2 2 2 2 2 2 2 2 2 2 2 2 2 2 2 2
left_child=1 2 4 5 -1 6 -3 8 9 -7 11 12 -11 14 -9 16 -16 18 -17 -20 22 -22 -10 25 -25 26 29 -28 -29 -4
right_child=-2 3 23 -5 -6 7 -8 13 20 10 -12 -13 -14 -15 15 17 -18 -19 19 -21 21 -23 -24 24 -26 -27 27 28 -30 -31
leaf_value=-0.0019504840535493244 0.011738114155662775 -0.00077274070571550508 -0.0024583756425774501 -0.0008607292931044736 0.016878755663372092 -0.0014010864934420077 0.005023958914769173 0.021719580869768811 0.015894191250436115 -0.0013471534626079641 0.017094242469027826 -0.00034520486551346265 0.020122932603893546 -0.0017618191121674747 -0.0010240605911461865 0.0093395093019209684 0.018773631985471665 -0.0010114979231914359 -0.0014193846647965087 0.011245968637703488 0.00046272854420409295 0.015644582859918866 -0.0026405234046220716 -0.0027284656228250461 -0.00024612949078336001 0.010799934962591606 -0.0033211390009670848 0.017910716968212819 -0.004552293661818349 0.013136019119477123
leaf_weight=60 75 1505 92 394 106 614 123 68 83 116 111 459 109 148 191 238 140 780 278 77 99 206 76 116 2469 143 180 87 63 140
leaf_count=60 75 1505 92 394 106 614 123 68 83 116 111 459 109 148 191 238 140 780 278 77 99 206 76 116 2469 143 180 87 63 140
internal_value=-0.00309165 -0.0032638 -0.000768564 -0.00474485 0.0155556 -0.00409602 -0.0074158 -0.00266324 0.000428647 -0.00235149 0.00249375 -0.000507983 0.00928261 -0.00567273 -0.00449071 -0.00565243 0.0040625 -0.00800073 -0.00275084 -0.00943056 0.00880597 0.0143387 -0.00192073 -0.00161457 -0.00306757 0.00369718 0.000493827 -0.00585075 0.00541935 0.00945148
internal_weight=9346 9271 3456 5815 166 5421 1628 3793 1873 1409 795 684 225 1920 1772 1704 331 1373 593 355 464 305 159 3290 2585 705 562 330 150 232
internal_count=9346 9271 3456 5815 166 5421 1628 3793 1873 1409 795 684 225 1920 1772 1704 331 1373 593 355 464 305 159 3290 2585 705 562 330 150 232
is_linear=0
shrinkage=0.035


Tree=70
num_leaves=31
num_cat=0
split_feature=193 213 242 126 30 30 211 82 126 79 93 19 153 222 1 148 13 71 71 6 60 261 102 218 19 2 82 60 60 213
split_gain=26.4162 27.9361 37.8963 33.5493 40.9788 44.2153 31.7769 27.441 27.3949 23.508 25.9654 39.0682 24.7104 23.6143 21.998 21.047 42.0646 30.3755 27.8065 23.1795 22.224 20.9114 22.7628 23.6217 20.8749 37.4089 21.8397 28.1158 25.2441 20.7341
threshold=-0.94763260511140979 11.246606849404262 23.670543149697718 10355.000000000002 604.50000000000011 590.50000000000011 -0.099826057668204446 7649.0000000000009 9458.0000000000018 0.0098041479877912559 1593.5000000000002 565.50000000000011 -0.66643230111287399 19.918083359032938 712.50000000000011 4089.5000000000005 82.188041103028453 2857.5000000000005 5472.5000000000009 33.011296448862588 6484.5000000000009 567.55499267578136 -2.9357374559502398 64.385776339426329 675.50000000000011 672.20501708984386 18999.500000000004 15824.500000000002 24054.000000000004 12.15278789443637
decision_type=2 2 2 2 2 2 2 2 2 2 2 2 2 2 2 2 2 2 2 2 2 2 2 2 2 2 2 2 2 2
left_child=-1 2 14 8 5 7 21 -5 24 10 -4 -12 -11 -13 -2 18 20 -18 -14 -20 -17 -6 23 -23 25 26 27 -3 -29 -8
right_child=1 3 9 4 6 -7 29 -9 -10 12 11 13 15 -15 -16 16 17 -19 19 -21 -22 22 -24 -25 -26 -27 -28 28 -30 -31
leaf_value=-0.0022007663264290009 -0.00089249097928743317 -0.0004564804467137568 0.01244418523413961 -0.0028038694868006467 -0.0045865225716500684 0.019315883627439721 0.0056128324727954294 0.014315863941764375 -0.0024774776772870941 -0.0027818925444074642 -0.003414363225431441 0.010424802445619526 -0.00087553817728696086 -0.00053707636823844673 0.016287999215154069 0.01894616754750306 -0.0015127131982140276 0.018993196095565632 -0.00019021050992450191 0.0091375930823309661 -0.00065224237349765244 0.010175236821758906 -0.0015405802779440152 -0.0013333055820409943 -0.00081290395188789893 0.028602169128994034 -0.0017068130562645483 0.020348002704752385 -0.00055405929401776638 -0.0036625744836855387
leaf_weight=231 63 3759 149 77 78 178 332 115 145 73 154 156 525 141 102 210 130 75 1320 88 119 72 108 61 406 94 142 106 63 74
leaf_count=231 63 3759 149 77 78 178 332 115 145 73 154 156 525 141 102 210 130 75 1320 88 119 72 108 61 406 94 142 106 63 74
internal_value=-0.00311411 -0.00281305 -0.000243202 -0.00427343 0.00124091 0.01064 -0.00359589 -0.00106599 -0.00555403 -0.00111288 0.00509091 0.000844298 -0.00258546 0.00822848 0.0158529 -0.00196804 0.00415584 -0.00816667 -0.00366615 -0.00108988 0.0118413 -0.0117747 -0.00640244 0.0032971 -0.00506448 -0.00431518 -0.00482699 -0.00432494 0.00945402 0.00289538
internal_weight=9346 9115 3305 5810 1095 370 725 192 4715 3140 600 451 2540 297 165 2467 534 205 1933 1408 329 319 241 133 4570 4164 4070 3928 169 406
internal_count=9346 9115 3305 5810 1095 370 725 192 4715 3140 600 451 2540 297 165 2467 534 205 1933 1408 329 319 241 133 4570 4164 4070 3928 169 406
is_linear=0
shrinkage=0.035


Tree=71
num_leaves=31
num_cat=0
split_feature=213 13 93 219 104 115 217 104 1 82 49 137 222 137 82 1 79 71 71 13 93 193 111 214 19 193 93 8 148 270
split_gain=25.2548 37.3219 26.2035 22.919 21.1165 29.9897 29.7753 27.6786 47.2325 24.6852 23.8831 22.751 31.0394 27.1067 21.8019 20.7158 19.9271 23.2104 26.8532 31.2754 37.863 26.5243 24.4103 23.1553 23.1766 22.9654 22.7506 21.6051 20.0004 19.0888
threshold=11.246606849404262 24.63411138176453 34981.000000000007 20.7050681128873 5498.5000000000009 23642.500000000004 74.352955512211793 6958.5000000000009 732.50000000000011 11524.000000000002 5654.0000000000009 3146.0000000000005 26.913049464038789 3249.5000000000005 8122.0000000000009 707.50000000000011 0.0099834621181693513 5807.0000000000009 7130.5000000000009 43.280301826537759 4627.0000000000009 0.86476380459552393 17.375571300967184 0.06340001150965692 570.50000000000011 0.49116810947249073 7957.0000000000009 -86.232118553284607 825.50000000000011 47.568567147466716
decision_type=2 2 2 2 2 2 2 2 2 2 2 2 2 2 2 2 2 2 2 2 2 2 2 2 2 2 2 2 2 2
left_child=1 15 4 16 5 9 7 8 -6 10 -2 -9 13 -13 -10 -1 23 -18 22 -20 -21 26 -19 27 -25 -24 -22 -3 -27 -12
right_child=2 3 -4 -5 6 -7 -8 11 14 -11 29 12 -14 -15 -16 -17 17 18 19 20 21 -23 25 24 -26 28 -28 -29 -30 -31
leaf_value=-0.0018509799274000378 -0.0011760651611447291 0.0030693971066100682 0.010651224233254188 0.0090173973459189358 0.0090747209799777826 0.0050596051816259122 -0.0033341861593565204 -0.0013673050912184589 -0.0014964884483967924 -0.0013305429643856155 -0.00016515593679213266 0.01466076992806759 0.012060172568922042 -0.00058963978412572061 0.022628869127108361 0.015717919242623675 -0.0007538177243730116 0.017678988215045367 -0.00051281428177105636 -0.0013124094766486371 0.0087794745186236828 0.012559515676083719 0.019060161575418223 -0.0023612470451492133 0.011994824081651676 0.0070458643683490255 -0.00058928815598703729 0.01214914876716916 -0.0014113787800993031 -0.00062566776834602721
leaf_weight=60 108 350 75 64 239 116 112 813 167 143 836 62 168 1607 70 118 1209 91 357 178 177 99 70 140 60 103 150 144 86 1374
leaf_count=60 108 350 75 64 239 116 112 813 167 143 836 62 168 1607 70 118 1209 91 357 178 177 99 70 140 60 103 150 144 86 1374
internal_value=-0.00322639 -0.000849465 -0.00461917 -0.00170576 -0.00488918 -0.00725213 -0.00300031 -0.00234749 0.00538462 -0.00807583 -0.00717176 -0.00374388 -0.00157709 -0.00303166 -0.0056405 0.0145355 -0.0021311 -0.00357624 -0.000345745 -0.00336957 0.00149425 0.00714617 0.00788732 0.00310443 -0.00682927 0.00225379 0.00221386 0.00715431 -0.00414948 -0.00635214
internal_weight=9346 3456 5890 3278 5815 2577 3238 3126 476 2461 2318 2650 1837 1669 237 178 3214 2520 1311 961 604 426 350 694 200 259 327 494 189 2210
internal_count=9346 3456 5890 3278 5815 2577 3238 3126 476 2461 2318 2650 1837 1669 237 178 3214 2520 1311 961 604 426 350 694 200 259 327 494 189 2210
is_linear=0
shrinkage=0.035


Tree=72
num_leaves=31
num_cat=0
split_feature=240 7 13 193 137 115 115 160 221 71 115 93 71 7 223 246 261 246 5 57 137 219 137 4 27 27 5 122 115 104
split_gain=24.9146 27.1695 24.2868 25.0817 28.4607 25.2233 35.6197 29.9838 29.0608 34.7389 30.8391 27.5327 24.2222 22.6247 21.9411 20.0128 19.9997 19.4045 19.493 46.9081 26.8448 26.4516 19.0393 18.5262 17.4056 23.2018 24.5106 24.9524 24.4964 22.0501
threshold=41.436607237034245 21.300815780331877 14.708602137676396 -0.94763260511140979 6506.0000000000009 8277.5000000000018 9304.0000000000018 0.047499999403953559 16.258800748653531 24700.500000000004 23642.500000000004 8177.0000000000009 21728.500000000004 -32.63128098319546 16.280988505857298 0.093340337983096863 477.88000488281256 0.96598834308523784 34.387244336152129 0.05480479362866552 7970.0000000000009 -9.127706133997922 9198.0000000000018 -1.7532052086107606 886.50000000000011 3353.5000000000005 -41.446287366749516 33.664060805971268 1183.5000000000002 9211.5000000000018
decision_type=2 2 2 2 2 2 2 2 2 2 2 2 2 2 2 2 2 2 2 2 2 2 2 2 2 2 2 2 2 2
left_child=1 2 -1 16 12 7 11 -6 15 10 17 -7 24 -13 -9 -8 -4 18 20 22 -10 -22 -20 -12 -5 28 27 -27 -26 -28
right_child=-2 -3 3 4 5 6 8 14 9 -11 23 13 -14 -15 -16 -17 -18 -19 19 -21 21 -23 -24 -25 25 26 29 -29 -30 -31
leaf_value=-0.00086530005175548743 -0.0031927748011240111 0.010269054070072763 -0.00052857525282588088 -0.0021906659105237476 -0.00089731072937071564 0.02175749791352237 -0.0002087509570310193 0.0098508170827592539 0.013384282716002576 0.0089362363518851254 -1.0992406969559388e-06 0.0048219680817492318 -0.0020554862767827708 -0.00035914342514999033 -0.001129931168164369 -0.0019316885542659866 -0.0045097418815400999 0.00041929203876079837 -0.00099301569392158868 0.018660756897342347 -0.00066161603703730038 0.010399696289977252 -0.00044427884859918722 0.014686375287190764 0.017909452563870325 0.0045902867890607133 0.00057910411184175254 -0.0039272930440477482 -0.00032653649263920226 -0.00071107522558490214
leaf_weight=148 180 81 108 116 946 77 70 151 155 128 90 169 86 119 86 146 118 66 192 91 873 73 765 67 180 64 2619 129 109 1144
leaf_count=148 180 81 108 116 946 77 70 151 155 128 90 169 86 119 86 146 118 66 192 91 873 73 765 67 180 64 2619 129 109 1144
internal_value=-0.00316651 -0.00290808 -0.00309186 -0.00285339 -0.00254991 -0.00459124 -0.00291478 -0.00892677 -0.00429621 -0.00321357 -0.00418174 0.00728378 -0.000589623 0.00215017 0.00216942 -0.0164706 -0.0142424 -0.00525 -0.00583333 -0.00924027 -0.00256329 -0.00478444 -0.0115333 0.0105864 -0.000216445 0.000156471 -0.000547841 -0.0125505 0.00964286 8.35987e-05
internal_weight=9346 9166 9085 8937 8711 4264 3081 1183 2716 2500 2372 365 4447 288 237 216 226 2215 2149 1048 1101 946 957 157 4361 4245 3956 193 289 3763
internal_count=9346 9166 9085 8937 8711 4264 3081 1183 2716 2500 2372 365 4447 288 237 216 226 2215 2149 1048 1101 946 957 157 4361 4245 3956 193 289 3763
is_linear=0
shrinkage=0.035


Tree=73
num_leaves=31
num_cat=0
split_feature=240 7 13 115 137 193 49 49 137 270 36 8 137 193 82 281 38 242 22 113 126 162 13 126 100 170 115 270 4 242
split_gain=24.9442 27.1485 22.7312 20.0553 23.3881 25.7024 24.2309 24.1474 40.2392 27.9842 26.3274 25.4004 23.0124 27.641 41.0161 22.9823 30.2093 22.0871 24.1412 36.9622 22.6996 20.6669 22.3299 20.5944 19.7767 19.4954 19.3974 29.4519 39.5151 23.9748
threshold=41.436607237034245 21.300815780331877 14.708602137676396 25649.000000000004 6506.0000000000009 -0.92368040082499581 19147.000000000004 11900.500000000002 9171.5000000000018 34.50462317922365 -17.652142367660321 -82.177898993948645 10495.000000000002 0.56440660946226806 4039.0000000000005 1.0000000180025095e-35 7341.0000000000009 21.952590501801954 0.12374999746680261 -1.8456311437774158 830.50000000000011 0.35789467886657517 23.384058416270523 462.50000000000006 15.218872652377742 0.02974999696016312 8531.0000000000018 30.767964999663409 3.7215154113290616 43.710858901423123
decision_type=2 2 2 2 2 2 2 2 2 2 2 2 2 2 2 2 2 2 2 2 2 2 2 2 2 2 2 2 2 2
left_child=1 2 -1 4 5 -4 15 8 11 -9 -11 -6 13 -10 -15 26 -17 -14 19 20 -19 22 -12 -13 -18 -20 29 -28 -29 -7
right_child=-2 -3 3 -5 7 6 -8 9 12 10 21 23 17 14 -16 16 24 18 25 -21 -22 -23 -24 -25 -26 -27 27 28 -30 -31
leaf_value=-0.00083501454994404682 -0.0030810276830846709 0.0099096371776202161 -0.0019171663058968357 0.009542588622550037 -5.9204457271176962e-05 0.0041585335687013584 -0.0025610702078417459 -0.00067187902069591754 0.008133141323873435 -0.0014563030707770617 0.016891737171895897 -0.00018505826638139046 0.0061955706359040326 0.00036895848323281028 -0.0012195801014680768 0.012977159124762412 0.011860848477893236 -0.00018500986980308278 -0.00096497532784942228 -0.00097920994570772696 0.022099638245072075 0.0033728504793664534 -0.00016376747972470047 -0.0015788309439619651 -0.0023482823749098876 5.4508694666200458e-05 0.0065375948631805885 -0.0015473333074783268 0.0022407201314198237 -0.00034138303599979799
leaf_weight=148 180 81 340 133 131 908 136 268 172 192 61 77 117 235 135 257 65 111 643 98 81 392 796 502 166 130 63 442 240 2046
leaf_count=148 180 81 340 133 131 908 136 268 172 192 61 77 117 235 135 257 65 111 643 98 81 392 796 502 166 130 63 442 240 2046
internal_value=-0.00315902 -0.00290045 -0.00308416 -0.00285339 -0.00305937 -0.00135711 -0.000622689 -0.00497226 -0.00720968 -0.00177655 0.000169433 -0.0141958 -0.00429647 0.00166362 -0.00373333 -0.000141937 0.0069574 -0.00702954 -0.00861891 0 0.00888325 0.00203748 -0.00101508 -0.0173202 -0.00222458 -0.0118316 -0.00108666 -0.00611333 -0.00825328 0.000189253
internal_weight=9346 9166 9085 8937 8804 4663 4323 4141 2432 1709 1441 710 1722 542 370 4187 488 1180 1063 290 192 1249 857 579 231 773 3699 745 682 2954
internal_count=9346 9166 9085 8937 8804 4663 4323 4141 2432 1709 1441 710 1722 542 370 4187 488 1180 1063 290 192 1249 857 579 231 773 3699 745 682 2954
is_linear=0
shrinkage=0.035


Tree=74
num_leaves=31
num_cat=0
split_feature=240 7 137 193 71 49 274 60 109 153 89 27 193 173 261 269 242 242 125 199 30 74 153 38 261 22 60 91 49 49
split_gain=23.224 25.1376 22.7859 24.2556 23.5603 22.0273 21.5824 22.0103 20.4637 20.1227 30.6447 27.0975 32.8211 23.1382 28.9525 20.885 23.5282 29.1982 22.4126 20.2992 19.5315 27.6455 21.8715 29.7636 21.4922 35.5833 29.7375 33.4963 21.5686 19.4881
threshold=41.436607237034245 21.300815780331877 6506.0000000000009 -0.94155679316392205 21728.500000000004 19716.000000000004 0.11246197274183922 6948.0000000000009 0.68475002050399791 -0.63416730740377447 26.842995596591994 3353.5000000000005 -0.20664381720467664 -0.37083820764894732 569.31500244140636 -1.1605282886983923 68.302235361084698 66.823428893492931 3.03535008430481 14.363711401742071 662.50000000000011 662.75000000000011 -0.12516269513458059 9609.5000000000018 565.44500732421886 0.1212499998509884 9144.5000000000018 -5.1819012524259787 10941.500000000002 12492.500000000002
decision_type=2 2 2 2 2 2 2 2 2 2 2 2 2 2 2 2 2 2 2 2 2 2 2 2 2 2 2 2 2 2
left_child=1 2 3 -1 9 6 7 -4 -9 10 -5 12 -11 14 19 18 17 29 -15 -13 21 22 23 -8 28 -26 27 -27 -24 -17
right_child=-2 -3 5 4 -6 -7 20 8 -10 11 -12 13 -14 15 -16 16 -18 -19 -20 -21 -22 -23 24 -25 25 26 -28 -29 -30 -31
leaf_value=-0.0018851529306555255 -0.0029731917141767056 0.0095627998764035074 -0.0026423060160704693 -0.0026598825374380859 -0.0019715958508353796 0.00042291495017601327 0.01340958767643473 -0.00056150005377823364 -0.0011906632306185113 0.018880549378054633 0.0010958513980957243 -0.0031868276890005334 -0.00060178475730922841 -0.0029591549049965836 0.0088534922747292941 0.0022099311088098791 0.011772830738649204 -0.0035802674974359508 -0.00047605200925122942 -0.0010506868353945505 -0.00046954853475302628 0.010701046043150966 -0.00068720934088797381 -0.00055776797404197916 0.0022635454895183968 0.00030565696877076501 0.023124278069095183 -0.00071726115279906004 -0.00010649439135415607 -0.00096770157293846865
leaf_weight=266 180 81 169 112 86 339 118 430 192 175 73 105 76 68 89 1207 517 74 1186 309 566 104 1093 205 187 103 60 312 507 357
leaf_count=266 180 81 169 112 86 339 118 430 192 175 73 105 76 68 89 1207 517 74 1186 309 566 104 1093 205 187 103 60 312 507 357
internal_value=-0.00322639 -0.00297677 -0.00315347 -0.00145802 -0.000835774 -0.00496697 -0.00568502 -0.0108606 -0.00770335 -0.000466345 -0.0116053 4.19866e-05 0.0110742 -0.000679091 -0.00764764 0.000358817 0.00244676 0.000383445 -0.00322478 -0.0115274 -0.00441258 -0.00315702 -0.00387838 0.00458841 -0.00509484 0.000209895 -0.00488542 -0.00825 -0.00728349 0.00142766
internal_weight=9346 9166 9085 4700 4434 4385 4046 791 622 4348 185 4163 251 3912 503 3409 2155 1638 1254 414 3255 2689 2585 323 2262 662 475 415 1600 1564
internal_count=9346 9166 9085 4700 4434 4385 4046 791 622 4348 185 4163 251 3912 503 3409 2155 1638 1254 414 3255 2689 2585 323 2262 662 475 415 1600 1564
is_linear=0
shrinkage=0.035


Tree=75
num_leaves=31
num_cat=0
split_feature=240 7 115 115 115 203 4 183 4 173 60 213 71 104 66 222 274 137 137 173 274 7 175 240 176 193 36 93 32 135
split_gain=21.7907 23.1911 19.7936 23.3392 28.0112 26.093 26.2337 29.1474 25.9971 25.5338 40.4301 26.743 34.4008 25.6586 27.9518 27.8033 25.419 25.1817 28.8305 25.7084 25.0539 28.0396 24.2253 23.5934 23.4636 23.4064 29.9468 21.5817 21.4582 21.2362
threshold=49.104729152659182 21.300815780331877 25649.000000000004 9335.0000000000018 9142.0000000000018 -0.48072671688104257 -51.570368092302466 0.073841431104765029 5.2694073275486408 0.21506765364388661 8544.5000000000018 11.162473935884295 6437.0000000000009 9347.5000000000018 0.17095000296831134 17.592258377216975 0.82734912798223859 2160.0000000000005 302.00000000000006 -0.9109474128364009 -0.4610630705099627 -76.971403749530921 0.013169003798682561 -11.488208187895863 -1.6239267557480621 0.33648634740926853 -17.388121911179599 4807.5000000000009 0.12425000220537187 -0.72107682054801681
decision_type=2 2 2 2 2 2 2 2 2 2 2 2 2 2 2 2 2 2 2 2 2 2 2 2 2 2 2 2 2 2
left_child=1 2 3 4 8 -5 -7 -8 9 13 11 12 22 14 15 -1 -10 18 19 -16 -20 -22 -11 -12 -15 26 -9 -19 -28 -13
right_child=-2 -3 -4 5 -6 6 7 25 16 10 23 29 -14 24 17 -17 -18 27 20 -21 21 -23 -24 -25 -26 -27 28 -29 -30 -31
leaf_value=0.014654233449819162 -0.0035532902852626908 0.0076608362494683955 0.0091937959975046234 -0.0029667006649863998 0.014549247403852664 0.011705708675079108 -0.0021853323874166191 -0.0042679601648546788 -0.00051456745776785331 0.011888476474887312 -0.001647438389250993 -0.0016227679975430156 0.011387835962273361 0.008007747835313897 0.012094777718831285 -0.000861238252413858 0.00031383729615412474 -0.0024464584977998919 0.021023450908224908 -0.0029300907872243463 -0.0021428158747318874 0.0077773760728530776 -0.0030323609167607407 0.010625841906525183 -0.0013610272719651207 -0.00040623570728055228 0.014804056509371246 -0.0010727493432740021 0.00020307609941512021 0.0032320377611548818
leaf_weight=165 108 88 133 98 119 162 220 68 1101 90 63 472 236 77 73 70 135 173 234 261 219 127 90 272 947 2486 75 458 389 137
leaf_count=165 108 88 133 98 119 162 220 68 1101 90 63 472 236 77 73 70 135 173 234 261 219 127 90 272 947 2486 75 458 389 137
internal_value=-0.00329377 -0.00310505 -0.00328017 -0.00347983 -0.0020592 -0.0057151 -0.00518062 -0.00587111 -0.00243478 -0.00110818 0.00282051 -0.000645631 0.00615202 -0.00301531 -0.000470588 0.0106458 -0.00688155 -0.00219032 0.00152339 -0.00660767 0.00622222 0.00019943 -0.0052973 0.0132794 -0.00741497 -0.00495534 0.0016946 -0.00753931 0.00492537 -0.0053013
internal_weight=9346 9238 9150 9017 5519 3498 3400 3238 5400 4164 1360 1025 416 2804 1780 235 1236 1545 914 334 580 346 180 335 1024 3018 532 631 464 609
internal_count=9346 9238 9150 9017 5519 3498 3400 3238 5400 4164 1360 1025 416 2804 1780 235 1236 1545 914 334 580 346 180 335 1024 3018 532 631 464 609
is_linear=0
shrinkage=0.035


Tree=76
num_leaves=31
num_cat=0
split_feature=213 242 183 137 240 164 1 20 244 214 261 2 214 67 242 270 55 270 82 150 2 146 153 42 93 107 93 104 48 121
split_gain=21.2833 35.3584 23.4165 42.5847 21.6976 20.9433 20.9245 20.7819 23.8148 22.4039 37.6868 43.9758 22.3436 20.8052 26.5899 25.4556 34.6723 32.9715 25.9011 22.0926 22.0499 20.7835 19.9904 40.071 26.0425 34.1434 32.7914 30.1381 29.2095 26.5819
threshold=11.246606849404262 23.670543149697718 0.91774208087129117 11581.500000000002 16.368440745484495 -0.1166666778297319 707.50000000000011 21.834406167353663 0.010350003838539125 0.045899998396635062 533.05499267578136 562.26501464843761 0.038600001484155662 13.364222000549375 40.044552130067906 50.238413981977224 0.21590000391006473 68.816397632164168 15409.500000000002 0.043900001794099815 678.26000976562511 -1.426522366719231 -0.63416730740377447 52.205352698738722 8301.0000000000018 662.75000000000011 5854.5000000000009 3953.5000000000005 3.755100011825562 0.13850000500679019
decision_type=2 2 2 2 2 2 2 2 2 2 2 2 2 2 2 2 2 2 2 2 2 2 2 2 2 2 2 2 2 2
left_child=1 6 4 5 22 -4 -1 -2 12 13 11 -11 -9 14 15 16 18 -17 20 21 -10 -16 23 -3 25 26 -24 29 -28 -26
right_child=7 2 3 -5 -6 -7 -8 8 9 10 -12 -13 -14 -15 19 17 -18 -19 -20 -21 -22 -23 24 -25 27 -27 28 -29 -30 -31
leaf_value=-0.002300531499394499 -0.00064300769360308297 -0.0036228836786746125 -0.00038392316499777037 -0.0028518337150727205 -0.0015181491399924936 0.011803193760626671 0.014589134808881306 0.00027422643693767904 9.7535580833236224e-05 -0.0034320505474471764 -0.00062946637621351061 0.0090102681342475802 -0.00171627657236564 -0.0022467133142141937 -0.0010081235776981557 -0.0010130234791144656 -0.0036791378030250625 0.013367338595964427 -0.0019297810576660559 -0.00066047082805221623 -0.00088756333198764838 0.0064635743212816937 -0.00043198137488617344 0.01167146049867219 6.1381609670508875e-05 0.01298624376515257 -7.6648121241936211e-05 0.0065191642758659039 0.013237525183476926 -0.0011757644269012964
leaf_weight=60 596 105 77 81 531 156 106 1135 702 67 979 348 167 229 77 481 109 71 77 480 74 298 1101 61 143 234 180 110 184 327
leaf_count=60 596 105 77 81 531 156 106 1135 702 67 979 348 167 229 77 481 109 71 77 480 74 298 1101 61 143 234 180 110 184 327
internal_value=-0.00337611 -0.0011933 -0.00199697 0.00702194 -0.00295874 0.0145588 0.0143275 -0.00465479 -0.0039498 -0.00528897 -0.00170122 0.00708333 0.000160673 -0.00720707 -0.00620682 -0.00898618 -0.00550155 -0.0149551 -0.00305944 -0.00126163 -0.00107554 0.00506579 -0.00155714 -0.0130994 -0.00068958 0.00149941 -0.0005 -0.00705983 0.00853659 -0.0109053
internal_weight=9346 3456 3290 314 2976 233 166 5890 5294 3992 1394 415 1302 2598 2369 1514 962 552 853 855 776 375 2445 166 2279 1699 1465 580 364 470
internal_count=9346 3456 3290 314 2976 233 166 5890 5294 3992 1394 415 1302 2598 2369 1514 962 552 853 855 776 375 2445 166 2279 1699 1465 580 364 470
is_linear=0
shrinkage=0.035


Tree=77
num_leaves=31
num_cat=0
split_feature=79 240 7 30 27 82 274 104 60 213 13 160 71 183 104 2 216 148 93 137 30 63 148 153 27 218 55 270 112 38
split_gain=21.0587 20.2802 24.3821 17.4072 23.4887 20.6016 33.6067 31.6617 41.8582 29.3327 43.8421 34.3213 37.1802 28.8197 37.4239 27.6425 28.3511 43.5056 26.893 24.4107 29.1179 44.8576 29.4822 24.5924 24.2191 27.6444 27.3288 24.118 23.9688 23.2572
threshold=0.036363601553210355 41.436607237034245 21.300815780331877 514.50000000000011 886.50000000000011 2221.0000000000005 0.62078451850376748 284.50000000000006 300.00000000000006 11.242971973994186 40.711577814400819 0.055199988186359412 8598.5000000000018 0.79222692552193796 5377.5000000000009 665.72998046875011 55.074689366280673 2280.0000000000005 2410.0000000000005 3146.0000000000005 604.50000000000011 588.50000000000011 3083.5000000000005 -0.15580491068591787 14352.500000000002 47.329694202718123 0.153549998998642 61.060724287139273 0.018348606127171496 10972.000000000002
decision_type=2 2 2 2 2 2 2 2 2 2 2 2 2 2 2 2 2 2 2 2 2 2 2 2 2 2 2 2 2 2
left_child=1 2 3 -1 -5 7 9 8 -6 10 -7 12 15 14 24 16 -12 -18 -19 -16 21 -21 -23 -24 26 -26 -11 -22 -9 -8
right_child=-2 -3 -4 4 5 6 29 28 -10 13 11 -13 -14 -15 19 -17 17 18 -20 20 27 22 23 -25 25 -27 -28 -29 -30 -31
leaf_value=0.011703849920442691 -0.00061275146915838307 -0.0027148531960502881 0.0090405331530339899 -0.0041472502110034932 -0.0034585864413310885 0.0078520708382371577 0.008158854167357581 -0.00060778700926053032 0.0011392359707993599 -0.0010058758372151356 -0.00086586929648968308 -0.0027786425220532492 0.020123003451386387 0.0093044146152197107 -0.0011614095801087789 0.011660393966918267 0.014611013446360772 0.00074935941380974212 -0.003862879202044478 -0.0024049125859878636 -0.00013880913663210401 -0.00025843724510631744 0.0019663682859135368 0.016050024084952791 0.001365870852807476 -0.0040399065103753524 -0.00093769730544699759 -0.0009131793771482978 0.00016778598139259278 -0.00097471914734673689
leaf_weight=97 439 179 73 122 88 346 205 1035 279 175 500 176 107 125 999 126 184 306 153 119 1184 196 116 279 242 61 932 271 168 64
leaf_count=97 439 179 73 122 88 346 205 1035 279 175 500 176 107 125 999 126 184 306 153 119 1184 196 116 279 242 61 932 271 168 64
internal_value=-0.00351085 -0.0031379 -0.00289362 -0.00306755 -0.00323718 -0.00301031 -0.00218018 -0.00662222 0.00235215 -0.00267722 0.000993169 -0.00152858 0.000354815 -0.00415923 -0.00461673 -0.00134615 -0.00307927 0.00178241 -0.00399784 -0.00249606 -0.000403226 0.00538462 0.00933725 0.0147875 -0.00934982 -0.000568182 -0.0117401 -0.0032363 -0.00935844 0.00983577
internal_weight=9346 8907 8728 8655 8558 8436 6866 1570 367 6597 1898 1552 1376 4699 4574 1269 1143 643 459 3164 2165 710 591 395 1410 303 1107 1455 1203 269
internal_count=9346 8907 8728 8655 8558 8436 6866 1570 367 6597 1898 1552 1376 4699 4574 1269 1143 643 459 3164 2165 710 591 395 1410 303 1107 1455 1203 269
is_linear=0
shrinkage=0.035


Tree=78
num_leaves=31
num_cat=0
split_feature=240 6 134 270 272 242 13 71 71 60 137 233 161 261 52 27 19 49 148 231 115 2 270 270 49 20 32 270 55 49
split_gain=19.6045 19.8889 17.5879 19.0642 28.5157 29.2406 37.1857 26.1201 31.0694 27.571 33.9076 21.8862 26.4442 41.1472 25.8435 21.1611 20.7429 20.3815 18.8002 18.52 18.002 28.1415 21.0497 34.9897 30.2846 26.3547 20.9839 24.4113 20.9771 20.3685
threshold=49.104729152659182 35.631164906008543 0.01432835005902105 89.364586463031927 0.03860000520944596 40.044552130067906 40.711577814400819 10134.000000000002 14245.000000000002 4821.0000000000009 6663.5000000000009 6019.2102050781259 0.33882500231266027 505.44999694824224 592.50000000000011 2103.0000000000005 593.50000000000011 10726.500000000002 4473.5000000000009 2.8235254106873113 3104.5000000000005 642.20999145507824 66.549929548819179 50.238413981977224 5851.0000000000009 55.275205729196095 0.1454500034451485 37.399376803625394 0.23200000077486041 7140.5000000000009
decision_type=2 2 2 2 2 2 2 2 2 2 2 2 2 2 2 2 2 2 2 2 2 2 2 2 2 2 2 2 2 2
left_child=1 2 3 4 5 20 -7 9 17 10 -8 12 13 -5 -15 -14 -11 -9 -10 -13 21 -1 23 24 -22 26 27 -26 -28 -25
right_child=-2 -3 -4 11 -6 6 7 8 18 16 -12 19 15 14 -16 -17 -18 -19 -20 -21 22 -23 -24 29 25 -27 28 -29 -30 -31
leaf_value=0.0082201114541695149 -0.003301481489256357 0.0056886644376766262 -0.00042546893561293351 0.022103022149335114 0.0055214895100079067 0.02170713790697967 0.0095134953011238744 0.015681003216845204 -0.0012090222601870639 -5.3823805399285116e-05 -0.00098522819568313299 0.00089735300739538697 0.014080559569259105 -0.0026234572989278066 0.012592084832877723 -0.0012509134339119073 -0.0022041157355808237 0.0074637397378450546 0.0046605619012532419 -0.0025061544322297711 -0.00097263694833717 -0.0062024664465094408 0.011533210697202569 0.002833576238267149 -0.00046297314083398216 -0.0049252332216322544 -0.00097710793103265988 0.0054897659377438511 0.011364867335848822 -0.00093038878398435864
leaf_weight=92 108 155 4112 86 282 126 258 126 93 238 128 82 88 69 60 447 293 108 130 390 77 67 95 70 175 67 463 321 62 478
leaf_count=92 108 155 4112 86 282 126 258 126 93 238 128 82 88 69 60 447 293 108 130 390 77 67 95 70 175 67 463 321 62 478
internal_value=-0.00345845 -0.00327924 -0.00349307 -0.00208903 -0.000848428 -0.00172379 0.00195349 0.000253807 0.00704545 -0.00315076 0.00393862 -0.00587612 -0.00213245 0.00811364 -0.0044403 -0.00628704 -0.00829291 0.0158159 -0.00230263 -0.01174 -0.00452586 0.00661585 -0.00552124 -0.00641735 -0.00296154 -0.00140897 3.41131e-05 0.00516966 -0.00482075 -0.0136709
internal_weight=9346 9238 9083 4971 3749 3467 1500 1374 457 917 386 1222 750 215 129 535 531 234 223 472 1967 159 1808 1713 1165 1088 1021 496 525 548
internal_count=9346 9238 9083 4971 3749 3467 1500 1374 457 917 386 1222 750 215 129 535 531 234 223 472 1967 159 1808 1713 1165 1088 1021 496 525 548
is_linear=0
shrinkage=0.035


Tree=79
num_leaves=31
num_cat=0
split_feature=240 6 82 173 20 13 183 213 193 36 213 242 41 261 274 244 10 30 185 27 115 126 102 115 49 223 104 104 163 93
split_gain=19.851 19.5967 20.9464 27.9161 35.0893 31.4295 26.7348 43.2566 27.7972 26.8023 22.1143 37.9793 21.2039 29.1735 40.6171 27.7497 30.6986 30.9964 36.1504 40.9968 28.0655 26.6926 24.6507 24.5401 24.6601 22.4723 21.6859 21.2232 21.1842 20.7057
threshold=49.104729152659182 35.631164906008543 2221.0000000000005 0.64703898334560705 21.834406167353663 62.667162862944267 0.91774208087129117 11.051778499309034 0.98403627102268409 -7.9695990113508577 11.242971973994186 28.20587910446292 646.50000000000011 568.23498535156261 0.052505276424911644 0.0045000165700912484 37.373887818422013 560.50000000000011 0.010399102082482238 7158.5000000000009 4336.5000000000009 12281.500000000002 -3.0655890766421625 15250.000000000002 8510.5000000000018 17.638556517662117 4888.5000000000009 12098.500000000002 0.10351285028374606 7730.0000000000009
decision_type=2 2 2 2 2 2 2 2 2 2 2 2 2 2 2 2 2 2 2 2 2 2 2 2 2 2 2 2 2 2
left_child=1 2 6 4 -4 -5 -1 8 -8 -9 11 -6 13 15 -15 -12 22 -18 19 -19 -21 25 27 24 -24 -14 -22 -17 -16 -20
right_child=-2 -3 3 5 10 -7 7 9 -10 -11 12 -13 21 14 28 16 17 18 29 20 26 -23 23 -25 -26 -27 -28 -29 -30 -31
leaf_value=-0.00046587651784752939 -0.0031859296371323847 0.0054895611823579443 -0.00074946082272410843 0.0092710874401003042 0.0082774709389531586 -0.0015241500111705308 0.016257674734685559 -6.7639468113887829e-05 -0.00030644313816516225 -0.004906382282048892 0.0018969621570646081 -0.00013980671758722252 -0.00078829534445719611 -0.0010246895530571854 0.020631430069983525 -0.0017493486014837337 -0.0016944849347186816 -0.0013204083991869182 0.013634449137787252 -0.0021520290896792642 0.00016918256829114465 0.0022874212847479665 -0.00024960105865935061 -6.7115560757574635e-05 -0.0034930561339562888 -0.002013121093052391 0.013300868799738779 0.012467244548202519 0.011170470562965639 -0.00050200357210825226
leaf_weight=1119 108 155 487 201 192 60 104 318 89 84 384 1893 926 247 82 385 138 73 168 72 97 201 65 99 288 199 228 103 192 589
leaf_count=1119 108 155 487 201 192 60 104 318 89 84 384 1893 926 247 82 385 138 73 168 72 97 201 65 99 288 199 228 103 192 589
internal_value=-0.00336862 -0.00318836 -0.00340064 -0.00258679 -0.00300155 0.00855263 -0.00688191 -0.000875 0.0125505 -0.00739558 -0.00232946 0.00065311 -0.00369963 -0.00215552 0.00538973 -0.00362472 -0.00507576 -0.00171168 8.52273e-05 0.00766316 0.012102 -0.00741548 -0.00992593 -0.0157768 -0.0200419 -0.00950885 0.0164394 -0.00440162 0.014552 -0.00463911
internal_weight=9346 9238 9083 7369 7108 261 1714 595 193 402 6621 2085 4536 3210 521 2689 2305 1365 1227 470 397 1326 940 452 353 1125 325 488 274 757
internal_count=9346 9238 9083 7369 7108 261 1714 595 193 402 6621 2085 4536 3210 521 2689 2305 1365 1227 470 397 1326 940 452 353 1125 325 488 274 757
is_linear=0
shrinkage=0.035


Tree=80
num_leaves=31
num_cat=0
split_feature=152 228 4 233 71 93 79 93 261 17 261 270 233 261 49 242 11 8 93 93 38 246 274 270 43 5 153 36 212 6
split_gain=17.253 15.7342 16.1764 13.776 22.4193 25.6198 20.2406 24.0418 27.0853 20.01 19.8925 32.5285 19.0038 31.4144 18.8556 18.3761 17.6065 15.0742 17.3289 17.1777 18.0985 17.6666 24.8389 20.003 22.9338 14.8835 14.451 14.1363 13.7111 14.2148
threshold=0.22191570651433754 -18.416924646318385 55.246919605907046 6195.2099609375009 12587.000000000002 8825.0000000000018 0.0098041479877912559 4807.5000000000009 527.69998168945324 2.883661407407923 561.57000732421886 42.987107151759311 6431.9499511718759 569.31500244140636 7161.5000000000009 25.476384308502322 75.754798643316221 -20.727986490501298 2513.0000000000005 6013.5000000000009 9538.5000000000018 0.81958295472607745 0.61541708111458815 43.90045273309984 0.23894999921321872 39.217932760343629 0.13364388306157107 -12.497175904713853 8.8044001482046088 -32.339202773451568
decision_type=2 2 2 2 2 2 2 2 2 2 2 2 2 2 2 2 2 2 2 2 2 2 2 2 2 2 2 2 2 2
left_child=1 -1 -3 4 5 6 -2 -8 9 -9 11 -5 13 -12 -7 -6 26 18 -14 -20 21 22 23 24 -21 -10 -16 -19 -22 -30
right_child=3 2 -4 10 15 14 7 8 25 -11 12 -13 17 -15 16 -17 -18 27 19 20 28 -23 -24 -25 -26 -27 -28 -29 29 -31
leaf_value=-0.0025098577787655788 0.0080952483941701594 -0.00039439646921835106 0.0058223998124747496 0.014361793877292072 -0.00075149220664651965 -0.001597785564574974 -0.000724415913892963 0.00079100074577462742 0.020926811548162408 -0.0010648517510575112 -0.00059489469701493329 -0.0011704266373946178 0.010460640285388113 0.013353961529003184 -0.0011115543582967955 0.012090299880737277 0.00075123137005324693 -0.00056346088428801846 -0.0020841978562428777 -0.0010708111156198326 -0.001958764658602894 -0.00066104218402022964 0.011134586116597662 -0.00086447075433729466 0.0090105460560769013 6.4279644044576309e-05 -0.0024062814069705798 0.0066931744634185246 0.00019240914733240525 -0.0012173648511965079
leaf_weight=215 267 4707 98 98 61 106 458 160 142 115 211 403 109 141 138 262 125 69 134 78 139 69 75 265 120 76 80 108 143 174
leaf_count=215 267 4707 98 98 61 106 458 160 142 115 211 403 109 141 138 262 125 69 134 78 139 69 75 265 120 76 80 108 143 174
internal_value=-0.00327131 -0.00466667 -0.0042422 -0.00164858 0.000491228 -0.00115132 0.00148814 -0.000915272 0.00442771 -0.002875 -0.0034686 -0.00961462 -0.00176902 0.0054902 -0.0082489 0.00885671 -0.00412356 -0.0035047 -0.00480549 -0.00602745 -0.0044897 -0.000514706 0.00167587 -0.00142094 0.00689655 0.0134978 -0.0100448 0.00596154 -0.009718 -0.00554348
internal_weight=9346 5020 4805 4326 1990 1667 1218 951 493 275 2336 501 1835 352 449 323 343 1483 1306 1197 1063 607 538 463 198 218 218 177 456 317
internal_count=9346 5020 4805 4326 1990 1667 1218 951 493 275 2336 501 1835 352 449 323 343 1483 1306 1197 1063 607 538 463 198 218 218 177 456 317
is_linear=0
shrinkage=0.035


Tree=81
num_leaves=31
num_cat=0
split_feature=261 41 233 153 183 170 228 7 60 82 224 197 150 36 6 214 274 27 22 115 52 115 137 13 242 4 153 11 82 242
split_gain=17.3153 33.639 22.8713 33.8012 22.2322 21.0256 17.115 18.4469 20.2372 34.516 19.25 20.4753 16.4523 20.3736 19.7467 18.7066 15.4713 34.4923 34.7118 29.3333 26.5135 25.0281 30.4179 42.2876 29.2536 26.9588 25.9178 22.8494 27.3527 34.4754
threshold=614.34500122070324 684.50000000000011 6744.6599121093759 0.24797673646544868 0.98899009671391858 0.019500005990266803 -20.532726514356778 21.300815780331877 300.00000000000006 246.50000000000003 0.99999999998646694 -0.088430558208963908 0.088049992918968215 -7.5573899629829322 16.0372077942496 0.052699990570545203 0.31372770120125776 4932.5000000000009 0.16229999810457232 8531.0000000000018 601.50000000000011 8277.5000000000018 6128.0000000000009 33.123947584224972 25.890861272644344 -57.286579158793053 0.056332236835231482 78.576505825295953 6958.5000000000009 83.521393376106388
decision_type=2 2 2 2 2 2 2 2 2 2 2 2 2 2 2 2 2 2 2 2 2 2 2 2 2 2 2 2 2 2
left_child=2 4 6 -4 -2 -3 -1 8 -8 -10 11 -11 13 15 -14 -12 19 -18 -19 21 -20 22 23 24 26 -26 -13 28 29 -25
right_child=1 5 3 -5 -6 -7 7 -9 9 10 12 16 14 -15 -16 -17 17 18 20 -21 -22 -23 -24 27 25 -27 -28 -29 -30 -31
leaf_value=-0.0019790543621847354 -0.0020581473980243693 -0.00026193284398012888 0.019409861601194376 -0.00079432288887225702 7.655519419321022e-05 0.0049647725849268874 -0.0019524297780499713 0.0077775901031405083 0.010734193218768801 -0.0010942829926182947 -0.00041259025083728199 0.0082133355686016471 -0.0018288494368626528 0.018674700975897955 0.00015023802427241662 0.00034848561951519532 -0.00085822791868427127 -8.6920412767008129e-05 0.00065518230520921936 -0.0008057922294890797 0.015679730880735956 0.011887596714630662 -0.0013077000325373662 0.0014846030895175834 -0.0016829800677906918 0.013994333677545453 -0.0036475230861039661 0.0008078898755008965 -0.0015404322108655687 -0.0059418536486909191
leaf_weight=248 308 80 141 105 68 88 127 92 68 67 905 96 168 71 61 107 139 1114 309 1632 241 101 438 469 80 239 140 920 644 80
leaf_count=248 308 80 141 105 68 88 127 92 68 67 905 96 168 71 61 107 139 1114 309 1632 241 101 438 469 80 239 140 920 644 80
internal_value=-0.00327131 -0.00930783 -0.00289315 0.00752988 -0.0150656 0.00364162 -0.00319706 -0.00292193 -0.00309938 -0.00287559 -0.00309183 -0.00233021 -0.00696279 -0.00511489 -0.015406 -0.00640118 -0.00212728 0.000638827 0.00205512 -0.00315751 0.00920721 -0.00120953 -0.00177756 -0.000366629 0.0081875 0.0150154 -0.00116183 -0.00262748 -0.00581386 -6.31769e-05
internal_weight=9346 544 8802 246 376 168 8556 8308 8216 8089 8021 6709 1312 1083 229 1012 6642 1803 1664 4839 550 3207 3106 2668 555 319 236 2113 1193 549
internal_count=9346 544 8802 246 376 168 8556 8308 8216 8089 8021 6709 1312 1083 229 1012 6642 1803 1664 4839 550 3207 3106 2668 555 319 236 2113 1193 549
is_linear=0
shrinkage=0.035


Tree=82
num_leaves=31
num_cat=0
split_feature=261 170 261 240 60 82 137 140 9 246 60 13 13 13 132 13 246 110 7 63 261 130 232 223 173 104 60 22 233 104
split_gain=19.9072 30.2058 22.6398 17.5734 18.2681 35.7605 17.7448 17.5068 27.053 17.2961 23.7971 34.2981 27.385 32.1824 21.1619 22.4001 24.1765 20.0925 19.483 23.9354 20.6261 17.8676 17.5939 17.4725 15.6875 27.5379 24.1935 30.9507 29.5135 40.7316
threshold=614.34500122070324 0.034749999642372138 611.98498535156261 49.104729152659182 300.00000000000006 246.50000000000003 112.00000000000001 684.50000000000011 69.057820372788825 -0.35984672014230606 6466.0000000000009 83.58842930447598 64.404216051421841 33.123947584224972 0.17489999532699588 116.96913404868909 -0.71919470791477258 0.28034999966621404 21.300815780331877 550.50000000000011 472.77499389648443 -76.014027488388578 28.149333732518937 25.099017457622896 0.12282725765473952 5377.5000000000009 8253.0000000000018 0.17544999718666079 6447.1198730468759 4149.5000000000009
decision_type=2 2 2 2 2 2 2 2 2 2 2 2 2 2 2 2 2 2 2 2 2 2 2 2 2 2 2 2 2 2
left_child=2 7 3 4 -1 -6 -7 8 -2 10 11 12 13 -8 -12 16 -16 -15 19 22 -21 -13 -11 -18 25 -22 -26 -28 29 -29
right_child=1 -3 -4 -5 5 6 9 -9 -10 18 14 21 -14 17 15 -17 23 -19 -20 20 24 -23 -24 -25 26 -27 27 28 -30 -31
leaf_value=-0.0018336090667221867 -0.0029118533023592729 0.0036594884241283702 0.0055448475382549782 -0.0030749669490348209 0.011314613111536038 -0.0032405828248686023 0.019356786952966124 -0.00013764005075257935 0.00053119223064885873 -0.0023910698355819144 0.010027216816433621 0.014711625665623007 0.020099243550054286 -0.0021438518426697469 -0.0029697136859226517 0.017622054346910353 0.00067971393012437658 0.016934617188885663 0.0096630785604239992 0.019644386121271184 -0.0014605543124143069 -0.001422678748372689 -0.00024767165960251636 -0.0022829189082756336 -0.0002327331147757067 -0.00045967837220153331 -0.0002054189408876428 -0.00030093082031131457 -0.0026182901208042187 0.015618389862500784
leaf_weight=141 227 68 93 108 70 140 60 182 67 182 75 80 149 117 235 63 396 60 71 73 519 145 124 151 3135 1538 674 134 62 207
leaf_count=141 227 68 93 108 70 140 60 182 67 182 75 80 149 117 235 63 396 60 71 73 519 145 124 151 3135 1538 674 134 62 207
internal_value=-0.00321891 -0.00969035 -0.00281367 -0.00300034 -0.00281838 -0.00260484 -0.00281834 -0.0128067 -0.0180268 -0.00260327 0.000751953 0.00607955 0.0123529 0.00477273 -0.0028 -0.00440588 -0.00604828 -0.00288462 -0.00336779 -0.00356681 -0.0030991 -0.00471739 -0.0130547 -0.00196558 -0.00331925 -0.00582202 -0.00209153 0.00242606 0.0100368 0.0140607
internal_weight=9346 544 8802 8709 8601 8460 8390 476 294 8250 1531 611 386 237 920 845 782 177 6719 6648 6342 225 306 547 6269 2057 4212 1077 403 341
internal_count=9346 544 8802 8709 8601 8460 8390 476 294 8250 1531 611 386 237 920 845 782 177 6719 6648 6342 225 306 547 6269 2057 4212 1077 403 341
is_linear=0
shrinkage=0.035


Tree=83
num_leaves=31
num_cat=0
split_feature=261 41 77 240 60 82 30 261 13 153 71 71 11 112 71 71 67 124 223 214 183 120 137 49 72 173 137 11 126 38
split_gain=21.2541 32.1151 19.8043 16.5804 17.4964 34.7149 17.0383 23.285 28.3673 25.3378 17.7694 69.7761 33.125 27.7564 26.5112 20.6033 19.7397 18.0797 18.0161 18.0022 20.2369 22.7259 17.0525 21.7897 19.9018 33.0448 17.9992 23.4379 30.6665 25.5923
threshold=617.13998413085949 684.50000000000011 0.1592499986290932 49.104729152659182 300.00000000000006 246.50000000000003 514.50000000000011 469.24499511718756 79.793612011112955 -0.69900803098010311 6926.0000000000009 6437.0000000000009 55.408548112993913 0.015503892206461091 7184.5000000000009 7277.5000000000009 10.824488626993345 -1.3468673435577256 59.558627142417869 0.062500001862645163 0.073841431104765029 0.63165000081062328 1469.0000000000002 4267.5000000000009 669.50000000000011 0.24104666017173151 5055.0000000000009 80.023112027384641 3068.5000000000005 12457.000000000002
decision_type=2 2 2 2 2 2 2 2 2 2 2 2 2 2 2 2 2 2 2 2 2 2 2 2 2 2 2 2 2 2
left_child=3 -2 -3 4 -1 -6 -7 8 -8 -9 11 12 13 -11 -12 -16 -14 -13 22 20 -18 -22 24 -24 -17 -26 27 29 -29 -25
right_child=1 2 -4 -5 5 6 7 9 -10 10 14 17 16 -15 15 18 19 -19 -20 -21 21 -23 23 26 25 -27 -28 28 -30 -31
leaf_value=-0.0017694327493869117 -0.0012700452814292235 -0.00021652485832666715 0.0067138581699163324 -0.0029673431058186007 0.0099163576934751599 0.011597975883256355 0.00097478160518940996 -0.0026017768268110871 -0.0017416948001826704 0.0069587348269861066 -0.0014367839490928207 0.015033102842344411 -0.00066569296777693255 -0.0023392879025817799 0.028454223088281976 -0.0048170085628838786 -0.00069347066792530454 0.001226920181892373 0.008693160816421075 -0.0017875521439546813 -0.00072576506066291465 0.014495475617780309 -0.00066762881670418418 0.00052631645559923811 -0.002293854753862715 0.0126772198943536 -0.0002992119767804236 -0.0029364411756026823 0.011151628485803259 -0.0015342414341315714
leaf_weight=141 313 77 91 108 75 98 89 115 240 431 188 203 514 123 69 92 523 74 63 168 79 145 88 697 81 87 3784 78 315 197
leaf_count=141 313 77 91 108 75 98 89 115 240 431 188 203 514 123 69 92 523 74 63 168 79 145 88 697 81 87 3784 78 315 197
internal_value=-0.00316651 -0.0102984 0.00202312 -0.00277396 -0.00260043 -0.00239531 -0.00260882 -0.00277995 -0.0118413 -0.00240547 -0.00216454 0.000463576 -0.00184859 0.00538462 -0.00319899 -0.00275288 -0.00466179 0.0167553 -0.002998 -0.00155978 0.000791223 0.00947598 -0.00321995 -0.00277208 -0.0118868 -0.00445087 -0.00246158 0.00111068 0.00817839 -0.00202447
internal_weight=9346 481 168 8865 8757 8616 8541 8443 329 8114 7999 2260 1983 554 5739 5551 1429 277 5482 915 747 224 5419 5159 260 168 5071 1287 393 894
internal_count=9346 481 168 8865 8757 8616 8541 8443 329 8114 7999 2260 1983 554 5739 5551 1429 277 5482 915 747 224 5419 5159 260 168 5071 1287 393 894
is_linear=0
shrinkage=0.035


Tree=84
num_leaves=31
num_cat=0
split_feature=261 140 261 137 153 13 180 136 183 7 17 93 19 137 193 173 233 193 5 163 183 223 269 173 203 93 8 193 77 71
split_gain=18.7703 22.4385 22.1517 18.8084 18.6029 19.6439 16.6883 18.5553 17.8886 17.7798 16.9843 16.4805 28.5604 26.9446 26.3228 23.0777 21.8092 18.9129 28.3772 18.6702 23.763 19.582 29.9279 21.4823 26.0129 29.0519 20.7942 27.0945 27.7514 20.8954
threshold=614.34500122070324 684.50000000000011 611.98498535156261 112.00000000000001 0.083580562241232684 32.648203963719119 0.0067500174045562753 3.6727499961853032 -0.1005203508965606 21.300815780331877 32.610896779278207 2410.0000000000005 668.50000000000011 1545.0000000000002 -0.80127469776509919 -0.82718392034852595 5637.6750488281259 -0.94763260511140979 4.4330621278726667 -0.5031992417937835 -0.46552158737564076 20.5813777620635 5.6750589837861751 -0.024509460773733872 0.77924559142758343 10313.500000000002 -126.90570148726648 1.0000000180025095e-35 0.29110001027584081 6926.0000000000009
decision_type=2 2 2 2 2 2 2 2 2 2 2 2 2 2 2 2 2 2 2 2 2 2 2 2 2 2 2 2 2 2
left_child=2 4 3 -1 -2 -6 9 8 -8 10 11 12 13 15 -13 16 -5 -17 -19 -16 -21 26 23 -23 25 -25 27 28 -22 -28
right_child=1 -3 -4 6 5 -7 7 -9 -10 -11 -12 14 -14 -15 19 17 -18 18 -20 20 21 22 -24 24 -26 -27 29 -29 -30 -31
leaf_value=-0.0029874841749734093 -0.0033729596435000094 -1.0088091506188779e-05 0.0050465172458413173 0.00057315609745742127 -0.0024385592943257455 -1.0376111153695967e-05 0.00043680899336998773 0.0013779182796509772 -0.0013018645787550211 0.008435424934233323 -0.0021195628031212711 -0.0045078464609617543 0.023166837783575357 -0.0017797545599500483 0.0142350026744558 -0.0016568611496290469 -0.0026325325402934692 0.014981465343188487 -2.2544069726587738e-06 -0.0020560203341212042 0.0093027025165597042 -0.0030381145658838469 0.00081048065174666351 -0.00063989506816148874 -0.00050194238300857799 0.0081933353681828015 0.00045547339374444891 0.014053990349035008 -0.0024821346843635324 -0.0002931946096022273
leaf_weight=142 116 215 93 85 72 141 68 90 319 91 213 70 98 133 96 70 80 219 187 232 88 219 133 262 265 104 865 168 64 4348
leaf_count=142 116 215 93 85 72 141 68 90 319 91 213 70 98 133 96 70 80 219 187 232 88 219 133 262 265 104 865 168 64 4348
internal_value=-0.00302428 -0.00930783 -0.00263086 -0.00281558 -0.014985 -0.00850917 -0.00260091 -0.00893154 -0.0122321 -0.00222236 -0.00240067 -0.00212938 0.00239453 8.98588e-05 -0.00270126 0.00308824 -0.00802941 0.00698545 0.00987835 -0.00247335 -0.0026951 -0.00229719 -0.00683704 -0.00925146 -0.00588836 0.000188679 -0.00148519 0.00710769 -0.00356688 -0.00201897
internal_weight=9346 544 8802 8709 329 213 8567 477 387 8090 7999 7786 872 774 6914 641 165 476 406 6844 6748 6516 983 850 631 366 5533 320 152 5213
internal_count=9346 544 8802 8709 329 213 8567 477 387 8090 7999 7786 872 774 6914 641 165 476 406 6844 6748 6516 983 850 631 366 5533 320 152 5213
is_linear=0
shrinkage=0.035


Tree=85
num_leaves=31
num_cat=0
split_feature=254 177 193 93 183 183 137 153 52 222 81 221 140 6 224 141 33 49 68 83 30 261 6 242 30 270 240 148 132 19
split_gain=16.9048 20.5011 20.3692 34.2758 20.2376 20.6754 19.8524 24.8478 17.2186 19.2273 18.6114 18.1683 15.2937 17.2527 18.2331 14.477 13.8337 25.4711 16.8943 16.5191 18.811 42.0563 28.0939 27.858 30.109 22.6932 23.4087 20.9487 18.0865 23.0465
threshold=13.167337808503989 0.033968046022163766 -0.92368040082499581 2112.0000000000005 -0.46552158737564076 -0.59613514936645851 2029.5000000000002 -0.63416730740377447 657.50000000000011 21.720964231053035 5.0559501647949228 83.749931108683214 641.50000000000011 -105.88388283503228 -0.99999999999421718 52.854468897626241 0.13695000112056735 14215.500000000002 0.04396137640239426 3025.0000000000005 590.50000000000011 532.74499511718761 -54.793366403289497 81.894331467798636 555.50000000000011 72.443024626864826 -3.1858974151621751 2311.0000000000005 0.192550003528595 606.50000000000011
decision_type=2 2 2 2 2 2 2 2 2 2 2 2 2 2 2 2 2 2 2 2 2 2 2 2 2 2 2 2 2 2
left_child=1 2 15 6 5 -5 7 -4 9 10 -2 -12 13 14 -9 -1 17 -6 19 20 23 28 27 25 -25 26 -18 -23 -22 -30
right_child=8 -3 3 4 16 -7 -8 12 -10 -11 11 -13 -14 -15 -16 -17 18 -19 -20 -21 21 22 -24 24 -26 -27 -28 -29 29 -31
leaf_value=-0.0045898773466390092 -0.00060298569179906563 -0.00056370425677281085 -0.00084792522332991849 -8.7274480722401859e-05 0.0096599495602076001 -0.0024918231341975986 -0.0032092484069603158 0.00016988051420506746 -0.0019863571003065424 -0.0020557952113438578 -0.00012835677860348812 0.0092097679752277603 0.016361196261040045 -2.2496213697309478e-05 0.020019406841507378 -0.0011972844194335292 -0.0017569321903473691 -0.00028257342098355801 -0.00044873021811429246 -0.0013076026923698938 -0.00028509298742171148 0.014401485477679919 -0.00020564826264354909 -0.0011640596971444724 0.019466796767434635 -0.0013550968057062913 0.0032941988124211611 0.0047237724246831968 0.0030256269020518486 0.014797390571940426
leaf_weight=62 714 1206 96 102 81 131 65 66 332 323 124 91 113 129 92 207 217 68 344 222 122 88 2546 121 140 385 248 286 497 128
leaf_count=62 714 1206 96 102 81 131 65 66 332 323 124 91 113 129 92 207 217 68 344 222 122 88 2546 121 140 385 248 286 497 128
internal_value=-0.00296439 -0.00228917 -0.00151501 -0.00110696 -0.00191764 -0.0119118 0.00711131 0.009501 -0.00625551 -0.00434368 -0.00176124 0.00715909 0.0133086 0.00875 0.016319 -0.0108577 -0.00148327 0.00886364 -0.00177977 -0.00125874 -0.000819569 0.000390795 -0.00150769 -0.00479839 0.00513158 -0.00785965 -0.00260638 0.00738786 0.00777261 0.0101667
internal_weight=9346 7762 6556 6287 5726 233 561 496 1584 1252 929 215 400 287 158 269 5493 149 5344 5000 4778 3667 2920 1111 261 850 465 374 747 625
internal_count=9346 7762 6556 6287 5726 233 561 496 1584 1252 929 215 400 287 158 269 5493 149 5344 5000 4778 3667 2920 1111 261 850 465 374 747 625
is_linear=0
shrinkage=0.035


Tree=86
num_leaves=31
num_cat=0
split_feature=17 213 225 27 57 41 10 38 261 261 132 137 244 213 10 173 22 170 270 111 93 53 54 104 126 193 89 11 79 6
split_gain=15.7019 19.8929 31.2477 21.2226 22.2287 22.3789 22.0184 22.5271 19.858 37.6454 31.9573 42.6401 26.9549 24.3143 24.6346 19.4865 26.1871 25.7938 18.6647 29.6541 30.8835 19.3665 18.5132 16.4956 18.4576 15.6561 21.0501 15.374 31.8237 25.1886
threshold=13.167337808503989 11.246606849404262 0.32367373128455018 4932.5000000000009 0.014652197173278604 667.75000000000011 29.473525708127365 4035.0000000000005 521.35498046875011 533.05499267578136 0.19555000215768817 2965.5000000000005 0.0035999938845634465 11.392265168824197 27.785609156617323 -0.28880855767312136 0.25409999489784246 0.035150002688169486 66.549929548819179 18.761288062639647 8177.0000000000009 -17.620851313798756 0.24954999983310702 221.00000000000003 10355.000000000002 0.89870760544368744 13.156502882775571 21.556320307163059 0.017937563176854143 -53.547215649850379
decision_type=2 2 2 2 2 2 2 2 2 2 2 2 2 2 2 2 2 2 2 2 2 2 2 2 2 2 2 2 2 2
left_child=1 2 3 4 -1 -6 7 -5 12 10 -10 -12 -3 -13 -15 -8 18 -18 21 -20 22 25 -21 -2 -25 -17 -27 28 -11 -29
right_child=23 8 -4 6 5 -7 15 -9 9 27 11 13 -14 14 -16 16 17 -19 19 20 -22 -23 -24 24 -26 26 -28 29 -30 -31
leaf_value=0.0013862501211884207 0.0084518264065096219 0.0011152813533515983 0.011120724008610042 -0.0023660089045622573 -0.00082505401420204132 0.0031758688891206253 -0.0040230390611767954 0.0072210651379444411 -0.00064844581107181506 -0.0046946355246348355 -0.0028225342625779991 -0.00018112423706841062 -0.0013283329480486296 0.0020432011928897867 0.014458966051247574 -0.00099072036982930786 0.014774649574771162 -0.00082902445401043226 0.015078489187382796 -0.0013602518797705466 -0.0015852579818911429 0.00034074142927325695 0.011078482042244441 -0.001078895800783135 0.00059248577561957401 -0.00038657355500329785 0.0061913069383906887 0.0051107607982436533 -0.00078417286041600155 -0.00034124155259215362
leaf_weight=287 65 113 137 92 569 117 106 245 195 167 84 98 495 88 255 229 242 67 130 71 101 80 73 1320 199 85 68 418 382 2768
leaf_count=287 65 113 137 92 569 117 106 245 195 167 84 98 495 88 255 229 242 67 130 71 101 80 73 1320 199 85 68 418 382 2768
internal_value=-0.00303925 -0.00238831 3.88314e-05 -0.000845345 -0.00490286 -0.0083068 0.0016468 0.00951754 -0.00368094 -0.00286435 0.00444138 0.00891509 -0.00959217 0.0132623 0.0176006 -0.000501193 0.000851434 0.00947452 -0.00236936 0.00340789 -0.00378 -0.00704497 0.00657718 -0.00621145 -0.00695866 -0.0103101 -0.00155063 -0.00427674 -0.00966606 -0.00333438
internal_weight=9346 7762 2699 2562 973 686 1589 337 5063 4455 720 525 608 441 343 1252 1146 309 837 375 245 462 144 1584 1519 382 153 3735 549 3186
internal_count=9346 7762 2699 2562 973 686 1589 337 5063 4455 720 525 608 441 343 1252 1146 309 837 375 245 462 144 1584 1519 382 153 3735 549 3186
is_linear=0
shrinkage=0.035


Tree=87
num_leaves=31
num_cat=0
split_feature=71 71 246 60 13 33 163 203 130 246 93 71 274 93 7 93 52 56 160 2 49 232 54 224 175 270 193 54 272 104
split_gain=14.9775 34.3631 20.3566 23.4232 34.716 23.9867 24.3362 22.9173 23.6618 21.0104 18.5194 24.9771 22.7301 40.9522 35.1408 24.5749 21.4298 32.3372 40.1856 28.2038 33.8228 21.155 20.6538 18.8744 19.0806 25.0739 18.0964 17.6513 21.0966 17.5353
threshold=347.00000000000006 811.00000000000011 -0.35984672014230606 6466.0000000000009 83.58842930447598 0.34884999692440039 -0.059118429262139852 -0.81036740701094734 -49.252129474585679 -0.63455483277300451 5854.5000000000009 13277.000000000002 0.1840033505040862 13675.500000000002 -50.816307412857917 12539.500000000002 594.50000000000011 7.8695145394939363 0.035199996083974845 588.98498535156261 7494.5000000000009 12.732128563737179 0.25474999845027929 0.99999999999351885 0.014628279163534957 77.04001818986643 -0.14312081933996151 0.22154999524354937 0.032950013875961311 9238.0000000000018
decision_type=2 2 2 2 2 2 2 2 2 2 2 2 2 2 2 2 2 2 2 2 2 2 2 2 2 2 2 2 2 2
left_child=-1 -2 3 4 29 6 7 8 -5 -8 11 23 27 15 -15 16 19 18 21 20 -14 -18 -20 24 25 26 -4 -12 -29 -3
right_child=1 2 10 5 -6 -7 9 -9 -10 -11 12 -13 13 14 -16 -17 17 -19 22 -21 -22 -23 -24 -25 -26 -27 -28 28 -30 -31
leaf_value=0.0109671642924226 -0.0024288207480891401 0.013003762084621831 -0.0011480961216716375 0.010442691935069592 -0.0007961771237049687 -0.0016197023614127578 -0.0042062594597674407 0.017457938796921486 -0.0047003474503915493 -0.00045759181306503005 -5.138310884140907e-05 -0.0014649943528048436 -0.00081238224340330256 0.012981328162129864 -0.00042014057134135422 0.011305286819257835 0.00073468524981566371 0.0084282717191153031 -0.00023317960306663751 -0.00090177463815491643 0.012137219896087804 -0.00080844882207954942 -0.0012007890312719805 0.0030320390145653743 -0.00089544462866612948 -0.0017799701447925246 0.010336711722729151 -0.0010626156422643431 0.0010415260492792722 0.0028750865812998683
leaf_weight=116 168 221 103 74 207 277 61 223 70 216 755 116 156 63 1029 70 873 272 417 161 185 125 70 87 513 344 148 1845 250 131
leaf_count=116 168 221 103 74 207 277 61 223 70 216 755 116 156 63 1029 70 873 272 417 161 185 125 70 87 513 344 148 1845 250 131
internal_value=-0.00299433 -0.00315322 -0.00285651 0.000895623 0.00651596 -0.0025324 0.00118644 0.00705645 -0.00375839 -0.00657801 -0.00358903 -0.00736702 -0.00279398 -0.00086836 -0.00644485 0.0017545 0.00109761 0.00291998 0.000869128 -0.00524655 0.00050578 0.00488534 -0.00732724 -0.00580417 -0.00704403 -0.00274167 0.00560547 -0.00509982 -0.00675 0.0131373
internal_weight=9346 9230 9062 1480 559 921 644 367 144 277 7582 1311 6271 3421 1092 2329 2259 1757 1485 502 341 998 487 1195 1108 595 251 2850 2095 352
internal_count=9346 9230 9062 1480 559 921 644 367 144 277 7582 1311 6271 3421 1092 2329 2259 1757 1485 502 341 998 487 1195 1108 595 251 2850 2095 352
is_linear=0
shrinkage=0.035


Tree=88
num_leaves=31
num_cat=0
split_feature=109 153 9 11 104 49 17 223 143 216 261 148 148 233 171 213 53 258 38 60 171 274 148 9 93 213 27 270 153 137
split_gain=15.148 25.293 18.1569 33.8827 30.1606 25.4625 27.6505 22.8445 28.7718 23.1497 31.5626 20.7872 23.61 20.4616 26.868 22.5384 19.7836 19.6794 29.705 36.3191 31.1915 27.1826 45.4471 32.2884 31.6969 20.3398 34.1885 19.5989 26.3354 19.6655
threshold=0.72440001368522655 0.41769711615583927 51.471211094922786 101.35876196711345 501.00000000000006 5600.0000000000009 16.566297653283218 51.986540173378742 0.32634998857975012 49.764443838201451 521.35498046875011 2166.0000000000005 2645.0000000000005 6023.3950195312509 0.19282500073313716 11.242971973994186 -21.564923057737492 0.038099981844425208 5613.5000000000009 3545.0000000000005 0.11615000106394292 0.32013490858016375 567.50000000000011 42.968198398115085 8301.0000000000018 11.070318905204655 4437.5000000000009 77.606035278252463 0.57831758663580557 1396.5000000000002
decision_type=2 2 2 2 2 2 2 2 2 2 2 2 2 2 2 2 2 2 2 2 2 2 2 2 2 2 2 2 2 2
left_child=2 -2 11 4 -4 27 7 8 9 10 -7 17 -13 -12 15 -15 -17 18 25 -20 -21 22 -22 -24 -23 26 -1 28 -5 -29
right_child=1 -3 3 5 -6 6 -8 -9 -10 -11 13 12 -14 14 -16 16 -18 -19 19 20 21 24 23 -25 -26 -27 -28 29 -30 -31
leaf_value=-0.0013328170863334949 -0.00081504899816546854 0.00016804220046753138 0.0056867406903916996 -0.00045316889963085922 -0.00067445299354048705 -0.00069162748658766209 -0.0011411541611796017 0.012830927083756457 -0.0015073730005783089 0.0075734057728549572 0.01151207011168601 -0.0014435034383924973 -0.00048251718597593698 0.014679936222092418 -0.0016001843153378846 0.00045115971622071817 -0.00039732514757259203 0.0088453779771790562 0.011447378753054023 -0.0024065266298793288 -0.0012510314904767529 -0.00035198505499470738 5.057748437496707e-05 0.020866763647069419 0.0092164072877706713 -0.00061853049500023714 0.007804903118232751 7.648119455579445e-05 0.013248284167327621 -0.0012688704354244342
leaf_weight=87 365 141 117 199 635 181 450 60 139 316 100 284 3061 96 100 132 82 102 127 76 220 118 648 97 320 392 128 112 87 374
leaf_count=87 365 141 117 199 635 181 450 60 139 316 100 284 3061 96 100 132 82 102 127 76 220 118 648 97 320 392 128 112 87 374
internal_value=-0.00303925 -0.00890411 -0.0026987 -0.00481319 -0.0112814 -0.00279079 -0.000337146 0.00242775 0.00127715 0.00335474 -0.000251437 -0.0015075 -0.00327015 0.00421359 0.000674699 0.00577778 -0.000639269 0.00104095 0.00033138 0.00282433 0.00125 0.00246094 -0.000829897 0.00331333 0.00963883 -0.00623366 0.00238636 -0.00801802 -0.000721649 -0.0122607
internal_weight=9346 506 8840 3180 752 2428 1656 1206 1146 1007 691 5660 3345 510 410 310 214 2315 2213 1606 1479 1403 965 745 438 607 215 772 286 486
internal_count=9346 506 8840 3180 752 2428 1656 1206 1146 1007 691 5660 3345 510 410 310 214 2315 2213 1606 1479 1403 965 745 438 607 215 772 286 486
is_linear=0
shrinkage=0.035


Tree=89
num_leaves=31
num_cat=0
split_feature=261 41 2 11 10 137 137 82 270 213 60 60 104 126 104 46 35 110 242 113 151 11 9 137 19 66 44 163 23 122
split_gain=17.0171 26.3505 21.7109 26.2501 21.2193 19.1144 25.5208 27.5545 22.7292 25.7426 20.3185 36.9542 36.3206 34.8146 28.6418 27.192 19.8148 19.6009 22.2067 50.794 19.3963 22.0401 25.5278 24.5318 18.9531 18.9769 18.2801 18.0463 17.751 16.8556
threshold=614.34500122070324 684.50000000000011 672.20501708984386 68.069937101467858 81.132889162055065 10760.000000000002 10189.000000000002 246.50000000000003 67.835997826791029 11.392265168824197 9144.5000000000018 10233.000000000002 5498.5000000000009 2576.0000000000005 6958.5000000000009 0.020513370958218199 0.050031260211592592 0.17095000296831134 25.476384308502322 -2.1211246284360326 0.12262499891221525 31.957100188053808 33.219412185533848 11414.500000000002 539.50000000000011 0.56749999523162853 0.12995000183582309 0.088668296686526357 6.7842618303608981 13.219024507434517
decision_type=2 2 2 2 2 2 2 2 2 2 2 2 2 2 2 2 2 2 2 2 2 2 2 2 2 2 2 2 2 2
left_child=2 4 5 -4 -2 6 7 -1 9 -8 24 15 13 -13 -14 -12 -17 18 19 -16 -7 -22 23 -23 -9 29 -3 -19 -15 -26
right_child=1 26 3 -5 -6 20 8 10 -10 -11 11 12 14 28 17 16 -18 27 -20 -21 21 22 -24 -25 25 -27 -28 -29 -30 -31
leaf_value=0.0074651633617586225 -0.0016345700300048871 -0.00014711044832240117 0.022349390720183521 -0.00035258479061972553 7.275808370875382e-05 0.00027590376701218806 0.0081375526881475486 0.0095622288867088113 0.014006981888442318 -0.0011697351685238068 -0.0050983116655612514 0.01084061973553503 0.009351615037324781 -0.001928852650735433 0.004493202554730364 0.02468764484378333 0.00059055922796295022 -0.0004920437153593455 0.0033844693154708181 -0.0041706880453014662 -0.0013929808180487599 -0.0016517931151672556 -0.00038569777630944718 0.0011317101761766273 -0.00073938950275444183 -0.0060286227898823704 0.0056291088871661347 -0.0060102159374768758 -0.00061103601476222413 -0.00046238372874065617
leaf_weight=67 299 75 95 159 77 110 61 149 121 120 63 68 141 158 72 167 117 587 242 107 236 124 1064 363 195 72 93 96 75 3973
leaf_count=67 299 75 95 159 77 110 61 149 121 120 63 68 141 158 72 167 117 587 242 107 236 124 1064 363 195 72 93 96 75 3973
internal_value=-0.00306919 -0.00905282 -0.00269445 0.0072973 -0.014147 -0.00299544 -0.00210862 -0.00258341 0.00775244 -0.000188172 -0.00282806 0.000202845 -0.00212121 -0.0129248 0.000532 0.0104403 0.0150173 -0.00138864 0.00451878 -0.00475543 -0.00609096 -0.00697266 -0.00542095 0.00120935 -0.00413405 -0.00456773 0.00242775 -0.00503634 -0.0192647 -0.00424395
internal_weight=9346 544 8802 254 376 8548 6651 6349 302 181 6282 1893 1546 301 1245 347 284 1104 421 179 1897 1787 1551 487 4389 4240 168 683 233 4168
internal_count=9346 544 8802 254 376 8548 6651 6349 302 181 6282 1893 1546 301 1245 347 284 1104 421 179 1897 1787 1551 487 4389 4240 168 683 233 4168
is_linear=0
shrinkage=0.035


Tree=90
num_leaves=31
num_cat=0
split_feature=261 214 2 153 222 137 137 93 82 11 242 56 191 183 200 137 13 13 142 213 150 160 213 270 4 125 270 27 93 140
split_gain=17.7079 24.9077 19.4219 34.1187 22.0435 17.0976 21.1623 30.909 27.5266 19.5463 24.2475 24.6049 24.5554 28.6908 25.5139 23.5769 18.2686 42.9073 26.7008 28.2705 38.8484 33.7862 23.5373 34.7016 37.7704 30.3885 23.3714 20.9928 26.7562 34.0819
threshold=614.34500122070324 0.073650009930133833 672.20501708984386 0.15746299855196089 3.9529760449008675 10760.000000000002 10189.000000000002 13675.500000000002 246.50000000000003 31.957100188053808 24.919517042086202 3.5549822754208811 0.11122499965131284 0.21628646439384649 -0.045900005847215646 11414.500000000002 33.08196797167836 32.363411077839949 0.73704999685287487 11.288412222752251 0.057799980044364936 0.044900003820657737 11.752804190254929 49.216085482722342 -16.032038187539964 5.1705498695373544 46.388186271795654 12329.500000000002 10029.000000000002 609.50000000000011
decision_type=2 2 2 2 2 2 2 2 2 2 2 2 2 2 2 2 2 2 2 2 2 2 2 2 2 2 2 2 2 2
left_child=2 -2 5 -4 -5 6 8 -8 -1 -7 11 -11 -12 -14 -15 -13 17 18 -10 20 -20 22 23 24 -21 -26 -24 28 29 -18
right_child=1 -3 3 4 -6 9 7 -9 16 10 12 15 13 14 -16 -17 27 -19 19 21 -22 -23 26 -25 25 -27 -28 -29 -30 -31
leaf_value=0.0072038826440970708 -0.00062614888031301062 0.0032608707646280912 0.018919686474021664 -0.0014813105903901062 0.0075697236351912438 -0.0011180594778691978 0.0095109814903923985 -0.00040360025710340145 0.0013663756639082851 -0.00083279590990714366 0.013682582372422612 -0.0015060718163929473 0.00038393751589182459 0.00011537160411537628 -0.00063224388529862011 0.0042531228820489398 -0.00026513517513022944 0.026217846459260175 0.0068398212919086199 -0.002624470356622683 -0.00076879056929972801 0.010663251416192884 -0.00025486277378357905 -0.0011113081612632505 0.0053087954246497119 -0.0010316996476684526 0.011915114516505036 -0.0011269111862459498 0.00085922944588660963 -0.001684149732830056
leaf_weight=67 475 69 124 60 70 265 211 91 74 88 78 66 198 187 812 203 2314 114 236 263 100 75 197 211 200 120 66 1045 644 623
leaf_count=67 475 69 124 60 70 265 211 91 74 88 78 66 198 187 812 203 2314 114 236 263 100 75 197 211 200 120 66 1045 644 623
internal_value=-0.00307668 -0.00918033 -0.00269445 0.00675676 -0.0057037 -0.00297907 -0.00214017 0.00684039 -0.0025724 -0.00590694 -0.00444716 0.00357735 -0.00669922 -0.00794925 -0.0103536 0.00881387 -0.00281692 0.000337146 -0.00122172 -0.00228106 0.00656891 -0.00492524 -0.00655838 -0.00954944 -0.00505952 0.00301538 0.00248134 -0.00394515 -0.00266453 -0.00408056
internal_weight=9346 544 8802 254 130 8548 6651 302 6349 1897 1632 357 1275 1197 999 269 6282 1656 1542 1468 336 1132 1057 794 583 320 263 4626 3581 2937
internal_count=9346 544 8802 254 130 8548 6651 302 6349 1897 1632 357 1275 1197 999 269 6282 1656 1542 1468 336 1132 1057 794 583 320 263 4626 3581 2937
is_linear=0
shrinkage=0.035


Tree=91
num_leaves=31
num_cat=0
split_feature=246 274 38 115 64 17 137 93 137 173 183 224 82 216 173 49 213 13 22 13 13 60 9 143 270 242 112 173 243 60
split_gain=17.9945 28.2327 23.3605 20.7748 19.4172 20.8806 19.287 36.3774 30.4288 24.6746 23.6364 21.8523 20.1734 38.3861 24.4732 23.8493 23.3839 25.2566 60.5581 28.3573 24.686 28.9473 27.1806 40.8004 25.2959 22.1054 21.4893 20.8654 21.5024 19.7696
threshold=0.90050826458415889 0.92009938770320143 777.50000000000011 32407.500000000004 4.3129335617886353 16.566297653283218 377.50000000000006 2410.0000000000005 1992.0000000000002 -0.92813874705413391 -0.46552158737564076 -0.91356234591716612 2221.0000000000005 26.481573679112898 0.72632978888792954 8181.0000000000009 11.285422422908338 59.485352714034818 0.25994999706745153 64.689649399034451 40.711577814400819 4821.0000000000009 82.741197545096185 0.23354999721050265 96.219770982369681 68.302235361084698 0.018490010488633673 0.0041615723107373851 4.0984010006683596 10233.000000000002
decision_type=2 2 2 2 2 2 2 2 2 2 2 2 2 2 2 2 2 2 2 2 2 2 2 2 2 2 2 2 2 2
left_child=1 2 -1 4 -4 6 9 8 11 -6 -9 -8 13 15 16 -12 20 -18 19 -19 27 24 -23 -24 25 -22 -15 -14 -29 -21
right_child=-2 -3 3 -5 5 -7 7 10 -10 -11 12 -13 14 26 -16 -17 17 18 -20 29 21 22 23 -25 -26 -27 -28 28 -30 -31
leaf_value=0.0091568844907408218 -0.00030087850222496661 0.015695845777088893 -0.00052213032442692162 0.016810751371315994 0.010923255554991041 -0.0012167371942787264 0.0167671903459275 -0.0020227721238443895 -0.0030137029972889576 -0.0019325635734958482 0.017018572981643932 7.7385506753481224e-05 0.021144884190312453 -0.00089569671457604967 0.012246284646173259 -0.00021117910029655438 -0.00040882644066292053 0.01435687380080186 -0.002374442056756187 0.012187799480529659 0.0010171259146374452 -0.0015854247071531676 -0.0010732854713954288 0.023722031153967503 -0.0013234677432740895 0.01835886387899327 0.00059753206625597522 -0.00019421473739759666 0.0080215506104338221 -0.0020456082936106432
leaf_weight=79 481 62 371 61 60 1077 280 256 91 371 81 183 67 648 88 114 3108 189 215 80 209 312 63 71 113 87 83 206 136 104
leaf_count=79 481 62 371 61 60 1077 280 256 91 371 81 183 67 648 88 114 3108 189 215 80 209 312 63 71 113 87 83 206 136 104
internal_value=-0.00315902 -0.00279763 -0.00296832 -0.00314354 -0.00329084 -0.002936 -0.00225416 -0.00179408 0.00676208 -0.0093922 -0.00255974 0.0103953 -0.00210738 -0.00684211 -0.00123293 0.006825 -0.00156495 -0.00296947 0.00365936 0.0121296 0.00253743 -0.000854651 -0.00698448 0.00604317 0.00583333 0.0111628 -0.0105095 0.00955314 0.00585014 0.00222222
internal_weight=9346 8865 8803 8724 8663 8292 7215 6784 554 431 6230 463 5974 926 5048 195 4960 3696 588 373 1264 855 446 134 409 296 731 409 342 184
internal_count=9346 8865 8803 8724 8663 8292 7215 6784 554 431 6230 463 5974 926 5048 195 4960 3696 588 373 1264 855 446 134 409 296 731 409 342 184
is_linear=0
shrinkage=0.035


Tree=92
num_leaves=31
num_cat=0
split_feature=82 6 47 274 85 60 13 13 148 113 115 183 115 183 22 175 148 242 115 215 215 75 183 82 60 11 195 168 221 268
split_gain=16.4835 35.4604 23.7313 31.8287 56.869 27.9159 32.6943 33.4126 30.2529 24.6749 23.844 38.9999 23.8351 23.2464 45.8161 31.5882 31.47 31.2514 26.3994 23.0665 38.1912 23.7062 21.1024 21.0035 21.8425 21.8765 32.7154 20.7115 19.8041 21.6958
threshold=2221.0000000000005 30.792619063504109 -9.8253943622669766 0.31372770120125776 665.50000000000011 4821.0000000000009 116.96913404868909 99.242202000845495 7641.0000000000009 -2.7075139155776289 15115.000000000002 0.30819496130870355 249.00000000000003 0.91553021834698789 0.3278499990701676 0.021387101432409451 335.00000000000006 36.293108340270216 11890.500000000002 -0.071299992501735673 -0.032699998468160622 -27.033779016409905 -0.64842352096581168 10211.000000000002 9280.0000000000018 101.35876196711345 0.011261686238515823 0.029399998486042026 16.258800748653531 22.472205072625599
decision_type=2 2 2 2 2 2 2 2 2 2 2 2 2 2 2 2 2 2 2 2 2 2 2 2 2 2 2 2 2 2
left_child=1 13 9 5 28 12 7 8 10 -2 23 -12 -4 16 15 -15 -1 -17 -19 21 -21 -10 -22 24 25 27 -27 -7 -5 -30
right_child=2 -3 3 4 -6 6 -8 -9 19 -11 11 -13 -14 14 -16 17 -18 18 -20 20 22 -23 -24 -25 -26 26 -28 -29 29 -31
leaf_value=-0.00090891474960898451 -0.00051135508808092733 0.0071749212095417883 -0.0070211043446473066 -0.00055827757949606456 -0.00074870269557904658 -0.0018662606737560757 0.015581035421358941 -0.0023216135964618159 -0.0004313278666693582 -0.00079992133981032787 0.014357470578144767 -0.00096816078850813598 0.0055601266873484094 -0.0015528405552053277 0.012028168119648842 -0.00026799026055652293 -0.00026695225615443131 -0.00054487729599893655 0.017677954961803924 -0.0013116790226015186 -0.00042729488539229371 0.02365068035319955 0.012711580118864427 -0.0012666105666147055 0.00017699108862112429 0.0025680175880528969 -0.00080120960498346945 -0.00017281013389665756 0.0055789453451750787 -0.00085475687920739517
leaf_weight=386 1578 138 73 120 185 626 69 139 60 521 133 120 559 203 63 160 703 76 103 529 71 72 158 557 591 155 108 251 753 86
leaf_count=386 1578 138 73 120 185 626 69 139 60 521 133 120 559 203 63 160 703 76 103 529 71 72 158 557 591 155 108 251 753 86
internal_value=-0.00304673 -0.00602069 -0.00231813 -0.00109133 0.00408181 -0.00248012 -0.00365944 -0.00413147 -0.00343277 -0.00547291 -0.0053751 0.00474806 0.00428571 -0.00741613 -0.00189344 -0.0052468 -0.0104616 0.00132267 0.0112228 0.00211173 -0.000275229 0.0153285 0.0115171 -0.0065024 -0.00457661 -0.00739738 0.00143657 -0.0100397 0.00751556 0.00941351
internal_weight=9346 1832 7514 5415 1144 4271 3639 3570 3431 2099 2541 253 632 1694 605 542 1089 339 179 890 758 132 229 2288 1731 1140 263 877 959 839
internal_count=9346 1832 7514 5415 1144 4271 3639 3570 3431 2099 2541 253 632 1694 605 542 1089 339 179 890 758 132 229 2288 1731 1140 263 877 959 839
is_linear=0
shrinkage=0.035


Tree=93
num_leaves=31
num_cat=0
split_feature=137 115 115 214 271 93 93 261 233 132 115 88 270 104 153 190 246 288 183 148 213 4 11 184 193 27 193 200 173 82
split_gain=16.3611 27.2038 50.6993 29.624 22.2572 26.8411 21.0798 20.0464 30.5396 37.1223 22.8857 22.6556 23.4275 19.1747 18.9082 41.2142 18.3082 19.2131 30.5873 19.1768 17.2429 17.1362 17.5008 19.6455 20.0143 21.5545 20.8571 19.4388 19.1905 23.4163
threshold=6506.0000000000009 8277.5000000000018 9304.0000000000018 0.055350005626678474 6.6454201116320233 8443.0000000000018 8319.5000000000018 533.05499267578136 6019.2102050781259 0.19555000215768817 25649.000000000004 0.18464999645948413 59.476490325497615 5377.5000000000009 -0.66643230111287399 -1.0000000180025095e-35 0.96598834308523784 1.0000000180025095e-35 0.073841431104765029 889.00000000000011 11.349087991798672 52.073603591268217 213.89106124582528 -0.13398691447975 -0.94155679316392205 3353.5000000000005 -0.20664381720467664 -0.039600007236003869 -0.37083820764894732 2337.5000000000005
decision_type=2 2 2 2 2 2 2 2 2 2 2 2 2 2 2 2 2 2 2 2 2 2 2 2 2 2 2 2 2 2
left_child=14 3 6 13 5 -5 -3 8 11 -10 16 -4 -13 -2 15 -1 17 -9 -19 -20 -15 22 23 -16 -25 26 -26 -24 -27 -30
right_child=1 2 7 4 -6 -7 -8 10 9 -11 -12 12 -14 20 21 -17 -18 18 19 -21 -22 -23 27 24 25 28 -28 -29 29 -31
leaf_value=-0.0027277163960089303 -0.00098104037566221582 0.018202168991498284 0.012542221125018384 0.01214681291039508 -0.0015441070660185264 -0.00073076716493166002 0.00034501846086502089 -0.00042182946179503556 -0.00020336552192839921 0.018460179694545158 0.010675921855944877 -0.0022443294842018971 0.00033324442407996565 0.0005613181678125953 -0.00094068018255322845 0.0140752126756709 0.00067983543445532865 -0.0033045816966806212 -0.0010570404095285367 0.0092532337251763179 -0.00078466085899317982 0.0078231095376870546 -0.0025004480409636428 -0.0029392137984068718 0.013944082040771249 -0.00098724597605642913 -0.00053054135587777456 0.00029976322277620762 -0.00070855304897522297 0.0003923663050180282
leaf_weight=190 664 89 66 70 98 81 295 1674 151 133 83 153 122 68 718 69 66 65 96 240 255 129 105 160 182 405 70 67 265 2517
leaf_count=190 664 89 66 70 98 81 295 1674 151 133 83 153 122 68 718 69 66 65 96 240 255 129 105 160 182 405 70 67 265 2517
internal_value=-0.00303176 -0.0045608 -0.00286442 -0.00896857 0.00179134 0.0100962 0.00899743 -0.00447617 0.00105556 0.00944637 -0.00602961 -0.00596821 -0.010375 -0.0116784 -0.00162741 -0.0107386 -0.00673579 -0.00731971 -0.000431034 0.00390029 -0.00458841 -0.00110534 -0.00147196 -0.00102846 2.91343e-05 0.000599593 0.0103502 -0.0122599 -0.000186404 0.000853965
internal_weight=9346 4469 3233 1236 249 151 384 2849 625 284 2224 341 275 987 4877 259 2141 2075 401 336 323 4618 4489 4317 3599 3439 252 172 3187 2782
internal_count=9346 4469 3233 1236 249 151 384 2849 625 284 2224 341 275 987 4877 259 2141 2075 401 336 323 4618 4489 4317 3599 3439 252 172 3187 2782
is_linear=0
shrinkage=0.035


Tree=94
num_leaves=31
num_cat=0
split_feature=137 49 49 164 49 137 273 256 270 261 189 66 2 27 6 11 8 203 9 82 232 148 87 38 115 104 148 137 8 270
split_gain=18.4191 29.2225 22.1295 27.0121 19.7621 41.8889 22.4994 20.0739 21.9118 19.9413 19.4473 17.5217 23.0168 16.7477 16.56 16.6932 17.2956 18.8344 27.6365 22.0349 22.5799 20.9407 18.3085 20.4724 23.09 24.0463 24.6013 25.1299 22.1685 21.763
threshold=6506.0000000000009 5695.0000000000009 6862.0000000000009 -0.081395357897587992 11900.500000000002 7657.5000000000009 0.05047643686126628 49.355143253906725 51.786055262930951 522.20001220703136 17.103839455436674 0.18950000405311587 609.60998535156261 11029.500000000002 28.110531706846007 213.89106124582528 -11.286507480619431 0.70936448432397314 55.502603761522984 2337.5000000000005 25.309920380834907 335.00000000000006 0.46254999935626989 12823.500000000002 12185.000000000002 9022.0000000000018 3493.0000000000005 3081.0000000000005 -90.213420309742574 146.99191822637354
decision_type=2 2 2 2 2 2 2 2 2 2 2 2 2 2 2 2 2 2 2 2 2 2 2 2 2 2 2 2 2 2
left_child=14 -2 3 10 5 -4 -6 8 11 -9 -3 12 -7 -8 15 16 17 19 21 20 -1 -19 -21 24 25 29 -27 28 -28 -24
right_child=1 2 4 -5 6 7 13 9 -10 -11 -12 -13 -14 -15 -16 -17 -18 18 -20 22 -22 -23 23 -25 -26 26 27 -29 -30 -31
leaf_value=-0.0015821367739854303 -0.00077059579978803062 0.0031937633814155719 -0.0019030410374684973 0.0098242984134338743 -0.00034495935205552502 0.017621630411804222 0.0042303223070584445 -0.0017099092521204355 -0.00056136870451390828 0.0070091436579545023 -0.0021360905387520419 -0.0013825135625429559 -0.00015316495284197929 -5.8647412647676875e-05 0.0058441148093121538 -0.0014923638269810032 -0.0013554403157983726 0.0016538998449318225 -0.00044954739254383485 -0.00095505864169960638 0.00015966904824377961 0.016001564399374977 0.001753721373790118 -0.00076449745314553373 0.012658151507881105 -0.0045220473519062519 -0.0019447482286067163 0.0058222681599056966 0.0023519090729749855 -0.0043464184822630614
leaf_weight=108 410 104 234 149 1089 97 222 72 455 204 92 223 534 584 149 193 60 140 203 734 73 122 1649 474 120 106 292 196 157 101
leaf_count=108 410 104 234 149 1089 97 222 72 455 204 92 223 534 584 149 193 60 140 203 734 73 122 1649 474 120 106 292 196 157 101
internal_value=-0.00301679 -0.00463903 -0.00372908 0.0047 -0.00451734 -0.00711897 -0.00200789 -0.00504088 -0.00684551 0.00348754 -0.00383085 -0.00350407 -0.000495283 0.00241677 -0.00152704 -0.00189309 -0.00145705 -0.00119531 0.00543617 -0.00197011 -0.0137366 0.0128464 -0.00139671 -0.000214516 0.000999619 0.000265363 -0.0049537 -0.00231538 -0.00686123 0.00251282
internal_weight=9346 4469 4059 345 3714 1819 1895 1585 1309 276 196 854 631 806 4877 4728 4535 4475 465 4010 181 262 3829 3095 2621 2501 751 645 449 1750
internal_count=9346 4469 4059 345 3714 1819 1895 1585 1309 276 196 854 631 806 4877 4728 4535 4475 465 4010 181 262 3829 3095 2621 2501 751 645 449 1750
is_linear=0
shrinkage=0.035


Tree=95
num_leaves=31
num_cat=0
split_feature=71 173 246 115 60 104 80 243 200 8 124 222 7 5 148 168 93 146 71 93 203 115 215 4 214 52 145 138 270 124
split_gain=15.2511 32.7767 17.3312 24.5951 23.2484 25.6653 23.0098 18.2789 17.9166 18.5896 16.9121 16.5262 15.6402 15.7891 23.3073 36.5981 25.2106 22.4404 29.7353 22.0666 21.9861 31.6092 21.834 23.6832 23.9959 22.4495 22.0126 20.1262 19.533 19.0655
threshold=347.00000000000006 -0.85198808444097152 -0.35984672014230606 249.00000000000003 6466.0000000000009 9022.0000000000018 -6.1555797015973068 6.3327037346677484 -0.036700002849102013 -52.121194277313386 -3.2323251649295748 14.683838882140863 21.300815780331877 35.094525834556521 2166.0000000000005 0.039250001311302192 14125.000000000002 -0.68522893436938082 6945.5000000000009 3161.0000000000005 0.91967873050478965 12600.500000000002 -0.054699998348951333 -21.655263053459567 0.036599997431039817 622.50000000000011 0.016000005933973528 14.500000000000002 37.80661213757196 -1.7504590101809592
decision_type=2 2 2 2 2 2 2 2 2 2 2 2 2 2 2 2 2 2 2 2 2 2 2 2 2 2 2 2 2 2
left_child=-1 -2 3 -3 5 6 11 -7 -6 10 -10 -5 13 14 16 -16 17 19 -19 -4 22 -22 -21 25 -25 26 -24 -17 -18 -30
right_child=1 2 12 4 8 7 -8 -9 9 -11 -12 -13 -14 -15 15 27 28 18 -20 20 21 -23 23 24 -26 -27 -28 -29 29 -31
leaf_value=0.0099857152486465973 -0.0015994016570579765 -0.0042455808452597915 -0.0051223834248962444 0.0068291623734301199 -0.0023189801605535574 -0.0017783303306683014 0.013635322095972301 0.0090806838243827279 -0.0017698502656153302 -0.0018237645641805656 0.0076988209485559728 -0.0019199723889572508 0.0066418153466925841 -0.00034380494886644789 -0.0011027326243642573 -0.0011920778760581858 -0.00097057953218393034 0.012885064571323324 -0.00080263675376056451 0.0086926422652630984 -0.0019725595744132848 0.00078241166199310215 0.00036667165417084456 0.011908594097295768 -0.0017726094260536564 0.0072504381398411869 -0.0024600877674156203 0.001368866761852384 -0.0011824563453062603 0.0038145272262193105
leaf_weight=116 134 122 61 80 341 107 204 83 64 65 381 63 97 3382 1621 89 230 65 333 223 142 87 90 216 60 95 85 366 168 176
leaf_count=116 134 122 61 80 341 107 204 83 64 65 381 63 97 3382 1621 89 230 65 333 223 142 87 90 216 60 95 85 366 168 176
internal_value=-0.00310662 -0.00326692 -0.00300736 0.000415842 0.00175879 0.0074262 0.0130256 -0.00287179 -0.00183995 0.00231068 0.0049 0.00212838 -0.00368858 -0.00387176 -0.0024088 -0.00501201 0.000257859 0.0027052 -0.00434243 0.00536184 0.00663011 -0.00284188 0.0094509 0.00558984 0.0127046 -0.00178182 -0.00913889 0.00372826 -0.00592401 -0.000601719
internal_weight=9346 9230 9096 1510 1388 537 347 190 851 510 445 143 7586 7489 4107 2076 2031 1457 398 1059 998 229 769 546 276 270 175 455 574 344
internal_count=9346 9230 9096 1510 1388 537 347 190 851 510 445 143 7586 7489 4107 2076 2031 1457 398 1059 998 229 769 546 276 270 175 455 574 344
is_linear=0
shrinkage=0.035


Tree=96
num_leaves=31
num_cat=0
split_feature=137 115 115 160 92 246 5 5 203 100 11 5 44 41 137 225 153 82 175 270 213 49 148 173 270 22 271 104 213 55
split_gain=16.183 25.9766 44.8373 25.084 22.4995 17.181 44.8431 23.6569 18.2997 27.858 17.1491 26.3169 22.2959 22.1849 27.682 23.7714 23.4664 20.2844 29.2431 45.4153 17.957 35.8249 39.2989 17.7092 17.1013 23.0423 17.0903 16.8683 16.5997 16.5984
threshold=6506.0000000000009 8277.5000000000018 9304.0000000000018 0.047499999403953559 4.5473499298095712 0.41124294276996198 45.816870936662092 56.911150220294608 0.8908748003100514 13.804599439031239 31.957100188053808 35.094525834556521 0.14460000395774844 602.50000000000011 12398.500000000002 0.090910418356339118 0.011059772685718811 1608.5000000000002 0.025326574033351104 56.896927048292078 11.568752715416251 17351.500000000004 2231.0000000000005 0.50187905284793544 41.131633152696388 0.19600000232458117 6.7188794582909983 5377.5000000000009 11.17696306662358 0.16025000065565112
decision_type=2 2 2 2 2 2 2 2 2 2 2 2 2 2 2 2 2 2 2 2 2 2 2 2 2 2 2 2 2 2
left_child=5 3 24 27 -5 -1 -7 -8 9 -9 -4 12 29 16 15 -15 -14 18 -13 -20 23 22 -22 -19 -3 -26 -6 -2 -11 -12
right_child=1 2 10 4 26 6 7 8 -10 28 11 17 13 14 -16 -17 -18 20 19 -21 21 -23 -24 -25 25 -27 -28 -29 -30 -31
leaf_value=-0.00047518591932325943 -0.00093534757081674923 -0.0003682665360387916 -0.0011715762110373769 -0.0011163485286984458 0.012008399486744455 0.0095485074879944065 -0.0020513496511568494 0.011737080815937098 -0.0016905308392669959 -0.00078877149285555125 -1.5962156310337928e-05 -0.00054216715565108379 -0.0044156770329381607 0.016170681439448904 0.014999894763242653 -0.00062845217998080548 0.014270660124793045 -0.00051489018057613136 -0.00022292288442040401 0.021518548253855165 0.023823860945464164 -0.00087212102440648953 -0.00052158266821888846 -0.00083486407552390294 0.0073515300287160064 -0.00023431887585686763 -0.0013100545302143147 -0.00039170585034276566 0.0082209634951102839 -0.00073417909584569787
leaf_weight=4125 660 75 418 80 101 266 92 101 68 158 499 250 68 100 114 162 81 251 99 76 110 120 85 221 227 82 71 324 67 195
leaf_count=4125 660 75 418 80 101 266 92 101 68 158 499 250 68 100 114 162 81 251 99 76 110 120 85 221 227 82 71 324 67 195
internal_value=-0.00319645 -0.00471726 -0.00305899 -0.00902498 0.000817121 -0.00179947 0.00305152 -0.00327902 0.000526316 0.00401813 -0.00457428 -0.00343391 0.000200163 0.00561321 0.010105 0.00367041 -0.00568182 -0.00707477 -0.000895349 0.00991667 -0.0103851 -0.00382813 0.005425 -0.0146751 0.00809769 0.0117038 0.0079096 -0.0115369 -0.0028913 -0.00390558
internal_weight=9346 4469 3233 1236 252 4877 752 486 394 326 2849 2431 1219 525 376 262 149 1212 425 175 787 315 195 472 384 309 172 984 225 694
internal_count=9346 4469 3233 1236 252 4877 752 486 394 326 2849 2431 1219 525 376 262 149 1212 425 175 787 315 195 472 384 309 172 984 225 694
is_linear=0
shrinkage=0.035


Tree=97
num_leaves=31
num_cat=0
split_feature=261 140 2 11 137 261 4 183 221 4 242 191 25 30 11 27 214 141 70 183 261 261 27 261 99 218 203 161 54 60
split_gain=15.6343 25.5642 18.8661 19.3467 18.3968 25.0697 20.8611 19.1564 18.817 26.5922 19.8935 34.4325 24.4196 30.3016 25.0523 22.987 22.7537 17.5087 17.4326 21.0187 18.6873 26.0051 26.7215 22.815 42.6389 17.6811 31.2259 50.7059 20.0981 23.607
threshold=614.34500122070324 684.50000000000011 672.20501708984386 68.069937101467858 10956.500000000002 528.72497558593761 14.613923466201028 0.95347323871891787 21.492534654853475 -21.655263053459567 24.919517042086202 0.15780000016093257 -8.8966665809606393 655.50000000000011 79.523735309591146 11519.500000000002 0.03510000184178353 13.809772604975736 3.1561501026153569 -0.073251821168923884 448.03500366210943 469.24499511718756 886.50000000000011 486.25999450683599 0.31694999337196356 4.5667984040076357 0.88067362285883954 0.22187500074505809 0.26954999566078192 4691.5000000000009
decision_type=2 2 2 2 2 2 2 2 2 2 2 2 2 2 2 2 2 2 2 2 2 2 2 2 2 2 2 2 2 2
left_child=2 -2 4 -4 7 6 -6 17 -7 -10 11 -11 13 14 15 -12 -16 -1 19 -19 -20 -22 -23 24 -24 28 -27 -28 29 -25
right_child=1 -3 3 -5 5 8 -8 -9 9 10 12 -13 -14 -15 16 -17 -18 18 20 -21 21 22 23 25 -26 26 27 -29 -30 -31
leaf_value=0.0007551630534502607 -0.0012688761705910135 1.2305484115119893e-05 0.02057291245532639 -0.00030258681833581939 -0.0032111942212619681 -0.0011517921042922985 -0.00029806552188683391 0.0051685237254119418 0.013615635436949792 -0.00030078655541371571 -0.00046805860323214656 0.014392869303864493 -0.0008331763187222447 -0.00067597031547594953 0.019337049336904177 0.00049318967530173011 -2.9616686425391617e-05 -0.0001276007324350559 0.011022747605153963 -0.0014202330112054573 -0.0016660306088077791 -0.0049645921610840449 0.023989288549162862 -0.00037889978723636646 -4.184204880371176e-05 -0.00036732237590520584 0.0071704846838331962 -0.0021901774483951198 -0.00057800230482611074 0.00026807963050744514
leaf_weight=92 329 215 95 159 144 209 100 102 88 267 133 103 301 137 97 107 103 239 111 348 226 86 127 215 380 4010 325 104 161 233
leaf_count=92 329 215 95 159 144 209 100 102 88 267 133 103 301 137 97 107 103 239 111 348 226 86 127 215 380 4010 325 104 161 233
internal_value=-0.00318896 -0.00892532 -0.00282957 0.00648649 -0.00311002 -0.00626254 -0.0165863 -0.00227158 -0.00458387 -0.00302759 -0.00435754 0.00242667 -0.00721404 -0.00294674 0.00157303 -0.006 0.0105854 -0.002506 -0.00272222 -0.00845439 -0.00215277 -0.00242592 -0.00195271 -0.00164299 0.00540039 -0.00235504 -0.00158303 0.00733871 -0.00792345 -0.00401766
internal_weight=9346 544 8802 254 8548 1789 244 6759 1545 1336 1248 370 878 577 440 240 200 6657 6565 587 5978 5867 5641 5555 507 5048 4439 429 609 448
internal_count=9346 544 8802 254 8548 1789 244 6759 1545 1336 1248 370 878 577 440 240 200 6657 6565 587 5978 5867 5641 5555 507 5048 4439 429 609 448
is_linear=0
shrinkage=0.035


Tree=98
num_leaves=31
num_cat=0
split_feature=137 93 19 261 19 145 115 203 121 132 152 270 71 153 200 130 102 153 173 89 153 200 92 97 6 270 2 101 27 148
split_gain=17.9527 22.6792 19.6887 16.8861 27.0326 23.2646 20.7303 17.7174 17.1035 25.9756 21.8238 17.5436 16.4489 16.5193 42.0342 18.9362 17.5361 22.646 27.9101 28.6829 25.5309 29.4406 21.0869 20.8949 19.3363 18.4217 17.4623 16.6688 16.3187 15.6528
threshold=6506.0000000000009 6013.5000000000009 575.50000000000011 534.67498779296886 609.50000000000011 0.013520051898047411 25649.000000000004 0.35878081287879887 0.18710000067949298 0.192550003528595 0.31040707083223723 57.86591563623103 21728.500000000004 -0.63416730740377447 1.0000000180025095e-35 -61.31416784629139 -2.6593792525962061 0.11532675122667373 0.14620440353434785 15.952566700582198 0.072394656451585021 -0.0316999964416027 3.6207000017166142 3.2463009414018811 35.631164906008543 40.788813277733574 569.27502441406261 0.015473931434535302 8519.0000000000018 9143.5000000000018
decision_type=2 2 2 2 2 2 2 2 2 2 2 2 2 2 2 2 2 2 2 2 2 2 2 2 2 2 2 2 2 2
left_child=12 2 -2 4 5 28 29 -7 9 -9 11 -11 13 14 15 -1 22 20 -19 -20 21 -18 -15 -23 25 27 -21 -24 -3 -5
right_child=1 3 -4 6 -6 7 -8 8 -10 10 -12 -13 -14 16 -16 -17 17 18 19 26 -22 23 24 -25 -26 -27 -28 -29 -30 -31
leaf_value=-0.00080083134593563626 -0.00017722606520496233 0.011514747063935725 -0.0016070222176809963 -0.00025866841299659773 0.016015430312812676 0.013344138596133889 0.01023761975640251 -0.00053885718868185422 -0.0011479438765093105 0.0073790280746943758 0.016276548962795033 -0.0012714510291489576 -0.0017527185639670854 -0.00084117909851406198 0.013716152867289711 -0.0023308260331294001 -0.0013404230710623276 -0.0038642979527686058 -0.0014501444720446412 -0.0020251900876212771 0.0089093949794912322 0.010778917007656062 0.0090197859881433404 -0.0005650338902732316 0.009491416842711424 9.3495565723356061e-06 0.012213886664384591 -2.4482080636421825e-06 -0.00028691365166805125 -0.0030961650869170223
leaf_weight=72 123 72 229 2824 92 65 76 152 373 74 67 82 90 598 71 152 297 295 117 64 92 145 183 172 72 2185 128 144 78 162
leaf_count=72 123 72 229 2824 92 65 76 152 373 74 67 82 90 598 71 152 297 295 117 64 92 145 183 172 72 2185 128 144 78 162
internal_value=-0.00325634 -0.00485807 -0.0133333 -0.00411815 -0.00029717 -0.00206095 -0.00543202 -0.00440709 -0.00594954 -0.000644737 0.00690789 -0.000434783 -0.00178513 -0.00149729 -0.00945 -0.0168122 -0.000965088 -0.00436502 -0.00931034 -0.0018949 -9.84529e-05 -0.00271405 0.000439285 0.00467391 0.00181151 0.0012793 0.00639594 0.00896084 0.0103871 -0.00589769
internal_weight=9346 4469 352 4117 1055 963 3062 813 748 375 223 156 4877 4787 295 224 4492 1310 604 309 706 614 3182 317 2584 2512 192 327 150 2986
internal_count=9346 4469 352 4117 1055 963 3062 813 748 375 223 156 4877 4787 295 224 4492 1310 604 309 706 614 3182 317 2584 2512 192 327 150 2986
is_linear=0
shrinkage=0.035


Tree=99
num_leaves=31
num_cat=0
split_feature=137 49 49 270 109 213 270 132 261 1 137 175 246 137 137 60 153 215 173 13 153 130 190 193 27 193 215 93 197 104
split_gain=18.8032 22.657 27.7949 20.3967 19.5762 17.3842 20.6118 35.4701 43.0923 22.3959 20.3751 26.3575 18.0265 19.1185 23.3706 23.9688 30.9813 19.0853 18.9852 17.6305 16.2709 37.7351 18.9566 18.5705 23.6721 23.949 18.4123 20.7902 16.2307 15.9997
threshold=6506.0000000000009 5972.0000000000009 6492.5000000000009 77.606035278252463 0.6634500026702882 11.760527449144236 42.001558184624692 0.14705000072717669 550.37500000000011 827.50000000000011 7657.5000000000009 0.014628279163534957 0.96598834308523784 10760.000000000002 10063.000000000002 3545.0000000000005 0.36644204574364608 -0.054699998348951333 0.49569578857875235 31.48449715873382 -0.63416730740377447 -60.81843707880396 -0.0024500042200088497 -0.95467506558762338 3208.5000000000005 -0.64637723308440098 -0.0039500072598457328 1662.5000000000002 -0.020416663040188545 375.00000000000006
decision_type=2 2 2 2 2 2 2 2 2 2 2 2 2 2 2 2 2 2 2 2 2 2 2 2 2 2 2 2 2 2
left_child=20 3 4 -2 -3 10 -7 -8 -9 28 11 -4 13 14 15 16 -12 -16 -17 -19 21 22 -1 -22 25 -25 29 -28 -10 -26
right_child=1 2 5 -5 -6 6 7 8 9 -11 12 -13 -14 -15 17 18 -18 19 -20 -21 23 -23 -24 24 26 -27 27 -29 -30 -31
leaf_value=-0.0029544932475077108 -0.00032792048725250212 0.011764209454184766 0.0037634213251951415 -0.0015656295943967497 -0.0016561699508127765 -0.00031657812179115179 0.012747564694207613 0.012718060203794431 -0.0019331334275754623 -0.0037483115626648542 0.006571103191369187 -0.0011840140227209561 0.0012651532753548739 -0.00038541346238921918 -0.000378893866511483 -0.00042049806416917691 -0.00042075512765225149 -2.3292342956309222e-05 -0.0013157429711869546 0.010610636009124446 -0.0030834083003249604 -0.0020349953004623294 0.013044069283302668 0.014429973964543125 0.0097410923697015001 -0.00038630660654033456 -0.00012190702277673744 -0.0038394865583795791 0.0012919298922717043 -0.00024250193150507918
leaf_weight=61 288 92 68 177 61 380 101 136 114 91 139 305 61 1221 76 410 178 76 127 122 112 171 67 164 60 148 84 65 246 3945
leaf_count=61 288 92 68 177 61 380 101 136 114 91 139 305 61 1221 76 410 178 76 127 122 112 171 67 164 60 148 84 65 246 3945
internal_value=-0.00321891 -0.00485807 -0.0039985 -0.0121383 0.0104114 -0.00458377 -0.000782852 0.00282828 -0.000532095 -0.00575658 -0.00603838 -0.0136111 -0.00484058 -0.00533772 -0.00203883 -0.00488941 0.00271739 0.00677419 -0.00936347 0.0124138 -0.00171344 -0.00955592 0.00473684 -0.00119136 -0.000829792 0.00839117 -0.00153162 -0.0134091 -0.00172603 -0.00107357
internal_weight=9346 4469 4004 465 153 3851 1068 688 587 451 2783 373 2410 2349 1128 854 317 274 537 198 4877 299 128 4578 4466 312 4154 149 360 4005
internal_count=9346 4469 4004 465 153 3851 1068 688 587 451 2783 373 2410 2349 1128 854 317 274 537 198 4877 299 128 4578 4466 312 4154 149 360 4005
is_linear=0
shrinkage=0.035


Tree=100
num_leaves=31
num_cat=0
split_feature=137 49 49 164 36 55 200 27 71 13 71 137 228 4 189 148 97 246 183 222 262 11 196 215 82 221 142 193 93 60
split_gain=21.0374 20.1799 25.1269 30.8796 18.7725 18.6421 20.1734 17.4586 21.7852 23.5786 19.3269 25.3828 16.5807 17.7361 16.5637 16.5493 14.8809 17.4293 19.0221 17.3528 17.0515 16.6763 15.2636 14.1159 13.7307 27.0103 13.6093 16.4392 13.4756 18.6421
threshold=6506.0000000000009 5972.0000000000009 6752.0000000000009 -0.081395357897587992 -11.75286492538825 0.19150000065565112 -0.040500011295080178 19716.000000000004 24700.500000000004 31.745816298676957 20144.000000000004 22891.500000000004 -20.532726514356778 58.799595303249113 17.103839455436674 2912.0000000000005 -1.5002266566693787 0.41124294276996198 0.7602345447695138 15.588013858383404 0.17795935343345451 78.576505825295953 0.008215964655318821 -0.045399978756904595 2732.0000000000005 69.884446781424927 0.81415000557899486 -0.45054333371035532 5897.5000000000009 3920.0000000000005
decision_type=2 2 2 2 2 2 2 2 2 2 2 2 2 2 2 2 2 2 2 2 2 2 2 2 2 2 2 2 2 2
left_child=12 4 3 14 -2 -6 -7 8 28 -10 11 15 -1 16 -3 -9 17 20 19 -19 21 26 24 -23 25 -18 -14 -28 -4 -30
right_child=1 2 7 -5 5 6 -8 10 9 -11 -12 -13 13 -15 -16 -17 22 18 -20 -21 -22 23 -24 -25 -26 -27 27 -29 29 -31
leaf_value=-0.0017881555995691563 -0.00095209490916569836 0.0027922230553064282 -0.0017009679457940124 0.011317643130857832 0.00055459193771939151 -6.3313071151785422e-06 -0.0016896907083788727 5.7025415154781385e-05 -0.0012433292344559217 0.014263845671802798 -0.0017578053052081162 -0.00037053810536099798 0.00059361955554697754 0.010985802226057271 -0.0034975204050248184 0.017340821750835737 0.0054076659065435155 0.011490963551485054 -0.000729517816741881 -0.0004301577233468507 -0.0012765838622460935 3.7224297182164858e-05 -0.00096249453825454319 0.010512688881424006 1.1155941390090797e-05 -0.001235762838320571 0.0011187643852548388 -0.0020984475792713221 -8.7406273050767987e-05 -0.00053357833788817007
leaf_weight=213 197 64 180 112 93 86 89 124 75 87 63 77 414 67 61 128 62 150 70 61 349 237 1044 222 1538 145 111 194 919 2114
leaf_count=213 197 64 180 112 93 86 89 124 75 87 63 77 414 67 61 128 62 150 70 61 349 237 1044 222 1538 145 111 194 919 2114
internal_value=-0.00323388 -0.00496759 -0.00415565 0.00679752 -0.0118404 -0.00564103 -0.01225 -0.00485286 -0.0056642 0.00670659 0.00211587 0.00555389 -0.00164175 -0.0011994 -0.00511538 0.0108949 -0.00146784 0.00100386 0.00893357 0.0140972 -0.000479765 0.00153846 -0.00306908 0.00671336 -0.00106 -0.00941038 -0.00178867 -0.00733871 -0.00629739 -0.00572581
internal_weight=9346 4469 4004 237 465 268 175 3767 3375 162 392 329 4877 4664 125 252 4597 1808 281 211 1527 1178 2789 459 1745 207 719 305 3213 3033
internal_count=9346 4469 4004 237 465 268 175 3767 3375 162 392 329 4877 4664 125 252 4597 1808 281 211 1527 1178 2789 459 1745 207 719 305 3213 3033
is_linear=0
shrinkage=0.035


Tree=101
num_leaves=31
num_cat=0
split_feature=109 173 5 10 83 10 68 56 9 274 20 173 93 273 101 39 26 242 153 270 270 71 233 246 242 25 88 44 71 193
split_gain=17.8449 17.1104 25.1083 19.9953 26.31 18.3264 30.8976 29.8866 18.0993 18.1652 26.7576 19.4891 18.8311 17.8582 16.8965 21.5307 17.253 32.6932 27.9943 21.1424 25.2865 31.1071 22.6366 21.5852 26.7217 17.298 16.1843 16.3034 14.8964 15.1647
threshold=0.74645000696182262 0.44591921594037348 133.6816758971992 49.911922500479491 647.50000000000011 23.538873045565293 0.02277050416346036 3.2933738835674893 165.77804305594961 0.30597205594746862 41.45512201001123 -0.1125339535581594 6738.0000000000009 0.37290929507627552 0.018750220824747293 414.50000000000006 2.0390000343322758 117.08532697797243 -0.69900803098010311 129.52264535446056 117.74326709744372 7296.0000000000009 6653.3098144531259 -0.018835231552672436 28.524905020344537 -12.863984161667576 0.20440000295639041 0.12310000136494638 19044.000000000004 0.41376585511104097
decision_type=2 2 2 2 2 2 2 2 2 2 2 2 2 2 2 2 2 2 2 2 2 2 2 2 2 2 2 2 2 2
left_child=1 8 3 5 -5 6 -3 -7 9 13 11 -11 -12 14 16 -16 -1 18 -18 20 22 -22 28 25 -25 -24 27 -9 29 -20
right_child=-2 2 -4 4 -6 7 -8 26 -10 10 12 -13 -14 -15 15 -17 17 -19 19 -21 21 -23 23 24 -26 -27 -28 -29 -30 -31
leaf_value=-0.0012483659596459985 -0.00074299653923509191 -0.004405188090294325 0.0050726226606351036 -0.00015314961950092909 -0.00049861615058893478 -0.0012397976475132261 0.0005053976940671373 0.0022595321201799973 -0.0020383915400110039 0.005259686881109389 2.6382388828928018e-05 -0.00020551693059927214 0.014136231697581419 0.00060399741757184331 0.0069221247845705483 -0.00084550584482769736 -0.0024615161143040154 0.0087843408243152878 -0.00039998385843264075 -0.0038510950707729601 0.014262574174739237 -0.0010324969615984924 -0.002808344338002419 0.0087121905882123485 -0.00097446200706034444 0.0099621775614508502 0.0093368127063898961 -0.00029304440969911037 -0.0031548469596653418 -0.00080055187240107915
leaf_weight=460 182 148 99 679 1324 67 123 150 156 60 158 525 233 648 246 174 104 134 1846 128 135 70 61 75 203 203 90 196 90 579
leaf_count=460 182 148 99 679 1324 67 123 150 156 60 158 525 233 648 246 174 104 134 1846 128 135 70 61 75 203 203 90 196 90 579
internal_value=-0.00313656 -0.00291635 -0.00515099 -0.00577462 -0.00761703 -0.000988447 -0.00824275 0.0029626 -0.00189099 -0.00158547 0.00278287 -0.00195763 0.00981061 -0.00241426 -0.00319521 0.00345882 -0.00388224 -0.00306358 -0.00372106 -0.00315464 -0.00259259 0.00916667 -0.00339484 0.0030713 -0.00371025 0.0101487 0.00634921 0.00279202 -0.00479167 -0.00424897
internal_weight=9346 9164 2876 2777 2003 774 271 503 6288 6132 976 585 391 5156 4508 420 4088 3628 3494 3390 3262 205 3057 542 278 264 436 346 2515 2425
internal_count=9346 9164 2876 2777 2003 774 271 503 6288 6132 976 585 391 5156 4508 420 4088 3628 3494 3390 3262 205 3057 542 278 264 436 346 2515 2425
is_linear=0
shrinkage=0.035


Tree=102
num_leaves=31
num_cat=0
split_feature=180 136 115 41 27 221 214 215 92 38 43 271 8 39 75 126 163 74 54 20 11 115 202 202 220 261 261 274 211 201
split_gain=16.1048 19.7757 17.1093 14.6989 22.8736 27.7478 34.676 27.1758 26.988 32.3049 25.868 20.3402 20.1926 19.7184 19.686 19.3396 19.8071 26.6452 18.5758 17.695 17.4432 17.0752 15.8225 24.3705 15.1899 14.2556 13.1058 20.8861 44.9641 18.7372
threshold=0.0068000182509422311 3.6549500226974492 32407.500000000004 646.50000000000011 1333.0000000000002 36.818976843627517 0.072249993681907668 -0.047399993985891335 5.9082500934600839 9609.5000000000018 0.21395000070333484 5.626788160567239 -24.304355946942483 103.50000000000001 -14.378645621854757 10981.500000000002 0.3010539257856647 666.50000000000011 0.1763500049710274 17.742955697489517 35.978628570349265 8660.5000000000018 -0.54950004949606457 0.5434188477479801 5.9005652614118507 537.64999389648449 568.00000000000011 0.088256289373027333 0.59284599380707881 0.15090000256896022
decision_type=2 2 2 2 2 2 2 2 2 2 2 2 2 2 2 2 2 2 2 2 2 2 2 2 2 2 2 2 2 2
left_child=2 -2 3 13 -5 6 7 20 9 10 -9 -11 15 22 -14 16 -7 21 -15 -20 -6 -18 -1 25 -10 -24 29 -28 -29 -21
right_child=1 -3 -4 4 5 12 -8 8 24 11 -12 -13 14 18 -16 -17 17 -19 19 26 -22 -23 23 -25 -26 -27 27 28 -30 -31
leaf_value=-0.00048685583669470073 -0.0010651966582311413 0.00066154425709408226 0.012840457349298662 -0.0038349589909749751 -0.0031964690993562749 -0.0016927198774893094 0.015229696625987096 -0.00087333364210357095 -0.00074527776948131235 -0.00021851307206826654 0.0058498435282872407 -0.0020884909859572652 0.00084641048232846799 0.0075691737637884329 -0.00022318555881297166 0.0002739836138783686 0.014511512192704443 -0.00063684144023525469 -0.0013114523362788512 -0.00044500642474356011 9.601256088023981e-05 -0.00023964434163766037 0.0051132354872286704 -0.00041587408915615804 0.012457631546611787 0.00025042320220704933 -0.00098476392823271383 0.013040614822512219 -0.00079277262547444109 -0.00032925870945773987
leaf_weight=376 327 92 60 63 250 451 133 92 60 122 170 80 127 87 331 147 71 271 72 412 103 64 306 345 113 276 243 190 60 3852
leaf_count=376 327 92 60 63 250 451 133 92 60 122 170 80 127 87 331 147 71 271 72 412 103 64 306 345 113 276 243 190 60 3852
internal_value=-0.00315153 -0.00982311 -0.00283307 -0.00296269 -0.00514512 -0.00460811 -0.000465426 -0.00274372 0.001581 -0.00283582 0.00524345 -0.0131884 -0.00777778 -0.00203004 -0.00166307 -0.0105451 -0.0125464 -0.00681265 -0.0030441 -0.00333782 -0.0104609 0.00575 0.00179281 0.00424356 0.0131742 0.00858603 -0.00306489 0.00231928 0.00933333 -0.00368939
internal_weight=9346 419 8927 8867 2648 2585 1123 990 637 464 262 202 1462 6219 458 1004 857 406 4916 4829 353 135 1303 927 173 582 4757 493 250 4264
internal_count=9346 419 8927 8867 2648 2585 1123 990 637 464 262 202 1462 6219 458 1004 857 406 4916 4829 353 135 1303 927 173 582 4757 493 250 4264
is_linear=0
shrinkage=0.035


Tree=103
num_leaves=31
num_cat=0
split_feature=71 49 180 49 93 136 1 115 93 85 41 215 13 242 57 217 8 2 163 30 110 195 41 181 93 8 115 185 177 145
split_gain=14.2223 37.353 18.7527 20.9961 25.1639 19.991 16.2261 15.2619 15.6857 18.9428 18.3229 20.7882 18.7366 23.7959 24.4082 23.7889 28.2779 21.0782 18.2054 18.0217 43.6902 22.1884 17.571 19.9383 29.8717 21.9359 18.9654 18.7678 20.6535 17.8472
threshold=347.00000000000006 1345.0000000000002 0.0068000182509422311 2012.5000000000002 1037.0000000000002 3.6549500226974492 697.50000000000011 32407.500000000004 1593.5000000000002 537.50000000000011 646.50000000000011 -1.0000000180025095e-35 79.793612011112955 77.396175313419988 0.013274388653392893 50.085682429817247 -135.49039498723545 565.31500244140636 -0.34083224048229011 555.50000000000011 0.24520000070333484 0.0087162585047957115 684.50000000000011 0.15327499806880954 7163.0000000000009 -17.428767711623468 3104.5000000000005 0.015775823011748253 0.027670911972394876 0.013698617087867846
decision_type=2 2 2 2 2 2 2 2 2 2 2 2 2 2 2 2 2 2 2 2 2 2 2 2 2 2 2 2 2 2
left_child=-1 6 3 4 -3 -4 -2 8 18 -10 11 12 13 14 17 16 -16 -11 -5 21 -21 -14 23 24 -12 26 29 28 -26 -25
right_child=1 2 5 7 -6 -7 -8 -9 9 10 22 -13 19 -15 15 -17 -18 -19 -20 20 -22 -23 -24 25 27 -27 -28 -29 -30 -31
leaf_value=0.0088794872898807983 -4.4889024443922347e-05 -0.0027162941894813579 -0.0011761819082499981 -0.00041440981199788513 0.019696358175361604 0.0004962792888939633 -0.0022903779691268301 0.012391041342073209 -0.0029658602000525096 9.0977387694690662e-06 0.0078041557441168663 -0.0023389920835983919 -0.0021423067946261744 -0.0012196376791029702 0.0086050723441160101 -0.0022360306918363061 -0.00020105480384596588 0.0050873140308833661 0.0063128582471382623 -0.00041537016880030699 0.020143896200796881 0.00032524697836463839 0.00025533420470702565 -0.0031931336389142352 -0.00010723297395840993 0.0029310827185386333 -0.0020479504097358834 -0.00034840532573998607 0.0043238730952445872 0.0073522034101686853
leaf_weight=116 62 60 319 115 113 91 220 60 112 88 113 78 64 118 180 466 3881 66 217 140 221 124 185 105 405 72 786 585 94 90
leaf_count=116 62 60 319 115 113 91 220 60 112 88 113 78 64 118 180 466 3881 66 217 140 221 124 185 105 405 72 786 585 94 90
internal_value=-0.00326382 -0.00341852 -0.00301798 -0.002663 0.00924157 -0.0102892 -0.0158537 -0.00291458 -0.00304513 -0.0033561 -0.00314582 -0.00201068 -0.00173921 -0.00244067 -0.00203905 -0.00250993 -0.00164412 0.0114465 0.00436202 0.00435921 0.00889344 -0.00435233 -0.00566598 -0.00651885 -0.00340682 -0.0100236 -0.0113945 -0.00520661 -0.000208333 -0.001575
internal_weight=9346 9230 8948 8538 173 410 282 8365 8305 7973 7861 5426 5348 4799 4681 4527 4061 154 332 549 361 188 2435 2250 1197 1053 981 1084 499 195
internal_count=9346 9230 8948 8538 173 410 282 8365 8305 7973 7861 5426 5348 4799 4681 4527 4061 154 332 549 361 188 2435 2250 1197 1053 981 1084 499 195
is_linear=0
shrinkage=0.035


Tree=104
num_leaves=31
num_cat=0
split_feature=39 137 38 92 274 240 37 19 212 137 69 125 220 205 60 189 63 89 230 242 199 57 13 48 82 148 173 126 148 126
split_gain=14.0776 16.6357 27.4152 24.3668 18.9086 22.9023 16.3375 21.458 15.4422 14.7523 14.2237 17.0243 16.938 16.9033 16.102 14.0681 15.9784 17.6494 21.3178 15.4197 16.2118 15.1015 19.7115 13.9944 13.6618 22.4024 26.1401 16.7089 17.5376 15.1976
threshold=547.50000000000011 377.50000000000006 4169.5000000000009 4.3673999309539804 -0.48011803359897509 13.623782259343244 3.696200013160706 685.50000000000011 7.5175207029187003 1694.0000000000002 -8.3785960173340115 4.5525498390197763 25.914864443263735 0.017274407719700242 12697.000000000002 16.23403396248602 550.50000000000011 10.00052429721072 14.463734067045598 22.407823515777778 14.146629126376611 0.013652022825973642 61.558008103467053 3.2303500175476079 1169.5000000000002 350.50000000000006 0.65703023940333616 10355.000000000002 9143.5000000000018 11358.500000000002
decision_type=2 2 2 2 2 2 2 2 2 2 2 2 2 2 2 2 2 2 2 2 2 2 2 2 2 2 2 2 2 2
left_child=1 2 3 -1 5 9 7 8 -6 -3 12 -12 -2 14 -13 19 -17 -18 21 -10 23 22 -19 -21 -23 26 -26 28 -27 -29
right_child=10 4 -4 -5 6 -7 -8 -9 15 -11 11 13 -14 -15 -16 16 17 18 -20 20 -22 24 -24 -25 25 27 -28 29 -30 -31
leaf_value=0.013977835645032724 -0.00011506192137686833 0.013337483681520159 -0.0021681383424792746 -0.0010165231696396694 -0.00080913446213575965 -0.0011900528017896512 -0.0014194846489998896 0.0036994672624318164 0.013844916153790564 -0.0010959270924020131 1.0168135900352483e-05 -0.00016738612427543266 -0.00093211377059469259 -0.00068202662101868186 -0.0021628751660876218 -0.0022192782479783994 -0.00035425492236391357 0.0078743047453096286 -0.002777161812814758 -0.00086623175177350886 -0.00018414059279742159 -0.00027608303901877491 -0.00028432833519170114 0.004385134615876583 -5.4430007321401581e-05 -0.00013049214433874775 0.020719610273310502 0.020225061072402777 -0.0032182036947072334 0.00025225460133779606
leaf_weight=60 173 249 223 101 209 79 350 84 68 79 705 685 381 290 131 123 849 83 266 76 625 334 97 207 95 2076 71 86 123 368
leaf_count=60 173 249 223 101 209 79 350 84 68 79 705 685 381 290 131 123 849 83 266 76 625 334 97 207 95 2076 71 86 123 368
internal_value=-0.00329377 -0.0025 -0.00953728 0.0014759 -0.00208346 0.00518204 -0.00256497 -0.00211976 -0.00238153 0.00924925 -0.00562658 -0.00410518 -0.0105188 -0.00680468 -0.00417783 -0.0020236 -0.00283763 -0.00248372 -0.00140816 0.00178389 0.000536692 -0.000639605 0.00908108 0.00741319 -0.00120804 -0.000408994 0.0118713 -0.00119827 -0.00246143 0.00488017
internal_weight=9346 6981 384 161 6597 407 6190 5840 5756 328 2365 1811 554 1106 816 5547 4571 4448 3599 976 908 3333 180 283 3153 2819 166 2653 2199 454
internal_count=9346 6981 384 161 6597 407 6190 5840 5756 328 2365 1811 554 1106 816 5547 4571 4448 3599 976 908 3333 180 283 3153 2819 166 2653 2199 454
is_linear=0
shrinkage=0.035


Tree=105
num_leaves=31
num_cat=0
split_feature=71 49 32 254 274 93 183 144 104 126 183 173 93 115 69 183 80 52 63 11 242 82 242 185 183 211 19 115 13 173
split_gain=14.4174 32.6093 17.1181 17.2522 19.6048 20.1239 21.2269 30.9529 21.033 17.4449 18.7009 16.3255 30.0322 21.1644 20.6137 24.3557 25.8084 23.8865 26.0701 28.8826 27.0318 23.6298 28.478 33.9115 23.6081 24.413 28.9774 23.0115 24.5261 20.4071
threshold=347.00000000000006 1345.0000000000002 0.10440000146627428 16.566297653283218 -0.48011803359897509 893.00000000000011 -0.69553854264710369 55.750692718638746 8476.5000000000018 10491.500000000002 0.91553021834698789 -0.35166852989376246 1593.5000000000002 1456.5000000000002 -4.6757914913291749 0.24586412628338919 -10.592105275365167 607.25000000000011 604.50000000000011 65.811287363735076 68.502144854713592 8544.5000000000018 21.711903601908016 0.017456325228384358 0.048960752982740351 0.19315912130902002 634.50000000000011 4279.5000000000009 31.745816298676957 -0.013388782957293085
decision_type=2 2 2 2 2 2 2 2 2 2 2 2 2 2 2 2 2 2 2 2 2 2 2 2 2 2 2 2 2 2
left_child=-1 -2 -3 4 5 -4 -7 8 -8 10 -5 -6 -13 -14 15 16 -15 18 20 -20 29 22 23 -17 -19 -26 -27 28 -18 -16
right_child=1 2 3 9 11 6 7 -9 -10 -11 -12 12 13 14 17 21 27 24 19 -21 -22 -23 -24 -25 25 26 -28 -29 -30 -31
leaf_value=0.0083823098910436131 -0.001973797919246996 -0.00081473747647350329 -0.0011782619544514485 -0.0012384263833742589 -0.0013177447043464666 0.016304833264150363 0.022707346804723479 -0.0027282080658955314 -0.00056610745625363529 0.00043999624159067721 0.0056589440936901008 0.013294151204861398 -0.0027358783637457095 -0.0017097896677216414 0.00039748357339475243 0.0084243983817329001 0.0055397830467195999 -0.0025155571537861061 -7.988817546391303e-05 0.015900471148516053 0.0092171593759708716 -0.00072167672719361119 -0.00012879323777408914 -0.0012078861181112465 0.0021144864532340129 -0.0011716211477661555 -0.00022255404245642542 0.0029615331214180971 -0.0014715370902115522 -0.0021562195534417586
leaf_weight=116 282 105 138 909 378 106 105 79 68 123 64 70 118 175 155 144 86 345 107 70 181 376 2175 60 278 229 638 1047 233 386
leaf_count=116 282 105 138 909 378 106 105 79 68 123 64 70 118 175 155 144 86 345 107 70 181 376 2175 60 278 229 638 1047 233 386
internal_value=-0.00334617 -0.00350189 -0.00312744 -0.00295491 -0.00237036 0.00433134 0.00867769 0.00299611 0.0112079 -0.00705722 -0.00862474 -0.00283145 -0.00243748 -0.00267847 -0.00241181 -0.000960242 0.00255821 -0.00501462 -0.000503319 0.0113462 -0.0034663 -0.00292935 -0.00162961 0.0107177 -0.00772575 -0.00526522 -0.00814794 0.00418673 -0.00399691 -0.00737179
internal_weight=9346 9230 8948 8843 7747 496 358 252 173 1096 973 7251 6873 6803 6685 4296 1541 2389 899 177 722 2755 2379 204 1490 1145 867 1366 319 541
internal_count=9346 9230 8948 8843 7747 496 358 252 173 1096 973 7251 6873 6803 6685 4296 1541 2389 899 177 722 2755 2379 204 1490 1145 867 1366 319 541
is_linear=0
shrinkage=0.035


Tree=106
num_leaves=31
num_cat=0
split_feature=126 192 82 93 27 20 268 104 225 11 146 274 93 115 137 146 115 282 94 71 190 219 242 246 93 126 126 221 38 270
split_gain=13.2295 17.9001 17.5539 17.4791 26.6125 26.1185 19.082 21.9415 18.9904 22.916 22.8738 17.0881 43.5576 24.555 21.9045 26.3873 21.8571 21.3057 20.6931 19.3525 22.0404 26.2884 25.0954 21.9613 19.1171 15.435 20.7662 33.0731 24.8792 37.2812
threshold=12507.000000000002 -0.77722553908743797 27395.500000000004 13814.000000000002 7038.5000000000009 21.593046108387973 18.738194721983351 307.00000000000006 0.10792318051709418 35.659766083889203 -0.72650209700284252 0.1840033505040862 6052.0000000000009 8604.5000000000018 5705.0000000000009 -0.73249072806897431 15547.500000000002 1.0000000180025095e-35 1750.5000000000002 19716.000000000004 -0.011700019240379332 -13.674982941489978 40.044552130067906 0.26660831778635968 9053.5000000000018 7749.5000000000009 5704.5000000000009 13.158834881113338 3263.5000000000005 96.219770982369681
decision_type=2 2 2 2 2 2 2 2 2 2 2 2 2 2 2 2 2 2 2 2 2 2 2 2 2 2 2 2 2 2
left_child=2 -2 3 6 -5 -6 11 -8 9 10 -7 13 -13 25 15 -14 17 18 -15 20 22 -22 -16 -24 -25 26 28 -28 -1 -30
right_child=1 -3 -4 4 5 8 7 -9 -10 -11 -12 12 14 16 19 -17 -18 -19 -20 -21 21 -23 23 24 -26 -27 27 -29 29 -31
leaf_value=0.0098660988116244866 -0.0040539936848952955 0.00037951837208689685 -0.0018024627674519966 -0.0012092988282609417 -0.0004457051342273666 -0.002246109047334314 0.0081623949586954736 -0.0010370975651189213 -0.00049411374631977097 0.00069334678481063874 0.0057762361107124658 -0.00053628948380785089 0.0089283099128723131 -0.0015281853625039028 -0.00038801623711328477 -0.0053008111434768674 0.0010340032526441828 0.003489076767622896 -7.0316539676911486e-05 0.0103803458156984 0.0043321560084858962 -0.00011938565997167029 -0.0010398159158769896 0.013992440487935541 -0.00053079064634109941 -0.0011095955692275404 0.021759655485527381 0.0002281574176228213 -9.8565904305262524e-05 -0.0027555041886944435
leaf_weight=206 85 687 64 260 276 118 63 850 631 373 90 508 225 463 560 60 79 92 128 72 404 302 100 165 71 726 89 485 818 296
leaf_count=206 85 687 64 260 276 118 63 850 631 373 90 508 225 463 560 60 79 92 128 72 404 302 100 165 71 726 89 485 818 296
internal_value=-0.00330125 0.00108108 -0.00369623 -0.00355138 -0.00666857 -0.0048292 -0.00274124 -0.00743464 -0.00258833 0.00197099 -0.00723005 -0.0020029 0.000212379 -0.00361677 0.00258401 0.0114655 -0.00912647 -0.011141 -0.0135654 0.00104229 0.000217797 0.00482419 -0.00341842 0.00410557 0.00987552 -0.002 -0.000331754 0.00519862 -0.00274717 -0.0048168
internal_weight=9346 772 8574 8510 1748 1488 6762 913 1212 581 208 5849 2467 3382 1959 285 762 683 591 1674 1602 706 896 336 236 2620 1894 574 1320 1114
internal_count=9346 772 8574 8510 1748 1488 6762 913 1212 581 208 5849 2467 3382 1959 285 762 683 591 1674 1602 706 896 336 236 2620 1894 574 1320 1114
is_linear=0
shrinkage=0.035


Tree=107
num_leaves=31
num_cat=0
split_feature=163 81 104 190 148 82 215 81 233 19 153 13 13 270 219 13 161 261 213 219 223 27 132 93 126 274 270 170 30 163
split_gain=13.326 21.3618 14.6948 22.1151 21.5976 20.6666 27.6995 18.3613 25.565 49.5273 36.3474 27.0353 43.5118 26.0829 26.6961 25.4722 25.141 44.9448 39.1946 24.8984 29.7746 28.4497 30.7954 31.1625 30.3717 30.0613 24.7128 26.2557 24.0965 28.5439
threshold=0.92422330924006391 3.7260999679565434 307.00000000000006 -0.0097500085830688459 91.500000000000014 302.50000000000006 -0.05665000528097152 3.4125000238418584 6115.6799316406259 606.50000000000011 -0.69900803098010311 60.279546706010379 51.262478293579491 37.575354487611371 -31.559610358016148 99.242202000845495 0.33882500231266027 487.02500915527349 10.966040781834918 -41.130554765585124 53.449092266079688 8776.0000000000018 0.16915000230073932 2781.0000000000005 6571.5000000000009 -0.040181375030821233 54.808657298714579 0.012699995189905168 634.50000000000011 0.43273953099343304
decision_type=2 2 2 2 2 2 2 2 2 2 2 2 2 2 2 2 2 2 2 2 2 2 2 2 2 2 2 2 2 2
left_child=2 -2 3 5 -4 -1 -7 -6 9 11 -10 12 -9 -11 -15 19 17 -13 -18 21 26 24 25 -24 -12 -23 28 -28 -21 -30
right_child=1 -3 4 -5 7 6 -8 8 10 13 15 16 -14 14 -16 -17 18 -19 -20 20 -22 22 23 -25 -26 -27 27 -29 29 -31
leaf_value=0.007487304760745315 0.00028564369113812219 -0.001208163957892561 -0.001168497971388189 -0.0018828223118172562 -0.00066657659462425413 -0.00035295968856830618 0.011548718935738696 -0.00035356486309609362 -0.0040551342536567763 -0.00033931822521652449 0.011409054493370164 0.019895620503380444 -0.0020335952733373727 0.0041633081314733566 0.01833544272431983 -0.0033925485897799497 0.00124503409484117 0.00011559835007433462 -0.0012222215476180307 -0.00067066918035395566 0.0087604900459765361 0.016194136914383202 0.013012424834078969 -0.0015431440810902471 -0.00071997305516618775 -0.00010105380604281941 -2.0543767888504539e-05 -0.00051939656167296908 -0.00022278856452780191 0.00089819597480047262
leaf_weight=61 86 174 145 71 1231 119 68 835 68 62 339 173 234 226 134 116 409 736 334 438 64 100 75 643 208 172 228 696 906 195
leaf_count=61 86 174 145 71 1231 119 68 835 68 62 339 173 234 226 134 116 409 736 334 438 64 100 75 643 208 172 228 696 906 195
internal_value=-0.00334617 -0.0110943 -0.00311847 0.00421296 -0.00338748 0.00913043 0.00309896 -0.00315637 -0.00249392 -0.000100064 -0.00426287 -0.00183602 -0.00615922 0.0109836 0.0145753 -0.00383035 0.000971635 0.00486324 -0.00379011 -0.00335463 -0.00548776 0.000158885 -0.00337688 -0.00716459 0.0065308 0.0065704 -0.00611224 -0.0106243 -0.00337759 -0.000601266
internal_weight=9346 260 9086 319 8767 248 187 8622 7391 3143 4248 2721 1069 422 360 4180 1652 909 743 4064 2527 1537 990 718 547 272 2463 924 1539 1101
internal_count=9346 260 9086 319 8767 248 187 8622 7391 3143 4248 2721 1069 422 360 4180 1652 909 743 4064 2527 1537 990 718 547 272 2463 924 1539 1101
is_linear=0
shrinkage=0.035


Tree=108
num_leaves=31
num_cat=0
split_feature=89 163 79 143 113 122 183 2 216 183 274 270 1 148 260 32 274 274 214 8 26 163 261 163 173 151 60 214 41 25
split_gain=13.2392 17.3111 17.5677 16.9666 21.3616 15.3959 14.9859 34.3823 37.445 27.0878 16.4576 31.3638 21.9811 17.2428 23.6831 17.3625 16.7029 16.1898 15.949 17.8905 21.716 18.1971 17.6757 22.4216 24.0152 23.0187 23.6844 31.8686 20.6462 18.2419
threshold=10.00052429721072 0.92422330924006391 0.020100990833889356 0.19344999641180041 -2.7807189689715361 15.766313530961853 0.91774208087129117 576.00000000000011 35.877086289935619 0.8430651725039584 0.47449545130714516 110.87338189062999 667.50000000000011 646.50000000000011 0.55979922427608531 0.1373500004410744 0.53786877265089028 0.6731463223700761 0.036200009286403663 -23.151576881474814 2.0594500303268437 0.21456957031147947 533.05499267578136 0.37572747665313372 -0.25240566828939265 0.35734999924898153 5839.0000000000009 0.053700003772974021 684.50000000000011 -10.730455287839895
decision_type=2 2 2 2 2 2 2 2 2 2 2 2 2 2 2 2 2 2 2 2 2 2 2 2 2 2 2 2 2 2
left_child=3 6 -3 4 5 -1 9 -8 -9 10 18 12 -12 -14 15 -15 -17 -11 -2 20 -20 -21 23 24 29 26 -26 -28 -24 -22
right_child=1 2 -4 -5 -6 -7 7 8 -10 17 11 -13 13 14 -16 16 -18 -19 19 21 22 -23 28 -25 25 -27 27 -29 -30 -31
leaf_value=0.00019996378657383354 -0.00011987215316569296 -0.0024819758879167887 0.00014710372288342517 -0.0017855315576187137 -0.00032199636169812643 -0.00052671607096859373 0.011129447215603381 0.00065466877674602445 -0.0019317548913721351 -0.00012553012279570093 0.012716818370264862 -0.0014362685542291865 0.0049487859037927002 0.0011423321549637688 -0.00058936466544499662 0.00072941165968287822 -0.00083869215660183581 -0.00094312957473675918 -0.0022699426497720799 0.01581902874730183 0.00085148895728204786 -6.678746775044265e-05 -0.0013817616443027865 -0.0018681469599665186 0.017807235378516806 -0.00031461642495203118 -0.0011922119338677911 0.012774658063013596 0.0022409549381265516 -0.0026555696940964804
leaf_weight=459 3166 120 60 67 923 105 75 140 74 170 136 108 198 115 126 73 93 189 289 84 61 93 1521 127 118 193 146 102 106 109
leaf_count=459 3166 120 60 67 923 105 75 140 74 170 136 108 198 115 126 73 93 189 289 84 61 93 1521 127 118 193 146 102 106 109
internal_value=-0.00324885 -0.00265743 -0.0132432 -0.00619628 -0.00537198 0 -0.00239858 0.00535714 -0.00191781 -0.00270811 -0.00221983 0.00233607 0.00492627 0.0020082 -0.00212379 0.00354895 -0.00368421 -0.0120192 -0.00285376 -0.00470379 -0.00539431 0.00596154 -0.00431873 -0.000243902 0.00214578 0.00564716 0.0107547 0.00442688 -0.00645527 -0.0092
internal_weight=9346 7792 180 1554 1487 564 7612 289 214 7323 6964 849 741 605 407 281 166 359 6115 2949 2772 177 2483 856 729 559 366 248 1627 170
internal_count=9346 7792 180 1554 1487 564 7612 289 214 7323 6964 849 741 605 407 281 166 359 6115 2949 2772 177 2483 856 729 559 366 248 1627 170
is_linear=0
shrinkage=0.035


Tree=109
num_leaves=31
num_cat=0
split_feature=32 261 89 8 140 142 71 49 261 219 246 235 104 148 148 200 211 100 11 274 27 137 74 219 153 49 71 131 225 27
split_gain=13.2199 13.2298 21.2933 18.2862 16.4248 15.0313 15.0249 17.662 15.0211 23.2719 17.5717 16.6616 19.5423 31.0966 20.5798 23.7449 20.4177 18.508 20.2265 17.8223 32.4556 28.4296 27.6211 25.6388 24.8762 27.9809 23.0529 21.1829 20.7404 19.5176
threshold=0.10440000146627428 608.04501342773449 22.635169658520159 -24.304355946942483 680.50000000000011 0.81704998016357433 347.00000000000006 1345.0000000000002 601.85498046875011 -73.829239766494439 0.67270191377307997 0.22969851559806467 12237.000000000002 13406.500000000002 7641.0000000000009 -0.019100002944469448 -0.016726712378886031 20.93126280440325 28.572731158878188 0.30151933966957062 5138.5000000000009 10969.000000000002 644.50000000000011 -29.916499256376451 0.36644204574364608 13173.500000000002 9329.0000000000018 0.83265000581741344 0.074933470300361432 15690.000000000002
decision_type=2 2 2 2 2 2 2 2 2 2 2 2 2 2 2 2 2 2 2 2 2 2 2 2 2 2 2 2 2 2
left_child=-1 6 3 -3 -5 -6 -2 -8 11 -10 -11 12 13 14 19 16 17 18 -16 22 -21 24 -9 -23 -22 26 29 28 -25 -26
right_child=1 2 -4 4 5 -7 7 8 9 10 -12 -13 -14 -15 15 -17 -18 -19 -20 20 21 23 -24 27 25 -27 -28 -29 -30 -31
leaf_value=-0.00073231061645748338 0.009304878299166118 -0.00087783907888257836 0.00047388148458750201 0.023158792288012712 -0.0016910280456899041 7.2428597302852678e-05 -0.0017953893892402818 -0.00032678571105612068 0.028036273735385826 -0.00027065383745666363 0.010121164460874353 -0.00095797170280633847 0.00034515427190447151 -0.0026251436108423272 -0.00079580967612175046 0.014081244045813464 -0.0015937205384949093 -0.0012852954994828642 0.012655073804122377 -0.00051249444999075804 0.0030097373679361769 -0.0016991177783786048 -0.0013492796332887315 0.0001041933123858141 0.00019928984610784019 -0.00079247101656719011 0.0048194115590723631 0.00094378511082817372 -0.00044399117966145268 -0.00082653267038579955
leaf_weight=112 95 576 148 65 61 92 228 2528 71 227 62 971 688 149 84 78 191 85 149 402 658 128 405 183 173 179 134 134 229 61
leaf_count=112 95 576 148 65 61 92 228 2528 71 227 62 971 688 149 84 78 191 85 149 402 658 128 405 183 173 179 134 134 229 61
internal_value=-0.00324885 -0.00309882 -0.00702218 -0.00928661 -0.000627803 -0.00686709 -0.00264915 -0.00281212 -0.00253261 0.00441096 -0.000119048 -0.0028638 -0.00223393 -0.00287993 -0.00246555 0.00372466 0.000885214 0.00628483 0.0113235 -0.00316536 -0.000842082 0.00109607 -0.00496767 -0.00463918 0.00430992 -0.00120471 0.00431635 -0.00127042 -0.00520384 -0.0023431
internal_weight=9346 9234 942 794 218 153 8292 8197 7969 360 289 7609 6638 5950 5801 587 509 318 233 5214 2281 1879 2933 674 1205 547 368 546 412 234
internal_count=9346 9234 942 794 218 153 8292 8197 7969 360 289 7609 6638 5950 5801 587 509 318 233 5214 2281 1879 2933 674 1205 547 368 546 412 234
is_linear=0
shrinkage=0.035


Tree=110
num_leaves=31
num_cat=0
split_feature=32 173 173 26 171 125 27 242 185 21 82 242 153 41 261 270 9 274 220 266 242 22 38 153 8 221 200 200 38 242
split_gain=13.323 12.316 23.3909 13.9362 17.0114 14.337 24.8636 20.6932 26.4099 20.9568 20.1403 26.3625 33.139 29.9819 49.4734 19.4358 32.4752 19.2565 30.5531 19.1675 18.5423 23.5721 40.6077 17.7129 17.7307 17.4181 17.1734 16.7514 18.9549 16.8626
threshold=0.10440000146627428 -0.92813874705413391 -0.85198808444097152 2.0594500303268437 0.12080000154674055 4.6493000984191903 32987.500000000007 20.681173798605904 0.018534004391371494 0.16645000129938128 2221.0000000000005 31.619646453654671 0.14825380504687305 568.50000000000011 507.22000122070318 71.247452100491913 67.89817955024175 0.47449545130714516 47.911060557711657 8.3593965219541673 29.465918555603505 0.18084999918937686 9723.5000000000018 -0.1805922612971029 -139.27912776307997 36.368363525865099 -0.021500002592802044 -0.030300002545118328 12457.000000000002 59.370371032252663
decision_type=2 2 2 2 2 2 2 2 2 2 2 2 2 2 2 2 2 2 2 2 2 2 2 2 2 2 2 2 2 2
left_child=-1 -2 -3 4 -4 6 7 8 -5 23 15 12 20 26 -15 16 19 27 -19 25 21 22 -12 24 -9 -7 -13 28 29 -16
right_child=1 2 3 5 -6 10 -8 9 -10 -11 11 13 -14 14 17 -17 -18 18 -20 -21 -22 -23 -24 -25 -26 -27 -28 -29 -30 -31
leaf_value=-0.00070667974488147051 0.0042907139041724824 -0.0016802421423251215 0.00043953544431970918 0.0092279988048332637 -0.00054894136436386411 4.2899623326412564e-05 0.017191313214615121 0.00061877741664961134 -0.00056255966304920475 -0.00045160845951063846 0.011526202923834659 -0.0051525079575579684 -0.0016802508808190699 0.017256770901415006 -0.00097600889764774032 -0.0016475046707776345 0.0056210569861932617 0.013268150913111738 -0.00038552428365910585 0.00028951536222137698 -0.00047275841601613695 -0.0033043289925104059 -0.0002654108879800732 0.00011195839410094001 -0.0012170305762257405 -0.00097969232867331849 0.00050420517214565296 0.00029045759679563189 -0.0015396702137823229 0.0014817912993839067
leaf_weight=112 72 158 103 143 1395 68 69 167 69 1005 185 147 428 108 462 184 89 84 97 60 121 149 317 1807 265 236 68 582 266 330
leaf_count=112 72 158 103 143 1395 68 69 167 69 1005 185 147 428 108 462 184 89 84 97 60 121 149 317 1807 265 236 68 582 266 330
internal_value=-0.00320394 -0.00305336 -0.00316898 -0.00292929 -0.00600798 -0.00231128 -0.000684136 -0.0011124 0.00935484 -0.00180979 -0.00374937 -0.00265452 -0.00679668 -0.000325733 0.00106774 -0.00943146 -0.00542576 -0.000325849 0.0103495 -0.0100542 -0.00243243 -5.33537e-05 0.00358974 7.79857e-05 -0.00624714 -0.0135922 -0.0125682 -0.00153191 -0.00414864 -0.00140527
internal_weight=9346 9234 9162 9004 1498 7506 3525 3456 212 3244 3981 3344 1200 2144 1929 637 453 1821 181 364 772 651 502 2239 432 304 215 1640 1058 792
internal_count=9346 9234 9162 9004 1498 7506 3525 3456 212 3244 3981 3344 1200 2144 1929 637 453 1821 181 364 772 651 502 2239 432 304 215 1640 1058 792
is_linear=0
shrinkage=0.035


Tree=111
num_leaves=31
num_cat=0
split_feature=32 13 163 145 274 211 41 111 88 183 211 92 151 82 27 49 272 240 115 93 115 115 41 13 13 270 146 7 13 137
split_gain=13.5475 13.0784 11.1571 19.9598 12.0931 22.0189 15.8856 25.0372 23.7997 29.8088 38.2417 24.0378 22.7279 21.3984 20.3039 33.324 20.1181 18.0366 17.8075 34.1004 17.0299 16.2451 15.2539 21.2503 29.5836 31.5288 25.7463 25.7066 23.6248 19.9387
threshold=0.10440000146627428 11.636117295639997 0.92422330924006391 0.029989265282236287 0.87720629412768125 0.85062320016922188 646.50000000000011 13.118763385280177 0.11969999969005586 0.92728506576167147 0.73877665898628708 3.7671500444412236 0.13082500360906127 3473.5000000000005 3353.5000000000005 3497.5000000000005 0.049999997019767768 17.610065364275233 524.00000000000011 2112.0000000000005 405.50000000000006 1892.0000000000002 551.50000000000011 59.485352714034818 51.262478293579491 68.816397632164168 -0.76612252091605282 -31.94556919594363 61.468686240980809 10390.500000000002
decision_type=2 2 2 2 2 2 2 2 2 2 2 2 2 2 2 2 2 2 2 2 2 2 2 2 2 2 2 2 2 2
left_child=-1 -2 4 -4 6 -6 7 12 -9 10 11 13 -3 -10 20 -16 17 18 -8 -20 -13 -22 -17 24 25 29 -26 -27 -25 -24
right_child=1 2 3 -5 5 -7 16 8 9 -11 -12 14 -14 -15 15 22 -18 -19 19 -21 21 -23 23 28 26 27 -28 -29 -30 -31
leaf_value=-0.0006819459538106188 -0.0010210720794408623 0.013492654956007993 -0.0011143149190935731 0.00024317239976941242 0.0074518119953905521 -0.00028460019711450851 -0.0050679286584678507 -0.001280474526276969 -0.0014355534214904899 0.0066224961037425114 -0.00099634401563597637 -0.00028362111497416372 0.00013937264178578437 -0.00047647732926003222 -0.0018442014195229357 -0.0022717308811084575 0.0097519919490895203 -0.0019671645947737224 0.010057623001659906 -0.00032843342549952943 0.017178124662159115 0.00018934581332740821 5.0340677490757216e-05 0.0064551227339621599 -0.0022871902286056918 -0.0036229053732178686 0.0013144823327301395 0.012483718937322329 0.0002668421592616838 -0.00044726319994025271
leaf_weight=112 75 67 191 63 107 153 64 153 275 102 206 116 157 705 263 96 91 237 125 1985 100 60 1490 129 173 62 90 125 1155 619
leaf_count=112 75 67 191 63 107 153 64 153 275 102 206 116 157 705 263 96 91 237 125 1985 100 60 1490 129 173 62 90 125 1155 619
internal_value=-0.00310662 -0.00295487 -0.0028301 -0.01 -0.00262009 0.00475472 -0.00284451 -0.00188435 -0.00232191 -0.00195287 -0.0022967 -0.00172982 0.00947598 -0.0066802 -0.000640196 -0.00124792 -0.00519346 -0.00580919 -0.0047866 -0.00420331 0.00846975 0.015697 -0.000434838 -8.18607e-05 -0.00192473 -0.000638853 -0.0129291 0.0129427 0.00358417 -0.00187086
internal_weight=9346 9234 9159 254 8905 260 8645 6143 5919 5766 5664 5458 224 980 4478 4202 2502 2411 2174 2110 276 160 3939 3843 2559 2296 263 187 1284 2109
internal_count=9346 9234 9159 254 8905 260 8645 6143 5919 5766 5664 5458 224 980 4478 4202 2502 2411 2174 2110 276 160 3939 3843 2559 2296 263 187 1284 2109
is_linear=0
shrinkage=0.035


Tree=112
num_leaves=31
num_cat=0
split_feature=173 27 93 93 183 58 215 150 146 41 85 153 11 153 163 233 203 109 27 183 203 242 225 193 202 172 163 193 153 246
split_gain=12.8309 23.3658 15.0929 21.4928 22.2978 25.8124 20.27 19.7378 16.041 15.8015 25.2624 17.9229 15.0849 14.0233 14.7134 13.9499 26.978 14.3846 14.3469 24.8526 25.3959 20.6036 17.2966 22.4876 18.1721 16.9896 16.9495 16.9146 21.8476 18.3951
threshold=-0.92813874705413391 886.50000000000011 422.00000000000006 1593.5000000000002 -0.82961893673744247 -8.6772599805286337 -0.015550017356872557 0.030299995094537738 -1.602188497172109 684.50000000000011 675.50000000000011 0.25285538351583142 80.023112027384641 0.039337351167947052 -0.061478496663905487 6744.6599121093759 0.80486874249504969 0.72440001368522655 13134.500000000002 0.79222692552193796 0.91680628024113886 47.432148707055269 0.10792318051709418 0.33648634740926853 0.81818181812603319 0.52162465563621929 0.18524823891484418 0.22419695175623808 -0.017872803344889981 -0.41118154970325677
decision_type=2 2 2 2 2 2 2 2 2 2 2 2 2 2 2 2 2 2 2 2 2 2 2 2 2 2 2 2 2 2
left_child=-1 12 -3 4 -4 8 7 13 -6 10 15 -12 -2 14 -5 17 -17 18 22 20 25 -21 24 27 -9 -20 -25 29 -29 -24
right_child=1 2 3 6 5 -7 -8 9 -10 -11 11 -13 -14 -15 -16 16 -18 -19 19 21 -22 -23 23 26 -26 -27 -28 28 -30 -31
leaf_value=0.003885459390314038 -0.0047671803060875626 -0.0024175856835653257 -0.0011597757472491953 0.0003916659945652371 0.010351724908436343 0.0093292489923131328 -0.0010478954016257692 8.8678086524967564e-05 -0.0020944416724629476 0.00025096206206558561 -0.0030434206031954704 -0.00033324179010951532 -0.00058432837980188228 0.00041135113139210093 -0.00084766991220029512 -0.00049289380413025891 0.031321375206287326 -0.00048405713174766722 -0.00056421346610035258 -0.0007313477350357517 0.014988231813893409 -0.00091851361782768347 0.0057107943852509994 -0.0015354518788579263 -0.00055717247416495316 0.00066111570767019403 -0.00024685513866109902 0.0081362007595491004 -0.00061791866647138152 -0.0012934227177301425
leaf_weight=77 78 101 142 167 60 248 277 1939 68 172 112 193 61 645 206 89 64 371 1376 83 62 120 228 422 415 105 675 87 109 594
leaf_count=77 78 101 142 167 60 248 277 1939 68 172 112 193 61 645 206 89 64 371 1376 83 62 120 228 422 415 105 675 87 109 594
internal_value=-0.00313656 -0.00325695 -0.00303448 -0.00287857 0.0040153 0.00845144 -0.00330026 -0.00298216 -0.00421053 -0.00362554 -0.00388282 -0.0136613 -0.0172569 0.0015738 -0.0037963 -0.00343046 0.00686709 -0.00367471 -0.00326929 -0.0059566 -0.00440891 -0.0173317 -0.0022139 -0.00450708 -0.000148368 -0.00534657 -0.00797187 -0.000752688 0.00835821 -0.00296252
internal_weight=9346 9269 9130 9029 518 376 8511 8234 128 7216 7044 305 139 1018 373 6739 153 6586 6215 1746 1543 203 4469 2115 2354 1481 1097 1018 196 822
internal_count=9346 9269 9130 9029 518 376 8511 8234 128 7216 7044 305 139 1018 373 6739 153 6586 6215 1746 1543 203 4469 2115 2354 1481 1097 1018 196 822
is_linear=0
shrinkage=0.035


Tree=113
num_leaves=31
num_cat=0
split_feature=109 153 69 193 71 93 93 1 214 215 150 93 125 8 153 132 13 60 274 224 274 183 115 233 129 44 8 213 12 126
split_gain=13.0226 25.6219 13.8488 13.1103 17.1993 25.874 18.9337 33.5988 17.3837 14.9262 17.7083 18.8002 18.6168 17.789 13.8473 17.6742 16.9534 18.2758 22.8908 21.1639 19.0644 29.2273 24.1647 21.1128 32.9495 19.0047 20.6692 17.8794 16.0475 15.8892
threshold=0.72440001368522655 0.41769711615583927 -8.5226841791434556 -0.92368040082499581 469.00000000000006 422.00000000000006 1593.5000000000002 777.50000000000011 0.0044000037014484414 -0.015550017356872557 0.030299995094537738 4290.5000000000009 5.457249879837037 -19.607498911143924 0.12636257246634852 0.52609997987747203 19.243600338975359 9144.5000000000018 0.098011639389050539 -0.62504552892628695 -0.49800298026131157 0.073841431104765029 4610.5000000000009 5972.1049804687509 595.50000000000011 0.192550003528595 -76.52252031327221 11.719244263735808 8.8857890262366812 4527.5000000000009
decision_type=2 2 2 2 2 2 2 2 2 2 2 2 2 2 2 2 2 2 2 2 2 2 2 2 2 2 2 2 2 2
left_child=3 -2 -3 -1 -5 -6 7 8 -7 10 11 -8 13 -13 15 -12 -16 20 19 -19 -18 -22 28 -24 -25 29 -27 -26 -23 -20
right_child=1 2 -4 4 5 6 9 -9 -10 -11 14 12 -14 -15 16 -17 17 18 25 -21 21 22 23 24 27 26 -28 -29 -30 -31
leaf_value=-0.0014410214327690274 -0.00069414037196391008 -0.00017841490234538906 0.000700786987859417 0.0083730155199099356 -0.0014115775104842987 0.012399017593238857 -0.0017016968142809701 -0.00091371895007646043 0.0033031246140273183 -0.0010047839100104667 -6.4006394242496772e-05 0.0021931037233875032 -0.0015293658020898034 -0.0003796401574626635 -0.0019918495307818026 -0.001906442324591385 0.015006402962123518 -0.002264631542632704 -0.00073547282293925942 0.0067672009967002554 -0.0019825129263124856 0.0012843304081898114 -0.0010014766597484155 0.01289065812385049 -0.00030801263816609639 -0.00054067979457152833 0.019005268018570238 0.0029730812777528214 -0.0007502349137285542 0.0012806104396656988
leaf_weight=346 365 74 67 73 66 77 84 141 171 239 2911 655 77 125 75 159 70 164 69 102 452 213 406 85 1549 61 117 136 110 107
leaf_count=346 365 74 67 73 66 77 84 141 171 239 2911 655 77 125 75 159 70 164 69 102 452 213 406 85 1549 61 117 136 110 107
internal_value=-0.00305422 -0.00849315 0.00407534 -0.00273827 -0.00246264 -0.00261275 -0.00243242 0.00506345 0.0127273 -0.00280141 -0.00253039 0.00196089 0.00353248 0.00517197 -0.00315417 -0.00141138 -0.00459016 -0.00423341 0.001232 -0.00645756 -0.00535525 -0.00578992 -0.00429113 -0.00561669 -0.00394366 0.0070195 0.014918 -0.00503254 0.00458841 -0.00116022
internal_weight=9346 506 141 8840 8494 8421 8355 389 248 7966 7727 941 857 780 6786 3070 3716 3641 620 266 3021 2951 2499 2176 1770 354 178 1685 323 176
internal_count=9346 506 141 8840 8494 8421 8355 389 248 7966 7727 941 857 780 6786 3070 3716 3641 620 266 3021 2951 2499 2176 1770 354 178 1685 323 176
is_linear=0
shrinkage=0.035


Tree=114
num_leaves=31
num_cat=0
split_feature=228 137 173 4 233 173 79 140 69 191 60 82 173 270 225 242 194 153 5 65 91 145 76 2 202 274 143 60 242 93
split_gain=12.4993 11.8885 13.0334 23.2798 23.6564 40.4425 19.7193 17.993 21.387 27.5636 17.2839 27.6462 25.7303 19.8731 23.9374 23.2684 19.5045 19.1695 19.0023 17.0292 16.6657 17.5582 16.6791 15.6823 14.5089 14.3943 28.0847 17.8701 18.6002 19.5298
threshold=-20.532726514356778 112.00000000000001 0.44165397285117219 49.337568224790651 5965.8400878906259 0.9043871133800585 0.022556733528493186 599.50000000000011 -8.7543929825256406 0.12280000001192094 4220.0000000000009 2221.0000000000005 0.63975652810858619 71.247452100491913 0.10320128947607164 38.776130223412494 0.048114820333431473 0.30322005375568944 49.735998912700595 0.42900000512599951 -3.2866245284191904 0.016444840290203672 0.33474999666213995 645.31002807617199 -0.60769515352600567 0.30597205594746862 0.14849999547004702 4312.0000000000009 31.619646453654671 6918.0000000000009
decision_type=2 2 2 2 2 2 2 2 2 2 2 2 2 2 2 2 2 2 2 2 2 2 2 2 2 2 2 2 2 2
left_child=-1 -2 19 4 5 6 -4 -6 9 -9 11 12 -10 14 15 -14 -15 -13 -19 25 22 23 -12 -22 -11 -3 -27 -28 -29 -30
right_child=1 2 3 -5 7 -7 -8 8 10 24 20 17 13 16 -16 -17 -18 18 -20 -21 21 -23 -24 -25 -26 26 27 28 29 -31
leaf_value=-0.001668149387582116 -0.0017816009150757829 -0.0002528091693103993 -0.0015547261662271835 0.0055877246455369178 0.010398666889790305 0.0039715584476024768 0.00010773411844703097 0.00076320302052829093 -0.0020846160161686802 -2.0261669056776227e-05 -0.0012895423044311017 0.010218927194563564 2.203268678047349e-05 -0.0011683261467691326 -0.00018573417571378787 0.011210357894368275 2.324665265961895e-05 -0.00046486207864988643 0.00070281858871491559 -0.00052423237130774238 0.0096785188051159952 -0.00070351034051100998 -0.00019010323225830962 -0.00092298786991973315 -0.00092229785508304754 -0.00028366925191636999 -0.00012925800030768431 -2.8123134730183161e-05 0.00076604653890615553 0.015514802222665476
leaf_weight=259 156 4778 400 121 73 84 61 74 68 72 133 146 184 84 234 92 82 113 60 291 91 197 214 67 286 294 235 122 77 198
leaf_count=259 156 4778 400 121 73 84 61 74 68 72 133 146 184 84 234 92 82 113 60 291 91 197 214 67 286 294 235 122 77 198
internal_value=-0.0029569 -0.00273702 -0.00256547 -0.00447467 -0.00512589 -0.0116455 -0.0156974 -0.00353846 -0.00411671 -0.0110526 -0.00239266 0.00042603 -0.00327103 -0.00113069 0.00231068 0.00921708 -0.011462 0.00896605 0.000983146 -0.0016275 -0.00663366 -0.00126389 -0.0120313 0.00730061 -0.0150413 -0.00120161 0.00278195 0.00692308 0.0114055 0.016375
internal_weight=9346 9087 8931 2936 2815 545 461 2270 2197 432 1765 1063 744 676 510 276 166 319 173 5995 702 355 347 158 358 5704 926 632 397 275
internal_count=9346 9087 8931 2936 2815 545 461 2270 2197 432 1765 1063 744 676 510 276 166 319 173 5995 702 355 347 158 358 5704 926 632 397 275
is_linear=0
shrinkage=0.035


Tree=115
num_leaves=31
num_cat=0
split_feature=109 225 172 19 183 183 20 211 219 39 70 70 226 183 222 37 85 169 184 70 203 145 81 172 112 234 230 142 230 225
split_gain=12.5832 12.7763 12.086 10.7118 19.428 24.2307 17.1749 19.0686 14.4946 13.2191 14.3376 16.9705 16.0284 14.8845 14.2925 13.4415 13.7042 12.7467 14.5636 12.5412 11.7982 11.3684 11.8345 11.1506 13.4925 10.93 11.0225 11.7219 10.6939 13.5642
threshold=0.74645000696182262 0.10575582847269531 0.77265760753934221 525.50000000000011 -0.80370806139399764 -0.73478888894592576 69.928330281433531 -0.79086841997064361 -103.45441238317704 547.50000000000011 3.6035500764846806 4.5163500308990487 0.75522325827082082 0.24586412628338919 3.2863449579284518 3.696200013160706 683.50000000000011 17.392234025443329 0.026228168195459058 5.9000000953674325 -0.84586133593268797 0.019230789436978573 4.1995501518249521 -0.17857142857127623 0.0085106506451268025 0.016273342779982162 -4.2536456744551856 0.80155000090599071 -13.101735431951809 0.097425332001807821
decision_type=2 2 2 2 2 2 2 2 2 2 2 2 2 2 2 2 2 2 2 2 2 2 2 2 2 2 2 2 2 2
left_child=2 -2 3 -1 6 20 8 -8 -5 15 12 13 14 21 -11 16 28 -17 -19 23 -6 22 -12 24 -13 26 27 -25 -7 -30
right_child=1 -3 -4 4 5 9 7 -9 -10 10 11 19 -14 -15 -16 17 -18 18 -20 -21 -22 -23 -24 25 -26 -27 -28 -29 29 -31
leaf_value=0.0076017420348495754 -2.2857412507635777e-06 -0.0010935141971191657 0.0032468969677079836 -0.0028678373795899496 0.00025505307868080491 -0.00077586404172726978 0.0064908431129013008 -0.0011433261478490926 -0.0019820915194418737 -0.00020468207670164997 -0.0013502432363277906 0.0052937613566868868 -0.00010483023612589238 -0.0003179633851182848 -0.0012228039305500276 -0.0015047067933966147 0.0010775758984586203 0.0073403868256938024 -0.0013471261934527958 0.00063820296629599432 0.018457411141458199 0.012942464231582665 0.010884709672878669 -0.0024425662520756908 -0.00067611635981906012 -0.00034227789411641956 -0.0014018648497733453 0.00022152710870704779 3.0679695114424478e-05 -0.00024640642822530982
leaf_weight=70 76 106 99 102 98 622 77 131 80 77 87 64 177 352 230 236 82 67 62 113 62 106 61 61 155 316 268 82 2371 2856
leaf_count=70 76 106 99 102 98 622 77 131 80 77 87 64 177 352 230 236 82 67 62 113 62 106 61 61 155 316 268 82 2371 2856
internal_value=-0.00297936 -0.0119786 -0.0027942 -0.00292889 -0.00303722 -0.00268699 -0.0106329 -0.00361502 -0.0183422 -0.00294497 -0.00531337 -0.0037515 -0.010593 0.00091653 -0.0153686 -0.00213299 -0.00172759 -0.00860811 0.000261194 -0.00641447 0.0106061 0.0072973 0.000915033 -0.00772871 -0.00078125 -0.00980191 -0.0135457 -0.00543919 -0.00193116 -0.00141151
internal_weight=9346 182 9164 9065 8995 8605 390 208 182 8445 2149 1665 484 606 307 6296 5931 365 129 1059 160 254 148 946 219 727 411 143 5849 5227
internal_count=9346 182 9164 9065 8995 8605 390 208 182 8445 2149 1665 484 606 307 6296 5931 365 129 1059 160 254 148 946 219 727 411 143 5849 5227
is_linear=0
shrinkage=0.035


Tree=116
num_leaves=31
num_cat=0
split_feature=193 137 115 170 115 261 163 115 115 223 9 9 261 36 115 153 190 109 243 127 160 265 160 61 174 153 227 146 125 225
split_gain=12.1244 15.3848 26.6657 24.6988 23.9303 18.2091 19.7987 20.849 16.3619 16.8548 20.4957 35.5653 26.1437 18.0912 16.3536 16.0673 31.1018 15.5411 15.1462 15.0929 17.0789 14.9174 14.6205 14.854 20.0297 17.3709 14.4994 17.5092 15.9945 26.5407
threshold=-0.92368040082499581 6506.0000000000009 8277.5000000000018 0.034749999642372138 8531.0000000000018 573.71499633789074 0.11463323784747785 7085.0000000000009 8531.0000000000018 2.5018898387794875 -7.0134185845314212 14.534969340376859 531.28500366210949 -12.809159032028825 14368.000000000002 -0.63416730740377447 -0.0029999949038028713 0.63085001707077037 6.2811900303461838 620.50000000000011 0.04149999842047692 1.5993692297111564 0.067000016570091261 635.50000000000011 -0.012427864623419068 0.023955753315243144 0.34409848599814558 -1.2863499006687629 4.5962998867034921 0.19083122214302553
decision_type=2 2 2 2 2 2 2 2 2 2 2 2 2 2 2 2 2 2 2 2 2 2 2 2 2 2 2 2 2 2
left_child=21 8 3 5 -4 6 7 -3 15 -10 -11 17 -13 -14 -15 16 -2 -12 -5 20 -8 -1 23 24 25 -6 28 -28 29 -17
right_child=1 2 4 18 22 -7 19 -9 9 10 11 12 13 14 -16 26 -18 -19 -20 -21 -22 -23 -24 -25 -26 -27 27 -29 -30 -31
leaf_value=-0.002481635984232716 -0.0023771782331356243 0.0087816257148822397 0.0039682580563993727 0.0067170985179602479 -0.00032403800160270892 -0.0011583698982408754 -0.0010651438975741807 -0.0004541932414625394 -0.0015966441198660632 -0.0026070583220012566 -7.1111112724219774e-05 0.0014150428369840346 0.00019391785856518907 -0.0013444452136675167 0.00016606861588386592 0.00010258147646643679 0.004524954037098336 0.0091550962096764166 -0.00071149034019172728 -4.3700754144176962e-05 -0.00038670520227431871 0.00027943468446762045 -0.0026741777576568364 -0.00026022312964757422 -0.00035952698048392966 0.00024436135716769951 -0.0019265077950870104 -9.0303643307666773e-05 -0.00030803220806067456 0.010557099247514426
leaf_weight=260 121 114 114 71 264 209 380 135 134 62 76 161 100 237 65 1122 66 110 61 140 126 88 69 1452 601 733 221 626 1093 335
leaf_count=260 121 114 114 71 264 209 380 135 134 62 76 161 100 237 65 1122 66 110 61 140 126 88 69 1452 601 733 221 626 1093 335
internal_value=-0.00294942 -0.00269799 -0.004154 -0.00851732 -0.00247529 -0.0102254 -0.00797222 0.000413386 -0.00125827 -0.00534211 -0.00338848 -0.00171751 -0.00610035 -0.0108354 -0.0150489 -0.000175536 -0.010026 0.0113613 0.00562044 -0.0111828 -0.0139726 -0.00932011 -0.00305858 -0.00268085 -0.000349345 0.00268962 0.000380658 -0.00357394 0.00169863 0.00409371
internal_weight=9346 8998 4469 1236 3233 1104 895 249 4529 945 811 749 563 402 302 3584 187 186 132 646 506 348 3119 3050 1598 997 3397 847 2550 1457
internal_count=9346 8998 4469 1236 3233 1104 895 249 4529 945 811 749 563 402 302 3584 187 186 132 646 506 348 3119 3050 1598 997 3397 847 2550 1457
is_linear=0
shrinkage=0.035


Tree=117
num_leaves=31
num_cat=0
split_feature=269 148 222 90 19 17 49 45 82 93 93 271 122 61 124 59 203 115 211 85 129 217 7 211 93 8 141 235 211 203
split_gain=11.5884 18.3947 19.6496 20.5598 16.7473 14.8606 16.6992 44.7513 26.2165 21.4981 19.8977 14.784 17.6486 14.4175 13.4322 13.802 16.8158 25.0761 15.8483 15.7432 16.9567 14.4586 29.8824 27.004 24.5957 20.5722 15.2498 15.4527 14.6656 25.4666
threshold=7.684228842606001 6887.0000000000009 19.740664223610107 0.012295121731772817 595.50000000000011 20.036886966960935 1345.0000000000002 10.188441906951418 6455.5000000000009 1593.5000000000002 893.00000000000011 4.0639247976959885 29.855546268412734 880.50000000000011 -5.5185237478442932 4.6956498622894296 0.88717152206651517 17620.000000000004 -0.073957568170840718 683.50000000000011 679.50000000000011 49.160266996082647 -109.15173474671344 -0.073957568170840718 13982.500000000002 -93.419147271683968 45.755502129329891 0.11642469096406761 -0.26393968006911595 -0.13078030447028302
decision_type=2 2 2 2 2 2 2 2 2 2 2 2 2 2 2 2 2 2 2 2 2 2 2 2 2 2 2 2 2 2
left_child=5 2 3 11 -4 6 7 -1 -9 10 -8 -2 -13 -5 -11 19 17 18 -17 20 21 22 28 25 -25 -23 27 -24 -16 -30
right_child=1 -3 4 13 -6 -7 9 8 -10 14 -12 12 -14 -15 15 16 -18 -19 -20 -21 -22 23 26 24 -26 -27 -28 -29 29 -31
leaf_value=-0.0029019672104044713 0.0074146565182861999 0.0047446951523779108 -0.0034984408611018173 -0.00082782352885685034 -0.00025474125305427421 -0.0013894121457563014 -0.00038153054453374252 -0.0036929868740350762 0.0077574114353900527 -0.00099091590609640362 0.010778395997330849 -0.000992435336908239 0.0073310013523235351 0.00035814482367446529 0.019244382545758873 -0.0038177629880354782 -0.0010086315634002714 0.0092821149522472265 -0.00023513455614974091 0.00025304516706640967 -0.0019535937592301115 -0.0029390934278371553 -7.8153942726335589e-05 5.6883747221605504e-05 -0.0048097714280078254 -3.7477645538260834e-05 0.0047439762445670086 -0.00055115303082602768 -0.0018121478996159608 0.016372874629602671
leaf_weight=156 105 139 87 145 101 533 188 98 87 103 174 95 124 74 103 154 215 66 605 93 65 228 3543 607 96 98 122 960 113 69
leaf_count=156 105 139 87 145 101 533 188 98 87 103 174 95 124 74 103 154 215 66 605 93 65 228 3543 607 96 98 122 960 113 69
internal_value=-0.00288204 0.00096 -0.00128397 0.00210766 -0.0108808 -0.00327674 -0.00289318 -0.0104191 0.00128947 -0.00254897 0.00572207 0.00765957 0.00234375 -0.00609375 -0.00296618 -0.00277863 -0.00649761 -0.0041747 -0.00600131 -0.00213946 -0.00236479 -0.002161 -0.00136724 -0.0059236 -0.00202684 -0.0141692 -0.0020486 -0.00238354 0.00953448 0.00336898
internal_weight=9346 870 731 543 188 8476 7943 341 185 7602 362 324 219 219 7240 7137 1040 825 759 6097 6004 5939 4910 1029 703 326 4625 4503 285 182
internal_count=9346 870 731 543 188 8476 7943 341 185 7602 362 324 219 219 7240 7137 1040 825 759 6097 6004 5939 4910 1029 703 326 4625 4503 285 182
is_linear=0
shrinkage=0.035


Tree=118
num_leaves=31
num_cat=0
split_feature=193 49 11 17 137 115 4 160 115 93 115 222 215 163 115 5 8 153 104 11 102 137 93 104 193 13 203 52 115 115
split_gain=11.3794 18.9774 14.1882 13.5603 14.1766 28.2969 20.8802 20.7919 19.8423 18.8988 17.1741 23.2653 24.1085 28.8221 21.9492 18.4891 26.4719 22.6401 21.2175 24.0121 22.7882 31.2558 21.7665 27.3123 32.2653 24.8001 24.5692 21.2167 20.2019 26.8201
threshold=-0.92368040082499581 524.50000000000011 131.04070340593574 58.82685373258645 6506.0000000000009 8277.5000000000018 58.799595303249113 0.047499999403953559 9304.0000000000018 8319.5000000000018 9335.0000000000018 14.98919747204614 -0.051300000399351113 0.47244042803441111 12314.000000000002 -53.979758323459393 -234.79758182376406 -0.69900803098010311 9145.5000000000018 213.89106124582528 -3.1891427016501002 3081.0000000000005 8443.0000000000018 3611.0000000000005 0.063440350757982975 32.648203963719119 0.81512002641944969 659.50000000000011 5626.5000000000009 5090.5000000000009
decision_type=2 2 2 2 2 2 2 2 2 2 2 2 2 2 2 2 2 2 2 2 2 2 2 2 2 2 2 2 2 2
left_child=2 -2 -1 4 6 7 10 -6 9 -7 15 12 13 -12 -14 -3 -17 -18 19 22 21 -20 25 -24 -25 -19 28 -22 29 -27
right_child=1 3 -4 -5 5 8 -8 -9 -10 -11 11 -13 14 -15 -16 16 17 18 20 -21 27 -23 23 24 -26 26 -28 -29 -30 -31
leaf_value=-0.0026158643000340981 0.0095343251870374651 -0.0024983727335873319 0.00037618336429226187 -0.0039032052335349118 -0.00064332202263465098 0.015130804131382789 0.0090235718146243447 0.00013877447979876822 -0.00016292186684593177 1.9949607397190261e-05 0.0052427755444310799 -0.0017144862620020087 -0.0023046952476944911 -0.00077890795770344749 0.00021512954597767588 0.013890570165894098 -0.0018394691298896622 0.011948152910367217 -0.00093851905888243448 -0.00098535559130124022 -0.0021058376245380742 0.0041842542862066531 -0.0014688805010680379 -0.0012489594089875574 0.0063633464502691568 0.00014753487976830259 0.012498105645635273 0.0022195311073759214 -0.00083454070386214613 0.012569248742772753
leaf_weight=287 60 119 61 67 981 88 68 249 2848 294 240 238 171 65 103 89 81 242 304 123 395 268 119 240 150 922 102 98 185 89
leaf_count=287 60 119 61 67 981 88 68 249 2848 294 240 238 171 65 103 89 81 242 304 123 395 268 119 240 150 922 102 98 185 89
internal_value=-0.00294942 -0.00270576 -0.00912181 -0.00284133 -0.00271688 -0.0041075 -0.00130774 -0.00861538 -0.00238022 0.0050646 -0.00161799 -0.00617397 -0.00233733 0.00440323 -0.00978495 -0.000555084 -7.18054e-05 -0.000589828 -0.000118754 0.00186495 -0.00415421 0.000606586 0.00277751 -0.00347276 0.00106329 0.0048479 0.002901 -0.00962851 0.00145712 0.00341043
internal_weight=9346 8998 348 8938 8871 4460 4411 1230 3230 382 4343 817 579 305 274 3526 3407 3318 3237 2172 1065 572 2049 509 390 1540 1298 493 1196 1011
internal_count=9346 8998 348 8938 8871 4460 4411 1230 3230 382 4343 817 579 305 274 3526 3407 3318 3237 2172 1065 572 2049 509 390 1540 1298 493 1196 1011
is_linear=0
shrinkage=0.035


Tree=119
num_leaves=31
num_cat=0
split_feature=39 37 137 38 136 163 93 230 148 242 36 93 205 111 146 233 11 190 261 19 34 242 270 163 163 213 38 242 274 153
split_gain=10.8086 14.6319 15.0094 22.0113 23.1715 15.4552 23.6252 14.4033 15.84 20.7522 13.7355 13.4822 16.5341 22.2132 14.6479 14.8595 20.0888 26.9341 18.3036 27.6758 33.3277 19.0681 25.0427 17.8455 24.0777 26.5353 23.3073 28.8545 17.6721 16.9649
threshold=547.50000000000011 3.696200013160706 377.50000000000006 3742.5000000000005 3.1978499889373784 -0.54368407294231991 960.00000000000011 -25.943016283399562 13582.000000000002 68.502144854713592 -8.8005880210027545 1897.0000000000002 0.01350499899911123 34.17641872887954 -2.212922933083374 5944.7448730468759 175.79109533685082 -0.028299994766712185 537.11001586914074 606.50000000000011 3.3797149370935862 58.890373161533326 38.108499932913141 -0.031878237663749538 0.25622646352078854 11.212468797422106 9898.5000000000018 43.786816284829946 0.84857322100025823 0.65232436321690079
decision_type=2 2 2 2 2 2 2 2 2 2 2 2 2 2 2 2 2 2 2 2 2 2 2 2 2 2 2 2 2 2
left_child=1 2 3 4 -1 6 -4 -7 11 -10 -5 12 -9 -14 -13 16 23 -18 19 21 -21 22 -17 -16 26 28 27 -25 -26 -20
right_child=-2 -3 5 10 -6 7 -8 8 9 -11 -12 14 13 -15 15 18 17 -19 29 20 -22 -23 -24 24 25 -27 -28 -29 -30 -31
leaf_value=0.012681392635945941 -0.00034898154241293781 -0.0009899443299553124 -0.0016381766790658104 -0.0022011486390294301 -0.0050498370996534536 -0.0025067865804913104 0.013713005271562929 0.010730881339670262 -0.00040575207238546161 -0.00333028984725099 -0.00017099098167003794 -0.00099816202132087034 0.013487778327043039 -0.0011678538537101886 -0.0019927822010165704 0.0070677074998297942 -0.00063589819310075856 0.011601732771161243 -0.00011948387776885312 -0.00016721266464939241 0.011291055352846203 0.0030443291764464977 -0.00091634108447957371 0.015842048509891474 -0.00046792253449311807 -0.001681867187229217 -0.0014258001332578582 0.00011538531356383109 0.0073330815604123866 0.0005521391766827652
leaf_weight=62 2365 378 72 149 73 140 143 116 110 78 90 231 60 65 293 62 97 115 2770 100 196 254 374 71 224 154 95 177 64 168
leaf_count=62 2365 378 72 149 73 140 143 116 110 78 90 231 60 65 293 62 97 115 2770 100 196 254 374 71 224 154 95 177 64 168
internal_value=-0.00281467 -0.00211924 -0.00173199 -0.00849604 0.00275 -0.00131938 0.00779545 -0.00165144 -0.00138119 -0.0112435 -0.0147746 -0.00104551 0.00697154 -0.00188462 -0.00140642 -0.00101935 -0.00427027 0.00548387 5.34487e-05 0.00416751 0.0130233 0.000302158 -0.00412698 -0.00620499 -0.00341139 -0.00876957 0.00352011 0.00913043 -0.00238908 -0.00133197
internal_weight=9346 6981 6603 374 135 6229 215 6014 5874 188 239 5686 241 125 5445 5214 1290 212 3924 986 296 690 436 1078 785 442 343 248 288 2938
internal_count=9346 6981 6603 374 135 6229 215 6014 5874 188 239 5686 241 125 5445 5214 1290 212 3924 986 296 690 436 1078 785 442 343 248 288 2938
is_linear=0
shrinkage=0.035


Tree=120
num_leaves=31
num_cat=0
split_feature=126 126 82 173 153 240 104 274 115 19 69 71 63 69 153 13 13 274 152 10 104 163 104 241 225 93 225 135 93 93
split_gain=13.9689 19.0227 16.742 15.5701 27.6324 13.1137 15.7509 17.1866 36.8553 15.9253 15.8866 15.1788 20.4021 20.9264 26.8023 25.7062 20.6657 18.2629 15.8952 14.8071 13.5319 18.6164 15.8894 15.3958 13.3809 40.0684 24.4336 30.1245 18.5288 21.2794
threshold=28114.000000000004 12507.000000000002 27395.500000000004 -0.92813874705413391 -0.69900803098010311 16.368440745484495 9480.5000000000018 -0.49800298026131157 1456.5000000000002 570.50000000000011 -6.4770683072432549 19044.000000000004 661.50000000000011 -4.8661107509078496 -0.34677301759810858 70.333382272862465 60.049428494156317 0.16724183503178555 -0.10369546409557411 -10.341310117128492 4279.5000000000009 0.069345419470704175 307.00000000000006 0.61383731208453096 0.08696246031899009 9053.5000000000018 0.24625278730459779 -0.88996967065750165 6052.0000000000009 1652.5000000000002
decision_type=2 2 2 2 2 2 2 2 2 2 2 2 2 2 2 2 2 2 2 2 2 2 2 2 2 2 2 2 2 2
left_child=1 2 3 -1 -5 6 7 8 9 -6 -11 12 13 15 -15 16 18 -16 -8 -9 22 -22 -7 -23 28 26 -26 -28 29 -21
right_child=-2 -3 -4 4 5 20 11 19 -10 10 -12 -13 -14 14 17 -17 -18 -19 -20 24 21 23 -24 -25 25 -27 27 -29 -30 -31
leaf_value=0.0077504462807037964 -0.0011710231954467913 0.00061101100371422279 -0.0017029886334239204 -0.0031547949818588497 0.0056352175673812423 0.0030962885244763369 -0.00061405224569999672 -0.0035550197123449855 0.019867018389800709 0.0016310386326946317 -0.002434949345597653 -0.0022181795750838233 0.0026489463185026844 0.00019601845233856068 -0.0031388732000666914 -0.001365040988762893 0.012562773209414903 -0.00060039934035912494 0.00011926550219449328 0.0086688973096135779 0.00060097380634465184 -0.0025783081800003901 -0.0013119776804139816 0.0010631485131339428 -0.00013262426010842156 -0.00045847796001676134 0.015250143980157968 -0.00029447326446482819 6.482149750266509e-05 -0.00065609314555189319
leaf_weight=65 98 674 64 125 66 64 120 91 94 76 101 66 202 62 219 91 64 106 299 61 231 129 523 66 1155 1812 238 208 1715 461
leaf_count=65 98 674 64 125 66 64 120 91 94 76 101 66 202 62 219 91 64 106 299 61 231 129 523 66 1155 1812 238 208 1715 461
internal_value=-0.0027997 -0.00265536 -0.00310059 -0.00295948 -0.00309408 -0.00284204 -0.00232153 -0.00158803 0.00603801 -0.00127016 -0.00673077 -0.00592788 -0.00494435 -0.00706522 -0.0133036 -0.00278066 0.000502049 -0.0172879 -0.00239387 -0.00204055 -0.0065668 -0.00178654 -0.00999155 -0.009625 -0.00180725 -0.00318461 0.000849938 0.00776053 0.00029661 -0.00544592
internal_weight=9346 9248 8574 8510 8445 8320 7307 6078 337 243 177 1229 1163 961 387 574 483 325 419 5741 1013 426 587 195 5650 3413 1601 446 2237 522
internal_count=9346 9248 8574 8510 8445 8320 7307 6078 337 243 177 1229 1163 961 387 574 483 325 419 5741 1013 426 587 195 5650 3413 1601 446 2237 522
is_linear=0
shrinkage=0.035


Tree=121
num_leaves=31
num_cat=0
split_feature=228 27 20 243 39 57 199 147 116 57 267 90 169 87 243 230 196 274 115 71 125 124 49 49 54 5 71 192 160 137
split_gain=11.9387 12.6939 27.7349 11.5272 11.4868 14.1106 13.1874 15.5422 12.503 12.412 14.9975 14.9502 12.4941 12.803 17.1211 16.2763 15.47 14.7435 20.5633 18.097 18.8329 17.6241 13.7756 18.6757 14.6297 16.2611 17.2457 20.4317 13.9513 12.5809
threshold=-12.111831051880849 886.50000000000011 73.450423543982581 18.703688684945128 547.50000000000011 0.010526597477833547 16.809349314908086 2.6385999917984013 24.500000000000004 0.013652022825973642 -6.5270516322069021 0.0046511833037705423 18.097728764283399 0.49355000257492071 6.456491197877658 -7.927245363237855 -0.96592257168329421 -0.48011803359897509 869.50000000000011 4421.0000000000009 4.9184000492095956 -1.7144569996730412 18024.000000000004 13893.000000000002 0.25345000624656683 58.045202035999125 7277.5000000000009 -0.46093441149960851 0.034700002521276481 10760.000000000002
decision_type=2 2 2 2 2 2 2 2 2 2 2 2 2 2 2 2 2 2 2 2 2 2 2 2 2 2 2 2 2 2
left_child=-1 2 -2 4 5 8 7 -6 -3 10 -7 -12 13 14 15 -11 -16 18 -15 -19 21 29 23 24 25 26 -22 -28 -25 -21
right_child=1 3 -4 -5 6 9 -8 -9 -10 12 11 -13 -14 17 16 -17 -18 19 -20 20 22 -23 -24 28 -26 -27 27 -29 -30 -31
leaf_value=-0.0010879737665456283 -0.0030224156373445119 -0.0057700074118390669 0.00065912177507904037 0.015566933965967285 -0.0011836193988851215 -0.0028657021328916382 -8.2273064977345109e-05 -0.00033981455019310301 -0.00053433644177417535 -0.00069602157309930283 -0.00067258170366561677 0.0033238862568814639 0.00052279551813503027 -0.00030098429203897635 0.0036445985455475448 -5.1039268589414544e-06 -0.0009332924174038366 -0.0010715162178374417 0.015703272984399996 0.00016698566684026834 0.0031892559020901667 0.00052157095372796787 -0.0015910335136243667 0.01225169217338108 -0.0013204064177193997 0.0039403204836519264 -0.0031053666617015937 -0.00014624165566383242 -0.00024111923132329137 -0.0002279579177949265
leaf_weight=740 91 60 80 82 243 76 893 960 99 262 73 300 365 100 64 1269 813 191 128 910 83 301 77 60 263 64 60 203 61 375
leaf_count=740 91 60 80 82 243 76 893 960 99 262 73 300 365 100 64 1269 813 191 128 910 83 301 77 60 263 64 60 203 61 375
internal_value=-0.00279221 -0.00242248 -0.011733 -0.0022269 -0.00235762 -0.00160412 -0.00459781 -0.00698262 -0.0117378 -0.00133049 0.00424009 0.00712963 -0.00177662 -0.00221025 -0.00409034 -0.0018457 -0.00797619 -0.000631725 0.00781116 -0.00137203 -0.000554427 0.0017159 -0.00467466 -0.00324155 -0.0055236 -0.0013494 -0.00438746 -0.00875 0.00916667 -8.13953e-05
internal_weight=9346 8606 171 8435 8353 6257 2096 1203 159 6098 449 373 5649 5284 2408 1531 877 2876 228 2648 2457 1586 871 794 673 410 346 263 121 1285
internal_count=9346 8606 171 8435 8353 6257 2096 1203 159 6098 449 373 5649 5284 2408 1531 877 2876 228 2648 2457 1586 871 794 673 410 346 263 121 1285
is_linear=0
shrinkage=0.035


Tree=122
num_leaves=31
num_cat=0
split_feature=126 126 82 192 205 17 25 153 200 241 69 126 49 123 153 160 28 71 148 57 183 148 189 207 179 208 169 203 26 230
split_gain=12.6978 15.8721 15.0331 13.57 14.8802 12.5722 18.8557 15.5536 30.6379 14.5933 13.9206 20.3618 17.2213 16.5941 16.3685 23.3777 15.7644 15.2785 20.1463 14.05 13.7098 15.2679 13.5927 12.9887 12.9721 15.6474 13.7478 12.5829 12.5499 16.452
threshold=28114.000000000004 12507.000000000002 27395.500000000004 -0.80766510716793316 0.015196257676393193 12.716129901165775 -10.125844192021807 -0.69900803098010311 -0.0087500009685754759 1.0237362575260536 -4.564148097742379 11358.500000000002 27277.000000000004 0.014723934549185877 0.10018928284399006 0.049300007522106178 605.50000000000011 15733.500000000002 1700.0000000000002 0.010526597477833547 0.053096116802824077 6780.5000000000009 16.462283084401143 0.07260306336509155 18.069190532002253 -0.04765000939369201 16.616785298743171 0.80887959639516771 2.0938500165939335 -5.1332690028560437
decision_type=2 2 2 2 2 2 2 2 2 2 2 2 2 2 2 2 2 2 2 2 2 2 2 2 2 2 2 2 2 2
left_child=1 2 5 -3 -5 7 9 8 -1 -7 12 13 17 14 15 16 22 19 -19 -9 21 -16 -12 -22 25 -8 -27 -18 29 -21
right_child=-2 3 -4 4 -6 6 24 10 -10 -11 11 -13 -14 -15 20 -17 27 18 -20 28 23 -23 -24 -25 -26 26 -28 -29 -30 -31
leaf_value=-0.0044320020269489621 -0.0011241430075300146 -0.0038772270439189284 -0.0016177005262184704 0.0043067476939439133 -0.00038334026258928959 -0.0012840418446660674 0.0012291544268355483 -0.004521304694590912 0.00080240479185700526 0.0003304961493001263 0.0032491943821136792 -0.0024203728380568952 0.012142888319341166 -0.00067811190443845546 -0.0045124657599725252 -0.0025239806509487093 0.011986829044566981 -8.9432656147880875e-06 -0.0008783166915451358 0.00068690082249048441 -1.3075626179459011e-05 -0.00017538036357804044 -0.00033971872683953634 -0.0014119972331802151 0.00058281928039679697 -6.3162049041248787e-06 -0.0010286877613336005 -0.00011731335895839164 4.905184935809271e-05 -0.00029875601726789969
leaf_weight=70 98 64 64 372 238 605 68 61 60 83 93 97 62 475 169 119 168 277 256 199 537 105 329 75 111 295 333 70 2897 896
leaf_count=70 98 64 64 372 238 605 68 61 60 83 93 97 62 475 169 119 168 277 256 199 537 105 329 75 111 295 333 70 2897 896
internal_value=-0.00271736 -0.0025797 -0.00298636 0.00257732 0.00421138 -0.00285261 -0.00576333 -0.00222863 -0.014 -0.01 -0.00199637 -0.00426182 -0.000902643 -0.00352448 -0.00186527 0.00183036 0.00442105 -0.00115879 -0.00670074 -0.000422622 -0.00510662 -0.0115412 0.000327869 -0.00215559 -0.00211207 -0.00389444 -0.00563981 0.0115226 -0.000157618 -0.00334091
internal_weight=9346 9248 8574 674 610 8510 1495 7015 130 688 6885 2237 4648 2140 1665 779 660 4586 533 4053 886 274 422 612 807 696 628 238 3992 1095
internal_count=9346 9248 8574 674 610 8510 1495 7015 130 688 6885 2237 4648 2140 1665 779 660 4586 533 4053 886 274 422 612 807 696 628 238 3992 1095
is_linear=0
shrinkage=0.035


Tree=123
num_leaves=31
num_cat=0
split_feature=193 49 270 270 49 93 93 80 235 113 267 260 175 163 135 271 82 225 199 179 203 150 170 169 75 88 16 13 246 163
split_gain=14.4896 14.4886 14.0552 16.1525 13.2925 17.3697 17.2993 16.7399 15.1942 14.4866 14.0468 14.2836 13.0737 15.1898 13.3913 17.0767 24.7119 17.4329 15.3315 14.7734 23.6318 17.2482 16.7762 16.5136 18.7023 17.4297 15.3391 15.0266 14.9503 14.7657
threshold=-0.92368040082499581 524.50000000000011 113.90720409811972 125.89625135052047 1345.0000000000002 1593.5000000000002 960.00000000000011 -6.3648220418497807 0.19248995568377228 -1.5228419138420721 -7.3334112761691541 0.12517307157590429 0.0077235068460630883 -0.5031992417937835 -1.7593839215098166 7.3207605721831248 1779.5000000000002 0.13025542846861857 14.10605457752477 17.97667608999074 0.74256421857655119 0.026399996131658558 0.012199999764561655 16.967271696208773 -5.9183625678421716 0.12435000017285348 -4.1039783415730549 20.612839909534298 0.46638197309505097 0.76468789920224223
decision_type=2 2 2 2 2 2 2 2 2 2 2 2 2 2 2 2 2 2 2 2 2 2 2 2 2 2 2 2 2 2
left_child=2 -2 -1 -4 7 6 -6 -3 10 -10 11 -7 -12 -14 15 17 -17 29 -16 23 21 -21 -22 24 27 -26 -24 28 -20 -15
right_child=1 4 3 -5 5 8 -8 -9 9 -11 12 -13 13 14 18 16 -18 -19 19 20 22 -23 26 -25 25 -27 -28 -29 -30 -31
leaf_value=-0.0017116967953204317 0.0087814039266639089 -0.0020023090089000013 0.0044238331446089492 -0.0031075688211912905 -0.0003424796986444018 -0.0036877166128271924 0.010536974445223651 -6.4791736343620406e-05 -0.00038821195714670636 -0.0020448972396272308 -0.0025303347039127119 -0.00014066555079931821 0.010682482138473207 0.00037338388875840403 0.00042017014628928183 0.0054265988019220395 -0.0025948962633137217 -0.00081260719067540409 -0.00033107920623721618 0.011391975837056041 -0.0017533036296270717 0.00031836762054800741 -0.0026658378378466904 -0.00034778577081518049 0.012110343127073611 -5.3284738946596804e-05 0.00011303766378119197 -0.00013930176883666768 0.009919702584931302 -0.00074924367886464399
leaf_weight=167 60 87 79 102 165 129 169 84 986 290 123 157 115 291 520 62 219 204 76 84 81 711 68 1567 63 66 216 2252 82 71
leaf_count=167 60 87 79 102 165 129 169 84 986 290 123 157 115 291 520 62 219 204 76 84 81 711 68 1567 63 66 216 2252 82 71
internal_value=-0.00275479 -0.00248028 -0.00971671 -0.00282258 -0.00259868 -0.00240595 0.00536873 -0.0121307 -0.00271688 -0.00622951 -0.00208671 -0.00962199 -0.00176629 -0.00155486 -0.00177689 -0.00587441 -0.0128497 -0.00232925 -0.00117251 -0.00173971 0.00174249 0.00511875 -0.00558108 -0.0027244 -0.000976808 0.0117537 -0.00145329 -0.00168116 0.00858896 0.00228883
internal_weight=9346 8998 348 181 8938 8767 334 171 8433 1276 7157 286 6871 6748 6633 847 281 566 5786 5266 1160 795 365 4106 2539 129 284 2410 158 362
internal_count=9346 8998 348 181 8938 8767 334 171 8433 1276 7157 286 6871 6748 6633 847 281 566 5786 5266 1160 795 365 4106 2539 129 284 2410 158 362
is_linear=0
shrinkage=0.035


Tree=124
num_leaves=31
num_cat=0
split_feature=126 126 38 193 211 233 221 170 132 32 193 173 27 175 11 5 148 193 211 173 271 242 270 137 274 214 126 104 208 103
split_gain=12.6349 13.0196 13.0477 21.1142 29.4699 22.8477 20.6998 22.0225 18.1365 17.3779 17.3769 16.4156 28.1268 14.7401 20.0375 21.404 14.4574 16.9155 19.1332 16.7889 14.2758 14.2569 25.5758 22.0464 29.9637 21.2221 21.1954 24.554 19.8893 17.2103
threshold=28114.000000000004 12507.000000000002 9898.5000000000018 0.56754517448622066 0.14441578544968575 5952.1298828125009 49.668121970088656 0.021499995142221454 0.13629999756813052 0.12635000050067904 -0.080618022110518384 -0.92813874705413391 886.50000000000011 0.027916770915346268 99.686900094269888 63.863385744195227 9215.0000000000018 0.14055107729045677 -0.11018692739185572 -0.14545786340242425 2.4615019114390337 47.432148707055269 72.211901120409365 13137.500000000002 0.92009938770320143 0.083949998021125807 522.00000000000011 221.00000000000003 -0.064549982547759996 3.7809500694274907
decision_type=2 2 2 2 2 2 2 2 2 2 2 2 2 2 2 2 2 2 2 2 2 2 2 2 2 2 2 2 2 2
left_child=1 2 11 4 10 -5 8 -8 -7 -10 13 -1 -13 14 -4 -16 17 18 -12 -19 -6 22 25 24 26 -14 27 -23 -28 -30
right_child=-2 -3 3 5 20 6 7 -9 9 -11 16 12 21 -15 15 -17 -18 19 -20 -21 -22 23 -24 -25 -26 -27 28 -29 29 -31
leaf_value=0.0078065912728219567 -0.0011375731809385146 0.00042368289188921302 -0.0022500620350997804 -0.004624499577782386 -0.00022569440682433664 -0.0018734596479091003 0.025115637037756086 -0.00018100931776924347 0.0096292656976906948 -0.00014218364352767577 -8.781820400414892e-05 -0.0033873437822758996 -7.3317420814683626e-05 0.0031687507174218755 0.006023455742428927 -0.00098724388154003786 -0.0017599761766990867 0.00063523980842304097 0.017223867360324115 -0.00042133869346560248 -0.0010481573761155576 0.0033226059769636282 0.013276647714887178 -0.0011006609285851188 0.013283473548431549 0.0055222782326373992 0.0061162099617427428 -0.00092811723853724497 -0.001032817586769324 -0.00021825713204952512
leaf_weight=63 98 674 308 87 95 78 70 62 81 283 68 116 3223 61 64 96 70 78 83 206 336 69 112 194 60 99 83 250 453 1726
leaf_count=63 98 674 308 87 95 78 70 62 81 283 68 116 3223 61 64 96 70 78 83 206 336 69 112 194 60 99 83 250 453 1726
internal_value=-0.0027473 -0.00260996 -0.0029782 -0.00535429 -0.00769048 -0.000157658 0.00241796 0.0143066 -0.0012528 0.00208672 -0.00444658 -0.00219123 -0.00237167 -0.00884831 -0.0109514 -0.000848485 0.000205882 0.002625 0.011891 -0.00242215 -0.0153326 -0.00204734 -0.000529224 -0.00388204 -0.0030291 -0.00109408 -0.00361369 -0.0119907 -0.00240847 -0.0030609
internal_weight=9346 9248 8574 2126 1465 661 574 132 442 364 1034 6448 6385 529 468 160 505 435 151 284 431 6269 3434 2835 2641 3322 2581 319 2262 2179
internal_count=9346 9248 8574 2126 1465 661 574 132 442 364 1034 6448 6385 529 468 160 505 435 151 284 431 6269 3434 2835 2641 3322 2581 319 2262 2179
is_linear=0
shrinkage=0.035


Tree=125
num_leaves=31
num_cat=0
split_feature=13 193 180 244 193 71 153 49 48 285 173 182 180 272 231 164 137 115 137 170 81 102 242 89 115 183 272 225 183 104
split_gain=14.1507 13.7265 14.7343 13.0744 17.4236 25.0002 14.4286 19.6254 22.8846 13.0199 17.8289 13.8325 11.2668 11.0427 10.6021 12.6504 11.5139 23.6005 17.5648 21.4874 18.0389 17.3107 17.5634 18.6277 17.1122 18.4233 21.4964 18.7096 18.5126 16.579
threshold=12.509650257790405 -0.92368040082499581 0.010700009763240816 -0.0051500052213668815 -0.78938651083361233 4814.5000000000009 -0.63416730740377447 2012.5000000000002 3.3226499557495122 1.0000000180025095e-35 0.2282619043372737 0.22934439718353533 0.0041000172495841989 0.0045000016689300546 0.79812569952986145 0.099999991475703931 6506.0000000000009 8277.5000000000018 7060.0000000000009 0.03050000220537186 4.420300006866456 -2.6593792525962061 21.059618110337311 11.54384326612241 1456.5000000000002 -0.086909080939978942 0.028849989175796512 0.081737633154663605 0.053096116802824077 8012.0000000000009
decision_type=2 2 2 2 2 2 2 2 2 2 2 2 2 2 2 2 2 2 2 2 2 2 2 2 2 2 2 2 2 2
left_child=-1 12 3 4 -3 -6 -5 8 -8 14 11 -11 13 -2 15 -9 21 18 -18 -20 -21 22 -16 -24 -25 26 27 -26 -27 -23
right_child=1 2 -4 6 5 -7 7 9 -10 10 -12 -13 -14 -15 16 -17 17 -19 19 20 -22 29 23 24 25 28 -28 -29 -30 -31
leaf_value=-0.00050436351845929575 -0.00057016155146430078 0.01212769097138724 -0.0035667121104255308 -0.0014376293541190973 -0.0012356863633294253 0.008827246618349863 -0.00092585463331801797 7.4201005537097307e-06 0.01333156010503035 -0.0040374232947506788 0.010831333413719278 -2.7145345786416812e-05 0.00023536461103252666 -0.0028099461672540875 0.0051311138828556398 0.00064166518724318063 -0.0019495795878808448 -0.00010752965702502061 -0.00054987211814539676 -0.00037362261306640444 0.0087168970585353965 -0.00025408384859358678 -0.00085781808390623395 -0.0010006246988326941 -0.00033960671419748403 -0.0015640322738149023 0.015261860180427645 0.0033165320431919501 0.00020003031367960889 -0.0016999081544624508
leaf_weight=114 96 79 70 167 83 81 96 588 128 161 66 60 74 178 168 87 155 2724 752 77 89 658 289 200 202 136 116 291 942 419
leaf_count=114 96 79 70 167 83 81 96 588 128 161 66 60 74 178 168 87 155 2724 752 77 89 658 289 200 202 136 116 291 942 419
internal_value=-0.00270238 -0.00254628 -0.00227585 -0.0021431 0.00578629 -0.000828402 -0.00237115 -0.00216435 0.0079476 -0.00244594 -0.0097089 -0.0144027 -0.00932011 -0.0125448 -0.00217587 0.00200735 -0.00256818 -0.003894 -0.00827922 -0.00637053 0.00491228 -0.00109311 0.000595998 -0.000256763 0.00101744 0.00217199 0.0070114 0.0037249 -0.000581717 -0.00475508
internal_weight=9346 9232 8884 8814 243 164 8571 8404 224 8180 287 221 348 274 7893 675 7218 3797 1073 918 166 3421 2344 2176 1887 1687 609 493 1078 1077
internal_count=9346 9232 8884 8814 243 164 8571 8404 224 8180 287 221 348 274 7893 675 7218 3797 1073 918 166 3421 2344 2176 1887 1687 609 493 1078 1077
is_linear=0
shrinkage=0.035


Tree=126
num_leaves=31
num_cat=0
split_feature=232 256 189 267 225 228 82 133 8 223 60 272 220 27 246 183 93 11 261 174 83 93 37 27 203 137 86 270 274 42
split_gain=11.758 13.2268 11.8158 11.3127 14.2146 19.1466 19.1165 20.9512 20.8062 20.0081 18.7735 23.217 22.5014 17.7119 14.6541 18.3453 18.2598 20.8406 19.204 18.0407 15.4311 15.1881 14.3733 13.9897 13.9545 15.8831 17.2071 17.7281 15.7182 13.487
threshold=0.35977597873104733 12.509650257790405 16.547309103678128 -7.3334112761691541 0.10792318051709418 -14.109331430680049 2308.5000000000005 20.183084267262057 -75.030940181174046 39.332613275555254 4821.0000000000009 0.030800007283687595 82.667911392986113 26547.500000000004 -0.71919470791477258 0.24251656883541842 11518.000000000002 101.35876196711345 575.14501953125011 -0.088935953402309864 553.50000000000011 9053.5000000000018 3.5949499607086186 9577.5000000000018 0.70936448432397314 6089.0000000000009 1.5514531710059123 47.194603348478324 0.13364420642774227 11.539228817172289
decision_type=2 2 2 2 2 2 2 2 2 2 2 2 2 2 2 2 2 2 2 2 2 2 2 2 2 2 2 2 2 2
left_child=2 -2 -1 -3 22 -6 8 -8 -7 -10 11 12 -9 14 -12 16 17 24 -18 -17 -19 23 29 -21 25 26 27 -16 -27 -5
right_child=1 3 -4 4 5 6 7 10 9 -11 13 -13 -14 -15 15 19 18 20 -20 21 -22 -23 -24 -25 -26 28 -28 -29 -30 -31
leaf_value=-0.00027219743764210632 -0.00070801425711544751 -0.0012771642769498887 0.00043999443725513599 0.00099459089753169074 -0.0020979186718714966 -0.0024051401711602462 -0.0013078683177960054 0.0077692060650269724 -0.00032171241661980933 0.0026106668070321366 -0.0024821075084526462 -0.0015880383634988453 -0.001073415252935311 0.005946573207531879 0.015050968112372083 -0.00097945115785926353 0.01022488312685995 -0.00032451266148337936 -0.00011244886297286512 -0.00054697255777750296 0.0094133791561710981 -0.0006229776714068697 -0.00071508068063325168 0.015292123887360355 0.0070211837917305625 -0.0034422975398341435 -0.0013323312592732311 -0.00051894286675094 -0.00045625287818173993 -6.0300125703136595e-05
leaf_weight=82 102 474 196 210 239 121 81 372 481 91 134 108 61 146 106 379 133 82 136 90 124 415 307 62 65 115 234 301 82 3817
leaf_count=82 102 474 196 210 239 121 81 372 481 91 134 108 61 146 106 379 133 82 136 90 124 415 307 62 65 115 234 301 82 3817
internal_value=-0.00258261 -0.00280062 0.0044523 -0.00265299 -0.00235613 -0.00381696 -0.00321993 -0.00207985 -0.00847421 -0.00558059 -0.00161111 0.00429487 0.00791096 -0.002844 -0.00355258 -0.00288536 -0.000303688 -0.00229354 0.00779197 -0.00662461 0.00763033 -0.00263112 -0.000951832 0.0066879 -0.004587 -0.00581257 -0.00308824 0.00127427 -0.0143812 -0.000390625
internal_weight=9346 9068 278 8966 8492 4158 3919 3226 693 572 3145 541 433 2604 2458 2324 1378 1109 269 946 206 567 4334 152 903 838 641 407 197 4027
internal_count=9346 9068 278 8966 8492 4158 3919 3226 693 572 3145 541 433 2604 2458 2324 1378 1109 269 946 206 567 4334 152 903 838 641 407 197 4027
is_linear=0
shrinkage=0.035


Tree=127
num_leaves=31
num_cat=0
split_feature=13 272 115 26 213 107 93 93 25 69 27 163 82 4 242 13 52 93 85 2 274 60 270 261 160 242 270 159 193 82
split_gain=17.5459 11.617 16.9795 14.8597 19.0219 25.173 18.5233 18.2453 17.0844 15.2927 22.3432 20.2764 17.6224 24.994 21.199 20.2144 18.0345 19.5128 25.331 36.3661 22.9717 17.2605 16.5566 18.311 23.5325 16.551 24.9174 19.8417 15.5163 16.4572
threshold=14.708602137676396 -0.014150008559226988 369.50000000000006 2.0307000875473027 10.43512959347251 547.50000000000011 484.50000000000006 1593.5000000000002 -12.141017611105758 -4.7156966675683289 23187.500000000004 0.29844132102685578 2221.0000000000005 -1.7532052086107606 31.760924640138573 40.711577814400819 643.50000000000011 7133.5000000000009 588.50000000000011 566.59500122070324 -0.040181375030821233 9947.0000000000018 44.471568590651138 549.66497802734386 0.039600003510713584 20.681173798605904 32.271817604462136 17.578101914343602 -0.68287366825147655 6537.0000000000009
decision_type=2 2 2 2 2 2 2 2 2 2 2 2 2 2 2 2 2 2 2 2 2 2 2 2 2 2 2 2 2 2
left_child=-1 -2 -3 -4 -5 -6 -7 8 -8 10 25 -12 -11 14 -14 21 17 18 19 -17 -19 -16 -15 24 -24 26 -9 28 29 -27
right_child=1 2 3 4 5 6 7 9 -10 12 11 -13 13 22 15 16 -18 20 -20 -21 -22 -23 23 -25 -26 27 -28 -29 -30 -31
leaf_value=-0.00049572049710457371 0.00064994998510237059 -0.0027065714826895655 -0.00037160479996529538 0.0070557030191439303 -0.0012668896426799377 -0.0014482786698066792 -0.0015473128887827689 -0.00090957893536599784 0.0069937986290324492 -0.00067516904414381858 0.018604080558891505 -0.00028663300863698897 -0.0015125152375530381 0.0056013309829918128 0.0099836617880158882 -0.0070057317982561177 -0.001943079594731064 -0.0035547315959917692 -0.0020775738986084672 0.021680644162860949 0.0047185290172997154 -0.00021825698018837521 -0.00095658904944518014 -0.0002939051325442577 0.01112740128663238 0.00016951295220542646 0.0083663708666341305 -0.00083098609287711239 1.851876064812297e-07 -0.0018152016354498653
leaf_weight=152 86 272 1406 132 195 65 65 65 238 482 81 62 620 145 195 89 182 64 204 90 235 136 89 220 152 74 159 369 2941 81
leaf_count=152 86 272 1406 132 195 65 65 65 238 482 81 62 620 145 195 89 182 64 204 90 235 136 89 220 152 74 159 369 2941 81
internal_value=-0.00265747 -0.00245788 -0.00258093 -0.00231196 -0.00168527 -0.00192661 -0.00158061 -0.00140139 0.00693182 -0.00178116 -0.000328382 0.0130068 -0.00369498 -0.00246702 -0.00451923 -0.00177917 -0.00459148 -0.00193595 -0.00712629 0.00247283 0.00472039 0.00552083 0.00366612 0.000375536 0.00697154 -0.000862209 0.00825328 -0.00146254 -0.000541761 -0.0111562
internal_weight=9346 9194 9108 8836 7430 7298 7103 7038 303 6735 3832 143 2903 2421 1815 1195 864 682 383 179 299 331 606 461 241 3689 224 3465 3096 155
internal_count=9346 9194 9108 8836 7430 7298 7103 7038 303 6735 3832 143 2903 2421 1815 1195 864 682 383 179 299 331 606 461 241 3689 224 3465 3096 155
is_linear=0
shrinkage=0.035


Tree=128
num_leaves=31
num_cat=0
split_feature=13 232 27 67 27 235 113 262 222 127 246 93 145 76 109 221 148 173 150 97 82 246 112 204 183 63 272 214 60 115
split_gain=12.2925 13.5164 12.4565 23.8472 15.8576 14.5528 14.3829 12.3853 18.8941 17.4431 13.4876 12.6789 15.0053 12.4669 17.2022 12.7387 11.8546 12.4892 14.3157 11.2342 14.5142 15.9068 18.1651 12.8286 12.5377 12.7912 11.7285 13.3436 15.5992 16.405
threshold=14.708602137676396 14.537224609261768 2329.0000000000005 15.312912411854652 3208.5000000000005 0.19568157860305749 -1.5120127523556806 -0.1719180390152841 2.4091493966047617 1110.5000000000002 -0.25900776560888633 4995.5000000000009 0.022620213381187998 0.40295000374317175 0.63464999198913585 57.739348911561983 324.50000000000006 0.14620440353434785 0.041049994528293617 8.1645850369849189 3905.0000000000005 0.40726108580880654 0.012507810248857049 -0.024500148767434341 0.91774208087129117 531.50000000000011 0.03860000520944596 0.035200003534555442 5729.0000000000009 3532.5000000000005
decision_type=2 2 2 2 2 2 2 2 2 2 2 2 2 2 2 2 2 2 2 2 2 2 2 2 2 2 2 2 2 2
left_child=-1 2 3 -2 -4 7 -7 9 13 10 -6 -12 16 14 -9 -16 -13 18 -18 20 24 23 -23 -22 25 -3 27 -25 29 -29
right_child=1 19 4 -5 5 6 -8 8 -10 -11 11 12 -14 -15 15 -17 17 -19 -20 -21 21 22 -24 26 -26 -27 -28 28 -30 -31
leaf_value=-0.00047837027970591423 -0.0026865799431943262 0.00034933376463095221 0.0058969053414629794 0.00094775395839694532 0.0052307608186050649 -0.00037837389639241276 -0.0026075167129512517 0.007076120553302063 -0.00018629751904606308 -0.0011760940096705848 -0.0010593851052504569 -0.00024430332069443148 -0.00055729942934088395 -0.00056186076328671407 0.0005395301502161404 -0.00013483352457117543 -0.00059843649222063484 0.0034360080234661573 0.0030508502515341966 0.0011487371807421358 0.00021194646183997498 0.0099090966700707567 -0.00050077613113107657 -0.00031652905537973093 0.0023591763115556521 -0.0017318152425517832 0.0018928707951873583 -0.0023057102405165627 -0.0023297307493241322 0.0057138052260098946
leaf_weight=152 103 86 93 63 131 649 171 135 3750 90 64 83 131 105 255 184 98 308 84 112 204 116 62 502 91 684 157 93 503 87
leaf_count=152 103 86 93 63 131 649 171 135 3750 90 64 83 131 105 255 184 98 308 84 112 204 116 62 502 91 684 157 93 503 87
internal_value=-0.00276227 -0.00259485 -0.00172793 -0.0110526 -0.00147491 -0.0016931 -0.00602424 -0.00103264 -0.00182341 0.0025 0.00398783 0.00217335 0.0035543 0.0035307 0.00556131 0.00212838 0.00599481 0.00806061 0.000748663 -0.00467617 -0.00514865 -0.00327935 0.00650273 -0.00442295 -0.00885104 -0.0102968 -0.00566444 -0.00685294 -0.0100218 -0.00113514
internal_weight=9346 9194 6497 166 6331 6238 820 5418 4429 989 899 768 704 679 574 439 573 490 182 2697 2585 1724 178 1546 861 770 1342 1185 683 180
internal_count=9346 9194 6497 166 6331 6238 820 5418 4429 989 899 768 704 679 574 439 573 490 182 2697 2585 1724 178 1546 861 770 1342 1185 683 180
is_linear=0
shrinkage=0.035


Tree=129
num_leaves=31
num_cat=0
split_feature=13 242 82 215 242 104 254 25 87 137 19 74 242 115 241 213 13 188 27 274 173 55 221 125 60 60 60 33 274 161
split_gain=12.446 11.4357 19.3358 17.4133 12.8933 11.2686 11.7244 17.6747 16.4404 15.9417 15.2612 14.8993 18.4144 14.7542 16.3228 11.5259 21.006 17.9789 15.6253 16.8213 25.7271 17.764 17.0296 24.3586 18.3894 22.6219 21.9843 18.6369 26.0566 19.8118
threshold=14.708602137676396 19.095260803195661 10582.500000000002 -0.03759998828172683 19.854347031450647 41731.000000000007 12.716129901165775 -10.125844192021807 0.53734999895095836 112.00000000000001 647.50000000000011 559.50000000000011 78.862349512377321 4677.0000000000009 0.86321260892363594 11.109263693488389 26.147136172956319 -0.14369998872280118 2329.0000000000005 -0.49800298026131157 -0.40666958705526335 0.33564999699592596 11.657745780372448 4.1495001316070566 8253.0000000000018 13048.500000000002 15824.500000000002 0.21694999933242801 0.1840033505040862 0.17182500287890437
decision_type=2 2 2 2 2 2 2 2 2 2 2 2 2 2 2 2 2 2 2 2 2 2 2 2 2 2 2 2 2 2
left_child=-1 2 -2 -4 -3 6 9 13 10 -6 11 -9 -13 -8 -15 16 -11 -18 -17 21 -21 -20 23 -22 -24 27 -27 29 -29 -26
right_child=1 4 3 -5 5 -7 7 8 -10 15 -12 12 -14 14 -16 18 17 -19 19 20 22 -23 24 -25 25 26 -28 28 -30 -31
leaf_value=-0.00046162731991620859 0.01212004008183944 -0.0013761520807167797 -0.0030347640837485759 0.0010964618630261262 -0.0019436365314987262 0.0045090611580108596 -0.00029895003200621748 -0.0016466098218827164 0.001095841244081487 0.02194473903409886 -0.00087234363310774454 -0.00034744723794352396 0.0077969658671295707 -0.002076344483981302 0.00019710002663779897 -0.0035916153804352279 -0.00099114966739242538 4.1248503420237282e-05 0.012306502474617328 -0.001389388157511013 0.00010964232488422876 -0.00085083288546050802 -0.00021100828548695718 -0.0027911856493141049 0.00010427791317393848 -0.0015387732690077371 0.00040681086324796336 0.00053415762853386845 0.012548661171126352 -0.0028301615178093023
leaf_weight=152 73 74 67 115 138 85 304 131 172 62 161 325 82 376 60 61 65 1534 170 176 186 61 2735 256 588 278 243 327 177 112
leaf_count=152 73 74 67 115 138 85 304 131 172 62 161 325 82 376 60 61 65 1534 170 176 186 61 2735 256 588 278 243 327 177 112
internal_value=-0.00270238 -0.00253397 0.00471154 -0.00149733 -0.00274318 -0.00261612 -0.00274104 -0.00543626 -0.00203767 -0.002132 -0.00442472 -0.00154696 0.00178398 -0.00939597 -0.0134921 -0.00189525 0.000651261 -0.000152743 -0.00268279 -0.00246989 -0.00289199 0.00667373 -0.00241084 -0.00892617 -0.00175588 0.00107225 -0.00499049 0.00370554 0.00880157 0
internal_weight=9346 9194 255 182 8939 8865 8780 1611 871 7169 699 538 407 740 436 7031 1661 1599 5370 5309 5078 231 4902 442 4460 1725 521 1204 504 700
internal_count=9346 9194 255 182 8939 8865 8780 1611 871 7169 699 538 407 740 436 7031 1661 1599 5370 5309 5078 231 4902 442 4460 1725 521 1204 504 700
is_linear=0
shrinkage=0.035


Tree=130
num_leaves=31
num_cat=0
split_feature=137 240 13 233 94 7 148 203 154 132 213 93 183 217 132 183 93 146 69 115 115 10 13 205 153 163 153 274 155 153
split_gain=11.8788 12.0105 13.4065 12.8824 14.0562 12.5172 14.7724 14.1076 12.26 13.2134 11.3875 18.2024 23.4879 19.0734 15.8303 15.2967 35.7843 15.3471 17.7019 25.4308 24.0721 18.7138 16.4805 17.3244 15.8949 20.3073 28.4744 19.4803 21.7003 22.7687
threshold=112.00000000000001 16.368440745484495 14.708602137676396 6633.3698730468759 2689.5000000000005 -38.082680166843552 2088.0000000000005 0.7537623615686202 -0.092105254895815322 0.22479999810457232 11.051778499309034 827.00000000000011 -0.73478888894592576 74.352955512211793 0.16704999655485156 -0.46552158737564076 2112.0000000000005 -2.1652836709337167 -4.564148097742379 2922.0000000000005 4793.0000000000009 16.012625583088465 20.612839909534298 0.017968629315058778 0.00452448115353096 0.19768926161758907 0.27592658090066696 -0.25999415869087594 0.083971422485815309 0.072394656451585021
decision_type=2 2 2 2 2 2 2 2 2 2 2 2 2 2 2 2 2 2 2 2 2 2 2 2 2 2 2 2 2 2
left_child=-1 2 -2 4 5 6 7 -3 9 -7 14 -12 -13 15 -4 16 -14 -17 24 -20 -21 -22 -23 -24 -19 26 27 -26 29 -29
right_child=1 3 10 -5 -6 8 -8 -9 -10 -11 11 12 13 -15 -16 17 -18 18 19 20 21 22 23 -25 25 -27 -28 28 -30 -31
leaf_value=-0.0014443413769973019 -0.00045830785183538259 -0.0039782477098564062 0.012978658172823712 -0.0012477953667714527 0.00099087080291793638 -0.00064285171876685653 -0.00045500859248673038 -0.001576544286809536 -0.00055715977884292483 0.0036215769700858698 -0.0011092610224573947 0.010687284904836751 0.0068544968957295373 -0.0031398272059557776 1.1005014791528046e-05 -0.00078404832460709898 -0.0019268244806791813 -0.00037762417567464905 0.0040271632014819746 -0.0039448275627230493 -0.0027245593868474795 0.0054259127749528768 -0.00015111074317092327 -0.00074156728376618053 -0.0035663905217927509 -3.0411465239120473e-05 0.010954662392101589 0.0048069941492268923 -0.001164529430117502 8.5730484378749032e-05
leaf_weight=163 150 75 67 241 109 62 248 88 164 147 67 115 113 159 1375 293 213 1075 109 166 200 119 1088 214 63 1600 261 148 83 371
leaf_count=163 150 75 67 241 109 62 248 88 164 147 67 115 113 159 1375 293 213 1075 109 166 200 119 1088 214 63 1600 261 148 83 371
internal_value=-0.0026425 -0.00247225 -0.00199466 -0.00583845 -0.00385857 -0.00550063 -0.00967548 -0.0177083 -0.000833333 0.00474299 -0.0017934 -0.00242108 -0.00222205 -0.00251354 0.00101589 -0.00219572 -0.00951662 -0.00177567 -0.00135496 -0.00408732 -0.00509766 -0.00376691 -0.0023317 -0.00348125 8.73544e-05 0.00160411 0.00571429 0.00182836 0.0038056 0.00647901
internal_weight=9346 9183 8049 1134 893 784 411 163 373 209 7899 6457 6390 6275 1442 6116 326 5790 5497 1896 1787 1621 1421 1302 3601 2526 926 665 602 519
internal_count=9346 9183 8049 1134 893 784 411 163 373 209 7899 6457 6390 6275 1442 6116 326 5790 5497 1896 1787 1621 1421 1302 3601 2526 926 665 602 519
is_linear=0
shrinkage=0.035


Tree=131
num_leaves=31
num_cat=0
split_feature=41 85 2 9 11 116 27 273 71 93 243 38 49 47 176 244 78 232 125 134 219 77 20 36 27 27 8 194 160 153
split_gain=10.5747 14.1353 20.1231 17.6608 13.8814 13.3604 13.22 10.857 10.4049 21.5941 19.9367 21.9643 26.3864 13.9279 14.7858 12.5593 13.3824 13.9057 14.8357 23.4172 18.9267 21.3082 20.4068 16.3805 23.9096 23.6213 21.0168 15.761 14.9524 23.4132
threshold=684.50000000000011 675.50000000000011 672.35000610351574 67.89817955024175 74.782713259703812 2.5000000000000004 18521.500000000004 0.049584659221948872 4696.5000000000009 3883.5000000000005 12.38093611685934 13471.000000000002 4216.5000000000009 -12.90328397817737 -0.35319105409413293 -0.0051500052213668815 3.3541707977313364 33.367379323241416 4.8324499130249032 0.016249145662638024 -13.674982941489978 0.11785000190138818 60.910896559417402 -17.780971564945887 7071.0000000000009 4513.5000000000009 -45.989739817630117 -0.01854566796878181 0.023500006645917896 0.1641042259703798
decision_type=2 2 2 2 2 2 2 2 2 2 2 2 2 2 2 2 2 2 2 2 2 2 2 2 2 2 2 2 2 2
left_child=1 2 5 6 -4 -1 -3 -2 9 10 11 12 13 -7 -15 -10 -17 18 20 -20 21 -18 27 24 -23 -25 -26 -22 29 -27
right_child=7 3 4 -5 -6 8 -8 -9 15 -11 -12 -13 -14 14 -16 16 17 -19 19 -21 22 23 -24 25 26 28 -28 -29 -30 -31
leaf_value=-0.0026722609659086028 -7.8392442240297081e-05 -0.0027034340107459482 0.019049743972467829 0.00041848721860371282 5.2789203552560677e-05 0.014808665202864361 -3.2005805588203597e-05 0.0018515449030209632 0.0020256497565272081 -0.00097741591779371704 -0.0017244284680585622 -0.0016238727897867746 0.010766198094588625 -0.0025940817076748469 -2.568880963941034e-05 -0.00079081723228867568 0.011467905529588757 -0.0016128110630723805 -0.00019144364971263928 -0.00072167625153072353 -0.00036225318215202034 0.0044591395311764717 0.014858459614862212 -0.001100065991811108 -0.0018175186471189077 4.4117592382436071e-05 0.00088389752382124942 -8.0032493832623295e-05 6.3336284853177387e-05 0.011592254395447178
leaf_weight=86 96 222 61 84 120 98 88 92 111 442 223 61 202 163 351 76 61 352 2093 377 363 93 61 160 288 379 109 570 1564 300
leaf_count=86 96 222 61 84 120 98 88 92 111 442 223 61 202 163 351 76 61 352 2093 377 363 93 61 160 288 379 109 570 1564 300
internal_value=-0.00267993 -0.0028495 -0.00255445 -0.00929825 0.00884409 -0.00279984 -0.0131111 0.00544041 -0.00265526 -0.00525566 -0.00260199 -0.000198864 0.00136752 -0.00226904 -0.00458574 -0.00207627 -0.00226828 -0.00209742 -0.00172194 -0.00384646 -0.000389578 0.00101724 -0.00455455 0.000567633 -0.00523232 0.00175872 -0.00896766 -0.00585821 0.00269351 0.00701023
internal_weight=9346 9158 8764 394 181 8583 310 188 8497 1540 1098 875 814 612 514 6957 6846 6770 6418 2470 3948 2954 994 2893 490 2403 397 933 2243 679
internal_count=9346 9158 8764 394 181 8583 310 188 8497 1540 1098 875 814 612 514 6957 6846 6770 6418 2470 3948 2954 994 2893 490 2403 397 933 2243 679
is_linear=0
shrinkage=0.035


Tree=132
num_leaves=31
num_cat=0
split_feature=235 19 76 227 153 6 115 105 241 211 13 242 183 262 97 190 92 1 246 140 41 10 261 25 243 261 92 150 153 101
split_gain=11.6312 12.373 11.5857 16.2925 10.9992 19.107 19.7502 14.6755 12.5525 14.05 11.6531 15.8132 15.4862 10.7069 15.3102 16.4032 12.6732 11.7324 11.5969 10.5401 12.0126 19.3773 11.5494 10.572 12.1096 10.5636 11.6121 11.0348 23.4941 16.6681
threshold=0.15260355866075773 540.50000000000011 0.34145000576972967 0.35558986203887427 -0.326051626829995 -128.24532624688004 869.50000000000011 497.50000000000006 -0.36067770718961606 -0.32902304301525653 14.708602137676396 19.095260803195661 0.12126237550815332 -0.16303829044828075 5.979649640611707 -0.012700002640485762 5.6007499694824228 822.50000000000011 0.78087286680406065 684.50000000000011 679.50000000000011 81.132889162055065 611.74499511718761 -19.81373104703999 3.4369027539147257 608.04501342773449 6.3773498535156259 0.043899986892938621 0.45652057278139307 0.014778400674701847
decision_type=2 2 2 2 2 2 2 2 2 2 2 2 2 2 2 2 2 2 2 2 2 2 2 2 2 2 2 2 2 2
left_child=4 -2 3 -3 5 6 -1 -7 9 -9 -6 12 -12 14 16 -16 17 18 -13 20 22 -22 23 24 -15 26 27 28 -25 -30
right_child=1 2 -4 -5 10 7 -8 8 -10 -11 11 13 -14 19 15 -17 -18 -19 -20 -21 21 -23 -24 25 -26 -27 -28 -29 29 -31
leaf_value=-0.00058084583354411532 0.0063885033701971735 -0.0004437222822659726 -0.00037492855807017889 -0.0020770147441314009 -0.00036604872360468778 -0.0011557597152926328 0.013374292228562503 -0.0013406005164189362 -0.0010186014851063234 0.007562746624588992 -0.0003240512223748804 0.0023446969723275725 0.012140457098686783 -1.9509113527538258e-06 0.00055675869959538604 -0.0021127193389889162 -0.00018474312197269528 -5.1949516018604264e-05 -0.00016880892815449386 0.00017299045032473373 -0.0018291568214935934 0.0010800004236971551 0.00065019474214146589 -0.0001614973312493487 -0.0014441608037468346 -0.00085558068206916535 0.0073149415478469927 -0.00025675787210178519 3.5681709061264543e-05 0.0078945099928696555
leaf_weight=117 71 572 1003 267 137 166 62 63 248 60 70 550 103 163 73 100 291 203 88 170 130 61 108 1196 276 144 74 2495 146 139
leaf_count=117 71 572 1003 267 137 166 62 63 248 60 70 550 103 163 73 100 291 203 88 170 130 61 108 1196 276 144 74 2495 146 139
internal_value=-0.00273233 -0.00516423 -0.00572279 -0.00875 -0.00210339 -0.00621359 0.00361413 -0.00949262 -0.00549202 0.00355469 -0.00166096 -0.00144571 0.00884831 -0.00173035 0.00109542 -0.00845506 0.00258575 0.00475768 0.00707621 -0.0024535 -0.00275066 -0.01125 -0.00239676 -0.00266386 -0.00780405 -0.00211717 -0.00177805 -0.00203969 0.000353297 0.0092931
internal_weight=9346 1913 1842 839 7433 716 179 537 371 123 6717 6580 173 6407 1305 173 1132 841 638 5102 4932 191 4741 4633 439 4194 4050 3976 1481 285
internal_count=9346 1913 1842 839 7433 716 179 537 371 123 6717 6580 173 6407 1305 173 1132 841 638 5102 4932 191 4741 4633 439 4194 4050 3976 1481 285
is_linear=0
shrinkage=0.035


Tree=133
num_leaves=31
num_cat=0
split_feature=228 269 115 12 271 243 57 272 49 235 113 274 124 194 135 49 38 49 163 147 185 25 113 88 160 165 192 224 148 9
split_gain=11.4332 12.9466 15.3038 24.0744 15.1108 14.8914 14.4048 11.197 14.0305 10.9381 15.6363 14.3085 14.4781 18.4609 14.6689 12.9885 16.2199 12.9218 12.6827 12.4279 12.1637 11.4901 15.6727 14.9653 14.9378 14.8513 12.1022 11.995 15.4962 24.7932
threshold=-20.532726514356778 7.3969925350203534 6783.5000000000009 10.480681811466498 13.201498392632812 10.017514892905629 0.010309573185141663 0.015699990093708042 7848.5000000000009 0.10786346075875032 -1.5120127523556806 -0.49800298026131157 -2.0275210814115652 -0.028466380613399723 -0.81190081174481443 1345.0000000000002 4321.0000000000009 1890.5000000000002 -0.57470195807520696 4.2558498382568368 0.0093851224942944154 -16.476329720937098 -2.6730650878064224 0.11529999971389772 0.022000003606081012 0.047541042908495028 0.2896707628093465 -0.99999999999167877 4769.5000000000009 51.471211094922786
decision_type=2 2 2 2 2 2 2 2 2 2 2 2 2 2 2 2 2 2 2 2 2 2 2 2 2 2 2 2 2 2
left_child=-1 6 3 7 5 -4 -2 -3 -9 15 11 18 -13 -14 -15 16 -8 -17 -11 -12 -16 23 24 -19 -23 -24 -26 -25 29 -29
right_child=1 2 4 -5 -6 -7 9 8 -10 10 19 12 13 14 20 17 -18 21 -20 -21 -22 22 25 27 26 -27 -28 28 -30 -31
leaf_value=-0.0013099750753801328 -0.0027051049076716963 -7.9071898622813953e-05 -0.00026361120156713551 -0.0017525428141284554 -0.0030523670682690647 0.0069566609101955942 5.1970537646441886e-05 0.012601880579293675 0.00067459911745295254 -0.00046098519183805533 -0.0020163432699908915 -0.00059112999503368243 -0.00087795159499909131 0.00092019102777339827 0.0031082011100721212 0.0054955746392668795 -0.0023967769697944494 0.00089025215991915519 0.010407293292227558 -0.0005558813199469262 -0.0010914616538222034 0.0017558386124888528 -8.7865148158849392e-05 0.0080877757360553835 0.00024127586653756753 -0.00025524261047065014 -0.00059428002496912137 0.00039409579677161387 -0.0022565434494489578 -0.00042036237814068513
leaf_weight=259 163 67 348 74 60 70 97 129 108 95 279 830 263 253 63 81 118 74 104 142 67 173 3441 62 357 354 220 289 301 405
leaf_count=259 163 67 348 74 60 70 97 129 108 95 279 830 263 253 63 81 118 74 104 142 67 173 3441 62 357 354 220 289 301 405
internal_value=-0.00275479 -0.00254454 0.00154472 0.0067624 -0.0026087 -0.000165485 -0.0029705 0.0111003 0.0146074 -0.00275734 -0.00493099 -0.00339583 -0.00458474 -0.000645161 0.00423969 -0.00199097 -0.0103409 -0.00167043 0.00531863 -0.0109272 -0.00518519 -0.00187291 -0.00108462 -0.00502201 0.00352318 -0.00199868 0.000781787 -0.00609699 -0.007035 -0.00410587
internal_weight=9346 9087 856 378 478 418 8231 304 237 8068 2096 1675 1476 646 383 5972 215 5757 199 421 130 5676 4545 1131 750 3795 577 1057 995 694
internal_count=9346 9087 856 378 478 418 8231 304 237 8068 2096 1675 1476 646 383 5972 215 5757 199 421 130 5676 4545 1131 750 3795 577 1057 995 694
is_linear=0
shrinkage=0.035


Tree=134
num_leaves=31
num_cat=0
split_feature=63 96 2 9 116 9 223 212 273 13 71 27 274 27 113 32 189 179 173 132 54 181 154 232 72 56 130 203 269 123
split_gain=11.1052 14.3704 23.0525 19.9897 14.7734 14.2523 11.826 12.0788 11.7447 10.2302 10.8462 22.0071 16.4624 17.8814 14.7161 13.8005 12.7122 20.703 17.0423 16.1825 16.0898 27.6863 16.0292 15.8543 13.5318 17.7221 13.2127 13.1987 14.7063 13.0065
threshold=683.50000000000011 675.50000000000011 672.35000610351574 67.89817955024175 2.5000000000000004 54.897386384375942 10.882138514740346 9.0472330271774712 0.049584659221948872 14.708602137676396 4696.5000000000009 7471.5000000000009 -0.26856718887995229 8924.5000000000018 -3.5046615629787481 0.10440000146627428 17.670325628316281 16.710378687410774 -0.17425174250515563 0.13205000013113025 0.23144999891519549 0.12854999676346782 -0.19354840760275041 33.367379323241416 1616.5000000000002 4.8762044187675242 -45.020694448105182 -0.49023724862072143 -1.1988139535268336 0.013437854238815756
decision_type=2 2 2 2 2 2 2 2 2 2 2 2 2 2 2 2 2 2 2 2 2 2 2 2 2 2 2 2 2 2
left_child=1 2 4 6 -1 -4 7 -3 -2 -6 11 14 13 -13 -11 -12 17 18 -17 -18 21 -20 26 24 -19 -26 -21 28 -24 -22
right_child=8 3 5 -5 9 -7 -8 -9 -10 10 15 12 -14 -15 -16 16 19 23 20 22 29 -23 27 -25 25 -27 -28 -29 -30 -31
leaf_value=-0.0024990996183101178 -0.00010733949403050892 6.3681782196063917e-05 0.026144464957088352 0.0010474991146929584 -0.00039401123812881386 8.9672868576878286e-05 -0.0029989711160821665 -0.0013537386748869453 0.0005099549527131747 -0.0014666157854462548 -0.0014846327109128686 -0.0022292794510655636 -0.0015433200182546577 0.0081518106432032656 -7.3951121839240246e-05 0.0088163732667100782 -0.00038034770700132284 -0.00044729287283467927 0.011411527055001664 0.006991949466071022 -0.00010380901178046993 -0.00036679139029370316 -0.0017471880081417006 -0.0026010498602063036 0.00066470452889747563 -0.00028613183424765936 -0.00046445568678609334 0.00055274037346290863 0.00077064457628098107 0.00026573744528013866
leaf_weight=86 105 63 64 76 152 108 128 102 117 217 73 64 225 95 939 67 124 2239 60 98 638 470 86 153 188 504 591 936 120 458
leaf_count=86 105 63 64 76 152 108 128 102 117 217 73 64 225 95 939 67 124 2239 60 98 638 470 86 153 188 504 591 936 120 458
internal_value=-0.00272484 -0.00291379 -0.002625 -0.00963904 -0.00288135 0.00988701 -0.0137416 -0.00720588 0.00493392 -0.00272936 -0.00256108 -0.00521036 -0.0124165 -0.00362805 -0.00277347 -0.00195815 -0.00178715 -0.00275931 0.000350412 0.000589286 -0.000386266 -0.00536449 0.00142974 -0.00446423 -0.00387432 0.000401722 -0.00277378 0.00396687 -0.00398104 0.00203451
internal_weight=9346 9124 8755 369 8583 172 293 165 222 8497 8345 1540 384 159 1156 6805 6732 4777 1693 1955 1626 530 1831 3084 2931 692 689 1142 206 1096
internal_count=9346 9124 8755 369 8583 172 293 165 222 8497 8345 1540 384 159 1156 6805 6732 4777 1693 1955 1626 530 1831 3084 2931 692 689 1142 206 1096
is_linear=0
shrinkage=0.035


Tree=135
num_leaves=31
num_cat=0
split_feature=140 116 261 2 8 179 176 221 211 38 104 235 109 245 12 261 222 262 261 17 19 136 90 270 144 189 169 242 179 203
split_gain=11.9184 14.7648 13.1133 15.6517 21.0189 18.1335 13.4021 12.2469 11.9124 14.3728 25.6225 11.8489 15.8114 12.3964 13.3621 12.3412 14.2961 12.0383 10.5286 13.5208 12.2624 12.0854 12.4094 12.3555 13.4436 14.427 15.0289 18.0599 15.7877 14.9448
threshold=684.50000000000011 2.5000000000000004 614.34500122070324 672.20501708984386 -23.475714764935031 16.915417006525221 4.1567473809341333 81.711798827709231 0.94793720903460621 923.50000000000011 307.00000000000006 0.22969851559806467 0.66255000233650219 0.055144796679983586 4.0848620173945394 607.42498779296886 4.2755109524195687 -0.40086306888620354 603.81500244140636 0.97848269249967157 669.50000000000011 4.7455999851226816 0.0046511833037705423 31.840684456677042 15.661807468145783 17.660204376447513 17.202050721712929 24.627282286421035 16.945371004971268 0.75704973895927485
decision_type=2 2 2 2 2 2 2 2 2 2 2 2 2 2 2 2 2 2 2 2 2 2 2 2 2 2 2 2 2 2
left_child=1 -1 3 6 5 -5 8 -4 9 10 -3 15 13 14 -13 18 -17 -14 20 -20 21 22 -11 -24 -25 26 27 28 -26 -27
right_child=-2 2 7 4 -6 -7 -8 -9 -10 11 -12 12 17 -15 -16 16 -18 -19 19 -21 -22 -23 23 24 25 29 -28 -29 -30 -31
leaf_value=-0.0012710575751152193 8.306840652631543e-05 0.014722639024753273 -0.0013764048976821805 0.0097882600962554273 0.025179747015393359 -0.0007869290601944291 -0.00073609498760656257 0.00011105211770908065 -0.00092429037333154399 -0.0031122435212662522 -0.00060577444685701429 -0.00067387560486477111 -0.0035969278427302556 -0.00070479458270019096 0.0027769524944406881 0.0014423931912015129 -0.0010016367292277047 -0.0007679249081166934 0.016240252692638148 -0.00021764341468681172 -0.00097134814611257844 0.0080129075674342503 -0.00023776123079146397 0.0047001001340971982 0.0090686105475774222 0.00074434363997155618 -0.00061881317993142757 -0.00015877366068744515 -0.00075638243124995566 -0.00035749408101944411
leaf_weight=94 235 84 245 60 71 103 99 76 119 112 60 106 135 357 214 66 174 270 73 60 117 68 349 90 158 1114 952 3205 132 348
leaf_count=94 235 84 245 60 71 103 99 76 119 112 60 106 135 357 214 66 174 270 73 60 117 68 349 90 158 1114 952 3205 132 348
internal_value=-0.00260507 -0.0028066 -0.00265739 -0.00239743 0.00644351 -0.000625 -0.00264557 -0.00955521 -0.00248865 -0.00232513 0.00845638 -0.0025219 -0.00592456 -0.0026173 0.00236923 -0.00199345 -0.00971429 -0.0113537 -0.00171311 0.00786232 -0.00191053 -0.00170366 -0.00186234 -0.00165276 -0.00127665 -0.00148546 -0.00247642 -0.00141 0.00688136 0.00152693
internal_weight=9346 9111 9017 8696 234 163 8462 321 8363 8244 144 8100 1082 677 320 7018 240 405 6778 133 6645 6528 6460 6348 5999 5909 4447 3495 290 1462
internal_count=9346 9111 9017 8696 234 163 8462 321 8363 8244 144 8100 1082 677 320 7018 240 405 6778 133 6645 6528 6460 6348 5999 5909 4447 3495 290 1462
is_linear=0
shrinkage=0.035


Tree=136
num_leaves=31
num_cat=0
split_feature=63 273 116 260 82 122 182 37 85 39 134 82 153 274 172 226 102 241 71 93 17 104 224 1 214 182 194 172 72 26
split_gain=11.5969 12.6058 11.8988 10.0871 17.4209 13.6883 10.5536 13.0913 12.9096 11.6052 13.5559 10.035 13.3168 11.5618 9.2062 12.8428 11.3803 10.0798 10.0376 17.3739 10.1989 17.204 20.8723 18.1161 13.0915 14.5712 10.3324 12.3355 12.33 10.206
threshold=683.50000000000011 0.049584659221948872 2.5000000000000004 0.94793720903460621 246.50000000000003 21.199668243024345 0.54667347226869756 2.1381499767303471 681.50000000000011 135.50000000000003 0.018348606557182821 410.00000000000006 0.81767769407653834 0.89172994321022492 -0.53026522402216358 -2.1390829321876743 -3.4067627981072479 0.15109826401349483 347.00000000000006 422.00000000000006 16.566297653283218 4279.5000000000009 0.99999999997931566 657.50000000000011 0.041999980807304389 0.19438959529963659 0.16666664910964815 -0.19095327254492339 803.50000000000011 2.0938500165939335
decision_type=2 2 2 2 2 2 2 2 2 2 2 2 2 2 2 2 2 2 2 2 2 2 2 2 2 2 2 2 2 2
left_child=2 -2 -1 4 -4 -5 8 -8 11 -9 -11 -6 13 14 15 -13 17 -17 -16 -20 26 22 -22 -23 25 -25 29 -28 -29 -21
right_child=1 -3 3 5 6 -7 7 9 -10 10 -12 12 -14 -15 18 16 -18 -19 19 20 21 23 -24 24 -26 -27 27 28 -30 -31
leaf_value=-0.00075646710467040345 -0.0001064900059678603 0.00048919913513979232 0.0050617689121621899 -0.00010870273621725269 -0.00063532202189751311 -0.0033471892352743165 -0.0016315436377844607 0.00054845206121239133 -0.0031273724705196994 -0.0007249176552057158 0.00057647137448279379 -0.0016297097381700405 0.010034439550905895 0.0019942241748843849 0.0073884436722594874 0.00043671787237253352 -0.00083874011269784838 -0.00095474307054984177 -0.0021445222096814951 -0.00032133302893249538 -0.0031951728810979151 0.0049275405977037123 -0.00022956681462988073 -0.00080916133498059738 -0.0026104762426163272 0.0031841683752014223 0.00014927841744818927 -0.000780184268327891 -0.00024020014958788473 -5.9519083088860344e-06
leaf_weight=102 105 117 66 66 118 60 155 218 64 671 81 85 67 114 76 109 123 63 114 960 162 61 224 98 121 99 95 142 411 4399
leaf_count=102 105 117 66 66 118 60 155 218 64 671 81 85 67 114 76 109 123 63 114 960 162 61 224 98 121 99 95 142 411 4399
internal_value=-0.00258261 0.00524229 -0.00277577 -0.00263653 -0.00249298 -0.0122901 -0.00263045 -0.00579204 -0.00216537 -0.0042359 -0.00628798 -0.00202786 -0.00186437 -0.00200777 -0.00218184 -0.00745455 -0.00385 0.0019774 -0.0018889 -0.00203164 -0.00179726 -0.00559091 -0.0107417 -0.000273438 -0.00368421 0.00190594 -0.00130988 -0.00546708 -0.00746416 -0.000802573
internal_weight=9346 222 9124 9022 8896 126 8830 1125 7705 970 752 7641 7523 7456 7342 380 295 172 6962 6886 6772 765 386 379 318 197 6007 648 553 5359
internal_count=9346 222 9124 9022 8896 126 8830 1125 7705 970 752 7641 7523 7456 7342 380 295 172 6962 6886 6772 765 386 379 318 197 6007 648 553 5359
is_linear=0
shrinkage=0.035


Tree=137
num_leaves=31
num_cat=0
split_feature=63 254 129 284 104 152 193 193 182 126 169 63 270 6 209 7 9 8 270 260 146 242 141 54 226 144 244 242 104 138
split_gain=11.5308 11.0015 16.1246 15.5347 22.6558 15.0169 14.8327 14.1079 14.0101 13.2046 12.9303 12.8726 12.7162 18.1039 23.0414 14.9289 14.0232 26.425 26.2735 16.9482 12.699 22.0999 16.1556 12.6157 16.0417 14.1114 18.1625 11.9599 11.8357 18.1081
threshold=683.50000000000011 16.566297653283218 657.50000000000011 1.0000000180025095e-35 4279.5000000000009 -0.50959994862875713 0.23254033527922618 -0.92368040082499581 0.47365403186832572 321.50000000000006 18.052514205846325 572.50000000000011 37.490732067259479 -35.167992952798308 14.785978244471259 -33.2826069692698 -11.958584239646731 -234.79758182376406 58.751140073286237 -0.41814876672648782 -2.1652836709337167 47.432148707055269 13.372781407943181 0.27384999394416815 0.58611937716390738 23.601912581580873 0.011500004678964617 48.336286536348887 3333.0000000000005 48.500000000000007
decision_type=2 2 2 2 2 2 2 2 2 2 2 2 2 2 2 2 2 2 2 2 2 2 2 2 2 2 2 2 2 2
left_child=1 7 3 4 9 -6 -7 11 12 -3 28 -1 13 14 -9 -15 18 -18 -14 -20 21 -19 -22 25 -25 -17 -27 -21 29 -10
right_child=-2 2 -4 -5 5 6 -8 8 10 -11 -12 -13 16 15 -16 23 17 20 19 27 22 -23 -24 24 -26 26 -28 -29 -30 -31
leaf_value=-0.00015326925709530759 8.662875343104921e-05 0.00052651811460394668 -0.0013163931489277361 0.00053545841151427691 -0.0015924851334841868 -6.8445985769548807e-05 0.010467919757718703 0.018016486544796206 0.00071423567050544817 -0.0011436489862603069 0.00069556984174504687 -0.0035391096867914478 -0.0061409985995637302 -0.0017315412227724182 -0.0011823212955016978 -0.00065679330838009698 0.012591944205323667 3.0750769911361832e-05 0.0045848743678095286 0.0084415612417020232 0.0092664236704764029 -0.0018872514105750617 -2.6161378090382718e-05 -0.00016992047519740484 0.00073327616436371875 0.0005882160366268125 -0.00043574301887180483 -0.0026117104306939394 -0.00083016940969073594 -0.00046458617142459556
leaf_weight=156 222 61 226 109 64 242 77 60 160 360 113 142 132 105 63 137 64 150 143 76 60 99 4780 105 61 86 220 137 700 236
leaf_count=156 222 61 226 109 64 242 77 60 160 360 113 142 132 105 63 137 64 150 143 76 60 99 4780 105 61 86 220 137 700 236
internal_value=-0.00256015 -0.00275277 -0.00596591 -0.00385076 -0.0055377 0.000631443 0.00378086 -0.00229099 -0.00199753 -0.0110915 -0.00544893 -0.00970297 -0.00134968 -0.00536223 0.00683594 -0.00749652 -0.000750089 -0.000210353 -0.00638945 -0.00135734 -0.00050157 -0.00812992 -0.000101135 -0.0053013 0.0028655 -0.00835938 -0.00405145 -0.00754587 -0.00661217 -0.00174564
internal_weight=9346 9124 1139 913 804 383 319 7985 7687 421 1209 298 6478 837 123 714 5641 5153 488 356 5089 249 4840 609 166 443 306 213 1096 396
internal_count=9346 9124 1139 913 804 383 319 7985 7687 421 1209 298 6478 837 123 714 5641 5153 488 356 5089 249 4840 609 166 443 306 213 1096 396
is_linear=0
shrinkage=0.035


Tree=138
num_leaves=31
num_cat=0
split_feature=137 140 116 211 38 155 122 240 124 205 145 270 115 270 222 60 54 274 205 109 11 266 218 272 112 10 246 10 81 81
split_gain=11.0902 10.3606 12.1237 11.7088 19.3137 24.3541 12.4222 10.5247 12.3961 12.4726 12.0773 12.0423 15.4789 13.0998 12.6369 15.9542 15.8683 11.7643 11.4204 15.1118 16.0796 14.9894 13.7982 19.813 21.2551 12.5008 18.8186 18.7718 16.2085 13.5973
threshold=112.00000000000001 684.50000000000011 2.5000000000000004 0.94793720903460621 1010.0000000000001 0.083971422485815309 21.199668243024345 16.368440745484495 -2.3803997658013958 0.010259616357214825 0.019830049362412599 31.840684456677042 15547.500000000002 33.057724425355595 10.174763496097237 13787.000000000002 0.24485000222921374 0.89172994321022492 0.013762725315093359 0.67974999547004711 29.936244842814158 -9.9099202666630397 113.0423689850284 0.015099998563528063 0.0092879388684928097 38.397211817582253 0.19844692084382271 16.595899858014015 4.3055999279022226 5.2191998958587655
decision_type=2 2 2 2 2 2 2 2 2 2 2 2 2 2 2 2 2 2 2 2 2 2 2 2 2 2 2 2 2 2
left_child=-1 2 -2 4 5 -4 -5 11 10 -10 -9 12 14 -13 15 16 -6 18 19 21 -21 -15 23 24 -23 27 28 -25 -27 -30
right_child=1 -3 3 6 7 -7 -8 8 9 -11 -12 13 -14 17 -16 -17 -18 -19 -20 20 -22 22 -24 25 -26 26 -28 -29 29 -31
leaf_value=-0.0014086031898076013 -0.0011241735726295445 6.3157776132544144e-05 0.0086958628175239829 -0.00014557089863742351 0.00056978829788460533 -0.00049461349484530685 -0.0032214495299232012 -0.0023231457448413327 -0.0022836369417683832 -0.00010332886060525265 -0.00024034920767474714 0.0015661353338154653 0.00016554453476899268 -0.0012552537731210618 -0.00086009900565881827 -0.0006117454159899555 -0.0010047486927477127 0.0042187063018640711 -0.00023087749611914291 -0.00309737206799805 -0.00037981569627780433 -0.0015451039498606657 0.0075433433640830555 -0.0022012054385459391 0.0043593499967006389 -0.0014070289556552009 -0.00026129099068995858 0.0054465132791553126 0.011190288173999649 0.00015603711596111071
leaf_weight=163 91 235 139 66 69 62 60 205 91 642 131 120 89 467 94 71 86 108 4419 104 430 113 108 99 66 64 437 225 161 131
leaf_count=163 91 235 139 66 69 62 60 205 91 642 131 120 89 467 94 71 86 108 4419 104 430 113 108 99 66 64 437 225 161 131
internal_value=-0.0025377 -0.0023732 -0.0025645 -0.00242891 -0.00227163 0.00832524 -0.0128244 -0.00252607 -0.00576816 -0.00317751 -0.0112903 -0.002058 -0.00786232 -0.00171603 -0.0114154 -0.00666667 -0.00021875 -0.00191726 -0.00210133 -0.000159751 -0.00532468 0.00132463 0.00312988 0.00209839 -0.00855978 0.0038369 0.00144737 0.00957447 0.00736842 0.0108418
internal_weight=9346 9183 8948 8857 8731 201 126 8530 1069 733 336 7461 409 7052 320 226 155 6932 6824 2405 534 1871 1404 1296 179 1117 793 324 356 292
internal_count=9346 9183 8948 8857 8731 201 126 8530 1069 733 336 7461 409 7052 320 226 155 6932 6824 2405 534 1871 1404 1296 179 1117 793 324 356 292
is_linear=0
shrinkage=0.035


Tree=139
num_leaves=31
num_cat=0
split_feature=140 116 211 38 13 119 122 115 261 261 224 137 261 99 93 27 131 272 271 160 270 208 94 113 261 14 223 274 71 150
split_gain=10.4198 12.2654 10.49 15.1995 23.5123 12.799 11.2111 10.1037 9.41233 17.8668 16.0691 15.3292 13.3579 50.6682 19.5445 18.935 16.4788 14.4317 17.6136 14.7033 14.4397 13.3349 12.9401 12.8532 12.5975 15.9338 14.4376 22.42 28.5296 21.6963
threshold=684.50000000000011 2.5000000000000004 0.94793720903460621 1010.0000000000001 43.981244026140821 20.183748758347836 21.199668243024345 32407.500000000004 448.03500366210943 469.92500305175787 -0.99999999999454936 1158.0000000000002 486.25999450683599 0.31694999337196356 422.00000000000006 10394.500000000002 0.80245000123977672 0.040999986231327064 7.3841981560758336 0.066299997270107283 70.084768791516382 -0.017250001430511471 984.50000000000011 -1.8136586417250071 517.19500732421886 -0.17207188365231382 19.102965094886034 -0.49800298026131157 1729.5000000000002 0.064400006085634245
decision_type=2 2 2 2 2 2 2 2 2 2 2 2 2 2 2 2 2 2 2 2 2 2 2 2 2 2 2 2 2 2
left_child=1 -1 3 4 -3 -6 -4 8 23 10 -10 -12 13 -11 -14 16 21 19 20 24 -19 -15 -20 -5 25 -16 27 28 -26 -28
right_child=-2 2 6 7 5 -7 -8 -9 9 12 11 -13 14 15 17 -17 -18 18 22 -21 -22 -23 -24 -25 26 -27 29 -29 -30 -31
leaf_value=-0.0011012025386569577 6.0947253967905684e-05 -0.00047730202252572302 -0.0001404759171851136 0.010944996012009772 0.017921348849137982 0.0016194958106933209 -0.0031086987963758893 0.010741408294377494 -0.004270113793466826 0.017601403336233022 0.0018339830183124167 -0.00082278164471455569 -0.0024942542251272142 -0.00044708900121238671 5.3401071631250525e-05 -0.0014729295937689548 -0.0024084847894334906 0.0074453810249137092 0.0012196010200483786 -0.0025640891422215452 3.7475345539763533e-05 0.0056118629083451938 -0.0028041569478865777 -0.0014078178475186197 -0.00084172674654623585 -0.0011962344373354496 -0.00025796883273347893 -0.00015069685577466852 0.01852503421483959 -0.00167499581148174
leaf_weight=94 235 60 66 83 65 79 60 61 63 139 74 154 88 70 175 126 122 114 85 119 86 111 66 61 82 441 986 5051 88 242
leaf_count=94 235 60 66 83 65 79 60 61 63 139 74 154 88 70 175 126 122 114 85 119 86 111 66 61 82 441 986 5051 88 242
internal_value=-0.00239547 -0.00258392 -0.00244791 -0.0023016 0.00703349 0.0145638 -0.0122901 -0.00252474 -0.00262774 -0.00277955 -0.0112331 -0.00660944 -0.00247255 0.00268761 -0.00285855 -0.00330645 0.00147727 -0.00265981 0.00422753 -0.00299903 0.0109268 0.0080914 -0.00471154 0.00610738 -0.00278713 -0.00755233 -0.00232646 -0.00152028 0.0108 -0.00573398
internal_weight=9346 9111 9017 8891 204 144 126 8687 8626 8482 291 228 8191 568 7623 429 303 7535 351 7184 200 181 151 144 7065 616 6449 5221 170 1228
internal_count=9346 9111 9017 8891 204 144 126 8687 8626 8482 291 228 8191 568 7623 429 303 7535 351 7184 200 181 151 144 7065 616 6449 5221 170 1228
is_linear=0
shrinkage=0.035


Tree=140
num_leaves=31
num_cat=0
split_feature=232 13 235 90 76 140 211 104 38 82 175 261 225 262 271 209 166 72 54 86 61 70 59 112 28 242 225 199 8 149
split_gain=11.0465 13.4033 10.8785 13.5648 11.4489 11.208 13.2764 11.9591 15.7119 15.1179 14.5855 13.9963 14.429 11.5292 13.4268 15.1704 15.5374 12.67 14.4694 11.9605 13.2764 11.6443 16.8751 14.1035 12.2375 11.4452 20.2128 12.1383 14.9403 12.1063
threshold=0.35977597873104733 14.708602137676396 0.20219792562781172 0.0046511833037705423 0.33075000345706945 684.50000000000011 0.94793720903460621 307.00000000000006 1399.0000000000002 410.00000000000006 0.020992436547716316 614.34500122070324 0.0040810493564120039 -0.1719180390152841 14.887106811049557 12.095437012338166 0.623430589384253 675.50000000000011 0.24325000494718554 6.0122694477138259 177.50000000000003 3.5142500400543217 3.9414499998092656 0.0080483145996726214 466.50000000000006 19.095260803195661 0.16423995253807674 14.10605457752477 -75.521619032619142 31.500000000000004
decision_type=2 2 2 2 2 2 2 2 2 2 2 2 2 2 2 2 2 2 2 2 2 2 2 2 2 2 2 2 2 2
left_child=-1 -2 3 -3 -4 6 7 8 -5 -9 -10 12 -11 17 25 -16 -17 18 -14 20 -19 -22 24 -24 -23 26 -15 28 29 -27
right_child=1 2 4 5 -6 -7 -8 9 10 11 -12 -13 13 14 15 16 -18 19 -20 -21 21 22 23 -25 -26 27 -28 -29 -30 -31
leaf_value=0.00014581221944441199 -0.0004838233076727275 -0.0025198007017078806 -0.00099753528382229067 0.0060819115841206813 -0.00032981748909326262 0.00016553324833116557 -0.00099933040940518737 -0.00076939306727371074 -0.00087785256992012513 0.0010144445120697592 0.0025826110897230604 -0.0011287647108963721 -0.00074469031076020858 0.0096147567110606378 0.0012205598015430134 -0.0018578613365944042 -4.7725333793643966e-06 0.0088932482852354805 0.00015931204695918466 -0.0010911803223541744 -0.00070635986558124648 0.00095666754620877571 0.006571235138367112 -0.00033257763307584622 0.0078016936925993105 -0.00055830397106518335 -0.00068594398935574788 -0.00021007224242712758 0.0016485702702276981 0.0087028675093405519
leaf_weight=278 138 167 447 118 942 163 106 64 87 114 62 216 194 95 87 270 117 60 251 100 119 98 88 257 117 212 67 4032 202 78
leaf_count=278 138 167 447 118 942 163 106 64 87 114 62 216 194 95 87 270 117 60 251 100 119 98 88 257 117 212 67 4032 202 78
internal_value=-0.00236552 -0.00257688 -0.00240515 -0.00187848 -0.00524749 -0.00165063 -0.00185768 -0.00166878 0.00553309 -0.00195382 -0.00204545 -0.0017864 -0.00149322 -0.00171499 -0.00245305 -0.00803758 -0.0109821 0.00124903 -0.0035 0.0037737 0.00531586 0.00383772 0.0059469 0.0011 0.0135227 -0.0018802 0.00712575 -0.0022102 0.00295775 -0.00213559
internal_weight=9346 9068 8930 7541 1389 7374 7211 7105 267 6838 149 6774 6558 6444 5160 474 387 1284 445 839 739 679 560 345 215 4686 162 4524 492 290
internal_count=9346 9068 8930 7541 1389 7374 7211 7105 267 6838 149 6774 6558 6444 5160 474 387 1284 445 839 739 679 560 345 215 4686 162 4524 492 290
is_linear=0
shrinkage=0.035


Tree=141
num_leaves=31
num_cat=0
split_feature=63 60 109 273 82 82 193 99 193 26 238 271 264 136 6 232 153 256 155 55 32 155 82 116 83 104 144 200 256 66
split_gain=11.9641 11.6635 11.8276 11.6255 11.3632 20.1105 12.4535 32.7703 13.6454 11.0152 13.9985 13.8693 16.0276 13.7228 12.9497 12.0255 11.265 11.1818 12.1293 14.9015 14.5403 17.743 16.9245 17.8175 13.7571 13.3976 20.1923 13.1089 14.2714 12.7314
threshold=683.50000000000011 300.00000000000006 0.76195001602172863 0.049584659221948872 246.50000000000003 410.00000000000006 0.96794071219247446 0.14949999749660495 0.94968249598759857 2.0689001083374028 8.8588721380600273 6.7680779988975788 2.5898897230058897 3.1049998998641972 30.792619063504109 0.35977597873104733 0.50569727743057069 14.708602137676396 0.10123137038202999 0.13045000284910205 0.15425000339746478 0.035781068108738864 4861.5000000000009 360.50000000000006 827.50000000000011 854.50000000000011 29.650878812979251 -0.058750011026859277 90.962339950608055 0.10310000181198122
decision_type=2 2 2 2 2 2 2 2 2 2 2 2 2 2 2 2 2 2 2 2 2 2 2 2 2 2 2 2 2 2
left_child=1 -1 4 -2 -3 -6 8 -8 9 10 11 12 13 16 15 -11 -7 -17 19 29 21 -21 23 27 -24 26 -23 -22 -29 -19
right_child=3 2 -4 -5 5 6 7 -9 -10 14 -12 -13 -14 -15 -16 17 -18 18 -20 20 22 25 24 -25 -26 -27 -28 28 -30 -31
leaf_value=-0.0011852643668306322 -0.00010337484966901568 0.004608680746378103 -0.0009698675077912573 0.00045890781929471051 -0.00080858313472315796 1.288538665308231e-05 0.0088963635926667863 -0.00070961301655495055 -0.00080962660222765005 0.00038384340083321149 -0.001503421128697462 -0.00096006109711820455 0.00055586770150963503 -0.0008459456501456248 0.0054623081114690553 -0.00054414325318711545 -0.00069241996893711836 -0.00016642055652905637 0.00096013686940684274 -0.0010502467769285065 -0.0003996912810232351 1.8190024973830377e-05 -0.00041484249148083689 -0.0002985712327277285 0.00012380339114382411 -8.0391865698535572e-05 -0.00083462798044281342 0.0028162219823025321 -0.0012978932338703149 -0.0013212524426314748
leaf_weight=142 105 86 63 117 118 492 85 118 96 191 223 447 156 66 153 111 60 70 72 1024 115 84 738 317 745 2700 110 385 63 94
leaf_count=142 105 86 63 117 118 492 85 118 96 191 223 447 156 66 153 111 60 70 72 1024 115 84 738 317 745 2700 110 385 63 94
internal_value=-0.00239547 -0.00259174 -0.00243018 0.00555066 -0.00231791 -0.00244343 -0.00224369 0.00622596 -0.00244922 -0.00229426 -0.00507246 -0.00356852 -0.00071887 -0.00325843 -0.00171564 -0.00194387 -0.00138241 -0.00219509 -0.00200169 -0.00216512 -0.00188753 -0.00319398 0.000280828 0.00411299 -0.00199933 -0.00178682 -0.0105528 0.0078257 0.0105077 -0.012426
internal_weight=9346 9124 8982 222 8919 8833 8715 203 8512 8416 1444 1221 774 618 6972 6819 552 6628 6517 6445 6281 3918 2363 880 1483 2894 194 563 448 164
internal_count=9346 9124 8982 222 8919 8833 8715 203 8512 8416 1444 1221 774 618 6972 6819 552 6628 6517 6445 6281 3918 2363 880 1483 2894 194 563 448 164
is_linear=0
shrinkage=0.035


Tree=142
num_leaves=31
num_cat=0
split_feature=180 120 63 96 9 2 137 82 176 5 4 34 273 189 65 13 213 246 67 38 242 101 104 32 273 13 2 122 203 91
split_gain=11.2516 10.5708 9.74396 15.8083 19.5235 17.1731 13.8143 11.0392 11.0055 11.031 12.6273 17.4905 10.1936 9.18631 14.8042 13.2719 24.9665 20.1035 17.0949 12.3573 25.0908 11.7417 11.592 12.1989 11.4488 11.0926 18.6924 17.749 15.5848 18.3019
threshold=0.008150026202201845 0.65424999594688427 683.50000000000011 675.50000000000011 67.89817955024175 672.35000610351574 10311.500000000002 9023.0000000000018 4.1567473809341333 173.3033534036953 43.672662567787121 6.1022637338601129 0.049584659221948872 17.660204376447513 0.26635000109672552 23.363484316135786 11.188074439515805 0.46638197309505097 4.7278664239300836 13013.500000000002 73.622819288644322 0.014101119914024017 5327.5000000000009 0.13704999536275866 -0.021570593192691105 58.82754882675053 634.61001586914074 30.565957384680416 -0.5106000982120239 -3.3432863339586887
decision_type=2 2 2 2 2 2 2 2 2 2 2 2 2 2 2 2 2 2 2 2 2 2 2 2 2 2 2 2 2 2
left_child=2 -2 3 5 7 8 -7 -5 9 10 13 -12 -4 15 -15 16 -1 18 -18 -17 22 -19 -21 -24 -20 28 27 -27 29 -16
right_child=1 -3 12 4 -6 6 -8 -9 -10 -11 11 -13 -14 14 25 19 17 21 24 20 -22 -23 23 -25 -26 26 -28 -29 -30 -31
leaf_value=0.033094745605027974 -8.4018288710193415e-05 -0.0014762027253804729 -9.9756729930599035e-05 -0.0015494145837453256 0.00075351976128214704 6.595087635069636e-05 0.02782312236420988 -0.00030801308056441939 -0.00067116193334372195 -0.0025994561738267178 -0.00028842049427272258 0.012006975258769819 0.00044284604561939617 -0.0005742745077658882 -0.0029927073844977451 -0.00022200753018854604 0.0004790287232298793 0.005487848591835375 -4.0847816921715242e-05 -0.0022019031121200102 0.00014956882150823027 1.9465548935019284e-05 8.4494494630716358e-05 -0.0017059015583554265 -0.0016905786661695849 0.01221158975633654 -0.0006658630656568563 0.0002632824190814387 3.8616731926861829e-05 -9.126375592284354e-06
leaf_weight=62 106 118 105 211 76 112 60 82 101 61 118 63 115 200 83 4715 104 101 94 121 137 123 94 180 182 144 136 188 1247 107
leaf_count=62 106 118 105 211 76 112 60 82 101 61 118 63 115 200 83 4715 104 101 94 121 137 123 94 180 182 144 136 188 1247 107
internal_value=-0.00241792 -0.0100873 -0.00222417 -0.00240485 -0.00945187 -0.00209475 0.00870056 -0.0135067 -0.0023219 -0.00217665 -0.00206058 0.00696237 0.00497778 -0.00226848 -0.000281991 -0.00297482 0.00166915 -0.000574713 -0.00545455 -0.00356531 -0.00860335 0.00764192 -0.0130375 -0.00878136 -0.00996441 0.00067801 0.0053277 0.00976261 -0.000849515 -0.0100513
internal_weight=9346 224 9122 8902 369 8533 172 293 8361 8260 8199 181 220 8018 2105 5913 666 604 380 5247 532 224 395 274 276 1905 468 332 1437 190
internal_count=9346 224 9122 8902 369 8533 172 293 8361 8260 8199 181 220 8018 2105 5913 666 604 380 5247 532 224 395 274 276 1905 468 332 1437 190
is_linear=0
shrinkage=0.035


Tree=143
num_leaves=31
num_cat=0
split_feature=63 261 261 233 5 176 60 153 176 82 170 274 153 71 116 181 261 261 238 157 241 76 235 76 245 180 19 90 137 246
split_gain=10.0309 15.0762 15.3815 16.8192 12.8334 10.8903 10.4367 11.556 20.3515 13.546 15.4496 14.4145 13.057 10.7786 11.4013 10.4231 10.0589 14.1963 23.1677 15.0826 12.4775 12.0444 11.791 10.6084 12.3408 11.3402 11.0453 10.3229 11.4138 25.0895
threshold=683.50000000000011 614.34500122070324 611.74499511718761 6742.3398437500009 58.045202035999125 4.1567473809341333 300.00000000000006 0.81767769407653834 0.15246764596798593 478.00000000000006 0.030049994587898258 0.90386903618293502 0.75054663363469476 36331.000000000007 2.5000000000000004 0.21630000323057177 608.04501342773449 601.85498046875011 2.4259080480881772 -0.049125991806741882 0.016397366028320096 0.33515000343322759 0.22969851559806467 0.33075000345706945 0.098826153271280401 -0.00045000016689300532 605.50000000000011 0.0046511833037705423 6506.0000000000009 0.59726810672062902
decision_type=2 2 2 2 2 2 2 2 2 2 2 2 2 2 2 2 2 2 2 2 2 2 2 2 2 2 2 2 2 2
left_child=1 2 5 -4 -3 6 15 9 -9 10 -8 12 13 14 -11 -1 17 22 19 -19 -20 -18 27 -24 26 -26 -25 -16 29 -29
right_child=-2 4 3 -5 -6 -7 7 8 -10 11 -12 -13 -14 -15 16 -17 21 18 20 -21 -22 -23 23 24 25 -27 -28 28 -30 -31
leaf_value=-7.2766440633029739e-05 0.00010118938766353143 -0.0011081856188128441 -0.00028221669962794641 0.01492627097494161 0.0003647530998525062 -0.00068755302887570655 -0.00080287153953839067 -0.0003032092042923468 0.013980634528411012 -0.0028968243626409425 0.00018304712805724378 0.0069502582519560957 -0.00075825761970156732 0.0099330243125366948 -0.0024997517258091018 -0.0029727122803670496 -0.0013591817574592337 -1.6204797578507626e-05 0.00014893115838026191 0.015476488419302725 -0.00079724354856147771 -0.00041906625548911619 -0.0010154560832490215 0.0005762495134223897 -0.0024881248617809391 -0.00050547575883500538 -0.0010168324393769715 -6.4878509337733825e-05 -0.00018128885102173365 0.0052142563433323639
leaf_weight=61 222 276 62 62 66 114 121 85 70 67 61 68 94 63 114 79 111 60 60 124 80 161 296 260 72 246 108 3056 2856 171
leaf_count=61 222 276 62 62 66 114 121 85 70 67 61 68 94 63 114 79 111 60 60 124 80 161 296 260 72 246 108 3056 2856 171
internal_value=-0.00234306 -0.00252273 -0.00223853 0.00976744 -0.009683 -0.00241602 -0.0022681 -0.00210608 0.00721875 -0.00228556 -0.0116043 -0.00206826 -0.00220827 -0.00204867 -0.00216771 -0.0115862 -0.00203792 -0.00179475 0.00531915 0.0133333 -0.00531034 -0.00859206 -0.00211929 -0.00567376 -0.00324168 -0.00823529 0.00112601 -0.00155192 -0.00135102 7.58045e-05
internal_weight=9346 9124 8782 124 342 8658 8544 8404 155 8249 182 8067 7999 7905 7842 140 7775 7503 324 184 140 272 7179 982 686 318 368 6197 6083 3227
internal_count=9346 9124 8782 124 342 8658 8544 8404 155 8249 182 8067 7999 7905 7842 140 7775 7503 324 184 140 272 7179 982 686 318 368 6197 6083 3227
is_linear=0
shrinkage=0.035


Tree=144
num_leaves=31
num_cat=0
split_feature=126 100 193 13 63 261 261 137 273 5 4 82 82 173 49 82 10 218 56 178 135 60 270 93 173 153 173 60 60 60
split_gain=11.4429 26.6654 13.7491 11.6357 9.84196 11.7942 11.5713 18.0548 10.004 9.86008 10.2776 16.2145 18.5006 14.9193 14.919 14.1376 18.5898 17.4855 32.8209 17.0116 16.6393 12.1631 24.9093 41.9587 22.1089 17.8731 16.5433 24.3675 23.1451 21.1204
threshold=120.00000000000001 15.158140337095078 0.9800985004673578 51.262478293579491 683.50000000000011 617.13998413085949 611.74499511718761 6310.0000000000009 0.049584659221948872 173.3033534036953 49.337568224790651 2221.0000000000005 302.50000000000006 0.75694649066678033 5465.0000000000009 2124.5000000000005 99.654313500532538 7.682564117537015 4.0240446348012666 -0.015000000596046446 -0.90238895668789099 3545.0000000000005 86.399658775425948 8546.0000000000018 -0.80974516322820989 0.32470325001462014 0.44591921594037348 3781.0000000000005 4821.0000000000009 5029.0000000000009
decision_type=2 2 2 2 2 2 2 2 2 2 2 2 2 2 2 2 2 2 2 2 2 2 2 2 2 2 2 2 2 2
left_child=1 3 4 -1 5 6 9 -8 -6 10 11 12 -2 21 -12 16 17 19 -19 -14 -20 22 23 -13 -24 -25 27 -23 -29 -30
right_child=2 -3 -4 -5 8 -7 7 -9 -10 -11 14 13 15 -15 -16 -17 -18 18 20 -21 -22 26 24 25 -26 -27 -28 28 29 -31
leaf_value=-0.00022127363659409373 0.0069610392062400186 -0.0052048580427981259 0.0036890637078777419 0.0038637333090441686 -9.9806872951254129e-05 -0.0010722879495331417 -0.00044287260434764389 0.014858433131399316 0.00042380480545449245 -0.0028370752097750447 -0.0040137097480003187 0.014311252603878787 -0.00032891435145080973 0.011694740432327877 0.0087062305213093903 -0.0023040726947023095 -0.00045749618885724045 0.01406228509884527 -0.0019130727081920226 -2.6234749082191536e-05 0.00047909230469169399 -0.0033630236449230053 0.011476918927883495 0.0022223865945526929 -0.0016471114361240676 -0.00078104611035863009 -0.00044783968494372528 0.0017103558424330786 -0.00152664235358517 -0.00017457736044176872
leaf_weight=119 69 109 74 61 105 233 73 62 117 65 68 177 189 62 111 72 357 70 133 196 137 110 67 94 232 96 894 427 112 4655
leaf_count=119 69 109 74 61 105 233 73 62 117 65 68 177 189 62 111 72 357 70 133 196 137 110 67 94 232 96 894 427 112 4655
internal_value=-0.00236552 -0.00916667 -0.00214357 -0.000756757 -0.00227025 -0.00245551 -0.00223954 0.00775 0.00493392 -0.00240474 -0.00229329 -0.0024767 -0.00618485 -0.00181792 0.00589674 -0.00724763 -0.00618215 -0.00292466 0.00284058 -0.00798718 -0.0028 -0.001977 0.00250373 0.00856183 -0.00495066 -0.00287179 -0.0024601 -0.00171407 -0.00135988 -0.00206098
internal_weight=9346 289 9057 180 8983 8761 8528 135 222 8393 8328 8149 1223 6926 179 1154 1082 725 340 385 270 6864 666 367 299 190 6198 5304 5194 4767
internal_count=9346 289 9057 180 8983 8761 8528 135 222 8393 8328 8149 1223 6926 179 1154 1082 725 340 385 270 6864 666 367 299 190 6198 5304 5194 4767
is_linear=0
shrinkage=0.035


Tree=145
num_leaves=31
num_cat=0
split_feature=126 100 193 109 270 232 193 20 272 38 126 228 124 270 11 4 38 126 274 57 93 39 243 13 193 1 269 156 37 134
split_gain=11.5284 22.5249 16.4481 11.635 13.026 11.1017 11.0138 12.2308 14.0952 10.7757 13.1487 11.2855 11.0299 12.6355 10.2764 13.1597 15.6879 11.368 11.2596 17.5098 23.2045 16.8063 16.7972 16.2215 21.874 19.2442 18.9928 17.9502 16.1361 15.6379
threshold=122.00000000000001 14.804885106817116 0.96794071219247446 0.64284998178482067 55.343235774762967 0.35977597873104733 0.95172505355701709 17.742955697489517 0.01949999108910561 777.50000000000011 270.50000000000006 -12.111831051880849 -2.3803997658013958 120.8954055182049 271.67723591697694 49.337568224790651 1809.0000000000002 1148.5000000000002 0.30151933966957062 0.025807539705760867 6052.0000000000009 126.50000000000001 18.703688684945128 26.147136172956319 0.86790060851904227 687.50000000000011 0.92795064941919592 -1.0076941931796874 2.6361500024795537 0.02091639696900988
decision_type=2 2 2 2 2 2 2 2 2 2 2 2 2 2 2 2 2 2 2 2 2 2 2 2 2 2 2 2 2 2
left_child=1 3 5 -1 -5 -2 7 8 -7 -9 -11 12 -12 -14 15 16 17 -13 22 20 -20 -22 29 25 -25 -21 28 -26 -27 -18
right_child=2 -3 -4 4 -6 6 -8 9 -10 10 11 14 13 -15 -16 -17 18 -19 19 23 21 -23 -24 24 27 26 -28 -29 -30 -31
leaf_value=-0.00046491895367090866 0.00019833152490865259 -0.0030743983134346202 0.017211365044117018 -0.00020425480841804346 0.0022397343231062876 -0.00081066056809234188 -0.0004357791373988768 0.0052593301491228543 0.00028409101332606658 -0.0010215914450900983 -0.0016666616694452571 -0.0005576552040076066 -0.0010074226288649642 0.0010236656882292602 -0.0020949450343634938 0.0040687180653981034 -0.00033782088578145021 6.5550471849286647e-05 -0.00061028055538424949 0.01724403543568518 0.0091513975437451621 0.00059360778921903866 0.015848750135088491 -0.00027812897620183019 0.0036483236585291455 0.0032237152117578984 -0.00078305940166225132 -0.00015929348974352332 -0.00049476269973688447 0.00025881594390947063
leaf_weight=67 258 122 80 68 73 112 130 81 60 73 223 181 387 84 77 116 4660 73 173 67 169 396 63 717 88 67 124 119 64 374
leaf_count=67 258 122 80 68 73 112 130 81 60 73 223 181 387 84 77 116 4660 73 173 67 169 396 63 717 88 67 124 119 64 374
internal_value=-0.00239547 -0.00877612 -0.00215719 -0.00164319 0.00407534 -0.00230176 -0.00251526 -0.00235707 -0.0114689 -0.00216323 -0.00228976 -0.00215267 -0.00640916 -0.00330882 -0.00175627 -0.0016195 -0.00180722 -0.0102703 -0.00149661 0.000739065 0.00499327 0.00841228 -0.00236672 -0.00179057 -0.00414424 0.00492355 0.000403846 0.0057783 0.00952206 -0.00259774
internal_weight=9346 330 9016 208 141 8936 8678 8548 172 8376 8295 8222 694 471 7528 7451 7335 254 7081 1984 738 565 5097 1246 924 322 255 207 131 5034
internal_count=9346 330 9016 208 141 8936 8678 8548 172 8376 8295 8222 694 471 7528 7451 7335 254 7081 1984 738 565 5097 1246 924 322 255 207 131 5034
is_linear=0
shrinkage=0.035


Tree=146
num_leaves=31
num_cat=0
split_feature=82 6 79 225 33 110 176 173 64 228 137 83 9 61 72 274 273 65 60 60 110 173 60 92 60 224 60 173 49 173
split_gain=12.8011 19.0743 17.0864 16.5033 16.7116 19.5501 15.5105 14.2203 12.2608 11.8095 11.8047 11.3763 13.9011 11.331 18.9917 13.8499 13.0792 9.91291 11.0512 24.5211 18.4502 17.2692 22.8809 18.5715 15.987 19.6376 16.9511 15.6393 22.5131 26.9831
threshold=2308.5000000000005 30.792619063504109 0.018605091308440274 0.10320128947607164 0.58939999341964733 0.12700000405311587 4.1567473809341333 0.7723246519197845 5.1642370631288523 -20.532726514356778 6264.5000000000009 628.50000000000011 61.735136763177536 563.50000000000011 1176.5000000000002 0.75823675317351902 0.05047643686126628 0.23970000445842746 3545.0000000000005 3346.5000000000005 0.14949999749660495 0.44591921594037348 3781.0000000000005 5.8180999755859384 4821.0000000000009 0.99999999998045686 5029.0000000000009 0.14165682062607238 10975.500000000002 0.254522064228969
decision_type=2 2 2 2 2 2 2 2 2 2 2 2 2 2 2 2 2 2 2 2 2 2 2 2 2 2 2 2 2 2
left_child=1 3 -3 4 5 -1 7 9 -7 -2 -5 12 -10 16 -15 -16 -12 -11 19 20 -19 22 -20 -23 25 -24 -26 -28 -29 -30
right_child=6 2 -4 10 -6 8 -8 -9 11 17 13 -13 -14 14 15 -17 -18 18 21 -21 -22 23 24 -25 26 -27 27 28 29 -31
leaf_value=0.00018909045693693978 -0.0014422896738642006 -0.00086590917871099185 0.011262193751085578 -0.0016287563974031474 0.0048010046032986873 0.00027328471299161469 -0.00082451248982155269 0.013948706090937936 -0.00072876668485383352 -0.00053813645768443499 -0.00036392424116273416 -0.00038050275916346637 0.00028905812824032263 -0.00083403908424556177 0.00016432563911153943 -0.00094750122626635137 0.00032680414771196352 0.011711172081389366 -0.0031083319126383054 0.012558920667913885 -0.00034822778686211035 -0.00054869891326890107 0.0060437148815035268 0.0004219417351182298 -0.0014613861402073382 -0.00057331101394198284 -0.00028363927818588099 -0.00026997058264707774 0.0099660885305340868 4.4927498861043754e-05
leaf_weight=106 213 75 63 141 83 70 102 64 74 147 196 542 170 120 113 81 104 67 126 126 443 676 337 154 102 103 3026 965 308 449
leaf_count=106 213 75 63 141 83 70 102 64 74 147 196 542 170 120 113 81 104 67 126 126 443 676 337 154 102 103 3026 965 308 449
internal_value=-0.00247781 -0.00500772 0.00734266 -0.0059723 -0.0031 -0.00441572 -0.00181303 -0.00161811 -0.00617886 -0.00176763 -0.00990132 -0.00743363 -0.0011245 -0.00768982 -0.0122884 -0.00527638 -0.0027541 -0.00151763 -0.00132133 0.00305772 -0.000407767 -0.00176932 -0.00104593 -0.00645509 -0.000687441 0.00566292 -0.0012688 -0.00095729 0.00170237 0.00620079
internal_weight=9346 1938 138 1800 1045 962 7408 7306 856 7242 755 786 244 614 314 194 300 7029 6882 636 510 6246 5416 830 5290 440 4850 4748 1722 757
internal_count=9346 1938 138 1800 1045 962 7408 7306 856 7242 755 786 244 614 314 194 300 7029 6882 636 510 6246 5416 830 5290 440 4850 4748 1722 757
is_linear=0
shrinkage=0.035


Tree=147
num_leaves=31
num_cat=0
split_feature=33 33 65 82 78 129 19 115 137 55 10 8 66 137 65 183 205 211 6 150 254 1 16 179 82 77 138 37 225 162
split_gain=11.7589 18.2441 14.7464 11.5263 19.2299 28.5347 27.5139 25.5349 25.0826 20.1756 21.6351 19.4911 19.1755 15.4967 14.263 13.6764 17.8577 15.9196 13.4265 12.5484 13.2026 10.9016 10.5051 10.4751 10.1919 10.012 9.59975 9.56866 9.51379 10.0466
threshold=0.13104999810457232 0.13695000112056735 0.2250500023365021 2949.5000000000005 7.268358888980587 560.50000000000011 565.50000000000011 16505.000000000004 11581.500000000002 0.15145000070333484 83.019793366264722 -97.738948675072905 0.10455000028014184 2965.5000000000005 0.43225000798702246 0.74794339899223428 0.011926483183995319 0.49375322939811411 7.0698405837938179 0.043499995023012168 -9.0849012637689288 722.50000000000011 1.3658609169364679 18.057116429717119 1535.0000000000002 0.15585000067949298 118.50000000000001 2.3308500051498418 0.0040810493564120039 0.33333333332573534
decision_type=2 2 2 2 2 2 2 2 2 2 2 2 2 2 2 2 2 2 2 2 2 2 2 2 2 2 2 2 2 2
left_child=-1 22 -3 4 7 6 13 8 9 -4 -11 -7 -9 24 28 16 -13 -18 -15 -17 -21 -19 -2 -16 -6 -10 -22 -12 -5 -30
right_child=1 2 3 14 5 11 -8 12 25 10 27 15 -14 18 23 19 17 21 -20 20 26 -23 -24 -25 -26 -27 -28 -29 29 -31
leaf_value=-0.00070142025812841634 0.0046194938340581478 -0.00072322725356508864 0.0024671454012752917 0.00088547350662417762 0.0059143786641107678 -0.003018215618467269 0.01111825294660396 -6.360695699155386e-05 -0.0004642843986208917 -0.00069382802161397045 -0.00031243169278805138 0.0082230833386293823 0.014511880070390819 -0.0024772809505633478 -0.00060322632121776224 0.00016879145732675213 -0.00081717430513376357 0.0055173043746979695 0.00017185776603055925 6.9147064432433138e-05 -0.00045677646585320366 -0.00035964105306279028 -2.0554496344551977e-06 0.00010797862302700191 -0.00048251310066546431 -3.5388651230148232e-05 -0.0013309169049658882 0.0039317018313301541 -0.00024565076672403597 3.9265408151072175e-05
leaf_weight=111 66 68 77 97 66 115 64 60 133 114 60 76 100 111 202 84 116 60 65 64 326 110 62 90 111 63 184 90 4435 1966
leaf_count=111 66 68 77 97 66 115 64 60 133 114 60 76 100 111 202 84 116 60 65 64 326 110 62 90 111 63 184 90 4435 1966
internal_value=-0.00249278 -0.00235227 -0.00253896 -0.00241099 -0.00458075 -0.00674374 0.0010782 0.000249288 -0.00342251 0.00232659 -0.00234201 -0.00960965 0.012303 -0.0028352 -0.00168948 -0.00799024 -0.00247956 -0.00649485 -0.0100552 -0.0109804 -0.0128152 0.0004 0.0105263 -0.00919192 0.00442308 -0.0132338 -0.0146796 0.00632258 -0.00134553 -0.00151342
internal_weight=9346 9235 9107 9039 2249 1552 417 697 537 341 264 1135 160 353 6790 1020 362 286 176 658 574 170 128 292 177 196 510 150 6498 6401
internal_count=9346 9235 9107 9039 2249 1552 417 697 537 341 264 1135 160 353 6790 1020 362 286 176 658 574 170 128 292 177 196 510 150 6498 6401
is_linear=0
shrinkage=0.035


Tree=148
num_leaves=31
num_cat=0
split_feature=82 20 274 30 13 115 242 126 115 30 8 100 218 213 67 274 137 19 42 83 126 270 126 267 32 23 131 137 92 261
split_gain=12.1745 18.0143 20.589 25.3871 17.9349 19.0734 17.7874 14.9128 14.6607 15.6152 25.5704 16.6699 18.9888 24.1831 18.8097 16.5072 17.3434 14.5645 25.449 17.1738 13.6996 22.1456 18.8954 18.0382 15.0053 16.526 14.3184 13.6187 16.4053 13.3677
threshold=2949.5000000000005 21.834406167353663 0.32013490858016375 656.50000000000011 32.648203963719119 7050.0000000000009 31.619646453654671 5774.5000000000009 23642.500000000004 558.50000000000011 -45.665572172891309 13.804599439031239 7.3737912681304953 11.05817294256414 3.9103099013247364 0.74350748641903908 3645.0000000000005 601.50000000000011 32.740955140002647 988.50000000000011 10355.000000000002 115.19907782549447 9458.0000000000018 -4.4596470726071527 0.11924999952316286 1.3354700975566154 0.81115001440048229 10535.500000000002 4.7761499881744394 569.31500244140636
decision_type=2 2 2 2 2 2 2 2 2 2 2 2 2 2 2 2 2 2 2 2 2 2 2 2 2 2 2 2 2 2
left_child=7 -2 20 4 6 -6 -4 8 9 10 15 12 14 -14 -11 16 -1 -13 19 -19 22 23 24 -22 29 -26 -25 -15 -29 -3
right_child=1 2 3 -5 5 -7 -8 -9 -10 11 -12 17 13 27 -16 -17 -18 18 -20 -21 21 -23 -24 26 25 -27 -28 28 -30 -31
leaf_value=-1.1988936052060584e-05 -0.00029883035604381052 -3.9187410876963538e-05 0.0019899876121947822 -0.00033775950829203485 0.0079357460061616324 -0.00013729663965470653 0.016260811305459873 -0.0029473058996795282 0.0070406100637531313 -0.00043621923068726481 0.01515311374286438 -0.0010741154621195948 0.0090275387335208863 0.00051976133285161605 -9.5722801628047595e-05 0.0030186405934766762 -0.0025375094410500618 -3.6940179374335693e-05 0.013354447914190789 -0.00083897093484021227 -0.00268832054307107 0.0083005502071308839 -0.0029186119775955447 -0.00044966747779379151 -0.00078636438964553145 -0.00030672503370630992 0.0027724999848197183 0.00025047339721611858 -0.0016192763863085331 0.0082976933507692679
leaf_weight=160 475 144 245 219 151 438 78 113 61 166 61 343 110 154 490 70 76 157 64 178 130 112 130 541 192 3688 372 68 81 79
leaf_count=160 475 144 245 219 151 438 78 113 61 166 61 343 110 154 490 70 76 157 64 178 130 112 130 541 192 3688 372 68 81 79
internal_value=-0.00257513 -0.00184026 -0.0013573 0.00292694 0.00549618 0.0018266 0.0120579 -0.0047518 -0.00410205 -0.00458543 0.00197581 -0.00591685 -0.0030959 0.00276316 -0.00677761 -0.0022508 -0.0066805 -0.00993307 -0.00528465 -0.00916176 -0.00225848 0.00111638 -0.00317957 -0.000500954 -0.00275195 -0.00326126 0.00125817 -0.00238636 -0.00977273 0.00598684
internal_weight=9346 6994 6519 1131 912 589 323 2352 2239 2178 367 1811 1069 413 656 306 236 742 399 335 5388 1155 4233 1043 4103 3880 913 303 149 223
internal_count=9346 6994 6519 1131 912 589 323 2352 2239 2178 367 1811 1069 413 656 306 236 742 399 335 5388 1155 4233 1043 4103 3880 913 303 149 223
is_linear=0
shrinkage=0.035


Tree=149
num_leaves=31
num_cat=0
split_feature=26 233 99 70 27 134 224 36 93 225 225 38 261 151 83 233 119 71 20 87 195 21 172 182 156 224 200 235 76 168
split_gain=14.783 13.5249 13.6083 13.2797 20.3273 17.9852 14.0534 13.659 15.6874 13.363 25.925 23.7692 16.3497 16.8282 15.5673 15.4816 21.1569 14.4582 14.1983 13.9351 13.0715 12.2471 16.6008 15.4843 13.5352 11.9826 11.6899 11.6802 11.3723 13.0129
threshold=2.0594500303268437 6493.3100585937509 0.12164999917149545 4.5417499542236337 32987.500000000007 0.016249145662638024 -0.99999999998920364 -9.551555393595617 7957.0000000000009 0.30872778103018494 0.10388400829327693 9712.5000000000018 521.35498046875011 0.29450000077486044 981.50000000000011 6317.9050292968759 14.147181349117856 6663.5000000000009 39.801482556395264 0.48154999315738684 0.010770289784475881 0.18184999376535418 0.10982747826333093 0.027815069209775327 -0.40526597831599348 0.43159530776550442 -0.026799984276294705 0.12133799350944054 0.36945000290870672 0.056649997830390937
decision_type=2 2 2 2 2 2 2 2 2 2 2 2 2 2 2 2 2 2 2 2 2 2 2 2 2 2 2 2 2 2
left_child=1 2 -1 4 7 6 -5 9 26 10 12 14 13 18 -11 16 25 -15 -2 -18 -7 22 23 -14 -25 -12 -9 -24 -8 -30
right_child=3 -3 -4 5 -6 20 28 8 -10 11 15 -13 21 17 -16 -17 19 -19 -20 -21 -22 -23 27 24 -26 -27 -28 -29 29 -31
leaf_value=0.00094898759463194501 -0.00011482690403018943 -0.00053286438074339197 -0.00035610611131554258 -0.0026128770610054177 0.014341404391973163 3.687849125735332e-05 -3.7513829380684266e-05 0.0046226202192915416 -0.00015214899657681137 0.018578660922444406 -0.00068692831388614522 -0.00047257465209624752 0.00050802957272283401 0.00031785426067292472 3.3370960712288545e-05 -0.00068834738562654465 8.3791425115542227e-05 -0.00090822410256732465 -0.0012182933921116644 -0.0012770442710438063 -0.00052787035089982173 -0.00024688818095807921 0.0039717340037768341 -0.0020429744793117838 1.7834134122085568e-05 0.0030488725100577059 -1.5088756587076647e-05 -8.9536124496103498e-06 -0.00056455387374376221 0.00049038246404923332
leaf_weight=68 68 303 1230 251 67 162 2442 204 177 98 78 118 243 210 60 414 180 121 70 305 567 183 229 74 110 138 103 75 922 76
leaf_count=68 68 303 1230 251 67 162 2442 204 177 98 78 118 243 210 60 414 180 121 70 305 567 183 229 74 110 138 103 75 922 76
internal_value=-0.00271736 -0.00577522 -0.00419033 -0.00208194 -0.00040991 -0.00333785 -0.00233902 -0.000815201 0.00458078 -0.00176322 -0.00257291 0.00548043 0.000630403 -0.0046519 0.0141718 -0.00653125 -0.00332153 -0.0003125 -0.0146853 -0.00735714 -0.00834469 0.00335147 0.00537364 0.000891204 -0.00666667 0.00570136 0.0093109 0.0115534 -0.00174746 -0.00488534
internal_weight=9346 1601 1298 7745 3325 4420 3691 3258 484 2774 2498 276 1383 469 158 1115 701 331 138 485 729 914 731 427 184 216 307 304 3440 998
internal_count=9346 1601 1298 7745 3325 4420 3691 3258 484 2774 2498 276 1383 469 158 1115 701 331 138 485 729 914 731 427 184 216 307 304 3440 998
is_linear=0
shrinkage=0.035


Tree=150
num_leaves=31
num_cat=0
split_feature=26 233 79 82 34 129 13 169 153 274 113 163 8 220 143 124 130 137 60 261 181 246 274 272 243 34 60 60 243 38
split_gain=13.1465 12.4299 11.8046 11.4562 20.6229 25.9989 20.7553 23.4469 16.5728 20.4491 18.7226 14.2479 13.6008 12.4518 11.9674 11.9245 11.7995 18.4217 15.6132 14.912 34.3978 22.1762 19.4366 17.2989 17.9132 16.9311 15.3066 20.8211 13.235 13.1421
threshold=2.0594500303268437 6493.3100585937509 0.044949485171985569 2271.0000000000005 3.1712477817464797 560.50000000000011 57.624177659716906 16.536214690841508 0.64014127354831141 0.71572693130964449 -1.8456311437774158 0.70545628010812178 -53.433329717105387 56.407585876980221 0.16324999928474429 -1.867789222426022 -83.870771690417996 847.50000000000011 5495.0000000000009 486.25999450683599 0.31527499854564672 -0.79258960983043059 0.15193043069874854 0.040999986231327064 5.9035840908298738 7.4229855328444989 3598.0000000000005 3426.0000000000005 18.703688684945128 3742.5000000000005
decision_type=2 2 2 2 2 2 2 2 2 2 2 2 2 2 2 2 2 2 2 2 2 2 2 2 2 2 2 2 2 2
left_child=1 -1 3 4 8 12 7 14 10 -10 13 16 15 -2 -7 -6 17 -5 -19 20 -18 -21 25 26 -25 -22 27 -23 29 -28
right_child=2 -3 -4 11 5 6 -8 -9 9 -11 -12 -13 -14 -15 -16 -17 19 18 -20 21 22 23 -24 24 -26 -27 28 -29 -30 -31
leaf_value=-0.00026203775721423799 0.00025526321366833166 -0.00051421412741737291 -0.00043096139431859172 -8.5458392408055432e-06 -0.0015904169113991748 -0.00013855582335543822 -0.0010831335738400666 -0.00081259398818645196 0.011317274919184698 -5.3562075955647106e-05 -0.00089256837177734041 0.0084043153708660782 0.014019862688502959 -0.00016502949693108284 0.0023800427414679324 0.00061806413070538747 0.018362623171220924 -0.00046389254535202768 -0.0035402377643348657 -0.001660254619560804 -0.00021503186310566915 2.9914113531676893e-05 -0.0038686126621045105 0.0077649997531547945 -0.0011334891313083562 0.0050960898824139273 -0.0010677006417930102 0.016058516123019131 0.013892848893614152 -0.00019218589438250612
leaf_weight=1298 86 303 100 199 63 104 292 206 81 99 93 81 60 109 98 78 113 87 99 206 145 220 65 141 123 66 111 74 61 4485
leaf_count=1298 86 303 100 199 63 104 292 206 81 99 93 81 60 109 98 78 113 87 99 206 145 220 65 141 123 66 111 74 61 4485
internal_value=-0.00293445 -0.0058188 -0.00233484 -0.0021732 -0.00506914 -0.00815121 -0.0113191 -0.00610169 0.000887949 0.00908108 -0.00430034 -0.00153797 0.00288835 0.001925 0.00236715 -0.00311644 -0.00173306 -0.00762821 -0.0153927 -0.0013362 0.00524112 -0.00181257 -0.00149466 -0.00136111 0.00728625 0.00372685 -0.0018291 0.00585284 -0.00231982 -0.00254075
internal_weight=9346 1601 7745 7645 1369 901 700 408 468 180 288 6276 201 195 202 141 6195 385 186 5810 389 5421 276 5215 264 211 4951 294 4657 4596
internal_count=9346 1601 7745 7645 1369 901 700 408 468 180 288 6276 201 195 202 141 6195 385 186 5810 389 5421 276 5215 264 211 4951 294 4657 4596
is_linear=0
shrinkage=0.035


Tree=151
num_leaves=31
num_cat=0
split_feature=203 176 78 173 270 211 38 270 270 114 182 114 115 41 232 124 242 41 13 27 185 6 142 153 47 47 13 113 104 109
split_gain=12.1967 22.0318 20.2218 26.8435 25.6655 18.6821 18.0443 20.6382 24.9449 15.7647 15.0589 15.0456 14.6768 14.2621 13.7486 13.5472 12.8223 12.4643 22.7674 16.6633 17.4047 15.3795 14.4792 21.2731 25.7395 18.4926 17.9549 17.0956 16.4495 19.2475
threshold=0.90552235217450072 -2.9750905155472886 7.268358888980587 0.64703898334560705 56.896927048292078 0.76426392154693368 9609.5000000000018 71.247452100491913 66.671729024062799 3.4128999710083012 0.54667347226869756 4.6175498962402353 10962.000000000002 684.50000000000011 1.9449401363746956 -2.9301769083248108 59.370371032252663 646.50000000000011 99.242202000845495 24817.000000000004 0.017894485494521575 25.09618348458957 0.82934999465942394 0.12636257246634852 -5.0200583996744745 -5.1564384562591545 116.96913404868909 -2.370286163720023 5802.0000000000009 0.60925000905990612
decision_type=2 2 2 2 2 2 2 2 2 2 2 2 2 2 2 2 2 2 2 2 2 2 2 2 2 2 2 2 2 2
left_child=5 -2 3 15 11 9 7 8 -4 10 14 -5 -6 17 -1 -3 -9 21 19 20 -19 22 23 24 26 -25 -11 28 -24 -30
right_child=1 2 6 4 12 -7 -8 16 -10 13 -12 -13 -14 -15 -16 -17 -18 18 -20 -21 -22 -23 27 25 -26 -27 -28 -29 29 -31
leaf_value=0.00031351494635230211 -0.00075703175709408829 0.000405941876681438 -0.00029794346299711423 -0.00013160339363467335 0.00028853184033944768 0.0053167545160150344 -0.0027945595520643797 -0.0023570385060542325 0.0060411002879832967 -0.00019880548511811482 -0.0022173503839398694 0.00047534658779928247 0.014007642960085227 0.0062793143042162358 -0.00053279698801314394 -0.0029855518251960928 -0.00037683488386740813 -0.00021295124142009072 -0.0029185579949504736 0.0089282651342342118 -0.0004656327243677625 0.0088385930158821745 -9.2999672266663461e-05 -0.00026258672301100711 0.0040168971038392993 -0.0031707055557209708 0.0062712530709302661 -8.0007803546712779e-05 0.00081489480527261132 0.013250123896896435
leaf_weight=120 86 62 554 149 60 120 125 79 109 1478 134 86 89 85 843 102 172 1473 104 67 244 62 118 1318 237 223 116 684 119 128
leaf_count=120 86 62 554 149 60 120 125 79 109 1478 134 86 89 85 843 102 172 1473 104 67 244 62 118 1318 237 223 116 684 119 128
internal_value=-0.00282216 -0.00552741 -0.00455088 0.000886076 0.0059383 -0.0022291 -0.007409 -0.00563656 -0.00235778 -0.00244972 -0.00632033 -0.0013125 0.0170455 -0.00178765 -0.00473657 -0.0107692 -0.014082 -0.00198165 -0.00436344 -0.00340414 -0.00408537 -0.000974822 -0.00122571 -0.00234232 0.000209695 -0.00536546 -0.00140088 0.00235769 0.00841892 0.0134722
internal_weight=9346 1673 1587 548 384 7673 1039 914 663 7553 1097 235 149 6456 963 164 251 6371 1888 1784 1717 4483 4421 3372 1831 1541 1594 1049 365 247
internal_count=9346 1673 1587 548 384 7673 1039 914 663 7553 1097 235 149 6456 963 164 251 6371 1888 1784 1717 4483 4421 3372 1831 1541 1594 1049 365 247
is_linear=0
shrinkage=0.035


Tree=152
num_leaves=31
num_cat=0
split_feature=60 115 230 115 270 13 6 270 92 41 11 30 183 99 110 77 270 55 38 132 173 147 183 269 222 5 115 27 200 244
split_gain=14.0794 11.1172 9.99251 12.8704 10.2291 20.9104 25.9709 18.8718 17.8052 16.2478 16.1135 16.3657 15.4663 19.4568 13.9902 18.4092 20.6027 21.2513 19.125 17.7416 19.9631 16.4448 15.2734 21.2128 21.5251 17.8465 16.2979 15.636 14.9738 16.842
threshold=258.50000000000006 32407.500000000004 -29.15078853161668 3532.5000000000005 37.80661213757196 26.213993384416604 -35.167992952798308 37.949032578050854 5.8304500579833993 684.50000000000011 31.957100188053808 634.50000000000011 0.32296604248055266 0.12555000185966494 0.11410000175237657 0.14460000395774844 47.568567147466716 0.14474999904632571 876.50000000000011 0.16915000230073932 -0.040877815855009679 3.3301999568939213 0.65638516482491582 7.8240530740480994 18.474273539057354 133.6816758971992 6411.0000000000009 10567.000000000002 -0.065400000661611543 0.012400008738040926
decision_type=2 2 2 2 2 2 2 2 2 2 2 2 2 2 2 2 2 2 2 2 2 2 2 2 2 2 2 2 2 2
left_child=-1 2 3 -2 5 6 -4 -6 -7 14 11 -8 -12 -14 -9 16 17 -16 -17 20 -20 -22 23 -21 -25 26 -24 28 -28 -30
right_child=1 -3 4 -5 7 8 10 9 -10 -11 12 -13 13 -15 15 18 -18 -19 19 22 21 -23 25 24 -26 -27 27 -29 29 -31
leaf_value=-0.001149070516567245 -0.00010954210764644154 0.010331592666655644 0.031561849282975799 -0.0034425661220481396 0.0088811457118772915 -0.00040050099606015024 -0.0021636593768104423 0.0040528897961873379 6.7621218708666664e-05 0.011409657756015408 -0.00037966372358382407 -0.00015867530863237364 -6.6273819575971007e-05 0.0053737071710487612 0.0015032346248902908 0.0069292919753789935 -0.0005587180887219349 -0.00063159271362345898 0.011070843933138978 -0.00030167539029977433 0.00056996355946501548 -0.00024627143529530994 -0.001442338597035816 0.0018060837952983979 -0.0004707534158458517 0.0015711018656131167 -0.0016139223312996445 -0.00057024709647751116 -0.00071352832275401899 0.00028028393957594714
leaf_weight=82 92 62 66 90 66 279 138 114 99 60 81 290 157 114 145 121 444 133 70 4723 201 246 162 288 152 71 61 310 128 301
leaf_count=82 92 62 66 90 66 279 138 114 99 60 81 290 157 114 145 121 444 133 70 4723 201 246 162 288 152 71 61 310 128 301
internal_value=-0.00286707 -0.00273384 -0.00283589 -0.0108556 -0.00266814 -0.00563873 -0.00254994 -0.00219844 -0.0124282 -0.00236199 -0.00436943 -0.00889145 0.00117647 0.00519928 -0.00250814 -0.00269409 -0.00799175 -0.0004947 -0.00212897 -0.00238092 0.00382184 0.00100664 -0.00290114 -0.00211978 0.00519101 -0.00677746 -0.00803516 -0.00591304 -0.0019798 0.000403226
internal_weight=9346 9264 9202 182 9020 1224 846 7796 378 7730 780 428 352 271 7670 7556 722 278 6834 6713 517 447 6196 5163 440 1033 962 800 490 429
internal_count=9346 9264 9202 182 9020 1224 846 7796 378 7730 780 428 352 271 7670 7556 722 278 6834 6713 517 447 6196 5163 440 1033 962 800 490 429
is_linear=0
shrinkage=0.035


Tree=153
num_leaves=31
num_cat=0
split_feature=60 146 220 93 38 115 203 137 163 137 261 82 78 102 33 74 19 269 12 32 209 183 163 163 81 215 235 115 71 38
split_gain=13.037 11.0087 15.6634 15.3918 11.8403 10.8984 10.6196 27.127 21.8209 20.2262 22.0465 18.0884 17.9445 15.5847 13.6313 13.2924 14.4786 20.6107 15.7001 12.1207 19.0317 19.111 14.3441 14.3377 11.9519 10.4374 10.4292 10.3656 11.621 10.5092
threshold=300.00000000000006 -2.071760561799497 69.029970745773326 13814.000000000002 619.00000000000011 32407.500000000004 0.90552235217450072 8122.0000000000009 0.3142656585858094 10969.000000000002 531.05499267578136 557.00000000000011 7.6687036970036031 -2.3755108730820598 0.23454999923706057 600.50000000000011 619.50000000000011 0.71951137761483441 2.0209368510809527 0.13395000249147418 15.867533365019982 0.040801518687584991 0.3142656585858094 -0.15101831593952303 3.4458999633789067 -0.061500005424022668 -0.061708785433767226 128.50000000000003 469.00000000000006 3042.5000000000005
decision_type=2 2 2 2 2 2 2 2 2 2 2 2 2 2 2 2 2 2 2 2 2 2 2 2 2 2 2 2 2 2
left_child=-1 2 3 -2 -3 6 11 8 -8 10 14 -6 -12 15 -9 -11 17 -17 -18 20 21 22 26 -23 -25 -20 -13 -21 -29 -30
right_child=1 4 -4 -5 5 -7 7 9 -10 13 12 19 -14 -15 -16 16 18 -19 25 27 -22 23 -24 24 -26 -27 -28 28 29 -31
leaf_value=-0.00092896371004374991 4.0189612640331719e-05 0.00668676675624073 -0.0010021520331980989 -0.0010797470564936282 0.0074536226108639385 0.012324241745041405 -0.00022610541740252456 0.012541472922043979 -0.001101707338375282 -0.0011000144671097524 0.00025715999239077863 -0.00052650992455984349 -0.00048479594179274004 -0.0013822512565776126 0.00018534630370871505 0.0068186189439216234 8.6515484364446129e-05 -0.00044612399003479301 4.4611859917015333e-06 -0.0038811441202457261 -0.00042200531983901008 0.0084765050519936234 -0.001929571975035032 -0.00063812588584160452 0.00023754908770950658 -0.00068865947762634114 0.00014626820412636467 0.0062987434540988539 -0.00047098753857121206 -0.00022614981421110279
leaf_weight=159 293 89 165 96 63 60 83 61 140 94 117 194 196 150 64 75 111 61 60 105 199 96 66 76 744 119 424 67 366 4753
leaf_count=159 293 89 165 96 63 60 83 61 140 94 117 194 196 150 64 75 111 61 60 105 199 96 66 76 744 119 424 67 366 4753
internal_value=-0.0027997 -0.00262348 -0.00738819 -0.00346447 -0.00231361 -0.00244824 -0.00255625 -0.0054229 -0.0164254 -0.00314465 0.00268623 -0.00201942 -0.00231132 -0.00694815 0.0148077 -0.004 -0.0012993 0.00794326 -0.00569492 -0.00219027 0.00029102 0.00157009 -0.0028447 0.00486428 0.00330909 -0.0119837 -0.0011236 -0.00303342 -0.00280485 -0.00299863
internal_weight=9346 9187 554 389 8633 8544 8484 1331 223 1108 438 7153 313 670 125 520 426 136 290 7090 1799 1600 684 916 820 179 618 5291 5186 5119
internal_count=9346 9187 554 389 8633 8544 8484 1331 223 1108 438 7153 313 670 125 520 426 136 290 7090 1799 1600 684 916 820 179 618 5291 5186 5119
is_linear=0
shrinkage=0.035


Tree=154
num_leaves=31
num_cat=0
split_feature=183 133 30 270 246 8 203 115 104 137 216 162 242 183 193 114 74 261 242 200 126 60 1 60 57 71 261 183 86 10
split_gain=12.9152 22.7124 25.3449 22.707 22.5662 20.1853 23.8731 22.9042 24.5831 18.4042 14.6276 14.1617 13.8888 13.3192 12.4421 12.4228 12.8777 34.6383 18.0131 19.9214 16.9692 17.5253 16.3721 18.4505 15.555 16.0493 14.3284 14.1881 14.0775 13.9591
threshold=0.74794339899223428 41.0231711330783 558.50000000000011 60.407280260540652 0.75171545780956028 -34.438096046675163 0.76851148855041884 11725.500000000002 501.00000000000006 15299.000000000002 25.487567321381658 -0.33229566894187174 27.049052293534174 0.72118959156366647 0.92466058812563301 3.1732499599456792 641.50000000000011 569.49499511718761 75.225583384267367 -0.067899998277425752 816.00000000000011 3687.0000000000005 677.50000000000011 12304.500000000002 0.042109919835816807 16618.000000000004 572.91497802734386 0.073841431104765029 -0.66020864199878282 14.612696514156196
decision_type=2 2 2 2 2 2 2 2 2 2 2 2 2 2 2 2 2 2 2 2 2 2 2 2 2 2 2 2 2 2
left_child=13 5 4 -4 -3 7 -7 -2 -9 10 -8 -12 -11 14 15 -1 17 20 19 -18 21 -17 -21 24 25 29 -19 -20 -29 -24
right_child=1 2 3 -5 -6 6 9 8 -10 12 11 -13 -14 -15 -16 16 18 26 27 22 -22 -23 23 -25 -26 -27 -28 28 -30 -31
leaf_value=-0.00052156494964364646 -0.00035234844556540136 -0.0010808990706961095 -0.00042055284834970107 -0.0015449075627515158 0.0042446638539224467 0.012198535730195194 -0.00042221821489374096 0.019890112820609051 4.4183740971907584e-05 0.008830867377212866 0.00017434943589923537 -0.00046169141754844436 -9.4147967054588065e-05 0.0028744907854096383 -0.005600863892300155 -0.00013450653823990718 0.0056681155256055153 0.018553867240570416 -0.0021960355520037876 0.00011786218006847137 -0.00015009169259710243 0.015547113987921763 -0.0014201201022423051 -0.00065816562608351755 9.5376208864901844e-05 -0.0011861955166762592 0.0025448871227534892 0.0046845768637885383 -0.0039344818333181064 -5.6889154917090932e-05
leaf_weight=638 153 94 233 281 85 60 219 71 81 62 91 235 88 156 72 74 207 92 96 436 4057 61 221 244 331 160 62 63 91 532
leaf_count=638 153 94 233 281 85 60 219 71 81 62 91 235 88 156 72 74 207 92 96 436 4057 61 221 244 331 160 62 63 91 532
internal_value=-0.00276976 -0.00547497 -0.0103797 -0.0142967 0.000951087 -0.00223474 -0.00529605 0.00530645 0.0147134 -0.00715 -0.0101182 -0.00528701 0.0036129 -0.00214201 -0.00235622 -0.00220828 -0.00176248 -0.000627442 -0.00382858 -0.00276919 -0.00123421 0.01075 -0.00388284 -0.00562626 -0.00386709 -0.0062146 0.0154088 -0.0126275 -0.00572327 -0.00401715
internal_weight=9346 1753 693 514 179 1060 755 305 152 695 545 326 150 7593 7437 7365 6727 4346 2381 2131 4192 135 1924 1488 1244 913 154 250 154 753
internal_count=9346 1753 693 514 179 1060 755 305 152 695 545 326 150 7593 7437 7365 6727 4346 2381 2131 4192 135 1924 1488 1244 913 154 250 154 753
is_linear=0
shrinkage=0.035


Tree=155
num_leaves=31
num_cat=0
split_feature=148 194 82 31 7 44 193 93 50 104 17 61 153 80 232 7 88 153 178 179 267 148 93 71 32 38 19 19 242 242
split_gain=12.1318 31.5263 20.5795 18.0918 18.6855 18.5116 17.5522 32.1635 15.133 14.6025 12.9255 13.5174 11.2055 11.472 15.2412 14.7769 13.656 19.325 14.2454 13.3389 19.0208 16.7885 14.9729 13.903 17.8868 13.6136 13.4101 18.9783 23.3918 17.9759
threshold=377.50000000000006 -0.10117566024937454 501.50000000000006 -48.711303465330808 -48.507031808827364 0.13485000282526019 0.98806563155925098 8136.5000000000009 1281.5000000000002 1285.5000000000002 0.16680047077111129 527.50000000000011 0.75054663363469476 -10.164539997802027 4.3053615648319674 -28.544044825023544 0.11969999969005586 0.050990011557271349 -0.052450016140937798 17.85665390157957 -4.1924917109004145 438.00000000000006 12340.500000000002 15952.500000000002 0.13395000249147418 14378.500000000002 612.50000000000011 606.50000000000011 68.302235361084698 75.225583384267367
decision_type=2 2 2 2 2 2 2 2 2 2 2 2 2 2 2 2 2 2 2 2 2 2 2 2 2 2 2 2 2 2
left_child=1 -1 -2 4 -3 8 7 -6 -5 -9 -7 -12 13 14 15 -4 17 -15 -19 21 -21 -18 25 24 -23 -22 27 28 -26 -28
right_child=2 3 12 5 6 10 -8 9 -10 -11 11 -13 -14 16 -16 -17 19 18 -20 20 22 23 -24 -25 26 -27 29 -29 -30 -31
leaf_value=-0.0010225374314702328 0.008873210316168164 -0.0025752953747160321 -0.00043132031875966928 -4.0991381739448057e-05 0.00756847776039693 0.0030751864480276199 -0.0024810346019396644 -0.0004760916476218658 -0.00057637618841104162 0.00035508541779432501 0.0032733503334282927 -0.00057947492847290236 -0.0022979436468503795 -0.00056812531538293694 -0.00089113270011927526 0.00027189192106343853 0.0028000328819157237 0.0005177065798765238 -0.00043478531604425916 -0.00087134136200492992 -0.00030162086798935867 0.00014507765374521532 0.0020761042107534807 -0.00047677913472470696 -0.00068546918937972053 0.0033015821491513258 -0.00029125576650248234 0.0048920839033050204 0.00016512950642612936 -0.002065062586302849
leaf_weight=146 68 209 115 236 108 135 60 137 86 112 81 95 78 241 512 142 126 94 174 244 622 1049 512 328 963 120 1267 181 958 147
leaf_count=146 68 209 115 236 108 135 60 137 86 112 81 95 78 241 512 142 126 94 174 244 622 1049 512 328 963 120 1267 181 958 147
internal_value=-0.00273981 -0.00573404 -0.00220677 -0.00390427 -0.00809826 0.000274295 -0.00373223 -0.000676796 -0.00556575 -0.00757874 0.00631329 0 -0.00237687 -0.0022391 -0.00628553 0.000667939 -0.00179206 -0.00728599 -0.000769231 -0.00135771 0.00153693 -0.00222233 0.00328038 -0.00255104 -0.00204486 9.37082e-05 -0.00324056 -0.00146179 -0.00248962 -0.00587033
internal_weight=9346 1405 7941 1259 626 633 417 357 322 249 311 176 7873 7795 769 257 7026 509 268 6517 1498 5019 1254 4893 4565 742 3516 2102 1921 1414
internal_count=9346 1405 7941 1259 626 633 417 357 322 249 311 176 7873 7795 769 257 7026 509 268 6517 1498 5019 1254 4893 4565 742 3516 2102 1921 1414
is_linear=0
shrinkage=0.035


Tree=156
num_leaves=31
num_cat=0
split_feature=183 31 30 193 6 244 213 270 242 140 242 270 137 132 124 190 116 175 17 91 19 41 270 211 211 193 60 60 274 93
split_gain=13.2487 23.8721 23.4968 23.2005 16.0587 18.941 14.9597 19.0856 30.2282 25.5593 16.4516 14.0829 14.0133 15.5447 11.1006 10.9696 10.327 10.0464 9.64853 17.3824 13.158 18.6382 14.9346 13.3707 20.4726 11.8806 14.6887 21.2419 14.4698 18.3389
threshold=0.74794339899223428 -48.711303465330808 558.50000000000011 0.86239881511489458 -19.938833269594685 0.017149999737739566 11.802291065135227 66.671729024062799 38.776130223412494 632.50000000000011 21.952590501801954 56.961121072442019 11055.000000000002 0.16425000131130221 -5.1086171049459645 -0.012700013816356657 2.5000000000000004 0.020091545832181621 13.167337808503989 -2.3110687015870925 542.50000000000011 563.50000000000011 121.18560887498283 0.028950094395277331 -0.11018692739185572 -0.92368040082499581 3545.0000000000005 3426.0000000000005 -0.40200120289287178 520.50000000000011
decision_type=2 2 2 2 2 2 2 2 2 2 2 2 2 2 2 2 2 2 2 2 2 2 2 2 2 2 2 2 2 2
left_child=14 2 3 -2 5 -3 7 8 10 -10 -6 -4 13 -12 -1 -14 -16 -13 25 20 -20 -22 23 24 -23 -18 27 -27 29 -28
right_child=1 4 11 -5 6 -7 -8 -9 9 -11 12 17 15 -15 16 -17 18 -19 19 -21 21 22 -24 -25 -26 26 28 -29 -30 -31
leaf_value=-0.0013484839622536812 -0.00048549529616915974 -0.00032624240484349035 -0.00014173070213607033 0.0066395347379009017 0.0042295316166018997 0.0062811016624187413 0.0064552347078609823 -0.00092335578409276874 0.019096348236542066 -3.9556683378568772e-05 0.00035838796769384703 -0.0020950269469211121 -0.00013056858426182345 -0.00037552388314812614 -0.00080270527876738387 -0.00048536185617513834 -0.0014070994189548597 -0.00041826046510415343 0.0039803565564018421 0.00076973653621412435 -0.0022222696271985182 -0.00097636585445566929 0.00064985577806566058 -0.00081904941177626453 0.0032401917127759714 0.00014536257593542157 -0.00072413650189887696 0.023201918146674508 -0.00016721175784020743 0.0037148058218755193
leaf_weight=136 109 68 139 70 62 73 63 151 63 68 70 255 112 148 83 241 263 61 71 168 135 195 83 460 119 598 88 61 4663 470
leaf_count=136 109 68 139 70 62 73 63 151 63 68 70 255 112 148 83 241 263 61 71 168 135 195 83 460 119 598 88 61 4663 470
internal_value=-0.00281467 -0.00555461 -0.0109546 -0.000190217 -0.00245996 0.00839041 -0.004059 -0.00521196 -0.00291287 0.0120956 -0.00608934 -0.0151413 -0.00796007 -0.000941704 -0.00217886 -0.0122207 -0.00199343 -0.01919 -0.00184984 -0.00467233 -0.00632491 -0.00737212 -0.00540023 -0.00691913 -0.00131661 -0.0012809 -0.000951572 0.00395331 -0.00157386 0.00373002
internal_weight=9346 1753 634 179 1119 141 978 915 764 131 633 455 571 218 7593 353 7457 316 7374 1231 1063 992 857 774 314 6143 5880 659 5221 558
internal_count=9346 1753 634 179 1119 141 978 915 764 131 633 455 571 218 7593 353 7457 316 7374 1231 1063 992 857 774 314 6143 5880 659 5221 558
is_linear=0
shrinkage=0.035


Tree=157
num_leaves=31
num_cat=0
split_feature=235 254 179 27 76 262 46 82 153 150 49 27 59 60 27 59 239 60 69 185 160 60 268 114 225 148 82 7 120 213
split_gain=11.9934 13.4957 17.3614 14.5952 11.9698 14.052 13.8938 16.6228 15.7016 13.4333 13.4956 13.3133 12.0161 11.7844 12.3943 11.438 11.3303 11.1678 24.4436 22.936 18.7819 17.7117 16.3488 16.0698 15.3482 14.4859 16.9824 18.5367 15.3823 14.1296
threshold=0.15260355866075773 13.167337808503989 18.38537234944928 886.50000000000011 0.33975000679492956 -0.40086306888620354 0.017167682391347385 2949.5000000000005 -0.14812745084013071 0.056600011885166175 13914.000000000002 3515.5000000000005 4.5472998619079599 368.00000000000006 3208.5000000000005 3.1927999258041386 -0.09346940764209942 12236.500000000002 -4.7480797737941431 0.018033627045055792 0.023399997502565387 8253.0000000000018 1.051273187189228 5.8917000293731698 0.44205838108372969 449.50000000000006 8296.5000000000018 -55.680937687378112 0.64965000748634349 11.765262702852894
decision_type=2 2 2 2 2 2 2 2 2 2 2 2 2 2 2 2 2 2 2 2 2 2 2 2 2 2 2 2 2 2
left_child=1 3 -3 -1 5 -2 11 -8 -9 10 12 -6 16 -5 15 -15 -10 21 19 20 22 29 -19 -20 25 -23 27 28 -27 -16
right_child=4 2 -4 13 6 -7 7 8 9 -11 -12 -13 -14 14 17 -17 -18 18 23 -21 -22 24 -24 -25 -26 26 -28 -29 -30 -31
leaf_value=-0.0024087794864440432 -0.0025330692551416272 -0.00044608197434807626 0.0040139950017767318 -0.00067887190792927771 0.0067855521981186207 -0.00036456925524888943 -0.0010721995168892974 -0.0013289005737983767 0.00094041815503280619 0.0037708764604031304 0.0011884427414167178 -5.6052703927360478e-05 -0.0020677591245132285 -0.00042396232582686934 -0.00013083592678575758 0.0061337719482438052 -0.0011011966148468111 0.010984491436514797 -0.0013126300395931558 -0.00052845938272164366 -0.00035587473555633909 -0.0019267233944479727 -3.5201333727604983e-05 0.00035604694480712343 -0.00037204789244876086 0.011671537818096293 0.00013824546824114299 0.0073438538405915278 -0.0013549463193375179 0.00047208786535225258
leaf_weight=109 214 1102 82 166 72 607 182 137 67 166 79 208 60 81 3306 128 121 94 299 102 247 65 72 62 124 62 716 318 71 227
leaf_count=109 214 1102 82 166 72 607 182 137 67 166 79 208 60 81 3306 128 121 94 299 102 247 65 72 62 124 62 716 318 71 227
internal_value=-0.0026949 -0.00205633 -0.00547519 -0.0014047 -0.00516423 -0.00834746 -0.00274385 -0.00505508 -0.00231496 0.00063253 -0.00347892 0.00392982 -0.00747036 -0.00117331 -0.000913196 0.00735981 -0.00290155 -0.00121924 -0.00484677 6.73077e-05 0.00376794 -0.000564978 0.0126901 -0.0117623 0.0028288 0.00401778 0.00492747 0.0102083 -0.00076087 -0.0018697
internal_weight=9346 7433 1184 6249 1913 821 1092 812 630 493 327 280 248 6140 5974 209 188 5765 876 515 413 4889 166 361 1356 1232 1167 451 133 3533
internal_count=9346 7433 1184 6249 1913 821 1092 812 630 493 327 280 248 6140 5974 209 188 5765 876 515 413 4889 166 361 1356 1232 1167 451 133 3533
is_linear=0
shrinkage=0.035


Tree=158
num_leaves=31
num_cat=0
split_feature=173 7 129 129 203 34 153 213 173 242 274 261 203 22 8 214 124 185 136 2 213 211 47 271 25 7 148 124 9 71
split_gain=12.0646 17.7104 19.347 21.264 17.0855 27.445 18.4352 16.6366 16.6165 22.9918 19.7183 20.9026 18.6929 16.5394 16.045 22.5051 14.5906 14.5426 19.565 19.7301 15.9182 22.5971 13.7637 13.4156 12.7808 15.9137 24.044 11.4686 12.0038 11.8151
threshold=0.39615745288483833 -29.326914883829708 586.50000000000011 595.50000000000011 0.87085569586772327 2.9139535610495853 0.039337351167947052 10.66811783363446 0.30514202045663852 20.681173798605904 -0.16736301862695221 497.28498840332037 0.91967873050478965 0.16134999692440036 -39.665367995603681 0.033700011670589454 -1.7357252362448268 0.016101428888766825 3.050899982452393 602.10000610351574 11.601165199503244 0.59284599380707881 -15.632804574602565 5.3370920019082595 -17.09412204002108 -30.309433725804237 2378.5000000000005 -5.2937338299079437 169.70649519411936 15952.500000000002
decision_type=2 2 2 2 2 2 2 2 2 2 2 2 2 2 2 2 2 2 2 2 2 2 2 2 2 2 2 2 2 2
left_child=8 2 7 -4 6 -6 -5 -2 12 -10 -11 -12 27 -7 15 -3 -8 18 -16 -20 22 -22 -19 -18 -13 26 -26 -1 29 -29
right_child=1 14 3 4 5 13 16 -9 9 10 11 24 -14 -15 17 -17 23 20 19 -21 21 -23 -24 -25 25 -27 -28 28 -30 -31
leaf_value=-0.0018690742085313091 -3.7699172013968552e-05 0.008632560052445443 0.005971378070612491 9.8118246319220403e-05 0.0062283434936240062 -0.0021565064750015254 -0.0017855245866203692 -0.0019375735525196522 0.021577203739396998 0.012341568446580391 0.011209779108027271 0.00080875982092762486 -0.0037580177784474408 0.0020983246217285835 0.00030283841496004911 -8.7085766696597401e-05 -0.0015118903799092554 3.7611375791978545e-05 -0.0017020831579107425 -3.8288313031618344e-05 -0.0001490355678181754 0.017317232634770568 -0.00032200122218512098 0.0001567183876942513 0.0063263078678078098 -0.0012549580989518895 -0.0047327059201854385 -8.0758240412756314e-05 -0.0037345024737266363 -0.00042983207270804629
leaf_weight=69 91 106 122 130 80 104 255 325 63 60 62 60 141 69 226 232 60 96 117 606 117 63 490 119 96 132 78 4722 108 347
leaf_count=69 91 106 122 130 80 104 255 325 63 60 62 60 141 69 226 232 60 96 117 606 117 63 490 119 96 132 78 4722 108 347
internal_value=-0.00262753 -0.00428655 -0.00738603 -0.00456038 -0.00659976 0.000949612 -0.00996485 -0.0136342 -0.00167256 0.00409173 0.00141988 -0.0012933 -0.00226539 -0.00688202 -0.00222789 0.00469388 -0.0133941 -0.00360174 -0.000697065 -0.00350962 -0.0071725 0.00189189 -0.00994924 -0.0055163 -0.0045283 -0.00742765 -0.000391061 -0.00191963 -0.00172231 -0.00146926
internal_weight=9346 3408 1355 939 817 253 564 416 5938 551 488 428 5387 173 2053 338 434 1715 949 723 766 180 586 179 366 306 174 5246 5177 5069
internal_count=9346 3408 1355 939 817 253 564 416 5938 551 488 428 5387 173 2053 338 434 1715 949 723 766 180 586 179 366 306 174 5246 5177 5069
is_linear=0
shrinkage=0.035


Tree=159
num_leaves=31
num_cat=0
split_feature=173 8 38 52 44 4 11 189 170 34 148 173 242 126 17 218 163 261 7 124 189 37 148 93 174 47 13 33 136 163
split_gain=14.6041 16.5843 21.6495 32.4126 19.1166 20.056 17.7805 15.9876 18.7731 16.0119 16.0144 15.2421 20.864 17.7298 17.7364 23.6034 18.2685 14.6685 16.782 17.6811 15.1303 14.4394 21.827 16.4136 14.3098 14.2171 13.3679 20.1908 18.5905 14.5908
threshold=0.39615745288483833 -47.322559971103068 10085.000000000002 670.50000000000011 0.19979999959468844 27.53857331318623 184.41736169721551 17.386653436259227 0.026899997144937519 2.9794217139076982 825.50000000000011 0.30514202045663852 20.681173798605904 1461.5000000000002 -11.665616758662066 26.715518384134374 -0.10489098399715291 518.41998291015636 -30.309433725804237 -2.1009645506218773 16.690509590211651 2.6232999563217168 391.50000000000006 6052.0000000000009 -0.21252178081976267 -15.632804574602565 22.217889008315225 0.14570000022649768 2.6041500568389897 0.16668543889786416
decision_type=2 2 2 2 2 2 2 2 2 2 2 2 2 2 2 2 2 2 2 2 2 2 2 2 2 2 2 2 2 2
left_child=11 7 4 -4 21 -6 -7 8 9 10 -2 13 -13 14 -1 16 -16 -14 20 -20 -19 22 24 -23 -3 -24 27 -15 -29 -28
right_child=1 2 3 -5 5 6 -8 -9 -10 -11 -12 12 17 26 15 -17 -18 18 19 -21 -22 23 25 -25 -26 -27 29 28 -30 -31
leaf_value=0.0038086422360525565 0.0027922306849808638 -0.0008862069282695984 -0.0010658191728625495 0.0076840509446151348 0.0058985916732089347 -0.00096534097130246866 0.0085598357134704702 -0.00019411853384895429 -0.0003301597161382242 -0.0014704126835765365 -0.00055866204556316861 0.020822001608518104 0.010822032499494472 0.00018414488732893699 0.000313081534438317 -0.0030561668327761132 -0.000750934856362786 -0.0021851124074308403 0.00017975508789302459 -0.0020025955648236239 0.0048118314342384142 -0.00050792076330248071 0.0094450325668568712 4.0074889452489942e-05 -0.00028984150499555166 -9.8201424106958988e-05 -0.00020489772336438342 0.00039987870730734756 -0.0012062375436761575 0.0002540401144113597
leaf_weight=67 62 81 221 60 85 63 62 376 367 435 110 63 77 159 65 124 282 81 74 87 169 71 63 870 200 282 3194 68 401 1027
leaf_count=67 62 81 221 60 85 63 62 376 367 435 110 63 77 159 65 124 282 81 74 87 169 71 63 870 200 282 3194 68 401 1027
internal_value=-0.00260507 -0.00443012 -0.00244304 -0.0113811 -0.00100168 0.0087907 -0.000269231 -0.00743911 -0.00979571 -0.0135539 -0.00435028 -0.00155477 0.00396583 -0.00212259 -0.00812155 -0.0105147 -0.00566761 0.00141988 -0.00126202 -0.00990964 0.00439216 -0.00233779 -0.00643423 0.000406977 -0.0135839 -0.0005 -0.00144932 -0.00619273 -0.00982068 -0.000737104
internal_weight=9346 3408 2058 281 1777 210 125 1350 974 607 172 5938 551 5387 538 471 347 488 411 161 250 1567 626 941 281 345 4849 628 469 4221
internal_count=9346 3408 2058 281 1777 210 125 1350 974 607 172 5938 551 5387 538 471 347 488 411 161 250 1567 626 941 281 345 4849 628 469 4221
is_linear=0
shrinkage=0.035


end of trees

feature_importances:
ib_range_bps=193
call_d50_oi=167
ctx_qqq_ib_range_bps=156
call_d65_oi=144
call_d80_oi=143
put_d35_oi=141
call_d35_oi=119
ctx_spx_ib_range_bps=119
ctx_qqq_spot=111
put_d50_oi=98
phys_d50_oi_skew_call_minus_put=95
call_d15_oi=94
call_d25_oi=94
put_d15_oi=86
put_d25_oi=86
phys_d15_oi_skew_call_minus_put=86
put_d80_oi=84
ctx_qqq_phys_total_oi_skew_call_minus_put=83
phys_d35_oi_skew_call_minus_put=82
phys_total_option_oi_log=79
phys_d65_oi_skew_call_minus_put=71
put_d65_oi=69
dist_fib_127_up_bps=63
ctx_spx_phys_total_oi_skew_call_minus_put=62
dist_fib_200_up_bps=61
dist_fib_200_dn_bps=56
dist_ib_high_bps=49
call_d15_strike=49
phys_d80_oi_skew_call_minus_put=47
phys_d25_oi_skew_call_minus_put=44
spot=40
ctx_spx_spot=39
phys_total_oi_skew_call_minus_put=37
put_d15_strike=36
dist_fib_161_up_bps=31
call_d25_strike=31
phys_d80_spread_mean=30
ctx_qqq_phys_d35_iv_skew_put_minus_call=30
phys_ib_balance=28
phys_d25_iv_skew_put_minus_call=27
minute=26
dist_ib_low_bps=26
dist_fib_127_dn_bps=25
call_d50_vega=25
ctx_spy_ib_range_bps=25
put_d35_iv=23
call_d80_iv=23
phys_nearest_level_vs_ib_range=23
phys_ib_edge_min_abs_bps=22
dist_fib_161_dn_bps=21
put_d25_mid_bps=21
ctx_spx_ret_30m_bps=21
put_d80_theta_over_mid=20
phys_d35_iv_skew_put_minus_call=20
phys_put_iv_slope_low_to_high=20
call_d15_strike_bps=19
call_d50_spread_pct=19
put_d80_strike=19
phys_call_iv_slope_low_to_high=19
put_d65_theta_over_mid=18
phys_d80_iv_skew_put_minus_call=18
phys_fib_dn_mean_signed_bps=18
call_d15_iv=17
put_d35_spread_pct=17
put_d35_vega=17
phys_fib_up_mean_signed_bps=17
phys_fib_any_min_abs_bps=17
put_d15_iv=16
call_d35_strike=16
call_d50_strike=16
put_d80_spread_pct=16
phys_d15_iv_skew_put_minus_call=16
call_d65_abs_delta=15
call_d65_theta_over_mid=15
ret_30m_bps=14
put_d15_abs_delta=14
call_d35_theta_over_mid=14
call_d80_strike=14
put_d15_theta_over_mid=13
put_d25_spread_pct=13
put_d35_strike=13
call_d50_mid_bps=13
phys_d50_spread_mean=13
ctx_spx_nearest_level_abs_bps=13
ctx_spx_phys_d35_iv_skew_put_minus_call=13
ctx_qqq_nearest_level_abs_bps=13
call_d15_theta_over_mid=12
put_d25_iv=12
phys_abs_ret_30m_bps=12
ctx_spx_ret_1m_bps_minus_self=12
put_d65_mid_bps=11
phys_d35_spread_mean=11
phys_fib_dn_min_abs_bps=11
call_d15_vega=10
put_d25_strike=10
put_d25_abs_delta=10
put_d35_mid_bps=10
call_d65_vega=10
call_d65_volume=10
put_d65_vega=10
phys_d35_liquidity_score=10
phys_d50_liquidity_score=10
ctx_qqq_ret_30m_bps_minus_self=10
ctx_qqq_phys_total_volume_skew_call_minus_put=10
put_d35_abs_delta=9
call_d50_theta_over_mid=9
put_d50_iv=9
put_d50_mid_bps=9
put_d50_theta_over_mid=9
call_d65_iv=9
call_d80_theta_over_mid=9
call_d80_vega=9
put_d80_strike_bps=9
put_d80_mid_bps=9
phys_d25_liquidity_score=9
phys_d65_iv_skew_put_minus_call=9
phys_d65_iv_mean=9
phys_put_mid_slope_low_to_high=9
phys_momentum_accel_ret_5m_bps_minus_ret_15m_bps=9
phys_momentum_accel_ret_15m_bps_minus_ret_30m_bps=9
put_d15_mid_bps=8
put_d15_vega=8
put_d15_volume=8
call_d25_iv=8
put_d35_volume=8
call_d80_spread_pct=8
phys_d25_iv_mean=8
phys_d35_theta_skew_call_minus_put=8
phys_d50_iv_mean=8
phys_fib_up_min_abs_bps=8
call_d25_theta_over_mid=7
call_d35_iv=7
put_d35_theta_over_mid=7
put_d50_spread_pct=7
call_d65_mid_bps=7
call_d65_spread_pct=7
call_d80_strike_bps=7
put_d80_abs_delta=7
phys_d50_iv_skew_put_minus_call=7
phys_d65_liquidity_score=7
phys_call_mid_slope_low_to_high=7
put_d15_strike_bps=6
call_d35_mid_bps=6
call_d35_vega=6
call_d50_iv=6
put_d80_iv=6
phys_d15_iv_mean=6
phys_d15_volume_skew_call_minus_put=6
phys_d35_volume_skew_call_minus_put=6
phys_d50_volume_skew_call_minus_put=6
ctx_spx_ret_30m_bps_minus_self=6
ctx_spy_ret_30m_bps=6
ctx_qqq_ret_1m_bps=6
nearest_level_abs_bps=5
call_d25_vega=5
put_d25_theta_over_mid=5
put_d25_volume=5
call_d35_abs_delta=5
call_d35_volume=5
put_d50_vega=5
put_d65_iv=5
call_d80_mid_bps=5
phys_d25_mid_skew_call_minus_put=5
phys_d35_iv_mean=5
phys_d65_mid_skew_call_minus_put=5
phys_d80_iv_mean=5
ctx_qqq_ret_15m_bps_minus_self=5
call_d25_strike_bps=4
put_d25_vega=4
call_d50_abs_delta=4
put_d50_strike_bps=4
call_d65_strike=4
call_d80_abs_delta=4
phys_d15_spread_mean=4
phys_d65_volume_skew_call_minus_put=4
phys_d80_volume_skew_call_minus_put=4
phys_d80_liquidity_score=4
phys_total_option_volume_log=4
ctx_spy_phys_total_oi_skew_call_minus_put=4
call_d25_abs_delta=3
put_d25_strike_bps=3
call_d35_spread_pct=3
put_d35_strike_bps=3
call_d50_strike_bps=3
call_d50_volume=3
put_d50_strike=3
put_d65_strike_bps=3
put_d65_abs_delta=3
call_d80_volume=3
put_d80_vega=3
phys_d15_theta_skew_call_minus_put=3
phys_d25_volume_skew_call_minus_put=3
phys_d25_spread_mean=3
phys_d25_abs_delta_gap=3
phys_d35_mid_skew_call_minus_put=3
phys_d50_mid_skew_call_minus_put=3
phys_d65_spread_mean=3
phys_d80_abs_delta_gap=3
phys_momentum_accel_ret_1m_bps_minus_ret_5m_bps=3
ctx_qqq_ret_30m_bps=3
nearest_level_name_ib_high=3
ret_15m_bps=2
call_d15_abs_delta=2
call_d15_mid_bps=2
call_d15_volume=2
call_d25_spread_pct=2
call_d35_strike_bps=2
put_d65_spread_pct=2
put_d65_volume=2
phys_d15_mid_skew_call_minus_put=2
phys_d15_liquidity_score=2
phys_d35_vega_skew_call_minus_put=2
phys_d35_abs_delta_gap=2
phys_d50_theta_skew_call_minus_put=2
phys_d65_theta_skew_call_minus_put=2
phys_d65_vega_skew_call_minus_put=2
phys_abs_ret_1m_bps=2
phys_abs_ret_15m_bps=2
ctx_spx_ret_1m_bps=2
ctx_spx_ret_15m_bps=2
ctx_spx_phys_total_volume_skew_call_minus_put=2
ctx_spy_phys_d35_iv_skew_put_minus_call=2
ctx_qqq_ret_15m_bps=2
ret_1m_bps=1
call_d15_spread_pct=1
put_d15_spread_pct=1
call_d25_mid_bps=1
call_d25_volume=1
put_d50_volume=1
put_d65_strike=1
put_d80_volume=1
phys_d15_vega_skew_call_minus_put=1
phys_d25_theta_skew_call_minus_put=1
phys_d50_abs_delta_gap=1
phys_d80_mid_skew_call_minus_put=1
phys_d80_vega_skew_call_minus_put=1
ctx_spx_ret_15m_bps_minus_self=1
ctx_spy_spot=1
ctx_qqq_ret_5m_bps=1
ctx_qqq_ret_5m_bps_minus_self=1
nearest_level_name_fib_127_dn=1
nearest_level_name_fib_127_up=1
nearest_level_name_fib_161_up=1
nearest_level_name_fib_200_dn=1
nearest_level_name_ib_low=1

parameters:
[boosting: gbdt]
[objective: regression_l1]
[metric: l1]
[tree_learner: serial]
[device_type: cpu]
[data_sample_strategy: bagging]
[data: ]
[valid: ]
[num_iterations: 160]
[learning_rate: 0.035]
[num_leaves: 31]
[num_threads: 4]
[seed: 20270623]
[deterministic: 1]
[force_col_wise: 1]
[force_row_wise: 0]
[histogram_pool_size: -1]
[max_depth: -1]
[min_data_in_leaf: 60]
[min_sum_hessian_in_leaf: 0.001]
[bagging_fraction: 0.85]
[pos_bagging_fraction: 1]
[neg_bagging_fraction: 1]
[bagging_freq: 0]
[bagging_seed: 11847]
[bagging_by_query: 0]
[feature_fraction: 0.85]
[feature_fraction_bynode: 1]
[feature_fraction_seed: 10157]
[extra_trees: 0]
[extra_seed: 32369]
[early_stopping_round: 0]
[early_stopping_min_delta: 0]
[first_metric_only: 0]
[max_delta_step: 0]
[lambda_l1: 0]
[lambda_l2: 5]
[linear_lambda: 0]
[min_gain_to_split: 0]
[drop_rate: 0.1]
[max_drop: 50]
[skip_drop: 0.5]
[xgboost_dart_mode: 0]
[uniform_drop: 0]
[drop_seed: 16124]
[top_rate: 0.2]
[other_rate: 0.1]
[min_data_per_group: 100]
[max_cat_threshold: 32]
[cat_l2: 10]
[cat_smooth: 10]
[max_cat_to_onehot: 4]
[top_k: 20]
[monotone_constraints: ]
[monotone_constraints_method: basic]
[monotone_penalty: 0]
[feature_contri: ]
[forcedsplits_filename: ]
[refit_decay_rate: 0.9]
[cegb_tradeoff: 1]
[cegb_penalty_split: 0]
[cegb_penalty_feature_lazy: ]
[cegb_penalty_feature_coupled: ]
[path_smooth: 0]
[interaction_constraints: ]
[verbosity: -1]
[saved_feature_importance_type: 0]
[use_quantized_grad: 0]
[num_grad_quant_bins: 4]
[quant_train_renew_leaf: 0]
[stochastic_rounding: 1]
[linear_tree: 0]
[max_bin: 255]
[max_bin_by_feature: ]
[min_data_in_bin: 3]
[bin_construct_sample_cnt: 200000]
[data_random_seed: 4003]
[is_enable_sparse: 1]
[enable_bundle: 1]
[use_missing: 1]
[zero_as_missing: 0]
[feature_pre_filter: 1]
[pre_partition: 0]
[two_round: 0]
[header: 0]
[label_column: ]
[weight_column: ]
[group_column: ]
[ignore_column: ]
[categorical_feature: ]
[forcedbins_filename: ]
[precise_float_parser: 0]
[parser_config_file: ]
[objective_seed: 15134]
[num_class: 1]
[is_unbalance: 0]
[scale_pos_weight: 1]
[sigmoid: 1]
[boost_from_average: 1]
[reg_sqrt: 0]
[alpha: 0.9]
[fair_c: 1]
[poisson_max_delta_step: 0.7]
[tweedie_variance_power: 1.5]
[lambdarank_truncation_level: 30]
[lambdarank_norm: 1]
[label_gain: ]
[lambdarank_position_bias_regularization: 0]
[eval_at: ]
[multi_error_top_k: 1]
[auc_mu_weights: ]
[num_machines: 1]
[local_listen_port: 12400]
[time_out: 120]
[machine_list_filename: ]
[machines: ]
[gpu_platform_id: -1]
[gpu_device_id: -1]
[gpu_use_dp: 0]
[num_gpu: 1]

end of parameters

pandas_categorical:[]
