ticker,date,month,time,minute,expiry_mode,action,score,pred_call_return,pred_put_return,call_return,put_return,realized_return,deploy_config,test_month,source_result
SPXW,20240102,202401,10:30,630,zero_dte,CALL,0.2611612001246298,0.2611612001246298,0.136507276253047,0.5,-0.3,0.5,thr-0.028_maxdayall,202401,research_papers\JEPA\results\event_option_gate_full20_physics_pooled_2024_d50_return_minmonth18_v1
SPXW,20240102,202401,11:00,660,zero_dte,PUT,0.14741861125836,0.0659268276370252,0.14741861125836,0.5,-0.3,-0.3,thr-0.028_maxdayall,202401,research_papers\JEPA\results\event_option_gate_full20_physics_pooled_2024_d50_return_minmonth18_v1
SPXW,20240102,202401,11:30,690,zero_dte,PUT,0.43571752806838,-0.2333926947001438,0.43571752806838,0.5,-0.3,-0.3,thr-0.028_maxdayall,202401,research_papers\JEPA\results\event_option_gate_full20_physics_pooled_2024_d50_return_minmonth18_v1
SPXW,20240102,202401,12:00,720,zero_dte,PUT,0.4598587281711767,-0.299978463343065,0.4598587281711767,-0.3,-0.3,-0.3,thr-0.028_maxdayall,202401,research_papers\JEPA\results\event_option_gate_full20_physics_pooled_2024_d50_return_minmonth18_v1
SPXW,20240102,202401,12:30,750,zero_dte,PUT,0.4634477798259974,-0.299978463343065,0.4634477798259974,0.5,-0.3,-0.3,thr-0.028_maxdayall,202401,research_papers\JEPA\results\event_option_gate_full20_physics_pooled_2024_d50_return_minmonth18_v1
SPXW,20240102,202401,13:00,780,zero_dte,PUT,0.136507276253047,-0.2202623160569094,0.136507276253047,-0.3,-0.3,-0.3,thr-0.028_maxdayall,202401,research_papers\JEPA\results\event_option_gate_full20_physics_pooled_2024_d50_return_minmonth18_v1
SPXW,20240102,202401,13:30,810,zero_dte,PUT,0.1400963279078678,-0.2202623160569094,0.1400963279078678,-0.3,-0.3,-0.3,thr-0.028_maxdayall,202401,research_papers\JEPA\results\event_option_gate_full20_physics_pooled_2024_d50_return_minmonth18_v1
SPXW,20240103,202401,10:30,630,front_weekly,PUT,0.0357645361956168,-0.1844815927305233,0.0357645361956168,0.1658536399283059,-0.3,-0.3,thr-0.028_maxdayall,202401,research_papers\JEPA\results\event_option_gate_full20_physics_pooled_2024_d50_return_minmonth18_v1
SPXW,20240103,202401,11:00,660,zero_dte,PUT,0.4672930234211737,-0.0900249317303747,0.4672930234211737,-0.3,0.5,0.5,thr-0.028_maxdayall,202401,research_papers\JEPA\results\event_option_gate_full20_physics_pooled_2024_d50_return_minmonth18_v1
SPXW,20240103,202401,11:30,690,zero_dte,PUT,0.4580565398211436,-0.0656841423646321,0.4580565398211436,-0.3,-0.3,-0.3,thr-0.028_maxdayall,202401,research_papers\JEPA\results\event_option_gate_full20_physics_pooled_2024_d50_return_minmonth18_v1
SPXW,20240103,202401,12:00,720,front_weekly,PUT,0.0219698178633894,-0.1833407160002018,0.0219698178633894,0.3887598079398322,-0.3,-0.3,thr-0.028_maxdayall,202401,research_papers\JEPA\results\event_option_gate_full20_physics_pooled_2024_d50_return_minmonth18_v1
SPXW,20240103,202401,12:30,750,zero_dte,PUT,0.237924346768022,-0.2003963585227695,0.237924346768022,0.5,-0.3,-0.3,thr-0.028_maxdayall,202401,research_papers\JEPA\results\event_option_gate_full20_physics_pooled_2024_d50_return_minmonth18_v1
SPXW,20240103,202401,13:00,780,zero_dte,PUT,0.4672930234211737,-0.2093153948288608,0.4672930234211737,-0.3,0.5,0.5,thr-0.028_maxdayall,202401,research_papers\JEPA\results\event_option_gate_full20_physics_pooled_2024_d50_return_minmonth18_v1
SPXW,20240103,202401,13:30,810,zero_dte,PUT,0.2942176572712133,0.1543385570208187,0.2942176572712133,-0.3,0.5,0.5,thr-0.028_maxdayall,202401,research_papers\JEPA\results\event_option_gate_full20_physics_pooled_2024_d50_return_minmonth18_v1
SPXW,20240104,202401,10:30,630,front_weekly,PUT,0.0335133017293988,-0.2746618218054558,0.0335133017293988,-0.3,-0.3,-0.3,thr-0.028_maxdayall,202401,research_papers\JEPA\results\event_option_gate_full20_physics_pooled_2024_d50_return_minmonth18_v1
SPXW,20240104,202401,11:00,660,front_weekly,PUT,0.0925165561832676,-0.2423815701934291,0.0925165561832676,-0.3,-0.3,-0.3,thr-0.028_maxdayall,202401,research_papers\JEPA\results\event_option_gate_full20_physics_pooled_2024_d50_return_minmonth18_v1
SPXW,20240104,202401,11:30,690,front_weekly,PUT,0.1032776386454426,-0.2554220592852673,0.1032776386454426,-0.3,0.5,0.5,thr-0.028_maxdayall,202401,research_papers\JEPA\results\event_option_gate_full20_physics_pooled_2024_d50_return_minmonth18_v1
SPXW,20240104,202401,12:00,720,front_weekly,PUT,0.0719593847813931,-0.2022612728947551,0.0719593847813931,-0.3,0.3147913804237063,0.3147913804237063,thr-0.028_maxdayall,202401,research_papers\JEPA\results\event_option_gate_full20_physics_pooled_2024_d50_return_minmonth18_v1
SPXW,20240104,202401,12:30,750,front_weekly,PUT,0.121796571225699,-0.2978174631565646,0.121796571225699,-0.3,0.3050847110604018,0.3050847110604018,thr-0.028_maxdayall,202401,research_papers\JEPA\results\event_option_gate_full20_physics_pooled_2024_d50_return_minmonth18_v1
SPXW,20240104,202401,13:00,780,front_weekly,PUT,0.1177874208504472,-0.3168247748981276,0.1177874208504472,-0.3,0.5,0.5,thr-0.028_maxdayall,202401,research_papers\JEPA\results\event_option_gate_full20_physics_pooled_2024_d50_return_minmonth18_v1
SPXW,20240104,202401,13:30,810,front_weekly,PUT,0.1125209433558885,-0.2656811938878379,0.1125209433558885,-0.3,0.5,0.5,thr-0.028_maxdayall,202401,research_papers\JEPA\results\event_option_gate_full20_physics_pooled_2024_d50_return_minmonth18_v1
SPXW,20240104,202401,14:00,840,front_weekly,PUT,0.0457006963517572,-0.243259532639078,0.0457006963517572,-0.3,0.5,0.5,thr-0.028_maxdayall,202401,research_papers\JEPA\results\event_option_gate_full20_physics_pooled_2024_d50_return_minmonth18_v1
SPXW,20240105,202401,10:35,635,zero_dte,PUT,0.3230492747787508,-0.299978463343065,0.3230492747787508,-0.3,-0.3,-0.3,thr-0.028_maxdayall,202401,research_papers\JEPA\results\event_option_gate_full20_physics_pooled_2024_d50_return_minmonth18_v1
SPXW,20240105,202401,11:05,665,zero_dte,PUT,0.7680434957718099,-0.2449709246148777,0.7680434957718099,-0.3,0.5,0.5,thr-0.028_maxdayall,202401,research_papers\JEPA\results\event_option_gate_full20_physics_pooled_2024_d50_return_minmonth18_v1
SPXW,20240105,202401,12:10,730,zero_dte,PUT,0.4192521747282264,-0.299978463343065,0.4192521747282264,-0.3,0.5,0.5,thr-0.028_maxdayall,202401,research_papers\JEPA\results\event_option_gate_full20_physics_pooled_2024_d50_return_minmonth18_v1
SPXW,20240105,202401,12:40,760,zero_dte,PUT,0.2893392106473357,-0.299978463343065,0.2893392106473357,-0.3,0.5,0.5,thr-0.028_maxdayall,202401,research_papers\JEPA\results\event_option_gate_full20_physics_pooled_2024_d50_return_minmonth18_v1
SPXW,20240105,202401,13:10,790,zero_dte,PUT,0.3040002516591309,-0.2134227227241754,0.3040002516591309,0.5,-0.3,-0.3,thr-0.028_maxdayall,202401,research_papers\JEPA\results\event_option_gate_full20_physics_pooled_2024_d50_return_minmonth18_v1
SPXW,20240105,202401,14:40,880,zero_dte,PUT,0.0315881569701866,-0.299978463343065,0.0315881569701866,-0.3,0.5,0.5,thr-0.028_maxdayall,202401,research_papers\JEPA\results\event_option_gate_full20_physics_pooled_2024_d50_return_minmonth18_v1
SPXW,20240105,202401,15:10,910,zero_dte,PUT,0.2987068691485383,-0.202482792011907,0.2987068691485383,0.5,-0.3,-0.3,thr-0.028_maxdayall,202401,research_papers\JEPA\results\event_option_gate_full20_physics_pooled_2024_d50_return_minmonth18_v1
SPXW,20240108,202401,10:30,630,zero_dte,PUT,0.414607301784589,-0.2999776042216904,0.414607301784589,0.5,-0.3,-0.3,thr-0.028_maxdayall,202401,research_papers\JEPA\results\event_option_gate_full20_physics_pooled_2024_d50_return_minmonth18_v1
SPXW,20240108,202401,11:00,660,zero_dte,PUT,0.100246581066606,-0.3010127400847107,0.100246581066606,0.5,-0.3,-0.3,thr-0.028_maxdayall,202401,research_papers\JEPA\results\event_option_gate_full20_physics_pooled_2024_d50_return_minmonth18_v1
SPXW,20240108,202401,11:30,690,zero_dte,PUT,0.1077402392386652,-0.3010127400847107,0.1077402392386652,0.5,-0.3,-0.3,thr-0.028_maxdayall,202401,research_papers\JEPA\results\event_option_gate_full20_physics_pooled_2024_d50_return_minmonth18_v1
SPXW,20240108,202401,12:00,720,zero_dte,PUT,0.1007447856200545,-0.3010127400847107,0.1007447856200545,-0.3,-0.3,-0.3,thr-0.028_maxdayall,202401,research_papers\JEPA\results\event_option_gate_full20_physics_pooled_2024_d50_return_minmonth18_v1
SPXW,20240108,202401,12:30,750,zero_dte,PUT,0.0787741739679377,-0.3010127400847107,0.0787741739679377,0.5,-0.3,-0.3,thr-0.028_maxdayall,202401,research_papers\JEPA\results\event_option_gate_full20_physics_pooled_2024_d50_return_minmonth18_v1
SPXW,20240108,202401,13:00,780,zero_dte,PUT,0.1014654405568879,-0.2821319764689003,0.1014654405568879,0.5,-0.3,-0.3,thr-0.028_maxdayall,202401,research_papers\JEPA\results\event_option_gate_full20_physics_pooled_2024_d50_return_minmonth18_v1
SPXW,20240108,202401,13:30,810,zero_dte,PUT,0.1014654405568879,-0.3010127400847107,0.1014654405568879,0.5,-0.3,-0.3,thr-0.028_maxdayall,202401,research_papers\JEPA\results\event_option_gate_full20_physics_pooled_2024_d50_return_minmonth18_v1
SPXW,20240109,202401,10:30,630,zero_dte,PUT,0.3569741399739728,-0.299978463343065,0.3569741399739728,0.5,-0.3,-0.3,thr-0.028_maxdayall,202401,research_papers\JEPA\results\event_option_gate_full20_physics_pooled_2024_d50_return_minmonth18_v1
SPXW,20240109,202401,11:00,660,zero_dte,PUT,0.3547712711669964,-0.299978463343065,0.3547712711669964,0.5,-0.3,-0.3,thr-0.028_maxdayall,202401,research_papers\JEPA\results\event_option_gate_full20_physics_pooled_2024_d50_return_minmonth18_v1
SPXW,20240109,202401,11:30,690,zero_dte,PUT,0.3626430817855528,-0.299978463343065,0.3626430817855528,0.5,-0.3,-0.3,thr-0.028_maxdayall,202401,research_papers\JEPA\results\event_option_gate_full20_physics_pooled_2024_d50_return_minmonth18_v1
SPXW,20240109,202401,12:00,720,zero_dte,PUT,0.1224017441473438,-0.1624507155848933,0.1224017441473438,0.5,-0.3,-0.3,thr-0.028_maxdayall,202401,research_papers\JEPA\results\event_option_gate_full20_physics_pooled_2024_d50_return_minmonth18_v1
SPXW,20240109,202401,12:30,750,zero_dte,PUT,0.1077402392386652,-0.1624507155848933,0.1077402392386652,0.5,-0.3,-0.3,thr-0.028_maxdayall,202401,research_papers\JEPA\results\event_option_gate_full20_physics_pooled_2024_d50_return_minmonth18_v1
SPXW,20240109,202401,13:00,780,zero_dte,PUT,0.111329290893486,-0.1624507155848933,0.111329290893486,0.5,-0.3,-0.3,thr-0.028_maxdayall,202401,research_papers\JEPA\results\event_option_gate_full20_physics_pooled_2024_d50_return_minmonth18_v1
SPXW,20240109,202401,13:30,810,zero_dte,PUT,0.378685019699262,-0.2752764164144141,0.378685019699262,0.5,-0.3,-0.3,thr-0.028_maxdayall,202401,research_papers\JEPA\results\event_option_gate_full20_physics_pooled_2024_d50_return_minmonth18_v1
SPXW,20240110,202401,10:30,630,zero_dte,PUT,0.3957166487777281,-0.2752764164144141,0.3957166487777281,-0.3,-0.3,-0.3,thr-0.028_maxdayall,202401,research_papers\JEPA\results\event_option_gate_full20_physics_pooled_2024_d50_return_minmonth18_v1
SPXW,20240110,202401,11:00,660,zero_dte,PUT,0.0662307350002606,-0.2999776042216904,0.0662307350002606,-0.3,0.5,0.5,thr-0.028_maxdayall,202401,research_papers\JEPA\results\event_option_gate_full20_physics_pooled_2024_d50_return_minmonth18_v1
SPXW,20240110,202401,11:30,690,zero_dte,PUT,0.3842260973348425,-0.2752764164144141,0.3842260973348425,0.5,-0.3,-0.3,thr-0.028_maxdayall,202401,research_papers\JEPA\results\event_option_gate_full20_physics_pooled_2024_d50_return_minmonth18_v1
SPXW,20240110,202401,12:00,720,zero_dte,PUT,0.3926808967490936,-0.2752764164144141,0.3926808967490936,0.5,-0.3,-0.3,thr-0.028_maxdayall,202401,research_papers\JEPA\results\event_option_gate_full20_physics_pooled_2024_d50_return_minmonth18_v1
SPXW,20240110,202401,12:30,750,zero_dte,PUT,0.0523442728272396,-0.2752764164144141,0.0523442728272396,0.5,-0.3,-0.3,thr-0.028_maxdayall,202401,research_papers\JEPA\results\event_option_gate_full20_physics_pooled_2024_d50_return_minmonth18_v1
SPXW,20240110,202401,13:00,780,zero_dte,PUT,0.1887812267707557,-0.2549284101425392,0.1887812267707557,0.5,-0.3,-0.3,thr-0.028_maxdayall,202401,research_papers\JEPA\results\event_option_gate_full20_physics_pooled_2024_d50_return_minmonth18_v1
SPXW,20240110,202401,13:30,810,zero_dte,PUT,0.1887812267707557,-0.2549284101425392,0.1887812267707557,0.5,-0.3,-0.3,thr-0.028_maxdayall,202401,research_papers\JEPA\results\event_option_gate_full20_physics_pooled_2024_d50_return_minmonth18_v1
SPXW,20240111,202401,10:50,650,front_weekly,PUT,0.2593785310973402,-0.3040811947101384,0.2593785310973402,-0.3,0.5,0.5,thr-0.028_maxdayall,202401,research_papers\JEPA\results\event_option_gate_full20_physics_pooled_2024_d50_return_minmonth18_v1
SPXW,20240111,202401,11:20,680,front_weekly,PUT,0.33709562410875,-0.3103844910575163,0.33709562410875,0.5,-0.3,-0.3,thr-0.028_maxdayall,202401,research_papers\JEPA\results\event_option_gate_full20_physics_pooled_2024_d50_return_minmonth18_v1
SPXW,20240111,202401,11:50,710,front_weekly,PUT,0.1854442682819518,-0.2923918785487058,0.1854442682819518,0.5,-0.3,-0.3,thr-0.028_maxdayall,202401,research_papers\JEPA\results\event_option_gate_full20_physics_pooled_2024_d50_return_minmonth18_v1
SPXW,20240111,202401,12:20,740,front_weekly,PUT,0.2035629653547036,-0.2918082831383779,0.2035629653547036,0.5,-0.3,-0.3,thr-0.028_maxdayall,202401,research_papers\JEPA\results\event_option_gate_full20_physics_pooled_2024_d50_return_minmonth18_v1
SPXW,20240111,202401,12:50,770,front_weekly,PUT,0.2548067856259673,-0.3040673387801574,0.2548067856259673,0.5,-0.3,-0.3,thr-0.028_maxdayall,202401,research_papers\JEPA\results\event_option_gate_full20_physics_pooled_2024_d50_return_minmonth18_v1
SPXW,20240112,202401,10:30,630,front_weekly,PUT,0.0194173774681666,-0.1488388081289816,0.0194173774681666,-0.0905188056381087,-0.049149380223485,-0.049149380223485,thr-0.028_maxdayall,202401,research_papers\JEPA\results\event_option_gate_full20_physics_pooled_2024_d50_return_minmonth18_v1
SPXW,20240112,202401,11:00,660,front_weekly,PUT,0.0200345655760672,-0.1153534530702558,0.0200345655760672,0.1617187237483452,-0.2789855310331492,-0.2789855310331492,thr-0.028_maxdayall,202401,research_papers\JEPA\results\event_option_gate_full20_physics_pooled_2024_d50_return_minmonth18_v1
SPXW,20240112,202401,11:30,690,front_weekly,PUT,0.0081936318145375,-0.1443574460045129,0.0081936318145375,-0.0058026930876874,-0.1225454850630326,-0.1225454850630326,thr-0.028_maxdayall,202401,research_papers\JEPA\results\event_option_gate_full20_physics_pooled_2024_d50_return_minmonth18_v1
SPXW,20240112,202401,12:00,720,front_weekly,PUT,0.0082117050671774,-0.1142810767005078,0.0082117050671774,0.0290455952079171,-0.3,-0.3,thr-0.028_maxdayall,202401,research_papers\JEPA\results\event_option_gate_full20_physics_pooled_2024_d50_return_minmonth18_v1
SPXW,20240112,202401,12:30,750,front_weekly,PUT,0.0025576744800881,-0.114371118828972,0.0025576744800881,-0.0100603620186027,-0.1411764855478324,-0.1411764855478324,thr-0.028_maxdayall,202401,research_papers\JEPA\results\event_option_gate_full20_physics_pooled_2024_d50_return_minmonth18_v1
SPXW,20240112,202401,13:00,780,front_weekly,PUT,-0.0197192093750825,-0.0835564707924751,-0.0197192093750825,0.019522768136289,-0.1567164096781288,-0.1567164096781288,thr-0.028_maxdayall,202401,research_papers\JEPA\results\event_option_gate_full20_physics_pooled_2024_d50_return_minmonth18_v1
SPXW,20240112,202401,13:30,810,front_weekly,PUT,-0.0006160131781472,-0.1089884573584069,-0.0006160131781472,-0.0463575829909298,-0.095057069792533,-0.095057069792533,thr-0.028_maxdayall,202401,research_papers\JEPA\results\event_option_gate_full20_physics_pooled_2024_d50_return_minmonth18_v1
SPXW,20240116,202401,10:50,650,zero_dte,PUT,-0.0164774762870877,-0.299978463343065,-0.0164774762870877,-0.3,0.5,0.5,thr-0.028_maxdayall,202401,research_papers\JEPA\results\event_option_gate_full20_physics_pooled_2024_d50_return_minmonth18_v1
SPXW,20240116,202401,11:25,685,zero_dte,PUT,0.0017999785781166,-0.299978463343065,0.0017999785781166,-0.3,0.5,0.5,thr-0.028_maxdayall,202401,research_papers\JEPA\results\event_option_gate_full20_physics_pooled_2024_d50_return_minmonth18_v1
SPXW,20240117,202401,10:30,630,zero_dte,PUT,0.4580565398211436,-0.0661419698444844,0.4580565398211436,0.5,-0.3,-0.3,thr-0.028_maxdayall,202401,research_papers\JEPA\results\event_option_gate_full20_physics_pooled_2024_d50_return_minmonth18_v1
SPXW,20240117,202401,11:00,660,zero_dte,PUT,0.43571752806838,-0.2333941438298526,0.43571752806838,-0.3,-0.3,-0.3,thr-0.028_maxdayall,202401,research_papers\JEPA\results\event_option_gate_full20_physics_pooled_2024_d50_return_minmonth18_v1
SPXW,20240117,202401,11:30,690,zero_dte,PUT,0.263389649906673,-0.0513955020727674,0.263389649906673,-0.3,0.5,0.5,thr-0.028_maxdayall,202401,research_papers\JEPA\results\event_option_gate_full20_physics_pooled_2024_d50_return_minmonth18_v1
SPXW,20240117,202401,12:00,720,zero_dte,PUT,0.263389649906673,-0.17778645413072,0.263389649906673,-0.3,0.5,0.5,thr-0.028_maxdayall,202401,research_papers\JEPA\results\event_option_gate_full20_physics_pooled_2024_d50_return_minmonth18_v1
SPXW,20240117,202401,12:30,750,zero_dte,PUT,0.43571752806838,-0.2387674631824029,0.43571752806838,-0.3,-0.3,-0.3,thr-0.028_maxdayall,202401,research_papers\JEPA\results\event_option_gate_full20_physics_pooled_2024_d50_return_minmonth18_v1
SPXW,20240117,202401,13:00,780,zero_dte,PUT,0.2857286616594366,0.0003864909531934,0.2857286616594366,-0.3,0.5,0.5,thr-0.028_maxdayall,202401,research_papers\JEPA\results\event_option_gate_full20_physics_pooled_2024_d50_return_minmonth18_v1
SPXW,20240117,202401,13:30,810,front_weekly,PUT,-0.0214231323687465,-0.1869217460650962,-0.0214231323687465,0.5,-0.3,-0.3,thr-0.028_maxdayall,202401,research_papers\JEPA\results\event_option_gate_full20_physics_pooled_2024_d50_return_minmonth18_v1
SPXW,20240118,202401,10:30,630,front_weekly,PUT,0.0440692445450222,-0.1272265176514743,0.0440692445450222,-0.3,0.5,0.5,thr-0.028_maxdayall,202401,research_papers\JEPA\results\event_option_gate_full20_physics_pooled_2024_d50_return_minmonth18_v1
SPXW,20240118,202401,11:00,660,front_weekly,PUT,0.0818581364816645,-0.1323442754118105,0.0818581364816645,-0.3,-0.3,-0.3,thr-0.028_maxdayall,202401,research_papers\JEPA\results\event_option_gate_full20_physics_pooled_2024_d50_return_minmonth18_v1
SPXW,20240118,202401,11:30,690,front_weekly,PUT,0.065367564440045,-0.1098483372007177,0.065367564440045,-0.3,0.5,0.5,thr-0.028_maxdayall,202401,research_papers\JEPA\results\event_option_gate_full20_physics_pooled_2024_d50_return_minmonth18_v1
SPXW,20240118,202401,12:00,720,front_weekly,PUT,0.0673768561719937,-0.1167806861240885,0.0673768561719937,-0.3,0.5,0.5,thr-0.028_maxdayall,202401,research_papers\JEPA\results\event_option_gate_full20_physics_pooled_2024_d50_return_minmonth18_v1
SPXW,20240118,202401,12:30,750,front_weekly,PUT,0.0568005207295685,-0.2063746992615266,0.0568005207295685,0.5,-0.3,-0.3,thr-0.028_maxdayall,202401,research_papers\JEPA\results\event_option_gate_full20_physics_pooled_2024_d50_return_minmonth18_v1
SPXW,20240118,202401,13:00,780,front_weekly,PUT,0.0557229318652422,-0.2389018581680342,0.0557229318652422,0.5,-0.3,-0.3,thr-0.028_maxdayall,202401,research_papers\JEPA\results\event_option_gate_full20_physics_pooled_2024_d50_return_minmonth18_v1
SPXW,20240118,202401,13:30,810,front_weekly,PUT,0.0552352197121216,-0.2350595150640971,0.0552352197121216,0.5,-0.3,-0.3,thr-0.028_maxdayall,202401,research_papers\JEPA\results\event_option_gate_full20_physics_pooled_2024_d50_return_minmonth18_v1
SPXW,20240119,202401,10:30,630,front_weekly,PUT,0.0068619953813424,-0.132476818979179,0.0068619953813424,0.5,-0.3,-0.3,thr-0.028_maxdayall,202401,research_papers\JEPA\results\event_option_gate_full20_physics_pooled_2024_d50_return_minmonth18_v1
SPXW,20240119,202401,11:00,660,front_weekly,PUT,-0.0250256261495236,-0.1173751980122862,-0.0250256261495236,0.5,-0.3,-0.3,thr-0.028_maxdayall,202401,research_papers\JEPA\results\event_option_gate_full20_physics_pooled_2024_d50_return_minmonth18_v1
SPXW,20240119,202401,11:30,690,front_weekly,PUT,0.0093614320491435,-0.122824087675258,0.0093614320491435,0.5,-0.3,-0.3,thr-0.028_maxdayall,202401,research_papers\JEPA\results\event_option_gate_full20_physics_pooled_2024_d50_return_minmonth18_v1
SPXW,20240119,202401,12:00,720,front_weekly,PUT,0.0093800194580257,-0.1220705873284903,0.0093800194580257,0.5,-0.3,-0.3,thr-0.028_maxdayall,202401,research_papers\JEPA\results\event_option_gate_full20_physics_pooled_2024_d50_return_minmonth18_v1
SPXW,20240119,202401,12:30,750,front_weekly,PUT,0.0039485938126482,-0.1120943784169175,0.0039485938126482,0.5,-0.3,-0.3,thr-0.028_maxdayall,202401,research_papers\JEPA\results\event_option_gate_full20_physics_pooled_2024_d50_return_minmonth18_v1
SPXW,20240119,202401,13:00,780,front_weekly,PUT,-0.0196713055692883,-0.1093401338153939,-0.0196713055692883,0.5,-0.3,-0.3,thr-0.028_maxdayall,202401,research_papers\JEPA\results\event_option_gate_full20_physics_pooled_2024_d50_return_minmonth18_v1
SPXW,20240122,202401,10:30,630,zero_dte,PUT,0.5305337318364427,-0.2999776042216904,0.5305337318364427,-0.3,0.5,0.5,thr-0.028_maxdayall,202401,research_papers\JEPA\results\event_option_gate_full20_physics_pooled_2024_d50_return_minmonth18_v1
SPXW,20240122,202401,11:00,660,zero_dte,PUT,0.0599945053494332,-0.299978463343065,0.0599945053494332,0.5,-0.3,-0.3,thr-0.028_maxdayall,202401,research_papers\JEPA\results\event_option_gate_full20_physics_pooled_2024_d50_return_minmonth18_v1
SPXW,20240122,202401,11:30,690,zero_dte,PUT,0.2570569995065579,-0.25391776228966,0.2570569995065579,-0.3,0.5,0.5,thr-0.028_maxdayall,202401,research_papers\JEPA\results\event_option_gate_full20_physics_pooled_2024_d50_return_minmonth18_v1
SPXW,20240122,202401,12:00,720,zero_dte,PUT,0.0691785798435295,-0.25391776228966,0.0691785798435295,-0.3,0.5,0.5,thr-0.028_maxdayall,202401,research_papers\JEPA\results\event_option_gate_full20_physics_pooled_2024_d50_return_minmonth18_v1
SPXW,20240122,202401,12:30,750,zero_dte,PUT,0.2670057880534273,-0.2035125856216036,0.2670057880534273,-0.3,0.5,0.5,thr-0.028_maxdayall,202401,research_papers\JEPA\results\event_option_gate_full20_physics_pooled_2024_d50_return_minmonth18_v1
SPXW,20240122,202401,13:00,780,zero_dte,PUT,0.1679192886770654,-0.2035125856216036,0.1679192886770654,-0.3,0.5,0.5,thr-0.028_maxdayall,202401,research_papers\JEPA\results\event_option_gate_full20_physics_pooled_2024_d50_return_minmonth18_v1
SPXW,20240122,202401,13:30,810,zero_dte,PUT,0.0414671783046327,-0.2860701752877261,0.0414671783046327,0.5,-0.3,-0.3,thr-0.028_maxdayall,202401,research_papers\JEPA\results\event_option_gate_full20_physics_pooled_2024_d50_return_minmonth18_v1
SPXW,20240123,202401,10:30,630,front_weekly,CALL,0.1141453885433577,0.1141453885433577,-0.109754370972644,-0.0373831425850973,-0.0769230769230768,-0.0373831425850973,thr-0.028_maxdayall,202401,research_papers\JEPA\results\event_option_gate_full20_physics_pooled_2024_d50_return_minmonth18_v1
SPXW,20240123,202401,11:00,660,front_weekly,CALL,0.1234813776604883,0.1234813776604883,-0.1050795104566381,0.0580357663637529,-0.1958762531846086,0.0580357663637529,thr-0.028_maxdayall,202401,research_papers\JEPA\results\event_option_gate_full20_physics_pooled_2024_d50_return_minmonth18_v1
SPXW,20240123,202401,11:30,690,front_weekly,CALL,0.1388291058756078,0.1388291058756078,-0.1099173540280967,0.123152661223457,-0.1911764554636423,0.123152661223457,thr-0.028_maxdayall,202401,research_papers\JEPA\results\event_option_gate_full20_physics_pooled_2024_d50_return_minmonth18_v1
SPXW,20240123,202401,12:00,720,front_weekly,CALL,0.1021762529761827,0.1021762529761827,-0.1071692168534462,0.1999999804374499,-0.2618812235508825,0.1999999804374499,thr-0.028_maxdayall,202401,research_papers\JEPA\results\event_option_gate_full20_physics_pooled_2024_d50_return_minmonth18_v1
SPXW,20240123,202401,12:30,750,front_weekly,CALL,0.1274839808931079,0.1274839808931079,-0.1313649406976866,0.3253589123695577,-0.3,0.3253589123695577,thr-0.028_maxdayall,202401,research_papers\JEPA\results\event_option_gate_full20_physics_pooled_2024_d50_return_minmonth18_v1
SPXW,20240123,202401,13:00,780,front_weekly,CALL,0.1040841635996679,0.1040841635996679,-0.1008357791549496,0.231308450989562,-0.3,0.231308450989562,thr-0.028_maxdayall,202401,research_papers\JEPA\results\event_option_gate_full20_physics_pooled_2024_d50_return_minmonth18_v1
SPXW,20240123,202401,13:30,810,front_weekly,CALL,0.1215912655034559,0.1215912655034559,-0.0946192295557808,0.2791262084233885,-0.3,0.2791262084233885,thr-0.028_maxdayall,202401,research_papers\JEPA\results\event_option_gate_full20_physics_pooled_2024_d50_return_minmonth18_v1
SPXW,20240124,202401,10:30,630,zero_dte,PUT,0.2305207586661725,-0.232187877938132,0.2305207586661725,0.5,-0.3,-0.3,thr-0.028_maxdayall,202401,research_papers\JEPA\results\event_option_gate_full20_physics_pooled_2024_d50_return_minmonth18_v1
SPXW,20240124,202401,11:00,660,zero_dte,PUT,0.1601686153172098,-0.2549284101425392,0.1601686153172098,-0.3,0.5,0.5,thr-0.028_maxdayall,202401,research_papers\JEPA\results\event_option_gate_full20_physics_pooled_2024_d50_return_minmonth18_v1
SPXW,20240124,202401,11:30,690,zero_dte,PUT,0.1851921751159349,-0.1798220456672065,0.1851921751159349,0.5,-0.3,-0.3,thr-0.028_maxdayall,202401,research_papers\JEPA\results\event_option_gate_full20_physics_pooled_2024_d50_return_minmonth18_v1
SPXW,20240124,202401,12:00,720,zero_dte,PUT,0.1851921751159349,-0.2549284101425392,0.1851921751159349,-0.3,-0.3,-0.3,thr-0.028_maxdayall,202401,research_papers\JEPA\results\event_option_gate_full20_physics_pooled_2024_d50_return_minmonth18_v1
SPXW,20240124,202401,12:30,750,front_weekly,PUT,-0.0096834349854746,-0.0438467083238761,-0.0096834349854746,-0.3,0.5,0.5,thr-0.028_maxdayall,202401,research_papers\JEPA\results\event_option_gate_full20_physics_pooled_2024_d50_return_minmonth18_v1
SPXW,20240124,202401,13:00,780,front_weekly,PUT,-0.0181923541632984,-0.0521240604207182,-0.0181923541632984,-0.3,0.5,0.5,thr-0.028_maxdayall,202401,research_papers\JEPA\results\event_option_gate_full20_physics_pooled_2024_d50_return_minmonth18_v1
SPXW,20240124,202401,13:30,810,zero_dte,PUT,0.1887812267707557,-0.2045232334744828,0.1887812267707557,-0.3,0.5,0.5,thr-0.028_maxdayall,202401,research_papers\JEPA\results\event_option_gate_full20_physics_pooled_2024_d50_return_minmonth18_v1
SPXW,20240125,202401,10:30,630,zero_dte,PUT,0.1959232556119162,-0.1624507155848933,0.1959232556119162,-0.3,0.5,0.5,thr-0.028_maxdayall,202401,research_papers\JEPA\results\event_option_gate_full20_physics_pooled_2024_d50_return_minmonth18_v1
SPXW,20240125,202401,11:00,660,zero_dte,PUT,0.4723642889461374,-0.299978463343065,0.4723642889461374,0.5,-0.3,-0.3,thr-0.028_maxdayall,202401,research_papers\JEPA\results\event_option_gate_full20_physics_pooled_2024_d50_return_minmonth18_v1
SPXW,20240125,202401,11:30,690,zero_dte,PUT,0.4330052255897564,-0.2999776042216904,0.4330052255897564,-0.3,0.5,0.5,thr-0.028_maxdayall,202401,research_papers\JEPA\results\event_option_gate_full20_physics_pooled_2024_d50_return_minmonth18_v1
SPXW,20240125,202401,12:00,720,front_weekly,PUT,0.0854381247213073,-0.2354714667454537,0.0854381247213073,-0.3,0.5,0.5,thr-0.028_maxdayall,202401,research_papers\JEPA\results\event_option_gate_full20_physics_pooled_2024_d50_return_minmonth18_v1
SPXW,20240125,202401,12:30,750,front_weekly,PUT,0.1137334701207233,-0.3040851591047922,0.1137334701207233,-0.3,-0.1369047227089619,-0.1369047227089619,thr-0.028_maxdayall,202401,research_papers\JEPA\results\event_option_gate_full20_physics_pooled_2024_d50_return_minmonth18_v1
SPXW,20240125,202401,13:00,780,front_weekly,PUT,0.0653185482733212,-0.2996878128423676,0.0653185482733212,-0.3,-0.3,-0.3,thr-0.028_maxdayall,202401,research_papers\JEPA\results\event_option_gate_full20_physics_pooled_2024_d50_return_minmonth18_v1
SPXW,20240125,202401,13:30,810,front_weekly,PUT,0.0766251827601246,-0.2895862262906595,0.0766251827601246,-0.3,-0.3,-0.3,thr-0.028_maxdayall,202401,research_papers\JEPA\results\event_option_gate_full20_physics_pooled_2024_d50_return_minmonth18_v1
SPXW,20240126,202401,10:30,630,front_weekly,PUT,-0.0005044646355895,-0.0987472503008415,-0.0005044646355895,-0.1279070154275665,0.078078148600218,0.078078148600218,thr-0.028_maxdayall,202401,research_papers\JEPA\results\event_option_gate_full20_physics_pooled_2024_d50_return_minmonth18_v1
SPXW,20240126,202401,11:05,665,front_weekly,PUT,-0.0238281551421737,-0.0999918759512628,-0.0238281551421737,-0.2560975985609287,0.1882022130280161,0.1882022130280161,thr-0.028_maxdayall,202401,research_papers\JEPA\results\event_option_gate_full20_physics_pooled_2024_d50_return_minmonth18_v1
SPXW,20240126,202401,11:35,695,front_weekly,PUT,-0.0125242961114291,-0.1047314696070135,-0.0125242961114291,-0.2553845919095553,0.2270804345354615,0.2270804345354615,thr-0.028_maxdayall,202401,research_papers\JEPA\results\event_option_gate_full20_physics_pooled_2024_d50_return_minmonth18_v1
SPXW,20240126,202401,12:05,725,front_weekly,PUT,-0.0123763569312545,-0.1024686002797881,-0.0123763569312545,-0.1574074706368401,0.0953058440348797,0.0953058440348797,thr-0.028_maxdayall,202401,research_papers\JEPA\results\event_option_gate_full20_physics_pooled_2024_d50_return_minmonth18_v1
SPXW,20240126,202401,12:35,755,front_weekly,PUT,-0.0218055635327485,-0.0843782755188693,-0.0218055635327485,-0.0711220040095252,0.0385713849748883,0.0385713849748883,thr-0.028_maxdayall,202401,research_papers\JEPA\results\event_option_gate_full20_physics_pooled_2024_d50_return_minmonth18_v1
SPXW,20240126,202401,13:05,785,front_weekly,PUT,-0.0045553507648034,-0.0822181172101851,-0.0045553507648034,0.0255505725490696,-0.0762763011482295,-0.0762763011482295,thr-0.028_maxdayall,202401,research_papers\JEPA\results\event_option_gate_full20_physics_pooled_2024_d50_return_minmonth18_v1
SPXW,20240126,202401,13:35,815,zero_dte,PUT,0.4918025277442826,-0.299978463343065,0.4918025277442826,-0.3,0.5,0.5,thr-0.028_maxdayall,202401,research_papers\JEPA\results\event_option_gate_full20_physics_pooled_2024_d50_return_minmonth18_v1
SPXW,20240129,202401,10:30,630,front_weekly,CALL,0.1496295382265264,0.1496295382265264,-0.150862828986053,0.062238238929273,-0.1139240613294666,0.062238238929273,thr-0.028_maxdayall,202401,research_papers\JEPA\results\event_option_gate_full20_physics_pooled_2024_d50_return_minmonth18_v1
SPXW,20240129,202401,11:00,660,front_weekly,CALL,0.1359502353558177,0.1359502353558177,-0.1579474576245394,0.0991869670588796,-0.1641791044776119,0.0991869670588796,thr-0.028_maxdayall,202401,research_papers\JEPA\results\event_option_gate_full20_physics_pooled_2024_d50_return_minmonth18_v1
SPXW,20240129,202401,11:30,690,front_weekly,CALL,0.140804324607829,0.140804324607829,-0.1419745015514646,0.115477614370568,-0.1609644981457576,0.115477614370568,thr-0.028_maxdayall,202401,research_papers\JEPA\results\event_option_gate_full20_physics_pooled_2024_d50_return_minmonth18_v1
SPXW,20240129,202401,12:00,720,front_weekly,CALL,0.1877600540514065,0.1877600540514065,-0.1778125397285775,0.211356485857642,-0.1277955302715735,0.211356485857642,thr-0.028_maxdayall,202401,research_papers\JEPA\results\event_option_gate_full20_physics_pooled_2024_d50_return_minmonth18_v1
SPXW,20240129,202401,12:30,750,front_weekly,CALL,0.1708038221736645,0.1708038221736645,-0.1891384230585021,0.5,-0.3,0.5,thr-0.028_maxdayall,202401,research_papers\JEPA\results\event_option_gate_full20_physics_pooled_2024_d50_return_minmonth18_v1
SPXW,20240129,202401,13:00,780,front_weekly,CALL,0.1542750343185096,0.1542750343185096,-0.1847958749816221,0.5,-0.3,0.5,thr-0.028_maxdayall,202401,research_papers\JEPA\results\event_option_gate_full20_physics_pooled_2024_d50_return_minmonth18_v1
SPXW,20240129,202401,13:30,810,front_weekly,CALL,0.1818801741073407,0.1818801741073407,-0.1730775210298578,0.5,-0.3,0.5,thr-0.028_maxdayall,202401,research_papers\JEPA\results\event_option_gate_full20_physics_pooled_2024_d50_return_minmonth18_v1
SPXW,20240130,202401,10:30,630,front_weekly,CALL,0.0089633001303992,0.0089633001303992,-0.0825983261952813,0.0307946807077843,-0.0408162881347278,0.0307946807077843,thr-0.028_maxdayall,202401,research_papers\JEPA\results\event_option_gate_full20_physics_pooled_2024_d50_return_minmonth18_v1
SPXW,20240130,202401,11:00,660,front_weekly,CALL,0.0120848283109421,0.0120848283109421,-0.0845196249816305,0.0136054293782426,-0.0336700017760177,0.0136054293782426,thr-0.028_maxdayall,202401,research_papers\JEPA\results\event_option_gate_full20_physics_pooled_2024_d50_return_minmonth18_v1
SPXW,20240130,202401,11:30,690,front_weekly,CALL,0.0253579839800237,0.0253579839800237,-0.0949170179199715,0.0456140083179139,0.0033898434396517,0.0456140083179139,thr-0.028_maxdayall,202401,research_papers\JEPA\results\event_option_gate_full20_physics_pooled_2024_d50_return_minmonth18_v1
SPXW,20240130,202401,12:00,720,front_weekly,CALL,0.0257194072291464,0.0257194072291464,-0.0987732153975951,0.0167784913800483,0.0177305303920618,0.0167784913800483,thr-0.028_maxdayall,202401,research_papers\JEPA\results\event_option_gate_full20_physics_pooled_2024_d50_return_minmonth18_v1
SPXW,20240130,202401,12:30,750,front_weekly,CALL,0.0210938768376329,0.0210938768376329,-0.0957774221477451,0.2468916145567494,-0.1111111111111111,0.2468916145567494,thr-0.028_maxdayall,202401,research_papers\JEPA\results\event_option_gate_full20_physics_pooled_2024_d50_return_minmonth18_v1
SPXW,20240130,202401,13:00,780,front_weekly,CALL,0.0023386798680962,0.0023386798680962,-0.097865932661652,0.1229999542236328,-0.1007117396899492,0.1229999542236328,thr-0.028_maxdayall,202401,research_papers\JEPA\results\event_option_gate_full20_physics_pooled_2024_d50_return_minmonth18_v1
SPXW,20240130,202401,13:30,810,front_weekly,CALL,0.0122477199008676,0.0122477199008676,-0.0964355648991695,-0.0170253386953134,-0.0060606427384058,-0.0170253386953134,thr-0.028_maxdayall,202401,research_papers\JEPA\results\event_option_gate_full20_physics_pooled_2024_d50_return_minmonth18_v1
SPXW,20240131,202401,10:30,630,zero_dte,CALL,0.0681980101494433,0.0681980101494433,-0.2820111374126218,-0.3,-0.0448718426809104,-0.3,thr-0.028_maxdayall,202401,research_papers\JEPA\results\event_option_gate_full20_physics_pooled_2024_d50_return_minmonth18_v1
SPXW,20240131,202401,11:00,660,zero_dte,CALL,0.0999314728594162,0.0999314728594162,-0.2820111374126218,-0.3,-0.3,-0.3,thr-0.028_maxdayall,202401,research_papers\JEPA\results\event_option_gate_full20_physics_pooled_2024_d50_return_minmonth18_v1
SPXW,20240131,202401,11:30,690,front_weekly,PUT,0.0008564629723275,-0.2171452896900919,0.0008564629723275,-0.1629629488344546,0.1233107963341533,0.1233107963341533,thr-0.028_maxdayall,202401,research_papers\JEPA\results\event_option_gate_full20_physics_pooled_2024_d50_return_minmonth18_v1
SPXW,20240131,202401,12:00,720,zero_dte,CALL,0.1166584990334785,0.1166584990334785,-0.2820111374126218,-0.3,-0.3,-0.3,thr-0.028_maxdayall,202401,research_papers\JEPA\results\event_option_gate_full20_physics_pooled_2024_d50_return_minmonth18_v1
SPXW,20240131,202401,12:30,750,front_weekly,PUT,0.0433522621324362,-0.2123640883809274,0.0433522621324362,-0.3,-0.3,-0.3,thr-0.028_maxdayall,202401,research_papers\JEPA\results\event_option_gate_full20_physics_pooled_2024_d50_return_minmonth18_v1
SPXW,20240131,202401,13:00,780,front_weekly,PUT,0.0248018931756203,-0.2129599584851219,0.0248018931756203,-0.3,-0.3,-0.3,thr-0.028_maxdayall,202401,research_papers\JEPA\results\event_option_gate_full20_physics_pooled_2024_d50_return_minmonth18_v1
SPXW,20240131,202401,13:30,810,front_weekly,PUT,0.046899096886454,-0.2070216865517596,0.046899096886454,-0.3,-0.3,-0.3,thr-0.028_maxdayall,202401,research_papers\JEPA\results\event_option_gate_full20_physics_pooled_2024_d50_return_minmonth18_v1
SPXW,20240701,202407,10:35,635,zero_dte,PUT,0.1166792289644032,-0.0244593955112437,0.1166792289644032,-0.3,0.5,0.5,thr0.000_maxday4,202407,research_papers\JEPA\results\event_option_gate_full20_physics_pooled_2024_d50_return_minmonth18_v1
SPXW,20240701,202407,11:05,665,zero_dte,PUT,0.1120526356742893,-0.0163756902184253,0.1120526356742893,0.5,-0.3,-0.3,thr0.000_maxday4,202407,research_papers\JEPA\results\event_option_gate_full20_physics_pooled_2024_d50_return_minmonth18_v1
SPXW,20240701,202407,12:15,735,zero_dte,PUT,0.1166792289644032,-0.2771162785519723,0.1166792289644032,-0.3,-0.3,-0.3,thr0.000_maxday4,202407,research_papers\JEPA\results\event_option_gate_full20_physics_pooled_2024_d50_return_minmonth18_v1
SPXW,20240701,202407,12:50,770,zero_dte,PUT,0.1166792289644032,-0.3001976237102362,0.1166792289644032,-0.3,-0.3,-0.3,thr0.000_maxday4,202407,research_papers\JEPA\results\event_option_gate_full20_physics_pooled_2024_d50_return_minmonth18_v1
SPXW,20240702,202407,11:25,685,zero_dte,PUT,0.3484064854582339,-0.2420080097365463,0.3484064854582339,-0.3,0.5,0.5,thr0.000_maxday4,202407,research_papers\JEPA\results\event_option_gate_full20_physics_pooled_2024_d50_return_minmonth18_v1
SPXW,20240702,202407,11:55,715,zero_dte,PUT,0.3484064854582339,0.1575849863382332,0.3484064854582339,-0.3,0.5,0.5,thr0.000_maxday4,202407,research_papers\JEPA\results\event_option_gate_full20_physics_pooled_2024_d50_return_minmonth18_v1
SPXW,20240702,202407,12:35,755,zero_dte,PUT,0.3484064854582339,0.1610454638672676,0.3484064854582339,0.5,-0.3,-0.3,thr0.000_maxday4,202407,research_papers\JEPA\results\event_option_gate_full20_physics_pooled_2024_d50_return_minmonth18_v1
SPXW,20240702,202407,13:05,785,zero_dte,PUT,0.3620767124747873,0.1712130342077076,0.3620767124747873,0.5,-0.3,-0.3,thr0.000_maxday4,202407,research_papers\JEPA\results\event_option_gate_full20_physics_pooled_2024_d50_return_minmonth18_v1
SPXW,20240703,202407,10:45,645,zero_dte,PUT,0.4740096698220276,-0.1478904899342731,0.4740096698220276,0.5,-0.3,-0.3,thr0.000_maxday4,202407,research_papers\JEPA\results\event_option_gate_full20_physics_pooled_2024_d50_return_minmonth18_v1
SPXW,20240703,202407,11:15,675,zero_dte,PUT,0.4740096698220276,-0.2342137639523718,0.4740096698220276,-0.3,0.5,0.5,thr0.000_maxday4,202407,research_papers\JEPA\results\event_option_gate_full20_physics_pooled_2024_d50_return_minmonth18_v1
SPXW,20240703,202407,11:45,705,zero_dte,PUT,0.4784008204185784,0.2117840654333517,0.4784008204185784,0.5,-0.3,-0.3,thr0.000_maxday4,202407,research_papers\JEPA\results\event_option_gate_full20_physics_pooled_2024_d50_return_minmonth18_v1
SPXW,20240703,202407,12:15,735,zero_dte,PUT,0.4792845256626013,0.2067466164488698,0.4792845256626013,0.5,-0.3,-0.3,thr0.000_maxday4,202407,research_papers\JEPA\results\event_option_gate_full20_physics_pooled_2024_d50_return_minmonth18_v1
SPXW,20240705,202407,10:30,630,zero_dte,PUT,0.4832887462420302,-0.1383617480106204,0.4832887462420302,0.5,-0.3,-0.3,thr0.000_maxday4,202407,research_papers\JEPA\results\event_option_gate_full20_physics_pooled_2024_d50_return_minmonth18_v1
SPXW,20240705,202407,11:00,660,zero_dte,PUT,0.4832887462420302,-0.2871434498456286,0.4832887462420302,0.5,-0.3,-0.3,thr0.000_maxday4,202407,research_papers\JEPA\results\event_option_gate_full20_physics_pooled_2024_d50_return_minmonth18_v1
SPXW,20240705,202407,11:30,690,zero_dte,PUT,0.4885636020826039,0.1300070659886217,0.4885636020826039,0.5,-0.3,-0.3,thr0.000_maxday4,202407,research_papers\JEPA\results\event_option_gate_full20_physics_pooled_2024_d50_return_minmonth18_v1
SPXW,20240705,202407,12:00,720,zero_dte,PUT,0.4885636020826039,0.2641748510761716,0.4885636020826039,-0.3,-0.3,-0.3,thr0.000_maxday4,202407,research_papers\JEPA\results\event_option_gate_full20_physics_pooled_2024_d50_return_minmonth18_v1
SPXW,20240708,202407,10:30,630,front_weekly,PUT,0.0267840643777974,-0.0749410883726107,0.0267840643777974,-0.1680297591770236,0.0873440211267588,0.0873440211267588,thr0.000_maxday4,202407,research_papers\JEPA\results\event_option_gate_full20_physics_pooled_2024_d50_return_minmonth18_v1
SPXW,20240708,202407,11:10,670,front_weekly,PUT,0.0075760967221651,-0.0723176910570742,0.0075760967221651,-0.1196614327718311,0.0018017743084881,0.0018017743084881,thr0.000_maxday4,202407,research_papers\JEPA\results\event_option_gate_full20_physics_pooled_2024_d50_return_minmonth18_v1
SPXW,20240708,202407,11:40,700,front_weekly,PUT,0.002179503450247,-0.0473948902842687,0.002179503450247,-0.0515037902100098,-0.0282097211594224,-0.0282097211594224,thr0.000_maxday4,202407,research_papers\JEPA\results\event_option_gate_full20_physics_pooled_2024_d50_return_minmonth18_v1
SPXW,20240708,202407,12:15,735,front_weekly,PUT,0.0091082798623616,-0.0731824088807981,0.0091082798623616,-0.014705903492997,-0.0808823464960375,-0.0808823464960375,thr0.000_maxday4,202407,research_papers\JEPA\results\event_option_gate_full20_physics_pooled_2024_d50_return_minmonth18_v1
SPXW,20240709,202407,10:40,640,zero_dte,PUT,0.4740096698220276,-0.2489260066517021,0.4740096698220276,-0.3,-0.3,-0.3,thr0.000_maxday4,202407,research_papers\JEPA\results\event_option_gate_full20_physics_pooled_2024_d50_return_minmonth18_v1
SPXW,20240709,202407,11:15,675,front_weekly,PUT,0.0013992308492764,-0.0655317900878529,0.0013992308492764,-0.0685483430600425,0.0119588006403028,0.0119588006403028,thr0.000_maxday4,202407,research_papers\JEPA\results\event_option_gate_full20_physics_pooled_2024_d50_return_minmonth18_v1
SPXW,20240709,202407,11:45,705,front_weekly,PUT,0.0008551204254523,-0.0520501488802536,0.0008551204254523,-0.0248944811671654,-0.004000015258789,-0.004000015258789,thr0.000_maxday4,202407,research_papers\JEPA\results\event_option_gate_full20_physics_pooled_2024_d50_return_minmonth18_v1
SPXW,20240709,202407,12:15,735,zero_dte,PUT,0.4740096698220276,-0.2913239598814412,0.4740096698220276,-0.3,-0.3,-0.3,thr0.000_maxday4,202407,research_papers\JEPA\results\event_option_gate_full20_physics_pooled_2024_d50_return_minmonth18_v1
SPXW,20240710,202407,11:30,690,zero_dte,PUT,0.4784008204185784,0.2167749818755335,0.4784008204185784,0.5,-0.3,-0.3,thr0.000_maxday4,202407,research_papers\JEPA\results\event_option_gate_full20_physics_pooled_2024_d50_return_minmonth18_v1
SPXW,20240710,202407,12:00,720,zero_dte,PUT,0.4784008204185784,-0.2002928761448107,0.4784008204185784,0.5,-0.3,-0.3,thr0.000_maxday4,202407,research_papers\JEPA\results\event_option_gate_full20_physics_pooled_2024_d50_return_minmonth18_v1
SPXW,20240710,202407,12:30,750,zero_dte,PUT,0.4792845256626013,0.2333487079578122,0.4792845256626013,0.5,-0.3,-0.3,thr0.000_maxday4,202407,research_papers\JEPA\results\event_option_gate_full20_physics_pooled_2024_d50_return_minmonth18_v1
SPXW,20240710,202407,13:00,780,zero_dte,PUT,0.4792845256626013,0.2245619771466359,0.4792845256626013,0.5,-0.3,-0.3,thr0.000_maxday4,202407,research_papers\JEPA\results\event_option_gate_full20_physics_pooled_2024_d50_return_minmonth18_v1
SPXW,20240711,202407,10:30,630,zero_dte,PUT,0.1043472359226938,-0.2999778304865121,0.1043472359226938,-0.3,0.5,0.5,thr0.000_maxday4,202407,research_papers\JEPA\results\event_option_gate_full20_physics_pooled_2024_d50_return_minmonth18_v1
SPXW,20240711,202407,11:55,715,zero_dte,PUT,0.1043472359226938,-0.2381378790570085,0.1043472359226938,-0.3,-0.3,-0.3,thr0.000_maxday4,202407,research_papers\JEPA\results\event_option_gate_full20_physics_pooled_2024_d50_return_minmonth18_v1
SPXW,20240711,202407,13:30,810,zero_dte,PUT,0.1043472359226938,-0.2121628944881738,0.1043472359226938,-0.3,0.5,0.5,thr0.000_maxday4,202407,research_papers\JEPA\results\event_option_gate_full20_physics_pooled_2024_d50_return_minmonth18_v1
SPXW,20240712,202407,10:35,635,front_weekly,PUT,0.00084507473888,-0.0462117811154331,0.00084507473888,0.5,-0.3,-0.3,thr0.000_maxday4,202407,research_papers\JEPA\results\event_option_gate_full20_physics_pooled_2024_d50_return_minmonth18_v1
SPXW,20240712,202407,11:05,665,front_weekly,CALL,0.0012608087389601,0.0012608087389601,-0.0249743296548165,0.3349335903887096,-0.3,0.3349335903887096,thr0.000_maxday4,202407,research_papers\JEPA\results\event_option_gate_full20_physics_pooled_2024_d50_return_minmonth18_v1
SPXW,20240712,202407,11:35,695,zero_dte,CALL,0.1845500558149978,0.1845500558149978,-0.1229507104953755,-0.3,0.5,-0.3,thr0.000_maxday4,202407,research_papers\JEPA\results\event_option_gate_full20_physics_pooled_2024_d50_return_minmonth18_v1
SPXW,20240712,202407,12:20,740,zero_dte,CALL,0.1760668218602629,0.1760668218602629,-0.1238344157393984,0.5,-0.3,0.5,thr0.000_maxday4,202407,research_papers\JEPA\results\event_option_gate_full20_physics_pooled_2024_d50_return_minmonth18_v1
SPXW,20240715,202407,11:20,680,zero_dte,PUT,0.4885636020826039,-0.2254992167825677,0.4885636020826039,-0.3,0.5,0.5,thr0.000_maxday4,202407,research_papers\JEPA\results\event_option_gate_full20_physics_pooled_2024_d50_return_minmonth18_v1
SPXW,20240715,202407,12:05,725,front_weekly,PUT,0.0088231738816133,-0.0878914989713918,0.0088231738816133,-0.3,0.5,0.5,thr0.000_maxday4,202407,research_papers\JEPA\results\event_option_gate_full20_physics_pooled_2024_d50_return_minmonth18_v1
SPXW,20240715,202407,12:40,760,front_weekly,PUT,0.0012929674776893,-0.0678683136542151,0.0012929674776893,-0.3,0.1816514041445671,0.1816514041445671,thr0.000_maxday4,202407,research_papers\JEPA\results\event_option_gate_full20_physics_pooled_2024_d50_return_minmonth18_v1
SPXW,20240716,202407,10:35,635,front_weekly,PUT,0.0008034792960021,-0.0780070015012554,0.0008034792960021,0.0266940290902386,-0.3,-0.3,thr0.000_maxday4,202407,research_papers\JEPA\results\event_option_gate_full20_physics_pooled_2024_d50_return_minmonth18_v1
SPXW,20240716,202407,11:05,665,front_weekly,CALL,0.0050826054484773,0.0050826054484773,-0.0748036924866498,-0.1375770155641995,0.0656063476563462,-0.1375770155641995,thr0.000_maxday4,202407,research_papers\JEPA\results\event_option_gate_full20_physics_pooled_2024_d50_return_minmonth18_v1
SPXW,20240716,202407,12:00,720,front_weekly,CALL,0.004346707436405,0.004346707436405,-0.1036966983274888,0.1853978922623369,-0.2562651661779439,0.1853978922623369,thr0.000_maxday4,202407,research_papers\JEPA\results\event_option_gate_full20_physics_pooled_2024_d50_return_minmonth18_v1
SPXW,20240716,202407,12:55,775,front_weekly,CALL,0.0010224551574999,0.0010224551574999,-0.1016454435897644,0.3405295149379388,-0.3,0.3405295149379388,thr0.000_maxday4,202407,research_papers\JEPA\results\event_option_gate_full20_physics_pooled_2024_d50_return_minmonth18_v1
SPXW,20240717,202407,10:30,630,zero_dte,PUT,0.1301536179047668,-0.2203592336652481,0.1301536179047668,-0.3,0.5,0.5,thr0.000_maxday4,202407,research_papers\JEPA\results\event_option_gate_full20_physics_pooled_2024_d50_return_minmonth18_v1
SPXW,20240717,202407,11:05,665,front_weekly,PUT,0.0010232924620225,-0.0804509690139241,0.0010232924620225,-0.2235294416839001,0.2418584250435613,0.2418584250435613,thr0.000_maxday4,202407,research_papers\JEPA\results\event_option_gate_full20_physics_pooled_2024_d50_return_minmonth18_v1
SPXW,20240717,202407,11:35,695,zero_dte,PUT,0.1301536179047668,-0.2249616413164722,0.1301536179047668,-0.3,0.5,0.5,thr0.000_maxday4,202407,research_papers\JEPA\results\event_option_gate_full20_physics_pooled_2024_d50_return_minmonth18_v1
SPXW,20240717,202407,12:10,730,front_weekly,PUT,0.0127153841492822,-0.1103380992708356,0.0127153841492822,-0.1156186785223023,0.0404858287089782,0.0404858287089782,thr0.000_maxday4,202407,research_papers\JEPA\results\event_option_gate_full20_physics_pooled_2024_d50_return_minmonth18_v1
SPXW,20240718,202407,10:30,630,zero_dte,CALL,0.3106133622340368,0.3106133622340368,0.1806567538042231,-0.3,0.5,-0.3,thr0.000_maxday4,202407,research_papers\JEPA\results\event_option_gate_full20_physics_pooled_2024_d50_return_minmonth18_v1
SPXW,20240718,202407,11:15,675,zero_dte,PUT,0.1713776773842205,-0.1271926267927597,0.1713776773842205,-0.3,0.5,0.5,thr0.000_maxday4,202407,research_papers\JEPA\results\event_option_gate_full20_physics_pooled_2024_d50_return_minmonth18_v1
SPXW,20240719,202407,10:40,640,front_weekly,PUT,0.0131920800049207,-0.0865251562450456,0.0131920800049207,-0.3,0.4871794871794872,0.4871794871794872,thr0.000_maxday4,202407,research_papers\JEPA\results\event_option_gate_full20_physics_pooled_2024_d50_return_minmonth18_v1
SPXW,20240719,202407,11:10,670,front_weekly,PUT,0.0171083309748166,-0.0898558937770773,0.0171083309748166,-0.2000000097189739,0.3616438029482243,0.3616438029482243,thr0.000_maxday4,202407,research_papers\JEPA\results\event_option_gate_full20_physics_pooled_2024_d50_return_minmonth18_v1
SPXW,20240719,202407,11:50,710,front_weekly,PUT,0.0015029189988332,-0.0907050396398784,0.0015029189988332,-0.2131147272859429,0.1955719294021056,0.1955719294021056,thr0.000_maxday4,202407,research_papers\JEPA\results\event_option_gate_full20_physics_pooled_2024_d50_return_minmonth18_v1
SPXW,20240719,202407,12:55,775,front_weekly,PUT,0.0124517180670755,-0.0875205681873824,0.0124517180670755,-0.1169451395569161,0.0514314344189095,0.0514314344189095,thr0.000_maxday4,202407,research_papers\JEPA\results\event_option_gate_full20_physics_pooled_2024_d50_return_minmonth18_v1
SPXW,20240722,202407,10:35,635,zero_dte,PUT,0.2627180302362235,-0.2934540264140748,0.2627180302362235,-0.3,-0.3,-0.3,thr0.000_maxday4,202407,research_papers\JEPA\results\event_option_gate_full20_physics_pooled_2024_d50_return_minmonth18_v1
SPXW,20240722,202407,11:15,675,zero_dte,PUT,0.2755530803776054,-0.2934540264140748,0.2755530803776054,-0.3,0.5,0.5,thr0.000_maxday4,202407,research_papers\JEPA\results\event_option_gate_full20_physics_pooled_2024_d50_return_minmonth18_v1
SPXW,20240722,202407,11:45,705,front_weekly,PUT,0.0072871343440355,-0.0843767918675954,0.0072871343440355,0.469101165132894,-0.3,-0.3,thr0.000_maxday4,202407,research_papers\JEPA\results\event_option_gate_full20_physics_pooled_2024_d50_return_minmonth18_v1
SPXW,20240722,202407,12:15,735,zero_dte,PUT,0.3636660245269599,-0.2999778304865121,0.3636660245269599,0.5,-0.3,-0.3,thr0.000_maxday4,202407,research_papers\JEPA\results\event_option_gate_full20_physics_pooled_2024_d50_return_minmonth18_v1
SPXW,20240723,202407,10:40,640,zero_dte,PUT,0.265035878688563,-0.2999778304865121,0.265035878688563,-0.3,0.5,0.5,thr0.000_maxday4,202407,research_papers\JEPA\results\event_option_gate_full20_physics_pooled_2024_d50_return_minmonth18_v1
SPXW,20240723,202407,11:10,670,zero_dte,PUT,0.265035878688563,-0.2834195732245158,0.265035878688563,0.5,-0.3,-0.3,thr0.000_maxday4,202407,research_papers\JEPA\results\event_option_gate_full20_physics_pooled_2024_d50_return_minmonth18_v1
SPXW,20240723,202407,12:25,745,zero_dte,PUT,0.1301536179047668,-0.2999778304865121,0.1301536179047668,-0.3,-0.3,-0.3,thr0.000_maxday4,202407,research_papers\JEPA\results\event_option_gate_full20_physics_pooled_2024_d50_return_minmonth18_v1
SPXW,20240723,202407,13:00,780,zero_dte,PUT,0.1559636510186215,-0.2999778304865121,0.1559636510186215,-0.3,-0.3,-0.3,thr0.000_maxday4,202407,research_papers\JEPA\results\event_option_gate_full20_physics_pooled_2024_d50_return_minmonth18_v1
SPXW,20240724,202407,12:05,725,front_weekly,CALL,0.0188888088210911,0.0188888088210911,-0.1393347313057844,-0.3,0.5,-0.3,thr0.000_maxday4,202407,research_papers\JEPA\results\event_option_gate_full20_physics_pooled_2024_d50_return_minmonth18_v1
SPXW,20240724,202407,12:45,765,front_weekly,CALL,0.0268749982826426,0.0268749982826426,-0.1348973674685404,-0.3,0.2996403618583503,-0.3,thr0.000_maxday4,202407,research_papers\JEPA\results\event_option_gate_full20_physics_pooled_2024_d50_return_minmonth18_v1
SPXW,20240725,202407,11:00,660,zero_dte,PUT,0.3711635777071177,-0.1047882549085313,0.3711635777071177,0.5,-0.3,-0.3,thr0.000_maxday4,202407,research_papers\JEPA\results\event_option_gate_full20_physics_pooled_2024_d50_return_minmonth18_v1
SPXW,20240725,202407,11:40,700,zero_dte,PUT,0.3711635815480523,-0.1083222431945618,0.3711635815480523,0.5,-0.3,-0.3,thr0.000_maxday4,202407,research_papers\JEPA\results\event_option_gate_full20_physics_pooled_2024_d50_return_minmonth18_v1
SPXW,20240725,202407,12:10,730,zero_dte,PUT,0.3711635815480523,-0.192309667924347,0.3711635815480523,0.5,-0.3,-0.3,thr0.000_maxday4,202407,research_papers\JEPA\results\event_option_gate_full20_physics_pooled_2024_d50_return_minmonth18_v1
SPXW,20240725,202407,12:40,760,front_weekly,PUT,0.009928347982267,-0.1438423026342243,0.009928347982267,-0.3,0.5,0.5,thr0.000_maxday4,202407,research_papers\JEPA\results\event_option_gate_full20_physics_pooled_2024_d50_return_minmonth18_v1
SPXW,20240726,202407,10:35,635,zero_dte,PUT,0.1381269360628266,-0.1053048815524744,0.1381269360628266,0.5,-0.3,-0.3,thr0.000_maxday4,202407,research_papers\JEPA\results\event_option_gate_full20_physics_pooled_2024_d50_return_minmonth18_v1
SPXW,20240726,202407,11:05,665,zero_dte,PUT,0.1043472359226938,-0.277124250326926,0.1043472359226938,-0.3,-0.3,-0.3,thr0.000_maxday4,202407,research_papers\JEPA\results\event_option_gate_full20_physics_pooled_2024_d50_return_minmonth18_v1
SPXW,20240726,202407,11:40,700,zero_dte,PUT,0.1043472359226938,-0.2934540264140748,0.1043472359226938,0.5,-0.3,-0.3,thr0.000_maxday4,202407,research_papers\JEPA\results\event_option_gate_full20_physics_pooled_2024_d50_return_minmonth18_v1
SPXW,20240726,202407,13:10,790,zero_dte,CALL,0.3217186782594636,0.3217186782594636,-0.0663098504966093,-0.3,-0.3,-0.3,thr0.000_maxday4,202407,research_papers\JEPA\results\event_option_gate_full20_physics_pooled_2024_d50_return_minmonth18_v1
SPXW,20240729,202407,10:40,640,zero_dte,PUT,0.1559636510186215,-0.2999778304865121,0.1559636510186215,-0.3,0.5,0.5,thr0.000_maxday4,202407,research_papers\JEPA\results\event_option_gate_full20_physics_pooled_2024_d50_return_minmonth18_v1
SPXW,20240729,202407,11:55,715,zero_dte,PUT,0.1559636510186215,-0.2999778304865121,0.1559636510186215,0.5,-0.3,-0.3,thr0.000_maxday4,202407,research_papers\JEPA\results\event_option_gate_full20_physics_pooled_2024_d50_return_minmonth18_v1
SPXW,20240729,202407,12:30,750,zero_dte,PUT,0.148258251267026,-0.2835694583059653,0.148258251267026,-0.3,-0.3,-0.3,thr0.000_maxday4,202407,research_papers\JEPA\results\event_option_gate_full20_physics_pooled_2024_d50_return_minmonth18_v1
SPXW,20240729,202407,13:00,780,zero_dte,PUT,0.148258251267026,-0.2996654798657305,0.148258251267026,-0.3,-0.3,-0.3,thr0.000_maxday4,202407,research_papers\JEPA\results\event_option_gate_full20_physics_pooled_2024_d50_return_minmonth18_v1
SPXW,20240730,202407,11:05,665,zero_dte,PUT,0.1301536179047668,0.0162405735569043,0.1301536179047668,-0.3,-0.3,-0.3,thr0.000_maxday4,202407,research_papers\JEPA\results\event_option_gate_full20_physics_pooled_2024_d50_return_minmonth18_v1
SPXW,20240730,202407,13:45,825,zero_dte,PUT,0.1378590176563623,-0.0692236661135501,0.1378590176563623,0.5,-0.3,-0.3,thr0.000_maxday4,202407,research_papers\JEPA\results\event_option_gate_full20_physics_pooled_2024_d50_return_minmonth18_v1
SPXW,20240730,202407,14:20,860,zero_dte,CALL,0.0022253353204972,0.0022253353204972,-0.292275201843462,-0.3,0.5,-0.3,thr0.000_maxday4,202407,research_papers\JEPA\results\event_option_gate_full20_physics_pooled_2024_d50_return_minmonth18_v1
SPXW,20240730,202407,14:55,895,zero_dte,PUT,0.1378590176563623,-0.1388928863184916,0.1378590176563623,-0.3,-0.3,-0.3,thr0.000_maxday4,202407,research_papers\JEPA\results\event_option_gate_full20_physics_pooled_2024_d50_return_minmonth18_v1
SPXW,20240731,202407,10:45,645,front_weekly,CALL,0.0007879377206307,0.0007879377206307,-0.1473292424227028,-0.2405962118170421,0.1137071914866099,-0.2405962118170421,thr0.000_maxday4,202407,research_papers\JEPA\results\event_option_gate_full20_physics_pooled_2024_d50_return_minmonth18_v1
SPXW,20240731,202407,11:30,690,zero_dte,CALL,0.272330095533308,0.272330095533308,-0.2814486371553308,-0.3,0.5,-0.3,thr0.000_maxday4,202407,research_papers\JEPA\results\event_option_gate_full20_physics_pooled_2024_d50_return_minmonth18_v1
SPXW,20240731,202407,13:30,810,zero_dte,PUT,0.1043472359226938,-0.2554601159251923,0.1043472359226938,0.5,-0.3,-0.3,thr0.000_maxday4,202407,research_papers\JEPA\results\event_option_gate_full20_physics_pooled_2024_d50_return_minmonth18_v1
SPXW,20240801,202408,10:30,630,front_weekly,PUT,0.1019159491079617,-0.0977964614469786,0.1019159491079617,-0.3,0.5,0.5,thr-0.100_maxday4,202408,research_papers\JEPA\results\event_option_gate_full20_physics_pooled_2024_d50_return_minmonth18_v1
SPXW,20240801,202408,11:00,660,front_weekly,PUT,-0.0259556302344732,-0.0643280164044196,-0.0259556302344732,-0.3,0.5,0.5,thr-0.100_maxday4,202408,research_papers\JEPA\results\event_option_gate_full20_physics_pooled_2024_d50_return_minmonth18_v1
SPXW,20240801,202408,11:30,690,front_weekly,PUT,-0.0335472813116297,-0.0424689824736844,-0.0335472813116297,-0.3,0.5,0.5,thr-0.100_maxday4,202408,research_papers\JEPA\results\event_option_gate_full20_physics_pooled_2024_d50_return_minmonth18_v1
SPXW,20240801,202408,12:00,720,front_weekly,CALL,-0.087229225333378,-0.087229225333378,-0.2068760700286794,-0.3,0.5,-0.3,thr-0.100_maxday4,202408,research_papers\JEPA\results\event_option_gate_full20_physics_pooled_2024_d50_return_minmonth18_v1
SPXW,20240802,202408,10:35,635,front_weekly,CALL,-0.0250275986140517,-0.0250275986140517,-0.1061089464625486,-0.0617931497508081,-0.1002044802593182,-0.0617931497508081,thr-0.100_maxday4,202408,research_papers\JEPA\results\event_option_gate_full20_physics_pooled_2024_d50_return_minmonth18_v1
SPXW,20240802,202408,11:05,665,front_weekly,CALL,-0.0056079124570322,-0.0056079124570322,-0.1067374860787142,-0.0163711395317321,-0.1159309230791534,-0.0163711395317321,thr-0.100_maxday4,202408,research_papers\JEPA\results\event_option_gate_full20_physics_pooled_2024_d50_return_minmonth18_v1
SPXW,20240802,202408,11:35,695,front_weekly,CALL,-0.067285856758863,-0.067285856758863,-0.1387269039058868,0.0361445678899599,-0.1698264480850271,0.0361445678899599,thr-0.100_maxday4,202408,research_papers\JEPA\results\event_option_gate_full20_physics_pooled_2024_d50_return_minmonth18_v1
SPXW,20240802,202408,13:30,810,front_weekly,CALL,-0.0183164849493375,-0.0183164849493375,-0.080871312652776,0.0797316613551795,-0.2396039923423325,0.0797316613551795,thr-0.100_maxday4,202408,research_papers\JEPA\results\event_option_gate_full20_physics_pooled_2024_d50_return_minmonth18_v1
SPXW,20240805,202408,11:15,675,front_weekly,CALL,0.0696585247330748,0.0696585247330748,-0.046268665227317,-0.1000573845067082,0.1588642283213583,-0.1000573845067082,thr-0.100_maxday4,202408,research_papers\JEPA\results\event_option_gate_full20_physics_pooled_2024_d50_return_minmonth18_v1
SPXW,20240805,202408,11:45,705,front_weekly,CALL,0.0595683434682051,0.0595683434682051,-0.0324034978169455,-0.0475459910923303,0.2638973115718097,-0.0475459910923303,thr-0.100_maxday4,202408,research_papers\JEPA\results\event_option_gate_full20_physics_pooled_2024_d50_return_minmonth18_v1
SPXW,20240805,202408,12:15,735,front_weekly,CALL,0.0686492188994531,0.0686492188994531,-0.1180646205575335,-0.1968992603834504,0.5,-0.1968992603834504,thr-0.100_maxday4,202408,research_papers\JEPA\results\event_option_gate_full20_physics_pooled_2024_d50_return_minmonth18_v1
SPXW,20240805,202408,12:45,765,front_weekly,CALL,0.0815060663986559,0.0815060663986559,-0.0213416408569748,-0.1791111133716724,0.5,-0.1791111133716724,thr-0.100_maxday4,202408,research_papers\JEPA\results\event_option_gate_full20_physics_pooled_2024_d50_return_minmonth18_v1
SPXW,20240806,202408,10:35,635,front_weekly,CALL,-0.0224104142582626,-0.0224104142582626,-0.0895091014685606,0.3438741503574936,-0.3,0.3438741503574936,thr-0.100_maxday4,202408,research_papers\JEPA\results\event_option_gate_full20_physics_pooled_2024_d50_return_minmonth18_v1
SPXW,20240806,202408,11:05,665,zero_dte,PUT,0.4672278493469942,-0.2986241237568527,0.4672278493469942,-0.3,0.5,0.5,thr-0.100_maxday4,202408,research_papers\JEPA\results\event_option_gate_full20_physics_pooled_2024_d50_return_minmonth18_v1
SPXW,20240806,202408,11:35,695,front_weekly,CALL,-0.0063156523525734,-0.0063156523525734,-0.0673806650382091,0.2584175164991278,-0.3,0.2584175164991278,thr-0.100_maxday4,202408,research_papers\JEPA\results\event_option_gate_full20_physics_pooled_2024_d50_return_minmonth18_v1
SPXW,20240806,202408,12:05,725,front_weekly,CALL,-0.0311412889307911,-0.0311412889307911,-0.0940330470412567,0.0362976057859334,-0.3,0.0362976057859334,thr-0.100_maxday4,202408,research_papers\JEPA\results\event_option_gate_full20_physics_pooled_2024_d50_return_minmonth18_v1
SPXW,20240807,202408,10:30,630,front_weekly,PUT,-0.0325121428408945,-0.0369114769364751,-0.0325121428408945,-0.3,0.5,0.5,thr-0.100_maxday4,202408,research_papers\JEPA\results\event_option_gate_full20_physics_pooled_2024_d50_return_minmonth18_v1
SPXW,20240807,202408,11:00,660,front_weekly,PUT,-0.0775919397400456,-0.1072755750882136,-0.0775919397400456,-0.3,0.5,0.5,thr-0.100_maxday4,202408,research_papers\JEPA\results\event_option_gate_full20_physics_pooled_2024_d50_return_minmonth18_v1
SPXW,20240807,202408,11:40,700,front_weekly,PUT,-0.0369272545836461,-0.1406158057555646,-0.0369272545836461,-0.3,0.5,0.5,thr-0.100_maxday4,202408,research_papers\JEPA\results\event_option_gate_full20_physics_pooled_2024_d50_return_minmonth18_v1
SPXW,20240807,202408,12:10,730,zero_dte,PUT,0.4908284079235741,-0.2463944129423576,0.4908284079235741,-0.3,-0.3,-0.3,thr-0.100_maxday4,202408,research_papers\JEPA\results\event_option_gate_full20_physics_pooled_2024_d50_return_minmonth18_v1
SPXW,20240808,202408,10:30,630,zero_dte,PUT,0.3382350049341277,-0.2714249567875801,0.3382350049341277,-0.3,-0.3,-0.3,thr-0.100_maxday4,202408,research_papers\JEPA\results\event_option_gate_full20_physics_pooled_2024_d50_return_minmonth18_v1
SPXW,20240808,202408,11:00,660,zero_dte,PUT,0.3487545122388447,-0.2714249567875801,0.3487545122388447,-0.3,-0.3,-0.3,thr-0.100_maxday4,202408,research_papers\JEPA\results\event_option_gate_full20_physics_pooled_2024_d50_return_minmonth18_v1
SPXW,20240808,202408,11:30,690,zero_dte,PUT,0.3632555329738064,-0.2713911732066217,0.3632555329738064,-0.3,-0.3,-0.3,thr-0.100_maxday4,202408,research_papers\JEPA\results\event_option_gate_full20_physics_pooled_2024_d50_return_minmonth18_v1
SPXW,20240808,202408,12:00,720,zero_dte,PUT,0.3737749999310994,-0.2713911732066217,0.3737749999310994,-0.3,-0.3,-0.3,thr-0.100_maxday4,202408,research_papers\JEPA\results\event_option_gate_full20_physics_pooled_2024_d50_return_minmonth18_v1
SPXW,20240809,202408,10:35,635,zero_dte,CALL,0.3127429783885269,0.3127429783885269,-0.170836175029341,0.5,-0.3,0.5,thr-0.100_maxday4,202408,research_papers\JEPA\results\event_option_gate_full20_physics_pooled_2024_d50_return_minmonth18_v1
SPXW,20240809,202408,11:05,665,front_weekly,PUT,0.013758072626948,-0.0833914675760485,0.013758072626948,0.0262237758740007,-0.2392744505925852,-0.2392744505925852,thr-0.100_maxday4,202408,research_papers\JEPA\results\event_option_gate_full20_physics_pooled_2024_d50_return_minmonth18_v1
SPXW,20240809,202408,11:35,695,front_weekly,PUT,-0.0538718121706393,-0.0590369282141807,-0.0538718121706393,0.0047822817701577,-0.0958367172552614,-0.0958367172552614,thr-0.100_maxday4,202408,research_papers\JEPA\results\event_option_gate_full20_physics_pooled_2024_d50_return_minmonth18_v1
SPXW,20240809,202408,12:35,755,front_weekly,CALL,-0.0347079805087792,-0.0347079805087792,-0.0632516569872168,0.1729880188861747,-0.2008183056269874,0.1729880188861747,thr-0.100_maxday4,202408,research_papers\JEPA\results\event_option_gate_full20_physics_pooled_2024_d50_return_minmonth18_v1
SPXW,20240812,202408,10:30,630,front_weekly,PUT,-0.0498898344119122,-0.0651397153112946,-0.0498898344119122,0.0149572815032255,0.1518858487017158,0.1518858487017158,thr-0.100_maxday4,202408,research_papers\JEPA\results\event_option_gate_full20_physics_pooled_2024_d50_return_minmonth18_v1
SPXW,20240812,202408,11:00,660,front_weekly,PUT,-0.0231027083155823,-0.0740780437097517,-0.0231027083155823,-0.1805347299830798,0.2677018739009544,0.2677018739009544,thr-0.100_maxday4,202408,research_papers\JEPA\results\event_option_gate_full20_physics_pooled_2024_d50_return_minmonth18_v1
SPXW,20240812,202408,11:50,710,front_weekly,CALL,-0.0607399055992046,-0.0607399055992046,-0.0735039413089858,0.0010869399360988,0.1543860058758237,0.0010869399360988,thr-0.100_maxday4,202408,research_papers\JEPA\results\event_option_gate_full20_physics_pooled_2024_d50_return_minmonth18_v1
SPXW,20240812,202408,12:20,740,front_weekly,CALL,-0.0341924149651693,-0.0341924149651693,-0.0901026603833219,-0.056155475528387,0.1183794412245058,-0.056155475528387,thr-0.100_maxday4,202408,research_papers\JEPA\results\event_option_gate_full20_physics_pooled_2024_d50_return_minmonth18_v1
SPXW,20240813,202408,10:30,630,front_weekly,CALL,-0.0334816516708699,-0.0334816516708699,-0.0727907962369954,0.5,-0.3,0.5,thr-0.100_maxday4,202408,research_papers\JEPA\results\event_option_gate_full20_physics_pooled_2024_d50_return_minmonth18_v1
SPXW,20240813,202408,11:00,660,zero_dte,PUT,0.4973349850342766,-0.0172717637893339,0.4973349850342766,0.5,-0.3,-0.3,thr-0.100_maxday4,202408,research_papers\JEPA\results\event_option_gate_full20_physics_pooled_2024_d50_return_minmonth18_v1
SPXW,20240813,202408,11:30,690,zero_dte,CALL,0.3160497786262261,0.3160497786262261,-0.0780630160910598,0.5,-0.3,0.5,thr-0.100_maxday4,202408,research_papers\JEPA\results\event_option_gate_full20_physics_pooled_2024_d50_return_minmonth18_v1
SPXW,20240813,202408,12:00,720,zero_dte,PUT,0.4976571685762037,0.2969062305965508,0.4976571685762037,0.5,-0.3,-0.3,thr-0.100_maxday4,202408,research_papers\JEPA\results\event_option_gate_full20_physics_pooled_2024_d50_return_minmonth18_v1
SPXW,20240814,202408,10:30,630,front_weekly,PUT,-0.0541750977029217,-0.1292343980426015,-0.0541750977029217,0.1352201050385315,-0.3,-0.3,thr-0.100_maxday4,202408,research_papers\JEPA\results\event_option_gate_full20_physics_pooled_2024_d50_return_minmonth18_v1
SPXW,20240814,202408,11:00,660,front_weekly,PUT,-0.0623983228037572,-0.1346101954567948,-0.0623983228037572,0.0049916995425123,-0.3,-0.3,thr-0.100_maxday4,202408,research_papers\JEPA\results\event_option_gate_full20_physics_pooled_2024_d50_return_minmonth18_v1
SPXW,20240814,202408,11:30,690,front_weekly,PUT,-0.0715394755443883,-0.111084822631926,-0.0715394755443883,0.0369685411931421,-0.0427631333346508,-0.0427631333346508,thr-0.100_maxday4,202408,research_papers\JEPA\results\event_option_gate_full20_physics_pooled_2024_d50_return_minmonth18_v1
SPXW,20240814,202408,12:00,720,zero_dte,PUT,0.4890162606369868,-0.1494996658093052,0.4890162606369868,-0.3,0.5,0.5,thr-0.100_maxday4,202408,research_papers\JEPA\results\event_option_gate_full20_physics_pooled_2024_d50_return_minmonth18_v1
SPXW,20240815,202408,10:30,630,zero_dte,PUT,0.4973349850342766,0.2855755280448709,0.4973349850342766,0.5,-0.3,-0.3,thr-0.100_maxday4,202408,research_papers\JEPA\results\event_option_gate_full20_physics_pooled_2024_d50_return_minmonth18_v1
SPXW,20240815,202408,11:00,660,zero_dte,PUT,0.4973349850342766,0.2870841436281704,0.4973349850342766,0.5,-0.3,-0.3,thr-0.100_maxday4,202408,research_papers\JEPA\results\event_option_gate_full20_physics_pooled_2024_d50_return_minmonth18_v1
SPXW,20240815,202408,11:30,690,zero_dte,PUT,0.4976571685762037,0.2868658928634505,0.4976571685762037,0.5,-0.3,-0.3,thr-0.100_maxday4,202408,research_papers\JEPA\results\event_option_gate_full20_physics_pooled_2024_d50_return_minmonth18_v1
SPXW,20240815,202408,12:00,720,zero_dte,PUT,0.4976571685762037,-0.0094677723815219,0.4976571685762037,0.5,-0.3,-0.3,thr-0.100_maxday4,202408,research_papers\JEPA\results\event_option_gate_full20_physics_pooled_2024_d50_return_minmonth18_v1
SPXW,20240816,202408,10:30,630,front_weekly,PUT,-0.0173568595119024,-0.0633492384106989,-0.0173568595119024,0.1739010371155356,-0.2264630990154683,-0.2264630990154683,thr-0.100_maxday4,202408,research_papers\JEPA\results\event_option_gate_full20_physics_pooled_2024_d50_return_minmonth18_v1
SPXW,20240816,202408,11:00,660,front_weekly,PUT,0.0075651870456033,-0.0396389684362092,0.0075651870456033,0.273972602739726,-0.3,-0.3,thr-0.100_maxday4,202408,research_papers\JEPA\results\event_option_gate_full20_physics_pooled_2024_d50_return_minmonth18_v1
SPXW,20240816,202408,11:30,690,front_weekly,CALL,-0.0121224483313468,-0.0121224483313468,-0.0409565171826435,0.2310866445771036,-0.1973510135878,0.2310866445771036,thr-0.100_maxday4,202408,research_papers\JEPA\results\event_option_gate_full20_physics_pooled_2024_d50_return_minmonth18_v1
SPXW,20240816,202408,12:00,720,zero_dte,PUT,0.482563348361176,-0.096207268160157,0.482563348361176,0.5,-0.3,-0.3,thr-0.100_maxday4,202408,research_papers\JEPA\results\event_option_gate_full20_physics_pooled_2024_d50_return_minmonth18_v1
SPXW,20240819,202408,10:30,630,zero_dte,PUT,0.0778148207233272,-0.3013866523780916,0.0778148207233272,0.5,-0.3,-0.3,thr-0.100_maxday4,202408,research_papers\JEPA\results\event_option_gate_full20_physics_pooled_2024_d50_return_minmonth18_v1
SPXW,20240819,202408,11:00,660,zero_dte,PUT,0.4972029535406707,-0.0798364436652618,0.4972029535406707,-0.3,-0.3,-0.3,thr-0.100_maxday4,202408,research_papers\JEPA\results\event_option_gate_full20_physics_pooled_2024_d50_return_minmonth18_v1
SPXW,20240819,202408,11:30,690,zero_dte,PUT,0.4975251370825977,0.2216826214302754,0.4975251370825977,-0.3,-0.3,-0.3,thr-0.100_maxday4,202408,research_papers\JEPA\results\event_option_gate_full20_physics_pooled_2024_d50_return_minmonth18_v1
SPXW,20240819,202408,12:00,720,zero_dte,PUT,0.4975251370825977,0.217252784825405,0.4975251370825977,0.5,-0.3,-0.3,thr-0.100_maxday4,202408,research_papers\JEPA\results\event_option_gate_full20_physics_pooled_2024_d50_return_minmonth18_v1
SPXW,20240820,202408,10:30,630,front_weekly,PUT,-0.0357687116979107,-0.0485730515630556,-0.0357687116979107,-0.1640866675618805,0.2945812287641078,0.2945812287641078,thr-0.100_maxday4,202408,research_papers\JEPA\results\event_option_gate_full20_physics_pooled_2024_d50_return_minmonth18_v1
SPXW,20240820,202408,11:00,660,zero_dte,PUT,-0.0358408776421926,-0.2754820473161297,-0.0358408776421926,-0.3,-0.3,-0.3,thr-0.100_maxday4,202408,research_papers\JEPA\results\event_option_gate_full20_physics_pooled_2024_d50_return_minmonth18_v1
SPXW,20240820,202408,11:30,690,front_weekly,CALL,-0.0394256873139505,-0.0394256873139505,-0.0471133969925582,0.2235584314454326,-0.2081377106956174,0.2235584314454326,thr-0.100_maxday4,202408,research_papers\JEPA\results\event_option_gate_full20_physics_pooled_2024_d50_return_minmonth18_v1
SPXW,20240820,202408,12:00,720,front_weekly,PUT,-0.0265623257427369,-0.0433647977227559,-0.0265623257427369,-0.0322147352030385,0.0473503344349581,0.0473503344349581,thr-0.100_maxday4,202408,research_papers\JEPA\results\event_option_gate_full20_physics_pooled_2024_d50_return_minmonth18_v1
SPXW,20240821,202408,10:30,630,zero_dte,PUT,0.0640959290868001,-0.2956602181751174,0.0640959290868001,0.5,-0.3,-0.3,thr-0.100_maxday4,202408,research_papers\JEPA\results\event_option_gate_full20_physics_pooled_2024_d50_return_minmonth18_v1
SPXW,20240821,202408,11:00,660,zero_dte,PUT,0.1421067218295535,-0.299977902620087,0.1421067218295535,-0.3,-0.3,-0.3,thr-0.100_maxday4,202408,research_papers\JEPA\results\event_option_gate_full20_physics_pooled_2024_d50_return_minmonth18_v1
SPXW,20240821,202408,11:30,690,front_weekly,PUT,-0.0332727751802915,-0.1279989062481323,-0.0332727751802915,0.2297578333786412,-0.2368420705900954,-0.2368420705900954,thr-0.100_maxday4,202408,research_papers\JEPA\results\event_option_gate_full20_physics_pooled_2024_d50_return_minmonth18_v1
SPXW,20240821,202408,12:00,720,zero_dte,PUT,0.0623690719656706,-0.2999718123031203,0.0623690719656706,0.5,-0.3,-0.3,thr-0.100_maxday4,202408,research_papers\JEPA\results\event_option_gate_full20_physics_pooled_2024_d50_return_minmonth18_v1
SPXW,20240822,202408,10:30,630,front_weekly,PUT,0.1044358913760384,-0.2103184242891218,0.1044358913760384,-0.3,0.5,0.5,thr-0.100_maxday4,202408,research_papers\JEPA\results\event_option_gate_full20_physics_pooled_2024_d50_return_minmonth18_v1
SPXW,20240822,202408,11:00,660,front_weekly,PUT,0.0896067815703242,-0.2411493085597901,0.0896067815703242,-0.3,0.5,0.5,thr-0.100_maxday4,202408,research_papers\JEPA\results\event_option_gate_full20_physics_pooled_2024_d50_return_minmonth18_v1
SPXW,20240822,202408,11:30,690,front_weekly,PUT,0.046074034242654,-0.2364501321030582,0.046074034242654,-0.3,0.5,0.5,thr-0.100_maxday4,202408,research_papers\JEPA\results\event_option_gate_full20_physics_pooled_2024_d50_return_minmonth18_v1
SPXW,20240822,202408,12:00,720,front_weekly,PUT,0.0171657872587104,-0.1905796674256037,0.0171657872587104,-0.3,-0.3,-0.3,thr-0.100_maxday4,202408,research_papers\JEPA\results\event_option_gate_full20_physics_pooled_2024_d50_return_minmonth18_v1
SPXW,20240823,202408,10:30,630,zero_dte,PUT,0.5186222562608702,-0.2466781049557645,0.5186222562608702,-0.3,0.5,0.5,thr-0.100_maxday4,202408,research_papers\JEPA\results\event_option_gate_full20_physics_pooled_2024_d50_return_minmonth18_v1
SPXW,20240823,202408,11:00,660,front_weekly,PUT,-0.0180412604054785,-0.0672274712779332,-0.0180412604054785,-0.3,-0.1193121994246038,-0.1193121994246038,thr-0.100_maxday4,202408,research_papers\JEPA\results\event_option_gate_full20_physics_pooled_2024_d50_return_minmonth18_v1
SPXW,20240823,202408,11:40,700,front_weekly,CALL,-0.017494728778538,-0.017494728778538,-0.0844957622662533,-0.3,0.5,-0.3,thr-0.100_maxday4,202408,research_papers\JEPA\results\event_option_gate_full20_physics_pooled_2024_d50_return_minmonth18_v1
SPXW,20240823,202408,12:10,730,front_weekly,PUT,-0.0007658952001318,-0.0836344829837292,-0.0007658952001318,0.0466761773314527,-0.1688559798228293,-0.1688559798228293,thr-0.100_maxday4,202408,research_papers\JEPA\results\event_option_gate_full20_physics_pooled_2024_d50_return_minmonth18_v1
SPXW,20240826,202408,10:30,630,front_weekly,PUT,0.0204991790999693,-0.0844031405798321,0.0204991790999693,-0.0952380567931736,0.0477453368868368,0.0477453368868368,thr-0.100_maxday4,202408,research_papers\JEPA\results\event_option_gate_full20_physics_pooled_2024_d50_return_minmonth18_v1
SPXW,20240826,202408,11:00,660,front_weekly,PUT,0.0384066790436535,-0.0917061832253003,0.0384066790436535,-0.2184110953525682,0.1759999593098957,0.1759999593098957,thr-0.100_maxday4,202408,research_papers\JEPA\results\event_option_gate_full20_physics_pooled_2024_d50_return_minmonth18_v1
SPXW,20240826,202408,11:30,690,front_weekly,PUT,0.0249400486603883,-0.0756582142634055,0.0249400486603883,-0.0727969904914167,0.0213333129882813,0.0213333129882813,thr-0.100_maxday4,202408,research_papers\JEPA\results\event_option_gate_full20_physics_pooled_2024_d50_return_minmonth18_v1
SPXW,20240826,202408,12:00,720,front_weekly,PUT,0.0202108417904883,-0.0804533698447597,0.0202108417904883,0.0316225336470521,-0.1759634601510654,-0.1759634601510654,thr-0.100_maxday4,202408,research_papers\JEPA\results\event_option_gate_full20_physics_pooled_2024_d50_return_minmonth18_v1
SPXW,20240827,202408,10:30,630,front_weekly,PUT,-0.0280975291371831,-0.0722674626569063,-0.0280975291371831,0.0096818384328569,-0.1814223018947087,-0.1814223018947087,thr-0.100_maxday4,202408,research_papers\JEPA\results\event_option_gate_full20_physics_pooled_2024_d50_return_minmonth18_v1
SPXW,20240827,202408,11:00,660,front_weekly,PUT,-0.0509330949287505,-0.0584206592819404,-0.0509330949287505,-0.0601107551431314,-0.0611284915018648,-0.0611284915018648,thr-0.100_maxday4,202408,research_papers\JEPA\results\event_option_gate_full20_physics_pooled_2024_d50_return_minmonth18_v1
SPXW,20240827,202408,11:30,690,front_weekly,PUT,-0.0163473005795986,-0.0665405154367308,-0.0163473005795986,0.1178161603076137,-0.1786833518417903,-0.1786833518417903,thr-0.100_maxday4,202408,research_papers\JEPA\results\event_option_gate_full20_physics_pooled_2024_d50_return_minmonth18_v1
SPXW,20240827,202408,12:00,720,front_weekly,PUT,0.0202147420856448,-0.0821190527971368,0.0202147420856448,0.1110120097120379,-0.1920731519390467,-0.1920731519390467,thr-0.100_maxday4,202408,research_papers\JEPA\results\event_option_gate_full20_physics_pooled_2024_d50_return_minmonth18_v1
SPXW,20240828,202408,10:30,630,front_weekly,CALL,-0.0542703187011816,-0.0542703187011816,-0.0752380052317634,-0.3,0.5,-0.3,thr-0.100_maxday4,202408,research_papers\JEPA\results\event_option_gate_full20_physics_pooled_2024_d50_return_minmonth18_v1
SPXW,20240828,202408,11:00,660,front_weekly,PUT,-0.0702568021222045,-0.1632352055921566,-0.0702568021222045,-0.3,0.5,0.5,thr-0.100_maxday4,202408,research_papers\JEPA\results\event_option_gate_full20_physics_pooled_2024_d50_return_minmonth18_v1
SPXW,20240828,202408,11:50,710,front_weekly,PUT,-0.0641546830082192,-0.1317683479223608,-0.0641546830082192,-0.2379561932417597,0.3665530777955599,0.3665530777955599,thr-0.100_maxday4,202408,research_papers\JEPA\results\event_option_gate_full20_physics_pooled_2024_d50_return_minmonth18_v1
SPXW,20240828,202408,12:50,770,zero_dte,CALL,0.1981087122965916,0.1981087122965916,-0.2808632482667754,-0.3,-0.3,-0.3,thr-0.100_maxday4,202408,research_papers\JEPA\results\event_option_gate_full20_physics_pooled_2024_d50_return_minmonth18_v1
SPXW,20240829,202408,10:50,650,zero_dte,PUT,0.4886940770950597,-0.1575039105204406,0.4886940770950597,-0.3,-0.3,-0.3,thr-0.100_maxday4,202408,research_papers\JEPA\results\event_option_gate_full20_physics_pooled_2024_d50_return_minmonth18_v1
SPXW,20240829,202408,11:30,690,zero_dte,PUT,0.4784967533322698,-0.1598094748666383,0.4784967533322698,-0.3,-0.3,-0.3,thr-0.100_maxday4,202408,research_papers\JEPA\results\event_option_gate_full20_physics_pooled_2024_d50_return_minmonth18_v1
SPXW,20240829,202408,12:00,720,zero_dte,PUT,0.4784967533322698,-0.1561436500113427,0.4784967533322698,-0.3,-0.3,-0.3,thr-0.100_maxday4,202408,research_papers\JEPA\results\event_option_gate_full20_physics_pooled_2024_d50_return_minmonth18_v1
SPXW,20240829,202408,12:30,750,zero_dte,PUT,0.4908017665877816,-0.156494280720497,0.4908017665877816,-0.3,0.5,0.5,thr-0.100_maxday4,202408,research_papers\JEPA\results\event_option_gate_full20_physics_pooled_2024_d50_return_minmonth18_v1
SPXW,20240830,202408,10:30,630,front_weekly,PUT,-0.0331660389182467,-0.0385757628455186,-0.0331660389182467,-0.3,0.2025157040769949,0.2025157040769949,thr-0.100_maxday4,202408,research_papers\JEPA\results\event_option_gate_full20_physics_pooled_2024_d50_return_minmonth18_v1
SPXW,20240830,202408,11:00,660,zero_dte,PUT,0.1653358689009906,-0.2999718123031203,0.1653358689009906,-0.3,0.5,0.5,thr-0.100_maxday4,202408,research_papers\JEPA\results\event_option_gate_full20_physics_pooled_2024_d50_return_minmonth18_v1
SPXW,20240830,202408,11:30,690,zero_dte,PUT,0.1297390405670237,-0.2836426942499639,0.1297390405670237,-0.3,-0.3,-0.3,thr-0.100_maxday4,202408,research_papers\JEPA\results\event_option_gate_full20_physics_pooled_2024_d50_return_minmonth18_v1
SPXW,20240830,202408,12:00,720,zero_dte,PUT,0.0666178585945256,-0.2836357767908124,0.0666178585945256,0.5,-0.3,-0.3,thr-0.100_maxday4,202408,research_papers\JEPA\results\event_option_gate_full20_physics_pooled_2024_d50_return_minmonth18_v1
SPXW,20240903,202409,10:30,630,zero_dte,PUT,0.2254482458872109,0.1729738706001022,0.2254482458872109,-0.3,0.5,0.5,thr0.100_maxday2,202409,research_papers\JEPA\results\event_option_gate_full20_physics_pooled_2024_d50_return_minmonth18_v1
SPXW,20240903,202409,11:00,660,zero_dte,CALL,0.3519320196797463,0.3519320196797463,-0.0244120710307274,0.5,-0.3,0.5,thr0.100_maxday2,202409,research_papers\JEPA\results\event_option_gate_full20_physics_pooled_2024_d50_return_minmonth18_v1
SPXW,20240904,202409,10:35,635,front_weekly,PUT,0.1605396123372567,-0.2140779768606728,0.1605396123372567,-0.2451697017414641,0.2085971530607111,0.2085971530607111,thr0.100_maxday2,202409,research_papers\JEPA\results\event_option_gate_full20_physics_pooled_2024_d50_return_minmonth18_v1
SPXW,20240904,202409,11:05,665,front_weekly,PUT,0.1346272140307296,-0.2414380460887685,0.1346272140307296,-0.3,0.4983606442898542,0.4983606442898542,thr0.100_maxday2,202409,research_papers\JEPA\results\event_option_gate_full20_physics_pooled_2024_d50_return_minmonth18_v1
SPXW,20240905,202409,10:30,630,front_weekly,PUT,0.2165921373024218,-0.2651470354579383,0.2165921373024218,-0.3,0.5,0.5,thr0.100_maxday2,202409,research_papers\JEPA\results\event_option_gate_full20_physics_pooled_2024_d50_return_minmonth18_v1
SPXW,20240905,202409,11:25,685,front_weekly,PUT,0.119680899748985,-0.265261082238987,0.119680899748985,0.3126079101402292,-0.3,-0.3,thr0.100_maxday2,202409,research_papers\JEPA\results\event_option_gate_full20_physics_pooled_2024_d50_return_minmonth18_v1
SPXW,20240910,202409,13:05,785,front_weekly,PUT,0.1029429378379923,-0.0779336688606015,0.1029429378379923,0.3182548413039991,-0.3,-0.3,thr0.100_maxday2,202409,research_papers\JEPA\results\event_option_gate_full20_physics_pooled_2024_d50_return_minmonth18_v1
SPXW,20240910,202409,15:05,905,zero_dte,CALL,0.227794731052816,0.227794731052816,-0.2999804625973552,0.5,-0.3,0.5,thr0.100_maxday2,202409,research_papers\JEPA\results\event_option_gate_full20_physics_pooled_2024_d50_return_minmonth18_v1
SPXW,20240911,202409,10:40,640,zero_dte,PUT,0.2259176078309427,-0.2119225683913733,0.2259176078309427,0.5,-0.3,-0.3,thr0.100_maxday2,202409,research_papers\JEPA\results\event_option_gate_full20_physics_pooled_2024_d50_return_minmonth18_v1
SPXW,20240911,202409,11:25,685,zero_dte,PUT,0.1994462987387585,-0.2119225683913733,0.1994462987387585,0.5,-0.3,-0.3,thr0.100_maxday2,202409,research_papers\JEPA\results\event_option_gate_full20_physics_pooled_2024_d50_return_minmonth18_v1
SPXW,20240912,202409,10:30,630,front_weekly,PUT,0.3320517702755217,-0.2844411785065468,0.3320517702755217,0.4345469153104693,-0.3,-0.3,thr0.100_maxday2,202409,research_papers\JEPA\results\event_option_gate_full20_physics_pooled_2024_d50_return_minmonth18_v1
SPXW,20240912,202409,11:05,665,front_weekly,PUT,0.3074802701885545,-0.3213460831094466,0.3074802701885545,0.5,-0.3,-0.3,thr0.100_maxday2,202409,research_papers\JEPA\results\event_option_gate_full20_physics_pooled_2024_d50_return_minmonth18_v1
SPXW,20240918,202409,10:45,645,front_weekly,PUT,0.1039736840514754,-0.196059041577888,0.1039736840514754,0.0776470408720129,-0.0353773138242156,-0.0353773138242156,thr0.100_maxday2,202409,research_papers\JEPA\results\event_option_gate_full20_physics_pooled_2024_d50_return_minmonth18_v1
SPXW,20240918,202409,11:25,685,front_weekly,PUT,0.1150515454229588,-0.1958358023681515,0.1150515454229588,0.5,-0.3,-0.3,thr0.100_maxday2,202409,research_papers\JEPA\results\event_option_gate_full20_physics_pooled_2024_d50_return_minmonth18_v1
SPXW,20240919,202409,10:30,630,zero_dte,CALL,0.4846860023171005,0.4846860023171005,-0.2596985513051805,-0.3,0.5,-0.3,thr0.100_maxday2,202409,research_papers\JEPA\results\event_option_gate_full20_physics_pooled_2024_d50_return_minmonth18_v1
SPXW,20240919,202409,11:05,665,front_weekly,PUT,0.3143700492273881,-0.2922429389088833,0.3143700492273881,0.5,-0.3,-0.3,thr0.100_maxday2,202409,research_papers\JEPA\results\event_option_gate_full20_physics_pooled_2024_d50_return_minmonth18_v1
SPXW,20240924,202409,14:05,845,zero_dte,CALL,0.2443952797147004,0.2443952797147004,-0.2594298306070087,-0.3,0.5,-0.3,thr0.100_maxday2,202409,research_papers\JEPA\results\event_option_gate_full20_physics_pooled_2024_d50_return_minmonth18_v1
SPXW,20240925,202409,13:05,785,front_weekly,PUT,0.1155385478252372,-0.2283312893633266,0.1155385478252372,-0.0044444613986545,-0.1329843384710913,-0.1329843384710913,thr0.100_maxday2,202409,research_papers\JEPA\results\event_option_gate_full20_physics_pooled_2024_d50_return_minmonth18_v1
SPXW,20240926,202409,10:30,630,front_weekly,PUT,0.2062748502795248,-0.318330747995915,0.2062748502795248,-0.3,0.5,0.5,thr0.100_maxday2,202409,research_papers\JEPA\results\event_option_gate_full20_physics_pooled_2024_d50_return_minmonth18_v1
SPXW,20240926,202409,11:00,660,front_weekly,PUT,0.2148079406982812,-0.3167706951357651,0.2148079406982812,-0.3,-0.3,-0.3,thr0.100_maxday2,202409,research_papers\JEPA\results\event_option_gate_full20_physics_pooled_2024_d50_return_minmonth18_v1
SPXW,20241001,202410,10:30,630,front_weekly,PUT,0.046146491023973,-0.1327598767062597,0.046146491023973,-0.0576000104631696,0.1383278364002711,0.1383278364002711,thr-0.153_maxday1,202410,research_papers\JEPA\results\event_option_gate_full20_physics_pooled_2024_d50_return_minmonth18_v1
SPXW,20241002,202410,10:30,630,front_weekly,PUT,0.0937003399624045,-0.1758322687144759,0.0937003399624045,-0.0746269166589069,0.0238993902626276,0.0238993902626276,thr-0.153_maxday1,202410,research_papers\JEPA\results\event_option_gate_full20_physics_pooled_2024_d50_return_minmonth18_v1
SPXW,20241003,202410,10:30,630,front_weekly,PUT,-0.0602275101468377,-0.2409995659186563,-0.0602275101468377,-0.0606060975814948,-0.3,-0.3,thr-0.153_maxday1,202410,research_papers\JEPA\results\event_option_gate_full20_physics_pooled_2024_d50_return_minmonth18_v1
SPXW,20241004,202410,10:30,630,front_weekly,PUT,0.0526589507611706,-0.1441994572921515,0.0526589507611706,0.2028056295911344,-0.275760530454798,-0.275760530454798,thr-0.153_maxday1,202410,research_papers\JEPA\results\event_option_gate_full20_physics_pooled_2024_d50_return_minmonth18_v1
SPXW,20241007,202410,10:30,630,front_weekly,CALL,-0.0286747957952002,-0.0286747957952002,-0.0404359739737593,-0.0685573516199221,0.0941606542642283,-0.0685573516199221,thr-0.153_maxday1,202410,research_papers\JEPA\results\event_option_gate_full20_physics_pooled_2024_d50_return_minmonth18_v1
SPXW,20241008,202410,10:30,630,zero_dte,PUT,0.3203708082733961,-0.2991135425559917,0.3203708082733961,0.5,-0.3,-0.3,thr-0.153_maxday1,202410,research_papers\JEPA\results\event_option_gate_full20_physics_pooled_2024_d50_return_minmonth18_v1
SPXW,20241009,202410,10:30,630,zero_dte,PUT,0.2058049339244634,-0.2514871954982586,0.2058049339244634,0.5,-0.3,-0.3,thr-0.153_maxday1,202410,research_papers\JEPA\results\event_option_gate_full20_physics_pooled_2024_d50_return_minmonth18_v1
SPXW,20241010,202410,10:30,630,zero_dte,PUT,-0.0050835833882039,-0.2480118786768868,-0.0050835833882039,-0.3,-0.3,-0.3,thr-0.153_maxday1,202410,research_papers\JEPA\results\event_option_gate_full20_physics_pooled_2024_d50_return_minmonth18_v1
SPXW,20241011,202410,10:30,630,front_weekly,PUT,0.0393528205485177,-0.0805935935009232,0.0393528205485177,-0.171830996661119,0.1133166387609097,0.1133166387609097,thr-0.153_maxday1,202410,research_papers\JEPA\results\event_option_gate_full20_physics_pooled_2024_d50_return_minmonth18_v1
SPXW,20241014,202410,10:30,630,zero_dte,PUT,0.3484257103860572,-0.2999769705675552,0.3484257103860572,-0.3,0.5,0.5,thr-0.153_maxday1,202410,research_papers\JEPA\results\event_option_gate_full20_physics_pooled_2024_d50_return_minmonth18_v1
SPXW,20241015,202410,10:30,630,front_weekly,PUT,-0.0265930115347861,-0.0588347592875551,-0.0265930115347861,-0.3,0.3647686567632735,0.3647686567632735,thr-0.153_maxday1,202410,research_papers\JEPA\results\event_option_gate_full20_physics_pooled_2024_d50_return_minmonth18_v1
SPXW,20241016,202410,10:30,630,zero_dte,CALL,0.2052769155165678,0.2052769155165678,0.0350625978162442,-0.3,0.5,-0.3,thr-0.153_maxday1,202410,research_papers\JEPA\results\event_option_gate_full20_physics_pooled_2024_d50_return_minmonth18_v1
SPXW,20241017,202410,10:30,630,zero_dte,PUT,0.2650605499361779,-0.2999567415363802,0.2650605499361779,-0.3,0.5,0.5,thr-0.153_maxday1,202410,research_papers\JEPA\results\event_option_gate_full20_physics_pooled_2024_d50_return_minmonth18_v1
SPXW,20241018,202410,10:30,630,zero_dte,CALL,0.4332784689041243,0.4332784689041243,0.3669080016153486,0.5,-0.3,0.5,thr-0.153_maxday1,202410,research_papers\JEPA\results\event_option_gate_full20_physics_pooled_2024_d50_return_minmonth18_v1
SPXW,20241021,202410,10:30,630,front_weekly,CALL,0.0186690383699586,0.0186690383699586,-0.093957089681508,-0.3,0.5,-0.3,thr-0.153_maxday1,202410,research_papers\JEPA\results\event_option_gate_full20_physics_pooled_2024_d50_return_minmonth18_v1
SPXW,20241022,202410,10:30,630,zero_dte,CALL,0.2272488989335401,0.2272488989335401,-0.1684146197869293,-0.3,-0.3,-0.3,thr-0.153_maxday1,202410,research_papers\JEPA\results\event_option_gate_full20_physics_pooled_2024_d50_return_minmonth18_v1
SPXW,20241023,202410,10:30,630,front_weekly,PUT,0.0172353953951623,-0.1628939056408215,0.0172353953951623,-0.3,0.5,0.5,thr-0.153_maxday1,202410,research_papers\JEPA\results\event_option_gate_full20_physics_pooled_2024_d50_return_minmonth18_v1
SPXW,20241024,202410,10:30,630,zero_dte,PUT,0.2995059998301853,-0.0986634218183936,0.2995059998301853,-0.3,-0.3,-0.3,thr-0.153_maxday1,202410,research_papers\JEPA\results\event_option_gate_full20_physics_pooled_2024_d50_return_minmonth18_v1
SPXW,20241025,202410,10:30,630,zero_dte,PUT,0.5612441737454406,0.2246515440866294,0.5612441737454406,-0.3,0.5,0.5,thr-0.153_maxday1,202410,research_papers\JEPA\results\event_option_gate_full20_physics_pooled_2024_d50_return_minmonth18_v1
SPXW,20241028,202410,10:30,630,zero_dte,PUT,0.5059093941997205,0.2439318137166503,0.5059093941997205,-0.3,0.5,0.5,thr-0.153_maxday1,202410,research_papers\JEPA\results\event_option_gate_full20_physics_pooled_2024_d50_return_minmonth18_v1
SPXW,20241029,202410,10:35,635,zero_dte,PUT,0.522957853492321,0.2084442795841655,0.522957853492321,-0.3,-0.3,-0.3,thr-0.153_maxday1,202410,research_papers\JEPA\results\event_option_gate_full20_physics_pooled_2024_d50_return_minmonth18_v1
SPXW,20241030,202410,10:30,630,zero_dte,CALL,0.210984472858567,0.210984472858567,0.1012557117282376,-0.3,0.5,-0.3,thr-0.153_maxday1,202410,research_papers\JEPA\results\event_option_gate_full20_physics_pooled_2024_d50_return_minmonth18_v1
SPXW,20241031,202410,10:30,630,front_weekly,PUT,-0.0275611347170819,-0.1706106961978386,-0.0275611347170819,-0.3,0.0239616619259199,0.0239616619259199,thr-0.153_maxday1,202410,research_papers\JEPA\results\event_option_gate_full20_physics_pooled_2024_d50_return_minmonth18_v1
SPXW,20241101,202411,10:30,630,front_weekly,PUT,0.0317411405791686,-0.1058443307962958,0.0317411405791686,-0.1392831993658863,0.1904306222091827,0.1904306222091827,thr-0.021_maxday1,202411,research_papers\JEPA\results\event_option_gate_full20_physics_pooled_2024_d50_return_minmonth18_v1
SPXW,20241104,202411,15:15,915,front_weekly,PUT,-0.0117198738429499,-0.0544914613609011,-0.0117198738429499,-0.0055100928990959,0.0609579231126424,0.0609579231126424,thr-0.021_maxday1,202411,research_papers\JEPA\results\event_option_gate_full20_physics_pooled_2024_d50_return_minmonth18_v1
SPXW,20241105,202411,10:35,635,front_weekly,PUT,-0.0062947194969407,-0.0528339416665038,-0.0062947194969407,0.1303529028799019,-0.0818394368686349,-0.0818394368686349,thr-0.021_maxday1,202411,research_papers\JEPA\results\event_option_gate_full20_physics_pooled_2024_d50_return_minmonth18_v1
SPXW,20241106,202411,10:30,630,front_weekly,PUT,0.0978560285962122,-0.1199362891156047,0.0978560285962122,-0.3,-0.2476190233987475,-0.2476190233987475,thr-0.021_maxday1,202411,research_papers\JEPA\results\event_option_gate_full20_physics_pooled_2024_d50_return_minmonth18_v1
SPXW,20241107,202411,10:30,630,zero_dte,CALL,0.4392573682261491,0.4392573682261491,0.4353382704622889,0.040000025431315,-0.3,0.040000025431315,thr-0.021_maxday1,202411,research_papers\JEPA\results\event_option_gate_full20_physics_pooled_2024_d50_return_minmonth18_v1
SPXW,20241108,202411,10:30,630,zero_dte,CALL,0.0320000289815868,0.0320000289815868,-0.2706412403204628,0.3017751773128887,-0.3,0.3017751773128887,thr-0.021_maxday1,202411,research_papers\JEPA\results\event_option_gate_full20_physics_pooled_2024_d50_return_minmonth18_v1
SPXW,20241111,202411,11:40,700,front_weekly,PUT,-0.0133615715011234,-0.0772189406891126,-0.0133615715011234,-0.2227487937451017,0.2150400390625,0.2150400390625,thr-0.021_maxday1,202411,research_papers\JEPA\results\event_option_gate_full20_physics_pooled_2024_d50_return_minmonth18_v1
SPXW,20241112,202411,10:35,635,front_weekly,PUT,-0.0149843826647595,-0.0728073117409981,-0.0149843826647595,-0.3,0.5,0.5,thr-0.021_maxday1,202411,research_papers\JEPA\results\event_option_gate_full20_physics_pooled_2024_d50_return_minmonth18_v1
SPXW,20241113,202411,11:05,665,zero_dte,PUT,0.2230145075337243,-0.1777131396793158,0.2230145075337243,0.5,-0.3,-0.3,thr-0.021_maxday1,202411,research_papers\JEPA\results\event_option_gate_full20_physics_pooled_2024_d50_return_minmonth18_v1
SPXW,20241115,202411,12:25,745,front_weekly,CALL,-0.0158485113737026,-0.0158485113737026,-0.0417460479161805,-0.0190370046981006,-0.0209944919986619,-0.0190370046981006,thr-0.021_maxday1,202411,research_papers\JEPA\results\event_option_gate_full20_physics_pooled_2024_d50_return_minmonth18_v1
SPXW,20241118,202411,10:35,635,front_weekly,PUT,-0.0177866858918279,-0.1032049893953676,-0.0177866858918279,0.016447431369172,-0.093366072870464,-0.093366072870464,thr-0.021_maxday1,202411,research_papers\JEPA\results\event_option_gate_full20_physics_pooled_2024_d50_return_minmonth18_v1
SPXW,20241119,202411,11:30,690,front_weekly,PUT,-0.0201321496688927,-0.0988814892755052,-0.0201321496688927,0.2299301040756118,-0.225071211757049,-0.225071211757049,thr-0.021_maxday1,202411,research_papers\JEPA\results\event_option_gate_full20_physics_pooled_2024_d50_return_minmonth18_v1
SPXW,20241120,202411,10:30,630,zero_dte,CALL,0.528005432772004,0.528005432772004,-0.2738734858327617,0.5,-0.3,0.5,thr-0.021_maxday1,202411,research_papers\JEPA\results\event_option_gate_full20_physics_pooled_2024_d50_return_minmonth18_v1
SPXW,20241121,202411,10:30,630,front_weekly,PUT,0.0670387472589379,-0.2811772193724697,0.0670387472589379,0.5,-0.3,-0.3,thr-0.021_maxday1,202411,research_papers\JEPA\results\event_option_gate_full20_physics_pooled_2024_d50_return_minmonth18_v1
SPXW,20241122,202411,10:55,655,front_weekly,CALL,0.0079357553870086,0.0079357553870086,-0.0988020514465744,-0.0952381168633629,-0.0544642291506917,-0.0952381168633629,thr-0.021_maxday1,202411,research_papers\JEPA\results\event_option_gate_full20_physics_pooled_2024_d50_return_minmonth18_v1
SPXW,20241126,202411,10:30,630,front_weekly,CALL,-0.0143901843500285,-0.0143901843500285,-0.0973185954737909,0.2018264910175635,-0.3,0.2018264910175635,thr-0.021_maxday1,202411,research_papers\JEPA\results\event_option_gate_full20_physics_pooled_2024_d50_return_minmonth18_v1
SPXW,20241129,202411,10:30,630,zero_dte,CALL,0.4497870781655754,0.4497870781655754,-0.2999806492646398,0.5,-0.3,0.5,thr-0.021_maxday1,202411,research_papers\JEPA\results\event_option_gate_full20_physics_pooled_2024_d50_return_minmonth18_v1
SPXW,20241202,202412,10:30,630,front_weekly,CALL,0.0199542890185282,0.0199542890185282,-0.1094925932071215,0.0351219487384082,-0.1130434782608695,0.0351219487384082,thr-0.074_maxday2,202412,research_papers\JEPA\results\event_option_gate_full20_physics_pooled_2024_d50_return_minmonth18_v1
SPXW,20241202,202412,11:00,660,front_weekly,CALL,0.022040057376628,0.022040057376628,-0.1196398005075319,0.1494252945561733,-0.198245600650185,0.1494252945561733,thr-0.074_maxday2,202412,research_papers\JEPA\results\event_option_gate_full20_physics_pooled_2024_d50_return_minmonth18_v1
SPXW,20241203,202412,10:30,630,front_weekly,CALL,0.033920245715142,0.033920245715142,-0.0876628140862651,0.1610486559621788,-0.3,0.1610486559621788,thr-0.074_maxday2,202412,research_papers\JEPA\results\event_option_gate_full20_physics_pooled_2024_d50_return_minmonth18_v1
SPXW,20241203,202412,11:00,660,front_weekly,CALL,0.0012938964215017,0.0012938964215017,-0.0627191942494286,0.0409188573106082,-0.1629779107540458,0.0409188573106082,thr-0.074_maxday2,202412,research_papers\JEPA\results\event_option_gate_full20_physics_pooled_2024_d50_return_minmonth18_v1
SPXW,20241204,202412,10:30,630,zero_dte,CALL,0.2869350620631533,0.2869350620631533,-0.0985720727685385,0.5,-0.3,0.5,thr-0.074_maxday2,202412,research_papers\JEPA\results\event_option_gate_full20_physics_pooled_2024_d50_return_minmonth18_v1
SPXW,20241204,202412,11:00,660,zero_dte,CALL,0.4243589423699346,0.4243589423699346,-0.0985720727685385,-0.3,-0.3,-0.3,thr-0.074_maxday2,202412,research_papers\JEPA\results\event_option_gate_full20_physics_pooled_2024_d50_return_minmonth18_v1
SPXW,20241205,202412,10:30,630,front_weekly,PUT,0.1668417803003497,-0.3222728169978065,0.1668417803003497,-0.0406686027051409,-0.3,-0.3,thr-0.074_maxday2,202412,research_papers\JEPA\results\event_option_gate_full20_physics_pooled_2024_d50_return_minmonth18_v1
SPXW,20241205,202412,11:00,660,front_weekly,PUT,0.1633867848808337,-0.3225642679088756,0.1633867848808337,0.0707547657852225,-0.3,-0.3,thr-0.074_maxday2,202412,research_papers\JEPA\results\event_option_gate_full20_physics_pooled_2024_d50_return_minmonth18_v1
SPXW,20241206,202412,10:30,630,zero_dte,CALL,0.2850483354033448,0.2850483354033448,-0.2999805978907609,-0.3,0.5,-0.3,thr-0.074_maxday2,202412,research_papers\JEPA\results\event_option_gate_full20_physics_pooled_2024_d50_return_minmonth18_v1
SPXW,20241206,202412,11:00,660,zero_dte,CALL,0.2772738673592807,0.2772738673592807,-0.2147008884108019,-0.3,0.5,-0.3,thr-0.074_maxday2,202412,research_papers\JEPA\results\event_option_gate_full20_physics_pooled_2024_d50_return_minmonth18_v1
SPXW,20241209,202412,10:30,630,zero_dte,PUT,0.0975108200359131,-0.2599091347857834,0.0975108200359131,-0.3,0.5,0.5,thr-0.074_maxday2,202412,research_papers\JEPA\results\event_option_gate_full20_physics_pooled_2024_d50_return_minmonth18_v1
SPXW,20241209,202412,11:00,660,zero_dte,PUT,-0.0331997402163052,-0.2599091347857834,-0.0331997402163052,-0.3,0.5,0.5,thr-0.074_maxday2,202412,research_papers\JEPA\results\event_option_gate_full20_physics_pooled_2024_d50_return_minmonth18_v1
SPXW,20241210,202412,10:30,630,front_weekly,CALL,-0.037833864051506,-0.037833864051506,-0.0391265864840844,-0.1796875122236085,0.0810810439279559,-0.1796875122236085,thr-0.074_maxday2,202412,research_papers\JEPA\results\event_option_gate_full20_physics_pooled_2024_d50_return_minmonth18_v1
SPXW,20241210,202412,11:00,660,front_weekly,CALL,-0.0428575481714465,-0.0428575481714465,-0.081343491499326,-0.1955354007919715,0.1263110086282084,-0.1955354007919715,thr-0.074_maxday2,202412,research_papers\JEPA\results\event_option_gate_full20_physics_pooled_2024_d50_return_minmonth18_v1
SPXW,20241211,202412,10:30,630,zero_dte,CALL,0.2773166556790274,0.2773166556790274,-0.2999805978907609,0.5,-0.3,0.5,thr-0.074_maxday2,202412,research_papers\JEPA\results\event_option_gate_full20_physics_pooled_2024_d50_return_minmonth18_v1
SPXW,20241211,202412,11:00,660,zero_dte,CALL,0.2773746374897476,0.2773746374897476,-0.2147008884108019,0.5,-0.3,0.5,thr-0.074_maxday2,202412,research_papers\JEPA\results\event_option_gate_full20_physics_pooled_2024_d50_return_minmonth18_v1
SPXW,20241212,202412,10:30,630,front_weekly,PUT,0.1001276449248733,-0.2307687083106621,0.1001276449248733,-0.1000000282570168,-0.0583333174387613,-0.0583333174387613,thr-0.074_maxday2,202412,research_papers\JEPA\results\event_option_gate_full20_physics_pooled_2024_d50_return_minmonth18_v1
SPXW,20241212,202412,11:00,660,front_weekly,PUT,0.1007755965819121,-0.2289151640918755,0.1007755965819121,-0.3,0.5,0.5,thr-0.074_maxday2,202412,research_papers\JEPA\results\event_option_gate_full20_physics_pooled_2024_d50_return_minmonth18_v1
SPXW,20241213,202412,10:30,630,front_weekly,CALL,-0.0441446697091935,-0.0441446697091935,-0.1200264226214949,-0.1691813971846308,0.3066920350683551,-0.1691813971846308,thr-0.074_maxday2,202412,research_papers\JEPA\results\event_option_gate_full20_physics_pooled_2024_d50_return_minmonth18_v1
SPXW,20241213,202412,11:00,660,zero_dte,PUT,-0.0364535070479539,-0.2999778769835265,-0.0364535070479539,0.5,-0.3,-0.3,thr-0.074_maxday2,202412,research_papers\JEPA\results\event_option_gate_full20_physics_pooled_2024_d50_return_minmonth18_v1
SPXW,20241216,202412,10:30,630,zero_dte,CALL,0.4536448329393827,0.4536448329393827,-0.2147008884108019,0.5,-0.3,0.5,thr-0.074_maxday2,202412,research_papers\JEPA\results\event_option_gate_full20_physics_pooled_2024_d50_return_minmonth18_v1
SPXW,20241216,202412,11:00,660,zero_dte,CALL,0.4892351325552269,0.4892351325552269,-0.2999805978907609,-0.3,-0.3,-0.3,thr-0.074_maxday2,202412,research_papers\JEPA\results\event_option_gate_full20_physics_pooled_2024_d50_return_minmonth18_v1
SPXW,20241217,202412,10:30,630,zero_dte,PUT,-0.0331997402163052,-0.2999778769835265,-0.0331997402163052,0.5,-0.3,-0.3,thr-0.074_maxday2,202412,research_papers\JEPA\results\event_option_gate_full20_physics_pooled_2024_d50_return_minmonth18_v1
SPXW,20241217,202412,11:00,660,front_weekly,CALL,-0.0035948833278133,-0.0035948833278133,-0.0844549043567126,0.0166666666666666,-0.089041076875981,0.0166666666666666,thr-0.074_maxday2,202412,research_papers\JEPA\results\event_option_gate_full20_physics_pooled_2024_d50_return_minmonth18_v1
SPXW,20241218,202412,10:35,635,front_weekly,PUT,-0.0672612358502665,-0.103796414193692,-0.0672612358502665,-0.0446204259667354,0.0179407567383564,0.0179407567383564,thr-0.074_maxday2,202412,research_papers\JEPA\results\event_option_gate_full20_physics_pooled_2024_d50_return_minmonth18_v1
SPXW,20241218,202412,11:05,665,front_weekly,CALL,-0.0661622150878226,-0.0661622150878226,-0.1010789250551132,-0.3,0.360305330118553,-0.3,thr-0.074_maxday2,202412,research_papers\JEPA\results\event_option_gate_full20_physics_pooled_2024_d50_return_minmonth18_v1
SPXW,20241219,202412,10:30,630,front_weekly,PUT,0.1648042681381254,-0.3300585812781286,0.1648042681381254,-0.0608695209890172,-0.3,-0.3,thr-0.074_maxday2,202412,research_papers\JEPA\results\event_option_gate_full20_physics_pooled_2024_d50_return_minmonth18_v1
SPXW,20241219,202412,11:00,660,front_weekly,PUT,0.0269994719901869,-0.2324993825913731,0.0269994719901869,-0.3,-0.3,-0.3,thr-0.074_maxday2,202412,research_papers\JEPA\results\event_option_gate_full20_physics_pooled_2024_d50_return_minmonth18_v1
SPXW,20241220,202412,10:30,630,zero_dte,PUT,0.2278848114590692,-0.2999778769835265,0.2278848114590692,0.5,-0.3,-0.3,thr-0.074_maxday2,202412,research_papers\JEPA\results\event_option_gate_full20_physics_pooled_2024_d50_return_minmonth18_v1
SPXW,20241220,202412,11:00,660,zero_dte,PUT,0.2278848114590692,-0.2999778769835265,0.2278848114590692,0.5,-0.3,-0.3,thr-0.074_maxday2,202412,research_papers\JEPA\results\event_option_gate_full20_physics_pooled_2024_d50_return_minmonth18_v1
SPXW,20241223,202412,11:40,700,front_weekly,PUT,0.0514185555103896,-0.1411137207027329,0.0514185555103896,0.2949641289061933,-0.3,-0.3,thr-0.074_maxday2,202412,research_papers\JEPA\results\event_option_gate_full20_physics_pooled_2024_d50_return_minmonth18_v1
SPXW,20241223,202412,12:10,730,front_weekly,PUT,0.0740901643735504,-0.1609919906451756,0.0740901643735504,0.0181818143604333,-0.3,-0.3,thr-0.074_maxday2,202412,research_papers\JEPA\results\event_option_gate_full20_physics_pooled_2024_d50_return_minmonth18_v1
SPXW,20241224,202412,10:30,630,front_weekly,CALL,-0.0399977076312126,-0.0399977076312126,-0.1075298538389115,0.5,-0.3,0.5,thr-0.074_maxday2,202412,research_papers\JEPA\results\event_option_gate_full20_physics_pooled_2024_d50_return_minmonth18_v1
SPXW,20241224,202412,11:00,660,front_weekly,CALL,-0.0666623362039564,-0.0666623362039564,-0.0753949712233679,0.5,-0.3,0.5,thr-0.074_maxday2,202412,research_papers\JEPA\results\event_option_gate_full20_physics_pooled_2024_d50_return_minmonth18_v1
SPXW,20241226,202412,10:30,630,front_weekly,PUT,0.0452490755916011,-0.0720219778000638,0.0452490755916011,0.5,-0.3,-0.3,thr-0.074_maxday2,202412,research_papers\JEPA\results\event_option_gate_full20_physics_pooled_2024_d50_return_minmonth18_v1
SPXW,20241226,202412,11:00,660,front_weekly,PUT,0.0546211167356069,-0.0937102702992373,0.0546211167356069,0.5,-0.3,-0.3,thr-0.074_maxday2,202412,research_papers\JEPA\results\event_option_gate_full20_physics_pooled_2024_d50_return_minmonth18_v1
SPXW,20241227,202412,10:30,630,zero_dte,PUT,0.464615761599839,-0.2999778769835265,0.464615761599839,0.5,-0.3,-0.3,thr-0.074_maxday2,202412,research_papers\JEPA\results\event_option_gate_full20_physics_pooled_2024_d50_return_minmonth18_v1
SPXW,20241227,202412,11:00,660,zero_dte,PUT,0.3806445447058428,-0.0529841025858111,0.3806445447058428,-0.3,0.5,0.5,thr-0.074_maxday2,202412,research_papers\JEPA\results\event_option_gate_full20_physics_pooled_2024_d50_return_minmonth18_v1
SPXW,20241230,202412,10:30,630,zero_dte,PUT,0.3965871086911907,-0.2999778769835265,0.3965871086911907,0.5,-0.3,-0.3,thr-0.074_maxday2,202412,research_papers\JEPA\results\event_option_gate_full20_physics_pooled_2024_d50_return_minmonth18_v1
SPXW,20241230,202412,11:40,700,zero_dte,PUT,0.4444859415781033,-0.2999778769835265,0.4444859415781033,0.5,-0.3,-0.3,thr-0.074_maxday2,202412,research_papers\JEPA\results\event_option_gate_full20_physics_pooled_2024_d50_return_minmonth18_v1
SPXW,20241231,202412,10:30,630,zero_dte,PUT,0.10004962402328,-0.2943862538063215,0.10004962402328,-0.3,0.5,0.5,thr-0.074_maxday2,202412,research_papers\JEPA\results\event_option_gate_full20_physics_pooled_2024_d50_return_minmonth18_v1
SPXW,20241231,202412,11:00,660,zero_dte,PUT,0.0454129399731025,-0.2999778769835265,0.0454129399731025,-0.3,0.5,0.5,thr-0.074_maxday2,202412,research_papers\JEPA\results\event_option_gate_full20_physics_pooled_2024_d50_return_minmonth18_v1
SPXW,20250102,202501,10:30,630,front_weekly,PUT,0.0022230570095762,-0.2305046574930732,0.0022230570095762,-0.3,0.5,0.5,thr-0.020_maxday1,202501,research_papers\JEPA\results\event_option_variant_streams_full20_2025_2026_v1\d50ret
SPXW,20250103,202501,10:35,635,front_weekly,PUT,0.0451705164639938,-0.070499585399897,0.0451705164639938,0.1832599487242505,-0.2858617558456789,-0.2858617558456789,thr-0.020_maxday1,202501,research_papers\JEPA\results\event_option_variant_streams_full20_2025_2026_v1\d50ret
SPXW,20250106,202501,10:30,630,front_weekly,PUT,0.1135545147570792,-0.1212650899817725,0.1135545147570792,-0.3,0.1907780630067046,0.1907780630067046,thr-0.020_maxday1,202501,research_papers\JEPA\results\event_option_variant_streams_full20_2025_2026_v1\d50ret
SPXW,20250107,202501,10:30,630,front_weekly,PUT,0.1163099951100625,-0.1257098777272886,0.1163099951100625,-0.3,0.5,0.5,thr-0.020_maxday1,202501,research_papers\JEPA\results\event_option_variant_streams_full20_2025_2026_v1\d50ret
SPXW,20250108,202501,10:30,630,front_weekly,PUT,0.042911160380562,-0.0953376296152836,0.042911160380562,0.2838801991304667,-0.3,-0.3,thr-0.020_maxday1,202501,research_papers\JEPA\results\event_option_variant_streams_full20_2025_2026_v1\d50ret
SPXW,20250110,202501,11:05,665,front_weekly,PUT,0.0784336787622435,-0.0179502482715424,0.0784336787622435,0.3592199322803304,-0.3,-0.3,thr-0.020_maxday1,202501,research_papers\JEPA\results\event_option_variant_streams_full20_2025_2026_v1\d50ret
SPXW,20250113,202501,10:40,640,front_weekly,PUT,0.075334790434232,-0.0765487076448764,0.075334790434232,0.0927021832783687,-0.1812615699361937,-0.1812615699361937,thr-0.020_maxday1,202501,research_papers\JEPA\results\event_option_variant_streams_full20_2025_2026_v1\d50ret
SPXW,20250114,202501,10:30,630,front_weekly,PUT,0.0623077919455395,-0.0535140464404603,0.0623077919455395,-0.3,0.5,0.5,thr-0.020_maxday1,202501,research_papers\JEPA\results\event_option_variant_streams_full20_2025_2026_v1\d50ret
SPXW,20250115,202501,10:30,630,front_weekly,PUT,0.1723182147778359,-0.1909940144414691,0.1723182147778359,-0.3,-0.0898648585517359,-0.0898648585517359,thr-0.020_maxday1,202501,research_papers\JEPA\results\event_option_variant_streams_full20_2025_2026_v1\d50ret
SPXW,20250116,202501,10:35,635,front_weekly,PUT,0.0114557753126098,-0.2527959586614376,0.0114557753126098,-0.1497975971114556,-0.3,-0.3,thr-0.020_maxday1,202501,research_papers\JEPA\results\event_option_variant_streams_full20_2025_2026_v1\d50ret
SPXW,20250117,202501,10:30,630,front_weekly,PUT,0.1026705259318455,-0.1388567434930122,0.1026705259318455,0.3459324655334452,-0.2007547054650649,-0.2007547054650649,thr-0.020_maxday1,202501,research_papers\JEPA\results\event_option_variant_streams_full20_2025_2026_v1\d50ret
SPXW,20250121,202501,10:30,630,front_weekly,PUT,0.0377817071240298,-0.0718215621385295,0.0377817071240298,0.3101449496504189,-0.3,-0.3,thr-0.020_maxday1,202501,research_papers\JEPA\results\event_option_variant_streams_full20_2025_2026_v1\d50ret
SPXW,20250122,202501,10:30,630,zero_dte,CALL,0.2734423624130331,0.2734423624130331,-0.0688715485860999,0.5,-0.3,0.5,thr-0.020_maxday1,202501,research_papers\JEPA\results\event_option_variant_streams_full20_2025_2026_v1\d50ret
SPXW,20250123,202501,10:30,630,zero_dte,PUT,0.2156739833612679,-0.1202963915407373,0.2156739833612679,0.5,-0.3,-0.3,thr-0.020_maxday1,202501,research_papers\JEPA\results\event_option_variant_streams_full20_2025_2026_v1\d50ret
SPXW,20250124,202501,10:30,630,front_weekly,PUT,0.082120298322813,-0.09754049258276,0.082120298322813,-0.1090909117551138,0.0982801479071582,0.0982801479071582,thr-0.020_maxday1,202501,research_papers\JEPA\results\event_option_variant_streams_full20_2025_2026_v1\d50ret
SPXW,20250127,202501,10:30,630,front_weekly,PUT,0.1337167982639775,-0.1330460189636967,0.1337167982639775,-0.174809975470792,0.3417289788189437,0.3417289788189437,thr-0.020_maxday1,202501,research_papers\JEPA\results\event_option_variant_streams_full20_2025_2026_v1\d50ret
SPXW,20250128,202501,10:30,630,zero_dte,CALL,0.1631080978571381,0.1631080978571381,-0.1172971253219897,-0.3,-0.3,-0.3,thr-0.020_maxday1,202501,research_papers\JEPA\results\event_option_variant_streams_full20_2025_2026_v1\d50ret
SPXW,20250129,202501,10:30,630,front_weekly,PUT,0.0552161870078275,-0.0212312580168181,0.0552161870078275,-0.0473537796847721,0.2530401237560842,0.2530401237560842,thr-0.020_maxday1,202501,research_papers\JEPA\results\event_option_variant_streams_full20_2025_2026_v1\d50ret
SPXW,20250130,202501,10:30,630,front_weekly,PUT,-0.0185352815981254,-0.2645907428010263,-0.0185352815981254,0.2775329967101179,-0.3,-0.3,thr-0.020_maxday1,202501,research_papers\JEPA\results\event_option_variant_streams_full20_2025_2026_v1\d50ret
SPXW,20250131,202501,10:30,630,zero_dte,CALL,0.387378280323934,0.387378280323934,-0.1172971253219896,-0.3,-0.3,-0.3,thr-0.020_maxday1,202501,research_papers\JEPA\results\event_option_variant_streams_full20_2025_2026_v1\d50ret
SPXW,20250203,202502,10:30,630,front_weekly,PUT,-0.0065992145256831,-0.0310724452755891,-0.0065992145256831,0.2542171369012274,-0.0076458966253899,-0.0076458966253899,thr-0.095_maxday2,202502,research_papers\JEPA\results\event_option_variant_streams_full20_2025_2026_v1\d50ret
SPXW,20250203,202502,11:00,660,front_weekly,CALL,-0.0158103402913811,-0.0158103402913811,-0.0169827876456117,0.0875123086818612,-0.0801131020004042,0.0875123086818612,thr-0.095_maxday2,202502,research_papers\JEPA\results\event_option_variant_streams_full20_2025_2026_v1\d50ret
SPXW,20250204,202502,10:30,630,front_weekly,CALL,-0.0086681539725164,-0.0086681539725164,-0.0538818006066205,-0.0117647058823529,-0.168490167054522,-0.0117647058823529,thr-0.095_maxday2,202502,research_papers\JEPA\results\event_option_variant_streams_full20_2025_2026_v1\d50ret
SPXW,20250204,202502,11:00,660,front_weekly,CALL,0.0184755873062683,0.0184755873062683,-0.0681064676978891,-0.0351893491616926,-0.0980952126639229,-0.0351893491616926,thr-0.095_maxday2,202502,research_papers\JEPA\results\event_option_variant_streams_full20_2025_2026_v1\d50ret
SPXW,20250205,202502,10:30,630,front_weekly,CALL,0.0276403972619851,0.0276403972619851,-0.0867740585334177,0.2283537150209407,-0.3,0.2283537150209407,thr-0.095_maxday2,202502,research_papers\JEPA\results\event_option_variant_streams_full20_2025_2026_v1\d50ret
SPXW,20250205,202502,11:00,660,front_weekly,CALL,0.0428505174488464,0.0428505174488464,-0.0765238501443916,0.3661538931039663,-0.3,0.3661538931039663,thr-0.095_maxday2,202502,research_papers\JEPA\results\event_option_variant_streams_full20_2025_2026_v1\d50ret
SPXW,20250206,202502,10:30,630,front_weekly,CALL,-0.0738217713652389,-0.0738217713652389,-0.194815929354205,0.0946051635461979,-0.1969937228765864,0.0946051635461979,thr-0.095_maxday2,202502,research_papers\JEPA\results\event_option_variant_streams_full20_2025_2026_v1\d50ret
SPXW,20250206,202502,11:00,660,front_weekly,CALL,-0.0254429640123608,-0.0254429640123608,-0.2425153981115423,0.0475793547811882,-0.1180981569293032,0.0475793547811882,thr-0.095_maxday2,202502,research_papers\JEPA\results\event_option_variant_streams_full20_2025_2026_v1\d50ret
SPXW,20250207,202502,10:30,630,front_weekly,CALL,0.0015826330058772,0.0015826330058772,-0.0831112875135884,-0.0617253713663443,0.5,-0.0617253713663443,thr-0.095_maxday2,202502,research_papers\JEPA\results\event_option_variant_streams_full20_2025_2026_v1\d50ret
SPXW,20250207,202502,11:00,660,front_weekly,CALL,0.0008094516839018,0.0008094516839018,-0.0762566985476449,-0.1919906096443273,0.247033465801135,-0.1919906096443273,thr-0.095_maxday2,202502,research_papers\JEPA\results\event_option_variant_streams_full20_2025_2026_v1\d50ret
SPXW,20250210,202502,10:30,630,front_weekly,CALL,-0.0377300777183991,-0.0377300777183991,-0.0888615718725528,-0.0611701949574163,-0.0322324782314076,-0.0611701949574163,thr-0.095_maxday2,202502,research_papers\JEPA\results\event_option_variant_streams_full20_2025_2026_v1\d50ret
SPXW,20250210,202502,11:00,660,front_weekly,CALL,-0.0126092490744,-0.0126092490744,-0.097980259418374,-0.0483870264808191,-0.0270270270270269,-0.0483870264808191,thr-0.095_maxday2,202502,research_papers\JEPA\results\event_option_variant_streams_full20_2025_2026_v1\d50ret
SPXW,20250211,202502,10:30,630,front_weekly,PUT,-0.0006472346878227,-0.1122021461519545,-0.0006472346878227,-0.0372671035561151,-0.0345821007252706,-0.0345821007252706,thr-0.095_maxday2,202502,research_papers\JEPA\results\event_option_variant_streams_full20_2025_2026_v1\d50ret
SPXW,20250211,202502,11:00,660,front_weekly,PUT,0.0017863698995525,-0.0984832784664231,0.0017863698995525,-0.0308916982528261,-0.0349253184759794,-0.0349253184759794,thr-0.095_maxday2,202502,research_papers\JEPA\results\event_option_variant_streams_full20_2025_2026_v1\d50ret
SPXW,20250212,202502,10:30,630,front_weekly,CALL,-0.0441257152390574,-0.0441257152390574,-0.066447706817808,0.5,-0.3,0.5,thr-0.095_maxday2,202502,research_papers\JEPA\results\event_option_variant_streams_full20_2025_2026_v1\d50ret
SPXW,20250212,202502,11:00,660,front_weekly,PUT,-0.0588778010509197,-0.0661065600158763,-0.0588778010509197,-0.3,-0.3,-0.3,thr-0.095_maxday2,202502,research_papers\JEPA\results\event_option_variant_streams_full20_2025_2026_v1\d50ret
SPXW,20250213,202502,10:40,640,zero_dte,PUT,0.0296540547665305,-0.3006853831417094,0.0296540547665305,-0.3,0.5,0.5,thr-0.095_maxday2,202502,research_papers\JEPA\results\event_option_variant_streams_full20_2025_2026_v1\d50ret
SPXW,20250213,202502,11:10,670,zero_dte,PUT,0.0296540547665305,-0.30059495853718,0.0296540547665305,-0.3,0.5,0.5,thr-0.095_maxday2,202502,research_papers\JEPA\results\event_option_variant_streams_full20_2025_2026_v1\d50ret
SPXW,20250214,202502,10:30,630,front_weekly,CALL,0.0263869095830121,0.0263869095830121,-0.0906954186946815,-0.0956386186399059,-0.0019634723204653,-0.0956386186399059,thr-0.095_maxday2,202502,research_papers\JEPA\results\event_option_variant_streams_full20_2025_2026_v1\d50ret
SPXW,20250214,202502,11:00,660,front_weekly,CALL,0.0139565762584061,0.0139565762584061,-0.0770832701243003,-0.0398671344761245,-0.049860697136464,-0.0398671344761245,thr-0.095_maxday2,202502,research_papers\JEPA\results\event_option_variant_streams_full20_2025_2026_v1\d50ret
SPXW,20250218,202502,10:30,630,front_weekly,PUT,0.0422230131311938,-0.1368320798751681,0.0422230131311938,-0.0984743459626178,-0.1693356441603646,-0.1693356441603646,thr-0.095_maxday2,202502,research_papers\JEPA\results\event_option_variant_streams_full20_2025_2026_v1\d50ret
SPXW,20250218,202502,11:00,660,front_weekly,PUT,-0.0050878058943802,-0.0149448624827358,-0.0050878058943802,-0.2033962033829599,0.0611510718561689,0.0611510718561689,thr-0.095_maxday2,202502,research_papers\JEPA\results\event_option_variant_streams_full20_2025_2026_v1\d50ret
SPXW,20250219,202502,10:30,630,front_weekly,CALL,0.0246797157620325,0.0246797157620325,-0.0768281346512336,0.2723214502389337,-0.3,0.2723214502389337,thr-0.095_maxday2,202502,research_papers\JEPA\results\event_option_variant_streams_full20_2025_2026_v1\d50ret
SPXW,20250219,202502,11:00,660,zero_dte,PUT,0.2006972023256251,-0.2927877359832364,0.2006972023256251,0.5,-0.3,-0.3,thr-0.095_maxday2,202502,research_papers\JEPA\results\event_option_variant_streams_full20_2025_2026_v1\d50ret
SPXW,20250220,202502,10:50,650,front_weekly,PUT,-0.0620746979298384,-0.1722126961725146,-0.0620746979298384,-0.0023585444627242,-0.3,-0.3,thr-0.095_maxday2,202502,research_papers\JEPA\results\event_option_variant_streams_full20_2025_2026_v1\d50ret
SPXW,20250220,202502,11:20,680,front_weekly,PUT,-0.004105784594249,-0.1821350010596019,-0.004105784594249,0.2510638135544798,-0.3,-0.3,thr-0.095_maxday2,202502,research_papers\JEPA\results\event_option_variant_streams_full20_2025_2026_v1\d50ret
SPXW,20250221,202502,10:30,630,front_weekly,CALL,0.0188575144038607,0.0188575144038607,-0.0489327122866561,-0.3,0.5,-0.3,thr-0.095_maxday2,202502,research_papers\JEPA\results\event_option_variant_streams_full20_2025_2026_v1\d50ret
SPXW,20250221,202502,11:00,660,front_weekly,CALL,0.0119254420167449,0.0119254420167449,-0.0428540805279478,-0.3,0.5,-0.3,thr-0.095_maxday2,202502,research_papers\JEPA\results\event_option_variant_streams_full20_2025_2026_v1\d50ret
SPXW,20250224,202502,10:55,655,front_weekly,CALL,0.0460906019992926,0.0460906019992926,-0.0742367079874045,0.3795179793074126,-0.3,0.3795179793074126,thr-0.095_maxday2,202502,research_papers\JEPA\results\event_option_variant_streams_full20_2025_2026_v1\d50ret
SPXW,20250225,202502,10:30,630,front_weekly,PUT,-0.0017244549279552,-0.0086088565623543,-0.0017244549279552,0.1965714227585566,-0.3,-0.3,thr-0.095_maxday2,202502,research_papers\JEPA\results\event_option_variant_streams_full20_2025_2026_v1\d50ret
SPXW,20250225,202502,11:00,660,front_weekly,CALL,0.0121833081168943,0.0121833081168943,-0.0378569543435007,0.2619047245520269,-0.3,0.2619047245520269,thr-0.095_maxday2,202502,research_papers\JEPA\results\event_option_variant_streams_full20_2025_2026_v1\d50ret
SPXW,20250226,202502,10:30,630,front_weekly,PUT,0.0234353811652388,-0.0908291112859734,0.0234353811652388,-0.3,0.5,0.5,thr-0.095_maxday2,202502,research_papers\JEPA\results\event_option_variant_streams_full20_2025_2026_v1\d50ret
SPXW,20250226,202502,11:00,660,front_weekly,PUT,0.0305500980064147,-0.1343654827039079,0.0305500980064147,-0.3,0.5,0.5,thr-0.095_maxday2,202502,research_papers\JEPA\results\event_option_variant_streams_full20_2025_2026_v1\d50ret
SPXW,20250227,202502,14:30,870,zero_dte,CALL,0.1680865712982354,0.1680865712982354,-0.2999805021543796,-0.3,0.5,-0.3,thr-0.095_maxday2,202502,research_papers\JEPA\results\event_option_variant_streams_full20_2025_2026_v1\d50ret
SPXW,20250227,202502,15:00,900,front_weekly,CALL,-0.0775621081208332,-0.0775621081208332,-0.1208718690803505,-0.3,0.5,-0.3,thr-0.095_maxday2,202502,research_papers\JEPA\results\event_option_variant_streams_full20_2025_2026_v1\d50ret
SPXW,20250228,202502,10:30,630,front_weekly,CALL,0.0109857630356064,0.0109857630356064,-0.0521330857980722,-0.3,0.4595003341686201,-0.3,thr-0.095_maxday2,202502,research_papers\JEPA\results\event_option_variant_streams_full20_2025_2026_v1\d50ret
SPXW,20250228,202502,11:00,660,front_weekly,CALL,0.0118574739085829,0.0118574739085829,-0.0592944570935111,-0.2960412633384734,0.5,-0.2960412633384734,thr-0.095_maxday2,202502,research_papers\JEPA\results\event_option_variant_streams_full20_2025_2026_v1\d50ret
SPXW,20250303,202503,11:40,700,front_weekly,PUT,-0.0279303618878016,-0.0343955494815324,-0.0279303618878016,-0.1429824829101562,0.1006744938079999,0.1006744938079999,thr-0.036_maxday4,202503,research_papers\JEPA\results\event_option_variant_streams_full20_2025_2026_v1\d50ret
SPXW,20250303,202503,13:00,780,front_weekly,PUT,0.0018033259453828,-0.0421195160714456,0.0018033259453828,-0.3,0.5,0.5,thr-0.036_maxday4,202503,research_papers\JEPA\results\event_option_variant_streams_full20_2025_2026_v1\d50ret
SPXW,20250303,202503,13:30,810,front_weekly,CALL,-0.0163668557316366,-0.0163668557316366,-0.0542083337878683,-0.3,0.5,-0.3,thr-0.036_maxday4,202503,research_papers\JEPA\results\event_option_variant_streams_full20_2025_2026_v1\d50ret
SPXW,20250303,202503,14:00,840,front_weekly,PUT,-0.0246282003894484,-0.0544682287552578,-0.0246282003894484,-0.3,0.5,0.5,thr-0.036_maxday4,202503,research_papers\JEPA\results\event_option_variant_streams_full20_2025_2026_v1\d50ret
SPXW,20250304,202503,11:10,670,zero_dte,CALL,0.4751976449397819,0.4751976449397819,-0.2468862013632129,0.5,-0.3,0.5,thr-0.036_maxday4,202503,research_papers\JEPA\results\event_option_variant_streams_full20_2025_2026_v1\d50ret
SPXW,20250304,202503,13:10,790,zero_dte,CALL,0.4480000219017798,0.4480000219017798,-0.2999805021543796,-0.3,0.5,-0.3,thr-0.036_maxday4,202503,research_papers\JEPA\results\event_option_variant_streams_full20_2025_2026_v1\d50ret
SPXW,20250304,202503,13:45,825,zero_dte,CALL,0.4480000219017798,0.4480000219017798,-0.2999805021543796,0.5,-0.3,0.5,thr-0.036_maxday4,202503,research_papers\JEPA\results\event_option_variant_streams_full20_2025_2026_v1\d50ret
SPXW,20250304,202503,14:15,855,zero_dte,CALL,0.4675963121018687,0.4675963121018687,-0.2999805021543796,0.5,-0.3,0.5,thr-0.036_maxday4,202503,research_papers\JEPA\results\event_option_variant_streams_full20_2025_2026_v1\d50ret
SPXW,20250305,202503,11:05,665,front_weekly,PUT,-0.0177876142315104,-0.087082396722989,-0.0177876142315104,0.3718860752216206,-0.3,-0.3,thr-0.036_maxday4,202503,research_papers\JEPA\results\event_option_variant_streams_full20_2025_2026_v1\d50ret
SPXW,20250305,202503,11:35,695,front_weekly,PUT,-0.012210942803367,-0.0775458901739071,-0.012210942803367,0.5,-0.3,-0.3,thr-0.036_maxday4,202503,research_papers\JEPA\results\event_option_variant_streams_full20_2025_2026_v1\d50ret
SPXW,20250305,202503,12:30,750,front_weekly,PUT,-0.0026596066244188,-0.1126271092641259,-0.0026596066244188,0.5,-0.3,-0.3,thr-0.036_maxday4,202503,research_papers\JEPA\results\event_option_variant_streams_full20_2025_2026_v1\d50ret
SPXW,20250305,202503,13:00,780,front_weekly,PUT,-0.0217167525591951,-0.0630867474436148,-0.0217167525591951,0.1727940707264488,-0.3,-0.3,thr-0.036_maxday4,202503,research_papers\JEPA\results\event_option_variant_streams_full20_2025_2026_v1\d50ret
SPXW,20250306,202503,10:40,640,front_weekly,CALL,-0.0348738013552764,-0.0348738013552764,-0.2030477670212698,-0.3,0.5,-0.3,thr-0.036_maxday4,202503,research_papers\JEPA\results\event_option_variant_streams_full20_2025_2026_v1\d50ret
SPXW,20250306,202503,11:10,670,front_weekly,CALL,-0.0280289667372038,-0.0280289667372038,-0.1758623915299743,-0.3,0.5,-0.3,thr-0.036_maxday4,202503,research_papers\JEPA\results\event_option_variant_streams_full20_2025_2026_v1\d50ret
SPXW,20250307,202503,10:30,630,front_weekly,PUT,0.0020707473440498,-0.0438405238530431,0.0020707473440498,0.1113908929320786,-4.612693149663728e-08,-4.612693149663728e-08,thr-0.036_maxday4,202503,research_papers\JEPA\results\event_option_variant_streams_full20_2025_2026_v1\d50ret
SPXW,20250307,202503,11:00,660,front_weekly,PUT,0.0418592840421374,-0.0568042385513164,0.0418592840421374,0.2850904309308499,-0.2504211889304741,-0.2504211889304741,thr-0.036_maxday4,202503,research_papers\JEPA\results\event_option_variant_streams_full20_2025_2026_v1\d50ret
SPXW,20250307,202503,11:30,690,front_weekly,PUT,0.0535824861502396,-0.0839196098193319,0.0535824861502396,0.5,-0.3,-0.3,thr-0.036_maxday4,202503,research_papers\JEPA\results\event_option_variant_streams_full20_2025_2026_v1\d50ret
SPXW,20250307,202503,12:00,720,front_weekly,PUT,0.0330073281865154,-0.0719605874819088,0.0330073281865154,0.5,-0.3,-0.3,thr-0.036_maxday4,202503,research_papers\JEPA\results\event_option_variant_streams_full20_2025_2026_v1\d50ret
SPXW,20250310,202503,10:30,630,front_weekly,PUT,0.0132535096364936,-0.060523356581647,0.0132535096364936,-0.2534380990286436,0.2025157040769949,0.2025157040769949,thr-0.036_maxday4,202503,research_papers\JEPA\results\event_option_variant_streams_full20_2025_2026_v1\d50ret
SPXW,20250310,202503,11:00,660,front_weekly,PUT,0.012733518392735,-0.0675917706464889,0.012733518392735,-0.2207165944848076,0.2432952522805702,0.2432952522805702,thr-0.036_maxday4,202503,research_papers\JEPA\results\event_option_variant_streams_full20_2025_2026_v1\d50ret
SPXW,20250310,202503,11:30,690,front_weekly,PUT,0.0476785674980793,-0.0941213267039266,0.0476785674980793,-0.3,0.3511501659832063,0.3511501659832063,thr-0.036_maxday4,202503,research_papers\JEPA\results\event_option_variant_streams_full20_2025_2026_v1\d50ret
SPXW,20250310,202503,12:00,720,front_weekly,PUT,0.0102019715776076,-0.0700174399283282,0.0102019715776076,-0.3,0.4528301886792452,0.4528301886792452,thr-0.036_maxday4,202503,research_papers\JEPA\results\event_option_variant_streams_full20_2025_2026_v1\d50ret
SPXW,20250311,202503,10:30,630,front_weekly,PUT,-0.0115791469335536,-0.0945436930211934,-0.0115791469335536,-0.2557813649655416,0.2810964325731631,0.2810964325731631,thr-0.036_maxday4,202503,research_papers\JEPA\results\event_option_variant_streams_full20_2025_2026_v1\d50ret
SPXW,20250311,202503,11:00,660,front_weekly,PUT,-0.0228655891700581,-0.0807802275016158,-0.0228655891700581,-0.0735090023413563,-0.3,-0.3,thr-0.036_maxday4,202503,research_papers\JEPA\results\event_option_variant_streams_full20_2025_2026_v1\d50ret
SPXW,20250311,202503,12:10,730,front_weekly,PUT,-0.0144233344805251,-0.0820053201365768,-0.0144233344805251,0.1455603504257496,-0.3,-0.3,thr-0.036_maxday4,202503,research_papers\JEPA\results\event_option_variant_streams_full20_2025_2026_v1\d50ret
SPXW,20250311,202503,12:40,760,front_weekly,PUT,0.010363720766219,-0.0818840111127425,0.010363720766219,0.2998522748639796,-0.3,-0.3,thr-0.036_maxday4,202503,research_papers\JEPA\results\event_option_variant_streams_full20_2025_2026_v1\d50ret
SPXW,20250312,202503,10:35,635,zero_dte,PUT,0.2112134402420154,-0.1921772465977314,0.2112134402420154,-0.3,0.5,0.5,thr-0.036_maxday4,202503,research_papers\JEPA\results\event_option_variant_streams_full20_2025_2026_v1\d50ret
SPXW,20250312,202503,11:05,665,front_weekly,PUT,-0.0250237182307941,-0.1099981841491625,-0.0250237182307941,0.5,-0.3,-0.3,thr-0.036_maxday4,202503,research_papers\JEPA\results\event_option_variant_streams_full20_2025_2026_v1\d50ret
SPXW,20250312,202503,11:35,695,front_weekly,PUT,-0.0261032694248664,-0.1382310810272489,-0.0261032694248664,0.1576959501782515,-0.3,-0.3,thr-0.036_maxday4,202503,research_papers\JEPA\results\event_option_variant_streams_full20_2025_2026_v1\d50ret
SPXW,20250312,202503,12:05,725,front_weekly,PUT,-0.0315807773795825,-0.1265344674513527,-0.0315807773795825,0.0946745397402288,-0.3,-0.3,thr-0.036_maxday4,202503,research_papers\JEPA\results\event_option_variant_streams_full20_2025_2026_v1\d50ret
SPXW,20250314,202503,10:45,645,front_weekly,CALL,-0.0129426989395149,-0.0129426989395149,-0.0509012692204576,0.1704545417600427,-0.1110305300753971,0.1704545417600427,thr-0.036_maxday4,202503,research_papers\JEPA\results\event_option_variant_streams_full20_2025_2026_v1\d50ret
SPXW,20250314,202503,11:15,675,front_weekly,CALL,0.0144039729315171,0.0144039729315171,-0.0541687591419615,0.0610631615738541,-0.0617459509114256,0.0610631615738541,thr-0.036_maxday4,202503,research_papers\JEPA\results\event_option_variant_streams_full20_2025_2026_v1\d50ret
SPXW,20250314,202503,11:45,705,zero_dte,PUT,0.1931791963495065,-0.3045214823577474,0.1931791963495065,-0.3,-0.3,-0.3,thr-0.036_maxday4,202503,research_papers\JEPA\results\event_option_variant_streams_full20_2025_2026_v1\d50ret
SPXW,20250314,202503,12:15,735,front_weekly,CALL,-0.0015290296430038,-0.0015290296430038,-0.0521766229312418,0.0724637681159421,-0.1335223469335891,0.0724637681159421,thr-0.036_maxday4,202503,research_papers\JEPA\results\event_option_variant_streams_full20_2025_2026_v1\d50ret
SPXW,20250317,202503,10:40,640,front_weekly,PUT,-0.0071860978398071,-0.0611235968239636,-0.0071860978398071,0.0385840761978013,-0.1572401945872501,-0.1572401945872501,thr-0.036_maxday4,202503,research_papers\JEPA\results\event_option_variant_streams_full20_2025_2026_v1\d50ret
SPXW,20250317,202503,11:35,695,front_weekly,PUT,0.0002476746522362,-0.0589335488456672,0.0002476746522362,0.5,-0.3,-0.3,thr-0.036_maxday4,202503,research_papers\JEPA\results\event_option_variant_streams_full20_2025_2026_v1\d50ret
SPXW,20250317,202503,12:45,765,front_weekly,PUT,-0.0150326007517894,-0.0286712772373521,-0.0150326007517894,0.5,-0.3,-0.3,thr-0.036_maxday4,202503,research_papers\JEPA\results\event_option_variant_streams_full20_2025_2026_v1\d50ret
SPXW,20250317,202503,13:25,805,front_weekly,CALL,-0.0270656128154236,-0.0270656128154236,-0.0294055055531698,0.163302780291356,-0.3,0.163302780291356,thr-0.036_maxday4,202503,research_papers\JEPA\results\event_option_variant_streams_full20_2025_2026_v1\d50ret
SPXW,20250318,202503,10:45,645,front_weekly,PUT,-0.0105132017726448,-0.0781433537472893,-0.0105132017726448,-0.016393435788413,-0.0376491712175935,-0.0376491712175935,thr-0.036_maxday4,202503,research_papers\JEPA\results\event_option_variant_streams_full20_2025_2026_v1\d50ret
SPXW,20250318,202503,11:15,675,front_weekly,PUT,0.0194837652876034,-0.0849114757788616,0.0194837652876034,-0.0703472957363846,-0.0303030579019193,-0.0303030579019193,thr-0.036_maxday4,202503,research_papers\JEPA\results\event_option_variant_streams_full20_2025_2026_v1\d50ret
SPXW,20250318,202503,11:45,705,front_weekly,PUT,0.0178696355110931,-0.0768138434021965,0.0178696355110931,0.0147881265842473,-0.0910780578866117,-0.0910780578866117,thr-0.036_maxday4,202503,research_papers\JEPA\results\event_option_variant_streams_full20_2025_2026_v1\d50ret
SPXW,20250318,202503,12:15,735,front_weekly,PUT,0.0098685873953464,-0.0657848499100747,0.0098685873953464,-0.0695088034655976,-0.011131767566468,-0.011131767566468,thr-0.036_maxday4,202503,research_papers\JEPA\results\event_option_variant_streams_full20_2025_2026_v1\d50ret
SPXW,20250319,202503,11:50,710,zero_dte,PUT,0.3993044777680046,-0.2999778173210988,0.3993044777680046,-0.3,0.5,0.5,thr-0.036_maxday4,202503,research_papers\JEPA\results\event_option_variant_streams_full20_2025_2026_v1\d50ret
SPXW,20250319,202503,12:30,750,zero_dte,PUT,0.3993044777680046,-0.2999778173210988,0.3993044777680046,-0.3,0.5,0.5,thr-0.036_maxday4,202503,research_papers\JEPA\results\event_option_variant_streams_full20_2025_2026_v1\d50ret
SPXW,20250319,202503,14:20,860,zero_dte,PUT,0.3993044777680046,-0.2999778173210988,0.3993044777680046,0.5,-0.3,-0.3,thr-0.036_maxday4,202503,research_papers\JEPA\results\event_option_variant_streams_full20_2025_2026_v1\d50ret
SPXW,20250319,202503,14:50,890,zero_dte,PUT,0.4575773568013713,-0.2999778173210988,0.4575773568013713,0.5,-0.3,-0.3,thr-0.036_maxday4,202503,research_papers\JEPA\results\event_option_variant_streams_full20_2025_2026_v1\d50ret
SPXW,20250320,202503,10:45,645,zero_dte,PUT,0.3916315848690311,-0.1418121459605058,0.3916315848690311,-0.3,0.5,0.5,thr-0.036_maxday4,202503,research_papers\JEPA\results\event_option_variant_streams_full20_2025_2026_v1\d50ret
SPXW,20250320,202503,11:15,675,zero_dte,CALL,-0.0289844184815876,-0.0289844184815876,-0.2999805021543796,-0.3,0.5,-0.3,thr-0.036_maxday4,202503,research_papers\JEPA\results\event_option_variant_streams_full20_2025_2026_v1\d50ret
SPXW,20250321,202503,10:30,630,front_weekly,CALL,-0.0318176673614201,-0.0318176673614201,-0.0624118505039726,0.1467345171578389,-0.2095238216339595,0.1467345171578389,thr-0.036_maxday4,202503,research_papers\JEPA\results\event_option_variant_streams_full20_2025_2026_v1\d50ret
SPXW,20250321,202503,11:00,660,front_weekly,CALL,-0.0255038122266433,-0.0255038122266433,-0.0461223066497666,0.1095406150848832,-0.1241721546360808,0.1095406150848832,thr-0.036_maxday4,202503,research_papers\JEPA\results\event_option_variant_streams_full20_2025_2026_v1\d50ret
SPXW,20250321,202503,11:30,690,front_weekly,CALL,-0.02815377562508,-0.02815377562508,-0.0408711364726136,0.1500860457160278,-0.3,0.1500860457160278,thr-0.036_maxday4,202503,research_papers\JEPA\results\event_option_variant_streams_full20_2025_2026_v1\d50ret
SPXW,20250321,202503,12:05,725,front_weekly,CALL,-0.0302081749954193,-0.0302081749954193,-0.0406008339776552,0.1646959169109947,-0.3,0.1646959169109947,thr-0.036_maxday4,202503,research_papers\JEPA\results\event_option_variant_streams_full20_2025_2026_v1\d50ret
SPXW,20250324,202503,10:30,630,front_weekly,PUT,-0.0104899164281394,-0.0205882917942531,-0.0104899164281394,-0.0766666957310268,-0.0551955580045391,-0.0551955580045391,thr-0.036_maxday4,202503,research_papers\JEPA\results\event_option_variant_streams_full20_2025_2026_v1\d50ret
SPXW,20250324,202503,11:00,660,front_weekly,CALL,-0.0013797812914913,-0.0013797812914913,-0.0359100378592736,-0.1163802970928205,0.0256658459217955,-0.1163802970928205,thr-0.036_maxday4,202503,research_papers\JEPA\results\event_option_variant_streams_full20_2025_2026_v1\d50ret
SPXW,20250324,202503,11:30,690,front_weekly,PUT,-0.0210794747448601,-0.0211942246907271,-0.0210794747448601,-0.165844055893034,0.1058823529411765,0.1058823529411765,thr-0.036_maxday4,202503,research_papers\JEPA\results\event_option_variant_streams_full20_2025_2026_v1\d50ret
SPXW,20250324,202503,12:00,720,front_weekly,CALL,-0.0163427663879124,-0.0163427663879124,-0.0243506178050971,-0.0954326749266782,-0.0139535274626684,-0.0954326749266782,thr-0.036_maxday4,202503,research_papers\JEPA\results\event_option_variant_streams_full20_2025_2026_v1\d50ret
SPXW,20250325,202503,10:30,630,zero_dte,CALL,0.0050157525828237,0.0050157525828237,-0.2999805021543796,-0.3,-0.3,-0.3,thr-0.036_maxday4,202503,research_papers\JEPA\results\event_option_variant_streams_full20_2025_2026_v1\d50ret
SPXW,20250325,202503,11:00,660,front_weekly,CALL,-0.0105185327832068,-0.0105185327832068,-0.0844078448956485,-0.2741279188880025,0.0764705433565027,-0.2741279188880025,thr-0.036_maxday4,202503,research_papers\JEPA\results\event_option_variant_streams_full20_2025_2026_v1\d50ret
SPXW,20250325,202503,11:30,690,front_weekly,CALL,-0.0127101476002786,-0.0127101476002786,-0.1060619459380078,-0.2225610027350099,0.1301408149826695,-0.2225610027350099,thr-0.036_maxday4,202503,research_papers\JEPA\results\event_option_variant_streams_full20_2025_2026_v1\d50ret
SPXW,20250325,202503,12:00,720,front_weekly,CALL,0.0310477156410773,0.0310477156410773,-0.1204880809967207,-0.1558823305017808,0.0781609563314713,-0.1558823305017808,thr-0.036_maxday4,202503,research_papers\JEPA\results\event_option_variant_streams_full20_2025_2026_v1\d50ret
SPXW,20250326,202503,10:30,630,front_weekly,PUT,-0.0329199567052339,-0.1165166427376046,-0.0329199567052339,-0.3,0.5,0.5,thr-0.036_maxday4,202503,research_papers\JEPA\results\event_option_variant_streams_full20_2025_2026_v1\d50ret
SPXW,20250326,202503,11:15,675,front_weekly,PUT,-0.0256995467540597,-0.0999589797780024,-0.0256995467540597,-0.3,0.5,0.5,thr-0.036_maxday4,202503,research_papers\JEPA\results\event_option_variant_streams_full20_2025_2026_v1\d50ret
SPXW,20250326,202503,11:45,705,front_weekly,PUT,-0.0248885004783626,-0.1375948989790247,-0.0248885004783626,-0.3,0.5,0.5,thr-0.036_maxday4,202503,research_papers\JEPA\results\event_option_variant_streams_full20_2025_2026_v1\d50ret
SPXW,20250326,202503,13:05,785,front_weekly,PUT,-0.0323082473042559,-0.0540164638953687,-0.0323082473042559,-0.3,0.0056496310627551,0.0056496310627551,thr-0.036_maxday4,202503,research_papers\JEPA\results\event_option_variant_streams_full20_2025_2026_v1\d50ret
SPXW,20250327,202503,14:50,890,front_weekly,PUT,-0.0243427840705181,-0.205582796004471,-0.0243427840705181,-0.3,0.4543430029533741,0.4543430029533741,thr-0.036_maxday4,202503,research_papers\JEPA\results\event_option_variant_streams_full20_2025_2026_v1\d50ret
SPXW,20250327,202503,15:20,920,front_weekly,PUT,-0.0333534376942077,-0.1492344541378448,-0.0333534376942077,-0.3,0.5,0.5,thr-0.036_maxday4,202503,research_papers\JEPA\results\event_option_variant_streams_full20_2025_2026_v1\d50ret
SPXW,20250328,202503,10:30,630,front_weekly,CALL,-0.0323568379123077,-0.0323568379123077,-0.036759416849948,-0.2602993833078422,0.3804379233641706,-0.2602993833078422,thr-0.036_maxday4,202503,research_papers\JEPA\results\event_option_variant_streams_full20_2025_2026_v1\d50ret
SPXW,20250328,202503,11:00,660,front_weekly,PUT,0.0145932885648031,-0.0685282903452945,0.0145932885648031,-0.1501416706114922,0.2565880775523208,0.2565880775523208,thr-0.036_maxday4,202503,research_papers\JEPA\results\event_option_variant_streams_full20_2025_2026_v1\d50ret
SPXW,20250328,202503,11:30,690,front_weekly,PUT,0.0342100144620235,-0.0369291882789317,0.0342100144620235,-0.2026432098082865,0.1928127833012534,0.1928127833012534,thr-0.036_maxday4,202503,research_papers\JEPA\results\event_option_variant_streams_full20_2025_2026_v1\d50ret
SPXW,20250328,202503,12:00,720,front_weekly,CALL,-0.03143165729414,-0.03143165729414,-0.0340356089679058,-0.1667625921235668,0.1442241312685539,-0.1667625921235668,thr-0.036_maxday4,202503,research_papers\JEPA\results\event_option_variant_streams_full20_2025_2026_v1\d50ret
SPXW,20250331,202503,10:35,635,front_weekly,PUT,0.030851904130873,-0.0762584471297973,0.030851904130873,0.1208622355135917,-0.1583028520318244,-0.1583028520318244,thr-0.036_maxday4,202503,research_papers\JEPA\results\event_option_variant_streams_full20_2025_2026_v1\d50ret
SPXW,20250331,202503,11:05,665,front_weekly,PUT,0.033854575245419,-0.0753454001539981,0.033854575245419,0.0794852971285349,-0.1859219280011628,-0.1859219280011628,thr-0.036_maxday4,202503,research_papers\JEPA\results\event_option_variant_streams_full20_2025_2026_v1\d50ret
SPXW,20250331,202503,11:35,695,front_weekly,PUT,0.0363645086794358,-0.1355955004590323,0.0363645086794358,0.2463700668533892,-0.276448396701897,-0.276448396701897,thr-0.036_maxday4,202503,research_papers\JEPA\results\event_option_variant_streams_full20_2025_2026_v1\d50ret
SPXW,20250331,202503,12:05,725,front_weekly,PUT,0.0345686090603763,-0.0694302445530238,0.0345686090603763,0.3022359126491365,-0.2416472355211338,-0.2416472355211338,thr-0.036_maxday4,202503,research_papers\JEPA\results\event_option_variant_streams_full20_2025_2026_v1\d50ret
SPXW,20250401,202504,10:45,645,front_weekly,CALL,0.0043389749823117,0.0043389749823117,-0.0659764742218379,0.1043339308876041,-0.3,0.1043339308876041,thr0.001_maxday2,202504,research_papers\JEPA\results\event_option_variant_streams_full20_2025_2026_v1\d50ret
SPXW,20250401,202504,11:15,675,zero_dte,PUT,0.4556960477875716,-0.2581866305849116,0.4556960477875716,-0.3,-0.3,-0.3,thr0.001_maxday2,202504,research_papers\JEPA\results\event_option_variant_streams_full20_2025_2026_v1\d50ret
SPXW,20250402,202504,10:30,630,zero_dte,CALL,0.4376170401819715,0.4376170401819715,-0.2999804939195467,0.5,-0.3,0.5,thr0.001_maxday2,202504,research_papers\JEPA\results\event_option_variant_streams_full20_2025_2026_v1\d50ret
SPXW,20250402,202504,11:00,660,zero_dte,CALL,0.0256567772544922,0.0256567772544922,-0.2999804939195467,0.5,-0.3,0.5,thr0.001_maxday2,202504,research_papers\JEPA\results\event_option_variant_streams_full20_2025_2026_v1\d50ret
SPXW,20250404,202504,10:30,630,zero_dte,CALL,0.0412427005123021,0.0412427005123021,-0.2999804939195467,-0.3,0.5,-0.3,thr0.001_maxday2,202504,research_papers\JEPA\results\event_option_variant_streams_full20_2025_2026_v1\d50ret
SPXW,20250404,202504,11:45,705,zero_dte,CALL,0.0312952128638838,0.0312952128638838,-0.2999804939195467,-0.3,-0.3,-0.3,thr0.001_maxday2,202504,research_papers\JEPA\results\event_option_variant_streams_full20_2025_2026_v1\d50ret
SPXW,20250408,202504,11:00,660,front_weekly,CALL,0.044550093770405,0.044550093770405,-0.0859843381128708,-0.3,0.5,-0.3,thr0.001_maxday2,202504,research_papers\JEPA\results\event_option_variant_streams_full20_2025_2026_v1\d50ret
SPXW,20250408,202504,11:30,690,front_weekly,CALL,0.0312166315450213,0.0312166315450213,-0.0890220946273768,-0.2598994182787382,0.5,-0.2598994182787382,thr0.001_maxday2,202504,research_papers\JEPA\results\event_option_variant_streams_full20_2025_2026_v1\d50ret
SPXW,20250409,202504,11:00,660,zero_dte,CALL,0.1955427595097983,0.1955427595097983,-0.2999804939195467,0.5,-0.3,0.5,thr0.001_maxday2,202504,research_papers\JEPA\results\event_option_variant_streams_full20_2025_2026_v1\d50ret
SPXW,20250410,202504,11:15,675,front_weekly,CALL,0.0097556377625889,0.0097556377625889,-0.1790683759158771,-0.3,0.5,-0.3,thr0.001_maxday2,202504,research_papers\JEPA\results\event_option_variant_streams_full20_2025_2026_v1\d50ret
SPXW,20250410,202504,12:00,720,front_weekly,CALL,0.0665932593928969,0.0665932593928969,-0.2149699992752634,0.5,0.5,0.5,thr0.001_maxday2,202504,research_papers\JEPA\results\event_option_variant_streams_full20_2025_2026_v1\d50ret
SPXW,20250411,202504,12:05,725,front_weekly,CALL,0.0184045413309745,0.0184045413309745,-0.067957245534338,0.206699306429454,-0.3,0.206699306429454,thr0.001_maxday2,202504,research_papers\JEPA\results\event_option_variant_streams_full20_2025_2026_v1\d50ret
SPXW,20250411,202504,13:15,795,front_weekly,CALL,0.0055338048211015,0.0055338048211015,-0.0356556806304469,0.0796514108030364,-0.1530944572790094,0.0796514108030364,thr0.001_maxday2,202504,research_papers\JEPA\results\event_option_variant_streams_full20_2025_2026_v1\d50ret
SPXW,20250414,202504,10:50,650,front_weekly,CALL,0.0023592598702561,0.0023592598702561,-0.0820649932909445,-0.3,0.5,-0.3,thr0.001_maxday2,202504,research_papers\JEPA\results\event_option_variant_streams_full20_2025_2026_v1\d50ret
SPXW,20250414,202504,12:30,750,front_weekly,CALL,0.00461582850758,0.00461582850758,-0.0564106150202209,0.2167742329259072,-0.3,0.2167742329259072,thr0.001_maxday2,202504,research_papers\JEPA\results\event_option_variant_streams_full20_2025_2026_v1\d50ret
SPXW,20250415,202504,13:50,830,zero_dte,CALL,0.0490953062737683,0.0490953062737683,-0.2999804939195467,-0.3,0.5,-0.3,thr0.001_maxday2,202504,research_papers\JEPA\results\event_option_variant_streams_full20_2025_2026_v1\d50ret
SPXW,20250415,202504,14:50,890,zero_dte,CALL,0.0358382756555912,0.0358382756555912,-0.2999804939195467,-0.3,-0.3,-0.3,thr0.001_maxday2,202504,research_papers\JEPA\results\event_option_variant_streams_full20_2025_2026_v1\d50ret
SPXW,20250417,202504,10:50,650,zero_dte,PUT,0.3121862120091173,-0.2373757705992704,0.3121862120091173,0.5,-0.3,-0.3,thr0.001_maxday2,202504,research_papers\JEPA\results\event_option_variant_streams_full20_2025_2026_v1\d50ret
SPXW,20250421,202504,10:30,630,front_weekly,PUT,0.0164387802462857,-0.0804239850454578,0.0164387802462857,-0.3,0.4214197817498255,0.4214197817498255,thr0.001_maxday2,202504,research_papers\JEPA\results\event_option_variant_streams_full20_2025_2026_v1\d50ret
SPXW,20250421,202504,11:00,660,front_weekly,PUT,0.0122348485670103,-0.0795357005292463,0.0122348485670103,-0.2822321622399864,0.3044540025229603,0.3044540025229603,thr0.001_maxday2,202504,research_papers\JEPA\results\event_option_variant_streams_full20_2025_2026_v1\d50ret
SPXW,20250422,202504,10:30,630,zero_dte,CALL,0.0978446922295099,0.0978446922295099,-0.2999804939195467,0.5,-0.3,0.5,thr0.001_maxday2,202504,research_papers\JEPA\results\event_option_variant_streams_full20_2025_2026_v1\d50ret
SPXW,20250422,202504,11:10,670,zero_dte,PUT,0.0491832272612154,-0.2859414950227458,0.0491832272612154,-0.3,-0.3,-0.3,thr0.001_maxday2,202504,research_papers\JEPA\results\event_option_variant_streams_full20_2025_2026_v1\d50ret
SPXW,20250423,202504,10:35,635,front_weekly,CALL,0.0322332449813531,0.0322332449813531,-0.0855294334062551,-0.3,0.5,-0.3,thr0.001_maxday2,202504,research_papers\JEPA\results\event_option_variant_streams_full20_2025_2026_v1\d50ret
SPXW,20250423,202504,11:30,690,front_weekly,CALL,0.0108644541111323,0.0108644541111323,-0.0602854842676495,-0.2264279756695809,0.0580601867964132,-0.2264279756695809,thr0.001_maxday2,202504,research_papers\JEPA\results\event_option_variant_streams_full20_2025_2026_v1\d50ret
SPXW,20250424,202504,10:30,630,front_weekly,CALL,0.0820707359915223,0.0820707359915223,-0.2756774169950322,0.2867454125179471,-0.3,0.2867454125179471,thr0.001_maxday2,202504,research_papers\JEPA\results\event_option_variant_streams_full20_2025_2026_v1\d50ret
SPXW,20250424,202504,11:00,660,front_weekly,CALL,0.1525258730166182,0.1525258730166182,-0.2754262382944464,0.3194379191085865,-0.3,0.3194379191085865,thr0.001_maxday2,202504,research_papers\JEPA\results\event_option_variant_streams_full20_2025_2026_v1\d50ret
SPXW,20250425,202504,11:10,670,front_weekly,CALL,0.014387098974599,0.014387098974599,-0.0774868617874769,0.0725034072655734,-0.0839318986866384,0.0725034072655734,thr0.001_maxday2,202504,research_papers\JEPA\results\event_option_variant_streams_full20_2025_2026_v1\d50ret
SPXW,20250425,202504,12:00,720,front_weekly,CALL,0.0110170076655478,0.0110170076655478,-0.0678592928220488,0.2005551191699728,-0.1884725129166025,0.2005551191699728,thr0.001_maxday2,202504,research_papers\JEPA\results\event_option_variant_streams_full20_2025_2026_v1\d50ret
SPXW,20250429,202504,10:40,640,front_weekly,CALL,0.0161210765340901,0.0161210765340901,-0.064579403444132,0.0979729588228566,-0.2046396073472396,0.0979729588228566,thr0.001_maxday2,202504,research_papers\JEPA\results\event_option_variant_streams_full20_2025_2026_v1\d50ret
SPXW,20250429,202504,11:15,675,front_weekly,CALL,0.0065232280637742,0.0065232280637742,-0.0651342358125131,0.2177893368010404,-0.2481389309615191,0.2177893368010404,thr0.001_maxday2,202504,research_papers\JEPA\results\event_option_variant_streams_full20_2025_2026_v1\d50ret
SPXW,20250430,202504,11:50,710,front_weekly,CALL,0.0110967562122424,0.0110967562122424,-0.0594212704668593,0.0847457651471144,-0.3,0.0847457651471144,thr0.001_maxday2,202504,research_papers\JEPA\results\event_option_variant_streams_full20_2025_2026_v1\d50ret
SPXW,20250430,202504,12:45,765,front_weekly,CALL,0.0233156110151694,0.0233156110151694,-0.0815892172228625,0.2110797720895687,-0.3,0.2110797720895687,thr0.001_maxday2,202504,research_papers\JEPA\results\event_option_variant_streams_full20_2025_2026_v1\d50ret
SPXW,20250501,202505,10:30,630,front_weekly,CALL,0.0194743934395269,0.0194743934395269,-0.2670072291996465,-0.3,-0.0372092668400254,-0.3,thr-0.069_maxday4,202505,research_papers\JEPA\results\event_option_variant_streams_full20_2025_2026_v1\d50ret
SPXW,20250501,202505,11:00,660,zero_dte,PUT,0.0990901715605997,-0.0267864575362747,0.0990901715605997,-0.3,0.5,0.5,thr-0.069_maxday4,202505,research_papers\JEPA\results\event_option_variant_streams_full20_2025_2026_v1\d50ret
SPXW,20250501,202505,11:30,690,zero_dte,PUT,0.0990901715605997,-0.0267864575362747,0.0990901715605997,-0.3,0.5,0.5,thr-0.069_maxday4,202505,research_papers\JEPA\results\event_option_variant_streams_full20_2025_2026_v1\d50ret
SPXW,20250501,202505,12:20,740,front_weekly,CALL,-0.0648042326969228,-0.0648042326969228,-0.2043594169760663,0.1828376381351431,-0.3,0.1828376381351431,thr-0.069_maxday4,202505,research_papers\JEPA\results\event_option_variant_streams_full20_2025_2026_v1\d50ret
SPXW,20250502,202505,10:30,630,front_weekly,PUT,-0.0050485005131846,-0.0260655004350507,-0.0050485005131846,0.0169765745825889,-0.0361635397895264,-0.0361635397895264,thr-0.069_maxday4,202505,research_papers\JEPA\results\event_option_variant_streams_full20_2025_2026_v1\d50ret
SPXW,20250502,202505,11:00,660,front_weekly,CALL,-0.0018030965466227,-0.0018030965466227,-0.0318299845631297,0.0915391153548139,-0.0934066042649273,0.0915391153548139,thr-0.069_maxday4,202505,research_papers\JEPA\results\event_option_variant_streams_full20_2025_2026_v1\d50ret
SPXW,20250502,202505,11:35,695,front_weekly,CALL,-0.0009192685076995,-0.0009192685076995,-0.0112515679247102,0.1774743950653441,-0.1874902265157733,0.1774743950653441,thr-0.069_maxday4,202505,research_papers\JEPA\results\event_option_variant_streams_full20_2025_2026_v1\d50ret
SPXW,20250502,202505,12:05,725,zero_dte,PUT,0.0990901715605997,-0.2999778769877672,0.0990901715605997,-0.3,-0.3,-0.3,thr-0.069_maxday4,202505,research_papers\JEPA\results\event_option_variant_streams_full20_2025_2026_v1\d50ret
SPXW,20250505,202505,10:30,630,front_weekly,PUT,-0.0279625852828506,-0.0306351976125854,-0.0279625852828506,0.1177591531837203,-0.1760850440313721,-0.1760850440313721,thr-0.069_maxday4,202505,research_papers\JEPA\results\event_option_variant_streams_full20_2025_2026_v1\d50ret
SPXW,20250505,202505,11:00,660,front_weekly,CALL,0.003565426020024,0.003565426020024,-0.05164641080952,0.0578449808697256,-0.1000935546495361,0.0578449808697256,thr-0.069_maxday4,202505,research_papers\JEPA\results\event_option_variant_streams_full20_2025_2026_v1\d50ret
SPXW,20250505,202505,11:30,690,front_weekly,CALL,-0.0066154907698811,-0.0066154907698811,-0.0534979378439658,0.1119765929880367,-0.1465677119562415,0.1119765929880367,thr-0.069_maxday4,202505,research_papers\JEPA\results\event_option_variant_streams_full20_2025_2026_v1\d50ret
SPXW,20250505,202505,12:00,720,front_weekly,CALL,-0.0161401697210702,-0.0161401697210702,-0.0428266158293122,0.0834285917736235,-0.105678805935204,0.0834285917736235,thr-0.069_maxday4,202505,research_papers\JEPA\results\event_option_variant_streams_full20_2025_2026_v1\d50ret
SPXW,20250506,202505,10:30,630,front_weekly,CALL,-0.0193053199272207,-0.0193053199272207,-0.0456313709519134,-0.0814741053870136,0.1156435673779781,-0.0814741053870136,thr-0.069_maxday4,202505,research_papers\JEPA\results\event_option_variant_streams_full20_2025_2026_v1\d50ret
SPXW,20250506,202505,11:00,660,front_weekly,CALL,-0.0188653417570806,-0.0188653417570806,-0.0617204326488384,-0.2301425578050961,0.2246153904841497,-0.2301425578050961,thr-0.069_maxday4,202505,research_papers\JEPA\results\event_option_variant_streams_full20_2025_2026_v1\d50ret
SPXW,20250506,202505,11:30,690,front_weekly,CALL,-0.0333929003567912,-0.0333929003567912,-0.0401200477028286,-0.1479099084388296,0.1951710385117859,-0.1479099084388296,thr-0.069_maxday4,202505,research_papers\JEPA\results\event_option_variant_streams_full20_2025_2026_v1\d50ret
SPXW,20250506,202505,12:00,720,front_weekly,CALL,-0.0248757912399821,-0.0248757912399821,-0.0635301781927477,0.0212254986471727,-0.0493381278451474,0.0212254986471727,thr-0.069_maxday4,202505,research_papers\JEPA\results\event_option_variant_streams_full20_2025_2026_v1\d50ret
SPXW,20250507,202505,10:30,630,front_weekly,CALL,-0.0289982739810974,-0.0289982739810974,-0.1155431952519795,-0.0794061979484586,0.0497297132337415,-0.0794061979484586,thr-0.069_maxday4,202505,research_papers\JEPA\results\event_option_variant_streams_full20_2025_2026_v1\d50ret
SPXW,20250507,202505,11:00,660,front_weekly,CALL,-0.062776451859711,-0.062776451859711,-0.1090113044696558,0.0880361533418772,0.0380851258622838,0.0880361533418772,thr-0.069_maxday4,202505,research_papers\JEPA\results\event_option_variant_streams_full20_2025_2026_v1\d50ret
SPXW,20250507,202505,11:35,695,front_weekly,CALL,-0.0662011735439822,-0.0662011735439822,-0.1299825038251461,-0.0015538646036535,-0.085714269567419,-0.0015538646036535,thr-0.069_maxday4,202505,research_papers\JEPA\results\event_option_variant_streams_full20_2025_2026_v1\d50ret
SPXW,20250507,202505,12:25,745,front_weekly,CALL,-0.0647048772936037,-0.0647048772936037,-0.1331420250845882,-0.0620068068476868,-0.0926517675719118,-0.0620068068476868,thr-0.069_maxday4,202505,research_papers\JEPA\results\event_option_variant_streams_full20_2025_2026_v1\d50ret
SPXW,20250508,202505,10:35,635,zero_dte,CALL,-0.0223570158171866,-0.0223570158171866,-0.2999805398313373,-0.3,0.5,-0.3,thr-0.069_maxday4,202505,research_papers\JEPA\results\event_option_variant_streams_full20_2025_2026_v1\d50ret
SPXW,20250508,202505,11:05,665,front_weekly,CALL,-0.0610587760016183,-0.0610587760016183,-0.2210303416676969,0.5,-0.3,0.5,thr-0.069_maxday4,202505,research_papers\JEPA\results\event_option_variant_streams_full20_2025_2026_v1\d50ret
SPXW,20250508,202505,11:35,695,zero_dte,PUT,0.0990901715605997,-0.266830815247901,0.0990901715605997,0.5,-0.3,-0.3,thr-0.069_maxday4,202505,research_papers\JEPA\results\event_option_variant_streams_full20_2025_2026_v1\d50ret
SPXW,20250508,202505,12:05,725,zero_dte,PUT,0.0990901715605997,-0.0286261736534004,0.0990901715605997,-0.3,-0.3,-0.3,thr-0.069_maxday4,202505,research_papers\JEPA\results\event_option_variant_streams_full20_2025_2026_v1\d50ret
SPXW,20250509,202505,10:30,630,front_weekly,CALL,-0.0141924936839805,-0.0141924936839805,-0.0285818013765022,0.0078112523763096,0.1677519332530885,0.0078112523763096,thr-0.069_maxday4,202505,research_papers\JEPA\results\event_option_variant_streams_full20_2025_2026_v1\d50ret
SPXW,20250509,202505,11:00,660,front_weekly,CALL,-0.0100186031186981,-0.0100186031186981,-0.0270090731606286,0.0750625217440135,-0.0007473727768482,0.0750625217440135,thr-0.069_maxday4,202505,research_papers\JEPA\results\event_option_variant_streams_full20_2025_2026_v1\d50ret
SPXW,20250509,202505,11:30,690,front_weekly,PUT,-0.0092354655864195,-0.0268186792678725,-0.0092354655864195,-0.0083333333333333,0.0095941184631573,0.0095941184631573,thr-0.069_maxday4,202505,research_papers\JEPA\results\event_option_variant_streams_full20_2025_2026_v1\d50ret
SPXW,20250509,202505,12:05,725,front_weekly,CALL,-0.0017816940919579,-0.0017816940919579,-0.0498388163871902,0.055851571758444,-0.120848551659597,0.055851571758444,thr-0.069_maxday4,202505,research_papers\JEPA\results\event_option_variant_streams_full20_2025_2026_v1\d50ret
SPXW,20250512,202505,10:30,630,front_weekly,PUT,-0.0160049613471187,-0.0496941097270569,-0.0160049613471187,0.5,-0.3,-0.3,thr-0.069_maxday4,202505,research_papers\JEPA\results\event_option_variant_streams_full20_2025_2026_v1\d50ret
SPXW,20250512,202505,11:25,685,front_weekly,PUT,0.0256953776047337,-0.0090918203725952,0.0256953776047337,0.2767295713168038,-0.3,-0.3,thr-0.069_maxday4,202505,research_papers\JEPA\results\event_option_variant_streams_full20_2025_2026_v1\d50ret
SPXW,20250512,202505,11:55,715,front_weekly,CALL,-0.0059897802601607,-0.0059897802601607,-0.0175510086059511,0.5,-0.3,0.5,thr-0.069_maxday4,202505,research_papers\JEPA\results\event_option_variant_streams_full20_2025_2026_v1\d50ret
SPXW,20250512,202505,12:45,765,front_weekly,CALL,-0.0055763013240917,-0.0055763013240917,-0.0578669020244251,0.0614708509190802,-0.1213114587335638,0.0614708509190802,thr-0.069_maxday4,202505,research_papers\JEPA\results\event_option_variant_streams_full20_2025_2026_v1\d50ret
SPXW,20250513,202505,10:30,630,front_weekly,CALL,0.0171911092247918,0.0171911092247918,-0.13591430057019,0.1706293279474431,-0.1876542833116319,0.1706293279474431,thr-0.069_maxday4,202505,research_papers\JEPA\results\event_option_variant_streams_full20_2025_2026_v1\d50ret
SPXW,20250513,202505,11:00,660,front_weekly,CALL,0.006639462489795,0.006639462489795,-0.0987872440821441,0.0710927145032522,-0.1196911086968273,0.0710927145032522,thr-0.069_maxday4,202505,research_papers\JEPA\results\event_option_variant_streams_full20_2025_2026_v1\d50ret
SPXW,20250513,202505,11:30,690,front_weekly,CALL,-0.0009787759123994,-0.0009787759123994,-0.1256155912602277,0.0269541262094119,-0.0673574760855038,0.0269541262094119,thr-0.069_maxday4,202505,research_papers\JEPA\results\event_option_variant_streams_full20_2025_2026_v1\d50ret
SPXW,20250513,202505,12:00,720,front_weekly,CALL,0.0110198821012803,0.0110198821012803,-0.096140200965811,0.1062936849527425,-0.1349206409276536,0.1062936849527425,thr-0.069_maxday4,202505,research_papers\JEPA\results\event_option_variant_streams_full20_2025_2026_v1\d50ret
SPXW,20250514,202505,11:05,665,front_weekly,CALL,-0.0485130462107418,-0.0485130462107418,-0.1292732150246616,0.1545752088437646,-0.3,0.1545752088437646,thr-0.069_maxday4,202505,research_papers\JEPA\results\event_option_variant_streams_full20_2025_2026_v1\d50ret
SPXW,20250514,202505,11:35,695,front_weekly,CALL,-0.0565724930343902,-0.0565724930343902,-0.1286740949861556,-0.3,-0.04985163997454,-0.3,thr-0.069_maxday4,202505,research_papers\JEPA\results\event_option_variant_streams_full20_2025_2026_v1\d50ret
SPXW,20250514,202505,12:05,725,front_weekly,CALL,-0.0640799190273694,-0.0640799190273694,-0.1154666128170666,-0.3,0.1496062992125983,-0.3,thr-0.069_maxday4,202505,research_papers\JEPA\results\event_option_variant_streams_full20_2025_2026_v1\d50ret
SPXW,20250514,202505,12:35,755,front_weekly,CALL,-0.0512875505840107,-0.0512875505840107,-0.1327909601279224,-0.3,0.5,-0.3,thr-0.069_maxday4,202505,research_papers\JEPA\results\event_option_variant_streams_full20_2025_2026_v1\d50ret
SPXW,20250515,202505,10:40,640,front_weekly,PUT,-0.0577051716873206,-0.2428311217260446,-0.0577051716873206,0.5,-0.3,-0.3,thr-0.069_maxday4,202505,research_papers\JEPA\results\event_option_variant_streams_full20_2025_2026_v1\d50ret
SPXW,20250515,202505,11:45,705,front_weekly,PUT,-0.0529451778714025,-0.2179863720133164,-0.0529451778714025,0.0216326810875717,-0.3,-0.3,thr-0.069_maxday4,202505,research_papers\JEPA\results\event_option_variant_streams_full20_2025_2026_v1\d50ret
SPXW,20250515,202505,14:00,840,front_weekly,PUT,-0.0553298990369086,-0.1404206886816929,-0.0553298990369086,-0.3,-0.2716000366210938,-0.2716000366210938,thr-0.069_maxday4,202505,research_papers\JEPA\results\event_option_variant_streams_full20_2025_2026_v1\d50ret
SPXW,20250516,202505,10:30,630,zero_dte,PUT,0.0861975890105499,-0.2999778769877672,0.0861975890105499,-0.3,0.5,0.5,thr-0.069_maxday4,202505,research_papers\JEPA\results\event_option_variant_streams_full20_2025_2026_v1\d50ret
SPXW,20250516,202505,11:00,660,zero_dte,PUT,0.0861975890105499,-0.2999778769877672,0.0861975890105499,0.5,-0.3,-0.3,thr-0.069_maxday4,202505,research_papers\JEPA\results\event_option_variant_streams_full20_2025_2026_v1\d50ret
SPXW,20250516,202505,11:30,690,zero_dte,PUT,-0.0413968528480854,-0.2999778769877672,-0.0413968528480854,0.5,-0.3,-0.3,thr-0.069_maxday4,202505,research_papers\JEPA\results\event_option_variant_streams_full20_2025_2026_v1\d50ret
SPXW,20250516,202505,12:00,720,zero_dte,PUT,0.1841913574882717,-0.2999778769877672,0.1841913574882717,0.5,-0.3,-0.3,thr-0.069_maxday4,202505,research_papers\JEPA\results\event_option_variant_streams_full20_2025_2026_v1\d50ret
SPXW,20250519,202505,10:35,635,front_weekly,CALL,-0.0156273141691417,-0.0156273141691417,-0.0768277997169351,0.2832243914560757,-0.3,0.2832243914560757,thr-0.069_maxday4,202505,research_papers\JEPA\results\event_option_variant_streams_full20_2025_2026_v1\d50ret
SPXW,20250519,202505,11:05,665,front_weekly,CALL,-0.0221076191523198,-0.0221076191523198,-0.0413218629843692,0.1684087781631316,-0.2216813894714436,0.1684087781631316,thr-0.069_maxday4,202505,research_papers\JEPA\results\event_option_variant_streams_full20_2025_2026_v1\d50ret
SPXW,20250519,202505,11:35,695,zero_dte,PUT,0.4529445346858256,-0.2154778921960238,0.4529445346858256,0.5,-0.3,-0.3,thr-0.069_maxday4,202505,research_papers\JEPA\results\event_option_variant_streams_full20_2025_2026_v1\d50ret
SPXW,20250519,202505,12:05,725,zero_dte,PUT,0.4529445346858256,-0.1405123700081911,0.4529445346858256,0.5,-0.3,-0.3,thr-0.069_maxday4,202505,research_papers\JEPA\results\event_option_variant_streams_full20_2025_2026_v1\d50ret
SPXW,20250520,202505,10:30,630,zero_dte,PUT,0.1774888823331231,-0.2999778769877672,0.1774888823331231,-0.3,-0.3,-0.3,thr-0.069_maxday4,202505,research_papers\JEPA\results\event_option_variant_streams_full20_2025_2026_v1\d50ret
SPXW,20250520,202505,11:00,660,zero_dte,PUT,0.1774888823331231,-0.2999778769877672,0.1774888823331231,-0.3,-0.3,-0.3,thr-0.069_maxday4,202505,research_papers\JEPA\results\event_option_variant_streams_full20_2025_2026_v1\d50ret
SPXW,20250520,202505,11:30,690,zero_dte,PUT,0.196486512191723,-0.2999778769877672,0.196486512191723,-0.3,0.5,0.5,thr-0.069_maxday4,202505,research_papers\JEPA\results\event_option_variant_streams_full20_2025_2026_v1\d50ret
SPXW,20250520,202505,12:00,720,zero_dte,PUT,0.2386283511302066,-0.2999778769877672,0.2386283511302066,-0.3,0.5,0.5,thr-0.069_maxday4,202505,research_papers\JEPA\results\event_option_variant_streams_full20_2025_2026_v1\d50ret
SPXW,20250521,202505,10:30,630,front_weekly,CALL,-0.0393575703196511,-0.0393575703196511,-0.0812360307510232,-0.3,-0.3,-0.3,thr-0.069_maxday4,202505,research_papers\JEPA\results\event_option_variant_streams_full20_2025_2026_v1\d50ret
SPXW,20250521,202505,11:00,660,front_weekly,PUT,-0.0617391132132499,-0.0860157106921246,-0.0617391132132499,-0.3,0.5,0.5,thr-0.069_maxday4,202505,research_papers\JEPA\results\event_option_variant_streams_full20_2025_2026_v1\d50ret
SPXW,20250521,202505,11:30,690,front_weekly,PUT,-0.0663419514576442,-0.0912448063134871,-0.0663419514576442,-0.3,0.5,0.5,thr-0.069_maxday4,202505,research_papers\JEPA\results\event_option_variant_streams_full20_2025_2026_v1\d50ret
SPXW,20250521,202505,12:00,720,front_weekly,CALL,-0.0652443179461889,-0.0652443179461889,-0.0894008016286279,-0.3,0.5,-0.3,thr-0.069_maxday4,202505,research_papers\JEPA\results\event_option_variant_streams_full20_2025_2026_v1\d50ret
SPXW,20250522,202505,13:25,805,front_weekly,PUT,-0.0134503739522505,-0.2464983633445009,-0.0134503739522505,-0.3,-0.3,-0.3,thr-0.069_maxday4,202505,research_papers\JEPA\results\event_option_variant_streams_full20_2025_2026_v1\d50ret
SPXW,20250522,202505,13:55,835,front_weekly,PUT,-0.0508626640203395,-0.252580821263728,-0.0508626640203395,-0.3,0.5,0.5,thr-0.069_maxday4,202505,research_papers\JEPA\results\event_option_variant_streams_full20_2025_2026_v1\d50ret
SPXW,20250522,202505,14:25,865,front_weekly,PUT,-0.0496312415562181,-0.1652975076814319,-0.0496312415562181,-0.3,0.5,0.5,thr-0.069_maxday4,202505,research_papers\JEPA\results\event_option_variant_streams_full20_2025_2026_v1\d50ret
SPXW,20250522,202505,14:55,895,front_weekly,PUT,-0.0208551791616764,-0.2481648390358766,-0.0208551791616764,-0.3,0.5,0.5,thr-0.069_maxday4,202505,research_papers\JEPA\results\event_option_variant_streams_full20_2025_2026_v1\d50ret
SPXW,20250523,202505,10:30,630,front_weekly,CALL,0.0043188513112635,0.0043188513112635,-0.0548016509774569,0.2188311910082383,-0.2650640272476654,0.2188311910082383,thr-0.069_maxday4,202505,research_papers\JEPA\results\event_option_variant_streams_full20_2025_2026_v1\d50ret
SPXW,20250523,202505,11:20,680,front_weekly,CALL,0.0047567477436461,0.0047567477436461,-0.0598519249199661,0.2539289410548486,-0.3,0.2539289410548486,thr-0.069_maxday4,202505,research_papers\JEPA\results\event_option_variant_streams_full20_2025_2026_v1\d50ret
SPXW,20250523,202505,11:50,710,front_weekly,CALL,-0.0061048436902842,-0.0061048436902842,-0.0415072142711433,0.0904392776744134,-0.2023753090078474,0.0904392776744134,thr-0.069_maxday4,202505,research_papers\JEPA\results\event_option_variant_streams_full20_2025_2026_v1\d50ret
SPXW,20250523,202505,12:20,740,front_weekly,CALL,0.0088055951008783,0.0088055951008783,-0.0513939236385109,0.1925042434444883,-0.3,0.1925042434444883,thr-0.069_maxday4,202505,research_papers\JEPA\results\event_option_variant_streams_full20_2025_2026_v1\d50ret
SPXW,20250527,202505,10:30,630,front_weekly,CALL,-0.030031881621309,-0.030031881621309,-0.0635473060695311,0.2681158952900653,-0.2267168223392688,0.2681158952900653,thr-0.069_maxday4,202505,research_papers\JEPA\results\event_option_variant_streams_full20_2025_2026_v1\d50ret
SPXW,20250527,202505,11:00,660,front_weekly,CALL,-0.0189650454558577,-0.0189650454558577,-0.0714294908465078,0.3377563882721386,-0.3,0.3377563882721386,thr-0.069_maxday4,202505,research_papers\JEPA\results\event_option_variant_streams_full20_2025_2026_v1\d50ret
SPXW,20250527,202505,11:30,690,front_weekly,CALL,-0.0190161641307954,-0.0190161641307954,-0.0382434094756287,0.2519901309413852,-0.214536921462359,0.2519901309413852,thr-0.069_maxday4,202505,research_papers\JEPA\results\event_option_variant_streams_full20_2025_2026_v1\d50ret
SPXW,20250527,202505,12:00,720,front_weekly,CALL,-0.0109700251429506,-0.0109700251429506,-0.0669804347689512,0.2177121885490858,-0.1700843793572506,0.2177121885490858,thr-0.069_maxday4,202505,research_papers\JEPA\results\event_option_variant_streams_full20_2025_2026_v1\d50ret
SPXW,20250528,202505,11:10,670,front_weekly,PUT,-0.0684274852984997,-0.1115217044445305,-0.0684274852984997,-0.0348258621488882,-0.1149746378300723,-0.1149746378300723,thr-0.069_maxday4,202505,research_papers\JEPA\results\event_option_variant_streams_full20_2025_2026_v1\d50ret
SPXW,20250528,202505,12:10,730,front_weekly,PUT,-0.0677789380647612,-0.081611197362375,-0.0677789380647612,0.0318653222131943,-0.1782082884686923,-0.1782082884686923,thr-0.069_maxday4,202505,research_papers\JEPA\results\event_option_variant_streams_full20_2025_2026_v1\d50ret
SPXW,20250528,202505,13:05,785,front_weekly,CALL,-0.0680598202985829,-0.0680598202985829,-0.097348501175831,-0.3,0.3116531036437697,-0.3,thr-0.069_maxday4,202505,research_papers\JEPA\results\event_option_variant_streams_full20_2025_2026_v1\d50ret
SPXW,20250529,202505,11:45,705,zero_dte,CALL,0.0016779364084632,0.0016779364084632,-0.2999805398313373,-0.3,0.5,-0.3,thr-0.069_maxday4,202505,research_papers\JEPA\results\event_option_variant_streams_full20_2025_2026_v1\d50ret
SPXW,20250529,202505,12:15,735,zero_dte,CALL,0.0610461702401073,0.0610461702401073,-0.2999805398313373,0.5,-0.3,0.5,thr-0.069_maxday4,202505,research_papers\JEPA\results\event_option_variant_streams_full20_2025_2026_v1\d50ret
SPXW,20250529,202505,13:25,805,front_weekly,CALL,0.0185059287184738,0.0185059287184738,-0.2322186257886201,-0.0873646212866436,-0.3,-0.0873646212866436,thr-0.069_maxday4,202505,research_papers\JEPA\results\event_option_variant_streams_full20_2025_2026_v1\d50ret
SPXW,20250529,202505,13:55,835,zero_dte,CALL,0.0582189059409005,0.0582189059409005,-0.2999805398313373,-0.3,-0.3,-0.3,thr-0.069_maxday4,202505,research_papers\JEPA\results\event_option_variant_streams_full20_2025_2026_v1\d50ret
SPXW,20250530,202505,10:30,630,front_weekly,CALL,-0.0225234872215659,-0.0225234872215659,-0.0451084351143713,-0.3,0.3989342901470201,-0.3,thr-0.069_maxday4,202505,research_papers\JEPA\results\event_option_variant_streams_full20_2025_2026_v1\d50ret
SPXW,20250530,202505,11:00,660,front_weekly,CALL,-0.0099154158043528,-0.0099154158043528,-0.063698735763954,-0.3,0.5,-0.3,thr-0.069_maxday4,202505,research_papers\JEPA\results\event_option_variant_streams_full20_2025_2026_v1\d50ret
SPXW,20250530,202505,11:30,690,front_weekly,CALL,0.0021594284314042,0.0021594284314042,-0.0679410498998221,-0.3,0.5,-0.3,thr-0.069_maxday4,202505,research_papers\JEPA\results\event_option_variant_streams_full20_2025_2026_v1\d50ret
SPXW,20250530,202505,12:10,730,front_weekly,CALL,-0.0081184047700144,-0.0081184047700144,-0.0489586980751855,-0.3,0.5,-0.3,thr-0.069_maxday4,202505,research_papers\JEPA\results\event_option_variant_streams_full20_2025_2026_v1\d50ret
SPXW,20250602,202506,10:40,640,front_weekly,CALL,0.0055997068361201,0.0055997068361201,-0.0732823923239665,0.1670258565762665,-0.178753795653092,0.1670258565762665,thr-0.005_maxday4,202506,research_papers\JEPA\results\event_option_variant_streams_full20_2025_2026_v1\d50ret
SPXW,20250602,202506,11:10,670,front_weekly,CALL,0.0114726939664375,0.0114726939664375,-0.0593246849073359,0.080694600640947,-0.1234490157299098,0.080694600640947,thr-0.005_maxday4,202506,research_papers\JEPA\results\event_option_variant_streams_full20_2025_2026_v1\d50ret
SPXW,20250602,202506,11:45,705,front_weekly,CALL,-0.001801680624593,-0.001801680624593,-0.045837469225038,0.2546623635136673,-0.2610240265735716,0.2546623635136673,thr-0.005_maxday4,202506,research_papers\JEPA\results\event_option_variant_streams_full20_2025_2026_v1\d50ret
SPXW,20250602,202506,12:15,735,front_weekly,CALL,-0.0023398974607572,-0.0023398974607572,-0.0415496115034847,0.2376997236802234,-0.2404255156821393,0.2376997236802234,thr-0.005_maxday4,202506,research_papers\JEPA\results\event_option_variant_streams_full20_2025_2026_v1\d50ret
SPXW,20250603,202506,10:40,640,front_weekly,CALL,0.0044963167874219,0.0044963167874219,-0.1047425678534809,0.5,-0.3,0.5,thr-0.005_maxday4,202506,research_papers\JEPA\results\event_option_variant_streams_full20_2025_2026_v1\d50ret
SPXW,20250603,202506,11:10,670,front_weekly,CALL,0.0331447157353047,0.0331447157353047,-0.1113273486082972,0.075833097438037,-0.057564911313143,0.075833097438037,thr-0.005_maxday4,202506,research_papers\JEPA\results\event_option_variant_streams_full20_2025_2026_v1\d50ret
SPXW,20250603,202506,11:40,700,front_weekly,CALL,0.0417328052631002,0.0417328052631002,-0.0929995181356667,0.1091377566279998,-0.1122715669954195,0.1091377566279998,thr-0.005_maxday4,202506,research_papers\JEPA\results\event_option_variant_streams_full20_2025_2026_v1\d50ret
SPXW,20250603,202506,12:10,730,front_weekly,CALL,0.041961275334798,0.041961275334798,-0.09732091547504,0.0854222026891897,-0.1709272644781745,0.0854222026891897,thr-0.005_maxday4,202506,research_papers\JEPA\results\event_option_variant_streams_full20_2025_2026_v1\d50ret
SPXW,20250605,202506,15:25,925,front_weekly,PUT,0.0029059553139802,-0.1649380985460917,0.0029059553139802,0.5,-0.3,-0.3,thr-0.005_maxday4,202506,research_papers\JEPA\results\event_option_variant_streams_full20_2025_2026_v1\d50ret
SPXW,20250606,202506,10:30,630,front_weekly,CALL,0.0394893156981719,0.0394893156981719,-0.0673730645544339,-0.161668808185634,0.1547491576012647,-0.161668808185634,thr-0.005_maxday4,202506,research_papers\JEPA\results\event_option_variant_streams_full20_2025_2026_v1\d50ret
SPXW,20250606,202506,11:00,660,front_weekly,CALL,0.0562874173735876,0.0562874173735876,-0.0952805404708674,-0.1141868238069666,-0.0115183086295402,-0.1141868238069666,thr-0.005_maxday4,202506,research_papers\JEPA\results\event_option_variant_streams_full20_2025_2026_v1\d50ret
SPXW,20250606,202506,11:30,690,front_weekly,CALL,0.0358645697225519,0.0358645697225519,-0.0617747752869438,0.1193258735571014,-0.1869059928050054,0.1193258735571014,thr-0.005_maxday4,202506,research_papers\JEPA\results\event_option_variant_streams_full20_2025_2026_v1\d50ret
SPXW,20250606,202506,12:00,720,front_weekly,CALL,0.0574522096447257,0.0574522096447257,-0.0793823359160621,0.0934579455911859,-0.1279069978442122,0.0934579455911859,thr-0.005_maxday4,202506,research_papers\JEPA\results\event_option_variant_streams_full20_2025_2026_v1\d50ret
SPXW,20250609,202506,10:30,630,zero_dte,PUT,0.4493487392495466,-0.2999779185888339,0.4493487392495466,-0.3,0.5,0.5,thr-0.005_maxday4,202506,research_papers\JEPA\results\event_option_variant_streams_full20_2025_2026_v1\d50ret
SPXW,20250609,202506,11:00,660,zero_dte,PUT,0.3856852728912804,-0.2999779185888339,0.3856852728912804,0.5,-0.3,-0.3,thr-0.005_maxday4,202506,research_papers\JEPA\results\event_option_variant_streams_full20_2025_2026_v1\d50ret
SPXW,20250609,202506,11:30,690,zero_dte,PUT,0.3899831525488391,-0.2999779185888339,0.3899831525488391,0.5,-0.3,-0.3,thr-0.005_maxday4,202506,research_papers\JEPA\results\event_option_variant_streams_full20_2025_2026_v1\d50ret
SPXW,20250609,202506,12:00,720,zero_dte,PUT,0.3873405136090851,-0.2999779185888339,0.3873405136090851,0.5,-0.3,-0.3,thr-0.005_maxday4,202506,research_papers\JEPA\results\event_option_variant_streams_full20_2025_2026_v1\d50ret
SPXW,20250610,202506,10:30,630,zero_dte,CALL,0.1832252565869016,0.1832252565869016,-0.299980502149432,-0.3,0.5,-0.3,thr-0.005_maxday4,202506,research_papers\JEPA\results\event_option_variant_streams_full20_2025_2026_v1\d50ret
SPXW,20250610,202506,11:00,660,zero_dte,CALL,0.1832252565869016,0.1832252565869016,-0.299980502149432,-0.3,0.5,-0.3,thr-0.005_maxday4,202506,research_papers\JEPA\results\event_option_variant_streams_full20_2025_2026_v1\d50ret
SPXW,20250610,202506,11:30,690,zero_dte,CALL,0.1832252565869016,0.1832252565869016,-0.299980502149432,-0.3,0.5,-0.3,thr-0.005_maxday4,202506,research_papers\JEPA\results\event_option_variant_streams_full20_2025_2026_v1\d50ret
SPXW,20250610,202506,12:00,720,zero_dte,CALL,0.1832252565869016,0.1832252565869016,-0.299980502149432,0.5,-0.3,0.5,thr-0.005_maxday4,202506,research_papers\JEPA\results\event_option_variant_streams_full20_2025_2026_v1\d50ret
SPXW,20250611,202506,10:50,650,front_weekly,CALL,0.0175402207233108,0.0175402207233108,-0.0611398364715962,-0.3,0.0732600378151075,-0.3,thr-0.005_maxday4,202506,research_papers\JEPA\results\event_option_variant_streams_full20_2025_2026_v1\d50ret
SPXW,20250611,202506,11:30,690,front_weekly,CALL,-0.0014681277970079,-0.0014681277970079,-0.0334856260502773,-0.3,0.5,-0.3,thr-0.005_maxday4,202506,research_papers\JEPA\results\event_option_variant_streams_full20_2025_2026_v1\d50ret
SPXW,20250611,202506,12:00,720,front_weekly,CALL,0.0016449453365361,0.0016449453365361,-0.0996729984242534,-0.3,0.5,-0.3,thr-0.005_maxday4,202506,research_papers\JEPA\results\event_option_variant_streams_full20_2025_2026_v1\d50ret
SPXW,20250611,202506,13:10,790,front_weekly,PUT,0.0115365938547661,-0.017354699347508,0.0115365938547661,-0.3,0.5,0.5,thr-0.005_maxday4,202506,research_papers\JEPA\results\event_option_variant_streams_full20_2025_2026_v1\d50ret
SPXW,20250612,202506,10:35,635,zero_dte,CALL,0.0682029913832466,0.0682029913832466,-0.3052585409279928,0.5,-0.3,0.5,thr-0.005_maxday4,202506,research_papers\JEPA\results\event_option_variant_streams_full20_2025_2026_v1\d50ret
SPXW,20250612,202506,12:45,765,zero_dte,CALL,0.1307583888972256,0.1307583888972256,-0.2975934991476784,-0.3,0.5,-0.3,thr-0.005_maxday4,202506,research_papers\JEPA\results\event_option_variant_streams_full20_2025_2026_v1\d50ret
SPXW,20250612,202506,13:20,800,zero_dte,CALL,0.1078967252776909,0.1078967252776909,-0.2976552965073645,-0.3,-0.3,-0.3,thr-0.005_maxday4,202506,research_papers\JEPA\results\event_option_variant_streams_full20_2025_2026_v1\d50ret
SPXW,20250613,202506,12:00,720,front_weekly,PUT,-0.004253557955756,-0.1072827173751017,-0.004253557955756,-0.3,0.5,0.5,thr-0.005_maxday4,202506,research_papers\JEPA\results\event_option_variant_streams_full20_2025_2026_v1\d50ret
SPXW,20250613,202506,12:45,765,front_weekly,PUT,-0.0012852868786035,-0.09181763152297,-0.0012852868786035,-0.3,0.5,0.5,thr-0.005_maxday4,202506,research_papers\JEPA\results\event_option_variant_streams_full20_2025_2026_v1\d50ret
SPXW,20250616,202506,10:35,635,front_weekly,PUT,0.0004135513161448,-0.0782348772065709,0.0004135513161448,-0.1342746543916005,0.1785268268220359,0.1785268268220359,thr-0.005_maxday4,202506,research_papers\JEPA\results\event_option_variant_streams_full20_2025_2026_v1\d50ret
SPXW,20250616,202506,14:50,890,front_weekly,CALL,-0.0031971858347936,-0.0031971858347936,-0.0417180965542896,0.063371406333877,-0.1042471326806191,0.063371406333877,thr-0.005_maxday4,202506,research_papers\JEPA\results\event_option_variant_streams_full20_2025_2026_v1\d50ret
SPXW,20250617,202506,10:30,630,front_weekly,CALL,0.0055649150007356,0.0055649150007356,-0.1500831160565967,-0.1579634297017514,0.5,-0.1579634297017514,thr-0.005_maxday4,202506,research_papers\JEPA\results\event_option_variant_streams_full20_2025_2026_v1\d50ret
SPXW,20250617,202506,11:10,670,front_weekly,CALL,-0.0029095456431238,-0.0029095456431238,-0.1291126979180398,-0.2418300653594771,0.5,-0.2418300653594771,thr-0.005_maxday4,202506,research_papers\JEPA\results\event_option_variant_streams_full20_2025_2026_v1\d50ret
SPXW,20250617,202506,11:40,700,front_weekly,CALL,0.000231300074451,0.000231300074451,-0.1288333419508313,-0.2061856100873177,0.5,-0.2061856100873177,thr-0.005_maxday4,202506,research_papers\JEPA\results\event_option_variant_streams_full20_2025_2026_v1\d50ret
SPXW,20250617,202506,12:10,730,front_weekly,CALL,0.0018904601053977,0.0018904601053977,-0.1561395981283868,-0.3,0.5,-0.3,thr-0.005_maxday4,202506,research_papers\JEPA\results\event_option_variant_streams_full20_2025_2026_v1\d50ret
SPXW,20250620,202506,10:30,630,front_weekly,PUT,-0.0042107520835981,-0.1686788818228034,-0.0042107520835981,-0.2646502494065675,0.1658827491215431,0.1658827491215431,thr-0.005_maxday4,202506,research_papers\JEPA\results\event_option_variant_streams_full20_2025_2026_v1\d50ret
SPXW,20250620,202506,11:20,680,front_weekly,PUT,0.0017791938823697,-0.1702652401216538,0.0017791938823697,-0.1516377822173145,0.043526187126633,0.043526187126633,thr-0.005_maxday4,202506,research_papers\JEPA\results\event_option_variant_streams_full20_2025_2026_v1\d50ret
SPXW,20250620,202506,13:25,805,front_weekly,PUT,-0.000637199263024,-0.145425664650198,-0.000637199263024,-0.0420749372892732,-0.0046511627906976,-0.0046511627906976,thr-0.005_maxday4,202506,research_papers\JEPA\results\event_option_variant_streams_full20_2025_2026_v1\d50ret
SPXW,20250623,202506,10:45,645,zero_dte,PUT,0.0252576217240499,-0.2999779185888339,0.0252576217240499,-0.3,0.5,0.5,thr-0.005_maxday4,202506,research_papers\JEPA\results\event_option_variant_streams_full20_2025_2026_v1\d50ret
SPXW,20250623,202506,11:20,680,zero_dte,PUT,0.0326389923851398,-0.2999779185888339,0.0326389923851398,-0.3,0.5,0.5,thr-0.005_maxday4,202506,research_papers\JEPA\results\event_option_variant_streams_full20_2025_2026_v1\d50ret
SPXW,20250623,202506,12:50,770,front_weekly,CALL,0.0094050292001043,0.0094050292001043,-0.0615442007149927,0.5,-0.3,0.5,thr-0.005_maxday4,202506,research_papers\JEPA\results\event_option_variant_streams_full20_2025_2026_v1\d50ret
SPXW,20250623,202506,13:45,825,zero_dte,PUT,0.0282105400422357,-0.2999779185888339,0.0282105400422357,-0.3,-0.3,-0.3,thr-0.005_maxday4,202506,research_papers\JEPA\results\event_option_variant_streams_full20_2025_2026_v1\d50ret
SPXW,20250624,202506,10:30,630,zero_dte,CALL,0.0207050972929463,0.0207050972929463,-0.2256463536133997,0.5,-0.3,0.5,thr-0.005_maxday4,202506,research_papers\JEPA\results\event_option_variant_streams_full20_2025_2026_v1\d50ret
SPXW,20250624,202506,11:00,660,zero_dte,CALL,0.0207050972929463,0.0207050972929463,-0.2256463536133997,0.5,-0.3,0.5,thr-0.005_maxday4,202506,research_papers\JEPA\results\event_option_variant_streams_full20_2025_2026_v1\d50ret
SPXW,20250624,202506,11:30,690,zero_dte,CALL,0.0207709252429055,0.0207709252429055,-0.2256463536133997,0.5,-0.3,0.5,thr-0.005_maxday4,202506,research_papers\JEPA\results\event_option_variant_streams_full20_2025_2026_v1\d50ret
SPXW,20250624,202506,12:00,720,zero_dte,CALL,0.0207709252429055,0.0207709252429055,-0.2180431091927714,0.5,-0.3,0.5,thr-0.005_maxday4,202506,research_papers\JEPA\results\event_option_variant_streams_full20_2025_2026_v1\d50ret
SPXW,20250625,202506,10:30,630,front_weekly,CALL,0.0674099775518621,0.0674099775518621,-0.1694840404187245,-0.3,0.0754790898791619,-0.3,thr-0.005_maxday4,202506,research_papers\JEPA\results\event_option_variant_streams_full20_2025_2026_v1\d50ret
SPXW,20250625,202506,11:00,660,front_weekly,CALL,0.0553371511070998,0.0553371511070998,-0.1287749984486866,-0.3,0.2749003790304423,-0.3,thr-0.005_maxday4,202506,research_papers\JEPA\results\event_option_variant_streams_full20_2025_2026_v1\d50ret
SPXW,20250625,202506,11:30,690,front_weekly,CALL,0.0402940403859047,0.0402940403859047,-0.1522135302031489,-0.18,0.0711864524584875,-0.18,thr-0.005_maxday4,202506,research_papers\JEPA\results\event_option_variant_streams_full20_2025_2026_v1\d50ret
SPXW,20250625,202506,12:00,720,front_weekly,CALL,0.0478347332143512,0.0478347332143512,-0.1046133657345862,-0.1881028358396033,0.0626072474668741,-0.1881028358396033,thr-0.005_maxday4,202506,research_papers\JEPA\results\event_option_variant_streams_full20_2025_2026_v1\d50ret
SPXW,20250626,202506,10:45,645,zero_dte,PUT,0.4087651529828685,-0.2999779185888339,0.4087651529828685,0.5,-0.3,-0.3,thr-0.005_maxday4,202506,research_papers\JEPA\results\event_option_variant_streams_full20_2025_2026_v1\d50ret
SPXW,20250626,202506,13:25,805,zero_dte,CALL,0.1418596891300384,0.1418596891300384,-0.2711374099839381,0.5,-0.3,0.5,thr-0.005_maxday4,202506,research_papers\JEPA\results\event_option_variant_streams_full20_2025_2026_v1\d50ret
SPXW,20250627,202506,10:30,630,front_weekly,PUT,0.1085642077872821,-0.1341018459195408,0.1085642077872821,0.0609049395794207,-0.1007956881979688,-0.1007956881979688,thr-0.005_maxday4,202506,research_papers\JEPA\results\event_option_variant_streams_full20_2025_2026_v1\d50ret
SPXW,20250627,202506,11:00,660,front_weekly,PUT,0.1697868052148795,-0.1574380812014246,0.1697868052148795,-0.0534124420826775,0.1034482688837512,0.1034482688837512,thr-0.005_maxday4,202506,research_papers\JEPA\results\event_option_variant_streams_full20_2025_2026_v1\d50ret
SPXW,20250627,202506,11:30,690,front_weekly,PUT,0.0645861353432872,-0.1320302832878418,0.0645861353432872,-0.3,0.2616689672654195,0.2616689672654195,thr-0.005_maxday4,202506,research_papers\JEPA\results\event_option_variant_streams_full20_2025_2026_v1\d50ret
SPXW,20250627,202506,12:00,720,front_weekly,PUT,0.1010923742567743,-0.1352823760363523,0.1010923742567743,-0.3,0.5,0.5,thr-0.005_maxday4,202506,research_papers\JEPA\results\event_option_variant_streams_full20_2025_2026_v1\d50ret
SPXW,20250701,202507,10:30,630,zero_dte,PUT,0.2775962973925577,-0.2999779451705717,0.2775962973925577,-0.3,0.5,0.5,thr0.000_maxday2,202507,research_papers\JEPA\results\event_option_variant_streams_full20_2025_2026_v1\d50ret
SPXW,20250701,202507,11:00,660,zero_dte,PUT,0.2728263935551842,0.0111772096400745,0.2728263935551842,0.5,-0.3,-0.3,thr0.000_maxday2,202507,research_papers\JEPA\results\event_option_variant_streams_full20_2025_2026_v1\d50ret
SPXW,20250702,202507,10:30,630,zero_dte,PUT,0.3529156357966171,-0.2999779451705717,0.3529156357966171,0.5,-0.3,-0.3,thr0.000_maxday2,202507,research_papers\JEPA\results\event_option_variant_streams_full20_2025_2026_v1\d50ret
SPXW,20250702,202507,11:00,660,zero_dte,PUT,0.3741933734756253,-0.2999779451705717,0.3741933734756253,-0.0421052230031866,-0.3,-0.3,thr0.000_maxday2,202507,research_papers\JEPA\results\event_option_variant_streams_full20_2025_2026_v1\d50ret
SPXW,20250707,202507,12:35,755,zero_dte,CALL,0.0204443080790639,0.0204443080790639,-0.256112727576101,-0.3,0.5,-0.3,thr0.000_maxday2,202507,research_papers\JEPA\results\event_option_variant_streams_full20_2025_2026_v1\d50ret
SPXW,20250707,202507,13:30,810,zero_dte,CALL,0.0203613545071139,0.0203613545071139,-0.2412302275533681,-0.3,0.5,-0.3,thr0.000_maxday2,202507,research_papers\JEPA\results\event_option_variant_streams_full20_2025_2026_v1\d50ret
SPXW,20250708,202507,10:30,630,zero_dte,PUT,0.4123624727794936,-0.2999779451705717,0.4123624727794936,0.5,-0.3,-0.3,thr0.000_maxday2,202507,research_papers\JEPA\results\event_option_variant_streams_full20_2025_2026_v1\d50ret
SPXW,20250708,202507,11:00,660,zero_dte,PUT,0.4119378313613274,-0.2999779451705717,0.4119378313613274,-0.3,-0.3,-0.3,thr0.000_maxday2,202507,research_papers\JEPA\results\event_option_variant_streams_full20_2025_2026_v1\d50ret
SPXW,20250709,202507,10:30,630,front_weekly,PUT,0.0221417505712436,-0.1081353790510618,0.0221417505712436,-0.3,0.0568181826391824,0.0568181826391824,thr0.000_maxday2,202507,research_papers\JEPA\results\event_option_variant_streams_full20_2025_2026_v1\d50ret
SPXW,20250709,202507,11:00,660,zero_dte,PUT,0.4035369396079898,-0.2897428068839229,0.4035369396079898,0.2833333015441894,-0.3,-0.3,thr0.000_maxday2,202507,research_papers\JEPA\results\event_option_variant_streams_full20_2025_2026_v1\d50ret
SPXW,20250710,202507,11:45,705,zero_dte,PUT,0.3224787318045167,-0.299975078387834,0.3224787318045167,-0.3,0.5,0.5,thr0.000_maxday2,202507,research_papers\JEPA\results\event_option_variant_streams_full20_2025_2026_v1\d50ret
SPXW,20250710,202507,13:05,785,zero_dte,PUT,0.3065911308208941,-0.299975078387834,0.3065911308208941,0.5,-0.3,-0.3,thr0.000_maxday2,202507,research_papers\JEPA\results\event_option_variant_streams_full20_2025_2026_v1\d50ret
SPXW,20250711,202507,10:30,630,zero_dte,PUT,0.4273628135520609,-0.2999779451705717,0.4273628135520609,-0.3,0.5,0.5,thr0.000_maxday2,202507,research_papers\JEPA\results\event_option_variant_streams_full20_2025_2026_v1\d50ret
SPXW,20250711,202507,11:00,660,zero_dte,PUT,0.4188836233369463,-0.2999779451705717,0.4188836233369463,-0.3,0.5,0.5,thr0.000_maxday2,202507,research_papers\JEPA\results\event_option_variant_streams_full20_2025_2026_v1\d50ret
SPXW,20250714,202507,10:30,630,zero_dte,PUT,0.4122753924656491,-0.2999779451705717,0.4122753924656491,0.5,-0.3,-0.3,thr0.000_maxday2,202507,research_papers\JEPA\results\event_option_variant_streams_full20_2025_2026_v1\d50ret
SPXW,20250714,202507,11:00,660,zero_dte,PUT,0.4115407568459192,-0.2999779451705717,0.4115407568459192,0.5,-0.3,-0.3,thr0.000_maxday2,202507,research_papers\JEPA\results\event_option_variant_streams_full20_2025_2026_v1\d50ret
SPXW,20250715,202507,10:30,630,front_weekly,PUT,0.05518947696171,-0.1415223174077053,0.05518947696171,-0.3,0.3024420093469635,0.3024420093469635,thr0.000_maxday2,202507,research_papers\JEPA\results\event_option_variant_streams_full20_2025_2026_v1\d50ret
SPXW,20250715,202507,11:00,660,zero_dte,PUT,0.394472417849079,-0.2999718794489199,0.394472417849079,0.5,-0.3,-0.3,thr0.000_maxday2,202507,research_papers\JEPA\results\event_option_variant_streams_full20_2025_2026_v1\d50ret
SPXW,20250716,202507,10:30,630,front_weekly,PUT,0.0037385460017384,-0.1002249409412371,0.0037385460017384,-0.3,0.5,0.5,thr0.000_maxday2,202507,research_papers\JEPA\results\event_option_variant_streams_full20_2025_2026_v1\d50ret
SPXW,20250716,202507,11:20,680,zero_dte,PUT,0.4384181843073608,-0.2999779451705717,0.4384181843073608,-0.3,-0.3,-0.3,thr0.000_maxday2,202507,research_papers\JEPA\results\event_option_variant_streams_full20_2025_2026_v1\d50ret
SPXW,20250718,202507,10:30,630,zero_dte,PUT,0.4188836233369463,-0.2999779451705717,0.4188836233369463,-0.3,-0.3,-0.3,thr0.000_maxday2,202507,research_papers\JEPA\results\event_option_variant_streams_full20_2025_2026_v1\d50ret
SPXW,20250718,202507,11:00,660,zero_dte,PUT,0.3801426875071225,-0.2999779451705717,0.3801426875071225,0.5,-0.3,-0.3,thr0.000_maxday2,202507,research_papers\JEPA\results\event_option_variant_streams_full20_2025_2026_v1\d50ret
SPXW,20250721,202507,10:30,630,front_weekly,PUT,0.0675407860920933,-0.1159390987047262,0.0675407860920933,0.0045015880363734,-0.0808081301086598,-0.0808081301086598,thr0.000_maxday2,202507,research_papers\JEPA\results\event_option_variant_streams_full20_2025_2026_v1\d50ret
SPXW,20250721,202507,11:00,660,front_weekly,PUT,0.0734982898234176,-0.1364978023472531,0.0734982898234176,0.0147766425958397,-0.0418918836195161,-0.0418918836195161,thr0.000_maxday2,202507,research_papers\JEPA\results\event_option_variant_streams_full20_2025_2026_v1\d50ret
SPXW,20250722,202507,10:30,630,front_weekly,PUT,0.0122705252956177,-0.1462214352652156,0.0122705252956177,0.2755102206315829,-0.3,-0.3,thr0.000_maxday2,202507,research_papers\JEPA\results\event_option_variant_streams_full20_2025_2026_v1\d50ret
SPXW,20250722,202507,11:10,670,front_weekly,PUT,0.012551076471211,-0.1417216395179016,0.012551076471211,0.1016949152542372,-0.1923636696555397,-0.1923636696555397,thr0.000_maxday2,202507,research_papers\JEPA\results\event_option_variant_streams_full20_2025_2026_v1\d50ret
SPXW,20250723,202507,10:30,630,zero_dte,PUT,0.2369427068374218,-0.2999779451705717,0.2369427068374218,-0.3,-0.3,-0.3,thr0.000_maxday2,202507,research_papers\JEPA\results\event_option_variant_streams_full20_2025_2026_v1\d50ret
SPXW,20250723,202507,11:05,665,zero_dte,PUT,0.2156649691584137,-0.2999779451705717,0.2156649691584137,0.5,-0.3,-0.3,thr0.000_maxday2,202507,research_papers\JEPA\results\event_option_variant_streams_full20_2025_2026_v1\d50ret
SPXW,20250724,202507,11:05,665,zero_dte,PUT,0.3241997694970899,-0.2999750417955535,0.3241997694970899,-0.3,0.5,0.5,thr0.000_maxday2,202507,research_papers\JEPA\results\event_option_variant_streams_full20_2025_2026_v1\d50ret
SPXW,20250724,202507,11:40,700,zero_dte,PUT,0.3381671812355502,-0.2999750417955535,0.3381671812355502,-0.3,0.5,0.5,thr0.000_maxday2,202507,research_papers\JEPA\results\event_option_variant_streams_full20_2025_2026_v1\d50ret
SPXW,20250725,202507,10:30,630,zero_dte,CALL,0.1971723314703148,0.1971723314703148,-0.2999805021543796,0.5,-0.3,0.5,thr0.000_maxday2,202507,research_papers\JEPA\results\event_option_variant_streams_full20_2025_2026_v1\d50ret
SPXW,20250725,202507,11:00,660,zero_dte,CALL,0.1971723314703148,0.1971723314703148,-0.2999805021543796,0.5,-0.3,0.5,thr0.000_maxday2,202507,research_papers\JEPA\results\event_option_variant_streams_full20_2025_2026_v1\d50ret
SPXW,20250728,202507,10:30,630,zero_dte,CALL,0.1971723314703148,0.1971723314703148,-0.2999805021543796,-0.3,0.5,-0.3,thr0.000_maxday2,202507,research_papers\JEPA\results\event_option_variant_streams_full20_2025_2026_v1\d50ret
SPXW,20250728,202507,11:00,660,zero_dte,CALL,0.2064339174898518,0.2064339174898518,-0.2999805021543796,-0.3,0.5,-0.3,thr0.000_maxday2,202507,research_papers\JEPA\results\event_option_variant_streams_full20_2025_2026_v1\d50ret
SPXW,20250729,202507,10:30,630,zero_dte,PUT,0.2272848039147214,-0.2999750417955535,0.2272848039147214,-0.3,0.5,0.5,thr0.000_maxday2,202507,research_papers\JEPA\results\event_option_variant_streams_full20_2025_2026_v1\d50ret
SPXW,20250729,202507,11:00,660,zero_dte,PUT,0.2562697718884935,-0.2999750417955535,0.2562697718884935,-0.3,0.5,0.5,thr0.000_maxday2,202507,research_papers\JEPA\results\event_option_variant_streams_full20_2025_2026_v1\d50ret
SPXW,20250730,202507,10:30,630,front_weekly,CALL,0.0280017331711091,0.0280017331711091,-0.1491199551841676,-0.0445683069864211,0.0444993386757954,-0.0445683069864211,thr0.000_maxday2,202507,research_papers\JEPA\results\event_option_variant_streams_full20_2025_2026_v1\d50ret
SPXW,20250730,202507,11:00,660,front_weekly,CALL,0.0446985993623766,0.0446985993623766,-0.1272932984656528,0.0878613020113598,-0.0949554588800807,0.0878613020113598,thr0.000_maxday2,202507,research_papers\JEPA\results\event_option_variant_streams_full20_2025_2026_v1\d50ret
SPXW,20250731,202507,10:55,655,zero_dte,PUT,0.3621454321404496,-0.2999779451705717,0.3621454321404496,-0.3,0.5,0.5,thr0.000_maxday2,202507,research_papers\JEPA\results\event_option_variant_streams_full20_2025_2026_v1\d50ret
SPXW,20250731,202507,11:25,685,zero_dte,PUT,0.4384181843073608,-0.2999779451705717,0.4384181843073608,0.5,-0.3,-0.3,thr0.000_maxday2,202507,research_papers\JEPA\results\event_option_variant_streams_full20_2025_2026_v1\d50ret
SPXW,20250801,202508,13:20,800,front_weekly,PUT,0.0581647373412623,-0.0776917449387903,0.0581647373412623,0.0417860393200479,-0.1430117494798435,-0.1430117494798435,thr-0.025_maxday1,202508,research_papers\JEPA\results\event_option_variant_streams_full20_2025_2026_v1\d50ret
SPXW,20250804,202508,10:30,630,front_weekly,PUT,0.036816406266025,-0.1578887542242832,0.036816406266025,0.0882663884545325,-0.1934958923108727,-0.1934958923108727,thr-0.025_maxday1,202508,research_papers\JEPA\results\event_option_variant_streams_full20_2025_2026_v1\d50ret
SPXW,20250805,202508,10:30,630,zero_dte,PUT,0.475415715310996,-0.299977876985647,0.475415715310996,-0.3,0.5,0.5,thr-0.025_maxday1,202508,research_papers\JEPA\results\event_option_variant_streams_full20_2025_2026_v1\d50ret
SPXW,20250806,202508,10:40,640,zero_dte,PUT,0.5055652177245908,-0.299977876985647,0.5055652177245908,0.5,-0.3,-0.3,thr-0.025_maxday1,202508,research_papers\JEPA\results\event_option_variant_streams_full20_2025_2026_v1\d50ret
SPXW,20250807,202508,11:05,665,zero_dte,PUT,0.475415715310996,-0.299977876985647,0.475415715310996,-0.3,0.5,0.5,thr-0.025_maxday1,202508,research_papers\JEPA\results\event_option_variant_streams_full20_2025_2026_v1\d50ret
SPXW,20250808,202508,10:30,630,front_weekly,PUT,0.0692292775323824,-0.1160421219552188,0.0692292775323824,-0.0273632404960663,-0.0578887872454193,-0.0578887872454193,thr-0.025_maxday1,202508,research_papers\JEPA\results\event_option_variant_streams_full20_2025_2026_v1\d50ret
SPXW,20250811,202508,10:30,630,zero_dte,CALL,0.1693735544598775,0.1693735544598775,-0.1955075846663523,-0.3,-0.3,-0.3,thr-0.025_maxday1,202508,research_papers\JEPA\results\event_option_variant_streams_full20_2025_2026_v1\d50ret
SPXW,20250812,202508,10:30,630,zero_dte,PUT,0.3982201615948758,-0.299977876985647,0.3982201615948758,0.5,-0.3,-0.3,thr-0.025_maxday1,202508,research_papers\JEPA\results\event_option_variant_streams_full20_2025_2026_v1\d50ret
SPXW,20250813,202508,10:30,630,zero_dte,PUT,0.3607732634508815,-0.277811209554054,0.3607732634508815,-0.3,0.5,0.5,thr-0.025_maxday1,202508,research_papers\JEPA\results\event_option_variant_streams_full20_2025_2026_v1\d50ret
SPXW,20250814,202508,10:30,630,zero_dte,PUT,0.4779461561108142,-0.277811209554054,0.4779461561108142,0.5,-0.3,-0.3,thr-0.025_maxday1,202508,research_papers\JEPA\results\event_option_variant_streams_full20_2025_2026_v1\d50ret
SPXW,20250815,202508,10:30,630,front_weekly,PUT,0.102792198929074,-0.1584663464570669,0.102792198929074,-0.0027248061195646,-0.0195488895765116,-0.0195488895765116,thr-0.025_maxday1,202508,research_papers\JEPA\results\event_option_variant_streams_full20_2025_2026_v1\d50ret
SPXW,20250818,202508,13:10,790,front_weekly,CALL,-0.0169278321044061,-0.0169278321044061,-0.0666845342384291,0.0552325476627855,-0.1415901933579119,0.0552325476627855,thr-0.025_maxday1,202508,research_papers\JEPA\results\event_option_variant_streams_full20_2025_2026_v1\d50ret
SPXW,20250819,202508,10:30,630,zero_dte,PUT,0.475415715310996,-0.299977876985647,0.475415715310996,-0.3,-0.3,-0.3,thr-0.025_maxday1,202508,research_papers\JEPA\results\event_option_variant_streams_full20_2025_2026_v1\d50ret
SPXW,20250820,202508,10:30,630,zero_dte,PUT,0.4779461561108142,-0.277731532537331,0.4779461561108142,-0.3,-0.3,-0.3,thr-0.025_maxday1,202508,research_papers\JEPA\results\event_option_variant_streams_full20_2025_2026_v1\d50ret
SPXW,20250821,202508,10:30,630,zero_dte,PUT,0.5080956585244092,-0.299977876985647,0.5080956585244092,-0.3,0.5,0.5,thr-0.025_maxday1,202508,research_papers\JEPA\results\event_option_variant_streams_full20_2025_2026_v1\d50ret
SPXW,20250822,202508,10:30,630,front_weekly,PUT,0.0398594579020637,-0.0499550034765867,0.0398594579020637,0.0902613090255872,-0.2596658534563547,-0.2596658534563547,thr-0.025_maxday1,202508,research_papers\JEPA\results\event_option_variant_streams_full20_2025_2026_v1\d50ret
SPXW,20250826,202508,10:30,630,zero_dte,PUT,0.140983516404199,-0.299977876985647,0.140983516404199,-0.3,0.5,0.5,thr-0.025_maxday1,202508,research_papers\JEPA\results\event_option_variant_streams_full20_2025_2026_v1\d50ret
SPXW,20250827,202508,10:30,630,zero_dte,PUT,0.1605713259020583,-0.2200033780855699,0.1605713259020583,-0.3,-0.3,-0.3,thr-0.025_maxday1,202508,research_papers\JEPA\results\event_option_variant_streams_full20_2025_2026_v1\d50ret
SPXW,20250828,202508,11:15,675,zero_dte,PUT,0.3526763592314285,-0.299977876985647,0.3526763592314285,-0.3,0.5,0.5,thr-0.025_maxday1,202508,research_papers\JEPA\results\event_option_variant_streams_full20_2025_2026_v1\d50ret
SPXW,20250829,202508,10:30,630,front_weekly,PUT,0.1030883955369299,-0.1366202842276816,0.1030883955369299,-0.0945735929791825,0.0650602593479385,0.0650602593479385,thr-0.025_maxday1,202508,research_papers\JEPA\results\event_option_variant_streams_full20_2025_2026_v1\d50ret
SPXW,20250902,202509,10:30,630,zero_dte,PUT,0.2344062404322998,-0.2999778769849401,0.2344062404322998,-0.3,0.5,0.5,thr-0.012_maxday1,202509,research_papers\JEPA\results\event_option_variant_streams_full20_2025_2026_v1\d50ret
SPXW,20250903,202509,10:30,630,front_weekly,CALL,0.0129150480300538,0.0129150480300538,-0.102248140644878,-0.091210614752706,-0.0032573413350023,-0.091210614752706,thr-0.012_maxday1,202509,research_papers\JEPA\results\event_option_variant_streams_full20_2025_2026_v1\d50ret
SPXW,20250905,202509,10:30,630,zero_dte,PUT,0.3092635068088882,-0.2999778769849401,0.3092635068088882,-0.3,0.5,0.5,thr-0.012_maxday1,202509,research_papers\JEPA\results\event_option_variant_streams_full20_2025_2026_v1\d50ret
SPXW,20250910,202509,10:30,630,front_weekly,CALL,-0.0064800731443266,-0.0064800731443266,-0.0998095045335871,-0.3,0.3068493761532818,-0.3,thr-0.012_maxday1,202509,research_papers\JEPA\results\event_option_variant_streams_full20_2025_2026_v1\d50ret
SPXW,20250911,202509,10:35,635,zero_dte,PUT,0.1107292123470061,-0.2999778769849401,0.1107292123470061,0.5,-0.3,-0.3,thr-0.012_maxday1,202509,research_papers\JEPA\results\event_option_variant_streams_full20_2025_2026_v1\d50ret
SPXW,20250912,202509,10:35,635,front_weekly,CALL,0.0124661453802862,0.0124661453802862,-0.1019120115966626,-0.0301897157067075,-0.0590030445785991,-0.0301897157067075,thr-0.012_maxday1,202509,research_papers\JEPA\results\event_option_variant_streams_full20_2025_2026_v1\d50ret
SPXW,20250915,202509,12:10,730,front_weekly,CALL,-0.0098665923009381,-0.0098665923009381,-0.0992300635535544,-0.1229050666264027,0.1404493831200612,-0.1229050666264027,thr-0.012_maxday1,202509,research_papers\JEPA\results\event_option_variant_streams_full20_2025_2026_v1\d50ret
SPXW,20250916,202509,10:30,630,zero_dte,PUT,0.2087351983076192,-0.2999778769849401,0.2087351983076192,-0.3,-0.3,-0.3,thr-0.012_maxday1,202509,research_papers\JEPA\results\event_option_variant_streams_full20_2025_2026_v1\d50ret
SPXW,20250917,202509,10:30,630,front_weekly,CALL,0.0918399604057077,0.0918399604057077,-0.1751132115779342,-0.0601504118821218,0.0633879724466282,-0.0601504118821218,thr-0.012_maxday1,202509,research_papers\JEPA\results\event_option_variant_streams_full20_2025_2026_v1\d50ret
SPXW,20250919,202509,12:40,760,front_weekly,CALL,-0.0101016755279806,-0.0101016755279806,-0.0733887411932698,0.1753425075583261,-0.1865789513838919,0.1753425075583261,thr-0.012_maxday1,202509,research_papers\JEPA\results\event_option_variant_streams_full20_2025_2026_v1\d50ret
SPXW,20250922,202509,10:30,630,zero_dte,PUT,0.2034817981552091,-0.2999778769849401,0.2034817981552091,0.5,-0.3,-0.3,thr-0.012_maxday1,202509,research_papers\JEPA\results\event_option_variant_streams_full20_2025_2026_v1\d50ret
SPXW,20250923,202509,10:30,630,front_weekly,CALL,0.0210457231932463,0.0210457231932463,-0.1066964311581596,-0.3,0.5,-0.3,thr-0.012_maxday1,202509,research_papers\JEPA\results\event_option_variant_streams_full20_2025_2026_v1\d50ret
SPXW,20250924,202509,10:30,630,zero_dte,PUT,0.2120085227510386,-0.2999778769849401,0.2120085227510386,-0.3,0.5,0.5,thr-0.012_maxday1,202509,research_papers\JEPA\results\event_option_variant_streams_full20_2025_2026_v1\d50ret
SPXW,20250925,202509,10:30,630,zero_dte,PUT,0.2342809044528217,-0.2999778769849401,0.2342809044528217,-0.3,-0.3,-0.3,thr-0.012_maxday1,202509,research_papers\JEPA\results\event_option_variant_streams_full20_2025_2026_v1\d50ret
SPXW,20250926,202509,10:30,630,zero_dte,PUT,0.2388561125229472,-0.2999778769849401,0.2388561125229472,0.5,-0.3,-0.3,thr-0.012_maxday1,202509,research_papers\JEPA\results\event_option_variant_streams_full20_2025_2026_v1\d50ret
SPXW,20250929,202509,10:55,655,front_weekly,PUT,-0.0101231454605409,-0.0502118843271498,-0.0101231454605409,-0.3,0.2408537106596251,0.2408537106596251,thr-0.012_maxday1,202509,research_papers\JEPA\results\event_option_variant_streams_full20_2025_2026_v1\d50ret
SPXW,20250930,202509,11:20,680,front_weekly,PUT,0.0105171323746979,-0.1022833586369883,0.0105171323746979,0.1993243088680434,-0.1913477842654782,-0.1913477842654782,thr-0.012_maxday1,202509,research_papers\JEPA\results\event_option_variant_streams_full20_2025_2026_v1\d50ret
SPXW,20251201,202512,10:30,630,front_weekly,CALL,-0.0271040365554255,-0.0271040365554255,-0.0646396395855938,0.2638297883853018,-0.3,0.2638297883853018,thr-0.050_maxday2,202512,research_papers\JEPA\results\event_option_variant_streams_full20_2025_2026_v1\d50ret
SPXW,20251201,202512,11:00,660,front_weekly,CALL,-0.0214699208545484,-0.0214699208545484,-0.0387706890951944,0.1037131167995306,-0.1911548134006101,0.1037131167995306,thr-0.050_maxday2,202512,research_papers\JEPA\results\event_option_variant_streams_full20_2025_2026_v1\d50ret
SPXW,20251202,202512,10:30,630,front_weekly,CALL,-0.0435371204894038,-0.0435371204894038,-0.050504304651075,-0.0788732179453675,0.0277777777777776,-0.0788732179453675,thr-0.050_maxday2,202512,research_papers\JEPA\results\event_option_variant_streams_full20_2025_2026_v1\d50ret
SPXW,20251202,202512,11:00,660,front_weekly,CALL,0.0193965011522304,0.0193965011522304,-0.0716017807475191,-0.3,0.5,-0.3,thr-0.050_maxday2,202512,research_papers\JEPA\results\event_option_variant_streams_full20_2025_2026_v1\d50ret
SPXW,20251203,202512,10:30,630,front_weekly,CALL,0.0364009006236171,0.0364009006236171,-0.1319741406558456,0.3699999491373698,-0.3,0.3699999491373698,thr-0.050_maxday2,202512,research_papers\JEPA\results\event_option_variant_streams_full20_2025_2026_v1\d50ret
SPXW,20251203,202512,11:00,660,front_weekly,CALL,0.0519589388855274,0.0519589388855274,-0.1486071026523981,0.2014598039148123,-0.3,0.2014598039148123,thr-0.050_maxday2,202512,research_papers\JEPA\results\event_option_variant_streams_full20_2025_2026_v1\d50ret
SPXW,20251205,202512,10:30,630,front_weekly,CALL,-0.0010877548136667,-0.0010877548136667,-0.0428582137320893,-0.1797980106238162,0.3278008088582651,-0.1797980106238162,thr-0.050_maxday2,202512,research_papers\JEPA\results\event_option_variant_streams_full20_2025_2026_v1\d50ret
SPXW,20251205,202512,11:00,660,zero_dte,CALL,0.4138154121642878,0.4138154121642878,-0.2999804685075493,-0.3,0.5,-0.3,thr-0.050_maxday2,202512,research_papers\JEPA\results\event_option_variant_streams_full20_2025_2026_v1\d50ret
SPXW,20251208,202512,10:30,630,front_weekly,PUT,-0.0276339976802105,-0.0596279817562372,-0.0276339976802105,-0.1416309083142022,0.148936170212766,0.148936170212766,thr-0.050_maxday2,202512,research_papers\JEPA\results\event_option_variant_streams_full20_2025_2026_v1\d50ret
SPXW,20251208,202512,11:00,660,front_weekly,CALL,-0.043830088594519,-0.043830088594519,-0.0443524688913822,-0.1688033726488973,0.1819148773842669,-0.1688033726488973,thr-0.050_maxday2,202512,research_papers\JEPA\results\event_option_variant_streams_full20_2025_2026_v1\d50ret
SPXW,20251209,202512,10:30,630,front_weekly,CALL,-0.0212514853674483,-0.0212514853674483,-0.03121792232874,-0.03954802259887,-0.0622796603350612,-0.03954802259887,thr-0.050_maxday2,202512,research_papers\JEPA\results\event_option_variant_streams_full20_2025_2026_v1\d50ret
SPXW,20251209,202512,11:00,660,front_weekly,CALL,0.0049634063752723,0.0049634063752723,-0.0508017844601953,-0.09469961504806,-0.0281030184485285,-0.09469961504806,thr-0.050_maxday2,202512,research_papers\JEPA\results\event_option_variant_streams_full20_2025_2026_v1\d50ret
SPXW,20251210,202512,10:30,630,front_weekly,CALL,0.0456056797188942,0.0456056797188942,-0.0526198182441434,-0.0288714007993743,0.0101522746802806,-0.0288714007993743,thr-0.050_maxday2,202512,research_papers\JEPA\results\event_option_variant_streams_full20_2025_2026_v1\d50ret
SPXW,20251210,202512,11:00,660,front_weekly,CALL,0.0417828747850004,0.0417828747850004,-0.1030606536327647,0.3487437521152161,-0.3,0.3487437521152161,thr-0.050_maxday2,202512,research_papers\JEPA\results\event_option_variant_streams_full20_2025_2026_v1\d50ret
SPXW,20251211,202512,13:55,835,front_weekly,PUT,-0.0430076458394589,-0.1746600685947816,-0.0430076458394589,0.2623761899447228,-0.3,-0.3,thr-0.050_maxday2,202512,research_papers\JEPA\results\event_option_variant_streams_full20_2025_2026_v1\d50ret
SPXW,20251212,202512,10:30,630,front_weekly,PUT,-0.003409288199515,-0.036781977589619,-0.003409288199515,-0.0330401393555297,0.5,0.5,thr-0.050_maxday2,202512,research_papers\JEPA\results\event_option_variant_streams_full20_2025_2026_v1\d50ret
SPXW,20251212,202512,11:00,660,front_weekly,CALL,-0.035052924635483,-0.035052924635483,-0.0359235276589168,0.0113725849226409,-0.1630036548781925,0.0113725849226409,thr-0.050_maxday2,202512,research_papers\JEPA\results\event_option_variant_streams_full20_2025_2026_v1\d50ret
SPXW,20251215,202512,10:30,630,front_weekly,CALL,0.0335748264030453,0.0335748264030453,-0.064510108815874,-0.0920318153358205,-0.3,-0.0920318153358205,thr-0.050_maxday2,202512,research_papers\JEPA\results\event_option_variant_streams_full20_2025_2026_v1\d50ret
SPXW,20251215,202512,12:15,735,front_weekly,CALL,0.0321109947737163,0.0321109947737163,-0.0540536602732102,0.0799535765062042,-0.1176470740538881,0.0799535765062042,thr-0.050_maxday2,202512,research_papers\JEPA\results\event_option_variant_streams_full20_2025_2026_v1\d50ret
SPXW,20251216,202512,10:40,640,front_weekly,PUT,-0.0041706964938109,-0.0431453425830687,-0.0041706964938109,-0.3,-0.0936123316554827,-0.0936123316554827,thr-0.050_maxday2,202512,research_papers\JEPA\results\event_option_variant_streams_full20_2025_2026_v1\d50ret
SPXW,20251216,202512,11:15,675,front_weekly,CALL,-0.0275221497857774,-0.0275221497857774,-0.0487358851777548,-0.2318840693218956,0.1365565304825788,-0.2318840693218956,thr-0.050_maxday2,202512,research_papers\JEPA\results\event_option_variant_streams_full20_2025_2026_v1\d50ret
SPXW,20251217,202512,10:30,630,front_weekly,CALL,-0.0301043165245674,-0.0301043165245674,-0.0510967790148661,-0.3,0.5,-0.3,thr-0.050_maxday2,202512,research_papers\JEPA\results\event_option_variant_streams_full20_2025_2026_v1\d50ret
SPXW,20251217,202512,11:00,660,zero_dte,PUT,0.3058910151764991,-0.2999777937707913,0.3058910151764991,-0.3,-0.3,-0.3,thr-0.050_maxday2,202512,research_papers\JEPA\results\event_option_variant_streams_full20_2025_2026_v1\d50ret
SPXW,20251218,202512,10:30,630,zero_dte,PUT,0.3865980283551055,-0.2999777937707913,0.3865980283551055,0.5,-0.3,-0.3,thr-0.050_maxday2,202512,research_papers\JEPA\results\event_option_variant_streams_full20_2025_2026_v1\d50ret
SPXW,20251218,202512,11:00,660,zero_dte,PUT,0.4130162343228511,-0.2999777937707913,0.4130162343228511,-0.3,-0.3,-0.3,thr-0.050_maxday2,202512,research_papers\JEPA\results\event_option_variant_streams_full20_2025_2026_v1\d50ret
SPXW,20251219,202512,10:35,635,front_weekly,CALL,0.02539919457723,0.02539919457723,-0.1036856737745157,0.1185622888511785,-0.1852648465735678,0.1185622888511785,thr-0.050_maxday2,202512,research_papers\JEPA\results\event_option_variant_streams_full20_2025_2026_v1\d50ret
SPXW,20251219,202512,11:05,665,front_weekly,CALL,0.0162369321757656,0.0162369321757656,-0.0703928736763166,0.0784482644278046,-0.2047244374360368,0.0784482644278046,thr-0.050_maxday2,202512,research_papers\JEPA\results\event_option_variant_streams_full20_2025_2026_v1\d50ret
SPXW,20251222,202512,10:30,630,front_weekly,CALL,0.0159126825642369,0.0159126825642369,-0.1162866689310119,0.1198346912026304,-0.3,0.1198346912026304,thr-0.050_maxday2,202512,research_papers\JEPA\results\event_option_variant_streams_full20_2025_2026_v1\d50ret
SPXW,20251222,202512,11:00,660,front_weekly,CALL,0.0079081185743363,0.0079081185743363,-0.1231596170104721,0.1300448675964349,-0.3,0.1300448675964349,thr-0.050_maxday2,202512,research_papers\JEPA\results\event_option_variant_streams_full20_2025_2026_v1\d50ret
SPXW,20251223,202512,10:30,630,front_weekly,CALL,-0.0157158373352506,-0.0157158373352506,-0.1857538564346397,0.5,-0.3,0.5,thr-0.050_maxday2,202512,research_papers\JEPA\results\event_option_variant_streams_full20_2025_2026_v1\d50ret
SPXW,20251223,202512,11:00,660,front_weekly,CALL,0.0189228742845057,0.0189228742845057,-0.1408680141284607,0.3229812877256668,-0.3,0.3229812877256668,thr-0.050_maxday2,202512,research_papers\JEPA\results\event_option_variant_streams_full20_2025_2026_v1\d50ret
SPXW,20251224,202512,10:30,630,zero_dte,PUT,0.397993862376361,-0.2999777937707913,0.397993862376361,0.5,-0.3,-0.3,thr-0.050_maxday2,202512,research_papers\JEPA\results\event_option_variant_streams_full20_2025_2026_v1\d50ret
SPXW,20251224,202512,11:00,660,zero_dte,PUT,0.402298056677953,-0.2999777937707913,0.402298056677953,0.5,-0.3,-0.3,thr-0.050_maxday2,202512,research_papers\JEPA\results\event_option_variant_streams_full20_2025_2026_v1\d50ret
SPXW,20251226,202512,10:30,630,front_weekly,CALL,-0.0275748339967309,-0.0275748339967309,-0.0787282532217967,-0.2395104996539763,0.149228145399511,-0.2395104996539763,thr-0.050_maxday2,202512,research_papers\JEPA\results\event_option_variant_streams_full20_2025_2026_v1\d50ret
SPXW,20251226,202512,11:00,660,front_weekly,CALL,0.0019997051474029,0.0019997051474029,-0.0834785467488604,-0.1152482238323611,0.2146482992266247,-0.1152482238323611,thr-0.050_maxday2,202512,research_papers\JEPA\results\event_option_variant_streams_full20_2025_2026_v1\d50ret
SPXW,20251229,202512,10:30,630,zero_dte,CALL,-0.0117368333753894,-0.0117368333753894,-0.2999804685075493,-0.3,-0.3,-0.3,thr-0.050_maxday2,202512,research_papers\JEPA\results\event_option_variant_streams_full20_2025_2026_v1\d50ret
SPXW,20251229,202512,11:00,660,front_weekly,CALL,-0.0188163008184753,-0.0188163008184753,-0.0968809622800838,-0.103321073985067,-0.067415771272473,-0.103321073985067,thr-0.050_maxday2,202512,research_papers\JEPA\results\event_option_variant_streams_full20_2025_2026_v1\d50ret
SPXW,20251230,202512,10:30,630,front_weekly,CALL,-0.0262882829962763,-0.0262882829962763,-0.1208041138727189,0.1092437170090785,-0.3,0.1092437170090785,thr-0.050_maxday2,202512,research_papers\JEPA\results\event_option_variant_streams_full20_2025_2026_v1\d50ret
SPXW,20251230,202512,11:00,660,front_weekly,CALL,-0.026349233781043,-0.026349233781043,-0.1284695426967713,0.0,-0.0673076764366324,0.0,thr-0.050_maxday2,202512,research_papers\JEPA\results\event_option_variant_streams_full20_2025_2026_v1\d50ret
SPXW,20251231,202512,10:30,630,front_weekly,CALL,-0.0193219025214057,-0.0193219025214057,-0.1434212356241146,-0.175824210373419,-0.0618556123292197,-0.175824210373419,thr-0.050_maxday2,202512,research_papers\JEPA\results\event_option_variant_streams_full20_2025_2026_v1\d50ret
SPXW,20251231,202512,11:00,660,front_weekly,CALL,0.0127982825366805,0.0127982825366805,-0.201293190311017,0.2651163145553235,-0.3,0.2651163145553235,thr-0.050_maxday2,202512,research_papers\JEPA\results\event_option_variant_streams_full20_2025_2026_v1\d50ret
SPXW,20260102,202601,10:30,630,zero_dte,PUT,0.4984865311515764,-0.255861999595484,0.4984865311515764,0.5,-0.3,-0.3,thr-0.208_maxday4,202601,research_papers\JEPA\results\event_option_variant_streams_full20_2025_2026_v1\d50ret
SPXW,20260102,202601,11:00,660,zero_dte,PUT,0.4984865311515764,-0.255861999595484,0.4984865311515764,-0.3,-0.3,-0.3,thr-0.208_maxday4,202601,research_papers\JEPA\results\event_option_variant_streams_full20_2025_2026_v1\d50ret
SPXW,20260102,202601,11:30,690,zero_dte,PUT,0.4984865311515764,-0.255861999595484,0.4984865311515764,-0.3,-0.3,-0.3,thr-0.208_maxday4,202601,research_papers\JEPA\results\event_option_variant_streams_full20_2025_2026_v1\d50ret
SPXW,20260102,202601,12:00,720,zero_dte,PUT,0.4984865311515764,-0.255861999595484,0.4984865311515764,0.5,-0.3,-0.3,thr-0.208_maxday4,202601,research_papers\JEPA\results\event_option_variant_streams_full20_2025_2026_v1\d50ret
SPXW,20260105,202601,10:30,630,front_weekly,CALL,-0.021594716514386,-0.021594716514386,-0.0462010769154708,-0.1339031071199643,0.022727237361092,-0.1339031071199643,thr-0.208_maxday4,202601,research_papers\JEPA\results\event_option_variant_streams_full20_2025_2026_v1\d50ret
SPXW,20260105,202601,11:00,660,front_weekly,CALL,0.0144218907918292,0.0144218907918292,-0.0498634944671292,-0.0127196237983039,-0.1463414987148916,-0.0127196237983039,thr-0.208_maxday4,202601,research_papers\JEPA\results\event_option_variant_streams_full20_2025_2026_v1\d50ret
SPXW,20260105,202601,11:30,690,front_weekly,CALL,-0.0019084063914293,-0.0019084063914293,-0.0417837472296162,-0.1058479753940877,-0.0059346843436951,-0.1058479753940877,thr-0.208_maxday4,202601,research_papers\JEPA\results\event_option_variant_streams_full20_2025_2026_v1\d50ret
SPXW,20260105,202601,12:00,720,front_weekly,CALL,-0.0042452050407835,-0.0042452050407835,-0.0385042561334532,-0.2314815294486373,0.1696428211570602,-0.2314815294486373,thr-0.208_maxday4,202601,research_papers\JEPA\results\event_option_variant_streams_full20_2025_2026_v1\d50ret
SPXW,20260106,202601,10:30,630,front_weekly,CALL,-0.0062272096378234,-0.0062272096378234,-0.0539943768374643,0.0866425831201165,-0.0388692374693177,0.0866425831201165,thr-0.208_maxday4,202601,research_papers\JEPA\results\event_option_variant_streams_full20_2025_2026_v1\d50ret
SPXW,20260106,202601,11:00,660,front_weekly,CALL,-0.0294078189162653,-0.0294078189162653,-0.0696263931878228,0.4939443242128043,-0.3,0.4939443242128043,thr-0.208_maxday4,202601,research_papers\JEPA\results\event_option_variant_streams_full20_2025_2026_v1\d50ret
SPXW,20260106,202601,11:40,700,front_weekly,CALL,-0.0257974831308946,-0.0257974831308946,-0.0706135418158847,0.5,-0.3,0.5,thr-0.208_maxday4,202601,research_papers\JEPA\results\event_option_variant_streams_full20_2025_2026_v1\d50ret
SPXW,20260106,202601,12:10,730,front_weekly,CALL,-0.0157057311348987,-0.0157057311348987,-0.0814078758853394,0.4229508697009476,-0.3,0.4229508697009476,thr-0.208_maxday4,202601,research_papers\JEPA\results\event_option_variant_streams_full20_2025_2026_v1\d50ret
SPXW,20260107,202601,10:30,630,zero_dte,PUT,0.4767261552009512,-0.2999777127123582,0.4767261552009512,0.5,-0.3,-0.3,thr-0.208_maxday4,202601,research_papers\JEPA\results\event_option_variant_streams_full20_2025_2026_v1\d50ret
SPXW,20260107,202601,11:00,660,front_weekly,PUT,-0.0379939915738055,-0.063271018226177,-0.0379939915738055,-0.0386554666296523,-0.125248528848382,-0.125248528848382,thr-0.208_maxday4,202601,research_papers\JEPA\results\event_option_variant_streams_full20_2025_2026_v1\d50ret
SPXW,20260107,202601,11:30,690,zero_dte,PUT,0.4635859089330998,-0.2999777127123582,0.4635859089330998,0.5,-0.3,-0.3,thr-0.208_maxday4,202601,research_papers\JEPA\results\event_option_variant_streams_full20_2025_2026_v1\d50ret
SPXW,20260107,202601,12:00,720,front_weekly,CALL,-0.0393452304497179,-0.0393452304497179,-0.0418385442719806,-0.3,0.3359832976909189,-0.3,thr-0.208_maxday4,202601,research_papers\JEPA\results\event_option_variant_streams_full20_2025_2026_v1\d50ret
SPXW,20260108,202601,10:30,630,zero_dte,PUT,0.4933675195450471,-0.1721492268485313,0.4933675195450471,-0.3,0.5,0.5,thr-0.208_maxday4,202601,research_papers\JEPA\results\event_option_variant_streams_full20_2025_2026_v1\d50ret
SPXW,20260108,202601,11:00,660,zero_dte,PUT,0.5143589462480369,-0.0271993538505933,0.5143589462480369,-0.3,0.5,0.5,thr-0.208_maxday4,202601,research_papers\JEPA\results\event_option_variant_streams_full20_2025_2026_v1\d50ret
SPXW,20260108,202601,11:30,690,zero_dte,PUT,0.4722644031162457,-0.1721492268485313,0.4722644031162457,-0.3,0.5,0.5,thr-0.208_maxday4,202601,research_papers\JEPA\results\event_option_variant_streams_full20_2025_2026_v1\d50ret
SPXW,20260108,202601,12:00,720,zero_dte,PUT,0.4863589458308043,-0.0271993538505933,0.4863589458308043,-0.3,-0.3,-0.3,thr-0.208_maxday4,202601,research_papers\JEPA\results\event_option_variant_streams_full20_2025_2026_v1\d50ret
SPXW,20260109,202601,10:30,630,front_weekly,CALL,0.0006210228389456,0.0006210228389456,-0.0415952990325729,0.0070038532399421,-0.1555555912486294,0.0070038532399421,thr-0.208_maxday4,202601,research_papers\JEPA\results\event_option_variant_streams_full20_2025_2026_v1\d50ret
SPXW,20260109,202601,11:00,660,front_weekly,CALL,0.0092929975879028,0.0092929975879028,-0.0910711533160913,0.3427160757559317,-0.3,0.3427160757559317,thr-0.208_maxday4,202601,research_papers\JEPA\results\event_option_variant_streams_full20_2025_2026_v1\d50ret
SPXW,20260109,202601,11:30,690,front_weekly,CALL,0.0090193486201995,0.0090193486201995,-0.0647625686030506,0.2365457557194799,-0.2374100693099409,0.2365457557194799,thr-0.208_maxday4,202601,research_papers\JEPA\results\event_option_variant_streams_full20_2025_2026_v1\d50ret
SPXW,20260109,202601,12:00,720,front_weekly,CALL,0.0124433305932266,0.0124433305932266,-0.0626307073599177,0.1024019522761612,-0.1618357612559825,0.1024019522761612,thr-0.208_maxday4,202601,research_papers\JEPA\results\event_option_variant_streams_full20_2025_2026_v1\d50ret
SPXW,20260112,202601,10:30,630,zero_dte,PUT,0.4984865311515764,-0.2999777127123582,0.4984865311515764,0.5,-0.3,-0.3,thr-0.208_maxday4,202601,research_papers\JEPA\results\event_option_variant_streams_full20_2025_2026_v1\d50ret
SPXW,20260112,202601,11:00,660,zero_dte,PUT,0.5206711138871196,-0.2999777127123582,0.5206711138871196,0.5,-0.3,-0.3,thr-0.208_maxday4,202601,research_papers\JEPA\results\event_option_variant_streams_full20_2025_2026_v1\d50ret
SPXW,20260112,202601,11:30,690,zero_dte,PUT,0.4703748410085321,-0.2999777127123582,0.4703748410085321,-0.3,-0.3,-0.3,thr-0.208_maxday4,202601,research_papers\JEPA\results\event_option_variant_streams_full20_2025_2026_v1\d50ret
SPXW,20260112,202601,12:00,720,zero_dte,PUT,0.4914779574373336,-0.2999777127123582,0.4914779574373336,-0.3,-0.3,-0.3,thr-0.208_maxday4,202601,research_papers\JEPA\results\event_option_variant_streams_full20_2025_2026_v1\d50ret
SPXW,20260113,202601,10:30,630,zero_dte,PUT,0.4773834147227749,-0.2234629275675915,0.4773834147227749,0.5,-0.3,-0.3,thr-0.208_maxday4,202601,research_papers\JEPA\results\event_option_variant_streams_full20_2025_2026_v1\d50ret
SPXW,20260113,202601,11:50,710,zero_dte,PUT,0.4773834147227749,-0.2775372283733614,0.4773834147227749,-0.3,0.5,0.5,thr-0.208_maxday4,202601,research_papers\JEPA\results\event_option_variant_streams_full20_2025_2026_v1\d50ret
SPXW,20260113,202601,12:30,750,zero_dte,PUT,0.4316618322969361,-0.2556943379309142,0.4316618322969361,-0.3,0.5,0.5,thr-0.208_maxday4,202601,research_papers\JEPA\results\event_option_variant_streams_full20_2025_2026_v1\d50ret
SPXW,20260113,202601,13:00,780,zero_dte,PUT,0.4984865311515764,-0.2775372283733614,0.4984865311515764,0.5,-0.3,-0.3,thr-0.208_maxday4,202601,research_papers\JEPA\results\event_option_variant_streams_full20_2025_2026_v1\d50ret
SPXW,20260114,202601,10:30,630,zero_dte,PUT,0.4984865311515764,-0.1964429271649621,0.4984865311515764,-0.3,-0.3,-0.3,thr-0.208_maxday4,202601,research_papers\JEPA\results\event_option_variant_streams_full20_2025_2026_v1\d50ret
SPXW,20260114,202601,11:00,660,zero_dte,PUT,0.4773834147227749,-0.2117644055136437,0.4773834147227749,0.5,-0.3,-0.3,thr-0.208_maxday4,202601,research_papers\JEPA\results\event_option_variant_streams_full20_2025_2026_v1\d50ret
SPXW,20260114,202601,11:35,695,zero_dte,PUT,0.4984865311515764,-0.2234629275675915,0.4984865311515764,-0.3,0.5,0.5,thr-0.208_maxday4,202601,research_papers\JEPA\results\event_option_variant_streams_full20_2025_2026_v1\d50ret
SPXW,20260114,202601,12:05,725,zero_dte,PUT,0.4785765707553284,-0.2999777127123582,0.4785765707553284,-0.3,-0.3,-0.3,thr-0.208_maxday4,202601,research_papers\JEPA\results\event_option_variant_streams_full20_2025_2026_v1\d50ret
SPXW,20260115,202601,10:30,630,zero_dte,PUT,0.0546720402564419,-0.2999777127123582,0.0546720402564419,-0.3,0.5,0.5,thr-0.208_maxday4,202601,research_papers\JEPA\results\event_option_variant_streams_full20_2025_2026_v1\d50ret
SPXW,20260115,202601,11:00,660,zero_dte,PUT,-0.0257472978747431,-0.2999777127123582,-0.0257472978747431,-0.3,-0.3,-0.3,thr-0.208_maxday4,202601,research_papers\JEPA\results\event_option_variant_streams_full20_2025_2026_v1\d50ret
SPXW,20260115,202601,11:30,690,zero_dte,PUT,-0.0327558715889859,-0.2999777127123582,-0.0327558715889859,-0.3,-0.3,-0.3,thr-0.208_maxday4,202601,research_papers\JEPA\results\event_option_variant_streams_full20_2025_2026_v1\d50ret
SPXW,20260115,202601,12:00,720,zero_dte,PUT,-0.0327558715889859,-0.2999777127123582,-0.0327558715889859,-0.3,0.5,0.5,thr-0.208_maxday4,202601,research_papers\JEPA\results\event_option_variant_streams_full20_2025_2026_v1\d50ret
SPXW,20260116,202601,10:30,630,zero_dte,PUT,0.4996796871841298,-0.2775372283733614,0.4996796871841298,-0.3,0.5,0.5,thr-0.208_maxday4,202601,research_papers\JEPA\results\event_option_variant_streams_full20_2025_2026_v1\d50ret
SPXW,20260116,202601,11:00,660,zero_dte,PUT,0.4773834147227749,-0.2775372283733614,0.4773834147227749,0.5,-0.3,-0.3,thr-0.208_maxday4,202601,research_papers\JEPA\results\event_option_variant_streams_full20_2025_2026_v1\d50ret
SPXW,20260116,202601,11:30,690,zero_dte,PUT,0.4722644031162457,-0.283603056151392,0.4722644031162457,-0.3,-0.3,-0.3,thr-0.208_maxday4,202601,research_papers\JEPA\results\event_option_variant_streams_full20_2025_2026_v1\d50ret
SPXW,20260116,202601,12:00,720,zero_dte,PUT,0.4984865311515764,-0.2775372283733614,0.4984865311515764,-0.3,-0.3,-0.3,thr-0.208_maxday4,202601,research_papers\JEPA\results\event_option_variant_streams_full20_2025_2026_v1\d50ret
SPXW,20260120,202601,10:30,630,zero_dte,PUT,0.4995679974583182,-0.2633464323985517,0.4995679974583182,-0.3,-0.3,-0.3,thr-0.208_maxday4,202601,research_papers\JEPA\results\event_option_variant_streams_full20_2025_2026_v1\d50ret
SPXW,20260120,202601,11:00,660,zero_dte,PUT,0.4995679974583182,-0.2633464323985517,0.4995679974583182,-0.3,0.5,0.5,thr-0.208_maxday4,202601,research_papers\JEPA\results\event_option_variant_streams_full20_2025_2026_v1\d50ret
SPXW,20260120,202601,11:30,690,zero_dte,PUT,0.4986638331229606,-0.2633464323985517,0.4986638331229606,-0.3,-0.3,-0.3,thr-0.208_maxday4,202601,research_papers\JEPA\results\event_option_variant_streams_full20_2025_2026_v1\d50ret
SPXW,20260120,202601,12:00,720,zero_dte,PUT,0.4986638331229606,-0.2633464323985517,0.4986638331229606,-0.3,0.5,0.5,thr-0.208_maxday4,202601,research_papers\JEPA\results\event_option_variant_streams_full20_2025_2026_v1\d50ret
SPXW,20260121,202601,10:30,630,zero_dte,PUT,0.4989107379364944,-0.2999777127123582,0.4989107379364944,0.5,-0.3,-0.3,thr-0.208_maxday4,202601,research_papers\JEPA\results\event_option_variant_streams_full20_2025_2026_v1\d50ret
SPXW,20260121,202601,11:00,660,front_weekly,PUT,-0.0861863568465809,-0.1046011735497958,-0.0861863568465809,-0.3,0.5,0.5,thr-0.208_maxday4,202601,research_papers\JEPA\results\event_option_variant_streams_full20_2025_2026_v1\d50ret
SPXW,20260121,202601,11:30,690,front_weekly,PUT,-0.0814944501497081,-0.0988335610279304,-0.0814944501497081,-0.3,0.5,0.5,thr-0.208_maxday4,202601,research_papers\JEPA\results\event_option_variant_streams_full20_2025_2026_v1\d50ret
SPXW,20260121,202601,12:05,725,zero_dte,PUT,0.4933675195450471,-0.2999777127123582,0.4933675195450471,-0.3,0.5,0.5,thr-0.208_maxday4,202601,research_papers\JEPA\results\event_option_variant_streams_full20_2025_2026_v1\d50ret
SPXW,20260122,202601,10:45,645,front_weekly,CALL,-0.1148874431380165,-0.1148874431380165,-0.1893596416671836,0.1630901832118934,-0.3,0.1630901832118934,thr-0.208_maxday4,202601,research_papers\JEPA\results\event_option_variant_streams_full20_2025_2026_v1\d50ret
SPXW,20260122,202601,11:15,675,front_weekly,CALL,-0.0944534920070463,-0.0944534920070463,-0.1769678106593076,0.1045454198663884,-0.3,0.1045454198663884,thr-0.208_maxday4,202601,research_papers\JEPA\results\event_option_variant_streams_full20_2025_2026_v1\d50ret
SPXW,20260122,202601,11:45,705,front_weekly,PUT,-0.130376768206145,-0.1577164994649272,-0.130376768206145,-0.2372548671283884,0.0497237347824406,0.0497237347824406,thr-0.208_maxday4,202601,research_papers\JEPA\results\event_option_variant_streams_full20_2025_2026_v1\d50ret
SPXW,20260122,202601,12:15,735,front_weekly,CALL,-0.1343085324486613,-0.1343085324486613,-0.1566521495226468,-0.3,0.1530928494383201,-0.3,thr-0.208_maxday4,202601,research_papers\JEPA\results\event_option_variant_streams_full20_2025_2026_v1\d50ret
SPXW,20260123,202601,10:30,630,zero_dte,PUT,0.4697175814867084,-0.2999777127123582,0.4697175814867084,0.5,-0.3,-0.3,thr-0.208_maxday4,202601,research_papers\JEPA\results\event_option_variant_streams_full20_2025_2026_v1\d50ret
SPXW,20260123,202601,11:00,660,zero_dte,PUT,0.4977377553217386,-0.2775372283733614,0.4977377553217386,-0.3,0.5,0.5,thr-0.208_maxday4,202601,research_papers\JEPA\results\event_option_variant_streams_full20_2025_2026_v1\d50ret
SPXW,20260123,202601,11:30,690,zero_dte,PUT,0.4697377549045061,-0.2775372283733614,0.4697377549045061,-0.3,-0.3,-0.3,thr-0.208_maxday4,202601,research_papers\JEPA\results\event_option_variant_streams_full20_2025_2026_v1\d50ret
SPXW,20260123,202601,12:00,720,zero_dte,PUT,0.4755531725861954,-0.2775372283733614,0.4755531725861954,0.5,-0.3,-0.3,thr-0.208_maxday4,202601,research_papers\JEPA\results\event_option_variant_streams_full20_2025_2026_v1\d50ret
SPXW,20260126,202601,10:30,630,front_weekly,CALL,0.0268446557113253,0.0268446557113253,-0.0725818064393674,0.1277108249894107,-0.1977272900668057,0.1277108249894107,thr-0.208_maxday4,202601,research_papers\JEPA\results\event_option_variant_streams_full20_2025_2026_v1\d50ret
SPXW,20260126,202601,11:00,660,front_weekly,CALL,0.014624047690159,0.014624047690159,-0.0605622276543738,0.0391704808878612,-0.1221827126795463,0.0391704808878612,thr-0.208_maxday4,202601,research_papers\JEPA\results\event_option_variant_streams_full20_2025_2026_v1\d50ret
SPXW,20260126,202601,11:30,690,front_weekly,CALL,0.013008215614188,0.013008215614188,-0.0522196247257728,0.0511627472637017,-0.1210340653353179,0.0511627472637017,thr-0.208_maxday4,202601,research_papers\JEPA\results\event_option_variant_streams_full20_2025_2026_v1\d50ret
SPXW,20260126,202601,12:00,720,front_weekly,CALL,0.0179783813907475,0.0179783813907475,-0.0599549520319579,0.0191066632394341,-0.0647619338262648,0.0191066632394341,thr-0.208_maxday4,202601,research_papers\JEPA\results\event_option_variant_streams_full20_2025_2026_v1\d50ret
SPXW,20260127,202601,10:30,630,zero_dte,PUT,1.0817191907544996,-0.2999777127123582,1.0817191907544996,0.5,-0.3,-0.3,thr-0.208_maxday4,202601,research_papers\JEPA\results\event_option_variant_streams_full20_2025_2026_v1\d50ret
SPXW,20260127,202601,11:00,660,front_weekly,CALL,0.0021901340793245,0.0021901340793245,-0.0716055598659303,0.0021493286870963,-0.0314285278320312,0.0021493286870963,thr-0.208_maxday4,202601,research_papers\JEPA\results\event_option_variant_streams_full20_2025_2026_v1\d50ret
SPXW,20260127,202601,11:30,690,front_weekly,CALL,0.0177641862325351,0.0177641862325351,-0.0736275001328938,0.0066091823930671,-0.0215470325291452,0.0066091823930671,thr-0.208_maxday4,202601,research_papers\JEPA\results\event_option_variant_streams_full20_2025_2026_v1\d50ret
SPXW,20260127,202601,12:00,720,front_weekly,CALL,0.0221337330045747,0.0221337330045747,-0.0767762590693424,0.003256467788091,-0.025568224612838,0.003256467788091,thr-0.208_maxday4,202601,research_papers\JEPA\results\event_option_variant_streams_full20_2025_2026_v1\d50ret
SPXW,20260128,202601,10:30,630,zero_dte,PUT,0.4767261552009512,-0.2999777127123582,0.4767261552009512,-0.3,0.5,0.5,thr-0.208_maxday4,202601,research_papers\JEPA\results\event_option_variant_streams_full20_2025_2026_v1\d50ret
SPXW,20260128,202601,11:00,660,zero_dte,PUT,0.4773834147227749,-0.2999777127123582,0.4773834147227749,-0.3,-0.1134020996958663,-0.1134020996958663,thr-0.208_maxday4,202601,research_papers\JEPA\results\event_option_variant_streams_full20_2025_2026_v1\d50ret
SPXW,20260128,202601,11:30,690,zero_dte,PUT,0.4986638331229606,-0.2999777127123582,0.4986638331229606,-0.3,0.5,0.5,thr-0.208_maxday4,202601,research_papers\JEPA\results\event_option_variant_streams_full20_2025_2026_v1\d50ret
SPXW,20260128,202601,12:00,720,zero_dte,PUT,0.4773834147227749,-0.2999777127123582,0.4773834147227749,-0.3,-0.3,-0.3,thr-0.208_maxday4,202601,research_papers\JEPA\results\event_option_variant_streams_full20_2025_2026_v1\d50ret
SPXW,20260129,202601,10:30,630,zero_dte,PUT,0.4996796871841298,-0.1877681323530243,0.4996796871841298,-0.3,0.5,0.5,thr-0.208_maxday4,202601,research_papers\JEPA\results\event_option_variant_streams_full20_2025_2026_v1\d50ret
SPXW,20260129,202601,11:00,660,zero_dte,PUT,0.4984865311515764,-0.2229226859029012,0.4984865311515764,0.5,-0.3,-0.3,thr-0.208_maxday4,202601,research_papers\JEPA\results\event_option_variant_streams_full20_2025_2026_v1\d50ret
SPXW,20260129,202601,11:30,690,zero_dte,PUT,0.4773834147227749,-0.1877681323530243,0.4773834147227749,0.5,-0.3,-0.3,thr-0.208_maxday4,202601,research_papers\JEPA\results\event_option_variant_streams_full20_2025_2026_v1\d50ret
SPXW,20260129,202601,12:00,720,zero_dte,PUT,0.4773834147227749,-0.2219997220338056,0.4773834147227749,0.5,-0.3,-0.3,thr-0.208_maxday4,202601,research_papers\JEPA\results\event_option_variant_streams_full20_2025_2026_v1\d50ret
SPXW,20260130,202601,10:30,630,zero_dte,PUT,0.4998569891555141,-0.3000236730865919,0.4998569891555141,0.5,-0.3,-0.3,thr-0.208_maxday4,202601,research_papers\JEPA\results\event_option_variant_streams_full20_2025_2026_v1\d50ret
SPXW,20260130,202601,11:00,660,zero_dte,PUT,0.4986638331229606,-0.2999777127123582,0.4986638331229606,-0.3,0.5,0.5,thr-0.208_maxday4,202601,research_papers\JEPA\results\event_option_variant_streams_full20_2025_2026_v1\d50ret
SPXW,20260130,202601,11:30,690,zero_dte,PUT,0.4785765707553284,-0.2999777127123582,0.4785765707553284,-0.3,-0.3,-0.3,thr-0.208_maxday4,202601,research_papers\JEPA\results\event_option_variant_streams_full20_2025_2026_v1\d50ret
SPXW,20260130,202601,12:00,720,zero_dte,PUT,0.4998569891555141,-0.2999777127123582,0.4998569891555141,-0.3,0.5,0.5,thr-0.208_maxday4,202601,research_papers\JEPA\results\event_option_variant_streams_full20_2025_2026_v1\d50ret
SPXW,20260202,202602,10:30,630,front_weekly,CALL,0.0265273224267823,0.0265273224267823,-0.1009634618025008,0.0445754556988606,-0.3,0.0445754556988606,thr-0.088_maxday2,202602,research_papers\JEPA\results\event_option_variant_streams_full20_2025_2026_v1\d50ret
SPXW,20260202,202602,11:00,660,front_weekly,CALL,0.0312332029583349,0.0312332029583349,-0.0831761806292833,0.0957646987017464,-0.3,0.0957646987017464,thr-0.088_maxday2,202602,research_papers\JEPA\results\event_option_variant_streams_full20_2025_2026_v1\d50ret
SPXW,20260203,202602,10:30,630,zero_dte,PUT,0.2767993122154658,-0.2999776823931044,0.2767993122154658,-0.3,-0.3,-0.3,thr-0.088_maxday2,202602,research_papers\JEPA\results\event_option_variant_streams_full20_2025_2026_v1\d50ret
SPXW,20260203,202602,11:10,670,zero_dte,PUT,0.2767993122154658,-0.2531794082722616,0.2767993122154658,-0.3,0.5,0.5,thr-0.088_maxday2,202602,research_papers\JEPA\results\event_option_variant_streams_full20_2025_2026_v1\d50ret
SPXW,20260204,202602,11:05,665,zero_dte,PUT,0.3020677322315044,-0.2999776823931044,0.3020677322315044,-0.3,-0.3,-0.3,thr-0.088_maxday2,202602,research_papers\JEPA\results\event_option_variant_streams_full20_2025_2026_v1\d50ret
SPXW,20260204,202602,11:35,695,zero_dte,PUT,0.2979494524009714,-0.2999776823931044,0.2979494524009714,-0.3,0.5,0.5,thr-0.088_maxday2,202602,research_papers\JEPA\results\event_option_variant_streams_full20_2025_2026_v1\d50ret
SPXW,20260205,202602,10:30,630,zero_dte,PUT,0.2726810323849328,0.1508547539953055,0.2726810323849328,-0.3,-0.3,-0.3,thr-0.088_maxday2,202602,research_papers\JEPA\results\event_option_variant_streams_full20_2025_2026_v1\d50ret
SPXW,20260205,202602,11:00,660,zero_dte,PUT,0.2726810323849328,-0.0272229468259633,0.2726810323849328,-0.3,-0.3,-0.3,thr-0.088_maxday2,202602,research_papers\JEPA\results\event_option_variant_streams_full20_2025_2026_v1\d50ret
SPXW,20260206,202602,10:30,630,front_weekly,CALL,0.0202812814525334,0.0202812814525334,-0.0748559591017712,0.1711583750808218,-0.3,0.1711583750808218,thr-0.088_maxday2,202602,research_papers\JEPA\results\event_option_variant_streams_full20_2025_2026_v1\d50ret
SPXW,20260206,202602,11:00,660,zero_dte,PUT,0.2033196818283406,-0.2747923916943415,0.2033196818283406,0.5,-0.3,-0.3,thr-0.088_maxday2,202602,research_papers\JEPA\results\event_option_variant_streams_full20_2025_2026_v1\d50ret
SPXW,20260209,202602,10:30,630,zero_dte,PUT,0.0168937093504254,-0.2999776823931044,0.0168937093504254,0.5,-0.3,-0.3,thr-0.088_maxday2,202602,research_papers\JEPA\results\event_option_variant_streams_full20_2025_2026_v1\d50ret
SPXW,20260209,202602,11:00,660,front_weekly,CALL,0.012806501945037,0.012806501945037,-0.0603742559375776,0.0215311373757383,-0.0728477363487589,0.0215311373757383,thr-0.088_maxday2,202602,research_papers\JEPA\results\event_option_variant_streams_full20_2025_2026_v1\d50ret
SPXW,20260210,202602,10:30,630,zero_dte,PUT,0.0167926478673113,-0.2999776823931044,0.0167926478673113,-0.3,0.5,0.5,thr-0.088_maxday2,202602,research_papers\JEPA\results\event_option_variant_streams_full20_2025_2026_v1\d50ret
SPXW,20260210,202602,11:00,660,zero_dte,PUT,0.1986945608463834,-0.2999776823931044,0.1986945608463834,-0.3,0.5,0.5,thr-0.088_maxday2,202602,research_papers\JEPA\results\event_option_variant_streams_full20_2025_2026_v1\d50ret
SPXW,20260211,202602,10:30,630,zero_dte,PUT,0.2856354752348206,-0.1860859163003556,0.2856354752348206,0.5,-0.3,-0.3,thr-0.088_maxday2,202602,research_papers\JEPA\results\event_option_variant_streams_full20_2025_2026_v1\d50ret
SPXW,20260212,202602,10:30,630,zero_dte,PUT,0.1986945608463834,0.1762396811014466,0.1986945608463834,-0.3,0.5,0.5,thr-0.088_maxday2,202602,research_papers\JEPA\results\event_option_variant_streams_full20_2025_2026_v1\d50ret
SPXW,20260212,202602,11:00,660,zero_dte,PUT,0.2616682500001497,-0.254831821701519,0.2616682500001497,-0.3,0.5,0.5,thr-0.088_maxday2,202602,research_papers\JEPA\results\event_option_variant_streams_full20_2025_2026_v1\d50ret
SPXW,20260213,202602,10:30,630,zero_dte,PUT,0.2815083021558773,-0.2999776823931044,0.2815083021558773,-0.3,0.5,0.5,thr-0.088_maxday2,202602,research_papers\JEPA\results\event_option_variant_streams_full20_2025_2026_v1\d50ret
SPXW,20260213,202602,11:00,660,zero_dte,PUT,0.2841674641528506,-0.2999776823931044,0.2841674641528506,0.5,-0.3,-0.3,thr-0.088_maxday2,202602,research_papers\JEPA\results\event_option_variant_streams_full20_2025_2026_v1\d50ret
SPXW,20260217,202602,10:30,630,zero_dte,PUT,0.3047268942284777,-0.2999776823931044,0.3047268942284777,0.5,-0.3,-0.3,thr-0.088_maxday2,202602,research_papers\JEPA\results\event_option_variant_streams_full20_2025_2026_v1\d50ret
SPXW,20260217,202602,11:15,675,zero_dte,PUT,0.2841674641528506,-0.2262754342197968,0.2841674641528506,-0.3,0.5,0.5,thr-0.088_maxday2,202602,research_papers\JEPA\results\event_option_variant_streams_full20_2025_2026_v1\d50ret
SPXW,20260218,202602,10:30,630,zero_dte,PUT,0.5209799092054105,-0.2035509014095388,0.5209799092054105,-0.3,-0.3,-0.3,thr-0.088_maxday2,202602,research_papers\JEPA\results\event_option_variant_streams_full20_2025_2026_v1\d50ret
SPXW,20260218,202602,11:00,660,front_weekly,CALL,-0.0202359367954883,-0.0202359367954883,-0.1039245465562604,-0.3,0.203389735533731,-0.3,thr-0.088_maxday2,202602,research_papers\JEPA\results\event_option_variant_streams_full20_2025_2026_v1\d50ret
SPXW,20260219,202602,10:35,635,zero_dte,PUT,0.2317193585623484,-0.2999776823931044,0.2317193585623484,-0.3,0.5,0.5,thr-0.088_maxday2,202602,research_papers\JEPA\results\event_option_variant_streams_full20_2025_2026_v1\d50ret
SPXW,20260219,202602,11:15,675,zero_dte,PUT,0.2123383846551413,-0.2999776823931044,0.2123383846551413,-0.3,0.5,0.5,thr-0.088_maxday2,202602,research_papers\JEPA\results\event_option_variant_streams_full20_2025_2026_v1\d50ret
SPXW,20260220,202602,10:45,645,front_weekly,PUT,-0.0077120175158617,-0.0374276454530416,-0.0077120175158617,0.1139534336995802,-0.0047095641046692,-0.0047095641046692,thr-0.088_maxday2,202602,research_papers\JEPA\results\event_option_variant_streams_full20_2025_2026_v1\d50ret
SPXW,20260220,202602,11:40,700,zero_dte,PUT,0.22195820608234,-0.2999776823931044,0.22195820608234,-0.3,-0.3,-0.3,thr-0.088_maxday2,202602,research_papers\JEPA\results\event_option_variant_streams_full20_2025_2026_v1\d50ret
SPXW,20260223,202602,10:30,630,zero_dte,PUT,0.2840251334775868,-0.2999776823931044,0.2840251334775868,-0.3,0.5,0.5,thr-0.088_maxday2,202602,research_papers\JEPA\results\event_option_variant_streams_full20_2025_2026_v1\d50ret
SPXW,20260223,202602,11:00,660,zero_dte,PUT,0.3006086143979448,-0.2999776823931044,0.3006086143979448,-0.3,0.5,0.5,thr-0.088_maxday2,202602,research_papers\JEPA\results\event_option_variant_streams_full20_2025_2026_v1\d50ret
SPXW,20260224,202602,10:30,630,front_weekly,CALL,0.0072577773581724,0.0072577773581724,-0.0955847503485472,0.0327349763869435,-0.1113340241111057,0.0327349763869435,thr-0.088_maxday2,202602,research_papers\JEPA\results\event_option_variant_streams_full20_2025_2026_v1\d50ret
SPXW,20260224,202602,11:00,660,zero_dte,PUT,0.4358285612310467,-0.2262754342197968,0.4358285612310467,0.5,-0.3,-0.3,thr-0.088_maxday2,202602,research_papers\JEPA\results\event_option_variant_streams_full20_2025_2026_v1\d50ret
SPXW,20260225,202602,10:30,630,zero_dte,PUT,0.4198205509411796,-0.2999776823931044,0.4198205509411796,-0.3,0.5,0.5,thr-0.088_maxday2,202602,research_papers\JEPA\results\event_option_variant_streams_full20_2025_2026_v1\d50ret
SPXW,20260225,202602,11:00,660,zero_dte,PUT,0.4198205509411796,-0.2929794573350756,0.4198205509411796,-0.3,-0.3,-0.3,thr-0.088_maxday2,202602,research_papers\JEPA\results\event_option_variant_streams_full20_2025_2026_v1\d50ret
SPXW,20260226,202602,10:30,630,zero_dte,PUT,0.2897537550653535,-0.2642250040744405,0.2897537550653535,0.5,-0.3,-0.3,thr-0.088_maxday2,202602,research_papers\JEPA\results\event_option_variant_streams_full20_2025_2026_v1\d50ret
SPXW,20260226,202602,12:15,735,zero_dte,PUT,0.2767993122154658,-0.2999776823931044,0.2767993122154658,-0.3,-0.3,-0.3,thr-0.088_maxday2,202602,research_papers\JEPA\results\event_option_variant_streams_full20_2025_2026_v1\d50ret
SPXW,20260227,202602,10:30,630,zero_dte,PUT,0.3019666707483903,-0.2999776823931044,0.3019666707483903,-0.3,-0.3,-0.3,thr-0.088_maxday2,202602,research_papers\JEPA\results\event_option_variant_streams_full20_2025_2026_v1\d50ret
SPXW,20260227,202602,11:00,660,zero_dte,PUT,0.2856265819864103,-0.2999776823931044,0.2856265819864103,-0.3,-0.3,-0.3,thr-0.088_maxday2,202602,research_papers\JEPA\results\event_option_variant_streams_full20_2025_2026_v1\d50ret
SPXW,20260302,202603,10:45,645,front_weekly,CALL,-0.011693556697333,-0.011693556697333,-0.104537802095799,0.1064459711430112,-0.2701868832861009,0.1064459711430112,thr-0.100_maxday1,202603,research_papers\JEPA\results\event_option_variant_streams_full20_2025_2026_v1\d50ret
SPXW,20260303,202603,10:30,630,front_weekly,CALL,-0.0287269543291655,-0.0287269543291655,-0.0516404408346304,0.5,-0.3,0.5,thr-0.100_maxday1,202603,research_papers\JEPA\results\event_option_variant_streams_full20_2025_2026_v1\d50ret
SPXW,20260304,202603,10:30,630,front_weekly,CALL,-0.0088169408290589,-0.0088169408290589,-0.1234413275296187,0.0123912791173637,-0.0952380952380952,0.0123912791173637,thr-0.100_maxday1,202603,research_papers\JEPA\results\event_option_variant_streams_full20_2025_2026_v1\d50ret
SPXW,20260305,202603,10:30,630,front_weekly,PUT,-0.007745042101907,-0.2951381804251342,-0.007745042101907,-0.3,-0.3,-0.3,thr-0.100_maxday1,202603,research_papers\JEPA\results\event_option_variant_streams_full20_2025_2026_v1\d50ret
SPXW,20260306,202603,10:30,630,front_weekly,CALL,0.0031596538384359,0.0031596538384359,-0.0959216973877432,0.0499999784236584,-0.0154354762889229,0.0499999784236584,thr-0.100_maxday1,202603,research_papers\JEPA\results\event_option_variant_streams_full20_2025_2026_v1\d50ret
SPXW,20260309,202603,10:55,655,front_weekly,CALL,0.007253869963351,0.007253869963351,-0.0629715192024491,0.0503978693953861,-0.0853416490258637,0.0503978693953861,thr-0.100_maxday1,202603,research_papers\JEPA\results\event_option_variant_streams_full20_2025_2026_v1\d50ret
SPXW,20260310,202603,10:30,630,front_weekly,CALL,0.0158682254738178,0.0158682254738178,-0.0908324023581381,0.5,-0.3,0.5,thr-0.100_maxday1,202603,research_papers\JEPA\results\event_option_variant_streams_full20_2025_2026_v1\d50ret
SPXW,20260311,202603,10:30,630,front_weekly,CALL,-0.0786720005754348,-0.0786720005754348,-0.079534890457644,-0.0557692601130559,-0.0527363487737095,-0.0557692601130559,thr-0.100_maxday1,202603,research_papers\JEPA\results\event_option_variant_streams_full20_2025_2026_v1\d50ret
SPXW,20260313,202603,10:35,635,front_weekly,CALL,-0.0284964787727996,-0.0284964787727996,-0.0679778742142267,-0.2539080038838003,0.3591398013535367,-0.2539080038838003,thr-0.100_maxday1,202603,research_papers\JEPA\results\event_option_variant_streams_full20_2025_2026_v1\d50ret
SPXW,20260316,202603,10:40,640,front_weekly,CALL,-0.0090922160123446,-0.0090922160123446,-0.0804907893265655,-0.006849285120196,-0.0840508634656366,-0.006849285120196,thr-0.100_maxday1,202603,research_papers\JEPA\results\event_option_variant_streams_full20_2025_2026_v1\d50ret
SPXW,20260317,202603,10:30,630,front_weekly,CALL,7.383122812334974e-05,7.383122812334974e-05,-0.0755752043486509,-0.1539162209122393,0.03079676457666,-0.1539162209122393,thr-0.100_maxday1,202603,research_papers\JEPA\results\event_option_variant_streams_full20_2025_2026_v1\d50ret
SPXW,20260318,202603,10:30,630,front_weekly,CALL,-0.0864555845761265,-0.0864555845761265,-0.0924142296459271,-0.0716980988124631,-0.0015974805936423,-0.0716980988124631,thr-0.100_maxday1,202603,research_papers\JEPA\results\event_option_variant_streams_full20_2025_2026_v1\d50ret
SPXW,20260319,202603,11:15,675,front_weekly,PUT,-0.0851071786619636,-0.2465073003663563,-0.0851071786619636,-0.3,0.5,0.5,thr-0.100_maxday1,202603,research_papers\JEPA\results\event_option_variant_streams_full20_2025_2026_v1\d50ret
SPXW,20260320,202603,10:30,630,front_weekly,CALL,-0.0338130689760539,-0.0338130689760539,-0.0565598541579732,-0.055299530866944,-0.0783405228182407,-0.055299530866944,thr-0.100_maxday1,202603,research_papers\JEPA\results\event_option_variant_streams_full20_2025_2026_v1\d50ret
SPXW,20260323,202603,10:35,635,zero_dte,PUT,0.619181786120779,-0.2999776729765154,0.619181786120779,-0.3,-0.3,-0.3,thr-0.100_maxday1,202603,research_papers\JEPA\results\event_option_variant_streams_full20_2025_2026_v1\d50ret
SPXW,20260324,202603,10:30,630,front_weekly,CALL,0.0182167240289117,0.0182167240289117,-0.0869224076704395,0.0292203503734505,-0.0594766680829131,0.0292203503734505,thr-0.100_maxday1,202603,research_papers\JEPA\results\event_option_variant_streams_full20_2025_2026_v1\d50ret
SPXW,20260325,202603,11:15,675,front_weekly,CALL,-0.0470505334854853,-0.0470505334854853,-0.0963191810267358,0.1108890973359084,-0.1829292338152962,0.1108890973359084,thr-0.100_maxday1,202603,research_papers\JEPA\results\event_option_variant_streams_full20_2025_2026_v1\d50ret
SPXW,20260326,202603,10:30,630,front_weekly,PUT,-0.095977745492566,-0.1661381440742793,-0.095977745492566,-0.3,0.5,0.5,thr-0.100_maxday1,202603,research_papers\JEPA\results\event_option_variant_streams_full20_2025_2026_v1\d50ret
SPXW,20260327,202603,10:30,630,front_weekly,CALL,-0.0145148327111765,-0.0145148327111765,-0.0591564675009966,-0.1585226925936612,0.101290302891885,-0.1585226925936612,thr-0.100_maxday1,202603,research_papers\JEPA\results\event_option_variant_streams_full20_2025_2026_v1\d50ret
SPXW,20260330,202603,10:35,635,front_weekly,CALL,-0.0158987454095983,-0.0158987454095983,-0.0311011372566554,-0.2743714611967166,0.1392170644739769,-0.2743714611967166,thr-0.100_maxday1,202603,research_papers\JEPA\results\event_option_variant_streams_full20_2025_2026_v1\d50ret
SPXW,20260331,202603,10:30,630,front_weekly,CALL,-0.0695160984714808,-0.0695160984714808,-0.1097654313111052,-0.3,-0.3,-0.3,thr-0.100_maxday1,202603,research_papers\JEPA\results\event_option_variant_streams_full20_2025_2026_v1\d50ret
SPXW,20260401,202604,10:30,630,front_weekly,CALL,-0.1606340696422815,-0.1606340696422815,-0.2052996730372733,0.4335107370543272,-0.3,0.4335107370543272,thr-0.300_maxday1,202604,research_papers\JEPA\results\event_option_variant_streams_full20_2025_2026_v1\d50ret
SPXW,20260402,202604,10:30,630,zero_dte,PUT,-0.2481506642032553,-0.2999776853347726,-0.2481506642032553,0.5,-0.3,-0.3,thr-0.300_maxday1,202604,research_papers\JEPA\results\event_option_variant_streams_full20_2025_2026_v1\d50ret
SPXW,20260406,202604,10:30,630,front_weekly,CALL,-0.0106569024727599,-0.0106569024727599,-0.0828249838021257,-0.1255605580611165,0.0752350986592533,-0.1255605580611165,thr-0.300_maxday1,202604,research_papers\JEPA\results\event_option_variant_streams_full20_2025_2026_v1\d50ret
SPXW,20260407,202604,11:00,660,front_weekly,CALL,-8.578560725710409e-06,-8.578560725710409e-06,-0.0144286429792798,0.3388658931290653,-0.2194148517939325,0.3388658931290653,thr-0.300_maxday1,202604,research_papers\JEPA\results\event_option_variant_streams_full20_2025_2026_v1\d50ret
SPXW,20260408,202604,10:30,630,front_weekly,CALL,-0.0261181573988275,-0.0261181573988275,-0.0984573052963725,0.145992883515815,-0.1087533741603745,0.145992883515815,thr-0.300_maxday1,202604,research_papers\JEPA\results\event_option_variant_streams_full20_2025_2026_v1\d50ret
SPXW,20260409,202604,10:30,630,front_weekly,CALL,-0.1650496979297839,-0.1650496979297839,-0.1859415531703327,0.5,-0.3,0.5,thr-0.300_maxday1,202604,research_papers\JEPA\results\event_option_variant_streams_full20_2025_2026_v1\d50ret
SPXW,20260410,202604,10:30,630,front_weekly,CALL,-0.0049722308941873,-0.0049722308941873,-0.0692950858640741,-0.1674400549694027,0.2853133474119098,-0.1674400549694027,thr-0.300_maxday1,202604,research_papers\JEPA\results\event_option_variant_streams_full20_2025_2026_v1\d50ret
SPXW,20260413,202604,10:30,630,front_weekly,CALL,0.0143811237797423,0.0143811237797423,-0.0826998119403414,0.4041666868834475,-0.2345678915442329,0.4041666868834475,thr-0.300_maxday1,202604,research_papers\JEPA\results\event_option_variant_streams_full20_2025_2026_v1\d50ret
SPXW,20260414,202604,10:30,630,front_weekly,CALL,-0.025496324438089,-0.025496324438089,-0.0621106742440718,0.5,-0.2451790580051529,0.5,thr-0.300_maxday1,202604,research_papers\JEPA\results\event_option_variant_streams_full20_2025_2026_v1\d50ret
SPXW,20260415,202604,10:30,630,front_weekly,CALL,-0.0348307169737198,-0.0348307169737198,-0.0679214612207143,0.148409924952906,-0.0308988474336717,0.148409924952906,thr-0.300_maxday1,202604,research_papers\JEPA\results\event_option_variant_streams_full20_2025_2026_v1\d50ret
SPXW,20260416,202604,10:30,630,front_weekly,PUT,-0.1103718304348924,-0.2304636114615669,-0.1103718304348924,0.5,-0.3,-0.3,thr-0.300_maxday1,202604,research_papers\JEPA\results\event_option_variant_streams_full20_2025_2026_v1\d50ret
SPXW,20260417,202604,10:30,630,front_weekly,CALL,-0.0190235873256988,-0.0190235873256988,-0.0648796310156965,0.1134453692280315,-0.0901810817558008,0.1134453692280315,thr-0.300_maxday1,202604,research_papers\JEPA\results\event_option_variant_streams_full20_2025_2026_v1\d50ret
SPXW,20260420,202604,10:30,630,front_weekly,CALL,-0.0036404114685476,-0.0036404114685476,-0.0668236495948798,-0.1383816474565653,0.0180723200736343,-0.1383816474565653,thr-0.300_maxday1,202604,research_papers\JEPA\results\event_option_variant_streams_full20_2025_2026_v1\d50ret
SPXW,20260421,202604,10:30,630,zero_dte,PUT,0.2945060730152506,-0.2808302601039039,0.2945060730152506,-0.3,0.5,0.5,thr-0.300_maxday1,202604,research_papers\JEPA\results\event_option_variant_streams_full20_2025_2026_v1\d50ret
SPXW,20260422,202604,10:30,630,front_weekly,CALL,0.0022371540724383,0.0022371540724383,-0.1360272794722188,-0.0537537252008873,-0.0644609825358465,-0.0537537252008873,thr-0.300_maxday1,202604,research_papers\JEPA\results\event_option_variant_streams_full20_2025_2026_v1\d50ret
SPXW,20260423,202604,10:30,630,front_weekly,CALL,-0.1237948160177719,-0.1237948160177719,-0.1898071178006656,-0.3,-0.3,-0.3,thr-0.300_maxday1,202604,research_papers\JEPA\results\event_option_variant_streams_full20_2025_2026_v1\d50ret
SPXW,20260424,202604,10:30,630,front_weekly,CALL,-0.0312751545685507,-0.0312751545685507,-0.0455725313626824,0.3020243162085652,-0.1829099450125638,0.3020243162085652,thr-0.300_maxday1,202604,research_papers\JEPA\results\event_option_variant_streams_full20_2025_2026_v1\d50ret
SPXW,20260427,202604,10:30,630,front_weekly,CALL,-0.027290532613693,-0.027290532613693,-0.0338632549037542,0.0947464050364785,-0.1361940194939576,0.0947464050364785,thr-0.300_maxday1,202604,research_papers\JEPA\results\event_option_variant_streams_full20_2025_2026_v1\d50ret
SPXW,20260428,202604,10:30,630,front_weekly,CALL,-0.0415372035089145,-0.0415372035089145,-0.0498786816047311,-0.1894230475792517,0.0774378057570053,-0.1894230475792517,thr-0.300_maxday1,202604,research_papers\JEPA\results\event_option_variant_streams_full20_2025_2026_v1\d50ret
SPXW,20260429,202604,10:30,630,front_weekly,CALL,0.0017446415234373,0.0017446415234373,-0.1101586027648717,-0.1520697848560679,0.1739130434782609,-0.1520697848560679,thr-0.300_maxday1,202604,research_papers\JEPA\results\event_option_variant_streams_full20_2025_2026_v1\d50ret
SPXW,20260430,202604,10:55,655,front_weekly,PUT,-0.1969198764089602,-0.2207003420318704,-0.1969198764089602,0.5,-0.3,-0.3,thr-0.300_maxday1,202604,research_papers\JEPA\results\event_option_variant_streams_full20_2025_2026_v1\d50ret
SPXW,20260501,202605,10:30,630,front_weekly,CALL,-0.020403142400904,-0.020403142400904,-0.0369635311090538,-0.1211736962887271,0.2911180415208867,-0.1211736962887271,thr-0.188_maxday4,202605,research_papers\JEPA\results\event_option_variant_streams_full20_2025_2026_v1\d50ret
SPXW,20260501,202605,11:05,665,front_weekly,CALL,-0.0319871064636726,-0.0319871064636726,-0.0325668441187721,0.0203208719345338,-0.0515121832126523,0.0203208719345338,thr-0.188_maxday4,202605,research_papers\JEPA\results\event_option_variant_streams_full20_2025_2026_v1\d50ret
SPXW,20260501,202605,11:40,700,zero_dte,PUT,0.1048493361590356,-0.2999776949937911,0.1048493361590356,-0.3,0.5,0.5,thr-0.188_maxday4,202605,research_papers\JEPA\results\event_option_variant_streams_full20_2025_2026_v1\d50ret
SPXW,20260501,202605,12:10,730,front_weekly,CALL,-0.0212615802134234,-0.0212615802134234,-0.0301743881691668,-0.0986500130899971,0.1137724313810395,-0.0986500130899971,thr-0.188_maxday4,202605,research_papers\JEPA\results\event_option_variant_streams_full20_2025_2026_v1\d50ret
SPXW,20260504,202605,10:30,630,front_weekly,CALL,0.0191989912849128,0.0191989912849128,-0.0655765740008391,-0.3,0.5,-0.3,thr-0.188_maxday4,202605,research_papers\JEPA\results\event_option_variant_streams_full20_2025_2026_v1\d50ret
SPXW,20260504,202605,11:00,660,front_weekly,CALL,0.0311476181518938,0.0311476181518938,-0.0671461050649685,-0.3,0.5,-0.3,thr-0.188_maxday4,202605,research_papers\JEPA\results\event_option_variant_streams_full20_2025_2026_v1\d50ret
SPXW,20260504,202605,11:30,690,front_weekly,CALL,-0.0097827539158589,-0.0097827539158589,-0.0874115850543325,-0.1059670695083754,0.0715789794921875,-0.1059670695083754,thr-0.188_maxday4,202605,research_papers\JEPA\results\event_option_variant_streams_full20_2025_2026_v1\d50ret
SPXW,20260504,202605,12:00,720,front_weekly,CALL,0.0182175913523645,0.0182175913523645,-0.085725104256212,-0.0420168464563125,-0.0268123211765966,-0.0420168464563125,thr-0.188_maxday4,202605,research_papers\JEPA\results\event_option_variant_streams_full20_2025_2026_v1\d50ret
SPXW,20260505,202605,10:30,630,zero_dte,PUT,0.1938834174641034,-0.2696011791533695,0.1938834174641034,-0.3,-0.3,-0.3,thr-0.188_maxday4,202605,research_papers\JEPA\results\event_option_variant_streams_full20_2025_2026_v1\d50ret
SPXW,20260505,202605,11:00,660,zero_dte,PUT,0.2512334667207734,-0.2999776949937911,0.2512334667207734,-0.3,-0.3,-0.3,thr-0.188_maxday4,202605,research_papers\JEPA\results\event_option_variant_streams_full20_2025_2026_v1\d50ret
SPXW,20260505,202605,11:30,690,zero_dte,PUT,0.1041339454324562,-0.2999776949937911,0.1041339454324562,-0.3,-0.3,-0.3,thr-0.188_maxday4,202605,research_papers\JEPA\results\event_option_variant_streams_full20_2025_2026_v1\d50ret
SPXW,20260505,202605,12:00,720,zero_dte,PUT,0.1938834174641034,-0.2696011791533695,0.1938834174641034,0.5,-0.3,-0.3,thr-0.188_maxday4,202605,research_papers\JEPA\results\event_option_variant_streams_full20_2025_2026_v1\d50ret
SPXW,20260506,202605,10:30,630,front_weekly,CALL,-0.0594586801437403,-0.0594586801437403,-0.1403537893019194,0.2647058915193609,-0.2282609078744403,0.2647058915193609,thr-0.188_maxday4,202605,research_papers\JEPA\results\event_option_variant_streams_full20_2025_2026_v1\d50ret
SPXW,20260506,202605,11:00,660,zero_dte,PUT,0.2422287873458819,-0.2999776949937911,0.2422287873458819,-0.3,0.5,0.5,thr-0.188_maxday4,202605,research_papers\JEPA\results\event_option_variant_streams_full20_2025_2026_v1\d50ret
SPXW,20260506,202605,11:30,690,zero_dte,PUT,0.2422287873458819,-0.2999776949937911,0.2422287873458819,-0.3,0.5,0.5,thr-0.188_maxday4,202605,research_papers\JEPA\results\event_option_variant_streams_full20_2025_2026_v1\d50ret
SPXW,20260506,202605,12:00,720,zero_dte,PUT,0.262291523537547,-0.2999776949937911,0.262291523537547,-0.3,-0.3,-0.3,thr-0.188_maxday4,202605,research_papers\JEPA\results\event_option_variant_streams_full20_2025_2026_v1\d50ret
SPXW,20260507,202605,10:30,630,front_weekly,PUT,0.0007454327355829,-0.0774420766413109,0.0007454327355829,-0.3,0.5,0.5,thr-0.188_maxday4,202605,research_papers\JEPA\results\event_option_variant_streams_full20_2025_2026_v1\d50ret
SPXW,20260507,202605,11:00,660,zero_dte,PUT,0.0961511690728152,-0.2999776949937911,0.0961511690728152,-0.3,0.5,0.5,thr-0.188_maxday4,202605,research_papers\JEPA\results\event_option_variant_streams_full20_2025_2026_v1\d50ret
SPXW,20260507,202605,11:30,690,front_weekly,PUT,-0.0003084154567513,-0.0818033164952267,-0.0003084154567513,-0.3,0.5,0.5,thr-0.188_maxday4,202605,research_papers\JEPA\results\event_option_variant_streams_full20_2025_2026_v1\d50ret
SPXW,20260507,202605,12:00,720,front_weekly,PUT,-0.0615544999020046,-0.0835082917706071,-0.0615544999020046,-0.3,0.5,0.5,thr-0.188_maxday4,202605,research_papers\JEPA\results\event_option_variant_streams_full20_2025_2026_v1\d50ret
SPXW,20260508,202605,10:30,630,front_weekly,PUT,-0.0231316861625299,-0.0318802179324302,-0.0231316861625299,0.0752984475232683,-0.0763701369592859,-0.0763701369592859,thr-0.188_maxday4,202605,research_papers\JEPA\results\event_option_variant_streams_full20_2025_2026_v1\d50ret
SPXW,20260508,202605,11:00,660,zero_dte,PUT,0.2158222146158159,-0.2981474429440434,0.2158222146158159,-0.3,0.5,0.5,thr-0.188_maxday4,202605,research_papers\JEPA\results\event_option_variant_streams_full20_2025_2026_v1\d50ret
SPXW,20260508,202605,11:30,690,zero_dte,PUT,0.2590576483050126,-0.2999776949937911,0.2590576483050126,0.5,-0.3,-0.3,thr-0.188_maxday4,202605,research_papers\JEPA\results\event_option_variant_streams_full20_2025_2026_v1\d50ret
SPXW,20260508,202605,12:00,720,zero_dte,PUT,0.094187041420874,-0.2999776949937911,0.094187041420874,-0.3,-0.3,-0.3,thr-0.188_maxday4,202605,research_papers\JEPA\results\event_option_variant_streams_full20_2025_2026_v1\d50ret
SPXW,20260511,202605,10:30,630,front_weekly,CALL,0.0279907286456578,0.0279907286456578,-0.0709962729046551,0.171906375167095,-0.1403314579916263,0.171906375167095,thr-0.188_maxday4,202605,research_papers\JEPA\results\event_option_variant_streams_full20_2025_2026_v1\d50ret
SPXW,20260511,202605,11:00,660,zero_dte,PUT,0.0782972724927679,-0.2999776949937911,0.0782972724927679,-0.3,-0.3,-0.3,thr-0.188_maxday4,202605,research_papers\JEPA\results\event_option_variant_streams_full20_2025_2026_v1\d50ret
SPXW,20260511,202605,11:30,690,zero_dte,PUT,0.2098793496992919,-0.2999776949937911,0.2098793496992919,-0.3,-0.3,-0.3,thr-0.188_maxday4,202605,research_papers\JEPA\results\event_option_variant_streams_full20_2025_2026_v1\d50ret
SPXW,20260511,202605,12:00,720,zero_dte,PUT,0.2098793496992919,-0.2999776949937911,0.2098793496992919,-0.3,0.5,0.5,thr-0.188_maxday4,202605,research_papers\JEPA\results\event_option_variant_streams_full20_2025_2026_v1\d50ret
SPXW,20260512,202605,10:30,630,front_weekly,CALL,-0.0197245240515625,-0.0197245240515625,-0.0577289645215992,-0.3,-0.0420560576903451,-0.3,thr-0.188_maxday4,202605,research_papers\JEPA\results\event_option_variant_streams_full20_2025_2026_v1\d50ret
SPXW,20260512,202605,11:00,660,front_weekly,CALL,-0.0077210405410283,-0.0077210405410283,-0.0192384048101545,0.049417222761773,-0.2009804519677502,0.049417222761773,thr-0.188_maxday4,202605,research_papers\JEPA\results\event_option_variant_streams_full20_2025_2026_v1\d50ret
SPXW,20260512,202605,11:30,690,front_weekly,CALL,-0.007131351133717,-0.007131351133717,-0.0358633335241135,0.4976799382142931,-0.3,0.4976799382142931,thr-0.188_maxday4,202605,research_papers\JEPA\results\event_option_variant_streams_full20_2025_2026_v1\d50ret
SPXW,20260512,202605,12:00,720,front_weekly,CALL,0.0001330315180832,0.0001330315180832,-0.0270793114288339,0.5,-0.3,0.5,thr-0.188_maxday4,202605,research_papers\JEPA\results\event_option_variant_streams_full20_2025_2026_v1\d50ret
SPXW,20260513,202605,10:30,630,zero_dte,PUT,0.0782972724927679,-0.2999776949937911,0.0782972724927679,0.5,-0.3,-0.3,thr-0.188_maxday4,202605,research_papers\JEPA\results\event_option_variant_streams_full20_2025_2026_v1\d50ret
SPXW,20260513,202605,11:00,660,zero_dte,PUT,0.0782972724927679,-0.2999776949937911,0.0782972724927679,0.5,-0.3,-0.3,thr-0.188_maxday4,202605,research_papers\JEPA\results\event_option_variant_streams_full20_2025_2026_v1\d50ret
SPXW,20260513,202605,11:30,690,zero_dte,PUT,0.0782972724927679,-0.2999776949937911,0.0782972724927679,0.5,-0.3,-0.3,thr-0.188_maxday4,202605,research_papers\JEPA\results\event_option_variant_streams_full20_2025_2026_v1\d50ret
SPXW,20260513,202605,12:00,720,zero_dte,PUT,0.2098793496992919,-0.2999776949937911,0.2098793496992919,0.5,-0.3,-0.3,thr-0.188_maxday4,202605,research_papers\JEPA\results\event_option_variant_streams_full20_2025_2026_v1\d50ret
SPXW,20260514,202605,10:30,630,zero_dte,PUT,0.0782972724927679,-0.2999776949937911,0.0782972724927679,0.5,-0.3,-0.3,thr-0.188_maxday4,202605,research_papers\JEPA\results\event_option_variant_streams_full20_2025_2026_v1\d50ret
SPXW,20260514,202605,11:00,660,zero_dte,PUT,0.225769118627398,-0.2999776949937911,0.225769118627398,0.5,-0.3,-0.3,thr-0.188_maxday4,202605,research_papers\JEPA\results\event_option_variant_streams_full20_2025_2026_v1\d50ret
SPXW,20260514,202605,11:30,690,zero_dte,PUT,0.225769118627398,-0.2999776949937911,0.225769118627398,-0.3,-0.3,-0.3,thr-0.188_maxday4,202605,research_papers\JEPA\results\event_option_variant_streams_full20_2025_2026_v1\d50ret
SPXW,20260514,202605,12:00,720,zero_dte,PUT,0.225769118627398,-0.2999776949937911,0.225769118627398,-0.3,0.5,0.5,thr-0.188_maxday4,202605,research_papers\JEPA\results\event_option_variant_streams_full20_2025_2026_v1\d50ret
SPXW,20260515,202605,10:30,630,front_weekly,CALL,-0.0024852074683228,-0.0024852074683228,-0.0716113893907133,0.0100931911564894,-0.21275021684956,0.0100931911564894,thr-0.188_maxday4,202605,research_papers\JEPA\results\event_option_variant_streams_full20_2025_2026_v1\d50ret
SPXW,20260515,202605,11:10,670,front_weekly,CALL,0.0035176285460224,0.0035176285460224,-0.0639348037679349,0.1155444538598093,-0.1825119478411405,0.1155444538598093,thr-0.188_maxday4,202605,research_papers\JEPA\results\event_option_variant_streams_full20_2025_2026_v1\d50ret
SPXW,20260515,202605,11:40,700,front_weekly,CALL,-0.0081340028684823,-0.0081340028684823,-0.0618627311360959,0.0032679862818003,-0.0520259164470021,0.0032679862818003,thr-0.188_maxday4,202605,research_papers\JEPA\results\event_option_variant_streams_full20_2025_2026_v1\d50ret
SPXW,20260515,202605,12:30,750,front_weekly,CALL,-0.0170297899667233,-0.0170297899667233,-0.0572787611961053,-0.1116223449726672,0.0235465557831626,-0.1116223449726672,thr-0.188_maxday4,202605,research_papers\JEPA\results\event_option_variant_streams_full20_2025_2026_v1\d50ret
SPXW,20260518,202605,10:35,635,front_weekly,CALL,-0.0204013837959915,-0.0204013837959915,-0.0516321162443168,-0.0930434517238451,-0.0713284191529888,-0.0930434517238451,thr-0.188_maxday4,202605,research_papers\JEPA\results\event_option_variant_streams_full20_2025_2026_v1\d50ret
SPXW,20260518,202605,11:05,665,front_weekly,CALL,-0.0069376415471709,-0.0069376415471709,-0.0521762249164894,-0.0858895621426375,0.0070206566024355,-0.0858895621426375,thr-0.188_maxday4,202605,research_papers\JEPA\results\event_option_variant_streams_full20_2025_2026_v1\d50ret
SPXW,20260518,202605,11:35,695,front_weekly,CALL,0.0065056102347561,0.0065056102347561,-0.0619151059911369,-0.1766848619852594,0.1293594753229978,-0.1766848619852594,thr-0.188_maxday4,202605,research_papers\JEPA\results\event_option_variant_streams_full20_2025_2026_v1\d50ret
SPXW,20260518,202605,12:05,725,front_weekly,CALL,0.0065849765555408,0.0065849765555408,-0.0287569406555139,-0.1553994830432014,-0.1520146719124575,-0.1553994830432014,thr-0.188_maxday4,202605,research_papers\JEPA\results\event_option_variant_streams_full20_2025_2026_v1\d50ret
SPXW,20260519,202605,10:30,630,front_weekly,CALL,-0.0109242293956214,-0.0109242293956214,-0.0827459874999901,0.5,-0.3,0.5,thr-0.188_maxday4,202605,research_papers\JEPA\results\event_option_variant_streams_full20_2025_2026_v1\d50ret
SPXW,20260519,202605,11:05,665,front_weekly,CALL,-0.0191660347449357,-0.0191660347449357,-0.039226331264413,0.3014113918861694,-0.3,0.3014113918861694,thr-0.188_maxday4,202605,research_papers\JEPA\results\event_option_variant_streams_full20_2025_2026_v1\d50ret
SPXW,20260519,202605,11:35,695,front_weekly,CALL,-0.01179972248815,-0.01179972248815,-0.0399187882170455,0.5,-0.3,0.5,thr-0.188_maxday4,202605,research_papers\JEPA\results\event_option_variant_streams_full20_2025_2026_v1\d50ret
SPXW,20260519,202605,12:10,730,front_weekly,CALL,-0.0021291529509077,-0.0021291529509077,-0.0710725781061414,0.5,-0.3,0.5,thr-0.188_maxday4,202605,research_papers\JEPA\results\event_option_variant_streams_full20_2025_2026_v1\d50ret
SPXW,20260520,202605,10:30,630,front_weekly,CALL,-0.0407204639572961,-0.0407204639572961,-0.1187912848960083,0.1434782276982846,-0.2583119915159568,0.1434782276982846,thr-0.188_maxday4,202605,research_papers\JEPA\results\event_option_variant_streams_full20_2025_2026_v1\d50ret
SPXW,20260520,202605,11:00,660,front_weekly,CALL,-0.035898586714142,-0.035898586714142,-0.1062121670596115,0.0071770153716788,-0.106888364919209,0.0071770153716788,thr-0.188_maxday4,202605,research_papers\JEPA\results\event_option_variant_streams_full20_2025_2026_v1\d50ret
SPXW,20260520,202605,11:30,690,front_weekly,CALL,-0.0608775631604151,-0.0608775631604151,-0.1084991707905067,0.0400942662043206,-0.1239827778009082,0.0400942662043206,thr-0.188_maxday4,202605,research_papers\JEPA\results\event_option_variant_streams_full20_2025_2026_v1\d50ret
SPXW,20260520,202605,12:00,720,front_weekly,CALL,-0.0287765140221851,-0.0287765140221851,-0.1272233637010625,-0.0738916283928492,-0.1124546451180709,-0.0738916283928492,thr-0.188_maxday4,202605,research_papers\JEPA\results\event_option_variant_streams_full20_2025_2026_v1\d50ret
SPXW,20260521,202605,10:35,635,front_weekly,PUT,-0.053612931981859,-0.1495300819422947,-0.053612931981859,0.5,-0.3,-0.3,thr-0.188_maxday4,202605,research_papers\JEPA\results\event_option_variant_streams_full20_2025_2026_v1\d50ret
SPXW,20260521,202605,11:05,665,front_weekly,PUT,-0.0429678912907547,-0.1589578233997971,-0.0429678912907547,0.5,-0.3,-0.3,thr-0.188_maxday4,202605,research_papers\JEPA\results\event_option_variant_streams_full20_2025_2026_v1\d50ret
SPXW,20260521,202605,11:35,695,front_weekly,PUT,-0.0758856609576449,-0.1202336086920652,-0.0758856609576449,0.5,-0.3,-0.3,thr-0.188_maxday4,202605,research_papers\JEPA\results\event_option_variant_streams_full20_2025_2026_v1\d50ret
SPXW,20260521,202605,12:05,725,front_weekly,PUT,-0.001594522102128,-0.1561643808819104,-0.001594522102128,0.5,-0.3,-0.3,thr-0.188_maxday4,202605,research_papers\JEPA\results\event_option_variant_streams_full20_2025_2026_v1\d50ret
SPXW,20260522,202605,10:30,630,front_weekly,PUT,-0.0314804561183189,-0.0326002659343267,-0.0314804561183189,0.2914395969423644,-0.3,-0.3,thr-0.188_maxday4,202605,research_papers\JEPA\results\event_option_variant_streams_full20_2025_2026_v1\d50ret
SPXW,20260522,202605,11:05,665,zero_dte,PUT,0.1617444817791735,-0.2999776949937911,0.1617444817791735,-0.3,-0.3,-0.3,thr-0.188_maxday4,202605,research_papers\JEPA\results\event_option_variant_streams_full20_2025_2026_v1\d50ret
SPXW,20260522,202605,11:35,695,zero_dte,PUT,0.094187041420874,-0.2999776949937911,0.094187041420874,-0.3,-0.3,-0.3,thr-0.188_maxday4,202605,research_papers\JEPA\results\event_option_variant_streams_full20_2025_2026_v1\d50ret
SPXW,20260522,202605,12:05,725,zero_dte,PUT,0.094187041420874,-0.2999776949937911,0.094187041420874,-0.3,-0.3,-0.3,thr-0.188_maxday4,202605,research_papers\JEPA\results\event_option_variant_streams_full20_2025_2026_v1\d50ret
SPXW,20260526,202605,10:30,630,zero_dte,PUT,0.2158222146158159,-0.2999776949937911,0.2158222146158159,-0.3,0.5,0.5,thr-0.188_maxday4,202605,research_papers\JEPA\results\event_option_variant_streams_full20_2025_2026_v1\d50ret
SPXW,20260526,202605,11:00,660,zero_dte,PUT,0.1839365134525213,-0.2999776949937911,0.1839365134525213,-0.3,0.5,0.5,thr-0.188_maxday4,202605,research_papers\JEPA\results\event_option_variant_streams_full20_2025_2026_v1\d50ret
SPXW,20260526,202605,11:30,690,front_weekly,CALL,-0.0061892977266384,-0.0061892977266384,-0.0566508469182482,-0.0707850735652367,-0.0025839892616761,-0.0707850735652367,thr-0.188_maxday4,202605,research_papers\JEPA\results\event_option_variant_streams_full20_2025_2026_v1\d50ret
SPXW,20260526,202605,12:00,720,front_weekly,CALL,0.0082087688884849,0.0082087688884849,-0.0651555101350143,-0.0617283950617284,-0.0687023560219969,-0.0617283950617284,thr-0.188_maxday4,202605,research_papers\JEPA\results\event_option_variant_streams_full20_2025_2026_v1\d50ret
SPXW,20260527,202605,10:30,630,front_weekly,PUT,-0.0175609774000181,-0.0998705658128241,-0.0175609774000181,-0.3,0.052631605038796,0.052631605038796,thr-0.188_maxday4,202605,research_papers\JEPA\results\event_option_variant_streams_full20_2025_2026_v1\d50ret
SPXW,20260527,202605,11:00,660,zero_dte,PUT,0.0524231128135827,-0.2999776949937911,0.0524231128135827,-0.3,-0.3,-0.3,thr-0.188_maxday4,202605,research_papers\JEPA\results\event_option_variant_streams_full20_2025_2026_v1\d50ret
SPXW,20260527,202605,11:30,690,front_weekly,PUT,-0.0811796027487631,-0.0915133921910532,-0.0811796027487631,0.0646526677642853,-0.2764044561297869,-0.2764044561297869,thr-0.188_maxday4,202605,research_papers\JEPA\results\event_option_variant_streams_full20_2025_2026_v1\d50ret
SPXW,20260527,202605,12:00,720,front_weekly,PUT,-0.0114289397809131,-0.0958833904702181,-0.0114289397809131,0.1687115959599079,-0.3,-0.3,thr-0.188_maxday4,202605,research_papers\JEPA\results\event_option_variant_streams_full20_2025_2026_v1\d50ret
SPXW,20260528,202605,10:30,630,zero_dte,PUT,0.0782972724927679,-0.2999776949937911,0.0782972724927679,-0.3,0.5,0.5,thr-0.188_maxday4,202605,research_papers\JEPA\results\event_option_variant_streams_full20_2025_2026_v1\d50ret
SPXW,20260528,202605,11:00,660,zero_dte,PUT,0.1999324456877097,-0.2999776949937911,0.1999324456877097,0.5,-0.3,-0.3,thr-0.188_maxday4,202605,research_papers\JEPA\results\event_option_variant_streams_full20_2025_2026_v1\d50ret
SPXW,20260528,202605,11:30,690,zero_dte,PUT,0.2158222146158159,-0.2999776949937911,0.2158222146158159,0.0101010490225224,-0.3,-0.3,thr-0.188_maxday4,202605,research_papers\JEPA\results\event_option_variant_streams_full20_2025_2026_v1\d50ret
SPXW,20260528,202605,12:00,720,zero_dte,PUT,0.2158222146158159,-0.2999776949937911,0.2158222146158159,0.5,-0.3,-0.3,thr-0.188_maxday4,202605,research_papers\JEPA\results\event_option_variant_streams_full20_2025_2026_v1\d50ret
SPXW,20260529,202605,10:30,630,front_weekly,CALL,-0.0381900423970215,-0.0381900423970215,-0.0631344774539042,-0.0789189519108952,-0.0285714597118144,-0.0789189519108952,thr-0.188_maxday4,202605,research_papers\JEPA\results\event_option_variant_streams_full20_2025_2026_v1\d50ret
SPXW,20260529,202605,11:00,660,front_weekly,CALL,-0.0334722774585575,-0.0334722774585575,-0.0400426656750002,-0.1077257666784151,0.048289731867072,-0.1077257666784151,thr-0.188_maxday4,202605,research_papers\JEPA\results\event_option_variant_streams_full20_2025_2026_v1\d50ret
SPXW,20260529,202605,11:30,690,front_weekly,CALL,-0.027345747625061,-0.027345747625061,-0.0663948289284718,-0.0743729544361228,0.0189563232201472,-0.0743729544361228,thr-0.188_maxday4,202605,research_papers\JEPA\results\event_option_variant_streams_full20_2025_2026_v1\d50ret
SPXW,20260529,202605,12:00,720,front_weekly,CALL,-0.0330366376060887,-0.0330366376060887,-0.0592751678082437,-0.1118279733965473,0.1058581635953126,-0.1118279733965473,thr-0.188_maxday4,202605,research_papers\JEPA\results\event_option_variant_streams_full20_2025_2026_v1\d50ret
