tree
version=v4
num_class=1
num_tree_per_iteration=1
label_index=0
max_feature_idx=288
objective=regression_l1
feature_names=dte_days minute spot underlying_volume dist_ib_high_bps dist_ib_low_bps dist_fib_127_up_bps dist_fib_161_up_bps dist_fib_200_up_bps dist_fib_127_dn_bps dist_fib_161_dn_bps dist_fib_200_dn_bps nearest_level_abs_bps ib_range_bps ret_1m_bps ret_5m_bps ret_15m_bps ret_30m_bps call_d15_available call_d15_strike call_d15_strike_bps call_d15_abs_delta call_d15_iv call_d15_mid_bps call_d15_spread_pct call_d15_theta_over_mid call_d15_vega call_d15_oi call_d15_volume put_d15_available put_d15_strike put_d15_strike_bps put_d15_abs_delta put_d15_iv put_d15_mid_bps put_d15_spread_pct put_d15_theta_over_mid put_d15_vega put_d15_oi put_d15_volume call_d25_available call_d25_strike call_d25_strike_bps call_d25_abs_delta call_d25_iv call_d25_mid_bps call_d25_spread_pct call_d25_theta_over_mid call_d25_vega call_d25_oi call_d25_volume put_d25_available put_d25_strike put_d25_strike_bps put_d25_abs_delta put_d25_iv put_d25_mid_bps put_d25_spread_pct put_d25_theta_over_mid put_d25_vega put_d25_oi put_d25_volume call_d35_available call_d35_strike call_d35_strike_bps call_d35_abs_delta call_d35_iv call_d35_mid_bps call_d35_spread_pct call_d35_theta_over_mid call_d35_vega call_d35_oi call_d35_volume put_d35_available put_d35_strike put_d35_strike_bps put_d35_abs_delta put_d35_iv put_d35_mid_bps put_d35_spread_pct put_d35_theta_over_mid put_d35_vega put_d35_oi put_d35_volume call_d50_available call_d50_strike call_d50_strike_bps call_d50_abs_delta call_d50_iv call_d50_mid_bps call_d50_spread_pct call_d50_theta_over_mid call_d50_vega call_d50_oi call_d50_volume put_d50_available put_d50_strike put_d50_strike_bps put_d50_abs_delta put_d50_iv put_d50_mid_bps put_d50_spread_pct put_d50_theta_over_mid put_d50_vega put_d50_oi put_d50_volume call_d65_available call_d65_strike call_d65_strike_bps call_d65_abs_delta call_d65_iv call_d65_mid_bps call_d65_spread_pct call_d65_theta_over_mid call_d65_vega call_d65_oi call_d65_volume put_d65_available put_d65_strike put_d65_strike_bps put_d65_abs_delta put_d65_iv put_d65_mid_bps put_d65_spread_pct put_d65_theta_over_mid put_d65_vega put_d65_oi put_d65_volume call_d80_available call_d80_strike call_d80_strike_bps call_d80_abs_delta call_d80_iv call_d80_mid_bps call_d80_spread_pct call_d80_theta_over_mid call_d80_vega call_d80_oi call_d80_volume put_d80_available put_d80_strike put_d80_strike_bps put_d80_abs_delta put_d80_iv put_d80_mid_bps put_d80_spread_pct put_d80_theta_over_mid put_d80_vega put_d80_oi put_d80_volume phys_d15_iv_skew_put_minus_call phys_d15_iv_mean phys_d15_volume_skew_call_minus_put phys_d15_oi_skew_call_minus_put phys_d15_mid_skew_call_minus_put phys_d15_spread_mean phys_d15_theta_skew_call_minus_put phys_d15_vega_skew_call_minus_put phys_d15_abs_delta_gap phys_d15_liquidity_score phys_d25_iv_skew_put_minus_call phys_d25_iv_mean phys_d25_volume_skew_call_minus_put phys_d25_oi_skew_call_minus_put phys_d25_mid_skew_call_minus_put phys_d25_spread_mean phys_d25_theta_skew_call_minus_put phys_d25_vega_skew_call_minus_put phys_d25_abs_delta_gap phys_d25_liquidity_score phys_d35_iv_skew_put_minus_call phys_d35_iv_mean phys_d35_volume_skew_call_minus_put phys_d35_oi_skew_call_minus_put phys_d35_mid_skew_call_minus_put phys_d35_spread_mean phys_d35_theta_skew_call_minus_put phys_d35_vega_skew_call_minus_put phys_d35_abs_delta_gap phys_d35_liquidity_score phys_d50_iv_skew_put_minus_call phys_d50_iv_mean phys_d50_volume_skew_call_minus_put phys_d50_oi_skew_call_minus_put phys_d50_mid_skew_call_minus_put phys_d50_spread_mean phys_d50_theta_skew_call_minus_put phys_d50_vega_skew_call_minus_put phys_d50_abs_delta_gap phys_d50_liquidity_score phys_d65_iv_skew_put_minus_call phys_d65_iv_mean phys_d65_volume_skew_call_minus_put phys_d65_oi_skew_call_minus_put phys_d65_mid_skew_call_minus_put phys_d65_spread_mean phys_d65_theta_skew_call_minus_put phys_d65_vega_skew_call_minus_put phys_d65_abs_delta_gap phys_d65_liquidity_score phys_d80_iv_skew_put_minus_call phys_d80_iv_mean phys_d80_volume_skew_call_minus_put phys_d80_oi_skew_call_minus_put phys_d80_mid_skew_call_minus_put phys_d80_spread_mean phys_d80_theta_skew_call_minus_put phys_d80_vega_skew_call_minus_put phys_d80_abs_delta_gap phys_d80_liquidity_score phys_total_volume_skew_call_minus_put phys_total_oi_skew_call_minus_put phys_total_option_volume_log phys_total_option_oi_log phys_call_iv_slope_low_to_high phys_put_iv_slope_low_to_high phys_call_mid_slope_low_to_high phys_put_mid_slope_low_to_high phys_fib_up_min_abs_bps phys_fib_up_mean_signed_bps phys_fib_dn_min_abs_bps phys_fib_dn_mean_signed_bps phys_fib_any_min_abs_bps phys_ib_edge_min_abs_bps phys_ib_balance phys_nearest_level_vs_ib_range phys_momentum_accel_ret_1m_bps_minus_ret_5m_bps phys_abs_ret_1m_bps phys_momentum_accel_ret_5m_bps_minus_ret_15m_bps phys_abs_ret_5m_bps phys_momentum_accel_ret_15m_bps_minus_ret_30m_bps phys_abs_ret_15m_bps phys_abs_ret_30m_bps ctx_spx_spot ctx_spx_ret_1m_bps ctx_spx_ret_1m_bps_minus_self ctx_spx_ret_5m_bps ctx_spx_ret_5m_bps_minus_self ctx_spx_ret_15m_bps ctx_spx_ret_15m_bps_minus_self ctx_spx_ret_30m_bps ctx_spx_ret_30m_bps_minus_self ctx_spx_ib_range_bps ctx_spx_nearest_level_abs_bps ctx_spx_phys_d35_iv_skew_put_minus_call ctx_spx_phys_total_volume_skew_call_minus_put ctx_spx_phys_total_oi_skew_call_minus_put ctx_spy_spot ctx_spy_ret_1m_bps ctx_spy_ret_1m_bps_minus_self ctx_spy_ret_5m_bps ctx_spy_ret_5m_bps_minus_self ctx_spy_ret_15m_bps ctx_spy_ret_15m_bps_minus_self ctx_spy_ret_30m_bps ctx_spy_ret_30m_bps_minus_self ctx_spy_ib_range_bps ctx_spy_nearest_level_abs_bps ctx_spy_phys_d35_iv_skew_put_minus_call ctx_spy_phys_total_volume_skew_call_minus_put ctx_spy_phys_total_oi_skew_call_minus_put ctx_qqq_spot ctx_qqq_ret_1m_bps ctx_qqq_ret_1m_bps_minus_self ctx_qqq_ret_5m_bps ctx_qqq_ret_5m_bps_minus_self ctx_qqq_ret_15m_bps ctx_qqq_ret_15m_bps_minus_self ctx_qqq_ret_30m_bps ctx_qqq_ret_30m_bps_minus_self ctx_qqq_ib_range_bps ctx_qqq_nearest_level_abs_bps ctx_qqq_phys_d35_iv_skew_put_minus_call ctx_qqq_phys_total_volume_skew_call_minus_put ctx_qqq_phys_total_oi_skew_call_minus_put ctx_spy_qqq_ret_5m_spread ctx_spx_spy_ret_5m_spread ticker_QQQ ticker_SPXW ticker_SPY expiry_mode_zero_dte nearest_level_name_fib_127_dn nearest_level_name_fib_127_up nearest_level_name_fib_161_dn nearest_level_name_fib_161_up nearest_level_name_fib_200_dn nearest_level_name_fib_200_up nearest_level_name_ib_high nearest_level_name_ib_low
feature_infos=none [630:870] [4949.68017578125:6500.35009765625] none [-363.49630761760704:178.67726878706543] [-154.63595974734017:365.32435327356666] [-423.0150084818992:127.90926180673743] [-498.7262970813299:63.329370574407399] [-582.31506079515191:19.466152664643484] [-117.87774449736467:416.0923602538947] [-71.119132451442496:480.67225148622475] [-19.610614953373865:551.97143776006794] [0:19.968897841364992] [12.151458812678843:218.81875317754483] [-2.370533949718201:2.2748954839335589] [-86.164022892891708:204.48988922511901] [-121.10209134795102:152.56680568032976] [-119.72864146067796:220.20286059988959] none [5090:6510] [1.0349834515399614:292.98055133740507] [0.064499996602535248:0.20730000734329224] [0.00559999980032444:1.4424999952316284] [0.11943911384329509:21.097490955040747] [0.011834364938100892:0.89017337854006795] [-29.716000484831195:-5.8816268746064582] [14.014300346374512:43.388301849365234] [0:58866] [0:5067] none [4785:6490] [-386.7088230302229:-4.1418657063241326] [0.094200000166893005:0.19349999725818634] [0.020300000905990601:2.2004001140594482] [0.23887822768659017:29.74385341197916] [0.011834364938100892:1.921568624395507] [-29.868665885895503:-6.0876211869089225] [13.913000106811523:39.849300384521484] [0:56625] [0:3572] none [5045:6505] [1.0349834515399614:192.57774408364625] [0.088600002229213715:0.34029999375343323] [0.00559999980032444:1.4105000495910645] [0.11943911384329509:40.397486048506806] [0.0068258994637844135:1.8461538402756761] [-23.898259953884665:-4.0615221224807332] [18.648700714111328:56.055999755859375] [0:36440] [0:4549] none [4850:6495] [-211.74497956666815:-4.1418657063241326] [0.094200000166893005:0.32710000872612] [0.020300000905990601:1.8523000478744507] [0.23887822768659017:48.64966869711828] [0.0072727550159801136:1.9960039959445104] [-29.868665885895503:-4.1874913977365749] [13.913000106811523:53.591999053955078] [0:56625] [0:3266] none [5005:6505] [1.0349834515399614:114.48269497853936] [0.088600002229213715:0.45019999146461487] [0.00559999980032444:1.4039000272750854] [0.11943911384329509:64.246575660245767] [0.0056657438089383538:1.1111111111111112] [-21.509332336346322:-2.9883404692351516] [18.648700714111328:62.117298126220703] [0:36440] [0:4549] none [4895:6495] [-110.47213928851329:1.0349834515399614] [0.12759999930858612:0.54170000553131104] [0.020300000905990601:1.4811999797821045] [0.23894481951976657:71.721805731411195] [0.0059347409415793813:1.9933554814603107] [-15.954098560053382:-2.961452798676516] [24.26140022277832:62.079601287841797] [0:56625] [0:3043] none [4950:6500] [-12.106692904965133:9.6576410631787901] [0.18770000338554382:0.83329999446868896] [0.00559999980032444:1.4148000478744507] [0.11943911384329509:114.65387254246718] [0.0036563211539996456:1.8397863851063627] [-21.509332336346322:-1.0214880418608525] [22.172199249267578:64.723899841308594] [0:19997] [0:5212] none [4950:6500] [-8.1207377193859287:11.81993152565175] [0.36070001125335693:0.80390000343322754] [0.023099999874830246:2.0866999626159668] [2.2308304725600836:151.24651912354713] [0.0025673548693801651:1.6812339359349773] [-11.980927896072169:-0.91534613723620872] [26.61199951171875:64.7239990234375] [0:56625] [0:3619] none [4895:6495] [-126.36673608287464:-1.0993873385900521] [0.54409998655319214:1] [0:1.5303000211715698] [4.6608422322249767:182.84009630120318] [0.0029454630890687408:0.70011665095125619] [-6.5454935709635418:0] [0:61.840099334716797] [0:16221] [0:4489] none [5005:6505] [-1.0993873385900521:111.76444185106993] [0.42930001020431519:0.80390000343322754] [0.023099999874830246:1.405500054359436] [2.2308304725600836:175.36486430329848] [0.0026489662018832783:1.1431019484571951] [-6.5437648997587319:-0.91534613723620872] [24.313400268554688:62.096401214599609] [0:45549] [0:2957] none [4820:6490] [-268.3363711660669:-8.0644487311953839] [0.72329998016357422:1] [0:1.5154999494552612] [10.176971247757542:304.94560566763471] [0.0038535792757124657:0.51361544897756839] [-3.304380273206204:0] [0:50.405101776123047] [0:16279] [0:1627] none [5065:6510] [3.8229614923168675:235.42427612023519] [0.71670001745223999:1] [0:1.4599000215530396] [4.141710181272253:264.66293301869734] [0.0037523594492536311:0.71090046108118465] [-3.4482698852922793:0] [0:49.037399291992188] [0:20702] [0:1421] [-0.11349999904632568:0.9347001314163208] [0.017500000540167093:1.7330500483512878] [-0.98830409356652904:0.99999999998039224] [-0.9999999999990834:0.99999999999981992] [-0.44927536716792266:0.2444444395985122] [0.016786736982394343:1.4058710014677875] [-6.9868072797109768:8.3593335495491807] [-0.27073404957034947:0.24129855152704491] [-0.081000000238418579:0.10039999336004257] [4.219507705176107:17.701621712332809] [-0.079899966716766357:0.64820003509521484] [0.017500000540167093:1.5282000303268433] [-0.99999999991666666:0.97088791848475853] [-0.99999999999863942:0.99341021416763042] [-0.37837835691585314:0.37500000911711029] [0.008853924832153498:1.9210789181100933] [-8.2577472678091866:8.3593335495491807] [-0.19383712837050651:0.24129855152704491] [-0.15860000252723694:0.133899986743927] [4.1271343850450917:18.285802044116959] [-0.05970001220703125:0.42890000343322754] [0.017500000540167093:1.4135000109672546] [-0.95951417003660122:0.99999999989999999] [-0.99999999999955536:0.99999999999981404] [-0.94392523311091459:0.34328359636537986] [0.006028549406351261:1.5522332962857108] [-14.673524745456461:5.0024365829073378] [-0.19134643586765393:0.085057193947780579] [-0.35350000858306885:0.16639998555183411] [4.3040650932041702:18.77729136382235] [-0.060599982738494873:1.0267999172210693] [0.02805000077933073:1.5733000040054321] [-0.95238095235827669:0.9199999999877333] [-0.99999999999904121:0.99276169265005765] [-0.94392523311091459:0.52727272803079694] [0.0045634981611247429:1.7605101605206701] [-14.673524745456461:6.7224280842602839] [-0.19134643586765393:0.013359650099719744] [-0.35350000858306885:0.26929998397827148] [4.7449321283632502:18.240779878918573] [-0.48290002346038818:0.11800000071525574] [0.042700000107288361:1.4120000004768372] [-0.99999999999315081:0.99999999999363065] [-0.99999999999990052:0.99999999999981404] [-0.25170069482561497:0.82587954106594108] [0.0042283458372197741:0.92160929970422567] [-2.2957597483186021:3.5172602635929615] [-0.99999999997431188:0.086801100682599802] [-0.14590001106262207:0.28549998998641968] [3.1354942159291497:16.819602194482627] [-0.52260005474090576:0.2070000022649765] [0.032800000160932541:1.4528999924659729] [-0.99999999999749378:0.99999999999800804] [-0.99999999999992806:0.99999999999970068] [-0.29307807184565093:0.72799096458722712] [0.0047278954027584552:0.61225795502937652] [-1.4591450382739033:2.3367054359672603] [-0.99999999996892575:0.999999999971797] [-0.22670000791549683:0.2060999870300293] [1.0986122886681098:15.858236246707449] [-0.80475272960770405:0.91429083736759642] [-0.99874658668693772:0.98464608204535209] [0:10.129347411344567] [7.461640392208575:11.963886428076139] [-0.11669999361038208:0.25739997625350952] [-1.2701001167297363:0.17750000208616257] [9.2903411365462318:284.69649248222481] [3.9027653617524862:242.69562076191102] [0:423.0150084818992] [-501.35212211946038:61.08960556056968] [0.0007649725787929406:416.0923602538947] [-69.497446484531011:482.91201650006246] [0:67.083665819181974] [0:178.67726878706543] [-0.99999999999803224:0.9999999999981618] [0:1.3179161690614039] [-202.21499374118545:84.905383712720052] [0:2.370533949718201] [-101.10311353128455:107.76201410545249] [0:204.48988922511901] [-112.23076603402049:128.59662373074343] [0:152.56680568032976] [0:220.20286059988959] [4949.68017578125:6500.35009765625] [-2.370533949718201:2.2748954839335589] none [-86.164022892891708:204.48988922511901] none [-121.10209134795102:152.56680568032976] none [-119.72864146067796:220.20286059988959] none [12.151458812678843:218.81875317754483] [0:19.968897841364992] [-0.05970001220703125:0.42890000343322754] [-0.80475272960770405:0.91429083736759642] [-0.99874658668693772:0.98464608204535209] [493.239990234375:648.6400146484375] [-4.2088780357041333:4.2088377651872122] [-2.9502388555324721:3.5629454414376482] [-90.079839600845091:210.66438107900433] [-4.6372740988187555:6.1744918538853142] [-124.21748425187617:157.06999331462691] [-6.3950143675561844:4.6868011551603992] [-121.76594169389764:223.89657086275605] [-11.231326009980558:6.2813936904859702] [11.439976778911902:204.15978035064896] [0:19.989215541609827] [-0.10009999945759773:0.261199951171875] [-0.8705973422783595:0.92885375493704014] [-0.98923333952104886:0.992685663002012] [415.8900146484375:581.719970703125] [-4.2769260868036341:6.2218051378737371] [-3.0182869066319729:5.4961077557313942] [-98.775731281454114:221.27525130073877] [-18.237638874305517:16.785362075619759] [-141.81834439515595:173.14052771771449] [-31.095139725696441:29.609075498207012] [-141.3649021677721:252.40845104624211] [-39.359383285396689:34.698620381983233] [22.404684425704861:230.20206873305798] [0:19.992029724106196] [-0.064399998169392347:0.30959998816251755] [-0.99999999997777789:0.99999999993749999] [-0.99400125780073556:0.99496010079796215] [-12.402653611096603:17.695654638598675] [-6.1744918538853142:4.6372740988187555] none none none none [0:1] [0:1] [0:1] [0:1] [0:1] [0:1] [0:1] [0:1]
tree_sizes=2816 2937 2921 2914 2922 2921 2917 2921 2925 2923 2916 2921 2938 2925 2935 2930 2929 2932 2917 2912 2918 2925 2918 2910 2940 2941 2927 2910 2904 2920 2904 2928 2941 2938 2906 2919 2921 2905 2918 2917 2916 2931 2920 2934 2930 2929 2929 2944 2900 2934 2934 2929 2923 2929 2940 2910 2937 2932 2944 2934 2939 2929 2942 2952 2911 2933 2928 2949 2914 2926 2935 2948 2947 2947 2959 2956 2921 2951 2957 2952 2928 2943 2955 2923 2939 2938 2924 2946 2942 2947 2947 2934 2933 2938 2916 2928 2954 2957 2930 2940 2933 2951 2949 2931 2961 2957 2967 2967 2951 2952 2958 2942 2957 2932 2937 2939 2911 2929 2955 2928 2948 2938 2952 2960 2964 2953 2942 2957 2956 2949 2963 2964 2975 2945 2961 2952 2954 2943 2969 2920 2967 2939 2978 2968 2923 2953 2934 2943 2945 2958 2979 2952 2927 2958 2960 2988 2949 2943 2976 2956

Tree=0
num_leaves=31
num_cat=0
split_feature=6 81 6 115 199 183 183 33 9 38 20 191 260 213 11 19 243 2 88 4 126 271 10 123 150 49 11 13 126 114
split_gain=100.207 60.4798 56.7154 46.8806 45.2266 40.3851 47.235 42.0139 25.7083 24.0727 25.2341 36.1577 30.2651 25.8251 29.2958 23.6532 22.1507 21.4516 27.7613 19.9739 26.2963 19.7294 25.2089 19.2604 21.0908 18.6557 22.1762 17.1187 16.9776 23.9817
threshold=1.1453304136208124 34.327650070190437 27.826799391071358 961.50000000000011 9.5192941915723992 0.83488723756362504 0.63377538813055845 0.14185000211000445 68.113012856946327 2338.0000000000005 32.092919019425246 0.16344999894499782 -0.11943543029707925 10.178331235900105 80.395542579282292 5942.5000000000009 0.91835207986214584 6203.7399902343759 0.2079500034451485 -11.681031570701505 31.000000000000004 5.3783100163072746 17.563408205036669 0.0093341521968922907 0.034050002694129951 4150.5000000000009 120.87391836294526 27.518744937509044 350.50000000000006 44.395599365234382
decision_type=2 2 2 2 2 2 2 2 2 2 2 2 2 2 2 2 2 2 2 2 2 2 2 2 2 2 2 2 2 2
left_child=1 8 3 15 23 6 7 27 16 10 12 -12 -9 28 -15 -2 -1 18 -8 -7 -21 22 -18 -3 -25 26 -11 -6 29 -13
right_child=2 4 -4 -5 5 19 17 9 -10 25 11 13 -14 14 -16 -17 21 -19 -20 20 -22 -23 -24 24 -26 -27 -28 -29 -30 -31
leaf_value=-0.57539648313075309 -0.60482315719127655 -0.56825306951999666 -0.57905158363282683 -0.60502682298421862 -0.57519889041781425 -0.5963820719718933 -0.57052936755120753 -0.57518479108810427 -0.60591724932193758 -0.58261336356401439 -0.58049126684665675 -0.60510600954294202 -0.60493997395038601 -0.60473836302757267 -0.5678500615060329 -0.57611994214355944 -0.60513051986694333 -0.60452813625335688 -0.60469217017292975 -0.60457810610532758 -0.6050268240272999 -0.60536336272954938 -0.57816227339208126 -0.58554718431085351 -0.60471804171800614 -0.60479270964860921 -0.60490012824535366 -0.60463579580187798 -0.60475418657064439 -0.57824310436844828
leaf_weight=62 178 167 150 757 157 62 270 64 192 583 164 71 514 97 101 78 74 230 66 71 208 353 141 87 100 66 91 60 1317 188
leaf_count=62 178 167 150 757 157 62 270 64 192 583 164 71 514 97 101 78 74 230 66 71 208 353 141 87 100 66 91 60 1317 188
internal_value=-0.604771 -0.602813 -0.61409 -0.617063 -0.601291 -0.602273 -0.601293 -0.60283 -0.61155 -0.603835 -0.60547 -0.603552 -0.611855 -0.605025 -0.593272 -0.604115 -0.608068 -0.591963 -0.586381 -0.613755 -0.617715 -0.610271 -0.601947 -0.589345 -0.597359 -0.598309 -0.596558 -0.588097 -0.606533 -0.59842
internal_weight=6719 5556 1163 1013 4734 4380 4039 3473 822 3256 2516 1938 578 1774 198 256 630 566 336 341 279 568 215 354 187 740 674 217 1576 259
internal_count=6719 5556 1163 1013 4734 4380 4039 3473 822 3256 2516 1938 578 1774 198 256 630 566 336 341 279 568 215 354 187 740 674 217 1576 259
is_linear=0
shrinkage=1


Tree=1
num_leaves=31
num_cat=0
split_feature=6 5 123 129 258 111 150 137 209 173 274 82 82 215 25 163 121 115 274 6 59 61 126 138 260 115 11 13 150 163
split_gain=84.4393 52.765 45.0112 44.9592 50.6559 41.9236 43.6293 38.4315 32.4059 27.6057 25.9287 26.3885 29.2214 24.7278 25.9839 25.0014 22.3531 23.3978 21.4831 20.6952 19.9551 19.6722 19.6599 19.2509 18.7518 17.2925 16.6915 21.4586 16.4857 19.0664
threshold=1.4486429024123637 75.715134582173604 0.0093341521968922907 5922.5000000000009 0.0096499994397163408 23.053657510451899 0.034300003200769431 178.50000000000003 9.122164585643878 -0.45643218841948879 0.47508064624356078 572.50000000000011 1714.0000000000002 -0.10405000299215315 -16.81160092891097 -0.054628497144231965 0.1795499995350838 1463.5000000000002 0.55508408406607235 -56.462011627461145 35.690549850463874 145.50000000000003 1408.0000000000002 73.500000000000014 0.78599164927552878 961.50000000000011 55.42101310858623 47.522587617904335 0.028000000864267353 0.55028180079069922
decision_type=2 2 2 2 2 2 2 2 2 2 2 2 2 2 2 2 2 2 2 2 2 2 2 2 2 2 2 2 2 2
left_child=2 23 8 9 28 6 18 -7 -1 -4 11 -9 -13 -3 -15 -16 -11 26 -6 -8 -17 -10 -14 25 -21 -2 -18 -28 -5 -30
right_child=1 13 3 4 5 7 19 10 21 16 -12 12 22 14 15 20 17 -19 -20 24 -22 -23 -24 -25 -26 -27 27 -29 29 -31
leaf_value=0.030105519730597736 -0.00023991964757442478 -0.00039298255294561329 7.0041922479867629e-05 0.030535635762102907 0.020645222966745497 -0.00069834097921848363 0.018758919923752549 -0.00031087657660245851 -8.3603768050670161e-05 0.015028812523558737 0.030682813685014847 0.02793177995849401 -0.00034402152746915773 -0.00071969245281070437 -0.0003440181739628312 0.034313770790398122 -0.00060104197114705998 -0.00096341394260525631 -0.00026389352530241107 -0.00034151499271392995 1.478092595934899e-05 0.022118844144418837 0.0054524429783225047 -3.6183039844035483e-05 0.00016808542460203165 -0.0004417100951075548 0.030333066822588448 -0.00025879008322954257 -0.00017506739348173097 0.035310526122152811
leaf_weight=453 84 60 522 258 398 114 111 107 295 92 173 432 159 152 78 118 198 154 89 815 80 157 109 79 102 486 77 565 135 67
leaf_count=453 84 60 522 258 398 114 111 107 295 92 173 432 159 152 78 118 198 154 89 815 80 157 109 79 102 486 77 565 135 67
internal_value=-0.00147308 -0.0101445 0.000300698 -0.00108394 0.00140046 -0.000495409 -0.00425987 0.00471338 0.00742308 -0.00581525 0.00696447 0.00426724 0.00675177 -0.00141988 0.00161663 0.00797153 -0.00898258 -0.0105105 0.00433943 -0.00833495 0.0144828 0.000765864 -0.00230769 -0.0166437 -0.0100597 -0.0188696 -0.00811834 -0.00530139 0.012043 0.00439614
internal_weight=6719 1137 5582 4677 3069 2609 1515 1094 905 1608 980 807 700 488 428 276 1086 994 487 1028 198 452 268 649 917 570 840 642 460 202
internal_count=6719 1137 5582 4677 3069 2609 1515 1094 905 1608 980 807 700 488 428 276 1086 994 487 1028 198 452 268 649 917 570 840 642 460 202
is_linear=0
shrinkage=0.035


Tree=2
num_leaves=31
num_cat=0
split_feature=6 4 212 272 125 104 183 34 183 104 271 2 137 115 27 213 261 247 261 148 66 77 114 114 2 137 71 257 81 36
split_gain=65.8716 46.1524 41.9877 36.5244 32.9639 32.466 31.4942 49.5539 42.3872 34.4981 30.329 29.5577 28.4642 24.6556 24.4639 29.0801 23.2312 22.9804 38.8506 30.074 26.917 38.1224 24.7571 21.9829 21.7681 21.3992 21.3005 21.1957 23.6901 20.8942
threshold=0.7949769381574272 42.758778767875199 5.6076369307404796 -0.012549996376037596 35.300949096679695 117.50000000000001 0.63377538813055845 2.0170081450607635 0.83488723756362504 1045.5000000000002 6.4326081739555958 6203.7399902343759 1202.0000000000002 945.00000000000011 1757.5000000000002 8.7973217825153096 565.35000610351574 607.44000244140636 529.33499145507824 668.50000000000011 0.18405000120401385 0.28585000336170202 48.411449432373054 43.647901535034187 5770.2800292968759 4047.5000000000005 1451.5000000000002 13.241957776010091 53.699850082397468 -7.2916641744958497
decision_type=2 2 2 2 2 2 2 2 2 2 2 2 2 2 2 2 2 2 2 2 2 2 2 2 2 2 2 2 2 2
left_child=2 13 -1 -4 10 25 7 -7 11 12 -5 -8 14 23 15 -9 -13 18 20 22 -11 24 -19 -2 -22 -6 -16 28 -17 -21
right_child=1 -3 3 4 5 6 8 9 -10 17 -12 16 -14 -15 26 27 -18 19 -20 29 21 -23 -24 -25 -26 -27 -28 -29 -30 -31
leaf_value=0.029241629696212711 -0.00033662390072457558 0.022379743276827041 0.032314664410375067 -4.1796559108420732e-05 -0.00055453250315785246 0.028158885927328844 0.029392242420559753 0.030273992316070947 -0.00035328514032810792 -0.00057234636183083119 -0.0011525140078570719 -0.00039045913946628657 -0.00050421946946531849 -0.00040434553482383568 0.028275978720747868 -0.00064574605991691127 0.02638849411076773 0.038476584233522883 0.03353988395267353 -0.00071712232326716179 0.041578781972764996 -0.00024913407576084099 -0.00010399802347272503 0.027541015748679641 0.02254675244448567 8.2443362653255594e-05 -0.00058985550125688292 0.018701056688109882 0.026748915153393525 0.0052616074740812176
leaf_weight=148 160 200 72 418 209 181 312 69 115 103 513 64 348 753 200 549 158 96 166 424 66 394 165 76 308 63 123 112 65 89
leaf_count=148 160 200 72 418 209 181 312 69 115 103 513 64 348 753 200 549 158 96 166 424 66 394 165 76 308 63 123 112 65 89
internal_value=-0.00230592 -0.00976131 -0.000695574 -0.00120846 -0.00155409 -0.000279425 0.000502189 -0.000828761 0.00754587 -0.00182358 -0.00751603 0.0116883 -0.00580557 -0.0128521 -0.00305432 -0.00634375 0.00185022 0.00140694 0.00480326 -0.00314506 0.00179795 0.00407503 0.00644737 -0.00290456 0.0120053 -0.0118773 0.00501524 -0.00842681 -0.0109693 -0.00804054
internal_weight=6719 1189 5530 5382 5310 4379 4107 3458 649 3277 931 534 1466 989 1118 795 222 1811 1037 774 871 768 261 236 374 272 323 726 614 513
internal_count=6719 1189 5530 5382 5310 4379 4107 3458 649 3277 931 534 1466 989 1118 795 222 1811 1037 774 871 768 261 236 374 272 323 726 614 513
is_linear=0
shrinkage=0.035


Tree=3
num_leaves=31
num_cat=0
split_feature=6 6 212 272 13 91 104 183 183 69 115 173 220 82 270 38 274 211 13 7 190 93 8 247 2 193 274 31 2 36
split_gain=63.8559 49.8143 45.1374 30.5373 30.4459 37.2788 32.9705 31.8398 64.5192 40.6924 28.5902 26.7883 26.6573 25.437 23.613 22.9319 22.0336 21.3035 20.7254 30.7176 19.2 18.0872 19.2636 23.0425 46.5085 19.7957 25.0564 19.0863 17.6199 17.5636
threshold=1.4486429024123637 27.826799391071358 5.6076369307404796 -0.012549996376037596 20.328076592953767 -3.4343359428539606 1024.0000000000002 0.63377538813055845 0.72346056971403883 -5.6269740430702919 945.00000000000011 0.59555181155084858 13.053823927897652 456.50000000000006 33.608004032005702 4785.0000000000009 -0.27459092099839194 0.57856066320310895 36.975607239421755 -28.798032911268567 -0.011099997907876967 141.50000000000003 -55.331566024033435 642.45501708984386 6378.6750488281259 -0.49837838797807249 0.026162523895201788 -43.228317301491337 5667.3049316406259 -15.969912590465272
decision_type=2 2 2 2 2 2 2 2 2 2 2 2 2 2 2 2 2 2 2 2 2 2 2 2 2 2 2 2 2 2
left_child=2 10 -1 -4 5 29 7 11 9 20 -2 13 -10 -6 -7 21 -17 -15 -14 -20 -9 28 23 24 -23 -24 27 -27 -8 -5
right_child=1 -3 3 4 6 14 15 8 12 -11 -12 -13 18 17 -16 16 -18 -19 19 -21 -22 22 25 -25 -26 26 -28 -29 -30 -31
leaf_value=0.028218172656845272 -0.00024931412772013942 0.022972641036176536 0.031183651156011936 0.012239831691627326 0.023910426176204095 0.026410242379032993 0.0001460580053724081 -0.0012916207980148637 0.02295705691238533 0.032464834439864212 -0.00042945555519770864 -0.00091031160246456036 -0.0004361835803167161 -0.00060804499675374158 -0.00067832593439046411 -0.00071337598884805957 0.036987045999507945 0.031554577312859787 -0.00039548734698828308 0.024790441176118734 0.047667479963522233 0.0050403145199346168 -0.00078188062334760724 -0.001026910153200795 0.037625111939584677 0.030443458444410734 -0.00042915685572516242 -0.00022784379993661703 -0.0014772640498946601 0.032417195566423758
leaf_weight=148 247 150 72 60 168 60 61 60 67 182 740 306 196 1261 111 63 143 60 331 112 60 1110 87 116 94 79 309 80 97 89
leaf_count=148 247 150 72 60 168 60 61 60 67 182 740 306 196 1261 111 63 143 60 331 112 60 1110 87 116 94 79 309 80 97 89
internal_value=-0.00290973 -0.010451 -0.00136567 -0.00189189 -0.00220421 0.00818462 -0.00287101 -0.00539708 -0.00041461 0.0129967 -0.0133014 -0.00818611 -0.00620253 -0.00620817 -0.00298295 0.000296346 0.0112796 -0.00783937 -0.00842391 -0.00414063 -0.0028 -0.000841511 0.000130319 0.00243019 0.00387924 -0.0053125 -0.00236786 0.00875 -0.0120245 0.0206818
internal_weight=6719 1137 5582 5434 5362 320 5042 2803 1008 302 987 1795 706 1489 171 2239 206 1321 639 443 120 2033 1875 1320 1204 555 468 159 158 149
internal_count=6719 1137 5582 5434 5362 320 5042 2803 1008 302 987 1795 706 1489 171 2239 206 1321 639 443 120 2033 1875 1320 1204 555 468 159 158 149
is_linear=0
shrinkage=0.035


Tree=4
num_leaves=31
num_cat=0
split_feature=6 6 123 9 115 13 91 217 137 38 193 115 212 93 115 204 272 125 55 151 6 13 52 126 126 60 183 6 111 92
split_gain=60.2499 45.7618 38.1215 36.4565 31.8872 29.1483 31.0872 29.0047 25.0324 28.031 29.4019 23.9608 22.8828 22.7477 22.2368 22.2356 24.0681 21.6997 20.5144 23.1477 28.2299 22.9655 20.69 21.5368 28.1654 24.3103 22.5636 25.715 27.8634 21.2258
threshold=-0.53909700468112454 30.4461015263802 0.0084686053135162725 92.517420328032117 945.00000000000011 20.328076592953767 -3.2787462957473266 77.43955080658192 120.50000000000001 2338.0000000000005 0.16359318993571909 350.00000000000006 5.9750802605835984 1681.5000000000002 4094.0000000000005 0.071566727715166714 0.022550001740455631 50.515800476074226 0.11434999853372575 0.15752500295639041 -25.552092767688887 22.073223386285939 5512.5000000000009 662.00000000000011 65.000000000000014 1262.5000000000002 0.63377538813055845 -17.266553374837546 25.685933385793849 52.940048217773445
decision_type=2 2 2 2 2 2 2 2 2 2 2 2 2 2 2 2 2 2 2 2 2 2 2 2 2 2 2 2 2 2
left_child=2 4 12 5 -2 6 13 8 -7 14 -11 -9 -1 -4 18 -12 -17 -5 -10 20 -20 -22 -21 24 -24 29 27 28 -26 -25
right_child=1 -3 3 17 -6 7 -8 11 9 10 15 -13 -14 -15 -16 16 -18 -19 19 22 21 -23 23 25 26 -27 -28 -29 -30 -31
leaf_value=0.034890500929224029 -0.00023041960882259712 0.025863752595260955 0.010688653258195853 -0.0008432324042947798 -0.00039113968241042134 -0.00096991605631909015 -0.00013926950170794428 0.028722754391667601 0.030388942646779181 0.02719518445535922 -0.0011403344826776169 -0.0010133367633934542 0.01686622755463401 0.031598347302322131 0.022301421255949361 -0.00086975578478432102 0.03022062549654406 0.015996253523622262 -0.00010369110080792888 -0.0012804798990743416 0.0084188694605007146 -0.00066443469712916677 -0.00081483889007014792 -0.0005757472971993278 -0.00039677467201265805 -5.3443917895207307e-05 0.030678181260661182 -0.00073882167055467002 0.026536261444265533 -0.0011136391572200189
leaf_weight=111 290 125 67 402 885 316 124 212 98 369 130 65 482 91 155 100 62 67 211 101 84 362 90 310 160 639 160 110 218 123
leaf_count=111 290 125 67 402 885 316 124 212 98 369 130 65 482 91 155 100 62 67 211 101 84 362 90 310 160 639 160 110 218 123
internal_value=-0.00311794 -0.00986973 -0.0014906 -0.00252122 -0.0120127 -0.00151651 0.00926829 -0.00227328 -0.00307389 -0.0022082 0.00425676 0.00856383 0.00684783 0.0193252 -0.00372788 -0.00400673 0.00461078 -0.0117405 -0.00448147 -0.00508745 -0.0107326 -0.0156763 -0.0031237 -0.00223691 0.00235532 -0.00539461 0.00493109 0.0011359 0.00548303 -0.0117466
internal_weight=6719 1300 5419 4826 1175 4357 282 4075 3798 3482 661 277 593 158 2821 292 162 469 2666 2568 657 446 1911 1810 738 1072 648 488 378 433
internal_count=6719 1300 5419 4826 1175 4357 282 4075 3798 3482 661 277 593 158 2821 292 162 469 2666 2568 657 446 1911 1810 738 1072 648 488 378 433
is_linear=0
shrinkage=0.035


Tree=5
num_leaves=31
num_cat=0
split_feature=6 6 212 195 13 115 150 104 183 183 69 38 5 38 173 175 270 213 274 60 151 11 81 148 247 161 213 137 204 268
split_gain=56.327 45.03 36.0743 36.5454 36.3959 30.7708 29.5414 26.1569 32.2344 66.6191 35.4178 24.9541 23.2588 22.5169 21.8087 21.738 26.0849 27.0802 21.1284 19.4299 17.1652 26.5297 17.165 16.633 22.8714 30.3292 24.0421 19.8141 17.7386 16.1086
threshold=-0.53909700468112454 30.4461015263802 6.1213951142326692 0.0090738794459966684 20.328076592953767 945.00000000000011 0.039199985563755042 1024.0000000000002 0.63377538813055845 0.72346056971403883 -5.6840665644145467 4785.0000000000009 4.7711661749232652 336.00000000000006 0.31106198178877004 0.016006643912083399 44.476084516438625 9.9304944914072646 -0.26472375837327894 1465.5000000000002 0.21532499790191653 83.376085280901847 45.877849578857429 996.00000000000011 620.66497802734386 0.18752499669790271 10.063840387517866 1941.0000000000002 0.11071885974281406 6.9194729785226903
decision_type=2 2 2 2 2 2 2 2 2 2 2 2 2 2 2 2 2 2 2 2 2 2 2 2 2 2 2 2 2 2
left_child=2 5 3 -1 6 22 14 8 15 10 -10 23 -11 20 -4 19 17 -17 -13 -6 21 -14 -2 24 25 28 -27 -26 -9 -7
right_child=1 -3 4 -5 7 29 -8 11 9 12 -12 18 13 -15 -16 16 -18 -19 -20 -21 -22 -23 -24 -25 27 26 -28 -29 -30 -31
leaf_value=0.032525768966595092 -0.00036034364122650766 0.024958521254426821 0.012848040059799387 -5.6586596285795883e-05 0.017225861513259052 -0.00043239379042116335 -0.00075367850698221167 -0.00085747316474594809 -0.00068469839239937772 0.019689986661230018 0.030941698108355162 -0.0006463864158670721 -0.00099755557201251462 -0.00078617521019007548 0.031560328594826728 0.028777328646689727 -0.00089912978490081126 -0.0010933883711655185 0.035780359169909612 -0.0015778654379721268 -0.00048572913430216196 0.029090276572896267 0.031582032094703838 -0.00043239985995620128 0.030104220031967166 -5.1531110198587701e-05 0.032775152649595733 -0.00022717028549879616 0.0015810142263954711 -0.0002657281767698877
leaf_weight=205 221 125 89 275 205 509 93 116 111 73 177 62 65 327 114 109 1131 81 133 80 102 60 69 1027 183 388 70 65 78 376
leaf_count=205 221 125 89 275 205 509 93 116 111 73 177 62 65 327 114 109 1131 81 133 80 102 60 69 1027 183 388 70 65 78 376
internal_value=-0.0031804 -0.00970881 -0.00160675 0.00750515 -0.00249899 -0.0118347 0.00930233 -0.00326054 -0.00566706 -0.000418478 0.0133788 -0.000394922 -0.00681171 -0.00926655 0.0166587 -0.0086468 -0.0105317 0.0014359 0.011375 0.00012069 -0.00075431 0.00780769 -0.00189831 -0.00161232 0.00185635 -0.00159817 0.00332613 0.0107905 -0.0130151 -0.0150618
internal_weight=6719 1300 5419 480 4939 1175 296 4643 2521 915 288 2122 627 554 203 1606 1321 190 195 285 227 125 290 1927 900 652 458 248 194 885
internal_count=6719 1300 5419 480 4939 1175 296 4643 2521 915 288 2122 627 554 203 1606 1321 190 195 285 227 125 290 1927 900 652 458 248 194 885
is_linear=0
shrinkage=0.035


Tree=6
num_leaves=31
num_cat=0
split_feature=6 6 9 199 114 270 82 261 256 137 195 129 118 22 148 160 69 270 256 11 148 180 6 137 4 111 261 30 274 232
split_gain=56.7677 44.0186 34.9391 39.4922 32.3956 30.3186 37.0401 36.6923 25.9448 31.605 21.8368 21.8106 39.2365 33.57 41.7926 33.4464 29.3844 26.4302 40.8884 45.9472 30.602 26.9193 26.3827 27.7619 23.2735 33.2718 22.9728 22.8735 22.5339 22.0181
threshold=-0.53909700468112454 35.156611501487156 92.517420328032117 8.7684156290131572 50.760848999023445 66.68293220601727 366.50000000000006 521.45501708984386 19.245840000665837 1048.0000000000002 0.0083252179448919314 5922.5000000000009 6032.5000000000009 0.22594999521970752 228.50000000000003 0.014649994671344759 -5.5511086365421978 110.71442603644148 78.550804699928662 80.018361844906792 146.50000000000003 0.0040000043809413919 -32.695194488921409 232.50000000000003 -4.2427494995299737 23.1381377387257 563.29498291015636 6172.5000000000009 0.45975056289207084 4.4138489810241497
decision_type=2 2 2 2 2 2 2 2 2 2 2 2 2 2 2 2 2 2 2 2 2 2 2 2 2 2 2 2 2 2
left_child=2 5 3 -1 -4 -2 -7 -8 9 -5 -10 17 13 14 16 27 -13 20 -19 -20 21 -12 23 -17 -24 26 -26 -14 -27 -28
right_child=1 -3 4 8 -6 6 7 -9 10 -11 11 12 15 -15 -16 22 -18 18 19 -21 -22 -23 24 -25 25 28 29 -29 -30 -31
leaf_value=0.028142665450976906 -0.00036824353207893292 0.027798475936032404 -0.00081672699981223012 -0.001615074278881723 0.025686175237639389 -0.00077925112803339314 -0.00033418205634554865 0.030633815362853339 0.021941775654958307 0.025044986577935045 -0.00090628400279162667 -0.0011029114009930561 0.031946989983580108 -0.0012084530427883553 0.034868382405820068 -0.0016544055845462986 0.025091153441763759 0.029020760337221896 -0.0015762007816171599 0.024591201058646421 -0.00093630753921199552 0.028144080680294101 -0.00081711513347637133 0.013232201402413591 -0.00056437691960245073 -0.00051573924568734729 0.030927374037347511 -0.00064283868117921033 0.028751388109305137 -0.00098885811420037291
leaf_weight=157 672 100 461 62 86 187 238 103 319 160 84 60 161 84 259 69 105 85 170 156 820 83 634 627 274 80 77 168 81 97
leaf_count=157 672 100 461 62 86 187 238 103 319 160 84 60 161 84 259 69 105 85 170 156 820 83 634 627 274 80 77 168 81 97
internal_value=-0.00331573 -0.00986973 -0.0017358 -0.00078942 -0.0100815 -0.0117344 -0.00538462 0.00151734 -0.00137182 0.0101762 -0.00195309 -0.00262982 -0.000830636 0.00791423 0.0119114 -0.00280246 -0.00185294 -0.00618674 0.00126202 -0.00444109 -0.00927923 0.00427326 -0.00455504 0.000898716 -0.00760016 -0.00267915 -0.00757174 0.00744012 0.010753 0.00234637
internal_weight=6719 1300 5419 4872 547 1200 528 341 4715 222 4493 4174 2776 508 424 2268 165 1398 411 326 987 167 1939 696 1243 609 448 329 161 174
internal_count=6719 1300 5419 4872 547 1200 528 341 4715 222 4493 4174 2776 508 424 2268 165 1398 411 326 987 167 1939 696 1243 609 448 329 161 174
is_linear=0
shrinkage=0.035


Tree=7
num_leaves=31
num_cat=0
split_feature=6 6 125 30 242 247 261 256 260 104 183 183 20 115 212 133 69 110 44 260 270 270 213 256 82 93 11 4 231 260
split_gain=53.0843 42.9594 36.7377 50.8942 41.8499 29.7177 41.2913 52.3258 37.3334 37.7362 33.5082 58.7202 31.1678 26.8503 25.5286 24.7132 23.9936 23.6936 40.5301 25.4606 23.3587 21.5534 20.9639 20.7711 32.8475 25.2617 21.3986 27.6565 21.3044 20.7434
threshold=-0.53909700468112454 35.156611501487156 34.496200561523445 5172.5000000000009 19.856528107995107 552.60498046875011 486.14500427246099 83.653369172470605 -0.44962736325474667 715.00000000000011 0.63377538813055845 0.72346056971403883 60.441733361843454 945.00000000000011 6.281331292928102 20.065994396753553 -5.7868860330865006 0.22434999793767932 0.16264999657869342 0.87027882389785904 152.43433817425986 91.107190042626613 9.6117305198019114 54.576503517518411 870.50000000000011 4374.0000000000009 14.422134351843495 -1.3528826743683708 18.810259553164737 -0.089431743392275401
decision_type=2 2 2 2 2 2 2 2 2 2 2 2 2 2 2 2 2 2 2 2 2 2 2 2 2 2 2 2 2 2
left_child=2 13 22 -4 -5 -6 7 21 -8 10 12 16 -10 -2 -11 -16 -12 18 19 -13 -9 -7 -1 25 -25 26 -17 -28 29 -26
right_child=1 -3 3 4 5 6 8 20 9 14 11 17 -14 -15 15 23 -18 -19 -20 -21 -22 -23 -24 24 28 -27 27 -29 -30 -31
leaf_value=-0.0014370302724012137 -0.00019263763001704849 0.026825529278271268 0.035600232945360633 0.023541125764484624 -0.0011652751128344865 0.027577145246054743 -0.001348090415690354 -0.0019349181878627604 -0.00096656895025912942 0.028618927109738256 -0.00062612391466838728 -0.0006352021374727777 0.029097890201101255 -0.00035535500845616856 0.02493960815371897 0.024763457971247863 0.02991598414499556 -0.0012803093486026939 0.027209519591710245 0.021811004516318885 0.02422626859785431 0.031143001562559773 -0.00053792313489768487 -0.00064305984091368349 0.023670304344982719 0.027353760783346417 -0.00079845269440422374 0.018818883715656036 -0.0010274798631682664 0.032621394333649481
leaf_weight=427 303 100 83 171 241 114 223 72 700 159 75 252 72 897 64 122 147 72 92 77 60 115 399 185 174 60 809 146 89 219
leaf_count=427 303 100 83 171 241 114 223 72 700 159 75 252 72 897 64 122 147 72 92 77 60 115 399 185 174 60 809 146 89 219
internal_value=-0.00326368 -0.00960153 -0.0017358 -0.000510004 -0.00102326 -0.00170005 -0.00098952 0.0102322 -0.00208578 -0.00119352 -0.0054189 4.86111e-05 -0.0104505 -0.011444 0.00191191 0.000747464 0.0148018 -0.00667671 -0.00336854 -0.00911677 -0.00715328 0.0201923 -0.00850782 -3.86954e-05 0.00484375 -0.00291156 -0.00417283 -0.00594271 0.00963039 0.013103
internal_weight=6719 1300 5419 4593 4510 4339 4098 361 3737 3514 1487 715 772 1200 2027 1868 222 493 421 329 132 229 826 1804 667 1137 1077 955 482 393
internal_count=6719 1300 5419 4593 4510 4339 4098 361 3737 3514 1487 715 772 1200 2027 1868 222 493 421 329 132 229 826 1804 667 1137 1077 955 482 393
is_linear=0
shrinkage=0.035


Tree=8
num_leaves=31
num_cat=0
split_feature=224 35 82 19 6 146 137 126 126 217 272 13 212 104 246 38 247 11 126 193 247 13 44 150 270 150 203 137 41 27
split_gain=49.4612 37.5501 35.5978 34.5956 31.339 37.1011 28.5412 30.3743 32.2562 30.4774 28.5465 29.1017 25.8135 25.1606 37.8655 25.5438 33.3139 24.9866 22.5189 24.6629 21.9682 21.8384 23.944 25.4911 31.9316 20.4629 20.3201 31.8538 23.2702 18.5978
threshold=0.54758226117723519 0.021622232761616404 1179.0000000000002 5327.5000000000009 35.156611501487156 -0.77305187296394362 3629.0000000000005 61.000000000000007 258.50000000000006 29.826652619073762 -0.012549996376037596 19.09802066467779 5.9388537289014298 1024.0000000000002 0.62847504591768433 3267.0000000000005 591.22497558593761 24.375754447950722 655.00000000000011 0.7711571699911397 613.32501220703136 18.815618644574297 0.29964999854564672 0.029050003737211231 67.969837123857374 0.017850004136562351 -0.14887008768814955 1910.5000000000002 6242.5000000000009 2189.0000000000005
decision_type=2 2 2 2 2 2 2 2 2 2 2 2 2 2 2 2 2 2 2 2 2 2 2 2 2 2 2 2 2 2
left_child=3 18 4 -1 5 25 7 -5 9 -9 -10 -12 -13 14 17 26 -17 -14 19 -2 -18 -4 23 -23 -25 -3 -15 28 -28 -27
right_child=1 2 21 6 -6 -7 -8 8 10 -11 11 12 13 15 -16 16 20 -19 -20 -21 -22 22 -24 24 -26 29 27 -29 -30 -31
leaf_value=0.029716638115698323 0.027308493295821034 0.00015119276067336652 -0.0007020129181669161 -0.0015259605241673428 0.025454539331813179 -0.00017727017772201954 0.028315844495813768 -0.00089608160734263925 0.026333167339332175 0.02709205611610908 0.020518102341382374 0.026479993428408538 -0.00166207927106748 -0.00097286519750433098 0.023973959963859356 -0.002017447112406757 0.039268971254535663 -0.00093962989722726111 -0.00063452562844665001 -0.00023511296285399054 0.0063562536231811968 0.025369660476698013 -0.00069960409852060101 -0.000557172326401661 0.023271464895531436 -0.00087865592375719237 -0.00023318479313961363 -0.0014514358445637211 0.031471851713660112 -0.00032101287620524613
leaf_weight=98 150 95 63 80 75 506 139 93 74 170 126 132 181 816 79 71 104 686 157 85 84 89 133 247 241 888 201 61 144 651
leaf_count=98 150 95 63 80 75 506 139 93 74 170 126 132 181 816 79 71 104 686 157 85 84 89 133 247 241 888 201 61 144 651
internal_value=-0.0032845 -0.00626588 -0.00760107 -0.000261663 -0.0098536 -0.0106387 -0.000894948 -0.00159961 -0.00101751 0.0105784 -0.00214001 -0.00274535 -0.00356279 -0.00438939 -0.00883281 -0.00153096 0.00835227 -0.0109576 0.00387909 0.0106458 0.0159585 -0.00112468 0.000685315 0.00378866 0.000567951 -0.0131971 -0.00365118 0.00272506 0.0069 -0.0141677
internal_weight=6719 3380 2988 3339 2215 2140 3241 3102 3022 263 2759 2685 2559 2427 946 1481 259 867 392 235 188 773 710 577 488 1634 1222 406 345 1539
internal_count=6719 3380 2988 3339 2215 2140 3241 3102 3022 263 2759 2685 2559 2427 946 1481 259 867 392 235 188 773 710 577 488 1634 1222 406 345 1539
is_linear=0
shrinkage=0.035


Tree=9
num_leaves=31
num_cat=0
split_feature=224 121 125 110 6 199 36 93 272 260 30 38 148 247 27 25 148 27 11 33 204 173 9 115 11 41 220 115 54 259
split_gain=52.1048 56.442 50.063 47.5642 43.7601 40.5977 34.3927 33.6928 30.5671 27.1375 31.7411 32.6908 41.1158 33.4371 29.5608 25.9612 25.2555 23.3738 25.5607 20.5199 20.4537 20.2225 37.4041 22.726 26.444 19.5262 22.8825 19.4807 17.9596 17.749
threshold=0.99999999996911104 0.094600003212690367 49.530048370361335 0.15365000069141391 35.156611501487156 9.4552452649499106 -12.486940126097847 5203.0000000000009 0.023400001227855686 0.19525974187993517 5907.5000000000009 3267.0000000000005 789.50000000000011 620.66497802734386 3787.0000000000005 -8.4635440258915331 23.500000000000004 3223.0000000000005 24.814892790156069 0.54860001802444469 0.12360790627738349 0.15852586676527769 41.911545078872059 1555.0000000000002 60.571333873498808 6037.5000000000009 2.4591880926472887 1354.5000000000002 0.24454999715089801 0.49439110085586474
decision_type=2 2 2 2 2 2 2 2 2 2 2 2 2 2 2 2 2 2 2 2 2 2 2 2 2 2 2 2 2 2
left_child=1 -1 4 -4 16 6 -3 9 -5 10 19 12 13 20 17 -15 -2 18 -11 -7 -12 -20 23 24 -23 -14 -27 -24 -16 -18
right_child=2 5 3 8 -6 7 -8 -9 -10 14 11 -13 25 15 28 -17 29 -19 21 -21 -22 22 27 -25 -26 26 -28 -29 -30 -31
leaf_value=0.029744798075247988 0.015029240194833258 -0.0027133758288847773 -0.00023174334842191561 -0.0011409392273847236 0.025222231977645396 -0.00096275460018404322 0.025462273878224695 0.024654643589890949 0.028543704374729112 -0.0012568599275469229 -0.00063787360354499811 0.031185344944401176 0.023233117466822571 0.034796360602436918 0.022760491829283462 0.018094831905154634 -0.00059635365295105335 -0.0012732374442911694 -0.00092627258209753273 0.02941004122363523 0.022710779644339787 -0.00095172514217461794 0.00013253028724922235 0.028643356458663397 0.025440144264478288 0.017634867573527779 -0.0013470953508898094 -0.0012140321102114039 -0.00069706659627039871 0.00010530785511517677
leaf_weight=70 82 81 150 63 100 919 249 123 167 103 190 203 136 129 111 89 1604 123 367 61 61 104 133 165 88 75 528 215 160 70
leaf_count=70 82 81 150 63 100 919 249 123 167 103 190 203 136 129 111 89 1604 123 367 61 61 104 133 165 88 75 528 215 160 70
internal_value=-0.00335738 -0.00117758 -0.00771531 0.00381818 -0.0100806 -0.00168742 0.0100299 -0.00264555 0.0137021 -0.00321311 -0.000861853 0.00249647 0.000288541 0.00834388 -0.00678208 0.0182063 -0.0113685 -0.0089716 -0.00738559 -0.00568528 -0.000410156 -0.00571959 -0.00221831 0.00570442 -0.00248731 -0.00484543 -0.00754112 -0.0103116 0.00367754 -0.012299
internal_weight=6719 4483 2236 380 1856 4413 330 4083 230 3960 2391 1411 1208 469 1569 218 1756 1298 1175 980 251 1072 705 357 192 739 603 348 271 1674
internal_count=6719 4483 2236 380 1856 4413 330 4083 230 3960 2391 1411 1208 469 1569 218 1756 1298 1175 980 251 1072 705 357 192 739 603 348 271 1674
is_linear=0
shrinkage=0.035


Tree=10
num_leaves=31
num_cat=0
split_feature=224 81 6 137 33 123 34 212 211 242 93 107 170 256 259 222 163 160 222 256 20 144 173 21 211 150 211 11 60 137
split_gain=49.1053 47.3307 45.9544 44.5216 43.9268 36.4669 43.7755 36.1535 29.7812 27.4054 26.2884 22.6469 22.1497 22.8743 20.3589 18.7065 21.3045 19.5633 16.2486 15.8159 15.6705 18.0455 18.6427 20.3375 20.8477 17.7607 16.6782 15.463 15.0473 14.6427
threshold=0.99999999997788358 48.368299484252937 35.156611501487156 5203.0000000000009 0.21714999526739123 0.0093341521968922907 2.0170081450607635 6.1654156474614927 0.83565691716082535 20.672409973263807 5203.0000000000009 5747.5000000000009 0.0028499960899353032 83.069140422516071 0.49439110085586474 9.2199492791714199 0.25670311748906555 0.019499998539686206 19.769880144656874 69.483603929992967 25.341843590483972 44.730650546460623 -0.48680616525190035 0.14185000211000445 -0.76115812485671308 0.034749999642372138 0.21455868268201905 91.201042926156859 393.50000000000006 151.50000000000003
decision_type=2 2 2 2 2 2 2 2 2 2 2 2 2 2 2 2 2 2 2 2 2 2 2 2 2 2 2 2 2 2
left_child=5 2 3 14 -3 7 9 19 10 -7 12 -6 13 18 -2 16 -11 -17 -8 -1 25 29 23 -23 -25 -14 -24 -15 -28 -22
right_child=1 4 -4 -5 11 6 8 -9 -10 15 -12 -13 20 27 -16 17 -18 -19 -20 -21 21 22 26 24 -26 -27 28 -29 -30 -31
leaf_value=0.032885028141464205 -0.00066527791483521098 -0.00040604571990386309 0.024339453858427805 0.025597984237176307 -0.00090632140459320646 0.022817808076339194 0.024718835848288982 0.0027616791210837337 -0.001116961462037936 0.032735420158136137 0.023791731064244766 0.025736270695556743 -0.00025161230258408053 -0.001567143677309241 0.00011356750586650089 0.027357244759197621 -0.002434868404498686 -0.00089385304172411874 -0.00098420920627620228 0.019966080691224342 -0.0020757407899270486 -0.0018808214873611753 -0.0017607154091962825 -0.001349935372952857 0.02550078303582471 -0.0007785915018095475 -0.0013790185695745534 0.020130691138443058 0.017375879495035391 -0.00020003205574396779
leaf_weight=100 1380 146 100 73 62 93 190 568 127 74 97 152 119 110 63 115 89 67 60 119 69 60 363 80 97 181 71 74 106 1714
leaf_count=100 1380 146 100 73 62 93 190 568 127 74 97 152 119 110 63 115 89 67 60 119 69 60 363 80 97 181 71 74 106 1714
internal_value=-0.00335738 -0.00798587 -0.0105367 -0.0120579 0.00345205 -0.0014227 -0.00279222 0.00543561 -0.0040931 0.00758465 -0.00345259 0.0134247 -0.00398909 0.00334852 -0.0134151 0.0029 -0.005625 0.0104813 0.0101569 0.0173438 -0.00510646 -0.00420273 -0.00863811 -0.000433884 0.00557692 -0.012623 -0.0122018 -0.00592593 -0.00326923 -0.00225112
internal_weight=6719 1976 1616 1516 360 4743 3956 787 3518 438 3391 214 3294 434 1443 345 163 182 250 219 2860 2560 777 237 177 300 540 184 177 1783
internal_count=6719 1976 1616 1516 360 4743 3956 787 3518 438 3391 214 3294 434 1443 345 163 182 250 219 2860 2560 777 237 177 300 540 184 177 1783
is_linear=0
shrinkage=0.035


Tree=11
num_leaves=31
num_cat=0
split_feature=224 103 6 123 121 212 104 270 33 33 44 220 261 20 38 13 27 173 104 261 247 30 27 27 13 13 23 200 143 57
split_gain=46.0206 47.51 41.8502 37.5707 39.9739 36.1535 31.3801 33.7575 30.2655 30.2405 26.8063 26.5995 25.8008 30.4161 23.2979 24.6929 25.5228 21.2845 23.5855 20.9891 31.364 27.662 20.9575 29.8318 24.0759 51.0104 28.5254 25.0799 20.5878 19.1947
threshold=0.99999999997788358 54.906049728393562 35.156611501487156 0.0093341521968922907 0.094600003212690367 6.1654156474614927 1045.5000000000002 44.476084516438625 0.20904999971389773 0.2120499983429909 0.14925000071525577 2.0727807860751057 535.64498901367199 51.023553064017968 4785.0000000000009 43.541845371891192 1314.5000000000002 -0.52885474442163882 1570.0000000000002 561.62500000000011 642.45501708984386 6367.5000000000009 3787.0000000000005 5042.0000000000009 36.975607239421755 47.137778532094124 6.5874782657808675 -0.045499999076127999 0.21354999393224719 0.023856949522870975
decision_type=2 2 2 2 2 2 2 2 2 2 2 2 2 2 2 2 2 2 2 2 2 2 2 2 2 2 2 2 2 2
left_child=3 2 29 5 -5 -1 7 8 10 -3 -6 -8 13 14 15 -13 28 18 -15 -14 21 -21 24 -24 27 -26 -27 -9 -17 -2
right_child=1 9 -4 4 6 -7 11 22 -10 -11 -12 12 19 17 -16 16 -18 -19 -20 20 -22 -23 23 -25 25 26 -28 -29 -30 -31
leaf_value=0.026278706047738278 -0.00026292742289273698 -0.00050631357452985586 0.023487572973382831 0.025489012081515421 0.00015242906243604027 0.0026650203518458035 0.025900484555300862 0.0049641961259051333 -0.0012117106949481587 0.025843674884563711 0.03629325150585707 -0.00035088577352586055 -0.0012159810705096841 0.024608255629570846 0.034715896849759634 -0.0015416376133092009 0.031625829831902146 -0.0016027504116781555 -0.00094880378889366189 -0.0017007574764559843 -0.0014669746493877649 0.029509730077639344 0.033133145360824068 -0.0014362356922726395 0.019048766209081559 -0.0011691870271634971 0.0045041580871115908 -0.0010135386870296071 0.023747839760315817 -0.00066750203427023492
leaf_weight=219 509 66 100 99 225 568 151 63 156 108 78 210 298 95 74 62 158 195 137 115 152 70 72 92 219 697 164 278 96 1193
leaf_count=219 509 66 100 99 225 568 151 63 156 108 78 210 298 95 74 62 158 195 137 115 152 70 72 92 219 697 164 278 96 1193
internal_value=-0.00339902 -0.00787986 -0.00956835 -0.00152591 -0.00291593 0.00543561 -0.00348912 -0.00645681 0.00188578 0.00938547 0.00829545 -0.000134763 -0.00142771 0.00200097 0.00705785 0.00435028 0.0104673 -0.00510417 0.00206751 -0.00694531 -0.000921053 0.00865789 -0.00887107 0.00289941 -0.0102349 -0.0076129 -0.0114376 -0.0183092 0.000429448 -0.010867
internal_weight=6719 1976 1802 4743 3956 787 3857 2044 459 174 303 1813 1662 1027 600 526 316 427 232 635 337 185 1585 164 1421 1080 861 341 158 1702
internal_count=6719 1976 1802 4743 3956 787 3857 2044 459 174 303 1813 1662 1027 600 526 316 427 232 635 337 185 1585 164 1421 1080 861 341 158 1702
is_linear=0
shrinkage=0.035


Tree=12
num_leaves=31
num_cat=0
split_feature=183 125 30 183 104 260 137 137 144 19 183 270 19 83 220 256 150 104 82 27 183 150 93 225 93 150 9 125 127 271
split_gain=48.7627 52.1792 49.4758 44.4609 36.8627 34.2996 31.4152 40.1982 31.6356 47.7398 28.1887 27.6807 27.4863 27.3461 24.3666 23.6545 25.3635 31.6259 26.3901 31.4076 29.9653 23.3621 26.6786 23.3049 23.2482 22.4771 22.1824 21.8181 20.8913 19.0533
threshold=0.82653031905085028 35.300949096679695 5172.5000000000009 0.63377538813055845 1045.5000000000002 -0.44962736325474667 1270.5000000000002 1118.0000000000002 51.701750394017118 5697.5000000000009 0.71027437067354426 129.41437195175203 5752.5000000000009 30.500000000000004 2.7055754145425337 54.576503517518411 0.034300003200769431 1556.0000000000002 700.00000000000011 2836.5000000000005 -0.12963664947611425 0.040700007230043418 891.50000000000011 0.33419793921087315 1699.5000000000002 0.016499999910593036 59.058110077183152 39.912649154663093 20.500000000000004 5.4373590010201145
decision_type=2 2 2 2 2 2 2 2 2 2 2 2 2 2 2 2 2 2 2 2 2 2 2 2 2 2 2 2 2 2
left_child=1 26 -3 4 6 12 7 8 -4 11 -5 13 25 -10 -7 16 17 -16 -18 20 -20 22 -17 -22 -2 -6 29 -8 -11 -1
right_child=24 2 3 10 5 14 27 -9 9 28 -12 -13 -14 -15 15 21 18 -19 19 -21 23 -23 -24 -25 -26 -27 -28 -29 -30 -31
leaf_value=0.0058530302692239248 -3.6529779610387507e-05 0.032365246886060954 -0.00081233940478446661 0.026428913093221797 0.023616107685546041 0.026091955870628434 0.00010906436299991773 0.023659762242881625 0.026387460945471185 0.02579608916666476 3.1450413402958071e-05 -0.0024686638178158687 -0.0019792754289818634 -0.00076707100293904682 -0.0014069334142813711 0.022453173344943296 0.027326547370546492 0.025582437757142827 -0.00084842251838705652 -0.001687898354978913 0.023985348783082363 0.025259073565783711 -0.0023478666966235879 -0.00099107788549028606 -0.00063259490868096662 -0.00091514716504722301 -0.0010784615227779405 -0.00079985681230692728 -0.00068329930952674262 -0.0015616843379755864
leaf_weight=265 189 81 780 304 69 161 83 108 66 159 364 66 183 190 113 136 64 154 259 129 205 363 106 62 636 64 415 421 71 453
leaf_count=265 189 81 780 304 69 161 83 108 66 159 364 66 183 190 113 136 64 154 259 129 205 363 106 62 636 64 415 421 71 453
internal_value=-0.00339902 -0.00227835 -0.000668275 -0.00115048 -0.00254419 0.000709117 -0.00599795 -0.00334256 -0.00502618 0.00138241 0.00717682 -0.00727829 -0.00981308 -0.00187739 0.00262948 0.00129386 -0.00204844 0.00707721 -0.00546271 -0.00758333 -0.00369115 0.00671311 -0.0017004 0.00450368 -0.0113434 0.00228261 -0.00901142 -0.0134774 0.0134043 -0.00522822
internal_weight=6719 5894 4761 4680 4012 2068 1944 1440 1332 552 668 322 316 256 1752 1591 986 267 719 655 526 605 242 267 825 133 1133 504 230 718
internal_count=6719 5894 4761 4680 4012 2068 1944 1440 1332 552 668 322 316 256 1752 1591 986 267 719 655 526 605 242 267 825 133 1133 504 230 718
is_linear=0
shrinkage=0.035


Tree=13
num_leaves=31
num_cat=0
split_feature=183 70 30 183 34 137 104 115 261 199 183 93 256 215 261 82 261 225 193 150 269 82 148 49 274 256 256 25 225 159
split_gain=45.2595 47.3941 47.2229 42.9267 39.5026 36.1903 37.3547 32.1598 30.1606 31.9293 28.2845 27.4033 27.0776 26.5571 30.5033 28.3352 38.6387 26.4013 23.1405 21.9961 21.661 22.734 20.8665 21.2158 20.4752 20.3618 19.9054 19.8447 19.6501 18.6567
threshold=0.83488723756362504 35.260950088500984 5172.5000000000009 0.63377538813055845 2.0170081450607635 1504.0000000000002 1556.0000000000002 3213.5000000000005 469.32499694824224 9.3783073642995589 0.71027437067354426 1725.5000000000002 27.735972324967616 -0.062599994242191301 532.11999511718761 1257.5000000000002 531.97497558593761 0.34711590323556135 0.75879350696850334 0.033700011670589454 4.7756586421088274 1589.0000000000002 981.50000000000011 2086.0000000000005 0.48170252363040239 70.233048646075019 54.44685049750148 -10.235322636974237 0.12768991232360477 14.574753455794676
decision_type=2 2 2 2 2 2 2 2 2 2 2 2 2 2 2 2 2 2 2 2 2 2 2 2 2 2 2 2 2 2
left_child=1 26 -3 4 12 7 -7 8 -6 -10 27 -2 -4 14 25 16 -15 20 -12 -20 21 -17 23 -18 -21 -11 -1 -5 -8 -13
right_child=11 2 3 10 5 6 28 -9 9 13 18 29 -14 15 -16 17 22 -19 19 24 -22 -23 -24 -25 -26 -27 -28 -29 -30 -31
leaf_value=-0.00058834416401549268 2.4837671839833823e-05 0.031232463245048823 0.022929535047239623 0.023258500892391069 -0.001424788059672917 -0.0008891938312507845 -0.0011810094970926323 -0.0013295571712884891 0.02360446070432436 0.027191583408090768 0.017577601220660023 -0.000703749149331921 -0.0010165682137168728 -0.00088079106433552586 -0.00086617669075626574 0.022555775119299959 0.028260542399094687 -0.0011321510787294987 0.027713405026583419 -0.0012152778544438515 0.026079977233532427 -0.00074782046481614158 -0.0021584920937973515 -0.00038954374450354828 1.0415075021760201e-05 0.014507350872555429 -0.0013704230382002901 0.025515444128727843 0.026136004708798101 -7.5390563425742363e-05
leaf_weight=522 184 81 144 122 155 540 60 144 183 134 162 459 76 884 63 290 121 118 61 97 211 572 62 67 83 115 618 185 81 125
leaf_count=522 184 81 144 122 155 540 60 144 183 134 162 459 76 884 63 290 121 118 61 97 211 572 62 67 83 115 618 185 81 125
internal_value=-0.00344066 -0.00240346 -0.00087936 -0.0013453 -0.00274783 -0.00358739 -0.0108673 -0.00198303 -0.00118624 -0.000346903 0.00655944 -0.0114101 0.0115111 -0.001338 0.00817035 -0.00262876 -0.00657594 0.0011413 0.000428922 -0.00640244 0.00288961 0.000403691 0.0054902 0.0112435 -0.0124865 0.0136417 -0.00880349 0.0144712 0.00503425 -0.0150934
internal_weight=6719 5951 4811 4730 4020 3800 681 3119 2975 2820 710 768 220 2637 312 2325 1134 1191 403 241 1073 862 250 188 180 249 1140 307 141 584
internal_count=6719 5951 4811 4730 4020 3800 681 3119 2975 2820 710 768 220 2637 312 2325 1134 1191 403 241 1073 862 250 188 180 249 1140 307 141 584
is_linear=0
shrinkage=0.035


Tree=14
num_leaves=31
num_cat=0
split_feature=123 199 60 256 256 137 7 38 13 13 284 254 160 256 125 260 104 19 261 137 38 261 11 132 163 247 10 261 71 43
split_gain=48.1529 46.4987 32.6807 33.7358 49.0141 45.3035 26.1522 25.5943 25.0367 80.8952 21.5628 19.2275 22.1672 40.7332 18.2753 19.4514 40.86 40.4112 32.5441 26.4742 29.6009 24.1752 23.3281 21.6119 26.2441 21.4408 20.7517 19.7489 19.6677 17.9928
threshold=0.0093341521968922907 9.4552452649499106 319.00000000000006 12.520882905978285 19.828273989760181 1048.0000000000002 13.742604473876447 567.50000000000011 38.582392150589946 47.522587617904335 1.0000000180025095e-35 28.603703505999395 0.0074000023305416116 82.608157144414136 35.407199859619148 0.43147955875690397 715.00000000000011 6207.5000000000009 529.80999755859386 126.00000000000001 2338.0000000000005 486.81500244140631 46.567679076094734 0.17115000635385516 0.0047346934459855739 613.32501220703136 3.591386659599912 526.68499755859386 667.50000000000011 0.27494999766349798
decision_type=2 2 2 2 2 2 2 2 2 2 2 2 2 2 2 2 2 2 2 2 2 2 2 2 2 2 2 2 2 2
left_child=1 -1 6 -4 5 -5 7 8 -2 -10 11 12 13 -6 -14 16 28 18 -17 -18 21 -21 23 24 -23 27 -25 -22 -16 -30
right_child=2 -3 3 4 10 -7 -8 -9 9 -11 -12 -13 14 -15 15 17 19 -19 -20 20 25 22 -24 26 -26 -27 -28 -29 29 -31
leaf_value=0.025782744006853174 -0.00082405894233171918 -4.1381362916949052e-05 -0.00079825720232951211 -0.0029110577271387918 0.026132509053144817 0.02207882899895439 0.020490386173018571 -0.0010637720437050209 0.035616215109660544 -0.00084816173269318461 -0.00057964402870746006 -0.0016650299853162927 -0.0011903781324863151 -0.00065600125638282829 0.023572786125139068 0.00018845747687148864 -0.0013484174421036085 -0.00047474151483538568 0.027112460715526133 0.024913265335517718 0.025557569067223559 0.025713515029901012 0.00014359486895749787 0.0038223238477232643 -0.0013985682036159065 0.0010683222165061223 -0.0018380976481045259 0.031308983180093529 -0.00099548019818918878 1.1367741908999142e-05
leaf_weight=169 177 803 132 64 162 189 61 135 94 355 327 181 662 199 63 248 188 264 145 75 74 73 641 63 117 170 180 114 497 97
leaf_count=169 177 803 132 64 162 189 61 135 94 355 327 181 662 199 63 248 188 264 145 75 74 73 641 63 117 170 180 114 497 97
internal_value=-0.0036801 0.00351075 -0.0048983 -0.00381237 -0.00331909 0.011531 -0.0113422 -0.0131136 -0.00998415 -0.00547357 -0.00415842 -0.00347677 -0.00296507 0.00525956 -0.00377992 -0.00261281 -0.00409843 0.00269637 0.00976131 -0.00121471 0.000347222 -0.00239601 -0.00376274 -0.00998858 -0.00107692 0.00906336 -0.0167944 0.0170466 -0.0114728 -0.0134391
internal_weight=6719 972 5747 4925 4793 253 822 761 626 449 4540 4213 4032 361 3671 3009 2352 657 393 1695 1507 1149 1074 433 190 358 243 188 657 594
internal_count=6719 972 5747 4925 4793 253 822 761 626 449 4540 4213 4032 361 3671 3009 2352 657 393 1695 1507 1149 1074 433 190 358 243 188 657 594
is_linear=0
shrinkage=0.035


Tree=15
num_leaves=31
num_cat=0
split_feature=123 199 82 225 82 173 7 25 150 13 220 13 121 63 93 161 126 193 47 260 38 153 100 71 125 271 13 173 161 270
split_gain=45.4086 46.4987 33.0463 32.9341 32.9587 31.058 27.3092 33.0062 23.7893 25.2349 23.5471 27.0546 52.78 26.8264 23.2043 22.9605 21.9844 27.1007 25.5971 41.0929 26.724 25.2273 23.2629 26.3223 21.9007 22.368 22.5993 21.8304 24.7646 21.8297
threshold=0.0093341521968922907 9.4552452649499106 913.00000000000011 0.32937353963672661 519.50000000000011 0.23005875297745318 -4.7419145276180314 -8.9654447500609411 0.01514999568462372 19.09802066467779 3.9164220251769772 55.749106525130806 0.27124999463558203 6097.5000000000009 1826.5000000000002 0.16747499629855159 374.50000000000006 0.88104678826230665 -7.4694851906011754 0.77047109442402129 601.00000000000011 0.29586739869421047 7.560806417251217 1067.5000000000002 56.694049835205085 12.030408066941257 49.426970745646308 0.80538504870420524 0.13344999961555007 72.794587646716181
decision_type=2 2 2 2 2 2 2 2 2 2 2 2 2 2 2 2 2 2 2 2 2 2 2 2 2 2 2 2 2 2
left_child=1 -1 3 8 -5 10 7 -7 -2 -10 15 24 13 -13 -9 -4 17 18 19 -11 -20 -22 -19 -24 25 26 -12 -25 -29 -3
right_child=2 29 5 4 -6 6 -8 14 9 16 11 12 -14 -15 -16 -17 -18 22 20 -21 21 -23 23 27 -26 -27 -28 28 -30 -31
leaf_value=0.024880347966613318 0.012134642195987273 0.017978058980754521 0.028271711325720903 0.033460649880479615 -0.00032855881844843284 0.025036212728566962 -0.00043981853077479957 -0.0016474929701519232 0.023270145610931499 -0.001205137840020446 -0.00050575673106573855 0.023958302042978111 -0.0012433620221229227 -0.0016574146150330933 0.019515226434800411 -0.0013918197078888299 -0.00095814932396566283 -0.00097105543929690633 -0.00076108570425300508 0.026437719846947125 5.2599505389375751e-05 0.024000022185053062 -0.0014283692468845834 0.00024996142058854033 0.019780298175942457 -0.001282502568110231 -0.0013282755116844759 1.6749561697161909e-05 -0.00097482036437662603 -0.0011241818991576241
leaf_weight=169 174 422 113 84 151 300 100 105 67 309 701 373 431 103 100 138 920 85 149 99 119 103 133 153 77 209 175 108 168 381
leaf_count=169 174 422 113 84 151 300 100 105 67 309 701 373 431 103 100 138 920 85 149 99 119 103 133 153 77 209 175 108 168 381
internal_value=-0.00347189 0.00351075 -0.0046549 -0.00735409 0.00510417 -0.00204266 0.0049918 0.00830392 -0.00849344 -0.00939413 -0.00388387 -0.00511331 -0.000575658 0.00742204 -0.0025 0.00615234 -0.0100043 -0.00723969 -0.0028125 -0.00881356 0.00381649 0.0114097 -0.0125077 -0.00975309 -0.00863753 -0.00992202 -0.00738933 -0.00540323 -0.01121 -4.33168e-05
internal_weight=6719 972 5747 2822 235 2925 605 505 2587 2413 2320 2069 907 476 205 251 2346 1426 779 408 371 222 647 562 1162 1085 876 429 276 803
internal_count=6719 972 5747 2822 235 2925 605 505 2587 2413 2320 2069 907 476 205 251 2346 1426 779 408 371 222 647 562 1162 1085 876 429 276 803
is_linear=0
shrinkage=0.035


Tree=16
num_leaves=31
num_cat=0
split_feature=224 199 190 6 26 82 19 30 93 150 13 151 258 270 203 272 261 201 169 161 201 38 104 173 55 59 256 260 118 148
split_gain=39.0851 36.054 30.3816 29.9282 39.8928 33.0545 35.6823 58.3996 28.3254 47.2435 44.2225 38.4846 27.69 26.7408 25.5261 24.8176 23.873 23.6744 23.0528 22.9685 29.3963 22.2812 21.5041 21.2523 24.8817 21.0255 26.2939 28.748 19.2039 20.9167
threshold=0.53271431317183726 8.7684156290131572 0.0096000023186206835 35.156611501487156 26.633999824523929 279.50000000000006 5697.5000000000009 5852.5000000000009 1713.5000000000002 0.032999996095895774 26.88902229058623 0.15427500009536746 0.029300019145011905 37.168272239939093 0.94765039442399013 -0.012549996376037596 529.55999755859386 0.11197499930858613 14.115931356060198 0.18752499669790271 0.21110000088810923 890.50000000000011 1588.5000000000002 0.53493718512307187 0.1454500034451485 28.574850082397464 117.08052463533404 -0.63168390514204009 5522.5000000000009 220.50000000000003
decision_type=2 2 2 2 2 2 2 2 2 2 2 2 2 2 2 2 2 2 2 2 2 2 2 2 2 2 2 2 2 2
left_child=1 -1 3 4 23 -6 -7 -8 15 10 -10 -11 14 -13 17 -3 22 -9 -18 -19 -21 -14 -15 24 -2 -17 27 -27 -26 -30
right_child=2 8 -4 -5 5 6 7 12 9 11 -12 13 21 16 -16 25 18 19 -20 20 -22 -23 -24 -25 28 26 -28 -29 29 -31
leaf_value=0.021856693993403217 0.013494934765158915 0.023175782853603787 -0.00087083965392664253 0.023081955123425858 -0.0007541102719738408 -0.001323232318377545 0.026646166010137074 0.020429802538491141 0.026466452501130465 -0.0021054595363700981 0.0052613490277723975 -0.0021871527927670707 -0.00067302309872359248 -0.0012165944267383355 0.026413948534713495 -0.0024269013450844215 0.027585776945188028 -0.00071321576966317478 0.0061858682370648094 0.021950263861175292 -0.0011901883866205435 0.026213087428271015 0.021472247916945731 -0.00079026678082981592 -0.0018381850457907911 -0.0027436997812103465 0.024589414816488121 -0.00062870623621857555 0.020737510509932892 -0.00085120837028176358
leaf_weight=144 68 61 300 93 313 170 141 61 137 143 130 61 65 111 67 341 93 436 84 133 158 102 114 627 76 76 96 1720 111 487
leaf_count=144 68 61 300 93 313 170 141 61 137 143 130 61 65 111 67 341 93 436 84 133 158 102 114 627 76 76 96 1720 111 487
internal_value=-0.00356559 -0.000854946 -0.00619396 -0.00514937 -0.00575993 -0.00207753 0.00034006 0.00254709 -0.00164407 0.00370729 0.0158272 -0.00171849 -0.000408958 0.00321581 -0.00297093 -0.00368421 0.00653563 -0.00476671 0.0159615 -0.00655055 0.00106419 0.0124128 -0.00106522 -0.0101638 -0.00609103 -0.00430071 -0.00284133 -0.003809 -0.00814433 -0.0059204
internal_weight=6719 3311 3408 3108 3015 1646 1333 1163 3167 873 267 606 1022 463 855 2294 402 788 177 727 291 167 225 1369 742 2233 1892 1796 674 598
internal_count=6719 3311 3408 3108 3015 1646 1333 1163 3167 873 267 606 1022 463 855 2294 402 788 177 727 291 167 225 1369 742 2233 1892 1796 674 598
is_linear=0
shrinkage=0.035


Tree=17
num_leaves=31
num_cat=0
split_feature=224 199 200 6 26 183 183 203 247 55 69 93 33 93 268 115 272 260 260 59 256 260 211 104 27 27 82 181 38 102
split_gain=45.7086 35.5149 30.8957 32.0638 38.5302 33.5087 38.8199 36.9583 35.1472 35.0969 27.1731 26.1261 31.3422 24.554 25.398 29.2501 24.3268 22.2608 21.6072 20.0562 25.7437 29.3038 19.3253 30.1312 21.6663 24.1814 18.9546 27.3679 19.2805 18.7665
threshold=0.53271431317183726 8.7684156290131572 0.015250004827976229 35.156611501487156 26.633999824523929 0.83488723756362504 0.63377538813055845 0.53068666775428397 561.46499633789074 0.26350000500679022 -5.60670773848772 1713.5000000000002 0.14185000211000445 1265.5000000000002 0.93969098355573 934.00000000000011 -0.012549996376037596 -0.17990621019263744 0.86081573234640596 28.574850082397464 117.08052463533404 -0.63168390514204009 0.63601189958491744 1574.5000000000002 2084.0000000000005 3156.5000000000005 1179.0000000000002 0.28237500041723257 1020.5000000000001 -5.1639304727078317
decision_type=2 2 2 2 2 2 2 2 2 2 2 2 2 2 2 2 2 2 2 2 2 2 2 2 2 2 2 2 2 2
left_child=1 -1 3 4 26 6 7 8 -6 13 -8 16 -13 -10 -15 -16 -3 -11 -7 -18 21 -21 23 -14 -25 -26 28 -28 -2 -23
right_child=2 11 -4 -5 5 18 10 -9 9 17 -12 12 22 14 15 -17 19 -19 -20 20 -22 29 -24 24 25 -27 27 -29 -30 -31
leaf_value=0.021091709703634103 -0.00068380950381176538 0.022364630453727656 -0.00080235969996360519 0.022436278190577599 -0.0016536778064430825 -0.00088030642857536961 -0.00073297639452956623 -0.00079382913036005599 -0.00091055268104411457 0.00055667308265324128 0.020632403931734985 0.020195774764716429 -0.0014685083156319259 0.030657079379842519 0.025234671936107973 -0.0011087859090471767 -0.002341959798006468 0.031181881636839649 4.5854038225067736e-05 -0.0026476702888679842 0.023728785297911042 0.013897808421876575 0.018932940408315432 -0.0015712729987601979 0.025228828705430719 -0.0009904434976462219 0.0085213697665204504 -0.0011700520583887587 -0.0011155661395827114 -0.00069819428786468301
leaf_weight=144 695 61 227 96 92 204 62 354 213 63 274 86 299 67 60 120 341 107 77 76 96 152 149 134 124 81 242 101 354 1568
leaf_count=144 695 61 227 96 92 204 62 354 213 63 274 86 299 67 60 120 341 107 77 76 96 152 149 134 124 81 242 101 354 1568
internal_value=-0.00365928 -0.000728287 -0.00650161 -0.00559165 -0.00621845 -0.00265901 -0.000444601 -0.00369103 0.000866575 0.00385827 0.00985337 -0.00151166 0.00362756 -0.0012043 0.00625 -0.000756757 -0.00347107 0.0172 -0.0135839 -0.00408177 -0.00265683 -0.00361466 0.00136995 -0.00130638 0.00579942 0.0128333 -0.0105225 -0.00331897 -0.012851 -0.00263768
internal_weight=6719 3311 3408 3181 3085 1693 1412 1076 722 630 336 3167 873 460 247 180 2294 170 281 2233 1892 1796 787 638 339 205 1392 343 1049 1720
internal_count=6719 3311 3408 3181 3085 1693 1412 1076 722 630 336 3167 873 460 247 180 2294 170 281 2233 1892 1796 787 638 339 205 1392 343 1049 1720
is_linear=0
shrinkage=0.035


Tree=18
num_leaves=31
num_cat=0
split_feature=195 160 151 261 38 126 199 13 82 260 173 7 274 93 219 160 6 2 102 205 224 36 77 270 261 270 4 66 104 224
split_gain=46.8157 40.6473 48.7428 61.4539 40.7722 39.5954 38.3725 37.1275 36.5751 30.3032 43.1798 36.6771 30.431 29.3991 61.6842 26.058 24.3864 23.5453 22.7515 20.744 19.765 34.3197 18.8721 31.5834 18.2718 33.3916 20.3449 21.9059 21.8829 20.0882
threshold=0.0095207929134912116 0.021800000220537189 0.15510000102221969 528.43499755859386 521.50000000000011 265.50000000000006 9.5850364495356875 26.928035649452848 1222.5000000000002 0.191431106082844 -0.3570028011203551 -25.892705902096697 0.45321488667500626 1681.5000000000002 -2.914293273256876 0.045900009572505958 30.4461015263802 6391.4899902343759 -5.2667162194527295 0.020049859589022178 0.99999999998097211 -11.746554434119849 0.2897499948740006 79.286888808833524 521.45501708984386 110.71442603644148 -2.9709268472297738 0.11225000023841859 1291.0000000000002 -0.9999999999714092
decision_type=2 2 2 2 2 2 2 2 2 2 2 2 2 2 2 2 2 2 2 2 2 2 2 2 2 2 2 2 2 2
left_child=6 7 17 8 -5 -6 -1 13 16 10 -7 -11 -13 19 -15 -8 -4 20 -9 -2 -3 -22 23 -10 25 -20 28 -28 -26 -30
right_child=1 2 3 4 5 9 15 18 22 11 -12 12 -14 14 -16 -17 -18 -19 24 -21 21 -23 -24 -25 26 -27 27 -29 29 -31
leaf_value=0.0222132646070579 -0.0013162198011312826 -0.0011465666788035434 -0.0010771576562705232 -0.0013607064047110717 0.023464182723259709 -0.00081851489093360933 -0.0011700664940495272 -0.0010014046557994046 -0.001033301464350474 -0.0013929794697137067 0.026736642736536746 -0.00067290123540668053 0.027661321356381038 0.02074105156922398 -0.00034943511313467127 0.022603160464600477 0.01832374211808974 -0.00050547007349119549 -0.0013614497415902101 0.018888644726713536 -0.00068251530022672984 7.7102281025469017e-05 -0.0011592326867739412 0.024674787943808344 -0.0012778022857528628 0.014406914526286093 -9.7143131722501614e-05 0.024165468463820956 0.027503084525082822 -0.00090615553287568939
leaf_weight=198 104 427 1265 68 167 137 511 519 200 205 275 93 65 256 87 186 73 198 225 116 122 73 201 184 172 190 84 107 74 137
leaf_count=198 104 427 1265 68 167 137 511 519 200 205 275 93 65 256 87 186 73 198 225 116 122 73 201 184 172 190 84 107 74 137
internal_value=-0.00358641 -0.00473151 -0.00690128 -0.00477706 0.0022069 0.00413939 0.00385 -0.000792389 -0.00844139 0.000762821 0.00721823 -0.0065625 0.00601227 0.00683979 0.0131753 -4.98575e-05 -0.0116232 -0.0144242 -0.00365499 -0.00311111 -0.0177512 -0.008225 -0.00112712 0.00341902 -0.000528169 -0.00608333 0.00350604 0.0126786 -0.00117268 0.00631944
internal_weight=6719 5824 3753 2933 1010 942 895 2071 1923 775 412 363 158 563 343 697 1338 820 1508 220 622 195 585 384 989 415 574 191 383 211
internal_count=6719 5824 3753 2933 1010 942 895 2071 1923 775 412 363 158 563 343 697 1338 820 1508 220 622 195 585 384 989 415 574 191 383 211
is_linear=0
shrinkage=0.035


Tree=19
num_leaves=31
num_cat=0
split_feature=123 199 82 225 82 173 219 25 163 220 13 121 261 93 224 13 173 90 35 274 125 104 213 270 270 148 78 153 224 38
split_gain=45.732 48.1371 35.653 36.8095 31.8459 30.923 30.0501 32.4502 24.5895 27.9135 26.0241 51.8258 28.7131 23.2043 23.1817 22.7671 23.6396 23.2147 23.0619 32.8751 22.1422 21.298 20.0909 19.6497 18.1896 19.6627 28.8515 17.854 18.4963 16.9951
threshold=0.0093341521968922907 9.4552452649499106 913.00000000000011 0.32937353963672661 519.50000000000011 0.23005875297745318 -4.8228764013247822 -8.9654447500609411 0.48484590789763121 3.9164220251769772 55.749106525130806 0.26450000703334814 558.40499877929699 1826.5000000000002 -0.99999999998439049 24.627282286421035 -0.62945822268793672 0.019704892694065095 0.0223470977169762 0.22283861823035614 56.994501113891609 673.50000000000011 9.902261801297044 66.032240981264252 72.794587646716181 1011.5000000000001 13.124025406082918 0.48384087728571773 0.99999999999335809 1603.5000000000002
decision_type=2 2 2 2 2 2 2 2 2 2 2 2 2 2 2 2 2 2 2 2 2 2 2 2 2 2 2 2 2 2
left_child=1 -1 3 15 -5 8 7 -7 9 14 20 12 22 -9 -4 17 -17 -2 19 -18 -11 -6 29 -10 25 26 -3 28 -20 -12
right_child=2 24 5 4 21 6 -8 13 23 10 11 -13 -14 -15 -16 16 18 -19 27 -21 -22 -23 -24 -25 -26 -27 -28 -29 -30 -31
leaf_value=0.021947779900154767 0.023241180313287382 0.001552003738606069 -0.0005107268307936397 0.031716835618272633 -0.00088809921245702316 0.023474802127104871 -0.00042745284411835842 -0.001534445588020767 -0.0015801265708942831 -0.0008997519731947602 -0.0010273746016494752 -0.0012103887293940397 -0.0026991791198748608 0.016930099815985426 0.031404850544970692 0.019568870049278635 -0.0017433176702699961 -0.0015896221984633651 -0.0010589585918120998 0.016487731528132214 0.022626881710254721 0.022482150897824758 0.031388779878001656 -0.00093137376138403925 -0.0012070671391141991 -0.0027229316349623579 0.028406479094673247 -0.00059955595640025564 0.001121310750285972 0.029367975209812106
leaf_weight=169 78 202 144 84 77 301 99 105 114 923 143 429 63 100 92 96 99 76 1040 172 62 74 126 150 381 102 118 960 66 74
leaf_count=169 78 202 144 84 77 301 99 105 114 923 143 429 63 100 92 96 99 76 1040 172 62 74 126 150 381 102 118 960 66 74
internal_value=-0.00378421 0.00322416 -0.00497131 -0.00777503 0.00539583 -0.00225768 0.0047623 0.00821918 -0.00409462 -0.00278506 -0.00425753 0.000291667 0.00919708 -0.0025 0.00842324 -0.00897955 -0.00980517 0.00396226 -0.010506 -0.000887681 -0.00809596 -0.00426282 0.0131753 -0.014052 -0.000389851 0.00459016 0.00883077 -0.0117624 -0.0148065 0.00646396
internal_weight=6719 972 5747 2822 235 2925 605 506 2320 2056 1820 835 406 205 236 2587 2433 154 2337 271 985 151 343 264 803 422 320 2066 1106 217
internal_count=6719 972 5747 2822 235 2925 605 506 2320 2056 1820 835 406 205 236 2587 2433 154 2337 271 985 151 343 264 803 422 320 2066 1106 217
is_linear=0
shrinkage=0.035


Tree=20
num_leaves=31
num_cat=0
split_feature=195 150 13 151 261 38 183 199 82 5 91 261 27 260 173 126 225 219 274 36 7 60 183 160 19 89 5 72 261 270
split_gain=41.6079 40.2141 41.713 40.1984 57.2899 39.8964 41.752 39.7361 35.1411 33.0361 25.8409 28.4014 37.2335 24.8254 44.8437 38.2471 24.7391 24.4154 23.5368 23.4118 21.6238 20.7719 31.8116 19.7221 21.6392 18.9583 20.1573 20.8762 18.3322 16.2036
threshold=0.0095207929134912116 0.033400002866983421 26.928035649452848 0.15427500009536746 528.43499755859386 537.50000000000011 0.66293488906381526 9.5192941915723992 1222.5000000000002 28.704541977719867 -3.9731939598955548 521.45501708984386 376.50000000000006 0.19577180478858433 -0.3570028011203551 265.50000000000006 0.26285165885276224 16.06973370885461 0.054866143702824346 -7.833434129054953 -25.892705902096697 601.00000000000011 0.85358983167205749 0.045900009572505958 5662.5000000000009 28.085984278142469 90.501253472455801 167.50000000000003 553.02502441406261 79.960067400504656
decision_type=2 2 2 2 2 2 2 2 2 2 2 2 2 2 2 2 2 2 2 2 2 2 2 2 2 2 2 2 2 2
left_child=7 2 9 19 8 -6 13 -1 17 18 16 12 -12 14 28 -15 25 -5 -2 21 -17 22 -3 -9 -25 26 27 -4 -7 -10
right_child=1 3 10 4 5 6 -8 23 29 -11 11 -13 -14 15 -16 20 -18 -19 -20 -21 -22 -23 -24 24 -26 -27 -28 -29 -30 -31
leaf_value=0.020794666662699281 0.0011790816645078873 0.023340661526061235 -0.0019083387449972513 -0.0010696215907341556 -0.0013103303664281176 0.009244688092242161 0.024239034115940167 -0.001138641765288204 -0.00094254580774947314 -0.00032485340693796553 0.021188672528347979 0.020243844359667879 -0.0015737736241631846 0.022048990564576851 0.024087391055028891 -0.0015095784016823787 0.02194473728631368 0.014979593323615448 0.020762230700241104 -0.0014116000516208973 -0.00010186243223180598 -0.00091707617350235979 -0.00037130264290937136 -0.0015962550069872504 0.023784405737487524 0.0083173505929982176 0.011371719388589078 -0.00083190890922541904 -0.0016574754868126497 0.014874950488348497
leaf_weight=191 153 63 237 1323 83 76 132 516 308 115 71 308 181 86 308 186 65 60 254 209 138 408 125 64 124 111 90 338 81 315
leaf_count=191 153 63 237 1323 83 76 132 516 308 115 71 308 181 86 308 186 65 60 254 209 138 408 125 64 124 111 90 338 81 315
internal_value=-0.00362805 -0.0047075 -0.000562759 -0.00674731 -0.00492099 0.00153425 0.00349308 0.00338333 -0.00842367 0.00783681 -0.0037091 0.00210619 -0.00653696 0.000676136 0.00618085 -0.00556627 -0.00757092 -0.0115238 0.0124879 -0.0136975 -0.0110638 -0.0100166 -0.000362694 -0.000493653 0.00906736 -0.00932138 -0.0115448 -0.0139397 -0.00885802 -0.00150478
internal_weight=6719 5824 1923 3901 3096 1090 1007 895 2006 522 1401 560 252 875 465 410 841 1383 407 805 324 596 188 704 188 776 665 575 157 623
internal_count=6719 5824 1923 3901 3096 1090 1007 895 2006 522 1401 560 252 875 465 410 841 1383 407 805 324 596 188 704 188 776 665 575 157 623
is_linear=0
shrinkage=0.035


Tree=21
num_leaves=31
num_cat=0
split_feature=195 150 151 41 13 199 148 211 6 9 137 20 151 161 36 93 71 274 115 99 247 10 49 38 30 225 91 22 270 160
split_gain=42.0414 40.4251 47.0288 53.2339 44.1457 36.19 31.1364 30.964 31.9932 28.6166 27.0777 27.3748 29.4594 33.81 26.0908 24.6219 24.2332 24.1815 27.13 23.7287 27.2725 23.3652 22.9272 22.1473 23.9912 21.6883 22.2371 23.2543 25.0008 19.3199
threshold=0.0095207929134912116 0.033400002866983421 0.15427500009536746 5967.5000000000009 26.928035649452848 9.5192941915723992 1571.5000000000002 0.043201820984912952 35.156611501487156 35.40472359293225 184.50000000000003 31.918685775874646 0.16489999741315844 0.18752499669790271 -7.8868851072543515 804.50000000000011 3961.5000000000005 0.47049155950489563 1353.5000000000002 0.28145000338554388 575.95498657226574 19.815854844570108 1757.5000000000002 362.50000000000006 6367.5000000000009 0.32470985046758755 -3.9731939598955548 0.14925000071525577 64.135585085342328 0.045900009572505958
decision_type=2 2 2 2 2 2 2 2 2 2 2 2 2 2 2 2 2 2 2 2 2 2 2 2 2 2 2 2 2 2
left_child=5 4 23 7 6 -1 9 19 -9 14 -5 22 -13 17 -2 -15 25 18 -14 20 -4 -17 -12 -3 -25 26 -6 -28 -29 -7
right_child=1 2 3 10 16 29 -8 8 -10 -11 11 12 13 15 -16 21 -18 -19 -20 -21 -22 -23 -24 24 -26 -27 27 28 -30 -31
leaf_value=0.020066853329504808 0.022931391576819411 -6.2059638653925165e-05 0.027951081777754263 -0.0016777808591214058 -0.0008834123800735683 -0.0010987893035031163 -0.0020916042828799533 -0.0012446802733530593 0.017926975786095721 -0.00031212298127762829 0.00027443619117938192 0.022356261605609863 -0.00017389353877664715 -0.00090575220632358572 -0.00037984975623263367 -0.0014467866322121217 -0.001114566642338965 0.013433724053865946 -0.0019264735381010225 -0.0013505882669786133 -0.00060189148612229077 0.023711660860185137 -0.00097610867439276554 -0.00099163242014493002 -0.0007106610191520336 0.022050814171202266 0.026714202044366114 -0.0015423680167413829 0.0099741789909045843 0.02030538491616083
leaf_weight=191 270 125 71 122 727 516 68 786 62 101 275 87 140 149 83 89 115 151 143 252 140 330 299 503 177 60 98 60 341 188
leaf_count=191 270 125 71 122 727 516 68 786 62 101 275 87 140 149 83 89 115 151 143 252 140 330 299 503 177 60 98 60 341 188
internal_value=-0.00374256 -0.00482759 -0.00687276 -0.00489842 -0.00067168 0.00330556 0.00796964 -0.0102394 -0.014197 0.0112854 -0.000958101 0.000230815 0.0034872 0.00173784 0.0159358 0.00732984 -0.00390825 -0.00558087 -0.0115451 -0.00291667 0.0056713 0.0116392 -0.00592401 -0.0143889 -0.0168613 -0.00249419 -0.00352559 0.00215278 -0.00163793 -0.000394922
internal_weight=6719 5824 3901 3096 1923 895 522 1311 848 454 1785 1663 1089 1002 353 568 1401 434 283 463 211 419 574 805 680 1286 1226 499 401 704
internal_count=6719 5824 3901 3096 1923 895 522 1311 848 454 1785 1663 1089 1002 353 568 1401 434 283 463 211 419 574 805 680 1286 1226 499 401 704
is_linear=0
shrinkage=0.035


Tree=22
num_leaves=31
num_cat=0
split_feature=123 199 150 13 151 41 211 148 6 5 36 256 160 225 121 2 93 115 183 8 104 104 183 13 115 91 261 270 257 260
split_gain=43.9853 45.8447 29.2864 39.709 37.2329 46.864 31.6519 29.7101 27.4318 26.0888 29.4718 24.6621 27.99 24.2927 24.0442 28.7952 20.7209 27.679 26.1884 34.4362 25.3453 39.5151 25.0351 24.9707 21.4679 18.6623 22.7401 40.0224 18.1627 16.9759
threshold=0.0093341521968922907 9.4552452649499106 0.033400002866983421 26.928035649452848 0.1558250002563 5967.5000000000009 0.036325102033821721 1571.5000000000002 35.156611501487156 28.704541977719867 -7.833434129054953 47.525363835783473 0.026000004261732105 0.32470985046758755 0.26935000717639929 5796.3098144531259 4115.5000000000009 3005.5000000000005 -0.13335753524545821 -84.370147913828347 1570.0000000000002 480.50000000000006 0.060510821788222167 32.810533421209847 4094.0000000000005 -4.0780684876771476 521.45501708984386 120.50920361243658 4.3562993229780274 0.32551582854457223
decision_type=2 2 2 2 2 2 2 2 2 2 2 2 2 2 2 2 2 2 2 2 2 2 2 2 2 2 2 2 2 2
left_child=1 -1 3 7 11 6 14 9 -8 10 -2 12 -4 25 15 -6 17 18 -7 -20 21 23 -23 -21 -19 -5 27 -27 29 -24
right_child=2 -3 4 13 5 16 8 -9 -10 -11 -12 -13 -14 -15 -16 -17 -18 24 19 20 -22 22 28 -25 -26 26 -28 -29 -30 -31
leaf_value=0.019749454403922208 0.021952411293939357 -0.00030172084384609836 -0.00057055140133167208 -0.00085189449263268439 0.027172792016425203 -0.0010513202013149245 -0.0012111613342626522 -0.0021356172533574832 0.016870744680037342 -0.00029392625211340287 -0.0011048882712610126 0.00052736812119109032 -0.00089982125610310615 0.020541292949618942 -0.0012310917773080484 -0.0006252296561087262 0.018764992761174513 -0.0021324513142314122 0.028926632721729153 -0.00095308875402959749 0.022996358292146829 0.0073623099270730954 -0.0011729647375997565 0.021455650441019086 -0.00044727618220388401 -0.0018950456484654063 0.017491266089229109 0.020384306185453126 -0.0015931203803957836 0.0091006056585650093
leaf_weight=169 263 803 349 777 67 466 805 71 60 103 77 73 385 61 272 121 98 114 149 82 86 120 71 228 103 161 287 98 126 74
leaf_count=169 263 803 349 777 67 466 805 71 60 103 77 73 385 61 272 121 98 114 149 82 86 120 71 228 103 161 287 98 126 74
internal_value=-0.00364887 0.00322416 -0.00481311 -0.00125066 -0.00656591 -0.00477847 -0.00971053 0.00701349 -0.0136379 0.0103906 0.0150145 -0.0132328 -0.0151556 -0.00433405 -0.00225806 0.00725389 -0.000955285 -0.0019181 -9.95025e-05 0.00327311 0.000309343 -0.00193343 -0.0092803 0.00733333 -0.0134009 -0.00535015 -0.000381125 -0.00782197 -0.0150906 -0.0063
internal_weight=6719 972 5747 1898 3849 3042 1325 514 865 443 340 807 734 1384 460 188 1717 1619 1402 936 787 701 391 310 217 1323 546 259 271 145
internal_count=6719 972 5747 1898 3849 3042 1325 514 865 443 340 807 734 1384 460 188 1717 1619 1402 936 787 701 391 310 217 1323 546 259 271 145
is_linear=0
shrinkage=0.035


Tree=23
num_leaves=31
num_cat=0
split_feature=4 212 33 93 181 6 103 132 247 9 38 8 211 183 185 93 137 4 83 115 99 181 30 150 82 82 6 104 247 30
split_gain=36.1556 34.6494 29.623 28.5591 45.9467 30.2415 28.4624 50.7583 32.7466 27.9228 30.1443 27.8631 25.0256 29.1607 24.5674 23.022 19.6894 26.3469 19.2743 19.0819 19.0368 20.4034 34.3353 23.7097 20.1641 19.1425 26.9562 18.5898 21.8777 38.8104
threshold=-8.8170723117803167 6.1213951142326692 0.14185000211000445 4374.0000000000009 0.095800001174211516 35.156611501487156 51.447500228881843 0.14854999631643298 562.13500976562511 85.590901779420975 1225.0000000000002 -73.149632917599163 0.62847504591768433 0.77851142443257426 0.013245853853971789 1551.0000000000002 3518.0000000000005 -20.259550107096185 49.500000000000007 2126.0000000000005 0.39400000870227819 0.32045000046491628 5617.5000000000009 0.03315000236034394 1273.5000000000002 566.50000000000011 13.175139893917903 1024.0000000000002 642.45501708984386 6367.5000000000009
decision_type=2 2 2 2 2 2 2 2 2 2 2 2 2 2 2 2 2 2 2 2 2 2 2 2 2 2 2 2 2 2
left_child=1 14 15 4 -2 6 11 19 -9 10 12 -6 -10 -14 18 -3 27 -18 -1 -8 21 22 -13 24 25 26 -24 -4 29 -29
right_child=3 2 16 -5 5 -7 7 8 9 -11 -12 20 13 -15 -16 -17 17 -19 -20 -21 -22 -23 23 -25 -26 -27 -28 28 -30 -31
leaf_value=0.020737110058167169 0.024489907031048114 -0.00096917817639746999 -0.0011511793870577543 -0.0012192168020919807 -0.0013597245563984602 0.020634669158811847 -0.0011518349758566893 -0.0027527722993193181 -0.001352100064238519 0.022645613459994628 0.022326834192127349 0.023190433372614647 0.01654255956512013 -0.00073890100702179691 -0.0009465250273374288 0.01750403989391474 0.027205002752646971 -0.0023655692579346954 -0.0021753476157124305 -0.0003576382064742018 0.022431738883219001 -0.0014017904583703068 0.0113935752325176 -0.0007410214392404408 0.021875840629820807 -0.0011867589827715887 -0.0002982713209525451 -0.00049186711546356568 -0.0030274172622637178 0.023481791318131745
leaf_weight=216 91 63 1177 194 239 95 117 64 169 139 235 103 67 68 88 78 80 62 65 117 65 117 132 969 90 140 86 1399 123 71
leaf_count=216 91 63 1177 194 239 95 117 64 169 139 235 103 67 68 88 78 80 62 65 117 65 117 132 969 90 140 86 1399 123 71
internal_value=-0.00350312 -0.000980449 -0.00220896 -0.00611599 -0.00528153 -0.00603248 -0.0066718 -0.00178389 0.00271754 0.00502196 0.0013511 -0.00911871 -0.00588997 0.00525 0.00907754 0.0131849 -0.00297566 0.00952381 0.0140734 -0.0158159 -0.00750439 -0.00824909 -0.00711475 -0.00854079 -0.0018543 -0.00559229 0.000941704 -0.00363243 -0.00116083 4.74576e-05
internal_weight=6719 3422 3053 3297 3103 3012 2917 976 742 678 539 1941 304 135 369 141 2912 142 281 234 1702 1637 1520 1417 448 358 218 2770 1593 1470
internal_count=6719 3422 3053 3297 3103 3012 2917 976 742 678 539 1941 304 135 369 141 2912 142 281 234 1702 1637 1520 1417 448 358 218 2770 1593 1470
is_linear=0
shrinkage=0.035


Tree=24
num_leaves=31
num_cat=0
split_feature=224 199 52 150 260 144 93 135 82 150 13 256 137 126 211 137 11 153 60 93 163 274 181 88 272 126 183 183 193 122
split_gain=45.0511 31.7153 27.5526 48.2988 44.9849 29.6473 34.5026 35.2025 25.1474 36.8347 28.994 31.513 24.6892 30.8332 29.0185 24.9899 24.4696 22.8953 35.8968 27.2252 38.3701 26.5302 22.4363 22.3392 21.4449 21.3701 37.9389 37.6903 32.8065 32.4385
threshold=0.53271431317183726 8.7684156290131572 5592.5000000000009 0.06724999845027925 0.25266246329172309 55.37275199929956 950.00000000000011 -1.1306164349102812 1179.0000000000002 0.028799999505281452 25.107503436503986 14.781656005165518 3629.0000000000005 61.000000000000007 0.63601189958491744 1885.0000000000002 51.644889431808998 0.31191552615108392 1219.5000000000002 1761.0000000000002 0.71944465820150494 0.72052648234640948 0.12954999879002574 0.11755000054836275 -0.012549996376037596 284.00000000000006 0.301027505611761 0.055094850948497504 0.043718109251428987 27.412180533735476
decision_type=2 2 2 2 2 2 2 2 2 2 2 2 2 2 2 2 2 2 2 2 2 2 2 2 2 2 2 2 2 2
left_child=1 -1 -2 8 -5 6 -6 -8 10 -10 11 -4 13 -3 15 23 -11 -12 19 20 -19 22 -21 -15 -25 -26 27 29 -28 -27
right_child=2 12 3 4 5 -7 7 -9 9 16 17 -13 -14 14 -16 -17 -18 18 -20 21 -22 -23 -24 24 25 26 28 -29 -30 -31
leaf_value=0.017676511827735306 -0.0013527277923273463 -0.0021138197066381706 -0.00071162958482087768 0.02504705394278502 -0.0015938781988188771 0.022506703808272351 -0.0019099085159145553 0.012538427942166796 0.020082773515616405 -0.0012739200199551222 -0.0010971154293535038 0.011598103649789139 0.022972827287083601 0.01376796672485194 0.016508312935872235 -0.0017212338102401122 -0.00048191627311002964 -0.00096104648353353701 0.019912455738253433 0.00010935097044105419 0.018742574183241233 -0.00080167853922584421 -0.00080413373521443605 0.019711100707311947 0.01730064929120053 0.00030582098704227571 0.012247129907177872 0.019707232982736383 -0.0019235636797716173 -0.0019119169381789703
leaf_weight=144 335 67 77 121 70 79 74 176 112 100 640 156 138 118 162 217 513 155 101 130 142 267 160 61 143 800 63 301 228 869
leaf_count=144 335 67 77 121 70 79 74 176 112 100 640 156 138 118 162 217 513 155 101 130 142 267 160 61 143 800 63 301 228 869
internal_value=-0.00365928 -0.000749397 -0.0064811 -0.00542398 0.00426667 -0.00147277 -0.00624615 0 -0.00740227 -0.00186986 -0.00958538 0.00191176 -0.0014896 -0.00215722 -0.00160431 -0.00244563 -0.00526699 -0.0112656 -0.00776562 -0.0101048 -0.00150662 -0.0146352 -0.00711864 -0.00147411 -0.00219636 -0.00273142 -0.00356796 -0.00180759 -0.0152534 -0.00386798
internal_weight=6719 3311 3408 3073 520 399 320 250 2553 725 1828 233 3167 3029 2962 2800 613 1595 955 854 297 557 290 2583 2465 2404 2261 1970 291 1669
internal_count=6719 3311 3408 3073 520 399 320 250 2553 725 1828 233 3167 3029 2962 2800 613 1595 955 854 297 557 290 2583 2465 2404 2261 1970 291 1669
is_linear=0
shrinkage=0.035


Tree=25
num_leaves=31
num_cat=0
split_feature=224 199 183 181 80 55 247 161 151 93 137 126 211 247 233 183 126 183 211 85 143 170 272 100 256 270 6 13 256 260
split_gain=56.2882 31.9696 29.8888 41.2077 35.5298 52.2258 58.1955 32.6059 49.1724 31.3938 24.9186 30.6439 29.3077 25.8689 87.264 28.0426 51.9285 28.5366 31.2348 26.059 29.3379 23.9371 21.4936 25.9068 22.6393 28.0932 20.9907 20.4409 31.5173 19.7809
threshold=0.53271431317183726 8.7684156290131572 0.83488723756362504 0.095800001174211516 -4.6013873341462652 0.15590000152587893 561.46499633789074 0.25152500346302992 0.21647499874234202 851.50000000000011 3629.0000000000005 61.000000000000007 0.63601189958491744 642.45501708984386 6382.5800781250009 0.301027505611761 258.50000000000006 -0.21407472184150711 -0.35388688484212488 5947.5000000000009 0.21055000275373462 0.012000005692243578 -0.012549996376037596 15.535538843383813 117.08052463533404 129.54518339846558 30.4461015263802 56.176788803462181 64.71058426680635 -0.28810820417469934
decision_type=2 2 2 2 2 2 2 2 2 2 2 2 2 2 2 2 2 2 2 2 2 2 2 2 2 2 2 2 2 2
left_child=1 -1 3 -2 26 -6 -7 8 9 -8 11 -3 13 14 15 17 -17 18 22 -19 -21 -4 -13 -24 25 27 29 -25 -29 -5
right_child=2 10 21 4 5 6 7 -9 -10 -11 -12 12 -14 -15 -16 16 -18 19 -20 20 -22 -23 23 24 -26 -27 -28 28 -30 -31
leaf_value=0.017057833913764569 0.021420044891011854 -0.002039836016905835 -0.00031659365775969675 -0.0011399411540953042 -0.00096251285617259355 -0.0020844323034550157 -0.00091839411180260071 0.022842580072189103 -0.0020291304445138173 0.017775481771043461 0.02216877833203567 0.019222202486353538 0.015930521983116702 -0.0024372422601909795 0.021899641722369998 0.020190468006483456 -0.0015338447926522265 -0.0006420314018435112 -0.002525540518211467 0.0089754531435795072 0.033878007741212787 -0.00076267465085239636 0.022646541949973318 -0.0019406385329685408 0.016318564591523921 -0.0038980502727272688 0.01788950234112726 0.023797458012145226 -0.0019599142693365033 -0.00065795951092976373
leaf_weight=144 81 67 261 165 146 120 71 160 133 342 138 60 162 232 178 94 383 282 348 372 93 410 151 124 107 81 71 65 230 1448
leaf_count=144 81 67 261 165 146 120 71 160 133 342 138 60 162 232 178 94 383 282 348 372 93 410 151 124 107 81 71 65 230 1448
internal_value=-0.00406529 -0.000812726 -0.00721946 -0.00557805 -0.00633972 -0.00100307 0.00244284 0.00630098 0.00215971 0.00812201 -0.0015558 -0.00222643 -0.00167509 -0.0025205 -0.00149631 -0.00327349 -0.0108195 -0.00136861 -0.00478224 0.00395612 0.00901064 -0.013824 -0.00102066 -0.00266055 -0.00589052 -0.0090099 -0.00940793 -0.00520047 -0.000116667 -0.0102318
internal_weight=6719 3311 3408 2737 2656 972 826 706 546 413 3167 3029 2962 2800 2568 2390 477 1913 1166 747 465 671 818 758 607 500 1684 419 295 1613
internal_count=6719 3311 3408 2737 2656 972 826 706 546 413 3167 3029 2962 2800 2568 2390 477 1913 1166 747 465 671 818 758 607 500 1684 419 295 1613
is_linear=0
shrinkage=0.035


Tree=26
num_leaves=31
num_cat=0
split_feature=82 7 203 199 224 123 121 272 270 143 270 38 258 140 78 93 273 93 130 150 261 8 115 153 145 134 104 224 257 23
split_gain=54.1799 34.2622 33.4359 34.3583 33.1505 30.798 26.2978 24.9909 27.5937 39.1403 35.361 28.8427 31.0315 26.3165 33.1535 34.5941 21.3265 21.0004 29.6953 30.1061 25.0173 24.2179 20.4459 19.2505 22.5955 19.0539 19.2997 18.7304 17.6012 17.4191
threshold=361.50000000000006 18.34522654809318 0.94903325920551218 9.685050917104542 0.26644133562251288 0.010062947389921134 0.094600003212690367 0.029700003564357761 44.432771072346526 0.19714999943971637 46.333365475038697 1481.5000000000002 0.0087999850511550921 5652.5000000000009 8.2683496499864511 384.50000000000006 0.41498498631714226 141.50000000000003 -30.885602562323864 0.03315000236034394 570.00500488281261 -94.210200786007732 83.000000000000014 0.29212329108712615 0.022358855480497795 0.013422795165944482 1024.0000000000002 0.687024528262972 6.522357388610815 5.9715276217699129
decision_type=2 2 2 2 2 2 2 2 2 2 2 2 2 2 2 2 2 2 2 2 2 2 2 2 2 2 2 2 2 2
left_child=1 4 3 5 -1 -2 -5 8 9 11 -10 23 -13 -9 -15 -16 17 29 20 27 25 -21 -7 -8 -25 26 -19 -20 -14 -12
right_child=2 -3 -4 6 -6 22 7 13 10 -11 16 12 28 14 15 -17 -18 18 19 21 -22 -23 -24 24 -26 -27 -28 -29 -30 -31
leaf_value=0.0035363149428432701 0.018150034717912232 0.021226066109506274 0.019038717243256054 0.014074370737126019 -0.00076870443481715628 0.017533950899899741 0.016743771240120813 -0.0013482546063124257 -0.00093762404390356727 -0.0023627510996527649 -0.0019094178846466561 0.021604681375618238 -0.001974382457745949 -0.0006745895232441885 -0.0014387285693493951 0.018104676826906453 0.0090567697836011901 -0.0014385934109668176 0.0076808202374349689 0.007972533437086338 0.021152111975278106 -0.0013065504956924364 -0.0024923097397709293 0.01523868666644246 -0.0017851734482477984 9.6163871910504033e-06 -0.00083110499066637092 -0.0015689249880455856 0.00010261299770364497 -0.001151110144812575
leaf_weight=176 202 60 140 82 920 60 207 115 186 78 151 69 149 160 66 473 284 406 195 60 75 538 128 94 71 788 468 116 91 111
leaf_count=176 202 60 140 82 920 60 207 115 186 78 151 69 149 160 66 473 284 406 195 60 75 538 128 94 71 788 468 116 91 111
internal_value=-0.00403406 -0.010913 -0.00259608 -0.00303703 -0.0123342 0.00691139 -0.00381401 -0.00414548 -0.00524746 0.000778796 -0.00660065 0.00352041 -0.00434713 0.00145299 0.00402699 0.00817096 -0.00571473 -0.00660831 -0.0056507 -0.0107604 -0.0029535 -0.0153234 -0.00326425 0.0100265 0.00102941 -0.00386323 -0.00740614 -0.00188291 -0.0102857 -0.0159925
internal_weight=6719 1156 5563 5423 1096 390 5033 4951 4137 759 3378 681 309 814 699 539 3192 2908 2646 909 1737 598 188 372 165 1662 874 311 240 262
internal_count=6719 1156 5563 5423 1096 390 5033 4951 4137 759 3378 681 309 814 699 539 3192 2908 2646 909 1737 598 188 372 165 1662 874 311 240 262
is_linear=0
shrinkage=0.035


Tree=27
num_leaves=31
num_cat=0
split_feature=104 199 6 181 256 13 137 137 218 247 261 2 8 52 64 260 274 59 4 160 240 56 13 272 82 126 137 104 183 257
split_gain=49.7262 40.5828 31.8251 31.7964 27.851 38.1473 44.5496 23.5322 25.096 28.8715 76.1035 26.6921 35.9305 32.8838 34.0496 31.305 34.7777 34.8628 26.4169 24.1937 23.2026 22.321 25.657 21.6405 22.2509 43.5167 36.2792 36.1353 33.9488 23.513
threshold=184.00000000000003 8.7684156290131572 35.156611501487156 0.095800001174211516 12.520882905978285 19.875522535740597 1048.0000000000002 4794.5000000000009 28.656731248726633 642.45501708984386 568.20498657226574 6164.5749511718759 -70.894595809755813 5927.5000000000009 31.445005396167904 0.011119697984560757 0.25872489138739513 37.735700607299812 -5.2627933936852065 0.02880000323057175 -18.284855477405099 4.8882710681650101 40.694150842234698 -0.012549996376037596 1019.0000000000001 374.50000000000006 126.00000000000001 730.50000000000011 -0.23471429263395135 16.629531940775042
decision_type=2 2 2 2 2 2 2 2 2 2 2 2 2 2 2 2 2 2 2 2 2 2 2 2 2 2 2 2 2 2
left_child=2 -2 20 -3 -5 6 -6 8 11 10 23 12 -7 14 -14 -15 21 19 -19 -18 -1 -17 -23 -10 25 -25 -26 -28 -29 -27
right_child=1 3 -4 4 5 7 -8 -9 9 -11 -12 -13 13 15 -16 16 17 18 -20 -21 -22 22 -24 24 26 29 27 28 -30 -31
leaf_value=0.0082361763275662619 0.016101089926334272 0.02035264758927393 0.015378273502130177 -0.00086895031749212575 -0.0046769741233595123 -0.0013799715238920576 0.0151300690515531 0.01747101313796473 0.018388723950602096 -0.002733142258695699 0.028477867459221498 -0.00090439466212407073 -0.00088374169302947155 0.025469551522350704 0.023309747247730252 0.0017384046061138555 0.011551383208487871 -0.00067463408698520226 0.020582592121572724 -0.0014047895967462594 -0.00094179682904061487 -0.0018224538038838691 0.012666063856722571 0.012518023432682525 -0.001916195377783664 -0.0018837543401214909 -0.0014442181541942773 0.00021364191841214078 0.023976711876434388 0.012126788137727397
leaf_weight=65 140 82 61 128 60 296 182 133 61 184 136 801 634 163 63 80 101 60 140 89 815 146 70 229 276 562 117 463 315 67
leaf_count=65 140 82 61 128 60 296 182 133 61 184 136 801 634 163 63 80 101 60 140 89 815 146 70 229 276 562 117 463 315 67
internal_value=-0.00406529 -0.00284454 -0.0115063 -0.00331207 -0.00363783 -0.00324682 0.0102024 -0.00388364 -0.00426947 -0.00168116 -0.000564769 -0.00662198 -0.00428262 -0.00212121 -0.00772792 0.0025 -0.00081042 0.00602532 0.0160488 -0.00466667 -0.013209 -0.00976744 -0.0155204 -0.00223866 -0.00287365 -0.00713789 0.000267857 0.00369444 0.00643678 -0.0118691
internal_weight=6719 5778 941 5638 5556 5428 242 5186 5053 2410 2226 2643 1842 1546 697 849 686 390 200 190 880 296 216 2090 2029 858 1171 895 778 629
internal_count=6719 5778 941 5638 5556 5428 242 5186 5053 2410 2226 2643 1842 1546 697 849 686 390 200 190 880 296 216 2090 2029 858 1171 895 778 629
is_linear=0
shrinkage=0.035


Tree=28
num_leaves=31
num_cat=0
split_feature=224 199 115 191 151 92 115 30 8 93 150 256 13 78 34 183 8 60 126 49 151 13 148 270 25 6 170 247 258 218
split_gain=47.2129 31.1731 29.3302 55.9587 50.7887 50.8006 40.3903 35.1574 26.3466 24.3942 44.8246 30.1948 26.3461 35.4307 24.3886 24.9819 27.9591 24.0142 25.6036 22.25 21.6943 35.264 41.0627 20.5267 19.9686 19.6044 19.486 23.4434 44.5481 18.8588
threshold=0.53271431317183726 9.3783073642995589 2501.5000000000005 0.097175000235438361 0.1558250002563 54.697151184082038 2235.5000000000005 6272.5000000000009 -73.149632917599163 1713.5000000000002 0.030700001865625385 27.050132203028671 40.807194268467846 11.090317296636732 3.7236277317642155 0.19876743102535618 -36.299561636664791 1314.5000000000002 655.00000000000011 2989.5000000000005 0.21054999902844432 36.359710727080106 180.50000000000003 106.99734823596194 -12.456038358912176 27.826799391071358 0.030949994921684269 591.63000488281261 0.012699995189905168 8.6003891007916966
decision_type=2 2 2 2 2 2 2 2 2 2 2 2 2 2 2 2 2 2 2 2 2 2 2 2 2 2 2 2 2 2
left_child=1 24 3 -2 7 6 8 -5 23 -3 11 -11 14 -14 15 -12 -17 18 -7 -9 21 -4 -23 -6 -1 26 27 -10 -29 -24
right_child=2 9 20 4 5 17 -8 19 25 10 12 -13 13 -15 -16 16 -18 -19 -20 -21 -22 22 29 -25 -26 -27 -28 28 -30 -31
leaf_value=-0.0036069818291042748 0.021674043501960338 -0.00090813139707804976 -0.00072582208139353567 -0.00068044755927066302 -0.0012000930642576191 0.017249969119463231 0.031511891536036507 7.1026672318915134e-05 -0.0009914501858179763 0.02118749960289697 0.0059041913865858177 0.0028395485869501481 0.022348316564197057 -0.0031439969693538975 0.012481511534863555 -0.0025552020501061938 0.0001917400659745372 0.023501982714361741 -0.0016529962640217839 -0.0010404151233663764 -0.0015577111303776154 0.01845690438043179 9.6289884502434036e-05 -0.0020101107366018562 0.015235948788816907 0.013377763126743325 0.010724137480642682 0.025337935421155543 -0.00074405355952629937 -0.0022364174759442316
leaf_weight=62 63 2194 351 318 171 155 64 171 458 123 88 94 157 91 89 151 69 126 103 98 125 115 63 195 193 129 190 67 353 93
leaf_count=62 63 2194 351 318 171 155 64 171 458 123 88 94 157 91 89 151 69 126 103 98 125 115 63 195 193 129 190 67 353 93
internal_value=-0.003982 -0.00100271 -0.00687079 -0.00513316 -0.00594314 -0.00328125 -0.00598346 -0.0149578 -0.00712054 -0.00198955 0.00298731 0.0165541 -0.00166923 0.00719368 -0.00722637 -0.011853 -0.0180444 0.00809769 0.00186312 -0.0054927 -0.0129854 -0.0101595 -0.000634058 -0.015283 0.0106346 -0.00457155 -0.00613234 -0.0083239 -0.00230588 -0.0121739
internal_weight=6719 3311 3408 2661 2598 2011 1627 587 1563 3056 862 217 645 248 397 308 220 384 258 269 747 622 271 366 255 1197 1068 878 420 156
internal_count=6719 3311 3408 2661 2598 2011 1627 587 1563 3056 862 217 645 248 397 308 220 384 258 269 747 622 271 366 255 1197 1068 878 420 156
is_linear=0
shrinkage=0.035


Tree=29
num_leaves=31
num_cat=0
split_feature=82 7 272 203 195 224 99 41 270 13 85 150 151 30 41 22 27 148 173 31 52 224 223 33 20 274 11 260 82 82
split_gain=51.2406 33.6155 32.2258 29.007 29.8004 28.3468 25.6464 33.2823 40.8191 33.2681 30.7076 30.4877 52.3776 34.4071 33.2712 36.0075 32.2226 32.2621 27.5994 35.8254 27.5867 49.4229 27.0753 24.658 30.6139 38.8297 30.2744 32.8659 24.2218 23.9239
threshold=361.50000000000006 18.34522654809318 -0.012549996376037596 0.94903325920551218 0.008252355936977384 0.26644133562251288 0.31464999914169317 5802.5000000000009 86.479040102160681 47.17200413716926 5677.5000000000009 0.030349999666213993 0.15427500009536746 6367.5000000000009 5967.5000000000009 0.1917499974370003 1405.0000000000002 1895.5000000000002 -0.47064405793941039 -87.387571733262817 6427.5000000000009 0.7612796972397412 17.129496291304367 0.18214999884366992 31.76853956724624 0.47049155950489563 107.44633758397036 0.27979033390484015 1664.0000000000002 913.00000000000011
decision_type=2 2 2 2 2 2 2 2 2 2 2 2 2 2 2 2 2 2 2 2 2 2 2 2 2 2 2 2 2 2
left_child=1 5 -2 4 -4 -1 7 8 10 -8 -6 16 13 -13 15 -14 22 -18 19 -11 -15 -22 -9 -16 -25 26 27 28 29 -26
right_child=2 -3 3 -5 6 -7 9 11 -10 18 -12 12 14 20 23 -17 17 -19 -20 -21 21 -23 -24 24 25 -27 -28 -29 -30 -31
leaf_value=0.0031681931751545477 0.015923734405547067 0.019159345266500351 0.013991130044461843 0.01794751498637509 -0.0014738088869813894 -0.00077301335539755526 0.018678420590515513 -0.0020205005132431417 0.028999045268992451 0.013788171167089769 0.018992499095290886 -0.0009984350663960243 -0.0017066319275526828 0.015421540131381722 0.016283196713480261 -0.00084656709925766687 0.012818983036761029 -0.0022778317656143333 -0.0019545935269914883 -0.0016348922217320151 -0.0022572101544882507 0.020117785456882274 0.012893374999594179 -0.00098895182558832238 -0.0012999006185708147 0.017308953885861077 0.016456760950468375 -0.0024687704427942244 -0.0015956878529509865 0.021025117159092496
leaf_weight=176 77 60 356 140 141 920 61 208 131 167 87 470 99 61 124 384 547 62 394 188 120 68 90 440 124 170 184 188 262 220
leaf_count=176 77 60 356 140 141 920 61 208 131 167 87 470 99 61 124 384 547 62 394 188 120 68 90 440 124 170 184 188 262 220
internal_value=-0.003982 -0.0106718 -0.00258351 -0.00290657 -0.00332274 -0.0120799 -0.00402202 -0.00291039 0.00721154 -0.00970552 -0.00180258 -0.00386958 -0.00561151 -0.0137776 -0.00291136 -0.0109734 0.00172697 0.00632736 -0.011744 -0.00456944 -0.00316929 -0.00979275 -0.00762376 -0.000611532 -0.00180163 0.00121422 -0.00149542 -0.00446809 -0.000458265 0.00561605
internal_weight=6719 1156 5563 5486 5346 1096 4990 4180 359 810 228 3821 2914 719 2195 483 907 609 749 355 249 188 298 1712 1588 1148 978 794 606 344
internal_count=6719 1156 5563 5486 5346 1096 4990 4180 359 810 228 3821 2914 719 2195 483 907 609 749 355 249 188 298 1712 1588 1148 978 794 606 344
is_linear=0
shrinkage=0.035


Tree=30
num_leaves=31
num_cat=0
split_feature=224 93 181 133 49 80 199 30 34 104 99 136 137 8 126 211 71 125 63 102 160 260 115 274 11 60 260 258 59 93
split_gain=46.7905 33.1416 42.331 34.3127 40.896 31.7424 30.7791 28.4735 33.3233 31.1462 37.3094 34.248 28.0607 26.7498 24.9892 21.7404 21.1399 27.7954 27.3426 20.9047 28.0007 19.8933 20.2285 17.0975 16.7395 16.443 16.433 18.3269 16.3955 15.8532
threshold=0.53271431317183726 4374.0000000000009 0.095800001174211516 36.208574270932139 2500.5000000000005 -5.3116006739484076 9.685050917104542 5582.5000000000009 6.8720039940000008 170.00000000000003 0.16784999519586566 28.907249450683597 3629.0000000000005 -28.86713429528405 150.00000000000003 0.17512659640740388 2067.0000000000005 49.530048370361335 5807.5000000000009 -5.198090850261142 0.021900001913309101 0.14356922619440707 399.50000000000006 0.52171459523281849 133.47913496655164 1265.0000000000002 0.80044214350287612 0.008350003510713579 28.852700233459476 1746.0000000000002
decision_type=2 2 2 2 2 2 2 2 2 2 2 2 2 2 2 2 2 2 2 2 2 2 2 2 2 2 2 2 2 2
left_child=6 2 -2 14 7 -6 15 -5 9 11 -11 -9 13 28 19 25 17 18 -12 -4 -21 22 -20 -3 -7 -1 27 -16 29 -8
right_child=1 23 3 4 5 24 12 8 -10 10 16 -13 -14 -15 26 -17 -18 -19 21 20 -22 -23 -24 -25 -26 -27 -28 -29 -30 -31
leaf_value=0.017598665069421874 0.020310663904085837 -0.00091744774207144504 -0.00079400511454516662 -0.0014532939352965902 -0.0010166821428024809 0.010901166151446937 -0.0024199200773277686 0.0073291054087641534 0.021158910506278258 0.021529064381884327 0.0075289339710899461 -0.0017390080783349232 0.020771052279972783 0.012845539625346578 0.00022008323670493854 -0.0024520988068115626 -0.0015044412012422455 0.017560358185617068 -0.0011730325269280035 0.021730500657675237 -0.0004099900097112458 -0.0022595525323755583 0.024173255631219089 -0.0012585784765915618 0.028712326227216735 0.0019872490426501689 2.3778665876217355e-06 -0.00084953266819669455 -0.00067456731710459296 0.0078282794125443689
leaf_weight=181 90 85 81 326 93 227 314 63 63 62 144 154 136 72 70 66 142 183 107 98 113 120 63 130 67 95 91 836 2381 66
leaf_count=181 90 85 81 326 93 227 314 63 63 62 144 154 136 72 70 66 142 183 107 98 113 120 63 130 67 95 91 836 2381 66
internal_value=-0.00415898 -0.00703487 -0.00611789 -0.00681306 -0.00369434 0.00633929 -0.0011927 -0.00642807 -0.00370253 -0.0052349 -0.00207627 -0.0168694 -0.00234196 -0.00309549 -0.0111708 0.00867435 -0.00426047 -0.00140675 -0.00621868 -0.00212121 0.00372685 -0.012339 -0.0044 -0.0202045 0.0119398 0.0129537 -0.0137974 -0.0152141 -0.00365691 -0.0103636
internal_weight=6719 3408 3193 3103 1814 387 3311 1427 1101 1038 821 217 2969 2833 1289 342 759 617 434 292 211 290 170 215 294 276 997 906 2761 380
internal_count=6719 3408 3193 3103 1814 387 3311 1427 1101 1038 821 217 2969 2833 1289 342 759 617 434 292 211 290 170 215 294 276 997 906 2761 380
is_linear=0
shrinkage=0.035


Tree=31
num_leaves=31
num_cat=0
split_feature=183 81 30 183 193 93 183 151 261 124 180 272 260 55 104 71 274 132 33 30 256 13 261 122 44 49 150 34 137 224
split_gain=58.6091 41.6824 43.6359 35.5474 43.7731 41.5017 31.8632 24.1973 46.1389 24.1406 26.5857 22.4068 35.3304 26.714 26.1619 25.7297 26.54 26.0372 22.9043 20.4364 19.8896 47.1086 26.649 22.7968 36.0342 39.1904 28.4743 23.753 22.4108 34.9294
threshold=0.83488723756362504 34.327650070190437 5172.5000000000009 0.63377538813055845 0.46954988158852062 4374.0000000000009 0.71027437067354426 0.18042499944567683 521.93499755859386 -2.2856322750137266 -0.0065999776124954215 -0.012549996376037596 -0.58454417358357491 0.32119999825954443 729.50000000000011 2665.0000000000005 -0.022598786076517115 0.15715000033378604 0.48360000550746923 6357.5000000000009 54.576503517518411 64.446780899592071 528.06500244140636 36.390361234297181 0.14735000580549243 1160.5000000000002 0.034300003200769431 2.9857274405094381 812.50000000000011 1.0000000180025095e-35
decision_type=2 2 2 2 2 2 2 2 2 2 2 2 2 2 2 2 2 2 2 2 2 2 2 2 2 2 2 2 2 2
left_child=1 -1 -3 4 11 -6 19 -8 -9 10 -2 -4 13 -13 18 20 17 -17 -14 -5 23 22 -22 24 25 -16 -27 -28 29 -26
right_child=9 2 3 6 5 -7 7 8 -10 -11 -12 12 14 -15 15 16 -18 -19 -20 -21 21 -23 -24 -25 28 26 27 -29 -30 -31
leaf_value=-0.001344564423775741 0.015485129108014261 0.025601491813094637 0.014192541072321051 0.019387278821865254 -0.0011245278955238603 0.016426018326239307 -0.00070106065266076103 -0.0012025915307200515 0.01776653596597589 -0.00092105904878231565 -0.00076406885804493406 -0.00027783966071138425 -0.00093370103929338148 -0.0019903790114891903 0.024880081763349195 -0.0020133466106169993 0.019490185507181332 0.01845781084859344 0.019200715029267828 -0.0028561476949053653 0.00012305650687230858 -0.00093502073912289381 0.02212656146155749 0.017606031618477819 -0.0023881508335972285 0.0093240858306872874 -0.0011887007756673246 0.0074772284448699315 -0.0033135695532864363 0.011645856013285515
leaf_weight=972 98 83 64 251 904 60 178 109 129 426 244 99 579 147 70 68 182 70 91 66 116 501 201 84 184 171 223 103 113 133
leaf_count=972 98 83 64 251 904 60 178 109 129 426 244 99 579 147 70 68 182 70 91 66 116 501 201 84 184 171 223 103 113 133
internal_value=-0.00424227 -0.00306162 -0.00176264 -0.00219955 -0.0034513 -0.00996904 0.00488482 -0.00149644 0.00576132 -0.0133118 -0.0062536 -0.00147472 -0.00190605 -0.014502 -0.000810297 0.00102293 0.0101231 -0.00146853 -0.00684444 0.0131522 -0.000533088 0.0035723 0.0140217 -0.0036418 -0.00513473 0.000673077 -0.00285857 -0.00888218 -0.0127126 -0.00771739
internal_weight=6719 5951 4979 4896 4163 964 733 416 238 768 342 3199 3135 246 2889 2219 320 138 670 317 1899 818 317 1081 997 567 497 326 430 317
internal_count=6719 5951 4979 4896 4163 964 733 416 238 768 342 3199 3135 246 2889 2219 320 138 670 317 1899 818 317 1081 997 567 497 326 430 317
is_linear=0
shrinkage=0.035


Tree=32
num_leaves=31
num_cat=0
split_feature=183 123 209 191 59 160 256 183 183 11 13 173 256 71 82 194 183 71 256 124 180 13 49 82 26 256 205 256 38 270
split_gain=56.2896 40.2996 37.6433 29.6688 23.8806 29.5168 28.5518 22.5944 36.0842 27.1007 25.6967 40.2507 37.8957 28.5081 26.6521 23.686 20.7628 21.8745 20.6284 20.1741 21.4754 19.8749 23.9093 20.4502 18.2621 19.4838 17.6397 18.2361 17.3308 28.0557
threshold=0.83488723756362504 0.0093341521968922907 9.4313615371341992 0.099725000560283675 30.404350280761722 0.010500002652406694 83.069140422516071 0.66293488906381526 0.71027437067354426 16.540451004882559 54.674851287807066 0.55029138720047033 71.958260556017493 1028.5000000000002 2603.0000000000005 -0.029617690102355054 0.75827215296912542 1690.5000000000002 33.102167722863932 -2.2856322750137266 -0.0070999935269355765 49.264546828974467 2564.0000000000005 1867.5000000000002 30.290399551391605 60.138759968788712 0.011691939646633639 78.405331101674406 2243.5000000000005 44.432771072346526
decision_type=2 2 2 2 2 2 2 2 2 2 2 2 2 2 2 2 2 2 2 2 2 2 2 2 2 2 2 2 2 2
left_child=1 2 26 -3 -5 6 -6 9 -9 18 15 12 13 24 -14 -11 -10 -18 -7 20 -2 22 23 28 25 -12 27 -1 29 -17
right_child=19 3 -4 4 5 7 -8 8 16 10 11 -13 14 -15 -16 21 17 -19 -20 -21 -22 -23 -24 -25 -26 -27 -28 -29 -30 -31
leaf_value=0.01936779652508271 0.018267305643073252 0.014615215862467534 -0.0012617087162741381 -0.0012842130090975333 0.018288174345318816 0.014830908392985107 -0.00080496067437314312 0.0186997814129614 -0.00069449787904800504 -0.0012419121623866716 -0.0015067910755926846 -0.0011617441842019227 -0.0019253780639208664 0.022223864986620576 0.022388484444301651 0.013415694573011448 0.017999317025763427 -0.001138184934045088 -0.0011380793326827986 -0.0008888219820749328 -0.00073518037052221099 -0.0019538551591377798 -0.00091098034916177863 -0.0013657651229581037 -0.0022690175724455236 0.021348780709042545 0.0073244209467658852 0.0051625724501542323 0.018282648264500666 -0.00077165056096278612
leaf_weight=185 89 105 409 1132 184 160 155 164 138 317 63 151 350 227 74 150 76 103 64 426 253 171 391 161 96 106 215 119 133 352
leaf_count=185 89 105 409 1132 184 160 155 164 138 317 63 151 350 227 74 150 76 103 64 426 253 171 391 161 96 106 215 119 133 352
internal_value=-0.00424227 -0.00308512 0.00360129 -0.00432279 -0.0047207 -0.00337906 0.00640988 -0.00434965 0.00266461 -0.00548973 -0.00644703 -0.0021875 0.000608035 0.0071831 -0.00701632 -0.00914583 -0.00423913 0.00361413 0.00611354 -0.0131307 -0.00665706 -0.00708731 -0.00543205 -0.0019226 -0.000648148 0.00623563 0.0098187 0.015178 0.000929688 -0.00207101
internal_weight=6719 5951 928 5023 4918 3786 339 3447 481 2966 2742 1067 916 492 424 1675 317 179 224 768 342 1358 1187 796 265 169 519 304 635 502
internal_count=6719 5951 928 5023 4918 3786 339 3447 481 2966 2742 1067 916 492 424 1675 317 179 224 768 342 1358 1187 796 265 169 519 304 635 502
is_linear=0
shrinkage=0.035


Tree=33
num_leaves=31
num_cat=0
split_feature=183 123 199 191 125 160 256 183 183 11 256 137 260 269 60 213 225 160 137 256 256 60 256 260 203 140 213 137 213 13
split_gain=54.0521 39.98 36.3621 29.3444 23.0539 22.4423 28.3927 21.72 34.9741 22.5021 24.8122 22.6139 24.0586 22.1974 26.8403 21.4782 19.9716 25.0165 19.1604 29.6273 26.6932 23.0783 21.6798 28.9776 25.8335 24.3317 22.653 20.5636 24.6366 36.7497
threshold=0.82653031905085028 0.0093341521968922907 9.4552452649499106 0.099725000560283675 35.300949096679695 0.010500002652406694 83.069140422516071 0.66293488906381526 0.71027437067354426 16.540451004882559 33.102167722863932 1219.0000000000002 0.068261173045048945 1.7492590137563326 769.50000000000011 10.424674207956544 0.25367046570153678 0.02400000020861626 1118.0000000000002 30.586572727397108 33.102167722863932 1786.5000000000002 41.922605537799392 -0.12367824026632589 -0.52917962931484308 6277.5000000000009 9.6034629477749203 1008.5000000000001 9.8909340835805022 49.264546828974467
decision_type=2 2 2 2 2 2 2 2 2 2 2 2 2 2 2 2 2 2 2 2 2 2 2 2 2 2 2 2 2 2
left_child=1 2 -1 -3 16 6 -6 9 -9 10 -7 18 -13 14 -10 -14 -5 -18 19 21 -21 -11 -22 24 26 27 -24 28 29 -25
right_child=-2 3 -4 4 5 7 -8 8 13 11 -12 12 15 -15 -16 -17 17 -19 -20 20 22 -23 23 25 -26 -27 -28 -29 -30 -31
leaf_value=0.013808182645638002 -0.00074738521314190629 0.014103683307281172 0.0013340222655036059 -0.0012402401181070455 0.017387590522079319 0.014191803838939315 -0.0012829366211029064 0.018212916229345236 0.011574686719395886 -0.0015939680892750807 -0.0012355524249980073 0.00019594426301868808 -0.001221119438158031 -0.0016979350996582027 -0.00064036734784789283 9.1737462577906609e-05 0.016940149808033673 -0.0028043309666111993 0.013193607637871753 0.022147827529276982 -0.00099546056889645586 -0.0006772626202745678 0.012610866291489348 0.022419974908073358 -0.0026613279929150651 0.021404869498048724 -0.0022243357330666382 -0.0013213305046565862 0.024079586783252144 -0.001280846243882068
leaf_weight=165 825 105 759 933 174 162 151 161 88 176 69 145 522 107 91 105 86 62 84 96 231 142 100 119 138 117 150 64 109 483
leaf_count=165 825 105 759 933 174 162 151 161 88 176 69 145 522 107 91 105 86 62 84 96 231 142 100 119 138 117 150 64 109 483
internal_value=-0.00415898 -0.00297847 0.00369214 -0.00422111 -0.00462115 -0.00332542 0.00540909 -0.00415271 0.00301991 -0.00522042 0.00519068 -0.00609296 -0.0111712 -0.0043299 0.0032337 -0.0141218 -0.00912063 0.0027451 -0.00411867 -0.00484197 -0.00288772 -0.0145201 -0.00404024 -0.00223346 -0.0101527 0.00124861 -0.00329412 -0.00103205 0.00073324 -0.00207578
internal_weight=6719 5894 924 4970 4865 3784 325 3459 447 3012 231 2781 772 286 179 627 1081 148 2009 1925 1607 318 1511 1280 388 892 250 775 711 602
internal_count=6719 5894 924 4970 4865 3784 325 3459 447 3012 231 2781 772 286 179 627 1081 148 2009 1925 1607 318 1511 1280 388 892 250 775 711 602
is_linear=0
shrinkage=0.035


Tree=34
num_leaves=31
num_cat=0
split_feature=82 7 272 4 136 203 199 82 173 193 9 274 148 34 132 270 74 193 104 256 93 221 261 82 9 221 115 220 126 71
split_gain=51.4566 34.1 32.7075 29.222 27.9655 31.3058 29.3663 21.8037 23.9684 22.2758 34.3727 21.6465 34.2115 33.5031 28.4977 37.1098 33.8483 22.6325 26.7605 25.7486 34.144 23.157 29.7328 30.4738 27.6971 27.0022 30.0532 23.2637 22.2226 21.2573
threshold=361.50000000000006 18.34522654809318 -0.012549996376037596 -17.661166322738698 27.690349578857425 0.96542762295497642 9.5192941915723992 59.000000000000007 0.97795712479435604 0.83690095182577007 57.663310721597462 0.29556852014188378 668.50000000000011 2.0362565129433277 0.18235000222921374 56.761724440176167 5977.5000000000009 0.29678830901655423 1570.0000000000002 117.08052463533404 141.50000000000003 9.6724143656346389 554.32501220703136 1045.5000000000002 -14.569743366092309 35.429569409052867 450.50000000000006 11.800760358586052 627.00000000000011 689.00000000000011
decision_type=2 2 2 2 2 2 2 2 2 2 2 2 2 2 2 2 2 2 2 2 2 2 2 2 2 2 2 2 2 2
left_child=1 3 -2 -1 -4 6 -6 8 -5 10 -9 13 14 28 15 -13 -16 19 -19 20 -15 24 23 -23 29 27 -27 -25 -8 -22
right_child=2 -3 4 7 5 -7 11 9 -10 -11 -12 12 -14 17 16 -17 -18 18 -20 -21 21 22 -24 25 -26 26 -28 -29 -30 -31
leaf_value=0.0014698028823894318 0.013324896253040671 0.017911425554234455 -0.0011413609813917421 0.023201951732243875 0.012382102876077159 0.01820950622994956 -0.00053868375609720381 0.0017943009756099949 -0.0013835318283073911 -0.0010091307750490213 -0.0010024764664157196 0.010677647386781137 -0.001238033839364305 -0.0018377779642616105 -0.00042151098978347626 -0.00080670486563912743 0.016176531773126824 -0.0012433918379069924 0.013080050445961935 0.021146517743517345 0.01736514388630744 -0.0014148064807954065 -0.0018763591494772953 0.016104951873242745 0.017991750447210492 -0.00090218129479704599 0.019085821293411312 -0.0028034860715434981 0.015209608838980607 -0.0036473729968362683
leaf_weight=186 77 60 1237 88 224 65 60 105 61 410 246 116 191 138 165 173 302 686 101 75 61 472 365 80 90 239 333 86 154 73
leaf_count=186 77 60 1237 88 224 65 60 105 61 410 246 116 191 138 165 173 302 686 101 75 61 472 365 80 90 239 333 86 154 73
internal_value=-0.00414857 -0.0108527 -0.00274695 -0.0122707 -0.0030723 -0.00171956 -0.00210551 -0.0148415 -0.0025 -0.0172258 -0.0105197 -0.00280706 0.00180147 -0.00425613 0.00515112 -0.00345238 0.0104555 -0.00527996 -0.0102967 -0.00329698 -0.00409114 -0.00277439 -0.00427532 -0.00161317 0.00764192 0.00282638 0.00642981 -0.0094152 0.00894977 -0.00251799
internal_weight=6719 1156 5563 1096 5486 4249 4184 910 149 761 351 3960 947 3013 756 289 467 2799 787 2012 1937 1799 1575 1210 224 738 572 166 214 134
internal_count=6719 1156 5563 1096 5486 4249 4184 910 149 761 351 3960 947 3013 756 289 467 2799 787 2012 1937 1799 1575 1210 224 738 572 166 214 134
is_linear=0
shrinkage=0.035


Tree=35
num_leaves=31
num_cat=0
split_feature=183 81 199 183 183 173 256 34 115 260 173 256 4 222 213 215 247 247 71 256 13 270 56 213 256 260 189 113 93 82
split_gain=50.3995 33.3525 35.1433 34.8018 32.7822 26.4726 24.2194 23.465 26.0898 24.9392 22.6461 21.9491 20.791 19.9762 24.8792 21.89 19.8836 28.0854 21.996 29.7426 49.4901 26.0703 35.1327 24.6935 23.5099 27.895 19.7608 19.5856 22.0671 19.0372
threshold=0.83488723756362504 33.982749938964851 9.5192941915723992 0.63377538813055845 0.71027437067354426 0.64358494299572311 77.951275500276466 2.0362565129433277 1573.0000000000002 -0.016732806375577686 0.70830475994068087 111.25338696594628 0.60056246081384335 10.309089766641611 10.15079674358503 -0.024550005793571469 642.45501708984386 636.97998046875011 1551.0000000000002 59.767208444100866 64.446780899592071 40.00834465139495 6.0402551168793233 10.137115921594797 117.08052463533404 -0.58454417358357491 13.467439825862156 -2.1916919764376313 3369.5000000000005 512.50000000000011
decision_type=2 2 2 2 2 2 2 2 2 2 2 2 2 2 2 2 2 2 2 2 2 2 2 2 2 2 2 2 2 2
left_child=1 -1 6 5 12 7 -3 9 16 -4 -6 -8 29 15 -15 -10 17 18 19 21 -21 22 -9 -20 25 -22 -7 -2 -29 -5
right_child=27 2 3 4 10 26 11 8 13 -11 -12 -13 -14 14 -16 -17 -18 -19 23 20 24 -23 -24 -25 -26 -27 -28 28 -30 -31
leaf_value=-0.0012887995713706346 -0.00044882582666407657 0.014382965372404877 0.0095501467020081745 0.017479310551293346 -0.00097621335106832033 -0.0011041218085891841 -0.0027023374858619865 0.025949857373287009 -0.0014597568945492073 -0.00044402378589634143 0.012348927334985405 0.014179583760696678 0.023699406848647055 -0.0016374102897863383 0.014941350999260167 -2.3901465354424503e-05 -0.0033344165285280557 0.021071963322195065 8.2641134066757665e-05 0.020954939653574384 -0.0017040624778858168 -0.0013530227452752959 -0.0017639713788060237 0.024208756120555657 0.019244253993634986 -0.00053402647948186009 -0.00051481375289290506 -0.00072777713637245118 -0.0014157228945776811 -0.0037355278937944471
leaf_weight=904 386 154 79 79 277 175 115 70 270 159 129 73 112 220 122 89 126 70 568 178 133 701 64 87 95 582 194 256 126 126
leaf_count=904 386 154 79 79 277 175 115 70 270 159 129 73 112 220 122 89 126 70 568 178 133 701 64 87 95 582 194 256 126 126
internal_value=-0.00408611 -0.0029911 -0.00187747 -0.00266773 0.004375 -0.00395034 0.00887608 -0.00302792 -0.00377959 0.00748971 -0.00221411 0.000362694 0.0127174 -0.00976629 -0.00363112 -0.0154808 -0.00219485 -0.00150803 -0.00214257 -0.00411652 0 -0.00895833 0.00503597 0.00334091 -0.00369325 -0.00588194 -0.0128209 -0.0124968 -0.0180879 0.00583333
internal_weight=6719 5951 5047 4705 723 3982 342 3613 3375 238 406 188 317 701 342 359 2674 2548 2478 1823 988 835 134 655 810 715 369 768 382 205
internal_count=6719 5951 5047 4705 723 3982 342 3613 3375 238 406 188 317 701 342 359 2674 2548 2478 1823 988 835 134 655 810 715 369 768 382 205
is_linear=0
shrinkage=0.035


Tree=36
num_leaves=31
num_cat=0
split_feature=104 199 6 181 44 183 173 102 224 183 33 115 246 33 195 272 93 19 82 10 213 274 104 104 274 16 9 19 260 151
split_gain=50.4127 35.8534 31.6308 24.4743 24.2527 25.6527 32.0964 30.3479 35.2643 32.7658 28.7352 29.8769 24.4267 24.1871 23.5788 20.6281 23.871 29.5084 20.0397 19.8086 20.2134 18.9047 18.0896 24.0497 18.9337 30.3136 20.163 20.134 29.4695 20.6078
threshold=184.00000000000003 8.7684156290131572 35.156611501487156 0.095800001174211516 0.10514999926090242 0.63377538813055845 0.61460811463678955 -3.291711071051624 0.48940971320948817 0.72346056971403883 0.14604999870061877 1651.5000000000002 0.58338444628994057 0.12919999659061435 0.0088099042001497253 -0.012549996376037596 141.50000000000003 5497.5000000000009 895.00000000000011 27.974012824051751 10.227941427076948 0.40701364538159096 1024.0000000000002 1108.5000000000002 0.21773634528748328 1.7262013483043683 28.885402270464656 6077.5000000000009 0.12059278158346762 0.37832499295473104
decision_type=2 2 2 2 2 2 2 2 2 2 2 2 2 2 2 2 2 2 2 2 2 2 2 2 2 2 2 2 2 2
left_child=2 -2 14 -3 13 6 10 8 -7 -9 -6 12 15 -5 -1 -12 17 -17 -8 -13 -21 -11 24 -24 27 26 -26 29 -29 -18
right_child=1 3 -4 4 5 7 18 9 -10 21 11 19 -14 -15 -16 16 22 -19 -20 20 -22 -23 23 -25 25 -27 -28 28 -30 -31
leaf_value=0.012632085682977445 0.011775626779544541 0.016275360889151037 0.012559066353631547 0.0031155191112470222 0.0098486027028743123 0.016018204561180228 -0.00093419752850243962 0.014885866484907946 -0.0010125651479025784 -0.00095376916712363409 0.015666249989372813 -0.0023712269882299707 0.019024872607006079 -0.00097539018552296746 -0.00090789131024372142 0.017366293332855078 -0.0014252320819080251 -0.0017234561094637934 0.00070811725580264444 -0.00092232951014256778 0.012771761619592375 0.013332353852087624 0.020292266252210416 -0.00028894800069819706 -0.0010842111519802546 -0.0012303242706975875 0.022492270566478956 0.024059373437632526 -0.0020653680255734476 0.00026760217468441318
leaf_weight=60 140 82 61 72 144 96 393 177 254 78 62 213 75 146 820 61 575 292 87 382 109 71 160 1538 61 144 119 60 60 127
leaf_count=60 140 82 61 72 144 96 393 177 254 78 62 213 75 146 820 61 575 292 87 382 109 71 160 1538 61 144 119 60 60 127
internal_value=-0.00394036 -0.0027114 -0.0114323 -0.00315081 -0.00343643 -0.00296088 -0.00388472 0.00339207 -0.00374648 0.010997 -0.00289229 -0.00344546 -0.00205451 -0.0147534 -0.0131299 -0.00251991 -0.00291849 -0.0114385 -0.0124124 -0.00997179 -0.00599798 -0.00113636 -0.00184275 0.000452143 -0.00523023 0.00191489 0.0113514 -0.00804111 0.00504 -0.010297
internal_weight=6719 5778 941 5638 5556 5338 4662 676 350 326 4182 4038 3334 218 880 3259 3197 353 480 704 491 149 2844 1698 1146 324 180 822 120 702
internal_count=6719 5778 941 5638 5556 5338 4662 676 350 326 4182 4038 3334 218 880 3259 3197 353 480 704 491 149 2844 1698 1146 324 180 822 120 702
is_linear=0
shrinkage=0.035


Tree=37
num_leaves=31
num_cat=0
split_feature=104 199 6 256 13 137 121 20 258 274 261 261 137 181 13 122 2 13 13 13 8 195 272 93 104 19 77 140 256 213
split_gain=43.4159 34.3071 30.287 27.3648 30.0321 40.7406 27.9848 25.3137 38.006 25.6183 47.5776 35.9037 25.4809 26.2353 30.1392 25.0766 22.5749 20.93 20.526 23.2949 20.1606 19.951 19.5348 24.5434 30.3309 28.3088 25.3542 40.8637 28.0178 23.5902
threshold=184.00000000000003 8.7684156290131572 35.156611501487156 12.520882905978285 19.875522535740597 1048.0000000000002 0.094600003212690367 27.238887446850992 0.0093500167131423968 0.45975056289207084 522.27499389648449 537.50000000000011 983.00000000000011 0.13119999505579474 28.089183652799843 28.391412713766098 6228.0900878906259 33.962047930906003 45.232106534830088 49.426970745646308 -68.146402978675667 0.0088099042001497253 -0.012549996376037596 141.50000000000003 1008.0000000000001 5497.5000000000009 0.28585000336170202 6107.5000000000009 60.293246208125929 9.9691582447517391
decision_type=2 2 2 2 2 2 2 2 2 2 2 2 2 2 2 2 2 2 2 2 2 2 2 2 2 2 2 2 2 2
left_child=2 -2 21 -3 5 -5 -6 8 16 12 15 -12 22 -14 -15 -11 -8 -16 -19 -20 -13 -1 -9 25 -25 -24 27 29 -29 -26
right_child=1 3 -4 4 6 -7 7 9 -10 10 11 20 13 14 17 -17 -18 18 19 -21 -22 -23 23 24 26 -27 -28 28 -30 -31
leaf_value=0.012189962684073234 0.011363479842260481 -0.00084810475690595254 0.012119499031254444 -0.0053822483550620605 0.013911975990842347 0.012241489263620758 0.030611504101001434 0.015117931239744763 -0.00089317244306809048 -0.0014763977723924993 0.016346529355026299 0.011318255094735297 0.016390043952529031 -0.0022681856484109844 0.017068150490475779 0.00037661012174197624 -0.00097563129309030888 -0.0021853898048895103 0.025192144720599659 -0.0012108163535558276 -0.0018273523785679131 -0.00087611511438519154 0.016758473066205152 -0.00081133581221112762 0.014971709193765238 -0.0016633539614390104 -0.001128079972818284 0.0025239388795805905 -0.0040089219947242634 0.023981984169089313
leaf_weight=60 140 128 61 60 85 182 82 62 785 81 205 62 68 147 64 114 101 184 61 361 62 820 61 1067 333 291 401 337 69 185
leaf_count=60 140 128 61 60 85 182 82 62 785 81 205 62 68 147 64 114 101 184 61 361 62 820 61 1067 333 291 401 337 69 185
internal_value=-0.00396118 -0.00282034 -0.0109144 -0.00325004 -0.00286854 0.00906883 -0.003425 -0.00375771 -0.00884892 -0.00257938 0.00463138 0.0126796 -0.00360795 -0.00876966 -0.010517 -0.008925 0.00539894 -0.00725926 -0.00927987 -0.00491803 -0.00217054 -0.0125763 -0.00196727 -0.00241906 -0.00113892 -0.0109804 0.00239474 0.00557589 -0.00272506 0.0120459
internal_weight=6719 5778 941 5638 5510 242 5268 5183 968 4215 524 329 3691 885 817 195 183 670 606 422 124 880 2806 2744 2392 352 1325 924 406 518
internal_count=6719 5778 941 5638 5510 242 5268 5183 968 4215 524 329 3691 885 817 195 183 670 606 422 124 880 2806 2744 2392 352 1325 924 406 518
is_linear=0
shrinkage=0.035


Tree=38
num_leaves=31
num_cat=0
split_feature=104 199 6 256 13 183 272 121 20 160 129 274 260 13 260 11 256 256 30 111 93 93 150 7 115 258 150 17 256 48
split_gain=41.5855 33.978 29.9083 27.4066 26.5514 26.1814 24.6479 24.1882 21.5789 41.5679 28.6054 34.3536 40.4271 37.718 40.6861 35.1261 33.6416 34.4821 29.8083 29.7565 27.8232 27.1389 26.59 24.3919 23.6805 24.9456 21.9918 21.4076 21.1543 20.9062
threshold=184.00000000000003 8.6482192377512508 35.156611501487156 12.520882905978285 19.856528107995107 0.39261978906349143 -0.012549996376037596 0.094600003212690367 27.238887446850992 0.017199996858835224 5922.5000000000009 0.47049155950489563 0.191431106082844 61.730577208882167 -0.12367824026632589 109.27826122560856 59.767208444100866 33.138911419569247 6347.5000000000009 21.099471000908526 744.50000000000011 1354.5000000000002 0.050149992108345039 -45.958510860743473 1742.0000000000002 0.009199995547533037 0.044550001621246345 -18.284855477405099 117.08052463533404 43.897298812866218
decision_type=2 2 2 2 2 2 2 2 2 2 2 2 2 2 2 2 2 2 2 2 2 2 2 2 2 2 2 2 2 2
left_child=2 -2 27 -3 5 -5 -6 -8 9 -9 24 12 13 16 23 18 17 20 -14 -13 -12 -22 -16 -15 25 28 -19 -1 -10 -23
right_child=1 3 -4 4 6 -7 7 8 10 -11 11 19 15 14 22 -17 -18 26 -20 -21 21 29 -24 -25 -26 -27 -28 -29 -30 -31
leaf_value=0.0076870837339443471 0.013306947933444824 -0.00081842109041424256 0.011695316565160537 -0.00063332637396286407 0.012533145051927737 0.017193276969478755 0.013425056831162865 0.0044917502470134376 -0.0018722573124849346 -0.0008429933608794755 0.023812385402353874 -0.00052056624150210562 -0.0016484287970254116 -0.0040511132170764153 0.030588882361748452 0.01065386900502604 0.021060290749919237 0.0061114832144449679 0.017247144821907069 0.012641563803918503 -0.0017936892297539132 0.028053840664437845 -0.0034533704110437796 0.0001197815678249295 -0.0012906750233550438 -0.00042854964523956514 -0.0029086278149928722 -0.00088682158856771061 0.0082777213663243789 -0.00084728374382695988
leaf_weight=65 118 128 61 119 67 96 85 252 381 716 138 100 542 140 75 122 155 113 98 223 111 87 60 62 198 1318 132 815 81 61
leaf_count=65 118 128 61 119 67 96 85 252 381 716 138 100 542 140 75 122 155 113 98 223 111 87 60 62 198 1318 132 815 81 61
internal_value=-0.00396118 -0.00284454 -0.0107664 -0.00323742 -0.00285714 0.00906818 -0.00334743 -0.00362322 -0.00393327 -0.00863309 -0.00284031 -0.000110162 -0.00191478 0.00227392 -0.00747076 -0.00812256 0.00641521 0.00281298 -0.0113953 0.0103506 0.00914179 0.00225379 0.00725 -0.0172464 -0.00589511 -0.00458824 -0.00742 -0.0124181 -0.0115418 0.0118954
internal_weight=6719 5778 941 5660 5532 215 5317 5250 5165 968 4197 2219 1896 1134 337 762 797 642 640 323 397 259 135 202 1978 1780 245 880 462 148
internal_count=6719 5778 941 5660 5532 215 5317 5250 5165 968 4197 2219 1896 1134 337 762 797 642 640 323 397 259 135 202 1978 1780 245 880 462 148
is_linear=0
shrinkage=0.035


Tree=39
num_leaves=31
num_cat=0
split_feature=260 150 140 224 272 221 4 137 219 104 102 30 260 261 261 258 214 274 261 256 261 173 232 256 71 13 270 38 55 80
split_gain=40.6665 26.6446 37.012 42.0708 30.1826 25.788 28.0055 28.86 26.156 29.2352 31.6497 33.4451 35.0684 46.7539 33.111 25.2471 22.0204 21.8748 34.0303 26.7598 22.9587 20.555 22.0714 20.17 20.1526 19.8668 23.5666 19.2776 21.5312 19.0935
threshold=0.25266246329172309 0.060849994421005256 5652.5000000000009 -0.99999999998842959 -0.012549996376037596 12.991075098591876 -19.69041325077082 2950.5000000000005 20.648188565760467 184.00000000000003 -4.9340678732981553 6177.5000000000009 0.43147955875690397 529.80999755859386 563.29498291015636 0.012700013816356661 0.045150011777877815 0.1991578196389451 558.40499877929699 41.922605537799392 452.87500000000006 0.51473727014377046 5.7708710512477399 33.706839180044255 2186.5000000000005 18.509119034337257 36.247001061631082 4591.5000000000009 0.31364999711513525 -5.0318507714702294
decision_type=2 2 2 2 2 2 2 2 2 2 2 2 2 2 2 2 2 2 2 2 2 2 2 2 2 2 2 2 2 2
left_child=1 4 -3 -4 -1 -2 7 -7 9 -8 23 12 21 -14 -13 -16 -5 20 19 -19 -6 22 -12 24 -11 -22 -27 -28 -29 -17
right_child=5 2 3 16 17 6 8 -9 -10 10 11 14 13 -15 15 29 -18 18 -20 -21 25 -23 -24 -25 -26 26 27 28 -30 -31
leaf_value=0.011310572927706188 -0.0021021714435582768 -0.002271999877230613 -0.0030287007614736516 0.011610264333454681 0.02261528934324997 -0.00079619893694572936 -0.00077270037552264203 0.019952669249976965 0.01520120707028636 0.01768590257871358 0.016783481915591973 -0.00084903629055404117 -0.00018666377448683548 0.015012685099878008 0.018299185041186623 -0.0010320493066959201 0.018781516999577173 -0.0017348675193466904 0.016859187156757348 0.016688691169384189 -0.0010664803530266729 -0.0018084966326782886 -0.0013317092086567528 -0.0013039747913555842 -0.0013267597298278629 0.020753447600223587 -0.00097392736616263751 0.018150362741041402 -0.0026103408605048614 0.0003032806394445706
leaf_weight=77 89 152 62 164 86 194 747 69 68 69 94 193 317 183 72 104 183 102 136 123 74 152 172 260 89 91 2239 171 64 123
leaf_count=77 89 152 62 164 86 194 747 69 68 69 94 193 317 183 72 104 183 102 136 123 74 152 172 260 89 91 2239 171 64 123
internal_value=-0.00381544 -0.00137034 0.00562721 0.0110749 -0.00261837 -0.00684833 -0.00625215 0.0045709 -0.00733573 -0.00790891 -0.00549918 -0.0029682 0.000985915 0.00720792 -0.0102817 -0.00287829 0.0158097 -0.00317049 0.00487705 -0.0035 -0.00424359 -0.0064539 -0.000516605 -0.0139007 -0.00386503 -0.00483169 -0.00428988 -0.00494151 0.00452083 -0.00859914
internal_weight=6719 3724 561 409 3163 2995 2906 263 2643 2575 1828 1410 918 500 492 299 347 3086 361 225 2725 418 266 418 158 2639 2565 2474 235 227
internal_count=6719 3724 561 409 3163 2995 2906 263 2643 2575 1828 1410 918 500 492 299 347 3086 361 225 2725 418 266 418 158 2639 2565 2474 235 227
is_linear=0
shrinkage=0.035


Tree=40
num_leaves=31
num_cat=0
split_feature=126 272 81 6 219 212 129 258 85 30 261 115 150 49 88 13 270 99 63 93 211 2 194 153 256 258 12 49 45 274
split_gain=36.8228 29.7623 28.9652 37.409 31.1512 28.9468 25.2336 36.7566 41.1042 24.1928 26.2512 23.7072 28.097 28.5581 23.6668 28.5451 38.9154 19.8569 18.5379 18.2978 17.4712 17.3928 18.2162 18.7936 16.362 17.2393 17.3187 17.2614 16.3445 26.4327
threshold=71.500000000000014 -0.012549996376037596 33.982749938964851 30.4461015263802 -15.630207358544668 6.1213951142326692 5922.5000000000009 0.0079000033438205736 6022.5000000000009 6127.5000000000009 487.61999511718756 676.00000000000011 0.054400011897087104 1217.5000000000002 0.22485000640153888 44.84449409472591 50.256009386862821 0.1212499998509884 6047.5000000000009 701.50000000000011 0.76733533833560708 6389.9050292968759 -0.039780258527751307 -0.018834453002848844 117.08052463533404 0.009199995547533037 8.2678265377158464 1015.5000000000001 4.7641153768373377 -0.29024805008124421
decision_type=2 2 2 2 2 2 2 2 2 2 2 2 2 2 2 2 2 2 2 2 2 2 2 2 2 2 2 2 2 2
left_child=9 -2 20 4 5 -4 11 -8 14 10 -1 12 24 -14 15 16 -9 -11 -10 -16 -3 22 -6 -24 25 -7 27 -27 -20 -30
right_child=1 2 3 -5 21 6 7 8 18 17 -12 -13 13 -15 19 -17 -18 -19 28 -21 -22 -23 23 -25 -26 26 -28 -29 29 -31
leaf_value=-0.00038224970736721518 0.010443144623843775 -0.001320001784413647 0.01020432971295508 0.020849429771913119 -0.00070751310229201394 -0.0017726408487322683 0.015880090167376616 0.018250177620448241 -0.0027309076612416789 -0.00036681851408602807 -0.0012145089627256648 -0.0014458147228228308 -0.00077928819281928359 0.019522968339904381 -0.0018909618195255839 0.023622075139558697 -0.0028672094522172254 0.013841070954806816 -0.0007733653871824296 0.016800190908039716 0.013180003444473736 0.010028934989370866 0.00061996409042696992 -0.00061722568628868333 0.016144239600866885 2.3367298714380703e-05 0.0095016168282828599 -0.0019169882513546074 -0.0042315048380620994 0.0064259993776157025
leaf_weight=100 81 863 386 67 163 193 209 71 112 61 322 498 99 79 78 177 82 70 1068 75 72 62 91 475 72 93 148 91 83 678
leaf_count=100 81 863 386 67 163 193 209 71 112 61 322 498 99 79 78 177 82 70 1068 75 72 62 91 475 72 93 148 91 83 678
internal_value=-0.00374256 -0.00296062 -0.00324713 -0.00221339 -0.00256584 -0.00138469 -0.00229097 -0.000331691 -0.0015562 -0.0123566 -0.0163934 -0.00632629 -0.00246795 0.00956284 0.00753074 0.0127463 0.00155063 0.000772059 -0.00383094 -0.00376582 -0.00889894 -0.00892588 -0.0104428 -0.00735552 -0.00610465 -0.00825472 -0.00332344 -0.0103704 -0.00295802 0.00095953
internal_weight=6719 6166 6085 5150 5083 4292 3906 2633 2424 553 422 1273 775 178 483 330 153 131 1941 153 935 791 729 566 597 525 332 184 1829 761
internal_count=6719 6166 6085 5150 5083 4292 3906 2633 2424 553 422 1273 775 178 483 330 153 131 1941 153 935 791 729 566 597 525 332 184 1829 761
is_linear=0
shrinkage=0.035


Tree=41
num_leaves=31
num_cat=0
split_feature=126 256 125 213 13 137 6 219 126 153 71 199 33 66 256 129 30 22 27 223 143 19 213 183 260 38 60 93 222 260
split_gain=40.2096 30.6982 29.9958 35.0345 31.6205 35.264 26.3756 25.4472 24.472 24.0095 22.4309 21.6742 22.4828 25.5177 21.7996 23.1474 27.981 31.1586 27.6145 27.4691 23.5839 22.3675 56.4101 34.7732 33.1296 34.0211 26.2637 23.077 21.9526 21.5665
threshold=71.500000000000014 12.520882905978285 35.300949096679695 8.7207051377023177 19.856528107995107 1151.0000000000002 27.826799391071358 -15.630207358544668 120.00000000000001 -0.058453659275319182 2802.5000000000005 8.7684156290131572 0.12919999659061435 0.10814999788999559 21.926587648921892 5922.5000000000009 5867.5000000000009 0.26854999363422399 368.50000000000006 14.736534049743691 0.23194999992847445 6207.5000000000009 10.007149125554314 0.63003852196098409 0.34047260439555277 1463.5000000000002 579.00000000000011 1265.5000000000002 8.8193109823156721 -0.10071783077853484
decision_type=2 2 2 2 2 2 2 2 2 2 2 2 2 2 2 2 2 2 2 2 2 2 2 2 2 2 2 2 2 2
left_child=-1 -2 -3 -4 5 -5 7 8 -6 -9 -11 -10 -13 -14 -15 16 17 19 -19 -16 -18 22 23 26 25 -23 -17 28 -28 -27
right_child=1 2 3 4 6 -7 -8 9 11 10 -12 12 13 14 15 21 20 18 -20 -21 -22 24 -24 -25 -26 29 27 -29 -30 -31
leaf_value=-0.0008429701026170961 -0.00087788681329456953 -0.00086438491899282362 0.014908731545066382 -0.00531010946178514 0.015470761411726064 0.013278880171155987 0.016111398367416357 0.013938007034986034 0.01141176695128826 -0.00091079580480342101 -0.00013368972373218075 0.020272669934889399 -0.0014591800232617942 -0.0025739048869413868 -0.00030895398175744552 -0.0022515886643836689 -0.0016798263081766905 0.011511822195344058 -0.0015633300871795825 0.02100024451630261 0.0042348573309478766 0.015675542242624567 0.016781590584961707 0.013830100908721268 -0.0014196759153405842 -0.0043128735965860801 0.0092364022298540901 0.017549893885019451 -0.0015271398406124918 -0.00027458632989070715
leaf_weight=553 135 1202 97 63 86 123 66 67 91 297 178 93 73 164 235 93 188 128 611 118 66 256 282 138 251 91 96 170 308 400
leaf_count=553 135 1202 97 63 86 123 66 67 91 297 178 93 73 164 235 93 188 128 611 118 66 256 282 138 251 91 96 170 308 400
internal_value=-0.00385708 -0.00304003 -0.00266153 -0.00142635 -0.00186194 0.0120942 -0.00244562 -0.00277815 -0.00179305 -0.00985375 -0.0126146 -0.00221416 -0.00263011 -0.00306834 -0.00263472 -0.00202707 -0.00559585 -0.00312671 -0.00719758 0.00537709 -0.0159459 0.000284689 0.00375 -0.000993827 -0.00348953 0.000232713 -0.00432292 -0.00145078 -0.00599022 -0.00515121
internal_weight=6719 6166 6031 4829 4732 186 4546 4480 3938 542 475 3852 3761 3668 3595 3431 1346 1092 739 353 254 2085 1087 805 998 747 667 574 404 491
internal_count=6719 6166 6031 4829 4732 186 4546 4480 3938 542 475 3852 3761 3668 3595 3431 1346 1092 739 353 254 2085 1087 805 998 747 667 574 404 491
is_linear=0
shrinkage=0.035


Tree=42
num_leaves=31
num_cat=0
split_feature=183 123 209 37 102 81 183 183 104 6 27 137 135 69 1 82 193 260 145 256 77 231 10 261 49 270 270 91 104 104
split_gain=41.6285 33.791 30.9273 21.9519 21.2575 21.2521 25.195 24.4629 35.0924 26.275 21.9673 21.5812 22.3898 20.5537 23.0369 21.0377 27.1386 19.7841 18.8394 20.2899 18.1568 17.2758 17.2462 17.0825 24.7741 16.9727 18.1767 16.2727 15.9517 22.9815
threshold=0.81980530097475068 0.0093341521968922907 9.4313615371341992 23.631299972534183 -5.0071192492235879 33.982749938964851 0.63377538813055845 -0.018048681293285154 1556.0000000000002 -25.552092767688887 1045.5000000000002 1270.5000000000002 -1.428230271962925 -5.5511086365421978 657.50000000000011 821.50000000000011 0.77667168081332916 0.23337971174751726 0.011846058796075998 78.405331101674406 0.26424999535083776 7.8307927224419158 54.376030167560145 569.51501464843761 1567.5000000000002 38.08065114961169 46.333365475038697 -2.9247239173429249 1785.5000000000002 1008.0000000000001
decision_type=2 2 2 2 2 2 2 2 2 2 2 2 2 2 2 2 2 2 2 2 2 2 2 2 2 2 2 2 2 2
left_child=1 2 18 4 -2 -3 7 25 10 -10 20 23 -13 15 -15 16 -8 27 19 -1 -9 -16 -20 24 -12 -7 -27 -11 29 -28
right_child=3 5 -4 -5 -6 6 13 8 9 17 11 12 -14 14 21 -17 -18 -19 22 -21 -22 -23 -24 -25 -26 26 28 -29 -30 -31
leaf_value=0.017857933640983072 -0.00056246541861526393 -0.0012146273180608958 -0.0010778944499983923 -0.00083324796478760155 0.00042365673862136693 0.020149218052930275 0.0045828201929208855 -0.0016958305408157617 0.01640753611570973 0.012601716186234846 0.00053516367646571695 0.00020612101831610471 -0.0010778225556043585 -0.0042423602298113788 0.01357076072234047 0.023418224484957499 -0.0022257793863848189 -0.0012886588632181764 -0.0036374133273862387 0.0021180370246405909 -0.0008032840050772042 -0.00087239561178333242 0.015094885306514707 0.01251864914244598 -0.0010439369517698256 -0.0027209936145627463 -0.00061958988714610509 -0.001887137514118973 -0.00094994320795437992 0.013235085673328808
leaf_weight=166 213 860 403 546 88 61 105 213 148 63 310 96 420 73 199 62 101 64 92 121 100 60 139 96 330 99 348 62 596 485
leaf_count=166 213 860 403 546 88 61 105 213 148 63 310 96 420 73 199 62 101 64 92 121 100 60 139 96 330 99 348 62 596 485
internal_value=-0.003982 -0.00293007 0.00321274 -0.0112148 -0.00354575 -0.00407486 -0.00301636 -0.00415475 -0.00682748 0.00337719 -0.00902866 -0.00690533 -0.0123608 0.00358678 0.00934718 -0.00358974 -0.00895735 -0.00523196 0.00883365 0.0147432 -0.0172799 0.0141856 0.00133475 -0.00302294 -0.00510078 -0.000944166 -0.0016895 0.00296154 -0.000658996 0.0024642
internal_weight=6719 5872 921 847 301 4951 4091 3491 1902 337 1565 1252 516 600 332 268 206 189 518 287 313 259 231 736 640 1589 1528 125 1429 833
internal_count=6719 5872 921 847 301 4951 4091 3491 1902 337 1565 1252 516 600 332 268 206 189 518 287 313 259 231 736 640 1589 1528 125 1429 833
is_linear=0
shrinkage=0.035


Tree=43
num_leaves=31
num_cat=0
split_feature=126 199 4 6 193 272 2 247 93 27 126 49 258 216 274 274 82 270 160 224 100 41 137 2 2 161 261 274 260 100
split_gain=35.8462 29.816 22.4648 32.7994 27.0856 17.0855 19.1315 57.8951 34.7584 25.9415 24.982 26.4199 22.6258 31.5631 40.7445 37.0332 31.4811 26.0953 26.4591 24.3294 33.3646 28.0185 22.5547 25.4371 31.0691 29.978 22.3808 22.0093 21.818 21.6836
threshold=71.500000000000014 8.7684156290131572 42.758778767875199 10.376604168864445 0.53875293380712697 -0.012549996376037596 5692.9350585937509 571.14001464843761 141.50000000000003 1232.5000000000002 374.50000000000006 975.00000000000011 0.0073500052094459542 35.772852285595135 0.47508064624356078 -0.45301947176528656 652.50000000000011 49.978016211832475 0.026550002396106723 -0.9999999999894672 23.104681568463555 6027.5000000000009 983.00000000000011 5913.8100585937509 6024.2849121093759 0.1612999998033047 529.14501953125011 0.20386452017956261 0.91588296503863853 18.874495430618644
decision_type=2 2 2 2 2 2 2 2 2 2 2 2 2 2 2 2 2 2 2 2 2 2 2 2 2 2 2 2 2 2
left_child=-1 -2 3 5 -4 -3 9 -8 -9 10 -7 -12 -10 15 16 -14 -15 18 27 -18 22 -22 23 -21 29 -26 -16 -17 -19 -25
right_child=1 2 4 -5 -6 6 7 8 12 -11 11 -13 13 14 26 17 19 28 -20 20 21 -23 -24 24 25 -27 -28 -29 -30 -31
leaf_value=-0.00078757560253246988 0.0095887157444740582 0.011624865036159239 -0.001152957050021881 -0.00070592374305224084 0.021023928958097713 0.0096190934098987907 0.024277012200892713 -0.0016541131627068036 0.006504888332799252 -0.0022924748574382971 -0.00065088813851496823 -0.0019121024879151954 0.020304671892898165 -0.001593257984130539 -0.00063197824748534889 -0.00086258989891533581 -0.0041242694133947827 -0.0011139229684758219 -0.0011542217939088163 -0.0017057650229496974 0.011046999072517461 0.020117759842571567 -0.0018587571273168161 0.022200147787187225 0.020361725945255888 -0.0020501431314149349 0.011962107247388037 0.011799774093155921 0.015438333299378167 3.9206284135994698e-05
leaf_weight=553 154 64 88 381 63 146 94 158 366 261 310 132 61 253 72 339 180 1148 231 138 155 73 250 166 60 322 165 187 60 89
leaf_count=553 154 64 88 381 63 146 94 158 366 261 310 132 61 253 72 339 180 1148 231 138 155 73 250 166 60 322 165 187 60 89
internal_value=-0.00385708 -0.0030854 -0.00347848 -0.00382458 0.00964744 -0.00312671 -0.0033444 -0.00244204 -0.00302479 -0.00815574 -0.00401349 -0.00814318 -0.00242245 -0.0031955 1.81535e-05 -0.00623831 -0.0019042 -0.00708883 -0.00197507 0.000121697 0.00186407 0.0138197 -0.000849515 0.00210897 0.00507009 -0.00126615 0.0134504 0.00237288 -0.0102721 0.0144038
internal_weight=6719 6166 6012 5861 151 5480 5416 4567 4473 849 588 442 4315 3949 1923 2026 1686 1965 757 1433 1253 228 1025 775 637 382 237 526 1208 255
internal_count=6719 6166 6012 5861 151 5480 5416 4567 4473 849 588 442 4315 3949 1923 2026 1686 1965 757 1433 1253 228 1025 775 637 382 237 526 1208 255
is_linear=0
shrinkage=0.035


Tree=44
num_leaves=31
num_cat=0
split_feature=183 123 209 254 183 183 104 164 183 129 115 7 137 274 160 12 70 270 145 159 104 4 270 199 7 219 219 173 71 55
split_gain=46.2276 31.8445 29.0301 20.6411 23.1436 31.2094 26.256 24.7301 23.5792 25.1994 19.9184 21.5638 19.0991 19.7061 21.0335 19.0372 17.7105 17.5634 22.2167 16.8331 16.3641 16.1174 16.0872 15.8875 17.414 15.7649 31.4315 20.0234 20.5315 23.4999
threshold=0.81980530097475068 0.0093341521968922907 9.4313615371341992 21.928782088919132 0.64414183060312846 0.71027437067354426 1029.0000000000002 0.01298701700773657 0.75827215296912542 6117.5000000000009 802.50000000000011 18.34522654809318 1184.5000000000002 0.21773634528748328 0.026700001209974292 5.44911221019085 50.441249847412116 96.565109502792794 0.011695897984095326 14.781903041799017 569.50000000000011 0.60056246081384335 121.67880367330339 12.313482055878538 -45.958510860743473 -49.269801190885225 -59.32369245678089 0.23005875297745318 1138.0000000000002 0.21194999665021899
decision_type=2 2 2 2 2 2 2 2 2 2 2 2 2 2 2 2 2 2 2 2 2 2 2 2 2 2 2 2 2 2
left_child=1 2 17 4 6 21 7 12 -7 -10 -2 19 13 20 -15 -9 -5 18 -1 -12 -3 -6 -19 24 -16 26 27 28 29 -8
right_child=10 3 -4 16 5 8 25 15 9 -11 11 -13 -14 14 23 -17 -18 22 -20 -21 -22 -23 -24 -25 -26 -27 -28 -29 -30 -31
leaf_value=0.019010104828854239 0.015584110325147241 -5.3826168249801192e-05 -0.00097324455717141725 -0.0018566770912253334 0.0077120639626567945 -0.00083895960533239122 0.01911615429818582 -0.00063298337342561687 0.015755213435858031 -0.0021231697768545228 -0.00083377401816984423 0.0078139784424664221 -0.00096338092715513425 0.01179460876466666 -0.0031542424515373767 0.013856739757340038 0.009053456152868268 -0.0021267320857985047 0.006618060709800656 -6.0367398335668961e-05 -0.0011828688964709642 0.017220130364466017 0.0095446467287059484 -0.0019165926802422932 0.016839163182894159 -0.00064908214074384078 0.016426263005375991 0.018669209803939879 -0.0035816526965405343 -0.00081935654825789582
leaf_weight=157 65 188 403 314 160 174 103 173 105 69 624 60 492 107 61 137 72 90 154 98 504 103 117 68 118 1026 145 116 239 477
leaf_count=157 65 188 403 314 160 174 103 173 105 69 624 60 492 107 61 137 72 90 154 98 504 103 117 68 118 1026 145 116 239 477
internal_value=-0.00408611 -0.00297771 0.00298596 -0.00408898 -0.00342341 0.00289773 -0.00440263 -0.00744199 -0.00396601 0.0050838 -0.0117077 -0.0132529 -0.0092547 -0.00652712 0.000194986 0.00155556 -0.0118159 0.00843212 0.0136234 -0.0149243 -0.00994261 0.0118843 0.000495283 -0.00541667 0.000190217 -0.0017243 0.00122581 -0.00115426 -0.00310073 0.000478632
internal_weight=6719 5872 921 4951 4565 611 3954 1848 348 174 847 782 1538 1046 354 310 386 518 311 722 692 263 207 247 179 2106 1080 935 819 580
internal_count=6719 5872 921 4951 4565 611 3954 1848 348 174 847 782 1538 1046 354 310 386 518 311 722 692 263 207 247 179 2106 1080 935 819 580
is_linear=0
shrinkage=0.035


Tree=45
num_leaves=31
num_cat=0
split_feature=104 199 125 203 7 153 211 115 74 270 6 126 193 126 89 82 213 256 256 173 270 256 129 140 42 1 126 89 256 76
split_gain=43.0256 29.9008 23.6432 27.6114 26.9886 27.7 23.5164 27.7392 22.5605 22.6905 22.3794 19.2835 24.1552 32.8465 33.9259 35.5242 31.4466 23.2302 23.0554 26.1811 18.5019 30.6167 28.6671 21.6167 38.7182 19.0126 20.9001 18.3219 19.3819 16.9455
threshold=184.00000000000003 8.6482192377512508 36.304199218750007 0.96542762295497642 -15.094971797213818 -0.058453659275319182 0.63601189958491744 3467.5000000000005 6382.5000000000009 68.895410828292356 35.156611501487156 150.00000000000003 0.46954988158852062 378.00000000000006 10.004868925745678 1045.5000000000002 10.424674207956544 31.194281363427027 21.926587648921892 0.11245077996681098 39.964933581627285 55.687068866174876 6392.5000000000009 6107.5000000000009 33.613550557182187 677.50000000000011 957.50000000000011 12.682098588340134 70.061774179288577 0.35725000500679022
decision_type=2 2 2 2 2 2 2 2 2 2 2 2 2 2 2 2 2 2 2 2 2 2 2 2 2 2 2 2 2 2
left_child=10 -2 -3 4 6 -6 11 -8 9 -7 -1 -4 13 -13 -15 29 17 -14 -17 20 -20 22 25 24 -23 -22 -27 -19 -29 -16
right_child=1 2 3 -5 5 8 7 -9 -10 -11 -12 12 16 14 15 18 -18 27 19 -21 21 23 -24 -25 -26 26 -28 28 -30 -31
leaf_value=-0.00075781644201308707 0.011570595844334154 -0.00098951473732464159 0.013345827307759305 0.014714405982584994 0.011592789625443425 -0.00071630842029976117 0.011617623993431418 -0.0024713386660069575 0.0048830141334283064 -0.00041924325681148822 0.010392461524115775 0.015389751208582176 -0.0019006357221517036 0.010347730322328339 -0.00092234224589204559 -0.0038852590486171301 0.017407909040129083 -0.0015161423711209294 0.020479834854604792 0.018224676355848058 5.6811738196978217e-05 0.024014436895796874 0.01438612269590954 -0.0034562948521616151 1.2586456873396324e-05 -0.00060467693655699576 -0.0025886473769851466 0.00041815825998493903 -0.0028653961748554531 -0.0021673994603718686
leaf_weight=880 118 1245 114 89 87 348 199 79 60 122 61 126 169 212 565 73 100 101 63 186 114 143 61 85 423 82 229 238 71 276
leaf_count=880 118 1245 114 89 87 348 199 79 60 122 61 126 169 212 565 73 100 101 63 186 114 143 61 85 423 82 229 238 71 276
internal_value=-0.00399242 -0.00285665 -0.00322507 -0.00201923 -0.00242438 -0.00917203 -0.00129106 0.00840989 -0.0121682 -0.0147368 -0.0109144 -0.00208818 -0.00258128 -0.0010594 -0.00194676 -0.00318872 -0.00844298 -0.0115668 0.000119536 0.00115744 -0.000755187 -0.00180823 -0.00841141 0.00314787 0.00563923 -0.0116395 -0.0160601 -0.00691566 -0.00256369 -0.0088948
internal_weight=6719 5778 5660 4415 4326 617 3709 278 530 470 941 3431 3317 2638 2512 2300 679 579 1459 1386 1200 1137 486 651 566 425 311 410 309 841
internal_count=6719 5778 5660 4415 4326 617 3709 278 530 470 941 3431 3317 2638 2512 2300 679 579 1459 1386 1200 1137 486 651 566 425 311 410 309 841
is_linear=0
shrinkage=0.035


Tree=46
num_leaves=31
num_cat=0
split_feature=104 256 199 6 272 125 203 271 60 82 148 31 211 163 220 11 89 55 111 82 137 193 224 27 126 36 34 38 176 260
split_gain=38.4214 28.4864 26.9307 21.5726 21.3424 22.5053 27.4428 18.9578 21.8253 17.7002 31.2843 36.719 29.6092 38.5838 23.9311 25.1659 33.773 25.6735 35.9689 29.3901 25.8152 23.9869 31.9809 24.5737 20.8365 20.2337 17.5072 22.4134 17.3974 20.4044
threshold=184.00000000000003 12.520882905978285 8.6482192377512508 35.156611501487156 -0.012549996376037596 36.304199218750007 0.96542762295497642 6.4941586302985259 1207.0000000000002 913.00000000000011 640.50000000000011 -50.687002868278761 0.62847504591768433 0.75494748994681304 6.0247892510729821 47.107253528294109 9.7722483439395766 0.30359999835491186 20.314339594864176 2909.5000000000005 90.500000000000014 0.32337165982211896 -0.99999999998550593 1314.5000000000002 655.00000000000011 -8.3611032824245708 2.0819831280748731 1396.0000000000002 0.4947155147889491 -0.12367824026632589
decision_type=2 2 2 2 2 2 2 2 2 2 2 2 2 2 2 2 2 2 2 2 2 2 2 2 2 2 2 2 2 2
left_child=3 -2 -3 -1 -4 7 9 8 -6 10 11 24 13 14 21 16 -16 18 26 -19 -20 22 23 -11 -7 -26 -17 -28 29 -22
right_child=1 2 4 -5 5 6 -8 -9 -10 12 -12 -13 -14 -15 15 17 -18 19 20 -21 28 -23 -24 -25 25 -27 27 -29 -30 -31
leaf_value=-0.00073129286654262805 -0.00078231264031550349 0.01116562498978246 0.010103023530747881 0.010028725370771725 -0.00095948241990749506 0.0095374345265967619 0.014199401773194519 -0.0012901623875884501 0.0097555217028347015 0.019082653826066456 -0.0016619367176290724 -0.00063911025198420241 0.011335041492514249 -0.0032139765259536811 0.008857379119659772 0.012806367597146326 -0.0025707137461556326 -0.0018794027250995313 -0.0022208154340259399 0.01686652530665373 -0.00054358510747931762 -0.0018393561251485507 0.024022176645786535 -0.0032019443570118311 0.0019453072108636311 -0.0026931019277534819 0.00016944750955574908 -0.0015152924115611113 -0.0010277465741971293 0.015945690011785921
leaf_weight=880 128 118 67 61 302 420 89 694 211 73 351 602 101 60 99 64 461 278 71 87 170 62 114 108 75 92 89 148 87 557
leaf_count=880 128 118 67 61 302 420 89 694 211 73 351 602 101 60 99 64 461 278 71 87 170 62 114 108 75 92 89 148 87 557
internal_value=-0.00400283 -0.00292928 -0.00254996 -0.0105444 -0.00290771 -0.00315448 -0.00195402 -0.00736386 -0.00222973 -0.00237302 -0.00534628 -0.00260888 -0.000624525 -0.00138176 -0.000679337 -0.00210066 -0.00842478 0.000202442 0.00270361 -0.00785135 0.00625281 0.00763812 0.0117833 0.00244624 0.00360642 -0.00671512 -0.0076634 -0.0120041 0.00803419 0.00980191
internal_weight=6719 5778 5650 941 5532 5465 4258 1207 513 4169 1540 1189 2629 2528 2468 2111 560 1551 1186 365 885 357 295 181 587 167 301 237 814 727
internal_count=6719 5778 5650 941 5532 5465 4258 1207 513 4169 1540 1189 2629 2528 2468 2111 560 1551 1186 365 885 357 295 181 587 167 301 237 814 727
is_linear=0
shrinkage=0.035


Tree=47
num_leaves=31
num_cat=0
split_feature=260 126 80 221 6 5 19 137 272 38 274 272 281 126 183 183 183 71 272 224 137 223 137 185 2 59 220 257 53 82
split_gain=36.1173 28.9895 30.8448 27.8976 25.0286 27.4386 23.146 28.5514 22.4086 25.1418 27.5802 25.0478 24.9368 23.9926 22.2784 37.4029 35.6438 39.4312 26.2931 24.042 20.7395 20.1301 19.798 20.811 19.657 18.8407 19.7154 22.5504 18.2555 17.8406
threshold=0.25266246329172309 361.50000000000006 -5.1874432899477254 12.991075098591876 39.845677344180451 16.974605415684881 5542.5000000000009 661.50000000000011 0.027299989014863971 1059.5000000000002 -0.42314466785460042 -0.012549996376037596 1.0000000180025095e-35 480.50000000000006 0.301027505611761 0.70037593984920166 0.64414183060312846 2086.0000000000005 0.020499981939792637 0.99999999995436617 1975.0000000000002 17.507171880470128 481.50000000000006 0.015023609364976331 6086.0598144531259 29.188549995422367 4.5883609583289173 5.5142858169729703 -28.544705693044346 59.000000000000007
decision_type=2 2 2 2 2 2 2 2 2 2 2 2 2 2 2 2 2 2 2 2 2 2 2 2 2 2 2 2 2 2
left_child=1 2 -1 -2 5 20 -7 22 11 -10 -11 -3 13 -13 -9 16 17 18 -16 -18 -5 24 -8 -24 -12 -15 -27 -28 -14 -17
right_child=3 8 -4 4 -6 6 7 14 9 10 21 12 28 25 15 29 19 -19 -20 -21 -22 -23 23 -25 -26 26 27 -29 -30 -31
leaf_value=-0.00067193645654360819 -0.0024638927022997865 0.0088892602482312857 0.01517231536032488 -0.0012293125723711253 0.01669775267018991 -0.0017200547441241858 -0.00052082907583088432 -0.0015558018076316572 -0.0014662623367632484 -0.0020048231669146255 0.02105815352792588 -0.0019726096708898551 -0.00072378383957668495 -0.0019379154977049141 0.02061910240505585 5.9448932732678045e-05 -0.0041101170023255243 -0.00087727435891421437 -0.00034899660271471512 0.016479712011980823 0.0068423419583216313 -0.00051946353400672931 0.017587356060197533 -0.00030206839442053883 0.0019897027301091575 0.010410374260328193 -0.0011441796566141794 -0.00031211720830729984 0.01827923967189465 -0.00085047942254992768
leaf_weight=165 89 75 182 249 65 106 156 279 165 69 180 199 219 359 101 115 81 262 193 106 222 104 66 67 79 159 731 931 107 838
leaf_count=165 89 75 182 249 65 106 156 279 165 69 180 199 219 359 101 115 81 262 193 106 222 104 66 67 79 159 731 931 107 838
internal_value=-0.00401324 -0.00170823 0.00785511 -0.00687167 -0.00625215 -0.00675158 -0.00828211 -0.00749669 -0.00270106 0.00343023 0.00784897 -0.00402154 -0.00458487 -0.00582844 -0.00899747 -0.00744856 -0.00154412 -0.0059893 0.00280936 0.0114844 0.000955882 0.0116984 0.0027381 0.0124275 0.0168371 -0.00474142 -0.00327766 -0.00440912 0.00444109 -0.0120198
internal_weight=6719 3724 347 2995 2906 2841 2370 2264 3377 597 432 2780 2705 2379 1975 1696 743 556 294 187 471 363 289 133 259 2180 1821 1662 326 953
internal_count=6719 3724 347 2995 2906 2841 2370 2264 3377 597 432 2780 2705 2379 1975 1696 743 556 294 187 471 363 289 133 259 2180 1821 1662 326 953
is_linear=0
shrinkage=0.035


Tree=48
num_leaves=31
num_cat=0
split_feature=123 209 82 225 82 173 13 22 140 260 163 220 270 93 124 183 13 213 5 270 145 35 274 60 222 38 126 261 274 215
split_gain=32.1172 27.9246 27.4853 25.033 34.5196 22.7656 23.124 35.3262 26.5522 36.6693 22.7032 53.2978 22.5867 36.8628 23.1329 19.2498 20.1461 19.1909 18.9767 18.3265 25.227 17.9319 17.7845 17.672 18.073 17.155 16.7398 16.6619 20.0366 16.3937
threshold=0.0093341521968922907 9.4313615371341992 895.00000000000011 0.32937353963672661 418.00000000000006 0.28871286465378015 54.674851287807066 0.2510999888181687 6107.5000000000009 -0.10822594253047491 0.074575506120052204 5.0025918166765146 46.428739529248318 1872.0000000000002 -1.7521200235728169 -0.70618839209290774 24.627282286421035 9.9193362923657187 10.482213154982444 96.565109502792794 0.011695897984095326 0.0223470977169762 0.22283861823035614 960.00000000000011 10.190877144443526 1636.0000000000002 222.00000000000003 568.04498291015636 0.087928856023884561 -0.047899998724460595
decision_type=2 2 2 2 2 2 2 2 2 2 2 2 2 2 2 2 2 2 2 2 2 2 2 2 2 2 2 2 2 2
left_child=1 19 3 15 -5 6 10 8 17 -10 11 -4 14 -14 18 -2 -17 29 -7 20 -1 22 -18 24 -12 -6 -24 -25 -29 -8
right_child=2 -3 5 4 25 12 7 -9 9 -11 23 -13 13 -15 -16 16 21 -19 -20 -21 -22 -23 26 27 -26 -27 -28 28 -30 -31
leaf_value=0.01756720947455059 0.0078260093550648422 -0.0011580798848487667 0.021044292942917344 0.02853673169008045 -0.0017983731843387576 0.010136827409287062 -0.0027441946913087734 -0.001269388397120841 -0.003586094429559789 0.011379630708703681 -0.0012031905151491879 -0.0009913430336757241 -0.00029444538444599105 0.021494379885002073 -0.0028615199062648165 0.01142913486923397 -0.0018860960470543405 0.020474936651608849 -0.00042467150160318103 -0.00035794988186543878 0.0056544423502404365 -0.00076622125116405958 -0.0012277393121301295 -0.0016728147091194985 0.016399456732907696 0.015837630870183278 0.014105782071457329 -0.0029929016781230721 0.013268019030861618 0.01476447749490443
leaf_weight=160 114 437 119 61 108 92 90 595 71 98 116 575 151 147 85 111 93 127 60 218 157 2012 77 331 90 62 92 114 66 90
leaf_count=160 114 437 119 61 108 92 90 595 71 98 116 575 151 147 85 111 93 127 60 218 157 2012 77 331 90 62 92 114 66 90
internal_value=-0.00401324 0.00186285 -0.00500782 -0.00755027 0.00341102 -0.00269854 -0.00410937 -0.000227695 0.00683992 -0.00422414 -0.00704449 -0.00250358 0.00382407 0.010165 -0.00419421 -0.00856829 -0.00924059 0.0129006 0.00401274 0.00719444 0.0125 -0.00995173 -0.00131086 -0.011392 -0.00265403 -0.0048 0.00543103 -0.0148547 -0.00605405 0.0052973
internal_weight=6719 972 5747 2730 231 3017 2482 1071 476 169 1411 694 535 298 237 2499 2385 307 152 535 317 2274 262 717 206 170 169 511 180 180
internal_count=6719 972 5747 2730 231 3017 2482 1071 476 169 1411 694 535 298 237 2499 2385 307 152 535 317 2274 262 717 206 170 169 511 180 180
is_linear=0
shrinkage=0.035


Tree=49
num_leaves=31
num_cat=0
split_feature=123 256 209 60 203 115 256 93 115 13 218 134 243 270 78 49 260 118 38 261 36 258 13 14 13 243 58 136 19 148
split_gain=31.4388 25.6653 25.2781 24.7026 23.1972 21.2264 19.9278 39.2304 25.2233 22.17 20.5663 17.3301 20.774 17.1339 23.6917 18.2376 17.0562 28.9834 29.217 24.6946 19.3461 27.8183 25.9597 19.2211 18.9113 18.3132 16.8863 17.0181 17.3095 21.9164
threshold=0.0093341521968922907 12.520882905978285 9.4313615371341992 319.00000000000006 0.90671078464865873 26.500000000000004 59.767208444100866 4749.5000000000009 2445.5000000000005 38.582392150589946 11.074957830583378 0.011117311915319986 18.611600832033648 96.565109502792794 12.936584882416952 1232.5000000000002 0.19525974187993517 5922.5000000000009 3267.0000000000005 476.97500610351568 -8.5926204388272165 0.019049987196922306 28.993923763261105 0.063375740435578379 20.328076592953767 5.7532942420276569 -14.360332872351782 31.399800300598148 6077.5000000000009 789.50000000000011
decision_type=2 2 2 2 2 2 2 2 2 2 2 2 2 2 2 2 2 2 2 2 2 2 2 2 2 2 2 2 2 2
left_child=2 -2 13 6 5 -5 7 8 10 -10 -3 -7 16 14 -1 -16 17 25 26 -18 21 24 -22 -24 -21 -13 -19 -28 -29 -30
right_child=1 3 -4 4 -6 11 -8 -9 9 -11 -12 12 -14 -15 15 -17 19 18 -20 20 22 -23 23 -25 -26 -27 27 28 29 -31
leaf_value=-0.0033088977750398455 -0.00081849800347259891 -0.00079573485041360529 -0.0011175470888790612 0.012549131970485553 0.0031859634871596919 -0.0014574202919467134 -0.0011846204628186267 -0.00093988822248138634 -0.00037157437681023726 0.017590212445447454 0.00058872798683943909 -0.00089409160767683026 0.020441542544327916 -0.00034542163600014849 0.0086891924057849838 0.019180686770481375 0.013288392343140103 -0.003309595731720281 0.017130084427273328 0.011874946936247072 -0.001362755218540588 -0.0013150140270999984 0.0092674264072700203 -0.0014297696803919737 -0.00073944270337814369 -0.00048887094696308594 0.0090314153182986714 -0.0018238376013675875 0.011157872616912791 -0.00085237916068880851
leaf_weight=70 132 160 437 91 351 814 304 92 74 97 95 327 67 218 121 126 76 110 172 62 77 465 202 89 509 423 369 192 167 230
leaf_count=70 132 160 437 91 351 814 304 92 74 97 95 327 67 218 121 126 76 110 172 62 77 465 202 89 509 423 369 192 167 230
internal_value=-0.00395077 -0.00493481 0.00186285 -0.00456495 -0.00359629 -0.00428154 -0.0101572 -0.0058891 -0.0012993 0.00894886 -0.00821154 -0.00463613 -0.00356719 0.00693519 0.0120652 0.0170833 -0.0039482 -0.00182456 0.00146185 -0.00678788 -0.00784954 -0.0102882 -0.000938338 0.00390203 -0.0050434 -0.00723179 -0.000717614 0.000799585 -0.00288721 0.00130597
internal_weight=6719 5747 972 5615 4793 4442 822 518 426 171 255 4351 3537 535 317 247 3470 1990 1240 1480 1404 1036 368 291 571 750 1068 958 589 397
internal_count=6719 5747 972 5615 4793 4442 822 518 426 171 255 4351 3537 535 317 247 3470 1990 1240 1480 1404 1036 368 291 571 750 1068 958 589 397
is_linear=0
shrinkage=0.035


Tree=50
num_leaves=31
num_cat=0
split_feature=123 82 211 12 209 173 270 150 93 148 242 242 242 193 256 33 269 8 150 242 121 288 49 74 150 247 30 140 260 38
split_gain=32.2414 25.78 26.0783 23.7177 23.4426 21.0969 26.3316 27.4849 24.3053 20.0163 19.436 21.6523 39.7958 45.3368 22.8973 20.4607 20.1888 21.3921 31.4748 19.4316 38.855 25.0167 36.1725 42.8834 25.3959 24.9788 21.1809 25.2081 29.8688 18.1849
threshold=0.0093341521968922907 913.00000000000011 -0.44339204571013929 16.108958658609279 9.4313615371341992 0.28871286465378015 46.428739529248318 0.028799999505281452 1872.0000000000002 549.50000000000011 22.073223386285939 36.975607239421755 47.013827123857375 0.6860754375949395 33.933368657660459 0.19045000523328784 -6.1907081617973416 -53.078886720328398 0.075149998068809523 55.101763846422926 0.26450000703334814 1.0000000180025095e-35 1160.5000000000002 5812.5000000000009 0.033400002866983421 584.05001831054699 5907.5000000000009 6107.5000000000009 -0.10822594253047491 2243.5000000000005
decision_type=2 2 2 2 2 2 2 2 2 2 2 2 2 2 2 2 2 2 2 2 2 2 2 2 2 2 2 2 2 2
left_child=4 2 -2 9 -1 19 7 -7 -8 10 15 14 13 -13 -12 -4 -14 -18 -19 21 25 22 23 -3 -24 -21 -27 -28 -29 -26
right_child=1 5 3 -5 -6 6 8 -9 -10 -11 11 12 16 -15 -16 -17 17 18 -20 20 -22 -23 24 -25 29 26 27 28 -30 -31
leaf_value=0.0080947764189294915 0.0087251636520893454 -0.0011534959368671304 0.014439678550895974 0.0068855764464958906 -0.0010784329407682958 0.0054016721566375143 -4.5130953044713877e-05 -0.0015621717505748568 0.020654378064389623 -0.0013629122597050077 -0.00055064748484718099 -0.0015537648410725682 0.0072265909047599707 0.013646959554419387 -0.0013594075922548131 -0.0027504239579449548 -0.0012907848228780822 -0.00039655326790894732 0.01201446164685923 0.020795998453481034 -0.0013020883038753848 -0.002623771615572775 0.00043690705218178585 0.017637736768559818 -0.0011209203688304738 -0.0031926397878558705 0.015817446391871468 -0.0034095714143070597 0.010060097735171194 -9.7936370518846309e-05
leaf_weight=535 151 76 111 160 437 76 118 136 144 467 552 109 94 194 106 63 531 222 62 62 510 295 263 189 455 63 244 71 94 129
leaf_count=535 151 76 111 160 437 76 118 136 144 467 552 109 94 194 106 63 531 222 62 62 510 295 263 189 455 63 244 71 94 129
internal_value=-0.00409652 -0.00509301 -0.00747789 -0.00827915 0.0017912 -0.00278328 0.00394572 -0.00516129 0.0112734 -0.00911169 -0.00758419 -0.008624 -0.00580937 0.00511364 -0.0137255 0.00351955 -0.00945842 -0.0112256 -0.003391 -0.00408998 -0.000467112 -0.006767 -0.00432408 0.00687037 -0.00784624 0.0061039 0.00322851 0.0061715 -0.00432353 -0.0118846
internal_weight=6719 5747 2822 2671 972 2925 474 212 262 2511 2044 1870 1212 303 658 174 909 815 284 2451 1044 1407 1112 265 847 534 472 409 165 584
internal_count=6719 5747 2822 2671 972 2925 474 212 262 2511 2044 1870 1212 303 658 174 909 815 284 2451 1044 1407 1112 265 847 534 472 409 165 584
is_linear=0
shrinkage=0.035


Tree=51
num_leaves=31
num_cat=0
split_feature=123 82 209 225 82 173 4 82 183 104 242 121 247 288 49 41 150 256 2 30 183 4 153 126 126 230 31 104 137 75
split_gain=29.9142 23.8991 22.3394 21.352 36.3454 20.9478 23.1203 21.787 19.1442 18.8755 18.4191 38.1077 25.3084 23.0054 31.3024 42.1432 24.0302 21.2841 24.6235 26.7423 22.2765 18.94 18.2977 20.2987 22.1436 24.5449 20.9361 24.8767 19.5123 17.9045
threshold=0.0093341521968922907 913.00000000000011 9.4313615371341992 0.32937353963672661 418.00000000000006 0.28871286465378015 -21.929370427547983 1035.5000000000002 -0.70618839209290774 662.00000000000011 55.101763846422926 0.26450000703334814 584.05001831054699 1.0000000180025095e-35 1160.5000000000002 5922.5000000000009 0.033400002866983421 61.569819135495393 6086.0598144531259 5907.5000000000009 -0.23471429263395135 -53.568643336787964 0.04143493558818994 662.00000000000011 101.00000000000001 -1.7124289146885905 -39.062873495382391 58.500000000000007 2023.0000000000002 -10.188404070832766
decision_type=2 2 2 2 2 2 2 2 2 2 2 2 2 2 2 2 2 2 2 2 2 2 2 2 2 2 2 2 2 2
left_child=2 3 -1 8 -5 10 -7 -8 -2 -6 13 12 -12 14 15 -3 -16 -14 19 -19 -21 -17 -10 24 26 28 -24 -28 -26 -30
right_child=1 5 -4 4 9 6 7 -9 22 -11 11 -13 17 -15 16 21 -18 18 -20 20 -22 -23 23 -25 25 -27 27 -29 29 -31
leaf_value=0.0078114592442669589 0.0080493095131685313 -0.0010715520951691622 -0.0010406877878414067 0.027583099237515521 -0.0012183451205813448 0.019049193305436637 0.010426371136509049 -0.00080794589850594523 -0.0014406048860222357 0.014417116540529688 0.020068138507609197 -0.0012565152132397476 0.012705075979509727 -0.0025319396090277267 0.0004216153053554238 0.00016353475966847576 -0.00097210125516830072 -0.003086665829700777 -0.0037047070568410894 -0.0042403200777349432 0.01960744517337128 0.022856160738892066 -0.0011829722321085791 -0.0010811780666560118 -0.0011691110266296308 0.00013463762334573444 0.016982624794728889 -0.00031610309699751818 0.010412217677478833 -0.0010695457442384565
leaf_weight=535 117 91 437 61 90 123 124 227 500 84 62 510 170 295 263 60 584 61 63 70 108 114 265 441 347 522 62 178 83 72
leaf_count=535 117 91 437 61 90 123 124 227 500 84 62 510 170 295 263 60 584 61 63 70 108 114 265 441 347 522 62 178 83 72
internal_value=-0.00402365 -0.00498348 0.0016479 -0.0072798 0.00277083 -0.00275939 0.00394572 -0.000688202 -0.00819637 -0.00547486 -0.00406148 -0.000533842 0.00597403 -0.00666785 -0.00432408 0.00609259 -0.00759977 0.00308176 -0.00250814 0.00272541 0.00956284 0.0160335 -0.00885253 -0.00730127 -0.0053618 -0.00238095 -0.0113235 -0.00371429 -0.00786982 0.00240625
internal_weight=6719 5747 972 2822 235 2925 474 351 2587 174 2451 1044 534 1407 1112 265 847 472 302 239 178 174 2470 1970 1529 1024 505 240 502 155
internal_count=6719 5747 972 2822 235 2925 474 351 2587 174 2451 1044 534 1407 1112 265 847 472 302 239 178 174 2470 1970 1529 1024 505 240 502 155
is_linear=0
shrinkage=0.035


Tree=52
num_leaves=31
num_cat=0
split_feature=123 82 83 12 211 173 13 1 187 163 9 71 99 256 140 22 259 261 222 256 126 13 93 193 82 123 258 270 224 247
split_gain=29.0431 23.8661 21.2062 21.051 20.741 20.3964 22.8232 25.8136 24.4771 20.6027 18.9486 18.7967 18.2802 33.914 27.7918 23.1517 21.8571 18.3806 29.5167 18.1441 17.8489 17.5919 17.0848 18.1871 17.1836 29.128 22.1007 18.2114 19.6271 16.7673
threshold=0.0093341521968922907 913.00000000000011 23.500000000000004 16.108958658609279 -0.46117666757687131 0.23005875297745318 40.807194268467846 697.50000000000011 -7.5470774350497265e-05 0.48484590789763121 -1.3597166834506427 3156.5000000000005 0.28145000338554388 59.767208444100866 6107.5000000000009 0.2510999888181687 -0.169162913492897 568.20498657226574 8.6872636701900809 82.608157144414136 945.00000000000011 66.937777795791888 544.50000000000011 0.93680514112641533 519.50000000000011 0.013793112217694865 0.011250004172325136 56.970562072052708 0.99999999997935973 610.42498779296886
decision_type=2 2 2 2 2 2 2 2 2 2 2 2 2 2 2 2 2 2 2 2 2 2 2 2 2 2 2 2 2 2
left_child=2 3 21 4 19 9 7 -7 -9 12 -6 -8 13 16 15 -15 -3 -18 -19 -2 22 -1 -12 24 26 -26 -24 28 -28 -25
right_child=1 5 -4 -5 10 6 11 8 -10 -11 20 -13 -14 14 -16 -17 17 18 -20 -21 -22 -23 23 29 25 -27 27 -29 -30 -31
leaf_value=0.021306571819516364 0.015195757489074289 -0.0017765688720386436 -0.00012958530178197342 0.0072323956342354384 -0.0024768377745587561 -0.0025744483755969065 0.022681788238629243 -0.00076004460264191584 0.0077289397480085975 -0.0019414068467212427 -0.0015012599854412041 0.0034008466324358072 -0.00113776538254143 0.016209794403385387 -0.0032910863603616055 -0.0011825873152346551 -0.00056769390390392694 0.017664177828943209 -0.0016377843694690287 -0.0025335832992361865 -0.0014527075977610899 0.0042158779275043492 0.0124208707499324 -0.00084854019975143583 0.0006269135338341803 -0.0010970600233519234 0.015036171574535604 -0.00063719704607105142 -0.00026123166767178939 -9.5118356977686729e-05
leaf_weight=62 66 174 832 175 142 120 90 108 221 264 146 66 528 269 78 125 683 100 99 69 306 78 125 221 219 457 80 548 82 186
leaf_count=62 66 174 832 175 142 120 90 108 221 264 146 66 528 269 78 125 683 100 99 69 306 78 125 221 219 457 80 548 82 186
internal_value=-0.00394036 -0.00488613 0.0016479 -0.00718076 -0.00795814 -0.00266382 0.00304098 -0.0010022 0.00408683 -0.00415484 -0.008677 0.0143478 -0.00295488 -0.00100457 0.00675052 0.0105263 -0.00448633 -0.0022097 0.00703431 0.00525 -0.00789895 0.014 -0.00669889 -0.00578783 -0.00399406 -0.00812041 -0.000625 -0.00303497 0.00712575 -0.012318
internal_weight=6719 5747 972 2822 2647 2925 605 449 329 2320 2512 156 2056 1528 472 394 1056 882 199 135 2370 140 2064 1918 1511 676 835 710 162 407
internal_count=6719 5747 972 2822 2647 2925 605 449 329 2320 2512 156 2056 1528 472 394 1056 882 199 135 2370 140 2064 1918 1511 676 835 710 162 407
is_linear=0
shrinkage=0.035


Tree=53
num_leaves=31
num_cat=0
split_feature=260 126 104 93 183 258 102 2 104 38 93 36 274 203 223 160 218 219 272 256 281 20 49 126 93 38 34 270 231 163
split_gain=32.2935 27.1733 24.5909 25.0327 27.6425 25.8671 25.2061 24.5597 44.1085 26.1913 29.5278 24.3145 21.7826 25.2705 20.8234 20.8096 31.8034 19.9856 19.5432 19.0635 18.3748 22.7171 21.5112 15.9982 17.8497 19.7326 17.5925 17.574 15.6733 15.1077
threshold=0.25266246329172309 361.50000000000006 2753.5000000000005 4551.0000000000009 0.48343222797141228 0.012000016868114473 -4.9684880574544268 6203.7399902343759 220.00000000000003 132.00000000000003 2347.5000000000005 -9.8894310747327818 0.39153446312685486 0.87385520019502427 2.4881988226964773 0.047500006854534156 80.205260935436897 -32.248022549138419 -0.012549996376037596 40.666610464733658 1.0000000180025095e-35 40.200630644889884 979.50000000000011 477.00000000000006 141.50000000000003 4591.5000000000009 5.8159998484903497 120.90879846346881 6.4872746106747767 0.42475116489715942
decision_type=2 2 2 2 2 2 2 2 2 2 2 2 2 2 2 2 2 2 2 2 2 2 2 2 2 2 2 2 2 2
left_child=1 11 3 4 5 -2 -6 8 9 -8 -11 -1 13 19 -9 18 28 -14 -3 -10 23 -22 -23 -20 26 27 -25 -26 -17 -16
right_child=2 15 -4 -5 6 -7 7 14 12 10 -12 -13 17 -15 29 16 -18 -19 20 -21 21 22 -24 24 25 -27 -28 -29 -30 -31
leaf_value=-0.00077613916207406491 0.011612327276263813 0.0076062055791877199 0.0061525549926548942 -0.00097925384245299736 -0.00079704285178502097 -0.0013613426820306381 0.014394100802867854 0.0093555090972069314 -0.0013925178523827542 -0.00043623287597248459 -0.0015409775005347105 0.014275876618780986 0.0011730844688383859 0.016572318865967821 -0.0012093543679937797 0.015642451599266898 -0.0023210634890423044 0.014299274451624292 -0.0021635946570144819 0.011422677318927809 0.017461779824682593 0.01416549176526 -0.0037988293392171471 -0.0016886415637181165 -0.000823196021530121 0.013002794072211636 -0.00043115732358720406 0.0096345784069746532 0.0068635285149825313 -0.00029265641991723935
leaf_weight=160 114 75 98 184 453 697 80 89 98 310 96 187 87 70 152 75 61 184 187 75 143 140 98 151 1869 175 139 150 114 208
leaf_count=160 114 75 98 184 453 697 80 89 98 310 96 187 87 70 152 75 61 184 187 75 143 140 98 151 1869 175 139 150 114 208
internal_value=-0.003982 -0.00180209 -0.006685 -0.00727257 -0.00639993 -0.0117953 -0.00407446 -0.00180536 0.00125373 -0.00627291 -0.00987835 0.00745739 0.00836224 0.000705645 -0.00855727 -0.00276316 0.00686275 0.0150906 -0.00354246 -0.00648876 -0.0039843 0.00317358 -0.00345679 -0.00500934 -0.00424669 -0.00315143 -0.012339 -0.00413291 0.0138918 -0.012274
internal_weight=6719 3724 2995 2897 2713 811 1902 1449 1000 486 406 347 514 243 449 3377 250 271 3127 173 3052 381 238 2671 2484 2194 290 2019 189 360
internal_count=6719 3724 2995 2897 2713 811 1902 1449 1000 486 406 347 514 243 449 3377 250 271 3127 173 3052 381 238 2671 2484 2194 290 2019 189 360
is_linear=0
shrinkage=0.035


Tree=54
num_leaves=31
num_cat=0
split_feature=104 199 256 125 203 6 271 90 195 150 247 27 115 213 33 115 137 260 205 153 25 127 263 57 41 67 221 260 82 148
split_gain=32.5704 24.7108 21.8163 23.233 23.0853 20.4676 17.8557 16.9989 20.6917 15.044 21.0333 20.7419 16.275 33.1371 21.9968 21.1797 18.0868 22.8655 22.1778 17.2748 16.0605 15.6193 20.2311 19.2402 16.7344 30.4901 16.6209 27.4242 27.2565 29.3863
threshold=184.00000000000003 8.6482192377512508 12.520882905978285 35.542499542236335 0.94765039442399013 35.156611501487156 6.4941586302985259 0.025974053050291313 0.0090738794459966684 0.021150004118680957 592.96499633789074 368.50000000000006 2447.0000000000005 10.459453370549326 0.14895000308752063 2275.5000000000005 1559.0000000000002 -0.44962736325474667 0.021614953399333014 0.46231597451098511 -12.196125210018174 104.50000000000001 -0.090664883810043215 0.018099944264725918 5687.5000000000009 12.479493103557695 40.508637684718977 -0.21858637002561088 1265.0000000000002 668.50000000000011
decision_type=2 2 2 2 2 2 2 2 2 2 2 2 2 2 2 2 2 2 2 2 2 2 2 2 2 2 2 2 2 2
left_child=5 -2 -3 6 9 7 -4 8 -1 10 11 -5 15 14 -14 16 17 -11 19 -18 -12 23 -23 24 -19 -26 27 -25 29 -28
right_child=1 2 3 4 -6 -7 -8 -9 -10 12 20 -13 13 -15 -16 -17 18 21 -20 -21 -22 22 -24 26 25 -27 28 -29 -30 -31
leaf_value=0.0027791097354699238 0.008704721272612459 -0.00082854375783925744 -0.00030442432438979988 0.009947495214625195 0.010686062696569954 0.0087768031257450356 -0.001324489272619814 -5.751532999761278e-05 -0.00096830349942735885 -0.0017296785132086974 0.0037102029590299515 -0.0017030081232265592 0.00026235254145531633 0.0098850827860090928 -0.0016513943047198488 0.012840311905030381 -0.0011554788974877785 -0.0014795651068663228 0.010097490167672168 8.2308175082930493e-05 0.016960054260612884 -0.0019290504069586552 0.014733422820841729 0.016606203674185051 -0.0015579323078567504 0.016136800415645521 8.5364316883224391e-05 -0.0015431777388200242 0.01231457019574061 -0.0017908872681385497
leaf_weight=73 118 128 474 124 146 61 638 226 581 222 60 202 71 102 387 93 353 94 72 102 76 86 178 62 76 116 514 660 404 220
leaf_count=73 118 128 474 124 146 61 638 226 581 222 60 202 71 102 387 93 353 94 72 102 76 86 178 62 76 116 514 660 404 220
internal_value=-0.00400283 -0.00301401 -0.00334863 -0.00300885 -0.00186667 -0.0100264 -0.00752014 -0.0113898 -0.0142337 -0.00233933 0.00359743 -0.00126888 -0.00306261 -0.00854867 -0.0125486 -0.00210623 -0.00259956 -0.0014069 -0.00848684 -0.011337 0.0148936 -0.000405797 0.00754647 -0.00139935 0.00697595 0.0127919 -0.00270241 -0.00683631 -6.12423e-05 -0.00407307
internal_weight=6719 5778 5660 5532 4420 941 1112 880 654 4274 462 326 3812 560 458 3252 3159 2632 527 455 136 2410 264 2146 286 192 1860 722 1138 734
internal_count=6719 5778 5660 5532 4420 941 1112 880 654 4274 462 326 3812 560 458 3252 3159 2632 527 455 136 2410 264 2146 286 192 1860 722 1138 734
is_linear=0
shrinkage=0.035


Tree=55
num_leaves=31
num_cat=0
split_feature=260 6 258 126 126 10 36 16 82 6 247 160 38 115 93 89 22 261 146 281 20 19 169 256 274 60 211 261 13 126
split_gain=33.4699 26.4445 24.4443 24.1948 24.1229 22.1138 21.519 20.0166 20.1267 27.749 26.4265 18.5832 32.0856 18.6323 20.8624 17.8449 22.2694 16.0166 15.9055 15.4572 23.661 22.3865 15.4037 15.1517 14.44 16.403 28.2459 14.3362 16.2868 14.3246
threshold=0.25266246329172309 39.845677344180451 0.0087999850511550921 361.50000000000006 307.00000000000006 12.106510324960622 -9.8894310747327818 2.3063355075869656 366.50000000000006 10.376604168864445 609.70999145507824 0.047500006854534156 1065.5000000000002 26.500000000000004 34.000000000000007 11.688849339274887 0.11284999921917917 563.29498291015636 -0.73988435533603203 1.0000000180025095e-35 40.200630644889884 5792.5000000000009 14.380966024755443 113.74180773123568 0.16033169195572436 696.00000000000011 0.41496830967745152 487.61999511718756 47.708893345202426 480.50000000000006
decision_type=2 2 2 2 2 2 2 2 2 2 2 2 2 2 2 2 2 2 2 2 2 2 2 2 2 2 2 2 2 2
left_child=3 2 4 6 -2 -4 -1 8 15 10 24 13 -13 23 -15 16 -7 -12 22 29 -21 -22 -19 -5 -10 26 -26 -17 -29 -16
right_child=1 -3 5 11 -6 7 -8 -9 9 -11 17 12 -14 14 19 27 -18 18 -20 20 21 -23 -24 -25 25 -27 -28 28 -30 -31
leaf_value=-0.00072914734996246328 -0.00051308474909447571 0.013801343410301037 -0.0024866590179104093 0.010975087105497423 0.021228727921736645 -0.00068362021036845336 0.013697875499205861 -0.00091190339470591697 -0.00079542120685390579 -0.00065447663672355504 -0.00098343030074445189 -0.0016047217938249812 0.012383277145850635 -0.0040753312115099161 -0.0018625687453356556 -0.00020999892670589828 0.0003626680596733617 0.010321685011962709 0.013607117191821831 0.016904628751677406 0.015369805009464417 -0.0029056148267157284 -0.0030981703256763404 -0.0024332531490163828 -0.0014050863239256949 0.015719002629178566 0.0096981441693855946 -0.00033576930581244284 -0.0017232684963219159 -0.00055476233539898364
leaf_weight=160 106 65 74 65 105 82 187 1217 124 95 170 78 172 73 201 83 121 83 61 143 68 136 62 71 62 198 84 63 140 2370
leaf_count=160 106 65 74 65 105 82 187 1217 124 95 170 78 172 73 201 83 121 83 61 143 68 136 62 71 62 198 84 63 140 2370
internal_value=-0.00409652 -0.00684833 -0.00734583 -0.00187718 0.00405093 -0.00823605 0.0068608 -0.00767358 -0.00483601 -0.00181674 0.00024735 -0.00278386 0.00631373 -0.00352011 -0.00410047 -0.0105567 -0.00252404 -0.00661417 0 -0.00361615 0.00328125 -0.00435407 -0.0063 0.00893617 0.00577167 0.00942693 0.000463576 -0.0161168 -0.0210337 -0.00455163
internal_weight=6719 2995 2930 3724 211 2719 347 2645 1428 939 844 3377 250 3127 2991 489 203 376 206 2918 347 204 145 136 468 344 146 286 203 2571
internal_count=6719 2995 2930 3724 211 2719 347 2645 1428 939 844 3377 250 3127 2991 489 203 376 206 2918 347 204 145 136 468 344 146 286 203 2571
is_linear=0
shrinkage=0.035


Tree=56
num_leaves=31
num_cat=0
split_feature=260 6 104 258 195 260 126 19 10 93 183 69 183 274 38 31 137 126 38 179 116 31 171 110 211 17 19 23 104 93
split_gain=34.6158 26.5583 23.7165 23.4006 22.3833 24.5107 21.7316 21.27 20.5926 22.3946 23.3767 22.0356 23.5661 29.492 23.0011 21.8587 20.7238 19.9446 19.6411 19.4276 18.8974 18.807 18.4957 17.1013 17.5389 19.3331 16.4365 15.7098 18.7345 23.6944
threshold=0.25266246329172309 39.845677344180451 2753.5000000000005 0.0087999850511550921 0.0083252179448919314 -0.062527392738251933 307.00000000000006 5327.5000000000009 12.106510324960622 4551.0000000000009 0.48343222797141228 -5.5511086365421978 0.80946712224159834 0.23060338014320814 1020.5000000000001 -42.604732145436465 1504.0000000000002 284.00000000000006 326.50000000000006 13.412972647107766 14.500000000000002 -59.954592098861994 0.14877500012516978 0.51710000634193432 0.42936258514210279 1.0538251681957436 6217.5000000000009 7.1397412221524155 1024.0000000000002 95.000000000000014
decision_type=2 2 2 2 2 2 2 2 2 2 2 2 2 2 2 2 2 2 2 2 2 2 2 2 2 2 2 2 2 2
left_child=4 2 3 6 5 -1 -2 -6 -5 10 16 14 13 17 15 -12 -10 -13 -14 -17 -7 -15 -18 24 27 -26 -23 28 -9 -30
right_child=1 -3 -4 8 7 20 -8 23 9 -11 11 12 18 21 -16 19 22 -19 -20 -21 -22 26 -24 -25 25 -27 -28 -29 29 -31
leaf_value=-0.0012184771154422976 -0.00049512678287616898 0.013318296390940501 0.0070158680752076489 -0.0023996259522835435 0.017506694646245029 0.022988769463465557 0.021047457077528853 -0.00084117930119515134 -0.00093182426048908954 -0.0010953862824578569 -0.0012409097981666585 0.0093009293111726652 0.00024717059673544709 -0.0017541435854091783 -0.0011555766897614313 0.015279440929395509 -0.00034851242780725245 -0.0016926902572145421 -0.00074810410600850143 -0.00027051480283741023 0.0039868620987366845 0.010587872068990012 -0.0020627530855052839 -0.0040673673193573484 0.017896720106888614 -0.00032528070370366761 8.4413128599444834e-06 0.0073077402073429077 -0.0022470294997950732 -0.0002252628195762424
leaf_weight=155 106 65 95 74 77 96 100 931 524 157 217 74 98 83 214 69 60 107 163 326 78 209 164 118 94 130 90 143 92 1810
leaf_count=155 106 65 95 74 77 96 100 931 524 157 217 74 98 83 214 69 60 107 163 326 78 209 164 118 94 130 90 143 92 1810
internal_value=-0.00409652 -0.006895 -0.00739353 -0.00797359 -0.00183964 0.00681138 0.00331754 -0.00268676 -0.00886295 -0.00829883 -0.00742821 -0.00507553 -0.00101327 0.00301937 -0.00909747 -0.00555916 -0.0125498 -0.00846774 -0.00960526 -0.0006125 0.0156425 0.00850129 -0.0213974 -0.00311766 -0.0026209 0.00672489 0.0125493 -0.00333445 -0.00390944 -0.00190876
internal_weight=6719 2995 2930 2835 3724 329 206 3395 2629 2555 2398 1650 824 563 826 612 748 181 261 395 174 382 224 3318 3200 224 299 2976 2833 1902
internal_count=6719 2995 2930 2835 3724 329 206 3395 2629 2555 2398 1650 824 563 826 612 748 181 261 395 174 382 224 3318 3200 224 299 2976 2833 1902
is_linear=0
shrinkage=0.035


Tree=57
num_leaves=31
num_cat=0
split_feature=260 6 104 195 260 116 151 171 261 44 4 93 153 19 242 4 19 183 183 52 114 49 203 110 274 2 242 108 169 137
split_gain=33.2167 26.4445 23.5841 21.5953 23.5118 20.4218 19.3651 29.1494 23.1791 32.8173 20.037 19.8431 20.4456 19.3501 17.7087 17.6206 20.7246 30.4214 50.4835 26.6318 23.8248 21.8116 17.9577 17.0446 15.2474 25.473 20.0886 18.2979 16.2088 15.5488
threshold=0.25266246329172309 39.845677344180451 2753.5000000000005 0.0083252179448919314 -0.062527392738251933 14.500000000000002 0.21532499790191653 0.19492499902844432 487.61999511718756 0.29434999823570257 -18.789851358860577 3369.5000000000005 0.91730205440246981 5327.5000000000009 46.459576185739316 16.052172829653518 6227.5000000000009 0.81980530097475068 0.48417105431359458 6322.5000000000009 48.613149642944343 1352.0000000000002 0.77131934291371484 0.51710000634193432 0.206874925788851 5817.7849121093759 18.509119034337257 -33.173344758665174 12.571028071112424 126.00000000000001
decision_type=2 2 2 2 2 2 2 2 2 2 2 2 2 2 2 2 2 2 2 2 2 2 2 2 2 2 2 2 2 2
left_child=3 2 6 4 -1 -6 7 11 9 -8 -10 12 15 -5 -13 16 17 18 21 -18 -21 -2 -20 24 26 -26 -15 28 -28 -29
right_child=1 -3 -4 13 5 -7 8 -9 10 -11 -12 14 -14 23 -16 -17 19 -19 22 20 -22 -23 -24 -25 25 -27 27 29 -30 -31
leaf_value=-0.0011758304164018163 -0.0019566738155848595 0.012852156017257583 0.0067703126925753804 0.016893960333626452 0.022184162532244263 0.0038473219252809004 0.027713426445409819 0.010758728012265868 -0.0010766520054047344 -0.0013196752964934168 -0.0021532924122955382 -0.00092138677517417838 0.017199934294463592 -0.0013790925966876261 0.0012650595673148225 -0.00054299647261638691 -0.00071266372762961475 -0.00072945185266090184 0.00085468555423656636 -0.0012626696819738918 0.012162847635550495 2.7343432194207596e-05 0.014618696053225001 -0.0039250094631798427 -0.0020618253276150867 0.0087610369384504058 0.010969100528251011 -0.0013118646447363017 -0.0015478544802779166 -0.00039763264263286666
leaf_weight=155 95 65 95 77 96 78 72 91 104 269 320 329 69 73 65 296 242 131 177 158 118 122 177 118 63 340 85 410 61 2168
leaf_count=155 95 65 95 77 96 78 72 91 104 269 320 329 69 73 65 296 242 131 177 158 118 122 177 118 63 340 85 410 61 2168
internal_value=-0.00410693 -0.00684833 -0.00734583 -0.00189595 0.0066018 0.0152514 -0.0079243 -0.00613976 -0.0126818 -0.0057659 -0.0181119 -0.00703881 -0.00526101 -0.00272794 -0.0140351 -0.00612097 -0.00422857 -0.00029703 0.00322049 -0.00950287 -0.00199288 -0.00993243 0.0113092 -0.00313873 -0.00264275 0.00368873 -0.00355996 -0.0030524 0.00880795 -0.00373984
internal_weight=6719 2995 2930 3724 329 174 2835 2070 765 341 424 1979 1585 3395 394 1516 1220 702 571 518 276 217 354 3318 3200 403 2797 2724 146 2578
internal_count=6719 2995 2930 3724 329 174 2835 2070 765 341 424 1979 1585 3395 394 1516 1220 702 571 518 276 217 354 3318 3200 403 2797 2724 146 2578
is_linear=0
shrinkage=0.035


Tree=58
num_leaves=31
num_cat=0
split_feature=260 6 6 10 16 126 183 261 273 93 115 183 49 225 160 7 150 146 213 216 26 269 71 220 115 183 173 93 151 232
split_gain=32.4831 25.9915 24.2025 23.7831 23.5044 21.4511 21.96 25.4426 21.0866 20.2426 29.5807 20.0428 19.7416 19.4785 19.3305 32.1801 18.4629 17.8697 17.0529 16.8755 15.4375 13.8066 13.7078 17.7116 13.6417 16.0832 13.4209 19.5479 24.2354 23.7343
threshold=0.25266246329172309 39.845677344180451 10.376604168864445 12.106510324960622 2.3063355075869656 361.50000000000006 0.28866727577454371 566.20999145507824 0.29518914624860648 1354.5000000000002 355.50000000000006 0.73895000198510508 3677.5000000000005 0.11765947025817734 0.047500006854534156 -80.059456480103378 0.021150004118680957 -1.422158053419784 9.3841676198515049 34.968888146475834 32.641500473022468 6.1594200362596885 2157.5000000000005 7.4287758053318216 26.500000000000004 -0.92846770847698779 -0.59970709470188599 412.50000000000006 0.15510000102221969 13.625463750526203
decision_type=2 2 2 2 2 2 2 2 2 2 2 2 2 2 2 2 2 2 2 2 2 2 2 2 2 2 2 2 2 2
left_child=5 2 3 -2 11 9 8 18 14 10 -1 12 20 -13 22 -16 -6 -18 -8 -14 -5 -4 24 -24 -7 -26 -27 -28 -29 -30
right_child=1 -3 21 4 16 6 7 -9 -10 -11 -12 13 19 -15 15 -17 17 -19 -20 -21 -22 -23 23 -25 25 26 27 28 29 -31
leaf_value=0.009071539557392384 -0.0023677970746515207 0.012402330556653568 -0.00064098896043944152 -0.00053611261442469314 0.014262657298732656 0.0067302062983356616 0.00010050833452104725 0.0036176516859025617 0.0031649571452809361 0.01680035079804227 -0.0027250973352863921 -0.0001160389820204727 0.019537287925016533 -0.0011925694229610046 -0.0019896614411485576 0.012135313489716963 -0.0023804841034162911 -0.00075071485290073526 -0.001495572057601803 -0.00011471102764511827 0.0037272671423807247 -6.0575595864350579e-05 0.021545161474104072 -0.00071313940308561036 -0.0025964703463524515 9.4274006221915519e-05 -0.0017860988898543459 -0.0016565180491624383 0.0014403240632390709 -0.0021158823480936784
leaf_weight=75 84 65 373 563 61 108 62 65 617 143 129 304 107 170 61 118 164 804 228 88 141 71 65 211 102 411 275 233 513 308
leaf_count=75 84 65 373 563 61 108 62 65 617 143 129 304 107 170 61 118 164 804 228 88 141 71 65 211 102 411 275 233 513 308
internal_value=-0.00395077 -0.00666167 -0.00715503 -0.00578884 -0.0051184 -0.00176455 -0.00261827 -0.0107917 -0.00164189 0.00646307 -0.000669856 -0.00210813 0.00096792 -0.00789144 -0.00312241 0.00779891 -0.00910542 -0.0102878 -0.0151864 0.010675 -0.00177715 -0.0146548 -0.00401614 0.00323843 -0.00504859 -0.00576069 -0.0049341 -0.00663793 -0.00442871 -0.0015678
internal_weight=6719 2995 2930 2486 2402 3724 3377 355 3022 347 204 1373 899 474 2405 179 1029 968 290 195 704 444 2226 276 1950 1842 1740 1329 1054 821
internal_count=6719 2995 2930 2486 2402 3724 3377 355 3022 347 204 1373 899 474 2405 179 1029 968 290 195 704 444 2226 276 1950 1842 1740 1329 1054 821
is_linear=0
shrinkage=0.035


Tree=59
num_leaves=31
num_cat=0
split_feature=260 6 6 258 221 13 82 256 254 108 13 42 82 36 275 272 49 13 126 12 19 183 261 71 220 10 163 13 258 222
split_gain=29.0982 25.5424 22.4449 35.5374 25.8633 26.1056 19.2361 25.0682 30.5899 34.2932 27.5657 24.6575 22.4493 21.8168 19.457 18.8894 33.8942 19.6689 19.4746 21.672 22.7531 18.1929 23.1516 19.1838 37.1701 20.3858 19.2373 28.5709 21.1243 18.8521
threshold=0.25266246329172309 39.845677344180451 10.376604168864445 0.0087999850511550921 17.766720808103702 22.073223386285939 326.50000000000006 31.194281363427027 17.430606212180958 -12.063534105301031 43.541845371891192 15.445580185015075 1454.0000000000002 -7.941612511204089 -0.80758043092654652 0.030850008130073551 1981.5000000000002 47.522587617904335 361.50000000000006 3.2912549263188535 5537.5000000000009 0.28866727577454371 566.20999145507824 2157.5000000000005 7.2639018193406324 27.974012824051751 -0.29229663484558838 31.354589077671886 0.026000000536441806 14.324136284380801
decision_type=2 2 2 2 2 2 2 2 2 2 2 2 2 2 2 2 2 2 2 2 2 2 2 2 2 2 2 2 2 2
left_child=15 2 3 -2 -5 -6 13 11 9 10 -9 -8 14 -7 -12 18 17 -17 19 -1 -21 23 -23 26 -25 -26 27 -20 29 -29
right_child=1 -3 -4 4 5 6 7 8 -10 -11 12 -13 -14 -15 -16 16 -18 -19 21 20 -22 22 -24 24 25 -27 -28 28 -30 -31
leaf_value=-0.0014903606792412791 0.006740994038679048 0.011968248987170691 -0.00058100130430532003 -0.0020532184410049265 0.0081909595257939893 -0.00056604681929685069 0.0068003510544488921 0.014120584973460311 -0.0031813794800621656 -0.00069090046076641877 0.010361907272638252 -0.0020872990864577046 -0.0036366131979425091 -0.0015810582907863761 -0.0004735040920158385 0.022319073492941731 0.013397376974564834 -0.0016439891981008959 0.019720967493480391 -0.0026297189285513691 0.017139079240577712 -0.001260277987469083 0.0029623541875088413 0.025023359108706202 -0.0035905314037813648 0.0090130500574774307 -0.001109475634076811 0.0015857608071848084 -0.0033211225313124907 -0.0012613661600491834
leaf_weight=68 170 65 444 149 156 494 88 198 141 316 113 165 67 170 259 60 113 245 91 63 146 255 62 99 103 169 1247 466 74 463
leaf_count=68 170 65 444 149 156 494 88 198 141 316 113 165 67 170 259 60 113 245 91 63 146 255 62 99 103 169 1247 466 74 463
internal_value=-0.00390913 -0.006475 -0.00696422 -0.00564833 -0.00678587 -0.00578499 -0.00685764 -0.00442678 -0.00210191 0.000182672 0.00485202 -0.0142442 -7.88288e-05 -0.011719 0.00334218 -0.00183964 0.00513002 -0.00101613 -0.00272727 0.00608156 0.0116121 -0.00354153 -0.011413 -0.00260213 0.00474734 -0.00202166 -0.00377451 -0.000382166 -0.00211806 -0.000637045
internal_weight=6719 2995 2930 2486 2316 2167 2011 1347 1094 953 637 253 439 664 372 3724 418 305 3306 277 209 3029 317 2712 371 272 2341 1094 1003 929
internal_count=6719 2995 2930 2486 2316 2167 2011 1347 1094 953 637 253 439 664 372 3724 418 305 3306 277 209 3029 317 2712 371 272 2341 1094 1003 929
is_linear=0
shrinkage=0.035


Tree=60
num_leaves=31
num_cat=0
split_feature=260 6 163 6 258 221 213 222 203 137 203 195 260 116 19 160 203 137 4 102 7 137 132 170 274 52 242 260 242 270
split_gain=31.1969 25.7104 22.5049 24.5473 30.4418 26.718 24.9268 21.0189 22.3117 25.1962 23.5471 18.799 21.5763 19.3623 18.8834 18.47 19.6668 17.337 25.9786 19.9062 17.0774 16.0969 15.5968 16.0488 15.8843 28.9923 27.4189 22.1122 17.5063 19.1514
threshold=0.25266246329172309 39.845677344180451 0.9754563100698096 10.376604168864445 0.0087999850511550921 17.766720808103702 10.459453370549326 11.639291850534779 0.90671078464865873 851.50000000000011 0.75172034277743227 0.0083252179448919314 -0.062527392738251933 9.5000000000000018 5327.5000000000009 0.034550003707408912 0.86286712217569439 1202.0000000000002 -19.385352590659167 -4.8733323488124531 -25.327273788141643 918.00000000000011 0.53065001964569103 -0.018399998545646664 0.1991578196389451 6317.5000000000009 33.087535270066589 0.12960885953584006 18.509119034337257 36.247001061631082
decision_type=2 2 2 2 2 2 2 2 2 2 2 2 2 2 2 2 2 2 2 2 2 2 2 2 2 2 2 2 2 2
left_child=11 2 3 4 -2 -6 7 8 9 20 -11 12 -1 -14 -13 16 -12 19 -19 -9 -7 -21 23 -16 28 26 -26 -28 -25 -30
right_child=1 -3 -4 -5 5 6 -8 17 -10 10 15 14 13 -15 22 -17 -18 18 -20 21 -22 -23 -24 24 25 -27 27 -29 29 -31
leaf_value=-0.0011402895434152627 0.011492081551729233 0.01154936027261972 -0.00066824725680842312 -0.00058446876927235327 -0.0019813557955697544 -0.00087834453791963145 0.0070230749472606994 -0.0032234189363920243 0.00031021875021091717 -0.0012604493416941303 0.00037087647198834702 0.016243870503480289 0.022958477780068338 0.0065441994541257549 0.0074207433058079818 0.0013828690844269449 -0.0013564912011107735 0.0097385115959423632 -0.0017456209311417904 -0.00130057768751622 0.017863704861835205 0.0071895326986001606 -0.0036167763594917466 -0.0013198769232556297 -0.0017703186821085455 0.014117619954368455 -0.0019590550569498198 0.014896587368705298 0.015058874389250259 -0.00066181581128640704
leaf_weight=155 150 65 77 433 149 70 103 66 332 268 64 77 81 93 83 90 104 63 459 278 102 122 133 73 67 103 127 125 91 2516
leaf_count=155 150 65 77 433 149 70 103 66 332 268 64 77 81 93 83 90 104 63 459 278 102 122 133 73 67 103 127 125 91 2516
internal_value=-0.00388831 -0.006545 -0.00703578 -0.0065028 -0.00510928 -0.00612308 -0.00508702 -0.00595156 -0.00243478 -0.0059744 -0.00975518 -0.00174578 0.00618263 0.0144693 -0.00252206 -0.00212928 -0.00890173 -0.00958711 -0.0139469 -0.00460722 0.00553672 -0.00155556 -0.00292808 -0.00242476 -0.00283875 0.00344262 -0.00183642 0.00354086 -0.0038324 -0.00333652
internal_weight=6719 2995 2930 2853 2420 2270 2121 2018 1030 698 526 3724 329 174 3395 258 168 988 522 466 172 400 3318 3185 3102 422 319 252 2680 2607
internal_count=6719 2995 2930 2853 2420 2270 2121 2018 1030 698 526 3724 329 174 3395 258 168 988 522 466 172 400 3318 3185 3102 422 319 252 2680 2607
is_linear=0
shrinkage=0.035


Tree=61
num_leaves=31
num_cat=0
split_feature=183 256 17 183 6 165 121 126 82 203 137 129 2 260 150 30 11 274 10 256 217 115 88 56 224 71 27 140 13 82
split_gain=32.1879 27.736 23.1845 22.6276 22.3973 23.0621 22.8863 20.3381 19.1449 22.3029 18.7344 17.4855 45.979 19.9212 17.5567 30.6141 18.9641 17.0626 21.4966 15.591 15.1802 15.1184 15.0282 27.0473 23.8007 26.4976 21.049 22.6974 41.5795 28.1444
threshold=0.94747801444070079 12.520882905978285 51.603926743202251 0.97897090080245019 35.156611501487156 0.020240014767027383 0.094600003212690367 1919.0000000000002 361.50000000000006 0.94903325920551218 772.50000000000011 6417.5000000000009 6391.4899902343759 -0.062527392738251933 0.018800001591444019 5892.5000000000009 100.51328013964721 0.89295098575291454 72.317504473090239 33.740846943435947 25.652864118919393 33.500000000000007 0.14214999973773959 4.9491825502247986 1.0000000180025095e-35 2027.5000000000002 1818.0000000000002 5697.5000000000009 55.101763846422926 469.50000000000006
decision_type=2 2 2 2 2 2 2 2 2 2 2 2 2 2 2 2 2 2 2 2 2 2 2 2 2 2 2 2 2 2
left_child=1 -1 4 -2 5 7 -7 10 17 11 -3 12 14 -13 15 16 21 18 -8 -12 -15 -10 23 24 25 -16 -24 -28 29 -29
right_child=3 2 -4 -5 -6 6 8 -9 9 -11 19 13 -14 20 22 -17 -18 -19 -20 -21 -22 -23 26 -25 -26 -27 27 28 -30 -31
leaf_value=-0.00097450513160164903 -0.00092140826572943539 0.0074675705131906573 -0.0041923027268142669 1.1784912515977464e-05 0.01190323794576912 0.011068903340499557 -0.00018382582896014966 -0.0017961193193195154 0.003607749220601746 0.0093277100715391543 0.0030063740636197141 -0.0052521945459167649 0.014439369557383824 -0.0019480573828848703 -0.0023696131328540368 0.020778887237446787 0.016196922860233626 0.010627347419422555 -0.00092838650759314808 -0.0014811646975756577 0.01310917442757685 -0.0023668116714658858 -0.0008740335370748004 -0.0020818605126840394 -0.00061140255947443774 0.026094015402625105 -0.001832975191022904 0.010266640051127787 0.010768776580291349 -0.00078084607485080066
leaf_weight=135 178 426 76 73 76 97 295 113 63 123 60 74 110 210 88 134 85 63 391 111 79 158 1921 130 271 73 84 90 273 659
leaf_count=135 178 426 76 73 76 97 295 113 63 123 60 74 110 210 88 134 85 63 391 111 79 158 1921 130 271 73 84 90 273 659
internal_value=-0.00381544 -0.00333076 -0.00298754 -0.0159961 -0.00274433 -0.00298173 -0.00375183 0.00293706 -0.00406023 -0.00321274 0.00552326 -0.00361882 -0.00296453 -0.0109375 -0.00358329 0.00298876 -0.00315113 -0.0092374 -0.0108394 -0.00417614 -0.00654762 -0.0085177 -0.00439204 -0.00962963 -0.00528604 0.00527108 -0.00340534 0.000441044 0.00190847 -0.00236737
internal_weight=6719 6468 6333 251 6257 6181 5471 710 5374 4625 597 4502 4139 363 4029 440 306 749 686 171 289 221 3589 562 432 161 3027 1106 1022 749
internal_count=6719 6468 6333 251 6257 6181 5471 710 5374 4625 597 4502 4139 363 4029 440 306 749 686 171 289 221 3589 562 432 161 3027 1106 1022 749
is_linear=0
shrinkage=0.035


Tree=62
num_leaves=31
num_cat=0
split_feature=104 199 13 6 59 203 150 115 13 260 191 151 150 100 13 49 272 214 183 136 137 66 248 137 153 38 261 49 25 183
split_gain=30.3783 21.8744 19.7748 17.0452 16.8838 19.0106 16.6504 19.7008 18.0046 32.1241 24.4567 28.4092 18.3598 17.1057 33.5736 29.8662 25.8878 23.5107 19.0333 22.3991 18.4551 18.444 18.4032 16.4238 16.3192 16.2429 20.0063 18.4723 21.5677 16.7849
threshold=184.00000000000003 8.6482192377512508 12.910240833508222 35.156611501487156 30.404350280761722 0.96832653177539019 0.028799999505281452 1267.5000000000002 27.54190158272289 -0.11943543029707925 0.15997499972581866 0.1558250002563 0.03774999454617501 13.969766659825082 29.430854188610642 2029.5000000000002 0.020750001072883609 0.077250011265277876 0.39261978906349143 34.993900299072273 1118.0000000000002 0.20195000618696216 0.16722240093192123 618.50000000000011 -0.21952628648807657 592.00000000000011 561.38500976562511 1729.5000000000002 -8.3726780617254111 0.28866727577454371
decision_type=2 2 2 2 2 2 2 2 2 2 2 2 2 2 2 2 2 2 2 2 2 2 2 2 2 2 2 2 2 2
left_child=3 -2 -3 -1 -4 6 7 24 9 -8 11 12 -11 25 -15 17 20 18 19 22 -17 -20 -16 -21 -6 -10 29 -28 -29 -27
right_child=1 2 4 -5 5 -7 8 -9 13 10 -12 -13 -14 14 15 16 -18 -19 21 23 -22 -23 -24 -25 -26 26 27 28 -30 -31
leaf_value=-0.00064248300850789427 0.0073050310419902481 -0.00092071190940609432 -0.00084576813353282889 0.0053967909410190321 0.0017818926674190887 0.009867994237445752 0.014593202299877851 0.0061492117364488254 0.0090724168507202857 -0.00032753975142425318 -0.0024525231234482961 0.006870629542296787 -0.0016292986281849977 0.021810994814805806 0.0019804104779143493 0.0035783422886696841 0.0088452465385620987 -0.0025578429711100707 0.010382944996376819 -0.0016065344228650166 -0.0017849271555321696 -0.0013127881381926334 -0.0013982184261462642 -0.0021166295221717083 -0.0019567939140998454 -0.00042843488243970502 0.013250365766101311 -0.0014121479967461282 0.010702057913780561 -0.0013234515392148872
leaf_weight=880 118 74 1112 61 330 77 74 291 74 130 190 110 105 65 364 136 357 93 139 419 71 105 142 203 271 244 75 162 61 186
leaf_count=880 118 74 1112 61 330 77 74 291 74 130 190 110 105 65 364 136 357 93 139 419 71 105 142 203 271 244 75 162 61 186
internal_value=-0.00361764 -0.00266298 -0.00297793 -0.00943446 -0.00272939 -0.00176602 -0.00207519 0.00218506 -0.00316097 -0.00860749 -0.0116019 -0.0059 -0.0126875 -0.00200276 -0.000333492 -0.0011529 0.00565905 -0.00378571 -0.00259259 -0.00451015 -0.00412736 0.00618474 0.000958904 -0.00893142 -0.00144389 -0.00633209 -0.00792633 -0.000924092 -0.00598684 -0.0127126
internal_weight=6719 5778 5660 941 5586 4474 4397 892 3505 609 535 345 235 2896 2094 2029 564 1465 1372 1128 207 244 506 622 601 802 728 298 223 430
internal_count=6719 5778 5660 941 5586 4474 4397 892 3505 609 535 345 235 2896 2094 2029 564 1465 1372 1128 207 244 506 622 601 802 728 298 223 430
is_linear=0
shrinkage=0.035


Tree=63
num_leaves=31
num_cat=0
split_feature=260 6 6 163 258 221 71 268 209 126 25 82 126 179 258 271 27 126 213 269 258 17 157 71 220 71 183 93 219 27
split_gain=29.3637 22.5138 23.4339 24.5496 27.0825 21.8205 20.3152 20.1363 20.7356 18.3273 19.2358 17.9337 18.2778 15.2406 17.1848 16.2156 15.2255 14.7349 22.1544 14.5221 14.4692 14.3755 14.6326 14.1786 24.9133 19.075 28.4656 19.4928 20.1871 19.292
threshold=0.25266246329172309 39.845677344180451 10.376604168864445 0.9754563100698096 0.0087999850511550921 17.766720808103702 1083.0000000000002 0.5858050394602633 11.624873733404939 361.50000000000006 -8.2231555514865438 361.50000000000006 564.50000000000011 13.0264866352355 0.019049987196922306 6.3637371130719211 1354.0000000000002 480.50000000000006 9.4662221198894176 6.1594200362596885 0.027400009334087375 10.345686042972925 0.0053955885748327133 2086.0000000000005 7.2639018193406324 1267.0000000000002 -0.21407472184150711 2893.0000000000005 -71.72031987944591 1923.5000000000002
decision_type=2 2 2 2 2 2 2 2 2 2 2 2 2 2 2 2 2 2 2 2 2 2 2 2 2 2 2 2 2 2
left_child=9 2 3 4 -2 -6 16 8 11 10 -1 -8 -13 -9 21 -16 20 18 -11 -4 -7 22 -15 25 -25 29 -27 28 -28 -19
right_child=1 -3 19 -5 5 6 7 13 -10 17 -12 12 -14 14 15 -17 -18 23 -20 -21 -22 -23 -24 24 -26 26 27 -29 -30 -31
leaf_value=0.00016087902499696162 0.010615683939743355 0.010539631652040443 -0.00064209729324921972 -0.00069188111972582874 -0.0019720884989831884 -0.0013465268679780464 -0.00026854545230558196 0.00015838501026976123 -0.0012381680842571178 -3.7787874919252013e-05 0.014050687565447027 0.010306919696599753 -0.00026364713695666123 -0.00050390194743905501 -0.00049038515884874013 -0.0023676501185418957 -0.0022339924452755584 -0.00043483223592268922 -0.0021619664403625324 4.4431415005530275e-05 0.0008446858433879984 -0.001504203751871457 0.00071834916399284607 0.013821077812889309 -0.00021152373320706597 -0.003094599200208741 0.017951701380822423 -0.003085581658710891 -0.00069640673381311813 0.0080646187958602483
leaf_weight=239 150 65 373 66 149 108 116 222 132 144 108 221 106 173 287 254 186 1483 130 71 81 105 130 167 436 205 79 75 328 330
leaf_count=239 150 65 373 66 149 108 116 222 132 144 108 221 106 173 287 254 186 1483 130 71 81 105 130 167 436 205 79 75 328 330
internal_value=-0.00361764 -0.006195 -0.00665417 -0.00531112 -0.00470515 -0.00566154 -0.00472484 -0.00311822 0.00223276 -0.00153929 0.00606534 0.00585938 0.0100151 -0.00574405 -0.00766771 -0.0117308 -0.0120658 -0.0023285 -0.0100358 -0.0140312 -0.00487113 -0.00220339 0.00170455 -0.00163288 0.00316612 -0.00279441 -0.00773844 -0.00301848 8.49515e-05 -0.00090484
internal_weight=6719 2995 2930 2486 2420 2270 2121 1746 575 3724 347 443 327 1171 949 541 375 3377 274 444 189 408 303 3103 603 2500 687 482 407 1813
internal_count=6719 2995 2930 2486 2420 2270 2121 1746 575 3724 347 443 327 1171 949 541 375 3377 274 444 189 408 303 3103 603 2500 687 482 407 1813
is_linear=0
shrinkage=0.035


Tree=64
num_leaves=31
num_cat=0
split_feature=260 6 6 258 126 222 48 104 219 179 153 148 13 13 268 71 38 200 270 82 129 261 203 92 261 13 71 247 160 8
split_gain=27.1549 20.1696 20.04 22.4828 18.9641 21.5105 33.3812 17.3415 24.5493 19.8252 21.0705 19.1523 30.7985 31.8047 23.8563 17.3168 15.7744 20.4177 15.309 14.3762 16.6316 29.3028 23.894 20.7786 19.4646 20.9679 21.1399 20.8905 17.0788 19.5208
threshold=0.25266246329172309 39.845677344180451 10.376604168864445 0.0087999850511550921 361.50000000000006 5.5975210850120911 38.324501037597663 2753.5000000000005 -26.666151254261639 13.12049161486906 0.76075005823382214 394.50000000000006 36.359710727080106 22.073223386285939 10.01838461257454 2738.5000000000005 631.50000000000011 -0.025000002235174176 124.79087928948061 761.50000000000011 6417.5000000000009 568.20498657226574 -0.051832690276967609 54.981599807739265 553.61499023437511 43.962560587036954 2203.5000000000005 620.66497802734386 0.047500006854534156 -74.741689233464669
decision_type=2 2 2 2 2 2 2 2 2 2 2 2 2 2 2 2 2 2 2 2 2 2 2 2 2 2 2 2 2 2
left_child=4 2 3 15 5 -1 -7 8 9 10 18 12 13 -10 -14 -2 -15 -18 -5 -6 21 24 -22 -23 27 26 -26 28 -21 -30
right_child=1 -3 -4 7 19 6 -8 -9 11 -11 -12 -13 14 16 -16 -17 17 -19 -20 20 22 23 -24 -25 25 -27 -28 -29 29 -31
leaf_value=-0.001660404145182425 0.023967849102719326 0.010170744544219028 -0.00056627890323383454 0.00010221456200878472 -0.00091452939705930218 5.9196763306190732e-06 0.01532576993451349 0.0061079161980798734 0.010043273597590264 -0.0015997127462796736 -0.0016016852050573073 -0.00086741887433583226 0.016997052785560372 -0.00081265633745555041 -0.00034299742692405741 -0.00011749909190367087 -0.00088355973507402217 0.00014092906644971068 -0.0015386466149157464 -0.00046398418077385375 -0.0030153266882534456 0.0176843479506167 0.0031807531150414331 -0.0018200045102455254 -0.0017102604128915102 0.0010233323224615976 0.00058138880034924571 0.015397126334892318 -0.00043859925791902345 0.014047171668734671
leaf_weight=69 75 65 444 372 574 162 116 89 129 719 75 226 114 154 86 95 123 150 79 1737 139 90 88 68 183 135 63 116 96 88
leaf_count=69 75 65 444 372 574 162 116 89 129 719 75 226 114 154 86 95 123 150 79 1737 139 90 88 68 183 135 63 116 96 88
internal_value=-0.00366969 -0.00614833 -0.00658262 -0.00533922 -0.00167069 0.00606534 0.0103887 -0.006243 -0.0068526 -0.010108 -0.00487759 -0.00269504 0 -0.00424242 0.0116098 0.0068 -0.00883102 -0.00365108 -0.00191886 -0.00247339 -0.0014334 -0.000623789 -0.0104095 0.0137423 -0.00158894 -0.00879534 -0.0147809 -0.000222821 -0.00110852 0.00888889
internal_weight=6719 2995 2930 2486 3724 347 278 2316 2227 1245 526 982 756 556 200 170 427 273 451 3377 2803 2576 227 158 2418 381 246 2037 1921 184
internal_count=6719 2995 2930 2486 3724 347 278 2316 2227 1245 526 982 756 556 200 170 427 273 451 3377 2803 2576 227 158 2418 381 246 2037 1921 184
is_linear=0
shrinkage=0.035


Tree=65
num_leaves=31
num_cat=0
split_feature=260 5 270 270 12 154 261 160 228 102 93 260 115 126 80 160 260 153 183 148 126 71 11 61 126 71 44 256 242 60
split_gain=28.2065 20.8053 22.9573 24.095 39.6294 21.8985 19.8297 19.8155 21.906 20.8683 22.5354 19.7994 19.6456 17.8791 19.2233 17.2128 17.7322 15.9625 14.4144 18.583 17.836 16.8509 26.6201 15.9404 15.5373 19.7588 25.3617 15.3893 15.8182 39.7281
threshold=0.25266246329172309 136.07999422342795 75.8184755250617 66.045285212553253 4.32221140929488 -0.1831723179891627 531.20501708984386 0.038799997419118888 -7.3214173986030353 -5.3642207771990202 3369.5000000000005 0.29312722397742025 1081.5000000000002 361.50000000000006 -5.1383370260571555 0.038999982178211219 0.60830609979843864 0.010264093893053812 0.28866727577454371 902.00000000000011 831.00000000000011 2157.5000000000005 22.37518339800069 208.50000000000003 1919.0000000000002 1301.5000000000002 0.24135000258684161 21.926587648921892 31.354589077671886 1697.5000000000002
decision_type=2 2 2 2 2 2 2 2 2 2 2 2 2 2 2 2 2 2 2 2 2 2 2 2 2 2 2 2 2 2
left_child=13 2 3 5 -5 -2 -6 8 -7 -10 11 -11 15 14 -1 16 -4 -13 21 20 -20 24 -23 -24 27 26 -26 -15 29 -29
right_child=1 -3 12 4 6 7 -8 -9 9 10 -12 17 -14 18 -16 -17 -18 -19 19 -21 -22 22 23 -25 25 -27 -28 28 -30 -31
leaf_value=-0.00070100939995062508 -0.00071550498431889717 0.0029159381584002177 -0.0019068320753266119 0.012520003267229993 0.0064161501475305813 -0.0020232642205864999 -0.0015167456889716897 -0.001073370890847716 -0.00068088197032766982 -0.0012897501814224928 -0.00086000138211304042 -0.00052235956629105855 -0.0010029963806128894 -0.0045747927839501195 0.011348380595662471 0.00042788620755468746 7.5833356729221323e-06 0.0010352892271768442 -0.0013702313645240073 -0.0029803512340122722 0.00037349000128001578 0.019052772300200395 -0.0011103078911810524 0.014935673388621281 0.012006780971474005 -0.00291421983828039 -0.001158605806538378 -0.00083337706348854239 -0.00026850340572180263 0.020235940673038338
leaf_weight=168 611 98 75 203 92 95 79 186 201 75 145 62 423 108 179 170 62 418 165 67 123 90 258 69 139 163 250 109 1714 122
leaf_count=168 611 98 75 203 92 95 79 186 201 75 145 62 423 108 179 170 62 418 165 67 123 90 258 69 139 163 250 109 1714 122
internal_value=-0.0034823 -0.00600833 -0.00654893 -0.00472145 0.00332454 -0.00640434 -0.00894886 -0.0035973 -0.00160839 0.000115894 0.00297872 0.0061875 -0.0119048 -0.00144543 0.00606534 -0.00504808 -0.0140493 0.00880412 -0.00222501 -0.00884722 -0.00477816 -0.00143376 0.00505924 0.000316265 -0.00248084 -0.00766607 -0.0032868 -0.00107143 -0.000341026 0.00815678
internal_weight=6719 2995 2897 2167 374 1793 171 1182 996 901 700 555 730 3724 347 307 137 480 3377 355 288 3022 417 327 2605 552 389 2053 1945 231
internal_count=6719 2995 2897 2167 374 1793 171 1182 996 901 700 555 730 3724 347 307 137 480 3377 355 288 3022 417 327 2605 552 389 2053 1945 231
is_linear=0
shrinkage=0.035


Tree=66
num_leaves=31
num_cat=0
split_feature=260 6 71 179 154 126 222 48 49 282 223 268 49 204 183 148 126 71 220 126 71 100 221 47 256 221 227 220 78 67
split_gain=30.1383 20.3188 21.9341 19.77 18.333 18.1474 21.5105 33.3812 14.4209 24.0862 18.6507 16.7907 20.412 14.2447 13.3175 19.0506 17.0037 16.47 29.2444 17.3659 16.7308 23.3627 16.0228 24.4723 15.3893 15.0946 14.902 16.1269 20.3283 15.9516
threshold=0.25266246329172309 39.845677344180451 1083.0000000000002 13.109177808133234 -0.19178082993944659 361.50000000000006 5.5975210850120911 38.324501037597663 3677.5000000000005 1.0000000180025095e-35 2.9214744944093218 -3.0134147351701386 2619.0000000000005 0.034930594188066301 0.28866727577454371 902.00000000000011 831.00000000000011 2157.5000000000005 6.0247892510729821 1919.0000000000002 1301.5000000000002 15.870846809915964 54.570217041828478 -7.0488148581508874 21.926587648921892 28.170339837520412 0.10174370333460027 6.8095722924008184 8.351322538202604 9.0210576746204705
decision_type=2 2 2 2 2 2 2 2 2 2 2 2 2 2 2 2 2 2 2 2 2 2 2 2 2 2 2 2 2 2
left_child=5 2 -2 -4 -5 6 -1 13 9 11 -10 12 -6 -8 17 16 -16 19 -19 24 21 -21 -23 -24 -7 -20 27 -26 -29 -30
right_child=1 -3 3 4 8 14 7 -9 10 -11 -12 -13 -14 -15 15 -17 -18 18 25 20 -22 22 23 -25 26 -27 -28 28 29 -31
leaf_value=-0.0018763171534972507 -0.0013003256312998069 0.0095902032300077909 3.5533589050044114e-05 -0.00076250300411231269 0.0077485305813778165 -0.0044146750365118654 0.0059464935313487234 0.014392174665957332 0.010193703265338925 0.00020530463132672818 -0.0001728926846126877 -0.00089874314954532699 -0.0020036420946892858 -0.0033960544963216347 -0.0013222732667656685 -0.0028760389408218415 0.00036041785123521359 0.018616188701313752 -0.0028810373182889546 0.015768945525815085 -0.0028122221439405744 -0.0022872643340471192 -0.0012962675944442066 0.011205031444814367 0.0103345335956481 0.0093495357431204948 -0.00084444236949075282 -0.0012101326541568418 0.015375788019919408 9.0034830824454467e-05
leaf_weight=69 470 65 499 643 114 108 60 116 90 221 286 547 60 102 165 67 123 101 126 80 163 140 73 96 159 190 906 214 132 534
leaf_count=69 470 65 499 643 114 108 60 116 90 221 286 547 60 102 165 67 123 101 126 80 163 140 73 96 159 190 906 214 132 534
internal_value=-0.00360723 -0.00621833 -0.00665417 -0.00531034 -0.00688962 -0.00150174 0.00606534 0.0103887 -0.00449735 -0.00680042 0.00128609 -0.00988292 -0.000391061 0 -0.00228711 -0.00865278 -0.00453925 -0.00152626 0.00489336 -0.0025613 -0.00804309 -0.00399746 -0.00835987 -0.00100575 -0.00107143 -0.000436137 -0.000341026 0.00251437 0.000632768 0.00365127
internal_weight=6719 2995 2930 2460 1961 3724 347 278 1318 942 376 721 174 162 3377 355 288 3022 417 2605 552 389 309 169 2053 316 1945 1039 880 666
internal_count=6719 2995 2930 2460 1961 3724 347 278 1318 942 376 721 174 162 3377 355 288 3022 417 2605 552 389 309 169 2053 316 1945 1039 880 666
is_linear=0
shrinkage=0.035


Tree=67
num_leaves=31
num_cat=0
split_feature=260 6 126 222 47 71 173 173 137 232 71 9 203 173 82 91 115 146 140 271 272 45 137 126 213 59 213 82 203 124
split_gain=27.3839 20.1696 18.8725 19.1832 31.723 18.7486 20.1273 21.0235 19.6946 23.9948 19.0399 25.7458 18.9402 18.8549 20.7782 29.6183 23.8985 18.9746 18.2281 16.2902 17.484 14.8235 14.9244 14.2617 19.9535 13.6713 15.543 25.7451 17.367 24.4366
threshold=0.25266246329172309 39.845677344180451 361.50000000000006 5.800694569132351 -6.6804745021713057 1083.0000000000002 0.50013195116347797 0.30872776369427862 785.50000000000011 9.2800995415465177 1729.5000000000002 49.958002804124909 0.84479031167895335 0.67181032141954522 326.50000000000006 -2.9247239173429249 1729.5000000000002 -0.74466896223246548 6117.5000000000009 13.974288216009127 0.017550006508827213 2.9350826599131699 2005.5000000000002 480.50000000000006 9.4662221198894176 29.188549995422367 8.8491539108400321 913.00000000000011 -0.10680259763810972 -1.5689358597058816
decision_type=2 2 2 2 2 2 2 2 2 2 2 2 2 2 2 2 2 2 2 2 2 2 2 2 2 2 2 2 2 2
left_child=2 5 3 -1 -5 -2 7 19 -9 12 11 -8 -10 17 15 18 -16 -12 -15 20 -7 -18 -23 24 -4 -25 -27 -28 -29 -30
right_child=1 -3 23 4 -6 6 10 8 9 -11 13 -13 -14 14 16 -17 21 -19 -20 -21 -22 22 -24 25 -26 26 27 28 29 -31
leaf_value=-0.0018106460531248476 -0.0012548142342043145 0.0092545461169575172 -0.00014155774313391519 -0.00077519744818111531 0.012775103355106055 0.011366798526403953 0.012666830841873833 0.015159852706989344 -0.00025490032027172485 -0.0019690153976547635 -0.0017285667884035221 -0.00059519820224688581 0.018476355142970306 -0.00059740136360226766 -0.00062520326338038007 -0.0011392413494849337 -0.00047625755312337735 -0.00047276106227793886 4.3019262245832528e-05 -0.0036225091586377994 -0.00083565125016092873 -4.7981625842941639e-05 0.0083627711972852677 -0.0012618377442914731 -0.0021302156803395555 0.010725275291725537 -0.0013925955507670777 -0.00052089121979135178 0.0077518660493760246 -0.00069126355849170157
leaf_weight=73 470 65 144 143 131 108 114 72 114 102 272 218 94 202 125 141 70 107 165 65 313 82 96 495 130 60 472 1401 438 237
leaf_count=73 470 65 144 143 131 108 114 72 114 102 272 218 94 202 125 141 70 107 165 65 313 82 96 495 130 60 472 1401 438 237
internal_value=-0.00365928 -0.00614833 -0.00165192 0.00606534 0.0102867 -0.00658262 -0.00533874 -0.00104238 0.0050646 0.00111111 -0.00767063 -0.000207715 0.00788732 -0.00962846 -0.00675508 -0.0113255 -0.000462963 -0.0161328 -0.00592742 -0.00584521 -0.00320423 0.00581028 0.0110929 -0.00245269 -0.0100358 -0.00176802 -0.000750096 -0.00117901 0.000504565 0.00509559
internal_weight=6719 2995 3724 347 274 2930 2460 868 382 310 1592 332 208 1260 881 508 373 379 367 486 421 248 178 3377 274 3103 2608 2548 2076 675
internal_count=6719 2995 3724 347 274 2930 2460 868 382 310 1592 332 208 1260 881 508 373 379 367 486 421 248 178 3377 274 3103 2608 2548 2076 675
is_linear=0
shrinkage=0.035


Tree=68
num_leaves=31
num_cat=0
split_feature=256 260 126 93 47 13 5 270 115 270 12 261 160 160 137 260 191 154 13 270 119 257 93 109 126 11 71 220 126 193
split_gain=28.1344 23.5286 23.8299 25.847 25.4859 20.835 17.774 17.325 24.613 21.8701 40.0783 22.741 20.5781 19.8371 16.5883 16.5097 16.4248 16.4099 16.1198 23.2361 19.1219 17.7318 15.8485 15.247 14.4698 19.8911 14.3711 19.7402 16.9265 15.9867
threshold=12.520882905978285 0.25266246329172309 361.50000000000006 1492.5000000000002 -6.7254590043195011 19.856528107995107 136.07999422342795 75.8184755250617 1081.5000000000002 66.045285212553253 4.32221140929488 531.20501708984386 0.038999982178211219 0.038799997419118888 592.50000000000011 0.60830609979843864 0.21117499843239787 -0.1831723179891627 39.827554989691492 49.978016211832475 14.221827305259673 5.7488565904584137 3357.0000000000005 0.64985001087188732 480.50000000000006 36.48061726292547 2086.0000000000005 7.2639018193406324 770.00000000000011 -0.018519224174047753
decision_type=2 2 2 2 2 2 2 2 2 2 2 2 2 2 2 2 2 2 2 2 2 2 2 2 2 2 2 2 2 2
left_child=-1 2 3 4 -2 -3 7 9 12 13 -11 -12 15 14 -7 -9 17 -16 19 20 22 -21 -19 -20 25 -4 28 29 -26 -28
right_child=1 5 24 -5 -6 6 -8 8 -10 10 11 -13 -14 -15 16 -17 -18 18 23 21 -22 -23 -24 -25 26 -27 27 -29 -30 -31
leaf_value=-0.00091553675723544286 -0.0022974028576865147 0.013903569468897748 0.00079027743907998497 0.018636858714184398 0.010000332544077065 0.013797195784505544 0.002745239809367684 -0.0019489913336198229 -0.0009955104085940887 0.01209795242708683 0.0056407468578198753 -0.0016660076942601923 0.0004348365780764177 -0.0010143332510140126 -0.00055402275492900314 4.6612810600430712e-05 -0.002731309432785082 0.0018095778094114421 -0.00036470776208712927 -0.0014780170888411277 -0.0016940984405341528 0.00033431048887998336 -0.00056079571198251689 0.019855829162723229 0.005920744728357033 -0.0018192308549805027 0.025889188411529467 -0.00022774521553246886 -0.00073677313088238894 0.0012169363174389261
leaf_weight=135 137 71 65 93 103 81 98 75 423 203 92 79 170 346 382 62 61 235 60 187 72 61 84 78 405 209 93 397 2088 74
leaf_count=135 137 71 65 93 103 81 98 75 423 203 92 79 170 346 382 62 61 235 60 187 72 61 84 78 405 209 93 397 2088 74
internal_value=-0.00371133 -0.00337836 -0.00150722 0.00735207 0.00114286 -0.00571966 -0.00619306 -0.00671807 -0.0113333 -0.00502715 0.00258575 -0.00974432 -0.00370192 -0.00675847 -0.00474349 -0.0135563 -0.00577143 -0.00478093 -0.00183504 -0.00418478 0.00114899 -0.0124506 0.00486111 0.00881119 -0.00240258 -0.0100358 -0.00170314 0.00332162 -0.00284428 0.0132267
internal_weight=6719 6584 3664 333 240 2920 2849 2751 730 2021 374 171 307 1647 1301 137 1220 1159 777 639 391 248 319 138 3331 274 3057 564 2493 167
internal_count=6719 6584 3664 333 240 2920 2849 2751 730 2021 374 171 307 1647 1301 137 1220 1159 777 639 391 248 319 138 3331 274 3057 564 2493 167
is_linear=0
shrinkage=0.035


Tree=69
num_leaves=31
num_cat=0
split_feature=260 126 222 136 6 49 224 11 66 33 256 256 136 221 256 151 6 137 13 157 161 199 82 220 224 193 126 257 11 82
split_gain=25.9083 17.7657 18.2302 29.3196 16.1304 18.2485 17.6311 22.7527 18.1482 32.6297 23.3602 32.1055 25.106 25.9411 23.2541 20.9461 17.8448 14.6134 21.4459 15.7674 18.6528 13.0823 13.8069 21.3884 25.7202 24.6632 23.6035 18.2001 17.3098 32.9619
threshold=0.25266246329172309 361.50000000000006 5.800694569132351 33.813800811767585 39.845677344180451 920.50000000000011 0.99999999999276679 149.0648963487258 0.14835000038146975 0.19164999574422839 31.14159677498203 33.740846943435947 30.49639987945557 104.93857138536369 51.258866270583248 0.18597500026226046 -27.970402277298788 5203.0000000000009 32.810533421209847 -0.015582935166826939 0.10490000061690809 8.6482192377512508 1037.5000000000002 6.0247892510729821 -0.99999999998626021 -0.0016520014838646852 1998.0000000000002 5.3758606902761503 47.107253528294109 1703.5000000000002
decision_type=2 2 2 2 2 2 2 2 2 2 2 2 2 2 2 2 2 2 2 2 2 2 2 2 2 2 2 2 2 2
left_child=1 2 -1 -4 5 -2 7 8 17 -10 -11 -12 -13 14 15 -14 -16 19 -19 -7 -21 -3 27 24 26 -26 -24 -23 29 -25
right_child=4 21 3 -5 -6 6 -8 -9 9 10 11 12 13 -15 16 -17 -18 18 -20 20 -22 22 23 28 25 -27 -28 -29 -30 -31
leaf_value=-0.0019563425614275384 -0.0013012572686815342 0.007081744092799656 9.3156144249714482e-05 0.012676449423874541 0.0087332108628403078 -0.0008661002452318257 0.0069291825743821832 -0.0011354920679705939 0.040341510074284534 -0.0015091938562766286 0.016304031535208308 -0.0013979165249462901 -0.00062417659197777674 0.016264794495877932 0.00017612982700545234 0.0091312585832580666 -0.0026466121751857669 -0.00062018460789300825 0.014090284515311717 0.011221086982424763 -0.00033129663894054811 -0.0012489286430909714 0.0084315494656358233 0.00041106182542924698 0.026409435924532976 0.00058108747553182332 -0.003537512896917859 -0.00036396301561193446 -0.00012388585808541686 -0.0029937731562852533
leaf_weight=73 272 83 160 114 65 473 91 209 72 242 95 246 74 80 85 135 109 62 67 69 549 499 161 221 103 87 79 621 1257 266
leaf_count=73 272 83 160 114 65 473 91 209 72 242 95 246 74 80 85 135 109 62 67 69 549 499 161 221 103 87 79 621 1257 266
internal_value=-0.0037738 -0.00182086 0.00566761 0.00978495 -0.006195 -0.00658262 -0.00567781 -0.0062189 -0.00521371 -0.002021 -0.00359477 -0.000759952 -0.00329019 0.0013627 -0.00231618 0.0057243 -0.0109045 -0.00817143 0.00287313 -0.00948449 -0.00573034 -0.00259758 -0.00294938 -0.00131712 0.00563218 0.0150769 -0.002 -0.00609778 -0.00304174 -0.00860772
internal_weight=6719 3724 347 274 2995 2930 2658 2567 2358 1138 1066 824 729 483 403 209 194 1220 129 1091 618 3377 3294 2174 430 190 240 1120 1744 487
internal_count=6719 3724 347 274 2995 2930 2658 2567 2358 1138 1066 824 729 483 403 209 194 1220 129 1091 618 3377 3294 2174 430 190 240 1120 1744 487
is_linear=0
shrinkage=0.035


Tree=70
num_leaves=31
num_cat=0
split_feature=260 173 228 10 4 126 222 48 148 27 203 71 49 224 222 129 6 113 183 203 107 114 137 231 272 272 38 274 281 163
split_gain=27.826 19.4064 18.6921 18.933 19.0925 16.7473 17.7756 29.8951 16.5216 18.1313 19.9052 23.7484 21.5931 27.1772 25.3704 31.0655 28.5951 18.8471 20.3122 24.6097 20.8149 15.9689 14.797 13.8401 13.7753 15.3959 29.8002 22.9817 18.7594 18.0941
threshold=0.25266246329172309 0.97795712479435604 -10.365685646529508 14.189012011615917 -19.385352590659167 361.50000000000006 5.5975210850120911 38.324501037597663 668.50000000000011 7485.0000000000009 0.53599049942100452 1346.5000000000002 1121.5000000000002 0.99999999999230271 15.047580925706162 5987.5000000000009 12.532291204596868 -3.4826008843861116 0.82653031905085028 0.96542762295497642 6182.5000000000009 49.532999038696296 2950.5000000000005 2.4725778317929996 -0.012549996376037596 0.025399990379810337 1059.5000000000002 -0.42314466785460042 1.0000000180025095e-35 0.074575506120052204
decision_type=2 2 2 2 2 2 2 2 2 2 2 2 2 2 2 2 2 2 2 2 2 2 2 2 2 2 2 2 2 2
left_child=5 2 -2 -4 22 6 -1 -8 9 10 11 -6 -12 14 16 -16 17 -14 19 20 23 -22 -5 -19 -7 28 -27 -28 -26 -30
right_child=1 -3 3 4 8 24 7 -9 -10 -11 12 -13 13 -15 15 -17 -18 18 -20 -21 21 -23 -24 -25 25 26 27 -29 29 -31
leaf_value=-0.0018878705717775752 -0.001912500656864739 -0.00056486246064463156 -0.0018648216029951521 -0.00016433424067066938 -0.00083528852526974762 0.0061478474489351353 -7.6784913051860805e-05 0.01277327973726642 -0.00072157046546706912 0.012460106837049281 -0.0015792550615871296 0.0037882020307826018 0.024455431489880244 0.015516177031404991 0.00051711956249876514 -0.0020321560842976442 -0.00065549850844679987 0.011071190104386364 -0.00046158207543404279 0.012999680835133174 -0.0016481015380351231 7.6196963412926151e-05 0.015003745001306456 1.2412198544455302e-05 -0.00087134691533095508 -0.0017500060721406402 -0.0016474685628067771 0.010265512174387464 0.01399174381817909 -0.0030645584607375794
leaf_weight=69 248 86 107 173 166 75 162 116 384 81 234 196 74 63 77 178 164 61 262 68 92 78 60 143 2287 194 86 426 201 108
leaf_count=69 248 86 107 173 166 75 162 116 384 81 234 196 74 63 77 178 164 61 262 68 92 78 60 143 2287 194 86 426 201 108
internal_value=-0.00382585 -0.006335 -0.00582533 -0.00494936 -0.004322 -0.00180209 0.00546875 0.00939929 -0.0052816 -0.00394696 -0.00466416 0.0026703 -0.0064443 -0.00459289 -0.00579451 -0.0154808 -0.00310454 -0.000268199 -0.00207334 0.00250559 -0.00110818 -0.01 0.00514706 0.00636364 -0.00255618 -0.00289991 0.0016737 0.00609284 -0.00414456 0.00390127
internal_weight=6719 2995 2909 2661 2554 3724 347 278 2321 1937 1856 362 1494 1260 1197 255 942 778 704 442 374 170 233 204 3377 3302 706 512 2596 309
internal_count=6719 2995 2909 2661 2554 3724 347 278 2321 1937 1856 362 1494 1260 1197 255 942 778 704 442 374 170 233 204 3377 3302 706 512 2596 309
is_linear=0
shrinkage=0.035


Tree=71
num_leaves=31
num_cat=0
split_feature=104 8 199 254 203 163 60 224 22 59 160 256 136 27 27 80 205 258 137 93 153 267 105 213 137 256 13 14 13 261
split_gain=28.2349 21.6968 19.9463 18.7666 17.9973 15.6576 18.0957 15.5489 24.8112 14.4768 13.2252 17.731 14.6991 11.5252 14.2158 15.3093 11.6162 16.7759 14.8651 15.4408 24.097 14.6109 14.7098 14.3989 13.9703 17.4381 21.1279 17.0278 15.132 16.0705
threshold=184.00000000000003 -2.7502984150222884 8.6482192377512508 37.950123044188103 0.97051659634797238 0.9754563100698096 72.500000000000014 0.99999999999276679 0.2929500043392182 30.404350280761722 0.008750006556510927 83.653369172470605 33.059400558471687 7485.0000000000009 4336.0000000000009 -4.5256484201599489 0.02130832587805365 0.023900005966424945 1184.5000000000002 2223.5000000000005 0.047202435054345855 -0.12918985017096316 204.50000000000003 10.40171414026412 1087.5000000000002 21.76915348949446 24.627282286421035 0.089592735097454593 27.069518446307253 561.62500000000011
decision_type=2 2 2 2 2 2 2 2 2 2 2 2 2 2 2 2 2 2 2 2 2 2 2 2 2 2 2 2 2 2
left_child=5 2 -2 4 7 6 -1 9 -9 -4 11 -11 -13 14 16 -16 18 -18 19 24 -21 22 -20 -23 25 -12 -27 28 -28 -30
right_child=1 -3 3 -5 -6 -7 -8 8 -10 10 13 12 -14 -15 15 -17 17 -19 21 20 -22 23 -24 -25 -26 26 27 -29 29 -31
leaf_value=0.00085439594415047382 0.0065946059957846517 -0.00072712849727015535 -0.00094353820739467636 -0.0022338404998462394 0.0076917108031563973 -0.00068914225197518671 -0.0005829562673649669 0.018413331679584716 -0.00027263881048879117 0.0098129821480799559 -0.0038878618611493929 0.0089664372586608938 -0.0027990652173734165 0.010241025013340605 -0.0022986391538244453 0.00011953404851927197 0.0022421960229262322 -0.0011872850849230473 0.00024233523331308656 -0.0015322382941543376 0.0096926689997385539 -0.00091067811923215567 -0.0015711403314449632 0.0045799907907451689 0.0043362263325803395 0.023734197399088379 -0.0020149367417740915 -0.0016129963961910355 -0.00040540493540366018 0.011800529400716476
leaf_weight=138 118 131 961 123 76 65 738 65 157 166 92 68 102 104 118 71 340 99 244 93 175 483 102 63 67 64 65 373 1120 138
leaf_count=138 118 131 961 123 76 65 738 65 157 166 92 68 102 104 118 71 340 99 244 93 175 483 102 63 67 64 65 373 1120 138
internal_value=-0.00382585 -0.00290507 -0.00256989 -0.00287767 -0.00256145 -0.00943446 -0.00810443 -0.00280787 0.0061674 -0.0032036 -0.0023013 0.00431085 -0.0036 -0.00288915 -0.00321525 -0.0124485 -0.00270224 0.00260135 -0.00346141 -0.00190009 0.00589744 -0.00725753 -0.00159544 -0.0107985 -0.00300156 -0.00358104 -0.0027762 -0.00353909 -0.00166039 -0.00077593
internal_weight=6719 5778 5647 5529 5406 941 876 5330 222 5108 4147 336 170 3811 3707 189 3518 439 3079 2187 268 892 346 546 1919 1852 1760 1696 1323 1258
internal_count=6719 5778 5647 5529 5406 941 876 5330 222 5108 4147 336 170 3811 3707 189 3518 439 3079 2187 268 892 346 546 1919 1852 1760 1696 1323 1258
is_linear=0
shrinkage=0.035


Tree=72
num_leaves=31
num_cat=0
split_feature=173 256 147 154 27 30 148 183 274 191 27 104 249 60 274 260 170 104 183 60 6 13 93 30 60 256 115 211 137 150
split_gain=26.1706 22.3872 21.9729 22.0337 18.4132 18.376 18.3485 18.5404 18.3951 17.0609 16.2878 16.5941 15.5943 16.8671 18.0273 18.1164 22.4882 19.3447 17.0529 17.0017 25.3718 22.5002 22.4579 18.6702 16.7252 15.8175 24.6269 15.4748 19.2787 14.8806
threshold=0.97795712479435604 12.520882905978285 24.442599296569828 -0.01923077407874221 7485.0000000000009 5172.5000000000009 3619.5000000000005 0.94747801444070079 0.87746417982567049 0.48339999467134481 4481.0000000000009 184.00000000000003 -0.32049064908556962 3241.5000000000005 0.1991578196389451 0.2697485319318263 0.031899999827146537 1617.5000000000002 0.63223206200875004 1091.5000000000002 -4.1789196002572586 36.135443391530437 1551.0000000000002 5977.5000000000009 683.50000000000011 32.664069559071159 811.50000000000011 -0.58832849249920816 300.50000000000006 0.039500001817941673
decision_type=2 2 2 2 2 2 2 2 2 2 2 2 2 2 2 2 2 2 2 2 2 2 2 2 2 2 2 2 2 2
left_child=1 -1 29 4 5 -4 7 8 10 27 11 -7 -13 14 15 16 -14 -17 19 20 23 22 -21 24 -16 26 -15 -5 -29 -3
right_child=-2 2 3 9 -6 6 -8 -9 -10 -11 -12 12 13 25 18 17 -18 -19 -20 21 -22 -23 -24 -25 -26 -27 -28 28 -30 -31
leaf_value=-0.00087880438505902943 -0.00052097229570293759 -0.00077993134090761701 0.013797868857306663 0.0092036011274372314 0.010869708457912306 -0.00054065397231203242 -0.0024839742782514847 -0.00070614364761565891 0.011074871514809062 -0.0033188381500650712 -0.0013450751621603321 -0.0014839555917703995 -0.00061688201087326487 0.04040445265586369 -0.0017480849712105968 -0.0012752136015861623 0.010234383101324651 0.0061084072910045292 0.0039279003686529075 -0.0016455408965322465 0.00020356156102908752 0.0095332102769757395 0.003046530931462212 -0.0023376560819654175 0.012153017891397168 -1.7416933137852365e-05 6.6940345977676853e-05 -0.00211227052487333 0.00048514124256258208 -0.0019600346984286867
leaf_weight=135 86 499 62 194 133 389 130 142 68 97 213 322 1389 62 89 319 115 64 338 64 151 181 70 177 64 220 69 77 490 310
leaf_count=135 86 499 62 194 133 389 130 142 68 97 213 322 1389 62 89 319 115 64 338 64 151 181 70 177 64 220 69 77 490 310
internal_value=-0.00364887 -0.00339033 -0.00308934 -0.00231735 -0.00323511 -0.00360196 -0.00386124 -0.00347595 -0.0030602 0.00283893 -0.00335271 -0.00285103 -0.00211949 -0.00140954 -0.00225545 -0.00434725 -0.00259775 -0.0110954 0.00122915 -0.00157303 -0.0056893 0.00470312 -0.00604317 -0.0110746 -0.00199367 0.00580056 0.0151838 0.00461488 0.0016521 -0.00847052
internal_weight=6719 6633 6498 5689 4831 4698 4636 4506 4364 858 4296 4083 3694 3372 3021 1887 1504 383 1134 796 481 315 134 330 153 351 131 761 567 809
internal_count=6719 6633 6498 5689 4831 4698 4636 4506 4364 858 4296 4083 3694 3372 3021 1887 1504 383 1134 796 481 315 134 330 153 351 131 761 567 809
is_linear=0
shrinkage=0.035


Tree=73
num_leaves=31
num_cat=0
split_feature=104 199 256 201 33 115 121 129 2 260 203 189 274 189 124 254 4 260 19 6 11 252 17 270 126 52 100 150 4 150
split_gain=25.1028 18.8613 18.0075 17.0338 31.1098 16.9385 16.3198 20.1012 45.9485 22.233 16.9776 15.849 17.6042 14.699 14.1417 12.4985 20.7635 12.3345 19.8782 20.7741 16.1001 19.475 16.0402 20.4189 16.8009 16.3024 25.3656 20.0707 19.5367 19.7489
threshold=184.00000000000003 8.6482192377512508 12.520882905978285 0.12284999899566175 0.16274999827146533 2385.5000000000005 0.094600003212690367 6417.5000000000009 6391.4899902343759 -0.062527392738251933 0.96832653177539019 12.94609120210561 0.86782910212164788 14.573912122875941 -1.6482675019253707 31.690414946023985 42.758778767875199 0.2598890166664764 6227.5000000000009 14.852467403513668 24.814892790156069 0.84195420601451698 -12.208818816069053 121.12953619289367 265.50000000000006 5927.5000000000009 24.354457940518774 0.021850004792213443 24.95777965034565 0.060600005090236671
decision_type=2 2 2 2 2 2 2 2 2 2 2 2 2 2 2 2 2 2 2 2 2 2 2 2 2 2 2 2 2 2
left_child=3 -2 -3 -1 5 -5 -4 8 10 -9 15 12 14 -11 -6 16 17 22 19 20 -19 -22 -8 24 -24 28 27 -27 29 -26
right_child=1 2 6 4 11 -7 7 9 -10 13 -12 -13 -14 -15 -16 -17 -18 18 -20 -21 21 -23 23 -25 25 26 -28 -29 -30 -31
leaf_value=-0.00058527431305939188 0.0056865661259678539 -0.00076377379147344357 0.0090945094466308787 -0.0001666689898340773 -0.0010224557399098452 0.018544174235676489 -0.0015837709738295176 -0.004690082405248909 0.012157041170448345 -5.4599342600640813e-05 0.010033713653513045 -0.00059677258160925151 0.016987165139303428 -0.0025609886284016577 0.0003974700223000652 -0.0018360415223393079 0.015390207832414494 -0.0016920243717279139 -0.00067740254199617279 -0.00099808100224748134 0.001067753132201443 -0.0008757973532282355 0.011061619900323293 0.0087362152232162323 -0.0010853789677458332 0.01927515097740146 0.011104372984807829 -0.00049140576010573095 0.00030737486728640964 0.0082373027161447149
leaf_weight=135 118 128 85 65 241 60 887 77 123 209 83 294 68 101 78 213 81 73 383 63 516 501 94 212 562 77 69 985 69 69
leaf_count=135 118 128 85 65 241 60 887 77 123 209 83 294 68 101 78 213 81 73 383 63 516 501 94 212 562 77 69 985 69 69
internal_value=-0.00362805 -0.00275981 -0.00305207 -0.00891649 -0.00690506 0.00888462 -0.00274336 -0.00298514 -0.00239092 -0.010625 -0.00292493 -0.00984694 -0.00508929 -0.00622222 -0.00853395 -0.00319819 -0.00280994 -0.00312815 -0.00567813 -0.00335492 -0.00217352 -0.000993151 -0.00182569 -0.000179739 -0.00132383 -0.00207789 0.000523768 -0.000852858 -0.00625532 -0.00819969
internal_weight=6719 5778 5660 941 806 125 5532 5447 5060 387 4937 681 387 310 319 4854 4641 4560 1536 1153 1090 1017 3024 2137 1925 1831 1131 1062 700 631
internal_count=6719 5778 5660 941 806 125 5532 5447 5060 387 4937 681 387 310 319 4854 4641 4560 1536 1153 1090 1017 3024 2137 1925 1831 1131 1062 700 631
is_linear=0
shrinkage=0.035


Tree=74
num_leaves=31
num_cat=0
split_feature=173 82 199 12 126 137 11 193 240 112 153 79 35 163 256 246 52 150 27 23 222 163 71 100 11 82 204 25 27 202
split_gain=28.0703 20.6119 18.8293 18.7993 17.974 19.3432 21.4654 21.2113 26.7469 21.9221 18.5511 16.322 15.8738 15.3464 18.3438 28.0585 16.4287 14.6844 17.377 19.8364 12.6384 30.4653 32.3277 17.9051 17.2478 21.6313 17.9874 19.3991 19.1523 19.5388
threshold=0.97795712479435604 895.00000000000011 8.7684156290131572 17.166812770547768 662.00000000000011 4047.5000000000005 73.644577967442473 0.95509914907001459 10.345686042972925 0.0098522073375345316 -0.30726413771057809 0.017391315404919613 0.054549943284331597 0.75935214419842023 12.520882905978285 0.66658005878160398 5567.5000000000009 0.0360499955713749 1287.5000000000002 1.1789208769760622 5.969218384818098 -0.15930772712017197 2802.5000000000005 17.189499283484 51.644889431808998 1786.0000000000002 0.062299125174904428 -18.572415669759113 963.50000000000011 -0.63818181816095521
decision_type=2 2 2 2 2 2 2 2 2 2 2 2 2 2 2 2 2 2 2 2 2 2 2 2 2 2 2 2 2 2
left_child=1 3 -3 4 5 7 -7 8 11 -10 -6 -1 -12 14 -4 16 -16 18 -13 -20 21 23 -23 -18 25 -22 27 -26 -28 -30
right_child=-2 2 13 -5 10 6 -8 -9 9 -11 12 17 -14 -15 15 -17 20 -19 19 -21 24 22 -24 -25 26 -27 28 -29 29 -31
leaf_value=0.0022072083257667408 -0.00053618343383876751 0.0086098468297021932 -0.00088593580781121323 0.0064012321108334342 5.3307742685723694e-05 -0.00035836370189585356 0.016850946928342811 -0.00073678597533055569 0.00020222743494914544 -0.0015656085067805921 -0.0013479271898548873 -0.0015276195404774066 -4.3519008188940839e-05 -0.0021406047605004161 -0.0013414539701557724 0.01000209964657757 0.020993931718994264 -0.00037199650342193308 -0.00050968818095405524 0.0090635082647529605 -0.00050495434995686378 -0.0011055969156810025 0.0076821944119333111 0.00012984019000671754 -0.0023294140041404655 -0.0027025300224455965 -0.0025165874851264983 0.0064189147954225008 0.010015094152006843 -0.0014033434230240718
leaf_weight=279 86 67 92 148 151 66 93 201 121 344 510 88 113 123 238 63 168 650 80 200 463 428 152 126 70 323 163 645 127 341
leaf_count=279 86 67 92 148 151 66 93 201 121 344 510 88 113 123 238 63 168 650 80 200 463 428 152 126 70 323 163 645 127 341
internal_value=-0.00375297 -0.00348524 -0.00168475 -0.00560184 -0.00622544 -0.00454161 0.00704268 -0.00549543 -0.00423882 -0.0113936 -0.0107831 -0.00163978 -0.0134315 -0.00204423 -0.00159371 -0.00115187 -0.00161588 -0.00369501 0.00187668 0.00614035 -0.000906676 0.00262799 -0.00203419 0.0117057 -0.00235845 -0.00646018 5.18135e-05 0.00384028 -0.00423742 -0.000591966
internal_weight=6719 6633 3589 3044 2896 2122 159 1963 1762 465 774 1297 623 3522 3399 3307 3244 1018 368 280 3006 874 580 294 2132 786 1346 715 631 468
internal_count=6719 6633 3589 3044 2896 2122 159 1963 1762 465 774 1297 623 3522 3399 3307 3244 1018 368 280 3006 874 580 294 2132 786 1346 715 631 468
is_linear=0
shrinkage=0.035


Tree=75
num_leaves=31
num_cat=0
split_feature=260 102 115 154 179 183 104 93 183 274 104 60 215 254 123 180 264 26 115 155 274 169 254 19 261 261 194 11 222 115
split_gain=27.937 19.8805 24.2034 19.5154 18.605 18.4509 17.7215 17.7525 22.2383 18.7476 20.1419 25.8191 19.0414 16.6589 16.6355 25.4779 16.4431 16.2126 15.3629 14.4017 13.3926 13.1758 13.0933 12.9854 15.5818 19.6117 20.1418 15.9985 34.6552 18.5016
threshold=0.25266246329172309 -5.0327620327890799 4973.0000000000009 -0.012500205094932536 14.456483526681909 0.70037593984920166 2753.5000000000005 4551.0000000000009 0.42537046638166293 0.23060338014320814 201.50000000000003 72.500000000000014 -0.029300000518560406 10.368078761308077 0.0082023329566532598 -0.0014000050723552702 0.38848763533105851 32.566650390625007 3213.5000000000005 0.037150687034193691 0.51163093154917616 14.39320087016524 -2.7186001754875284 5327.5000000000009 469.83499145507818 486.14500427246099 0.0028653404745290017 120.87391836294526 11.424511027193654 450.50000000000006
decision_type=2 2 2 2 2 2 2 2 2 2 2 2 2 2 2 2 2 2 2 2 2 2 2 2 2 2 2 2 2 2
left_child=5 13 3 6 -4 14 7 8 17 16 11 -11 18 20 15 -1 -10 -3 -12 -17 22 -13 -2 -16 -25 26 -26 -27 29 -29
right_child=1 2 4 -5 -6 -7 -8 -9 9 10 12 21 -14 -15 23 19 -18 -19 -20 -21 -22 -23 -24 24 25 27 -28 28 -30 -31
leaf_value=-0.0021276476948226637 0.0011082390825286653 -0.0016853126375801603 -0.00087823079757373744 0.00058373022309156483 -0.00051514611511532869 0.013620075597427577 0.005643379140064941 -0.00079239085137377771 -0.0011491925666913731 0.01828309812135848 0.0017032192569355047 -0.00036192253784702536 0.008607217829435793 -0.0017169837713201133 0.014688017493467181 0.016673016929098908 0.00027850103187553266 6.635630818458694e-05 -0.0024402956934859361 -0.00025466442817980106 -0.0010360804450258638 -0.00066310982919818163 -0.00058971007472316127 -0.0017739626381671066 -0.0010771876653933295 -0.0005105805567634968 0.01007025798231225 -0.0004061278805177363 -0.0020473508915425198 0.013916338318204111
leaf_weight=132 105 373 78 175 61 76 76 101 242 66 368 299 105 133 84 150 96 112 93 77 249 60 203 203 130 2312 174 92 232 62
leaf_count=132 105 373 78 175 61 76 76 101 242 66 368 299 105 133 84 150 96 112 93 77 249 60 203 203 130 2312 174 92 232 62
internal_value=-0.00386749 -0.00638167 -0.00480303 -0.00386918 -0.0187153 -0.00183964 -0.00485721 -0.00552344 -0.00469489 -0.00233508 0.000105422 -0.00561628 0.00441331 -0.0115827 -0.00220367 0.00490385 -0.00938776 -0.0110714 0.00127682 0.0119181 -0.00878114 -0.00932692 -0.00380192 -0.00298573 -0.00334735 -0.00270037 0.00566343 -0.0036515 -0.0102046 0.00264151
internal_weight=6719 2995 2305 2166 139 3724 1991 1915 1814 1329 991 425 566 690 3648 359 338 485 461 227 557 359 308 3289 3205 3002 304 2698 386 154
internal_count=6719 2995 2305 2166 139 3724 1991 1915 1814 1329 991 425 566 690 3648 359 338 485 461 227 557 359 308 3289 3205 3002 304 2698 386 154
is_linear=0
shrinkage=0.035


Tree=76
num_leaves=31
num_cat=0
split_feature=260 102 183 82 274 137 183 150 183 183 137 71 70 211 254 123 180 259 268 93 274 5 9 19 261 60 274 52 13 261
split_gain=28.5051 18.2178 23.8028 20.527 18.3811 16.3901 24.731 22.5093 21.201 22.97 20.9817 20.0229 21.4788 17.8421 16.3099 15.7015 23.3953 14.0134 13.6662 17.788 13.3159 13.284 12.2835 12.2483 15.7 16.0646 11.9132 19.4001 20.9054 16.0715
threshold=0.25266246329172309 -5.0071192492235879 0.94747801444070079 64.000000000000014 0.87746417982567049 661.50000000000011 0.42537046638166293 0.039300017058849342 0.72129804940307585 0.64414183060312846 481.50000000000006 1871.0000000000002 50.512901306152351 0.50187034037549039 10.368078761308077 0.0082023329566532598 -0.0014000050723552702 0.057527080203463428 1.58830347868566 1595.0000000000002 0.54240463096551206 42.016618198629999 81.825876152461888 5327.5000000000009 469.83499145507818 453.50000000000006 0.1991578196389451 6317.5000000000009 33.087535270066589 486.14500427246099
decision_type=2 2 2 2 2 2 2 2 2 2 2 2 2 2 2 2 2 2 2 2 2 2 2 2 2 2 2 2 2 2
left_child=15 14 4 -4 5 7 18 -3 9 11 -9 12 22 -10 20 16 -1 -18 19 -7 -2 -11 -8 -17 -25 -26 29 28 -28 -27
right_child=1 2 3 -5 -6 6 8 10 13 21 -12 -13 -14 -15 -16 23 17 -19 -20 -21 -22 -23 -24 24 25 26 27 -29 -30 -31
leaf_value=-0.0019494915982048099 -0.00026102677276325094 0.021522386487462103 -0.000119202826526853 -0.0011378302633989429 0.016181238524373285 -0.0017250248680198003 -0.00059499816116074372 -0.0019307204054813175 -0.0015212064062871933 0.010742467445150714 0.0067991991470426087 -0.00071435521467480838 0.01214462329235615 -0.00028720714161837056 -0.0016886070787493091 0.01194939031253513 0.0026820229352975795 0.018720346805104177 -0.0016680644832857312 0.00068532557301008662 -0.0010406406006744397 -0.00068327362315580319 0.016478425791906958 -0.0017588633759876415 0.014079701613928897 0.0031053367840315491 -0.0015430420118331862 0.0069171186504974015 0.0045809136538953249 -0.00074617388412364326
leaf_weight=136 323 62 83 117 68 104 72 128 78 155 120 304 62 500 135 86 104 126 197 87 243 94 63 206 90 246 65 99 224 2342
leaf_count=136 323 62 83 117 68 104 72 128 78 155 120 304 62 500 135 86 104 126 197 87 243 94 63 206 90 246 65 99 224 2342
internal_value=-0.003982 -0.00652167 -0.00499348 -0.0163902 -0.00386851 -0.00448055 -0.00581639 0.00288889 -0.00351838 0.000370861 -0.00193676 -0.00394269 0.00467822 -0.00852487 -0.0114518 -0.00193349 0.00490566 0.011617 -0.0135369 -0.00660714 -0.00870403 0.00895669 -0.00325 -0.0026851 -0.00303326 -0.00239336 -0.00284133 0.00284987 -0.00178571 -0.00369842
internal_weight=6719 2995 2294 200 2094 2026 1716 310 1328 750 248 501 197 578 701 3724 366 230 388 191 566 249 135 3358 3272 3066 2976 388 289 2588
internal_count=6719 2995 2294 200 2094 2026 1716 310 1328 750 248 501 197 578 701 3724 366 230 388 191 566 249 135 3358 3272 3066 2976 388 289 2588
is_linear=0
shrinkage=0.035


Tree=77
num_leaves=31
num_cat=0
split_feature=260 154 252 221 27 154 204 102 113 123 180 259 247 137 160 228 90 272 27 150 38 161 5 163 256 223 11 23 126 60
split_gain=26.7358 18.0676 25.7659 22.9307 21.3365 19.0357 21.0769 16.3152 15.9738 15.6157 23.3953 14.0134 13.9853 15.8781 12.884 12.6823 12.3657 11.5126 18.6268 14.5386 13.9026 26.2149 17.209 25.2179 35.3861 27.8323 19.3315 16.2023 13.1508 13.5535
threshold=0.25266246329172309 -0.27020623382486753 1.6701857900591757 17.766720808103702 7485.0000000000009 -0.14492753421639884 0.18722786196971677 -4.9084753508388834 -3.9653563772730327 0.0082023329566532598 -0.0014000050723552702 0.057527080203463428 632.11499023437511 1975.0000000000002 0.022499997168779377 -1.5358996437225823 0.025974053050291313 0.029700003564357761 1818.0000000000002 0.046649992465972907 654.00000000000011 0.21142500266432765 -4.6940733995725976 -0.15930772712017197 78.550804699928662 14.200649477908646 74.818619039284698 6.6913801017804468 362.50000000000006 1351.5000000000002
decision_type=2 2 2 2 2 2 2 2 2 2 2 2 2 2 2 2 2 2 2 2 2 2 2 2 2 2 2 2 2 2
left_child=9 15 3 -3 7 6 -5 16 -7 10 -1 -12 -9 -14 -10 -2 -4 19 -19 20 21 -11 23 24 -22 -25 -26 -23 -21 -30
right_child=1 2 4 5 -6 8 -8 12 14 17 11 -13 13 -15 -16 -17 -18 18 -20 28 22 27 -24 25 26 -27 -28 -29 29 -31
leaf_value=-0.0018812593922676423 -0.00039167198425795808 -0.001884115957619464 -0.0016768336706818334 -0.00020137170023223685 0.01008282674743091 -0.0014242005777822479 -0.0017088276226550879 -0.00072001964996200438 0.0085451095564212896 0.024503200117003025 0.0025881521325621646 0.018065134666925532 -0.0014621438839639801 0.0037880331180372828 9.9124184364594034e-05 -0.00090461914736366539 -0.00048348618206488036 -0.00037633643958345455 0.0092286644363322751 0.0047749901991419206 0.016719754367900273 -0.0010106613797358833 -0.00074583955885611122 0.0026742581679713713 -0.0025262954141751872 -0.0043400553029994326 0.014560719804307612 0.0042018378461167755 -0.0019513879498697217 -0.00096173714804052748
leaf_weight=136 114 121 181 467 62 84 78 810 181 75 104 126 62 80 469 172 114 298 137 85 187 102 1333 95 113 139 73 62 342 317
leaf_count=136 114 121 181 467 62 84 78 810 181 75 104 126 62 80 469 172 114 298 137 85 187 102 1333 95 113 139 73 62 342 317
internal_value=-0.00389872 -0.00635833 -0.00545505 -0.00214235 -0.00897641 -0.000735981 -0.00566364 -0.00998003 0.0029364 -0.00191472 0.00490566 0.011617 -0.00768025 0.00238095 0.00480916 -0.0146735 -0.01715 -0.00266429 0.002625 -0.00345458 -0.00200321 0.00588115 -0.00298715 0.00188725 0.0075 -0.00702929 -0.00329843 -0.00207101 -0.00766355 -0.00932982
internal_weight=6719 2995 2709 1400 1309 1279 545 1247 734 3724 366 230 952 142 650 286 295 3358 435 2923 2179 239 1940 607 373 234 186 164 744 659
internal_count=6719 2995 2709 1400 1309 1279 545 1247 734 3724 366 230 952 142 650 286 295 3358 435 2923 2179 239 1940 607 373 234 186 164 744 659
is_linear=0
shrinkage=0.035


Tree=78
num_leaves=31
num_cat=0
split_feature=260 174 102 37 49 230 104 148 93 93 4 150 156 52 270 123 180 50 22 259 252 6 203 200 272 261 37 112 150 12
split_gain=24.5953 19.3418 17.9134 23.1756 19.8704 17.9041 16.223 18.8612 19.6041 18.3666 21.0264 19.5637 19.4166 17.4935 15.9437 14.4312 22.6345 13.2461 13.2429 13.1561 13.0656 16.8468 12.959 12.8578 12.4695 18.4663 15.5554 13.1823 13.1313 13.0458
threshold=0.25266246329172309 -0.2204981447031327 -4.9684880574544268 23.571749687194828 1232.5000000000002 0.9205364171038789 2753.5000000000005 668.50000000000011 4551.0000000000009 851.50000000000011 -2.5983961204301127 0.027449991554021839 -0.85675036577259778 6002.5000000000009 58.744683778548065 0.0082023329566532598 -0.0014000050723552702 54.500000000000007 0.18989999592304233 0.057527080203463428 9.0722139987109447 -2.4823192259334586 -0.23817782139973456 -0.032399989664554589 0.029700003564357761 527.01501464843761 28.237400054931644 0.0097720191146127584 0.046649992465972907 9.100618403026056
decision_type=2 2 2 2 2 2 2 2 2 2 2 2 2 2 2 2 2 2 2 2 2 2 2 2 2 2 2 2 2 2
left_child=15 -2 4 23 -3 -6 7 8 9 17 11 -11 -12 18 -15 16 -1 -5 -13 -18 21 -14 -9 -4 28 27 -27 -26 29 -17
right_child=1 2 3 6 5 -7 -8 22 -10 10 12 13 20 14 -16 24 19 -19 -20 -21 -22 -23 -24 -25 25 26 -28 -29 -30 -31
leaf_value=-0.0018154153135382732 -0.00067239989488570965 -0.0017788544217521175 -0.000337940065962393 8.896573109059476e-05 -0.00077722662873136179 9.4276899298125229e-05 0.0052713508485541993 -0.0005330873946537318 -0.00096536949348869088 0.0065352027962437258 -0.00043107898223438941 0.014820199936958257 0.0057548226301472535 -0.00098720042892517525 -0.0022654561118194152 -0.00059801816334401265 0.0024975668079224894 -0.001628238502452063 -0.00087765509498569571 0.017432854953583137 -0.00043193791214632659 4.9676458974439458e-05 -0.0012618706486671944 0.016565670178189256 0.0077511908122622443 0.019309789972394117 5.0041142678606828e-05 -0.0017897650930095467 -0.0013292587839715368 0.00038311804422108854
leaf_weight=136 117 159 100 60 340 187 76 74 107 60 146 76 236 223 148 1488 104 183 92 126 100 242 187 82 79 84 87 185 744 691
leaf_count=136 117 159 100 60 340 187 76 74 107 60 146 76 236 223 148 1488 104 183 92 126 100 242 187 82 79 84 87 185 744 691
internal_value=-0.00374256 -0.00610167 -0.00551162 -0.00395084 -0.0104342 -0.00703947 -0.00503722 -0.00566787 -0.00427592 -0.00325271 -0.00160768 -0.00643212 0.00240055 -0.00855699 -0.0127527 -0.00183964 0.00471698 -0.011996 0.000809249 0.0113191 0.00528302 0.00768116 -0.0143421 0.00786096 -0.00256021 0.00294318 0.011733 -0.00286245 -0.00338286 -0.00200321
internal_weight=6719 2995 2878 2192 686 527 2010 1934 1673 1566 1323 599 724 539 371 3724 366 243 168 230 578 478 261 182 3358 435 171 264 2923 2179
internal_count=6719 2995 2878 2192 686 527 2010 1934 1673 1566 1323 599 724 539 371 3724 366 243 168 230 578 478 261 182 3358 435 171 264 2923 2179
is_linear=0
shrinkage=0.035


Tree=79
num_leaves=31
num_cat=0
split_feature=174 254 154 1 200 79 27 153 258 115 8 6 256 129 268 258 166 68 76 63 261 173 68 193 247 144 90 43 5 266
split_gain=24.4894 20.7746 16.8847 17.2804 16.1031 19.4874 15.4342 14.6504 16.8946 25.2977 26.4515 16.122 29.8378 27.6407 19.8994 14.3505 12.5489 12.056 12.0078 17.8977 17.0799 12.9875 17.5488 16.9807 12.8167 12.1807 22.1 13.4854 11.3022 13.0134
threshold=-0.2204981447031327 37.950123044188103 -0.068702297843157303 837.50000000000011 -0.060899995267391198 0.016064538893664975 7485.0000000000009 0.68813263820668602 0.030199997127056125 2590.5000000000005 -74.741689233464669 -28.994842153394494 32.664069559071159 6362.5000000000009 -9.0111483886007289 0.018800012767314914 0.69890520898378761 0.033816624368037347 0.34945000708103185 6197.5000000000009 525.60000610351574 0.12268050568741673 0.016461168295700244 -0.12688943131332769 637.23498535156261 19.709317278449259 0.015037615730038057 0.25315000116825109 87.75655496941306 -1.7267694732753245
decision_type=2 2 2 2 2 2 2 2 2 2 2 2 2 2 2 2 2 2 2 2 2 2 2 2 2 2 2 2 2 2
left_child=-1 2 3 6 5 -4 7 8 11 10 -10 12 13 14 -2 -8 28 -9 19 20 21 22 -6 -23 -21 -20 -27 -28 29 -13
right_child=1 -3 4 -5 18 -7 15 17 9 -11 -12 16 -14 -15 -16 -17 -18 -19 25 24 -22 23 -24 -25 -26 26 27 -29 -30 -31
leaf_value=-0.00076704936627260915 -0.0037994725806505454 -0.0023241680830467645 0.0050742468834751673 -0.0010600695667904007 -0.00052436942044695623 -0.0017165945768232284 -0.00090665957747242294 -0.00086012103296282294 -0.00099961017087739725 -0.0011625217725232508 0.008592205533290145 -0.00019948701726727472 -0.0009147449597980171 0.025896413209286109 0.0092014921348593896 0.01624591907648323 0.00019819133429624771 -9.1568715913846748e-05 0.0059252220766030416 -0.00096529261643998952 0.0074620045352752308 0.0040593605077584296 0.0055217254814885052 -0.0014067587491238063 0.0063932598551976454 0.00011765581766474187 -0.00038763579141394252 -0.0019126249098871853 0.00035416480589819889 -0.00093350565185403695
leaf_weight=182 60 175 84 488 139 221 65 285 184 80 259 361 870 62 104 67 161 111 84 165 251 61 188 92 78 467 176 171 114 914
leaf_count=182 60 175 84 488 139 221 65 285 184 80 259 361 870 62 104 67 161 111 84 165 251 61 188 92 78 467 176 171 114 914
internal_value=-0.00359682 -0.00323678 -0.00290247 -0.00420167 -0.000401008 -0.00779032 -0.0033752 -0.00381373 -0.0030104 0.0027178 0.00601563 -0.00414561 -0.0008901 0.010303 0.00248521 0.00817518 -0.0064373 -0.0101247 0.000820458 0.00350358 0.00622962 0.00230928 0.00621988 -0.00598101 -0.00465726 -0.00209302 -0.0034188 -0.0100426 -0.00750717 -0.00844922
internal_weight=6719 6537 6362 4185 2177 305 3697 3565 3169 523 443 2646 1096 226 164 132 1550 396 1872 974 731 480 327 153 243 898 814 347 1389 1275
internal_count=6719 6537 6362 4185 2177 305 3697 3565 3169 523 443 2646 1096 226 164 132 1550 396 1872 974 731 480 327 153 243 898 814 347 1389 1275
is_linear=0
shrinkage=0.035


Tree=80
num_leaves=31
num_cat=0
split_feature=104 199 49 147 181 137 104 13 137 30 2 260 151 150 33 13 200 93 38 209 254 230 71 261 58 255 115 149 183 93
split_gain=25.0394 18.1186 16.7474 16.5918 18.4618 15.3683 18.0761 14.9751 14.924 14.0292 44.0418 20.6821 18.7784 33.7908 28.236 33.7059 21.4589 21.2007 22.5311 17.7881 14.2809 12.0674 13.6813 16.164 12.2632 13.2133 12.005 16.3908 13.709 21.6151
threshold=184.00000000000003 8.6482192377512508 6070.0000000000009 22.239899635314945 0.095800001174211516 3518.0000000000005 58.500000000000007 12.910240833508222 4794.5000000000009 6412.5000000000009 6391.4899902343759 -0.062527392738251933 0.15427500009536746 0.034549996256828315 0.19045000523328784 24.627282286421035 -0.018250003457069394 1551.0000000000002 1231.5000000000002 12.070384640608752 34.142942385024803 10.458856795128037 1220.0000000000002 491.56999206542974 -13.218706786281329 -0.5309507279510618 3467.5000000000005 9.5000000000000018 0.66293488906381526 1856.5000000000002
decision_type=2 2 2 2 2 2 2 2 2 2 2 2 2 2 2 2 2 2 2 2 2 2 2 2 2 2 2 2 2 2
left_child=2 -2 5 -3 -5 21 -7 -6 9 10 12 -11 13 17 15 -14 -17 -9 -19 -13 26 22 -1 -24 -25 -26 28 -28 -16 -30
right_child=1 3 -4 4 7 6 -8 8 -10 11 -12 19 14 -15 20 16 -18 18 -20 -21 -22 -23 23 24 25 -27 27 -29 29 -31
leaf_value=-0.0019394921196145992 0.0049363721092802685 -0.0017597083169257417 -0.00080926568330549713 0.0090772970688873349 -0.0008378926784824032 0.013436803466911474 -0.00092800000957321701 -0.0019460128453044679 0.0029414954093572015 -0.0042687906736419068 0.010162881785463948 -0.00010997022310974465 0.021749985957517742 -0.00074051673075627546 -0.0004431542697470073 -0.0015317423607713505 0.012279153862001463 -0.00054965955672330318 0.010216917079303688 -0.0040002616781348761 -0.0018405257345323943 0.00012391129368369421 0.00064754114292402305 0.00018607168158887551 1.9209915015067637e-05 -0.00054040444019421709 -0.002153552194205662 0.0001825430094838393 0.012390503958415401 -0.00020985071662994905
leaf_weight=177 118 288 70 78 73 61 62 72 129 74 122 230 90 371 3026 153 79 62 121 69 148 74 77 66 69 285 133 75 75 192
leaf_count=177 118 288 70 78 73 61 62 72 129 74 122 230 90 371 3026 153 79 62 121 69 148 74 77 66 69 285 133 75 75 192
internal_value=-0.00392995 -0.00306242 -0.00921247 -0.00334863 -0.00290311 -0.0077911 0.00355469 -0.0031572 -0.00292671 -0.00322739 -0.00270428 -0.00972222 -0.00326271 -0.0088748 -0.00236796 0.00749235 0.000295359 0.000942308 0.00726064 -0.00541118 -0.00324713 -0.00966799 -0.011134 -0.00801793 -0.0107059 -0.0132591 -0.00278523 -0.0108451 -0.00226046 0.00527574
internal_weight=6719 5778 941 5660 5372 871 123 5294 5221 5092 4719 373 4597 626 3971 322 232 255 183 299 3649 748 674 497 420 354 3501 208 3293 267
internal_count=6719 5778 941 5660 5372 871 123 5294 5221 5092 4719 373 4597 626 3971 322 232 255 183 299 3649 748 674 497 420 354 3501 208 3293 267
is_linear=0
shrinkage=0.035


Tree=81
num_leaves=31
num_cat=0
split_feature=104 199 49 90 13 33 44 137 58 63 215 213 240 123 65 133 218 50 148 224 104 225 265 214 273 28 270 221 156 282
split_gain=26.5576 17.8254 16.5853 15.9948 15.4135 15.0508 22.5796 16.7495 15.7126 17.4239 19.1417 16.7882 15.8808 13.8138 13.0747 12.7886 11.4682 10.1793 16.0208 12.3454 13.8903 15.68 15.1059 14.6968 14.4885 12.9886 12.9732 11.5219 13.7976 11.18
threshold=184.00000000000003 8.6482192377512508 6070.0000000000009 0.028985502572484906 12.910240833508222 0.12919999659061435 0.10594999790191652 5002.5000000000009 -12.736693235466616 6017.5000000000009 -0.059049986302852624 9.4253710901704615 33.940167535908571 0.013714279561148192 0.34524999558925634 32.933968675402376 7.4426171759642097 169.50000000000003 58.500000000000007 0.99999999999191858 832.50000000000011 0.22170381407527481 1.9810551926330302 0.014549992978572847 -0.17597758415075973 104.50000000000001 61.039698996823383 25.998874278206362 -0.4149139611130383 1.0000000180025095e-35
decision_type=2 2 2 2 2 2 2 2 2 2 2 2 2 2 2 2 2 2 2 2 2 2 2 2 2 2 2 2 2 2
left_child=2 -2 3 13 -3 16 -7 8 9 10 -8 -12 17 14 -1 -13 -6 -10 -19 20 21 22 29 -22 -25 -26 -27 -28 -29 -20
right_child=1 4 -4 -5 5 6 7 -9 12 -11 11 15 -14 -15 -16 -17 -18 18 19 -21 23 -23 -24 24 25 26 27 28 -30 -31
leaf_value=-0.00085646274053342917 0.004763599085455459 -0.00082376039555911811 -0.00078094138438980466 0.00020463133133935777 -0.001140426298845575 -0.0011321282732661459 -0.0022505470373052495 0.0047124372602493679 -0.00043676504367166951 -0.0020034542939907172 -0.0008881638738239717 0.017997956427349974 -0.001836799965124351 -0.00058925545000269007 0.00023057380927810818 4.3148337437503572e-05 0.01209861341157707 0.0098781441490407833 -0.0011718956996587338 0.016485158997094369 0.008718813484081496 0.0022166400671290469 0.00064464623600519696 0.0085955158832130354 -0.0023705626219089945 -0.0013307789921309866 0.013176369127646482 0.010353781520291165 -0.0011326577301336697 6.9726531722386085e-06
leaf_weight=144 118 74 70 129 69 132 77 94 2590 326 106 64 142 428 170 100 92 62 345 63 116 139 93 116 88 353 75 76 179 89
leaf_count=144 118 74 70 129 69 132 77 94 2590 326 106 64 142 428 170 100 92 62 345 63 116 139 93 116 88 353 75 76 179 89
internal_value=-0.00384667 -0.00295348 -0.00928647 -0.007871 -0.00323742 -0.00301735 -0.00333241 -0.00296621 -0.00323501 -0.00820796 -0.00268466 0.00178182 -0.00248731 -0.00983936 -0.00416928 0.00869822 0.00737952 -0.00210526 -7.7821e-05 -0.000725389 -0.0013172 -0.0052161 -0.00796053 0.00128472 -0.000274664 -0.00202964 -0.000356105 0.00459701 0.000942308 -0.0106834
internal_weight=6719 5778 941 871 5660 5586 5425 5293 5199 673 347 270 4526 742 314 164 161 4384 1794 1732 1669 666 527 1003 887 771 683 330 255 434
internal_count=6719 5778 941 871 5660 5586 5425 5293 5199 673 347 270 4526 742 314 164 161 4384 1794 1732 1669 666 527 1003 887 771 683 330 255 434
is_linear=0
shrinkage=0.035


Tree=82
num_leaves=31
num_cat=0
split_feature=174 47 9 60 170 17 165 9 282 148 262 47 19 261 104 71 136 256 271 211 47 38 91 182 275 275 223 211 150 251
split_gain=23.1896 17.1478 16.9623 18.374 16.2185 16.0876 19.3792 17.3522 14.9872 19.6001 14.4058 13.566 20.315 22.6511 13.0035 14.4832 15.6203 14.9609 13.8899 17.539 17.1122 13.7212 13.7438 13.2029 12.8406 12.5631 12.1124 12.0903 17.8458 14.5221
threshold=-0.2204981447031327 -11.809601175248467 26.071530069854507 1391.0000000000002 0.0025000013411045079 33.940167535908571 0.020240014767027383 -17.797866784714888 1.0000000180025095e-35 256.50000000000006 0.18996025320183743 -5.6210282163428804 5712.5000000000009 523.65499877929699 1434.5000000000002 1838.0000000000002 36.622049331665046 32.318417700717056 6.6144045125087798 -0.26193353215821197 -5.0856186622716075 1073.5000000000002 -4.3425587941235282 0.34594926350144056 -0.46097432199410088 -0.85021884258795744 22.835281725671269 0.69300530218979695 0.052000023424625404 -0.19290859759546472
decision_type=2 2 2 2 2 2 2 2 2 2 2 2 2 2 2 2 2 2 2 2 2 2 2 2 2 2 2 2 2 2
left_child=-1 2 3 4 -2 6 7 -3 -4 -10 14 -9 -13 -14 18 -16 -17 -18 21 -20 25 22 -8 24 -23 -21 -24 28 29 -12
right_child=1 5 8 -5 -6 -7 10 11 9 -11 27 12 13 -15 15 16 17 -19 19 20 -22 23 26 -25 -26 -27 -28 -29 -30 -31
leaf_value=-0.00068255973360527614 0.013458549997614028 -0.0033513584548426189 -0.0010907298319961804 0.0048653389678879324 -0.0026396859224438038 -0.0018563443900615853 0.00040359792807262516 0.0045364154784322749 0.021163064492953628 -0.00079907651541707373 2.349257976932945e-05 -0.0030439149026310476 0.017384261388989013 -0.00051292488169188747 -0.0004125208103612366 0.01104180465355953 -0.0038544901712699695 0.011952356596076083 0.01248936912111283 0.0011757737360512002 -0.0026741939242796667 0.00022767626979108171 -0.00017678247767419165 -0.0010444149298902124 -0.0010366637212335576 -0.00022715989740809353 -0.0012467569498497122 -0.00089074636417576191 0.00048297512185568441 -0.0016955756497528064
leaf_weight=182 62 60 576 175 189 175 154 352 60 116 134 112 66 67 691 150 63 78 121 258 110 153 590 229 460 546 81 135 233 341
leaf_count=182 62 60 576 175 189 175 154 352 60 116 134 112 66 67 691 150 63 78 121 258 110 153 590 229 460 546 81 135 233 341
internal_value=-0.00392995 -0.00357918 -0.00739645 -0.00178654 -0.00779297 -0.00273397 -0.00237425 0.00322508 -0.0105416 -0.00154696 -0.00318954 0.00505814 -0.00126 0.00786232 -0.00223909 0.00120567 0.00768581 -0.000719178 -0.00349095 -0.000302885 -0.00198041 -0.00546352 -0.00223494 -0.00859504 -0.00583333 -0.000173053 -0.00440089 -0.00730542 -0.00539972 -0.00926042
internal_weight=6719 6537 1178 426 251 5359 5184 657 752 176 4527 597 245 133 3684 982 291 141 2702 1035 914 1667 825 842 613 804 671 843 708 475
internal_count=6719 6537 1178 426 251 5359 5184 657 752 176 4527 597 245 133 3684 982 291 141 2702 1035 914 1667 825 842 613 804 671 843 708 475
is_linear=0
shrinkage=0.035


Tree=83
num_leaves=31
num_cat=0
split_feature=173 59 213 82 148 256 34 115 74 163 13 50 266 17 224 153 13 261 182 46 6 232 261 179 115 193 12 257 25 32
split_gain=23.2656 17.0602 23.2041 17.9438 23.3473 21.8628 30.6792 18.9039 19.4052 17.9955 19.5576 17.5855 16.3119 16.3433 16.6992 20.1712 15.9961 15.9323 15.6401 14.9634 14.5051 16.1251 13.9672 16.9599 14.774 23.7884 21.5147 15.0736 18.9064 13.0572
threshold=0.97795712479435604 30.279150009155277 8.7973217825153096 913.00000000000011 549.50000000000011 21.926587648921892 2.4047403948040489 372.50000000000006 5527.5000000000009 0.76657513344477313 24.627282286421035 47.500000000000007 -9.6823692533254384 33.940167535908571 -0.9259677361193569 0.41364790154097947 31.098099546632316 486.81500244140631 0.20680432739701479 0.025052326444109679 -54.135771511946849 17.284477618327859 545.47000122070324 13.912339448947925 298.00000000000006 -0.14520855613739561 6.0083679911776002 7.9396136797411128 -8.7447511490704297 0.14234999567270282
decision_type=2 2 2 2 2 2 2 2 2 2 2 2 2 2 2 2 2 2 2 2 2 2 2 2 2 2 2 2 2 2
left_child=1 -1 19 4 7 6 -5 17 -9 10 -7 -10 18 14 20 22 -6 -4 -12 -3 21 -14 24 -24 -16 26 -26 29 -29 -27
right_child=-2 2 3 5 16 9 -8 8 11 -11 12 -13 13 -15 15 -17 -18 -19 -20 -21 -22 -23 23 -25 25 27 -28 28 -30 -31
leaf_value=-0.0007439865397351526 -0.00052471485889755065 0.011647999475302971 0.013048895773601585 0.0004376407517608067 4.9824482570940967e-05 0.015261416075278322 -0.0020644431420730482 -0.0021480808560298305 0.0012723138761269674 -0.0020538801620604342 -0.0017874146271698612 -0.00029864511846339708 0.00020026931013502366 -0.002488928107133252 -0.0010125953991918489 0.0060138399014614862 -0.0017655719627949064 -0.0002272227599494406 0.007057532562140075 -0.0002600768479383031 0.015594392306017174 0.015754065449098572 -0.0016658527245467316 -0.00017196444242806587 0.016872974993553794 0.00072303044956493654 0.0056352261134878347 0.01706026970625071 -0.0018264505383187672 -0.0025098289538581075
leaf_weight=1337 86 108 65 157 68 76 210 97 96 94 413 1469 250 84 178 225 388 61 65 65 69 94 134 201 99 69 203 60 80 118
leaf_count=1337 86 108 65 157 68 76 210 97 96 94 413 1469 250 84 178 225 388 61 65 65 69 94 134 201 99 69 203 60 80 118
internal_value=-0.00394036 -0.00369614 -0.00279947 -0.00322835 -0.00557137 -0.00139563 -0.00931452 -0.00374791 -0.00474505 -0.000222487 0.000375567 -0.00376752 -0.000208777 0.00127341 0.002 0.000127551 -0.012603 0.00908397 -0.00594203 0.00963483 0.00812201 0.00501433 -0.00176983 -0.00772059 0.000732759 0.0032571 0.0102606 -0.00326807 0.00531034 -0.00966146
internal_weight=6719 6633 5296 5123 2244 2879 367 1788 1662 2512 2418 1565 2342 1864 1780 1367 456 126 478 173 413 344 1142 335 807 629 302 327 140 187
internal_count=6719 6633 5296 5123 2244 2879 367 1788 1662 2512 2418 1565 2342 1864 1780 1367 456 126 478 173 413 344 1142 335 807 629 302 327 140 187
is_linear=0
shrinkage=0.035


Tree=84
num_leaves=31
num_cat=0
split_feature=173 59 213 82 256 34 163 13 182 266 261 63 126 136 228 126 183 104 60 82 37 104 170 183 173 151 180 126 223 274
split_gain=23.5735 16.1765 17.3976 14.2556 15.8434 25.1204 18.821 18.056 16.0634 14.8378 15.9677 16.2462 14.5099 14.7468 14.3817 14.3026 17.2836 14.1993 20.0519 16.2616 23.9838 16.4627 21.134 16.4603 15.4363 14.5184 14.478 13.984 13.7476 13.2028
threshold=0.97795712479435604 30.279150009155277 8.7973217825153096 913.00000000000011 21.926587648921892 2.3855658557459614 0.75935214419842023 24.627282286421035 0.12860106698208371 -9.6823692533254384 533.71499633789074 6267.5000000000009 645.50000000000011 34.928199768066413 -10.145917353600597 504.00000000000006 0.48417105431359458 196.50000000000003 72.500000000000014 503.50000000000006 31.999250411987308 1366.0000000000002 0.025399990379810337 0.64414183060312846 0.59555181155084858 0.19002499803900721 0.0068000182509422311 2016.0000000000002 4.7056921047625613 0.026162523895201788
decision_type=2 2 2 2 2 2 2 2 2 2 2 2 2 2 2 2 2 2 2 2 2 2 2 2 2 2 2 2 2 2
left_child=1 -1 -3 12 5 28 7 -6 9 -9 14 -12 17 29 -11 16 -10 18 -4 23 21 22 -21 24 -19 -25 -22 -13 -5 -14
right_child=-2 2 3 4 6 -7 -8 8 15 10 11 27 13 -15 -16 -17 -18 19 -20 20 26 -23 -24 25 -26 -27 -28 -29 -30 -31
leaf_value=-0.00071794701084442142 -0.00050634983883613457 0.0067529374545977957 0.0069437566325913679 -0.0024796889759350522 0.014727266512643581 -0.0019162270691766277 -0.0018946524657569928 -0.0017248551152189142 -0.0025087031677967931 -0.0017140458672549532 -0.0017196129219205611 0.0035473928243549098 0.00057831027809169275 -0.00179532779381415 0.0028620876843173694 0.0048243537244265864 0.0066910156623519752 0.0079449704065599723 -0.00040611175152753477 -0.001626135741866147 0.0072989413361270817 0.011007423662796917 0.00013011919027855397 0.008377872266753187 -0.00056981332923794839 3.6694543145168183e-05 -0.00064325145364678622 -0.0028857011348449482 0.0065735115239477174 -0.00087668565387354969
leaf_weight=1337 86 173 89 70 76 215 96 391 120 115 90 143 115 295 541 802 73 115 464 272 100 62 100 106 142 72 66 65 82 246
leaf_count=1337 86 173 89 70 76 215 96 391 120 115 90 143 115 295 541 802 73 115 464 272 100 62 100 106 142 72 66 65 82 246
internal_value=-0.00382585 -0.00358014 -0.00270704 -0.0030782 -0.00144417 -0.00818548 -0.000444974 0.000173482 -0.00038806 -0.00287778 -0.000510949 -0.00716172 -0.00516674 -0.00953101 0.0025416 0.002975 -0.0054798 -0.00333961 -0.0078405 -0.000908654 -0.0046281 -0.00892938 -0.0116976 0.00421591 -0.00146947 0.0122404 0.00654971 -0.00164319 0.00267516 -0.00468579
internal_weight=6719 6633 5296 5123 2879 367 2512 2416 2340 1345 954 298 2244 656 656 995 193 1588 553 1035 600 434 372 435 257 178 166 208 152 361
internal_count=6719 6633 5296 5123 2879 367 2512 2416 2340 1345 954 298 2244 656 656 995 193 1588 553 1035 600 434 372 435 257 178 166 208 152 361
is_linear=0
shrinkage=0.035


Tree=85
num_leaves=31
num_cat=0
split_feature=163 137 13 193 5 60 221 31 173 64 103 193 274 124 24 13 215 61 249 33 129 261 60 267 211 115 6 233 27 119
split_gain=21.7371 13.6845 23.1017 22.2169 13.7887 24.7029 36.818 25.0366 19.8926 18.1428 17.5463 35.3302 16.2891 17.8062 17.7282 15.8253 15.3871 14.7372 14.1598 13.6684 19.0395 44.3327 17.5344 23.1059 17.2691 24.1447 19.7325 16.6079 16.472 31.9196
threshold=0.9754563100698096 5203.0000000000009 32.810533421209847 0.95509914907001459 35.969723980164396 823.50000000000011 38.698474934331891 -39.789687153446984 0.049776971573228072 8.5591318184952154 54.906049728393562 0.72022088744465418 0.87746417982567049 -1.4734743285560892 0.028370194461199757 83.274913416035275 -0.062150008976459496 16.500000000000004 -0.20088072561652567 0.12919999659061435 6417.5000000000009 569.51501464843761 3241.5000000000005 -9.1584995895438421 -0.80062112382522244 518.50000000000011 -61.078452631311343 6391.4899902343759 1004.0000000000001 20.688881928944138
decision_type=2 2 2 2 2 2 2 2 2 2 2 2 2 2 2 2 2 2 2 2 2 2 2 2 2 2 2 2 2 2
left_child=1 3 -3 4 5 6 7 8 15 -8 12 16 13 14 -6 -1 -12 -7 -11 -19 21 22 23 -21 -24 26 -26 -23 -25 -30
right_child=-2 2 -4 -5 10 17 9 -9 -10 18 11 -13 -14 -15 -16 -17 -18 19 -20 20 -22 27 24 28 25 -27 -28 -29 29 -31
leaf_value=0.0067054370350745577 -0.00060814484878362284 -0.00034450632939326159 0.015021448350330577 -0.00068785880987388417 7.2090112711761524e-05 0.0066905675842953514 -0.001135975329341783 0.015160829638421284 -0.0028132521691420572 -0.00024294935687244531 0.009764165533661058 -0.0013839656309985711 0.0071228028804889848 -0.0019192070552976116 -0.00050891240283221066 -0.0042286602978911939 0.0011871270566068547 0.0080941053443863587 0.013334942770978712 -0.0060405280631316014 -0.0025925427246584185 0.00053977029093279583 -0.002038560870905952 1.0876976323692667e-05 0.0063456943715918205 -0.00053548487164997 0.024683404661499053 0.015687567357315323 -0.00070189742682601924 -0.0040900765518629067
leaf_weight=91 77 61 99 250 358 62 63 115 154 86 64 129 68 133 1527 65 226 101 344 84 263 65 83 489 78 145 69 69 1177 124
leaf_count=91 77 61 99 250 358 62 63 115 154 86 64 129 68 133 1527 65 226 101 344 84 263 65 83 489 78 145 69 69 1177 124
internal_value=-0.00383626 -0.00361216 0.00636364 -0.00386311 -0.00344557 -0.00209137 0.00288191 -0.00463953 -0.00977778 0.00934739 -0.00545219 0.00107311 -0.00676231 -0.00733564 -0.00642593 -0.000869565 0.00783051 -0.00371891 0.011908 -0.00410792 -0.00459449 -0.00359087 -0.00476708 -0.00614689 0.00211842 0.00612795 0.0158882 0.0156115 -0.00526462 -0.00731623
internal_weight=6719 6642 160 6482 6232 3727 918 425 310 493 2505 419 2086 2018 1885 156 290 2809 430 2747 2646 2383 2249 1874 375 292 147 134 1790 1301
internal_count=6719 6642 160 6482 6232 3727 918 425 310 493 2505 419 2086 2018 1885 156 290 2809 430 2747 2646 2383 2249 1874 375 292 147 134 1790 1301
is_linear=0
shrinkage=0.035


Tree=86
num_leaves=31
num_cat=0
split_feature=104 163 60 132 116 273 65 273 203 184 272 9 254 5 256 211 125 104 211 192 60 126 5 60 10 123 49 261 12 104
split_gain=21.9338 14.747 15.1744 13.5775 19.0638 15.6382 13.1001 13.8114 12.6556 12.4519 11.4127 17.5042 23.5505 11.8516 25.6891 20.891 20.4218 15.8176 24.6654 21.8918 16.1139 14.276 14.1767 13.1576 12.7827 12.9096 18.3303 16.1705 14.734 12.6437
threshold=184.00000000000003 0.9754563100698096 72.500000000000014 0.10514999926090242 112.50000000000001 0.29183336486842842 0.34524999558925634 0.2678823255752561 0.96832653177539019 -0.19929077155969357 -0.012549996376037596 -19.22178379207018 -0.66234437824441705 -4.281979294888429 32.664069559071159 -0.21859851904207248 51.638099670410163 474.00000000000006 0.17512659640740388 -0.037664917009185554 428.00000000000006 140.00000000000003 28.704541977719867 582.50000000000011 215.82241848603266 0.0087464355528883899 1651.5000000000002 520.72998046875011 9.250664974848652 971.00000000000011
decision_type=2 2 2 2 2 2 2 2 2 2 2 2 2 2 2 2 2 2 2 2 2 2 2 2 2 2 2 2 2 2
left_child=1 2 -1 -2 8 -6 -4 -8 9 -5 -11 12 -12 14 15 -13 29 18 -15 22 -21 -22 -20 -23 25 26 28 -28 -19 -16
right_child=3 -3 6 4 5 -7 7 -9 -10 10 11 13 -14 17 16 -17 -18 24 19 20 21 23 -24 -25 -26 -27 27 -29 -30 -31
leaf_value=0.00041692460821276606 0.0031067393674615372 -0.00062272681840156222 -0.00089225287290996226 -0.001029938856327773 -0.0014512681344818225 0.00016255582486001454 -0.00043486458155989841 0.00072652070904466589 0.0060985320812340666 0.0043315727573857389 -0.003547583454932893 0.023453534753161524 0.0035987610835273172 0.014057463650648926 -0.00088769494900324325 0.0010783730350357684 -0.0034321737370749919 -0.0019516005483664791 0.021712505802152424 -0.0021599425996405631 0.0071688946237403661 0.0033677207507740938 2.6064063008812147e-05 -0.0011127977685696649 0.0013505234071146907 -0.0005352664213817271 0.016501122157615421 0.00027146855232368594 0.0032360242885405921 0.0063094829169873592
leaf_weight=138 100 65 329 68 477 128 335 74 71 76 261 61 71 137 185 101 81 99 78 78 75 74 157 181 63 2584 65 123 87 297
leaf_count=138 100 65 329 68 477 128 335 74 71 76 261 61 71 137 185 101 81 99 78 78 75 74 157 181 63 2584 65 123 87 297
internal_value=-0.00397159 -0.00891649 -0.0076277 -0.00315926 -0.0033873 -0.0092377 -0.00960969 -0.00532609 -0.00268117 -0.00289395 -0.00267868 -0.00289328 -0.0105935 -0.00231737 0.00177397 0.0138323 -0.00178697 -0.00309905 0.00133758 -0.00156636 -0.00644068 -0.00292537 0.00685417 -0.00686538 -0.00424488 -0.00458319 0.00147757 0.00906736 -0.00623037 0.00100616
internal_weight=6719 941 876 5778 5678 605 738 409 5073 5002 4934 4858 332 4526 725 162 563 3801 780 643 408 330 235 255 3021 2958 374 188 186 482
internal_count=6719 941 876 5778 5678 605 738 409 5073 5002 4934 4858 332 4526 725 162 563 3801 780 643 408 330 235 255 3021 2958 374 188 186 482
is_linear=0
shrinkage=0.035


Tree=87
num_leaves=31
num_cat=0
split_feature=163 254 123 134 259 115 232 154 215 162 76 193 43 271 193 224 134 4 221 249 35 35 83 160 211 146 82 90 104 163
split_gain=21.5582 13.4673 14.1049 17.6148 15.6431 12.5906 15.4246 11.0772 14.2363 20.1329 13.7176 12.8725 12.7851 12.4023 11.9619 11.9592 23.3615 13.0827 16.2402 16.7353 15.6701 13.8002 12.5921 13.2368 12.3831 10.8346 10.7602 10.32 15.4523 14.4356
threshold=0.9754563100698096 34.142942385024803 0.0085106978179715232 0.015372799423790036 0.25265037521456196 1219.0000000000002 10.59566731583528 -0.020618561513065497 -0.03655001521110534 0.024955516014138469 0.34915000200271612 0.59228696217780885 0.25544999539852148 6.4941586302985259 -0.94205176725260198 0.99999999999276679 0.01324502683868478 12.51355901528186 119.19943547410524 -0.35067402560151612 0.055815185719595324 0.022730185754137558 29.500000000000004 0.038350000977516181 0.11533372141663316 -1.5449091502978376 594.50000000000011 0.027212150274381338 350.50000000000006 0.26959191043676856
decision_type=2 2 2 2 2 2 2 2 2 2 2 2 2 2 2 2 2 2 2 2 2 2 2 2 2 2 2 2 2 2
left_child=1 2 3 4 5 6 -1 14 9 13 26 12 -12 -9 -4 17 -17 18 19 -16 21 -19 23 -21 -20 -22 -10 -24 -29 -30
right_child=-2 -3 7 -5 -6 -7 -8 8 10 -11 11 -13 -14 -15 15 16 -18 20 24 22 25 -23 27 -25 -26 -27 -28 28 29 -31
leaf_value=0.0096641071381564983 -0.00056506434043214211 -0.0018012404236553328 -0.0015780094877387253 -0.0018752989994769169 0.012958868807646108 -0.002110280618819931 -0.0002707750931496783 0.01614346357253757 -0.00040497438875658877 -0.0014246008036409375 6.8591883275420654e-05 0.0067498263079177447 -0.002105378354226519 -0.00082135437830987154 -0.0019568494493107723 -0.00098186222258512829 0.014893328360634159 0.00038213868911965768 -0.00013739227681171224 -0.00042315499730211515 -0.00048624772945206568 -0.00061307463970437293 -0.00037524032685674782 0.0061739378626227285 -0.0014697094618765648 0.00033299222933904976 0.0076851590823025168 0.00028561287105730059 -0.0006616125090820466 -0.0027030338074024488
leaf_weight=107 77 225 90 96 122 99 195 62 74 239 137 63 88 85 226 113 94 68 68 91 63 497 2649 92 170 89 235 112 210 183
leaf_count=107 77 225 90 96 122 99 195 62 74 239 137 63 88 85 226 113 94 68 68 91 63 497 2649 92 170 89 235 112 210 183
internal_value=-0.00390913 -0.00368587 -0.00338446 0.0016266 0.00417614 0.000775862 0.00433225 -0.00392039 -0.000531377 -0.0057289 0.00284884 -0.00262799 -0.00654348 0.004375 -0.004611 -0.00435835 0.00379717 -0.00473579 -0.0039083 -0.00330577 -0.0090651 -0.0117281 -0.00267056 0.00614362 -0.0126749 0.00089172 0.00791401 -0.00319088 -0.0077549 -0.0109925
internal_weight=6719 6642 6417 619 523 401 302 5798 983 386 597 288 225 147 4815 4725 207 4518 3801 3563 717 565 3337 183 238 152 309 3154 505 393
internal_count=6719 6642 6417 619 523 401 302 5798 983 386 597 288 225 147 4815 4725 207 4518 3801 3563 717 565 3337 183 238 152 309 3154 505 393
is_linear=0
shrinkage=0.035


Tree=88
num_leaves=31
num_cat=0
split_feature=104 159 103 127 213 271 260 261 37 35 178 267 49 225 121 261 13 115 60 122 129 10 11 111 258 41 60 151 256 183
split_gain=19.4605 14.91 12.3103 18.272 14.0168 12.8052 12.692 11.9736 20.7427 14.4108 12.336 11.9118 11.5551 13.3766 11.1253 44.1771 36.6945 23.8456 20.9184 18.5036 19.6366 31.1099 26.2292 34.671 25.685 19.4141 21.941 24.0771 20.6167 19.2056
threshold=184.00000000000003 14.876087196144864 37.729400634765632 117.50000000000001 8.7973217825153096 6.4941586302985259 0.77047109442402129 487.61999511718756 22.387800216674808 0.059714808795473098 0.019900009036064151 -2.9337902530301991 2701.0000000000005 0.085627340231206592 0.31219999492168432 486.14500427246099 48.929552552533117 645.00000000000011 1265.0000000000002 38.239805706388594 5922.5000000000009 92.424287995469811 52.195575313216786 29.246502604882664 0.0087999850511550921 6042.5000000000009 579.00000000000011 0.24680000543594363 65.932364681742257 0.80137395582260884
decision_type=2 2 2 2 2 2 2 2 2 2 2 2 2 2 2 2 2 2 2 2 2 2 2 2 2 2 2 2 2 2
left_child=1 7 3 5 -4 -2 14 8 -1 10 -9 -7 13 -13 15 -6 -16 18 -18 20 21 22 -17 -24 -22 26 -26 28 -28 -27
right_child=2 -3 4 -5 6 11 -8 9 -10 -11 -12 12 -14 -15 16 19 17 -19 -20 -21 24 -23 23 -25 25 29 27 -29 -30 -31
leaf_value=-0.0028596697130908238 5.1722574122142213e-05 0.00042016080349064846 0.0063355637721558763 -0.0031436502652636665 0.015182650589011262 0.00073478047272627694 0.0046312037481716119 -0.000876628357300832 0.0052125898304700886 -0.00012833989615878243 -0.00027082043123879658 -0.00044533900057307013 0.00036092150639129575 -0.0015856290145394277 0.0061552932629853245 -0.0020416935813726074 0.00042752336951487396 -0.0032085438420509098 -0.0018554742749908994 0.0076474739028481028 0.0058340856186029563 -0.0014793745231004858 0.013643980809801169 -0.0014524675766230382 -0.0016580869302058169 -0.00062102354955604017 0.003141623747842309 -0.001665599636707081 0.021435275591676534 0.0028192869850170504
leaf_weight=61 369 74 101 165 159 67 109 376 118 142 170 171 61 207 64 149 236 166 207 175 259 145 117 204 76 2096 235 84 96 60
leaf_count=61 369 74 101 165 159 67 109 376 118 142 170 171 61 207 64 149 236 166 207 175 259 145 117 204 76 2096 235 84 96 60
internal_value=-0.00388831 -0.00854651 -0.00312295 -0.00656459 -0.00236137 -0.00449432 -0.00264649 -0.00983372 -0.00171196 -0.0119192 -0.0144828 -0.00808219 -0.0101689 -0.0124282 -0.00293404 -0.00220337 -0.00707227 -0.00974756 -0.00539063 -0.00298838 -0.00354368 -0.00920161 -0.00471579 0.000966258 -0.00233253 -0.00336538 0.00289315 0.00608333 0.0103125 -0.00479408
internal_weight=6719 941 5778 1040 4738 875 4637 867 179 688 546 506 439 378 4528 3855 673 609 443 3696 3521 615 470 321 2906 2647 491 415 331 2156
internal_count=6719 941 5778 1040 4738 875 4637 867 179 688 546 506 439 378 4528 3855 673 609 443 3696 3521 615 470 321 2906 2647 491 415 331 2156
is_linear=0
shrinkage=0.035


Tree=89
num_leaves=31
num_cat=0
split_feature=183 162 147 13 137 274 181 129 247 260 61 6 163 131 8 215 211 38 38 270 270 266 176 261 261 30 183 268 71 247
split_gain=17.7562 15.8288 15.8155 15.8149 23.4479 18.168 14.6715 15.9185 33.9857 17.9486 14.4881 13.7318 13.1245 13.0794 12.8057 13.8119 19.6996 18.4494 26.2727 16.6693 22.4268 19.2912 15.9624 14.1652 52.6377 22.2842 28.8735 19.9121 19.1972 20.3095
threshold=0.81980530097475068 0.37254901960704045 22.239899635314945 36.359710727080106 2117.0000000000005 0.50058722682905443 0.095800001174211516 6417.5000000000009 637.40499877929699 -0.062527392738251933 102.50000000000001 27.826799391071358 -0.47389214916097927 0.79205000400543224 -2.7502984150222884 -0.035999990999698632 0.66142690843662266 2146.5000000000005 1697.5000000000002 129.54518339846558 120.90879846346881 6.1991953810391918 0.052948733344842853 486.81500244140631 478.93499755859381 5907.5000000000009 -0.094378544554400992 -37.13920662149205 237.50000000000003 609.47998046875011
decision_type=2 2 2 2 2 2 2 2 2 2 2 2 2 2 2 2 2 2 2 2 2 2 2 2 2 2 2 2 2 2
left_child=2 3 12 5 -5 -2 -4 8 11 -9 -11 14 -1 -14 15 23 17 18 19 20 21 22 -17 24 27 26 -25 -8 -27 -30
right_child=1 -3 6 4 -6 -7 7 9 -10 10 -12 -13 13 -15 -16 16 -18 -19 -20 -21 -22 -23 -24 25 -26 28 -28 -29 29 -31
leaf_value=0.00023185764905176183 2.6217797857122641e-05 -0.00071858307944909722 0.0083070806724700637 -0.00035830024852407858 0.014109989500585798 -0.00052565843276193103 0.0071266544297096703 -0.0039151671994153833 0.0099088044200998163 0.0087149179420282896 -0.002063504143107442 0.011641246191458959 -7.5510478058316566e-05 -0.0029508382469257458 -0.0005816272016583913 -0.00018724322734326118 0.0013504444200494535 0.003076139635294651 -0.0011820028446502518 -0.0031151090507091804 0.0072548145095753733 -0.0013371408252856334 0.0016650859813898179 -0.00041882874646866189 0.012858181816633479 -0.0026276001365657759 -0.0016967603735753634 -0.001544969508346205 6.2989411504975063e-05 -0.0011225866267853409
leaf_weight=64 87 268 78 192 110 190 81 74 97 80 232 65 69 177 105 425 120 444 195 128 105 253 259 302 152 68 313 282 1034 670
leaf_count=64 87 268 78 192 110 190 81 74 97 80 232 65 69 177 105 425 120 444 195 128 105 253 259 302 152 68 313 282 1034 670
internal_value=-0.00394036 -0.00866784 -0.00325166 -0.0053339 0.000228013 -0.0112943 -0.0028166 -0.00303516 -0.00251029 -0.00984655 -0.00596215 -0.0029155 -0.0108889 -0.014502 -0.00313095 -0.00285877 -0.000561013 -0.00148567 -0.0035 -0.00148936 0 -0.00174628 0.00132075 -0.00438252 0.000875 -0.0055163 -0.0112339 -0.00637228 -0.00350591 -0.00274429
internal_weight=6719 847 5872 579 302 277 5562 5484 5098 386 312 5001 310 246 4936 4831 1929 1809 1365 1170 1042 937 684 2902 515 2387 615 363 1772 1704
internal_count=6719 847 5872 579 302 277 5562 5484 5098 386 312 5001 310 246 4936 4831 1929 1809 1365 1170 1042 937 684 2902 515 2387 615 363 1772 1704
is_linear=0
shrinkage=0.035


Tree=90
num_leaves=31
num_cat=0
split_feature=104 287 159 261 91 132 20 203 199 257 199 61 257 262 232 110 71 203 104 137 193 213 93 13 272 38 54 196 56 163
split_gain=16.8964 13.4386 13.7863 13.8971 17.2223 12.2366 18.5057 15.4209 11.8188 15.3863 11.2949 12.3117 16.3975 13.6977 10.961 15.0515 13.9175 24.7347 15.4937 15.3022 16.0432 19.2397 22.9591 23.9862 20.8607 23.5543 17.2233 12.4634 13.696 25.5083
threshold=184.00000000000003 1.0000000180025095e-35 14.781903041799017 490.56999206542974 -3.6484322504265791 0.10514999926090242 21.411094105021625 0.96832653177539019 12.225838501361791 1.574404181421871 8.6482192377512508 272.50000000000006 10.016815266292843 -0.35278883134703948 22.638325814148267 0.43869999051094061 237.50000000000003 -0.88219925765639207 4547.0000000000009 184.50000000000003 -0.18928363424563738 9.5118513577424029 612.50000000000011 36.437417560241094 0.028799999505281452 1358.5000000000002 0.24014999717473987 -0.093648329138180539 4.7371850206170469 0.31931655066166992
decision_type=2 2 2 2 2 2 2 2 2 2 2 2 2 2 2 2 2 2 2 2 2 2 2 2 2 2 2 2 2 2
left_child=1 2 3 4 -1 -2 8 10 -7 -10 -8 14 13 -13 15 16 -12 -18 19 -19 21 26 23 -23 25 -24 -21 28 29 -22
right_child=5 -3 -4 -5 -6 6 7 -9 9 -11 11 12 -14 -15 -16 -17 17 18 -20 20 27 22 24 -25 -26 -27 -28 -29 -30 -31
leaf_value=-0.0007933346720443552 0.0026291604912955981 -0.00092238542399020141 0.0084866814384506016 -0.00035030481792587835 0.013093178998332216 7.8648813861105784e-05 0.0030183706190635654 0.0077754720086994347 0.00068623768969956647 -0.0012611214336910015 -0.0016227592285761084 -0.0031484601313075036 0.012365734356571859 0.00013621010804928336 -0.0013285563220544021 0.0032424031148153669 0.011477501054517718 -0.0025789102847784563 0.0059742153273884295 0.00091133842298424619 -0.0013495902900998108 0.025930637155967308 0.01228257448505393 0.0047699477233520667 0.014501941612688668 -0.0014477741988111028 -0.0018293237989328831 -0.0003025676397381494 -0.0013641701468850389 0.00055462303468115321
leaf_weight=89 100 315 63 410 64 73 116 72 71 277 173 84 138 374 826 179 94 125 116 66 101 68 84 110 75 248 114 1203 739 152
leaf_count=89 100 315 63 410 64 73 116 72 71 277 173 84 138 374 826 179 94 125 116 66 101 68 84 110 75 248 114 1203 739 152
internal_value=-0.00390913 -0.00825053 -0.00521395 -0.00696303 0.00199367 -0.00319557 -0.00341193 -0.00284017 -0.0104343 -0.0130878 -0.0030684 -0.0033179 0.00139767 -0.00181425 -0.00394707 -0.00311473 -0.00362799 -0.00310758 -0.00363537 -0.00411165 -0.00358853 0.000772727 0.00385593 0.014153 -0.000764563 -0.00456973 -0.00908108 -0.00510682 -0.00800401 -0.000949612
internal_weight=6719 941 626 563 153 5778 5678 5257 421 348 5185 5069 596 458 4473 3647 3468 3295 3201 3085 2960 765 585 178 407 332 180 2195 992 253
internal_count=6719 941 626 563 153 5778 5678 5257 421 348 5185 5069 596 458 4473 3647 3468 3295 3201 3085 2960 765 585 178 407 332 180 2195 992 253
is_linear=0
shrinkage=0.035


Tree=91
num_leaves=31
num_cat=0
split_feature=126 183 4 20 8 60 154 203 37 261 165 148 222 225 93 205 82 82 125 209 125 43 222 68 109 27 156 43 267 72
split_gain=21.097 18.1541 16.0881 20.0135 19.7653 14.5096 13.4186 18.1183 14.2356 13.374 13.3561 19.3083 16.5965 15.1283 17.6823 14.2056 15.1497 14.1317 12.2139 14.7611 13.1784 12.1762 12.1645 16.0264 14.4598 12.4385 13.7503 12.1485 12.8883 11.5282
threshold=71.500000000000014 0.97897090080245019 44.763948285542547 65.78195693793478 -2.7502984150222884 518.00000000000011 -0.068702297843157303 0.92593836918456851 18.836600303649906 487.93499755859381 0.019339259877179975 484.50000000000006 14.077848541636447 0.21849075257779069 3369.5000000000005 0.01147319676316935 1347.5000000000002 1524.0000000000002 36.304199218750007 9.2752850210978988 32.394199371337898 0.24954999983310702 1.9739033663482295 0.037735887534029462 0.61624997854232799 7536.0000000000009 0.41682876030856525 0.27525000274181372 -3.5749681259755746 87.500000000000014
decision_type=2 2 2 2 2 2 2 2 2 2 2 2 2 2 2 2 2 2 2 2 2 2 2 2 2 2 2 2 2 2
left_child=1 5 4 -4 6 9 8 10 -2 -1 11 -8 -13 14 15 -12 -17 -18 20 -20 -19 -15 23 -10 -24 26 27 29 -29 -26
right_child=2 -3 3 -5 -6 -7 7 -9 22 -11 13 12 -14 21 -16 16 17 18 19 -21 -22 -23 24 -25 25 -27 -28 28 -30 -31
leaf_value=-0.00033821401220853229 -0.001479463223530634 0.0006925801780231606 0.016843092046298424 -0.0039276102077941888 -0.00073990555988951053 0.0001647359335059412 0.011680212458015315 0.0041315781180377535 -0.00018784966634612462 -0.00078242158180673489 -0.0019066291605863155 0.0044399629163857325 -0.0025475348486538622 0.0095112099899429918 -0.0019253961461621421 -0.0004460756266601754 0.013354727920376281 0.0013623950727488349 -0.00085008063807928084 0.0097699821263712208 -0.0029278511463137927 -0.00060201502697371299 -0.0015320918613935832 0.0022442102101835515 -0.00011892610226890978 0.0096882112628915874 -0.001531036171214338 0.0093937605432568849 -9.9543625685371575e-05 -0.00089429057417148722
leaf_weight=88 128 65 60 67 151 75 97 80 320 325 182 98 101 155 90 618 65 60 78 175 63 191 204 81 761 80 138 62 333 1728
leaf_count=88 128 65 60 67 151 75 97 80 320 325 182 98 101 155 90 618 65 60 78 175 63 191 204 81 761 80 138 62 333 1728
internal_value=-0.00395077 -0.0104749 -0.00335764 0.00875 -0.00361929 -0.0127789 -0.00329034 -0.0010034 -0.00451172 -0.015323 -0.00168099 0.00511628 -0.00120098 -0.00289239 -0.00458458 -0.00345506 -0.001875 0.00306054 0.000367454 0.00474806 -0.00847656 0.00358974 -0.00410156 0.00163793 -0.00479915 -0.00419054 -0.00455567 -0.00402215 0.0016625 -0.00492582
internal_weight=6719 553 6166 127 6039 488 5888 2053 3835 413 1973 296 199 1677 1331 1241 1059 441 376 253 123 346 3707 401 3306 3102 3022 2884 395 2489
internal_count=6719 553 6166 127 6039 488 5888 2053 3835 413 1973 296 199 1677 1331 1241 1059 441 376 253 123 346 3707 401 3306 3102 3022 2884 395 2489
is_linear=0
shrinkage=0.035


Tree=92
num_leaves=31
num_cat=0
split_feature=126 30 4 20 8 33 30 213 274 271 4 224 173 8 121 115 99 137 274 191 82 176 151 31 148 256 223 126 256 115
split_gain=18.8552 16.8361 16.118 20.0135 16.9468 14.288 16.3958 28.2318 22.543 20.0886 18.5962 11.6955 18.2268 14.4295 20.5876 13.5723 13.1539 11.4715 17.7909 34.3074 16.444 15.7546 14.635 27.4859 23.4808 18.5125 18.9614 17.5004 17.3733 25.9129
threshold=71.500000000000014 6157.5000000000009 44.763948285542547 65.78195693793478 -2.7502984150222884 0.54860001802444469 5492.5000000000009 8.8491539108400321 0.078477504365343828 12.458665560248191 -125.77526939451923 0.54758226117723519 0.088586809102827874 -83.664703262580545 0.27654999494552618 2003.0000000000002 0.25515000522136694 126.00000000000001 -0.52445670733595273 0.25500000268220907 2033.0000000000002 0.036063671953249006 0.1558250002563 -32.90595971243259 1199.0000000000002 28.951157584637148 5.0580067512319262 120.00000000000001 32.664069559071159 945.00000000000011
decision_type=2 2 2 2 2 2 2 2 2 2 2 2 2 2 2 2 2 2 2 2 2 2 2 2 2 2 2 2 2 2
left_child=1 -1 4 -4 5 6 8 -8 10 17 -2 12 13 14 -11 -14 -13 20 19 -19 21 -9 23 -20 25 26 -25 -24 29 -29
right_child=2 -3 3 -5 -6 -7 7 9 -10 11 -12 16 15 -15 -16 -17 -18 18 22 -21 -22 -23 27 24 -26 -27 -28 28 -30 -31
leaf_value=-0.00068951445917738807 -0.0040582539870672131 5.9025604812082969e-05 0.016253583824677981 -0.0037901438505213918 -0.00071400886529337582 0.0049905677837180657 0.00651898828990623 -0.0026968270246351153 -0.0020378019825884027 0.004646340709500033 0.00075559244748487329 -0.0012895118357081248 0.0046928012237500843 -0.0024215395795010998 -0.0034253757585962085 -0.0015206751191672483 -7.2407437971552254e-05 0.01449817662780672 -0.00083383997891819722 -0.00056309147032651584 0.0011289156987386662 -4.3161115943896051e-06 0.006241020972783751 -0.00035224093727949325 -0.0016397336339973637 -0.0001972017535139567 0.0076795243659459481 0.015000496236185533 -0.00048991244649329276 -0.00023867650225020551
leaf_weight=444 88 109 60 67 151 177 61 202 142 115 116 214 226 140 84 72 72 81 365 86 102 95 99 127 150 344 129 203 1953 445
leaf_count=444 88 109 60 67 151 177 61 202 142 115 116 214 226 140 84 72 72 81 365 86 102 95 99 127 150 344 129 203 1953 445
internal_value=-0.00392995 -0.0100986 -0.00336898 0.00875 -0.00363087 -0.00332598 -0.00363104 -0.00314804 -0.0109687 -0.00342814 -0.00334928 -0.00810884 -0.0053972 -0.0108866 -0.00463235 0.000924092 -0.0139519 -0.00243388 -0.00186105 0.00915698 -0.00805693 -0.0121689 -0.00235471 -0.00571875 -0.0018543 0.00127273 0.00831418 -0.000957486 -0.00151765 0.00343032
internal_weight=6719 553 6166 127 6039 5888 5711 5365 346 5304 204 923 637 339 199 298 286 4381 3982 167 399 297 3815 1115 750 600 256 2700 2601 648
internal_count=6719 553 6166 127 6039 5888 5711 5365 346 5304 204 923 637 339 199 298 286 4381 3982 167 399 297 3815 1115 750 600 256 2700 2601 648
is_linear=0
shrinkage=0.035


Tree=93
num_leaves=31
num_cat=0
split_feature=126 183 4 20 8 60 162 25 249 251 271 93 12 109 162 152 155 71 164 126 226 120 49 172 136 193 96 28 270 271
split_gain=17.4718 16.6082 15.7905 20.0135 17.3322 14.6635 14.3787 13.7204 15.7137 15.6568 13.5703 13.9635 20.0066 13.3351 14.5797 11.8492 12.7174 12.5533 11.9262 14.3637 11.725 11.7027 13.2486 12.2238 13.837 11.763 14.9364 15.9568 16.8169 15.1692
threshold=71.500000000000014 0.97897090080245019 44.763948285542547 65.78195693793478 -2.7502984150222884 518.00000000000011 -0.1492874991553573 -20.929568240239657 -0.32049064908556962 0.38718709532092893 12.458665560248191 3264.5000000000005 5.0310903757874925 0.6415500044822694 -0.17464335945309831 0.21544049171058891 0.032958510921055652 2379.0000000000005 -0.090251679118391173 1919.0000000000002 2.5368645943613104 0.65254998207092296 2566.5000000000005 -0.013334386914462367 31.329250335693363 0.83690095182577007 6262.5000000000009 47.500000000000007 40.00834465139495 4.6984023901206173
decision_type=2 2 2 2 2 2 2 2 2 2 2 2 2 2 2 2 2 2 2 2 2 2 2 2 2 2 2 2 2 2
left_child=1 5 4 -4 6 20 13 -8 9 -9 11 21 -13 -2 15 17 -17 18 -15 -20 -1 22 25 24 -23 26 27 -10 -29 -28
right_child=2 -3 3 -5 -6 -7 7 8 10 -11 -12 12 -14 14 -16 16 -18 -19 19 -21 -22 23 -24 -25 -26 -27 29 28 -30 -31
leaf_value=-0.00088695525048901889 -0.00063893785853660521 0.00069247287786355807 0.015684708390814251 -0.0036574888157531447 -0.00068901855500810741 0.00018310318190444211 -0.0011392874126111413 -0.0016780291358964112 0.0039168042875033747 0.00025856185126917373 -0.00077681134298045412 -0.0012916399285982589 8.2782655949069931e-05 -0.0024402517805825119 0.0077307129645097271 -0.00035182077681752028 0.0056247645158055866 0.005160158725307817 0.00058797217597451445 -0.0020490940456549325 -0.00025037381219537527 0.0032176138419072872 0.0010575656055833652 -0.00063199075327339518 -0.00037477821782490209 0.0048158979112879318 -0.00077622243568257262 0.0059119412913153846 -0.0011499675285978957 0.010365638995705957
leaf_weight=308 429 65 60 67 151 75 298 289 116 76 700 228 162 96 77 114 174 87 239 67 105 154 420 950 276 61 85 62 603 125
leaf_count=308 429 65 60 67 151 75 298 289 116 76 700 228 162 96 77 114 174 87 239 67 105 154 420 950 276 61 85 62 603 125
internal_value=-0.00378421 -0.00972222 -0.00324421 0.00875 -0.00350347 -0.011927 -0.00319532 -0.00410738 -0.00359578 -0.0105 -0.00294401 -0.00198337 -0.0081519 8.15217e-05 0.00260768 0.00111893 0.00668942 -0.00219636 -0.00481572 -0.00135048 -0.0144856 -0.00112706 0.00104265 -0.00343682 0.00144828 -0.0010596 -0.00200301 -0.00423028 -0.0063209 0.00618605
internal_weight=6719 553 6166 127 6039 488 5888 4605 4307 365 3942 3242 390 1283 854 777 288 489 402 306 413 2852 1472 1380 430 1052 991 781 665 210
internal_count=6719 553 6166 127 6039 488 5888 4605 4307 365 3942 3242 390 1283 854 777 288 489 402 306 413 2852 1472 1380 430 1052 991 781 665 210
is_linear=0
shrinkage=0.035


Tree=94
num_leaves=31
num_cat=0
split_feature=102 115 13 12 82 30 13 6 173 274 160 148 270 71 60 137 148 104 4 173 52 116 160 270 261 93 37 172 12 124
split_gain=14.3864 13.9208 29.9302 36.0987 23.521 22.4789 35.1749 25.0851 24.2187 20.8481 23.5196 20.8416 27.6291 24.2216 22.9426 21.7351 16.5401 18.3292 22.4218 21.5784 22.146 21.7697 16.4404 15.4701 22.554 16.2812 15.08 15.0848 14.8162 22.9952
threshold=-6.4459302829676686 645.00000000000011 34.002075694272854 4.4772622896918195 1304.0000000000002 5932.5000000000009 54.124604182024164 35.156611501487156 0.48125659780545438 -0.241396565379528 0.045149996876716621 411.00000000000006 120.50920361243658 252.50000000000003 1577.0000000000002 983.00000000000011 1199.0000000000002 1291.0000000000002 -34.96935474838353 0.35730140610253464 6372.5000000000009 10.500000000000002 0.019850000739097599 111.26562084039183 516.86999511718761 2283.5000000000005 27.835449218750004 0.26484469732238591 5.1897265049295829 -1.6245858822864288
decision_type=2 2 2 2 2 2 2 2 2 2 2 2 2 2 2 2 2 2 2 2 2 2 2 2 2 2 2 2 2 2
left_child=-1 2 3 -2 -5 7 16 23 9 -8 -11 15 -13 14 -14 26 17 19 -19 20 28 -21 -20 24 25 -3 -4 -28 -7 -30
right_child=1 5 11 4 -6 6 8 -9 -10 10 -12 12 13 -15 -16 -17 -18 18 22 21 -22 -23 -24 -25 -26 -27 27 -29 29 -31
leaf_value=-0.00089273247300408623 0.013672217230766507 -5.4121180559386919e-05 3.0680799057539182e-05 0.015334136051573069 -0.0018920671343146832 -0.0013521274786413059 -0.0023803808777314774 0.0082436885933094475 -0.00062728918324538789 0.01747657294939407 -0.00093208807960587405 -0.00097696737511605587 0.0033605455469036967 0.015921099399615671 -0.0043482255813043786 -0.001246357331015377 -0.002157175773100197 0.013549466282325206 0.011208182715662726 0.0016558910839872311 0.00081524425124464869 -0.00015874697371967756 -0.00094466365825518657 -0.0019748026585979148 -0.0011341906912041473 -0.0016659916106357563 0.014097429964349425 0.00019143966106727309 -0.002829248917556453 0.0066312198934037284
leaf_weight=621 103 416 180 61 66 335 67 61 114 231 70 999 120 139 89 61 307 70 78 89 90 1176 233 141 359 108 103 73 93 66
leaf_count=621 103 416 180 61 66 335 67 61 114 231 70 999 120 139 89 61 307 70 78 89 90 1176 233 141 359 108 103 73 93 66
internal_value=-0.00394036 -0.00341799 -0.00101551 0.0107234 -0.00185606 -0.00458262 -0.00302083 -0.0088945 0.00560575 0.00994638 0.0138399 -0.00257207 -0.00468565 0.00376771 -0.00376168 0.00422986 -0.00466758 -0.00360179 0.00335492 -0.00504045 -0.0105772 -0.00245276 -0.000775316 -0.0102041 -0.00839527 -0.0037051 0.00756233 0.0146961 -0.0134669 -0.00448171
internal_weight=6719 6098 1994 230 127 4104 3019 1085 482 368 301 1764 1347 348 209 417 2537 2230 381 1849 584 1265 311 1024 883 524 356 176 494 159
internal_count=6719 6098 1994 230 127 4104 3019 1085 482 368 301 1764 1347 348 209 417 2537 2230 381 1849 584 1265 311 1024 883 524 356 176 494 159
is_linear=0
shrinkage=0.035


Tree=95
num_leaves=31
num_cat=0
split_feature=147 6 17 115 71 30 13 150 104 173 256 30 12 115 30 60 123 257 180 147 66 22 274 13 27 104 173 173 36 71
split_gain=15.0865 15.2716 15.6093 15.1691 29.7453 21.2593 34.9155 21.1176 26.0841 22.2394 18.5132 27.7789 27.6061 21.4027 19.6572 22.1222 20.5944 14.776 14.513 16.2651 15.0513 24.2071 15.7403 14.424 14.3024 14.8611 21.0402 19.2637 18.9795 21.5937
threshold=24.442599296569828 35.156611501487156 33.940167535908571 645.00000000000011 2086.0000000000005 5932.5000000000009 54.124604182024164 0.051199994981288917 1757.5000000000002 0.45566013888854368 34.412948765581191 5737.5000000000009 4.4772622896918195 531.00000000000011 5682.5000000000009 1465.5000000000002 0.012722660960001226 4.0390123821887611 0.0040999986231327066 26.258500099182132 0.2986499965190888 0.2388500049710274 0.32495744680850142 119.86815806231361 7485.0000000000009 1556.0000000000002 0.21673043748659163 -0.30175025384469217 -7.941612511204089 1690.5000000000002
decision_type=2 2 2 2 2 2 2 2 2 2 2 2 2 2 2 2 2 2 2 2 2 2 2 2 2 2 2 2 2 2
left_child=-1 2 3 4 10 18 24 8 -8 -9 12 14 -2 17 15 16 -12 -13 19 -5 21 22 -20 -17 25 26 27 -7 -28 -30
right_child=1 -3 -4 5 -6 6 7 9 -10 -11 11 13 -14 -15 -16 23 -18 -19 20 -21 -22 -23 -24 -25 -26 -27 28 -29 29 -31
leaf_value=-0.00080575246986545012 0.010437419596840752 0.0083799930869710281 -0.0016629077826222751 4.2505833439544511e-05 0.014153418947399377 -0.00019500728401438406 0.022808101611057452 0.0030984179085923763 -0.0011463438943916892 -0.001383188656604881 0.0054324521245450634 -0.00230200392635571 -0.00038657489016659998 0.00044804264581983864 0.017708862345110755 -0.0026458427570552169 -0.00044194592914085346 -0.00096925547881665422 -0.0011031082812052017 -0.0012882041534617269 -0.0019488571817368619 0.022774458439819172 0.00017331482941592175 0.0076089048564572962 0.0034157379301181568 0.00023213148355805848 -6.3681945546356655e-05 -0.0016694163114210573 0.0070005739629260336 -0.0014085156599891911
leaf_weight=838 73 78 165 61 127 136 136 164 74 98 333 173 99 150 66 141 86 479 122 434 120 91 64 63 154 416 1039 390 67 282
leaf_count=838 73 78 165 61 127 136 136 164 74 98 333 173 99 150 66 141 86 479 122 434 120 91 64 63 154 416 1039 390 67 282
internal_value=-0.00375297 -0.00312181 -0.00333247 -0.00301435 -0.000350975 -0.00425123 -0.00281324 0.00587002 0.014 -0.000786517 -0.00161571 -0.00287767 0.00909605 -0.00728625 0.00226945 0.000278662 0.00487028 -0.0100152 -0.00897436 -0.01295 -0.00391791 0.000620567 -0.00659686 -0.00904306 -0.00447168 -0.00515632 -0.00645649 -0.0123917 -0.00417085 -0.0111723
internal_weight=6719 5881 5803 5638 1790 3848 2956 472 210 262 1663 1491 172 802 689 623 419 652 892 495 397 277 186 204 2484 2330 1914 526 1388 349
internal_count=6719 5881 5803 5638 1790 3848 2956 472 210 262 1663 1491 172 802 689 623 419 652 892 495 397 277 186 204 2484 2330 1914 526 1388 349
is_linear=0
shrinkage=0.035


Tree=96
num_leaves=31
num_cat=0
split_feature=104 228 25 127 43 203 65 90 199 105 224 44 6 10 35 101 255 11 53 93 211 93 269 11 82 33 78 100 183 261
split_gain=13.5893 12.0846 11.6766 14.6931 16.6523 11.7661 10.9004 14.2853 10.2557 9.9188 11.9266 31.3188 13.0482 13.7754 13.5427 12.8929 10.973 17.8283 12.6971 11.1756 13.9474 16.1925 15.914 15.0973 31.0986 24.832 21.4982 17.1723 16.4266 24.0849
threshold=184.00000000000003 -19.174582949831319 -20.929568240239657 115.50000000000001 0.24814999848604205 0.96832653177539019 0.34524999558925634 0.027973402464525485 8.6482192377512508 26.500000000000004 0.99999999999276679 0.2962500005960465 5.7385664290371734 155.84862071254278 0.055815185719595324 0.01197603650573866 -0.98847975555704604 83.376085280901847 -31.131549432605315 34.000000000000007 -0.35388688484212488 481.00000000000006 4.7756586421088274 47.107253528294109 1703.5000000000002 0.27494999766349798 6.9739661151845054 8.280366444168445 -0.018048681293285154 553.02502441406261
decision_type=2 2 2 2 2 2 2 2 2 2 2 2 2 2 2 2 2 2 2 2 2 2 2 2 2 2 2 2 2 2
left_child=6 -2 3 4 -3 8 7 -1 -4 -10 12 -12 13 16 -14 -13 17 18 -11 -18 22 -22 -21 24 25 26 27 -23 29 -25
right_child=1 2 5 -5 -6 -7 -8 -9 9 10 11 15 14 -15 -16 -17 19 -19 -20 20 21 23 -24 28 -26 -27 -28 -29 -30 -31
leaf_value=-0.00084724281178999504 -0.0015759809115017862 0.00019772572637796361 0.0031696451283638192 -0.0030107400539600825 -0.0015676875508776906 0.0051307958658182778 -0.00021404160147475706 5.2805384383337876e-05 -0.0018259219095634279 -0.0027804597606315195 0.016546096603898584 -0.0013766258359863561 -0.00049698847717682493 -0.0010705497332895023 0.00011192358953999616 0.00055942045010020324 -0.0029302806236684441 0.012593374335908089 0.0012123221936966115 -4.1814368183057398e-06 -0.0013996443807951706 -0.0024121036682687698 0.014019216682855728 0.0077072963533630582 -0.0023691911650366971 0.010027799506026527 -0.0013970235782462671 0.0050643804223608107 -0.00032391640901185828 -0.00063155503526777016
leaf_weight=343 196 163 101 90 121 91 520 78 131 97 63 65 282 106 71 76 94 132 98 662 196 100 100 384 283 80 424 225 1228 119
leaf_count=343 196 163 101 90 121 91 520 78 131 97 63 65 282 106 71 76 94 132 98 662 196 100 100 384 283 80 424 225 1228 119
internal_value=-0.00369051 -0.00305032 -0.00274387 -0.00868074 -0.00460208 -0.00230961 -0.00758457 -0.0117488 -0.00253514 -0.00276041 -0.00249796 0.00569378 -0.00286065 -0.00232633 -0.00928771 -0.00359589 -0.00200379 0.00411145 -0.002625 -0.00252179 -0.00221624 -0.00327694 0.00200782 -0.00259305 -0.00576544 -0.00230815 -0.00431698 0.00243939 -0.000544355 0.00475394
internal_weight=6719 5778 5582 374 284 5208 941 421 5117 5016 4885 204 4681 4328 353 141 4222 327 195 3895 3801 3039 762 2843 1112 829 749 325 1731 503
internal_count=6719 5778 5582 374 284 5208 941 421 5117 5016 4885 204 4681 4328 353 141 4222 327 195 3895 3801 3039 762 2843 1112 829 749 325 1731 503
is_linear=0
shrinkage=0.035


Tree=97
num_leaves=31
num_cat=0
split_feature=125 127 30 121 93 22 6 66 261 115 148 261 122 261 1 173 30 256 171 150 93 274 221 256 148 260 215 9 9 173
split_gain=15.3772 16.2227 15.2704 16.8671 16.1497 24.0936 13.7619 16.6036 45.0089 22.706 35.7519 21.7166 20.9532 22.4999 19.355 27.8819 23.9307 22.656 33.8952 22.5528 24.059 21.8751 28.9219 24.613 25.0903 29.2554 17.8936 17.7984 32.4694 17.5796
threshold=35.300949096679695 117.50000000000001 5172.5000000000009 0.52665001153945934 30.000000000000004 0.50565001368522655 35.156611501487156 0.30394999682903295 486.81500244140631 372.50000000000006 530.50000000000011 489.81500244140631 38.239805706388594 521.45501708984386 697.50000000000011 0.78826017613171817 5992.5000000000009 43.046440875604169 0.2373749986290932 0.053199999034404762 1354.5000000000002 -0.29024805008124421 19.647640762381762 43.650312203486706 1199.0000000000002 0.19577180478858433 -0.042999990284442895 77.54661606674162 23.600511777274971 -0.55863863043833717
decision_type=2 2 2 2 2 2 2 2 2 2 2 2 2 2 2 2 2 2 2 2 2 2 2 2 2 2 2 2 2 2
left_child=1 -1 -2 4 -4 6 7 8 26 10 -9 -10 13 27 15 -15 17 -16 -19 21 -21 22 -18 24 25 -23 -6 28 -13 -12
right_child=2 -3 3 -5 5 -7 -8 9 11 -11 29 12 -14 14 16 -17 19 18 -20 20 -22 23 -24 -25 -26 -27 -28 -29 -30 -31
leaf_value=-0.00039331503026039498 0.014782775060794499 -0.0020493719199905533 -0.0027955380140527396 -0.0043062875266393873 0.019270376595863364 0.0078821527267009285 0.0092007538145761486 0.0071994233066965908 -0.00086236074504238819 -0.0018033905541381342 -5.8720579169785075e-05 -0.0025643780274136004 0.010187791221610787 -0.00055967778981021329 -0.00041932988038279555 -0.0014193424727699624 0.0051146005374895932 0.019869813521148298 -0.00049001903954427385 -0.0026200554525122326 -9.9353951348503118e-05 0.0057886204854416491 -0.0042054752548063802 0.011625645875657264 -0.0013659163207014153 -0.00019342001733568316 4.1127664415769874e-05 -0.0010409293194922041 0.00040074501810185572 -0.0021147216486646549
leaf_weight=1158 81 192 71 64 112 88 65 109 98 286 112 165 163 1022 133 127 60 145 101 170 280 237 89 265 155 555 76 204 233 103
leaf_count=1158 81 192 71 64 112 88 65 109 98 286 112 165 163 1022 133 127 60 145 101 170 280 237 89 265 155 555 76 204 233 103
internal_value=-0.00369051 -0.00702583 -0.00284611 -0.00308143 -0.00285141 -0.00261245 -0.00293393 -0.00314685 -0.00238908 -0.00853659 -0.00212766 -0.00314476 -0.00274276 -0.0032552 -0.0021247 -0.00579289 -0.000191344 0.0077474 0.0139442 -0.00186949 -0.00861538 0.000384334 -0.0120455 0.00195563 -0.000698529 0.00184442 0.0141451 -0.00945634 -0.00503722 -0.0103409
internal_weight=6719 1350 5369 5288 5224 5153 5065 5000 4390 610 324 4202 4104 3941 3339 1149 2190 379 246 1811 450 1361 149 1212 947 792 188 602 398 215
internal_count=6719 1350 5369 5288 5224 5153 5065 5000 4390 610 324 4202 4104 3941 3339 1149 2190 379 246 1811 450 1361 149 1212 947 792 188 602 398 215
is_linear=0
shrinkage=0.035


Tree=98
num_leaves=31
num_cat=0
split_feature=126 4 20 8 183 60 250 17 33 96 213 137 163 274 119 195 247 99 222 203 274 66 71 47 270 148 13 270 33 140
split_gain=14.243 15.7905 20.0135 16.0057 15.372 15.1072 14.2196 11.3798 14.0504 15.2158 14.3784 19.0491 17.8922 18.584 16.3104 15.7601 14.1888 19.583 23.3668 18.3344 17.0722 13.7609 19.84 19.3157 18.564 24.2257 19.8638 33.5346 27.2624 33.9388
threshold=71.500000000000014 44.763948285542547 65.78195693793478 -2.7502984150222884 0.97897090080245019 518.00000000000011 -3.5579140983915676 21.340170328889577 0.54249998927116405 5512.5000000000009 9.0408560359137358 126.00000000000001 -0.54829979826932307 0.072376887311402224 19.338319359339945 0.011162315601227499 564.76501464843761 0.2286999970674515 10.979204221606583 0.30945907691549129 -0.10998859462675707 0.20384999364614489 667.50000000000011 -7.3854850010972211 75.8184755250617 668.50000000000011 36.359710727080106 49.30849008575229 0.20594999939203265 6127.5000000000009
decision_type=2 2 2 2 2 2 2 2 2 2 2 2 2 2 2 2 2 2 2 2 2 2 2 2 2 2 2 2 2 2
left_child=4 3 -3 7 5 6 -1 8 9 -2 15 -12 13 14 -13 -11 19 21 20 -14 -19 22 -18 -23 25 26 27 28 29 -24
right_child=1 2 -4 -5 -6 -7 -8 -9 -10 10 11 12 16 -15 -16 -17 17 18 -20 -21 -22 23 24 -25 -26 -27 -28 -29 -30 -31
leaf_value=-6.1771736608644552e-05 -0.0017762145365883002 0.014540335915639786 -0.0033711947468566868 -0.00062364201593096368 0.0007477871362728723 0.00028351208171766397 -0.00068355035733474263 -0.00081380142126114561 0.005183354899525967 0.0082186959988946578 -0.0017455771201688567 0.012198412339551819 -0.0018189105067999453 -0.00063857246756005796 -0.00056480796680861761 -0.00035887689244167259 0.011122879412111672 -0.0031581568817665279 0.0095669575178929066 0.00011808277683261038 0.0033118610863402129 -0.00024984904841974522 0.012870960126616341 -0.0031956867528305571 -0.0009519980866981426 -0.00083322497899781416 0.00058417767670224726 -0.00061204785284776583 -0.0016817435264473853 2.6679189753162083e-05
leaf_weight=79 206 60 67 151 65 75 334 463 152 104 416 164 126 93 71 66 84 104 300 69 133 88 138 94 437 912 687 495 117 369
leaf_count=79 206 60 67 151 65 75 334 463 152 104 416 164 126 93 71 66 84 104 300 69 133 88 138 94 437 912 687 495 117 369
internal_value=-0.00373215 -0.00324421 0.00875 -0.00350347 -0.00909498 -0.011217 -0.0138158 -0.00320719 -0.0027523 -0.00305703 -0.00267054 -0.0030202 -0.00234842 0.00546547 0.0106458 0.0072 -0.00297138 -0.0025082 0.00368081 -0.012075 -0.00448347 -0.00348365 -0.00294544 -0.0127273 -0.00340032 -0.00231362 3.86527e-05 -0.00283363 0.00255962 0.00608398
internal_weight=6719 6166 127 6039 553 488 413 5888 5425 5273 5067 4897 4481 328 235 170 4153 3958 537 195 237 3421 3239 182 3155 2718 1806 1119 624 507
internal_count=6719 6166 127 6039 553 488 413 5888 5425 5273 5067 4897 4481 328 235 170 4153 3958 537 195 237 3421 3239 182 3155 2718 1806 1119 624 507
is_linear=0
shrinkage=0.035


Tree=99
num_leaves=31
num_cat=0
split_feature=104 231 65 232 164 232 148 36 202 81 257 270 270 63 233 129 158 82 10 27 25 19 244 270 256 78 19 231 27 150
split_gain=14.7976 14.2985 14.9682 12.5147 12.1377 11.7355 13.2146 12.7172 12.4264 11.2431 12.7977 10.761 14.3356 10.8259 26.7109 18.0334 12.1618 10.7015 17.558 17.57 32.1946 17.2315 17.8555 17.0853 17.9756 16.7853 16.0107 15.2651 14.4537 13.9862
threshold=184.00000000000003 1.3346762277943738 0.34524999558925634 17.446715456126419 -0.086576316559032501 2.275098904426232 1714.0000000000002 -7.6159375868227892 0.92205490905396525 57.64690017700196 18.33752231665007 31.128063881892597 33.102490668539481 6442.5000000000009 6391.4899902343759 6432.5000000000009 0.011650003492832186 847.50000000000011 -1.4915748147573697 1763.0000000000002 -9.4729184365853421 6112.5000000000009 0.032400004565715797 58.744683778548065 64.71058426680635 8.2683496499864511 6282.5000000000009 4.0434840207204124 2989.5000000000005 0.046400006860494621
decision_type=2 2 2 2 2 2 2 2 2 2 2 2 2 2 2 2 2 2 2 2 2 2 2 2 2 2 2 2 2 2
left_child=1 4 -3 -4 -1 6 7 8 -2 10 11 -7 -13 14 17 -15 -17 -14 23 21 28 22 29 -19 -25 -22 -23 -27 -21 -20
right_child=5 2 3 -5 -6 9 -8 -9 -10 -11 -12 12 13 15 -16 16 -18 18 19 20 25 26 -24 24 -26 27 -28 -29 -30 -31
leaf_value=-0.00013902865885462775 0.00041117884621871771 -0.00086662029175986932 -0.00041307950600868369 0.00060713932825054884 0.00032160347560959094 -0.0017834153873167815 -0.00064870987470202481 -0.00062814085453591242 -0.00061032669234514455 0.0065726649940103131 0.015632681305293352 0.019521406206901768 -0.00058943294166836479 -0.0035985447701605325 0.0078561672612031796 -0.0017592485467022747 0.00082808884789630215 -0.0064728278207348243 -8.1824958159953677e-05 0.0094626938988204446 -0.0012101222529107862 -0.0021526209938821047 0.006660809378272489 0.012523259508674849 -0.0022199976330797978 0.0055938176879983623 -0.00083170702319765376 -0.0012622801950487013 0.00011332065752287292 -0.0013706948739471581
leaf_weight=80 525 355 330 112 64 135 89 145 75 118 90 77 1628 71 78 167 64 82 718 238 100 135 103 71 63 108 117 213 185 383
leaf_count=80 525 355 330 112 64 135 89 145 75 118 90 77 1628 71 78 167 64 82 718 238 100 135 103 71 63 108 117 213 185 383
internal_value=-0.00366969 -0.00773256 -0.00955736 -0.00516779 0.00234899 -0.0030019 0.000834327 0.00238 0.0046281 -0.00364922 -0.00391223 -0.00416368 -0.00386778 -0.00412674 -0.00365981 -0.0104886 -0.00548729 -0.00404917 -0.00261008 -0.00170065 0.0023086 -0.00402464 -0.00225806 -0.0120362 -0.00402878 -0.00451878 -0.0122568 -0.00053681 0.0090771 -0.00357595
internal_weight=6719 941 797 442 144 5778 834 745 600 4944 4826 4736 4601 4524 4222 302 231 4144 2516 2300 844 1456 1204 216 134 421 252 321 423 1101
internal_count=6719 941 797 442 144 5778 834 745 600 4944 4826 4736 4601 4524 4222 302 231 4144 2516 2300 844 1456 1204 216 134 421 252 321 423 1101
is_linear=0
shrinkage=0.035


Tree=100
num_leaves=31
num_cat=0
split_feature=104 232 32 231 176 90 38 38 90 267 61 149 12 60 71 164 115 213 129 19 129 69 56 42 261 105 21 65 204 10
split_gain=14.187 12.9233 13.079 12.7718 13.6669 12.6716 14.1861 15.5189 24.7942 12.5513 12.2457 12.5014 11.9172 11.5697 11.2696 10.9301 10.7837 22.2686 12.145 32.6044 20.5097 18.2989 17.4451 14.1583 13.5595 11.9095 13.0005 14.4403 13.5471 15.0151
threshold=184.00000000000003 0.88410764908231088 0.15695000439882281 1.3346762277943738 -0.30464711936072936 0.022388367430503316 2301.5000000000005 626.50000000000011 0.025608255522986876 -7.718874908007602 281.50000000000006 48.500000000000007 2.9760571612720725 997.50000000000011 2151.0000000000005 -0.086576316559032501 2749.5000000000005 10.459453370549326 6117.5000000000009 6077.5000000000009 6047.5000000000009 -3.6400540346402335 4.8110291490665746 27.376936222212048 532.26501464843761 31.500000000000004 0.14494999498128894 0.32215000689029699 0.062299125174904428 56.285764419792642
decision_type=2 2 2 2 2 2 2 2 2 2 2 2 2 2 2 2 2 2 2 2 2 2 2 2 2 2 2 2 2 2
left_child=3 2 -2 15 14 9 7 8 -7 12 16 -12 -3 -8 -5 -1 18 -18 19 25 -21 23 -22 -20 -24 -11 27 -27 29 -28
right_child=1 5 -4 4 -6 6 13 -9 -10 10 11 -13 -14 -15 -16 -17 17 -19 21 20 22 -23 24 -25 -26 26 28 -29 -30 -31
leaf_value=-0.00013416265579471593 0.00050142792416636554 -0.0049913078115073253 -0.00048409850806262563 -0.0013410874821792758 -0.00031547191658546416 -0.00096056584471608151 0.011503029668362936 -0.001047325897002705 0.00086497495761506983 -0.0024213758483252108 0.0065251288903081855 -0.0017598364009441573 -0.001254451137648269 -0.0012522620345780363 -0.00021790594921874298 0.00031034735396325453 -0.0010897863137689777 0.0051582015392872419 -0.00054644637117139019 0.01883836731088236 0.0087742939749446223 0.0091665243143725008 -0.0022332586553800993 -0.003146690420754415 0.00203092497984489 0.003807923589834495 -0.00021030965506388169 -0.00070104134530609211 -0.00075360912898113309 0.0020195797915649478
leaf_weight=80 241 65 84 149 513 61 60 820 120 175 291 102 172 152 135 64 302 81 461 107 79 61 70 94 61 66 380 710 508 455
leaf_count=80 241 65 84 149 513 61 60 820 120 175 291 102 172 152 135 64 302 81 461 107 79 61 70 94 61 66 380 710 508 455
internal_value=-0.0036801 -0.00302611 0.00371212 -0.00765856 -0.00938279 -0.00343074 -0.00658046 -0.00831511 0.00094086 -0.00252297 -0.00205215 0.00378141 -0.0102686 0.0016129 -0.0155017 0.00187919 -0.00269156 -0.00820876 -0.00202506 -0.000976682 0.00945652 -0.00642512 0.00293023 -0.0084375 -0.00488971 -0.00243584 -0.00169727 -0.00528809 0.000389466 0.003125
internal_weight=6719 5778 325 941 797 5453 1213 1001 181 4240 4003 393 237 212 284 144 3610 383 3227 2611 317 616 210 555 131 2294 2119 776 1343 835
internal_count=6719 5778 325 941 797 5453 1213 1001 181 4240 4003 393 237 212 284 144 3610 383 3227 2611 317 616 210 555 131 2294 2119 776 1343 835
is_linear=0
shrinkage=0.035


Tree=101
num_leaves=31
num_cat=0
split_feature=256 27 27 222 56 254 209 222 125 224 67 5 145 57 231 148 270 13 133 270 16 203 268 27 126 7 90 65 101 227
split_gain=13.8285 18.842 16.3504 16.7648 20.2139 14.007 14.2416 13.5961 14.2494 14.7793 26.1375 17.7879 14.1832 17.0755 14.5478 14.64 17.4225 26.3439 16.766 14.6603 16.8299 16.5363 17.6209 19.6849 15.0794 14.3693 14.0365 13.3349 15.2999 14.7793
threshold=14.751036886260241 7485.0000000000009 3959.0000000000005 7.7960008291984746 4.4049414579180475 34.142942385024803 6.2887767199586424 2.0720519956014729 35.542499542236335 0.9999999999929341 15.960793566409029 101.28839113300138 0.011846058796075998 0.018099944264725918 1.8320271052385542 234.50000000000003 74.249869358418096 36.975607239421755 38.233814251167964 82.14232897842983 -19.792576692344571 0.2341469605310342 5.6288811598781416 1604.0000000000002 916.00000000000011 -51.475758068137445 0.0087527687367811319 0.35025000572204595 0.022038714192626086 0.082312274452545089
decision_type=2 2 2 2 2 2 2 2 2 2 2 2 2 2 2 2 2 2 2 2 2 2 2 2 2 2 2 2 2 2
left_child=-1 2 5 -4 -5 6 -2 27 -9 11 -11 12 13 25 -14 16 17 18 -16 21 -21 -17 23 -23 -22 -10 -15 29 -29 -8
right_child=1 -3 3 4 -6 -7 7 8 9 10 -12 -13 14 26 15 19 -18 -19 -20 20 24 22 -24 -25 -26 -27 -28 28 -30 -31
leaf_value=-0.00057186273167817835 0.010295603354618104 0.0079349188884743731 -0.00075523686472450484 0.013999836885155263 -0.0013656508766973902 -0.0015783841561540235 -0.00049688109164482965 -0.00081196452305613072 0.0022595163989683406 0.012258628413102263 -0.00085422147197812006 -0.001206892450535428 5.9192504560798834e-05 -0.0028061369252004079 -0.00025590754133690303 -0.0014808922730888399 -0.0013287463849402693 0.00010137635179546135 -0.0023121544170349112 -0.0035604173694249643 -0.0005594302412255998 -0.00028872340523306982 -0.00094177675245645193 0.0077194604273657279 0.011994171745595287 0.021875237038929355 0.00034191693321823261 1.8367653515234396e-05 0.0029081043437560266 0.00038334754290659471
leaf_weight=162 70 158 234 65 213 216 182 1009 125 70 63 112 575 118 206 848 170 271 113 65 147 132 145 177 225 61 342 181 102 162
leaf_count=162 70 158 234 65 213 216 182 1009 125 70 63 112 575 118 206 848 170 271 113 65 147 132 145 177 225 61 342 181 102 162
internal_value=-0.00386749 -0.00361094 -0.00390771 -0.00988395 -0.0039576 -0.00338001 -0.00303999 -0.00324028 -0.00385218 -0.0029005 0.00836957 -0.00330206 -0.00287517 0.00182796 -0.00386489 -0.00501797 -0.00905882 -0.00611765 -0.0128549 -0.00323108 0.00229638 -0.00508799 0.000305011 0.00501592 0.00519894 0.0106283 -0.00180645 0.00160601 0.00717014 -0.0030086
internal_weight=6719 6557 6399 512 278 5887 5671 5601 4974 3965 133 3832 3720 646 3074 2499 760 590 319 1739 437 1302 454 309 372 186 460 627 283 344
internal_count=6719 6557 6399 512 278 5887 5671 5601 4974 3965 133 3832 3720 646 3074 2499 760 590 319 1739 437 1302 454 309 372 186 460 627 283 344
is_linear=0
shrinkage=0.035


Tree=102
num_leaves=31
num_cat=0
split_feature=256 27 126 33 66 27 231 224 20 260 254 258 72 7 223 93 213 60 148 93 271 113 109 170 261 49 266 85 261 19
split_gain=12.8823 15.9964 16.1422 16.5725 36.8104 14.9368 14.3402 17.3406 20.9508 19.4333 14.2708 14.0627 15.8773 13.7386 13.0397 15.5795 14.025 13.8541 14.6774 14.6054 20.2084 16.8615 15.3478 13.6935 14.155 17.7349 14.8107 16.5158 14.5204 15.8998
threshold=14.751036886260241 7485.0000000000009 71.500000000000014 0.12919999659061435 0.10814999788999559 4481.0000000000009 7.6263939371956644 0.99999999999276679 65.78195693793478 0.27979033390484015 -8.3091683432850996 0.032300002872943885 169.50000000000003 -25.327273788141643 4.8676028602380113 1565.5000000000002 9.9644179963773158 3241.5000000000005 668.50000000000011 741.50000000000011 6.6135841517067009 -2.5799513470699575 0.63604998588562023 0.030150003731250766 554.95501708984386 2749.0000000000005 7.2291637666210837 5897.5000000000009 521.33502197265636 6227.5000000000009
decision_type=2 2 2 2 2 2 2 2 2 2 2 2 2 2 2 2 2 2 2 2 2 2 2 2 2 2 2 2 2 2
left_child=-1 2 -2 -4 -5 6 11 9 -9 -8 -11 14 -13 -3 15 -6 -17 18 23 20 -20 -22 -21 24 26 -26 27 -16 -29 -30
right_child=1 13 3 4 5 -7 7 8 -10 10 -12 12 -14 -15 17 16 -18 -19 19 22 21 -23 -24 -25 25 -27 -28 28 29 -31
leaf_value=-0.00055184753606944139 -0.00040270721341547109 -0.00020662481491733777 0.00036164645731998486 -0.0010598017105838155 -0.0012067824220938393 -0.0012457889520293675 -0.00064372501084490282 0.012969125668561834 -0.0012202101893960433 -0.00028135702846825541 -0.0013051066603898655 0.004205577666677702 -0.001098961277704429 0.014178806551485439 0.005063944577058577 0.0040881290375698711 -0.00069002492174085445 0.0028516196070595403 0.011944043561752528 1.7490037219478618e-05 -0.00209951846485766 0.00055041149208015538 -0.0021962676910971652 -0.0013674660520283165 0.011081642080524638 -0.00010650097889095823 -0.0016192245244426124 -0.000713167646150911 0.0017044149665351002 -0.00033485371211072399
leaf_weight=162 522 97 198 157 422 229 1645 68 103 115 381 175 63 61 144 117 146 202 97 137 76 134 289 66 104 73 79 114 407 136
leaf_count=162 522 97 198 157 422 229 1645 68 103 115 381 175 63 61 144 117 146 202 97 137 76 134 289 66 104 73 79 114 407 136
internal_value=-0.00379462 -0.00354694 -0.00382027 -0.00329055 -0.00363916 -0.00315361 -0.00276803 -0.00483384 0.00576705 -0.00569199 -0.0117365 -0.00116042 0.00691358 0.00730061 -0.00187227 -0.00603623 0.000652985 -0.000475036 -0.00142934 -0.00526423 0.000560897 -0.00553488 -0.00941995 0.00108599 0.00207627 0.0109615 0.000237288 0.00169355 -0.000687311 0.00172445
internal_weight=6719 6557 6399 5877 5679 5522 5293 2312 171 2141 496 2981 238 158 2743 685 263 2058 1856 733 307 210 426 1123 1057 177 880 801 657 543
internal_count=6719 6557 6399 5877 5679 5522 5293 2312 171 2141 496 2981 238 158 2743 685 263 2058 1856 733 307 210 426 1123 1057 177 880 801 657 543
is_linear=0
shrinkage=0.035


Tree=103
num_leaves=31
num_cat=0
split_feature=246 9 148 4 213 30 183 242 123 150 25 252 6 83 110 63 88 30 33 104 143 7 61 27 232 150 161 256 218 17
split_gain=12.5186 21.4145 20.9238 23.1056 22.6841 35.4978 28.1884 30.9496 27.8191 21.2509 15.9219 18.3028 19.4393 15.7835 14.1491 20.0798 40.525 20.8547 17.2075 14.72 13.2038 22.8552 12.4361 12.4347 12.563 12.3482 14.0612 12.5038 14.431 12.2387
threshold=-0.35388688484212488 -7.7944176867242589 2074.0000000000005 -21.12832603029403 9.6257227934764433 5892.5000000000009 0.14869590156244908 40.807194268467846 0.0093896326839747347 0.013499997556209566 -20.174239258559258 0.84195420601451698 -15.206061681389448 71.500000000000014 0.16454999893903735 6092.5000000000009 0.23304999619722369 6197.5000000000009 0.54860001802444469 1570.0000000000002 0.22779999673366549 -52.391323405185666 162.50000000000003 1232.5000000000002 9.1972692216218963 0.039199985563755042 0.13112499937415126 41.922605537799392 8.2875802463888864 -11.006345751047308
decision_type=2 2 2 2 2 2 2 2 2 2 2 2 2 2 2 2 2 2 2 2 2 2 2 2 2 2 2 2 2 2
left_child=14 -2 3 4 8 -6 29 -8 -3 -5 -11 12 20 23 -1 16 -16 -17 19 -18 22 -22 -12 -13 -25 27 -27 28 -14 -7
right_child=1 2 -4 9 5 6 7 -9 -10 10 11 13 25 -15 15 17 18 -19 -20 -21 21 -23 -24 24 -26 26 -28 -29 -30 -31
leaf_value=0.0073185295618287578 -0.0029404753730433177 0.0090760961386613572 -0.0014923798220249865 0.023577877814041928 -0.0014943893968854269 0.0080870520760800372 -0.00077275110368779827 0.019580087072989267 -0.0012762204012674258 -0.0010622047713770353 -0.0015562427102009055 0.00041627057400884631 -0.00016750858078221127 -0.00054915737541257894 0.017444367514946525 -0.0065566155488300214 7.4266225695812656e-06 -0.0010192667654462023 0.018542287841889053 -0.0013158963482614834 -0.0017955238041629492 0.0093264104086701622 -2.1386363639733232e-05 2.1933393535865931e-05 -0.0012673678059856926 -0.00050449674829552158 3.9848010791155853e-05 0.012193761293128767 0.0098449214811946583 0.018432244041020385
leaf_weight=101 292 102 261 83 94 61 166 70 355 286 395 199 156 1264 111 65 506 112 60 364 67 80 181 204 213 61 461 74 88 187
leaf_count=101 292 102 261 83 94 61 166 70 355 286 395 199 156 1264 111 65 506 112 60 364 67 80 181 204 213 61 461 74 88 187
internal_value=-0.0037738 -0.00451989 -0.00398396 -0.00345528 0.00117788 0.00576329 0.009591 0.000871369 -0.00462121 -0.00471313 -0.00510846 -0.0044359 -0.00162946 -0.00675862 -0.000713746 -0.00177433 0.000100382 -0.0125 -0.00232086 -0.0036 -0.00581731 0.00345395 -0.00819277 -0.00214171 -0.00555687 0.00198817 -0.00132827 0.00736842 0.00337349 0.0177075
internal_weight=6719 5400 5108 4847 1035 578 484 236 457 3812 3729 3443 1563 1880 1319 1218 1041 177 930 870 723 147 576 616 417 840 522 318 244 248
internal_count=6719 5400 5108 4847 1035 578 484 236 457 3812 3729 3443 1563 1880 1319 1218 1041 177 930 870 723 147 576 616 417 840 522 318 244 248
is_linear=0
shrinkage=0.035


Tree=104
num_leaves=31
num_cat=0
split_feature=102 131 180 261 171 60 256 132 270 115 215 252 38 22 270 38 219 38 115 2 271 17 267 189 109 198 192 260 92 221
split_gain=10.9483 15.6727 15.2552 12.7016 35.4321 24.7735 23.669 19.4573 19.1232 18.8394 16.9612 20.3828 15.9695 16.3158 21.1123 16.2083 15.774 15.6386 15.1271 13.5764 13.5163 15.7228 16.2212 16.3349 13.2427 15.3582 14.5231 13.0289 12.5678 13.5241
threshold=-6.4459302829676686 0.79205000400543224 0.0075999982655048379 486.81500244140631 0.32000000029802328 1465.5000000000002 79.496362036997837 0.47204999625682836 87.86028685416521 301.50000000000006 -0.040799997746944421 0.84195420601451698 930.50000000000011 0.11805000156164171 81.458609841490656 2158.5000000000005 -5.9894683577482857 1463.5000000000002 122.50000000000001 6377.0249023437509 15.144200304452456 14.383453725472785 3.0966682114569326 13.447919078818229 0.67785000801086437 0.035549998283386237 0.073350071735294994 0.21726921039104977 41.03544998168946 25.998874278206362
decision_type=2 2 2 2 2 2 2 2 2 2 2 2 2 2 2 2 2 2 2 2 2 2 2 2 2 2 2 2 2 2
left_child=1 2 -1 4 8 6 7 -6 -2 -8 18 12 13 -12 -15 17 -13 28 -5 -19 21 22 24 -24 25 27 -26 -20 -14 -30
right_child=3 -3 -4 10 5 -7 9 -9 -10 -11 11 16 15 14 -16 -17 -18 19 20 -21 -22 -23 23 -25 26 -27 -28 -29 29 -31
leaf_value=-0.00052174834329589805 -9.6647799320390148e-05 -0.0014948087038509791 0.010242979117074018 -0.002362701757279304 -0.00010182522760814786 -0.0019816377388737201 0.0020821886130460883 0.010578261928675808 0.014140636045168253 -0.0016975808852635072 -0.00028606948115374235 -0.00028259590710416838 0.0058341558752854055 0.010403900703846477 -0.00037556305600997323 0.0036345314491239727 -0.00045576617708523843 -0.001172074144466862 -0.00025155462002274617 -1.5559937762057719e-05 -0.0020368003603538718 -0.0022688571833858946 0.0071912024117305583 -0.00062881385965669835 0.0042265015653327655 -0.001608773279629901 -0.00033231686754461756 -0.00053743857549991779 0.0017152402808750938 -0.0015017500826412919
leaf_weight=145 96 416 60 93 114 161 160 105 155 202 90 1201 79 238 65 291 252 175 580 92 179 260 128 142 108 134 63 656 108 171
leaf_count=145 96 416 60 93 114 161 160 105 155 202 90 1201 79 238 65 291 252 175 580 92 179 260 128 142 108 134 63 656 108 171
internal_value=-0.00369051 -0.00810703 -0.000166667 -0.00323447 0.000385772 -0.0034672 -5.9727e-05 0.00890625 0.0116211 -0.00553134 -0.00393836 -0.00207445 0.00109209 0.00694724 0.0107955 -0.00144408 -0.00492112 -0.00461111 -0.00612649 -0.0109375 -0.0055255 -0.00470376 -0.00352698 0.00432727 -0.00491268 -0.00605818 0.00417614 -0.00479452 0.000192837 -0.00332746
internal_weight=6719 621 205 6098 993 742 581 219 251 362 5105 2762 1309 393 303 916 1453 625 2343 267 2250 2071 1811 270 1541 1370 171 1236 358 279
internal_count=6719 621 205 6098 993 742 581 219 251 362 5105 2762 1309 393 303 916 1453 625 2343 267 2250 2071 1811 270 1541 1370 171 1236 358 279
is_linear=0
shrinkage=0.035


Tree=105
num_leaves=31
num_cat=0
split_feature=102 14 192 194 160 39 211 71 104 160 11 224 183 124 269 27 7 37 115 274 247 183 104 150 163 115 135 104 20 269
split_gain=12.6345 14.7009 15.8432 15.5965 16.1056 15.2948 11.2084 19.0745 21.6452 16.0282 20.1704 18.9023 20.3223 18.1167 16.0091 14.7418 16.5335 14.7028 14.0942 16.8485 19.6033 13.3332 13.3237 13.2484 16.6238 13.1084 24.5722 12.4062 11.9609 11.9294
threshold=-6.2900608277124235 0.033344769001519843 -0.44444444443415637 -0.025738010680696689 0.016800004988908771 132.50000000000003 0.050347342094808477 2665.0000000000005 389.50000000000006 0.019499998539686206 28.419469760590399 -0.24962679213860159 0.39261978906349143 -2.102244749013352 -8.1802995320279219 2273.5000000000005 -23.479422645318103 35.995901107788093 934.00000000000011 0.051503007793915798 598.98498535156261 0.69743032826153983 332.00000000000006 0.049699995666742332 0.70099801390222971 2901.0000000000005 -1.2399756879440926 535.50000000000011 59.820187878364415 -2.3699832819590312
decision_type=2 2 2 2 2 2 2 2 2 2 2 2 2 2 2 2 2 2 2 2 2 2 2 2 2 2 2 2 2 2
left_child=1 3 -3 -1 5 -5 7 8 -2 29 13 14 28 -11 -12 22 -17 -10 -16 -20 -21 27 23 -14 -25 26 -24 -18 -13 -8
right_child=6 2 -4 4 -6 -7 9 -9 17 10 11 12 15 -15 18 16 21 -19 19 20 -22 -23 25 24 -26 -27 -28 -29 -30 -31
leaf_value=-2.3487715426329104e-06 0.012383036567449369 -0.0018082604225041707 0.00020514910356909778 0.0037556501221155036 -0.0026124065279416013 -0.0013779044674749046 -0.00076843295770347533 0.012671099708542768 -0.00054806550343308225 -6.4332117239093711e-05 0.016627662972684067 -0.00081181136794901138 -0.00046099590233551708 -0.002274543086732517 -0.0026129961076925019 -0.0013600419534215171 0.00098886204616250922 0.0084530686906602436 -0.0018342353687919174 -0.0003423013093427452 0.015577169692501183 -0.0002276996457897393 -0.00042552447483193813 -0.0006825140911666445 0.00041193939458780698 -0.00065190962009196616 0.0066966354728582476 -0.00012738896256142996 -0.00033313127118806605 0.00038263326256669479
leaf_weight=109 105 60 185 66 200 82 194 116 2109 79 62 582 202 165 108 279 87 66 60 100 91 276 75 162 115 77 171 99 126 511
leaf_count=109 105 60 185 66 200 82 194 116 2109 79 62 582 202 165 108 279 87 66 60 100 91 276 75 162 115 77 171 99 126 511
internal_value=-0.00378421 -0.00821782 -0.00126 -0.0118939 -0.0154674 -0.00640523 -0.00326054 -0.00139942 -0.00211379 -0.00448842 -0.00563163 -0.00473291 -0.00600399 -0.0151807 0.00205399 -0.00373062 -0.00727212 -0.00287385 -0.000865385 0.00369141 0.00875 -0.00314775 -0.000433705 -0.0041219 0.000868794 0.00501524 0.0089243 0.00403141 -0.0108976 0.000246479
internal_weight=6719 702 245 457 348 148 6017 2396 2280 3621 2916 2672 2251 244 421 1543 741 2175 359 251 191 462 802 479 277 323 246 186 708 705
internal_count=6719 702 245 457 348 148 6017 2396 2280 3621 2916 2672 2251 244 421 1543 741 2175 359 251 191 462 802 479 277 323 246 186 708 705
is_linear=0
shrinkage=0.035


Tree=106
num_leaves=31
num_cat=0
split_feature=37 150 257 261 66 150 261 60 115 8 22 82 148 7 160 182 27 27 193 183 164 6 123 260 178 180 104 274 230 80
split_gain=11.8488 15.4459 12.5937 11.9877 35.6123 20.0999 18.0899 15.6534 20.9101 23.3309 29.8878 17.3411 13.5414 14.4624 15.372 16.037 15.6391 15.0696 14.7589 14.8243 17.2791 15.3699 17.0331 20.4262 16.9061 15.2531 14.3557 13.7445 13.3759 13.1058
threshold=18.227700233459476 0.032299999147653587 18.852136965204021 486.81500244140631 0.2986499965190888 0.057399991899728782 489.81500244140631 1465.5000000000002 301.50000000000006 -77.241711598915757 0.37899999320507055 436.50000000000006 3619.5000000000005 3.4169807485891623 0.0083499848842620867 0.079286500078173283 7485.0000000000009 4057.5000000000005 -0.90590641164372709 0.83488723756362504 -0.09459458522629044 -5.3446752926387964 0.0087464355528883899 0.23866416858271966 0.049749985337257392 -0.009899999946355818 850.50000000000011 0.22600962191326113 1.5108308752176394 -6.4810236149040401
decision_type=2 2 2 2 2 2 2 2 2 2 2 2 2 2 2 2 2 2 2 2 2 2 2 2 2 2 2 2 2 2
left_child=1 -1 3 4 5 -2 -5 8 -6 11 -11 -10 13 14 15 -8 17 18 -16 21 -21 22 23 -20 27 -24 -19 28 -23 -29
right_child=2 -3 -4 6 7 -7 12 -9 9 10 -12 -13 -14 -15 16 -17 -18 26 19 20 -22 24 25 -25 -26 -27 -28 29 -30 -31
leaf_value=-0.00026859285404584658 0.0053063453505408477 -0.0018720214104697454 0.017253357245224071 -0.00090029450084081072 0.0049688590820982743 0.024939887437782231 -0.00074786477286894202 -0.0014754860580651348 -0.00043196649671446821 -0.0012553479856035538 0.012157041050958274 -0.0032696469760846126 -0.0023850926221363508 -0.0003848739196670903 -0.0013322547009515342 0.012078756137839613 0.006979230694500951 -0.00026345562797363002 0.0094743609815623065 -0.00058245740673464887 -5.6773768951795542e-05 -0.00030763709298289979 -0.0024152777333273511 -0.001422372541022627 -0.00069223219470269167 -0.00041151389331330063 -0.0020701140423794299 2.742411323652383e-06 0.0068762594843477035 0.0067534936047995734
leaf_weight=133 102 137 69 152 237 95 135 194 108 103 60 95 143 303 99 123 144 185 219 188 209 202 238 104 69 2453 126 83 71 140
leaf_count=133 102 137 69 152 237 95 135 194 108 103 60 95 143 303 99 123 144 185 219 188 209 202 238 104 69 2453 126 83 71 140
internal_value=-0.00381544 -0.0109455 -0.00350868 -0.00367267 -0.00014014 0.012995 -0.00432387 -0.00344763 -0.000633224 -0.00584906 0.00395833 -0.0136298 -0.00396831 -0.00366071 -0.00318381 0.00505703 -0.00365821 -0.00403325 -0.00345711 -0.00311228 -0.00949005 -0.00239258 -0.00338523 0.00416159 0.00288596 -0.00429711 -0.0114082 0.00516966 -0.000125899 0.0115132
internal_weight=6719 270 6449 6380 994 197 5386 797 603 366 163 203 5234 5091 4788 258 4530 4386 4075 3976 397 3579 3014 323 565 2691 311 496 273 223
internal_count=6719 270 6449 6380 994 197 5386 797 603 366 163 203 5234 5091 4788 258 4530 4386 4075 3976 397 3579 3014 323 565 2691 311 496 273 223
is_linear=0
shrinkage=0.035


Tree=107
num_leaves=31
num_cat=0
split_feature=260 230 216 10 49 203 215 153 105 203 266 169 273 163 260 272 134 69 80 59 71 230 154 212 85 35 36 39 256 193
split_gain=13.1539 13.6329 18.8654 15.2532 17.6232 15.0515 13.7311 15.9958 12.726 12.6909 12.6632 18.6161 14.5239 18.9191 13.0104 12.7432 12.4787 18.1524 12.3004 14.699 15.2119 11.9941 11.2305 13.1178 11.1932 19.6093 17.3116 16.614 15.94 15.6638
threshold=0.19525974187993517 3.2182994681406734 22.738395840057521 22.443757444020282 1223.0000000000002 0.48599288853442318 -0.034499999135732644 0.04143493558818994 24.500000000000004 0.12160808831583401 -9.6823692533254384 11.154674161179445 0.29183336486842842 -0.38313775412796741 -0.073204652009374607 0.035149998962879188 0.021286906175982199 -7.8972571843252428 -3.5960793423234096 39.597999572753913 1724.0000000000002 -0.5626538636116506 -0.10000001719198405 6.1654156474614927 6192.5000000000009 0.059714808795473098 -9.4421591348903355 138.50000000000003 41.521405505667751 0.72650231124729359
decision_type=2 2 2 2 2 2 2 2 2 2 2 2 2 2 2 2 2 2 2 2 2 2 2 2 2 2 2 2 2 2
left_child=8 3 -3 -2 5 9 7 -4 -1 -5 11 -10 15 -14 -15 16 17 -12 19 20 -13 -18 -19 -24 25 26 27 -6 -26 -28
right_child=1 2 6 4 24 -7 -8 -9 10 -11 12 18 13 14 -16 -17 21 22 -20 -21 -22 -23 23 -25 28 -27 29 -29 -30 -31
leaf_value=-0.0029030687946198465 -0.0016871477185902203 -0.0013703910066996106 -0.00099905831365277816 -0.00068509063706805712 -0.00087721350673868135 -0.0013450747279389833 0.0017135880470611868 4.7423986485943263e-05 0.014986036603847891 0.0078763285680262477 -0.0014724796986117484 -0.001429987171643539 0.0082764674219000054 -0.001087821340350185 0.0034940870005955322 0.0066250836770526383 0.0090736326500570029 -0.00068369194191309694 0.0045872593423612112 -0.0040668326902776096 0.0063862132689201604 -0.00023108236445713916 0.0098461211668201855 -8.4662376221645306e-05 -0.0001279700806707035 0.0034541902571900238 0.0028881391600209458 0.0001141713138465389 -0.00069760153476642109 -0.00019839308472846765
leaf_weight=119 178 80 147 105 352 278 163 495 63 66 324 338 152 162 219 95 87 608 75 226 60 115 100 567 530 141 217 157 239 261
leaf_count=119 178 80 147 105 352 278 163 495 63 66 324 338 152 162 219 95 87 608 75 226 60 115 100 567 530 141 217 157 239 261
internal_value=-0.00383626 -0.00536175 -0.00161236 -0.00667062 -0.00589536 -0.0121035 4.32099e-05 -0.00227202 -0.00225943 -0.00377841 -0.00182885 -0.00574967 -0.000589565 0.00448885 0.000272021 -0.00202525 -0.0026938 -0.0037313 -0.00740767 -0.00901431 -0.00486352 0.00541063 -0.00183203 0.00130208 -0.004398 -0.0021624 -0.00391633 -0.00837549 -0.00764212 0.000869565
internal_weight=6719 3409 885 2524 2346 449 805 642 3310 171 3191 762 2429 533 381 1896 1801 1599 699 624 398 202 1275 667 1897 1128 987 509 769 478
internal_count=6719 3409 885 2524 2346 449 805 642 3310 171 3191 762 2429 533 381 1896 1801 1599 699 624 398 202 1275 667 1897 1128 987 509 769 478
is_linear=0
shrinkage=0.035


Tree=108
num_leaves=31
num_cat=0
split_feature=254 256 27 8 27 14 209 271 123 170 189 82 126 17 5 186 223 222 153 256 149 2 152 61 155 223 135 270 274 274
split_gain=13.6165 13.3164 15.0625 20.155 15.8239 11.7429 11.3382 10.7173 15.8355 15.4922 13.5511 11.7062 19.502 19.8825 15.7192 15.1208 14.4675 13.2803 14.9141 14.5925 17.2006 14.1568 12.6878 12.6394 12.2657 12.1149 11.5885 11.4209 13.2581 14.577
threshold=34.142942385024803 14.751036886260241 7485.0000000000009 -38.829686819236436 5616.0000000000009 -0.049535077800144649 6.2887767199586424 16.376586331701883 0.013793112217694865 0.021499995142221454 13.957810918784633 913.00000000000011 662.00000000000011 5.4547219091471986 30.270373325006535 -0.15935062055947433 2.8405530099545859 2.186259921748547 -0.051174224952629625 21.926587648921892 48.500000000000007 6382.5800781250009 0.23404255318816966 254.50000000000003 0.035282589033440413 19.4172455448767 -1.3298827270826317 95.846440692695452 0.86782910212164788 0.72052648234640948
decision_type=2 2 2 2 2 2 2 2 2 2 2 2 2 2 2 2 2 2 2 2 2 2 2 2 2 2 2 2 2 2
left_child=1 -1 4 -4 6 -2 -3 11 9 -9 -10 12 13 14 15 24 -16 18 25 21 23 -19 -14 -21 -8 -13 -20 28 29 -18
right_child=5 2 3 -5 -6 -7 7 8 10 -11 -12 17 22 -15 16 -17 27 19 26 20 -22 -23 -24 -25 -26 -27 -28 -29 -30 -31
leaf_value=-0.00051241361041623142 -0.0024398106938655125 0.010662761578199459 -0.0023355186336361869 0.010919545530942834 -0.00048534420522812656 -0.00089143934033931375 -0.002620213050501021 0.00083493125347896776 -0.0031199402153549325 -0.0025357637787655355 -0.00048392636833099442 0.016665613475401148 -0.0010242628224945605 -0.00044025432292778613 0.0049676227717925271 0.0046293462403759634 -0.00026456610288637221 -0.0050062040227414496 0.0022645498472709416 -0.00025052736758934271 -0.0022268717965467063 -0.0021611312339214137 -0.00019751743654980726 0.0039796456610426151 0.00019990476122527901 0.00024315342589935397 -0.0007074751202396346 0.00015138892134318934 0.00015007933222022709 -0.00074601986168867853
leaf_weight=162 82 72 78 75 138 143 62 139 118 86 70 67 437 725 103 259 327 67 60 1880 171 146 333 299 114 63 123 122 68 130
leaf_count=162 82 72 78 75 138 143 62 139 118 86 70 67 437 725 103 259 327 67 60 1880 171 146 333 299 114 63 123 122 68 130
internal_value=-0.00394036 -0.00364056 -0.00338015 0.00731013 -0.00365055 -0.0123261 -0.00337496 -0.00354453 -0.00895933 -0.00258696 -0.0163212 -0.00313433 -0.00479702 -0.00288773 -8.82353e-05 0.00517045 -0.00315232 -0.00157931 0.00517296 -0.00241238 -0.0016051 -0.011078 -0.00948387 -0.000753205 -0.00270718 0.014 -0.00130319 -0.00509969 -0.00733019 -0.0094697
internal_weight=6719 6494 6332 153 6179 225 6041 5969 413 225 188 5556 2680 1910 1185 435 750 2876 313 2563 2350 213 770 2179 176 130 183 647 525 457
internal_count=6719 6494 6332 153 6179 225 6041 5969 413 225 188 5556 2680 1910 1185 435 750 2876 313 2563 2350 213 770 2179 176 130 183 647 525 457
is_linear=0
shrinkage=0.035


Tree=109
num_leaves=31
num_cat=0
split_feature=254 256 27 27 14 209 271 123 189 170 82 126 240 163 163 261 33 270 181 20 220 256 256 27 163 197 195 93 215 126
split_gain=13.7195 12.28 16.2768 15.8554 11.7429 11.3188 10.7642 14.304 12.7615 12.6962 11.517 17.512 16.086 13.1447 19.3239 12.7703 19.5486 19.4094 17.489 23.3517 16.8938 16.8464 29.8508 14.3636 20.7353 14.1854 13.7689 13.0858 17.7309 12.4655
threshold=34.142942385024803 14.751036886260241 7485.0000000000009 5616.0000000000009 -0.049535077800144649 6.2887767199586424 16.376586331701883 0.013793112217694865 13.957810918784633 0.021499995142221454 913.00000000000011 662.00000000000011 5.4547219091471986 0.75935214419842023 0.6688515463914827 534.64498901367199 0.32834999263286596 68.895410828292356 0.13119999505579474 29.959646541923849 3.9164220251769772 27.050132203028671 38.566083244175104 1667.5000000000002 -0.35547287676249145 -0.012412267053674354 0.010590884975249142 522.50000000000011 -0.053199999034404748 307.00000000000006
decision_type=2 2 2 2 2 2 2 2 2 2 2 2 2 2 2 2 2 2 2 2 2 2 2 2 2 2 2 2 2 2
left_child=1 -1 3 5 -2 -3 10 9 -9 -8 11 12 29 14 15 16 17 18 -12 -20 -17 -21 -23 24 -19 -18 -22 -24 -29 -7
right_child=4 2 -4 -5 -6 6 7 8 -10 -11 13 -13 -14 -15 -16 20 25 23 19 21 26 22 27 -25 -26 -27 -28 28 -30 -31
leaf_value=-0.00049447913405166412 -0.0023544173195802188 0.010289564922962478 0.006343850647483433 -0.0004683571580451407 -0.00086023896342743802 -0.00017389964626001039 0.00080570865960720277 -0.0030107423078175113 -0.00046698894543941138 -0.0024470120465087423 0.010744437030320785 -0.00066454118843792904 -0.00042484542162531228 -0.0019215523887352057 0.0056427290611546941 0.0037448686359444873 -0.002320249612774594 0.011665490434469567 -0.0015877917537075832 -0.0017854425441186711 -0.0028135072355181838 0.01825481211205918 -0.0010818259009076163 0.013194712473055785 -0.0011112594828879812 -0.0004272720623965748 -0.0006107717866647189 -0.0025478849675065469 0.008868028286909262 0.00047601826896461255
leaf_weight=162 82 72 153 138 143 770 139 118 70 86 69 770 725 99 79 185 63 126 104 68 125 101 74 181 214 517 665 70 136 415
leaf_count=162 82 72 153 138 143 770 139 118 70 86 69 770 725 99 79 185 63 126 104 68 125 101 74 181 214 517 665 70 136 415
internal_value=-0.00390913 -0.00360825 -0.00335806 -0.00363923 -0.0123261 -0.00336338 -0.00353281 -0.00895933 -0.0159585 -0.0028913 -0.00312174 -0.00477095 -0.00296084 -0.00157931 -0.0011197 -0.00163152 0.000182292 0.00283537 -0.00133971 -0.00344982 -0.00482143 7.70925e-05 0.00299223 0.00778517 0.00344928 -0.00502564 -0.00704403 -0.00294737 0.00165877 -0.000441176
internal_weight=6719 6494 6332 6179 225 6041 5969 413 188 225 5556 2680 1910 2876 2777 2698 1723 1143 622 553 975 449 381 521 340 580 790 280 206 1185
internal_count=6719 6494 6332 6179 225 6041 5969 413 188 225 5556 2680 1910 2876 2777 2698 1723 1143 622 553 975 449 381 521 340 580 790 280 206 1185
is_linear=0
shrinkage=0.035


Tree=110
num_leaves=31
num_cat=0
split_feature=254 14 256 27 8 27 271 275 6 100 275 231 108 60 274 5 43 57 163 152 112 189 249 257 216 225 256 272 45 16
split_gain=13.9612 11.7429 10.3591 12.4636 20.1512 16.1085 9.07893 14.6414 11.6415 11.5478 10.3062 9.84717 10.6226 13.4227 19.6481 13.2849 12.426 11.7154 10.5903 10.2554 13.1337 10.8177 10.1442 10.3714 18.4021 17.8414 14.9926 22.6601 14.6435 14.4221
threshold=34.142942385024803 -0.049535077800144649 14.751036886260241 7485.0000000000009 -38.829686819236436 5616.0000000000009 16.00530830040498 -1.7578040367061118 -35.28108678559844 18.304208112351642 0.58370333470003655 1.2304242532534817 -48.343254520595288 319.00000000000006 0.90211111880352146 136.07999422342795 0.27564999461174017 0.057697632894413826 0.71944465820150494 0.36721859057016482 0.012806863275364629 13.503718832236002 -0.39830901626125564 7.4984434404200107 66.253713458303565 0.19104990847266543 32.7203657318734 0.030100032687187198 11.548482294748803 -7.3434591021098718
decision_type=2 2 2 2 2 2 2 2 2 2 2 2 2 2 2 2 2 2 2 2 2 2 2 2 2 2 2 2 2 2
left_child=2 -2 -1 5 -5 6 11 -8 9 -9 -10 19 -13 14 18 16 17 22 -14 20 -4 -21 -15 25 -25 26 -24 -28 -26 -29
right_child=1 -3 3 4 -6 -7 7 8 10 -11 -12 12 13 15 -16 -17 -18 -19 -20 21 -22 -23 23 24 28 -27 27 29 -30 -31
leaf_value=-0.00047717236435985635 -0.0022720127133949121 -0.00083013059970747682 -0.00083530291698061818 -0.00247581025412084 0.010315326664697916 -0.00045196465751355999 0.0004759213196561907 0.012081306017502066 -0.0016398469303080605 -0.0026537286684646375 -0.0009613761597459476 0.011133634489107374 -0.00091657112473693023 -0.0016605313008039974 0.00013913980996085873 0.0050761828730365747 0.00020699901932759503 -0.0011837747719374387 -0.00037531766197115211 0.0036223451670702959 9.2024648834670438e-05 -0.00030275832123406293 9.8885013182333235e-05 0.00020977558250600772 -0.0022000410233729987 -0.0028360377977490166 -0.00082528986537558911 -0.0021183123697411264 -0.00015262850326632418 0.0023076232303444262
leaf_weight=162 82 143 173 78 75 138 87 73 125 94 107 86 173 204 106 78 541 117 332 113 316 79 563 932 98 154 1052 62 143 233
leaf_count=162 82 143 173 78 75 138 87 73 125 94 107 86 173 204 106 78 541 117 332 113 316 79 563 932 98 154 1052 62 143 233
internal_value=-0.00383626 -0.0123261 -0.00353285 -0.00330282 0.00642405 -0.00354867 -0.00327076 -0.00784114 -0.0106559 -0.0034593 -0.015654 -0.00286421 -0.00341463 -0.00363655 -0.00846591 -0.00292085 -0.0031981 -0.00394892 -0.0113235 0.00107143 -0.00162955 0.00781726 -0.003565 -0.0030768 -0.000445671 -0.00456742 -0.0036188 -0.0056176 -0.00896341 0.00291667
internal_weight=6719 225 6494 6332 153 6179 6041 486 399 167 232 5555 4874 4788 611 4177 4099 3558 505 681 489 192 3441 3237 1173 2064 1910 1347 241 295
internal_count=6719 225 6494 6332 153 6179 6041 486 399 167 232 5555 4874 4788 611 4177 4099 3558 505 681 489 192 3441 3237 1173 2064 1910 1347 241 295
is_linear=0
shrinkage=0.035


Tree=111
num_leaves=31
num_cat=0
split_feature=232 105 211 269 93 270 271 9 19 256 9 150 93 38 37 4 260 104 13 247 60 160 267 257 11 148 173 180 211 13
split_gain=10.9964 11.0103 10.5508 15.0045 15.9112 15.1309 14.6933 14.5739 14.049 27.3623 22.8486 13.6679 13.4258 12.4604 12.0006 11.3716 20.5356 19.8444 21.583 22.3849 24.6697 17.5779 18.9662 18.3816 17.652 19.9716 15.5192 14.5233 14.5054 15.8286
threshold=0.82168777528091053 26.500000000000004 -0.35388688484212488 4.7756586421088274 988.50000000000011 58.204368153558057 6.1630893514819567 -7.7944176867242589 5792.5000000000009 82.608157144414136 -20.932220255596562 0.027449991554021839 95.000000000000014 1719.5000000000002 18.083100318908695 -21.12832603029403 -0.12367824026632589 1556.0000000000002 40.807194268467846 595.36499023437511 946.00000000000011 0.019499998539686206 2.5189030869632316 5.1876253144822186 53.802872713906659 67.000000000000014 0.32429464251472651 0.0073499977588653573 0.050347342094808477 36.812196690674689
decision_type=2 2 2 2 2 2 2 2 2 2 2 2 2 2 2 2 2 2 2 2 2 2 2 2 2 2 2 2 2 2
left_child=-1 -2 3 4 5 -3 -6 13 9 -7 -11 -5 -10 -4 -9 16 -16 18 26 20 -20 22 23 -17 25 -23 -18 -27 29 -26
right_child=1 2 7 11 6 8 -8 14 12 10 -12 -13 -14 -15 15 21 17 -19 19 -21 -22 24 -24 -25 28 27 -28 -29 -30 -31
leaf_value=4.8863677536633016e-05 -0.0019718225560543126 0.012596512710183114 -0.0034392843480613093 -5.6524995412310659e-05 -0.00015230947676916434 0.0097488782411401034 -0.0032462174470118191 -0.0014654103782261881 -0.0021180608747108504 -0.004531208085224071 0.00022432215142523251 0.013520358404379536 -0.00049958134876932573 -0.00020275588255204205 -0.0017976957435935415 -0.00079555889125617599 -0.0018974363265607099 0.010598771126259968 0.0034853694694276607 0.012880993836706902 -0.0023282743236322538 0.0012164384810934611 0.0066860655560599582 0.00038721474020671226 0.01052600969233603 -0.0014620262749172571 -0.00040140636628820619 -0.0012941669248850759 -0.00030965451967061467 -0.00048824462194258878
leaf_weight=368 204 68 187 92 63 127 79 143 74 61 182 107 379 80 141 329 83 219 162 183 96 62 144 242 82 274 138 167 1839 344
leaf_count=368 204 68 187 92 63 127 79 143 74 61 182 107 379 80 141 329 83 219 162 183 96 62 144 242 82 274 138 167 1839 344
internal_value=-0.00379462 -0.00413546 -0.00386297 -0.000962005 -0.00266378 -0.000898438 -0.0133333 -0.00458841 -0.00224034 0.0028 -0.00409274 0.00772059 -0.00634279 -0.0124816 -0.00412207 -0.0037949 -0.000545278 0.00146163 -0.00157421 0.00290359 -0.00372624 -0.00474627 0.000145833 -0.00273438 -0.00600793 -0.0119193 -0.0103761 -0.0145179 -0.00467181 0.00113689
internal_weight=6719 6351 6147 1232 1033 891 142 4915 823 370 243 199 453 267 4648 4505 1022 881 662 441 258 3483 715 571 2768 503 221 441 2265 426
internal_count=6719 6351 6147 1232 1033 891 142 4915 823 370 243 199 453 267 4648 4505 1022 881 662 441 258 3483 715 571 2768 503 221 441 2265 426
is_linear=0
shrinkage=0.035


Tree=112
num_leaves=31
num_cat=0
split_feature=17 154 49 184 257 7 214 55 10 10 37 137 6 189 43 120 27 120 7 71 71 24 135 91 170 39 61 271 163 16
split_gain=13.1514 12.3526 15.4946 15.0907 12.081 13.6545 12.5858 12.2225 12.117 20.4179 12.0591 12.8614 11.3014 11.232 10.826 12.3595 12.096 11.3603 16.132 10.9431 15.3909 10.6817 10.6787 13.5708 14.9899 14.9052 13.6573 13.1111 12.7586 11.555
threshold=51.603926743202251 -0.068702297843157303 5859.5000000000009 -0.068833252558716071 2.8607833657733082 -4.1872915323142612 0.05595000088214875 0.14995000511407855 56.285764419792642 72.317504473090239 18.836600303649906 5203.0000000000009 27.826799391071358 12.544179231578122 0.28094999492168432 0.63714998960495006 7727.5000000000009 0.66895002126693737 -15.094971797213818 2960.0000000000005 2395.0000000000005 0.088932827653055005 -0.72826379782960504 -2.7871993587028667 0.017099995166063312 150.50000000000003 119.50000000000001 5.5683322401429143 0.30948251864626802 -3.6379381697276831
decision_type=2 2 2 2 2 2 2 2 2 2 2 2 2 2 2 2 2 2 2 2 2 2 2 2 2 2 2 2 2 2
left_child=1 10 3 -3 5 7 8 -5 -6 -10 -1 12 14 -11 15 19 22 -16 -19 20 21 -12 23 25 -25 -17 -27 -26 -29 -28
right_child=-2 2 -4 4 6 -7 -8 -9 9 13 11 -13 -14 -15 17 16 -18 18 -20 -21 -22 -23 -24 24 27 26 29 28 -30 -31
leaf_value=-0.0010078238443473931 -0.0025676897291283156 0.00038184830431977962 -0.0020434309546391821 0.0025730192502341253 -0.00064690031280869621 -0.00082061421169367832 -0.0020772640518298422 -0.00060207015925345202 0.010092759060532029 0.00045020790704276744 -0.00095164086591910738 0.00040826651678684315 0.0083985794331622211 -0.00029597024550574811 0.0012118113070725201 -0.00050576289757206495 0.0085891609804978307 0.0002281807094772065 -0.00050107607608145758 -0.0011325134897972702 0.00042453664358483304 0.0002706947231494117 -0.0014142767167028159 -0.00086213013400605724 0.006478370896715221 0.0077899328306145965 0.00075728663150586846 0.0064280437497779026 -0.00042851011367174249 -0.00077542571232467109
leaf_weight=144 78 475 63 63 668 66 92 304 174 126 754 122 73 234 219 1124 60 98 77 229 92 64 394 151 113 91 144 111 107 209
leaf_count=144 78 475 63 63 668 66 92 304 174 126 754 122 73 234 219 1124 60 98 77 229 92 64 394 151 113 91 144 111 107 209
internal_value=-0.00383626 -0.0036601 -0.00155727 -0.00104667 -0.0025664 -0.00759132 -0.000862202 -0.00479839 0.00011599 0.00402597 -0.00474549 -0.00439462 -0.00472904 -0.000767123 -0.00497897 -0.00557429 -0.00418493 0.000526316 -0.00602778 -0.00859703 -0.00680874 -0.00833536 -0.0045733 -0.00354258 0.00158111 -0.00511761 0.000311804 0.00572917 0.000627803 -0.0028352
internal_weight=6719 6641 2265 2202 1727 433 1294 367 1202 534 4376 4232 4110 360 4037 3643 2504 394 175 1139 910 818 2444 2050 482 1568 444 331 218 353
internal_count=6719 6641 2265 2202 1727 433 1294 367 1202 534 4376 4232 4110 360 4037 3643 2504 394 175 1139 910 818 2444 2050 482 1568 444 331 218 353
is_linear=0
shrinkage=0.035


Tree=113
num_leaves=31
num_cat=0
split_feature=254 261 118 140 13 60 19 110 13 30 121 143 33 256 93 132 224 115 256 225 168 19 60 60 261 270 44 148 137 160
split_gain=11.3958 13.5404 33.1246 14.447 16.2267 16.1439 18.1939 15.1219 14.3318 14.1931 13.5173 24.0755 17.9449 17.4753 22.9845 17.5451 13.6288 24.5521 12.7981 21.3472 12.7172 12.5439 17.2581 20.7001 16.8379 29.9225 28.9796 26.3284 25.7668 22.4654
threshold=51.825948976768075 486.81500244140631 5717.5000000000009 5932.5000000000009 89.525860392610952 3241.5000000000005 6102.5000000000009 0.18435000628232959 123.83844951835317 5982.5000000000009 0.31219999492168432 0.27975000441074377 0.54249998927116405 79.496362036997837 759.50000000000011 0.48325000703334814 0.99999999999380174 238.00000000000003 41.922605537799392 0.26285165885276224 0.009049996733665468 6207.5000000000009 1626.5000000000002 2367.5000000000005 521.45501708984386 67.969837123857374 0.17074999958276751 525.00000000000011 2040.5000000000002 0.028500003274530176
decision_type=2 2 2 2 2 2 2 2 2 2 2 2 2 2 2 2 2 2 2 2 2 2 2 2 2 2 2 2 2 2
left_child=1 2 10 4 7 21 9 -3 -6 -7 11 -1 13 14 -12 16 17 -15 -9 -20 -8 22 24 -24 -5 27 28 29 -27 -26
right_child=-2 3 -4 5 8 6 20 18 -10 -11 12 -13 -14 15 -16 -17 -18 -19 19 -21 -22 -23 23 -25 25 26 -28 -29 -30 -31
leaf_value=-0.0014791776638382777 -0.0025159764256120023 0.0062516279153301884 0.0164686356844518 -0.00085248151945537486 0.0092268437553775125 0.00012413015101718164 -0.0024733012078561965 -0.0025217366612802963 -0.0025700731429339949 0.027955318601802052 0.0028602872195603963 0.01234503275613546 0.0030787847992154197 8.8101212942979793e-05 -0.00088737565258319834 -0.0047739406928087851 0.0004180983683052467 -0.001599220721388854 -0.0008298603770447539 0.0018021044105341415 0.0056062985938527231 -0.00035517175152330777 0.0093754583676920328 -0.0005160017310867907 0.00012922689654453398 -0.0023503332011372228 0.0099880574036663745 -0.0023951688985317846 0.012693663911460623 -0.00042716873205209067
leaf_weight=71 75 61 64 337 103 76 132 60 60 74 133 130 179 93 121 108 74 97 787 95 91 1832 220 140 432 164 206 234 66 404
leaf_count=71 75 61 64 337 103 76 132 60 60 74 133 130 179 93 121 108 74 97 787 95 91 1832 220 140 432 164 206 234 66 404
internal_value=-0.00389872 -0.0037374 -0.000130233 -0.00442911 -0.00789069 -0.00350555 0.00342593 -0.00954861 0.00229167 0.0126452 -0.00173096 0.00628641 -0.00375926 -0.00654517 0.000540541 -0.0113263 -0.00624535 -0.0111282 -0.0106441 -0.00947012 -0.00291667 -0.00414975 -0.00236187 0.00460274 -0.00373106 -0.00213104 0.00555556 -0.00527442 -0.00297872 -0.00233056
internal_weight=6719 6644 1070 5574 1166 4408 373 1003 163 150 1006 201 805 626 254 372 264 190 942 882 223 4035 2203 360 1843 1506 436 1070 230 836
internal_count=6719 6644 1070 5574 1166 4408 373 1003 163 150 1006 201 805 626 254 372 264 190 942 882 223 4035 2203 360 1843 1506 436 1070 230 836
is_linear=0
shrinkage=0.035


Tree=114
num_leaves=31
num_cat=0
split_feature=70 30 99 92 204 13 224 200 222 10 230 274 137 45 47 47 264 136 224 266 223 159 13 173 89 19 196 123 195 27
split_gain=12.3029 14.3419 15.5132 17.7522 15.6416 14.5808 15.4033 16.7334 21.6841 15.5741 14.3062 14.1979 14.6622 20.5425 14.6742 12.6804 15.8868 15.3214 21.3811 16.3608 15.6163 15.2477 15.7228 19.9019 14.029 14.019 13.9236 13.3165 16.1012 13.41
threshold=35.163099288940437 5172.5000000000009 0.52970001101493847 43.461650848388679 -0.054112796998910646 20.672409973263807 0.99999999999276679 -0.019150003790855404 11.424511027193654 6.2523364647867572 -4.0316602892598299 -0.75884024099101532 2656.0000000000005 2.9934982348905366 -18.095097337725811 -8.1857961335535236 -2.8892492838500368 34.928199768066413 0.99999999998811662 -0.52355828360495227 23.347831806235067 13.404638818633932 55.44399605908179 0.22585075820367703 36.001207171566328 5682.5000000000009 0.031313373895478065 0.0085106978179715232 0.0072836166234035247 7536.0000000000009
decision_type=2 2 2 2 2 2 2 2 2 2 2 2 2 2 2 2 2 2 2 2 2 2 2 2 2 2 2 2 2 2
left_child=11 -2 3 5 -5 -3 7 9 10 -7 -9 -1 14 -14 -13 16 -6 18 21 -20 27 24 23 -23 -17 -21 -25 28 -19 -29
right_child=1 2 -4 4 15 6 -8 8 -10 -11 -12 12 13 -15 -16 17 -18 20 19 25 -22 22 -24 26 -26 -27 -28 29 -30 -31
leaf_value=0.0031723598234277509 0.012461957351503329 0.0060441529161689737 -0.0047716144888564046 -0.0006667633588399364 0.00039752872686515619 0.0056082751617881265 0.0095775715615607371 -0.00080726092717447974 0.014041275154327579 -0.00070365816295827059 8.028130396052297e-05 0.012719210491262485 -0.00027006691020119047 0.012740170716768461 -0.00088272647143183293 -0.00027612897514140133 -0.0013628297451091188 -0.0024967529081394218 -0.0014420147746745423 0.00057063791367028746 -0.0031231492098522644 -0.0010637211418462902 0.012733099494009482 3.3224717934134396e-05 0.007093872658759698 -0.0011421174806777396 0.011690835001169547 -0.00045934354528518519 0.0050507094682170333 0.0069530513726418245
leaf_weight=67 81 72 63 203 99 68 87 77 162 478 136 61 77 97 1021 352 354 92 61 62 133 122 119 92 61 79 67 1921 278 77
leaf_count=67 81 72 63 203 99 68 87 77 162 478 136 61 77 97 1021 352 354 92 61 62 133 122 119 92 61 79 67 1921 278 77
internal_value=-0.00396118 -0.00321422 -0.00344079 -0.00322237 -0.00425664 0.000774194 -0.000345508 -0.00170086 0.00396053 -0.00558984 -0.00337156 -0.00698419 -0.00782712 0.00156425 -0.00933763 -0.00376069 -0.00924672 -0.00304175 0.000583333 -0.0094686 -0.00451117 0.00312347 0.00795062 0.0033042 -0.00159091 -0.00263699 0.011311 -0.00383481 0.00224 -0.00496256
internal_weight=6719 5396 5315 5252 4172 1080 1008 921 375 546 213 1323 1256 174 1082 3969 453 3516 1015 202 2501 813 400 281 413 141 159 2368 370 1998
internal_count=6719 5396 5315 5252 4172 1080 1008 921 375 546 213 1323 1256 174 1082 3969 453 3516 1015 202 2501 813 400 281 413 141 159 2368 370 1998
is_linear=0
shrinkage=0.035


Tree=115
num_leaves=31
num_cat=0
split_feature=81 163 49 126 260 43 267 213 76 137 183 33 22 6 150 81 258 109 38 50 76 258 227 37 211 256 270 204 260 115
split_gain=13.7614 11.249 15.1213 11.4644 15.7517 14.1639 13.7716 13.6544 11.2184 10.8661 18.2604 17.2057 25.2824 14.3373 14.0246 11.7246 11.6682 11.9171 14.1329 13.8802 9.95768 9.69773 9.68748 8.45349 9.41901 9.35835 14.8628 13.5132 10.7893 14.7074
threshold=33.867700576782234 -0.6164026716661416 759.00000000000011 945.00000000000011 0.43874235302414394 0.2388500049710274 0.063025771245284204 9.5972001305692203 0.33754999935626989 5203.0000000000009 0.94154859585860362 0.12919999659061435 0.10355000197887422 35.156611501487156 0.044150002300739295 48.091400146484382 0.051449999213218696 0.61695000529289257 1481.5000000000002 135.50000000000003 0.35025000572204595 0.011699993163347246 0.047256025266229081 35.995901107788093 0.17512659640740388 117.08052463533404 146.16543957357968 0.063903229344169088 -0.46440349917261964 366.50000000000006
decision_type=2 2 2 2 2 2 2 2 2 2 2 2 2 2 2 2 2 2 2 2 2 2 2 2 2 2 2 2 2 2
left_child=1 21 -3 4 7 -5 -6 20 -8 10 11 22 -13 16 -12 -11 17 18 19 -14 -4 -1 -2 25 -25 26 28 -27 -19 -30
right_child=9 2 3 5 6 -7 8 -9 -10 15 14 12 13 -15 -16 -17 -18 23 -20 -21 -22 -23 -24 24 -26 27 -28 -29 29 -31
leaf_value=-0.0010412899611046637 -0.00042936486067682262 -0.0021992828552201012 -0.0013746442385385402 -0.00063798855946002044 -0.00067743358457648766 -0.0021803934655478287 -0.00086455243749761137 0.016170194053914261 0.00029011251499486108 0.0055061895817885478 -0.00092867908386762245 -0.00088830351673607711 -0.00094636621290964014 0.0095906601298125106 -0.00030560842695868007 -0.00064183572363686592 -0.001775721677230304 -0.001085144740661037 -0.001669474514149756 0.00013590125153527867 0.00076593685941796284 0.0083194576106480605 0.011797750642481784 0.0095886074243340096 -0.0010268289686697941 0.01238674401864414 -0.0026437779698134612 -0.00052176801296189852 0.00029524316731034341 -0.00028766082842457576
leaf_weight=92 78 164 68 90 111 138 72 81 78 105 87 99 64 70 103 64 90 344 113 122 62 70 82 92 89 101 90 64 639 3197
leaf_count=92 78 164 68 90 111 138 72 81 78 105 87 99 64 70 103 64 90 344 113 122 62 70 82 92 89 101 90 64 639 3197
internal_value=-0.0038779 -0.00760427 -0.00918297 -0.00685106 -0.00366876 -0.0132189 -0.00934211 0.00340278 -0.00225806 -0.00320025 -0.00346898 -0.0030811 -0.0034331 -0.00307972 -0.014 0.00543103 -0.00330439 -0.00306606 -0.00978618 -0.00366492 -0.00362963 0.000838323 0.00806061 -0.00262064 0.0047043 -0.00292455 -0.00324211 0.00514706 -0.00292712 -0.0023874
internal_weight=6719 1026 864 700 472 228 261 211 150 5693 5524 5334 5174 5075 190 169 5005 4915 299 186 130 162 160 4616 181 4435 4270 165 4180 3836
internal_count=6719 1026 864 700 472 228 261 211 150 5693 5524 5334 5174 5075 190 169 5005 4915 299 186 130 162 160 4616 181 4435 4270 165 4180 3836
is_linear=0
shrinkage=0.035


Tree=116
num_leaves=31
num_cat=0
split_feature=81 274 9 9 271 282 148 184 81 223 28 6 254 148 30 96 261 215 140 60 19 149 257 9 115 20 108 69 17 263
split_gain=14.7863 10.3678 11.9997 17.0908 23.505 12.9065 15.7064 12.0936 9.99215 10.9704 13.6871 9.96211 10.6044 11.6118 13.0825 20.2098 22.071 23.8304 16.9576 14.0058 20.4405 17.3678 13.8609 13.5104 15.3977 14.0254 13.0427 12.2148 12.0083 11.7386
threshold=33.867700576782234 -0.7309281045364201 -8.4708439742904087 25.751205569470699 7.380101397086638 1.0000000180025095e-35 282.00000000000006 0.1119007378298905 30.161100387573246 8.702395738728983 143.50000000000003 35.156611501487156 34.142942385024803 3953.5000000000005 5172.5000000000009 5512.5000000000009 486.81500244140631 -0.045500006526708596 5932.5000000000009 3241.5000000000005 6102.5000000000009 11.500000000000002 10.016815266292843 105.84845519361649 113.00000000000001 38.271968099404809 -20.280224625588982 -4.551367750629832 -5.4679841566607204 -0.36964664567429301
decision_type=2 2 2 2 2 2 2 2 2 2 2 2 2 2 2 2 2 2 2 2 2 2 2 2 2 2 2 2 2 2
left_child=1 -1 -3 4 -4 7 -7 8 -5 -10 -11 12 13 14 -2 -16 17 28 22 29 27 -22 23 24 -18 -26 -24 -21 -17 -20
right_child=11 2 3 5 -6 6 -8 -9 9 10 -12 -13 -14 -15 15 16 18 -19 19 20 21 -23 26 -25 25 -27 -28 -29 -30 -31
leaf_value=0.0060906559728965371 0.012662754751686418 -0.0040093899470903171 0.012971210228316323 -0.0018235351572054811 -0.0022602192860273419 0.001587498336866924 -0.00063235873685133512 -0.0015397016418356925 0.00028582469861595128 1.060053928148258e-05 -0.0011364463383161689 0.0079684976791515628 -0.0015522544546676543 -0.0026207138225985897 -0.0014724944882651854 0.00030009695665980944 4.6135366322433709e-05 -0.00029573603450284649 -0.0012925314586917226 0.027518374758498561 -0.003176484167985525 0.0062183540579696531 -0.00062901522574318979 0.00020993511959322032 -9.8793295554681641e-05 -0.0012021937753713343 0.0085870232606889418 0.0037414371377491444 0.011873006362188496 -0.00018415182672354815
leaf_weight=63 78 144 105 126 89 63 111 85 65 80 95 77 146 121 217 75 84 254 179 64 93 102 171 62 68 347 83 66 127 3279
leaf_count=63 78 144 105 126 89 63 111 85 65 80 95 77 146 121 217 75 84 254 179 64 93 102 171 62 68 347 83 66 127 3279
internal_value=-0.0038779 -0.00774006 -0.00864153 -0.00692354 0.00211055 -0.00972222 -0.00156425 -0.012818 -0.00981132 -0.00542857 -0.00991667 -0.00317568 -0.00334994 -0.00309406 -0.00284367 -0.00305819 -0.0026013 0.00470716 -0.00333044 -0.00233765 0.00456061 -0.002625 -0.00789634 -0.0109452 -0.0128472 -0.0155833 -0.00108108 0.015037 0.0135266 -0.00299163
internal_weight=6719 1026 963 819 194 625 174 451 366 240 175 5693 5616 5470 5349 5271 5054 456 4598 3783 325 195 815 561 499 415 254 130 202 3458
internal_count=6719 1026 963 819 194 625 174 451 366 240 175 5693 5616 5470 5349 5271 5054 456 4598 3783 325 195 815 561 499 415 254 130 202 3458
is_linear=0
shrinkage=0.035


Tree=117
num_leaves=31
num_cat=0
split_feature=102 11 282 254 13 159 17 78 96 261 171 44 256 30 11 93 225 232 30 17 12 71 71 17 148 150 256 13 60 38
split_gain=15.6478 11.0703 15.3303 14.1729 16.3973 13.5127 10.1679 9.25872 11.7278 21.1594 28.8972 23.9683 22.5856 18.3843 21.5545 22.2864 17.6374 17.2647 13.8292 16.0154 13.4066 13.188 20.8465 20.5558 16.0417 15.3038 34.1846 20.8483 25.2322 15.3673
threshold=-6.4459302829676686 86.628317193638551 1.0000000180025095e-35 -12.67335050040341 39.460528781383722 14.123182721159591 51.603926743202251 28.024182969245462 5512.5000000000009 486.14500427246099 0.32325000315904623 0.3502000123262406 83.069140422516071 5897.5000000000009 173.56806246913217 1385.0000000000002 0.10058436356576597 10.345686042972925 5302.5000000000009 5.4547219091471986 14.220268764802038 216.50000000000003 667.50000000000011 -15.23098290615088 2074.0000000000005 0.044900007545948036 43.250773336697456 46.394598394582395 1154.0000000000002 5988.5000000000009
decision_type=2 2 2 2 2 2 2 2 2 2 2 2 2 2 2 2 2 2 2 2 2 2 2 2 2 2 2 2 2 2
left_child=1 3 -3 -1 5 -5 7 8 18 10 -10 -12 -13 14 15 16 -11 20 -2 -20 -18 -15 23 -23 25 26 -24 -28 -29 -27
right_child=6 2 -4 4 -6 -7 -8 -9 9 13 11 12 -14 21 -16 -17 17 -19 19 -21 -22 22 24 -25 -26 29 27 28 -30 -31
leaf_value=-0.0043786234673497335 -1.5795021137093859e-05 -0.0013914090713353195 -1.5939831391293403e-05 0.00013633182812756441 0.010311983266555748 -0.0019712419362885657 -0.0026613919284995528 0.0054952395520578802 0.011839011667749842 -0.00086703779646740481 -0.0027889883229804029 0.005184370619710851 -0.0011769367985748115 -0.0021353738893759044 0.010417290013403574 -0.0013255764567322995 -7.5448910900952906e-05 -0.00085135064572795024 -0.00051795402781665398 -0.0026179840797897367 0.013184733399054438 -0.003028814329878986 -0.00020684994719951695 0.011720424605628008 -0.0017595591665008569 -0.00047460136318093097 0.019541601057946705 -0.00033608489473758443 0.010537839944170853 0.011849368252117529
leaf_weight=61 117 195 71 88 117 89 68 131 235 391 89 133 101 68 69 262 118 249 110 87 72 63 1502 142 198 1409 94 166 162 62
leaf_count=61 117 195 71 88 117 89 68 131 235 391 89 133 101 68 69 262 118 249 110 87 72 63 1502 142 198 1409 94 166 162 62
internal_value=-0.00383626 -0.00911342 -0.0144649 -0.00495833 -0.0016388 -0.00826923 -0.00329182 -0.00313173 -0.00333757 -0.00296154 0.00348135 -0.00330793 0.00263598 -0.00367945 -0.00753431 -0.00874202 -0.00586826 -0.00102477 -0.00987461 -0.0154208 0.00682051 -0.00251356 -0.00222719 0.0085 -0.00285019 -0.002275 -0.000217729 0.00852459 0.0042042 -0.00495596
internal_weight=6719 621 266 355 294 177 6098 6030 5899 5585 558 323 234 5027 1161 1092 830 439 314 197 190 3866 3798 205 3593 3395 1924 422 328 1471
internal_count=6719 621 266 355 294 177 6098 6030 5899 5585 558 323 234 5027 1161 1092 830 439 314 197 190 3866 3798 205 3593 3395 1924 422 328 1471
is_linear=0
shrinkage=0.035


Tree=118
num_leaves=31
num_cat=0
split_feature=81 30 121 33 215 163 5 263 92 217 93 225 88 44 56 2 41 215 203 44 151 183 34 71 204 133 30 13 126 198
split_gain=14.9876 10.008 17.1561 14.2397 13.6199 13.7723 12.9893 9.54749 11.4026 13.0039 11.1341 16.5494 12.3334 12.8969 14.0269 21.2786 16.5708 18.4414 15.2819 22.9877 26.6329 21.1026 20.0703 17.667 17.3309 14.6614 14.5528 13.7579 22.5568 32.0784
threshold=33.867700576782234 5172.5000000000009 0.52665001153945934 0.54249998927116405 -0.10129998624324797 -0.93878660217212584 136.07999422342795 -0.26222738905457005 53.459049224853523 45.688764081677824 3679.5000000000005 0.15895079924172012 0.090649999678134932 0.10684999823570253 4.7877004128466956 6187.9499511718759 6287.5000000000009 -0.042700003832578652 0.53599049942100452 0.14664999395608905 0.15289999917149547 0.41766056704496052 4.1936882438422662 2665.0000000000005 0.02286962049988021 26.274429085159962 6412.5000000000009 55.749106525130806 1031.5000000000002 -0.0070500075817108146
decision_type=2 2 2 2 2 2 2 2 2 2 2 2 2 2 2 2 2 2 2 2 2 2 2 2 2 2 2 2 2 2
left_child=-1 -2 3 4 -3 -6 7 8 -7 -10 12 -12 -9 -14 15 25 -17 -18 19 20 -16 22 -20 27 -23 -15 -19 28 29 -21
right_child=1 2 -4 -5 5 6 -8 10 9 -11 11 -13 13 14 18 16 17 26 21 23 -22 24 -24 -25 -26 -27 -28 -29 -30 -31
leaf_value=-0.0005957090055746675 0.010040530643021215 -0.0013666589330892155 -0.0038012742515056786 0.0099731268540550946 -0.0012172280887665602 -0.00038715062675226955 0.0094861402169176007 0.011445463660725592 -0.00183224721453994 -0.00016622124954021963 -0.00087613521216873365 0.00044303018977739239 -0.0004224355027400007 -0.00024898549956252407 -0.00061939187656230078 -0.00070667840185989212 -0.00091319063408225353 0.0019066569851086529 -0.0014815696541555807 -0.0019054849557002397 0.0091039539059577547 0.00035325079066761303 0.00025798248935656913 0.0049794899748088735 -0.00046072776141662834 0.0066006712197067118 -0.0010659218251869674 -4.0531976686900568e-05 -0.0018213771897765652 0.0008827897734066776
leaf_weight=1026 86 147 68 70 98 392 76 61 167 73 330 113 243 85 62 144 88 181 213 145 163 184 77 146 519 231 81 898 301 251
leaf_count=1026 86 147 68 70 98 392 76 61 167 73 330 113 243 85 62 144 88 181 213 145 163 184 77 146 519 231 81 898 301 251
internal_value=-0.00378421 -0.0030774 -0.00326176 -0.00303662 -0.00324169 -0.0029435 -0.00269076 -0.00290704 -0.00692308 -0.0128571 -0.00233798 -0.00757813 -0.00175944 -0.00200398 -0.00149311 0.00257669 -0.00196393 0.00216901 -0.00260965 -0.000816844 0.00958696 -0.00613727 -0.014 -0.00218499 -0.0028178 0.00959502 0.00681648 -0.00325938 -0.0069302 -0.00139651
internal_weight=6719 5693 5607 5539 5469 5322 5224 5148 632 240 4516 443 4073 4012 3769 810 494 350 2959 1966 225 993 290 1741 703 316 262 1595 697 396
internal_count=6719 5693 5607 5539 5469 5322 5224 5148 632 240 4516 443 4073 4012 3769 810 494 350 2959 1966 225 993 290 1741 703 316 262 1595 697 396
is_linear=0
shrinkage=0.035


Tree=119
num_leaves=31
num_cat=0
split_feature=102 234 131 37 15 170 220 27 27 39 93 260 105 50 88 93 211 13 256 148 11 213 272 55 63 82 22 160 111 8
split_gain=12.9855 12.1479 18.419 13.752 11.4668 13.2423 11.4753 9.16582 11.9528 12.1383 11.0176 11.613 11.7301 12.3126 11.4956 10.2456 9.80316 21.0229 26.9946 18.7105 14.4544 13.3005 12.7561 12.6509 17.2603 13.726 12.8693 12.1909 18.4707 28.7295
threshold=-6.4459302829676686 0.033344769001519843 0.78914999961853038 18.836600303649906 3.6124722563879446 0.0072499960660934457 27.156312442704202 7485.0000000000009 3959.0000000000005 471.50000000000006 3692.0000000000005 0.31759692412856283 89.500000000000014 252.50000000000003 0.19954999536275866 22.500000000000004 -0.36661010420313711 32.755134905426026 55.687068866174876 2074.0000000000005 24.814892790156069 8.9211237693709773 0.01514999568462372 0.32119999825954443 6087.5000000000009 2503.0000000000005 0.49989999830722814 0.019499998539686206 24.901821980771921 -26.769490853460585
decision_type=2 2 2 2 2 2 2 2 2 2 2 2 2 2 2 2 2 2 2 2 2 2 2 2 2 2 2 2 2 2
left_child=1 4 -3 -4 5 -1 -7 8 9 15 11 14 -13 -14 -10 -2 17 -17 -19 20 22 -20 -18 24 -23 26 -25 28 29 -22
right_child=7 2 3 -5 -6 6 -8 -9 10 -11 -12 12 13 -15 -16 16 19 18 21 -21 27 23 -24 25 -26 -27 -28 -29 -30 -31
leaf_value=9.3260528165745323e-05 -0.0031046952731522701 0.0070860551359447632 -0.0011979347064610584 0.00014293278175030622 -0.0024389411397236845 -0.0007534577286679912 -0.0017338394679979505 0.001308399581457126 -0.0044378263999597699 0.00088746425923581405 -0.0011395962254616427 -0.0010168803350864637 0.00052997576471483184 -0.00029087810089215992 -0.00047288317599565149 0.0099601116255098529 -3.6524860224751436e-06 -0.001692588397772481 0.0058971266673949457 -0.0019746132820423665 0.012296704397885893 0.0090249495380465387 -0.0018730816778187878 -0.0015466849852114181 -0.0023221568817325604 0.00057957217622214288 0.0015042267168756133 -0.00024027100707783524 -0.00081183339783027564 -0.00023586105627404542
leaf_weight=112 109 62 74 75 68 88 142 191 77 151 89 69 85 78 76 122 107 206 76 194 285 232 227 163 61 85 72 2961 217 165
leaf_count=112 109 62 74 75 68 88 142 191 77 151 89 69 85 78 76 122 107 206 76 194 285 232 227 163 61 85 72 2961 217 165
internal_value=-0.00385708 -0.00866613 -0.00178241 -0.00840909 -0.0121446 -0.00927954 -0.014 -0.00336064 -0.00360538 -0.00313442 -0.00891441 -0.00619231 -0.00118143 0.00395833 -0.0135127 -0.00341593 -0.00318366 -0.00010274 -0.00198333 -0.00393655 -0.0034056 0.00136167 -0.0103245 -0.00039644 0.00481544 -0.00516923 -0.00947917 -0.0027553 0.00151042 0.00553846
internal_weight=6719 621 211 149 410 342 230 6098 5907 5433 474 385 232 163 153 5282 5173 1017 895 4156 3962 689 334 613 293 320 235 3628 667 450
internal_count=6719 621 211 149 410 342 230 6098 5907 5433 474 385 232 163 153 5282 5173 1017 895 4156 3962 689 334 613 293 320 235 3628 667 450
is_linear=0
shrinkage=0.035


Tree=120
num_leaves=31
num_cat=0
split_feature=26 163 232 137 248 262 57 265 256 262 27 8 38 38 13 231 8 182 206 227 93 30 53 39 254 88 243 163 137 183
split_gain=14.2398 14.5659 14.6118 10.1359 10.1912 10.0151 16.7375 14.8418 13.0738 17.3106 12.3186 16.6262 12.3625 26.9139 14.7957 11.3736 11.2853 10.8311 10.1878 10.1343 12.6537 17.6696 14.8579 11.7773 10.5408 10.1235 9.87644 9.87051 16.3826 10.5155
threshold=19.968999862670902 -0.674485583706945 1.4215559858249407 2758.5000000000005 -0.15539253555796326 0.18960762904751685 0.021858555137581389 -2.5001688656955952 14.751036886260241 0.18842975902155781 7485.0000000000009 -38.829686819236436 3267.0000000000005 3519.5000000000005 36.812196690674689 4.8222845587397876 -83.664703262580545 0.060640108954417966 -0.1742334177390952 0.050299339889869905 638.50000000000011 5867.5000000000009 -32.73848306142412 471.50000000000006 36.113090390831339 0.11084999889135362 0.34823092740827394 -0.76786796016609393 85.500000000000014 -0.12370985537863446
decision_type=2 2 2 2 2 2 2 2 2 2 2 2 2 2 2 2 2 2 2 2 2 2 2 2 2 2 2 2 2 2
left_child=1 -1 -3 4 -4 8 16 -8 25 10 12 -12 19 -14 -15 -16 -7 -9 -19 20 21 -10 -22 24 26 -2 -21 -28 -29 -30
right_child=5 2 3 -5 -6 6 7 17 9 -11 11 -13 13 14 15 -17 -18 18 -20 23 22 -23 -24 -25 -26 -27 27 28 29 -31
leaf_value=0.0049534902602431609 -9.6099545053534034e-05 0.00016091024800173772 -0.0019180398317914372 5.8117677707686952e-05 -0.00086806639686084661 -0.0012128464806305595 0.00036328669303695052 -0.0015490776291438742 0.0047000147406862326 0.0091166277855385669 -0.002010369289128241 0.0092386151747341615 0.016802814463404328 0.0064275344452161369 -0.002191107576017533 -0.00011805787986651274 0.00059181669484411063 9.8960791664021733e-05 -0.00096135961547911468 0.0013302414342012249 -0.0015303266642066264 -0.001168324552122549 -0.00027758761145716131 0.0072505634575653613 -0.0017115682684264873 -0.00078555589985625739 -0.0010254779089095935 0.0047874699994049554 -0.00089074268668757901 -6.6065546772421947e-05
leaf_weight=100 73 79 159 69 349 187 95 322 130 69 65 66 63 130 72 149 189 73 302 73 242 129 1022 69 71 71 160 113 487 1541
leaf_count=100 73 79 159 69 349 187 95 322 130 69 65 66 63 130 72 149 189 73 302 73 242 129 1022 69 71 71 160 113 487 1541
internal_value=-0.00376338 -0.00827858 -0.0101664 -0.0120876 -0.0137817 -0.00318448 -0.00608696 -0.00895859 -0.00247188 -0.0021424 -0.00241116 0.00797794 -0.00272554 0.00300716 -0.000884831 -0.00634956 0 -0.0107194 -0.00653947 -0.00331643 -0.0055661 0.00145833 -0.00700552 -0.00194522 -0.00235714 -0.0126846 -0.00194199 -0.00235256 -0.00171249 -0.00244466
internal_weight=6719 756 656 577 508 5963 1168 792 4795 4651 4582 131 4451 414 351 221 376 697 375 4037 1523 259 1264 2514 2445 144 2374 2301 2141 2028
internal_count=6719 756 656 577 508 5963 1168 792 4795 4651 4582 131 4451 414 351 221 376 697 375 4037 1523 259 1264 2514 2445 144 2374 2301 2141 2028
is_linear=0
shrinkage=0.035


Tree=121
num_leaves=31
num_cat=0
split_feature=81 6 27 27 148 30 85 249 251 39 122 270 148 110 137 211 270 288 163 13 27 66 269 222 173 65 15 224 53 148
split_gain=14.7761 10.6859 10.7403 12.5011 13.0733 11.0511 17.9395 11.6307 13.4654 13.1391 12.1317 24.2443 22.8928 23.6403 16.5064 19.3998 24.8875 29.6548 30.3781 23.5024 23.4894 17.9904 16.9192 16.5539 19.3113 15.0284 13.5762 13.4761 12.8784 12.1945
threshold=33.982749938964851 35.156611501487156 7485.0000000000009 3959.0000000000005 3953.5000000000005 5172.5000000000009 5512.5000000000009 -0.32651006897976836 0.39402645314212675 471.50000000000006 37.031109157620534 77.603658103204296 885.50000000000011 0.31915000081062322 93.500000000000014 -0.017917539492087593 84.011837071414263 1.0000000180025095e-35 -0.14434515596798925 31.597685444172878 1119.5000000000002 0.20384999364614489 -3.2050511781200899 24.991355491892239 0.49549903623102581 0.37894999980926519 -0.69900217399942999 0.7612796972397412 -37.954895827282392 1063.5000000000002
decision_type=2 2 2 2 2 2 2 2 2 2 2 2 2 2 2 2 2 2 2 2 2 2 2 2 2 2 2 2 2 2
left_child=-1 2 3 4 5 -2 -7 8 -8 10 14 12 13 -12 -9 16 17 18 19 -16 25 23 -18 -22 -25 -17 -21 -20 -23 -19
right_child=1 -3 -4 -5 -6 6 7 9 -10 -11 11 -13 -14 -15 15 20 22 29 27 26 21 28 -24 24 -26 -27 -28 -29 -30 -31
leaf_value=-0.00060601770966808139 0.010647820647840435 0.0076293949133216295 0.0012729135805781705 -0.00056314677378266906 -0.0026517509319713482 -0.0012582124698296529 -0.0015360786485599377 -0.0013063080871785447 0.0015012294153599244 0.0032591006074860957 0.026658457784306856 -0.00052013054960312673 -0.0012163571558157528 0.0012865902728881802 0.018799775631140436 -0.0011718533428270409 -0.00019990730414721659 -0.0034716820595878032 -0.0018701648416050987 0.0018576660407715094 -0.00015884786904616507 -9.7121382476515758e-05 0.014516471793372013 0.016993234867019671 -0.00020610702306867238 5.1889515623846365e-05 -0.00071244318046194714 0.001103735422954431 -0.0019630276278266223 -0.0010858108168407571
leaf_weight=1053 82 74 189 455 113 234 272 78 74 130 91 377 72 101 113 316 83 105 168 71 1622 64 145 100 83 69 77 88 106 114
leaf_count=1053 82 74 189 455 113 234 272 78 74 130 91 377 72 101 113 316 83 105 168 71 1622 64 145 100 83 69 77 88 106 114
internal_value=-0.0037738 -0.00306119 -0.00323924 -0.00352718 -0.0030103 -0.00272624 -0.00294977 -0.00245248 -0.0085755 -0.00193514 -0.00229125 0.002113 0.0101487 0.0163452 -0.00312298 -0.00273355 0.00144479 -0.0017004 0.00288314 0.0111842 -0.00443975 -0.00288131 0.0114163 -0.00183702 0.00800532 -0.0122949 0.00183007 -0.00563218 -0.0136 -0.0123438
internal_weight=6719 5666 5592 5403 4948 4835 4753 4519 346 4173 4043 641 264 192 3402 3324 964 736 517 261 2360 1975 228 1805 183 385 148 256 170 219
internal_count=6719 5666 5592 5403 4948 4835 4753 4519 346 4173 4043 641 264 192 3402 3324 964 736 517 261 2360 1975 228 1805 183 385 148 256 170 219
is_linear=0
shrinkage=0.035


Tree=122
num_leaves=31
num_cat=0
split_feature=125 127 30 163 82 183 256 164 259 248 71 60 192 27 27 162 103 113 9 38 123 113 218 185 102 4 8 5 274 224
split_gain=14.1943 14.3665 11.2606 11.932 11.0246 13.2313 11.049 11.857 12.5809 14.3114 11.6688 10.9226 10.8108 10.7893 11.2939 11.5232 11.5076 21.7841 15.8688 17.8887 18.8147 16.9359 18.4268 17.6295 15.5931 15.3706 20.0569 12.881 12.1419 14.4058
threshold=35.407199859619148 117.50000000000001 5172.5000000000009 -0.93878660217212584 64.000000000000014 0.94747801444070079 14.751036886260241 0.034883743490387857 -0.20112752581476137 0.15518415139137434 1635.5000000000002 76.000000000000014 -0.28192934782235374 5803.0000000000009 3999.5000000000005 0.1428571428567055 43.490850448608406 -2.2908664734277573 -14.569743366092309 2140.5000000000005 0.013245010108289929 -1.6394613515788612 9.100618403026056 0.01657867649733941 -2.4205548006385391 -8.1418233066631238 -89.104275167264731 112.78649100175332 0.33326737698608855 0.99999999997297184
decision_type=2 2 2 2 2 2 2 2 2 2 2 2 2 2 2 2 2 2 2 2 2 2 2 2 2 2 2 2 2 2
left_child=1 -1 -2 -4 11 6 -6 8 9 -8 -11 -5 -3 14 16 -16 25 -18 -19 21 -21 28 24 -24 -23 26 -10 -27 29 -20
right_child=2 12 3 4 5 -7 7 -9 13 10 -12 -13 -14 -15 15 -17 17 18 19 20 -22 22 23 -25 -26 27 -28 -29 -30 -31
leaf_value=-0.00037355460583156949 0.01069947561792494 -0.0023092793077168394 -0.0013073551080031351 0.0088397129331948942 -0.00037187465011042422 -0.00057839974377452586 -0.0012027887834495084 0.00081566851182522822 -5.2203538943353949e-05 -0.00063277776533189286 0.0005192298318100636 -0.00012718349921770735 -0.0004347843880495187 0.00087227561081833281 -6.5335868888244392e-05 -0.0021264613352800013 -0.0013699895206225349 -0.0030807555250662358 3.238147090695365e-05 -0.00013913715141309293 0.0068755802884546508 -0.00038677560487542119 -0.00070561449871408405 -0.0017571201505828106 0.0036662806197244923 -0.00025269305649885915 0.010999581896579234 0.0071573482546424642 0.00020824463848327036 -0.0007107364316844639
leaf_weight=1180 80 123 92 73 141 116 447 372 169 137 81 65 74 127 96 130 296 70 461 291 226 101 554 209 73 234 160 70 314 157
leaf_count=1180 80 123 92 73 141 116 447 372 169 137 81 65 74 127 96 130 296 70 461 291 226 101 554 209 73 234 160 70 314 157
internal_value=-0.00359682 -0.00676194 -0.00277539 -0.00297703 -0.00274589 -0.00301568 -0.00273115 -0.00243828 -0.00294578 -0.00736567 0 0.00685315 -0.0154208 -0.00215068 -0.00250691 -0.01 -0.00199263 -0.00297062 -0.00187729 -0.00137599 0.00435824 -0.00296958 -0.00627919 -0.00861328 0.00391061 0.00224922 0.00744012 -0.00339806 0.000373533 -0.00247191
internal_weight=6719 1377 5342 5262 5170 5032 4916 4775 4403 665 218 138 197 3738 3611 226 3385 2752 2456 2386 517 1869 937 763 174 633 329 304 932 618
internal_count=6719 1377 5342 5262 5170 5032 4916 4775 4403 665 218 138 197 3738 3611 226 3385 2752 2456 2386 517 1869 937 763 174 633 329 304 932 618
is_linear=0
shrinkage=0.035


Tree=123
num_leaves=31
num_cat=0
split_feature=163 211 17 126 20 55 153 45 260 13 154 80 173 261 121 66 155 30 151 270 13 197 54 126 66 261 247 261 203 154
split_gain=13.2709 14.0657 11.4585 11.8815 12.8356 12.8143 16.407 15.4719 11.5602 19.6443 14.3572 13.1725 13.9098 11.6592 11.4509 18.5505 19.1217 16.2505 14.8692 13.8698 16.4647 13.1261 12.8206 13.6975 12.6351 16.4991 20.7461 18.2107 16.5477 15.9709
threshold=0.9754563100698096 0.9591832731961728 16.228558570512423 1919.0000000000002 20.25896201130362 0.27425000071525579 -0.25838439775688282 9.5459680583309972 0.031873931486412203 82.695771051564449 -0.070175435283227228 -5.1383370260571555 0.73247627789406267 485.29499816894537 0.24974999576807025 0.20095000416040423 0.031322359769875081 5997.5000000000009 0.28227499872446066 74.249869358418096 43.862472658336152 -0.01489949785424668 0.24915000051259997 536.00000000000011 0.19035000354051593 527.42498779296886 609.47998046875011 561.38500976562511 0.84752021714184911 -0.096774178657067625
decision_type=2 2 2 2 2 2 2 2 2 2 2 2 2 2 2 2 2 2 2 2 2 2 2 2 2 2 2 2 2 2
left_child=1 2 3 14 -5 6 -6 -7 9 10 -4 -10 -13 -11 15 24 -17 18 -16 20 -18 -20 -23 -24 25 28 -27 -28 -1 -26
right_child=-2 -3 8 4 5 7 -8 -9 11 13 -12 12 -14 -15 17 16 19 -19 21 -21 -22 22 23 -25 29 26 27 -29 -30 -31
leaf_value=-0.00057540460634895548 -0.00032659542661487851 0.0034614989076714509 -0.00030560839660525864 -0.0035394926759158905 0.015183196751772791 -0.0024636723790500419 -0.00052634973184368555 -0.00019021838764778006 -0.001746960099220016 -0.0036450010226941145 0.010216716357112078 -0.0010515707859236783 0.00062104316088308414 -0.00010343906729389563 0.01409484564733916 -0.0024897955342081004 0.00037767566761397035 0.02260474131386777 -0.0017300006983082847 0.00066101748530851111 -0.0029094522874043671 -0.00062951893537758932 0.0021963281016751735 -0.00024227978941915754 -9.2942204550223187e-05 0.00030648553638138983 -0.00040943908643620357 -1.9862260413835709e-05 0.00037156352901593641 0.0043729964394840113
leaf_weight=366 77 60 97 77 84 133 362 120 235 75 89 244 67 70 110 147 73 74 75 118 110 513 230 303 164 756 811 838 104 137
leaf_count=366 77 60 97 77 84 133 362 120 235 75 89 244 67 70 110 147 73 74 75 118 110 513 230 303 164 756 811 838 104 137
internal_value=-0.0034823 -0.00330675 -0.0034644 -0.00288704 -0.00690141 -0.0053196 -0.00170732 -0.011531 -0.00718254 -0.00197917 0.00549738 -0.0102904 -0.00542722 -0.0114333 -0.00224868 -0.00325985 -0.00988962 0.000561069 -0.000424757 -0.00468954 -0.0106117 -0.00164742 -0.000599429 0.00318773 -0.00231059 -0.00302604 -0.0018444 -0.00404172 -0.00898947 0.00446078
internal_weight=6719 6642 6582 5705 776 699 446 253 877 331 186 546 311 145 4929 3624 448 1305 1231 301 183 1121 1046 533 3176 2875 2405 1649 470 301
internal_count=6719 6642 6582 5705 776 699 446 253 877 331 186 546 311 145 4929 3624 448 1305 1231 301 183 1121 1046 533 3176 2875 2405 1649 470 301
is_linear=0
shrinkage=0.035


Tree=124
num_leaves=31
num_cat=0
split_feature=147 205 273 126 216 145 49 45 8 282 271 270 27 258 173 27 175 50 75 53 39 30 13 224 266 193 2 121 270 270
split_gain=13.3496 12.1069 11.2287 13.8056 12.6672 12.1695 11.047 11.2742 10.6047 11.8261 11.9696 10.407 11.8656 13.5213 11.3086 11.4007 11.1863 15.4424 11.4016 12.8386 9.07723 9.01363 12.5177 9.56959 9.13413 14.6667 19.4344 18.9062 17.6633 19.8137
threshold=25.354000091552738 0.013351109552820662 0.32373246084835589 2182.5000000000005 16.008298561482075 0.027229407296654875 759.00000000000011 7.480793369919108 -80.344751902435661 1.0000000180025095e-35 6.9712504518373164 31.128063881892597 7485.0000000000009 0.018800012767314914 0.97280805435114426 4481.0000000000009 0.042405219057519324 254.50000000000003 -5.9336674027016247 -14.369968637033546 471.50000000000006 5172.5000000000009 130.78801249338429 0.99999999999467992 -9.9063512366831521 -0.12110846155293119 5951.0649414062509 0.25415000319480902 120.90879846346881 58.204368153558057
decision_type=2 2 2 2 2 2 2 2 2 2 2 2 2 2 2 2 2 2 2 2 2 2 2 2 2 2 2 2 2 2
left_child=1 -1 3 4 -3 6 7 -6 -8 10 -10 -2 14 -14 15 16 18 -18 19 20 21 -13 23 24 -23 28 27 -27 29 -26
right_child=11 2 -4 -5 5 -7 8 -9 9 -11 -12 12 13 -15 -16 -17 17 -19 -20 -21 -22 22 -24 -25 25 26 -28 -29 -30 -31
leaf_value=-0.0032603992585020954 -0.0010615986763491193 0.00050418681840053668 0.000208313573535866 -0.0036368419392584189 -0.0011889460009320747 -0.0011300950906398494 0.0091908451744318921 -0.00053846878686403981 -0.00010690839819032406 0.00040120180001750527 -0.0014625998433489592 0.0093913987901802724 -0.0013870022372923143 0.012007423576464076 -0.00033433629195929058 -0.00072827646974648165 0.0010567017240772601 -0.00046608279268659907 -0.0016109295525695967 0.0063681062170356535 0.004610971822382617 -0.0011306481594542553 -0.0030619396681634487 0.0062396765017296357 0.0060790933949891645 -0.00083612102847226708 -0.00011548101705260357 -0.00040563385793086884 0.004621587366709588 -0.00038687234716728138
leaf_weight=111 165 61 153 84 75 144 84 73 113 76 80 85 72 75 74 247 130 95 100 79 118 714 60 64 265 325 1540 375 171 911
leaf_count=111 165 61 153 84 75 144 84 73 113 76 80 85 72 75 74 247 130 95 100 79 118 714 60 64 265 325 1540 375 171 911
internal_value=-0.00346148 -0.00707271 -0.00572257 -0.00739623 -0.00571027 -0.00716154 -0.00449605 -0.0123529 -0.00107542 -0.0044708 -0.00901515 -0.00278395 -0.00251771 0.00713816 -0.00278929 -0.00258989 -0.00222355 0.00532609 -0.00258209 -0.00232492 -0.00256853 -0.00282171 -0.00304176 -0.00281121 -0.00301556 -0.00228981 -0.00402227 -0.00883688 0.000595414 -0.000948349
internal_weight=6719 1054 943 790 706 645 501 148 353 269 193 5665 5500 147 5353 5279 5032 225 4807 4707 4628 4510 4425 4365 4301 3587 2240 700 1347 1176
internal_count=6719 1054 943 790 706 645 501 148 353 269 193 5665 5500 147 5353 5279 5032 225 4807 4707 4628 4510 4425 4365 4301 3587 2240 700 1347 1176
is_linear=0
shrinkage=0.035


Tree=125
num_leaves=31
num_cat=0
split_feature=81 194 105 271 105 160 207 17 213 223 9 185 260 274 160 173 138 191 33 33 148 153 271 230 270 102 83 114 80 13
split_gain=16.0215 12.5092 11.103 13.8385 13.4245 12.5417 10.0862 9.71159 16.2924 15.0986 20.3136 13.6587 13.0797 12.977 11.5467 11.4488 11.6305 11.2211 18.8131 18.1975 15.4039 14.6555 11.6524 11.7668 11.108 12.4045 13.9112 14.5882 11.9861 11.6694
threshold=33.982749938964851 -0.071485355870077968 176.50000000000003 4.6542477110092131 51.500000000000007 0.016949996352195743 -0.013892521102960223 13.853930556757545 8.9211237693709773 14.434247829710861 95.519201579699029 0.012591623458556767 0.031873931486412203 -0.12882147093334731 0.065999992191791548 0.73247627789406267 22.500000000000004 0.11622500047087671 0.12919999659061435 0.14774999767541888 204.00000000000003 0.34656823947428061 13.61171896688275 -4.0316602892598299 31.128063881892597 -2.651282810541169 85.500000000000014 57.575649261474616 -3.5494778169672996 20.320728196972876
decision_type=2 2 2 2 2 2 2 2 2 2 2 2 2 2 2 2 2 2 2 2 2 2 2 2 2 2 2 2 2 2
left_child=1 -1 3 5 -5 -3 -6 8 -2 12 -11 -12 13 -9 17 16 -14 18 20 21 -10 -19 24 -24 -21 29 28 -28 -27 -26
right_child=7 2 -4 4 6 -7 -8 9 14 10 11 -13 15 -15 -16 -17 -18 19 -20 22 -22 -23 23 -25 25 26 27 -29 -30 -31
leaf_value=0.000107183799657683 0.0026939420593631788 0.012393728634113144 -0.0012227876427580474 -0.0034137272646459407 0.00021459306720017225 -0.00028953432374892175 -0.00096295671116978273 -0.00066720219754594248 -0.0003034628164647824 -0.0028919163098011704 -0.0015607345997619988 0.0036834240760318499 -0.0015970640497854998 0.009268011598015229 -0.0013786643281667389 0.00033728348984259532 0.00033854736404640486 0.00026248761723078774 -0.00074293691492918876 -0.0016186051920667487 0.0082161518680068345 0.0060134468246547303 7.0338599620690113e-05 -0.0013115708986270631 0.0047744674183915897 -0.00019776246354236585 -0.0011577962631420403 0.0056594786410488485 0.0078621087079931325 -1.1625200299633655e-05
leaf_weight=72 205 69 358 77 113 120 244 96 89 168 95 87 224 84 92 87 74 103 245 102 112 66 145 396 121 316 513 65 85 2096
leaf_count=72 205 69 358 77 113 120 244 96 89 168 95 87 224 84 92 87 74 103 245 102 112 66 145 396 121 316 513 65 85 2096
internal_value=-0.00341984 -0.00737713 -0.00841278 -0.00551752 -0.00892938 0.00234536 -0.00589779 -0.00267854 -0.00203848 -0.00597283 -0.0116338 -0.00336898 -0.00239474 0.0052973 -0.00247638 -0.00601282 -0.00924092 -0.0022135 -0.00745011 -0.00162223 0.000509709 0.00945402 -0.00212149 -0.00685897 -0.00133515 -0.000962199 -0.00423272 -0.00768439 0.000775862 0.000488299
internal_weight=6719 1053 981 623 434 189 357 5666 4751 915 350 182 565 180 4546 385 298 4454 446 4008 201 169 3839 541 3298 3196 979 578 401 2217
internal_count=6719 1053 981 623 434 189 357 5666 4751 915 350 182 565 180 4546 385 298 4454 446 4008 201 169 3839 541 3298 3196 979 578 401 2217
is_linear=0
shrinkage=0.035


Tree=126
num_leaves=31
num_cat=0
split_feature=26 254 261 66 215 272 271 38 270 258 229 183 261 27 13 102 163 112 87 238 82 82 268 274 211 148 9 262 56 228
split_gain=16.3494 13.2131 13.5272 29.264 14.4204 16.952 20.2779 19.0238 20.6226 15.0248 14.7209 14.4249 15.9557 14.1042 13.8504 13.8786 13.1955 13.8754 13.043 12.7526 12.2113 23.6082 22.0928 18.7383 19.8192 17.1335 15.5394 14.3665 15.4801 13.7376
threshold=19.968999862670902 34.142942385024803 486.81500244140631 0.2986499965190888 -0.04130000248551368 0.025500006973743442 12.970892894906234 1187.5000000000002 46.125777483332378 0.02710000425577164 3.0506548658221226 -0.42684373197970948 533.16497802734386 933.50000000000011 83.274913416035275 -3.8343252033612711 -0.674485583706945 0.017266192469111697 0.46005000174045568 0.095609898185244915 1321.5000000000002 1485.5000000000002 14.069960125991933 0.11289016810127504 -0.35388688484212488 52.500000000000007 5.5722072107059573 0.18842975902155781 5.1020882174069211 -0.93077989826939589
decision_type=2 2 2 2 2 2 2 2 2 2 2 2 2 2 2 2 2 2 2 2 2 2 2 2 2 2 2 2 2 2
left_child=16 2 3 -2 5 18 7 10 -9 20 19 -10 -13 14 -5 -16 -1 -18 -4 -7 25 -22 23 24 26 -6 -23 -27 -29 -25
right_child=1 -3 4 13 9 6 -8 8 11 -11 -12 12 -14 -15 15 -17 17 -19 -20 -21 21 22 -24 29 -26 27 -28 28 -30 -31
leaf_value=0.0049043261420454211 0.014131609583464386 -0.001439280017065867 0.00017408538370596973 0.0023884607433871234 0.00018854293336292185 -0.00054999020163822585 -0.002267312428436591 -0.0013079893541360923 -0.00130859175638381 -0.00089835497556831827 -0.00099157732618329109 0.010789856368981479 0.00010957974459078035 -0.001037638166261204 -0.002455241008284825 0.00022068019006489582 -0.001548448269466838 -0.00028979396544253277 -0.00088169076659887886 0.00029524704435028972 0.012679003993816952 0.016160869187280585 0.0076629578694045854 -0.00077858438316772284 -0.0018050439798087316 -0.00013597227411578041 -0.0027302339723517715 4.7167629456850715e-05 -0.0012549375036960226 0.0056517274915873087
leaf_weight=100 169 170 83 159 203 103 134 65 64 92 183 159 100 244 67 185 315 341 1207 113 168 60 118 136 236 1262 72 79 178 154
leaf_count=100 169 170 83 159 203 103 134 65 64 92 183 159 100 244 67 185 315 341 1207 113 168 60 118 136 236 1262 72 79 178 154
internal_value=-0.00353435 -0.00291471 -0.00262591 0.0015199 -0.00331423 -0.00541742 -0.00177646 0.000397727 0.00587786 -0.00162143 -0.00493812 0.00949695 0.013125 -0.00185606 0.00210337 -0.00299611 -0.00837057 -0.0101664 -0.008 0.00126697 -0.00112692 0.00206533 -0.000537772 -0.00306184 -0.00825737 -0.00287782 0.00255474 -0.00415682 -0.0116221 0.00355932
internal_weight=6719 5963 5793 824 4969 2211 921 787 388 2758 399 323 259 655 411 252 756 656 1290 216 2666 944 776 658 368 1722 132 1519 257 290
internal_count=6719 5963 5793 824 4969 2211 921 787 388 2758 399 323 259 655 411 252 756 656 1290 216 2666 944 776 658 368 1722 132 1519 257 290
is_linear=0
shrinkage=0.035


Tree=127
num_leaves=31
num_cat=0
split_feature=17 256 273 70 111 61 164 16 186 105 250 115 211 88 17 190 259 189 27 272 215 123 17 11 8 60 35 257 145 37
split_gain=12.4995 12.3193 13.4177 13.6781 11.6952 10.5008 16.3407 14.5305 12.458 12.6642 12.1792 10.475 10.2462 9.60538 9.59032 9.39266 9.71513 8.62919 11.8642 11.1154 10.8585 11.3755 10.4022 10.9715 15.6339 11.3943 11.2757 15.7588 12.0598 12.2466
threshold=51.603926743202251 14.751036886260241 0.29518914624860648 27.908100128173832 75.480868864419747 309.50000000000006 -0.10843373423578338 -3.1930925311512977 0.23109549032862067 76.500000000000014 1.0000000180025095e-35 773.50000000000011 0.095072747479695074 0.10975000262260438 2.8536173279980486 -0.047899998724460595 0.60412171309008977 14.614864916635854 7485.0000000000009 0.026850000023841861 -0.03655001521110534 0.014184372538965694 13.609549398964084 175.46916927465006 -65.729076954938719 60.500000000000007 0.020001981120810683 10.315911399296125 0.011188875756472516 26.341799736022953
decision_type=2 2 2 2 2 2 2 2 2 2 2 2 2 2 2 2 2 2 2 2 2 2 2 2 2 2 2 2 2 2
left_child=1 13 3 -3 15 6 11 -8 9 14 -10 -4 -11 -1 -9 -5 17 18 22 20 -19 -22 23 25 -25 -17 27 -27 29 -28
right_child=-2 2 5 4 -6 -7 7 8 10 12 -12 -13 -14 -15 -16 16 -18 19 -20 -21 21 -23 -24 24 -26 26 28 -29 -30 -31
leaf_value=-0.00013246545321789316 -0.0024427962478683206 -0.00079274146012048719 0.00089321427653433051 -0.0011458413387767559 0.0028037849426169686 0.0059775014975556361 -0.0012206359657227289 0.0013262368822272597 0.0015175244392446406 0.011839629395991052 -0.0013405150484177314 -0.0011065953918597911 0.00040538997469637632 -0.0006724506181005408 -0.00053027267431249726 -0.00070960632896670652 0.0010530355617407038 -0.0026177478333018374 0.0061284690697870712 3.1444306320902731e-05 0.0046731933059825335 -0.0011573498576733928 -0.00069220355381932499 -0.00015242953598619603 0.012585339203458085 -0.0023862154764015581 -0.0017204415900219404 0.00017857760265871299 -0.00017429696049070132 0.0047066564521052222
leaf_weight=72 78 84 89 173 109 106 204 61 60 107 113 214 113 90 91 72 63 208 102 156 68 151 650 134 63 170 65 72 2747 234
leaf_count=72 78 84 89 173 109 106 204 61 60 107 113 214 113 90 91 72 63 208 102 156 68 151 650 134 63 170 65 72 2747 234
internal_value=-0.00334697 -0.00317559 -0.00293106 -0.00367349 -0.00343857 0.000481513 -0.000596026 0.0021817 0.00515455 0.00872679 -0.00255618 -0.00738636 0.014 -0.0125749 0.00089172 -0.00368206 -0.00339415 -0.00357362 -0.00302619 -0.00755952 -0.0104514 -0.00484375 -0.00331553 -0.00256457 0.00537129 -0.00303715 -0.00272092 -0.00991903 -0.00213373 0.00449013
internal_weight=6719 6641 6479 5321 5237 1158 1052 749 545 372 173 303 220 162 152 5128 4955 4892 4309 583 427 219 4207 3557 197 3360 3288 242 3046 299
internal_count=6719 6641 6479 5321 5237 1158 1052 749 545 372 173 303 220 162 152 5128 4955 4892 4309 583 427 219 4207 3557 197 3360 3288 242 3046 299
is_linear=0
shrinkage=0.035


Tree=128
num_leaves=31
num_cat=0
split_feature=37 256 27 8 226 150 183 89 44 17 126 113 5 144 89 242 214 24 271 126 224 204 244 12 154 270 192 134 164 49
split_gain=12.4564 13.2296 11.7791 17.2204 11.3658 15.5915 9.98477 11.2103 10.4618 10.3729 15.1761 15.6179 18.9438 21.3703 19.557 14.9536 14.4942 18.752 18.2226 14.0763 13.2695 12.9667 10.8676 16.5808 15.6305 14.5471 11.1355 10.4837 9.94631 11.7566
threshold=18.379349708557132 14.751036886260241 7485.0000000000009 -38.829686819236436 -3.6830247502839248 0.032299999147653587 0.94747801444070079 12.819261836810025 0.11214999854564668 12.282777462806484 1809.0000000000002 -2.2780577133822546 26.375365586890769 36.838055026188748 12.063054514703898 83.01419082619428 -0.0020499974489212032 0.043636934599526528 16.376586331701883 1377.5000000000002 0.99999999999230271 -0.014237633079650298 0.025500006973743442 4.1568240137977996 -0.095890385423346519 95.846440692695452 0.20320320320157537 0.013422795165944482 -0.047619050702477995 3677.5000000000005
decision_type=2 2 2 2 2 2 2 2 2 2 2 2 2 2 2 2 2 2 2 2 2 2 2 2 2 2 2 2 2 2
left_child=4 -2 6 -4 -1 -6 9 8 -8 10 16 -12 13 14 -13 -15 17 21 20 -11 22 -3 28 26 25 -25 -24 -22 -18 -30
right_child=1 2 3 -5 5 -7 7 -9 -10 19 11 12 -14 15 -16 -17 18 -19 -20 -21 27 -23 23 24 -26 -27 -28 -29 29 -31
leaf_value=-0.0021828080651859964 -0.00046637413477045009 -0.0026260518988539304 -0.0024454394262430424 0.0087956810198311607 0.00021336659626509369 -0.0012074792144155606 -0.00033559973064755446 -0.00093080165162422331 0.00018349176484286302 -0.0008612410084290449 -0.0016606640699340549 -0.0018157859884624424 0.0098219808874139419 -0.0032773230777363134 0.011174881334462006 -0.00027273613917444458 -0.00027065833126645541 0.010668214521381576 -0.001303136208634081 0.00029148300829295762 -0.00011514364035762491 0.0046689164258965563 0.0027592923265664731 -0.001294391393564003 0.0017757278693914724 0.0037436623999476805 2.6652562171990971e-05 0.0096743574082475917 -0.00013817836403204832 0.00055028696129764607
leaf_weight=76 158 64 77 73 102 119 60 94 61 890 351 66 61 106 109 77 1554 74 257 229 70 69 160 234 116 66 121 80 953 192
leaf_count=76 158 64 77 73 102 119 60 94 61 890 351 66 61 106 109 77 1554 74 257 229 70 69 160 234 116 66 121 80 953 192
internal_value=-0.00335738 -0.00302785 -0.00276918 0.00677419 -0.0103146 -0.00603982 -0.00300866 -0.0103409 -0.00305556 -0.00273289 -0.00201881 -0.00650323 -0.00189858 -0.00501377 0.00369444 -0.0132181 -0.00115068 0.00775943 -0.00164522 -0.00576068 -0.000985638 -0.000253623 -0.00144075 0.00244302 -0.00199525 -0.00619672 0.00893357 0.00903226 -0.00244638 3.04348e-05
internal_weight=6719 6422 6264 150 297 221 6114 215 121 5899 4780 770 419 358 175 183 4010 207 3803 1119 3546 133 3396 697 416 300 281 150 2699 1145
internal_count=6719 6422 6264 150 297 221 6114 215 121 5899 4780 770 419 358 175 183 4010 207 3803 1119 3546 133 3396 697 416 300 281 150 2699 1145
is_linear=0
shrinkage=0.035


Tree=129
num_leaves=31
num_cat=0
split_feature=126 189 254 98 8 204 79 209 89 120 227 196 109 148 163 260 15 272 148 257 59 137 105 137 37 150 287 113 259 165
split_gain=10.3606 13.6843 11.9516 12.7165 12.6156 11.8543 12.9396 11.7756 11.26 11.6302 11.1481 15.1119 13.1212 10.7056 10.8452 11.2426 11.8274 14.9914 16.1122 13.2827 12.7021 21.4163 14.2096 13.0609 17.1012 12.5941 15.562 18.5015 17.9806 15.4074
threshold=2076.5000000000005 14.91177439384912 15.903942366481962 0.52024999260902416 -66.665325657533899 -0.0044130848413537708 0.017021568581619347 10.30991883321995 8.045642224445503 0.66804999113082897 0.12052841215526301 -0.015017194992381964 0.63574999570846569 4224.5000000000009 0.9754563100698096 0.93504571361132571 -1.5326324837827696 0.028849989175796512 2497.0000000000005 10.315911399296125 40.82984924316407 3350.0000000000005 344.50000000000006 2129.5000000000005 28.237400054931644 0.044150002300739295 1.0000000180025095e-35 -2.305433108436064 -0.056646414024434474 0.040139174583328822
decision_type=2 2 2 2 2 2 2 2 2 2 2 2 2 2 2 2 2 2 2 2 2 2 2 2 2 2 2 2 2 2
left_child=2 8 13 4 7 -6 -7 -4 -2 10 12 -12 -10 14 15 16 20 18 25 -19 21 23 -22 24 -1 -18 28 -28 -27 -30
right_child=1 -3 3 -5 5 6 -8 -9 9 -11 11 -13 -14 -15 -16 -17 17 19 -20 -21 22 -23 -24 -25 -26 26 27 -29 29 -31
leaf_value=-2.1527365649054446e-06 -0.0026828053860390743 -0.0025659054592707185 -0.0023818255668395464 0.00024023486923616057 0.00032681179632133769 0.00033431953630726934 -0.0013856796825092005 -0.00020110134567118189 0.00072021630732413975 0.0022390151003157167 -0.0010787653969177222 0.0071612688398843246 -0.0015274142789380384 -0.0026354527697313303 -0.00026780446805952485 0.00045487929298233939 -0.00021433633855616309 0.00024574763660632938 0.011273400499305544 -0.00082248419637599604 -0.00015740421878745971 0.01485460639753889 -0.0021704780957697983 -0.00096469787588454462 0.0043625494754140244 -0.0013691735070072652 -0.0026564563984082896 -0.0010288139967189909 0.00014932430297021684 -0.0013147927394515386
leaf_weight=862 60 83 257 117 96 92 187 67 64 124 104 94 224 74 71 96 1649 469 64 103 517 78 88 82 175 100 98 283 259 82
leaf_count=862 60 83 257 117 96 92 187 67 64 124 104 94 224 74 71 96 1649 469 64 103 517 78 88 82 175 100 98 283 259 82
internal_value=-0.00338861 -0.00724934 -0.00289566 -0.00682095 -0.00860085 -0.00414474 -0.00776408 -0.013617 -0.0054963 -0.00398374 -0.00641548 0 -0.0107509 -0.0022677 -0.00206652 -0.00186527 -0.00210114 -0.00340778 -0.00456102 0.00169844 0.000154953 0.0022421 -0.00395902 0.000965302 0.00204894 -0.00501817 -0.00854897 -0.0136917 -0.00400224 -0.000101156
internal_weight=6719 753 5966 816 699 375 279 324 670 610 486 198 288 5150 5076 5005 4909 3107 2535 572 1802 1197 605 1119 1037 2471 822 381 441 341
internal_count=6719 753 5966 816 699 375 279 324 670 610 486 198 288 5150 5076 5005 4909 3107 2535 572 1802 1197 605 1119 1037 2471 822 381 441 341
is_linear=0
shrinkage=0.035


Tree=130
num_leaves=31
num_cat=0
split_feature=256 27 8 28 49 173 49 27 60 175 281 49 126 38 133 58 113 194 250 136 25 21 154 270 162 135 146 134 133 230
split_gain=14.0676 11.3082 15.1459 10.7132 10.3033 15.2235 11.8278 12.5828 13.2661 13.2587 11.7956 14.0569 17.4845 15.4075 20.7962 14.4809 13.5855 13.5173 14.063 13.7043 15.5302 12.8753 14.4368 15.7841 24.2815 12.9117 14.5726 13.6526 15.8743 15.704
threshold=14.751036886260241 7485.0000000000009 -38.829686819236436 103.50000000000001 5436.5000000000009 0.21673043748659163 5167.0000000000009 3959.0000000000005 1174.0000000000002 0.022408386328654582 1.0000000180025095e-35 2566.5000000000005 1875.5000000000002 2158.5000000000005 48.466633194020382 -5.1375543088814517 -2.8786856122146451 0.020855559754191465 1.1820072460433375 34.993900299072273 -13.858296027817644 0.17025000602006915 -0.042735043427497905 129.54518339846558 -0.12228298365214908 -0.72826379782960504 -1.7765508083360835 0.023177265818315047 54.626208768553347 -8.8191888070920914
decision_type=2 2 2 2 2 2 2 2 2 2 2 2 2 2 2 2 2 2 2 2 2 2 2 2 2 2 2 2 2 2
left_child=3 4 -3 -1 6 -6 7 10 -9 -10 11 12 13 21 -15 -16 -14 18 -12 20 -19 22 25 24 -24 26 -2 28 -28 -30
right_child=1 2 -4 -5 5 -7 -8 8 9 -11 17 -13 16 14 15 -17 -18 19 -20 -21 -22 -23 23 -25 -26 -27 27 -29 29 -31
leaf_value=-4.8617247676916999e-05 -0.0011578477757315032 -0.0023597737005447645 0.0077466606607680408 -0.00061414012304110313 -0.0021167149188552892 -0.00021552675425355386 0.0038041426131410305 -0.00093566322516757511 -0.0013529336348562107 0.00085617231328545399 0.00084333898132333532 1.2727696386394817e-05 -0.0017752784998155743 0.0045047148975333774 -0.0022292524722459265 0.0072815942207306575 -0.00069004243582832501 0.00011491329040576372 -0.0038816611928845597 -0.00011111595116817087 0.010948439981538261 -0.00085376363055229116 0.005122698572671518 -0.0031779974600401142 -0.0001089016764031875 -0.0014184144561142596 -0.00042506919516651037 0.0072422979300516763 -0.00110446995242244 0.0002982435413852802
leaf_weight=61 197 81 77 101 99 196 78 261 64 104 155 1130 179 331 161 67 426 62 88 109 86 214 149 76 335 294 938 92 159 349
leaf_count=61 197 81 77 101 99 196 78 261 64 104 155 1130 179 331 161 67 426 62 88 109 86 214 149 76 335 294 938 92 159 349
internal_value=-0.00336779 -0.00310957 0.00601227 -0.0134132 -0.00333932 -0.00968333 -0.00302505 -0.00320345 -0.00895161 -0.00121387 -0.00275527 -0.00325853 -0.00423842 -0.00324324 0.00204787 -0.00600858 -0.00969672 0.00235644 -0.00352823 0.00788168 0.0146405 -0.00430021 -0.00360254 0.00136283 0.00372188 -0.00497296 -0.00380172 -0.00263124 -0.00347347 0.00150097
internal_weight=6719 6557 158 162 6399 295 6104 6026 429 168 5597 5097 3967 3362 559 228 605 500 243 257 148 2803 2589 560 484 2029 1735 1538 1446 508
internal_count=6719 6557 158 162 6399 295 6104 6026 429 168 5597 5097 3967 3362 559 228 605 500 243 257 148 2803 2589 560 484 2029 1735 1538 1446 508
is_linear=0
shrinkage=0.035


Tree=131
num_leaves=31
num_cat=0
split_feature=256 256 273 127 271 98 126 28 60 126 262 160 162 131 257 185 259 223 183 195 23 99 12 257 159 171 77 88 33 251
split_gain=11.6757 10.4654 10.2482 10.7492 11.1383 10.5947 9.4173 9.27031 12.3746 11.5647 11.5132 15.4952 15.0996 13.6081 11.1136 11.9177 10.6103 10.9516 12.3685 12.6801 13.2185 10.8368 10.3975 9.90694 9.82268 11.541 16.9988 12.4257 11.7386 12.263
threshold=14.751036886260241 18.296892620700053 0.42654781185658069 12.500000000000002 5.7684250148998037 0.49934999644756323 674.50000000000011 329.50000000000006 1344.0000000000002 2103.0000000000005 0.18996025320183743 0.040100000798702247 0.24999999999296882 0.79475000500679027 2.8335554745187266 0.013321515089829103 -0.18504034365256122 17.246148392946978 0.63774052136610193 0.01288070861946743 3.5638960417181029 0.51659998297691356 11.558408726635653 9.5181926864312167 14.762509496574646 0.11702499724924566 0.13395000249147418 0.10040000081062318 0.17720000445842746 0.21954756771080944
decision_type=2 2 2 2 2 2 2 2 2 2 2 2 2 2 2 2 2 2 2 2 2 2 2 2 2 2 2 2 2 2
left_child=-1 -2 7 -4 6 -6 -5 10 22 -10 16 13 23 14 -12 -16 17 18 19 20 -3 24 -9 -13 25 27 -27 -18 -28 -30
right_child=1 2 3 4 5 -7 -8 8 9 -11 11 12 -14 -15 15 -17 21 -19 -20 -21 -22 -23 -24 -25 -26 26 28 -29 29 -31
leaf_value=-0.0004411222482353328 0.0043875379210782956 0.00060186161152469945 -0.00066464893424657615 -0.00088002393605668926 9.7577340556387348e-05 0.0055750694029836909 0.002984875670832169 -0.001158912567474102 0.00070727504200439816 -0.0028678053451415427 -0.0011303446079899227 -1.9962078705413334e-05 0.0028757705874187076 -0.0012192657892215345 -0.00095462258288219338 0.00068914567658715181 -0.00010138669104675536 -1.1811514406259716e-06 7.3490240201004595e-06 -0.0010834566725001747 -0.0017723354404653726 -0.0022610486193785292 0.0015247095113721716 -0.0015946636016487224 0.0028203522292511852 0.0011489023693280233 -0.00030119011876760611 -0.00079816719127599127 -0.00024199062455966316 0.00013317346856340064
leaf_weight=162 110 71 172 75 99 102 99 372 214 64 64 121 120 496 70 102 117 232 120 186 116 67 60 60 223 182 306 123 1618 796
leaf_count=162 110 71 172 75 99 102 99 372 214 64 64 121 120 496 70 102 117 232 120 186 116 67 60 60 223 182 306 123 1618 796
internal_value=-0.00341984 -0.00318424 -0.00336872 0.00120471 0.00451316 0.0100243 -0.00195531 -0.0037934 -0.00753846 -0.00173145 -0.0032743 -0.00657514 0.000114379 -0.00930801 -0.00232365 0.00237288 -0.00244714 -0.00628082 -0.00920683 -0.0123148 -0.00565104 -0.00162933 -0.0112128 -0.00620968 -0.00133976 -0.0018462 -0.00122807 -0.00914286 -0.00192661 -0.00109963
internal_weight=6719 6557 6447 547 375 201 174 5900 710 278 5190 1033 301 732 236 172 4157 725 493 373 187 3432 432 181 3365 3142 2902 240 2720 2414
internal_count=6719 6557 6447 547 375 201 174 5900 710 278 5190 1033 301 732 236 172 4157 725 493 373 187 3432 432 181 3365 3142 2902 240 2720 2414
is_linear=0
shrinkage=0.035


Tree=132
num_leaves=31
num_cat=0
split_feature=256 49 80 173 60 262 57 131 49 259 262 180 215 261 66 17 132 181 272 158 190 80 270 161 153 193 126 180 89 23
split_gain=11.8649 10.2516 14.2441 15.4818 10.7342 10.5611 12.0373 11.0828 10.9557 10.9891 10.4258 11.2492 11.0521 15.6949 19.2508 13.457 13.9154 15.1037 14.578 12.6305 13.2937 15.3564 12.9778 18.5707 17.3743 12.7426 12.2211 11.5894 10.9281 21.1352
threshold=14.751036886260241 5436.5000000000009 -4.0758602378822344 0.19577155502942525 772.50000000000011 0.18996025320183743 0.021858555137581389 0.78694999217987072 1217.5000000000002 0.13933170389399083 0.18729471814138424 0.002899996936321259 -0.035799998790025704 487.28498840332037 0.30044999718666082 15.114590752821623 0.14854999631643298 0.12954999879002574 0.030850008130073551 -0.00084999948740005482 -0.0080999992787837965 -6.180543374609627 73.151162168951799 0.11952499859035016 0.40812024179862699 -0.12110846155293119 249.50000000000003 0.003299999982118607 10.004868925745678 2.7854166607155055
decision_type=2 2 2 2 2 2 2 2 2 2 2 2 2 2 2 2 2 2 2 2 2 2 2 2 2 2 2 2 2 2
left_child=-1 5 3 -3 -5 10 8 -8 9 -7 12 -12 13 14 -2 16 -15 -18 -19 22 21 -21 23 -14 25 -25 -17 -27 -22 -30
right_child=1 2 -4 4 -6 6 7 -9 -10 -11 11 -13 19 15 -16 26 17 18 -20 20 28 -23 -24 24 -26 27 -28 -29 29 -31
leaf_value=-0.00042568296954709596 0.012271372791909884 -0.0029445871757614621 0.00011934882975752293 -0.00032188226621456711 0.00062538979212621029 -0.0015476736612322624 4.3173504111796437e-05 -0.00096931445404331085 0.00077019739481150741 0.0009582080968368235 0.0071696993529861948 -0.00011538585707743716 -0.00090701444925958639 -0.00079991953502780132 -0.00025340437175499196 -0.0038158905876388514 0.00023751050504172382 -0.00050700349268949598 0.0002257330801572144 1.7750066379199072e-06 0.00046453444005151227 0.013810528313129582 -0.0010729357502446604 0.00078682674229116659 0.0033955372546917283 -0.0021162171400775382 -0.0010702986539441147 -9.4053765897961232e-06 -0.00075447747127460336 0.00018197989116946675
leaf_weight=162 108 79 64 89 75 155 133 726 164 78 77 82 182 118 288 74 110 1586 295 120 183 137 325 179 157 94 193 155 159 372
leaf_count=162 108 79 64 89 75 155 133 726 164 78 77 82 182 118 288 74 110 1586 295 120 183 137 325 179 157 94 193 155 159 372
internal_value=-0.00334697 -0.00310957 -0.0093109 -0.013125 -0.00662722 -0.00279776 -0.00566217 -0.00798032 -0.000609453 -0.00544118 -0.00207241 0.00661585 -0.00236467 -0.00380627 0.00261845 -0.0048803 -0.00392384 -0.00320892 -0.00395281 -0.000423114 0.00247439 0.00921756 -0.00299909 -0.000498705 0.00255085 -0.00113164 -0.0122243 -0.00620079 0 -0.00254664
internal_weight=6719 6557 307 243 164 6250 1256 859 397 233 4994 159 4835 2772 396 2376 2109 1991 1881 2063 971 257 1092 767 585 428 267 249 714 531
internal_count=6719 6557 307 243 164 6250 1256 859 397 233 4994 159 4835 2772 396 2376 2109 1991 1881 2063 971 257 1092 767 585 428 267 249 714 531
is_linear=0
shrinkage=0.035


Tree=133
num_leaves=31
num_cat=0
split_feature=156 127 109 282 104 82 175 211 132 66 113 192 98 173 104 254 224 183 47 48 59 223 13 121 121 60 213 213 148 6
split_gain=11.4695 10.9985 10.0143 8.84647 19.9813 20.7541 16.5582 13.7342 13.571 13.5372 12.8548 15.0985 15.1463 14.8878 13.0464 12.6028 15.2959 12.3403 19.9699 18.6551 11.9509 16.191 16.5778 16.9039 18.8971 17.1044 16.3071 15.4558 15.1653 13.9747
threshold=-2.5684123280905768 115.50000000000001 0.64684998989105236 1.0000000180025095e-35 64.500000000000014 361.50000000000006 0.027031389688626829 0.51771259448742024 0.10514999926090242 0.10814999788999559 -3.7997702718734332 0.22598733795395196 0.54965001344680797 -0.4444184883941662 404.00000000000006 -12.39077599657079 -0.99999999998258959 0.034425826172807303 -7.6036465278806888 39.45429992675782 40.210000991821296 24.631698890383905 20.698467916039778 0.19215000420808795 0.2185500040650368 616.50000000000011 10.102112970785322 9.7601655201853248 505.50000000000006 -28.994842153394494
decision_type=2 2 2 2 2 2 2 2 2 2 2 2 2 2 2 2 2 2 2 2 2 2 2 2 2 2 2 2 2 2
left_child=1 2 -1 8 -5 -6 7 17 -2 -10 14 12 20 -13 -11 -16 -17 19 -19 -7 -12 22 -22 25 -25 -24 -27 28 -26 -28
right_child=3 -3 -4 4 5 6 -8 -9 9 10 11 13 -14 -15 15 16 -18 18 -20 -21 21 -23 23 24 27 26 29 -29 -30 -31
leaf_value=0.00035015724785638887 0.0076668461454845226 -0.0022204395004333673 -0.0010055800332819877 0.0010419533843467595 -0.00030395585803027971 -0.00047857537809183173 0.0004356683149169841 0.00052599518943218578 -0.00065889355523321316 -0.0016869289582183069 2.1892733244358588e-05 0.00050225173366571249 0.011086118759421759 -0.00047816731475161777 -0.002367485355418429 0.013388013682288613 -0.00059319982823317636 0.00011927228572966799 -0.0012070055465500768 0.0072638334896522154 -0.0028368909962157005 -0.0056296070297281045 -0.0012078585633126212 -0.0027765119346676785 0.00021719323121171144 0.0049985626655373629 -0.0025173619031499885 0.0025862113038396424 -0.0034124636836174046 0.0028030743721722011
leaf_weight=62 77 72 82 72 194 99 262 84 248 129 1625 296 61 1488 90 68 216 60 103 61 88 71 83 148 112 367 100 122 118 61
leaf_count=62 77 72 82 72 194 99 262 84 248 129 1625 296 61 1488 90 68 216 60 103 61 88 71 83 148 112 367 100 122 118 61
internal_value=-0.00323245 -0.011086 -0.00516779 -0.00296328 0.00018617 -0.00133065 0.00160979 -0.0028034 -0.00349184 -0.00369996 -0.0033146 -0.00274394 -0.00120567 -0.00528228 -0.0086122 -0.0051715 -0.00145329 -0.00608232 -0.0127083 0.000848485 -0.00158103 -0.00411765 -0.00311047 -0.00191308 -0.00665347 0.00198864 0.00433396 -0.00215686 -0.00744681 -0.0048494
internal_weight=6719 216 144 6503 935 863 669 407 5568 5491 5243 4740 2956 1784 503 374 284 323 163 160 2895 1270 1199 1111 500 611 528 352 230 161
internal_count=6719 216 144 6503 935 863 669 407 5568 5491 5243 4740 2956 1784 503 374 284 323 163 160 2895 1270 1199 1111 500 611 528 352 230 161
is_linear=0
shrinkage=0.035


Tree=134
num_leaves=31
num_cat=0
split_feature=256 37 27 8 162 255 105 137 113 249 271 145 208 148 13 262 160 263 251 93 93 22 57 199 170 231 163 228 256 13
split_gain=10.2489 8.96582 10.3915 13.481 9.69243 9.35414 10.854 12.3829 10.4892 9.16188 8.89635 8.78774 16.2176 17.5228 12.318 10.7125 10.4745 13.434 13.7204 11.3169 10.3294 14.3434 10.6797 11.1848 9.61202 11.8085 9.79414 8.88998 10.6947 17.5384
threshold=14.751036886260241 18.552000045776371 7485.0000000000009 -38.829686819236436 0.029268989148770727 -0.98847975555704604 39.500000000000007 419.00000000000006 -1.6848479308042068 -0.61361754154831682 6.3018849171562001 0.010371665237217611 -0.0090999901294708235 1328.5000000000002 88.715039142280631 0.19207809058952033 0.032949998974800117 0.57536413895387117 -0.51460782217183076 794.00000000000011 34.000000000000007 0.50565001368522655 0.016854035997222783 11.184081058234984 0.00070001557469367992 7.1149434768569284 0.95527936137781977 -17.531679200463163 47.525363835783473 47.522587617904335
decision_type=2 2 2 2 2 2 2 2 2 2 2 2 2 2 2 2 2 2 2 2 2 2 2 2 2 2 2 2 2 2
left_child=-1 4 5 -4 10 6 -3 -8 -9 -7 -2 12 -11 14 -14 20 17 18 -17 -18 -13 22 23 -22 25 -24 27 -26 -29 -30
right_child=1 2 3 -5 -6 9 7 8 -10 11 -12 15 13 -15 -16 16 19 -19 -20 -21 21 -23 24 -25 26 -27 -28 28 29 -31
leaf_value=-0.00039966028741455904 0.0038655577464986593 -0.0019260219530604723 -0.0022171120731216219 0.0082956582010153806 -0.0013058106913901727 -0.0018293118069662919 0.0049888388309386449 8.5229182027199567e-05 -0.0020691177797667842 -0.0015823977746709942 -0.00022543500674336139 -0.0025884454570407204 0.0089920680744418786 -0.00063400378810279413 -4.3053491733767714e-05 0.00029887399157296773 -0.0013543298555311646 0.00017480865215706466 -0.0014248775576703755 0.00010829608374902267 -0.00032630419174107394 0.0071899212605024861 0.0077526852210032977 -0.0022850629177890705 -0.0018271116361656056 -0.00084216694929390779 -0.00029192344687466068 -0.00020715497685396296 0.013228769575067025 -7.3344284676029882e-05
leaf_weight=162 63 60 77 73 174 85 170 203 93 88 83 72 167 91 81 64 125 71 432 236 109 62 138 76 79 80 87 2142 62 1214
leaf_count=162 63 60 77 73 174 85 170 203 93 88 83 72 167 91 81 64 125 71 432 236 109 62 138 76 79 80 87 2142 62 1214
internal_value=-0.00315958 -0.00293889 -0.00264098 0.00632258 -0.00861538 -0.00286687 0.00158192 0.00341826 -0.000930233 -0.00328872 -0.0018543 -0.00310345 0.00170139 0.00518895 0.00996047 -0.00351108 -0.00690247 -0.0098514 -0.0118762 -0.00219945 -0.00273994 -0.00249507 -0.00276177 -0.0108684 -0.00235356 0.00470852 -0.00278908 -0.00248858 -0.00220859 0.000327869
internal_weight=6719 6557 6237 150 320 6087 526 466 296 5561 146 5476 427 339 248 5049 928 567 496 361 4121 4049 3987 185 3802 218 3584 3497 3418 1276
internal_count=6719 6557 6237 150 320 6087 526 466 296 5561 146 5476 427 339 248 5049 928 567 496 361 4121 4049 3987 185 3802 218 3584 3497 3418 1276
is_linear=0
shrinkage=0.035


Tree=135
num_leaves=31
num_cat=0
split_feature=17 126 20 192 223 5 138 259 148 211 17 11 105 183 222 205 13 230 161 33 181 148 132 148 82 8 78 275 55 211
split_gain=10.034 10.3143 13.4315 11.8225 12.554 17.3049 18.1755 10.8538 11.4631 11.5612 15.3859 17.1297 16.6628 14.9242 16.3309 18.265 23.3524 15.815 14.6002 22.1935 19.0562 15.3007 14.9524 14.7945 14.1956 13.9871 14.0411 13.5251 13.0451 16.573
threshold=51.603926743202251 2076.5000000000005 20.498977704130898 -0.1246890547221525 25.584934175699345 -1.4773609834912953 7.5000000000000009 0.48649689988222417 3619.5000000000005 -0.024305964341392487 9.9223585488972272 29.000072259070802 192.50000000000003 -0.21407472184150711 6.3481978735339544 0.011124634776500539 55.101763846422926 -2.9737865415213611 0.15180000290274623 0.18965000659227374 0.13297499716281894 530.50000000000011 0.15004999935626986 1100.5000000000002 1351.5000000000002 -71.318290809975096 12.354926962867397 0.37193226650911188 0.31665000319480902 -0.52169362065660574
decision_type=2 2 2 2 2 2 2 2 2 2 2 2 2 2 2 2 2 2 2 2 2 2 2 2 2 2 2 2 2 2
left_child=1 7 -3 4 5 -4 -7 8 9 13 11 -11 25 28 -15 -16 17 -17 20 -20 22 -21 -13 27 -18 -12 -27 -23 -1 -30
right_child=-2 2 3 -5 -6 6 -8 -9 -10 10 12 18 -14 14 15 16 24 -19 19 21 -22 23 -24 -25 -26 26 -28 -29 29 -31
leaf_value=0.00013716208326291503 -0.0020108788805122358 -0.0032388732877057101 0.0053311834606691528 -2.3567582552095626e-05 -0.0044502218623577311 -0.0015060845780767425 8.3641357829322143e-05 0.00018379062290173499 -0.0019279906092061268 -0.0010961030129490346 -0.0017078934812482431 -0.0001324351525319717 -0.0011704106319585473 0.0088339853382345835 0.019477095352908914 0.00030354766583055891 -0.00077178242880562473 -0.002397493329331298 0.015049262427023013 8.8844889165904945e-05 -0.00096820524440443493 -0.0015013897525356541 0.00024440442567188835 0.00016686858248272576 0.015314599043514265 -0.00026719586873842296 0.0030856305439024073 3.3471152697600595e-05 -0.00022916989967676079 -0.0016945591076946219
leaf_weight=548 78 68 93 316 108 103 62 297 132 382 194 605 171 139 77 72 65 122 88 1220 235 163 140 76 60 355 144 76 350 180
leaf_count=548 78 68 93 316 108 103 62 297 132 382 194 605 171 139 77 72 65 122 88 1220 235 163 140 76 60 355 144 76 350 180
internal_value=-0.00306588 -0.00291228 -0.00676821 -0.00519651 -0.00943396 -0.00505703 -0.0117353 -0.00241604 -0.00276299 -0.0025096 -0.00355086 -0.00235284 -0.00765247 -2.16316e-05 0.00473148 0.00104738 -0.00270062 -0.010201 -0.0013286 0.000709459 -0.00469036 -0.000295455 -0.00191333 -0.00710938 0.00888462 -0.00516476 -0.00201389 -0.011332 -0.00239151 -0.00628037
internal_weight=6719 6641 750 682 366 258 165 5891 5594 5462 3849 2985 864 1613 535 396 319 194 2603 1623 980 1535 745 315 125 693 499 239 1078 530
internal_count=6719 6641 750 682 366 258 165 5891 5594 5462 3849 2985 864 1613 535 396 319 194 2603 1623 980 1535 745 315 125 693 499 239 1078 530
is_linear=0
shrinkage=0.035


Tree=136
num_leaves=31
num_cat=0
split_feature=282 104 53 82 32 102 43 179 49 192 261 17 7 88 169 82 82 126 17 258 210 110 23 21 187 269 223 224 11 123
split_gain=10.3418 21.7593 14.9046 13.3693 17.9014 12.8636 11.6113 17.817 17.6535 16.3157 14.3987 15.6043 14.2034 19.2285 12.9731 13.1565 20.7651 17.2261 17.141 12.9583 15.6616 12.9322 13.8221 12.2595 12.5559 11.7495 12.8732 12.8734 12.4212 11.595
threshold=1.0000000180025095e-35 58.500000000000007 -49.795249921287798 330.50000000000006 0.16295000165700915 -6.4459302829676686 0.2791499942541123 13.761004697121576 3566.0000000000005 -0.31019424784854949 537.14999389648449 13.433429578347813 -48.449036176384496 0.13264999538660052 10.747723431301493 1321.5000000000002 1485.5000000000002 1817.5000000000002 2.0704686134032095 0.013799995183944704 0.22078294946496888 0.16454999893903735 1.9764180943739886 0.14334999769926074 2.2185095353368012e-05 6.630556452278392 14.072480227596101 0.92079826565547462 142.08877549161346 0.014067989794378195
decision_type=2 2 2 2 2 2 2 2 2 2 2 2 2 2 2 2 2 2 2 2 2 2 2 2 2 2 2 2 2 2
left_child=5 -2 -3 -4 -5 -1 10 -8 9 -9 11 14 13 -12 -7 17 -17 -16 23 -15 -21 22 -14 -18 -25 26 27 -13 -28 -24
right_child=1 2 3 4 -6 6 7 8 -10 -11 12 25 21 19 15 16 18 -19 -20 20 -22 -23 29 24 -26 -27 28 -29 -30 -31
leaf_value=-0.00083591290975189032 0.0065783334759753802 -0.00065846541913534709 -0.00022947490813874041 0.00018395767239359485 -0.00047615186961267881 0.0017746425573204627 0.00052418217512405609 0.0040452454000167275 0.000719023802840002 -0.00095482405996278393 0.0086733886993953461 0.00040498756613640776 -0.00078713775339013655 -0.0019402228164187537 -0.0001696221242759888 0.012577043769855061 -0.0019492981202439226 -0.0012759314818892851 0.0073308036106155957 -0.00085709119967707255 0.009374491033652288 -0.002153265011572618 0.0026325370812181818 -0.00096731888060936223 0.0041186281078216154 4.6773987162679338e-06 -0.0032463795638017255 -0.0009585769770417402 -0.0012622738709953012 -0.00025665732258628617
leaf_weight=520 64 108 183 545 79 119 187 72 96 189 76 159 436 103 1634 135 177 132 153 219 65 163 99 258 79 191 131 112 72 163
leaf_count=520 64 108 183 545 79 119 187 72 96 189 76 159 436 103 1634 135 177 132 153 219 65 163 99 258 79 191 131 112 72 163
internal_value=-0.00300342 0.000320122 -0.00110326 0.000560345 0.00300477 -0.00357006 -0.00304115 0.00178506 -0.00280387 -0.0075 -0.00360393 -0.00237712 -0.00668924 -0.00172009 -0.00118314 -0.00171395 0.00199504 -0.00339921 -0.000572917 -0.00491071 -0.000968858 -0.00933603 -0.00716927 -0.00364162 0.000307018 -0.00715672 -0.0100835 -0.00494565 -0.0166587 -0.000786517
internal_weight=6719 979 915 807 624 5740 5220 544 357 261 4676 3352 1324 463 2687 2568 802 1766 667 387 284 861 698 514 337 665 474 271 203 262
internal_count=6719 979 915 807 624 5740 5220 544 357 261 4676 3352 1324 463 2687 2568 802 1766 667 387 284 861 698 514 337 665 474 271 203 262
is_linear=0
shrinkage=0.035


Tree=137
num_leaves=31
num_cat=0
split_feature=124 267 250 225 17 215 261 261 148 260 38 172 71 148 260 1 13 171 217 261 37 78 148 184 101 88 38 63 55 193
split_gain=9.43673 8.31819 14.2384 9.39897 9.27342 9.76046 9.39359 13.3974 33.1628 27.0772 23.2046 14.8689 14.442 13.1122 27.1175 23.9387 19.7368 15.6802 17.1693 14.2605 21.0755 13.9329 13.6355 12.6723 11.873 11.3959 17.1904 16.5035 14.7414 15.9207
threshold=-4.8114369362498985 -7.718874908007602 0.65567884623529704 0.052680556975683461 -55.265678215425929 -0.11785000562667845 535.64498901367199 529.33499145507824 542.00000000000011 0.38792937574049541 710.50000000000011 0.5665128175895443 1570.0000000000002 789.50000000000011 0.14947398734189726 712.50000000000011 38.582392150589946 0.13770000264048579 15.172376825018173 573.28500366210949 29.274099349975589 4.4150828211984292 351.00000000000006 -0.13311216601868511 0.016000010172526044 0.19325000047683719 654.00000000000011 6057.5000000000009 0.18544999510049823 0.67783881614586383
decision_type=2 2 2 2 2 2 2 2 2 2 2 2 2 2 2 2 2 2 2 2 2 2 2 2 2 2 2 2 2 2
left_child=-1 2 3 -2 -3 -6 7 11 9 12 -11 23 -9 14 15 -8 17 18 -16 20 -18 -15 24 -7 -20 26 -25 -27 29 -28
right_child=1 4 -4 -5 5 6 13 8 -10 10 -12 -13 -14 21 16 -17 19 -19 22 -21 -22 -23 -24 25 -26 27 28 -29 -30 -31
leaf_value=-0.00082826298051640978 -0.0030362597913320714 0.0081564405799024308 -0.004463564253770219 1.9782908933480559e-05 -0.0014323743114759411 0.00059337385905735402 -0.0016458182784924709 -0.0024970171760033224 0.0084312045631936214 -0.00035680423262684271 0.0072879463321788929 -0.0007811525001028141 -4.0360378184873818e-05 0.00022029112245106316 -0.0018302594818499491 0.011610894164495254 0.022355907572680262 -0.0011091154246114139 0.00022629593338451939 -0.00016087797271997829 -0.00015535021298868301 -0.0010453920329924675 0.006430423062563694 0.00012786531004976815 -0.00017702637143004909 -0.00014565748844864559 0.00024590708417911308 0.016971577190010592 -0.0010002766580692319 -0.00066975810017696872
leaf_weight=162 74 73 71 172 100 143 88 104 150 109 176 302 93 92 71 117 76 346 92 95 104 644 62 214 194 2147 183 83 319 63
leaf_count=162 74 73 71 172 100 143 88 104 150 109 176 302 93 92 71 117 76 346 92 95 104 644 62 214 194 2147 183 83 319 63
internal_value=-0.0030867 -0.00287489 -0.00836957 -0.00418327 -0.00258927 -0.00273898 -0.00255352 -0.0015913 0.00307692 -0.00143737 0.00543103 -0.00244868 -0.0112624 -0.0045292 -0.002324 0.00916667 -0.00462201 -0.0075 -0.00288915 0.003375 0.00908108 -0.00821862 0.000396601 -0.00172949 -0.0028866 -0.00221798 -0.00584821 -0.000939597 -0.00902632 -0.00250996
internal_weight=6719 6557 317 246 6240 6167 6067 4086 632 482 285 3454 197 1981 1245 205 1040 765 419 275 180 736 348 3152 286 3009 779 2230 565 246
internal_count=6719 6557 317 246 6240 6167 6067 4086 632 482 285 3454 197 1981 1245 205 1040 765 419 275 180 736 348 3152 286 3009 779 2230 565 246
is_linear=0
shrinkage=0.035


Tree=138
num_leaves=31
num_cat=0
split_feature=165 263 134 253 126 211 24 263 53 282 183 27 137 61 116 260 268 71 8 204 258 54 21 17 116 104 11 230 60 35
split_gain=8.80434 9.58864 10.6918 15.1967 13.3885 10.5928 9.50651 9.4731 13.5543 10.0401 14.0354 11.8329 14.7676 22.2481 14.992 10.2575 10.0545 9.59258 13.2751 13.1733 15.0775 9.17629 9.54322 9.15117 9.13847 9.00279 10.8256 9.12836 9.41147 14.1236
threshold=0.049525634673084552 0.28753799113545592 0.016449601940864634 1.2065144479112002 572.50000000000011 0.083855038139215701 0.112159300416649 -0.31082827211093006 -25.940103880693894 1.0000000180025095e-35 0.96204552741151783 668.50000000000011 894.00000000000011 61.500000000000007 42.500000000000007 0.76173962118801819 5.6288811598781416 2317.0000000000005 -73.149632917599163 -0.0098392907211760344 0.016600001603364948 0.24424999952316287 0.13704999536275866 -3.1620991743591671 328.50000000000006 5540.0000000000009 1.0000000180025095e-35 28.33740110827932 1391.0000000000002 0.020305072569813828
decision_type=2 2 2 2 2 2 2 2 2 2 2 2 2 2 2 2 2 2 2 2 2 2 2 2 2 2 2 2 2 2
left_child=1 6 3 4 -3 -4 7 8 17 10 24 -11 14 -14 -13 16 -15 18 19 -1 -21 22 -2 -23 25 26 -9 28 -28 -30
right_child=21 2 5 -5 -6 -7 -8 9 -10 11 -12 12 13 15 -16 -17 -18 -19 -20 20 -22 23 -24 -25 -26 -27 27 -29 29 -31
leaf_value=-0.0043881629857444116 -0.00086463530521572085 -0.00029731938359985722 0.0073827663946698999 0.00061231242074055042 -0.0023334943503137092 -0.00029382271304039865 -0.00095895331556090241 -0.0052604883107789128 -0.0012309321609618124 -0.00058254101776922316 -0.00042102970013858102 0.011622531437108931 -0.00048071675761306837 0.00012676617526625911 8.1080986249584553e-05 0.00072899801133585252 -0.00026062260613971742 -0.0023974214684376336 0.00031466111838844042 0.0041760848762893111 -0.0015632014140509072 -0.0023209772191363333 0.00017799659600035102 -0.00022505649131511542 0.0013388759141275564 0.0013017621030282922 -0.00027612954681422277 0.0028557268152012015 -0.0021230461450442513 6.5725481600347193e-05
leaf_weight=76 75 169 86 77 244 108 100 69 112 60 71 115 109 119 92 89 108 71 166 117 137 66 111 123 70 98 2295 96 149 1341
leaf_count=76 75 169 86 77 244 108 100 69 112 60 71 115 109 119 92 89 108 71 166 117 137 66 111 123 70 98 2295 96 149 1341
internal_value=-0.00301383 -0.00270121 -0.00660377 -0.00933333 -0.0119737 0.000351759 -0.00222418 -0.00202516 -0.0058845 -0.00148281 -0.00212804 0.00241033 0.00384615 8.13953e-05 0.0113915 0.00479751 0.00075431 -0.00361014 -0.00181637 -0.00585075 -0.00189189 -0.00819737 -0.00256545 -0.0135309 -0.00185059 -0.00207254 -0.00233628 -0.00208055 -0.00235488 -0.000187291
internal_weight=6719 6344 684 490 413 194 5660 5560 679 4881 4189 692 632 425 207 316 227 567 496 330 254 375 186 189 4118 4048 3950 3881 3785 1490
internal_count=6719 6344 684 490 413 194 5660 5560 679 4881 4189 692 632 425 207 316 227 567 496 330 254 375 186 189 4118 4048 3950 3881 3785 1490
is_linear=0
shrinkage=0.035


Tree=139
num_leaves=31
num_cat=0
split_feature=149 232 93 82 43 104 76 142 131 104 82 127 120 32 270 129 49 110 48 65 255 251 82 91 214 120 83 83 38 265
split_gain=10.3348 10.5158 13.7069 13.925 15.973 14.2215 14.5007 13.9986 11.458 11.234 9.49472 11.2377 11.9934 13.8819 13.8189 13.989 20.4154 17.7359 15.5664 12.6528 12.5347 12.3476 11.8915 11.8567 11.6573 11.4884 14.7751 16.3099 11.0159 13.668
threshold=49.500000000000007 3.1651586113640167 741.50000000000011 1035.5000000000002 0.24925000220537188 201.50000000000003 0.3238500058650971 0.79395002126693737 0.80945000052452099 350.50000000000006 913.00000000000011 2.5000000000000004 0.63085001707077037 0.1568500027060509 147.14226564027663 5622.5000000000009 1037.0000000000002 0.32334999740123754 43.988950729370124 0.3530499935150147 0.45124396239826231 0.26362485550934794 548.00000000000011 -4.3425587941235282 0.03039999678730965 0.66255000233650219 49.500000000000007 30.500000000000004 631.50000000000011 0.93990802257359907
decision_type=2 2 2 2 2 2 2 2 2 2 2 2 2 2 2 2 2 2 2 2 2 2 2 2 2 2 2 2 2 2
left_child=1 2 8 5 7 -4 -7 -5 -1 -8 11 -3 13 21 15 17 23 -14 20 22 28 -13 -20 -17 -15 26 27 -19 29 -18
right_child=-2 10 3 4 -6 6 9 -9 -10 -11 -12 12 14 24 -16 16 18 25 19 -21 -22 -23 -24 -25 -26 -27 -28 -29 -30 -31
leaf_value=0.0015530907956822081 -0.0009979399938248425 -0.0017190128523158447 -0.00018458131680266777 -0.00069485554753794334 -0.0010504830761417494 0.0017778196951215299 0.0056098496272832497 0.00041419755622260193 -0.00021640054944589373 -3.7797130658059348e-05 -0.00022130551003249346 -0.0010174820318263841 0.01958873368836089 -0.0004755355022968633 -0.00099635254064976936 -0.00064595375449241158 0.00022032516259202332 0.0016073725510101764 -0.00071649429195610353 0.00092403967157165818 -0.00067000870904139812 -0.00020693682209727617 0.0031655112905517408 -0.0016343903667807281 0.00066719411452473678 -0.0016295835953935381 0.0014766297283804123 -0.00228698160239661 -0.00044372651565820632 -0.00039254500916685201
leaf_weight=159 474 158 184 88 210 83 63 101 68 307 2556 256 84 77 120 84 159 67 66 69 181 118 72 149 72 82 160 62 325 65
leaf_count=159 474 158 184 88 210 83 63 101 68 307 2556 256 84 77 120 84 159 67 66 69 181 118 72 149 72 82 160 62 325 65
internal_value=-0.00293055 -0.002548 0.000303628 -0.0014121 -0.00649752 0.00179907 0.00512009 0.000902062 0.00799569 0.00205333 -0.0032705 -0.00483752 -0.0041883 -0.00881629 -0.00278 -0.00191104 -0.00393191 0.00327174 -0.00159766 0.00676887 -0.004 -0.0123747 0.00048951 -0.0130882 0.000227273 -9.30851e-05 0.00321429 -0.00548507 -0.00132671 0.00458515
internal_weight=6719 6245 1263 1036 399 637 453 189 227 370 4982 2426 2268 523 1745 1625 1170 455 937 207 730 374 138 233 149 371 289 129 549 224
internal_count=6719 6245 1263 1036 399 637 453 189 227 370 4982 2426 2268 523 1745 1625 1170 455 937 207 730 374 138 233 149 371 289 129 549 224
is_linear=0
shrinkage=0.035


Tree=140
num_leaves=31
num_cat=0
split_feature=81 148 9 281 153 126 260 282 115 270 11 129 8 5 9 232 153 33 183 159 20 262 27 27 150 115 22 42 162 254
split_gain=12.4302 11.0259 10.5969 17.2546 15.3176 12.4228 12.3132 12.0504 9.96218 16.103 16.7046 16.374 27.7835 27.3204 16.5566 15.3157 13.5955 13.6705 13.5922 13.0505 14.7061 12.8213 14.2052 15.0002 19.0224 14.3928 13.6557 17.0958 13.7294 14.5441
threshold=33.982749938964851 3953.5000000000005 -2.1485513130485887 1.0000000180025095e-35 -0.57974613597294511 1278.0000000000002 0.36526576658238485 1.0000000180025095e-35 645.00000000000011 128.06809356089943 175.46916927465006 5932.5000000000009 -86.043516360258749 63.398832917816414 -0.57216324080860825 12.818026597427037 -0.27328299647697596 0.22635000199079516 0.57836830588720411 12.667322445459831 38.159932575660982 -0.38697795596898116 1038.0000000000002 1229.5000000000002 0.044349998235702522 995.50000000000011 0.13254999369382861 25.415231250984775 0.13156672944660774 -1.2664801370493304
decision_type=2 2 2 2 2 2 2 2 2 2 2 2 2 2 2 2 2 2 2 2 2 2 2 2 2 2 2 2 2 2
left_child=2 8 4 5 -1 6 -4 -8 15 10 11 19 14 21 -13 16 -2 -18 -11 -10 -21 -14 -23 -24 -25 -26 -27 28 -28 -30
right_child=1 -3 3 -5 -6 -7 7 -9 9 18 -12 12 13 -15 -16 -17 17 -19 -20 20 -22 22 23 24 25 26 27 -29 29 -31
leaf_value=-0.00031973078397573356 0.002709531245283879 -0.0022615448173908329 0.000135282139861177 0.012536361825872675 -0.0038008406267020503 -0.00094694469319006006 -0.00066598409344874635 3.4357341324888217e-05 -0.00010071720213701675 -0.0030964829280164512 0.010488495819228059 -0.0039828202658484272 -0.0024743914602356159 0.00028826905801901729 0.013002477455672592 -0.00035928529447145643 -0.00089446077607256431 0.00028277199307906957 -4.2543218413968053e-05 1.7155672340031239e-05 -0.0015587288604336003 -0.0011298610125920878 0.0035744197153075273 -3.1462010133852529e-05 -0.0025906223194910147 -0.00043483730587675658 0.0053356843450196494 -0.0012086363233990084 0.0003893230132580906 -0.0011935660329158888
leaf_weight=87 292 126 273 62 123 169 244 95 270 100 120 66 80 199 199 912 177 341 66 93 355 161 83 1223 101 252 91 168 84 107
leaf_count=87 292 126 273 62 123 169 244 95 270 100 120 66 80 199 199 912 177 341 66 93 355 161 83 1223 101 252 91 168 84 107
internal_value=-0.00289932 -0.00224652 -0.00638469 -0.00458137 -0.0133488 -0.00601145 -0.00363047 -0.00803779 -0.00200721 -0.00300288 -0.00250752 -0.00294883 -0.00173821 -0.00286413 0.00894444 0.000202664 0.00369325 0.000267686 -0.0135088 -0.00764869 -0.0112804 -0.00392357 -0.00341538 -0.00263245 -0.00323978 -0.00740718 -0.00554455 -0.00184615 0.00341463 -0.00196429
internal_weight=6719 5666 1053 843 210 781 612 339 5540 3818 3652 3532 2814 2549 265 1722 810 518 166 718 448 2350 2270 2109 2026 803 702 450 282 191
internal_count=6719 5666 1053 843 210 781 612 339 5540 3818 3652 3532 2814 2549 265 1722 810 518 166 718 448 2350 2270 2109 2026 803 702 450 282 191
is_linear=0
shrinkage=0.035


Tree=141
num_leaves=31
num_cat=0
split_feature=107 247 17 247 11 98 261 112 137 153 148 203 137 48 270 120 126 31 218 118 126 78 94 222 160 203 137 47 213 258
split_gain=11.5584 15.343 13.7307 13.5356 12.6565 12.7005 11.1637 16.1303 14.3859 23.6179 17.7342 15.9571 14.3432 14.0219 18.5315 14.927 13.5711 16.4748 27.8923 13.0838 12.3197 15.34 11.8515 11.1149 10.9189 17.7509 11.8666 10.7376 13.5052 14.7364
threshold=6432.5000000000009 636.97998046875011 16.228558570512423 642.89501953125011 64.872735904614203 0.52024999260902416 535.64498901367199 0.0076726514962394765 2636.5000000000005 0.5509650199684798 804.50000000000011 0.11302407468052909 1766.0000000000002 43.179050445556648 56.885909617990215 0.65895000100135814 1884.0000000000002 -29.975865256305351 11.338624873931705 6267.5000000000009 1594.5000000000002 11.497077989413594 145.50000000000003 6.0470634423185006 0.035000000149011619 -0.53502171728397674 140.50000000000003 -6.6294262687573271 10.029348978857179 0.013699997216463091
decision_type=2 2 2 2 2 2 2 2 2 2 2 2 2 2 2 2 2 2 2 2 2 2 2 2 2 2 2 2 2 2
left_child=1 2 6 -2 -4 -6 16 -8 9 10 11 -9 22 14 15 -10 17 20 -19 -12 -1 -22 -13 -14 25 26 -18 28 -5 -30
right_child=3 -3 4 27 5 -7 7 8 13 -11 19 12 23 -15 -16 -17 24 18 -20 -21 21 -23 -24 -25 -26 -27 -28 -29 29 -31
leaf_value=-0.00011240730594914235 -0.0026875498616710171 0.00030399505522902995 -0.0018886892803205279 0.00013170473831652902 -0.00079090166439415503 0.0019474629058495307 -0.0025992857316372827 0.011915202910614871 -0.0013987970521586184 0.00040967054717001242 -0.0024058645402347907 9.2793581814894512e-05 0.00016458307207401049 -0.0011732276270387232 0.00027817964098835081 -0.00011163889636237407 -0.00072025585167010417 -9.4648259082195102e-05 0.021117238671122238 -0.00057625158826423643 0.013442359488606778 -0.00055516901400881613 -0.0013132765190276383 -0.00069788179568487988 0.00024414475068206876 -0.0017260642526965402 0.002799921476289967 0.00055473034168851919 -0.00065986907338535887 -0.0042526820324778397
leaf_weight=2900 61 216 122 97 639 93 88 80 72 166 96 99 97 60 89 94 129 118 83 244 82 71 157 75 101 146 111 170 76 87
leaf_count=2900 61 216 122 97 639 93 88 80 72 166 96 99 97 60 89 94 129 118 83 244 82 71 157 75 101 146 111 170 76 87
internal_value=-0.00282644 -0.00241457 -0.00274555 -0.00797379 -0.00684517 -0.00503392 -0.00206082 -0.00470113 -0.0036994 -0.00164868 -0.0040211 0.000136452 -0.00258661 -0.0101719 -0.00632692 -0.0130994 -0.00105579 -0.000236269 0.00934466 -0.0101449 -0.000881295 0.00863924 -0.00777778 0.00514124 -0.00647358 -0.00913043 -0.00314286 -0.00563218 -0.0100377 -0.0160417
internal_weight=6719 6228 6012 491 854 732 5158 1417 1329 1014 848 508 428 315 255 166 3741 3254 201 340 3053 153 256 172 487 386 240 430 260 163
internal_count=6719 6228 6012 491 854 732 5158 1417 1329 1014 848 508 428 315 255 166 3741 3254 201 340 3053 153 256 172 487 386 240 430 260 163
is_linear=0
shrinkage=0.035


Tree=142
num_leaves=31
num_cat=0
split_feature=240 231 231 255 261 261 256 137 169 46 33 49 11 222 49 274 274 211 217 110 112 268 72 269 38 215 49 242 261 259
split_gain=9.24471 9.23232 13.4041 10.8899 11.5378 20.6799 16.369 15.7471 20.7462 15.0279 12.9448 12.4004 16.5565 15.0476 11.3579 15.1522 11.7968 21.0586 17.1831 21.9079 16.0065 15.2083 13.6941 12.9323 12.3738 11.3852 17.0475 14.9016 20.4421 15.4363
threshold=51.603926743202251 35.472022328084115 27.054905179438318 -0.98847975555704604 469.83499145507818 473.34500122070318 79.496362036997837 126.00000000000001 13.542211880056689 0.016130104254049763 0.36615000665187841 461.50000000000006 1.0000000180025095e-35 18.348497927050452 738.50000000000011 -0.22537821457718471 -0.241396565379528 -0.28718045752798721 50.158105410238683 0.32334999740123754 0.0074488082588164669 24.235319979859508 297.50000000000006 0.40844040584353541 1651.5000000000002 -0.035999990999698632 5436.5000000000009 36.359710727080106 521.45501708984386 -0.099357785777673166
decision_type=2 2 2 2 2 2 2 2 2 2 2 2 2 2 2 2 2 2 2 2 2 2 2 2 2 2 2 2 2 2
left_child=1 2 3 -1 6 -6 -5 8 10 -9 -7 13 -13 -11 15 -14 22 23 20 -20 -19 25 24 -18 -16 -22 27 -27 -29 -30
right_child=-2 -3 -4 4 5 7 -8 9 -10 11 -12 12 14 -15 16 -17 17 18 19 -21 21 -23 -24 -25 -26 26 -28 28 29 -31
leaf_value=9.400952397393637e-05 -0.0016428019882225825 0.0033221694012319568 -0.0022821510459188556 0.00040852673464440828 0.011315381129593556 -0.00086466234582737898 -0.00099607098646046122 0.0034532297886179244 -0.0039665261626500451 0.01016279148848572 0.00057763414202000355 -0.0042492944385185902 0.00084355623318668684 -0.00022349028889388225 -0.00053962841350354651 -0.0030596035681610821 0.00034875003117262329 -0.0011062916324602223 0.014506836533959847 -0.00067171057160410818 -0.00025761775658385055 -0.00097975122526029745 0.0012089632674593478 0.014453277796405579 -0.0035327210445750719 -4.8381133693865545e-05 -0.00024606948975261446 -0.00038197862852216329 -0.00081658954044435577 0.0094194981284031563
leaf_weight=525 78 148 167 65 119 160 227 68 108 77 130 60 62 77 132 161 149 201 130 100 1856 160 82 73 142 859 104 131 81 287
leaf_count=525 78 148 167 65 119 160 227 68 108 77 130 60 62 77 132 161 149 201 130 100 1856 160 82 73 142 859 104 131 81 287
internal_value=-0.00271193 -0.0025647 -0.00276316 -0.00249882 -0.00293576 -0.00257073 -0.0096633 -0.00289342 -0.00955335 -0.00235341 -0.00450847 -0.0025847 -0.00290262 0.00704403 -0.00265748 -0.0102851 -0.00226736 -0.00173477 -0.00233393 0.00685106 -0.00291667 -0.00235142 -0.00833795 0.00863436 -0.012043 -0.00183268 0.000477164 0.00154072 0.00631944 0.0105094
internal_weight=6719 6641 6493 6326 5801 5509 292 5390 398 4992 290 4924 4770 154 4710 223 4487 4131 3909 230 3679 3478 356 222 274 3318 1462 1358 499 368
internal_count=6719 6641 6493 6326 5801 5509 292 5390 398 4992 290 4924 4770 154 4710 223 4487 4131 3909 230 3679 3478 356 222 274 3318 1462 1358 499 368
is_linear=0
shrinkage=0.035


Tree=143
num_leaves=31
num_cat=0
split_feature=258 81 213 281 193 255 271 145 150 232 177 136 252 172 56 224 132 221 145 79 207 7 38 35 38 255 152 224 249 260
split_gain=9.68505 9.50559 12.3889 18.3034 14.4083 11.2705 11.128 15.8147 14.3199 14.7882 10.5085 10.4495 10.2455 9.89561 17.3248 9.7438 20.4542 11.5661 10.337 18.859 12.3264 13.3603 9.74455 10.9113 19.6531 13.0161 14.1632 12.2843 9.99998 9.87621
threshold=0.051449999213218696 33.982749938964851 9.0736038418301046 1.0000000180025095e-35 -0.41216704306709923 -0.98847975555704604 13.7607044524563 0.017790977107956463 0.018349997699260715 3.8973380162615761 0.010142081577160216 40.052648544311531 0.33302067465657009 0.32538926986622035 9.8290513557519006 0.99999999999276679 0.33415000140666967 162.17387845359426 0.010371665237217611 0.0114614559988828 0.012778989126654991 -86.728955492930922 85.000000000000014 0.062828975594847805 1071.0000000000002 -0.59865963579930337 -0.083333333332465273 0.24705149564585269 -0.34141916145091761 -0.46440349917261964
decision_type=2 2 2 2 2 2 2 2 2 2 2 2 2 2 2 2 2 2 2 2 2 2 2 2 2 2 2 2 2 2
left_child=1 2 -1 4 12 11 7 -6 -9 10 -10 13 -4 14 -3 17 -17 18 19 -7 21 -21 -20 25 -25 26 -24 -26 -27 -30
right_child=-2 5 3 -5 6 15 -8 8 9 -11 -12 -13 -14 -15 -16 16 -18 -19 22 20 -22 -23 23 24 27 28 -28 -29 29 -31
leaf_value=-0.001684199734412372 -0.00063228335428922315 0.0010760238444821476 -0.0019753446448664406 0.013089186388626186 0.00053448712963584616 0.011280778645503635 -0.0015169640842420241 0.0083138326350315171 -0.00034709131666044396 -0.0010972525605104423 0.0008402705045737175 -0.0015000178633005675 -0.0006389091652128343 -0.00032527032756971003 -0.00018601146889459826 0.012119425469774065 -0.00023760530616846577 -0.00096146138278810757 -0.00035826099409127458 -0.0015166665260189034 -0.0030862867101678414 0.006979265228168466 5.5771496767234036e-05 0.0011963594047538558 0.0018134921367141859 -0.0012082148498990569 -0.0011896130225198538 -0.00054131081574648266 -0.0020446599155389345 -0.00010160615128499751
leaf_weight=158 131 185 100 71 117 78 77 73 71 219 61 67 89 106 110 67 105 80 88 101 71 120 109 121 109 221 358 137 193 3126
leaf_count=158 131 185 100 71 117 78 77 73 71 219 61 67 89 106 110 67 105 80 88 101 71 120 109 121 109 221 358 137 193 3126
internal_value=-0.00283685 -0.00264371 -0.00571566 -0.00404304 -0.00556034 -0.00206586 -0.00292135 -0.00108974 -0.00424242 -0.00717697 0.0020438 0.00310782 -0.0138918 0.00525862 0.00851667 -0.0025447 0.00553672 -0.00283303 -0.00260492 0.00298667 -0.00117845 0.00294248 -0.00307141 -0.00282941 0.00291667 -0.00335867 -0.00882415 -0.00278884 -0.00262623 -0.00213748
internal_weight=6719 6588 1036 878 807 5552 618 541 424 351 132 468 189 401 295 5084 172 4912 4832 370 292 221 4462 4374 367 4007 467 246 3540 3319
internal_count=6719 6588 1036 878 807 5552 618 541 424 351 132 468 189 401 295 5084 172 4912 4832 370 292 221 4462 4374 367 4007 467 246 3540 3319
is_linear=0
shrinkage=0.035


Tree=144
num_leaves=31
num_cat=0
split_feature=222 271 83 93 100 27 202 86 232 17 149 232 162 15 148 230 115 238 251 186 205 137 267 267 255 264 27 27 150 71
split_gain=10.0807 15.8647 11.3187 10.2365 10.7769 14.0694 11.9434 10.9594 11.9573 10.2299 10.317 11.3513 14.0094 11.4081 13.9104 18.6101 11.8527 13.7669 11.0654 16.0341 12.5753 10.857 10.6114 11.5707 13.5346 10.5577 9.90878 16.6125 17.8488 15.7914
threshold=2.0720519956014729 1.7986095876471107 33.500000000000007 3357.0000000000005 9.5450894135002731 2591.5000000000005 0.76470588231920422 1.0246220447662771 13.919095864532995 51.603926743202251 47.500000000000007 0.67176233146837305 0.093475177304553861 -2.1510529268153884 411.00000000000006 -8.541250429544565 1909.5000000000002 -2.2257186068458386 0.12823278704499066 0.14183373781233025 0.021463166954359469 390.50000000000006 -7.718874908007602 -3.7833801296471843 -0.98847975555704604 -2.0915337323257339 1850.0000000000002 1990.5000000000002 0.042499992996454246 1165.5000000000002
decision_type=2 2 2 2 2 2 2 2 2 2 2 2 2 2 2 2 2 2 2 2 2 2 2 2 2 2 2 2 2 2
left_child=1 -1 -3 4 5 -4 7 8 -6 10 11 12 -2 14 15 -13 21 -18 20 -20 -16 -17 -15 -24 -25 -23 -26 -28 29 -29
right_child=9 2 3 -5 6 -7 -8 -9 -10 -11 -12 13 -14 22 18 16 17 -19 19 -21 -22 25 23 24 26 -27 27 28 -30 -31
leaf_value=-0.00041832934876735815 0.00056596098466441403 -0.00038142286126787247 -0.00068890270909299225 -0.00056166483494101338 0.0002007100290395242 0.0001227656763686333 0.0013130232313563024 0.00066084721084456153 -0.0012854233919020277 -0.0016194405069614988 -0.0010974015543813844 -0.00093361866216576665 -7.0520332816126352e-05 -0.0023137467113821413 -0.0011179624785273563 2.5886075611067374e-05 -0.001018602250995338 0.00017228279574238366 -0.00077140536171364999 0.0068668511511014779 0.0055280286420515429 0.0061189428813547423 0.00012558342416851527 0.00010899680679081204 -0.00061022907252089337 0.00015304386561294461 0.0088261286882167743 0.007371955432152035 -0.00070781001930894216 -0.00011804003608705649
leaf_weight=142 94 60 63 60 97 78 87 144 80 68 405 129 153 88 467 99 77 72 270 124 69 181 298 272 1659 63 75 90 557 598
leaf_count=142 94 60 63 60 97 78 87 144 80 68 405 129 153 88 467 99 77 72 270 124 69 181 298 272 1659 63 75 90 557 598
internal_value=-0.00275357 0.000900735 0.00316766 0.00461726 0.00612816 -0.00215753 0.00898305 0.00569018 -0.000192308 -0.00325554 -0.00308982 -0.0026829 0.00458333 -0.00303293 -0.000517352 0.00352236 0.00661972 -0.00159091 -0.00321925 0.00122807 -0.0064695 0.010158 -0.00410351 -0.0037915 -0.0043965 0.0140562 -0.00507875 -0.0028 -0.00378 0
internal_weight=6719 811 669 609 549 141 408 321 177 5908 5840 5435 247 5188 1551 621 492 149 930 394 536 343 3637 3549 3251 244 2979 1320 1245 688
internal_count=6719 811 669 609 549 141 408 321 177 5908 5840 5435 247 5188 1551 621 492 149 930 394 536 343 3637 3549 3251 244 2979 1320 1245 688
is_linear=0
shrinkage=0.035


Tree=145
num_leaves=31
num_cat=0
split_feature=129 247 17 193 173 209 253 8 247 189 179 135 102 254 134 263 205 251 147 185 49 260 22 209 142 12 93 211 93 213
split_gain=10.2192 14.914 12.0635 11.9001 14.5634 12.8432 12.0226 14.2157 10.2891 12.4097 11.2183 12.0971 9.85487 15.1019 9.77469 9.81446 11.5285 12.0513 10.9563 10.3834 8.70925 8.70325 13.8181 9.41472 13.2851 10.4648 10.0575 23.5753 19.317 20.3058
threshold=6417.5000000000009 636.97998046875011 16.228558570512423 -0.10230828941440438 0.70830475994068087 10.640627259502795 -0.18022847839804787 -68.146402978675667 642.89501953125011 14.573912122875941 14.380379730068713 -1.1005250470832246 -2.1358873044432252 2.3579508451987423 0.0069484391758867252 0.18620862753337966 0.018229262836306003 1.0406671972318373 25.575400352478031 0.016221009389761971 5859.5000000000009 0.8938641620888087 0.18464999645948413 7.0987880086220274 0.80325001478195202 18.611600832033648 269.50000000000006 -0.52169362065660574 648.50000000000011 9.4383917637884966
decision_type=2 2 2 2 2 2 2 2 2 2 2 2 2 2 2 2 2 2 2 2 2 2 2 2 2 2 2 2 2 2
left_child=1 2 12 5 6 -4 7 -5 -2 10 -10 -12 14 -14 -1 20 17 -17 -18 -20 21 23 -23 24 -16 26 27 -25 29 -28
right_child=8 -3 3 4 -6 -7 -8 -9 9 -11 11 -13 13 -15 15 16 18 -19 19 -21 -22 22 -24 25 -26 -27 28 -29 -30 -31
leaf_value=-0.0024139624530234703 -0.0014758572288809126 0.00042752183961776051 -0.00063290316602289734 -0.0017947735422076112 -1.4885915368039184e-05 0.0013004513572798251 -0.0022271213183838886 0.00019492883548955122 -0.00076586647676154423 -0.0019280079132504169 -0.00066065523758256344 0.010498943054188487 -0.0020808201197015197 0.0001686880675275382 0.0071072926096959824 -0.0010948199659509743 -0.00065725185433017092 0.00026062393877250789 -0.00042384755347251883 0.0027466590058989478 -0.00051880948959459334 0.0032809736509280731 -0.00020216921792420159 -0.00011508550279380582 -0.000599597242144714 0.014820757067140745 -0.00020698714526135338 -0.0023770609435902271 -0.00011103759025596684 0.0081366783828755278
leaf_weight=92 80 197 273 61 131 89 191 109 141 134 77 78 109 71 103 496 75 105 60 134 153 91 60 355 74 80 190 90 2569 251
leaf_count=92 80 197 273 61 131 89 191 109 141 134 77 78 109 71 103 496 75 105 60 134 153 91 60 355 74 80 190 90 2569 251
internal_value=-0.00300342 -0.00260782 -0.00292006 -0.00676368 -0.0102817 -0.00190736 -0.0138661 -0.0068 -0.00774757 -0.00547126 -0.00139535 0.00503125 -0.00227775 -0.0102162 -0.00198073 -0.00176038 -0.00512 -0.00779703 0.000894161 0.00527638 -0.00102711 -0.000696743 0.00740385 -0.00103578 0.00673077 -0.00143362 -0.00172977 -0.00661111 -0.000998342 0.0057287
internal_weight=6719 6209 6012 854 492 362 361 170 510 430 296 155 5158 180 4978 4886 870 601 269 194 4016 3863 151 3712 177 3535 3455 445 3010 441
internal_count=6719 6209 6012 854 492 362 361 170 510 430 296 155 5158 180 4978 4886 870 601 269 194 4016 3863 151 3712 177 3535 3455 445 3010 441
is_linear=0
shrinkage=0.035


Tree=146
num_leaves=31
num_cat=0
split_feature=103 150 37 190 270 39 213 12 169 214 16 165 37 127 129 35 247 68 30 190 257 149 189 115 270 261 35 123 64 188
split_gain=10.4627 13.536 15.2645 14.1213 13.5706 18.0039 11.4351 11.0734 10.7474 12.974 12.67 9.21111 8.28584 9.16328 8.10724 12.1417 11.3846 11.2464 10.0664 14.6901 9.45296 8.8468 12.0551 8.49515 16.4616 16.9512 15.4401 12.0312 11.9961 11.9502
threshold=36.156949996948249 0.039500001817941673 20.167849540710453 -0.015000011771917341 127.03058421891824 121.50000000000001 10.074832386672822 11.239129257174241 10.747723431301493 0.093099996447563185 -4.0884903078375325 0.040400530800303779 18.956549644470218 30.500000000000004 6417.5000000000009 0.062828975594847805 637.14501953125011 0.036867150471424574 6222.5000000000009 -0.010100003331899641 5.1712176504911627 16.500000000000004 14.573912122875941 1800.5000000000002 72.514744594327709 531.64501953125011 0.049793341138487934 0.011857761420744446 9.8624540437097803 0.012349978089332582
decision_type=2 2 2 2 2 2 2 2 2 2 2 2 2 2 2 2 2 2 2 2 2 2 2 2 2 2 2 2 2 2
left_child=1 2 4 -4 5 11 7 12 10 14 -2 -1 -3 -14 15 16 23 21 20 -20 -17 -16 -23 -10 25 28 27 -27 -25 -26
right_child=8 6 3 -5 -6 -7 -8 -9 9 -11 -12 -13 13 -15 17 18 -18 -19 19 -21 -22 22 -24 24 29 26 -28 -29 -30 -31
leaf_value=0.012314369667600703 0.0090992321642362449 -0.0013156892160909313 -0.0027138105331261965 -0.00019638344181050374 -0.00094288330153311319 -0.00045423319967771719 0.00050624725364844028 -0.0036523263998102951 -0.00016155003454509432 -0.001648917582894245 -0.00017183467762889594 1.4850817283090791e-05 0.00024766448646473875 -0.0011201665967926211 -0.0021322492942409464 0.0001438977501632205 0.00070581275541072963 0.00011328726110312827 -0.00098438490858183503 0.00026466714951031201 0.016109669158774632 0.00024546809976561226 -0.0020438163238038643 0.0074765904460917304 -0.00018239414708226821 0.00014555139204423752 4.3983573157537208e-05 -0.00062934540832832874 -3.710570632828425e-05 -0.0016496876383693922
leaf_weight=112 68 106 87 119 66 149 62 66 3365 122 92 61 71 73 179 93 144 133 64 89 76 97 64 66 121 93 110 394 271 106
leaf_count=112 68 106 87 119 66 149 62 66 3365 122 92 61 71 73 179 93 144 133 64 89 76 97 64 66 121 93 110 394 271 106
internal_value=-0.00302424 -0.00637666 -0.0030384 -0.0106161 0.0010687 0.00406728 -0.0115144 -0.0141745 -0.00245219 -0.00271012 0.00636364 0.0116011 -0.0104314 -0.00469799 -0.00245064 -0.00203122 -0.00248556 -0.00680962 0.00449541 -0.00199367 0.0102586 -0.0101449 -0.00400602 -0.00279629 -0.00537307 -0.00328009 -0.00680233 -0.00946138 0.00296784 -0.0137284
internal_weight=6719 972 594 206 388 322 378 316 5747 5587 160 173 250 144 5465 4992 4670 473 322 153 169 340 161 4526 1161 934 597 487 337 227
internal_count=6719 972 594 206 388 322 378 316 5747 5587 160 173 250 144 5465 4992 4670 473 322 153 169 340 161 4526 1161 934 597 487 337 227
is_linear=0
shrinkage=0.035


Tree=147
num_leaves=31
num_cat=0
split_feature=125 127 27 272 256 14 71 127 80 9 261 54 60 30 99 151 263 263 169 38 114 37 260 202 60 38 148 49 103 152
split_gain=9.97354 14.4883 16.3651 13.9297 21.1639 13.2865 13.2069 12.4214 10.8102 10.7241 10.2603 10.2121 9.77505 9.62703 12.3185 10.3198 10.5902 11.0421 14.2246 10.7253 9.94339 10.1596 9.35912 13.3251 11.273 14.1039 13.1075 11.6847 11.1628 8.88431
threshold=35.407199859619148 117.50000000000001 1628.0000000000002 0.011300005018711092 82.608157144414136 0.033663272037687271 1119.0000000000002 5.5000000000000009 -8.5084910206289539 25.751205569470699 554.32501220703136 0.25695000588893896 1100.5000000000002 5172.5000000000009 0.52970001101493847 0.52532500028610241 0.28753799113545592 -0.38105055273129901 12.633045075899011 107.50000000000001 39.963500976562507 28.114999771118168 0.87730151061660999 0.46666666665370377 379.50000000000006 311.50000000000006 52.500000000000007 3156.5000000000005 40.010000228881843 -0.033762145144385074
decision_type=2 2 2 2 2 2 2 2 2 2 2 2 2 2 2 2 2 2 2 2 2 2 2 2 2 2 2 2 2 2
left_child=1 2 3 4 -1 9 7 -5 10 -4 -2 -11 -7 -10 15 16 17 18 -15 -19 -18 -22 24 -24 25 -21 -26 -27 -28 -30
right_child=8 -3 5 6 -6 12 -8 -9 13 11 -12 -13 -14 14 -16 -17 20 19 -20 22 21 -23 23 -25 26 27 28 -29 29 -31
leaf_value=0.0076423910567836309 0.0026351323602905783 -0.0016425491477440378 0.0039989247742460996 -0.0018857218836397834 -0.0027579127529994349 2.4369025886394336e-05 -0.00079106394603013861 -0.00016520905860696047 0.009516207376815293 -8.2716655907058578e-05 -0.00063180401747875707 -0.001776732825412571 0.0093595893992293958 0.00025302178067343473 -0.0037449091467191783 0.0072296510577123212 0.00010195556876717749 -0.000332695229904558 -0.0013938790124684401 6.0582363023336256e-05 -0.0015664843294820542 -0.00070128113717858771 0.0025438932377912127 -0.00010857990958687004 0.00521746581849954 -0.00071991430599651187 -0.0010465986409832384 -5.4017627900821433e-05 8.9588118168750796e-05 -0.00018762887875603098
leaf_weight=96 90 197 85 67 74 102 196 279 80 147 79 63 71 101 62 61 73 103 262 90 109 311 82 69 87 123 140 73 926 2421
leaf_count=96 90 197 85 67 74 102 196 279 80 147 79 63 71 101 62 61 73 103 262 90 109 311 82 69 87 123 140 73 926 2421
internal_value=-0.00304506 -0.00569826 -0.00419409 -0.00751743 0.0012 0.000887949 -0.0102377 -0.00598291 -0.00235646 -0.00361667 0.00623563 -0.00781395 0.00845506 -0.00264291 -0.00283543 -0.00263403 -0.00281407 -0.00227242 -0.00808424 -0.00175042 -0.00766064 -0.00971765 -0.00145543 0.00695513 -0.00179301 -0.00841924 -0.00125175 -0.0135821 -0.00159364 -0.00117989
internal_weight=6719 1377 1180 712 170 468 542 346 5342 295 169 210 173 5173 5093 5031 4970 4477 363 4114 493 420 4011 151 3860 286 3574 196 3487 3347
internal_count=6719 1377 1180 712 170 468 542 346 5342 295 169 210 173 5173 5093 5031 4970 4477 363 4114 493 420 4011 151 3860 286 3574 196 3487 3347
is_linear=0
shrinkage=0.035


Tree=148
num_leaves=31
num_cat=0
split_feature=26 150 193 86 149 10 157 164 269 274 183 72 6 221 155 169 104 92 160 222 60 11 144 267 174 87 223 54 184 218
split_gain=13.3788 13.0324 16.8858 13.4588 13.0968 11.7184 10.6434 11.8991 8.53051 14.2344 22.21 12.4043 11.8841 13.7427 11.8455 11.5057 11.3046 14.1925 13.8726 18.7783 11.3238 11.116 16.2542 10.5033 9.92927 12.2295 10.6129 16.4656 16.036 15.6758
threshold=19.968999862670902 0.040700007230043418 0.91117783938675667 0.43825924045282078 13.500000000000002 56.285764419792642 -0.063695172987739593 -1.0000000180025095e-35 4.4171968778039536 0.34173217478744994 0.42537046638166293 294.50000000000006 35.156611501487156 182.26688261905181 0.047260535515629282 10.747723431301493 569.50000000000011 43.065198898315437 0.034300003200769431 10.097194196414785 769.50000000000011 74.415336921242229 43.227621519500069 -0.67894357851927534 -0.2204981447031327 0.45374999940395361 15.442717969083736 0.26015000045299536 0.021406707225625068 3.1426737689931419
decision_type=2 2 2 2 2 2 2 2 2 2 2 2 2 2 2 2 2 2 2 2 2 2 2 2 2 2 2 2 2 2
left_child=1 2 3 6 -3 -5 -1 -8 12 16 -11 14 13 15 21 23 20 -18 19 -19 -10 -12 -23 -2 -17 -26 29 -28 -29 -27
right_child=8 4 -4 5 -6 -7 7 -9 9 10 11 -13 -14 -15 -16 24 17 18 -20 -21 -22 22 -24 -25 25 26 27 28 -30 -31
leaf_value=-0.0010440554543364494 0.0058477995688838279 -0.0016952611760883915 -0.0011546636125307247 -0.0013646377227821002 -0.00014082773397569139 0.00038413447627244971 0.0076069024432798968 -0.0002056091622092521 -3.7502937279733923e-05 -0.00074221671653855687 0.001300124357112573 -0.00077812680037784698 0.007410336145071258 -0.0012269634444150137 0.00033587132767188475 -0.00062672485852182497 0.0078509117213379515 0.00021669246136538369 0.0016179610342890566 -0.0022666929743423124 0.0089994282152914794 -0.0016463961497723489 0.0012568426096632914 -0.00012121523072394059 0.00027594413024714719 0.00013030336004042381 -0.0007797192274283522 -0.00029472860869066673 0.00040838175787023036 -0.00025517858748208143
leaf_weight=60 65 171 69 117 97 80 94 68 64 127 60 78 62 161 84 113 111 125 116 188 93 68 67 60 193 250 942 182 137 2617
leaf_count=60 65 171 69 117 97 80 94 68 64 127 60 78 62 161 84 113 111 125 116 188 93 68 67 60 193 250 942 182 137 2617
internal_value=-0.00307629 -0.00745072 -0.00397566 -0.00123821 -0.0135897 -0.00779703 0.00462555 0.00922156 -0.00251592 0.000147555 -0.00443763 9.66851e-05 -0.00317318 -0.00337778 0.00357394 -0.0030138 0.00334046 0.000899083 -0.00201613 -0.00583333 0.0114506 -0.001225 -0.00675 0.00726923 -0.00331156 -0.00303398 -0.00343818 -0.00610979 0.000756173 -0.00225453
internal_weight=6719 756 488 419 268 197 222 162 5963 1181 484 357 4782 4720 279 4559 697 540 429 313 157 195 135 125 4434 4321 4128 1261 319 2867
internal_count=6719 756 488 419 268 197 222 162 5963 1181 484 357 4782 4720 279 4559 697 540 429 313 157 195 135 125 4434 4321 4128 1261 319 2867
is_linear=0
shrinkage=0.035


Tree=149
num_leaves=31
num_cat=0
split_feature=114 43 83 192 213 281 82 260 24 271 253 86 230 27 183 218 202 200 57 60 76 163 224 48 273 163 109 259 27 224
split_gain=17.1285 12.059 11.1465 16.0265 11.0414 18.5663 10.5052 17.4549 15.0834 10.7885 10.4869 9.58407 8.91718 8.49702 10.0166 11.1409 12.7369 13.0846 11.5843 10.4099 9.76753 9.70352 12.1973 12.8935 16.3124 12.8822 11.7221 13.133 11.6038 11.5883
threshold=34.00525093078614 0.2791499942541123 81.500000000000014 -0.33333333324999992 9.0736038418301046 1.0000000180025095e-35 595.50000000000011 0.39614281639475019 0.042109989307850405 7.0014551819492796 -0.31403419896991464 1.821652522689954 -3.2535326142069105 7727.5000000000009 0.94747801444070079 2.9054378573775641 0.76470588231920422 -0.0018500015139579771 0.056349185540142059 82.500000000000014 0.33595000207424169 0.50153127190565583 -0.60760989970571377 46.715999603271491 0.36156246281896021 0.5390089190840005 0.67785000801086437 0.17069757342892183 4481.0000000000009 0.32846307181509166
decision_type=2 2 2 2 2 2 2 2 2 2 2 2 2 2 2 2 2 2 2 2 2 2 2 2 2 2 2 2 2 2
left_child=4 13 -3 -4 -1 6 7 -6 9 -8 -5 -9 -12 14 15 16 17 20 19 -17 -2 26 -23 24 25 -24 28 -28 -21 -27
right_child=1 2 3 10 5 -7 8 11 -10 -11 12 -13 -14 -15 -16 18 -18 -19 -20 21 -22 22 23 -25 -26 29 27 -29 -30 -31
leaf_value=-0.0017950038753275037 -0.0001491005483173824 0.00051272140972887295 0.004795950123628291 0.00020005800592229008 0.010020090143675889 0.01197186824540036 0.00041986886002885916 -0.00031443554394223919 -0.0014060656966065099 -0.0011771026201201418 5.1365249764588623e-05 0.00011163640709184423 -0.0012068406050761526 0.0029161084562392831 -0.00032265345945575123 0.010803641917465785 0.00031252217612433492 -0.0005776041930785331 -0.0010016501824239308 -0.00023887568238581253 0.00015203640260215426 -0.0016358572440039194 -0.00069743705249196409 -0.002321721426823535 -0.0011102751717264915 0.010690002807585084 0.0062553971446878583 -0.0011886628690033387 -0.00096565514824707135 -7.706255367416232e-05
leaf_weight=162 83 129 104 105 95 72 106 167 322 85 100 62 156 124 151 67 116 70 174 2802 158 164 62 63 75 78 148 114 112 493
leaf_count=162 83 129 104 105 95 72 106 167 322 85 100 62 156 124 151 67 116 70 174 2802 158 164 62 63 75 78 148 114 112 493
internal_value=-0.00313876 -0.00236512 0.00233723 -0.000223404 -0.00718866 -0.0056291 -0.00710808 -0.00212766 -0.0102027 -0.00232143 -0.00372951 -0.00732906 -0.00750958 -0.00291955 -0.00314894 -0.00286058 0.00251157 -0.00121835 -0.00338995 -0.00301219 0.00270325 -0.0032398 -0.00636702 -0.00446521 -0.00304348 -0.00115204 -0.00231059 0.0047191 -0.00294964 0.000546875
internal_weight=6719 5648 594 465 1071 909 837 324 513 191 361 229 256 5054 4930 4779 427 311 4352 4178 241 4111 935 771 708 633 3176 262 2914 571
internal_count=6719 5648 594 465 1071 909 837 324 513 191 361 229 256 5054 4930 4779 427 311 4352 4178 241 4111 935 771 708 633 3176 262 2914 571
is_linear=0
shrinkage=0.035


Tree=150
num_leaves=31
num_cat=0
split_feature=125 43 115 274 195 79 43 263 263 132 259 60 271 271 225 119 60 273 33 54 19 247 215 148 137 66 107 155 190 170
split_gain=13.9568 9.52559 13.1011 12.9616 11.2898 16.9204 9.83127 10.4641 10.609 18.4017 9.91367 9.69973 9.62632 11.6331 10.4115 10.4301 9.60552 12.4475 13.3663 11.7653 10.7079 25.1773 16.3837 13.4773 11.9767 10.649 11.8832 10.6246 11.8953 10.7017
threshold=35.407199859619148 0.27564999461174017 2901.0000000000005 0.16033169195572436 0.01783106221137273 0.019324104232049128 0.27144999802112585 0.28753799113545592 -0.25294318220681061 0.26475000381469732 -0.23948102980549188 535.00000000000011 9.1183978346078938 1.8466712090494994 0.082092148977385107 17.980181883412442 1744.5000000000002 -0.11635316983294769 0.43885000050067907 0.23914999514818194 6132.5000000000009 602.36499023437511 -0.03655001521110534 1199.0000000000002 1559.0000000000002 0.30394999682903295 5777.5000000000009 0.038716788979341325 -0.0096999965608119947 0.021800003945827488
decision_type=2 2 2 2 2 2 2 2 2 2 2 2 2 2 2 2 2 2 2 2 2 2 2 2 2 2 2 2 2 2
left_child=-1 6 3 4 5 -3 7 8 9 -2 -10 -11 13 -9 -15 -16 17 19 25 -12 21 -18 23 -22 -24 26 -19 28 -28 -29
right_child=1 2 -4 -5 -6 -7 -8 12 10 11 16 -13 -14 14 15 -17 20 18 -20 -21 22 -23 24 -25 -26 -27 27 29 -30 -31
leaf_value=-0.00034810763458362762 -0.00083607066995556602 0.0092234557574784794 -0.00065124918583543527 0.00036523465238075931 0.00032302251393904541 -0.0012169621725873531 -0.00090501803183561005 -0.0023063838488388741 -0.00053273369189967478 0.00095759681445390277 0.00053644726917748521 -0.00078309759817104098 -0.0015401503347109904 0.00072662266319267668 7.2912108731137411e-05 -0.0018728585301706943 8.0882350213218332e-05 0.0009226868361178022 0.0010098831059661183 -4.750369264718918e-05 -0.0002133529571632048 0.018269486768968848 0.0073981043710668361 -0.0029267151225014433 -0.00055719051296298811 -0.0019242485799178168 -0.0014576396118914563 1.7450823160068965e-05 -0.00019771714958772782 -0.0004435982607952777
leaf_weight=1377 306 63 143 258 80 160 201 61 374 89 145 233 183 114 61 66 309 140 158 322 145 92 124 68 81 117 307 515 266 161
leaf_count=1377 306 63 143 258 80 160 201 61 374 89 145 233 183 114 61 66 309 140 158 322 145 92 124 68 81 117 307 515 266 161
internal_value=-0.00311794 -0.0023041 0.00148096 0.00389576 -0.00102273 -0.00506579 -0.0028796 -0.00252927 -0.00192823 -0.00608215 -0.00113548 -0.000214067 -0.00735714 -0.0034202 0.000142276 -0.00662879 -0.000450085 -0.00168773 -0.00310365 0.00333686 0.00276092 0.00681034 -0.00115839 -0.00786697 0.00583333 -0.0041231 -0.00323888 -0.00432616 -0.00781142 -0.00133627
internal_weight=6719 5342 704 561 303 223 4638 4437 3952 628 3324 322 485 302 241 127 2950 2131 1664 467 819 401 418 213 205 1506 1389 1249 573 676
internal_count=6719 5342 704 561 303 223 4638 4437 3952 628 3324 322 485 302 241 127 2950 2131 1664 467 819 401 418 213 205 1506 1389 1249 573 676
is_linear=0
shrinkage=0.035


Tree=151
num_leaves=31
num_cat=0
split_feature=114 43 179 253 160 265 213 281 192 199 271 42 211 13 270 213 224 148 232 57 148 218 80 230 212 203 268 169 133 217
split_gain=13.7838 9.66164 14.2305 11.8341 14.0401 10.5984 9.16694 17.7305 9.76866 12.6489 10.4074 9.64864 11.8869 10.3823 13.1406 9.70843 9.23937 8.92069 9.34669 8.6062 9.27244 9.67058 15.3665 15.9347 11.4774 11.2332 16.6276 14.8082 14.74 17.5485
threshold=34.00525093078614 0.2791499942541123 13.761004697121576 -0.14546300530382436 0.024200014770030979 -0.071328451375363131 9.0736038418301046 1.0000000180025095e-35 -0.29411764705305649 13.360421135939015 13.7607044524563 16.618212624319732 0.31766607052034362 54.395590468740899 101.75677809911609 9.9265935266296257 -0.64997354889529391 996.00000000000011 7.0054181720513595 0.057697632894413826 3953.5000000000005 5.5595579401819117 -3.8073262244195085 -2.5612490045207044 6.6153953926682894 0.81500048438641171 -1.6136583657749834 14.460220870541002 21.488799426620911 25.762789854714814
decision_type=2 2 2 2 2 2 2 2 2 2 2 2 2 2 2 2 2 2 2 2 2 2 2 2 2 2 2 2 2 2
left_child=6 19 5 4 -4 -3 -1 8 9 16 11 12 -10 -13 -15 -14 -8 18 -5 20 21 22 23 -2 -25 28 27 -27 -23 -30
right_child=1 2 3 17 -6 -7 7 -9 10 -11 -12 13 15 14 -16 -17 -18 -19 -20 -21 -22 25 -24 24 -26 26 -28 -29 29 -31
leaf_value=-0.0017199949724806156 -0.00026752363940472202 0.0024278408734818117 0.0083097833649561324 -0.00053754872134502538 -0.00016681363404747159 8.5444268109565748e-05 -0.0023467657995596492 0.011565036624021776 -0.0017927016167134659 -0.0014964052176824111 -0.0018224592334426027 0.0040576551699266104 0.00021591574704420998 -0.00055998712851622009 0.00072840904314357114 -0.00011041135460479094 -0.00012522504569253024 -0.0034124229357614987 0.00050259488130247499 -0.00080564099338915212 -0.0019403648956475108 0.0068913435748169877 0.0020278952168276162 -0.00021884590195560386 0.00014272819496853774 0.00056093484080906812 -0.00080585583258309509 -0.00087676301352090935 -0.00069622669550936775 -0.00013035761653093893
leaf_weight=162 350 96 64 109 78 116 69 72 77 60 74 107 68 111 74 70 127 62 69 168 121 89 84 66 278 165 487 68 501 2677
leaf_count=162 350 96 64 109 78 116 69 72 77 60 74 107 68 111 74 70 127 62 69 168 121 89 84 66 278 165 487 68 501 2677
internal_value=-0.00303465 -0.00234035 0.00186978 -0.00217054 0.00571429 0.00903226 -0.00666822 -0.00524617 -0.0066924 -0.0123372 -0.00412116 -0.00225586 -0.00779545 0.00188552 -0.00313158 -0.00146853 -0.00766169 -0.00685714 -0.0026776 -0.00283653 -0.00256185 -0.00231132 0.0012516 -0.000500715 0.00481375 -0.00300726 -0.00695172 0.000735294 -0.00212867 -0.00252906
internal_weight=6719 5648 594 382 142 212 1071 909 837 256 581 507 215 292 185 138 196 240 178 5054 4886 4765 778 694 344 3987 720 233 3267 3178
internal_count=6719 5648 594 382 142 212 1071 909 837 256 581 507 215 292 185 138 196 240 178 5054 4886 4765 778 694 344 3987 720 233 3267 3178
is_linear=0
shrinkage=0.035


Tree=152
num_leaves=31
num_cat=0
split_feature=92 125 26 159 126 60 38 104 137 115 148 214 63 93 214 19 31 270 160 52 48 137 112 222 223 82 211 55 138 109
split_gain=11.6025 9.5302 11.1341 10.0658 14.9378 12.721 10.7422 10.2355 10.1924 12.3859 9.27742 9.229 8.68757 9.96416 9.36979 9.00944 17.6758 15.8806 15.593 15.9438 14.9828 15.9426 17.1711 14.9566 14.3391 14.3006 23.4745 14.2126 16.9737 11.9231
threshold=36.26305007934571 33.265951156616218 20.317049980163578 11.38667752040473 848.00000000000011 970.50000000000011 1589.5000000000002 1795.5000000000002 758.50000000000011 1010.0000000000001 3953.5000000000005 0.021599985659122471 5227.5000000000009 22.500000000000004 0.093099996447563185 6207.5000000000009 -29.975865256305351 32.253334793273375 0.044100008904933936 6212.5000000000009 37.866350173950202 3010.5000000000005 0.011352938912148789 3.167595967197085 12.002513346902722 976.00000000000011 0.18057862210280198 0.16334999352693561 3.5000000000000004 0.63945001363754284
decision_type=2 2 2 2 2 2 2 2 2 2 2 2 2 2 2 2 2 2 2 2 2 2 2 2 2 2 2 2 2 2
left_child=1 3 -3 -1 5 8 -6 -8 -5 -10 12 -11 -2 -14 15 16 17 -15 19 -17 23 22 29 -21 -18 -25 -27 28 -24 -22
right_child=10 2 -4 4 6 -7 7 -9 9 11 -12 -13 13 14 -16 18 24 -19 -20 20 21 -23 27 25 -26 26 -28 -29 -30 -31
leaf_value=-0.0017831719118423363 0.0097832591232822584 -0.0021343185486268849 -0.00010598185026034935 -0.0011487588493941494 -0.0010261863820616708 0.0013406715012785804 0.0013305126179130532 -0.002511230775705892 0.00055572681357135675 0.00022723073324251112 -0.0018307196162864387 -0.00096883658975459124 -0.0016548071844620961 -0.00069252640563393709 -0.0013128241530317663 -0.0011845620154332555 0.019496956732842678 -6.4521402387340558e-05 -0.002394681447555216 7.4389337077949153e-05 0.00032574998028439995 -0.00055098729728976503 -0.0012781218494031688 -0.0013261351917247283 -4.4440949587249153e-05 -0.0015902671511482981 0.007531053693373738 0.007950377685522236 0.00014601304187522148 -0.00088893909129720205
leaf_weight=63 64 80 65 101 188 119 90 65 69 63 128 96 65 77 132 157 62 3353 99 145 103 82 64 164 66 181 70 195 313 200
leaf_count=63 64 80 65 101 188 119 90 65 69 63 128 96 65 77 132 157 62 3353 99 145 103 82 64 164 66 181 70 195 313 200
internal_value=-0.00304506 -0.00651892 -0.0147 -0.00505239 -0.00391332 0.000309051 -0.00935345 -0.00240625 -0.0032485 0.000901288 -0.00243319 -0.00448171 -0.00221369 -0.00236581 -0.0021955 -0.00196121 -0.000943026 -0.00142649 -0.00399606 -0.00316855 -0.00204665 0.000618503 0.00202841 -0.00656637 0.0115789 -0.00991667 -0.00451172 0.00558059 0.00155759 -0.00465909
internal_weight=6719 999 145 854 791 448 343 155 329 228 5720 159 5592 5528 5463 5331 3558 3430 1773 1674 1517 957 875 560 128 415 251 572 377 303
internal_count=6719 999 145 854 791 448 343 155 329 228 5720 159 5592 5528 5463 5331 3558 3430 1773 1674 1517 957 875 560 128 415 251 572 377 303
is_linear=0
shrinkage=0.035


Tree=153
num_leaves=31
num_cat=0
split_feature=26 47 164 213 232 26 93 71 158 116 157 263 256 137 120 158 101 79 163 271 137 142 93 49 126 11 185 252 7 59
split_gain=10.1744 14.5789 12.2466 20.0673 14.5907 11.052 9.37376 9.97037 8.51869 9.07221 8.47887 12.8627 10.24 10.6074 9.58658 10.5937 9.54087 9.41365 8.9716 9.59133 8.23452 10.2671 8.42707 15.3776 9.46355 12.5307 14.5885 9.91208 17.8705 15.4237
threshold=19.968999862670902 -17.129064818114013 -0.018907641043640507 9.8152572451767792 3.4317573160230768 18.155949592590336 22.500000000000004 82.000000000000014 0.051500000059604652 401.50000000000006 0.056538472764802665 0.14005940039585332 30.586572727397108 1253.5000000000002 0.69214999675750744 0.024750001728534702 0.021314451207686328 0.026144913838264925 -0.76786796016609393 5.6604874195016848 65.500000000000014 0.80325001478195202 269.50000000000006 610.00000000000011 2457.5000000000005 80.018361844906792 0.019336800975043818 0.94217320276146499 -22.72106032811249 40.105201721191413
decision_type=2 2 2 2 2 2 2 2 2 2 2 2 2 2 2 2 2 2 2 2 2 2 2 2 2 2 2 2 2 2
left_child=1 -1 4 5 -3 -4 -2 -8 9 10 14 12 13 -12 15 18 -16 -14 19 -9 21 -20 23 -22 27 26 -26 28 29 -24
right_child=6 2 3 -5 -6 -7 7 8 -10 -11 11 -13 17 -15 16 -17 -18 -19 20 -21 22 -23 24 -25 25 -27 -28 -29 -30 -31
leaf_value=0.00024361582759941549 -0.0017392133997884602 -6.1853544186196152e-05 -0.00040953058692910554 -0.0016367829033261563 -0.0012404584406823756 0.0013166058740552479 0.0018382470734818392 0.0013765731118489969 -0.00031505871942398794 0.0011271378192345975 -0.0019385286968420568 -0.00062211153493675684 0.0072670516708843967 0.00013816531727994409 -0.00054563809950867439 -0.0014538119759787344 -9.1027428370471522e-05 8.2994362512890947e-05 0.0024990861573012902 -0.0015121467281019431 1.6716788741242824e-05 -0.00026606931326591144 9.8177895758496124e-05 -0.0022203478022317924 -0.0028864479451848114 0.01106865850754783 0.0086888731941685143 -0.00028198752457246737 0.00015969682189333285 -0.00077771224713918353
leaf_weight=127 103 101 63 69 298 98 95 60 73 60 61 86 115 100 158 69 117 136 90 139 134 67 767 143 81 65 67 1939 466 772
leaf_count=127 103 101 63 69 298 98 95 60 73 60 61 86 115 100 158 69 117 136 90 139 134 67 767 143 81 65 67 1939 466 772
internal_value=-0.00289932 -0.00671485 -0.00888801 -0.00238298 -0.0125619 0.00442771 -0.00241036 -0.00221995 -0.00240815 -0.00224855 -0.00239666 0.00194831 0.00453237 -0.00231928 -0.00281961 -0.00245374 -0.009125 0.00888672 -0.00224818 -0.00943627 -0.00192668 0.00583333 -0.0022077 -0.00806738 -0.00180802 0.00529817 -0.000457516 -0.00219802 -0.000470149 -0.00228951
internal_weight=6719 756 629 230 399 161 5963 5860 5765 5692 5632 498 412 161 5134 4859 275 251 4790 199 4591 157 4434 277 4157 213 148 3944 2005 1539
internal_count=6719 756 629 230 399 161 5963 5860 5765 5692 5632 498 412 161 5134 4859 275 251 4790 199 4591 157 4434 277 4157 213 148 3944 2005 1539
is_linear=0
shrinkage=0.035


Tree=154
num_leaves=31
num_cat=0
split_feature=92 219 257 13 204 105 150 259 162 255 173 134 269 6 81 145 252 267 213 16 47 16 159 269 102 227 59 5 173 48
split_gain=9.6796 8.77597 12.065 10.566 12.0214 12.4431 16.0298 8.26331 9.91108 8.0404 8.54769 9.47263 8.78634 8.24993 17.0264 12.3962 13.6432 14.6047 12.1293 13.0371 10.9738 10.8042 11.5116 11.0827 10.8449 10.7188 10.1866 15.8939 17.0252 15.8827
threshold=36.26305007934571 7.5571330717229266 13.547644174759521 97.482073102100586 -0.05222425692691765 149.50000000000003 0.018349997699260715 1.0000000180025095e-35 0.16143118749040961 -0.98847975555704604 0.51473727014377046 0.011117311915319986 -1.0860699821635398 -8.9704689305366951 50.655351638793952 0.028169022913073011 1.491178372903246 -2.1363394963969102 10.137115921594797 8.1993730428486806 -7.3485136762669008 3.0406055606535536 13.833514503847002 3.0503827871070093 -3.9021366410402645 0.066746233205461372 40.105201721191413 -17.491602637261057 0.78826017613171817 39.529100418090827
decision_type=2 2 2 2 2 2 2 2 2 2 2 2 2 2 2 2 2 2 2 2 2 2 2 2 2 2 2 2 2 2
left_child=1 2 3 4 -1 6 -6 -8 -9 10 11 -2 -13 26 15 16 17 -15 19 -16 -19 -18 -23 24 -24 -17 29 -28 -29 -11
right_child=9 -3 -4 -5 5 -7 7 8 -10 13 -12 12 -14 14 18 25 21 20 -20 -21 -22 22 23 -25 -26 -27 27 28 -30 -31
leaf_value=0.0035948496460564416 -0.00040728106856268266 -0.00067932695049064968 -0.0014351586121843347 0.00054993262575408271 0.010404706157147441 -0.0010658589986508717 -0.00045181320608827515 0.00029177820287389468 -0.00071204386809161258 -0.00029731477749316313 -0.00020016246845100397 -3.9108312827239596e-05 0.0043650305696372269 -0.00033463383041899028 0.0012293512886597977 -0.00071888720311163697 -0.00033555007918486981 0.00038981986634156366 -0.00044060831688303109 -0.00024276195782295732 -7.0324090406750364e-05 -0.0002873785872447915 -1.6388127111855167e-05 -0.00051029916409361194 0.0043309159179615083 2.5677776396596243e-05 -0.004732543363603404 -0.00040286064077746017 -0.00082217372717355471 0.001801511150389653
leaf_weight=64 103 90 117 95 60 292 104 90 87 1652 115 90 172 132 162 100 105 216 60 63 118 291 64 68 63 66 112 1588 138 242
leaf_count=64 103 90 117 95 60 292 104 90 87 1652 115 90 172 132 162 100 105 216 60 63 118 291 64 68 63 66 112 1588 138 242
internal_value=-0.00285767 -0.00603088 -0.00493982 -0.00333752 -0.00483618 -0.00630878 -0.00171965 -0.00526224 -0.000576923 -0.00229869 0.00202062 0.00463514 0.00812734 -0.0026959 -0.000508923 -0.00230863 -0.000889831 0.00356688 0.00712069 0.0108043 0.00743363 -0.00440436 -0.00213849 0.004375 0.0103409 -0.0110526 -0.00357774 -0.00543136 -0.00456961 -0.00176935
internal_weight=6719 999 909 792 697 633 341 281 177 5720 480 365 262 5240 1508 1223 1057 466 285 225 334 591 486 195 127 166 3732 1838 1726 1894
internal_count=6719 999 909 792 697 633 341 281 177 5720 480 365 262 5240 1508 1223 1057 466 285 225 334 591 486 195 127 166 3732 1838 1726 1894
is_linear=0
shrinkage=0.035


Tree=155
num_leaves=31
num_cat=0
split_feature=115 199 116 276 230 214 60 260 274 232 254 166 90 30 247 203 203 267 142 104 151 161 151 132 160 148 35 134 90 211
split_gain=8.90444 10.3031 14.5264 8.51769 7.94856 8.64402 9.09646 10.8143 14.4807 11.6282 10.6283 10.5136 9.95689 9.88509 16.9072 10.1284 21.1436 14.8667 9.82259 10.6178 10.2925 22.107 13.6679 13.9645 16.8986 11.6514 11.1015 10.0261 10.3756 15.6462
threshold=9946.5000000000018 14.137122433415417 401.50000000000006 -0.21014446472067402 28.33740110827932 0.093099996447563185 60.500000000000007 0.87730151061660999 0.81182176926623095 1.4215559858249407 1.7509027633322296 0.24052090449328836 0.025608255522986876 6412.5000000000009 636.97998046875011 -0.065400209253069594 0.77725799945899665 -0.28925640942867309 0.84354999661445629 6639.0000000000009 0.13617499731481078 0.11952499859035016 0.15510000102221969 0.17545000463724139 0.03750001639127732 35.500000000000007 0.051728005018453205 0.0071386149527306883 0.022388367430503316 0.54450044863522018
decision_type=2 2 2 2 2 2 2 2 2 2 2 2 2 2 2 2 2 2 2 2 2 2 2 2 2 2 2 2 2 2
left_child=1 4 3 -3 5 6 10 9 -9 11 -1 -8 -13 14 18 17 -17 -15 19 20 21 -11 26 24 -24 -25 -22 -27 -29 -30
right_child=-2 2 -4 -5 -6 -7 7 8 -10 13 -12 12 -14 15 -16 16 -18 -19 -20 -21 22 -23 23 25 -26 27 -28 28 29 -31
leaf_value=-0.00066923411663145807 0.00027794974231435066 -0.00068601249671423209 0.00044749399126915208 -0.0021162673061252864 0.00033874803096500155 -0.0013065935634372524 0.00023468662453163456 0.014731661276299523 -2.3310451062923956e-05 -0.00012913611966478778 -2.8016256334174042e-05 -0.00056658498181354493 4.3185085242711809e-05 -0.00032607140089234378 0.00061123630858929976 0.0078451726793136896 -0.0014938018286267409 -0.0038997699774828585 -0.001293805117147929 0.0011549893060021957 -0.00076527109640998079 0.00022871689523372183 0.004941599831822195 -0.0012696891992393501 -0.00057945596886978072 -0.0023724460643187685 -8.1242858176850403e-05 -0.00019311788947684317 -0.00091219896101790102 0.00018184778680372773
leaf_weight=67 63 60 60 108 204 149 370 62 123 173 62 120 78 65 169 119 106 73 70 102 229 146 195 108 96 87 115 2864 359 117
leaf_count=67 63 60 60 108 204 149 370 62 123 173 62 120 78 65 169 119 106 73 70 102 229 146 195 108 96 87 115 2864 359 117
internal_value=-0.00284726 -0.00297403 -0.0102146 -0.0153757 -0.00270947 -0.00293306 -0.00272286 -0.00251722 0.00571053 -0.00278616 -0.0117537 0.00195462 -0.00448276 -0.00330608 -0.00288108 -0.00884511 -0.0041087 -0.0161538 -0.00327797 -0.00306897 -0.00332555 0.00270062 -0.00378922 -0.00317933 0.00413851 -0.00378672 -0.0104298 -0.00341638 -0.00309716 -0.00785863
internal_weight=6719 6656 228 168 6428 6224 6075 5946 185 5761 129 568 198 5193 4830 363 225 138 4661 4591 4489 319 4170 3826 291 3535 344 3427 3340 476
internal_count=6719 6656 228 168 6428 6224 6075 5946 185 5761 129 568 198 5193 4830 363 225 138 4661 4591 4489 319 4170 3826 291 3535 344 3427 3340 476
is_linear=0
shrinkage=0.035


Tree=156
num_leaves=31
num_cat=0
split_feature=113 132 191 27 256 11 2 201 2 60 272 134 28 232 10 68 23 4 190 183 150 265 93 82 270 242 271 11 56 213
split_gain=9.29834 13.3188 15.4575 12.6944 21.4508 17.1639 19.8793 14.9147 31.7155 14.39 13.1303 12.1575 11.8767 10.2762 9.75506 24.7216 16.2305 18.7063 16.1722 15.2756 18.6467 14.5458 14.5247 14.4152 14.2433 18.8479 17.5519 12.3374 19.5068 12.545
threshold=-2.8469261895955555 0.11205000057816507 0.11622500047087671 1262.0000000000002 85.274552801989543 24.814892790156069 6042.7849121093759 0.18482499942183497 6083.2800292968759 1076.5000000000002 0.021449998021125797 0.019417481721018627 110.50000000000001 15.950546373271203 39.127609860657756 0.012158213557774309 2.9718815157219587 -21.12832603029403 -0.024500004947185513 0.33539059474495686 0.037299994379282005 -0.098500190036654431 4551.0000000000009 1257.5000000000002 58.484054050146774 25.873363854284221 5.3127849668420586 71.064999404265663 4.8740850439733974 10.270748756345556
decision_type=2 2 2 2 2 2 2 2 2 2 2 2 2 2 2 2 2 2 2 2 2 2 2 2 2 2 2 2 2 2
left_child=1 -1 -3 5 7 13 11 8 -5 12 -11 -7 -9 -4 15 -2 17 24 -18 23 21 -21 27 -19 25 -17 -27 28 -16 -29
right_child=14 2 3 4 -6 6 -8 9 -10 10 -12 -13 -14 -15 22 16 18 19 -20 20 -22 -23 -24 -25 -26 26 -28 29 -30 -31
leaf_value=0.00021061557716342162 0.0048372809015675934 -0.0009754084815894327 0.0080491747443806067 0.017834149927194436 0.0055210730634113496 -0.00089565425810823667 -0.0016788235475614522 -0.00013656885444930157 -0.00029072451433889121 -0.0010911087766382627 0.0028058839716141423 3.9263266220040953e-05 -0.0017323603996774214 -0.0015446699630919849 -0.00016698999678909228 0.004152998750864334 -0.00010360575373270954 -0.00077703994629042632 -0.0020563154513828751 -0.00070608335246132882 -0.00099990972550583379 0.0052949221410841293 -0.00024948999598117268 -0.0022176480249672878 0.009382866144864355 -0.0019214650939142442 0.00012685315902134233 -0.00014840536309418092 0.00054074391197623032 0.0050148181572246117
leaf_weight=81 108 97 65 98 94 345 104 71 304 77 82 119 153 65 250 119 168 116 442 62 112 81 188 147 114 120 149 2158 430 200
leaf_count=81 108 97 65 98 94 345 104 71 304 77 82 119 153 65 250 119 168 116 442 62 112 81 188 147 114 120 149 2158 430 200
internal_value=-0.00276398 -0.0049517 -0.00562835 -0.00475664 -0.00194005 -0.00826458 -0.0108726 -0.00385443 0.000859951 -0.00875 -0.000640244 -0.00761194 -0.0143668 0.00311111 -0.00198632 -0.00409639 -0.00518043 -0.00245854 -0.0096748 -0.00709369 -0.000942308 0.00733108 -0.00084494 -0.0129291 0.00234714 -0.000890585 -0.00600365 -0.00025304 0.00388321 -0.00145154
internal_weight=6719 1755 1674 1577 879 698 568 785 402 383 159 464 224 130 4964 1738 1630 1020 610 518 255 143 3226 263 502 388 269 3038 680 2358
internal_count=6719 1755 1674 1577 879 698 568 785 402 383 159 464 224 130 4964 1738 1630 1020 610 518 255 143 3226 263 502 388 269 3038 680 2358
is_linear=0
shrinkage=0.035


Tree=157
num_leaves=31
num_cat=0
split_feature=269 268 215 81 38 38 270 180 256 107 164 104 153 137 17 94 111 271 169 230 229 190 226 193 261 44 150 115 223 119
split_gain=8.29299 9.68881 8.20773 12.9426 11.6024 17.5915 18.9589 15.7706 14.4319 18.4005 13.8853 12.7934 11.6335 12.8803 11.3416 11.1529 10.5569 10.3591 17.9739 10.1315 10.0034 9.88954 12.5689 9.77822 10.4891 15.1365 25.041 13.2263 11.5919 13.2008
threshold=17.576253901405725 56.973745049243583 -0.030200000852346417 58.327049255371101 2338.0000000000005 1020.5000000000001 73.151162168951799 0.01180001348257065 41.922605537799392 5882.5000000000009 0.034883743490387857 1934.5000000000002 0.50904834007251865 2125.5000000000005 4.8844195388508824 221.50000000000003 11.92510830534478 16.376586331701883 13.44547170400894 -9.1723513311897644 5.5821961973889787 -0.010249994695186613 -1.3874074927866518 -0.94205176725260198 486.81500244140631 0.29434999823570257 0.056449994444847114 362.00000000000006 25.584934175699345 24.718278453724768
decision_type=2 2 2 2 2 2 2 2 2 2 2 2 2 2 2 2 2 2 2 2 2 2 2 2 2 2 2 2 2 2
left_child=1 2 3 16 5 6 8 10 12 -10 11 -7 -4 -14 -15 -9 -1 23 -19 -8 -21 -6 -23 -18 25 26 -25 -27 -29 -30
right_child=-2 -3 4 -5 21 7 19 15 9 -11 -12 -13 13 14 -16 -17 17 18 -20 20 -22 22 -24 24 -26 27 -28 28 29 -31
leaf_value=-0.00098028108186642071 0.00038887159235681399 -0.0021470030309061316 -0.00055851229818409574 0.0086515376063004412 0.0087897778050196936 -0.00071600728729704472 0.004015271695595863 -0.00081837385219447173 -6.7604485877439396e-05 0.014680723779709972 0.0009067971641547294 0.00024696949321335708 0.0078918317619666289 -0.00015458996448198259 4.2003826674975602e-05 -0.00019471199020401289 -0.0013657331619409204 -0.00015468822820977101 -0.0025838652528858029 -0.0013590086810842685 -0.00016714728365271243 -0.00099598673591920267 0.00052023644784243153 -0.00087672325897301853 -0.0002352299971949637 0.0012926366905917411 0.021935239260522706 -0.0013436704174738545 0.00041356388781443269 -0.00057755922978454952
leaf_weight=114 60 66 135 67 74 427 64 137 70 113 132 105 84 80 73 71 88 150 139 121 94 95 151 62 3402 148 79 159 61 98
leaf_count=114 60 66 135 67 74 427 64 137 70 113 132 105 84 80 73 71 88 150 139 121 94 95 151 62 3402 148 79 159 61 98
internal_value=-0.00277439 -0.00289391 -0.00275311 -0.00357502 -0.00089611 -0.00204559 0.00158522 -0.00550741 0.0053125 0.0132181 -0.00282511 -0.00534451 0.00129973 0.00592975 -0.000221519 -0.0138028 -0.00380688 -0.00352312 -0.00988095 -0.00579225 -0.00938636 0.00516923 0.00167331 -0.00306314 -0.00279895 0.00142974 0.0112671 -0.00163482 -0.00563467 0.00106707
internal_weight=6719 6659 6593 4567 2026 1706 834 872 555 183 664 532 372 237 153 208 4500 4386 289 279 215 320 246 4097 4009 607 141 466 318 159
internal_count=6719 6659 6593 4567 2026 1706 834 872 555 183 664 532 372 237 153 208 4500 4386 289 279 215 320 246 4097 4009 607 141 466 318 159
is_linear=0
shrinkage=0.035


Tree=158
num_leaves=31
num_cat=0
split_feature=230 126 159 215 253 220 262 265 275 253 122 165 263 169 124 27 5 126 261 148 150 104 11 27 121 155 31 192 258 231
split_gain=8.41932 10.7114 8.90069 8.83597 10.2429 9.01511 8.11568 16.2772 16.5798 15.2388 12.2639 20.5792 9.92918 9.94814 9.79726 12.4764 14.4832 14.5242 12.6224 11.1854 13.9509 16.6248 13.7938 15.1223 15.5646 13.6056 12.5005 11.8113 12.8687 11.6598
threshold=28.33740110827932 1332.5000000000002 9.9277600195876285 -0.11785000562667845 1.6158432058327457 174.78376765362296 0.19207809058952033 -2.5001688656955952 -1.5809486978068941 -0.62261214309633484 43.851212958939506 0.031172774240622907 -0.36184573886988142 12.633045075899011 -2.7907583317330507 1604.0000000000002 -1.8882360158592351 1024.0000000000002 530.86499023437511 2074.0000000000005 0.034050002694129951 1527.5000000000002 99.715410308576523 2095.5000000000005 0.10934999957680704 0.037470105544847719 -34.514701118420469 0.20930232557774475 0.014900006353855135 9.4257472934067295
decision_type=2 2 2 2 2 2 2 2 2 2 2 2 2 2 2 2 2 2 2 2 2 2 2 2 2 2 2 2 2 2
left_child=2 -2 -1 -4 5 6 12 -8 10 -10 11 -9 13 -5 15 16 -14 -18 -17 20 21 22 23 -16 -25 -21 -26 28 -22 -30
right_child=1 -3 3 4 -6 -7 7 8 9 -11 -12 -13 14 -15 19 18 17 -19 -20 25 27 -23 -24 24 26 -27 -28 -29 29 -31
leaf_value=-0.00058272034057718614 0.0020519746208933136 -0.0016504635841318878 -0.0014541240908285354 0.00010370674410242921 0.00071075516964525084 0.00059635352721699347 0.00037192339933819101 0.0027621560945500379 0.00010513933246140362 -0.00091282261957234805 -0.0032892398290291251 -0.00088851200948396997 1.6900344606133323e-05 -0.0010742120707987303 -0.00049659574813904991 0.00046713226335714624 -0.00051222491471886514 -0.0024115027803639317 -0.00032858761401279333 -5.5362052580824056e-05 -0.00041610891051114987 0.0076641962116585725 0.0039280476622754424 -0.0006805641461739726 -2.0750355414880797e-05 -0.0018258686448573986 0.0048260669377044596 -0.0002339149102165278 0.00026484139398047474 -0.0004323626809684317
leaf_weight=84 147 61 99 129 113 91 119 124 85 524 60 97 155 335 311 254 301 124 386 147 246 190 77 111 75 121 108 1078 720 247
leaf_count=84 147 61 99 129 113 91 119 124 85 524 60 97 155 335 311 254 301 124 386 147 246 190 77 111 75 121 108 1078 720 247
internal_value=-0.00292014 0.00394366 -0.00314227 -0.00298741 -0.00281857 -0.00301045 -0.00317507 -0.00604043 -0.0076648 -0.0108876 -0.000611888 0.00325221 -0.00260449 -0.00746269 -0.00211233 -0.0048 -0.00849573 -0.0118023 -0.00141085 -0.00115105 -0.000563447 0.0031927 0.000611354 -0.00120492 0.00444816 -0.00794872 0.0106117 -0.00199695 0.000373563 0.0021965
internal_weight=6719 208 6511 6427 6328 6215 6124 1009 890 609 281 221 5115 464 4651 1220 580 425 640 3431 3163 872 682 605 294 268 183 2291 1213 967
internal_count=6719 208 6511 6427 6328 6215 6124 1009 890 609 281 221 5115 464 4651 1220 580 425 640 3431 3163 872 682 605 294 268 183 2291 1213 967
is_linear=0
shrinkage=0.035


Tree=159
num_leaves=31
num_cat=0
split_feature=157 115 138 37 142 109 71 120 127 182 257 93 207 210 98 64 11 68 260 82 148 81 136 146 190 13 274 266 230 211
split_gain=8.76148 9.40465 8.61085 9.97069 9.31799 8.88959 15.4132 10.5936 9.05183 8.13932 8.71801 9.21112 7.41249 11.0112 7.45556 11.1553 9.41359 22.9293 14.226 14.7967 13.6597 12.929 14.7741 12.133 11.8916 10.4365 18.6531 19.4198 15.6528 13.8827
threshold=-0.096827059033637877 2003.0000000000002 132.50000000000003 18.379349708557132 0.79444998502731334 0.61524999141693126 1635.5000000000002 0.62255001068115245 346.50000000000006 -0.65760809363538042 18.852136965204021 22.500000000000004 -0.074947334507996607 0.13082706766902541 0.54965001344680797 11.681304358274193 47.107253528294109 0.012158213557774309 -0.17593657872448501 1703.5000000000002 1011.5000000000001 54.431650161743171 29.719699859619144 -1.6038547104230756 -0.016799997538328167 47.522587617904335 0.66736171240434239 -0.56783943975680085 -2.6446729759549412 0.23342866500639045
decision_type=2 2 2 2 2 2 2 2 2 2 2 2 2 2 2 2 2 2 2 2 2 2 2 2 2 2 2 2 2 2
left_child=1 -1 3 4 -2 6 -5 -8 9 -7 11 -11 13 -13 16 -16 17 -14 20 23 -19 22 -21 -20 -22 26 27 -18 29 -29
right_child=2 -3 -4 5 -6 8 7 -9 -10 10 -12 12 14 -15 15 -17 25 18 19 21 24 -23 -24 -25 -26 -27 -28 28 -30 -31
leaf_value=-0.00014455122422065927 7.619535642026083e-05 -0.0014374137511420149 0.00089491507169822367 -0.0010545360305409448 -0.00057726054240426485 0.00031314036706867976 -0.00095303434944867937 3.2861555209421917e-05 -0.0013910385902439638 -0.002493187197217524 0.015731461917586721 0.0026306644544207228 0.0050756094515569897 -0.00023527911232030577 -9.5757398068318242e-05 0.0073968398753871357 0.00071232814380887803 0.0010910316637323418 0.00037981918989565561 -0.00025896459079713472 0.00038846538070984879 0.00012698420043464443 -0.0027028893056667233 -0.00064838498135315521 -0.002945639243075684 -0.00019047011469077059 -0.00024902102291009465 0.00044210088570611101 0.0002242696558644089 -0.00074494184013983947
leaf_weight=100 82 89 76 111 207 90 75 181 63 100 64 70 72 63 74 77 277 106 74 60 90 64 194 724 64 2498 236 117 392 229
leaf_count=100 82 89 76 111 207 90 75 181 63 100 64 70 72 63 74 77 277 106 74 60 90 64 194 724 64 2498 236 117 392 229
internal_value=-0.00294096 -0.0102835 -0.00272073 -0.00286112 -0.00916667 -0.00255835 -0.00780914 -0.00295019 -0.00221954 -0.00206707 -0.00223628 -0.00238722 -0.0021883 0.00583333 -0.00239305 0.00516026 -0.00261726 -0.00501032 -0.00603186 -0.00774309 0.00132075 -0.0140867 -0.0175676 -0.00514321 -0.00528302 -0.00168753 0.000919586 0.00298529 0 -0.00538462
internal_weight=6719 189 6530 6454 289 6165 367 256 5798 5735 5645 5581 5481 133 5348 151 5197 1448 1376 1116 260 318 254 798 154 3749 1251 1015 738 346
internal_count=6719 189 6530 6454 289 6165 367 256 5798 5735 5645 5581 5481 133 5348 151 5197 1448 1376 1116 260 318 254 798 154 3749 1251 1015 738 346
is_linear=0
shrinkage=0.035


end of trees

feature_importances:
ctx_spy_ib_range_bps=125
ib_range_bps=115
phys_d50_oi_skew_call_minus_put=115
put_d65_oi=102
ctx_qqq_spot=102
ctx_spy_phys_total_oi_skew_call_minus_put=100
put_d50_oi=93
call_d80_oi=93
call_d50_oi=91
put_d35_oi=90
ctx_qqq_ib_range_bps=90
dist_fib_127_up_bps=85
call_d15_oi=81
call_d65_oi=78
put_d80_oi=71
ctx_qqq_phys_total_oi_skew_call_minus_put=71
phys_d15_iv_skew_put_minus_call=68
put_d15_oi=65
put_d25_oi=64
call_d35_oi=58
phys_d35_oi_skew_call_minus_put=58
phys_ib_balance=52
put_d15_strike=51
dist_fib_200_dn_bps=49
call_d25_oi=49
phys_total_option_oi_log=49
phys_total_oi_skew_call_minus_put=48
phys_d25_oi_skew_call_minus_put=47
phys_d25_iv_skew_put_minus_call=45
phys_d65_liquidity_score=44
ctx_qqq_phys_d35_iv_skew_put_minus_call=43
phys_d80_oi_skew_call_minus_put=42
ctx_spy_spot=41
ctx_qqq_nearest_level_abs_bps=38
put_d65_spread_pct=37
ctx_spy_phys_d35_iv_skew_put_minus_call=37
dist_fib_200_up_bps=36
put_d15_iv=36
call_d15_strike=35
phys_d65_oi_skew_call_minus_put=35
ret_30m_bps=34
dist_ib_high_bps=33
dist_fib_127_dn_bps=30
phys_fib_any_min_abs_bps=30
phys_d15_iv_mean=27
ctx_spy_ret_30m_bps=27
spot=26
phys_d15_oi_skew_call_minus_put=26
dist_ib_low_bps=25
dist_fib_161_up_bps=24
put_d50_theta_over_mid=24
put_d65_vega=24
phys_put_iv_slope_low_to_high=24
ctx_spy_nearest_level_abs_bps=24
put_d65_iv=23
phys_abs_ret_30m_bps=23
dist_fib_161_dn_bps=22
call_d15_strike_bps=22
put_d15_vega=22
call_d80_strike=22
phys_ib_edge_min_abs_bps=22
nearest_level_abs_bps=21
put_d35_vega=21
phys_nearest_level_vs_ib_range=21
phys_fib_dn_min_abs_bps=20
phys_fib_dn_mean_signed_bps=19
call_d15_iv=18
phys_momentum_accel_ret_15m_bps_minus_ret_30m_bps=18
put_d25_vega=17
call_d35_iv=17
phys_d65_spread_mean=17
phys_d80_liquidity_score=17
ctx_spy_phys_total_volume_skew_call_minus_put=17
call_d15_theta_over_mid=16
call_d80_iv=16
phys_d15_mid_skew_call_minus_put=16
ctx_spx_ib_range_bps=16
ctx_qqq_ret_30m_bps_minus_self=16
put_d15_spread_pct=15
put_d15_theta_over_mid=15
call_d25_abs_delta=15
call_d25_iv=15
phys_d50_iv_skew_put_minus_call=15
phys_abs_ret_15m_bps=15
call_d25_theta_over_mid=14
put_d25_iv=14
put_d35_theta_over_mid=14
call_d80_vega=14
phys_d35_iv_skew_put_minus_call=14
phys_d50_iv_mean=14
phys_d80_mid_skew_call_minus_put=14
ctx_qqq_ret_15m_bps_minus_self=14
ctx_qqq_ret_30m_bps=14
put_d15_mid_bps=13
put_d50_volume=13
put_d65_volume=13
put_d80_strike=13
phys_d25_iv_mean=13
phys_d25_liquidity_score=13
phys_fib_up_mean_signed_bps=13
ctx_qqq_ret_1m_bps_minus_self=13
put_d25_strike=12
call_d50_iv=12
call_d50_spread_pct=12
call_d65_theta_over_mid=12
call_d80_spread_pct=12
phys_d50_liquidity_score=12
phys_total_option_volume_log=12
call_d15_vega=11
put_d15_strike_bps=11
call_d25_strike=11
put_d25_volume=11
call_d35_strike=11
put_d35_mid_bps=11
call_d50_theta_over_mid=11
put_d50_iv=11
put_d50_mid_bps=11
call_d65_abs_delta=11
call_d65_iv=11
put_d80_spread_pct=11
phys_d15_liquidity_score=11
phys_d25_volume_skew_call_minus_put=11
phys_d25_mid_skew_call_minus_put=11
phys_d65_volume_skew_call_minus_put=11
phys_fib_up_min_abs_bps=11
ctx_qqq_ret_1m_bps=11
ctx_qqq_phys_total_volume_skew_call_minus_put=11
ret_15m_bps=10
call_d25_vega=10
put_d25_mid_bps=10
call_d35_theta_over_mid=10
put_d35_volume=10
call_d50_mid_bps=10
call_d65_vega=10
put_d65_theta_over_mid=10
phys_d65_iv_skew_put_minus_call=10
phys_d65_iv_mean=10
phys_call_iv_slope_low_to_high=10
nearest_level_name_fib_127_up=10
call_d15_mid_bps=9
put_d25_spread_pct=9
call_d50_vega=9
call_d65_mid_bps=9
call_d65_volume=9
put_d65_abs_delta=9
phys_d35_liquidity_score=9
phys_d80_spread_mean=9
ctx_spy_ret_30m_bps_minus_self=9
ctx_qqq_ret_15m_bps=9
nearest_level_name_fib_127_dn=9
put_d15_volume=8
call_d35_abs_delta=8
call_d80_mid_bps=8
put_d80_volume=8
phys_d80_iv_skew_put_minus_call=8
ctx_spy_ret_1m_bps_minus_self=8
ctx_spy_ret_5m_bps_minus_self=8
ctx_spy_ret_15m_bps=8
ret_1m_bps=7
put_d25_strike_bps=7
put_d25_abs_delta=7
put_d35_abs_delta=7
put_d50_vega=7
call_d65_spread_pct=7
put_d65_mid_bps=7
call_d80_theta_over_mid=7
put_d80_theta_over_mid=7
put_d80_vega=7
phys_d15_spread_mean=7
phys_d25_spread_mean=7
phys_d35_iv_mean=7
phys_d50_spread_mean=7
phys_put_mid_slope_low_to_high=7
phys_momentum_accel_ret_5m_bps_minus_ret_15m_bps=7
ctx_spy_qqq_ret_5m_spread=7
minute=6
call_d15_volume=6
call_d25_mid_bps=6
call_d25_volume=6
call_d35_spread_pct=6
put_d35_spread_pct=6
call_d50_strike=6
call_d80_abs_delta=6
put_d80_iv=6
put_d80_mid_bps=6
phys_d50_volume_skew_call_minus_put=6
phys_d65_mid_skew_call_minus_put=6
phys_abs_ret_1m_bps=6
ctx_spy_ret_15m_bps_minus_self=6
ctx_qqq_ret_5m_bps_minus_self=6
call_d15_abs_delta=5
call_d15_spread_pct=5
call_d25_strike_bps=5
call_d35_vega=5
call_d35_volume=5
put_d35_iv=5
put_d50_abs_delta=5
call_d65_strike=5
put_d65_strike=5
put_d65_strike_bps=5
call_d80_volume=5
put_d80_abs_delta=5
phys_d15_volume_skew_call_minus_put=5
phys_d15_vega_skew_call_minus_put=5
phys_d50_mid_skew_call_minus_put=5
phys_d80_volume_skew_call_minus_put=5
phys_call_mid_slope_low_to_high=5
ctx_spx_ret_30m_bps=5
ret_5m_bps=4
put_d15_abs_delta=4
put_d25_theta_over_mid=4
call_d35_strike_bps=4
put_d35_strike=4
put_d50_strike=4
put_d50_spread_pct=4
call_d65_strike_bps=4
phys_d15_theta_skew_call_minus_put=4
phys_d15_abs_delta_gap=4
phys_d35_volume_skew_call_minus_put=4
phys_d35_mid_skew_call_minus_put=4
phys_d35_spread_mean=4
phys_d35_theta_skew_call_minus_put=4
phys_d80_iv_mean=4
ctx_spx_nearest_level_abs_bps=4
ctx_spx_phys_total_oi_skew_call_minus_put=4
ctx_spy_ret_5m_bps=4
call_d35_mid_bps=3
call_d50_strike_bps=3
phys_d50_theta_skew_call_minus_put=3
phys_d65_theta_skew_call_minus_put=3
phys_d80_vega_skew_call_minus_put=3
phys_momentum_accel_ret_1m_bps_minus_ret_5m_bps=3
ctx_spx_spot=3
ctx_spy_ret_1m_bps=3
ctx_qqq_ret_5m_bps=3
nearest_level_name_ib_low=3
call_d25_spread_pct=2
put_d35_strike_bps=2
call_d50_abs_delta=2
call_d50_volume=2
phys_d25_theta_skew_call_minus_put=2
phys_d35_abs_delta_gap=2
phys_d50_vega_skew_call_minus_put=2
phys_d65_vega_skew_call_minus_put=2
phys_d65_abs_delta_gap=2
phys_total_volume_skew_call_minus_put=2
phys_abs_ret_5m_bps=2
ctx_spx_ret_15m_bps=2
ctx_spx_phys_d35_iv_skew_put_minus_call=2
nearest_level_name_ib_high=2
call_d80_strike_bps=1
phys_d25_abs_delta_gap=1
phys_d35_vega_skew_call_minus_put=1
phys_d50_abs_delta_gap=1
phys_d80_theta_skew_call_minus_put=1
phys_d80_abs_delta_gap=1
ctx_spx_ret_1m_bps=1
ctx_spx_spy_ret_5m_spread=1
nearest_level_name_fib_161_up=1

parameters:
[boosting: gbdt]
[objective: regression_l1]
[metric: l1]
[tree_learner: serial]
[device_type: cpu]
[data_sample_strategy: bagging]
[data: ]
[valid: ]
[num_iterations: 160]
[learning_rate: 0.035]
[num_leaves: 31]
[num_threads: 4]
[seed: 20270620]
[deterministic: 1]
[force_col_wise: 1]
[force_row_wise: 0]
[histogram_pool_size: -1]
[max_depth: -1]
[min_data_in_leaf: 60]
[min_sum_hessian_in_leaf: 0.001]
[bagging_fraction: 0.85]
[pos_bagging_fraction: 1]
[neg_bagging_fraction: 1]
[bagging_freq: 0]
[bagging_seed: 12370]
[bagging_by_query: 0]
[feature_fraction: 0.85]
[feature_fraction_bynode: 1]
[feature_fraction_seed: 3503]
[extra_trees: 0]
[extra_seed: 20588]
[early_stopping_round: 0]
[early_stopping_min_delta: 0]
[first_metric_only: 0]
[max_delta_step: 0]
[lambda_l1: 0]
[lambda_l2: 5]
[linear_lambda: 0]
[min_gain_to_split: 0]
[drop_rate: 0.1]
[max_drop: 50]
[skip_drop: 0.5]
[xgboost_dart_mode: 0]
[uniform_drop: 0]
[drop_seed: 28067]
[top_rate: 0.2]
[other_rate: 0.1]
[min_data_per_group: 100]
[max_cat_threshold: 32]
[cat_l2: 10]
[cat_smooth: 10]
[max_cat_to_onehot: 4]
[top_k: 20]
[monotone_constraints: ]
[monotone_constraints_method: basic]
[monotone_penalty: 0]
[feature_contri: ]
[forcedsplits_filename: ]
[refit_decay_rate: 0.9]
[cegb_tradeoff: 1]
[cegb_penalty_split: 0]
[cegb_penalty_feature_lazy: ]
[cegb_penalty_feature_coupled: ]
[path_smooth: 0]
[interaction_constraints: ]
[verbosity: -1]
[saved_feature_importance_type: 0]
[use_quantized_grad: 0]
[num_grad_quant_bins: 4]
[quant_train_renew_leaf: 0]
[stochastic_rounding: 1]
[linear_tree: 0]
[max_bin: 255]
[max_bin_by_feature: ]
[min_data_in_bin: 3]
[bin_construct_sample_cnt: 200000]
[data_random_seed: 3994]
[is_enable_sparse: 1]
[enable_bundle: 1]
[use_missing: 1]
[zero_as_missing: 0]
[feature_pre_filter: 1]
[pre_partition: 0]
[two_round: 0]
[header: 0]
[label_column: ]
[weight_column: ]
[group_column: ]
[ignore_column: ]
[categorical_feature: ]
[forcedbins_filename: ]
[precise_float_parser: 0]
[parser_config_file: ]
[objective_seed: 16958]
[num_class: 1]
[is_unbalance: 0]
[scale_pos_weight: 1]
[sigmoid: 1]
[boost_from_average: 1]
[reg_sqrt: 0]
[alpha: 0.9]
[fair_c: 1]
[poisson_max_delta_step: 0.7]
[tweedie_variance_power: 1.5]
[lambdarank_truncation_level: 30]
[lambdarank_norm: 1]
[label_gain: ]
[lambdarank_position_bias_regularization: 0]
[eval_at: ]
[multi_error_top_k: 1]
[auc_mu_weights: ]
[num_machines: 1]
[local_listen_port: 12400]
[time_out: 120]
[machine_list_filename: ]
[machines: ]
[gpu_platform_id: -1]
[gpu_device_id: -1]
[gpu_use_dp: 0]
[num_gpu: 1]

end of parameters

pandas_categorical:[]
