ticker,sources,cap,daily_order,min_score,select_score,select_user_pass,test2025_user_pass,test2026_user_pass,sel_trades,sel_wr,sel_pf,sel_pnl,sel_minM,sel_call,sel_top5,sel_posM,sel_dd,t2025_trades,t2025_wr,t2025_pf,t2025_pnl,t2025_minM,t2025_call,t2025_top5,t2025_posM,t2025_dd,t2026_trades,t2026_wr,t2026_pf,t2026_pnl,t2026_minM,t2026_call,t2026_top5,t2026_posM,t2026_dd
QQQ,d50ret,2,time_asc,-999999.0,-1e+18,False,False,False,49,0.40816326530612246,1.024621384501877,0.19645008247339002,0,0.22448979591836735,17.81623074896947,0.3333333333333333,-3.3238074455793507,304,0.4375,1.130368556946292,5.190226253254244,0,0.4473684210526316,0.9633491404859329,0.5,-2.5290230076896605,133,0.37593984962406013,0.7359493456690508,-5.590995334882628,17,0.41353383458646614,,0.6,-6.232780520819957
QQQ,d50ret,2,time_asc,0.0,-1e+18,False,False,False,46,0.41304347826086957,0.9989880479274688,-0.007774893318271747,0,0.21739130434782608,,0.3333333333333333,-3.407774893318272,262,0.4198473282442748,1.081966361538872,2.9314570934593993,0,0.41603053435114506,1.7056364260476085,0.5,-3.173151922171187,92,0.34782608695652173,0.6893595190470317,-5.081165994017873,9,0.30434782608695654,,0.4,-4.8811659940178735
QQQ,d65ret,2,time_asc,-999999.0,-1e+18,False,False,False,50,0.5,1.5482436557694412,3.883761624745283,0,0.32,0.8120596655621171,0.3333333333333333,-1.479653667589997,235,0.3872340425531915,0.9531146087018111,-1.6304891471521228,0,0.3659574468085106,,0.3333333333333333,-6.287477467886447,146,0.4178082191780822,1.0272734374251105,0.5579206985411529,19,0.5753424657534246,8.961847110304323,0.8,-3.4718595362133806
QQQ,d65ret,2,time_asc,0.0,-1e+18,False,False,False,50,0.5,1.5482436557694412,3.883761624745283,0,0.32,0.8120596655621171,0.3333333333333333,-1.479653667589997,221,0.416289592760181,1.0492314756137704,1.571897513038233,0,0.3438914027149321,3.1808689552131035,0.5,-6.020035317499856,136,0.41911764705882354,1.0238870627519514,0.4780021369211711,19,0.5588235294117647,10.46020428319668,0.6,-3.4718595362133806
QQQ,d65win,2,time_asc,-999999.0,-9.999999999999997e+17,False,False,False,215,0.49767441860465117,1.243232006998336,4.9333210422613964,20,0.24186046511627907,0.9794927812192787,0.6666666666666666,-3.915211400774738,267,0.4606741573033708,1.0422606417345972,1.1101945883649256,0,0.49063670411985016,4.374598180843685,0.4166666666666667,-6.911509984303188,159,0.5408805031446541,1.2932541427578297,3.888472811814693,28,0.6666666666666666,1.0908216405766011,0.8,-2.9216225836798952
QQQ,d65win,2,time_asc,0.0,-9.999999999999997e+17,False,False,False,215,0.49767441860465117,1.243232006998336,4.9333210422613964,20,0.24186046511627907,0.9794927812192787,0.6666666666666666,-3.915211400774738,267,0.4606741573033708,1.0422606417345972,1.1101945883649256,0,0.49063670411985016,4.374598180843685,0.4166666666666667,-6.911509984303188,159,0.5408805031446541,1.2932541427578297,3.888472811814693,28,0.6666666666666666,1.0908216405766011,0.8,-2.9216225836798952
QQQ,d80,2,time_asc,-999999.0,-9.999999999999999e+17,False,False,True,177,0.4406779661016949,1.1820077562869302,4.520527584059303,0,0.192090395480226,1.1060655879263865,0.6666666666666666,-4.362963848850994,300,0.47333333333333333,1.2774432470789576,10.517080326302935,0,0.36666666666666664,0.4754171162404393,0.75,-3.929907330399679,181,0.5027624309392266,1.3013404788055198,6.12453863099466,34,0.585635359116022,0.8163880254908231,0.6,-2.5404992531338566
QQQ,d80,2,time_asc,0.0,-9.999999999999999e+17,False,False,True,160,0.4375,1.1689440496938153,3.9976682705822126,0,0.18125,1.2507290904534731,0.6666666666666666,-4.362963848850992,295,0.4711864406779661,1.2793847443498363,10.748900731385639,0,0.3525423728813559,0.4651638455828823,0.75,-3.9139676883827725,160,0.53125,1.44945609027119,7.830703131463302,28,0.5375,0.6385122658922282,0.8,-2.240499253133855
QQQ,d80_front,2,time_asc,-999999.0,-9.999999999999999e+17,False,False,False,135,0.5333333333333333,1.3499198199383677,3.245727652682314,0,0.22962962962962963,0.770243306746321,0.5,-2.6813092154465425,354,0.4943502824858757,1.1755660178526057,4.3914578569023615,20,0.4406779661016949,1.0837256169463723,0.5833333333333334,-4.189022086023721,128,0.515625,1.3170601132734483,2.543972949636024,15,0.65625,1.090241500655475,0.8,-1.3581364448826196
QQQ,d80_front,2,time_asc,0.0,-9.999999999999999e+17,False,False,False,135,0.5333333333333333,1.3499198199383677,3.245727652682314,0,0.22962962962962963,0.770243306746321,0.5,-2.6813092154465425,344,0.49709302325581395,1.2035003004986098,4.91589794000055,16,0.436046511627907,0.968111102661536,0.5833333333333334,-3.734994365666206,121,0.512396694214876,1.2561749590856148,2.021821593453477,15,0.6611570247933884,1.3700393203899732,0.6,-1.3581364448826196
QQQ,d80_zero,2,time_asc,-999999.0,-9.999999999999999e+17,False,False,False,89,0.43820224719101125,1.0898167539778416,1.300380094799801,0,0.12359550561797752,3.845029634023867,0.3333333333333333,-3.1958893743415695,152,0.3881578947368421,0.9485481556434822,-1.3647058555155935,0,0.25,,0.16666666666666666,-5.444786091918268,117,0.46153846153846156,1.3051468648700277,5.281752528700694,0,0.5982905982905983,0.9466554846767868,0.6,-2.038276475357168
QQQ,d80_zero,2,time_asc,0.0,-9.999999999999999e+17,False,False,False,87,0.4367816091954023,1.1153904473305931,1.6360226316931274,0,0.10344827586206896,3.056192440825514,0.3333333333333333,-3.19588937434157,108,0.4074074074074074,1.0386516328174993,0.714768817093625,0,0.2777777777777778,6.9952687924060175,0.25,-3.7,53,0.5849056603773585,1.9840935466013185,6.4406872019648045,0,0.6792452830188679,0.7763146762467665,0.6,-1.1447916249511745
QQQ,cons_m2s1c45,2,time_asc,-999999.0,-9.999999999999999e+17,False,False,True,177,0.480225988700565,1.2828709818067512,5.7654341005823255,25,0.3559322033898305,0.5673393104199633,0.6666666666666666,-2.3051646154558254,315,0.47619047619047616,1.0925303947117377,3.3388868810791763,19,0.4380952380952381,0.9226721754352301,0.6666666666666666,-5.381960722574641,150,0.5266666666666666,1.4144761612890593,6.043231528823541,24,0.5666666666666667,0.6611880604692527,0.8,-2.167473696284631
QQQ,cons_m2s1c45,2,time_asc,0.0,-9.999999999999999e+17,False,False,True,175,0.4857142857142857,1.3217815267920736,6.365434100582326,25,0.3485714285714286,0.5138624255959043,0.6666666666666666,-2.3051646154558245,302,0.4735099337748344,1.084237076308587,2.928542698668336,19,0.423841059602649,1.051955985992052,0.5833333333333334,-5.0819607225746415,142,0.528169014084507,1.365642491278336,5.098312962231787,21,0.5563380281690141,0.7006496770897755,0.8,-2.167473696284631
QQQ,cons_m2s2c30,2,time_asc,-999999.0,6.172126484987338,True,False,True,236,0.5,1.3612741533158728,9.57421420805981,33,0.19491525423728814,0.5222360698584408,0.8333333333333334,-3.284297195602254,440,0.45454545454545453,1.064717634291044,3.5073228269522407,22,0.40454545454545454,1.4255887600585804,0.6666666666666666,-4.754332073409903,186,0.532258064516129,1.4684276503408087,8.313213713111718,33,0.5698924731182796,0.6014521185848897,0.8,-1.6287442425710212
QQQ,cons_m2s2c30,2,time_asc,0.0,6.172126484987338,True,False,True,236,0.5,1.3612741533158728,9.57421420805981,33,0.19491525423728814,0.5222360698584408,0.8333333333333334,-3.284297195602254,432,0.4537037037037037,1.067729365964167,3.5975354865249596,22,0.39814814814814814,1.3898403556346157,0.6666666666666666,-4.754332073409903,179,0.5307262569832403,1.4328014784016583,7.482599575665534,30,0.5698324022346368,0.6682169678383837,0.8,-1.6287442425710212
QQQ,cons_m3allc30,2,time_asc,-999999.0,6.172126484987338,True,False,True,236,0.5,1.3612741533158728,9.57421420805981,33,0.19491525423728814,0.5222360698584408,0.8333333333333334,-3.284297195602254,440,0.45454545454545453,1.064717634291044,3.5073228269522407,22,0.40454545454545454,1.4255887600585804,0.6666666666666666,-4.754332073409903,186,0.532258064516129,1.4684276503408087,8.313213713111718,33,0.5698924731182796,0.6014521185848897,0.8,-1.6287442425710212
QQQ,cons_m3allc30,2,time_asc,0.0,6.172126484987338,True,False,True,236,0.5,1.3612741533158728,9.57421420805981,33,0.19491525423728814,0.5222360698584408,0.8333333333333334,-3.284297195602254,433,0.45496535796766746,1.068014100890628,3.6126595614017223,22,0.3972286374133949,1.3840219137781102,0.6666666666666666,-4.754332073409903,182,0.532967032967033,1.4236109378651631,7.450789835281068,31,0.5714285714285714,0.6710697940135073,0.8,-1.6287442425710212
QQQ,cons_m3s2c30,2,time_asc,-999999.0,6.172126484987338,True,False,True,236,0.5,1.3612741533158728,9.57421420805981,33,0.19491525423728814,0.5222360698584408,0.8333333333333334,-3.284297195602254,440,0.45454545454545453,1.064717634291044,3.5073228269522407,22,0.40454545454545454,1.4255887600585804,0.6666666666666666,-4.754332073409903,186,0.532258064516129,1.4684276503408087,8.313213713111718,33,0.5698924731182796,0.6014521185848897,0.8,-1.6287442425710212
QQQ,cons_m3s2c30,2,time_asc,0.0,6.172126484987338,True,False,True,236,0.5,1.3612741533158728,9.57421420805981,33,0.19491525423728814,0.5222360698584408,0.8333333333333334,-3.284297195602254,432,0.4537037037037037,1.067729365964167,3.5975354865249596,22,0.39814814814814814,1.3898403556346157,0.6666666666666666,-4.754332073409903,181,0.5303867403314917,1.415257906883195,7.303870403389425,30,0.569060773480663,0.684568553910774,0.8,-1.6287442425710212
QQQ,"d50ret,d65ret",2,time_asc,-999999.0,-9.999999999999999e+17,False,False,False,76,0.4473684210526316,1.1740735938697455,2.0461257312860597,0,0.2631578947368421,1.9252169868033624,0.3333333333333333,-4.503461113169347,404,0.4207920792079208,1.0926888738957132,5.136864495261187,20,0.3935643564356436,0.9733564131607042,0.5833333333333334,-3.294947089742381,167,0.4251497005988024,0.9522693910667649,-1.191882134700892,27,0.5029940119760479,,0.6,-4.199502302822781
QQQ,"d50ret,d65ret",2,time_asc,0.0,-9.999999999999999e+17,False,False,False,74,0.4594594594594595,1.2043793681689214,2.341900755494398,0,0.25675675675675674,1.6820678697700677,0.3333333333333333,-4.20768608896101,369,0.4254742547425474,1.1229053605318828,6.329204267158737,16,0.3685636856368564,0.7899887235342091,0.5833333333333334,-3.224537073176844,157,0.4267515923566879,0.9758270616690937,-0.5729430420821444,26,0.4840764331210191,,0.6,-2.770614209038599
QQQ,"d65ret,d50ret",2,time_asc,-999999.0,-9.999999999999999e+17,False,False,False,76,0.4473684210526316,1.1808287509763131,2.1255283590330913,0,0.2631578947368421,1.8532973217065631,0.3333333333333333,-4.503461113169347,404,0.41336633663366334,1.0634198247762203,3.538334314806673,20,0.39603960396039606,1.4130942853751198,0.5,-5.0788740330173106,167,0.4491017964071856,1.0512568116709828,1.2070023388495579,27,0.5149700598802395,4.061992093380561,0.6,-2.8936522868783134
QQQ,"d65ret,d50ret",2,time_asc,0.0,-9.999999999999999e+17,False,False,False,74,0.4594594594594595,1.2113088927663311,2.4213033832414297,0,0.25675675675675674,1.6269072443676467,0.3333333333333333,-4.20768608896101,369,0.42005420054200543,1.1005667599363778,5.22717630176281,16,0.3712737127371274,0.9565393840482868,0.5833333333333334,-5.078874033017308,157,0.445859872611465,1.0963818748807004,2.1722379570698847,26,0.4968152866242038,2.3017736080555657,0.6,-2.207551747341739
QQQ,"d50ret,d65win",2,time_asc,-999999.0,-9.999999999999997e+17,False,False,False,226,0.48672566371681414,1.252921095629525,5.947750214016845,28,0.23893805309734514,0.8406539985853277,0.6666666666666666,-4.104663186273595,367,0.44959128065395093,1.1365830703080426,5.866032139815415,0,0.444141689373297,0.852364917345532,0.5,-3.6192993352865495,185,0.4648648648648649,0.9779897877016767,-0.5159617751910055,32,0.5243243243243243,,0.6,-3.6016655844412986
QQQ,"d50ret,d65win",2,time_asc,0.0,-9.999999999999997e+17,False,False,False,225,0.49333333333333335,1.2526755015542697,5.867239665097272,28,0.24,0.8251199382584945,0.6666666666666666,-3.8991807090737263,359,0.44846796657381616,1.1038583427644573,4.316876038271084,0,0.4428969359331476,1.1582449798587473,0.5,-3.619299335286547,174,0.47701149425287354,1.021900866487062,0.46704024284880097,29,0.4942528735632184,9.534818513901556,0.4,-3.6016655844412986
QQQ,"d65win,d50ret",2,time_asc,-999999.0,-9.999999999999997e+17,False,False,False,226,0.4911504424778761,1.2703622144794349,6.278491275079956,28,0.24336283185840707,0.796369666044702,0.6666666666666666,-3.8991807090737263,367,0.4659400544959128,1.1581963091213014,6.460520455869503,0,0.44959128065395093,0.7739314555466513,0.5,-3.6585320113781075,185,0.4810810810810811,1.0097288376241809,0.21966737598742592,32,0.5243243243243243,21.735065987643313,0.6,-3.1546564198652645
QQQ,"d65win,d50ret",2,time_asc,0.0,-9.999999999999997e+17,False,False,False,225,0.49333333333333335,1.2541551098535648,5.888121446321396,28,0.24,0.8221937122641002,0.6666666666666666,-3.8991807090737263,359,0.4623955431754875,1.1125566013459398,4.525117409056714,0,0.4456824512534819,1.1049437059893388,0.5,-3.6585320113781066,174,0.4885057471264368,1.056908969095593,1.1715848999633933,29,0.4942528735632184,3.8009571089478587,0.4,-3.096730866134397
QQQ,"d50ret,d80",2,time_asc,-999999.0,-9.999999999999999e+17,False,False,False,177,0.4350282485875706,1.1908702440314447,4.763981219365681,0,0.2033898305084746,1.0495423406949838,0.6666666666666666,-4.362963848850994,410,0.4609756097560976,1.2605283686080369,13.764814123909895,0,0.3902439024390244,0.363245006797066,0.6666666666666666,-4.283292391219019,191,0.42408376963350786,0.8944143001001976,-2.7627739085026546,34,0.49214659685863876,,0.4,-3.871258089942807
QQQ,"d50ret,d80",2,time_asc,0.0,-9.999999999999999e+17,False,False,False,164,0.43902439024390244,1.190601699387401,4.648615669182992,0,0.1951219512195122,1.0755890260290684,0.6666666666666666,-4.362963848850994,390,0.4461538461538462,1.2187572606540786,11.406162140990826,0,0.3641025641025641,0.4383595409389527,0.5833333333333334,-4.156224569928153,174,0.4540229885057471,1.0177065984627387,0.4184553442875772,31,0.40229885057471265,11.948706279549448,0.4,-2.591636424598268
QQQ,"d80,d50ret",2,time_asc,-999999.0,-9.999999999999999e+17,False,False,False,177,0.4350282485875706,1.1919771544290967,4.759370065435257,0,0.2033898305084746,1.0505591982250568,0.6666666666666666,-4.362963848850994,410,0.4658536585365854,1.2362387516255302,12.281725619341799,0,0.3926829268292683,0.40710891571505076,0.6666666666666666,-4.384264589234352,191,0.43455497382198954,0.9179642270430403,-2.0761435291040184,34,0.49214659685863876,,0.4,-4.198386242129455
QQQ,"d80,d50ret",2,time_asc,0.0,-9.999999999999999e+17,False,False,False,164,0.4329268292682927,1.1595669491750689,3.903314186722601,0,0.18902439024390244,1.2809627308526312,0.6666666666666666,-4.362963848850992,390,0.45384615384615384,1.216841928068762,11.144578986663173,0,0.36666666666666664,0.4486486215390953,0.5833333333333334,-4.329695801768597,174,0.46551724137931033,1.0679576460544213,1.5367402004390605,31,0.41379310344827586,3.253640399705464,0.4,-2.7359624057430376
QQQ,"d50ret,d80_front",2,time_asc,-999999.0,-9.999999999999999e+17,False,False,False,145,0.5172413793103449,1.3607285081985867,4.560292992697654,0,0.1793103448275862,0.6821681185827659,0.6666666666666666,-2.9030899320419916,460,0.45869565217391306,1.1463825959366665,6.980662046599985,33,0.40652173913043477,0.7162644411979964,0.6666666666666666,-4.053699712366004,185,0.4648648648648649,1.0519876952812606,1.0963407914797914,29,0.4864864864864865,4.452039317336781,0.6,-4.526228080102987
QQQ,"d50ret,d80_front",2,time_asc,0.0,-9.999999999999999e+17,False,False,False,145,0.5172413793103449,1.3184018809232814,4.047172509012153,0,0.19310344827586207,0.7686567558184084,0.5,-3.2382902505107305,436,0.4610091743119266,1.1265534724955826,5.641850423328901,31,0.3967889908256881,0.8862340588338063,0.5833333333333334,-4.334947031249636,160,0.4375,0.9620942773351541,-0.7216460987736011,23,0.45,,0.4,-3.6846978972658135
QQQ,"d80_front,d50ret",2,time_asc,-999999.0,-9.999999999999999e+17,False,False,False,145,0.5172413793103449,1.3943309422139485,4.860247083777187,0,0.18620689655172415,0.6400675598157193,0.6666666666666666,-2.681309215446542,460,0.46956521739130436,1.1544168795023872,7.035550254533941,33,0.4108695652173913,0.7106764672426061,0.6666666666666666,-4.249017386248941,185,0.4648648648648649,1.009789524920912,0.20375278746740166,29,0.4864864864864865,23.955266426227706,0.6,-4.379017073398228
QQQ,"d80_front,d50ret",2,time_asc,0.0,-9.999999999999999e+17,False,False,False,145,0.5103448275862069,1.320582932664553,4.050560870710891,0,0.19310344827586207,0.7680137616272277,0.5,-3.2349018888119923,436,0.46788990825688076,1.1274899109797614,5.492302900863871,31,0.4013761467889908,0.9103649398531101,0.6666666666666666,-4.250127193680408,160,0.43125,0.9199252108867607,-1.5128375388579884,23,0.45,,0.4,-3.5662610714083747
QQQ,"d50ret,d80_zero",2,time_asc,-999999.0,-9.999999999999999e+17,False,False,False,116,0.4224137931034483,1.0730224663659462,1.396710592044067,0,0.1896551724137931,3.5798396808050033,0.5,-4.720359246440903,363,0.4380165289256198,1.13148389055735,6.801831760036682,0,0.3856749311294766,0.7350961000501187,0.5833333333333334,-2.668139322781716,165,0.40606060606060607,0.9218135040416165,-2.0152558809480396,17,0.47878787878787876,,0.4,-3.7463896184403547
QQQ,"d50ret,d80_zero",2,time_asc,0.0,-9.999999999999999e+17,False,False,False,114,0.4298245614035088,1.0923909303087593,1.7398468922317942,0,0.16666666666666666,2.87381609400482,0.5,-4.712865483146502,307,0.43322475570032576,1.1518847950079463,6.676824112690318,0,0.3745928338762215,0.7488590257300235,0.5833333333333334,-3.145348223997969,113,0.415929203539823,0.9854173719751249,-0.2639726161575422,9,0.415929203539823,,0.6,-3.0137463696163
QQQ,"d80_zero,d50ret",2,time_asc,-999999.0,-9.999999999999999e+17,False,False,False,116,0.43103448275862066,1.080020243682304,1.5149813939378989,0,0.1896551724137931,3.3003705656103635,0.5,-4.476317943483208,363,0.43526170798898073,1.1151074532715586,5.949035292207414,0,0.3856749311294766,0.8404724050888475,0.5833333333333334,-3.329023007689659,165,0.4121212121212121,0.9613478448576933,-0.9842222062688324,17,0.4727272727272727,,0.4,-3.181238449904019
QQQ,"d80_zero,d50ret",2,time_asc,0.0,-9.999999999999999e+17,False,False,False,114,0.43859649122807015,1.1032129467761167,1.917427365595659,0,0.16666666666666666,2.607660707109353,0.5,-4.409514508718774,307,0.42996742671009774,1.1306341133648743,5.74640780306223,0,0.3745928338762215,0.8701088003770855,0.5833333333333334,-3.145348223997967,113,0.4424778761061947,1.0930444446130922,1.615853578271363,9,0.4247787610619469,2.7548648346747733,0.6,-3.0137463696163
QQQ,"d50ret,cons_m2s1c45",2,time_asc,-999999.0,-9.999999999999999e+17,False,False,False,185,0.4594594594594595,1.154666605092456,3.5469744111134576,25,0.3027027027027027,1.1915800869281845,0.6666666666666666,-4.28659184862335,414,0.4492753623188406,1.1335621346687577,7.013751355042577,19,0.4057971014492754,0.7128852659433417,0.5833333333333334,-4.737346574076692,178,0.4606741573033708,1.0425562194223643,0.9734195908943367,29,0.5224719101123596,5.13653109796795,0.6,-3.1754513372219337
QQQ,"d50ret,cons_m2s1c45",2,time_asc,0.0,-9.999999999999999e+17,False,False,False,183,0.46994535519125685,1.192637339039881,4.288279920617958,25,0.3005464480874317,0.9855942604879124,0.6666666666666666,-4.145286339118848,393,0.44529262086513993,1.0794354499356331,3.991772950431765,19,0.39185750636132316,1.2525762517277395,0.6666666666666666,-4.737346574076679,165,0.4666666666666667,1.078635925700543,1.633047314614037,25,0.49696969696969695,2.9908385318098785,0.6,-2.313327772510506
QQQ,"cons_m2s1c45,d50ret",2,time_asc,-999999.0,-9.999999999999999e+17,False,False,False,185,0.4648648648648649,1.1871372336203818,4.151821432048947,25,0.31351351351351353,1.0179879232043023,0.6666666666666666,-4.0623453014470945,414,0.4613526570048309,1.1484040163678009,7.567669732701585,19,0.4033816425120773,0.6607053659323804,0.6666666666666666,-4.7275423704002675,178,0.46629213483146065,1.0324929897721327,0.737641608129566,29,0.5168539325842697,6.77835949720688,0.6,-2.460813289544267
QQQ,"cons_m2s1c45,d50ret",2,time_asc,0.0,-9.999999999999999e+17,False,False,False,183,0.46994535519125685,1.2106811107930704,4.58326766171446,25,0.30601092896174864,0.9221595571282027,0.6666666666666666,-4.23089907178158,393,0.4580152671755725,1.1032282808915663,5.0734993291466886,19,0.3893129770992366,0.9855130898067842,0.6666666666666666,-4.727542370400259,165,0.4727272727272727,1.092853014979903,1.900120769863506,25,0.4909090909090909,2.5704581047062405,0.6,-2.277640580817883
QQQ,"d50ret,cons_m2s2c30",2,time_asc,-999999.0,5.932436357768272,True,False,False,238,0.49159663865546216,1.3145524788595873,8.60929761817535,34,0.19327731092436976,0.5807674704431576,0.8333333333333334,-3.719422006505937,458,0.44541484716157204,1.0765004857370153,4.545019642521892,29,0.3930131004366812,1.1001052565805092,0.5,-5.898660627127437,191,0.4869109947643979,1.1958862932514134,4.5238706873850445,34,0.5026178010471204,1.10524821453068,0.6,-3.0401111899792896
QQQ,"d50ret,cons_m2s2c30",2,time_asc,0.0,6.067837642243436,True,False,False,238,0.5,1.331901071024123,8.98596033277877,34,0.19327731092436976,0.556423555728498,0.8333333333333334,-3.342759291902518,446,0.4484304932735426,1.0585870030800215,3.373315097715899,27,0.38789237668161436,1.4822214513507923,0.4166666666666667,-5.898660627127437,181,0.48066298342541436,1.1668321477536223,3.6476349089898195,30,0.48066298342541436,1.3389993666249185,0.6,-3.4292379056155218
QQQ,"cons_m2s2c30,d50ret",2,time_asc,-999999.0,6.061600030662147,True,False,False,238,0.4957983193277311,1.3437746897048313,9.168112945940859,34,0.20168067226890757,0.54536849943736,0.8333333333333334,-3.5412071524996636,458,0.45633187772925765,1.0875297761063347,5.0741322671533755,29,0.39082969432314413,0.9853901587009745,0.5,-5.56716100529006,191,0.49214659685863876,1.22456460781477,5.075184377482633,34,0.4973821989528796,0.9851858825432613,0.6,-2.108980258265463
QQQ,"cons_m2s2c30,d50ret",2,time_asc,0.0,6.0857618775955,True,False,False,238,0.5,1.3469963236330116,9.234916380705291,34,0.19747899159663865,0.5414234188894885,0.8333333333333334,-3.474403717735231,446,0.45964125560538116,1.0778392817137032,4.404042748359144,27,0.38565022421524664,1.1353204965739485,0.5,-5.56716100529006,181,0.4861878453038674,1.1985737459971073,4.220632236886544,30,0.47513812154696133,1.1572154498870173,0.6,-2.513479504255157
QQQ,"d50ret,cons_m3allc30",2,time_asc,-999999.0,5.932436357768272,True,False,False,238,0.49159663865546216,1.3145524788595873,8.60929761817535,34,0.19327731092436976,0.5807674704431576,0.8333333333333334,-3.719422006505937,458,0.44541484716157204,1.0765004857370153,4.545019642521892,29,0.3930131004366812,1.1001052565805092,0.5,-5.898660627127437,191,0.4869109947643979,1.1958862932514134,4.5238706873850445,34,0.5026178010471204,1.10524821453068,0.6,-3.0401111899792896
QQQ,"d50ret,cons_m3allc30",2,time_asc,0.0,6.067837642243436,True,False,False,238,0.5,1.331901071024123,8.98596033277877,34,0.19327731092436976,0.556423555728498,0.8333333333333334,-3.342759291902518,447,0.44966442953020136,1.0588496747237075,3.388439172592661,27,0.3870246085011186,1.4756056536125612,0.4166666666666667,-5.898660627127437,183,0.48633879781420764,1.1790983855034558,3.9158251686053545,31,0.48633879781420764,1.247292875068741,0.6,-3.3079670778916292
QQQ,"cons_m3allc30,d50ret",2,time_asc,-999999.0,6.061600030662147,True,False,False,238,0.4957983193277311,1.3437746897048313,9.168112945940859,34,0.20168067226890757,0.54536849943736,0.8333333333333334,-3.5412071524996636,458,0.45633187772925765,1.0875297761063347,5.0741322671533755,29,0.39082969432314413,0.9853901587009745,0.5,-5.56716100529006,191,0.49214659685863876,1.22456460781477,5.075184377482633,34,0.4973821989528796,0.9851858825432613,0.6,-2.108980258265463
QQQ,"cons_m3allc30,d50ret",2,time_asc,0.0,6.0857618775955,True,False,False,238,0.5,1.3469963236330116,9.234916380705291,34,0.19747899159663865,0.5414234188894885,0.8333333333333334,-3.474403717735231,447,0.4608501118568233,1.0781065922718105,4.419166823235908,27,0.38478747203579416,1.1314349966853663,0.5,-5.56716100529006,183,0.4918032786885246,1.2111916528657425,4.488822496502079,31,0.4808743169398907,1.088076179582132,0.6,-2.392208676531265
QQQ,"d50ret,cons_m3s2c30",2,time_asc,-999999.0,5.932436357768272,True,False,False,238,0.49159663865546216,1.3145524788595873,8.60929761817535,34,0.19327731092436976,0.5807674704431576,0.8333333333333334,-3.719422006505937,458,0.44541484716157204,1.0765004857370153,4.545019642521892,29,0.3930131004366812,1.1001052565805092,0.5,-5.898660627127437,191,0.4869109947643979,1.1958862932514134,4.5238706873850445,34,0.5026178010471204,1.10524821453068,0.6,-3.0401111899792896
QQQ,"d50ret,cons_m3s2c30",2,time_asc,0.0,6.067837642243436,True,False,False,238,0.5,1.331901071024123,8.98596033277877,34,0.19327731092436976,0.556423555728498,0.8333333333333334,-3.342759291902518,446,0.4484304932735426,1.0585870030800215,3.373315097715899,27,0.38789237668161436,1.4822214513507923,0.4166666666666667,-5.898660627127437,182,0.4835164835164835,1.172378720575144,3.7689057367137107,30,0.4835164835164835,1.295914828868886,0.6,-3.3079670778916297
QQQ,"cons_m3s2c30,d50ret",2,time_asc,-999999.0,6.061600030662147,True,False,False,238,0.4957983193277311,1.3437746897048313,9.168112945940859,34,0.20168067226890757,0.54536849943736,0.8333333333333334,-3.5412071524996636,458,0.45633187772925765,1.0875297761063347,5.0741322671533755,29,0.39082969432314413,0.9853901587009745,0.5,-5.56716100529006,191,0.49214659685863876,1.22456460781477,5.075184377482633,34,0.4973821989528796,0.9851858825432613,0.6,-2.108980258265463
QQQ,"cons_m3s2c30,d50ret",2,time_asc,0.0,6.0857618775955,True,False,False,238,0.5,1.3469963236330116,9.234916380705291,34,0.19747899159663865,0.5414234188894885,0.8333333333333334,-3.474403717735231,446,0.45964125560538116,1.0778392817137032,4.404042748359144,27,0.38565022421524664,1.1353204965739485,0.5,-5.56716100529006,182,0.489010989010989,1.2042793372900051,4.341903064610435,30,0.47802197802197804,1.1248940292163179,0.6,-2.392208676531265
QQQ,"d65ret,d65win",2,time_asc,-999999.0,5.69766455119082,True,False,False,219,0.4885844748858447,1.3535391851951708,8.159409360580788,20,0.2237442922374429,0.612789453138076,0.6666666666666666,-3.8991807090737263,383,0.43342036553524804,1.0055878093894208,0.2594536929595721,0,0.4360313315926893,19.271261638118585,0.5,-7.2967846971627885,186,0.4838709677419355,1.134028566028346,3.0288248701838887,32,0.6129032258064516,1.6508052509805349,0.6,-2.8891481748463814
QQQ,"d65ret,d65win",2,time_asc,0.0,5.69766455119082,True,False,False,219,0.4885844748858447,1.3535391851951708,8.159409360580788,20,0.2237442922374429,0.612789453138076,0.6666666666666666,-3.8991807090737263,376,0.4441489361702128,1.0639293253534574,2.8645562830288878,0,0.4308510638297872,1.7454710279642907,0.5833333333333334,-6.775696347687574,185,0.4918918918918919,1.1464500806869586,3.2690548963300783,31,0.6108108108108108,1.5294940460048938,0.6,-2.8891481748463814
QQQ,"d65win,d65ret",2,time_asc,-999999.0,5.697664551190821,True,False,False,219,0.4885844748858447,1.353539185195171,8.159409360580787,20,0.2237442922374429,0.6127894531380762,0.6666666666666666,-3.8991807090737263,383,0.4281984334203655,0.9754354849529434,-1.142558274254311,0,0.4386422976501306,,0.5,-7.296784697162794,186,0.4838709677419355,1.1162676605740423,2.6274576560811704,32,0.6129032258064516,1.9029802396349387,0.6,-2.8891481748463814
QQQ,"d65win,d65ret",2,time_asc,0.0,5.697664551190821,True,False,False,219,0.4885844748858447,1.353539185195171,8.159409360580787,20,0.2237442922374429,0.6127894531380762,0.6666666666666666,-3.8991807090737263,376,0.44148936170212766,1.0397856048597185,1.7743171665196185,0,0.43351063829787234,2.817985473142699,0.5833333333333334,-6.775696347687578,185,0.4918918918918919,1.128469268876049,2.8676876822273614,31,0.6108108108108108,1.7435650440554429,0.6,-2.8891481748463814
QQQ,"d65ret,d80",2,time_asc,-999999.0,-9.999999999999999e+17,False,False,False,177,0.4124293785310734,1.114636279152701,3.049587633709824,0,0.1864406779661017,1.639565934990856,0.6666666666666666,-4.362963848850994,376,0.44680851063829785,1.1807680645634473,8.746768753104082,20,0.39893617021276595,0.5716396695894794,0.75,-2.904076095067386,191,0.4607329842931937,1.096521823041445,2.4356195082337635,34,0.5654450261780105,2.0528658039965553,0.6,-4.42812030454111
QQQ,"d65ret,d80",2,time_asc,0.0,-9.999999999999999e+17,False,False,False,168,0.39880952380952384,1.0574472002603366,1.5473044283245532,0,0.20833333333333334,3.2314261553649675,0.6666666666666666,-4.362963848850994,362,0.4558011049723757,1.2322510983678672,10.96878185504973,16,0.3839779005524862,0.4558391320088233,0.8333333333333334,-3.332090951155007,183,0.47540983606557374,1.1494529511736822,3.627130901373815,33,0.5245901639344263,1.3785000144621735,0.8,-4.42812030454111
QQQ,"d80,d65ret",2,time_asc,-999999.0,-9.999999999999999e+17,False,False,False,177,0.4350282485875706,1.139412488264691,3.582038853182854,0,0.1864406779661017,1.3958530895211265,0.6666666666666666,-4.362963848850993,376,0.4574468085106383,1.1889168117045434,9.022609490861232,20,0.40425531914893614,0.5541634052836234,0.6666666666666666,-3.318951474323274,191,0.46596858638743455,1.13426089731997,3.2004688630939624,34,0.5654450261780105,1.5622710964812798,0.6,-4.140675623779037
QQQ,"d80,d65ret",2,time_asc,0.0,-9.999999999999999e+17,False,False,False,168,0.4226190476190476,1.0844577825692834,2.188873941580555,0,0.20833333333333334,2.284279558095324,0.6666666666666666,-4.362963848850994,362,0.4585635359116022,1.211919796499211,10.010722587550976,16,0.3839779005524862,0.4994644448761216,0.75,-3.3030118323063675,183,0.48633879781420764,1.2210563218511028,5.0137603134957125,33,0.5300546448087432,0.9972554903634556,0.8,-4.140675623779036
QQQ,"d65ret,d80_front",2,time_asc,-999999.0,-9.999999999999999e+17,False,False,False,154,0.525974025974026,1.466022472474018,6.76229814368513,0,0.21428571428571427,0.4832571150653792,0.6666666666666666,-3.116671129188826,409,0.4572127139364303,1.1455719290722295,5.718666085611788,20,0.44987775061124696,0.8743297694159906,0.5833333333333334,-4.769405203842318,186,0.4731182795698925,1.157035609341903,3.124659591194945,32,0.6075268817204301,1.5658001886531623,0.6,-4.90058571420197
QQQ,"d65ret,d80_front",2,time_asc,0.0,-9.999999999999999e+17,False,False,False,154,0.525974025974026,1.466022472474018,6.76229814368513,0,0.21428571428571427,0.4832571150653792,0.6666666666666666,-3.116671129188826,403,0.47642679900744417,1.2165768112553523,8.218112464562429,20,0.4441687344913151,0.6084122140650485,0.5833333333333334,-4.769405203842316,181,0.4861878453038674,1.1855306981331188,3.6548611881499493,29,0.5966850828729282,1.3680410123950413,0.8,-4.157293010828139
QQQ,"d80_front,d65ret",2,time_asc,-999999.0,-9.999999999999999e+17,False,False,False,154,0.525974025974026,1.466022472474018,6.76229814368513,0,0.21428571428571427,0.4832571150653792,0.6666666666666666,-3.116671129188826,409,0.4669926650366748,1.159483725550348,6.051479099887233,20,0.44987775061124696,0.8262442813515084,0.5833333333333334,-4.6624299063015595,186,0.478494623655914,1.2178424759778739,4.138745980128354,32,0.6075268817204301,1.1821437220020508,0.8,-3.9830853895656286
QQQ,"d80_front,d65ret",2,time_asc,0.0,-9.999999999999999e+17,False,False,False,154,0.525974025974026,1.466022472474018,6.76229814368513,0,0.21428571428571427,0.4832571150653792,0.6666666666666666,-3.116671129188826,403,0.4838709677419355,1.2219380480869229,8.206777422645384,20,0.4441687344913151,0.6092525412232142,0.5833333333333334,-4.662429906301557,181,0.49171270718232046,1.2383098061447517,4.502981247443264,29,0.6022099447513812,1.1103754879811985,0.8,-3.7248964195527523
QQQ,"d65ret,d80_zero",2,time_asc,-999999.0,-9.999999999999999e+17,False,False,False,116,0.4396551724137931,1.1766599779445992,3.2791894867905014,0,0.23275862068965517,1.5247670255535424,0.5,-3.1977856464463317,330,0.403030303030303,1.0430141614377788,2.1205983142704854,0,0.3333333333333333,2.3578251318756083,0.5,-3.920035317499856,177,0.4180790960451977,1.0466477625133976,1.1935164971939036,31,0.5706214689265536,4.189301121313013,0.6,-3.66444695326839
QQQ,"d65ret,d80_zero",2,time_asc,0.0,-9.999999999999999e+17,False,False,False,114,0.43859649122807015,1.1979411782848035,3.614832023683828,0,0.21929824561403508,1.3831901364270214,0.5,-3.1977856464463317,279,0.44086021505376344,1.1839686997333887,7.279809418793919,0,0.3333333333333333,0.686831167185744,0.6666666666666666,-3.920035317499854,150,0.43333333333333335,1.1001055230281032,2.1964050316776778,22,0.5666666666666667,2.2764471615605686,0.4,-3.516651161164556
QQQ,"d80_zero,d65ret",2,time_asc,-999999.0,-9.999999999999999e+17,False,False,False,116,0.4482758620689655,1.1544853385470804,2.821234842636564,0,0.23275862068965517,1.7722735890101537,0.5,-3.1958893743415695,330,0.4,1.0266249640743592,1.320598314270486,0,0.3333333333333333,3.7861626400470296,0.5,-3.920035317499856,177,0.4180790960451977,1.028662857264239,0.7327809658862441,31,0.5649717514124294,6.823321337165018,0.6,-2.8442529696261
QQQ,"d80_zero,d65ret",2,time_asc,0.0,-9.999999999999999e+17,False,False,False,114,0.4473684210526316,1.175751616860863,3.1568773795298917,0,0.21929824561403508,1.5838435893713991,0.5,-3.19588937434157,279,0.43727598566308246,1.1625197148778597,6.479809418793919,0,0.3333333333333333,0.7716276323649416,0.6666666666666666,-3.920035317499854,150,0.4533333333333333,1.1625757945186013,3.4207406475037683,22,0.58,1.461671759198895,0.6,-2.716651161164556
QQQ,"d65ret,cons_m2s1c45",2,time_asc,-999999.0,-9.999999999999999e+17,False,False,False,186,0.4838709677419355,1.3272936133314026,7.261494617731925,25,0.3655913978494624,0.5389244088783227,0.6666666666666666,-2.305164615455827,386,0.4378238341968912,1.0322748067368397,1.6136841933302142,23,0.3911917098445596,3.0984997068610634,0.6666666666666666,-6.341179206596188,180,0.48333333333333334,1.187846798833543,4.028193800652977,31,0.6166666666666667,1.2231495058552637,0.6,-2.19509411535595
QQQ,"d65ret,cons_m2s1c45",2,time_asc,0.0,-9.999999999999999e+17,False,False,False,184,0.4891304347826087,1.3641859648821686,7.861494617731925,25,0.358695652173913,0.4977929623722533,0.6666666666666666,-2.305164615455828,374,0.446524064171123,1.068938805050767,3.3241061733824826,20,0.37967914438502676,1.5041637478480996,0.6666666666666666,-6.336670151784542,176,0.4943181818181818,1.2424857225137322,5.033230352146701,30,0.6079545454545454,0.9933978082023351,0.6,-2.19509411535595
QQQ,"cons_m2s1c45,d65ret",2,time_asc,-999999.0,-9.999999999999999e+17,False,False,False,186,0.4838709677419355,1.3180459503884254,7.056321488921028,25,0.3655913978494624,0.5545944442268732,0.6666666666666666,-2.3051646154558263,386,0.4430051813471503,1.0460393493788132,2.274804569035459,23,0.3911917098445596,2.197991013408265,0.5833333333333334,-5.570263840775617,180,0.48333333333333334,1.175712171321909,3.7386989710912344,31,0.6166666666666667,1.3178603826774078,0.6,-2.899734866931352
QQQ,"cons_m2s1c45,d65ret",2,time_asc,0.0,-9.999999999999999e+17,False,False,False,184,0.4891304347826087,1.3546812615760881,7.656321488921028,25,0.358695652173913,0.5111327548218979,0.6666666666666666,-2.305164615455828,374,0.44919786096256686,1.0681842321483497,3.2700418846012247,20,0.37967914438502676,1.5290324027790674,0.5833333333333334,-5.565754785963971,176,0.4943181818181818,1.2246078490257706,4.646545337772681,30,0.6079545454545454,1.076068269334212,0.6,-2.5997348669313523
QQQ,"d65ret,cons_m2s2c30",2,time_asc,-999999.0,6.395618690388662,True,False,False,240,0.5083333333333333,1.3941391856083836,10.896222677893922,37,0.2125,0.4588746162598088,0.8333333333333334,-3.072833825988707,463,0.4449244060475162,1.063763997588819,3.7618581706092673,27,0.4060475161987041,1.32913038536756,0.6666666666666666,-7.371305809437022,190,0.4842105263157895,1.1977512018098257,4.482172461056116,34,0.5684210526315789,1.1155304806861157,0.8,-2.413568687055667
QQQ,"d65ret,cons_m2s2c30",2,time_asc,0.0,6.395618690388662,True,False,False,240,0.5083333333333333,1.3941391856083836,10.896222677893922,37,0.2125,0.4588746162598088,0.8333333333333334,-3.072833825988707,454,0.45154185022026433,1.1007938465328269,5.7858648042627845,26,0.3920704845814978,0.8641750488736287,0.75,-7.37130580943702,188,0.4946808510638298,1.24922197987948,5.4758468119562105,33,0.574468085106383,0.9131007808842962,0.8,-2.236899222805955
QQQ,"cons_m2s2c30,d65ret",2,time_asc,-999999.0,6.365787297006562,True,False,False,240,0.5083333333333333,1.3867176440073377,10.691049549083026,37,0.2125,0.46768093039367226,0.8333333333333334,-3.072833825988707,463,0.44924406047516197,1.079393672498152,4.622114377090166,27,0.4060475161987041,1.081756008631645,0.5833333333333334,-5.609724849518857,190,0.4842105263157895,1.1863488266088331,4.192677631494371,34,0.5684210526315789,1.1925553165454983,0.8,-2.5249263015548866
QQQ,"cons_m2s2c30,d65ret",2,time_asc,0.0,6.365787297006562,True,False,False,240,0.5083333333333333,1.3867176440073377,10.691049549083026,37,0.2125,0.46768093039367226,0.8333333333333334,-3.072833825988707,454,0.45374449339207046,1.104137397730531,5.9309363462571785,26,0.3920704845814978,0.8430372049356655,0.6666666666666666,-5.609724849518855,188,0.4946808510638298,1.2323571760064091,5.08916179758219,33,0.574468085106383,0.9824800623111354,0.8,-2.5249263015548866
QQQ,"d65ret,cons_m3allc30",2,time_asc,-999999.0,6.395618690388662,True,False,False,240,0.5083333333333333,1.3941391856083836,10.896222677893922,37,0.2125,0.4588746162598088,0.8333333333333334,-3.072833825988707,463,0.4449244060475162,1.063763997588819,3.7618581706092673,27,0.4060475161987041,1.32913038536756,0.6666666666666666,-7.371305809437022,190,0.4842105263157895,1.1977512018098257,4.482172461056116,34,0.5684210526315789,1.1155304806861157,0.8,-2.413568687055667
QQQ,"d65ret,cons_m3allc30",2,time_asc,0.0,6.395618690388662,True,False,False,240,0.5083333333333333,1.3941391856083836,10.896222677893922,37,0.2125,0.4588746162598088,0.8333333333333334,-3.072833825988707,454,0.45154185022026433,1.1007938465328269,5.7858648042627845,26,0.3920704845814978,0.8641750488736287,0.75,-7.37130580943702,188,0.4946808510638298,1.24922197987948,5.4758468119562105,33,0.574468085106383,0.9131007808842962,0.8,-2.236899222805955
QQQ,"cons_m3allc30,d65ret",2,time_asc,-999999.0,6.365787297006562,True,False,False,240,0.5083333333333333,1.3867176440073377,10.691049549083026,37,0.2125,0.46768093039367226,0.8333333333333334,-3.072833825988707,463,0.44924406047516197,1.079393672498152,4.622114377090166,27,0.4060475161987041,1.081756008631645,0.5833333333333334,-5.609724849518857,190,0.4842105263157895,1.1863488266088331,4.192677631494371,34,0.5684210526315789,1.1925553165454983,0.8,-2.5249263015548866
QQQ,"cons_m3allc30,d65ret",2,time_asc,0.0,6.365787297006562,True,False,False,240,0.5083333333333333,1.3867176440073377,10.691049549083026,37,0.2125,0.46768093039367226,0.8333333333333334,-3.072833825988707,454,0.45374449339207046,1.104137397730531,5.9309363462571785,26,0.3920704845814978,0.8430372049356655,0.6666666666666666,-5.609724849518855,188,0.4946808510638298,1.2323571760064091,5.08916179758219,33,0.574468085106383,0.9824800623111354,0.8,-2.5249263015548866
QQQ,"d65ret,cons_m3s2c30",2,time_asc,-999999.0,6.395618690388662,True,False,False,240,0.5083333333333333,1.3941391856083836,10.896222677893922,37,0.2125,0.4588746162598088,0.8333333333333334,-3.072833825988707,463,0.4449244060475162,1.063763997588819,3.7618581706092673,27,0.4060475161987041,1.32913038536756,0.6666666666666666,-7.371305809437022,190,0.4842105263157895,1.1977512018098257,4.482172461056116,34,0.5684210526315789,1.1155304806861157,0.8,-2.413568687055667
QQQ,"d65ret,cons_m3s2c30",2,time_asc,0.0,6.395618690388662,True,False,False,240,0.5083333333333333,1.3941391856083836,10.896222677893922,37,0.2125,0.4588746162598088,0.8333333333333334,-3.072833825988707,454,0.45154185022026433,1.1007938465328269,5.7858648042627845,26,0.3920704845814978,0.8641750488736287,0.75,-7.37130580943702,188,0.4946808510638298,1.24922197987948,5.4758468119562105,33,0.574468085106383,0.9131007808842962,0.8,-2.236899222805955
QQQ,"cons_m3s2c30,d65ret",2,time_asc,-999999.0,6.365787297006562,True,False,False,240,0.5083333333333333,1.3867176440073377,10.691049549083026,37,0.2125,0.46768093039367226,0.8333333333333334,-3.072833825988707,463,0.44924406047516197,1.079393672498152,4.622114377090166,27,0.4060475161987041,1.081756008631645,0.5833333333333334,-5.609724849518857,190,0.4842105263157895,1.1863488266088331,4.192677631494371,34,0.5684210526315789,1.1925553165454983,0.8,-2.5249263015548866
QQQ,"cons_m3s2c30,d65ret",2,time_asc,0.0,6.365787297006562,True,False,False,240,0.5083333333333333,1.3867176440073377,10.691049549083026,37,0.2125,0.46768093039367226,0.8333333333333334,-3.072833825988707,454,0.45374449339207046,1.104137397730531,5.9309363462571785,26,0.3920704845814978,0.8430372049356655,0.6666666666666666,-5.609724849518855,188,0.4946808510638298,1.2323571760064091,5.08916179758219,33,0.574468085106383,0.9824800623111354,0.8,-2.5249263015548866
QQQ,"d65win,d80",2,time_asc,-999999.0,6.067254881197783,True,False,False,250,0.496,1.3718142406049252,10.325530307647838,38,0.208,0.48423663008345796,0.8333333333333334,-4.380253997515569,401,0.4713216957605985,1.1964222565700768,9.125760268760843,0,0.4164588528678304,0.5478995560639391,0.5833333333333334,-4.724452941953652,187,0.5401069518716578,1.2900205858877263,5.496251227146104,34,0.6042780748663101,0.865651005296556,0.6,-2.0779919003257534
QQQ,"d65win,d80",2,time_asc,0.0,5.943816794110363,True,False,True,250,0.488,1.3356395906442342,9.552231329631471,38,0.204,0.5234379096839672,0.8333333333333334,-4.380253997515569,397,0.47103274559193953,1.1950921910075103,9.081357740344458,0,0.4080604534005038,0.5505784644720261,0.5833333333333334,-4.708513299936746,183,0.5628415300546448,1.3571953332942137,6.441487033676291,33,0.5683060109289617,0.7762182821854406,0.6,-2.3256429236183216
QQQ,"d80,d65win",2,time_asc,-999999.0,5.887952755587697,True,False,False,250,0.488,1.3377315757767234,9.461582342116463,38,0.208,0.5284528337023963,0.8333333333333334,-4.62767887970217,401,0.4763092269326683,1.188974964307348,8.719401319189227,0,0.4139650872817955,0.5734338651205614,0.5833333333333334,-4.591379986458062,187,0.5133689839572193,1.2680886186623772,5.244071180685901,34,0.5989304812834224,0.9072789510685381,0.6,-2.6052877502936935
QQQ,"d80,d65win",2,time_asc,0.0,5.8483605009527135,True,False,True,250,0.484,1.3229572940852556,9.25585911941228,38,0.204,0.5401983689999686,0.8333333333333334,-4.62767887970217,397,0.4760705289672544,1.187687175628266,8.67671414262639,0,0.40554156171284633,0.5762550105732226,0.5833333333333334,-4.575440344441155,183,0.5355191256830601,1.3347010898175447,6.224540889315444,33,0.5628415300546448,0.8032720949078519,0.6,-2.66010001930063
QQQ,"d65win,d80_front",2,time_asc,-999999.0,5.818786244269487,True,False,False,247,0.5222672064777328,1.407305021019802,8.346651818060861,37,0.242914979757085,0.5990425992349141,0.6666666666666666,-3.995560798737399,433,0.45727482678983833,1.0261911686723382,1.0456931416274613,20,0.43187066974595845,4.781517446139376,0.5,-4.909455511994695,178,0.5393258426966292,1.2648736210039924,3.7755506375046153,30,0.6179775280898876,1.0977480791426726,0.8,-2.494469140265183
QQQ,"d65win,d80_front",2,time_asc,0.0,5.818786244269487,True,False,False,247,0.5222672064777328,1.407305021019802,8.346651818060861,37,0.242914979757085,0.5990425992349141,0.6666666666666666,-3.995560798737399,424,0.45754716981132076,1.0393538579331643,1.5387500599560715,20,0.42924528301886794,3.24939061262668,0.5,-4.640198490108062,176,0.5340909090909091,1.2276919576184973,3.281602564896458,30,0.625,1.2629815396787258,0.6,-2.494469140265183
QQQ,"d80_front,d65win",2,time_asc,-999999.0,5.829792854054164,True,False,False,247,0.5303643724696356,1.419250923274694,8.264675771449786,37,0.24696356275303644,0.6049844105527327,0.6666666666666666,-3.9737909738924166,433,0.4618937644341801,1.045205124727463,1.6767298887754751,20,0.43187066974595845,2.981994913713578,0.5,-4.0192311530984846,178,0.5,1.1771260724153545,2.459216048438135,30,0.6235955056179775,1.6706966291982674,0.8,-3.1612425673536215
QQQ,"d80_front,d65win",2,time_asc,0.0,5.829792854054164,True,False,False,247,0.5303643724696356,1.419250923274694,8.264675771449786,37,0.24696356275303644,0.6049844105527327,0.6666666666666666,-3.9737909738924166,424,0.46226415094339623,1.0588911161583257,2.1376685041490315,20,0.42924528301886794,2.3389968979266094,0.5,-3.7192311530984847,176,0.4943181818181818,1.1399534854232487,1.9652679758299771,30,0.6306818181818182,2.090607496344471,0.6,-3.1612425673536215
QQQ,"d65win,d80_zero",2,time_asc,-999999.0,-9.999999999999997e+17,False,False,False,235,0.48936170212765956,1.2413747178902073,6.328373680444914,20,0.2297872340425532,0.7900924080147677,0.6666666666666666,-3.91521140077474,367,0.44686648501362397,1.0545726342903978,2.461623876586094,0,0.3978201634877384,2.0311795183487806,0.5,-4.991229307903924,181,0.4861878453038674,1.155620489098239,3.3760933390423684,28,0.5966850828729282,1.438498066608655,0.8,-3.376376791261439
QQQ,"d65win,d80_zero",2,time_asc,0.0,-9.999999999999997e+17,False,False,True,233,0.4892703862660944,1.2600699551052061,6.706771212095061,20,0.22746781115879827,0.7455152176628521,0.6666666666666666,-3.91521140077474,338,0.47041420118343197,1.1597968977343736,6.061904060353861,0,0.4378698224852071,0.824823347617964,0.6666666666666666,-4.040225461201122,169,0.5621301775147929,1.5535378283795458,8.45850990602748,28,0.6568047337278107,0.5741559441151795,0.8,-2.81140971557262
QQQ,"d80_zero,d65win",2,time_asc,-999999.0,-9.999999999999997e+17,False,False,False,235,0.48936170212765956,1.2319188625881705,6.102462189346623,20,0.2297872340425532,0.8193414141473507,0.6666666666666666,-3.91521140077474,367,0.44686648501362397,1.0545726342903976,2.461623876586093,0,0.3978201634877384,2.031179518348781,0.5,-4.991229307903924,181,0.48066298342541436,1.1597529779224085,3.4990801318714384,28,0.5911602209944752,1.3879372743331164,0.8,-3.376376791261439
QQQ,"d80_zero,d65win",2,time_asc,0.0,-9.999999999999997e+17,False,False,True,233,0.4892703862660944,1.250388589031379,6.480859720996772,20,0.22746781115879827,0.7715025807148604,0.6666666666666666,-3.91521140077474,338,0.47041420118343197,1.1597968977343738,6.061904060353861,0,0.4378698224852071,0.824823347617964,0.6666666666666666,-4.040225461201122,169,0.5621301775147929,1.5535378283795458,8.45850990602748,28,0.6568047337278107,0.5741559441151795,0.8,-2.81140971557262
QQQ,"d65win,cons_m2s1c45",2,time_asc,-999999.0,-9.999999999999997e+17,False,False,True,243,0.4897119341563786,1.2770861402225826,7.2518774232639185,30,0.24691358024691357,0.6894766290395467,0.6666666666666666,-3.8991807090737263,394,0.4467005076142132,1.032398475025519,1.4606298156232898,19,0.41624365482233505,3.4231808405652506,0.5833333333333334,-6.647466126187961,184,0.5489130434782609,1.5529579794023078,9.18701335725217,33,0.6195652173913043,0.513267231228597,0.8,-2.5844850845278033
QQQ,"d65win,cons_m2s1c45",2,time_asc,0.0,-9.999999999999997e+17,False,False,True,242,0.49173553719008267,1.2918946964398539,7.551877423263919,30,0.24380165289256198,0.6620870175404676,0.6666666666666666,-3.8991807090737263,384,0.4453125,1.0249367562436291,1.0948689694706601,19,0.4036458333333333,4.566756515546665,0.5833333333333334,-7.2256699959381745,181,0.5524861878453039,1.5240204787064338,8.548345345610382,32,0.6132596685082873,0.5286397259575583,0.8,-2.5844850845278033
QQQ,"cons_m2s1c45,d65win",2,time_asc,-999999.0,-9.999999999999997e+17,False,False,True,243,0.48148148148148145,1.2676901082715688,7.088540779123852,30,0.24691358024691357,0.7053637914766998,0.6666666666666666,-3.8991807090737263,394,0.44416243654822335,1.017830768218801,0.8140668727928917,19,0.41624365482233505,6.1420015567591575,0.5833333333333334,-6.919353684694828,184,0.5489130434782609,1.5529579794023078,9.18701335725217,33,0.6195652173913043,0.513267231228597,0.8,-2.5844850845278033
QQQ,"cons_m2s1c45,d65win",2,time_asc,0.0,-9.999999999999997e+17,False,False,True,242,0.4834710743801653,1.2822165116967084,7.388540779123852,30,0.24380165289256198,0.6767236115319796,0.6666666666666666,-3.8991807090737263,384,0.4427083333333333,1.0100793398506065,0.4483060266402612,19,0.4036458333333333,11.153095659836403,0.5833333333333334,-7.4975575544450415,181,0.5524861878453039,1.5240204787064338,8.548345345610382,32,0.6132596685082873,0.5286397259575583,0.8,-2.5844850845278033
QQQ,"d65win,cons_m2s2c30",2,time_asc,-999999.0,6.014313112849414,True,False,True,255,0.49411764705882355,1.328695903150069,9.295608333073089,39,0.20392156862745098,0.5378884114781782,0.8333333333333334,-3.899180709073727,457,0.45295404814004375,1.0529734059171678,2.8566574514371514,29,0.40043763676148797,1.7502973615140862,0.6666666666666666,-4.964706079718152,190,0.5578947368421052,1.6130443442316875,10.605961827935811,34,0.5947368421052631,0.4714329620563161,0.8,-2.5844850845278033
QQQ,"d65win,cons_m2s2c30",2,time_asc,0.0,6.014313112849414,True,False,True,255,0.49411764705882355,1.328695903150069,9.295608333073089,39,0.20392156862745098,0.5378884114781782,0.8333333333333334,-3.899180709073727,450,0.4533333333333333,1.0591850775751022,3.12783374010048,29,0.39555555555555555,1.5985504395254007,0.6666666666666666,-4.964706079718151,185,0.5621621621621622,1.599944100792178,10.104364995313166,32,0.6,0.48200242995198106,0.8,-2.5844850845278033
QQQ,"cons_m2s2c30,d65win",2,time_asc,-999999.0,5.970889212659338,True,False,True,255,0.48627450980392156,1.315071860745663,9.037399858792206,39,0.20392156862745098,0.5532564762126415,0.8333333333333334,-3.899180709073727,457,0.45076586433260396,1.0479242501734614,2.6117826683804406,29,0.3982494529540481,1.9144012480565569,0.6666666666666666,-4.964706079718152,190,0.5526315789473685,1.5896064930030769,10.377357683682957,34,0.5894736842105263,0.4818182192815661,0.8,-2.5844850845278033
QQQ,"cons_m2s2c30,d65win",2,time_asc,0.0,5.970889212659338,True,False,True,255,0.48627450980392156,1.315071860745663,9.037399858792206,39,0.20392156862745098,0.5532564762126415,0.8333333333333334,-3.899180709073727,450,0.45111111111111113,1.0539675420251533,2.882958957043767,29,0.3933333333333333,1.7343292341307146,0.6666666666666666,-4.964706079718152,185,0.5567567567567567,1.5761088922201125,9.87576085106031,32,0.5945945945945946,0.49315982376586015,0.8,-2.5844850845278033
QQQ,"d65win,cons_m3allc30",2,time_asc,-999999.0,6.014313112849414,True,False,True,255,0.49411764705882355,1.328695903150069,9.295608333073089,39,0.20392156862745098,0.5378884114781782,0.8333333333333334,-3.899180709073727,457,0.45295404814004375,1.0529734059171678,2.8566574514371514,29,0.40043763676148797,1.7502973615140862,0.6666666666666666,-4.964706079718152,190,0.5578947368421052,1.6130443442316875,10.605961827935811,34,0.5947368421052631,0.4714329620563161,0.8,-2.5844850845278033
QQQ,"d65win,cons_m3allc30",2,time_asc,0.0,6.014313112849414,True,False,True,255,0.49411764705882355,1.328695903150069,9.295608333073089,39,0.20392156862745098,0.5378884114781782,0.8333333333333334,-3.899180709073727,451,0.45454545454545453,1.0594712563234663,3.1429578149772412,29,0.3946784922394678,1.5908581324805997,0.6666666666666666,-4.964706079718151,186,0.5591397849462365,1.5719439688300152,9.804364995313165,32,0.5967741935483871,0.49675103723605496,0.8,-2.5844850845278033
QQQ,"cons_m3allc30,d65win",2,time_asc,-999999.0,5.970889212659338,True,False,True,255,0.48627450980392156,1.315071860745663,9.037399858792206,39,0.20392156862745098,0.5532564762126415,0.8333333333333334,-3.899180709073727,457,0.45076586433260396,1.0479242501734614,2.6117826683804406,29,0.3982494529540481,1.9144012480565569,0.6666666666666666,-4.964706079718152,190,0.5526315789473685,1.5896064930030769,10.377357683682957,34,0.5894736842105263,0.4818182192815661,0.8,-2.5844850845278033
QQQ,"cons_m3allc30,d65win",2,time_asc,0.0,5.970889212659338,True,False,True,255,0.48627450980392156,1.315071860745663,9.037399858792206,39,0.20392156862745098,0.5532564762126415,0.8333333333333334,-3.899180709073727,451,0.4523281596452328,1.054250657101942,2.898083031920529,29,0.3924611973392461,1.7252783805461063,0.6666666666666666,-4.964706079718152,186,0.553763440860215,1.5490003119131357,9.575760851060311,32,0.5913978494623656,0.5086100787827631,0.8,-2.5844850845278033
QQQ,"d65win,cons_m3s2c30",2,time_asc,-999999.0,6.014313112849414,True,False,True,255,0.49411764705882355,1.328695903150069,9.295608333073089,39,0.20392156862745098,0.5378884114781782,0.8333333333333334,-3.899180709073727,457,0.45295404814004375,1.0529734059171678,2.8566574514371514,29,0.40043763676148797,1.7502973615140862,0.6666666666666666,-4.964706079718152,190,0.5578947368421052,1.6130443442316875,10.605961827935811,34,0.5947368421052631,0.4714329620563161,0.8,-2.5844850845278033
QQQ,"d65win,cons_m3s2c30",2,time_asc,0.0,6.014313112849414,True,False,True,255,0.49411764705882355,1.328695903150069,9.295608333073089,39,0.20392156862745098,0.5378884114781782,0.8333333333333334,-3.899180709073727,450,0.4533333333333333,1.0591850775751022,3.12783374010048,29,0.39555555555555555,1.5985504395254007,0.6666666666666666,-4.964706079718151,186,0.5591397849462365,1.5719439688300152,9.804364995313165,32,0.5967741935483871,0.49675103723605496,0.8,-2.5844850845278033
QQQ,"cons_m3s2c30,d65win",2,time_asc,-999999.0,5.970889212659338,True,False,True,255,0.48627450980392156,1.315071860745663,9.037399858792206,39,0.20392156862745098,0.5532564762126415,0.8333333333333334,-3.899180709073727,457,0.45076586433260396,1.0479242501734614,2.6117826683804406,29,0.3982494529540481,1.9144012480565569,0.6666666666666666,-4.964706079718152,190,0.5526315789473685,1.5896064930030769,10.377357683682957,34,0.5894736842105263,0.4818182192815661,0.8,-2.5844850845278033
QQQ,"cons_m3s2c30,d65win",2,time_asc,0.0,5.970889212659338,True,False,True,255,0.48627450980392156,1.315071860745663,9.037399858792206,39,0.20392156862745098,0.5532564762126415,0.8333333333333334,-3.899180709073727,450,0.45111111111111113,1.0539675420251533,2.882958957043767,29,0.3933333333333333,1.7343292341307146,0.6666666666666666,-4.964706079718152,186,0.553763440860215,1.5490003119131357,9.575760851060311,32,0.5913978494623656,0.5086100787827631,0.8,-2.5844850845278033
QQQ,"d80,d80_front",2,time_asc,-999999.0,5.652696282795372,True,True,True,216,0.48148148148148145,1.3156518724174655,7.559911221833405,22,0.2037037037037037,0.6613834280963179,0.8333333333333334,-4.383278422937092,453,0.5033112582781457,1.37925866290155,16.21653765543183,34,0.4083885209713024,0.3083272216449496,0.75,-2.0844499492079187,188,0.5159574468085106,1.3074739252324785,5.367061084533324,34,0.6063829787234043,0.8289454574175472,0.8,-3.014141720219226
QQQ,"d80,d80_front",2,time_asc,0.0,-9.999999999999997e+17,False,True,False,200,0.48,1.3076320216987523,7.013743606463759,22,0.195,0.7128860535181349,0.8333333333333334,-4.518075308677373,447,0.5078299776286354,1.4105791554799862,17.327296171997347,30,0.40492170022371365,0.2885620439777848,0.8333333333333334,-1.8799840252206046,181,0.5138121546961326,1.2406232551901966,4.3283699978616,33,0.5580110497237569,1.0246213484693258,0.8,-3.803003417520976
QQQ,"d80_front,d80",2,time_asc,-999999.0,5.652696282795372,True,True,False,216,0.48148148148148145,1.315651872417466,7.5599112218334055,22,0.2037037037037037,0.6613834280963178,0.8333333333333334,-4.383278422937092,453,0.5011037527593819,1.376679000041029,15.999608323288822,34,0.4083885209713024,0.31250765012303866,0.75,-2.0240943549963752,188,0.5106382978723404,1.264062099293476,4.590022314798658,34,0.6117021276595744,0.9692765308269639,0.4,-3.014141720219226
QQQ,"d80_front,d80",2,time_asc,0.0,-9.999999999999997e+17,False,True,False,200,0.48,1.307632021698752,7.013743606463757,22,0.195,0.712886053518135,0.8333333333333334,-4.518075308677373,447,0.5055928411633109,1.4081767512383396,17.110366839854336,30,0.40492170022371365,0.292220502739529,0.8333333333333334,-1.8799840252206046,181,0.5082872928176796,1.1982302438786856,3.5513312281269336,33,0.56353591160221,1.248810662536322,0.8,-3.803003417520976
QQQ,"d80,d80_zero",2,time_asc,-999999.0,-9.999999999999997e+17,False,False,False,198,0.42424242424242425,1.0942475405709422,2.779464721400418,0,0.1919191919191919,1.7989075239928851,0.6666666666666666,-4.362963848850994,386,0.4533678756476684,1.1792704043600242,9.57782274303119,18,0.3471502590673575,0.5220393124980302,0.6666666666666666,-4.643492431959531,186,0.46774193548387094,1.2189705247254383,5.159315346446823,34,0.5591397849462365,0.9691208356634874,0.6,-2.527884672831937
QQQ,"d80,d80_zero",2,time_asc,0.0,-9.999999999999999e+17,False,False,True,181,0.4143646408839779,1.0539390489647225,1.5435620071259606,0,0.18232044198895028,3.2392608634555367,0.5,-4.362963848850994,349,0.4699140401146132,1.2902635706491796,13.559858187037264,17,0.3467048710601719,0.36873541972436114,0.8333333333333334,-4.424043993552086,167,0.5149700598802395,1.4173726623241931,8.02299651710856,31,0.5329341317365269,0.6232085467490606,0.8,-3.666579827428369
QQQ,"d80_zero,d80",2,time_asc,-999999.0,-9.999999999999997e+17,False,False,False,198,0.42424242424242425,1.0942475405709422,2.779464721400418,0,0.1919191919191919,1.7989075239928851,0.6666666666666666,-4.362963848850994,386,0.45077720207253885,1.1684226582185422,9.04879046561532,18,0.344559585492228,0.552560037609402,0.6666666666666666,-4.64349243195953,186,0.478494623655914,1.2921864995586705,6.816230365225915,34,0.543010752688172,0.7335432830304998,0.8,-2.1745113706845576
QQQ,"d80_zero,d80",2,time_asc,0.0,-9.999999999999999e+17,False,False,True,181,0.4143646408839779,1.0539390489647225,1.5435620071259597,0,0.18232044198895028,3.2392608634555384,0.5,-4.362963848850994,349,0.4670487106017192,1.2771591885756615,13.030825909621393,17,0.3438395415472779,0.38370553291700554,0.8333333333333334,-4.424043993552086,167,0.5209580838323353,1.4326288183220377,8.310551019716037,31,0.5449101796407185,0.6016448233261487,0.8,-3.1533842142207194
QQQ,"d80,cons_m2s1c45",2,time_asc,-999999.0,-9.999999999999997e+17,False,False,False,223,0.4618834080717489,1.2335143090606375,6.581210880769175,28,0.21973094170403587,0.7597386089861365,0.8333333333333334,-5.065786205296442,413,0.48668280871670705,1.273911877669116,13.09992466640097,25,0.4019370460048426,0.38168158423262777,0.6666666666666666,-3.6627267809713437,188,0.4946808510638298,1.2086624573692537,4.431263727069283,34,0.5585106382978723,1.1283462930577737,0.6,-2.9627422989427488
QQQ,"d80,cons_m2s1c45",2,time_asc,0.0,-9.999999999999997e+17,False,False,False,218,0.463302752293578,1.2182123504582931,6.188342490847325,28,0.21100917431192662,0.8079707946667616,0.8333333333333334,-5.065786205296442,401,0.486284289276808,1.274998126152473,12.931521465708158,21,0.38902743142144636,0.38665210534267086,0.75,-3.7962532764732586,179,0.49162011173184356,1.1682985463303923,3.4686760844378535,32,0.5139664804469274,1.4007539513250202,0.8,-3.3627422989427496
QQQ,"cons_m2s1c45,d80",2,time_asc,-999999.0,-9.999999999999997e+17,False,False,False,223,0.4618834080717489,1.2015600458957352,5.86259087418394,28,0.21973094170403587,0.8528652446169526,0.8333333333333334,-5.1713883611769464,413,0.48426150121065376,1.2760394551901542,13.538258642086019,25,0.4019370460048426,0.3693237167486692,0.6666666666666666,-4.142853320492165,188,0.5053191489361702,1.1351125297015991,3.0004266801153254,34,0.5478723404255319,1.6222896844987644,0.6,-2.5253681007898936
QQQ,"cons_m2s1c45,d80",2,time_asc,0.0,-9.999999999999997e+17,False,False,False,218,0.45871559633027525,1.168459938205459,4.931954407114722,28,0.21100917431192662,1.013796881979914,0.8333333333333334,-5.1713883611769464,401,0.4837905236907731,1.2806425540201085,13.50166658504158,21,0.38902743142144636,0.3703246535164386,0.6666666666666666,-4.1428533204921685,179,0.5083798882681564,1.1156258014737874,2.474333143345719,32,0.5083798882681564,1.8555587823120674,0.6,-3.0052298980376064
QQQ,"d80,cons_m2s2c30",2,time_asc,-999999.0,-9.999999999999997e+17,False,False,True,245,0.4775510204081633,1.2638023695050384,7.918628590416314,38,0.21224489795918366,0.6314224670230594,0.8333333333333334,-5.461237127427143,473,0.47357293868921774,1.190976381876663,10.952439807604074,32,0.40169133192389006,0.4565192859155084,0.5833333333333334,-4.016148096693456,190,0.5052631578947369,1.3109279829736182,6.4018798358177955,34,0.5578947368421052,0.7810205952360374,0.8,-1.8947133717501679
QQQ,"d80,cons_m2s2c30",2,time_asc,0.0,-9.999999999999997e+17,False,False,True,243,0.4732510288065844,1.2329732860764446,7.127091419843169,37,0.20164609053497942,0.7015484586151168,0.8333333333333334,-5.461237127427143,463,0.4773218142548596,1.228713532489259,12.828471621733975,29,0.39092872570194387,0.3897580434701986,0.5833333333333334,-4.016148096693458,188,0.5212765957446809,1.34706644509406,6.999491284821897,34,0.5159574468085106,0.7143376277705054,0.8,-1.8210073078131361
QQQ,"cons_m2s2c30,d80",2,time_asc,-999999.0,-9.999999999999997e+17,False,False,False,245,0.4775510204081633,1.2363481352756989,7.316875307436589,38,0.21224489795918366,0.6833518120663057,0.8333333333333334,-5.566839283307647,473,0.4714587737843552,1.2133984647439118,12.424973760896556,32,0.3974630021141649,0.40241533674186303,0.5833333333333334,-3.5670379538532035,190,0.5210526315789473,1.267142651619361,5.728204773582155,34,0.5368421052631579,0.872873823062235,0.6,-1.940458372911576
QQQ,"cons_m2s2c30,d80",2,time_asc,0.0,-9.999999999999997e+17,False,False,False,243,0.4691358024691358,1.1886731474934475,5.957762381551261,37,0.20164609053497942,0.8392412586784165,0.8333333333333334,-5.566839283307647,463,0.47516198704103674,1.2465976741577116,14.014329704395823,29,0.38876889848812096,0.35677767723929515,0.6666666666666666,-3.567037953853207,188,0.5319148936170213,1.2826301515718934,5.937445120806352,34,0.5053191489361702,0.8421130466500987,0.8,-1.7128214825746158
QQQ,"d80,cons_m3allc30",2,time_asc,-999999.0,-9.999999999999997e+17,False,False,True,245,0.4775510204081633,1.2638023695050384,7.918628590416314,38,0.21224489795918366,0.6314224670230594,0.8333333333333334,-5.461237127427143,473,0.47357293868921774,1.190976381876663,10.952439807604074,32,0.40169133192389006,0.4565192859155084,0.5833333333333334,-4.016148096693456,190,0.5052631578947369,1.3109279829736182,6.4018798358177955,34,0.5578947368421052,0.7810205952360374,0.8,-1.8947133717501679
QQQ,"d80,cons_m3allc30",2,time_asc,0.0,-9.999999999999997e+17,False,False,True,243,0.4732510288065844,1.2329732860764446,7.127091419843169,37,0.20164609053497942,0.7015484586151168,0.8333333333333334,-5.461237127427143,464,0.47844827586206895,1.2289831733859058,12.843595696610734,29,0.3900862068965517,0.38929908088896303,0.5833333333333334,-4.016148096693458,188,0.5212765957446809,1.34706644509406,6.999491284821897,34,0.5159574468085106,0.7143376277705054,0.8,-1.8210073078131361
QQQ,"cons_m3allc30,d80",2,time_asc,-999999.0,-9.999999999999997e+17,False,False,False,245,0.4775510204081633,1.2363481352756989,7.316875307436589,38,0.21224489795918366,0.6833518120663057,0.8333333333333334,-5.566839283307647,473,0.4714587737843552,1.2133984647439118,12.424973760896556,32,0.3974630021141649,0.40241533674186303,0.5833333333333334,-3.5670379538532035,190,0.5210526315789473,1.267142651619361,5.728204773582155,34,0.5368421052631579,0.872873823062235,0.6,-1.940458372911576
QQQ,"cons_m3allc30,d80",2,time_asc,0.0,-9.999999999999997e+17,False,False,False,243,0.4691358024691358,1.1886731474934475,5.957762381551261,37,0.20164609053497942,0.8392412586784165,0.8333333333333334,-5.566839283307647,464,0.47629310344827586,1.246863799028973,14.029453779272586,29,0.3879310344827586,0.3563930626712714,0.6666666666666666,-3.567037953853207,188,0.5319148936170213,1.2826301515718934,5.937445120806352,34,0.5053191489361702,0.8421130466500987,0.8,-1.7128214825746158
QQQ,"d80,cons_m3s2c30",2,time_asc,-999999.0,-9.999999999999997e+17,False,False,True,245,0.4775510204081633,1.2638023695050384,7.918628590416314,38,0.21224489795918366,0.6314224670230594,0.8333333333333334,-5.461237127427143,473,0.47357293868921774,1.190976381876663,10.952439807604074,32,0.40169133192389006,0.4565192859155084,0.5833333333333334,-4.016148096693456,190,0.5052631578947369,1.3109279829736182,6.4018798358177955,34,0.5578947368421052,0.7810205952360374,0.8,-1.8947133717501679
QQQ,"d80,cons_m3s2c30",2,time_asc,0.0,-9.999999999999997e+17,False,False,True,243,0.4732510288065844,1.2329732860764446,7.127091419843169,37,0.20164609053497942,0.7015484586151168,0.8333333333333334,-5.461237127427143,463,0.4773218142548596,1.228713532489259,12.828471621733975,29,0.39092872570194387,0.3897580434701986,0.5833333333333334,-4.016148096693458,188,0.5212765957446809,1.34706644509406,6.999491284821897,34,0.5159574468085106,0.7143376277705054,0.8,-1.8210073078131361
QQQ,"cons_m3s2c30,d80",2,time_asc,-999999.0,-9.999999999999997e+17,False,False,False,245,0.4775510204081633,1.2363481352756989,7.316875307436589,38,0.21224489795918366,0.6833518120663057,0.8333333333333334,-5.566839283307647,473,0.4714587737843552,1.2133984647439118,12.424973760896556,32,0.3974630021141649,0.40241533674186303,0.5833333333333334,-3.5670379538532035,190,0.5210526315789473,1.267142651619361,5.728204773582155,34,0.5368421052631579,0.872873823062235,0.6,-1.940458372911576
QQQ,"cons_m3s2c30,d80",2,time_asc,0.0,-9.999999999999997e+17,False,False,False,243,0.4691358024691358,1.1886731474934475,5.957762381551261,37,0.20164609053497942,0.8392412586784165,0.8333333333333334,-5.566839283307647,463,0.47516198704103674,1.2465976741577116,14.014329704395823,29,0.38876889848812096,0.35677767723929515,0.6666666666666666,-3.567037953853207,188,0.5319148936170213,1.2826301515718934,5.937445120806352,34,0.5053191489361702,0.8421130466500987,0.8,-1.7128214825746158
QQQ,"d80_front,d80_zero",2,time_asc,-999999.0,-9.999999999999999e+17,False,False,False,158,0.5189873417721519,1.3282893447552828,5.084397625180066,0,0.13924050632911392,0.8698343052108051,0.5,-3.480251371026589,404,0.4752475247524752,1.1425838453977635,5.611888455002957,21,0.3787128712871287,0.8802670678220377,0.75,-3.090246824089046,164,0.5,1.328839407161301,5.320453751874455,15,0.6158536585365854,0.8727448382898043,0.8,-2.23399449938778
QQQ,"d80_front,d80_zero",2,time_asc,0.0,-9.999999999999999e+17,False,False,False,158,0.5253164556962026,1.374367682424495,5.685727876749865,0,0.14556962025316456,0.7977361039069487,0.5,-3.480251371026589,376,0.48936170212765956,1.187717036524488,6.250046447904393,16,0.40425531914893614,0.7903878213394943,0.5833333333333334,-2.7727889125301988,140,0.5642857142857143,1.7566385410577379,7.767874235918639,15,0.6428571428571429,0.5444743226572883,0.6,-1.659537985243744
QQQ,"d80_zero,d80_front",2,time_asc,-999999.0,-9.999999999999999e+17,False,False,False,158,0.5189873417721519,1.3282893447552828,5.084397625180066,0,0.13924050632911392,0.8698343052108051,0.5,-3.480251371026589,404,0.4777227722772277,1.1576448094896992,6.192031504314165,21,0.37623762376237624,0.8074894316213278,0.6666666666666666,-3.090246824089046,164,0.5,1.328839407161301,5.320453751874456,15,0.6158536585365854,0.8727448382898042,0.8,-2.23399449938778
QQQ,"d80_zero,d80_front",2,time_asc,0.0,-9.999999999999999e+17,False,False,False,158,0.5253164556962026,1.3743676824244946,5.685727876749865,0,0.14556962025316456,0.7977361039069487,0.5,-3.480251371026589,376,0.4920212765957447,1.2266955039257947,7.511202132182893,16,0.4015957446808511,0.6656724066280597,0.5833333333333334,-2.7727889125301983,140,0.5642857142857143,1.756638541057738,7.76787423591864,15,0.6428571428571429,0.5444743226572882,0.6,-1.659537985243744
QQQ,"d80_front,cons_m2s1c45",2,time_asc,-999999.0,-9.999999999999997e+17,False,False,True,218,0.5,1.236935294972313,5.260970080375227,25,0.23394495412844038,0.7488812541598905,0.6666666666666666,-2.85284450875677,452,0.48672566371681414,1.25051533892786,10.112392902779195,32,0.40707964601769914,0.4944428136910945,0.75,-2.768965751398026,178,0.5168539325842697,1.442157460817893,6.206965635651899,28,0.5617977528089888,0.7442377328835743,1.0,-1.7515790319079905
QQQ,"d80_front,cons_m2s1c45",2,time_asc,0.0,-9.999999999999997e+17,False,False,True,217,0.5023041474654378,1.253876327884532,5.560970080375226,25,0.2304147465437788,0.7084810410674283,0.6666666666666666,-2.85284450875677,445,0.49213483146067416,1.28392273482822,11.148229206207706,32,0.4044943820224719,0.44850172233773533,0.8333333333333334,-2.6933751960779695,169,0.5207100591715976,1.3831691302559637,5.3144230715088785,27,0.5502958579881657,0.8416640194053184,1.0,-1.71336524107506
QQQ,"cons_m2s1c45,d80_front",2,time_asc,-999999.0,-9.999999999999997e+17,False,False,True,218,0.4954128440366973,1.2517125321201827,5.637244016402243,25,0.23394495412844038,0.6988950381472957,0.6666666666666666,-2.742463764647947,452,0.48008849557522126,1.1843853078071322,8.113857443586085,32,0.40707964601769914,0.6162297076038038,0.5833333333333334,-3.6190647392326785,178,0.550561797752809,1.4765726093703533,6.8687135033658215,28,0.5561797752808989,0.6725361351147033,1.0,-1.3997799806910245
QQQ,"cons_m2s1c45,d80_front",2,time_asc,0.0,-9.999999999999997e+17,False,False,True,217,0.4976958525345622,1.268707516580094,5.937244016402243,25,0.2304147465437788,0.6635809242478234,0.6666666666666666,-2.742463764647947,445,0.4853932584269663,1.214170871743555,9.18181204996965,32,0.4044943820224719,0.5445548191129144,0.6666666666666666,-2.943474183912622,169,0.5562130177514792,1.4195429870988974,5.976170939222801,27,0.5443786982248521,0.7484656527860677,1.0,-1.5362100209265912
QQQ,"d80_front,cons_m2s2c30",2,time_asc,-999999.0,6.000017841630411,True,False,True,245,0.5142857142857142,1.3705024137842194,8.652144998375352,34,0.19591836734693877,0.5743751042336681,0.6666666666666666,-2.992841404502504,476,0.4810924369747899,1.2447134821359809,11.023584588931735,32,0.4180672268907563,0.45357296981421685,0.75,-2.4478987841894737,192,0.5104166666666666,1.4423938181673184,7.071187841023453,34,0.6041666666666666,0.6902591783167379,1.0,-1.7241784207427715
QQQ,"d80_front,cons_m2s2c30",2,time_asc,0.0,6.000017841630411,True,False,True,245,0.5142857142857142,1.3705024137842194,8.652144998375352,34,0.19591836734693877,0.5743751042336681,0.6666666666666666,-2.992841404502504,475,0.48210526315789476,1.2414488068540248,10.907234304939685,32,0.4189473684210526,0.45841134977137077,0.8333333333333334,-2.4478987841894737,188,0.5212765957446809,1.452569665650455,7.120282494035215,34,0.601063829787234,0.6654940626113074,1.0,-1.6832259788901802
QQQ,"cons_m2s2c30,d80_front",2,time_asc,-999999.0,6.3752079393149765,True,False,True,245,0.5102040816326531,1.3989529901598228,9.51376639026845,34,0.19591836734693877,0.5223563919301183,0.8333333333333334,-2.5599919420836503,476,0.4726890756302521,1.2021419264656799,9.944836296491582,32,0.41596638655462187,0.5027734847444336,0.5833333333333334,-2.8362303121332655,192,0.5416666666666666,1.4617967989306875,7.732747511575998,34,0.5885416666666666,0.6312054417348198,1.0,-1.651712537808192
QQQ,"cons_m2s2c30,d80_front",2,time_asc,0.0,6.3752079393149765,True,False,True,245,0.5102040816326531,1.3989529901598228,9.51376639026845,34,0.19591836734693877,0.5223563919301183,0.8333333333333334,-2.5599919420836503,475,0.47368421052631576,1.2000431687910096,9.860604315454589,32,0.4168421052631579,0.5070683134666978,0.5833333333333334,-2.8690682019524747,188,0.5531914893617021,1.4717983225134266,7.7818421645877605,34,0.5851063829787234,0.608918251446788,1.0,-1.651712537808192
QQQ,"d80_front,cons_m3allc30",2,time_asc,-999999.0,6.000017841630411,True,False,True,245,0.5142857142857142,1.3705024137842194,8.652144998375352,34,0.19591836734693877,0.5743751042336681,0.6666666666666666,-2.992841404502504,476,0.4810924369747899,1.2447134821359809,11.023584588931735,32,0.4180672268907563,0.45357296981421685,0.75,-2.4478987841894737,192,0.5104166666666666,1.4423938181673184,7.071187841023453,34,0.6041666666666666,0.6902591783167379,1.0,-1.7241784207427715
QQQ,"d80_front,cons_m3allc30",2,time_asc,0.0,6.000017841630411,True,False,True,245,0.5142857142857142,1.3705024137842194,8.652144998375352,34,0.19591836734693877,0.5743751042336681,0.6666666666666666,-2.992841404502504,475,0.48210526315789476,1.2414488068540248,10.907234304939685,32,0.4189473684210526,0.45841134977137077,0.8333333333333334,-2.4478987841894737,189,0.5185185185185185,1.4253900571671942,6.820282494035214,34,0.5978835978835979,0.6947667824668262,1.0,-1.6832259788901802
QQQ,"cons_m3allc30,d80_front",2,time_asc,-999999.0,6.3752079393149765,True,False,True,245,0.5102040816326531,1.3989529901598228,9.51376639026845,34,0.19591836734693877,0.5223563919301183,0.8333333333333334,-2.5599919420836503,476,0.4726890756302521,1.2021419264656799,9.944836296491582,32,0.41596638655462187,0.5027734847444336,0.5833333333333334,-2.8362303121332655,192,0.5416666666666666,1.4617967989306875,7.732747511575998,34,0.5885416666666666,0.6312054417348198,1.0,-1.651712537808192
QQQ,"cons_m3allc30,d80_front",2,time_asc,0.0,6.3752079393149765,True,False,True,245,0.5102040816326531,1.3989529901598228,9.51376639026845,34,0.19591836734693877,0.5223563919301183,0.8333333333333334,-2.5599919420836503,475,0.47368421052631576,1.2000431687910096,9.860604315454589,32,0.4168421052631579,0.5070683134666978,0.5833333333333334,-2.8690682019524747,189,0.5502645502645502,1.4455068218896012,7.48184216458776,34,0.582010582010582,0.6333340933498232,1.0,-1.651712537808192
QQQ,"d80_front,cons_m3s2c30",2,time_asc,-999999.0,6.000017841630411,True,False,True,245,0.5142857142857142,1.3705024137842194,8.652144998375352,34,0.19591836734693877,0.5743751042336681,0.6666666666666666,-2.992841404502504,476,0.4810924369747899,1.2447134821359809,11.023584588931735,32,0.4180672268907563,0.45357296981421685,0.75,-2.4478987841894737,192,0.5104166666666666,1.4423938181673184,7.071187841023453,34,0.6041666666666666,0.6902591783167379,1.0,-1.7241784207427715
QQQ,"d80_front,cons_m3s2c30",2,time_asc,0.0,6.000017841630411,True,False,True,245,0.5142857142857142,1.3705024137842194,8.652144998375352,34,0.19591836734693877,0.5743751042336681,0.6666666666666666,-2.992841404502504,475,0.48210526315789476,1.2414488068540248,10.907234304939685,32,0.4189473684210526,0.45841134977137077,0.8333333333333334,-2.4478987841894737,189,0.5185185185185185,1.4253900571671942,6.820282494035214,34,0.5978835978835979,0.6947667824668262,1.0,-1.6832259788901802
QQQ,"cons_m3s2c30,d80_front",2,time_asc,-999999.0,6.3752079393149765,True,False,True,245,0.5102040816326531,1.3989529901598228,9.51376639026845,34,0.19591836734693877,0.5223563919301183,0.8333333333333334,-2.5599919420836503,476,0.4726890756302521,1.2021419264656799,9.944836296491582,32,0.41596638655462187,0.5027734847444336,0.5833333333333334,-2.8362303121332655,192,0.5416666666666666,1.4617967989306875,7.732747511575998,34,0.5885416666666666,0.6312054417348198,1.0,-1.651712537808192
QQQ,"cons_m3s2c30,d80_front",2,time_asc,0.0,6.3752079393149765,True,False,True,245,0.5102040816326531,1.3989529901598228,9.51376639026845,34,0.19591836734693877,0.5223563919301183,0.8333333333333334,-2.5599919420836503,475,0.47368421052631576,1.2000431687910096,9.860604315454589,32,0.4168421052631579,0.5070683134666978,0.5833333333333334,-2.8690682019524747,189,0.5502645502645502,1.4455068218896012,7.48184216458776,34,0.582010582010582,0.6333340933498232,1.0,-1.651712537808192
QQQ,"d80_zero,cons_m2s1c45",2,time_asc,-999999.0,-9.999999999999997e+17,False,False,False,197,0.45685279187817257,1.1288794181729536,3.3352509040682348,25,0.24873096446700507,1.4991375892893564,0.6666666666666666,-3.618173033781748,375,0.448,1.014739836386912,0.722820995614784,19,0.38133333333333336,6.91734195649274,0.5833333333333334,-5.384942332231941,173,0.4797687861271676,1.2021418309769631,4.260011748674725,24,0.5838150289017341,1.1737056832191795,0.8,-2.6377574504648367
QQQ,"d80_zero,cons_m2s1c45",2,time_asc,0.0,-9.999999999999997e+17,False,False,True,197,0.45685279187817257,1.1288794181729536,3.3352509040682348,25,0.24873096446700507,1.4991375892893564,0.6666666666666666,-3.618173033781748,345,0.4666666666666667,1.0948402351971738,4.054503796759516,19,0.3826086956521739,1.193270082771245,0.5833333333333334,-5.606891394367947,153,0.5490196078431373,1.5847732857655297,9.09679746704179,21,0.5882352941176471,0.5496439838432461,0.8,-2.697606830756486
QQQ,"cons_m2s1c45,d80_zero",2,time_asc,-999999.0,-9.999999999999997e+17,False,False,False,197,0.45685279187817257,1.1286539494038292,3.3558471414038,25,0.25380710659898476,1.489936754958519,0.6666666666666666,-3.852254583893986,375,0.4533333333333333,1.0504470685403566,2.4570743998913125,19,0.38133333333333336,2.0349404154067017,0.6666666666666666,-5.38494233223194,173,0.4682080924855491,1.098973326697207,2.153486336693409,24,0.5780346820809249,2.2879565905782626,0.6,-3.0624633148662608
QQQ,"cons_m2s1c45,d80_zero",2,time_asc,0.0,-9.999999999999997e+17,False,False,True,197,0.45685279187817257,1.1286539494038292,3.3558471414038005,25,0.25380710659898476,1.4899367549585187,0.6666666666666666,-3.852254583893986,345,0.47246376811594204,1.1363656981668624,5.784920106387603,19,0.3826086956521739,0.8643161717098031,0.6666666666666666,-5.606891394367951,153,0.5359477124183006,1.4640224373044688,7.496797467041791,21,0.5816993464052288,0.6199193995126628,0.8,-3.0976068307564857
QQQ,"d80_zero,cons_m2s2c30",2,time_asc,-999999.0,-9.999999999999997e+17,False,False,False,236,0.4915254237288136,1.2998970112165271,8.450600315240608,33,0.19491525423728814,0.5916739419071245,0.8333333333333334,-3.0728338259887074,443,0.4492099322799097,1.0674831620317076,3.8793421175399905,22,0.3860045146726862,1.2888783325897157,0.6666666666666666,-4.2139373790433154,187,0.47593582887700536,1.1962233501291337,4.454069841544268,33,0.5775401069518716,1.1225688365646402,0.8,-2.176165673608182
QQQ,"d80_zero,cons_m2s2c30",2,time_asc,0.0,-9.999999999999997e+17,False,False,True,236,0.4915254237288136,1.2998970112165273,8.450600315240608,33,0.19491525423728814,0.5916739419071245,0.8333333333333334,-3.0728338259887074,435,0.46436781609195404,1.1562246540982222,8.31074296191867,22,0.38850574712643676,0.6016309279339893,0.75,-3.909590903858824,179,0.547486033519553,1.6332043646773455,10.823601501982933,30,0.5865921787709497,0.4619534448939179,0.8,-1.9039415063965839
QQQ,"cons_m2s2c30,d80_zero",2,time_asc,-999999.0,-9.999999999999997e+17,False,False,False,236,0.4915254237288136,1.2984519736529911,8.471196552576174,33,0.19915254237288135,0.5902353898847325,0.8333333333333334,-3.150021837757556,443,0.45372460496614,1.0982196952319527,5.613595521816519,22,0.3860045146726862,0.8906947393285001,0.6666666666666666,-4.213937379043316,187,0.48128342245989303,1.1644079371584013,3.7113766255743323,33,0.5828877005347594,1.347209002057627,0.8,-2.200871538009606
QQQ,"cons_m2s2c30,d80_zero",2,time_asc,0.0,-9.999999999999997e+17,False,False,True,236,0.4915254237288136,1.2984519736529911,8.471196552576174,33,0.19915254237288135,0.5902353898847325,0.8333333333333334,-3.150021837757556,435,0.4689655172413793,1.1899266837962468,10.041159271546753,22,0.38850574712643676,0.4979504721300764,0.75,-3.909590903858824,179,0.5418994413407822,1.576288375481937,10.023601501982933,30,0.5865921787709497,0.49882270349742736,0.8,-1.9039415063965848
QQQ,"d80_zero,cons_m3allc30",2,time_asc,-999999.0,-9.999999999999997e+17,False,False,False,236,0.4915254237288136,1.2998970112165271,8.450600315240608,33,0.19491525423728814,0.5916739419071245,0.8333333333333334,-3.0728338259887074,443,0.4492099322799097,1.0674831620317076,3.8793421175399905,22,0.3860045146726862,1.2888783325897157,0.6666666666666666,-4.2139373790433154,187,0.47593582887700536,1.1962233501291337,4.454069841544268,33,0.5775401069518716,1.1225688365646402,0.8,-2.176165673608182
QQQ,"d80_zero,cons_m3allc30",2,time_asc,0.0,-9.999999999999997e+17,False,False,True,236,0.4915254237288136,1.2998970112165273,8.450600315240608,33,0.19491525423728814,0.5916739419071245,0.8333333333333334,-3.0728338259887074,435,0.46436781609195404,1.1562246540982222,8.31074296191867,22,0.38850574712643676,0.6016309279339893,0.75,-3.909590903858824,182,0.5494505494505495,1.6204540495350508,10.791791761598468,31,0.5879120879120879,0.4633150926607025,0.8,-1.9039415063965839
QQQ,"cons_m3allc30,d80_zero",2,time_asc,-999999.0,-9.999999999999997e+17,False,False,False,236,0.4915254237288136,1.2984519736529911,8.471196552576174,33,0.19915254237288135,0.5902353898847325,0.8333333333333334,-3.150021837757556,443,0.45372460496614,1.0982196952319527,5.613595521816519,22,0.3860045146726862,0.8906947393285001,0.6666666666666666,-4.213937379043316,187,0.48128342245989303,1.1644079371584013,3.7113766255743323,33,0.5828877005347594,1.347209002057627,0.8,-2.200871538009606
QQQ,"cons_m3allc30,d80_zero",2,time_asc,0.0,-9.999999999999997e+17,False,False,True,236,0.4915254237288136,1.2984519736529911,8.471196552576174,33,0.19915254237288135,0.5902353898847325,0.8333333333333334,-3.150021837757556,435,0.4689655172413793,1.1899266837962468,10.041159271546753,22,0.38850574712643676,0.4979504721300764,0.75,-3.909590903858824,182,0.5439560439560439,1.5647192870903137,9.991791761598469,31,0.5879120879120879,0.5004107490727078,0.8,-1.9039415063965848
QQQ,"d80_zero,cons_m3s2c30",2,time_asc,-999999.0,-9.999999999999997e+17,False,False,False,236,0.4915254237288136,1.2998970112165271,8.450600315240608,33,0.19491525423728814,0.5916739419071245,0.8333333333333334,-3.0728338259887074,443,0.4492099322799097,1.0674831620317076,3.8793421175399905,22,0.3860045146726862,1.2888783325897157,0.6666666666666666,-4.2139373790433154,187,0.47593582887700536,1.1962233501291337,4.454069841544268,33,0.5775401069518716,1.1225688365646402,0.8,-2.176165673608182
QQQ,"d80_zero,cons_m3s2c30",2,time_asc,0.0,-9.999999999999997e+17,False,False,True,236,0.4915254237288136,1.2998970112165273,8.450600315240608,33,0.19491525423728814,0.5916739419071245,0.8333333333333334,-3.0728338259887074,435,0.46436781609195404,1.1562246540982222,8.31074296191867,22,0.38850574712643676,0.6016309279339893,0.75,-3.909590903858824,181,0.5469613259668509,1.6120071893207044,10.644872329706825,30,0.585635359116022,0.4697097198663826,0.8,-1.9039415063965839
QQQ,"cons_m3s2c30,d80_zero",2,time_asc,-999999.0,-9.999999999999997e+17,False,False,False,236,0.4915254237288136,1.2984519736529911,8.471196552576174,33,0.19915254237288135,0.5902353898847325,0.8333333333333334,-3.150021837757556,443,0.45372460496614,1.0982196952319527,5.613595521816519,22,0.3860045146726862,0.8906947393285001,0.6666666666666666,-4.213937379043316,187,0.48128342245989303,1.1644079371584013,3.7113766255743323,33,0.5828877005347594,1.347209002057627,0.8,-2.200871538009606
QQQ,"cons_m3s2c30,d80_zero",2,time_asc,0.0,-9.999999999999997e+17,False,False,True,236,0.4915254237288136,1.2984519736529911,8.471196552576174,33,0.19915254237288135,0.5902353898847325,0.8333333333333334,-3.150021837757556,435,0.4689655172413793,1.1899266837962468,10.041159271546753,22,0.38850574712643676,0.4979504721300764,0.75,-3.909590903858824,181,0.5414364640883977,1.5564156475812885,9.844872329706826,30,0.585635359116022,0.5078786024388086,0.8,-1.9039415063965848
QQQ,"cons_m2s1c45,cons_m2s2c30",2,time_asc,-999999.0,6.310217528646235,True,False,True,236,0.5127118644067796,1.397318038664448,10.500646850823014,33,0.2076271186440678,0.47616114235935025,0.8333333333333334,-3.284297195602254,440,0.45454545454545453,1.061223902499422,3.3232025041015008,22,0.4068181818181818,1.5045727709427859,0.5833333333333334,-4.754332073409903,186,0.521505376344086,1.4151149994664576,7.531023740922273,33,0.6021505376344086,0.6639203608973996,0.8,-1.6287442425710221
QQQ,"cons_m2s1c45,cons_m2s2c30",2,time_asc,0.0,6.433921051762725,True,False,True,236,0.5169491525423728,1.432497408353174,11.300646850823012,33,0.2033898305084746,0.442452548602194,0.8333333333333334,-3.284297195602254,432,0.4513888888888889,1.0520601779486332,2.775331427722773,22,0.39351851851851855,1.8015866321604053,0.5,-4.754332073409903,181,0.5248618784530387,1.3994610352850358,7.011933540717995,31,0.5911602209944752,0.6745959881561048,0.8,-1.6287442425710221
QQQ,"cons_m2s2c30,cons_m2s1c45",2,time_asc,-999999.0,6.310217528646235,True,False,True,236,0.5127118644067796,1.397318038664448,10.500646850823014,33,0.2076271186440678,0.47616114235935025,0.8333333333333334,-3.284297195602254,440,0.45454545454545453,1.061223902499422,3.3232025041015008,22,0.4068181818181818,1.5045727709427859,0.5833333333333334,-4.754332073409903,186,0.521505376344086,1.4151149994664576,7.531023740922273,33,0.6021505376344086,0.6639203608973996,0.8,-1.6287442425710221
QQQ,"cons_m2s2c30,cons_m2s1c45",2,time_asc,0.0,6.433921051762725,True,False,True,236,0.5169491525423728,1.432497408353174,11.300646850823012,33,0.2033898305084746,0.442452548602194,0.8333333333333334,-3.284297195602254,432,0.4513888888888889,1.0520601779486332,2.775331427722773,22,0.39351851851851855,1.8015866321604053,0.5,-4.754332073409903,181,0.5248618784530387,1.3994610352850358,7.011933540717995,31,0.5911602209944752,0.6745959881561048,0.8,-1.6287442425710221
QQQ,"cons_m2s1c45,cons_m3allc30",2,time_asc,-999999.0,6.310217528646235,True,False,True,236,0.5127118644067796,1.397318038664448,10.500646850823014,33,0.2076271186440678,0.47616114235935025,0.8333333333333334,-3.284297195602254,440,0.45454545454545453,1.061223902499422,3.3232025041015008,22,0.4068181818181818,1.5045727709427859,0.5833333333333334,-4.754332073409903,186,0.521505376344086,1.4151149994664576,7.531023740922273,33,0.6021505376344086,0.6639203608973996,0.8,-1.6287442425710221
QQQ,"cons_m2s1c45,cons_m3allc30",2,time_asc,0.0,6.433921051762725,True,False,True,236,0.5169491525423728,1.432497408353174,11.300646850823012,33,0.2033898305084746,0.442452548602194,0.8333333333333334,-3.284297195602254,433,0.45265588914549654,1.052343878129998,2.790455502599537,22,0.39260969976905313,1.7918221578312545,0.5,-4.754332073409903,183,0.5245901639344263,1.3841744473087314,6.858852972609639,32,0.5901639344262295,0.6896520824510177,0.8,-1.6287442425710221
QQQ,"cons_m3allc30,cons_m2s1c45",2,time_asc,-999999.0,6.310217528646235,True,False,True,236,0.5127118644067796,1.397318038664448,10.500646850823014,33,0.2076271186440678,0.47616114235935025,0.8333333333333334,-3.284297195602254,440,0.45454545454545453,1.061223902499422,3.3232025041015008,22,0.4068181818181818,1.5045727709427859,0.5833333333333334,-4.754332073409903,186,0.521505376344086,1.4151149994664576,7.531023740922273,33,0.6021505376344086,0.6639203608973996,0.8,-1.6287442425710221
QQQ,"cons_m3allc30,cons_m2s1c45",2,time_asc,0.0,6.433921051762725,True,False,True,236,0.5169491525423728,1.432497408353174,11.300646850823012,33,0.2033898305084746,0.442452548602194,0.8333333333333334,-3.284297195602254,433,0.45265588914549654,1.052343878129998,2.790455502599537,22,0.39260969976905313,1.7918221578312545,0.5,-4.754332073409903,183,0.5245901639344263,1.3841744473087314,6.858852972609639,32,0.5901639344262295,0.6896520824510177,0.8,-1.6287442425710221
QQQ,"cons_m2s1c45,cons_m3s2c30",2,time_asc,-999999.0,6.310217528646235,True,False,True,236,0.5127118644067796,1.397318038664448,10.500646850823014,33,0.2076271186440678,0.47616114235935025,0.8333333333333334,-3.284297195602254,440,0.45454545454545453,1.061223902499422,3.3232025041015008,22,0.4068181818181818,1.5045727709427859,0.5833333333333334,-4.754332073409903,186,0.521505376344086,1.4151149994664576,7.531023740922273,33,0.6021505376344086,0.6639203608973996,0.8,-1.6287442425710221
QQQ,"cons_m2s1c45,cons_m3s2c30",2,time_asc,0.0,6.433921051762725,True,False,True,236,0.5169491525423728,1.432497408353174,11.300646850823012,33,0.2033898305084746,0.442452548602194,0.8333333333333334,-3.284297195602254,432,0.4513888888888889,1.0520601779486332,2.775331427722773,22,0.39351851851851855,1.8015866321604053,0.5,-4.754332073409903,182,0.521978021978022,1.3759452737470168,6.711933540717995,31,0.5879120879120879,0.7047480740221371,0.8,-1.6287442425710221
QQQ,"cons_m3s2c30,cons_m2s1c45",2,time_asc,-999999.0,6.310217528646235,True,False,True,236,0.5127118644067796,1.397318038664448,10.500646850823014,33,0.2076271186440678,0.47616114235935025,0.8333333333333334,-3.284297195602254,440,0.45454545454545453,1.061223902499422,3.3232025041015008,22,0.4068181818181818,1.5045727709427859,0.5833333333333334,-4.754332073409903,186,0.521505376344086,1.4151149994664576,7.531023740922273,33,0.6021505376344086,0.6639203608973996,0.8,-1.6287442425710221
QQQ,"cons_m3s2c30,cons_m2s1c45",2,time_asc,0.0,6.433921051762725,True,False,True,236,0.5169491525423728,1.432497408353174,11.300646850823012,33,0.2033898305084746,0.442452548602194,0.8333333333333334,-3.284297195602254,432,0.4513888888888889,1.0520601779486332,2.775331427722773,22,0.39351851851851855,1.8015866321604053,0.5,-4.754332073409903,182,0.521978021978022,1.3759452737470168,6.711933540717995,31,0.5879120879120879,0.7047480740221371,0.8,-1.6287442425710221
QQQ,"cons_m2s2c30,cons_m3allc30",2,time_asc,-999999.0,6.172126484987338,True,False,True,236,0.5,1.3612741533158728,9.57421420805981,33,0.19491525423728814,0.5222360698584408,0.8333333333333334,-3.284297195602254,440,0.45454545454545453,1.064717634291044,3.5073228269522407,22,0.40454545454545454,1.4255887600585804,0.6666666666666666,-4.754332073409903,186,0.532258064516129,1.4684276503408087,8.313213713111718,33,0.5698924731182796,0.6014521185848897,0.8,-1.6287442425710212
QQQ,"cons_m2s2c30,cons_m3allc30",2,time_asc,0.0,6.172126484987338,True,False,True,236,0.5,1.3612741533158728,9.57421420805981,33,0.19491525423728814,0.5222360698584408,0.8333333333333334,-3.284297195602254,433,0.45496535796766746,1.068014100890628,3.6126595614017223,22,0.3972286374133949,1.3840219137781102,0.6666666666666666,-4.754332073409903,182,0.532967032967033,1.4236109378651631,7.450789835281068,31,0.5714285714285714,0.6710697940135073,0.8,-1.6287442425710212
QQQ,"cons_m3allc30,cons_m2s2c30",2,time_asc,-999999.0,6.172126484987338,True,False,True,236,0.5,1.3612741533158728,9.57421420805981,33,0.19491525423728814,0.5222360698584408,0.8333333333333334,-3.284297195602254,440,0.45454545454545453,1.064717634291044,3.5073228269522407,22,0.40454545454545454,1.4255887600585804,0.6666666666666666,-4.754332073409903,186,0.532258064516129,1.4684276503408087,8.313213713111718,33,0.5698924731182796,0.6014521185848897,0.8,-1.6287442425710212
QQQ,"cons_m3allc30,cons_m2s2c30",2,time_asc,0.0,6.172126484987338,True,False,True,236,0.5,1.3612741533158728,9.57421420805981,33,0.19491525423728814,0.5222360698584408,0.8333333333333334,-3.284297195602254,433,0.45496535796766746,1.068014100890628,3.6126595614017223,22,0.3972286374133949,1.3840219137781102,0.6666666666666666,-4.754332073409903,182,0.532967032967033,1.4236109378651631,7.450789835281068,31,0.5714285714285714,0.6710697940135073,0.8,-1.6287442425710212
QQQ,"cons_m2s2c30,cons_m3s2c30",2,time_asc,-999999.0,6.172126484987338,True,False,True,236,0.5,1.3612741533158728,9.57421420805981,33,0.19491525423728814,0.5222360698584408,0.8333333333333334,-3.284297195602254,440,0.45454545454545453,1.064717634291044,3.5073228269522407,22,0.40454545454545454,1.4255887600585804,0.6666666666666666,-4.754332073409903,186,0.532258064516129,1.4684276503408087,8.313213713111718,33,0.5698924731182796,0.6014521185848897,0.8,-1.6287442425710212
QQQ,"cons_m2s2c30,cons_m3s2c30",2,time_asc,0.0,6.172126484987338,True,False,True,236,0.5,1.3612741533158728,9.57421420805981,33,0.19491525423728814,0.5222360698584408,0.8333333333333334,-3.284297195602254,432,0.4537037037037037,1.067729365964167,3.5975354865249596,22,0.39814814814814814,1.3898403556346157,0.6666666666666666,-4.754332073409903,181,0.5303867403314917,1.415257906883195,7.303870403389425,30,0.569060773480663,0.684568553910774,0.8,-1.6287442425710212
QQQ,"cons_m3s2c30,cons_m2s2c30",2,time_asc,-999999.0,6.172126484987338,True,False,True,236,0.5,1.3612741533158728,9.57421420805981,33,0.19491525423728814,0.5222360698584408,0.8333333333333334,-3.284297195602254,440,0.45454545454545453,1.064717634291044,3.5073228269522407,22,0.40454545454545454,1.4255887600585804,0.6666666666666666,-4.754332073409903,186,0.532258064516129,1.4684276503408087,8.313213713111718,33,0.5698924731182796,0.6014521185848897,0.8,-1.6287442425710212
QQQ,"cons_m3s2c30,cons_m2s2c30",2,time_asc,0.0,6.172126484987338,True,False,True,236,0.5,1.3612741533158728,9.57421420805981,33,0.19491525423728814,0.5222360698584408,0.8333333333333334,-3.284297195602254,432,0.4537037037037037,1.067729365964167,3.5975354865249596,22,0.39814814814814814,1.3898403556346157,0.6666666666666666,-4.754332073409903,181,0.5303867403314917,1.415257906883195,7.303870403389425,30,0.569060773480663,0.684568553910774,0.8,-1.6287442425710212
QQQ,"cons_m3allc30,cons_m3s2c30",2,time_asc,-999999.0,6.172126484987338,True,False,True,236,0.5,1.3612741533158728,9.57421420805981,33,0.19491525423728814,0.5222360698584408,0.8333333333333334,-3.284297195602254,440,0.45454545454545453,1.064717634291044,3.5073228269522407,22,0.40454545454545454,1.4255887600585804,0.6666666666666666,-4.754332073409903,186,0.532258064516129,1.4684276503408087,8.313213713111718,33,0.5698924731182796,0.6014521185848897,0.8,-1.6287442425710212
QQQ,"cons_m3allc30,cons_m3s2c30",2,time_asc,0.0,6.172126484987338,True,False,True,236,0.5,1.3612741533158728,9.57421420805981,33,0.19491525423728814,0.5222360698584408,0.8333333333333334,-3.284297195602254,433,0.45496535796766746,1.068014100890628,3.6126595614017223,22,0.3972286374133949,1.3840219137781102,0.6666666666666666,-4.754332073409903,182,0.532967032967033,1.4236109378651631,7.450789835281068,31,0.5714285714285714,0.6710697940135073,0.8,-1.6287442425710212
QQQ,"cons_m3s2c30,cons_m3allc30",2,time_asc,-999999.0,6.172126484987338,True,False,True,236,0.5,1.3612741533158728,9.57421420805981,33,0.19491525423728814,0.5222360698584408,0.8333333333333334,-3.284297195602254,440,0.45454545454545453,1.064717634291044,3.5073228269522407,22,0.40454545454545454,1.4255887600585804,0.6666666666666666,-4.754332073409903,186,0.532258064516129,1.4684276503408087,8.313213713111718,33,0.5698924731182796,0.6014521185848897,0.8,-1.6287442425710212
QQQ,"cons_m3s2c30,cons_m3allc30",2,time_asc,0.0,6.172126484987338,True,False,True,236,0.5,1.3612741533158728,9.57421420805981,33,0.19491525423728814,0.5222360698584408,0.8333333333333334,-3.284297195602254,433,0.45496535796766746,1.068014100890628,3.6126595614017223,22,0.3972286374133949,1.3840219137781102,0.6666666666666666,-4.754332073409903,182,0.532967032967033,1.4236109378651631,7.450789835281068,31,0.5714285714285714,0.6710697940135073,0.8,-1.6287442425710212
QQQ,"d50ret,d65ret,d65win",2,time_asc,-999999.0,-9.999999999999997e+17,False,False,False,228,0.4692982456140351,1.2183223203569304,5.647444977749365,28,0.2236842105263158,0.885356124707675,0.6666666666666666,-4.680328902384895,439,0.4328018223234624,1.0851987948999635,4.74603213236608,20,0.40774487471526194,1.0535116199281414,0.5833333333333334,-3.9621266991126065,187,0.4385026737967914,1.0112121690578046,0.2933056540427409,33,0.5187165775401069,16.71578399366383,0.6,-3.2347723030133517
QQQ,"d50ret,d65ret,d65win",2,time_asc,0.0,-9.999999999999997e+17,False,False,False,228,0.4692982456140351,1.2183223203569304,5.647444977749365,28,0.2236842105263158,0.885356124707675,0.6666666666666666,-4.680328902384895,429,0.4428904428904429,1.1287689160907275,6.855720366413929,16,0.40559440559440557,0.7293179611722387,0.6666666666666666,-3.9621266991126065,186,0.45698924731182794,1.05196783675173,1.3058549138116984,32,0.521505376344086,3.8289092816638814,0.6,-3.2347723030133517
QQQ,"d50ret,d65win,d65ret",2,time_asc,-999999.0,-9.999999999999997e+17,False,False,False,228,0.4692982456140351,1.2057162566543653,5.321358066297301,28,0.2236842105263158,0.9396097645951293,0.6666666666666666,-4.680328902384895,439,0.4305239179954442,1.0760940476977456,4.239356602936759,20,0.41002277904328016,1.1794242542692246,0.5833333333333334,-3.962126699112607,187,0.44385026737967914,0.9506008135744174,-1.270158019067401,33,0.5187165775401069,,0.6,-4.235947860505284
QQQ,"d50ret,d65win,d65ret",2,time_asc,0.0,-9.999999999999997e+17,False,False,False,228,0.4692982456140351,1.2057162566543653,5.321358066297301,28,0.2236842105263158,0.9396097645951293,0.6666666666666666,-4.680328902384895,429,0.4405594405594406,1.1147863177927302,6.0870359749734915,16,0.40792540792540793,0.8214178494356237,0.6666666666666666,-3.9621266991126047,186,0.45698924731182794,0.9768018082211078,-0.5795065882784578,32,0.521505376344086,,0.6,-4.235947860505284
QQQ,"d65ret,d50ret,d65win",2,time_asc,-999999.0,-9.999999999999997e+17,False,False,False,228,0.4692982456140351,1.2213919148373493,5.726847605496398,28,0.2236842105263158,0.8730806797095843,0.6666666666666666,-4.680328902384895,439,0.428246013667426,1.0660008369912615,3.6978164432549105,20,0.40774487471526194,1.3521493229120034,0.5833333333333334,-5.536971446384986,187,0.45454545454545453,1.0805066816440485,2.01562116631905,33,0.5240641711229946,2.432418372571647,0.6,-2.4921815734468953
QQQ,"d65ret,d50ret,d65win",2,time_asc,0.0,-9.999999999999997e+17,False,False,False,228,0.4692982456140351,1.2213919148373493,5.726847605496398,28,0.2236842105263158,0.8730806797095843,0.6666666666666666,-4.680328902384895,429,0.4382284382284382,1.1055960771097424,5.699204759712931,16,0.40326340326340326,0.8773153818484406,0.6666666666666666,-5.536971446384988,186,0.46236559139784944,1.1048059647672053,2.574466951689586,32,0.521505376344086,1.9421496153673954,0.6,-2.4347723030133515
QQQ,"d65ret,d65win,d50ret",2,time_asc,-999999.0,-9.999999999999997e+17,False,False,False,228,0.47368421052631576,1.2622457321505771,6.691054213047066,28,0.22807017543859648,0.7472664008984363,0.6666666666666666,-4.712921280313689,439,0.4419134396355353,1.077952947475562,4.237332372641132,20,0.41002277904328016,1.1799876809955074,0.5833333333333334,-5.323861635326379,187,0.48663101604278075,1.162187924115643,3.745300230439142,33,0.5828877005347594,1.3155375947471686,0.6,-3.1241385408171514
QQQ,"d65ret,d65win,d50ret",2,time_asc,0.0,-9.999999999999997e+17,False,False,False,228,0.47368421052631576,1.2622457321505771,6.691054213047066,28,0.22807017543859648,0.7472664008984363,0.6666666666666666,-4.712921280313689,429,0.44988344988344986,1.1134971006406964,5.977404231970345,16,0.40559440559440557,0.8364834978463284,0.6666666666666666,-5.323861635326378,186,0.4946236559139785,1.2111187924196272,4.775460979174575,32,0.5698924731182796,1.047019339453222,0.6,-2.598825610410045
QQQ,"d65win,d50ret,d65ret",2,time_asc,-999999.0,-9.999999999999997e+17,False,False,False,228,0.4692982456140351,1.2251317689786334,5.811651585300032,28,0.2236842105263158,0.8603406323680828,0.6666666666666666,-4.712921280313689,439,0.44419134396355353,1.090179907999967,4.833844918990847,20,0.4145785876993166,1.0343732750623371,0.5833333333333334,-3.8762563305274114,187,0.44919786096256686,0.945003643509869,-1.3963671869880554,33,0.5187165775401069,,0.6,-4.253235286961679
QQQ,"d65win,d50ret,d65ret",2,time_asc,0.0,-9.999999999999997e+17,False,False,False,228,0.4692982456140351,1.2251317689786334,5.811651585300032,28,0.2236842105263158,0.8603406323680828,0.6666666666666666,-4.712921280313689,429,0.4522144522144522,1.121842627247149,6.2952773457591205,16,0.41025641025641024,0.7942461825559286,0.6666666666666666,-3.876256330527413,186,0.45698924731182794,0.9702704933208016,-0.736800250262952,32,0.521505376344086,,0.6,-4.253235286961679
QQQ,"d65win,d65ret,d50ret",2,time_asc,-999999.0,-9.999999999999997e+17,False,False,False,228,0.47368421052631576,1.2622457321505773,6.691054213047065,28,0.22807017543859648,0.7472664008984364,0.6666666666666666,-4.712921280313689,439,0.4396355353075171,1.062708539923834,3.4091021181429793,20,0.4123006833712984,1.4666618442992319,0.5833333333333334,-5.323861635326379,187,0.4919786096256685,1.1844748917083392,4.204616208158356,33,0.5828877005347594,1.1718271092609456,0.6,-3.1241385408171496
QQQ,"d65win,d65ret,d50ret",2,time_asc,0.0,-9.999999999999997e+17,False,False,False,228,0.47368421052631576,1.2622457321505773,6.691054213047065,28,0.22807017543859648,0.7472664008984364,0.6666666666666666,-4.712921280313689,429,0.44755244755244755,1.0931696239518494,4.887165115461077,16,0.40792540792540793,1.023088003346144,0.6666666666666666,-5.323861635326379,186,0.4946236559139785,1.2111187924196272,4.775460979174575,32,0.5698924731182796,1.047019339453222,0.6,-2.598825610410045
QQQ,"d50ret,d65ret,d80",2,time_asc,-999999.0,-9.999999999999999e+17,False,False,False,177,0.423728813559322,1.149367131182132,3.9097424442317217,0,0.1977401129943503,1.2788566181326857,0.6666666666666666,-4.362963848850992,446,0.45739910313901344,1.2909068757104498,16.301609424634258,20,0.3991031390134529,0.30671818160753045,0.8333333333333334,-3.0316276315857476,192,0.421875,0.9239640799330371,-2.1821996338265848,34,0.4895833333333333,,0.4,-3.184958809165143
QQQ,"d50ret,d65ret,d80",2,time_asc,0.0,-9.999999999999999e+17,False,False,False,169,0.41420118343195267,1.08127359748868,2.1742626736108854,0,0.20710059171597633,2.299630150802478,0.5,-4.601226826641239,428,0.45093457943925236,1.2650515093407573,14.77650821676811,16,0.37616822429906543,0.3383749345008377,0.75,-2.8435323486180764,185,0.43243243243243246,0.9610685475236086,-1.0625022402540782,33,0.4540540540540541,,0.4,-3.9479696809111475
QQQ,"d50ret,d80,d65ret",2,time_asc,-999999.0,-9.999999999999999e+17,False,True,False,177,0.4350282485875706,1.162181730168322,4.147860492167638,0,0.1977401129943503,1.205440734914168,0.6666666666666666,-4.362963848850992,446,0.4641255605381166,1.3129865289424745,17.311574084531024,20,0.4013452914798206,0.2888241112902502,0.75,-3.4894187741414413,192,0.4166666666666667,0.8674554343913683,-3.7401755453428454,34,0.484375,,0.4,-4.0090304730594
QQQ,"d50ret,d80,d65ret",2,time_asc,0.0,-9.999999999999999e+17,False,False,False,169,0.4260355029585799,1.0968196087212763,2.521499015329774,0,0.20710059171597633,1.9829474330951011,0.6666666666666666,-4.362963848850994,428,0.45093457943925236,1.2481334108948243,13.875400337814801,16,0.37616822429906543,0.36034996311951,0.6666666666666666,-3.3013234911737435,185,0.43243243243243246,0.9360389171395912,-1.7010559116048405,33,0.4486486486486487,,0.4,-3.654985327159715
QQQ,"d65ret,d50ret,d80",2,time_asc,-999999.0,-9.999999999999999e+17,False,False,False,177,0.423728813559322,1.1524006155827209,3.9891450719787542,0,0.1977401129943503,1.2534013954824226,0.6666666666666666,-4.362963848850992,446,0.452914798206278,1.257925439778333,14.558106578042342,20,0.3991031390134529,0.3434512567411332,0.8333333333333334,-3.0316276315857476,192,0.4375,0.9904766506165301,-0.2626225588856099,34,0.4895833333333333,,0.4,-3.0065121139403517
QQQ,"d65ret,d50ret,d80",2,time_asc,0.0,-9.999999999999999e+17,False,False,False,169,0.41420118343195267,1.084241655251608,2.2536653013579175,0,0.20710059171597633,2.2186080590526522,0.5,-4.601226826641239,428,0.4485981308411215,1.2439285061750958,13.724705452586365,16,0.37616822429906543,0.3643065432094771,0.8333333333333334,-2.8732923619172936,185,0.44324324324324327,1.0328668825011045,0.8685929924996432,33,0.4594594594594595,5.7564360329582716,0.4,-4.36126106266747
QQQ,"d65ret,d80,d50ret",2,time_asc,-999999.0,-9.999999999999999e+17,False,False,False,177,0.4124293785310734,1.11376430380238,3.0202314229845166,0,0.192090395480226,1.6555022777225217,0.6666666666666666,-4.362963848850994,446,0.45964125560538116,1.2742527398666914,15.149560539623835,20,0.39461883408071746,0.33004257693960476,0.8333333333333334,-2.8981011360838327,192,0.4479166666666667,0.980432278964085,-0.5151938973295257,34,0.5416666666666666,,0.4,-2.947031600404815
QQQ,"d65ret,d80,d50ret",2,time_asc,0.0,-9.999999999999999e+17,False,False,False,169,0.40236686390532544,1.0473638611588194,1.28475165236368,0,0.20118343195266272,3.891802739308429,0.5,-4.601226826641241,428,0.4532710280373832,1.241509976066726,13.432024834239844,16,0.37616822429906543,0.3722446959191439,0.8333333333333334,-2.8732923619172936,185,0.4702702702702703,1.1126602263521734,2.7708000304951463,33,0.4972972972972973,1.8045329670024914,0.8,-4.301780549131934
QQQ,"d80,d50ret,d65ret",2,time_asc,-999999.0,-9.999999999999999e+17,False,False,False,177,0.4293785310734463,1.132662958212381,3.402559009707246,0,0.192090395480226,1.4694822296205223,0.6666666666666666,-4.362963848850993,446,0.4663677130044843,1.2759069899785587,15.11013338678716,20,0.4013452914798206,0.33090376319061343,0.75,-3.3558922786395105,192,0.4166666666666667,0.8523019136692328,-4.093039748529593,34,0.484375,,0.4,-4.317583669167349
QQQ,"d80,d50ret,d65ret",2,time_asc,0.0,-9.999999999999999e+17,False,False,False,169,0.42011834319526625,1.0680117798962945,1.7761975328693795,0,0.20118343195266272,2.8150022210213805,0.6666666666666666,-4.362963848850994,428,0.45794392523364486,1.2440259522646415,13.463725272468523,16,0.37850467289719625,0.37136824309868505,0.75,-3.3013234911737435,185,0.44324324324324327,0.9745461790558366,-0.6509977909997675,33,0.4594594594594595,,0.4,-3.798596572637515
QQQ,"d80,d65ret,d50ret",2,time_asc,-999999.0,-9.999999999999999e+17,False,False,False,177,0.4293785310734463,1.132662958212381,3.402559009707246,0,0.192090395480226,1.4694822296205223,0.6666666666666666,-4.362963848850993,446,0.4663677130044843,1.271909410091421,14.865828516102235,20,0.4013452914798206,0.3363418321813779,0.75,-3.3558922786395105,192,0.453125,1.0118748394800763,0.3012414967903698,34,0.5364583333333334,15.799477168545735,0.4,-2.713527760188919
QQQ,"d80,d65ret,d50ret",2,time_asc,0.0,-9.999999999999999e+17,False,False,False,169,0.42011834319526625,1.0680117798962945,1.7761975328693795,0,0.20118343195266272,2.8150022210213805,0.6666666666666666,-4.362963848850994,428,0.45560747663551404,1.2233665725966498,12.4341134110181,16,0.37616822429906543,0.4021195428030604,0.75,-3.3013234911737435,185,0.4756756756756757,1.1565063291753621,3.647511567831168,33,0.4972972972972973,1.3707975717190197,0.8,-3.7814723221236877
QQQ,"d50ret,d65ret,d80_front",2,time_asc,-999999.0,-9.999999999999999e+17,False,False,False,157,0.5286624203821656,1.4401131512637737,6.776483898286308,0,0.19745222929936307,0.5230172363477376,0.8333333333333334,-3.4274670562537115,477,0.4381551362683438,1.1208212590866105,6.5513643737461535,36,0.4025157232704403,0.7631998030878775,0.5,-4.558522779884735,190,0.4473684210526316,1.0269637649684311,0.6783232303290578,33,0.5052631578947369,7.227872698271532,0.6,-3.2477663563725754
QQQ,"d50ret,d65ret,d80_front",2,time_asc,0.0,-9.999999999999999e+17,False,False,False,157,0.5286624203821656,1.4401131512637737,6.776483898286308,0,0.19745222929936307,0.5230172363477376,0.8333333333333334,-3.4274670562537115,462,0.45670995670995673,1.1767097742380244,8.986823623359102,32,0.4025974025974026,0.5563701046723221,0.5833333333333334,-4.442948426777401,186,0.44086021505376344,1.0078501614670947,0.192801681951698,32,0.4946236559139785,25.933383720441995,0.4,-3.410743478603369
QQQ,"d50ret,d80_front,d65ret",2,time_asc,-999999.0,-9.999999999999999e+17,False,False,False,157,0.5286624203821656,1.4401131512637737,6.776483898286308,0,0.19745222929936307,0.5230172363477376,0.8333333333333334,-3.4274670562537115,477,0.4444444444444444,1.1413066186427274,7.5142531679024405,36,0.4025157232704403,0.6654021215784669,0.5,-4.243128394902828,190,0.4473684210526316,0.9796143737599049,-0.49346887797967326,33,0.5,,0.6,-3.7286158302286716
QQQ,"d50ret,d80_front,d65ret",2,time_asc,0.0,-9.999999999999999e+17,False,False,False,157,0.5286624203821656,1.4401131512637737,6.776483898286308,0,0.19745222929936307,0.5230172363477376,0.8333333333333334,-3.4274670562537115,462,0.461038961038961,1.193592870098823,9.687349377562608,32,0.4025974025974026,0.5161370572202928,0.5833333333333334,-4.243128394902826,186,0.43548387096774194,0.9534304131637544,-1.1084282497916966,32,0.4946236559139785,,0.6,-3.1191158732912774
QQQ,"d65ret,d50ret,d80_front",2,time_asc,-999999.0,-9.999999999999999e+17,False,False,False,157,0.5286624203821656,1.4452701237056633,6.8558865260333395,0,0.19745222929936307,0.5169598223626451,0.8333333333333334,-3.4274670562537115,477,0.4360587002096436,1.121359250529665,6.552834193291638,36,0.40461215932914046,0.7630286151782495,0.5,-5.217793174049785,190,0.4631578947368421,1.0907934335125637,2.2003136254057103,33,0.5105263157894737,2.2282432379132895,0.8,-2.8188104189019048
QQQ,"d65ret,d50ret,d80_front",2,time_asc,0.0,-9.999999999999999e+17,False,False,False,157,0.5286624203821656,1.4452701237056633,6.8558865260333395,0,0.19745222929936307,0.5169598223626451,0.8333333333333334,-3.4274670562537115,462,0.45454545454545453,1.1701445801503834,8.683834636357501,32,0.4025974025974026,0.5757824980989374,0.6666666666666666,-5.217793174049781,186,0.45698924731182794,1.106114980464929,2.50394565565904,32,0.5,1.9968484494460792,0.6,-3.3439326936536258
QQQ,"d65ret,d80_front,d50ret",2,time_asc,-999999.0,-9.999999999999999e+17,False,False,False,157,0.5222929936305732,1.4444042249825284,6.824343885584163,0,0.19745222929936307,0.5193492502808221,0.8333333333333334,-3.482644075882716,477,0.44025157232704404,1.1099411974961624,5.81511007618124,36,0.4109014675052411,0.8598289515584683,0.5833333333333334,-5.014971940807694,190,0.4842105263157895,1.1418240354315838,3.16895924801146,33,0.5631578947368421,1.5471432648353889,0.6,-3.390474962363077
QQQ,"d65ret,d80_front,d50ret",2,time_asc,0.0,-9.999999999999999e+17,False,False,False,157,0.5222929936305732,1.4444042249825284,6.824343885584163,0,0.19745222929936307,0.5193492502808221,0.8333333333333334,-3.482644075882716,462,0.45454545454545453,1.1569230125886565,7.889893553784061,32,0.4090909090909091,0.6337221111940042,0.6666666666666666,-5.014971940807691,186,0.478494623655914,1.2052923898586043,4.388281223484755,32,0.5483870967741935,1.1393982621809904,0.8,-4.481834039430229
QQQ,"d80_front,d50ret,d65ret",2,time_asc,-999999.0,-9.999999999999999e+17,False,False,False,157,0.5222929936305732,1.4392334915263734,6.74494125783713,0,0.19745222929936307,0.5254631204561678,0.8333333333333334,-3.482644075882716,477,0.45073375262054505,1.1305226765946124,6.70906799489737,36,0.4088050314465409,0.7452599979315735,0.5,-4.0791833106201985,190,0.45263157894736844,0.9619614524151341,-0.8989112761141109,33,0.5052631578947369,,0.6,-3.6721458732510013
QQQ,"d80_front,d50ret,d65ret",2,time_asc,0.0,-9.999999999999999e+17,False,False,False,157,0.5222929936305732,1.4392334915263734,6.74494125783713,0,0.19745222929936307,0.5254631204561678,0.8333333333333334,-3.482644075882716,462,0.46320346320346323,1.1774961126511299,8.677728474158553,32,0.4090909090909091,0.5761876526661929,0.5833333333333334,-4.003592755300142,186,0.43548387096774194,0.9395252715680832,-1.412474083998132,32,0.5,,0.4,-3.5453737786908177
QQQ,"d80_front,d65ret,d50ret",2,time_asc,-999999.0,-9.999999999999999e+17,False,False,False,157,0.5222929936305732,1.4444042249825282,6.824343885584163,0,0.19745222929936307,0.5193492502808221,0.8333333333333334,-3.482644075882716,477,0.44863731656184486,1.1241486060651211,6.3803689299013016,36,0.4109014675052411,0.7836537439971117,0.5,-4.702766510307919,190,0.48947368421052634,1.2012208281432712,4.2970777332539045,33,0.5578947368421052,1.1409693427598628,0.8,-3.358376702310943
QQQ,"d80_front,d65ret,d50ret",2,time_asc,0.0,-9.999999999999999e+17,False,False,False,157,0.5222929936305732,1.4444042249825282,6.824343885584163,0,0.19745222929936307,0.5193492502808221,0.8333333333333334,-3.482644075882716,462,0.461038961038961,1.1649242133660465,8.106883588740326,32,0.4090909090909091,0.6167598122346933,0.6666666666666666,-4.702766510307916,186,0.478494623655914,1.2373513962659357,4.958923351792048,32,0.5483870967741935,1.0082833803416436,0.8,-4.070428318581834
QQQ,"d50ret,d65ret,d80_zero",2,time_asc,-999999.0,-9.999999999999999e+17,False,False,False,132,0.4318181818181818,1.118125655396777,2.5282040913874835,0,0.23484848484848486,1.9776884378254407,0.5,-4.372872850947956,441,0.42630385487528344,1.1278885396484326,7.970422239363858,28,0.36281179138321995,0.6273193376514347,0.75,-3.294947089742381,182,0.42857142857142855,0.9757561052710725,-0.6620284224517508,33,0.5164835164835165,,0.4,-3.3202392759413093
QQQ,"d50ret,d65ret,d80_zero",2,time_asc,0.0,-9.999999999999999e+17,False,False,False,130,0.43846153846153846,1.1360380470198237,2.8713403915752114,0,0.2153846153846154,1.7413470080630218,0.5,-4.3653790876535545,398,0.43467336683417085,1.1913957156111779,10.751760160249082,22,0.3492462311557789,0.4650401353339123,0.6666666666666666,-3.2800159805554845,163,0.4294478527607362,0.9985479179533149,-0.03564371860991078,26,0.48466257668711654,,0.6,-2.44566620758608
QQQ,"d50ret,d80_zero,d65ret",2,time_asc,-999999.0,-9.999999999999999e+17,False,False,False,132,0.4318181818181818,1.089990648809036,1.9260399084467337,0,0.23484848484848486,2.596000206471464,0.5,-4.720359246440903,441,0.42630385487528344,1.1278885396484326,7.970422239363858,28,0.36281179138321995,0.6273193376514347,0.75,-3.294947089742381,182,0.4230769230769231,0.945993266667549,-1.490964753860068,33,0.5,,0.4,-3.657515294928657
QQQ,"d50ret,d80_zero,d65ret",2,time_asc,0.0,-9.999999999999999e+17,False,False,False,130,0.43846153846153846,1.1075087790608942,2.2691762086344616,0,0.2153846153846154,2.203442809321928,0.5,-4.712865483146502,398,0.43467336683417085,1.1913957156111779,10.751760160249082,22,0.3492462311557789,0.4650401353339123,0.6666666666666666,-3.2800159805554845,163,0.44171779141104295,1.0459936679979365,1.101393282749075,26,0.48466257668711654,4.539704461897581,0.6,-2.44566620758608
QQQ,"d65ret,d50ret,d80_zero",2,time_asc,-999999.0,-9.999999999999999e+17,False,False,False,132,0.4318181818181818,1.1218355961704658,2.6076067191345156,0,0.23484848484848486,1.917467064074577,0.5,-4.372872850947956,441,0.4217687074829932,1.1104996268286556,6.922206550252687,28,0.36281179138321995,0.7223130317915002,0.75,-3.102762019405345,182,0.43956043956043955,1.0172536026729944,0.46068191029978833,33,0.5164835164835165,10.85347587611212,0.4,-2.513291876936601
QQQ,"d65ret,d50ret,d80_zero",2,time_asc,0.0,-9.999999999999999e+17,False,False,False,130,0.43846153846153846,1.1397999759219637,2.9507430193222435,0,0.2153846153846154,1.694488461807308,0.5,-4.3653790876535545,398,0.4321608040201005,1.1854230630528009,10.449732194853155,22,0.35175879396984927,0.47848116169548044,0.75,-3.2800159805554845,163,0.44785276073619634,1.1058831554898063,2.4758253722970878,26,0.49079754601226994,2.0195285402382663,0.6,-2.2910679051100695
QQQ,"d65ret,d80_zero,d50ret",2,time_asc,-999999.0,-9.999999999999999e+17,False,False,False,132,0.4318181818181818,1.1163410989838127,2.5022653544945017,0,0.23484848484848486,1.998189357103608,0.5,-4.478214215587969,441,0.41950113378684806,1.0969619816845906,6.069410082423416,28,0.36281179138321995,0.8238032909457952,0.75,-3.1382064503473597,182,0.42857142857142855,0.9714300496035865,-0.7799773951193245,33,0.5164835164835165,,0.4,-3.5378404298779196
QQQ,"d65ret,d80_zero,d50ret",2,time_asc,0.0,-9.999999999999999e+17,False,False,False,130,0.43846153846153846,1.1373196132511714,2.9047113261522615,0,0.2153846153846154,1.72134144793771,0.5,-4.411410780823536,398,0.4296482412060301,1.1688272799208592,9.519315885225069,22,0.35175879396984927,0.5252478287605206,0.75,-3.2800159805554845,163,0.44785276073619634,1.1058831554898063,2.4758253722970878,26,0.49079754601226994,2.0195285402382663,0.6,-2.2910679051100695
QQQ,"d80_zero,d50ret,d65ret",2,time_asc,-999999.0,-9.999999999999999e+17,False,False,False,132,0.4393939393939394,1.0963933366573573,2.044310710340565,0,0.23484848484848486,2.4458121628522127,0.5,-4.476317943483208,441,0.42403628117913833,1.1142946601502006,7.117625771534587,28,0.36281179138321995,0.7024814398076988,0.75,-3.294947089742381,182,0.42857142857142855,0.9831499972272325,-0.45993107918086046,33,0.4945054945054945,,0.4,-2.910133635949766
QQQ,"d80_zero,d50ret,d65ret",2,time_asc,0.0,-9.999999999999999e+17,False,False,False,130,0.4461538461538462,1.1173339861706155,2.446756681998325,0,0.2153846153846154,2.043521547028689,0.5,-4.409514508718774,398,0.4321608040201005,1.1747435449306203,9.821343850620995,22,0.3492462311557789,0.5090953006073455,0.6666666666666666,-3.2800159805554845,163,0.4601226993865031,1.1229744454338668,2.834146363854665,26,0.49693251533742333,1.7641996418278134,0.6,-2.2882444605564323
QQQ,"d80_zero,d65ret,d50ret",2,time_asc,-999999.0,-9.999999999999999e+17,False,False,False,132,0.4393939393939394,1.0963933366573573,2.044310710340565,0,0.23484848484848486,2.4458121628522127,0.5,-4.476317943483208,441,0.41950113378684806,1.0969619816845906,6.069410082423416,28,0.36281179138321995,0.8238032909457952,0.75,-3.1382064503473597,182,0.4340659340659341,0.9778793385543709,-0.6001135727786754,33,0.5,,0.4,-2.7176464462356296
QQQ,"d80_zero,d65ret,d50ret",2,time_asc,0.0,-9.999999999999999e+17,False,False,False,130,0.4461538461538462,1.1173339861706155,2.446756681998325,0,0.2153846153846154,2.043521547028689,0.5,-4.409514508718774,398,0.4296482412060301,1.168827279920859,9.519315885225069,22,0.35175879396984927,0.5252478287605206,0.75,-3.2800159805554845,163,0.4662576687116564,1.1666005027917017,3.7456154547616647,26,0.49693251533742333,1.3348941076275413,0.6,-1.9110003738293004
QQQ,"d50ret,d65ret,cons_m2s1c45",2,time_asc,-999999.0,-9.999999999999999e+17,False,False,False,190,0.4631578947368421,1.191266129087635,4.588001496580996,25,0.3105263157894737,0.921208085977355,0.6666666666666666,-4.381885957104905,447,0.436241610738255,1.1136479146200264,6.649525598286521,29,0.3870246085011186,0.7519333411226241,0.6666666666666666,-3.3447457476978437,186,0.44086021505376344,1.008559694950746,0.21973383625698295,34,0.532258064516129,22.75480228794806,0.6,-2.878864370879252
QQQ,"d50ret,d65ret,cons_m2s1c45",2,time_asc,0.0,-9.999999999999999e+17,False,False,False,188,0.4734042553191489,1.2285746381387563,5.3293070060854975,25,0.30851063829787234,0.7930682305035918,0.6666666666666666,-4.240580447600404,430,0.44651162790697674,1.1410917053468017,7.85094919660734,24,0.3767441860465116,0.6368656674228218,0.8333333333333334,-3.3447457476978446,183,0.44808743169398907,1.064847990412608,1.5923823342400052,33,0.5300546448087432,3.139949428279952,0.8,-2.6211820033938724
QQQ,"d50ret,cons_m2s1c45,d65ret",2,time_asc,-999999.0,-9.999999999999999e+17,False,False,False,190,0.4631578947368421,1.191266129087635,4.588001496580996,25,0.3105263157894737,0.921208085977355,0.6666666666666666,-4.381885957104905,447,0.43847874720357943,1.1128629575252305,6.564937230631574,29,0.3870246085011186,0.7616219050306106,0.5833333333333334,-3.615513599820164,186,0.44623655913978494,0.9771701343865586,-0.5728052039068892,34,0.532258064516129,,0.6,-3.4168973413387365
QQQ,"d50ret,cons_m2s1c45,d65ret",2,time_asc,0.0,-9.999999999999999e+17,False,False,False,188,0.4734042553191489,1.2285746381387563,5.3293070060854975,25,0.30851063829787234,0.7930682305035918,0.6666666666666666,-4.240580447600404,430,0.44651162790697674,1.1327961433977893,7.390891014666367,24,0.3767441860465116,0.6765084196314192,0.75,-3.615513599820164,183,0.453551912568306,1.0371914927768653,0.8916671551755546,33,0.5300546448087432,5.607473563401112,0.6,-3.162106425330085
QQQ,"d65ret,d50ret,cons_m2s1c45",2,time_asc,-999999.0,-9.999999999999999e+17,False,False,False,190,0.4631578947368421,1.1945762921858554,4.667404124328028,25,0.3105263157894737,0.9055363462308109,0.6666666666666666,-4.381885957104905,447,0.42953020134228187,1.0811974370605983,4.80130990917535,29,0.3870246085011186,1.0413824757374963,0.6666666666666666,-5.672422944760741,186,0.45698924731182794,1.0791127507370926,1.9420493485332926,34,0.5376344086021505,2.5745998698623107,0.6,-2.4027880347549577
QQQ,"d65ret,d50ret,cons_m2s1c45",2,time_asc,0.0,-9.999999999999999e+17,False,False,False,188,0.4734042553191489,1.2319802266859765,5.408709633832529,25,0.30851063829787234,0.781425582672994,0.6666666666666666,-4.240580447600404,430,0.43953488372093025,1.1005606788852214,5.699235722554757,24,0.3744186046511628,0.8773106155642014,0.75,-5.672422944760742,183,0.45901639344262296,1.154527071863559,3.660994372117893,33,0.5355191256830601,1.3657491631453913,0.8,-1.8211820033938726
QQQ,"d65ret,cons_m2s1c45,d50ret",2,time_asc,-999999.0,-9.999999999999999e+17,False,False,False,190,0.46842105263157896,1.205991672641865,4.891650671504284,25,0.3157894736842105,0.8640241016693211,0.6666666666666666,-4.15763940992865,447,0.4407158836689038,1.091748254459112,5.304612809737748,29,0.38478747203579416,0.942575863561886,0.75,-5.494716147889998,186,0.478494623655914,1.1142380807448256,2.65072595436697,34,0.5860215053763441,1.8862757169456505,0.8,-3.137073841023196
QQQ,"d65ret,cons_m2s1c45,d50ret",2,time_asc,0.0,-9.999999999999999e+17,False,False,False,188,0.4734042553191489,1.2283082859690861,5.323096901169797,25,0.30851063829787234,0.7939934507293693,0.6666666666666666,-4.326193180263136,430,0.4511627906976744,1.1213041126608017,6.7492370670042074,24,0.37209302325581395,0.7408244739904145,0.75,-5.494716147889996,183,0.48633879781420764,1.2509388945123927,5.48956174561181,33,0.5792349726775956,0.9108195210659301,0.6,-2.4572056777944167
QQQ,"cons_m2s1c45,d50ret,d65ret",2,time_asc,-999999.0,-9.999999999999999e+17,False,False,False,190,0.46842105263157896,1.1973516533880115,4.686477542693387,25,0.3157894736842105,0.9018509186534128,0.6666666666666666,-4.15763940992865,447,0.44966442953020136,1.1246446300579944,7.069999906976232,29,0.38478747203579416,0.7072135878058943,0.6666666666666666,-3.6057093961437383,186,0.45698924731182794,0.9841426282003514,-0.3877663891600709,34,0.5376344086021505,,0.6,-3.337262743668979
QQQ,"cons_m2s1c45,d50ret,d65ret",2,time_asc,0.0,-9.999999999999999e+17,False,False,False,188,0.4734042553191489,1.2195083850400918,5.1179237723589015,25,0.30851063829787234,0.8258239600896953,0.6666666666666666,-4.326193180263136,430,0.45813953488372094,1.1545463001812155,8.436470374247286,24,0.3744186046511628,0.5926649153255762,0.75,-3.6057093961437374,183,0.453551912568306,1.0291445422004337,0.6938433018783907,33,0.5355191256830601,7.206238046060068,0.8,-2.739900513593958
QQQ,"cons_m2s1c45,d65ret,d50ret",2,time_asc,-999999.0,-9.999999999999999e+17,False,False,False,190,0.46842105263157896,1.1973516533880115,4.686477542693387,25,0.3157894736842105,0.9018509186534128,0.6666666666666666,-4.15763940992865,447,0.4451901565995526,1.104243567005134,5.965733185442992,29,0.38478747203579416,0.8381199501513945,0.6666666666666666,-4.723800782069427,186,0.4838709677419355,1.129737742555744,2.949832822317509,34,0.5860215053763441,1.69501131120773,0.8,-3.098287838887346
QQQ,"cons_m2s1c45,d65ret,d50ret",2,time_asc,0.0,-9.999999999999999e+17,False,False,False,188,0.4734042553191489,1.2195083850400918,5.117923772358901,25,0.30851063829787234,0.8258239600896954,0.6666666666666666,-4.326193180263136,430,0.45348837209302323,1.1274852835181486,7.060094250883802,24,0.37209302325581395,0.7082058429140782,0.6666666666666666,-4.723800782069425,183,0.48633879781420764,1.2399342945599596,5.232162451030858,33,0.5792349726775956,0.9556278205801664,0.6,-2.850201316575089
QQQ,"d50ret,d65ret,cons_m2s2c30",2,time_asc,-999999.0,6.194237881395589,True,False,False,241,0.4979253112033195,1.339232502556425,9.559806808639726,37,0.2074688796680498,0.5230231217100771,0.8333333333333334,-3.072833825988708,473,0.4376321353065539,1.0908143664397318,5.638873906162917,31,0.3953488372093023,0.886701863387179,0.5833333333333334,-3.751817522675329,191,0.44502617801047123,1.0643054262602145,1.6672598818606659,34,0.4869109947643979,2.998932592572184,0.6,-2.8788643708792527
QQQ,"d50ret,d65ret,cons_m2s2c30",2,time_asc,0.0,6.2537622858167925,True,False,False,241,0.5062240663900415,1.356338496084374,9.936469523243145,37,0.2074688796680498,0.5031968334733099,0.8333333333333334,-3.072833825988708,463,0.4514038876889849,1.1498538864845906,8.8767900228357,29,0.38876889848812096,0.56326667490584,0.75,-3.7518175226753314,189,0.4497354497354497,1.0649756072450882,1.6474130177557982,33,0.48677248677248675,3.035061606354969,0.6,-2.180174818665117
QQQ,"d50ret,cons_m2s2c30,d65ret",2,time_asc,-999999.0,6.194237881395589,True,False,False,241,0.4979253112033195,1.339232502556425,9.559806808639726,37,0.2074688796680498,0.5230231217100771,0.8333333333333334,-3.072833825988708,473,0.4397463002114165,1.0899482842183181,5.554285538507969,31,0.3953488372093023,0.9002057898058902,0.5,-3.9454348691231473,191,0.450261780104712,1.0345103573622283,0.8747208416967935,34,0.4869109947643979,5.716109370734716,0.6,-3.416897341338736
QQQ,"d50ret,cons_m2s2c30,d65ret",2,time_asc,0.0,6.2537622858167925,True,False,False,241,0.5062240663900415,1.356338496084374,9.936469523243145,37,0.2074688796680498,0.5031968334733099,0.8333333333333334,-3.072833825988708,463,0.4514038876889849,1.142059538605313,8.416731840894727,29,0.38876889848812096,0.5940548058934575,0.6666666666666666,-3.945434869123151,189,0.455026455026455,1.0382137561147247,0.9466978386913472,33,0.48677248677248675,5.281516230048303,0.6,-2.7182077891246017
QQQ,"d65ret,d50ret,cons_m2s2c30",2,time_asc,-999999.0,6.205789494796541,True,False,False,241,0.4979253112033195,1.342050127709251,9.639209436386757,37,0.2074688796680498,0.5187147382777734,0.8333333333333334,-3.072833825988708,473,0.4312896405919662,1.0604438308009603,3.7906582170517478,31,0.3953488372093023,1.3190321347116436,0.5833333333333334,-6.12666226994771,191,0.4607329842931937,1.1366526454050332,3.389575394136974,34,0.49214659685863876,1.4751110149809956,0.6,-2.4027880347549564
QQQ,"d65ret,d50ret,cons_m2s2c30",2,time_asc,0.0,6.265325702728678,True,False,False,241,0.5062240663900415,1.359186007757443,10.015872150990177,37,0.2074688796680498,0.4992076500802475,0.8333333333333334,-3.072833825988708,463,0.4449244060475162,1.1115887898973649,6.725076548783117,29,0.38660907127429806,0.7434859609002867,0.6666666666666666,-6.12666226994771,189,0.4603174603174603,1.151734443470092,3.7160250556336862,33,0.49206349206349204,1.3455237586247546,0.6,-2.2523433722929145
QQQ,"d65ret,cons_m2s2c30,d50ret",2,time_asc,-999999.0,6.23479457936898,True,False,False,241,0.5020746887966805,1.350797271627451,9.81742429039303,37,0.21161825726141079,0.5092985544989449,0.8333333333333334,-3.072833825988708,473,0.4418604651162791,1.069672607036577,4.2614529830887715,31,0.3953488372093023,1.1733087329232756,0.5833333333333334,-5.948955473076968,191,0.4816753926701571,1.1746912621811432,4.0982519999706515,34,0.5392670157068062,1.2200323455062807,0.8,-3.137073841023196
QQQ,"d65ret,cons_m2s2c30,d50ret",2,time_asc,0.0,6.245407479636556,True,False,False,241,0.5062240663900415,1.353880840162336,9.884227725157464,37,0.2074688796680498,0.505856414788374,0.8333333333333334,-3.072833825988708,463,0.4557235421166307,1.1307196317755832,7.715415762057363,29,0.38660907127429806,0.6480532163397918,0.6666666666666666,-5.948955473076966,189,0.48677248677248675,1.2445265832122563,5.5445924291276025,33,0.5343915343915344,0.9017795381556495,0.6,-2.457205677794417
QQQ,"cons_m2s2c30,d50ret,d65ret",2,time_asc,-999999.0,6.204906755206218,True,False,False,241,0.5020746887966805,1.3434660030921224,9.612251161582135,37,0.21161825726141079,0.5201695124222099,0.8333333333333334,-3.072833825988708,473,0.44820295983086683,1.0907667775994034,5.4851387194900365,31,0.39323467230443976,0.9115539744206979,0.4166666666666667,-4.187374513158801,191,0.4607329842931937,1.0521061080696572,1.2762525404797718,34,0.49214659685863876,3.9177199193824044,0.6,-3.120769859632817
QQQ,"cons_m2s2c30,d50ret,d65ret",2,time_asc,0.0,6.215513465042088,True,False,False,241,0.5062240663900415,1.346535113088734,9.679054596346568,37,0.2074688796680498,0.5165793776891483,0.8333333333333334,-3.072833825988708,463,0.46004319654427644,1.1519160209122523,8.861908730068901,29,0.38660907127429806,0.5642125361813701,0.5833333333333334,-4.187374513158801,189,0.455026455026455,1.0388930562018561,0.9491991025938422,33,0.49206349206349204,5.267598743337072,0.6,-2.744748758967253
QQQ,"cons_m2s2c30,d65ret,d50ret",2,time_asc,-999999.0,6.204906755206218,True,False,False,241,0.5020746887966805,1.3434660030921224,9.612251161582133,37,0.21161825726141079,0.52016951242221,0.8333333333333334,-3.072833825988708,473,0.44820295983086683,1.0928843929469538,5.580963119345785,31,0.3953488372093023,0.8959027130403457,0.4166666666666667,-4.187374513158801,191,0.4869109947643979,1.1912449067231186,4.3973588679211915,34,0.5392670157068062,1.1370461566089332,0.8,-3.0982878388873454
QQQ,"cons_m2s2c30,d65ret,d50ret",2,time_asc,0.0,6.215513465042088,True,False,False,241,0.5062240663900415,1.346535113088734,9.679054596346568,37,0.2074688796680498,0.5165793776891483,0.8333333333333334,-3.072833825988708,463,0.46004319654427644,1.1490349463142864,8.68466270648873,29,0.38660907127429806,0.5757275980636829,0.5833333333333334,-4.187374513158801,189,0.48677248677248675,1.2338911101941952,5.2871931345466505,33,0.5343915343915344,0.9456813611233296,0.8,-2.7447487589672526
QQQ,"d50ret,d65ret,cons_m3allc30",2,time_asc,-999999.0,6.194237881395589,True,False,False,241,0.4979253112033195,1.339232502556425,9.559806808639726,37,0.2074688796680498,0.5230231217100771,0.8333333333333334,-3.072833825988708,473,0.4376321353065539,1.0908143664397318,5.638873906162917,31,0.3953488372093023,0.886701863387179,0.5833333333333334,-3.751817522675329,191,0.44502617801047123,1.0643054262602145,1.6672598818606659,34,0.4869109947643979,2.998932592572184,0.6,-2.8788643708792527
QQQ,"d50ret,d65ret,cons_m3allc30",2,time_asc,0.0,6.2537622858167925,True,False,False,241,0.5062240663900415,1.356338496084374,9.936469523243145,37,0.2074688796680498,0.5031968334733099,0.8333333333333334,-3.072833825988708,463,0.4514038876889849,1.1498538864845906,8.8767900228357,29,0.38876889848812096,0.56326667490584,0.75,-3.7518175226753314,189,0.4497354497354497,1.0649756072450882,1.6474130177557982,33,0.48677248677248675,3.035061606354969,0.6,-2.180174818665117
QQQ,"d50ret,cons_m3allc30,d65ret",2,time_asc,-999999.0,6.194237881395589,True,False,False,241,0.4979253112033195,1.339232502556425,9.559806808639726,37,0.2074688796680498,0.5230231217100771,0.8333333333333334,-3.072833825988708,473,0.4397463002114165,1.0899482842183181,5.554285538507969,31,0.3953488372093023,0.9002057898058902,0.5,-3.9454348691231473,191,0.450261780104712,1.0345103573622283,0.8747208416967935,34,0.4869109947643979,5.716109370734716,0.6,-3.416897341338736
QQQ,"d50ret,cons_m3allc30,d65ret",2,time_asc,0.0,6.2537622858167925,True,False,False,241,0.5062240663900415,1.356338496084374,9.936469523243145,37,0.2074688796680498,0.5031968334733099,0.8333333333333334,-3.072833825988708,463,0.4514038876889849,1.142059538605313,8.416731840894727,29,0.38876889848812096,0.5940548058934575,0.6666666666666666,-3.945434869123151,189,0.455026455026455,1.0382137561147247,0.9466978386913472,33,0.48677248677248675,5.281516230048303,0.6,-2.7182077891246017
QQQ,"d65ret,d50ret,cons_m3allc30",2,time_asc,-999999.0,6.205789494796541,True,False,False,241,0.4979253112033195,1.342050127709251,9.639209436386757,37,0.2074688796680498,0.5187147382777734,0.8333333333333334,-3.072833825988708,473,0.4312896405919662,1.0604438308009603,3.7906582170517478,31,0.3953488372093023,1.3190321347116436,0.5833333333333334,-6.12666226994771,191,0.4607329842931937,1.1366526454050332,3.389575394136974,34,0.49214659685863876,1.4751110149809956,0.6,-2.4027880347549564
QQQ,"d65ret,d50ret,cons_m3allc30",2,time_asc,0.0,6.265325702728678,True,False,False,241,0.5062240663900415,1.359186007757443,10.015872150990177,37,0.2074688796680498,0.4992076500802475,0.8333333333333334,-3.072833825988708,463,0.4449244060475162,1.1115887898973649,6.725076548783117,29,0.38660907127429806,0.7434859609002867,0.6666666666666666,-6.12666226994771,189,0.4603174603174603,1.151734443470092,3.7160250556336862,33,0.49206349206349204,1.3455237586247546,0.6,-2.2523433722929145
QQQ,"d65ret,cons_m3allc30,d50ret",2,time_asc,-999999.0,6.23479457936898,True,False,False,241,0.5020746887966805,1.350797271627451,9.81742429039303,37,0.21161825726141079,0.5092985544989449,0.8333333333333334,-3.072833825988708,473,0.4418604651162791,1.069672607036577,4.2614529830887715,31,0.3953488372093023,1.1733087329232756,0.5833333333333334,-5.948955473076968,191,0.4816753926701571,1.1746912621811432,4.0982519999706515,34,0.5392670157068062,1.2200323455062807,0.8,-3.137073841023196
QQQ,"d65ret,cons_m3allc30,d50ret",2,time_asc,0.0,6.245407479636556,True,False,False,241,0.5062240663900415,1.353880840162336,9.884227725157464,37,0.2074688796680498,0.505856414788374,0.8333333333333334,-3.072833825988708,463,0.4557235421166307,1.1307196317755832,7.715415762057363,29,0.38660907127429806,0.6480532163397918,0.6666666666666666,-5.948955473076966,189,0.48677248677248675,1.2445265832122563,5.5445924291276025,33,0.5343915343915344,0.9017795381556495,0.6,-2.457205677794417
QQQ,"cons_m3allc30,d50ret,d65ret",2,time_asc,-999999.0,6.204906755206218,True,False,False,241,0.5020746887966805,1.3434660030921224,9.612251161582135,37,0.21161825726141079,0.5201695124222099,0.8333333333333334,-3.072833825988708,473,0.44820295983086683,1.0907667775994034,5.4851387194900365,31,0.39323467230443976,0.9115539744206979,0.4166666666666667,-4.187374513158801,191,0.4607329842931937,1.0521061080696572,1.2762525404797718,34,0.49214659685863876,3.9177199193824044,0.6,-3.120769859632817
QQQ,"cons_m3allc30,d50ret,d65ret",2,time_asc,0.0,6.215513465042088,True,False,False,241,0.5062240663900415,1.346535113088734,9.679054596346568,37,0.2074688796680498,0.5165793776891483,0.8333333333333334,-3.072833825988708,463,0.46004319654427644,1.1519160209122523,8.861908730068901,29,0.38660907127429806,0.5642125361813701,0.5833333333333334,-4.187374513158801,189,0.455026455026455,1.0388930562018561,0.9491991025938422,33,0.49206349206349204,5.267598743337072,0.6,-2.744748758967253
QQQ,"cons_m3allc30,d65ret,d50ret",2,time_asc,-999999.0,6.204906755206218,True,False,False,241,0.5020746887966805,1.3434660030921224,9.612251161582133,37,0.21161825726141079,0.52016951242221,0.8333333333333334,-3.072833825988708,473,0.44820295983086683,1.0928843929469538,5.580963119345785,31,0.3953488372093023,0.8959027130403457,0.4166666666666667,-4.187374513158801,191,0.4869109947643979,1.1912449067231186,4.3973588679211915,34,0.5392670157068062,1.1370461566089332,0.8,-3.0982878388873454
QQQ,"cons_m3allc30,d65ret,d50ret",2,time_asc,0.0,6.215513465042088,True,False,False,241,0.5062240663900415,1.346535113088734,9.679054596346568,37,0.2074688796680498,0.5165793776891483,0.8333333333333334,-3.072833825988708,463,0.46004319654427644,1.1490349463142864,8.68466270648873,29,0.38660907127429806,0.5757275980636829,0.5833333333333334,-4.187374513158801,189,0.48677248677248675,1.2338911101941952,5.2871931345466505,33,0.5343915343915344,0.9456813611233296,0.8,-2.7447487589672526
QQQ,"d50ret,d65ret,cons_m3s2c30",2,time_asc,-999999.0,6.194237881395589,True,False,False,241,0.4979253112033195,1.339232502556425,9.559806808639726,37,0.2074688796680498,0.5230231217100771,0.8333333333333334,-3.072833825988708,473,0.4376321353065539,1.0908143664397318,5.638873906162917,31,0.3953488372093023,0.886701863387179,0.5833333333333334,-3.751817522675329,191,0.44502617801047123,1.0643054262602145,1.6672598818606659,34,0.4869109947643979,2.998932592572184,0.6,-2.8788643708792527
QQQ,"d50ret,d65ret,cons_m3s2c30",2,time_asc,0.0,6.2537622858167925,True,False,False,241,0.5062240663900415,1.356338496084374,9.936469523243145,37,0.2074688796680498,0.5031968334733099,0.8333333333333334,-3.072833825988708,463,0.4514038876889849,1.1498538864845906,8.8767900228357,29,0.38876889848812096,0.56326667490584,0.75,-3.7518175226753314,189,0.4497354497354497,1.0649756072450882,1.6474130177557982,33,0.48677248677248675,3.035061606354969,0.6,-2.180174818665117
QQQ,"d50ret,cons_m3s2c30,d65ret",2,time_asc,-999999.0,6.194237881395589,True,False,False,241,0.4979253112033195,1.339232502556425,9.559806808639726,37,0.2074688796680498,0.5230231217100771,0.8333333333333334,-3.072833825988708,473,0.4397463002114165,1.0899482842183181,5.554285538507969,31,0.3953488372093023,0.9002057898058902,0.5,-3.9454348691231473,191,0.450261780104712,1.0345103573622283,0.8747208416967935,34,0.4869109947643979,5.716109370734716,0.6,-3.416897341338736
QQQ,"d50ret,cons_m3s2c30,d65ret",2,time_asc,0.0,6.2537622858167925,True,False,False,241,0.5062240663900415,1.356338496084374,9.936469523243145,37,0.2074688796680498,0.5031968334733099,0.8333333333333334,-3.072833825988708,463,0.4514038876889849,1.142059538605313,8.416731840894727,29,0.38876889848812096,0.5940548058934575,0.6666666666666666,-3.945434869123151,189,0.455026455026455,1.0382137561147247,0.9466978386913472,33,0.48677248677248675,5.281516230048303,0.6,-2.7182077891246017
QQQ,"d65ret,d50ret,cons_m3s2c30",2,time_asc,-999999.0,6.205789494796541,True,False,False,241,0.4979253112033195,1.342050127709251,9.639209436386757,37,0.2074688796680498,0.5187147382777734,0.8333333333333334,-3.072833825988708,473,0.4312896405919662,1.0604438308009603,3.7906582170517478,31,0.3953488372093023,1.3190321347116436,0.5833333333333334,-6.12666226994771,191,0.4607329842931937,1.1366526454050332,3.389575394136974,34,0.49214659685863876,1.4751110149809956,0.6,-2.4027880347549564
QQQ,"d65ret,d50ret,cons_m3s2c30",2,time_asc,0.0,6.265325702728678,True,False,False,241,0.5062240663900415,1.359186007757443,10.015872150990177,37,0.2074688796680498,0.4992076500802475,0.8333333333333334,-3.072833825988708,463,0.4449244060475162,1.1115887898973649,6.725076548783117,29,0.38660907127429806,0.7434859609002867,0.6666666666666666,-6.12666226994771,189,0.4603174603174603,1.151734443470092,3.7160250556336862,33,0.49206349206349204,1.3455237586247546,0.6,-2.2523433722929145
QQQ,"d65ret,cons_m3s2c30,d50ret",2,time_asc,-999999.0,6.23479457936898,True,False,False,241,0.5020746887966805,1.350797271627451,9.81742429039303,37,0.21161825726141079,0.5092985544989449,0.8333333333333334,-3.072833825988708,473,0.4418604651162791,1.069672607036577,4.2614529830887715,31,0.3953488372093023,1.1733087329232756,0.5833333333333334,-5.948955473076968,191,0.4816753926701571,1.1746912621811432,4.0982519999706515,34,0.5392670157068062,1.2200323455062807,0.8,-3.137073841023196
QQQ,"d65ret,cons_m3s2c30,d50ret",2,time_asc,0.0,6.245407479636556,True,False,False,241,0.5062240663900415,1.353880840162336,9.884227725157464,37,0.2074688796680498,0.505856414788374,0.8333333333333334,-3.072833825988708,463,0.4557235421166307,1.1307196317755832,7.715415762057363,29,0.38660907127429806,0.6480532163397918,0.6666666666666666,-5.948955473076966,189,0.48677248677248675,1.2445265832122563,5.5445924291276025,33,0.5343915343915344,0.9017795381556495,0.6,-2.457205677794417
QQQ,"cons_m3s2c30,d50ret,d65ret",2,time_asc,-999999.0,6.204906755206218,True,False,False,241,0.5020746887966805,1.3434660030921224,9.612251161582135,37,0.21161825726141079,0.5201695124222099,0.8333333333333334,-3.072833825988708,473,0.44820295983086683,1.0907667775994034,5.4851387194900365,31,0.39323467230443976,0.9115539744206979,0.4166666666666667,-4.187374513158801,191,0.4607329842931937,1.0521061080696572,1.2762525404797718,34,0.49214659685863876,3.9177199193824044,0.6,-3.120769859632817
QQQ,"cons_m3s2c30,d50ret,d65ret",2,time_asc,0.0,6.215513465042088,True,False,False,241,0.5062240663900415,1.346535113088734,9.679054596346568,37,0.2074688796680498,0.5165793776891483,0.8333333333333334,-3.072833825988708,463,0.46004319654427644,1.1519160209122523,8.861908730068901,29,0.38660907127429806,0.5642125361813701,0.5833333333333334,-4.187374513158801,189,0.455026455026455,1.0388930562018561,0.9491991025938422,33,0.49206349206349204,5.267598743337072,0.6,-2.744748758967253
QQQ,"cons_m3s2c30,d65ret,d50ret",2,time_asc,-999999.0,6.204906755206218,True,False,False,241,0.5020746887966805,1.3434660030921224,9.612251161582133,37,0.21161825726141079,0.52016951242221,0.8333333333333334,-3.072833825988708,473,0.44820295983086683,1.0928843929469538,5.580963119345785,31,0.3953488372093023,0.8959027130403457,0.4166666666666667,-4.187374513158801,191,0.4869109947643979,1.1912449067231186,4.3973588679211915,34,0.5392670157068062,1.1370461566089332,0.8,-3.0982878388873454
QQQ,"cons_m3s2c30,d65ret,d50ret",2,time_asc,0.0,6.215513465042088,True,False,False,241,0.5062240663900415,1.346535113088734,9.679054596346568,37,0.2074688796680498,0.5165793776891483,0.8333333333333334,-3.072833825988708,463,0.46004319654427644,1.1490349463142864,8.68466270648873,29,0.38660907127429806,0.5757275980636829,0.5833333333333334,-4.187374513158801,189,0.48677248677248675,1.2338911101941952,5.2871931345466505,33,0.5343915343915344,0.9456813611233296,0.8,-2.7447487589672526
QQQ,"d50ret,d65win,d80",2,time_asc,-999999.0,5.961636906832334,True,False,False,250,0.492,1.3439322219207446,9.624106831911684,38,0.212,0.5195287300241684,0.8333333333333334,-4.380253997515569,433,0.44803695150115475,1.1937404614142422,10.525325066273115,0,0.4018475750577367,0.4750447105925287,0.5,-5.474036601137042,191,0.43455497382198954,0.8674047802986998,-3.489399205303175,34,0.5078534031413613,,0.4,-3.8168950596950926
QQQ,"d50ret,d65win,d80",2,time_asc,0.0,5.838864509443459,True,False,False,250,0.484,1.3086950601152803,8.850807853895317,38,0.208,0.5649201838450777,0.8333333333333334,-4.380253997515569,426,0.4460093896713615,1.172223430086704,9.132931223441888,0,0.39906103286384975,0.5474693587055911,0.5,-5.474036601137042,185,0.4756756756756757,0.9745573392631037,-0.6096049399820043,33,0.4486486486486487,,0.4,-3.342823423531816
QQQ,"d50ret,d80,d65win",2,time_asc,-999999.0,5.74884783547579,True,False,False,250,0.484,1.3008944710141175,8.547026121520423,38,0.212,0.584998797115008,0.8333333333333334,-4.62767887970217,433,0.4503464203233256,1.2055622074225827,11.038745912158145,0,0.40415704387990764,0.4529500035409791,0.5833333333333334,-5.222928885233403,191,0.418848167539267,0.9022983176645173,-2.582084860310492,34,0.5026178010471204,,0.4,-3.871258089942806
QQQ,"d50ret,d80,d65win",2,time_asc,0.0,-9.999999999999997e+17,False,False,False,250,0.48,1.2871360842223492,8.341302898816238,38,0.208,0.5994267395216614,0.8333333333333334,-4.62767887970217,426,0.4507042253521127,1.1820317437077543,9.55485840232025,0,0.3967136150234742,0.5232939923825378,0.5833333333333334,-5.222928885233403,185,0.4594594594594595,1.0195861175138936,0.4688665041237744,33,0.44324324324324327,10.333569119698183,0.4,-2.860435354209468
QQQ,"d65win,d50ret,d80",2,time_asc,-999999.0,6.033880078508069,True,False,False,250,0.492,1.3621397822976582,10.114400350914414,38,0.212,0.4943446795190349,0.8333333333333334,-4.380253997515569,433,0.45958429561200925,1.2103057924618728,11.114487004804342,0,0.4018475750577367,0.4498633178336259,0.5,-5.498378506991742,191,0.44502617801047123,0.8924342983042165,-2.752458919799899,34,0.5130890052356021,,0.4,-3.617365178978479
QQQ,"d65win,d50ret,d80",2,time_asc,0.0,5.910811116751657,True,False,False,250,0.484,1.326398912758099,9.341101372898049,38,0.208,0.5352687868806165,0.8333333333333334,-4.380253997515569,426,0.45539906103286387,1.178506967465928,9.335846216704656,0,0.3967136150234742,0.5355700901599564,0.5,-5.4983785069917435,185,0.4810810810810811,0.99404560262697,-0.1390777017556033,33,0.4540540540540541,,0.4,-2.8378887052249153
QQQ,"d65win,d80,d50ret",2,time_asc,-999999.0,5.968675436361721,True,False,False,250,0.492,1.346108425589439,9.666651807833968,38,0.212,0.5172421743739586,0.8333333333333334,-4.380253997515569,433,0.45958429561200925,1.1966970550824192,10.38103086321875,0,0.4064665127020785,0.4816477347847607,0.5,-4.9648520114898265,191,0.46596858638743455,0.9916957648540156,-0.2001389146866588,34,0.5340314136125655,,0.4,-3.6166579787942466
QQQ,"d65win,d80,d50ret",2,time_asc,0.0,5.845792728977652,True,False,False,250,0.484,1.3107535801772432,8.893352829817601,38,0.208,0.5622176580283668,0.8333333333333334,-4.380253997515569,426,0.45539906103286387,1.1595650917081384,8.4310377328937,0,0.39906103286384975,0.5930468061473022,0.5,-5.098378506991741,185,0.5027027027027027,1.1340507417788424,2.9701812485173065,33,0.4702702702702703,1.6397411717867107,0.4,-2.607396873830237
QQQ,"d80,d50ret,d65win",2,time_asc,-999999.0,5.760007079497634,True,False,False,250,0.484,1.3052621750395055,8.601724639060029,38,0.212,0.5812787795246588,0.8333333333333334,-4.62767887970217,433,0.45265588914549654,1.1767819966366833,9.442873949344472,0,0.40415704387990764,0.5294998140208259,0.5,-4.923901083248735,191,0.42408376963350786,0.9044655632633538,-2.447803457619288,34,0.5078534031413613,,0.4,-4.127381742987865
QQQ,"d80,d50ret,d65win",2,time_asc,0.0,-9.999999999999997e+17,False,False,False,250,0.48,1.2912976351917633,8.396001416355844,38,0.208,0.5955215765280533,0.8333333333333334,-4.62767887970217,426,0.45305164319248825,1.1589225518374324,8.360118578813118,0,0.3967136150234742,0.5980776412276496,0.5,-5.05742757875065,185,0.4648648648648649,1.0499815284950582,1.1605304330230812,33,0.4486486486486487,4.174870637087303,0.4,-2.9955621654537374
QQQ,"d80,d65win,d50ret",2,time_asc,-999999.0,5.789432758839256,True,False,False,250,0.484,1.3124409729524809,8.802703842302595,38,0.212,0.5680072952098897,0.8333333333333334,-4.62767887970217,433,0.46420323325635104,1.2020790607958387,10.495319737196308,0,0.40415704387990764,0.47640282766036884,0.5833333333333334,-4.819990374496459,191,0.450261780104712,0.987935263103799,-0.2901519550863134,34,0.5287958115183246,,0.4,-3.767422638515998
QQQ,"d80,d65win,d50ret",2,time_asc,0.0,-9.999999999999997e+17,False,False,False,250,0.48,1.2983138345404837,8.59698061959841,38,0.208,0.5815995430537058,0.8333333333333334,-4.62767887970217,426,0.460093896713615,1.1643739015543213,8.547041958724796,0,0.3967136150234742,0.584997713144021,0.5833333333333334,-4.953516869998374,185,0.4810810810810811,1.1319498787565627,2.9050580905004915,33,0.4648648648648649,1.6764995153758215,0.4,-2.927154194257077
QQQ,"d50ret,d65win,d80_front",2,time_asc,-999999.0,6.186872238923107,True,False,False,249,0.5180722891566265,1.4922952774422238,10.75772048879698,37,0.2289156626506024,0.4647824792628668,0.6666666666666666,-3.899180709073727,475,0.4463157894736842,1.096311515537305,4.976132184998166,35,0.4,1.0047964592005394,0.5833333333333334,-4.537615259197482,189,0.47619047619047616,1.0696086785132937,1.525440009204765,32,0.5079365079365079,3.231474495489772,0.6,-3.609269521725878
QQQ,"d50ret,d65win,d80_front",2,time_asc,0.0,6.1091917159701215,True,False,False,249,0.5180722891566265,1.4685936114636218,10.267579768635967,37,0.23694779116465864,0.4869696766586935,0.6666666666666666,-3.899180709073727,466,0.45278969957081544,1.1044712731950537,5.198455309881494,33,0.39914163090128757,0.9618241769811391,0.5833333333333334,-4.5078963183147085,184,0.45108695652173914,0.980967456002951,-0.4118365088026499,31,0.4782608695652174,,0.4,-3.3167447126974796
QQQ,"d50ret,d80_front,d65win",2,time_asc,-999999.0,6.137623960390279,True,False,False,249,0.5261044176706827,1.4850698284321528,10.352337451208694,37,0.2289156626506024,0.48298271028792844,0.6666666666666666,-3.899180709073727,475,0.45052631578947366,1.106246200926019,5.2999751734334914,35,0.4063157894736842,0.9434006455469568,0.6666666666666666,-4.6470552637603415,189,0.4603174603174603,1.0665692956837627,1.4257999439458933,32,0.5079365079365079,3.45730163973968,0.6,-3.6949604787674346
QQQ,"d50ret,d80_front,d65win",2,time_asc,0.0,6.057108598618728,True,False,False,249,0.5261044176706827,1.460201968416816,9.848903180589488,37,0.23694779116465864,0.507670743464526,0.6666666666666666,-3.899180709073727,466,0.45493562231759654,1.11240962771446,5.38672834034687,33,0.4055793991416309,0.9282071944392934,0.6666666666666666,-4.617336322877568,184,0.43478260869565216,0.981690450412296,-0.38710627050818797,31,0.4782608695652174,,0.6,-3.4441294572217913
QQQ,"d65win,d50ret,d80_front",2,time_asc,-999999.0,6.246369726990325,True,False,False,249,0.5220883534136547,1.5143438579391837,11.088461549860092,37,0.23293172690763053,0.450919180944726,0.6666666666666666,-3.899180709073727,475,0.4568421052631579,1.109124123405106,5.443589177754939,35,0.40421052631578946,0.9185116357480368,0.5833333333333334,-4.5314144398976985,189,0.49206349206349204,1.0969675077172136,2.060744043183539,32,0.5079365079365079,2.39205858701873,0.6,-3.3760473393207295
QQQ,"d65win,d50ret,d80_front",2,time_asc,0.0,6.11382109362258,True,False,False,249,0.5180722891566265,1.4706855603235538,10.288461549860092,37,0.23694779116465864,0.48598130787279786,0.6666666666666666,-3.899180709073727,466,0.4613733905579399,1.1089748267027293,5.306819354019636,33,0.4012875536480687,0.9421839460604144,0.5833333333333334,-4.501695499014925,184,0.46195652173913043,1.0043782032938737,0.0923830311122864,31,0.4782608695652174,52.44539359598811,0.4,-3.0827272938092887
QQQ,"d65win,d80_front,d50ret",2,time_asc,-999999.0,6.246369726990325,True,False,False,249,0.5220883534136547,1.5143438579391841,11.088461549860092,37,0.23293172690763053,0.450919180944726,0.6666666666666666,-3.899180709073727,475,0.45473684210526316,1.0610031089178746,3.0553458525083212,35,0.4126315789473684,1.6364759478522513,0.5,-5.359802033638804,189,0.4973544973544973,1.0784942291943218,1.6487097673254776,32,0.5079365079365079,2.9604678795504404,0.6,-3.1863473086501726
QQQ,"d65win,d80_front,d50ret",2,time_asc,0.0,6.11382109362258,True,False,False,249,0.5180722891566265,1.4706855603235538,10.288461549860092,37,0.23694779116465864,0.48598130787279786,0.6666666666666666,-3.899180709073727,466,0.4592274678111588,1.0616394360733172,3.014067801493372,33,0.40987124463519314,1.6588876990499895,0.5,-5.342446085046618,184,0.4673913043478261,0.9993030394914977,-0.014575660963170645,31,0.4782608695652174,,0.4,-2.8930272631387313
QQQ,"d80_front,d50ret,d65win",2,time_asc,-999999.0,6.1935470549012495,True,False,False,249,0.5261044176706827,1.5066402757011343,10.652291542288228,37,0.23293172690763053,0.4693825718297929,0.6666666666666666,-3.899180709073727,475,0.4589473684210526,1.1110805090720275,5.3098016480272845,35,0.4105263157894737,0.9416547606552529,0.6666666666666666,-4.842372937643276,189,0.4656084656084656,1.04895406475366,1.0203575458114547,32,0.5132275132275133,4.783570552209231,0.6,-3.5477494720626757
QQQ,"d80_front,d50ret,d65win",2,time_asc,0.0,6.059637897426228,True,False,False,249,0.5220883534136547,1.4619989512052007,9.852291542288228,37,0.23694779116465864,0.5074961473215533,0.6666666666666666,-3.899180709073727,466,0.4613733905579399,1.1128215109848152,5.237180817881844,33,0.40987124463519314,0.9547121197205921,0.6666666666666666,-4.812653996760503,184,0.43478260869565216,0.9666064969293163,-0.6911521047146248,31,0.483695652173913,,0.4,-3.2544294265512335
QQQ,"d80_front,d65win,d50ret",2,time_asc,-999999.0,6.20262651952453,True,False,False,249,0.5261044176706827,1.5101482234552965,10.701131679259063,37,0.23293172690763053,0.467240302228128,0.6666666666666666,-3.899180709073727,475,0.4589473684210526,1.0770936240540006,3.6562901029958343,35,0.4126315789473684,1.367506368245555,0.5833333333333334,-5.412087436178993,189,0.4708994708994709,1.0574889537676122,1.1812401993453472,32,0.5079365079365079,4.132057401681063,0.6,-3.3137320531744843
QQQ,"d80_front,d65win,d50ret",2,time_asc,0.0,6.06860850055969,True,False,False,249,0.5220883534136547,1.4653549627619415,9.901131679259064,37,0.23694779116465864,0.5049927788026517,0.6666666666666666,-3.899180709073727,466,0.4613733905579399,1.075547628464121,3.5001377266755576,33,0.40987124463519314,1.4285152158138121,0.5833333333333334,-5.394731487586808,184,0.44021739130434784,0.9769789736533927,-0.4709231656520657,31,0.4782608695652174,,0.4,-3.020412007663042
QQQ,"d50ret,d65win,d80_zero",2,time_asc,-999999.0,-9.999999999999997e+17,False,False,False,245,0.4775510204081633,1.2054860407074401,5.898741846211776,29,0.23673469387755103,0.8476383829563662,0.6666666666666666,-3.954049142453151,421,0.44655581947743467,1.1521585627715971,8.152988406984285,0,0.38954869358669836,0.6132720605510408,0.6666666666666666,-3.2477765278957973,188,0.425531914893617,0.9160634741465254,-2.2433755131284085,32,0.5159574468085106,,0.4,-4.896045483591186
QQQ,"d50ret,d65win,d80_zero",2,time_asc,0.0,-9.999999999999997e+17,False,False,False,243,0.4773662551440329,1.221990769864899,6.277139377861925,29,0.2345679012345679,0.7965411788742318,0.6666666666666666,-3.95404914245315,401,0.45885286783042395,1.2020858105888255,9.761531856346831,0,0.40648379052369077,0.5122146885940919,0.75,-3.8494546428530025,176,0.48295454545454547,1.0773640566114422,1.650127217048675,29,0.5,2.760307643866997,0.6,-3.6016655844412986
QQQ,"d50ret,d80_zero,d65win",2,time_asc,-999999.0,-9.999999999999997e+17,False,False,False,245,0.47346938775510206,1.1867980891138028,5.418319517656593,29,0.23673469387755103,0.9227953397186303,0.6666666666666666,-3.954049142453151,421,0.44418052256532065,1.1447824628121215,7.801195586083999,0,0.38717339667458434,0.6409273995026027,0.6666666666666666,-3.5995693487960834,188,0.4148936170212766,0.9501588544315863,-1.3688295170726679,32,0.5106382978723404,,0.6,-4.435794348035467
QQQ,"d50ret,d80_zero,d65win",2,time_asc,0.0,-9.999999999999997e+17,False,False,False,243,0.4732510288065844,1.2028485354633396,5.796717049306742,29,0.2345679012345679,0.8625571953003942,0.6666666666666666,-3.954049142453151,401,0.45885286783042395,1.2020858105888255,9.761531856346831,0,0.40648379052369077,0.5122146885940919,0.75,-3.8494546428530025,176,0.48295454545454547,1.1539023452492438,3.3053353857574432,29,0.5,1.378032253610068,0.6,-3.1414144488855786
QQQ,"d65win,d50ret,d80_zero",2,time_asc,-999999.0,-9.999999999999997e+17,False,False,False,245,0.4775510204081633,1.2229775336669448,6.389035365214506,29,0.23673469387755103,0.7825907534058749,0.6666666666666666,-3.8991807090737263,421,0.46080760095011875,1.1692138324183527,8.716478142719934,0,0.39429928741092635,0.5736261731093809,0.6666666666666666,-3.287009203987356,188,0.43617021276595747,0.9221572097891942,-2.0476876534854243,32,0.5212765957446809,,0.4,-4.391110765284285
QQQ,"d65win,d50ret,d80_zero",2,time_asc,0.0,-9.999999999999997e+17,False,False,False,243,0.4773662551440329,1.239779581254001,6.7674328968646575,29,0.2345679012345679,0.7388325937175517,0.6666666666666666,-3.8991807090737263,401,0.4713216957605985,1.211372296613347,9.930514465783974,0,0.4089775561097257,0.5034985868282777,0.75,-3.873796548707702,176,0.4943181818181818,1.1143534066957677,2.354671874163267,29,0.5,1.908890953774637,0.6,-3.096730866134397
QQQ,"d65win,d80_zero,d50ret",2,time_asc,-999999.0,-9.999999999999997e+17,False,False,False,245,0.4775510204081633,1.2185881392541411,6.263264864150643,29,0.23673469387755103,0.7983056933483279,0.6666666666666666,-3.8991807090737263,421,0.4584323040380047,1.1573927970052238,8.0998699736976,0,0.3919239904988123,0.6172938598071709,0.6666666666666666,-3.287009203987359,188,0.4787234042553192,1.1511623135276616,3.5874284068013953,32,0.574468085106383,1.3740819119342442,0.8,-3.5911107652842857
QQQ,"d65win,d80_zero,d50ret",2,time_asc,0.0,-9.999999999999997e+17,False,False,True,243,0.4773662551440329,1.2353233570787794,6.641662395800793,29,0.2345679012345679,0.7528235706712918,0.6666666666666666,-3.8991807090737263,401,0.4688279301745636,1.1914509962305786,9.000098156155886,0,0.4089775561097257,0.5555494965996677,0.75,-3.873796548707702,176,0.5340909090909091,1.411608164343858,7.611121711986501,29,0.5568181818181818,0.6380798947485573,0.6,-2.866239034739719
QQQ,"d80_zero,d50ret,d65win",2,time_asc,-999999.0,-9.999999999999997e+17,False,False,False,245,0.4775510204081633,1.1946242838570291,5.595899991020456,29,0.23673469387755103,0.8935113222222206,0.6666666666666666,-3.8991807090737263,421,0.4418052256532066,1.1334598040248258,7.184587417061663,0,0.38717339667458434,0.695934186579205,0.6666666666666666,-3.5995693487960834,188,0.42021276595744683,0.9875592812737286,-0.3377958423934615,32,0.5053191489361702,,0.6,-4.435794348035467
QQQ,"d80_zero,d50ret,d65win",2,time_asc,0.0,-9.999999999999997e+17,False,False,False,243,0.4773662551440329,1.2109373935455865,5.974297522670605,29,0.2345679012345679,0.8369184797085434,0.6666666666666666,-3.8991807090737263,401,0.456359102244389,1.1827152341728822,8.831115546718744,0,0.40648379052369077,0.566179886736708,0.75,-3.8494546428530025,176,0.4943181818181818,1.2293932756179895,4.826767388480583,29,0.5,0.9891682213263058,0.6,-3.1414144488855786
QQQ,"d80_zero,d65win,d50ret",2,time_asc,-999999.0,-9.999999999999997e+17,False,False,False,245,0.4775510204081633,1.2100084768314323,6.037353373052353,29,0.23673469387755103,0.8281774630448888,0.6666666666666666,-3.959368712428398,421,0.4584323040380047,1.1573927970052238,8.0998699736976,0,0.3919239904988123,0.6172938598071709,0.6666666666666666,-3.287009203987359,188,0.4734042553191489,1.1352963656594124,3.2719203733249804,32,0.5691489361702128,1.5281545482474306,0.8,-3.5911107652842857
QQQ,"d80_zero,d65win,d50ret",2,time_asc,0.0,-9.999999999999997e+17,False,False,True,243,0.4773662551440329,1.2265574385251075,6.415750904702502,29,0.2345679012345679,0.7793320024839476,0.6666666666666666,-3.959368712428398,401,0.4688279301745636,1.1914509962305786,9.000098156155886,0,0.4089775561097257,0.5555494965996677,0.75,-3.873796548707702,176,0.5340909090909091,1.4308558650368612,7.967034459450735,29,0.5568181818181818,0.6095748381183259,0.6,-2.866239034739719
QQQ,"d50ret,d65win,cons_m2s1c45",2,time_asc,-999999.0,-9.999999999999997e+17,False,False,False,244,0.47950819672131145,1.2469949890666248,6.724407171768737,31,0.23770491803278687,0.7435599707572196,0.6666666666666666,-4.113566554621977,431,0.4408352668213457,1.0939671732279572,4.9051306184761865,19,0.40835266821345706,1.019340847146143,0.6666666666666666,-5.511275798552033,187,0.47058823529411764,1.0683209867904273,1.5665702992361334,34,0.5347593582887701,3.1916856858820966,0.6,-3.6016655844412986
QQQ,"d50ret,d65win,cons_m2s1c45",2,time_asc,0.0,-9.999999999999997e+17,False,False,False,243,0.48148148148148145,1.260889149266116,7.024407171768737,31,0.2345679012345679,0.7118038402009385,0.6666666666666666,-4.113566554621977,419,0.441527446300716,1.0787654497167036,3.9324835081975893,19,0.39856801909307876,1.271461149061931,0.5833333333333334,-5.511275798552035,184,0.4782608695652174,1.0600613493814866,1.3184163622251677,33,0.5163043478260869,3.5777890770350527,0.6,-3.6016655844412986
QQQ,"d50ret,cons_m2s1c45,d65win",2,time_asc,-999999.0,-9.999999999999997e+17,False,False,False,244,0.47540983606557374,1.2230536547526893,6.139523485653546,31,0.23770491803278687,0.8143954513218634,0.6666666666666666,-4.113566554621977,431,0.4408352668213457,1.0939671732279572,4.9051306184761865,19,0.40835266821345706,1.019340847146143,0.6666666666666666,-5.511275798552033,187,0.47058823529411764,1.1091810178093593,2.503472911847326,34,0.5347593582887701,1.9972255247253599,0.6,-3.1414144488855786
QQQ,"d50ret,cons_m2s1c45,d65win",2,time_asc,0.0,-9.999999999999997e+17,False,False,False,243,0.4773662551440329,1.2365308929552685,6.439523485653546,31,0.2345679012345679,0.7764549676912237,0.6666666666666666,-4.113566554621977,419,0.441527446300716,1.0787654497167036,3.9324835081975893,19,0.39856801909307876,1.271461149061931,0.5833333333333334,-5.511275798552035,184,0.4782608695652174,1.1020529065383091,2.2401798024573893,33,0.5163043478260869,2.1056415447452537,0.6,-3.1414144488855786
QQQ,"d65win,d50ret,cons_m2s1c45",2,time_asc,-999999.0,-9.999999999999997e+17,False,False,False,244,0.47950819672131145,1.2482454574757498,6.74528895299286,31,0.23770491803278687,0.7412580891410913,0.6666666666666666,-4.146158932550772,431,0.4547563805104408,1.1097933398618476,5.499618934530274,19,0.41299303944315546,0.909153899483229,0.6666666666666666,-5.501471594875614,187,0.48663101604278075,1.1043294506845662,2.302199450414564,34,0.5347593582887701,2.1718361539438447,0.6,-3.096730866134397
QQQ,"d65win,d50ret,cons_m2s1c45",2,time_asc,0.0,-9.999999999999997e+17,False,False,False,243,0.48148148148148145,1.262180992337649,7.04528895299286,31,0.2345679012345679,0.7096940996119094,0.6666666666666666,-4.146158932550772,419,0.45346062052505964,1.0852623741077725,4.140724878983218,19,0.4009546539379475,1.2075180424031897,0.6666666666666666,-5.501471594875612,184,0.4891304347826087,1.0953643660190158,2.0229610193397596,33,0.5163043478260869,2.331738285937414,0.6,-3.096730866134397
QQQ,"d65win,cons_m2s1c45,d50ret",2,time_asc,-999999.0,-9.999999999999997e+17,False,False,False,244,0.47950819672131145,1.2436167520502097,6.619518451928996,31,0.23770491803278687,0.7553419536949774,0.6666666666666666,-4.146158932550772,431,0.4547563805104408,1.1175873754201928,5.8345011140090275,19,0.41299303944315546,0.8569712992246528,0.6666666666666666,-5.501471594875616,187,0.5026737967914439,1.2112401933306198,4.42579191499769,34,0.5561497326203209,1.129741319978576,0.6,-2.866239034739719
QQQ,"d65win,cons_m2s1c45,d50ret",2,time_asc,0.0,-9.999999999999997e+17,False,False,False,243,0.48148148148148145,1.257500611590211,6.919518451928996,31,0.2345679012345679,0.7225936363542929,0.6666666666666666,-4.146158932550772,419,0.45346062052505964,1.0902485192680307,4.36282989502291,19,0.4009546539379475,1.1460451404956151,0.6666666666666666,-5.501471594875612,184,0.5054347826086957,1.2213170743767683,4.457723087420955,33,0.532608695652174,1.0638345225444634,0.6,-2.866239034739719
QQQ,"cons_m2s1c45,d50ret,d65win",2,time_asc,-999999.0,-9.999999999999997e+17,False,False,False,244,0.47540983606557374,1.2153739377605912,5.92814025192695,31,0.23770491803278687,0.8434348358028039,0.6666666666666666,-4.199179287284709,431,0.45011600928074247,1.1056178105875885,5.365131561480685,19,0.4060324825986079,0.9319435959218277,0.6666666666666666,-5.501471594875612,187,0.48128342245989303,1.124231577219252,2.7899170738458503,34,0.5347593582887701,1.7921679632963392,0.6,-2.8662390347397193
QQQ,"cons_m2s1c45,d50ret,d65win",2,time_asc,0.0,-9.999999999999997e+17,False,False,False,243,0.4773662551440329,1.22876655058731,6.228140251926951,31,0.2345679012345679,0.8028078684408284,0.6666666666666666,-4.199179287284709,419,0.45346062052505964,1.1018858549616826,4.978062867778511,19,0.39618138424821003,1.0044067607830913,0.6666666666666666,-5.501471594875612,184,0.4891304347826087,1.141910967424742,3.0294754024701547,33,0.5163043478260869,1.5570404222154648,0.6,-2.8662390347397193
QQQ,"cons_m2s1c45,d65win,d50ret",2,time_asc,-999999.0,-9.999999999999997e+17,False,False,False,244,0.47540983606557374,1.219666102495038,6.034634765813806,31,0.23770491803278687,0.8285505575788928,0.6666666666666666,-4.146158932550772,431,0.45243619489559167,1.1093749459442264,5.459825729685494,19,0.41299303944315546,0.9157801452919302,0.6666666666666666,-5.501471594875614,187,0.5026737967914439,1.228227679192394,4.781704662461926,34,0.5561497326203209,1.0456521999887969,0.6,-2.866239034739719
QQQ,"cons_m2s1c45,d65win,d50ret",2,time_asc,0.0,-9.999999999999997e+17,False,False,False,243,0.4773662551440329,1.2331322373793203,6.334634765813806,31,0.2345679012345679,0.7893114891143458,0.6666666666666666,-4.146158932550772,419,0.4510739856801909,1.0819892649683687,3.9881545106993768,19,0.4009546539379475,1.2537127101234558,0.6666666666666666,-5.501471594875612,184,0.5054347826086957,1.2389874335393771,4.813635834885188,33,0.532608695652174,0.9851762524231359,0.6,-2.866239034739719
QQQ,"d50ret,d65win,cons_m2s2c30",2,time_asc,-999999.0,6.022940914592306,True,False,False,255,0.49019607843137253,1.327191717667701,9.401270652579788,39,0.20392156862745098,0.531843001310462,0.8333333333333334,-3.899180709073727,467,0.4346895074946467,1.0339633844981226,1.995139679960079,29,0.3854389721627409,2.5060902002109677,0.5833333333333334,-6.672589851602795,191,0.4816753926701571,1.0975480421402448,2.279596051333349,34,0.5235602094240838,2.1933710567165927,0.6,-3.6016655844412986
QQQ,"d50ret,d65win,cons_m2s2c30",2,time_asc,0.0,6.022940914592306,True,False,False,255,0.49019607843137253,1.327191717667701,9.401270652579788,39,0.20392156862745098,0.531843001310462,0.8333333333333334,-3.899180709073727,458,0.4388646288209607,1.0387376290321717,2.187509072889787,29,0.3799126637554585,2.2857048055095834,0.5833333333333334,-6.672589851602794,186,0.489247311827957,1.1184944711464686,2.6176088397281103,32,0.510752688172043,1.8020322930462935,0.6,-3.6016655844412986
QQQ,"d50ret,cons_m2s2c30,d65win",2,time_asc,-999999.0,5.93397041435279,True,False,False,255,0.48627450980392156,1.3036655200925031,8.816386966464597,39,0.20392156862745098,0.5671257419869149,0.8333333333333334,-3.899180709073727,467,0.4346895074946467,1.0339633844981226,1.995139679960079,29,0.3854389721627409,2.5060902002109677,0.5833333333333334,-6.672589851602795,191,0.4816753926701571,1.1495903407890293,3.4957703168457,34,0.5235602094240838,1.4302999187062138,0.6,-3.1414144488855786
QQQ,"d50ret,cons_m2s2c30,d65win",2,time_asc,0.0,5.93397041435279,True,False,False,255,0.48627450980392156,1.3036655200925031,8.816386966464597,39,0.20392156862745098,0.5671257419869149,0.8333333333333334,-3.899180709073727,458,0.4388646288209607,1.0387376290321717,2.187509072889787,29,0.3799126637554585,2.2857048055095834,0.5833333333333334,-6.672589851602794,186,0.489247311827957,1.172863182020769,3.81864393286149,32,0.510752688172043,1.2352593597850356,0.6,-3.1414144488855786
QQQ,"d65win,d50ret,cons_m2s2c30",2,time_asc,-999999.0,6.026746931473661,True,False,False,255,0.49019607843137253,1.3285246793108416,9.42215243380391,39,0.20392156862745098,0.5306643078774094,0.8333333333333334,-3.899180709073727,467,0.4475374732334047,1.0457256657895027,2.589627996014167,29,0.3897216274089936,1.9307792500296428,0.5833333333333334,-6.66278564792637,191,0.4973821989528796,1.1339741267666807,3.0152252025117807,34,0.5235602094240838,1.6582509312521125,0.6,-3.096730866134397
QQQ,"d65win,d50ret,cons_m2s2c30",2,time_asc,0.0,6.026746931473661,True,False,False,255,0.49019607843137253,1.3285246793108416,9.42215243380391,39,0.20392156862745098,0.5306643078774094,0.8333333333333334,-3.899180709073727,458,0.4497816593886463,1.0434738308607077,2.395750443675417,29,0.38209606986899564,2.0870287275536508,0.5833333333333334,-6.66278564792637,186,0.5,1.1555871721883402,3.3221534968427022,32,0.510752688172043,1.4198668617318366,0.6,-3.096730866134397
QQQ,"d65win,cons_m2s2c30,d50ret",2,time_asc,-999999.0,6.008514702499966,True,False,False,255,0.49019607843137253,1.3241394060074159,9.296381932740045,39,0.20392156862745098,0.5378436510220147,0.8333333333333334,-3.899180709073727,467,0.44967880085653106,1.064888808873962,3.6572685360535004,29,0.3875802997858672,1.3671405177688756,0.5833333333333334,-6.341090229765413,191,0.5130890052356021,1.262927052507175,5.619985467310013,34,0.5445026178010471,0.8896820159204493,0.6,-2.866239034739719
QQQ,"d65win,cons_m2s2c30,d50ret",2,time_asc,0.0,6.008514702499966,True,False,False,255,0.49019607843137253,1.3241394060074159,9.296381932740045,39,0.20392156862745098,0.5378436510220147,0.8333333333333334,-3.899180709073727,458,0.4519650655021834,1.0608250855571473,3.350613820275687,29,0.3799126637554585,1.492263886020921,0.5833333333333334,-6.341090229765413,186,0.5161290322580645,1.2838549157368289,5.756915564923896,32,0.5268817204301075,0.8237535636680114,0.6,-2.866239034739719
QQQ,"cons_m2s2c30,d50ret,d65win",2,time_asc,-999999.0,-9.999999999999997e+17,False,False,False,255,0.48627450980392156,1.2943326392123222,8.558972039568019,39,0.20392156862745098,0.5841823033052408,0.8333333333333334,-3.899180709073727,467,0.44539614561027835,1.0531115797820139,3.0435986572912666,29,0.38329764453961457,1.6427921559309289,0.5833333333333334,-6.341090229765413,191,0.49214659685863876,1.2024083257336127,4.569306151706585,34,0.5235602094240838,1.0942580413729894,0.6,-2.8662390347397193
QQQ,"cons_m2s2c30,d50ret,d65win",2,time_asc,0.0,-9.999999999999997e+17,False,False,False,255,0.48627450980392156,1.2943326392123222,8.558972039568019,39,0.20392156862745098,0.5841823033052408,0.8333333333333334,-3.899180709073727,458,0.4519650655021834,1.0684976250090203,3.79439247014757,29,0.3777292576419214,1.3177340086291975,0.5833333333333334,-6.341090229765413,186,0.5,1.2319918444092173,4.913863405521511,32,0.510752688172043,0.9599403301388422,0.6,-2.8662390347397193
QQQ,"cons_m2s2c30,d65win,d50ret",2,time_asc,-999999.0,-9.999999999999997e+17,False,False,False,255,0.48627450980392156,1.2963579053374141,8.616626416484038,39,0.20392156862745098,0.5802735036109665,0.8333333333333334,-3.899180709073727,467,0.4475374732334047,1.0650219866918942,3.6842813115036526,29,0.3854389721627409,1.357116782691973,0.5833333333333334,-6.341090229765413,191,0.5130890052356021,1.2926437062526424,6.255169867675406,34,0.5445026178010471,0.7993388038649921,0.6,-2.866239034739719
QQQ,"cons_m2s2c30,d65win,d50ret",2,time_asc,0.0,-9.999999999999997e+17,False,False,True,255,0.48627450980392156,1.2963579053374141,8.616626416484038,39,0.20392156862745098,0.5802735036109665,0.8333333333333334,-3.899180709073727,458,0.4497816593886463,1.0609833429068074,3.3776265957258396,29,0.3777292576419214,1.4803294142482077,0.5833333333333334,-6.341090229765413,186,0.5161290322580645,1.3151738073220403,6.392099965289289,32,0.5268817204301075,0.7418969881719113,0.6,-2.866239034739719
QQQ,"d50ret,d65win,cons_m3allc30",2,time_asc,-999999.0,6.022940914592306,True,False,False,255,0.49019607843137253,1.327191717667701,9.401270652579788,39,0.20392156862745098,0.531843001310462,0.8333333333333334,-3.899180709073727,467,0.4346895074946467,1.0339633844981226,1.995139679960079,29,0.3854389721627409,2.5060902002109677,0.5833333333333334,-6.672589851602795,191,0.4816753926701571,1.0975480421402448,2.279596051333349,34,0.5235602094240838,2.1933710567165927,0.6,-3.6016655844412986
QQQ,"d50ret,d65win,cons_m3allc30",2,time_asc,0.0,6.022940914592306,True,False,False,255,0.49019607843137253,1.327191717667701,9.401270652579788,39,0.20392156862745098,0.531843001310462,0.8333333333333334,-3.899180709073727,459,0.4400871459694989,1.0390054545736938,2.202633147766547,29,0.3790849673202614,2.2700103306217656,0.5833333333333334,-6.672589851602794,186,0.489247311827957,1.1184944711464686,2.6176088397281103,32,0.510752688172043,1.8020322930462935,0.6,-3.6016655844412986
QQQ,"d50ret,cons_m3allc30,d65win",2,time_asc,-999999.0,5.93397041435279,True,False,False,255,0.48627450980392156,1.3036655200925031,8.816386966464597,39,0.20392156862745098,0.5671257419869149,0.8333333333333334,-3.899180709073727,467,0.4346895074946467,1.0339633844981226,1.995139679960079,29,0.3854389721627409,2.5060902002109677,0.5833333333333334,-6.672589851602795,191,0.4816753926701571,1.1495903407890293,3.4957703168457,34,0.5235602094240838,1.4302999187062138,0.6,-3.1414144488855786
QQQ,"d50ret,cons_m3allc30,d65win",2,time_asc,0.0,5.93397041435279,True,False,False,255,0.48627450980392156,1.3036655200925031,8.816386966464597,39,0.20392156862745098,0.5671257419869149,0.8333333333333334,-3.899180709073727,459,0.4400871459694989,1.0390054545736938,2.202633147766547,29,0.3790849673202614,2.2700103306217656,0.5833333333333334,-6.672589851602794,186,0.489247311827957,1.172863182020769,3.81864393286149,32,0.510752688172043,1.2352593597850356,0.6,-3.1414144488855786
QQQ,"d65win,d50ret,cons_m3allc30",2,time_asc,-999999.0,6.026746931473661,True,False,False,255,0.49019607843137253,1.3285246793108416,9.42215243380391,39,0.20392156862745098,0.5306643078774094,0.8333333333333334,-3.899180709073727,467,0.4475374732334047,1.0457256657895027,2.589627996014167,29,0.3897216274089936,1.9307792500296428,0.5833333333333334,-6.66278564792637,191,0.4973821989528796,1.1339741267666807,3.0152252025117807,34,0.5235602094240838,1.6582509312521125,0.6,-3.096730866134397
QQQ,"d65win,d50ret,cons_m3allc30",2,time_asc,0.0,6.026746931473661,True,False,False,255,0.49019607843137253,1.3285246793108416,9.42215243380391,39,0.20392156862745098,0.5306643078774094,0.8333333333333334,-3.899180709073727,459,0.45098039215686275,1.0437482757532683,2.410874518552178,29,0.3812636165577342,2.0739362258483243,0.5833333333333334,-6.66278564792637,186,0.5,1.1555871721883402,3.3221534968427022,32,0.510752688172043,1.4198668617318366,0.6,-3.096730866134397
QQQ,"d65win,cons_m3allc30,d50ret",2,time_asc,-999999.0,6.008514702499966,True,False,False,255,0.49019607843137253,1.3241394060074159,9.296381932740045,39,0.20392156862745098,0.5378436510220147,0.8333333333333334,-3.899180709073727,467,0.44967880085653106,1.064888808873962,3.6572685360535004,29,0.3875802997858672,1.3671405177688756,0.5833333333333334,-6.341090229765413,191,0.5130890052356021,1.262927052507175,5.619985467310013,34,0.5445026178010471,0.8896820159204493,0.6,-2.866239034739719
QQQ,"d65win,cons_m3allc30,d50ret",2,time_asc,0.0,6.008514702499966,True,False,False,255,0.49019607843137253,1.3241394060074159,9.296381932740045,39,0.20392156862745098,0.5378436510220147,0.8333333333333334,-3.899180709073727,459,0.4531590413943355,1.0610996391755874,3.3657378951524497,29,0.3790849673202614,1.4855583398818186,0.5833333333333334,-6.341090229765413,186,0.5161290322580645,1.2838549157368289,5.756915564923896,32,0.5268817204301075,0.8237535636680114,0.6,-2.866239034739719
QQQ,"cons_m3allc30,d50ret,d65win",2,time_asc,-999999.0,-9.999999999999997e+17,False,False,False,255,0.48627450980392156,1.2943326392123222,8.558972039568019,39,0.20392156862745098,0.5841823033052408,0.8333333333333334,-3.899180709073727,467,0.44539614561027835,1.0531115797820139,3.0435986572912666,29,0.38329764453961457,1.6427921559309289,0.5833333333333334,-6.341090229765413,191,0.49214659685863876,1.2024083257336127,4.569306151706585,34,0.5235602094240838,1.0942580413729894,0.6,-2.8662390347397193
QQQ,"cons_m3allc30,d50ret,d65win",2,time_asc,0.0,-9.999999999999997e+17,False,False,False,255,0.48627450980392156,1.2943326392123222,8.558972039568019,39,0.20392156862745098,0.5841823033052408,0.8333333333333334,-3.899180709073727,459,0.4531590413943355,1.0687706497995941,3.8095165450243305,29,0.3769063180827887,1.3125025028518589,0.5833333333333334,-6.341090229765413,186,0.5,1.2319918444092173,4.913863405521511,32,0.510752688172043,0.9599403301388422,0.6,-2.8662390347397193
QQQ,"cons_m3allc30,d65win,d50ret",2,time_asc,-999999.0,-9.999999999999997e+17,False,False,False,255,0.48627450980392156,1.2963579053374141,8.616626416484038,39,0.20392156862745098,0.5802735036109665,0.8333333333333334,-3.899180709073727,467,0.4475374732334047,1.0650219866918942,3.6842813115036526,29,0.3854389721627409,1.357116782691973,0.5833333333333334,-6.341090229765413,191,0.5130890052356021,1.2926437062526424,6.255169867675406,34,0.5445026178010471,0.7993388038649921,0.6,-2.866239034739719
QQQ,"cons_m3allc30,d65win,d50ret",2,time_asc,0.0,-9.999999999999997e+17,False,False,True,255,0.48627450980392156,1.2963579053374141,8.616626416484038,39,0.20392156862745098,0.5802735036109665,0.8333333333333334,-3.899180709073727,459,0.45098039215686275,1.0612564093983865,3.3927506706026014,29,0.3769063180827887,1.4737304580981567,0.5833333333333334,-6.341090229765413,186,0.5161290322580645,1.3151738073220403,6.392099965289289,32,0.5268817204301075,0.7418969881719113,0.6,-2.866239034739719
QQQ,"d50ret,d65win,cons_m3s2c30",2,time_asc,-999999.0,6.022940914592306,True,False,False,255,0.49019607843137253,1.327191717667701,9.401270652579788,39,0.20392156862745098,0.531843001310462,0.8333333333333334,-3.899180709073727,467,0.4346895074946467,1.0339633844981226,1.995139679960079,29,0.3854389721627409,2.5060902002109677,0.5833333333333334,-6.672589851602795,191,0.4816753926701571,1.0975480421402448,2.279596051333349,34,0.5235602094240838,2.1933710567165927,0.6,-3.6016655844412986
QQQ,"d50ret,d65win,cons_m3s2c30",2,time_asc,0.0,6.022940914592306,True,False,False,255,0.49019607843137253,1.327191717667701,9.401270652579788,39,0.20392156862745098,0.531843001310462,0.8333333333333334,-3.899180709073727,458,0.4388646288209607,1.0387376290321717,2.187509072889787,29,0.3799126637554585,2.2857048055095834,0.5833333333333334,-6.672589851602794,186,0.489247311827957,1.1184944711464686,2.6176088397281103,32,0.510752688172043,1.8020322930462935,0.6,-3.6016655844412986
QQQ,"d50ret,cons_m3s2c30,d65win",2,time_asc,-999999.0,5.93397041435279,True,False,False,255,0.48627450980392156,1.3036655200925031,8.816386966464597,39,0.20392156862745098,0.5671257419869149,0.8333333333333334,-3.899180709073727,467,0.4346895074946467,1.0339633844981226,1.995139679960079,29,0.3854389721627409,2.5060902002109677,0.5833333333333334,-6.672589851602795,191,0.4816753926701571,1.1495903407890293,3.4957703168457,34,0.5235602094240838,1.4302999187062138,0.6,-3.1414144488855786
QQQ,"d50ret,cons_m3s2c30,d65win",2,time_asc,0.0,5.93397041435279,True,False,False,255,0.48627450980392156,1.3036655200925031,8.816386966464597,39,0.20392156862745098,0.5671257419869149,0.8333333333333334,-3.899180709073727,458,0.4388646288209607,1.0387376290321717,2.187509072889787,29,0.3799126637554585,2.2857048055095834,0.5833333333333334,-6.672589851602794,186,0.489247311827957,1.172863182020769,3.81864393286149,32,0.510752688172043,1.2352593597850356,0.6,-3.1414144488855786
QQQ,"d65win,d50ret,cons_m3s2c30",2,time_asc,-999999.0,6.026746931473661,True,False,False,255,0.49019607843137253,1.3285246793108416,9.42215243380391,39,0.20392156862745098,0.5306643078774094,0.8333333333333334,-3.899180709073727,467,0.4475374732334047,1.0457256657895027,2.589627996014167,29,0.3897216274089936,1.9307792500296428,0.5833333333333334,-6.66278564792637,191,0.4973821989528796,1.1339741267666807,3.0152252025117807,34,0.5235602094240838,1.6582509312521125,0.6,-3.096730866134397
QQQ,"d65win,d50ret,cons_m3s2c30",2,time_asc,0.0,6.026746931473661,True,False,False,255,0.49019607843137253,1.3285246793108416,9.42215243380391,39,0.20392156862745098,0.5306643078774094,0.8333333333333334,-3.899180709073727,458,0.4497816593886463,1.0434738308607077,2.395750443675417,29,0.38209606986899564,2.0870287275536508,0.5833333333333334,-6.66278564792637,186,0.5,1.1555871721883402,3.3221534968427022,32,0.510752688172043,1.4198668617318366,0.6,-3.096730866134397
QQQ,"d65win,cons_m3s2c30,d50ret",2,time_asc,-999999.0,6.008514702499966,True,False,False,255,0.49019607843137253,1.3241394060074159,9.296381932740045,39,0.20392156862745098,0.5378436510220147,0.8333333333333334,-3.899180709073727,467,0.44967880085653106,1.064888808873962,3.6572685360535004,29,0.3875802997858672,1.3671405177688756,0.5833333333333334,-6.341090229765413,191,0.5130890052356021,1.262927052507175,5.619985467310013,34,0.5445026178010471,0.8896820159204493,0.6,-2.866239034739719
QQQ,"d65win,cons_m3s2c30,d50ret",2,time_asc,0.0,6.008514702499966,True,False,False,255,0.49019607843137253,1.3241394060074159,9.296381932740045,39,0.20392156862745098,0.5378436510220147,0.8333333333333334,-3.899180709073727,458,0.4519650655021834,1.0608250855571473,3.350613820275687,29,0.3799126637554585,1.492263886020921,0.5833333333333334,-6.341090229765413,186,0.5161290322580645,1.2838549157368289,5.756915564923896,32,0.5268817204301075,0.8237535636680114,0.6,-2.866239034739719
QQQ,"cons_m3s2c30,d50ret,d65win",2,time_asc,-999999.0,-9.999999999999997e+17,False,False,False,255,0.48627450980392156,1.2943326392123222,8.558972039568019,39,0.20392156862745098,0.5841823033052408,0.8333333333333334,-3.899180709073727,467,0.44539614561027835,1.0531115797820139,3.0435986572912666,29,0.38329764453961457,1.6427921559309289,0.5833333333333334,-6.341090229765413,191,0.49214659685863876,1.2024083257336127,4.569306151706585,34,0.5235602094240838,1.0942580413729894,0.6,-2.8662390347397193
QQQ,"cons_m3s2c30,d50ret,d65win",2,time_asc,0.0,-9.999999999999997e+17,False,False,False,255,0.48627450980392156,1.2943326392123222,8.558972039568019,39,0.20392156862745098,0.5841823033052408,0.8333333333333334,-3.899180709073727,458,0.4519650655021834,1.0684976250090203,3.79439247014757,29,0.3777292576419214,1.3177340086291975,0.5833333333333334,-6.341090229765413,186,0.5,1.2319918444092173,4.913863405521511,32,0.510752688172043,0.9599403301388422,0.6,-2.8662390347397193
QQQ,"cons_m3s2c30,d65win,d50ret",2,time_asc,-999999.0,-9.999999999999997e+17,False,False,False,255,0.48627450980392156,1.2963579053374141,8.616626416484038,39,0.20392156862745098,0.5802735036109665,0.8333333333333334,-3.899180709073727,467,0.4475374732334047,1.0650219866918942,3.6842813115036526,29,0.3854389721627409,1.357116782691973,0.5833333333333334,-6.341090229765413,191,0.5130890052356021,1.2926437062526424,6.255169867675406,34,0.5445026178010471,0.7993388038649921,0.6,-2.866239034739719
QQQ,"cons_m3s2c30,d65win,d50ret",2,time_asc,0.0,-9.999999999999997e+17,False,False,True,255,0.48627450980392156,1.2963579053374141,8.616626416484038,39,0.20392156862745098,0.5802735036109665,0.8333333333333334,-3.899180709073727,458,0.4497816593886463,1.0609833429068074,3.3776265957258396,29,0.3777292576419214,1.4803294142482077,0.5833333333333334,-6.341090229765413,186,0.5161290322580645,1.3151738073220403,6.392099965289289,32,0.5268817204301075,0.7418969881719113,0.6,-2.866239034739719
QQQ,"d50ret,d80,d80_front",2,time_asc,-999999.0,5.661100793633158,True,True,False,216,0.4861111111111111,1.3129350142452452,7.638545600326547,22,0.20833333333333334,0.6545748708741427,0.8333333333333334,-4.362963848850994,478,0.4769874476987448,1.3355821488918656,17.375763981468065,36,0.3891213389121339,0.2877571314465768,0.6666666666666666,-3.954669025986547,192,0.4375,0.9597443764812064,-0.9932721792301564,34,0.4947916666666667,,0.4,-3.7334887305804894
QQQ,"d50ret,d80,d80_front",2,time_asc,0.0,-9.999999999999997e+17,False,True,False,204,0.4803921568627451,1.2770213665217052,6.692377984956902,22,0.20098039215686275,0.7471185894220228,0.8333333333333334,-4.362963848850994,471,0.4840764331210191,1.3522335362652191,17.72261250686759,35,0.3885350318471338,0.282125448381974,0.6666666666666666,-3.6224634132431053,189,0.455026455026455,1.0400078289373798,0.9672437738298028,34,0.4074074074074074,5.169327666181292,0.6,-3.053012704622924
QQQ,"d50ret,d80_front,d80",2,time_asc,-999999.0,5.677096966690904,True,False,False,216,0.4861111111111111,1.318017025069598,7.732663251916202,22,0.20833333333333334,0.6466077517032659,0.8333333333333334,-4.362963848850994,478,0.4686192468619247,1.2645410009334244,13.898653427104529,36,0.39330543933054396,0.3597470809833437,0.6666666666666666,-3.954669025986547,192,0.4270833333333333,0.9019990037214143,-2.4320482474168355,34,0.484375,,0.4,-4.782299765875915
QQQ,"d50ret,d80_front,d80",2,time_asc,0.0,-9.999999999999997e+17,False,False,False,204,0.4803921568627451,1.2820159273682605,6.786495636546556,22,0.20098039215686275,0.7367572702874896,0.8333333333333334,-4.362963848850994,471,0.47770700636942676,1.2940260895762656,14.955770934130278,35,0.39065817409766457,0.3343191081236472,0.6666666666666666,-3.6224634132431053,189,0.4444444444444444,0.9684866562698039,-0.7732893741218554,34,0.4074074074074074,,0.6,-3.7740603658108385
QQQ,"d80,d50ret,d80_front",2,time_asc,-999999.0,5.673311116914618,True,True,False,216,0.4861111111111111,1.3181376142556231,7.693244117866154,22,0.20833333333333334,0.6499208816718052,0.8333333333333334,-4.362963848850994,478,0.4790794979079498,1.3156631320481451,16.207209531748816,36,0.3891213389121339,0.30850468059941727,0.75,-3.5630136853727317,192,0.4479166666666667,0.9871244006286365,-0.3066417998315214,34,0.4947916666666667,,0.4,-3.642545497804352
QQQ,"d80,d50ret,d80_front",2,time_asc,0.0,-9.999999999999997e+17,False,True,False,204,0.4803921568627451,1.281937516661332,6.747076502496508,22,0.20098039215686275,0.7410617025240389,0.8333333333333334,-4.362963848850994,471,0.4861995753715499,1.3207552194431749,16.175643427098265,35,0.3885350318471338,0.3091067148292688,0.75,-3.3743416306640235,189,0.4656084656084656,1.0900610471227643,2.0855286299812863,34,0.41798941798941797,2.397473680351665,0.6,-3.208968936756232
QQQ,"d80,d80_front,d50ret",2,time_asc,-999999.0,-9.999999999999997e+17,False,True,False,216,0.48148148148148145,1.296391866091054,7.178701137812796,22,0.19907407407407407,0.6965048278250789,0.8333333333333334,-4.383278422937092,478,0.4790794979079498,1.3169983922246258,15.933334447902823,36,0.39539748953974896,0.31380750942927144,0.6666666666666666,-3.8585122436170405,192,0.46875,1.0394307554973121,0.8851356348550337,34,0.5104166666666666,4.943376953173463,0.4,-3.582314277330823
QQQ,"d80,d80_front,d50ret",2,time_asc,0.0,-9.999999999999997e+17,False,True,False,204,0.47549019607843135,1.2600216917553375,6.232533522443151,22,0.19117647058823528,0.8022419746312093,0.8333333333333334,-4.518075308677373,471,0.4840764331210191,1.311465693879779,15.468844971874644,35,0.39490445859872614,0.323230338728649,0.6666666666666666,-3.5314491999598214,189,0.48677248677248675,1.1584769819564469,3.433792850842091,34,0.43915343915343913,1.4561157929995159,0.6,-3.3576545682292944
QQQ,"d80_front,d50ret,d80",2,time_asc,-999999.0,5.672955589280632,True,False,False,216,0.48148148148148145,1.3172544353413758,7.701120611467025,22,0.20833333333333334,0.6492561605326586,0.8333333333333334,-4.362963848850994,478,0.4707112970711297,1.2463811777135296,12.640619692813573,36,0.39748953974895396,0.3955502278770868,0.6666666666666666,-4.221142530484633,192,0.4375,0.8950018686725341,-2.5439211741903462,34,0.4895833333333333,,0.4,-5.130909009447079
QQQ,"d80_front,d50ret,d80",2,time_asc,0.0,-9.999999999999997e+17,False,False,False,204,0.47549019607843135,1.2811839616446792,6.754952996097379,22,0.20098039215686275,0.7401976006181998,0.8333333333333334,-4.362963848850994,471,0.47770700636942676,1.2714155491611876,13.609519033395642,35,0.39490445859872614,0.367389911996947,0.6666666666666666,-3.81778108712604,189,0.43915343915343913,0.9358644851511525,-1.564480814206242,34,0.4074074074074074,,0.4,-4.3695474570796655
QQQ,"d80_front,d80,d50ret",2,time_asc,-999999.0,-9.999999999999997e+17,False,False,False,216,0.48148148148148145,1.296391866091054,7.178701137812798,22,0.19907407407407407,0.6965048278250788,0.8333333333333334,-4.383278422937092,478,0.47489539748953974,1.284993874950486,14.352443276323427,36,0.399581589958159,0.34837274070598645,0.6666666666666666,-3.974774215009303,192,0.46875,1.0508362444919177,1.1287784412633508,34,0.515625,3.8763666436415316,0.4,-3.338671470922505
QQQ,"d80_front,d80,d50ret",2,time_asc,0.0,-9.999999999999997e+17,False,False,False,204,0.47549019607843135,1.2600216917553375,6.23253352244315,22,0.19117647058823528,0.8022419746312094,0.8333333333333334,-4.518075308677373,471,0.47983014861995754,1.2790871072374834,13.887953800295247,35,0.3991507430997877,0.36002423912827997,0.6666666666666666,-3.7044476933656565,189,0.48677248677248675,1.1584769819564469,3.4337928508420914,34,0.43915343915343913,1.4561157929995159,0.6,-3.3576545682292944
QQQ,"d50ret,d80,d80_zero",2,time_asc,-999999.0,-9.999999999999997e+17,False,False,False,198,0.42424242424242425,1.128132959577284,3.7636086852367643,0,0.20707070707070707,1.3285121855556181,0.6666666666666666,-4.362963848850992,458,0.44759825327510916,1.1766289601147697,11.119265535267981,30,0.3646288209606987,0.4496699880168386,0.5833333333333334,-5.506705365462443,192,0.4114583333333333,0.8374282353869397,-4.554107431815707,34,0.4895833333333333,,0.2,-4.787207618017527
QQQ,"d50ret,d80,d80_zero",2,time_asc,0.0,-9.999999999999999e+17,False,False,False,185,0.41621621621621624,1.0747874915455051,2.1945094057267402,0,0.1945945945945946,2.2784135656708133,0.5,-4.362963848850994,425,0.4423529411764706,1.1955216894544471,11.457682177568634,25,0.35294117647058826,0.43638843550651013,0.6666666666666666,-4.156224569928154,178,0.4606741573033708,1.0825479542668033,1.9755982912584664,31,0.4157303370786517,2.5308788847023016,0.4,-2.591636424598269
QQQ,"d50ret,d80_zero,d80",2,time_asc,-999999.0,-9.999999999999997e+17,False,False,False,198,0.42424242424242425,1.128132959577284,3.7636086852367647,0,0.20707070707070707,1.328512185555618,0.6666666666666666,-4.362963848850992,458,0.44541484716157204,1.1747676113011594,11.054518931590449,30,0.35807860262008734,0.4523037167824212,0.5833333333333334,-5.064232255969544,192,0.4166666666666667,0.8850771035306165,-3.2441427627478503,34,0.4895833333333333,,0.4,-4.385392089710259
QQQ,"d50ret,d80_zero,d80",2,time_asc,0.0,-9.999999999999999e+17,False,False,False,185,0.41621621621621624,1.0747874915455051,2.19450940572674,0,0.1945945945945946,2.2784135656708138,0.5,-4.362963848850994,425,0.4423529411764706,1.200145667156586,11.728649900152766,25,0.34823529411764703,0.42630652654529955,0.6666666666666666,-4.156224569928154,178,0.46629213483146065,1.1197359662533746,2.8702761738499465,31,0.4157303370786517,1.7419926505864491,0.4,-2.4447305009467577
QQQ,"d80,d50ret,d80_zero",2,time_asc,-999999.0,-9.999999999999997e+17,False,False,False,198,0.41919191919191917,1.1025050741457498,3.0183072027763718,0,0.20202020202020202,1.656557687501385,0.6666666666666666,-4.362963848850994,458,0.4519650655021834,1.1551542767765735,9.636177030699889,30,0.36681222707423583,0.5188779724646511,0.5833333333333334,-4.690625850279,192,0.421875,0.8601344025138808,-3.8082174273756957,34,0.4895833333333333,,0.4,-4.0327613480134525
QQQ,"d80,d50ret,d80_zero",2,time_asc,0.0,-9.999999999999999e+17,False,False,False,185,0.41081081081081083,1.0492659285713237,1.449207923266347,0,0.1891891891891892,3.4501605461351454,0.5,-4.362963848850994,425,0.44941176470588234,1.1935206963729463,11.19609902324098,25,0.3552941176470588,0.44658411734488485,0.6666666666666666,-4.290142184853014,178,0.46629213483146065,1.1093563243672429,2.5385108059855885,31,0.42134831460674155,1.9696587417356795,0.4,-2.6788194587721486
QQQ,"d80,d80_zero,d50ret",2,time_asc,-999999.0,-9.999999999999997e+17,False,False,False,198,0.41919191919191917,1.1025050741457498,3.0183072027763718,0,0.20202020202020202,1.656557687501385,0.6666666666666666,-4.362963848850994,458,0.45414847161572053,1.1748333958262966,10.786061487730162,30,0.3624454148471616,0.4635612364798607,0.5833333333333334,-3.976929692055659,192,0.4427083333333333,0.9675097529461281,-0.837666445919437,34,0.53125,,0.6,-4.3388428370625265
QQQ,"d80,d80_zero,d50ret",2,time_asc,0.0,-9.999999999999999e+17,False,False,False,185,0.41081081081081083,1.0492659285713237,1.449207923266347,0,0.1891891891891892,3.4501605461351454,0.5,-4.362963848850994,425,0.45176470588235296,1.2108211146030912,12.109795181464321,25,0.35294117647058826,0.4128888990338314,0.6666666666666666,-4.290142184853014,178,0.4887640449438202,1.2391046074828422,5.2634588074381075,31,0.449438202247191,0.9499456883626033,0.6,-2.6788194587721486
QQQ,"d80_zero,d50ret,d80",2,time_asc,-999999.0,-9.999999999999997e+17,False,False,False,198,0.4292929292929293,1.135349012656275,3.941189158600628,0,0.20707070707070707,1.2686526321855907,0.6666666666666666,-4.362963848850992,458,0.4432314410480349,1.1651468020451181,10.437910762568116,30,0.35807860262008734,0.479023064455651,0.5833333333333334,-4.793009207239101,192,0.421875,0.9128597093959412,-2.432735229915367,34,0.484375,,0.4,-4.062310395216965
QQQ,"d80_zero,d50ret,d80",2,time_asc,0.0,-9.999999999999999e+17,False,False,False,185,0.42162162162162165,1.081545100982462,2.3720898790906033,0,0.1945945945945946,2.1078459311655036,0.5,-4.362963848850994,425,0.44,1.1841779656108744,10.79823359052468,25,0.34823529411764703,0.4630386959203624,0.6666666666666666,-4.156224569928154,178,0.48314606741573035,1.2090289297235979,4.82265539680226,31,0.42696629213483145,1.0367732273210588,0.6,-2.225104359100035
QQQ,"d80_zero,d80,d50ret",2,time_asc,-999999.0,-9.999999999999997e+17,False,False,False,198,0.41919191919191917,1.1025050741457498,3.0183072027763718,0,0.20202020202020202,1.656557687501385,0.6666666666666666,-4.362963848850994,458,0.4519650655021834,1.1654536461816691,10.257029210314295,30,0.36026200873362446,0.4874705821225589,0.5833333333333334,-3.976929692055659,192,0.4479166666666667,0.9954022193600187,-0.11752824316714872,34,0.5260416666666666,,0.6,-4.200397240448317
QQQ,"d80_zero,d80,d50ret",2,time_asc,0.0,-9.999999999999999e+17,False,False,False,185,0.41081081081081083,1.0492659285713237,1.4492079232663473,0,0.1891891891891892,3.450160546135145,0.5,-4.362963848850994,425,0.44941176470588234,1.2005636257962027,11.580762904048452,25,0.35058823529411764,0.4317504849574357,0.6666666666666666,-4.290142184853014,178,0.5,1.2926732940744552,6.351013310045582,31,0.4550561797752809,0.7872759441538809,0.6,-2.165623845564498
QQQ,"d50ret,d80,cons_m2s1c45",2,time_asc,-999999.0,-9.999999999999997e+17,False,True,False,223,0.452914798206278,1.208106592641987,5.965354844605521,28,0.22869955156950672,0.8381731062522638,0.8333333333333334,-5.065786205296442,459,0.4684095860566449,1.3000121524436605,16.877067846263405,25,0.39651416122004357,0.29625999288182064,0.75,-3.8852174831040784,191,0.4293193717277487,0.9020636432498311,-2.6325840324905796,34,0.4816753926701571,,0.4,-3.8712580899428066
QQQ,"d50ret,d80,cons_m2s1c45",2,time_asc,0.0,-9.999999999999997e+17,False,False,False,218,0.45871559633027525,1.1959055834643408,5.639289889448104,28,0.21100917431192662,0.8866364556565349,0.8333333333333334,-5.065786205296442,444,0.47072072072072074,1.2820817178368686,15.393524673943904,21,0.38063063063063063,0.32481190019224965,0.75,-3.8852174831040625,183,0.44808743169398907,0.9848302287154563,-0.3794003935050884,34,0.41530054644808745,,0.4,-3.099294877713609
QQQ,"d50ret,cons_m2s1c45,d80",2,time_asc,-999999.0,-9.999999999999997e+17,False,False,False,223,0.45739910313901344,1.203381100296183,5.9144153510042115,28,0.22869955156950672,0.8453920976569641,0.8333333333333334,-5.1713883611769464,459,0.4662309368191721,1.283834689512113,16.188267018748917,25,0.39651416122004357,0.3088656737752783,0.6666666666666666,-4.338063606033254,191,0.44502617801047123,0.9099078351249608,-2.4205439463984626,34,0.4869109947643979,,0.4,-4.026402013757933
QQQ,"d50ret,cons_m2s1c45,d80",2,time_asc,0.0,-9.999999999999997e+17,False,False,False,218,0.45871559633027525,1.1728703306488992,5.050582318699426,28,0.21100917431192662,0.9899848541202568,0.8333333333333334,-5.1713883611769464,444,0.46846846846846846,1.2673462211528328,14.810296376290008,21,0.38063063063063063,0.3376029670820473,0.6666666666666666,-4.338063606033247,183,0.4644808743169399,0.9930600864393078,-0.17451535282817288,34,0.4207650273224044,,0.4,-2.9211562340854353
QQQ,"d80,d50ret,cons_m2s1c45",2,time_asc,-999999.0,-9.999999999999997e+17,False,False,False,223,0.452914798206278,1.211692988255481,6.020053362145129,28,0.22869955156950672,0.83055742187281,0.8333333333333334,-5.065786205296442,459,0.4684095860566449,1.2569169921793775,14.389665296129323,25,0.39651416122004357,0.347471598338354,0.6666666666666666,-3.586189681119393,191,0.43455497382198954,0.9041860399055801,-2.498302629799377,34,0.4869109947643979,,0.4,-3.820545342824813
QQQ,"d80,d50ret,cons_m2s1c45",2,time_asc,0.0,-9.999999999999997e+17,False,False,False,218,0.45871559633027525,1.1993797188170485,5.693988406987712,28,0.21100917431192662,0.8781191043283398,0.8333333333333334,-5.065786205296442,444,0.47297297297297297,1.2592036277197778,14.107254263116364,21,0.38063063063063063,0.3544275807853395,0.6666666666666666,-3.7197161766213043,183,0.45901639344262296,1.030798708176611,0.7388844626463948,34,0.4262295081967213,6.766957830040109,0.4,-3.392864349074535
QQQ,"d80,cons_m2s1c45,d50ret",2,time_asc,-999999.0,-9.999999999999997e+17,False,False,False,223,0.452914798206278,1.211692988255481,6.020053362145129,28,0.22869955156950672,0.83055742187281,0.8333333333333334,-5.065786205296442,459,0.4749455337690632,1.2779206703014305,15.266010162485388,25,0.39215686274509803,0.32752500141045193,0.75,-3.4822789723671193,191,0.4397905759162304,0.9144481849273489,-2.204275318018545,34,0.4869109947643979,,0.4,-3.5876431711590495
QQQ,"d80,cons_m2s1c45,d50ret",2,time_asc,0.0,-9.999999999999997e+17,False,False,False,218,0.45871559633027525,1.1993797188170485,5.693988406987712,28,0.21100917431192662,0.8781191043283398,0.8333333333333334,-5.065786205296442,444,0.4797297297297297,1.2786705455518543,14.938030247779206,21,0.3783783783783784,0.3347161517994205,0.75,-3.615805467869036,183,0.453551912568306,1.02786095301917,0.6654537187889789,34,0.4262295081967213,7.513670536095604,0.4,-3.872912186354584
QQQ,"cons_m2s1c45,d50ret,d80",2,time_asc,-999999.0,-9.999999999999997e+17,False,False,False,223,0.45739910313901344,1.1961121899968445,5.7030321172776155,28,0.22869955156950672,0.8767266073870169,0.8333333333333334,-5.1713883611769464,459,0.4749455337690632,1.2983447305762952,16.609009200404927,25,0.39433551198257083,0.3010414371904918,0.6666666666666666,-4.362405511887964,191,0.45549738219895286,0.9193901537583058,-2.1144472512175843,34,0.49214659685863876,,0.4,-3.8560263663610854
QQQ,"cons_m2s1c45,d50ret,d80",2,time_asc,0.0,-9.999999999999997e+17,False,False,False,218,0.45871559633027525,1.1656351472181377,4.8391990849728295,28,0.21100917431192662,1.0332288282014488,0.8333333333333334,-5.1713883611769464,444,0.4797297297297297,1.290910216885838,15.816616974522441,21,0.3783783783783784,0.31612322711323465,0.6666666666666666,-4.362405511887955,183,0.45901639344262296,0.9646118544224181,-0.8945613508886334,34,0.4207650273224044,,0.4,-3.522261951799548
QQQ,"cons_m2s1c45,d80,d50ret",2,time_asc,-999999.0,-9.999999999999997e+17,False,False,False,223,0.45739910313901344,1.1942218464741132,5.657000424107634,28,0.22869955156950672,0.8838606372897218,0.8333333333333334,-5.1713883611769464,459,0.4749455337690632,1.2964439386901454,16.544196293893428,25,0.39215686274509803,0.3022207855358639,0.6666666666666666,-3.9624055118879618,191,0.45549738219895286,0.9120541072022987,-2.2786606986741242,34,0.49214659685863876,,0.4,-3.3806686035779667
QQQ,"cons_m2s1c45,d80,d50ret",2,time_asc,0.0,-9.999999999999997e+17,False,True,False,218,0.45871559633027525,1.1638015038484453,4.793167391802848,28,0.21100917431192662,1.0431515512166072,0.8333333333333334,-5.1713883611769464,444,0.4797297297297297,1.300788508067558,16.348027522835622,21,0.3783783783783784,0.30584729521746806,0.6666666666666666,-3.9624055118879618,183,0.46994535519125685,0.9964028692943994,-0.0887720048906,34,0.4207650273224044,,0.4,-3.522261951799548
QQQ,"d50ret,d80,cons_m2s2c30",2,time_asc,-999999.0,-9.999999999999997e+17,False,False,False,245,0.46938775510204084,1.239444218644125,7.30277255425266,38,0.22040816326530613,0.684671467289273,0.8333333333333334,-5.461237127427143,482,0.46473029045643155,1.2510695169379937,15.081231987900663,36,0.3941908713692946,0.3315379011483537,0.6666666666666666,-4.068894404673543,192,0.4322916666666667,0.9206644467838242,-2.13258403249058,34,0.4791666666666667,,0.4,-3.871258089942806
QQQ,"d50ret,d80,cons_m2s2c30",2,time_asc,0.0,-9.999999999999997e+17,False,False,False,243,0.4691358024691358,1.2120691423715346,6.578038818443948,37,0.205761316872428,0.7601049701896959,0.8333333333333334,-5.461237127427143,471,0.4692144373673036,1.2498289538084324,14.621431066414406,34,0.3821656050955414,0.3419637911835495,0.6666666666666666,-4.068894404673539,189,0.4708994708994709,1.075547253564321,1.8822253807902403,34,0.41798941798941797,2.6564300168456882,0.4,-2.1761652751586897
QQQ,"d50ret,cons_m2s2c30,d80",2,time_asc,-999999.0,-9.999999999999997e+17,False,False,False,245,0.47346938775510206,1.2330613800310677,7.213814171683837,38,0.22040816326530613,0.6931146105241173,0.8333333333333334,-5.566839283307647,482,0.46265560165975106,1.2409861416224695,14.663398882970306,36,0.3900414937759336,0.3409850635521394,0.6666666666666666,-3.454554317060449,192,0.4583333333333333,0.9551621866172932,-1.1945666161533919,34,0.4791666666666667,,0.4,-4.026402013757933
QQQ,"d50ret,cons_m2s2c30,d80",2,time_asc,0.0,-9.999999999999997e+17,False,False,False,243,0.4691358024691358,1.1878861143807178,5.921504680562942,37,0.205761316872428,0.8443799793677885,0.8333333333333334,-5.566839283307647,471,0.46709129511677283,1.2447987689878783,14.486017736163125,34,0.38004246284501064,0.3451604223511283,0.6666666666666666,-3.454554317060449,189,0.48677248677248675,1.0823783712924286,2.06364993594838,34,0.42328042328042326,2.4228915538924376,0.4,-2.4096691153745864
QQQ,"d80,d50ret,cons_m2s2c30",2,time_asc,-999999.0,-9.999999999999997e+17,False,False,False,245,0.46938775510204084,1.2430485820031916,7.357471071792268,38,0.22040816326530613,0.6795813332069287,0.8333333333333334,-5.461237127427143,482,0.46473029045643155,1.2105204913046417,12.593829437766583,36,0.3941908713692946,0.39701982821888293,0.6666666666666666,-3.535367909171617,192,0.4375,0.9233618513048006,-1.9983026297993767,34,0.484375,,0.4,-3.7803148571666694
QQQ,"d80,d50ret,cons_m2s2c30",2,time_asc,0.0,-9.999999999999997e+17,False,False,False,243,0.4691358024691358,1.2154106617471272,6.632737335983555,37,0.205761316872428,0.7538365755680208,0.8333333333333334,-5.461237127427143,471,0.4713375796178344,1.2284200692362466,13.33516065558687,34,0.3821656050955414,0.37494861360408216,0.6666666666666666,-3.668894404673532,189,0.48148148148148145,1.1255705543468908,3.000510236941723,34,0.42857142857142855,1.6663832499022773,0.4,-2.4697347465196167
QQQ,"d80,cons_m2s2c30,d50ret",2,time_asc,-999999.0,-9.999999999999997e+17,False,False,False,245,0.46938775510204084,1.2430485820031916,7.357471071792268,38,0.22040816326530613,0.6795813332069287,0.8333333333333334,-5.461237127427143,482,0.470954356846473,1.2227474098320283,13.14040537543833,36,0.3879668049792531,0.3805057650158843,0.6666666666666666,-3.5291670898718355,192,0.4427083333333333,0.9633397005114125,-0.9333514119926887,34,0.484375,,0.4,-3.387318053959393
QQQ,"d80,cons_m2s2c30,d50ret",2,time_asc,0.0,-9.999999999999997e+17,False,False,False,243,0.4691358024691358,1.2154106617471272,6.632737335983555,37,0.205761316872428,0.7538365755680208,0.8333333333333334,-5.461237127427143,471,0.47770700636942676,1.239343109122844,13.836167711565398,34,0.37791932059447986,0.3613717399378292,0.6666666666666666,-3.6626935853737557,189,0.47619047619047616,1.1376733574100208,3.233003365731562,34,0.42857142857142855,1.5465495808008858,0.4,-2.9959122270400713
QQQ,"cons_m2s2c30,d50ret,d80",2,time_asc,-999999.0,-9.999999999999997e+17,False,False,False,245,0.47346938775510206,1.2244111699257318,6.95639924478726,38,0.22040816326530613,0.7187626563766769,0.8333333333333334,-5.566839283307647,482,0.46887966804979253,1.2368495801396946,14.168262345237611,36,0.38589211618257263,0.35290142701801774,0.6666666666666666,-3.448353497760671,192,0.46875,0.996052720502748,-0.10137824811015261,34,0.484375,,0.6,-3.639533482324924
QQQ,"cons_m2s2c30,d50ret,d80",2,time_asc,0.0,-9.999999999999997e+17,False,False,False,243,0.4691358024691358,1.1794563722318787,5.664089753666365,37,0.205761316872428,0.8827543731565166,0.8333333333333334,-5.566839283307647,471,0.47558386411889597,1.2486630375353631,14.549305618357026,34,0.37579617834394907,0.34365901240616203,0.6666666666666666,-3.4483534977606674,189,0.48148148148148145,1.0663076404588432,1.6495278105351754,34,0.42328042328042326,3.0311704768274215,0.4,-3.0569044763291036
QQQ,"cons_m2s2c30,d80,d50ret",2,time_asc,-999999.0,-9.999999999999997e+17,False,False,False,245,0.47346938775510206,1.2244111699257318,6.95639924478726,38,0.22040816326530613,0.7187626563766769,0.8333333333333334,-5.566839283307647,482,0.470954356846473,1.2595924039658517,15.452791484453801,36,0.38381742738589214,0.32356613399140366,0.6666666666666666,-3.0483534977606794,192,0.46875,0.9918880012873551,-0.20633207052531755,34,0.484375,,0.6,-3.237354842254465
QQQ,"cons_m2s2c30,d80,d50ret",2,time_asc,0.0,-9.999999999999997e+17,False,False,False,243,0.4691358024691358,1.1794563722318787,5.664089753666364,37,0.205761316872428,0.8827543731565167,0.8333333333333334,-5.566839283307647,471,0.47770700636942676,1.272493448873551,15.861877949950236,34,0.37579617834394907,0.31522118728795834,0.6666666666666666,-3.0483534977606848,189,0.49206349206349204,1.1011380477159094,2.455317156533208,34,0.42328042328042326,2.0363967997762717,0.4,-3.0569044763291036
QQQ,"d50ret,d80,cons_m3allc30",2,time_asc,-999999.0,-9.999999999999997e+17,False,False,False,245,0.46938775510204084,1.239444218644125,7.30277255425266,38,0.22040816326530613,0.684671467289273,0.8333333333333334,-5.461237127427143,482,0.46473029045643155,1.2510695169379937,15.081231987900663,36,0.3941908713692946,0.3315379011483537,0.6666666666666666,-4.068894404673543,192,0.4322916666666667,0.9206644467838242,-2.13258403249058,34,0.4791666666666667,,0.4,-3.871258089942806
QQQ,"d50ret,d80,cons_m3allc30",2,time_asc,0.0,-9.999999999999997e+17,False,False,False,243,0.4691358024691358,1.2120691423715346,6.578038818443948,37,0.205761316872428,0.7601049701896959,0.8333333333333334,-5.461237127427143,472,0.4703389830508475,1.2500873711813023,14.636555141291169,34,0.3813559322033898,0.3416104371372541,0.6666666666666666,-4.068894404673539,189,0.4708994708994709,1.075547253564321,1.8822253807902403,34,0.41798941798941797,2.6564300168456882,0.4,-2.1761652751586897
QQQ,"d50ret,cons_m3allc30,d80",2,time_asc,-999999.0,-9.999999999999997e+17,False,False,False,245,0.47346938775510206,1.2330613800310677,7.213814171683837,38,0.22040816326530613,0.6931146105241173,0.8333333333333334,-5.566839283307647,482,0.46265560165975106,1.2409861416224695,14.663398882970306,36,0.3900414937759336,0.3409850635521394,0.6666666666666666,-3.454554317060449,192,0.4583333333333333,0.9551621866172932,-1.1945666161533919,34,0.4791666666666667,,0.4,-4.026402013757933
QQQ,"d50ret,cons_m3allc30,d80",2,time_asc,0.0,-9.999999999999997e+17,False,False,False,243,0.4691358024691358,1.1878861143807178,5.921504680562942,37,0.205761316872428,0.8443799793677885,0.8333333333333334,-5.566839283307647,472,0.4682203389830508,1.245054350264896,14.501141811039886,34,0.3792372881355932,0.3448004346935937,0.6666666666666666,-3.454554317060449,189,0.48677248677248675,1.0823783712924286,2.06364993594838,34,0.42328042328042326,2.4228915538924376,0.4,-2.4096691153745864
QQQ,"d80,d50ret,cons_m3allc30",2,time_asc,-999999.0,-9.999999999999997e+17,False,False,False,245,0.46938775510204084,1.2430485820031916,7.357471071792268,38,0.22040816326530613,0.6795813332069287,0.8333333333333334,-5.461237127427143,482,0.46473029045643155,1.2105204913046417,12.593829437766583,36,0.3941908713692946,0.39701982821888293,0.6666666666666666,-3.535367909171617,192,0.4375,0.9233618513048006,-1.9983026297993767,34,0.484375,,0.4,-3.7803148571666694
QQQ,"d80,d50ret,cons_m3allc30",2,time_asc,0.0,-9.999999999999997e+17,False,False,False,243,0.4691358024691358,1.2154106617471272,6.632737335983555,37,0.205761316872428,0.7538365755680208,0.8333333333333334,-5.461237127427143,472,0.4724576271186441,1.2286791318992103,13.350284730463631,34,0.3813559322033898,0.3745238473147051,0.6666666666666666,-3.668894404673532,189,0.48148148148148145,1.1255705543468908,3.000510236941723,34,0.42857142857142855,1.6663832499022773,0.4,-2.4697347465196167
QQQ,"d80,cons_m3allc30,d50ret",2,time_asc,-999999.0,-9.999999999999997e+17,False,False,False,245,0.46938775510204084,1.2430485820031916,7.357471071792268,38,0.22040816326530613,0.6795813332069287,0.8333333333333334,-5.461237127427143,482,0.470954356846473,1.2227474098320283,13.14040537543833,36,0.3879668049792531,0.3805057650158843,0.6666666666666666,-3.5291670898718355,192,0.4427083333333333,0.9633397005114125,-0.9333514119926887,34,0.484375,,0.4,-3.387318053959393
QQQ,"d80,cons_m3allc30,d50ret",2,time_asc,0.0,-9.999999999999997e+17,False,False,False,243,0.4691358024691358,1.2154106617471272,6.632737335983555,37,0.205761316872428,0.7538365755680208,0.8333333333333334,-5.461237127427143,472,0.4788135593220339,1.2396047309229747,13.851291786442156,34,0.3771186440677966,0.3609771620647016,0.6666666666666666,-3.6626935853737557,189,0.47619047619047616,1.1376733574100208,3.233003365731562,34,0.42857142857142855,1.5465495808008858,0.4,-2.9959122270400713
QQQ,"cons_m3allc30,d50ret,d80",2,time_asc,-999999.0,-9.999999999999997e+17,False,False,False,245,0.47346938775510206,1.2244111699257318,6.95639924478726,38,0.22040816326530613,0.7187626563766769,0.8333333333333334,-5.566839283307647,482,0.46887966804979253,1.2368495801396946,14.168262345237611,36,0.38589211618257263,0.35290142701801774,0.6666666666666666,-3.448353497760671,192,0.46875,0.996052720502748,-0.10137824811015261,34,0.484375,,0.6,-3.639533482324924
QQQ,"cons_m3allc30,d50ret,d80",2,time_asc,0.0,-9.999999999999997e+17,False,False,False,243,0.4691358024691358,1.1794563722318787,5.664089753666365,37,0.205761316872428,0.8827543731565166,0.8333333333333334,-5.566839283307647,472,0.4766949152542373,1.2489215239880789,14.56442969323379,34,0.375,0.343302148131681,0.6666666666666666,-3.4483534977606674,189,0.48148148148148145,1.0663076404588432,1.6495278105351754,34,0.42328042328042326,3.0311704768274215,0.4,-3.0569044763291036
QQQ,"cons_m3allc30,d80,d50ret",2,time_asc,-999999.0,-9.999999999999997e+17,False,False,False,245,0.47346938775510206,1.2244111699257318,6.95639924478726,38,0.22040816326530613,0.7187626563766769,0.8333333333333334,-5.566839283307647,482,0.470954356846473,1.2595924039658517,15.452791484453801,36,0.38381742738589214,0.32356613399140366,0.6666666666666666,-3.0483534977606794,192,0.46875,0.9918880012873551,-0.20633207052531755,34,0.484375,,0.6,-3.237354842254465
QQQ,"cons_m3allc30,d80,d50ret",2,time_asc,0.0,-9.999999999999997e+17,False,False,False,243,0.4691358024691358,1.1794563722318787,5.664089753666364,37,0.205761316872428,0.8827543731565167,0.8333333333333334,-5.566839283307647,472,0.4788135593220339,1.2727532674988864,15.877002024826997,34,0.375,0.3149209146778126,0.6666666666666666,-3.0483534977606848,189,0.49206349206349204,1.1011380477159094,2.455317156533208,34,0.42328042328042326,2.0363967997762717,0.4,-3.0569044763291036
QQQ,"d50ret,d80,cons_m3s2c30",2,time_asc,-999999.0,-9.999999999999997e+17,False,False,False,245,0.46938775510204084,1.239444218644125,7.30277255425266,38,0.22040816326530613,0.684671467289273,0.8333333333333334,-5.461237127427143,482,0.46473029045643155,1.2510695169379937,15.081231987900663,36,0.3941908713692946,0.3315379011483537,0.6666666666666666,-4.068894404673543,192,0.4322916666666667,0.9206644467838242,-2.13258403249058,34,0.4791666666666667,,0.4,-3.871258089942806
QQQ,"d50ret,d80,cons_m3s2c30",2,time_asc,0.0,-9.999999999999997e+17,False,False,False,243,0.4691358024691358,1.2120691423715346,6.578038818443948,37,0.205761316872428,0.7601049701896959,0.8333333333333334,-5.461237127427143,471,0.4692144373673036,1.2498289538084324,14.621431066414406,34,0.3821656050955414,0.3419637911835495,0.6666666666666666,-4.068894404673539,189,0.4708994708994709,1.075547253564321,1.8822253807902403,34,0.41798941798941797,2.6564300168456882,0.4,-2.1761652751586897
QQQ,"d50ret,cons_m3s2c30,d80",2,time_asc,-999999.0,-9.999999999999997e+17,False,False,False,245,0.47346938775510206,1.2330613800310677,7.213814171683837,38,0.22040816326530613,0.6931146105241173,0.8333333333333334,-5.566839283307647,482,0.46265560165975106,1.2409861416224695,14.663398882970306,36,0.3900414937759336,0.3409850635521394,0.6666666666666666,-3.454554317060449,192,0.4583333333333333,0.9551621866172932,-1.1945666161533919,34,0.4791666666666667,,0.4,-4.026402013757933
QQQ,"d50ret,cons_m3s2c30,d80",2,time_asc,0.0,-9.999999999999997e+17,False,False,False,243,0.4691358024691358,1.1878861143807178,5.921504680562942,37,0.205761316872428,0.8443799793677885,0.8333333333333334,-5.566839283307647,471,0.46709129511677283,1.2447987689878783,14.486017736163125,34,0.38004246284501064,0.3451604223511283,0.6666666666666666,-3.454554317060449,189,0.48677248677248675,1.0823783712924286,2.06364993594838,34,0.42328042328042326,2.4228915538924376,0.4,-2.4096691153745864
QQQ,"d80,d50ret,cons_m3s2c30",2,time_asc,-999999.0,-9.999999999999997e+17,False,False,False,245,0.46938775510204084,1.2430485820031916,7.357471071792268,38,0.22040816326530613,0.6795813332069287,0.8333333333333334,-5.461237127427143,482,0.46473029045643155,1.2105204913046417,12.593829437766583,36,0.3941908713692946,0.39701982821888293,0.6666666666666666,-3.535367909171617,192,0.4375,0.9233618513048006,-1.9983026297993767,34,0.484375,,0.4,-3.7803148571666694
QQQ,"d80,d50ret,cons_m3s2c30",2,time_asc,0.0,-9.999999999999997e+17,False,False,False,243,0.4691358024691358,1.2154106617471272,6.632737335983555,37,0.205761316872428,0.7538365755680208,0.8333333333333334,-5.461237127427143,471,0.4713375796178344,1.2284200692362466,13.33516065558687,34,0.3821656050955414,0.37494861360408216,0.6666666666666666,-3.668894404673532,189,0.48148148148148145,1.1255705543468908,3.000510236941723,34,0.42857142857142855,1.6663832499022773,0.4,-2.4697347465196167
QQQ,"d80,cons_m3s2c30,d50ret",2,time_asc,-999999.0,-9.999999999999997e+17,False,False,False,245,0.46938775510204084,1.2430485820031916,7.357471071792268,38,0.22040816326530613,0.6795813332069287,0.8333333333333334,-5.461237127427143,482,0.470954356846473,1.2227474098320283,13.14040537543833,36,0.3879668049792531,0.3805057650158843,0.6666666666666666,-3.5291670898718355,192,0.4427083333333333,0.9633397005114125,-0.9333514119926887,34,0.484375,,0.4,-3.387318053959393
QQQ,"d80,cons_m3s2c30,d50ret",2,time_asc,0.0,-9.999999999999997e+17,False,False,False,243,0.4691358024691358,1.2154106617471272,6.632737335983555,37,0.205761316872428,0.7538365755680208,0.8333333333333334,-5.461237127427143,471,0.47770700636942676,1.239343109122844,13.836167711565398,34,0.37791932059447986,0.3613717399378292,0.6666666666666666,-3.6626935853737557,189,0.47619047619047616,1.1376733574100208,3.233003365731562,34,0.42857142857142855,1.5465495808008858,0.4,-2.9959122270400713
QQQ,"cons_m3s2c30,d50ret,d80",2,time_asc,-999999.0,-9.999999999999997e+17,False,False,False,245,0.47346938775510206,1.2244111699257318,6.95639924478726,38,0.22040816326530613,0.7187626563766769,0.8333333333333334,-5.566839283307647,482,0.46887966804979253,1.2368495801396946,14.168262345237611,36,0.38589211618257263,0.35290142701801774,0.6666666666666666,-3.448353497760671,192,0.46875,0.996052720502748,-0.10137824811015261,34,0.484375,,0.6,-3.639533482324924
QQQ,"cons_m3s2c30,d50ret,d80",2,time_asc,0.0,-9.999999999999997e+17,False,False,False,243,0.4691358024691358,1.1794563722318787,5.664089753666365,37,0.205761316872428,0.8827543731565166,0.8333333333333334,-5.566839283307647,471,0.47558386411889597,1.2486630375353631,14.549305618357026,34,0.37579617834394907,0.34365901240616203,0.6666666666666666,-3.4483534977606674,189,0.48148148148148145,1.0663076404588432,1.6495278105351754,34,0.42328042328042326,3.0311704768274215,0.4,-3.0569044763291036
QQQ,"cons_m3s2c30,d80,d50ret",2,time_asc,-999999.0,-9.999999999999997e+17,False,False,False,245,0.47346938775510206,1.2244111699257318,6.95639924478726,38,0.22040816326530613,0.7187626563766769,0.8333333333333334,-5.566839283307647,482,0.470954356846473,1.2595924039658517,15.452791484453801,36,0.38381742738589214,0.32356613399140366,0.6666666666666666,-3.0483534977606794,192,0.46875,0.9918880012873551,-0.20633207052531755,34,0.484375,,0.6,-3.237354842254465
QQQ,"cons_m3s2c30,d80,d50ret",2,time_asc,0.0,-9.999999999999997e+17,False,False,False,243,0.4691358024691358,1.1794563722318787,5.664089753666364,37,0.205761316872428,0.8827543731565167,0.8333333333333334,-5.566839283307647,471,0.47770700636942676,1.272493448873551,15.861877949950236,34,0.37579617834394907,0.31522118728795834,0.6666666666666666,-3.0483534977606848,189,0.49206349206349204,1.1011380477159094,2.455317156533208,34,0.42328042328042326,2.0363967997762717,0.4,-3.0569044763291036
QQQ,"d50ret,d80_front,d80_zero",2,time_asc,-999999.0,-9.999999999999999e+17,False,False,False,167,0.5209580838323353,1.3682287209881312,6.365781768139201,0,0.15568862275449102,0.7134968293028946,0.6666666666666666,-3.3790426582276027,466,0.4656652360515021,1.2015988993872748,10.480678739423713,33,0.388412017167382,0.47706833920900515,0.75,-3.688458281090245,187,0.44919786096256686,1.026058663449731,0.6175466231613016,29,0.4919786096256685,7.696428677751719,0.4,-3.719257038948814
QQQ,"d50ret,d80_front,d80_zero",2,time_asc,0.0,-9.999999999999999e+17,False,False,False,167,0.5269461077844312,1.4101298665187862,6.967112019709,0,0.16167664670658682,0.6571577834262254,0.6666666666666666,-3.3790426582276036,444,0.46621621621621623,1.1677142647955825,8.084673247689944,31,0.38288288288288286,0.6184541844568257,0.6666666666666666,-4.29591410448603,163,0.4601226993865031,1.0713611356311812,1.3794802006950078,23,0.4539877300613497,3.465344305590494,0.6,-3.4985370073404622
QQQ,"d50ret,d80_zero,d80_front",2,time_asc,-999999.0,-9.999999999999999e+17,False,False,False,167,0.5209580838323353,1.3682287209881312,6.365781768139201,0,0.15568862275449102,0.7134968293028946,0.6666666666666666,-3.3790426582276027,466,0.4656652360515021,1.2149509034396326,11.222078206371002,33,0.3798283261802575,0.4455502722447076,0.6666666666666666,-4.0241726073519075,187,0.4385026737967914,1.0421874880144895,1.0420155945383345,29,0.49732620320855614,4.561259510183389,0.6,-3.3974012572438173
QQQ,"d50ret,d80_zero,d80_front",2,time_asc,0.0,-9.999999999999999e+17,False,False,False,167,0.5269461077844312,1.410129866518786,6.967112019709,0,0.16167664670658682,0.6571577834262254,0.6666666666666666,-3.3790426582276036,444,0.46846846846846846,1.1870665983370035,8.987323347212191,31,0.38063063063063063,0.556339168719346,0.6666666666666666,-4.295914104486031,163,0.4662576687116564,1.1405289435818313,2.75609725888034,23,0.4539877300613497,1.7344721209494964,0.4,-2.9776224264378737
QQQ,"d80_front,d50ret,d80_zero",2,time_asc,-999999.0,-9.999999999999999e+17,False,False,False,167,0.5149700598802395,1.3700495675499484,6.369170129837939,0,0.15568862275449102,0.7131172531133287,0.6666666666666666,-3.4342196778566074,466,0.4721030042918455,1.1889990828850332,9.519566063757363,33,0.3948497854077253,0.5252340250083316,0.75,-3.954931785588329,187,0.44919786096256686,0.988257738710321,-0.2750413808510874,29,0.4919786096256685,,0.4,-3.572046032244055
QQQ,"d80_front,d50ret,d80_zero",2,time_asc,0.0,-9.999999999999999e+17,False,False,False,167,0.5209580838323353,1.4121710863278747,6.970500381407737,0,0.16167664670658682,0.6568383388897432,0.6666666666666666,-3.4342196778566083,444,0.46846846846846846,1.150380379902856,7.075994953685901,31,0.38963963963963966,0.7066144100902008,0.75,-4.393281683046434,163,0.4539877300613497,1.0306626202697442,0.5882887606106206,23,0.4539877300613497,8.044533875584996,0.4,-3.3088369766699044
QQQ,"d80_front,d80_zero,d50ret",2,time_asc,-999999.0,-9.999999999999999e+17,False,False,False,167,0.5209580838323353,1.3860636111858398,6.546750603201803,0,0.15568862275449102,0.6937739625181639,0.6666666666666666,-3.480251371026589,466,0.4699570815450644,1.1669435583754273,8.438603266472736,33,0.3927038626609442,0.5925151167925397,0.75,-4.5301638380090665,187,0.47593582887700536,1.1612498360771106,3.4955096006051716,29,0.5454545454545454,1.3656220212960304,0.8,-3.0530549360319212
QQQ,"d80_front,d80_zero,d50ret",2,time_asc,0.0,-9.999999999999999e+17,False,False,True,167,0.5269461077844312,1.4291157353060338,7.1480808547716,0,0.16167664670658682,0.6405204396502975,0.6666666666666666,-3.48025137102659,444,0.46621621621621623,1.1305271700145076,6.145578644057814,31,0.38963963963963966,0.8135930381160318,0.75,-4.393281683046432,163,0.50920245398773,1.3865306908314703,6.435920009521155,23,0.50920245398773,0.7602009611884496,0.6,-2.8671968338301426
QQQ,"d80_zero,d50ret,d80_front",2,time_asc,-999999.0,-9.999999999999999e+17,False,False,False,167,0.5269461077844312,1.384144251804685,6.543362241503065,0,0.15568862275449102,0.6941332208070093,0.6666666666666666,-3.4250743513975843,466,0.463519313304721,1.1988021849191157,10.369281738541734,33,0.3798283261802575,0.48219347550519603,0.6666666666666666,-4.624000965542456,187,0.44385026737967914,1.0850020442609587,2.0730492692175404,29,0.4919786096256685,2.3600946924028663,0.6,-3.469873179772244
QQQ,"d80_zero,d50ret,d80_front",2,time_asc,0.0,-9.999999999999999e+17,False,False,False,167,0.5329341317365269,1.4269666704457808,7.1446924930728635,0,0.16167664670658682,0.6408242056874045,0.6666666666666666,-3.425074351397585,444,0.46621621621621623,1.1676000638579176,8.056907037584105,31,0.38063063063063063,0.620585539422988,0.6666666666666666,-4.295914104486032,163,0.49079754601226994,1.2733918720214006,5.078780506338355,23,0.4601226993865031,0.9633400323687874,0.6,-1.8133333706856245
QQQ,"d80_zero,d80_front,d50ret",2,time_asc,-999999.0,-9.999999999999999e+17,False,False,False,167,0.5209580838323353,1.3860636111858402,6.546750603201803,0,0.15568862275449102,0.6937739625181639,0.6666666666666666,-3.480251371026589,466,0.4721030042918455,1.178704046301675,9.018746315783941,33,0.3905579399141631,0.5544007808767578,0.6666666666666666,-4.5301638380090665,187,0.47058823529411764,1.1453048707827587,3.2302588175933473,29,0.5401069518716578,1.5146131792049733,0.8,-3.114058247508716
QQQ,"d80_zero,d80_front,d50ret",2,time_asc,0.0,-9.999999999999999e+17,False,False,True,167,0.5269461077844312,1.429115735306034,7.148080854771601,0,0.16167664670658682,0.6405204396502974,0.6666666666666666,-3.48025137102659,444,0.46846846846846846,1.150214309142809,7.048228743580061,31,0.38738738738738737,0.7093980887828438,0.75,-4.393281683046434,163,0.50920245398773,1.38653069083147,6.435920009521155,23,0.50920245398773,0.7602009611884496,0.6,-2.8671968338301426
QQQ,"d50ret,d80_front,cons_m2s1c45",2,time_asc,-999999.0,-9.999999999999997e+17,False,False,False,218,0.5,1.214790293814202,4.948874743101946,25,0.22477064220183487,0.8306914262909045,0.8333333333333334,-3.144096315794636,476,0.4579831932773109,1.18082789241516,9.239188805476271,34,0.39285714285714285,0.5411730515818001,0.75,-3.8838656367372675,188,0.4787234042553192,1.1442069876289032,3.092372544961966,32,0.48404255319148937,1.6168815132400216,0.6,-3.689191078744001
QQQ,"d50ret,d80_front,cons_m2s1c45",2,time_asc,0.0,-9.999999999999997e+17,False,False,False,217,0.5023041474654378,1.230816201967589,5.248874743101947,25,0.22119815668202766,0.7832131685529428,0.8333333333333334,-3.144096315794636,467,0.47109207708779444,1.2040210181533595,9.872699018913734,33,0.39400428265524623,0.5064471215440878,0.75,-3.808275081417211,180,0.46111111111111114,1.0818787520895619,1.6895777915804084,31,0.45,2.9593192008774376,0.6,-3.1169805694915405
QQQ,"d50ret,cons_m2s1c45,d80_front",2,time_asc,-999999.0,-9.999999999999997e+17,False,False,False,218,0.4908256880733945,1.2284904048435212,5.309429066679349,25,0.22477064220183487,0.7806073387829696,0.8333333333333334,-3.049435184135427,476,0.45168067226890757,1.1445740790955239,7.7257343028412055,34,0.39285714285714285,0.6471876722658203,0.5,-4.34311636734452,188,0.4946808510638298,1.1643828555421907,3.600514985689866,32,0.48404255319148937,1.3886902345559853,0.6,-3.6035001217024445
QQQ,"d50ret,cons_m2s1c45,d80_front",2,time_asc,0.0,-9.999999999999997e+17,False,False,False,217,0.4930875576036866,1.2445582121066532,5.609429066679349,25,0.22119815668202766,0.7388593821101668,0.8333333333333334,-3.0494351841354277,467,0.46466809421841543,1.1605406530052087,8.186973590111737,33,0.39400428265524623,0.6107262891429163,0.5833333333333334,-3.967525812024462,180,0.4777777777777778,1.098816553247586,2.084471992046212,31,0.45,2.3986889817079162,0.4,-2.989595824967229
QQQ,"d80_front,d50ret,cons_m2s1c45",2,time_asc,-999999.0,-9.999999999999997e+17,False,False,False,218,0.4954128440366973,1.2156478153070334,4.952263104800684,25,0.22477064220183487,0.8301230633116465,0.8333333333333334,-3.1992733354236407,476,0.4684873949579832,1.189798630845734,9.294077013410227,34,0.39705882352941174,0.5379770355663727,0.75,-4.079183310620202,188,0.4787234042553192,1.103916029309054,2.199784540949576,32,0.48404255319148937,2.2729498761918117,0.6,-3.5419800720392414
QQQ,"d80_front,d50ret,cons_m2s1c45",2,time_asc,0.0,-9.999999999999997e+17,False,False,False,217,0.4976958525345622,1.2317387477367518,5.252263104800684,25,0.22119815668202766,0.7827078988340961,0.8333333333333334,-3.1992733354236407,467,0.47751605995717344,1.2073603073442463,9.723151496448704,33,0.39828693790149894,0.5142365622736832,0.75,-4.003592755300145,180,0.45555555555555555,1.0438450984987246,0.8983863514960209,31,0.45,5.565534240000246,0.4,-2.927280538820983
QQQ,"d80_front,cons_m2s1c45,d50ret",2,time_asc,-999999.0,-9.999999999999997e+17,False,False,False,218,0.4954128440366973,1.2374571281519486,5.33286357855992,25,0.22935779816513763,0.7708781142293003,0.8333333333333334,-3.1992733354236407,476,0.47058823529411764,1.1861999621358121,9.039383682232472,34,0.39705882352941174,0.5531350560799673,0.6666666666666666,-4.0729824913204205,188,0.48936170212765956,1.1912724163815767,3.9468230186364335,32,0.48936170212765956,1.2668417044267222,0.8,-2.9520499056868164
QQQ,"d80_front,cons_m2s1c45,d50ret",2,time_asc,0.0,-9.999999999999997e+17,False,False,False,217,0.4976958525345622,1.2542110550530612,5.632863578559919,25,0.22580645161290322,0.7298220099861521,0.8333333333333334,-3.1992733354236407,467,0.4817987152034261,1.2106202550013578,9.829218752396503,33,0.39828693790149894,0.5086874273482751,0.6666666666666666,-3.997391936000364,180,0.4666666666666667,1.1259596042889657,2.5260722295461053,31,0.45555555555555555,1.9793574948165358,0.6,-2.881729671426843
QQQ,"cons_m2s1c45,d50ret,d80_front",2,time_asc,-999999.0,-9.999999999999997e+17,False,False,False,218,0.4908256880733945,1.2465580458685706,5.60441680777585,25,0.22935779816513763,0.7395201742395595,0.8333333333333334,-3.1350479167981584,476,0.46008403361344535,1.1459696489846285,7.6330180907085365,34,0.39285714285714285,0.6550488863751499,0.5,-4.3333121636680945,188,0.5,1.156936911546441,3.4104047689967008,32,0.4787234042553192,1.46610163270178,0.6,-2.8431943079531723
QQQ,"cons_m2s1c45,d50ret,d80_front",2,time_asc,0.0,-9.999999999999997e+17,False,False,False,217,0.4930875576036866,1.2632302307465497,5.904416807775851,25,0.22580645161290322,0.7019455822866856,0.8333333333333334,-3.1350479167981593,467,0.4732334047109208,1.1732381197360908,8.695311243407875,33,0.39400428265524623,0.5750225449135729,0.5833333333333334,-3.957721608348036,180,0.4777777777777778,1.0926634000715691,1.954356160338177,31,0.4444444444444444,2.558387310087232,0.4,-2.5780273193825876
QQQ,"cons_m2s1c45,d80_front,d50ret",2,time_asc,-999999.0,-9.999999999999997e+17,False,False,False,218,0.4908256880733945,1.2520642609168238,5.709137514586935,25,0.22935779816513763,0.7259554150881895,0.8333333333333334,-3.088892591314816,476,0.4642857142857143,1.1504028120224736,7.750774406723284,34,0.39705882352941174,0.645096830022924,0.5833333333333334,-4.603025561513928,188,0.5159574468085106,1.1929949524725798,4.063419974970982,32,0.48936170212765956,1.23049057956056,0.8,-2.824665161162504
QQQ,"cons_m2s1c45,d80_front,d50ret",2,time_asc,0.0,-9.999999999999997e+17,False,False,False,217,0.4930875576036866,1.2688708446169055,6.009137514586936,25,0.22580645161290322,0.6897128388452946,0.8333333333333334,-3.088892591314817,467,0.4753747323340471,1.1654147845641967,8.248317457001786,33,0.39828693790149894,0.6061842340652914,0.6666666666666666,-4.261052500223782,180,0.49444444444444446,1.1290706297438624,2.642669185880653,31,0.45555555555555555,1.8920264506485256,0.6,-2.7114728269661397
QQQ,"d50ret,d80_front,cons_m2s2c30",2,time_asc,-999999.0,6.157430598836813,True,False,False,245,0.5224489795918368,1.4049417312163872,9.552054300965944,34,0.19591836734693877,0.5202626083044889,0.6666666666666666,-2.872088571676498,485,0.4577319587628866,1.1881241981074184,9.831592807158472,35,0.4,0.508564593557969,0.5833333333333334,-3.8838656367372675,192,0.484375,1.181168915705714,3.937745758371657,34,0.4947916666666667,1.2697620178677071,0.6,-3.689191078744001
QQQ,"d50ret,d80_front,cons_m2s2c30",2,time_asc,0.0,6.157430598836813,True,False,False,245,0.5224489795918368,1.4049417312163872,9.552054300965944,34,0.19591836734693877,0.5202626083044889,0.6666666666666666,-2.872088571676498,481,0.4677754677754678,1.1923856732679685,9.76510302059593,34,0.40124740124740127,0.5120273682166302,0.6666666666666666,-4.10827508141721,189,0.48148148148148145,1.1846176444154062,3.867320406901152,34,0.4708994708994709,1.2928848592626576,0.6,-3.4026955186945513
QQQ,"d50ret,cons_m2s2c30,d80_front",2,time_asc,-999999.0,6.337586414676891,True,False,False,245,0.5142857142857142,1.4316607150048604,10.397956080409426,34,0.19591836734693877,0.47793784151961655,0.6666666666666666,-2.559991942083651,485,0.44948453608247424,1.1479554783941186,8.12719733586406,35,0.4,0.6152182349425399,0.4166666666666667,-4.376121323670079,192,0.5,1.1998141146559644,4.434766135808321,34,0.4947916666666667,1.1274551682957357,0.8,-3.603500121702443
QQQ,"d50ret,cons_m2s2c30,d80_front",2,time_asc,0.0,6.337586414676891,True,False,False,245,0.5142857142857142,1.4316607150048604,10.397956080409426,34,0.19591836734693877,0.47793784151961655,0.6666666666666666,-2.559991942083651,481,0.4594594594594595,1.146930027180017,7.888436623134588,34,0.40124740124740127,0.6338391545590152,0.4166666666666667,-4.600530768350021,189,0.4973544973544973,1.198584499710968,4.251092544075718,34,0.4708994708994709,1.1761682316156472,0.8,-3.27531077417024
QQQ,"d80_front,d50ret,cons_m2s2c30",2,time_asc,-999999.0,6.31521068030918,True,False,False,245,0.5183673469387755,1.4063931365404931,9.555442662664682,34,0.19591836734693877,0.520078123089361,0.8333333333333334,-2.9272655913055026,485,0.46804123711340206,1.1971954233897015,9.886481015092428,35,0.4041237113402062,0.5057411218781626,0.6666666666666666,-4.079183310620202,192,0.484375,1.1418985930952785,3.045157754359267,34,0.4947916666666667,1.6419510591338977,0.6,-3.5419800720392414
QQQ,"d80_front,d50ret,cons_m2s2c30",2,time_asc,0.0,6.31521068030918,True,False,False,245,0.5183673469387755,1.4063931365404931,9.555442662664682,34,0.19591836734693877,0.520078123089361,0.8333333333333334,-2.9272655913055026,481,0.47401247401247404,1.1952100405117507,9.615555498130902,34,0.40540540540540543,0.5199907588253132,0.75,-4.303592755300144,189,0.47619047619047616,1.1478722136582928,3.0761289668167637,34,0.4708994708994709,1.625419497666281,0.6,-3.2129954880239935
QQQ,"d80_front,cons_m2s2c30,d50ret",2,time_asc,-999999.0,6.367540140724034,True,False,False,245,0.5183673469387755,1.4290218438772058,9.890011443253934,34,0.2,0.5024844221668162,0.8333333333333334,-2.9732972844754837,485,0.46804123711340206,1.1841010459837749,9.215238731424005,35,0.4020618556701031,0.5425795408804742,0.5833333333333334,-4.0729824913204205,192,0.4947916666666667,1.2585538866561452,5.378962787708829,34,0.5,0.9295472375130059,0.8,-2.935882138850312
QQQ,"d80_front,cons_m2s2c30,d50ret",2,time_asc,0.0,6.367540140724034,True,False,False,245,0.5183673469387755,1.4290218438772058,9.890011443253934,34,0.2,0.5024844221668162,0.8333333333333334,-2.9732972844754837,481,0.4760914760914761,1.1884508941868472,9.305073801588035,34,0.40332640332640335,0.537341251301702,0.6666666666666666,-4.297391936000363,189,0.48677248677248675,1.2373655445062846,4.809413600314448,34,0.47619047619047616,1.0396277832443213,0.8,-2.8543290602616245
QQQ,"cons_m2s2c30,d50ret,d80_front",2,time_asc,-999999.0,6.552432859434454,True,False,False,245,0.5142857142857142,1.4506072153245089,10.646912128335948,34,0.2,0.4667622523210746,0.8333333333333334,-2.559991942083651,485,0.45979381443298967,1.1611802622890632,8.667608400405864,35,0.4,0.5768603943581337,0.4166666666666667,-4.044621701832698,192,0.5052083333333334,1.2206076493021136,4.83142247477786,34,0.4895833333333333,1.0348919031821764,0.6,-2.827026541116666
QQQ,"cons_m2s2c30,d50ret,d80_front",2,time_asc,0.0,6.552432859434454,True,False,False,245,0.5142857142857142,1.4506072153245089,10.646912128335948,34,0.2,0.4667622523210746,0.8333333333333334,-2.559991942083651,481,0.4698544698544699,1.1707722098678157,9.029901553105201,34,0.40124740124740127,0.5537158927586093,0.4166666666666667,-4.26903114651264,189,0.4973544973544973,1.198450066072675,4.226575467815282,34,0.4656084656084656,1.1829908250956893,0.6,-2.632449462787491
QQQ,"cons_m2s2c30,d80_front,d50ret",2,time_asc,-999999.0,6.570239918780945,True,False,False,245,0.5142857142857142,1.456606271553453,10.751632835147031,34,0.2,0.462215996535999,0.8333333333333334,-2.559991942083651,485,0.4618556701030928,1.1702746462442708,9.061678877558732,35,0.4,0.5517741323169718,0.4166666666666667,-4.044621701832698,192,0.5208333333333334,1.2584072868549598,5.484437680752141,34,0.5,0.9116704922270711,0.8,-2.8084973943259994
QQQ,"cons_m2s2c30,d80_front,d50ret",2,time_asc,0.0,6.570239918780945,True,False,False,245,0.5142857142857142,1.456606271553453,10.751632835147031,34,0.2,0.462215996535999,0.8333333333333334,-2.559991942083651,481,0.4698544698544699,1.1679504342733513,8.859221927837236,34,0.40124740124740127,0.5643836491203724,0.4166666666666667,-4.26903114651264,189,0.5132275132275133,1.2376453656808803,4.914888493357758,34,0.47619047619047616,1.0173170778456655,0.8,-2.6324494627874904
QQQ,"d50ret,d80_front,cons_m3allc30",2,time_asc,-999999.0,6.157430598836813,True,False,False,245,0.5224489795918368,1.4049417312163872,9.552054300965944,34,0.19591836734693877,0.5202626083044889,0.6666666666666666,-2.872088571676498,485,0.4577319587628866,1.1881241981074184,9.831592807158472,35,0.4,0.508564593557969,0.5833333333333334,-3.8838656367372675,192,0.484375,1.181168915705714,3.937745758371657,34,0.4947916666666667,1.2697620178677071,0.6,-3.689191078744001
QQQ,"d50ret,d80_front,cons_m3allc30",2,time_asc,0.0,6.157430598836813,True,False,False,245,0.5224489795918368,1.4049417312163872,9.552054300965944,34,0.19591836734693877,0.5202626083044889,0.6666666666666666,-2.872088571676498,481,0.4677754677754678,1.1923856732679685,9.76510302059593,34,0.40124740124740127,0.5120273682166302,0.6666666666666666,-4.10827508141721,189,0.48148148148148145,1.1846176444154062,3.867320406901152,34,0.4708994708994709,1.2928848592626576,0.6,-3.4026955186945513
QQQ,"d50ret,cons_m3allc30,d80_front",2,time_asc,-999999.0,6.337586414676891,True,False,False,245,0.5142857142857142,1.4316607150048604,10.397956080409426,34,0.19591836734693877,0.47793784151961655,0.6666666666666666,-2.559991942083651,485,0.44948453608247424,1.1479554783941186,8.12719733586406,35,0.4,0.6152182349425399,0.4166666666666667,-4.376121323670079,192,0.5,1.1998141146559644,4.434766135808321,34,0.4947916666666667,1.1274551682957357,0.8,-3.603500121702443
QQQ,"d50ret,cons_m3allc30,d80_front",2,time_asc,0.0,6.337586414676891,True,False,False,245,0.5142857142857142,1.4316607150048604,10.397956080409426,34,0.19591836734693877,0.47793784151961655,0.6666666666666666,-2.559991942083651,481,0.4594594594594595,1.146930027180017,7.888436623134588,34,0.40124740124740127,0.6338391545590152,0.4166666666666667,-4.600530768350021,189,0.4973544973544973,1.198584499710968,4.251092544075718,34,0.4708994708994709,1.1761682316156472,0.8,-3.27531077417024
QQQ,"d80_front,d50ret,cons_m3allc30",2,time_asc,-999999.0,6.31521068030918,True,False,False,245,0.5183673469387755,1.4063931365404931,9.555442662664682,34,0.19591836734693877,0.520078123089361,0.8333333333333334,-2.9272655913055026,485,0.46804123711340206,1.1971954233897015,9.886481015092428,35,0.4041237113402062,0.5057411218781626,0.6666666666666666,-4.079183310620202,192,0.484375,1.1418985930952785,3.045157754359267,34,0.4947916666666667,1.6419510591338977,0.6,-3.5419800720392414
QQQ,"d80_front,d50ret,cons_m3allc30",2,time_asc,0.0,6.31521068030918,True,False,False,245,0.5183673469387755,1.4063931365404931,9.555442662664682,34,0.19591836734693877,0.520078123089361,0.8333333333333334,-2.9272655913055026,481,0.47401247401247404,1.1952100405117507,9.615555498130902,34,0.40540540540540543,0.5199907588253132,0.75,-4.303592755300144,189,0.47619047619047616,1.1478722136582928,3.0761289668167637,34,0.4708994708994709,1.625419497666281,0.6,-3.2129954880239935
QQQ,"d80_front,cons_m3allc30,d50ret",2,time_asc,-999999.0,6.367540140724034,True,False,False,245,0.5183673469387755,1.4290218438772058,9.890011443253934,34,0.2,0.5024844221668162,0.8333333333333334,-2.9732972844754837,485,0.46804123711340206,1.1841010459837749,9.215238731424005,35,0.4020618556701031,0.5425795408804742,0.5833333333333334,-4.0729824913204205,192,0.4947916666666667,1.2585538866561452,5.378962787708829,34,0.5,0.9295472375130059,0.8,-2.935882138850312
QQQ,"d80_front,cons_m3allc30,d50ret",2,time_asc,0.0,6.367540140724034,True,False,False,245,0.5183673469387755,1.4290218438772058,9.890011443253934,34,0.2,0.5024844221668162,0.8333333333333334,-2.9732972844754837,481,0.4760914760914761,1.1884508941868472,9.305073801588035,34,0.40332640332640335,0.537341251301702,0.6666666666666666,-4.297391936000363,189,0.48677248677248675,1.2373655445062846,4.809413600314448,34,0.47619047619047616,1.0396277832443213,0.8,-2.8543290602616245
QQQ,"cons_m3allc30,d50ret,d80_front",2,time_asc,-999999.0,6.552432859434454,True,False,False,245,0.5142857142857142,1.4506072153245089,10.646912128335948,34,0.2,0.4667622523210746,0.8333333333333334,-2.559991942083651,485,0.45979381443298967,1.1611802622890632,8.667608400405864,35,0.4,0.5768603943581337,0.4166666666666667,-4.044621701832698,192,0.5052083333333334,1.2206076493021136,4.83142247477786,34,0.4895833333333333,1.0348919031821764,0.6,-2.827026541116666
QQQ,"cons_m3allc30,d50ret,d80_front",2,time_asc,0.0,6.552432859434454,True,False,False,245,0.5142857142857142,1.4506072153245089,10.646912128335948,34,0.2,0.4667622523210746,0.8333333333333334,-2.559991942083651,481,0.4698544698544699,1.1707722098678157,9.029901553105201,34,0.40124740124740127,0.5537158927586093,0.4166666666666667,-4.26903114651264,189,0.4973544973544973,1.198450066072675,4.226575467815282,34,0.4656084656084656,1.1829908250956893,0.6,-2.632449462787491
QQQ,"cons_m3allc30,d80_front,d50ret",2,time_asc,-999999.0,6.570239918780945,True,False,False,245,0.5142857142857142,1.456606271553453,10.751632835147031,34,0.2,0.462215996535999,0.8333333333333334,-2.559991942083651,485,0.4618556701030928,1.1702746462442708,9.061678877558732,35,0.4,0.5517741323169718,0.4166666666666667,-4.044621701832698,192,0.5208333333333334,1.2584072868549598,5.484437680752141,34,0.5,0.9116704922270711,0.8,-2.8084973943259994
QQQ,"cons_m3allc30,d80_front,d50ret",2,time_asc,0.0,6.570239918780945,True,False,False,245,0.5142857142857142,1.456606271553453,10.751632835147031,34,0.2,0.462215996535999,0.8333333333333334,-2.559991942083651,481,0.4698544698544699,1.1679504342733513,8.859221927837236,34,0.40124740124740127,0.5643836491203724,0.4166666666666667,-4.26903114651264,189,0.5132275132275133,1.2376453656808803,4.914888493357758,34,0.47619047619047616,1.0173170778456655,0.8,-2.6324494627874904
QQQ,"d50ret,d80_front,cons_m3s2c30",2,time_asc,-999999.0,6.157430598836813,True,False,False,245,0.5224489795918368,1.4049417312163872,9.552054300965944,34,0.19591836734693877,0.5202626083044889,0.6666666666666666,-2.872088571676498,485,0.4577319587628866,1.1881241981074184,9.831592807158472,35,0.4,0.508564593557969,0.5833333333333334,-3.8838656367372675,192,0.484375,1.181168915705714,3.937745758371657,34,0.4947916666666667,1.2697620178677071,0.6,-3.689191078744001
QQQ,"d50ret,d80_front,cons_m3s2c30",2,time_asc,0.0,6.157430598836813,True,False,False,245,0.5224489795918368,1.4049417312163872,9.552054300965944,34,0.19591836734693877,0.5202626083044889,0.6666666666666666,-2.872088571676498,481,0.4677754677754678,1.1923856732679685,9.76510302059593,34,0.40124740124740127,0.5120273682166302,0.6666666666666666,-4.10827508141721,189,0.48148148148148145,1.1846176444154062,3.867320406901152,34,0.4708994708994709,1.2928848592626576,0.6,-3.4026955186945513
QQQ,"d50ret,cons_m3s2c30,d80_front",2,time_asc,-999999.0,6.337586414676891,True,False,False,245,0.5142857142857142,1.4316607150048604,10.397956080409426,34,0.19591836734693877,0.47793784151961655,0.6666666666666666,-2.559991942083651,485,0.44948453608247424,1.1479554783941186,8.12719733586406,35,0.4,0.6152182349425399,0.4166666666666667,-4.376121323670079,192,0.5,1.1998141146559644,4.434766135808321,34,0.4947916666666667,1.1274551682957357,0.8,-3.603500121702443
QQQ,"d50ret,cons_m3s2c30,d80_front",2,time_asc,0.0,6.337586414676891,True,False,False,245,0.5142857142857142,1.4316607150048604,10.397956080409426,34,0.19591836734693877,0.47793784151961655,0.6666666666666666,-2.559991942083651,481,0.4594594594594595,1.146930027180017,7.888436623134588,34,0.40124740124740127,0.6338391545590152,0.4166666666666667,-4.600530768350021,189,0.4973544973544973,1.198584499710968,4.251092544075718,34,0.4708994708994709,1.1761682316156472,0.8,-3.27531077417024
QQQ,"d80_front,d50ret,cons_m3s2c30",2,time_asc,-999999.0,6.31521068030918,True,False,False,245,0.5183673469387755,1.4063931365404931,9.555442662664682,34,0.19591836734693877,0.520078123089361,0.8333333333333334,-2.9272655913055026,485,0.46804123711340206,1.1971954233897015,9.886481015092428,35,0.4041237113402062,0.5057411218781626,0.6666666666666666,-4.079183310620202,192,0.484375,1.1418985930952785,3.045157754359267,34,0.4947916666666667,1.6419510591338977,0.6,-3.5419800720392414
QQQ,"d80_front,d50ret,cons_m3s2c30",2,time_asc,0.0,6.31521068030918,True,False,False,245,0.5183673469387755,1.4063931365404931,9.555442662664682,34,0.19591836734693877,0.520078123089361,0.8333333333333334,-2.9272655913055026,481,0.47401247401247404,1.1952100405117507,9.615555498130902,34,0.40540540540540543,0.5199907588253132,0.75,-4.303592755300144,189,0.47619047619047616,1.1478722136582928,3.0761289668167637,34,0.4708994708994709,1.625419497666281,0.6,-3.2129954880239935
QQQ,"d80_front,cons_m3s2c30,d50ret",2,time_asc,-999999.0,6.367540140724034,True,False,False,245,0.5183673469387755,1.4290218438772058,9.890011443253934,34,0.2,0.5024844221668162,0.8333333333333334,-2.9732972844754837,485,0.46804123711340206,1.1841010459837749,9.215238731424005,35,0.4020618556701031,0.5425795408804742,0.5833333333333334,-4.0729824913204205,192,0.4947916666666667,1.2585538866561452,5.378962787708829,34,0.5,0.9295472375130059,0.8,-2.935882138850312
QQQ,"d80_front,cons_m3s2c30,d50ret",2,time_asc,0.0,6.367540140724034,True,False,False,245,0.5183673469387755,1.4290218438772058,9.890011443253934,34,0.2,0.5024844221668162,0.8333333333333334,-2.9732972844754837,481,0.4760914760914761,1.1884508941868472,9.305073801588035,34,0.40332640332640335,0.537341251301702,0.6666666666666666,-4.297391936000363,189,0.48677248677248675,1.2373655445062846,4.809413600314448,34,0.47619047619047616,1.0396277832443213,0.8,-2.8543290602616245
QQQ,"cons_m3s2c30,d50ret,d80_front",2,time_asc,-999999.0,6.552432859434454,True,False,False,245,0.5142857142857142,1.4506072153245089,10.646912128335948,34,0.2,0.4667622523210746,0.8333333333333334,-2.559991942083651,485,0.45979381443298967,1.1611802622890632,8.667608400405864,35,0.4,0.5768603943581337,0.4166666666666667,-4.044621701832698,192,0.5052083333333334,1.2206076493021136,4.83142247477786,34,0.4895833333333333,1.0348919031821764,0.6,-2.827026541116666
QQQ,"cons_m3s2c30,d50ret,d80_front",2,time_asc,0.0,6.552432859434454,True,False,False,245,0.5142857142857142,1.4506072153245089,10.646912128335948,34,0.2,0.4667622523210746,0.8333333333333334,-2.559991942083651,481,0.4698544698544699,1.1707722098678157,9.029901553105201,34,0.40124740124740127,0.5537158927586093,0.4166666666666667,-4.26903114651264,189,0.4973544973544973,1.198450066072675,4.226575467815282,34,0.4656084656084656,1.1829908250956893,0.6,-2.632449462787491
QQQ,"cons_m3s2c30,d80_front,d50ret",2,time_asc,-999999.0,6.570239918780945,True,False,False,245,0.5142857142857142,1.456606271553453,10.751632835147031,34,0.2,0.462215996535999,0.8333333333333334,-2.559991942083651,485,0.4618556701030928,1.1702746462442708,9.061678877558732,35,0.4,0.5517741323169718,0.4166666666666667,-4.044621701832698,192,0.5208333333333334,1.2584072868549598,5.484437680752141,34,0.5,0.9116704922270711,0.8,-2.8084973943259994
QQQ,"cons_m3s2c30,d80_front,d50ret",2,time_asc,0.0,6.570239918780945,True,False,False,245,0.5142857142857142,1.456606271553453,10.751632835147031,34,0.2,0.462215996535999,0.8333333333333334,-2.559991942083651,481,0.4698544698544699,1.1679504342733513,8.859221927837236,34,0.40124740124740127,0.5643836491203724,0.4166666666666667,-4.26903114651264,189,0.5132275132275133,1.2376453656808803,4.914888493357758,34,0.47619047619047616,1.0173170778456655,0.8,-2.6324494627874904
QQQ,"d50ret,d80_zero,cons_m2s1c45",2,time_asc,-999999.0,-9.999999999999997e+17,False,False,False,202,0.4405940594059406,1.0577123670299629,1.6006068081908167,25,0.23267326732673269,3.1238152770645495,0.6666666666666666,-4.611701405792382,438,0.4474885844748858,1.1278443376689038,7.5617798685486814,19,0.3675799086757991,0.6612199888013456,0.5833333333333334,-4.180464107977547,184,0.42391304347826086,0.9515087303670021,-1.3080246367040487,29,0.4891304347826087,,0.4,-4.140923280487915
QQQ,"d50ret,d80_zero,cons_m2s1c45",2,time_asc,0.0,-9.999999999999997e+17,False,False,False,202,0.44554455445544555,1.0579737347096376,1.6081005714852177,25,0.22772277227722773,3.1092582694514403,0.6666666666666666,-4.604207642497981,416,0.4567307692307692,1.1418681660732395,7.695928391890976,19,0.37259615384615385,0.6496941948249396,0.5833333333333334,-4.699784434672498,169,0.46745562130177515,1.1542648724231304,3.349364647488475,25,0.4970414201183432,1.4582409939982854,0.6,-2.5603531543614877
QQQ,"d50ret,cons_m2s1c45,d80_zero",2,time_asc,-999999.0,-9.999999999999997e+17,False,False,False,202,0.4405940594059406,1.0651491536602367,1.8068601976125105,25,0.23267326732673269,2.767231248220939,0.6666666666666666,-4.660125803818491,438,0.4497716894977169,1.1360465235360961,7.995029625896224,19,0.3698630136986301,0.6253885518828846,0.5833333333333334,-3.8286712870772632,184,0.43478260869565216,0.9470708378158006,-1.3967318707775909,29,0.4891304347826087,,0.4,-4.140923280487915
QQQ,"d50ret,cons_m2s1c45,d80_zero",2,time_asc,0.0,-9.999999999999997e+17,False,False,False,202,0.4504950495049505,1.0795789938501221,2.183522912215931,25,0.23267326732673269,2.2898775057623686,0.6666666666666666,-4.28346308921507,416,0.4567307692307692,1.1418681660732395,7.695928391890976,19,0.37259615384615385,0.6496941948249396,0.5833333333333334,-4.699784434672498,169,0.46745562130177515,1.1213077844207935,2.615919919011928,25,0.4970414201183432,1.8670987583829166,0.6,-2.729168150637001
QQQ,"d80_zero,d50ret,cons_m2s1c45",2,time_asc,-999999.0,-9.999999999999997e+17,False,False,False,202,0.44554455445544555,1.0624148772061057,1.7188776100846477,25,0.23267326732673269,2.908874937147951,0.6666666666666666,-4.367660102834686,438,0.4452054794520548,1.1139797248542112,6.757531201326862,19,0.365296803652968,0.7399151925511249,0.5833333333333334,-4.3732145826903,184,0.42934782608695654,0.9896114214835395,-0.2769909620248421,29,0.483695652173913,,0.4,-3.4786923805108363
QQQ,"d80_zero,d50ret,cons_m2s1c45",2,time_asc,0.0,-9.999999999999997e+17,False,False,False,202,0.4504950495049505,1.0649705587295695,1.7856810448490814,25,0.22772277227722773,2.8000521226468975,0.6666666666666666,-4.300856668070253,416,0.4543269230769231,1.1207758674592385,6.577871584063404,19,0.3701923076923077,0.7601242949336064,0.5833333333333334,-4.699784434672493,169,0.48520710059171596,1.2492893213764251,5.229190841917381,25,0.5029585798816568,0.9561708782781115,0.8,-2.5603531543614877
QQQ,"d80_zero,cons_m2s1c45,d50ret",2,time_asc,-999999.0,-9.999999999999997e+17,False,False,False,202,0.44554455445544555,1.0791485114454002,2.139635852245015,25,0.2376237623762376,2.336846241734894,0.6666666666666666,-4.453272835497418,438,0.4589041095890411,1.1325747206163426,7.623983638537672,19,0.363013698630137,0.6558251220170551,0.5833333333333334,-3.8679039631688203,184,0.45652173913043476,1.0329443449677502,0.8285487914064515,29,0.5217391304347826,6.034647629516858,0.6,-3.4984217976539167
QQQ,"d80_zero,cons_m2s1c45,d50ret",2,time_asc,0.0,-9.999999999999997e+17,False,False,True,202,0.4504950495049505,1.0817863296125882,2.2064392870094482,25,0.23267326732673269,2.266094530421851,0.6666666666666666,-4.3864694007329845,416,0.46634615384615385,1.1427048985899393,7.6203392014298394,19,0.36778846153846156,0.6561387712323655,0.5833333333333334,-4.689980230996074,169,0.5029585798816568,1.3085813032473472,6.097837403790398,25,0.5384615384615384,0.8199628276234481,0.8,-2.577640580817883
QQQ,"cons_m2s1c45,d50ret,d80_zero",2,time_asc,-999999.0,-9.999999999999997e+17,False,False,False,202,0.44554455445544555,1.0893650306802871,2.411707218547999,25,0.24257425742574257,2.0732201494219176,0.6666666666666666,-4.435879256642235,438,0.4611872146118721,1.1485453378186952,8.509689242206747,19,0.3675799086757991,0.5875655218055168,0.5833333333333334,-3.867903963168825,184,0.44021739130434784,0.9334438488166653,-1.7339152007940717,29,0.4891304347826087,,0.4,-4.42528446763924
QQQ,"cons_m2s1c45,d50ret,d80_zero",2,time_asc,0.0,-9.999999999999997e+17,False,False,False,202,0.4504950495049505,1.0920282534036518,2.478510653312433,25,0.2376237623762376,2.0173405320318856,0.6666666666666666,-4.369075821877803,416,0.46875,1.1643084853049714,8.738396009257412,19,0.3701923076923077,0.5721873893908018,0.5833333333333334,-4.689980230996074,169,0.46745562130177515,1.1131742571701204,2.4401363212322864,25,0.4911242603550296,2.0016016278753495,0.6,-2.577640580817883
QQQ,"cons_m2s1c45,d80_zero,d50ret",2,time_asc,-999999.0,-9.999999999999997e+17,False,False,False,202,0.44554455445544555,1.0875100761655419,2.365675525378018,25,0.24257425742574257,2.113561199057946,0.6666666666666666,-4.481910949812217,438,0.4611872146118721,1.1489050572687112,8.558237042814197,19,0.363013698630137,0.5842324739296839,0.5833333333333334,-3.867903963168825,184,0.45652173913043476,1.0141157911523595,0.35275632530127865,29,0.5271739130434783,14.174090275290313,0.6,-4.42528446763924
QQQ,"cons_m2s1c45,d80_zero,d50ret",2,time_asc,0.0,-9.999999999999997e+17,False,False,False,202,0.4504950495049505,1.0901649672307727,2.4324789601424515,25,0.2376237623762376,2.055516237520586,0.6666666666666666,-4.415107515047784,416,0.46875,1.1602149991785167,8.550755511057929,19,0.36778846153846156,0.5847436514275196,0.5833333333333334,-4.689980230996074,169,0.4911242603550296,1.2319879612563707,4.723478514390572,25,0.5325443786982249,1.0431048308459645,0.8,-2.577640580817883
QQQ,"d50ret,d80_zero,cons_m2s2c30",2,time_asc,-999999.0,-9.999999999999997e+17,False,False,False,238,0.4831932773109244,1.2546485531686034,7.418854879322176,34,0.19747899159663865,0.6739584587287176,0.8333333333333334,-3.4178939445829744,461,0.4511930585683297,1.131217686205666,8.083465646578532,29,0.3752711496746204,0.6185465762591986,0.5833333333333334,-4.9719310192433905,191,0.4397905759162304,1.0037690135185062,0.10221248887401657,34,0.4973821989528796,48.917701301284424,0.4,-3.496377896761313
QQQ,"d50ret,d80_zero,cons_m2s2c30",2,time_asc,0.0,-9.999999999999997e+17,False,False,False,238,0.48739495798319327,1.2548688117850062,7.426348642616578,34,0.19327731092436976,0.6732783822331179,0.8333333333333334,-3.410400181288573,449,0.46325167037861914,1.1616065297358487,9.253339035357595,27,0.38084632516703787,0.5403454883577359,0.5,-5.531177218420261,181,0.4861878453038674,1.2428907094558304,5.320815352044597,30,0.4861878453038674,0.9179384191446329,0.6,-2.607727348756268
QQQ,"d50ret,cons_m2s2c30,d80_zero",2,time_asc,-999999.0,-9.999999999999997e+17,False,False,False,238,0.4831932773109244,1.261728099548294,7.625108268743869,34,0.19747899159663865,0.6557283941128459,0.8333333333333334,-3.466318342609083,461,0.45336225596529284,1.1391119644000087,8.516715403926074,29,0.3774403470715835,0.587080789114437,0.5833333333333334,-4.6201381983431045,191,0.450261780104712,1.0062378452429293,0.16456910542946712,34,0.5026178010471204,30.382373331566516,0.4,-3.3453140461323176
QQQ,"d50ret,cons_m2s2c30,d80_zero",2,time_asc,0.0,-9.999999999999997e+17,False,False,False,238,0.49159663865546216,1.2774738693918115,8.001770983347289,34,0.19747899159663865,0.6248616725479449,0.8333333333333334,-3.0896556280056635,449,0.46325167037861914,1.1616065297358489,9.253339035357596,27,0.38084632516703787,0.5403454883577358,0.5,-5.531177218420261,181,0.4861878453038674,1.210828733872229,4.58737062356805,30,0.4861878453038674,1.0647015978441705,0.6,-3.488629667822713
QQQ,"d80_zero,d50ret,cons_m2s2c30",2,time_asc,-999999.0,-9.999999999999997e+17,False,False,False,238,0.48739495798319327,1.2604483421876382,7.537125681216008,34,0.19747899159663865,0.6633828612492132,0.8333333333333334,-3.1738526416252775,461,0.4490238611713666,1.1213045556693009,7.466857477556196,29,0.3752711496746204,0.669625744836961,0.5833333333333334,-5.0869564058045516,191,0.44502617801047123,1.0422730727876939,1.1332461635532223,34,0.49214659685863876,4.41210406071247,0.4,-2.9941469634056324
QQQ,"d80_zero,d50ret,cons_m2s2c30",2,time_asc,0.0,-9.999999999999997e+17,False,False,True,238,0.49159663865546216,1.2632578654731246,7.603929115980442,34,0.19327731092436976,0.6575547882859644,0.8333333333333334,-3.107049206860845,449,0.4610244988864143,1.145284097324489,8.322922725729509,27,0.38084632516703787,0.6007505013284558,0.5,-5.531177218420261,181,0.5027624309392266,1.3401209339922382,7.200641546473502,30,0.49171270718232046,0.6943825724040851,0.8,-1.7496573407341351
QQQ,"d80_zero,cons_m2s2c30,d50ret",2,time_asc,-999999.0,-9.999999999999997e+17,False,False,False,238,0.48739495798319327,1.2798851974191305,7.957883923376374,34,0.20168067226890757,0.6283077320734025,0.8333333333333334,-3.259465374288009,461,0.4598698481561822,1.1340277902214915,7.995068924608573,29,0.3752711496746204,0.6253854778675085,0.5833333333333334,-4.613937379043321,191,0.4712041884816754,1.0885081683147964,2.238785916984515,34,0.5287958115183246,2.2333533376584054,0.6,-3.0138763805487128
QQQ,"d80_zero,cons_m2s2c30,d50ret",2,time_asc,0.0,-9.999999999999997e+17,False,False,True,238,0.49159663865546216,1.2827825835064306,8.024687358140808,34,0.19747899159663865,0.6230772336479437,0.8333333333333334,-3.1926619395235765,449,0.46993318485523383,1.1550820446537404,8.743010688206656,27,0.37861915367483295,0.5718853811701776,0.5833333333333334,-5.771058523400493,181,0.5193370165745856,1.4262327170854567,8.375211980993774,30,0.5248618784530387,0.5969998146132556,0.8,-1.9039415063965852
QQQ,"cons_m2s2c30,d50ret,d80_zero",2,time_asc,-999999.0,-9.999999999999997e+17,False,False,False,238,0.48739495798319327,1.28783519507536,8.183923596509377,34,0.20588235294117646,0.6109538952847274,0.8333333333333334,-3.288103488602809,461,0.46203904555314534,1.1458097381016317,8.693134030078166,29,0.3774403470715835,0.5751665604947588,0.5833333333333334,-4.613937379043323,191,0.45549738219895286,0.9933726091023786,-0.17261422458701325,34,0.5026178010471204,,0.4,-3.629675233283644
QQQ,"cons_m2s2c30,d50ret,d80_zero",2,time_asc,0.0,-9.999999999999997e+17,False,False,False,238,0.49159663865546216,1.2907480131725042,8.250727031273811,34,0.20168067226890757,0.6060072016742094,0.8333333333333334,-3.2213000538383763,449,0.47216035634743875,1.1716732407764532,9.673426997834744,27,0.37861915367483295,0.5168799021400768,0.5833333333333334,-5.771058523400493,181,0.4861878453038674,1.2199368544676923,4.7175108984356635,30,0.48066298342541436,1.035330058153319,0.6,-2.572871266462347
QQQ,"cons_m2s2c30,d80_zero,d50ret",2,time_asc,-999999.0,-9.999999999999997e+17,False,False,False,238,0.48739495798319327,1.28783519507536,8.183923596509377,34,0.20588235294117646,0.6109538952847274,0.8333333333333334,-3.288103488602809,461,0.46203904555314534,1.149771319031197,8.9293223288851,29,0.3752711496746204,0.5599529074928458,0.5833333333333334,-4.613937379043323,191,0.4712041884816754,1.0766117704619749,1.9140573015083362,34,0.5392670157068062,2.612251992696272,0.6,-3.629675233283644
QQQ,"cons_m2s2c30,d80_zero,d50ret",2,time_asc,0.0,-9.999999999999997e+17,False,False,True,238,0.49159663865546216,1.2907480131725042,8.250727031273811,34,0.20168067226890757,0.6060072016742094,0.8333333333333334,-3.2213000538383763,449,0.47216035634743875,1.1716732407764532,9.673426997834742,27,0.37861915367483295,0.516879902140077,0.5833333333333334,-5.771058523400493,181,0.5082872928176796,1.3457315913182093,7.000853091593949,30,0.5193370165745856,0.7037832664527646,0.8,-1.9039415063965852
QQQ,"d50ret,d80_zero,cons_m3allc30",2,time_asc,-999999.0,-9.999999999999997e+17,False,False,False,238,0.4831932773109244,1.2546485531686034,7.418854879322176,34,0.19747899159663865,0.6739584587287176,0.8333333333333334,-3.4178939445829744,461,0.4511930585683297,1.131217686205666,8.083465646578532,29,0.3752711496746204,0.6185465762591986,0.5833333333333334,-4.9719310192433905,191,0.4397905759162304,1.0037690135185062,0.10221248887401657,34,0.4973821989528796,48.917701301284424,0.4,-3.496377896761313
QQQ,"d50ret,d80_zero,cons_m3allc30",2,time_asc,0.0,-9.999999999999997e+17,False,False,False,238,0.48739495798319327,1.2548688117850062,7.426348642616578,34,0.19327731092436976,0.6732783822331179,0.8333333333333334,-3.410400181288573,449,0.46325167037861914,1.1616065297358487,9.253339035357595,27,0.38084632516703787,0.5403454883577359,0.5,-5.531177218420261,183,0.4918032786885246,1.2551333674165375,5.5890056116601325,31,0.4918032786885246,0.8738908443080873,0.6,-2.486456521032376
QQQ,"d50ret,cons_m3allc30,d80_zero",2,time_asc,-999999.0,-9.999999999999997e+17,False,False,False,238,0.4831932773109244,1.261728099548294,7.625108268743869,34,0.19747899159663865,0.6557283941128459,0.8333333333333334,-3.466318342609083,461,0.45336225596529284,1.1391119644000087,8.516715403926074,29,0.3774403470715835,0.587080789114437,0.5833333333333334,-4.6201381983431045,191,0.450261780104712,1.0062378452429293,0.16456910542946712,34,0.5026178010471204,30.382373331566516,0.4,-3.3453140461323176
QQQ,"d50ret,cons_m3allc30,d80_zero",2,time_asc,0.0,-9.999999999999997e+17,False,False,False,238,0.49159663865546216,1.2774738693918115,8.001770983347289,34,0.19747899159663865,0.6248616725479449,0.8333333333333334,-3.0896556280056635,449,0.46325167037861914,1.1616065297358489,9.253339035357596,27,0.38084632516703787,0.5403454883577358,0.5,-5.531177218420261,183,0.4918032786885246,1.2231543594890295,4.8555608831835855,31,0.4918032786885246,1.0058942623357572,0.6,-3.3673588400988206
QQQ,"d80_zero,d50ret,cons_m3allc30",2,time_asc,-999999.0,-9.999999999999997e+17,False,False,False,238,0.48739495798319327,1.2604483421876382,7.537125681216008,34,0.19747899159663865,0.6633828612492132,0.8333333333333334,-3.1738526416252775,461,0.4490238611713666,1.1213045556693009,7.466857477556196,29,0.3752711496746204,0.669625744836961,0.5833333333333334,-5.0869564058045516,191,0.44502617801047123,1.0422730727876939,1.1332461635532223,34,0.49214659685863876,4.41210406071247,0.4,-2.9941469634056324
QQQ,"d80_zero,d50ret,cons_m3allc30",2,time_asc,0.0,-9.999999999999997e+17,False,False,True,238,0.49159663865546216,1.2632578654731246,7.603929115980442,34,0.19327731092436976,0.6575547882859644,0.8333333333333334,-3.107049206860845,449,0.4610244988864143,1.145284097324489,8.322922725729509,27,0.38084632516703787,0.6007505013284558,0.5,-5.531177218420261,183,0.5081967213114754,1.3527888498993605,7.468831806089037,31,0.4972677595628415,0.6694487343956121,0.8,-1.7496573407341351
QQQ,"d80_zero,cons_m3allc30,d50ret",2,time_asc,-999999.0,-9.999999999999997e+17,False,False,False,238,0.48739495798319327,1.2798851974191305,7.957883923376374,34,0.20168067226890757,0.6283077320734025,0.8333333333333334,-3.259465374288009,461,0.4598698481561822,1.1340277902214915,7.995068924608573,29,0.3752711496746204,0.6253854778675085,0.5833333333333334,-4.613937379043321,191,0.4712041884816754,1.0885081683147964,2.238785916984515,34,0.5287958115183246,2.2333533376584054,0.6,-3.0138763805487128
QQQ,"d80_zero,cons_m3allc30,d50ret",2,time_asc,0.0,-9.999999999999997e+17,False,False,True,238,0.49159663865546216,1.2827825835064306,8.024687358140808,34,0.19747899159663865,0.6230772336479437,0.8333333333333334,-3.1926619395235765,449,0.46993318485523383,1.1550820446537404,8.743010688206656,27,0.37861915367483295,0.5718853811701776,0.5833333333333334,-5.771058523400493,183,0.5245901639344263,1.4398815015354738,8.643402240609309,31,0.5300546448087432,0.5784759127035062,0.8,-1.9039415063965852
QQQ,"cons_m3allc30,d50ret,d80_zero",2,time_asc,-999999.0,-9.999999999999997e+17,False,False,False,238,0.48739495798319327,1.28783519507536,8.183923596509377,34,0.20588235294117646,0.6109538952847274,0.8333333333333334,-3.288103488602809,461,0.46203904555314534,1.1458097381016317,8.693134030078166,29,0.3774403470715835,0.5751665604947588,0.5833333333333334,-4.613937379043323,191,0.45549738219895286,0.9933726091023786,-0.17261422458701325,34,0.5026178010471204,,0.4,-3.629675233283644
QQQ,"cons_m3allc30,d50ret,d80_zero",2,time_asc,0.0,-9.999999999999997e+17,False,False,False,238,0.49159663865546216,1.2907480131725042,8.250727031273811,34,0.20168067226890757,0.6060072016742094,0.8333333333333334,-3.2213000538383763,449,0.47216035634743875,1.1716732407764532,9.673426997834744,27,0.37861915367483295,0.5168799021400768,0.5833333333333334,-5.771058523400493,183,0.4918032786885246,1.232440253689997,4.985701158051199,31,0.48633879781420764,0.979637703501152,0.6,-2.4516004387384553
QQQ,"cons_m3allc30,d80_zero,d50ret",2,time_asc,-999999.0,-9.999999999999997e+17,False,False,False,238,0.48739495798319327,1.28783519507536,8.183923596509377,34,0.20588235294117646,0.6109538952847274,0.8333333333333334,-3.288103488602809,461,0.46203904555314534,1.149771319031197,8.9293223288851,29,0.3752711496746204,0.5599529074928458,0.5833333333333334,-4.613937379043323,191,0.4712041884816754,1.0766117704619749,1.9140573015083362,34,0.5392670157068062,2.612251992696272,0.6,-3.629675233283644
QQQ,"cons_m3allc30,d80_zero,d50ret",2,time_asc,0.0,-9.999999999999997e+17,False,False,True,238,0.49159663865546216,1.2907480131725042,8.250727031273811,34,0.20168067226890757,0.6060072016742094,0.8333333333333334,-3.2213000538383763,449,0.47216035634743875,1.1716732407764532,9.673426997834742,27,0.37861915367483295,0.516879902140077,0.5833333333333334,-5.771058523400493,183,0.5136612021857924,1.3589759551149951,7.2690433512094845,31,0.5245901639344263,0.6778172888373427,0.8,-1.9039415063965852
QQQ,"d50ret,d80_zero,cons_m3s2c30",2,time_asc,-999999.0,-9.999999999999997e+17,False,False,False,238,0.4831932773109244,1.2546485531686034,7.418854879322176,34,0.19747899159663865,0.6739584587287176,0.8333333333333334,-3.4178939445829744,461,0.4511930585683297,1.131217686205666,8.083465646578532,29,0.3752711496746204,0.6185465762591986,0.5833333333333334,-4.9719310192433905,191,0.4397905759162304,1.0037690135185062,0.10221248887401657,34,0.4973821989528796,48.917701301284424,0.4,-3.496377896761313
QQQ,"d50ret,d80_zero,cons_m3s2c30",2,time_asc,0.0,-9.999999999999997e+17,False,False,False,238,0.48739495798319327,1.2548688117850062,7.426348642616578,34,0.19327731092436976,0.6732783822331179,0.8333333333333334,-3.410400181288573,449,0.46325167037861914,1.1616065297358487,9.253339035357595,27,0.38084632516703787,0.5403454883577359,0.5,-5.531177218420261,182,0.489010989010989,1.2484266199194087,5.442086179768489,30,0.489010989010989,0.8974831841093865,0.6,-2.486456521032376
QQQ,"d50ret,cons_m3s2c30,d80_zero",2,time_asc,-999999.0,-9.999999999999997e+17,False,False,False,238,0.4831932773109244,1.261728099548294,7.625108268743869,34,0.19747899159663865,0.6557283941128459,0.8333333333333334,-3.466318342609083,461,0.45336225596529284,1.1391119644000087,8.516715403926074,29,0.3774403470715835,0.587080789114437,0.5833333333333334,-4.6201381983431045,191,0.450261780104712,1.0062378452429293,0.16456910542946712,34,0.5026178010471204,30.382373331566516,0.4,-3.3453140461323176
QQQ,"d50ret,cons_m3s2c30,d80_zero",2,time_asc,0.0,-9.999999999999997e+17,False,False,False,238,0.49159663865546216,1.2774738693918115,8.001770983347289,34,0.19747899159663865,0.6248616725479449,0.8333333333333334,-3.0896556280056635,449,0.46325167037861914,1.1616065297358489,9.253339035357596,27,0.38084632516703787,0.5403454883577358,0.5,-5.531177218420261,182,0.489010989010989,1.216402160822585,4.708641451291942,30,0.489010989010989,1.0372802608438587,0.6,-3.3673588400988206
QQQ,"d80_zero,d50ret,cons_m3s2c30",2,time_asc,-999999.0,-9.999999999999997e+17,False,False,False,238,0.48739495798319327,1.2604483421876382,7.537125681216008,34,0.19747899159663865,0.6633828612492132,0.8333333333333334,-3.1738526416252775,461,0.4490238611713666,1.1213045556693009,7.466857477556196,29,0.3752711496746204,0.669625744836961,0.5833333333333334,-5.0869564058045516,191,0.44502617801047123,1.0422730727876939,1.1332461635532223,34,0.49214659685863876,4.41210406071247,0.4,-2.9941469634056324
QQQ,"d80_zero,d50ret,cons_m3s2c30",2,time_asc,0.0,-9.999999999999997e+17,False,False,True,238,0.49159663865546216,1.2632578654731246,7.603929115980442,34,0.19327731092436976,0.6575547882859644,0.8333333333333334,-3.107049206860845,449,0.4610244988864143,1.145284097324489,8.322922725729509,27,0.38084632516703787,0.6007505013284558,0.5,-5.531177218420261,182,0.5054945054945055,1.3458491384758597,7.321912374197394,30,0.4945054945054945,0.6828817041870273,0.8,-1.7496573407341351
QQQ,"d80_zero,cons_m3s2c30,d50ret",2,time_asc,-999999.0,-9.999999999999997e+17,False,False,False,238,0.48739495798319327,1.2798851974191305,7.957883923376374,34,0.20168067226890757,0.6283077320734025,0.8333333333333334,-3.259465374288009,461,0.4598698481561822,1.1340277902214915,7.995068924608573,29,0.3752711496746204,0.6253854778675085,0.5833333333333334,-4.613937379043321,191,0.4712041884816754,1.0885081683147964,2.238785916984515,34,0.5287958115183246,2.2333533376584054,0.6,-3.0138763805487128
QQQ,"d80_zero,cons_m3s2c30,d50ret",2,time_asc,0.0,-9.999999999999997e+17,False,False,True,238,0.49159663865546216,1.2827825835064306,8.024687358140808,34,0.19747899159663865,0.6230772336479437,0.8333333333333334,-3.1926619395235765,449,0.46993318485523383,1.1550820446537404,8.743010688206656,27,0.37861915367483295,0.5718853811701776,0.5833333333333334,-5.771058523400493,182,0.521978021978022,1.432404452740776,8.496482808717666,30,0.5274725274725275,0.5884787991178937,0.8,-1.9039415063965852
QQQ,"cons_m3s2c30,d50ret,d80_zero",2,time_asc,-999999.0,-9.999999999999997e+17,False,False,False,238,0.48739495798319327,1.28783519507536,8.183923596509377,34,0.20588235294117646,0.6109538952847274,0.8333333333333334,-3.288103488602809,461,0.46203904555314534,1.1458097381016317,8.693134030078166,29,0.3774403470715835,0.5751665604947588,0.5833333333333334,-4.613937379043323,191,0.45549738219895286,0.9933726091023786,-0.17261422458701325,34,0.5026178010471204,,0.4,-3.629675233283644
QQQ,"cons_m3s2c30,d50ret,d80_zero",2,time_asc,0.0,-9.999999999999997e+17,False,False,False,238,0.49159663865546216,1.2907480131725042,8.250727031273811,34,0.20168067226890757,0.6060072016742094,0.8333333333333334,-3.2213000538383763,449,0.47216035634743875,1.1716732407764532,9.673426997834744,27,0.37861915367483295,0.5168799021400768,0.5833333333333334,-5.771058523400493,182,0.489010989010989,1.2255906674556245,4.838781726159556,30,0.4835164835164835,1.0093823423386339,0.6,-2.451600438738455
QQQ,"cons_m3s2c30,d80_zero,d50ret",2,time_asc,-999999.0,-9.999999999999997e+17,False,False,False,238,0.48739495798319327,1.28783519507536,8.183923596509377,34,0.20588235294117646,0.6109538952847274,0.8333333333333334,-3.288103488602809,461,0.46203904555314534,1.149771319031197,8.9293223288851,29,0.3752711496746204,0.5599529074928458,0.5833333333333334,-4.613937379043323,191,0.4712041884816754,1.0766117704619749,1.9140573015083362,34,0.5392670157068062,2.612251992696272,0.6,-3.629675233283644
QQQ,"cons_m3s2c30,d80_zero,d50ret",2,time_asc,0.0,-9.999999999999997e+17,False,False,True,238,0.49159663865546216,1.2907480131725042,8.250727031273811,34,0.20168067226890757,0.6060072016742094,0.8333333333333334,-3.2213000538383763,449,0.47216035634743875,1.1716732407764532,9.673426997834742,27,0.37861915367483295,0.516879902140077,0.5833333333333334,-5.771058523400493,182,0.510989010989011,1.3517204552039264,7.122123919317841,30,0.521978021978022,0.6917997092684456,0.8,-1.9039415063965852
QQQ,"d50ret,cons_m2s1c45,cons_m2s2c30",2,time_asc,-999999.0,5.947654500853266,True,False,False,238,0.5,1.316539895673615,8.735730260938553,34,0.20168067226890757,0.5723619950077085,0.8333333333333334,-3.719422006505937,458,0.44759825327510916,1.0980899798087005,5.798259989610837,29,0.39737991266375544,0.8623276653614814,0.5,-5.8986606271274376,191,0.47643979057591623,1.1455010963416727,3.4276975866706763,34,0.5130890052356021,1.4587051143145044,0.6,-3.0401111899792888
QQQ,"d50ret,cons_m2s1c45,cons_m2s2c30",2,time_asc,0.0,6.2054277910061,True,False,False,238,0.5126050420168067,1.3671013322825816,9.912392975541973,34,0.19747899159663865,0.5044190653394286,0.8333333333333334,-3.342759291902518,446,0.45067264573991034,1.0728608585821269,4.173315097715899,27,0.38789237668161436,1.1980883022076514,0.4166666666666667,-5.898660627127437,183,0.4808743169398907,1.169656867946947,3.7141875218705684,31,0.4972677595628415,1.3150065267454512,0.6,-2.5344362411871666
QQQ,"d50ret,cons_m2s2c30,cons_m2s1c45",2,time_asc,-999999.0,5.947654500853266,True,False,False,238,0.5,1.316539895673615,8.735730260938553,34,0.20168067226890757,0.5723619950077085,0.8333333333333334,-3.719422006505937,458,0.44759825327510916,1.0980899798087005,5.798259989610837,29,0.39737991266375544,0.8623276653614814,0.5,-5.8986606271274376,191,0.47643979057591623,1.1455010963416727,3.4276975866706763,34,0.5130890052356021,1.4587051143145044,0.6,-3.0401111899792888
QQQ,"d50ret,cons_m2s2c30,cons_m2s1c45",2,time_asc,0.0,6.2054277910061,True,False,False,238,0.5126050420168067,1.3671013322825816,9.912392975541973,34,0.19747899159663865,0.5044190653394286,0.8333333333333334,-3.342759291902518,446,0.45067264573991034,1.0728608585821269,4.173315097715899,27,0.38789237668161436,1.1980883022076514,0.4166666666666667,-5.898660627127437,183,0.4808743169398907,1.169656867946947,3.7141875218705684,31,0.4972677595628415,1.3150065267454512,0.6,-2.5344362411871666
QQQ,"cons_m2s1c45,d50ret,cons_m2s2c30",2,time_asc,-999999.0,6.093294579720154,True,False,False,238,0.5042016806722689,1.3478734507487995,9.34057728187404,34,0.21008403361344538,0.535298820309833,0.8333333333333334,-3.4951754593296824,458,0.4585152838427948,1.1102955788055668,6.352178367269846,29,0.3951965065502183,0.7871315493536732,0.5,-5.888856423451018,191,0.4816753926701571,1.1364901712004865,3.1919196039059043,34,0.5078534031413613,1.5664554940173225,0.6,-2.3254731423016235
QQQ,"cons_m2s1c45,d50ret,cons_m2s2c30",2,time_asc,0.0,6.240718400650884,True,False,False,238,0.5126050420168067,1.3852507793790692,10.207380716638475,34,0.20168067226890757,0.4898416291899235,0.8333333333333334,-3.42837202456525,446,0.4618834080717489,1.093548625037305,5.255041476430821,27,0.38565022421524664,0.9514672762194746,0.4166666666666667,-5.888856423451015,183,0.48633879781420764,1.1844123424554087,3.981260977120037,31,0.4918032786885246,1.2267924310627403,0.6,-1.8190029570264543
QQQ,"cons_m2s1c45,cons_m2s2c30,d50ret",2,time_asc,-999999.0,6.0765361059579295,True,False,False,238,0.5042016806722689,1.3455666518679363,9.294545588704061,34,0.21008403361344538,0.5379499139879038,0.8333333333333334,-3.5412071524996636,458,0.4585152838427948,1.1097162055355794,6.32737261424232,29,0.3951965065502183,0.7902174101056528,0.5,-5.567161005290065,191,0.4816753926701571,1.1725232858533572,3.979011276768265,34,0.5078534031413613,1.2565935736832035,0.6,-2.1089802582654626
QQQ,"cons_m2s1c45,cons_m2s2c30,d50ret",2,time_asc,0.0,6.223885693827485,True,False,False,238,0.5126050420168067,1.3828482942918794,10.161349023468494,34,0.20168067226890757,0.4920606494720413,0.8333333333333334,-3.474403717735231,446,0.4618834080717489,1.0924691910209836,5.204042748359145,27,0.38565022421524664,0.9607914926480032,0.5,-5.567161005290062,183,0.48633879781420764,1.2014372116824161,4.287184849767292,31,0.4918032786885246,1.139251281194797,0.6,-1.7669447671905303
QQQ,"cons_m2s2c30,d50ret,cons_m2s1c45",2,time_asc,-999999.0,6.0765361059579295,True,False,False,238,0.5042016806722689,1.3455666518679363,9.294545588704061,34,0.21008403361344538,0.5379499139879038,0.8333333333333334,-3.5412071524996636,458,0.4585152838427948,1.1097162055355794,6.32737261424232,29,0.3951965065502183,0.7902174101056528,0.5,-5.567161005290065,191,0.4816753926701571,1.1725232858533572,3.979011276768265,34,0.5078534031413613,1.2565935736832035,0.6,-2.1089802582654626
QQQ,"cons_m2s2c30,d50ret,cons_m2s1c45",2,time_asc,0.0,6.223885693827485,True,False,False,238,0.5126050420168067,1.3828482942918794,10.161349023468494,34,0.20168067226890757,0.4920606494720413,0.8333333333333334,-3.474403717735231,446,0.4618834080717489,1.0924691910209836,5.204042748359145,27,0.38565022421524664,0.9607914926480032,0.5,-5.567161005290062,183,0.48633879781420764,1.2014372116824161,4.287184849767292,31,0.4918032786885246,1.139251281194797,0.6,-1.7669447671905303
QQQ,"cons_m2s2c30,cons_m2s1c45,d50ret",2,time_asc,-999999.0,6.0765361059579295,True,False,False,238,0.5042016806722689,1.3455666518679363,9.294545588704061,34,0.21008403361344538,0.5379499139879038,0.8333333333333334,-3.5412071524996636,458,0.4585152838427948,1.1097162055355794,6.32737261424232,29,0.3951965065502183,0.7902174101056528,0.5,-5.567161005290065,191,0.4816753926701571,1.1725232858533572,3.979011276768265,34,0.5078534031413613,1.2565935736832035,0.6,-2.1089802582654626
QQQ,"cons_m2s2c30,cons_m2s1c45,d50ret",2,time_asc,0.0,6.223885693827485,True,False,False,238,0.5126050420168067,1.3828482942918794,10.161349023468494,34,0.20168067226890757,0.4920606494720413,0.8333333333333334,-3.474403717735231,446,0.4618834080717489,1.0924691910209836,5.204042748359145,27,0.38565022421524664,0.9607914926480032,0.5,-5.567161005290062,183,0.48633879781420764,1.2014372116824161,4.287184849767292,31,0.4918032786885246,1.139251281194797,0.6,-1.7669447671905303
QQQ,"d50ret,cons_m2s1c45,cons_m3allc30",2,time_asc,-999999.0,5.947654500853266,True,False,False,238,0.5,1.316539895673615,8.735730260938553,34,0.20168067226890757,0.5723619950077085,0.8333333333333334,-3.719422006505937,458,0.44759825327510916,1.0980899798087005,5.798259989610837,29,0.39737991266375544,0.8623276653614814,0.5,-5.8986606271274376,191,0.47643979057591623,1.1455010963416727,3.4276975866706763,34,0.5130890052356021,1.4587051143145044,0.6,-3.0401111899792888
QQQ,"d50ret,cons_m2s1c45,cons_m3allc30",2,time_asc,0.0,6.2054277910061,True,False,False,238,0.5126050420168067,1.3671013322825816,9.912392975541973,34,0.19747899159663865,0.5044190653394286,0.8333333333333334,-3.342759291902518,447,0.4519015659955257,1.07312490600126,4.188439172592661,27,0.3870246085011186,1.1937621137529806,0.4166666666666667,-5.898660627127437,184,0.483695652173913,1.176367862076486,3.8611069537622114,32,0.5,1.2649690597296792,0.6,-2.5344362411871653
QQQ,"d50ret,cons_m3allc30,cons_m2s1c45",2,time_asc,-999999.0,5.947654500853266,True,False,False,238,0.5,1.316539895673615,8.735730260938553,34,0.20168067226890757,0.5723619950077085,0.8333333333333334,-3.719422006505937,458,0.44759825327510916,1.0980899798087005,5.798259989610837,29,0.39737991266375544,0.8623276653614814,0.5,-5.8986606271274376,191,0.47643979057591623,1.1455010963416727,3.4276975866706763,34,0.5130890052356021,1.4587051143145044,0.6,-3.0401111899792888
QQQ,"d50ret,cons_m3allc30,cons_m2s1c45",2,time_asc,0.0,6.2054277910061,True,False,False,238,0.5126050420168067,1.3671013322825816,9.912392975541973,34,0.19747899159663865,0.5044190653394286,0.8333333333333334,-3.342759291902518,447,0.4519015659955257,1.07312490600126,4.188439172592661,27,0.3870246085011186,1.1937621137529806,0.4166666666666667,-5.898660627127437,184,0.483695652173913,1.176367862076486,3.8611069537622114,32,0.5,1.2649690597296792,0.6,-2.5344362411871653
QQQ,"cons_m2s1c45,d50ret,cons_m3allc30",2,time_asc,-999999.0,6.093294579720154,True,False,False,238,0.5042016806722689,1.3478734507487995,9.34057728187404,34,0.21008403361344538,0.535298820309833,0.8333333333333334,-3.4951754593296824,458,0.4585152838427948,1.1102955788055668,6.352178367269846,29,0.3951965065502183,0.7871315493536732,0.5,-5.888856423451018,191,0.4816753926701571,1.1364901712004865,3.1919196039059043,34,0.5078534031413613,1.5664554940173225,0.6,-2.3254731423016235
QQQ,"cons_m2s1c45,d50ret,cons_m3allc30",2,time_asc,0.0,6.240718400650884,True,False,False,238,0.5126050420168067,1.3852507793790692,10.207380716638475,34,0.20168067226890757,0.4898416291899235,0.8333333333333334,-3.42837202456525,447,0.46308724832214765,1.0938178591463084,5.270165551307584,27,0.38478747203579416,0.9487367998827754,0.4166666666666667,-5.888856423451015,184,0.4891304347826087,1.1912176628659672,4.128180409011679,32,0.4945652173913043,1.1831316340134526,0.6,-1.8190029570264543
QQQ,"cons_m2s1c45,cons_m3allc30,d50ret",2,time_asc,-999999.0,6.0765361059579295,True,False,False,238,0.5042016806722689,1.3455666518679363,9.294545588704061,34,0.21008403361344538,0.5379499139879038,0.8333333333333334,-3.5412071524996636,458,0.4585152838427948,1.1097162055355794,6.32737261424232,29,0.3951965065502183,0.7902174101056528,0.5,-5.567161005290065,191,0.4816753926701571,1.1725232858533572,3.979011276768265,34,0.5078534031413613,1.2565935736832035,0.6,-2.1089802582654626
QQQ,"cons_m2s1c45,cons_m3allc30,d50ret",2,time_asc,0.0,6.223885693827485,True,False,False,238,0.5126050420168067,1.3828482942918794,10.161349023468494,34,0.20168067226890757,0.4920606494720413,0.8333333333333334,-3.474403717735231,447,0.46308724832214765,1.092737926509222,5.219166823235907,27,0.38478747203579416,0.9580073159838138,0.5,-5.567161005290062,184,0.4891304347826087,1.208340352493763,4.434104281658935,32,0.4945652173913043,1.1015033753308545,0.6,-1.7669447671905303
QQQ,"cons_m3allc30,d50ret,cons_m2s1c45",2,time_asc,-999999.0,6.0765361059579295,True,False,False,238,0.5042016806722689,1.3455666518679363,9.294545588704061,34,0.21008403361344538,0.5379499139879038,0.8333333333333334,-3.5412071524996636,458,0.4585152838427948,1.1097162055355794,6.32737261424232,29,0.3951965065502183,0.7902174101056528,0.5,-5.567161005290065,191,0.4816753926701571,1.1725232858533572,3.979011276768265,34,0.5078534031413613,1.2565935736832035,0.6,-2.1089802582654626
QQQ,"cons_m3allc30,d50ret,cons_m2s1c45",2,time_asc,0.0,6.223885693827485,True,False,False,238,0.5126050420168067,1.3828482942918794,10.161349023468494,34,0.20168067226890757,0.4920606494720413,0.8333333333333334,-3.474403717735231,447,0.46308724832214765,1.092737926509222,5.219166823235907,27,0.38478747203579416,0.9580073159838138,0.5,-5.567161005290062,184,0.4891304347826087,1.208340352493763,4.434104281658935,32,0.4945652173913043,1.1015033753308545,0.6,-1.7669447671905303
QQQ,"cons_m3allc30,cons_m2s1c45,d50ret",2,time_asc,-999999.0,6.0765361059579295,True,False,False,238,0.5042016806722689,1.3455666518679363,9.294545588704061,34,0.21008403361344538,0.5379499139879038,0.8333333333333334,-3.5412071524996636,458,0.4585152838427948,1.1097162055355794,6.32737261424232,29,0.3951965065502183,0.7902174101056528,0.5,-5.567161005290065,191,0.4816753926701571,1.1725232858533572,3.979011276768265,34,0.5078534031413613,1.2565935736832035,0.6,-2.1089802582654626
QQQ,"cons_m3allc30,cons_m2s1c45,d50ret",2,time_asc,0.0,6.223885693827485,True,False,False,238,0.5126050420168067,1.3828482942918794,10.161349023468494,34,0.20168067226890757,0.4920606494720413,0.8333333333333334,-3.474403717735231,447,0.46308724832214765,1.092737926509222,5.219166823235907,27,0.38478747203579416,0.9580073159838138,0.5,-5.567161005290062,184,0.4891304347826087,1.208340352493763,4.434104281658935,32,0.4945652173913043,1.1015033753308545,0.6,-1.7669447671905303
QQQ,"d50ret,cons_m2s1c45,cons_m3s2c30",2,time_asc,-999999.0,5.947654500853266,True,False,False,238,0.5,1.316539895673615,8.735730260938553,34,0.20168067226890757,0.5723619950077085,0.8333333333333334,-3.719422006505937,458,0.44759825327510916,1.0980899798087005,5.798259989610837,29,0.39737991266375544,0.8623276653614814,0.5,-5.8986606271274376,191,0.47643979057591623,1.1455010963416727,3.4276975866706763,34,0.5130890052356021,1.4587051143145044,0.6,-3.0401111899792888
QQQ,"d50ret,cons_m2s1c45,cons_m3s2c30",2,time_asc,0.0,6.2054277910061,True,False,False,238,0.5126050420168067,1.3671013322825816,9.912392975541973,34,0.19747899159663865,0.5044190653394286,0.8333333333333334,-3.342759291902518,446,0.45067264573991034,1.0728608585821269,4.173315097715899,27,0.38789237668161436,1.1980883022076514,0.4166666666666667,-5.898660627127437,183,0.4808743169398907,1.169656867946947,3.7141875218705684,31,0.4972677595628415,1.3150065267454512,0.6,-2.5344362411871666
QQQ,"d50ret,cons_m3s2c30,cons_m2s1c45",2,time_asc,-999999.0,5.947654500853266,True,False,False,238,0.5,1.316539895673615,8.735730260938553,34,0.20168067226890757,0.5723619950077085,0.8333333333333334,-3.719422006505937,458,0.44759825327510916,1.0980899798087005,5.798259989610837,29,0.39737991266375544,0.8623276653614814,0.5,-5.8986606271274376,191,0.47643979057591623,1.1455010963416727,3.4276975866706763,34,0.5130890052356021,1.4587051143145044,0.6,-3.0401111899792888
QQQ,"d50ret,cons_m3s2c30,cons_m2s1c45",2,time_asc,0.0,6.2054277910061,True,False,False,238,0.5126050420168067,1.3671013322825816,9.912392975541973,34,0.19747899159663865,0.5044190653394286,0.8333333333333334,-3.342759291902518,446,0.45067264573991034,1.0728608585821269,4.173315097715899,27,0.38789237668161436,1.1980883022076514,0.4166666666666667,-5.898660627127437,183,0.4808743169398907,1.169656867946947,3.7141875218705684,31,0.4972677595628415,1.3150065267454512,0.6,-2.5344362411871666
QQQ,"cons_m2s1c45,d50ret,cons_m3s2c30",2,time_asc,-999999.0,6.093294579720154,True,False,False,238,0.5042016806722689,1.3478734507487995,9.34057728187404,34,0.21008403361344538,0.535298820309833,0.8333333333333334,-3.4951754593296824,458,0.4585152838427948,1.1102955788055668,6.352178367269846,29,0.3951965065502183,0.7871315493536732,0.5,-5.888856423451018,191,0.4816753926701571,1.1364901712004865,3.1919196039059043,34,0.5078534031413613,1.5664554940173225,0.6,-2.3254731423016235
QQQ,"cons_m2s1c45,d50ret,cons_m3s2c30",2,time_asc,0.0,6.240718400650884,True,False,False,238,0.5126050420168067,1.3852507793790692,10.207380716638475,34,0.20168067226890757,0.4898416291899235,0.8333333333333334,-3.42837202456525,446,0.4618834080717489,1.093548625037305,5.255041476430821,27,0.38565022421524664,0.9514672762194746,0.4166666666666667,-5.888856423451015,183,0.48633879781420764,1.1844123424554087,3.981260977120037,31,0.4918032786885246,1.2267924310627403,0.6,-1.8190029570264543
QQQ,"cons_m2s1c45,cons_m3s2c30,d50ret",2,time_asc,-999999.0,6.0765361059579295,True,False,False,238,0.5042016806722689,1.3455666518679363,9.294545588704061,34,0.21008403361344538,0.5379499139879038,0.8333333333333334,-3.5412071524996636,458,0.4585152838427948,1.1097162055355794,6.32737261424232,29,0.3951965065502183,0.7902174101056528,0.5,-5.567161005290065,191,0.4816753926701571,1.1725232858533572,3.979011276768265,34,0.5078534031413613,1.2565935736832035,0.6,-2.1089802582654626
QQQ,"cons_m2s1c45,cons_m3s2c30,d50ret",2,time_asc,0.0,6.223885693827485,True,False,False,238,0.5126050420168067,1.3828482942918794,10.161349023468494,34,0.20168067226890757,0.4920606494720413,0.8333333333333334,-3.474403717735231,446,0.4618834080717489,1.0924691910209836,5.204042748359145,27,0.38565022421524664,0.9607914926480032,0.5,-5.567161005290062,183,0.48633879781420764,1.2014372116824161,4.287184849767292,31,0.4918032786885246,1.139251281194797,0.6,-1.7669447671905303
QQQ,"cons_m3s2c30,d50ret,cons_m2s1c45",2,time_asc,-999999.0,6.0765361059579295,True,False,False,238,0.5042016806722689,1.3455666518679363,9.294545588704061,34,0.21008403361344538,0.5379499139879038,0.8333333333333334,-3.5412071524996636,458,0.4585152838427948,1.1097162055355794,6.32737261424232,29,0.3951965065502183,0.7902174101056528,0.5,-5.567161005290065,191,0.4816753926701571,1.1725232858533572,3.979011276768265,34,0.5078534031413613,1.2565935736832035,0.6,-2.1089802582654626
QQQ,"cons_m3s2c30,d50ret,cons_m2s1c45",2,time_asc,0.0,6.223885693827485,True,False,False,238,0.5126050420168067,1.3828482942918794,10.161349023468494,34,0.20168067226890757,0.4920606494720413,0.8333333333333334,-3.474403717735231,446,0.4618834080717489,1.0924691910209836,5.204042748359145,27,0.38565022421524664,0.9607914926480032,0.5,-5.567161005290062,183,0.48633879781420764,1.2014372116824161,4.287184849767292,31,0.4918032786885246,1.139251281194797,0.6,-1.7669447671905303
QQQ,"cons_m3s2c30,cons_m2s1c45,d50ret",2,time_asc,-999999.0,6.0765361059579295,True,False,False,238,0.5042016806722689,1.3455666518679363,9.294545588704061,34,0.21008403361344538,0.5379499139879038,0.8333333333333334,-3.5412071524996636,458,0.4585152838427948,1.1097162055355794,6.32737261424232,29,0.3951965065502183,0.7902174101056528,0.5,-5.567161005290065,191,0.4816753926701571,1.1725232858533572,3.979011276768265,34,0.5078534031413613,1.2565935736832035,0.6,-2.1089802582654626
QQQ,"cons_m3s2c30,cons_m2s1c45,d50ret",2,time_asc,0.0,6.223885693827485,True,False,False,238,0.5126050420168067,1.3828482942918794,10.161349023468494,34,0.20168067226890757,0.4920606494720413,0.8333333333333334,-3.474403717735231,446,0.4618834080717489,1.0924691910209836,5.204042748359145,27,0.38565022421524664,0.9607914926480032,0.5,-5.567161005290062,183,0.48633879781420764,1.2014372116824161,4.287184849767292,31,0.4918032786885246,1.139251281194797,0.6,-1.7669447671905303
QQQ,"d50ret,cons_m2s2c30,cons_m3allc30",2,time_asc,-999999.0,5.932436357768272,True,False,False,238,0.49159663865546216,1.3145524788595873,8.60929761817535,34,0.19327731092436976,0.5807674704431576,0.8333333333333334,-3.719422006505937,458,0.44541484716157204,1.0765004857370153,4.545019642521892,29,0.3930131004366812,1.1001052565805092,0.5,-5.898660627127437,191,0.4869109947643979,1.1958862932514134,4.5238706873850445,34,0.5026178010471204,1.10524821453068,0.6,-3.0401111899792896
QQQ,"d50ret,cons_m2s2c30,cons_m3allc30",2,time_asc,0.0,6.067837642243436,True,False,False,238,0.5,1.331901071024123,8.98596033277877,34,0.19327731092436976,0.556423555728498,0.8333333333333334,-3.342759291902518,447,0.44966442953020136,1.0588496747237075,3.388439172592661,27,0.3870246085011186,1.4756056536125612,0.4166666666666667,-5.898660627127437,183,0.48633879781420764,1.1790983855034558,3.9158251686053545,31,0.48633879781420764,1.247292875068741,0.6,-3.3079670778916292
QQQ,"d50ret,cons_m3allc30,cons_m2s2c30",2,time_asc,-999999.0,5.932436357768272,True,False,False,238,0.49159663865546216,1.3145524788595873,8.60929761817535,34,0.19327731092436976,0.5807674704431576,0.8333333333333334,-3.719422006505937,458,0.44541484716157204,1.0765004857370153,4.545019642521892,29,0.3930131004366812,1.1001052565805092,0.5,-5.898660627127437,191,0.4869109947643979,1.1958862932514134,4.5238706873850445,34,0.5026178010471204,1.10524821453068,0.6,-3.0401111899792896
QQQ,"d50ret,cons_m3allc30,cons_m2s2c30",2,time_asc,0.0,6.067837642243436,True,False,False,238,0.5,1.331901071024123,8.98596033277877,34,0.19327731092436976,0.556423555728498,0.8333333333333334,-3.342759291902518,447,0.44966442953020136,1.0588496747237075,3.388439172592661,27,0.3870246085011186,1.4756056536125612,0.4166666666666667,-5.898660627127437,183,0.48633879781420764,1.1790983855034558,3.9158251686053545,31,0.48633879781420764,1.247292875068741,0.6,-3.3079670778916292
QQQ,"cons_m2s2c30,d50ret,cons_m3allc30",2,time_asc,-999999.0,6.061600030662147,True,False,False,238,0.4957983193277311,1.3437746897048313,9.168112945940859,34,0.20168067226890757,0.54536849943736,0.8333333333333334,-3.5412071524996636,458,0.45633187772925765,1.0875297761063347,5.0741322671533755,29,0.39082969432314413,0.9853901587009745,0.5,-5.56716100529006,191,0.49214659685863876,1.22456460781477,5.075184377482633,34,0.4973821989528796,0.9851858825432613,0.6,-2.108980258265463
QQQ,"cons_m2s2c30,d50ret,cons_m3allc30",2,time_asc,0.0,6.0857618775955,True,False,False,238,0.5,1.3469963236330116,9.234916380705291,34,0.19747899159663865,0.5414234188894885,0.8333333333333334,-3.474403717735231,447,0.4608501118568233,1.0781065922718105,4.419166823235908,27,0.38478747203579416,1.1314349966853663,0.5,-5.56716100529006,183,0.4918032786885246,1.2111916528657425,4.488822496502079,31,0.4808743169398907,1.088076179582132,0.6,-2.392208676531265
QQQ,"cons_m2s2c30,cons_m3allc30,d50ret",2,time_asc,-999999.0,6.061600030662147,True,False,False,238,0.4957983193277311,1.3437746897048313,9.168112945940859,34,0.20168067226890757,0.54536849943736,0.8333333333333334,-3.5412071524996636,458,0.45633187772925765,1.0875297761063347,5.0741322671533755,29,0.39082969432314413,0.9853901587009745,0.5,-5.56716100529006,191,0.49214659685863876,1.22456460781477,5.075184377482633,34,0.4973821989528796,0.9851858825432613,0.6,-2.108980258265463
QQQ,"cons_m2s2c30,cons_m3allc30,d50ret",2,time_asc,0.0,6.0857618775955,True,False,False,238,0.5,1.3469963236330116,9.234916380705291,34,0.19747899159663865,0.5414234188894885,0.8333333333333334,-3.474403717735231,447,0.4608501118568233,1.0781065922718105,4.419166823235908,27,0.38478747203579416,1.1314349966853663,0.5,-5.56716100529006,183,0.4918032786885246,1.2111916528657425,4.488822496502079,31,0.4808743169398907,1.088076179582132,0.6,-2.392208676531265
QQQ,"cons_m3allc30,d50ret,cons_m2s2c30",2,time_asc,-999999.0,6.061600030662147,True,False,False,238,0.4957983193277311,1.3437746897048313,9.168112945940859,34,0.20168067226890757,0.54536849943736,0.8333333333333334,-3.5412071524996636,458,0.45633187772925765,1.0875297761063347,5.0741322671533755,29,0.39082969432314413,0.9853901587009745,0.5,-5.56716100529006,191,0.49214659685863876,1.22456460781477,5.075184377482633,34,0.4973821989528796,0.9851858825432613,0.6,-2.108980258265463
QQQ,"cons_m3allc30,d50ret,cons_m2s2c30",2,time_asc,0.0,6.0857618775955,True,False,False,238,0.5,1.3469963236330116,9.234916380705291,34,0.19747899159663865,0.5414234188894885,0.8333333333333334,-3.474403717735231,447,0.4608501118568233,1.0781065922718105,4.419166823235908,27,0.38478747203579416,1.1314349966853663,0.5,-5.56716100529006,183,0.4918032786885246,1.2111916528657425,4.488822496502079,31,0.4808743169398907,1.088076179582132,0.6,-2.392208676531265
QQQ,"cons_m3allc30,cons_m2s2c30,d50ret",2,time_asc,-999999.0,6.061600030662147,True,False,False,238,0.4957983193277311,1.3437746897048313,9.168112945940859,34,0.20168067226890757,0.54536849943736,0.8333333333333334,-3.5412071524996636,458,0.45633187772925765,1.0875297761063347,5.0741322671533755,29,0.39082969432314413,0.9853901587009745,0.5,-5.56716100529006,191,0.49214659685863876,1.22456460781477,5.075184377482633,34,0.4973821989528796,0.9851858825432613,0.6,-2.108980258265463
QQQ,"cons_m3allc30,cons_m2s2c30,d50ret",2,time_asc,0.0,6.0857618775955,True,False,False,238,0.5,1.3469963236330116,9.234916380705291,34,0.19747899159663865,0.5414234188894885,0.8333333333333334,-3.474403717735231,447,0.4608501118568233,1.0781065922718105,4.419166823235908,27,0.38478747203579416,1.1314349966853663,0.5,-5.56716100529006,183,0.4918032786885246,1.2111916528657425,4.488822496502079,31,0.4808743169398907,1.088076179582132,0.6,-2.392208676531265
QQQ,"d50ret,cons_m2s2c30,cons_m3s2c30",2,time_asc,-999999.0,5.932436357768272,True,False,False,238,0.49159663865546216,1.3145524788595873,8.60929761817535,34,0.19327731092436976,0.5807674704431576,0.8333333333333334,-3.719422006505937,458,0.44541484716157204,1.0765004857370153,4.545019642521892,29,0.3930131004366812,1.1001052565805092,0.5,-5.898660627127437,191,0.4869109947643979,1.1958862932514134,4.5238706873850445,34,0.5026178010471204,1.10524821453068,0.6,-3.0401111899792896
QQQ,"d50ret,cons_m2s2c30,cons_m3s2c30",2,time_asc,0.0,6.067837642243436,True,False,False,238,0.5,1.331901071024123,8.98596033277877,34,0.19327731092436976,0.556423555728498,0.8333333333333334,-3.342759291902518,446,0.4484304932735426,1.0585870030800215,3.373315097715899,27,0.38789237668161436,1.4822214513507923,0.4166666666666667,-5.898660627127437,182,0.4835164835164835,1.172378720575144,3.7689057367137107,30,0.4835164835164835,1.295914828868886,0.6,-3.3079670778916297
QQQ,"d50ret,cons_m3s2c30,cons_m2s2c30",2,time_asc,-999999.0,5.932436357768272,True,False,False,238,0.49159663865546216,1.3145524788595873,8.60929761817535,34,0.19327731092436976,0.5807674704431576,0.8333333333333334,-3.719422006505937,458,0.44541484716157204,1.0765004857370153,4.545019642521892,29,0.3930131004366812,1.1001052565805092,0.5,-5.898660627127437,191,0.4869109947643979,1.1958862932514134,4.5238706873850445,34,0.5026178010471204,1.10524821453068,0.6,-3.0401111899792896
QQQ,"d50ret,cons_m3s2c30,cons_m2s2c30",2,time_asc,0.0,6.067837642243436,True,False,False,238,0.5,1.331901071024123,8.98596033277877,34,0.19327731092436976,0.556423555728498,0.8333333333333334,-3.342759291902518,446,0.4484304932735426,1.0585870030800215,3.373315097715899,27,0.38789237668161436,1.4822214513507923,0.4166666666666667,-5.898660627127437,182,0.4835164835164835,1.172378720575144,3.7689057367137107,30,0.4835164835164835,1.295914828868886,0.6,-3.3079670778916297
QQQ,"cons_m2s2c30,d50ret,cons_m3s2c30",2,time_asc,-999999.0,6.061600030662147,True,False,False,238,0.4957983193277311,1.3437746897048313,9.168112945940859,34,0.20168067226890757,0.54536849943736,0.8333333333333334,-3.5412071524996636,458,0.45633187772925765,1.0875297761063347,5.0741322671533755,29,0.39082969432314413,0.9853901587009745,0.5,-5.56716100529006,191,0.49214659685863876,1.22456460781477,5.075184377482633,34,0.4973821989528796,0.9851858825432613,0.6,-2.108980258265463
QQQ,"cons_m2s2c30,d50ret,cons_m3s2c30",2,time_asc,0.0,6.0857618775955,True,False,False,238,0.5,1.3469963236330116,9.234916380705291,34,0.19747899159663865,0.5414234188894885,0.8333333333333334,-3.474403717735231,446,0.45964125560538116,1.0778392817137032,4.404042748359144,27,0.38565022421524664,1.1353204965739485,0.5,-5.56716100529006,182,0.489010989010989,1.2042793372900051,4.341903064610435,30,0.47802197802197804,1.1248940292163179,0.6,-2.392208676531265
QQQ,"cons_m2s2c30,cons_m3s2c30,d50ret",2,time_asc,-999999.0,6.061600030662147,True,False,False,238,0.4957983193277311,1.3437746897048313,9.168112945940859,34,0.20168067226890757,0.54536849943736,0.8333333333333334,-3.5412071524996636,458,0.45633187772925765,1.0875297761063347,5.0741322671533755,29,0.39082969432314413,0.9853901587009745,0.5,-5.56716100529006,191,0.49214659685863876,1.22456460781477,5.075184377482633,34,0.4973821989528796,0.9851858825432613,0.6,-2.108980258265463
QQQ,"cons_m2s2c30,cons_m3s2c30,d50ret",2,time_asc,0.0,6.0857618775955,True,False,False,238,0.5,1.3469963236330116,9.234916380705291,34,0.19747899159663865,0.5414234188894885,0.8333333333333334,-3.474403717735231,446,0.45964125560538116,1.0778392817137032,4.404042748359144,27,0.38565022421524664,1.1353204965739485,0.5,-5.56716100529006,182,0.489010989010989,1.2042793372900051,4.341903064610435,30,0.47802197802197804,1.1248940292163179,0.6,-2.392208676531265
QQQ,"cons_m3s2c30,d50ret,cons_m2s2c30",2,time_asc,-999999.0,6.061600030662147,True,False,False,238,0.4957983193277311,1.3437746897048313,9.168112945940859,34,0.20168067226890757,0.54536849943736,0.8333333333333334,-3.5412071524996636,458,0.45633187772925765,1.0875297761063347,5.0741322671533755,29,0.39082969432314413,0.9853901587009745,0.5,-5.56716100529006,191,0.49214659685863876,1.22456460781477,5.075184377482633,34,0.4973821989528796,0.9851858825432613,0.6,-2.108980258265463
QQQ,"cons_m3s2c30,d50ret,cons_m2s2c30",2,time_asc,0.0,6.0857618775955,True,False,False,238,0.5,1.3469963236330116,9.234916380705291,34,0.19747899159663865,0.5414234188894885,0.8333333333333334,-3.474403717735231,446,0.45964125560538116,1.0778392817137032,4.404042748359144,27,0.38565022421524664,1.1353204965739485,0.5,-5.56716100529006,182,0.489010989010989,1.2042793372900051,4.341903064610435,30,0.47802197802197804,1.1248940292163179,0.6,-2.392208676531265
QQQ,"cons_m3s2c30,cons_m2s2c30,d50ret",2,time_asc,-999999.0,6.061600030662147,True,False,False,238,0.4957983193277311,1.3437746897048313,9.168112945940859,34,0.20168067226890757,0.54536849943736,0.8333333333333334,-3.5412071524996636,458,0.45633187772925765,1.0875297761063347,5.0741322671533755,29,0.39082969432314413,0.9853901587009745,0.5,-5.56716100529006,191,0.49214659685863876,1.22456460781477,5.075184377482633,34,0.4973821989528796,0.9851858825432613,0.6,-2.108980258265463
QQQ,"cons_m3s2c30,cons_m2s2c30,d50ret",2,time_asc,0.0,6.0857618775955,True,False,False,238,0.5,1.3469963236330116,9.234916380705291,34,0.19747899159663865,0.5414234188894885,0.8333333333333334,-3.474403717735231,446,0.45964125560538116,1.0778392817137032,4.404042748359144,27,0.38565022421524664,1.1353204965739485,0.5,-5.56716100529006,182,0.489010989010989,1.2042793372900051,4.341903064610435,30,0.47802197802197804,1.1248940292163179,0.6,-2.392208676531265
QQQ,"d50ret,cons_m3allc30,cons_m3s2c30",2,time_asc,-999999.0,5.932436357768272,True,False,False,238,0.49159663865546216,1.3145524788595873,8.60929761817535,34,0.19327731092436976,0.5807674704431576,0.8333333333333334,-3.719422006505937,458,0.44541484716157204,1.0765004857370153,4.545019642521892,29,0.3930131004366812,1.1001052565805092,0.5,-5.898660627127437,191,0.4869109947643979,1.1958862932514134,4.5238706873850445,34,0.5026178010471204,1.10524821453068,0.6,-3.0401111899792896
QQQ,"d50ret,cons_m3allc30,cons_m3s2c30",2,time_asc,0.0,6.067837642243436,True,False,False,238,0.5,1.331901071024123,8.98596033277877,34,0.19327731092436976,0.556423555728498,0.8333333333333334,-3.342759291902518,447,0.44966442953020136,1.0588496747237075,3.388439172592661,27,0.3870246085011186,1.4756056536125612,0.4166666666666667,-5.898660627127437,183,0.48633879781420764,1.1790983855034558,3.9158251686053545,31,0.48633879781420764,1.247292875068741,0.6,-3.3079670778916292
QQQ,"d50ret,cons_m3s2c30,cons_m3allc30",2,time_asc,-999999.0,5.932436357768272,True,False,False,238,0.49159663865546216,1.3145524788595873,8.60929761817535,34,0.19327731092436976,0.5807674704431576,0.8333333333333334,-3.719422006505937,458,0.44541484716157204,1.0765004857370153,4.545019642521892,29,0.3930131004366812,1.1001052565805092,0.5,-5.898660627127437,191,0.4869109947643979,1.1958862932514134,4.5238706873850445,34,0.5026178010471204,1.10524821453068,0.6,-3.0401111899792896
QQQ,"d50ret,cons_m3s2c30,cons_m3allc30",2,time_asc,0.0,6.067837642243436,True,False,False,238,0.5,1.331901071024123,8.98596033277877,34,0.19327731092436976,0.556423555728498,0.8333333333333334,-3.342759291902518,447,0.44966442953020136,1.0588496747237075,3.388439172592661,27,0.3870246085011186,1.4756056536125612,0.4166666666666667,-5.898660627127437,183,0.48633879781420764,1.1790983855034558,3.9158251686053545,31,0.48633879781420764,1.247292875068741,0.6,-3.3079670778916292
QQQ,"cons_m3allc30,d50ret,cons_m3s2c30",2,time_asc,-999999.0,6.061600030662147,True,False,False,238,0.4957983193277311,1.3437746897048313,9.168112945940859,34,0.20168067226890757,0.54536849943736,0.8333333333333334,-3.5412071524996636,458,0.45633187772925765,1.0875297761063347,5.0741322671533755,29,0.39082969432314413,0.9853901587009745,0.5,-5.56716100529006,191,0.49214659685863876,1.22456460781477,5.075184377482633,34,0.4973821989528796,0.9851858825432613,0.6,-2.108980258265463
QQQ,"cons_m3allc30,d50ret,cons_m3s2c30",2,time_asc,0.0,6.0857618775955,True,False,False,238,0.5,1.3469963236330116,9.234916380705291,34,0.19747899159663865,0.5414234188894885,0.8333333333333334,-3.474403717735231,447,0.4608501118568233,1.0781065922718105,4.419166823235908,27,0.38478747203579416,1.1314349966853663,0.5,-5.56716100529006,183,0.4918032786885246,1.2111916528657425,4.488822496502079,31,0.4808743169398907,1.088076179582132,0.6,-2.392208676531265
QQQ,"cons_m3allc30,cons_m3s2c30,d50ret",2,time_asc,-999999.0,6.061600030662147,True,False,False,238,0.4957983193277311,1.3437746897048313,9.168112945940859,34,0.20168067226890757,0.54536849943736,0.8333333333333334,-3.5412071524996636,458,0.45633187772925765,1.0875297761063347,5.0741322671533755,29,0.39082969432314413,0.9853901587009745,0.5,-5.56716100529006,191,0.49214659685863876,1.22456460781477,5.075184377482633,34,0.4973821989528796,0.9851858825432613,0.6,-2.108980258265463
QQQ,"cons_m3allc30,cons_m3s2c30,d50ret",2,time_asc,0.0,6.0857618775955,True,False,False,238,0.5,1.3469963236330116,9.234916380705291,34,0.19747899159663865,0.5414234188894885,0.8333333333333334,-3.474403717735231,447,0.4608501118568233,1.0781065922718105,4.419166823235908,27,0.38478747203579416,1.1314349966853663,0.5,-5.56716100529006,183,0.4918032786885246,1.2111916528657425,4.488822496502079,31,0.4808743169398907,1.088076179582132,0.6,-2.392208676531265
QQQ,"cons_m3s2c30,d50ret,cons_m3allc30",2,time_asc,-999999.0,6.061600030662147,True,False,False,238,0.4957983193277311,1.3437746897048313,9.168112945940859,34,0.20168067226890757,0.54536849943736,0.8333333333333334,-3.5412071524996636,458,0.45633187772925765,1.0875297761063347,5.0741322671533755,29,0.39082969432314413,0.9853901587009745,0.5,-5.56716100529006,191,0.49214659685863876,1.22456460781477,5.075184377482633,34,0.4973821989528796,0.9851858825432613,0.6,-2.108980258265463
QQQ,"cons_m3s2c30,d50ret,cons_m3allc30",2,time_asc,0.0,6.0857618775955,True,False,False,238,0.5,1.3469963236330116,9.234916380705291,34,0.19747899159663865,0.5414234188894885,0.8333333333333334,-3.474403717735231,447,0.4608501118568233,1.0781065922718105,4.419166823235908,27,0.38478747203579416,1.1314349966853663,0.5,-5.56716100529006,183,0.4918032786885246,1.2111916528657425,4.488822496502079,31,0.4808743169398907,1.088076179582132,0.6,-2.392208676531265
QQQ,"cons_m3s2c30,cons_m3allc30,d50ret",2,time_asc,-999999.0,6.061600030662147,True,False,False,238,0.4957983193277311,1.3437746897048313,9.168112945940859,34,0.20168067226890757,0.54536849943736,0.8333333333333334,-3.5412071524996636,458,0.45633187772925765,1.0875297761063347,5.0741322671533755,29,0.39082969432314413,0.9853901587009745,0.5,-5.56716100529006,191,0.49214659685863876,1.22456460781477,5.075184377482633,34,0.4973821989528796,0.9851858825432613,0.6,-2.108980258265463
QQQ,"cons_m3s2c30,cons_m3allc30,d50ret",2,time_asc,0.0,6.0857618775955,True,False,False,238,0.5,1.3469963236330116,9.234916380705291,34,0.19747899159663865,0.5414234188894885,0.8333333333333334,-3.474403717735231,447,0.4608501118568233,1.0781065922718105,4.419166823235908,27,0.38478747203579416,1.1314349966853663,0.5,-5.56716100529006,183,0.4918032786885246,1.2111916528657425,4.488822496502079,31,0.4808743169398907,1.088076179582132,0.6,-2.392208676531265
QQQ,"d65ret,d65win,d80",2,time_asc,-999999.0,5.985734169285186,True,False,False,250,0.484,1.341403304419187,9.89746455756595,38,0.204,0.5051798842944918,0.8333333333333334,-4.380253997515569,439,0.4533029612756264,1.1466683335672125,7.741394734040626,20,0.4145785876993166,0.6458784459102561,0.5833333333333334,-3.6301206183848365,192,0.4739583333333333,1.0967094560649429,2.3538561330395744,34,0.578125,2.045405455523543,0.6,-3.454286107295471
QQQ,"d65ret,d65win,d80",2,time_asc,0.0,-9.999999999999997e+17,False,False,False,250,0.476,1.2929246022357994,8.766166318453799,38,0.204,0.5703747588583186,0.8333333333333334,-4.380253997515569,432,0.4583333333333333,1.1640725121374753,8.555469368971258,16,0.4050925925925926,0.5844214717352462,0.6666666666666666,-4.058135474472457,190,0.48947368421052634,1.1250999678812235,2.9829476776808996,34,0.5473684210526316,1.6761943353586621,0.6,-3.454286107295471
QQQ,"d65ret,d80,d65win",2,time_asc,-999999.0,5.800654272433701,True,False,False,250,0.472,1.3045954458565907,9.016874439744209,38,0.204,0.5545158728130011,0.8333333333333334,-4.62767887970217,439,0.44874715261959,1.1425846600167808,7.5067140789430695,20,0.4145785876993166,0.6660703934395741,0.5833333333333334,-3.273373072358284,192,0.46875,1.0945034133242175,2.308859069077013,34,0.5729166666666666,2.060686797156243,0.6,-3.771192211883328
QQQ,"d65ret,d80,d65win",2,time_asc,0.0,-9.999999999999997e+17,False,False,False,250,0.468,1.2772061779046155,8.45315195594424,38,0.204,0.5914953411530725,0.8333333333333334,-4.62767887970217,432,0.46296296296296297,1.1793883490208423,9.241269847703261,16,0.4050925925925926,0.5410511847830797,0.6666666666666666,-3.384605757737833,190,0.4789473684210526,1.116280625540634,2.8023276977423293,34,0.5421052631578948,1.7842310176744163,0.6,-3.771192211883328
QQQ,"d65win,d65ret,d80",2,time_asc,-999999.0,5.985734169285186,True,False,False,250,0.484,1.3414033044191869,9.89746455756595,38,0.204,0.5051798842944918,0.8333333333333334,-4.380253997515569,439,0.4533029612756264,1.1468493951399235,7.749727760361678,20,0.4123006833712984,0.6451839541479134,0.5833333333333334,-3.6301206183848365,192,0.4791666666666667,1.100326908084343,2.4118048966560695,34,0.578125,1.9962602210120943,0.4,-2.9949701295762567
QQQ,"d65win,d65ret,d80",2,time_asc,0.0,-9.999999999999997e+17,False,False,False,250,0.476,1.2929246022357994,8.766166318453799,38,0.204,0.5703747588583186,0.8333333333333334,-4.380253997515569,432,0.4583333333333333,1.1640725121374753,8.555469368971258,16,0.4050925925925926,0.5844214717352462,0.6666666666666666,-4.058135474472457,190,0.49473684210526314,1.129155212442217,3.040896441297395,34,0.5473684210526316,1.6442519817829624,0.6,-2.9949701295762567
QQQ,"d65win,d80,d65ret",2,time_asc,-999999.0,5.95577969875202,True,False,False,250,0.492,1.3391052332545925,9.627379104331727,38,0.208,0.5193521461879805,0.8333333333333334,-4.380253997515569,439,0.45785876993166286,1.1504211659085208,7.902388645922294,20,0.4191343963553531,0.6327200830068066,0.5833333333333334,-4.523905859301276,192,0.4895833333333333,1.1470112488944164,3.3945237691886705,34,0.578125,1.3801401832632114,0.6,-2.772756253228394
QQQ,"d65win,d80,d65ret",2,time_asc,0.0,-9.999999999999997e+17,False,False,False,250,0.484,1.2945247203930548,8.605199159002549,38,0.208,0.5810440766811449,0.8333333333333334,-4.380253997515569,432,0.46296296296296297,1.1766427050377106,9.16251434791742,16,0.4097222222222222,0.5457017375515999,0.6666666666666666,-4.450313318625634,190,0.5052631578947369,1.1783168802013482,4.048329242184578,34,0.5473684210526316,1.2350774111697191,0.6,-2.7727562532283945
QQQ,"d80,d65ret,d65win",2,time_asc,-999999.0,-9.999999999999997e+17,False,False,False,250,0.48,1.2964957023092476,8.599202026466939,38,0.204,0.5814493001339911,0.8333333333333334,-4.62767887970217,439,0.45558086560364464,1.127837829139495,6.72185614775843,20,0.4191343963553531,0.7438421605715817,0.5833333333333334,-4.3331800051469465,192,0.4739583333333333,1.153693897937085,3.5403848802753215,34,0.5729166666666666,1.3071146837717593,0.6,-3.262173948743116
QQQ,"d80,d65ret,d65win",2,time_asc,0.0,-9.999999999999997e+17,False,False,False,250,0.476,1.2734464925157916,8.144597836449941,38,0.204,0.6139038538678043,0.8333333333333334,-4.62767887970217,432,0.4652777777777778,1.1595562600759315,8.229758308706211,16,0.4097222222222222,0.6075512563607768,0.6666666666666666,-4.317240363130036,190,0.4842105263157895,1.1797474784230693,4.100261224777974,34,0.5421052631578948,1.2194345008520149,0.6,-3.262173948743116
QQQ,"d80,d65win,d65ret",2,time_asc,-999999.0,5.742895329754849,True,False,False,250,0.484,1.3029533068893944,8.695604571668026,38,0.208,0.5750031477156832,0.8333333333333334,-4.745146602664493,439,0.4624145785876993,1.1495446537674119,7.767917254857544,20,0.4168564920273349,0.6436731798183521,0.5833333333333334,-4.333180005146944,192,0.4739583333333333,1.1536938979370852,3.5403848802753215,34,0.5729166666666666,1.3071146837717593,0.6,-3.262173948743116
QQQ,"d80,d65win,d65ret",2,time_asc,0.0,-9.999999999999997e+17,False,False,False,250,0.48,1.2794982688253107,8.24100038165103,38,0.208,0.6067224570372223,0.8333333333333334,-4.724957389508191,432,0.4675925925925926,1.1760906359284684,9.02975830870621,16,0.4074074074074074,0.5537246766814519,0.6666666666666666,-4.317240363130036,190,0.4842105263157895,1.1797474784230693,4.100261224777974,34,0.5421052631578948,1.2194345008520149,0.6,-3.262173948743116
QQQ,"d65ret,d65win,d80_front",2,time_asc,-999999.0,6.235891731867345,True,False,False,248,0.5080645161290323,1.484254381255724,11.362897033838076,37,0.21370967741935484,0.440028628712403,0.6666666666666666,-3.899180709073727,455,0.43956043956043955,1.0408344866411463,1.9971796541844018,20,0.4351648351648352,2.5035304107591037,0.5833333333333334,-6.117898332048998,189,0.47619047619047616,1.1030919634825584,2.1930043697020554,32,0.6031746031746031,2.279977217135827,0.4,-4.13389969613066
QQQ,"d65ret,d65win,d80_front",2,time_asc,0.0,6.235891731867345,True,False,False,248,0.5080645161290323,1.484254381255724,11.362897033838076,37,0.21370967741935484,0.440028628712403,0.6666666666666666,-3.899180709073727,455,0.45054945054945056,1.0726921658114,3.5170224841468625,20,0.432967032967033,1.4216571041378683,0.5833333333333334,-6.117898332048997,188,0.48936170212765956,1.133387009117438,2.829461027105266,32,0.5957446808510638,1.7671210001133486,0.6,-3.3032333294641365
QQQ,"d65ret,d80_front,d65win",2,time_asc,-999999.0,6.180853140296126,True,False,False,248,0.5120967741935484,1.4738040600620892,10.938975984881923,37,0.21370967741935484,0.45708117532300907,0.6666666666666666,-3.899180709073727,455,0.43956043956043955,1.0434067704544228,2.0463303073810755,20,0.43736263736263736,2.4433983027887005,0.5833333333333334,-5.59942563460437,189,0.455026455026455,1.071320959661043,1.5027981879511159,32,0.6031746031746031,3.3271267160741638,0.4,-4.470880523232408
QQQ,"d65ret,d80_front,d65win",2,time_asc,0.0,6.180853140296126,True,False,False,248,0.5120967741935484,1.4738040600620892,10.938975984881923,37,0.21370967741935484,0.45708117532300907,0.6666666666666666,-3.899180709073727,455,0.45054945054945056,1.0752119265489009,3.50685383886625,20,0.4351648351648352,1.4257794107599528,0.5833333333333334,-5.590874510393982,188,0.46808510638297873,1.0998314436405603,2.0975610578715713,32,0.5957446808510638,2.3837208367481706,0.6,-3.5147749177512795
QQQ,"d65win,d65ret,d80_front",2,time_asc,-999999.0,6.235891731867345,True,False,False,248,0.5080645161290323,1.484254381255724,11.362897033838076,37,0.21370967741935484,0.440028628712403,0.6666666666666666,-3.899180709073727,455,0.4351648351648352,1.0121488583593885,0.5951676869705218,20,0.43736263736263736,8.400993719014934,0.5833333333333334,-6.117898332049,189,0.47619047619047616,1.1030919634825584,2.193004369702056,32,0.6031746031746031,2.2799772171358264,0.4,-4.13389969613066
QQQ,"d65win,d65ret,d80_front",2,time_asc,0.0,6.235891731867345,True,False,False,248,0.5080645161290323,1.484254381255724,11.362897033838076,37,0.21370967741935484,0.440028628712403,0.6666666666666666,-3.899180709073727,455,0.44835164835164837,1.0603405606193494,2.906677490611931,20,0.4351648351648352,1.72017708058398,0.5833333333333334,-6.117898332048998,188,0.48936170212765956,1.133387009117438,2.829461027105266,32,0.5957446808510638,1.7671210001133486,0.6,-3.3032333294641365
QQQ,"d65win,d80_front,d65ret",2,time_asc,-999999.0,6.235891731867345,True,False,False,248,0.5080645161290323,1.484254381255724,11.362897033838076,37,0.21370967741935484,0.440028628712403,0.6666666666666666,-3.899180709073727,455,0.43956043956043955,1.0162459821779586,0.7850152417777236,20,0.43956043956043955,6.3693030834371305,0.5833333333333334,-6.321122045184484,189,0.48148148148148145,1.119273901927847,2.4962721326704926,32,0.6031746031746031,2.0029867475430407,0.4,-4.083074621170272
QQQ,"d65win,d80_front,d65ret",2,time_asc,0.0,6.235891731867345,True,False,False,248,0.5080645161290323,1.484254381255724,11.362897033838076,37,0.21370967741935484,0.440028628712403,0.6666666666666666,-3.899180709073727,455,0.45054945054945056,1.0568588184560574,2.7210552311331053,20,0.43736263736263736,1.8375224224750093,0.5833333333333334,-6.0525575259733015,188,0.5,1.163476417978794,3.378074146259671,32,0.601063829787234,1.4801332900096895,0.6,-3.2845065145558827
QQQ,"d80_front,d65ret,d65win",2,time_asc,-999999.0,6.180853140296126,True,False,False,248,0.5120967741935484,1.4738040600620894,10.938975984881923,37,0.21370967741935484,0.45708117532300907,0.6666666666666666,-3.899180709073727,455,0.44835164835164837,1.0581413761876515,2.651441316824127,20,0.43736263736263736,1.8857667972033247,0.5833333333333334,-5.284079180978647,189,0.455026455026455,1.1008150054605805,2.063879103575707,32,0.6031746031746031,2.422622522480804,0.4,-4.006385671904887
QQQ,"d80_front,d65ret,d65win",2,time_asc,0.0,6.180853140296126,True,False,False,248,0.5120967741935484,1.4738040600620894,10.938975984881923,37,0.21370967741935484,0.45708117532300907,0.6666666666666666,-3.899180709073727,455,0.45714285714285713,1.0827860982532236,3.763696029545505,20,0.4351648351648352,1.328481354697443,0.5833333333333334,-5.2840791809786465,188,0.4734042553191489,1.1457751143336252,2.9456811171648862,32,0.601063829787234,1.6974002959330245,0.6,-3.433752897502056
QQQ,"d80_front,d65win,d65ret",2,time_asc,-999999.0,6.180853140296126,True,False,False,248,0.5120967741935484,1.4738040600620894,10.938975984881925,37,0.21370967741935484,0.457081175323009,0.6666666666666666,-3.899180709073727,455,0.44395604395604393,1.02668352143925,1.2190047531617285,20,0.43956043956043955,4.101706730044749,0.5833333333333334,-5.530943805402725,189,0.455026455026455,1.1008150054605808,2.0638791035757076,32,0.6031746031746031,2.4226225224808036,0.4,-4.006385671904887
QQQ,"d80_front,d65win,d65ret",2,time_asc,0.0,6.180853140296126,True,False,False,248,0.5120967741935484,1.4738040600620894,10.938975984881925,37,0.21370967741935484,0.457081175323009,0.6666666666666666,-3.899180709073727,455,0.45494505494505494,1.069012372466073,3.1229264395620566,20,0.43736263736263736,1.6010623678671005,0.5833333333333334,-5.530943805402725,188,0.4734042553191489,1.1457751143336254,2.9456811171648867,32,0.601063829787234,1.697400295933024,0.6,-3.433752897502056
QQQ,"d65ret,d65win,d80_zero",2,time_asc,-999999.0,-9.999999999999997e+17,False,False,False,236,0.4745762711864407,1.2866707222362812,7.94261489858131,20,0.2330508474576271,0.6295156020837782,0.6666666666666666,-3.8991807090737263,450,0.43777777777777777,1.0716189896906698,4.1181152252931685,23,0.38666666666666666,1.2141476686447137,0.5833333333333334,-3.821550047412363,188,0.46808510638297873,1.072422275670499,1.7896263388772085,32,0.5851063829787234,2.7938793095417584,0.6,-3.348631767026221
QQQ,"d65ret,d65win,d80_zero",2,time_asc,0.0,5.681064633309356,True,False,False,234,0.47435897435897434,1.305059434978878,8.321012430231459,20,0.23076923076923078,0.6008884185576104,0.6666666666666666,-3.899180709073727,421,0.46080760095011875,1.1819577677428987,9.189625090723084,21,0.40617577197149646,0.5440918373315898,0.75,-3.975119289357922,186,0.5,1.214439408932356,4.761603915024664,31,0.5967741935483871,1.0500663409283384,0.6,-3.2584728051840948
QQQ,"d65ret,d80_zero,d65win",2,time_asc,-999999.0,-9.999999999999997e+17,False,False,False,236,0.4703389830508475,1.2621703276265535,7.367320739885309,20,0.2330508474576271,0.6786727735268707,0.6666666666666666,-3.8991807090737263,450,0.43777777777777777,1.0716189896906698,4.11811522529317,23,0.38666666666666666,1.214147668644713,0.5833333333333334,-3.821550047412363,188,0.4574468085106383,1.0437209733518376,1.1187718183663875,32,0.5797872340425532,4.469186582927088,0.6,-3.6372032064967845
QQQ,"d65ret,d80_zero,d65win",2,time_asc,0.0,-9.999999999999997e+17,False,False,False,234,0.4700854700854701,1.2799161678519488,7.745718271535458,20,0.23076923076923078,0.6455179267717975,0.6666666666666666,-3.8991807090737263,421,0.46080760095011875,1.1819577677428987,9.189625090723084,21,0.40617577197149646,0.5440918373315898,0.75,-3.975119289357922,186,0.5,1.2284350225390828,5.072375003579489,31,0.5967741935483871,0.985731535320552,0.6,-3.2584728051840948
QQQ,"d65win,d65ret,d80_zero",2,time_asc,-999999.0,-9.999999999999997e+17,False,False,False,236,0.4745762711864407,1.2866707222362812,7.9426148985813105,20,0.2330508474576271,0.6295156020837781,0.6666666666666666,-3.8991807090737263,450,0.43333333333333335,1.0471703079519732,2.7161032580792877,23,0.3888888888888889,1.8408725754910316,0.5833333333333334,-3.821550047412365,188,0.46808510638297873,1.0561798196933008,1.3882591247744909,32,0.5851063829787234,3.6016330890763646,0.4,-3.348631767026221
QQQ,"d65win,d65ret,d80_zero",2,time_asc,0.0,5.681064633309356,True,False,False,234,0.47435897435897434,1.305059434978878,8.321012430231459,20,0.23076923076923078,0.6008884185576104,0.6666666666666666,-3.899180709073727,421,0.4584323040380047,1.1610441454756737,8.09938597421381,21,0.4085510688836104,0.6173307477774992,0.75,-3.9751192893579237,186,0.5,1.1963637878405993,4.360236700921946,31,0.5967741935483871,1.1467267359459592,0.6,-3.2584728051840948
QQQ,"d65win,d80_zero,d65ret",2,time_asc,-999999.0,-9.999999999999997e+17,False,False,False,236,0.4745762711864407,1.257531707792879,7.135277586829664,20,0.2330508474576271,0.7007435855374469,0.6666666666666666,-3.8991807090737263,450,0.4288888888888889,1.0250400434216855,1.4568493283031705,23,0.3888888888888889,3.4320639086429257,0.5833333333333334,-3.8247759695854917,188,0.4787234042553192,1.0879933345180444,2.115835094666904,32,0.5904255319148937,2.363133125356894,0.6,-3.626309284522268
QQQ,"d65win,d80_zero,d65ret",2,time_asc,0.0,-9.999999999999997e+17,False,False,True,234,0.47435897435897434,1.2754613702931994,7.513675118479812,20,0.23076923076923078,0.6654533129470221,0.6666666666666666,-3.8991807090737263,421,0.45605700712589076,1.1442767271204735,7.299385974213813,21,0.4085510688836104,0.6849891234226081,0.75,-3.975119289357922,186,0.5268817204301075,1.347578755519744,7.196580593133276,31,0.6129032258064516,0.6947744050515914,0.8,-2.709982743318055
QQQ,"d80_zero,d65ret,d65win",2,time_asc,-999999.0,-9.999999999999997e+17,False,False,False,236,0.4745762711864407,1.2485269414148819,6.9093660957313725,20,0.2330508474576271,0.7236553875888868,0.6666666666666666,-3.8991807090737263,450,0.43333333333333335,1.049205598535366,2.8588612955170536,23,0.38666666666666666,1.7489480891711817,0.5833333333333334,-3.8247759695854864,188,0.4627659574468085,1.0566134281855055,1.4305483367291791,32,0.5691489361702128,3.4951632682556206,0.6,-3.112363773009344
QQQ,"d80_zero,d65ret,d65win",2,time_asc,0.0,-9.999999999999997e+17,False,False,True,234,0.47435897435897434,1.266253090797618,7.287763627381521,20,0.23076923076923078,0.6860815272896673,0.6666666666666666,-3.8991807090737263,421,0.4584323040380047,1.1651365615779588,8.389625090723083,21,0.40617577197149646,0.5959741878726861,0.75,-3.9751192893579237,186,0.5161290322580645,1.3162802434751328,6.738316427699814,31,0.6021505376344086,0.7420251117098096,0.8,-2.709982743318055
QQQ,"d80_zero,d65win,d65ret",2,time_asc,-999999.0,-9.999999999999997e+17,False,False,False,236,0.4745762711864407,1.2485269414148819,6.909366095731373,20,0.2330508474576271,0.7236553875888867,0.6666666666666666,-3.8991807090737263,450,0.4288888888888889,1.0250400434216858,1.4568493283031714,23,0.3888888888888889,3.4320639086429234,0.5833333333333334,-3.8247759695854917,188,0.4787234042553192,1.0959100396566448,2.3206839915021424,32,0.5851063829787234,2.1545372046814433,0.6,-3.626309284522268
QQQ,"d80_zero,d65win,d65ret",2,time_asc,0.0,-9.999999999999997e+17,False,False,True,234,0.47435897435897434,1.266253090797618,7.287763627381522,20,0.23076923076923078,0.6860815272896672,0.6666666666666666,-3.8991807090737263,421,0.45605700712589076,1.1442767271204735,7.299385974213813,21,0.4085510688836104,0.6849891234226081,0.75,-3.975119289357922,186,0.5268817204301075,1.3647685456202356,7.55249334059751,31,0.6129032258064516,0.6620330233358972,0.8,-2.709982743318055
QQQ,"d65ret,d65win,cons_m2s1c45",2,time_asc,-999999.0,5.703262942149236,True,False,False,243,0.48148148148148145,1.3074817406049848,8.34236393016473,30,0.25102880658436216,0.5993505008719117,0.6666666666666666,-3.899180709073727,440,0.4340909090909091,1.026940899453249,1.4560158391587743,23,0.4090909090909091,3.4340285768380054,0.6666666666666666,-7.19799292387273,187,0.48663101604278075,1.1444490401397454,3.251329340074216,33,0.6042780748663101,1.515405774502517,0.6,-2.709982743318055
QQQ,"d65ret,d65win,cons_m2s1c45",2,time_asc,0.0,5.750361297033919,True,False,False,242,0.4834710743801653,1.3221006839752385,8.642363930164729,30,0.24793388429752067,0.578545411926977,0.6666666666666666,-3.899180709073727,431,0.4408352668213457,1.0561603649057048,2.961615362512118,20,0.3990719257540603,1.6882678497989934,0.6666666666666666,-7.19799292387273,187,0.4919786096256685,1.197081664064358,4.311605695665917,33,0.6042780748663101,1.1596607744131302,0.6,-2.709982743318055
QQQ,"d65ret,cons_m2s1c45,d65win",2,time_asc,-999999.0,5.703262942149236,True,False,False,243,0.48148148148148145,1.3074817406049848,8.34236393016473,30,0.25102880658436216,0.5993505008719117,0.6666666666666666,-3.899180709073727,440,0.4318181818181818,1.0198977679770718,1.0813404548352397,23,0.4090909090909091,4.623890632818166,0.6666666666666666,-7.19799292387273,187,0.48663101604278075,1.1444490401397454,3.251329340074216,33,0.6042780748663101,1.515405774502517,0.6,-2.709982743318055
QQQ,"d65ret,cons_m2s1c45,d65win",2,time_asc,0.0,5.750361297033919,True,False,False,242,0.4834710743801653,1.3221006839752385,8.642363930164729,30,0.24793388429752067,0.578545411926977,0.6666666666666666,-3.899180709073727,431,0.4385150812064965,1.0487780006472465,2.5869399781885845,20,0.3990719257540603,1.932785469379571,0.6666666666666666,-7.1979929238727305,187,0.4919786096256685,1.197081664064358,4.311605695665917,33,0.6042780748663101,1.1596607744131302,0.6,-2.709982743318055
QQQ,"d65win,d65ret,cons_m2s1c45",2,time_asc,-999999.0,5.703262942149235,True,False,False,243,0.48148148148148145,1.307481740604985,8.342363930164728,30,0.25102880658436216,0.5993505008719118,0.6666666666666666,-3.899180709073727,440,0.42954545454545456,1.0009977571096957,0.054003871944893866,23,0.4113636363636364,92.58595393126726,0.6666666666666666,-7.197992923872731,187,0.48663101604278075,1.1266172234406169,2.849962125971498,33,0.6042780748663101,1.7288241172953749,0.6,-2.9065559087409345
QQQ,"d65win,d65ret,cons_m2s1c45",2,time_asc,0.0,5.750361297033919,True,False,False,242,0.4834710743801653,1.3221006839752385,8.642363930164729,30,0.24793388429752067,0.578545411926977,0.6666666666666666,-3.899180709073727,431,0.4385150812064965,1.0356291344527364,1.8713762460028498,20,0.4013921113689095,2.671830429973506,0.6666666666666666,-7.1979929238727305,187,0.4919786096256685,1.1787353392750215,3.9102384815631996,33,0.6042780748663101,1.2786943874587273,0.6,-2.709982743318055
QQQ,"d65win,cons_m2s1c45,d65ret",2,time_asc,-999999.0,-9.999999999999997e+17,False,False,False,243,0.48148148148148145,1.2999194967014276,8.137190801353832,30,0.25102880658436216,0.6144626717082904,0.6666666666666666,-3.8991807090737263,440,0.4340909090909091,1.0133575665789203,0.7151242476501363,23,0.4113636363636364,6.991792008772963,0.5833333333333334,-6.427077558052161,187,0.48663101604278075,1.116638563148641,2.605921763048239,33,0.6042780748663101,1.8907257027526954,0.6,-3.5278551550293815
QQQ,"d65win,cons_m2s1c45,d65ret",2,time_asc,0.0,5.719948527371452,True,False,False,242,0.4834710743801653,1.3144538866802684,8.437190801353832,30,0.24793388429752067,0.59261430939759,0.6666666666666666,-3.899180709073727,431,0.4408352668213457,1.0417536743231453,2.1822334298824453,20,0.4013921113689095,2.291230595009877,0.5833333333333334,-6.42707755805216,187,0.4919786096256685,1.1636573162279655,3.5690079338276646,33,0.6042780748663101,1.4009495335129825,0.6,-3.5278551550293815
QQQ,"cons_m2s1c45,d65ret,d65win",2,time_asc,-999999.0,-9.999999999999997e+17,False,False,False,243,0.48148148148148145,1.2999194967014274,8.137190801353833,30,0.25102880658436216,0.6144626717082903,0.6666666666666666,-3.8991807090737263,440,0.43636363636363634,1.032413921021589,1.7424608305404838,23,0.4090909090909091,2.8695049623864883,0.5833333333333334,-6.427077558052159,187,0.48663101604278075,1.1325688769666407,2.9618345105124733,33,0.6042780748663101,1.663524156825836,0.6,-3.5278551550293815
QQQ,"cons_m2s1c45,d65ret,d65win",2,time_asc,0.0,5.719948527371452,True,False,False,242,0.4834710743801653,1.3144538866802684,8.437190801353832,30,0.24793388429752067,0.59261430939759,0.6666666666666666,-3.899180709073727,431,0.4408352668213457,1.0549078188699095,2.897797162068181,20,0.3990719257540603,1.7254485805457345,0.5833333333333334,-6.427077558052159,187,0.4919786096256685,1.179977740878535,3.9249206812918995,33,0.6042780748663101,1.273911094262989,0.6,-3.5278551550293815
QQQ,"cons_m2s1c45,d65win,d65ret",2,time_asc,-999999.0,-9.999999999999997e+17,False,False,False,243,0.48148148148148145,1.2999194967014276,8.137190801353833,30,0.25102880658436216,0.6144626717082903,0.6666666666666666,-3.8991807090737263,440,0.4318181818181818,1.0063236949669918,0.3404488633266025,23,0.4113636363636364,14.686493446163615,0.5833333333333334,-6.427077558052161,187,0.48663101604278075,1.1325688769666409,2.9618345105124737,33,0.6042780748663101,1.6635241568258357,0.6,-3.5278551550293815
QQQ,"cons_m2s1c45,d65win,d65ret",2,time_asc,0.0,5.719948527371453,True,False,False,242,0.4834710743801653,1.3144538866802686,8.437190801353832,30,0.24793388429752067,0.59261430939759,0.6666666666666666,-3.899180709073727,431,0.4385150812064965,1.0343874528611818,1.8075580455589115,20,0.4013921113689095,2.766162897111257,0.5833333333333334,-6.42707755805216,187,0.4919786096256685,1.179977740878535,3.9249206812919,33,0.6042780748663101,1.2739110942629888,0.6,-3.5278551550293815
QQQ,"d65ret,d65win,cons_m2s2c30",2,time_asc,-999999.0,6.157321795602655,True,False,False,255,0.48627450980392156,1.3552065328735088,10.386094839973898,39,0.20784313725490197,0.4814128964773218,0.8333333333333334,-3.899180709073727,475,0.44,1.0421560322511791,2.455743248646593,34,0.4063157894736842,2.0360434677996553,0.6666666666666666,-7.195765754509253,191,0.4816753926701571,1.118237165241453,2.7699280438550216,34,0.5916230366492147,1.8051010426398284,0.6,-3.2584728051840948
QQQ,"d65ret,d65win,cons_m2s2c30",2,time_asc,0.0,6.157321795602655,True,False,False,255,0.48627450980392156,1.3552065328735088,10.386094839973898,39,0.20784313725490197,0.4814128964773218,0.8333333333333334,-3.899180709073727,467,0.44539614561027835,1.0687461457373588,3.917670694180797,31,0.39400428265524623,1.2762685764852226,0.75,-7.195765754509251,189,0.48677248677248675,1.1639524909078676,3.7279378562513097,33,0.5978835978835979,1.3412240742199049,0.6,-3.2584728051840948
QQQ,"d65ret,cons_m2s2c30,d65win",2,time_asc,-999999.0,6.142246550132205,True,False,False,255,0.48627450980392156,1.3508236024211642,10.291223009833082,39,0.20784313725490197,0.48585090374803735,0.8333333333333334,-3.899180709073727,475,0.4378947368421053,1.0424013792596392,2.4827560240967457,34,0.40421052631578946,2.0138909951166286,0.6666666666666666,-7.195765754509253,191,0.4816753926701571,1.118237165241453,2.7699280438550216,34,0.5916230366492147,1.8051010426398284,0.6,-3.2584728051840948
QQQ,"d65ret,cons_m2s2c30,d65win",2,time_asc,0.0,6.142246550132205,True,False,False,255,0.48627450980392156,1.3508236024211642,10.291223009833082,39,0.20784313725490197,0.48585090374803735,0.8333333333333334,-3.899180709073727,467,0.44325481798715205,1.0688576697555645,3.9446834696309496,31,0.39186295503211993,1.2675288241740172,0.75,-7.195765754509251,189,0.48677248677248675,1.1639524909078676,3.7279378562513097,33,0.5978835978835979,1.3412240742199049,0.6,-3.2584728051840948
QQQ,"d65win,d65ret,cons_m2s2c30",2,time_asc,-999999.0,6.157321795602655,True,False,False,255,0.48627450980392156,1.3552065328735088,10.386094839973897,39,0.20784313725490197,0.48141289647732183,0.8333333333333334,-3.899180709073727,475,0.4357894736842105,1.0180637214965347,1.0537312814327136,34,0.40842105263157896,4.745042771437622,0.6666666666666666,-7.195765754509254,191,0.4816753926701571,1.101104401911501,2.3685608297523038,34,0.5916230366492147,2.110986527005466,0.6,-3.2584728051840948
QQQ,"d65win,d65ret,cons_m2s2c30",2,time_asc,0.0,6.157321795602655,True,False,False,255,0.48627450980392156,1.3552065328735088,10.386094839973897,39,0.20784313725490197,0.48141289647732183,0.8333333333333334,-3.899180709073727,467,0.44325481798715205,1.049799516162454,2.8274315776715278,31,0.3961456102783726,1.768389388972463,0.75,-7.195765754509252,189,0.48677248677248675,1.1463005994176312,3.3265706421485914,33,0.5978835978835979,1.5030493976735635,0.6,-3.2584728051840948
QQQ,"d65win,cons_m2s2c30,d65ret",2,time_asc,-999999.0,6.1278531199218,True,False,False,255,0.48627450980392156,1.3481895705939781,10.180921711163002,39,0.20784313725490197,0.49111466936413883,0.8333333333333334,-3.899180709073727,475,0.4421052631578947,1.0436625242515527,2.508059930112772,34,0.40842105263157896,1.9935727770967502,0.5833333333333334,-5.620921007236873,191,0.4816753926701571,1.0913369634007803,2.1245204668290443,34,0.5916230366492147,2.3191507606946473,0.6,-3.649517135379735
QQQ,"d65win,cons_m2s2c30,d65ret",2,time_asc,0.0,6.1278531199218,True,False,False,255,0.48627450980392156,1.3481895705939781,10.180921711163002,39,0.20784313725490197,0.49111466936413883,0.8333333333333334,-3.899180709073727,467,0.4475374732334047,1.0699392137842938,3.931497034525939,31,0.3961456102783726,1.271780178413107,0.6666666666666666,-5.620921007236873,189,0.48677248677248675,1.1316956876747555,2.9853400944130573,33,0.5978835978835979,1.6748510527685931,0.6,-3.649517135379735
QQQ,"cons_m2s2c30,d65ret,d65win",2,time_asc,-999999.0,6.112790207640707,True,False,False,255,0.48627450980392156,1.3438293339944976,10.086049881022184,39,0.20784313725490197,0.49573421299531273,0.8333333333333334,-3.899180709073727,475,0.4442105263157895,1.0627026919239952,3.6155299477079748,34,0.40421052631578946,1.3829231322422582,0.5833333333333334,-5.620921007236873,191,0.4816753926701571,1.1066382937934838,2.4804332142932783,34,0.5916230366492147,1.9863801324567179,0.6,-3.649517135379735
QQQ,"cons_m2s2c30,d65ret,d65win",2,time_asc,0.0,6.112790207640707,True,False,False,255,0.48627450980392156,1.3438293339944976,10.086049881022184,39,0.20784313725490197,0.49573421299531273,0.8333333333333334,-3.899180709073727,467,0.4475374732334047,1.0833363645888487,4.727194201416531,31,0.39186295503211993,1.0577098775636764,0.6666666666666666,-5.620921007236872,189,0.48677248677248675,1.1473964696785324,3.3412528418772918,33,0.5978835978835979,1.4964446680996273,0.6,-3.649517135379735
QQQ,"cons_m2s2c30,d65win,d65ret",2,time_asc,-999999.0,6.112790207640707,True,False,False,255,0.48627450980392156,1.3438293339944976,10.086049881022184,39,0.20784313725490197,0.49573421299531273,0.8333333333333334,-3.899180709073727,475,0.44,1.0439034932786226,2.535072705562924,34,0.4063157894736842,1.9723300199746059,0.5833333333333334,-5.620921007236873,191,0.4816753926701571,1.1066382937934842,2.480433214293279,34,0.5916230366492147,1.9863801324567176,0.6,-3.649517135379735
QQQ,"cons_m2s2c30,d65win,d65ret",2,time_asc,0.0,6.112790207640707,True,False,False,255,0.48627450980392156,1.3438293339944976,10.086049881022184,39,0.20784313725490197,0.49573421299531273,0.8333333333333334,-3.899180709073727,467,0.44539614561027835,1.0700459326842986,3.958509809976092,31,0.39400428265524623,1.2631015811554092,0.6666666666666666,-5.620921007236873,189,0.48677248677248675,1.1473964696785324,3.341252841877292,33,0.5978835978835979,1.496444668099627,0.6,-3.649517135379735
QQQ,"d65ret,d65win,cons_m3allc30",2,time_asc,-999999.0,6.157321795602655,True,False,False,255,0.48627450980392156,1.3552065328735088,10.386094839973898,39,0.20784313725490197,0.4814128964773218,0.8333333333333334,-3.899180709073727,475,0.44,1.0421560322511791,2.455743248646593,34,0.4063157894736842,2.0360434677996553,0.6666666666666666,-7.195765754509253,191,0.4816753926701571,1.118237165241453,2.7699280438550216,34,0.5916230366492147,1.8051010426398284,0.6,-3.2584728051840948
QQQ,"d65ret,d65win,cons_m3allc30",2,time_asc,0.0,6.157321795602655,True,False,False,255,0.48627450980392156,1.3552065328735088,10.386094839973898,39,0.20784313725490197,0.4814128964773218,0.8333333333333334,-3.899180709073727,467,0.44539614561027835,1.0687461457373588,3.917670694180797,31,0.39400428265524623,1.2762685764852226,0.75,-7.195765754509251,189,0.48677248677248675,1.1639524909078676,3.7279378562513097,33,0.5978835978835979,1.3412240742199049,0.6,-3.2584728051840948
QQQ,"d65ret,cons_m3allc30,d65win",2,time_asc,-999999.0,6.142246550132205,True,False,False,255,0.48627450980392156,1.3508236024211642,10.291223009833082,39,0.20784313725490197,0.48585090374803735,0.8333333333333334,-3.899180709073727,475,0.4378947368421053,1.0424013792596392,2.4827560240967457,34,0.40421052631578946,2.0138909951166286,0.6666666666666666,-7.195765754509253,191,0.4816753926701571,1.118237165241453,2.7699280438550216,34,0.5916230366492147,1.8051010426398284,0.6,-3.2584728051840948
QQQ,"d65ret,cons_m3allc30,d65win",2,time_asc,0.0,6.142246550132205,True,False,False,255,0.48627450980392156,1.3508236024211642,10.291223009833082,39,0.20784313725490197,0.48585090374803735,0.8333333333333334,-3.899180709073727,467,0.44325481798715205,1.0688576697555645,3.9446834696309496,31,0.39186295503211993,1.2675288241740172,0.75,-7.195765754509251,189,0.48677248677248675,1.1639524909078676,3.7279378562513097,33,0.5978835978835979,1.3412240742199049,0.6,-3.2584728051840948
QQQ,"d65win,d65ret,cons_m3allc30",2,time_asc,-999999.0,6.157321795602655,True,False,False,255,0.48627450980392156,1.3552065328735088,10.386094839973897,39,0.20784313725490197,0.48141289647732183,0.8333333333333334,-3.899180709073727,475,0.4357894736842105,1.0180637214965347,1.0537312814327136,34,0.40842105263157896,4.745042771437622,0.6666666666666666,-7.195765754509254,191,0.4816753926701571,1.101104401911501,2.3685608297523038,34,0.5916230366492147,2.110986527005466,0.6,-3.2584728051840948
QQQ,"d65win,d65ret,cons_m3allc30",2,time_asc,0.0,6.157321795602655,True,False,False,255,0.48627450980392156,1.3552065328735088,10.386094839973897,39,0.20784313725490197,0.48141289647732183,0.8333333333333334,-3.899180709073727,467,0.44325481798715205,1.049799516162454,2.8274315776715278,31,0.3961456102783726,1.768389388972463,0.75,-7.195765754509252,189,0.48677248677248675,1.1463005994176312,3.3265706421485914,33,0.5978835978835979,1.5030493976735635,0.6,-3.2584728051840948
QQQ,"d65win,cons_m3allc30,d65ret",2,time_asc,-999999.0,6.1278531199218,True,False,False,255,0.48627450980392156,1.3481895705939781,10.180921711163002,39,0.20784313725490197,0.49111466936413883,0.8333333333333334,-3.899180709073727,475,0.4421052631578947,1.0436625242515527,2.508059930112772,34,0.40842105263157896,1.9935727770967502,0.5833333333333334,-5.620921007236873,191,0.4816753926701571,1.0913369634007803,2.1245204668290443,34,0.5916230366492147,2.3191507606946473,0.6,-3.649517135379735
QQQ,"d65win,cons_m3allc30,d65ret",2,time_asc,0.0,6.1278531199218,True,False,False,255,0.48627450980392156,1.3481895705939781,10.180921711163002,39,0.20784313725490197,0.49111466936413883,0.8333333333333334,-3.899180709073727,467,0.4475374732334047,1.0699392137842938,3.931497034525939,31,0.3961456102783726,1.271780178413107,0.6666666666666666,-5.620921007236873,189,0.48677248677248675,1.1316956876747555,2.9853400944130573,33,0.5978835978835979,1.6748510527685931,0.6,-3.649517135379735
QQQ,"cons_m3allc30,d65ret,d65win",2,time_asc,-999999.0,6.112790207640707,True,False,False,255,0.48627450980392156,1.3438293339944976,10.086049881022184,39,0.20784313725490197,0.49573421299531273,0.8333333333333334,-3.899180709073727,475,0.4442105263157895,1.0627026919239952,3.6155299477079748,34,0.40421052631578946,1.3829231322422582,0.5833333333333334,-5.620921007236873,191,0.4816753926701571,1.1066382937934838,2.4804332142932783,34,0.5916230366492147,1.9863801324567179,0.6,-3.649517135379735
QQQ,"cons_m3allc30,d65ret,d65win",2,time_asc,0.0,6.112790207640707,True,False,False,255,0.48627450980392156,1.3438293339944976,10.086049881022184,39,0.20784313725490197,0.49573421299531273,0.8333333333333334,-3.899180709073727,467,0.4475374732334047,1.0833363645888487,4.727194201416531,31,0.39186295503211993,1.0577098775636764,0.6666666666666666,-5.620921007236872,189,0.48677248677248675,1.1473964696785324,3.3412528418772918,33,0.5978835978835979,1.4964446680996273,0.6,-3.649517135379735
QQQ,"cons_m3allc30,d65win,d65ret",2,time_asc,-999999.0,6.112790207640707,True,False,False,255,0.48627450980392156,1.3438293339944976,10.086049881022184,39,0.20784313725490197,0.49573421299531273,0.8333333333333334,-3.899180709073727,475,0.44,1.0439034932786226,2.535072705562924,34,0.4063157894736842,1.9723300199746059,0.5833333333333334,-5.620921007236873,191,0.4816753926701571,1.1066382937934842,2.480433214293279,34,0.5916230366492147,1.9863801324567176,0.6,-3.649517135379735
QQQ,"cons_m3allc30,d65win,d65ret",2,time_asc,0.0,6.112790207640707,True,False,False,255,0.48627450980392156,1.3438293339944976,10.086049881022184,39,0.20784313725490197,0.49573421299531273,0.8333333333333334,-3.899180709073727,467,0.44539614561027835,1.0700459326842986,3.958509809976092,31,0.39400428265524623,1.2631015811554092,0.6666666666666666,-5.620921007236873,189,0.48677248677248675,1.1473964696785324,3.341252841877292,33,0.5978835978835979,1.496444668099627,0.6,-3.649517135379735
QQQ,"d65ret,d65win,cons_m3s2c30",2,time_asc,-999999.0,6.157321795602655,True,False,False,255,0.48627450980392156,1.3552065328735088,10.386094839973898,39,0.20784313725490197,0.4814128964773218,0.8333333333333334,-3.899180709073727,475,0.44,1.0421560322511791,2.455743248646593,34,0.4063157894736842,2.0360434677996553,0.6666666666666666,-7.195765754509253,191,0.4816753926701571,1.118237165241453,2.7699280438550216,34,0.5916230366492147,1.8051010426398284,0.6,-3.2584728051840948
QQQ,"d65ret,d65win,cons_m3s2c30",2,time_asc,0.0,6.157321795602655,True,False,False,255,0.48627450980392156,1.3552065328735088,10.386094839973898,39,0.20784313725490197,0.4814128964773218,0.8333333333333334,-3.899180709073727,467,0.44539614561027835,1.0687461457373588,3.917670694180797,31,0.39400428265524623,1.2762685764852226,0.75,-7.195765754509251,189,0.48677248677248675,1.1639524909078676,3.7279378562513097,33,0.5978835978835979,1.3412240742199049,0.6,-3.2584728051840948
QQQ,"d65ret,cons_m3s2c30,d65win",2,time_asc,-999999.0,6.142246550132205,True,False,False,255,0.48627450980392156,1.3508236024211642,10.291223009833082,39,0.20784313725490197,0.48585090374803735,0.8333333333333334,-3.899180709073727,475,0.4378947368421053,1.0424013792596392,2.4827560240967457,34,0.40421052631578946,2.0138909951166286,0.6666666666666666,-7.195765754509253,191,0.4816753926701571,1.118237165241453,2.7699280438550216,34,0.5916230366492147,1.8051010426398284,0.6,-3.2584728051840948
QQQ,"d65ret,cons_m3s2c30,d65win",2,time_asc,0.0,6.142246550132205,True,False,False,255,0.48627450980392156,1.3508236024211642,10.291223009833082,39,0.20784313725490197,0.48585090374803735,0.8333333333333334,-3.899180709073727,467,0.44325481798715205,1.0688576697555645,3.9446834696309496,31,0.39186295503211993,1.2675288241740172,0.75,-7.195765754509251,189,0.48677248677248675,1.1639524909078676,3.7279378562513097,33,0.5978835978835979,1.3412240742199049,0.6,-3.2584728051840948
QQQ,"d65win,d65ret,cons_m3s2c30",2,time_asc,-999999.0,6.157321795602655,True,False,False,255,0.48627450980392156,1.3552065328735088,10.386094839973897,39,0.20784313725490197,0.48141289647732183,0.8333333333333334,-3.899180709073727,475,0.4357894736842105,1.0180637214965347,1.0537312814327136,34,0.40842105263157896,4.745042771437622,0.6666666666666666,-7.195765754509254,191,0.4816753926701571,1.101104401911501,2.3685608297523038,34,0.5916230366492147,2.110986527005466,0.6,-3.2584728051840948
QQQ,"d65win,d65ret,cons_m3s2c30",2,time_asc,0.0,6.157321795602655,True,False,False,255,0.48627450980392156,1.3552065328735088,10.386094839973897,39,0.20784313725490197,0.48141289647732183,0.8333333333333334,-3.899180709073727,467,0.44325481798715205,1.049799516162454,2.8274315776715278,31,0.3961456102783726,1.768389388972463,0.75,-7.195765754509252,189,0.48677248677248675,1.1463005994176312,3.3265706421485914,33,0.5978835978835979,1.5030493976735635,0.6,-3.2584728051840948
QQQ,"d65win,cons_m3s2c30,d65ret",2,time_asc,-999999.0,6.1278531199218,True,False,False,255,0.48627450980392156,1.3481895705939781,10.180921711163002,39,0.20784313725490197,0.49111466936413883,0.8333333333333334,-3.899180709073727,475,0.4421052631578947,1.0436625242515527,2.508059930112772,34,0.40842105263157896,1.9935727770967502,0.5833333333333334,-5.620921007236873,191,0.4816753926701571,1.0913369634007803,2.1245204668290443,34,0.5916230366492147,2.3191507606946473,0.6,-3.649517135379735
QQQ,"d65win,cons_m3s2c30,d65ret",2,time_asc,0.0,6.1278531199218,True,False,False,255,0.48627450980392156,1.3481895705939781,10.180921711163002,39,0.20784313725490197,0.49111466936413883,0.8333333333333334,-3.899180709073727,467,0.4475374732334047,1.0699392137842938,3.931497034525939,31,0.3961456102783726,1.271780178413107,0.6666666666666666,-5.620921007236873,189,0.48677248677248675,1.1316956876747555,2.9853400944130573,33,0.5978835978835979,1.6748510527685931,0.6,-3.649517135379735
QQQ,"cons_m3s2c30,d65ret,d65win",2,time_asc,-999999.0,6.112790207640707,True,False,False,255,0.48627450980392156,1.3438293339944976,10.086049881022184,39,0.20784313725490197,0.49573421299531273,0.8333333333333334,-3.899180709073727,475,0.4442105263157895,1.0627026919239952,3.6155299477079748,34,0.40421052631578946,1.3829231322422582,0.5833333333333334,-5.620921007236873,191,0.4816753926701571,1.1066382937934838,2.4804332142932783,34,0.5916230366492147,1.9863801324567179,0.6,-3.649517135379735
QQQ,"cons_m3s2c30,d65ret,d65win",2,time_asc,0.0,6.112790207640707,True,False,False,255,0.48627450980392156,1.3438293339944976,10.086049881022184,39,0.20784313725490197,0.49573421299531273,0.8333333333333334,-3.899180709073727,467,0.4475374732334047,1.0833363645888487,4.727194201416531,31,0.39186295503211993,1.0577098775636764,0.6666666666666666,-5.620921007236872,189,0.48677248677248675,1.1473964696785324,3.3412528418772918,33,0.5978835978835979,1.4964446680996273,0.6,-3.649517135379735
QQQ,"cons_m3s2c30,d65win,d65ret",2,time_asc,-999999.0,6.112790207640707,True,False,False,255,0.48627450980392156,1.3438293339944976,10.086049881022184,39,0.20784313725490197,0.49573421299531273,0.8333333333333334,-3.899180709073727,475,0.44,1.0439034932786226,2.535072705562924,34,0.4063157894736842,1.9723300199746059,0.5833333333333334,-5.620921007236873,191,0.4816753926701571,1.1066382937934842,2.480433214293279,34,0.5916230366492147,1.9863801324567176,0.6,-3.649517135379735
QQQ,"cons_m3s2c30,d65win,d65ret",2,time_asc,0.0,6.112790207640707,True,False,False,255,0.48627450980392156,1.3438293339944976,10.086049881022184,39,0.20784313725490197,0.49573421299531273,0.8333333333333334,-3.899180709073727,467,0.44539614561027835,1.0700459326842986,3.958509809976092,31,0.39400428265524623,1.2631015811554092,0.6666666666666666,-5.620921007236873,189,0.48677248677248675,1.1473964696785324,3.341252841877292,33,0.5978835978835979,1.496444668099627,0.6,-3.649517135379735
QQQ,"d65ret,d80,d80_front",2,time_asc,-999999.0,-9.999999999999997e+17,False,True,False,216,0.46296296296296297,1.2691305923572584,6.840072548795337,22,0.19907407407407407,0.7309863988037074,0.8333333333333334,-4.362963848850994,474,0.4810126582278481,1.349322992124695,16.929713132099742,35,0.4177215189873418,0.2953387314354254,0.8333333333333334,-2.3416919407942713,192,0.46875,1.0859592796597748,1.9750293848883425,34,0.578125,2.3599911176918495,0.4,-3.6118835291498277
QQQ,"d65ret,d80,d80_front",2,time_asc,0.0,-9.999999999999997e+17,False,True,False,207,0.45410628019323673,1.2073127196928928,5.337789343410066,22,0.21739130434782608,0.9367173708668188,0.6666666666666666,-4.493780343306804,471,0.49044585987261147,1.3699959192697826,17.992921333144068,35,0.40976645435244163,0.27788705943985276,0.8333333333333334,-2.485653461503178,191,0.47643979057591623,1.1103179137438306,2.577269431061871,34,0.5235602094240838,1.940037754585841,0.8,-4.597383717526408
QQQ,"d65ret,d80_front,d80",2,time_asc,-999999.0,-9.999999999999997e+17,False,True,False,216,0.46296296296296297,1.2545951920129477,6.4706489466323625,22,0.19907407407407407,0.772720022556971,0.8333333333333334,-4.362963848850994,474,0.4767932489451477,1.303117916448519,14.80829839981691,35,0.4177215189873418,0.33764851740574187,0.75,-2.6965188281404915,192,0.46875,1.0856664677274288,1.9683016392287902,34,0.5677083333333334,2.4285401187399525,0.4,-4.426290388886633
QQQ,"d65ret,d80_front,d80",2,time_asc,0.0,-9.999999999999997e+17,False,True,False,207,0.45410628019323673,1.1929647927223945,4.968365741247092,22,0.21739130434782608,1.0063671356740673,0.6666666666666666,-4.493780343306804,471,0.4883227176220807,1.3386777419146454,16.54341050938936,35,0.40764331210191085,0.30223514052088624,0.75,-3.124533684228121,191,0.4712041884816754,1.0748257349095791,1.7705416854023193,34,0.518324607329843,2.823994510394062,0.8,-5.411790577263213
QQQ,"d80,d65ret,d80_front",2,time_asc,-999999.0,5.6187614911863255,True,True,False,216,0.48148148148148145,1.3008338036551277,7.372523768268367,22,0.19907407407407407,0.6781938122085407,0.8333333333333334,-4.362963848850994,474,0.48523206751054854,1.3247638645929225,15.838552620587958,35,0.4177215189873418,0.3156854113993145,0.8333333333333334,-2.3416919407942713,192,0.4739583333333333,1.1192690104636522,2.596379180643463,34,0.5729166666666666,1.7450861963328201,0.4,-3.1514589360047114
QQQ,"d80,d65ret,d80_front",2,time_asc,0.0,-9.999999999999997e+17,False,True,False,207,0.47342995169082125,1.2417863068932304,5.979358856666068,22,0.21739130434782608,0.8362100552680103,0.8333333333333334,-4.362963848850994,471,0.49256900212314225,1.3467653169610452,16.91002338452605,35,0.4118895966029724,0.2956826189001831,0.8333333333333334,-2.4856534615031762,191,0.4869109947643979,1.173949503312324,3.820399284078691,34,0.5235602094240838,1.3087637255187519,0.8,-4.066200649119837
QQQ,"d80,d80_front,d65ret",2,time_asc,-999999.0,-9.999999999999997e+17,False,True,False,216,0.48148148148148145,1.285759575223746,7.003100166105394,22,0.19907407407407407,0.7139695108460272,0.8333333333333334,-4.616864778553921,474,0.49156118143459915,1.3647288703472824,17.244361691053353,35,0.41983122362869196,0.2899498450321927,0.8333333333333334,-2.142361119795222,192,0.4947916666666667,1.187611899168488,3.8992334134793327,34,0.578125,1.1619990362525756,0.6,-2.5302795311765562
QQQ,"d80,d80_front,d65ret",2,time_asc,0.0,-9.999999999999997e+17,False,True,False,207,0.47342995169082125,1.2268479881558294,5.609935254503094,22,0.21739130434782608,0.8912758834402769,0.8333333333333334,-4.818075308677374,471,0.4968152866242038,1.377058643373529,17.96756363622765,35,0.4140127388535032,0.27827924259684256,0.8333333333333334,-2.47689153784944,191,0.5026178010471204,1.2297792471668652,4.859383995527669,34,0.5340314136125655,1.0289370020154296,0.8,-3.6547949282714423
QQQ,"d80_front,d65ret,d80",2,time_asc,-999999.0,-9.999999999999997e+17,False,True,False,216,0.46296296296296297,1.2545951920129474,6.4706489466323625,22,0.19907407407407407,0.772720022556971,0.8333333333333334,-4.362963848850994,474,0.48523206751054854,1.333502365443469,15.793487396022908,35,0.4177215189873418,0.31658618990376325,0.75,-2.389723498725158,192,0.4739583333333333,1.1408291485478168,3.0964201244712353,34,0.5625,1.5437503001841553,0.6,-3.5106874811479774
QQQ,"d80_front,d65ret,d80",2,time_asc,0.0,-9.999999999999997e+17,False,True,False,207,0.45410628019323673,1.1929647927223943,4.968365741247091,22,0.21739130434782608,1.0063671356740675,0.6666666666666666,-4.493780343306804,471,0.49469214437367304,1.3599738327093198,17.18033068683156,35,0.40764331210191085,0.291030486615279,0.75,-2.817738354812784,191,0.4712041884816754,1.114797478472895,2.627988200501963,34,0.518324607329843,1.9025960615214967,0.8,-4.6814822095703335
QQQ,"d80_front,d80,d65ret",2,time_asc,-999999.0,-9.999999999999997e+17,False,True,False,216,0.48148148148148145,1.2857595752237463,7.003100166105394,22,0.19907407407407407,0.7139695108460272,0.8333333333333334,-4.616864778553921,474,0.48945147679324896,1.3457548381713953,16.325070505232418,35,0.4219409282700422,0.3062773908631775,0.8333333333333334,-2.142361119795222,192,0.4947916666666667,1.187611899168488,3.8992334134793323,34,0.578125,1.1619990362525756,0.6,-2.5302795311765562
QQQ,"d80_front,d80,d65ret",2,time_asc,0.0,-9.999999999999997e+17,False,True,False,207,0.47342995169082125,1.2268479881558294,5.609935254503093,22,0.21739130434782608,0.8912758834402771,0.8333333333333334,-4.818075308677374,471,0.4968152866242038,1.3737188377313287,17.72017635893483,35,0.4140127388535032,0.28216423463973656,0.8333333333333334,-2.47689153784944,191,0.5026178010471204,1.2297792471668652,4.859383995527669,34,0.5340314136125655,1.0289370020154296,0.8,-3.6547949282714423
QQQ,"d65ret,d80,d80_zero",2,time_asc,-999999.0,-9.999999999999997e+17,False,False,False,198,0.40404040404040403,1.0734565831335314,2.262631034507191,0,0.1919191919191919,2.209816768065774,0.6666666666666666,-4.362963848850994,436,0.4380733944954128,1.1327529092446367,7.783177188284794,27,0.3830275229357798,0.6424111746454878,0.6666666666666666,-3.700244809756083,191,0.4397905759162304,1.0001401104541519,0.0037759965395736117,34,0.5549738219895288,1324.1537558624468,0.6,-5.096198276040655
QQQ,"d65ret,d80,d80_zero",2,time_asc,0.0,-9.999999999999999e+17,False,False,False,189,0.3862433862433862,1.0015048630197558,0.047304428324551395,0,0.21164021164021163,105.69834954341808,0.5,-4.362963848850995,397,0.45591939546599497,1.239574969776756,12.57057511332447,23,0.37279596977329976,0.39775427575307476,0.8333333333333334,-3.77808334930105,185,0.4810810810810811,1.204600834349484,4.965535995695755,33,0.518918918918919,1.0069406413193096,0.8,-4.428120304541109
QQQ,"d65ret,d80_zero,d80",2,time_asc,-999999.0,-9.999999999999997e+17,False,False,False,198,0.40404040404040403,1.0734565831335312,2.262631034507191,0,0.1919191919191919,2.209816768065774,0.6666666666666666,-4.362963848850994,436,0.4380733944954128,1.1327529092446367,7.783177188284793,27,0.3830275229357798,0.6424111746454879,0.6666666666666666,-3.700244809756083,191,0.4397905759162304,1.0122526424458949,0.3358035049926493,34,0.5549738219895288,14.88965995190982,0.6,-5.096198276040655
QQQ,"d65ret,d80_zero,d80",2,time_asc,0.0,-9.999999999999999e+17,False,False,False,189,0.3862433862433862,1.0015048630197558,0.047304428324551395,0,0.21164021164021163,105.69834954341808,0.5,-4.362963848850995,397,0.45591939546599497,1.239574969776756,12.57057511332447,23,0.37279596977329976,0.39775427575307476,0.8333333333333334,-3.77808334930105,185,0.4864864864864865,1.2191842151220893,5.314971799459294,33,0.518918918918919,0.9407387637519851,0.8,-4.428120304541109
QQQ,"d80,d65ret,d80_zero",2,time_asc,-999999.0,-9.999999999999997e+17,False,False,False,198,0.42424242424242425,1.0935003491284532,2.795082253980221,0,0.1919191919191919,1.7888561214540133,0.6666666666666666,-4.362963848850994,436,0.44724770642201833,1.138943661434217,8.059017926041946,27,0.3876146788990826,0.6204229902309781,0.5833333333333334,-3.868775242413024,191,0.44502617801047123,1.032956696902651,0.8440527432776523,34,0.5549738219895288,5.923800425769415,0.6,-4.575890049032408
QQQ,"d80,d65ret,d80_zero",2,time_asc,0.0,-9.999999999999999e+17,False,False,False,189,0.4074074074074074,1.0226478245102453,0.6888739415805539,0,0.21164021164021163,7.258222002893575,0.5,-4.362963848850995,397,0.45843828715365237,1.2212731186019081,11.612515845825719,23,0.37279596977329976,0.430569918386576,0.75,-3.88513363290064,185,0.4918918918918919,1.2800665035905854,6.352165407817651,33,0.5243243243243243,0.7871331552302571,0.8,-4.140675623779035
QQQ,"d80,d80_zero,d65ret",2,time_asc,-999999.0,-9.999999999999997e+17,False,False,False,198,0.42424242424242425,1.0935003491284532,2.795082253980221,0,0.1919191919191919,1.7888561214540133,0.6666666666666666,-4.362963848850994,436,0.44495412844036697,1.1303515624742992,7.599763996265828,27,0.3876146788990826,0.6579151671626603,0.5833333333333334,-3.868775242413024,191,0.43455497382198954,0.9777176619982546,-0.5799879883609238,34,0.5706806282722513,,0.6,-4.886602306766333
QQQ,"d80,d80_zero,d65ret",2,time_asc,0.0,-9.999999999999999e+17,False,False,True,189,0.4074074074074074,1.0226478245102453,0.6888739415805539,0,0.21164021164021163,7.258222002893575,0.5,-4.362963848850995,397,0.45843828715365237,1.2212731186019081,11.612515845825719,23,0.37279596977329976,0.430569918386576,0.75,-3.88513363290064,185,0.5027027027027027,1.3386233037422757,7.477113409270171,33,0.5351351351351351,0.6687072572419417,0.8,-4.140675623779035
QQQ,"d80_zero,d65ret,d80",2,time_asc,-999999.0,-9.999999999999997e+17,False,False,False,198,0.4090909090909091,1.0591652739286097,1.8046763903532537,0,0.1919191919191919,2.770579826237591,0.6666666666666666,-4.362963848850994,436,0.43577981651376146,1.1242837452654622,7.323923258508677,27,0.3830275229357798,0.6826942095810705,0.6666666666666666,-3.700244809756083,191,0.4397905759162304,0.9954381769217959,-0.12493202631500933,34,0.5445026178010471,,0.6,-4.606910533774581
QQQ,"d80_zero,d65ret,d80",2,time_asc,0.0,-9.999999999999999e+17,False,False,False,189,0.3915343915343915,0.9868103914965375,-0.410650215829385,0,0.21164021164021163,,0.5,-4.362963848850995,397,0.45591939546599497,1.239574969776756,12.57057511332447,23,0.37279596977329976,0.39775427575307476,0.8333333333333334,-3.77808334930105,185,0.5027027027027027,1.280069422046351,6.539307415285385,33,0.5243243243243243,0.7646069656111729,0.8,-3.6281203045411075
QQQ,"d80_zero,d80,d65ret",2,time_asc,-999999.0,-9.999999999999997e+17,False,False,False,198,0.42424242424242425,1.0935003491284532,2.795082253980221,0,0.1919191919191919,1.7888561214540133,0.6666666666666666,-4.362963848850994,436,0.4426605504587156,1.12065671911409,7.070731718849959,27,0.3853211009174312,0.7071403920856497,0.5833333333333334,-3.8687752424130215,191,0.44502617801047123,1.0253276915603882,0.6533458275990136,34,0.5654450261780105,7.652914871094447,0.6,-4.373406693558684
QQQ,"d80_zero,d80,d65ret",2,time_asc,0.0,-9.999999999999999e+17,False,False,True,189,0.4074074074074074,1.0226478245102453,0.6888739415805535,0,0.21164021164021163,7.25822200289358,0.5,-4.362963848850995,397,0.45591939546599497,1.209992160224194,11.083483568409848,23,0.3702770780856423,0.45112170457409284,0.75,-3.88513363290064,185,0.5135135135135135,1.393457236921686,8.564667911877645,33,0.5405405405405406,0.5837937969627409,0.8,-3.6274800105713836
QQQ,"d65ret,d80,cons_m2s1c45",2,time_asc,-999999.0,-9.999999999999997e+17,False,False,False,223,0.4439461883408072,1.1993439074411723,5.910270930419695,28,0.21973094170403587,0.8459849064220385,0.8333333333333334,-5.065786205296442,430,0.46744186046511627,1.245208266990386,12.509054110991448,27,0.4069767441860465,0.39971047815730554,0.75,-3.1666562880310476,191,0.46596858638743455,1.0749365239326825,1.8803203194587985,34,0.5549738219895288,2.6591213998257066,0.6,-4.337385049426395
QQQ,"d65ret,d80,cons_m2s1c45",2,time_asc,0.0,-9.999999999999997e+17,False,False,False,219,0.4429223744292237,1.1855341475479877,5.606530928807538,28,0.2328767123287671,0.8918170725339168,0.8333333333333334,-5.065786205296442,419,0.4701670644391408,1.2338132075954233,11.882471829023403,24,0.38902147971360385,0.4207878690515642,0.8333333333333334,-3.332090951155007,185,0.4810810810810811,1.1618092679586114,3.8381382531099497,33,0.518918918918919,1.3027149285069712,0.8,-4.337385049426394
QQQ,"d65ret,cons_m2s1c45,d80",2,time_asc,-999999.0,-9.999999999999997e+17,False,False,False,223,0.45739910313901344,1.214321633817839,6.394022128543748,28,0.21973094170403587,0.7819804028640046,0.8333333333333334,-5.1713883611769464,430,0.4697674418604651,1.2550369139133937,13.192867978537762,27,0.4069767441860465,0.37899265028150286,0.75,-3.2841042888943406,191,0.47643979057591623,1.0704829689145292,1.7681764522372947,34,0.5497382198952879,2.8277720776529063,0.6,-3.9257425655823255
QQQ,"d65ret,cons_m2s1c45,d80",2,time_asc,0.0,-9.999999999999997e+17,False,False,False,219,0.4520547945205479,1.1825393083403257,5.552514049784224,28,0.2328767123287671,0.9004929938348025,0.8333333333333334,-5.1713883611769464,419,0.47255369928400953,1.247034660264229,12.698096840218088,24,0.38902147971360385,0.39375979431529723,0.75,-3.3320909511550063,185,0.4918918918918919,1.1573180832163807,3.74942792613836,33,0.5135135135135135,1.3335367684076644,0.6,-3.9257425655823255
QQQ,"d80,d65ret,cons_m2s1c45",2,time_asc,-999999.0,-9.999999999999997e+17,False,False,False,223,0.4618834080717489,1.2241715547102208,6.442722149892726,28,0.21973094170403587,0.7760694755528534,0.8333333333333334,-5.065786205296442,430,0.4744186046511628,1.236449078328017,11.984894848748596,27,0.4116279069767442,0.41719181211857487,0.6666666666666666,-3.755779148876826,191,0.4712041884816754,1.1116294478829098,2.645169674318997,34,0.5549738219895288,1.8902379112172671,0.6,-4.049940368664322
QQQ,"d80,d65ret,cons_m2s1c45",2,time_asc,0.0,-9.999999999999997e+17,False,False,False,219,0.4611872146118721,1.2139706870995832,6.2481004420635395,28,0.2328767123287671,0.8002432173367345,0.8333333333333334,-5.065786205296442,419,0.4701670644391408,1.2028868332056855,10.331658958968145,24,0.3914081145584726,0.4839493850752663,0.75,-3.8893056443787426,185,0.4918918918918919,1.2360764825843547,5.224767665231845,33,0.5243243243243243,0.9569803521164092,0.8,-4.049940368664322
QQQ,"d80,cons_m2s1c45,d65ret",2,time_asc,-999999.0,-9.999999999999997e+17,False,False,False,223,0.4618834080717489,1.2241715547102208,6.442722149892726,28,0.21973094170403587,0.7760694755528534,0.8333333333333334,-5.065786205296442,430,0.47674418604651164,1.2413063296024442,12.154518631641114,27,0.4116279069767442,0.4113696437951731,0.6666666666666666,-3.755779148876826,191,0.4712041884816754,1.1164853940370822,2.7528525858662105,34,0.5549738219895288,1.8162977653330115,0.6,-4.005643202978267
QQQ,"d80,cons_m2s1c45,d65ret",2,time_asc,0.0,-9.999999999999997e+17,False,False,False,219,0.4611872146118721,1.2139706870995832,6.2481004420635395,28,0.2328767123287671,0.8002432173367345,0.8333333333333334,-5.065786205296442,419,0.4701670644391408,1.1992940859185155,10.151019550035015,24,0.3914081145584726,0.4925613604973062,0.75,-3.889305644378741,185,0.4918918918918919,1.236313494467726,5.237477619251414,33,0.5243243243243243,0.9546580173672692,0.8,-4.005643202978267
QQQ,"cons_m2s1c45,d65ret,d80",2,time_asc,-999999.0,-9.999999999999997e+17,False,False,False,223,0.45739910313901344,1.2074444226824619,6.188848999732853,28,0.21973094170403587,0.8079046685766335,0.8333333333333334,-5.1713883611769464,430,0.4744186046511628,1.2763615972261064,14.133407127250852,27,0.4069767441860465,0.35377173776869547,0.75,-3.2841042888943406,191,0.4816753926701571,1.0821215845437895,2.0218288535493487,34,0.5497382198952879,2.4730085294917177,0.6,-3.6186353035437424
QQQ,"cons_m2s1c45,d65ret,d80",2,time_asc,0.0,-9.999999999999997e+17,False,False,False,219,0.4520547945205479,1.1757942266192596,5.347340920973328,28,0.2328767123287671,0.9350441787597668,0.8333333333333334,-5.1713883611769464,419,0.47494033412887826,1.2598288769573667,13.28837279710553,24,0.38902147971360385,0.37626879350413006,0.75,-3.2841042888943406,185,0.4972972972972973,1.166463260474033,3.905890142638139,33,0.5135135135135135,1.280117928924358,0.6,-3.8984971007914546
QQQ,"cons_m2s1c45,d80,d65ret",2,time_asc,-999999.0,-9.999999999999997e+17,False,False,False,223,0.4618834080717489,1.1975101933190853,5.833220437090462,28,0.21973094170403587,0.8571594462996049,0.8333333333333334,-5.1713883611769464,430,0.47674418604651164,1.2595333833811526,13.311204800501933,27,0.4116279069767442,0.37562339960477975,0.6666666666666666,-4.224117006899876,191,0.4869109947643979,1.0729100898098338,1.7722594508438332,34,0.5497382198952879,2.780113969437134,0.6,-3.6186353035437424
QQQ,"cons_m2s1c45,d80,d65ret",2,time_asc,0.0,-9.999999999999997e+17,False,False,False,219,0.45662100456621,1.1657375011972688,4.991712358330937,28,0.2328767123287671,1.0016602802954444,0.8333333333333334,-5.1713883611769464,419,0.4701670644391408,1.2211788015593226,11.439516862544203,24,0.3914081145584726,0.4370813960134306,0.6666666666666666,-4.224117006899871,185,0.5027027027027027,1.158371719234482,3.6832518955718365,33,0.5135135135135135,1.3574960773145097,0.6,-3.8984971007914546
QQQ,"d65ret,d80,cons_m2s2c30",2,time_asc,-999999.0,-9.999999999999997e+17,False,False,False,245,0.46122448979591835,1.230212797741813,7.247688640066833,38,0.21224489795918366,0.6898751103019091,0.8333333333333334,-5.461237127427143,479,0.46346555323590816,1.2053942726071698,12.010854490083076,36,0.40501043841336115,0.41629011525602255,0.75,-3.173285664479531,191,0.46596858638743455,1.0749365239326825,1.8803203194587985,34,0.5549738219895288,2.6591213998257066,0.6,-4.337385049426395
QQQ,"d65ret,d80,cons_m2s2c30",2,time_asc,0.0,-9.999999999999997e+17,False,False,False,244,0.45081967213114754,1.175423365659267,5.745279857803381,38,0.22131147540983606,0.8702796249705532,0.8333333333333334,-5.461237127427143,469,0.4669509594882729,1.212508894930374,12.297856861716278,32,0.3880597014925373,0.40657490619891673,0.75,-3.332090951155007,190,0.49473684210526314,1.2115935313691746,5.027460042809571,34,0.5157894736842106,0.9945379888500865,0.8,-4.337385049426395
QQQ,"d65ret,cons_m2s2c30,d80",2,time_asc,-999999.0,-9.999999999999997e+17,False,False,False,245,0.47346938775510206,1.2502103894619132,7.916133128928724,38,0.21224489795918366,0.6316215150207612,0.8333333333333334,-5.566839283307647,479,0.46555323590814196,1.2181040953846483,12.871515602447873,36,0.407098121085595,0.38845464313845934,0.75,-3.322437114613745,191,0.4869109947643979,1.133320766332949,3.2767573264187755,34,0.5497382198952879,1.5258987779435549,0.6,-3.925742565582326
QQQ,"d65ret,cons_m2s2c30,d80",2,time_asc,0.0,-9.999999999999997e+17,False,False,False,244,0.45901639344262296,1.1774205488131109,5.846148591353088,38,0.22131147540983606,0.8552639266465776,0.8333333333333334,-5.566839283307647,469,0.4690831556503198,1.2280633635420029,13.290329117729446,32,0.39019189765458423,0.3762134071856765,0.8333333333333334,-3.332090951155007,190,0.5105263157894737,1.256717041942814,5.987740199364043,34,0.5157894736842106,0.8350395697747623,0.8,-3.925742565582325
QQQ,"d80,d65ret,cons_m2s2c30",2,time_asc,-999999.0,-9.999999999999997e+17,False,False,False,245,0.4775510204081633,1.2544684258860788,7.780139859539865,38,0.21224489795918366,0.6426619688422557,0.8333333333333334,-5.461237127427143,479,0.4697286012526096,1.1975353645964937,11.486695227840226,36,0.4091858037578288,0.43528620728802253,0.6666666666666666,-3.771547257453994,191,0.4712041884816754,1.1116294478829098,2.645169674318997,34,0.5549738219895288,1.8902379112172671,0.6,-4.049940368664322
QQQ,"d80,d65ret,cons_m2s2c30",2,time_asc,0.0,-9.999999999999997e+17,False,False,False,244,0.4672131147540984,1.2012661837394283,6.386849371059384,38,0.22131147540983606,0.782858606726567,0.8333333333333334,-5.461237127427143,469,0.4669509594882729,1.1853809803219701,10.747043991661016,32,0.39019189765458423,0.4652442107689951,0.6666666666666666,-3.771547257453994,190,0.5052631578947369,1.2892940214204422,6.414089454931467,34,0.5210526315789473,0.779533873846389,0.8,-4.04994036866432
QQQ,"d80,cons_m2s2c30,d65ret",2,time_asc,-999999.0,-9.999999999999997e+17,False,False,False,245,0.4775510204081633,1.2544684258860788,7.780139859539865,38,0.21224489795918366,0.6426619688422557,0.8333333333333334,-5.461237127427143,479,0.4697286012526096,1.1926120584335789,11.197065080956627,36,0.4091858037578288,0.44654558706671577,0.6666666666666666,-4.230801187230112,191,0.4712041884816754,1.1164853940370822,2.7528525858662105,34,0.5549738219895288,1.8162977653330115,0.6,-4.005643202978267
QQQ,"d80,cons_m2s2c30,d65ret",2,time_asc,0.0,-9.999999999999997e+17,False,False,False,244,0.4672131147540984,1.2012661837394283,6.386849371059384,38,0.22131147540983606,0.782858606726567,0.8333333333333334,-5.461237127427143,469,0.4669509594882729,1.1881050473317494,10.907150652951767,32,0.39019189765458423,0.4584148655402377,0.6666666666666666,-4.230801187230114,190,0.5052631578947369,1.289454898084644,6.426799408951036,34,0.5210526315789473,0.7779922293881094,0.8,-4.005643202978266
QQQ,"cons_m2s2c30,d65ret,d80",2,time_asc,-999999.0,-9.999999999999997e+17,False,False,False,245,0.47346938775510206,1.2437253483906243,7.7109600001178285,38,0.21224489795918366,0.6484276925212421,0.8333333333333334,-5.566839283307647,479,0.46764091858037576,1.2313676895382886,13.543466415482442,36,0.407098121085595,0.36918170331076877,0.75,-3.78169104438987,191,0.49214659685863876,1.1464209898213724,3.53040972773083,34,0.5497382198952879,1.41626620862892,0.6,-3.485814893895677
QQQ,"cons_m2s2c30,d65ret,d80",2,time_asc,0.0,-9.999999999999997e+17,False,False,False,244,0.45901639344262296,1.171193897446573,5.640975462542191,38,0.22131147540983606,0.8863715208834952,0.8333333333333334,-5.566839283307647,469,0.4690831556503198,1.2341862130454175,13.612016738938365,32,0.39019189765458423,0.36732249863439137,0.8333333333333334,-3.7816910443898664,190,0.5157894736842106,1.26766481921807,6.144202415863822,34,0.5157894736842106,0.8137752732706874,0.8,-3.5632354275423337
QQQ,"cons_m2s2c30,d80,d65ret",2,time_asc,-999999.0,-9.999999999999997e+17,False,False,False,245,0.4775510204081633,1.2347103572286051,7.355331437475439,38,0.21224489795918366,0.679779020497293,0.8333333333333334,-5.566839283307647,479,0.4697286012526096,1.2280457215484901,13.387951227424873,36,0.40501043841336115,0.3734701385644152,0.6666666666666666,-3.781691044389863,191,0.4973821989528796,1.1406892367470673,3.3562677169031936,34,0.5497382198952879,1.4897500502771177,0.6,-3.485814893895677
QQQ,"cons_m2s2c30,d80,d65ret",2,time_asc,0.0,-9.999999999999997e+17,False,False,False,244,0.46311475409836067,1.1618749706235236,5.285346899899803,38,0.22131147540983606,0.9460116988905283,0.8333333333333334,-5.566839283307647,469,0.4669509594882729,1.2192771997746747,12.811360928789387,32,0.3880597014925373,0.39027859942374415,0.75,-3.781691044389863,190,0.5210526315789473,1.2603129588916642,5.921564168797519,34,0.5157894736842106,0.8443714966978633,0.8,-3.5632354275423337
QQQ,"d65ret,d80,cons_m3allc30",2,time_asc,-999999.0,-9.999999999999997e+17,False,False,False,245,0.46122448979591835,1.230212797741813,7.247688640066833,38,0.21224489795918366,0.6898751103019091,0.8333333333333334,-5.461237127427143,479,0.46346555323590816,1.2053942726071698,12.010854490083076,36,0.40501043841336115,0.41629011525602255,0.75,-3.173285664479531,191,0.46596858638743455,1.0749365239326825,1.8803203194587985,34,0.5549738219895288,2.6591213998257066,0.6,-4.337385049426395
QQQ,"d65ret,d80,cons_m3allc30",2,time_asc,0.0,-9.999999999999997e+17,False,False,False,244,0.45081967213114754,1.175423365659267,5.745279857803381,38,0.22131147540983606,0.8702796249705532,0.8333333333333334,-5.461237127427143,469,0.4669509594882729,1.212508894930374,12.297856861716278,32,0.3880597014925373,0.40657490619891673,0.75,-3.332090951155007,190,0.49473684210526314,1.2115935313691746,5.027460042809571,34,0.5157894736842106,0.9945379888500865,0.8,-4.337385049426395
QQQ,"d65ret,cons_m3allc30,d80",2,time_asc,-999999.0,-9.999999999999997e+17,False,False,False,245,0.47346938775510206,1.2502103894619132,7.916133128928724,38,0.21224489795918366,0.6316215150207612,0.8333333333333334,-5.566839283307647,479,0.46555323590814196,1.2181040953846483,12.871515602447873,36,0.407098121085595,0.38845464313845934,0.75,-3.322437114613745,191,0.4869109947643979,1.133320766332949,3.2767573264187755,34,0.5497382198952879,1.5258987779435549,0.6,-3.925742565582326
QQQ,"d65ret,cons_m3allc30,d80",2,time_asc,0.0,-9.999999999999997e+17,False,False,False,244,0.45901639344262296,1.1774205488131109,5.846148591353088,38,0.22131147540983606,0.8552639266465776,0.8333333333333334,-5.566839283307647,469,0.4690831556503198,1.2280633635420029,13.290329117729446,32,0.39019189765458423,0.3762134071856765,0.8333333333333334,-3.332090951155007,190,0.5105263157894737,1.256717041942814,5.987740199364043,34,0.5157894736842106,0.8350395697747623,0.8,-3.925742565582325
QQQ,"d80,d65ret,cons_m3allc30",2,time_asc,-999999.0,-9.999999999999997e+17,False,False,False,245,0.4775510204081633,1.2544684258860788,7.780139859539865,38,0.21224489795918366,0.6426619688422557,0.8333333333333334,-5.461237127427143,479,0.4697286012526096,1.1975353645964937,11.486695227840226,36,0.4091858037578288,0.43528620728802253,0.6666666666666666,-3.771547257453994,191,0.4712041884816754,1.1116294478829098,2.645169674318997,34,0.5549738219895288,1.8902379112172671,0.6,-4.049940368664322
QQQ,"d80,d65ret,cons_m3allc30",2,time_asc,0.0,-9.999999999999997e+17,False,False,False,244,0.4672131147540984,1.2012661837394283,6.386849371059384,38,0.22131147540983606,0.782858606726567,0.8333333333333334,-5.461237127427143,469,0.4669509594882729,1.1853809803219701,10.747043991661016,32,0.39019189765458423,0.4652442107689951,0.6666666666666666,-3.771547257453994,190,0.5052631578947369,1.2892940214204422,6.414089454931467,34,0.5210526315789473,0.779533873846389,0.8,-4.04994036866432
QQQ,"d80,cons_m3allc30,d65ret",2,time_asc,-999999.0,-9.999999999999997e+17,False,False,False,245,0.4775510204081633,1.2544684258860788,7.780139859539865,38,0.21224489795918366,0.6426619688422557,0.8333333333333334,-5.461237127427143,479,0.4697286012526096,1.1926120584335789,11.197065080956627,36,0.4091858037578288,0.44654558706671577,0.6666666666666666,-4.230801187230112,191,0.4712041884816754,1.1164853940370822,2.7528525858662105,34,0.5549738219895288,1.8162977653330115,0.6,-4.005643202978267
QQQ,"d80,cons_m3allc30,d65ret",2,time_asc,0.0,-9.999999999999997e+17,False,False,False,244,0.4672131147540984,1.2012661837394283,6.386849371059384,38,0.22131147540983606,0.782858606726567,0.8333333333333334,-5.461237127427143,469,0.4669509594882729,1.1881050473317494,10.907150652951767,32,0.39019189765458423,0.4584148655402377,0.6666666666666666,-4.230801187230114,190,0.5052631578947369,1.289454898084644,6.426799408951036,34,0.5210526315789473,0.7779922293881094,0.8,-4.005643202978266
QQQ,"cons_m3allc30,d65ret,d80",2,time_asc,-999999.0,-9.999999999999997e+17,False,False,False,245,0.47346938775510206,1.2437253483906243,7.7109600001178285,38,0.21224489795918366,0.6484276925212421,0.8333333333333334,-5.566839283307647,479,0.46764091858037576,1.2313676895382886,13.543466415482442,36,0.407098121085595,0.36918170331076877,0.75,-3.78169104438987,191,0.49214659685863876,1.1464209898213724,3.53040972773083,34,0.5497382198952879,1.41626620862892,0.6,-3.485814893895677
QQQ,"cons_m3allc30,d65ret,d80",2,time_asc,0.0,-9.999999999999997e+17,False,False,False,244,0.45901639344262296,1.171193897446573,5.640975462542191,38,0.22131147540983606,0.8863715208834952,0.8333333333333334,-5.566839283307647,469,0.4690831556503198,1.2341862130454175,13.612016738938365,32,0.39019189765458423,0.36732249863439137,0.8333333333333334,-3.7816910443898664,190,0.5157894736842106,1.26766481921807,6.144202415863822,34,0.5157894736842106,0.8137752732706874,0.8,-3.5632354275423337
QQQ,"cons_m3allc30,d80,d65ret",2,time_asc,-999999.0,-9.999999999999997e+17,False,False,False,245,0.4775510204081633,1.2347103572286051,7.355331437475439,38,0.21224489795918366,0.679779020497293,0.8333333333333334,-5.566839283307647,479,0.4697286012526096,1.2280457215484901,13.387951227424873,36,0.40501043841336115,0.3734701385644152,0.6666666666666666,-3.781691044389863,191,0.4973821989528796,1.1406892367470673,3.3562677169031936,34,0.5497382198952879,1.4897500502771177,0.6,-3.485814893895677
QQQ,"cons_m3allc30,d80,d65ret",2,time_asc,0.0,-9.999999999999997e+17,False,False,False,244,0.46311475409836067,1.1618749706235236,5.285346899899803,38,0.22131147540983606,0.9460116988905283,0.8333333333333334,-5.566839283307647,469,0.4669509594882729,1.2192771997746747,12.811360928789387,32,0.3880597014925373,0.39027859942374415,0.75,-3.781691044389863,190,0.5210526315789473,1.2603129588916642,5.921564168797519,34,0.5157894736842106,0.8443714966978633,0.8,-3.5632354275423337
QQQ,"d65ret,d80,cons_m3s2c30",2,time_asc,-999999.0,-9.999999999999997e+17,False,False,False,245,0.46122448979591835,1.230212797741813,7.247688640066833,38,0.21224489795918366,0.6898751103019091,0.8333333333333334,-5.461237127427143,479,0.46346555323590816,1.2053942726071698,12.010854490083076,36,0.40501043841336115,0.41629011525602255,0.75,-3.173285664479531,191,0.46596858638743455,1.0749365239326825,1.8803203194587985,34,0.5549738219895288,2.6591213998257066,0.6,-4.337385049426395
QQQ,"d65ret,d80,cons_m3s2c30",2,time_asc,0.0,-9.999999999999997e+17,False,False,False,244,0.45081967213114754,1.175423365659267,5.745279857803381,38,0.22131147540983606,0.8702796249705532,0.8333333333333334,-5.461237127427143,469,0.4669509594882729,1.212508894930374,12.297856861716278,32,0.3880597014925373,0.40657490619891673,0.75,-3.332090951155007,190,0.49473684210526314,1.2115935313691746,5.027460042809571,34,0.5157894736842106,0.9945379888500865,0.8,-4.337385049426395
QQQ,"d65ret,cons_m3s2c30,d80",2,time_asc,-999999.0,-9.999999999999997e+17,False,False,False,245,0.47346938775510206,1.2502103894619132,7.916133128928724,38,0.21224489795918366,0.6316215150207612,0.8333333333333334,-5.566839283307647,479,0.46555323590814196,1.2181040953846483,12.871515602447873,36,0.407098121085595,0.38845464313845934,0.75,-3.322437114613745,191,0.4869109947643979,1.133320766332949,3.2767573264187755,34,0.5497382198952879,1.5258987779435549,0.6,-3.925742565582326
QQQ,"d65ret,cons_m3s2c30,d80",2,time_asc,0.0,-9.999999999999997e+17,False,False,False,244,0.45901639344262296,1.1774205488131109,5.846148591353088,38,0.22131147540983606,0.8552639266465776,0.8333333333333334,-5.566839283307647,469,0.4690831556503198,1.2280633635420029,13.290329117729446,32,0.39019189765458423,0.3762134071856765,0.8333333333333334,-3.332090951155007,190,0.5105263157894737,1.256717041942814,5.987740199364043,34,0.5157894736842106,0.8350395697747623,0.8,-3.925742565582325
QQQ,"d80,d65ret,cons_m3s2c30",2,time_asc,-999999.0,-9.999999999999997e+17,False,False,False,245,0.4775510204081633,1.2544684258860788,7.780139859539865,38,0.21224489795918366,0.6426619688422557,0.8333333333333334,-5.461237127427143,479,0.4697286012526096,1.1975353645964937,11.486695227840226,36,0.4091858037578288,0.43528620728802253,0.6666666666666666,-3.771547257453994,191,0.4712041884816754,1.1116294478829098,2.645169674318997,34,0.5549738219895288,1.8902379112172671,0.6,-4.049940368664322
QQQ,"d80,d65ret,cons_m3s2c30",2,time_asc,0.0,-9.999999999999997e+17,False,False,False,244,0.4672131147540984,1.2012661837394283,6.386849371059384,38,0.22131147540983606,0.782858606726567,0.8333333333333334,-5.461237127427143,469,0.4669509594882729,1.1853809803219701,10.747043991661016,32,0.39019189765458423,0.4652442107689951,0.6666666666666666,-3.771547257453994,190,0.5052631578947369,1.2892940214204422,6.414089454931467,34,0.5210526315789473,0.779533873846389,0.8,-4.04994036866432
QQQ,"d80,cons_m3s2c30,d65ret",2,time_asc,-999999.0,-9.999999999999997e+17,False,False,False,245,0.4775510204081633,1.2544684258860788,7.780139859539865,38,0.21224489795918366,0.6426619688422557,0.8333333333333334,-5.461237127427143,479,0.4697286012526096,1.1926120584335789,11.197065080956627,36,0.4091858037578288,0.44654558706671577,0.6666666666666666,-4.230801187230112,191,0.4712041884816754,1.1164853940370822,2.7528525858662105,34,0.5549738219895288,1.8162977653330115,0.6,-4.005643202978267
QQQ,"d80,cons_m3s2c30,d65ret",2,time_asc,0.0,-9.999999999999997e+17,False,False,False,244,0.4672131147540984,1.2012661837394283,6.386849371059384,38,0.22131147540983606,0.782858606726567,0.8333333333333334,-5.461237127427143,469,0.4669509594882729,1.1881050473317494,10.907150652951767,32,0.39019189765458423,0.4584148655402377,0.6666666666666666,-4.230801187230114,190,0.5052631578947369,1.289454898084644,6.426799408951036,34,0.5210526315789473,0.7779922293881094,0.8,-4.005643202978266
QQQ,"cons_m3s2c30,d65ret,d80",2,time_asc,-999999.0,-9.999999999999997e+17,False,False,False,245,0.47346938775510206,1.2437253483906243,7.7109600001178285,38,0.21224489795918366,0.6484276925212421,0.8333333333333334,-5.566839283307647,479,0.46764091858037576,1.2313676895382886,13.543466415482442,36,0.407098121085595,0.36918170331076877,0.75,-3.78169104438987,191,0.49214659685863876,1.1464209898213724,3.53040972773083,34,0.5497382198952879,1.41626620862892,0.6,-3.485814893895677
QQQ,"cons_m3s2c30,d65ret,d80",2,time_asc,0.0,-9.999999999999997e+17,False,False,False,244,0.45901639344262296,1.171193897446573,5.640975462542191,38,0.22131147540983606,0.8863715208834952,0.8333333333333334,-5.566839283307647,469,0.4690831556503198,1.2341862130454175,13.612016738938365,32,0.39019189765458423,0.36732249863439137,0.8333333333333334,-3.7816910443898664,190,0.5157894736842106,1.26766481921807,6.144202415863822,34,0.5157894736842106,0.8137752732706874,0.8,-3.5632354275423337
QQQ,"cons_m3s2c30,d80,d65ret",2,time_asc,-999999.0,-9.999999999999997e+17,False,False,False,245,0.4775510204081633,1.2347103572286051,7.355331437475439,38,0.21224489795918366,0.679779020497293,0.8333333333333334,-5.566839283307647,479,0.4697286012526096,1.2280457215484901,13.387951227424873,36,0.40501043841336115,0.3734701385644152,0.6666666666666666,-3.781691044389863,191,0.4973821989528796,1.1406892367470673,3.3562677169031936,34,0.5497382198952879,1.4897500502771177,0.6,-3.485814893895677
QQQ,"cons_m3s2c30,d80,d65ret",2,time_asc,0.0,-9.999999999999997e+17,False,False,False,244,0.46311475409836067,1.1618749706235236,5.285346899899803,38,0.22131147540983606,0.9460116988905283,0.8333333333333334,-5.566839283307647,469,0.4669509594882729,1.2192771997746747,12.811360928789387,32,0.3880597014925373,0.39027859942374415,0.75,-3.781691044389863,190,0.5210526315789473,1.2603129588916642,5.921564168797519,34,0.5157894736842106,0.8443714966978633,0.8,-3.5632354275423337
QQQ,"d65ret,d80_front,d80_zero",2,time_asc,-999999.0,-9.999999999999999e+17,False,False,False,176,0.5056818181818182,1.36005017644451,6.824070506395458,0,0.20454545454545456,0.6480858413712408,0.6666666666666666,-3.5286757690526978,451,0.4501108647450111,1.1538835731676802,7.705473372985326,26,0.4035476718403548,0.6488894008159882,0.8333333333333334,-3.5696050207450014,190,0.4473684210526316,1.0329080322214086,0.7615336252239675,32,0.5789473684210527,6.268331073147573,0.4,-4.156364930980748
QQQ,"d65ret,d80_front,d80_zero",2,time_asc,0.0,-9.999999999999999e+17,False,False,False,176,0.5113636363636364,1.398078436308682,7.425400757965257,0,0.21022727272727273,0.6108371187114837,0.6666666666666666,-3.5286757690526978,428,0.48364485981308414,1.263206881730034,11.361798561930707,26,0.4252336448598131,0.4400711711923144,0.6666666666666666,-2.99331682361057,182,0.489010989010989,1.1955972581768168,3.9025238381373093,29,0.5879120879120879,1.2812221545292393,0.8,-4.409630360840778
QQQ,"d65ret,d80_zero,d80_front",2,time_asc,-999999.0,-9.999999999999999e+17,False,False,False,176,0.5056818181818182,1.36005017644451,6.824070506395457,0,0.20454545454545456,0.6480858413712409,0.6666666666666666,-3.5286757690526978,451,0.4523281596452328,1.1676371865247117,8.367073358743788,26,0.401330376940133,0.5975805141919645,0.8333333333333334,-3.5696050207450014,190,0.4368421052631579,1.0120573126337726,0.287455281241072,32,0.5789473684210527,16.606217376242324,0.6,-4.456080658464174
QQQ,"d65ret,d80_zero,d80_front",2,time_asc,0.0,-9.999999999999999e+17,False,False,False,176,0.5113636363636364,1.398078436308682,7.425400757965255,0,0.21022727272727273,0.6108371187114839,0.6666666666666666,-3.5286757690526978,428,0.48598130841121495,1.2935215865138654,12.622954246209206,26,0.42289719626168226,0.3961037885803593,0.6666666666666666,-2.99331682361057,182,0.489010989010989,1.1931060992898102,3.9067933026283486,29,0.5824175824175825,1.2798219953526033,0.8,-4.754796700113278
QQQ,"d80_front,d65ret,d80_zero",2,time_asc,-999999.0,-9.999999999999999e+17,False,False,False,176,0.5056818181818182,1.36005017644451,6.824070506395458,0,0.20454545454545456,0.6480858413712408,0.6666666666666666,-3.5286757690526978,451,0.458980044345898,1.1712335193819965,8.310584382428376,26,0.4035476718403548,0.6016424080323202,0.8333333333333334,-3.5608430970912623,190,0.45263157894736844,1.0825781312978726,1.83846039688497,32,0.5789473684210527,2.596490462523022,0.8,-3.691353592495729
QQQ,"d80_front,d65ret,d80_zero",2,time_asc,0.0,-9.999999999999999e+17,False,False,False,176,0.5113636363636364,1.3980784363086818,7.425400757965257,0,0.21022727272727273,0.6108371187114837,0.6666666666666666,-3.5286757690526978,428,0.49065420560747663,1.2750114822135599,11.550283551888239,26,0.4252336448598131,0.432889805478637,0.6666666666666666,-2.686521494195233,182,0.4945054945054945,1.248103510323222,4.750643897430625,29,0.5934065934065934,1.052488906336305,0.8,-3.9772337695653914
QQQ,"d80_front,d80_zero,d65ret",2,time_asc,-999999.0,-9.999999999999999e+17,False,False,False,176,0.5113636363636364,1.341289787636383,6.3661158622415215,0,0.20454545454545456,0.6947067209293251,0.6666666666666666,-3.480251371026589,451,0.458980044345898,1.1712335193819965,8.310584382428374,26,0.4035476718403548,0.6016424080323203,0.8333333333333334,-3.5608430970912623,190,0.46842105263157896,1.143558116878113,3.0407570996873616,32,0.5947368421052631,1.5698540625717559,0.8,-2.871159608853439
QQQ,"d80_front,d80_zero,d65ret",2,time_asc,0.0,-9.999999999999999e+17,False,False,True,176,0.5170454545454546,1.37963300019241,6.967446113811319,0,0.21022727272727273,0.6509860758424221,0.6666666666666666,-3.480251371026589,428,0.49065420560747663,1.2750114822135599,11.550283551888239,26,0.4252336448598131,0.432889805478637,0.6666666666666666,-2.686521494195233,182,0.521978021978022,1.4048872798796879,7.14538198134772,29,0.6043956043956044,0.6997526532594034,0.8,-3.1772337695653907
QQQ,"d80_zero,d65ret,d80_front",2,time_asc,-999999.0,-9.999999999999999e+17,False,False,False,176,0.5113636363636364,1.341289787636383,6.366115862241521,0,0.20454545454545456,0.6947067209293251,0.6666666666666666,-3.480251371026589,451,0.4523281596452328,1.1676371865247117,8.367073358743786,26,0.401330376940133,0.5975805141919646,0.8333333333333334,-3.5696050207450014,190,0.4473684210526316,1.0431979663776414,1.0030804579481127,32,0.5789473684210527,4.758885340068145,0.6,-3.635886674821884
QQQ,"d80_zero,d65ret,d80_front",2,time_asc,0.0,-9.999999999999999e+17,False,False,False,176,0.5170454545454546,1.3796330001924095,6.967446113811318,0,0.21022727272727273,0.6509860758424222,0.6666666666666666,-3.480251371026589,428,0.48598130841121495,1.2935215865138654,12.622954246209206,26,0.42289719626168226,0.3961037885803593,0.6666666666666666,-2.99331682361057,182,0.5054945054945055,1.267782054838321,5.176583385092924,29,0.5879120879120879,0.9658880439168751,0.8,-3.954796700113277
QQQ,"d80_zero,d80_front,d65ret",2,time_asc,-999999.0,-9.999999999999999e+17,False,False,False,176,0.5113636363636364,1.341289787636383,6.366115862241521,0,0.20454545454545456,0.6947067209293251,0.6666666666666666,-3.480251371026589,451,0.4611973392461197,1.1854828967756357,8.972184368186838,26,0.401330376940133,0.5572778929653711,0.8333333333333334,-3.5608430970912623,190,0.4631578947368421,1.140526426700355,2.979753788210566,32,0.5947368421052631,1.6019930589986011,0.8,-2.871159608853439
QQQ,"d80_zero,d80_front,d65ret",2,time_asc,0.0,-9.999999999999999e+17,False,True,True,176,0.5170454545454546,1.3796330001924095,6.967446113811318,0,0.21022727272727273,0.6509860758424222,0.6666666666666666,-3.480251371026589,428,0.4929906542056075,1.3062177444646834,12.811439236166738,26,0.42289719626168226,0.39027621392333367,0.6666666666666666,-2.686521494195233,182,0.521978021978022,1.4048872798796879,7.14538198134772,29,0.6043956043956044,0.6997526532594034,0.8,-3.1772337695653907
QQQ,"d65ret,d80_front,cons_m2s1c45",2,time_asc,-999999.0,-9.999999999999997e+17,False,False,False,222,0.5,1.27075550734704,6.408816889801086,25,0.25675675675675674,0.6147533842258588,0.6666666666666666,-2.7827007606675584,468,0.4551282051282051,1.1380759986865798,6.702158533118977,34,0.4230769230769231,0.7460283094308058,0.6666666666666666,-4.267157397248672,189,0.48148148148148145,1.2361622541579234,4.7181650404194375,33,0.582010582010582,1.0369693589470141,0.8,-3.3815621714787776
QQQ,"d65ret,d80_front,cons_m2s1c45",2,time_asc,0.0,-9.999999999999997e+17,False,False,False,221,0.502262443438914,1.2870680705434423,6.708816889801087,25,0.25339366515837103,0.5872632889829662,0.6666666666666666,-2.7827007606675584,466,0.4721030042918455,1.2030659464061324,9.634449470365327,34,0.4206008583690987,0.5189710128616624,0.6666666666666666,-4.267157397248669,184,0.483695652173913,1.22884123770402,4.611579255829843,30,0.5706521739130435,1.0842272728326472,0.8,-3.4885172709640826
QQQ,"d65ret,cons_m2s1c45,d80_front",2,time_asc,-999999.0,-9.999999999999997e+17,False,False,False,222,0.4954954954954955,1.2843537734003267,6.785090825828102,25,0.25675675675675674,0.5806616260598417,0.6666666666666666,-2.672320016558735,468,0.4594017094017094,1.1447977983398294,7.2139372948246745,34,0.4230769230769231,0.6931027808610192,0.5833333333333334,-4.591521962307523,189,0.5026455026455027,1.2528223935065732,5.0925751494101394,33,0.582010582010582,0.9675032988621909,0.8,-3.2028270454180117
QQQ,"d65ret,cons_m2s1c45,d80_front",2,time_asc,0.0,5.771565999016358,True,False,False,221,0.497737556561086,1.3007070231779587,7.085090825828103,25,0.25339366515837103,0.5560749987179695,0.6666666666666666,-2.672320016558735,466,0.47639484978540775,1.2094900330879839,10.205547530548309,34,0.4206008583690987,0.4899296176940511,0.6666666666666666,-4.591521962307526,184,0.5054347826086957,1.2474706764718884,5.0276831523032985,30,0.5706521739130435,0.9944938550293059,0.8,-3.294852506866136
QQQ,"d80_front,d65ret,cons_m2s1c45",2,time_asc,-999999.0,-9.999999999999997e+17,False,False,False,222,0.5,1.27075550734704,6.408816889801086,25,0.25675675675675674,0.6147533842258588,0.6666666666666666,-2.7827007606675584,468,0.4636752136752137,1.1505825542484522,7.107449510687452,34,0.4230769230769231,0.7034872344125012,0.6666666666666666,-4.160182099707914,189,0.48148148148148145,1.2710370310566712,5.258255085617037,33,0.582010582010582,0.9304593439661609,0.8,-3.101851133017429
QQQ,"d80_front,d65ret,cons_m2s1c45",2,time_asc,0.0,-9.999999999999997e+17,False,False,True,221,0.502262443438914,1.2870680705434423,6.708816889801087,25,0.25339366515837103,0.5872632889829662,0.6666666666666666,-2.7827007606675584,466,0.47854077253218885,1.2086095245012207,9.695592391741307,34,0.4206008583690987,0.5156982469950978,0.6666666666666666,-4.160182099707912,184,0.4945652173913043,1.3089704364706902,5.891713918004983,30,0.5760869565217391,0.84864948800723,0.8,-3.3851592275069597
QQQ,"d80_front,cons_m2s1c45,d65ret",2,time_asc,-999999.0,-9.999999999999997e+17,False,False,False,222,0.5,1.2620874870961294,6.2036437609901895,25,0.25675675675675674,0.6350851247558105,0.6666666666666666,-2.7827007606675584,468,0.4658119658119658,1.1679757200861305,7.882242888227072,34,0.4230769230769231,0.6343372147879389,0.6666666666666666,-3.3601820997079135,189,0.48148148148148145,1.2503450723976786,4.872208924846248,33,0.582010582010582,1.0017945420971832,0.8,-3.2152231391719654
QQQ,"d80_front,cons_m2s1c45,d65ret",2,time_asc,0.0,-9.999999999999997e+17,False,False,False,221,0.502262443438914,1.27828877977093,6.50364376099019,25,0.25339366515837103,0.6057899258752163,0.6666666666666666,-2.7827007606675584,466,0.48068669527896996,1.227289356496855,10.495592391741308,34,0.4206008583690987,0.4763904516656308,0.6666666666666666,-3.3601820997079113,184,0.4945652173913043,1.2876486357663746,5.503450529949564,30,0.5760869565217391,0.9085209311485938,0.8,-3.498531233661496
QQQ,"cons_m2s1c45,d65ret,d80_front",2,time_asc,-999999.0,-9.999999999999997e+17,False,False,False,222,0.4954954954954955,1.2757552513060246,6.579917697017206,25,0.25675675675675674,0.5987676523180617,0.6666666666666666,-2.672320016558735,468,0.4636752136752137,1.1656319364503707,8.154476443537764,34,0.4230769230769231,0.6131601500869361,0.6666666666666666,-3.820606596486952,189,0.5026455026455027,1.2427148051314314,4.848534786486881,33,0.582010582010582,1.0162004551333659,0.8,-3.14576253745031
QQQ,"cons_m2s1c45,d65ret,d80_front",2,time_asc,0.0,-9.999999999999997e+17,False,False,False,221,0.497737556561086,1.2919990189593082,6.8799176970172065,25,0.25339366515837103,0.5726582853741378,0.6666666666666666,-2.672320016558735,466,0.47854077253218885,1.2227925199074747,10.79582348743575,34,0.4206008583690987,0.4631420665425877,0.5833333333333334,-3.8206065964869556,184,0.5054347826086957,1.2314659275675304,4.686452604567765,30,0.5706521739130435,1.0669050605839112,0.8,-3.3639273473346183
QQQ,"cons_m2s1c45,d80_front,d65ret",2,time_asc,-999999.0,-9.999999999999997e+17,False,False,False,222,0.4954954954954955,1.2757552513060246,6.579917697017206,25,0.25675675675675674,0.5987676523180617,0.6666666666666666,-2.672320016558735,468,0.4636752136752137,1.1624330403520449,7.966524664706338,34,0.4230769230769231,0.6276262498942894,0.6666666666666666,-3.8224265631365193,189,0.5079365079365079,1.2509213806167336,4.988805881180795,33,0.582010582010582,0.9876277758860681,0.8,-3.145762537450309
QQQ,"cons_m2s1c45,d80_front,d65ret",2,time_asc,0.0,-9.999999999999997e+17,False,False,False,221,0.497737556561086,1.2919990189593082,6.8799176970172065,25,0.25339366515837103,0.5726582853741378,0.6666666666666666,-2.672320016558735,466,0.47854077253218885,1.2198684402808897,10.611992471175633,34,0.4206008583690987,0.4711650534601334,0.5833333333333334,-3.8224265631365224,184,0.5217391304347826,1.287433397182182,5.620047486284111,30,0.5760869565217391,0.8896721980023559,0.8,-3.3639273473346174
QQQ,"d65ret,d80_front,cons_m2s2c30",2,time_asc,-999999.0,6.112894210117826,True,False,False,248,0.5120967741935484,1.380939249311652,9.454281141234755,37,0.21774193548387097,0.5256429982404366,0.6666666666666666,-2.922697656413291,482,0.45435684647302904,1.1641668126465867,8.282668735864899,36,0.42946058091286304,0.6036701647078351,0.6666666666666666,-4.212183593583878,192,0.4739583333333333,1.1468197770202826,3.1120002579647084,34,0.5833333333333334,1.572169721017241,0.8,-4.233899521491417
QQQ,"d65ret,d80_front,cons_m2s2c30",2,time_asc,0.0,6.112894210117826,True,False,False,248,0.5120967741935484,1.380939249311652,9.454281141234755,37,0.21774193548387097,0.5256429982404366,0.6666666666666666,-2.922697656413291,481,0.4677754677754678,1.202433690241678,10.113490656906698,36,0.42411642411642414,0.494389145115332,0.6666666666666666,-4.212183593583877,191,0.4816753926701571,1.1746019116629498,3.6876706473358865,34,0.5759162303664922,1.3558694574886154,0.8,-3.6374965775195998
QQQ,"d65ret,cons_m2s2c30,d80_front",2,time_asc,-999999.0,6.483084719142974,True,False,False,248,0.5080645161290323,1.4113200921000317,10.383729100260181,37,0.21774193548387097,0.47859267487651735,0.8333333333333334,-2.5599919420836503,482,0.45643153526970953,1.1757480998917589,9.182376541096954,36,0.42738589211618255,0.544521342336794,0.6666666666666666,-4.879649273458715,192,0.4947916666666667,1.1632179213055507,3.4864103669554103,34,0.5833333333333334,1.4132252770521148,0.8,-4.055164395430653
QQQ,"d65ret,cons_m2s2c30,d80_front",2,time_asc,0.0,6.483084719142974,True,False,False,248,0.5080645161290323,1.4113200921000317,10.383729100260181,37,0.21774193548387097,0.47859267487651735,0.8333333333333334,-2.5599919420836503,481,0.4698544698544699,1.213985579626879,11.072517760616037,36,0.42203742203742206,0.45156847865122024,0.75,-4.879649273458721,191,0.5026178010471204,1.1928025605571928,4.103774543809344,34,0.5759162303664922,1.2183905199038374,0.8,-3.415616980045466
QQQ,"d80_front,d65ret,cons_m2s2c30",2,time_asc,-999999.0,6.112894210117826,True,False,False,248,0.5120967741935484,1.380939249311652,9.454281141234755,37,0.21774193548387097,0.5256429982404366,0.6666666666666666,-2.922697656413291,482,0.46265560165975106,1.1768980286809072,8.687959713433376,36,0.42946058091286304,0.575509114328531,0.6666666666666666,-4.105208296043118,192,0.4739583333333333,1.1771305488346713,3.652090303162308,34,0.5833333333333334,1.3396691130921685,0.8,-3.7903955405908882
QQQ,"d80_front,d65ret,cons_m2s2c30",2,time_asc,0.0,6.112894210117826,True,False,False,248,0.5120967741935484,1.380939249311652,9.454281141234755,37,0.21774193548387097,0.5256429982404366,0.6666666666666666,-2.922697656413291,481,0.47401247401247404,1.2076802456352325,10.174633578282682,36,0.42411642411642414,0.4914181883338074,0.6666666666666666,-4.105208296043118,191,0.4869109947643979,1.2219945402820824,4.51479983620221,34,0.581151832460733,1.1074688095598795,0.8,-3.6374965775195998
QQQ,"d80_front,cons_m2s2c30,d65ret",2,time_asc,-999999.0,6.081942299938709,True,False,False,248,0.5120967741935484,1.3726722540213112,9.249108012423859,37,0.21774193548387097,0.5373033462914772,0.6666666666666666,-2.922697656413291,482,0.46265560165975106,1.183010593714153,8.992778052719885,36,0.42946058091286304,0.5560017127841534,0.6666666666666666,-3.305208296043118,192,0.4739583333333333,1.157936017841718,3.266044142391519,34,0.5833333333333334,1.494453870208301,0.8,-3.7631652371565814
QQQ,"d80_front,cons_m2s2c30,d65ret",2,time_asc,0.0,6.081942299938709,True,False,False,248,0.5120967741935484,1.3726722540213112,9.249108012423859,37,0.21774193548387097,0.5373033462914772,0.6666666666666666,-2.922697656413291,481,0.47401247401247404,1.2144165732478207,10.50465854002957,36,0.42411642411642414,0.47597929822723445,0.6666666666666666,-3.3052082960431175,191,0.4869109947643979,1.202270075210638,4.126536448146789,34,0.581151832460733,1.2116698986738577,0.8,-3.7508685836741362
QQQ,"cons_m2s2c30,d65ret,d80_front",2,time_asc,-999999.0,6.452438877462888,True,False,False,248,0.5080645161290323,1.4031927777773925,10.178555971449285,37,0.21774193548387097,0.4882398543787793,0.8333333333333334,-2.5599919420836503,482,0.45850622406639,1.1796801299290829,9.335315307939913,36,0.42738589211618255,0.5356005485692998,0.75,-4.104804526186335,192,0.4947916666666667,1.1529865052628452,3.2423700040321517,34,0.5833333333333334,1.5195931527341713,0.8,-3.9980998874629488
QQQ,"cons_m2s2c30,d65ret,d80_front",2,time_asc,0.0,6.452438877462888,True,False,False,248,0.5080645161290323,1.4031927777773925,10.178555971449285,37,0.21774193548387097,0.4882398543787793,0.8333333333333334,-2.5599919420836503,481,0.4698544698544699,1.2100228721347814,10.875193335633348,36,0.42203742203742206,0.459761941299668,0.6666666666666666,-4.104804526186337,191,0.5026178010471204,1.177349557954156,3.7625439960738083,34,0.5759162303664922,1.328888115386151,0.8,-3.5289889862000017
QQQ,"cons_m2s2c30,d80_front,d65ret",2,time_asc,-999999.0,6.452438877462888,True,False,False,248,0.5080645161290323,1.4031927777773925,10.178555971449285,37,0.21774193548387097,0.4882398543787793,0.8333333333333334,-2.5599919420836503,482,0.45850622406639,1.1837253276241786,9.510694787727367,36,0.42738589211618255,0.525723946735418,0.75,-4.104804526186335,192,0.5,1.160318427067586,3.382641098726066,34,0.5833333333333334,1.4565787835468298,0.8,-3.9980998874629488
QQQ,"cons_m2s2c30,d80_front,d65ret",2,time_asc,0.0,6.452438877462888,True,False,False,248,0.5080645161290323,1.4031927777773925,10.178555971449285,37,0.21774193548387097,0.4882398543787793,0.8333333333333334,-2.5599919420836503,481,0.4698544698544699,1.2141930947407245,11.0505728154208,36,0.42203742203742206,0.45246523266401395,0.6666666666666666,-4.104804526186339,191,0.5130890052356021,1.2037900938745782,4.243133404481337,34,0.581151832460733,1.1783744519367003,0.8,-3.5289889862000017
QQQ,"d65ret,d80_front,cons_m3allc30",2,time_asc,-999999.0,6.112894210117826,True,False,False,248,0.5120967741935484,1.380939249311652,9.454281141234755,37,0.21774193548387097,0.5256429982404366,0.6666666666666666,-2.922697656413291,482,0.45435684647302904,1.1641668126465867,8.282668735864899,36,0.42946058091286304,0.6036701647078351,0.6666666666666666,-4.212183593583878,192,0.4739583333333333,1.1468197770202826,3.1120002579647084,34,0.5833333333333334,1.572169721017241,0.8,-4.233899521491417
QQQ,"d65ret,d80_front,cons_m3allc30",2,time_asc,0.0,6.112894210117826,True,False,False,248,0.5120967741935484,1.380939249311652,9.454281141234755,37,0.21774193548387097,0.5256429982404366,0.6666666666666666,-2.922697656413291,481,0.4677754677754678,1.202433690241678,10.113490656906698,36,0.42411642411642414,0.494389145115332,0.6666666666666666,-4.212183593583877,191,0.4816753926701571,1.1746019116629498,3.6876706473358865,34,0.5759162303664922,1.3558694574886154,0.8,-3.6374965775195998
QQQ,"d65ret,cons_m3allc30,d80_front",2,time_asc,-999999.0,6.483084719142974,True,False,False,248,0.5080645161290323,1.4113200921000317,10.383729100260181,37,0.21774193548387097,0.47859267487651735,0.8333333333333334,-2.5599919420836503,482,0.45643153526970953,1.1757480998917589,9.182376541096954,36,0.42738589211618255,0.544521342336794,0.6666666666666666,-4.879649273458715,192,0.4947916666666667,1.1632179213055507,3.4864103669554103,34,0.5833333333333334,1.4132252770521148,0.8,-4.055164395430653
QQQ,"d65ret,cons_m3allc30,d80_front",2,time_asc,0.0,6.483084719142974,True,False,False,248,0.5080645161290323,1.4113200921000317,10.383729100260181,37,0.21774193548387097,0.47859267487651735,0.8333333333333334,-2.5599919420836503,481,0.4698544698544699,1.213985579626879,11.072517760616037,36,0.42203742203742206,0.45156847865122024,0.75,-4.879649273458721,191,0.5026178010471204,1.1928025605571928,4.103774543809344,34,0.5759162303664922,1.2183905199038374,0.8,-3.415616980045466
QQQ,"d80_front,d65ret,cons_m3allc30",2,time_asc,-999999.0,6.112894210117826,True,False,False,248,0.5120967741935484,1.380939249311652,9.454281141234755,37,0.21774193548387097,0.5256429982404366,0.6666666666666666,-2.922697656413291,482,0.46265560165975106,1.1768980286809072,8.687959713433376,36,0.42946058091286304,0.575509114328531,0.6666666666666666,-4.105208296043118,192,0.4739583333333333,1.1771305488346713,3.652090303162308,34,0.5833333333333334,1.3396691130921685,0.8,-3.7903955405908882
QQQ,"d80_front,d65ret,cons_m3allc30",2,time_asc,0.0,6.112894210117826,True,False,False,248,0.5120967741935484,1.380939249311652,9.454281141234755,37,0.21774193548387097,0.5256429982404366,0.6666666666666666,-2.922697656413291,481,0.47401247401247404,1.2076802456352325,10.174633578282682,36,0.42411642411642414,0.4914181883338074,0.6666666666666666,-4.105208296043118,191,0.4869109947643979,1.2219945402820824,4.51479983620221,34,0.581151832460733,1.1074688095598795,0.8,-3.6374965775195998
QQQ,"d80_front,cons_m3allc30,d65ret",2,time_asc,-999999.0,6.081942299938709,True,False,False,248,0.5120967741935484,1.3726722540213112,9.249108012423859,37,0.21774193548387097,0.5373033462914772,0.6666666666666666,-2.922697656413291,482,0.46265560165975106,1.183010593714153,8.992778052719885,36,0.42946058091286304,0.5560017127841534,0.6666666666666666,-3.305208296043118,192,0.4739583333333333,1.157936017841718,3.266044142391519,34,0.5833333333333334,1.494453870208301,0.8,-3.7631652371565814
QQQ,"d80_front,cons_m3allc30,d65ret",2,time_asc,0.0,6.081942299938709,True,False,False,248,0.5120967741935484,1.3726722540213112,9.249108012423859,37,0.21774193548387097,0.5373033462914772,0.6666666666666666,-2.922697656413291,481,0.47401247401247404,1.2144165732478207,10.50465854002957,36,0.42411642411642414,0.47597929822723445,0.6666666666666666,-3.3052082960431175,191,0.4869109947643979,1.202270075210638,4.126536448146789,34,0.581151832460733,1.2116698986738577,0.8,-3.7508685836741362
QQQ,"cons_m3allc30,d65ret,d80_front",2,time_asc,-999999.0,6.452438877462888,True,False,False,248,0.5080645161290323,1.4031927777773925,10.178555971449285,37,0.21774193548387097,0.4882398543787793,0.8333333333333334,-2.5599919420836503,482,0.45850622406639,1.1796801299290829,9.335315307939913,36,0.42738589211618255,0.5356005485692998,0.75,-4.104804526186335,192,0.4947916666666667,1.1529865052628452,3.2423700040321517,34,0.5833333333333334,1.5195931527341713,0.8,-3.9980998874629488
QQQ,"cons_m3allc30,d65ret,d80_front",2,time_asc,0.0,6.452438877462888,True,False,False,248,0.5080645161290323,1.4031927777773925,10.178555971449285,37,0.21774193548387097,0.4882398543787793,0.8333333333333334,-2.5599919420836503,481,0.4698544698544699,1.2100228721347814,10.875193335633348,36,0.42203742203742206,0.459761941299668,0.6666666666666666,-4.104804526186337,191,0.5026178010471204,1.177349557954156,3.7625439960738083,34,0.5759162303664922,1.328888115386151,0.8,-3.5289889862000017
QQQ,"cons_m3allc30,d80_front,d65ret",2,time_asc,-999999.0,6.452438877462888,True,False,False,248,0.5080645161290323,1.4031927777773925,10.178555971449285,37,0.21774193548387097,0.4882398543787793,0.8333333333333334,-2.5599919420836503,482,0.45850622406639,1.1837253276241786,9.510694787727367,36,0.42738589211618255,0.525723946735418,0.75,-4.104804526186335,192,0.5,1.160318427067586,3.382641098726066,34,0.5833333333333334,1.4565787835468298,0.8,-3.9980998874629488
QQQ,"cons_m3allc30,d80_front,d65ret",2,time_asc,0.0,6.452438877462888,True,False,False,248,0.5080645161290323,1.4031927777773925,10.178555971449285,37,0.21774193548387097,0.4882398543787793,0.8333333333333334,-2.5599919420836503,481,0.4698544698544699,1.2141930947407245,11.0505728154208,36,0.42203742203742206,0.45246523266401395,0.6666666666666666,-4.104804526186339,191,0.5130890052356021,1.2037900938745782,4.243133404481337,34,0.581151832460733,1.1783744519367003,0.8,-3.5289889862000017
QQQ,"d65ret,d80_front,cons_m3s2c30",2,time_asc,-999999.0,6.112894210117826,True,False,False,248,0.5120967741935484,1.380939249311652,9.454281141234755,37,0.21774193548387097,0.5256429982404366,0.6666666666666666,-2.922697656413291,482,0.45435684647302904,1.1641668126465867,8.282668735864899,36,0.42946058091286304,0.6036701647078351,0.6666666666666666,-4.212183593583878,192,0.4739583333333333,1.1468197770202826,3.1120002579647084,34,0.5833333333333334,1.572169721017241,0.8,-4.233899521491417
QQQ,"d65ret,d80_front,cons_m3s2c30",2,time_asc,0.0,6.112894210117826,True,False,False,248,0.5120967741935484,1.380939249311652,9.454281141234755,37,0.21774193548387097,0.5256429982404366,0.6666666666666666,-2.922697656413291,481,0.4677754677754678,1.202433690241678,10.113490656906698,36,0.42411642411642414,0.494389145115332,0.6666666666666666,-4.212183593583877,191,0.4816753926701571,1.1746019116629498,3.6876706473358865,34,0.5759162303664922,1.3558694574886154,0.8,-3.6374965775195998
QQQ,"d65ret,cons_m3s2c30,d80_front",2,time_asc,-999999.0,6.483084719142974,True,False,False,248,0.5080645161290323,1.4113200921000317,10.383729100260181,37,0.21774193548387097,0.47859267487651735,0.8333333333333334,-2.5599919420836503,482,0.45643153526970953,1.1757480998917589,9.182376541096954,36,0.42738589211618255,0.544521342336794,0.6666666666666666,-4.879649273458715,192,0.4947916666666667,1.1632179213055507,3.4864103669554103,34,0.5833333333333334,1.4132252770521148,0.8,-4.055164395430653
QQQ,"d65ret,cons_m3s2c30,d80_front",2,time_asc,0.0,6.483084719142974,True,False,False,248,0.5080645161290323,1.4113200921000317,10.383729100260181,37,0.21774193548387097,0.47859267487651735,0.8333333333333334,-2.5599919420836503,481,0.4698544698544699,1.213985579626879,11.072517760616037,36,0.42203742203742206,0.45156847865122024,0.75,-4.879649273458721,191,0.5026178010471204,1.1928025605571928,4.103774543809344,34,0.5759162303664922,1.2183905199038374,0.8,-3.415616980045466
QQQ,"d80_front,d65ret,cons_m3s2c30",2,time_asc,-999999.0,6.112894210117826,True,False,False,248,0.5120967741935484,1.380939249311652,9.454281141234755,37,0.21774193548387097,0.5256429982404366,0.6666666666666666,-2.922697656413291,482,0.46265560165975106,1.1768980286809072,8.687959713433376,36,0.42946058091286304,0.575509114328531,0.6666666666666666,-4.105208296043118,192,0.4739583333333333,1.1771305488346713,3.652090303162308,34,0.5833333333333334,1.3396691130921685,0.8,-3.7903955405908882
QQQ,"d80_front,d65ret,cons_m3s2c30",2,time_asc,0.0,6.112894210117826,True,False,False,248,0.5120967741935484,1.380939249311652,9.454281141234755,37,0.21774193548387097,0.5256429982404366,0.6666666666666666,-2.922697656413291,481,0.47401247401247404,1.2076802456352325,10.174633578282682,36,0.42411642411642414,0.4914181883338074,0.6666666666666666,-4.105208296043118,191,0.4869109947643979,1.2219945402820824,4.51479983620221,34,0.581151832460733,1.1074688095598795,0.8,-3.6374965775195998
QQQ,"d80_front,cons_m3s2c30,d65ret",2,time_asc,-999999.0,6.081942299938709,True,False,False,248,0.5120967741935484,1.3726722540213112,9.249108012423859,37,0.21774193548387097,0.5373033462914772,0.6666666666666666,-2.922697656413291,482,0.46265560165975106,1.183010593714153,8.992778052719885,36,0.42946058091286304,0.5560017127841534,0.6666666666666666,-3.305208296043118,192,0.4739583333333333,1.157936017841718,3.266044142391519,34,0.5833333333333334,1.494453870208301,0.8,-3.7631652371565814
QQQ,"d80_front,cons_m3s2c30,d65ret",2,time_asc,0.0,6.081942299938709,True,False,False,248,0.5120967741935484,1.3726722540213112,9.249108012423859,37,0.21774193548387097,0.5373033462914772,0.6666666666666666,-2.922697656413291,481,0.47401247401247404,1.2144165732478207,10.50465854002957,36,0.42411642411642414,0.47597929822723445,0.6666666666666666,-3.3052082960431175,191,0.4869109947643979,1.202270075210638,4.126536448146789,34,0.581151832460733,1.2116698986738577,0.8,-3.7508685836741362
QQQ,"cons_m3s2c30,d65ret,d80_front",2,time_asc,-999999.0,6.452438877462888,True,False,False,248,0.5080645161290323,1.4031927777773925,10.178555971449285,37,0.21774193548387097,0.4882398543787793,0.8333333333333334,-2.5599919420836503,482,0.45850622406639,1.1796801299290829,9.335315307939913,36,0.42738589211618255,0.5356005485692998,0.75,-4.104804526186335,192,0.4947916666666667,1.1529865052628452,3.2423700040321517,34,0.5833333333333334,1.5195931527341713,0.8,-3.9980998874629488
QQQ,"cons_m3s2c30,d65ret,d80_front",2,time_asc,0.0,6.452438877462888,True,False,False,248,0.5080645161290323,1.4031927777773925,10.178555971449285,37,0.21774193548387097,0.4882398543787793,0.8333333333333334,-2.5599919420836503,481,0.4698544698544699,1.2100228721347814,10.875193335633348,36,0.42203742203742206,0.459761941299668,0.6666666666666666,-4.104804526186337,191,0.5026178010471204,1.177349557954156,3.7625439960738083,34,0.5759162303664922,1.328888115386151,0.8,-3.5289889862000017
QQQ,"cons_m3s2c30,d80_front,d65ret",2,time_asc,-999999.0,6.452438877462888,True,False,False,248,0.5080645161290323,1.4031927777773925,10.178555971449285,37,0.21774193548387097,0.4882398543787793,0.8333333333333334,-2.5599919420836503,482,0.45850622406639,1.1837253276241786,9.510694787727367,36,0.42738589211618255,0.525723946735418,0.75,-4.104804526186335,192,0.5,1.160318427067586,3.382641098726066,34,0.5833333333333334,1.4565787835468298,0.8,-3.9980998874629488
QQQ,"cons_m3s2c30,d80_front,d65ret",2,time_asc,0.0,6.452438877462888,True,False,False,248,0.5080645161290323,1.4031927777773925,10.178555971449285,37,0.21774193548387097,0.4882398543787793,0.8333333333333334,-2.5599919420836503,481,0.4698544698544699,1.2141930947407245,11.0505728154208,36,0.42203742203742206,0.45246523266401395,0.6666666666666666,-4.104804526186339,191,0.5130890052356021,1.2037900938745782,4.243133404481337,34,0.581151832460733,1.1783744519367003,0.8,-3.5289889862000017
QQQ,"d65ret,d80_zero,cons_m2s1c45",2,time_asc,-999999.0,-9.999999999999997e+17,False,False,False,204,0.45588235294117646,1.1764262512755876,4.884092936560873,25,0.2647058823529412,1.0237315433888412,0.6666666666666666,-3.6200693058865094,430,0.4372093023255814,1.057421505735119,3.296931800063982,25,0.37906976744186044,1.5165615497120588,0.75,-4.175213317020862,187,0.44385026737967914,1.028287954312388,0.7285447315482425,33,0.5775401069518716,6.862996578637549,0.8,-2.853082336436045
QQQ,"d65ret,d80_zero,cons_m2s1c45",2,time_asc,0.0,-9.999999999999997e+17,False,False,True,204,0.45588235294117646,1.1764262512755876,4.884092936560873,25,0.2647058823529412,1.0237315433888412,0.6666666666666666,-3.6200693058865094,402,0.4577114427860697,1.1507568482010866,7.774122515082093,25,0.3706467661691542,0.6431594035596699,0.6666666666666666,-4.189561084315315,179,0.4972067039106145,1.308683684616795,6.5607445546731125,30,0.5921787709497207,0.7621086232413333,0.6,-2.4470442446546574
QQQ,"d65ret,cons_m2s1c45,d80_zero",2,time_asc,-999999.0,-9.999999999999997e+17,False,False,False,204,0.46078431372549017,1.1829653887509286,5.047818452072454,25,0.2696078431372549,0.9905269073112523,0.6666666666666666,-3.4563437903749294,430,0.43953488372093025,1.0722129328862673,4.14972826789325,25,0.37906976744186044,1.204898170968293,0.75,-4.073303497122296,187,0.44385026737967914,0.9906384430192238,-0.2426170677317825,33,0.5721925133689839,,0.8,-2.89294828825132
QQQ,"d65ret,cons_m2s1c45,d80_zero",2,time_asc,0.0,-9.999999999999997e+17,False,False,False,204,0.46078431372549017,1.1829653887509286,5.0478184520724545,25,0.2696078431372549,0.990526907311252,0.6666666666666666,-3.4563437903749294,402,0.4601990049751244,1.1688938593050995,8.70453882471018,25,0.3706467661691542,0.5744129701399173,0.6666666666666666,-4.189561084315315,179,0.49162011173184356,1.2528527698889125,5.449973466118289,30,0.5865921787709497,0.9174356592897727,0.6,-2.447044244654658
QQQ,"d80_zero,d65ret,cons_m2s1c45",2,time_asc,-999999.0,-9.999999999999997e+17,False,False,False,204,0.46078431372549017,1.1616353357147042,4.426138292406936,25,0.2647058823529412,1.1296529095300811,0.6666666666666666,-3.618173033781748,430,0.4325581395348837,1.0351224916749946,2.037677870287867,25,0.37906976744186044,2.4537735198025383,0.6666666666666666,-4.565083525100533,187,0.44385026737967914,1.01040666257261,0.2678092002405834,33,0.5668449197860963,18.67000833245574,0.6,-2.13149697421883
QQQ,"d80_zero,d65ret,cons_m2s1c45",2,time_asc,0.0,-9.999999999999997e+17,False,False,True,204,0.46078431372549017,1.1616353357147042,4.426138292406936,25,0.2647058823529412,1.1296529095300811,0.6666666666666666,-3.618173033781748,402,0.4552238805970149,1.134460893453001,6.974122515082092,25,0.3706467661691542,0.7169360717691874,0.6666666666666666,-4.189561084315318,179,0.5139664804469274,1.3824851658895465,7.785080170499204,30,0.5977653631284916,0.6422541438875619,0.8,-2.19509411535595
QQQ,"d80_zero,cons_m2s1c45,d65ret",2,time_asc,-999999.0,-9.999999999999997e+17,False,False,False,204,0.46078431372549017,1.1616353357147042,4.426138292406936,25,0.2647058823529412,1.1296529095300811,0.6666666666666666,-3.618173033781748,430,0.4372093023255814,1.0469944089768273,2.698798245993109,25,0.37906976744186044,1.8526764671732956,0.5833333333333334,-4.175213317020862,187,0.45989304812834225,1.0711165906545286,1.7497582876468667,33,0.5828877005347594,2.857537544070825,0.6,-2.13149697421883
QQQ,"d80_zero,cons_m2s1c45,d65ret",2,time_asc,0.0,-9.999999999999997e+17,False,False,True,204,0.46078431372549017,1.1616353357147042,4.426138292406936,25,0.2647058823529412,1.1296529095300811,0.6666666666666666,-3.618173033781748,402,0.4577114427860697,1.1340888840040864,6.920058226300834,25,0.3706467661691542,0.7225372730241875,0.5833333333333334,-4.468979857323165,179,0.5251396648044693,1.4430384647280445,8.72098953430238,30,0.6089385474860335,0.5733294347313955,0.8,-2.148532894151157
QQQ,"cons_m2s1c45,d65ret,d80_zero",2,time_asc,-999999.0,-9.999999999999997e+17,False,False,False,204,0.46078431372549017,1.175528595682684,4.842645323261557,25,0.2696078431372549,1.0324935373612005,0.6666666666666666,-3.4563437903749294,430,0.4441860465116279,1.0845835037683782,4.810848643598495,25,0.37906976744186044,1.0393176693790183,0.75,-4.073303497122296,187,0.44385026737967914,0.9825908286314506,-0.44828064413894353,33,0.5721925133689839,,0.6,-3.5169099786615634
QQQ,"cons_m2s1c45,d65ret,d80_zero",2,time_asc,0.0,-9.999999999999997e+17,False,False,False,204,0.46078431372549017,1.175528595682684,4.842645323261558,25,0.2696078431372549,1.0324935373612005,0.6666666666666666,-3.4563437903749294,402,0.4626865671641791,1.1686935790582575,8.65047453592892,25,0.3706467661691542,0.5780029730430368,0.6666666666666666,-4.468979857323159,179,0.49162011173184356,1.2356717191458142,5.063288451744269,30,0.5865921787709497,0.9875005241460288,0.6,-2.5107297163732776
QQQ,"cons_m2s1c45,d80_zero,d65ret",2,time_asc,-999999.0,-9.999999999999997e+17,False,False,False,204,0.46078431372549017,1.1611782435583595,4.446734529742502,25,0.2696078431372549,1.1244206206952356,0.6666666666666666,-3.852254583893986,430,0.4418604651162791,1.076107548183971,4.351594713822378,25,0.37906976744186044,1.149004061457753,0.6666666666666666,-4.073303497122296,187,0.44919786096256686,1.002605146229148,0.06587883228595692,33,0.5775401069518716,71.50293675723765,0.4,-2.89294828825132
QQQ,"cons_m2s1c45,d80_zero,d65ret",2,time_asc,0.0,-9.999999999999997e+17,False,False,True,204,0.46078431372549017,1.1611782435583595,4.446734529742502,25,0.2696078431372549,1.1244206206952356,0.6666666666666666,-3.852254583893986,402,0.4626865671641791,1.1686935790582573,8.65047453592892,25,0.3706467661691542,0.5780029730430368,0.6666666666666666,-4.468979857323159,179,0.5083798882681564,1.3180369429535632,6.546630644902553,30,0.5977653631284916,0.7637516565705724,0.8,-2.148532894151158
QQQ,"d65ret,d80_zero,cons_m2s2c30",2,time_asc,-999999.0,6.161420761314057,True,False,False,240,0.49166666666666664,1.3202115945515613,9.495204149054004,37,0.2125,0.5265816217862093,0.8333333333333334,-3.0728338259887074,464,0.4504310344827586,1.121532268607203,7.262613118746349,27,0.3922413793103448,0.6884574351198657,0.6666666666666666,-3.9200353174998535,190,0.4473684210526316,1.0202639042606656,0.5349575747554589,34,0.5578947368421052,9.346535568331024,0.6,-2.853082336436045
QQQ,"d65ret,d80_zero,cons_m2s2c30",2,time_asc,0.0,6.161420761314057,True,False,False,240,0.49166666666666664,1.3202115945515613,9.495204149054004,37,0.2125,0.5265816217862093,0.8333333333333334,-3.0728338259887074,456,0.47149122807017546,1.2388619330705848,13.310703583879432,26,0.38596491228070173,0.3756375437625619,0.75,-3.920035317499856,188,0.5,1.2970978150151853,6.54856974804592,33,0.5691489361702128,0.7635255013496633,1.0,-2.236899222805955
QQQ,"d65ret,cons_m2s2c30,d80_zero",2,time_asc,-999999.0,6.186267729064263,True,False,False,240,0.49583333333333335,1.326775006608758,9.658929664565587,37,0.21666666666666667,0.5176557003352893,0.8333333333333334,-3.0728338259887074,464,0.4525862068965517,1.135692023723677,8.115409586575616,27,0.3922413793103448,0.6161118482880916,0.6666666666666666,-3.920035317499854,190,0.45263157894736844,1.0197187231089235,0.5148596261044267,34,0.5631578947368421,9.711384902777116,0.6,-2.853082336436045
QQQ,"d65ret,cons_m2s2c30,d80_zero",2,time_asc,0.0,6.186267729064263,True,False,False,240,0.49583333333333335,1.326775006608758,9.658929664565587,37,0.21666666666666667,0.5176557003352893,0.8333333333333334,-3.0728338259887074,456,0.47368421052631576,1.2556903884971262,14.241119893507518,26,0.38596491228070173,0.351095983840392,0.75,-3.920035317499856,188,0.5,1.2829986429926101,6.237798659491095,33,0.5691489361702128,0.8015648264620199,1.0,-2.236899222805955
QQQ,"d80_zero,d65ret,cons_m2s2c30",2,time_asc,-999999.0,6.099641609708859,True,False,False,240,0.49583333333333335,1.3078826220091428,9.037249504900068,37,0.2125,0.5532656808123932,0.8333333333333334,-3.0728338259887074,464,0.44612068965517243,1.099461336105806,6.003359188970232,27,0.3922413793103448,0.8328670403707195,0.6666666666666666,-3.9200353174998535,190,0.4473684210526316,1.002813643214855,0.07422204344779859,34,0.5473684210526316,67.36543171997913,0.6,-2.309893073770666
QQQ,"d80_zero,d65ret,cons_m2s2c30",2,time_asc,0.0,6.099641609708859,True,False,True,240,0.49583333333333335,1.3078826220091428,9.037249504900068,37,0.2125,0.5532656808123932,0.8333333333333334,-3.0728338259887074,456,0.4692982456140351,1.2233036892546514,12.510703583879433,26,0.38596491228070173,0.39965777835570415,0.75,-3.920035317499856,188,0.5159574468085106,1.3676558496283147,7.7729053638720105,33,0.574468085106383,0.6432601152253435,1.0,-2.19509411535595
QQQ,"d80_zero,cons_m2s2c30,d65ret",2,time_asc,-999999.0,6.099641609708859,True,False,False,240,0.49583333333333335,1.3078826220091428,9.037249504900068,37,0.2125,0.5532656808123932,0.8333333333333334,-3.0728338259887074,464,0.4504310344827586,1.109481216080866,6.522869325227245,27,0.3922413793103448,0.7665338290102582,0.6666666666666666,-2.9451905702274743,190,0.4631578947368421,1.061632934413547,1.5561711308540815,34,0.5631578947368421,3.2130142378722986,0.6,-2.032888352793755
QQQ,"d80_zero,cons_m2s2c30,d65ret",2,time_asc,0.0,6.099641609708859,True,False,True,240,0.49583333333333335,1.3078826220091428,9.037249504900068,37,0.2125,0.5532656808123932,0.8333333333333334,-3.0728338259887074,456,0.4692982456140351,1.212181816558525,11.855775125873828,26,0.38596491228070173,0.421735394515715,0.75,-3.7569102712276194,188,0.526595744680851,1.425393902492585,8.708814727675186,33,0.5851063829787234,0.574130941620657,1.0,-2.148532894151157
QQQ,"cons_m2s2c30,d65ret,d80_zero",2,time_asc,-999999.0,6.156787366989286,True,False,False,240,0.49583333333333335,1.3198337146797898,9.453756535754689,37,0.21666666666666667,0.5288902862147647,0.8333333333333334,-3.0728338259887074,464,0.4547413793103448,1.1378030059735826,8.175665793056513,27,0.3922413793103448,0.611570987190601,0.6666666666666666,-2.9451905702274743,190,0.45263157894736844,1.0119180279121094,0.3091960496972668,34,0.5631578947368421,16.170969858429594,0.6,-3.228427938538322
QQQ,"cons_m2s2c30,d65ret,d80_zero",2,time_asc,0.0,6.156787366989286,True,False,False,240,0.49583333333333335,1.3198337146797898,9.453756535754689,37,0.21666666666666667,0.5288902862147647,0.8333333333333334,-3.0728338259887074,456,0.47368421052631576,1.2445901238158057,13.586191435501915,26,0.38596491228070173,0.36802072337465813,0.75,-3.756910271227623,188,0.5,1.2662943415597665,5.851113645117076,33,0.5691489361702128,0.8545381790990584,1.0,-2.300584694524576
QQQ,"cons_m2s2c30,d80_zero,d65ret",2,time_asc,-999999.0,6.084387143846271,True,False,False,240,0.49583333333333335,1.3064395026230147,9.057845742235633,37,0.21666666666666667,0.5520076342971495,0.8333333333333334,-3.150021837757556,464,0.4547413793103448,1.1378030059735824,8.175665793056515,27,0.3922413793103448,0.6115709871906009,0.6666666666666666,-2.9451905702274743,190,0.4631578947368421,1.0458370800417598,1.154261767498382,34,0.5684210526315789,4.268601278751817,0.6,-2.428427938538322
QQQ,"cons_m2s2c30,d80_zero,d65ret",2,time_asc,0.0,6.084387143846271,True,False,True,240,0.49583333333333335,1.3064395026230147,9.057845742235633,37,0.21666666666666667,0.5520076342971495,0.8333333333333334,-3.150021837757556,456,0.47368421052631576,1.2445901238158057,13.586191435501913,26,0.38596491228070173,0.3680207233746582,0.75,-3.756910271227623,188,0.5159574468085106,1.3480605774808592,7.334455838275361,33,0.5797872340425532,0.6817138326618802,1.0,-2.148532894151157
QQQ,"d65ret,d80_zero,cons_m3allc30",2,time_asc,-999999.0,6.161420761314057,True,False,False,240,0.49166666666666664,1.3202115945515613,9.495204149054004,37,0.2125,0.5265816217862093,0.8333333333333334,-3.0728338259887074,464,0.4504310344827586,1.121532268607203,7.262613118746349,27,0.3922413793103448,0.6884574351198657,0.6666666666666666,-3.9200353174998535,190,0.4473684210526316,1.0202639042606656,0.5349575747554589,34,0.5578947368421052,9.346535568331024,0.6,-2.853082336436045
QQQ,"d65ret,d80_zero,cons_m3allc30",2,time_asc,0.0,6.161420761314057,True,False,False,240,0.49166666666666664,1.3202115945515613,9.495204149054004,37,0.2125,0.5265816217862093,0.8333333333333334,-3.0728338259887074,456,0.47149122807017546,1.2388619330705848,13.310703583879432,26,0.38596491228070173,0.3756375437625619,0.75,-3.920035317499856,188,0.5,1.2970978150151853,6.54856974804592,33,0.5691489361702128,0.7635255013496633,1.0,-2.236899222805955
QQQ,"d65ret,cons_m3allc30,d80_zero",2,time_asc,-999999.0,6.186267729064263,True,False,False,240,0.49583333333333335,1.326775006608758,9.658929664565587,37,0.21666666666666667,0.5176557003352893,0.8333333333333334,-3.0728338259887074,464,0.4525862068965517,1.135692023723677,8.115409586575616,27,0.3922413793103448,0.6161118482880916,0.6666666666666666,-3.920035317499854,190,0.45263157894736844,1.0197187231089235,0.5148596261044267,34,0.5631578947368421,9.711384902777116,0.6,-2.853082336436045
QQQ,"d65ret,cons_m3allc30,d80_zero",2,time_asc,0.0,6.186267729064263,True,False,False,240,0.49583333333333335,1.326775006608758,9.658929664565587,37,0.21666666666666667,0.5176557003352893,0.8333333333333334,-3.0728338259887074,456,0.47368421052631576,1.2556903884971262,14.241119893507518,26,0.38596491228070173,0.351095983840392,0.75,-3.920035317499856,188,0.5,1.2829986429926101,6.237798659491095,33,0.5691489361702128,0.8015648264620199,1.0,-2.236899222805955
QQQ,"d80_zero,d65ret,cons_m3allc30",2,time_asc,-999999.0,6.099641609708859,True,False,False,240,0.49583333333333335,1.3078826220091428,9.037249504900068,37,0.2125,0.5532656808123932,0.8333333333333334,-3.0728338259887074,464,0.44612068965517243,1.099461336105806,6.003359188970232,27,0.3922413793103448,0.8328670403707195,0.6666666666666666,-3.9200353174998535,190,0.4473684210526316,1.002813643214855,0.07422204344779859,34,0.5473684210526316,67.36543171997913,0.6,-2.309893073770666
QQQ,"d80_zero,d65ret,cons_m3allc30",2,time_asc,0.0,6.099641609708859,True,False,True,240,0.49583333333333335,1.3078826220091428,9.037249504900068,37,0.2125,0.5532656808123932,0.8333333333333334,-3.0728338259887074,456,0.4692982456140351,1.2233036892546514,12.510703583879433,26,0.38596491228070173,0.39965777835570415,0.75,-3.920035317499856,188,0.5159574468085106,1.3676558496283147,7.7729053638720105,33,0.574468085106383,0.6432601152253435,1.0,-2.19509411535595
QQQ,"d80_zero,cons_m3allc30,d65ret",2,time_asc,-999999.0,6.099641609708859,True,False,False,240,0.49583333333333335,1.3078826220091428,9.037249504900068,37,0.2125,0.5532656808123932,0.8333333333333334,-3.0728338259887074,464,0.4504310344827586,1.109481216080866,6.522869325227245,27,0.3922413793103448,0.7665338290102582,0.6666666666666666,-2.9451905702274743,190,0.4631578947368421,1.061632934413547,1.5561711308540815,34,0.5631578947368421,3.2130142378722986,0.6,-2.032888352793755
QQQ,"d80_zero,cons_m3allc30,d65ret",2,time_asc,0.0,6.099641609708859,True,False,True,240,0.49583333333333335,1.3078826220091428,9.037249504900068,37,0.2125,0.5532656808123932,0.8333333333333334,-3.0728338259887074,456,0.4692982456140351,1.212181816558525,11.855775125873828,26,0.38596491228070173,0.421735394515715,0.75,-3.7569102712276194,188,0.526595744680851,1.425393902492585,8.708814727675186,33,0.5851063829787234,0.574130941620657,1.0,-2.148532894151157
QQQ,"cons_m3allc30,d65ret,d80_zero",2,time_asc,-999999.0,6.156787366989286,True,False,False,240,0.49583333333333335,1.3198337146797898,9.453756535754689,37,0.21666666666666667,0.5288902862147647,0.8333333333333334,-3.0728338259887074,464,0.4547413793103448,1.1378030059735826,8.175665793056513,27,0.3922413793103448,0.611570987190601,0.6666666666666666,-2.9451905702274743,190,0.45263157894736844,1.0119180279121094,0.3091960496972668,34,0.5631578947368421,16.170969858429594,0.6,-3.228427938538322
QQQ,"cons_m3allc30,d65ret,d80_zero",2,time_asc,0.0,6.156787366989286,True,False,False,240,0.49583333333333335,1.3198337146797898,9.453756535754689,37,0.21666666666666667,0.5288902862147647,0.8333333333333334,-3.0728338259887074,456,0.47368421052631576,1.2445901238158057,13.586191435501915,26,0.38596491228070173,0.36802072337465813,0.75,-3.756910271227623,188,0.5,1.2662943415597665,5.851113645117076,33,0.5691489361702128,0.8545381790990584,1.0,-2.300584694524576
QQQ,"cons_m3allc30,d80_zero,d65ret",2,time_asc,-999999.0,6.084387143846271,True,False,False,240,0.49583333333333335,1.3064395026230147,9.057845742235633,37,0.21666666666666667,0.5520076342971495,0.8333333333333334,-3.150021837757556,464,0.4547413793103448,1.1378030059735824,8.175665793056515,27,0.3922413793103448,0.6115709871906009,0.6666666666666666,-2.9451905702274743,190,0.4631578947368421,1.0458370800417598,1.154261767498382,34,0.5684210526315789,4.268601278751817,0.6,-2.428427938538322
QQQ,"cons_m3allc30,d80_zero,d65ret",2,time_asc,0.0,6.084387143846271,True,False,True,240,0.49583333333333335,1.3064395026230147,9.057845742235633,37,0.21666666666666667,0.5520076342971495,0.8333333333333334,-3.150021837757556,456,0.47368421052631576,1.2445901238158057,13.586191435501913,26,0.38596491228070173,0.3680207233746582,0.75,-3.756910271227623,188,0.5159574468085106,1.3480605774808592,7.334455838275361,33,0.5797872340425532,0.6817138326618802,1.0,-2.148532894151157
QQQ,"d65ret,d80_zero,cons_m3s2c30",2,time_asc,-999999.0,6.161420761314057,True,False,False,240,0.49166666666666664,1.3202115945515613,9.495204149054004,37,0.2125,0.5265816217862093,0.8333333333333334,-3.0728338259887074,464,0.4504310344827586,1.121532268607203,7.262613118746349,27,0.3922413793103448,0.6884574351198657,0.6666666666666666,-3.9200353174998535,190,0.4473684210526316,1.0202639042606656,0.5349575747554589,34,0.5578947368421052,9.346535568331024,0.6,-2.853082336436045
QQQ,"d65ret,d80_zero,cons_m3s2c30",2,time_asc,0.0,6.161420761314057,True,False,False,240,0.49166666666666664,1.3202115945515613,9.495204149054004,37,0.2125,0.5265816217862093,0.8333333333333334,-3.0728338259887074,456,0.47149122807017546,1.2388619330705848,13.310703583879432,26,0.38596491228070173,0.3756375437625619,0.75,-3.920035317499856,188,0.5,1.2970978150151853,6.54856974804592,33,0.5691489361702128,0.7635255013496633,1.0,-2.236899222805955
QQQ,"d65ret,cons_m3s2c30,d80_zero",2,time_asc,-999999.0,6.186267729064263,True,False,False,240,0.49583333333333335,1.326775006608758,9.658929664565587,37,0.21666666666666667,0.5176557003352893,0.8333333333333334,-3.0728338259887074,464,0.4525862068965517,1.135692023723677,8.115409586575616,27,0.3922413793103448,0.6161118482880916,0.6666666666666666,-3.920035317499854,190,0.45263157894736844,1.0197187231089235,0.5148596261044267,34,0.5631578947368421,9.711384902777116,0.6,-2.853082336436045
QQQ,"d65ret,cons_m3s2c30,d80_zero",2,time_asc,0.0,6.186267729064263,True,False,False,240,0.49583333333333335,1.326775006608758,9.658929664565587,37,0.21666666666666667,0.5176557003352893,0.8333333333333334,-3.0728338259887074,456,0.47368421052631576,1.2556903884971262,14.241119893507518,26,0.38596491228070173,0.351095983840392,0.75,-3.920035317499856,188,0.5,1.2829986429926101,6.237798659491095,33,0.5691489361702128,0.8015648264620199,1.0,-2.236899222805955
QQQ,"d80_zero,d65ret,cons_m3s2c30",2,time_asc,-999999.0,6.099641609708859,True,False,False,240,0.49583333333333335,1.3078826220091428,9.037249504900068,37,0.2125,0.5532656808123932,0.8333333333333334,-3.0728338259887074,464,0.44612068965517243,1.099461336105806,6.003359188970232,27,0.3922413793103448,0.8328670403707195,0.6666666666666666,-3.9200353174998535,190,0.4473684210526316,1.002813643214855,0.07422204344779859,34,0.5473684210526316,67.36543171997913,0.6,-2.309893073770666
QQQ,"d80_zero,d65ret,cons_m3s2c30",2,time_asc,0.0,6.099641609708859,True,False,True,240,0.49583333333333335,1.3078826220091428,9.037249504900068,37,0.2125,0.5532656808123932,0.8333333333333334,-3.0728338259887074,456,0.4692982456140351,1.2233036892546514,12.510703583879433,26,0.38596491228070173,0.39965777835570415,0.75,-3.920035317499856,188,0.5159574468085106,1.3676558496283147,7.7729053638720105,33,0.574468085106383,0.6432601152253435,1.0,-2.19509411535595
QQQ,"d80_zero,cons_m3s2c30,d65ret",2,time_asc,-999999.0,6.099641609708859,True,False,False,240,0.49583333333333335,1.3078826220091428,9.037249504900068,37,0.2125,0.5532656808123932,0.8333333333333334,-3.0728338259887074,464,0.4504310344827586,1.109481216080866,6.522869325227245,27,0.3922413793103448,0.7665338290102582,0.6666666666666666,-2.9451905702274743,190,0.4631578947368421,1.061632934413547,1.5561711308540815,34,0.5631578947368421,3.2130142378722986,0.6,-2.032888352793755
QQQ,"d80_zero,cons_m3s2c30,d65ret",2,time_asc,0.0,6.099641609708859,True,False,True,240,0.49583333333333335,1.3078826220091428,9.037249504900068,37,0.2125,0.5532656808123932,0.8333333333333334,-3.0728338259887074,456,0.4692982456140351,1.212181816558525,11.855775125873828,26,0.38596491228070173,0.421735394515715,0.75,-3.7569102712276194,188,0.526595744680851,1.425393902492585,8.708814727675186,33,0.5851063829787234,0.574130941620657,1.0,-2.148532894151157
QQQ,"cons_m3s2c30,d65ret,d80_zero",2,time_asc,-999999.0,6.156787366989286,True,False,False,240,0.49583333333333335,1.3198337146797898,9.453756535754689,37,0.21666666666666667,0.5288902862147647,0.8333333333333334,-3.0728338259887074,464,0.4547413793103448,1.1378030059735826,8.175665793056513,27,0.3922413793103448,0.611570987190601,0.6666666666666666,-2.9451905702274743,190,0.45263157894736844,1.0119180279121094,0.3091960496972668,34,0.5631578947368421,16.170969858429594,0.6,-3.228427938538322
QQQ,"cons_m3s2c30,d65ret,d80_zero",2,time_asc,0.0,6.156787366989286,True,False,False,240,0.49583333333333335,1.3198337146797898,9.453756535754689,37,0.21666666666666667,0.5288902862147647,0.8333333333333334,-3.0728338259887074,456,0.47368421052631576,1.2445901238158057,13.586191435501915,26,0.38596491228070173,0.36802072337465813,0.75,-3.756910271227623,188,0.5,1.2662943415597665,5.851113645117076,33,0.5691489361702128,0.8545381790990584,1.0,-2.300584694524576
QQQ,"cons_m3s2c30,d80_zero,d65ret",2,time_asc,-999999.0,6.084387143846271,True,False,False,240,0.49583333333333335,1.3064395026230147,9.057845742235633,37,0.21666666666666667,0.5520076342971495,0.8333333333333334,-3.150021837757556,464,0.4547413793103448,1.1378030059735824,8.175665793056515,27,0.3922413793103448,0.6115709871906009,0.6666666666666666,-2.9451905702274743,190,0.4631578947368421,1.0458370800417598,1.154261767498382,34,0.5684210526315789,4.268601278751817,0.6,-2.428427938538322
QQQ,"cons_m3s2c30,d80_zero,d65ret",2,time_asc,0.0,6.084387143846271,True,False,True,240,0.49583333333333335,1.3064395026230147,9.057845742235633,37,0.21666666666666667,0.5520076342971495,0.8333333333333334,-3.150021837757556,456,0.47368421052631576,1.2445901238158057,13.586191435501913,26,0.38596491228070173,0.3680207233746582,0.75,-3.756910271227623,188,0.5159574468085106,1.3480605774808592,7.334455838275361,33,0.5797872340425532,0.6817138326618802,1.0,-2.148532894151157
QQQ,"d65ret,cons_m2s1c45,cons_m2s2c30",2,time_asc,-999999.0,6.588513433688023,True,False,False,240,0.5166666666666667,1.4268039254303078,11.781182852769907,37,0.22083333333333333,0.42440560192344656,0.8333333333333334,-2.7541110442385,463,0.4449244060475162,1.071056914155625,4.1845642893960795,27,0.4060475161987041,1.194867530813251,0.75,-7.748599690650212,190,0.4842105263157895,1.1785919960804558,4.108734422851903,34,0.5842105263157895,1.2169197337727813,0.8,-2.413568687055668
QQQ,"d65ret,cons_m2s1c45,cons_m2s2c30",2,time_asc,0.0,6.710240264562084,True,False,False,240,0.5208333333333334,1.4607940397372525,12.581182852769908,37,0.21666666666666667,0.39741891191885714,0.8333333333333334,-2.754111044238501,454,0.44933920704845814,1.0939041988127995,5.408570923049595,26,0.3898678414096916,0.9244586178377736,0.75,-7.748599690650209,189,0.49206349206349204,1.232965470656119,5.179937023575133,34,0.582010582010582,0.9652627005393702,0.8,-2.2368992228059557
QQQ,"d65ret,cons_m2s2c30,cons_m2s1c45",2,time_asc,-999999.0,6.588513433688023,True,False,False,240,0.5166666666666667,1.4268039254303078,11.781182852769907,37,0.22083333333333333,0.42440560192344656,0.8333333333333334,-2.7541110442385,463,0.4449244060475162,1.071056914155625,4.1845642893960795,27,0.4060475161987041,1.194867530813251,0.75,-7.748599690650212,190,0.4842105263157895,1.1785919960804558,4.108734422851903,34,0.5842105263157895,1.2169197337727813,0.8,-2.413568687055668
QQQ,"d65ret,cons_m2s2c30,cons_m2s1c45",2,time_asc,0.0,6.710240264562084,True,False,False,240,0.5208333333333334,1.4607940397372525,12.581182852769908,37,0.21666666666666667,0.39741891191885714,0.8333333333333334,-2.754111044238501,454,0.44933920704845814,1.0939041988127995,5.408570923049595,26,0.3898678414096916,0.9244586178377736,0.75,-7.748599690650209,189,0.49206349206349204,1.232965470656119,5.179937023575133,34,0.582010582010582,0.9652627005393702,0.8,-2.2368992228059557
QQQ,"cons_m2s1c45,d65ret,cons_m2s2c30",2,time_asc,-999999.0,6.558793479497917,True,False,False,240,0.5166666666666667,1.4193709963379018,11.576009723959011,37,0.22083333333333333,0.43192776433587804,0.8333333333333334,-2.7541110442385,463,0.44924406047516197,1.0831134316067292,4.845684665101323,27,0.4060475161987041,1.0318459300519611,0.6666666666666666,-6.97768432482964,190,0.4842105263157895,1.1672198533140115,3.8192395932901597,34,0.5842105263157895,1.3091611243202081,0.8,-2.6601879748040083
QQQ,"cons_m2s1c45,d65ret,cons_m2s2c30",2,time_asc,0.0,6.68054774612576,True,False,False,240,0.5208333333333334,1.4532794398799358,12.376009723959012,37,0.21666666666666667,0.4040074395158547,0.8333333333333334,-2.754111044238501,454,0.45154185022026433,1.0933859508146317,5.354506634268336,26,0.3898678414096916,0.9337928480656785,0.6666666666666666,-6.977684324829639,189,0.49206349206349204,1.2162498579562369,4.7932520092011135,34,0.582010582010582,1.0431331360007805,0.8,-2.524926301554887
QQQ,"cons_m2s1c45,cons_m2s2c30,d65ret",2,time_asc,-999999.0,6.558793479497917,True,False,False,240,0.5166666666666667,1.4193709963379018,11.576009723959011,37,0.22083333333333333,0.43192776433587804,0.8333333333333334,-2.7541110442385,463,0.44924406047516197,1.0868129244081681,5.044820495876977,27,0.4060475161987041,0.9911155419873495,0.6666666666666666,-5.987018730732045,190,0.4842105263157895,1.1672198533140115,3.8192395932901597,34,0.5842105263157895,1.3091611243202081,0.8,-2.6601879748040083
QQQ,"cons_m2s1c45,cons_m2s2c30,d65ret",2,time_asc,0.0,6.68054774612576,True,False,False,240,0.5208333333333334,1.4532794398799358,12.376009723959012,37,0.21666666666666667,0.4040074395158547,0.8333333333333334,-2.754111044238501,454,0.45154185022026433,1.0971821670068838,5.553642465043991,26,0.3898678414096916,0.9003100274227672,0.6666666666666666,-5.987018730732043,189,0.49206349206349204,1.2162498579562369,4.7932520092011135,34,0.582010582010582,1.0431331360007805,0.8,-2.524926301554887
QQQ,"cons_m2s2c30,d65ret,cons_m2s1c45",2,time_asc,-999999.0,6.558793479497917,True,False,False,240,0.5166666666666667,1.4193709963379018,11.576009723959011,37,0.22083333333333333,0.43192776433587804,0.8333333333333334,-2.7541110442385,463,0.44924406047516197,1.0868129244081681,5.044820495876977,27,0.4060475161987041,0.9911155419873495,0.6666666666666666,-5.987018730732045,190,0.4842105263157895,1.1672198533140115,3.8192395932901597,34,0.5842105263157895,1.3091611243202081,0.8,-2.6601879748040083
QQQ,"cons_m2s2c30,d65ret,cons_m2s1c45",2,time_asc,0.0,6.68054774612576,True,False,False,240,0.5208333333333334,1.4532794398799358,12.376009723959012,37,0.21666666666666667,0.4040074395158547,0.8333333333333334,-2.754111044238501,454,0.45154185022026433,1.0971821670068838,5.553642465043991,26,0.3898678414096916,0.9003100274227672,0.6666666666666666,-5.987018730732043,189,0.49206349206349204,1.2162498579562369,4.7932520092011135,34,0.582010582010582,1.0431331360007805,0.8,-2.524926301554887
QQQ,"cons_m2s2c30,cons_m2s1c45,d65ret",2,time_asc,-999999.0,6.558793479497917,True,False,False,240,0.5166666666666667,1.4193709963379018,11.576009723959011,37,0.22083333333333333,0.43192776433587804,0.8333333333333334,-2.7541110442385,463,0.44924406047516197,1.0868129244081681,5.044820495876977,27,0.4060475161987041,0.9911155419873495,0.6666666666666666,-5.987018730732045,190,0.4842105263157895,1.1672198533140115,3.8192395932901597,34,0.5842105263157895,1.3091611243202081,0.8,-2.6601879748040083
QQQ,"cons_m2s2c30,cons_m2s1c45,d65ret",2,time_asc,0.0,6.68054774612576,True,False,False,240,0.5208333333333334,1.4532794398799358,12.376009723959012,37,0.21666666666666667,0.4040074395158547,0.8333333333333334,-2.754111044238501,454,0.45154185022026433,1.0971821670068838,5.553642465043991,26,0.3898678414096916,0.9003100274227672,0.6666666666666666,-5.987018730732043,189,0.49206349206349204,1.2162498579562369,4.7932520092011135,34,0.582010582010582,1.0431331360007805,0.8,-2.524926301554887
QQQ,"d65ret,cons_m2s1c45,cons_m3allc30",2,time_asc,-999999.0,6.588513433688023,True,False,False,240,0.5166666666666667,1.4268039254303078,11.781182852769907,37,0.22083333333333333,0.42440560192344656,0.8333333333333334,-2.7541110442385,463,0.4449244060475162,1.071056914155625,4.1845642893960795,27,0.4060475161987041,1.194867530813251,0.75,-7.748599690650212,190,0.4842105263157895,1.1785919960804558,4.108734422851903,34,0.5842105263157895,1.2169197337727813,0.8,-2.413568687055668
QQQ,"d65ret,cons_m2s1c45,cons_m3allc30",2,time_asc,0.0,6.710240264562084,True,False,False,240,0.5208333333333334,1.4607940397372525,12.581182852769908,37,0.21666666666666667,0.39741891191885714,0.8333333333333334,-2.754111044238501,454,0.44933920704845814,1.0939041988127995,5.408570923049595,26,0.3898678414096916,0.9244586178377736,0.75,-7.748599690650209,189,0.49206349206349204,1.232965470656119,5.179937023575133,34,0.582010582010582,0.9652627005393702,0.8,-2.2368992228059557
QQQ,"d65ret,cons_m3allc30,cons_m2s1c45",2,time_asc,-999999.0,6.588513433688023,True,False,False,240,0.5166666666666667,1.4268039254303078,11.781182852769907,37,0.22083333333333333,0.42440560192344656,0.8333333333333334,-2.7541110442385,463,0.4449244060475162,1.071056914155625,4.1845642893960795,27,0.4060475161987041,1.194867530813251,0.75,-7.748599690650212,190,0.4842105263157895,1.1785919960804558,4.108734422851903,34,0.5842105263157895,1.2169197337727813,0.8,-2.413568687055668
QQQ,"d65ret,cons_m3allc30,cons_m2s1c45",2,time_asc,0.0,6.710240264562084,True,False,False,240,0.5208333333333334,1.4607940397372525,12.581182852769908,37,0.21666666666666667,0.39741891191885714,0.8333333333333334,-2.754111044238501,454,0.44933920704845814,1.0939041988127995,5.408570923049595,26,0.3898678414096916,0.9244586178377736,0.75,-7.748599690650209,189,0.49206349206349204,1.232965470656119,5.179937023575133,34,0.582010582010582,0.9652627005393702,0.8,-2.2368992228059557
QQQ,"cons_m2s1c45,d65ret,cons_m3allc30",2,time_asc,-999999.0,6.558793479497917,True,False,False,240,0.5166666666666667,1.4193709963379018,11.576009723959011,37,0.22083333333333333,0.43192776433587804,0.8333333333333334,-2.7541110442385,463,0.44924406047516197,1.0831134316067292,4.845684665101323,27,0.4060475161987041,1.0318459300519611,0.6666666666666666,-6.97768432482964,190,0.4842105263157895,1.1672198533140115,3.8192395932901597,34,0.5842105263157895,1.3091611243202081,0.8,-2.6601879748040083
QQQ,"cons_m2s1c45,d65ret,cons_m3allc30",2,time_asc,0.0,6.68054774612576,True,False,False,240,0.5208333333333334,1.4532794398799358,12.376009723959012,37,0.21666666666666667,0.4040074395158547,0.8333333333333334,-2.754111044238501,454,0.45154185022026433,1.0933859508146317,5.354506634268336,26,0.3898678414096916,0.9337928480656785,0.6666666666666666,-6.977684324829639,189,0.49206349206349204,1.2162498579562369,4.7932520092011135,34,0.582010582010582,1.0431331360007805,0.8,-2.524926301554887
QQQ,"cons_m2s1c45,cons_m3allc30,d65ret",2,time_asc,-999999.0,6.558793479497917,True,False,False,240,0.5166666666666667,1.4193709963379018,11.576009723959011,37,0.22083333333333333,0.43192776433587804,0.8333333333333334,-2.7541110442385,463,0.44924406047516197,1.0868129244081681,5.044820495876977,27,0.4060475161987041,0.9911155419873495,0.6666666666666666,-5.987018730732045,190,0.4842105263157895,1.1672198533140115,3.8192395932901597,34,0.5842105263157895,1.3091611243202081,0.8,-2.6601879748040083
QQQ,"cons_m2s1c45,cons_m3allc30,d65ret",2,time_asc,0.0,6.68054774612576,True,False,False,240,0.5208333333333334,1.4532794398799358,12.376009723959012,37,0.21666666666666667,0.4040074395158547,0.8333333333333334,-2.754111044238501,454,0.45154185022026433,1.0971821670068838,5.553642465043991,26,0.3898678414096916,0.9003100274227672,0.6666666666666666,-5.987018730732043,189,0.49206349206349204,1.2162498579562369,4.7932520092011135,34,0.582010582010582,1.0431331360007805,0.8,-2.524926301554887
QQQ,"cons_m3allc30,d65ret,cons_m2s1c45",2,time_asc,-999999.0,6.558793479497917,True,False,False,240,0.5166666666666667,1.4193709963379018,11.576009723959011,37,0.22083333333333333,0.43192776433587804,0.8333333333333334,-2.7541110442385,463,0.44924406047516197,1.0868129244081681,5.044820495876977,27,0.4060475161987041,0.9911155419873495,0.6666666666666666,-5.987018730732045,190,0.4842105263157895,1.1672198533140115,3.8192395932901597,34,0.5842105263157895,1.3091611243202081,0.8,-2.6601879748040083
QQQ,"cons_m3allc30,d65ret,cons_m2s1c45",2,time_asc,0.0,6.68054774612576,True,False,False,240,0.5208333333333334,1.4532794398799358,12.376009723959012,37,0.21666666666666667,0.4040074395158547,0.8333333333333334,-2.754111044238501,454,0.45154185022026433,1.0971821670068838,5.553642465043991,26,0.3898678414096916,0.9003100274227672,0.6666666666666666,-5.987018730732043,189,0.49206349206349204,1.2162498579562369,4.7932520092011135,34,0.582010582010582,1.0431331360007805,0.8,-2.524926301554887
QQQ,"cons_m3allc30,cons_m2s1c45,d65ret",2,time_asc,-999999.0,6.558793479497917,True,False,False,240,0.5166666666666667,1.4193709963379018,11.576009723959011,37,0.22083333333333333,0.43192776433587804,0.8333333333333334,-2.7541110442385,463,0.44924406047516197,1.0868129244081681,5.044820495876977,27,0.4060475161987041,0.9911155419873495,0.6666666666666666,-5.987018730732045,190,0.4842105263157895,1.1672198533140115,3.8192395932901597,34,0.5842105263157895,1.3091611243202081,0.8,-2.6601879748040083
QQQ,"cons_m3allc30,cons_m2s1c45,d65ret",2,time_asc,0.0,6.68054774612576,True,False,False,240,0.5208333333333334,1.4532794398799358,12.376009723959012,37,0.21666666666666667,0.4040074395158547,0.8333333333333334,-2.754111044238501,454,0.45154185022026433,1.0971821670068838,5.553642465043991,26,0.3898678414096916,0.9003100274227672,0.6666666666666666,-5.987018730732043,189,0.49206349206349204,1.2162498579562369,4.7932520092011135,34,0.582010582010582,1.0431331360007805,0.8,-2.524926301554887
QQQ,"d65ret,cons_m2s1c45,cons_m3s2c30",2,time_asc,-999999.0,6.588513433688023,True,False,False,240,0.5166666666666667,1.4268039254303078,11.781182852769907,37,0.22083333333333333,0.42440560192344656,0.8333333333333334,-2.7541110442385,463,0.4449244060475162,1.071056914155625,4.1845642893960795,27,0.4060475161987041,1.194867530813251,0.75,-7.748599690650212,190,0.4842105263157895,1.1785919960804558,4.108734422851903,34,0.5842105263157895,1.2169197337727813,0.8,-2.413568687055668
QQQ,"d65ret,cons_m2s1c45,cons_m3s2c30",2,time_asc,0.0,6.710240264562084,True,False,False,240,0.5208333333333334,1.4607940397372525,12.581182852769908,37,0.21666666666666667,0.39741891191885714,0.8333333333333334,-2.754111044238501,454,0.44933920704845814,1.0939041988127995,5.408570923049595,26,0.3898678414096916,0.9244586178377736,0.75,-7.748599690650209,189,0.49206349206349204,1.232965470656119,5.179937023575133,34,0.582010582010582,0.9652627005393702,0.8,-2.2368992228059557
QQQ,"d65ret,cons_m3s2c30,cons_m2s1c45",2,time_asc,-999999.0,6.588513433688023,True,False,False,240,0.5166666666666667,1.4268039254303078,11.781182852769907,37,0.22083333333333333,0.42440560192344656,0.8333333333333334,-2.7541110442385,463,0.4449244060475162,1.071056914155625,4.1845642893960795,27,0.4060475161987041,1.194867530813251,0.75,-7.748599690650212,190,0.4842105263157895,1.1785919960804558,4.108734422851903,34,0.5842105263157895,1.2169197337727813,0.8,-2.413568687055668
QQQ,"d65ret,cons_m3s2c30,cons_m2s1c45",2,time_asc,0.0,6.710240264562084,True,False,False,240,0.5208333333333334,1.4607940397372525,12.581182852769908,37,0.21666666666666667,0.39741891191885714,0.8333333333333334,-2.754111044238501,454,0.44933920704845814,1.0939041988127995,5.408570923049595,26,0.3898678414096916,0.9244586178377736,0.75,-7.748599690650209,189,0.49206349206349204,1.232965470656119,5.179937023575133,34,0.582010582010582,0.9652627005393702,0.8,-2.2368992228059557
QQQ,"cons_m2s1c45,d65ret,cons_m3s2c30",2,time_asc,-999999.0,6.558793479497917,True,False,False,240,0.5166666666666667,1.4193709963379018,11.576009723959011,37,0.22083333333333333,0.43192776433587804,0.8333333333333334,-2.7541110442385,463,0.44924406047516197,1.0831134316067292,4.845684665101323,27,0.4060475161987041,1.0318459300519611,0.6666666666666666,-6.97768432482964,190,0.4842105263157895,1.1672198533140115,3.8192395932901597,34,0.5842105263157895,1.3091611243202081,0.8,-2.6601879748040083
QQQ,"cons_m2s1c45,d65ret,cons_m3s2c30",2,time_asc,0.0,6.68054774612576,True,False,False,240,0.5208333333333334,1.4532794398799358,12.376009723959012,37,0.21666666666666667,0.4040074395158547,0.8333333333333334,-2.754111044238501,454,0.45154185022026433,1.0933859508146317,5.354506634268336,26,0.3898678414096916,0.9337928480656785,0.6666666666666666,-6.977684324829639,189,0.49206349206349204,1.2162498579562369,4.7932520092011135,34,0.582010582010582,1.0431331360007805,0.8,-2.524926301554887
QQQ,"cons_m2s1c45,cons_m3s2c30,d65ret",2,time_asc,-999999.0,6.558793479497917,True,False,False,240,0.5166666666666667,1.4193709963379018,11.576009723959011,37,0.22083333333333333,0.43192776433587804,0.8333333333333334,-2.7541110442385,463,0.44924406047516197,1.0868129244081681,5.044820495876977,27,0.4060475161987041,0.9911155419873495,0.6666666666666666,-5.987018730732045,190,0.4842105263157895,1.1672198533140115,3.8192395932901597,34,0.5842105263157895,1.3091611243202081,0.8,-2.6601879748040083
QQQ,"cons_m2s1c45,cons_m3s2c30,d65ret",2,time_asc,0.0,6.68054774612576,True,False,False,240,0.5208333333333334,1.4532794398799358,12.376009723959012,37,0.21666666666666667,0.4040074395158547,0.8333333333333334,-2.754111044238501,454,0.45154185022026433,1.0971821670068838,5.553642465043991,26,0.3898678414096916,0.9003100274227672,0.6666666666666666,-5.987018730732043,189,0.49206349206349204,1.2162498579562369,4.7932520092011135,34,0.582010582010582,1.0431331360007805,0.8,-2.524926301554887
QQQ,"cons_m3s2c30,d65ret,cons_m2s1c45",2,time_asc,-999999.0,6.558793479497917,True,False,False,240,0.5166666666666667,1.4193709963379018,11.576009723959011,37,0.22083333333333333,0.43192776433587804,0.8333333333333334,-2.7541110442385,463,0.44924406047516197,1.0868129244081681,5.044820495876977,27,0.4060475161987041,0.9911155419873495,0.6666666666666666,-5.987018730732045,190,0.4842105263157895,1.1672198533140115,3.8192395932901597,34,0.5842105263157895,1.3091611243202081,0.8,-2.6601879748040083
QQQ,"cons_m3s2c30,d65ret,cons_m2s1c45",2,time_asc,0.0,6.68054774612576,True,False,False,240,0.5208333333333334,1.4532794398799358,12.376009723959012,37,0.21666666666666667,0.4040074395158547,0.8333333333333334,-2.754111044238501,454,0.45154185022026433,1.0971821670068838,5.553642465043991,26,0.3898678414096916,0.9003100274227672,0.6666666666666666,-5.987018730732043,189,0.49206349206349204,1.2162498579562369,4.7932520092011135,34,0.582010582010582,1.0431331360007805,0.8,-2.524926301554887
QQQ,"cons_m3s2c30,cons_m2s1c45,d65ret",2,time_asc,-999999.0,6.558793479497917,True,False,False,240,0.5166666666666667,1.4193709963379018,11.576009723959011,37,0.22083333333333333,0.43192776433587804,0.8333333333333334,-2.7541110442385,463,0.44924406047516197,1.0868129244081681,5.044820495876977,27,0.4060475161987041,0.9911155419873495,0.6666666666666666,-5.987018730732045,190,0.4842105263157895,1.1672198533140115,3.8192395932901597,34,0.5842105263157895,1.3091611243202081,0.8,-2.6601879748040083
QQQ,"cons_m3s2c30,cons_m2s1c45,d65ret",2,time_asc,0.0,6.68054774612576,True,False,False,240,0.5208333333333334,1.4532794398799358,12.376009723959012,37,0.21666666666666667,0.4040074395158547,0.8333333333333334,-2.754111044238501,454,0.45154185022026433,1.0971821670068838,5.553642465043991,26,0.3898678414096916,0.9003100274227672,0.6666666666666666,-5.987018730732043,189,0.49206349206349204,1.2162498579562369,4.7932520092011135,34,0.582010582010582,1.0431331360007805,0.8,-2.524926301554887
QQQ,"d65ret,cons_m2s2c30,cons_m3allc30",2,time_asc,-999999.0,6.395618690388662,True,False,False,240,0.5083333333333333,1.3941391856083836,10.896222677893922,37,0.2125,0.4588746162598088,0.8333333333333334,-3.072833825988707,463,0.4449244060475162,1.063763997588819,3.7618581706092673,27,0.4060475161987041,1.32913038536756,0.6666666666666666,-7.371305809437022,190,0.4842105263157895,1.1977512018098257,4.482172461056116,34,0.5684210526315789,1.1155304806861157,0.8,-2.413568687055667
QQQ,"d65ret,cons_m2s2c30,cons_m3allc30",2,time_asc,0.0,6.395618690388662,True,False,False,240,0.5083333333333333,1.3941391856083836,10.896222677893922,37,0.2125,0.4588746162598088,0.8333333333333334,-3.072833825988707,454,0.45154185022026433,1.1007938465328269,5.7858648042627845,26,0.3920704845814978,0.8641750488736287,0.75,-7.37130580943702,188,0.4946808510638298,1.24922197987948,5.4758468119562105,33,0.574468085106383,0.9131007808842962,0.8,-2.236899222805955
QQQ,"d65ret,cons_m3allc30,cons_m2s2c30",2,time_asc,-999999.0,6.395618690388662,True,False,False,240,0.5083333333333333,1.3941391856083836,10.896222677893922,37,0.2125,0.4588746162598088,0.8333333333333334,-3.072833825988707,463,0.4449244060475162,1.063763997588819,3.7618581706092673,27,0.4060475161987041,1.32913038536756,0.6666666666666666,-7.371305809437022,190,0.4842105263157895,1.1977512018098257,4.482172461056116,34,0.5684210526315789,1.1155304806861157,0.8,-2.413568687055667
QQQ,"d65ret,cons_m3allc30,cons_m2s2c30",2,time_asc,0.0,6.395618690388662,True,False,False,240,0.5083333333333333,1.3941391856083836,10.896222677893922,37,0.2125,0.4588746162598088,0.8333333333333334,-3.072833825988707,454,0.45154185022026433,1.1007938465328269,5.7858648042627845,26,0.3920704845814978,0.8641750488736287,0.75,-7.37130580943702,188,0.4946808510638298,1.24922197987948,5.4758468119562105,33,0.574468085106383,0.9131007808842962,0.8,-2.236899222805955
QQQ,"cons_m2s2c30,d65ret,cons_m3allc30",2,time_asc,-999999.0,6.365787297006562,True,False,False,240,0.5083333333333333,1.3867176440073377,10.691049549083026,37,0.2125,0.46768093039367226,0.8333333333333334,-3.072833825988707,463,0.44924406047516197,1.079393672498152,4.622114377090166,27,0.4060475161987041,1.081756008631645,0.5833333333333334,-5.609724849518857,190,0.4842105263157895,1.1863488266088331,4.192677631494371,34,0.5684210526315789,1.1925553165454983,0.8,-2.5249263015548866
QQQ,"cons_m2s2c30,d65ret,cons_m3allc30",2,time_asc,0.0,6.365787297006562,True,False,False,240,0.5083333333333333,1.3867176440073377,10.691049549083026,37,0.2125,0.46768093039367226,0.8333333333333334,-3.072833825988707,454,0.45374449339207046,1.104137397730531,5.9309363462571785,26,0.3920704845814978,0.8430372049356655,0.6666666666666666,-5.609724849518855,188,0.4946808510638298,1.2323571760064091,5.08916179758219,33,0.574468085106383,0.9824800623111354,0.8,-2.5249263015548866
QQQ,"cons_m2s2c30,cons_m3allc30,d65ret",2,time_asc,-999999.0,6.365787297006562,True,False,False,240,0.5083333333333333,1.3867176440073377,10.691049549083026,37,0.2125,0.46768093039367226,0.8333333333333334,-3.072833825988707,463,0.44924406047516197,1.079393672498152,4.622114377090166,27,0.4060475161987041,1.081756008631645,0.5833333333333334,-5.609724849518857,190,0.4842105263157895,1.1863488266088331,4.192677631494371,34,0.5684210526315789,1.1925553165454983,0.8,-2.5249263015548866
QQQ,"cons_m2s2c30,cons_m3allc30,d65ret",2,time_asc,0.0,6.365787297006562,True,False,False,240,0.5083333333333333,1.3867176440073377,10.691049549083026,37,0.2125,0.46768093039367226,0.8333333333333334,-3.072833825988707,454,0.45374449339207046,1.104137397730531,5.9309363462571785,26,0.3920704845814978,0.8430372049356655,0.6666666666666666,-5.609724849518855,188,0.4946808510638298,1.2323571760064091,5.08916179758219,33,0.574468085106383,0.9824800623111354,0.8,-2.5249263015548866
QQQ,"cons_m3allc30,d65ret,cons_m2s2c30",2,time_asc,-999999.0,6.365787297006562,True,False,False,240,0.5083333333333333,1.3867176440073377,10.691049549083026,37,0.2125,0.46768093039367226,0.8333333333333334,-3.072833825988707,463,0.44924406047516197,1.079393672498152,4.622114377090166,27,0.4060475161987041,1.081756008631645,0.5833333333333334,-5.609724849518857,190,0.4842105263157895,1.1863488266088331,4.192677631494371,34,0.5684210526315789,1.1925553165454983,0.8,-2.5249263015548866
QQQ,"cons_m3allc30,d65ret,cons_m2s2c30",2,time_asc,0.0,6.365787297006562,True,False,False,240,0.5083333333333333,1.3867176440073377,10.691049549083026,37,0.2125,0.46768093039367226,0.8333333333333334,-3.072833825988707,454,0.45374449339207046,1.104137397730531,5.9309363462571785,26,0.3920704845814978,0.8430372049356655,0.6666666666666666,-5.609724849518855,188,0.4946808510638298,1.2323571760064091,5.08916179758219,33,0.574468085106383,0.9824800623111354,0.8,-2.5249263015548866
QQQ,"cons_m3allc30,cons_m2s2c30,d65ret",2,time_asc,-999999.0,6.365787297006562,True,False,False,240,0.5083333333333333,1.3867176440073377,10.691049549083026,37,0.2125,0.46768093039367226,0.8333333333333334,-3.072833825988707,463,0.44924406047516197,1.079393672498152,4.622114377090166,27,0.4060475161987041,1.081756008631645,0.5833333333333334,-5.609724849518857,190,0.4842105263157895,1.1863488266088331,4.192677631494371,34,0.5684210526315789,1.1925553165454983,0.8,-2.5249263015548866
QQQ,"cons_m3allc30,cons_m2s2c30,d65ret",2,time_asc,0.0,6.365787297006562,True,False,False,240,0.5083333333333333,1.3867176440073377,10.691049549083026,37,0.2125,0.46768093039367226,0.8333333333333334,-3.072833825988707,454,0.45374449339207046,1.104137397730531,5.9309363462571785,26,0.3920704845814978,0.8430372049356655,0.6666666666666666,-5.609724849518855,188,0.4946808510638298,1.2323571760064091,5.08916179758219,33,0.574468085106383,0.9824800623111354,0.8,-2.5249263015548866
QQQ,"d65ret,cons_m2s2c30,cons_m3s2c30",2,time_asc,-999999.0,6.395618690388662,True,False,False,240,0.5083333333333333,1.3941391856083836,10.896222677893922,37,0.2125,0.4588746162598088,0.8333333333333334,-3.072833825988707,463,0.4449244060475162,1.063763997588819,3.7618581706092673,27,0.4060475161987041,1.32913038536756,0.6666666666666666,-7.371305809437022,190,0.4842105263157895,1.1977512018098257,4.482172461056116,34,0.5684210526315789,1.1155304806861157,0.8,-2.413568687055667
QQQ,"d65ret,cons_m2s2c30,cons_m3s2c30",2,time_asc,0.0,6.395618690388662,True,False,False,240,0.5083333333333333,1.3941391856083836,10.896222677893922,37,0.2125,0.4588746162598088,0.8333333333333334,-3.072833825988707,454,0.45154185022026433,1.1007938465328269,5.7858648042627845,26,0.3920704845814978,0.8641750488736287,0.75,-7.37130580943702,188,0.4946808510638298,1.24922197987948,5.4758468119562105,33,0.574468085106383,0.9131007808842962,0.8,-2.236899222805955
QQQ,"d65ret,cons_m3s2c30,cons_m2s2c30",2,time_asc,-999999.0,6.395618690388662,True,False,False,240,0.5083333333333333,1.3941391856083836,10.896222677893922,37,0.2125,0.4588746162598088,0.8333333333333334,-3.072833825988707,463,0.4449244060475162,1.063763997588819,3.7618581706092673,27,0.4060475161987041,1.32913038536756,0.6666666666666666,-7.371305809437022,190,0.4842105263157895,1.1977512018098257,4.482172461056116,34,0.5684210526315789,1.1155304806861157,0.8,-2.413568687055667
QQQ,"d65ret,cons_m3s2c30,cons_m2s2c30",2,time_asc,0.0,6.395618690388662,True,False,False,240,0.5083333333333333,1.3941391856083836,10.896222677893922,37,0.2125,0.4588746162598088,0.8333333333333334,-3.072833825988707,454,0.45154185022026433,1.1007938465328269,5.7858648042627845,26,0.3920704845814978,0.8641750488736287,0.75,-7.37130580943702,188,0.4946808510638298,1.24922197987948,5.4758468119562105,33,0.574468085106383,0.9131007808842962,0.8,-2.236899222805955
QQQ,"cons_m2s2c30,d65ret,cons_m3s2c30",2,time_asc,-999999.0,6.365787297006562,True,False,False,240,0.5083333333333333,1.3867176440073377,10.691049549083026,37,0.2125,0.46768093039367226,0.8333333333333334,-3.072833825988707,463,0.44924406047516197,1.079393672498152,4.622114377090166,27,0.4060475161987041,1.081756008631645,0.5833333333333334,-5.609724849518857,190,0.4842105263157895,1.1863488266088331,4.192677631494371,34,0.5684210526315789,1.1925553165454983,0.8,-2.5249263015548866
QQQ,"cons_m2s2c30,d65ret,cons_m3s2c30",2,time_asc,0.0,6.365787297006562,True,False,False,240,0.5083333333333333,1.3867176440073377,10.691049549083026,37,0.2125,0.46768093039367226,0.8333333333333334,-3.072833825988707,454,0.45374449339207046,1.104137397730531,5.9309363462571785,26,0.3920704845814978,0.8430372049356655,0.6666666666666666,-5.609724849518855,188,0.4946808510638298,1.2323571760064091,5.08916179758219,33,0.574468085106383,0.9824800623111354,0.8,-2.5249263015548866
QQQ,"cons_m2s2c30,cons_m3s2c30,d65ret",2,time_asc,-999999.0,6.365787297006562,True,False,False,240,0.5083333333333333,1.3867176440073377,10.691049549083026,37,0.2125,0.46768093039367226,0.8333333333333334,-3.072833825988707,463,0.44924406047516197,1.079393672498152,4.622114377090166,27,0.4060475161987041,1.081756008631645,0.5833333333333334,-5.609724849518857,190,0.4842105263157895,1.1863488266088331,4.192677631494371,34,0.5684210526315789,1.1925553165454983,0.8,-2.5249263015548866
QQQ,"cons_m2s2c30,cons_m3s2c30,d65ret",2,time_asc,0.0,6.365787297006562,True,False,False,240,0.5083333333333333,1.3867176440073377,10.691049549083026,37,0.2125,0.46768093039367226,0.8333333333333334,-3.072833825988707,454,0.45374449339207046,1.104137397730531,5.9309363462571785,26,0.3920704845814978,0.8430372049356655,0.6666666666666666,-5.609724849518855,188,0.4946808510638298,1.2323571760064091,5.08916179758219,33,0.574468085106383,0.9824800623111354,0.8,-2.5249263015548866
QQQ,"cons_m3s2c30,d65ret,cons_m2s2c30",2,time_asc,-999999.0,6.365787297006562,True,False,False,240,0.5083333333333333,1.3867176440073377,10.691049549083026,37,0.2125,0.46768093039367226,0.8333333333333334,-3.072833825988707,463,0.44924406047516197,1.079393672498152,4.622114377090166,27,0.4060475161987041,1.081756008631645,0.5833333333333334,-5.609724849518857,190,0.4842105263157895,1.1863488266088331,4.192677631494371,34,0.5684210526315789,1.1925553165454983,0.8,-2.5249263015548866
QQQ,"cons_m3s2c30,d65ret,cons_m2s2c30",2,time_asc,0.0,6.365787297006562,True,False,False,240,0.5083333333333333,1.3867176440073377,10.691049549083026,37,0.2125,0.46768093039367226,0.8333333333333334,-3.072833825988707,454,0.45374449339207046,1.104137397730531,5.9309363462571785,26,0.3920704845814978,0.8430372049356655,0.6666666666666666,-5.609724849518855,188,0.4946808510638298,1.2323571760064091,5.08916179758219,33,0.574468085106383,0.9824800623111354,0.8,-2.5249263015548866
QQQ,"cons_m3s2c30,cons_m2s2c30,d65ret",2,time_asc,-999999.0,6.365787297006562,True,False,False,240,0.5083333333333333,1.3867176440073377,10.691049549083026,37,0.2125,0.46768093039367226,0.8333333333333334,-3.072833825988707,463,0.44924406047516197,1.079393672498152,4.622114377090166,27,0.4060475161987041,1.081756008631645,0.5833333333333334,-5.609724849518857,190,0.4842105263157895,1.1863488266088331,4.192677631494371,34,0.5684210526315789,1.1925553165454983,0.8,-2.5249263015548866
QQQ,"cons_m3s2c30,cons_m2s2c30,d65ret",2,time_asc,0.0,6.365787297006562,True,False,False,240,0.5083333333333333,1.3867176440073377,10.691049549083026,37,0.2125,0.46768093039367226,0.8333333333333334,-3.072833825988707,454,0.45374449339207046,1.104137397730531,5.9309363462571785,26,0.3920704845814978,0.8430372049356655,0.6666666666666666,-5.609724849518855,188,0.4946808510638298,1.2323571760064091,5.08916179758219,33,0.574468085106383,0.9824800623111354,0.8,-2.5249263015548866
QQQ,"d65ret,cons_m3allc30,cons_m3s2c30",2,time_asc,-999999.0,6.395618690388662,True,False,False,240,0.5083333333333333,1.3941391856083836,10.896222677893922,37,0.2125,0.4588746162598088,0.8333333333333334,-3.072833825988707,463,0.4449244060475162,1.063763997588819,3.7618581706092673,27,0.4060475161987041,1.32913038536756,0.6666666666666666,-7.371305809437022,190,0.4842105263157895,1.1977512018098257,4.482172461056116,34,0.5684210526315789,1.1155304806861157,0.8,-2.413568687055667
QQQ,"d65ret,cons_m3allc30,cons_m3s2c30",2,time_asc,0.0,6.395618690388662,True,False,False,240,0.5083333333333333,1.3941391856083836,10.896222677893922,37,0.2125,0.4588746162598088,0.8333333333333334,-3.072833825988707,454,0.45154185022026433,1.1007938465328269,5.7858648042627845,26,0.3920704845814978,0.8641750488736287,0.75,-7.37130580943702,188,0.4946808510638298,1.24922197987948,5.4758468119562105,33,0.574468085106383,0.9131007808842962,0.8,-2.236899222805955
QQQ,"d65ret,cons_m3s2c30,cons_m3allc30",2,time_asc,-999999.0,6.395618690388662,True,False,False,240,0.5083333333333333,1.3941391856083836,10.896222677893922,37,0.2125,0.4588746162598088,0.8333333333333334,-3.072833825988707,463,0.4449244060475162,1.063763997588819,3.7618581706092673,27,0.4060475161987041,1.32913038536756,0.6666666666666666,-7.371305809437022,190,0.4842105263157895,1.1977512018098257,4.482172461056116,34,0.5684210526315789,1.1155304806861157,0.8,-2.413568687055667
QQQ,"d65ret,cons_m3s2c30,cons_m3allc30",2,time_asc,0.0,6.395618690388662,True,False,False,240,0.5083333333333333,1.3941391856083836,10.896222677893922,37,0.2125,0.4588746162598088,0.8333333333333334,-3.072833825988707,454,0.45154185022026433,1.1007938465328269,5.7858648042627845,26,0.3920704845814978,0.8641750488736287,0.75,-7.37130580943702,188,0.4946808510638298,1.24922197987948,5.4758468119562105,33,0.574468085106383,0.9131007808842962,0.8,-2.236899222805955
QQQ,"cons_m3allc30,d65ret,cons_m3s2c30",2,time_asc,-999999.0,6.365787297006562,True,False,False,240,0.5083333333333333,1.3867176440073377,10.691049549083026,37,0.2125,0.46768093039367226,0.8333333333333334,-3.072833825988707,463,0.44924406047516197,1.079393672498152,4.622114377090166,27,0.4060475161987041,1.081756008631645,0.5833333333333334,-5.609724849518857,190,0.4842105263157895,1.1863488266088331,4.192677631494371,34,0.5684210526315789,1.1925553165454983,0.8,-2.5249263015548866
QQQ,"cons_m3allc30,d65ret,cons_m3s2c30",2,time_asc,0.0,6.365787297006562,True,False,False,240,0.5083333333333333,1.3867176440073377,10.691049549083026,37,0.2125,0.46768093039367226,0.8333333333333334,-3.072833825988707,454,0.45374449339207046,1.104137397730531,5.9309363462571785,26,0.3920704845814978,0.8430372049356655,0.6666666666666666,-5.609724849518855,188,0.4946808510638298,1.2323571760064091,5.08916179758219,33,0.574468085106383,0.9824800623111354,0.8,-2.5249263015548866
QQQ,"cons_m3allc30,cons_m3s2c30,d65ret",2,time_asc,-999999.0,6.365787297006562,True,False,False,240,0.5083333333333333,1.3867176440073377,10.691049549083026,37,0.2125,0.46768093039367226,0.8333333333333334,-3.072833825988707,463,0.44924406047516197,1.079393672498152,4.622114377090166,27,0.4060475161987041,1.081756008631645,0.5833333333333334,-5.609724849518857,190,0.4842105263157895,1.1863488266088331,4.192677631494371,34,0.5684210526315789,1.1925553165454983,0.8,-2.5249263015548866
QQQ,"cons_m3allc30,cons_m3s2c30,d65ret",2,time_asc,0.0,6.365787297006562,True,False,False,240,0.5083333333333333,1.3867176440073377,10.691049549083026,37,0.2125,0.46768093039367226,0.8333333333333334,-3.072833825988707,454,0.45374449339207046,1.104137397730531,5.9309363462571785,26,0.3920704845814978,0.8430372049356655,0.6666666666666666,-5.609724849518855,188,0.4946808510638298,1.2323571760064091,5.08916179758219,33,0.574468085106383,0.9824800623111354,0.8,-2.5249263015548866
QQQ,"cons_m3s2c30,d65ret,cons_m3allc30",2,time_asc,-999999.0,6.365787297006562,True,False,False,240,0.5083333333333333,1.3867176440073377,10.691049549083026,37,0.2125,0.46768093039367226,0.8333333333333334,-3.072833825988707,463,0.44924406047516197,1.079393672498152,4.622114377090166,27,0.4060475161987041,1.081756008631645,0.5833333333333334,-5.609724849518857,190,0.4842105263157895,1.1863488266088331,4.192677631494371,34,0.5684210526315789,1.1925553165454983,0.8,-2.5249263015548866
QQQ,"cons_m3s2c30,d65ret,cons_m3allc30",2,time_asc,0.0,6.365787297006562,True,False,False,240,0.5083333333333333,1.3867176440073377,10.691049549083026,37,0.2125,0.46768093039367226,0.8333333333333334,-3.072833825988707,454,0.45374449339207046,1.104137397730531,5.9309363462571785,26,0.3920704845814978,0.8430372049356655,0.6666666666666666,-5.609724849518855,188,0.4946808510638298,1.2323571760064091,5.08916179758219,33,0.574468085106383,0.9824800623111354,0.8,-2.5249263015548866
QQQ,"cons_m3s2c30,cons_m3allc30,d65ret",2,time_asc,-999999.0,6.365787297006562,True,False,False,240,0.5083333333333333,1.3867176440073377,10.691049549083026,37,0.2125,0.46768093039367226,0.8333333333333334,-3.072833825988707,463,0.44924406047516197,1.079393672498152,4.622114377090166,27,0.4060475161987041,1.081756008631645,0.5833333333333334,-5.609724849518857,190,0.4842105263157895,1.1863488266088331,4.192677631494371,34,0.5684210526315789,1.1925553165454983,0.8,-2.5249263015548866
QQQ,"cons_m3s2c30,cons_m3allc30,d65ret",2,time_asc,0.0,6.365787297006562,True,False,False,240,0.5083333333333333,1.3867176440073377,10.691049549083026,37,0.2125,0.46768093039367226,0.8333333333333334,-3.072833825988707,454,0.45374449339207046,1.104137397730531,5.9309363462571785,26,0.3920704845814978,0.8430372049356655,0.6666666666666666,-5.609724849518855,188,0.4946808510638298,1.2323571760064091,5.08916179758219,33,0.574468085106383,0.9824800623111354,0.8,-2.5249263015548866
QQQ,"d65win,d80,d80_front",2,time_asc,-999999.0,6.43993290165998,True,False,False,254,0.5039370078740157,1.4753721125230819,12.308680663759512,40,0.21653543307086615,0.4062173791478331,0.8333333333333334,-4.185046465057368,476,0.4852941176470588,1.291759875273908,14.18151575597696,36,0.39915966386554624,0.3525716211183345,0.5833333333333334,-2.9426186114612083,191,0.5340314136125655,1.2923960936928276,5.35390794103113,34,0.6073298429319371,0.8463687340703234,0.6,-2.86111315141285
QQQ,"d65win,d80,d80_front",2,time_asc,0.0,6.311985959856917,True,True,False,254,0.49606299212598426,1.4339571392141572,11.535381685743145,40,0.2125984251968504,0.43344902979496724,0.8333333333333334,-4.185046465057367,473,0.4904862579281184,1.3277859401143834,15.760524174773622,36,0.3953488372093023,0.317248331626116,0.6666666666666666,-2.798508281685436,189,0.544973544973545,1.2782260956032785,5.135336526436074,34,0.5661375661375662,0.9274798318890525,0.6,-2.3373396210557775
QQQ,"d65win,d80_front,d80",2,time_asc,-999999.0,6.43993290165998,True,False,True,254,0.5039370078740157,1.4753721125230819,12.308680663759512,40,0.21653543307086615,0.4062173791478331,0.8333333333333334,-4.185046465057368,476,0.4810924369747899,1.2540796538400591,12.338022564396395,36,0.4054621848739496,0.4052513256401725,0.5833333333333334,-2.94261861146121,191,0.5340314136125655,1.303398451747654,5.515754113017881,34,0.6073298429319371,0.8215341354113187,0.6,-2.86111315141285
QQQ,"d65win,d80_front,d80",2,time_asc,0.0,6.311985959856917,True,False,False,254,0.49606299212598426,1.4339571392141572,11.535381685743145,40,0.2125984251968504,0.43344902979496724,0.8333333333333334,-4.185046465057367,473,0.48625792811839325,1.2897292071740074,13.917030983193055,36,0.40169133192389006,0.35927203194691926,0.6666666666666666,-2.7985082816854376,189,0.544973544973545,1.2890392805844781,5.2971826984228265,34,0.5661375661375662,0.8991423043896039,0.6,-2.3373396210557775
QQQ,"d80,d65win,d80_front",2,time_asc,-999999.0,6.2245283511998375,True,False,False,254,0.49606299212598426,1.439254128515903,11.480852758672935,40,0.21653543307086615,0.4355077192522019,0.8333333333333334,-4.62767887970217,476,0.4894957983193277,1.2899987869306742,13.952004051223827,36,0.39915966386554624,0.3583714555731809,0.6666666666666666,-2.958697106099832,191,0.5130890052356021,1.2726429170428906,5.011600036879621,34,0.6073298429319371,0.904178356818943,0.6,-2.974144228804178
QQQ,"d80,d65win,d80_front",2,time_asc,0.0,6.181421570268324,True,True,False,254,0.4921259842519685,1.4210003470822465,11.27512953596875,40,0.2125984251968504,0.4434538853012303,0.8333333333333334,-4.62767887970217,473,0.49471458773784355,1.326417166484268,15.53272782187403,36,0.3953488372093023,0.32190096017511677,0.75,-2.8145867763240577,189,0.5185185185185185,1.2363988041270642,4.42402129778532,34,0.5661375661375662,1.0766044595257656,0.6,-2.921493695826711
QQQ,"d80,d80_front,d65win",2,time_asc,-999999.0,6.131153938076832,True,False,False,254,0.5039370078740157,1.4185862842748822,10.802382171109073,40,0.21653543307086615,0.4628608690935301,0.8333333333333334,-4.62767887970217,476,0.48739495798319327,1.28282223833272,13.282101224824359,36,0.4012605042016807,0.37644646094512196,0.6666666666666666,-3.052058616024068,191,0.5078534031413613,1.2722619413616405,4.906573470957775,34,0.6073298429319371,0.9229685613734132,0.6,-2.641108139143663
QQQ,"d80,d80_front,d65win",2,time_asc,0.0,6.088198423349396,True,True,False,254,0.5,1.4006082080394402,10.59665894840489,40,0.2125984251968504,0.4718468362853791,0.8333333333333334,-4.62767887970217,473,0.492600422832981,1.319110369025054,14.828991340665965,36,0.3974630021141649,0.3371773497694585,0.75,-2.907948286248299,189,0.5132275132275133,1.2353137723369436,4.318994731863475,34,0.5661375661375662,1.0761682306541982,0.6,-2.662255984328817
QQQ,"d80_front,d65win,d80",2,time_asc,-999999.0,6.365170672955083,True,False,False,254,0.5078740157480315,1.4611154576237504,11.734339816197224,40,0.21653543307086615,0.42609981288409304,0.8333333333333334,-4.185046465057367,476,0.4831932773109244,1.267866408800586,12.407791932165015,36,0.4054621848739496,0.40297258588277746,0.6666666666666666,-3.052058616024068,191,0.5026178010471204,1.2463426817335481,4.381213127553553,34,0.612565445026178,1.0336436338333548,0.6,-2.641108139143662
QQQ,"d80_front,d65win,d80",2,time_asc,0.0,6.236519793168589,True,True,False,254,0.5,1.4193712472764972,10.961040838180857,40,0.2125984251968504,0.45616105932051454,0.8333333333333334,-4.185046465057367,473,0.4883720930232558,1.3045019500454862,13.954682048006623,36,0.40169133192389006,0.3583026816948676,0.75,-2.907948286248299,189,0.5132275132275133,1.2321349097114698,4.162641712958498,34,0.5714285714285714,1.1165901942329042,0.6,-2.285133721286137
QQQ,"d80_front,d80,d65win",2,time_asc,-999999.0,6.131153938076832,True,False,False,254,0.5039370078740157,1.4185862842748826,10.802382171109073,40,0.21653543307086615,0.4628608690935301,0.8333333333333334,-4.62767887970217,476,0.4831932773109244,1.2542022431682887,11.909769602739974,36,0.40336134453781514,0.4198234027003927,0.6666666666666666,-3.0520586160240697,191,0.5026178010471204,1.2300763565684316,4.1295347012231085,34,0.612565445026178,1.0966400297887176,0.6,-2.641108139143662
QQQ,"d80_front,d80,d65win",2,time_asc,0.0,6.088198423349396,True,False,False,254,0.5,1.4006082080394404,10.59665894840489,40,0.2125984251968504,0.4718468362853791,0.8333333333333334,-4.62767887970217,473,0.4883720930232558,1.2902730760308065,13.456659718581582,36,0.39957716701902746,0.3715632337121349,0.75,-2.9079482862482973,189,0.5079365079365079,1.1937483733173286,3.541955962128809,34,0.5714285714285714,1.3122593754668732,0.6,-2.6622559843288176
QQQ,"d65win,d80,d80_zero",2,time_asc,-999999.0,-9.999999999999997e+17,False,False,False,256,0.48046875,1.2605610233510816,7.93119105168833,40,0.21484375,0.6304223372523146,0.8333333333333334,-4.38025399751557,457,0.4551422319474836,1.1365350197161335,7.92777274304891,33,0.38074398249452956,0.630694163677183,0.6666666666666666,-5.2898509153078646,190,0.5,1.2284908598555804,5.033126927501264,34,0.5736842105263158,0.9308167118338986,0.6,-2.70506082961651
QQQ,"d65win,d80,d80_zero",2,time_asc,0.0,-9.999999999999997e+17,False,False,True,256,0.47265625,1.2395230382983273,7.39829540463822,40,0.2109375,0.6758313539177343,0.8333333333333334,-4.38025399751557,440,0.4659090909090909,1.2127401248590806,11.458852962887939,25,0.3931818181818182,0.4363438483933444,0.75,-4.862283767897699,184,0.5597826086956522,1.4165417717666624,7.807647685471171,33,0.5597826086956522,0.6403977486463983,0.6,-2.400336233956376
QQQ,"d65win,d80_zero,d80",2,time_asc,-999999.0,-9.999999999999997e+17,False,False,False,256,0.48046875,1.2605610233510816,7.931191051688332,40,0.21484375,0.6304223372523144,0.8333333333333334,-4.380253997515569,457,0.4551422319474836,1.132692414690481,7.762536577534844,33,0.37199124726477023,0.6441193481097715,0.6666666666666666,-5.2898509153078646,190,0.5,1.2073241594072508,4.7196775545044485,34,0.5631578947368421,1.0201099800645625,0.6,-3.128725767968871
QQQ,"d65win,d80_zero,d80",2,time_asc,0.0,-9.999999999999997e+17,False,False,True,256,0.47265625,1.2395230382983276,7.398295404638221,40,0.2109375,0.6758313539177342,0.8333333333333334,-4.380253997515569,440,0.4636363636363636,1.2017944112148384,10.92982068547207,25,0.38636363636363635,0.45746404665595347,0.75,-4.862283767897697,184,0.5652173913043478,1.4544577578928228,8.382006574870996,33,0.5652173913043478,0.596515876638638,0.6,-2.400336233956376
QQQ,"d80,d65win,d80_zero",2,time_asc,-999999.0,-9.999999999999997e+17,False,False,False,256,0.47265625,1.2276147651363922,6.999416519024629,40,0.21484375,0.7143452581239946,0.8333333333333334,-4.627678879702169,457,0.45951859956236324,1.1355999666171899,7.7933013519841605,33,0.3785557986870897,0.6415766276928337,0.6666666666666666,-5.087415062565896,190,0.4789473684210526,1.1900600459121768,4.250849567044714,34,0.5736842105263158,1.0886503956969402,0.6,-3.2836741664948303
QQQ,"d80,d65win,d80_zero",2,time_asc,0.0,-9.999999999999997e+17,False,False,True,256,0.46875,1.2257748881019306,7.034096627286701,40,0.2109375,0.7108233316846937,0.8333333333333334,-4.627678879702169,440,0.47045454545454546,1.2126093681864596,11.326096923676733,25,0.39090909090909093,0.44145834471429507,0.75,-4.7292108124020995,184,0.532608695652174,1.3780124090247186,7.2985773382643355,33,0.5543478260869565,0.6850650158608914,0.6,-2.9844903087273096
QQQ,"d80,d80_zero,d65win",2,time_asc,-999999.0,-9.999999999999997e+17,False,False,False,256,0.46484375,1.1985981084931603,6.2262797296017895,40,0.2109375,0.8030477616076819,0.8333333333333334,-4.627678879702169,457,0.45951859956236324,1.1451484495382014,8.364592334470657,33,0.3785557986870897,0.5977577627297982,0.6666666666666666,-5.087415062565896,190,0.4631578947368421,1.110470492930472,2.5752878184397763,34,0.5789473684210527,1.7969599475739586,0.6,-3.8625451535588193
QQQ,"d80,d80_zero,d65win",2,time_asc,0.0,-9.999999999999997e+17,False,False,True,256,0.4609375,1.1971623362105908,6.260959837863862,40,0.20703125,0.7985995964647362,0.8333333333333334,-4.627678879702169,440,0.4727272727272727,1.2253279318384591,11.970990027962117,25,0.3886363636363636,0.4176763983865064,0.75,-4.7292108124020995,184,0.532608695652174,1.3780124090247183,7.298577338264336,33,0.5543478260869565,0.6850650158608914,0.6,-2.9844903087273096
QQQ,"d80_zero,d65win,d80",2,time_asc,-999999.0,-9.999999999999997e+17,False,False,False,256,0.48046875,1.2523526896436143,7.705279560590039,40,0.21484375,0.648905722457281,0.8333333333333334,-4.38025399751557,457,0.4551422319474836,1.132692414690481,7.762536577534846,33,0.37199124726477023,0.6441193481097713,0.6666666666666666,-5.2898509153078646,190,0.48947368421052634,1.2088580455193694,4.829284015115094,34,0.5631578947368421,0.9969573462582842,0.6,-3.128725767968871
QQQ,"d80_zero,d65win,d80",2,time_asc,0.0,-9.999999999999997e+17,False,False,True,256,0.47265625,1.2314980052854851,7.172383913539928,40,0.2109375,0.6971182887409398,0.8333333333333334,-4.380253997515569,440,0.4636363636363636,1.2017944112148384,10.92982068547207,25,0.38636363636363635,0.45746404665595347,0.75,-4.862283767897697,184,0.5652173913043478,1.4922260181901585,9.078603344616015,33,0.5652173913043478,0.5507455067926506,0.6,-2.3256429236183216
QQQ,"d80_zero,d80,d65win",2,time_asc,-999999.0,-9.999999999999997e+17,False,False,False,256,0.46484375,1.1985981084931603,6.22627972960179,40,0.2109375,0.8030477616076818,0.8333333333333334,-4.627678879702169,457,0.4573304157549234,1.1352641389191973,7.835560057054788,33,0.37636761487964987,0.6381164796890586,0.6666666666666666,-5.087415062565896,190,0.46842105263157896,1.1468091988582572,3.43220283721887,34,0.5684210526315789,1.3862337471863262,0.6,-3.609460486132248
QQQ,"d80_zero,d80,d65win",2,time_asc,0.0,-9.999999999999997e+17,False,False,True,256,0.4609375,1.1971623362105908,6.2609598378638625,40,0.20703125,0.7985995964647361,0.8333333333333334,-4.627678879702169,440,0.47045454545454546,1.2141607129374472,11.441957750546244,25,0.38636363636363635,0.4369881543882906,0.75,-4.7292108124020995,184,0.5434782608695652,1.4415013922889768,8.386131840871812,33,0.5597826086956522,0.5962224413920264,0.6,-2.66010001930063
QQQ,"d65win,d80,cons_m2s1c45",2,time_asc,-999999.0,6.048162473577831,True,False,False,253,0.49407114624505927,1.3604261220790992,10.225530307647837,40,0.21739130434782608,0.4889721950420919,0.8333333333333334,-4.380253997515569,443,0.4582392776523702,1.125997261378982,6.642404908291127,25,0.4153498871331828,0.7527394172792662,0.5833333333333334,-4.223585292873324,190,0.5210526315789473,1.2264134110990712,4.5953171328010125,34,0.5789473684210527,1.0065456896046854,0.6,-2.580564297458184
QQQ,"d65win,d80,cons_m2s1c45",2,time_asc,0.0,5.971820179637871,True,False,False,252,0.4880952380952381,1.3390926107265788,9.75223132963147,40,0.21031746031746032,0.5127031784826361,0.8333333333333334,-4.380253997515569,434,0.45622119815668205,1.127615080444961,6.658872532440975,21,0.3986175115207373,0.7508778664317104,0.5833333333333334,-4.357111788375237,187,0.5294117647058824,1.1794437719543707,3.6217657287211464,34,0.5454545454545454,1.2629625941860754,0.6,-2.580564297458184
QQQ,"d65win,cons_m2s1c45,d80",2,time_asc,-999999.0,5.940087545918547,True,False,False,253,0.4901185770750988,1.3308803228815538,9.52266540328656,40,0.2134387351778656,0.5250630772214625,0.8333333333333334,-4.380253997515569,443,0.4582392776523702,1.136389891564405,7.230077713156641,25,0.4108352144469526,0.6915554988989195,0.5833333333333334,-4.558850195400768,190,0.5157894736842106,1.1709973628704922,3.561813292585116,34,0.5789473684210527,1.2986072745633364,0.6,-2.8441221239073182
QQQ,"d65win,cons_m2s1c45,d80",2,time_asc,0.0,5.864298922667164,True,False,False,252,0.48412698412698413,1.3102401776268333,9.049366425270193,40,0.20634920634920634,0.5525248691485837,0.8333333333333334,-4.380253997515569,434,0.4539170506912442,1.129875097607273,6.806853215641826,21,0.39631336405529954,0.7345538153386703,0.5833333333333334,-4.558850195400769,187,0.5187165775401069,1.0967269099469912,2.032889547080889,34,0.5401069518716578,2.2500753407129768,0.4,-3.388662784451067
QQQ,"d80,d65win,cons_m2s1c45",2,time_asc,-999999.0,5.869696171829723,True,False,False,253,0.48616600790513836,1.3271553767326285,9.36158234211646,40,0.21739130434782608,0.534097743017833,0.8333333333333334,-4.62767887970217,443,0.46275395033860045,1.11901022299615,6.236045958719513,25,0.41309255079006774,0.8017901139757927,0.5833333333333334,-4.090512337377726,190,0.49473684210526314,1.2081547974838696,4.3320333657594565,34,0.5736842105263158,1.0677195353449302,0.6,-3.1196950659592253
QQQ,"d80,d65win,cons_m2s1c45",2,time_asc,0.0,5.876526741553357,True,False,False,252,0.48412698412698413,1.3265178562539306,9.455859119412278,40,0.21031746031746032,0.528772683355161,0.8333333333333334,-4.62767887970217,434,0.4608294930875576,1.1205984245678309,6.2542289347229065,21,0.39631336405529954,0.7994590623698563,0.5833333333333334,-4.224038832879641,187,0.5026737967914439,1.1726490128838674,3.555883434989295,34,0.5401069518716578,1.2863623692697483,0.6,-3.1196950659592253
QQQ,"d80,cons_m2s1c45,d65win",2,time_asc,-999999.0,5.799055499004896,True,False,False,253,0.48221343873517786,1.3079352320877533,8.903976637583408,40,0.2134387351778656,0.5615468462591372,0.8333333333333334,-4.62767887970217,443,0.4604966139954853,1.1226076235277973,6.438104366462349,25,0.4108352144469526,0.7766261177818451,0.5833333333333334,-4.090512337377725,190,0.49473684210526314,1.2081547974838696,4.3320333657594565,34,0.5736842105263158,1.0677195353449302,0.6,-3.1196950659592253
QQQ,"d80,cons_m2s1c45,d65win",2,time_asc,0.0,5.806182029948662,True,False,False,252,0.4801587301587302,1.30753061223326,8.998253414879224,40,0.20634920634920634,0.5556633903788661,0.8333333333333334,-4.62767887970217,434,0.45852534562211983,1.1174571043371082,6.104308020948395,21,0.39400921658986177,0.8190936602218143,0.5833333333333334,-4.224038832879639,187,0.5026737967914439,1.1726490128838674,3.555883434989295,34,0.5401069518716578,1.2863623692697483,0.6,-3.1196950659592253
QQQ,"cons_m2s1c45,d65win,d80",2,time_asc,-999999.0,5.940087545918546,True,False,False,253,0.4901185770750988,1.3308803228815538,9.522665403286558,40,0.2134387351778656,0.5250630772214626,0.8333333333333334,-4.380253997515569,443,0.4582392776523702,1.1305911449332384,6.9581901546497775,25,0.4108352144469526,0.7185776601202504,0.5833333333333334,-4.558850195400771,190,0.5157894736842106,1.1880842049447449,3.9177260400493505,34,0.5789473684210527,1.1806330011603252,0.6,-2.8441221239073182
QQQ,"cons_m2s1c45,d65win,d80",2,time_asc,0.0,5.864298922667164,True,False,False,252,0.48412698412698413,1.3102401776268333,9.049366425270193,40,0.20634920634920634,0.5525248691485837,0.8333333333333334,-4.380253997515569,434,0.4539170506912442,1.1240439754639304,6.534965657134963,21,0.39631336405529954,0.7651149619341814,0.5833333333333334,-4.558850195400771,187,0.5187165775401069,1.113661593054784,2.388802294545124,34,0.5401069518716578,1.9148318179051698,0.6,-3.388662784451067
QQQ,"cons_m2s1c45,d80,d65win",2,time_asc,-999999.0,5.944518428029797,True,False,False,253,0.4901185770750988,1.332561154844165,9.644416685429118,40,0.2134387351778656,0.5184346719023506,0.8333333333333334,-4.42978804969947,443,0.4582392776523702,1.1207682640219272,6.488775726485255,25,0.4108352144469526,0.7705613833425442,0.5833333333333334,-4.558850195400771,190,0.5157894736842106,1.201022648107795,4.258051836924393,34,0.5736842105263158,1.0862706302158036,0.6,-2.8441221239073187
QQQ,"cons_m2s1c45,d80,d65win",2,time_asc,0.0,5.873630007554708,True,False,False,252,0.48412698412698413,1.3133857834593428,9.200925385577566,40,0.20634920634920634,0.5434236003954005,0.8333333333333334,-4.42978804969947,434,0.45622119815668205,1.1184927530942128,6.286790524619672,21,0.39400921658986177,0.7953183711815309,0.5833333333333334,-4.55885019540077,187,0.5187165775401069,1.1312197401089341,2.8061681524727984,34,0.5347593582887701,1.63003583240339,0.6,-3.388662784451067
QQQ,"d65win,d80,cons_m2s2c30",2,time_asc,-999999.0,6.117804331270887,True,False,True,256,0.49609375,1.3733768074726715,10.704962962077804,40,0.2109375,0.4670730779464102,0.8333333333333334,-4.3802539975155685,476,0.4579831932773109,1.1170191331135657,6.740577575166263,34,0.4054621848739496,0.7417761971052859,0.5833333333333334,-3.8379621510065682,191,0.5287958115183246,1.3089125111928197,6.177056243333026,34,0.5759162303664922,0.7912356188360626,0.8,-2.500891224736858
QQQ,"d65win,d80,cons_m2s2c30",2,time_asc,0.0,5.995772816419167,True,False,False,256,0.48828125,1.3382743857226784,9.931663984061437,40,0.20703125,0.5034403105083011,0.8333333333333334,-4.3802539975155685,468,0.46153846153846156,1.1509316201041013,8.522061702524413,32,0.39316239316239315,0.5867124851394699,0.5833333333333334,-3.8379621510065665,189,0.544973544973545,1.2972880256072394,5.8939006385967865,34,0.544973544973545,0.8263336590659265,0.8,-2.500891224736858
QQQ,"d65win,cons_m2s2c30,d80",2,time_asc,-999999.0,6.010093825891127,True,False,False,256,0.4921875,1.3439536149977256,10.002098057716527,40,0.20703125,0.49989511911878787,0.8333333333333334,-4.3802539975155685,476,0.4579831932773109,1.1432653710036023,8.259565569116727,34,0.3949579831932773,0.6053587150752163,0.6666666666666666,-3.2397005580320997,191,0.5235602094240838,1.2724254857750699,5.630084539370916,34,0.5654450261780105,0.8880861317508175,0.6,-2.7343950649527544
QQQ,"d65win,cons_m2s2c30,d80",2,time_asc,0.0,5.889008378045326,True,False,False,256,0.484375,1.3100147258666115,9.22879907970016,40,0.203125,0.5417823009060945,0.8333333333333334,-4.3802539975155685,468,0.4594017094017094,1.1626651087637256,9.182870560531216,32,0.38675213675213677,0.5444920482153413,0.6666666666666666,-3.2397005580320997,189,0.5291005291005291,1.1906569701075564,3.9959909985801487,34,0.5343915343915344,1.183458674878382,0.6,-2.808989711729741
QQQ,"d80,d65win,cons_m2s2c30",2,time_asc,-999999.0,5.939874227829925,True,False,False,256,0.48828125,1.340341777644539,9.841014996546427,40,0.2109375,0.5080776730606227,0.8333333333333334,-4.62767887970217,476,0.46218487394957986,1.1105777205323153,6.334218625594648,34,0.40336134453781514,0.7893633446430982,0.5833333333333334,-3.6888107008723487,191,0.5026178010471204,1.2883136315889716,5.91377247629147,34,0.5706806282722513,0.8264617786485641,0.8,-2.673402815663723
QQQ,"d80,d65win,cons_m2s2c30",2,time_asc,0.0,5.900810067892325,True,False,False,256,0.484375,1.325960406097309,9.635291773842244,40,0.20703125,0.5189256451552334,0.8333333333333334,-4.62767887970217,468,0.4658119658119658,1.144582975384569,8.117418104806344,32,0.391025641025641,0.6159594018003689,0.5833333333333334,-3.6888107008723487,189,0.5185185185185185,1.2879698733662444,5.828018344864933,34,0.5396825396825397,0.8356748714001441,0.6,-2.673402815663723
QQQ,"d80,cons_m2s2c30,d65win",2,time_asc,-999999.0,5.869454397789289,True,False,False,256,0.484375,1.321183591486882,9.383409292013374,40,0.20703125,0.5328553667861122,0.8333333333333334,-4.62767887970217,476,0.46008403361344535,1.1138852585189483,6.536277033337484,34,0.4012605042016807,0.7649614565750671,0.5833333333333334,-3.6888107008723487,191,0.5026178010471204,1.2883136315889716,5.91377247629147,34,0.5706806282722513,0.8264617786485641,0.8,-2.673402815663723
QQQ,"d80,cons_m2s2c30,d65win",2,time_asc,0.0,5.830962823595062,True,False,False,256,0.48046875,1.3073602919376084,9.177686069309189,40,0.203125,0.5447996327440685,0.8333333333333334,-4.62767887970217,468,0.4636752136752137,1.141633719113317,7.967497191031834,32,0.3888888888888889,0.6275496407614639,0.5833333333333334,-3.6888107008723487,189,0.5185185185185185,1.2879698733662444,5.828018344864933,34,0.5396825396825397,0.8356748714001441,0.6,-2.673402815663723
QQQ,"cons_m2s2c30,d65win,d80",2,time_asc,-999999.0,5.9950078655478976,True,False,False,256,0.4921875,1.3395832695779246,9.907226227575709,40,0.20703125,0.5046821264748182,0.8333333333333334,-4.3802539975155685,476,0.4579831932773109,1.1378990445215844,7.987678010609862,34,0.3949579831932773,0.6259641404371341,0.6666666666666666,-3.2676431601266716,191,0.518324607329843,1.2612795833611967,5.478121489681137,34,0.5602094240837696,0.9127216344906277,0.6,-2.7343950649527544
QQQ,"cons_m2s2c30,d65win,d80",2,time_asc,0.0,5.874111575442976,True,False,False,256,0.484375,1.3058530455420931,9.133927249559342,40,0.203125,0.5474096588891947,0.8333333333333334,-4.3802539975155685,468,0.4594017094017094,1.1570923109369793,8.910983002024352,32,0.38675213675213677,0.561105323493954,0.6666666666666666,-3.2397005580320997,189,0.5238095238095238,1.1808183349848649,3.8440279488903704,34,0.5291005291005291,1.230243451630137,0.6,-2.808989711729741
QQQ,"cons_m2s2c30,d80,d65win",2,time_asc,-999999.0,6.008331856163777,True,False,False,256,0.4921875,1.3437751698762284,10.085830450891574,40,0.20703125,0.4957449983266382,0.8333333333333334,-4.42978804969947,476,0.4579831932773109,1.1322316952568328,7.6951108272638225,34,0.39705882352941174,0.6497632213801224,0.6666666666666666,-3.2397005580321006,191,0.5235602094240838,1.2752001346100215,5.7969529321747215,34,0.5549738219895288,0.8625220971259904,0.6,-2.7343950649527544
QQQ,"cons_m2s2c30,d80,d65win",2,time_asc,0.0,5.887628054907592,True,False,False,256,0.484375,1.3101327305786064,9.312531472875207,40,0.203125,0.5369109371134582,0.8333333333333334,-4.42978804969947,468,0.46153846153846156,1.155296002106015,8.839655114327543,32,0.38675213675213677,0.5656329274539083,0.6666666666666666,-3.2397005580320997,189,0.5238095238095238,1.1969545520579314,4.210599839425028,34,0.5238095238095238,1.1231393132460146,0.6,-2.808989711729741
QQQ,"d65win,d80,cons_m3allc30",2,time_asc,-999999.0,6.117804331270887,True,False,True,256,0.49609375,1.3733768074726715,10.704962962077804,40,0.2109375,0.4670730779464102,0.8333333333333334,-4.3802539975155685,476,0.4579831932773109,1.1170191331135657,6.740577575166263,34,0.4054621848739496,0.7417761971052859,0.5833333333333334,-3.8379621510065682,191,0.5287958115183246,1.3089125111928197,6.177056243333026,34,0.5759162303664922,0.7912356188360626,0.8,-2.500891224736858
QQQ,"d65win,d80,cons_m3allc30",2,time_asc,0.0,5.995772816419167,True,False,False,256,0.48828125,1.3382743857226784,9.931663984061437,40,0.20703125,0.5034403105083011,0.8333333333333334,-4.3802539975155685,469,0.4626865671641791,1.1511994779539274,8.537185777401175,32,0.39232409381663114,0.5856730930273912,0.5833333333333334,-3.8379621510065665,189,0.544973544973545,1.2972880256072394,5.8939006385967865,34,0.544973544973545,0.8263336590659265,0.8,-2.500891224736858
QQQ,"d65win,cons_m3allc30,d80",2,time_asc,-999999.0,6.010093825891127,True,False,False,256,0.4921875,1.3439536149977256,10.002098057716527,40,0.20703125,0.49989511911878787,0.8333333333333334,-4.3802539975155685,476,0.4579831932773109,1.1432653710036023,8.259565569116727,34,0.3949579831932773,0.6053587150752163,0.6666666666666666,-3.2397005580320997,191,0.5235602094240838,1.2724254857750699,5.630084539370916,34,0.5654450261780105,0.8880861317508175,0.6,-2.7343950649527544
QQQ,"d65win,cons_m3allc30,d80",2,time_asc,0.0,5.889008378045326,True,False,False,256,0.484375,1.3100147258666115,9.22879907970016,40,0.203125,0.5417823009060945,0.8333333333333334,-4.3802539975155685,469,0.4605543710021322,1.1629330161973066,9.197994635407976,32,0.3859275053304904,0.5435967510518368,0.6666666666666666,-3.2397005580320997,189,0.5291005291005291,1.1906569701075564,3.9959909985801487,34,0.5343915343915344,1.183458674878382,0.6,-2.808989711729741
QQQ,"d80,d65win,cons_m3allc30",2,time_asc,-999999.0,5.939874227829925,True,False,False,256,0.48828125,1.340341777644539,9.841014996546427,40,0.2109375,0.5080776730606227,0.8333333333333334,-4.62767887970217,476,0.46218487394957986,1.1105777205323153,6.334218625594648,34,0.40336134453781514,0.7893633446430982,0.5833333333333334,-3.6888107008723487,191,0.5026178010471204,1.2883136315889716,5.91377247629147,34,0.5706806282722513,0.8264617786485641,0.8,-2.673402815663723
QQQ,"d80,d65win,cons_m3allc30",2,time_asc,0.0,5.900810067892325,True,False,False,256,0.484375,1.325960406097309,9.635291773842244,40,0.20703125,0.5189256451552334,0.8333333333333334,-4.62767887970217,469,0.4669509594882729,1.1448523570669453,8.132542179683107,32,0.39019189765458423,0.6148139031471744,0.5833333333333334,-3.6888107008723487,189,0.5185185185185185,1.2879698733662444,5.828018344864933,34,0.5396825396825397,0.8356748714001441,0.6,-2.673402815663723
QQQ,"d80,cons_m3allc30,d65win",2,time_asc,-999999.0,5.869454397789289,True,False,False,256,0.484375,1.321183591486882,9.383409292013374,40,0.20703125,0.5328553667861122,0.8333333333333334,-4.62767887970217,476,0.46008403361344535,1.1138852585189483,6.536277033337484,34,0.4012605042016807,0.7649614565750671,0.5833333333333334,-3.6888107008723487,191,0.5026178010471204,1.2883136315889716,5.91377247629147,34,0.5706806282722513,0.8264617786485641,0.8,-2.673402815663723
QQQ,"d80,cons_m3allc30,d65win",2,time_asc,0.0,5.830962823595062,True,False,False,256,0.48046875,1.3073602919376084,9.177686069309189,40,0.203125,0.5447996327440685,0.8333333333333334,-4.62767887970217,469,0.464818763326226,1.141902571291308,7.982621265908595,32,0.3880597014925373,0.626360669439939,0.5833333333333334,-3.6888107008723487,189,0.5185185185185185,1.2879698733662444,5.828018344864933,34,0.5396825396825397,0.8356748714001441,0.6,-2.673402815663723
QQQ,"cons_m3allc30,d65win,d80",2,time_asc,-999999.0,5.9950078655478976,True,False,False,256,0.4921875,1.3395832695779246,9.907226227575709,40,0.20703125,0.5046821264748182,0.8333333333333334,-4.3802539975155685,476,0.4579831932773109,1.1378990445215844,7.987678010609862,34,0.3949579831932773,0.6259641404371341,0.6666666666666666,-3.2676431601266716,191,0.518324607329843,1.2612795833611967,5.478121489681137,34,0.5602094240837696,0.9127216344906277,0.6,-2.7343950649527544
QQQ,"cons_m3allc30,d65win,d80",2,time_asc,0.0,5.874111575442976,True,False,False,256,0.484375,1.3058530455420931,9.133927249559342,40,0.203125,0.5474096588891947,0.8333333333333334,-4.3802539975155685,469,0.4605543710021322,1.157358934257059,8.926107076901113,32,0.3859275053304904,0.5601546068093837,0.6666666666666666,-3.2397005580320997,189,0.5238095238095238,1.1808183349848649,3.8440279488903704,34,0.5291005291005291,1.230243451630137,0.6,-2.808989711729741
QQQ,"cons_m3allc30,d80,d65win",2,time_asc,-999999.0,6.008331856163777,True,False,False,256,0.4921875,1.3437751698762284,10.085830450891574,40,0.20703125,0.4957449983266382,0.8333333333333334,-4.42978804969947,476,0.4579831932773109,1.1322316952568328,7.6951108272638225,34,0.39705882352941174,0.6497632213801224,0.6666666666666666,-3.2397005580321006,191,0.5235602094240838,1.2752001346100215,5.7969529321747215,34,0.5549738219895288,0.8625220971259904,0.6,-2.7343950649527544
QQQ,"cons_m3allc30,d80,d65win",2,time_asc,0.0,5.887628054907592,True,False,False,256,0.484375,1.3101327305786064,9.312531472875207,40,0.203125,0.5369109371134582,0.8333333333333334,-4.42978804969947,469,0.4626865671641791,1.1555617034635384,8.854779189204304,32,0.3859275053304904,0.5646668192580083,0.6666666666666666,-3.2397005580320997,189,0.5238095238095238,1.1969545520579314,4.210599839425028,34,0.5238095238095238,1.1231393132460146,0.6,-2.808989711729741
QQQ,"d65win,d80,cons_m3s2c30",2,time_asc,-999999.0,6.117804331270887,True,False,True,256,0.49609375,1.3733768074726715,10.704962962077804,40,0.2109375,0.4670730779464102,0.8333333333333334,-4.3802539975155685,476,0.4579831932773109,1.1170191331135657,6.740577575166263,34,0.4054621848739496,0.7417761971052859,0.5833333333333334,-3.8379621510065682,191,0.5287958115183246,1.3089125111928197,6.177056243333026,34,0.5759162303664922,0.7912356188360626,0.8,-2.500891224736858
QQQ,"d65win,d80,cons_m3s2c30",2,time_asc,0.0,5.995772816419167,True,False,False,256,0.48828125,1.3382743857226784,9.931663984061437,40,0.20703125,0.5034403105083011,0.8333333333333334,-4.3802539975155685,468,0.46153846153846156,1.1509316201041013,8.522061702524413,32,0.39316239316239315,0.5867124851394699,0.5833333333333334,-3.8379621510065665,189,0.544973544973545,1.2972880256072394,5.8939006385967865,34,0.544973544973545,0.8263336590659265,0.8,-2.500891224736858
QQQ,"d65win,cons_m3s2c30,d80",2,time_asc,-999999.0,6.010093825891127,True,False,False,256,0.4921875,1.3439536149977256,10.002098057716527,40,0.20703125,0.49989511911878787,0.8333333333333334,-4.3802539975155685,476,0.4579831932773109,1.1432653710036023,8.259565569116727,34,0.3949579831932773,0.6053587150752163,0.6666666666666666,-3.2397005580320997,191,0.5235602094240838,1.2724254857750699,5.630084539370916,34,0.5654450261780105,0.8880861317508175,0.6,-2.7343950649527544
QQQ,"d65win,cons_m3s2c30,d80",2,time_asc,0.0,5.889008378045326,True,False,False,256,0.484375,1.3100147258666115,9.22879907970016,40,0.203125,0.5417823009060945,0.8333333333333334,-4.3802539975155685,468,0.4594017094017094,1.1626651087637256,9.182870560531216,32,0.38675213675213677,0.5444920482153413,0.6666666666666666,-3.2397005580320997,189,0.5291005291005291,1.1906569701075564,3.9959909985801487,34,0.5343915343915344,1.183458674878382,0.6,-2.808989711729741
QQQ,"d80,d65win,cons_m3s2c30",2,time_asc,-999999.0,5.939874227829925,True,False,False,256,0.48828125,1.340341777644539,9.841014996546427,40,0.2109375,0.5080776730606227,0.8333333333333334,-4.62767887970217,476,0.46218487394957986,1.1105777205323153,6.334218625594648,34,0.40336134453781514,0.7893633446430982,0.5833333333333334,-3.6888107008723487,191,0.5026178010471204,1.2883136315889716,5.91377247629147,34,0.5706806282722513,0.8264617786485641,0.8,-2.673402815663723
QQQ,"d80,d65win,cons_m3s2c30",2,time_asc,0.0,5.900810067892325,True,False,False,256,0.484375,1.325960406097309,9.635291773842244,40,0.20703125,0.5189256451552334,0.8333333333333334,-4.62767887970217,468,0.4658119658119658,1.144582975384569,8.117418104806344,32,0.391025641025641,0.6159594018003689,0.5833333333333334,-3.6888107008723487,189,0.5185185185185185,1.2879698733662444,5.828018344864933,34,0.5396825396825397,0.8356748714001441,0.6,-2.673402815663723
QQQ,"d80,cons_m3s2c30,d65win",2,time_asc,-999999.0,5.869454397789289,True,False,False,256,0.484375,1.321183591486882,9.383409292013374,40,0.20703125,0.5328553667861122,0.8333333333333334,-4.62767887970217,476,0.46008403361344535,1.1138852585189483,6.536277033337484,34,0.4012605042016807,0.7649614565750671,0.5833333333333334,-3.6888107008723487,191,0.5026178010471204,1.2883136315889716,5.91377247629147,34,0.5706806282722513,0.8264617786485641,0.8,-2.673402815663723
QQQ,"d80,cons_m3s2c30,d65win",2,time_asc,0.0,5.830962823595062,True,False,False,256,0.48046875,1.3073602919376084,9.177686069309189,40,0.203125,0.5447996327440685,0.8333333333333334,-4.62767887970217,468,0.4636752136752137,1.141633719113317,7.967497191031834,32,0.3888888888888889,0.6275496407614639,0.5833333333333334,-3.6888107008723487,189,0.5185185185185185,1.2879698733662444,5.828018344864933,34,0.5396825396825397,0.8356748714001441,0.6,-2.673402815663723
QQQ,"cons_m3s2c30,d65win,d80",2,time_asc,-999999.0,5.9950078655478976,True,False,False,256,0.4921875,1.3395832695779246,9.907226227575709,40,0.20703125,0.5046821264748182,0.8333333333333334,-4.3802539975155685,476,0.4579831932773109,1.1378990445215844,7.987678010609862,34,0.3949579831932773,0.6259641404371341,0.6666666666666666,-3.2676431601266716,191,0.518324607329843,1.2612795833611967,5.478121489681137,34,0.5602094240837696,0.9127216344906277,0.6,-2.7343950649527544
QQQ,"cons_m3s2c30,d65win,d80",2,time_asc,0.0,5.874111575442976,True,False,False,256,0.484375,1.3058530455420931,9.133927249559342,40,0.203125,0.5474096588891947,0.8333333333333334,-4.3802539975155685,468,0.4594017094017094,1.1570923109369793,8.910983002024352,32,0.38675213675213677,0.561105323493954,0.6666666666666666,-3.2397005580320997,189,0.5238095238095238,1.1808183349848649,3.8440279488903704,34,0.5291005291005291,1.230243451630137,0.6,-2.808989711729741
QQQ,"cons_m3s2c30,d80,d65win",2,time_asc,-999999.0,6.008331856163777,True,False,False,256,0.4921875,1.3437751698762284,10.085830450891574,40,0.20703125,0.4957449983266382,0.8333333333333334,-4.42978804969947,476,0.4579831932773109,1.1322316952568328,7.6951108272638225,34,0.39705882352941174,0.6497632213801224,0.6666666666666666,-3.2397005580321006,191,0.5235602094240838,1.2752001346100215,5.7969529321747215,34,0.5549738219895288,0.8625220971259904,0.6,-2.7343950649527544
QQQ,"cons_m3s2c30,d80,d65win",2,time_asc,0.0,5.887628054907592,True,False,False,256,0.484375,1.3101327305786064,9.312531472875207,40,0.203125,0.5369109371134582,0.8333333333333334,-4.42978804969947,468,0.46153846153846156,1.155296002106015,8.839655114327543,32,0.38675213675213677,0.5656329274539083,0.6666666666666666,-3.2397005580320997,189,0.5238095238095238,1.1969545520579314,4.210599839425028,34,0.5238095238095238,1.1231393132460146,0.6,-2.808989711729741
QQQ,"d65win,d80_front,d80_zero",2,time_asc,-999999.0,-9.999999999999997e+17,False,False,True,254,0.5039370078740157,1.2956290570447269,7.476935511457865,39,0.2125984251968504,0.6687231677119403,0.6666666666666666,-3.9955607987373982,459,0.45751633986928103,1.0819439835266158,4.060907130454047,32,0.3877995642701525,1.2312519935517348,0.5833333333333334,-3.1679439842331814,186,0.5161290322580645,1.3281039589135395,6.222251660047678,30,0.5806451612903226,0.7745870944234602,0.8,-2.360708571908741
QQQ,"d65win,d80_front,d80_zero",2,time_asc,0.0,5.642082310059379,True,False,True,254,0.5039370078740157,1.3080625304439333,7.71733884242412,39,0.2125984251968504,0.6478917282358737,0.6666666666666666,-3.9955607987373982,443,0.4604966139954853,1.0923192754896203,4.20061177257763,29,0.4040632054176072,1.1903028108050653,0.5833333333333334,-3.2171997930389526,179,0.5698324022346368,1.6490053173705874,9.283332106002842,30,0.6201117318435754,0.5191752033745896,0.8,-2.13028359780603
QQQ,"d65win,d80_zero,d80_front",2,time_asc,-999999.0,-9.999999999999997e+17,False,False,False,254,0.5039370078740157,1.2956290570447269,7.476935511457864,39,0.2125984251968504,0.6687231677119404,0.6666666666666666,-3.9955607987373982,459,0.4596949891067538,1.0970028656003967,4.821406167388936,32,0.3812636165577342,1.0370418559255676,0.5,-3.102067090557223,186,0.510752688172043,1.295587308204199,5.737583410218521,30,0.5860215053763441,0.8400184345109714,0.8,-2.7440105067493823
QQQ,"d65win,d80_zero,d80_front",2,time_asc,0.0,5.642082310059379,True,False,True,254,0.5039370078740157,1.308062530443933,7.71733884242412,39,0.2125984251968504,0.6478917282358737,0.6666666666666666,-3.9955607987373982,443,0.4650112866817156,1.1333224238606316,6.034986074022706,29,0.39954853273137697,0.828502326048812,0.5833333333333334,-3.056839807679637,179,0.5698324022346368,1.6490053173705874,9.283332106002842,30,0.6201117318435754,0.5191752033745896,0.8,-2.13028359780603
QQQ,"d80_front,d65win,d80_zero",2,time_asc,-999999.0,-9.999999999999997e+17,False,False,False,254,0.5078740157480315,1.2769937981935593,6.891468923756145,39,0.2125984251968504,0.7255347234845814,0.6666666666666666,-3.9737909738924158,459,0.4596949891067538,1.0912294264659994,4.30852907630276,32,0.3877995642701525,1.160488860920165,0.5833333333333334,-3.0934618546485724,186,0.4838709677419355,1.2805468002626068,5.2083207631876975,30,0.5860215053763441,0.9165228301562051,0.8,-2.921605242845583
QQQ,"d80_front,d65win,d80_zero",2,time_asc,0.0,-9.999999999999997e+17,False,False,True,254,0.5078740157480315,1.289453406165089,7.131872254722401,39,0.2125984251968504,0.7010781771489566,0.6666666666666666,-3.9737909738924158,443,0.4650112866817156,1.103377754001086,4.450256116761022,29,0.4040632054176072,1.1235308415550456,0.5833333333333334,-3.0563049891917577,179,0.5363128491620112,1.5875143859580367,8.171779366059932,30,0.6256983240223464,0.5827918286952156,0.8,-2.625640072047852
QQQ,"d80_front,d80_zero,d65win",2,time_asc,-999999.0,-9.999999999999997e+17,False,False,False,254,0.5118110236220472,1.289611342910161,7.145979761213037,39,0.2125984251968504,0.6996941171228905,0.6666666666666666,-3.9737909738924158,459,0.4596949891067538,1.0966868098678804,4.574575691938372,32,0.3877995642701525,1.0929975448458182,0.5833333333333334,-3.0934618546485724,186,0.478494623655914,1.2336785707689164,4.408320763187697,30,0.5967741935483871,1.0828488085758805,0.8,-3.721605242845583
QQQ,"d80_front,d80_zero,d65win",2,time_asc,0.0,5.605840848182317,True,False,True,254,0.5118110236220472,1.3022996945234504,7.386383092179293,39,0.2125984251968504,0.6769212939001232,0.6666666666666666,-3.9737909738924158,443,0.4650112866817156,1.1115540995323567,4.802235438278368,29,0.4040632054176072,1.04118177133617,0.5833333333333334,-3.0563049891917577,179,0.5363128491620112,1.6131029205860716,8.527692113524164,30,0.6256983240223464,0.5584683613151417,0.8,-2.625640072047852
QQQ,"d80_zero,d65win,d80_front",2,time_asc,-999999.0,5.6436609568072535,True,False,False,254,0.5078740157480315,1.308191705623458,7.731446348914756,39,0.2125984251968504,0.6467095255342279,0.6666666666666666,-3.9955607987373982,459,0.4596949891067538,1.0970028656003967,4.821406167388937,32,0.3812636165577342,1.0370418559255674,0.5,-3.102067090557223,186,0.510752688172043,1.2955873082041989,5.737583410218522,30,0.5860215053763441,0.8400184345109712,0.8,-2.7440105067493823
QQQ,"d80_zero,d65win,d80_front",2,time_asc,0.0,5.6841077646782585,True,False,True,254,0.5078740157480315,1.3208493817144407,7.971849679881013,39,0.2125984251968504,0.6272070097632134,0.6666666666666666,-3.9955607987373982,443,0.4650112866817156,1.1333224238606316,6.034986074022706,29,0.39954853273137697,0.828502326048812,0.5833333333333334,-3.056839807679637,179,0.5698324022346368,1.6738874677651527,9.639244853467076,30,0.6201117318435754,0.5000055406201581,0.8,-2.13028359780603
QQQ,"d80_zero,d80_front,d65win",2,time_asc,-999999.0,-9.999999999999997e+17,False,False,False,254,0.5118110236220472,1.289611342910161,7.145979761213039,39,0.2125984251968504,0.6996941171228903,0.6666666666666666,-3.9737909738924158,459,0.46187363834422657,1.1091333917414725,5.154718741249578,32,0.38562091503267976,0.9699850275027669,0.5,-3.093461854648572,186,0.4731182795698925,1.2301660011135156,4.347317451710903,30,0.5967741935483871,1.0980437797013116,0.8,-3.782608554322378
QQQ,"d80_zero,d80_front,d65win",2,time_asc,0.0,5.605840848182317,True,False,True,254,0.5118110236220472,1.3022996945234504,7.386383092179294,39,0.2125984251968504,0.6769212939001231,0.6666666666666666,-3.9737909738924158,443,0.4672686230248307,1.1413809965505393,6.063391122556868,29,0.4018058690744921,0.8246210575793357,0.5833333333333334,-3.0563049891917595,179,0.5363128491620112,1.6131029205860716,8.527692113524164,30,0.6256983240223464,0.5584683613151417,0.8,-2.625640072047852
QQQ,"d65win,d80_front,cons_m2s1c45",2,time_asc,-999999.0,5.777918489657942,True,False,True,255,0.4980392156862745,1.3374480309267898,8.48578867265335,40,0.2196078431372549,0.5892204240382753,0.6666666666666666,-3.899180709073727,466,0.45493562231759654,1.0969823234065097,4.578204255745454,33,0.3969957081545064,1.0921312638520246,0.6666666666666666,-3.8016618475994566,190,0.531578947368421,1.425104048304101,7.038347230829094,33,0.5894736842105263,0.6934798964576228,0.8,-2.3779860096241245
QQQ,"d65win,d80_front,cons_m2s1c45",2,time_asc,0.0,5.777918489657942,True,False,True,255,0.4980392156862745,1.3374480309267898,8.48578867265335,40,0.2196078431372549,0.5892204240382753,0.6666666666666666,-3.899180709073727,462,0.46320346320346323,1.1315037515050217,6.077631033603299,33,0.3961038961038961,0.8226889675195708,0.6666666666666666,-3.126071292279402,187,0.5294117647058824,1.3651810872840975,6.103550082182396,33,0.5882352941176471,0.797950113505293,0.8,-2.337033567771533
QQQ,"d65win,cons_m2s1c45,d80_front",2,time_asc,-999999.0,5.777918489657942,True,False,True,255,0.4980392156862745,1.3374480309267898,8.485788672653348,40,0.2196078431372549,0.5892204240382755,0.6666666666666666,-3.899180709073727,466,0.45493562231759654,1.10665535224072,5.135437842290353,33,0.3905579399141631,0.9736268169434315,0.5833333333333334,-4.6483288431321785,190,0.5368421052631579,1.459282705314923,7.58349814220847,33,0.5842105263157895,0.6436280747141745,0.8,-2.3779860096241245
QQQ,"d65win,cons_m2s1c45,d80_front",2,time_asc,0.0,5.777918489657942,True,False,True,255,0.4980392156862745,1.3374480309267898,8.485788672653348,40,0.2196078431372549,0.5892204240382755,0.6666666666666666,-3.899180709073727,462,0.46320346320346323,1.1406894057958012,6.634864620148197,33,0.38961038961038963,0.753594878909273,0.6666666666666666,-3.972738287812126,187,0.5347593582887701,1.398875504857321,6.648700993561771,33,0.5828877005347594,0.7325233132876386,0.8,-2.337033567771533
QQQ,"d80_front,d65win,cons_m2s1c45",2,time_asc,-999999.0,5.707590362100754,True,False,True,255,0.5019607843137255,1.3230284651786515,7.968148652083957,40,0.2196078431372549,0.6274983334669993,0.6666666666666666,-3.8991807090737263,466,0.4592274678111588,1.1138075912300431,5.066232747871317,33,0.3969957081545064,0.9869266275026258,0.6666666666666666,-3.338984948714094,190,0.49473684210526314,1.3528161272662946,5.710890578471375,33,0.5947368421052631,0.8546744578276675,0.8,-2.7297850608410905
QQQ,"d80_front,d65win,cons_m2s1c45",2,time_asc,0.0,5.707590362100754,True,False,False,255,0.5019607843137255,1.3230284651786515,7.968148652083957,40,0.2196078431372549,0.6274983334669993,0.6666666666666666,-3.8991807090737263,462,0.4675324675324675,1.149997341800531,6.533541222774106,33,0.3961038961038961,0.765281771326611,0.6666666666666666,-3.234625273833604,187,0.4919786096256685,1.292230358968158,4.7760934298246775,33,0.5935828877005348,0.9921300312731968,0.8,-2.6888326189884992
QQQ,"d80_front,cons_m2s1c45,d65win",2,time_asc,-999999.0,-9.999999999999997e+17,False,False,True,255,0.49411764705882355,1.2948875848140606,7.364962397362092,40,0.2196078431372549,0.6788900920649439,0.6666666666666666,-3.8991807090737263,466,0.4592274678111588,1.1290893264522333,5.757603979183394,33,0.3969957081545064,0.8684167959584386,0.6666666666666666,-3.3389849487140957,190,0.49473684210526314,1.3748042489926002,6.066803325935609,33,0.5947368421052631,0.8045344552380765,0.8,-2.7297850608410905
QQQ,"d80_front,cons_m2s1c45,d65win",2,time_asc,0.0,-9.999999999999997e+17,False,False,True,255,0.49411764705882355,1.2948875848140606,7.364962397362092,40,0.2196078431372549,0.6788900920649439,0.6666666666666666,-3.8991807090737263,462,0.4675324675324675,1.1655432829538284,7.2249124540861835,33,0.3961038961038961,0.6920499081164861,0.6666666666666666,-3.2346252738336068,187,0.4919786096256685,1.3140072591651533,5.132006177288913,33,0.5935828877005348,0.9233242440091682,0.8,-2.6888326189884992
QQQ,"cons_m2s1c45,d65win,d80_front",2,time_asc,-999999.0,5.681725463396765,True,False,True,255,0.49019607843137253,1.309662974901872,7.882602417931484,40,0.2196078431372549,0.6343082823289312,0.6666666666666666,-3.8991807090737263,466,0.45278969957081544,1.0921329227503918,4.488874899459954,33,0.3905579399141631,1.1138648574504801,0.5833333333333334,-4.6483288431321785,190,0.5368421052631579,1.4808380042608837,7.939410889672705,33,0.5842105263157895,0.6147751233302613,0.8,-2.3779860096241245
QQQ,"cons_m2s1c45,d65win,d80_front",2,time_asc,0.0,5.681725463396765,True,False,True,255,0.49019607843137253,1.309662974901872,7.882602417931484,40,0.2196078431372549,0.6343082823289312,0.6666666666666666,-3.8991807090737263,462,0.461038961038961,1.12545793955499,5.988301677317798,33,0.38961038961038963,0.8349612744025172,0.6666666666666666,-3.972738287812124,187,0.5347593582887701,1.4202277775745666,7.004613741026006,33,0.5828877005347594,0.6953029333133933,0.8,-2.337033567771533
QQQ,"cons_m2s1c45,d80_front,d65win",2,time_asc,-999999.0,5.664904280847764,True,False,True,255,0.49019607843137253,1.3075970789181866,7.741236333389109,40,0.2196078431372549,0.6458916618311022,0.6666666666666666,-3.8991807090737263,466,0.45493562231759654,1.086919643266636,4.16493900656494,33,0.3969957081545064,1.2004977725049044,0.5833333333333334,-4.741690353056416,190,0.5263157894736842,1.4063682856099835,6.730034370344065,33,0.5894736842105263,0.7252492394951356,0.8,-2.3779860096241245
QQQ,"cons_m2s1c45,d80_front,d65win",2,time_asc,0.0,5.664904280847764,True,False,True,255,0.49019607843137253,1.3075970789181866,7.741236333389109,40,0.2196078431372549,0.6458916618311022,0.6666666666666666,-3.8991807090737263,462,0.46320346320346323,1.1207060450478383,5.664365784422783,33,0.3961038961038961,0.8827113555678531,0.6666666666666666,-4.06609979773636,187,0.5240641711229946,1.3466379449606936,5.795237221697366,33,0.5882352941176471,0.8176551783168949,0.8,-2.3370335677715333
QQQ,"d65win,d80_front,cons_m2s2c30",2,time_asc,-999999.0,5.820784356061871,True,False,True,256,0.5,1.3443521256506226,8.808423389493655,40,0.2109375,0.5676384727332483,0.6666666666666666,-3.899180709073727,480,0.4583333333333333,1.1100542776694564,5.4707011771850365,33,0.4041666666666667,0.91395962566041,0.6666666666666666,-3.297978339261979,192,0.53125,1.4032750824484255,6.875310948591453,34,0.5885416666666666,0.7099245903733443,0.8,-2.550650286915439
QQQ,"d65win,d80_front,cons_m2s2c30",2,time_asc,0.0,5.820784356061871,True,False,True,256,0.5,1.3443521256506226,8.808423389493655,40,0.2109375,0.5676384727332483,0.6666666666666666,-3.899180709073727,480,0.4625,1.1215251667690285,6.042048586650538,33,0.4041666666666667,0.827533894885773,0.75,-3.297978339261978,190,0.531578947368421,1.3880922085381633,6.631473449679515,34,0.5894736842105263,0.7344262957273933,0.8,-2.5096978450628473
QQQ,"d65win,cons_m2s2c30,d80_front",2,time_asc,-999999.0,6.066083662825058,True,False,True,256,0.5,1.3626428179906387,9.361597412492062,40,0.2109375,0.5340968832229454,0.8333333333333334,-3.899180709073727,480,0.46041666666666664,1.1404722191130239,7.138642678470511,33,0.3958333333333333,0.7004132613444205,0.6666666666666666,-3.5290293074224444,192,0.5364583333333334,1.4254615846836953,7.289900543321311,34,0.5833333333333334,0.6695499177063359,0.8,-2.550650286915439
QQQ,"d65win,cons_m2s2c30,d80_front",2,time_asc,0.0,6.066083662825058,True,False,True,256,0.5,1.3626428179906387,9.361597412492062,40,0.2109375,0.5340968832229454,0.8333333333333334,-3.899180709073727,480,0.46458333333333335,1.151687043151662,7.709990087936012,33,0.3958333333333333,0.6485092643405092,0.6666666666666666,-3.5290293074224417,190,0.5368421052631579,1.410304254047601,7.046063044409373,34,0.5842105263157895,0.6912127311615521,0.8,-2.5096978450628473
QQQ,"d80_front,d65win,cons_m2s2c30",2,time_asc,-999999.0,5.751001115130697,True,False,True,256,0.50390625,1.3303131827160795,8.290783368924263,40,0.2109375,0.6030793204344398,0.6666666666666666,-3.899180709073727,480,0.4625,1.1267321214946178,5.958729669310903,33,0.4041666666666667,0.8391050236347146,0.5833333333333334,-2.7893928291849206,192,0.4947916666666667,1.3326347721679879,5.5478542962337345,34,0.59375,0.8797910053588976,0.8,-2.7725298843895723
QQQ,"d80_front,d65win,cons_m2s2c30",2,time_asc,0.0,5.751001115130697,True,False,True,256,0.50390625,1.3303131827160795,8.290783368924263,40,0.2109375,0.6030793204344398,0.6666666666666666,-3.899180709073727,480,0.4666666666666667,1.1380787531377035,6.497958775821348,33,0.4041666666666667,0.7694724101058944,0.6666666666666666,-2.789392829184921,190,0.49473684210526314,1.3172791385324596,5.304016797321796,34,0.5947368421052631,0.8933806028458134,0.8,-2.731577442536981
QQQ,"d80_front,cons_m2s2c30,d65win",2,time_asc,-999999.0,-9.999999999999997e+17,False,False,True,256,0.49609375,1.2977176027467998,7.592725284061582,40,0.2109375,0.6585250766935883,0.6666666666666666,-3.8991807090737263,480,0.4625,1.141178396729893,6.65010090062298,33,0.4041666666666667,0.7518682911309814,0.6666666666666666,-2.7893928291849224,192,0.4947916666666667,1.3707187605026556,6.183038696599127,34,0.59375,0.7894099565562868,0.8,-2.7725298843895723
QQQ,"d80_front,cons_m2s2c30,d65win",2,time_asc,0.0,-9.999999999999997e+17,False,False,True,256,0.49609375,1.2977176027467998,7.592725284061582,40,0.2109375,0.6585250766935883,0.6666666666666666,-3.8991807090737263,480,0.4666666666666667,1.1524916317453995,7.189330007133426,33,0.4041666666666667,0.695475099214931,0.75,-2.789392829184921,190,0.49473684210526314,1.3552750135566392,5.939201197687189,34,0.5947368421052631,0.7978355280741979,0.8,-2.731577442536981
QQQ,"cons_m2s2c30,d65win,d80_front",2,time_asc,-999999.0,5.955105333498409,True,False,True,256,0.4921875,1.330438988714188,8.663539327629382,40,0.2109375,0.5771313329246649,0.8333333333333334,-3.899180709073727,480,0.4583333333333333,1.1263277120873707,6.492079735640112,33,0.3958333333333333,0.7701692221294022,0.6666666666666666,-3.8009168659293104,192,0.53125,1.4254426635906035,7.417209146532691,34,0.578125,0.6580577967320561,0.8,-2.550650286915438
QQQ,"cons_m2s2c30,d65win,d80_front",2,time_asc,0.0,5.955105333498409,True,False,True,256,0.4921875,1.330438988714188,8.663539327629382,40,0.2109375,0.5771313329246649,0.8333333333333334,-3.899180709073727,480,0.4625,1.1374203385202244,7.063427145105613,33,0.3958333333333333,0.707871674370507,0.6666666666666666,-3.8009168659293064,190,0.531578947368421,1.4105456196439086,7.173371647620752,34,0.5789473684210527,0.6789455112754493,0.8,-2.5096978450628464
QQQ,"cons_m2s2c30,d80_front,d65win",2,time_asc,-999999.0,5.927432566245487,True,False,True,256,0.4921875,1.3251986811418246,8.454346675954678,40,0.2109375,0.5914117544080237,0.8333333333333334,-3.899180709073727,480,0.45625,1.1174484734616381,5.981343857328787,33,0.40208333333333335,0.8359325461407185,0.5833333333333334,-3.8090818135110123,192,0.5260416666666666,1.3942538775156408,6.870393603525167,34,0.578125,0.7104327045198346,0.8,-2.550650286915439
QQQ,"cons_m2s2c30,d80_front,d65win",2,time_asc,0.0,5.927432566245487,True,False,True,256,0.4921875,1.3251986811418246,8.454346675954678,40,0.2109375,0.5914117544080237,0.8333333333333334,-3.899180709073727,480,0.46041666666666664,1.1286436489811675,6.552691266794289,33,0.40208333333333335,0.7630452582647164,0.5833333333333334,-3.80908181351101,190,0.5263157894736842,1.3794192682064745,6.626556104613229,34,0.5789473684210527,0.7150781867819466,0.8,-2.5096978450628473
QQQ,"d65win,d80_front,cons_m3allc30",2,time_asc,-999999.0,5.820784356061871,True,False,True,256,0.5,1.3443521256506226,8.808423389493655,40,0.2109375,0.5676384727332483,0.6666666666666666,-3.899180709073727,480,0.4583333333333333,1.1100542776694564,5.4707011771850365,33,0.4041666666666667,0.91395962566041,0.6666666666666666,-3.297978339261979,192,0.53125,1.4032750824484255,6.875310948591453,34,0.5885416666666666,0.7099245903733443,0.8,-2.550650286915439
QQQ,"d65win,d80_front,cons_m3allc30",2,time_asc,0.0,5.820784356061871,True,False,True,256,0.5,1.3443521256506226,8.808423389493655,40,0.2109375,0.5676384727332483,0.6666666666666666,-3.899180709073727,480,0.4625,1.1215251667690285,6.042048586650538,33,0.4041666666666667,0.827533894885773,0.75,-3.297978339261978,191,0.5287958115183246,1.3641421937748044,6.331473449679514,34,0.5863874345549738,0.7692251289641291,0.8,-2.5096978450628473
QQQ,"d65win,cons_m3allc30,d80_front",2,time_asc,-999999.0,6.066083662825058,True,False,True,256,0.5,1.3626428179906387,9.361597412492062,40,0.2109375,0.5340968832229454,0.8333333333333334,-3.899180709073727,480,0.46041666666666664,1.1404722191130239,7.138642678470511,33,0.3958333333333333,0.7004132613444205,0.6666666666666666,-3.5290293074224444,192,0.5364583333333334,1.4254615846836953,7.289900543321311,34,0.5833333333333334,0.6695499177063359,0.8,-2.550650286915439
QQQ,"d65win,cons_m3allc30,d80_front",2,time_asc,0.0,6.066083662825058,True,False,True,256,0.5,1.3626428179906387,9.361597412492062,40,0.2109375,0.5340968832229454,0.8333333333333334,-3.899180709073727,480,0.46458333333333335,1.151687043151662,7.709990087936012,33,0.3958333333333333,0.6485092643405092,0.6666666666666666,-3.5290293074224417,191,0.5340314136125655,1.3860899405152838,6.7460630444093725,34,0.581151832460733,0.7219512253000429,0.8,-2.5096978450628473
QQQ,"d80_front,d65win,cons_m3allc30",2,time_asc,-999999.0,5.751001115130697,True,False,True,256,0.50390625,1.3303131827160795,8.290783368924263,40,0.2109375,0.6030793204344398,0.6666666666666666,-3.899180709073727,480,0.4625,1.1267321214946178,5.958729669310903,33,0.4041666666666667,0.8391050236347146,0.5833333333333334,-2.7893928291849206,192,0.4947916666666667,1.3326347721679879,5.5478542962337345,34,0.59375,0.8797910053588976,0.8,-2.7725298843895723
QQQ,"d80_front,d65win,cons_m3allc30",2,time_asc,0.0,5.751001115130697,True,False,False,256,0.50390625,1.3303131827160795,8.290783368924263,40,0.2109375,0.6030793204344398,0.6666666666666666,-3.899180709073727,480,0.4666666666666667,1.1380787531377035,6.497958775821348,33,0.4041666666666667,0.7694724101058944,0.6666666666666666,-2.789392829184921,191,0.49214659685863876,1.2940565232246604,5.004016797321796,34,0.5916230366492147,0.9469404112375814,0.8,-2.731577442536981
QQQ,"d80_front,cons_m3allc30,d65win",2,time_asc,-999999.0,-9.999999999999997e+17,False,False,True,256,0.49609375,1.2977176027467998,7.592725284061582,40,0.2109375,0.6585250766935883,0.6666666666666666,-3.8991807090737263,480,0.4625,1.141178396729893,6.65010090062298,33,0.4041666666666667,0.7518682911309814,0.6666666666666666,-2.7893928291849224,192,0.4947916666666667,1.3707187605026556,6.183038696599127,34,0.59375,0.7894099565562868,0.8,-2.7725298843895723
QQQ,"d80_front,cons_m3allc30,d65win",2,time_asc,0.0,-9.999999999999997e+17,False,False,True,256,0.49609375,1.2977176027467998,7.592725284061582,40,0.2109375,0.6585250766935883,0.6666666666666666,-3.8991807090737263,480,0.4666666666666667,1.1524916317453995,7.189330007133426,33,0.4041666666666667,0.695475099214931,0.75,-2.789392829184921,191,0.49214659685863876,1.3313825602751264,5.639201197687189,34,0.5916230366492147,0.8402795995005595,0.8,-2.731577442536981
QQQ,"cons_m3allc30,d65win,d80_front",2,time_asc,-999999.0,5.955105333498409,True,False,True,256,0.4921875,1.330438988714188,8.663539327629382,40,0.2109375,0.5771313329246649,0.8333333333333334,-3.899180709073727,480,0.4583333333333333,1.1263277120873707,6.492079735640112,33,0.3958333333333333,0.7701692221294022,0.6666666666666666,-3.8009168659293104,192,0.53125,1.4254426635906035,7.417209146532691,34,0.578125,0.6580577967320561,0.8,-2.550650286915438
QQQ,"cons_m3allc30,d65win,d80_front",2,time_asc,0.0,5.955105333498409,True,False,True,256,0.4921875,1.330438988714188,8.663539327629382,40,0.2109375,0.5771313329246649,0.8333333333333334,-3.899180709073727,480,0.4625,1.1374203385202244,7.063427145105613,33,0.3958333333333333,0.707871674370507,0.6666666666666666,-3.8009168659293064,191,0.5287958115183246,1.386735963458478,6.873371647620751,34,0.5759162303664922,0.7085792432813625,0.8,-2.5096978450628464
QQQ,"cons_m3allc30,d80_front,d65win",2,time_asc,-999999.0,5.927432566245487,True,False,True,256,0.4921875,1.3251986811418246,8.454346675954678,40,0.2109375,0.5914117544080237,0.8333333333333334,-3.899180709073727,480,0.45625,1.1174484734616381,5.981343857328787,33,0.40208333333333335,0.8359325461407185,0.5833333333333334,-3.8090818135110123,192,0.5260416666666666,1.3942538775156408,6.870393603525167,34,0.578125,0.7104327045198346,0.8,-2.550650286915439
QQQ,"cons_m3allc30,d80_front,d65win",2,time_asc,0.0,5.927432566245487,True,False,True,256,0.4921875,1.3251986811418246,8.454346675954678,40,0.2109375,0.5914117544080237,0.8333333333333334,-3.899180709073727,480,0.46041666666666664,1.1286436489811675,6.552691266794289,33,0.40208333333333335,0.7630452582647164,0.5833333333333334,-3.80908181351101,191,0.5235602094240838,1.3561248202857252,6.326556104613228,34,0.5759162303664922,0.7489865964265172,0.8,-2.5096978450628473
QQQ,"d65win,d80_front,cons_m3s2c30",2,time_asc,-999999.0,5.820784356061871,True,False,True,256,0.5,1.3443521256506226,8.808423389493655,40,0.2109375,0.5676384727332483,0.6666666666666666,-3.899180709073727,480,0.4583333333333333,1.1100542776694564,5.4707011771850365,33,0.4041666666666667,0.91395962566041,0.6666666666666666,-3.297978339261979,192,0.53125,1.4032750824484255,6.875310948591453,34,0.5885416666666666,0.7099245903733443,0.8,-2.550650286915439
QQQ,"d65win,d80_front,cons_m3s2c30",2,time_asc,0.0,5.820784356061871,True,False,True,256,0.5,1.3443521256506226,8.808423389493655,40,0.2109375,0.5676384727332483,0.6666666666666666,-3.899180709073727,480,0.4625,1.1215251667690285,6.042048586650538,33,0.4041666666666667,0.827533894885773,0.75,-3.297978339261978,191,0.5287958115183246,1.3641421937748044,6.331473449679514,34,0.5863874345549738,0.7692251289641291,0.8,-2.5096978450628473
QQQ,"d65win,cons_m3s2c30,d80_front",2,time_asc,-999999.0,6.066083662825058,True,False,True,256,0.5,1.3626428179906387,9.361597412492062,40,0.2109375,0.5340968832229454,0.8333333333333334,-3.899180709073727,480,0.46041666666666664,1.1404722191130239,7.138642678470511,33,0.3958333333333333,0.7004132613444205,0.6666666666666666,-3.5290293074224444,192,0.5364583333333334,1.4254615846836953,7.289900543321311,34,0.5833333333333334,0.6695499177063359,0.8,-2.550650286915439
QQQ,"d65win,cons_m3s2c30,d80_front",2,time_asc,0.0,6.066083662825058,True,False,True,256,0.5,1.3626428179906387,9.361597412492062,40,0.2109375,0.5340968832229454,0.8333333333333334,-3.899180709073727,480,0.46458333333333335,1.151687043151662,7.709990087936012,33,0.3958333333333333,0.6485092643405092,0.6666666666666666,-3.5290293074224417,191,0.5340314136125655,1.3860899405152838,6.7460630444093725,34,0.581151832460733,0.7219512253000429,0.8,-2.5096978450628473
QQQ,"d80_front,d65win,cons_m3s2c30",2,time_asc,-999999.0,5.751001115130697,True,False,True,256,0.50390625,1.3303131827160795,8.290783368924263,40,0.2109375,0.6030793204344398,0.6666666666666666,-3.899180709073727,480,0.4625,1.1267321214946178,5.958729669310903,33,0.4041666666666667,0.8391050236347146,0.5833333333333334,-2.7893928291849206,192,0.4947916666666667,1.3326347721679879,5.5478542962337345,34,0.59375,0.8797910053588976,0.8,-2.7725298843895723
QQQ,"d80_front,d65win,cons_m3s2c30",2,time_asc,0.0,5.751001115130697,True,False,False,256,0.50390625,1.3303131827160795,8.290783368924263,40,0.2109375,0.6030793204344398,0.6666666666666666,-3.899180709073727,480,0.4666666666666667,1.1380787531377035,6.497958775821348,33,0.4041666666666667,0.7694724101058944,0.6666666666666666,-2.789392829184921,191,0.49214659685863876,1.2940565232246604,5.004016797321796,34,0.5916230366492147,0.9469404112375814,0.8,-2.731577442536981
QQQ,"d80_front,cons_m3s2c30,d65win",2,time_asc,-999999.0,-9.999999999999997e+17,False,False,True,256,0.49609375,1.2977176027467998,7.592725284061582,40,0.2109375,0.6585250766935883,0.6666666666666666,-3.8991807090737263,480,0.4625,1.141178396729893,6.65010090062298,33,0.4041666666666667,0.7518682911309814,0.6666666666666666,-2.7893928291849224,192,0.4947916666666667,1.3707187605026556,6.183038696599127,34,0.59375,0.7894099565562868,0.8,-2.7725298843895723
QQQ,"d80_front,cons_m3s2c30,d65win",2,time_asc,0.0,-9.999999999999997e+17,False,False,True,256,0.49609375,1.2977176027467998,7.592725284061582,40,0.2109375,0.6585250766935883,0.6666666666666666,-3.8991807090737263,480,0.4666666666666667,1.1524916317453995,7.189330007133426,33,0.4041666666666667,0.695475099214931,0.75,-2.789392829184921,191,0.49214659685863876,1.3313825602751264,5.639201197687189,34,0.5916230366492147,0.8402795995005595,0.8,-2.731577442536981
QQQ,"cons_m3s2c30,d65win,d80_front",2,time_asc,-999999.0,5.955105333498409,True,False,True,256,0.4921875,1.330438988714188,8.663539327629382,40,0.2109375,0.5771313329246649,0.8333333333333334,-3.899180709073727,480,0.4583333333333333,1.1263277120873707,6.492079735640112,33,0.3958333333333333,0.7701692221294022,0.6666666666666666,-3.8009168659293104,192,0.53125,1.4254426635906035,7.417209146532691,34,0.578125,0.6580577967320561,0.8,-2.550650286915438
QQQ,"cons_m3s2c30,d65win,d80_front",2,time_asc,0.0,5.955105333498409,True,False,True,256,0.4921875,1.330438988714188,8.663539327629382,40,0.2109375,0.5771313329246649,0.8333333333333334,-3.899180709073727,480,0.4625,1.1374203385202244,7.063427145105613,33,0.3958333333333333,0.707871674370507,0.6666666666666666,-3.8009168659293064,191,0.5287958115183246,1.386735963458478,6.873371647620751,34,0.5759162303664922,0.7085792432813625,0.8,-2.5096978450628464
QQQ,"cons_m3s2c30,d80_front,d65win",2,time_asc,-999999.0,5.927432566245487,True,False,True,256,0.4921875,1.3251986811418246,8.454346675954678,40,0.2109375,0.5914117544080237,0.8333333333333334,-3.899180709073727,480,0.45625,1.1174484734616381,5.981343857328787,33,0.40208333333333335,0.8359325461407185,0.5833333333333334,-3.8090818135110123,192,0.5260416666666666,1.3942538775156408,6.870393603525167,34,0.578125,0.7104327045198346,0.8,-2.550650286915439
QQQ,"cons_m3s2c30,d80_front,d65win",2,time_asc,0.0,5.927432566245487,True,False,True,256,0.4921875,1.3251986811418246,8.454346675954678,40,0.2109375,0.5914117544080237,0.8333333333333334,-3.899180709073727,480,0.46041666666666664,1.1286436489811675,6.552691266794289,33,0.40208333333333335,0.7630452582647164,0.5833333333333334,-3.80908181351101,191,0.5235602094240838,1.3561248202857252,6.326556104613228,34,0.5759162303664922,0.7489865964265172,0.8,-2.5096978450628473
QQQ,"d65win,d80_zero,cons_m2s1c45",2,time_asc,-999999.0,-9.999999999999997e+17,False,False,False,246,0.4796747967479675,1.226947150178715,6.466659634143867,30,0.23577235772357724,0.7731967171428158,0.6666666666666666,-3.8991807090737263,432,0.4444444444444444,1.0367609364127832,1.9705984908452674,19,0.3726851851851852,2.537300227940042,0.5,-5.430018538355307,189,0.48677248677248675,1.2568384633530663,5.529795925095026,33,0.5978835978835979,0.8910063451705509,0.8,-3.3763767912614386
QQQ,"d65win,d80_zero,cons_m2s1c45",2,time_asc,0.0,-9.999999999999997e+17,False,False,True,246,0.4796747967479675,1.2373869153722985,6.707062965110123,30,0.23577235772357724,0.7454827882203884,0.6666666666666666,-3.8991807090737263,417,0.4580335731414868,1.0924826996573955,4.543049756269903,19,0.38609112709832133,1.1005822670331655,0.5833333333333334,-5.5957289539361925,183,0.5737704918032787,1.7952403808531296,12.679882517700756,32,0.6120218579234973,0.3885748349702654,0.8,-2.5844850845278033
QQQ,"d65win,cons_m2s1c45,d80_zero",2,time_asc,-999999.0,-9.999999999999997e+17,False,False,False,246,0.4796747967479675,1.234185604279006,6.67291302356556,30,0.23577235772357724,0.749297942643996,0.6666666666666666,-3.8991807090737263,432,0.44907407407407407,1.0695444351312364,3.7048518951217937,19,0.3726851851851852,1.349581613932675,0.5833333333333334,-5.430018538355306,189,0.48148148148148145,1.2029730043847064,4.447976377515135,33,0.6031746031746031,1.0785605251574393,0.8,-3.3763767912614386
QQQ,"d65win,cons_m2s1c45,d80_zero",2,time_asc,0.0,-9.999999999999997e+17,False,False,True,246,0.4796747967479675,1.2446869595428387,6.913316354531816,30,0.23577235772357724,0.7232418919643971,0.6666666666666666,-3.8991807090737263,417,0.4628297362110312,1.128569222936024,6.27346606589799,19,0.38609112709832133,0.7970075788214684,0.6666666666666666,-5.595728953936202,183,0.5683060109289617,1.7313074641680908,11.879882517700755,32,0.6120218579234973,0.4038265303105964,0.8,-2.5844850845278033
QQQ,"d80_zero,d65win,cons_m2s1c45",2,time_asc,-999999.0,-9.999999999999997e+17,False,False,False,246,0.4796747967479675,1.218291987643277,6.240748143045576,30,0.23577235772357724,0.8011859933126426,0.6666666666666666,-3.8991807090737263,432,0.4444444444444444,1.0367609364127832,1.9705984908452674,19,0.3726851851851852,2.537300227940042,0.5,-5.430018538355307,189,0.48148148148148145,1.2600305955768827,5.652782717924095,33,0.5925925925925926,0.8716208463373111,0.8,-3.3763767912614386
QQQ,"d80_zero,d65win,cons_m2s1c45",2,time_asc,0.0,-9.999999999999997e+17,False,False,True,246,0.4796747967479675,1.2286234169530812,6.481151474011832,30,0.23577235772357724,0.7714678510522452,0.6666666666666666,-3.8991807090737263,417,0.4580335731414868,1.0924826996573953,4.543049756269902,19,0.38609112709832133,1.1005822670331658,0.5833333333333334,-5.5957289539361925,183,0.5737704918032787,1.7952403808531299,12.679882517700754,32,0.6120218579234973,0.38857483497026546,0.8,-2.5844850845278033
QQQ,"d80_zero,cons_m2s1c45,d65win",2,time_asc,-999999.0,-9.999999999999997e+17,False,False,False,246,0.4715447154471545,1.2103094829835541,6.0774114989055095,30,0.23577235772357724,0.8227186855621769,0.6666666666666666,-3.8991807090737263,432,0.44212962962962965,1.0296057908958112,1.5959231065217327,19,0.3726851851851852,3.132983023785746,0.5,-5.430018538355306,189,0.48148148148148145,1.2435235436906882,5.3642112784535305,33,0.5925925925925926,0.918510289956061,0.8,-3.3763767912614386
QQQ,"d80_zero,cons_m2s1c45,d65win",2,time_asc,0.0,-9.999999999999997e+17,False,False,True,246,0.4715447154471545,1.220462736195603,6.317814829871765,30,0.23577235772357724,0.7914128752807221,0.6666666666666666,-3.8991807090737263,417,0.4556354916067146,1.0843403722306355,4.168374371946367,19,0.38609112709832133,1.1995083823685722,0.5833333333333334,-5.5957289539361925,183,0.5737704918032787,1.7952403808531299,12.679882517700754,32,0.6120218579234973,0.38857483497026546,0.8,-2.5844850845278033
QQQ,"cons_m2s1c45,d65win,d80_zero",2,time_asc,-999999.0,-9.999999999999997e+17,False,False,False,246,0.4715447154471545,1.2260065863820904,6.509576379425492,30,0.23577235772357724,0.7680991371117883,0.6666666666666666,-3.8991807090737263,432,0.44675925925925924,1.0621612845597121,3.330176510798259,19,0.3726851851851852,1.501421916762447,0.5833333333333334,-5.430018538355306,189,0.48148148148148145,1.2192142506325088,4.803889124979369,33,0.6031746031746031,0.9986516367904748,0.8,-3.3763767912614386
QQQ,"cons_m2s1c45,d65win,d80_zero",2,time_asc,0.0,-9.999999999999997e+17,False,False,True,246,0.4715447154471545,1.2363256844831607,6.749979710391749,30,0.23577235772357724,0.7407429673162402,0.6666666666666666,-3.8991807090737263,417,0.460431654676259,1.1201518549850427,5.8987906815744555,19,0.38609112709832133,0.8476313654624277,0.6666666666666666,-5.595728953936198,183,0.5683060109289617,1.7313074641680912,11.879882517700755,32,0.6120218579234973,0.4038265303105964,0.8,-2.5844850845278033
QQQ,"cons_m2s1c45,d80_zero,d65win",2,time_asc,-999999.0,-9.999999999999997e+17,False,False,False,246,0.46747967479674796,1.203246468994054,5.934282220729492,30,0.23577235772357724,0.8425618826374857,0.6666666666666666,-3.8991807090737263,432,0.44675925925925924,1.0621612845597121,3.3301765107982595,19,0.3726851851851852,1.5014219167624467,0.5833333333333334,-5.430018538355306,189,0.47619047619047616,1.1910812562256292,4.282391730873641,33,0.5925925925925926,1.1202645715556478,0.8,-3.3763767912614386
QQQ,"cons_m2s1c45,d80_zero,d65win",2,time_asc,0.0,-9.999999999999997e+17,False,False,True,246,0.46747967479674796,1.2132358952384539,6.174685551695749,30,0.23577235772357724,0.8097578343283982,0.6666666666666666,-3.8991807090737263,417,0.460431654676259,1.1201518549850427,5.898790681574455,19,0.38609112709832133,0.8476313654624278,0.6666666666666666,-5.595728953936198,183,0.5683060109289617,1.7313074641680912,11.879882517700755,32,0.6120218579234973,0.4038265303105964,0.8,-2.5844850845278033
QQQ,"d65win,d80_zero,cons_m2s2c30",2,time_asc,-999999.0,-9.999999999999997e+17,False,False,False,255,0.4823529411764706,1.2565163843500375,7.647575637833645,39,0.20784313725490197,0.6538019676803571,0.8333333333333334,-3.8991807090737263,460,0.45217391304347826,1.0914424383104542,5.173360663384994,29,0.3760869565217391,0.9664897395203911,0.6666666666666666,-4.7453674050576815,191,0.49214659685863876,1.249049698508997,5.423691683466541,34,0.5863874345549738,0.9084371944993728,0.8,-3.3763767912614386
QQQ,"d65win,d80_zero,cons_m2s2c30",2,time_asc,0.0,-9.999999999999997e+17,False,False,True,255,0.4823529411764706,1.266730861970168,7.887978968799901,39,0.20784313725490197,0.6338759294081528,0.8333333333333334,-3.8991807090737263,453,0.46578366445916114,1.1612420030286363,8.484693684172015,29,0.3841059602649007,0.5892964656257863,0.75,-4.1136835340520825,185,0.5837837837837838,1.8257512054474787,13.340424464671441,32,0.6054054054054054,0.3748006679428505,0.8,-2.5844850845278033
QQQ,"d65win,cons_m2s2c30,d80_zero",2,time_asc,-999999.0,-9.999999999999997e+17,False,False,False,255,0.4823529411764706,1.2634345733578918,7.853829027255339,39,0.20784313725490197,0.6366321424426704,0.8333333333333334,-3.8991807090737263,460,0.45652173913043476,1.122818540080552,6.90761406766152,29,0.3760869565217391,0.7238389335339175,0.6666666666666666,-4.7453674050576815,191,0.4869109947643979,1.1959202405947154,4.341872135886651,34,0.5916230366492147,1.1049177837294677,0.8,-3.3763767912614386
QQQ,"d65win,cons_m2s2c30,d80_zero",2,time_asc,0.0,-9.999999999999997e+17,False,False,True,255,0.4823529411764706,1.2737052903455888,8.094232358221594,39,0.20784313725490197,0.6177238036564796,0.8333333333333334,-3.8991807090737263,453,0.47019867549668876,1.195347142603927,10.215109993800102,29,0.3841059602649007,0.48947098984099735,0.75,-4.1136835340520825,185,0.5783783783783784,1.7620809860720277,12.540424464671442,32,0.6054054054054054,0.3928960515362439,0.8,-2.5844850845278033
QQQ,"d80_zero,d65win,cons_m2s2c30",2,time_asc,-999999.0,-9.999999999999997e+17,False,False,False,255,0.4823529411764706,1.2481491573772028,7.421664146735354,39,0.20784313725490197,0.6737033502384236,0.8333333333333334,-3.8991807090737263,460,0.45217391304347826,1.0914424383104542,5.173360663384994,29,0.3760869565217391,0.9664897395203911,0.6666666666666666,-4.7453674050576815,191,0.4869109947643979,1.2522798470117407,5.546678476295609,34,0.581151832460733,0.8882943689298742,0.8,-3.3763767912614386
QQQ,"d80_zero,d65win,cons_m2s2c30",2,time_asc,0.0,-9.999999999999997e+17,False,False,True,255,0.4823529411764706,1.2582631695736584,7.66206747770161,39,0.20784313725490197,0.6525653832403796,0.8333333333333334,-3.8991807090737263,453,0.46578366445916114,1.1612420030286363,8.484693684172015,29,0.3841059602649007,0.5892964656257863,0.75,-4.1136835340520825,185,0.5837837837837838,1.8257512054474787,13.34042446467144,32,0.6054054054054054,0.37480066794285055,0.8,-2.5844850845278033
QQQ,"d80_zero,cons_m2s2c30,d65win",2,time_asc,-999999.0,-9.999999999999997e+17,False,False,False,255,0.4745098039215686,1.2402103180770012,7.258327502595288,39,0.20784313725490197,0.688863928806216,0.8333333333333334,-3.8991807090737263,460,0.45,1.0914350544746358,5.200373438835147,29,0.3739130434782609,0.9614694134581171,0.6666666666666666,-4.7453674050576815,191,0.4869109947643979,1.2360564713156816,5.258107036825047,34,0.581151832460733,0.9370450662664712,0.8,-3.3763767912614386
QQQ,"d80_zero,cons_m2s2c30,d65win",2,time_asc,0.0,-9.999999999999997e+17,False,False,True,255,0.4745098039215686,1.250156582272834,7.4987308335615435,39,0.20784313725490197,0.6667795005551941,0.8333333333333334,-3.8991807090737263,453,0.46357615894039733,1.1608383848067454,8.511706459622165,29,0.3818984547461369,0.587426272712646,0.75,-4.1136835340520825,185,0.5837837837837838,1.8430376797003143,13.619696117572598,32,0.6054054054054054,0.36711538619050604,0.8,-2.5844850845278033
QQQ,"cons_m2s2c30,d65win,d80_zero",2,time_asc,-999999.0,-9.999999999999997e+17,False,False,False,255,0.4745098039215686,1.251372844277117,7.595620552974456,39,0.20784313725490197,0.658274062682343,0.8333333333333334,-3.8991807090737263,460,0.4543478260869565,1.122644639077977,6.934626843111671,29,0.3739130434782609,0.7210193299682186,0.6666666666666666,-4.7453674050576815,191,0.4869109947643979,1.211980250869449,4.697784883350885,34,0.5916230366492147,1.0212071980185393,0.8,-3.3763767912614386
QQQ,"cons_m2s2c30,d65win,d80_zero",2,time_asc,0.0,-9.999999999999997e+17,False,False,True,255,0.4745098039215686,1.2614086299299647,7.836023883940712,39,0.20784313725490197,0.6380787085459362,0.8333333333333334,-3.8991807090737263,453,0.46799116997792495,1.194746455913892,10.242122769250255,29,0.3818984547461369,0.4881800494533626,0.75,-4.1136835340520825,185,0.5783783783783784,1.779052310864458,12.819696117572601,32,0.6054054054054054,0.3843369773799961,0.8,-2.5844850845278033
QQQ,"cons_m2s2c30,d80_zero,d65win",2,time_asc,-999999.0,-9.999999999999997e+17,False,False,False,255,0.47058823529411764,1.233158657211349,7.11519822441927,39,0.20784313725490197,0.702721110824441,0.8333333333333334,-3.8991807090737263,460,0.4543478260869565,1.122644639077977,6.934626843111672,29,0.3739130434782609,0.7210193299682185,0.6666666666666666,-4.7453674050576815,191,0.4869109947643979,1.196401502190737,4.409213443880322,34,0.5863874345549738,1.0880425270133107,0.8,-3.3763767912614386
QQQ,"cons_m2s2c30,d80_zero,d65win",2,time_asc,0.0,-9.999999999999997e+17,False,False,True,255,0.47058823529411764,1.2429503732804583,7.355601555385526,39,0.20784313725490197,0.6797540571429086,0.8333333333333334,-3.8991807090737263,453,0.46799116997792495,1.194746455913892,10.242122769250255,29,0.3818984547461369,0.4881800494533626,0.75,-4.1136835340520825,185,0.5783783783783784,1.779052310864458,12.819696117572601,32,0.6054054054054054,0.3843369773799961,0.8,-2.5844850845278033
QQQ,"d65win,d80_zero,cons_m3allc30",2,time_asc,-999999.0,-9.999999999999997e+17,False,False,False,255,0.4823529411764706,1.2565163843500375,7.647575637833645,39,0.20784313725490197,0.6538019676803571,0.8333333333333334,-3.8991807090737263,460,0.45217391304347826,1.0914424383104542,5.173360663384994,29,0.3760869565217391,0.9664897395203911,0.6666666666666666,-4.7453674050576815,191,0.49214659685863876,1.249049698508997,5.423691683466541,34,0.5863874345549738,0.9084371944993728,0.8,-3.3763767912614386
QQQ,"d65win,d80_zero,cons_m3allc30",2,time_asc,0.0,-9.999999999999997e+17,False,False,True,255,0.4823529411764706,1.266730861970168,7.887978968799901,39,0.20784313725490197,0.6338759294081528,0.8333333333333334,-3.8991807090737263,453,0.46578366445916114,1.1612420030286363,8.484693684172015,29,0.3841059602649007,0.5892964656257863,0.75,-4.1136835340520825,186,0.5806451612903226,1.7924659618046657,13.040424464671439,32,0.6021505376344086,0.38342310202752883,0.8,-2.5844850845278033
QQQ,"d65win,cons_m3allc30,d80_zero",2,time_asc,-999999.0,-9.999999999999997e+17,False,False,False,255,0.4823529411764706,1.2634345733578918,7.853829027255339,39,0.20784313725490197,0.6366321424426704,0.8333333333333334,-3.8991807090737263,460,0.45652173913043476,1.122818540080552,6.90761406766152,29,0.3760869565217391,0.7238389335339175,0.6666666666666666,-4.7453674050576815,191,0.4869109947643979,1.1959202405947154,4.341872135886651,34,0.5916230366492147,1.1049177837294677,0.8,-3.3763767912614386
QQQ,"d65win,cons_m3allc30,d80_zero",2,time_asc,0.0,-9.999999999999997e+17,False,False,True,255,0.4823529411764706,1.2737052903455888,8.094232358221594,39,0.20784313725490197,0.6177238036564796,0.8333333333333334,-3.8991807090737263,453,0.47019867549668876,1.195347142603927,10.215109993800102,29,0.3841059602649007,0.48947098984099735,0.75,-4.1136835340520825,186,0.5752688172043011,1.7305316880641937,12.240424464671442,32,0.6021505376344086,0.40252552278546966,0.8,-2.5844850845278033
QQQ,"d80_zero,d65win,cons_m3allc30",2,time_asc,-999999.0,-9.999999999999997e+17,False,False,False,255,0.4823529411764706,1.2481491573772028,7.421664146735354,39,0.20784313725490197,0.6737033502384236,0.8333333333333334,-3.8991807090737263,460,0.45217391304347826,1.0914424383104542,5.173360663384994,29,0.3760869565217391,0.9664897395203911,0.6666666666666666,-4.7453674050576815,191,0.4869109947643979,1.2522798470117407,5.546678476295609,34,0.581151832460733,0.8882943689298742,0.8,-3.3763767912614386
QQQ,"d80_zero,d65win,cons_m3allc30",2,time_asc,0.0,-9.999999999999997e+17,False,False,True,255,0.4823529411764706,1.2582631695736584,7.66206747770161,39,0.20784313725490197,0.6525653832403796,0.8333333333333334,-3.8991807090737263,453,0.46578366445916114,1.1612420030286363,8.484693684172015,29,0.3841059602649007,0.5892964656257863,0.75,-4.1136835340520825,186,0.5806451612903226,1.7924659618046657,13.040424464671439,32,0.6021505376344086,0.38342310202752883,0.8,-2.5844850845278033
QQQ,"d80_zero,cons_m3allc30,d65win",2,time_asc,-999999.0,-9.999999999999997e+17,False,False,False,255,0.4745098039215686,1.2402103180770012,7.258327502595288,39,0.20784313725490197,0.688863928806216,0.8333333333333334,-3.8991807090737263,460,0.45,1.0914350544746358,5.200373438835147,29,0.3739130434782609,0.9614694134581171,0.6666666666666666,-4.7453674050576815,191,0.4869109947643979,1.2360564713156816,5.258107036825047,34,0.581151832460733,0.9370450662664712,0.8,-3.3763767912614386
QQQ,"d80_zero,cons_m3allc30,d65win",2,time_asc,0.0,-9.999999999999997e+17,False,False,True,255,0.4745098039215686,1.250156582272834,7.4987308335615435,39,0.20784313725490197,0.6667795005551941,0.8333333333333334,-3.8991807090737263,453,0.46357615894039733,1.1608383848067454,8.511706459622165,29,0.3818984547461369,0.587426272712646,0.75,-4.1136835340520825,186,0.5806451612903226,1.809437286597096,13.319696117572597,32,0.6021505376344086,0.3753839393830862,0.8,-2.5844850845278033
QQQ,"cons_m3allc30,d65win,d80_zero",2,time_asc,-999999.0,-9.999999999999997e+17,False,False,False,255,0.4745098039215686,1.251372844277117,7.595620552974456,39,0.20784313725490197,0.658274062682343,0.8333333333333334,-3.8991807090737263,460,0.4543478260869565,1.122644639077977,6.934626843111671,29,0.3739130434782609,0.7210193299682186,0.6666666666666666,-4.7453674050576815,191,0.4869109947643979,1.211980250869449,4.697784883350885,34,0.5916230366492147,1.0212071980185393,0.8,-3.3763767912614386
QQQ,"cons_m3allc30,d65win,d80_zero",2,time_asc,0.0,-9.999999999999997e+17,False,False,True,255,0.4745098039215686,1.2614086299299647,7.836023883940712,39,0.20784313725490197,0.6380787085459362,0.8333333333333334,-3.8991807090737263,453,0.46799116997792495,1.194746455913892,10.242122769250255,29,0.3818984547461369,0.4881800494533626,0.75,-4.1136835340520825,186,0.5752688172043011,1.7471991486258103,12.5196961175726,32,0.6021505376344086,0.3935465534057403,0.8,-2.5844850845278033
QQQ,"cons_m3allc30,d80_zero,d65win",2,time_asc,-999999.0,-9.999999999999997e+17,False,False,False,255,0.47058823529411764,1.233158657211349,7.11519822441927,39,0.20784313725490197,0.702721110824441,0.8333333333333334,-3.8991807090737263,460,0.4543478260869565,1.122644639077977,6.934626843111672,29,0.3739130434782609,0.7210193299682185,0.6666666666666666,-4.7453674050576815,191,0.4869109947643979,1.196401502190737,4.409213443880322,34,0.5863874345549738,1.0880425270133107,0.8,-3.3763767912614386
QQQ,"cons_m3allc30,d80_zero,d65win",2,time_asc,0.0,-9.999999999999997e+17,False,False,True,255,0.47058823529411764,1.2429503732804583,7.355601555385526,39,0.20784313725490197,0.6797540571429086,0.8333333333333334,-3.8991807090737263,453,0.46799116997792495,1.194746455913892,10.242122769250255,29,0.3818984547461369,0.4881800494533626,0.75,-4.1136835340520825,186,0.5752688172043011,1.7471991486258103,12.5196961175726,32,0.6021505376344086,0.3935465534057403,0.8,-2.5844850845278033
QQQ,"d65win,d80_zero,cons_m3s2c30",2,time_asc,-999999.0,-9.999999999999997e+17,False,False,False,255,0.4823529411764706,1.2565163843500375,7.647575637833645,39,0.20784313725490197,0.6538019676803571,0.8333333333333334,-3.8991807090737263,460,0.45217391304347826,1.0914424383104542,5.173360663384994,29,0.3760869565217391,0.9664897395203911,0.6666666666666666,-4.7453674050576815,191,0.49214659685863876,1.249049698508997,5.423691683466541,34,0.5863874345549738,0.9084371944993728,0.8,-3.3763767912614386
QQQ,"d65win,d80_zero,cons_m3s2c30",2,time_asc,0.0,-9.999999999999997e+17,False,False,True,255,0.4823529411764706,1.266730861970168,7.887978968799901,39,0.20784313725490197,0.6338759294081528,0.8333333333333334,-3.8991807090737263,453,0.46578366445916114,1.1612420030286363,8.484693684172015,29,0.3841059602649007,0.5892964656257863,0.75,-4.1136835340520825,186,0.5806451612903226,1.7924659618046657,13.040424464671439,32,0.6021505376344086,0.38342310202752883,0.8,-2.5844850845278033
QQQ,"d65win,cons_m3s2c30,d80_zero",2,time_asc,-999999.0,-9.999999999999997e+17,False,False,False,255,0.4823529411764706,1.2634345733578918,7.853829027255339,39,0.20784313725490197,0.6366321424426704,0.8333333333333334,-3.8991807090737263,460,0.45652173913043476,1.122818540080552,6.90761406766152,29,0.3760869565217391,0.7238389335339175,0.6666666666666666,-4.7453674050576815,191,0.4869109947643979,1.1959202405947154,4.341872135886651,34,0.5916230366492147,1.1049177837294677,0.8,-3.3763767912614386
QQQ,"d65win,cons_m3s2c30,d80_zero",2,time_asc,0.0,-9.999999999999997e+17,False,False,True,255,0.4823529411764706,1.2737052903455888,8.094232358221594,39,0.20784313725490197,0.6177238036564796,0.8333333333333334,-3.8991807090737263,453,0.47019867549668876,1.195347142603927,10.215109993800102,29,0.3841059602649007,0.48947098984099735,0.75,-4.1136835340520825,186,0.5752688172043011,1.7305316880641937,12.240424464671442,32,0.6021505376344086,0.40252552278546966,0.8,-2.5844850845278033
QQQ,"d80_zero,d65win,cons_m3s2c30",2,time_asc,-999999.0,-9.999999999999997e+17,False,False,False,255,0.4823529411764706,1.2481491573772028,7.421664146735354,39,0.20784313725490197,0.6737033502384236,0.8333333333333334,-3.8991807090737263,460,0.45217391304347826,1.0914424383104542,5.173360663384994,29,0.3760869565217391,0.9664897395203911,0.6666666666666666,-4.7453674050576815,191,0.4869109947643979,1.2522798470117407,5.546678476295609,34,0.581151832460733,0.8882943689298742,0.8,-3.3763767912614386
QQQ,"d80_zero,d65win,cons_m3s2c30",2,time_asc,0.0,-9.999999999999997e+17,False,False,True,255,0.4823529411764706,1.2582631695736584,7.66206747770161,39,0.20784313725490197,0.6525653832403796,0.8333333333333334,-3.8991807090737263,453,0.46578366445916114,1.1612420030286363,8.484693684172015,29,0.3841059602649007,0.5892964656257863,0.75,-4.1136835340520825,186,0.5806451612903226,1.7924659618046657,13.040424464671439,32,0.6021505376344086,0.38342310202752883,0.8,-2.5844850845278033
QQQ,"d80_zero,cons_m3s2c30,d65win",2,time_asc,-999999.0,-9.999999999999997e+17,False,False,False,255,0.4745098039215686,1.2402103180770012,7.258327502595288,39,0.20784313725490197,0.688863928806216,0.8333333333333334,-3.8991807090737263,460,0.45,1.0914350544746358,5.200373438835147,29,0.3739130434782609,0.9614694134581171,0.6666666666666666,-4.7453674050576815,191,0.4869109947643979,1.2360564713156816,5.258107036825047,34,0.581151832460733,0.9370450662664712,0.8,-3.3763767912614386
QQQ,"d80_zero,cons_m3s2c30,d65win",2,time_asc,0.0,-9.999999999999997e+17,False,False,True,255,0.4745098039215686,1.250156582272834,7.4987308335615435,39,0.20784313725490197,0.6667795005551941,0.8333333333333334,-3.8991807090737263,453,0.46357615894039733,1.1608383848067454,8.511706459622165,29,0.3818984547461369,0.587426272712646,0.75,-4.1136835340520825,186,0.5806451612903226,1.809437286597096,13.319696117572597,32,0.6021505376344086,0.3753839393830862,0.8,-2.5844850845278033
QQQ,"cons_m3s2c30,d65win,d80_zero",2,time_asc,-999999.0,-9.999999999999997e+17,False,False,False,255,0.4745098039215686,1.251372844277117,7.595620552974456,39,0.20784313725490197,0.658274062682343,0.8333333333333334,-3.8991807090737263,460,0.4543478260869565,1.122644639077977,6.934626843111671,29,0.3739130434782609,0.7210193299682186,0.6666666666666666,-4.7453674050576815,191,0.4869109947643979,1.211980250869449,4.697784883350885,34,0.5916230366492147,1.0212071980185393,0.8,-3.3763767912614386
QQQ,"cons_m3s2c30,d65win,d80_zero",2,time_asc,0.0,-9.999999999999997e+17,False,False,True,255,0.4745098039215686,1.2614086299299647,7.836023883940712,39,0.20784313725490197,0.6380787085459362,0.8333333333333334,-3.8991807090737263,453,0.46799116997792495,1.194746455913892,10.242122769250255,29,0.3818984547461369,0.4881800494533626,0.75,-4.1136835340520825,186,0.5752688172043011,1.7471991486258103,12.5196961175726,32,0.6021505376344086,0.3935465534057403,0.8,-2.5844850845278033
QQQ,"cons_m3s2c30,d80_zero,d65win",2,time_asc,-999999.0,-9.999999999999997e+17,False,False,False,255,0.47058823529411764,1.233158657211349,7.11519822441927,39,0.20784313725490197,0.702721110824441,0.8333333333333334,-3.8991807090737263,460,0.4543478260869565,1.122644639077977,6.934626843111672,29,0.3739130434782609,0.7210193299682185,0.6666666666666666,-4.7453674050576815,191,0.4869109947643979,1.196401502190737,4.409213443880322,34,0.5863874345549738,1.0880425270133107,0.8,-3.3763767912614386
QQQ,"cons_m3s2c30,d80_zero,d65win",2,time_asc,0.0,-9.999999999999997e+17,False,False,True,255,0.47058823529411764,1.2429503732804583,7.355601555385526,39,0.20784313725490197,0.6797540571429086,0.8333333333333334,-3.8991807090737263,453,0.46799116997792495,1.194746455913892,10.242122769250255,29,0.3818984547461369,0.4881800494533626,0.75,-4.1136835340520825,186,0.5752688172043011,1.7471991486258103,12.5196961175726,32,0.6021505376344086,0.3935465534057403,0.8,-2.5844850845278033
QQQ,"d65win,cons_m2s1c45,cons_m2s2c30",2,time_asc,-999999.0,6.135404383767864,True,False,True,255,0.4980392156862745,1.360811705651641,10.09560833307309,39,0.20784313725490197,0.49526485527574016,0.8333333333333334,-3.899180709073727,457,0.45076586433260396,1.0393990412378624,2.136462498368693,29,0.4048140043763676,2.340317231787488,0.5833333333333334,-4.9647060797181535,190,0.5578947368421052,1.6090070402446592,10.49435817462647,34,0.6,0.4764464788412815,0.8,-2.5844850845278033
QQQ,"d65win,cons_m2s1c45,cons_m2s2c30",2,time_asc,0.0,6.135404383767864,True,False,True,255,0.4980392156862745,1.360811705651641,10.09560833307309,39,0.20784313725490197,0.49526485527574016,0.8333333333333334,-3.899180709073727,450,0.45111111111111113,1.0354276950308927,1.882923562511483,29,0.3933333333333333,2.655445021533904,0.5833333333333334,-4.9863206398180555,186,0.5645161290322581,1.5988417128907964,10.047752778272715,33,0.5967741935483871,0.46929826133198016,0.8,-2.5844850845278033
QQQ,"d65win,cons_m2s2c30,cons_m2s1c45",2,time_asc,-999999.0,6.135404383767864,True,False,True,255,0.4980392156862745,1.360811705651641,10.09560833307309,39,0.20784313725490197,0.49526485527574016,0.8333333333333334,-3.899180709073727,457,0.45076586433260396,1.0393990412378624,2.136462498368693,29,0.4048140043763676,2.340317231787488,0.5833333333333334,-4.9647060797181535,190,0.5578947368421052,1.6090070402446592,10.49435817462647,34,0.6,0.4764464788412815,0.8,-2.5844850845278033
QQQ,"d65win,cons_m2s2c30,cons_m2s1c45",2,time_asc,0.0,6.135404383767864,True,False,True,255,0.4980392156862745,1.360811705651641,10.09560833307309,39,0.20784313725490197,0.49526485527574016,0.8333333333333334,-3.899180709073727,450,0.45111111111111113,1.0354276950308927,1.882923562511483,29,0.3933333333333333,2.655445021533904,0.5833333333333334,-4.9863206398180555,186,0.5645161290322581,1.5988417128907964,10.047752778272715,33,0.5967741935483871,0.46929826133198016,0.8,-2.5844850845278033
QQQ,"cons_m2s1c45,d65win,cons_m2s2c30",2,time_asc,-999999.0,6.106708364563041,True,False,True,255,0.49019607843137253,1.3511033251638445,9.932271688933021,39,0.20784313725490197,0.5034095075722931,0.8333333333333334,-3.899180709073727,457,0.4485776805251641,1.0271888691362878,1.4898995555382943,29,0.4048140043763676,3.355930929312561,0.5833333333333334,-4.964706079718153,190,0.5578947368421052,1.609007040244659,10.49435817462647,34,0.6,0.4764464788412815,0.8,-2.5844850845278033
QQQ,"cons_m2s1c45,d65win,cons_m2s2c30",2,time_asc,0.0,6.106708364563041,True,False,True,255,0.49019607843137253,1.3511033251638445,9.932271688933021,39,0.20784313725490197,0.5034095075722931,0.8333333333333334,-3.899180709073727,450,0.4488888888888889,1.023014801462654,1.2363606196810832,29,0.3933333333333333,4.044127514583682,0.5833333333333334,-5.258208198324924,186,0.5645161290322581,1.5988417128907964,10.047752778272715,33,0.5967741935483871,0.46929826133198016,0.8,-2.5844850845278033
QQQ,"cons_m2s1c45,cons_m2s2c30,d65win",2,time_asc,-999999.0,6.091453183402184,True,False,True,255,0.49019607843137253,1.3465872814361957,9.837399858792207,39,0.20784313725490197,0.5082643860949938,0.8333333333333334,-3.899180709073727,457,0.4485776805251641,1.0345191933645792,1.891587715311981,29,0.4026258205689278,2.643282127244808,0.5833333333333334,-4.9647060797181535,190,0.5526315789473685,1.5855466120862278,10.265754030373614,34,0.5947368421052631,0.487056282977981,0.8,-2.5844850845278033
QQQ,"cons_m2s1c45,cons_m2s2c30,d65win",2,time_asc,0.0,6.091453183402184,True,False,True,255,0.49019607843137253,1.3465872814361957,9.837399858792207,39,0.20784313725490197,0.5082643860949938,0.8333333333333334,-3.899180709073727,450,0.4488888888888889,1.030492209833583,1.63804877945477,29,0.39111111111111113,3.0524121520143415,0.5833333333333334,-5.258208198324921,186,0.5591397849462365,1.5749372024637383,9.819148634019859,33,0.5913978494623656,0.48022421137406945,0.8,-2.5844850845278033
QQQ,"cons_m2s2c30,d65win,cons_m2s1c45",2,time_asc,-999999.0,6.091453183402184,True,False,True,255,0.49019607843137253,1.3465872814361957,9.837399858792207,39,0.20784313725490197,0.5082643860949938,0.8333333333333334,-3.899180709073727,457,0.4485776805251641,1.0345191933645792,1.891587715311981,29,0.4026258205689278,2.643282127244808,0.5833333333333334,-4.9647060797181535,190,0.5526315789473685,1.5855466120862278,10.265754030373614,34,0.5947368421052631,0.487056282977981,0.8,-2.5844850845278033
QQQ,"cons_m2s2c30,d65win,cons_m2s1c45",2,time_asc,0.0,6.091453183402184,True,False,True,255,0.49019607843137253,1.3465872814361957,9.837399858792207,39,0.20784313725490197,0.5082643860949938,0.8333333333333334,-3.899180709073727,450,0.4488888888888889,1.030492209833583,1.63804877945477,29,0.39111111111111113,3.0524121520143415,0.5833333333333334,-5.258208198324921,186,0.5591397849462365,1.5749372024637383,9.819148634019859,33,0.5913978494623656,0.48022421137406945,0.8,-2.5844850845278033
QQQ,"cons_m2s2c30,cons_m2s1c45,d65win",2,time_asc,-999999.0,6.091453183402184,True,False,True,255,0.49019607843137253,1.3465872814361957,9.837399858792207,39,0.20784313725490197,0.5082643860949938,0.8333333333333334,-3.899180709073727,457,0.4485776805251641,1.0345191933645792,1.891587715311981,29,0.4026258205689278,2.643282127244808,0.5833333333333334,-4.9647060797181535,190,0.5526315789473685,1.5855466120862278,10.265754030373614,34,0.5947368421052631,0.487056282977981,0.8,-2.5844850845278033
QQQ,"cons_m2s2c30,cons_m2s1c45,d65win",2,time_asc,0.0,6.091453183402184,True,False,True,255,0.49019607843137253,1.3465872814361957,9.837399858792207,39,0.20784313725490197,0.5082643860949938,0.8333333333333334,-3.899180709073727,450,0.4488888888888889,1.030492209833583,1.63804877945477,29,0.39111111111111113,3.0524121520143415,0.5833333333333334,-5.258208198324921,186,0.5591397849462365,1.5749372024637383,9.819148634019859,33,0.5913978494623656,0.48022421137406945,0.8,-2.5844850845278033
QQQ,"d65win,cons_m2s1c45,cons_m3allc30",2,time_asc,-999999.0,6.135404383767864,True,False,True,255,0.4980392156862745,1.360811705651641,10.09560833307309,39,0.20784313725490197,0.49526485527574016,0.8333333333333334,-3.899180709073727,457,0.45076586433260396,1.0393990412378624,2.136462498368693,29,0.4048140043763676,2.340317231787488,0.5833333333333334,-4.9647060797181535,190,0.5578947368421052,1.6090070402446592,10.49435817462647,34,0.6,0.4764464788412815,0.8,-2.5844850845278033
QQQ,"d65win,cons_m2s1c45,cons_m3allc30",2,time_asc,0.0,6.135404383767864,True,False,True,255,0.4980392156862745,1.360811705651641,10.09560833307309,39,0.20784313725490197,0.49526485527574016,0.8333333333333334,-3.899180709073727,451,0.4523281596452328,1.0357122584210516,1.8980476373882431,29,0.3924611973392461,2.6342858321933975,0.5833333333333334,-4.9863206398180555,187,0.5614973262032086,1.570756785698424,9.747752778272714,33,0.5935828877005348,0.4837415367824417,0.8,-2.5844850845278033
QQQ,"d65win,cons_m3allc30,cons_m2s1c45",2,time_asc,-999999.0,6.135404383767864,True,False,True,255,0.4980392156862745,1.360811705651641,10.09560833307309,39,0.20784313725490197,0.49526485527574016,0.8333333333333334,-3.899180709073727,457,0.45076586433260396,1.0393990412378624,2.136462498368693,29,0.4048140043763676,2.340317231787488,0.5833333333333334,-4.9647060797181535,190,0.5578947368421052,1.6090070402446592,10.49435817462647,34,0.6,0.4764464788412815,0.8,-2.5844850845278033
QQQ,"d65win,cons_m3allc30,cons_m2s1c45",2,time_asc,0.0,6.135404383767864,True,False,True,255,0.4980392156862745,1.360811705651641,10.09560833307309,39,0.20784313725490197,0.49526485527574016,0.8333333333333334,-3.899180709073727,451,0.4523281596452328,1.0357122584210516,1.8980476373882431,29,0.3924611973392461,2.6342858321933975,0.5833333333333334,-4.9863206398180555,187,0.5614973262032086,1.570756785698424,9.747752778272714,33,0.5935828877005348,0.4837415367824417,0.8,-2.5844850845278033
QQQ,"cons_m2s1c45,d65win,cons_m3allc30",2,time_asc,-999999.0,6.106708364563041,True,False,True,255,0.49019607843137253,1.3511033251638445,9.932271688933021,39,0.20784313725490197,0.5034095075722931,0.8333333333333334,-3.899180709073727,457,0.4485776805251641,1.0271888691362878,1.4898995555382943,29,0.4048140043763676,3.355930929312561,0.5833333333333334,-4.964706079718153,190,0.5578947368421052,1.609007040244659,10.49435817462647,34,0.6,0.4764464788412815,0.8,-2.5844850845278033
QQQ,"cons_m2s1c45,d65win,cons_m3allc30",2,time_asc,0.0,6.106708364563041,True,False,True,255,0.49019607843137253,1.3511033251638445,9.932271688933021,39,0.20784313725490197,0.5034095075722931,0.8333333333333334,-3.899180709073727,451,0.4501108647450111,1.023296335486833,1.2514846945578442,29,0.3924611973392461,3.9952546137741822,0.5833333333333334,-5.258208198324924,187,0.5614973262032086,1.570756785698424,9.747752778272716,33,0.5935828877005348,0.4837415367824416,0.8,-2.5844850845278033
QQQ,"cons_m2s1c45,cons_m3allc30,d65win",2,time_asc,-999999.0,6.091453183402184,True,False,True,255,0.49019607843137253,1.3465872814361957,9.837399858792207,39,0.20784313725490197,0.5082643860949938,0.8333333333333334,-3.899180709073727,457,0.4485776805251641,1.0345191933645792,1.891587715311981,29,0.4026258205689278,2.643282127244808,0.5833333333333334,-4.9647060797181535,190,0.5526315789473685,1.5855466120862278,10.265754030373614,34,0.5947368421052631,0.487056282977981,0.8,-2.5844850845278033
QQQ,"cons_m2s1c45,cons_m3allc30,d65win",2,time_asc,0.0,6.091453183402184,True,False,True,255,0.49019607843137253,1.3465872814361957,9.837399858792207,39,0.20784313725490197,0.5082643860949938,0.8333333333333334,-3.899180709073727,451,0.4501108647450111,1.0307737438577618,1.653172854331531,29,0.3902439024390244,3.0244871169396115,0.5833333333333334,-5.258208198324921,187,0.5561497326203209,1.5477497463277372,9.51914863401986,33,0.5882352941176471,0.49535868074219636,0.8,-2.5844850845278033
QQQ,"cons_m3allc30,d65win,cons_m2s1c45",2,time_asc,-999999.0,6.091453183402184,True,False,True,255,0.49019607843137253,1.3465872814361957,9.837399858792207,39,0.20784313725490197,0.5082643860949938,0.8333333333333334,-3.899180709073727,457,0.4485776805251641,1.0345191933645792,1.891587715311981,29,0.4026258205689278,2.643282127244808,0.5833333333333334,-4.9647060797181535,190,0.5526315789473685,1.5855466120862278,10.265754030373614,34,0.5947368421052631,0.487056282977981,0.8,-2.5844850845278033
QQQ,"cons_m3allc30,d65win,cons_m2s1c45",2,time_asc,0.0,6.091453183402184,True,False,True,255,0.49019607843137253,1.3465872814361957,9.837399858792207,39,0.20784313725490197,0.5082643860949938,0.8333333333333334,-3.899180709073727,451,0.4501108647450111,1.0307737438577618,1.653172854331531,29,0.3902439024390244,3.0244871169396115,0.5833333333333334,-5.258208198324921,187,0.5561497326203209,1.5477497463277372,9.51914863401986,33,0.5882352941176471,0.49535868074219636,0.8,-2.5844850845278033
QQQ,"cons_m3allc30,cons_m2s1c45,d65win",2,time_asc,-999999.0,6.091453183402184,True,False,True,255,0.49019607843137253,1.3465872814361957,9.837399858792207,39,0.20784313725490197,0.5082643860949938,0.8333333333333334,-3.899180709073727,457,0.4485776805251641,1.0345191933645792,1.891587715311981,29,0.4026258205689278,2.643282127244808,0.5833333333333334,-4.9647060797181535,190,0.5526315789473685,1.5855466120862278,10.265754030373614,34,0.5947368421052631,0.487056282977981,0.8,-2.5844850845278033
QQQ,"cons_m3allc30,cons_m2s1c45,d65win",2,time_asc,0.0,6.091453183402184,True,False,True,255,0.49019607843137253,1.3465872814361957,9.837399858792207,39,0.20784313725490197,0.5082643860949938,0.8333333333333334,-3.899180709073727,451,0.4501108647450111,1.0307737438577618,1.653172854331531,29,0.3902439024390244,3.0244871169396115,0.5833333333333334,-5.258208198324921,187,0.5561497326203209,1.5477497463277372,9.51914863401986,33,0.5882352941176471,0.49535868074219636,0.8,-2.5844850845278033
QQQ,"d65win,cons_m2s1c45,cons_m3s2c30",2,time_asc,-999999.0,6.135404383767864,True,False,True,255,0.4980392156862745,1.360811705651641,10.09560833307309,39,0.20784313725490197,0.49526485527574016,0.8333333333333334,-3.899180709073727,457,0.45076586433260396,1.0393990412378624,2.136462498368693,29,0.4048140043763676,2.340317231787488,0.5833333333333334,-4.9647060797181535,190,0.5578947368421052,1.6090070402446592,10.49435817462647,34,0.6,0.4764464788412815,0.8,-2.5844850845278033
QQQ,"d65win,cons_m2s1c45,cons_m3s2c30",2,time_asc,0.0,6.135404383767864,True,False,True,255,0.4980392156862745,1.360811705651641,10.09560833307309,39,0.20784313725490197,0.49526485527574016,0.8333333333333334,-3.899180709073727,450,0.45111111111111113,1.0354276950308927,1.882923562511483,29,0.3933333333333333,2.655445021533904,0.5833333333333334,-4.9863206398180555,187,0.5614973262032086,1.570756785698424,9.747752778272714,33,0.5935828877005348,0.4837415367824417,0.8,-2.5844850845278033
QQQ,"d65win,cons_m3s2c30,cons_m2s1c45",2,time_asc,-999999.0,6.135404383767864,True,False,True,255,0.4980392156862745,1.360811705651641,10.09560833307309,39,0.20784313725490197,0.49526485527574016,0.8333333333333334,-3.899180709073727,457,0.45076586433260396,1.0393990412378624,2.136462498368693,29,0.4048140043763676,2.340317231787488,0.5833333333333334,-4.9647060797181535,190,0.5578947368421052,1.6090070402446592,10.49435817462647,34,0.6,0.4764464788412815,0.8,-2.5844850845278033
QQQ,"d65win,cons_m3s2c30,cons_m2s1c45",2,time_asc,0.0,6.135404383767864,True,False,True,255,0.4980392156862745,1.360811705651641,10.09560833307309,39,0.20784313725490197,0.49526485527574016,0.8333333333333334,-3.899180709073727,450,0.45111111111111113,1.0354276950308927,1.882923562511483,29,0.3933333333333333,2.655445021533904,0.5833333333333334,-4.9863206398180555,187,0.5614973262032086,1.570756785698424,9.747752778272714,33,0.5935828877005348,0.4837415367824417,0.8,-2.5844850845278033
QQQ,"cons_m2s1c45,d65win,cons_m3s2c30",2,time_asc,-999999.0,6.106708364563041,True,False,True,255,0.49019607843137253,1.3511033251638445,9.932271688933021,39,0.20784313725490197,0.5034095075722931,0.8333333333333334,-3.899180709073727,457,0.4485776805251641,1.0271888691362878,1.4898995555382943,29,0.4048140043763676,3.355930929312561,0.5833333333333334,-4.964706079718153,190,0.5578947368421052,1.609007040244659,10.49435817462647,34,0.6,0.4764464788412815,0.8,-2.5844850845278033
QQQ,"cons_m2s1c45,d65win,cons_m3s2c30",2,time_asc,0.0,6.106708364563041,True,False,True,255,0.49019607843137253,1.3511033251638445,9.932271688933021,39,0.20784313725490197,0.5034095075722931,0.8333333333333334,-3.899180709073727,450,0.4488888888888889,1.023014801462654,1.2363606196810832,29,0.3933333333333333,4.044127514583682,0.5833333333333334,-5.258208198324924,187,0.5614973262032086,1.570756785698424,9.747752778272716,33,0.5935828877005348,0.4837415367824416,0.8,-2.5844850845278033
QQQ,"cons_m2s1c45,cons_m3s2c30,d65win",2,time_asc,-999999.0,6.091453183402184,True,False,True,255,0.49019607843137253,1.3465872814361957,9.837399858792207,39,0.20784313725490197,0.5082643860949938,0.8333333333333334,-3.899180709073727,457,0.4485776805251641,1.0345191933645792,1.891587715311981,29,0.4026258205689278,2.643282127244808,0.5833333333333334,-4.9647060797181535,190,0.5526315789473685,1.5855466120862278,10.265754030373614,34,0.5947368421052631,0.487056282977981,0.8,-2.5844850845278033
QQQ,"cons_m2s1c45,cons_m3s2c30,d65win",2,time_asc,0.0,6.091453183402184,True,False,True,255,0.49019607843137253,1.3465872814361957,9.837399858792207,39,0.20784313725490197,0.5082643860949938,0.8333333333333334,-3.899180709073727,450,0.4488888888888889,1.030492209833583,1.63804877945477,29,0.39111111111111113,3.0524121520143415,0.5833333333333334,-5.258208198324921,187,0.5561497326203209,1.5477497463277372,9.51914863401986,33,0.5882352941176471,0.49535868074219636,0.8,-2.5844850845278033
QQQ,"cons_m3s2c30,d65win,cons_m2s1c45",2,time_asc,-999999.0,6.091453183402184,True,False,True,255,0.49019607843137253,1.3465872814361957,9.837399858792207,39,0.20784313725490197,0.5082643860949938,0.8333333333333334,-3.899180709073727,457,0.4485776805251641,1.0345191933645792,1.891587715311981,29,0.4026258205689278,2.643282127244808,0.5833333333333334,-4.9647060797181535,190,0.5526315789473685,1.5855466120862278,10.265754030373614,34,0.5947368421052631,0.487056282977981,0.8,-2.5844850845278033
QQQ,"cons_m3s2c30,d65win,cons_m2s1c45",2,time_asc,0.0,6.091453183402184,True,False,True,255,0.49019607843137253,1.3465872814361957,9.837399858792207,39,0.20784313725490197,0.5082643860949938,0.8333333333333334,-3.899180709073727,450,0.4488888888888889,1.030492209833583,1.63804877945477,29,0.39111111111111113,3.0524121520143415,0.5833333333333334,-5.258208198324921,187,0.5561497326203209,1.5477497463277372,9.51914863401986,33,0.5882352941176471,0.49535868074219636,0.8,-2.5844850845278033
QQQ,"cons_m3s2c30,cons_m2s1c45,d65win",2,time_asc,-999999.0,6.091453183402184,True,False,True,255,0.49019607843137253,1.3465872814361957,9.837399858792207,39,0.20784313725490197,0.5082643860949938,0.8333333333333334,-3.899180709073727,457,0.4485776805251641,1.0345191933645792,1.891587715311981,29,0.4026258205689278,2.643282127244808,0.5833333333333334,-4.9647060797181535,190,0.5526315789473685,1.5855466120862278,10.265754030373614,34,0.5947368421052631,0.487056282977981,0.8,-2.5844850845278033
QQQ,"cons_m3s2c30,cons_m2s1c45,d65win",2,time_asc,0.0,6.091453183402184,True,False,True,255,0.49019607843137253,1.3465872814361957,9.837399858792207,39,0.20784313725490197,0.5082643860949938,0.8333333333333334,-3.899180709073727,450,0.4488888888888889,1.030492209833583,1.63804877945477,29,0.39111111111111113,3.0524121520143415,0.5833333333333334,-5.258208198324921,187,0.5561497326203209,1.5477497463277372,9.51914863401986,33,0.5882352941176471,0.49535868074219636,0.8,-2.5844850845278033
QQQ,"d65win,cons_m2s2c30,cons_m3allc30",2,time_asc,-999999.0,6.014313112849414,True,False,True,255,0.49411764705882355,1.328695903150069,9.295608333073089,39,0.20392156862745098,0.5378884114781782,0.8333333333333334,-3.899180709073727,457,0.45295404814004375,1.0529734059171678,2.8566574514371514,29,0.40043763676148797,1.7502973615140862,0.6666666666666666,-4.964706079718152,190,0.5578947368421052,1.6130443442316875,10.605961827935811,34,0.5947368421052631,0.4714329620563161,0.8,-2.5844850845278033
QQQ,"d65win,cons_m2s2c30,cons_m3allc30",2,time_asc,0.0,6.014313112849414,True,False,True,255,0.49411764705882355,1.328695903150069,9.295608333073089,39,0.20392156862745098,0.5378884114781782,0.8333333333333334,-3.899180709073727,451,0.45454545454545453,1.0594712563234663,3.1429578149772412,29,0.3946784922394678,1.5908581324805997,0.6666666666666666,-4.964706079718151,186,0.5591397849462365,1.5719439688300152,9.804364995313165,32,0.5967741935483871,0.49675103723605496,0.8,-2.5844850845278033
QQQ,"d65win,cons_m3allc30,cons_m2s2c30",2,time_asc,-999999.0,6.014313112849414,True,False,True,255,0.49411764705882355,1.328695903150069,9.295608333073089,39,0.20392156862745098,0.5378884114781782,0.8333333333333334,-3.899180709073727,457,0.45295404814004375,1.0529734059171678,2.8566574514371514,29,0.40043763676148797,1.7502973615140862,0.6666666666666666,-4.964706079718152,190,0.5578947368421052,1.6130443442316875,10.605961827935811,34,0.5947368421052631,0.4714329620563161,0.8,-2.5844850845278033
QQQ,"d65win,cons_m3allc30,cons_m2s2c30",2,time_asc,0.0,6.014313112849414,True,False,True,255,0.49411764705882355,1.328695903150069,9.295608333073089,39,0.20392156862745098,0.5378884114781782,0.8333333333333334,-3.899180709073727,451,0.45454545454545453,1.0594712563234663,3.1429578149772412,29,0.3946784922394678,1.5908581324805997,0.6666666666666666,-4.964706079718151,186,0.5591397849462365,1.5719439688300152,9.804364995313165,32,0.5967741935483871,0.49675103723605496,0.8,-2.5844850845278033
QQQ,"cons_m2s2c30,d65win,cons_m3allc30",2,time_asc,-999999.0,5.970889212659338,True,False,True,255,0.48627450980392156,1.315071860745663,9.037399858792206,39,0.20392156862745098,0.5532564762126415,0.8333333333333334,-3.899180709073727,457,0.45076586433260396,1.0479242501734614,2.6117826683804406,29,0.3982494529540481,1.9144012480565569,0.6666666666666666,-4.964706079718152,190,0.5526315789473685,1.5896064930030769,10.377357683682957,34,0.5894736842105263,0.4818182192815661,0.8,-2.5844850845278033
QQQ,"cons_m2s2c30,d65win,cons_m3allc30",2,time_asc,0.0,5.970889212659338,True,False,True,255,0.48627450980392156,1.315071860745663,9.037399858792206,39,0.20392156862745098,0.5532564762126415,0.8333333333333334,-3.899180709073727,451,0.4523281596452328,1.054250657101942,2.898083031920529,29,0.3924611973392461,1.7252783805461063,0.6666666666666666,-4.964706079718152,186,0.553763440860215,1.5490003119131357,9.575760851060311,32,0.5913978494623656,0.5086100787827631,0.8,-2.5844850845278033
QQQ,"cons_m2s2c30,cons_m3allc30,d65win",2,time_asc,-999999.0,5.970889212659338,True,False,True,255,0.48627450980392156,1.315071860745663,9.037399858792206,39,0.20392156862745098,0.5532564762126415,0.8333333333333334,-3.899180709073727,457,0.45076586433260396,1.0479242501734614,2.6117826683804406,29,0.3982494529540481,1.9144012480565569,0.6666666666666666,-4.964706079718152,190,0.5526315789473685,1.5896064930030769,10.377357683682957,34,0.5894736842105263,0.4818182192815661,0.8,-2.5844850845278033
QQQ,"cons_m2s2c30,cons_m3allc30,d65win",2,time_asc,0.0,5.970889212659338,True,False,True,255,0.48627450980392156,1.315071860745663,9.037399858792206,39,0.20392156862745098,0.5532564762126415,0.8333333333333334,-3.899180709073727,451,0.4523281596452328,1.054250657101942,2.898083031920529,29,0.3924611973392461,1.7252783805461063,0.6666666666666666,-4.964706079718152,186,0.553763440860215,1.5490003119131357,9.575760851060311,32,0.5913978494623656,0.5086100787827631,0.8,-2.5844850845278033
QQQ,"cons_m3allc30,d65win,cons_m2s2c30",2,time_asc,-999999.0,5.970889212659338,True,False,True,255,0.48627450980392156,1.315071860745663,9.037399858792206,39,0.20392156862745098,0.5532564762126415,0.8333333333333334,-3.899180709073727,457,0.45076586433260396,1.0479242501734614,2.6117826683804406,29,0.3982494529540481,1.9144012480565569,0.6666666666666666,-4.964706079718152,190,0.5526315789473685,1.5896064930030769,10.377357683682957,34,0.5894736842105263,0.4818182192815661,0.8,-2.5844850845278033
QQQ,"cons_m3allc30,d65win,cons_m2s2c30",2,time_asc,0.0,5.970889212659338,True,False,True,255,0.48627450980392156,1.315071860745663,9.037399858792206,39,0.20392156862745098,0.5532564762126415,0.8333333333333334,-3.899180709073727,451,0.4523281596452328,1.054250657101942,2.898083031920529,29,0.3924611973392461,1.7252783805461063,0.6666666666666666,-4.964706079718152,186,0.553763440860215,1.5490003119131357,9.575760851060311,32,0.5913978494623656,0.5086100787827631,0.8,-2.5844850845278033
QQQ,"cons_m3allc30,cons_m2s2c30,d65win",2,time_asc,-999999.0,5.970889212659338,True,False,True,255,0.48627450980392156,1.315071860745663,9.037399858792206,39,0.20392156862745098,0.5532564762126415,0.8333333333333334,-3.899180709073727,457,0.45076586433260396,1.0479242501734614,2.6117826683804406,29,0.3982494529540481,1.9144012480565569,0.6666666666666666,-4.964706079718152,190,0.5526315789473685,1.5896064930030769,10.377357683682957,34,0.5894736842105263,0.4818182192815661,0.8,-2.5844850845278033
QQQ,"cons_m3allc30,cons_m2s2c30,d65win",2,time_asc,0.0,5.970889212659338,True,False,True,255,0.48627450980392156,1.315071860745663,9.037399858792206,39,0.20392156862745098,0.5532564762126415,0.8333333333333334,-3.899180709073727,451,0.4523281596452328,1.054250657101942,2.898083031920529,29,0.3924611973392461,1.7252783805461063,0.6666666666666666,-4.964706079718152,186,0.553763440860215,1.5490003119131357,9.575760851060311,32,0.5913978494623656,0.5086100787827631,0.8,-2.5844850845278033
QQQ,"d65win,cons_m2s2c30,cons_m3s2c30",2,time_asc,-999999.0,6.014313112849414,True,False,True,255,0.49411764705882355,1.328695903150069,9.295608333073089,39,0.20392156862745098,0.5378884114781782,0.8333333333333334,-3.899180709073727,457,0.45295404814004375,1.0529734059171678,2.8566574514371514,29,0.40043763676148797,1.7502973615140862,0.6666666666666666,-4.964706079718152,190,0.5578947368421052,1.6130443442316875,10.605961827935811,34,0.5947368421052631,0.4714329620563161,0.8,-2.5844850845278033
QQQ,"d65win,cons_m2s2c30,cons_m3s2c30",2,time_asc,0.0,6.014313112849414,True,False,True,255,0.49411764705882355,1.328695903150069,9.295608333073089,39,0.20392156862745098,0.5378884114781782,0.8333333333333334,-3.899180709073727,450,0.4533333333333333,1.0591850775751022,3.12783374010048,29,0.39555555555555555,1.5985504395254007,0.6666666666666666,-4.964706079718151,186,0.5591397849462365,1.5719439688300152,9.804364995313165,32,0.5967741935483871,0.49675103723605496,0.8,-2.5844850845278033
QQQ,"d65win,cons_m3s2c30,cons_m2s2c30",2,time_asc,-999999.0,6.014313112849414,True,False,True,255,0.49411764705882355,1.328695903150069,9.295608333073089,39,0.20392156862745098,0.5378884114781782,0.8333333333333334,-3.899180709073727,457,0.45295404814004375,1.0529734059171678,2.8566574514371514,29,0.40043763676148797,1.7502973615140862,0.6666666666666666,-4.964706079718152,190,0.5578947368421052,1.6130443442316875,10.605961827935811,34,0.5947368421052631,0.4714329620563161,0.8,-2.5844850845278033
QQQ,"d65win,cons_m3s2c30,cons_m2s2c30",2,time_asc,0.0,6.014313112849414,True,False,True,255,0.49411764705882355,1.328695903150069,9.295608333073089,39,0.20392156862745098,0.5378884114781782,0.8333333333333334,-3.899180709073727,450,0.4533333333333333,1.0591850775751022,3.12783374010048,29,0.39555555555555555,1.5985504395254007,0.6666666666666666,-4.964706079718151,186,0.5591397849462365,1.5719439688300152,9.804364995313165,32,0.5967741935483871,0.49675103723605496,0.8,-2.5844850845278033
QQQ,"cons_m2s2c30,d65win,cons_m3s2c30",2,time_asc,-999999.0,5.970889212659338,True,False,True,255,0.48627450980392156,1.315071860745663,9.037399858792206,39,0.20392156862745098,0.5532564762126415,0.8333333333333334,-3.899180709073727,457,0.45076586433260396,1.0479242501734614,2.6117826683804406,29,0.3982494529540481,1.9144012480565569,0.6666666666666666,-4.964706079718152,190,0.5526315789473685,1.5896064930030769,10.377357683682957,34,0.5894736842105263,0.4818182192815661,0.8,-2.5844850845278033
QQQ,"cons_m2s2c30,d65win,cons_m3s2c30",2,time_asc,0.0,5.970889212659338,True,False,True,255,0.48627450980392156,1.315071860745663,9.037399858792206,39,0.20392156862745098,0.5532564762126415,0.8333333333333334,-3.899180709073727,450,0.45111111111111113,1.0539675420251533,2.882958957043767,29,0.3933333333333333,1.7343292341307146,0.6666666666666666,-4.964706079718152,186,0.553763440860215,1.5490003119131357,9.575760851060311,32,0.5913978494623656,0.5086100787827631,0.8,-2.5844850845278033
QQQ,"cons_m2s2c30,cons_m3s2c30,d65win",2,time_asc,-999999.0,5.970889212659338,True,False,True,255,0.48627450980392156,1.315071860745663,9.037399858792206,39,0.20392156862745098,0.5532564762126415,0.8333333333333334,-3.899180709073727,457,0.45076586433260396,1.0479242501734614,2.6117826683804406,29,0.3982494529540481,1.9144012480565569,0.6666666666666666,-4.964706079718152,190,0.5526315789473685,1.5896064930030769,10.377357683682957,34,0.5894736842105263,0.4818182192815661,0.8,-2.5844850845278033
QQQ,"cons_m2s2c30,cons_m3s2c30,d65win",2,time_asc,0.0,5.970889212659338,True,False,True,255,0.48627450980392156,1.315071860745663,9.037399858792206,39,0.20392156862745098,0.5532564762126415,0.8333333333333334,-3.899180709073727,450,0.45111111111111113,1.0539675420251533,2.882958957043767,29,0.3933333333333333,1.7343292341307146,0.6666666666666666,-4.964706079718152,186,0.553763440860215,1.5490003119131357,9.575760851060311,32,0.5913978494623656,0.5086100787827631,0.8,-2.5844850845278033
QQQ,"cons_m3s2c30,d65win,cons_m2s2c30",2,time_asc,-999999.0,5.970889212659338,True,False,True,255,0.48627450980392156,1.315071860745663,9.037399858792206,39,0.20392156862745098,0.5532564762126415,0.8333333333333334,-3.899180709073727,457,0.45076586433260396,1.0479242501734614,2.6117826683804406,29,0.3982494529540481,1.9144012480565569,0.6666666666666666,-4.964706079718152,190,0.5526315789473685,1.5896064930030769,10.377357683682957,34,0.5894736842105263,0.4818182192815661,0.8,-2.5844850845278033
QQQ,"cons_m3s2c30,d65win,cons_m2s2c30",2,time_asc,0.0,5.970889212659338,True,False,True,255,0.48627450980392156,1.315071860745663,9.037399858792206,39,0.20392156862745098,0.5532564762126415,0.8333333333333334,-3.899180709073727,450,0.45111111111111113,1.0539675420251533,2.882958957043767,29,0.3933333333333333,1.7343292341307146,0.6666666666666666,-4.964706079718152,186,0.553763440860215,1.5490003119131357,9.575760851060311,32,0.5913978494623656,0.5086100787827631,0.8,-2.5844850845278033
QQQ,"cons_m3s2c30,cons_m2s2c30,d65win",2,time_asc,-999999.0,5.970889212659338,True,False,True,255,0.48627450980392156,1.315071860745663,9.037399858792206,39,0.20392156862745098,0.5532564762126415,0.8333333333333334,-3.899180709073727,457,0.45076586433260396,1.0479242501734614,2.6117826683804406,29,0.3982494529540481,1.9144012480565569,0.6666666666666666,-4.964706079718152,190,0.5526315789473685,1.5896064930030769,10.377357683682957,34,0.5894736842105263,0.4818182192815661,0.8,-2.5844850845278033
QQQ,"cons_m3s2c30,cons_m2s2c30,d65win",2,time_asc,0.0,5.970889212659338,True,False,True,255,0.48627450980392156,1.315071860745663,9.037399858792206,39,0.20392156862745098,0.5532564762126415,0.8333333333333334,-3.899180709073727,450,0.45111111111111113,1.0539675420251533,2.882958957043767,29,0.3933333333333333,1.7343292341307146,0.6666666666666666,-4.964706079718152,186,0.553763440860215,1.5490003119131357,9.575760851060311,32,0.5913978494623656,0.5086100787827631,0.8,-2.5844850845278033
QQQ,"d65win,cons_m3allc30,cons_m3s2c30",2,time_asc,-999999.0,6.014313112849414,True,False,True,255,0.49411764705882355,1.328695903150069,9.295608333073089,39,0.20392156862745098,0.5378884114781782,0.8333333333333334,-3.899180709073727,457,0.45295404814004375,1.0529734059171678,2.8566574514371514,29,0.40043763676148797,1.7502973615140862,0.6666666666666666,-4.964706079718152,190,0.5578947368421052,1.6130443442316875,10.605961827935811,34,0.5947368421052631,0.4714329620563161,0.8,-2.5844850845278033
QQQ,"d65win,cons_m3allc30,cons_m3s2c30",2,time_asc,0.0,6.014313112849414,True,False,True,255,0.49411764705882355,1.328695903150069,9.295608333073089,39,0.20392156862745098,0.5378884114781782,0.8333333333333334,-3.899180709073727,451,0.45454545454545453,1.0594712563234663,3.1429578149772412,29,0.3946784922394678,1.5908581324805997,0.6666666666666666,-4.964706079718151,186,0.5591397849462365,1.5719439688300152,9.804364995313165,32,0.5967741935483871,0.49675103723605496,0.8,-2.5844850845278033
QQQ,"d65win,cons_m3s2c30,cons_m3allc30",2,time_asc,-999999.0,6.014313112849414,True,False,True,255,0.49411764705882355,1.328695903150069,9.295608333073089,39,0.20392156862745098,0.5378884114781782,0.8333333333333334,-3.899180709073727,457,0.45295404814004375,1.0529734059171678,2.8566574514371514,29,0.40043763676148797,1.7502973615140862,0.6666666666666666,-4.964706079718152,190,0.5578947368421052,1.6130443442316875,10.605961827935811,34,0.5947368421052631,0.4714329620563161,0.8,-2.5844850845278033
QQQ,"d65win,cons_m3s2c30,cons_m3allc30",2,time_asc,0.0,6.014313112849414,True,False,True,255,0.49411764705882355,1.328695903150069,9.295608333073089,39,0.20392156862745098,0.5378884114781782,0.8333333333333334,-3.899180709073727,451,0.45454545454545453,1.0594712563234663,3.1429578149772412,29,0.3946784922394678,1.5908581324805997,0.6666666666666666,-4.964706079718151,186,0.5591397849462365,1.5719439688300152,9.804364995313165,32,0.5967741935483871,0.49675103723605496,0.8,-2.5844850845278033
QQQ,"cons_m3allc30,d65win,cons_m3s2c30",2,time_asc,-999999.0,5.970889212659338,True,False,True,255,0.48627450980392156,1.315071860745663,9.037399858792206,39,0.20392156862745098,0.5532564762126415,0.8333333333333334,-3.899180709073727,457,0.45076586433260396,1.0479242501734614,2.6117826683804406,29,0.3982494529540481,1.9144012480565569,0.6666666666666666,-4.964706079718152,190,0.5526315789473685,1.5896064930030769,10.377357683682957,34,0.5894736842105263,0.4818182192815661,0.8,-2.5844850845278033
QQQ,"cons_m3allc30,d65win,cons_m3s2c30",2,time_asc,0.0,5.970889212659338,True,False,True,255,0.48627450980392156,1.315071860745663,9.037399858792206,39,0.20392156862745098,0.5532564762126415,0.8333333333333334,-3.899180709073727,451,0.4523281596452328,1.054250657101942,2.898083031920529,29,0.3924611973392461,1.7252783805461063,0.6666666666666666,-4.964706079718152,186,0.553763440860215,1.5490003119131357,9.575760851060311,32,0.5913978494623656,0.5086100787827631,0.8,-2.5844850845278033
QQQ,"cons_m3allc30,cons_m3s2c30,d65win",2,time_asc,-999999.0,5.970889212659338,True,False,True,255,0.48627450980392156,1.315071860745663,9.037399858792206,39,0.20392156862745098,0.5532564762126415,0.8333333333333334,-3.899180709073727,457,0.45076586433260396,1.0479242501734614,2.6117826683804406,29,0.3982494529540481,1.9144012480565569,0.6666666666666666,-4.964706079718152,190,0.5526315789473685,1.5896064930030769,10.377357683682957,34,0.5894736842105263,0.4818182192815661,0.8,-2.5844850845278033
QQQ,"cons_m3allc30,cons_m3s2c30,d65win",2,time_asc,0.0,5.970889212659338,True,False,True,255,0.48627450980392156,1.315071860745663,9.037399858792206,39,0.20392156862745098,0.5532564762126415,0.8333333333333334,-3.899180709073727,451,0.4523281596452328,1.054250657101942,2.898083031920529,29,0.3924611973392461,1.7252783805461063,0.6666666666666666,-4.964706079718152,186,0.553763440860215,1.5490003119131357,9.575760851060311,32,0.5913978494623656,0.5086100787827631,0.8,-2.5844850845278033
QQQ,"cons_m3s2c30,d65win,cons_m3allc30",2,time_asc,-999999.0,5.970889212659338,True,False,True,255,0.48627450980392156,1.315071860745663,9.037399858792206,39,0.20392156862745098,0.5532564762126415,0.8333333333333334,-3.899180709073727,457,0.45076586433260396,1.0479242501734614,2.6117826683804406,29,0.3982494529540481,1.9144012480565569,0.6666666666666666,-4.964706079718152,190,0.5526315789473685,1.5896064930030769,10.377357683682957,34,0.5894736842105263,0.4818182192815661,0.8,-2.5844850845278033
QQQ,"cons_m3s2c30,d65win,cons_m3allc30",2,time_asc,0.0,5.970889212659338,True,False,True,255,0.48627450980392156,1.315071860745663,9.037399858792206,39,0.20392156862745098,0.5532564762126415,0.8333333333333334,-3.899180709073727,451,0.4523281596452328,1.054250657101942,2.898083031920529,29,0.3924611973392461,1.7252783805461063,0.6666666666666666,-4.964706079718152,186,0.553763440860215,1.5490003119131357,9.575760851060311,32,0.5913978494623656,0.5086100787827631,0.8,-2.5844850845278033
QQQ,"cons_m3s2c30,cons_m3allc30,d65win",2,time_asc,-999999.0,5.970889212659338,True,False,True,255,0.48627450980392156,1.315071860745663,9.037399858792206,39,0.20392156862745098,0.5532564762126415,0.8333333333333334,-3.899180709073727,457,0.45076586433260396,1.0479242501734614,2.6117826683804406,29,0.3982494529540481,1.9144012480565569,0.6666666666666666,-4.964706079718152,190,0.5526315789473685,1.5896064930030769,10.377357683682957,34,0.5894736842105263,0.4818182192815661,0.8,-2.5844850845278033
QQQ,"cons_m3s2c30,cons_m3allc30,d65win",2,time_asc,0.0,5.970889212659338,True,False,True,255,0.48627450980392156,1.315071860745663,9.037399858792206,39,0.20392156862745098,0.5532564762126415,0.8333333333333334,-3.899180709073727,451,0.4523281596452328,1.054250657101942,2.898083031920529,29,0.3924611973392461,1.7252783805461063,0.6666666666666666,-4.964706079718152,186,0.553763440860215,1.5490003119131357,9.575760851060311,32,0.5913978494623656,0.5086100787827631,0.8,-2.5844850845278033
QQQ,"d80,d80_front,d80_zero",2,time_asc,-999999.0,-9.999999999999997e+17,False,True,False,220,0.4818181818181818,1.2778120809095874,7.1112819301054415,22,0.21363636363636362,0.7031081103440183,0.8333333333333334,-4.383278422937092,465,0.4881720430107527,1.3323417644131101,16.500166944599876,34,0.3870967741935484,0.30302723704479756,0.8333333333333334,-3.034108658022051,191,0.49214659685863876,1.2507200326238541,5.1228418689651924,34,0.5968586387434555,0.8844515572568439,0.8,-2.5096423351480817
QQQ,"d80,d80_front,d80_zero",2,time_asc,0.0,-9.999999999999997e+17,False,True,True,204,0.4803921568627451,1.2685510140829244,6.565114314735796,22,0.20588235294117646,0.7616013614229379,0.8333333333333334,-4.518075308677373,455,0.4967032967032967,1.3647817265506885,17.010468128769034,30,0.3934065934065934,0.2939366490181259,0.8333333333333334,-2.828789912281205,184,0.5271739130434783,1.4143516154496927,7.433674719814396,34,0.5597826086956522,0.6148158454498964,0.8,-3.555340767533614
QQQ,"d80,d80_zero,d80_front",2,time_asc,-999999.0,-9.999999999999997e+17,False,True,False,220,0.4772727272727273,1.2579676581965016,6.680705532268417,22,0.20909090909090908,0.7484239465202507,0.8333333333333334,-4.383278422937092,465,0.4838709677419355,1.3018599745309474,15.217559547146635,34,0.3827956989247312,0.3285677959405471,0.75,-3.034108658022051,191,0.4712041884816754,1.1962242231032092,4.153022626941788,34,0.5863874345549738,1.0909898345348779,0.8,-2.6232489089007367
QQQ,"d80,d80_zero,d80_front",2,time_asc,0.0,-9.999999999999997e+17,False,True,True,204,0.47549019607843135,1.247895847072291,6.134537916898772,22,0.20098039215686275,0.8150573144599094,0.8333333333333334,-4.518075308677373,455,0.49230769230769234,1.34680134903483,16.408873366283082,30,0.389010989010989,0.30471318099595973,0.8333333333333334,-2.828789912281205,184,0.5271739130434783,1.4143516154496925,7.433674719814396,34,0.5597826086956522,0.6148158454498964,0.8,-3.555340767533614
QQQ,"d80_front,d80,d80_zero",2,time_asc,-999999.0,-9.999999999999997e+17,False,True,False,220,0.4818181818181818,1.2778120809095874,7.111281930105442,22,0.21363636363636362,0.7031081103440182,0.8333333333333334,-4.383278422937092,465,0.4860215053763441,1.32425832705179,16.07467806296186,34,0.38924731182795697,0.31104822008974775,0.8333333333333334,-3.034108658022051,191,0.4869109947643979,1.22280310537392,4.565258476794103,34,0.6020942408376964,0.9924751230665472,0.8,-2.509642335148081
QQQ,"d80_front,d80,d80_zero",2,time_asc,0.0,-9.999999999999997e+17,False,True,True,204,0.4803921568627451,1.2685510140829244,6.565114314735796,22,0.20588235294117646,0.7616013614229379,0.8333333333333334,-4.518075308677373,455,0.4945054945054945,1.3562265106485336,16.584979247131013,30,0.3956043956043956,0.30147761570849935,0.8333333333333334,-2.828789912281205,184,0.5271739130434783,1.4077509361689384,7.216409641356922,34,0.5706521739130435,0.6333261600713171,0.8,-3.555340767533614
QQQ,"d80_front,d80_zero,d80",2,time_asc,-999999.0,-9.999999999999997e+17,False,False,False,220,0.4772727272727273,1.243702796338395,6.311281930105443,22,0.20909090909090908,0.7922320782644018,0.8333333333333334,-4.383278422937092,465,0.4774193548387097,1.2589067045862659,13.14564578554599,34,0.38064516129032255,0.38035407933307025,0.8333333333333334,-3.034108658022051,191,0.47643979057591623,1.1973029898631926,4.123515078922306,34,0.581151832460733,1.1303588604155332,0.8,-3.4376557686375424
QQQ,"d80_front,d80_zero,d80",2,time_asc,0.0,-9.999999999999997e+17,False,False,True,204,0.47549019607843135,1.2329674893007272,5.765114314735795,22,0.20098039215686275,0.8672854911514692,0.8333333333333334,-4.518075308677373,455,0.4857142857142857,1.2859441194859191,13.655946969715144,30,0.3868131868131868,0.366140847726527,0.8333333333333334,-2.828789912281205,184,0.5217391304347826,1.3439682303257146,6.190768530756746,34,0.5760869565217391,0.7297670005620465,0.8,-4.16165657627554
QQQ,"d80_zero,d80,d80_front",2,time_asc,-999999.0,-9.999999999999997e+17,False,False,False,220,0.4772727272727273,1.2579676581965016,6.6807055322684175,22,0.20909090909090908,0.7484239465202506,0.8333333333333334,-4.383278422937092,465,0.4817204301075269,1.2896423061879076,14.688527269730766,34,0.38064516129032255,0.3404017236162062,0.75,-3.034108658022051,191,0.47643979057591623,1.2206095066816522,4.666218240149439,34,0.5863874345549738,0.9710016195988552,0.8,-2.1100532956930866
QQQ,"d80_zero,d80,d80_front",2,time_asc,0.0,-9.999999999999997e+17,False,True,True,204,0.47549019607843135,1.2478958470722907,6.13453791689877,22,0.20098039215686275,0.8150573144599097,0.8333333333333334,-4.518075308677373,455,0.4901098901098901,1.3335056664409946,15.879841088867213,30,0.3868131868131868,0.31486461180680964,0.8333333333333334,-2.828789912281205,184,0.532608695652174,1.4306966351570376,7.72122922242187,34,0.5706521739130435,0.5851164952783492,0.8,-3.0421451543259637
QQQ,"d80_zero,d80_front,d80",2,time_asc,-999999.0,-9.999999999999997e+17,False,False,False,220,0.4772727272727273,1.2437027963383949,6.311281930105443,22,0.20909090909090908,0.7922320782644018,0.8333333333333334,-4.383278422937092,465,0.47956989247311826,1.270760141449861,13.725788834857198,34,0.37849462365591396,0.3642777883411915,0.75,-3.034108658022051,191,0.4712041884816754,1.1934034727301313,4.101907102318799,34,0.581151832460733,1.1363133511439114,0.8,-2.924460155429892
QQQ,"d80_zero,d80_front,d80",2,time_asc,0.0,-9.999999999999997e+17,False,True,True,204,0.47549019607843135,1.2329674893007272,5.765114314735797,22,0.20098039215686275,0.8672854911514689,0.8333333333333334,-4.518075308677373,455,0.4879120879120879,1.313412180090032,14.917102653993645,30,0.38461538461538464,0.33518573385035916,0.8333333333333334,-2.828789912281205,184,0.5271739130434783,1.3727554277586724,6.703964143964397,34,0.5760869565217391,0.6739025574788712,0.8,-3.64846096306789
QQQ,"d80,d80_front,cons_m2s1c45",2,time_asc,-999999.0,-9.999999999999997e+17,False,True,False,240,0.4791666666666667,1.253789140485026,6.815637554246959,37,0.225,0.7336070852072233,0.8333333333333334,-5.065786205296442,475,0.4968421052631579,1.3891513897555339,17.991997021583153,36,0.4105263157894737,0.27790133546609713,0.75,-2.5202546503313634,191,0.5026178010471204,1.2441169080004169,4.549497218347824,34,0.5916230366492147,0.9626584328301289,0.8,-2.5757539434046555
QQQ,"d80,d80_front,cons_m2s1c45",2,time_asc,0.0,-9.999999999999997e+17,False,True,False,236,0.4788135593220339,1.224019180513648,6.12276916432511,35,0.22033898305084745,0.8166239598142896,0.8333333333333334,-5.065786205296442,472,0.5021186440677966,1.422512978207294,19.32616483917889,35,0.4088983050847458,0.2587166176842169,0.75,-2.486265293929879,188,0.5053191489361702,1.1997529939232858,3.8975741606024807,34,0.5319148936170213,1.1882001754008333,0.8,-3.7847386823187317
QQQ,"d80,cons_m2s1c45,d80_front",2,time_asc,-999999.0,-9.999999999999997e+17,False,True,False,240,0.4666666666666667,1.245640929529146,6.7240658692754245,37,0.22083333333333333,0.7435977126349586,0.8333333333333334,-5.065786205296442,475,0.4926315789473684,1.3595533447602148,17.14072617661234,36,0.4063157894736842,0.2917029271969964,0.8333333333333334,-2.7149441524785356,191,0.4973821989528796,1.1943604887696257,3.7817288005823793,34,0.581151832460733,1.158097815397364,0.8,-2.686604654032034
QQQ,"d80,cons_m2s1c45,d80_front",2,time_asc,0.0,-9.999999999999997e+17,False,True,False,236,0.4661016949152542,1.2165639866698499,6.031197479353574,35,0.21610169491525424,0.8290227632433455,0.8333333333333334,-5.065786205296442,472,0.4978813559322034,1.388640191776608,18.375201153514762,35,0.4046610169491525,0.2721058647591247,0.8333333333333334,-2.814481291578966,188,0.5,1.1539295935783769,3.1298057428370365,34,0.5212765957446809,1.4796759549261127,0.8,-4.121576609834736
QQQ,"d80_front,d80,cons_m2s1c45",2,time_asc,-999999.0,-9.999999999999997e+17,False,True,False,240,0.4791666666666667,1.2537891404850263,6.815637554246959,37,0.225,0.7336070852072233,0.8333333333333334,-5.065786205296442,475,0.4905263157894737,1.3447831031610273,15.958065413740306,36,0.4147368421052632,0.31332118714683743,0.75,-2.5202546503313634,191,0.4973821989528796,1.2032183364115028,3.7724584486131567,34,0.5968586387434555,1.1609436981313324,0.4,-2.5757539434046555
QQQ,"d80_front,d80,cons_m2s1c45",2,time_asc,0.0,-9.999999999999997e+17,False,True,False,236,0.4788135593220339,1.224019180513648,6.122769164325108,35,0.22033898305084745,0.8166239598142898,0.8333333333333334,-5.065786205296442,472,0.4957627118644068,1.3776303376453125,17.29223323133604,35,0.413135593220339,0.28914715254587664,0.75,-2.4862652939298684,188,0.5,1.1605297019051988,3.120535390867814,34,0.5372340425531915,1.4840717124434617,0.8,-3.7847386823187317
QQQ,"d80_front,cons_m2s1c45,d80",2,time_asc,-999999.0,-9.999999999999997e+17,False,True,False,240,0.4708333333333333,1.1859936140444514,5.223628264055401,37,0.22083333333333333,0.9571890929539871,0.8333333333333334,-5.1713883611769464,475,0.4884210526315789,1.3359188767238617,15.730414780073405,36,0.40842105263157896,0.3178555727808131,0.8333333333333334,-2.5108085382684315,191,0.47643979057591623,1.0859739214903101,1.7138638350756978,34,0.5706806282722513,2.6180722138941723,0.4,-3.627466481212848
QQQ,"d80_front,cons_m2s1c45,d80",2,time_asc,0.0,-9.999999999999997e+17,False,True,False,236,0.4661016949152542,1.1397341617533991,3.992991796986182,35,0.21610169491525424,1.252193907278719,0.8333333333333334,-5.1713883611769464,472,0.4936440677966102,1.368286408815681,17.06458259766914,35,0.4067796610169492,0.29300452978456987,0.8333333333333334,-2.426615563937986,188,0.48404255319148937,1.0598720211520762,1.2350993300161355,34,0.5212765957446809,3.6215376160297046,0.8,-4.427372439477556
QQQ,"cons_m2s1c45,d80,d80_front",2,time_asc,-999999.0,-9.999999999999997e+17,False,True,False,240,0.4666666666666667,1.2111070136395325,5.9693258022453906,37,0.22083333333333333,0.8376155307387019,0.8333333333333334,-5.1713883611769464,475,0.4905263157894737,1.3615397170533297,17.65044656191836,36,0.4063157894736842,0.28327895175115436,0.8333333333333334,-2.6282565391317263,191,0.5078534031413613,1.1279749552388374,2.6142273068044624,34,0.5759162303664922,1.61480688129634,0.6,-2.807077416856604
QQQ,"cons_m2s1c45,d80,d80_front",2,time_asc,0.0,-9.999999999999997e+17,False,True,False,236,0.461864406779661,1.1647268819329037,4.738689335176173,35,0.21610169491525424,1.0551440802173018,0.8333333333333334,-5.171388361176945,472,0.4957627118644068,1.3937605821992283,19.01673268246915,35,0.4046610169491525,0.2629263440511693,0.8333333333333334,-2.484146209355959,188,0.5212765957446809,1.1409792887769592,2.9354628017449005,34,0.5212765957446809,1.5237660925315424,0.8,-3.84064970608719
QQQ,"cons_m2s1c45,d80_front,d80",2,time_asc,-999999.0,-9.999999999999997e+17,False,True,False,240,0.4666666666666667,1.1980422361413352,5.599902200082417,37,0.22083333333333333,0.8928727362285742,0.8333333333333334,-5.1713883611769464,475,0.4842105263157895,1.3026523663160154,14.87070585134495,36,0.40842105263157896,0.33623151785681954,0.8333333333333334,-2.6282565391317245,191,0.5026178010471204,1.089928296889381,1.8304607914102442,34,0.5706806282722513,2.4513058712133624,0.4,-3.6214842765934083
QQQ,"cons_m2s1c45,d80_front,d80",2,time_asc,0.0,-9.999999999999997e+17,False,True,False,236,0.461864406779661,1.1518849347630404,4.369265733013199,35,0.21610169491525424,1.1443570397243439,0.8333333333333334,-5.1713883611769464,472,0.4894067796610169,1.3340287721234065,16.23699197189574,35,0.4067796610169492,0.3079388108742304,0.8333333333333334,-2.4841462093559503,188,0.5106382978723404,1.0642167556471873,1.3516962863506827,34,0.5212765957446809,3.309144760072279,0.8,-4.647377451746742
QQQ,"d80,d80_front,cons_m2s2c30",2,time_asc,-999999.0,5.606684960503208,True,True,False,251,0.4900398406374502,1.3160395981488433,8.577799916424897,39,0.22310756972111553,0.5829000499797071,0.8333333333333334,-5.461237127427143,486,0.49588477366255146,1.3858020085205247,18.708258638313666,36,0.41358024691358025,0.26726164613526493,0.75,-2.426615563937986,192,0.5052083333333334,1.297456513203697,5.430293237620985,34,0.5989583333333334,0.8065147996130054,1.0,-2.366161416940497
QQQ,"d80,d80_front,cons_m2s2c30",2,time_asc,0.0,-9.999999999999997e+17,False,True,True,249,0.4859437751004016,1.2809288111912498,7.786262745851751,37,0.21285140562248997,0.6421565985124026,0.8333333333333334,-5.461237127427143,485,0.49690721649484537,1.3980695897745226,19.35377252485972,35,0.41237113402061853,0.2583475647229785,0.9166666666666666,-2.4266155639379843,192,0.5208333333333334,1.3270795182555115,6.159290881131906,34,0.5364583333333334,0.7943434839808761,0.8,-2.3252089750879055
QQQ,"d80,cons_m2s2c30,d80_front",2,time_asc,-999999.0,5.5855483368385075,True,True,False,251,0.47808764940239046,1.3068097410124122,8.486228231453364,39,0.21912350597609562,0.5891899043520884,0.8333333333333334,-5.461237127427143,486,0.4897119341563786,1.3544762574430247,17.847088532752952,36,0.4094650205761317,0.28015774062105464,0.6666666666666666,-2.2093309650246304,192,0.5,1.2444120137563273,4.66252481985554,34,0.5885416666666666,0.9393219407066751,0.8,-2.3205952482487184
QQQ,"d80,cons_m2s2c30,d80_front",2,time_asc,0.0,-9.999999999999997e+17,False,True,False,249,0.4738955823293173,1.2725310110675125,7.694691060880216,37,0.20883534136546184,0.6497986677359905,0.8333333333333334,-5.461237127427143,485,0.49072164948453606,1.3636659915562286,18.39290957860569,35,0.40824742268041236,0.27184388520106206,0.75,-2.2093309650246304,192,0.515625,1.2743510147020403,5.391522463366461,34,0.5260416666666666,0.9074602972747382,0.8,-2.416520054219451
QQQ,"d80_front,d80,cons_m2s2c30",2,time_asc,-999999.0,5.606684960503208,True,True,False,251,0.4900398406374502,1.3160395981488435,8.577799916424897,39,0.22310756972111553,0.5829000499797071,0.8333333333333334,-5.461237127427143,486,0.4897119341563786,1.3435009854306308,16.67432703047082,36,0.4176954732510288,0.29986217679807725,0.75,-2.426615563937986,192,0.5,1.2559154985211938,4.653254467886319,34,0.6041666666666666,0.9411932858185444,0.6,-2.366161416940497
QQQ,"d80_front,d80,cons_m2s2c30",2,time_asc,0.0,-9.999999999999997e+17,False,True,False,249,0.4859437751004016,1.2809288111912498,7.78626274585175,37,0.21285140562248997,0.6421565985124027,0.8333333333333334,-5.461237127427143,485,0.49072164948453606,1.3558664136102974,17.319840917016872,35,0.41649484536082476,0.28868625433432604,0.9166666666666666,-2.4266155639379843,192,0.515625,1.2869280433371337,5.382252111397239,34,0.5416666666666666,0.909023300303901,0.8,-2.3252089750879055
QQQ,"d80_front,cons_m2s2c30,d80",2,time_asc,-999999.0,-9.999999999999997e+17,False,True,False,251,0.4820717131474104,1.2475406069006898,7.015598304398154,39,0.21912350597609562,0.7126975894365911,0.8333333333333334,-5.566839283307647,486,0.48559670781893005,1.3223111611072744,15.917644119388047,36,0.4094650205761317,0.31411683553786,0.6666666666666666,-2.426615563937985,192,0.484375,1.1530075219026479,2.9599346713351657,34,0.578125,1.5606621583577318,0.6,-3.4178739547486896
QQQ,"d80_front,cons_m2s2c30,d80",2,time_asc,0.0,-9.999999999999997e+17,False,True,False,249,0.4738955823293173,1.1953184574047335,5.6564853785128255,37,0.20883534136546184,0.8839411163323072,0.8333333333333334,-5.629571957270443,485,0.4865979381443299,1.3345203329753594,16.563158005934103,35,0.40824742268041236,0.3018747993715114,0.9166666666666666,-2.426615563937986,192,0.5,1.1901501510282357,3.745806534071622,34,0.5260416666666666,1.2650161402609865,0.8,-3.438965729626335
QQQ,"cons_m2s2c30,d80,d80_front",2,time_asc,-999999.0,-9.999999999999997e+17,False,True,False,251,0.47808764940239046,1.2689991880476494,7.693469275455818,39,0.21912350597609562,0.649901861043536,0.8333333333333334,-5.566839283307647,486,0.48559670781893005,1.3505002669126978,18.069637092864923,36,0.4074074074074074,0.276707272774965,0.75,-2.2500989727380194,192,0.5052083333333334,1.1353883712212276,2.7670649221332333,34,0.5729166666666666,1.5734762698296525,0.6,-2.5219598747529846
QQQ,"cons_m2s2c30,d80,d80_front",2,time_asc,0.0,-9.999999999999997e+17,False,True,False,249,0.46987951807228917,1.2167855095262723,6.3343563495704895,37,0.20883534136546184,0.789346182006169,0.8333333333333334,-5.629571957270443,485,0.4865979381443299,1.3629749616291151,18.747269282366034,35,0.4061855670103093,0.2667055091966421,0.8333333333333334,-2.2500989727380194,192,0.5260416666666666,1.2124196472393811,4.3529367848696925,34,0.515625,1.0885767375180286,0.6,-2.410358386492647
QQQ,"cons_m2s2c30,d80_front,d80",2,time_asc,-999999.0,-9.999999999999997e+17,False,True,False,251,0.47808764940239046,1.2560824341789478,7.324045673292844,39,0.21912350597609562,0.6826827989662211,0.8333333333333334,-5.566839283307647,486,0.48148148148148145,1.3025520281217824,15.715385263929534,36,0.4074074074074074,0.3181595561310332,0.6666666666666666,-2.737027233839868,192,0.5104166666666666,1.1539705262262934,3.1006554901872962,34,0.5677083333333334,1.48983272968671,0.6,-3.1959943572745564
QQQ,"cons_m2s2c30,d80_front,d80",2,time_asc,0.0,-9.999999999999997e+17,False,True,False,249,0.46987951807228917,1.2041424437740023,5.964932747407516,37,0.20883534136546184,0.8382324179888038,0.8333333333333334,-5.629571957270443,485,0.4824742268041237,1.3150211058017909,16.393017453430637,35,0.4061855670103093,0.3050079104840841,0.75,-2.365042089927492,192,0.5260416666666666,1.1896592599653346,3.8865273529237534,34,0.515625,1.2192132702555118,0.6,-3.2170861321522004
QQQ,"d80,d80_front,cons_m3allc30",2,time_asc,-999999.0,5.606684960503208,True,True,False,251,0.4900398406374502,1.3160395981488433,8.577799916424897,39,0.22310756972111553,0.5829000499797071,0.8333333333333334,-5.461237127427143,486,0.49588477366255146,1.3858020085205247,18.708258638313666,36,0.41358024691358025,0.26726164613526493,0.75,-2.426615563937986,192,0.5052083333333334,1.297456513203697,5.430293237620985,34,0.5989583333333334,0.8065147996130054,1.0,-2.366161416940497
QQQ,"d80,d80_front,cons_m3allc30",2,time_asc,0.0,-9.999999999999997e+17,False,True,True,249,0.4859437751004016,1.2809288111912498,7.786262745851751,37,0.21285140562248997,0.6421565985124026,0.8333333333333334,-5.461237127427143,485,0.49690721649484537,1.3980695897745226,19.35377252485972,35,0.41237113402061853,0.2583475647229785,0.9166666666666666,-2.4266155639379843,192,0.5208333333333334,1.3270795182555115,6.159290881131906,34,0.5364583333333334,0.7943434839808761,0.8,-2.3252089750879055
QQQ,"d80,cons_m3allc30,d80_front",2,time_asc,-999999.0,5.5855483368385075,True,True,False,251,0.47808764940239046,1.3068097410124122,8.486228231453364,39,0.21912350597609562,0.5891899043520884,0.8333333333333334,-5.461237127427143,486,0.4897119341563786,1.3544762574430247,17.847088532752952,36,0.4094650205761317,0.28015774062105464,0.6666666666666666,-2.2093309650246304,192,0.5,1.2444120137563273,4.66252481985554,34,0.5885416666666666,0.9393219407066751,0.8,-2.3205952482487184
QQQ,"d80,cons_m3allc30,d80_front",2,time_asc,0.0,-9.999999999999997e+17,False,True,False,249,0.4738955823293173,1.2725310110675125,7.694691060880216,37,0.20883534136546184,0.6497986677359905,0.8333333333333334,-5.461237127427143,485,0.49072164948453606,1.3636659915562286,18.39290957860569,35,0.40824742268041236,0.27184388520106206,0.75,-2.2093309650246304,192,0.515625,1.2743510147020403,5.391522463366461,34,0.5260416666666666,0.9074602972747382,0.8,-2.416520054219451
QQQ,"d80_front,d80,cons_m3allc30",2,time_asc,-999999.0,5.606684960503208,True,True,False,251,0.4900398406374502,1.3160395981488435,8.577799916424897,39,0.22310756972111553,0.5829000499797071,0.8333333333333334,-5.461237127427143,486,0.4897119341563786,1.3435009854306308,16.67432703047082,36,0.4176954732510288,0.29986217679807725,0.75,-2.426615563937986,192,0.5,1.2559154985211938,4.653254467886319,34,0.6041666666666666,0.9411932858185444,0.6,-2.366161416940497
QQQ,"d80_front,d80,cons_m3allc30",2,time_asc,0.0,-9.999999999999997e+17,False,True,False,249,0.4859437751004016,1.2809288111912498,7.78626274585175,37,0.21285140562248997,0.6421565985124027,0.8333333333333334,-5.461237127427143,485,0.49072164948453606,1.3558664136102974,17.319840917016872,35,0.41649484536082476,0.28868625433432604,0.9166666666666666,-2.4266155639379843,192,0.515625,1.2869280433371337,5.382252111397239,34,0.5416666666666666,0.909023300303901,0.8,-2.3252089750879055
QQQ,"d80_front,cons_m3allc30,d80",2,time_asc,-999999.0,-9.999999999999997e+17,False,True,False,251,0.4820717131474104,1.2475406069006898,7.015598304398154,39,0.21912350597609562,0.7126975894365911,0.8333333333333334,-5.566839283307647,486,0.48559670781893005,1.3223111611072744,15.917644119388047,36,0.4094650205761317,0.31411683553786,0.6666666666666666,-2.426615563937985,192,0.484375,1.1530075219026479,2.9599346713351657,34,0.578125,1.5606621583577318,0.6,-3.4178739547486896
QQQ,"d80_front,cons_m3allc30,d80",2,time_asc,0.0,-9.999999999999997e+17,False,True,False,249,0.4738955823293173,1.1953184574047335,5.6564853785128255,37,0.20883534136546184,0.8839411163323072,0.8333333333333334,-5.629571957270443,485,0.4865979381443299,1.3345203329753594,16.563158005934103,35,0.40824742268041236,0.3018747993715114,0.9166666666666666,-2.426615563937986,192,0.5,1.1901501510282357,3.745806534071622,34,0.5260416666666666,1.2650161402609865,0.8,-3.438965729626335
QQQ,"cons_m3allc30,d80,d80_front",2,time_asc,-999999.0,-9.999999999999997e+17,False,True,False,251,0.47808764940239046,1.2689991880476494,7.693469275455818,39,0.21912350597609562,0.649901861043536,0.8333333333333334,-5.566839283307647,486,0.48559670781893005,1.3505002669126978,18.069637092864923,36,0.4074074074074074,0.276707272774965,0.75,-2.2500989727380194,192,0.5052083333333334,1.1353883712212276,2.7670649221332333,34,0.5729166666666666,1.5734762698296525,0.6,-2.5219598747529846
QQQ,"cons_m3allc30,d80,d80_front",2,time_asc,0.0,-9.999999999999997e+17,False,True,False,249,0.46987951807228917,1.2167855095262723,6.3343563495704895,37,0.20883534136546184,0.789346182006169,0.8333333333333334,-5.629571957270443,485,0.4865979381443299,1.3629749616291151,18.747269282366034,35,0.4061855670103093,0.2667055091966421,0.8333333333333334,-2.2500989727380194,192,0.5260416666666666,1.2124196472393811,4.3529367848696925,34,0.515625,1.0885767375180286,0.6,-2.410358386492647
QQQ,"cons_m3allc30,d80_front,d80",2,time_asc,-999999.0,-9.999999999999997e+17,False,True,False,251,0.47808764940239046,1.2560824341789478,7.324045673292844,39,0.21912350597609562,0.6826827989662211,0.8333333333333334,-5.566839283307647,486,0.48148148148148145,1.3025520281217824,15.715385263929534,36,0.4074074074074074,0.3181595561310332,0.6666666666666666,-2.737027233839868,192,0.5104166666666666,1.1539705262262934,3.1006554901872962,34,0.5677083333333334,1.48983272968671,0.6,-3.1959943572745564
QQQ,"cons_m3allc30,d80_front,d80",2,time_asc,0.0,-9.999999999999997e+17,False,True,False,249,0.46987951807228917,1.2041424437740023,5.964932747407516,37,0.20883534136546184,0.8382324179888038,0.8333333333333334,-5.629571957270443,485,0.4824742268041237,1.3150211058017909,16.393017453430637,35,0.4061855670103093,0.3050079104840841,0.75,-2.365042089927492,192,0.5260416666666666,1.1896592599653346,3.8865273529237534,34,0.515625,1.2192132702555118,0.6,-3.2170861321522004
QQQ,"d80,d80_front,cons_m3s2c30",2,time_asc,-999999.0,5.606684960503208,True,True,False,251,0.4900398406374502,1.3160395981488433,8.577799916424897,39,0.22310756972111553,0.5829000499797071,0.8333333333333334,-5.461237127427143,486,0.49588477366255146,1.3858020085205247,18.708258638313666,36,0.41358024691358025,0.26726164613526493,0.75,-2.426615563937986,192,0.5052083333333334,1.297456513203697,5.430293237620985,34,0.5989583333333334,0.8065147996130054,1.0,-2.366161416940497
QQQ,"d80,d80_front,cons_m3s2c30",2,time_asc,0.0,-9.999999999999997e+17,False,True,True,249,0.4859437751004016,1.2809288111912498,7.786262745851751,37,0.21285140562248997,0.6421565985124026,0.8333333333333334,-5.461237127427143,485,0.49690721649484537,1.3980695897745226,19.35377252485972,35,0.41237113402061853,0.2583475647229785,0.9166666666666666,-2.4266155639379843,192,0.5208333333333334,1.3270795182555115,6.159290881131906,34,0.5364583333333334,0.7943434839808761,0.8,-2.3252089750879055
QQQ,"d80,cons_m3s2c30,d80_front",2,time_asc,-999999.0,5.5855483368385075,True,True,False,251,0.47808764940239046,1.3068097410124122,8.486228231453364,39,0.21912350597609562,0.5891899043520884,0.8333333333333334,-5.461237127427143,486,0.4897119341563786,1.3544762574430247,17.847088532752952,36,0.4094650205761317,0.28015774062105464,0.6666666666666666,-2.2093309650246304,192,0.5,1.2444120137563273,4.66252481985554,34,0.5885416666666666,0.9393219407066751,0.8,-2.3205952482487184
QQQ,"d80,cons_m3s2c30,d80_front",2,time_asc,0.0,-9.999999999999997e+17,False,True,False,249,0.4738955823293173,1.2725310110675125,7.694691060880216,37,0.20883534136546184,0.6497986677359905,0.8333333333333334,-5.461237127427143,485,0.49072164948453606,1.3636659915562286,18.39290957860569,35,0.40824742268041236,0.27184388520106206,0.75,-2.2093309650246304,192,0.515625,1.2743510147020403,5.391522463366461,34,0.5260416666666666,0.9074602972747382,0.8,-2.416520054219451
QQQ,"d80_front,d80,cons_m3s2c30",2,time_asc,-999999.0,5.606684960503208,True,True,False,251,0.4900398406374502,1.3160395981488435,8.577799916424897,39,0.22310756972111553,0.5829000499797071,0.8333333333333334,-5.461237127427143,486,0.4897119341563786,1.3435009854306308,16.67432703047082,36,0.4176954732510288,0.29986217679807725,0.75,-2.426615563937986,192,0.5,1.2559154985211938,4.653254467886319,34,0.6041666666666666,0.9411932858185444,0.6,-2.366161416940497
QQQ,"d80_front,d80,cons_m3s2c30",2,time_asc,0.0,-9.999999999999997e+17,False,True,False,249,0.4859437751004016,1.2809288111912498,7.78626274585175,37,0.21285140562248997,0.6421565985124027,0.8333333333333334,-5.461237127427143,485,0.49072164948453606,1.3558664136102974,17.319840917016872,35,0.41649484536082476,0.28868625433432604,0.9166666666666666,-2.4266155639379843,192,0.515625,1.2869280433371337,5.382252111397239,34,0.5416666666666666,0.909023300303901,0.8,-2.3252089750879055
QQQ,"d80_front,cons_m3s2c30,d80",2,time_asc,-999999.0,-9.999999999999997e+17,False,True,False,251,0.4820717131474104,1.2475406069006898,7.015598304398154,39,0.21912350597609562,0.7126975894365911,0.8333333333333334,-5.566839283307647,486,0.48559670781893005,1.3223111611072744,15.917644119388047,36,0.4094650205761317,0.31411683553786,0.6666666666666666,-2.426615563937985,192,0.484375,1.1530075219026479,2.9599346713351657,34,0.578125,1.5606621583577318,0.6,-3.4178739547486896
QQQ,"d80_front,cons_m3s2c30,d80",2,time_asc,0.0,-9.999999999999997e+17,False,True,False,249,0.4738955823293173,1.1953184574047335,5.6564853785128255,37,0.20883534136546184,0.8839411163323072,0.8333333333333334,-5.629571957270443,485,0.4865979381443299,1.3345203329753594,16.563158005934103,35,0.40824742268041236,0.3018747993715114,0.9166666666666666,-2.426615563937986,192,0.5,1.1901501510282357,3.745806534071622,34,0.5260416666666666,1.2650161402609865,0.8,-3.438965729626335
QQQ,"cons_m3s2c30,d80,d80_front",2,time_asc,-999999.0,-9.999999999999997e+17,False,True,False,251,0.47808764940239046,1.2689991880476494,7.693469275455818,39,0.21912350597609562,0.649901861043536,0.8333333333333334,-5.566839283307647,486,0.48559670781893005,1.3505002669126978,18.069637092864923,36,0.4074074074074074,0.276707272774965,0.75,-2.2500989727380194,192,0.5052083333333334,1.1353883712212276,2.7670649221332333,34,0.5729166666666666,1.5734762698296525,0.6,-2.5219598747529846
QQQ,"cons_m3s2c30,d80,d80_front",2,time_asc,0.0,-9.999999999999997e+17,False,True,False,249,0.46987951807228917,1.2167855095262723,6.3343563495704895,37,0.20883534136546184,0.789346182006169,0.8333333333333334,-5.629571957270443,485,0.4865979381443299,1.3629749616291151,18.747269282366034,35,0.4061855670103093,0.2667055091966421,0.8333333333333334,-2.2500989727380194,192,0.5260416666666666,1.2124196472393811,4.3529367848696925,34,0.515625,1.0885767375180286,0.6,-2.410358386492647
QQQ,"cons_m3s2c30,d80_front,d80",2,time_asc,-999999.0,-9.999999999999997e+17,False,True,False,251,0.47808764940239046,1.2560824341789478,7.324045673292844,39,0.21912350597609562,0.6826827989662211,0.8333333333333334,-5.566839283307647,486,0.48148148148148145,1.3025520281217824,15.715385263929534,36,0.4074074074074074,0.3181595561310332,0.6666666666666666,-2.737027233839868,192,0.5104166666666666,1.1539705262262934,3.1006554901872962,34,0.5677083333333334,1.48983272968671,0.6,-3.1959943572745564
QQQ,"cons_m3s2c30,d80_front,d80",2,time_asc,0.0,-9.999999999999997e+17,False,True,False,249,0.46987951807228917,1.2041424437740023,5.964932747407516,37,0.20883534136546184,0.8382324179888038,0.8333333333333334,-5.629571957270443,485,0.4824742268041237,1.3150211058017909,16.393017453430637,35,0.4061855670103093,0.3050079104840841,0.75,-2.365042089927492,192,0.5260416666666666,1.1896592599653346,3.8865273529237534,34,0.515625,1.2192132702555118,0.6,-3.2170861321522004
QQQ,"d80,d80_zero,cons_m2s1c45",2,time_asc,-999999.0,-9.999999999999997e+17,False,False,False,233,0.4334763948497854,1.0878793045598454,2.8066397066187125,28,0.21030042918454936,1.7814897965737573,0.6666666666666666,-5.065786205296441,453,0.47019867549668876,1.182071902133849,10.315343599131266,32,0.37969094922737306,0.4847148281537697,0.75,-4.388363828361179,191,0.44502617801047123,1.049409424642188,1.2147281524481004,34,0.5497382198952879,4.116147295938814,0.6,-2.9745113706845574
QQQ,"d80,d80_zero,cons_m2s1c45",2,time_asc,0.0,-9.999999999999997e+17,False,False,False,229,0.43231441048034935,1.0652129368107965,2.1137713166968632,28,0.2052401746724891,2.3654403674156073,0.6666666666666666,-5.065786205296442,427,0.48243559718969553,1.2731705071435522,14.092017971087573,29,0.3747072599531616,0.3548107879409777,0.6666666666666666,-4.318381527472557,183,0.4972677595628415,1.2963227753936513,6.196185021931436,34,0.5300546448087432,0.8069481434628676,0.6,-2.8627422989427487
QQQ,"d80,cons_m2s1c45,d80_zero",2,time_asc,-999999.0,-9.999999999999997e+17,False,False,False,233,0.4334763948497854,1.0827163590677142,2.6417484629533132,28,0.21030042918454936,1.892685874570475,0.6666666666666666,-5.065786205296442,453,0.47019867549668876,1.1781257888045455,10.12557748684808,32,0.37969094922737306,0.49379899630360885,0.75,-4.388363828361179,191,0.45549738219895286,1.1012087885085116,2.435976902215394,34,0.5445026178010471,2.052564618101576,0.6,-3.0507204995850294
QQQ,"d80,cons_m2s1c45,d80_zero",2,time_asc,0.0,-9.999999999999997e+17,False,False,False,229,0.43231441048034935,1.060125800766861,1.9488800730314644,28,0.2052401746724891,2.5655760296335464,0.6666666666666666,-5.065786205296443,427,0.48243559718969553,1.2665117002535433,13.82079492235713,29,0.3747072599531616,0.3617736916066802,0.6666666666666666,-4.31838152747256,183,0.4972677595628415,1.2963227753936513,6.196185021931436,34,0.5300546448087432,0.8069481434628676,0.6,-2.8627422989427487
QQQ,"d80_zero,d80,cons_m2s1c45",2,time_asc,-999999.0,-9.999999999999997e+17,False,False,False,233,0.4334763948497854,1.0878793045598454,2.806639706618712,28,0.21030042918454936,1.7814897965737575,0.6666666666666666,-5.065786205296441,453,0.46799116997792495,1.171824329980659,9.786311321715397,32,0.37748344370860926,0.5109177335187793,0.75,-4.388363828361179,191,0.450261780104712,1.084036815074263,2.071643171227194,34,0.5392670157068062,2.4135430606218318,0.6,-2.9745113706845574
QQQ,"d80_zero,d80,cons_m2s1c45",2,time_asc,0.0,-9.999999999999997e+17,False,False,True,229,0.43231441048034935,1.0652129368107965,2.1137713166968632,28,0.2052401746724891,2.3654403674156073,0.6666666666666666,-5.065786205296442,427,0.48009367681498827,1.2613952131621804,13.562985693671706,29,0.37236533957845436,0.3686503925409969,0.6666666666666666,-4.318381527472557,183,0.5081967213114754,1.3536300555278435,7.283739524538912,34,0.5355191256830601,0.6864605719568917,0.6,-2.349546685735098
QQQ,"d80_zero,cons_m2s1c45,d80",2,time_asc,-999999.0,-9.999999999999997e+17,False,False,False,233,0.44206008583690987,1.0958865673290419,3.0717011703415324,28,0.2145922746781116,1.6277625077194817,0.8333333333333334,-5.171388361176946,453,0.46578366445916114,1.1704153369992265,9.900625780840738,32,0.37748344370860926,0.5050185827319909,0.6666666666666666,-4.9260645836306,191,0.47643979057591623,1.1253620135890836,3.0962559999483448,34,0.5392670157068062,1.6148535521880025,0.6,-2.4675412041846414
QQQ,"d80_zero,cons_m2s1c45,d80",2,time_asc,0.0,-9.999999999999997e+17,False,False,True,229,0.4366812227074236,1.0566039368320095,1.841064703272315,28,0.2096069868995633,2.715819813998379,0.8333333333333334,-5.1713883611769464,427,0.477751756440281,1.2592183019976244,13.731491454646594,29,0.37236533957845436,0.36412650559586895,0.6666666666666666,-4.722555787240065,183,0.5245901639344263,1.3394163918502526,7.161512651095551,34,0.5300546448087432,0.6981765226980521,0.6,-2.173797724502999
QQQ,"cons_m2s1c45,d80,d80_zero",2,time_asc,-999999.0,-9.999999999999997e+17,False,False,False,233,0.4334763948497854,1.0585602242796763,1.9231284563680784,28,0.21030042918454936,2.5999303288573574,0.6666666666666666,-5.171388361176947,453,0.47019867549668876,1.1967285622335602,11.363911462533128,32,0.37969094922737306,0.439989348428578,0.5833333333333334,-4.9260645836306,191,0.4712041884816754,1.060295907662572,1.4919434827728955,34,0.5392670157068062,3.3024597202573314,0.6,-3.0800077318232795
QQQ,"cons_m2s1c45,d80,d80_zero",2,time_asc,0.0,-9.999999999999997e+17,False,False,False,229,0.4279475982532751,1.0207763224390194,0.6924919892988612,28,0.2052401746724891,7.220300129482267,0.6666666666666666,-5.171388361176948,427,0.48243559718969553,1.2885602224843207,15.19094004169055,29,0.3747072599531616,0.32914355440004534,0.6666666666666666,-4.722555787240083,183,0.5081967213114754,1.211208069401496,4.6464697394149415,34,0.5191256830601093,1.0299959445132327,0.6,-2.3429139898601585
QQQ,"cons_m2s1c45,d80_zero,d80",2,time_asc,-999999.0,-9.999999999999997e+17,False,False,False,233,0.43776824034334766,1.0836851007508215,2.7231284563680784,28,0.2145922746781116,1.8361234440877814,0.8333333333333334,-5.1713883611769464,453,0.46799116997792495,1.1866010032662284,10.834879185117261,32,0.37748344370860926,0.46147261216054686,0.5833333333333334,-4.9260645836306,191,0.47643979057591623,1.0788155987004269,1.9532395246157002,34,0.5392670157068062,2.5225187155309734,0.6,-3.0675453229380722
QQQ,"cons_m2s1c45,d80_zero,d80",2,time_asc,0.0,-9.999999999999997e+17,False,False,False,229,0.43231441048034935,1.0451848218015303,1.4924919892988615,28,0.2096069868995633,3.350101733108052,0.8333333333333334,-5.171388361176947,427,0.48009367681498827,1.276932817608359,14.66190776427468,29,0.37236533957845436,0.3410197417953371,0.6666666666666666,-4.722555787240074,183,0.5081967213114754,1.211208069401496,4.6464697394149415,34,0.5191256830601093,1.0299959445132327,0.6,-2.3429139898601585
QQQ,"d80,d80_zero,cons_m2s2c30",2,time_asc,-999999.0,-9.999999999999997e+17,False,False,False,245,0.45714285714285713,1.162924194364111,5.246259657211117,38,0.2163265306122449,0.9530599563686051,0.6666666666666666,-5.461237127427143,476,0.46638655462184875,1.182258234986996,10.99620639258144,32,0.38865546218487396,0.45470226926381047,0.5833333333333334,-3.491744638904318,191,0.44502617801047123,1.049409424642188,1.2147281524481004,34,0.5497382198952879,4.116147295938814,0.6,-2.9745113706845574
QQQ,"d80,d80_zero,cons_m2s2c30",2,time_asc,0.0,-9.999999999999997e+17,False,False,True,243,0.45267489711934156,1.1359173778827278,4.454722486637972,37,0.205761316872428,1.1224043731113664,0.6666666666666666,-5.461237127427143,466,0.48068669527896996,1.2844115975238595,15.994671949330664,29,0.38626609442060084,0.3126040981546506,0.6666666666666666,-3.5445018469844047,188,0.526595744680851,1.4391561453586035,8.905226665281612,34,0.5212765957446809,0.5614680218633025,0.8,-1.8210073078131357
QQQ,"d80,cons_m2s2c30,d80_zero",2,time_asc,-999999.0,-9.999999999999997e+17,False,False,False,245,0.45714285714285713,1.1578034464813876,5.081368413545718,38,0.2163265306122449,0.983986909248932,0.6666666666666666,-5.461237127427143,476,0.46638655462184875,1.1785513301232495,10.806440280298254,32,0.38865546218487396,0.4626870523789173,0.5833333333333334,-3.4917446389043185,191,0.46596858638743455,1.1201433118630026,2.8487452475977815,34,0.5445026178010471,1.7551586981027085,0.6,-2.637952154202644
QQQ,"d80,cons_m2s2c30,d80_zero",2,time_asc,0.0,-9.999999999999997e+17,False,False,True,243,0.45267489711934156,1.1308864055736676,4.289831242972573,37,0.205761316872428,1.1655470149765905,0.6666666666666666,-5.461237127427142,466,0.48068669527896996,1.2782468783330077,15.723448900600223,29,0.38626609442060084,0.31799639071610625,0.6666666666666666,-3.5445018469844047,188,0.526595744680851,1.4391561453586035,8.905226665281614,34,0.5212765957446809,0.5614680218633024,0.8,-1.8210073078131357
QQQ,"d80_zero,d80,cons_m2s2c30",2,time_asc,-999999.0,-9.999999999999997e+17,False,False,False,245,0.45714285714285713,1.162924194364111,5.246259657211117,38,0.2163265306122449,0.9530599563686051,0.6666666666666666,-5.461237127427143,476,0.4642857142857143,1.1726313210028045,10.467174115165571,32,0.3865546218487395,0.47768384713842216,0.5833333333333334,-3.491744638904318,191,0.450261780104712,1.084036815074263,2.071643171227194,34,0.5392670157068062,2.4135430606218318,0.6,-2.9745113706845574
QQQ,"d80_zero,d80,cons_m2s2c30",2,time_asc,0.0,-9.999999999999997e+17,False,False,True,243,0.45267489711934156,1.1359173778827278,4.45472248663797,37,0.205761316872428,1.1224043731113669,0.6666666666666666,-5.461237127427143,466,0.47854077253218885,1.2735453069842047,15.465639671914797,29,0.38412017167381973,0.32329732918062687,0.6666666666666666,-3.5445018469844047,188,0.5372340425531915,1.5005188160432037,9.992781167889088,34,0.526595744680851,0.5003612023514589,0.8,-1.6087184555198633
QQQ,"d80_zero,cons_m2s2c30,d80",2,time_asc,-999999.0,-9.999999999999997e+17,False,False,False,245,0.46530612244897956,1.1765214628869978,5.696014411671776,38,0.22040816326530613,0.8778067677909024,0.8333333333333334,-5.566839283307647,476,0.4642857142857143,1.198670155502723,12.144720829314206,32,0.38445378151260506,0.41170151790820064,0.5833333333333334,-3.304973488531212,191,0.47643979057591623,1.1362854150089003,3.3336891549035994,34,0.5392670157068062,1.4998398973837697,0.6,-2.4790985327554473
QQQ,"d80_zero,cons_m2s2c30,d80",2,time_asc,0.0,-9.999999999999997e+17,False,False,True,243,0.4567901234567901,1.131871889824918,4.336901485786447,37,0.20987654320987653,1.152896835767831,0.8333333333333334,-5.566839283307647,466,0.47854077253218885,1.2944759431263395,16.77889067363399,29,0.38412017167381973,0.2979934786664353,0.75,-3.2522812528565916,188,0.5531914893617021,1.5001356163499304,10.111884529898695,34,0.5212765957446809,0.49446767170017236,1.0,-1.6681989690553998
QQQ,"cons_m2s2c30,d80,d80_zero",2,time_asc,-999999.0,-9.999999999999997e+17,False,False,False,245,0.45714285714285713,1.1374947923782115,4.5474416976983205,38,0.2163265306122449,1.0995193192978683,0.6666666666666666,-5.566839283307647,476,0.46638655462184875,1.2140674057258205,13.078974233590733,32,0.38445378151260506,0.3822929773161032,0.5833333333333334,-3.3049734885312123,191,0.49214659685863876,1.1549941779858335,3.6622831858628233,34,0.5392670157068062,1.3652685350223714,0.6,-2.2873019196476063
QQQ,"cons_m2s2c30,d80,d80_zero",2,time_asc,0.0,-9.999999999999997e+17,False,True,True,243,0.448559670781893,1.0946297286901183,3.1883287718129925,37,0.205761316872428,1.5682197031257945,0.6666666666666666,-5.566839283307648,466,0.48068669527896996,1.310962155250585,17.709306983262078,29,0.38412017167381973,0.2823374175356349,0.75,-3.2522812528565916,188,0.5425531914893617,1.4033397341646845,8.396841618218087,34,0.5159574468085106,0.5954619876540034,0.8,-1.7128214825746149
QQQ,"cons_m2s2c30,d80_zero,d80",2,time_asc,-999999.0,-9.999999999999997e+17,False,False,False,245,0.46122448979591835,1.1631633051579535,5.34744169769832,38,0.22040816326530613,0.9350265571202266,0.8333333333333334,-5.566839283307647,476,0.46638655462184875,1.2140674057258207,13.078974233590733,32,0.38445378151260506,0.3822929773161032,0.5833333333333334,-3.3049734885312123,191,0.49214659685863876,1.1424787242230727,3.403441024953341,34,0.5445026178010471,1.4691014074699726,0.6,-2.4790985327554473
QQQ,"cons_m2s2c30,d80_zero,d80",2,time_asc,0.0,-9.999999999999997e+17,False,True,True,243,0.45267489711934156,1.119437232079195,3.9883287718129923,37,0.20987654320987653,1.2536579319480545,0.8333333333333334,-5.566839283307647,466,0.48068669527896996,1.310962155250585,17.709306983262074,29,0.38412017167381973,0.28233741753563496,0.75,-3.2522812528565916,188,0.5425531914893617,1.4033397341646845,8.396841618218087,34,0.5159574468085106,0.5954619876540034,0.8,-1.7128214825746149
QQQ,"d80,d80_zero,cons_m3allc30",2,time_asc,-999999.0,-9.999999999999997e+17,False,False,False,245,0.45714285714285713,1.162924194364111,5.246259657211117,38,0.2163265306122449,0.9530599563686051,0.6666666666666666,-5.461237127427143,476,0.46638655462184875,1.182258234986996,10.99620639258144,32,0.38865546218487396,0.45470226926381047,0.5833333333333334,-3.491744638904318,191,0.44502617801047123,1.049409424642188,1.2147281524481004,34,0.5497382198952879,4.116147295938814,0.6,-2.9745113706845574
QQQ,"d80,d80_zero,cons_m3allc30",2,time_asc,0.0,-9.999999999999997e+17,False,False,True,243,0.45267489711934156,1.1359173778827278,4.454722486637972,37,0.205761316872428,1.1224043731113664,0.6666666666666666,-5.461237127427143,466,0.48068669527896996,1.2844115975238595,15.994671949330664,29,0.38626609442060084,0.3126040981546506,0.6666666666666666,-3.5445018469844047,188,0.526595744680851,1.4391561453586035,8.905226665281612,34,0.5212765957446809,0.5614680218633025,0.8,-1.8210073078131357
QQQ,"d80,cons_m3allc30,d80_zero",2,time_asc,-999999.0,-9.999999999999997e+17,False,False,False,245,0.45714285714285713,1.1578034464813876,5.081368413545718,38,0.2163265306122449,0.983986909248932,0.6666666666666666,-5.461237127427143,476,0.46638655462184875,1.1785513301232495,10.806440280298254,32,0.38865546218487396,0.4626870523789173,0.5833333333333334,-3.4917446389043185,191,0.46596858638743455,1.1201433118630026,2.8487452475977815,34,0.5445026178010471,1.7551586981027085,0.6,-2.637952154202644
QQQ,"d80,cons_m3allc30,d80_zero",2,time_asc,0.0,-9.999999999999997e+17,False,False,True,243,0.45267489711934156,1.1308864055736676,4.289831242972573,37,0.205761316872428,1.1655470149765905,0.6666666666666666,-5.461237127427142,466,0.48068669527896996,1.2782468783330077,15.723448900600223,29,0.38626609442060084,0.31799639071610625,0.6666666666666666,-3.5445018469844047,188,0.526595744680851,1.4391561453586035,8.905226665281614,34,0.5212765957446809,0.5614680218633024,0.8,-1.8210073078131357
QQQ,"d80_zero,d80,cons_m3allc30",2,time_asc,-999999.0,-9.999999999999997e+17,False,False,False,245,0.45714285714285713,1.162924194364111,5.246259657211117,38,0.2163265306122449,0.9530599563686051,0.6666666666666666,-5.461237127427143,476,0.4642857142857143,1.1726313210028045,10.467174115165571,32,0.3865546218487395,0.47768384713842216,0.5833333333333334,-3.491744638904318,191,0.450261780104712,1.084036815074263,2.071643171227194,34,0.5392670157068062,2.4135430606218318,0.6,-2.9745113706845574
QQQ,"d80_zero,d80,cons_m3allc30",2,time_asc,0.0,-9.999999999999997e+17,False,False,True,243,0.45267489711934156,1.1359173778827278,4.45472248663797,37,0.205761316872428,1.1224043731113669,0.6666666666666666,-5.461237127427143,466,0.47854077253218885,1.2735453069842047,15.465639671914797,29,0.38412017167381973,0.32329732918062687,0.6666666666666666,-3.5445018469844047,188,0.5372340425531915,1.5005188160432037,9.992781167889088,34,0.526595744680851,0.5003612023514589,0.8,-1.6087184555198633
QQQ,"d80_zero,cons_m3allc30,d80",2,time_asc,-999999.0,-9.999999999999997e+17,False,False,False,245,0.46530612244897956,1.1765214628869978,5.696014411671776,38,0.22040816326530613,0.8778067677909024,0.8333333333333334,-5.566839283307647,476,0.4642857142857143,1.198670155502723,12.144720829314206,32,0.38445378151260506,0.41170151790820064,0.5833333333333334,-3.304973488531212,191,0.47643979057591623,1.1362854150089003,3.3336891549035994,34,0.5392670157068062,1.4998398973837697,0.6,-2.4790985327554473
QQQ,"d80_zero,cons_m3allc30,d80",2,time_asc,0.0,-9.999999999999997e+17,False,False,True,243,0.4567901234567901,1.131871889824918,4.336901485786447,37,0.20987654320987653,1.152896835767831,0.8333333333333334,-5.566839283307647,466,0.47854077253218885,1.2944759431263395,16.77889067363399,29,0.38412017167381973,0.2979934786664353,0.75,-3.2522812528565916,188,0.5531914893617021,1.5001356163499304,10.111884529898695,34,0.5212765957446809,0.49446767170017236,1.0,-1.6681989690553998
QQQ,"cons_m3allc30,d80,d80_zero",2,time_asc,-999999.0,-9.999999999999997e+17,False,False,False,245,0.45714285714285713,1.1374947923782115,4.5474416976983205,38,0.2163265306122449,1.0995193192978683,0.6666666666666666,-5.566839283307647,476,0.46638655462184875,1.2140674057258205,13.078974233590733,32,0.38445378151260506,0.3822929773161032,0.5833333333333334,-3.3049734885312123,191,0.49214659685863876,1.1549941779858335,3.6622831858628233,34,0.5392670157068062,1.3652685350223714,0.6,-2.2873019196476063
QQQ,"cons_m3allc30,d80,d80_zero",2,time_asc,0.0,-9.999999999999997e+17,False,True,True,243,0.448559670781893,1.0946297286901183,3.1883287718129925,37,0.205761316872428,1.5682197031257945,0.6666666666666666,-5.566839283307648,466,0.48068669527896996,1.310962155250585,17.709306983262078,29,0.38412017167381973,0.2823374175356349,0.75,-3.2522812528565916,188,0.5425531914893617,1.4033397341646845,8.396841618218087,34,0.5159574468085106,0.5954619876540034,0.8,-1.7128214825746149
QQQ,"cons_m3allc30,d80_zero,d80",2,time_asc,-999999.0,-9.999999999999997e+17,False,False,False,245,0.46122448979591835,1.1631633051579535,5.34744169769832,38,0.22040816326530613,0.9350265571202266,0.8333333333333334,-5.566839283307647,476,0.46638655462184875,1.2140674057258207,13.078974233590733,32,0.38445378151260506,0.3822929773161032,0.5833333333333334,-3.3049734885312123,191,0.49214659685863876,1.1424787242230727,3.403441024953341,34,0.5445026178010471,1.4691014074699726,0.6,-2.4790985327554473
QQQ,"cons_m3allc30,d80_zero,d80",2,time_asc,0.0,-9.999999999999997e+17,False,True,True,243,0.45267489711934156,1.119437232079195,3.9883287718129923,37,0.20987654320987653,1.2536579319480545,0.8333333333333334,-5.566839283307647,466,0.48068669527896996,1.310962155250585,17.709306983262074,29,0.38412017167381973,0.28233741753563496,0.75,-3.2522812528565916,188,0.5425531914893617,1.4033397341646845,8.396841618218087,34,0.5159574468085106,0.5954619876540034,0.8,-1.7128214825746149
QQQ,"d80,d80_zero,cons_m3s2c30",2,time_asc,-999999.0,-9.999999999999997e+17,False,False,False,245,0.45714285714285713,1.162924194364111,5.246259657211117,38,0.2163265306122449,0.9530599563686051,0.6666666666666666,-5.461237127427143,476,0.46638655462184875,1.182258234986996,10.99620639258144,32,0.38865546218487396,0.45470226926381047,0.5833333333333334,-3.491744638904318,191,0.44502617801047123,1.049409424642188,1.2147281524481004,34,0.5497382198952879,4.116147295938814,0.6,-2.9745113706845574
QQQ,"d80,d80_zero,cons_m3s2c30",2,time_asc,0.0,-9.999999999999997e+17,False,False,True,243,0.45267489711934156,1.1359173778827278,4.454722486637972,37,0.205761316872428,1.1224043731113664,0.6666666666666666,-5.461237127427143,466,0.48068669527896996,1.2844115975238595,15.994671949330664,29,0.38626609442060084,0.3126040981546506,0.6666666666666666,-3.5445018469844047,188,0.526595744680851,1.4391561453586035,8.905226665281612,34,0.5212765957446809,0.5614680218633025,0.8,-1.8210073078131357
QQQ,"d80,cons_m3s2c30,d80_zero",2,time_asc,-999999.0,-9.999999999999997e+17,False,False,False,245,0.45714285714285713,1.1578034464813876,5.081368413545718,38,0.2163265306122449,0.983986909248932,0.6666666666666666,-5.461237127427143,476,0.46638655462184875,1.1785513301232495,10.806440280298254,32,0.38865546218487396,0.4626870523789173,0.5833333333333334,-3.4917446389043185,191,0.46596858638743455,1.1201433118630026,2.8487452475977815,34,0.5445026178010471,1.7551586981027085,0.6,-2.637952154202644
QQQ,"d80,cons_m3s2c30,d80_zero",2,time_asc,0.0,-9.999999999999997e+17,False,False,True,243,0.45267489711934156,1.1308864055736676,4.289831242972573,37,0.205761316872428,1.1655470149765905,0.6666666666666666,-5.461237127427142,466,0.48068669527896996,1.2782468783330077,15.723448900600223,29,0.38626609442060084,0.31799639071610625,0.6666666666666666,-3.5445018469844047,188,0.526595744680851,1.4391561453586035,8.905226665281614,34,0.5212765957446809,0.5614680218633024,0.8,-1.8210073078131357
QQQ,"d80_zero,d80,cons_m3s2c30",2,time_asc,-999999.0,-9.999999999999997e+17,False,False,False,245,0.45714285714285713,1.162924194364111,5.246259657211117,38,0.2163265306122449,0.9530599563686051,0.6666666666666666,-5.461237127427143,476,0.4642857142857143,1.1726313210028045,10.467174115165571,32,0.3865546218487395,0.47768384713842216,0.5833333333333334,-3.491744638904318,191,0.450261780104712,1.084036815074263,2.071643171227194,34,0.5392670157068062,2.4135430606218318,0.6,-2.9745113706845574
QQQ,"d80_zero,d80,cons_m3s2c30",2,time_asc,0.0,-9.999999999999997e+17,False,False,True,243,0.45267489711934156,1.1359173778827278,4.45472248663797,37,0.205761316872428,1.1224043731113669,0.6666666666666666,-5.461237127427143,466,0.47854077253218885,1.2735453069842047,15.465639671914797,29,0.38412017167381973,0.32329732918062687,0.6666666666666666,-3.5445018469844047,188,0.5372340425531915,1.5005188160432037,9.992781167889088,34,0.526595744680851,0.5003612023514589,0.8,-1.6087184555198633
QQQ,"d80_zero,cons_m3s2c30,d80",2,time_asc,-999999.0,-9.999999999999997e+17,False,False,False,245,0.46530612244897956,1.1765214628869978,5.696014411671776,38,0.22040816326530613,0.8778067677909024,0.8333333333333334,-5.566839283307647,476,0.4642857142857143,1.198670155502723,12.144720829314206,32,0.38445378151260506,0.41170151790820064,0.5833333333333334,-3.304973488531212,191,0.47643979057591623,1.1362854150089003,3.3336891549035994,34,0.5392670157068062,1.4998398973837697,0.6,-2.4790985327554473
QQQ,"d80_zero,cons_m3s2c30,d80",2,time_asc,0.0,-9.999999999999997e+17,False,False,True,243,0.4567901234567901,1.131871889824918,4.336901485786447,37,0.20987654320987653,1.152896835767831,0.8333333333333334,-5.566839283307647,466,0.47854077253218885,1.2944759431263395,16.77889067363399,29,0.38412017167381973,0.2979934786664353,0.75,-3.2522812528565916,188,0.5531914893617021,1.5001356163499304,10.111884529898695,34,0.5212765957446809,0.49446767170017236,1.0,-1.6681989690553998
QQQ,"cons_m3s2c30,d80,d80_zero",2,time_asc,-999999.0,-9.999999999999997e+17,False,False,False,245,0.45714285714285713,1.1374947923782115,4.5474416976983205,38,0.2163265306122449,1.0995193192978683,0.6666666666666666,-5.566839283307647,476,0.46638655462184875,1.2140674057258205,13.078974233590733,32,0.38445378151260506,0.3822929773161032,0.5833333333333334,-3.3049734885312123,191,0.49214659685863876,1.1549941779858335,3.6622831858628233,34,0.5392670157068062,1.3652685350223714,0.6,-2.2873019196476063
QQQ,"cons_m3s2c30,d80,d80_zero",2,time_asc,0.0,-9.999999999999997e+17,False,True,True,243,0.448559670781893,1.0946297286901183,3.1883287718129925,37,0.205761316872428,1.5682197031257945,0.6666666666666666,-5.566839283307648,466,0.48068669527896996,1.310962155250585,17.709306983262078,29,0.38412017167381973,0.2823374175356349,0.75,-3.2522812528565916,188,0.5425531914893617,1.4033397341646845,8.396841618218087,34,0.5159574468085106,0.5954619876540034,0.8,-1.7128214825746149
QQQ,"cons_m3s2c30,d80_zero,d80",2,time_asc,-999999.0,-9.999999999999997e+17,False,False,False,245,0.46122448979591835,1.1631633051579535,5.34744169769832,38,0.22040816326530613,0.9350265571202266,0.8333333333333334,-5.566839283307647,476,0.46638655462184875,1.2140674057258207,13.078974233590733,32,0.38445378151260506,0.3822929773161032,0.5833333333333334,-3.3049734885312123,191,0.49214659685863876,1.1424787242230727,3.403441024953341,34,0.5445026178010471,1.4691014074699726,0.6,-2.4790985327554473
QQQ,"cons_m3s2c30,d80_zero,d80",2,time_asc,0.0,-9.999999999999997e+17,False,True,True,243,0.45267489711934156,1.119437232079195,3.9883287718129923,37,0.20987654320987653,1.2536579319480545,0.8333333333333334,-5.566839283307647,466,0.48068669527896996,1.310962155250585,17.709306983262074,29,0.38412017167381973,0.28233741753563496,0.75,-3.2522812528565916,188,0.5425531914893617,1.4033397341646845,8.396841618218087,34,0.5159574468085106,0.5954619876540034,0.8,-1.7128214825746149
QQQ,"d80,cons_m2s1c45,cons_m2s2c30",2,time_asc,-999999.0,5.624733346246464,True,False,False,245,0.4857142857142857,1.3035169969982332,9.029369948171592,38,0.2163265306122449,0.5537484928295,0.8333333333333334,-5.461237127427143,473,0.4714587737843552,1.1839215032546935,10.583476095890834,32,0.40169133192389006,0.4724345720345428,0.5833333333333334,-4.016148096693456,190,0.5052631578947369,1.2972444125834985,6.120140725285782,34,0.5631578947368421,0.8169746782687785,0.8,-1.8947133717501679
QQQ,"d80,cons_m2s1c45,cons_m2s2c30",2,time_asc,0.0,-9.999999999999997e+17,False,False,True,243,0.48148148148148145,1.2716627552760273,8.237832777598447,37,0.205761316872428,0.6069557534108669,0.8333333333333334,-5.461237127427143,463,0.47516198704103674,1.2133180008940683,12.006267562931786,29,0.38660907127429806,0.416449156558615,0.5,-4.016148096693454,188,0.5159574468085106,1.3227319804395459,6.527356374946256,34,0.5159574468085106,0.7660068966344997,0.8,-1.8210073078131361
QQQ,"d80,cons_m2s2c30,cons_m2s1c45",2,time_asc,-999999.0,5.624733346246464,True,False,False,245,0.4857142857142857,1.3035169969982332,9.029369948171592,38,0.2163265306122449,0.5537484928295,0.8333333333333334,-5.461237127427143,473,0.4714587737843552,1.1839215032546935,10.583476095890834,32,0.40169133192389006,0.4724345720345428,0.5833333333333334,-4.016148096693456,190,0.5052631578947369,1.2972444125834985,6.120140725285782,34,0.5631578947368421,0.8169746782687785,0.8,-1.8947133717501679
QQQ,"d80,cons_m2s2c30,cons_m2s1c45",2,time_asc,0.0,-9.999999999999997e+17,False,False,True,243,0.48148148148148145,1.2716627552760273,8.237832777598447,37,0.205761316872428,0.6069557534108669,0.8333333333333334,-5.461237127427143,463,0.47516198704103674,1.2133180008940683,12.006267562931786,29,0.38660907127429806,0.416449156558615,0.5,-4.016148096693454,188,0.5159574468085106,1.3227319804395459,6.527356374946256,34,0.5159574468085106,0.7660068966344997,0.8,-1.8210073078131361
QQQ,"cons_m2s1c45,d80,cons_m2s2c30",2,time_asc,-999999.0,-9.999999999999997e+17,False,False,False,245,0.4857142857142857,1.2711333859781606,8.310749941586357,38,0.2163265306122449,0.6016304226626267,0.8333333333333334,-5.566839283307647,473,0.4693446088794926,1.1875645216240471,11.021810071575885,32,0.40169133192389006,0.4536459953065682,0.5833333333333334,-4.367037953853204,190,0.5157894736842106,1.217500713997474,4.689303678331825,34,0.5526315789473685,1.066256387510971,0.8,-1.92890104434077
QQQ,"cons_m2s1c45,d80,cons_m2s2c30",2,time_asc,0.0,-9.999999999999997e+17,False,False,False,243,0.4773662551440329,1.2234691634641806,6.981444693865843,37,0.205761316872428,0.7161841451516742,0.8333333333333334,-5.566839283307647,463,0.47300215982721383,1.219218807508012,12.576412682265207,29,0.38660907127429806,0.39756965092683505,0.5833333333333334,-4.367037953853206,188,0.5319148936170213,1.2632944026496455,5.533013433854121,34,0.5106382978723404,0.8781402375447449,0.6,-1.712821482574616
QQQ,"cons_m2s1c45,cons_m2s2c30,d80",2,time_asc,-999999.0,-9.999999999999997e+17,False,False,False,245,0.4857142857142857,1.2746054895902061,8.427616665191868,38,0.2163265306122449,0.5932875448228716,0.8333333333333334,-5.566839283307647,473,0.4693446088794926,1.2063748466187392,12.056010049183314,32,0.3974630021141649,0.41473090845164856,0.5833333333333334,-3.5670379538532035,190,0.5157894736842106,1.2137043527656364,4.64646566305014,34,0.5368421052631579,1.076086721088085,0.6,-1.9404583729115759
QQQ,"cons_m2s1c45,cons_m2s2c30,d80",2,time_asc,0.0,-9.999999999999997e+17,False,False,False,243,0.4773662551440329,1.225765686496089,7.068503739306539,37,0.205761316872428,0.7073632814531875,0.8333333333333334,-5.566839283307647,463,0.47300215982721383,1.2313414542990704,13.192125645593638,29,0.38444924406047515,0.37901397654365676,0.5833333333333334,-3.5670379538532053,188,0.5212765957446809,1.2183565644654275,4.665310210930712,34,0.5,1.0414659500581458,0.4,-1.712821482574616
QQQ,"cons_m2s2c30,d80,cons_m2s1c45",2,time_asc,-999999.0,-9.999999999999997e+17,False,False,False,245,0.4857142857142857,1.2746054895902061,8.427616665191868,38,0.2163265306122449,0.5932875448228716,0.8333333333333334,-5.566839283307647,473,0.4693446088794926,1.2063748466187392,12.056010049183314,32,0.3974630021141649,0.41473090845164856,0.5833333333333334,-3.5670379538532035,190,0.5210526315789473,1.254003363478072,5.44646566305014,34,0.5421052631578948,0.918026534881318,0.6,-1.940458372911576
QQQ,"cons_m2s2c30,d80,cons_m2s1c45",2,time_asc,0.0,-9.999999999999997e+17,False,False,False,243,0.4773662551440329,1.225765686496089,7.068503739306539,37,0.205761316872428,0.7073632814531875,0.8333333333333334,-5.566839283307647,463,0.47300215982721383,1.2313414542990704,13.192125645593638,29,0.38444924406047515,0.37901397654365676,0.5833333333333334,-3.5670379538532053,188,0.526595744680851,1.2594429149938715,5.465310210930712,34,0.5053191489361702,0.9148611528033517,0.6,-1.7128214825746158
QQQ,"cons_m2s2c30,cons_m2s1c45,d80",2,time_asc,-999999.0,-9.999999999999997e+17,False,False,False,245,0.4857142857142857,1.2746054895902061,8.427616665191868,38,0.2163265306122449,0.5932875448228716,0.8333333333333334,-5.566839283307647,473,0.4693446088794926,1.2063748466187392,12.056010049183314,32,0.3974630021141649,0.41473090845164856,0.5833333333333334,-3.5670379538532035,190,0.5157894736842106,1.2137043527656364,4.64646566305014,34,0.5368421052631579,1.076086721088085,0.6,-1.9404583729115759
QQQ,"cons_m2s2c30,cons_m2s1c45,d80",2,time_asc,0.0,-9.999999999999997e+17,False,False,False,243,0.4773662551440329,1.225765686496089,7.068503739306539,37,0.205761316872428,0.7073632814531875,0.8333333333333334,-5.566839283307647,463,0.47300215982721383,1.2313414542990704,13.192125645593638,29,0.38444924406047515,0.37901397654365676,0.5833333333333334,-3.5670379538532053,188,0.5212765957446809,1.2183565644654275,4.665310210930712,34,0.5,1.0414659500581458,0.4,-1.712821482574616
QQQ,"d80,cons_m2s1c45,cons_m3allc30",2,time_asc,-999999.0,5.624733346246464,True,False,False,245,0.4857142857142857,1.3035169969982332,9.029369948171592,38,0.2163265306122449,0.5537484928295,0.8333333333333334,-5.461237127427143,473,0.4714587737843552,1.1839215032546935,10.583476095890834,32,0.40169133192389006,0.4724345720345428,0.5833333333333334,-4.016148096693456,190,0.5052631578947369,1.2972444125834985,6.120140725285782,34,0.5631578947368421,0.8169746782687785,0.8,-1.8947133717501679
QQQ,"d80,cons_m2s1c45,cons_m3allc30",2,time_asc,0.0,-9.999999999999997e+17,False,False,True,243,0.48148148148148145,1.2716627552760273,8.237832777598447,37,0.205761316872428,0.6069557534108669,0.8333333333333334,-5.461237127427143,464,0.47629310344827586,1.2135867136643919,12.021391637808549,29,0.3857758620689655,0.4159252231891748,0.5,-4.016148096693454,188,0.5159574468085106,1.3227319804395459,6.527356374946256,34,0.5159574468085106,0.7660068966344997,0.8,-1.8210073078131361
QQQ,"d80,cons_m3allc30,cons_m2s1c45",2,time_asc,-999999.0,5.624733346246464,True,False,False,245,0.4857142857142857,1.3035169969982332,9.029369948171592,38,0.2163265306122449,0.5537484928295,0.8333333333333334,-5.461237127427143,473,0.4714587737843552,1.1839215032546935,10.583476095890834,32,0.40169133192389006,0.4724345720345428,0.5833333333333334,-4.016148096693456,190,0.5052631578947369,1.2972444125834985,6.120140725285782,34,0.5631578947368421,0.8169746782687785,0.8,-1.8947133717501679
QQQ,"d80,cons_m3allc30,cons_m2s1c45",2,time_asc,0.0,-9.999999999999997e+17,False,False,True,243,0.48148148148148145,1.2716627552760273,8.237832777598447,37,0.205761316872428,0.6069557534108669,0.8333333333333334,-5.461237127427143,464,0.47629310344827586,1.2135867136643919,12.021391637808549,29,0.3857758620689655,0.4159252231891748,0.5,-4.016148096693454,188,0.5159574468085106,1.3227319804395459,6.527356374946256,34,0.5159574468085106,0.7660068966344997,0.8,-1.8210073078131361
QQQ,"cons_m2s1c45,d80,cons_m3allc30",2,time_asc,-999999.0,-9.999999999999997e+17,False,False,False,245,0.4857142857142857,1.2711333859781606,8.310749941586357,38,0.2163265306122449,0.6016304226626267,0.8333333333333334,-5.566839283307647,473,0.4693446088794926,1.1875645216240471,11.021810071575885,32,0.40169133192389006,0.4536459953065682,0.5833333333333334,-4.367037953853204,190,0.5157894736842106,1.217500713997474,4.689303678331825,34,0.5526315789473685,1.066256387510971,0.8,-1.92890104434077
QQQ,"cons_m2s1c45,d80,cons_m3allc30",2,time_asc,0.0,-9.999999999999997e+17,False,False,False,243,0.4773662551440329,1.2234691634641806,6.981444693865843,37,0.205761316872428,0.7161841451516742,0.8333333333333334,-5.566839283307647,464,0.47413793103448276,1.2194824344851882,12.591536757141974,29,0.3857758620689655,0.39709211801839667,0.5833333333333334,-4.367037953853206,188,0.5319148936170213,1.2632944026496455,5.533013433854121,34,0.5106382978723404,0.8781402375447449,0.6,-1.712821482574616
QQQ,"cons_m2s1c45,cons_m3allc30,d80",2,time_asc,-999999.0,-9.999999999999997e+17,False,False,False,245,0.4857142857142857,1.2746054895902061,8.427616665191868,38,0.2163265306122449,0.5932875448228716,0.8333333333333334,-5.566839283307647,473,0.4693446088794926,1.2063748466187392,12.056010049183314,32,0.3974630021141649,0.41473090845164856,0.5833333333333334,-3.5670379538532035,190,0.5157894736842106,1.2137043527656364,4.64646566305014,34,0.5368421052631579,1.076086721088085,0.6,-1.9404583729115759
QQQ,"cons_m2s1c45,cons_m3allc30,d80",2,time_asc,0.0,-9.999999999999997e+17,False,False,False,243,0.4773662551440329,1.225765686496089,7.068503739306539,37,0.205761316872428,0.7073632814531875,0.8333333333333334,-5.566839283307647,464,0.47413793103448276,1.2316066750505181,13.2072497204704,29,0.38362068965517243,0.37857995463281935,0.5833333333333334,-3.5670379538532053,188,0.5212765957446809,1.2183565644654275,4.665310210930712,34,0.5,1.0414659500581458,0.4,-1.712821482574616
QQQ,"cons_m3allc30,d80,cons_m2s1c45",2,time_asc,-999999.0,-9.999999999999997e+17,False,False,False,245,0.4857142857142857,1.2746054895902061,8.427616665191868,38,0.2163265306122449,0.5932875448228716,0.8333333333333334,-5.566839283307647,473,0.4693446088794926,1.2063748466187392,12.056010049183314,32,0.3974630021141649,0.41473090845164856,0.5833333333333334,-3.5670379538532035,190,0.5210526315789473,1.254003363478072,5.44646566305014,34,0.5421052631578948,0.918026534881318,0.6,-1.940458372911576
QQQ,"cons_m3allc30,d80,cons_m2s1c45",2,time_asc,0.0,-9.999999999999997e+17,False,False,False,243,0.4773662551440329,1.225765686496089,7.068503739306539,37,0.205761316872428,0.7073632814531875,0.8333333333333334,-5.566839283307647,464,0.47413793103448276,1.2316066750505181,13.2072497204704,29,0.38362068965517243,0.37857995463281935,0.5833333333333334,-3.5670379538532053,188,0.526595744680851,1.2594429149938715,5.465310210930712,34,0.5053191489361702,0.9148611528033517,0.6,-1.7128214825746158
QQQ,"cons_m3allc30,cons_m2s1c45,d80",2,time_asc,-999999.0,-9.999999999999997e+17,False,False,False,245,0.4857142857142857,1.2746054895902061,8.427616665191868,38,0.2163265306122449,0.5932875448228716,0.8333333333333334,-5.566839283307647,473,0.4693446088794926,1.2063748466187392,12.056010049183314,32,0.3974630021141649,0.41473090845164856,0.5833333333333334,-3.5670379538532035,190,0.5157894736842106,1.2137043527656364,4.64646566305014,34,0.5368421052631579,1.076086721088085,0.6,-1.9404583729115759
QQQ,"cons_m3allc30,cons_m2s1c45,d80",2,time_asc,0.0,-9.999999999999997e+17,False,False,False,243,0.4773662551440329,1.225765686496089,7.068503739306539,37,0.205761316872428,0.7073632814531875,0.8333333333333334,-5.566839283307647,464,0.47413793103448276,1.2316066750505181,13.2072497204704,29,0.38362068965517243,0.37857995463281935,0.5833333333333334,-3.5670379538532053,188,0.5212765957446809,1.2183565644654275,4.665310210930712,34,0.5,1.0414659500581458,0.4,-1.712821482574616
QQQ,"d80,cons_m2s1c45,cons_m3s2c30",2,time_asc,-999999.0,5.624733346246464,True,False,False,245,0.4857142857142857,1.3035169969982332,9.029369948171592,38,0.2163265306122449,0.5537484928295,0.8333333333333334,-5.461237127427143,473,0.4714587737843552,1.1839215032546935,10.583476095890834,32,0.40169133192389006,0.4724345720345428,0.5833333333333334,-4.016148096693456,190,0.5052631578947369,1.2972444125834985,6.120140725285782,34,0.5631578947368421,0.8169746782687785,0.8,-1.8947133717501679
QQQ,"d80,cons_m2s1c45,cons_m3s2c30",2,time_asc,0.0,-9.999999999999997e+17,False,False,True,243,0.48148148148148145,1.2716627552760273,8.237832777598447,37,0.205761316872428,0.6069557534108669,0.8333333333333334,-5.461237127427143,463,0.47516198704103674,1.2133180008940683,12.006267562931786,29,0.38660907127429806,0.416449156558615,0.5,-4.016148096693454,188,0.5159574468085106,1.3227319804395459,6.527356374946256,34,0.5159574468085106,0.7660068966344997,0.8,-1.8210073078131361
QQQ,"d80,cons_m3s2c30,cons_m2s1c45",2,time_asc,-999999.0,5.624733346246464,True,False,False,245,0.4857142857142857,1.3035169969982332,9.029369948171592,38,0.2163265306122449,0.5537484928295,0.8333333333333334,-5.461237127427143,473,0.4714587737843552,1.1839215032546935,10.583476095890834,32,0.40169133192389006,0.4724345720345428,0.5833333333333334,-4.016148096693456,190,0.5052631578947369,1.2972444125834985,6.120140725285782,34,0.5631578947368421,0.8169746782687785,0.8,-1.8947133717501679
QQQ,"d80,cons_m3s2c30,cons_m2s1c45",2,time_asc,0.0,-9.999999999999997e+17,False,False,True,243,0.48148148148148145,1.2716627552760273,8.237832777598447,37,0.205761316872428,0.6069557534108669,0.8333333333333334,-5.461237127427143,463,0.47516198704103674,1.2133180008940683,12.006267562931786,29,0.38660907127429806,0.416449156558615,0.5,-4.016148096693454,188,0.5159574468085106,1.3227319804395459,6.527356374946256,34,0.5159574468085106,0.7660068966344997,0.8,-1.8210073078131361
QQQ,"cons_m2s1c45,d80,cons_m3s2c30",2,time_asc,-999999.0,-9.999999999999997e+17,False,False,False,245,0.4857142857142857,1.2711333859781606,8.310749941586357,38,0.2163265306122449,0.6016304226626267,0.8333333333333334,-5.566839283307647,473,0.4693446088794926,1.1875645216240471,11.021810071575885,32,0.40169133192389006,0.4536459953065682,0.5833333333333334,-4.367037953853204,190,0.5157894736842106,1.217500713997474,4.689303678331825,34,0.5526315789473685,1.066256387510971,0.8,-1.92890104434077
QQQ,"cons_m2s1c45,d80,cons_m3s2c30",2,time_asc,0.0,-9.999999999999997e+17,False,False,False,243,0.4773662551440329,1.2234691634641806,6.981444693865843,37,0.205761316872428,0.7161841451516742,0.8333333333333334,-5.566839283307647,463,0.47300215982721383,1.219218807508012,12.576412682265207,29,0.38660907127429806,0.39756965092683505,0.5833333333333334,-4.367037953853206,188,0.5319148936170213,1.2632944026496455,5.533013433854121,34,0.5106382978723404,0.8781402375447449,0.6,-1.712821482574616
QQQ,"cons_m2s1c45,cons_m3s2c30,d80",2,time_asc,-999999.0,-9.999999999999997e+17,False,False,False,245,0.4857142857142857,1.2746054895902061,8.427616665191868,38,0.2163265306122449,0.5932875448228716,0.8333333333333334,-5.566839283307647,473,0.4693446088794926,1.2063748466187392,12.056010049183314,32,0.3974630021141649,0.41473090845164856,0.5833333333333334,-3.5670379538532035,190,0.5157894736842106,1.2137043527656364,4.64646566305014,34,0.5368421052631579,1.076086721088085,0.6,-1.9404583729115759
QQQ,"cons_m2s1c45,cons_m3s2c30,d80",2,time_asc,0.0,-9.999999999999997e+17,False,False,False,243,0.4773662551440329,1.225765686496089,7.068503739306539,37,0.205761316872428,0.7073632814531875,0.8333333333333334,-5.566839283307647,463,0.47300215982721383,1.2313414542990704,13.192125645593638,29,0.38444924406047515,0.37901397654365676,0.5833333333333334,-3.5670379538532053,188,0.5212765957446809,1.2183565644654275,4.665310210930712,34,0.5,1.0414659500581458,0.4,-1.712821482574616
QQQ,"cons_m3s2c30,d80,cons_m2s1c45",2,time_asc,-999999.0,-9.999999999999997e+17,False,False,False,245,0.4857142857142857,1.2746054895902061,8.427616665191868,38,0.2163265306122449,0.5932875448228716,0.8333333333333334,-5.566839283307647,473,0.4693446088794926,1.2063748466187392,12.056010049183314,32,0.3974630021141649,0.41473090845164856,0.5833333333333334,-3.5670379538532035,190,0.5210526315789473,1.254003363478072,5.44646566305014,34,0.5421052631578948,0.918026534881318,0.6,-1.940458372911576
QQQ,"cons_m3s2c30,d80,cons_m2s1c45",2,time_asc,0.0,-9.999999999999997e+17,False,False,False,243,0.4773662551440329,1.225765686496089,7.068503739306539,37,0.205761316872428,0.7073632814531875,0.8333333333333334,-5.566839283307647,463,0.47300215982721383,1.2313414542990704,13.192125645593638,29,0.38444924406047515,0.37901397654365676,0.5833333333333334,-3.5670379538532053,188,0.526595744680851,1.2594429149938715,5.465310210930712,34,0.5053191489361702,0.9148611528033517,0.6,-1.7128214825746158
QQQ,"cons_m3s2c30,cons_m2s1c45,d80",2,time_asc,-999999.0,-9.999999999999997e+17,False,False,False,245,0.4857142857142857,1.2746054895902061,8.427616665191868,38,0.2163265306122449,0.5932875448228716,0.8333333333333334,-5.566839283307647,473,0.4693446088794926,1.2063748466187392,12.056010049183314,32,0.3974630021141649,0.41473090845164856,0.5833333333333334,-3.5670379538532035,190,0.5157894736842106,1.2137043527656364,4.64646566305014,34,0.5368421052631579,1.076086721088085,0.6,-1.9404583729115759
QQQ,"cons_m3s2c30,cons_m2s1c45,d80",2,time_asc,0.0,-9.999999999999997e+17,False,False,False,243,0.4773662551440329,1.225765686496089,7.068503739306539,37,0.205761316872428,0.7073632814531875,0.8333333333333334,-5.566839283307647,463,0.47300215982721383,1.2313414542990704,13.192125645593638,29,0.38444924406047515,0.37901397654365676,0.5833333333333334,-3.5670379538532053,188,0.5212765957446809,1.2183565644654275,4.665310210930712,34,0.5,1.0414659500581458,0.4,-1.712821482574616
QQQ,"d80,cons_m2s2c30,cons_m3allc30",2,time_asc,-999999.0,-9.999999999999997e+17,False,False,True,245,0.4775510204081633,1.2638023695050384,7.918628590416314,38,0.21224489795918366,0.6314224670230594,0.8333333333333334,-5.461237127427143,473,0.47357293868921774,1.190976381876663,10.952439807604074,32,0.40169133192389006,0.4565192859155084,0.5833333333333334,-4.016148096693456,190,0.5052631578947369,1.3109279829736182,6.4018798358177955,34,0.5578947368421052,0.7810205952360374,0.8,-1.8947133717501679
QQQ,"d80,cons_m2s2c30,cons_m3allc30",2,time_asc,0.0,-9.999999999999997e+17,False,False,True,243,0.4732510288065844,1.2329732860764446,7.127091419843169,37,0.20164609053497942,0.7015484586151168,0.8333333333333334,-5.461237127427143,464,0.47844827586206895,1.2289831733859058,12.843595696610734,29,0.3900862068965517,0.38929908088896303,0.5833333333333334,-4.016148096693458,188,0.5212765957446809,1.34706644509406,6.999491284821897,34,0.5159574468085106,0.7143376277705054,0.8,-1.8210073078131361
QQQ,"d80,cons_m3allc30,cons_m2s2c30",2,time_asc,-999999.0,-9.999999999999997e+17,False,False,True,245,0.4775510204081633,1.2638023695050384,7.918628590416314,38,0.21224489795918366,0.6314224670230594,0.8333333333333334,-5.461237127427143,473,0.47357293868921774,1.190976381876663,10.952439807604074,32,0.40169133192389006,0.4565192859155084,0.5833333333333334,-4.016148096693456,190,0.5052631578947369,1.3109279829736182,6.4018798358177955,34,0.5578947368421052,0.7810205952360374,0.8,-1.8947133717501679
QQQ,"d80,cons_m3allc30,cons_m2s2c30",2,time_asc,0.0,-9.999999999999997e+17,False,False,True,243,0.4732510288065844,1.2329732860764446,7.127091419843169,37,0.20164609053497942,0.7015484586151168,0.8333333333333334,-5.461237127427143,464,0.47844827586206895,1.2289831733859058,12.843595696610734,29,0.3900862068965517,0.38929908088896303,0.5833333333333334,-4.016148096693458,188,0.5212765957446809,1.34706644509406,6.999491284821897,34,0.5159574468085106,0.7143376277705054,0.8,-1.8210073078131361
QQQ,"cons_m2s2c30,d80,cons_m3allc30",2,time_asc,-999999.0,-9.999999999999997e+17,False,False,False,245,0.4775510204081633,1.2363481352756989,7.316875307436589,38,0.21224489795918366,0.6833518120663057,0.8333333333333334,-5.566839283307647,473,0.4714587737843552,1.2133984647439118,12.424973760896556,32,0.3974630021141649,0.40241533674186303,0.5833333333333334,-3.5670379538532035,190,0.5210526315789473,1.267142651619361,5.728204773582155,34,0.5368421052631579,0.872873823062235,0.6,-1.940458372911576
QQQ,"cons_m2s2c30,d80,cons_m3allc30",2,time_asc,0.0,-9.999999999999997e+17,False,False,False,243,0.4691358024691358,1.1886731474934475,5.957762381551261,37,0.20164609053497942,0.8392412586784165,0.8333333333333334,-5.566839283307647,464,0.47629310344827586,1.246863799028973,14.029453779272586,29,0.3879310344827586,0.3563930626712714,0.6666666666666666,-3.567037953853207,188,0.5319148936170213,1.2826301515718934,5.937445120806352,34,0.5053191489361702,0.8421130466500987,0.8,-1.7128214825746158
QQQ,"cons_m2s2c30,cons_m3allc30,d80",2,time_asc,-999999.0,-9.999999999999997e+17,False,False,False,245,0.4775510204081633,1.2363481352756989,7.316875307436589,38,0.21224489795918366,0.6833518120663057,0.8333333333333334,-5.566839283307647,473,0.4714587737843552,1.2133984647439118,12.424973760896556,32,0.3974630021141649,0.40241533674186303,0.5833333333333334,-3.5670379538532035,190,0.5210526315789473,1.267142651619361,5.728204773582155,34,0.5368421052631579,0.872873823062235,0.6,-1.940458372911576
QQQ,"cons_m2s2c30,cons_m3allc30,d80",2,time_asc,0.0,-9.999999999999997e+17,False,False,False,243,0.4691358024691358,1.1886731474934475,5.957762381551261,37,0.20164609053497942,0.8392412586784165,0.8333333333333334,-5.566839283307647,464,0.47629310344827586,1.246863799028973,14.029453779272586,29,0.3879310344827586,0.3563930626712714,0.6666666666666666,-3.567037953853207,188,0.5319148936170213,1.2826301515718934,5.937445120806352,34,0.5053191489361702,0.8421130466500987,0.8,-1.7128214825746158
QQQ,"cons_m3allc30,d80,cons_m2s2c30",2,time_asc,-999999.0,-9.999999999999997e+17,False,False,False,245,0.4775510204081633,1.2363481352756989,7.316875307436589,38,0.21224489795918366,0.6833518120663057,0.8333333333333334,-5.566839283307647,473,0.4714587737843552,1.2133984647439118,12.424973760896556,32,0.3974630021141649,0.40241533674186303,0.5833333333333334,-3.5670379538532035,190,0.5210526315789473,1.267142651619361,5.728204773582155,34,0.5368421052631579,0.872873823062235,0.6,-1.940458372911576
QQQ,"cons_m3allc30,d80,cons_m2s2c30",2,time_asc,0.0,-9.999999999999997e+17,False,False,False,243,0.4691358024691358,1.1886731474934475,5.957762381551261,37,0.20164609053497942,0.8392412586784165,0.8333333333333334,-5.566839283307647,464,0.47629310344827586,1.246863799028973,14.029453779272586,29,0.3879310344827586,0.3563930626712714,0.6666666666666666,-3.567037953853207,188,0.5319148936170213,1.2826301515718934,5.937445120806352,34,0.5053191489361702,0.8421130466500987,0.8,-1.7128214825746158
QQQ,"cons_m3allc30,cons_m2s2c30,d80",2,time_asc,-999999.0,-9.999999999999997e+17,False,False,False,245,0.4775510204081633,1.2363481352756989,7.316875307436589,38,0.21224489795918366,0.6833518120663057,0.8333333333333334,-5.566839283307647,473,0.4714587737843552,1.2133984647439118,12.424973760896556,32,0.3974630021141649,0.40241533674186303,0.5833333333333334,-3.5670379538532035,190,0.5210526315789473,1.267142651619361,5.728204773582155,34,0.5368421052631579,0.872873823062235,0.6,-1.940458372911576
QQQ,"cons_m3allc30,cons_m2s2c30,d80",2,time_asc,0.0,-9.999999999999997e+17,False,False,False,243,0.4691358024691358,1.1886731474934475,5.957762381551261,37,0.20164609053497942,0.8392412586784165,0.8333333333333334,-5.566839283307647,464,0.47629310344827586,1.246863799028973,14.029453779272586,29,0.3879310344827586,0.3563930626712714,0.6666666666666666,-3.567037953853207,188,0.5319148936170213,1.2826301515718934,5.937445120806352,34,0.5053191489361702,0.8421130466500987,0.8,-1.7128214825746158
QQQ,"d80,cons_m2s2c30,cons_m3s2c30",2,time_asc,-999999.0,-9.999999999999997e+17,False,False,True,245,0.4775510204081633,1.2638023695050384,7.918628590416314,38,0.21224489795918366,0.6314224670230594,0.8333333333333334,-5.461237127427143,473,0.47357293868921774,1.190976381876663,10.952439807604074,32,0.40169133192389006,0.4565192859155084,0.5833333333333334,-4.016148096693456,190,0.5052631578947369,1.3109279829736182,6.4018798358177955,34,0.5578947368421052,0.7810205952360374,0.8,-1.8947133717501679
QQQ,"d80,cons_m2s2c30,cons_m3s2c30",2,time_asc,0.0,-9.999999999999997e+17,False,False,True,243,0.4732510288065844,1.2329732860764446,7.127091419843169,37,0.20164609053497942,0.7015484586151168,0.8333333333333334,-5.461237127427143,463,0.4773218142548596,1.228713532489259,12.828471621733975,29,0.39092872570194387,0.3897580434701986,0.5833333333333334,-4.016148096693458,188,0.5212765957446809,1.34706644509406,6.999491284821897,34,0.5159574468085106,0.7143376277705054,0.8,-1.8210073078131361
QQQ,"d80,cons_m3s2c30,cons_m2s2c30",2,time_asc,-999999.0,-9.999999999999997e+17,False,False,True,245,0.4775510204081633,1.2638023695050384,7.918628590416314,38,0.21224489795918366,0.6314224670230594,0.8333333333333334,-5.461237127427143,473,0.47357293868921774,1.190976381876663,10.952439807604074,32,0.40169133192389006,0.4565192859155084,0.5833333333333334,-4.016148096693456,190,0.5052631578947369,1.3109279829736182,6.4018798358177955,34,0.5578947368421052,0.7810205952360374,0.8,-1.8947133717501679
QQQ,"d80,cons_m3s2c30,cons_m2s2c30",2,time_asc,0.0,-9.999999999999997e+17,False,False,True,243,0.4732510288065844,1.2329732860764446,7.127091419843169,37,0.20164609053497942,0.7015484586151168,0.8333333333333334,-5.461237127427143,463,0.4773218142548596,1.228713532489259,12.828471621733975,29,0.39092872570194387,0.3897580434701986,0.5833333333333334,-4.016148096693458,188,0.5212765957446809,1.34706644509406,6.999491284821897,34,0.5159574468085106,0.7143376277705054,0.8,-1.8210073078131361
QQQ,"cons_m2s2c30,d80,cons_m3s2c30",2,time_asc,-999999.0,-9.999999999999997e+17,False,False,False,245,0.4775510204081633,1.2363481352756989,7.316875307436589,38,0.21224489795918366,0.6833518120663057,0.8333333333333334,-5.566839283307647,473,0.4714587737843552,1.2133984647439118,12.424973760896556,32,0.3974630021141649,0.40241533674186303,0.5833333333333334,-3.5670379538532035,190,0.5210526315789473,1.267142651619361,5.728204773582155,34,0.5368421052631579,0.872873823062235,0.6,-1.940458372911576
QQQ,"cons_m2s2c30,d80,cons_m3s2c30",2,time_asc,0.0,-9.999999999999997e+17,False,False,False,243,0.4691358024691358,1.1886731474934475,5.957762381551261,37,0.20164609053497942,0.8392412586784165,0.8333333333333334,-5.566839283307647,463,0.47516198704103674,1.2465976741577116,14.014329704395823,29,0.38876889848812096,0.35677767723929515,0.6666666666666666,-3.567037953853207,188,0.5319148936170213,1.2826301515718934,5.937445120806352,34,0.5053191489361702,0.8421130466500987,0.8,-1.7128214825746158
QQQ,"cons_m2s2c30,cons_m3s2c30,d80",2,time_asc,-999999.0,-9.999999999999997e+17,False,False,False,245,0.4775510204081633,1.2363481352756989,7.316875307436589,38,0.21224489795918366,0.6833518120663057,0.8333333333333334,-5.566839283307647,473,0.4714587737843552,1.2133984647439118,12.424973760896556,32,0.3974630021141649,0.40241533674186303,0.5833333333333334,-3.5670379538532035,190,0.5210526315789473,1.267142651619361,5.728204773582155,34,0.5368421052631579,0.872873823062235,0.6,-1.940458372911576
QQQ,"cons_m2s2c30,cons_m3s2c30,d80",2,time_asc,0.0,-9.999999999999997e+17,False,False,False,243,0.4691358024691358,1.1886731474934475,5.957762381551261,37,0.20164609053497942,0.8392412586784165,0.8333333333333334,-5.566839283307647,463,0.47516198704103674,1.2465976741577116,14.014329704395823,29,0.38876889848812096,0.35677767723929515,0.6666666666666666,-3.567037953853207,188,0.5319148936170213,1.2826301515718934,5.937445120806352,34,0.5053191489361702,0.8421130466500987,0.8,-1.7128214825746158
QQQ,"cons_m3s2c30,d80,cons_m2s2c30",2,time_asc,-999999.0,-9.999999999999997e+17,False,False,False,245,0.4775510204081633,1.2363481352756989,7.316875307436589,38,0.21224489795918366,0.6833518120663057,0.8333333333333334,-5.566839283307647,473,0.4714587737843552,1.2133984647439118,12.424973760896556,32,0.3974630021141649,0.40241533674186303,0.5833333333333334,-3.5670379538532035,190,0.5210526315789473,1.267142651619361,5.728204773582155,34,0.5368421052631579,0.872873823062235,0.6,-1.940458372911576
QQQ,"cons_m3s2c30,d80,cons_m2s2c30",2,time_asc,0.0,-9.999999999999997e+17,False,False,False,243,0.4691358024691358,1.1886731474934475,5.957762381551261,37,0.20164609053497942,0.8392412586784165,0.8333333333333334,-5.566839283307647,463,0.47516198704103674,1.2465976741577116,14.014329704395823,29,0.38876889848812096,0.35677767723929515,0.6666666666666666,-3.567037953853207,188,0.5319148936170213,1.2826301515718934,5.937445120806352,34,0.5053191489361702,0.8421130466500987,0.8,-1.7128214825746158
QQQ,"cons_m3s2c30,cons_m2s2c30,d80",2,time_asc,-999999.0,-9.999999999999997e+17,False,False,False,245,0.4775510204081633,1.2363481352756989,7.316875307436589,38,0.21224489795918366,0.6833518120663057,0.8333333333333334,-5.566839283307647,473,0.4714587737843552,1.2133984647439118,12.424973760896556,32,0.3974630021141649,0.40241533674186303,0.5833333333333334,-3.5670379538532035,190,0.5210526315789473,1.267142651619361,5.728204773582155,34,0.5368421052631579,0.872873823062235,0.6,-1.940458372911576
QQQ,"cons_m3s2c30,cons_m2s2c30,d80",2,time_asc,0.0,-9.999999999999997e+17,False,False,False,243,0.4691358024691358,1.1886731474934475,5.957762381551261,37,0.20164609053497942,0.8392412586784165,0.8333333333333334,-5.566839283307647,463,0.47516198704103674,1.2465976741577116,14.014329704395823,29,0.38876889848812096,0.35677767723929515,0.6666666666666666,-3.567037953853207,188,0.5319148936170213,1.2826301515718934,5.937445120806352,34,0.5053191489361702,0.8421130466500987,0.8,-1.7128214825746158
QQQ,"d80,cons_m3allc30,cons_m3s2c30",2,time_asc,-999999.0,-9.999999999999997e+17,False,False,True,245,0.4775510204081633,1.2638023695050384,7.918628590416314,38,0.21224489795918366,0.6314224670230594,0.8333333333333334,-5.461237127427143,473,0.47357293868921774,1.190976381876663,10.952439807604074,32,0.40169133192389006,0.4565192859155084,0.5833333333333334,-4.016148096693456,190,0.5052631578947369,1.3109279829736182,6.4018798358177955,34,0.5578947368421052,0.7810205952360374,0.8,-1.8947133717501679
QQQ,"d80,cons_m3allc30,cons_m3s2c30",2,time_asc,0.0,-9.999999999999997e+17,False,False,True,243,0.4732510288065844,1.2329732860764446,7.127091419843169,37,0.20164609053497942,0.7015484586151168,0.8333333333333334,-5.461237127427143,464,0.47844827586206895,1.2289831733859058,12.843595696610734,29,0.3900862068965517,0.38929908088896303,0.5833333333333334,-4.016148096693458,188,0.5212765957446809,1.34706644509406,6.999491284821897,34,0.5159574468085106,0.7143376277705054,0.8,-1.8210073078131361
QQQ,"d80,cons_m3s2c30,cons_m3allc30",2,time_asc,-999999.0,-9.999999999999997e+17,False,False,True,245,0.4775510204081633,1.2638023695050384,7.918628590416314,38,0.21224489795918366,0.6314224670230594,0.8333333333333334,-5.461237127427143,473,0.47357293868921774,1.190976381876663,10.952439807604074,32,0.40169133192389006,0.4565192859155084,0.5833333333333334,-4.016148096693456,190,0.5052631578947369,1.3109279829736182,6.4018798358177955,34,0.5578947368421052,0.7810205952360374,0.8,-1.8947133717501679
QQQ,"d80,cons_m3s2c30,cons_m3allc30",2,time_asc,0.0,-9.999999999999997e+17,False,False,True,243,0.4732510288065844,1.2329732860764446,7.127091419843169,37,0.20164609053497942,0.7015484586151168,0.8333333333333334,-5.461237127427143,464,0.47844827586206895,1.2289831733859058,12.843595696610734,29,0.3900862068965517,0.38929908088896303,0.5833333333333334,-4.016148096693458,188,0.5212765957446809,1.34706644509406,6.999491284821897,34,0.5159574468085106,0.7143376277705054,0.8,-1.8210073078131361
QQQ,"cons_m3allc30,d80,cons_m3s2c30",2,time_asc,-999999.0,-9.999999999999997e+17,False,False,False,245,0.4775510204081633,1.2363481352756989,7.316875307436589,38,0.21224489795918366,0.6833518120663057,0.8333333333333334,-5.566839283307647,473,0.4714587737843552,1.2133984647439118,12.424973760896556,32,0.3974630021141649,0.40241533674186303,0.5833333333333334,-3.5670379538532035,190,0.5210526315789473,1.267142651619361,5.728204773582155,34,0.5368421052631579,0.872873823062235,0.6,-1.940458372911576
QQQ,"cons_m3allc30,d80,cons_m3s2c30",2,time_asc,0.0,-9.999999999999997e+17,False,False,False,243,0.4691358024691358,1.1886731474934475,5.957762381551261,37,0.20164609053497942,0.8392412586784165,0.8333333333333334,-5.566839283307647,464,0.47629310344827586,1.246863799028973,14.029453779272586,29,0.3879310344827586,0.3563930626712714,0.6666666666666666,-3.567037953853207,188,0.5319148936170213,1.2826301515718934,5.937445120806352,34,0.5053191489361702,0.8421130466500987,0.8,-1.7128214825746158
QQQ,"cons_m3allc30,cons_m3s2c30,d80",2,time_asc,-999999.0,-9.999999999999997e+17,False,False,False,245,0.4775510204081633,1.2363481352756989,7.316875307436589,38,0.21224489795918366,0.6833518120663057,0.8333333333333334,-5.566839283307647,473,0.4714587737843552,1.2133984647439118,12.424973760896556,32,0.3974630021141649,0.40241533674186303,0.5833333333333334,-3.5670379538532035,190,0.5210526315789473,1.267142651619361,5.728204773582155,34,0.5368421052631579,0.872873823062235,0.6,-1.940458372911576
QQQ,"cons_m3allc30,cons_m3s2c30,d80",2,time_asc,0.0,-9.999999999999997e+17,False,False,False,243,0.4691358024691358,1.1886731474934475,5.957762381551261,37,0.20164609053497942,0.8392412586784165,0.8333333333333334,-5.566839283307647,464,0.47629310344827586,1.246863799028973,14.029453779272586,29,0.3879310344827586,0.3563930626712714,0.6666666666666666,-3.567037953853207,188,0.5319148936170213,1.2826301515718934,5.937445120806352,34,0.5053191489361702,0.8421130466500987,0.8,-1.7128214825746158
QQQ,"cons_m3s2c30,d80,cons_m3allc30",2,time_asc,-999999.0,-9.999999999999997e+17,False,False,False,245,0.4775510204081633,1.2363481352756989,7.316875307436589,38,0.21224489795918366,0.6833518120663057,0.8333333333333334,-5.566839283307647,473,0.4714587737843552,1.2133984647439118,12.424973760896556,32,0.3974630021141649,0.40241533674186303,0.5833333333333334,-3.5670379538532035,190,0.5210526315789473,1.267142651619361,5.728204773582155,34,0.5368421052631579,0.872873823062235,0.6,-1.940458372911576
QQQ,"cons_m3s2c30,d80,cons_m3allc30",2,time_asc,0.0,-9.999999999999997e+17,False,False,False,243,0.4691358024691358,1.1886731474934475,5.957762381551261,37,0.20164609053497942,0.8392412586784165,0.8333333333333334,-5.566839283307647,464,0.47629310344827586,1.246863799028973,14.029453779272586,29,0.3879310344827586,0.3563930626712714,0.6666666666666666,-3.567037953853207,188,0.5319148936170213,1.2826301515718934,5.937445120806352,34,0.5053191489361702,0.8421130466500987,0.8,-1.7128214825746158
QQQ,"cons_m3s2c30,cons_m3allc30,d80",2,time_asc,-999999.0,-9.999999999999997e+17,False,False,False,245,0.4775510204081633,1.2363481352756989,7.316875307436589,38,0.21224489795918366,0.6833518120663057,0.8333333333333334,-5.566839283307647,473,0.4714587737843552,1.2133984647439118,12.424973760896556,32,0.3974630021141649,0.40241533674186303,0.5833333333333334,-3.5670379538532035,190,0.5210526315789473,1.267142651619361,5.728204773582155,34,0.5368421052631579,0.872873823062235,0.6,-1.940458372911576
QQQ,"cons_m3s2c30,cons_m3allc30,d80",2,time_asc,0.0,-9.999999999999997e+17,False,False,False,243,0.4691358024691358,1.1886731474934475,5.957762381551261,37,0.20164609053497942,0.8392412586784165,0.8333333333333334,-5.566839283307647,464,0.47629310344827586,1.246863799028973,14.029453779272586,29,0.3879310344827586,0.3563930626712714,0.6666666666666666,-3.567037953853207,188,0.5319148936170213,1.2826301515718934,5.937445120806352,34,0.5053191489361702,0.8421130466500987,0.8,-1.7128214825746158
QQQ,"d80_front,d80_zero,cons_m2s1c45",2,time_asc,-999999.0,-9.999999999999997e+17,False,False,False,221,0.497737556561086,1.2490732187301659,5.752677500899422,25,0.2171945701357466,0.8352085512998164,0.6666666666666666,-3.146281002505322,460,0.47391304347826085,1.200048504549462,9.400464629860847,32,0.3869565217391304,0.531888603050253,0.9166666666666666,-3.538231168006524,186,0.489247311827957,1.2991044742209206,5.5029946803595235,28,0.5913978494623656,0.8674449392573731,0.8,-2.3616133849538437
QQQ,"d80_front,d80_zero,cons_m2s1c45",2,time_asc,0.0,-9.999999999999997e+17,False,False,True,221,0.497737556561086,1.2490732187301659,5.752677500899422,25,0.2171945701357466,0.8352085512998164,0.6666666666666666,-3.146281002505322,450,0.4822222222222222,1.2210447078976423,9.749116437851775,32,0.3933333333333333,0.5128669897291486,0.75,-3.5209083947857973,172,0.563953488372093,1.7968216558449428,10.737353055783176,27,0.5755813953488372,0.44354006203370827,1.0,-1.7193479851852898
QQQ,"d80_front,cons_m2s1c45,d80_zero",2,time_asc,-999999.0,-9.999999999999997e+17,False,False,False,221,0.49321266968325794,1.2289702752469984,5.404104786925967,25,0.2171945701357466,0.8890807323435187,0.6666666666666666,-3.3259103477903236,460,0.47608695652173916,1.217970053198916,10.253261097690118,32,0.3869565217391304,0.4876497294237844,0.8333333333333334,-3.538231168006524,186,0.4838709677419355,1.2579451909282604,4.844756335598789,28,0.5806451612903226,0.9806078248001132,0.8,-2.270317884768729
QQQ,"d80_front,cons_m2s1c45,d80_zero",2,time_asc,0.0,-9.999999999999997e+17,False,False,True,221,0.49321266968325794,1.2289702752469984,5.404104786925966,25,0.2171945701357466,0.8890807323435189,0.6666666666666666,-3.3259103477903236,450,0.48444444444444446,1.242298414443516,10.679532747479863,32,0.3933333333333333,0.4681852772238459,0.75,-3.5209083947857973,172,0.5581395348837209,1.7213930286270438,9.937353055783177,27,0.5755813953488372,0.4637411351993486,1.0,-1.7193479851852898
QQQ,"d80_zero,d80_front,cons_m2s1c45",2,time_asc,-999999.0,-9.999999999999997e+17,False,False,False,221,0.497737556561086,1.2490732187301656,5.752677500899423,25,0.2171945701357466,0.8352085512998163,0.6666666666666666,-3.146281002505322,460,0.47608695652173916,1.2127572145529097,9.980607679172055,32,0.3847826086956522,0.5009715000053762,0.8333333333333334,-3.538231168006524,186,0.4838709677419355,1.2954217406005293,5.4419913688827295,28,0.5913978494623656,0.8771687719927694,0.8,-2.4226166964306386
QQQ,"d80_zero,d80_front,cons_m2s1c45",2,time_asc,0.0,-9.999999999999997e+17,False,False,True,221,0.497737556561086,1.2490732187301656,5.752677500899423,25,0.2171945701357466,0.8352085512998163,0.6666666666666666,-3.146281002505322,450,0.48444444444444446,1.250557321175092,11.010272122130274,32,0.39111111111111113,0.4541213826995401,0.75,-3.5209083947857973,172,0.563953488372093,1.7968216558449426,10.737353055783176,27,0.5755813953488372,0.44354006203370827,1.0,-1.7193479851852898
QQQ,"d80_zero,cons_m2s1c45,d80_front",2,time_asc,-999999.0,-9.999999999999997e+17,False,False,True,221,0.49321266968325794,1.263184665440535,6.128951436926438,25,0.2171945701357466,0.7839326989398891,0.6666666666666666,-3.035900258396498,460,0.46956521739130436,1.1699476523645023,8.502323433677264,32,0.3847826086956522,0.588074546799203,0.5833333333333334,-4.261648576796066,186,0.5161290322580645,1.3245350151384134,6.101229341002325,28,0.5913978494623656,0.7899515924992412,0.8,-2.13707042286055
QQQ,"d80_zero,cons_m2s1c45,d80_front",2,time_asc,0.0,-9.999999999999997e+17,False,False,True,221,0.49321266968325794,1.263184665440535,6.128951436926438,25,0.2171945701357466,0.7839326989398891,0.6666666666666666,-3.035900258396498,450,0.4777777777777778,1.2027734553920189,9.540982070892529,32,0.39111111111111113,0.5240550671669238,0.75,-4.091580978480831,172,0.5930232558139535,1.78112928280723,10.853950012117723,27,0.5755813953488372,0.44404809573906556,1.0,-2.1362100209265904
QQQ,"cons_m2s1c45,d80_front,d80_zero",2,time_asc,-999999.0,-9.999999999999997e+17,False,False,False,221,0.48868778280542985,1.2429435921684786,5.7803787229529835,25,0.2171945701357466,0.8312059939156922,0.6666666666666666,-3.2155296036814995,460,0.46956521739130436,1.1749465013688403,8.774976852195323,32,0.3869565217391304,0.5698020728965343,0.5833333333333334,-3.9666254815568553,186,0.510752688172043,1.2584529190900957,4.962836468627867,28,0.5806451612903226,0.9688079782639734,0.8,-2.22094987822146
QQQ,"cons_m2s1c45,d80_front,d80_zero",2,time_asc,0.0,-9.999999999999997e+17,False,False,True,221,0.48868778280542985,1.2429435921684786,5.7803787229529835,25,0.2171945701357466,0.8312059939156922,0.6666666666666666,-3.2155296036814995,450,0.4777777777777778,1.195193281449265,9.210242696242116,32,0.3933333333333333,0.542873859560732,0.75,-4.4500865632370825,172,0.5872093023255814,1.7082639085391123,10.053950012117724,27,0.5755813953488372,0.46405531905671876,1.0,-2.1362100209265904
QQQ,"cons_m2s1c45,d80_zero,d80_front",2,time_asc,-999999.0,-9.999999999999997e+17,False,False,False,221,0.48868778280542985,1.2429435921684786,5.7803787229529835,25,0.2171945701357466,0.8312059939156922,0.6666666666666666,-3.2155296036814995,460,0.4717391304347826,1.188744905460217,9.436576837953787,32,0.3847826086956522,0.5298531539413812,0.5833333333333334,-3.9666254815568553,186,0.5053763440860215,1.2383001937391949,4.64299099624159,28,0.5860215053763441,1.035547036278574,0.8,-2.2209498782214596
QQQ,"cons_m2s1c45,d80_zero,d80_front",2,time_asc,0.0,-9.999999999999997e+17,False,False,True,221,0.48868778280542985,1.2429435921684786,5.7803787229529835,25,0.2171945701357466,0.8312059939156922,0.6666666666666666,-3.2155296036814995,450,0.48,1.2226836840129933,10.471398380520617,32,0.39111111111111113,0.4774911447645076,0.75,-4.091580978480831,172,0.5872093023255814,1.7082639085391123,10.053950012117724,27,0.5755813953488372,0.46405531905671876,1.0,-2.1362100209265904
QQQ,"d80_front,d80_zero,cons_m2s2c30",2,time_asc,-999999.0,5.981650658964797,True,False,False,245,0.5142857142857142,1.3516180634727157,8.471285661937909,34,0.2,0.5671731108312223,0.6666666666666666,-2.8742732583871824,477,0.4779874213836478,1.236088567604836,11.565407259860496,32,0.40461215932914046,0.4323237295199504,0.8333333333333334,-3.2420232848830963,192,0.4739583333333333,1.2544722507475758,4.9777468561924945,34,0.5989583333333334,0.958977027990014,0.8,-2.557095419366482
QQQ,"d80_front,d80_zero,cons_m2s2c30",2,time_asc,0.0,5.981650658964797,True,False,True,245,0.5142857142857142,1.3516180634727157,8.471285661937909,34,0.2,0.5671731108312223,0.6666666666666666,-2.8742732583871824,476,0.4831932773109244,1.248215251200447,11.797009329671722,32,0.4117647058823529,0.4238362334277425,0.75,-2.7727889125301988,188,0.5585106382978723,1.796712408361956,11.841602653304879,34,0.601063829787234,0.41316979809354454,1.0,-1.6517125378081916
QQQ,"d80_front,cons_m2s2c30,d80_zero",2,time_asc,-999999.0,5.8834472050292375,True,False,False,245,0.5102040816326531,1.33022195891396,8.122712947964455,34,0.2,0.5915124013862024,0.6666666666666666,-3.053902603672184,477,0.480083857442348,1.2532444936361022,12.418203727689765,32,0.40461215932914046,0.40263472154601065,0.8333333333333334,-2.9788968906598097,192,0.46875,1.2165716578823713,4.31950851143176,34,0.5885416666666666,1.0998487349578985,0.8,-2.270317884768729
QQQ,"d80_front,cons_m2s2c30,d80_zero",2,time_asc,0.0,5.8834472050292375,True,False,True,245,0.5102040816326531,1.33022195891396,8.122712947964455,34,0.2,0.5915124013862024,0.6666666666666666,-3.053902603672184,476,0.4852941176470588,1.2679539386806442,12.727425639299808,32,0.4117647058823529,0.39285242292525957,0.75,-2.7727889125301988,188,0.5531914893617021,1.728189818170427,11.041602653304878,34,0.601063829787234,0.44104590755331485,1.0,-1.6517125378081916
QQQ,"d80_zero,d80_front,cons_m2s2c30",2,time_asc,-999999.0,5.981650658964797,True,False,False,245,0.5142857142857142,1.3516180634727155,8.47128566193791,34,0.2,0.5671731108312222,0.6666666666666666,-2.8742732583871824,477,0.480083857442348,1.2483375007250783,12.145550309171703,32,0.4025157232704403,0.4116734007700132,0.75,-3.2420232848830963,192,0.46875,1.2510602767503975,4.9167435447157,34,0.5989583333333334,0.9708753045231554,0.8,-2.618098730843277
QQQ,"d80_zero,d80_front,cons_m2s2c30",2,time_asc,0.0,5.981650658964797,True,False,True,245,0.5142857142857142,1.3516180634727155,8.47128566193791,34,0.2,0.5671731108312222,0.6666666666666666,-2.8742732583871824,476,0.4852941176470588,1.2756880070286403,13.05816501395022,32,0.4096638655462185,0.38290219143795706,0.75,-2.7727889125301983,188,0.5585106382978723,1.796712408361956,11.841602653304879,34,0.601063829787234,0.41316979809354454,1.0,-1.6517125378081916
QQQ,"d80_zero,cons_m2s2c30,d80_front",2,time_asc,-999999.0,6.302736412131233,True,False,True,245,0.5102040816326531,1.3834086287247784,9.400733620963337,34,0.2,0.511096860664891,0.8333333333333334,-2.768322272500635,477,0.47379454926624737,1.221489543972615,11.464734436678025,32,0.40041928721174,0.43612000152432484,0.6666666666666666,-2.8963448915231,192,0.5052083333333334,1.306714943099041,6.109252849327424,34,0.59375,0.788914119777918,0.8,-2.13707042286055
QQQ,"d80_zero,cons_m2s2c30,d80_front",2,time_asc,0.0,6.302736412131233,True,False,True,245,0.5102040816326531,1.3834086287247784,9.400733620963337,34,0.2,0.511096860664891,0.8333333333333334,-2.768322272500635,476,0.47689075630252103,1.2452482835334369,12.352202634423854,32,0.40756302521008403,0.40478610560238887,0.75,-2.7727889125301988,188,0.5904255319148937,1.8207589705161382,12.507271179577238,34,0.5957446808510638,0.39393750931084126,1.0,-1.9098586605947663
QQQ,"cons_m2s2c30,d80_front,d80_zero",2,time_asc,-999999.0,6.240473861749066,True,False,False,245,0.5061224489795918,1.3617351147601124,9.052160906989881,34,0.2,0.5307777326307999,0.8333333333333334,-2.768322272500635,477,0.4758909853249476,1.2396895991265133,12.39898784095455,32,0.40041928721174,0.4032587227390223,0.6666666666666666,-2.8963448915231,192,0.5,1.2446226608208042,4.9708599769529656,34,0.5833333333333334,0.9672442168796128,1.0,-2.22094987822146
QQQ,"cons_m2s2c30,d80_front,d80_zero",2,time_asc,0.0,6.240473861749066,True,False,True,245,0.5061224489795918,1.3617351147601124,9.052160906989881,34,0.2,0.5307777326307999,0.8333333333333334,-2.768322272500635,476,0.4789915966386555,1.2519613545661101,12.683063245531905,32,0.40756302521008403,0.3942265289705499,0.75,-2.9744093889353618,188,0.5851063829787234,1.7534283680343088,11.707271179577237,34,0.5957446808510638,0.42085667797231696,1.0,-1.9098586605947663
QQQ,"cons_m2s2c30,d80_zero,d80_front",2,time_asc,-999999.0,6.240473861749066,True,False,False,245,0.5061224489795918,1.3617351147601127,9.052160906989881,34,0.2,0.5307777326307999,0.8333333333333334,-2.768322272500635,477,0.4758909853249476,1.2396895991265133,12.39898784095455,32,0.40041928721174,0.4032587227390223,0.6666666666666666,-2.8963448915231,192,0.4947916666666667,1.2257530685976221,4.651014504566689,34,0.5885416666666666,1.033760604467094,0.8,-2.22094987822146
QQQ,"cons_m2s2c30,d80_zero,d80_front",2,time_asc,0.0,6.240473861749066,True,False,True,245,0.5061224489795918,1.3617351147601127,9.05216090698988,34,0.2,0.5307777326308,0.8333333333333334,-2.768322272500635,476,0.4789915966386555,1.2638721101156543,13.282618944051944,32,0.40756302521008403,0.37643178811803807,0.75,-2.7727889125301988,188,0.5851063829787234,1.7534283680343088,11.707271179577237,34,0.5957446808510638,0.42085667797231696,1.0,-1.9098586605947663
QQQ,"d80_front,d80_zero,cons_m3allc30",2,time_asc,-999999.0,5.981650658964797,True,False,False,245,0.5142857142857142,1.3516180634727157,8.471285661937909,34,0.2,0.5671731108312223,0.6666666666666666,-2.8742732583871824,477,0.4779874213836478,1.236088567604836,11.565407259860496,32,0.40461215932914046,0.4323237295199504,0.8333333333333334,-3.2420232848830963,192,0.4739583333333333,1.2544722507475758,4.9777468561924945,34,0.5989583333333334,0.958977027990014,0.8,-2.557095419366482
QQQ,"d80_front,d80_zero,cons_m3allc30",2,time_asc,0.0,5.981650658964797,True,False,True,245,0.5142857142857142,1.3516180634727157,8.471285661937909,34,0.2,0.5671731108312223,0.6666666666666666,-2.8742732583871824,476,0.4831932773109244,1.248215251200447,11.797009329671722,32,0.4117647058823529,0.4238362334277425,0.75,-2.7727889125301988,189,0.5555555555555556,1.7611646426155214,11.541602653304878,34,0.5978835978835979,0.42390928923280763,1.0,-1.6517125378081916
QQQ,"d80_front,cons_m3allc30,d80_zero",2,time_asc,-999999.0,5.8834472050292375,True,False,False,245,0.5102040816326531,1.33022195891396,8.122712947964455,34,0.2,0.5915124013862024,0.6666666666666666,-3.053902603672184,477,0.480083857442348,1.2532444936361022,12.418203727689765,32,0.40461215932914046,0.40263472154601065,0.8333333333333334,-2.9788968906598097,192,0.46875,1.2165716578823713,4.31950851143176,34,0.5885416666666666,1.0998487349578985,0.8,-2.270317884768729
QQQ,"d80_front,cons_m3allc30,d80_zero",2,time_asc,0.0,5.8834472050292375,True,False,True,245,0.5102040816326531,1.33022195891396,8.122712947964455,34,0.2,0.5915124013862024,0.6666666666666666,-3.053902603672184,476,0.4852941176470588,1.2679539386806442,12.727425639299808,32,0.4117647058823529,0.39285242292525957,0.75,-2.7727889125301988,189,0.5502645502645502,1.6946611262904159,10.741602653304879,34,0.5978835978835979,0.45336378753235923,1.0,-1.6517125378081916
QQQ,"d80_zero,d80_front,cons_m3allc30",2,time_asc,-999999.0,5.981650658964797,True,False,False,245,0.5142857142857142,1.3516180634727155,8.47128566193791,34,0.2,0.5671731108312222,0.6666666666666666,-2.8742732583871824,477,0.480083857442348,1.2483375007250783,12.145550309171703,32,0.4025157232704403,0.4116734007700132,0.75,-3.2420232848830963,192,0.46875,1.2510602767503975,4.9167435447157,34,0.5989583333333334,0.9708753045231554,0.8,-2.618098730843277
QQQ,"d80_zero,d80_front,cons_m3allc30",2,time_asc,0.0,5.981650658964797,True,False,True,245,0.5142857142857142,1.3516180634727155,8.47128566193791,34,0.2,0.5671731108312222,0.6666666666666666,-2.8742732583871824,476,0.4852941176470588,1.2756880070286403,13.05816501395022,32,0.4096638655462185,0.38290219143795706,0.75,-2.7727889125301983,189,0.5555555555555556,1.761164642615521,11.541602653304878,34,0.5978835978835979,0.42390928923280763,1.0,-1.6517125378081916
QQQ,"d80_zero,cons_m3allc30,d80_front",2,time_asc,-999999.0,6.302736412131233,True,False,True,245,0.5102040816326531,1.3834086287247784,9.400733620963337,34,0.2,0.511096860664891,0.8333333333333334,-2.768322272500635,477,0.47379454926624737,1.221489543972615,11.464734436678025,32,0.40041928721174,0.43612000152432484,0.6666666666666666,-2.8963448915231,192,0.5052083333333334,1.306714943099041,6.109252849327424,34,0.59375,0.788914119777918,0.8,-2.13707042286055
QQQ,"d80_zero,cons_m3allc30,d80_front",2,time_asc,0.0,6.302736412131233,True,False,True,245,0.5102040816326531,1.3834086287247784,9.400733620963337,34,0.2,0.511096860664891,0.8333333333333334,-2.768322272500635,476,0.47689075630252103,1.2452482835334369,12.352202634423854,32,0.40756302521008403,0.40478610560238887,0.75,-2.7727889125301988,189,0.5873015873015873,1.7856061640585705,12.207271179577237,34,0.5925925925925926,0.403618727255026,1.0,-1.9098586605947663
QQQ,"cons_m3allc30,d80_front,d80_zero",2,time_asc,-999999.0,6.240473861749066,True,False,False,245,0.5061224489795918,1.3617351147601124,9.052160906989881,34,0.2,0.5307777326307999,0.8333333333333334,-2.768322272500635,477,0.4758909853249476,1.2396895991265133,12.39898784095455,32,0.40041928721174,0.4032587227390223,0.6666666666666666,-2.8963448915231,192,0.5,1.2446226608208042,4.9708599769529656,34,0.5833333333333334,0.9672442168796128,1.0,-2.22094987822146
QQQ,"cons_m3allc30,d80_front,d80_zero",2,time_asc,0.0,6.240473861749066,True,False,True,245,0.5061224489795918,1.3617351147601124,9.052160906989881,34,0.2,0.5307777326307999,0.8333333333333334,-2.768322272500635,476,0.4789915966386555,1.2519613545661101,12.683063245531905,32,0.40756302521008403,0.3942265289705499,0.75,-2.9744093889353618,189,0.582010582010582,1.7202166988033354,11.407271179577236,34,0.5925925925925926,0.43192479421187274,1.0,-1.9098586605947663
QQQ,"cons_m3allc30,d80_zero,d80_front",2,time_asc,-999999.0,6.240473861749066,True,False,False,245,0.5061224489795918,1.3617351147601127,9.052160906989881,34,0.2,0.5307777326307999,0.8333333333333334,-2.768322272500635,477,0.4758909853249476,1.2396895991265133,12.39898784095455,32,0.40041928721174,0.4032587227390223,0.6666666666666666,-2.8963448915231,192,0.4947916666666667,1.2257530685976221,4.651014504566689,34,0.5885416666666666,1.033760604467094,0.8,-2.22094987822146
QQQ,"cons_m3allc30,d80_zero,d80_front",2,time_asc,0.0,6.240473861749066,True,False,True,245,0.5061224489795918,1.3617351147601127,9.05216090698988,34,0.2,0.5307777326308,0.8333333333333334,-2.768322272500635,476,0.4789915966386555,1.2638721101156543,13.282618944051944,32,0.40756302521008403,0.37643178811803807,0.75,-2.7727889125301988,189,0.582010582010582,1.7202166988033354,11.407271179577236,34,0.5925925925925926,0.43192479421187274,1.0,-1.9098586605947663
QQQ,"d80_front,d80_zero,cons_m3s2c30",2,time_asc,-999999.0,5.981650658964797,True,False,False,245,0.5142857142857142,1.3516180634727157,8.471285661937909,34,0.2,0.5671731108312223,0.6666666666666666,-2.8742732583871824,477,0.4779874213836478,1.236088567604836,11.565407259860496,32,0.40461215932914046,0.4323237295199504,0.8333333333333334,-3.2420232848830963,192,0.4739583333333333,1.2544722507475758,4.9777468561924945,34,0.5989583333333334,0.958977027990014,0.8,-2.557095419366482
QQQ,"d80_front,d80_zero,cons_m3s2c30",2,time_asc,0.0,5.981650658964797,True,False,True,245,0.5142857142857142,1.3516180634727157,8.471285661937909,34,0.2,0.5671731108312223,0.6666666666666666,-2.8742732583871824,476,0.4831932773109244,1.248215251200447,11.797009329671722,32,0.4117647058823529,0.4238362334277425,0.75,-2.7727889125301988,189,0.5555555555555556,1.7611646426155214,11.541602653304878,34,0.5978835978835979,0.42390928923280763,1.0,-1.6517125378081916
QQQ,"d80_front,cons_m3s2c30,d80_zero",2,time_asc,-999999.0,5.8834472050292375,True,False,False,245,0.5102040816326531,1.33022195891396,8.122712947964455,34,0.2,0.5915124013862024,0.6666666666666666,-3.053902603672184,477,0.480083857442348,1.2532444936361022,12.418203727689765,32,0.40461215932914046,0.40263472154601065,0.8333333333333334,-2.9788968906598097,192,0.46875,1.2165716578823713,4.31950851143176,34,0.5885416666666666,1.0998487349578985,0.8,-2.270317884768729
QQQ,"d80_front,cons_m3s2c30,d80_zero",2,time_asc,0.0,5.8834472050292375,True,False,True,245,0.5102040816326531,1.33022195891396,8.122712947964455,34,0.2,0.5915124013862024,0.6666666666666666,-3.053902603672184,476,0.4852941176470588,1.2679539386806442,12.727425639299808,32,0.4117647058823529,0.39285242292525957,0.75,-2.7727889125301988,189,0.5502645502645502,1.6946611262904159,10.741602653304879,34,0.5978835978835979,0.45336378753235923,1.0,-1.6517125378081916
QQQ,"d80_zero,d80_front,cons_m3s2c30",2,time_asc,-999999.0,5.981650658964797,True,False,False,245,0.5142857142857142,1.3516180634727155,8.47128566193791,34,0.2,0.5671731108312222,0.6666666666666666,-2.8742732583871824,477,0.480083857442348,1.2483375007250783,12.145550309171703,32,0.4025157232704403,0.4116734007700132,0.75,-3.2420232848830963,192,0.46875,1.2510602767503975,4.9167435447157,34,0.5989583333333334,0.9708753045231554,0.8,-2.618098730843277
QQQ,"d80_zero,d80_front,cons_m3s2c30",2,time_asc,0.0,5.981650658964797,True,False,True,245,0.5142857142857142,1.3516180634727155,8.47128566193791,34,0.2,0.5671731108312222,0.6666666666666666,-2.8742732583871824,476,0.4852941176470588,1.2756880070286403,13.05816501395022,32,0.4096638655462185,0.38290219143795706,0.75,-2.7727889125301983,189,0.5555555555555556,1.761164642615521,11.541602653304878,34,0.5978835978835979,0.42390928923280763,1.0,-1.6517125378081916
QQQ,"d80_zero,cons_m3s2c30,d80_front",2,time_asc,-999999.0,6.302736412131233,True,False,True,245,0.5102040816326531,1.3834086287247784,9.400733620963337,34,0.2,0.511096860664891,0.8333333333333334,-2.768322272500635,477,0.47379454926624737,1.221489543972615,11.464734436678025,32,0.40041928721174,0.43612000152432484,0.6666666666666666,-2.8963448915231,192,0.5052083333333334,1.306714943099041,6.109252849327424,34,0.59375,0.788914119777918,0.8,-2.13707042286055
QQQ,"d80_zero,cons_m3s2c30,d80_front",2,time_asc,0.0,6.302736412131233,True,False,True,245,0.5102040816326531,1.3834086287247784,9.400733620963337,34,0.2,0.511096860664891,0.8333333333333334,-2.768322272500635,476,0.47689075630252103,1.2452482835334369,12.352202634423854,32,0.40756302521008403,0.40478610560238887,0.75,-2.7727889125301988,189,0.5873015873015873,1.7856061640585705,12.207271179577237,34,0.5925925925925926,0.403618727255026,1.0,-1.9098586605947663
QQQ,"cons_m3s2c30,d80_front,d80_zero",2,time_asc,-999999.0,6.240473861749066,True,False,False,245,0.5061224489795918,1.3617351147601124,9.052160906989881,34,0.2,0.5307777326307999,0.8333333333333334,-2.768322272500635,477,0.4758909853249476,1.2396895991265133,12.39898784095455,32,0.40041928721174,0.4032587227390223,0.6666666666666666,-2.8963448915231,192,0.5,1.2446226608208042,4.9708599769529656,34,0.5833333333333334,0.9672442168796128,1.0,-2.22094987822146
QQQ,"cons_m3s2c30,d80_front,d80_zero",2,time_asc,0.0,6.240473861749066,True,False,True,245,0.5061224489795918,1.3617351147601124,9.052160906989881,34,0.2,0.5307777326307999,0.8333333333333334,-2.768322272500635,476,0.4789915966386555,1.2519613545661101,12.683063245531905,32,0.40756302521008403,0.3942265289705499,0.75,-2.9744093889353618,189,0.582010582010582,1.7202166988033354,11.407271179577236,34,0.5925925925925926,0.43192479421187274,1.0,-1.9098586605947663
QQQ,"cons_m3s2c30,d80_zero,d80_front",2,time_asc,-999999.0,6.240473861749066,True,False,False,245,0.5061224489795918,1.3617351147601127,9.052160906989881,34,0.2,0.5307777326307999,0.8333333333333334,-2.768322272500635,477,0.4758909853249476,1.2396895991265133,12.39898784095455,32,0.40041928721174,0.4032587227390223,0.6666666666666666,-2.8963448915231,192,0.4947916666666667,1.2257530685976221,4.651014504566689,34,0.5885416666666666,1.033760604467094,0.8,-2.22094987822146
QQQ,"cons_m3s2c30,d80_zero,d80_front",2,time_asc,0.0,6.240473861749066,True,False,True,245,0.5061224489795918,1.3617351147601127,9.05216090698988,34,0.2,0.5307777326308,0.8333333333333334,-2.768322272500635,476,0.4789915966386555,1.2638721101156543,13.282618944051944,32,0.40756302521008403,0.37643178811803807,0.75,-2.7727889125301988,189,0.582010582010582,1.7202166988033354,11.407271179577236,34,0.5925925925925926,0.43192479421187274,1.0,-1.9098586605947663
QQQ,"d80_front,cons_m2s1c45,cons_m2s2c30",2,time_asc,-999999.0,6.028526195146078,True,False,True,245,0.5183673469387755,1.376965411754055,8.85554707048746,34,0.20408163265306123,0.5274123936995783,0.6666666666666666,-2.992841404502504,476,0.4810924369747899,1.2301291069643008,10.386223918992052,32,0.41386554621848737,0.48140691352293064,0.5833333333333334,-2.4478987841894737,192,0.515625,1.4634813170353063,7.375683440447798,34,0.609375,0.6617627164014811,1.0,-1.7241784207427715
QQQ,"d80_front,cons_m2s1c45,cons_m2s2c30",2,time_asc,0.0,6.157810380756016,True,False,True,245,0.5224489795918368,1.4163368594264205,9.655547070487462,34,0.2,0.5146861849471325,0.6666666666666666,-2.9928414045025047,475,0.48,1.2222946994480948,10.0850302461375,32,0.4126315789473684,0.4957843336082177,0.6666666666666666,-2.4478987841894737,188,0.526595744680851,1.468930993469159,7.347107153810815,34,0.5957446808510638,0.6449484980544877,1.0,-1.6832259788901802
QQQ,"d80_front,cons_m2s2c30,cons_m2s1c45",2,time_asc,-999999.0,6.028526195146078,True,False,True,245,0.5183673469387755,1.376965411754055,8.85554707048746,34,0.20408163265306123,0.5274123936995783,0.6666666666666666,-2.992841404502504,476,0.4810924369747899,1.2301291069643008,10.386223918992052,32,0.41386554621848737,0.48140691352293064,0.5833333333333334,-2.4478987841894737,192,0.515625,1.4634813170353063,7.375683440447798,34,0.609375,0.6617627164014811,1.0,-1.7241784207427715
QQQ,"d80_front,cons_m2s2c30,cons_m2s1c45",2,time_asc,0.0,6.157810380756016,True,False,True,245,0.5224489795918368,1.4163368594264205,9.655547070487462,34,0.2,0.5146861849471325,0.6666666666666666,-2.9928414045025047,475,0.48,1.2222946994480948,10.0850302461375,32,0.4126315789473684,0.4957843336082177,0.6666666666666666,-2.4478987841894737,188,0.526595744680851,1.468930993469159,7.347107153810815,34,0.5957446808510638,0.6449484980544877,1.0,-1.6832259788901802
QQQ,"cons_m2s1c45,d80_front,cons_m2s2c30",2,time_asc,-999999.0,6.104395111716385,True,False,True,245,0.5142857142857142,1.3898081603898236,9.23182100651448,34,0.20408163265306123,0.5175658069854128,0.6666666666666666,-2.8824606603936793,476,0.47478991596638653,1.171982117724109,8.38768845979894,32,0.41386554621848737,0.5961117921778243,0.4166666666666667,-3.001060824977376,192,0.546875,1.4934425854255273,8.037431308161722,34,0.6041666666666666,0.6072776390526319,1.0,-1.6517125378081925
QQQ,"cons_m2s1c45,d80_front,cons_m2s2c30",2,time_asc,0.0,6.233222254661676,True,False,True,245,0.5183673469387755,1.4290222482785218,10.03182100651448,34,0.2,0.49538131532246255,0.6666666666666666,-2.88246066039368,475,0.47368421052631576,1.165773058795612,8.118613089899444,32,0.4126315789473684,0.6158687382479917,0.4166666666666667,-3.2254702696573183,188,0.5585106382978723,1.4992241401617985,8.008855021524738,34,0.5904255319148937,0.591658322089784,1.0,-1.6517125378081925
QQQ,"cons_m2s1c45,cons_m2s2c30,d80_front",2,time_asc,-999999.0,6.403247467111292,True,False,True,245,0.5142857142857142,1.4051176667930232,9.71716846238056,34,0.20408163265306123,0.49171473229877466,0.8333333333333334,-2.559991942083651,476,0.4726890756302521,1.1888594408343232,9.307475626551899,32,0.4117647058823529,0.5372025886091231,0.5,-3.028680804483953,192,0.546875,1.4820036718309095,8.037243111000343,34,0.59375,0.6072918588449486,1.0,-1.651712537808192
QQQ,"cons_m2s1c45,cons_m2s2c30,d80_front",2,time_asc,0.0,6.5313884802348445,True,False,True,245,0.5183673469387755,1.4440239301216249,10.51716846238056,34,0.2,0.47252040347766666,0.8333333333333334,-2.559991942083651,475,0.47157894736842104,1.182645179954396,9.038400256652404,32,0.4105263157894737,0.5531952400890768,0.5,-3.213524193346453,188,0.5585106382978723,1.4874781283322538,8.00866682436336,34,0.5797872340425532,0.5916722255794864,1.0,-1.651712537808192
QQQ,"cons_m2s2c30,d80_front,cons_m2s1c45",2,time_asc,-999999.0,6.403247467111292,True,False,True,245,0.5142857142857142,1.4051176667930232,9.71716846238056,34,0.20408163265306123,0.49171473229877466,0.8333333333333334,-2.559991942083651,476,0.4726890756302521,1.1888594408343232,9.307475626551899,32,0.4117647058823529,0.5372025886091231,0.5,-3.028680804483953,192,0.546875,1.4820036718309095,8.037243111000343,34,0.59375,0.6072918588449486,1.0,-1.651712537808192
QQQ,"cons_m2s2c30,d80_front,cons_m2s1c45",2,time_asc,0.0,6.5313884802348445,True,False,True,245,0.5183673469387755,1.4440239301216249,10.51716846238056,34,0.2,0.47252040347766666,0.8333333333333334,-2.559991942083651,475,0.47157894736842104,1.182645179954396,9.038400256652404,32,0.4105263157894737,0.5531952400890768,0.5,-3.213524193346453,188,0.5585106382978723,1.4874781283322538,8.00866682436336,34,0.5797872340425532,0.5916722255794864,1.0,-1.651712537808192
QQQ,"cons_m2s2c30,cons_m2s1c45,d80_front",2,time_asc,-999999.0,6.403247467111292,True,False,True,245,0.5142857142857142,1.4051176667930232,9.71716846238056,34,0.20408163265306123,0.49171473229877466,0.8333333333333334,-2.559991942083651,476,0.4726890756302521,1.1888594408343232,9.307475626551899,32,0.4117647058823529,0.5372025886091231,0.5,-3.028680804483953,192,0.546875,1.4820036718309095,8.037243111000343,34,0.59375,0.6072918588449486,1.0,-1.651712537808192
QQQ,"cons_m2s2c30,cons_m2s1c45,d80_front",2,time_asc,0.0,6.5313884802348445,True,False,True,245,0.5183673469387755,1.4440239301216249,10.51716846238056,34,0.2,0.47252040347766666,0.8333333333333334,-2.559991942083651,475,0.47157894736842104,1.182645179954396,9.038400256652404,32,0.4105263157894737,0.5531952400890768,0.5,-3.213524193346453,188,0.5585106382978723,1.4874781283322538,8.00866682436336,34,0.5797872340425532,0.5916722255794864,1.0,-1.651712537808192
QQQ,"d80_front,cons_m2s1c45,cons_m3allc30",2,time_asc,-999999.0,6.028526195146078,True,False,True,245,0.5183673469387755,1.376965411754055,8.85554707048746,34,0.20408163265306123,0.5274123936995783,0.6666666666666666,-2.992841404502504,476,0.4810924369747899,1.2301291069643008,10.386223918992052,32,0.41386554621848737,0.48140691352293064,0.5833333333333334,-2.4478987841894737,192,0.515625,1.4634813170353063,7.375683440447798,34,0.609375,0.6617627164014811,1.0,-1.7241784207427715
QQQ,"d80_front,cons_m2s1c45,cons_m3allc30",2,time_asc,0.0,6.157810380756016,True,False,True,245,0.5224489795918368,1.4163368594264205,9.655547070487462,34,0.2,0.5146861849471325,0.6666666666666666,-2.9928414045025047,475,0.48,1.2222946994480948,10.0850302461375,32,0.4126315789473684,0.4957843336082177,0.6666666666666666,-2.4478987841894737,189,0.5238095238095238,1.4413329600102267,7.047107153810814,34,0.5925925925925926,0.6724043810421215,1.0,-1.6832259788901802
QQQ,"d80_front,cons_m3allc30,cons_m2s1c45",2,time_asc,-999999.0,6.028526195146078,True,False,True,245,0.5183673469387755,1.376965411754055,8.85554707048746,34,0.20408163265306123,0.5274123936995783,0.6666666666666666,-2.992841404502504,476,0.4810924369747899,1.2301291069643008,10.386223918992052,32,0.41386554621848737,0.48140691352293064,0.5833333333333334,-2.4478987841894737,192,0.515625,1.4634813170353063,7.375683440447798,34,0.609375,0.6617627164014811,1.0,-1.7241784207427715
QQQ,"d80_front,cons_m3allc30,cons_m2s1c45",2,time_asc,0.0,6.157810380756016,True,False,True,245,0.5224489795918368,1.4163368594264205,9.655547070487462,34,0.2,0.5146861849471325,0.6666666666666666,-2.9928414045025047,475,0.48,1.2222946994480948,10.0850302461375,32,0.4126315789473684,0.4957843336082177,0.6666666666666666,-2.4478987841894737,189,0.5238095238095238,1.4413329600102267,7.047107153810814,34,0.5925925925925926,0.6724043810421215,1.0,-1.6832259788901802
QQQ,"cons_m2s1c45,d80_front,cons_m3allc30",2,time_asc,-999999.0,6.104395111716385,True,False,True,245,0.5142857142857142,1.3898081603898236,9.23182100651448,34,0.20408163265306123,0.5175658069854128,0.6666666666666666,-2.8824606603936793,476,0.47478991596638653,1.171982117724109,8.38768845979894,32,0.41386554621848737,0.5961117921778243,0.4166666666666667,-3.001060824977376,192,0.546875,1.4934425854255273,8.037431308161722,34,0.6041666666666666,0.6072776390526319,1.0,-1.6517125378081925
QQQ,"cons_m2s1c45,d80_front,cons_m3allc30",2,time_asc,0.0,6.233222254661676,True,False,True,245,0.5183673469387755,1.4290222482785218,10.03182100651448,34,0.2,0.49538131532246255,0.6666666666666666,-2.88246066039368,475,0.47368421052631576,1.165773058795612,8.118613089899444,32,0.4126315789473684,0.6158687382479917,0.4166666666666667,-3.2254702696573183,189,0.5555555555555556,1.4717029904589705,7.708855021524737,34,0.5873015873015873,0.6146834660484296,1.0,-1.6517125378081925
QQQ,"cons_m2s1c45,cons_m3allc30,d80_front",2,time_asc,-999999.0,6.403247467111292,True,False,True,245,0.5142857142857142,1.4051176667930232,9.71716846238056,34,0.20408163265306123,0.49171473229877466,0.8333333333333334,-2.559991942083651,476,0.4726890756302521,1.1888594408343232,9.307475626551899,32,0.4117647058823529,0.5372025886091231,0.5,-3.028680804483953,192,0.546875,1.4820036718309095,8.037243111000343,34,0.59375,0.6072918588449486,1.0,-1.651712537808192
QQQ,"cons_m2s1c45,cons_m3allc30,d80_front",2,time_asc,0.0,6.5313884802348445,True,False,True,245,0.5183673469387755,1.4440239301216249,10.51716846238056,34,0.2,0.47252040347766666,0.8333333333333334,-2.559991942083651,475,0.47157894736842104,1.182645179954396,9.038400256652404,32,0.4105263157894737,0.5531952400890768,0.5,-3.213524193346453,189,0.5555555555555556,1.4608029217182696,7.70866682436336,34,0.5767195767195767,0.6146984727527135,1.0,-1.651712537808192
QQQ,"cons_m3allc30,d80_front,cons_m2s1c45",2,time_asc,-999999.0,6.403247467111292,True,False,True,245,0.5142857142857142,1.4051176667930232,9.71716846238056,34,0.20408163265306123,0.49171473229877466,0.8333333333333334,-2.559991942083651,476,0.4726890756302521,1.1888594408343232,9.307475626551899,32,0.4117647058823529,0.5372025886091231,0.5,-3.028680804483953,192,0.546875,1.4820036718309095,8.037243111000343,34,0.59375,0.6072918588449486,1.0,-1.651712537808192
QQQ,"cons_m3allc30,d80_front,cons_m2s1c45",2,time_asc,0.0,6.5313884802348445,True,False,True,245,0.5183673469387755,1.4440239301216249,10.51716846238056,34,0.2,0.47252040347766666,0.8333333333333334,-2.559991942083651,475,0.47157894736842104,1.182645179954396,9.038400256652404,32,0.4105263157894737,0.5531952400890768,0.5,-3.213524193346453,189,0.5555555555555556,1.4608029217182696,7.70866682436336,34,0.5767195767195767,0.6146984727527135,1.0,-1.651712537808192
QQQ,"cons_m3allc30,cons_m2s1c45,d80_front",2,time_asc,-999999.0,6.403247467111292,True,False,True,245,0.5142857142857142,1.4051176667930232,9.71716846238056,34,0.20408163265306123,0.49171473229877466,0.8333333333333334,-2.559991942083651,476,0.4726890756302521,1.1888594408343232,9.307475626551899,32,0.4117647058823529,0.5372025886091231,0.5,-3.028680804483953,192,0.546875,1.4820036718309095,8.037243111000343,34,0.59375,0.6072918588449486,1.0,-1.651712537808192
QQQ,"cons_m3allc30,cons_m2s1c45,d80_front",2,time_asc,0.0,6.5313884802348445,True,False,True,245,0.5183673469387755,1.4440239301216249,10.51716846238056,34,0.2,0.47252040347766666,0.8333333333333334,-2.559991942083651,475,0.47157894736842104,1.182645179954396,9.038400256652404,32,0.4105263157894737,0.5531952400890768,0.5,-3.213524193346453,189,0.5555555555555556,1.4608029217182696,7.70866682436336,34,0.5767195767195767,0.6146984727527135,1.0,-1.651712537808192
QQQ,"d80_front,cons_m2s1c45,cons_m3s2c30",2,time_asc,-999999.0,6.028526195146078,True,False,True,245,0.5183673469387755,1.376965411754055,8.85554707048746,34,0.20408163265306123,0.5274123936995783,0.6666666666666666,-2.992841404502504,476,0.4810924369747899,1.2301291069643008,10.386223918992052,32,0.41386554621848737,0.48140691352293064,0.5833333333333334,-2.4478987841894737,192,0.515625,1.4634813170353063,7.375683440447798,34,0.609375,0.6617627164014811,1.0,-1.7241784207427715
QQQ,"d80_front,cons_m2s1c45,cons_m3s2c30",2,time_asc,0.0,6.157810380756016,True,False,True,245,0.5224489795918368,1.4163368594264205,9.655547070487462,34,0.2,0.5146861849471325,0.6666666666666666,-2.9928414045025047,475,0.48,1.2222946994480948,10.0850302461375,32,0.4126315789473684,0.4957843336082177,0.6666666666666666,-2.4478987841894737,189,0.5238095238095238,1.4413329600102267,7.047107153810814,34,0.5925925925925926,0.6724043810421215,1.0,-1.6832259788901802
QQQ,"d80_front,cons_m3s2c30,cons_m2s1c45",2,time_asc,-999999.0,6.028526195146078,True,False,True,245,0.5183673469387755,1.376965411754055,8.85554707048746,34,0.20408163265306123,0.5274123936995783,0.6666666666666666,-2.992841404502504,476,0.4810924369747899,1.2301291069643008,10.386223918992052,32,0.41386554621848737,0.48140691352293064,0.5833333333333334,-2.4478987841894737,192,0.515625,1.4634813170353063,7.375683440447798,34,0.609375,0.6617627164014811,1.0,-1.7241784207427715
QQQ,"d80_front,cons_m3s2c30,cons_m2s1c45",2,time_asc,0.0,6.157810380756016,True,False,True,245,0.5224489795918368,1.4163368594264205,9.655547070487462,34,0.2,0.5146861849471325,0.6666666666666666,-2.9928414045025047,475,0.48,1.2222946994480948,10.0850302461375,32,0.4126315789473684,0.4957843336082177,0.6666666666666666,-2.4478987841894737,189,0.5238095238095238,1.4413329600102267,7.047107153810814,34,0.5925925925925926,0.6724043810421215,1.0,-1.6832259788901802
QQQ,"cons_m2s1c45,d80_front,cons_m3s2c30",2,time_asc,-999999.0,6.104395111716385,True,False,True,245,0.5142857142857142,1.3898081603898236,9.23182100651448,34,0.20408163265306123,0.5175658069854128,0.6666666666666666,-2.8824606603936793,476,0.47478991596638653,1.171982117724109,8.38768845979894,32,0.41386554621848737,0.5961117921778243,0.4166666666666667,-3.001060824977376,192,0.546875,1.4934425854255273,8.037431308161722,34,0.6041666666666666,0.6072776390526319,1.0,-1.6517125378081925
QQQ,"cons_m2s1c45,d80_front,cons_m3s2c30",2,time_asc,0.0,6.233222254661676,True,False,True,245,0.5183673469387755,1.4290222482785218,10.03182100651448,34,0.2,0.49538131532246255,0.6666666666666666,-2.88246066039368,475,0.47368421052631576,1.165773058795612,8.118613089899444,32,0.4126315789473684,0.6158687382479917,0.4166666666666667,-3.2254702696573183,189,0.5555555555555556,1.4717029904589705,7.708855021524737,34,0.5873015873015873,0.6146834660484296,1.0,-1.6517125378081925
QQQ,"cons_m2s1c45,cons_m3s2c30,d80_front",2,time_asc,-999999.0,6.403247467111292,True,False,True,245,0.5142857142857142,1.4051176667930232,9.71716846238056,34,0.20408163265306123,0.49171473229877466,0.8333333333333334,-2.559991942083651,476,0.4726890756302521,1.1888594408343232,9.307475626551899,32,0.4117647058823529,0.5372025886091231,0.5,-3.028680804483953,192,0.546875,1.4820036718309095,8.037243111000343,34,0.59375,0.6072918588449486,1.0,-1.651712537808192
QQQ,"cons_m2s1c45,cons_m3s2c30,d80_front",2,time_asc,0.0,6.5313884802348445,True,False,True,245,0.5183673469387755,1.4440239301216249,10.51716846238056,34,0.2,0.47252040347766666,0.8333333333333334,-2.559991942083651,475,0.47157894736842104,1.182645179954396,9.038400256652404,32,0.4105263157894737,0.5531952400890768,0.5,-3.213524193346453,189,0.5555555555555556,1.4608029217182696,7.70866682436336,34,0.5767195767195767,0.6146984727527135,1.0,-1.651712537808192
QQQ,"cons_m3s2c30,d80_front,cons_m2s1c45",2,time_asc,-999999.0,6.403247467111292,True,False,True,245,0.5142857142857142,1.4051176667930232,9.71716846238056,34,0.20408163265306123,0.49171473229877466,0.8333333333333334,-2.559991942083651,476,0.4726890756302521,1.1888594408343232,9.307475626551899,32,0.4117647058823529,0.5372025886091231,0.5,-3.028680804483953,192,0.546875,1.4820036718309095,8.037243111000343,34,0.59375,0.6072918588449486,1.0,-1.651712537808192
QQQ,"cons_m3s2c30,d80_front,cons_m2s1c45",2,time_asc,0.0,6.5313884802348445,True,False,True,245,0.5183673469387755,1.4440239301216249,10.51716846238056,34,0.2,0.47252040347766666,0.8333333333333334,-2.559991942083651,475,0.47157894736842104,1.182645179954396,9.038400256652404,32,0.4105263157894737,0.5531952400890768,0.5,-3.213524193346453,189,0.5555555555555556,1.4608029217182696,7.70866682436336,34,0.5767195767195767,0.6146984727527135,1.0,-1.651712537808192
QQQ,"cons_m3s2c30,cons_m2s1c45,d80_front",2,time_asc,-999999.0,6.403247467111292,True,False,True,245,0.5142857142857142,1.4051176667930232,9.71716846238056,34,0.20408163265306123,0.49171473229877466,0.8333333333333334,-2.559991942083651,476,0.4726890756302521,1.1888594408343232,9.307475626551899,32,0.4117647058823529,0.5372025886091231,0.5,-3.028680804483953,192,0.546875,1.4820036718309095,8.037243111000343,34,0.59375,0.6072918588449486,1.0,-1.651712537808192
QQQ,"cons_m3s2c30,cons_m2s1c45,d80_front",2,time_asc,0.0,6.5313884802348445,True,False,True,245,0.5183673469387755,1.4440239301216249,10.51716846238056,34,0.2,0.47252040347766666,0.8333333333333334,-2.559991942083651,475,0.47157894736842104,1.182645179954396,9.038400256652404,32,0.4105263157894737,0.5531952400890768,0.5,-3.213524193346453,189,0.5555555555555556,1.4608029217182696,7.70866682436336,34,0.5767195767195767,0.6146984727527135,1.0,-1.651712537808192
QQQ,"d80_front,cons_m2s2c30,cons_m3allc30",2,time_asc,-999999.0,6.000017841630411,True,False,True,245,0.5142857142857142,1.3705024137842194,8.652144998375352,34,0.19591836734693877,0.5743751042336681,0.6666666666666666,-2.992841404502504,476,0.4810924369747899,1.2447134821359809,11.023584588931735,32,0.4180672268907563,0.45357296981421685,0.75,-2.4478987841894737,192,0.5104166666666666,1.4423938181673184,7.071187841023453,34,0.6041666666666666,0.6902591783167379,1.0,-1.7241784207427715
QQQ,"d80_front,cons_m2s2c30,cons_m3allc30",2,time_asc,0.0,6.000017841630411,True,False,True,245,0.5142857142857142,1.3705024137842194,8.652144998375352,34,0.19591836734693877,0.5743751042336681,0.6666666666666666,-2.992841404502504,475,0.48210526315789476,1.2414488068540248,10.907234304939685,32,0.4189473684210526,0.45841134977137077,0.8333333333333334,-2.4478987841894737,189,0.5185185185185185,1.4253900571671942,6.820282494035214,34,0.5978835978835979,0.6947667824668262,1.0,-1.6832259788901802
QQQ,"d80_front,cons_m3allc30,cons_m2s2c30",2,time_asc,-999999.0,6.000017841630411,True,False,True,245,0.5142857142857142,1.3705024137842194,8.652144998375352,34,0.19591836734693877,0.5743751042336681,0.6666666666666666,-2.992841404502504,476,0.4810924369747899,1.2447134821359809,11.023584588931735,32,0.4180672268907563,0.45357296981421685,0.75,-2.4478987841894737,192,0.5104166666666666,1.4423938181673184,7.071187841023453,34,0.6041666666666666,0.6902591783167379,1.0,-1.7241784207427715
QQQ,"d80_front,cons_m3allc30,cons_m2s2c30",2,time_asc,0.0,6.000017841630411,True,False,True,245,0.5142857142857142,1.3705024137842194,8.652144998375352,34,0.19591836734693877,0.5743751042336681,0.6666666666666666,-2.992841404502504,475,0.48210526315789476,1.2414488068540248,10.907234304939685,32,0.4189473684210526,0.45841134977137077,0.8333333333333334,-2.4478987841894737,189,0.5185185185185185,1.4253900571671942,6.820282494035214,34,0.5978835978835979,0.6947667824668262,1.0,-1.6832259788901802
QQQ,"cons_m2s2c30,d80_front,cons_m3allc30",2,time_asc,-999999.0,6.3752079393149765,True,False,True,245,0.5102040816326531,1.3989529901598228,9.51376639026845,34,0.19591836734693877,0.5223563919301183,0.8333333333333334,-2.5599919420836503,476,0.4726890756302521,1.2021419264656799,9.944836296491582,32,0.41596638655462187,0.5027734847444336,0.5833333333333334,-2.8362303121332655,192,0.5416666666666666,1.4617967989306875,7.732747511575998,34,0.5885416666666666,0.6312054417348198,1.0,-1.651712537808192
QQQ,"cons_m2s2c30,d80_front,cons_m3allc30",2,time_asc,0.0,6.3752079393149765,True,False,True,245,0.5102040816326531,1.3989529901598228,9.51376639026845,34,0.19591836734693877,0.5223563919301183,0.8333333333333334,-2.5599919420836503,475,0.47368421052631576,1.2000431687910096,9.860604315454589,32,0.4168421052631579,0.5070683134666978,0.5833333333333334,-2.8690682019524747,189,0.5502645502645502,1.4455068218896012,7.48184216458776,34,0.582010582010582,0.6333340933498232,1.0,-1.651712537808192
QQQ,"cons_m2s2c30,cons_m3allc30,d80_front",2,time_asc,-999999.0,6.3752079393149765,True,False,True,245,0.5102040816326531,1.3989529901598228,9.51376639026845,34,0.19591836734693877,0.5223563919301183,0.8333333333333334,-2.5599919420836503,476,0.4726890756302521,1.2021419264656799,9.944836296491582,32,0.41596638655462187,0.5027734847444336,0.5833333333333334,-2.8362303121332655,192,0.5416666666666666,1.4617967989306875,7.732747511575998,34,0.5885416666666666,0.6312054417348198,1.0,-1.651712537808192
QQQ,"cons_m2s2c30,cons_m3allc30,d80_front",2,time_asc,0.0,6.3752079393149765,True,False,True,245,0.5102040816326531,1.3989529901598228,9.51376639026845,34,0.19591836734693877,0.5223563919301183,0.8333333333333334,-2.5599919420836503,475,0.47368421052631576,1.2000431687910096,9.860604315454589,32,0.4168421052631579,0.5070683134666978,0.5833333333333334,-2.8690682019524747,189,0.5502645502645502,1.4455068218896012,7.48184216458776,34,0.582010582010582,0.6333340933498232,1.0,-1.651712537808192
QQQ,"cons_m3allc30,d80_front,cons_m2s2c30",2,time_asc,-999999.0,6.3752079393149765,True,False,True,245,0.5102040816326531,1.3989529901598228,9.51376639026845,34,0.19591836734693877,0.5223563919301183,0.8333333333333334,-2.5599919420836503,476,0.4726890756302521,1.2021419264656799,9.944836296491582,32,0.41596638655462187,0.5027734847444336,0.5833333333333334,-2.8362303121332655,192,0.5416666666666666,1.4617967989306875,7.732747511575998,34,0.5885416666666666,0.6312054417348198,1.0,-1.651712537808192
QQQ,"cons_m3allc30,d80_front,cons_m2s2c30",2,time_asc,0.0,6.3752079393149765,True,False,True,245,0.5102040816326531,1.3989529901598228,9.51376639026845,34,0.19591836734693877,0.5223563919301183,0.8333333333333334,-2.5599919420836503,475,0.47368421052631576,1.2000431687910096,9.860604315454589,32,0.4168421052631579,0.5070683134666978,0.5833333333333334,-2.8690682019524747,189,0.5502645502645502,1.4455068218896012,7.48184216458776,34,0.582010582010582,0.6333340933498232,1.0,-1.651712537808192
QQQ,"cons_m3allc30,cons_m2s2c30,d80_front",2,time_asc,-999999.0,6.3752079393149765,True,False,True,245,0.5102040816326531,1.3989529901598228,9.51376639026845,34,0.19591836734693877,0.5223563919301183,0.8333333333333334,-2.5599919420836503,476,0.4726890756302521,1.2021419264656799,9.944836296491582,32,0.41596638655462187,0.5027734847444336,0.5833333333333334,-2.8362303121332655,192,0.5416666666666666,1.4617967989306875,7.732747511575998,34,0.5885416666666666,0.6312054417348198,1.0,-1.651712537808192
QQQ,"cons_m3allc30,cons_m2s2c30,d80_front",2,time_asc,0.0,6.3752079393149765,True,False,True,245,0.5102040816326531,1.3989529901598228,9.51376639026845,34,0.19591836734693877,0.5223563919301183,0.8333333333333334,-2.5599919420836503,475,0.47368421052631576,1.2000431687910096,9.860604315454589,32,0.4168421052631579,0.5070683134666978,0.5833333333333334,-2.8690682019524747,189,0.5502645502645502,1.4455068218896012,7.48184216458776,34,0.582010582010582,0.6333340933498232,1.0,-1.651712537808192
QQQ,"d80_front,cons_m2s2c30,cons_m3s2c30",2,time_asc,-999999.0,6.000017841630411,True,False,True,245,0.5142857142857142,1.3705024137842194,8.652144998375352,34,0.19591836734693877,0.5743751042336681,0.6666666666666666,-2.992841404502504,476,0.4810924369747899,1.2447134821359809,11.023584588931735,32,0.4180672268907563,0.45357296981421685,0.75,-2.4478987841894737,192,0.5104166666666666,1.4423938181673184,7.071187841023453,34,0.6041666666666666,0.6902591783167379,1.0,-1.7241784207427715
QQQ,"d80_front,cons_m2s2c30,cons_m3s2c30",2,time_asc,0.0,6.000017841630411,True,False,True,245,0.5142857142857142,1.3705024137842194,8.652144998375352,34,0.19591836734693877,0.5743751042336681,0.6666666666666666,-2.992841404502504,475,0.48210526315789476,1.2414488068540248,10.907234304939685,32,0.4189473684210526,0.45841134977137077,0.8333333333333334,-2.4478987841894737,189,0.5185185185185185,1.4253900571671942,6.820282494035214,34,0.5978835978835979,0.6947667824668262,1.0,-1.6832259788901802
QQQ,"d80_front,cons_m3s2c30,cons_m2s2c30",2,time_asc,-999999.0,6.000017841630411,True,False,True,245,0.5142857142857142,1.3705024137842194,8.652144998375352,34,0.19591836734693877,0.5743751042336681,0.6666666666666666,-2.992841404502504,476,0.4810924369747899,1.2447134821359809,11.023584588931735,32,0.4180672268907563,0.45357296981421685,0.75,-2.4478987841894737,192,0.5104166666666666,1.4423938181673184,7.071187841023453,34,0.6041666666666666,0.6902591783167379,1.0,-1.7241784207427715
QQQ,"d80_front,cons_m3s2c30,cons_m2s2c30",2,time_asc,0.0,6.000017841630411,True,False,True,245,0.5142857142857142,1.3705024137842194,8.652144998375352,34,0.19591836734693877,0.5743751042336681,0.6666666666666666,-2.992841404502504,475,0.48210526315789476,1.2414488068540248,10.907234304939685,32,0.4189473684210526,0.45841134977137077,0.8333333333333334,-2.4478987841894737,189,0.5185185185185185,1.4253900571671942,6.820282494035214,34,0.5978835978835979,0.6947667824668262,1.0,-1.6832259788901802
QQQ,"cons_m2s2c30,d80_front,cons_m3s2c30",2,time_asc,-999999.0,6.3752079393149765,True,False,True,245,0.5102040816326531,1.3989529901598228,9.51376639026845,34,0.19591836734693877,0.5223563919301183,0.8333333333333334,-2.5599919420836503,476,0.4726890756302521,1.2021419264656799,9.944836296491582,32,0.41596638655462187,0.5027734847444336,0.5833333333333334,-2.8362303121332655,192,0.5416666666666666,1.4617967989306875,7.732747511575998,34,0.5885416666666666,0.6312054417348198,1.0,-1.651712537808192
QQQ,"cons_m2s2c30,d80_front,cons_m3s2c30",2,time_asc,0.0,6.3752079393149765,True,False,True,245,0.5102040816326531,1.3989529901598228,9.51376639026845,34,0.19591836734693877,0.5223563919301183,0.8333333333333334,-2.5599919420836503,475,0.47368421052631576,1.2000431687910096,9.860604315454589,32,0.4168421052631579,0.5070683134666978,0.5833333333333334,-2.8690682019524747,189,0.5502645502645502,1.4455068218896012,7.48184216458776,34,0.582010582010582,0.6333340933498232,1.0,-1.651712537808192
QQQ,"cons_m2s2c30,cons_m3s2c30,d80_front",2,time_asc,-999999.0,6.3752079393149765,True,False,True,245,0.5102040816326531,1.3989529901598228,9.51376639026845,34,0.19591836734693877,0.5223563919301183,0.8333333333333334,-2.5599919420836503,476,0.4726890756302521,1.2021419264656799,9.944836296491582,32,0.41596638655462187,0.5027734847444336,0.5833333333333334,-2.8362303121332655,192,0.5416666666666666,1.4617967989306875,7.732747511575998,34,0.5885416666666666,0.6312054417348198,1.0,-1.651712537808192
QQQ,"cons_m2s2c30,cons_m3s2c30,d80_front",2,time_asc,0.0,6.3752079393149765,True,False,True,245,0.5102040816326531,1.3989529901598228,9.51376639026845,34,0.19591836734693877,0.5223563919301183,0.8333333333333334,-2.5599919420836503,475,0.47368421052631576,1.2000431687910096,9.860604315454589,32,0.4168421052631579,0.5070683134666978,0.5833333333333334,-2.8690682019524747,189,0.5502645502645502,1.4455068218896012,7.48184216458776,34,0.582010582010582,0.6333340933498232,1.0,-1.651712537808192
QQQ,"cons_m3s2c30,d80_front,cons_m2s2c30",2,time_asc,-999999.0,6.3752079393149765,True,False,True,245,0.5102040816326531,1.3989529901598228,9.51376639026845,34,0.19591836734693877,0.5223563919301183,0.8333333333333334,-2.5599919420836503,476,0.4726890756302521,1.2021419264656799,9.944836296491582,32,0.41596638655462187,0.5027734847444336,0.5833333333333334,-2.8362303121332655,192,0.5416666666666666,1.4617967989306875,7.732747511575998,34,0.5885416666666666,0.6312054417348198,1.0,-1.651712537808192
QQQ,"cons_m3s2c30,d80_front,cons_m2s2c30",2,time_asc,0.0,6.3752079393149765,True,False,True,245,0.5102040816326531,1.3989529901598228,9.51376639026845,34,0.19591836734693877,0.5223563919301183,0.8333333333333334,-2.5599919420836503,475,0.47368421052631576,1.2000431687910096,9.860604315454589,32,0.4168421052631579,0.5070683134666978,0.5833333333333334,-2.8690682019524747,189,0.5502645502645502,1.4455068218896012,7.48184216458776,34,0.582010582010582,0.6333340933498232,1.0,-1.651712537808192
QQQ,"cons_m3s2c30,cons_m2s2c30,d80_front",2,time_asc,-999999.0,6.3752079393149765,True,False,True,245,0.5102040816326531,1.3989529901598228,9.51376639026845,34,0.19591836734693877,0.5223563919301183,0.8333333333333334,-2.5599919420836503,476,0.4726890756302521,1.2021419264656799,9.944836296491582,32,0.41596638655462187,0.5027734847444336,0.5833333333333334,-2.8362303121332655,192,0.5416666666666666,1.4617967989306875,7.732747511575998,34,0.5885416666666666,0.6312054417348198,1.0,-1.651712537808192
QQQ,"cons_m3s2c30,cons_m2s2c30,d80_front",2,time_asc,0.0,6.3752079393149765,True,False,True,245,0.5102040816326531,1.3989529901598228,9.51376639026845,34,0.19591836734693877,0.5223563919301183,0.8333333333333334,-2.5599919420836503,475,0.47368421052631576,1.2000431687910096,9.860604315454589,32,0.4168421052631579,0.5070683134666978,0.5833333333333334,-2.8690682019524747,189,0.5502645502645502,1.4455068218896012,7.48184216458776,34,0.582010582010582,0.6333340933498232,1.0,-1.651712537808192
QQQ,"d80_front,cons_m3allc30,cons_m3s2c30",2,time_asc,-999999.0,6.000017841630411,True,False,True,245,0.5142857142857142,1.3705024137842194,8.652144998375352,34,0.19591836734693877,0.5743751042336681,0.6666666666666666,-2.992841404502504,476,0.4810924369747899,1.2447134821359809,11.023584588931735,32,0.4180672268907563,0.45357296981421685,0.75,-2.4478987841894737,192,0.5104166666666666,1.4423938181673184,7.071187841023453,34,0.6041666666666666,0.6902591783167379,1.0,-1.7241784207427715
QQQ,"d80_front,cons_m3allc30,cons_m3s2c30",2,time_asc,0.0,6.000017841630411,True,False,True,245,0.5142857142857142,1.3705024137842194,8.652144998375352,34,0.19591836734693877,0.5743751042336681,0.6666666666666666,-2.992841404502504,475,0.48210526315789476,1.2414488068540248,10.907234304939685,32,0.4189473684210526,0.45841134977137077,0.8333333333333334,-2.4478987841894737,189,0.5185185185185185,1.4253900571671942,6.820282494035214,34,0.5978835978835979,0.6947667824668262,1.0,-1.6832259788901802
QQQ,"d80_front,cons_m3s2c30,cons_m3allc30",2,time_asc,-999999.0,6.000017841630411,True,False,True,245,0.5142857142857142,1.3705024137842194,8.652144998375352,34,0.19591836734693877,0.5743751042336681,0.6666666666666666,-2.992841404502504,476,0.4810924369747899,1.2447134821359809,11.023584588931735,32,0.4180672268907563,0.45357296981421685,0.75,-2.4478987841894737,192,0.5104166666666666,1.4423938181673184,7.071187841023453,34,0.6041666666666666,0.6902591783167379,1.0,-1.7241784207427715
QQQ,"d80_front,cons_m3s2c30,cons_m3allc30",2,time_asc,0.0,6.000017841630411,True,False,True,245,0.5142857142857142,1.3705024137842194,8.652144998375352,34,0.19591836734693877,0.5743751042336681,0.6666666666666666,-2.992841404502504,475,0.48210526315789476,1.2414488068540248,10.907234304939685,32,0.4189473684210526,0.45841134977137077,0.8333333333333334,-2.4478987841894737,189,0.5185185185185185,1.4253900571671942,6.820282494035214,34,0.5978835978835979,0.6947667824668262,1.0,-1.6832259788901802
QQQ,"cons_m3allc30,d80_front,cons_m3s2c30",2,time_asc,-999999.0,6.3752079393149765,True,False,True,245,0.5102040816326531,1.3989529901598228,9.51376639026845,34,0.19591836734693877,0.5223563919301183,0.8333333333333334,-2.5599919420836503,476,0.4726890756302521,1.2021419264656799,9.944836296491582,32,0.41596638655462187,0.5027734847444336,0.5833333333333334,-2.8362303121332655,192,0.5416666666666666,1.4617967989306875,7.732747511575998,34,0.5885416666666666,0.6312054417348198,1.0,-1.651712537808192
QQQ,"cons_m3allc30,d80_front,cons_m3s2c30",2,time_asc,0.0,6.3752079393149765,True,False,True,245,0.5102040816326531,1.3989529901598228,9.51376639026845,34,0.19591836734693877,0.5223563919301183,0.8333333333333334,-2.5599919420836503,475,0.47368421052631576,1.2000431687910096,9.860604315454589,32,0.4168421052631579,0.5070683134666978,0.5833333333333334,-2.8690682019524747,189,0.5502645502645502,1.4455068218896012,7.48184216458776,34,0.582010582010582,0.6333340933498232,1.0,-1.651712537808192
QQQ,"cons_m3allc30,cons_m3s2c30,d80_front",2,time_asc,-999999.0,6.3752079393149765,True,False,True,245,0.5102040816326531,1.3989529901598228,9.51376639026845,34,0.19591836734693877,0.5223563919301183,0.8333333333333334,-2.5599919420836503,476,0.4726890756302521,1.2021419264656799,9.944836296491582,32,0.41596638655462187,0.5027734847444336,0.5833333333333334,-2.8362303121332655,192,0.5416666666666666,1.4617967989306875,7.732747511575998,34,0.5885416666666666,0.6312054417348198,1.0,-1.651712537808192
QQQ,"cons_m3allc30,cons_m3s2c30,d80_front",2,time_asc,0.0,6.3752079393149765,True,False,True,245,0.5102040816326531,1.3989529901598228,9.51376639026845,34,0.19591836734693877,0.5223563919301183,0.8333333333333334,-2.5599919420836503,475,0.47368421052631576,1.2000431687910096,9.860604315454589,32,0.4168421052631579,0.5070683134666978,0.5833333333333334,-2.8690682019524747,189,0.5502645502645502,1.4455068218896012,7.48184216458776,34,0.582010582010582,0.6333340933498232,1.0,-1.651712537808192
QQQ,"cons_m3s2c30,d80_front,cons_m3allc30",2,time_asc,-999999.0,6.3752079393149765,True,False,True,245,0.5102040816326531,1.3989529901598228,9.51376639026845,34,0.19591836734693877,0.5223563919301183,0.8333333333333334,-2.5599919420836503,476,0.4726890756302521,1.2021419264656799,9.944836296491582,32,0.41596638655462187,0.5027734847444336,0.5833333333333334,-2.8362303121332655,192,0.5416666666666666,1.4617967989306875,7.732747511575998,34,0.5885416666666666,0.6312054417348198,1.0,-1.651712537808192
QQQ,"cons_m3s2c30,d80_front,cons_m3allc30",2,time_asc,0.0,6.3752079393149765,True,False,True,245,0.5102040816326531,1.3989529901598228,9.51376639026845,34,0.19591836734693877,0.5223563919301183,0.8333333333333334,-2.5599919420836503,475,0.47368421052631576,1.2000431687910096,9.860604315454589,32,0.4168421052631579,0.5070683134666978,0.5833333333333334,-2.8690682019524747,189,0.5502645502645502,1.4455068218896012,7.48184216458776,34,0.582010582010582,0.6333340933498232,1.0,-1.651712537808192
QQQ,"cons_m3s2c30,cons_m3allc30,d80_front",2,time_asc,-999999.0,6.3752079393149765,True,False,True,245,0.5102040816326531,1.3989529901598228,9.51376639026845,34,0.19591836734693877,0.5223563919301183,0.8333333333333334,-2.5599919420836503,476,0.4726890756302521,1.2021419264656799,9.944836296491582,32,0.41596638655462187,0.5027734847444336,0.5833333333333334,-2.8362303121332655,192,0.5416666666666666,1.4617967989306875,7.732747511575998,34,0.5885416666666666,0.6312054417348198,1.0,-1.651712537808192
QQQ,"cons_m3s2c30,cons_m3allc30,d80_front",2,time_asc,0.0,6.3752079393149765,True,False,True,245,0.5102040816326531,1.3989529901598228,9.51376639026845,34,0.19591836734693877,0.5223563919301183,0.8333333333333334,-2.5599919420836503,475,0.47368421052631576,1.2000431687910096,9.860604315454589,32,0.4168421052631579,0.5070683134666978,0.5833333333333334,-2.8690682019524747,189,0.5502645502645502,1.4455068218896012,7.48184216458776,34,0.582010582010582,0.6333340933498232,1.0,-1.651712537808192
QQQ,"d80_zero,cons_m2s1c45,cons_m2s2c30",2,time_asc,-999999.0,6.1790136531472015,True,False,False,236,0.5,1.3326932688805067,9.271707855736443,33,0.2076271186440678,0.539274972615372,0.8333333333333334,-2.9159402876453173,443,0.45146726862302483,1.0740465565408772,4.234431939950992,22,0.3837471783295711,1.1807959298686632,0.5833333333333334,-4.213937379043315,187,0.47058823529411764,1.1923594592697204,4.370829353727766,33,0.5882352941176471,1.1439476573789435,0.8,-2.176165673608182
QQQ,"d80_zero,cons_m2s1c45,cons_m2s2c30",2,time_asc,0.0,6.1790136531472015,True,False,True,236,0.5,1.3326932688805067,9.271707855736443,33,0.2076271186440678,0.539274972615372,0.8333333333333334,-2.9159402876453173,435,0.46436781609195404,1.1561191296536981,8.288538903116482,22,0.3839080459770115,0.6032426291828111,0.6666666666666666,-3.909590903858824,181,0.5524861878453039,1.6781992626489461,11.408415004331669,31,0.6077348066298343,0.4382729764039568,0.8,-1.9039415063965848
QQQ,"d80_zero,cons_m2s2c30,cons_m2s1c45",2,time_asc,-999999.0,6.1790136531472015,True,False,False,236,0.5,1.3326932688805067,9.271707855736443,33,0.2076271186440678,0.539274972615372,0.8333333333333334,-2.9159402876453173,443,0.45146726862302483,1.0740465565408772,4.234431939950992,22,0.3837471783295711,1.1807959298686632,0.5833333333333334,-4.213937379043315,187,0.47058823529411764,1.1923594592697204,4.370829353727766,33,0.5882352941176471,1.1439476573789435,0.8,-2.176165673608182
QQQ,"d80_zero,cons_m2s2c30,cons_m2s1c45",2,time_asc,0.0,6.1790136531472015,True,False,True,236,0.5,1.3326932688805067,9.271707855736443,33,0.2076271186440678,0.539274972615372,0.8333333333333334,-2.9159402876453173,435,0.46436781609195404,1.1561191296536981,8.288538903116482,22,0.3839080459770115,0.6032426291828111,0.6666666666666666,-3.909590903858824,181,0.5524861878453039,1.6781992626489461,11.408415004331669,31,0.6077348066298343,0.4382729764039568,0.8,-1.9039415063965848
QQQ,"cons_m2s1c45,d80_zero,cons_m2s2c30",2,time_asc,-999999.0,6.132068596265824,True,False,False,236,0.5,1.330992290234238,9.292304093072008,33,0.211864406779661,0.5380796786157495,0.8333333333333334,-3.1500218377575555,443,0.45598194130925507,1.1049836762482625,5.968685344227522,22,0.3837471783295711,0.837705409422468,0.5833333333333334,-4.213937379043316,187,0.45989304812834225,1.096740008257239,2.2643039417464506,33,0.5828877005347594,2.175981398043975,0.6,-2.600871538009607
QQQ,"cons_m2s1c45,d80_zero,cons_m2s2c30",2,time_asc,0.0,6.132068596265824,True,False,True,236,0.5,1.330992290234238,9.292304093072008,33,0.211864406779661,0.5380796786157495,0.8333333333333334,-3.1500218377575555,435,0.4689655172413793,1.189888380519852,10.018955212744567,22,0.3839080459770115,0.4990540324643604,0.6666666666666666,-3.909590903858824,181,0.5414364640883977,1.5630022399138095,9.808415004331668,31,0.6022099447513812,0.5023322580235429,0.8,-1.9039415063965848
QQQ,"cons_m2s1c45,cons_m2s2c30,d80_zero",2,time_asc,-999999.0,6.132068596265824,True,False,False,236,0.5,1.330992290234238,9.292304093072008,33,0.211864406779661,0.5380796786157495,0.8333333333333334,-3.1500218377575555,443,0.45598194130925507,1.1049836762482625,5.968685344227522,22,0.3837471783295711,0.837705409422468,0.5833333333333334,-4.213937379043316,187,0.47058823529411764,1.1235133633797036,2.828136137757831,33,0.5882352941176471,1.7421662242412967,0.8,-2.600871538009607
QQQ,"cons_m2s1c45,cons_m2s2c30,d80_zero",2,time_asc,0.0,6.132068596265824,True,False,True,236,0.5,1.330992290234238,9.292304093072008,33,0.211864406779661,0.5380796786157495,0.8333333333333334,-3.1500218377575555,435,0.4689655172413793,1.189888380519852,10.018955212744567,22,0.3839080459770115,0.4990540324643604,0.6666666666666666,-3.909590903858824,181,0.5414364640883977,1.5630022399138095,9.808415004331668,31,0.6022099447513812,0.5023322580235429,0.8,-1.9039415063965848
QQQ,"cons_m2s2c30,d80_zero,cons_m2s1c45",2,time_asc,-999999.0,6.132068596265824,True,False,False,236,0.5,1.330992290234238,9.292304093072008,33,0.211864406779661,0.5380796786157495,0.8333333333333334,-3.1500218377575555,443,0.45598194130925507,1.1049836762482625,5.968685344227522,22,0.3837471783295711,0.837705409422468,0.5833333333333334,-4.213937379043316,187,0.47593582887700536,1.160555396259725,3.6281361377578314,33,0.5935828877005348,1.378118077754925,0.8,-2.200871538009606
QQQ,"cons_m2s2c30,d80_zero,cons_m2s1c45",2,time_asc,0.0,6.132068596265824,True,False,True,236,0.5,1.330992290234238,9.292304093072008,33,0.211864406779661,0.5380796786157495,0.8333333333333334,-3.1500218377575555,435,0.4689655172413793,1.189888380519852,10.018955212744567,22,0.3839080459770115,0.4990540324643604,0.6666666666666666,-3.909590903858824,181,0.5469613259668509,1.6195915274824115,10.608415004331668,31,0.6077348066298343,0.4713239440536952,0.8,-1.9039415063965848
QQQ,"cons_m2s2c30,cons_m2s1c45,d80_zero",2,time_asc,-999999.0,6.132068596265824,True,False,False,236,0.5,1.330992290234238,9.292304093072008,33,0.211864406779661,0.5380796786157495,0.8333333333333334,-3.1500218377575555,443,0.45598194130925507,1.1049836762482625,5.968685344227522,22,0.3837471783295711,0.837705409422468,0.5833333333333334,-4.213937379043316,187,0.47058823529411764,1.1235133633797036,2.828136137757831,33,0.5882352941176471,1.7421662242412967,0.8,-2.600871538009607
QQQ,"cons_m2s2c30,cons_m2s1c45,d80_zero",2,time_asc,0.0,6.132068596265824,True,False,True,236,0.5,1.330992290234238,9.292304093072008,33,0.211864406779661,0.5380796786157495,0.8333333333333334,-3.1500218377575555,435,0.4689655172413793,1.189888380519852,10.018955212744567,22,0.3839080459770115,0.4990540324643604,0.6666666666666666,-3.909590903858824,181,0.5414364640883977,1.5630022399138095,9.808415004331668,31,0.6022099447513812,0.5023322580235429,0.8,-1.9039415063965848
QQQ,"d80_zero,cons_m2s1c45,cons_m3allc30",2,time_asc,-999999.0,6.1790136531472015,True,False,False,236,0.5,1.3326932688805067,9.271707855736443,33,0.2076271186440678,0.539274972615372,0.8333333333333334,-2.9159402876453173,443,0.45146726862302483,1.0740465565408772,4.234431939950992,22,0.3837471783295711,1.1807959298686632,0.5833333333333334,-4.213937379043315,187,0.47058823529411764,1.1923594592697204,4.370829353727766,33,0.5882352941176471,1.1439476573789435,0.8,-2.176165673608182
QQQ,"d80_zero,cons_m2s1c45,cons_m3allc30",2,time_asc,0.0,6.1790136531472015,True,False,True,236,0.5,1.3326932688805067,9.271707855736443,33,0.2076271186440678,0.539274972615372,0.8333333333333334,-2.9159402876453173,435,0.46436781609195404,1.1561191296536981,8.288538903116482,22,0.3839080459770115,0.6032426291828111,0.6666666666666666,-3.909590903858824,183,0.5519125683060109,1.6573752867716292,11.255334436223311,32,0.6065573770491803,0.44423380116617245,0.8,-1.9039415063965848
QQQ,"d80_zero,cons_m3allc30,cons_m2s1c45",2,time_asc,-999999.0,6.1790136531472015,True,False,False,236,0.5,1.3326932688805067,9.271707855736443,33,0.2076271186440678,0.539274972615372,0.8333333333333334,-2.9159402876453173,443,0.45146726862302483,1.0740465565408772,4.234431939950992,22,0.3837471783295711,1.1807959298686632,0.5833333333333334,-4.213937379043315,187,0.47058823529411764,1.1923594592697204,4.370829353727766,33,0.5882352941176471,1.1439476573789435,0.8,-2.176165673608182
QQQ,"d80_zero,cons_m3allc30,cons_m2s1c45",2,time_asc,0.0,6.1790136531472015,True,False,True,236,0.5,1.3326932688805067,9.271707855736443,33,0.2076271186440678,0.539274972615372,0.8333333333333334,-2.9159402876453173,435,0.46436781609195404,1.1561191296536981,8.288538903116482,22,0.3839080459770115,0.6032426291828111,0.6666666666666666,-3.909590903858824,183,0.5519125683060109,1.6573752867716292,11.255334436223311,32,0.6065573770491803,0.44423380116617245,0.8,-1.9039415063965848
QQQ,"cons_m2s1c45,d80_zero,cons_m3allc30",2,time_asc,-999999.0,6.132068596265824,True,False,False,236,0.5,1.330992290234238,9.292304093072008,33,0.211864406779661,0.5380796786157495,0.8333333333333334,-3.1500218377575555,443,0.45598194130925507,1.1049836762482625,5.968685344227522,22,0.3837471783295711,0.837705409422468,0.5833333333333334,-4.213937379043316,187,0.45989304812834225,1.096740008257239,2.2643039417464506,33,0.5828877005347594,2.175981398043975,0.6,-2.600871538009607
QQQ,"cons_m2s1c45,d80_zero,cons_m3allc30",2,time_asc,0.0,6.132068596265824,True,False,True,236,0.5,1.330992290234238,9.292304093072008,33,0.211864406779661,0.5380796786157495,0.8333333333333334,-3.1500218377575555,435,0.4689655172413793,1.189888380519852,10.018955212744567,22,0.3839080459770115,0.4990540324643604,0.6666666666666666,-3.909590903858824,183,0.5409836065573771,1.544833409212465,9.655334436223312,32,0.6010928961748634,0.510296488361221,0.8,-1.9039415063965848
QQQ,"cons_m2s1c45,cons_m3allc30,d80_zero",2,time_asc,-999999.0,6.132068596265824,True,False,False,236,0.5,1.330992290234238,9.292304093072008,33,0.211864406779661,0.5380796786157495,0.8333333333333334,-3.1500218377575555,443,0.45598194130925507,1.1049836762482625,5.968685344227522,22,0.3837471783295711,0.837705409422468,0.5833333333333334,-4.213937379043316,187,0.47058823529411764,1.1235133633797036,2.828136137757831,33,0.5882352941176471,1.7421662242412967,0.8,-2.600871538009607
QQQ,"cons_m2s1c45,cons_m3allc30,d80_zero",2,time_asc,0.0,6.132068596265824,True,False,True,236,0.5,1.330992290234238,9.292304093072008,33,0.211864406779661,0.5380796786157495,0.8333333333333334,-3.1500218377575555,435,0.4689655172413793,1.189888380519852,10.018955212744567,22,0.3839080459770115,0.4990540324643604,0.6666666666666666,-3.909590903858824,183,0.5409836065573771,1.544833409212465,9.655334436223312,32,0.6010928961748634,0.510296488361221,0.8,-1.9039415063965848
QQQ,"cons_m3allc30,d80_zero,cons_m2s1c45",2,time_asc,-999999.0,6.132068596265824,True,False,False,236,0.5,1.330992290234238,9.292304093072008,33,0.211864406779661,0.5380796786157495,0.8333333333333334,-3.1500218377575555,443,0.45598194130925507,1.1049836762482625,5.968685344227522,22,0.3837471783295711,0.837705409422468,0.5833333333333334,-4.213937379043316,187,0.47593582887700536,1.160555396259725,3.6281361377578314,33,0.5935828877005348,1.378118077754925,0.8,-2.200871538009606
QQQ,"cons_m3allc30,d80_zero,cons_m2s1c45",2,time_asc,0.0,6.132068596265824,True,False,True,236,0.5,1.330992290234238,9.292304093072008,33,0.211864406779661,0.5380796786157495,0.8333333333333334,-3.1500218377575555,435,0.4689655172413793,1.189888380519852,10.018955212744567,22,0.3839080459770115,0.4990540324643604,0.6666666666666666,-3.909590903858824,183,0.546448087431694,1.6001353637710194,10.45533443622331,32,0.6065573770491803,0.4782247789871853,0.8,-1.9039415063965848
QQQ,"cons_m3allc30,cons_m2s1c45,d80_zero",2,time_asc,-999999.0,6.132068596265824,True,False,False,236,0.5,1.330992290234238,9.292304093072008,33,0.211864406779661,0.5380796786157495,0.8333333333333334,-3.1500218377575555,443,0.45598194130925507,1.1049836762482625,5.968685344227522,22,0.3837471783295711,0.837705409422468,0.5833333333333334,-4.213937379043316,187,0.47058823529411764,1.1235133633797036,2.828136137757831,33,0.5882352941176471,1.7421662242412967,0.8,-2.600871538009607
QQQ,"cons_m3allc30,cons_m2s1c45,d80_zero",2,time_asc,0.0,6.132068596265824,True,False,True,236,0.5,1.330992290234238,9.292304093072008,33,0.211864406779661,0.5380796786157495,0.8333333333333334,-3.1500218377575555,435,0.4689655172413793,1.189888380519852,10.018955212744567,22,0.3839080459770115,0.4990540324643604,0.6666666666666666,-3.909590903858824,183,0.5409836065573771,1.544833409212465,9.655334436223312,32,0.6010928961748634,0.510296488361221,0.8,-1.9039415063965848
QQQ,"d80_zero,cons_m2s1c45,cons_m3s2c30",2,time_asc,-999999.0,6.1790136531472015,True,False,False,236,0.5,1.3326932688805067,9.271707855736443,33,0.2076271186440678,0.539274972615372,0.8333333333333334,-2.9159402876453173,443,0.45146726862302483,1.0740465565408772,4.234431939950992,22,0.3837471783295711,1.1807959298686632,0.5833333333333334,-4.213937379043315,187,0.47058823529411764,1.1923594592697204,4.370829353727766,33,0.5882352941176471,1.1439476573789435,0.8,-2.176165673608182
QQQ,"d80_zero,cons_m2s1c45,cons_m3s2c30",2,time_asc,0.0,6.1790136531472015,True,False,True,236,0.5,1.3326932688805067,9.271707855736443,33,0.2076271186440678,0.539274972615372,0.8333333333333334,-2.9159402876453173,435,0.46436781609195404,1.1561191296536981,8.288538903116482,22,0.3839080459770115,0.6032426291828111,0.6666666666666666,-3.909590903858824,182,0.5494505494505495,1.6487943597259378,11.108415004331668,31,0.6043956043956044,0.4501092188264731,0.8,-1.9039415063965848
QQQ,"d80_zero,cons_m3s2c30,cons_m2s1c45",2,time_asc,-999999.0,6.1790136531472015,True,False,False,236,0.5,1.3326932688805067,9.271707855736443,33,0.2076271186440678,0.539274972615372,0.8333333333333334,-2.9159402876453173,443,0.45146726862302483,1.0740465565408772,4.234431939950992,22,0.3837471783295711,1.1807959298686632,0.5833333333333334,-4.213937379043315,187,0.47058823529411764,1.1923594592697204,4.370829353727766,33,0.5882352941176471,1.1439476573789435,0.8,-2.176165673608182
QQQ,"d80_zero,cons_m3s2c30,cons_m2s1c45",2,time_asc,0.0,6.1790136531472015,True,False,True,236,0.5,1.3326932688805067,9.271707855736443,33,0.2076271186440678,0.539274972615372,0.8333333333333334,-2.9159402876453173,435,0.46436781609195404,1.1561191296536981,8.288538903116482,22,0.3839080459770115,0.6032426291828111,0.6666666666666666,-3.909590903858824,182,0.5494505494505495,1.6487943597259378,11.108415004331668,31,0.6043956043956044,0.4501092188264731,0.8,-1.9039415063965848
QQQ,"cons_m2s1c45,d80_zero,cons_m3s2c30",2,time_asc,-999999.0,6.132068596265824,True,False,False,236,0.5,1.330992290234238,9.292304093072008,33,0.211864406779661,0.5380796786157495,0.8333333333333334,-3.1500218377575555,443,0.45598194130925507,1.1049836762482625,5.968685344227522,22,0.3837471783295711,0.837705409422468,0.5833333333333334,-4.213937379043316,187,0.45989304812834225,1.096740008257239,2.2643039417464506,33,0.5828877005347594,2.175981398043975,0.6,-2.600871538009607
QQQ,"cons_m2s1c45,d80_zero,cons_m3s2c30",2,time_asc,0.0,6.132068596265824,True,False,True,236,0.5,1.330992290234238,9.292304093072008,33,0.211864406779661,0.5380796786157495,0.8333333333333334,-3.1500218377575555,435,0.4689655172413793,1.189888380519852,10.018955212744567,22,0.3839080459770115,0.4990540324643604,0.6666666666666666,-3.909590903858824,182,0.5384615384615384,1.5365430060694336,9.50841500433167,31,0.5989010989010989,0.5181813430012608,0.8,-1.9039415063965848
QQQ,"cons_m2s1c45,cons_m3s2c30,d80_zero",2,time_asc,-999999.0,6.132068596265824,True,False,False,236,0.5,1.330992290234238,9.292304093072008,33,0.211864406779661,0.5380796786157495,0.8333333333333334,-3.1500218377575555,443,0.45598194130925507,1.1049836762482625,5.968685344227522,22,0.3837471783295711,0.837705409422468,0.5833333333333334,-4.213937379043316,187,0.47058823529411764,1.1235133633797036,2.828136137757831,33,0.5882352941176471,1.7421662242412967,0.8,-2.600871538009607
QQQ,"cons_m2s1c45,cons_m3s2c30,d80_zero",2,time_asc,0.0,6.132068596265824,True,False,True,236,0.5,1.330992290234238,9.292304093072008,33,0.211864406779661,0.5380796786157495,0.8333333333333334,-3.1500218377575555,435,0.4689655172413793,1.189888380519852,10.018955212744567,22,0.3839080459770115,0.4990540324643604,0.6666666666666666,-3.909590903858824,182,0.5384615384615384,1.5365430060694336,9.50841500433167,31,0.5989010989010989,0.5181813430012608,0.8,-1.9039415063965848
QQQ,"cons_m3s2c30,d80_zero,cons_m2s1c45",2,time_asc,-999999.0,6.132068596265824,True,False,False,236,0.5,1.330992290234238,9.292304093072008,33,0.211864406779661,0.5380796786157495,0.8333333333333334,-3.1500218377575555,443,0.45598194130925507,1.1049836762482625,5.968685344227522,22,0.3837471783295711,0.837705409422468,0.5833333333333334,-4.213937379043316,187,0.47593582887700536,1.160555396259725,3.6281361377578314,33,0.5935828877005348,1.378118077754925,0.8,-2.200871538009606
QQQ,"cons_m3s2c30,d80_zero,cons_m2s1c45",2,time_asc,0.0,6.132068596265824,True,False,True,236,0.5,1.330992290234238,9.292304093072008,33,0.211864406779661,0.5380796786157495,0.8333333333333334,-3.1500218377575555,435,0.4689655172413793,1.189888380519852,10.018955212744567,22,0.3839080459770115,0.4990540324643604,0.6666666666666666,-3.909590903858824,182,0.5439560439560439,1.5917022000839884,10.30841500433167,31,0.6043956043956044,0.48504061952288147,0.8,-1.9039415063965848
QQQ,"cons_m3s2c30,cons_m2s1c45,d80_zero",2,time_asc,-999999.0,6.132068596265824,True,False,False,236,0.5,1.330992290234238,9.292304093072008,33,0.211864406779661,0.5380796786157495,0.8333333333333334,-3.1500218377575555,443,0.45598194130925507,1.1049836762482625,5.968685344227522,22,0.3837471783295711,0.837705409422468,0.5833333333333334,-4.213937379043316,187,0.47058823529411764,1.1235133633797036,2.828136137757831,33,0.5882352941176471,1.7421662242412967,0.8,-2.600871538009607
QQQ,"cons_m3s2c30,cons_m2s1c45,d80_zero",2,time_asc,0.0,6.132068596265824,True,False,True,236,0.5,1.330992290234238,9.292304093072008,33,0.211864406779661,0.5380796786157495,0.8333333333333334,-3.1500218377575555,435,0.4689655172413793,1.189888380519852,10.018955212744567,22,0.3839080459770115,0.4990540324643604,0.6666666666666666,-3.909590903858824,182,0.5384615384615384,1.5365430060694336,9.50841500433167,31,0.5989010989010989,0.5181813430012608,0.8,-1.9039415063965848
QQQ,"d80_zero,cons_m2s2c30,cons_m3allc30",2,time_asc,-999999.0,-9.999999999999997e+17,False,False,False,236,0.4915254237288136,1.2998970112165271,8.450600315240608,33,0.19491525423728814,0.5916739419071245,0.8333333333333334,-3.0728338259887074,443,0.4492099322799097,1.0674831620317076,3.8793421175399905,22,0.3860045146726862,1.2888783325897157,0.6666666666666666,-4.2139373790433154,187,0.47593582887700536,1.1962233501291337,4.454069841544268,33,0.5775401069518716,1.1225688365646402,0.8,-2.176165673608182
QQQ,"d80_zero,cons_m2s2c30,cons_m3allc30",2,time_asc,0.0,-9.999999999999997e+17,False,False,True,236,0.4915254237288136,1.2998970112165273,8.450600315240608,33,0.19491525423728814,0.5916739419071245,0.8333333333333334,-3.0728338259887074,435,0.46436781609195404,1.1562246540982222,8.31074296191867,22,0.38850574712643676,0.6016309279339893,0.75,-3.909590903858824,182,0.5494505494505495,1.6204540495350508,10.791791761598468,31,0.5879120879120879,0.4633150926607025,0.8,-1.9039415063965839
QQQ,"d80_zero,cons_m3allc30,cons_m2s2c30",2,time_asc,-999999.0,-9.999999999999997e+17,False,False,False,236,0.4915254237288136,1.2998970112165271,8.450600315240608,33,0.19491525423728814,0.5916739419071245,0.8333333333333334,-3.0728338259887074,443,0.4492099322799097,1.0674831620317076,3.8793421175399905,22,0.3860045146726862,1.2888783325897157,0.6666666666666666,-4.2139373790433154,187,0.47593582887700536,1.1962233501291337,4.454069841544268,33,0.5775401069518716,1.1225688365646402,0.8,-2.176165673608182
QQQ,"d80_zero,cons_m3allc30,cons_m2s2c30",2,time_asc,0.0,-9.999999999999997e+17,False,False,True,236,0.4915254237288136,1.2998970112165273,8.450600315240608,33,0.19491525423728814,0.5916739419071245,0.8333333333333334,-3.0728338259887074,435,0.46436781609195404,1.1562246540982222,8.31074296191867,22,0.38850574712643676,0.6016309279339893,0.75,-3.909590903858824,182,0.5494505494505495,1.6204540495350508,10.791791761598468,31,0.5879120879120879,0.4633150926607025,0.8,-1.9039415063965839
QQQ,"cons_m2s2c30,d80_zero,cons_m3allc30",2,time_asc,-999999.0,-9.999999999999997e+17,False,False,False,236,0.4915254237288136,1.2984519736529911,8.471196552576174,33,0.19915254237288135,0.5902353898847325,0.8333333333333334,-3.150021837757556,443,0.45372460496614,1.0982196952319527,5.613595521816519,22,0.3860045146726862,0.8906947393285001,0.6666666666666666,-4.213937379043316,187,0.48128342245989303,1.1644079371584013,3.7113766255743323,33,0.5828877005347594,1.347209002057627,0.8,-2.200871538009606
QQQ,"cons_m2s2c30,d80_zero,cons_m3allc30",2,time_asc,0.0,-9.999999999999997e+17,False,False,True,236,0.4915254237288136,1.2984519736529911,8.471196552576174,33,0.19915254237288135,0.5902353898847325,0.8333333333333334,-3.150021837757556,435,0.4689655172413793,1.1899266837962468,10.041159271546753,22,0.38850574712643676,0.4979504721300764,0.75,-3.909590903858824,182,0.5439560439560439,1.5647192870903137,9.991791761598469,31,0.5879120879120879,0.5004107490727078,0.8,-1.9039415063965848
QQQ,"cons_m2s2c30,cons_m3allc30,d80_zero",2,time_asc,-999999.0,-9.999999999999997e+17,False,False,False,236,0.4915254237288136,1.2984519736529911,8.471196552576174,33,0.19915254237288135,0.5902353898847325,0.8333333333333334,-3.150021837757556,443,0.45372460496614,1.0982196952319527,5.613595521816519,22,0.3860045146726862,0.8906947393285001,0.6666666666666666,-4.213937379043316,187,0.48128342245989303,1.1644079371584013,3.7113766255743323,33,0.5828877005347594,1.347209002057627,0.8,-2.200871538009606
QQQ,"cons_m2s2c30,cons_m3allc30,d80_zero",2,time_asc,0.0,-9.999999999999997e+17,False,False,True,236,0.4915254237288136,1.2984519736529911,8.471196552576174,33,0.19915254237288135,0.5902353898847325,0.8333333333333334,-3.150021837757556,435,0.4689655172413793,1.1899266837962468,10.041159271546753,22,0.38850574712643676,0.4979504721300764,0.75,-3.909590903858824,182,0.5439560439560439,1.5647192870903137,9.991791761598469,31,0.5879120879120879,0.5004107490727078,0.8,-1.9039415063965848
QQQ,"cons_m3allc30,d80_zero,cons_m2s2c30",2,time_asc,-999999.0,-9.999999999999997e+17,False,False,False,236,0.4915254237288136,1.2984519736529911,8.471196552576174,33,0.19915254237288135,0.5902353898847325,0.8333333333333334,-3.150021837757556,443,0.45372460496614,1.0982196952319527,5.613595521816519,22,0.3860045146726862,0.8906947393285001,0.6666666666666666,-4.213937379043316,187,0.48128342245989303,1.1644079371584013,3.7113766255743323,33,0.5828877005347594,1.347209002057627,0.8,-2.200871538009606
QQQ,"cons_m3allc30,d80_zero,cons_m2s2c30",2,time_asc,0.0,-9.999999999999997e+17,False,False,True,236,0.4915254237288136,1.2984519736529911,8.471196552576174,33,0.19915254237288135,0.5902353898847325,0.8333333333333334,-3.150021837757556,435,0.4689655172413793,1.1899266837962468,10.041159271546753,22,0.38850574712643676,0.4979504721300764,0.75,-3.909590903858824,182,0.5439560439560439,1.5647192870903137,9.991791761598469,31,0.5879120879120879,0.5004107490727078,0.8,-1.9039415063965848
QQQ,"cons_m3allc30,cons_m2s2c30,d80_zero",2,time_asc,-999999.0,-9.999999999999997e+17,False,False,False,236,0.4915254237288136,1.2984519736529911,8.471196552576174,33,0.19915254237288135,0.5902353898847325,0.8333333333333334,-3.150021837757556,443,0.45372460496614,1.0982196952319527,5.613595521816519,22,0.3860045146726862,0.8906947393285001,0.6666666666666666,-4.213937379043316,187,0.48128342245989303,1.1644079371584013,3.7113766255743323,33,0.5828877005347594,1.347209002057627,0.8,-2.200871538009606
QQQ,"cons_m3allc30,cons_m2s2c30,d80_zero",2,time_asc,0.0,-9.999999999999997e+17,False,False,True,236,0.4915254237288136,1.2984519736529911,8.471196552576174,33,0.19915254237288135,0.5902353898847325,0.8333333333333334,-3.150021837757556,435,0.4689655172413793,1.1899266837962468,10.041159271546753,22,0.38850574712643676,0.4979504721300764,0.75,-3.909590903858824,182,0.5439560439560439,1.5647192870903137,9.991791761598469,31,0.5879120879120879,0.5004107490727078,0.8,-1.9039415063965848
QQQ,"d80_zero,cons_m2s2c30,cons_m3s2c30",2,time_asc,-999999.0,-9.999999999999997e+17,False,False,False,236,0.4915254237288136,1.2998970112165271,8.450600315240608,33,0.19491525423728814,0.5916739419071245,0.8333333333333334,-3.0728338259887074,443,0.4492099322799097,1.0674831620317076,3.8793421175399905,22,0.3860045146726862,1.2888783325897157,0.6666666666666666,-4.2139373790433154,187,0.47593582887700536,1.1962233501291337,4.454069841544268,33,0.5775401069518716,1.1225688365646402,0.8,-2.176165673608182
QQQ,"d80_zero,cons_m2s2c30,cons_m3s2c30",2,time_asc,0.0,-9.999999999999997e+17,False,False,True,236,0.4915254237288136,1.2998970112165273,8.450600315240608,33,0.19491525423728814,0.5916739419071245,0.8333333333333334,-3.0728338259887074,435,0.46436781609195404,1.1562246540982222,8.31074296191867,22,0.38850574712643676,0.6016309279339893,0.75,-3.909590903858824,181,0.5469613259668509,1.6120071893207044,10.644872329706825,30,0.585635359116022,0.4697097198663826,0.8,-1.9039415063965839
QQQ,"d80_zero,cons_m3s2c30,cons_m2s2c30",2,time_asc,-999999.0,-9.999999999999997e+17,False,False,False,236,0.4915254237288136,1.2998970112165271,8.450600315240608,33,0.19491525423728814,0.5916739419071245,0.8333333333333334,-3.0728338259887074,443,0.4492099322799097,1.0674831620317076,3.8793421175399905,22,0.3860045146726862,1.2888783325897157,0.6666666666666666,-4.2139373790433154,187,0.47593582887700536,1.1962233501291337,4.454069841544268,33,0.5775401069518716,1.1225688365646402,0.8,-2.176165673608182
QQQ,"d80_zero,cons_m3s2c30,cons_m2s2c30",2,time_asc,0.0,-9.999999999999997e+17,False,False,True,236,0.4915254237288136,1.2998970112165273,8.450600315240608,33,0.19491525423728814,0.5916739419071245,0.8333333333333334,-3.0728338259887074,435,0.46436781609195404,1.1562246540982222,8.31074296191867,22,0.38850574712643676,0.6016309279339893,0.75,-3.909590903858824,181,0.5469613259668509,1.6120071893207044,10.644872329706825,30,0.585635359116022,0.4697097198663826,0.8,-1.9039415063965839
QQQ,"cons_m2s2c30,d80_zero,cons_m3s2c30",2,time_asc,-999999.0,-9.999999999999997e+17,False,False,False,236,0.4915254237288136,1.2984519736529911,8.471196552576174,33,0.19915254237288135,0.5902353898847325,0.8333333333333334,-3.150021837757556,443,0.45372460496614,1.0982196952319527,5.613595521816519,22,0.3860045146726862,0.8906947393285001,0.6666666666666666,-4.213937379043316,187,0.48128342245989303,1.1644079371584013,3.7113766255743323,33,0.5828877005347594,1.347209002057627,0.8,-2.200871538009606
QQQ,"cons_m2s2c30,d80_zero,cons_m3s2c30",2,time_asc,0.0,-9.999999999999997e+17,False,False,True,236,0.4915254237288136,1.2984519736529911,8.471196552576174,33,0.19915254237288135,0.5902353898847325,0.8333333333333334,-3.150021837757556,435,0.4689655172413793,1.1899266837962468,10.041159271546753,22,0.38850574712643676,0.4979504721300764,0.75,-3.909590903858824,181,0.5414364640883977,1.5564156475812885,9.844872329706826,30,0.585635359116022,0.5078786024388086,0.8,-1.9039415063965848
QQQ,"cons_m2s2c30,cons_m3s2c30,d80_zero",2,time_asc,-999999.0,-9.999999999999997e+17,False,False,False,236,0.4915254237288136,1.2984519736529911,8.471196552576174,33,0.19915254237288135,0.5902353898847325,0.8333333333333334,-3.150021837757556,443,0.45372460496614,1.0982196952319527,5.613595521816519,22,0.3860045146726862,0.8906947393285001,0.6666666666666666,-4.213937379043316,187,0.48128342245989303,1.1644079371584013,3.7113766255743323,33,0.5828877005347594,1.347209002057627,0.8,-2.200871538009606
QQQ,"cons_m2s2c30,cons_m3s2c30,d80_zero",2,time_asc,0.0,-9.999999999999997e+17,False,False,True,236,0.4915254237288136,1.2984519736529911,8.471196552576174,33,0.19915254237288135,0.5902353898847325,0.8333333333333334,-3.150021837757556,435,0.4689655172413793,1.1899266837962468,10.041159271546753,22,0.38850574712643676,0.4979504721300764,0.75,-3.909590903858824,181,0.5414364640883977,1.5564156475812885,9.844872329706826,30,0.585635359116022,0.5078786024388086,0.8,-1.9039415063965848
QQQ,"cons_m3s2c30,d80_zero,cons_m2s2c30",2,time_asc,-999999.0,-9.999999999999997e+17,False,False,False,236,0.4915254237288136,1.2984519736529911,8.471196552576174,33,0.19915254237288135,0.5902353898847325,0.8333333333333334,-3.150021837757556,443,0.45372460496614,1.0982196952319527,5.613595521816519,22,0.3860045146726862,0.8906947393285001,0.6666666666666666,-4.213937379043316,187,0.48128342245989303,1.1644079371584013,3.7113766255743323,33,0.5828877005347594,1.347209002057627,0.8,-2.200871538009606
QQQ,"cons_m3s2c30,d80_zero,cons_m2s2c30",2,time_asc,0.0,-9.999999999999997e+17,False,False,True,236,0.4915254237288136,1.2984519736529911,8.471196552576174,33,0.19915254237288135,0.5902353898847325,0.8333333333333334,-3.150021837757556,435,0.4689655172413793,1.1899266837962468,10.041159271546753,22,0.38850574712643676,0.4979504721300764,0.75,-3.909590903858824,181,0.5414364640883977,1.5564156475812885,9.844872329706826,30,0.585635359116022,0.5078786024388086,0.8,-1.9039415063965848
QQQ,"cons_m3s2c30,cons_m2s2c30,d80_zero",2,time_asc,-999999.0,-9.999999999999997e+17,False,False,False,236,0.4915254237288136,1.2984519736529911,8.471196552576174,33,0.19915254237288135,0.5902353898847325,0.8333333333333334,-3.150021837757556,443,0.45372460496614,1.0982196952319527,5.613595521816519,22,0.3860045146726862,0.8906947393285001,0.6666666666666666,-4.213937379043316,187,0.48128342245989303,1.1644079371584013,3.7113766255743323,33,0.5828877005347594,1.347209002057627,0.8,-2.200871538009606
QQQ,"cons_m3s2c30,cons_m2s2c30,d80_zero",2,time_asc,0.0,-9.999999999999997e+17,False,False,True,236,0.4915254237288136,1.2984519736529911,8.471196552576174,33,0.19915254237288135,0.5902353898847325,0.8333333333333334,-3.150021837757556,435,0.4689655172413793,1.1899266837962468,10.041159271546753,22,0.38850574712643676,0.4979504721300764,0.75,-3.909590903858824,181,0.5414364640883977,1.5564156475812885,9.844872329706826,30,0.585635359116022,0.5078786024388086,0.8,-1.9039415063965848
QQQ,"d80_zero,cons_m3allc30,cons_m3s2c30",2,time_asc,-999999.0,-9.999999999999997e+17,False,False,False,236,0.4915254237288136,1.2998970112165271,8.450600315240608,33,0.19491525423728814,0.5916739419071245,0.8333333333333334,-3.0728338259887074,443,0.4492099322799097,1.0674831620317076,3.8793421175399905,22,0.3860045146726862,1.2888783325897157,0.6666666666666666,-4.2139373790433154,187,0.47593582887700536,1.1962233501291337,4.454069841544268,33,0.5775401069518716,1.1225688365646402,0.8,-2.176165673608182
QQQ,"d80_zero,cons_m3allc30,cons_m3s2c30",2,time_asc,0.0,-9.999999999999997e+17,False,False,True,236,0.4915254237288136,1.2998970112165273,8.450600315240608,33,0.19491525423728814,0.5916739419071245,0.8333333333333334,-3.0728338259887074,435,0.46436781609195404,1.1562246540982222,8.31074296191867,22,0.38850574712643676,0.6016309279339893,0.75,-3.909590903858824,182,0.5494505494505495,1.6204540495350508,10.791791761598468,31,0.5879120879120879,0.4633150926607025,0.8,-1.9039415063965839
QQQ,"d80_zero,cons_m3s2c30,cons_m3allc30",2,time_asc,-999999.0,-9.999999999999997e+17,False,False,False,236,0.4915254237288136,1.2998970112165271,8.450600315240608,33,0.19491525423728814,0.5916739419071245,0.8333333333333334,-3.0728338259887074,443,0.4492099322799097,1.0674831620317076,3.8793421175399905,22,0.3860045146726862,1.2888783325897157,0.6666666666666666,-4.2139373790433154,187,0.47593582887700536,1.1962233501291337,4.454069841544268,33,0.5775401069518716,1.1225688365646402,0.8,-2.176165673608182
QQQ,"d80_zero,cons_m3s2c30,cons_m3allc30",2,time_asc,0.0,-9.999999999999997e+17,False,False,True,236,0.4915254237288136,1.2998970112165273,8.450600315240608,33,0.19491525423728814,0.5916739419071245,0.8333333333333334,-3.0728338259887074,435,0.46436781609195404,1.1562246540982222,8.31074296191867,22,0.38850574712643676,0.6016309279339893,0.75,-3.909590903858824,182,0.5494505494505495,1.6204540495350508,10.791791761598468,31,0.5879120879120879,0.4633150926607025,0.8,-1.9039415063965839
QQQ,"cons_m3allc30,d80_zero,cons_m3s2c30",2,time_asc,-999999.0,-9.999999999999997e+17,False,False,False,236,0.4915254237288136,1.2984519736529911,8.471196552576174,33,0.19915254237288135,0.5902353898847325,0.8333333333333334,-3.150021837757556,443,0.45372460496614,1.0982196952319527,5.613595521816519,22,0.3860045146726862,0.8906947393285001,0.6666666666666666,-4.213937379043316,187,0.48128342245989303,1.1644079371584013,3.7113766255743323,33,0.5828877005347594,1.347209002057627,0.8,-2.200871538009606
QQQ,"cons_m3allc30,d80_zero,cons_m3s2c30",2,time_asc,0.0,-9.999999999999997e+17,False,False,True,236,0.4915254237288136,1.2984519736529911,8.471196552576174,33,0.19915254237288135,0.5902353898847325,0.8333333333333334,-3.150021837757556,435,0.4689655172413793,1.1899266837962468,10.041159271546753,22,0.38850574712643676,0.4979504721300764,0.75,-3.909590903858824,182,0.5439560439560439,1.5647192870903137,9.991791761598469,31,0.5879120879120879,0.5004107490727078,0.8,-1.9039415063965848
QQQ,"cons_m3allc30,cons_m3s2c30,d80_zero",2,time_asc,-999999.0,-9.999999999999997e+17,False,False,False,236,0.4915254237288136,1.2984519736529911,8.471196552576174,33,0.19915254237288135,0.5902353898847325,0.8333333333333334,-3.150021837757556,443,0.45372460496614,1.0982196952319527,5.613595521816519,22,0.3860045146726862,0.8906947393285001,0.6666666666666666,-4.213937379043316,187,0.48128342245989303,1.1644079371584013,3.7113766255743323,33,0.5828877005347594,1.347209002057627,0.8,-2.200871538009606
QQQ,"cons_m3allc30,cons_m3s2c30,d80_zero",2,time_asc,0.0,-9.999999999999997e+17,False,False,True,236,0.4915254237288136,1.2984519736529911,8.471196552576174,33,0.19915254237288135,0.5902353898847325,0.8333333333333334,-3.150021837757556,435,0.4689655172413793,1.1899266837962468,10.041159271546753,22,0.38850574712643676,0.4979504721300764,0.75,-3.909590903858824,182,0.5439560439560439,1.5647192870903137,9.991791761598469,31,0.5879120879120879,0.5004107490727078,0.8,-1.9039415063965848
QQQ,"cons_m3s2c30,d80_zero,cons_m3allc30",2,time_asc,-999999.0,-9.999999999999997e+17,False,False,False,236,0.4915254237288136,1.2984519736529911,8.471196552576174,33,0.19915254237288135,0.5902353898847325,0.8333333333333334,-3.150021837757556,443,0.45372460496614,1.0982196952319527,5.613595521816519,22,0.3860045146726862,0.8906947393285001,0.6666666666666666,-4.213937379043316,187,0.48128342245989303,1.1644079371584013,3.7113766255743323,33,0.5828877005347594,1.347209002057627,0.8,-2.200871538009606
QQQ,"cons_m3s2c30,d80_zero,cons_m3allc30",2,time_asc,0.0,-9.999999999999997e+17,False,False,True,236,0.4915254237288136,1.2984519736529911,8.471196552576174,33,0.19915254237288135,0.5902353898847325,0.8333333333333334,-3.150021837757556,435,0.4689655172413793,1.1899266837962468,10.041159271546753,22,0.38850574712643676,0.4979504721300764,0.75,-3.909590903858824,182,0.5439560439560439,1.5647192870903137,9.991791761598469,31,0.5879120879120879,0.5004107490727078,0.8,-1.9039415063965848
QQQ,"cons_m3s2c30,cons_m3allc30,d80_zero",2,time_asc,-999999.0,-9.999999999999997e+17,False,False,False,236,0.4915254237288136,1.2984519736529911,8.471196552576174,33,0.19915254237288135,0.5902353898847325,0.8333333333333334,-3.150021837757556,443,0.45372460496614,1.0982196952319527,5.613595521816519,22,0.3860045146726862,0.8906947393285001,0.6666666666666666,-4.213937379043316,187,0.48128342245989303,1.1644079371584013,3.7113766255743323,33,0.5828877005347594,1.347209002057627,0.8,-2.200871538009606
QQQ,"cons_m3s2c30,cons_m3allc30,d80_zero",2,time_asc,0.0,-9.999999999999997e+17,False,False,True,236,0.4915254237288136,1.2984519736529911,8.471196552576174,33,0.19915254237288135,0.5902353898847325,0.8333333333333334,-3.150021837757556,435,0.4689655172413793,1.1899266837962468,10.041159271546753,22,0.38850574712643676,0.4979504721300764,0.75,-3.909590903858824,182,0.5439560439560439,1.5647192870903137,9.991791761598469,31,0.5879120879120879,0.5004107490727078,0.8,-1.9039415063965848
QQQ,"cons_m2s1c45,cons_m2s2c30,cons_m3allc30",2,time_asc,-999999.0,6.310217528646235,True,False,True,236,0.5127118644067796,1.397318038664448,10.500646850823014,33,0.2076271186440678,0.47616114235935025,0.8333333333333334,-3.284297195602254,440,0.45454545454545453,1.061223902499422,3.3232025041015008,22,0.4068181818181818,1.5045727709427859,0.5833333333333334,-4.754332073409903,186,0.521505376344086,1.4151149994664576,7.531023740922273,33,0.6021505376344086,0.6639203608973996,0.8,-1.6287442425710221
QQQ,"cons_m2s1c45,cons_m2s2c30,cons_m3allc30",2,time_asc,0.0,6.433921051762725,True,False,True,236,0.5169491525423728,1.432497408353174,11.300646850823012,33,0.2033898305084746,0.442452548602194,0.8333333333333334,-3.284297195602254,433,0.45265588914549654,1.052343878129998,2.790455502599537,22,0.39260969976905313,1.7918221578312545,0.5,-4.754332073409903,183,0.5245901639344263,1.3841744473087314,6.858852972609639,32,0.5901639344262295,0.6896520824510177,0.8,-1.6287442425710221
QQQ,"cons_m2s1c45,cons_m3allc30,cons_m2s2c30",2,time_asc,-999999.0,6.310217528646235,True,False,True,236,0.5127118644067796,1.397318038664448,10.500646850823014,33,0.2076271186440678,0.47616114235935025,0.8333333333333334,-3.284297195602254,440,0.45454545454545453,1.061223902499422,3.3232025041015008,22,0.4068181818181818,1.5045727709427859,0.5833333333333334,-4.754332073409903,186,0.521505376344086,1.4151149994664576,7.531023740922273,33,0.6021505376344086,0.6639203608973996,0.8,-1.6287442425710221
QQQ,"cons_m2s1c45,cons_m3allc30,cons_m2s2c30",2,time_asc,0.0,6.433921051762725,True,False,True,236,0.5169491525423728,1.432497408353174,11.300646850823012,33,0.2033898305084746,0.442452548602194,0.8333333333333334,-3.284297195602254,433,0.45265588914549654,1.052343878129998,2.790455502599537,22,0.39260969976905313,1.7918221578312545,0.5,-4.754332073409903,183,0.5245901639344263,1.3841744473087314,6.858852972609639,32,0.5901639344262295,0.6896520824510177,0.8,-1.6287442425710221
QQQ,"cons_m2s2c30,cons_m2s1c45,cons_m3allc30",2,time_asc,-999999.0,6.310217528646235,True,False,True,236,0.5127118644067796,1.397318038664448,10.500646850823014,33,0.2076271186440678,0.47616114235935025,0.8333333333333334,-3.284297195602254,440,0.45454545454545453,1.061223902499422,3.3232025041015008,22,0.4068181818181818,1.5045727709427859,0.5833333333333334,-4.754332073409903,186,0.521505376344086,1.4151149994664576,7.531023740922273,33,0.6021505376344086,0.6639203608973996,0.8,-1.6287442425710221
QQQ,"cons_m2s2c30,cons_m2s1c45,cons_m3allc30",2,time_asc,0.0,6.433921051762725,True,False,True,236,0.5169491525423728,1.432497408353174,11.300646850823012,33,0.2033898305084746,0.442452548602194,0.8333333333333334,-3.284297195602254,433,0.45265588914549654,1.052343878129998,2.790455502599537,22,0.39260969976905313,1.7918221578312545,0.5,-4.754332073409903,183,0.5245901639344263,1.3841744473087314,6.858852972609639,32,0.5901639344262295,0.6896520824510177,0.8,-1.6287442425710221
QQQ,"cons_m2s2c30,cons_m3allc30,cons_m2s1c45",2,time_asc,-999999.0,6.310217528646235,True,False,True,236,0.5127118644067796,1.397318038664448,10.500646850823014,33,0.2076271186440678,0.47616114235935025,0.8333333333333334,-3.284297195602254,440,0.45454545454545453,1.061223902499422,3.3232025041015008,22,0.4068181818181818,1.5045727709427859,0.5833333333333334,-4.754332073409903,186,0.521505376344086,1.4151149994664576,7.531023740922273,33,0.6021505376344086,0.6639203608973996,0.8,-1.6287442425710221
QQQ,"cons_m2s2c30,cons_m3allc30,cons_m2s1c45",2,time_asc,0.0,6.433921051762725,True,False,True,236,0.5169491525423728,1.432497408353174,11.300646850823012,33,0.2033898305084746,0.442452548602194,0.8333333333333334,-3.284297195602254,433,0.45265588914549654,1.052343878129998,2.790455502599537,22,0.39260969976905313,1.7918221578312545,0.5,-4.754332073409903,183,0.5245901639344263,1.3841744473087314,6.858852972609639,32,0.5901639344262295,0.6896520824510177,0.8,-1.6287442425710221
QQQ,"cons_m3allc30,cons_m2s1c45,cons_m2s2c30",2,time_asc,-999999.0,6.310217528646235,True,False,True,236,0.5127118644067796,1.397318038664448,10.500646850823014,33,0.2076271186440678,0.47616114235935025,0.8333333333333334,-3.284297195602254,440,0.45454545454545453,1.061223902499422,3.3232025041015008,22,0.4068181818181818,1.5045727709427859,0.5833333333333334,-4.754332073409903,186,0.521505376344086,1.4151149994664576,7.531023740922273,33,0.6021505376344086,0.6639203608973996,0.8,-1.6287442425710221
QQQ,"cons_m3allc30,cons_m2s1c45,cons_m2s2c30",2,time_asc,0.0,6.433921051762725,True,False,True,236,0.5169491525423728,1.432497408353174,11.300646850823012,33,0.2033898305084746,0.442452548602194,0.8333333333333334,-3.284297195602254,433,0.45265588914549654,1.052343878129998,2.790455502599537,22,0.39260969976905313,1.7918221578312545,0.5,-4.754332073409903,183,0.5245901639344263,1.3841744473087314,6.858852972609639,32,0.5901639344262295,0.6896520824510177,0.8,-1.6287442425710221
QQQ,"cons_m3allc30,cons_m2s2c30,cons_m2s1c45",2,time_asc,-999999.0,6.310217528646235,True,False,True,236,0.5127118644067796,1.397318038664448,10.500646850823014,33,0.2076271186440678,0.47616114235935025,0.8333333333333334,-3.284297195602254,440,0.45454545454545453,1.061223902499422,3.3232025041015008,22,0.4068181818181818,1.5045727709427859,0.5833333333333334,-4.754332073409903,186,0.521505376344086,1.4151149994664576,7.531023740922273,33,0.6021505376344086,0.6639203608973996,0.8,-1.6287442425710221
QQQ,"cons_m3allc30,cons_m2s2c30,cons_m2s1c45",2,time_asc,0.0,6.433921051762725,True,False,True,236,0.5169491525423728,1.432497408353174,11.300646850823012,33,0.2033898305084746,0.442452548602194,0.8333333333333334,-3.284297195602254,433,0.45265588914549654,1.052343878129998,2.790455502599537,22,0.39260969976905313,1.7918221578312545,0.5,-4.754332073409903,183,0.5245901639344263,1.3841744473087314,6.858852972609639,32,0.5901639344262295,0.6896520824510177,0.8,-1.6287442425710221
QQQ,"cons_m2s1c45,cons_m2s2c30,cons_m3s2c30",2,time_asc,-999999.0,6.310217528646235,True,False,True,236,0.5127118644067796,1.397318038664448,10.500646850823014,33,0.2076271186440678,0.47616114235935025,0.8333333333333334,-3.284297195602254,440,0.45454545454545453,1.061223902499422,3.3232025041015008,22,0.4068181818181818,1.5045727709427859,0.5833333333333334,-4.754332073409903,186,0.521505376344086,1.4151149994664576,7.531023740922273,33,0.6021505376344086,0.6639203608973996,0.8,-1.6287442425710221
QQQ,"cons_m2s1c45,cons_m2s2c30,cons_m3s2c30",2,time_asc,0.0,6.433921051762725,True,False,True,236,0.5169491525423728,1.432497408353174,11.300646850823012,33,0.2033898305084746,0.442452548602194,0.8333333333333334,-3.284297195602254,432,0.4513888888888889,1.0520601779486332,2.775331427722773,22,0.39351851851851855,1.8015866321604053,0.5,-4.754332073409903,182,0.521978021978022,1.3759452737470168,6.711933540717995,31,0.5879120879120879,0.7047480740221371,0.8,-1.6287442425710221
QQQ,"cons_m2s1c45,cons_m3s2c30,cons_m2s2c30",2,time_asc,-999999.0,6.310217528646235,True,False,True,236,0.5127118644067796,1.397318038664448,10.500646850823014,33,0.2076271186440678,0.47616114235935025,0.8333333333333334,-3.284297195602254,440,0.45454545454545453,1.061223902499422,3.3232025041015008,22,0.4068181818181818,1.5045727709427859,0.5833333333333334,-4.754332073409903,186,0.521505376344086,1.4151149994664576,7.531023740922273,33,0.6021505376344086,0.6639203608973996,0.8,-1.6287442425710221
QQQ,"cons_m2s1c45,cons_m3s2c30,cons_m2s2c30",2,time_asc,0.0,6.433921051762725,True,False,True,236,0.5169491525423728,1.432497408353174,11.300646850823012,33,0.2033898305084746,0.442452548602194,0.8333333333333334,-3.284297195602254,432,0.4513888888888889,1.0520601779486332,2.775331427722773,22,0.39351851851851855,1.8015866321604053,0.5,-4.754332073409903,182,0.521978021978022,1.3759452737470168,6.711933540717995,31,0.5879120879120879,0.7047480740221371,0.8,-1.6287442425710221
QQQ,"cons_m2s2c30,cons_m2s1c45,cons_m3s2c30",2,time_asc,-999999.0,6.310217528646235,True,False,True,236,0.5127118644067796,1.397318038664448,10.500646850823014,33,0.2076271186440678,0.47616114235935025,0.8333333333333334,-3.284297195602254,440,0.45454545454545453,1.061223902499422,3.3232025041015008,22,0.4068181818181818,1.5045727709427859,0.5833333333333334,-4.754332073409903,186,0.521505376344086,1.4151149994664576,7.531023740922273,33,0.6021505376344086,0.6639203608973996,0.8,-1.6287442425710221
QQQ,"cons_m2s2c30,cons_m2s1c45,cons_m3s2c30",2,time_asc,0.0,6.433921051762725,True,False,True,236,0.5169491525423728,1.432497408353174,11.300646850823012,33,0.2033898305084746,0.442452548602194,0.8333333333333334,-3.284297195602254,432,0.4513888888888889,1.0520601779486332,2.775331427722773,22,0.39351851851851855,1.8015866321604053,0.5,-4.754332073409903,182,0.521978021978022,1.3759452737470168,6.711933540717995,31,0.5879120879120879,0.7047480740221371,0.8,-1.6287442425710221
QQQ,"cons_m2s2c30,cons_m3s2c30,cons_m2s1c45",2,time_asc,-999999.0,6.310217528646235,True,False,True,236,0.5127118644067796,1.397318038664448,10.500646850823014,33,0.2076271186440678,0.47616114235935025,0.8333333333333334,-3.284297195602254,440,0.45454545454545453,1.061223902499422,3.3232025041015008,22,0.4068181818181818,1.5045727709427859,0.5833333333333334,-4.754332073409903,186,0.521505376344086,1.4151149994664576,7.531023740922273,33,0.6021505376344086,0.6639203608973996,0.8,-1.6287442425710221
QQQ,"cons_m2s2c30,cons_m3s2c30,cons_m2s1c45",2,time_asc,0.0,6.433921051762725,True,False,True,236,0.5169491525423728,1.432497408353174,11.300646850823012,33,0.2033898305084746,0.442452548602194,0.8333333333333334,-3.284297195602254,432,0.4513888888888889,1.0520601779486332,2.775331427722773,22,0.39351851851851855,1.8015866321604053,0.5,-4.754332073409903,182,0.521978021978022,1.3759452737470168,6.711933540717995,31,0.5879120879120879,0.7047480740221371,0.8,-1.6287442425710221
QQQ,"cons_m3s2c30,cons_m2s1c45,cons_m2s2c30",2,time_asc,-999999.0,6.310217528646235,True,False,True,236,0.5127118644067796,1.397318038664448,10.500646850823014,33,0.2076271186440678,0.47616114235935025,0.8333333333333334,-3.284297195602254,440,0.45454545454545453,1.061223902499422,3.3232025041015008,22,0.4068181818181818,1.5045727709427859,0.5833333333333334,-4.754332073409903,186,0.521505376344086,1.4151149994664576,7.531023740922273,33,0.6021505376344086,0.6639203608973996,0.8,-1.6287442425710221
QQQ,"cons_m3s2c30,cons_m2s1c45,cons_m2s2c30",2,time_asc,0.0,6.433921051762725,True,False,True,236,0.5169491525423728,1.432497408353174,11.300646850823012,33,0.2033898305084746,0.442452548602194,0.8333333333333334,-3.284297195602254,432,0.4513888888888889,1.0520601779486332,2.775331427722773,22,0.39351851851851855,1.8015866321604053,0.5,-4.754332073409903,182,0.521978021978022,1.3759452737470168,6.711933540717995,31,0.5879120879120879,0.7047480740221371,0.8,-1.6287442425710221
QQQ,"cons_m3s2c30,cons_m2s2c30,cons_m2s1c45",2,time_asc,-999999.0,6.310217528646235,True,False,True,236,0.5127118644067796,1.397318038664448,10.500646850823014,33,0.2076271186440678,0.47616114235935025,0.8333333333333334,-3.284297195602254,440,0.45454545454545453,1.061223902499422,3.3232025041015008,22,0.4068181818181818,1.5045727709427859,0.5833333333333334,-4.754332073409903,186,0.521505376344086,1.4151149994664576,7.531023740922273,33,0.6021505376344086,0.6639203608973996,0.8,-1.6287442425710221
QQQ,"cons_m3s2c30,cons_m2s2c30,cons_m2s1c45",2,time_asc,0.0,6.433921051762725,True,False,True,236,0.5169491525423728,1.432497408353174,11.300646850823012,33,0.2033898305084746,0.442452548602194,0.8333333333333334,-3.284297195602254,432,0.4513888888888889,1.0520601779486332,2.775331427722773,22,0.39351851851851855,1.8015866321604053,0.5,-4.754332073409903,182,0.521978021978022,1.3759452737470168,6.711933540717995,31,0.5879120879120879,0.7047480740221371,0.8,-1.6287442425710221
QQQ,"cons_m2s1c45,cons_m3allc30,cons_m3s2c30",2,time_asc,-999999.0,6.310217528646235,True,False,True,236,0.5127118644067796,1.397318038664448,10.500646850823014,33,0.2076271186440678,0.47616114235935025,0.8333333333333334,-3.284297195602254,440,0.45454545454545453,1.061223902499422,3.3232025041015008,22,0.4068181818181818,1.5045727709427859,0.5833333333333334,-4.754332073409903,186,0.521505376344086,1.4151149994664576,7.531023740922273,33,0.6021505376344086,0.6639203608973996,0.8,-1.6287442425710221
QQQ,"cons_m2s1c45,cons_m3allc30,cons_m3s2c30",2,time_asc,0.0,6.433921051762725,True,False,True,236,0.5169491525423728,1.432497408353174,11.300646850823012,33,0.2033898305084746,0.442452548602194,0.8333333333333334,-3.284297195602254,433,0.45265588914549654,1.052343878129998,2.790455502599537,22,0.39260969976905313,1.7918221578312545,0.5,-4.754332073409903,183,0.5245901639344263,1.3841744473087314,6.858852972609639,32,0.5901639344262295,0.6896520824510177,0.8,-1.6287442425710221
QQQ,"cons_m2s1c45,cons_m3s2c30,cons_m3allc30",2,time_asc,-999999.0,6.310217528646235,True,False,True,236,0.5127118644067796,1.397318038664448,10.500646850823014,33,0.2076271186440678,0.47616114235935025,0.8333333333333334,-3.284297195602254,440,0.45454545454545453,1.061223902499422,3.3232025041015008,22,0.4068181818181818,1.5045727709427859,0.5833333333333334,-4.754332073409903,186,0.521505376344086,1.4151149994664576,7.531023740922273,33,0.6021505376344086,0.6639203608973996,0.8,-1.6287442425710221
QQQ,"cons_m2s1c45,cons_m3s2c30,cons_m3allc30",2,time_asc,0.0,6.433921051762725,True,False,True,236,0.5169491525423728,1.432497408353174,11.300646850823012,33,0.2033898305084746,0.442452548602194,0.8333333333333334,-3.284297195602254,433,0.45265588914549654,1.052343878129998,2.790455502599537,22,0.39260969976905313,1.7918221578312545,0.5,-4.754332073409903,183,0.5245901639344263,1.3841744473087314,6.858852972609639,32,0.5901639344262295,0.6896520824510177,0.8,-1.6287442425710221
QQQ,"cons_m3allc30,cons_m2s1c45,cons_m3s2c30",2,time_asc,-999999.0,6.310217528646235,True,False,True,236,0.5127118644067796,1.397318038664448,10.500646850823014,33,0.2076271186440678,0.47616114235935025,0.8333333333333334,-3.284297195602254,440,0.45454545454545453,1.061223902499422,3.3232025041015008,22,0.4068181818181818,1.5045727709427859,0.5833333333333334,-4.754332073409903,186,0.521505376344086,1.4151149994664576,7.531023740922273,33,0.6021505376344086,0.6639203608973996,0.8,-1.6287442425710221
QQQ,"cons_m3allc30,cons_m2s1c45,cons_m3s2c30",2,time_asc,0.0,6.433921051762725,True,False,True,236,0.5169491525423728,1.432497408353174,11.300646850823012,33,0.2033898305084746,0.442452548602194,0.8333333333333334,-3.284297195602254,433,0.45265588914549654,1.052343878129998,2.790455502599537,22,0.39260969976905313,1.7918221578312545,0.5,-4.754332073409903,183,0.5245901639344263,1.3841744473087314,6.858852972609639,32,0.5901639344262295,0.6896520824510177,0.8,-1.6287442425710221
QQQ,"cons_m3allc30,cons_m3s2c30,cons_m2s1c45",2,time_asc,-999999.0,6.310217528646235,True,False,True,236,0.5127118644067796,1.397318038664448,10.500646850823014,33,0.2076271186440678,0.47616114235935025,0.8333333333333334,-3.284297195602254,440,0.45454545454545453,1.061223902499422,3.3232025041015008,22,0.4068181818181818,1.5045727709427859,0.5833333333333334,-4.754332073409903,186,0.521505376344086,1.4151149994664576,7.531023740922273,33,0.6021505376344086,0.6639203608973996,0.8,-1.6287442425710221
QQQ,"cons_m3allc30,cons_m3s2c30,cons_m2s1c45",2,time_asc,0.0,6.433921051762725,True,False,True,236,0.5169491525423728,1.432497408353174,11.300646850823012,33,0.2033898305084746,0.442452548602194,0.8333333333333334,-3.284297195602254,433,0.45265588914549654,1.052343878129998,2.790455502599537,22,0.39260969976905313,1.7918221578312545,0.5,-4.754332073409903,183,0.5245901639344263,1.3841744473087314,6.858852972609639,32,0.5901639344262295,0.6896520824510177,0.8,-1.6287442425710221
QQQ,"cons_m3s2c30,cons_m2s1c45,cons_m3allc30",2,time_asc,-999999.0,6.310217528646235,True,False,True,236,0.5127118644067796,1.397318038664448,10.500646850823014,33,0.2076271186440678,0.47616114235935025,0.8333333333333334,-3.284297195602254,440,0.45454545454545453,1.061223902499422,3.3232025041015008,22,0.4068181818181818,1.5045727709427859,0.5833333333333334,-4.754332073409903,186,0.521505376344086,1.4151149994664576,7.531023740922273,33,0.6021505376344086,0.6639203608973996,0.8,-1.6287442425710221
QQQ,"cons_m3s2c30,cons_m2s1c45,cons_m3allc30",2,time_asc,0.0,6.433921051762725,True,False,True,236,0.5169491525423728,1.432497408353174,11.300646850823012,33,0.2033898305084746,0.442452548602194,0.8333333333333334,-3.284297195602254,433,0.45265588914549654,1.052343878129998,2.790455502599537,22,0.39260969976905313,1.7918221578312545,0.5,-4.754332073409903,183,0.5245901639344263,1.3841744473087314,6.858852972609639,32,0.5901639344262295,0.6896520824510177,0.8,-1.6287442425710221
QQQ,"cons_m3s2c30,cons_m3allc30,cons_m2s1c45",2,time_asc,-999999.0,6.310217528646235,True,False,True,236,0.5127118644067796,1.397318038664448,10.500646850823014,33,0.2076271186440678,0.47616114235935025,0.8333333333333334,-3.284297195602254,440,0.45454545454545453,1.061223902499422,3.3232025041015008,22,0.4068181818181818,1.5045727709427859,0.5833333333333334,-4.754332073409903,186,0.521505376344086,1.4151149994664576,7.531023740922273,33,0.6021505376344086,0.6639203608973996,0.8,-1.6287442425710221
QQQ,"cons_m3s2c30,cons_m3allc30,cons_m2s1c45",2,time_asc,0.0,6.433921051762725,True,False,True,236,0.5169491525423728,1.432497408353174,11.300646850823012,33,0.2033898305084746,0.442452548602194,0.8333333333333334,-3.284297195602254,433,0.45265588914549654,1.052343878129998,2.790455502599537,22,0.39260969976905313,1.7918221578312545,0.5,-4.754332073409903,183,0.5245901639344263,1.3841744473087314,6.858852972609639,32,0.5901639344262295,0.6896520824510177,0.8,-1.6287442425710221
QQQ,"cons_m2s2c30,cons_m3allc30,cons_m3s2c30",2,time_asc,-999999.0,6.172126484987338,True,False,True,236,0.5,1.3612741533158728,9.57421420805981,33,0.19491525423728814,0.5222360698584408,0.8333333333333334,-3.284297195602254,440,0.45454545454545453,1.064717634291044,3.5073228269522407,22,0.40454545454545454,1.4255887600585804,0.6666666666666666,-4.754332073409903,186,0.532258064516129,1.4684276503408087,8.313213713111718,33,0.5698924731182796,0.6014521185848897,0.8,-1.6287442425710212
QQQ,"cons_m2s2c30,cons_m3allc30,cons_m3s2c30",2,time_asc,0.0,6.172126484987338,True,False,True,236,0.5,1.3612741533158728,9.57421420805981,33,0.19491525423728814,0.5222360698584408,0.8333333333333334,-3.284297195602254,433,0.45496535796766746,1.068014100890628,3.6126595614017223,22,0.3972286374133949,1.3840219137781102,0.6666666666666666,-4.754332073409903,182,0.532967032967033,1.4236109378651631,7.450789835281068,31,0.5714285714285714,0.6710697940135073,0.8,-1.6287442425710212
QQQ,"cons_m2s2c30,cons_m3s2c30,cons_m3allc30",2,time_asc,-999999.0,6.172126484987338,True,False,True,236,0.5,1.3612741533158728,9.57421420805981,33,0.19491525423728814,0.5222360698584408,0.8333333333333334,-3.284297195602254,440,0.45454545454545453,1.064717634291044,3.5073228269522407,22,0.40454545454545454,1.4255887600585804,0.6666666666666666,-4.754332073409903,186,0.532258064516129,1.4684276503408087,8.313213713111718,33,0.5698924731182796,0.6014521185848897,0.8,-1.6287442425710212
QQQ,"cons_m2s2c30,cons_m3s2c30,cons_m3allc30",2,time_asc,0.0,6.172126484987338,True,False,True,236,0.5,1.3612741533158728,9.57421420805981,33,0.19491525423728814,0.5222360698584408,0.8333333333333334,-3.284297195602254,433,0.45496535796766746,1.068014100890628,3.6126595614017223,22,0.3972286374133949,1.3840219137781102,0.6666666666666666,-4.754332073409903,182,0.532967032967033,1.4236109378651631,7.450789835281068,31,0.5714285714285714,0.6710697940135073,0.8,-1.6287442425710212
QQQ,"cons_m3allc30,cons_m2s2c30,cons_m3s2c30",2,time_asc,-999999.0,6.172126484987338,True,False,True,236,0.5,1.3612741533158728,9.57421420805981,33,0.19491525423728814,0.5222360698584408,0.8333333333333334,-3.284297195602254,440,0.45454545454545453,1.064717634291044,3.5073228269522407,22,0.40454545454545454,1.4255887600585804,0.6666666666666666,-4.754332073409903,186,0.532258064516129,1.4684276503408087,8.313213713111718,33,0.5698924731182796,0.6014521185848897,0.8,-1.6287442425710212
QQQ,"cons_m3allc30,cons_m2s2c30,cons_m3s2c30",2,time_asc,0.0,6.172126484987338,True,False,True,236,0.5,1.3612741533158728,9.57421420805981,33,0.19491525423728814,0.5222360698584408,0.8333333333333334,-3.284297195602254,433,0.45496535796766746,1.068014100890628,3.6126595614017223,22,0.3972286374133949,1.3840219137781102,0.6666666666666666,-4.754332073409903,182,0.532967032967033,1.4236109378651631,7.450789835281068,31,0.5714285714285714,0.6710697940135073,0.8,-1.6287442425710212
QQQ,"cons_m3allc30,cons_m3s2c30,cons_m2s2c30",2,time_asc,-999999.0,6.172126484987338,True,False,True,236,0.5,1.3612741533158728,9.57421420805981,33,0.19491525423728814,0.5222360698584408,0.8333333333333334,-3.284297195602254,440,0.45454545454545453,1.064717634291044,3.5073228269522407,22,0.40454545454545454,1.4255887600585804,0.6666666666666666,-4.754332073409903,186,0.532258064516129,1.4684276503408087,8.313213713111718,33,0.5698924731182796,0.6014521185848897,0.8,-1.6287442425710212
QQQ,"cons_m3allc30,cons_m3s2c30,cons_m2s2c30",2,time_asc,0.0,6.172126484987338,True,False,True,236,0.5,1.3612741533158728,9.57421420805981,33,0.19491525423728814,0.5222360698584408,0.8333333333333334,-3.284297195602254,433,0.45496535796766746,1.068014100890628,3.6126595614017223,22,0.3972286374133949,1.3840219137781102,0.6666666666666666,-4.754332073409903,182,0.532967032967033,1.4236109378651631,7.450789835281068,31,0.5714285714285714,0.6710697940135073,0.8,-1.6287442425710212
QQQ,"cons_m3s2c30,cons_m2s2c30,cons_m3allc30",2,time_asc,-999999.0,6.172126484987338,True,False,True,236,0.5,1.3612741533158728,9.57421420805981,33,0.19491525423728814,0.5222360698584408,0.8333333333333334,-3.284297195602254,440,0.45454545454545453,1.064717634291044,3.5073228269522407,22,0.40454545454545454,1.4255887600585804,0.6666666666666666,-4.754332073409903,186,0.532258064516129,1.4684276503408087,8.313213713111718,33,0.5698924731182796,0.6014521185848897,0.8,-1.6287442425710212
QQQ,"cons_m3s2c30,cons_m2s2c30,cons_m3allc30",2,time_asc,0.0,6.172126484987338,True,False,True,236,0.5,1.3612741533158728,9.57421420805981,33,0.19491525423728814,0.5222360698584408,0.8333333333333334,-3.284297195602254,433,0.45496535796766746,1.068014100890628,3.6126595614017223,22,0.3972286374133949,1.3840219137781102,0.6666666666666666,-4.754332073409903,182,0.532967032967033,1.4236109378651631,7.450789835281068,31,0.5714285714285714,0.6710697940135073,0.8,-1.6287442425710212
QQQ,"cons_m3s2c30,cons_m3allc30,cons_m2s2c30",2,time_asc,-999999.0,6.172126484987338,True,False,True,236,0.5,1.3612741533158728,9.57421420805981,33,0.19491525423728814,0.5222360698584408,0.8333333333333334,-3.284297195602254,440,0.45454545454545453,1.064717634291044,3.5073228269522407,22,0.40454545454545454,1.4255887600585804,0.6666666666666666,-4.754332073409903,186,0.532258064516129,1.4684276503408087,8.313213713111718,33,0.5698924731182796,0.6014521185848897,0.8,-1.6287442425710212
QQQ,"cons_m3s2c30,cons_m3allc30,cons_m2s2c30",2,time_asc,0.0,6.172126484987338,True,False,True,236,0.5,1.3612741533158728,9.57421420805981,33,0.19491525423728814,0.5222360698584408,0.8333333333333334,-3.284297195602254,433,0.45496535796766746,1.068014100890628,3.6126595614017223,22,0.3972286374133949,1.3840219137781102,0.6666666666666666,-4.754332073409903,182,0.532967032967033,1.4236109378651631,7.450789835281068,31,0.5714285714285714,0.6710697940135073,0.8,-1.6287442425710212
