path,all_metric_pass,hold_proven,hold_issue,raw_banned_cols,feature_banned,feature_count,research_audit,SPXW_trades,SPXW_wr,SPXW_pf,SPXW_min_month,SPXW_pos_month,SPXW_pnl,QQQ_trades,QQQ_wr,QQQ_pf,QQQ_min_month,QQQ_pos_month,QQQ_pnl,SPY_trades,SPY_wr,SPY_pf,SPY_min_month,SPY_pos_month,SPY_pnl
research_papers\JEPA\results\event_option_spxw_spy_dailyjanmay_juneselector_qqq_partialonly_2026janjun_diag_risk5000\combined_trades.csv,True,False,exit_minutes: min=2.0 under30=43 missing=364,141,0,0,failed,227,0.5242290748898678,1.6625085606972099,22,1.0,15.409285070086225,232,0.5258620689655172,1.6601359633286574,19,1.0,17.500976178407377,158,0.5063291139240507,1.9848765348067983,20,1.0,20.41311123694603
research_papers\JEPA\results\diagnostic_qqq_nested_free_current_balanced_d65_curve_2026janmay_risk5000\combined_trades.csv,False,False,exit_minutes: min=2.0 under30=36 missing=66,34,0,0,missing,0,,,0,0.0,0.0,185,0.5027027027027027,1.3798171891849176,0,0.8333333333333334,9.530379919965878,0,,,0,0.0,0.0
research_papers\JEPA\results\diagnostic_spy_structural_normalized_2026janjun\event_option_gate_trades.csv,False,False,rule_hold_minutes: min=5 under30=52 missing=0,3,0,0,missing,0,,,0,0.0,0.0,0,,,0,0.0,0.0,206,0.3640776699029126,1.2186126463129716,2,0.8333333333333334,16.598187623342007
research_papers\JEPA\results\event_option_candidate_spxw_maxday7_qqq_outer_spy_junes2_2026janjun_partial_risk5000\combined_trades.csv,False,False,exit_minutes: min=2.0 under30=46 missing=439,140,0,0,passed,324,0.49382716049382713,1.467838808547101,22,1.0,18.578628462326748,222,0.5315315315315315,1.7001277876102578,10,1.0,17.300976178407375,184,0.4782608695652174,1.6133220818228686,20,1.0,14.47428433467383
research_papers\JEPA\results\event_option_candidate_spxw_maxday7_qqq_outer_spy_nested_2026janmay_risk5000\combined_trades.csv,False,False,exit_minutes: min=2.0 under30=34 missing=411,140,0,0,passed,285,0.4842105263157895,1.4306266493254831,0,0.8333333333333334,15.839841046867367,212,0.5283018867924528,1.6593026525775687,0,0.8333333333333334,15.500976178407374,164,0.4817073170731707,1.4948223761198152,0,0.8333333333333334,10.214783254349308
research_papers\JEPA\results\event_option_candidate_spxw_outer_s1_qqq_outer_call50_spy_dailyrouter_bftopk_2026janjun_partial_risk5000\combined_trades.csv,False,False,exit_minutes: min=2.0 under30=39 missing=370,140,0,0,passed,227,0.5242290748898678,1.6625085606972099,22,1.0,15.409285070086225,222,0.5315315315315315,1.7001277876102578,10,1.0,17.300976178407375,157,0.5031847133757962,1.7527815044495039,19,0.8333333333333334,15.429017634571734
research_papers\JEPA\results\event_option_candidate_spxw_outer_s1_qqq_outer_call50_spy_dailyrouter_bftopk_2026janmay_risk5000\combined_trades.csv,False,False,exit_minutes: min=2.0 under30=32 missing=325,140,0,0,passed,188,0.5159574468085106,1.6232220732095586,0,0.8333333333333334,12.670497654626843,212,0.5283018867924528,1.6593026525775687,0,0.8333333333333334,15.500976178407374,138,0.5144927536231884,1.9090335410717743,0,0.8333333333333334,16.15361015662151
research_papers\JEPA\results\event_option_candidate_spxw_outer_s1_qqq_outer_call50_spy_dailyrouter_bftopk_janmaynested_2026janmay_risk5000\combined_trades.csv,False,False,exit_minutes: min=2.0 under30=32 missing=325,140,0,0,passed,188,0.5159574468085106,1.6232220732095586,0,0.8333333333333334,12.670497654626843,212,0.5283018867924528,1.6593026525775687,0,0.8333333333333334,15.500976178407374,138,0.5144927536231884,1.9090335410717743,0,0.8333333333333334,16.15361015662151
research_papers\JEPA\results\event_option_candidate_spxw_outer_s1_qqq_outer_call50_spy_dailyrouter_srchist10d20t_bftopk_2026janjun_partial_risk5000\combined_trades.csv,False,False,exit_minutes: min=2.0 under30=45 missing=352,140,0,0,passed,227,0.5242290748898678,1.6625085606972099,22,1.0,15.409285070086225,222,0.5315315315315315,1.7001277876102578,10,1.0,17.300976178407375,158,0.4873417721518987,1.5862230153376524,19,0.8333333333333334,13.762352895688334
research_papers\JEPA\results\event_option_candidate_spxw_outer_s1_qqq_outer_call50_spy_dailyrouter_srchist10d20t_bftopk_2026janmay_risk5000\combined_trades.csv,False,False,exit_minutes: min=2.0 under30=38 missing=307,140,0,0,passed,188,0.5159574468085106,1.6232220732095586,0,0.8333333333333334,12.670497654626843,212,0.5283018867924528,1.6593026525775687,0,0.8333333333333334,15.500976178407374,139,0.49640287769784175,1.698152873596979,0,0.8333333333333334,14.486945417738113
research_papers\JEPA\results\event_option_candidate_spxw_outer_s1_qqq_outer_call50_spy_srchist_relmomtopk2_2026janjun_partial_risk5000\combined_trades.csv,False,False,exit_minutes: min=2.0 under30=50 missing=335,140,0,0,failed,227,0.5242290748898678,1.6625085606972099,22,1.0,15.409285070086225,222,0.5315315315315315,1.7001277876102578,10,1.0,17.300976178407375,159,0.49056603773584906,1.7907601609156434,20,1.0,18.74644649806263
research_papers\JEPA\results\event_option_candidate_spxw_outer_s1_qqq_outer_call50_spy_srchist_relmomtopk2_2026janmay_risk5000\combined_trades.csv,False,False,exit_minutes: min=2.0 under30=38 missing=307,140,0,0,passed,188,0.5159574468085106,1.6232220732095586,0,0.8333333333333334,12.670497654626843,212,0.5283018867924528,1.6593026525775687,0,0.8333333333333334,15.500976178407374,139,0.49640287769784175,1.698152873596979,0,0.8333333333333334,14.486945417738113
research_papers\JEPA\results\event_option_candidate_spxw_spy_qqq_unionmeta_2025h2_2026jun_with2025h2_risk5000\combined_trades.csv,False,False,missing,16,0,0,missing,299,0.4882943143812709,1.3124564452988314,24,0.6666666666666666,10.016640811361986,211,0.4218009478672986,1.1678835499216826,14,0.6666666666666666,5.77833562422876,190,0.4263157894736842,1.1638901906542904,18,0.6666666666666666,4.351991361162636
research_papers\JEPA\results\event_option_current_best_causal_curvehealth_qiq_topk_s2_2026janmay_risk5000\combined_trades.csv,False,False,exit_minutes: min=2.0 under30=34 missing=411,140,0,0,missing,285,0.4842105263157895,1.4306266493254831,0,0.8333333333333334,15.839841046867367,212,0.5283018867924528,1.6593026525775687,0,0.8333333333333334,15.500976178407374,164,0.4817073170731707,1.4948223761198152,0,0.8333333333333334,10.214783254349308
research_papers\JEPA\results\event_option_current_best_causal_curvehealth_qqq_topk_s2_2026janmay_risk5000\combined_trades.csv,False,False,exit_minutes: min=2.0 under30=34 missing=411,140,0,0,missing,285,0.4842105263157895,1.4306266493254831,0,0.8333333333333334,15.839841046867367,212,0.5283018867924528,1.6593026525775687,0,0.8333333333333334,15.500976178407374,164,0.4817073170731707,1.4948223761198152,0,0.8333333333333334,10.214783254349308
research_papers\JEPA\results\event_option_current_best_causal_nestedbackfill_curvehealth_2026janmay_risk5000\combined_trades.csv,False,False,exit_minutes: min=2.0 under30=39 missing=383,140,0,0,missing,285,0.4842105263157895,1.4306266493254831,0,0.8333333333333334,15.839841046867367,194,0.5309278350515464,1.5778479835846635,0,0.8333333333333334,13.718132329144877,164,0.4817073170731707,1.4948223761198152,0,0.8333333333333334,10.214783254349308
research_papers\JEPA\results\event_option_current_best_causal_nestedbackfill_spxwrouter_2026janmay_risk5000\combined_trades.csv,False,False,exit_minutes: min=2.0 under30=46 missing=432,140,0,0,missing,344,0.47093023255813954,1.3301410487458103,0,0.8333333333333334,14.919747166814261,236,0.5254237288135594,1.4565018110141752,0,0.8333333333333334,13.546077188107414,164,0.4817073170731707,1.4948223761198152,0,0.8333333333333334,10.214783254349308
research_papers\JEPA\results\event_option_current_best_causal_qqqbackfill_d65_spxwrouter_spybackfill_m19_2026janjun_risk5000\combined_trades.csv,False,False,exit_minutes: min=2.0 under30=51 missing=482,140,0,0,missing,386,0.48186528497409326,1.3692619640902954,42,1.0,17.830356613052952,246,0.5284552845528455,1.497060592668223,10,1.0,15.346077188107415,186,0.478494623655914,1.4095446560505394,19,0.8333333333333334,9.693615386478292
research_papers\JEPA\results\event_option_current_best_causal_qqqbackfill_d65_spxwrouter_spybackfill_m19_2026janmay_risk5000\combined_trades.csv,False,False,exit_minutes: min=2.0 under30=45 missing=432,140,0,0,missing,344,0.47093023255813954,1.3301410487458103,0,0.8333333333333334,14.919747166814261,236,0.5254237288135594,1.4565018110141752,0,0.8333333333333334,13.546077188107414,163,0.48466257668711654,1.5168662912118136,0,0.8333333333333334,10.51478325434931
research_papers\JEPA\results\event_option_current_best_causal_qqqbalanced_spxwrouter_spy2025h2circuit_2026janjun_risk5000\combined_trades.csv,False,False,exit_minutes: min=2.0 under30=83 missing=297,140,0,0,missing,386,0.48186528497409326,1.3692619640902954,42,1.0,17.830356613052952,237,0.5316455696202531,1.5172605887318371,10,1.0,15.343692224268935,169,0.47337278106508873,1.661591879543966,19,0.8333333333333334,23.019418087330827
research_papers\JEPA\results\event_option_current_best_causal_qqqbalanced_spxwrouter_spy2025h2circuit_2026janmay_risk5000\combined_trades.csv,False,False,exit_minutes: min=2.0 under30=71 missing=269,140,0,0,missing,344,0.47093023255813954,1.3301410487458103,0,0.8333333333333334,14.919747166814261,227,0.5286343612334802,1.4758288364840022,0,0.8333333333333334,13.543692224268934,149,0.47651006711409394,1.5892394723365237,0,0.6666666666666666,18.759917007006305
research_papers\JEPA\results\event_option_current_best_causal_qqqbalanced_spxwrouter_spybackfill_m18_2026janjun_risk5000\combined_trades.csv,False,False,exit_minutes: min=2.0 under30=51 missing=473,140,0,0,missing,386,0.48186528497409326,1.3692619640902954,42,1.0,17.830356613052952,237,0.5316455696202531,1.5172605887318371,10,1.0,15.343692224268935,186,0.478494623655914,1.4095446560505394,19,0.8333333333333334,9.693615386478292
research_papers\JEPA\results\event_option_current_best_causal_qqqbalanced_spxwrouter_spybackfill_m18_2026janmay_risk5000\combined_trades.csv,False,False,exit_minutes: min=2.0 under30=45 missing=423,140,0,0,missing,344,0.47093023255813954,1.3301410487458103,0,0.8333333333333334,14.919747166814261,227,0.5286343612334802,1.4758288364840022,0,0.8333333333333334,13.543692224268934,163,0.48466257668711654,1.5168662912118136,0,0.8333333333333334,10.51478325434931
research_papers\JEPA\results\event_option_current_best_causal_qqqbalanced_spxwrouter_spywincls_2026janmay_risk5000\combined_trades.csv,False,False,exit_minutes: min=2.0 under30=43 missing=424,140,0,0,missing,344,0.47093023255813954,1.3301410487458103,0,0.8333333333333334,14.919747166814261,227,0.5286343612334802,1.4758288364840022,0,0.8333333333333334,13.543692224268934,155,0.4645161290322581,1.4766139036631236,0,0.8333333333333334,9.266291856597725
research_papers\JEPA\results\event_option_current_best_causal_qqqcircuit_sidecircuits_spydd25_tdvp_meta_2026janjun_risk5000\combined_trades.csv,False,False,missing,1,0,0,missing,263,0.5171102661596958,1.494956167581303,23,0.8333333333333334,12.795124469946682,206,0.5097087378640777,1.61249995452866,10,0.8333333333333334,18.01474574510754,182,0.46153846153846156,1.5375106564141192,19,0.8333333333333334,20.910646405679817
research_papers\JEPA\results\event_option_current_best_causal_qqqcircuit_spxwmeta_spy2025h2circuit_2026janjun_risk5000\combined_trades.csv,False,False,exit_minutes: min=2.0 under30=126 missing=0,54,0,0,missing,263,0.5171102661596958,1.494956167581303,23,0.8333333333333334,12.795124469946682,206,0.5097087378640777,1.61249995452866,10,0.8333333333333334,18.01474574510754,169,0.47337278106508873,1.661591879543966,19,0.8333333333333334,23.019418087330827
research_papers\JEPA\results\event_option_current_best_causal_qqqcurrent_spxwrouter_spy2025h2circuit_2026janjun_risk5000\combined_trades.csv,False,False,exit_minutes: min=2.0 under30=125 missing=165,140,0,0,missing,386,0.48186528497409326,1.3692619640902954,42,1.0,17.830356613052952,206,0.5097087378640777,1.61249995452866,10,0.8333333333333334,18.01474574510754,169,0.47337278106508873,1.661591879543966,19,0.8333333333333334,23.019418087330827
research_papers\JEPA\results\event_option_current_best_causal_qqqcurrent_spxwrouter_spy2025h2circuit_2026janmay_risk5000\combined_trades.csv,False,False,exit_minutes: min=2.0 under30=113 missing=137,140,0,0,missing,344,0.47093023255813954,1.3301410487458103,0,0.8333333333333334,14.919747166814261,196,0.5051020408163265,1.574749834095361,0,0.6666666666666666,16.214745745107543,149,0.47651006711409394,1.5892394723365237,0,0.6666666666666666,18.759917007006305
research_papers\JEPA\results\event_option_current_best_causal_spxw_outer_s1_qqq_outer_call50_2026janmay_risk5000\combined_trades.csv,False,False,exit_minutes: min=2.0 under30=30 missing=386,140,0,0,passed,188,0.5159574468085106,1.6232220732095586,0,0.8333333333333334,12.670497654626843,212,0.5283018867924528,1.6593026525775687,0,0.8333333333333334,15.500976178407374,164,0.4817073170731707,1.4948223761198152,0,0.8333333333333334,10.214783254349308
research_papers\JEPA\results\event_option_current_best_causal_spxw_outer_s1_qqq_outer_call50_spy_junes2_2026janjun_partial_risk5000\combined_trades.csv,False,False,exit_minutes: min=2.0 under30=42 missing=414,140,0,0,passed,227,0.5242290748898678,1.6625085606972099,22,1.0,15.409285070086225,222,0.5315315315315315,1.7001277876102578,10,1.0,17.300976178407375,184,0.4782608695652174,1.6133220818228686,20,1.0,14.47428433467383
research_papers\JEPA\results\event_option_current_best_causal_spxw_s1m19_qqq_outerselector_call50_2026janmay_risk5000\combined_trades.csv,False,False,exit_minutes: min=2.0 under30=29 missing=362,140,0,0,passed,178,0.5,1.5039946151215455,0,0.8333333333333334,10.478693159178805,212,0.5283018867924528,1.6593026525775687,0,0.8333333333333334,15.500976178407374,164,0.4817073170731707,1.4948223761198152,0,0.8333333333333334,10.214783254349308
research_papers\JEPA\results\event_option_current_best_causal_spxw_s1m19_qqq_recenttopk_2026janjun_partial_risk5000\combined_trades.csv,False,False,exit_minutes: min=2.0 under30=35 missing=408,140,0,0,missing,213,0.5070422535211268,1.5131367035706709,22,1.0,12.017480574638187,222,0.5315315315315315,1.7001277876102578,10,1.0,17.300976178407375,186,0.478494623655914,1.4095446560505394,20,0.8333333333333334,9.69361538647829
research_papers\JEPA\results\event_option_current_best_causal_spxw_s1m19_qqq_recenttopk_2026janmay_risk5000\combined_trades.csv,False,False,exit_minutes: min=2.0 under30=29 missing=362,140,0,0,passed,178,0.5,1.5039946151215455,0,0.8333333333333334,10.478693159178805,212,0.5283018867924528,1.6593026525775687,0,0.8333333333333334,15.500976178407374,164,0.4817073170731707,1.4948223761198152,0,0.8333333333333334,10.214783254349308
research_papers\JEPA\results\event_option_current_best_causal_spxw_s1m19_qqq_recenttopk_spy_junes2_2026janjun_partial_risk5000\combined_trades.csv,False,False,exit_minutes: min=2.0 under30=41 missing=386,140,0,0,missing,213,0.5070422535211268,1.5131367035706709,22,1.0,12.017480574638187,222,0.5315315315315315,1.7001277876102578,10,1.0,17.300976178407375,184,0.4782608695652174,1.6133220818228686,20,1.0,14.47428433467383
research_papers\JEPA\results\event_option_current_best_causal_spxw_s1m19_qqq_topk_s2_2026janmay_risk5000\combined_trades.csv,False,False,exit_minutes: min=2.0 under30=29 missing=362,140,0,0,missing,178,0.5,1.5039946151215455,0,0.8333333333333334,10.478693159178805,212,0.5283018867924528,1.6593026525775687,0,0.8333333333333334,15.500976178407374,164,0.4817073170731707,1.4948223761198152,0,0.8333333333333334,10.214783254349308
research_papers\JEPA\results\event_option_current_best_plus_qqq_full20familyselector_partialonly_2026janjun_diag_risk5000\combined_trades.csv,False,False,exit_minutes: min=2.0 under30=41 missing=425,141,0,0,failed,227,0.5242290748898678,1.6625085606972099,22,1.0,15.409285070086225,232,0.5258620689655172,1.6601359633286574,19,1.0,17.500976178407377,184,0.4782608695652174,1.6133220818228686,20,1.0,14.47428433467383
research_papers\JEPA\results\event_option_current_best_plus_qqq_full20win65_autopartial19_2026janjun_diag_risk5000\combined_trades.csv,False,False,exit_minutes: min=2.0 under30=41 missing=430,141,0,0,missing,227,0.5242290748898678,1.6625085606972099,22,1.0,15.409285070086225,237,0.5232067510548524,1.6421096484168853,19,1.0,17.600976178407375,184,0.4782608695652174,1.6133220818228686,20,1.0,14.47428433467383
research_papers\JEPA\results\event_option_current_best_plus_qqq_full20win65_backfill_t28_2026janjun_diag_risk5000\combined_trades.csv,False,False,exit_minutes: min=2.0 under30=41 missing=436,140,0,0,missing,227,0.5242290748898678,1.6625085606972099,22,1.0,15.409285070086225,243,0.5267489711934157,1.6783357054558423,19,1.0,19.000976178407377,184,0.4782608695652174,1.6133220818228686,20,1.0,14.47428433467383
research_papers\JEPA\results\event_option_delta_ranker_rawhist2024_same_side_2025h2_2026jun_candidate_with2025h2_risk5000_n120_combined\combined_trades.csv,False,False,missing,107,0,0,missing,299,0.5384615384615384,1.3012321634777657,24,0.6666666666666666,5.7897430319653616,211,0.4218009478672986,1.1678835499216826,14,0.6666666666666666,5.77833562422876,190,0.43157894736842106,1.10402087723553,18,0.6666666666666666,2.11906994216755
research_papers\JEPA\results\event_option_dense15_backfill18_no_scorethr_spy_wf2026_fullmayjun_production_v1\combined_trades.csv,False,False,missing,2,0,0,missing,125,0.512,1.7486338797814203,19,1.0,13.7,178,0.4606741573033708,1.4236111111111114,19,1.0,12.2,119,0.5042016806722689,1.6949152542372878,18,1.0,12.299999999999999
research_papers\JEPA\results\event_option_dense15_backfill18_wf2026_fulljun_excl202605_production_v1\combined_trades.csv,False,False,missing,3,0,0,missing,131,0.4961832061068702,1.6414141414141414,0,0.8333333333333334,12.7,133,0.48872180451127817,1.5931372549019607,0,0.8333333333333334,12.100000000000001,116,0.5172413793103449,1.7857142857142856,0,0.8333333333333334,13.2
research_papers\JEPA\results\event_option_dense15_backfill18_wf2026_fullmayjun_production_v1\combined_trades.csv,False,False,missing,2,0,0,missing,125,0.512,1.7486338797814203,19,1.0,13.7,178,0.4606741573033708,1.4236111111111114,19,1.0,12.2,121,0.4628099173553719,1.435897435897436,19,0.8333333333333334,8.5
research_papers\JEPA\results\event_option_dense15_backfill19_spy_no_scorethr_wf2026_fullmayjun_production_v1\combined_trades.csv,False,False,missing,2,0,0,missing,125,0.512,1.7486338797814203,19,1.0,13.7,178,0.4606741573033708,1.4236111111111114,19,1.0,12.2,122,0.5081967213114754,1.7222222222222219,19,1.0,12.999999999999998
research_papers\JEPA\results\event_option_gate_8ticker_medium_even\event_option_gate_trades.csv,False,False,missing,1,0,0,missing,164,0.3231707317073171,0.7911298619887831,3,0.3333333333333333,-5.6272810179632,122,0.36065573770491804,0.8873566331518257,4,0.5,-2.1730947611996547,110,0.33636363636363636,0.9064112924214515,3,0.5,-1.763145782267891
research_papers\JEPA\results\event_option_gate_dense15_zero_dte_mixed_d50d25_causal_2025_2026_v1\combined_trades.csv,False,False,missing,2,0,0,missing,128,0.5,1.6666666666666667,0,0.5,12.8,193,0.43523316062176165,1.2844036697247712,0,0.6666666666666666,9.3,154,0.44805194805194803,1.3529411764705883,0,0.5,9.0
research_papers\JEPA\results\event_option_gate_dense15_zero_dte_return_forcedmax3_d25_physctx_2023_2026_qqq_v1\event_option_gate_trades.csv,False,False,missing,1,0,0,missing,0,,,0,0.0,0.0,288,0.3888888888888889,1.0606060606060608,0,0.5,3.1999999999999984,0,,,0,0.0,0.0
research_papers\JEPA\results\event_option_gate_dense15_zero_dte_return_forcedmax3_d25_physctx_2025_2026_qqq_v1\event_option_gate_trades.csv,False,False,missing,1,0,0,missing,0,,,0,0.0,0.0,288,0.3888888888888889,1.0606060606060608,0,0.5,3.1999999999999984,0,,,0,0.0,0.0
research_papers\JEPA\results\event_option_gate_dense15_zero_dte_return_forcedmax3_d35_physctx_2023_2026_qqq_v1\event_option_gate_trades.csv,False,False,missing,1,0,0,missing,0,,,0,0.0,0.0,288,0.40625,1.136399558131157,0,0.5,6.997297332128351,0,,,0,0.0,0.0
research_papers\JEPA\results\event_option_gate_dense15_zero_dte_return_forcedmax3_d35_physctx_2025_2026_qqq_v1\event_option_gate_trades.csv,False,False,missing,1,0,0,missing,0,,,0,0.0,0.0,288,0.40625,1.136399558131157,0,0.5,6.997297332128351,0,,,0,0.0,0.0
research_papers\JEPA\results\event_option_gate_dense15_zero_dte_return_forcedmax3_d50_physctx_2023_2026_qqq_v1\event_option_gate_trades.csv,False,False,missing,1,0,0,missing,0,,,0,0.0,0.0,288,0.3645833333333333,0.9595559405010152,0,0.3333333333333333,-2.2128080647263313,0,,,0,0.0,0.0
research_papers\JEPA\results\event_option_gate_dense15_zero_dte_return_forcedmax3_d50_physctx_2023_2026_spxw_v1\event_option_gate_trades.csv,False,False,missing,1,0,0,missing,306,0.41830065359477125,1.2027045344722622,0,0.3333333333333333,10.786597900304132,0,,,0,0.0,0.0,0,,,0,0.0,0.0
research_papers\JEPA\results\event_option_gate_dense15_zero_dte_return_forcedmax3_d50_physctx_2023_2026_spy_v1\event_option_gate_trades.csv,False,False,missing,1,0,0,missing,0,,,0,0.0,0.0,0,,,0,0.0,0.0,288,0.4027777777777778,1.1301305290647063,0,0.5,6.678494644330435
research_papers\JEPA\results\event_option_gate_dense15_zero_dte_return_forcedmax3_d50_physctx_2025_2026_qqq_v1\event_option_gate_trades.csv,False,False,missing,1,0,0,missing,0,,,0,0.0,0.0,288,0.3645833333333333,0.9595559405010152,0,0.3333333333333333,-2.2128080647263313,0,,,0,0.0,0.0
research_papers\JEPA\results\event_option_gate_dense15_zero_dte_return_forcedmax3_d50_physctx_2025_2026_spxw_v1\event_option_gate_trades.csv,False,False,missing,1,0,0,missing,306,0.41830065359477125,1.2027045344722622,0,0.3333333333333333,10.786597900304132,0,,,0,0.0,0.0,0,,,0,0.0,0.0
research_papers\JEPA\results\event_option_gate_dense15_zero_dte_return_forcedmax3_d50_physctx_2025_2026_spy_v1\event_option_gate_trades.csv,False,False,missing,1,0,0,missing,0,,,0,0.0,0.0,0,,,0,0.0,0.0,288,0.4027777777777778,1.1301305290647063,0,0.5,6.678494644330435
research_papers\JEPA\results\event_option_gate_dense15_zero_dte_return_forcedvol_d50_physctx_2025_2026_qqq_v1\event_option_gate_trades.csv,False,False,missing,1,0,0,missing,0,,,0,0.0,0.0,134,0.373134328358209,0.9920634920634921,0,0.3333333333333333,-0.19999999999999973,0,,,0,0.0,0.0
research_papers\JEPA\results\event_option_gate_dense15_zero_dte_return_forcedvol_d50_physctx_2025_2026_spxw_v1\event_option_gate_trades.csv,False,False,missing,1,0,0,missing,226,0.4247787610619469,1.2366862321604146,0,0.3333333333333333,9.186597900304136,0,,,0,0.0,0.0,0,,,0,0.0,0.0
research_papers\JEPA\results\event_option_gate_dense15_zero_dte_return_forcedvol_d50_physctx_2025_2026_spy_v1\event_option_gate_trades.csv,False,False,missing,1,0,0,missing,0,,,0,0.0,0.0,0,,,0,0.0,0.0,176,0.42613636363636365,1.2491045853874254,0,0.5,7.478494644330435
research_papers\JEPA\results\event_option_gate_dense15_zero_dte_return_forcedvol_d50_physctx_maxday2plus_2025_2026_qqq_v1\event_option_gate_trades.csv,False,False,missing,1,0,0,missing,0,,,0,0.0,0.0,154,0.4090909090909091,1.153846153846154,0,0.3333333333333333,4.199999999999999,0,,,0,0.0,0.0
research_papers\JEPA\results\event_option_gate_dense15_zero_dte_return_forcedvol_d50_physctx_maxday2plus_2025_2026_spxw_v1\event_option_gate_trades.csv,False,False,missing,1,0,0,missing,207,0.4396135265700483,1.3145197305063467,0,0.3333333333333333,10.886597900304134,0,,,0,0.0,0.0,0,,,0,0.0,0.0
research_papers\JEPA\results\event_option_gate_dense15_zero_dte_return_forcedvol_d50_physctx_maxday2plus_2025_2026_spy_v1\event_option_gate_trades.csv,False,False,missing,1,0,0,missing,0,,,0,0.0,0.0,0,,,0,0.0,0.0,174,0.4425287356321839,1.335808089303238,0,0.5,9.678494644330435
research_papers\JEPA\results\event_option_gate_dense15_zero_dte_return_forcedvol_d65_physctx_2025_2026_qqq_v1\event_option_gate_trades.csv,False,False,missing,1,0,0,missing,0,,,0,0.0,0.0,95,0.4,1.104306183650087,0,0.5,1.762983120828527,0,,,0,0.0,0.0
research_papers\JEPA\results\event_option_gate_dense15_zero_dte_return_forcedvol_d65_physctx_2025_2026_spxw_v1\event_option_gate_trades.csv,False,False,missing,1,0,0,missing,208,0.4230769230769231,1.230424928051484,0,0.5,8.210675832520648,0,,,0,0.0,0.0,0,,,0,0.0,0.0
research_papers\JEPA\results\event_option_gate_dense15_zero_dte_return_forcedvol_d65_physctx_2025_2026_spy_v1\event_option_gate_trades.csv,False,False,missing,1,0,0,missing,0,,,0,0.0,0.0,0,,,0,0.0,0.0,196,0.4336734693877551,1.2635299331969128,0,0.5,8.584767132434232
research_papers\JEPA\results\event_option_gate_dense15_zero_dte_return_forcedvol_d80_physctx_2025_2026_qqq_v1\event_option_gate_trades.csv,False,False,missing,1,0,0,missing,0,,,0,0.0,0.0,178,0.3146067415730337,0.7274825409829455,0,0.0,-9.775473775130411,0,,,0,0.0,0.0
research_papers\JEPA\results\event_option_gate_dense15_zero_dte_return_forcedvol_d80_physctx_2025_2026_spxw_v1\event_option_gate_trades.csv,False,False,missing,1,0,0,missing,206,0.32038834951456313,0.7207233494484805,0,0.16666666666666666,-11.483114071227643,0,,,0,0.0,0.0,0,,,0,0.0,0.0
research_papers\JEPA\results\event_option_gate_dense15_zero_dte_return_forcedvol_d80_physctx_2025_2026_spy_v1\event_option_gate_trades.csv,False,False,missing,1,0,0,missing,0,,,0,0.0,0.0,0,,,0,0.0,0.0,234,0.36752136752136755,0.8697827270559098,0,0.3333333333333333,-5.666970774961483
research_papers\JEPA\results\event_option_gate_dense15_zero_dte_return_valthrloose_d50_monthly_backfill18_2025_2026_qqq_v1\monthly_volume_backfill_trades.csv,False,False,missing,2,0,0,missing,0,,,0,0.0,0.0,97,0.41237113402061853,1.1695906432748537,0,0.3333333333333333,2.9,0,,,0,0.0,0.0
research_papers\JEPA\results\event_option_gate_dense15_zero_dte_return_valthrloose_d50_monthly_backfill18_2025_2026_spxw_v1\monthly_volume_backfill_trades.csv,False,False,missing,2,0,0,missing,122,0.5081967213114754,1.7222222222222219,0,0.6666666666666666,13.0,0,,,0,0.0,0.0,0,,,0,0.0,0.0
research_papers\JEPA\results\event_option_gate_dense15_zero_dte_return_valthrloose_d50_monthly_backfill18_2025_2026_spy_v1\monthly_volume_backfill_trades.csv,False,False,missing,2,0,0,missing,0,,,0,0.0,0.0,0,,,0,0.0,0.0,119,0.4957983193277311,1.6388888888888886,0,0.5,11.499999999999998
research_papers\JEPA\results\event_option_gate_dense15_zero_dte_return_valthrloose_d50_monthly_backfill18_max3_2025_2026_qqq_v1\monthly_volume_backfill_trades.csv,False,False,missing,2,0,0,missing,0,,,0,0.0,0.0,98,0.41836734693877553,1.198830409356725,0,0.3333333333333333,3.4000000000000004,0,,,0,0.0,0.0
research_papers\JEPA\results\event_option_gate_dense15_zero_dte_return_valthrloose_d50_monthly_backfill18_max3_2025_2026_spxw_v1\monthly_volume_backfill_trades.csv,False,False,missing,2,0,0,missing,122,0.5081967213114754,1.7222222222222219,0,0.6666666666666666,13.0,0,,,0,0.0,0.0,0,,,0,0.0,0.0
research_papers\JEPA\results\event_option_gate_dense15_zero_dte_return_valthrloose_d50_monthly_backfill18_max3_2025_2026_spy_v1\monthly_volume_backfill_trades.csv,False,False,missing,2,0,0,missing,0,,,0,0.0,0.0,0,,,0,0.0,0.0,120,0.49166666666666664,1.6120218579234968,0,0.5,11.2
research_papers\JEPA\results\event_option_gate_dense15_zero_dte_return_valthrloose_d50_physctx_2025_2026_qqq_v1\event_option_gate_trades.csv,False,False,missing,1,0,0,missing,0,,,0,0.0,0.0,59,0.4576271186440678,1.40625,0,0.5,3.900000000000001,0,,,0,0.0,0.0
research_papers\JEPA\results\event_option_gate_dense15_zero_dte_return_valthrloose_d50_physctx_2025_2026_spxw_v1\event_option_gate_trades.csv,False,False,missing,1,0,0,missing,96,0.5208333333333334,1.81159420289855,0,0.6666666666666666,11.200000000000001,0,,,0,0.0,0.0,0,,,0,0.0,0.0
research_papers\JEPA\results\event_option_gate_dense15_zero_dte_return_valthrloose_d50_physctx_2025_2026_spy_v1\event_option_gate_trades.csv,False,False,missing,1,0,0,missing,0,,,0,0.0,0.0,0,,,0,0.0,0.0,84,0.5,1.6666666666666665,0,0.3333333333333333,8.399999999999999
research_papers\JEPA\results\event_option_gate_dense15_zero_dte_return_valthr_d25_monthly_backfill18_d25max3_2025_2026_qqq_v1\monthly_volume_backfill_trades.csv,False,False,missing,2,0,0,missing,0,,,0,0.0,0.0,116,0.5,1.6666666666666665,0,0.6666666666666666,11.599999999999998,0,,,0,0.0,0.0
research_papers\JEPA\results\event_option_gate_dense15_zero_dte_return_valthr_d25_monthly_backfill18_d35max3_2025_2026_qqq_v1\monthly_volume_backfill_trades.csv,False,False,missing,2,0,0,missing,0,,,0,0.0,0.0,116,0.5517241379310345,2.0512820512820507,0,0.8333333333333334,16.4,0,,,0,0.0,0.0
research_papers\JEPA\results\event_option_gate_dense15_zero_dte_return_valthr_d25_monthly_backfill18_max3_2023_2026_qqq_v1\monthly_volume_backfill_trades.csv,False,False,missing,2,0,0,missing,0,,,0,0.0,0.0,116,0.5,1.6666666666666665,0,0.6666666666666666,11.599999999999998,0,,,0,0.0,0.0
research_papers\JEPA\results\event_option_gate_dense15_zero_dte_return_valthr_d25_physctx_2023_2026_qqq_v1\event_option_gate_trades.csv,False,False,missing,1,0,0,missing,0,,,0,0.0,0.0,93,0.5698924731182796,2.2083333333333335,0,0.6666666666666666,14.5,0,,,0,0.0,0.0
research_papers\JEPA\results\event_option_gate_dense15_zero_dte_return_valthr_d25_physctx_2025_2026_qqq_v1\event_option_gate_trades.csv,False,False,missing,1,0,0,missing,0,,,0,0.0,0.0,93,0.5698924731182796,2.2083333333333335,0,0.6666666666666666,14.5,0,,,0,0.0,0.0
research_papers\JEPA\results\event_option_gate_dense15_zero_dte_return_valthr_d35_monthly_backfill18_max3_2023_2026_qqq_v1\monthly_volume_backfill_trades.csv,False,False,missing,2,0,0,missing,0,,,0,0.0,0.0,181,0.4530386740331492,1.3804713804713806,0,0.6666666666666666,11.3,0,,,0,0.0,0.0
research_papers\JEPA\results\event_option_gate_dense15_zero_dte_return_valthr_d35_physctx_2023_2026_qqq_v1\event_option_gate_trades.csv,False,False,missing,1,0,0,missing,0,,,0,0.0,0.0,179,0.44692737430167595,1.3468013468013469,0,0.6666666666666666,10.3,0,,,0,0.0,0.0
research_papers\JEPA\results\event_option_gate_dense15_zero_dte_return_valthr_d35_physctx_2025_2026_qqq_v1\event_option_gate_trades.csv,False,False,missing,1,0,0,missing,0,,,0,0.0,0.0,179,0.44692737430167595,1.3468013468013469,0,0.6666666666666666,10.3,0,,,0,0.0,0.0
research_papers\JEPA\results\event_option_gate_dense15_zero_dte_return_valthr_d50_monthly_backfill18_forced_2025_2026_qqq_v1\monthly_volume_backfill_trades.csv,False,False,missing,2,0,0,missing,0,,,0,0.0,0.0,139,0.3669064748201439,0.965909090909091,0,0.16666666666666666,-0.9000000000000004,0,,,0,0.0,0.0
research_papers\JEPA\results\event_option_gate_dense15_zero_dte_return_valthr_d50_monthly_backfill18_max3_2023_2026_qqq_v1\monthly_volume_backfill_trades.csv,False,False,missing,2,0,0,missing,0,,,0,0.0,0.0,139,0.381294964028777,1.0271317829457365,0,0.3333333333333333,0.6999999999999993,0,,,0,0.0,0.0
research_papers\JEPA\results\event_option_gate_dense15_zero_dte_return_valthr_d50_monthly_backfill18_max3_2023_2026_spxw_v1\monthly_volume_backfill_trades.csv,False,False,missing,2,0,0,missing,128,0.5,1.6666666666666667,0,0.5,12.8,0,,,0,0.0,0.0,0,,,0,0.0,0.0
research_papers\JEPA\results\event_option_gate_dense15_zero_dte_return_valthr_d50_monthly_backfill18_max3_2023_2026_spy_v1\monthly_volume_backfill_trades.csv,False,False,missing,2,0,0,missing,0,,,0,0.0,0.0,0,,,0,0.0,0.0,154,0.44805194805194803,1.3529411764705883,0,0.5,9.0
research_papers\JEPA\results\event_option_gate_dense15_zero_dte_return_valthr_d50_monthly_backfill18_max3_2025_2026_qqq_v1\monthly_volume_backfill_trades.csv,False,False,missing,2,0,0,missing,0,,,0,0.0,0.0,139,0.381294964028777,1.0271317829457365,0,0.3333333333333333,0.6999999999999993,0,,,0,0.0,0.0
research_papers\JEPA\results\event_option_gate_dense15_zero_dte_return_valthr_d50_monthly_backfill18_max3_2025_2026_spxw_v1\monthly_volume_backfill_trades.csv,False,False,missing,2,0,0,missing,128,0.5,1.6666666666666667,0,0.5,12.8,0,,,0,0.0,0.0,0,,,0,0.0,0.0
research_papers\JEPA\results\event_option_gate_dense15_zero_dte_return_valthr_d50_monthly_backfill18_max3_2025_2026_spy_v1\monthly_volume_backfill_trades.csv,False,False,missing,2,0,0,missing,0,,,0,0.0,0.0,0,,,0,0.0,0.0,154,0.44805194805194803,1.3529411764705883,0,0.5,9.0
research_papers\JEPA\results\event_option_gate_dense15_zero_dte_return_valthr_d50_physctx_2023_2026_qqq_v1\event_option_gate_trades.csv,False,False,missing,1,0,0,missing,0,,,0,0.0,0.0,102,0.4019607843137255,1.1202185792349724,0,0.16666666666666666,2.2,0,,,0,0.0,0.0
research_papers\JEPA\results\event_option_gate_dense15_zero_dte_return_valthr_d50_physctx_2023_2026_spxw_v1\event_option_gate_trades.csv,False,False,missing,1,0,0,missing,86,0.5697674418604651,2.2072072072072064,0,0.3333333333333333,13.399999999999997,0,,,0,0.0,0.0,0,,,0,0.0,0.0
research_papers\JEPA\results\event_option_gate_dense15_zero_dte_return_valthr_d50_physctx_2023_2026_spy_v1\event_option_gate_trades.csv,False,False,missing,1,0,0,missing,0,,,0,0.0,0.0,0,,,0,0.0,0.0,114,0.49122807017543857,1.6091954022988504,0,0.5,10.599999999999998
research_papers\JEPA\results\event_option_gate_dense15_zero_dte_return_valthr_d50_physctx_2025_2026_qqq_v1\event_option_gate_trades.csv,False,False,missing,1,0,0,missing,0,,,0,0.0,0.0,102,0.4019607843137255,1.1202185792349724,0,0.16666666666666666,2.2,0,,,0,0.0,0.0
research_papers\JEPA\results\event_option_gate_dense15_zero_dte_return_valthr_d50_physctx_2025_2026_spxw_v1\event_option_gate_trades.csv,False,False,missing,1,0,0,missing,86,0.5697674418604651,2.2072072072072064,0,0.3333333333333333,13.399999999999997,0,,,0,0.0,0.0,0,,,0,0.0,0.0
research_papers\JEPA\results\event_option_gate_dense15_zero_dte_return_valthr_d50_physctx_2025_2026_spy_v1\event_option_gate_trades.csv,False,False,missing,1,0,0,missing,0,,,0,0.0,0.0,0,,,0,0.0,0.0,114,0.49122807017543857,1.6091954022988504,0,0.5,10.599999999999998
research_papers\JEPA\results\event_option_gate_dense15_zero_dte_win_d25_strict_backfill_d50max3_causal_2023_2026_v1\combined_trades.csv,False,False,missing,2,0,0,missing,103,0.5339805825242718,1.909722222222222,0,0.8333333333333334,13.099999999999998,108,0.5370370370370371,1.9333333333333331,0,0.8333333333333334,13.999999999999998,100,0.51,1.7346938775510203,0,0.8333333333333334,10.799999999999997
research_papers\JEPA\results\event_option_gate_dense15_zero_dte_win_d25_strict_uniform_backfill_d50max3_causal_2023_2026_v1\combined_trades.csv,False,False,missing,2,0,0,failed,99,0.5454545454545454,1.9999999999999996,0,0.8333333333333334,13.5,108,0.5370370370370371,1.9333333333333331,0,0.8333333333333334,13.999999999999998,100,0.51,1.7346938775510203,0,0.8333333333333334,10.799999999999997
research_papers\JEPA\results\event_option_gate_dense15_zero_dte_win_valthr_d25_monthly_backfill18_d25max3_2023_2026_qqq_v1\monthly_volume_backfill_trades.csv,False,False,missing,2,0,0,missing,0,,,0,0.0,0.0,195,0.4358974358974359,1.2878787878787885,0,0.6666666666666666,9.499999999999998,0,,,0,0.0,0.0
research_papers\JEPA\results\event_option_gate_dense15_zero_dte_win_valthr_d25_monthly_backfill18_d35max3_2023_2026_qqq_v1\monthly_volume_backfill_trades.csv,False,False,missing,2,0,0,missing,0,,,0,0.0,0.0,195,0.441025641025641,1.3149847094801228,0,0.6666666666666666,10.299999999999997,0,,,0,0.0,0.0
research_papers\JEPA\results\event_option_gate_dense15_zero_dte_win_valthr_d25_monthly_backfill18_d50max3_2023_2026_qqq_v1\monthly_volume_backfill_trades.csv,False,False,missing,2,0,0,missing,0,,,0,0.0,0.0,195,0.441025641025641,1.3149847094801228,0,0.6666666666666666,10.299999999999997,0,,,0,0.0,0.0
research_papers\JEPA\results\event_option_gate_dense15_zero_dte_win_valthr_d25_physctx_2023_2026_qqq_v1\event_option_gate_trades.csv,False,False,missing,1,0,0,missing,0,,,0,0.0,0.0,193,0.43523316062176165,1.2844036697247712,0,0.6666666666666666,9.3,0,,,0,0.0,0.0
research_papers\JEPA\results\event_option_gate_dense15_zero_dte_win_valthr_d25_physctx_2023_2026_spxw_v1\event_option_gate_trades.csv,False,False,missing,1,0,0,missing,231,0.44155844155844154,1.317829457364341,0,0.6666666666666666,12.3,0,,,0,0.0,0.0,0,,,0,0.0,0.0
research_papers\JEPA\results\event_option_gate_dense15_zero_dte_win_valthr_d25_physctx_2023_2026_spy_v1\event_option_gate_trades.csv,False,False,missing,1,0,0,missing,0,,,0,0.0,0.0,0,,,0,0.0,0.0,195,0.441025641025641,1.3149847094801228,0,0.8333333333333334,10.299999999999997
research_papers\JEPA\results\event_option_gate_dense15_zero_dte_win_valthr_d25_physctx_2025_2026_qqq_v1\event_option_gate_trades.csv,False,False,missing,1,0,0,missing,0,,,0,0.0,0.0,193,0.43523316062176165,1.2844036697247712,0,0.6666666666666666,9.3,0,,,0,0.0,0.0
research_papers\JEPA\results\event_option_gate_dense15_zero_dte_win_valthr_d50_physctx_2025_2026_qqq_v1\event_option_gate_trades.csv,False,False,missing,1,0,0,missing,0,,,0,0.0,0.0,162,0.4074074074074074,1.1331586577465453,0,0.3333333333333333,3.834969343100499,0,,,0,0.0,0.0
research_papers\JEPA\results\event_option_gate_dense15_zero_dte_win_valthr_strict_d25_monthly_backfill18_d50max3_2023_2026_qqq_v1\monthly_volume_backfill_trades.csv,False,False,missing,2,0,0,missing,0,,,0,0.0,0.0,108,0.5370370370370371,1.9333333333333331,0,0.8333333333333334,13.999999999999998,0,,,0,0.0,0.0
research_papers\JEPA\results\event_option_gate_dense15_zero_dte_win_valthr_strict_d25_monthly_backfill18_d50max3_2023_2026_spxw_v1\monthly_volume_backfill_trades.csv,False,False,missing,2,0,0,missing,99,0.5454545454545454,1.9999999999999996,0,0.8333333333333334,13.5,0,,,0,0.0,0.0,0,,,0,0.0,0.0
research_papers\JEPA\results\event_option_gate_dense15_zero_dte_win_valthr_strict_d25_monthly_backfill18_d50max3_2023_2026_spy_v1\monthly_volume_backfill_trades.csv,False,False,missing,2,0,0,missing,0,,,0,0.0,0.0,0,,,0,0.0,0.0,100,0.51,1.7346938775510203,0,0.8333333333333334,10.799999999999997
research_papers\JEPA\results\event_option_gate_dense15_zero_dte_win_valthr_strict_d25_physctx_2023_2026_qqq_v1\event_option_gate_trades.csv,False,False,missing,1,0,0,missing,0,,,0,0.0,0.0,101,0.5445544554455446,1.992753623188405,0,0.8333333333333334,13.699999999999998,0,,,0,0.0,0.0
research_papers\JEPA\results\event_option_gate_dense15_zero_dte_win_valthr_strict_d25_physctx_2023_2026_spxw_v1\event_option_gate_trades.csv,False,False,missing,1,0,0,missing,92,0.5543478260869565,2.073170731707317,0,0.8333333333333334,13.2,0,,,0,0.0,0.0,0,,,0,0.0,0.0
research_papers\JEPA\results\event_option_gate_dense15_zero_dte_win_valthr_strict_d25_physctx_2023_2026_spy_v1\event_option_gate_trades.csv,False,False,missing,1,0,0,missing,0,,,0,0.0,0.0,0,,,0,0.0,0.0,85,0.5176470588235295,1.7886178861788617,0,0.6666666666666666,9.699999999999996
research_papers\JEPA\results\event_option_gate_dense15_zero_dte_win_valthr_wr45_d25_monthly_backfill18_d50max3_2023_2026_qqq_v1\monthly_volume_backfill_trades.csv,False,False,missing,2,0,0,missing,0,,,0,0.0,0.0,133,0.48872180451127817,1.5931372549019607,0,0.8333333333333334,12.100000000000001,0,,,0,0.0,0.0
research_papers\JEPA\results\event_option_gate_dense15_zero_dte_win_valthr_wr45_d25_monthly_backfill18_d50max3_2023_2026_spxw_v1\monthly_volume_backfill_trades.csv,False,False,missing,2,0,0,missing,103,0.5339805825242718,1.909722222222222,0,0.8333333333333334,13.099999999999998,0,,,0,0.0,0.0,0,,,0,0.0,0.0
research_papers\JEPA\results\event_option_gate_dense15_zero_dte_win_valthr_wr45_d25_monthly_backfill18_d50max3_2023_2026_spy_v1\monthly_volume_backfill_trades.csv,False,False,missing,2,0,0,missing,0,,,0,0.0,0.0,0,,,0,0.0,0.0,126,0.47619047619047616,1.5151515151515151,0,0.8333333333333334,10.199999999999996
research_papers\JEPA\results\event_option_gate_dense15_zero_dte_win_valthr_wr45_d25_physctx_2023_2026_qqq_v1\event_option_gate_trades.csv,False,False,missing,1,0,0,missing,0,,,0,0.0,0.0,127,0.4881889763779528,1.5897435897435896,0,0.8333333333333334,11.499999999999996,0,,,0,0.0,0.0
research_papers\JEPA\results\event_option_gate_dense15_zero_dte_win_valthr_wr45_d25_physctx_2023_2026_spxw_v1\event_option_gate_trades.csv,False,False,missing,1,0,0,missing,98,0.5510204081632653,2.045454545454545,0,0.8333333333333334,13.799999999999999,0,,,0,0.0,0.0,0,,,0,0.0,0.0
research_papers\JEPA\results\event_option_gate_dense15_zero_dte_win_valthr_wr45_d25_physctx_2023_2026_spy_v1\event_option_gate_trades.csv,False,False,missing,1,0,0,missing,0,,,0,0.0,0.0,0,,,0,0.0,0.0,121,0.4793388429752066,1.534391534391534,0,0.8333333333333334,10.1
research_papers\JEPA\results\event_option_gate_direct_return_forcedvol_d65_2025_2026_qqq_v1\event_option_gate_trades.csv,False,False,missing,1,0,0,missing,0,,,0,0.0,0.0,157,0.4267515923566879,0.7834972464350966,0,0.0,-5.169755858643702,0,,,0,0.0,0.0
research_papers\JEPA\results\event_option_gate_direct_return_forcedvol_d65_2025_2026_spxw_v1\event_option_gate_trades.csv,False,False,missing,1,0,0,missing,166,0.4457831325301205,1.0878946065353827,0,0.5,1.9295060298957838,0,,,0,0.0,0.0,0,,,0,0.0,0.0
research_papers\JEPA\results\event_option_gate_direct_return_forcedvol_d65_2025_2026_spy_v1\event_option_gate_trades.csv,False,False,missing,1,0,0,missing,0,,,0,0.0,0.0,0,,,0,0.0,0.0,152,0.4407894736842105,0.997102808552741,0,0.3333333333333333,-0.06012430269925623
research_papers\JEPA\results\event_option_gate_direct_return_forcedvol_d80_2025_2026_qqq_v1\event_option_gate_trades.csv,False,False,missing,1,0,0,missing,0,,,0,0.0,0.0,188,0.46808510638297873,1.127180068311466,0,0.5,2.9876286447634537,0,,,0,0.0,0.0
research_papers\JEPA\results\event_option_gate_direct_return_forcedvol_d80_2025_2026_spxw_v1\event_option_gate_trades.csv,False,False,missing,1,0,0,missing,144,0.4444444444444444,1.105237112150211,0,0.5,1.9670483473036564,0,,,0,0.0,0.0,0,,,0,0.0,0.0
research_papers\JEPA\results\event_option_gate_direct_return_forcedvol_d80_2025_2026_spy_v1\event_option_gate_trades.csv,False,False,missing,1,0,0,missing,0,,,0,0.0,0.0,0,,,0,0.0,0.0,166,0.45180722891566266,0.9639177694587345,0,0.3333333333333333,-0.6690239989853335
research_papers\JEPA\results\event_option_gate_direct_return_forcedvol_d80_physctx_2025_2026_qqq_v1\event_option_gate_trades.csv,False,False,missing,1,0,0,missing,0,,,0,0.0,0.0,157,0.4394904458598726,1.147783516587497,0,0.3333333333333333,3.077844522599773,0,,,0,0.0,0.0
research_papers\JEPA\results\event_option_gate_direct_return_forcedvol_d80_physctx_2025_2026_spxw_v1\event_option_gate_trades.csv,False,False,missing,1,0,0,missing,199,0.45226130653266333,1.139929359347522,0,0.5,3.935252735078982,0,,,0,0.0,0.0,0,,,0,0.0,0.0
research_papers\JEPA\results\event_option_gate_direct_return_forcedvol_d80_physctx_2025_2026_spy_v1\event_option_gate_trades.csv,False,False,missing,1,0,0,missing,0,,,0,0.0,0.0,0,,,0,0.0,0.0,209,0.4688995215311005,1.3393750351505609,0,0.3333333333333333,8.60594764288148
research_papers\JEPA\results\event_option_gate_direct_return_forcedvol_d80_physctx_call02_2025_2026_qqq_v1\event_option_gate_trades.csv,False,False,missing,1,0,0,missing,0,,,0,0.0,0.0,176,0.4318181818181818,1.1686060707760815,0,0.5,3.9539195166585954,0,,,0,0.0,0.0
research_papers\JEPA\results\event_option_gate_direct_return_forcedvol_d80_physctx_call02_2025_2026_spxw_v1\event_option_gate_trades.csv,False,False,missing,1,0,0,missing,165,0.44242424242424244,1.0087079606799527,0,0.5,0.2033745657121162,0,,,0,0.0,0.0,0,,,0,0.0,0.0
research_papers\JEPA\results\event_option_gate_direct_return_forcedvol_d80_physctx_call02_2025_2026_spy_v1\event_option_gate_trades.csv,False,False,missing,1,0,0,missing,0,,,0,0.0,0.0,0,,,0,0.0,0.0,193,0.47668393782383417,1.3504102044740538,0,0.3333333333333333,8.034715041008234
research_papers\JEPA\results\event_option_gate_direct_return_forcedvol_d80_physctx_core3_call02_2025_2026_qqq_v1\event_option_gate_trades.csv,False,False,missing,1,0,0,missing,0,,,0,0.0,0.0,176,0.4147727272727273,0.8332672524638102,0,0.16666666666666666,-4.3461900839716385,0,,,0,0.0,0.0
research_papers\JEPA\results\event_option_gate_direct_return_forcedvol_d80_physctx_core3_call02_2025_2026_spxw_v1\event_option_gate_trades.csv,False,False,missing,1,0,0,missing,124,0.3709677419354839,0.805982509177411,0,0.16666666666666666,-4.00817019757048,0,,,0,0.0,0.0,0,,,0,0.0,0.0
research_papers\JEPA\results\event_option_gate_direct_return_forcedvol_d80_physctx_core3_call02_2025_2026_spy_v1\event_option_gate_trades.csv,False,False,missing,1,0,0,missing,0,,,0,0.0,0.0,0,,,0,0.0,0.0,176,0.39204545454545453,0.8650702874058733,0,0.3333333333333333,-3.298146178410769
research_papers\JEPA\results\event_option_gate_direct_return_forcedvol_d80_physctx_xjepa_oof_call02_2025_2026_qqq_v1\event_option_gate_trades.csv,False,False,missing,1,0,0,missing,0,,,0,0.0,0.0,176,0.42613636363636365,1.0973578575956227,0,0.3333333333333333,2.4403836553586444,0,,,0,0.0,0.0
research_papers\JEPA\results\event_option_gate_direct_return_forcedvol_d80_physctx_xjepa_oof_call02_2025_2026_spxw_v1\event_option_gate_trades.csv,False,False,missing,1,0,0,missing,208,0.42788461538461536,0.974523429628339,0,0.3333333333333333,-0.7860022887254692,0,,,0,0.0,0.0,0,,,0,0.0,0.0
research_papers\JEPA\results\event_option_gate_direct_return_forcedvol_d80_physctx_xjepa_oof_call02_2025_2026_spy_v1\event_option_gate_trades.csv,False,False,missing,1,0,0,missing,0,,,0,0.0,0.0,0,,,0,0.0,0.0,211,0.4312796208530806,1.10629514399431,0,0.3333333333333333,3.0259941533943717
research_papers\JEPA\results\event_option_gate_direct_return_valthr_d80_2025_2026_qqq_v1\event_option_gate_trades.csv,False,False,missing,1,0,0,missing,0,,,0,0.0,0.0,120,0.55,1.4859461969994758,0,0.3333333333333333,6.154562466224245,0,,,0,0.0,0.0
research_papers\JEPA\results\event_option_gate_direct_return_valthr_d80_2025_2026_spxw_v1\event_option_gate_trades.csv,False,False,missing,1,0,0,missing,93,0.4946236559139785,1.5245444469806773,0,0.3333333333333333,6.575728925378854,0,,,0,0.0,0.0,0,,,0,0.0,0.0
research_papers\JEPA\results\event_option_gate_direct_return_valthr_d80_2025_2026_spy_v1\event_option_gate_trades.csv,False,False,missing,1,0,0,missing,0,,,0,0.0,0.0,0,,,0,0.0,0.0,94,0.4574468085106383,1.2749944016808252,0,0.16666666666666666,3.0769937366822786
research_papers\JEPA\results\event_option_gate_direct_return_valthr_d80_physctx_call02_2025_2026_qqq_v1\event_option_gate_trades.csv,False,False,missing,1,0,0,missing,0,,,0,0.0,0.0,178,0.47752808988764045,1.394108958354951,0,0.5,8.175181032296743,0,,,0,0.0,0.0
research_papers\JEPA\results\event_option_gate_direct_return_valthr_d80_physctx_call02_2025_2026_spxw_v1\event_option_gate_trades.csv,False,False,missing,1,0,0,missing,143,0.48951048951048953,1.4198264356587111,0,0.5,8.333521159131465,0,,,0,0.0,0.0,0,,,0,0.0,0.0
research_papers\JEPA\results\event_option_gate_direct_return_valthr_d80_physctx_call02_2025_2026_spy_v1\event_option_gate_trades.csv,False,False,missing,1,0,0,missing,0,,,0,0.0,0.0,0,,,0,0.0,0.0,158,0.47468354430379744,1.5031518798432228,0,0.6666666666666666,10.237325625368864
research_papers\JEPA\results\event_option_gate_direct_return_valthr_d80_physctx_xjepa_oof_call02_2025_2026_qqq_v1\event_option_gate_trades.csv,False,False,missing,1,0,0,missing,0,,,0,0.0,0.0,145,0.4689655172413793,1.4200710139707953,0,0.5,8.645298470008246,0,,,0,0.0,0.0
research_papers\JEPA\results\event_option_gate_direct_win_forcedvol_d80_2025_2026_qqq_v1\event_option_gate_trades.csv,False,False,missing,1,0,0,missing,0,,,0,0.0,0.0,169,0.4911242603550296,1.0028580445146966,0,0.16666666666666666,0.053243536503325584,0,,,0,0.0,0.0
research_papers\JEPA\results\event_option_gate_direct_win_forcedvol_d80_2025_2026_spxw_v1\event_option_gate_trades.csv,False,False,missing,1,0,0,missing,168,0.44047619047619047,0.9406655926208874,0,0.3333333333333333,-1.2539100800325436,0,,,0,0.0,0.0,0,,,0,0.0,0.0
research_papers\JEPA\results\event_option_gate_direct_win_forcedvol_d80_2025_2026_spy_v1\event_option_gate_trades.csv,False,False,missing,1,0,0,missing,0,,,0,0.0,0.0,0,,,0,0.0,0.0,173,0.43352601156069365,0.8107714235475691,0,0.0,-3.3054422771070384
research_papers\JEPA\results\event_option_gate_full19_physics_pooled_2026_janjun_d35_win_v1\event_option_gate_trades.csv,False,False,missing,1,0,0,missing,229,0.4148471615720524,0.9600478102770005,16,0.6666666666666666,-1.110317699543352,69,0.5797101449275363,2.132234121181157,1,1.0,6.327457519585887,147,0.40816326530612246,0.9446034281512119,6,0.8333333333333334,-1.0627375191226291
research_papers\JEPA\results\event_option_gate_full19_physics_pooled_2026_janjun_d65_win_maxday2_v1\event_option_gate_trades.csv,False,False,missing,1,0,0,missing,117,0.5384615384615384,1.4432494982848922,5,0.6666666666666666,4.448010776855374,102,0.6568627450980392,2.6024804515342685,3,0.8333333333333334,8.62759910393445,96,0.5625,1.7253369277883033,4,0.8333333333333334,5.1493664667616885
research_papers\JEPA\results\event_option_gate_full19_physics_pooled_2026_janjun_d65_win_v1\event_option_gate_trades.csv,False,False,missing,1,0,0,missing,154,0.4805194805194805,1.0774663303336358,12,0.6666666666666666,1.19445671186705,290,0.5620689655172414,1.6421624476858783,3,0.8333333333333334,13.47949116728958,106,0.5377358490566038,1.4707544454350374,4,0.8333333333333334,4.233333197551935
research_papers\JEPA\results\event_option_gate_full19_physics_pooled_2026_janjun_d80_win_v1\event_option_gate_trades.csv,False,False,missing,1,0,0,missing,80,0.5625,1.766236801767234,0,0.6666666666666666,4.379017624076816,117,0.5555555555555556,1.6124479086035945,5,1.0,5.787361291894927,104,0.4519230769230769,0.905175951306466,3,0.5,-0.9056966537906057
research_papers\JEPA\results\event_option_gate_full20_physics_pooled_2026_janjun_d50_return_minmonth18_v1\event_option_gate_trades.csv,False,False,missing,1,0,0,missing,261,0.42528735632183906,1.0189179791994576,21,0.6666666666666666,0.6912224531976561,183,0.36065573770491804,0.6489019194632218,17,0.5,-10.1119270660647,187,0.44385026737967914,1.1223851723758762,0,0.5,3.1275956301022325
research_papers\JEPA\results\event_option_gate_full20_physics_pooled_2026_janjun_d65_return_minmonth18_v1\event_option_gate_trades.csv,False,False,missing,1,0,0,missing,332,0.42168674698795183,1.06144250550591,0,0.5,2.755536566085576,306,0.4477124183006536,1.1515945575218074,19,1.0,6.091898141432429,284,0.40492957746478875,0.9622063413913331,0,0.5,-1.6215203255823636
research_papers\JEPA\results\event_option_gate_full20_physics_pooled_2026_janjun_d65_win_fullgrid_call05_minmonth18_v1\event_option_gate_trades.csv,False,False,missing,1,0,0,missing,280,0.475,0.9624120017654189,15,0.6666666666666666,-0.9482278107079947,313,0.5111821086261981,1.2248007303163337,26,0.8333333333333334,5.989547578516942,216,0.5138888888888888,1.170923599964058,20,0.6666666666666666,3.430480518323611
research_papers\JEPA\results\event_option_gate_full20_physics_pooled_2026_janjun_d80_return_front_weekly_minmonth18_v1\event_option_gate_trades.csv,False,False,missing,1,0,0,missing,359,0.4763231197771588,0.8974506792338175,19,0.5,-2.8909937294934354,279,0.4838709677419355,0.9905948642353817,15,0.6666666666666666,-0.1859615130053908,242,0.4834710743801653,1.0987862498319563,16,0.6666666666666666,1.824763668176901
research_papers\JEPA\results\event_option_gate_full20_physics_pooled_2026_janjun_d80_return_fullgrid_call05_minmonth18_v1\event_option_gate_trades.csv,False,False,missing,1,0,0,missing,244,0.5163934426229508,1.411819486150298,19,0.8333333333333334,10.201752928513205,378,0.5317460317460317,1.472286751747267,34,0.6666666666666666,17.280872127176693,280,0.475,1.2569229365561942,19,0.6666666666666666,6.974737685086005
research_papers\JEPA\results\event_option_gate_full20_physics_pooled_2026_janjun_d80_return_fullgrid_call05_presel2025_v1\event_option_gate_trades.csv,False,False,missing,1,0,0,missing,70,0.5,1.7984185608622267,4,0.8333333333333334,6.856865291399676,296,0.5135135135135135,1.3507930221822806,9,0.6666666666666666,10.794189892335691,110,0.4818181818181818,1.382534924293983,4,0.6666666666666666,5.366081930700767
research_papers\JEPA\results\event_option_gate_full20_physics_pooled_2026_janjun_d80_return_zero_dte_minmonth18_v1\event_option_gate_trades.csv,False,False,missing,1,0,0,missing,157,0.47770700636942676,1.466059101822108,0,0.8333333333333334,11.0281014789861,267,0.45692883895131087,1.2222801115103357,0,0.6666666666666666,9.085366750352723,278,0.4712230215827338,1.3419101192609355,16,0.8333333333333334,14.341812371543297
research_papers\JEPA\results\event_option_gate_ptdj_oof_core_2026_janjun_d80_return_minmonth18_rerun_v2\event_option_gate_trades.csv,False,False,missing,1,0,0,missing,409,0.4400977995110024,1.0340447744666288,22,0.5,1.7594354497092346,267,0.3970037453183521,1.0159380810101917,0,0.3333333333333333,0.5006862933267981,376,0.42021276595744683,1.0056173902449073,23,0.3333333333333333,0.237383060799218
research_papers\JEPA\results\event_option_gate_ptdj_oof_core_2026_janjun_d80_return_minmonth18_v1\event_option_gate_trades.csv,False,False,missing,1,0,0,missing,409,0.4400977995110024,1.0340447744666288,22,0.5,1.7594354497092346,0,,,0,0.0,0.0,296,0.3885135135135135,0.8486779888809854,0,0.16666666666666666,-5.272803935619682
research_papers\JEPA\results\event_option_gate_qqq_all13_zero_dte_delta80_win_ptdj_2025h2_2026\event_option_gate_trades.csv,False,False,missing,1,0,0,missing,0,,,0,0.0,0.0,206,0.39805825242718446,0.9987154690381198,0,0.6666666666666666,-0.04595956698814785,0,,,0,0.0,0.0
research_papers\JEPA\results\event_option_gate_qqq_all13_zero_dte_delta80_win_ptdj_2026janmay\event_option_gate_trades.csv,False,False,missing,1,0,0,missing,0,,,0,0.0,0.0,206,0.39805825242718446,0.9987154690381198,0,0.6666666666666666,-0.04595956698814785,0,,,0,0.0,0.0
research_papers\JEPA\results\event_option_gate_qqq_all13_zero_dte_delta80_win_ptdj_z48_loosephys_2026janmay\event_option_gate_trades.csv,False,False,missing,1,0,0,missing,0,,,0,0.0,0.0,230,0.391304347826087,0.9402209972012406,0,0.5,-2.4117512067163087,0,,,0,0.0,0.0
research_papers\JEPA\results\event_option_gate_qqq_alltrain_delta15_wincls_min18_2026janmay\event_option_gate_trades.csv,False,False,missing,1,0,0,missing,0,,,0,0.0,0.0,167,0.3413173652694611,0.8506653472122345,0,0.5,-4.086763439362567,0,,,0,0.0,0.0
research_papers\JEPA\results\event_option_gate_qqq_alltrain_delta50_return_min18_2026janmay\event_option_gate_trades.csv,False,False,missing,1,0,0,missing,0,,,0,0.0,0.0,222,0.3918918918918919,0.8505564194751273,0,0.5,-4.545177969362502,0,,,0,0.0,0.0
research_papers\JEPA\results\event_option_gate_qqq_alltrain_delta50_wincls_min18_2026janmay\event_option_gate_trades.csv,False,False,missing,1,0,0,missing,0,,,0,0.0,0.0,199,0.4271356783919598,0.9761808345854078,0,0.3333333333333333,-0.5806206301988777,0,,,0,0.0,0.0
research_papers\JEPA\results\event_option_gate_qqq_alltrain_delta65_return_min18_2026janmay\event_option_gate_trades.csv,False,False,missing,1,0,0,missing,0,,,0,0.0,0.0,183,0.40437158469945356,0.9602729918850499,0,0.5,-0.9104262738676216,0,,,0,0.0,0.0
research_papers\JEPA\results\event_option_gate_qqq_alltrain_delta65_wincls_min18_2026janmay\event_option_gate_trades.csv,False,False,missing,1,0,0,missing,0,,,0,0.0,0.0,306,0.4150326797385621,0.9075361971119675,0,0.3333333333333333,-3.796886056083747,0,,,0,0.0,0.0
research_papers\JEPA\results\event_option_gate_qqq_alltrain_delta80_return_min18_2026janmay\event_option_gate_trades.csv,False,False,missing,1,0,0,missing,0,,,0,0.0,0.0,218,0.3944954128440367,0.84656734321174,0,0.5,-3.3264803248017594,0,,,0,0.0,0.0
research_papers\JEPA\results\event_option_gate_qqq_alltrain_delta80_wincls_min18_2025h2_2026\event_option_gate_trades.csv,False,False,missing,1,0,0,missing,0,,,0,0.0,0.0,319,0.4106583072100313,1.0510000926476506,0,0.5,1.9089928751165406,0,,,0,0.0,0.0
research_papers\JEPA\results\event_option_gate_qqq_alltrain_delta80_wincls_min18_2026janmay\event_option_gate_trades.csv,False,False,missing,1,0,0,missing,0,,,0,0.0,0.0,319,0.4106583072100313,1.0510000926476506,0,0.5,1.9089928751165406,0,,,0,0.0,0.0
research_papers\JEPA\results\event_option_gate_qqq_alltrain_zero_dte_delta50_wincls_physics_2026janmay\event_option_gate_trades.csv,False,False,missing,1,0,0,missing,0,,,0,0.0,0.0,138,0.36231884057971014,0.9025493260559301,0,0.3333333333333333,-2.572697792123452,0,,,0,0.0,0.0
research_papers\JEPA\results\event_option_gate_qqq_alltrain_zero_dte_delta80_wincls_physics_2025h2_2026\event_option_gate_trades.csv,False,False,missing,1,0,0,missing,0,,,0,0.0,0.0,201,0.4228855721393035,1.1459912729902657,0,0.6666666666666666,4.938721660440942,0,,,0,0.0,0.0
research_papers\JEPA\results\event_option_gate_qqq_alltrain_zero_dte_delta80_wincls_physics_2026janmay\event_option_gate_trades.csv,False,False,missing,1,0,0,missing,0,,,0,0.0,0.0,201,0.4228855721393035,1.1459912729902657,0,0.6666666666666666,4.938721660440942,0,,,0,0.0,0.0
research_papers\JEPA\results\event_option_gate_qqq_alltrain_zero_dte_delta80_wincls_physics_ptdj_v1_2025h2_2026\event_option_gate_trades.csv,False,False,missing,1,0,0,missing,0,,,0,0.0,0.0,211,0.4549763033175355,1.3175066762771908,0,0.6666666666666666,10.363959073227464,0,,,0,0.0,0.0
research_papers\JEPA\results\event_option_gate_qqq_alltrain_zero_dte_delta80_wincls_physics_ptdj_v1_2026janmay\event_option_gate_trades.csv,False,False,missing,1,0,0,missing,0,,,0,0.0,0.0,211,0.4549763033175355,1.3175066762771908,0,0.6666666666666666,10.363959073227464,0,,,0,0.0,0.0
research_papers\JEPA\results\event_option_gate_qqq_alltrain_zero_dte_delta80_wincls_physics_ptdj_v1_liquidgrid_2026janmay\event_option_gate_trades.csv,False,False,missing,1,0,0,missing,0,,,0,0.0,0.0,242,0.43388429752066116,1.2124642562801764,0,0.6666666666666666,8.227996063529629,0,,,0,0.0,0.0
research_papers\JEPA\results\event_option_gate_qqq_alltrain_zero_dte_delta80_wincls_physics_ptdj_z48_loosephys_2026janmay\event_option_gate_trades.csv,False,False,missing,1,0,0,missing,0,,,0,0.0,0.0,166,0.39759036144578314,1.0784594968592076,0,0.3333333333333333,2.2731910587832536,0,,,0,0.0,0.0
research_papers\JEPA\results\event_option_gate_qqq_front_weekly_delta25_quantile_min18_2026janmay\event_option_gate_trades.csv,False,False,missing,1,0,0,missing,0,,,0,0.0,0.0,157,0.3885350318471338,0.8287950324457163,0,0.3333333333333333,-3.6661110513189836,0,,,0,0.0,0.0
research_papers\JEPA\results\event_option_gate_qqq_front_weekly_delta35_wincls_min18_2025h2_2026jun\event_option_gate_trades.csv,False,False,missing,1,0,0,missing,0,,,0,0.0,0.0,160,0.41875,0.9774880255383214,11,0.3333333333333333,-0.42689103040983656,0,,,0,0.0,0.0
research_papers\JEPA\results\event_option_gate_qqq_front_weekly_delta35_wincls_min18_2026janmay\event_option_gate_trades.csv,False,False,missing,1,0,0,missing,0,,,0,0.0,0.0,149,0.40939597315436244,0.9720920696589752,0,0.16666666666666666,-0.49937186540419787,0,,,0,0.0,0.0
research_papers\JEPA\results\event_option_gate_qqq_front_weekly_delta35_wincls_physics_2026janmay\event_option_gate_trades.csv,False,False,missing,1,0,0,missing,0,,,0,0.0,0.0,179,0.36312849162011174,0.6576056023199524,0,0.16666666666666666,-8.101694276194712,0,,,0,0.0,0.0
research_papers\JEPA\results\event_option_gate_qqq_full20_delta65_return_2026janjun_v1\event_option_gate_trades.csv,False,False,missing,1,0,0,missing,0,,,0,0.0,0.0,201,0.3383084577114428,0.8072538735126444,0,0.0,-7.607133720033843,0,,,0,0.0,0.0
research_papers\JEPA\results\event_option_gate_qqq_full20_delta65_win_qqqonly_2026janjun_v1\event_option_gate_trades.csv,False,False,missing,1,0,0,missing,0,,,0,0.0,0.0,214,0.4439252336448598,1.2960668273715856,13,1.0,10.489272294274976,0,,,0,0.0,0.0
research_papers\JEPA\results\event_option_gate_qqq_full20_family_d35_win_2025_2026_v1\event_option_gate_trades.csv,False,False,missing,1,0,0,missing,0,,,0,0.0,0.0,160,0.375,0.9961134265829332,0,0.5,-0.11542015750869927,0,,,0,0.0,0.0
research_papers\JEPA\results\event_option_gate_qqq_full20_family_d50_win_2025_2026_v1\event_option_gate_trades.csv,False,False,missing,1,0,0,missing,0,,,0,0.0,0.0,340,0.4117647058823529,1.1680178239981887,26,0.8333333333333334,10.00374163427682,0,,,0,0.0,0.0
research_papers\JEPA\results\event_option_gate_qqq_full20_family_d65_win_2025_2026_v1\event_option_gate_trades.csv,False,False,missing,1,0,0,missing,0,,,0,0.0,0.0,214,0.4439252336448598,1.2960668273715856,13,1.0,10.489272294274976,0,,,0,0.0,0.0
research_papers\JEPA\results\event_option_gate_qqq_full20_family_d80_win_2025_2026_v1\event_option_gate_trades.csv,False,False,missing,1,0,0,missing,0,,,0,0.0,0.0,298,0.43288590604026844,1.1165409031197542,0,0.6666666666666666,5.54244885472529,0,,,0,0.0,0.0
research_papers\JEPA\results\event_option_gate_qqq_mixed_delta35_wincls_min18_2026janmay\event_option_gate_trades.csv,False,False,missing,1,0,0,missing,0,,,0,0.0,0.0,173,0.41040462427745666,0.9664736697660645,0,0.3333333333333333,-0.8167660378357702,0,,,0,0.0,0.0
research_papers\JEPA\results\event_option_gate_qqq_mixed_delta35_wincls_physics_2026janmay\event_option_gate_trades.csv,False,False,missing,1,0,0,missing,0,,,0,0.0,0.0,260,0.38461538461538464,0.8726363686522451,0,0.16666666666666666,-5.318013597254877,0,,,0,0.0,0.0
research_papers\JEPA\results\event_option_gate_qqq_pool3_zero_dte_delta80_win_physics_202501train_2026janmay\event_option_gate_trades.csv,False,False,missing,1,0,0,missing,0,,,0,0.0,0.0,140,0.35,0.8218317827953587,0,0.3333333333333333,-4.650775242546349,0,,,0,0.0,0.0
research_papers\JEPA\results\event_option_gate_qqq_pool3_zero_dte_delta80_win_ptdj_2026janmay\event_option_gate_trades.csv,False,False,missing,1,0,0,missing,0,,,0,0.0,0.0,119,0.3277310924369748,0.7590482369101619,0,0.16666666666666666,-5.629669435572194,0,,,0,0.0,0.0
research_papers\JEPA\results\event_option_gate_qqq_zero_dte_delta35_wincls_min18_2025h2_2026\event_option_gate_trades.csv,False,False,missing,1,0,0,missing,0,,,0,0.0,0.0,181,0.4088397790055249,1.1396177822089852,0,0.5,4.481730808908419,0,,,0,0.0,0.0
research_papers\JEPA\results\event_option_gate_qqq_zero_dte_delta35_wincls_min18_2026janmay\event_option_gate_trades.csv,False,False,missing,1,0,0,missing,0,,,0,0.0,0.0,181,0.4088397790055249,1.1396177822089852,0,0.5,4.481730808908419,0,,,0,0.0,0.0
research_papers\JEPA\results\event_option_gate_qqq_zero_dte_delta35_wincls_physics_2026janmay\event_option_gate_trades.csv,False,False,missing,1,0,0,missing,0,,,0,0.0,0.0,169,0.378698224852071,1.0025946288542358,0,0.3333333333333333,0.081730808908417,0,,,0,0.0,0.0
research_papers\JEPA\results\event_option_gate_qqq_zero_dte_delta80_win_tdvp_only_v1_2025h2_2026jun\event_option_gate_trades.csv,False,False,missing,1,0,0,missing,0,,,0,0.0,0.0,142,0.38028169014084506,0.9336627609930614,0,0.5,-1.6857769973705186,0,,,0,0.0,0.0
research_papers\JEPA\results\event_option_gate_spxw_front_weekly_delta35_quantile_min18_2026janmay\event_option_gate_trades.csv,False,False,missing,1,0,0,missing,191,0.5026178010471204,1.5158104366280012,0,0.6666666666666666,9.798339202136638,0,,,0,0.0,0.0,0,,,0,0.0,0.0
research_papers\JEPA\results\event_option_gate_spxw_front_weekly_delta35_return_physics_202501train_2026janmay\event_option_gate_trades.csv,False,False,missing,1,0,0,missing,203,0.4433497536945813,1.2690330228677333,0,0.5,6.025323646464619,0,,,0,0.0,0.0,0,,,0,0.0,0.0
research_papers\JEPA\results\event_option_gate_spxw_front_weekly_delta35_return_ptdj_2026janmay\event_option_gate_trades.csv,False,False,missing,1,0,0,missing,257,0.4474708171206226,1.2206064779301729,0,0.6666666666666666,6.373316731448191,0,,,0,0.0,0.0,0,,,0,0.0,0.0
research_papers\JEPA\results\event_option_gate_spxw_front_weekly_delta35_return_ptdj_z48_loosephys_2026janmay\event_option_gate_trades.csv,False,False,missing,1,0,0,missing,123,0.5284552845528455,1.5976410118988795,0,0.5,7.758165608543011,0,,,0,0.0,0.0,0,,,0,0.0,0.0
research_papers\JEPA\results\event_option_gate_spxw_front_weekly_delta35_return_ptdj_z48_loosephys_call90_2026janmay\event_option_gate_trades.csv,False,False,missing,1,0,0,missing,220,0.44545454545454544,1.2878487416566091,0,0.6666666666666666,6.96921581250427,0,,,0,0.0,0.0,0,,,0,0.0,0.0
research_papers\JEPA\results\event_option_gate_spxw_front_weekly_delta35_return_tdvp_only_v1_2025h2_2026jun\event_option_gate_trades.csv,False,False,missing,1,0,0,missing,64,0.546875,1.7821801456247839,0,0.3333333333333333,4.151639894579503,0,,,0,0.0,0.0,0,,,0,0.0,0.0
research_papers\JEPA\results\event_option_gate_spxw_front_weekly_delta35_return_tdvp_v1_2025h2_2026jun\event_option_gate_trades.csv,False,False,missing,1,0,0,missing,307,0.4592833876221498,1.2910290562924152,16,0.5,9.250429831499378,0,,,0,0.0,0.0,0,,,0,0.0,0.0
research_papers\JEPA\results\event_option_gate_spxw_front_weekly_delta35_return_val2_min18_2026janmay\event_option_gate_trades.csv,False,False,missing,1,0,0,missing,213,0.49765258215962443,1.4824156545355904,0,0.5,10.890691911369743,0,,,0,0.0,0.0,0,,,0,0.0,0.0
research_papers\JEPA\results\event_option_gate_spxw_front_weekly_delta35_return_vol25_2025h2_2026\event_option_gate_trades.csv,False,False,missing,1,0,0,missing,254,0.5078740157480315,1.4807686409519378,0,0.6666666666666666,12.56233303455121,0,,,0,0.0,0.0,0,,,0,0.0,0.0
research_papers\JEPA\results\event_option_gate_spxw_front_weekly_delta35_return_vol25_2025h2_2026jun\event_option_gate_trades.csv,False,False,missing,1,0,0,missing,299,0.4882943143812709,1.3124564452988314,24,0.6666666666666666,10.016640811361986,0,,,0,0.0,0.0,0,,,0,0.0,0.0
research_papers\JEPA\results\event_option_gate_spxw_front_weekly_delta35_return_vol25_2026janmay\event_option_gate_trades.csv,False,False,missing,1,0,0,missing,254,0.5078740157480315,1.4807686409519378,0,0.6666666666666666,12.56233303455121,0,,,0,0.0,0.0,0,,,0,0.0,0.0
research_papers\JEPA\results\event_option_gate_spxw_front_weekly_delta35_return_vol25_all13_2025h2_2026jun\event_option_gate_trades.csv,False,False,missing,1,0,0,missing,177,0.3954802259887006,0.6447993270378756,0,0.16666666666666666,-7.662813872927039,0,,,0,0.0,0.0,0,,,0,0.0,0.0
research_papers\JEPA\results\event_option_gate_spxw_front_weekly_delta35_return_vol25_physics_2025h2_2026\event_option_gate_trades.csv,False,False,missing,1,0,0,missing,258,0.49612403100775193,1.4035924716751949,0,0.5,10.262535887821178,0,,,0,0.0,0.0,0,,,0,0.0,0.0
research_papers\JEPA\results\event_option_gate_spxw_front_weekly_delta35_return_vol25_physics_2026janmay\event_option_gate_trades.csv,False,False,missing,1,0,0,missing,258,0.49612403100775193,1.4035924716751949,0,0.5,10.262535887821178,0,,,0,0.0,0.0,0,,,0,0.0,0.0
research_papers\JEPA\results\event_option_gate_spxw_front_weekly_delta35_wincls_min18_2026janmay\event_option_gate_trades.csv,False,False,missing,1,0,0,missing,163,0.49693251533742333,1.2622143659425296,0,0.6666666666666666,4.329823380843084,0,,,0,0.0,0.0,0,,,0,0.0,0.0
research_papers\JEPA\results\event_option_gate_spxw_spy_qqq_medium_even\event_option_gate_trades.csv,False,False,missing,1,0,0,missing,59,0.3559322033898305,1.004868803358916,5,0.3333333333333333,0.04644177352742954,86,0.36046511627906974,0.8830494429597091,8,0.6666666666666666,-1.8308040997451314,183,0.3770491803278688,0.9917678904784095,2,0.5,-0.26136462326164445
research_papers\JEPA\results\event_option_gate_spxw_spy_qqq_medium_even_tickeronly_abstain\event_option_gate_trades.csv,False,False,missing,1,0,0,missing,133,0.3458646616541353,0.8740679580481494,11,0.5,-2.9542321275928263,49,0.42857142857142855,1.0879576655275902,0,0.6666666666666666,0.7017459661888876,85,0.32941176470588235,0.8191795482965762,5,0.16666666666666666,-2.8243526532631247
research_papers\JEPA\results\event_option_gate_spxw_spy_qqq_medium_even_tickeronly_allow_invalid\event_option_gate_trades.csv,False,False,missing,1,0,0,missing,133,0.3458646616541353,0.8740679580481494,11,0.5,-2.9542321275928263,106,0.3867924528301887,0.9722152553834106,6,0.6666666666666666,-0.49003726384814605,85,0.32941176470588235,0.8191795482965762,5,0.16666666666666666,-2.8243526532631247
research_papers\JEPA\results\event_option_gate_spy_mixed_delta35_quantile_min18_2025h2_2026\event_option_gate_trades.csv,False,False,missing,1,0,0,missing,0,,,0,0.0,0.0,0,,,0,0.0,0.0,170,0.4294117647058823,1.2345848997354376,0,0.5,5.61032001953191
research_papers\JEPA\results\event_option_gate_spy_mixed_delta35_quantile_min18_2026janmay\event_option_gate_trades.csv,False,False,missing,1,0,0,missing,0,,,0,0.0,0.0,0,,,0,0.0,0.0,170,0.4294117647058823,1.2345848997354376,0,0.5,5.61032001953191
research_papers\JEPA\results\event_option_gate_spy_mixed_delta35_wincls_min18_2025h2_2026\event_option_gate_trades.csv,False,False,missing,1,0,0,missing,0,,,0,0.0,0.0,0,,,0,0.0,0.0,155,0.4645161290322581,1.4766139036631236,0,0.8333333333333334,9.266291856597725
research_papers\JEPA\results\event_option_gate_spy_mixed_delta35_wincls_min18_2025h2_2026jun\event_option_gate_trades.csv,False,False,missing,1,0,0,missing,0,,,0,0.0,0.0,0,,,0,0.0,0.0,177,0.4632768361581921,1.389228459941491,13,0.8333333333333334,8.745123988726707
research_papers\JEPA\results\event_option_gate_spy_mixed_delta35_wincls_min18_2026janmay\event_option_gate_trades.csv,False,False,missing,1,0,0,missing,0,,,0,0.0,0.0,0,,,0,0.0,0.0,155,0.4645161290322581,1.4766139036631236,0,0.8333333333333334,9.266291856597725
research_papers\JEPA\results\event_option_gate_spy_mixed_delta35_wincls_physics_2026janmay\event_option_gate_trades.csv,False,False,missing,1,0,0,missing,0,,,0,0.0,0.0,0,,,0,0.0,0.0,185,0.43243243243243246,1.2760646955480661,0,0.6666666666666666,6.921464778482724
research_papers\JEPA\results\event_option_gate_spy_mixed_delta35_wincls_strictval_2026janmay\event_option_gate_trades.csv,False,False,missing,1,0,0,missing,0,,,0,0.0,0.0,0,,,0,0.0,0.0,66,0.42424242424242425,1.336331984163391,0,0.5,2.649778138429533
research_papers\JEPA\results\event_option_gate_spy_mixed_delta35_wincls_val2_min18_2026janmay\event_option_gate_trades.csv,False,False,missing,1,0,0,missing,0,,,0,0.0,0.0,0,,,0,0.0,0.0,165,0.41818181818181815,1.2064487284284267,0,0.6666666666666666,4.857875725044916
research_papers\JEPA\results\event_option_gate_spy_mixed_delta35_wincls_vol25_2026janmay\event_option_gate_trades.csv,False,False,missing,1,0,0,missing,0,,,0,0.0,0.0,0,,,0,0.0,0.0,224,0.4017857142857143,1.0687165981155382,0,0.6666666666666666,2.332030391515551
research_papers\JEPA\results\event_option_gate_spy_mixed_delta35_win_physics_202501train_2026janmay\event_option_gate_trades.csv,False,False,missing,1,0,0,missing,0,,,0,0.0,0.0,0,,,0,0.0,0.0,162,0.42592592592592593,1.1816117719415662,0,0.6666666666666666,3.9548549075850743
research_papers\JEPA\results\event_option_gate_spy_mixed_delta35_win_ptdj_2025h2_2026\event_option_gate_trades.csv,False,False,missing,1,0,0,missing,0,,,0,0.0,0.0,0,,,0,0.0,0.0,177,0.4519774011299435,1.412274694601744,0,0.8333333333333334,9.23821309130425
research_papers\JEPA\results\event_option_gate_spy_mixed_delta35_win_ptdj_2025h2_2026jun\event_option_gate_trades.csv,False,False,missing,1,0,0,missing,0,,,0,0.0,0.0,0,,,0,0.0,0.0,190,0.4263157894736842,1.1638901906542904,18,0.6666666666666666,4.351991361162636
research_papers\JEPA\results\event_option_gate_spy_mixed_delta35_win_ptdj_2026janmay\event_option_gate_trades.csv,False,False,missing,1,0,0,missing,0,,,0,0.0,0.0,0,,,0,0.0,0.0,177,0.4519774011299435,1.412274694601744,0,0.8333333333333334,9.23821309130425
research_papers\JEPA\results\event_option_gate_spy_mixed_delta35_win_ptdj_all13_2025h2_2026jun\event_option_gate_trades.csv,False,False,missing,1,0,0,missing,0,,,0,0.0,0.0,0,,,0,0.0,0.0,206,0.38349514563106796,0.9801658444124721,0,0.3333333333333333,-0.5668802653388334
research_papers\JEPA\results\event_option_gate_spy_mixed_delta35_win_ptdj_z48_loosephys_2026janmay\event_option_gate_trades.csv,False,False,missing,1,0,0,missing,0,,,0,0.0,0.0,0,,,0,0.0,0.0,180,0.4722222222222222,1.3415317256650792,0,0.6666666666666666,8.201343374508651
research_papers\JEPA\results\event_option_gate_spy_mixed_delta35_win_tdvp_only_v1_2025h2_2026jun\event_option_gate_trades.csv,False,False,missing,1,0,0,missing,0,,,0,0.0,0.0,0,,,0,0.0,0.0,142,0.3873239436619718,1.024339846180984,0,0.5,0.5452206181741559
research_papers\JEPA\results\event_option_gate_spy_mixed_delta35_win_tdvp_v1_2025h2_2026jun\event_option_gate_trades.csv,False,False,missing,1,0,0,missing,0,,,0,0.0,0.0,0,,,0,0.0,0.0,187,0.39037433155080214,0.9705258345730019,12,0.5,-0.8975687648508828
research_papers\JEPA\results\event_option_gate_spy_mixed_delta65_win_ptdj_2025h2_2026jun\event_option_gate_trades.csv,False,False,missing,1,0,0,missing,0,,,0,0.0,0.0,0,,,0,0.0,0.0,437,0.41418764302059496,0.9959957686930907,0,0.3333333333333333,-0.23243116429765312
research_papers\JEPA\results\event_option_gate_spy_mixed_delta80_win_ptdj_2025h2_2026jun\event_option_gate_trades.csv,False,False,missing,1,0,0,missing,0,,,0,0.0,0.0,0,,,0,0.0,0.0,358,0.4581005586592179,0.9766162789749502,0,0.3333333333333333,-0.9548969047753157
research_papers\JEPA\results\event_option_gate_tdvp_oof_all13_2026_janjun_d80_return_minmonth18_rerun_v2\event_option_gate_trades.csv,False,False,missing,1,0,0,missing,164,0.49390243902439024,1.1263235928728967,0,0.5,2.3280009059903954,264,0.42803030303030304,0.9151895792845758,18,0.5,-2.7446216793956797,283,0.38515901060070673,0.8857474574165922,12,0.3333333333333333,-4.03379905369809
research_papers\JEPA\results\event_option_gate_tdvp_oof_all13_2026_janjun_d80_return_minmonth18_v1\event_option_gate_trades.csv,False,False,missing,1,0,0,missing,164,0.49390243902439024,1.1263235928728967,0,0.5,2.3280009059903954,0,,,0,0.0,0.0,209,0.37799043062200954,0.8731016797509908,0,0.16666666666666666,-3.324185869673286
research_papers\JEPA\results\event_option_gate_trailing_liveexit_2024train_2025h2_2026jun_d80_return_strict_v1\event_option_gate_trades.csv,False,False,missing,1,0,0,missing,55,0.41818181818181815,0.6352373555639486,0,0.16666666666666666,-5.450941524757435,97,0.5257731958762887,0.9322255496934978,0,0.3333333333333333,-1.4117531889758423,103,0.5825242718446602,1.4713633407471316,0,0.5,9.104162514484127
research_papers\JEPA\results\event_option_gate_trailing_liveexit_2024train_2025h2_2026jun_d80_return_v1\event_option_gate_trades.csv,False,False,missing,1,0,0,missing,152,0.4934210526315789,1.0153585028411558,19,0.5,0.46468610901901997,181,0.4696132596685083,0.7234198132148209,19,0.3333333333333333,-11.842022312891329,243,0.5349794238683128,1.1238888298535201,17,0.5,5.3075287258105055
research_papers\JEPA\results\event_option_gate_wide_2024train_spxw_spy_qqq_2025h2_2026\event_option_gate_trades.csv,False,False,missing,1,0,0,missing,167,0.3712574850299401,0.9725719141642247,0,0.3333333333333333,-0.7291519731265681,252,0.4007936507936508,0.9234728277705992,0,0.16666666666666666,-2.7777356861009412,128,0.375,0.7298172054999065,0,0.16666666666666666,-5.482435823467673
research_papers\JEPA\results\event_option_gate_wide_2024train_spxw_spy_qqq_2026janmay\event_option_gate_trades.csv,False,False,missing,1,0,0,missing,167,0.3712574850299401,0.9725719141642247,0,0.3333333333333333,-0.7291519731265681,252,0.4007936507936508,0.9234728277705992,0,0.16666666666666666,-2.7777356861009412,128,0.375,0.7298172054999065,0,0.16666666666666666,-5.482435823467673
research_papers\JEPA\results\event_option_gate_wide_2024train_spxw_spy_qqq_2026janmay_valstrict\event_option_gate_trades.csv,False,False,missing,1,0,0,missing,0,,,0,0.0,0.0,95,0.3263157894736842,0.6152904887594374,0,0.0,-5.55071678940396,28,0.4642857142857143,0.6179261990500949,0,0.0,-1.5400371434908005
research_papers\JEPA\results\event_option_gate_wide_delta25_quantile_2026janmay\event_option_gate_trades.csv,False,False,missing,1,0,0,missing,188,0.4095744680851064,1.09853959741153,0,0.3333333333333333,2.668260753692716,154,0.3116883116883117,0.6263483485072358,0,0.16666666666666666,-9.941713419365422,87,0.47126436781609193,1.189930158556941,0,0.5,2.2185425516517285
research_papers\JEPA\results\event_option_gate_wide_delta35_2026janmay\event_option_gate_trades.csv,False,False,missing,1,0,0,missing,229,0.36681222707423583,0.8803299650045179,0,0.5,-4.244182287460912,161,0.4409937888198758,1.1003666268176404,0,0.3333333333333333,2.3345318005390787,179,0.37988826815642457,0.8851394577861412,0,0.3333333333333333,-3.266694488823526
research_papers\JEPA\results\event_option_gate_wide_delta35_quantile_2026janmay\event_option_gate_trades.csv,False,False,missing,1,0,0,missing,249,0.37751004016064255,0.9105420635845479,0,0.5,-3.410030619130971,109,0.4036697247706422,0.9474490524725105,0,0.3333333333333333,-0.8549921289761486,95,0.5368421052631579,1.6817475249126919,0,0.8333333333333334,7.247991476462013
research_papers\JEPA\results\event_option_gate_wide_delta35_quantile_front_weekly_2025h2_2026janmay\event_option_gate_trades.csv,False,False,missing,1,0,0,missing,83,0.6144578313253012,2.5049682438907723,0,0.8333333333333334,9.543654083757678,132,0.36363636363636365,0.6635293837468959,0,0.16666666666666666,-5.831907512366852,111,0.4954954954954955,1.0041469750949157,0,0.3333333333333333,0.05271992692145899
research_papers\JEPA\results\event_option_gate_wide_delta35_quantile_front_weekly_2025h2_2026jun_rebuild\event_option_gate_trades.csv,False,False,missing,1,0,0,missing,141,0.49645390070921985,1.4423664050097897,12,0.8333333333333334,6.284646114551595,170,0.38823529411764707,0.7281330559538184,0,0.16666666666666666,-5.937393699716452,131,0.44274809160305345,0.8214995465470792,14,0.3333333333333333,-3.006521678970486
research_papers\JEPA\results\event_option_gate_wide_delta35_quantile_front_weekly_2026janmay\event_option_gate_trades.csv,False,False,missing,1,0,0,missing,83,0.6144578313253012,2.5049682438907723,0,0.8333333333333334,9.543654083757678,132,0.36363636363636365,0.6635293837468959,0,0.16666666666666666,-5.831907512366852,111,0.4954954954954955,1.0041469750949157,0,0.3333333333333333,0.05271992692145899
research_papers\JEPA\results\event_option_gate_wide_delta35_quantile_zero_dte_2026janmay\event_option_gate_trades.csv,False,False,missing,1,0,0,missing,110,0.41818181818181815,1.1979166666666667,0,0.6666666666666666,3.8,66,0.3484848484848485,0.8590488999153811,0,0.3333333333333333,-1.818269191091581,86,0.3372093023255814,0.8579415910659544,0,0.3333333333333333,-2.4009174412262673
research_papers\JEPA\results\event_option_h2_spxw_cap4_qqq_mtdrescue1_spy_candidate_2026janjun_rebuild_risk5000\combined_trades.csv,False,False,exit_minutes: min=4.0 under30=25 missing=404,36,0,0,missing,168,0.47619047619047616,1.3769553488809412,16,0.8333333333333334,6.998909002178291,187,0.48663101604278075,1.4504748340381242,13,0.8333333333333334,11.569656114607824,190,0.4263157894736842,1.1638901906542904,18,0.6666666666666666,4.351991361162636
research_papers\JEPA\results\event_option_h2_spxw_cap4_qqq_mtdrescue1_spy_candidate_2026janmay_risk5000\combined_trades.csv,False,False,exit_minutes: min=4.0 under30=24 missing=374,36,0,0,missing,146,0.5136986301369864,1.6592134191903471,0,0.8333333333333334,9.783299862801794,174,0.5,1.5165940564361755,0,0.8333333333333334,12.008117651712862,177,0.4519774011299435,1.412274694601744,0,0.8333333333333334,9.23821309130425
research_papers\JEPA\results\event_option_h2_spxw_cap4_qqq_mtdrescue_spy_candidate_2026janmay_risk5000\combined_trades.csv,False,False,exit_minutes: min=4.0 under30=24 missing=348,36,0,0,missing,146,0.5136986301369864,1.6592134191903471,0,0.8333333333333334,9.783299862801794,148,0.5067567567567568,1.6366699429944582,0,0.8333333333333334,12.809994940809528,177,0.4519774011299435,1.412274694601744,0,0.8333333333333334,9.23821309130425
research_papers\JEPA\results\event_option_h2_spxw_cap4_qqq_spy_candidate_2026janmay_risk5000\combined_trades.csv,False,False,exit_minutes: min=4.0 under30=23 missing=403,36,0,0,missing,146,0.5136986301369864,1.6592134191903471,0,0.8333333333333334,9.783299862801794,202,0.4900990099009901,1.387403536211552,0,0.8333333333333334,10.184333151876551,177,0.4519774011299435,1.412274694601744,0,0.8333333333333334,9.23821309130425
research_papers\JEPA\results\event_option_h2_spxw_static_qqq_spy_candidate_2026janmay_risk5000\combined_trades.csv,False,False,exit_minutes: min=4.0 under30=25 missing=404,36,0,0,missing,159,0.5031446540880503,1.579141984002884,0,0.8333333333333334,9.438960637581362,202,0.4900990099009901,1.387403536211552,0,0.8333333333333334,10.184333151876551,177,0.4519774011299435,1.412274694601744,0,0.8333333333333334,9.23821309130425
research_papers\JEPA\results\event_option_live_ready_current_sources_2026janmay_risk5000\combined_trades.csv,False,False,exit_minutes: min=4.0 under30=24 missing=373,36,0,0,failed,146,0.5136986301369864,1.6592134191903471,0,0.8333333333333334,9.783299862801794,174,0.5,1.5165940564361755,0,0.8333333333333334,12.008117651712862,177,0.4519774011299435,1.412274694601744,0,0.8333333333333334,9.23821309130425
research_papers\JEPA\results\event_option_market_state_returnk1_backfill_activewink1_m19_2026janjun_v1\monthly_volume_backfill_trades.csv,False,False,missing,2,0,0,missing,278,0.49280575539568344,1.3814370760158599,27,0.8333333333333334,10.028792197365295,334,0.5209580838323353,1.4344729164227503,24,0.8333333333333334,14.946846427173497,270,0.5,1.3810974595923753,19,0.8333333333333334,10.183439078607133
research_papers\JEPA\results\event_option_market_state_returnk1_backfill_wink2_m19_2026janjun_v1\monthly_volume_backfill_trades.csv,False,False,missing,2,0,0,missing,279,0.4982078853046595,1.4358547503017833,28,0.8333333333333334,11.328792197365294,337,0.5222551928783383,1.4444681492237263,26,0.8333333333333334,15.424045381948796,271,0.5018450184501845,1.384419725922749,19,0.8333333333333334,10.520390106166014
research_papers\JEPA\results\event_option_mh30trail_frozen2025_static_union_deploy202607_production_v1\combined_trades.csv,False,False,missing,2,0,0,missing,355,0.5521126760563381,2.0374045222685813,51,1.0,98.40522898361039,236,0.6059322033898306,1.7712762214371216,36,1.0,42.36011280511728,106,0.6037735849056604,1.7691095638034273,12,1.0,19.360525520541163
research_papers\JEPA\results\event_option_mixed_ordergrid_spxw_spyrolling_qqqstatic_scorecap5_2026janmay_v1\combined_trades.csv,False,False,exit_minutes: min=2.0 under30=26 missing=1001,36,0,0,missing,169,0.5621301775147929,1.949628717106402,0,0.8333333333333334,13.538332251361236,575,0.4765217391304348,1.3684058049121677,0,0.8333333333333334,23.843315198777166,372,0.5080645161290323,1.5619831903959893,0,0.8333333333333334,29.143259627315565
research_papers\JEPA\results\event_option_pre2026_frozen_selectors_literal_gates_2026janmay_risk5000\combined_trades.csv,False,False,exit_minutes: min=2.0 under30=55 missing=390,38,0,0,missing,258,0.49612403100775193,1.4035924716751949,0,0.5,10.262535887821178,227,0.5286343612334802,1.4758288364840022,0,0.8333333333333334,13.543692224268934,154,0.4805194805194805,1.6263356485221405,0,0.6666666666666666,20.063801182511774
research_papers\JEPA\results\event_option_pre2026_literal_gates_spxwvol25_spytopk_qqqbalanced_2026janmay_risk5000\combined_trades.csv,False,False,exit_minutes: min=2.0 under30=55 missing=390,38,0,0,failed,258,0.49612403100775193,1.4035924716751949,0,0.5,10.262535887821178,227,0.5286343612334802,1.4758288364840022,0,0.8333333333333334,13.543692224268934,154,0.4805194805194805,1.6263356485221405,0,0.6666666666666666,20.063801182511774
research_papers\JEPA\results\event_option_pre2026_policy_quality_pf11_2026janmay_risk5000\combined_trades.csv,False,False,missing,1,0,0,missing,258,0.49612403100775193,1.4035924716751949,0,0.5,10.262535887821178,319,0.4106583072100313,1.0510000926476506,0,0.5,1.9089928751165406,170,0.4294117647058823,1.2345848997354376,0,0.5,5.61032001953191
research_papers\JEPA\results\event_option_pre2026_policy_scoreonly_2026janmay_risk5000\combined_trades.csv,False,False,missing,1,0,0,missing,312,0.4775641025641026,1.3303259140269539,0,0.5,11.242131980624222,393,0.3994910941475827,0.9926697320830952,0,0.5,-0.37657343205803173,180,0.38333333333333336,1.0131446005150357,0,0.5,0.4085278467554563
research_papers\JEPA\results\event_option_pre2026_policy_wr45_pf12_2026janmay_risk5000\combined_trades.csv,False,False,exit_minutes: min=2.0 under30=30 missing=577,36,0,0,missing,258,0.49612403100775193,1.4035924716751949,0,0.5,10.262535887821178,319,0.4106583072100313,1.0510000926476506,0,0.5,1.9089928751165406,154,0.4805194805194805,1.6263356485221405,0,0.6666666666666666,20.063801182511774
research_papers\JEPA\results\event_option_qqq_balanced_current_volume_backfill_m19_2026janmay_risk5000\monthly_volume_backfill_trades.csv,False,False,exit_minutes: min=2.0 under30=29 missing=132,34,0,0,missing,0,,,0,0.0,0.0,233,0.5150214592274678,1.3880497191339276,0,0.6666666666666666,11.743692224268933,0,,,0,0.0,0.0
research_papers\JEPA\results\event_option_qqq_balanced_current_volume_backfill_m20_2026janmay_risk5000\monthly_volume_backfill_trades.csv,False,False,exit_minutes: min=2.0 under30=29 missing=132,34,0,0,missing,0,,,0,0.0,0.0,235,0.5148936170212766,1.3907845315675682,0,0.6666666666666666,11.943692224268933,0,,,0,0.0,0.0
research_papers\JEPA\results\event_option_qqq_balanced_d65_volume_backfill_m19_2026janjun_risk5000\monthly_volume_backfill_trades.csv,False,False,exit_minutes: min=2.0 under30=31 missing=141,34,0,0,missing,0,,,0,0.0,0.0,246,0.5284552845528455,1.497060592668223,10,1.0,15.346077188107415,0,,,0,0.0,0.0
research_papers\JEPA\results\event_option_qqq_balanced_d65_volume_backfill_m19_2026janmay_risk5000\monthly_volume_backfill_trades.csv,False,False,exit_minutes: min=2.0 under30=25 missing=141,34,0,0,missing,0,,,0,0.0,0.0,236,0.5254237288135594,1.4565018110141752,0,0.8333333333333334,13.546077188107414,0,,,0,0.0,0.0
research_papers\JEPA\results\event_option_qqq_balanced_fw35_volume_backfill_m19_2026janmay_risk5000\monthly_volume_backfill_trades.csv,False,False,exit_minutes: min=2.0 under30=25 missing=141,34,0,0,missing,0,,,0,0.0,0.0,236,0.5211864406779662,1.455417069692865,0,0.8333333333333334,13.512825595678756,0,,,0,0.0,0.0
research_papers\JEPA\results\event_option_qqq_balanced_wide_volume_backfill_m19_2026janmay_risk5000\monthly_volume_backfill_trades.csv,False,False,exit_minutes: min=2.0 under30=25 missing=307,34,0,0,missing,93,0.3870967741935484,1.0760438398323542,0,0.3333333333333333,1.0972040775164702,235,0.5234042553191489,1.4646126855808046,0,0.8333333333333334,13.801555329702516,74,0.4189189189189189,0.9534376939486557,0,0.16666666666666666,-0.533111907454888
research_papers\JEPA\results\event_option_qqq_current_backfill_full20familyselector_auto_partial19_md8_cd30_2026janjun_diag\monthly_volume_backfill_trades.csv,False,False,exit_minutes: min=2.0 under30=24 missing=154,35,0,0,missing,0,,,0,0.0,0.0,237,0.5189873417721519,1.6062889694136522,19,0.8333333333333334,16.800976178407375,0,,,0,0.0,0.0
research_papers\JEPA\results\event_option_qqq_current_backfill_full20familyselector_partialonly_auto_partial19_md8_cd30_2026janjun_diag\monthly_volume_backfill_trades.csv,False,False,exit_minutes: min=2.0 under30=24 missing=149,35,0,0,missing,0,,,0,0.0,0.0,232,0.5258620689655172,1.6601359633286574,19,1.0,17.500976178407377,0,,,0,0.0,0.0
research_papers\JEPA\results\event_option_qqq_current_backfill_full20win65_auto_partial19_md8_cd30_2026janjun_diag\monthly_volume_backfill_trades.csv,False,False,exit_minutes: min=2.0 under30=24 missing=154,35,0,0,missing,0,,,0,0.0,0.0,237,0.5232067510548524,1.6421096484168853,19,1.0,17.600976178407375,0,,,0,0.0,0.0
research_papers\JEPA\results\event_option_qqq_current_backfill_full20win65_t19_md8_cd30_2026janjun_diag\monthly_volume_backfill_trades.csv,False,False,exit_minutes: min=2.0 under30=25 missing=148,34,0,0,missing,0,,,0,0.0,0.0,232,0.5301724137931034,1.6982128909053607,14,1.0,18.300976178407378,0,,,0,0.0,0.0
research_papers\JEPA\results\event_option_qqq_current_backfill_full20win65_t26_md8_cd30_2026janjun_diag\monthly_volume_backfill_trades.csv,False,False,exit_minutes: min=2.0 under30=25 missing=156,34,0,0,missing,0,,,0,0.0,0.0,240,0.525,1.6604187678529407,18,1.0,18.300976178407375,0,,,0,0.0,0.0
research_papers\JEPA\results\event_option_qqq_current_backfill_full20win65_t27_md8_cd30_2026janjun_diag\monthly_volume_backfill_trades.csv,False,False,exit_minutes: min=2.0 under30=24 missing=159,34,0,0,missing,0,,,0,0.0,0.0,242,0.5206611570247934,1.6252294312406779,19,1.0,17.700976178407377,0,,,0,0.0,0.0
research_papers\JEPA\results\event_option_qqq_current_backfill_full20win65_t28_md8_cd30_2026janjun_diag\monthly_volume_backfill_trades.csv,False,False,exit_minutes: min=2.0 under30=24 missing=160,34,0,0,missing,0,,,0,0.0,0.0,243,0.5267489711934157,1.6783357054558423,19,1.0,19.000976178407377,0,,,0,0.0,0.0
research_papers\JEPA\results\event_option_qqq_current_backfill_ptdjtdvp_t19_md8_cd30_2026janjun_diag\monthly_volume_backfill_trades.csv,False,False,exit_minutes: min=2.0 under30=25 missing=141,50,0,0,missing,0,,,0,0.0,0.0,225,0.5244444444444445,1.640383736077231,10,0.8333333333333334,16.400976178407372,0,,,0,0.0,0.0
research_papers\JEPA\results\event_option_qqq_nested_free_current_balanced_d65_m19_2026janmay_risk5000\nested_volume_backfill_trades.csv,False,False,exit_minutes: min=2.0 under30=36 missing=66,34,0,0,missing,0,,,0,0.0,0.0,185,0.5027027027027027,1.3798171891849176,0,0.8333333333333334,9.530379919965878,0,,,0,0.0,0.0
research_papers\JEPA\results\event_option_qqq_nested_volume_backfill_m19_2026janmay_risk5000\nested_volume_backfill_trades.csv,False,False,exit_minutes: min=2.0 under30=25 missing=141,34,0,0,missing,0,,,0,0.0,0.0,236,0.5254237288135594,1.4565018110141752,0,0.8333333333333334,13.546077188107414,0,,,0,0.0,0.0
research_papers\JEPA\results\event_option_qqq_nested_volume_backfill_m19_maxday3_2026janmay_risk5000\nested_volume_backfill_trades.csv,False,False,exit_minutes: min=2.0 under30=18 missing=81,34,0,0,missing,0,,,0,0.0,0.0,146,0.4931506849315068,1.3935065178926518,0,0.6666666666666666,7.726125052371917,0,,,0,0.0,0.0
research_papers\JEPA\results\event_option_qqq_nested_volume_backfill_m19_maxday4_2026janmay_risk5000\nested_volume_backfill_trades.csv,False,False,exit_minutes: min=2.0 under30=23 missing=95,34,0,0,missing,0,,,0,0.0,0.0,173,0.5202312138728323,1.5035587274309947,0,0.8333333333333334,11.03076548993489,0,,,0,0.0,0.0
research_papers\JEPA\results\event_option_qqq_nested_volume_backfill_m19_maxday5_2026janmay_risk5000\nested_volume_backfill_trades.csv,False,False,exit_minutes: min=2.0 under30=24 missing=110,34,0,0,missing,0,,,0,0.0,0.0,194,0.5309278350515464,1.5778479835846635,0,0.8333333333333334,13.718132329144877,0,,,0,0.0,0.0
research_papers\JEPA\results\event_option_qqq_nested_volume_backfill_m19_maxday5_cd45_2026janmay_risk5000\nested_volume_backfill_trades.csv,False,False,exit_minutes: min=2.0 under30=16 missing=175,34,0,0,missing,0,,,0,0.0,0.0,230,0.45652173913043476,1.1384566889368133,0,0.5,4.293944329048488,0,,,0,0.0,0.0
research_papers\JEPA\results\event_option_qqq_nested_volume_backfill_m19_maxday5_cd60_2026janmay_risk5000\nested_volume_backfill_trades.csv,False,False,exit_minutes: min=2.0 under30=15 missing=170,34,0,0,missing,0,,,0,0.0,0.0,224,0.4419642857142857,1.0935602462017804,0,0.5,2.910553530548322,0,,,0,0.0,0.0
research_papers\JEPA\results\event_option_qqq_nested_volume_backfill_m19_maxday5_cd75_2026janmay_risk5000\nested_volume_backfill_trades.csv,False,False,exit_minutes: min=2.0 under30=14 missing=146,34,0,0,missing,0,,,0,0.0,0.0,187,0.45454545454545453,1.1286053203760131,0,0.6666666666666666,3.3111282951644254,0,,,0,0.0,0.0
research_papers\JEPA\results\event_option_qqq_nested_volume_backfill_m19_maxday6_2026janmay_risk5000\nested_volume_backfill_trades.csv,False,False,exit_minutes: min=2.0 under30=25 missing=122,34,0,0,missing,0,,,0,0.0,0.0,212,0.5330188679245284,1.5294364667499638,0,0.8333333333333334,13.795430647015555,0,,,0,0.0,0.0
research_papers\JEPA\results\event_option_qqq_nested_volume_backfill_m20_maxday5_2026janmay_risk5000\nested_volume_backfill_trades.csv,False,False,exit_minutes: min=2.0 under30=24 missing=112,34,0,0,missing,0,,,0,0.0,0.0,196,0.5255102040816326,1.538952857732157,0,0.6666666666666666,13.118132329144876,0,,,0,0.0,0.0
research_papers\JEPA\results\event_option_qqq_nested_volume_backfill_m21_maxday5_2026janmay_risk5000\nested_volume_backfill_trades.csv,False,False,exit_minutes: min=2.0 under30=24 missing=114,34,0,0,missing,0,,,0,0.0,0.0,198,0.5252525252525253,1.5179833772652933,0,0.6666666666666666,12.819143888701738,0,,,0,0.0,0.0
research_papers\JEPA\results\event_option_qqq_static_union_current_online_cd30_2026janmay_risk5000\combined_trades.csv,False,False,exit_minutes: min=2.0 under30=62 missing=106,34,0,0,missing,0,,,0,0.0,0.0,288,0.4826388888888889,1.3359879992994754,0,0.8333333333333334,12.62140439461097,0,,,0,0.0,0.0
research_papers\JEPA\results\event_option_qqq_static_union_metas1_current_cd45_2026janmay_risk5000\combined_trades.csv,False,False,exit_minutes: min=4.0 under30=16 missing=93,18,0,0,missing,0,,,0,0.0,0.0,141,0.49645390070921985,1.6113843289431748,0,0.6666666666666666,12.191623614189043,0,,,0,0.0,0.0
research_papers\JEPA\results\event_option_qqq_static_union_metas1_current_online_cap3_cd45_2026janmay_risk5000\combined_trades.csv,False,False,exit_minutes: min=4.0 under30=13 missing=131,34,0,0,missing,0,,,0,0.0,0.0,170,0.4764705882352941,1.256502270252377,0,0.5,5.780925465515553,0,,,0,0.0,0.0
research_papers\JEPA\results\event_option_qqq_static_union_metas1_current_online_cd45_2026janmay_risk5000\combined_trades.csv,False,False,exit_minutes: min=4.0 under30=16 missing=156,34,0,0,missing,0,,,0,0.0,0.0,202,0.4900990099009901,1.387403536211552,0,0.8333333333333334,10.184333151876551,0,,,0,0.0,0.0
research_papers\JEPA\results\event_option_qqq_static_union_metas1_current_online_mtdrescue0_cd45_2026janmay_risk5000\combined_trades.csv,False,False,exit_minutes: min=4.0 under30=17 missing=101,34,0,0,missing,0,,,0,0.0,0.0,148,0.5067567567567568,1.6366699429944582,0,0.8333333333333334,12.809994940809528,0,,,0,0.0,0.0
research_papers\JEPA\results\event_option_qqq_static_union_metas1_current_online_mtdrescue1_cd45_2026janjun_rebuild\combined_trades.csv,False,False,exit_minutes: min=4.0 under30=18 missing=135,34,0,0,missing,0,,,0,0.0,0.0,187,0.48663101604278075,1.4504748340381242,13,0.8333333333333334,11.569656114607824,0,,,0,0.0,0.0
research_papers\JEPA\results\event_option_qqq_static_union_metas1_current_online_mtdrescue1_cd45_2026janmay_risk5000\combined_trades.csv,False,False,exit_minutes: min=4.0 under30=17 missing=127,34,0,0,missing,0,,,0,0.0,0.0,174,0.5,1.5165940564361755,0,0.8333333333333334,12.008117651712862,0,,,0,0.0,0.0
research_papers\JEPA\results\event_option_spxw_h2_union_selector_backfill_base_t18_cap4_cd15_2026janmay_risk5000\combined_trades.csv,False,False,exit_minutes: min=15.0 under30=6 missing=70,3,0,0,missing,144,0.5138888888888888,1.6476725038650344,0,0.8333333333333334,9.482807221879263,0,,,0,0.0,0.0,0,,,0,0.0,0.0
research_papers\JEPA\results\event_option_spxw_h2_union_selector_backfill_base_t18_md6_cd15_2026janjun_rebuild\monthly_volume_backfill_trades.csv,False,False,exit_minutes: min=11.0 under30=10 missing=85,3,0,0,missing,195,0.4564102564102564,1.2338254386160514,18,0.8333333333333334,5.261888270857899,0,,,0,0.0,0.0,0,,,0,0.0,0.0
research_papers\JEPA\results\event_option_spxw_h2_union_selector_backfill_base_t18_md6_cd15_2026janmay_risk5000\monthly_volume_backfill_trades.csv,False,False,exit_minutes: min=15.0 under30=9 missing=71,3,0,0,missing,159,0.5031446540880503,1.579141984002884,0,0.8333333333333334,9.438960637581362,0,,,0,0.0,0.0,0,,,0,0.0,0.0
research_papers\JEPA\results\event_option_spxw_h2_union_selector_backfill_vol25_t18_md6_cd15_2026janmay_risk5000\monthly_volume_backfill_trades.csv,False,False,exit_minutes: min=15.0 under30=6 missing=78,3,0,0,missing,159,0.5031446540880503,1.579141984002884,0,0.8333333333333334,9.438960637581362,0,,,0,0.0,0.0,0,,,0,0.0,0.0
research_papers\JEPA\results\event_option_spxw_h2_union_selector_backfill_wide_t18_md6_cd15_2026janmay_risk5000\monthly_volume_backfill_trades.csv,False,False,exit_minutes: min=15.0 under30=6 missing=72,3,0,0,missing,153,0.5098039215686274,1.612607241133101,0,0.8333333333333334,9.249254752134753,0,,,0,0.0,0.0,0,,,0,0.0,0.0
research_papers\JEPA\results\event_option_spxw_h2_union_selector_cap4_backfill_base_t18_2026janjun_rebuild\combined_trades.csv,False,False,exit_minutes: min=11.0 under30=7 missing=79,3,0,0,missing,168,0.47619047619047616,1.3769553488809412,16,0.8333333333333334,6.998909002178291,0,,,0,0.0,0.0,0,,,0,0.0,0.0
research_papers\JEPA\results\event_option_spxw_h2_union_selector_cap4_backfill_base_t18_2026janmay_risk5000\monthly_volume_backfill_trades.csv,False,False,exit_minutes: min=15.0 under30=7 missing=70,3,0,0,missing,146,0.5136986301369864,1.6592134191903471,0,0.8333333333333334,9.783299862801794,0,,,0,0.0,0.0,0,,,0,0.0,0.0
research_papers\JEPA\results\event_option_spxw_maxday7_startupscore_single_verify_2026janmay_risk5000\combined_trades.csv,False,False,exit_minutes: min=11.0 under30=10 missing=90,140,0,0,missing,200,0.45,1.2544538828976302,0,0.5,7.139809825108754,0,,,0,0.0,0.0,0,,,0,0.0,0.0
research_papers\JEPA\results\event_option_spxw_scorethr_online_backfill_baseside_t18_md7_2026janmay_risk5000\monthly_volume_backfill_trades.csv,False,False,exit_minutes: min=15.0 under30=8 missing=61,140,0,0,missing,200,0.475,1.3965383087634717,0,0.8333333333333334,9.998572752107885,0,,,0,0.0,0.0,0,,,0,0.0,0.0
research_papers\JEPA\results\event_option_spxw_scorethr_online_backfill_current_spxwonly_t18_md7_2026janmay_risk5000\monthly_volume_backfill_trades.csv,False,False,exit_minutes: min=15.0 under30=8 missing=61,140,0,0,missing,200,0.475,1.3965383087634717,0,0.8333333333333334,9.998572752107885,0,,,0,0.0,0.0,0,,,0,0.0,0.0
research_papers\JEPA\results\event_option_spxw_scorethr_online_backfill_current_t18_md7_2026janmay_risk5000\monthly_volume_backfill_trades.csv,False,False,exit_minutes: min=2.0 under30=58 missing=61,140,0,0,missing,200,0.475,1.3965383087634717,0,0.8333333333333334,9.998572752107885,85,0.47058823529411764,1.396558728169096,0,0.6666666666666666,5.022658848393531,85,0.43529411764705883,1.3393691461269697,0,0.6666666666666666,6.175831498966601
research_papers\JEPA\results\event_option_spxw_static_union_online_wideqfw_cd15_2026janmay_risk5000\combined_trades.csv,False,False,exit_minutes: min=15.0 under30=8 missing=121,140,0,0,missing,239,0.5230125523012552,1.6073064175638037,0,0.8333333333333334,16.38301048362117,0,,,0,0.0,0.0,0,,,0,0.0,0.0
research_papers\JEPA\results\event_option_spy_daily_router_topk_nested_backfill_topk_t24_md4_2026janjun_risk5000\monthly_volume_backfill_trades.csv,False,False,exit_minutes: min=2.0 under30=6 missing=110,36,0,0,missing,0,,,0,0.0,0.0,0,,,0,0.0,0.0,157,0.5031847133757962,1.7527815044495039,19,0.8333333333333334,15.429017634571734
research_papers\JEPA\results\event_option_spy_daily_router_topk_nested_janmaynested_backfill_topk_t24_md4_2026janmay_risk5000\monthly_volume_backfill_trades.csv,False,False,exit_minutes: min=2.0 under30=5 missing=93,36,0,0,missing,0,,,0,0.0,0.0,0,,,0,0.0,0.0,138,0.5144927536231884,1.9090335410717743,0,0.8333333333333334,16.15361015662151
research_papers\JEPA\results\event_option_spy_daily_router_topk_nested_srchist10d20t_backfill_topk_t24_md4_2026janjun_partial_risk5000\monthly_volume_backfill_trades.csv,False,False,exit_minutes: min=2.0 under30=12 missing=92,36,0,0,missing,0,,,0,0.0,0.0,0,,,0,0.0,0.0,158,0.4873417721518987,1.5862230153376524,19,0.8333333333333334,13.762352895688334
research_papers\JEPA\results\event_option_spy_daily_router_topk_nested_srchist10d20t_backfill_topk_t24_md4_2026janmay_risk5000\monthly_volume_backfill_trades.csv,False,False,exit_minutes: min=2.0 under30=11 missing=75,36,0,0,missing,0,,,0,0.0,0.0,0,,,0,0.0,0.0,139,0.49640287769784175,1.698152873596979,0,0.8333333333333334,14.486945417738113
research_papers\JEPA\results\event_option_spy_daily_router_topk_nested_wconly_srchist10d20t_backfill_topk_t24_md4_2025oct_2026jun_risk5000\monthly_volume_backfill_trades.csv,False,False,exit_minutes: min=2.0 under30=11 missing=76,36,0,0,missing,0,,,0,0.0,0.0,0,,,0,0.0,0.0,144,0.4722222222222222,1.273587043883989,18,0.6666666666666666,6.8986215378954965
research_papers\JEPA\results\event_option_spy_nested_volume_backfill_m19_2026janmay_risk5000\nested_volume_backfill_trades.csv,False,False,exit_minutes: min=2.0 under30=22 missing=66,36,0,0,missing,0,,,0,0.0,0.0,0,,,0,0.0,0.0,157,0.46496815286624205,1.5596834290840396,0,0.6666666666666666,13.897877476406993
research_papers\JEPA\results\event_option_spy_nested_volume_backfill_m19_sel4_2026janmay_risk5000\nested_volume_backfill_trades.csv,False,False,exit_minutes: min=2.0 under30=30 missing=53,36,0,0,missing,0,,,0,0.0,0.0,0,,,0,0.0,0.0,187,0.48128342245989303,1.644383592550364,0,0.6666666666666666,19.496899736565943
research_papers\JEPA\results\event_option_spy_nested_volume_backfill_m19_sel5_2026janmay_risk5000\nested_volume_backfill_trades.csv,False,False,exit_minutes: min=2.0 under30=30 missing=6,36,0,0,missing,0,,,0,0.0,0.0,0,,,0,0.0,0.0,159,0.4779874213836478,1.6246889248131002,0,0.6666666666666666,20.415830661253107
research_papers\JEPA\results\event_option_spy_nested_volume_backfill_m19_sel6_2026janmay_risk5000\nested_volume_backfill_trades.csv,False,False,exit_minutes: min=2.0 under30=30 missing=6,36,0,0,missing,0,,,0,0.0,0.0,0,,,0,0.0,0.0,159,0.4779874213836478,1.6246889248131002,0,0.6666666666666666,20.415830661253107
research_papers\JEPA\results\event_option_spy_nested_wincls_current_m19_2025oct_2026jun_risk5000\nested_volume_backfill_trades.csv,False,False,exit_minutes: min=2.0 under30=3 missing=176,36,0,0,missing,0,,,0,0.0,0.0,0,,,0,0.0,0.0,187,0.47593582887700536,1.3919027451140267,20,0.8333333333333334,9.393615386478292
research_papers\JEPA\results\event_option_spy_nested_wincls_primary_fallback_m19_2026janjun_partial_risk5000\nested_volume_backfill_trades.csv,False,False,exit_minutes: min=2.0 under30=3 missing=176,36,0,0,missing,0,,,0,0.0,0.0,0,,,0,0.0,0.0,186,0.478494623655914,1.4095446560505394,20,0.8333333333333334,9.69361538647829
research_papers\JEPA\results\event_option_spy_nested_wincls_primary_fallback_m19_2026janmay_risk5000\nested_volume_backfill_trades.csv,False,False,exit_minutes: min=2.0 under30=3 missing=154,36,0,0,missing,0,,,0,0.0,0.0,0,,,0,0.0,0.0,164,0.4817073170731707,1.4948223761198152,0,0.8333333333333334,10.214783254349308
research_papers\JEPA\results\event_option_spy_pair_current_wincls_m19_2026janmay_risk5000\nested_volume_backfill_trades.csv,False,False,exit_minutes: min=2.0 under30=30 missing=6,36,0,0,missing,0,,,0,0.0,0.0,0,,,0,0.0,0.0,159,0.4779874213836478,1.6246889248131002,0,0.6666666666666666,20.415830661253107
research_papers\JEPA\results\event_option_spy_pair_variant_wincls_m19_2026janmay_risk5000\nested_volume_backfill_trades.csv,False,False,missing,1,0,0,missing,0,,,0,0.0,0.0,0,,,0,0.0,0.0,176,0.4090909090909091,1.2258369427412186,0,0.6666666666666666,5.551851615730218
research_papers\JEPA\results\event_option_spy_pair_wincls_current_m19_2026janmay_risk5000\nested_volume_backfill_trades.csv,False,False,exit_minutes: min=2.0 under30=3 missing=154,36,0,0,missing,0,,,0,0.0,0.0,0,,,0,0.0,0.0,164,0.4817073170731707,1.4948223761198152,0,0.8333333333333334,10.214783254349308
research_papers\JEPA\results\event_option_spy_pair_wincls_variant_m19_2026janmay_risk5000\nested_volume_backfill_trades.csv,False,False,missing,1,0,0,missing,0,,,0,0.0,0.0,0,,,0,0.0,0.0,165,0.4666666666666667,1.5190372491952138,0,0.8333333333333334,10.663482500866442
research_papers\JEPA\results\event_option_spy_static_ptdj_delta35_2026janjun_rebuild\combined_trades.csv,False,False,missing,1,0,0,missing,0,,,0,0.0,0.0,0,,,0,0.0,0.0,190,0.4263157894736842,1.1638901906542904,18,0.6666666666666666,4.351991361162636
research_papers\JEPA\results\event_option_spy_static_ptdj_delta35_2026janmay_risk5000\combined_trades.csv,False,False,missing,1,0,0,missing,0,,,0,0.0,0.0,0,,,0,0.0,0.0,177,0.4519774011299435,1.412274694601744,0,0.8333333333333334,9.23821309130425
research_papers\JEPA\results\event_option_spy_wconly_relative_momentum_topk1_single_verify_2025oct_2026jun_risk5000\combined_trades.csv,False,False,exit_minutes: min=2.0 under30=24 missing=20,36,0,0,missing,0,,,0,0.0,0.0,0,,,0,0.0,0.0,148,0.49324324324324326,1.7747554781214518,19,1.0,22.41155175579734
research_papers\JEPA\results\event_option_spy_wincls_current_volume_backfill_m18_2026janjun_risk5000\monthly_volume_backfill_trades.csv,False,False,exit_minutes: min=2.0 under30=2 missing=176,36,0,0,missing,0,,,0,0.0,0.0,0,,,0,0.0,0.0,186,0.478494623655914,1.4095446560505394,19,0.8333333333333334,9.693615386478292
research_papers\JEPA\results\event_option_spy_wincls_current_volume_backfill_m18_2026janmay_risk5000\monthly_volume_backfill_trades.csv,False,False,exit_minutes: min=2.0 under30=2 missing=154,36,0,0,missing,0,,,0,0.0,0.0,0,,,0,0.0,0.0,163,0.48466257668711654,1.5168662912118136,0,0.8333333333333334,10.51478325434931
research_papers\JEPA\results\event_option_static_union_live_equiv_balanced_2026janmay_risk5000\combined_trades.csv,False,False,exit_minutes: min=4.0 under30=24 missing=454,140,0,0,missing,239,0.5230125523012552,1.6073064175638037,0,0.8333333333333334,16.38301048362117,202,0.4900990099009901,1.387403536211552,0,0.8333333333333334,10.184333151876551,177,0.4519774011299435,1.412274694601744,0,0.8333333333333334,9.23821309130425
research_papers\JEPA\results\event_option_static_union_live_equiv_candidate_2026janmay_risk5000\combined_trades.csv,False,False,exit_minutes: min=2.0 under30=70 missing=404,140,0,0,missing,239,0.5230125523012552,1.6073064175638037,0,0.8333333333333334,16.38301048362117,288,0.4826388888888889,1.3359879992994754,0,0.8333333333333334,12.62140439461097,177,0.4519774011299435,1.412274694601744,0,0.8333333333333334,9.23821309130425
research_papers\JEPA\results\event_option_teacher_distill_ptdj_clean_spyhist_ckpt_2026janmay_risk5000\combined_trades.csv,False,False,missing,1,0,0,missing,99,0.46464646464646464,1.3359350520518698,0,0.8333333333333334,4.4742192586237115,220,0.4772727272727273,1.212101491634237,0,0.3333333333333333,6.225101337129393,134,0.4253731343283582,1.052093029721853,0,0.5,1.1173999738550124
research_papers\JEPA\results\event_option_teacher_distill_ptdj_clean_spyhist_vol18_allowinvalid_ckpt_2026janmay_risk5000\combined_trades.csv,False,False,missing,1,0,0,missing,153,0.46405228758169936,1.3279771077162832,0,0.6666666666666666,7.016706984294909,519,0.42196531791907516,0.9299744237543229,0,0.16666666666666666,-5.177888482108784,146,0.4520547945205479,1.1948736282844812,0,0.5,4.3142257507110084
research_papers\JEPA\results\event_option_teacher_distill_ptdj_clean_spyhist_vol18_ckpt_2026janmay_risk5000\combined_trades.csv,False,False,missing,1,0,0,missing,153,0.46405228758169936,1.3279771077162832,0,0.6666666666666666,7.016706984294909,246,0.4715447154471545,1.1668243583811109,0,0.16666666666666666,5.4069495586721965,146,0.4520547945205479,1.1948736282844812,0,0.5,4.3142257507110084
research_papers\JEPA\results\event_option_teacher_distill_ptdj_lgbm_multiclass_ckpt_2026janmay_risk5000\combined_trades.csv,False,False,missing,1,0,0,missing,99,0.46464646464646464,1.3359350520518698,0,0.8333333333333334,4.4742192586237115,220,0.4772727272727273,1.212101491634237,0,0.3333333333333333,6.225101337129393,125,0.352,0.8625506884684212,0,0.3333333333333333,-2.818496768724998
research_papers\JEPA\results\event_static_union_config_scan_octdec_ordergrid_combined_2026janmay_32w_v1\combined_trades.csv,False,False,exit_minutes: min=2.0 under30=25 missing=1036,36,0,0,passed,169,0.47928994082840237,1.3767576898123495,0,0.6666666666666666,6.783417433961485,575,0.4765217391304348,1.3684058049121677,0,0.8333333333333334,23.843315198777166,395,0.5063291139240507,1.6219139072218138,0,0.8333333333333334,32.87229126406042
research_papers\JEPA\results\event_static_union_config_scan_octdec_scoredesc_spxw_combined_2026janmay_32w_v1\combined_trades.csv,False,False,exit_minutes: min=2.0 under30=25 missing=1036,36,0,0,passed,169,0.5798816568047337,2.0400201843715493,0,0.8333333333333334,14.218229272619482,575,0.4765217391304348,1.3684058049121677,0,0.8333333333333334,23.843315198777166,395,0.5063291139240507,1.6219139072218138,0,0.8333333333333334,32.87229126406042
research_papers\JEPA\results\event_static_union_dynamic_source_rank_longsrc_2025_2026janmay_diag_v1\combined_trades.csv,False,False,missing,1,0,0,missing,101,0.5742574257425742,2.0414025897842327,0,0.6666666666666666,8.868418557719473,188,0.4946808510638298,1.2032290354820534,0,0.3333333333333333,3.586585532240459,264,0.5227272727272727,1.5685156151034694,0,0.5,13.613490353913166
research_papers\JEPA\results\event_static_union_h1h2_qbackfill_spxwspy_objpass_simpler_spy_2025_2026_risk5000_v1\combined_trades.csv,False,False,missing,2,0,0,failed,102,0.5196078431372549,1.7007755252631263,0,0.8333333333333334,6.395816279351159,104,0.6153846153846154,2.598041011375239,0,0.8333333333333334,9.67627116667137,253,0.5375494071146245,1.5458618335744876,0,0.5,13.24509523311828
research_papers\JEPA\results\event_static_union_longsrc_2024h2select_2025_2026janmay_daily_guard_l5p2_risk5000_v1\combined_trades.csv,False,False,missing,1,0,0,failed,102,0.5196078431372549,1.7007755252631263,0,0.8333333333333334,6.395816279351159,184,0.5217391304347826,1.3499892876534885,0,0.6666666666666666,5.89334551650795,262,0.5267175572519084,1.5167686081384608,0,0.8333333333333334,13.561938865704498
research_papers\JEPA\results\event_static_union_longsrc_2024h2select_2025_2026janmay_objpass_simpler_spy_risk5000_v1\combined_trades.csv,False,False,missing,1,0,0,failed,102,0.5196078431372549,1.7007755252631263,0,0.8333333333333334,6.395816279351159,188,0.5159574468085106,1.3074739252324787,0,0.6666666666666666,5.367061084533324,253,0.5375494071146245,1.5458618335744876,0,0.5,13.24509523311828
research_papers\JEPA\results\event_static_union_longsrc_2024h2select_2025_2026janmay_risk5000_v1\combined_trades.csv,False,False,missing,1,0,0,failed,102,0.5196078431372549,1.7007755252631263,0,0.8333333333333334,6.395816279351159,188,0.5159574468085106,1.3074739252324787,0,0.6666666666666666,5.367061084533324,262,0.5267175572519084,1.5167686081384608,0,0.8333333333333334,13.561938865704498
research_papers\JEPA\results\event_static_union_longsrc_2024h2select_objpass_simpler_spy_daily_guard_l5p2_risk5000_v1\combined_trades.csv,False,False,missing,1,0,0,passed,102,0.5196078431372549,1.7007755252631263,0,0.8333333333333334,6.395816279351159,184,0.5217391304347826,1.3499892876534885,0,0.6666666666666666,5.89334551650795,248,0.5362903225806451,1.5562683608405596,0,0.5,13.163843984117879
research_papers\JEPA\results\event_static_union_longsrc_2025select_2026janmay_risk5000_v1\combined_trades.csv,False,False,missing,1,0,0,failed,195,0.5333333333333333,1.6153264360315405,0,0.6666666666666666,11.669872923763645,192,0.5208333333333334,1.3270795182555115,0,0.6666666666666666,6.159290881131906,262,0.5267175572519084,1.5167686081384608,0,0.8333333333333334,13.561938865704498
research_papers\JEPA\results\event_static_union_longsrc_qqq_2024h2select_2025_2026janmay_v1\combined_trades.csv,False,False,missing,1,0,0,missing,0,,,0,0.0,0.0,188,0.5159574468085106,1.3074739252324785,0,0.6666666666666666,5.367061084533324,0,,,0,0.0,0.0
research_papers\JEPA\results\event_static_union_longsrc_qqq_2025select_2026janmay_v1\combined_trades.csv,False,False,missing,1,0,0,missing,0,,,0,0.0,0.0,192,0.5208333333333334,1.3270795182555115,0,0.6666666666666666,6.159290881131906,0,,,0,0.0,0.0
research_papers\JEPA\results\event_static_union_longsrc_spxw_2024h2select_2025_2026janmay_v1\combined_trades.csv,False,False,missing,1,0,0,missing,102,0.5196078431372549,1.7007755252631263,0,0.8333333333333334,6.395816279351159,0,,,0,0.0,0.0,0,,,0,0.0,0.0
research_papers\JEPA\results\event_static_union_longsrc_spxw_2025select_2026janmay_v1\combined_trades.csv,False,False,missing,1,0,0,missing,195,0.5333333333333333,1.6153264360315405,0,0.6666666666666666,11.669872923763645,0,,,0,0.0,0.0,0,,,0,0.0,0.0
research_papers\JEPA\results\event_static_union_longsrc_spy_2024h2select_2025_2026janmay_2src_v1\combined_trades.csv,False,False,missing,1,0,0,missing,0,,,0,0.0,0.0,0,,,0,0.0,0.0,253,0.5375494071146245,1.5458618335744876,0,0.5,13.245095233118281
research_papers\JEPA\results\event_static_union_longsrc_spy_2024h2select_2025_2026janmay_v1\combined_trades.csv,False,False,missing,1,0,0,missing,0,,,0,0.0,0.0,0,,,0,0.0,0.0,262,0.5267175572519084,1.5167686081384613,0,0.8333333333333334,13.5619388657045
research_papers\JEPA\results\event_static_union_longsrc_spy_2025select_2026janmay_v1\combined_trades.csv,False,False,missing,1,0,0,missing,0,,,0,0.0,0.0,0,,,0,0.0,0.0,262,0.5267175572519084,1.5167686081384613,0,0.8333333333333334,13.5619388657045
research_papers\JEPA\results\event_static_union_pre2025_qbackfill_spxwspy_guard_t4p2_roll5m2_2025_2026_risk5000_v1\combined_trades.csv,False,False,missing,2,0,0,missing,100,0.52,1.6846147503640232,0,0.8333333333333334,6.200115426231713,98,0.6020408163265306,2.482592870279391,0,0.8333333333333334,9.001877781815598,242,0.5371900826446281,1.5947662971648962,0,0.6666666666666666,13.889350743577616
research_papers\JEPA\results\event_static_union_pre2025_qbackfill_spxwspy_guard_vprotect_roll3le0_p3_t18_2025_2026_risk5000_v1\combined_trades.csv,False,False,missing,2,0,0,failed,93,0.5053763440860215,1.669517124126503,0,0.6666666666666666,5.680896611194322,90,0.6222222222222222,3.1365184736607277,0,0.8333333333333334,9.157508429237346,140,0.5428571428571428,1.8717942459979149,0,0.8333333333333334,10.798091125542957
research_papers\JEPA\results\event_static_union_pre2025_qbackfill_spxwspy_guard_vprotect_t4p2_roll5m2_t19_2025_2026_risk5000_v1\combined_trades.csv,False,False,missing,2,0,0,missing,102,0.5196078431372549,1.7007755252631263,0,0.8333333333333334,6.395816279351159,102,0.6078431372549019,2.5562424145953146,0,0.8333333333333334,9.47157559457911,242,0.5371900826446281,1.5947662971648962,0,0.6666666666666666,13.889350743577616
research_papers\JEPA\results\event_static_union_pre2025_qbackfill_spxwspy_objpass_simpler_spy_2025_2026_risk5000_v1\combined_trades.csv,False,False,missing,2,0,0,passed,102,0.5196078431372549,1.7007755252631263,0,0.8333333333333334,6.395816279351159,104,0.6057692307692307,2.5991525683934222,0,0.8333333333333334,9.879683733736616,253,0.5375494071146245,1.5458618335744876,0,0.5,13.24509523311828
research_papers\JEPA\results\event_static_union_pretest_octdec_selected_2026janmay_risk5000_v1\combined_trades.csv,False,False,exit_minutes: min=2.0 under30=25 missing=1125,36,0,0,failed,258,0.49612403100775193,1.4035924716751949,0,0.5,10.262535887821178,575,0.4765217391304348,1.3684058049121677,0,0.8333333333333334,23.843315198777166,395,0.5063291139240507,1.6219139072218138,0,0.8333333333333334,32.87229126406042
research_papers\JEPA\results\event_static_union_pretest_octdec_selected_scorecap5_2026janmay_risk5000_v2\combined_trades.csv,False,False,exit_minutes: min=2.0 under30=25 missing=1036,36,0,0,failed,169,0.5798816568047337,2.0400201843715493,0,0.8333333333333334,14.218229272619482,575,0.4765217391304348,1.3684058049121677,0,0.8333333333333334,23.843315198777166,395,0.5063291139240507,1.6219139072218138,0,0.8333333333333334,32.87229126406042
research_papers\JEPA\results\event_static_union_qqq_d80_win80_ptdj80_octdec_select_2026janmay_v1\combined_trades.csv,False,False,missing,1,0,0,missing,0,,,0,0.0,0.0,575,0.4765217391304348,1.3684058049121677,0,0.8333333333333334,23.843315198777162,0,,,0,0.0,0.0
research_papers\JEPA\results\event_static_union_qqq_d80_win80_ptdj80_scoredesc_m8_2025julsep_select_2025oct_2026may_v1\combined_trades.csv,False,False,missing,1,0,0,missing,0,,,0,0.0,0.0,575,0.4591304347826087,1.28561891901129,0,0.5,19.603271512878685,0,,,0,0.0,0.0
research_papers\JEPA\results\event_static_union_qqq_h1h2_backfill_d65win_d80_d80zero_d80front_t18_md2_cd15_2025_2026_risk5000_v1\monthly_volume_backfill_trades.csv,False,False,missing,2,0,0,missing,0,,,0,0.0,0.0,104,0.6153846153846154,2.598041011375239,0,0.8333333333333334,9.67627116667137,0,,,0,0.0,0.0
research_papers\JEPA\results\event_static_union_qqq_h1h2_primary_d65win_d80_d80zero_cap1_score_risk5000_v1\combined_trades.csv,False,False,missing,1,0,0,missing,0,,,0,0.0,0.0,96,0.625,2.615343669195284,0,0.8333333333333334,9.399934457813693,0,,,0,0.0,0.0
research_papers\JEPA\results\event_static_union_qqq_pre2025_backfill_cons_m2s1c45_d65win_d80_d80front_t18_md2_cd0_2025_2026_risk5000_v1\monthly_volume_backfill_trades.csv,False,False,missing,2,0,0,missing,0,,,0,0.0,0.0,104,0.6057692307692307,2.5991525683934222,0,0.8333333333333334,9.879683733736616,0,,,0,0.0,0.0
research_papers\JEPA\results\event_static_union_qqq_pre2025_primary_cons_m2s1c45_d65win_d80_cap1_score_risk5000_v1\combined_trades.csv,False,False,missing,1,0,0,missing,0,,,0,0.0,0.0,96,0.625,2.6980426761276677,0,0.8333333333333334,9.88117276004937,0,,,0,0.0,0.0
research_papers\JEPA\results\event_static_union_spxw_spy_2024h2_objpass_simpler_spy_component_2025_2026_v1\combined_trades.csv,False,False,missing,1,0,0,missing,102,0.5196078431372549,1.7007755252631263,0,0.8333333333333334,6.395816279351159,0,,,0,0.0,0.0,253,0.5375494071146245,1.5458618335744876,0,0.5,13.24509523311828
research_papers\JEPA\results\event_static_union_spxw_vol25phys_octdec_select_2026janmay_v1\combined_trades.csv,False,False,missing,1,0,0,missing,258,0.49612403100775193,1.4035924716751949,0,0.5,10.262535887821178,0,,,0,0.0,0.0,0,,,0,0.0,0.0
research_papers\JEPA\results\event_static_union_spxw_vol25phys_scorecap5_octdec_select_2026janmay_v1\combined_trades.csv,False,False,missing,1,0,0,missing,169,0.5798816568047337,2.0400201843715497,0,0.8333333333333334,14.218229272619482,0,,,0,0.0,0.0,0,,,0,0.0,0.0
research_papers\JEPA\results\event_static_union_spy_topk_ptdj35_cons22_octdec_select_2026janmay_v1\combined_trades.csv,False,False,exit_minutes: min=2.0 under30=25 missing=292,36,0,0,missing,0,,,0,0.0,0.0,0,,,0,0.0,0.0,395,0.5063291139240507,1.6219139072218138,0,0.8333333333333334,32.87229126406042
research_papers\JEPA\results\event_stream_trade_filter_scan_full20_2024select_2025_2026test_action_windows_v1\combined_trades.csv,False,False,missing,1,0,0,missing,7,0.42857142857142855,0.32787499411803056,0,0.0,-0.1872852891579821,1,1.0,inf,0,0.16666666666666666,0.5,1,0.0,0.0,0,0.0,-0.117384837981291
research_papers\JEPA\results\event_stream_trade_filter_scan_full20_2024select_2025_2026test_tiny_v1\combined_trades.csv,False,False,missing,1,0,0,missing,94,0.46808510638297873,1.5097827231102259,10,0.8333333333333334,7.048710924982187,14,0.5,1.0941443968519784,0,0.5,0.1977032333891543,8,0.875,11.666666666666668,0,0.6666666666666666,3.2
research_papers\JEPA\results\event_trade_union_component_meta_selector_scorecap5pool_s3_2026janmay_v1\combined_trades.csv,False,False,exit_minutes: min=2.0 under30=27 missing=954,36,0,0,missing,169,0.5443786982248521,1.7890693539109441,0,0.8333333333333334,12.010724856334377,524,0.4732824427480916,1.3026964197224171,0,0.6666666666666666,18.66791272485561,372,0.49731182795698925,1.504525896993716,0,0.8333333333333334,26.64311257139948
research_papers\JEPA\results\event_trade_union_component_meta_selector_scorecap5pool_s3_top5penalty_2026janmay_v1\combined_trades.csv,False,False,exit_minutes: min=2.0 under30=27 missing=954,36,0,0,missing,169,0.5443786982248521,1.7890693539109441,0,0.8333333333333334,12.010724856334377,524,0.4637404580152672,1.2591754894671903,0,0.6666666666666666,16.352062362961746,372,0.49731182795698925,1.504525896993716,0,0.8333333333333334,26.64311257139948
research_papers\JEPA\results\event_trade_union_component_meta_selector_scorecap5pool_s3_with_qqq_staticpre_2026janmay_v1\combined_trades.csv,False,False,exit_minutes: min=2.0 under30=27 missing=954,36,0,0,missing,169,0.5443786982248521,1.7890693539109441,0,0.8333333333333334,12.010724856334377,524,0.4732824427480916,1.3026964197224171,0,0.6666666666666666,18.66791272485561,372,0.49731182795698925,1.504525896993716,0,0.8333333333333334,26.64311257139948
research_papers\JEPA\results\event_trade_union_config_selector_full20_2026_numeric_pass_diag_v1\combined_trades.csv,False,False,missing,1,0,0,missing,327,0.5198776758409785,1.3663541761264884,30,0.6666666666666666,10.366828073725921,469,0.5309168443496801,1.4350918430549189,49,0.6666666666666666,17.86695784478727,313,0.5143769968051118,1.3355853919862017,19,0.6666666666666666,9.57756970348078
research_papers\JEPA\results\event_trade_union_config_selector_scorecap5pool_monthly_s3_ordergrid_spxw_spy_qqq_2026janmay_v1\combined_trades.csv,False,False,exit_minutes: min=2.0 under30=27 missing=934,36,0,0,missing,169,0.5621301775147929,1.949628717106402,0,0.8333333333333334,13.538332251361236,504,0.47023809523809523,1.3089611823030514,0,0.6666666666666666,18.622518479567333,372,0.49731182795698925,1.504525896993716,0,0.8333333333333334,26.643112571399477
research_papers\JEPA\results\event_trade_union_config_selector_scorecap5pool_monthly_s3_spxw_spy_qqq_2026janmay_v1\combined_trades.csv,False,False,exit_minutes: min=2.0 under30=26 missing=950,36,0,0,missing,169,0.47928994082840237,1.3767576898123495,0,0.6666666666666666,6.783417433961485,524,0.4732824427480916,1.3026964197224171,0,0.6666666666666666,18.66791272485561,372,0.5080645161290323,1.5619831903959893,0,0.8333333333333334,29.143259627315565
research_papers\JEPA\results\event_trade_union_config_selector_scorecap5pool_monthly_s3_spxw_spy_qqq_2026janmay_v2\combined_trades.csv,False,False,exit_minutes: min=2.0 under30=26 missing=950,36,0,0,missing,169,0.47928994082840237,1.3767576898123495,0,0.6666666666666666,6.783417433961485,524,0.4732824427480916,1.3026964197224171,0,0.6666666666666666,18.66791272485561,372,0.5080645161290323,1.5619831903959893,0,0.8333333333333334,29.143259627315565
research_papers\JEPA\results\event_trade_union_window_meta_selector_full20_2026_from_2025_s3s6s12_v1\combined_trades.csv,False,False,missing,1,0,0,missing,296,0.48986486486486486,1.264701218024482,19,0.6666666666666666,6.949978637095107,384,0.5364583333333334,1.3731657923438216,49,0.6666666666666666,13.245684954810539,313,0.5111821086261981,1.273362031823068,19,0.6666666666666666,7.829508783525188
research_papers\JEPA\results\event_trade_union_window_meta_selector_full20_2026_frozen_2025select_s3s6s12_m18relax_v1\combined_trades.csv,False,False,missing,1,0,0,missing,327,0.5198776758409785,1.3663541761264884,30,0.6666666666666666,10.366828073725921,384,0.5364583333333334,1.3731657923438216,49,0.6666666666666666,13.245684954810539,313,0.5143769968051118,1.3355853919862017,19,0.6666666666666666,9.57756970348078
research_papers\JEPA\results\event_trade_union_window_meta_selector_full20_2026_frozen_2025select_s3s6s12_pos0_diag_v1\combined_trades.csv,False,False,missing,1,0,0,missing,474,0.4388185654008439,1.0603771402098512,19,0.6666666666666666,2.884823960410814,384,0.5364583333333334,1.3731657923438216,49,0.6666666666666666,13.245684954810539,286,0.513986013986014,1.225875597551355,19,0.6666666666666666,5.547074444333504
research_papers\JEPA\results\event_trade_union_window_meta_selector_full20_2026_frozen_2025select_s3s6s12_v1\combined_trades.csv,False,False,missing,1,0,0,missing,474,0.4388185654008439,1.0603771402098512,19,0.6666666666666666,2.884823960410814,384,0.5364583333333334,1.3731657923438216,49,0.6666666666666666,13.245684954810539,313,0.5143769968051118,1.3355853919862017,19,0.6666666666666666,9.57756970348078
research_papers\JEPA\results\_diagnostics\dense_candidate_daily_regime_gate_s3_202301_202605_v1\combined_trades.csv,False,False,missing,3,0,0,missing,97,0.5567010309278351,2.093023255813953,0,0.8333333333333334,14.100000000000001,105,0.5428571428571428,1.9791666666666665,0,0.8333333333333334,14.099999999999998,99,0.5151515151515151,1.7708333333333333,0,0.8333333333333334,11.099999999999998
research_papers\JEPA\results\_diagnostics\dense_candidate_daily_streak_guard_l3p1_vp18\combined_trades.csv,False,False,missing,2,0,0,missing,97,0.5360824742268041,1.9259259259259254,0,0.6666666666666666,12.5,106,0.5283018867924528,1.8666666666666665,0,0.6666666666666666,12.999999999999996,95,0.5052631578947369,1.7021276595744674,0,0.6666666666666666,9.899999999999995
research_papers\JEPA\results\_diagnostics\dense_candidate_daily_streak_guard_l3p2_vp18\combined_trades.csv,False,False,missing,2,0,0,missing,97,0.5463917525773195,2.0075757575757573,0,0.8333333333333334,13.3,106,0.5377358490566038,1.9387755102040816,0,0.8333333333333334,13.799999999999997,93,0.5053763440860215,1.7028985507246372,0,0.6666666666666666,9.699999999999996
research_papers\JEPA\results\_diagnostics\dense_candidate_daily_streak_guard_l4p1_vp18\combined_trades.csv,False,False,missing,2,0,0,missing,99,0.5454545454545454,1.9999999999999996,0,0.8333333333333334,13.5,108,0.5370370370370371,1.9333333333333331,0,0.8333333333333334,13.999999999999998,98,0.5,1.6666666666666665,0,0.8333333333333334,9.799999999999997
research_papers\JEPA\results\_diagnostics\dense_candidate_daily_streak_guard_l4p2_vp18\combined_trades.csv,False,False,missing,2,0,0,missing,99,0.5454545454545454,1.9999999999999996,0,0.8333333333333334,13.5,108,0.5370370370370371,1.9333333333333331,0,0.8333333333333334,13.999999999999998,96,0.5104166666666666,1.7375886524822688,0,0.8333333333333334,10.399999999999999
research_papers\JEPA\results\_diagnostics\dense_candidate_daily_streak_guard_scan_best_t4p2_roll3m1_vp20\combined_trades.csv,False,False,missing,2,0,0,missing,99,0.5454545454545454,1.9999999999999996,0,0.8333333333333334,13.5,107,0.5327102803738317,1.8999999999999997,0,0.8333333333333334,13.499999999999996,99,0.5050505050505051,1.7006802721088434,0,0.8333333333333334,10.299999999999997
research_papers\JEPA\results\_diagnostics\dense_candidate_fixed_holdout_select_through_202604_eval_202605_202606partial_v1\combined_trades.csv,False,False,missing,107,0,0,missing,38,0.47368421052631576,1.5000000000000002,0,0.16666666666666666,3.000000000000001,37,0.5135135135135135,1.7592592592592595,0,0.3333333333333333,4.1000000000000005,43,0.5581395348837209,2.105263157894737,0,0.3333333333333333,6.3
research_papers\JEPA\results\_diagnostics\dense_candidate_fixed_holdout_select_through_202604_eval_202605_completed_v1\combined_trades.csv,False,False,missing,107,0,0,missing,38,0.47368421052631576,1.5000000000000002,0,0.16666666666666666,3.000000000000001,37,0.5135135135135135,1.7592592592592595,0,0.3333333333333333,4.1000000000000005,43,0.5581395348837209,2.105263157894737,0,0.3333333333333333,6.3
research_papers\JEPA\results\_diagnostics\dense_candidate_frozen2025_2026_daily_guard_l4p1_vp0\combined_trades.csv,False,False,missing,107,0,0,missing,105,0.5904761904761905,2.403100775193798,0,0.8333333333333334,18.1,102,0.5098039215686274,1.7333333333333332,0,0.8333333333333334,11.0,102,0.5784313725490197,2.286821705426356,0,0.8333333333333334,16.599999999999998
research_papers\JEPA\results\_diagnostics\dense_candidate_frozen2025_2026_daily_guard_l4p1_vp18\combined_trades.csv,False,False,missing,107,0,0,missing,105,0.5904761904761905,2.403100775193798,0,0.8333333333333334,18.1,102,0.5098039215686274,1.7333333333333332,0,0.8333333333333334,11.0,102,0.5784313725490197,2.286821705426356,0,0.8333333333333334,16.599999999999998
research_papers\JEPA\results\_diagnostics\dense_candidate_frozen2025_2026_daily_guard_l5p1_vp0\combined_trades.csv,False,False,missing,107,0,0,missing,105,0.580952380952381,2.31060606060606,0,0.8333333333333334,17.3,103,0.5145631067961165,1.7666666666666664,0,0.8333333333333334,11.5,103,0.5825242718446602,2.325581395348837,0,0.8333333333333334,17.099999999999998
research_papers\JEPA\results\_diagnostics\dense_candidate_frozen2025_2026_daily_guard_l5p1_vp18\combined_trades.csv,False,False,missing,107,0,0,missing,105,0.580952380952381,2.31060606060606,0,0.8333333333333334,17.3,103,0.5145631067961165,1.7666666666666664,0,0.8333333333333334,11.5,103,0.5825242718446602,2.325581395348837,0,0.8333333333333334,17.099999999999998
research_papers\JEPA\results\_diagnostics\dense_candidate_frozen2025_select12_eval_202601_202604_v1\combined_trades.csv,False,False,missing,107,0,0,missing,162,0.4567901234567901,1.4015151515151518,0,0.5,10.6,83,0.5180722891566265,1.7916666666666667,0,0.6666666666666666,9.5,81,0.5185185185185185,1.7948717948717943,0,0.5,9.3
research_papers\JEPA\results\_diagnostics\dense_candidate_frozen2025_select18_eval_202601_202604_v1\combined_trades.csv,False,False,missing,107,0,0,missing,86,0.46511627906976744,1.4492753623188401,0,0.5,6.2,81,0.4567901234567901,1.4015151515151512,0,0.5,5.3,84,0.4523809523809524,1.3768115942028982,0,0.6666666666666666,5.199999999999999
research_papers\JEPA\results\_diagnostics\dense_candidate_frozen_through_202512_eval_202601_202605_v1\combined_trades.csv,False,False,missing,107,0,0,failed,106,0.5849056603773585,2.348484848484848,0,0.8333333333333334,17.799999999999997,103,0.5145631067961165,1.7666666666666664,0,0.8333333333333334,11.5,103,0.5825242718446602,2.325581395348837,0,0.8333333333333334,17.099999999999998
research_papers\JEPA\results\_diagnostics\dense_candidate_monthly_pnl_rescue_best_t-1_start10_max3_cd45\combined_trades.csv,False,False,missing,5,0,0,missing,99,0.5454545454545454,1.9999999999999996,0,0.8333333333333334,13.5,107,0.5233644859813084,1.830065359477124,0,0.8333333333333334,12.7,99,0.494949494949495,1.633333333333333,0,0.8333333333333334,9.5
research_papers\JEPA\results\_diagnostics\dense_candidate_partial_20260601_20260626_eval_v1\combined_trades.csv,False,False,missing,100,0,0,missing,20,0.3,0.7142857142857144,0,0.0,-1.2,18,0.2777777777777778,0.6410256410256412,0,0.0,-1.4,19,0.2631578947368421,0.5952380952380953,0,0.0,-1.7
research_papers\JEPA\results\_diagnostics\dense_candidate_walkforward_2026_completed_jan_may_v1\combined_trades.csv,False,False,missing,2,0,0,missing,99,0.5454545454545454,1.9999999999999996,0,0.8333333333333334,13.5,108,0.5370370370370371,1.9333333333333331,0,0.8333333333333334,13.999999999999998,100,0.51,1.7346938775510203,0,0.8333333333333334,10.799999999999997
research_papers\JEPA\results\_diagnostics\event_option_clean_live1000_bestmix_combined_backfill18_v1\combined_trades.csv,False,False,missing,2,0,0,missing,139,0.35251798561151076,0.9074074074074076,18,0.5,-2.4999999999999996,172,0.42441860465116277,1.2063239329523774,10,0.5,6.127820808685605,158,0.4240506329113924,1.2271062271062272,18,0.8333333333333334,6.2
research_papers\JEPA\results\_diagnostics\event_option_clean_live1000_bestmix_qqq_backfill18_v1\monthly_volume_backfill_trades.csv,False,False,missing,2,0,0,missing,0,,,0,0.0,0.0,172,0.42441860465116277,1.2063239329523774,10,0.5,6.127820808685605,0,,,0,0.0,0.0
research_papers\JEPA\results\_diagnostics\event_option_clean_live1000_bestmix_spxw_backfill18_v1\monthly_volume_backfill_trades.csv,False,False,missing,2,0,0,missing,139,0.35251798561151076,0.9074074074074076,18,0.5,-2.4999999999999996,0,,,0,0.0,0.0,0,,,0,0.0,0.0
research_papers\JEPA\results\_diagnostics\event_option_clean_live1000_bestmix_spy_backfill18_v1\monthly_volume_backfill_trades.csv,False,False,missing,2,0,0,missing,0,,,0,0.0,0.0,0,,,0,0.0,0.0,158,0.4240506329113924,1.2271062271062272,18,0.8333333333333334,6.2
research_papers\JEPA\results\_diagnostics\event_option_clean_live1000_nopool_d15_return_wf2026_v1\event_option_gate_trades.csv,False,False,missing,1,0,0,missing,88,0.375,0.9999999999999998,0,0.3333333333333333,-4.440892098500626e-16,98,0.30612244897959184,0.7352941176470588,9,0.5,-5.4,130,0.45384615384615384,1.384976525821596,0,0.8333333333333334,8.2
research_papers\JEPA\results\_diagnostics\event_option_clean_live1000_nopool_d15_win_wf2026_v1\event_option_gate_trades.csv,False,False,missing,1,0,0,missing,143,0.3006993006993007,0.7166666666666668,7,0.3333333333333333,-8.5,186,0.3548387096774194,0.9052653400037158,9,0.3333333333333333,-3.4104477598662384,130,0.2846153846153846,0.6630824372759857,12,0.3333333333333333,-9.4
research_papers\JEPA\results\_diagnostics\event_option_clean_live1000_nopool_d25_return_wf2026_v1\event_option_gate_trades.csv,False,False,missing,1,0,0,missing,139,0.3597122302158273,0.9363295880149815,9,0.5,-1.7000000000000002,122,0.36885245901639346,0.974025974025974,10,0.5,-0.6000000000000003,136,0.375,1.0,17,0.5,2.220446049250313e-16
research_papers\JEPA\results\_diagnostics\event_option_clean_live1000_nopool_d25_win_wf2026_v1\event_option_gate_trades.csv,False,False,missing,1,0,0,missing,138,0.3695652173913043,0.9770114942528735,18,0.6666666666666666,-0.6000000000000008,166,0.42771084337349397,1.222028800304758,8,0.5,6.327820808685605,178,0.3595505617977528,0.9356725146198833,19,0.6666666666666666,-2.2
research_papers\JEPA\results\_diagnostics\event_option_clean_live1000_nopool_d35_return_wf2026_v1\event_option_gate_trades.csv,False,False,missing,1,0,0,missing,181,0.35911602209944754,0.9339080459770119,10,0.5,-2.3000000000000007,101,0.40594059405940597,1.1388888888888886,6,0.6666666666666666,2.5000000000000004,156,0.3269230769230769,0.8095238095238098,8,0.3333333333333333,-5.999999999999999
research_papers\JEPA\results\_diagnostics\event_option_clean_live1000_nopool_d35_win_wf2026_v1\event_option_gate_trades.csv,False,False,missing,1,0,0,missing,84,0.40476190476190477,1.1333333333333333,0,0.3333333333333333,1.9999999999999998,0,,,0,0.0,0.0,0,,,0,0.0,0.0
research_papers\JEPA\results\_diagnostics\event_option_clean_live1000_nopool_d50_return_wf2026_v1\event_option_gate_trades.csv,False,False,missing,1,0,0,missing,209,0.3588516746411483,0.9407437252905118,13,0.3333333333333333,-2.3620782598572183,162,0.4074074074074074,1.1331288470723409,3,0.5,3.8341107956834146,207,0.34782608695652173,0.8888888888888888,19,0.3333333333333333,-4.5
research_papers\JEPA\results\_diagnostics\event_option_clean_live1000_nopool_d50_win_wf2026_v1\event_option_gate_trades.csv,False,False,missing,1,0,0,missing,152,0.3815789473684211,1.0283687943262412,19,0.6666666666666666,0.7999999999999996,181,0.3867403314917127,1.03120206677672,13,0.3333333333333333,1.0390288236647642,147,0.3741496598639456,0.996376811594203,13,0.6666666666666666,-0.10000000000000053
research_papers\JEPA\results\_diagnostics\event_option_clean_live1030_backfill18_wf2026_v1\monthly_volume_backfill_trades.csv,False,False,missing,2,0,0,missing,111,0.38738738738738737,1.0539215686274508,18,0.5,1.1000000000000003,110,0.35454545454545455,0.9028832711007102,18,0.3333333333333333,-2.0582124950932097,110,0.37272727272727274,0.976862445012839,18,0.3333333333333333,-0.4789473882342319
research_papers\JEPA\results\_diagnostics\event_option_clean_live1030_d25_combined_wf2026_v1\combined_trades.csv,False,False,missing,1,0,0,missing,20,0.35,0.8974358974358977,0,0.0,-0.39999999999999986,18,0.16666666666666666,0.3333333333333334,0,0.0,-2.9999999999999996,19,0.3157894736842105,0.7692307692307694,0,0.0,-0.8999999999999999
research_papers\JEPA\results\_diagnostics\event_option_clean_live1030_d50_fallback_wf2026_v1\event_option_gate_trades.csv,False,False,missing,1,0,0,missing,360,0.3194444444444444,0.7823129251700683,53,0.16666666666666666,-16.0,348,0.2988505747126437,0.7072162327964804,53,0.16666666666666666,-21.37660328289126,351,0.3247863247863248,0.7977644530487454,53,0.3333333333333333,-14.37894738823423
research_papers\JEPA\results\_diagnostics\event_option_clean_live1030_qqq_d25_wf2026_v1\event_option_gate_trades.csv,False,False,missing,1,0,0,missing,0,,,0,0.0,0.0,18,0.16666666666666666,0.3333333333333334,0,0.0,-2.9999999999999996,0,,,0,0.0,0.0
research_papers\JEPA\results\_diagnostics\event_option_clean_live1030_spxw_d25_wf2026_v1\event_option_gate_trades.csv,False,False,missing,1,0,0,missing,20,0.35,0.8974358974358977,0,0.0,-0.39999999999999986,0,,,0,0.0,0.0,0,,,0,0.0,0.0
research_papers\JEPA\results\_diagnostics\event_option_clean_live1030_spy_d25_wf2026_v1\event_option_gate_trades.csv,False,False,missing,1,0,0,missing,0,,,0,0.0,0.0,0,,,0,0.0,0.0,19,0.3157894736842105,0.7692307692307694,0,0.0,-0.8999999999999999
research_papers\JEPA\results\_diagnostics\event_option_clean_live_combined_backfill18_v1\combined_trades.csv,False,False,missing,2,0,0,missing,132,0.3484848484848485,0.8914728682170543,18,0.5,-2.8,119,0.3865546218487395,1.033521040898786,18,0.5,0.7341107956834132,123,0.3252032520325203,0.8032128514056225,19,0.5,-4.8999999999999995
research_papers\JEPA\results\_diagnostics\event_option_clean_live_d50_fallback_wf2026_v1\event_option_gate_trades.csv,False,False,missing,1,0,0,missing,364,0.33791208791208793,0.8470638788673209,56,0.16666666666666666,-11.057281557892706,351,0.33903133903133903,0.851919299108917,54,0.16666666666666666,-10.278697269042915,355,0.36619718309859156,0.9628027856461431,54,0.5,-2.500452743903798
research_papers\JEPA\results\_diagnostics\event_option_clean_live_qqq_backfill18_v1\monthly_volume_backfill_trades.csv,False,False,missing,2,0,0,missing,0,,,0,0.0,0.0,119,0.3865546218487395,1.033521040898786,18,0.5,0.7341107956834132,0,,,0,0.0,0.0
research_papers\JEPA\results\_diagnostics\event_option_clean_live_qqq_d25_wf2026_v1\event_option_gate_trades.csv,False,False,missing,1,0,0,missing,0,,,0,0.0,0.0,61,0.4426229508196721,1.3235294117647058,0,0.3333333333333333,3.3,0,,,0,0.0,0.0
research_papers\JEPA\results\_diagnostics\event_option_clean_live_spxw_backfill18_v1\monthly_volume_backfill_trades.csv,False,False,missing,2,0,0,missing,132,0.3484848484848485,0.8914728682170543,18,0.5,-2.8,0,,,0,0.0,0.0,0,,,0,0.0,0.0
research_papers\JEPA\results\_diagnostics\event_option_clean_live_spxw_d25_wf2026_v1\event_option_gate_trades.csv,False,False,missing,1,0,0,missing,91,0.4065934065934066,1.141975308641975,0,0.5,2.3000000000000007,0,,,0,0.0,0.0,0,,,0,0.0,0.0
research_papers\JEPA\results\_diagnostics\event_option_clean_live_spy_backfill18_v1\monthly_volume_backfill_trades.csv,False,False,missing,2,0,0,missing,0,,,0,0.0,0.0,0,,,0,0.0,0.0,123,0.3252032520325203,0.8032128514056225,19,0.5,-4.8999999999999995
research_papers\JEPA\results\_diagnostics\event_option_clean_live_spy_d25_nothr_wf2026_v1\event_option_gate_trades.csv,False,False,missing,1,0,0,missing,0,,,0,0.0,0.0,0,,,0,0.0,0.0,120,0.325,0.8024691358024693,18,0.5,-4.799999999999999
research_papers\JEPA\results\_diagnostics\event_option_dense15_backfill18_no_scorethr_d25_wf2026_fullmayjun_spy_v1\monthly_volume_backfill_trades.csv,False,False,missing,2,0,0,missing,0,,,0,0.0,0.0,0,,,0,0.0,0.0,119,0.5042016806722689,1.6949152542372878,18,1.0,12.299999999999999
research_papers\JEPA\results\_diagnostics\event_option_dense15_backfill18_wf2026_fulljun_excl202605_combined_v1\combined_trades.csv,False,False,missing,3,0,0,missing,131,0.4961832061068702,1.6414141414141414,0,0.8333333333333334,12.7,133,0.48872180451127817,1.5931372549019607,0,0.8333333333333334,12.100000000000001,116,0.5172413793103449,1.7857142857142856,0,0.8333333333333334,13.2
research_papers\JEPA\results\_diagnostics\event_option_dense15_backfill18_wf2026_fulljun_excl202605_qqq_v1\monthly_volume_backfill_trades.csv,False,False,missing,2,0,0,missing,0,,,0,0.0,0.0,133,0.48872180451127817,1.5931372549019607,0,0.8333333333333334,12.100000000000001,0,,,0,0.0,0.0
research_papers\JEPA\results\_diagnostics\event_option_dense15_backfill18_wf2026_fulljun_excl202605_spxw_v1\monthly_volume_backfill_trades.csv,False,False,missing,2,0,0,missing,131,0.4961832061068702,1.6414141414141414,0,0.8333333333333334,12.7,0,,,0,0.0,0.0,0,,,0,0.0,0.0
research_papers\JEPA\results\_diagnostics\event_option_dense15_backfill18_wf2026_fulljun_excl202605_spy_v1\monthly_volume_backfill_trades.csv,False,False,missing,2,0,0,missing,0,,,0,0.0,0.0,0,,,0,0.0,0.0,116,0.5172413793103449,1.7857142857142856,0,0.8333333333333334,13.2
research_papers\JEPA\results\_diagnostics\event_option_dense15_backfill18_wf2026_fullmayjun_qqq_v1\monthly_volume_backfill_trades.csv,False,False,missing,2,0,0,missing,0,,,0,0.0,0.0,178,0.4606741573033708,1.4236111111111114,19,1.0,12.2,0,,,0,0.0,0.0
research_papers\JEPA\results\_diagnostics\event_option_dense15_backfill18_wf2026_fullmayjun_spxw_v1\monthly_volume_backfill_trades.csv,False,False,missing,2,0,0,missing,125,0.512,1.7486338797814203,19,1.0,13.7,0,,,0,0.0,0.0,0,,,0,0.0,0.0
research_papers\JEPA\results\_diagnostics\event_option_dense15_backfill18_wf2026_fullmayjun_spy_v1\monthly_volume_backfill_trades.csv,False,False,missing,2,0,0,missing,0,,,0,0.0,0.0,0,,,0,0.0,0.0,121,0.4628099173553719,1.435897435897436,19,0.8333333333333334,8.5
research_papers\JEPA\results\_diagnostics\event_option_dense15_backfill19_no_scorethr_d25_wf2026_fullmayjun_spy_v1\monthly_volume_backfill_trades.csv,False,False,missing,2,0,0,missing,0,,,0,0.0,0.0,0,,,0,0.0,0.0,122,0.5081967213114754,1.7222222222222219,19,1.0,12.999999999999998
research_papers\JEPA\results\_diagnostics\event_option_gate_dense15_zero_dte_return_forcedmax3_d50_physctx_wf2026_fulljun_excl202605_qqq_v1\event_option_gate_trades.csv,False,False,missing,1,0,0,missing,0,,,0,0.0,0.0,290,0.3931034482758621,1.0833863862555366,0,0.5,4.387191935273669,0,,,0,0.0,0.0
research_papers\JEPA\results\_diagnostics\event_option_gate_dense15_zero_dte_return_forcedmax3_d50_physctx_wf2026_fulljun_excl202605_spxw_v1\event_option_gate_trades.csv,False,False,missing,1,0,0,missing,309,0.40129449838187703,1.1239605532614407,0,0.3333333333333333,6.83792174014278,0,,,0,0.0,0.0,0,,,0,0.0,0.0
research_papers\JEPA\results\_diagnostics\event_option_gate_dense15_zero_dte_return_forcedmax3_d50_physctx_wf2026_fulljun_excl202605_spy_v1\event_option_gate_trades.csv,False,False,missing,1,0,0,missing,0,,,0,0.0,0.0,0,,,0,0.0,0.0,294,0.3945578231292517,1.0918365285709994,0,0.5,4.878494644330436
research_papers\JEPA\results\_diagnostics\event_option_gate_dense15_zero_dte_return_forcedmax3_d50_physctx_wf2026_fullmayjun_qqq_v1\event_option_gate_trades.csv,False,False,missing,1,0,0,missing,0,,,0,0.0,0.0,344,0.34593023255813954,0.8839328162150997,51,0.3333333333333333,-7.812808064726332,0,,,0,0.0,0.0
research_papers\JEPA\results\_diagnostics\event_option_gate_dense15_zero_dte_return_forcedmax3_d50_physctx_wf2026_fullmayjun_spxw_v1\event_option_gate_trades.csv,False,False,missing,1,0,0,missing,369,0.39295392953929537,1.0818731437055193,57,0.3333333333333333,5.486597900304134,0,,,0,0.0,0.0,0,,,0,0.0,0.0
research_papers\JEPA\results\_diagnostics\event_option_gate_dense15_zero_dte_return_forcedmax3_d50_physctx_wf2026_fullmayjun_spy_v1\event_option_gate_trades.csv,False,False,missing,1,0,0,missing,0,,,0,0.0,0.0,0,,,0,0.0,0.0,348,0.3879310344827586,1.0609620068347663,51,0.5,3.878494644330436
research_papers\JEPA\results\_diagnostics\event_option_gate_dense15_zero_dte_win_no_scorethr_d25_physctx_wf2026_fullmayjun_spy_v1\event_option_gate_trades.csv,False,False,missing,1,0,0,missing,0,,,0,0.0,0.0,0,,,0,0.0,0.0,116,0.5086206896551724,1.7251461988304093,17,1.0,12.399999999999999
research_papers\JEPA\results\_diagnostics\event_option_gate_dense15_zero_dte_win_valthr_strict_d25_physctx_wf2026_fulljun_excl202605_spy_v1\event_option_gate_trades.csv,False,False,missing,1,0,0,missing,0,,,0,0.0,0.0,0,,,0,0.0,0.0,107,0.514018691588785,1.7628205128205126,0,0.8333333333333334,11.899999999999999
research_papers\JEPA\results\_diagnostics\event_option_gate_dense15_zero_dte_win_valthr_strict_d25_physctx_wf2026_fullmayjun_spy_v1\event_option_gate_trades.csv,False,False,missing,1,0,0,missing,0,,,0,0.0,0.0,0,,,0,0.0,0.0,105,0.4666666666666667,1.4583333333333333,11,0.6666666666666666,7.700000000000002
research_papers\JEPA\results\_diagnostics\event_option_gate_dense15_zero_dte_win_valthr_strict_d25_posmonth_physctx_wf2026_fullmayjun_spy_v1\event_option_gate_trades.csv,False,False,missing,1,0,0,missing,0,,,0,0.0,0.0,0,,,0,0.0,0.0,55,0.5454545454545454,2.0000000000000004,0,0.5,7.5
research_papers\JEPA\results\_diagnostics\event_option_gate_dense15_zero_dte_win_valthr_wr45_d25_physctx_wf2026_fulljun_excl202605_qqq_v1\event_option_gate_trades.csv,False,False,missing,1,0,0,missing,0,,,0,0.0,0.0,127,0.48031496062992124,1.5404040404040404,0,0.8333333333333334,10.7,0,,,0,0.0,0.0
research_papers\JEPA\results\_diagnostics\event_option_gate_dense15_zero_dte_win_valthr_wr45_d25_physctx_wf2026_fulljun_excl202605_spxw_v1\event_option_gate_trades.csv,False,False,missing,1,0,0,missing,126,0.5079365079365079,1.7204301075268813,0,0.8333333333333334,13.399999999999999,0,,,0,0.0,0.0,0,,,0,0.0,0.0
research_papers\JEPA\results\_diagnostics\event_option_gate_dense15_zero_dte_win_valthr_wr45_d25_physctx_wf2026_fullmayjun_qqq_v1\event_option_gate_trades.csv,False,False,missing,1,0,0,missing,0,,,0,0.0,0.0,172,0.45930232558139533,1.4157706093189966,17,1.0,11.6,0,,,0,0.0,0.0
research_papers\JEPA\results\_diagnostics\event_option_gate_dense15_zero_dte_win_valthr_wr45_d25_physctx_wf2026_fullmayjun_spxw_v1\event_option_gate_trades.csv,False,False,missing,1,0,0,missing,119,0.5294117647058824,1.875,18,1.0,14.7,0,,,0,0.0,0.0,0,,,0,0.0,0.0
research_papers\JEPA\results\_diagnostics\event_option_gate_dense15_zero_dte_win_valthr_wr45_posmonth_d25_physctx_wf2026_fullmayjun_qqq_v1\event_option_gate_trades.csv,False,False,missing,1,0,0,missing,0,,,0,0.0,0.0,72,0.4861111111111111,1.576576576576576,0,0.5,6.399999999999999,0,,,0,0.0,0.0
research_papers\JEPA\results\_diagnostics\event_option_mh30tp200_clean1000_nopool_d50_return_wf2026_v1\event_option_gate_trades.csv,False,False,missing,1,0,0,missing,204,0.3382352941176471,1.0356014162800058,0,0.5,2.5727954971137894,140,0.2642857142857143,0.739183740609422,0,0.16666666666666666,-15.202965519317047,144,0.3472222222222222,1.064121863310875,0,0.6666666666666666,3.2032936163844363
research_papers\JEPA\results\_diagnostics\event_option_mh30tp200_clean1000_nopool_d65_return_wf2026_v1\event_option_gate_trades.csv,False,False,missing,1,0,0,missing,186,0.3279569892473118,0.8120585133314706,0,0.3333333333333333,-11.570032427374933,93,0.34408602150537637,0.8850668495561225,0,0.3333333333333333,-3.7104053321937105,141,0.3829787234042553,1.0893858826711018,0,0.5,3.991908330005802
research_papers\JEPA\results\_diagnostics\event_option_mh30tp200_clean1000_nopool_d80_return_strictsel_wf2026_v1\event_option_gate_trades.csv,False,False,missing,1,0,0,missing,61,0.45901639344262296,0.953669721944418,0,0.16666666666666666,-0.7943012553120317,0,,,0,0.0,0.0,79,0.45569620253164556,1.2618281812272,0,0.5,4.872398909818559
research_papers\JEPA\results\_diagnostics\event_option_mh30tp200_clean1000_nopool_d80_return_wf2026_v1\event_option_gate_trades.csv,False,False,missing,1,0,0,missing,177,0.423728813559322,0.852435261270802,0,0.16666666666666666,-6.8461629816907275,87,0.42528735632183906,0.923361904287839,0,0.3333333333333333,-1.690894239328923,146,0.4931506849315068,1.3558007407201007,0,0.6666666666666666,11.581330324506887
research_papers\JEPA\results\_diagnostics\event_option_mh30tp200_clean1000_pooled_d80_return_wf2026_v1\event_option_gate_trades.csv,False,False,missing,1,0,0,missing,170,0.4117647058823529,1.1529798223296754,11,0.5,6.450905371735977,174,0.40804597701149425,0.7745721909253932,7,0.6666666666666666,-10.628981984519505,178,0.4044943820224719,0.8603047260223189,12,0.16666666666666666,-6.211631192646051
research_papers\JEPA\results\_diagnostics\event_option_mh30tp200_clean1030_pooled_d80_return_wf2026_v1\event_option_gate_trades.csv,False,False,missing,1,0,0,missing,132,0.38636363636363635,0.7889640359841322,14,0.16666666666666666,-8.06944364031317,84,0.36904761904761907,0.6772247312177431,3,0.16666666666666666,-8.026559153492776,87,0.40229885057471265,0.8850830520994089,11,0.3333333333333333,-2.7011597589567113
research_papers\JEPA\results\_diagnostics\event_option_mh30trail_clean1000_nopool_d25_return_wf202504_202606_v1\event_option_gate_trades.csv,False,False,missing,1,0,0,missing,316,0.5189873417721519,1.4403301927802588,38,1.0,39.75273023223495,347,0.4956772334293948,1.2549725890155674,53,0.8333333333333334,26.41378902634436,311,0.4855305466237942,1.222949430102459,20,0.8333333333333334,21.268636342769845
research_papers\JEPA\results\_diagnostics\event_option_mh30trail_clean1000_nopool_d25_return_wf202504_202606_val2_gpu_combined_v1\event_option_gate_trades.csv,False,False,missing,1,0,0,missing,268,0.5149253731343284,1.7128640298089748,29,1.0,55.39690956085987,237,0.5189873417721519,1.4884538140602739,20,0.8333333333333334,33.13914284950837,223,0.4618834080717489,0.9948004533633039,15,0.5,-0.3743673578421227
research_papers\JEPA\results\_diagnostics\event_option_mh30trail_clean1000_nopool_d25_return_wf202504_202606_val2_gpu_v1_QQQ\event_option_gate_trades.csv,False,False,missing,1,0,0,missing,0,,,0,0.0,0.0,237,0.5189873417721519,1.4884538140602739,20,0.8333333333333334,33.13914284950837,0,,,0,0.0,0.0
research_papers\JEPA\results\_diagnostics\event_option_mh30trail_clean1000_nopool_d25_return_wf202504_202606_val2_gpu_v1_SPXW\event_option_gate_trades.csv,False,False,missing,1,0,0,missing,268,0.5149253731343284,1.7128640298089748,29,1.0,55.39690956085987,0,,,0,0.0,0.0,0,,,0,0.0,0.0
research_papers\JEPA\results\_diagnostics\event_option_mh30trail_clean1000_nopool_d25_return_wf202504_202606_val2_gpu_v1_SPY\event_option_gate_trades.csv,False,False,missing,1,0,0,missing,0,,,0,0.0,0.0,0,,,0,0.0,0.0,223,0.4618834080717489,0.9948004533633039,15,0.5,-0.3743673578421227
research_papers\JEPA\results\_diagnostics\event_option_mh30trail_clean1000_nopool_d25_return_wf202508_202606_combined_v1\event_option_gate_trades.csv,False,False,missing,1,0,0,missing,316,0.5189873417721519,1.4403301927802588,38,1.0,39.75273023223495,347,0.4956772334293948,1.2549725890155674,53,0.8333333333333334,26.41378902634436,311,0.4855305466237942,1.222949430102459,20,0.8333333333333334,21.268636342769845
research_papers\JEPA\results\_diagnostics\event_option_mh30trail_clean1000_nopool_d25_return_wf2026_v1\event_option_gate_trades.csv,False,False,missing,1,0,0,missing,294,0.4931972789115646,1.2434407775354728,36,0.8333333333333334,21.53948543229084,307,0.5309446254071661,1.5014277007212276,36,0.8333333333333334,42.3770554956033,342,0.47368421052631576,1.246943640462638,47,0.8333333333333334,26.57233460956989
research_papers\JEPA\results\_diagnostics\event_option_mh30trail_clean1000_nopool_d35_return_wf202504_202606_v1\event_option_gate_trades.csv,False,False,missing,1,0,0,missing,345,0.4927536231884058,1.2246704009228133,45,0.5,23.418021111897907,0,,,0,0.0,0.0,0,,,0,0.0,0.0
research_papers\JEPA\results\_diagnostics\event_option_mh30trail_clean1000_nopool_d35_return_wf202504_202606_v1_QQQ\event_option_gate_trades.csv,False,False,missing,1,0,0,missing,0,,,0,0.0,0.0,337,0.5014836795252225,1.2334299844873207,50,0.6666666666666666,23.024455802114204,0,,,0,0.0,0.0
research_papers\JEPA\results\_diagnostics\event_option_mh30trail_clean1000_nopool_d35_return_wf202504_202606_v1_SPY\event_option_gate_trades.csv,False,False,missing,1,0,0,missing,0,,,0,0.0,0.0,0,,,0,0.0,0.0,327,0.5168195718654435,1.1717697629537243,44,0.5,16.04338881522877
research_papers\JEPA\results\_diagnostics\event_option_mh30trail_clean1000_nopool_d35_return_wf202504_202606_val2_gpu_combined_v1\event_option_gate_trades.csv,False,False,missing,1,0,0,missing,271,0.4907749077490775,1.3286521376941351,20,0.8333333333333334,27.079332962506612,237,0.5232067510548524,1.2780667666572587,18,0.8333333333333334,18.57407119585602,227,0.5198237885462555,1.2904317616688983,18,1.0,18.623292617071307
research_papers\JEPA\results\_diagnostics\event_option_mh30trail_clean1000_nopool_d35_return_wf202504_202606_val2_gpu_v1_QQQ\event_option_gate_trades.csv,False,False,missing,1,0,0,missing,0,,,0,0.0,0.0,237,0.5232067510548524,1.2780667666572587,18,0.8333333333333334,18.57407119585602,0,,,0,0.0,0.0
research_papers\JEPA\results\_diagnostics\event_option_mh30trail_clean1000_nopool_d35_return_wf202504_202606_val2_gpu_v1_SPXW\event_option_gate_trades.csv,False,False,missing,1,0,0,missing,271,0.4907749077490775,1.3286521376941351,20,0.8333333333333334,27.079332962506612,0,,,0,0.0,0.0,0,,,0,0.0,0.0
research_papers\JEPA\results\_diagnostics\event_option_mh30trail_clean1000_nopool_d35_return_wf202504_202606_val2_gpu_v1_SPY\event_option_gate_trades.csv,False,False,missing,1,0,0,missing,0,,,0,0.0,0.0,0,,,0,0.0,0.0,227,0.5198237885462555,1.2904317616688983,18,1.0,18.623292617071307
research_papers\JEPA\results\_diagnostics\event_option_mh30trail_clean1000_nopool_d35_return_wf202508_202606_combined_v1\event_option_gate_trades.csv,False,False,missing,1,0,0,missing,345,0.4927536231884058,1.2246704009228133,45,0.5,23.418021111897907,337,0.5014836795252225,1.2334299844873207,50,0.6666666666666666,23.024455802114204,327,0.5168195718654435,1.1717697629537243,44,0.5,16.04338881522877
research_papers\JEPA\results\_diagnostics\event_option_mh30trail_clean1000_nopool_d35_return_wf2026_v1\event_option_gate_trades.csv,False,False,missing,1,0,0,missing,320,0.503125,1.2193394303492586,44,1.0,20.836455224092127,325,0.5046153846153846,1.2924234054667572,36,0.8333333333333334,27.984947327983264,317,0.5362776025236593,1.451309812754989,27,0.6666666666666666,38.98420103817212
research_papers\JEPA\results\_diagnostics\event_option_mh30trail_clean1000_nopool_d50_return_wf202504_202606_v1\event_option_gate_trades.csv,False,False,missing,1,0,0,missing,204,0.4852941176470588,0.9770445505759251,8,0.5,-1.4315267233591276,0,,,0,0.0,0.0,0,,,0,0.0,0.0
research_papers\JEPA\results\_diagnostics\event_option_mh30trail_clean1000_nopool_d50_return_wf202504_202606_v1_QQQ\event_option_gate_trades.csv,False,False,missing,1,0,0,missing,0,,,0,0.0,0.0,278,0.5107913669064749,0.9746104059616089,16,0.5,-2.0061013593022734,0,,,0,0.0,0.0
research_papers\JEPA\results\_diagnostics\event_option_mh30trail_clean1000_nopool_d50_return_wf202504_202606_v1_SPY\event_option_gate_trades.csv,False,False,missing,1,0,0,missing,0,,,0,0.0,0.0,0,,,0,0.0,0.0,189,0.49206349206349204,0.9455260220733089,16,0.3333333333333333,-3.0184758351513628
research_papers\JEPA\results\_diagnostics\event_option_mh30trail_clean1000_nopool_d50_return_wf202504_202606_val2_gpu_combined_v1\event_option_gate_trades.csv,False,False,missing,1,0,0,missing,180,0.55,1.4116670119416241,18,0.8333333333333334,19.508505840793493,173,0.5317919075144508,1.2143134941685392,17,0.6666666666666666,10.116149203035842,181,0.5082872928176796,0.9863783714134166,7,0.3333333333333333,-0.6979856703698001
research_papers\JEPA\results\_diagnostics\event_option_mh30trail_clean1000_nopool_d50_return_wf202504_202606_val2_gpu_v1_QQQ\event_option_gate_trades.csv,False,False,missing,1,0,0,missing,0,,,0,0.0,0.0,173,0.5317919075144508,1.2143134941685392,17,0.6666666666666666,10.116149203035842,0,,,0,0.0,0.0
research_papers\JEPA\results\_diagnostics\event_option_mh30trail_clean1000_nopool_d50_return_wf202504_202606_val2_gpu_v1_SPXW\event_option_gate_trades.csv,False,False,missing,1,0,0,missing,180,0.55,1.4116670119416241,18,0.8333333333333334,19.508505840793493,0,,,0,0.0,0.0,0,,,0,0.0,0.0
research_papers\JEPA\results\_diagnostics\event_option_mh30trail_clean1000_nopool_d50_return_wf202504_202606_val2_gpu_v1_SPY\event_option_gate_trades.csv,False,False,missing,1,0,0,missing,0,,,0,0.0,0.0,0,,,0,0.0,0.0,181,0.5082872928176796,0.9863783714134166,7,0.3333333333333333,-0.6979856703698001
research_papers\JEPA\results\_diagnostics\event_option_mh30trail_clean1000_nopool_d50_return_wf202508_202606_combined_v1\event_option_gate_trades.csv,False,False,missing,1,0,0,missing,204,0.4852941176470588,0.9770445505759251,8,0.5,-1.4315267233591276,278,0.5107913669064749,0.9746104059616089,16,0.5,-2.0061013593022734,189,0.49206349206349204,0.9455260220733089,16,0.3333333333333333,-3.0184758351513628
research_papers\JEPA\results\_diagnostics\event_option_mh30trail_clean1000_nopool_d50_return_wf2026_v1\event_option_gate_trades.csv,False,False,missing,1,0,0,missing,281,0.5302491103202847,1.1634855471748484,22,0.5,12.83403665639853,143,0.5664335664335665,1.473870170368296,14,0.8333333333333334,17.409808321738353,236,0.4915254237288136,0.9932877329254881,21,0.3333333333333333,-0.4675595910863497
research_papers\JEPA\results\_diagnostics\event_option_mh30trail_clean1000_nopool_d65_return_wf202504_202606_v1\event_option_gate_trades.csv,False,False,missing,1,0,0,missing,261,0.5095785440613027,0.9864635703621406,37,0.3333333333333333,-0.9808994625918004,0,,,0,0.0,0.0,0,,,0,0.0,0.0
research_papers\JEPA\results\_diagnostics\event_option_mh30trail_clean1000_nopool_d65_return_wf202504_202606_v1_QQQ\event_option_gate_trades.csv,False,False,missing,1,0,0,missing,0,,,0,0.0,0.0,190,0.5105263157894737,1.0856948529295691,16,0.5,4.345729571789727,0,,,0,0.0,0.0
research_papers\JEPA\results\_diagnostics\event_option_mh30trail_clean1000_nopool_d65_return_wf202504_202606_v1_SPY\event_option_gate_trades.csv,False,False,missing,1,0,0,missing,0,,,0,0.0,0.0,0,,,0,0.0,0.0,171,0.5263157894736842,1.0652581977612299,20,0.6666666666666666,2.934623902182664
research_papers\JEPA\results\_diagnostics\event_option_mh30trail_clean1000_nopool_d65_return_wf202504_202606_val2_gpu_combined_v1\event_option_gate_trades.csv,False,False,missing,1,0,0,missing,170,0.5294117647058824,1.183200073868065,14,0.5,8.41297059808032,113,0.49557522123893805,1.183427106794466,15,0.5,5.521969454007665,191,0.5235602094240838,1.0373174993071288,18,0.6666666666666666,1.8876101201390343
research_papers\JEPA\results\_diagnostics\event_option_mh30trail_clean1000_nopool_d65_return_wf202504_202606_val2_gpu_v1_QQQ\event_option_gate_trades.csv,False,False,missing,1,0,0,missing,0,,,0,0.0,0.0,113,0.49557522123893805,1.183427106794466,15,0.5,5.521969454007665,0,,,0,0.0,0.0
research_papers\JEPA\results\_diagnostics\event_option_mh30trail_clean1000_nopool_d65_return_wf202504_202606_val2_gpu_v1_SPXW\event_option_gate_trades.csv,False,False,missing,1,0,0,missing,170,0.5294117647058824,1.183200073868065,14,0.5,8.41297059808032,0,,,0,0.0,0.0,0,,,0,0.0,0.0
research_papers\JEPA\results\_diagnostics\event_option_mh30trail_clean1000_nopool_d65_return_wf202504_202606_val2_gpu_v1_SPY\event_option_gate_trades.csv,False,False,missing,1,0,0,missing,0,,,0,0.0,0.0,0,,,0,0.0,0.0,191,0.5235602094240838,1.0373174993071288,18,0.6666666666666666,1.8876101201390343
research_papers\JEPA\results\_diagnostics\event_option_mh30trail_clean1000_nopool_d65_return_wf202508_202606_combined_v1\event_option_gate_trades.csv,False,False,missing,1,0,0,missing,261,0.5095785440613027,0.9864635703621406,37,0.3333333333333333,-0.9808994625918004,190,0.5105263157894737,1.0856948529295691,16,0.5,4.345729571789727,171,0.5263157894736842,1.0652581977612299,20,0.6666666666666666,2.934623902182664
research_papers\JEPA\results\_diagnostics\event_option_mh30trail_clean1000_nopool_d65_return_wf2026_v1\event_option_gate_trades.csv,False,False,missing,1,0,0,missing,244,0.5491803278688525,1.164832620921518,38,0.5,10.43628297091753,224,0.4955357142857143,0.989620325764091,15,0.5,-0.647574549342476,173,0.47398843930635837,0.8066679118503719,10,0.3333333333333333,-9.471073505037374
research_papers\JEPA\results\_diagnostics\event_option_mh30trail_clean1000_nopool_d80_return_wf202504_202606_v1\event_option_gate_trades.csv,False,False,missing,1,0,0,missing,234,0.49572649572649574,0.9262026827342595,15,0.5,-4.539672639802043,0,,,0,0.0,0.0,0,,,0,0.0,0.0
research_papers\JEPA\results\_diagnostics\event_option_mh30trail_clean1000_nopool_d80_return_wf202504_202606_v1_QQQ\event_option_gate_trades.csv,False,False,missing,1,0,0,missing,0,,,0,0.0,0.0,153,0.5163398692810458,1.1393568590755017,18,0.6666666666666666,5.087418833978222,0,,,0,0.0,0.0
research_papers\JEPA\results\_diagnostics\event_option_mh30trail_clean1000_nopool_d80_return_wf202504_202606_v1_SPY\event_option_gate_trades.csv,False,False,missing,1,0,0,missing,0,,,0,0.0,0.0,0,,,0,0.0,0.0,177,0.5028248587570622,1.0878632299892723,20,0.5,3.6127631957809445
research_papers\JEPA\results\_diagnostics\event_option_mh30trail_clean1000_nopool_d80_return_wf202504_202606_val2_gpu_combined_v1\event_option_gate_trades.csv,False,False,missing,1,0,0,missing,136,0.5220588235294118,1.2119412200491764,17,0.6666666666666666,7.050736211087265,137,0.48905109489051096,0.9797818685114557,13,0.5,-0.6631855094985024,173,0.5549132947976878,1.2388155063473512,16,0.8333333333333334,8.941967059376482
research_papers\JEPA\results\_diagnostics\event_option_mh30trail_clean1000_nopool_d80_return_wf202504_202606_val2_gpu_v1_QQQ\event_option_gate_trades.csv,False,False,missing,1,0,0,missing,0,,,0,0.0,0.0,137,0.48905109489051096,0.9797818685114557,13,0.5,-0.6631855094985024,0,,,0,0.0,0.0
research_papers\JEPA\results\_diagnostics\event_option_mh30trail_clean1000_nopool_d80_return_wf202504_202606_val2_gpu_v1_SPXW\event_option_gate_trades.csv,False,False,missing,1,0,0,missing,136,0.5220588235294118,1.2119412200491764,17,0.6666666666666666,7.050736211087265,0,,,0,0.0,0.0,0,,,0,0.0,0.0
research_papers\JEPA\results\_diagnostics\event_option_mh30trail_clean1000_nopool_d80_return_wf202504_202606_val2_gpu_v1_SPY\event_option_gate_trades.csv,False,False,missing,1,0,0,missing,0,,,0,0.0,0.0,0,,,0,0.0,0.0,173,0.5549132947976878,1.2388155063473512,16,0.8333333333333334,8.941967059376482
research_papers\JEPA\results\_diagnostics\event_option_mh30trail_clean1000_nopool_d80_return_wf202508_202606_combined_v1\event_option_gate_trades.csv,False,False,missing,1,0,0,missing,234,0.49572649572649574,0.9262026827342595,15,0.5,-4.539672639802043,153,0.5163398692810458,1.1393568590755017,18,0.6666666666666666,5.087418833978224,177,0.5028248587570622,1.0878632299892723,20,0.5,3.6127631957809445
research_papers\JEPA\results\_diagnostics\event_option_mh30trail_clean1000_nopool_d80_return_wf2026_v1\event_option_gate_trades.csv,False,False,missing,1,0,0,missing,194,0.4690721649484536,0.9896918620621411,21,0.5,-0.5115662078844654,158,0.4936708860759494,1.0527839454796526,7,0.8333333333333334,2.025618260823091,172,0.4941860465116279,1.1078521019289227,17,0.6666666666666666,4.3489157320479155
research_papers\JEPA\results\_diagnostics\event_option_mh30trail_union_selector_combined_wf2026_v1\combined_trades.csv,False,False,missing,1,0,0,missing,161,0.5093167701863354,1.2145267788146015,17,0.6666666666666666,9.858149379757815,218,0.518348623853211,1.2655000874546343,19,0.6666666666666666,16.45008951318505,245,0.42448979591836733,0.9193832498104688,19,0.3333333333333333,-6.62064629590177
research_papers\JEPA\results\_diagnostics\event_option_mh30_clean1000_nopool_d25_return_wf2026_v1\event_option_gate_trades.csv,False,False,missing,1,0,0,missing,45,0.4444444444444444,0.6666666666666667,0,0.16666666666666666,-4.999999999999998,85,0.4823529411764706,0.7620650943825952,5,0.16666666666666666,-6.281481508299483,113,0.3805309734513274,0.4974921523695291,3,0.5,-20.991427822482247
research_papers\JEPA\results\_diagnostics\event_option_mh30_clean1000_nopool_d25_win_wf2026_v1\event_option_gate_trades.csv,False,False,missing,1,0,0,missing,106,0.41509433962264153,0.5927159353074872,10,0.0,-14.92987014842005,102,0.46078431372549017,0.7178415160815268,7,0.16666666666666666,-9.08708396202395,85,0.38823529411764707,0.508663339077556,7,0.16666666666666666,-15.244324018982928
research_papers\JEPA\results\_diagnostics\event_option_mh30_clean1000_nopool_d35_return_wf2026_v1\event_option_gate_trades.csv,False,False,missing,1,0,0,missing,44,0.5,0.8333333333333335,0,0.3333333333333333,-2.1999999999999993,20,0.55,1.0185185185185186,0,0.16666666666666666,0.10000000000000031,0,,,0,0.0,0.0
research_papers\JEPA\results\_diagnostics\event_option_mh30_clean1000_nopool_d35_win_wf2026_v1\event_option_gate_trades.csv,False,False,missing,1,0,0,missing,107,0.40186915887850466,0.5505123773096051,14,0.16666666666666666,-17.15357140628051,82,0.43902439024390244,0.647208349433316,5,0.16666666666666666,-9.600420310806005,142,0.43661971830985913,0.6410274910038402,9,0.16666666666666666,-17.11119112355272
research_papers\JEPA\results\_diagnostics\event_option_mh30_clean1000_nopool_d50_return_wf2026_v1\event_option_gate_trades.csv,False,False,missing,1,0,0,missing,113,0.46017699115044247,0.7123860673028592,0,0.16666666666666666,-10.195484766538385,104,0.4326923076923077,0.6480741295653005,7,0.16666666666666666,-12.019560498879734,144,0.4791666666666667,0.7733787235430167,3,0.5,-9.905432963269856
research_papers\JEPA\results\_diagnostics\event_option_mh30_clean1000_nopool_d50_win_wf2026_v1\event_option_gate_trades.csv,False,False,missing,1,0,0,missing,104,0.4519230769230769,0.7089939166945908,0,0.3333333333333333,-9.478516055072067,96,0.46875,0.749831072224707,9,0.16666666666666666,-7.384685658046807,157,0.45222929936305734,0.69074235508477,18,0.16666666666666666,-15.605257754851385
research_papers\JEPA\results\_diagnostics\event_option_mh30_clean1030_nopool_d50_return_wf2026_v1\event_option_gate_trades.csv,False,False,missing,1,0,0,missing,75,0.48,0.820499626638948,5,0.3333333333333333,-3.9378527614135024,96,0.4791666666666667,0.7781182140161883,9,0.3333333333333333,-6.218940393733659,91,0.5164835164835165,0.9039930442486271,4,0.3333333333333333,-2.435263305507094
research_papers\JEPA\results\_diagnostics\event_option_mh30_clean1030_nopool_d50_win_wf2026_v1\event_option_gate_trades.csv,False,False,missing,1,0,0,missing,112,0.5089285714285714,0.8609971074681276,12,0.3333333333333333,-4.435009933352003,65,0.4307692307692308,0.6455693517864369,0,0.3333333333333333,-7.686283528266664,100,0.43,0.6385703284248876,7,0.16666666666666666,-12.16896180884633
research_papers\JEPA\results\_diagnostics\event_option_qqq_mtdrescue_current_sources_rerun_2026janmay_risk5000\combined_trades.csv,False,False,exit_minutes: min=4.0 under30=17 missing=126,34,0,0,missing,0,,,0,0.0,0.0,174,0.5,1.5165940564361755,0,0.8333333333333334,12.008117651712862,0,,,0,0.0,0.0
research_papers\JEPA\results\_diagnostics\event_option_runtime_policy_replay_current_sources_candidate_2026janmay\combined_trades.csv,False,False,exit_minutes: min=4.0 under30=24 missing=373,36,0,0,missing,146,0.5136986301369864,1.6592134191903471,0,0.8333333333333334,9.783299862801794,174,0.5,1.5165940564361755,0,0.8333333333333334,12.008117651712862,177,0.4519774011299435,1.412274694601744,0,0.8333333333333334,9.23821309130425
research_papers\JEPA\results\_diagnostics\frozen_pre2025_static_202501_202604_202606_full_combined_v1\combined_trades.csv,False,False,missing,100,0,0,missing,100,0.53,1.8794326241134744,0,0.8333333333333334,12.399999999999999,115,0.5043478260869565,1.6959064327485378,0,0.8333333333333334,11.9,99,0.5252525252525253,1.843971631205673,0,0.8333333333333334,11.899999999999999
research_papers\JEPA\results\_diagnostics\frozen_pre2025_static_202606_full_eval_v1\combined_trades.csv,False,False,missing,100,0,0,missing,18,0.5,1.6666666666666667,0,0.16666666666666666,1.8,18,0.5,1.6666666666666667,0,0.16666666666666666,1.8,18,0.5,1.6666666666666667,0,0.16666666666666666,1.8
research_papers\JEPA\results\_diagnostics\frozen_pre2025_static_source_replay_202501_202606_excl202605_v1\combined_trades.csv,False,False,missing,3,0,0,missing,82,0.5365853658536586,1.929824561403508,0,0.6666666666666666,10.599999999999998,97,0.5051546391752577,1.7013888888888888,0,0.6666666666666666,10.100000000000001,81,0.5308641975308642,1.8859649122807012,0,0.6666666666666666,10.1
research_papers\JEPA\results\_diagnostics\frozen_pre2025_static_source_replay_target19_v1\combined_trades.csv,False,False,missing,3,0,0,missing,84,0.5238095238095238,1.8333333333333333,0,0.6666666666666666,9.999999999999998,99,0.5050505050505051,1.7006802721088434,0,0.6666666666666666,10.299999999999999,83,0.5180722891566265,1.7916666666666667,0,0.6666666666666666,9.499999999999998
research_papers\JEPA\results\_diagnostics\frozen_pre2025_static_source_replay_target20_v1\combined_trades.csv,False,False,missing,3,0,0,missing,85,0.5294117647058824,1.875,0,0.6666666666666666,10.499999999999998,100,0.5,1.6666666666666665,0,0.6666666666666666,10.0,85,0.49411764705882355,1.6279069767441858,0,0.6666666666666666,8.099999999999998
research_papers\JEPA\results\_diagnostics\frozen_pre2025_static_source_replay_target21_v1\combined_trades.csv,False,False,missing,3,0,0,missing,89,0.5056179775280899,1.7045454545454541,0,0.6666666666666666,9.299999999999999,103,0.4854368932038835,1.5723270440251569,0,0.5,9.1,89,0.4943820224719101,1.629629629629629,0,0.6666666666666666,8.5
research_papers\JEPA\results\_diagnostics\frozen_pre2025_static_source_replay_target22_v1\combined_trades.csv,False,False,missing,3,0,0,missing,90,0.4888888888888889,1.5942028985507242,0,0.6666666666666666,8.2,104,0.4807692307692308,1.5432098765432096,0,0.5,8.8,90,0.4888888888888889,1.5942028985507242,0,0.6666666666666666,8.2
research_papers\JEPA\results\_diagnostics\frozen_pre2025_static_source_replay_target23_v1\combined_trades.csv,False,False,missing,3,0,0,missing,94,0.5,1.666666666666666,0,0.6666666666666666,9.399999999999997,108,0.48148148148148145,1.5476190476190474,0,0.5,9.2,94,0.48936170212765956,1.597222222222222,0,0.6666666666666666,8.599999999999996
research_papers\JEPA\results\_diagnostics\frozen_pre2025_static_source_replay_target24_v1\combined_trades.csv,False,False,missing,3,0,0,missing,98,0.4897959183673469,1.5999999999999999,0,0.6666666666666666,9.0,111,0.4594594594594595,1.4166666666666663,0,0.5,7.5,98,0.46938775510204084,1.474358974358974,0,0.5,7.4
research_papers\JEPA\results\_diagnostics\frozen_source_selector_dense15_pre2025_static_202301_202604_source_replay_v1\combined_trades.csv,False,False,missing,3,0,0,missing,82,0.5365853658536586,1.929824561403508,0,0.6666666666666666,10.599999999999998,97,0.5051546391752577,1.7013888888888888,0,0.6666666666666666,10.100000000000001,81,0.5308641975308642,1.8859649122807012,0,0.6666666666666666,10.1
research_papers\JEPA\results\_diagnostics\static_union_scorecap5_v2_qqq_extract\combined_trades.csv,False,False,exit_minutes: min=nan under30=0 missing=575,36,0,0,missing,0,,,0,0.0,0.0,575,0.4765217391304348,1.3684058049121677,0,0.8333333333333334,23.843315198777166,0,,,0,0.0,0.0
research_papers\JEPA\results\_diagnostics\visreg_gate_control_physics_202601_202606_v1\event_option_gate_trades.csv,False,False,missing,1,0,0,missing,123,0.2926829268292683,0.689655172413793,19,0.16666666666666666,-8.1,119,0.3697478991596639,0.9608230440755785,18,0.5,-0.8814815082994834,120,0.31666666666666665,0.7723577235772359,18,0.16666666666666666,-5.6
research_papers\JEPA\results\_diagnostics\visreg_gate_event_phys_td_baseline_202601_202606_v1\event_option_gate_trades.csv,False,False,missing,1,0,0,missing,123,0.3008130081300813,0.7170542635658914,19,0.16666666666666666,-7.299999999999999,119,0.37815126050420167,0.9963296617883116,18,0.5,-0.08148150829948331,120,0.325,0.8024691358024693,18,0.16666666666666666,-4.799999999999999
research_papers\JEPA\results\_diagnostics\visreg_gate_event_phys_td_visreg_202601_202606_v1\event_option_gate_trades.csv,False,False,missing,1,0,0,missing,123,0.3008130081300813,0.7170542635658914,19,0.16666666666666666,-7.299999999999999,119,0.3697478991596639,0.9608230440755785,18,0.5,-0.8814815082994834,120,0.3333333333333333,0.8333333333333335,18,0.3333333333333333,-4.0
research_papers\JEPA\results\_diagnostics\visreg_gate_xinput_baseline_202601_202606_v1\event_option_gate_trades.csv,False,False,missing,1,0,0,missing,123,0.2926829268292683,0.689655172413793,19,0.16666666666666666,-8.1,119,0.36134453781512604,0.9262508110394964,18,0.5,-1.6814815082994834,120,0.31666666666666665,0.7723577235772359,18,0.16666666666666666,-5.6
research_papers\JEPA\results\_diagnostics\visreg_gate_xinput_visreg_202601_202606_v1\event_option_gate_trades.csv,False,False,missing,1,0,0,missing,123,0.2926829268292683,0.689655172413793,19,0.16666666666666666,-8.1,119,0.36134453781512604,0.9262508110394964,18,0.3333333333333333,-1.6814815082994836,120,0.31666666666666665,0.7723577235772359,18,0.16666666666666666,-5.6
research_papers\JEPA\results\_diagnostics\outer_stream_selector_dense15_param_scan_2025_202604\s6_m19_vw2p0\combined\combined_trades.csv,False,False,missing,2,0,0,missing,82,0.5365853658536586,1.929824561403508,0,0.6666666666666666,10.599999999999998,159,0.4528301886792453,1.379310344827586,0,0.5,9.899999999999997,187,0.41711229946524064,1.2029052806821647,0,0.5,6.578494644330435
research_papers\JEPA\results\_diagnostics\outer_stream_selector_dense15_param_scan_2025_202604\s6_m19_vw1p0\combined\combined_trades.csv,False,False,missing,2,0,0,missing,82,0.5365853658536586,1.929824561403508,0,0.6666666666666666,10.599999999999998,159,0.4528301886792453,1.379310344827586,0,0.5,9.899999999999997,187,0.41711229946524064,1.2029052806821647,0,0.5,6.578494644330435
research_papers\JEPA\results\_diagnostics\outer_stream_selector_dense15_param_scan_2025_202604\s6_m19_vw0p5\combined\combined_trades.csv,False,False,missing,2,0,0,missing,82,0.5365853658536586,1.929824561403508,0,0.6666666666666666,10.599999999999998,159,0.4528301886792453,1.379310344827586,0,0.5,9.899999999999997,187,0.41711229946524064,1.2029052806821647,0,0.5,6.578494644330435
research_papers\JEPA\results\_diagnostics\outer_stream_selector_dense15_param_scan_2025_202604\s6_m19_vw0p1\combined\combined_trades.csv,False,False,missing,2,0,0,missing,82,0.5365853658536586,1.929824561403508,0,0.6666666666666666,10.599999999999998,89,0.5280898876404494,1.865079365079365,0,0.6666666666666666,10.899999999999999,78,0.48717948717948717,1.5833333333333333,0,0.6666666666666666,6.999999999999999
research_papers\JEPA\results\_diagnostics\outer_stream_selector_dense15_param_scan_2025_202604\s6_m18_vw2p0\combined\combined_trades.csv,False,False,missing,2,0,0,missing,82,0.5365853658536586,1.929824561403508,0,0.6666666666666666,10.599999999999998,159,0.4528301886792453,1.379310344827586,0,0.5,9.899999999999997,187,0.41711229946524064,1.2029052806821647,0,0.5,6.578494644330435
research_papers\JEPA\results\_diagnostics\outer_stream_selector_dense15_param_scan_2025_202604\s6_m18_vw1p0\combined\combined_trades.csv,False,False,missing,2,0,0,missing,82,0.5365853658536586,1.929824561403508,0,0.6666666666666666,10.599999999999998,159,0.4528301886792453,1.379310344827586,0,0.5,9.899999999999997,187,0.41711229946524064,1.2029052806821647,0,0.5,6.578494644330435
research_papers\JEPA\results\_diagnostics\outer_stream_selector_dense15_param_scan_2025_202604\s6_m18_vw0p5\combined\combined_trades.csv,False,False,missing,2,0,0,missing,82,0.5365853658536586,1.929824561403508,0,0.6666666666666666,10.599999999999998,159,0.4528301886792453,1.379310344827586,0,0.5,9.899999999999997,187,0.41711229946524064,1.2029052806821647,0,0.5,6.578494644330435
research_papers\JEPA\results\_diagnostics\outer_stream_selector_dense15_param_scan_2025_202604\s6_m18_vw0p1\combined\combined_trades.csv,False,False,missing,2,0,0,missing,82,0.5365853658536586,1.929824561403508,0,0.6666666666666666,10.599999999999998,89,0.5280898876404494,1.865079365079365,0,0.6666666666666666,10.899999999999999,78,0.48717948717948717,1.5833333333333333,0,0.6666666666666666,6.999999999999999
research_papers\JEPA\results\_diagnostics\outer_stream_selector_dense15_param_scan_2025_202604\s12_m19_vw2p0\combined\combined_trades.csv,False,False,missing,2,0,0,missing,82,0.5365853658536586,1.929824561403508,0,0.6666666666666666,10.599999999999998,159,0.44654088050314467,1.34469696969697,0,0.5,9.1,83,0.4939759036144578,1.6269841269841268,0,0.6666666666666666,7.8999999999999995
research_papers\JEPA\results\_diagnostics\outer_stream_selector_dense15_param_scan_2025_202604\s12_m19_vw1p0\combined\combined_trades.csv,False,False,missing,2,0,0,missing,82,0.5365853658536586,1.929824561403508,0,0.6666666666666666,10.599999999999998,159,0.44654088050314467,1.34469696969697,0,0.5,9.1,83,0.4939759036144578,1.6269841269841268,0,0.6666666666666666,7.8999999999999995
research_papers\JEPA\results\_diagnostics\outer_stream_selector_dense15_param_scan_2025_202604\s12_m19_vw0p5\combined\combined_trades.csv,False,False,missing,2,0,0,missing,82,0.5365853658536586,1.929824561403508,0,0.6666666666666666,10.599999999999998,127,0.44881889763779526,1.357142857142857,0,0.5,7.499999999999999,83,0.4939759036144578,1.6269841269841268,0,0.6666666666666666,7.8999999999999995
research_papers\JEPA\results\_diagnostics\outer_stream_selector_dense15_param_scan_2025_202604\s12_m19_vw0p1\combined\combined_trades.csv,False,False,missing,2,0,0,missing,82,0.5365853658536586,1.929824561403508,0,0.6666666666666666,10.599999999999998,89,0.5280898876404494,1.865079365079365,0,0.6666666666666666,10.899999999999999,81,0.5061728395061729,1.7083333333333333,0,0.6666666666666666,8.499999999999998
research_papers\JEPA\results\_diagnostics\outer_stream_selector_dense15_param_scan_2025_202604\s12_m18_vw2p0\combined\combined_trades.csv,False,False,missing,2,0,0,missing,82,0.5365853658536586,1.929824561403508,0,0.6666666666666666,10.599999999999998,159,0.44654088050314467,1.34469696969697,0,0.5,9.1,83,0.4939759036144578,1.6269841269841268,0,0.6666666666666666,7.8999999999999995
research_papers\JEPA\results\_diagnostics\outer_stream_selector_dense15_param_scan_2025_202604\s12_m18_vw1p0\combined\combined_trades.csv,False,False,missing,2,0,0,missing,82,0.5365853658536586,1.929824561403508,0,0.6666666666666666,10.599999999999998,159,0.44654088050314467,1.34469696969697,0,0.5,9.1,83,0.4939759036144578,1.6269841269841268,0,0.6666666666666666,7.8999999999999995
research_papers\JEPA\results\_diagnostics\outer_stream_selector_dense15_param_scan_2025_202604\s12_m18_vw0p5\combined\combined_trades.csv,False,False,missing,2,0,0,missing,82,0.5365853658536586,1.929824561403508,0,0.6666666666666666,10.599999999999998,127,0.44881889763779526,1.357142857142857,0,0.5,7.499999999999999,83,0.4939759036144578,1.6269841269841268,0,0.6666666666666666,7.8999999999999995
research_papers\JEPA\results\_diagnostics\outer_stream_selector_dense15_param_scan_2025_202604\s12_m18_vw0p1\combined\combined_trades.csv,False,False,missing,2,0,0,missing,82,0.5365853658536586,1.929824561403508,0,0.6666666666666666,10.599999999999998,89,0.5280898876404494,1.865079365079365,0,0.6666666666666666,10.899999999999999,81,0.5061728395061729,1.7083333333333333,0,0.6666666666666666,8.499999999999998
research_papers\JEPA\results\_diagnostics\outer_stream_selector_dense15_2025_202604_s6_v1\combined\combined_trades.csv,False,False,missing,2,0,0,missing,78,0.5512820512820513,2.0476190476190474,0,0.6666666666666666,10.999999999999996,89,0.5280898876404494,1.865079365079365,0,0.6666666666666666,10.899999999999999,78,0.48717948717948717,1.5833333333333333,0,0.6666666666666666,6.999999999999999
research_papers\JEPA\results\_diagnostics\frozen_source_selector_dense15_pre2025_static_202501_202604_v1\combined\combined_trades.csv,False,False,missing,2,0,0,missing,82,0.5365853658536586,1.929824561403508,0,0.6666666666666666,10.599999999999998,97,0.5051546391752577,1.7013888888888888,0,0.6666666666666666,10.100000000000001,81,0.5308641975308642,1.8859649122807012,0,0.6666666666666666,10.1
research_papers\JEPA\results\event_trade_union_window_meta_rule_scan_full20_2025val_2026test_s3s6s12_v1\selected_by_validation_test_period\combined_trades.csv,False,False,missing,1,0,0,missing,327,0.5198776758409785,1.3663541761264884,30,0.6666666666666666,10.366828073725921,384,0.5364583333333334,1.3731657923438216,49,0.6666666666666666,13.245684954810539,313,0.5143769968051118,1.3355853919862017,19,0.6666666666666666,9.57756970348078
research_papers\JEPA\results\event_option_variant_streams_full20_2025_2026_v1\d50ret\event_option_gate_trades.csv,False,False,missing,1,0,0,missing,261,0.42528735632183906,1.0189179791994576,21,0.6666666666666666,0.6912224531976561,183,0.36065573770491804,0.6489019194632218,17,0.5,-10.1119270660647,187,0.44385026737967914,1.1223851723758762,0,0.5,3.1275956301022325
research_papers\JEPA\results\event_option_variant_streams_full20_2025_2026_v1\d65ret\event_option_gate_trades.csv,False,False,missing,1,0,0,missing,332,0.42168674698795183,1.06144250550591,0,0.5,2.755536566085576,306,0.4477124183006536,1.1515945575218074,19,1.0,6.091898141432429,284,0.40492957746478875,0.9622063413913331,0,0.5,-1.6215203255823636
research_papers\JEPA\results\event_option_variant_streams_full20_2025_2026_v1\d65win\event_option_gate_trades.csv,False,False,missing,1,0,0,missing,280,0.475,0.9624120017654189,15,0.6666666666666666,-0.9482278107079947,313,0.5111821086261981,1.2248007303163337,26,0.8333333333333334,5.989547578516942,216,0.5138888888888888,1.170923599964058,20,0.6666666666666666,3.430480518323611
research_papers\JEPA\results\event_option_variant_streams_full20_2025_2026_v1\d80\event_option_gate_trades.csv,False,False,missing,1,0,0,missing,244,0.5163934426229508,1.411819486150298,19,0.8333333333333334,10.201752928513205,378,0.5317460317460317,1.472286751747267,34,0.6666666666666666,17.280872127176693,280,0.475,1.2569229365561942,19,0.6666666666666666,6.974737685086005
research_papers\JEPA\results\event_option_variant_streams_full20_2025_2026_v1\d80_front\event_option_gate_trades.csv,False,False,missing,1,0,0,missing,359,0.4763231197771588,0.8974506792338175,19,0.5,-2.8909937294934354,279,0.4838709677419355,0.9905948642353817,15,0.6666666666666666,-0.1859615130053908,242,0.4834710743801653,1.0987862498319563,16,0.6666666666666666,1.824763668176901
research_papers\JEPA\results\event_option_variant_streams_full20_2025_2026_v1\d80_zero\event_option_gate_trades.csv,False,False,missing,1,0,0,missing,157,0.47770700636942676,1.466059101822108,0,0.8333333333333334,11.0281014789861,267,0.45692883895131087,1.2222801115103357,0,0.6666666666666666,9.085366750352723,278,0.4712230215827338,1.3419101192609355,16,0.8333333333333334,14.341812371543297
research_papers\JEPA\results\event_option_variant_streams_full20_2024_2026_v1\d50ret\event_option_gate_trades.csv,False,False,missing,1,0,0,missing,261,0.42528735632183906,1.0189179791994576,21,0.6666666666666666,0.6912224531976561,183,0.36065573770491804,0.6489019194632218,17,0.5,-10.1119270660647,187,0.44385026737967914,1.1223851723758762,0,0.5,3.1275956301022325
research_papers\JEPA\results\event_option_variant_streams_full20_2024_2026_v1\d65ret\event_option_gate_trades.csv,False,False,missing,1,0,0,missing,332,0.42168674698795183,1.06144250550591,0,0.5,2.755536566085576,306,0.4477124183006536,1.1515945575218074,19,1.0,6.091898141432429,284,0.40492957746478875,0.9622063413913331,0,0.5,-1.6215203255823636
research_papers\JEPA\results\event_option_variant_streams_full20_2024_2026_v1\d65win\event_option_gate_trades.csv,False,False,missing,1,0,0,missing,280,0.475,0.9624120017654189,15,0.6666666666666666,-0.9482278107079947,313,0.5111821086261981,1.2248007303163337,26,0.8333333333333334,5.989547578516942,216,0.5138888888888888,1.170923599964058,20,0.6666666666666666,3.430480518323611
research_papers\JEPA\results\event_option_variant_streams_full20_2024_2026_v1\d80\event_option_gate_trades.csv,False,False,missing,1,0,0,missing,244,0.5163934426229508,1.411819486150298,19,0.8333333333333334,10.201752928513205,378,0.5317460317460317,1.472286751747267,34,0.6666666666666666,17.280872127176693,280,0.475,1.2569229365561942,19,0.6666666666666666,6.974737685086005
research_papers\JEPA\results\event_option_variant_streams_full20_2024_2026_v1\d80_front\event_option_gate_trades.csv,False,False,missing,1,0,0,missing,359,0.4763231197771588,0.8974506792338175,19,0.5,-2.8909937294934354,279,0.4838709677419355,0.9905948642353817,15,0.6666666666666666,-0.1859615130053908,242,0.4834710743801653,1.0987862498319563,16,0.6666666666666666,1.824763668176901
research_papers\JEPA\results\event_option_variant_streams_full20_2024_2026_v1\d80_zero\event_option_gate_trades.csv,False,False,missing,1,0,0,missing,157,0.47770700636942676,1.466059101822108,0,0.8333333333333334,11.0281014789861,267,0.45692883895131087,1.2222801115103357,0,0.6666666666666666,9.085366750352723,278,0.4712230215827338,1.3419101192609355,16,0.8333333333333334,14.341812371543297
research_papers\JEPA\results\event_option_variant_streams_full20_2022_2026_v1\d50ret\event_option_gate_trades.csv,False,False,missing,1,0,0,missing,261,0.42528735632183906,1.0189179791994576,21,0.6666666666666666,0.6912224531976561,183,0.36065573770491804,0.6489019194632218,17,0.5,-10.1119270660647,187,0.44385026737967914,1.1223851723758762,0,0.5,3.1275956301022325
research_papers\JEPA\results\event_option_variant_streams_full20_2022_2026_v1\d65ret\event_option_gate_trades.csv,False,False,missing,1,0,0,missing,332,0.42168674698795183,1.06144250550591,0,0.5,2.755536566085576,306,0.4477124183006536,1.1515945575218074,19,1.0,6.091898141432429,284,0.40492957746478875,0.9622063413913331,0,0.5,-1.6215203255823636
research_papers\JEPA\results\event_option_variant_streams_full20_2022_2026_v1\d65win\event_option_gate_trades.csv,False,False,missing,1,0,0,missing,280,0.475,0.9624120017654189,15,0.6666666666666666,-0.9482278107079947,313,0.5111821086261981,1.2248007303163337,26,0.8333333333333334,5.989547578516942,216,0.5138888888888888,1.170923599964058,20,0.6666666666666666,3.430480518323611
research_papers\JEPA\results\event_option_variant_streams_full20_2022_2026_v1\d80\event_option_gate_trades.csv,False,False,missing,1,0,0,missing,244,0.5163934426229508,1.411819486150298,19,0.8333333333333334,10.201752928513205,378,0.5317460317460317,1.472286751747267,34,0.6666666666666666,17.280872127176693,280,0.475,1.2569229365561942,19,0.6666666666666666,6.974737685086005
research_papers\JEPA\results\event_option_variant_streams_full20_2022_2026_v1\d80_front\event_option_gate_trades.csv,False,False,missing,1,0,0,missing,359,0.4763231197771588,0.8974506792338175,19,0.5,-2.8909937294934354,279,0.4838709677419355,0.9905948642353817,15,0.6666666666666666,-0.1859615130053908,242,0.4834710743801653,1.0987862498319563,16,0.6666666666666666,1.824763668176901
research_papers\JEPA\results\event_option_variant_streams_full20_2022_2026_v1\d80_zero\event_option_gate_trades.csv,False,False,missing,1,0,0,missing,157,0.47770700636942676,1.466059101822108,0,0.8333333333333334,11.0281014789861,267,0.45692883895131087,1.2222801115103357,0,0.6666666666666666,9.085366750352723,278,0.4712230215827338,1.3419101192609355,16,0.8333333333333334,14.341812371543297
research_papers\JEPA\results\event_option_consensus_streams_full20_2022_2026_v1\cons_v1_md2_ms1_c45\event_option_gate_trades.csv,False,False,missing,1,0,0,missing,175,0.5142857142857142,1.5125491200419325,22,1.0,8.491182164019257,175,0.5142857142857142,1.3792619903515273,24,0.8333333333333334,6.497861325272764,183,0.5409836065573771,1.5465489881599386,25,0.6666666666666666,9.982129096815436
research_papers\JEPA\results\event_option_consensus_streams_full20_2022_2026_v1\cons_v1_md2_ms2_c30\event_option_gate_trades.csv,False,False,missing,1,0,0,missing,227,0.5330396475770925,1.52791982283636,30,0.8333333333333334,11.003088264563967,212,0.5188679245283019,1.3831988501854167,26,0.6666666666666666,8.022404392856581,218,0.536697247706422,1.580933296159595,28,0.8333333333333334,13.10865528778957
research_papers\JEPA\results\event_option_consensus_streams_full20_2022_2026_v1\cons_v1_md3_all_c30\event_option_gate_trades.csv,False,False,missing,1,0,0,missing,306,0.5,1.3606898351112644,38,0.6666666666666666,10.45168815576345,284,0.5176056338028169,1.2743491553450552,36,0.6666666666666666,7.606562465093495,302,0.4966887417218543,1.3898905234004888,41,0.6666666666666666,12.881140255155259
research_papers\JEPA\results\event_option_consensus_streams_full20_2022_2026_v1\cons_v1_md3_ms2_c30\event_option_gate_trades.csv,False,False,missing,1,0,0,missing,275,0.5163636363636364,1.5492152361075509,36,0.8333333333333334,13.627460644415144,256,0.52734375,1.334670445355065,34,0.8333333333333334,8.376144840486617,278,0.5323741007194245,1.568392687715463,38,0.8333333333333334,16.195198056236155
research_papers\JEPA\results\event_option_gate_qqq_alltrain_delta65_wincls_min18_2025h2_2026\event_option_gate_trades.csv,False,False,missing,1,16,160,missing,0,,,0,0.0,0.0,306,0.4150326797385621,0.9075361971119675,0,0.3333333333333333,-3.796886056083747,0,,,0,0.0,0.0
research_papers\JEPA\results\event_option_gate_qqq_alltrain_zero_dte_delta80_wincls_physics_2025h2_2026jun\event_option_gate_trades.csv,False,False,missing,1,23,292,missing,0,,,0,0.0,0.0,219,0.410958904109589,1.1014438192355698,18,0.6666666666666666,3.8007779713485705,0,,,0,0.0,0.0
research_papers\JEPA\results\event_option_gate_qqq_alltrain_zero_dte_delta80_wincls_physics_ptdj_v1_2025h2_2026jun\event_option_gate_trades.csv,False,False,missing,1,39,411,missing,0,,,0,0.0,0.0,243,0.4567901234567901,1.3161759977629426,18,0.8333333333333334,11.831076359860894,0,,,0,0.0,0.0
research_papers\JEPA\results\event_option_gate_qqq_zero_dte_delta80_win_tdvp_v1_2025h2_2026jun\event_option_gate_trades.csv,False,False,missing,1,39,447,missing,0,,,0,0.0,0.0,200,0.4,0.9810036284897029,18,0.5,-0.6676048709111932,0,,,0,0.0,0.0
