tree
version=v4
num_class=1
num_tree_per_iteration=1
label_index=0
max_feature_idx=288
objective=regression_l1
feature_names=dte_days minute spot underlying_volume dist_ib_high_bps dist_ib_low_bps dist_fib_127_up_bps dist_fib_161_up_bps dist_fib_200_up_bps dist_fib_127_dn_bps dist_fib_161_dn_bps dist_fib_200_dn_bps nearest_level_abs_bps ib_range_bps ret_1m_bps ret_5m_bps ret_15m_bps ret_30m_bps call_d15_available call_d15_strike call_d15_strike_bps call_d15_abs_delta call_d15_iv call_d15_mid_bps call_d15_spread_pct call_d15_theta_over_mid call_d15_vega call_d15_oi call_d15_volume put_d15_available put_d15_strike put_d15_strike_bps put_d15_abs_delta put_d15_iv put_d15_mid_bps put_d15_spread_pct put_d15_theta_over_mid put_d15_vega put_d15_oi put_d15_volume call_d25_available call_d25_strike call_d25_strike_bps call_d25_abs_delta call_d25_iv call_d25_mid_bps call_d25_spread_pct call_d25_theta_over_mid call_d25_vega call_d25_oi call_d25_volume put_d25_available put_d25_strike put_d25_strike_bps put_d25_abs_delta put_d25_iv put_d25_mid_bps put_d25_spread_pct put_d25_theta_over_mid put_d25_vega put_d25_oi put_d25_volume call_d35_available call_d35_strike call_d35_strike_bps call_d35_abs_delta call_d35_iv call_d35_mid_bps call_d35_spread_pct call_d35_theta_over_mid call_d35_vega call_d35_oi call_d35_volume put_d35_available put_d35_strike put_d35_strike_bps put_d35_abs_delta put_d35_iv put_d35_mid_bps put_d35_spread_pct put_d35_theta_over_mid put_d35_vega put_d35_oi put_d35_volume call_d50_available call_d50_strike call_d50_strike_bps call_d50_abs_delta call_d50_iv call_d50_mid_bps call_d50_spread_pct call_d50_theta_over_mid call_d50_vega call_d50_oi call_d50_volume put_d50_available put_d50_strike put_d50_strike_bps put_d50_abs_delta put_d50_iv put_d50_mid_bps put_d50_spread_pct put_d50_theta_over_mid put_d50_vega put_d50_oi put_d50_volume call_d65_available call_d65_strike call_d65_strike_bps call_d65_abs_delta call_d65_iv call_d65_mid_bps call_d65_spread_pct call_d65_theta_over_mid call_d65_vega call_d65_oi call_d65_volume put_d65_available put_d65_strike put_d65_strike_bps put_d65_abs_delta put_d65_iv put_d65_mid_bps put_d65_spread_pct put_d65_theta_over_mid put_d65_vega put_d65_oi put_d65_volume call_d80_available call_d80_strike call_d80_strike_bps call_d80_abs_delta call_d80_iv call_d80_mid_bps call_d80_spread_pct call_d80_theta_over_mid call_d80_vega call_d80_oi call_d80_volume put_d80_available put_d80_strike put_d80_strike_bps put_d80_abs_delta put_d80_iv put_d80_mid_bps put_d80_spread_pct put_d80_theta_over_mid put_d80_vega put_d80_oi put_d80_volume phys_d15_iv_skew_put_minus_call phys_d15_iv_mean phys_d15_volume_skew_call_minus_put phys_d15_oi_skew_call_minus_put phys_d15_mid_skew_call_minus_put phys_d15_spread_mean phys_d15_theta_skew_call_minus_put phys_d15_vega_skew_call_minus_put phys_d15_abs_delta_gap phys_d15_liquidity_score phys_d25_iv_skew_put_minus_call phys_d25_iv_mean phys_d25_volume_skew_call_minus_put phys_d25_oi_skew_call_minus_put phys_d25_mid_skew_call_minus_put phys_d25_spread_mean phys_d25_theta_skew_call_minus_put phys_d25_vega_skew_call_minus_put phys_d25_abs_delta_gap phys_d25_liquidity_score phys_d35_iv_skew_put_minus_call phys_d35_iv_mean phys_d35_volume_skew_call_minus_put phys_d35_oi_skew_call_minus_put phys_d35_mid_skew_call_minus_put phys_d35_spread_mean phys_d35_theta_skew_call_minus_put phys_d35_vega_skew_call_minus_put phys_d35_abs_delta_gap phys_d35_liquidity_score phys_d50_iv_skew_put_minus_call phys_d50_iv_mean phys_d50_volume_skew_call_minus_put phys_d50_oi_skew_call_minus_put phys_d50_mid_skew_call_minus_put phys_d50_spread_mean phys_d50_theta_skew_call_minus_put phys_d50_vega_skew_call_minus_put phys_d50_abs_delta_gap phys_d50_liquidity_score phys_d65_iv_skew_put_minus_call phys_d65_iv_mean phys_d65_volume_skew_call_minus_put phys_d65_oi_skew_call_minus_put phys_d65_mid_skew_call_minus_put phys_d65_spread_mean phys_d65_theta_skew_call_minus_put phys_d65_vega_skew_call_minus_put phys_d65_abs_delta_gap phys_d65_liquidity_score phys_d80_iv_skew_put_minus_call phys_d80_iv_mean phys_d80_volume_skew_call_minus_put phys_d80_oi_skew_call_minus_put phys_d80_mid_skew_call_minus_put phys_d80_spread_mean phys_d80_theta_skew_call_minus_put phys_d80_vega_skew_call_minus_put phys_d80_abs_delta_gap phys_d80_liquidity_score phys_total_volume_skew_call_minus_put phys_total_oi_skew_call_minus_put phys_total_option_volume_log phys_total_option_oi_log phys_call_iv_slope_low_to_high phys_put_iv_slope_low_to_high phys_call_mid_slope_low_to_high phys_put_mid_slope_low_to_high phys_fib_up_min_abs_bps phys_fib_up_mean_signed_bps phys_fib_dn_min_abs_bps phys_fib_dn_mean_signed_bps phys_fib_any_min_abs_bps phys_ib_edge_min_abs_bps phys_ib_balance phys_nearest_level_vs_ib_range phys_momentum_accel_ret_1m_bps_minus_ret_5m_bps phys_abs_ret_1m_bps phys_momentum_accel_ret_5m_bps_minus_ret_15m_bps phys_abs_ret_5m_bps phys_momentum_accel_ret_15m_bps_minus_ret_30m_bps phys_abs_ret_15m_bps phys_abs_ret_30m_bps ctx_spx_spot ctx_spx_ret_1m_bps ctx_spx_ret_1m_bps_minus_self ctx_spx_ret_5m_bps ctx_spx_ret_5m_bps_minus_self ctx_spx_ret_15m_bps ctx_spx_ret_15m_bps_minus_self ctx_spx_ret_30m_bps ctx_spx_ret_30m_bps_minus_self ctx_spx_ib_range_bps ctx_spx_nearest_level_abs_bps ctx_spx_phys_d35_iv_skew_put_minus_call ctx_spx_phys_total_volume_skew_call_minus_put ctx_spx_phys_total_oi_skew_call_minus_put ctx_spy_spot ctx_spy_ret_1m_bps ctx_spy_ret_1m_bps_minus_self ctx_spy_ret_5m_bps ctx_spy_ret_5m_bps_minus_self ctx_spy_ret_15m_bps ctx_spy_ret_15m_bps_minus_self ctx_spy_ret_30m_bps ctx_spy_ret_30m_bps_minus_self ctx_spy_ib_range_bps ctx_spy_nearest_level_abs_bps ctx_spy_phys_d35_iv_skew_put_minus_call ctx_spy_phys_total_volume_skew_call_minus_put ctx_spy_phys_total_oi_skew_call_minus_put ctx_qqq_spot ctx_qqq_ret_1m_bps ctx_qqq_ret_1m_bps_minus_self ctx_qqq_ret_5m_bps ctx_qqq_ret_5m_bps_minus_self ctx_qqq_ret_15m_bps ctx_qqq_ret_15m_bps_minus_self ctx_qqq_ret_30m_bps ctx_qqq_ret_30m_bps_minus_self ctx_qqq_ib_range_bps ctx_qqq_nearest_level_abs_bps ctx_qqq_phys_d35_iv_skew_put_minus_call ctx_qqq_phys_total_volume_skew_call_minus_put ctx_qqq_phys_total_oi_skew_call_minus_put ctx_spy_qqq_ret_5m_spread ctx_spx_spy_ret_5m_spread ticker_QQQ ticker_SPXW ticker_SPY expiry_mode_zero_dte nearest_level_name_fib_127_dn nearest_level_name_fib_127_up nearest_level_name_fib_161_dn nearest_level_name_fib_161_up nearest_level_name_fib_200_dn nearest_level_name_fib_200_up nearest_level_name_ib_high nearest_level_name_ib_low
feature_infos=none [630:870] [493.239990234375:648.6400146484375] none [-317.50437597272537:182.1372184131454] [-150.22037366833914:378.50962571332167] [-368.37109374555547:128.72392362749778] [-433.07655091246363:60.779070701636918] [-504.51436778460049:19.401439403366101] [-113.03181132478407:431.92292049896929] [-65.725772461289992:499.86777342483009] [-19.521246019885165:574.8820330134979] [0:19.989215541609827] [11.439976778911902:204.15978035064896] [-4.2088780357041333:4.2088377651872122] [-90.079839600845091:210.66438107900433] [-124.21748425187617:157.06999331462691] [-121.76594169389764:223.89657086275605] none [507:650] [8.6332940295807958:299.15638104989205] [0.037500001490116119:0.23360000550746918] [0.036100000143051147:1.4693000316619873] [0.2398618398375974:22.301517428040782] [0:1.7956204300169631] [-30.235555486936629:-5.4382223192968482] [0.69019997119903564:4.4658999443054199] [3:142490] [0:26858] none [477:647] [-340.85453672587641:-13.443870740743602] [0.039299998432397842:0.21160000562667847] [0.069300003349781036:1.7783000469207764] [0.55958811096033823:26.559079318805992] [0:1.5398230237868951] [-28.532307193515564:-5.5731915554421798] [1.1000000238418579:4.2849001884460449] [13:88164] [0:39822] none [503:649] [2.56022562024949:197.87547560746742] [0.037500001490116119:0.45329999923706055] [0.036100000143051147:1.4473999738693237] [0.2398618398375974:40.907864130338361] [0:1.7735849104346904] [-27.173332980672509:-3.6494117880527539] [0.71950000524520874:5.8568000793457031] [0:142490] [0:11337] none [483:648] [-207.60665065923001:-0.7997407238624632] [0.039299998432397842:0.40529999136924744] [0.022900000214576721:1.5184999704360962] [0.55997308252632516:46.934554858602219] [0:0.8756757314053647] [-25.722858458949016:-3.7397699589577491] [1.190000057220459:5.6964001655578613] [13:88164] [0:9360] none [499:649] [-1.4379218899385204:116.77905035412772] [0.057500001043081284:0.54600000381469727] [0.036100000143051147:1.4378000497817993] [0.2398618398375974:63.153841359387243] [0:0.66666666666666663] [-20.775294085369804:-2.5828800201416016] [1.2764999866485596:6.3249998092651367] [0:142490] [0:13131] none [488:648] [-136.23593604126793:0.6386674218861188] [0.039299998432397842:0.53329998254776001] [0.01510000042617321:1.4980000257492065] [0.56005375045535832:74.000489977161934] [0:1.7300177651485098] [-25.722858458949016:-2.6954330263428128] [1.190000057220459:6.2744002342224121] [3:88164] [0:17976] none [493:649] [-41.062686422694838:68.275918554367991] [0.10029999911785126:0.79339998960494995] [0.046300001442432404:1.4529000520706177] [2.5170689233777157:118.40078396345909] [0:0.50336476640001326] [-12.461694544886969:-0.82113143936946098] [2.4642000198364258:6.4572000503540039] [0:56773] [0:18830] none [493:653] [-50.534813079420317:272.78777315000281] [0.20190000534057617:0.90079998970031738] [0.0073000001721084118:1.5915999412536621] [1.1998848038249539:282.54097856164771] [0:1.9031141842107111] [-13.22816357205531:-0.36631962513163469] [1.4263999462127686:6.4572000503540039] [1:88164] [0:19527] none [488:648] [-1583.5505993334586:0.6386674218861188] [0.48660001158714294:0.98309999704360962] [0.046300001442432404:3.7604000568389893] [5.3517796118820513:1588.8997933968612] [0:1.1282051282051282] [-7.6583905732034783:-0.062280196954708288] [0.58649998903274536:6.2751998901367188] [0:57112] [0:18127] none [499:653] [-0.6585732207231576:272.78777315000281] [0.48339998722076416:1] [0:1.7836999893188477] [1.2000192071366853:282.54097856164771] [0:1.0581039933726926] [-8.1340742460472377:0] [0:6.3260998725891113] [1:68247] [0:12953] none [480:647] [-1583.5505993334586:-5.4374714693794512] [0.69700002670288086:0.98309999704360962] [0.050700001418590546:3.7604000568389893] [7.2759257371927912:1588.8997933968612] [0:0.65486726784017135] [-3.4362617169780934:-0.062280196954708288] [0.58649998903274536:5.0338001251220703] [0:57112] [0:4287] none [505:653] [1.1202426678069699:272.78777315000281] [0.6906999945640564:1] [0:1.4630999565124512] [1.2001344171978725:282.54097856164771] [0:1.2114537546725315] [-3.6894897307281158:0] [0:5.282599925994873] [0:68247] [0:5678] [-0.10449999570846558:0.80020004510879517] [0.059999998658895493:1.5216000080108643] [-0.99999999998181821:0.99352655583330973] [-0.99941423411100261:0.99755017431442594] [-0.571428569986421:0.43749999473583001] [0:1.6677217269019291] [-10.134767717858544:9.5056368455332674] [-0.34485052343781847:0.37701396290637612] [-0.12439999729394913:0.14259999990463257] [9.7094172487076253:22.550533420769895] [-0.080600008368492126:0.61209994554519653] [0.037050000391900539:1.476099967956543] [-0.97985901309114809:0.98527381500207412] [-0.99999999999983502:0.99888002239953455] [-0.66666666965300947:0.85567010242824515] [0:1.3246303209200274] [-12.628000138729812:16.396191485870318] [-0.61989330174389179:0.39144814481019591] [-0.36180000752210617:0.35509999841451645] [9.8609453292704536:20.599668055374742] [-0.10009999945759773:0.261199951171875] [0.040950000286102295:1.4658499956130981] [-0.96291656226497579:0.97052049746615821] [-0.99999999999992595:0.99974968710884438] [-0.66666666965277999:0.85567010242824515] [0:1.041479492808957] [-10.720633983900248:16.483238909588152] [-0.45384533532972327:0.42335034742545835] [-0.29669998586177826:0.39300001412630081] [9.6892417981575285:20.753142194587145] [-0.13230000250041485:0.70979999005794525] [0.051700001582503319:1.4553000330924988] [-0.99999999991666666:0.99999999999836064] [-0.99999999999947253:0.99982048290090653] [-0.98233995534540297:0.71428571014595199] [0:1.2032394753053621] [-10.127430734591718:8.9088257251898284] [-0.26758179102324575:0.38858528950211479] [-0.79839999973773956:0.55089999735355377] [9.654641503869545:21.825088100129342] [-2.8104000687599182:0.32079999893903732] [0.050950000062584877:2.3552000224590302] [-0.99999999999891542:0.999999999999032] [-0.99999999899999992:0.9998949487875165] [-0.76043068855305662:0.89830508813227328] [0.0016638919266430859:1.0810198529973019] [-4.6673481939906782:4.8873746096773818] [-0.6173169736023314:0.99999999939324069] [-0.29000002145767212:0.30059999227523804] [0.69314718055994529:19.996530844454842] [-2.8104000687599182:0.56149998307228088] [0.050950000062584877:2.3552000224590302] [-0.99999999999769051:0.99999999999914313] [-0.99999999899999992:0.99999999999998257] [-0.68451352156134648:0.97366110705444764] [0.0016155073919198286:0.93316051125635147] [-2.6470139595811943:2.2089632572919333] [-0.6173169736023314:0.99999999939324069] [-0.21090000867843628:0.19110000133514404] [0.69314718055994529:18.685566595775335] [-0.8705973422783595:0.92885375493704014] [-0.99119894701685585:0.992685663002012] [0:11.333738988671746] [9.6649130541913753:13.008435152409319] [-0.12370002269744873:3.5202000588178635] [-0.78030002117156982:0.59459999203681946] [6.8761496051511761:1586.3827244734834] [0.64007169612685288:281.28244409995887] [0.00095917455739609426:368.37109374555547] [-435.32067081420655:58.422601814034635] [0.00095988358531877253:431.92292049896929] [-64.085100593191655:502.22424231243241] [0.00095917455739609426:63.123724652181451] [0:182.1372184131454] [-0.9999999999977679:0.99999999999821632] [0:1.552807003329258] [-210.46917902643128:85.870961565140959] [0:4.2088780357041333] [-103.13619237735327:107.39454212003841] [0:210.66438107900433] [-111.50405599007263:128.80330087498669] [0:157.06999331462691] [0:223.89657086275605] [4949.68017578125:6500.35009765625] [-2.370533949718201:2.2748954839335589] [-3.5629454414376482:2.9502388555324721] [-86.164022892891708:204.48988922511901] [-6.1744918538853142:4.6372740988187555] [-121.10209134795102:152.56680568032976] [-4.6868011551603992:6.3950143675561844] [-119.72864146067796:220.20286059988959] [-6.2813936904859702:11.231326009980558] [12.151458812678843:218.54441686743007] [0:19.961569114314162] [-0.05970001220703125:0.42890000343322754] [-0.80475272960770405:0.91429083736759642] [-0.99874658668693772:0.98464608204535209] [493.239990234375:648.6400146484375] [-4.2088780357041333:4.2088377651872122] none [-90.079839600845091:210.66438107900433] none [-124.21748425187617:157.06999331462691] none [-121.76594169389764:223.89657086275605] none [11.439976778911902:204.15978035064896] [0:19.989215541609827] [-0.10009999945759773:0.261199951171875] [-0.8705973422783595:0.92885375493704014] [-0.99119894701685585:0.992685663002012] [415.8900146484375:581.719970703125] [-4.2769260868036341:6.2218051378737371] [-1.1886852087039657:6.0266030853006747] [-98.775731281454114:221.27525130073877] [-17.695654638598675:12.402653611096603] [-141.81834439515595:173.14052771771449] [-31.767923315878519:29.81552987578295] [-146.90358593681506:252.40845104624211] [-40.415278928496178:36.000701864213895] [22.404684425704861:230.20206873305798] [0:19.992029724106196] [-0.064399998169392347:0.30959998816251755] [-0.99999999997777789:0.99999999993749999] [-0.99615698359465255:0.99496010079796215] [-12.402653611096603:17.695654638598675] [-6.1744918538853142:4.6372740988187555] none none none none [0:1] [0:1] [0:1] [0:1] [0:1] [0:1] [0:1] [0:1]
tree_sizes=2827 2877 2910 2894 2920 2901 2907 2899 2912 2912 2890 2904 2895 2886 2896 2912 2908 2911 2918 2912 2903 2888 2919 2905 2909 2899 2905 2904 2900 2904 2893 2914 2920 2899 2913 2902 2911 2933 2906 2926 2913 2915 2929 2920 2929 2928 2921 2919 2931 2933 2936 2920 2914 2927 2916 2932 2933 2920 2900 2915 2933 2924 2936 2934 2931 2924 2939 2928 2963 2955 2926 2948 2932 2946 2946 2947 2956 2932 2934 2957 2935 2959 2939 2960 2951 2957 2961 2954 2936 2974 2955 2920 2954 2959 2922 2946 2954 2944 2921 2946 2952 2972 2926 2947 2974 2958 2958 2976 2939 2931 2943 2970 2941 2960 2920 2962 2965 2940 2969 2935 2968 2980 2955 2969 2940 2961 2938 2914 2973 2933 2940 2966 2942 2937 2949 2978 2920 2986 2954 2971 2966 2928 2949 2948 2957 2951 2950 2949 2947 2946 2955 2951 2959 2935 2954 2926 2993 2983 2956 2960

Tree=0
num_leaves=31
num_cat=0
split_feature=183 104 137 151 270 8 272 13 13 13 213 93 214 6 104 223 64 82 38 104 104 126 104 2 193 132 113 213 115 115
split_gain=144.346 136.506 153.499 85.4551 59.2146 59.0823 51.5956 51.1516 108.223 91.2169 59.6158 50.4384 49.9393 44.2521 42.5419 39.2064 39.4931 38.2893 42.1423 40.8627 38.3099 43.2501 41.7836 59.9855 52.7632 38.1587 33.9568 33.9472 80.1557 33.119
threshold=0.91205241161359507 5477.5000000000009 3979.0000000000005 0.16877499967813495 120.50227794513386 -12.004189296603458 0.028799999505281452 26.177324398177067 31.422642598536179 32.7203657318734 11.497806750373863 13259.000000000002 0.018099997192621235 31.790481960930688 6267.5000000000009 32.895015128204818 22.098655700335538 2321.5000000000005 13292.500000000002 5005.0000000000009 3920.0000000000005 4836.0000000000009 2974.0000000000005 597.45001220703136 0.25558807019473206 0.34589999914169317 -2.4307966101105758 11.250833156676668 17923.500000000004 1677.5000000000002
decision_type=2 2 2 2 2 2 2 2 2 2 2 2 2 2 2 2 2 2 2 2 2 2 2 2 2 2 2 2 2 2
left_child=1 3 4 11 6 12 14 10 -9 -10 -5 -1 -4 17 -3 -16 -17 -11 19 20 22 -22 23 24 -19 -23 -25 -2 -29 -8
right_child=27 2 5 7 -6 -7 29 8 9 13 -12 -13 -14 -15 15 16 -18 18 -20 -21 21 25 -24 26 -26 -27 -28 28 -30 -31
leaf_value=-0.49277603425085542 -0.52771034777164461 -0.5274208259582519 -0.5280185730755329 -0.52775936841964721 -0.527505896538496 -0.48381997823715212 -0.49515991047024727 -0.49187395095825193 -0.52779713109135629 -0.49493327915668489 -0.4965450671315193 -0.51046770147979259 -0.52739704787731168 -0.5281638503074646 -0.49705410070717337 -0.5276311612129212 -0.49190901204943654 -0.527356483489275 -0.49384956516325473 -0.49643752858042717 -0.52759270071983333 -0.49506076715886593 -0.49816990770399572 -0.51077910088002687 -0.49442603394389151 -0.5274402189254761 -0.52779270112514498 -0.49877926900982855 -0.52806944519281385 -0.52759270071983333
leaf_weight=350 339 99 248 165 224 60 60 163 138 552 62 150 1072 74 864 76 60 128 126 137 229 90 324 60 220 73 136 127 111 189
leaf_count=350 339 99 248 165 224 60 60 163 138 552 62 150 1072 74 864 76 60 128 126 137 229 90 324 60 220 73 136 127 111 189
internal_value=-0.524448 -0.522868 -0.528283 -0.517838 -0.520809 -0.536781 -0.518033 -0.520338 -0.51886 -0.52086 -0.536065 -0.504627 -0.538343 -0.51907 -0.514779 -0.512608 -0.529909 -0.518105 -0.52099 -0.522776 -0.52478 -0.533793 -0.52068 -0.526616 -0.517904 -0.520073 -0.541861 -0.541106 -0.530786 -0.532303
internal_weight=6706 6129 2952 3177 1572 1380 1348 2677 2450 2287 227 500 1320 2149 1099 1000 136 2075 1523 1397 1260 392 868 544 348 163 196 577 238 249
internal_count=6706 6129 2952 3177 1572 1380 1348 2677 2450 2287 227 500 1320 2149 1099 1000 136 2075 1523 1397 1260 392 868 544 348 163 196 577 238 249
is_linear=0
shrinkage=1


Tree=1
num_leaves=31
num_cat=0
split_feature=19 132 104 104 137 6 82 213 270 49 148 118 126 126 85 104 93 11 93 223 64 242 5 143 82 115 163 9 74 27
split_gain=87.521 78.7786 84.0703 79.1357 128.287 66.099 76.8677 80.5162 64.1001 63.3596 93.4901 63.4258 57.4864 64.0305 55.8251 53.4609 41.224 54.8115 41.8768 39.0785 39.3522 37.9828 36.2752 56.7312 36.1779 40.1562 34.7354 31.1571 30.7619 30.6676
threshold=648.50000000000011 0.13385000079870227 344.50000000000006 5477.5000000000009 3170.0000000000005 27.392178341562467 2290.5000000000005 11.652896071549055 120.50227794513386 8849.0000000000018 441.00000000000006 595.50000000000011 8421.5000000000018 6925.0000000000009 586.50000000000011 6267.5000000000009 12587.000000000002 104.03068361192327 6559.0000000000009 32.895015128204818 21.584654416753061 101.69073949334522 36.255049902866354 0.30095000565052038 15517.000000000002 4660.5000000000009 0.21370574841256626 17.529190311280782 631.50000000000011 9024.0000000000018
decision_type=2 2 2 2 2 2 2 2 2 2 2 2 2 2 2 2 2 2 2 2 2 2 2 2 2 2 2 2 2 2
left_child=1 -1 -3 5 8 6 7 21 15 11 -11 14 13 24 22 -5 17 28 -19 -17 -21 -4 27 -24 25 -6 -14 -8 -12 -13
right_child=-2 2 3 4 12 -7 9 -9 -10 10 16 29 26 -15 -16 19 -18 18 -20 20 -22 -23 23 -25 -26 -27 -28 -29 -30 -31
leaf_value=-0.0032542748957872388 0.026032375595532359 -0.0030685980826616285 0.031073875448107725 -0.0029720256119966527 0.028322760225646202 -0.0036195275187492376 0.013877164004743101 -0.00360403772648424 -0.0028983987651765354 -0.0033152613420039416 0.030232617117092016 -0.0027801381260156629 -0.003315455879271032 0.028004351505637171 0.028586389727517966 0.026441133130900563 -0.0029231441318988819 0.03175493508167565 -0.0032302095293998737 -0.0032570464253425585 0.030904190609604119 -0.0025175702527165424 -0.0036606923043727892 0.028671293645538394 0.040267029094696052 -0.0030130734056234374 -0.0027532251685857788 -0.0029920848030596968 0.0057822906792163852 -0.0034022554606199262
leaf_weight=186 98 397 646 112 98 132 290 64 214 152 438 259 424 243 99 806 171 72 88 79 60 99 60 192 69 568 167 168 60 195
leaf_count=186 98 397 646 112 98 132 290 64 214 152 438 259 424 243 99 806 171 72 88 79 60 99 60 192 69 568 167 168 60 195
internal_value=-7.30145e-05 -0.000571601 8.71324e-05 0.00112023 -0.00312478 0.00490439 0.00596305 0.0151781 0.00512931 0.0026145 0.00926471 -0.00256703 -0.00980623 -0.00455748 0.00331081 0.00866761 0.0138909 0.0178431 0 0.0113842 -0.00559028 0.0184333 -0.000195804 0.0103502 -0.00969595 -0.0122057 -0.0183809 -0.00604752 0.0235189 -0.012963
internal_weight=6706 6608 6422 6025 2840 3185 3053 809 1271 2244 981 1263 1569 978 809 1057 829 658 160 945 139 745 710 252 735 666 591 458 498 454
internal_count=6706 6608 6422 6025 2840 3185 3053 809 1271 2244 981 1263 1569 978 809 1057 829 658 160 945 139 745 710 252 735 666 591 458 498 454
is_linear=0
shrinkage=0.035


Tree=2
num_leaves=31
num_cat=0
split_feature=183 104 203 151 224 126 104 274 13 13 13 213 93 6 82 38 104 104 126 104 2 193 48 132 113 7 82 77 213 115
split_gain=142.724 138.502 121.55 85.1934 72.0783 56.8497 90.7909 52.9615 50.9396 109.304 88.8285 59.6158 47.086 44.0048 38.2212 42.4053 39.6819 39.3793 42.8529 41.9425 59.503 52.7632 37.2272 37.0474 36.8928 36.6861 35.8279 35.3835 33.9472 80.1557
threshold=0.91205241161359507 5477.5000000000009 -0.49082866852216195 0.16805000230669978 -0.99999999998081146 8421.5000000000018 6726.5000000000009 0.20623864264965661 26.177324398177067 31.422642598536179 32.7203657318734 11.497806750373863 13259.000000000002 31.790481960930688 2321.5000000000005 13292.500000000002 5005.0000000000009 3920.0000000000005 4836.0000000000009 2974.0000000000005 597.45001220703136 0.25558807019473206 3.9536499977111821 0.34589999914169317 -2.4854005405370834 -12.086976438269442 6651.5000000000009 0.33675000071525579 11.250833156676668 17923.500000000004
decision_type=2 2 2 2 2 2 2 2 2 2 2 2 2 2 2 2 2 2 2 2 2 2 2 2 2 2 2 2 2 2
left_child=1 3 4 12 22 6 -4 -8 11 -10 -11 -5 -1 14 -12 16 17 19 -19 20 21 -16 27 -20 -22 -6 -9 -3 -2 -30
right_child=28 2 5 8 25 -7 7 26 9 10 13 -13 -14 -15 15 -17 -18 18 23 -21 24 -23 -24 -25 -26 -27 -28 -29 29 -31
leaf_value=0.030146845181447925 -0.0030894043564945474 -0.0031749708247259265 -0.0033316945881992615 -0.0034745615532249226 0.025523180772661233 -0.0030808531389459964 0.017618205279473217 0.027967339817717672 0.030381728172930889 -0.0032001539234165106 0.027485080023869873 0.026407664096380585 0.012403783389568329 -0.003458731125295161 -0.0030888579244390145 0.02887451525876392 0.026096540923914877 -0.0031015602649562095 0.027321617434298621 0.024670832761503756 0.015181321830071511 0.027971054561933502 0.025338120420574213 -0.0030236562099400909 -0.0032696141809672127 -0.0031430498004555701 -0.0031356459219902778 0.022444591107159857 0.024604983444526791 -0.0034075569954914995
leaf_weight=344 339 167 302 165 586 582 799 65 164 139 553 62 145 74 128 126 138 230 91 327 60 220 104 73 138 67 179 101 127 111
leaf_count=344 339 167 302 165 586 582 799 65 164 139 553 62 145 74 128 126 138 230 91 327 60 220 104 73 138 67 179 101 127 111
internal_value=-9.38757e-05 0.00147783 -0.003977 0.00654463 0.00574272 -0.00914855 -0.00515926 -0.000233779 0.00408095 0.00554947 0.00354257 -0.0116164 0.0199089 0.00530744 0.00626616 0.00339518 0.00161348 -0.000357704 -0.00947368 0.00378702 -0.00215971 0.00654391 -0.00649867 0.00414201 -0.0172414 0.0127128 -0.0143373 -0.0133333 -0.0166581 -0.00633745
internal_weight=6706 6129 2952 3177 1025 1927 1345 1043 2688 2461 2297 227 489 2158 2084 1531 1405 1267 394 873 546 348 372 164 198 653 244 268 577 238
internal_count=6706 6129 2952 3177 1025 1927 1345 1043 2688 2461 2297 227 489 2158 2084 1531 1405 1267 394 873 546 348 372 164 198 653 244 268 577 238
is_linear=0
shrinkage=0.035


Tree=3
num_leaves=31
num_cat=0
split_feature=183 104 137 33 270 8 82 4 82 33 270 38 2 93 214 272 223 24 148 82 4 126 126 93 70 27 213 224 38 153
split_gain=144.902 139.304 146.021 82.9314 58.2462 55.3931 54.8763 85.4532 60.557 56.5904 52.6661 51.8192 50.8757 49.1926 48.6003 45.6293 43.7798 46.873 40.6191 56.4424 43.5358 40.4195 58.9344 39.6438 37.6711 33.2068 31.6265 61.9193 31.423 40.9258
threshold=0.91205241161359507 5477.5000000000009 3979.0000000000005 0.1974499970674515 120.50227794513386 -12.004189296603458 2321.5000000000005 41.560088982281989 5850.0000000000009 0.4699500054121018 39.964933581627285 11708.500000000002 619.27502441406261 932.50000000000011 0.017650038003921512 0.028799999505281452 18.536655854574803 0.035725643586345925 2044.0000000000002 3602.0000000000005 22.853209259497138 7292.5000000000009 1656.0000000000002 1897.0000000000002 4.4240498542785653 6388.5000000000009 11.250833156676668 0.96290286196076225 6118.0000000000009 0.41327367014934091
decision_type=2 2 2 2 2 2 2 2 2 2 2 2 2 2 2 2 2 2 2 2 2 2 2 2 2 2 2 2 2 2
left_child=1 3 4 10 13 14 7 -5 9 11 -1 12 18 -3 -4 16 -15 -18 20 -20 -8 22 -10 -11 25 -24 -2 -28 29 -16
right_child=26 2 5 6 -6 -7 8 -9 21 23 -12 -13 -14 15 28 -17 17 -19 19 -21 -22 -23 24 -25 -26 -27 27 -29 -30 -31
leaf_value=-0.0035113045714517182 -0.0029812752040172395 0.030626504629310068 -0.0035266948607609793 0.028050822338338423 -0.0033015200799173159 0.037937840550059845 -0.0033103728312362446 -0.0037024222853109232 0.024602603388964837 -0.0026172743151384424 0.027396274450999618 0.027676503369885374 0.016271485509184412 0.023883230298217234 0.031491634976147861 -0.0033289032560558244 0.029834053558757755 -0.0031827887537953618 0.027348642815538077 -0.0034263332824363379 0.016170320007260885 0.032043313662881753 0.012478084332240071 0.027603486451250759 0.013044139005994868 -0.0037877332118045563 0.028996424334864542 -0.0032895986330129202 -0.0029435449612202538 -0.0029147806371105488
leaf_weight=68 339 120 245 572 224 60 418 88 168 129 487 74 143 742 104 234 60 192 105 148 78 88 122 198 172 119 60 178 881 90
leaf_count=68 339 120 245 572 224 60 418 88 168 129 487 74 143 742 104 234 60 192 105 148 78 88 122 198 172 119 60 178 881 90
internal_value=-0.000208613 0.00137512 -0.00409537 0.00645663 0.00319594 -0.0123827 0.00383708 0.0125263 0.00088968 -0.00353236 0.0186875 -0.00778579 -0.0101449 0.00594974 -0.0138943 0.00380373 0.00707708 -0.00544747 -0.0137865 -0.0023062 -0.0195609 0.00939911 0.00591297 0.00896084 -0.00125598 -0.0101016 -0.0168986 -0.00691358 -0.0105972 0.00211055
internal_weight=6706 6129 2952 3177 1572 1380 2622 660 1962 1293 555 966 892 1348 1320 1228 994 252 749 253 496 669 581 327 413 241 577 238 1075 194
internal_count=6706 6129 2952 3177 1572 1380 2622 660 1962 1293 555 966 892 1348 1320 1228 994 252 749 253 496 669 581 327 413 241 577 238 1075 194
is_linear=0
shrinkage=0.035


Tree=4
num_leaves=31
num_cat=0
split_feature=183 104 203 151 224 13 13 13 104 115 193 8 214 213 38 6 242 261 2 183 92 213 274 48 7 161 246 213 115 115
split_gain=143.638 137.655 117.217 87.7459 68.1503 55.4078 110.684 87.6224 55.2732 53.9712 59.0174 51.2735 50.6916 50.2838 43.8064 43.3498 44.4349 62.059 62.1503 52.4651 43.9358 41.4043 39.8836 37.2272 35.1014 34.3358 33.563 31.6265 75.914 29.3512
threshold=0.91205241161359507 5477.5000000000009 -0.49082866852216195 0.16805000230669978 -0.99999999998081146 26.177324398177067 31.422642598536179 32.7203657318734 6385.0000000000009 4285.0000000000009 -0.19525043367150158 -17.976648723700752 0.017650038003921512 11.497806750373863 8307.0000000000018 31.790481960930688 35.712843918205216 529.33499145507824 605.61999511718761 -0.42006479108617417 5.0188000202178964 11.652896071549055 0.23460944319977831 3.9536499977111821 -12.086976438269442 0.34492500126361852 0.69472843436386655 11.250833156676668 17923.500000000004 6586.5000000000009
decision_type=2 2 2 2 2 2 2 2 2 2 2 2 2 2 2 2 2 2 2 2 2 2 2 2 2 2 2 2 2 2
left_child=1 3 4 21 23 13 -7 -8 -4 -10 -11 12 -12 -5 22 16 -9 19 -19 20 -18 -1 -14 25 -6 -3 -23 -2 -29 -16
right_child=27 2 8 5 24 6 7 15 9 10 11 -13 14 -15 29 -17 17 18 -20 -21 -22 26 -24 -25 -26 -27 -28 28 -30 -31
leaf_value=0.027655352447486663 -0.0028769305718766357 -0.0030166089787283103 -0.0033231522353730308 -0.0033490918354194552 0.023838053200539513 0.028436331168116526 -0.0030602195276592434 0.025404831785999317 0.025406133081706295 -0.0031392148483293408 -0.0034455554924836484 0.037665909969652946 0.026685569591229526 0.024622304734393495 0.024307603380742407 -0.0032422036862217998 -0.0031699731131104576 -0.0034409106842127764 0.02573363216511913 0.024027949206805722 0.027435494328667442 0.019115776996881138 -0.0031017559901343052 0.024555220913327812 -0.0029216454510567866 0.021011759301875193 -0.0044243232624757061 0.023591764064915307 -0.0031757688132210897 -0.0030006505539059737
leaf_weight=347 339 166 228 165 586 164 139 120 208 264 173 64 323 62 64 74 253 199 131 1311 70 65 138 104 67 102 77 127 111 465
leaf_count=347 339 166 228 165 586 164 139 120 208 264 173 64 323 62 64 74 253 199 131 1311 70 65 138 104 67 102 77 127 111 465
internal_value=-0.000281627 0.00129524 -0.00414271 0.00634664 0.00540291 0.00384701 0.00537916 0.00336012 -0.00922101 -0.00700411 -0.00933489 -0.00605114 -0.00776113 -0.0125216 -0.00464322 0.00511327 0.0060651 0.00476384 -0.00898507 0.00755949 -0.00501524 0.0199089 0.00322961 -0.00649867 0.0121809 -0.0133333 0.00380952 -0.0168986 -0.00691358 -0.01147
internal_weight=6706 6129 2952 3177 1025 2688 2461 2297 1927 1699 1491 1227 1163 227 990 2158 2084 1964 330 1634 323 489 461 372 653 268 142 577 238 529
internal_count=6706 6129 2952 3177 1025 2688 2461 2297 1927 1699 1491 1227 1163 227 990 2158 2084 1964 330 1634 323 489 461 372 653 268 142 577 238 529
is_linear=0
shrinkage=0.035


Tree=5
num_leaves=31
num_cat=0
split_feature=183 104 137 33 270 13 13 13 8 270 93 214 272 213 6 261 2 183 19 223 24 183 126 211 150 77 213 115 137 27
split_gain=141.841 137.876 138.506 85.9517 62.3437 58.9678 103.652 87.4545 55.2205 52.6661 50.426 48.9778 43.7778 43.0462 42.7922 42.2414 91.2366 59.3425 43.9757 41.3783 46.873 37.7666 37.2715 33.1882 42.5493 34.1384 31.6265 75.914 30.2425 29.5919
threshold=0.91205241161359507 5477.5000000000009 3979.0000000000005 0.1974499970674515 120.50227794513386 26.177324398177067 31.422642598536179 32.7203657318734 -12.004189296603458 39.964933581627285 932.50000000000011 0.017650038003921512 0.028799999505281452 11.497806750373863 31.790481960930688 528.99499511718761 605.61999511718761 -0.42006479108617417 575.50000000000011 18.536655854574803 0.035725643586345925 0.64105059724000302 6958.5000000000009 0.4076730973755805 0.05515000224113465 0.38445000350475317 11.250833156676668 17923.500000000004 16097.500000000002 6532.5000000000009
decision_type=2 2 2 2 2 2 2 2 2 2 2 2 2 2 2 2 2 2 2 2 2 2 2 2 2 2 2 2 2 2
left_child=1 3 4 9 10 13 -7 -8 11 -1 -3 -4 19 -5 15 17 -17 18 -9 -12 -21 -18 23 24 -19 -26 -2 -28 -11 -13
right_child=26 2 8 5 -6 6 7 14 -10 28 12 29 -14 -15 -16 16 21 22 -20 20 -22 -23 -24 -25 25 -27 27 -29 -30 -31
leaf_value=-0.0032548284912631278 -0.0027762380018609527 0.028720245105265333 -0.0033165189980909884 -0.0032318736211797753 -0.0031390525346300601 0.025651693599300238 -0.0030798703420739358 -0.0031789732547174705 0.0352917092818699 0.026687415111824632 0.022232279859186427 0.026055360578922396 -0.003247469714110625 0.0235329530764537 -0.0031287265572040386 -0.0033095561836543799 0.024815804234469167 0.02559834642009037 0.025453291147834095 0.028660488413472573 -0.002966371391495231 -0.004489082107236155 0.027601264794651838 0.026149644261296564 -0.0041863253505028735 0.02202575866829188 0.022766052322643268 -0.0030646169047583503 0.01235552836463533 -0.0027354981181908346
leaf_weight=68 339 120 245 165 224 145 117 240 60 409 742 122 234 61 74 224 117 314 83 60 192 66 108 536 196 176 127 111 78 953
leaf_count=68 339 120 245 165 224 145 117 240 60 409 742 122 234 61 74 224 117 314 83 60 192 66 108 536 196 176 127 111 78 953
internal_value=-0.000385934 0.00118112 -0.00426108 0.00623664 0.00284084 0.00357061 0.0051895 0.00330452 -0.0123321 0.0186875 0.00569106 -0.0138415 0.00351987 -0.0133333 0.00494156 0.00589831 -0.00416262 0.00838058 -0.00501524 0.00672673 -0.00544747 0.0139628 0.0116404 0.00981255 0.00465991 -0.00334218 -0.0168986 -0.00691358 0.0226931 -0.0105324
internal_weight=6706 6129 2952 3177 1572 2622 2396 2251 1380 555 1348 1320 1228 226 2134 2060 407 1653 323 994 252 183 1330 1222 686 372 577 238 487 1075
internal_count=6706 6129 2952 3177 1572 2622 2396 2251 1380 555 1348 1320 1228 226 2134 2060 407 1653 323 994 252 183 1330 1222 686 372 577 238 487 1075
is_linear=0
shrinkage=0.035


Tree=6
num_leaves=31
num_cat=0
split_feature=183 104 137 151 270 13 13 13 8 93 214 93 272 6 242 261 2 183 126 41 211 93 60 223 24 223 93 118 27 274
split_gain=140.59 137.431 136.082 90.3355 61.3703 57.9516 112.305 86.2253 55.2205 51.173 48.9778 47.086 42.6851 42.5915 45.4816 59.8426 62.1503 50.0102 48.6895 43.9757 41.9549 41.5151 43.4214 39.9699 46.873 31.4433 29.9001 39.0715 29.5919 32.9334
threshold=0.91205241161359507 5477.5000000000009 3979.0000000000005 0.16805000230669978 120.50227794513386 26.177324398177067 31.422642598536179 32.7203657318734 -12.004189296603458 932.50000000000011 0.017650038003921512 13259.000000000002 0.028799999505281452 31.790481960930688 35.712843918205216 529.33499145507824 605.61999511718761 -0.42006479108617417 4948.0000000000009 573.50000000000011 0.4076730973755805 3981.5000000000005 8694.0000000000018 18.536655854574803 0.035725643586345925 5.2465283231813196 12370.500000000002 626.50000000000011 6532.5000000000009 -0.27812734526213906
decision_type=2 2 2 2 2 2 2 2 2 2 2 2 2 2 2 2 2 2 2 2 2 2 2 2 2 2 2 2 2 2
left_child=1 3 4 11 9 25 -7 -8 10 -3 -4 -1 23 14 -9 17 -17 19 20 -16 21 -19 -23 -11 -25 -5 -2 -28 -12 -30
right_child=26 2 8 5 -6 6 7 13 -10 12 28 -13 -14 -15 15 16 -18 18 -20 -21 -22 22 -24 24 -26 -27 27 -29 29 -31
leaf_value=0.026323366283210758 -0.0026790696717958174 0.027715036526581048 -0.0032004408331578059 0.0018578156515855152 -0.0030291856959180066 0.02654325030125694 -0.0028453163822185837 0.023603075520551738 0.034056499457004452 0.021454150064114903 0.025143422958660112 0.0091087845005725539 -0.0031338082741167537 -0.0030192211277018958 -0.0030677091908023579 -0.0032046443438374255 0.023964401891133538 0.025084336304464508 0.024876117510349214 0.024562425957659902 0.025204112881003611 -0.0041974248460506149 0.025360490157477929 0.027657371319001037 -0.0028625483927928975 -0.0031680332008842817 -0.002832354538231426 0.025281922981887823 0.023879819488535653 -0.0027484944971777631
leaf_weight=344 394 120 245 93 224 164 139 120 60 742 122 145 234 74 240 199 131 194 189 83 510 333 85 60 192 134 123 60 86 867
leaf_count=344 394 120 245 93 224 164 139 120 60 742 122 145 234 74 240 199 131 194 189 83 510 333 85 60 192 134 123 60 86 867
internal_value=-0.000458948 0.00110124 -0.00433209 0.00614865 0.00270767 0.00361307 0.00518045 0.00314726 -0.0123321 0.00553585 -0.0138415 0.0199089 0.00334955 0.00488673 0.00583054 0.00451498 -0.00898507 0.00726052 0.0102926 -0.00501524 0.00745342 0.00124797 -0.00496454 0.00651652 -0.00544747 -0.013125 -0.0168986 -0.0050266 -0.0105324 -0.0126044
internal_weight=6706 6129 2952 3177 1572 2688 2461 2297 1380 1348 1320 489 1228 2158 2084 1964 330 1634 1311 323 1122 612 418 994 252 227 577 183 1075 953
internal_count=6706 6129 2952 3177 1572 2688 2461 2297 1380 1348 1320 489 1228 2158 2084 1964 330 1634 1311 323 1122 612 418 994 252 227 577 183 1075 953
is_linear=0
shrinkage=0.035


Tree=7
num_leaves=31
num_cat=0
split_feature=183 104 115 151 270 13 71 13 13 13 214 193 203 13 148 93 6 213 82 2 82 126 218 13 261 163 148 153 93 60
split_gain=143.291 135.177 108.076 89.9224 72.5433 63.4445 73.5887 59.3352 113.003 85.6299 55.2308 49.6632 52.0687 48.5336 63.2575 46.293 42.2685 41.7161 35.1412 43.3142 34.9688 40.8152 47.298 37.1347 49.7547 39.868 36.482 32.8377 37.0048 33.1446
threshold=0.91205241161359507 5477.5000000000009 3754.5000000000005 0.16805000230669978 120.50227794513386 34.448280384639247 6926.0000000000009 26.177324398177067 31.422642598536179 32.7203657318734 0.017650038003921512 -0.19525043367150158 -0.37449231151133194 31.834370438260773 1656.0000000000002 13259.000000000002 31.790481960930688 11.497806750373863 12035.000000000002 623.10498046875011 2321.5000000000005 7225.0000000000009 125.89294079875678 38.620995636452115 528.99499511718761 0.44597265304910477 1692.5000000000002 0.50554961036533008 1293.0000000000002 8464.5000000000018
decision_type=2 2 2 2 2 2 2 2 2 2 2 2 2 2 2 2 2 2 2 2 2 2 2 2 2 2 2 2 2 2
left_child=1 3 4 15 5 6 -3 17 -9 -10 -4 18 -13 14 -14 -1 20 -5 -12 -20 -11 23 -23 25 27 -22 -26 28 -25 -30
right_child=-2 2 10 7 -6 -7 -8 8 9 16 11 12 13 -15 -16 -17 -18 -19 19 -21 21 22 -24 24 26 -27 -28 -29 29 -31
leaf_value=0.025402048463298382 -0.0025244750629705606 -0.0048559872608041899 -0.0030015784563272984 -0.0030078768824075299 -0.0029038317280512013 0.024239037877998207 0.019987567449555165 0.025614236540712945 -0.0027457303088409316 0.023056155211614318 -0.003353749718282009 0.026200798937594555 -0.0026522971897765426 -0.0027965787436747347 0.027275708250551159 0.0087899770430525138 -0.0029135483882323284 0.02287184716320835 -0.0041581598612823083 0.008956815242899735 0.022567747900134688 0.030197322272449801 -0.0022443849904863235 -0.0029618967578424658 -0.0031574928647401545 -0.0026368753591340462 -0.0022331837179640525 -0.004900572738693992 0.010671011421722434 0.027848711648602271
leaf_weight=344 577 89 303 165 201 567 91 164 139 553 209 187 139 720 271 145 74 62 80 95 107 113 66 177 108 60 89 90 589 132
leaf_count=344 577 89 303 165 201 567 91 164 139 553 209 187 139 720 271 145 74 62 80 95 107 113 66 177 108 60 89 90 589 132
internal_value=-0.000542393 0.00103277 -0.00435577 0.00603865 0.00536201 0.010379 -0.00756757 0.0035091 0.0050953 0.00305604 -0.0089547 -0.00646249 -0.00320348 -0.00604405 0.00354217 0.0197672 0.00478964 -0.0134267 -0.017455 -0.00563889 0.00573001 0.00298503 0.0184511 0.000876934 -0.00132353 0.0160756 -0.0171535 0.00190332 0.00395349 0.00747245
internal_weight=6706 6129 2952 3177 948 747 180 2688 2461 2297 2004 1701 1317 1130 410 489 2158 227 384 175 2084 1531 179 1352 1185 167 197 988 898 721
internal_count=6706 6129 2952 3177 948 747 180 2688 2461 2297 2004 1701 1317 1130 410 489 2158 227 384 175 2084 1531 179 1352 1185 167 197 988 898 721
is_linear=0
shrinkage=0.035


Tree=8
num_leaves=31
num_cat=0
split_feature=183 126 6 93 110 214 173 242 140 225 270 49 270 261 246 113 82 270 90 261 261 2 49 27 71 287 60 115 90 270
split_gain=142.034 116.396 85.6348 65.9391 63.7082 68.8559 74.0561 62.5184 59.9091 67.4982 58.121 66.7456 61.017 56.2659 51.0162 43.7893 43.1257 42.6551 40.8604 40.6006 36.543 60.063 61.1562 37.7339 34.035 33.3981 45.3558 29.5446 29.3827 28.6674
threshold=0.91205241161359507 1463.5000000000002 23.086683748634446 12524.500000000002 0.12359999865293504 0.055649995803833015 0.4384892308059502 19.069322063825684 626.50000000000011 0.31809750684856036 44.53034625297132 8727.5000000000018 121.12455309057363 570.37500000000011 0.49052237127144122 -2.6054830460363827 4250.0000000000009 129.54518339846558 0.008219185452495845 528.43750000000011 562.01501464843761 607.53500366210949 12364.500000000002 17388.500000000004 7151.0000000000009 1.0000000180025095e-35 5863.0000000000009 7066.0000000000009 0.016415916259791666 96.043556421941432
decision_type=2 2 2 2 2 2 2 2 2 2 2 2 2 2 2 2 2 2 2 2 2 2 2 2 2 2 2 2 2 2
left_child=1 2 8 4 -3 6 10 -5 9 -1 11 -6 14 16 20 -13 -9 -14 -8 -7 21 22 25 -23 -22 29 -27 -24 -15 -12
right_child=-2 3 -4 7 5 19 18 13 -10 -11 12 15 17 28 -16 -17 -18 -19 -20 -21 24 23 27 -25 -26 26 -28 -29 -30 -31
leaf_value=0.021898629575334238 -0.0024361184357665896 -0.0025283992340893215 -0.0034256090261680925 0.027431336430679795 -0.0033976181149796207 -0.0020538108772014925 -0.0022013728463716208 0.021008886208927151 0.022725018464510915 -0.0030763496136956923 0.00019280241049951548 -0.0033162222593639164 -0.0037570802226139649 -0.0040414318540372392 -0.0031408201112162913 0.022008482466541527 -0.0029292300101238927 0.0068994753394689187 0.024001192564754095 -0.0030620092632343402 -0.0058145229548663899 0.027962622988761055 0.0026096176404815036 -2.2182317091906103e-05 0.0037641024783657976 -0.003118053783048815 0.025994670377640455 -0.0030901347897423783 0.026559886050555426 0.026127244390574025
leaf_weight=855 577 66 140 91 158 244 62 61 253 90 673 103 229 138 153 166 502 227 318 211 61 245 72 71 134 137 283 79 63 244
leaf_count=855 577 66 140 91 158 244 62 61 253 90 673 103 229 138 153 166 502 227 318 211 61 245 72 71 134 137 283 79 63 244
internal_value=-0.000615408 0.000952886 0.0100596 -0.00159821 0.000319716 0.00092129 0.00263012 -0.0103779 0.0130923 0.00895263 0.000794408 -0.0110995 0.00275928 -0.0136541 0.00522485 -0.000383212 -0.019287 -0.00880694 0.0170909 -0.0117935 0.00672405 0.00828082 0.00529806 0.0220249 -0.007525 0.00769374 0.0158118 -0.0154808 0.00220874 0.00390998
internal_weight=6706 6129 1338 4791 3936 3870 3415 855 1198 945 3035 427 2608 764 2152 269 563 456 380 455 1999 1804 1488 316 195 1337 420 151 201 917
internal_count=6706 6129 1338 4791 3936 3870 3415 855 1198 945 3035 427 2608 764 2152 269 563 456 380 455 1999 1804 1488 316 195 1337 420 151 201 917
is_linear=0
shrinkage=0.035


Tree=9
num_leaves=31
num_cat=0
split_feature=183 126 6 137 183 6 82 19 270 140 225 140 270 27 193 27 272 242 193 148 213 4 270 223 126 155 171 223 213 141
split_gain=140.96 116.814 85.2885 72.5595 114.554 66.8172 62.0431 70.3668 60.6963 60.383 67.1497 56.9086 54.1375 53.5214 51.6157 48.1482 47.9878 45.7659 37.9591 37.0383 30.0506 65.3715 29.7563 47.0693 49.0746 43.491 33.0795 28.4396 26.3315 45.3888
threshold=0.91205241161359507 1463.5000000000002 23.086683748634446 3979.0000000000005 0.15219854974409897 -0.97175366731659052 2069.5000000000005 618.50000000000011 116.61706132643597 626.50000000000011 0.31809750684856036 624.50000000000011 127.06182587021382 7830.0000000000009 0.12003074543964276 11765.000000000002 0.028799999505281452 74.802186047914049 -0.73974884970194099 2166.0000000000005 11.261311704505404 2.0213927909679721 96.043556421941432 20.743584433429493 7641.0000000000009 0.038851689676289734 0.34382499754428869 11.894250182742608 11.132528430682774 79.54230389699336
decision_type=2 2 2 2 2 2 2 2 2 2 2 2 2 2 2 2 2 2 2 2 2 2 2 2 2 2 2 2 2 2
left_child=1 2 9 8 17 6 -6 13 16 10 -1 -9 -10 -8 -15 -13 22 -5 -18 -7 -2 -22 23 24 26 -25 27 -3 29 -14
right_child=20 3 -4 4 5 19 7 11 12 -11 -12 15 28 14 -16 -17 18 -19 -20 -21 21 -23 -24 25 -26 -27 -28 -29 -30 -31
leaf_value=0.021132177540197538 -0.0024116814608271626 0.020437157072217046 -0.0033057127102522101 -0.0028186349507409543 0.021478640652770969 0.024597568780523209 0.0082027462266452793 0.021596266722198321 -0.0041459968444134314 0.021929642818253034 -0.0029686773772163422 -0.0043101500483499243 0.029565194084134334 0.009124150498529068 -0.0027968004367891798 0.022331420126928406 0.024673647990926986 0.01739936343040295 -0.0032715606761600309 -0.0024107457864555927 0.024213500474156994 -0.0029385899489912872 0.024930710180251801 0.021026323307308983 0.02289225132126501 -0.0033596669279005727 -0.003910594382148266 -0.0029965399413596581 -0.0026232945493841393 -0.0031805279785613754
leaf_weight=855 351 275 140 682 127 239 132 133 128 253 90 168 125 102 457 218 62 131 283 80 83 143 275 90 409 151 126 183 115 100
leaf_count=855 351 275 140 682 127 239 132 133 128 253 90 168 125 102 457 218 62 131 283 80 83 143 275 90 409 151 126 183 115 100
internal_value=-0.000677991 0.000884415 0.0100074 -0.00167118 -0.00584276 -0.000547863 -0.00399031 -0.00645267 0.00276751 0.0130341 0.00887895 0.0032729 -0.00843552 -0.0137284 -0.0184309 -0.00358056 0.00561054 -0.0165587 -0.0061 0.0137191 -0.0171392 -0.0069697 0.00829921 0.0059322 0.00929359 -0.0078252 0.00273345 0.00710583 -0.00101449 0.00593478
internal_weight=6706 6129 1338 4791 2469 1656 1337 1210 2322 1198 945 519 468 691 559 386 1854 813 345 319 577 226 1509 1234 993 241 584 458 340 225
internal_count=6706 6129 1338 4791 2469 1656 1337 1210 2322 1198 945 519 468 691 559 386 1854 813 345 319 577 226 1509 1234 993 241 584 458 340 225
is_linear=0
shrinkage=0.035


Tree=10
num_leaves=31
num_cat=0
split_feature=183 82 6 118 137 183 137 82 11 270 270 13 242 74 242 2 6 214 9 13 270 233 27 11 82 11 261 198 213 4
split_gain=139.003 117.037 102.24 85.079 84.0114 114.132 99.9767 53.209 52.5743 54.5803 51.3863 46.1131 65.4133 45.2151 46.4548 40.8154 40.5039 43.9326 40.3188 40.167 40.0019 38.162 34.7413 38.4927 32.2268 30.8204 30.6628 30.6009 30.0506 65.3715
threshold=0.91205241161359507 2321.5000000000005 22.089760377341456 646.50000000000011 3979.0000000000005 0.15219854974409897 10845.000000000002 9269.0000000000018 192.57379081451973 111.91683993034052 33.634582811472264 32.7203657318734 35.712843918205216 642.50000000000011 39.911920328963454 590.64501953125011 4.4641456152110672 0.054700009524822242 41.278535085735108 87.077355961573076 127.06182587021382 6115.7849121093759 12305.000000000002 104.03068361192327 5030.5000000000009 53.046686133911251 526.56500244140636 -0.034549981355667107 11.261311704505404 2.0213927909679721
decision_type=2 2 2 2 2 2 2 2 2 2 2 2 2 2 2 2 2 2 2 2 2 2 2 2 2 2 2 2 2 2
left_child=1 2 -1 4 8 19 7 11 9 16 21 -7 -13 14 -12 -14 17 18 24 -6 -11 -8 -17 -24 -3 -22 -26 -9 -2 -30
right_child=28 3 -4 -5 5 6 10 27 -10 20 13 12 15 -15 -16 22 -18 -19 -20 -21 25 -23 23 -25 26 -27 -28 -29 29 -31
leaf_value=0.021603591883386945 -0.0023272726096982125 -0.0034011666610406512 -0.0031900127653933809 0.016918068455319075 -0.002784856782941944 -0.0031934675094713485 0.018657900876763941 0.027846636957437308 0.023480951313935992 -0.0040008869548589622 0.024950293349060799 0.021947795144737641 0.012740190927444791 -0.0044602714015123642 -0.0018074115771058575 -0.0037122654034117603 -0.0036284492591344406 -0.0030789060576625359 0.021689719733003789 0.022988615912219141 0.022947079033991909 -0.0025548271716686224 0.015066217350458239 -0.0025525399796787309 0.024443860018498513 -0.0023696343993061361 0.0086471507160350916 0.00047035192399474599 0.023366027957561496 -0.002835739300776591
leaf_weight=782 351 184 111 86 753 319 78 62 175 154 318 66 206 88 104 286 93 216 397 64 82 70 127 74 258 232 577 167 83 143
leaf_count=782 351 184 111 86 753 319 78 62 175 154 318 66 206 88 104 286 93 216 397 64 82 70 127 74 258 232 577 167 83 143
internal_value=-0.000792728 0.000758885 0.0124332 -0.00124213 -0.00183317 -0.00595264 -0.00136802 -0.00696265 0.00300885 0.00151274 0.00971342 -0.0102124 -0.00545157 0.0149515 0.0196721 -0.00867479 0.00439017 0.00568723 0.00793103 -0.0169039 -0.00902748 -0.00823529 -0.0141565 -0.00288835 0.0042041 -0.00175549 0.007125 0.0082265 -0.0171392 -0.0069697
internal_weight=6706 6129 893 5236 5150 2782 1965 1307 2368 2193 658 1078 759 510 422 693 1725 1632 1416 817 468 148 487 201 1019 314 835 229 577 226
internal_count=6706 6129 893 5236 5150 2782 1965 1307 2368 2193 658 1078 759 510 422 693 1725 1632 1416 817 468 148 487 201 1019 314 835 229 577 226
is_linear=0
shrinkage=0.035


Tree=11
num_leaves=31
num_cat=0
split_feature=19 132 163 224 6 82 148 121 115 27 104 93 38 49 121 270 69 38 63 49 256 38 49 20 272 137 48 10 148 211
split_gain=88.5918 72.6507 78.1717 86.3692 76.8053 75.3952 84.931 80.4282 124.92 79.0805 95.4603 58.6943 54.8899 50.4013 45.2651 42.2727 41.9969 41.3834 39.5554 34.983 64.9571 55.6565 44.6811 38.6345 30.2208 35.0283 35.9783 33.2984 35.9114 30.9798
threshold=648.50000000000011 0.13385000079870227 0.821330095415853 0.36236743160058432 23.086683748634446 2290.5000000000005 29.500000000000004 0.14604999870061877 3247.5000000000005 7162.5000000000009 1606.0000000000002 12587.000000000002 7330.0000000000009 8528.5000000000018 0.32885000109672552 66.083836124653715 -5.739631394837752 5498.5000000000009 637.50000000000011 8799.5000000000018 40.687718865470423 12977.500000000002 12605.500000000002 37.524653848184379 -0.012549996376037596 244.50000000000003 3.8658000230789189 42.532262600762728 8255.0000000000018 -0.19360735374373481
decision_type=2 2 2 2 2 2 2 2 2 2 2 2 2 2 2 2 2 2 2 2 2 2 2 2 2 2 2 2 2 2
left_child=1 -1 3 11 5 6 -5 13 17 12 -11 19 -10 -7 15 16 -12 -9 -15 20 -3 22 -21 -24 -22 26 -26 29 -29 -27
right_child=-2 2 -4 4 -6 7 -8 8 9 10 14 -13 -14 18 -16 -17 -18 -19 -20 21 24 -23 23 -25 25 27 -28 28 -30 -31
leaf_value=-0.0026546021089291832 0.017973927504478498 -0.0030551308521386306 -0.0021176108616327003 -0.0022908624905084328 -0.0031851529804164396 -0.0022068935188387581 0.023414104271759977 0.01334280807447529 0.02376370142875377 0.025451381728991709 -0.0029646561676753606 -0.0025546936350988735 -0.0037278859419104873 0.023219341591735637 0.022173295554387108 -0.0039259455182732821 -0.0011687813384556509 0.023353136826481699 -0.0016946077389158273 0.023454914785359316 -0.0037862126991941333 -0.0027414889626863953 0.022657869000423509 -0.0035564259585810203 0.016352888844872494 -0.0024108210398389547 0.034208448365378695 -0.0040418136944823995 0.018985634134323557 0.019783629658787216
leaf_weight=186 98 316 448 70 205 69 612 141 262 75 203 484 154 298 72 355 274 242 71 514 77 206 104 133 143 184 80 298 60 272
leaf_count=186 98 316 448 70 205 69 612 141 262 75 203 484 154 298 72 355 274 242 71 514 77 206 104 133 143 184 80 298 60 272
internal_value=-0.000949188 -0.00145017 -0.000816866 0.000245861 0.00429054 0.005763 0.0158952 0.00261594 -0.000706674 -0.005575 -0.0109909 -0.00412552 0.00714964 0.0159594 -0.0141694 -0.0164755 -0.00951245 0.0168686 0.0210561 -0.00185828 -0.00531707 0.00331081 0.00773148 -0.00477273 -0.00131367 0.000302303 0.0124342 -0.00307692 -0.0109917 0.00318872
internal_weight=6706 6608 6422 5974 3103 2898 682 2216 1778 1395 979 2871 416 438 904 832 477 383 369 2387 1430 957 751 237 1114 1037 223 814 358 456
internal_count=6706 6608 6422 5974 3103 2898 682 2216 1778 1395 979 2871 416 438 904 832 477 383 369 2387 1430 957 751 237 1114 1037 223 814 358 456
is_linear=0
shrinkage=0.035


Tree=12
num_leaves=31
num_cat=0
split_feature=183 82 4 118 256 93 2 161 261 261 246 49 82 126 256 93 270 93 38 242 115 270 213 2 71 114 213 8 233 222
split_gain=137.682 119.604 101.942 82.3476 54.498 74.9535 63.5774 87.6012 71.5815 51.7476 47.3202 39.8209 39.7198 45.3642 40.9076 93.5529 54.9625 74.9271 64.3872 57.2982 49.7606 44.2564 40.4053 39.006 38.2904 36.2869 33.3126 33.0133 30.7969 29.7622
threshold=0.91205241161359507 2321.5000000000005 34.347608098718531 646.50000000000011 12.520882905978285 12524.500000000002 636.09500122070324 0.15589999780058864 574.32000732421886 570.37500000000011 0.55146946316908652 16618.000000000004 2758.5000000000005 1624.0000000000002 31.743513742615836 10474.000000000002 121.12455309057363 7133.5000000000009 7832.0000000000009 40.727546327212842 3754.5000000000005 129.54518339846558 11.132528430682774 591.63000488281261 11885.500000000002 4.571200132369996 11.530279015836777 -58.274167408409184 5889.9648437500009 11.973049095904553
decision_type=2 2 2 2 2 2 2 2 2 2 2 2 2 2 2 2 2 2 2 2 2 2 2 2 2 2 2 2 2 2
left_child=1 2 11 4 -3 6 7 27 29 23 12 -1 -9 -14 15 -15 17 18 25 26 -21 -18 -23 -7 -12 -16 -19 -6 -22 -8
right_child=-2 3 -4 -5 5 9 8 10 -10 -11 24 -13 13 14 16 -17 21 19 -20 20 28 22 -24 -25 -26 -27 -28 -29 -30 -31
leaf_value=0.021661505327159873 -0.0021360331204261286 0.027786196991417843 -0.0029668819642900356 0.015696848596726164 -0.00071155888980967814 0.021959284252175897 -0.0032517446952795336 -0.0066644171282934164 0.016592904613698702 0.0087360380191448209 -0.0029021725392760957 -0.0065778309833506091 0.018961735693383882 -0.0032281071899452809 -0.002609834586415641 0.028880050643188365 -0.0036383380773178284 0.032006659080542288 0.022078936360982036 0.023847057348484937 0.01501494284102927 0.025385215967836466 -0.0032140701019630459 -0.0026880737403215732 0.016457780571591297 0.02022071153407937 -0.0032801461179304591 0.026025022265402382 -0.002916346652610387 -0.00095564096565156414
leaf_weight=665 577 123 135 86 61 71 200 71 113 192 272 93 335 318 464 89 231 85 443 126 122 138 85 556 76 317 61 165 375 61
leaf_count=665 577 123 135 86 61 71 200 71 113 192 272 93 335 318 464 89 231 85 443 126 122 138 85 556 76 317 61 165 375 61
internal_value=-0.00099091 0.000553472 0.0123552 -0.00146919 -0.00205044 -0.00262222 -0.00073107 0.000619953 -0.0144063 -0.0122755 -0.000716856 0.0173394 0.000600306 0.00119443 -0.000244841 -0.010449 0.00147023 0.00397648 0.00934093 -0.00456718 -0.00919586 -0.00945534 0.0016886 -0.0171123 -0.0128895 0.00325064 0.0148344 0.0215152 -0.0141534 -0.0243421
internal_weight=6706 6129 893 5236 5150 5027 4208 3834 374 819 3608 758 3260 3189 2854 407 2447 1993 1224 769 623 454 223 627 348 781 146 226 497 261
internal_count=6706 6129 893 5236 5150 5027 4208 3834 374 819 3608 758 3260 3189 2854 407 2447 1993 1224 769 623 454 223 627 348 781 146 226 497 261
is_linear=0
shrinkage=0.035


Tree=13
num_leaves=31
num_cat=0
split_feature=183 82 4 118 137 183 137 82 4 270 13 63 93 216 124 13 242 219 74 242 13 49 233 247 27 115 190 13 198 221
split_gain=135.747 118.988 100.805 79.1385 84.0442 104.004 98.1398 52.3394 50.1304 47.8569 46.0053 66.2665 56.3647 47.9028 45.7929 44.1333 48.6809 43.4005 42.0357 42.0714 39.6524 39.1423 38.162 37.2986 34.7164 35.2475 45.0235 34.6112 32.4593 31.3862
threshold=0.91205241161359507 2321.5000000000005 34.347608098718531 646.50000000000011 3979.0000000000005 0.15219854974409897 10845.000000000002 9269.0000000000018 -20.590314153673997 33.634582811472264 32.7203657318734 576.50000000000011 11036.000000000002 92.030149455941071 -2.7810104029169311 32.7203657318734 35.712843918205216 -13.044544907575975 642.50000000000011 39.911920328963454 87.077355961573076 16618.000000000004 6115.7849121093759 590.64501953125011 8576.5000000000018 6823.0000000000009 -0.015600007027387617 64.27991141114579 -0.034549981355667107 35.052407905420047
decision_type=2 2 2 2 2 2 2 2 2 2 2 2 2 2 2 2 2 2 2 2 2 2 2 2 2 2 2 2 2 2
left_child=1 2 21 4 8 20 7 15 10 22 -3 13 -13 14 -12 -7 -17 24 19 -11 -6 -1 -8 -18 -10 -26 -27 -25 -9 -15
right_child=-2 3 -4 -5 5 6 9 28 17 18 11 12 -14 29 -16 16 23 -19 -20 -21 -22 -23 -24 27 25 26 -28 -29 -30 -31
leaf_value=0.020903352640709277 -0.0020612719612112152 -0.0038202947898624677 -0.0028630410955398831 0.015147458895840748 -0.0026259623480061858 -0.0028993043450639541 0.017372883165074626 0.025940357477512492 0.020682738686594287 0.022641991081383712 0.013020786389498804 0.021062635508309873 -0.0043057291950256418 0.024614199045029969 -0.0038661610695713685 0.020194780896325766 0.01114467445385953 -0.0028759994131473949 -0.0045355604590842421 -0.0015051680398929259 0.021979274817873436 -0.0063476068989333371 -0.0027493395519446952 -0.0023344334449234704 0.017764354947141056 -0.0045101866174587953 0.019156534239778734 -0.0037604359315840932 -0.0013585178661877496 -0.0034459977532353566
leaf_weight=665 577 159 135 86 753 319 78 62 390 318 140 569 76 82 269 66 206 118 88 104 64 93 70 369 297 76 94 118 167 98
leaf_count=665 577 159 135 86 753 319 78 62 390 318 140 569 76 82 269 66 206 118 88 104 64 93 70 369 297 76 94 118 167 98
internal_value=-0.00110565 0.000427943 0.0121993 -0.00158939 -0.00215907 -0.00627915 -0.00190102 -0.00744284 0.00268437 0.00907994 -0.00157725 0.000734463 0.00845385 -0.00771886 -0.0142874 -0.0106648 -0.00600131 0.00875 0.0141359 0.0186885 -0.0167336 0.017156 -0.00823529 -0.00877507 0.0114907 0.00496822 -0.0076 -0.0140142 0.00762821 0.00718919
internal_weight=6706 6129 893 5236 5150 2782 1965 1307 2368 658 1393 1234 645 589 409 1078 759 975 510 422 817 758 148 693 857 467 170 487 229 180
internal_count=6706 6129 893 5236 5150 2782 1965 1307 2368 658 1393 1234 645 589 409 1078 759 975 510 422 817 758 148 693 857 467 170 487 229 180
is_linear=0
shrinkage=0.035


Tree=14
num_leaves=31
num_cat=0
split_feature=183 82 4 118 137 183 137 82 287 270 256 242 256 49 107 242 247 256 27 213 198 247 272 115 93 148 137 93 216 148
split_gain=132.784 119.571 100.528 72.6396 83.1982 101.383 91.9189 52.7082 50.6486 46.4592 43.6019 48.9984 39.6524 39.2092 38.6503 36.9025 35.8919 34.6112 33.1705 32.7422 32.4593 32.0797 30.4405 30.3922 30.0929 53.7655 29.9065 45.0627 38.446 34.7495
threshold=0.91205241161359507 2290.5000000000005 34.347608098718531 646.50000000000011 3979.0000000000005 0.15219854974409897 10845.000000000002 9269.0000000000018 1.0000000180025095e-35 33.634582811472264 32.7203657318734 35.712843918205216 87.077355961573076 16618.000000000004 642.50000000000011 39.911920328963454 590.64501953125011 64.27991141114579 8576.5000000000018 11.011835613971177 -0.034549981355667107 609.88500976562511 -0.012549996376037596 6823.0000000000009 12311.500000000002 2044.0000000000002 384.50000000000006 2182.5000000000005 88.393129121009366 1637.5000000000002
decision_type=2 2 2 2 2 2 2 2 2 2 2 2 2 2 2 2 2 2 2 2 2 2 2 2 2 2 2 2 2 2
left_child=1 2 13 4 8 12 7 10 22 21 -7 -12 -6 23 15 -11 -13 24 19 -10 -9 -8 -3 -1 25 -18 -24 -28 29 -29
right_child=-2 3 -4 -5 5 6 9 20 18 14 11 16 -14 -15 -16 -17 17 -19 -20 -21 -22 -23 26 -25 -26 -27 27 28 -30 -31
leaf_value=0.019056962402292685 -0.0019891274425688234 -0.003454869548871389 -0.0027628346571959856 0.01461729783448632 -0.00253405366582597 -0.0027978286929867171 0.016732604243204642 0.025032444965799556 0.013939056824504342 0.02179909619205023 0.019487963564954358 0.010754610847974445 0.021210000199247864 -0.006125440657470671 -0.0043768158430162948 -0.0014524871584966717 -0.0027658359617923956 -0.0036288206739786516 0.010534270591170115 0.027075940716138631 -0.0013109697408711768 -0.0025890090642635946 0.021566352249386463 0.021092875803566512 -0.002902857719472672 0.02485193182355689 -0.002911291747499403 -0.0051221647741782773 0.022206511861927691 0.0091273740039604541
leaf_weight=273 577 75 135 86 753 319 73 62 79 330 66 206 64 93 88 104 210 118 301 173 167 75 261 380 75 84 333 147 92 907
leaf_count=273 577 75 135 86 753 319 73 62 79 330 66 206 64 93 88 104 210 118 301 173 167 75 261 380 75 84 333 147 92 907
internal_value=-0.00128297 0.000233942 0.0121275 -0.00177232 -0.00231662 -0.00640229 -0.00210141 -0.00749619 0.00250737 0.0084 -0.0107295 -0.00609293 -0.0167336 0.0171505 0.0132827 0.0175399 -0.00887536 -0.0140142 0.0117294 0.0209728 0.00762821 -0.00869281 -0.000326923 0.0201596 -0.00851604 -0.00327759 0.000641834 -0.00129717 0.00200695 6.61001e-05
internal_weight=6706 6129 881 5248 5162 2794 1977 1307 2368 670 1078 759 817 746 522 434 693 487 553 252 229 148 1815 653 369 294 1740 1479 1146 1054
internal_count=6706 6129 881 5248 5162 2794 1977 1307 2368 670 1078 759 817 746 522 434 693 487 553 252 229 148 1815 653 369 294 1740 1479 1146 1054
is_linear=0
shrinkage=0.035


Tree=15
num_leaves=31
num_cat=0
split_feature=183 126 6 137 183 7 270 270 242 261 242 272 115 27 2 153 193 151 233 49 27 287 223 93 270 214 274 201 27 11
split_gain=131.401 115.778 83.3643 71.7961 94.8578 67.6783 54.3521 53.2925 53.1405 55.9202 44.5345 40.8956 42.2396 40.4154 85.376 55.7221 47.253 42.9187 40.2107 47.1237 34.9339 34.0106 32.1495 29.6958 28.7817 42.328 27.4997 33.3685 27.1913 26.2245
threshold=0.91205241161359507 1463.5000000000002 23.086683748634446 3979.0000000000005 0.15219854974409897 -11.156550672226025 116.61706132643597 127.06182587021382 22.04783541884937 537.14999389648449 74.802186047914049 0.028799999505281452 1677.5000000000002 7901.5000000000009 616.20999145507824 -0.11805765171849668 0.12003074543964276 0.18892499804496768 5963.4650878906259 8892.5000000000018 9256.0000000000018 1.0000000180025095e-35 6.3688209091467707 12587.000000000002 96.043556421941432 0.039049997925758369 -0.35868571563062729 0.30169999599456793 8576.5000000000018 145.42700000919191
decision_type=2 2 2 2 2 2 2 2 2 2 2 2 2 2 2 2 2 2 2 2 2 2 2 2 2 2 2 2 2 2
left_child=1 2 8 6 10 13 11 -8 22 18 -5 21 -13 15 16 -6 -15 23 -10 -20 -7 24 -1 -16 25 26 -3 -28 -23 -18
right_child=-2 3 -4 4 5 20 7 -9 9 -11 -12 12 -14 14 17 -17 29 -19 19 -21 -22 28 -24 -25 -26 -27 27 -29 -30 -31
leaf_value=0.017636419531720571 -0.0019195079820789136 -0.0049797588809366109 -0.0026716228543256812 -0.0023628641556668818 -0.0035450271483482795 -0.0022077162821486293 -0.0039022863552330327 -0.0019017435063377927 0.01821999397088523 0.017548871459038641 0.015151430699361208 0.01847695234444054 -0.0036940596986686429 0.0078242088661776947 0.020150845168887543 0.01827635672767209 -0.0025698544119387343 -0.0034316534233407472 -0.006193520930180091 0.028484253029697797 0.020877803102926154 0.024655105007553631 -0.0038861528994789374 -0.0029856115698814753 0.020323793663496521 0.020346062099307921 0.01484644256794641 -0.0034046251055377271 0.014333278907262921 -0.0018115736305534882
leaf_weight=60 577 112 140 682 84 62 128 340 507 315 131 94 251 104 207 222 428 94 116 138 207 188 62 180 232 244 304 209 220 68
leaf_count=60 577 112 140 682 84 62 128 340 507 315 131 94 251 104 207 222 428 94 116 138 207 188 62 180 232 244 304 209 220 68
internal_value=-0.00136641 0.000142648 0.00922561 -0.00240096 -0.00655012 -0.00172787 0.00201547 -0.00858351 0.0122195 0.0146994 -0.016302 0.00470683 -0.0061 -0.00485273 -0.00802486 0.00630225 -0.0167769 0.00295267 0.00945822 -0.00189189 0.0141788 0.00718956 -0.00937008 0.008125 0.0039557 0.00100114 -0.00383333 -0.000337838 0.0157627 -0.0212375
internal_weight=6706 6129 1338 4791 2469 1656 2322 468 1198 1076 813 1854 345 1387 1081 306 600 481 761 254 269 1509 122 387 1101 869 625 513 408 496
internal_count=6706 6129 1338 4791 2469 1656 2322 468 1198 1076 813 1854 345 1387 1081 306 600 481 761 254 269 1509 122 387 1101 869 625 513 408 496
is_linear=0
shrinkage=0.035


Tree=16
num_leaves=31
num_cat=0
split_feature=183 104 137 8 88 213 225 261 270 93 214 272 93 233 274 71 6 270 233 137 27 213 270 13 27 6 213 115 4 93
split_gain=130.025 125.091 105.848 101.771 64.3633 67.9454 63.9028 56.0982 55.9407 49.337 45.0815 42.2549 42.8923 38.8988 76.858 59.8738 37.5659 37.3341 34.7057 33.711 51.999 33.3491 32.0536 30.5959 29.1668 40.4174 28.8988 76.8222 28.5701 32.3568
threshold=0.91205241161359507 3920.0000000000005 3979.0000000000005 -9.6016344916430185 0.16609999537467959 11.652896071549055 0.32937792613593381 575.17999267578136 120.50227794513386 932.50000000000011 0.017650038003921512 0.028799999505281452 2112.0000000000005 5967.4948730468759 0.19106994030612198 8311.0000000000018 17.157732161330575 127.06182587021382 6054.6198730468759 10845.000000000002 17232.000000000004 11.132528430682774 70.993619739684206 31.743513742615836 6532.5000000000009 -27.02557566588094 11.261311704505404 17923.500000000004 43.283831492018997 1293.0000000000002
decision_type=2 2 2 2 2 2 2 2 2 2 2 2 2 2 2 2 2 2 2 2 2 2 2 2 2 2 2 2 2 2
left_child=1 4 8 7 5 16 13 10 9 -3 -4 12 -11 15 -15 28 -1 -10 -16 24 -21 -19 23 -20 25 -12 -2 -28 29 -6
right_child=26 2 3 -5 6 -7 -8 -9 17 11 19 -13 -14 14 18 -17 -18 21 22 20 -22 -23 -24 -25 -26 -27 27 -29 -30 -31
leaf_value=0.020027889583453619 -0.0018879937704816532 0.019662397488932705 -0.0026216674657210974 0.02368637280075234 -0.003246601211193469 -0.0057271241271532247 -0.0027106223657846198 0.019074236413476414 -0.0034465120109831481 -0.0026844744909186487 -0.004919979119551744 -0.0030339998099636108 0.015327904070993881 0.015348127216130032 -0.0033707404790212182 0.020739128328095154 -0.003508688966469632 0.023588131270169045 0.006969504515021787 0.01571601698847671 -0.0020142217174691475 -0.002942129599206921 0.028203673497917258 -0.0062454806677238331 -0.0024797968324534367 0.025762031673900013 0.022669555974475696 -0.0023786641273722876 -0.0037169680865458423 0.016893900169570271
leaf_weight=352 351 155 279 112 170 97 99 114 103 136 89 287 1108 170 237 252 67 112 74 218 109 107 70 70 912 80 115 111 71 479
leaf_count=352 351 155 279 112 170 97 99 114 103 136 89 287 1108 170 237 252 67 112 74 218 109 107 70 70 912 80 115 111 71 479
internal_value=-0.00144986 5.13531e-05 -0.00369969 -0.00958029 0.00670583 0.0174664 0.00338244 -0.0116085 0.00191257 0.00447073 -0.0132181 0.0025293 0.00532426 0.00510325 -0.00173323 0.00945752 0.0235259 -0.0113456 -0.00928728 -0.0106016 -0.000737952 -0.00296875 0.000958904 -0.00845638 -0.0135681 -0.000201149 -0.0172595 -0.00727273 0.00424828 0.00658257
internal_weight=6706 6129 3921 1913 2208 516 1692 1801 2008 1686 1687 1531 1244 1593 621 972 419 322 451 1408 327 219 214 144 1081 169 577 226 720 649
internal_count=6706 6129 3921 1913 2208 516 1692 1801 2008 1686 1687 1531 1244 1593 621 972 419 322 451 1408 327 219 214 144 1081 169 577 226 720 649
is_linear=0
shrinkage=0.035


Tree=17
num_leaves=31
num_cat=0
split_feature=183 104 137 8 88 213 233 274 71 261 270 183 214 82 5 6 270 272 173 213 261 137 104 4 93 213 4 194 74 183
split_gain=127.974 124.29 101.405 101.771 66.2761 67.9454 63.6132 72.6192 64.2644 56.0982 53.9127 49.4902 45.0815 43.462 39.4817 37.5659 37.3341 36.8234 39.4606 33.3491 33.0984 32.2605 48.7147 29.9689 30.0334 28.8988 62.6485 28.8956 28.2891 28.4162
threshold=0.91205241161359507 3920.0000000000005 3979.0000000000005 -9.6016344916430185 0.16609999537467959 11.652896071549055 5967.4948730468759 0.19106994030612198 8311.0000000000018 575.17999267578136 120.50227794513386 -0.81559342135369517 0.017650038003921512 2252.0000000000005 3.545091268853318 17.157732161330575 127.06182587021382 0.028799999505281452 -0.18077492748352311 11.132528430682774 528.43750000000011 10845.000000000002 8088.0000000000009 43.283831492018997 1293.0000000000002 11.261311704505404 2.0213927909679721 0.019119385249189002 635.50000000000011 0.4326174186718364
decision_type=2 2 2 2 2 2 2 2 2 2 2 2 2 2 2 2 2 2 2 2 2 2 2 2 2 2 2 2 2 2
left_child=1 4 10 9 5 15 8 -8 23 12 11 -3 -4 27 -15 -1 -12 18 20 -18 -13 28 -23 24 -6 -2 -27 -9 29 -14
right_child=25 2 3 -5 6 -7 7 13 -10 -11 16 17 21 14 -16 -17 19 -19 -20 -21 -22 22 -24 -25 -26 26 -28 -29 -30 -31
leaf_value=0.019326913448032741 -0.0018219139885147953 0.021372715341901962 -0.0025299091044208581 0.022857349752726012 -0.0031329701688016976 -0.0055266747827028631 0.013146734952068903 -0.0083177305043518248 0.020013258836611824 0.018406638139004738 -0.0033258840905987389 0.0021037879713261226 -0.0020738112531125236 0.0092567924004897592 -0.0034742582256122863 -0.0033858848526431939 0.022762546675713126 -0.0027457685191221389 0.016117288875017306 -0.0028391550632346787 -0.0043720202982430916 0.015421284233063225 -0.0018538369916026359 -0.0028435654676380361 0.016301625982558503 0.0219188150663744 -0.0022954108829142568 0.020586374737008313 -0.0028101040751086805 -0.0029603771536769394
leaf_weight=352 351 111 279 112 170 97 195 80 252 114 103 309 843 62 286 67 112 297 882 107 87 177 150 81 483 83 143 83 112 126
leaf_count=352 351 111 279 112 170 97 195 80 252 114 103 309 843 62 286 67 112 297 882 107 87 177 150 81 483 83 143 83 112 126
internal_value=-0.00157503 -8.55885e-05 -0.0038245 -0.00958029 0.00654767 0.0174664 0.00317619 -0.00482419 0.0089001 -0.0116085 0.00166915 0.00418096 -0.0132181 -0.0117345 -0.0186402 0.0235259 -0.0113456 0.00254747 0.0051286 -0.00296875 -0.00401496 -0.0106016 -0.000948795 0.00359946 0.00611702 -0.0172595 -0.00727273 0.003125 -0.0135037 -0.011463
internal_weight=6706 6129 3921 1913 2208 516 1692 706 986 1801 2008 1686 1687 511 348 419 322 1575 1278 219 396 1408 327 734 653 577 226 163 1081 969
internal_count=6706 6129 3921 1913 2208 516 1692 706 986 1801 2008 1686 1687 511 348 419 322 1575 1278 219 396 1408 327 734 653 577 226 163 1081 969
is_linear=0
shrinkage=0.035


Tree=18
num_leaves=31
num_cat=0
split_feature=183 82 6 137 137 183 129 148 203 49 287 129 242 115 8 218 270 272 77 173 113 33 71 213 115 137 93 133 148 137
split_gain=127.634 123.301 99.4183 65.6337 111.099 59.7932 57.5711 60.9695 56.3913 74.497 47.537 40.2216 37.4834 50.5216 35.2174 34.5345 29.9841 29.725 29.4026 42.9434 46.5575 39.7537 29.3298 28.8988 76.8222 28.45 45.0238 41.0246 33.4383 32.4937
threshold=0.91205241161359507 2290.5000000000005 22.089760377341456 3979.0000000000005 7381.5000000000009 0.14605132723815314 614.50000000000011 466.50000000000006 0.74256421857655119 9024.0000000000018 1.0000000180025095e-35 594.50000000000011 20.320728196972876 9403.5000000000018 -28.727306205379051 9.1045872346554031 50.218197441614699 -0.012549996376037596 0.14069999754428866 0.065652420195280517 -2.6054830460363827 0.42795000970363622 14222.000000000002 11.261311704505404 17923.500000000004 384.50000000000006 2182.5000000000005 95.258267513021991 1637.5000000000002 1449.5000000000002
decision_type=2 2 2 2 2 2 2 2 2 2 2 2 2 2 2 2 2 2 2 2 2 2 2 2 2 2 2 2 2 2
left_child=1 2 14 10 18 -6 7 -7 9 -8 17 -9 -13 -14 -1 -11 -12 -3 -5 20 -20 -21 -10 -2 -25 -19 29 28 -28 -27
right_child=23 3 -4 4 5 6 8 11 22 15 16 12 13 -15 -16 -17 -18 25 19 21 -22 -23 -24 24 -26 26 27 -29 -30 -31
leaf_value=0.015531544435420331 -0.001758146998916776 -0.0029950656287097313 -0.0025189800573774197 -0.0018139266033060772 -0.0020999810740003513 -0.0034384418818929089 -0.0037387681327768511 0.019766631820023126 0.018711018223021601 -0.0056576005140237355 -0.0050793866615800407 0.015929339305356453 0.014276322669791982 -0.0028031809242743833 0.019926137663042576 0.020325515597865378 0.016275997885964091 0.020018716273202293 -0.003718479999056926 -0.002693441417641486 0.01636733817495591 0.015557004263374519 0.004857410995319885 0.021343100580742014 -0.0022150715020122567 -0.0030713164016695684 -0.005351688588675782 0.020267562286526871 0.0072980974105076963 0.015201033518129852
leaf_weight=616 351 75 111 114 281 203 80 156 250 69 82 142 70 138 154 192 471 261 111 653 241 60 119 115 111 269 147 94 906 64
leaf_count=616 351 75 111 114 281 203 80 156 250 69 82 142 70 138 154 192 471 261 111 653 241 60 119 115 111 269 147 94 906 64
internal_value=-0.00159589 -0.000108412 0.0119695 -0.00214544 -0.00569175 4.10557e-05 0.00297402 -0.00406863 0.00998601 -0.000303468 0.00216723 0.00246575 -0.00414085 -0.0134742 0.0164387 0.00881579 0.0111022 -0.000576606 -0.0139231 -0.0120047 -0.00196078 -0.016915 0.0193717 -0.0172595 -0.00727273 0.000380871 -0.00150842 0.00179253 -0.000231569 -0.0127367
internal_weight=6706 6129 881 5248 2879 1700 1419 709 710 341 2369 506 350 208 770 261 553 1816 1179 1065 352 713 369 577 226 1741 1480 1147 1053 333
internal_count=6706 6129 881 5248 2879 1700 1419 709 710 341 2369 506 350 208 770 261 553 1816 1179 1065 352 713 369 577 226 1741 1480 1147 1053 333
is_linear=0
shrinkage=0.035


Tree=19
num_leaves=31
num_cat=0
split_feature=183 82 6 137 137 183 129 148 203 49 287 129 242 115 27 8 218 213 213 115 93 242 133 148 71 213 221 137 256 71
split_gain=122.242 124.251 98.9081 63.4184 109.142 58.7918 56.7759 60.2249 56.4945 73.4583 45.7451 40.9801 37.2699 42.8829 36.5866 35.6674 33.6792 30.867 30.495 73.8347 29.131 54.9908 51.3055 34.5201 28.5683 28.2827 28.2701 32.9726 32.6674 47.8355
threshold=0.91205241161359507 2290.5000000000005 22.089760377341456 3979.0000000000005 7381.5000000000009 0.14605132723815314 614.50000000000011 466.50000000000006 0.74256421857655119 9024.0000000000018 1.0000000180025095e-35 594.50000000000011 18.859172884859152 9403.5000000000018 8576.5000000000018 -28.727306205379051 9.1045872346554031 11.011835613971177 11.250833156676668 17923.500000000004 2182.5000000000005 81.877342192060041 95.258267513021991 1637.5000000000002 14222.000000000002 11.699056423403674 46.456863467618277 1968.5000000000002 34.448280384639247 6926.0000000000009
decision_type=2 2 2 2 2 2 2 2 2 2 2 2 2 2 2 2 2 2 2 2 2 2 2 2 2 2 2 2 2 2
left_child=1 2 15 10 -5 25 7 -7 9 -8 20 -9 -13 -14 17 -1 -11 -12 -2 -20 21 -3 23 -22 -10 -6 28 -28 29 -25
right_child=18 3 -4 4 5 6 8 11 24 16 14 12 13 -15 -16 -17 -18 -19 19 -21 22 -23 -24 26 -26 -27 27 -29 -30 -31
leaf_value=0.014987940380180618 -0.0016966118539546899 -0.0033131786808921447 -0.0024308157553692114 -0.0022193289616266407 -0.0017332158713412101 -0.0033180964160266571 -0.0036079112481296615 0.019074799706322317 0.018056132585215847 -0.005459584496032904 0.010856757819049063 0.015371812429668976 0.013776651376349262 -0.002449877347636473 0.007993664679605824 0.019228722844836083 0.019614122551940092 0.024085584968319459 0.019704829740499502 -0.0021375439994418266 -0.0051643794880721289 0.00089212279855815132 0.020182372387602312 -0.0062900467695758454 0.0046874016104836887 -0.0020807600294949369 0.011267078453540788 -0.0056158440993049888 0.019800808982765553 0.015914475963028953
leaf_weight=616 339 190 111 1179 107 203 80 156 250 69 79 114 70 166 301 154 192 173 127 111 147 439 118 64 119 174 225 174 352 107
leaf_count=616 339 190 111 1179 107 203 80 156 250 69 79 114 70 166 301 154 192 173 127 111 147 439 118 64 119 174 225 174 352 107
internal_value=-0.00168976 -0.000233942 0.0118905 -0.0022787 -0.00576456 -8.21114e-05 0.00282654 -0.00416667 0.00979021 -0.00050578 0.00196083 0.00232877 -0.00433803 -0.0121992 0.0107258 0.0163484 0.00855263 0.020428 -0.0170189 -0.00720165 -0.000730368 -0.00679022 0.00249581 3.25885e-05 0.0191845 -0.0145629 0.00256742 -0.00441832 0.00788826 -0.00457386
internal_weight=6706 6129 881 5248 2879 1700 1419 709 710 341 2369 506 350 236 553 770 261 252 577 238 1816 629 1187 1069 369 281 922 399 523 171
internal_count=6706 6129 881 5248 2879 1700 1419 709 710 341 2369 506 350 236 553 770 261 252 577 238 1816 629 1187 1069 369 281 922 399 523 171
is_linear=0
shrinkage=0.035


Tree=20
num_leaves=31
num_cat=0
split_feature=183 104 137 8 88 233 274 261 270 183 49 4 93 214 60 6 272 270 5 137 27 27 6 4 80 27 260 93 93 55
split_gain=127.554 122.738 97.0577 101.771 68.6078 65.9835 70.117 56.0982 55.4629 47.7306 46.2465 46.127 55.158 45.0815 39.2582 36.2954 35.6528 35.4419 34.0531 32.2605 50.8802 30.7138 39.8275 27.9164 49.2111 31.1783 27.4033 27.2772 35.3833 81.7005
threshold=0.91205241161359507 3920.0000000000005 3979.0000000000005 -9.6016344916430185 0.16609999537467959 5967.4948730468759 0.19106994030612198 575.17999267578136 120.50227794513386 -0.81559342135369517 16618.000000000004 43.283831492018997 1293.0000000000002 0.017650038003921512 2991.5000000000005 17.157732161330575 0.028799999505281452 127.06182587021382 3.545091268853318 10845.000000000002 17232.000000000004 6532.5000000000009 -36.769611446715551 -5.1757543948963294 -5.8820924474664373 13358.500000000002 -0.12172968490626165 12587.000000000002 10325.000000000002 0.21895000338554385
decision_type=2 2 2 2 2 2 2 2 2 2 2 2 2 2 2 2 2 2 2 2 2 2 2 2 2 2 2 2 2 2
left_child=1 4 8 7 10 11 -7 13 9 -3 15 12 -6 -4 -8 -1 -11 -10 -16 21 -21 22 -15 24 -2 -25 -18 28 -23 -30
right_child=23 2 3 -5 5 6 14 -9 17 16 -12 -13 -14 19 18 -17 26 -19 -20 20 -22 27 -24 25 -26 -27 -28 -29 29 -31
leaf_value=0.017406761594784916 -0.0018945516100525646 0.020061409833851317 -0.0024427387576261114 0.020912974555004384 -0.0029960246505593051 0.011623035151388725 0.0093476791235187172 0.016507795962358025 -0.0030547914256890993 0.011204195779023231 -0.0048361443085814994 -0.0023248769282409689 0.016599453765799386 -0.0049164618553478243 0.0077734976603808714 -0.0028782774074486974 0.0083906001341243069 -0.0020345358183903742 -0.0032103380509621001 0.013545997986272536 -0.0017325137240292983 -0.0021123043538531258 0.022248931379751462 -0.0017483394573920832 0.024365788307217268 -0.00079000181433883663 -0.0041308118263253266 -0.0027027188922184664 0.024580106314943409 -0.0037210195887355038
leaf_weight=334 60 111 279 112 170 195 126 114 103 1278 115 104 712 67 63 67 151 219 322 218 109 534 102 365 60 92 146 206 94 78
leaf_count=334 60 111 279 112 170 195 126 114 103 1278 115 104 712 67 63 67 151 219 322 218 109 534 102 365 60 92 146 206 94 78
internal_value=-0.00172105 -0.000233942 -0.00394931 -0.00958029 0.00635789 0.0029287 -0.005218 -0.0116085 0.00142573 0.00397398 0.0174664 0.00875883 0.0113641 -0.0132181 -0.0120058 0.0230172 0.00237025 -0.0117737 -0.0175 -0.0106016 -0.000948795 -0.0135037 0.000201149 -0.0173797 -0.00224 -0.0212879 -0.00846026 -0.0160305 -0.012602 0.00118644
internal_weight=6706 6129 3921 1913 2208 1692 706 1801 2008 1686 516 986 882 1687 511 401 1575 322 385 1408 327 1081 169 577 120 457 297 912 706 172
internal_count=6706 6129 3921 1913 2208 1692 706 1801 2008 1686 516 986 882 1687 511 401 1575 322 385 1408 327 1081 169 577 120 457 297 912 706 172
is_linear=0
shrinkage=0.035


Tree=21
num_leaves=31
num_cat=0
split_feature=183 82 6 27 118 256 115 132 233 256 71 151 60 27 216 148 10 104 148 8 183 185 219 153 203 126 124 4 80 27
split_gain=126.536 124.033 98.3993 55.0219 52.6248 52.8252 55.0934 67.7387 54.2783 82.0747 72.2398 52.9985 82.6959 75.8746 72.1221 63.3026 40.0939 37.233 56.7514 36.12 32.4817 32.989 31.3068 30.366 29.8379 29.5277 40.162 27.9164 49.2111 31.1783
threshold=0.91205241161359507 2290.5000000000005 22.089760377341456 34009.500000000007 646.50000000000011 12.520882905978285 4408.0000000000009 0.4601499885320664 5751.0598144531259 34.448280384639247 6926.0000000000009 0.18820000067353251 9893.0000000000018 7162.5000000000009 28.372122820118513 1154.0000000000002 151.85632034617734 4936.0000000000009 2423.0000000000005 -28.727306205379051 0.41627067810304258 0.013002997672852986 -37.27794257499437 0.40107698443897694 0.72172506072333475 1612.0000000000002 -1.7290601895944431 -5.1757543948963294 -5.8820924474664373 13358.500000000002
decision_type=2 2 2 2 2 2 2 2 2 2 2 2 2 2 2 2 2 2 2 2 2 2 2 2 2 2 2 2 2 2
left_child=1 2 19 4 5 -3 8 11 16 10 -10 12 17 15 22 -13 -7 -8 24 -1 21 -16 -14 -20 -19 26 -15 28 -2 -29
right_child=27 3 -4 -5 -6 6 7 -9 9 -11 -12 13 14 25 20 -17 -18 18 23 -21 -22 -23 -24 -25 -26 -27 -28 29 -30 -31
leaf_value=0.013879824227506757 -0.0018282423037007242 0.02179961588850287 -0.0023488976298828988 -0.0023228871531620712 0.011156427815947547 -0.0027793019716655619 0.016611166018944773 0.015798251914178947 -0.004646428212503011 0.018464947014885803 0.012593664654751686 -0.003466158754202885 -0.001513663926613996 0.016217340448129391 0.018073687799724205 0.020007765291179602 0.017516301680910364 -0.003457738296932565 0.021807017034474206 0.018172242948613304 -0.0022763077214632273 -0.0017315775440346483 -0.0022282227701568395 -0.0048713213129999173 0.0024100835463954258 -0.0027569472200512572 -0.004316755649001849 -0.0016871475763833611 0.023512985716464662 -0.00076235175083697656
leaf_weight=616 60 123 111 127 86 691 284 191 113 700 92 233 86 123 132 214 97 96 180 154 71 111 170 61 65 1074 128 365 60 92
leaf_count=616 60 123 111 127 86 691 284 191 113 700 92 233 86 123 132 214 97 96 180 154 71 111 170 61 65 1074 128 365 60 92
internal_value=-0.00178364 -0.000302413 0.0118115 -0.00234533 -0.00176844 -0.00224306 -0.00281879 -0.00550403 0.00228799 0.00811538 -0.0111667 -0.00678536 -0.00127676 -0.0106753 -0.0110783 0.00178097 -0.00441362 0.00688857 0 0.0162581 0.000219436 0.00635081 -0.0246743 0.0106707 -0.0158133 -0.0148684 -0.00396484 -0.0173797 -0.00224 -0.0212879
internal_weight=6706 6129 881 5248 5121 5035 4912 3219 1693 905 205 3028 1256 1772 570 447 788 686 402 770 314 243 256 241 161 1325 251 577 120 457
internal_count=6706 6129 881 5248 5121 5035 4912 3219 1693 905 205 3028 1256 1772 570 447 788 686 402 770 314 243 256 241 161 1325 251 577 120 457
is_linear=0
shrinkage=0.035


Tree=22
num_leaves=31
num_cat=0
split_feature=183 104 137 8 88 213 233 274 71 270 214 183 137 104 6 60 270 272 5 213 213 115 213 4 60 288 274 33 27 132
split_gain=124.849 118.959 97.7903 102.7 68.8118 70.2473 67.7197 70.4277 67.3278 54.5926 52.1352 48.2819 43.4191 61.8487 40.3563 36.1053 35.4419 34.7872 31.4546 30.4111 29.0919 67.6934 28.8982 28.5469 27.7306 31.8143 27.6428 34.4988 36.5505 44.5881
threshold=0.91205241161359507 3920.0000000000005 3979.0000000000005 -9.6016344916430185 0.16609999537467959 11.652896071549055 5967.4948730468759 0.19106994030612198 8311.0000000000018 120.50227794513386 0.017650038003921512 -0.81559342135369517 10845.000000000002 8088.0000000000009 17.157732161330575 2991.5000000000005 127.06182587021382 0.028799999505281452 3.545091268853318 11.132528430682774 11.313248163306925 17923.500000000004 11.02318428073619 43.283831492018997 5721.0000000000009 1.0000000180025095e-35 0.21055331127836582 0.28634999692440039 10230.000000000002 0.18675000220537188
decision_type=2 2 2 2 2 2 2 2 2 2 2 2 2 2 2 2 2 2 2 2 2 2 2 2 2 2 2 2 2 2
left_child=1 4 9 10 5 14 8 -8 23 11 -4 -3 26 -14 -1 -9 -11 22 -17 -18 -2 -22 -13 24 25 -6 27 28 29 -12
right_child=20 2 3 -5 6 -7 7 15 -10 16 12 17 13 -15 -16 18 19 -19 -20 -21 21 -23 -24 -25 -26 -27 -28 -29 -30 -31
leaf_value=0.016216134128304374 -0.0015491646171688978 0.018746189930834659 -0.0023160498812342563 0.019481512915929703 0.015368686114147443 -0.0054877874764836113 0.010825753947531956 0.008534716506232826 0.017402005928212727 -0.0028505981567816872 -0.0029524320939460324 -0.0029263126648737276 0.014176874579406803 -0.001687312137728388 -0.0033589285088510583 0.0075979183949693345 0.020567263352093634 -0.0030673058344299602 -0.0030102146416503988 -0.0030577553594028912 0.01998966042760103 -0.0020083975846802117 0.012389073292599549 -0.0024072157132902362 -0.0035050589598514567 -0.0070775050306829089 -0.0024051775463209122 -0.0037996394131116209 -0.0015404558487588939 0.02429965644143026
leaf_weight=352 385 111 284 112 425 97 195 126 252 103 74 201 214 173 67 63 112 297 322 107 99 93 1077 81 149 79 388 187 327 154
leaf_count=352 385 111 284 112 425 97 195 126 252 103 74 201 214 173 67 63 112 297 322 107 99 93 1077 81 149 79 388 187 327 154
internal_value=-0.00188795 -0.000416531 -0.00407412 -0.00972628 0.0060732 0.0171977 0.00263995 -0.00561181 0.00854692 0.00132141 -0.0117636 0.00384979 -0.00912943 0.000982143 0.0233608 -0.0124128 -0.0117737 0.00223734 -0.0176795 -0.00359375 -0.0173797 -0.00604061 0.00474669 0.00312585 0.00558511 0.00948919 -0.0125815 -0.00852744 -0.0040625 0.00660944
internal_weight=6706 6129 3921 1913 2208 516 1692 706 986 2008 1801 1686 1517 387 419 511 322 1575 385 219 577 192 1278 734 653 504 1130 742 555 228
internal_count=6706 6129 3921 1913 2208 516 1692 706 986 2008 1801 1686 1517 387 419 511 322 1575 385 219 577 192 1278 734 653 504 1130 742 555 228
is_linear=0
shrinkage=0.035


Tree=23
num_leaves=31
num_cat=0
split_feature=183 82 6 137 137 183 129 148 203 49 11 129 63 63 242 115 8 148 274 13 221 13 272 218 71 140 81 13 146 183
split_gain=123.34 125.236 97.3856 64.239 103.926 55.1912 55.9985 59.0723 54.5693 71.4017 44.75 44.0828 40.0914 45.7198 38.1275 38.9206 34.8706 33.8286 38.985 40.7831 57.0482 41.2125 40.3003 32.0004 30.3642 29.9399 35.1091 30.694 29.7495 32.8448
threshold=0.91205241161359507 2290.5000000000005 22.089760377341456 3979.0000000000005 7381.5000000000009 0.14605132723815314 614.50000000000011 466.50000000000006 0.74256421857655119 9024.0000000000018 192.57379081451973 594.50000000000011 576.50000000000011 581.50000000000011 18.859172884859152 9403.5000000000018 -28.727306205379051 1637.5000000000002 -0.02811992896070226 34.775438628531006 42.831018189560645 23.11766417446816 0.028799999505281452 9.1045872346554031 14222.000000000002 567.25000000000011 4.5357999801635751 79.374898429032314 -1.015138218142517 -0.42006479108617417
decision_type=2 2 2 2 2 2 2 2 2 2 2 2 2 2 2 2 2 2 2 2 2 2 2 2 2 2 2 2 2 2
left_child=1 2 16 10 -5 -6 7 -7 9 -8 12 -9 25 -14 -13 -16 -1 -15 19 21 -21 -19 -20 -11 -10 26 28 -27 29 -3
right_child=-2 3 -4 4 5 6 8 11 24 23 -12 14 13 17 15 -17 -18 18 22 20 -22 -23 -24 -25 -26 27 -28 -29 -30 -31
leaf_value=0.013033181580338537 -0.0014324640338329703 -0.0032681144141739572 -0.0025359672884745603 -0.0019272309797717776 -0.0018846425237375466 -0.0030556561609672924 -0.0032316330636577594 0.017027231644706157 0.01650905634796249 -0.0051403453064700318 0.015957856372489362 0.013984814011228886 0.021864486101394739 -0.0039219451467433237 0.012273204078223448 -0.002330274036240526 0.017089061889594834 0.011371752447445288 0.017111332820727684 0.019474102999760771 -0.0033978813672129338 -0.0046835949806543799 -0.0035037223163516531 0.018017989217113346 0.0036789301507026383 -0.003786776616111208 0.014363068122672646 0.009590548663878996 -0.0055604813703106206 0.018344990864932919
leaf_weight=616 577 162 111 1179 281 203 80 156 250 69 175 114 126 136 70 166 154 63 447 203 220 164 62 192 119 122 161 68 154 106
leaf_count=616 577 162 111 1179 281 203 80 156 250 69 175 114 126 136 70 166 154 63 447 203 220 164 62 192 119 122 161 68 154 106
internal_value=-0.00198182 -0.000519237 0.0116535 -0.00257186 -0.0060801 -0.000533724 0.00228581 -0.00465686 0.0092028 -0.000910405 0.00169545 0.00178082 0.000318327 0.00380435 -0.00512676 -0.0130705 0.0160774 0.00180385 0.00375859 -0.00192366 0.00449766 -0.0137284 0.010963 0.00802632 0.0184358 -0.00607326 -0.00208333 -0.0179487 -0.00737705 -0.00025641
internal_weight=6706 6129 881 5248 2879 1700 1419 709 710 341 2369 506 2194 1421 350 236 770 1295 1159 650 423 227 509 261 369 773 583 190 422 268
internal_count=6706 6129 881 5248 2879 1700 1419 709 710 341 2369 506 2194 1421 350 236 770 1295 1159 650 423 227 509 261 369 773 583 190 422 268
is_linear=0
shrinkage=0.035


Tree=24
num_leaves=31
num_cat=0
split_feature=183 82 6 137 137 183 129 148 203 49 287 129 242 115 27 8 213 218 71 213 115 77 173 113 33 272 213 216 126 163
split_gain=123.507 125.002 97.3856 64.7276 103.926 55.1912 55.9985 59.0723 54.5693 71.4017 44.2893 44.0828 38.1275 38.9206 37.3837 34.8706 32.9955 32.0004 30.3642 29.0919 67.6934 28.9655 44.0731 46.5575 37.0439 28.7478 28.2827 27.2938 27.2359 26.7897
threshold=0.91205241161359507 2290.5000000000005 22.089760377341456 3979.0000000000005 7381.5000000000009 0.14605132723815314 614.50000000000011 466.50000000000006 0.74256421857655119 9024.0000000000018 1.0000000180025095e-35 594.50000000000011 18.859172884859152 9403.5000000000018 8576.5000000000018 -28.727306205379051 11.011835613971177 9.1045872346554031 14222.000000000002 11.313248163306925 17923.500000000004 0.14069999754428866 0.065652420195280517 -2.6054830460363827 0.42795000970363622 -0.012549996376037596 11.699056423403674 96.405126655006413 2956.5000000000005 0.821330095415853
decision_type=2 2 2 2 2 2 2 2 2 2 2 2 2 2 2 2 2 2 2 2 2 2 2 2 2 2 2 2 2 2
left_child=1 2 15 10 21 26 7 -7 9 -8 25 28 -13 -14 16 29 -12 -11 -10 -2 -21 -5 23 -23 -24 -3 -6 -27 -9 -1
right_child=19 3 -4 4 5 6 8 11 18 17 14 12 13 -15 -16 -17 -18 -19 -20 20 -22 22 24 -25 -26 27 -28 -29 -30 -31
leaf_value=0.013679362216846279 -0.0014448076143838303 -0.0027610057713612132 -0.0024472084333779487 -0.0013784787095959062 -0.0013519858083055692 -0.0029487081953334386 -0.003118525906429736 0.018246644782705251 0.015931239375783807 -0.0049604332207435816 0.0089524545842989585 0.013495345520835877 0.011843641935485625 -0.0022487144449721075 0.0063857185022891498 0.016490944723459015 0.021437439115978448 0.017387359594514384 0.0035501675954280458 0.019340158553819146 -0.0018879674280322496 -0.003205371855400018 -0.0022564906056698193 0.014798377578365017 0.014128069068436817 -0.0013974085557113792 -0.0019031235958461639 0.016977570837728051 -0.0025613933038132241 -0.014961805492041014
leaf_weight=540 385 75 111 114 107 203 80 91 250 69 79 114 70 166 301 154 173 192 119 99 93 111 653 241 60 1569 174 172 65 76
leaf_count=540 385 75 111 114 107 203 80 91 250 69 79 114 70 166 301 154 173 192 119 99 93 111 653 241 60 1569 174 172 65 76
internal_value=-0.00197139 -0.000507825 0.0116535 -0.00255854 -0.0060801 -0.000533724 0.00228581 -0.00465686 0.0092028 -0.000910405 0.00172494 0.00178082 -0.00512676 -0.0130705 0.0103495 0.0160774 0.0201556 0.00802632 0.0184358 -0.0173797 -0.00604061 -0.0140414 -0.0121355 -0.00196078 -0.01711 -0.00092257 -0.0145629 2.00458e-05 0.0169565 0.0121739
internal_weight=6706 6129 881 5248 2879 1700 1419 709 710 341 2369 506 350 236 553 770 252 261 369 577 192 1179 1065 352 713 1816 281 1741 156 616
internal_count=6706 6129 881 5248 2879 1700 1419 709 710 341 2369 506 350 236 553 770 252 261 369 577 192 1179 1065 352 713 1816 281 1741 156 616
is_linear=0
shrinkage=0.035


Tree=25
num_leaves=31
num_cat=0
split_feature=183 82 6 13 93 93 13 66 93 148 261 2 125 203 261 8 33 270 274 242 148 20 193 93 148 8 104 90 13 13
split_gain=122.506 126.412 97.3856 52.0426 76.4696 59.2697 68.4105 60.7342 45.8026 46.3993 44.6148 40.0766 39.6511 37.2157 37.5661 34.8706 31.6332 50.2614 55.2353 52.9164 43.1885 71.5645 45.852 42.6788 40.3085 31.9476 31.3881 30.0396 29.1496 48.5357
threshold=0.91205241161359507 2290.5000000000005 22.089760377341456 12.520882905978285 12524.500000000002 12149.000000000002 26.143829932733137 0.13580000400543216 9738.0000000000018 10450.000000000002 570.37500000000011 591.63000488281261 5.12969994544983 -0.95346394390117306 480.95500183105474 -28.727306205379051 0.48505000770092016 121.12455309057363 0.16030809085594758 31.345585519957325 8387.5000000000018 62.607694959841979 -0.31250122837736055 1111.5000000000002 11592.000000000002 -82.033839706208809 3611.0000000000005 0.016415916259791666 32.661262491617585 38.620995636452115
decision_type=2 2 2 2 2 2 2 2 2 2 2 2 2 2 2 2 2 2 2 2 2 2 2 2 2 2 2 2 2 2
left_child=1 2 15 -3 5 6 8 -8 9 12 11 -6 -5 14 -9 -1 17 18 20 -20 21 -15 -23 -18 -22 -25 -13 -12 -21 -30
right_child=-2 3 -4 4 10 -7 7 13 -10 -11 27 26 -14 16 -16 -17 23 -19 19 28 24 22 -24 25 -26 -27 -28 -29 29 -31
leaf_value=0.01214547765903853 -0.0013317595261453815 0.019219366030016609 -0.0023615561382097196 -0.0026308515736504327 0.015714131068722891 0.01675200609777043 0.017357087522950131 -0.0022411404899173632 0.010408952008895496 0.010294889240197795 -0.004520615369800393 0.0021018271291230709 -0.0009320193586757553 0.014888310217690808 0.02335825600953944 0.015913761658137949 -0.0035256302070981365 -0.0026866523964352547 0.0091671481793221075 -0.003623411501141541 -0.004597359635985441 0.011098724145000866 -0.006718904895260466 0.017100439370300789 0.0049716636279850028 -0.0028388998396880289 -0.0021964729511262395 0.020949929129319627 0.0084788330796809926 -0.0024251175511111026
leaf_weight=616 577 123 111 263 71 123 103 75 98 84 130 69 122 975 121 154 111 270 99 114 182 159 210 261 185 112 487 62 112 527
leaf_count=616 577 123 111 263 71 123 103 75 98 84 130 69 122 975 121 154 111 270 99 114 182 159 210 261 185 112 487 62 112 527
internal_value=-0.00203397 -0.000576296 0.0116535 -0.00263849 -0.00318616 -0.00131524 -0.0020308 -0.000251312 -0.013278 -0.0177954 -0.0129551 -0.0174446 -0.0228846 -0.00104463 0.0135821 0.0160774 -0.00192806 -0.00334214 -0.00181269 -0.00906651 0.00181527 0.00472202 -0.00832888 0.00629857 -0.00875 0.0119444 -0.0205882 0.00177665 -0.0122361 -0.00918478
internal_weight=6706 6129 881 5248 5125 4306 4183 3616 567 469 819 627 385 3513 196 770 3317 2833 2563 852 1711 1344 369 484 367 373 556 192 753 639
internal_count=6706 6129 881 5248 5125 4306 4183 3616 567 469 819 627 385 3513 196 770 3317 2833 2563 852 1711 1344 369 484 367 373 556 192 753 639
is_linear=0
shrinkage=0.035


Tree=26
num_leaves=31
num_cat=0
split_feature=183 82 4 137 137 183 129 2 242 203 49 11 270 261 203 173 13 272 49 270 13 183 220 218 173 58 137 213 115 77
split_gain=122.006 127.12 93.5075 64.7818 102.307 53.9097 49.8474 58.8369 67.2694 52.6761 69.3729 41.1483 45.3963 39.9666 39.4061 41.53 42.3969 40.3799 36.8388 34.9264 40.3413 31.4588 30.5259 30.3636 29.8023 33.276 29.3197 29.0919 67.6934 28.7481
threshold=0.91205241161359507 2290.5000000000005 34.347608098718531 3979.0000000000005 7381.5000000000009 0.14605132723815314 614.50000000000011 596.47497558593761 18.859172884859152 0.74256421857655119 9024.0000000000018 192.57379081451973 111.91683993034052 504.55999755859381 -0.93642175743719636 -0.18077492748352311 43.286137722252015 0.028799999505281452 16618.000000000004 129.54518339846558 116.67697153521286 0.48541962263509641 9.8198096047060357 9.1045872346554031 0.39265957283674446 -6.6485647882672181 2694.5000000000005 11.313248163306925 17923.500000000004 0.14069999754428866
decision_type=2 2 2 2 2 2 2 2 2 2 2 2 2 2 2 2 2 2 2 2 2 2 2 2 2 2 2 2 2 2
left_child=1 2 18 11 29 -6 7 13 -9 10 -8 12 14 -7 -3 16 -16 -17 21 -14 -21 -1 -10 -12 -11 -26 -19 -2 -29 -5
right_child=27 3 -4 4 5 6 9 8 22 24 23 -13 19 -15 15 17 -18 26 -20 20 -22 -23 -24 -25 25 -27 -28 28 -30 -31
leaf_value=0.0099482933214189596 -0.001347627764465308 0.020707887923749349 -0.0022789016733723781 -0.001316348400602164 -0.0017830489201541013 -0.002460313878049659 -0.0029774280101524269 0.013470536661592423 0.0039686104107625837 0.015368554326191665 -0.0048642869945847347 0.014565251882159562 -0.0027948865300765958 0.016678532053697577 -0.0044582020217050289 0.01219919850164375 -0.0017260731058283854 0.010884660983499786 -0.0066485285737919852 0.021749340554816036 -0.0035227771671960052 0.014351759736753707 -0.0026643034711287834 0.016766972892740786 0.010753058061527022 -0.0053498775234955172 -0.0037165988736139375 0.018709864587850566 -0.0017752769846360334 -0.0018921276518227917
leaf_weight=128 385 123 135 114 281 74 80 118 78 185 69 175 250 129 111 923 364 108 93 111 107 525 310 192 116 68 97 99 93 1065
leaf_count=128 385 123 135 114 281 74 80 118 78 185 69 175 250 129 111 923 364 108 93 111 107 525 310 192 116 68 97 99 93 1065
internal_value=-0.00206527 -0.000610531 0.0116535 -0.00267847 -0.00620146 -0.000697947 0.00208919 -0.00446078 -0.0108219 0.00861538 -0.00131503 0.00160699 0.000286494 0.011274 0.00291161 0.0014148 -0.00721875 0.0050662 0.016498 -0.00932347 0.000941704 0.0194149 -0.0178117 0.0075 0.0176872 0.00740741 -0.00883333 -0.0173797 -0.00604061 -0.0141005
internal_weight=6706 6129 881 5248 2879 1700 1419 709 506 710 341 2369 2194 203 1726 1603 475 1128 746 468 218 653 388 261 369 184 205 577 192 1179
internal_count=6706 6129 881 5248 2879 1700 1419 709 506 710 341 2369 2194 203 1726 1603 475 1128 746 468 218 653 388 261 369 184 205 577 192 1179
is_linear=0
shrinkage=0.035


Tree=27
num_leaves=31
num_cat=0
split_feature=183 82 4 137 137 183 148 287 49 27 71 71 2 82 173 9 213 148 183 213 213 115 77 173 113 33 173 147 213 216
split_gain=122.173 128.525 90.514 63.8924 101.406 53.9097 48.2846 41.9687 36.8388 36.1137 35.7207 59.0765 38.089 47.1525 42.6159 42.5904 40.908 34.6671 31.4588 31.1133 29.0919 67.6934 28.9655 44.0731 46.5575 33.8959 28.4627 32.1165 28.2827 28.14
threshold=0.91205241161359507 2290.5000000000005 34.347608098718531 3979.0000000000005 7381.5000000000009 0.14605132723815314 294.50000000000006 1.0000000180025095e-35 16618.000000000004 8576.5000000000018 13181.500000000002 14125.000000000002 625.20501708984386 9904.5000000000018 0.39615745288483833 63.456823089926047 11.537476603841549 1382.0000000000002 0.48541962263509641 11.011835613971177 11.313248163306925 17923.500000000004 0.14069999754428866 0.065652420195280517 -2.6054830460363827 0.42795000970363622 0.29920685559578336 3.1999500989913945 11.699056423403674 97.637258763522411
decision_type=2 2 2 2 2 2 2 2 2 2 2 2 2 2 2 2 2 2 2 2 2 2 2 2 2 2 2 2 2 2
left_child=1 2 8 7 22 28 -7 29 18 19 12 -12 13 14 15 16 -8 -14 -1 -9 -2 -22 -5 24 -24 -25 -13 -28 -6 -3
right_child=20 3 -4 4 5 6 10 9 -10 -11 11 26 17 -15 -16 -17 -18 -19 -20 -21 21 -23 23 25 -26 -27 27 -29 -30 -31
leaf_value=0.0096001030551692967 -0.001300460792709023 -0.0016455266834318595 -0.0021991401148043436 -0.0012702762065810896 -0.0011573804785205933 -0.0030732188869806196 -0.0035034811213857289 0.007691055868671786 -0.0064158300737092652 0.0053482519067745947 -0.0019799055229067978 0.016789642704004192 0.017368361787598759 0.016047876693722124 0.014163991025968841 0.016418979253251104 0.010183998934942861 -0.0022362415034932496 0.013849448145967327 0.019578829553083089 0.018055019327275795 -0.0017131422901737704 -0.0030794623606608066 -0.0021061994386748703 0.014025808644659764 0.01370347511226893 0.012117758377447878 -0.0037829920622049753 -0.0017989884986080943 0.014968013561592174
leaf_weight=128 385 1637 135 114 107 121 194 79 93 301 129 100 177 88 127 61 102 67 525 173 99 93 111 653 241 60 116 137 174 179
leaf_count=128 385 1637 135 114 107 121 194 79 93 301 129 100 177 88 127 61 102 67 525 173 99 93 111 653 241 60 116 137 174 179
internal_value=-0.00205484 -0.00059912 0.0117325 -0.00267847 -0.00617718 -0.000697947 0.00208919 0.00157751 0.016498 0.00997312 0.00408289 -0.00344969 0.00852619 0.0035182 -0.000858896 -0.00705801 -0.0125581 0.0199598 0.0194149 0.0196109 -0.0173797 -0.00604061 -0.0140414 -0.0121355 -0.00196078 -0.01711 0.00400838 -0.0023062 -0.0145629 -0.000999451
internal_weight=6706 6129 881 5248 2879 1700 1419 2369 746 553 1298 482 816 572 484 357 296 244 653 252 577 192 1179 1065 352 713 353 253 281 1816
internal_count=6706 6129 881 5248 2879 1700 1419 2369 746 553 1298 482 816 572 484 357 296 244 653 252 577 192 1179 1065 352 713 353 253 281 1816
is_linear=0
shrinkage=0.035


Tree=28
num_leaves=31
num_cat=0
split_feature=183 82 4 137 183 137 274 71 82 261 137 287 13 49 27 38 74 126 223 19 213 183 111 213 115 216 63 71 124 173
split_gain=123.173 125.471 89.9701 61.1241 102.012 83.2353 47.2294 48.1039 47.3936 47.2132 41.977 41.9687 38.6332 36.5062 36.1137 35.2471 31.1945 50.062 39.9574 32.932 31.1133 31.0301 30.7976 29.0919 67.6934 28.14 36.8959 50.5766 39.1609 36.6294
threshold=0.91205241161359507 2290.5000000000005 34.347608098718531 3979.0000000000005 0.15219854974409897 10845.000000000002 -0.21735767609712586 12605.500000000002 9269.0000000000018 528.70501708984386 7381.5000000000009 1.0000000180025095e-35 87.077355961573076 16618.000000000004 8576.5000000000018 7877.5000000000009 618.50000000000011 3335.5000000000005 6.3688209091467707 638.50000000000011 11.011835613971177 0.48541962263509641 47.142379722893899 11.313248163306925 17923.500000000004 97.637258763522411 576.50000000000011 1393.5000000000002 -2.7426792421114961 -0.18077492748352311
decision_type=2 2 2 2 2 2 2 2 2 2 2 2 2 2 2 2 2 2 2 2 2 2 2 2 2 2 2 2 2 2
left_child=1 2 13 11 12 6 -6 8 10 -7 22 25 -5 21 20 -12 17 18 -11 -18 -13 -1 -8 -2 -25 26 28 -28 -3 -29
right_child=23 3 -4 4 5 9 7 -9 -10 16 15 14 -14 -15 -16 -17 19 -19 -20 -21 -22 -23 -24 24 -26 -27 27 29 -30 -31
leaf_value=0.0092640994482383714 -0.0012549446649642055 0.01075917934485047 -0.0021221702107861902 -0.0017697239620685242 0.020437577395641528 0.018343363596036652 -0.0021910336209733121 -0.002504733666402117 0.015131343791756426 0.0028574060978133428 0.0076445592874353737 0.0074218689132682725 0.016265934837872767 -0.006191276021129441 0.005161063090037484 -0.0023074401419671234 0.016895878264784295 0.021593067762672471 -0.0048491515280431894 -0.0014778740174187625 0.018893570518725179 0.013364717460858469 0.012893053853446711 0.017423093650821144 -0.0016531823100176903 0.014444133086936449 0.024250074603333699 -0.002932947407362618 -0.0034666832000979368 0.0088374284321166459
leaf_weight=128 385 202 135 757 69 144 374 287 119 90 245 79 64 93 301 187 144 68 101 163 173 525 67 99 93 179 84 323 388 640
leaf_count=128 385 202 135 757 69 144 374 287 119 90 245 79 64 93 301 187 144 68 101 163 173 525 67 99 93 179 84 323 388 640
internal_value=-0.00199225 -0.000530649 0.0116535 -0.00258519 -0.00600728 -0.00183228 -0.00693274 -0.00847741 -0.00477432 0.00783217 -0.0076139 0.00157751 -0.0163983 0.0164048 0.00997312 0.000160183 0.00318739 -0.00570076 -0.0148214 0.0106571 0.0196109 0.0193085 -0.0151457 -0.0173797 -0.00604061 -0.000999451 -0.00245128 0.00149715 -0.00941176 -0.000831612
internal_weight=6706 6129 881 5248 2879 2058 1348 1279 992 710 873 2369 821 746 553 432 566 259 191 307 252 653 441 577 192 1816 1637 1047 590 963
internal_count=6706 6129 881 5248 2879 2058 1348 1279 992 710 873 2369 821 746 553 432 566 259 191 307 252 653 441 577 192 1816 1637 1047 590 963
is_linear=0
shrinkage=0.035


Tree=29
num_leaves=31
num_cat=0
split_feature=183 82 4 27 13 93 132 143 233 13 49 261 49 203 261 126 13 22 270 115 60 126 27 126 183 242 2 71 171 27
split_gain=123.34 123.616 89.428 53.9718 49.056 57.617 58.3211 61.0346 50.2492 41.7413 43.3535 39.8085 36.1751 34.8291 34.1089 33.2296 43.3228 53.6047 38.3964 49.2948 35.004 32.5247 32.4405 37.0335 30.6042 30.3741 30.0556 32.0317 29.8533 44.185
threshold=0.91205241161359507 2290.5000000000005 34.347608098718531 34009.500000000007 12.520882905978285 12524.500000000002 0.13544999808073047 0.13835000246763232 6372.8950195312509 24.639443138894176 9966.5000000000018 570.37500000000011 16618.000000000004 -0.95346394390117306 480.95500183105474 1673.5000000000002 29.082659355162576 0.38054999709129339 121.12455309057363 5095.0000000000009 7731.5000000000009 898.00000000000011 13725.500000000002 8571.5000000000018 0.48541962263509641 90.490829192310017 591.63000488281261 16151.500000000002 0.16994999721646312 7674.5000000000009
decision_type=2 2 2 2 2 2 2 2 2 2 2 2 2 2 2 2 2 2 2 2 2 2 2 2 2 2 2 2 2 2
left_child=1 2 12 4 -3 6 -6 8 -8 10 -9 26 24 14 -11 16 -15 21 19 20 22 -18 23 25 -1 -17 -7 -28 -21 -30
right_child=-2 3 -4 -5 5 11 7 9 -10 13 -12 -13 -14 15 -16 18 17 -19 -20 28 -22 -23 -24 -25 -26 -27 27 -29 29 -31
leaf_value=0.008939855967550028 -0.0011485417799554421 0.01682979558364172 -0.0020478942534086731 -0.0019345161323467549 -0.0012559480671413892 0.014104368110398946 0.018093191793450536 -0.0028077807524296981 0.005567842341527675 -0.0018859521982940288 0.010039642329755766 0.0058973912607292473 -0.0059745813603899103 0.015753398638186828 0.020825572434942558 -0.004795686680089558 -0.0059393493961795458 0.014563463134124821 -0.0026263672903484377 0.0066943900485084635 0.012885930258656553 0.0042601871585666445 0.020067780867233549 0.016406384542558605 0.012896952349728425 0.020119965548313846 -0.0019931537638804594 -0.00035655948418005293 0.0006231011044311389 -0.0025181565061653966
leaf_weight=128 577 123 135 127 80 69 126 184 189 75 83 191 93 97 121 519 109 90 389 292 416 237 64 122 525 60 394 97 346 648
leaf_count=128 577 123 135 127 80 69 126 184 189 75 83 191 93 97 121 519 109 90 389 292 416 237 64 122 525 60 394 97 346 648
internal_value=-0.00198182 -0.000519237 0.0115745 -0.00255854 -0.00198693 -0.00253248 -0.000946613 -0.000360738 0.0143281 -0.00157895 -0.0147978 -0.0114352 0.0163116 -0.000575209 0.0135821 -0.00141279 0.00657063 0.00174603 -0.00291157 -0.00128843 0.00386594 -0.00458689 -0.000590909 -0.00282578 0.0192021 -0.00653253 -0.0161062 -0.019123 -0.00601859 -0.0088989
internal_weight=6706 6129 881 5248 5121 4998 4247 4167 315 3852 267 751 746 3585 196 3389 533 436 2856 2467 1181 346 765 701 653 579 560 491 1286 994
internal_count=6706 6129 881 5248 5121 4998 4247 4167 315 3852 267 751 746 3585 196 3389 533 436 2856 2467 1181 346 765 701 653 579 560 491 1286 994
is_linear=0
shrinkage=0.035


Tree=30
num_leaves=31
num_cat=0
split_feature=132 104 104 137 44 126 274 82 213 13 13 71 2 173 7 99 12 213 261 13 71 148 271 203 193 102 217 2 17 116
split_gain=72.0584 76.4928 79.5839 80.1061 68.9881 56.7752 70.3922 56.2109 44.8051 44.2363 84.0505 46.9123 48.0192 46.4638 77.6621 40.9225 34.1591 33.2853 33.1789 32.5824 30.0553 29.842 29.1917 27.4164 27.1073 26.874 25.3873 42.044 25.3265 24.9097
threshold=0.13385000079870227 344.50000000000006 5477.5000000000009 3170.0000000000005 0.1328999996185303 8421.5000000000018 0.14324740549709222 9204.5000000000018 11.310692966527151 26.143829932733137 30.721396702054729 10690.500000000002 598.25500488281261 0.44591921594037348 9.6311671416373734 0.17684999853372577 4.5731322818772986 11.497806750373863 575.67001342773449 20.618031821233973 14361.000000000002 4561.0000000000009 5.6945161944520999 0.91554492294972289 0.95805674931332785 -4.5726875793162245 23.97555372756452 629.92498779296886 6.1829198103213754 389.50000000000006
decision_type=2 2 2 2 2 2 2 2 2 2 2 2 2 2 2 2 2 2 2 2 2 2 2 2 2 2 2 2 2 2
left_child=-1 24 4 8 19 6 7 -5 22 17 -11 13 20 23 -15 16 -14 -6 -7 -3 -13 -8 -4 -12 28 -9 -10 -28 -2 -24
right_child=1 2 3 5 9 18 21 25 26 10 11 12 15 14 -16 -17 -18 -19 -20 -21 -22 -23 29 -25 -26 -27 27 -29 -30 -31
leaf_value=-0.0015828186915963207 0.011881925446429777 0.0038664921321037546 -0.0038067506530784327 -0.0012753083065004435 -0.0024924301354145289 -0.001878052168557798 -0.0023579972131355298 -0.0016073525576681003 0.017675299934306655 0.013090627287786928 0.0031691512117613765 -0.0019738986787713464 -0.0032635652676920408 0.013273242292517085 -0.001975215178514064 -0.0031551290096021971 0.014108760919036454 0.0099997783751212804 0.012208516731550358 0.011754041119077682 0.019300019945824663 0.013132334482812993 0.0094750238928988043 -0.0039942327835070946 -0.0011386464151072562 0.025720968881163788 0.012568484965221088 -0.006778242384449306 -0.002386270347468856 -0.0057977430185120063
leaf_weight=186 97 96 200 260 178 527 398 60 100 167 1311 62 132 478 62 200 67 76 64 249 90 103 332 110 239 160 466 103 63 70
leaf_count=186 97 96 200 260 178 527 398 60 100 167 1311 62 132 478 62 200 67 76 64 249 90 103 332 110 239 160 466 103 63 70
internal_value=-0.00189838 -0.00127663 -0.000302808 -0.00458392 0.00341151 -0.00985415 -0.0046501 0.00490722 0.00194749 0.00165589 0.00298621 0.00136273 -0.00761691 0.00389878 0.0125872 -0.013948 -0.00257353 -0.0121622 -0.0183809 0.0181 0.0089172 -0.0137648 -0.00495881 0.000564516 -0.0160272 0.0177333 0.00815282 0.00518293 -0.00466667 0.000515971
internal_weight=6706 6520 6121 2843 3278 1572 981 480 1271 2933 2679 2512 551 1961 540 399 199 254 591 345 152 501 602 1421 399 220 669 569 160 402
internal_count=6706 6520 6121 2843 3278 1572 981 480 1271 2933 2679 2512 551 1961 540 399 199 254 591 345 152 501 602 1421 399 220 669 569 160 402
is_linear=0
shrinkage=0.035


Tree=31
num_leaves=31
num_cat=0
split_feature=183 82 4 13 71 242 143 71 82 4 6 27 71 203 49 71 13 242 272 99 126 213 270 270 270 242 9 160 60 71
split_gain=124.681 123.367 83.0989 51.232 53.3162 66.9657 55.4533 53.6376 49.6019 42.2204 36.6852 52.5644 36.9884 36.058 35.8455 35.8258 72.1188 48.6044 45.1222 42.4983 45.9885 49.9821 37.1183 47.9178 45.9328 44.9978 37.4301 38.469 47.1981 32.2284
threshold=0.91205241161359507 2290.5000000000005 34.347608098718531 12.520882905978285 12605.500000000002 20.328076592953767 0.13835000246763232 14369.500000000002 11308.000000000002 1.3337425041426558 -11.393566103372715 34009.500000000007 19044.000000000004 -0.95346394390117306 16618.000000000004 6926.0000000000009 40.937107401126958 43.458909298729658 0.011300005018711092 0.45624999701976782 7225.0000000000009 11.601677808820879 116.61706132643597 96.810192664398784 129.54518339846558 113.23713268727339 90.074989861502857 0.027400009334087375 5458.0000000000009 7481.5000000000009
decision_type=2 2 2 2 2 2 2 2 2 2 2 2 2 2 2 2 2 2 2 2 2 2 2 2 2 2 2 2 2 2
left_child=1 2 14 -3 5 8 -7 9 -5 -6 11 12 -9 -8 -1 16 -15 18 -17 20 29 -22 23 26 -24 -26 27 -18 -29 -19
right_child=-2 3 -4 4 7 6 13 10 -10 -11 -12 -13 -14 15 -16 17 22 19 -20 -21 21 -23 24 -25 25 -27 -28 28 -30 -31
leaf_value=0.011275079228431704 -0.0010927299835678467 0.015671825447946684 -0.0019980799669598692 -0.0016932381722969071 -0.0022687953518271348 0.012566267347166727 0.014681670256735823 0.01605470454647874 0.013359727936401063 3.878704537776137e-05 -0.003296721027221919 -0.0019379922670912974 -0.0014418699682097131 -0.0040754907096788714 -0.0059007982373998945 -0.0012294047338585225 -0.0041577548253515124 0.0082706510956659669 0.011066165475445491 0.022321317315017429 0.01385006483432989 -0.0018352510953479381 -0.0031470456604754992 0.018669637819095062 0.017592248706199517 -0.0040650544088611266 -0.0056088813839666489 -0.0028488389228960905 0.01531752498606216 -0.0026616697541515058
leaf_weight=653 577 123 135 224 287 216 195 229 73 94 177 76 199 202 93 128 221 139 588 78 215 160 197 243 93 98 130 170 147 546
leaf_count=653 577 123 135 224 287 216 195 229 73 94 177 76 199 202 93 128 221 139 588 78 215 160 197 243 93 98 130 170 147 546
internal_value=-0.00189838 -0.000427943 0.0116535 -0.00246526 -0.00300877 -0.00117871 9.28136e-05 -0.00997188 -0.0170364 -0.0204016 -0.00403061 0.000825147 0.0056582 -0.000964838 0.0162184 -0.00182292 -0.00583333 0.00143088 0.00854369 -0.00306212 -0.00492958 0.00488158 -0.00276457 0.00110808 -0.0117557 0.000535714 -0.00374443 0.00038674 0.00815217 -0.0102971
internal_weight=6706 6129 881 5248 5125 4063 3766 1062 297 381 681 504 428 3550 746 3355 1501 1854 716 1138 1060 375 1299 911 388 191 668 538 317 685
internal_count=6706 6129 881 5248 5125 4063 3766 1062 297 381 681 504 428 3550 746 3355 1501 1854 716 1138 1060 375 1299 911 388 191 668 538 317 685
is_linear=0
shrinkage=0.035


Tree=32
num_leaves=31
num_cat=0
split_feature=104 104 137 6 82 33 148 121 49 270 8 214 49 270 274 242 38 270 27 71 270 206 8 104 13 137 274 8 223 27
split_gain=69.8415 80.7273 88.2965 57.536 52.7069 80.5496 58.3163 63.2599 57.8278 49.9362 49.3459 42.6119 39.0923 43.1157 37.7783 37.7336 36.1852 37.5201 34.0833 33.5388 33.256 32.7471 32.1668 32.0498 42.9802 38.9478 29.7388 39.9027 28.4839 27.7277
threshold=344.50000000000006 5477.5000000000009 3979.0000000000005 23.086683748634446 2290.5000000000005 0.14474999904632571 294.50000000000006 0.13580000400543216 16618.000000000004 120.50227794513386 -12.004189296603458 0.017650038003921512 8799.5000000000018 45.836584714828582 0.31960105183675463 77.456939768038623 13822.000000000002 151.79151732461841 9024.0000000000018 7269.0000000000009 146.23610354353283 -0.31899141322873648 -45.132823392060779 6267.5000000000009 59.940971915053844 1778.5000000000002 0.11289016810127504 -105.63620965731458 23.02601751348428 6532.5000000000009
decision_type=2 2 2 2 2 2 2 2 2 2 2 2 2 2 2 2 2 2 2 2 2 2 2 2 2 2 2 2 2 2
left_child=-1 3 9 4 5 -2 -6 -8 20 15 11 -4 13 -9 -14 23 17 18 22 -20 -7 -16 -15 -3 26 -26 27 -25 -29 -13
right_child=1 2 10 -5 6 8 7 12 -10 -11 -12 29 14 16 21 -17 -18 -19 19 -21 -22 -23 -24 24 25 -27 -28 28 -30 -31
leaf_value=-0.0010321255294602533 -0.0016257682613914611 -0.0066098083263511544 -0.0018366685195096324 -0.0018351470723971699 -0.0025447818343911468 0.012225815091961918 0.014079076910776898 -0.0029494551882699185 -0.0010087179225201238 -0.0026074062866542859 0.014792004936695394 0.01589007763621211 0.015554680607099337 -0.0018035329089363514 0.011648749146615209 0.014004689593038147 0.017620950985064963 0.014608749040693415 -0.0035197631962305669 -0.00043786183117637382 -0.0071736466918853325 -0.0013162396255870464 0.010601620781842699 0.022817286214446408 0.014566655419532025 -0.0054727623021195906 0.018332808929406655 0.0035002159723532757 -0.0038398056129247985 -0.0012523042992003521
leaf_weight=399 73 100 245 197 185 600 130 92 107 224 60 122 434 563 75 214 62 100 157 129 79 297 75 89 62 199 184 404 96 953
leaf_count=399 73 100 245 197 185 600 130 92 107 224 60 122 434 563 75 214 62 100 157 129 79 297 75 89 62 199 184 404 96 953
internal_value=-0.00191924 -0.00101473 -0.00523165 0.00269792 0.00385077 0.0112211 0.00107856 0.00274186 0.0145133 0.000443881 -0.0116751 -0.0131019 0.00116139 -0.00289941 0.00707768 0.00300074 -0.000898258 -0.00251701 -0.00474704 -0.0146735 0.0182675 -0.00111406 -0.000217729 0.000430202 0.00229066 -0.00986842 0.00643316 0.00253367 -0.00138614 -0.0100139
internal_weight=6706 6307 2952 3355 3158 859 2299 2114 786 1572 1380 1320 1984 1178 806 1348 1086 1024 924 286 679 372 638 1134 1034 261 773 589 500 1075
internal_count=6706 6307 2952 3355 3158 859 2299 2114 786 1572 1380 1320 1984 1178 806 1348 1086 1024 924 286 679 372 638 1134 1034 261 773 589 500 1075
is_linear=0
shrinkage=0.035


Tree=33
num_leaves=31
num_cat=0
split_feature=183 82 4 137 183 137 82 93 99 270 242 13 49 11 270 203 6 213 93 272 216 233 38 193 124 41 270 13 11 11
split_gain=126.367 121.049 73.3006 49.1449 89.623 76.4346 41.0938 37.7034 54.8849 37.6567 35.3466 35.1221 34.8657 34.5361 41.7749 37.9676 40.1389 34.9347 33.8108 33.3729 33.2229 32.4014 32.0776 31.908 31.5819 31.4358 30.8633 38.7069 30.2088 31.2984
threshold=0.91205241161359507 2290.5000000000005 34.347608098718531 3979.0000000000005 0.14605132723815314 10845.000000000002 9269.0000000000018 12125.000000000002 0.17049999535083774 33.634582811472264 32.831918881578545 87.077355961573076 16618.000000000004 192.57379081451973 111.91683993034052 -0.93642175743719636 4.4641456152110672 11.029569076752031 3691.0000000000005 0.028799999505281452 25.726339132976303 6115.7849121093759 7330.0000000000009 0.28068293192078503 -2.1594147986402956 591.50000000000011 129.54518339846558 116.67697153521286 85.744858867290517 132.44206958990517
decision_type=2 2 2 2 2 2 2 2 2 2 2 2 2 2 2 2 2 2 2 2 2 2 2 2 2 2 2 2 2 2
left_child=1 2 12 13 11 6 7 8 -6 21 20 -5 -1 14 15 -3 17 -17 -19 24 -11 -7 -12 -8 -20 28 -16 -28 -10 -30
right_child=-2 3 -4 4 5 9 23 -9 25 10 22 -13 -14 -15 26 16 -18 18 19 -21 -22 -23 -24 -25 -26 -27 27 -29 29 -31
leaf_value=0.010452547927217929 -0.0010183600406118633 0.01754978453589558 -0.0018639170205823721 -0.0016425012632615683 0.010415960142180814 0.0072774057268966789 -0.0015928902140395081 -0.0022441770271660428 -0.0032073104403228725 0.0014317126829660849 0.014550917191188947 0.015813290416779379 -0.0056373684099421976 0.011591260773530544 -0.0027044851041348973 -0.0031090961509304617 -0.0061280995620599677 0.012007083807712085 0.014920571065446987 -0.0029760629528059464 0.015791856553138545 -0.0015069752807314819 -0.0033385448316452242 0.014030334045672214 0.00094387518005136363 -0.0018287448375837942 0.020597473398331068 -0.0038758067218900853 0.021493648943133645 -0.0061177909488030749
leaf_weight=653 577 123 135 741 191 78 116 212 76 75 76 62 93 175 250 340 77 193 274 183 207 70 204 113 536 515 111 107 67 76
leaf_count=653 577 123 135 741 191 78 116 212 76 75 76 62 93 175 250 340 77 193 274 183 207 70 204 113 536 515 111 107 67 76
internal_value=-0.00179407 -0.000313825 0.0116535 -0.002332 -0.00540049 -0.00154733 -0.0063822 -0.00910245 -0.00598387 0.00773427 0.0118519 -0.0152908 0.0159387 0.00140059 0.000190996 0.00270942 0.00124067 0.0025147 0.00534845 0.0027004 0.0204878 -0.00777778 0.00294737 0.00702991 0.0057546 -0.0103248 -0.00902748 0.000627803 0.00078125 0.0101689
internal_weight=6706 6129 881 5248 2879 2076 1366 1137 925 710 562 803 746 2369 2194 1726 1603 1526 1186 993 282 148 280 229 810 734 468 218 219 143
internal_count=6706 6129 881 5248 2879 2076 1366 1137 925 710 562 803 746 2369 2194 1726 1603 1526 1186 993 282 148 280 229 810 734 468 218 219 143
is_linear=0
shrinkage=0.035


Tree=34
num_leaves=31
num_cat=0
split_feature=183 82 4 13 137 137 126 193 287 49 27 121 82 41 274 38 213 115 148 213 215 101 216 63 71 124 163 93 60 71
split_gain=128.917 114.484 72.3243 47.0797 59.2145 74.3834 57.0121 45.8957 38.5 34.2201 33.7914 30.9834 44.2374 42.5296 33.6441 30.4441 29.0919 67.6934 28.4236 28.3936 27.8941 27.0365 26.6757 38.1532 50.3108 37.75 31.1647 37.186 36.5109 26.6639
threshold=0.91205241161359507 2290.5000000000005 34.347608098718531 12.520882905978285 3979.0000000000005 7381.5000000000009 1673.5000000000002 0.88314202716038326 1.0000000180025095e-35 16618.000000000004 8576.5000000000018 0.16804999858140948 6899.5000000000009 598.50000000000011 -0.22537821457718471 9818.0000000000018 11.313248163306925 17923.500000000004 2378.5000000000005 11.011835613971177 -0.033900007605552666 0.010238927668581499 97.637258763522411 576.50000000000011 1393.5000000000002 -2.7426792421114961 -0.25914335592179044 10414.000000000002 5033.0000000000009 6926.0000000000009
decision_type=2 2 2 2 2 2 2 2 2 2 2 2 2 2 2 2 2 2 2 2 2 2 2 2 2 2 2 2 2 2
left_child=1 2 9 -3 8 20 7 15 22 18 19 12 -8 -13 -14 -7 -2 -18 -1 -10 -6 -9 23 25 -25 -5 -26 28 -28 -30
right_child=16 3 -4 4 5 6 11 21 10 -11 -12 13 14 -15 -16 -17 17 -19 -20 -21 -22 -23 -24 24 26 -27 27 -29 29 -31
leaf_value=0.010647303083339074 -0.0010360386537743322 0.014139482173792829 -0.0017986799248619874 0.0087683365322222939 -0.0013961265788361603 0.0098182548810256433 0.010471270429799961 -0.0040708539167072311 0.0053891696574035934 -0.0054400605155942193 0.0029487394846101499 4.4658434180572249e-06 0.018031458738080958 -0.0021067617008124393 -0.0014401776835594178 -0.0039446728488992527 0.016393190085482151 -0.0013354991733980604 0.0066433526228324496 0.016432280757171458 -0.0018407745946940109 0.0058818483059402795 0.012097981874592318 0.021789592623736264 -0.0034301437328458969 -0.0032011398978943539 -0.0050869000842229317 -0.0031158339727801452 -0.0012054972102723994 0.014012466788485584
leaf_weight=559 385 123 135 202 856 284 185 73 79 93 301 181 61 276 374 69 99 93 94 173 303 94 179 84 178 388 111 123 171 380
leaf_count=559 385 123 135 202 856 284 185 73 79 93 301 181 61 276 374 69 99 93 94 173 303 94 179 84 178 388 111 123 171 380
internal_value=-0.00163761 -0.000142648 0.0114955 -0.00210546 -0.00262671 -0.00611011 -0.00120162 0.00826667 0.00143008 0.0157523 0.00947133 -0.0057902 -0.000672 -0.0126515 -0.00676136 0.0153492 -0.0173797 -0.00604061 0.0185638 0.0187938 -0.0128393 -0.00671512 -0.00103789 -0.00245128 0.00156369 -0.00952941 -0.000759298 0.00225949 0.00556222 0.0092536
internal_weight=6706 6129 881 5248 5125 2756 1597 520 2369 746 553 1077 620 457 435 353 577 192 653 252 1159 167 1816 1637 1047 590 963 785 662 551
internal_count=6706 6129 881 5248 5125 2756 1597 520 2369 746 553 1077 620 457 435 353 577 192 653 252 1159 167 1816 1637 1047 590 963 785 662 551
is_linear=0
shrinkage=0.035


Tree=35
num_leaves=31
num_cat=0
split_feature=183 82 4 13 93 93 13 143 93 137 261 49 203 261 90 173 213 4 137 41 213 148 33 270 93 274 22 93 148 137
split_gain=126.955 113.158 71.8386 47.0797 60.8519 57.4838 54.3398 51.6065 39.3354 49.7879 35.3985 33.8995 30.3747 37.0929 30.0396 29.0347 28.8988 62.6485 28.2263 51.7059 32.9817 28.0852 27.1426 48.8866 44.8387 37.1057 43.2067 52.1159 49.325 37.144
threshold=0.91205241161359507 2290.5000000000005 34.347608098718531 12.520882905978285 12524.500000000002 12149.000000000002 26.143829932733137 0.13305000215768817 9738.0000000000018 4411.0000000000009 570.37500000000011 16618.000000000004 -0.95346394390117306 480.95500183105474 0.016415916259791666 -0.12922779873948556 11.261311704505404 2.0213927909679721 10895.500000000002 593.50000000000011 11.852944973845014 2378.5000000000005 0.48505000770092016 121.12455309057363 1111.5000000000002 0.16030809085594758 0.26195000112056738 932.50000000000011 8527.5000000000018 12161.500000000002
decision_type=2 2 2 2 2 2 2 2 2 2 2 2 2 2 2 2 2 2 2 2 2 2 2 2 2 2 2 2 2 2
left_child=1 2 11 -3 5 6 8 -8 9 -5 18 21 13 -9 -12 -11 -2 -18 19 -6 -20 -1 23 25 -24 26 28 -28 -14 -27
right_child=16 3 -4 4 10 -7 7 12 -10 15 14 -13 22 -15 -16 -17 17 -19 20 -21 -22 -23 24 -25 -26 29 27 -29 -30 -31
leaf_value=0.010274647475422208 -0.00099134715460761367 0.013644600297710082 -0.0017357261274918198 0.0089810432905128457 0.015135740172743288 0.012647750417713164 0.01555454027521406 -0.0023674720714870266 0.006444298457802043 -0.001449364171542875 -0.0044455648523677779 -0.0052496583975484229 0.011390971705723072 0.017643517690901649 0.018657745928436036 -0.0017060064314467856 0.01693721178680678 -0.0012887567023291292 0.0099142986247166744 -0.0021205080248560544 -0.00077088461361998295 0.0064108352810333131 -0.0032856599736095608 -0.0025053500490008727 0.011913481037828655 -0.0019151497829715681 0.011232827419037635 -0.003654584562249093 -0.0016363628271238652 0.010842944399485334
leaf_weight=559 351 123 135 106 61 123 69 75 98 90 130 93 832 121 62 273 83 143 65 373 128 94 111 270 373 797 79 570 243 76
leaf_count=559 351 123 135 106 61 123 69 75 98 90 130 93 832 121 62 273 83 143 65 373 128 94 111 270 373 797 79 570 243 76
internal_value=-0.00163761 -0.000154059 0.0114165 -0.00210546 -0.00262671 -0.000958014 -0.00166309 -7.73267e-05 -0.0116871 -0.0158755 -0.011341 0.0156591 -0.000679899 0.0125373 0.00177665 -0.0219701 -0.0172595 -0.00727273 -0.0153402 -0.0202506 -0.00406566 0.0184574 -0.0014705 -0.00276636 0.00615542 -0.00127786 0.0017004 -0.0054052 0.00599537 -0.00713554
internal_weight=6706 6129 881 5248 5125 4306 4183 3616 567 469 819 746 3547 196 192 363 577 226 627 434 193 653 3351 2867 484 2597 1724 649 1075 873
internal_count=6706 6129 881 5248 5125 4306 4183 3616 567 469 819 746 3547 196 192 363 577 226 627 434 193 653 3351 2867 484 2597 1724 649 1075 873
is_linear=0
shrinkage=0.035


Tree=36
num_leaves=31
num_cat=0
split_feature=183 82 4 13 93 93 13 93 203 121 13 115 270 270 261 143 13 213 115 270 270 92 261 140 242 13 49 203 60 153
split_gain=120.243 109.649 67.7949 46.8418 59.2521 57.3227 51.7756 49.1202 48.2943 48.0462 38.8273 41.3392 48.2194 58.5276 56.2758 53.8008 36.157 35.9072 40.7004 34.8531 39.9291 35.0681 34.4903 34.2894 44.2859 47.4715 41.8207 34.1259 33.5319 33.4911
threshold=0.91205241161359507 2290.5000000000005 34.347608098718531 12.520882905978285 12524.500000000002 12149.000000000002 28.638251177797525 9738.0000000000018 -0.49082866852216195 0.13580000400543216 29.082659355162576 5020.5000000000009 116.61706132643597 129.54518339846558 562.47500610351574 0.22235000133514407 116.67697153521286 11.313248163306925 17923.500000000004 96.810192664398784 87.201976463245487 4.2708499431610116 570.37500000000011 555.50000000000011 40.706376422904242 32.05659860475 11273.000000000002 -0.42721335286177481 5367.5000000000009 0.012940220168303198
decision_type=2 2 2 2 2 2 2 2 2 2 2 2 2 2 2 2 2 2 2 2 2 2 2 2 2 2 2 2 2 2
left_child=1 2 -1 -3 5 6 7 8 -5 -8 -11 12 14 -14 15 -12 -15 -2 -19 20 21 -17 -6 -13 25 29 -27 -26 -23 -25
right_child=17 3 -4 4 22 -7 9 -9 -10 10 11 23 13 16 -16 19 -18 18 -20 -21 -22 28 -24 24 27 26 -28 -29 -30 -31
leaf_value=0.0090464538265382921 -0.00096508015048096536 0.013167039287290228 -0.0016749757130296052 0.010155282188447074 -0.0014203497063032446 0.012205079153093204 0.014287753322890307 0.0082443477252537364 -0.0017806212331975741 0.015692938500745136 0.017708843774764386 0.014442020699516507 -0.0025736279321457857 0.017633203266049301 -0.0062712803048460865 -0.0033678127630043168 -0.0026673850149824406 0.015559422350390395 -0.0012436502177476112 0.016136863197845228 -0.006033370014099166 -0.0023716824504868487 0.0041805895235306253 0.0058210749720074145 0.01152627868501804 0.016893897465350558 -0.00057812437353922555 -0.0022179321292867759 0.015707150998514049 -0.0049580953943997932
leaf_weight=746 385 123 135 79 627 123 82 125 455 79 205 71 206 129 67 244 121 99 93 258 90 145 192 74 106 170 166 946 223 142
leaf_count=746 385 123 135 79 627 123 82 125 455 79 205 71 206 129 67 244 121 99 93 258 90 145 192 74 106 170 166 946 223 142
internal_value=-0.00157503 -0.000131236 0.0112585 -0.00205216 -0.00257212 -0.000925539 -0.00162966 -0.0105949 -0.0151948 5.95069e-05 -0.000588918 -0.00117429 0.00268754 -0.00698482 0.00628133 0.00810684 0.00439216 -0.0167784 -0.00426396 0.00456995 0.00049505 0.00374392 -0.0111711 -0.0050625 -0.00613424 0.0018851 0.0100587 -0.0103311 0.0105094 -0.0107692
internal_weight=6706 6129 881 5248 5125 4306 4183 659 534 3524 3442 3363 1688 456 1232 1165 250 577 192 960 702 612 819 1675 1604 552 336 1052 368 216
internal_count=6706 6129 881 5248 5125 4306 4183 659 534 3524 3442 3363 1688 456 1232 1165 250 577 192 960 702 612 819 1675 1604 552 336 1052 368 216
is_linear=0
shrinkage=0.035


Tree=37
num_leaves=31
num_cat=0
split_feature=183 126 6 38 13 93 261 140 261 2 148 261 213 115 244 261 203 148 183 193 272 126 160 137 13 203 67 150 148 41
split_gain=121.733 87.5582 49.8078 44.8418 43.3924 58.7738 42.222 47.7261 39.3638 86.6743 36.7036 36.231 35.9072 40.7004 35.0778 32.4942 32.5208 31.9397 30.7995 30.739 29.9367 31.6046 30.4209 26.6887 26.5018 33.9913 25.4158 25.1222 24.7035 33.3419
threshold=0.91205241161359507 1463.5000000000002 23.086683748634446 7877.5000000000009 12.520882905978285 12524.500000000002 537.14999389648449 600.50000000000011 562.47500610351574 625.20501708984386 466.50000000000006 575.17999267578136 11.313248163306925 17923.500000000004 0.011400002986192705 570.37500000000011 0.63853876211140526 7601.0000000000009 0.51048106423064887 -0.94852803202854263 0.01514999568462372 4507.5000000000009 0.041000004857778556 7067.0000000000009 33.437978790659486 -0.55295222006048583 5.6151802498824281 0.043900001794099815 2024.0000000000002 577.50000000000011
decision_type=2 2 2 2 2 2 2 2 2 2 2 2 2 2 2 2 2 2 2 2 2 2 2 2 2 2 2 2 2 2
left_child=1 2 3 6 -3 8 7 -1 9 10 -6 -10 -2 -14 -5 16 -7 -17 19 -12 21 -21 26 -9 -24 -26 -22 28 -28 -30
right_child=12 4 -4 14 5 15 -8 23 11 -11 18 -13 13 -15 -16 17 -18 -19 -20 20 22 -23 24 -25 25 -27 27 -29 29 -31
leaf_value=0.0095682014528481081 -0.00093130234521413349 0.01270619291223507 -0.0016670543135959422 -0.0037299160979904671 -0.001820793702444218 -0.0020772321591142544 0.0083830340033497954 -0.0059760583330948852 -0.0019351978623229433 0.016119362109790616 0.015417513006023923 0.0096445503430320854 0.01501484256812673 -0.0012001224601264438 0.0059345607721954787 -0.005290614025380445 -0.00020425417659987346 0.017505713484923659 0.012139424860631487 0.0055111249544262638 0.017810310002494112 -0.0016136544086218594 -0.0055959228434870889 0.0081219470948887627 0.013575288211393416 -0.0016169629472483533 -0.0035410736365058698 0.0075042116521459486 -0.0059448124350661496 0.011342597713751571
leaf_weight=444 385 126 140 109 131 387 249 71 386 163 189 89 99 93 254 140 183 61 158 244 87 556 79 71 95 402 142 682 179 312
leaf_count=444 385 126 140 109 131 387 249 71 386 163 189 89 99 93 254 140 183 61 158 244 87 556 79 71 95 402 142 682 179 312
internal_value=-0.00148115 -2.85295e-05 0.00787044 0.0101829 -0.00224041 -0.0027955 0.014625 0.00935702 -0.00104129 0.000275993 -0.000987427 -0.0104271 -0.0167784 -0.00426396 -9.51087e-05 -0.0115915 -0.0158261 0.000509709 -0.00021246 -0.00102456 -0.00196191 -0.00765217 0.000353001 -0.00809524 -0.00638554 -0.00327689 0.00313433 0.00188258 -0.00312696 0.000635081
internal_weight=6706 6129 1338 1198 4791 4665 835 586 3894 3419 3256 475 577 192 363 771 570 201 3125 2967 2778 800 1978 142 576 497 1402 1315 633 491
internal_count=6706 6129 1338 1198 4791 4665 835 586 3894 3419 3256 475 577 192 363 771 570 201 3125 2967 2778 800 1978 142 576 497 1402 1315 633 491
is_linear=0
shrinkage=0.035


Tree=38
num_leaves=31
num_cat=0
split_feature=183 82 4 256 93 93 270 213 115 30 256 148 19 274 148 115 270 256 60 148 63 270 49 49 270 242 4 193 71 148
split_gain=119.497 106.829 64.3259 44.0194 49.4876 57.4838 47.882 37.3509 38.8816 32.5003 51.8203 51.5337 56.8206 48.7638 35.3125 33.1377 46.208 53.3797 47.2953 35.7099 33.7484 35.9725 32.3193 29.4938 31.0668 29.677 29.3709 29.37 38.8276 29.2225
threshold=0.91205241161359507 2290.5000000000005 34.347608098718531 12.520882905978285 12524.500000000002 12149.000000000002 35.601260209714219 11.313248163306925 17923.500000000004 607.75000000000011 33.761786733596757 1611.5000000000002 637.50000000000011 0.16030809085594758 9618.5000000000018 6527.5000000000009 111.91683993034052 78.482830711877071 5367.5000000000009 2024.0000000000002 562.50000000000011 49.063382753619813 16618.000000000004 14458.500000000002 52.395305095421627 35.339455808689145 18.403960417973657 -0.50783341135644855 2301.0000000000005 2270.5000000000005
decision_type=2 2 2 2 2 2 2 2 2 2 2 2 2 2 2 2 2 2 2 2 2 2 2 2 2 2 2 2 2 2
left_child=1 2 22 -3 5 6 -5 -2 -9 10 -8 -11 13 -13 -14 16 18 -18 19 -12 -17 -22 -1 24 29 -25 -20 28 -19 -6
right_child=7 3 -4 4 23 -7 9 8 -10 11 15 12 14 -15 -16 20 17 27 26 -21 21 -23 -24 25 -26 -27 -28 -29 -30 -31
leaf_value=0.0088709230976114391 -0.0008987067631316399 0.012261476160306843 -0.0015580046620977095 -0.0023044572438098774 -0.0015343146243290957 0.011385040103484761 -0.001831712507929479 0.014489323078242293 -0.0011581181740220176 0.0075309156847477533 -0.0063376112337753237 0.014057752467042382 -0.0025087338540189645 -0.003021795010195148 0.005301640929620972 0.013006040432990447 -0.0031849364599033565 0.0037094073817726856 0.01200916271436351 0.0057270205286136478 0.013622722973462646 -0.0021107945547387398 -0.0058272629894912976 -0.0018222024223091605 -0.0019534304091788448 0.0046743557076605827 -0.0064478240179159391 0.010265777418162942 -0.0035737212744415495 0.01380006352143183
leaf_weight=653 385 123 135 195 101 123 407 99 93 347 132 307 184 86 85 71 116 236 712 341 89 582 93 89 357 179 78 118 97 93
leaf_count=653 385 123 135 195 101 123 407 99 93 347 132 307 184 86 85 71 116 236 712 341 89 582 93 89 357 179 78 118 97 93
internal_value=-0.00150201 -6.27649e-05 0.0111795 -0.00195888 -0.00246296 -0.000958014 -0.00166309 -0.0166581 -0.00390863 -0.000823942 -0.00266253 0.00459073 -0.00115442 0.00729899 -0.0134124 -0.000814901 0.00171662 -0.0065472 0.0054377 -0.00329498 -0.00702811 -0.00947485 0.0151931 -0.0103216 -0.0149191 -0.000769231 0.0106541 -0.000997807 -0.00631657 -0.00351759
internal_weight=6706 6129 881 5248 5125 4306 4183 577 192 3988 2979 1009 662 393 269 2572 1830 567 1263 473 742 671 746 819 551 268 790 451 333 194
internal_count=6706 6129 881 5248 5125 4306 4183 577 192 3988 2979 1009 662 393 269 2572 1830 567 1263 473 742 671 746 819 551 268 790 451 333 194
is_linear=0
shrinkage=0.035


Tree=39
num_leaves=31
num_cat=0
split_feature=183 82 4 13 137 104 77 2 233 270 261 213 115 161 11 270 203 6 183 213 71 148 261 272 213 27 270 13 33 222
split_gain=117.119 107.697 61.3949 44.2501 48.7793 64.9904 46.7721 60.9928 40.5143 39.8844 39.764 38.8214 37.104 36.7887 35.6506 38.2102 39.4927 36.0643 35.0924 34.9597 32.4124 39.2605 38.2631 32.2788 30.3775 32.0109 29.9258 38.7069 29.0935 25.0222
threshold=0.91205241161359507 2290.5000000000005 34.347608098718531 12.520882905978285 3979.0000000000005 4358.5000000000009 0.18169999867677691 595.33001708984386 5889.9648437500009 49.194666728658071 575.17999267578136 11.313248163306925 17923.500000000004 0.31864999979734426 192.57379081451973 111.91683993034052 -0.93642175743719636 4.4641456152110672 0.52022420905034461 11.557061943052163 2256.0000000000005 1597.0000000000002 528.24499511718761 0.028799999505281452 11.04661098113248 17900.000000000004 129.54518339846558 116.67697153521286 0.2848500013351441 13.787964163454491
decision_type=2 2 2 2 2 2 2 2 2 2 2 2 2 2 2 2 2 2 2 2 2 2 2 2 2 2 2 2 2 2
left_child=1 2 -1 -3 14 6 19 8 13 18 28 -2 -13 -8 15 16 -5 20 -9 -6 -18 -22 -23 24 -24 -26 -17 -28 29 -7
right_child=11 3 -4 4 5 10 7 9 -10 -11 -12 12 -14 -15 -16 26 17 -19 -20 -21 21 22 23 -25 25 -27 27 -29 -30 -31
leaf_value=0.0081198695252737655 -0.00086725202642203242 0.011832324494696103 -0.0015034744989242917 0.014619168753028908 0.0099392091418594852 -0.0010530009498380573 -0.0046808253229763232 0.0041691641211760331 0.013640240523276562 -0.0022111014294191461 0.010900243615335691 0.013982196770503814 -0.0011175840379312476 0.014309576080171579 0.0093540375533745033 -0.0025569023085809653 -0.0035824032643182995 -0.0061613450774456249 -0.0020817834615242249 -0.0049022669926703909 -0.0060864115864013441 0.012734495079588725 -0.003657823156226933 -0.0031192775537862262 0.011097561539912235 -0.01048537405166558 0.019131582502239137 -0.0035864318396810245 -0.0030946442819900486 -0.00026642823160491464
leaf_weight=746 385 123 135 123 209 772 77 104 115 326 108 99 93 126 175 250 110 77 120 82 157 460 71 119 530 79 111 107 305 412
leaf_count=746 385 123 135 123 209 772 77 104 115 326 108 99 93 126 175 250 110 77 120 82 157 460 71 119 530 79 111 107 305 412
internal_value=-0.0015333 -0.000108412 0.0111795 -0.00201218 -0.00251754 -0.0056791 0.000631443 -0.00344788 0.00866873 -0.0104685 -0.0102466 -0.0165378 -0.0035533 -0.000841346 0.0011647 -6.36653e-05 0.00234547 0.000848881 0.000917031 0.012652 0.00205748 0.00349754 0.00556566 0.000914179 0.00388321 0.00644137 -0.00887949 0.000627803 -0.0117369 -0.00918419
internal_weight=6706 6129 881 5248 5125 2756 1159 868 318 550 1597 577 192 203 2369 2194 1726 1603 224 291 1526 1416 1259 799 680 609 468 218 1489 1184
internal_count=6706 6129 881 5248 5125 2756 1159 868 318 550 1597 577 192 203 2369 2194 1726 1603 224 291 1526 1416 1259 799 680 609 468 218 1489 1184
is_linear=0
shrinkage=0.035


Tree=40
num_leaves=31
num_cat=0
split_feature=183 82 4 13 93 93 213 137 171 183 115 93 115 49 214 203 173 13 261 90 183 63 22 27 33 137 41 213 8 82
split_gain=115.81 103.405 60.9476 43.4452 51.2223 56.6807 41.843 37.9424 45.08 75.3222 38.8213 34.2751 33.6717 31.6978 30.6123 33.7072 32.4359 40.1332 30.1263 30.0396 26.9754 26.8518 25.612 29.0437 42.6024 25.2721 42.704 30.7023 24.4887 24.2542
threshold=0.91205241161359507 2290.5000000000005 34.347608098718531 12.520882905978285 12524.500000000002 12149.000000000002 11.313248163306925 3979.0000000000005 0.17630000039935115 0.27258633924901771 4056.5000000000005 10325.000000000002 17923.500000000004 16618.000000000004 -0.0095999985933303816 -0.95346394390117306 -0.18077492748352311 43.286137722252015 570.37500000000011 0.016415916259791666 0.48541962263509641 567.75000000000011 0.26384998857975012 7521.0000000000009 0.24724999815225604 10895.500000000002 593.50000000000011 11.852944973845014 -13.455556901224581 5030.5000000000009
decision_type=2 2 2 2 2 2 2 2 2 2 2 2 2 2 2 2 2 2 2 2 2 2 2 2 2 2 2 2 2 2
left_child=1 2 13 -3 5 7 -2 14 9 11 -10 -9 -8 20 -5 -16 17 -17 25 -20 -1 -12 23 24 -23 26 -6 -27 -11 -18
right_child=6 3 -4 4 18 -7 12 8 10 28 21 -13 -14 -15 15 16 29 -19 19 -21 -22 22 -24 -25 -26 27 -28 -29 -30 -31
leaf_value=0.0055058159210207083 -0.00083689820549726188 0.01141819313738174 -0.0014508528914619412 -0.0020935040422348774 0.014768075500164471 0.010598149045965868 0.01349281988353618 -0.0016212344357879581 0.016332299437687294 0.012731179469154735 0.0093163553024594638 0.019346156196508778 -0.0010784685966036529 -0.0059075042182436827 0.014310733532256948 -0.0037712316373505355 -0.0018505948789124037 -0.00014376055881544462 -0.0046972664149759419 0.017292596004629356 0.0090152857132165046 -0.0019960840088042082 -0.0037830449467718451 -0.0013742206831760294 0.011163072897754049 0.0096321362037285439 -0.0018114296707009399 -0.00065946473586508242 -0.00099511808860631404 0.010116477261609042
leaf_weight=128 385 123 135 253 61 123 99 350 99 229 134 64 93 93 135 112 352 574 130 62 525 104 174 666 115 65 373 128 68 754
leaf_count=128 385 123 135 253 61 123 99 350 99 229 134 64 93 93 135 112 352 574 130 62 525 104 174 666 115 65 373 128 68 754
internal_value=-0.00137684 3.99413e-05 0.0111005 -0.00182562 -0.00232651 -0.000795639 -0.0162973 -0.00149594 -0.00496763 0.00210196 -0.0088512 -0.0075179 -0.00284264 0.0150067 0.00169794 0.00320652 0.00190874 -0.0040521 -0.0103216 0.00177665 0.0177128 -0.0106052 -0.0124671 -0.00994944 0.00109375 -0.0140111 -0.018656 -0.00335859 0.0154139 0.00560756
internal_weight=6706 6129 881 5248 5125 4306 577 4183 2003 711 1292 414 192 746 2180 1927 1792 686 819 192 653 1193 1059 885 219 627 434 193 297 1106
internal_count=6706 6129 881 5248 5125 4306 577 4183 2003 711 1292 414 192 746 2180 1927 1792 686 819 192 653 1193 1059 885 219 627 434 193 297 1106
is_linear=0
shrinkage=0.035


Tree=41
num_leaves=31
num_cat=0
split_feature=183 82 4 13 93 93 213 137 171 183 115 93 115 49 214 193 7 261 90 183 13 49 42 13 11 63 22 27 33 2
split_gain=116.296 98.3956 59.6157 43.1023 45.8867 54.0107 41.843 36.0463 46.2596 75.7446 38.6211 33.7839 33.6717 30.7767 30.2684 32.2786 36.9376 27.6494 30.0396 25.7936 25.4445 54.3839 32.2614 32.0158 27.2448 24.7943 24.9882 28.8723 38.4287 22.8897
threshold=0.91205241161359507 2290.5000000000005 34.347608098718531 12.520882905978285 12524.500000000002 12149.000000000002 11.313248163306925 3979.0000000000005 0.17630000039935115 0.27258633924901771 4056.5000000000005 10325.000000000002 17923.500000000004 16618.000000000004 -0.0095999985933303816 -0.94852803202854263 -11.156550672226025 570.37500000000011 0.016415916259791666 0.48541962263509641 34.448280384639247 7053.5000000000009 26.062944542961656 59.940971915053844 192.57379081451973 567.75000000000011 0.27655000984668737 7521.0000000000009 0.24724999815225604 591.63000488281261
decision_type=2 2 2 2 2 2 2 2 2 2 2 2 2 2 2 2 2 2 2 2 2 2 2 2 2 2 2 2 2 2
left_child=1 2 13 -3 5 7 -2 14 9 11 -10 -9 -8 19 -5 -16 20 29 -19 -1 21 -17 -23 -22 -25 -12 27 28 -27 -6
right_child=6 3 -4 4 17 -7 12 8 10 -11 25 -13 -14 -15 15 16 -18 18 -20 -21 23 22 -24 24 -26 26 -28 -29 -30 -31
leaf_value=0.0053131123637849831 -0.00080760676830485777 0.011018556377573379 -0.0014000730402607727 -0.0020202314007566574 0.012424093429469214 0.010227213829357061 0.013020571187612415 -0.0015644912305353795 0.015760668957368239 0.0095922424587243909 0.0089902828668733826 0.018669040729630972 -0.001040722195722525 -0.005700741570605153 0.019099214875731706 -0.0042090388348667296 -0.006344956687801306 -0.0045328620904517844 0.016687355144467328 0.0086997507132539273 0.011595677397683763 0.011359684396902195 -0.0074398869276784078 -0.00090549691792644047 0.0088948544418229226 -0.0019262210684960594 -0.0040935851716311774 -0.0014084782522313043 0.0081285809160312611 -0.0012715203181926373
leaf_weight=128 385 123 135 253 71 123 99 350 99 297 134 64 93 93 118 122 80 130 62 525 440 148 72 817 130 104 139 690 126 556
leaf_count=128 385 123 135 253 71 123 99 350 99 297 134 64 93 93 118 122 80 130 62 525 440 148 72 817 130 104 139 690 126 556
internal_value=-0.00134555 7.41767e-05 0.0108634 -0.00174567 -0.00224464 -0.000795639 -0.0162973 -0.00147923 -0.00486305 0.00229749 -0.00879722 -0.00735084 -0.00284264 0.014727 0.00163387 0.00313406 0.00194873 -0.00981189 0.00177665 0.0173936 0.00304787 -0.00544669 0.00497778 0.00515445 0.00150735 -0.0105467 -0.0123355 -0.0101405 0.000595745 -0.0133465
internal_weight=6706 6129 881 5248 5125 4306 577 4183 2003 711 1292 414 192 746 2180 1927 1809 819 192 653 1729 342 220 1387 947 1193 1059 920 230 627
internal_count=6706 6129 881 5248 5125 4306 577 4183 2003 711 1292 414 192 746 2180 1927 1809 819 192 653 1729 342 220 1387 947 1193 1059 920 230 627
is_linear=0
shrinkage=0.035


Tree=42
num_leaves=31
num_cat=0
split_feature=183 82 4 213 13 93 93 270 115 30 261 261 261 190 153 49 270 71 162 93 260 261 90 140 203 115 99 11 115 201
split_gain=116.783 93.5107 55.8843 41.843 40.452 44.9894 51.0247 34.5508 33.6717 33.0987 61.7022 40.1842 37.8728 33.8479 33.7032 29.8392 28.1981 36.4677 27.3709 27.0527 31.1569 26.8474 30.0396 22.5415 22.4912 23.8716 22.3918 22.0315 26.7411 24.8549
threshold=0.91205241161359507 2290.5000000000005 33.092222215534427 11.313248163306925 12.520882905978285 12524.500000000002 12149.000000000002 35.601260209714219 17923.500000000004 607.75000000000011 528.43750000000011 565.84500122070324 575.17999267578136 -0.012700002640485762 0.45974480170426274 16618.000000000004 42.975008365150821 18308.500000000004 0.25945321693872742 16242.000000000002 0.25098620423082224 570.37500000000011 0.016415916259791666 645.50000000000011 0.61398290242334841 14379.000000000002 0.14800000190734866 29.959706908513013 1433.5000000000002 0.24397499859333041
decision_type=2 2 2 2 2 2 2 2 2 2 2 2 2 2 2 2 2 2 2 2 2 2 2 2 2 2 2 2 2 2
left_child=1 2 15 -2 -3 6 7 -6 -5 10 13 16 23 14 27 19 -11 -18 -15 20 -1 24 26 -13 -7 -26 -23 -9 -29 -30
right_child=3 4 -4 8 5 21 -8 9 -10 11 -12 12 -14 18 -16 -17 17 -19 -20 -21 -22 22 -24 -25 25 -27 -28 28 29 -31
leaf_value=-0.011105085019481702 -0.00077934053141418891 0.010632906904358311 -0.0013317265801368046 0.012564851196045978 -0.0019520250444069911 -0.0015880734565374547 0.0098692613453295643 -0.0017418233728959617 -0.0010042969188722379 -0.0020098931217231693 -0.0012784605658058758 -0.0028157631494864746 0.0082607265927364774 -0.00038442521586810408 -0.0052007802853463927 -0.0055012156156339738 0.013473632302733856 -0.00077715753252250949 -0.0024953560711974453 -0.0063265980469665688 0.0093200169297622988 -0.005363496114655448 0.01610329771441097 0.00018272363331357734 0.0073310554016734501 -0.00076592299999878554 0.014042040538056487 0.014200823504402176 0.015010792852396751 0.0017206063535638654
leaf_weight=74 385 123 139 99 195 372 123 124 93 110 469 205 115 792 116 93 388 73 460 61 514 60 62 118 104 151 70 171 243 604
leaf_count=74 385 123 139 99 195 372 123 124 93 110 469 205 115 792 116 93 388 73 460 61 514 60 62 118 104 151 70 171 243 604
internal_value=-0.00131426 0.000108412 0.0106264 -0.0162973 -0.00166571 -0.00214912 -0.000714451 -0.00137894 -0.00284264 -0.000666166 -0.00252178 0.00479783 -0.00316027 -0.000333996 0.00371338 0.0144311 0.0108767 0.0146459 -0.00439936 0.0170719 0.0193592 -0.00964199 0.00177665 -0.00928354 -0.013125 -0.00498077 -0.00777778 0.00555362 0.00725318 0.00464202
internal_weight=6706 6129 881 577 5248 5125 4306 4183 192 3988 2979 1009 438 2510 1258 742 571 461 1252 649 588 819 192 323 627 255 130 1142 1018 847
internal_count=6706 6129 881 577 5248 5125 4306 4183 192 3988 2979 1009 438 2510 1258 742 571 461 1252 649 588 819 192 323 627 255 130 1142 1018 847
is_linear=0
shrinkage=0.035


Tree=43
num_leaves=31
num_cat=0
split_feature=183 82 4 256 93 93 213 270 115 30 261 261 148 49 133 270 163 203 213 270 71 93 205 27 93 260 183 213 144 261
split_gain=106.115 90.1382 51.92 44.0661 41.8714 49.1146 39.6457 33.3192 32.017 31.0687 57.3829 41.5337 36.3826 28.6442 28.5693 33.485 51.2792 54.2309 34.1296 27.3431 32.5788 26.1986 48.3143 30.9449 26.0171 29.7871 25.9303 24.6709 42.5098 22.916
threshold=0.91205241161359507 2290.5000000000005 33.092222215534427 14.751036886260241 12524.500000000002 12149.000000000002 11.313248163306925 35.601260209714219 17923.500000000004 607.75000000000011 528.43750000000011 565.84500122070324 1382.0000000000002 16618.000000000004 107.50825517216056 121.12455309057363 -0.062560596265670496 -0.48429209423067893 10.895451444051002 42.975008365150821 18308.500000000004 7176.0000000000009 0.012745699245651778 9644.0000000000018 16242.000000000002 0.25098620423082224 -0.42006479108617417 11.12660830335941 94.090409324125872 570.37500000000011
decision_type=2 2 2 2 2 2 2 2 2 2 2 2 2 2 2 2 2 2 2 2 2 2 2 2 2 2 2 2 2 2
left_child=1 2 13 -3 5 7 -2 -5 -8 10 14 19 -13 24 15 16 18 26 -9 -11 -21 23 -23 -20 25 -1 -18 28 -17 -6
right_child=6 3 -4 4 29 -7 8 9 -10 11 -12 12 -14 -15 -16 27 17 -19 21 20 -22 22 -24 -25 -26 -27 -28 -29 -30 -31
leaf_value=-0.010716407043799841 -0.00075206361281469349 0.008238990152967661 -0.0012851161498320164 -0.0023676298366798617 -0.001118153825321916 0.0095238371982430299 0.012125081404184371 -0.0061876584697815977 -0.00096914652671170837 -0.0019395468624628584 -0.0012337144460026718 0.0041142425125081537 -0.0017960515171194201 -0.0053086730690867839 0.0085236840948861841 0.012484523901995996 -0.0018844650593955851 -0.0025383375569915166 0.015079792975963374 0.013002055172138172 -0.00074995701888422197 -0.0058789124564612959 0.017197611810393219 -0.0010250171727004655 -0.00610516711532274 0.0089938163372206177 0.015196201475322926 -0.0023270055690004609 -0.0023142718582911267 0.0042638678256487978
leaf_weight=74 385 150 139 173 622 123 99 107 93 110 469 110 328 93 212 158 96 838 350 388 73 74 151 109 61 514 160 184 71 192
leaf_count=74 385 150 139 173 622 123 99 107 93 110 469 110 328 93 212 158 96 838 350 388 73 74 151 109 61 514 160 184 71 192
internal_value=-0.0012934 6.27649e-05 0.0103894 -0.00167904 -0.00223594 -0.000848683 -0.0155756 -0.00150384 -0.00248731 -0.000841473 -0.00263908 0.00445266 -0.00363431 0.0140562 -0.000528827 -0.00167173 0.000314815 -0.00458599 0.00707915 0.0106337 0.0143455 0.00995646 0.000152174 0.0147091 0.0166437 0.018887 0.00938697 -0.010634 -0.00284188 -0.00948718
internal_weight=6706 6129 881 5248 5098 4284 577 4161 192 3988 2979 1009 438 742 2510 2298 1885 1094 791 571 461 684 225 459 649 588 256 413 229 814
internal_count=6706 6129 881 5248 5098 4284 577 4161 192 3988 2979 1009 438 742 2510 2298 1885 1094 791 571 461 684 225 459 649 588 256 413 229 814
is_linear=0
shrinkage=0.035


Tree=44
num_leaves=31
num_cat=0
split_feature=183 82 6 213 13 133 82 82 193 118 19 49 137 71 137 33 118 6 113 13 183 270 242 115 213 60 274 173 135 148
split_gain=104.489 82.0527 47.719 41.155 33.6572 34.5415 35.3366 30.4787 31.9642 30.4228 60.5569 43.8882 54.663 42.3926 54.6913 42.4832 41.2788 33.5975 32.5612 32.3958 30.5869 39.9215 44.5964 30.4035 28.7311 29.2593 25.6039 25.5462 24.7133 27.5978
threshold=0.91205241161359507 2290.5000000000005 22.089760377341456 11.313248163306925 12.520882905978285 107.50825517216056 2758.5000000000005 2940.5000000000005 -0.94852803202854263 577.50000000000011 592.75000000000011 6907.5000000000009 2579.0000000000005 13181.500000000002 10441.500000000002 0.23749999701976779 566.50000000000011 -32.548465425847404 -2.5404478516951801 40.937107401126958 -0.26955347759534926 39.964933581627285 43.967181902311417 17923.500000000004 11.177228927318842 6376.0000000000009 0.022280678197210895 0.065652420195280517 -1.337972503221627 9052.0000000000018
decision_type=2 2 2 2 2 2 2 2 2 2 2 2 2 2 2 2 2 2 2 2 2 2 2 2 2 2 2 2 2 2
left_child=1 2 -1 -2 -3 6 -6 -8 -9 16 -11 19 26 14 18 28 -10 -16 -14 -12 -20 -22 -23 -5 25 -21 27 -13 -15 -30
right_child=3 4 -4 23 5 -7 7 8 9 10 11 12 13 15 17 -17 -18 -19 20 24 21 22 -24 -25 -26 -27 -28 -29 29 -31
leaf_value=0.0066430554327805797 -0.00072574138636618049 0.0099723905073519012 -0.0012594809883027342 0.011700703555037916 -0.0058195008614643747 0.0082481916987514944 0.017074722064231215 0.0140865836912206 -0.0021813125101027659 0.011438462788808243 -0.0034177866195473153 -0.0046052811806155348 -0.0017302249064771809 0.00056533718066574567 -0.00056210562922904726 -0.0023748618014092738 -0.0037729398245885718 0.0095204439605825267 0.020989641594015115 -0.0030239111303860576 -0.0012543704732094192 0.0055800794316025184 -0.0010600173374538942 -0.00093522639827679679 -0.0026957359201193829 0.014383870287339897 0.017606951122626086 0.010224462791824205 -0.0019265277582780223 0.0031518265797715601
leaf_weight=770 385 123 111 99 78 219 94 133 598 472 212 91 355 182 62 173 210 320 78 80 139 298 305 93 187 116 134 102 395 92
leaf_count=770 385 123 111 99 78 219 94 133 598 472 212 91 355 182 62 173 210 320 78 80 139 298 305 93 187 116 134 102 395 92
internal_value=-0.00128297 6.27649e-05 0.00991535 -0.0154553 -0.00159909 -0.00203996 -0.00265119 -0.00225947 -0.00265879 -0.0031535 -0.00183386 -0.00350421 -0.00161479 -0.0034505 -2.24072e-05 -0.00975207 -0.00929889 0.0113953 -0.00376695 -0.012075 8.48485e-05 -0.00215529 0.00178454 -0.00213198 -0.0058634 0.00348259 0.0117018 0.00335859 -0.00566024 -0.00974593
internal_weight=6706 6129 881 577 5248 5125 4906 4828 4734 4601 3793 3321 2726 2399 1557 842 808 382 1175 595 820 742 603 192 383 196 327 193 669 487
internal_count=6706 6129 881 577 5248 5125 4906 4828 4734 4601 3793 3321 2726 2399 1557 842 808 382 1175 595 820 742 603 192 383 196 327 193 669 487
is_linear=0
shrinkage=0.035


Tree=45
num_leaves=31
num_cat=0
split_feature=104 104 288 6 38 49 242 49 153 193 13 137 270 33 215 137 214 7 261 173 199 104 11 211 144 122 213 8 99 2
split_gain=59.506 43.6505 39.0545 43.9588 42.0336 41.5821 65.192 48.4931 40.2171 37.8736 34.9468 40.1656 45.4485 39.5576 34.6016 31.4957 30.7161 29.9494 31.1186 29.2349 33.2058 28.9236 28.6101 27.1451 26.9978 26.1005 25.6363 25.1864 22.9616 34.3538
threshold=344.50000000000006 4330.0000000000009 1.0000000180025095e-35 23.086683748634446 2048.5000000000005 8181.0000000000009 47.647431433440651 10965.000000000002 0.4330705576775164 -0.97314170892078355 12.520882905978285 3979.0000000000005 120.50227794513386 0.29604999721050268 -0.046900000423192971 884.50000000000011 0.024900011718273166 -12.943675648403401 514.94998168945324 -0.18077492748352311 15.448425966249408 15908.500000000002 59.315871675376854 0.53170536763657472 37.220219534023116 55.946602241197127 11.376807867308168 -59.686491860720061 0.14460000395774844 598.25500488281261
decision_type=2 2 2 2 2 2 2 2 2 2 2 2 2 2 2 2 2 2 2 2 2 2 2 2 2 2 2 2 2 2
left_child=26 2 3 4 -2 6 14 24 15 -3 -11 12 17 16 -6 25 -13 18 -12 20 22 -21 -20 -5 -7 -8 -1 -17 -9 -30
right_child=1 9 -4 23 5 7 8 28 -10 10 11 13 -14 -15 -16 27 -18 -19 19 21 -22 -23 -24 -25 -26 -27 -28 -29 29 -31
leaf_value=-0.00068641573576787686 0.011729662144023736 0.021475919275210389 -0.0018942507226522383 0.00094453846645082618 0.0011559551562998691 0.011590452697457744 0.012390143682783924 0.0060665959766587315 -0.0040530047877533563 0.010109176710302616 0.010880322352455755 -0.00099684976616862741 -0.0021249269273851223 -0.0028251156071050763 -0.0013322633140746985 0.012070162534653216 -0.00016375554249742103 -0.0061783904983691547 -0.0024621431534606773 0.0060007588571810129 -0.0040042119452269147 -0.0042275412353201406 0.012071663483867864 -0.001510740078718706 0.0055524232396666458 -0.0034810590724146497 0.00034799574843090268 0.00036361752863058489 0.012320786858201722 -0.0019041433413149234
leaf_weight=329 234 68 360 61 82 294 60 130 110 92 291 508 295 292 216 270 834 103 60 749 189 62 110 119 240 86 70 102 88 202
leaf_count=329 234 68 360 61 82 294 60 130 110 92 291 508 295 292 216 270 834 103 60 749 189 62 110 119 240 86 70 102 88 202
internal_value=-0.00127254 -0.000438054 0.0029748 0.00465855 0.00607834 0.00430769 -0.000977444 0.00941606 0.00541864 -0.00291826 -0.00342201 -0.00399228 -0.000469421 -0.00798658 -0.0143234 0.00950287 -0.0054046 0.00191842 0.00322306 0.000655319 -0.00759615 0.00433211 0.0036 -0.0117297 0.0163636 -0.00417219 -0.0142946 0.0148541 0.000494118 -0.00498305
internal_weight=6706 6307 2654 2294 2114 1880 926 954 628 3653 3585 3493 1859 1634 298 518 1342 1564 1461 1170 359 811 170 180 534 146 399 372 420 290
internal_count=6706 6307 2654 2294 2114 1880 926 954 628 3653 3585 3493 1859 1634 298 518 1342 1564 1461 1170 359 811 170 180 534 146 399 372 420 290
is_linear=0
shrinkage=0.035


Tree=46
num_leaves=31
num_cat=0
split_feature=183 104 44 19 233 2 213 193 13 213 13 143 242 267 287 270 203 148 34 270 126 165 92 242 223 119 13 25 120 9
split_gain=88.4277 60.4216 43.5619 46.9387 52.582 45.2489 37.3728 36.6415 35.5948 34.8043 32.9079 30.8381 30.3428 29.8453 29.3847 28.3043 40.025 40.3923 37.1312 34.683 30.2247 26.6497 25.868 37.8035 26.1547 23.6947 23.335 22.8003 21.6486 21.3548
threshold=0.91205241161359507 4330.0000000000009 0.13239999860525134 598.50000000000011 6014.6750488281259 587.59500122070324 11.652896071549055 -0.94852803202854263 12.520882905978285 11.319091898371552 54.479612749370119 0.16425000131130221 22.073223386285939 -8.4044741294742025 1.0000000180025095e-35 121.12455309057363 -0.49082866852216195 8387.5000000000018 3.3145228602649071 101.33028932090512 7171.0000000000009 0.01953567009782127 5.2453999519348153 49.143803989810017 9.9955726078358378 22.651221464294881 47.477277658688749 -13.955923125523645 0.6602500081062318 54.62964083267088
decision_type=2 2 2 2 2 2 2 2 2 2 2 2 2 2 2 2 2 2 2 2 2 2 2 2 2 2 2 2 2 2
left_child=1 2 12 5 -5 10 11 -3 -9 -2 -4 29 -1 -10 -12 16 17 20 -19 -18 21 -15 23 24 28 -20 -11 -7 -13 -6
right_child=9 7 3 4 6 27 -8 8 13 26 14 22 -14 15 -16 -17 19 18 25 -21 -22 -23 -24 -25 -26 -27 -28 -29 -30 -31
leaf_value=-0.0028294386093825866 -0.00066473862944271334 0.014146789226033392 -0.0040859520775915377 -0.0025079845839282239 0.0089071521183797849 0.0029216154652347967 -0.0045553960876903062 0.0097553555254420252 0.0079503431304478976 -0.00091699508234189663 0.0019778834283049607 -0.00087309616845306537 0.0072114992293482675 0.0075786937069592403 0.011648731191465587 -0.0021765755671435969 -0.001057618353113819 0.0091350040573870226 -0.0046754842436678252 0.014495104282814203 0.012877432365709207 -0.0036127233041804074 -0.0021750228550507828 0.019523493239096426 -0.0035507974253768042 0.00051875624246101957 0.010180474799351347 0.011966615524156293 0.0048349196562803504 0.00038414244737614272
leaf_weight=65 391 120 77 164 134 82 104 92 150 97 621 63 182 133 229 288 2013 111 187 119 203 135 199 122 108 102 89 169 67 90
leaf_count=65 391 120 77 164 134 82 104 92 150 97 621 63 182 133 229 288 2013 111 187 119 203 135 199 122 108 102 89 169 67 90
internal_value=-0.00133512 -9.70003e-05 0.00411931 0.00255372 -0.00281723 0.00733728 0.000588565 -0.00295653 -0.0036108 -0.0143729 0.00371781 0.00324239 0.0179167 -0.00419472 0.00573099 -0.00489533 -0.00387467 0.00243721 -0.0057037 -0.00645297 0.00933824 0.00153846 -0.00117908 0.00441096 -0.00374486 -0.0122619 -0.00183246 0.0203711 0.00674074 0.0140611
internal_weight=6706 6129 2476 2229 1051 1178 887 3653 3533 577 927 783 247 3441 850 3291 3003 871 400 2132 471 268 559 360 238 289 186 251 130 224
internal_count=6706 6129 2476 2229 1051 1178 887 3653 3533 577 927 783 247 3441 850 3291 3003 871 400 2132 471 268 559 360 238 289 186 251 130 224
is_linear=0
shrinkage=0.035


Tree=47
num_leaves=31
num_cat=0
split_feature=183 82 6 133 82 13 213 115 93 93 13 49 200 13 66 49 137 148 214 193 93 124 93 70 82 211 197 104 59 183
split_gain=88.2863 70.838 43.9113 32.5508 36.6496 32.5613 30.721 35.9738 27.3836 34.2911 51.3923 25.9737 40.2855 24.8269 45.6852 33.7248 29.6917 25.2194 26.6828 40.6739 23.7664 23.1788 20.8075 31.2446 27.1819 22.5415 20.5003 18.8385 37.4463 44.3601
threshold=0.91205241161359507 2290.5000000000005 22.089760377341456 107.50825517216056 2758.5000000000005 12.520882905978285 11.319091898371552 17923.500000000004 12587.000000000002 12149.000000000002 49.486849650611354 14458.500000000002 -0.03320000693202018 26.701089095780208 0.13580000400543216 8528.5000000000018 2888.0000000000005 271.50000000000006 -0.0095999985933303816 -0.94852803202854263 9701.5000000000018 -2.8469083666774364 14099.000000000002 5.0587499141693124 548.50000000000011 0.25098620423082224 -0.024604672265289111 3920.0000000000005 3.8339999914169316 0.39242914748243413
decision_type=2 2 2 2 2 2 2 2 2 2 2 2 2 2 2 2 2 2 2 2 2 2 2 2 2 2 2 2 2 2
left_child=1 2 22 4 -3 -6 -2 -8 9 13 -11 -10 -13 15 -15 -7 -17 -16 21 -20 26 -19 23 24 -1 -26 -18 28 -21 -30
right_child=6 3 -4 -5 5 8 7 -9 11 10 -12 12 -14 14 17 16 20 18 19 27 -22 -23 -24 -25 25 -27 -28 -29 29 -31
leaf_value=0.00093447106625278329 -0.00064147277741221818 -0.0056661283110789806 -0.0012926252583906573 0.0074340677998910318 0.0089280982113435232 -0.0018391711793422445 0.011707669485317358 -0.00088490025445993054 -0.0012578950975147788 0.011997161605241934 -0.0026649980223941 0.015481592620448566 -0.0018095391957997605 0.0097483618082633717 -0.0029915622876259115 0.013688829860452431 6.2957568653104762e-05 0.014419324089001177 0.017088690906519231 0.010679506327383291 0.011050684335565502 -0.0025643146439277838 -0.0023236286011613038 -0.00034693008996149552 0.0048185448824109552 0.012431642106142022 -0.0014813363683960441 -0.00077917837550440247 0.0083311464646057733 -0.0026585191273888536
leaf_weight=99 391 78 111 219 123 140 93 93 502 98 72 118 139 103 73 60 79 70 100 387 82 146 124 95 70 382 205 2138 110 206
leaf_count=99 391 78 111 219 123 140 93 93 502 98 72 118 139 103 73 60 79 70 100 387 82 146 124 95 70 382 205 2138 110 206
internal_value=-0.00134555 -0.000108412 0.00904628 -0.00165239 -0.00223182 -0.00184322 -0.0143729 -0.00256545 -0.00230292 -0.00115979 0.014 -0.00838351 0.000667939 -0.00183786 -0.000681546 -0.00858144 -0.00357309 -0.00142813 -0.00094086 -5.94026e-05 -0.00735849 -0.0126697 0.0120129 0.0145161 0.0176888 0.021291 -0.0121107 -0.000848559 0.00410311 -0.00479751
internal_weight=6706 6129 881 5248 5029 4951 577 186 4828 4069 170 759 257 3899 3333 566 426 3230 3157 2941 366 216 770 646 551 452 284 2841 703 316
internal_count=6706 6129 881 5248 5029 4951 577 186 4828 4069 170 759 257 3899 3333 566 426 3230 3157 2941 366 216 770 646 551 452 284 2841 703 316
is_linear=0
shrinkage=0.035


Tree=48
num_leaves=31
num_cat=0
split_feature=183 104 9 71 137 44 270 213 10 19 75 115 274 11 30 137 173 272 22 10 91 261 270 233 137 281 60 213 196 137
split_gain=81.6137 56.3123 39.551 39.5156 34.2496 47.9593 43.8025 34.2278 33.7773 48.6258 35.648 31.0323 31.0109 30.9051 35.5994 30.0247 34.7768 29.383 29.0985 28.657 29.459 26.0266 25.9773 24.9378 29.9201 27.1042 24.7835 24.1859 22.8809 22.6969
threshold=0.91205241161359507 4330.0000000000009 46.507132128621784 15795.000000000002 3979.0000000000005 0.19895000010728839 120.50227794513386 11.319091898371552 86.823416807563234 594.50000000000011 -20.042580253058492 17923.500000000004 -0.24663255303711823 161.61436303671692 556.50000000000011 470.50000000000006 -0.18077492748352311 0.028799999505281452 0.15935000032186511 17.543935838574708 -4.3613640397751867 528.43750000000011 127.06182587021382 6035.4401855468759 15844.000000000002 1.0000000180025095e-35 9738.5000000000018 11.487981945576976 -0.078031271182610648 2694.5000000000005
decision_type=2 2 2 2 2 2 2 2 2 2 2 2 2 2 2 2 2 2 2 2 2 2 2 2 2 2 2 2 2 2
left_child=1 2 3 18 6 12 15 -2 -4 13 -11 -9 -6 -10 -15 -3 21 -18 26 20 -20 -17 -8 -14 25 -25 -1 28 -21 -19
right_child=7 4 8 -5 5 -7 22 11 9 10 -12 -13 23 14 -16 16 17 29 19 27 -22 -23 -24 24 -26 -27 -28 -29 -30 -31
leaf_value=0.0096577726070204081 -0.0006190212302027904 0.0086068387983185314 0.0078798915869374049 -0.0041743222649914822 0.014874944908365854 -0.0020128106673038644 -0.0019969532604006703 0.011297901053331252 0.01201510028598568 -0.0034872723955099143 0.0001121457065495049 -0.00085392874555383145 0.01946065112496188 0.0061151189537367633 -0.0049271049175852863 -0.00075875067867980017 0.006745325372099549 0.0082505360341559031 0.017908182629059213 -0.00016502897027226014 -0.0020646955311590565 -0.0030024437617128144 -0.0015327696071311741 -0.00060062401827469536 0.0049135399745480332 -0.0017880773588485289 -0.0022779309010281523 0.0066747380789216057 -0.0022692159582765126 -0.002779706796001466
leaf_weight=134 391 203 408 86 113 547 100 93 283 89 232 93 93 207 134 300 835 84 99 262 120 119 202 795 99 79 60 89 273 84
leaf_count=134 391 203 408 86 113 547 100 93 283 89 232 93 93 207 134 300 835 84 99 262 120 119 202 795 99 79 60 89 273 84
internal_value=-0.00136641 -0.000176883 0.00389359 -0.000961879 -0.0029374 -0.00651069 0.000271739 -0.0138918 0.00791237 0.00423684 -0.0067638 -0.00146597 -0.00251267 0.00990461 0.00273121 0.00255521 0.000735809 0.00427083 0.000974088 -0.00185731 0.00890625 -0.00767689 -0.0118567 -0.00437908 -0.00604806 -0.00812287 0.0130151 -0.00567568 -0.00849074 -0.00890173
internal_weight=6706 6129 2476 1123 3653 1726 1927 577 1353 945 321 186 1179 624 341 1625 1422 1003 1037 843 219 419 302 1066 973 874 194 624 535 168
internal_count=6706 6129 2476 1123 3653 1726 1927 577 1353 945 321 186 1179 624 341 1625 1422 1003 1037 843 219 419 302 1066 973 874 194 624 535 168
is_linear=0
shrinkage=0.035


Tree=49
num_leaves=31
num_cat=0
split_feature=183 82 219 213 133 82 13 93 93 13 270 270 270 13 71 31 115 22 115 173 8 270 11 205 27 274 261 211 143 49
split_gain=76.3204 63.7153 52.5549 36.4351 31.3998 36.4279 30.8039 28.5238 34.4463 51.3923 31.6722 31.5152 44.4062 34.927 29.4403 32.4793 27.9366 26.3765 40.7207 36.4343 31.6089 40.2456 39.3424 39.0596 29.2702 35.0834 26.0991 25.9436 26.1949 25.1253
threshold=0.91205241161359507 2290.5000000000005 8.0274464406231534 11.319091898371552 107.50825517216056 2758.5000000000005 12.520882905978285 12587.000000000002 12149.000000000002 49.486849650611354 35.601260209714219 111.91683993034052 103.19471510534689 82.836512493761845 2120.5000000000005 -87.711651473144073 17923.500000000004 0.18330000340938571 2821.0000000000005 -0.18077492748352311 -69.067489733045036 48.780750374398259 57.522266215256927 0.015892396942914732 21557.000000000004 0.16030809085594758 568.04498291015636 0.21564329817590797 0.16425000131130221 12165.500000000002
decision_type=2 2 2 2 2 2 2 2 2 2 2 2 2 2 2 2 2 2 2 2 2 2 2 2 2 2 2 2 2 2
left_child=1 2 -1 -2 5 -3 -7 8 10 -10 -8 12 17 -13 15 -15 -5 19 -19 -12 23 22 -22 -20 25 26 -21 -27 29 -29
right_child=3 4 -4 16 -6 6 7 -9 9 -11 11 13 -14 14 -16 -17 -18 18 20 24 21 -23 -24 -25 -26 27 -28 28 -30 -31
leaf_value=0.0051944267721233447 -0.00059735548714569438 -0.0053205622172120505 -0.0011606282381298706 0.010902474516464658 0.0072461397704854128 0.0080949917021536939 -0.0016909625461084411 -0.00089240881238193909 0.011258111504884377 -0.0025012747182546731 -0.0024932735787044549 -0.0019129410848057623 0.016502685624979623 -0.0037656219896657064 -0.0028754574066251334 0.017448603348418999 -0.00082404123945944876 0.0043310848217200312 -0.0020880738221835484 0.013407600565586091 -0.00098614735336483364 -0.0026704661548870605 0.0068205153128089403 0.014448456425638127 -0.0037393911669509161 -0.0028437720537635804 -0.0002326659671493206 0.0085092222836088138 -0.0010685598911516199 -0.00086235051888183822
leaf_weight=778 391 78 103 93 219 123 194 759 98 72 120 221 142 61 187 122 93 454 483 450 94 446 77 223 72 89 110 107 166 81
leaf_count=778 391 78 103 93 219 123 194 759 98 72 120 221 142 61 187 122 93 454 483 450 94 446 77 223 72 89 110 107 166 81
internal_value=-0.00141857 -0.000268177 0.00841422 -0.0135309 -0.00173234 -0.00230135 -0.00191384 -0.00236085 -0.00119416 0.014 -0.00187372 -0.00114151 0.000269317 -0.0085151 -0.00186667 0.00800532 -0.000732984 -0.000658381 -0.00335859 0.00335417 -0.00645708 -0.0122106 0.0021875 -0.00137834 0.00541204 0.00697917 0.0127611 -0.000390625 0.00389972 0.0126943
internal_weight=6706 6129 881 577 5248 5029 4951 4828 4069 170 3899 3705 3114 591 370 183 186 2972 1777 1195 1323 617 171 706 1075 1003 560 443 354 188
internal_count=6706 6129 881 577 5248 5029 4951 4828 4069 170 3899 3705 3114 591 370 183 186 2972 1777 1195 1323 617 171 706 1075 1003 560 443 354 188
is_linear=0
shrinkage=0.035


Tree=50
num_leaves=31
num_cat=0
split_feature=104 104 270 193 4 8 203 270 6 38 49 242 49 242 153 137 173 138 268 71 71 125 242 49 203 82 67 111 270 2
split_gain=55.8252 39.2975 33.6898 48.7842 40.9088 36.7053 33.2565 43.4249 32.0422 46.4297 32.2107 52.6736 43.2003 37.0419 35.9473 32.1604 31.7274 31.1628 28.8084 25.6761 41.2421 26.4524 32.4882 33.339 28.1266 26.8488 27.9533 25.4604 24.3474 23.8498
threshold=344.50000000000006 4330.0000000000009 121.12455309057363 -0.80127469776509919 25.26555962753795 -9.6016344916430185 -0.49082866852216195 101.33028932090512 23.086683748634446 2048.5000000000005 8181.0000000000009 43.573162728296772 10965.000000000002 20.328076592953767 0.4330705576775164 1143.5000000000002 0.065652420195280517 3.5000000000000004 -4.4017540335677943 6941.0000000000009 7374.0000000000009 4.5739500522613534 55.093350377438163 10643.000000000002 -0.033495277150560977 10269.500000000002 7.8704695485949747 53.899820616182907 50.256009386862821 601.61499023437511
decision_type=2 2 2 2 2 2 2 2 2 2 2 2 2 2 2 2 2 2 2 2 2 2 2 2 2 2 2 2 2 2
left_child=-1 8 3 -3 5 6 16 19 9 -2 11 -11 13 -12 15 27 17 -5 -17 -8 -21 25 23 -23 -25 26 28 -13 -22 -28
right_child=1 2 -4 4 -6 -7 7 -9 -10 10 12 14 -14 -15 -16 18 -18 -19 -20 20 21 22 -24 24 -26 -27 29 -29 -30 -31
leaf_value=-0.00054076789517114147 0.009957500784521409 0.0092421583113746451 -0.001817970003995338 0.01132119024004281 -0.0062326493522535369 0.0078738812241422613 -0.0037213089631294776 0.017996826902362137 -0.00097748185272899081 -0.0011140400834056946 -0.0005253920806521157 0.0092173571019206323 -0.00041759843487064691 0.0083309271969215278 -0.0039536916118891874 -0.001858462034984538 0.0072463244615245184 -0.0024476617819827822 0.010229445598481235 0.020955484549874542 -0.00057626343094434047 0.0068549144869148419 -0.0018772490173771571 0.012108217966415518 -0.00074504643709786525 -0.0017986463107710689 -0.0022241156448511027 -0.0036050546480979086 0.010702993895901168 -0.0033629197518546027
leaf_weight=399 259 255 354 66 115 85 240 108 180 311 133 81 501 519 115 130 289 352 291 73 209 276 174 76 290 289 171 134 139 92
leaf_count=399 259 255 354 66 115 85 240 108 180 311 133 81 501 519 115 130 289 352 291 73 209 276 174 76 290 289 171 134 139 92
internal_value=-0.00133512 -0.000526774 -0.00287999 -0.00176907 -0.00300754 -0.00218303 -0.00287469 -0.00504902 0.00271155 0.00375555 0.00209685 -0.00229616 0.00613558 0.0120396 0.00273148 0.00600624 0.0036868 -0.00248227 0.0115845 -0.0062119 -0.0047408 -0.00585706 -0.00127893 0.00238022 -0.0045283 -0.0099779 -0.00573864 -0.00493182 0.000793201 -0.0142351
internal_weight=6706 6307 3653 3299 3044 2929 2844 2137 2654 2474 2215 1062 1153 652 751 636 707 418 421 2029 1789 1716 816 642 366 900 611 215 348 263
internal_count=6706 6307 3653 3299 3044 2929 2844 2137 2654 2474 2215 1062 1153 652 751 636 707 418 421 2029 1789 1716 816 642 366 900 611 215 348 263
is_linear=0
shrinkage=0.035


Tree=51
num_leaves=31
num_cat=0
split_feature=183 82 4 133 82 213 115 13 163 271 148 261 272 155 71 65 71 71 13 246 104 27 201 4 148 201 242 201 38 137
split_gain=69.6223 59.6572 49.8859 31.7258 36.2068 31.7063 29.4646 27.1944 26.1289 27.0579 26.0259 25.2303 22.865 28.2307 39.5033 26.5101 25.0089 23.6082 56.0979 32.4653 26.5555 28.5866 44.2366 36.7433 35.1598 32.3813 27.7642 25.455 29.2566 24.8642
threshold=0.91205241161359507 2290.5000000000005 33.092222215534427 107.50825517216056 2758.5000000000005 11.319091898371552 17923.500000000004 12.520882905978285 0.82750802768979848 6.0239994353429553 335.00000000000006 521.41000366210949 0.015200000256299974 0.085370080660323103 12433.500000000002 0.42024999856948858 14543.000000000002 6926.0000000000009 41.154999909205038 -0.79493691914177067 1665.0000000000002 7420.5000000000009 0.17537499964237216 -15.415103777015801 2402.5000000000005 0.33830000087618833 22.04783541884937 0.21382500231266025 12490.000000000002 1968.5000000000002
decision_type=2 2 2 2 2 2 2 2 2 2 2 2 2 2 2 2 2 2 2 2 2 2 2 2 2 2 2 2 2 2
left_child=1 2 8 4 -3 -2 -7 -6 9 10 -1 -12 15 14 17 -9 -16 18 -14 -20 -19 23 26 24 -22 29 -23 -21 -29 -24
right_child=5 3 -4 -5 7 6 -8 12 -10 -11 11 -13 13 -15 16 -17 -18 20 19 27 21 22 25 -25 -26 -27 -28 28 -30 -31
leaf_value=0.005004749888948873 -0.00055517372433789463 -0.0050480470039788103 -0.0010530945247452883 0.0066440123510601743 0.0075982953812972816 0.010539814784719385 -0.00075620839315917023 -0.00096737118271885314 -0.012851735577308378 0.0087688673923610027 0.0074190282424827451 -0.008657978579213764 -0.0037286898811880278 0.0045549566359642116 -0.0019167724374912507 0.0062050412164615983 -0.0010384450185695294 -0.0024273123106453693 0.01094770030202849 0.0050952370281272209 -0.0072176870029886878 -0.0002477112192182035 0.0098269081962771756 0.012424521430964531 0.0095399258224788987 0.022687061668561364 0.010255604327139503 -0.00273036551323957 0.011396282762818268 -0.0010070583556925773
leaf_weight=116 391 78 139 219 123 93 93 1248 66 386 69 105 164 249 327 98 361 112 110 64 72 63 104 234 69 80 163 583 60 667
leaf_count=116 391 78 139 219 123 93 93 1248 66 386 69 105 164 249 327 98 361 112 110 64 72 63 104 234 69 80 163 583 60 667
internal_value=-0.00148115 -0.000382295 0.00801919 -0.00179897 -0.00237088 -0.0130498 -0.00109948 -0.00198446 0.0116198 0.0136711 0.00545763 -0.00312849 -0.0024043 -0.000903355 -0.00178351 -0.00626943 -0.00919192 0.000233333 -0.00401116 -0.000212895 0.00289994 0.00417982 0.00126155 0.0124342 -0.00167808 -0.00241238 0.0148485 -0.0029986 -0.00513117 -0.00464562
internal_weight=6706 6129 881 5248 5029 577 186 4951 742 676 290 174 4828 3482 3233 1346 688 2545 981 817 1564 1452 1077 375 141 851 226 707 643 771
internal_count=6706 6129 881 5248 5029 577 186 4951 742 676 290 174 4828 3482 3233 1346 688 2545 981 817 1564 1452 1077 375 141 851 226 707 643 771
is_linear=0
shrinkage=0.035


Tree=52
num_leaves=31
num_cat=0
split_feature=183 82 4 153 161 60 193 216 148 93 205 115 163 271 27 1 154 153 153 71 49 27 88 11 82 71 38 13 19 38
split_gain=56.0695 59.3674 46.1462 29.9117 34.2964 40.5116 34.7554 32.0933 27.1333 26.4158 36.69 22.788 22.733 35.4617 29.2058 22.4004 21.5259 21.4479 21.0436 26.4189 32.36 46.3857 40.2557 38.5378 34.3671 31.2667 31.2775 27.8238 27.4413 24.0285
threshold=0.91205241161359507 2290.5000000000005 33.092222215534427 0.45974480170426274 0.14237499982118609 7731.5000000000009 0.21056950286882814 92.030149455941071 266.00000000000006 12370.500000000002 0.019017064217694817 2725.5000000000005 0.81224719371037157 6.0239994353429553 5150.5000000000009 812.50000000000011 -0.086956525487927885 0.63295607588635872 0.22808862252940795 12508.000000000002 7038.5000000000009 7521.0000000000009 0.16560000181198123 84.389601899922226 6047.0000000000009 14463.000000000002 13494.500000000002 28.638251177797525 606.50000000000011 3642.0000000000005
decision_type=2 2 2 2 2 2 2 2 2 2 2 2 2 2 2 2 2 2 2 2 2 2 2 2 2 2 2 2 2 2
left_child=1 2 12 4 5 -3 -7 8 -6 -2 -11 -9 13 14 -1 17 -8 -5 19 20 23 24 27 28 -22 -21 -27 -23 -10 -20
right_child=9 3 -4 15 7 6 16 11 18 10 -12 -13 -14 -15 -16 -17 -18 -19 29 25 21 22 -24 -25 -26 26 -28 -29 -30 -31
leaf_value=0.013142041470070991 -0.00053574264398606854 0.010666441158150559 -0.0010162362163792017 -0.0033256600015156988 -0.0027019436460251384 -0.00049481604463660575 0.0083610699421937731 0.00046014865509274173 -0.0013194770058928961 0.014238325123801491 -0.0010066651948170303 0.0086377495999892997 -0.00044268735715594646 0.0093186234087092243 -0.0014250180687271907 0.0011254776019720678 -0.00020368658092541515 0.00043267029746627223 0.012198476415770354 -0.0017913014795245433 -0.0020541169145808541 -0.0012727643439368001 -0.00095572026842711611 0.0011976023678353254 0.010982149396427344 -0.0028279708078655227 0.0067267808683762085 0.015758676619645976 -0.0033376577131831527 5.6317253069762543e-05
leaf_weight=74 394 134 139 286 78 157 105 157 492 69 114 124 128 368 172 98 62 68 86 183 150 84 850 430 290 186 146 109 165 808
leaf_count=74 394 134 139 286 78 157 105 157 492 69 114 124 128 368 172 98 62 68 86 183 150 84 850 430 290 186 146 109 165 808
internal_value=-0.00158546 -0.00059912 0.00778217 -0.00201218 -0.00119558 0.00786177 0.00106383 -0.0021598 -0.00295544 -0.0119674 -0.000930851 0.00917832 0.011245 0.0140226 0.0036255 -0.0105689 0.0120058 -0.014624 -0.00253891 -0.00390777 -0.0024466 0.000917339 -0.00310592 -0.00701923 0.010382 -0.0111058 -0.00456973 0.0111364 -0.0123187 0.0021802
internal_weight=6706 6129 881 5248 4796 458 324 4338 4057 577 183 281 742 614 246 452 167 354 3979 3085 2570 1483 1043 1087 440 515 332 193 657 894
internal_count=6706 6129 881 5248 4796 458 324 4338 4057 577 183 281 742 614 246 452 167 354 3979 3085 2570 1483 1043 1087 440 515 332 193 657 894
is_linear=0
shrinkage=0.035


Tree=53
num_leaves=31
num_cat=0
split_feature=104 104 240 203 143 220 223 126 27 246 10 270 203 246 261 33 163 92 49 148 13 211 115 214 270 31 59 7 213 126
split_gain=40.9521 36.7132 32.2574 32.4985 29.3139 34.9963 43.0736 39.5669 27.3374 27.1513 40.8719 26.7404 34.182 32.231 38.8275 26.963 26.033 24.5213 24.2301 23.9687 23.6018 23.3107 29.1303 23.0254 29.9246 22.9945 22.6854 25.5061 20.8038 20.5454
threshold=344.50000000000006 4330.0000000000009 3.5805223835938542 -0.95346394390117306 0.10765000060200693 46.507132128621784 32.23717527737228 2234.5000000000005 8133.0000000000009 0.59420820942592034 41.794668148841431 117.74326709744372 -0.49082866852216195 -0.2961905601971489 528.43750000000011 0.31270000338554388 0.26536108465368308 5.4877998828887948 8110.0000000000009 8527.5000000000018 64.711646537750838 -0.11895926359769808 4056.5000000000005 0.018099997192621235 36.242600625428317 -53.346576146907069 3.0896999835968022 -36.991024288355639 11.376807867308168 7463.0000000000009
decision_type=2 2 2 2 2 2 2 2 2 2 2 2 2 2 2 2 2 2 2 2 2 2 2 2 2 2 2 2 2 2
left_child=28 4 3 -3 -2 9 7 17 -9 10 26 12 13 14 -5 21 -8 -7 -12 -16 -17 -14 -23 -24 -25 -19 -6 -28 -1 -26
right_child=1 2 -4 11 5 6 16 8 -10 -11 18 -13 15 -15 19 20 -18 25 -20 -21 -22 22 23 24 29 -27 27 -29 -30 -31
leaf_value=-0.00051699165144655725 -0.0010725108026824943 0.012640234892000257 -0.0013529231330283637 0.010253175478380309 0.015507783932736325 0.0083051593194824608 0.0088195141556204008 0.0067122965444428818 -0.0017665876749101035 -0.0011446830724475474 -0.0047588450575592909 -0.0016665515468589822 -0.0012030168639096978 0.0096635765219043133 -0.0007771216748622534 -0.0037569829205554442 -0.0013850636976451289 -0.0019360617752926083 0.005828503449994576 -0.0060549709269928781 0.001137478170145469 0.019682511962771938 -0.00073600998784057803 0.016871516493144952 0.00047249752807996761 0.0035583629303003231 -0.00096139846705791841 0.0064720879406710702 0.00053788921706679992 -0.00090944466709249943
leaf_weight=329 64 96 1303 206 145 641 83 184 213 363 224 254 165 240 80 171 191 78 92 62 64 63 137 77 461 70 204 102 70 274
leaf_count=329 64 96 1303 206 145 641 83 184 213 363 224 254 165 240 80 171 191 78 92 62 64 63 137 77 461 70 204 102 70 274
internal_value=-0.00158546 -0.000892744 -0.00316703 -0.000713376 0.00223768 0.00283237 0.00640273 0.00928631 0.000261194 -0.00178855 0.00194948 -0.00158035 -0.000209476 0.00684654 0 -0.00316161 -0.00602151 0.0137972 -0.0076324 -0.0138095 -0.0138542 -0.000977157 0.00103245 -0.000550314 0.00171359 0.000915033 0.00867325 0.00315113 -0.0123886 -0.00052027
internal_weight=6706 6307 3653 2350 2654 2590 1460 1186 397 1130 767 2254 2000 588 348 1412 274 789 316 142 235 1177 1012 949 812 148 451 306 399 735
internal_count=6706 6307 3653 2350 2654 2590 1460 1186 397 1130 767 2254 2000 588 348 1412 274 789 316 142 235 1177 1012 949 812 148 451 306 399 735
is_linear=0
shrinkage=0.035


Tree=54
num_leaves=31
num_cat=0
split_feature=183 104 103 55 2 5 240 203 6 137 137 6 5 93 10 129 267 185 13 213 115 173 223 9 140 38 203 13 13 81
split_gain=56.8075 42.3193 34.4332 33.4927 48.5584 30.8687 28.7711 29.0247 30.2796 35.7902 35.0156 28.0968 29.1324 35.0599 33.226 28.1489 28.0603 22.4588 20.1607 19.9142 35.9738 19.812 22.7484 19.1419 29.5433 19.1251 17.5721 16.5624 26.9634 31.4796
threshold=0.91205241161359507 3920.0000000000005 5.2446000576019296 0.20865000039339068 566.06002807617199 34.660786380209139 3.9136107288006987 -0.95346394390117306 -29.175777914193013 3132.0000000000005 6527.5000000000009 23.086683748634446 38.691074163663359 14419.500000000002 19.384728232861303 621.50000000000011 -7.8327961649810023 0.013002997672852986 19.245840000665837 11.319091898371552 17923.500000000004 0.16184842826393128 4.0421226476093066 69.855184723707495 555.50000000000011 6199.5000000000009 -0.37449231151133194 32.661262491617585 54.63406317382681 3.7820500135421757
decision_type=2 2 2 2 2 2 2 2 2 2 2 2 2 2 2 2 2 2 2 2 2 2 2 2 2 2 2 2 2 2
left_child=1 2 11 5 -5 -4 7 -3 16 -10 17 12 14 23 -1 -16 -9 -11 -12 -2 -21 22 -8 -14 -25 -20 -23 -18 29 -29
right_child=19 6 3 4 -6 -7 21 8 9 10 18 -13 13 -15 15 -17 27 -19 25 20 -22 26 -24 24 -26 -27 -28 28 -30 -31
leaf_value=0.0085686897746708179 -0.00053622827408417563 0.011727674347517997 -0.0020243736668046435 0.0055002287763156726 -0.0027759045986785824 0.0046381611096625959 0.00380187246553991 0.0085307217720654964 0.0098937273040779657 0.00015148565840645585 0.011718753965428156 -0.00088491180161759061 0.010270680349708305 -0.0072700402307469486 -0.0018425917791116339 0.0046916574163686341 -0.0013362490532102856 -0.0015560822347853503 0.014470256062868456 0.009619417298682478 -0.00078408127116567699 0.00028811841693318217 -0.0014724551069932408 0.01358927336279776 0.0040607649281684506 -0.00014755849210630934 -0.0020340996628265078 -0.0048962929663227458 -0.0015540346918317173 0.0091921623118196051
leaf_weight=217 391 108 115 63 252 152 168 137 245 152 62 141 193 74 369 98 307 208 70 93 93 98 722 107 427 276 388 81 653 246
leaf_count=217 391 108 115 63 252 152 168 137 245 152 62 141 193 74 369 98 307 208 70 93 93 98 722 107 427 276 388 81 653 246
internal_value=-0.00163761 -0.000644767 0.00322639 -0.00405451 -0.0117031 0.00501838 -0.00282603 -0.000617647 -0.00141892 0.00319745 -0.000543338 0.00583691 0.00725839 0.011768 0.00193033 -0.00333686 -0.00470259 -0.00843836 0.00644068 -0.0120876 -0.00256545 -0.00689356 -0.00375419 0.0141052 0.0105195 0.00299145 -0.0125458 -0.00631192 -0.00405076 0.00411145
internal_weight=6706 6129 2208 582 315 267 3921 2545 2437 1013 768 1626 1485 801 684 467 1424 360 408 577 186 1376 890 727 534 346 486 1287 980 327
internal_count=6706 6129 2208 582 315 267 3921 2545 2437 1013 768 1626 1485 801 684 467 1424 360 408 577 186 1376 890 727 534 346 486 1287 980 327
is_linear=0
shrinkage=0.035


Tree=55
num_leaves=31
num_cat=0
split_feature=183 82 6 153 22 110 115 93 93 1 130 183 214 182 91 93 221 219 49 242 220 137 88 60 213 30 71 261 38 124
split_gain=56.3545 44.8804 41.3655 26.3902 33.1866 40.1078 32.3155 26.8975 29.1218 24.8812 24.1276 25.7143 22.0388 21.4695 19.8014 22.2067 19.7211 41.7376 40.7842 45.6317 31.0001 44.3352 39.9178 36.512 33.4794 30.0518 26.9963 26.0695 25.6706 23.8797
threshold=0.91205241161359507 2290.5000000000005 22.089760377341456 0.45974480170426274 0.12865000218153003 0.13679999858140948 11790.000000000002 12587.000000000002 12370.500000000002 812.50000000000011 -87.243588698446274 -0.66013026228274529 0.058500006794929511 -0.33839903740037852 -2.2300613649507399 12992.000000000002 74.001508707062627 -38.972713654465728 6907.5000000000009 47.184865909270492 23.014378597276536 4642.5000000000009 0.16754999756813052 12035.000000000002 11.508766736599224 567.50000000000011 5251.0000000000009 519.60498046875011 8977.0000000000018 -2.8048711985589088
decision_type=2 2 2 2 2 2 2 2 2 2 2 2 2 2 2 2 2 2 2 2 2 2 2 2 2 2 2 2 2 2
left_child=1 2 14 4 5 6 -3 8 10 -5 11 -6 16 -9 15 -1 18 27 19 -12 21 -20 24 -24 -22 29 -19 -18 -27 -21
right_child=-2 3 -4 9 7 -7 -8 13 -10 -11 12 -13 -14 -15 -16 -17 17 26 20 25 22 -23 23 -25 -26 28 -28 -29 -30 -31
leaf_value=0.0065989202970645538 -0.0004694242237364627 -0.00056321070971222581 -0.00090121880633173453 -0.00277408047378478 -0.0015638324909073749 0.009349262270812177 0.0063041048134264421 0.0008969172703120051 0.0098834360578291605 0.0011344833302605664 -0.0029558836542590357 0.0091096764867491138 -0.0022010926293096963 -0.0012799671615892363 -0.0011521744354456224 -0.0068967622883401893 0.00088208788789571619 0.0074011492695329429 0.013139382007297364 0.012119518613786701 0.015760587314173489 -4.8656065589006431e-05 -0.0027282605966317368 0.0093340082750853239 -0.00092372540691274116 0.015941169972616381 -0.0032074740873403976 0.015622562236976901 -0.0016731390631727658 -0.0018771973700586061
leaf_weight=593 577 155 111 354 91 137 112 111 73 98 269 198 307 456 65 112 197 137 247 94 96 488 499 73 146 141 310 200 74 185
leaf_count=593 577 155 111 354 91 137 112 111 73 98 269 198 307 456 65 112 197 137 247 94 96 488 499 73 146 141 310 200 74 185
internal_value=-0.00167933 -0.000690414 0.00659707 -0.0019189 -0.00115184 0.00838631 0.000386029 -0.00203775 -0.000977807 -0.00995624 -0.00141602 0.00821429 -0.00223039 -0.00911713 0.00948387 0.0111901 -0.00135084 0.00321555 -0.00302115 -0.00961589 0.000247748 0.00543919 -0.00444444 -0.00946274 0.00736842 -0.00322645 -0.00410398 0.0114055 0.00652273 -0.0107218
internal_weight=6706 6129 881 5248 4796 404 267 4392 3825 452 3752 289 3463 567 770 705 3156 844 2312 763 1549 735 814 572 242 494 447 397 215 279
internal_count=6706 6129 881 5248 4796 404 267 4392 3825 452 3752 289 3463 567 770 705 3156 844 2312 763 1549 735 814 572 242 494 447 397 215 279
is_linear=0
shrinkage=0.035


Tree=56
num_leaves=31
num_cat=0
split_feature=183 82 6 93 23 130 70 93 82 33 270 82 270 193 223 129 33 19 261 148 71 213 274 222 13 111 213 137 148 93
split_gain=52.0221 37.9379 39.0877 25.7739 23.9171 23.5155 23.0047 32.2989 27.1296 22.3277 34.0418 34.0052 25.1089 30.5108 31.3318 25.509 39.7833 38.2306 56.8798 38.8712 35.268 33.9347 38.9893 25.9908 23.2967 23.2046 40.4385 22.4523 28.6172 43.1334
threshold=0.91205241161359507 2290.5000000000005 22.089760377341456 33506.500000000007 1.3218462318611941 -22.481909247532567 5.0214998722076425 14099.000000000002 548.50000000000011 0.53785002231597911 93.571916526630915 2758.5000000000005 121.12455309057363 -0.73974884970194099 32.895015128204818 556.50000000000011 0.30390000343322759 582.50000000000011 521.41000366210949 3075.5000000000005 6926.0000000000009 11.549455058348356 0.16030809085594758 25.030965168281536 12.506253253018885 54.466635659538618 11.132528430682774 3298.5000000000005 2423.0000000000005 2305.0000000000005
decision_type=2 2 2 2 2 2 2 2 2 2 2 2 2 2 2 2 2 2 2 2 2 2 2 2 2 2 2 2 2 2
left_child=1 2 6 4 5 -3 7 8 -1 11 -11 -6 13 14 -13 -15 17 -17 19 -19 -20 22 23 -22 -23 26 -14 28 -18 -30
right_child=-2 3 -4 -5 9 -7 -8 -9 -10 10 -12 12 25 15 -16 16 27 18 20 -21 21 24 -24 -25 -26 -27 -28 -29 29 -31
leaf_value=-0.00042589513698311715 -0.00045299437590568816 0.0097187890891364277 -0.00086967614811012291 -0.0017803796349647406 -0.0048924845313705802 -6.0969434502853312e-05 -0.00034175794983574623 -0.0074456063887430998 0.0091834117382303751 -0.0050338729122073071 0.0097209770599643603 0.0098169727323176668 0.010840705828252865 0.0086429398516496871 -0.004499113830838849 -0.0043329683434627907 -0.0066936992569005729 0.014641652826994533 -0.0025801805856325022 -0.000292313148828669 0.010459201257270989 0.0064587362056427273 -0.00030391211933077344 -0.0015108809153977179 -0.00073065648983847609 -0.0027533781129810832 -0.0019527947544200248 -0.0028783544146254759 -0.0032539325356848421 0.008489076194995053
leaf_weight=99 577 142 111 60 63 138 131 94 446 116 203 263 140 220 83 154 87 195 278 125 420 72 526 98 1023 97 179 326 67 173
leaf_count=99 577 142 111 60 63 138 131 94 446 116 203 263 140 220 83 154 87 195 278 125 420 72 526 98 1023 97 179 326 67 173
internal_value=-0.00160632 -0.000656179 0.00604402 -0.00178565 -0.00150972 0.00835088 0.00885161 0.0115761 0.0148273 -0.0020802 0.00680556 -0.00270461 -0.00233282 -0.00149696 0.00837607 -0.00241443 -0.00313609 -0.00136568 -0.000395697 0.0133538 -0.00223988 -0.000701959 0.00380362 0.0105736 -0.00499545 -0.0104751 -0.00572531 -0.0109043 -0.00432229 0.002
internal_weight=6706 6129 881 5248 5188 280 770 639 545 4908 319 4589 4526 4110 346 3764 3544 2891 2737 320 2417 2139 1044 518 1095 416 319 653 327 240
internal_count=6706 6129 881 5248 5188 280 770 639 545 4908 319 4589 4526 4110 346 3764 3544 2891 2737 320 2417 2139 1044 518 1095 416 319 653 327 240
is_linear=0
shrinkage=0.035


Tree=57
num_leaves=31
num_cat=0
split_feature=183 104 147 7 9 99 27 10 193 4 270 137 13 115 13 71 19 216 2 27 282 52 110 132 41 13 268 272 49 242
split_gain=44.885 41.1055 30.3846 25.417 29.4961 29.3195 28.7751 27.5396 24.9748 30.3862 25.5952 28.4194 28.8978 24.1466 39.3387 32.0781 29.2341 31.9938 29.3337 22.876 23.7545 22.4109 22.0881 29.8176 35.6623 25.3529 22.0275 20.5915 20.4116 24.4987
threshold=0.91205241161359507 4330.0000000000009 4.1451499462127694 20.253598401260451 45.85640986356136 0.1438499987125397 8927.0000000000018 16.192982641681642 -0.94852803202854263 25.26555962753795 121.12455309057363 2736.0000000000005 12.520882905978285 7857.5000000000009 34.448280384639247 6926.0000000000009 579.50000000000011 85.603267044704509 629.92498779296886 12605.500000000002 1.0000000180025095e-35 533.50000000000011 0.13485000282526019 0.27414999902248388 566.50000000000011 77.554607020986325 16.325919337200073 0.018100015819072727 4267.5000000000009 31.613231419402116
decision_type=2 2 2 2 2 2 2 2 2 2 2 2 2 2 2 2 2 2 2 2 2 2 2 2 2 2 2 2 2 2
left_child=1 2 3 4 7 -6 27 -1 -3 10 11 13 -13 14 15 -10 17 -16 26 -8 -21 -9 -14 25 -25 -24 -18 -7 -23 -30
right_child=-2 8 -4 -5 5 6 19 21 9 -11 -12 12 22 -15 16 -17 18 -19 -20 20 -22 28 23 24 -26 -27 -28 -29 29 -31
leaf_value=0.0063000935518544628 -0.00043713957274898747 0.011262253954532175 -0.0011685197424312608 -0.00083923748292626674 0.0051890939121502022 -0.0013451308730660994 -0.0024520198592773018 -0.010138491103669304 -0.0035302038874237005 -0.0057989434271142953 -0.0017209634241724448 0.0089319535777476339 -0.0010209981996049512 0.01095465945072655 -0.0051941838697794566 0.0016774589269081641 0.011123034658001373 0.0058876432391543176 -0.0075790726131509233 0.0084327472868021714 -0.0020378908807668341 0.011468240423555499 -0.00032051940229099773 0.010222788301551223 -0.0031196460406469452 0.024123537080030059 -0.0019156457183460334 0.0091058304937491064 0.00034700921273461113 -0.0022369872921345589
leaf_weight=211 577 120 206 61 156 90 222 63 106 140 315 85 183 117 147 107 325 71 60 164 111 83 1388 66 297 66 60 469 332 308
leaf_count=211 577 120 206 61 156 90 222 63 106 140 315 85 183 117 147 107 325 71 60 164 111 83 1388 66 297 66 60 469 332 308
internal_value=-0.00159589 -0.000713238 0.00276501 0.00393846 0.00456865 0.00822514 0.00606975 0.00010479 -0.00307135 -0.0036108 -0.00293555 -0.00195264 -0.00427033 0.00291082 0.000874007 -0.0120413 0.00508234 -0.00533632 0.0101889 -6.97211e-05 0.006625 -0.00292035 -0.00513217 -0.00393798 -0.0128397 -0.00167923 0.0137308 0.0114805 -0.00110577 -0.00325581
internal_weight=6706 6129 2476 2270 2209 1212 1056 997 3653 3533 3393 3078 2085 993 876 213 663 218 445 497 275 786 2000 1817 363 1454 385 559 723 640
internal_count=6706 6129 2476 2270 2209 1212 1056 997 3653 3533 3393 3078 2085 993 876 213 663 218 445 497 275 786 2000 1817 363 1454 385 559 723 640
is_linear=0
shrinkage=0.035


Tree=58
num_leaves=31
num_cat=0
split_feature=183 82 6 153 22 132 70 93 225 148 82 30 115 19 19 19 233 271 33 140 33 218 13 74 143 215 273 1 9 160
split_gain=43.7301 39.6256 34.5584 28.7146 22.9081 31.1664 22.6944 31.9284 25.3867 22.5468 22.3333 21.6135 44.6254 30.0051 27.6555 40.5385 37.7052 27.1103 27.0298 43.3747 26.3998 26.0163 22.5843 22.952 21.5959 29.5501 22.2737 21.4831 19.9747 19.621
threshold=0.91205241161359507 2290.5000000000005 22.089760377341456 0.45974480170426274 0.12865000218153003 0.13695000112056735 5.0214998722076425 14099.000000000002 0.083160971619701332 266.00000000000006 548.50000000000011 553.50000000000011 4115.0000000000009 547.50000000000011 579.50000000000011 592.75000000000011 5916.9899902343759 16.00530830040498 0.53390002250671398 567.25000000000011 0.33905000984668737 32.956276094766956 82.836512493761845 552.50000000000011 0.21114999800920489 -0.020500000566244122 0.1559809286643456 812.50000000000011 86.212629587548136 0.018600009381771091
decision_type=2 2 2 2 2 2 2 2 2 2 2 2 2 2 2 2 2 2 2 2 2 2 2 2 2 2 2 2 2 2
left_child=1 2 6 4 5 -3 7 10 -8 -6 -1 12 13 -11 18 24 -17 -18 19 20 -13 -19 -15 -24 -16 26 28 -5 -26 -7
right_child=-2 3 -4 27 9 29 8 -9 -10 11 -12 14 -14 22 15 16 17 21 -20 -21 -22 -23 23 -25 25 -27 -28 -29 -30 -31
leaf_value=-0.00070613496222678412 -0.00042183968770277474 -0.00032442823767232695 -0.00084256403122837066 -0.0025652429694100094 -0.0022947852048031377 -0.00051219896276878424 -0.0060966415702654875 -0.0070991894700623854 0.0024857462022572015 -0.007610426579198068 0.0086571262392414056 0.006793137811689747 0.011364441606504617 -0.0015037192504204584 0.018710204741061141 -0.0034606268711696812 -0.00042440061002653023 0.014039816517987391 0.0051837094504239862 -0.0041856852857970568 -0.0039408583051560352 -0.0014882348203825117 0.018598382713598916 -0.0013760335518251522 0.0094395246338953766 0.022830834467294642 -0.0056639514063938816 0.00081180661117265945 -0.0038269161749754166 0.007603506020026264
leaf_weight=99 577 122 111 354 91 60 62 94 69 112 446 98 129 73 60 106 2430 131 88 238 165 72 91 63 235 67 77 98 66 222
leaf_count=99 577 122 111 354 91 60 62 94 69 112 446 98 129 73 60 106 2430 131 88 238 165 72 91 63 235 67 77 98 66 222
internal_value=-0.00159589 -0.000724649 0.00612302 -0.00187893 -0.00107894 0.00684597 0.00876129 0.0114674 -0.004375 -0.00181487 0.0147 -0.00143869 0.00562368 -0.00111919 -0.00230719 -0.00103416 -0.00271684 -0.00187074 -0.00925084 -0.0123814 -0.00248134 0.0102644 0.00618534 0.0136478 0.00802941 0.00521111 0.00127937 -0.0102626 0.00560458 0.0131707
internal_weight=6706 6129 881 5248 4796 404 770 639 131 4392 545 4301 468 339 3833 3244 2739 2633 589 501 263 203 227 154 505 445 378 452 301 282
internal_count=6706 6129 881 5248 4796 404 770 639 131 4392 545 4301 468 339 3833 3244 2739 2633 589 501 263 203 227 154 505 445 378 452 301 282
is_linear=0
shrinkage=0.035


Tree=59
num_leaves=31
num_cat=0
split_feature=183 82 6 153 66 60 213 148 30 115 19 19 246 19 49 27 88 93 203 103 33 140 13 13 8 148 2 173 13 74
split_gain=37.3922 41.8816 35.164 25.2219 21.3453 48.2182 29.1423 24.682 22.4713 44.6254 30.0051 28.3152 42.546 28.8556 40.2583 35.8209 43.4134 38.0644 31.9799 27.5683 25.4081 35.5718 28.5659 24.2372 23.7555 52.2041 23.3865 27.1926 22.5843 22.952
threshold=0.91205241161359507 2290.5000000000005 22.089760377341456 0.45974480170426274 0.13189999759197238 9056.5000000000018 11.830535193067314 266.00000000000006 553.50000000000011 4115.0000000000009 547.50000000000011 579.50000000000011 -0.85773807133473134 592.75000000000011 6907.5000000000009 7162.5000000000009 0.20075000077486041 12587.000000000002 0.45616509418659895 5.4526500701904306 0.53390002250671398 567.25000000000011 71.687211040952562 40.937107401126958 -42.506653576282027 4154.5000000000009 600.24499511718761 0.23930054273496129 82.836512493761845 552.50000000000011
decision_type=2 2 2 2 2 2 2 2 2 2 2 2 2 2 2 2 2 2 2 2 2 2 2 2 2 2 2 2 2 2
left_child=1 2 -1 4 5 -3 -7 -6 9 10 -9 20 -13 -14 23 18 17 24 -16 -18 21 22 -10 -15 -17 -26 -25 -28 -12 -30
right_child=-2 3 -4 -5 7 6 -8 8 11 -11 28 12 13 14 15 16 19 -19 -20 -21 -22 -23 -24 26 25 -27 27 -29 29 -31
leaf_value=0.0035471764074234331 -0.00040707529863317609 0.0084928739601047992 -0.00081307429013537666 -0.0019816439421415106 -0.0023780941153367847 -0.00050933595139966768 0.004500589927891185 -0.0073440616489261357 0.0075661228366818573 0.010966686150276954 -0.0014510890766557417 0.02072544661610233 0.0075144613337459814 -0.0026971681970690449 0.013188127631272145 0.0069304151948286824 -0.001564274903377731 -0.00072662847721625197 -0.0020828054771992758 0.00023900457868515773 0.0050022796196591479 -0.004039186300794158 -0.003499345809843232 -0.0024375834765835071 0.0021846385177421547 -0.003831659096683948 0.014569852976612757 -0.0022382133276552816 0.017947439318622953 -0.0013278723775112724
leaf_weight=770 577 173 111 452 86 198 92 112 138 129 73 66 472 209 148 401 538 352 112 170 88 238 125 226 282 85 69 60 91 63
leaf_count=770 577 173 111 452 86 198 92 112 138 129 73 66 472 209 148 401 538 352 112 170 88 238 125 226 282 85 69 60 91 63
internal_value=-0.0015646 -0.000758885 0.00628104 -0.00194555 -0.00119558 0.00590812 -0.00284746 -0.00196058 -0.0015722 0.00562368 -0.00111919 -0.00246961 -0.00116119 -0.00176734 -0.00318781 -0.000936455 -0.00267321 0.00161778 0.0110943 -0.00942496 -0.00948653 -0.0125198 -0.00352612 -0.0114411 0.00597671 -0.00047043 -0.00573611 0.00600746 0.00618534 0.0136478
internal_weight=6706 6129 881 5248 4796 463 290 4333 4247 468 339 3779 3190 3124 2652 2088 1828 1120 260 708 589 501 263 564 768 367 355 129 227 154
internal_count=6706 6129 881 5248 4796 463 290 4333 4247 468 339 3779 3190 3124 2652 2088 1828 1120 260 708 589 501 263 564 768 367 355 129 227 154
is_linear=0
shrinkage=0.035


Tree=60
num_leaves=31
num_cat=0
split_feature=183 82 6 82 88 160 261 203 70 93 82 104 27 148 137 137 173 221 122 148 261 213 193 193 270 61 137 223 56 246
split_gain=36.0196 34.813 33.067 22.6786 22.0315 22.774 23.5 22.6452 21.1743 27.7401 22.1619 20.2059 27.4874 26.2734 25.5748 27.1899 30.4326 34.4452 33.0966 28.2007 25.216 25.121 24.7575 32.026 22.887 21.9777 21.5163 21.8894 19.8341 22.7056
threshold=0.91205241161359507 2290.5000000000005 22.089760377341456 2758.5000000000005 0.52609997987747203 1.0000000180025095e-35 472.00999450683599 -0.95346394390117306 5.0214998722076425 14099.000000000002 548.50000000000011 15908.500000000002 7521.0000000000009 14524.500000000002 10663.500000000002 3979.0000000000005 -0.18077492748352311 46.456863467618277 30.017890383116278 1611.5000000000002 562.01501464843761 11.705250953897886 -0.40058896976768993 0.13842370864678535 52.395305095421627 750.50000000000011 6390.0000000000009 2.2030673517387527 8.5509624543046563 0.69889937758954457
decision_type=2 2 2 2 2 2 2 2 2 2 2 2 2 2 2 2 2 2 2 2 2 2 2 2 2 2 2 2 2 2
left_child=1 2 8 -3 5 6 -5 -7 9 10 -1 13 -13 14 15 16 18 19 -9 -18 25 26 -19 -24 -22 -21 27 -17 29 -16
right_child=-2 3 -4 4 -6 7 -8 11 -10 -11 -12 12 -14 -15 28 21 17 22 -20 20 24 -23 23 -25 -26 -27 -28 -29 -30 -31
leaf_value=-0.00080557141280866674 -0.00039282766318101574 -0.003780344885661863 -0.00078461668998064014 0.00027495358432160833 0.007517173156777919 0.0084826299981502866 -0.0032197336968534354 -0.0024353764853512986 -0.00035631071426835419 -0.0069748690128700226 0.0082299756466081356 0.006405327820921217 -0.0015758545129595937 0.014401864804392588 0.0049598379275464736 0.00021926783840282629 -0.0054477474446590858 0.0056197131850731514 9.0235654850812091e-05 0.012795671569345184 0.006280511213504163 -0.0015576811249749507 -0.0080688037235195856 0.0043221233683538116 -0.0070181226466477387 0.0036894944090223279 -4.7817705841825268e-06 -0.0011310637977668288 -0.00062986688127832156 -0.0032841950349102771
leaf_weight=99 577 105 111 86 179 122 134 208 131 94 446 62 225 80 587 100 80 173 339 206 91 273 209 144 62 126 801 641 92 123
leaf_count=99 577 105 111 86 179 122 134 208 131 94 446 62 225 80 587 100 80 173 339 206 91 273 209 144 62 126 801 641 92 123
internal_value=-0.00148115 -0.000690414 0.00572799 -0.00177232 -0.00143454 -0.00187362 -0.0127556 -0.00135607 0.00830968 0.0109239 0.0139364 -0.00175492 -0.0106678 -0.00115323 -0.00153638 -0.00284413 0.00042605 0.00380018 -0.00627717 0.00976316 0.0129286 -0.00578846 -0.00263653 -0.00791899 0.00110759 0.0182789 -0.00402715 -0.00830429 0.00407683 0.00606993
internal_weight=6706 6129 881 5248 5143 4964 220 4744 770 639 545 4622 287 4335 4255 3453 1638 1091 547 565 485 1815 526 353 153 332 1542 741 802 710
internal_count=6706 6129 881 5248 5143 4964 220 4744 770 639 545 4622 287 4335 4255 3453 1638 1091 547 565 485 1815 526 353 153 332 1542 741 802 710
is_linear=0
shrinkage=0.035


Tree=61
num_leaves=31
num_cat=0
split_feature=183 104 136 183 119 288 7 240 203 246 242 270 189 20 36 274 82 77 115 82 13 181 244 11 92 2 49 233 8 232
split_gain=33.1776 30.6354 27.2627 31.4781 29.7662 25.7084 28.3127 22.4599 22.4505 47.1045 30.9315 32.1452 21.7261 19.7497 23.2988 31.4222 29.5312 32.0312 37.8426 20.9017 19.7253 19.5448 23.0249 20.3721 18.2736 24.4262 17.4683 19.4714 17.2255 17.0974
threshold=0.91205241161359507 4330.0000000000009 3.742499947547913 0.35066356069722587 21.342802537237528 1.0000000180025095e-35 20.253598401260451 3.5805223835938542 -0.49082866852216195 -0.35388688484212488 36.878271857052788 120.50227794513386 15.905562288841917 65.163261884488847 -10.638788107122169 0.30794095599686655 9893.0000000000018 0.17779999971389773 4408.0000000000009 5828.0000000000009 49.68570330861391 0.16082500293850902 0.011199999600648882 57.522266215256927 5.4767000675201425 632.50000000000011 11273.000000000002 5623.0300292968759 -74.492186306854919 5.9053733761765823
decision_type=2 2 2 2 2 2 2 2 2 2 2 2 2 2 2 2 2 2 2 2 2 2 2 2 2 2 2 2 2 2
left_child=1 2 5 -4 -5 6 29 8 9 10 -3 26 -7 14 16 19 17 -10 -19 -16 -11 22 -21 -23 25 28 27 -12 -2 -1
right_child=24 7 3 4 -6 12 -8 -9 13 20 11 -13 -14 -15 15 -17 -18 18 -20 21 -22 23 -24 -25 -26 -27 -28 -29 -30 -31
leaf_value=0.0046139285618934161 -1.1900390196906142e-05 -0.0041369548364519476 0.010067052839478273 -0.00019537850509434242 -0.0031756939468804328 -0.0066017764913959076 -0.0007244552456267951 -0.0012833201035804531 0.012916553516290962 0.010109936573531028 -0.0021295060736008643 -0.0011469873847679991 0.00016422454443069584 -0.0048333202956654369 -0.002009803370836017 -0.001512801184583786 -0.0014961219038735771 0.0134477062313918 -0.0027882303723080351 -0.00064484806444579696 0.0030328048088288343 0.014932165195690864 0.0052867732477964212 0.00017961011462248601 0.00012405318643859522 0.0022787867402307587 -0.0033282419690547379 0.011830284257664843 -0.0006215718981932842 0.0021180270131959133
leaf_weight=529 79 81 73 346 163 87 61 1303 130 184 64 200 176 161 70 133 262 62 167 84 129 192 117 111 84 76 61 142 338 1041
leaf_count=529 79 81 73 346 163 87 61 1303 130 184 64 200 176 161 70 133 262 62 167 84 129 192 117 111 84 76 61 142 338 1041
internal_value=-0.00133512 -0.000576296 0.00242644 -0.00417376 -0.00728599 0.00446024 0.00609719 -0.00261208 -0.000564756 0.00392032 -0.00227848 0.00126059 -0.00561567 -0.00316265 -0.00173293 0.00260534 -0.00665335 -9.61538e-05 -0.00792735 0.0061658 0.0146384 0.00866405 0.000169903 0.0142045 -0.00932131 -0.0118775 0.00913603 0.0139336 -0.0151777 0.00702222
internal_weight=6706 6129 2476 582 509 1894 1631 3653 2350 861 548 467 263 1489 1328 707 621 359 229 574 313 504 201 303 577 493 267 206 417 1570
internal_count=6706 6129 2476 582 509 1894 1631 3653 2350 861 548 467 263 1489 1328 707 621 359 229 574 313 504 201 303 577 493 267 206 417 1570
is_linear=0
shrinkage=0.035


Tree=62
num_leaves=31
num_cat=0
split_feature=183 82 6 82 172 93 93 274 270 181 74 261 74 2 33 193 270 170 270 215 223 79 183 148 261 4 225 81 93 93
split_gain=31.4215 31.4687 29.6836 22.8332 19.6235 19.4446 29.0876 28.1141 24.4971 21.484 19.7632 33.6975 24.5445 24.7085 23.0133 23.4545 23.7967 25.132 26.5819 27.5049 31.2585 29.0559 33.7244 24.5478 22.1471 19.0658 18.8595 21.4392 26.4246 22.1973
threshold=0.91205241161359507 2290.5000000000005 22.089760377341456 2758.5000000000005 0.5554610040179736 12524.500000000002 12149.000000000002 -0.29664259638994533 35.601260209714219 0.11842500045895578 608.50000000000011 564.97497558593761 624.50000000000011 624.10501098632824 0.53785002231597911 0.77537256761287565 121.12455309057363 0.02790000289678574 96.810192664398784 -0.035199996083974831 18.242313245605335 0.016150753950562518 -0.21214894242281732 6827.5000000000009 574.32000732421886 -10.531811767331302 0.12706651619980283 4.9560499191284189 9838.5000000000018 2305.0000000000005
decision_type=2 2 2 2 2 2 2 2 2 2 2 2 2 2 2 2 2 2 2 2 2 2 2 2 2 2 2 2 2 2
left_child=1 2 26 -3 5 6 8 -7 -5 -9 14 12 13 -12 15 16 17 18 19 20 21 22 -10 -20 -13 -19 27 28 29 -1
right_child=-2 3 -4 4 -6 7 -8 9 10 -11 11 24 -14 -15 -16 -17 -18 25 23 -21 -22 -23 -24 -25 -26 -27 -28 -29 -30 -31
leaf_value=-0.017707360092509096 -0.00036802840884943402 -0.0036236691764411225 -0.00075608654792935835 -0.001363497514277457 -0.0013082250784898337 0.012745089620065552 0.0061734113442741319 0.0032850825387333734 0.010124430474946593 -0.00095946850678751007 0.0058039345484607076 -0.0010483624310844498 0.01575817083702306 -0.0018366315588008815 0.0049607688001031174 -0.0032933408197111853 -0.0013141929212712896 0.00023925115382651164 0.012788723761847965 -0.0012203075039965484 -0.0027741143071686402 0.01198851145435469 -0.0011885441187414092 -0.0022460500474737804 0.0046545174117531779 -0.0027550538919156918 0.0067516107709793853 -0.0014043349209257679 -0.0053783191945682481 0.0089772331425108671
leaf_weight=68 577 105 111 181 441 70 118 92 121 660 311 273 164 63 253 118 369 124 260 464 194 210 277 62 117 201 205 118 110 269
leaf_count=68 577 105 111 181 441 70 118 92 121 660 311 273 164 63 253 118 369 124 260 464 194 210 277 62 117 201 205 118 110 269
internal_value=-0.001429 -0.000690414 0.00541196 -0.00171902 -0.00138015 -0.00071383 0.000324324 -0.00558646 -0.000222989 -0.00758256 0.000419688 0.00480171 0.010442 0.0053562 -0.00111926 -0.00218295 -0.00137735 0.00020073 0.00202134 -0.000275374 0.00364312 0.0075367 0.00191067 0.0109174 -0.00301266 -0.00859091 0.00785806 0.00448246 0.00797566 0.0127924
internal_weight=6706 6129 881 5248 5143 4702 3880 822 3762 752 3581 928 538 374 2653 2400 2282 1913 1588 1266 802 608 398 322 390 325 770 565 447 337
internal_count=6706 6129 881 5248 5143 4702 3880 822 3762 752 3581 928 538 374 2653 2400 2282 1913 1588 1266 802 608 398 322 390 325 770 565 447 337
is_linear=0
shrinkage=0.035


Tree=63
num_leaves=31
num_cat=0
split_feature=183 82 4 23 82 163 271 137 246 246 185 201 82 7 13 93 60 115 170 104 115 270 42 270 33 223 215 133 173 270
split_gain=24.048 32.5356 28.9088 23.0252 23.8414 21.8931 34.1967 21.309 19.4545 22.5469 19.0408 23.7323 18.9784 18.6959 17.9934 19.4392 25.5259 23.3918 47.4025 27.2767 27.1807 23.9104 22.6153 24.6476 24.8245 23.2517 22.3452 28.7201 21.5059 21.4981
threshold=0.91205241161359507 2290.5000000000005 34.347608098718531 1.3218462318611941 2758.5000000000005 0.821330095415853 6.5673121844969211 98.500000000000014 0.81102705313749035 0.45770257936025632 0.014887774055616719 0.3405000045895577 2940.5000000000005 -3.6216577232246903 12.506253253018885 12587.000000000002 7230.0000000000009 10388.500000000002 0.023750007152557377 1665.0000000000002 9966.0000000000018 39.964933581627285 24.165978049469633 46.333365475038697 0.49624998867511755 18.398143545136541 -0.065399996936321245 30.960233698932896 0.21282470443193222 114.40726372955115
decision_type=2 2 2 2 2 2 2 2 2 2 2 2 2 2 2 2 2 2 2 2 2 2 2 2 2 2 2 2 2 2
left_child=1 2 5 -3 -5 6 8 -6 9 -1 11 -2 -9 -12 -14 17 -17 20 19 -19 21 -16 25 -24 28 26 -23 -28 29 -25
right_child=10 3 -4 4 7 -7 -8 12 -10 -11 13 -13 14 -15 15 16 -18 18 -20 -21 -22 22 23 24 -26 -27 27 -29 -30 -31
leaf_value=0.0073663188421036526 3.4939291341508365e-05 0.0012950875698393893 -0.00072962351875183076 -0.0037299199649361795 0.015103239578343636 -0.0082840800439038537 0.0077104892330037275 0.012296357670652949 0.0062252520192532784 -0.0023508722575540358 -0.00080414487154000294 -0.0010867621899887413 0.0059386294529026598 3.8549639195817057e-05 -0.0014250404700025178 0.0005682498391298053 -0.001107165677620728 -0.00067519494241256536 -0.0020273198558949314 0.0083135150182339253 -0.0024877284501511007 -0.0013019069642794829 0.011934523232199042 -0.00013384404750587444 0.003631622117289741 -0.0021582971308807559 -0.0003806788982563897 0.0092872876483633768 -0.0016692112399077003 -0.0014117510552244907
leaf_weight=79 258 282 135 101 84 91 358 99 68 150 183 74 78 62 271 185 512 84 132 334 129 60 89 1035 360 146 91 299 529 348
leaf_count=79 258 282 135 101 84 91 358 99 68 150 183 74 78 62 271 185 512 84 132 334 129 60 89 1035 360 146 91 299 529 348
internal_value=-0.00143943 -0.00079312 0.00541196 -0.00183895 -0.00239388 0.00810919 0.0103409 -0.00203388 0.00150662 -0.00344017 -0.00823883 -0.0027003 -0.00234747 -0.01554 -0.00267335 -0.0029616 -0.00832621 -0.00199514 0.00466667 0.0104255 -0.00309191 -0.00244664 -0.00152431 -0.00306213 -0.00378129 0.00454243 0.00846154 0.011519 -0.00536776 -0.00305115
internal_weight=6706 6129 881 5248 4966 746 655 4865 297 229 577 332 4781 245 4682 4604 697 3907 550 418 3357 3228 2957 2361 2272 596 450 390 1912 1383
internal_count=6706 6129 881 5248 4966 746 655 4865 297 229 577 332 4781 245 4682 4604 697 3907 550 418 3357 3228 2957 2361 2272 596 450 390 1912 1383
is_linear=0
shrinkage=0.035


Tree=64
num_leaves=31
num_cat=0
split_feature=6 152 184 261 183 92 24 150 137 38 157 27 115 49 59 115 12 137 65 103 213 115 143 49 54 89 271 154 194 77
split_gain=22.5412 24.5396 20.4269 19.854 21.6897 27.2735 20.0902 18.7047 18.6311 17.0389 16.9995 15.8475 23.8211 21.7276 23.6734 21.5306 16.087 14.8288 15.9155 14.6873 14.5131 13.6533 17.0635 18.3366 17.3523 16.655 12.6259 13.9769 12.251 16.24
threshold=23.086683748634446 0.22340075464998177 -0.067256125867038094 575.17999267578136 0.91205241161359507 5.4877998828887948 0.12549021376962116 0.044449999928474433 4476.0000000000009 1263.5000000000002 -0.0078842909004706325 7053.5000000000009 4056.5000000000005 7335.0000000000009 4.0754001140594491 5897.5000000000009 9.1008764416984516 10663.500000000002 0.32074999809265142 4.3453998565673837 11.549455058348356 6506.5000000000009 0.17594999819993976 11273.000000000002 0.23994999378919604 11.370629186842981 4.5052323418766518 -0.22140522013613192 0.015402886327565686 0.23844999819993976
decision_type=2 2 2 2 2 2 2 2 2 2 2 2 2 2 2 2 2 2 2 2 2 2 2 2 2 2 2 2 2 2
left_child=1 3 -3 4 6 -6 9 -4 28 -1 11 13 -13 14 16 -14 -11 18 -12 -2 -5 -17 23 24 -23 -25 -10 -28 -9 -30
right_child=19 2 7 20 5 -7 -8 8 26 10 17 12 15 -15 -16 21 -18 -19 -20 -21 -22 22 -24 25 -26 -27 27 -29 29 -31
leaf_value=0.011878973590168793 -0.0022109782400261697 7.5158236224594235e-05 -0.001198135518448405 0.0067727965019154365 -0.00040328189688567973 0.00027918085360649605 0.005436052185416468 0.0099507028105144512 -0.00098820412957096888 0.0046640305210297623 -0.00087637140361257308 0.0037830755496335226 -0.0043709253289327494 0.0088932237717932894 -0.0047507436051213931 0.0058121950125513012 -0.0032094752299258031 0.0048167759378996951 0.00058498470532037891 0.00029016459105615013 0.0035719861204041759 -0.0011126739454103923 -0.0018680696389656406 0.0010794898540321916 0.0082467083495759083 -0.0024476721680551667 0.0016873315496254212 -0.00056715081863806694 0.006101131355965842 -0.0028640490104258633
leaf_weight=65 195 976 869 60 270 61 174 156 211 162 305 170 139 158 92 61 106 252 873 60 67 60 251 74 73 114 89 320 95 148
leaf_count=65 195 976 869 60 270 61 174 156 211 162 305 170 139 158 92 61 106 252 873 60 67 60 251 74 73 114 89 320 95 148
internal_value=-0.00160632 -0.00119811 -0.00361101 0.000730791 0.000222222 -0.00822917 0.00112795 -0.00573164 -0.00249512 0.0004375 2.41796e-05 -0.00262799 -0.00532207 0.00227533 -0.00249315 -0.00792793 0.00282051 0.00273171 0.00106509 -0.0117115 0.014053 -0.00510188 -0.00679376 -0.00139571 0.00836957 -0.00834197 -0.006272 -0.00262077 0.00337871 -0.00155242
internal_weight=6706 6451 2864 3587 3460 331 3129 1888 1019 2955 2890 1460 942 518 360 772 268 1430 1178 255 127 633 572 321 133 188 620 409 399 243
internal_count=6706 6451 2864 3587 3460 331 3129 1888 1019 2955 2890 1460 942 518 360 772 268 1430 1178 255 127 633 572 321 133 188 620 409 399 243
is_linear=0
shrinkage=0.035


Tree=65
num_leaves=31
num_cat=0
split_feature=110 24 6 27 49 27 19 217 91 270 143 41 270 80 7 115 71 13 19 213 153 19 22 179 67 270 2 33 185 233
split_gain=26.4438 25.5246 19.4108 18.884 27.1202 43.659 35.8867 45.4454 30.1086 29.2547 28.582 40.3225 28.5992 27.2927 26.9762 26.2538 25.5695 49.7977 31.4598 31.7688 25.9929 51.9548 24.1731 27.6344 25.9652 24.4554 23.7338 29.363 23.7275 23.4224
threshold=0.11934999749064447 0.12549021376962116 23.086683748634446 4932.5000000000009 6907.5000000000009 7420.5000000000009 593.50000000000011 44.090160242926807 -5.2896728208222994 111.26562084039183 0.33249999582767492 617.50000000000011 36.498797576956214 -7.6127761658892057 -84.517458103017105 5736.5000000000009 3946.5000000000005 79.808048703677983 526.50000000000011 11.09048457789908 -0.16877038947577014 585.50000000000011 0.16714999824762347 18.012225764214314 8.2324375650222112 63.270266632251811 585.55001831054699 0.27655000984668737 0.011924763084558981 5912.0551757812509
decision_type=2 2 2 2 2 2 2 2 2 2 2 2 2 2 2 2 2 2 2 2 2 2 2 2 2 2 2 2 2 2
left_child=-1 2 3 16 6 13 7 -5 -8 -9 11 12 -7 -6 -10 26 17 -2 -19 -20 21 -18 23 25 -24 28 -14 -28 -13 -15
right_child=1 -3 -4 4 5 10 8 9 14 -11 -12 22 15 29 -16 -17 20 18 19 -21 -22 -23 24 -25 -26 -27 27 -29 -30 -31
leaf_value=-0.00081749977812395683 -0.0030305852842203748 0.0021498343831399926 -0.0014077816531379613 0.0082850292968719222 -0.0054931231974918388 0.0049899141590094764 0.00039048623148101649 -0.00010767626362390427 0.0012325963417505761 -0.0020578462838393768 0.0080864158242262302 0.011853165403983122 -0.0040248614299896691 -0.0041197478520195088 -0.0029601923192091469 -0.00084487262909423882 0.015795396708087765 -0.0067762786296339727 0.010044964417716643 -0.0010968567002231145 0.0056599352019290946 -0.0027217980891744726 0.0065019096246624044 -0.0011907077824480682 -0.0017452797239118913 0.0074085142541010134 0.017655494398703585 -0.0026940596514073191 0.00013371864279622283 0.0086917292148873723
leaf_weight=146 213 346 229 126 92 140 91 359 78 140 152 114 195 102 390 1187 80 69 262 71 309 86 92 275 234 146 90 131 429 332
leaf_count=146 213 346 229 126 92 140 91 359 78 140 152 114 195 102 390 1187 80 69 262 71 309 86 92 275 234 146 90 131 429 332
internal_value=-0.00174192 -0.00140746 -0.00192475 -0.00153673 -0.00246429 -0.000988967 -0.00706476 -0.00127778 -0.0134663 -0.00604167 -0.00253448 -0.00328341 -0.00674771 0.00830508 -0.017019 -0.00807525 0.002621 -0.00208871 0.00515971 0.00963018 0.00867708 -0.00245614 0.00140541 0.00418989 -0.00676737 0.00791787 -0.000498812 0.00727876 0.00440693 0.011959
internal_weight=6706 6560 6214 5985 4895 3711 1184 625 559 499 3185 3033 1743 526 468 1603 1090 615 402 333 475 166 1290 964 326 689 416 221 543 434
internal_count=6706 6560 6214 5985 4895 3711 1184 625 559 499 3185 3033 1743 526 468 1603 1090 615 402 333 475 166 1290 964 326 689 416 221 543 434
is_linear=0
shrinkage=0.035


Tree=66
num_leaves=31
num_cat=0
split_feature=104 38 110 23 71 207 49 49 13 153 244 193 193 163 81 148 153 44 93 271 4 93 38 242 213 115 104 202 91 205
split_gain=26.1045 31.1111 24.1258 26.0683 23.9246 25.1278 23.6251 41.4038 31.6878 31.9595 25.2058 31.8102 33.175 27.171 26.458 25.4885 22.7972 22.0349 21.8136 21.3612 20.8894 20.2933 19.9868 22.2715 19.2182 18.95 22.228 25.1786 17.9988 17.222
threshold=344.50000000000006 1789.5000000000002 0.11934999749064447 1.3218462318611941 12433.500000000002 0.13722441673562219 6907.5000000000009 6340.0000000000009 30.721396702054729 0.41648188996049895 0.007700003683567048 0.33599111163587919 0.5252859976791685 0.14591528449420543 3.9654500484466557 3694.0000000000005 0.19736935893624249 0.11684999987483026 4113.5000000000009 5.9623824613377812 39.065196539849744 12311.500000000002 8307.0000000000018 31.345585519957325 11.582810600140471 4432.0000000000009 1951.0000000000002 -0.59999999998476194 -4.3367812687495393 0.016619186358810864
decision_type=2 2 2 2 2 2 2 2 2 2 2 2 2 2 2 2 2 2 2 2 2 2 2 2 2 2 2 2 2 2
left_child=-1 20 -3 -4 6 17 7 8 -5 16 -8 13 19 14 24 -15 -10 -6 -17 -13 28 -14 -16 -24 -12 -19 -27 -28 -2 -20
right_child=1 2 3 4 5 -7 10 -9 9 -11 11 12 21 15 22 18 -18 25 29 -21 -22 -23 23 -25 -26 26 27 -29 -30 -31
leaf_value=-0.00037613068398856535 0.015452583561957813 -0.00078888728588961845 0.0041137706747780634 -0.0034534255268728392 0.0048437508137372251 0.0028125730476553845 -0.00079979429563759486 -0.0022161362329718684 -0.00025523777012718464 -0.0022503861508448124 0.0031519951025299163 0.0022459868332434111 0.00011141961040400149 -0.0037214830495261018 0.010552453009805699 0.011266834128387821 0.0052570667419243435 0.011270868358028605 -0.0038819539119642936 0.0099453093880888643 -0.00042233797875964099 0.0077377155172633598 -0.0010388989334714222 0.005927277699914019 -0.0048536869559982357 4.9096296138033684e-05 -3.7768128153665707e-05 -0.001882411088659114 0.0020660242083191918 0.0048171688005719492
leaf_weight=399 77 140 311 108 63 64 442 208 1049 169 93 93 694 221 189 91 259 62 133 155 67 114 73 157 69 161 184 664 124 73
leaf_count=399 77 140 311 108 63 64 442 208 1049 169 93 93 694 221 189 91 259 62 133 155 67 114 73 157 69 161 184 664 124 73
internal_value=-0.00185665 -0.00130307 -0.00182412 -0.00147612 -0.00202753 -0.00640067 -0.000828214 -0.00391268 -0.00195912 -0.000590418 0.00130477 0.00286806 0.00719133 -0.00129982 0.00388225 -0.00709369 0.00127951 -0.00762072 -0.000347682 0.0182609 0.0102564 0.00370234 0.00850236 0.00148936 -0.00796407 -0.00881506 -0.00997535 -0.0122274 0.015801 -0.00663507
internal_weight=6706 6307 6039 5899 5588 1198 4390 1793 1585 1477 2597 2155 1056 1099 581 518 1308 1134 297 248 268 808 419 230 162 1071 1009 848 201 206
internal_count=6706 6307 6039 5899 5588 1198 4390 1793 1585 1477 2597 2155 1056 1099 581 518 1308 1134 297 248 268 808 419 230 162 1071 1009 848 201 206
is_linear=0
shrinkage=0.035


Tree=67
num_leaves=31
num_cat=0
split_feature=143 104 38 199 138 11 23 35 47 153 27 49 66 49 49 19 126 88 137 126 274 261 115 38 115 10 114 7 123 71
split_gain=25.1373 23.9426 28.6306 22.461 18.6476 18.8103 20.0548 18.1343 18.2111 17.9586 37.3751 21.6554 47.6417 36.1639 28.5479 33.0625 32.1708 23.9541 24.6749 21.0091 20.9425 26.9595 19.7602 23.6922 19.7825 19.2129 31.9257 37.3004 24.59 18.7924
threshold=0.10515000298619272 344.50000000000006 1789.5000000000002 14.294895045825978 2.5000000000000004 15.937599335894641 1.345469516271881 0.043015717914118297 -9.7929681248533171 0.41648188996049895 13938.500000000002 12364.500000000002 0.12114999815821649 8799.5000000000018 9106.5000000000018 588.50000000000011 10491.500000000002 0.52609997987747203 12161.500000000002 3953.5000000000005 0.31960105183675463 532.74499511718761 6559.0000000000009 7783.0000000000009 7755.5000000000009 73.359780313310125 5.0126500129699716 -36.086270920563976 0.014814800642699964 7374.0000000000009
decision_type=2 2 2 2 2 2 2 2 2 2 2 2 2 2 2 2 2 2 2 2 2 2 2 2 2 2 2 2 2 2
left_child=-1 -2 3 -3 -4 7 -7 8 -6 11 -11 13 -13 17 -15 29 20 18 25 -12 -17 -22 23 -14 -24 -8 27 -27 -29 -16
right_child=1 2 4 -5 5 6 9 -9 -10 10 19 12 22 14 15 16 -18 -19 -20 -21 21 -23 24 -25 -26 26 -28 28 -30 -31
leaf_value=-0.0007435213093852323 -0.00036296611004896565 -0.00092547779318884703 0.0014305382956733641 0.0080083968513216235 -0.0016711832943569766 0.0044881410272580467 -0.0010258953372742315 -0.0012978971012773041 0.01005934812154609 -0.0028255585283730104 0.0040207067952850737 0.0062611525717818917 -0.0028799396048648433 0.011996646012877456 -0.00072864699857417203 0.0070742319104757237 -0.0014075832778249581 0.0083707294561896923 0.004459041138530513 -0.00097816282064939206 0.0078801988092011069 -0.0023398442784752934 -0.0034272879751277956 0.0062627417067912293 -0.0010135672492050138 0.0077943313934103206 -0.004401605167973578 0.001149052334825639 -0.0048405278460899506 -0.007585419127814727
leaf_weight=81 399 79 606 186 80 324 1059 220 70 302 180 84 68 170 76 478 113 105 82 187 99 95 75 128 526 267 134 222 148 63
leaf_count=81 399 79 606 186 80 324 1059 220 70 302 180 84 68 170 76 478 113 105 82 187 99 95 75 128 526 267 134 222 148 63
internal_value=-0.00195053 -0.00170513 -0.00116835 0.00998148 -0.00167197 -0.00233116 -0.00176052 -0.00989333 -0.000451613 -0.00234784 -0.00763353 -0.00145359 -0.00628104 -7.86264e-05 0.00503185 0.00256189 0.00536076 -0.00285608 -0.00376109 -9.4086e-05 0.00827179 -0.00140704 -0.00894638 0.000696517 -0.012071 -0.0046158 -0.000405928 0.00288941 -0.00429333 -0.0128819
internal_weight=6706 6625 6226 265 5961 5355 4985 370 150 4661 669 3992 881 3111 1094 924 785 2017 1912 367 672 194 797 196 601 1830 771 637 370 139
internal_count=6706 6625 6226 265 5961 5355 4985 370 150 4661 669 3992 881 3111 1094 924 785 2017 1912 367 672 194 797 196 601 1830 771 637 370 139
is_linear=0
shrinkage=0.035


Tree=68
num_leaves=31
num_cat=0
split_feature=183 104 104 13 137 93 115 99 151 223 19 270 137 270 206 270 271 38 93 208 261 163 215 94 163 150 175 222 13 197
split_gain=25.9783 28.0018 32.3114 23.9394 24.6962 37.6838 28.9323 25.1079 22.9635 24.577 20.611 23.977 24.5994 23.0581 22.8438 24.453 21.4141 27.9167 23.1149 25.9937 19.7503 47.8436 27.0633 19.5656 19.4646 22.8791 19.876 19.4512 22.1815 19.3732
threshold=0.91205241161359507 5442.5000000000009 6267.5000000000009 14.751036886260241 2736.0000000000005 8531.0000000000018 3754.5000000000005 0.23655000329017642 0.13665000163018706 17.818243457038648 526.50000000000011 129.54518339846558 4315.0000000000009 111.91683993034052 -0.29792960166378257 105.69003037825523 5.8512971903821898 3077.0000000000005 9168.5000000000018 0.042300015687942512 528.70501708984386 -0.025004640871486985 -0.037599999457597726 1563.0000000000002 -0.02818630669770918 0.055250003933906562 0.02183650814194758 18.451192164448944 33.761786733596757 -0.020296983900652914
decision_type=2 2 2 2 2 2 2 2 2 2 2 2 2 2 2 2 2 2 2 2 2 2 2 2 2 2 2 2 2 2
left_child=1 10 -3 -4 5 -5 -6 8 -8 20 -1 13 -13 14 -12 16 17 -16 19 -18 21 -10 -23 -7 -22 26 -26 28 -2 -19
right_child=27 2 3 4 6 23 7 -9 9 -11 11 12 -14 -15 15 -17 18 29 -20 -21 24 22 -24 -25 25 -27 -28 -29 -30 -31
leaf_value=-0.0073807907138105462 -9.5908635611378082e-05 -0.0023109604638730952 0.0043833283479739792 -0.00050580139738479245 0.012064023125445557 0.012531798612215145 -0.0012613594969570147 -0.0018531329041303103 0.024523210864811084 -0.0029271286895544498 0.0027397089745807043 0.0075066854231738075 -0.0018187169647994259 -0.0014644196121744023 0.0044957294176678321 0.012024166382299644 -0.00095027819985167106 0.00092202399350351937 0.0040070764150166764 0.0073313747557496875 -0.00068705053409153763 0.0091214276356282129 -0.0012969740364297329 -8.8550432991066434e-05 0.0035994342667379081 -0.0027279505920142634 -0.00049562809977302092 5.0412830938966761e-05 -0.00065579870044039706 -0.0018600472830796939
leaf_weight=71 155 317 78 811 117 136 113 329 83 126 442 169 80 220 99 139 680 207 377 110 194 72 122 73 145 94 182 160 262 543
leaf_count=71 155 317 78 811 117 136 113 329 83 126 442 169 80 220 99 139 680 207 377 110 194 72 122 73 145 94 182 160 262 543
internal_value=-0.00201311 -0.00134089 -0.00376043 -0.0024944 -0.00308032 0.00116098 -0.00581858 -0.00716724 -0.00465229 -0.00294233 0.000969128 0.00141322 0.0117126 0.0004837 0.00141238 -8.10185e-05 -0.00107373 -0.00528689 0.00200085 -0.00140881 -0.000858417 0.00682624 -0.00281407 0.014229 -0.00434677 -8.21596e-05 0.00432229 -0.00908076 -0.0130213 -0.00760265
internal_weight=6706 6129 2992 2675 2597 1020 1577 1460 1131 1018 3137 3066 249 2817 2597 2155 2016 849 1167 790 892 277 194 209 615 421 327 577 417 750
internal_count=6706 6129 2992 2675 2597 1020 1577 1460 1131 1018 3137 3066 249 2817 2597 2155 2016 849 1167 790 892 277 194 209 615 421 327 577 417 750
is_linear=0
shrinkage=0.035


Tree=69
num_leaves=31
num_cat=0
split_feature=183 104 104 126 85 38 271 74 28 126 115 147 126 270 210 126 222 130 163 222 13 115 19 64 17 52 2 126 159 33
split_gain=26.0552 26.1359 27.6986 21.1139 23.8135 23.6986 21.7238 34.7526 20.8661 20.8369 34.9955 25.5578 23.7812 27.3346 26.6291 24.8323 21.0921 20.7431 20.4578 19.4512 22.1815 19.4086 22.3149 19.2963 19.1968 19.4211 26.1852 19.1229 18.0516 17.8657
threshold=0.91205241161359507 5442.5000000000009 6267.5000000000009 8980.5000000000018 518.50000000000011 2146.5000000000005 5.8512971903821898 624.50000000000011 134.50000000000003 10194.500000000002 3532.5000000000005 3.3825000524520878 1656.0000000000002 121.12455309057363 -0.097312559498951776 6925.0000000000009 13.787964163454491 -77.445745157853068 -0.29222820724642679 18.451192164448944 33.761786733596757 11287.000000000002 613.50000000000011 9.5489878400045765 -6.9175121038766987 594.50000000000011 610.81500244140636 5208.0000000000009 16.415905949533421 0.30584999918937689
decision_type=2 2 2 2 2 2 2 2 2 2 2 2 2 2 2 2 2 2 2 2 2 2 2 2 2 2 2 2 2 2
left_child=1 3 -3 4 -1 8 17 21 -6 12 18 -12 -4 14 28 27 -17 -7 -11 20 -2 -8 -23 -13 -19 -26 -27 29 -14 -16
right_child=19 2 9 -5 5 6 7 -9 -10 10 11 23 13 -15 15 16 -18 24 -20 -21 -22 22 -24 -25 25 26 -28 -29 -30 -31
leaf_value=-0.0076768081422396378 -9.2551833364979972e-05 -0.0022300768476375358 -0.0043977083902875733 0.010173461029696738 -0.00071861781291336993 0.0038792988186971606 -0.00026980332104552474 0.0052613195639233182 0.0084452658581505805 -0.0019455586246506409 -0.0020403711144653105 0.0059898789052830271 0.010993383334226458 -0.0016162666070818955 0.0047815439938327384 -0.0001196933653492538 0.0082636932242856516 -0.0030653450792114969 0.0094530995458037455 4.864838185610232e-05 -0.00063284574592498263 0.012655759159476743 -0.00075310508553014471 -0.00062809519733707524 0.0023039318748448068 -0.0019142954296335203 8.1550004807307022e-06 -0.0018087623002971251 0.00013426124052704549 -0.0015433630522437793
leaf_weight=66 155 317 71 122 84 92 1109 227 192 101 292 60 211 202 238 322 243 189 101 160 262 150 79 169 199 267 361 363 193 109
leaf_count=66 155 317 71 122 84 92 1109 227 192 101 292 60 211 202 238 322 243 189 101 160 262 150 79 169 199 267 361 363 193 109
internal_value=-0.00200268 -0.00132948 -0.003667 0.000902292 0.000312914 0.000793839 -0.000222181 0.00242994 0.0104626 -0.0024944 -0.00754808 -0.0123099 -0.000608074 0.00016702 0.00164192 -0.000847656 0.00460526 -0.00396226 0.0047343 -0.00908076 -0.0130213 0.000260611 0.00942308 -0.00344017 -0.00541626 -0.00307091 -0.00608215 -0.00518881 0.0094132 0.000696023
internal_weight=6706 6129 2992 3137 3015 2949 2673 1565 276 2675 723 521 1952 1881 1679 1275 565 1108 202 577 417 1338 229 229 1016 827 628 710 404 347
internal_count=6706 6129 2992 3137 3015 2949 2673 1565 276 2675 723 521 1952 1881 1679 1275 565 1108 202 577 417 1338 229 229 1016 827 628 710 404 347
is_linear=0
shrinkage=0.035


Tree=70
num_leaves=31
num_cat=0
split_feature=6 143 13 115 114 60 271 217 75 49 173 49 82 246 126 148 17 153 82 13 71 148 172 82 233 93 92 157 223 173
split_gain=25.4773 21.8269 20.4903 21.859 19.0849 17.7257 23.6303 35.5004 19.3593 20.1963 28.4319 20.7571 20.6047 17.3246 25.4189 21.5747 22.294 16.7437 31.8717 21.4347 20.5656 20.4829 21.6399 20.0431 27.632 18.646 18.6234 16.5849 16.8135 16.3249
threshold=23.086683748634446 0.10515000298619272 12.506253253018885 23642.500000000004 3.957149982452393 9144.5000000000018 5.8512971903821898 22.873578634705769 -19.366356471999797 4917.0000000000009 0.26000859710017399 12329.500000000002 11524.000000000002 0.88881623617829864 164.00000000000003 434.50000000000006 27.673366564900942 0.73059511693553802 2290.5000000000005 101.77379007695446 6473.0000000000009 266.00000000000006 0.056554867611479834 8926.5000000000018 6324.8049316406259 4638.0000000000009 5.0837500095367441 0.044833776160418538 11.773119031712914 0.49354720073619446
decision_type=2 2 2 2 2 2 2 2 2 2 2 2 2 2 2 2 2 2 2 2 2 2 2 2 2 2 2 2 2 2
left_child=1 -1 -3 5 -2 6 13 -8 9 -7 11 -11 -13 15 -15 -4 27 18 19 20 -9 -20 23 24 25 -23 -27 -17 -29 -24
right_child=4 2 3 -5 -6 8 7 17 -10 10 -12 12 -14 14 -16 16 -18 -19 21 -21 -22 22 29 -25 -26 26 -28 28 -30 -31
leaf_value=-0.00073928174654417202 -0.0021074372664046702 0.0069770423162000507 -0.00097215507394435253 -0.00075749747471603296 0.00010140217824049669 -0.0014584809600724569 0.0069343382751001327 0.014364866266949527 -0.00072170540612476945 0.0068267425827846255 -0.0016018160278299391 -0.0034681278069385087 0.0055746256929084213 -0.00019412726462540443 0.011571221315302175 -0.00090986130552081804 0.010416727958137488 -0.00095549228524648762 -0.0055077629682602006 -0.00049860630271726257 0.0016896605394625328 0.0031335107125925942 -0.0010752409548166221 0.010216925431381108 0.012875835811787265 -0.0001050066607599251 -0.003219169068205787 0.0025463320058475734 -0.0019202515330731559 0.0055633236208189997
leaf_weight=81 182 95 287 130 73 173 278 128 998 296 98 60 62 69 88 935 68 165 67 84 202 250 859 205 66 220 118 173 104 92
leaf_count=81 182 95 287 130 73 173 278 128 998 296 98 60 62 69 88 935 68 165 67 84 202 250 859 205 66 220 118 173 104 92
internal_value=-0.0020444 -0.00161013 -0.00137255 -0.00162182 -0.0127885 -0.00131463 -0.000156845 0.00186564 -0.00436466 0.000151297 0.00362764 0.00761229 -0.00440945 -0.00336032 0.00756173 -0.00447519 -0.00250584 0.000511987 0.00129573 0.0100239 0.014 -0.000650903 7.7135e-05 0.00409144 0.00106222 -0.00141653 -0.00673469 -0.00362366 0.00384752 -0.00355126
internal_weight=6706 6451 6370 6275 255 6145 4458 2734 1687 689 516 418 122 1724 157 1567 1280 2456 2291 414 330 1877 1810 859 654 588 338 1212 277 951
internal_count=6706 6451 6370 6275 255 6145 4458 2734 1687 689 516 418 122 1724 157 1567 1280 2456 2291 414 330 1877 1810 859 654 588 338 1212 277 951
is_linear=0
shrinkage=0.035


Tree=71
num_leaves=31
num_cat=0
split_feature=183 104 4 274 267 218 27 93 153 153 173 142 19 214 203 104 71 228 27 206 126 71 49 224 261 223 112 27 271 136
split_gain=23.7562 27.3664 24.9136 23.7859 21.5263 23.9692 37.6293 27.2644 23.9022 38.464 27.679 25.8076 20.1176 20.0997 22.2164 18.5646 18.2614 18.1214 17.8649 17.8191 18.2142 18.329 26.0664 22.7131 20.2407 27.5224 18.6012 18.5507 17.727 18.4495
threshold=0.91490400761980029 5442.5000000000009 17.962835743753033 0.23932557956295331 -8.7257957456371411 29.428539121936939 5838.5000000000009 10908.000000000002 0.11187020248585629 0.4330705576775164 0.11694345507370667 0.80535000562667858 526.50000000000011 0.037100005894899375 -0.94248712510573718 6385.0000000000009 16957.000000000004 -18.397308213161654 13000.000000000002 -0.29792960166378257 7292.5000000000009 12200.500000000002 9830.0000000000018 0.99999999998846889 559.04498291015636 11.267082638598342 0.0099626756642496629 9412.5000000000018 6.513718608619854 3.4483499526977544
decision_type=2 2 2 2 2 2 2 2 2 2 2 2 2 2 2 2 2 2 2 2 2 2 2 2 2 2 2 2 2 2
left_child=1 12 4 -2 -3 6 -6 13 -8 10 -10 -11 -1 14 -7 -16 -9 -14 -5 -19 21 22 24 28 25 -21 27 -27 -24 -30
right_child=3 2 -4 18 5 7 8 16 9 11 -12 -13 17 -15 15 -17 -18 19 -20 20 -22 -23 23 -25 -26 26 -28 -29 29 -31
leaf_value=-0.0068519579322208271 0.011823476834019249 0.0073835757323952407 -0.004064374465893885 -0.00048438754532657895 0.011613910960625064 0.0068547377748294771 -0.00081515659818456789 -0.00141119023547306 0.010845649462704545 0.00033573511871825044 -2.4590845030535922e-05 -0.0045156844120723119 0.0053056553156421438 0.00056256293847292693 -0.0049733710299861636 -0.0011054070835535773 -0.00052619966518040661 0.0018723401921119649 0.0032779778355384592 -0.0016044665689688845 0.0081787548318228327 -0.0013981624103431367 0.0012496532419017739 -0.0039954662841160931 0.0018469339382164061 0.0051800726696710087 -0.00093019337261759157 -0.0018160252728668682 0.012406948085479468 0.0024371318186246094
leaf_weight=71 64 111 208 397 105 67 530 236 228 65 272 72 161 356 91 559 92 507 60 536 162 413 174 99 108 227 448 75 108 104
leaf_count=71 64 111 208 397 105 67 530 236 228 65 272 72 161 356 91 559 92 507 60 536 162 413 174 99 108 227 448 75 108 104
internal_value=-0.00210699 -0.00149838 -0.00390057 -0.00924905 -0.00301183 -0.00364638 -0.000164448 -0.00679587 -0.00200085 0.00256231 0.00706931 -0.0135563 0.000755159 -0.00405844 -0.0074169 -0.00940458 -0.0155556 0.00118644 -0.0120455 0.000554619 -0.000683205 -0.00149325 -1.85775e-05 0.00692857 -0.00245175 -0.00368706 0.000649007 0.00729642 0.0107417 0.0174194
internal_weight=6706 6185 2992 521 2784 2673 1272 1401 1167 637 500 137 3193 1073 717 650 328 3122 457 2961 2454 2292 1879 485 1394 1286 750 302 386 212
internal_count=6706 6185 2992 521 2784 2673 1272 1401 1167 637 500 137 3193 1073 717 650 328 3122 457 2961 2454 2292 1879 485 1394 1286 750 302 386 212
is_linear=0
shrinkage=0.035


Tree=72
num_leaves=31
num_cat=0
split_feature=6 183 82 148 33 270 137 7 93 49 82 82 13 270 205 27 6 261 74 270 203 9 223 153 193 150 270 223 261 173
split_gain=28.5527 20.2923 31.1208 26.0293 22.2155 33.1278 24.2394 28.7707 25.5091 37.2608 26.5245 23.7031 22.9474 22.6712 20.2103 18.2454 26.008 17.9622 34.2475 24.2971 30.5004 31.0388 26.8149 26.075 22.8715 24.8131 23.6797 21.9212 25.4574 21.6732
threshold=27.392178341562467 0.91205241161359507 2290.5000000000005 266.00000000000006 0.53785002231597911 93.571916526630915 10663.500000000002 -48.507031808827364 12524.500000000002 14458.500000000002 2828.5000000000005 6941.5000000000009 19.245840000665837 33.634582811472264 0.0088942923112143527 15441.000000000002 -8.9216898736133015 562.01501464843761 624.50000000000011 111.91683993034052 0.60461262484343603 55.768544986020466 18.242313245605335 -0.28703222501523057 0.40565218833585609 0.067849993705749526 39.964933581627285 6.3688209091467707 574.32000732421886 0.15588363893233323
decision_type=2 2 2 2 2 2 2 2 2 2 2 2 2 2 2 2 2 2 2 2 2 2 2 2 2 2 2 2 2 2
left_child=1 2 -1 -4 6 -6 8 -8 10 -10 -5 13 -13 -9 -12 16 -14 18 19 20 22 -22 24 -24 25 26 -16 28 -19 -28
right_child=-2 -3 3 4 5 -7 7 11 9 -11 14 12 15 -15 17 -17 -18 27 -20 -21 21 -23 23 -25 -26 -27 29 -29 -30 -31
leaf_value=0.0021066639835491258 -0.0013711292045320213 -0.0003244527777021578 -0.0021026387551254014 -0.004703743718987791 -0.0048257544146906436 0.010431332392765641 -0.00037535599288242131 -0.0031970748015735513 -0.0012375894658901128 0.00082893356562369687 -0.0026306145930840037 0.0042272621337496145 0.0044343562375640001 0.010156166978461705 -0.0013896142191161837 -0.0022379264133021342 -0.0035234645905069676 -0.00023213642993686392 0.013029492489116263 -0.0010896498236498086 -0.001624641596995272 0.0057365355529203398 0.011270466428619171 -0.0027208602811344021 0.012368875416348811 -0.0013707005590223422 0.0076115134772728136 -0.0030901574119703073 0.01045751077759269 7.4234244468235634e-05
leaf_weight=795 177 545 118 63 113 184 160 63 380 128 168 75 101 262 98 92 75 121 83 540 366 113 93 321 132 145 541 259 71 324
leaf_count=795 177 545 118 63 113 184 160 63 380 128 168 75 101 262 98 92 75 121 83 540 366 113 93 321 132 145 541 259 71 324
internal_value=-0.00228431 -0.00190159 -0.00130907 -0.00229784 -0.00190997 0.00730132 -0.00249006 0.00294118 -0.00363199 -0.0109162 -0.00254139 0.0061367 -0.000301724 0.0128333 -0.00210207 -0.00512821 0.00154696 -0.00147105 -0.00040565 -0.0011109 0.000572965 -0.00715909 0.002827 -0.00484487 0.00539759 0.00371069 0.00574897 -0.0079057 0.00106599 0.00760345
internal_weight=6706 6529 5984 5189 5071 297 4774 828 3946 508 3438 668 343 325 3375 268 176 3207 2756 2673 2133 479 1654 414 1240 1108 963 451 192 865
internal_count=6706 6529 5984 5189 5071 297 4774 828 3946 508 3438 668 343 325 3375 268 176 3207 2756 2673 2133 479 1654 414 1240 1108 963 451 192 865
is_linear=0
shrinkage=0.035


Tree=73
num_leaves=31
num_cat=0
split_feature=6 13 93 173 173 173 59 193 173 93 93 93 173 115 21 7 8 111 93 93 173 38 64 151 22 137 150 272 150 8
split_gain=22.0064 21.7317 25.2479 28.6942 24.8182 23.7461 32.5109 34.0862 27.1778 24.744 22.8347 22.6517 23.8915 23.0755 20.6005 20.5006 22.8668 20.3276 19.8726 22.6451 18.0922 16.724 17.4293 19.5945 18.9195 16.4555 16.2799 18.1077 25.3157 21.6866
threshold=23.086683748634446 14.751036886260241 12587.000000000002 0.89665550988171183 0.23104306149649254 0.43951412165514775 3.9753500223159794 0.98586098879868989 0.34116566643308593 5005.5000000000009 12370.500000000002 8973.0000000000018 0.66977834725410179 8297.0000000000018 0.14504999667406085 -33.140365943261813 -24.753671796659749 25.597051446007836 14492.000000000002 16242.000000000002 0.37191697191695183 29297.000000000004 5.5845750187943919 0.13507499918341639 0.13104999810457232 98.500000000000014 0.040650013834238059 0.014900006353855135 0.056700013577938087 -75.736116358886974
decision_type=2 2 2 2 2 2 2 2 2 2 2 2 2 2 2 2 2 2 2 2 2 2 2 2 2 2 2 2 2 2
left_child=1 -1 3 5 -4 8 7 15 10 -10 21 12 -8 -14 20 -7 -17 -11 -16 -20 -6 22 -3 -24 -25 -26 -27 -28 -29 -30
right_child=-2 2 4 -5 14 6 11 -9 9 17 -12 -13 13 -15 18 16 -18 -19 19 -21 -22 -23 23 24 25 26 27 28 29 -31
leaf_value=0.0040234304059018483 -0.0014237078626699662 0.0037594769897905276 -0.00077191625361820043 -0.00045758700678280757 0.012463597061856638 0.011712602368199302 0.0063443782943639676 -0.00034520477587190459 0.0032376164155822175 -0.00072670357305329285 0.0078171494735413457 -0.0010027190790208389 -0.021804776393314386 0.00047478200008611475 -0.0026071003596140441 -0.00017497143611915013 0.0053907517652416999 -0.0028313002101660661 0.013305872197473239 5.6793034042960382e-05 -0.0017679208286529647 0.0082658183860378747 -0.00095402478223511375 0.0034010533117804003 0.013883081023604991 -0.0010771744248459659 -0.0019578446610165568 0.0028035953869357741 0.00026666194791165446 -0.0016702111072653776
leaf_weight=149 255 124 388 159 61 272 136 73 88 112 63 156 62 85 80 211 180 184 76 177 289 60 74 119 79 1267 168 726 428 405
leaf_count=149 255 124 388 159 61 272 136 73 88 112 63 156 62 85 80 211 180 184 76 177 289 60 74 119 79 1267 168 726 428 405
internal_value=-0.00226345 -0.00185951 -0.00217536 -0.00116979 -0.00705855 -0.000703171 0.00364831 0.00812416 -0.0020182 -0.0107969 -0.00104463 -0.00386261 0.00206597 -0.00759868 -0.00300145 0.0106362 0.00539141 -0.0155814 0.00321006 0.00800388 -0.00887324 -0.00143849 -0.0017732 -0.00226842 -0.00183922 -0.00237654 -0.00280093 -0.000586028 0.00060422 -0.00355012
internal_weight=6706 6451 6302 5231 1071 5072 1175 736 3897 384 3513 439 283 147 683 663 391 296 333 253 350 3450 3390 3266 3192 3073 2994 1727 1559 833
internal_count=6706 6451 6302 5231 1071 5072 1175 736 3897 384 3513 439 283 147 683 663 391 296 333 253 350 3450 3390 3266 3192 3073 2994 1727 1559 833
is_linear=0
shrinkage=0.035


Tree=74
num_leaves=31
num_cat=0
split_feature=191 104 38 137 235 138 93 115 224 22 165 219 211 183 148 193 60 33 256 63 77 270 115 261 111 10 11 160 33 33
split_gain=20.7959 19.6882 22.6426 22.8498 18.6834 17.678 20.2022 34.4836 36.9129 28.5898 26.8103 23.0259 22.6521 21.5956 23.0823 20.5281 17.7799 16.3053 33.8774 25.2023 23.7886 21.2311 20.4714 64.5243 27.4328 26.9552 26.0457 24.4895 23.6262 22.2621
threshold=0.1179499998688698 344.50000000000006 1789.5000000000002 6128.0000000000009 -0.1517648435989116 2.5000000000000004 12587.000000000002 10388.500000000002 0.99999999995345157 0.1212499998509884 0.045972088709909494 -68.757309958561237 0.36526576658238485 -0.039689837204322877 9445.5000000000018 0.91128671278950146 7486.0000000000009 0.30295000970363622 78.482830711877071 575.50000000000011 0.36249999701976782 42.94855503732601 6354.5000000000009 562.01501464843761 25.841116560023838 68.160613966399254 58.024440911778576 0.018500003963708881 0.26434999704360967 0.24925000220537188
decision_type=2 2 2 2 2 2 2 2 2 2 2 2 2 2 2 2 2 2 2 2 2 2 2 2 2 2 2 2 2 2
left_child=-1 4 3 -3 -2 -4 7 15 11 -8 12 -9 -10 -11 16 17 -15 19 -19 -7 -20 -21 23 26 25 27 -23 -24 -26 -28
right_child=1 2 5 -5 -6 6 9 8 10 13 -12 -13 -14 14 -16 -17 -18 18 20 21 -22 22 24 -25 28 -27 29 -29 -30 -31
leaf_value=-0.0006193432463341786 0.00023565755969579219 -0.0004163259560319056 0.0011024635006527703 0.0090040207723664292 -0.00047001503509822273 -0.0035613741538872605 0.0038507482709410094 -0.00076021098730173027 -0.0024580558235815023 -0.0016604425154777814 0.010605691105062811 0.012721736184275719 0.0001557111836902237 -0.00046717801153254028 0.012216352946293578 -0.0018256841407577108 -0.0014666827503500358 -0.00199424942747374 -0.0020031731037208423 -0.00088033570690169993 0.0037837628113288708 0.011868326822234201 -0.0017615097520855018 -0.0051869136547157422 -0.0017200137064422795 -0.0010131133491560142 0.012313097519757659 0.004207559992365096 0.00063530420998936525 0.00012068067868552968
leaf_weight=166 97 98 605 165 302 115 92 64 115 112 60 282 199 264 87 126 365 767 218 339 436 117 65 96 303 207 172 310 117 245
leaf_count=166 97 98 605 165 302 115 92 64 115 112 60 282 199 264 87 126 365 767 218 339 436 117 65 96 303 207 172 310 117 245
internal_value=-0.00227388 -0.00195722 -0.00146355 0.00848881 -0.00944307 -0.00191569 -0.00256631 -0.00156609 0.0054069 -0.00726486 -0.00221636 0.0135613 -0.00636364 -0.00932773 -0.00699029 -0.00295355 -0.00932965 -0.00244163 -0.00532609 -0.000468675 0.000531108 0.000478239 0.00213806 0.00705512 -0.000973188 0.00393526 0.0118182 0.00948684 -0.00774118 0.00754739
internal_weight=6706 6540 6141 263 399 5878 5273 4353 720 920 374 346 314 828 716 3633 629 3507 1421 2086 654 1971 1632 630 1002 582 534 375 420 417
internal_count=6706 6540 6141 263 399 5878 5273 4353 720 920 374 346 314 828 716 3633 629 3507 1421 2086 654 1971 1632 630 1002 582 534 375 420 417
is_linear=0
shrinkage=0.035


Tree=75
num_leaves=31
num_cat=0
split_feature=6 191 143 103 93 274 173 126 222 153 261 91 82 148 115 214 126 91 33 270 261 224 270 270 203 122 13 31 115 183
split_gain=25.5995 20.9129 21.6401 32.3819 24.0438 22.9103 21.9276 21.8198 22.1681 21.8202 24.9238 27.2222 17.9999 25.414 24.4783 31.2436 24.0223 30.9003 22.9182 22.1689 20.8923 26.3471 19.8158 36.9291 28.0731 25.6762 23.0069 29.0852 32.2734 19.6891
threshold=23.086683748634446 0.1155500002205372 0.12815000116825107 5.7769000530242929 12524.500000000002 -0.29664259638994533 0.89665550988171183 2956.5000000000005 24.55624832683996 0.092710735805068653 547.77001953125011 -3.1642498172409641 2290.5000000000005 294.50000000000006 10388.500000000002 0.044900003820657737 152.50000000000003 -2.3399614177780865 0.53785002231597911 93.571916526630915 528.70501708984386 0.99999999996629629 111.91683993034052 96.810192664398784 -0.95346394390117306 42.440908850587654 78.482830711877071 -83.638219457391457 1161.0000000000002 -0.14313547882007688
decision_type=2 2 2 2 2 2 2 2 2 2 2 2 2 2 2 2 2 2 2 2 2 2 2 2 2 2 2 2 2 2
left_child=1 -1 3 -3 6 -6 12 8 9 -7 11 -11 16 -14 18 20 -4 -18 22 -20 -16 -22 23 24 -15 -26 -24 -28 -29 -27
right_child=-2 2 4 -5 5 7 -8 -9 -10 10 -12 -13 13 14 15 -17 17 -19 19 -21 21 -23 26 -25 25 29 27 28 -30 -31
leaf_value=-0.00060492224381192403 -0.001357427561248078 0.0036841100107037998 -0.00026391530772584051 -0.0013614183727049482 0.01062553626065104 -0.0044014605329613819 -0.000565848035828799 -0.00096958123817872898 0.0096631904437532463 -0.002253114126327524 0.0035866442543193745 0.00063892704015600609 -0.0016908722555004903 0.0098069316210886194 0.01401155332805781 -0.0011782366968769193 0.0053082062233554385 -0.0023000772008118192 -0.004866064825256383 0.010543891845237864 0.0085714732701683595 -0.0024047371611225165 -0.0018841962777418199 0.010087505760684795 -0.00033165713017998795 -0.00038319165952779914 -0.0025894501717060778 0.014905757595934719 -0.0018829012030231376 -0.0058468709747496964
leaf_weight=139 255 307 124 82 60 89 144 490 80 92 116 65 131 60 168 115 565 60 106 163 141 106 153 234 1982 102 129 122 145 181
leaf_count=139 255 307 124 82 60 89 144 490 80 92 116 65 131 60 168 115 565 60 106 163 141 106 153 234 1982 102 129 122 145 181
internal_value=-0.00255551 -0.00211973 -0.00181732 0.00612944 -0.00234396 -0.00730191 -0.00134015 -0.00866596 -0.00297539 -0.00667575 -0.00163669 -0.0105864 -0.000927588 -0.00185258 -0.00133308 0.00562617 0.00403846 0.00683333 -0.00243199 0.00728102 0.0100833 0.00347222 -0.00328301 -0.00197933 -0.00331974 -0.00396256 -0.009287 -0.00471322 0.00193015 -0.0137326
internal_weight=6706 6451 6312 389 5923 992 4931 932 442 362 273 157 4787 4038 3907 530 749 625 3377 269 415 247 3108 2559 2325 2265 549 396 267 283
internal_count=6706 6451 6312 389 5923 992 4931 932 442 362 273 157 4787 4038 3907 530 749 625 3377 269 415 247 3108 2559 2325 2265 549 396 267 283
is_linear=0
shrinkage=0.035


Tree=76
num_leaves=31
num_cat=0
split_feature=6 77 256 115 193 100 152 111 7 193 190 274 219 21 60 186 203 160 104 140 125 104 27 173 274 25 115 225 150 271
split_gain=23.0073 20.7839 22.3125 25.4463 17.5137 24.7317 16.1183 19.3251 26.7253 28.4825 22.5405 21.8717 17.7743 17.3205 17.1159 19.463 19.7407 16.637 16.5592 18.5539 16.7077 18.9813 16.3701 16.2431 19.0158 16.1626 15.6563 15.1821 14.8637 14.8428
threshold=23.086683748634446 0.12240000069141389 12.506253253018885 23642.500000000004 -0.94852803202854263 31.983128264672047 0.22340075464998177 22.743891404734487 -30.367771454773344 0.7594950848636931 -0.005299992859363555 0.70640504620862321 -27.657758320710851 0.15855000168085101 10570.500000000002 -0.85919569368630511 0.9784553739604841 0.018399998545646671 5477.5000000000009 603.50000000000011 4.4218499660491952 10669.000000000002 6241.5000000000009 0.13926166078072774 -0.49404847794545326 -7.3485220949789838 15861.000000000002 0.12773865850011515 0.044449999928474433 15.84626762659062
decision_type=2 2 2 2 2 2 2 2 2 2 2 2 2 2 2 2 2 2 2 2 2 2 2 2 2 2 2 2 2 2
left_child=1 -1 -3 4 5 -4 7 10 9 13 17 -11 -10 23 15 -8 28 -6 19 -16 -20 -22 -14 24 -9 -26 27 -19 -17 -30
right_child=-2 2 3 -5 6 -7 14 8 12 11 -12 -13 22 -15 18 16 -18 26 20 -21 21 -23 -24 -25 25 -27 -28 -29 29 -31
leaf_value=-0.00056923794307962416 -0.0013099175966043938 0.007226897033167607 0.017277582685475829 -0.00083394379256823703 -0.00043014713386074494 -0.00080975283845542711 0.0011402482458620397 -0.0012443080132983823 -0.0056914507941384839 0.011527871494528285 -0.0004849223160823596 -0.0001692772386390723 0.0013406954620815681 0.00092994959504604912 0.0094381812771806971 -0.001654158397394537 -0.0010847525557403735 0.0022633924738419777 -0.0015773703290756439 -0.0026265304204605355 -0.00089750079954974615 0.00034481432682818895 -0.00086971602641720911 -0.0016139759872951832 7.7253149600572951e-05 0.0097701112956193412 -0.00062822078629205477 0.0093454029384464291 -0.0002750046460853441 0.0080862010572750349
leaf_weight=173 255 86 79 130 115 113 470 136 97 154 215 89 91 364 61 597 90 369 252 65 134 115 465 426 369 63 70 202 785 76
leaf_count=173 255 86 79 130 115 113 470 136 97 154 215 89 91 364 61 597 90 369 252 65 134 115 465 426 369 63 70 202 785 76
internal_value=-0.00257637 -0.0021631 -0.00182715 -0.00207843 -0.00174221 0.00852792 -0.00208511 -0.000422601 -0.00220009 0.000239726 0.00369365 0.0111492 -0.0081383 -0.00174615 -0.00410755 -0.00252595 -0.00441726 0.00653088 -0.00913766 0.0021374 -0.0119664 -0.00537402 -0.00561497 -0.00413413 -0.000244328 0.00336384 0.00872291 0.0106337 -0.00339713 -0.000444573
internal_weight=6706 6451 6278 6192 6062 192 5870 3225 2254 1601 971 243 653 1358 2645 2018 1548 756 627 126 501 249 556 994 568 432 641 571 1458 861
internal_count=6706 6451 6278 6192 6062 192 5870 3225 2254 1601 971 243 653 1358 2645 2018 1548 756 627 126 501 249 556 994 568 432 641 571 1458 861
is_linear=0
shrinkage=0.035


Tree=77
num_leaves=31
num_cat=0
split_feature=6 13 115 242 13 270 49 200 13 201 193 38 21 38 223 48 67 153 11 4 148 67 242 142 140 153 129 60 60 148
split_gain=19.7266 18.8613 21.1061 19.7663 42.2305 26.0566 22.3952 40.3791 21.8701 25.9287 22.5717 22.3997 22.1205 22.0273 21.2642 21.2331 29.4321 28.4475 22.3067 19.7639 20.9545 31.8645 31.6618 24.1034 21.9891 38.3477 26.1152 21.7137 21.9802 21.1408
threshold=23.086683748634446 12.506253253018885 23642.500000000004 47.42556496878013 59.542975393894686 66.631665142584623 8528.5000000000018 -0.040849998593330376 64.744808495966694 0.23042500019073489 0.10568091971188774 10151.500000000002 0.18225000053644183 8977.0000000000018 7.7649572955964823 4.0818498134613046 10.05370855046124 -0.051262276796321379 94.786742843308659 13.933647627146831 2153.0000000000005 6.5088118201724514 36.939996358637309 0.8177500069141389 626.50000000000011 0.15747991401512146 602.50000000000011 9893.0000000000018 7757.0000000000009 9618.5000000000018
decision_type=2 2 2 2 2 2 2 2 2 2 2 2 2 2 2 2 2 2 2 2 2 2 2 2 2 2 2 2 2 2
left_child=1 -1 3 5 15 6 7 -3 12 10 -10 13 -6 -11 -13 16 -5 -17 -19 20 22 27 24 29 26 -26 -8 28 -22 -23
right_child=-2 2 -4 4 8 -7 19 -9 9 11 -12 14 -14 -15 -16 17 -18 18 -20 -21 21 23 -24 -25 25 -27 -28 -29 -30 -31
leaf_value=0.0059325988388501142 -0.0012640704807232407 0.00076040374382096217 -0.00080475575982834671 0.00037549130262718838 -0.0011526539424548325 -0.00078085268031216073 0.0016074851221710297 -0.0013080299964978405 0.019600721147868067 -0.00093404586067664865 0.00047437045101020873 -0.00059183470662189821 0.0055878421745472464 -0.0034625618058409251 0.0073431733655719205 -0.0086369706917990823 0.01305592812893085 0.0093769117904062092 -0.00036331124123559661 0.0038752040814208316 -0.0033596926940614273 -0.00027816232184345508 -0.0023685956291468998 0.012373367445743471 -0.0028253739629300733 0.011051391007447172 -0.00060809180783015005 -0.00096790836416075457 0.017026772581961606 0.0097333744950983906
leaf_weight=95 255 232 130 250 469 231 120 607 86 1327 159 70 60 64 245 66 208 92 94 173 124 320 133 169 99 117 371 199 66 75
leaf_count=95 255 232 130 250 469 231 120 607 86 1327 159 70 60 64 245 66 208 92 94 173 124 320 133 169 99 117 371 199 66 75
internal_value=-0.00252421 -0.00214142 -0.00237698 -0.00207832 -0.000153365 -0.00409734 -0.00315125 -0.00792062 -0.00230986 -0.000590491 0.00994 -0.00212741 -0.00858614 -0.00403653 0.00623438 0.00734266 0.0117927 -0.000817121 0.00623037 -0.00110096 -0.00219967 0.00135177 -0.00621302 0.00664323 -0.00319522 0.0060181 -0.00726815 -0.00630711 0.00215385 0.0018375
internal_weight=6706 6451 6356 6226 3190 3036 2805 839 2480 1951 245 1706 529 1391 315 710 458 252 186 1966 1793 953 840 564 707 216 491 389 190 395
internal_count=6706 6451 6356 6226 3190 3036 2805 839 2480 1951 245 1706 529 1391 315 710 458 252 186 1966 1793 953 840 564 707 216 491 389 190 395
is_linear=0
shrinkage=0.035


Tree=78
num_leaves=31
num_cat=0
split_feature=193 31 150 271 173 112 30 272 148 193 80 211 104 270 27 132 2 222 270 272 4 4 127 215 22 65 31 242 71 82
split_gain=18.1887 18.7513 16.1825 22.6591 20.769 19.1354 17.8638 19.7016 29.7301 23.7842 19.4092 21.9045 28.177 19.7755 28.0367 19.448 23.4021 18.1331 18.0068 16.9739 16.6169 25.2247 16.5149 16.398 16.232 15.6407 15.2924 19.5281 15.4867 20.8861
threshold=-0.94852803202854263 -80.766156614173738 0.040650013834238059 16.00530830040498 0.097005409767475917 0.013223164115845501 522.50000000000011 0.020750001072883609 8387.5000000000018 -0.71891180378055275 -4.7993942587618568 0.53800835815582182 3905.0000000000005 90.843597056048836 5665.0000000000009 0.25409999489784246 603.50500488281261 12.370088313566498 138.16060394662853 0.0146000012755394 32.083951783195118 20.143894220962473 327.50000000000006 -0.033700000494718545 0.2707000076770783 0.41345000267028814 -67.91510791626375 83.225084705951673 9124.5000000000018 10747.500000000002
decision_type=2 2 2 2 2 2 2 2 2 2 2 2 2 2 2 2 2 2 2 2 2 2 2 2 2 2 2 2 2 2
left_child=1 -1 20 6 -5 -6 -4 19 9 -9 11 12 -11 14 17 16 -14 -12 -15 -8 21 22 26 25 -17 -24 27 -2 29 -28
right_child=2 -3 3 4 5 -7 7 8 -10 10 13 -13 15 18 -16 24 -18 -19 -20 -21 -22 -23 23 -25 -26 -27 28 -29 -30 -31
leaf_value=-0.00023196069822736644 -0.004385486198313593 0.013374470067410273 0.00956548781370954 0.011011514387150503 -0.00061120480597957752 0.0096782111059352492 -0.00052143532312037312 0.0089569036073977523 -0.0027323406243887271 0.0052339502400310682 -9.0730799685671002e-05 -0.00069221522682595617 0.0089590177348615688 -0.0040340475074070493 -0.00092601548893687892 -0.0016478224473284971 -0.00062193015861558055 0.01341867361342711 -6.7794321511882591e-06 0.00041589884773768354 -0.0037447360464258946 0.0071699678716840047 -0.0011125312565916342 -0.0015001985053495572 -0.00042501158545263325 0.0017897919001042997 0.00080705241574615121 3.7637460112667224e-05 -0.00049451119206100316 -0.0014447131225924204
leaf_weight=129 219 71 98 121 132 62 356 63 200 245 60 295 65 156 555 63 149 69 64 1194 97 108 218 529 149 77 464 164 474 60
leaf_count=129 219 71 98 121 132 62 356 63 200 245 60 295 65 156 555 63 149 69 64 1194 97 108 218 529 149 77 464 164 474 60
internal_value=-0.00241991 0.00785366 -0.00274151 -0.00139966 0.00754688 0.000351759 -0.00215399 -0.00255287 -0.00473106 -0.00337719 -0.00410667 -0.000648816 0.00284763 -0.00777778 -0.00477504 -0.00259861 0.00479452 0.00966418 -0.0168 0.000450161 -0.00501449 -0.00439387 -0.00521041 -0.00911942 -0.01 -0.00245 -0.00285354 -0.00875 -0.000558325 0.00357278
internal_weight=6706 200 6506 4096 315 194 3781 3683 2133 1933 1870 966 671 904 684 426 214 129 220 1550 2410 2313 2205 824 212 295 1381 383 998 524
internal_count=6706 200 6506 4096 315 194 3781 3683 2133 1933 1870 966 671 904 684 426 214 129 220 1550 2410 2313 2205 824 212 295 1381 383 998 524
is_linear=0
shrinkage=0.035


Tree=79
num_leaves=31
num_cat=0
split_feature=6 193 31 13 17 115 151 185 185 140 20 242 13 93 71 213 47 27 23 93 243 148 173 179 13 49 115 242 172 215
split_gain=22.7383 19.4713 23.5415 19.2573 19.5356 18.3993 15.7741 19.5952 24.3228 22.5188 23.0411 21.9814 32.4132 21.7021 21.5995 20.327 22.7048 19.9992 22.6642 19.6287 18.2867 18.1189 25.4139 17.2588 17.2003 18.769 19.5053 21.5819 19.4066 19.3281
threshold=23.086683748634446 -0.94852803202854263 -80.766156614173738 12.506253253018885 46.919507640942335 23642.500000000004 0.12980000115931037 0.010637145973998662 0.01230574502994935 642.50000000000011 24.242978091341133 22.224810524168358 27.047027942840021 7606.0000000000009 13305.500000000002 11.37069923739457 -6.6346962119866859 4437.5000000000009 1.258512978477822 8400.0000000000018 1.954937470217178 434.50000000000006 0.50618773875528977 18.170831752994019 116.67697153521286 12605.500000000002 10260.000000000002 55.738911433166884 0.47760238500159918 -0.066400013864040361
decision_type=2 2 2 2 2 2 2 2 2 2 2 2 2 2 2 2 2 2 2 2 2 2 2 2 2 2 2 2 2 2
left_child=1 2 -1 -3 5 6 -5 11 13 17 -11 -8 -13 15 19 16 -9 -10 20 -15 -19 -20 23 -23 25 26 28 -28 -14 -27
right_child=-2 3 -4 4 -6 -7 7 8 9 10 -12 12 24 14 -16 -17 -18 18 21 -21 -22 22 -24 -25 -26 29 27 -29 -30 -31
leaf_value=-0.00010048744350059786 -0.0010887622522730228 0.0057422657712124956 0.016170949325522599 -0.00055105325313061621 0.0076012973977026199 -0.00082143424118699552 -0.0012661778587387941 2.9733169464360447e-05 0.0054574814398509787 0.012685459286028508 -7.1072457751194818e-05 0.005121693099868198 -0.00035333903038675679 0.02016541677973482 -0.00030086091117874109 0.0085650556783447296 -0.0027855488732616298 -0.00033221722585494802 -0.00090717062944126062 0.0013814120867474422 0.0090077710153783803 -0.00047817979429855056 0.0025711212619917274 -0.0022246871903901706 -0.003764411588333657 0.00014136932240228691 0.018772388293874422 -9.4662501730747317e-05 -0.0026389217658577342 -0.0018825330211163854
leaf_weight=128 255 95 64 193 78 130 116 214 169 89 168 83 1350 86 138 96 101 72 280 352 148 1011 236 174 164 83 80 116 210 227
leaf_count=128 255 95 64 193 78 130 116 214 169 89 168 83 1350 86 138 96 101 72 280 352 148 1011 236 174 164 83 80 116 210 227
internal_value=-0.00236775 -0.00195709 0.00888325 -0.00229646 -0.00254174 -0.00276966 -0.00247777 -0.00214199 -0.000398323 -0.00233631 0.00734733 -0.00452958 -0.00375971 0.00419859 0.00855422 -0.0019351 -0.00623438 -0.00354177 -0.00456127 0.0123251 0.00591111 -0.00592907 -0.00429523 -0.00638235 -0.00457271 -0.00368421 -0.00226576 0.00800995 -0.00357827 -0.0115556
internal_weight=6706 6451 192 6259 6164 6086 5956 5763 3334 2347 257 2429 2313 987 576 411 315 2090 1921 438 220 1701 1421 1185 2230 2066 1756 196 1560 310
internal_count=6706 6451 192 6259 6164 6086 5956 5763 3334 2347 257 2429 2313 987 576 411 315 2090 1921 438 220 1701 1421 1185 2230 2066 1756 196 1560 310
is_linear=0
shrinkage=0.035


Tree=80
num_leaves=31
num_cat=0
split_feature=193 31 261 173 261 21 163 242 173 81 242 93 27 23 6 272 242 246 246 148 10 27 224 1 148 82 242 41 270 274
split_gain=18.2254 18.7513 15.5604 22.0338 20.5494 39.1525 23.463 19.2374 27.8595 23.4642 18.5687 21.7803 37.3765 27.9318 18.649 17.9393 17.4589 20.6781 28.3855 17.6103 28.4271 45.483 27.1679 31.4256 26.136 28.5535 22.7098 22.1758 22.5369 21.5623
threshold=-0.94852803202854263 -80.766156614173738 575.17999267578136 0.90248211354403496 566.80499267578136 0.13804999738931659 0.32821064604335698 46.433838772481643 0.20835892304980011 4.7800500392913827 16.908791798208465 12587.000000000002 7053.5000000000009 1.258512978477822 35.098294170738633 0.020500011742115024 24.627282286421035 0.56381542544912977 -0.045948150598920753 8387.5000000000018 41.794668148841431 5933.0000000000009 0.4613450386702927 837.50000000000011 12919.500000000002 12437.000000000002 82.659516021448312 552.50000000000011 37.962736959005554 0.16737210517643217
decision_type=2 2 2 2 2 2 2 2 2 2 2 2 2 2 2 2 2 2 2 2 2 2 2 2 2 2 2 2 2 2
left_child=1 -1 3 4 10 -6 -7 8 -4 -10 -2 13 -13 -12 16 -14 17 18 -15 20 21 26 23 -22 -21 -26 -18 -24 -29 -30
right_child=2 -3 7 -5 5 6 -8 -9 9 -11 11 12 15 14 -16 -17 19 -19 -20 24 22 -23 27 -25 25 -27 -28 28 29 -31
leaf_value=-0.00022032501326688827 0.0059184798993398569 0.012340380388657621 0.0082480815223157557 -0.0004629563351561661 -0.0018209506384762792 -0.00031794591421015016 0.0057806608498818029 0.011115079218901178 0.0032733047699078357 -0.0074627766369613638 0.0079302234624026614 0.0053625145403266208 -0.00030812633275220192 -0.0022371526307762984 -0.00054486337268262633 -0.0015491144338472735 -0.0020325487572603685 -0.0016427555959583119 0.0055254579097035392 -0.0018583582141253898 -0.0027650729069427253 0.0063458420320083005 0.0072703515183787058 0.011342864342906741 0.0094287234693900684 -0.0022221643419786299 0.0030554450633119516 0.0059222174912191847 0.00098711532997645761 -0.00053393653120947684
leaf_weight=129 116 71 90 258 302 192 99 64 69 64 160 114 348 60 83 240 228 108 73 283 516 637 125 73 99 75 171 67 710 1082
leaf_count=129 116 71 90 258 302 192 99 64 69 64 160 114 348 60 83 240 228 108 73 283 516 637 125 73 99 75 171 67 710 1082
internal_value=-0.00243034 0.00785366 -0.00275227 -0.00312098 -0.00268103 -0.00883779 0.00035473 0.00515411 0.000153509 -0.0098913 -0.0019933 -0.0023036 -0.0080198 -0.00141383 -0.00194312 -0.0115683 -0.00161526 -0.0106707 -0.00126812 -0.00106608 -0.000242114 0.00463977 -0.00221296 -0.00877946 -0.0075 0.00312849 -0.00459158 -0.000246355 -0.00122049 -0.00198664
internal_weight=6706 200 6506 6219 5961 593 291 287 223 133 5368 5252 702 4550 4390 588 4307 241 133 4066 3609 1036 2573 589 457 174 399 1984 1859 1792
internal_count=6706 200 6506 6219 5961 593 291 287 223 133 5368 5252 702 4550 4390 588 4307 241 133 4066 3609 1036 2573 589 457 174 399 1984 1859 1792
is_linear=0
shrinkage=0.035


Tree=81
num_leaves=31
num_cat=0
split_feature=6 193 31 13 115 82 151 82 148 82 7 31 270 189 228 211 246 203 93 191 110 270 104 148 173 13 13 65 195 270
split_gain=18.874 19.9394 23.5415 20.6189 19.9899 17.9337 17.6953 20.6104 28.5793 23.8096 25.5147 21.2995 19.4856 21.9867 20.8893 19.784 20.4957 16.9928 20.696 22.5299 21.1211 19.2986 21.303 19.8449 30.9174 27.2261 29.1126 24.9681 21.2297 20.5391
threshold=23.086683748634446 -0.94852803202854263 -80.766156614173738 14.751036886260241 23642.500000000004 235.50000000000003 0.12980000115931037 2290.5000000000005 294.50000000000006 1969.0000000000002 -4.503716720353526 -133.14309422390644 111.91683993034052 15.495777062454989 -18.397308213161654 0.57214687816199483 0.66992790211323361 0.70306767578424678 9304.0000000000018 0.17647500336170199 0.23690000176429751 101.33028932090512 8926.5000000000018 4771.0000000000009 0.088218672395568437 34.448280384639247 54.342806201614003 0.40715000033378607 0.012616217220840274 52.395305095421627
decision_type=2 2 2 2 2 2 2 2 2 2 2 2 2 2 2 2 2 2 2 2 2 2 2 2 2 2 2 2 2 2
left_child=1 2 -1 -3 5 -5 -7 9 -9 10 -8 -10 14 -14 -13 16 17 21 19 -19 -21 23 -23 29 25 27 -27 -25 -26 -16
right_child=-2 3 -4 4 -6 6 7 8 11 -11 -12 12 13 -15 15 -17 -18 18 -20 20 -22 22 -24 24 28 26 -28 -29 -30 -31
leaf_value=-8.9259007513738675e-05 -0.0011444510944466375 0.0029840087887751279 0.015173052785526289 -0.00051524416410583481 -0.00081883162769600651 -0.00065360840834973127 -0.00016816363856511947 -0.0015960342209689938 0.0071232611373193465 0.0085964244647086345 0.0081995716982262157 0.0084554832468426572 0.0040944021762964371 -0.0014542206026575235 1.5608903655760511e-05 0.008176296874171261 -0.0028338881699404616 0.0041834800950531197 0.0036071820444749545 -0.0015795337578102489 0.00091961792223689586 0.010004558828356587 -0.00060793465638508189 -0.002406096945066116 -0.0003154726338293651 0.008074986471643843 -0.0016342247994506117 0.0012598160435002403 0.0067385517306270716 -0.0017271583693235439
leaf_weight=128 255 149 64 95 130 190 735 172 71 155 112 125 64 505 383 84 132 122 360 150 87 126 61 205 205 135 329 60 282 1035
leaf_count=128 255 149 64 95 130 190 735 172 71 155 112 125 64 505 383 84 132 122 360 150 87 126 61 205 205 135 329 60 282 1035
internal_value=-0.00246163 -0.00208721 0.00888325 -0.00243056 -0.00274734 -0.00244444 -0.0021927 -0.00183596 -0.00280864 0.00271102 0.000369718 -0.0022658 -0.00257688 -0.00859756 -0.00168425 -0.002159 -0.00255099 -0.00203385 0.00275552 -0.00317308 -0.00940083 -0.00325725 0.00747396 -0.00403183 -0.000745291 -0.00529292 -0.000149254 -0.0141296 0.00604675 -0.00683767
internal_weight=6706 6451 192 6259 6110 5980 5885 5695 4693 1002 847 4521 4450 569 3881 3756 3672 3540 719 359 237 2821 187 2634 1216 729 464 265 487 1418
internal_count=6706 6451 192 6259 6110 5980 5885 5695 4693 1002 847 4521 4450 569 3881 3756 3672 3540 719 359 237 2821 187 2634 1216 729 464 265 487 1418
is_linear=0
shrinkage=0.035


Tree=82
num_leaves=31
num_cat=0
split_feature=193 100 115 191 88 126 211 93 148 126 274 82 169 247 155 9 93 223 122 38 104 269 204 8 30 183 193 70 160 257
split_gain=18.4099 18.1617 17.2965 16.6331 18.2663 15.3806 19.5198 34.3694 24.6885 18.0573 16.5031 20.7221 18.3123 16.5401 15.0458 27.0635 26.963 25.5927 21.0087 18.4153 21.0115 19.9161 18.1244 17.2732 22.2646 16.9857 16.6602 18.3453 24.0619 15.3743
threshold=-0.94852803202854263 31.983128264672047 25649.000000000004 0.1155500002205372 0.11699999868869783 10194.500000000002 -0.32974548492018635 4418.5000000000009 14524.500000000002 9044.5000000000018 -0.72902170346749073 18999.500000000004 18.200587939139499 598.25500488281261 0.05377255891832735 -15.304678101860704 13259.000000000002 32.895015128204818 12.907126975085131 15479.500000000002 7448.5000000000009 1.5530343287417649 0.054404505208209865 -229.44202620422641 524.50000000000011 0.1770950302909137 0.98271821082230604 4.991999864578248 0.017099995166063312 4.2367129541887065
decision_type=2 2 2 2 2 2 2 2 2 2 2 2 2 2 2 2 2 2 2 2 2 2 2 2 2 2 2 2 2 2
left_child=1 -1 3 -2 -5 9 -7 -8 -9 10 -6 12 14 -14 15 22 17 19 -18 20 25 -22 -12 -17 -25 -16 27 28 -27 -29
right_child=2 -3 -4 4 5 6 7 8 -10 -11 11 -13 13 -15 16 23 18 -19 -20 -21 21 -23 -24 24 -26 26 -28 29 -30 -31
leaf_value=0.0098673218695228774 -0.00052332863743498662 -0.0007262487582980052 -0.0010569601759826332 0.0023787547925573837 -0.0032678659896126015 -0.0025356228711070523 0.0086912471239350662 -0.0012901432712256633 0.0040122351527464529 0.0054768467850015079 0.010855011603876606 0.0099806763172647795 0.0073428330537226002 -0.0026957466208751652 -0.0029013937167918597 -0.0067345888485868741 0.0073308749949290656 -0.0032873618576466945 -0.0013954838404056952 -0.0013507397966637592 0.013124750045372259 -0.00049622825912496674 -0.00016227791121533943 0.013480697081391374 -0.00045431108630236477 -0.0011613395631193883 -0.00028604505234620996 -0.0016530397693367259 0.003970512408634037 0.0013170458511675735
leaf_weight=87 139 113 101 96 137 158 82 397 69 172 144 86 84 177 106 65 63 116 288 74 163 77 97 63 2571 80 73 84 684 60
leaf_count=87 139 113 101 96 137 158 82 397 69 172 144 86 84 177 106 65 63 116 288 74 163 77 97 63 2571 80 73 84 684 60
internal_value=-0.00248249 0.00785366 -0.00280602 -0.00257176 -0.00229947 -0.00253927 -0.00738397 -0.00417722 -0.00787686 -0.00190711 -0.00227298 -0.00194671 -0.00224182 -0.0111842 -0.00174527 -0.0033039 0.000710091 0.00273653 -0.00796348 0.00405761 0.00501877 0.0142857 0.0078252 -0.00431028 -0.00384615 0.00291667 0.00436613 0.0056736 0.00782835 -0.00563758
internal_weight=6706 200 6506 6405 6266 6170 706 548 466 5464 5292 5155 5069 261 4808 2940 1868 1517 351 1401 1327 240 241 2699 2634 1087 981 908 764 144
internal_count=6706 200 6506 6405 6266 6170 706 548 466 5464 5292 5155 5069 261 4808 2940 1868 1517 351 1401 1327 240 241 2699 2634 1087 981 908 764 144
is_linear=0
shrinkage=0.035


Tree=83
num_leaves=31
num_cat=0
split_feature=193 31 150 274 22 63 150 193 38 242 69 240 129 53 129 206 82 134 6 4 268 38 127 154 65 274 148 155 148 151
split_gain=18.6696 18.7513 14.6403 16.8541 23.0618 18.7624 16.6467 23.0512 35.7407 21.3675 19.1679 18.3735 20.3669 18.9441 17.014 17.3673 16.1807 20.002 14.3645 23.9936 14.7556 15.1354 14.4573 17.3098 15.6982 14.1668 20.6528 24.4211 19.2417 18.8059
threshold=-0.94852803202854263 -80.766156614173738 0.040650013834238059 0.16030809085594758 0.12815000116825107 539.50000000000011 0.055700011551380164 -0.019815919954697944 11476.000000000002 35.339455808689145 -6.4233406754776565 3.5805223835938542 588.50000000000011 -26.911132254830992 586.50000000000011 -0.35253745712247353 235.50000000000003 0.017857161230173165 23.086683748634446 20.143894220962473 26.078289609735574 4150.0000000000009 332.50000000000006 -0.29166666529552926 0.41685000061988836 0.80577328676384108 350.50000000000006 0.032791285284690531 1257.0000000000002 0.2388500012457371
decision_type=2 2 2 2 2 2 2 2 2 2 2 2 2 2 2 2 2 2 2 2 2 2 2 2 2 2 2 2 2 2
left_child=1 -1 18 4 -4 -5 7 11 -9 10 -8 12 -6 -14 -11 -16 -7 25 19 20 21 -2 -23 -24 -25 26 -18 28 -28 -27
right_child=2 -3 3 5 6 16 9 8 -10 14 -12 -13 13 -15 15 -17 17 -19 -20 -21 -22 22 23 24 -26 29 27 -29 -30 -31
leaf_value=-0.00018407086599913749 -0.0016752712066928353 0.011032053962127886 0.0047652906078760812 0.0044963696181808781 0.011468947159371499 -0.00053489832764942854 -2.2926391473878373e-05 0.010462689918614484 -0.00084852294716408045 -0.0023260359919053844 -0.0054774661086650009 -0.0030667181208591031 -0.0024034703159268884 0.0051203718182339869 -0.0013725713364893149 0.0028142414318394903 -0.0011140560325153626 0.00032640865198143025 -0.0039344132100188863 0.0068562225736867972 0.0015373162735999742 -0.00018611532770029652 0.00011459750196247454 -0.0016507113236402437 2.2125742533140039e-05 0.0032434318463587567 0.0086628478461974814 -0.00067040153524262132 -0.00090462869856043409 -0.00059075644281390155
leaf_weight=129 334 71 100 100 136 73 66 370 89 383 84 182 106 67 60 351 289 407 90 115 127 1053 129 452 110 95 84 909 81 64
leaf_count=129 334 71 100 100 136 73 66 370 89 383 84 182 106 67 60 351 289 407 90 115 127 1053 129 452 110 95 84 909 81 64
internal_value=-0.00255551 0.00785366 -0.00288128 -0.00160449 0.00070035 -0.00378738 -0.000184308 0.00307853 0.00867457 -0.00346681 -0.0153548 -0.0021875 0.00300955 -0.00491573 -0.00113892 0.00378606 -0.00453413 -0.0038909 -0.00504348 -0.00448602 -0.00530543 -0.00601536 -0.00468268 -0.00859914 -0.0112346 -0.00573019 -0.00688231 -0.00460612 0.00761765 0.00405488
internal_weight=6706 200 6506 4096 1994 2102 1894 950 459 944 150 491 309 173 794 411 2002 1929 2410 2320 2205 2078 1744 691 562 1522 1363 1074 165 159
internal_count=6706 200 6506 4096 1994 2102 1894 950 459 944 150 491 309 173 794 411 2002 1929 2410 2320 2205 2078 1744 691 562 1522 1363 1074 165 159
is_linear=0
shrinkage=0.035


Tree=84
num_leaves=31
num_cat=0
split_feature=193 31 132 143 25 196 173 113 213 261 204 13 163 104 213 158 126 7 124 242 183 211 104 37 246 146 9 213 213 173
split_gain=18.6696 18.7513 16.6302 18.8542 18.6948 23.6466 15.3866 17.5614 21.5813 17.3307 32.2929 25.2661 33.0087 23.6825 35.47 25.7699 22.501 22.2529 22.1871 21.1227 20.7347 33.1134 29.6409 20.374 26.1882 21.8872 21.6264 23.3404 19.774 18.7053
threshold=-0.94852803202854263 -80.766156614173738 0.130050003528595 0.12700000405311587 -8.4226412929759498 -0.35687785046437587 0.90248211354403496 -2.7858082247284832 11.261311704505404 528.43750000000011 0.13963854751294988 54.63406317382681 -0.083649806583578165 3920.0000000000005 11.254724521505421 0.032299999147653587 480.00000000000006 -34.723931163695838 -1.6411873352198865 51.416496782084913 -0.009292899864611761 0.24757125607907918 6916.0000000000009 2.5891999006271367 0.53090340005068526 -0.76989529613695873 15.389002817827921 11.292472041839059 11.662155471924786 0.15588363893233323
decision_type=2 2 2 2 2 2 2 2 2 2 2 2 2 2 2 2 2 2 2 2 2 2 2 2 2 2 2 2 2 2
left_child=1 -1 -2 4 5 -4 9 -8 -9 10 13 12 -11 14 15 17 -16 18 -5 20 -14 22 -22 26 25 -25 -23 -28 -27 -15
right_child=2 -3 3 6 -6 -7 7 8 -10 11 -12 -13 19 29 16 -17 -18 -19 -20 -21 21 23 -24 24 -26 28 27 -29 -30 -31
leaf_value=-0.00017762838568916752 -0.00063919796824594597 0.010645932073453409 -0.00014349559028149775 0.0022139346859308428 -0.0012448979947852882 0.0042854015786337211 -0.0020034406274004658 -0.00032274810119003799 0.00058432356893337208 -0.0010127059378068383 0.0037271962736900761 -0.00094908417838940611 -0.0020750682930644362 -0.00048377082652849182 -0.0015709703334476821 0.0038383874914414448 0.0092617930745102616 -0.0016061855913499944 -0.0020782650951135422 0.0082885550244829569 -0.001939152228490995 0.01569080023649351 0.011686479412364103 -0.00065409686133139982 -0.00177237058247303 0.0033996283669744339 0.0032590474560061891 -0.00093338975253697291 -0.0005231055316542516 -0.0018831003426423661
leaf_weight=129 122 71 108 391 98 184 83 94 63 349 332 372 212 1268 75 88 205 288 212 70 82 60 173 152 376 100 134 201 67 547
leaf_count=129 122 71 108 391 98 184 83 94 63 349 332 372 212 1268 75 88 205 288 212 70 82 60 173 152 376 100 134 201 67 547
internal_value=-0.00255551 0.00785366 -0.00288128 -0.00262952 0.00478481 0.00919192 -0.00311552 -0.0117143 -0.00453704 -0.002747 -0.00114922 -0.00505737 -0.0034629 -0.00227347 0.00141218 -0.00174289 0.0122807 -0.00355469 0.000287829 -0.0013511 -0.00221831 -0.000596296 0.0106346 -0.00326027 -0.00685 0.000540123 0.0030625 -0.000514706 0.00915698 -0.00482692
internal_weight=6706 200 6506 6384 390 292 5994 240 157 5754 3406 2348 1976 3074 1259 979 280 891 603 1627 1557 1345 255 1090 695 319 395 335 167 1815
internal_count=6706 200 6506 6384 390 292 5994 240 157 5754 3406 2348 1976 3074 1259 979 280 891 603 1627 1557 1345 255 1090 695 319 395 335 167 1815
is_linear=0
shrinkage=0.035


Tree=85
num_leaves=31
num_cat=0
split_feature=193 31 172 103 244 22 212 132 22 49 150 199 49 274 203 246 203 183 49 49 242 193 53 49 93 137 233 148 93 203
split_gain=17.752 17.2083 15.2156 17.9806 18.9858 20.1949 15.4274 14.7401 16.3716 19.5433 19.2909 15.7099 14.4766 13.8136 20.8918 21.1368 20.3861 25.3448 20.1264 26.3806 24.3683 28.4939 22.2329 21.1949 18.0586 28.5954 17.0178 25.4149 17.6422 16.9843
threshold=-0.94852803202854263 -80.766156614173738 0.47760238500159918 5.9855999946594247 0.016850002110004429 0.14965000003576281 9.3539210854458972 0.130050003528595 0.12865000218153003 8528.5000000000018 0.027400009334087375 17.789787142449388 7038.5000000000009 -0.51162959655137963 -0.67763902358618588 -0.8044273006919046 -0.49082866852216195 -0.045633343638974276 10726.500000000002 8528.5000000000018 20.328076592953767 0.16691588658119763 -19.118976159713249 9157.5000000000018 8259.0000000000018 7846.0000000000009 6036.9499511718759 8387.5000000000018 2277.5000000000005 0.95914210874903316
decision_type=2 2 2 2 2 2 2 2 2 2 2 2 2 2 2 2 2 2 2 2 2 2 2 2 2 2 2 2 2 2
left_child=1 -1 3 7 -5 -6 12 -2 9 -9 -11 13 -4 14 15 -10 17 26 19 -18 -21 23 -23 -22 29 -26 27 28 -15 -20
right_child=2 -3 6 4 5 -7 -8 8 11 10 -12 -13 -14 16 -16 -17 18 -19 24 20 21 22 -24 -25 25 -27 -28 -29 -30 -31
leaf_value=-0.00017141139219004788 -0.00054452109090388648 0.01027332445088254 -0.0011483604951350052 -0.0033598830764481002 0.0035039948672144564 -0.0015133802049142814 -0.0028796479618476297 -0.00059009038734834213 1.1000858513210421e-06 -0.00065750582620147536 0.0030786956294839101 -0.0012118923362222512 -0.00015495334880897716 -0.00077072264620770665 0.0089052945465764831 -0.0026508299592967314 -0.00024572370179349673 0.010958602268541574 0.00082255437218402175 -0.00076979572607162392 0.010953508724803464 0.0071624190108367618 -0.0029442874503314764 -0.0047916021941829413 -0.0013766597832657846 -0.00024773547204882842 0.0049580907835242941 -0.0030726508986216312 0.010505847147255252 -0.00062295272119174269
leaf_weight=129 106 71 230 137 68 71 131 88 117 71 301 153 427 135 71 213 1620 142 235 138 76 461 65 115 363 495 133 164 114 66
leaf_count=129 106 71 230 137 68 71 131 88 117 71 301 153 427 135 71 213 1620 142 235 138 76 461 65 115 363 495 133 164 114 66
internal_value=-0.00263895 0.0075122 -0.00295654 -0.00232396 -0.0109609 -0.00170139 -0.00750315 -0.00187626 -0.00161206 0.00466667 0.00816976 -0.00220856 -0.00523414 -0.00184327 -0.00801724 -0.0117015 -0.00126184 0.00424242 -0.00230833 -0.000522177 0.00443605 0.00702909 0.0112053 -0.00446429 -0.00610395 -0.00867903 0.00076225 -0.00276316 0.00427165 0.00125817
internal_weight=6706 200 6506 5718 276 139 788 5442 5336 460 372 4876 657 4723 401 330 4322 688 3634 2475 855 717 526 191 1159 858 546 413 249 301
internal_count=6706 200 6506 5718 276 139 788 5442 5336 460 372 4876 657 4723 401 330 4322 688 3634 2475 855 717 526 191 1159 858 546 413 249 301
is_linear=0
shrinkage=0.035


Tree=86
num_leaves=31
num_cat=0
split_feature=193 100 132 172 212 92 140 267 13 2 13 246 92 222 191 27 143 213 104 38 202 137 213 49 10 122 173 140 177 93
split_gain=16.4707 17.9082 15.1166 15.3424 15.1398 14.9431 16.3112 18.3176 16.3513 17.4282 19.506 16.4297 16.2781 14.5728 19.5961 18.8466 32.0427 29.8636 18.1055 21.7964 20.0251 18.8678 22.2646 25.7216 26.5075 19.6739 17.85 16.5794 19.1917 27.9543
threshold=-0.94852803202854263 31.983128264672047 0.130050003528595 0.47760238500159918 9.3539210854458972 5.9853501319885263 642.50000000000011 0.97481670383259289 116.67697153521286 636.77502441406261 14.751036886260241 -0.85773807133473134 3.8071500062942509 17.315266890285169 0.17017500102519992 6806.5000000000009 0.41814999282360082 11.101168102054233 354.00000000000006 2048.5000000000005 -0.92300956484739738 16920.500000000004 11.632134046089368 8528.5000000000018 86.148643156204386 31.778241438692195 0.31790979714599565 606.50000000000011 -0.0020939455772061126 2112.0000000000005
decision_type=2 2 2 2 2 2 2 2 2 2 2 2 2 2 2 2 2 2 2 2 2 2 2 2 2 2 2 2 2 2
left_child=1 -1 -2 5 -5 6 8 -8 9 10 -4 -12 -10 18 -15 17 -17 26 -13 -20 -21 22 23 27 -25 -24 -16 28 -22 -30
right_child=2 -3 3 4 -6 -7 7 -9 12 -11 11 13 -14 14 15 16 -18 -19 19 20 21 -23 25 24 -26 -27 -28 -29 29 -31
leaf_value=0.0084036697370633434 -0.00059776780117570209 -0.00068217117922183049 0.0046472924504465801 -0.00047531295304861478 -0.0027773503486253634 -0.0016780086636980047 0.0031416592146404775 -0.00021671438775627225 0.0033118860266875064 -0.0017037170222082513 0.0080542760979659799 -0.00046865460160307296 -0.0053634784680159494 0.0091068303876658627 -0.004664888663026224 -0.00080031367625349546 0.0087489440232768959 0.009995407585441032 0.0019082435079013861 0.0026781591739040095 -0.0018958684142275119 0.0037968998028734481 -0.0007589602695179965 0.0014120496451702628 -0.00094469432244914783 0.00021150874916537777 0.0027381292028003821 -0.0016918837643843173 -0.0029489452174774177 0.0016501834968194198
leaf_weight=87 122 113 96 648 126 273 219 128 60 128 100 242 139 133 142 800 82 167 182 206 358 103 395 663 253 99 103 160 80 299
leaf_count=87 122 113 96 648 126 273 219 128 60 128 100 242 139 133 142 800 82 167 182 206 358 103 395 663 253 99 103 160 80 299
internal_value=-0.00260766 0.00717073 -0.00291353 -0.00267334 -0.00727856 -0.00203206 -0.00161831 0.00566761 -0.00213013 -0.00171497 -0.00135711 -0.00169182 -0.0118382 -0.0020114 0.00090433 -0.000431101 -0.00331454 0.00570743 -0.00337931 -0.00257224 -0.00339184 -0.00428986 -0.00495026 -0.00313806 0.000988056 -0.011503 -0.0021 -0.0073337 -0.00504717 0.000455729
internal_weight=6706 200 6506 6384 774 5610 5337 347 4990 4791 4663 4567 199 4467 1427 1294 882 412 3040 2798 2616 2410 2307 1813 916 494 245 897 737 379
internal_count=6706 200 6506 6384 774 5610 5337 347 4990 4791 4663 4567 199 4467 1427 1294 882 412 3040 2798 2616 2410 2307 1813 916 494 245 897 737 379
is_linear=0
shrinkage=0.035


Tree=87
num_leaves=31
num_cat=0
split_feature=193 100 170 57 38 104 274 203 104 246 72 91 193 274 41 60 222 13 115 71 196 132 174 27 261 92 274 60 246 71
split_gain=16.5757 17.9082 14.6518 18.8919 19.4073 20.3557 16.4388 15.8618 34.4824 27.417 27.1905 20.7038 18.3021 32.2258 22.4632 19.5213 27.6322 27.6322 26.073 22.7627 22.3154 21.4741 19.2829 18.5069 19.8983 16.8618 16.7295 15.9056 15.7436 26.4267
threshold=-0.94852803202854263 31.983128264672047 0.0060000009834766397 0.02830258774000927 3826.5000000000005 8877.5000000000018 -0.60203079405319937 -0.49082866852216195 15425.500000000002 -0.35388688484212488 652.50000000000011 -3.2536979596926243 0.35736564446904923 0.27540173834192244 542.50000000000011 12490.000000000002 27.677190947227427 28.638251177797525 6527.5000000000009 12982.000000000002 0.10091574168947638 0.25605000555515295 -0.083333333462835127 20723.000000000004 575.17999267578136 5.1642000675201425 -0.080757063809507368 10570.500000000002 0.55146946316908652 6941.0000000000009
decision_type=2 2 2 2 2 2 2 2 2 2 2 2 2 2 2 2 2 2 2 2 2 2 2 2 2 2 2 2 2 2
left_child=1 -1 3 4 -2 -6 -4 8 9 10 -8 -11 15 28 -15 16 17 -9 25 -20 21 27 -23 24 -16 -17 -22 -19 29 -14
right_child=2 -3 6 -5 5 -7 7 12 -10 11 -12 -13 13 14 23 18 -18 20 19 -21 26 22 -24 -25 -26 -27 -28 -29 -30 -31
leaf_value=0.0081095412962661276 -0.0024501353124781479 -0.00065829518794906705 -0.002354106558329119 -0.0011649853536615446 0.0031600245688928534 -0.00076150741949695196 0.0071494412559443199 -0.0010508255542783218 -0.0024334573833196108 0.010539473709835533 -0.0020323266686121865 0.0027029382191515764 -0.00033241630407486624 0.0065686007499116518 -0.00044485388610765041 0.00061709662555150505 -0.0043949104242416055 0.0065338674152124326 -0.00044268637982922414 0.00060011822435664629 0.0069397453241263479 -0.0033346697041795807 0.00044262220916064913 0.0034271992530491022 0.0030317011421280601 0.019143785339837051 -0.0021464110775939902 -0.00081382914774351649 -0.00020918411135171518 0.0070453288333478603
leaf_weight=87 96 113 194 209 158 126 117 325 134 159 246 183 228 82 1687 73 248 260 102 106 79 114 199 82 75 60 317 68 354 425
leaf_count=87 96 113 194 209 158 126 117 325 134 159 246 183 228 82 1687 73 248 260 102 106 79 114 199 82 75 60 317 68 354 425
internal_value=-0.00263895 0.00717073 -0.00294578 -0.00819024 -0.00345455 0.00121107 -0.00241726 -0.0020714 0.00236374 0.00547183 -0.00123641 0.0125072 -0.00283494 -0.00108407 -0.00373382 -0.00545757 -0.00706502 -0.0050695 0.00212428 -0.00558685 -0.00225048 0.00178793 -0.0047327 -0.004543 -0.00530843 0.0139493 -0.00872818 0.00798799 0.00397727 0.00718085
internal_weight=6706 200 6506 589 380 284 5917 5723 839 705 363 342 4884 2933 1926 1951 1610 1362 341 208 1037 641 313 1844 1762 133 396 328 1007 653
internal_count=6706 200 6506 589 380 284 5917 5723 839 705 363 342 4884 2933 1926 1951 1610 1362 341 208 1037 641 313 1844 1762 133 396 328 1007 653
is_linear=0
shrinkage=0.035


Tree=88
num_leaves=31
num_cat=0
split_feature=172 85 30 193 179 111 49 49 219 27 225 92 38 23 203 150 27 205 163 274 270 175 71 104 218 49 49 213 82 104
split_gain=15.1673 15.3656 22.0557 22.3568 13.3029 24.8768 17.6209 30.6136 23.4694 34.6517 22.1595 37.2252 22.5037 21.4533 23.8767 23.1066 19.1766 18.7313 19.9144 18.644 20.5871 17.8825 28.1549 17.3323 17.3124 16.9455 18.3893 16.4789 27.6989 16.3613
threshold=0.6701522396567744 518.50000000000011 520.50000000000011 -0.94852803202854263 18.199770614258991 33.041392771827617 8528.5000000000018 9243.5000000000018 -30.265852025707435 8576.5000000000018 0.17148875316506632 4.9778499603271493 5304.0000000000009 2.3021171671438272 -0.37449231151133194 0.027400009334087375 6336.0000000000009 0.019517080787625395 -0.12926271525615135 0.14324740549709222 121.12455309057363 0.020298475849947432 12560.000000000002 15758.000000000002 12.363421542557422 9863.0000000000018 10199.500000000002 11.076859341274185 2321.5000000000005 2439.0000000000005
decision_type=2 2 2 2 2 2 2 2 2 2 2 2 2 2 2 2 2 2 2 2 2 2 2 2 2 2 2 2 2 2
left_child=1 -1 -3 -4 6 -6 10 8 -8 -10 11 12 -5 15 23 -9 -16 18 -12 20 -14 25 24 -15 -23 -18 -27 28 -20 -21
right_child=-2 2 3 4 5 -7 7 13 9 -11 17 -13 19 14 16 -17 21 -19 27 29 -22 22 -24 -25 -26 26 -28 -29 -30 -31
leaf_value=-0.0066475819648676897 -0.0011749687453093943 0.011319791944990358 0.0071415228113033023 -0.00071186299049120247 -0.0010757457058210697 0.0020092988911631737 0.010464752025026518 -0.0012938311037865578 0.007880759829132316 -0.0012218851698807813 -0.0012473571338557216 -0.0014286004525690507 0.0071567817421014472 0.0057277018930131538 0.0011450747058842808 0.0010079190866666575 -0.0045796734816791066 -0.0018329927757648858 0.0014604117547213022 0.0011424743686957036 -0.00056940283757729918 -0.00024593087461686092 -0.0022551482774226866 -0.0017647672371154145 0.010743137962616027 0.0021703538166553305 -0.0011569640393107353 0.0063558869168460199 -0.0048433250469335784 -0.0020422652784309841
leaf_weight=82 260 70 168 760 553 113 208 162 85 120 150 709 265 221 146 826 104 97 60 149 113 96 126 81 86 61 430 169 65 171
leaf_count=82 260 70 168 760 553 113 208 162 85 120 150 709 265 221 146 826 104 97 60 149 113 96 126 81 86 61 430 169 65 171
internal_value=-0.00261809 -0.00227872 -0.00207725 -0.00230037 -0.00264883 -0.00730253 -0.00207502 -0.00010156 0.0086244 0.000166667 -0.00407667 -0.00565608 -0.00244019 -0.00165742 -0.00451696 0.00225579 -0.00700664 0.00224359 0.00530067 0.00209104 0.0073107 -0.00890419 -0.00201278 0.00410423 0.00673797 -0.012425 -0.00952621 0.0105351 0.000807692 -0.00409231
internal_weight=6706 6446 6364 6294 6126 666 5460 2752 413 205 2708 2167 1458 2339 1351 988 1049 541 444 698 378 903 308 302 182 595 491 294 125 320
internal_count=6706 6446 6364 6294 6126 666 5460 2752 413 205 2708 2167 1458 2339 1351 988 1049 541 444 698 378 903 308 302 182 595 491 294 125 320
is_linear=0
shrinkage=0.035


Tree=89
num_leaves=31
num_cat=0
split_feature=115 83 72 102 163 157 68 13 173 137 65 173 288 159 183 175 261 150 38 91 270 82 203 195 76 114 236 159 71 163
split_gain=14.5134 13.8962 15.1622 16.6012 13.9008 13.8009 13.1738 15.5729 16.3815 24.2963 18.7512 14.4525 15.7914 15.3572 14.2074 15.2999 17.7872 15.6272 14.1184 24.635 28.3968 23.7635 23.2565 15.0791 13.8925 13.7634 14.0723 13.4918 18.3576 17.4935
threshold=25649.000000000004 161.50000000000003 2450.5000000000005 -3.4180906746879316 0.93532954753437703 -0.15364445261640483 0.050031260211592592 14.751036886260241 0.44199484593126637 4411.0000000000009 0.40324999392032629 0.46878633408693915 1.0000000180025095e-35 17.433972290708798 0.27901294637805729 0.019845536936883092 529.92498779296886 0.03420000150799752 4039.0000000000005 -3.3084432470754215 62.108146695517704 12437.000000000002 -0.49082866852216195 0.014072924493319112 0.29275000095367437 4.651750087738038 -1.5033863182289939 15.463060465303599 6941.0000000000009 0.18561500742031697
decision_type=2 2 2 2 2 2 2 2 2 2 2 2 2 2 2 2 2 2 2 2 2 2 2 2 2 2 2 2 2 2
left_child=1 -1 4 -4 5 -3 7 -7 9 18 27 -10 13 14 -13 16 -16 -17 25 20 22 23 -20 -22 -19 26 -9 29 -29 -11
right_child=-2 2 3 -5 -6 6 -8 8 11 10 -12 12 -14 -15 15 17 -18 24 19 -21 21 -23 -24 -25 -26 -27 -28 28 -30 -31
leaf_value=-0.0013354043830335115 -0.0010366990132052696 0.0012606438776881707 -0.0023242464519798571 -0.00015827881567007291 -0.00041462429333186563 0.0021860984470713977 -0.00099388673506333033 -0.0047114055276006109 0.0050064665743225021 0.00065792756524364984 0.00030630633221467033 0.0082247861537531781 -0.0013040709040370991 0.0083256885115272246 -6.554109479427806e-05 -0.0023116772820484335 -0.0017087454878209831 -0.00040436879542669061 0.0035748895688469543 -0.00061658393217134291 0.010968706376624955 -0.0008197120467549763 -0.0023758048010952592 0.0024365948117294881 0.0020385057126055687 0.001655109900548945 -0.0013284040130728 -0.002987840397992454 -0.00051560035222320813 -0.00092565371388541272
leaf_weight=306 101 311 262 328 163 109 79 152 105 174 203 73 123 107 375 65 139 87 94 835 332 126 123 190 316 112 160 216 820 120
leaf_count=306 101 311 262 328 163 109 79 152 105 174 203 73 123 107 375 65 139 87 94 835 332 126 123 190 316 112 160 216 820 120
internal_value=-0.00265981 -0.00245159 -0.00209312 -0.00741176 -0.00153745 -0.00123581 -0.00166317 -0.00143771 -0.00172506 -0.0029533 -0.00630364 0.00150538 0.00046124 0.0017395 0.000429245 -0.00070922 -0.00485549 0.00384778 -0.000526069 0.000903226 0.00502874 0.008683 -0.00583333 0.0119545 0.00643382 -0.00620047 -0.00993691 -0.00781273 -0.009683 -0.00117057
internal_weight=6706 6605 6299 590 5709 5546 5235 5156 5047 3657 1533 1390 1285 1162 1055 982 514 468 2124 1700 865 648 217 522 403 424 312 1330 1036 294
internal_count=6706 6605 6299 590 5709 5546 5235 5156 5047 3657 1533 1390 1285 1162 1055 982 514 468 2124 1700 865 648 217 522 403 424 312 1330 1036 294
is_linear=0
shrinkage=0.035


Tree=90
num_leaves=31
num_cat=0
split_feature=115 72 101 151 143 11 153 49 49 49 45 19 71 215 148 208 153 31 104 59 224 163 126 38 287 268 238 153 83 93
split_gain=14.4054 12.3008 16.7869 12.3311 17.9829 17.1004 22.0705 14.1145 22.3041 35.6917 25.4518 25.4325 31.7114 20.0738 19.0444 19.2275 17.5116 16.6534 22.5992 15.108 27.8656 19.0757 24.6335 18.5855 18.8524 25.7651 19.7628 17.5167 15.566 15.0291
threshold=27848.000000000004 2450.5000000000005 0.013745853277796706 0.12494999915361406 0.12700000405311587 64.060644484812187 0.48417796603276009 12605.500000000002 8799.5000000000018 9106.5000000000018 5.0660232647713954 580.50000000000011 7374.0000000000009 -0.033700000494718545 14524.500000000002 -0.067200005054473863 -0.13292699476061012 -47.310670434669291 9022.0000000000018 4.0298500061035165 0.77682156110474621 0.070664083488602467 8070.0000000000009 22146.500000000004 1.0000000180025095e-35 3.3551461383118935 19.865699092301849 0.12679806610035951 457.50000000000006 8136.5000000000009
decision_type=2 2 2 2 2 2 2 2 2 2 2 2 2 2 2 2 2 2 2 2 2 2 2 2 2 2 2 2 2 2
left_child=1 3 -3 -1 5 6 -5 8 19 10 -10 -11 -13 14 15 -9 -14 18 -18 23 21 22 28 24 26 29 -6 -22 -21 -26
right_child=-2 2 -4 4 7 -7 -8 13 9 11 -12 12 16 -15 -16 -17 17 -19 -20 20 27 -23 -24 -25 25 -27 -28 -29 -30 -31
leaf_value=-0.00039689651313486564 -0.0015681656367504118 -0.00018017093868493762 -0.0020498970257269229 0.0008754710462350999 -0.00058432330499212789 0.0067975971763981858 -0.0026739661121788112 0.0025120831470935392 -0.00034592087870441034 -0.0056350874097350059 0.013151384598193094 0.011975513159136378 -0.0014467404969624894 -0.0016552121772447099 0.0092887157634031579 -0.0004787383140557761 -0.00098601769119903383 0.0014503912393019488 0.0027478737127820969 -0.0026065251558442643 -0.0053378331014118903 0.0019145203899470135 0.001500297582879625 0.0054351323747707063 0.00030142732490308024 -0.0004219752473636807 0.0049268137967772574 -0.00042393777466012808 -0.00093534382317192477 0.0095186477024127528
leaf_weight=122 73 366 226 196 1444 80 60 75 70 109 145 135 134 268 79 761 247 405 107 92 158 153 103 70 178 180 129 196 205 140
leaf_count=122 73 366 226 196 1444 80 60 75 70 109 145 135 134 268 79 761 247 405 107 92 158 153 103 70 178 180 129 196 205 140
internal_value=-0.00253464 -0.00235688 -0.00715243 -0.00188141 -0.00164838 0.00615836 0.0016092 -0.0021233 -0.00120772 0.00252763 0.0154318 3.0648e-05 0.00176186 -0.00550926 -0.00300543 -0.00457788 -0.000662584 0.00142016 -0.00409471 -0.00286603 -0.00663925 -0.00169355 -0.0057037 -0.00125582 -0.00187139 0.00403579 -0.00374842 -0.014234 -0.0107781 0.00996904
internal_weight=6706 6633 592 6041 5919 336 256 5583 4400 1352 215 1137 1028 1183 915 836 893 759 354 3048 907 553 400 2141 2071 498 1573 354 297 318
internal_count=6706 6633 592 6041 5919 336 256 5583 4400 1352 215 1137 1028 1183 915 836 893 759 354 3048 907 553 400 2141 2071 498 1573 354 297 318
is_linear=0
shrinkage=0.035


Tree=91
num_leaves=31
num_cat=0
split_feature=172 83 138 60 93 52 89 91 27 173 23 261 13 115 137 268 242 99 27 274 148 154 27 211 27 233 77 27 27 6
split_gain=11.8501 12.5397 13.3481 17.9113 13.4547 19.3489 39.072 25.2901 20.0873 19.7669 16.2327 21.5436 13.7875 12.5038 12.0498 11.7054 11.0577 21.525 20.3095 20.0351 18.388 14.0029 15.4647 15.2974 13.6056 12.9722 12.5632 22.2893 18.3178 19.3866
threshold=0.6701522396567744 137.00000000000003 2.5000000000000004 3473.5000000000005 12524.500000000002 628.50000000000011 9.6328569823446291 -3.4712745787226287 14447.500000000002 0.22640632769065688 1.258512978477822 539.22497558593761 24.689796761023644 4285.0000000000009 16348.500000000002 4.1132353381578843 83.954714701396526 0.22320000082254413 4688.5000000000009 -0.75710196332420343 7558.0000000000009 -0.016129016750685208 11468.000000000002 -0.31165718862533182 14268.500000000002 5508.5749511718759 0.1901500001549721 17388.500000000004 12157.500000000002 -10.521866703684713
decision_type=2 2 2 2 2 2 2 2 2 2 2 2 2 2 2 2 2 2 2 2 2 2 2 2 2 2 2 2 2 2
left_child=1 -1 3 13 10 7 -7 12 -8 -9 11 -4 -6 -3 16 -13 19 -18 20 -12 -19 23 -23 -21 -24 -25 27 28 -27 -30
right_child=-2 2 4 -5 5 6 8 9 -10 -11 14 15 -14 -15 -16 -17 17 18 -20 21 -22 22 24 25 -26 26 -28 -29 29 -31
leaf_value=-0.0013889116721627092 -0.0010951578057608032 -0.0028192350837703893 0.015004779844622779 0.0028428855360212936 -0.00050565185532296174 0.0089125132533386976 -0.0027143482208624716 -0.00046413009564528487 0.0022464874103248623 0.00021685466738757822 -0.0035695628124421844 0.00022888802865872923 -0.001666196746614458 0.000944351560546514 0.00039707909622148987 -0.001397939418218045 0.0095653032975802233 0.0051815412346590175 -0.0020186935361532284 -0.0014559463876987514 -0.0017597402542811338 -7.4940125309503765e-05 0.010885479792007784 0.012933345111636759 -2.228474791862001e-05 -0.00015423542440054256 -0.00052154035346370809 -0.0031226570531588992 0.019360971257596813 0.0002775610770777242
leaf_weight=124 260 89 68 433 67 119 171 160 98 208 81 108 289 61 125 68 111 218 260 210 63 674 88 63 75 556 1569 85 75 130
leaf_count=124 260 89 68 433 67 119 171 160 98 208 81 108 289 61 125 68 111 218 260 210 63 674 88 63 75 556 1569 85 75 130
internal_value=-0.00251378 -0.00221361 -0.00199147 0.00303571 -0.00250435 -0.00595345 0.000356234 -0.00931413 -0.00702555 -0.00281501 -0.00166991 0.00702811 -0.0159003 -0.00722581 -0.00216158 0.00038674 -0.00247947 0.00170472 -0.00121795 -0.00323733 0.00526224 -0.00282578 0.00112233 -0.00405496 0.010625 -0.00327024 -0.00368802 -0.000246769 0.0016906 0.0105
internal_weight=6706 6446 6322 583 5739 1112 388 724 269 368 4627 244 356 150 4383 176 4258 652 541 3606 281 3525 837 2688 163 2478 2415 846 761 205
internal_count=6706 6446 6322 583 5739 1112 388 724 269 368 4627 244 356 150 4383 176 4258 652 541 3606 281 3525 837 2688 163 2478 2415 846 761 205
is_linear=0
shrinkage=0.035


Tree=92
num_leaves=31
num_cat=0
split_feature=157 183 49 193 200 126 163 224 148 60 173 93 164 82 16 126 163 173 173 166 163 282 32 193 270 71 71 256 79 71
split_gain=11.2947 12.6485 14.1712 12.5927 18.073 13.532 19.2016 27.7316 18.4732 18.4862 15.9267 13.711 13.8864 13.0184 12.9843 12.1438 14.8499 13.5661 21.6952 24.5608 17.8103 17.0984 16.9088 17.3974 20.4627 16.0175 33.9189 29.2295 21.3573 22.0819
threshold=-0.15364445261640483 0.66528897280922583 13978.000000000002 -0.94852803202854263 0.0074499845504760751 10194.500000000002 -0.43400496414287842 -0.74204532347694652 7340.5000000000009 11837.500000000002 0.29920685559578336 6075.5000000000009 -0.099999991476684286 18999.500000000004 19.647290247389872 9044.5000000000018 0.25336438602213324 0.44199484593126637 0.34116566643308593 -1.4151650888248273 0.46894011923253798 1.0000000180025095e-35 0.13145000487565997 0.64552267532797181 57.505398241000655 6941.0000000000009 7151.0000000000009 32.661262491617585 0.01075298865013612 6437.0000000000009
decision_type=2 2 2 2 2 2 2 2 2 2 2 2 2 2 2 2 2 2 2 2 2 2 2 2 2 2 2 2 2 2
left_child=1 2 -1 4 -2 13 -7 11 10 -10 -9 -8 -13 14 15 17 -17 18 25 -20 22 -22 -19 -24 -25 27 -27 -5 -29 -30
right_child=3 -3 -4 5 -6 6 7 8 9 -11 -12 12 -14 -15 -16 16 -18 20 19 -21 21 -23 23 24 -26 26 -28 28 29 -31
leaf_value=0.00019770787540242593 0.008416555374491385 -0.0005720835994827238 0.010283959507114844 -0.002827341578602662 -0.0028391311591172445 -0.0017709510543348777 0.005408244637871186 0.00035001200081719312 -0.0052726137777163737 -0.0011747707508717562 -0.00096897016928903449 0.00018626295377596608 -0.0007267730317366528 0.0031644625943040836 0.0016879558180980163 -7.5184798105851769e-05 0.012026558137449636 0.0043160367310370899 0.00074476762672934856 -0.0028246016458876744 -8.1467692807498393e-05 -0.00072933133512542736 -0.00065079445774911368 -0.001008909820814441 0.0098743136969863723 0.02671124666703412 -0.0002152525126663957 -0.0029570067278641169 8.2274184322091165e-05 -0.0022930605321651808
leaf_weight=172 133 127 79 109 66 114 81 101 126 100 60 66 64 112 272 103 62 136 61 373 757 268 228 76 170 62 1515 358 674 81
leaf_count=172 133 127 79 109 66 114 81 101 126 100 60 66 64 112 272 103 62 136 61 373 757 268 228 76 170 62 1515 358 674 81
internal_value=-0.00255551 0.00328982 0.00779297 -0.002907 0.00566176 -0.0031896 -0.00771269 -0.00510779 -0.010625 -0.0169697 -0.0014759 0.00502315 -0.00207407 -0.00258853 -0.00284087 -0.00324434 0.00597059 -0.00356249 -0.00487492 -0.0121185 -0.000960366 -0.00377184 0.0037561 0.000584551 0.00697211 -0.00373217 -0.00139381 -0.00673187 -0.00497764 -0.00161184
internal_weight=6706 378 251 6328 199 6129 712 598 387 226 161 211 130 5417 5305 5033 165 4868 3233 434 1635 1025 610 474 246 2799 1577 1222 1113 755
internal_count=6706 378 251 6328 199 6129 712 598 387 226 161 211 130 5417 5305 5033 165 4868 3233 434 1635 1025 610 474 246 2799 1577 1222 1113 755
is_linear=0
shrinkage=0.035


Tree=93
num_leaves=31
num_cat=0
split_feature=71 246 30 274 203 203 122 202 148 148 191 85 88 148 30 261 224 7 80 224 115 49 11 30 274 244 271 82 11 247
split_gain=11.5085 22.0159 16.7695 15.7857 24.6155 16.2233 24.6302 19.1073 16.6447 18.4836 13.7222 44.7646 30.4637 25.21 25.1719 23.3948 24.3712 21.3699 24.7248 21.3693 17.7644 30.2204 21.3564 21.2413 19.5335 23.281 17.6875 17.448 23.7786 25.4879
threshold=419.50000000000006 -0.85773807133473134 521.50000000000011 -0.51162959655137963 -0.67763902358618588 -0.49082866852216195 20.572261911330799 -0.89620009619532182 8255.0000000000018 13270.500000000002 0.27117500454187399 588.50000000000011 0.23200000077486041 2517.0000000000005 581.50000000000011 521.41000366210949 0.92591968058518115 -36.086270920563976 -4.5919265958472488 0.40609452184970951 6064.5000000000009 7130.5000000000009 108.11907219404925 604.50000000000011 -0.23305791644266222 0.0058000050485134133 6.5673121844969211 6941.5000000000009 66.793677746413607 600.83502197265636
decision_type=2 2 2 2 2 2 2 2 2 2 2 2 2 2 2 2 2 2 2 2 2 2 2 2 2 2 2 2 2 2
left_child=-1 -2 -3 4 -4 6 -5 -8 -9 -10 12 17 14 -14 -7 16 -16 18 -12 -15 21 -17 24 -24 -22 -26 -23 -27 29 -29
right_child=1 2 3 5 -6 10 7 8 9 -11 11 -13 13 19 15 20 -18 -19 -20 -21 22 26 23 -25 25 27 -28 28 -30 -31
leaf_value=-0.0048240691384497918 0.0083188235575139616 0.007938858367865332 -0.0014581811510918123 0.0061681522638483586 0.0086648075807086566 -0.0015180334792548663 0.0069783760858739188 0.0009110942569521258 -0.0036976330264515793 5.2040788530114959e-05 0.0040399090534009767 -0.0023767739264024769 0.0076852879342386221 0.001395790058903917 -0.00079094045259459653 -0.0012936351121282449 0.0070807509343677492 -0.0012945739769773487 -0.0024048758406499814 -0.0039111539571958336 0.0058484868843069063 7.8944354414300934e-07 -0.0016548884795115455 -4.9736649850107292e-06 -0.0012148294368594984 2.049542749715635e-05 0.0093881266205953461 0.0094607440747305725 -0.0023956417758585419 -0.00043790200532848602
leaf_weight=113 163 102 295 166 96 126 110 324 148 118 330 335 204 63 150 103 238 288 228 63 125 89 231 117 294 1089 113 63 163 659
leaf_count=113 163 102 295 166 96 126 110 324 148 118 330 335 204 63 150 103 238 288 228 63 125 89 231 117 294 1089 113 63 163 659
internal_value=-0.00250335 -0.00230752 -0.00263248 -0.00286278 -0.00963384 -0.00240912 0.00200918 -0.000893617 -0.00341176 -0.0098155 -0.00316489 -0.0064629 -0.00215661 0.0079403 -0.00310238 -0.00252399 0.00552163 -0.00213866 0.00186501 -0.00427481 -0.00355621 0.00440323 -0.00444829 -0.0124929 -0.0032548 -0.00400352 0.0121739 -0.00261748 -0.00625281 -0.0034663
internal_weight=6706 6593 6430 6328 391 5937 866 700 590 266 5071 1181 3890 330 3560 3434 388 846 558 126 3046 305 2741 348 2393 2268 202 1974 885 722
internal_count=6706 6593 6430 6328 391 5937 866 700 590 266 5071 1181 3890 330 3560 3434 388 846 558 126 3046 305 2741 348 2393 2268 202 1974 885 722
is_linear=0
shrinkage=0.035


Tree=94
num_leaves=31
num_cat=0
split_feature=13 214 189 133 154 137 93 30 193 20 242 135 219 270 72 261 204 8 69 115 242 115 60 242 82 93 126 49 49 38
split_gain=12.9041 18.2505 12.0783 19.18 12.6432 12.2351 13.6422 20.3894 19.823 17.2136 13.7356 20.3821 11.8326 11.3286 17.0852 14.7667 23.4721 25.7727 30.9989 27.5114 26.1345 26.6183 25.1616 22.884 19.6373 19.6149 19.4055 19.3428 39.6851 24.1671
threshold=14.751036886260241 0.024400018155574802 18.377347478679269 59.250156436299328 -0.42105262731128373 98.500000000000014 1336.5000000000002 521.50000000000011 -0.813555762005579 62.607694959841979 83.225084705951673 -1.2310137260877612 -25.031932669953154 110.05648584427936 426.50000000000006 528.43750000000011 0.17064006968771281 -69.49998182619909 -5.2134035859298118 10388.500000000002 63.434591208337899 6073.0000000000009 3440.0000000000005 47.42556496878013 9904.5000000000018 5509.5000000000009 4962.5000000000009 8799.5000000000018 9400.0000000000018 1918.5000000000002
decision_type=2 2 2 2 2 2 2 2 2 2 2 2 2 2 2 2 2 2 2 2 2 2 2 2 2 2 2 2 2 2
left_child=1 -1 4 -4 12 -6 9 -8 -9 -7 -11 -12 -2 15 -15 16 17 18 23 -19 21 -20 -21 -10 -24 26 -25 29 -29 -17
right_child=2 -3 3 -5 5 6 7 8 13 10 11 -13 -14 14 -16 27 -18 19 20 22 -22 -23 24 25 -26 -27 -28 28 -30 -31
leaf_value=-0.00099107919163455367 0.013284820211068976 0.0070666998866098386 -0.0013375665549130447 0.0011702092362535464 0.011905139310656874 0.0029089355418787581 0.0094884805811289788 0.0070929355691789191 -0.0013061998766102072 -0.0028354001617627981 0.009977716829911323 -0.0013770131802793258 -0.0010364906956631763 0.00017748972831771071 -0.0010914763266019025 0.00096321629912355918 0.0047345451229140077 -0.00080597270376279735 0.010256526651195502 -0.00065323472685413172 -0.0038439984668983715 -0.0011854988940603261 0.011050748415237736 -0.0015465053902417977 -0.00046623576500710282 0.011966561973870457 0.01016717633949212 0.0078466224991976374 -0.00034491707731633853 -0.00069258366687543907
leaf_weight=91 72 71 323 74 82 103 70 118 104 153 64 170 60 166 419 71 117 952 106 113 309 77 140 137 66 179 74 211 1398 616
leaf_count=91 72 71 323 74 82 103 70 118 104 153 64 170 60 166 419 71 117 952 106 113 309 77 140 137 66 179 74 211 1398 616
internal_value=-0.00249292 0.00712575 -0.0027363 -0.0086194 -0.00234964 -0.00258721 -0.00277619 -0.0022678 -0.00251859 -0.00834343 -0.0116964 -0.00615063 0.00817518 -0.00284125 -0.00741525 -0.00226096 -0.000323665 -0.00112953 0.00310797 -0.00441614 -0.00309859 0.00726064 0.00442901 0.00925852 0.0116114 0.0131139 0.0056713 -0.00425902 -0.00214684 -0.00915462
internal_weight=6706 162 6544 397 6147 6015 5933 5443 5373 490 387 234 132 5255 585 4670 2374 2257 986 1271 492 183 319 494 206 390 211 2296 1609 687
internal_count=6706 162 6544 397 6147 6015 5933 5443 5373 490 387 234 132 5255 585 4670 2374 2257 986 1271 492 183 319 494 206 390 211 2296 1609 687
is_linear=0
shrinkage=0.035


Tree=95
num_leaves=31
num_cat=0
split_feature=13 214 151 143 173 59 261 204 274 27 82 135 271 219 233 4 173 11 8 27 33 4 129 223 21 223 183 111 195 13
split_gain=12.8763 15.7067 13.0071 20.9159 12.9667 17.7835 15.3915 24.2527 22.9259 20.3162 33.8456 26.1009 19.1446 25.6498 20.2883 19.5467 20.8143 19.0469 18.0556 17.6867 32.1679 21.2155 26.5209 20.0952 19.8533 19.2 17.7301 25.3473 16.5548 15.1941
threshold=14.751036886260241 0.024400018155574802 0.13507499918341639 0.12700000405311587 0.90248211354403496 3.9085000753402714 528.43750000000011 0.17064006968771281 0.85005108159133791 14107.500000000002 5908.5000000000009 -1.1770091067045489 15.84626762659062 -42.707841296549184 6131.4301757812509 5.7872859914231407 0.15703595696694347 58.024440911778576 -30.853808537030488 7162.5000000000009 0.32269999384880071 18.403960417973657 554.50000000000011 14.856704050734956 0.13904999941587451 12.05702950774012 -0.21214894242281732 24.06302637115391 0.0066984209823129203 64.498817757689224
decision_type=2 2 2 2 2 2 2 2 2 2 2 2 2 2 2 2 2 2 2 2 2 2 2 2 2 2 2 2 2 2
left_child=1 -1 -2 -4 6 -6 7 9 12 19 -11 -12 14 -14 15 16 18 -18 -8 20 23 22 -21 -5 -25 -24 -27 -28 -22 -26
right_child=2 -3 3 4 5 -7 8 -9 -10 10 11 -13 13 -15 -16 -17 17 -19 -20 21 28 -23 25 24 29 26 27 -29 -30 -31
leaf_value=-0.00095639141992734443 -0.00061108904939569813 0.0068193653905784931 0.0025021799771394533 0.0081698500383387534 -0.0012246397690353942 7.458355164262687e-05 -0.0013514615430065555 0.0078824813323233375 0.0040705185400397095 0.0091352124339793232 0.0078159292188963083 -0.00293330237855257 -0.0011053327999266407 0.0099739132119650246 -0.0003214277699962323 -0.0015587657112975746 0.0025160594478590395 -0.00031190628049169945 0.00010587753287893854 0.010138465067473785 -0.004259256538223663 -0.0040279932782085991 -0.00090719292002576068 -0.0018115935527777023 0.011256761815743905 0.0076884446252152138 0.0053072838527913942 -0.0015948073977382362 -0.00041509677935989259 -0.0005292756567075236
leaf_weight=91 248 71 196 274 156 75 206 147 64 210 60 141 83 108 1246 159 120 227 61 65 105 259 631 80 66 128 64 247 1057 61
leaf_count=91 248 71 196 274 156 75 206 147 64 210 60 141 83 108 1246 159 120 227 61 65 105 259 631 80 66 128 64 247 1057 61
internal_value=-0.00248249 0.00712575 -0.00272561 -0.00241073 -0.00277477 -0.0108263 -0.00244893 -0.00102083 -0.00469943 -0.00162178 0.00563702 -0.00458738 -0.00530926 0.00517857 -0.00631176 -0.0107519 -0.00780291 -0.00208807 -0.0150551 -0.00261177 -0.000148665 -0.00550393 -0.00340789 0.0074177 -0.000825472 -0.00475349 0.000867117 -0.00365506 -0.00329906 0.00768939
internal_weight=6706 162 6544 6296 6100 231 5869 3595 2274 3448 411 201 2210 191 2019 773 614 347 267 3037 1643 1394 1135 481 207 1070 439 311 1162 127
internal_count=6706 162 6544 6296 6100 231 5869 3595 2274 3448 411 201 2210 191 2019 773 614 347 267 3037 1643 1394 1135 481 207 1070 439 311 1162 127
is_linear=0
shrinkage=0.035


Tree=96
num_leaves=31
num_cat=0
split_feature=13 214 193 101 244 271 27 65 137 211 31 224 213 10 14 104 23 69 268 132 213 102 153 33 261 261 178 6 17 170
split_gain=13.1556 13.3514 12.8487 15.4986 12.4095 14.7913 20.4702 21.2924 16.0388 19.8633 18.4148 24.8547 25.7738 22.4539 21.6359 22.1587 17.7044 15.1385 14.5724 13.8966 17.7254 25.459 15.0928 18.3535 29.1568 16.9096 15.2097 12.9243 12.745 18.3598
threshold=14.751036886260241 0.024400018155574802 -0.94852803202854263 0.0092307821068139759 0.007700003683567048 6.5673121844969211 23003.000000000004 0.27095000445842748 14715.000000000002 0.81127652925306515 -49.044673630389553 -0.99999999998025102 11.680518227408671 41.794668148841431 0.49466452763047292 9480.5000000000018 2.0930394655615259 -5.3727530723838832 31.845781267908496 0.4759999960660935 10.792910061552346 -3.3346604425093842 0.56722669099529244 0.27854999899864202 527.61999511718761 516.77999877929699 0.061450004577636726 -11.145039461544171 5.9006631067426438 0.0063499957323074349
decision_type=2 2 2 2 2 2 2 2 2 2 2 2 2 2 2 2 2 2 2 2 2 2 2 2 2 2 2 2 2 2
left_child=1 -1 3 -2 18 19 7 -7 9 10 14 -12 13 -13 15 -9 -10 -16 28 20 21 -6 23 24 25 -22 -26 -28 29 -4
right_child=2 -3 4 -5 5 6 -8 8 16 -11 11 12 -14 -15 17 -17 -18 -19 -20 -21 22 -23 -24 -25 26 -27 27 -29 -30 -31
leaf_value=-0.00092291772022988841 0.010509597313764394 0.0065806876019082463 -0.0012747459277061999 -0.00128270871848722 -0.001243173230204987 0.0059066960608188121 -0.0025803372742589032 -0.00091165529298388903 -0.00074845429613602191 -0.0009232474318288243 -0.002280075967181727 0.011791559285880845 -0.00091739608833804533 0.00052968322578471599 0.01021749804245287 0.0011949022827386097 0.0054203426443586791 0.0002202546185854554 0.0052049957630855735 0.0011082991111761977 -0.001368844263587899 0.011714492867182916 9.5828605602887043e-05 -0.0021432066559445928 -0.00075956727467467911 0.0058965711678424029 0.0025814713546034132 -0.00092393690797894679 -0.0011875062941472416 -0.00014277544352884282
leaf_weight=91 109 71 342 91 61 125 102 1249 60 125 71 186 136 344 60 237 107 82 67 163 63 68 212 443 791 164 123 84 305 574
leaf_count=91 109 71 342 91 61 125 102 1249 60 125 71 186 136 344 60 237 107 82 67 163 63 68 212 443 791 164 123 84 305 574
internal_value=-0.0025868 0.00712575 -0.00283249 0.00580488 -0.00310915 -0.00232365 -0.000678435 -0.000100466 -0.000775733 -0.00148697 -0.000753165 0.00382075 0.00594635 0.00942056 -0.00282915 -0.00408451 0.00956395 0.01 -0.00617169 -0.00450161 -0.0053004 0.00705224 -0.00616446 -0.00728033 -0.00503659 0.00618534 -0.00760718 0.000825472 -0.00705139 -0.00494028
internal_weight=6706 162 6544 200 6344 5056 2884 2782 2657 2490 2365 737 666 530 1628 1486 167 142 1288 2172 2009 129 1880 1668 1225 227 998 207 1221 916
internal_count=6706 162 6544 200 6344 5056 2884 2782 2657 2490 2365 737 666 530 1628 1486 167 142 1288 2172 2009 129 1880 1668 1225 227 998 207 1221 916
is_linear=0
shrinkage=0.035


Tree=97
num_leaves=31
num_cat=0
split_feature=13 219 115 25 214 38 65 27 224 9 242 49 11 41 143 143 68 49 13 12 27 53 140 143 270 115 173 173 93 180
split_gain=11.9349 13.3639 13.0578 11.2234 11.436 11.2173 12.5159 12.3387 39.7161 27.9437 23.6239 25.2832 22.6597 20.221 18.9086 17.1205 16.0972 17.1382 23.2628 23.7099 21.1513 26.4813 18.9819 21.2634 24.0169 19.3544 26.5613 32.0066 32.9505 21.2783
threshold=14.751036886260241 4.2950825218561164 23642.500000000004 -6.4792666140128476 0.048900000751018531 647.50000000000011 0.33795000612735754 5732.5000000000009 0.15758358514592183 87.837667845836719 81.877342192060041 2735.0000000000005 53.548740307382438 559.50000000000011 0.29514999687671667 0.53000000119209301 0.0071943309067394731 6748.5000000000009 32.661262491617585 2.4006830215716968 7162.5000000000009 -20.258421075015626 617.50000000000011 0.32535000145435339 36.498797576956214 3754.5000000000005 0.43951412165514775 0.66977834725410179 9625.0000000000018 0.0040499866008758554
decision_type=2 2 2 2 2 2 2 2 2 2 2 2 2 2 2 2 2 2 2 2 2 2 2 2 2 2 2 2 2 2
left_child=1 -1 3 5 -5 6 -2 8 10 -10 11 -7 -12 15 -11 -14 -9 18 -18 -20 21 -19 23 24 -22 -26 29 28 -28 -27
right_child=2 -3 -4 4 -6 7 -8 16 9 14 12 -13 13 -15 -16 -17 17 20 19 -21 22 -23 -24 -25 25 26 27 -29 -30 -31
leaf_value=0.0026367925101590316 -3.0217526315092229e-05 -0.00027376905703712279 -0.00073006262795601137 -0.0026345390727214339 0.00023844029652125929 -0.0033725478798993396 -0.00090679937997713517 0.0065134667315750452 0.009248901362106236 -0.0045041174765019778 0.0055567945830432763 -0.00053640238416330539 -0.0061499733002024961 0.0057899831989726208 0.0017689229092746966 -0.0022535165042921819 -0.0039970965529921203 0.0042135385259919177 0.00044135118737597681 -0.0009767965641908345 0.0034708839960565984 -0.0038185042824373278 -7.6268635062617943e-06 0.0046393309429052648 0.0014386245613004227 -0.00071094843791501695 0.01586289194435913 -0.00098159789172100179 -0.00025558198425260081 -0.0024455980127306483
leaf_weight=62 67 100 133 184 60 99 77 61 258 96 113 203 78 168 235 100 84 340 180 680 82 60 1509 177 218 594 98 265 152 173
leaf_count=62 67 100 133 184 60 99 77 61 258 96 113 203 78 168 235 100 84 340 180 680 82 60 1509 177 218 594 98 265 152 173
internal_value=-0.00254508 0.00670659 -0.00277905 -0.00254754 -0.00983936 -0.0022513 -0.011745 -0.00201476 0.000929889 0.00771886 -0.00434073 -0.0118567 0.000678879 -0.00378917 0.0009375 -0.0118579 -0.00286554 -0.00310808 -0.00730242 -0.00550289 -0.00202015 0.00553086 -0.00295142 -0.00541667 -0.00670447 -0.00772093 -0.00935509 -0.00316346 0.00576471 -0.013465
internal_weight=6706 162 6544 6411 244 6167 144 6023 1350 589 761 302 459 346 331 178 4673 4612 944 860 3668 400 3268 1759 1582 1500 1282 515 250 767
internal_count=6706 162 6544 6411 244 6167 144 6023 1350 589 761 302 459 346 331 178 4673 4612 944 860 3668 400 3268 1759 1582 1500 1282 515 250 767
is_linear=0
shrinkage=0.035


Tree=98
num_leaves=31
num_cat=0
split_feature=148 137 160 200 114 189 83 261 110 24 27 112 72 270 256 49 155 270 141 38 190 38 268 115 4 21 274 12 82 83
split_gain=10.9335 14.1326 13.2805 14.8053 14.1749 12.7766 13.5225 12.1658 11.5953 16.0376 12.4013 11.3326 11.3228 13.6363 19.6114 17.228 15.6775 13.9755 18.3542 13.5825 12.1216 15.777 12.7574 15.8009 13.5573 11.9623 11.4913 11.3946 11.7728 11.0802
threshold=23.500000000000004 23226.500000000004 0.071750000119209303 -0.10304999351501463 4.4237499237060556 18.377347478679269 161.50000000000003 528.39001464843761 0.12164999917149545 0.1435897435701497 12305.000000000002 0.007915573589755337 460.50000000000006 111.91683993034052 78.482830711877071 1656.0000000000002 0.033916601359146724 103.19471510534689 63.677422939887329 9921.0000000000018 -0.019050002098083493 1789.5000000000002 -20.755173727451943 8375.0000000000018 -0.3318482116680021 0.14975000172853473 -0.61541360882972007 9.8177395002392327 9035.5000000000018 305.50000000000006
decision_type=2 2 2 2 2 2 2 2 2 2 2 2 2 2 2 2 2 2 2 2 2 2 2 2 2 2 2 2 2 2
left_child=7 2 5 -4 -5 6 11 -1 -8 12 -11 -2 19 17 25 -16 -17 26 -19 20 29 -22 -23 -24 -25 -15 -14 28 -21 -10
right_child=1 -3 3 4 -6 -7 8 -9 9 10 -12 -13 13 14 15 16 -18 18 -20 27 21 22 23 24 -26 -27 -28 -29 -30 -31
leaf_value=-0.00094752335521022921 -0.0057802304706844488 0.00068455098795652087 -0.0012778272435829791 0.015863016921000363 1.259630113532695e-05 -0.0011675806404705959 -0.00051211930193274032 -0.00010954606896855347 0.00033818710216419707 1.8722813551558252e-05 0.0096808464348292402 -0.00068128392248033027 -0.0023564909131403491 -0.0018232902246041517 0.0078791638184188412 -0.0023133550362843171 -5.5376673228241804e-05 0.012607086077189989 -0.00023616717491088072 -0.0014246551691427284 0.0087443452470139186 0.0057774606605433664 -0.0009014240676903227 0.01177714227540543 -0.00023717865292492425 -0.00050762479950372064 -0.00022756564936665338 0.0068467918914484806 0.0011060465960878365 -0.0013223675585967056
leaf_weight=62 64 74 90 89 74 386 151 93 74 89 67 209 87 82 109 130 151 62 88 80 62 61 335 90 91 66 3323 79 81 207
leaf_count=62 64 74 90 89 74 386 151 93 74 89 67 209 87 82 109 130 151 62 88 80 62 61 335 90 91 66 3323 79 81 207
internal_value=-0.00254508 -0.0023223 -0.0025 0.0052907 0.0114583 -0.00282068 -0.00240801 -0.0115937 -0.00202962 -0.00175678 0.00913043 -0.00994604 -0.00208816 -0.0029515 -0.00812155 -0.00389873 -0.00844406 -0.00215989 0.00812903 0.000961373 -0.000983784 0.00168478 -0.000180412 -0.00201536 0.00620968 -0.0187582 -0.00262372 0.00828571 0.00274096 -0.00697552
internal_weight=6706 6551 6477 253 163 6224 5838 155 5565 5414 156 273 5258 4098 538 390 281 3560 150 1160 920 639 577 516 181 148 3410 240 161 281
internal_count=6706 6551 6477 253 163 6224 5838 155 5565 5414 156 273 5258 4098 538 390 281 3560 150 1160 920 639 577 516 181 148 3410 240 161 281
is_linear=0
shrinkage=0.035


Tree=99
num_leaves=31
num_cat=0
split_feature=183 103 233 148 244 193 27 12 93 49 49 45 175 271 27 148 270 120 13 213 13 183 183 153 121 258 132 143 183 261
split_gain=11.9911 16.7148 19.2548 19.4553 17.8376 12.7431 12.0686 15.5717 12.8047 16.7849 38.3327 36.2761 21.9322 22.5585 24.3299 24.2648 22.5455 18.1636 17.7798 17.0501 19.4067 18.897 18.6702 17.2353 16.4816 15.5421 14.6868 17.9888 15.1309 16.0783
threshold=0.91205241161359507 5.4248998165130624 6335.3750000000009 123.50000000000001 0.0182500034570694 0.94739419584466755 32987.500000000007 8.958113788095055 21239.000000000004 8799.5000000000018 9106.5000000000018 5.0660232647713954 0.020184070427372778 15.318522970349093 7162.5000000000009 1784.5000000000002 46.125777483332378 0.63225001096725475 33.437978790659486 11.598272538066919 78.096287501542832 0.76700604716899889 0.86466717809396199 0.49303115692508198 0.18855000287294391 0.0054999999701976785 0.13385000079870227 0.12815000116825107 0.79222692552193796 529.33499145507824
decision_type=2 2 2 2 2 2 2 2 2 2 2 2 2 2 2 2 2 2 2 2 2 2 2 2 2 2 2 2 2 2
left_child=5 2 3 4 -2 6 8 -8 9 19 11 -11 13 14 17 -16 -17 -12 -18 21 -21 23 -23 -1 -20 -14 -27 -28 29 -29
right_child=1 -3 -4 -5 -6 -7 7 -9 -10 10 12 -13 25 -15 15 16 18 -19 24 20 -22 22 -24 -25 -26 26 27 28 -30 -31
leaf_value=-0.00052324022221746926 0.00014078312039964653 0.0001042874362768978 0.00048126828588498612 -0.00092373087748212602 -0.00048284656371457349 0.0020891537164473882 -3.9143938411093374e-05 -0.0035906647495363144 -0.00073602088467679351 -0.00031815888800531102 0.0084288702864328529 0.012037743205503753 -0.0010258292421816495 0.0026728845174913648 -0.0025943547193803141 0.0064501461701794134 -0.0031212343342098044 -0.0010477816703699544 0.00077087875408724145 -0.0002988228956813974 0.0079335830012513039 0.0082915859888120017 -0.00082915092589857717 -0.0016089555693788421 -0.0012285009519804487 -0.0015248201840506021 0.0046691724856090739 0.0078962535491343671 -0.0059480722712215231 6.3633015359445275e-05
leaf_weight=2442 110 98 77 164 128 95 98 74 216 97 87 157 61 135 273 90 70 105 114 104 100 84 82 204 332 67 173 214 99 556
leaf_count=2442 110 98 77 164 128 95 98 74 216 97 87 157 61 135 273 90 70 105 114 104 100 84 82 204 332 67 173 214 99 556
internal_value=-0.00271197 -0.00751718 -0.0101963 -0.0132432 -0.00662551 -0.00225383 -0.00245736 -0.0114689 -0.0021834 -0.00185808 0.000185958 0.012973 -0.00120538 -0.00450867 -0.00621283 -0.00867081 -0.00469722 0.00497462 -0.00752399 -0.00363787 0.00602871 -0.0043486 0.00695906 -0.00506978 -0.00481153 0.00220426 0.00317325 0.00421203 0.00212243 0.00379355
internal_weight=6706 577 479 402 238 6129 6034 172 5862 5646 2630 254 2376 1206 1071 879 606 192 516 3016 204 2812 166 2646 446 1170 1109 1042 869 770
internal_count=6706 577 479 402 238 6129 6034 172 5862 5646 2630 254 2376 1206 1071 879 606 192 516 3016 204 2812 166 2646 446 1170 1109 1042 869 770
is_linear=0
shrinkage=0.035


Tree=100
num_leaves=31
num_cat=0
split_feature=6 6 186 244 91 242 6 27 21 49 150 166 271 204 185 179 124 242 270 71 38 92 203 182 48 213 55 274 243 135
split_gain=12.1185 12.5653 28.2857 18.3396 18.7355 13.8828 16.5552 28.8284 18.4819 15.5312 13.5688 21.6924 18.2544 17.7557 17.1865 18.8615 18.3308 18.9792 17.1071 26.7888 16.3851 20.922 20.0408 18.0719 16.8167 16.7875 18.56 18.3504 16.8651 21.5518
threshold=23.086683748634446 10.809714637236358 -1.5889968002716219 0.014800000935792925 -3.0535520734680657 16.908791798208465 -0.63427056849565688 6241.5000000000009 0.13325000554323199 9157.5000000000018 0.043000001460313804 -2.422634362654621 6.1261976338446997 0.19191495610559292 0.010430575343806413 18.261765407199174 -1.8209266063872072 47.647431433440651 87.771627430968223 10511.500000000002 4150.0000000000009 4.647249937057496 -0.93316216967115007 0.56149596868886109 2.939599990844727 11.680518227408671 0.1629000008106232 -0.5881176419899522 3.1220685761469835 -0.87986881607292666
decision_type=2 2 2 2 2 2 2 2 2 2 2 2 2 2 2 2 2 2 2 2 2 2 2 2 2 2 2 2 2 2
left_child=1 5 -3 -4 -5 -1 10 -8 9 -9 20 -12 13 -13 16 -16 17 -14 19 -18 21 24 -22 25 -7 27 -27 -24 29 -29
right_child=-2 2 3 4 -6 6 7 8 -10 -11 11 12 14 -15 15 -17 18 -19 -20 -21 22 -23 23 -25 -26 26 -28 28 -30 -31
leaf_value=0.0005041162242330877 -0.0010345511163577137 0.007136478534873994 0.0028636722545745822 -0.0027117548456666129 0.0015618854782539105 -0.0010707939773557849 0.0040766308001373829 -0.0019632723665405187 -0.0022478799157910939 0.0010240582253613262 0.0053126476891012893 -0.00030074185250405507 -0.0030905888899885677 -0.0036682392712653858 0.0020082958290711431 -0.0008519385138314984 0.00053063040635515605 0.0047009949546868868 -0.0035772475074812571 -0.0016980880390789 0.0053784090242849619 -5.5560809839860787e-06 -0.0019908321473392763 0.00020829665757803875 -0.0029238933462236274 -0.0016174480815706715 -0.00043353892627705953 0.0040639730661918292 -0.00050493634572721855 -0.00059375411695921124
leaf_weight=95 255 94 130 158 60 136 83 78 303 104 132 1016 75 67 717 109 283 256 208 116 133 157 112 270 143 216 229 166 713 92
leaf_count=95 255 94 130 158 60 136 83 78 303 104 132 1016 75 67 717 109 283 256 208 116 133 157 112 270 143 216 229 166 713 92
internal_value=-0.00268067 -0.00237996 0.00328859 -0.0013881 -0.00753363 -0.0027993 -0.00301571 -0.00867365 -0.0119286 -0.00299465 -0.00240703 -0.000832775 -0.00148492 -0.00505055 0.000712267 0.00438026 -0.00252386 0.0040625 -0.00611928 -0.00181931 -0.00438238 -0.0104762 -0.00298295 -0.00396007 -0.0161444 -0.00543379 -0.0111222 -0.00305607 -0.00147029 0.00612167
internal_weight=6706 6451 442 348 218 6009 5914 568 485 182 5346 2979 2847 1083 1764 826 938 331 607 399 2367 436 1931 1798 279 1528 445 1083 971 258
internal_count=6706 6451 442 348 218 6009 5914 568 485 182 5346 2979 2847 1083 1764 826 938 331 607 399 2367 436 1931 1798 279 1528 445 1083 971 258
is_linear=0
shrinkage=0.035


Tree=101
num_leaves=31
num_cat=0
split_feature=71 71 261 193 170 103 244 240 71 183 38 126 4 101 270 214 274 173 274 203 86 90 43 121 71 183 193 146 69 63
split_gain=10.3236 16.3004 15.7641 12.5902 14.158 12.6276 19.002 15.2473 28.53 23.7256 20.5062 15.0702 17.5539 23.2589 20.2809 16.1004 19.484 14.6083 15.0464 21.9993 17.5833 14.6075 14.4677 13.6474 28.244 33.9398 18.3463 17.9011 17.284 17.1561
threshold=419.50000000000006 791.00000000000011 445.10499572753912 -0.94852803202854263 0.0042000040411949166 6.0509500503540048 0.018399987369775776 3.5805223835938542 15887.000000000002 0.58895535160688917 4903.0000000000009 10009.500000000002 2.3126929937539757 0.0064412346000666349 71.082212561464289 0.037750020623207099 0.13308388583542591 0.87965904657921024 -0.013129249274213779 -0.55295222006048583 3.2760709339973997 0.009029382635077873 0.28624999523162847 0.26520000398159033 6437.0000000000009 0.63308024082922676 0.35736564446904923 -0.93604761124047797 -4.7620924451915245 567.75000000000011
decision_type=2 2 2 2 2 2 2 2 2 2 2 2 2 2 2 2 2 2 2 2 2 2 2 2 2 2 2 2 2 2
left_child=-1 -2 -3 -4 -5 7 -7 8 17 -10 -11 12 13 -9 15 16 -15 18 20 -20 21 -6 -17 24 27 26 -26 -21 -28 -25
right_child=1 2 3 4 5 6 -8 11 9 10 -12 -13 -14 14 -16 22 -18 -19 19 23 -22 -23 -24 29 25 -27 28 -29 -30 -31
leaf_value=-0.0045699288937211752 0.010941475222980271 0.0091391660452467462 0.0069338676013451749 -0.00077348821964298492 -9.3598422456755431e-05 -0.0032368418812953811 0.0002010892833115033 -0.0024418298927058354 0.0074899189022524159 0.0050860082765888624 -0.0011690698267828997 -0.0017260884042661342 -0.00065220986305618853 0.00072322763154831777 0.0040606836335115434 1.2480647713878357e-05 -0.0008381695832543574 -0.0013996019293825602 0.0076328499193326575 0.010509788319875903 0.00031064000692242747 -0.0013595692921293085 0.0054727393626201873 6.5703724886361227e-05 -0.0001299028976699082 -0.00076932258112378312 0.0043071154450389669 -0.00059170122900208491 -0.00036186283887841531 -0.0024780051832768656
leaf_weight=113 91 71 111 348 195 126 92 102 265 62 101 242 1120 121 316 185 316 113 147 128 259 376 60 219 462 283 282 62 144 194
leaf_count=113 91 71 111 348 195 126 92 102 265 62 101 242 1120 121 316 185 316 113 147 128 259 376 60 219 462 283 282 62 144 194
internal_value=-0.00248249 -0.00229691 -0.00250653 -0.00269189 -0.0028996 -0.00249456 -0.0106726 -0.00217572 -0.000615711 0.00775982 -0.00270833 -0.00425618 -0.00333483 -0.000190045 0.0014656 -0.00193595 -0.00593891 -0.0018787 -0.00135885 0.000345275 -0.00528144 -0.00868924 0.00518 -0.000747611 0.000948023 -0.00110119 0.00227324 0.0132821 0.007471 -0.0062799
internal_weight=6706 6593 6502 6431 6320 5972 218 5754 3292 428 163 2462 2220 1100 998 682 437 2864 2751 1921 830 571 245 1774 1361 1171 888 190 426 413
internal_count=6706 6593 6502 6431 6320 5972 218 5754 3292 428 163 2462 2220 1100 998 682 437 2864 2751 1921 830 571 245 1774 1361 1171 888 190 426 413
is_linear=0
shrinkage=0.035


Tree=102
num_leaves=31
num_cat=0
split_feature=38 268 115 38 31 115 115 246 261 126 224 27 242 6 60 119 56 215 80 203 200 140 8 16 261 257 148 193 214 154
split_gain=10.4798 13.4415 12.9482 9.93174 21.6333 13.8177 23.5109 22.4473 20.5067 27.6083 32.6269 22.5575 19.1957 30.9027 22.8189 21.0204 18.043 17.7999 17.3987 14.0833 14.0656 19.0876 13.0326 12.7287 11.978 27.9162 12.8926 23.098 15.1442 14.0867
threshold=647.50000000000011 5.6826902832907153 27848.000000000004 1263.5000000000002 -38.089590145214949 10388.500000000002 9373.0000000000018 0.77500778453133246 528.70501708984386 8281.5000000000018 0.99999999998202849 6801.0000000000009 18.859172884859152 -8.1349163565087128 5721.0000000000009 12.473649717049675 3.6891475018007278 -0.044899996370077126 -5.9902867882301729 0.70865291193466129 -0.035099990665912621 606.50000000000011 -18.557008660138724 1.0947040594599946 575.17999267578136 4.8182617948576096 434.50000000000006 0.84110483742791831 0.087300002574920668 -0.36363636459168264
decision_type=2 2 2 2 2 2 2 2 2 2 2 2 2 2 2 2 2 2 2 2 2 2 2 2 2 2 2 2 2 2
left_child=1 -1 3 4 22 6 24 8 9 10 -7 -10 -13 14 -14 -16 -8 -17 -9 -12 21 -18 -2 -19 26 -26 -5 28 29 -28
right_child=2 -3 -4 5 -6 7 16 18 11 -11 19 12 13 -15 15 17 20 23 -20 -21 -22 -23 -24 -25 25 -27 27 -29 -30 -31
leaf_value=-9.4691125885859596e-06 0.0085094689933613334 -0.00089060139432083996 -0.0015051126952164413 -0.0016887712916610032 -0.00074167622702425208 0.012386388338146485 0.0032556547074830788 -0.0013392821781404557 -0.0035809982754743484 -0.00052539603553476786 -0.0010135206382167322 0.004865216646394545 0.012468833019207653 -0.0020281710672374032 0.00094221918545915617 -0.00076336779732671728 -0.00097298359304301375 0.0094121944569713623 -7.1089160442313484e-05 0.0029713988999987354 -0.0022131455815698523 0.0003829610915396814 -6.1897151262867446e-05 -0.0024438258246804925 0.014081844976683008 -0.0017716612356631154 0.0031205888002611799 0.011614793162104812 0.0017096445342227918 -0.00044261011528252215
leaf_weight=85 116 70 65 347 60 223 66 112 61 76 65 119 93 143 175 129 73 60 137 70 268 86 64 63 61 66 111 65 149 3428
leaf_count=85 116 70 65 347 60 223 66 112 61 76 65 119 93 143 175 129 73 60 137 70 268 86 64 63 61 66 111 65 149 3428
internal_value=-0.00273283 -0.0115937 -0.00251449 -0.00235095 0.00457143 -0.00262038 -0.00355556 0.000274331 0.00215679 0.00829157 0.0123416 -0.00103184 0.000622618 -0.00172904 0.00226667 -0.00121528 -0.010753 -0.00762646 -0.00923228 -0.00125 -0.0133681 -0.00490854 0.0105946 0.00191406 -0.0027044 0.00768939 -0.00303532 -0.00243081 -0.00280531 -0.00326891
internal_weight=6706 155 6551 6486 240 6246 4720 1526 1277 434 358 843 782 663 520 427 493 252 249 135 427 159 180 123 4227 127 4100 3753 3688 3539
internal_count=6706 155 6551 6486 240 6246 4720 1526 1277 434 358 843 782 663 520 427 493 252 249 135 427 159 180 123 4227 127 4100 3753 3688 3539
is_linear=0
shrinkage=0.035


Tree=103
num_leaves=31
num_cat=0
split_feature=148 271 137 246 203 148 93 242 2 149 164 36 1 92 64 233 13 13 27 176 104 148 173 100 225 53 157 219 246 27
split_gain=18.3998 12.2062 9.97098 10.9161 21.7133 33.2835 24.8046 19.4212 16.5939 18.0178 15.4573 15.4142 14.37 19.1646 14.3375 23.0552 13.552 19.9482 32.0276 19.0253 18.1482 24.3672 17.0409 17.0297 15.9175 14.4403 13.1165 13.3791 16.271 16.0097
threshold=23.500000000000004 6.5947021540454331 23226.500000000004 0.55146946316908652 0.71957766767377207 985.50000000000011 12587.000000000002 20.698467916039778 625.20501708984386 16.500000000000004 -0.024691353253438963 -9.6511789999688364 777.50000000000011 5.7797999382019052 8.6387829889200702 6391.7900390625009 31.422642598536179 46.14041527618253 13358.500000000002 -1.3784557458365068 2091.5000000000005 386.50000000000006 0.78134688111955342 12.975130008215972 0.14066884965504747 -24.937636395245818 -0.15364445261640483 -5.0805349856226689 0.28300164345475426 9706.5000000000018
decision_type=2 2 2 2 2 2 2 2 2 2 2 2 2 2 2 2 2 2 2 2 2 2 2 2 2 2 2 2 2 2
left_child=1 -1 3 4 6 8 14 -5 9 11 12 -6 13 -8 -2 26 19 23 20 -9 21 24 -20 -18 -19 -21 -16 28 -28 -30
right_child=2 -3 -4 7 5 -7 10 16 -10 -11 -12 -13 -14 -15 15 -17 17 18 22 25 -22 -23 -24 -25 -26 -27 27 -29 29 -31
leaf_value=-9.5626484302646091e-05 0.00045099556525354247 -0.0014356595404060972 0.00053269507412615608 -0.0017721779372040227 0.0074318629358425667 0.0088348493328207593 0.00043546300524502482 0.0051245084362018843 0.0017716597849753903 -0.0010078596329564883 -0.0019229643982408109 -0.0005184651927448205 -0.0016721403666366571 -0.0012214439207516305 0.0074223557950427333 -0.0023078812188727879 -0.00021880010624423187 -0.00059113137417228956 0.012054929429206255 0.00036480789806020376 -0.0015339883211280263 0.0074618245309705164 0.0012410821868926126 -0.0022402640509311101 0.0011228123994375288 -0.0014456318130664685 -0.00037062770290448082 -0.0031965087927273181 0.0062743583967739434 -0.0013163559920255875
leaf_weight=93 292 62 74 175 93 188 143 70 107 292 181 132 127 66 87 131 259 196 61 149 126 110 73 189 60 128 2594 131 210 107
leaf_count=93 292 62 74 175 93 188 143 70 107 292 181 132 127 66 87 131 259 196 61 149 126 110 73 189 60 128 2594 131 210 107
internal_value=-0.00292058 -0.0146563 -0.00263194 -0.00278078 -0.00195559 0.00325581 -0.00299828 -0.00529044 -0.000667727 -0.00328544 -0.0101245 0.0041087 -0.00554252 0.000163551 -0.00194827 -0.00261562 -0.00390252 -0.00583874 -0.00177496 0.00208807 -0.00591549 -0.00188679 0.0130935 -0.0114349 -0.00777778 -0.00210993 -0.00199904 -0.00238924 -0.00188443 0.00554348
internal_weight=6706 155 6551 6477 4881 812 4069 1596 624 517 517 225 336 209 3552 3260 1421 1074 626 347 492 366 134 448 256 277 3129 3042 2911 317
internal_count=6706 155 6551 6477 4881 812 4069 1596 624 517 517 225 336 209 3552 3260 1421 1074 626 347 492 366 134 448 256 277 3129 3042 2911 317
is_linear=0
shrinkage=0.035


Tree=104
num_leaves=31
num_cat=0
split_feature=203 160 229 172 103 244 114 267 71 138 195 242 150 271 270 261 183 183 19 92 199 179 193 244 145 242 203 47 38 172
split_gain=15.5104 12.5235 12.4173 11.0765 11.4231 15.1037 14.9169 11.4996 12.0398 12.3115 12.4529 20.7486 12.8641 12.4456 23.634 17.3293 16.4659 24.4224 27.7244 19.1089 17.2116 15.3612 18.3216 13.7675 16.0112 12.2151 11.6855 11.6055 25.3451 11.4774
threshold=0.99505587469113099 0.071750000119209303 3.8203746495574236 0.52216678104430858 5.9855999946594247 0.018399987369775776 5.5753500461578378 -8.4044741294742025 419.50000000000006 2.5000000000000004 0.020000193840517239 49.200248639835536 0.028300005942583088 15.84626762659062 52.607330316332657 470.46000671386724 -0.061406545488638616 0.065102449046145386 606.50000000000011 4.3049499988555917 15.61422551686112 18.199770614258991 0.12003074543964276 0.01310001313686371 0.015834077190489879 31.06857924373406 -0.7676301083019168 -5.6035933732961576 7192.5000000000009 0.16099720513243823
decision_type=2 2 2 2 2 2 2 2 2 2 2 2 2 2 2 2 2 2 2 2 2 2 2 2 2 2 2 2 2 2
left_child=1 3 -3 4 6 -6 7 -1 -9 -10 13 12 -12 15 -15 -11 19 18 -18 26 -19 22 -22 -16 -25 -14 -17 29 -29 -21
right_child=-2 2 -4 -5 5 -7 -8 8 9 10 11 -13 25 14 23 16 17 20 -20 27 21 -23 -24 24 -26 -27 -28 28 -30 -31
leaf_value=0.0046249652081441772 -0.00029840334359936633 0.0017034965667644742 -0.00015195542192546099 -0.00090916575250179468 -0.0026439088600654415 4.2932192362589719e-05 0.0011098644476784665 -0.0049054937993845216 0.00043678462268340696 0.0084227153781183239 -0.0014066888210980471 0.0079721649597716982 0.0023067281273561131 0.0085580755793492058 -0.0010394486374322666 -0.00076433173355679683 0.012560476345076222 -0.00077161486585973558 -0.00043117017915392773 0.0002359582722329612 0.0069451852150749106 -0.0010740606301625018 -0.00010121609757199946 -0.0010129638044379483 0.0080994175024216991 -0.00058199608351270531 -0.0023839522997986785 0.0006940753144350501 -0.0022229996210210057 -0.00057989698840483052
leaf_weight=200 154 91 168 616 165 114 135 91 452 163 82 123 110 85 85 114 141 892 80 284 104 212 1097 64 84 130 277 104 128 161
leaf_count=200 154 91 168 616 165 114 135 91 452 163 82 123 110 85 85 114 141 892 80 284 104 212 1097 64 84 130 277 104 128 161
internal_value=-0.00283713 -0.00257282 0.0049053 -0.00288425 -0.00239616 -0.00924296 -0.00203406 -0.002332 -0.00265884 -0.00241913 -0.00297017 0.00256667 -0.00214067 -0.00357721 0.00303406 -0.00414009 -0.00464851 -0.00309759 0.00789823 -0.00828518 -0.00416667 -0.00175247 -0.000203151 -0.00279412 0.00366013 0.002 -0.0144066 -0.00467009 -0.0109283 -0.00132222
internal_weight=6706 6552 259 6293 5677 279 5398 5263 5063 4972 4520 445 322 4075 318 3757 3594 2526 221 1068 2305 1413 1201 233 148 240 391 677 232 445
internal_count=6706 6552 259 6293 5677 279 5398 5263 5063 4972 4520 445 322 4075 318 3757 3594 2526 221 1068 2305 1413 1201 233 148 240 391 677 232 445
is_linear=0
shrinkage=0.035


Tree=105
num_leaves=31
num_cat=0
split_feature=115 246 193 287 2 63 243 192 13 13 71 174 240 112 19 33 111 193 115 274 115 183 274 193 143 8 173 9 38 49
split_gain=19.0108 15.8455 19.7334 18.8483 17.8378 24.2141 17.4802 16.903 19.0848 17.4784 17.9145 17.9044 15.3944 15.3314 15.7543 25.4748 20.5007 23.0131 20.9624 22.5112 21.0037 31.7182 18.8148 20.47 18.1525 15.3874 17.4397 15.2214 14.9777 14.2177
threshold=25649.000000000004 0.55146946316908652 0.35736564446904923 1.0000000180025095e-35 599.45501708984386 567.75000000000011 7.2824819295465453 0.86200095217834705 23.700885145789957 33.102167722863932 7997.5000000000009 -0.025348594284486155 47.198607066913929 0.0071599364250466129 543.50000000000011 0.48775000870227819 41.736982988119152 -0.24258542633593641 837.50000000000011 -0.44229448471995331 3754.5000000000005 -0.10252783141353496 -0.241396565379528 0.070738843409482666 0.30874998867511755 -139.27912776307997 -0.21790245159428676 23.904679372983431 3587.5000000000005 5600.0000000000009
decision_type=2 2 2 2 2 2 2 2 2 2 2 2 2 2 2 2 2 2 2 2 2 2 2 2 2 2 2 2 2 2
left_child=1 2 12 7 5 -5 -6 8 -4 -10 -11 -12 13 -1 -15 16 18 24 -16 -20 21 -21 23 -22 -18 -24 -27 -3 -17 -26
right_child=-2 27 3 4 6 -7 -8 -9 9 10 11 -13 -14 14 15 28 17 -19 19 20 22 -23 25 -25 29 26 -28 -29 -30 -31
leaf_value=-0.0014041617156460206 -0.00077587792731149637 -0.0009389005344356805 0.0037248665303150899 0.0065388210814859076 0.0010540200343297495 -0.0012610444335585059 0.010331165800778483 0.0049406950493196032 -0.0014271001783651102 -0.0014234851797208887 -0.00027572930256451245 0.0084277787041025023 0.0064952683629390167 -0.0056176276081229201 0.0045676219078206026 -0.00098404503060883363 0.0081756788485369512 -0.0037064990619400389 -0.0014071896671359542 6.769336546992577e-05 -0.00039331424607123736 0.017321326043804038 -0.0013027445449083947 0.012329243098421046 -0.0014853269631059005 0.001990398611412605 -0.00032206727218661915 -0.00024190096823540038 0.01019450027807299 0.00024874033968934507
leaf_weight=452 101 241 130 106 210 110 84 67 115 299 133 94 60 153 144 80 67 127 190 307 91 102 97 65 134 88 1159 1472 164 64
leaf_count=452 101 241 130 106 210 110 84 67 115 299 133 94 60 153 144 80 67 127 190 307 91 102 97 65 134 88 1159 1472 164 64
internal_value=-0.00278498 -0.0025469 -0.00152951 0.00206948 0.00733981 -0.000316742 0.0128763 -0.00116251 -0.00266108 -0.00514706 -0.00237288 0.00497845 -0.00289941 -0.00321009 -0.00230491 -0.00171117 -0.0027178 -0.0100504 -0.00141681 -0.00231226 -0.00115204 0.00583333 -0.00306977 0.00826087 -0.00401852 -0.00441067 -0.00332668 -0.00543946 0.00899598 -0.00931034
internal_weight=6706 6605 4892 1348 510 216 294 838 771 641 526 227 3544 3484 3032 2879 2635 392 2243 2099 1909 409 1500 156 265 1344 1247 1713 244 198
internal_count=6706 6605 4892 1348 510 216 294 838 771 641 526 227 3544 3484 3032 2879 2635 392 2243 2099 1909 409 1500 156 265 1344 1247 1713 244 198
is_linear=0
shrinkage=0.035


Tree=106
num_leaves=31
num_cat=0
split_feature=148 115 103 244 153 81 191 44 218 154 33 143 232 137 12 185 163 82 82 82 88 270 138 189 212 270 183 224 93 137
split_gain=16.8928 10.6993 10.7098 17.7665 16.8834 13.8476 13.1976 24.1525 23.4876 11.4001 12.5282 16.4409 16.6148 11.7067 17.3017 11.5841 11.5493 12.6712 19.8137 17.5553 16.0894 17.8132 18.7568 13.7134 13.8629 13.1016 14.3027 12.9994 16.5995 18.4516
threshold=29.500000000000004 27848.000000000004 5.9855999946594247 0.018399987369775776 0.12250659289049709 5.5845501422882089 0.1179499998688698 0.12114999815821649 13.11451365690556 -0.42105262731128373 0.17644999921321872 0.12815000116825107 2.9491807593456936 16348.500000000002 5.5000842105296437 0.014409937142300964 0.93532954753437703 2321.5000000000005 2157.0000000000005 2758.5000000000005 0.52609997987747203 111.91683993034052 2.5000000000000004 15.542204963028587 9.3460942891426573 103.19471510534689 -0.092365184998723107 0.99999999998983746 9168.5000000000018 2579.0000000000005
decision_type=2 2 2 2 2 2 2 2 2 2 2 2 2 2 2 2 2 2 2 2 2 2 2 2 2 2 2 2 2 2
left_child=-1 2 5 -4 -5 6 -2 8 -8 -9 11 -11 -13 16 -15 -14 17 18 -12 -19 21 22 -21 -23 -25 27 -27 28 -24 -30
right_child=1 -3 3 4 -6 -7 7 9 -10 10 13 12 15 14 -16 -17 -18 19 -20 20 -22 23 25 24 -26 26 -28 -29 29 -31
leaf_value=-0.00030912821375921859 -0.00039169550381730787 -0.0012189253564331454 -0.0026072930415324846 -0.0020165294047335266 0.01136167019575521 0.0010341284908081789 0.0036877056971739023 0.0067030905617948815 -0.00082187747062649095 0.00060164386049246126 3.3799064698136765e-06 2.6786733154531287e-05 -0.00086411775601385912 0.0071986270311623765 -0.00023184196144079852 -0.0027410512705624418 -0.00090135217795162491 -0.0020965596718816857 0.01072067982408729 0.0013870025752151002 0.0034883685057459776 0.0023311629058019798 -0.00067474903985848607 -0.0013341693982245812 0.00015007325226773396 -0.00013452271855178986 0.0091633586913298596 -0.0037304163718938008 0.008168249292484402 -4.6830234972998765e-05
leaf_weight=180 146 64 170 61 60 131 129 101 88 105 765 83 96 104 74 144 113 91 65 341 179 68 1534 469 61 84 60 191 87 862
leaf_count=180 146 64 170 61 60 131 129 101 88 105 765 83 96 104 74 144 113 91 65 341 179 68 1534 469 61 84 60 191 87 862
internal_value=-0.00280584 -0.00250804 -0.00235967 -0.00886824 0.00138889 -0.00204582 -0.0022928 -0.00202916 0.0093018 -0.00247008 -0.00268411 -0.00840647 -0.0122713 -0.00220066 0.00650273 -0.0168571 -0.00251859 -0.00225319 0.00167665 -0.00306424 -0.00269982 -0.00319112 -0.00213496 -0.00870647 -0.0105981 -0.00307474 0.00704698 -0.00363195 -0.00294011 0.000697065
internal_weight=6706 6526 6462 291 121 6171 6040 5894 217 5677 5576 428 323 5148 178 240 4970 4857 830 4027 3936 3757 3159 598 530 2818 144 2674 2483 949
internal_count=6706 6526 6462 291 121 6171 6040 5894 217 5677 5576 428 323 5148 178 240 4970 4857 830 4027 3936 3757 3159 598 530 2818 144 2674 2483 949
is_linear=0
shrinkage=0.035


Tree=107
num_leaves=31
num_cat=0
split_feature=115 246 203 148 104 208 6 200 242 256 109 124 115 11 150 244 115 213 195 160 79 135 199 72 180 82 82 163 49 274
split_gain=15.9452 13.5083 20.092 22.8848 17.8507 19.9977 13.9713 16.4088 13.8252 17.6931 14.0306 13.5315 13.9033 15.8608 13.3641 16.4007 23.1511 16.622 12.8767 12.2683 13.0613 15.7659 15.0335 13.6753 16.5564 16.0298 25.0395 15.1746 14.8644 12.6401
threshold=25649.000000000004 0.55146946316908652 0.71957766767377207 985.50000000000011 3953.5000000000005 -0.025050014257431027 -10.521866703684713 -0.037600006908178323 22.073223386285939 31.422642598536179 0.67544999718666088 -1.2231486584779041 3532.5000000000005 70.949205721438673 0.031299997121095664 0.015800006687641147 10388.500000000002 10.975028353486318 0.015096279095057509 0.071750000119209303 0.0099012234029745797 -1.2908133085673454 15.627471341794186 535.50000000000011 0.0058500021696090707 4822.0000000000009 5828.0000000000009 0.45407389091039202 8926.0000000000018 0.25762349451453964
decision_type=2 2 2 2 2 2 2 2 2 2 2 2 2 2 2 2 2 2 2 2 2 2 2 2 2 2 2 2 2 2
left_child=1 2 19 4 6 -6 7 -4 18 10 -10 12 -11 -14 -15 -16 17 -17 -3 20 21 -1 -23 -22 25 -25 28 29 -27 -28
right_child=-2 8 3 -5 5 -7 -8 -9 9 11 -12 -13 13 14 15 16 -18 -19 -20 -21 23 22 -24 24 -26 26 27 -29 -30 -31
leaf_value=0.0029714972737056046 -0.0007379027123740234 -0.0017177533615071524 0.00032611921257320436 0.0083582883255093991 8.7537114816730571e-05 -0.0014560735571992297 -0.00042250683839466859 0.0077564514877238658 0.00066645480265311034 -0.0012735369046090318 -0.00058952765217197621 -0.0014218765736144503 -0.002213829892180063 -0.00062748781561252807 0.00045783392379598892 5.3799771324386521e-05 0.00097878338438397972 -0.0020424360356517432 -0.00014362447316242728 0.002837064087032624 0.00017671286618127838 -0.0030922708707887612 0.0007856785856948258 0.00071725055107584089 -0.0018581339498560821 -0.0019632420746372899 -2.7355354914486711e-05 -0.0053122103195297841 -0.0005161342105381168 -0.00098787482624321981
leaf_weight=92 101 141 139 187 108 101 174 104 219 69 125 106 118 91 302 109 140 215 78 141 868 362 88 368 210 174 1481 64 97 134
leaf_count=92 101 141 139 187 108 101 174 104 219 69 125 106 118 91 302 109 140 215 78 141 868 362 88 368 210 174 1481 64 97 134
internal_value=-0.00270153 -0.00248336 -0.0015438 0.00346577 0.00022187 -0.00801402 0.00439573 0.0097379 -0.00515425 -0.00392262 0.0030086 -0.006 -0.00473785 -0.00360714 -0.00190835 -0.000363165 -0.00447761 -0.00957447 -0.0132813 -0.0025453 -0.00291149 -0.00793419 -0.0106154 -0.00209938 -0.00339913 -0.00253121 -0.0037954 -0.0021823 -0.0135688 -0.00149074
internal_weight=6706 6605 4892 813 626 209 417 243 1713 1494 344 1150 1044 975 857 766 464 324 219 4079 3938 542 450 3396 2528 2318 1950 1679 271 1615
internal_count=6706 6605 4892 813 626 209 417 243 1713 1494 344 1150 1044 975 857 766 464 324 219 4079 3938 542 450 3396 2528 2318 1950 1679 271 1615
is_linear=0
shrinkage=0.035


Tree=108
num_leaves=31
num_cat=0
split_feature=148 271 6 6 186 20 185 242 93 183 183 132 243 147 282 163 163 115 7 22 129 60 115 93 7 185 79 162 91 222
split_gain=15.3278 14.897 10.8174 12.6448 24.4632 17.3093 23.0164 11.6281 15.6168 15.8047 27.1978 23.8566 16.3737 16.4442 15.5051 14.6848 25.312 19.3345 30.9063 28.3129 20.4726 19.5625 14.5756 19.1054 16.7748 15.755 15.7655 15.6367 15.1485 16.9244
threshold=29.500000000000004 6.5947021540454331 23.086683748634446 10.809714637236358 -1.5889968002716219 58.733943434871044 0.01528189100649094 16.908791798208465 11650.000000000002 0.2448517242868363 0.30117528322642051 0.17890000343322757 5.9266786653352641 3.1732999086380009 1.0000000180025095e-35 0.821330095415853 0.72489322221779562 10388.500000000002 -18.893001589609273 0.18235000222921374 598.50000000000011 8848.0000000000018 9625.0000000000018 9838.5000000000018 -43.655109601585202 0.017896671797254016 0.010169510876942454 -0.39889953529070349 -2.8759815504252706 12.593887738992088
decision_type=2 2 2 2 2 2 2 2 2 2 2 2 2 2 2 2 2 2 2 2 2 2 2 2 2 2 2 2 2 2
left_child=1 -1 3 7 -5 6 -6 -2 15 12 11 -11 13 -10 -12 16 17 22 19 -19 -21 -20 23 25 -24 26 27 -9 29 -25
right_child=2 -3 -4 4 5 -7 -8 8 9 10 14 -13 -14 -15 -16 -17 -18 18 21 20 -22 -23 24 28 -26 -27 -28 -29 -30 -31
leaf_value=-3.7689248322132501e-05 0.00034950336929663822 -0.00097914975777497657 -0.0010625861031182374 0.0066361270932457543 -0.0021594560162782606 0.011747736431812568 0.0020059796971143387 0.00050664810545448385 -0.0012357818536075172 -0.00068725715602349147 -0.00023804707550556582 0.009708872808156006 -0.0023289026778714902 0.0003069319594415879 -0.0017181274295550871 -0.00074354986147277704 0.0059210775468810329 0.014815382942448243 -0.0036345616161982926 0.0043790544222481256 -0.00040408898260240584 0.00043482731248351339 0.000227613652829696 6.3786672572637993e-05 -0.0013959444874409636 -0.00095807885098632818 -9.5877509276802726e-05 -0.0019842678074870586 -0.00052652184724191753 0.011620548943432495
leaf_weight=109 95 71 250 94 163 61 107 118 73 66 587 75 179 102 149 187 131 143 80 116 94 61 67 96 158 219 2337 542 89 87
leaf_count=109 95 71 250 94 163 61 107 118 73 66 587 75 179 102 149 187 131 143 80 116 94 61 67 96 158 219 2337 542 89 87
internal_value=-0.00254508 -0.0124865 -0.00226152 -0.00197262 0.00382558 -0.000729167 -0.00458182 -0.00239669 -0.00260024 -0.00608819 -0.00353175 0.0103082 -0.0122841 -0.00447222 -0.00623482 -0.0016457 -0.00122496 -0.00170347 0.00476954 0.0102654 0.00195349 -0.00886986 -0.00256993 -0.00200401 -0.0111087 -0.00276001 -0.00208694 -0.00684211 0.0068231 0.0124734
internal_weight=6706 180 6526 6276 425 331 270 5851 5756 1231 877 141 354 175 736 4525 4338 4207 494 353 210 141 3713 3488 225 3216 2997 660 272 183
internal_count=6706 180 6526 6276 425 331 270 5851 5756 1231 877 141 354 175 736 4525 4338 4207 494 353 210 141 3713 3488 225 3216 2997 660 272 183
is_linear=0
shrinkage=0.035


Tree=109
num_leaves=31
num_cat=0
split_feature=103 173 270 13 93 113 213 27 213 138 9 274 9 60 236 10 13 242 274 244 60 45 270 4 189 203 214 38 27 27
split_gain=11.9593 15.1898 13.0676 33.8662 29.0679 25.2993 20.2107 19.1871 17.6996 16.3466 15.4203 25.1572 22.3391 15.2653 14.6159 13.3541 27.828 24.3139 19.6922 18.399 21.3604 17.033 16.4888 19.8514 16.4719 16.3983 13.8463 13.3972 12.5722 23.4225
threshold=6.0509500503540048 0.12165243245164815 111.91683993034052 78.482830711877071 9441.5000000000018 -2.3402638580774497 10.42065764433322 5732.5000000000009 11.04661098113248 2.5000000000000004 25.554131076075766 0.13308388583542591 88.755225183929909 8070.0000000000009 -3.0304551465920588 41.794668148841431 33.418748299343115 31.670045773858849 -0.27812734526213906 0.0045499950647354135 6982.5000000000009 6.4025683774724778 50.256009386862821 -11.229346155103974 17.880592729013078 0.60461262484343603 0.074649997055530562 7622.0000000000009 13181.500000000002 14551.000000000002
decision_type=2 2 2 2 2 2 2 2 2 2 2 2 2 2 2 2 2 2 2 2 2 2 2 2 2 2 2 2 2 2
left_child=2 -2 6 -4 5 13 -1 8 -8 -9 11 -10 -12 14 -5 16 17 18 -11 -20 22 -22 23 -21 25 27 28 -18 -17 -30
right_child=1 -3 3 4 -6 -7 7 9 10 15 12 -13 -14 -15 -16 26 24 -19 19 20 21 -23 -24 -25 -26 -27 -28 -29 29 -31
leaf_value=-0.0011343559520838186 0.00013396488160398042 -0.0030914857406496325 -0.0010916395109850936 0.0010836915302833725 -0.0050824436516044855 -0.00094254466772097153 -7.1443466480426999e-05 0.00065251082059666909 0.00063932537447270235 0.0060281737979537694 0.0095540563750831677 -0.0026901499210620254 1.9025483332627548e-05 -0.00073900636277083155 0.010003314641709907 -0.0008104518132524322 0.0041059392982765444 -0.00071421690580912697 -0.0012183054146687406 0.0052157016442036849 -2.512133821721996e-05 -0.0024349782877452677 0.0086163489964021876 -0.00084654238256925876 -0.00015294134263924955 -8.9089983253887178e-05 0.00076567374851988174 0.013463517142217349 0.00091951457337825944 -0.00059200013084924124
leaf_weight=78 84 141 203 73 63 396 527 321 63 64 167 61 97 95 124 1658 116 187 165 101 402 103 92 93 141 67 136 123 302 463
leaf_count=78 84 141 203 73 63 396 527 321 63 64 167 61 97 95 124 1658 116 187 165 101 402 103 92 93 141 67 136 123 302 463
internal_value=-0.00234689 -0.0101957 -0.00206676 -0.00583942 -0.00236111 -0.00020202 -0.00141088 -0.0011487 0.00346196 -0.00208196 0.00908397 -0.00108527 0.0137918 0.00754209 0.012995 -0.00266358 -0.00021097 -0.00297442 -0.000819512 -0.00211238 0.00013191 -0.00418627 0.00769759 0.00175879 0.00720133 0.0117042 -0.00424532 0.0159221 -0.00485791 -0.00113636
internal_weight=6706 225 6481 954 751 688 5527 5449 915 4534 388 124 264 292 197 4213 1654 1207 1020 956 791 505 286 194 447 306 2559 239 2423 765
internal_count=6706 225 6481 954 751 688 5527 5449 915 4534 388 124 264 292 197 4213 1654 1207 1020 956 791 505 286 194 447 306 2559 239 2423 765
is_linear=0
shrinkage=0.035


Tree=110
num_leaves=31
num_cat=0
split_feature=115 90 50 103 173 123 41 125 271 137 82 225 223 105 201 223 49 89 203 246 136 218 173 148 49 114 27 49 126 193
split_gain=11.2204 10.8838 13.252 11.5588 14.3181 11.2268 17.0775 19.4305 14.6458 18.8609 19.686 17.1337 14.8521 14.4658 14.1053 13.8454 12.965 12.7893 12.246 11.4521 13.3141 11.4271 11.2222 11.2607 14.4514 11.0377 13.4733 24.2085 18.4817 19.3385
threshold=25649.000000000004 0.0050000264817343246 457.50000000000006 6.0509500503540048 0.20660338906651374 0.014388475840443027 577.50000000000011 3.5168499946594243 6.5673121844969211 2694.5000000000005 8088.0000000000009 0.2337330963311485 11.964007942789477 2070.0000000000005 0.2424999997019768 20.743584433429493 8874.5000000000018 8.1027800375019119 -0.57710546348020875 0.5848336985424335 3.0424000024795537 1.4754279389515754 0.49354720073619446 7201.0000000000009 13861.500000000002 5.5753500461578378 7420.5000000000009 6907.5000000000009 6958.5000000000009 0.22528610833306337
decision_type=2 2 2 2 2 2 2 2 2 2 2 2 2 2 2 2 2 2 2 2 2 2 2 2 2 2 2 2 2 2
left_child=1 2 -1 5 -5 25 7 15 16 18 13 12 -12 14 19 -7 -8 -18 -10 -11 -21 -19 23 24 -23 26 27 -3 29 -29
right_child=-2 3 -4 4 -6 6 8 -9 9 10 11 -13 -14 -15 -16 -17 17 21 -20 20 -22 22 -24 -25 -26 -27 -28 28 -30 -31
leaf_value=-0.00021320298916982508 -0.00065129691003453622 -0.00010333906687957251 -0.0027092840152704747 -5.5851521423332874e-05 -0.0031545514159570893 0.0064364148957965018 -0.00092771296659746052 -0.002804513512627949 0.0010927797660383611 0.0033135051233367922 0.00033814999820885817 -0.002403906891655734 -0.0017818522336569599 -0.0014517058671983539 -0.00066454486712007831 -0.0020130534997824701 0.0010222388955479979 0.0013030906036334696 0.011090071317408115 -0.00072571658812251006 0.00046720265058616876 -0.0003743124489994088 -0.0015939125013226967 -0.00079315479554421125 0.002752802086986882 0.001015242133269449 -0.00018354786585942753 -0.0038835110144662195 0.0098103577864810214 0.0023032449522592002
leaf_weight=117 101 974 74 104 118 87 379 189 143 230 135 142 65 65 79 112 93 65 76 106 97 219 158 111 92 115 1998 64 104 294
leaf_count=117 101 974 74 104 118 87 379 189 143 230 135 142 65 65 79 112 93 65 76 106 97 219 158 111 92 115 1998 64 104 294
internal_value=-0.00223216 -0.00204917 -0.0101786 -0.00179935 -0.00955947 -0.00151364 -0.00323829 -0.00997455 -0.00205973 0.000734908 -0.00147727 -0.00806916 -0.00136585 0.00246564 0.00446809 -0.00223039 -0.0048975 -0.00216689 0.00984375 0.00695205 0.000841346 -0.00393077 -0.00550427 -0.00245902 0.000996835 -0.000226505 -0.000590288 0.00199167 0.0085439 0.0046281
internal_weight=6706 6605 191 6414 222 6192 2643 388 2255 1138 919 342 200 577 512 199 1117 738 219 433 203 645 580 422 311 3549 3434 1436 462 358
internal_count=6706 6605 191 6414 222 6192 2643 388 2255 1138 919 342 200 577 512 199 1117 738 219 433 203 645 580 422 311 3549 3434 1436 462 358
is_linear=0
shrinkage=0.035


Tree=111
num_leaves=31
num_cat=0
split_feature=71 246 261 60 185 115 103 244 155 81 162 205 12 135 170 271 185 214 167 246 38 244 60 163 5 80 172 272 31 189
split_gain=10.9909 18.0855 15.7707 12.8194 11.8924 10.0817 10.8952 17.2191 16.4141 14.032 9.36443 14.3053 11.0454 10.2703 9.71911 10.469 12.2552 15.4519 12.4055 14.7565 12.7423 13.6165 12.4021 12.2243 17.0754 15.3282 12.1307 12.1436 17.931 20.8855
threshold=419.50000000000006 -0.85773807133473134 445.10499572753912 5331.5000000000009 0.0058511742932432029 25649.000000000004 5.9855999946594247 0.016850002110004429 0.047855081606959192 5.6009497642517099 -0.52164370068076493 0.012667546300186674 3.9414447126780061 -1.1471772284640926 1.0000000180025095e-35 6.5673121844969211 0.0090659790605042128 0.052850008010864265 -0.032782869500096824 0.89900157177458739 13292.500000000002 0.015500023961067201 12611.500000000002 0.81224719371037157 42.964206139346622 -3.4632828169070184 0.5631579525719318 0.019999988377094272 -47.817069097145222 17.839833093007936
decision_type=2 2 2 2 2 2 2 2 2 2 2 2 2 2 2 2 2 2 2 2 2 2 2 2 2 2 2 2 2 2
left_child=-1 3 -3 -2 -4 6 9 -8 -9 10 11 -6 13 -13 -12 16 -16 18 22 20 -20 -22 -18 25 -25 26 27 -17 -29 -30
right_child=1 2 4 -5 5 -7 7 8 -10 -11 14 12 -14 -15 15 23 17 -19 19 -21 21 -23 -24 24 -26 -27 -28 28 29 -31
leaf_value=-0.0039664817124241431 0.020161578806643009 0.008097540528229032 -0.0015580818610723029 0.00013175850396625474 0.00099800199308076876 -0.00062850151818332812 -0.0028077343157997697 -0.0021072175623830787 0.0036878262495339048 0.00093209843137553655 -0.0010031082144881217 0.005134547627819932 -0.00058477311914321821 -0.0001542065283156624 0.00010034522509133449 -0.00021460385978144204 -3.7444343143848706e-05 -0.00073855574371339968 -0.00092927520334668402 0.00025407057980572027 -0.00024183763911641011 0.0095739873361201135 0.007380287348802252 0.0026140354459956608 -0.0011521487646572422 -0.0035381958504528159 -0.00071440609160619431 7.014869500695118e-05 0.0054232784362250363 -0.00026537660191710199
leaf_weight=113 63 74 211 100 91 101 144 61 85 115 175 73 199 79 362 731 419 266 896 97 91 64 68 62 142 89 248 998 371 118
leaf_count=113 63 74 211 100 91 101 144 61 85 115 175 73 199 79 362 731 419 266 896 97 91 64 68 62 142 89 248 998 371 118
internal_value=-0.00215914 -0.00196802 -0.00226263 0.009375 -0.00245402 -0.00216829 -0.00197884 -0.00854237 0 -0.00164091 -0.00189139 0.00297539 -0.000294944 0.0066879 -0.00230777 -0.0020191 -0.00378086 -0.00490294 -0.00360671 -0.00558543 -0.00679451 0.00240625 0.00106707 -0.000569826 -0.00870813 9.57031e-05 0.000623229 0.00144849 0.00326072 0.00871457
internal_weight=6706 6593 6430 163 6356 6145 6044 290 146 5754 5639 442 351 152 5197 5022 2263 1901 1635 1148 1051 155 487 2759 204 2555 2466 2218 1487 489
internal_count=6706 6593 6430 163 6356 6145 6044 290 146 5754 5639 442 351 152 5197 5022 2263 1901 1635 1148 1051 155 487 2759 204 2555 2466 2218 1487 489
is_linear=0
shrinkage=0.035


Tree=112
num_leaves=31
num_cat=0
split_feature=71 137 261 6 126 59 122 115 224 131 269 207 27 233 261 223 150 270 82 271 20 48 8 134 49 4 233 41 13 27
split_gain=10.9691 18.0833 11.1945 10.7513 12.9572 12.4679 12.1667 19.2096 15.1982 12.5693 14.6433 11.3549 12.0364 16.9463 17.648 16.1207 19.9587 17.4147 17.7738 16.8638 20.8304 16.6049 24.8686 22.4457 21.1521 16.4056 15.7949 19.5678 17.4435 17.5666
threshold=419.50000000000006 109.50000000000001 445.10499572753912 23.086683748634446 28299.500000000004 3.40149998664856 13.984290949879055 18910.000000000004 0.99999999998111566 0.81424999237060558 0.054509604390240447 0.13326159181890174 4932.5000000000009 5472.8999023437509 470.46000671386724 6.3688209091467707 0.04149999842047692 79.912967340626693 9725.5000000000018 11.18766071787824 40.227004718246256 4.2223501205444345 -71.184427156657506 0.012666237203109705 8110.0000000000009 -27.110153501129329 5668.7150878906259 582.50000000000011 82.836512493761845 3606.0000000000005
decision_type=2 2 2 2 2 2 2 2 2 2 2 2 2 2 2 2 2 2 2 2 2 2 2 2 2 2 2 2 2 2
left_child=-1 -2 -3 4 6 -5 7 8 9 -4 -11 12 26 -14 -15 19 -17 -18 -19 21 -21 22 -16 -24 -23 -26 28 -28 -8 -30
right_child=1 2 3 5 -6 -7 11 -9 -10 10 -12 -13 13 14 15 16 17 18 -20 20 -22 24 23 -25 25 -27 27 -29 29 -31
leaf_value=-0.0038276548524892981 0.009913186054612607 0.0073073509354130185 0.0016880319707127103 -0.0015804513348700098 0.0045694270011750349 0.00018049987718566919 -0.0020534132895863567 -0.00082416534137752138 0.0043279445107711548 -0.0012824131149615291 0.00018166177419537885 0.00027172962398337844 -0.0074958302732420429 0.0081646874053265747 0.0041869656362565778 -0.0011220404648440564 -7.368673080042465e-05 -0.0019284412461224819 0.0015547695586391034 0.0082081271691069255 -0.000397234800991973 -0.0022093713535756834 0.00013386068173274981 -0.00062425646543980205 -0.0022255261795761884 9.3078682505185674e-05 0.015082863648804517 1.4575954187212582e-06 -0.00047626393359576254 0.0055040063394321105
leaf_weight=113 85 77 113 186 66 67 160 71 111 84 128 212 63 80 189 991 1401 410 88 146 174 155 222 285 60 264 131 354 141 79
leaf_count=113 85 77 113 186 66 67 160 71 111 84 128 212 63 80 189 991 1401 410 88 146 174 155 222 285 60 264 131 354 141 79
internal_value=-0.00216957 -0.00197863 -0.00219254 -0.00235472 -0.00206049 -0.00936047 -0.00223149 0.00293945 0.00571429 0.00180303 -0.00322581 -0.00270143 -0.00301501 -0.00373704 -0.00346868 -0.00377107 -0.00529534 -0.00318015 -0.0087674 -0.000816667 0.00624615 -0.00275847 0.000699001 -0.00334961 -0.0077376 -0.00255319 0.000764368 0.00492857 -0.00454545 0.00186667
internal_weight=6706 6593 6508 6431 6178 253 6112 507 436 325 212 5605 5393 4528 4465 4385 2890 1899 498 1495 320 1175 696 507 479 324 865 485 380 220
internal_count=6706 6593 6508 6431 6178 253 6112 507 436 325 212 5605 5393 4528 4465 4385 2890 1899 498 1495 320 1175 696 507 479 324 865 485 380 220
is_linear=0
shrinkage=0.035


Tree=113
num_leaves=31
num_cat=0
split_feature=27 27 153 207 58 89 209 131 178 272 137 49 148 270 126 49 49 274 137 8 81 153 49 59 224 60 225 173 123 122
split_gain=9.61241 13.5416 12.8448 12.1732 9.89023 11.7336 16.5521 21.5548 11.9278 11.5825 11.3447 10.0362 15.5829 30.5147 22.7797 19.2223 15.3787 17.6287 26.8869 24.282 32.5514 21.2997 18.8708 16.7255 19.3938 21.0554 16.8524 15.5621 17.3288 19.3667
threshold=46061.000000000007 32987.500000000007 0.86582448484410335 0.13326159181890174 -16.106711391421943 8.1027800375019119 13.906825021339762 0.84694999456405651 0.11049999296665193 0.020999990403652195 6128.0000000000009 12605.500000000002 1784.5000000000002 47.028554515793928 1143.5000000000002 13748.000000000002 8528.5000000000018 0.16030809085594758 6128.0000000000009 -77.769750856404372 4.3559000492095956 -0.11160206485854361 10154.000000000002 4.0298500061035165 0.77682156110474621 7148.5000000000009 0.29694392200779435 -0.90171484682707315 0.014505934416119864 55.946602241197127
decision_type=2 2 2 2 2 2 2 2 2 2 2 2 2 2 2 2 2 2 2 2 2 2 2 2 2 2 2 2 2 2
left_child=1 2 3 4 9 6 -6 -8 11 -1 -10 16 14 -14 -13 -15 23 18 19 21 -21 -18 -22 26 25 -25 27 -7 29 -29
right_child=-2 -3 -4 -5 5 8 7 -9 10 -11 -12 12 13 15 -16 -17 17 -19 -20 20 22 -23 -24 24 -26 -27 -28 28 -30 -31
leaf_value=-0.00042757148412591987 0.00082420316315200343 -0.001478863990645427 -0.0010952321197938623 0.00028237140024415857 0.0030510858843602476 -0.0033861950829779225 0.00070969896993738413 -0.0014940001962543655 -0.0001430308506968603 -0.0021636120867609119 0.0080564397675615251 -0.00016125304455332821 0.012891861066798693 -0.0022601437175433707 -0.0017576422702960139 -0.00011009988106542746 -0.0033960254297443777 -0.00033677198949728747 0.00754429010360226 -0.002304384955306269 0.0056906611516367618 0.0073335263170852582 -0.0011274898921921485 0.00042000829830581514 -0.0012566103552841409 -0.0010674213391369796 -0.00096376306887869449 0.0005479767232843231 -0.00044619557927311708 -0.00082185475862521127
leaf_weight=155 65 138 86 247 62 82 167 85 84 89 97 204 68 96 268 447 61 668 265 123 118 148 85 253 369 312 118 868 601 277
leaf_count=155 65 138 86 247 62 82 167 85 84 89 97 204 68 96 268 447 61 668 265 123 118 148 85 253 369 312 118 868 601 277
internal_value=-0.00241991 -0.00255417 -0.00231792 -0.00213096 -0.00243725 -0.00214804 0.00438871 0.000272374 -0.00251736 -0.00927711 0.00620968 -0.00281365 -0.00582261 -0.00210227 -0.010566 -0.00491788 -0.00205835 0.000855397 0.00434783 -0.000194444 -0.00613293 0.00899533 0.00252404 -0.00354246 -0.00738019 -0.00325439 -0.00168631 -0.000840153 -0.000119931 0.00240435
internal_weight=6706 6641 6503 6417 6170 5926 314 252 5612 244 181 5431 1083 611 472 543 4348 1468 800 535 326 209 203 2880 934 565 1946 1828 1746 1145
internal_count=6706 6641 6503 6417 6170 5926 314 252 5612 244 181 5431 1083 611 472 543 4348 1468 800 535 326 209 203 2880 934 565 1946 1828 1746 1145
is_linear=0
shrinkage=0.035


Tree=114
num_leaves=31
num_cat=0
split_feature=93 240 52 191 246 41 151 93 271 7 274 115 183 244 191 7 71 59 60 271 195 241 8 48 146 27 203 218 38 13
split_gain=15.4381 11.6234 12.6651 33.3697 25.147 16.9204 26.9699 24.8221 20.7159 23.4552 19.1726 17.0211 25.1835 16.9363 18.0964 16.7727 18.7303 16.2857 16.2058 15.8884 16.0824 16.8524 14.6617 17.2921 14.605 14.047 15.763 18.8308 17.8028 14.2028
threshold=33506.500000000007 47.198607066913929 575.50000000000011 0.21397499740123752 -0.83004115626657637 589.50000000000011 0.34870000183582311 2182.5000000000005 15.84626762659062 -56.181353275236674 -0.56402633901960353 3270.5000000000005 -0.10252783141353496 0.0040500015020370492 0.27117500454187399 -84.517458103017105 6926.0000000000009 3.2763500213623051 18999.500000000004 14.136341778576709 0.013601903331065692 0.4620797309484726 -78.300800132973606 3.7359499931335454 -1.501446759291593 6006.0000000000009 0.59563761066362209 5.8465063667676258 4472.5000000000009 59.542975393894686
decision_type=2 2 2 2 2 2 2 2 2 2 2 2 2 2 2 2 2 2 2 2 2 2 2 2 2 2 2 2 2 2
left_child=1 2 3 -1 -4 7 8 -6 10 -10 -7 12 15 -13 18 -12 -17 -16 25 20 -5 -22 23 -9 -8 26 -15 -28 -29 -27
right_child=-2 -3 4 19 5 6 24 22 9 -11 11 13 -14 14 17 16 -18 -19 -20 -21 21 -23 -24 -25 -26 29 27 28 -30 -31
leaf_value=-0.0011470421226975778 -0.0005816400903808273 0.0037248584225829623 0.010496775777523329 -7.1701138978003124e-06 -0.001171155976360282 -0.0021804310188670698 -0.0011867696272735548 0.022341791457560854 -0.0010750172271344681 0.0064134632845221596 0.0069080511789976606 -0.0010503585366748198 0.014471641621037827 0.009875294677523936 -0.0041211421991110032 -0.0026259780315474796 0.0018906178927893204 -0.00045662771373907731 0.0068047491393460145 -0.0021432920380305498 -0.00072884513854304172 -0.0045930665845900923 0.0025260188375570507 0.004949185941987979 -0.0049522025449301758 -8.9341672783658791e-05 0.0050833370748561615 5.4634838242474401e-05 -0.0016845866698939401 -0.00059523788248394614
leaf_weight=84 60 100 75 990 85 100 61 77 88 225 67 341 93 83 69 86 69 162 62 248 201 91 88 60 81 2373 76 79 61 371
leaf_count=84 60 100 75 990 85 100 61 77 88 225 67 341 93 83 69 86 69 162 62 248 201 91 88 60 81 2373 76 79 61 371
internal_value=-0.00239905 -0.00223124 -0.0024149 -0.00510191 -0.00153129 -0.00185006 -0.00239126 0.006 -0.00189683 0.00671384 -0.00256285 -0.00217163 0.00557812 -0.00284221 -0.00207423 -0.00092511 -0.00721875 -0.0114195 -0.00136174 -0.00387622 -0.00228438 -0.00942761 0.0120217 0.0189789 -0.0171429 -0.00173392 0.00541118 0.000316742 -0.00724138 -0.00252092
internal_weight=6706 6646 6546 1614 4932 4857 4547 310 4405 313 4092 3992 315 3677 3336 222 155 231 3105 1530 1282 292 225 137 142 3043 299 216 140 2744
internal_count=6706 6646 6546 1614 4932 4857 4547 310 4405 313 4092 3992 315 3677 3336 222 155 231 3105 1530 1282 292 225 137 142 3043 299 216 140 2744
is_linear=0
shrinkage=0.035


Tree=115
num_leaves=31
num_cat=0
split_feature=93 126 38 93 115 67 38 140 27 93 38 38 246 195 173 221 175 53 163 274 160 93 256 6 256 270 174 126 143 261
split_gain=11.7323 10.2004 13.3986 19.246 19.6442 20.9071 15.4879 18.7478 19.7795 21.9774 22.1008 17.4774 17.8268 17.1642 16.6826 17.4853 33.0728 26.5374 21.3907 26.0729 20.9368 19.1524 17.7505 17.6763 16.2753 26.4161 15.9483 16.8052 20.2854 18.7175
threshold=33506.500000000007 56.000000000000007 1789.5000000000002 4054.5000000000005 9867.0000000000018 8.9313686102285157 4013.5000000000005 632.50000000000011 7053.5000000000009 1111.5000000000002 3684.0000000000005 4411.0000000000009 0.55146946316908652 0.011919547092008495 0.43951412165514775 41.442521567932097 0.0250764144656089 -17.574712707519311 -0.25914335592179044 0.30490489050900488 0.047000005841255195 11322.000000000002 84.833851455995173 -16.139125967306502 32.05659860475 48.954407529386266 -0.14583334818954544 2599.0000000000005 0.34104999899864202 518.95001220703136
decision_type=2 2 2 2 2 2 2 2 2 2 2 2 2 2 2 2 2 2 2 2 2 2 2 2 2 2 2 2 2 2
left_child=1 -1 3 -3 5 -5 7 8 9 -4 13 -8 14 -11 15 16 18 21 22 20 -20 24 -13 -18 -17 -26 -27 -28 29 -29
right_child=-2 2 6 4 -6 -7 11 -9 -10 10 -12 12 -14 -15 -16 17 23 -19 19 -21 -22 -23 -24 -25 25 26 27 28 -30 -31
leaf_value=-0.00038258630752961519 -0.00056128268721749707 -0.0015803938952476039 -0.0026766296976682112 0.0086403034535855426 -0.0002165531308182789 5.3759429828804559e-05 0.0042952336544840129 0.0021149721025343752 -0.0018020782257019443 0.0044236943954140528 -0.0025592559138643569 -0.0011324928893571599 -0.00052125563099900444 -0.00029893447648060974 0.00069934109205293431 -0.0031977703644142778 -0.0010065945257589127 0.0050898102206725906 0.0020208980570378373 -0.00041916151885294355 -0.0020740288928776255 -0.003281045148483513 0.005877067617566142 0.00024466950339553238 0.01095615279622867 0.0019109977769545458 -0.0034061541050334769 -0.0020523369555232149 0.0041124263728522922 -0.00012620898409606979
leaf_weight=164 60 101 164 118 126 122 192 60 377 156 71 170 890 176 378 121 297 114 881 143 64 244 68 120 72 190 169 306 208 384
leaf_count=164 60 101 164 118 126 122 192 60 377 156 71 170 890 176 378 121 297 114 881 143 64 244 68 120 72 190 169 306 208 384
internal_value=-0.00241991 -0.00227334 -0.00205025 0.00363347 0.00735849 0.0131429 -0.00249419 -0.00645193 -0.00767123 -0.00348776 0.000943627 -0.00169557 -0.00211132 0.00477745 -0.00109431 -0.00184055 0.000660755 -0.0042471 0.00336589 0.00544373 0.00755263 -0.00535609 -0.00604938 -0.00787915 -0.00380069 -0.00264993 -0.00385499 -0.00551772 -0.00356589 -0.00644604
internal_weight=6706 6646 6482 467 366 240 6015 1004 944 567 403 5011 4819 332 3929 3551 1743 1808 1326 1088 945 1694 238 417 1450 1329 1257 1067 898 690
internal_count=6706 6646 6482 467 366 240 6015 1004 944 567 403 5011 4819 332 3929 3551 1743 1808 1326 1088 945 1694 238 417 1450 1329 1257 1067 898 690
is_linear=0
shrinkage=0.035


Tree=116
num_leaves=31
num_cat=0
split_feature=93 89 160 223 207 185 157 7 273 71 246 60 185 162 105 138 213 170 104 58 38 104 163 60 104 160 8 223 274 49
split_gain=10.1317 9.77792 15.4795 15.0807 15.9578 13.0961 12.7513 10.9035 10.076 9.82408 18.2374 12.1414 10.7711 12.4634 13.3115 11.0694 11.1609 10.637 10.0565 19.0179 21.3362 18.4672 17.3585 18.9274 25.6598 18.753 16.3746 15.2355 14.9171 18.545
threshold=33506.500000000007 8.1027800375019119 0.015149999409914018 20.084189658169844 0.041574253525663803 0.017896671797254016 -0.15364445261640483 -24.208006175211708 -0.5330124188217743 419.50000000000006 -0.85773807133473134 5331.5000000000009 0.005746908166026448 -0.53249796148588435 326.50000000000006 2.5000000000000004 10.763884499468462 -1.0000000180025095e-35 9776.0000000000018 -9.9842864328858596 7832.0000000000009 5267.0000000000009 0.18190396049110838 10570.500000000002 6267.5000000000009 0.040150001645088203 -111.0448654399938 9.649733036569538 0.16737210517643217 8645.5000000000018
decision_type=2 2 2 2 2 2 2 2 2 2 2 2 2 2 2 2 2 2 2 2 2 2 2 2 2 2 2 2 2 2
left_child=1 2 -1 4 7 8 -7 -4 -3 -10 11 -11 -12 14 -14 16 -15 -17 21 -20 -21 28 23 24 -23 27 -22 -26 29 -19
right_child=-2 5 3 -5 -6 6 -8 -9 9 10 12 -13 13 15 -16 17 -18 18 19 20 26 22 -24 -25 25 -27 -28 -29 -30 -31
leaf_value=-0.00093088034096493687 -0.0005416377931648864 -0.0012016967389380721 0.00033927850923825447 0.0081949200067066678 0.0008822323959303761 9.8886498065853265e-05 -0.00098001942950005786 -0.00091390310310909481 -0.0034093741858776698 0.019070850221027114 -0.0015144389965009082 4.802995883728512e-05 -0.00063047035225578818 -0.00099566809940937646 0.00050860747294344819 -0.0010020099577471657 0.0015471921422576119 -0.00023247240479412168 -0.0022902792705024504 0.004735971716792734 -0.00069618187428949717 -0.0023840366211788557 -0.0017939323947293291 -0.00090090374715533076 0.0094096036905754812 -0.00036364064401553018 0.00015876195253099193 0.00017212796145984341 -0.00028306491933676294 0.0067226605182481945
leaf_weight=114 60 88 63 62 78 119 385 82 112 63 193 97 62 91 274 112 358 434 158 187 106 146 462 258 136 84 313 178 1527 304
leaf_count=114 60 88 63 62 78 119 385 82 112 63 193 97 62 91 274 112 358 434 158 187 106 146 462 258 136 84 313 178 1527 304
internal_value=-0.00238862 -0.00225229 0.00303218 0.00736207 0.00291667 -0.00259197 -0.00797642 -0.00396667 -0.00211291 -0.00192314 -0.00170963 0.00975758 -0.00205921 -0.00175168 0.00472141 -0.00220416 0.00300661 -0.0027381 -0.00245114 0.00118336 0.00400982 -0.00323854 -0.00661939 -0.00346964 0.000255009 0.00486352 -0.000412736 0.00877743 -0.00134141 0.00273217
internal_weight=6706 6646 399 285 223 6247 504 145 5743 5655 5543 160 5383 5190 336 4854 449 4405 4293 764 606 3529 1264 802 544 398 419 314 2265 738
internal_count=6706 6646 399 285 223 6247 504 145 5743 5655 5543 160 5383 5190 336 4854 449 4405 4293 764 606 3529 1264 802 544 398 419 314 2265 738
is_linear=0
shrinkage=0.035


Tree=117
num_leaves=31
num_cat=0
split_feature=17 180 126 7 13 90 155 6 121 17 219 86 233 223 71 261 173 183 10 211 125 270 146 38 193 82 214 193 82 146
split_gain=9.66175 10.7907 20.3543 14.5948 14.1042 13.7714 12.6046 11.9401 18.2882 16.4212 19.1465 19.5801 18.8613 18.4011 15.994 20.097 21.916 23.2733 30.1828 21.3945 26.2594 19.4325 32.4355 18.1034 16.2188 20.2866 15.9996 23.7751 14.7321 14.5888
threshold=44.210400543163168 0.0047000348567962655 5395.5000000000009 -36.991024288355639 53.923481929714121 0.0081521810399760204 0.079938528340717782 -29.420163315786443 0.14800000190734866 7.1236403642771515 -34.984814585706935 1.7856962175266669 6019.9699707031259 12.05702950774012 16957.000000000004 562.01501464843761 0.15588363893233323 0.45779009379039665 42.213277948651076 -0.17442958644085796 4.2609999179840097 126.32528271935901 -1.2510734051297863 4903.0000000000009 0.12003074543964276 8305.5000000000018 0.045900009572505958 -0.93657985270396338 9035.5000000000018 -0.87191594128294547
decision_type=2 2 2 2 2 2 2 2 2 2 2 2 2 2 2 2 2 2 2 2 2 2 2 2 2 2 2 2 2 2
left_child=1 7 3 5 6 -3 -5 8 -1 10 11 12 -9 -13 15 16 19 18 -18 20 21 23 -23 -10 28 29 27 -22 -21 -26
right_child=-2 2 -4 4 -6 -7 -8 9 14 -11 -12 13 -14 -15 -16 -17 17 -19 -20 24 26 22 -24 -25 25 -27 -28 -29 -30 -31
leaf_value=-0.0013299096868657511 0.0031419128716033955 -0.0014989468832752014 -0.0027008897284897695 2.3436240458964698e-05 -0.0016802334140402786 0.0057584009803009518 -0.0011006253690656182 0.00048730110590150094 -0.004985324551878118 -0.00047500820216095786 -4.1866677212911713e-05 -0.00092401067496714431 0.0082965610445201367 0.0065628051858695391 0.00059375790962625354 -0.0018119128266866353 -0.00018075633803603055 0.0002739361471969454 -0.0043074914522338095 0.0091909878063620477 0.010466191716870734 0.012819911629591379 -0.0025609962232632298 -0.00035148205312499076 0.00025152170986491142 0.007593837470634095 0.0091642631814658985 -0.00062847176766586471 8.8713340095810403e-05 -0.0018742556497119884
leaf_weight=242 129 83 181 254 144 114 78 175 104 971 1681 148 167 60 148 181 231 193 205 153 80 97 67 153 79 104 62 219 124 79
leaf_count=242 129 83 181 254 144 114 78 175 104 971 1681 148 167 60 148 181 231 193 205 153 80 97 67 153 79 104 62 219 124 79
internal_value=-0.00226345 -0.00245138 -0.00611176 -0.00325221 -0.00654886 0.00467822 -0.00249258 -0.00190031 -0.00369952 -0.0004802 0.00117397 0.00681081 0.011902 -0.00164319 -0.00271235 -0.00349017 -0.00243478 -0.00778391 -0.0122222 0.000131976 -0.00355781 -0.00944836 0 -0.0153626 0.00546875 -0.000786517 0.00334699 -0.000115132 0.0112943 -0.00858896
internal_weight=6706 6577 854 673 476 197 332 5723 2521 3202 2231 550 342 208 2279 2131 1950 629 436 1321 782 421 164 257 539 262 361 299 277 158
internal_count=6706 6577 854 673 476 197 332 5723 2521 3202 2231 550 342 208 2279 2131 1950 629 436 1321 782 421 164 257 539 262 361 299 277 158
is_linear=0
shrinkage=0.035


Tree=118
num_leaves=31
num_cat=0
split_feature=115 115 115 246 150 105 115 148 246 142 211 172 148 183 123 79 92 274 222 134 83 211 56 35 89 209 246 10 211 269
split_gain=13.6517 11.4633 29.142 16.3764 13.5293 13.0267 12.5207 16.9923 18.9963 15.1031 15.0279 11.5806 12.6976 30.7702 12.8088 18.3156 17.516 16.4294 13.0182 14.3314 14.2915 12.7563 15.4942 13.2388 12.3784 15.5555 16.5826 13.489 19.2103 14.446
threshold=25649.000000000004 10665.500000000002 11229.000000000002 -0.23836926105947856 0.02104999125003815 388.50000000000006 9625.0000000000018 23.500000000000004 0.86956496362985003 0.78644999861717235 0.18049718282213528 -0.55864634128448731 438.00000000000006 0.67007410531381395 0.012422348137888622 0.0099012234029745797 6.0058999061584482 0.21384444061894817 7.4282552418117467 0.014613805660321251 652.50000000000011 -0.03719235652740286 11.972064428846641 0.020305072073315798 37.073405966840362 13.84933207952348 -0.79493691914177067 42.532262600762728 -0.21055597141129809 -2.2213298060091975
decision_type=2 2 2 2 2 2 2 2 2 2 2 2 2 2 2 2 2 2 2 2 2 2 2 2 2 2 2 2 2 2
left_child=1 6 -3 -4 -5 -6 7 -1 11 -10 -8 -9 -13 14 15 17 18 21 -17 20 -20 22 -14 -24 25 26 -16 28 -28 -30
right_child=-2 2 3 4 5 -7 10 8 9 -11 -12 12 13 -15 24 16 -18 -19 19 -21 -22 -23 23 -25 -26 -27 27 -29 29 -31
leaf_value=-0.00086854480414226976 -0.00049827176204794493 0.011751273074142136 0.010302705199834505 -0.0014511914865247175 0.00028830120965830821 -0.00024055614205176215 0.00062031469260058426 0.00055051184765162321 -0.00016088781578683711 0.0058762528267485188 -0.00097675899031245475 -0.0010146350790678467 0.0024731901213987531 0.0065338732021847897 0.0086495020555655902 0.0007780041060399611 -0.0034605914665134622 0.0016184813184501586 -8.4726551267649288e-05 -0.00075933074308840061 0.0020736426551739881 -0.0050245269020310424 0.0023759003268425398 -0.0021894974144628034 -0.0052924128982211145 -0.00084124269202250361 -0.0021474056867721953 -0.00087587909673474411 0.005734047845162047 0.00012702351423141413
leaf_weight=62 101 96 63 60 196 1015 119 182 63 116 447 381 68 161 79 371 63 81 320 260 280 156 76 139 62 921 60 461 72 175
leaf_count=62 101 96 63 60 196 1015 119 182 63 116 447 381 68 161 79 371 63 81 320 260 280 156 76 139 62 921 60 461 72 175
internal_value=-0.00238862 -0.00218684 0.000585366 -0.000784167 -0.0016732 -0.000834704 -0.0029527 -0.00234395 -0.0020837 0.00894022 -0.00784588 -0.00254516 -0.00292293 -0.00230577 -0.00297342 -0.000885102 0.00134719 -0.0064 0.00229369 -8.09249e-05 0.00289256 -0.00906532 -0.00449653 -0.00906818 -0.00503542 -0.00446136 -0.001027 -0.00262613 0.00302885 0.00736111
internal_weight=6706 6605 1430 1334 1271 1211 5175 4609 4547 179 566 4368 4186 3805 3644 1814 1294 520 1231 860 600 439 283 215 1830 1768 847 768 307 247
internal_count=6706 6605 1430 1334 1271 1211 5175 4609 4547 179 566 4368 4186 3805 3644 1814 1294 520 1231 860 600 439 283 215 1830 1768 847 768 307 247
is_linear=0
shrinkage=0.035


Tree=119
num_leaves=31
num_cat=0
split_feature=6 64 274 200 81 206 244 148 213 17 207 223 104 183 233 2 36 30 19 8 116 22 79 216 181 271 218 242 245 163
split_gain=11.8906 13.8109 16.4243 15.7313 12.989 12.7494 15.6818 11.9689 14.7524 13.1279 11.3489 13.2005 12.2762 22.2232 19.0574 22.4819 20.1537 18.2295 25.7697 23.4266 21.4279 17.6618 17.2979 17.1466 16.9818 16.6242 22.1979 14.7363 14.544 13.7329
threshold=23.086683748634446 7.8231866256806013 -0.23305791644266222 -0.011700000613927839 3.8090000152587895 -0.21977056283404192 0.0058000050485134133 29.500000000000004 11.080718458152029 46.919507640942335 0.13326159181890174 6.7165568973596779 2091.5000000000005 0.70025117881686783 5409.2700195312509 554.92999267578136 -9.8646482531939856 572.25000000000011 590.50000000000011 -70.4014077928734 41.500000000000007 0.23749999701976779 0.0099834621181693513 56.78290327488466 0.3421000018715859 15.84626762659062 32.956276094766956 80.156202391915016 0.072758906660196673 -0.11946969462150898
decision_type=2 2 2 2 2 2 2 2 2 2 2 2 2 2 2 2 2 2 2 2 2 2 2 2 2 2 2 2 2 2
left_child=1 2 -1 5 -2 -4 -7 8 -3 10 12 -12 29 14 -14 16 -16 20 19 23 22 -22 -17 -19 25 -20 -27 28 -23 -9
right_child=4 7 3 -5 -6 6 -8 9 -10 -11 11 -13 13 -15 15 17 -18 18 24 -21 21 27 -24 -25 -26 26 -28 -29 -30 -31
leaf_value=0.004734887311029984 -0.0015687127670772831 -0.00060325596978680785 0.0029082060054984541 -0.0013291525155424925 7.3012682352758266e-05 -0.0014107099815054665 7.8873661408960805e-05 0.0043374923514493862 -8.3474981805295735e-05 0.0045757049773327277 -0.00044085956621782224 0.0009963550083113247 -0.0061295275002313443 -0.0041792863796614333 0.014168340698662544 -0.0020043978225871549 -0.00038491910600815918 0.014119475620304472 -0.0002655584506042283 -0.00071252345604833132 -0.0044768377637725938 0.0024278321826453307 0.0020796641013801015 0.0077331611537933753 -0.004342423552465286 0.0074999718318451113 -0.00077225125786709991 -0.0027222208177525905 -0.0031406367801049902 -7.9371625412857647e-05
leaf_weight=81 168 61 136 62 87 83 379 108 90 79 84 130 104 84 116 76 103 86 2465 103 73 92 92 106 112 127 73 211 101 1034
leaf_count=81 168 61 136 62 87 83 379 108 90 79 84 130 104 84 116 76 103 86 2465 103 73 92 92 106 112 127 73 211 101 1034
internal_value=-0.00248249 -0.00218479 0.00229893 0.000421053 -0.00982692 0.00220564 -0.000599572 -0.00276815 -0.0123397 -0.0024973 -0.00270556 0.00511416 -0.00302789 -0.0039162 -0.00353028 -0.00312611 0.00765625 -0.00377082 -0.00263893 0.00711667 -0.0091 -0.0128527 0.0016185 0.0142132 -0.0036862 -0.00310674 0.0064878 -0.0097555 -0.00265152 0.000183086
internal_weight=6706 6451 741 660 255 598 462 5710 151 5559 5480 214 5266 4124 4040 3936 219 3717 3072 295 645 477 168 192 2777 2665 200 404 193 1142
internal_count=6706 6451 741 660 255 598 462 5710 151 5559 5480 214 5266 4124 4040 3936 219 3717 3072 295 645 477 168 192 2777 2665 200 404 193 1142
is_linear=0
shrinkage=0.035


Tree=120
num_leaves=31
num_cat=0
split_feature=115 71 203 193 103 114 268 203 261 104 82 91 104 214 104 60 264 8 201 22 225 174 126 23 203 169 26 36 145 244
split_gain=12.046 10.7158 14.346 18.3188 13.6863 20.329 16.5622 13.8205 13.1869 11.6112 10.8294 9.89271 22.0397 27.5312 21.2003 19.3855 18.4014 20.2537 18.1674 23.8306 17.8576 20.2248 17.8561 18.5131 17.131 16.3255 16.0549 14.9861 14.8655 14.5944
threshold=25649.000000000004 419.50000000000006 -0.95346394390117306 -0.85544665273915899 5.9855999946594247 5.5753500461578378 -2.1613759953564844 0.65620448377712537 445.10499572753912 42648.500000000007 294.00000000000006 -3.3969184017352156 9371.5000000000018 0.030299995094537738 505.50000000000006 10570.500000000002 0.19318464580919684 -70.4014077928734 0.35652499645948416 0.47845000028610235 0.12535520124763302 -0.077442059054533816 5250.0000000000009 1.8066421163072286 0.84419413771919916 16.670271702259576 2.6372500658035283 -9.2532455478591462 0.015350162593569911 0.022750005125999454
decision_type=2 2 2 2 2 2 2 2 2 2 2 2 2 2 2 2 2 2 2 2 2 2 2 2 2 2 2 2 2 2
left_child=1 -1 3 -3 5 8 -6 -8 -4 10 -10 15 14 26 -13 16 29 18 -18 -20 21 -16 24 -24 -19 -25 -14 -23 -15 -12
right_child=-2 2 4 -5 6 -7 7 -9 9 -11 11 12 13 28 20 -17 17 22 19 -21 -22 27 23 25 -26 -27 -28 -29 -30 -31
leaf_value=-0.0030185604889636339 -0.00047153770460511618 0.0098962234282027207 0.0078026857566081773 -0.0007450076196048942 -0.0019897350830967754 0.00098366699427079938 -0.0048024000435065006 0.00077656606786556388 -0.00036549843116091666 -0.0019025185693073605 -1.5359830722616876e-05 0.00025595809495376488 0.00053887719453407591 0.00023939551208499224 -0.0018200621395349189 -0.00063710356637481703 0.0078600373671452502 -0.0016426741220681551 -0.0036193458909775096 0.0050945568907047609 -0.00023280770000036369 0.00041866841513221265 0.010432184809943153 0.0011285765718852059 6.6265829439302604e-05 -0.0016969287258058897 -0.00098054196861364603 -0.00080983835134757539 0.0060109463515965562 -0.00084691666258425512
leaf_weight=113 101 89 75 69 119 137 79 92 151 60 760 184 64 87 397 607 320 306 102 89 793 150 85 103 343 77 194 517 123 320
leaf_count=113 101 89 75 69 119 137 79 92 151 60 760 184 64 87 397 607 320 306 102 89 793 150 85 103 343 77 194 517 123 320
internal_value=-0.00248249 -0.00229274 -0.00210097 0.00815951 -0.00236315 -0.00200198 -0.00972881 -0.00258523 -0.00231478 -0.00250642 -0.00233858 -0.00208407 -0.00371718 0.00310782 -0.00528592 -0.000763555 0.000599602 0.00320629 0.00875 0.000178571 -0.00640977 -0.00936389 7.61697e-05 0.00764815 -0.00305046 0.00113514 -0.00452471 -0.00557292 0.0123721 -0.00283871
internal_weight=6706 6605 6492 158 6334 6044 290 171 5907 5832 5772 5621 2509 468 2041 3112 2505 1425 511 191 1857 1064 914 265 649 180 258 667 210 1080
internal_count=6706 6605 6492 158 6334 6044 290 171 5907 5832 5772 5621 2509 468 2041 3112 2505 1425 511 191 1857 1064 914 265 649 180 258 667 210 1080
is_linear=0
shrinkage=0.035


Tree=121
num_leaves=31
num_cat=0
split_feature=148 261 207 261 215 160 214 245 267 189 58 274 174 50 163 145 88 56 115 27 261 270 148 207 229 154 236 86 224 13
split_gain=11.2582 11.1781 10.6671 12.3834 12.4049 11.4732 11.3514 14.2639 10.4193 13.0845 12.4946 13.2884 18.4489 10.4845 11.5596 13.6666 14.4503 12.8928 20.1478 17.2175 24.6237 14.9356 14.7453 14.2382 14.0021 13.573 13.4245 12.8816 12.7761 16.7328
threshold=29.500000000000004 528.39001464843761 0.13326159181890174 547.77001953125011 -0.039400000125169747 0.071750000119209303 0.11625000834465028 -0.015095036068574675 -8.4044741294742025 18.791688583503252 -16.106711391421943 0.81974604886874802 -0.024107559074359974 2472.0000000000005 0.93532954753437703 0.015283917897252121 0.52609997987747203 10.448655916279046 4056.5000000000005 3772.5000000000005 480.95500183105474 49.194666728658071 4865.0000000000009 0.014008754280712901 1.1195800862229268 -0.026666641233458997 -2.282494815872282 2.0203724696521435 0.99999999999239719 33.102167722863932
decision_type=2 2 2 2 2 2 2 2 2 2 2 2 2 2 2 2 2 2 2 2 2 2 2 2 2 2 2 2 2 2
left_child=1 -1 5 -4 -5 8 7 -7 -2 10 -10 13 -13 14 15 16 17 18 22 -19 23 26 -12 -21 -23 -26 -20 -28 29 -17
right_child=2 -3 3 4 -6 6 -8 -9 9 -11 11 12 -14 -15 -16 28 -18 19 21 20 -22 24 -24 -25 25 -27 27 -29 -30 -31
leaf_value=-0.00063675082154519163 0.0017288810812574726 -8.4104898429351605e-05 0.0028772427752417184 0.0013129033406621348 -0.0013018033764889262 -0.00052163515820797287 -0.0016041068299592349 0.0084688546703080934 -0.0011663525390480422 -0.0011696830922202602 0.0080497239926428168 0.00063137740062316292 -0.00030857138349414784 -0.0015382060767811317 -0.00083655224414908393 -0.00026668235441636466 0.004765721045606866 -0.0030023587372929538 0.0034080928198668863 0.0033389601535405845 -0.0021726864634992278 3.2180069563826908e-05 4.2996796264691552e-05 -0.0011624578561368981 -0.0015980925360084169 -5.6110691132906795e-05 -0.00041762158607307881 0.00026823585265348728 -0.0019482297213422161 0.0001688482689800597
leaf_weight=76 240 104 105 64 78 68 61 124 240 132 64 138 117 188 60 926 109 122 76 104 316 155 201 62 438 146 198 109 146 1739
leaf_count=76 240 104 105 64 78 68 61 124 240 132 64 138 117 188 60 926 109 122 76 104 316 155 201 62 438 146 198 109 146 1739
internal_value=-0.0024512 -0.010973 -0.00220793 0.00486111 -0.00190476 -0.00248966 0.00474806 0.00888325 -0.00279721 -0.00309446 -0.00283266 -0.00248016 0.00525 -0.00286696 -0.00255326 -0.00235659 -0.00448931 -0.00517285 -0.00329382 -0.00942529 -0.00632444 -0.00534161 0.00531481 0.00450292 -0.00823253 -0.0106961 0.000270619 -0.00302885 -0.000758168 -0.000196629
internal_weight=6706 180 6526 247 142 6279 253 192 6026 5786 5654 5414 255 5159 4971 4911 2100 1991 1387 604 482 1122 265 166 739 584 383 307 2811 2665
internal_count=6706 180 6526 247 142 6279 253 192 6026 5786 5654 5414 255 5159 4971 4911 2100 1991 1387 604 482 1122 265 166 739 584 383 307 2811 2665
is_linear=0
shrinkage=0.035


Tree=122
num_leaves=31
num_cat=0
split_feature=148 213 103 166 154 173 27 27 21 225 80 75 145 48 180 244 10 9 10 270 146 71 233 223 270 38 126 238 246 26
split_gain=11.5378 10.7309 10.339 11.5874 13.6489 11.5358 13.164 16.6713 14.8808 14.3151 15.9066 13.9408 13.1887 13.0963 12.5339 11.3017 11.16 20.4325 20.1192 24.8461 15.762 20.1799 19.0785 18.9448 16.3428 15.5671 15.377 16.0007 14.8895 14.7706
threshold=29.500000000000004 11.080718458152029 5.9855999946594247 0.31961021241451931 -0.2037037167118497 -0.90171484682707315 5596.5000000000009 5360.5000000000009 0.14195000380277636 0.13157179004519268 -4.4173184790247708 -32.091052030227544 0.014269827740124379 5.07605004310608 0.004999980330467225 0.0040500015020370492 42.213277948651076 31.662168714753253 29.239967926668253 48.356524982711953 -1.0664788242991581 6075.5000000000009 6054.6198730468759 11.147476344504804 48.241054504243401 10300.000000000002 2439.5000000000005 -0.72192933713854923 -0.14327230326919638 3.1949499845504765
decision_type=2 2 2 2 2 2 2 2 2 2 2 2 2 2 2 2 2 2 2 2 2 2 2 2 2 2 2 2 2 2
left_child=1 -1 5 4 -4 -2 7 8 11 10 -10 -7 -13 14 15 -8 18 28 29 -20 21 -19 23 -23 -22 -21 27 -26 -18 -17
right_child=2 -3 3 -5 -6 6 13 -9 9 -11 -12 12 -14 -15 -16 16 17 20 19 25 24 22 -24 -25 26 -27 -28 -29 -30 -31
leaf_value=-0.00053460266730957252 -0.0021615601684420636 -9.1487398174724136e-05 -0.00041689127495188609 0.00035344953294628561 -0.0026604849880109767 -0.0020483811648088364 -0.00055603418505840746 0.0097878951012067821 0.00027623269128743442 0.0044049017175791733 -0.001025960980259411 0.00032738620400487309 -0.00053466296268363364 0.0019578024470990477 -0.00081223520176246819 -0.00031887554699595204 -0.00029789181504753185 0.0065021670615848593 -4.2036560262717074e-05 0.0076912934226853885 -0.0023104326440018448 0.00044513291795308225 0.0005709442084932076 -0.0011596584632703147 -0.00041691167327834443 9.7144603213156217e-06 -0.00069249838394729371 0.00061825267042843034 -0.0063928824569114686 0.0016433476259779577
leaf_weight=66 110 114 83 91 118 96 546 67 386 187 168 87 241 63 610 765 81 171 233 223 95 110 297 211 140 89 683 277 109 189
leaf_count=66 110 114 83 91 118 96 546 67 386 187 168 87 241 63 610 765 81 171 233 223 95 110 297 211 140 89 683 277 109 189
internal_value=-0.00234689 -0.010973 -0.00210075 -0.00848485 -0.0130825 -0.00179516 -0.00158753 0.00164107 0.000628205 0.0036126 0.000751342 -0.00456876 -0.00105105 -0.00240147 -0.00261378 -0.00193063 -0.00122757 -0.00282698 0.00109375 0.00642727 -0.00175968 0.00207179 -0.000898876 -0.0067638 -0.0042875 0.0128076 -0.00304072 0.00223934 -0.013641 -0.0019708
internal_weight=6706 180 6526 292 201 6234 6124 1232 1165 741 554 424 328 4892 4829 4219 3673 2174 1499 545 1984 789 618 321 1195 312 1100 417 190 954
internal_count=6706 180 6526 292 201 6234 6124 1232 1165 741 554 424 328 4892 4829 4219 3673 2174 1499 545 1984 789 618 321 1195 312 1100 417 190 954
is_linear=0
shrinkage=0.035


Tree=123
num_leaves=31
num_cat=0
split_feature=126 137 137 157 193 193 63 154 183 183 203 183 25 240 101 137 183 223 13 80 200 24 179 116 123 202 177 63 101 91
split_gain=11.2701 10.7529 10.5203 11.2799 10.8016 15.6753 11.9064 11.3104 14.3019 22.4819 20.9183 22.4456 16.4444 17.9781 16.0335 14.6668 14.0633 13.2884 20.8769 23.5135 17.2042 13.3676 12.7624 16.4075 13.1752 12.5557 11.8337 14.0988 11.2784 13.7016
threshold=56.000000000000007 22891.500000000004 17923.500000000004 -0.15364445261640483 0.94739419584466755 0.9382430933540119 607.25000000000011 -0.11764704935745314 -0.086909080939978942 0.065102449046145386 -0.49082866852216195 0.16833408188784901 -6.6477193246374293 8.0798449489871711 0.0083858230060775505 4087.5000000000005 -0.009292899864611761 5.2886106008914791 82.836512493761845 -5.9090756686977484 -0.047300003468990319 0.033615887396275766 17.864307314875287 80.500000000000014 0.013824944519933611 -0.5324029204578401 -0.027986029826023679 636.50000000000011 0.0060976118912854744 -4.2265678106229476
decision_type=2 2 2 2 2 2 2 2 2 2 2 2 2 2 2 2 2 2 2 2 2 2 2 2 2 2 2 2 2 2
left_child=-1 2 3 -2 5 7 -6 22 14 16 -11 -12 13 26 28 -15 -10 -16 20 21 -19 -20 23 -5 -25 -26 -13 -28 -9 -30
right_child=1 -3 -4 4 6 -7 -8 8 9 10 11 12 -14 15 17 -17 -18 18 19 -21 -22 -23 -24 24 25 -27 27 -29 29 -31
leaf_value=-0.00030208136565978901 0.00047355305753608081 0.00018766249793298551 -0.002380644455108093 -0.00083323625441327886 0.0056366377618402227 -0.0023509473261366732 -0.000223227545433731 -0.000791364608834289 7.3869678529037151e-06 0.0054677889564690189 -0.0020373099421129759 0.00093396826171210042 -0.0020708867603882871 0.0014170781706223253 2.0943956464242744e-05 -0.00073487433393190952 0.016520544466501082 0.00018847141082300445 0.011300846718393581 -0.0028820901734105944 -0.0017379528677122866 -0.00051747853624398491 -0.00090197075848803051 0.00015909809629364947 0.00025598339792048675 -0.00052473378528106413 -1.5677958238133894e-05 0.0067028975768801905 -0.0020320411371960207 0.0023435940803884473
leaf_weight=164 351 97 84 505 92 81 100 158 80 80 145 189 145 72 195 332 129 69 72 85 420 61 527 783 155 537 599 89 63 247
leaf_count=164 351 97 84 505 92 81 100 158 80 80 145 189 145 72 195 332 129 69 72 85 420 61 527 783 155 537 599 89 63 247
internal_value=-0.00225302 -0.00202077 -0.00219767 -0.00202875 -0.0023857 -0.00265671 0.00568528 -0.00243208 -0.00106028 0.000938338 -0.000443841 -0.0013547 0 0.00127916 -0.00376727 -0.00479218 0.0116121 -0.00648291 -0.00870084 0.000313901 -0.0126822 0.00938406 -0.00419387 -0.00289169 -0.00101689 -0.00451937 0.0040873 0.00191919 0.00147992 0.00533333
internal_weight=6706 6542 6445 6361 6010 5818 192 5737 3230 1860 1651 1571 1426 1281 1370 404 209 902 707 218 489 133 2507 1980 1475 692 877 688 468 310
internal_count=6706 6542 6445 6361 6010 5818 192 5737 3230 1860 1651 1571 1426 1281 1370 404 209 902 707 218 489 133 2507 1980 1475 692 877 688 468 310
is_linear=0
shrinkage=0.035


Tree=124
num_leaves=31
num_cat=0
split_feature=126 199 214 10 49 193 103 4 162 114 199 223 222 27 79 126 140 204 190 185 27 6 225 43 115 115 211 22 203 270
split_gain=10.3997 10.2274 12.9187 12.2564 14.9381 10.9014 10.3495 13.3236 13.9263 11.5687 9.65561 9.47031 12.9695 14.363 13.1933 14.4381 21.5292 13.1028 12.4233 10.9028 14.5896 22.4449 14.6047 17.4246 10.917 28.7714 21.5531 18.0432 17.8147 15.6776
threshold=56.000000000000007 13.015728639482502 0.08890001475811006 18.004507956438424 6241.5000000000009 -0.96538901520951492 5.9855999946594247 -30.201035271314627 0.16493312594602647 5.5753500461578378 15.535344605674679 27.47724396026376 15.557313359320265 13181.500000000002 0.01646116797001437 7428.0000000000009 571.50000000000011 0.042621210640896405 -0.0042500048875808707 0.0058511742932432029 5977.5000000000009 -5.1483565313542892 0.11411867141287883 0.26414999365806585 3990.5000000000005 4858.0000000000009 -0.17442958644085796 0.32244999706745153 -0.72326536764522131 101.98158817213665
decision_type=2 2 2 2 2 2 2 2 2 2 2 2 2 2 2 2 2 2 2 2 2 2 2 2 2 2 2 2 2 2
left_child=-1 3 5 -2 -5 10 9 -8 -9 11 -3 19 13 14 15 16 -13 -18 -16 -7 21 22 23 -21 26 -26 29 -27 -28 -22
right_child=1 2 -4 4 -6 6 7 8 -10 -11 -12 12 -14 -15 18 -17 17 -19 -20 20 24 -23 -24 -25 25 27 28 -29 -30 -31
leaf_value=-0.0002915085178616964 0.0012247921654920863 -0.0004236084260483295 0.001261580247861312 -0.0058349249661017082 -2.2376068094951407e-05 -0.0013987154683858364 -0.0028198620519178765 -0.0026138112144407856 0.00046149096890246271 0.00060459690688546787 0.012033775471843857 -0.0010555320040337508 -0.0018594594324552291 0.0044548926110839259 -0.0023791115809730983 -0.00072030765844293809 0.011164923055204294 2.6099270674557616e-05 0.0004551799342233218 8.2106221096478477e-05 2.6584236581791435e-05 0.0083715620070785573 0.0039371936646604771 -0.0026286987451702784 -0.0017429973615393714 -0.00017362790785905208 -0.0051073598352789568 0.0065437271701252273 0.0049674604330686677 -0.0018794612352304764
leaf_weight=164 62 63 175 135 98 117 60 111 112 141 61 187 60 77 268 105 68 62 69 263 180 82 247 110 185 2942 60 94 275 73
leaf_count=164 62 63 175 135 98 117 60 111 112 141 61 187 60 77 268 105 68 62 69 263 180 82 247 110 185 2942 60 94 275 73
internal_value=-0.00219043 -0.00196731 -0.00166267 -0.00828333 -0.0119118 -0.00193517 -0.00215186 -0.00862847 -0.00445175 -0.00182099 0.00813953 -0.00207632 -0.00536071 -0.00416171 -0.00563482 -0.00147541 0.00228261 0.012963 -0.0107456 -0.00143536 -0.00115478 0.00346535 0.00112 -0.00324074 -0.0020097 -0.00280998 0.00236088 -0.00197961 0.00813235 -0.0052907
internal_weight=6706 6542 6247 295 233 6072 5948 283 223 5665 124 5524 896 836 759 422 317 130 337 4628 4511 702 620 373 3809 3221 588 3036 335 253
internal_count=6706 6542 6247 295 233 6072 5948 283 223 5665 124 5524 896 836 759 422 317 130 337 4628 4511 702 620 373 3809 3221 588 3036 335 253
is_linear=0
shrinkage=0.035


Tree=125
num_leaves=31
num_cat=0
split_feature=82 115 71 71 214 115 6 203 267 101 103 104 166 114 172 214 49 27 225 195 180 71 126 9 288 121 5 267 203 219
split_gain=9.7459 10.1461 9.23619 11.9274 10.1939 12.5743 10.6974 12.2378 10.9256 17.8058 12.7299 12.0426 12.3372 11.1264 10.7542 11.4545 11.248 9.86125 20.4524 12.9104 13.0448 12.6065 15.2306 13.6777 14.8825 14.6372 13.6605 12.1108 12.1006 14.0634
threshold=235.50000000000003 25649.000000000004 419.50000000000006 791.00000000000011 -0.012549996376037596 404.50000000000006 23.086683748634446 0.84766591122341284 7.5350837034776639 0.0077972933359558381 5.9855999946594247 10055.000000000002 0.35538390721883278 5.5753500461578378 0.47760238500159918 0.015149980783462526 6828.5000000000009 5732.5000000000009 0.033102586013563355 0.019104105617903256 0.0047000348567962655 4011.5000000000005 6591.5000000000009 88.755225183929909 1.0000000180025095e-35 0.18855000287294391 69.663599743979049 -8.1045383282979362 -0.44902785421359581 0.61632158882596955
decision_type=2 2 2 2 2 2 2 2 2 2 2 2 2 2 2 2 2 2 2 2 2 2 2 2 2 2 2 2 2 2
left_child=-1 2 -2 -4 -5 -6 8 -8 10 -10 13 12 -12 14 17 -16 -17 18 -7 20 27 26 23 24 25 -23 -20 -19 -21 -30
right_child=1 -3 3 4 5 6 7 -9 9 -11 11 -13 -14 -15 15 16 -18 19 21 28 -22 22 -24 -25 -26 -27 -28 -29 29 -31
leaf_value=-0.00036905061421906808 -0.0026675323286987993 -0.00046775022640826617 0.0085959110715978261 -0.00067520069228721674 0.00917381812632234 0.0066519669942501922 -0.0039122991310011736 3.7864382766811812e-05 -0.0015703186241035263 0.003107091305940439 -0.0024375272594029124 9.6524691508796404e-05 2.1125123597184467e-05 0.00070842946395183344 0.00015328324202470241 -0.0019229928790452573 -0.00051799347751644686 0.0051534850670759656 -0.0011221218332492094 0.0075897520821745605 -0.00093500852543791256 -0.0004828522635656324 0.0077752718842138873 -0.0029717654305356175 -0.0020646914659269047 0.0082943415942295391 0.0019962348888662232 -0.00014939477201535991 -8.4959794190202302e-05 0.0046361448814229893
leaf_weight=103 113 93 91 147 99 134 143 103 65 177 146 60 62 124 77 144 421 104 219 66 420 63 63 75 60 117 68 2723 361 65
leaf_count=103 113 93 91 147 99 134 143 103 65 177 146 60 62 124 77 144 421 104 219 66 420 63 63 75 60 117 68 2723 361 65
internal_value=-0.00220086 -0.0020286 -0.00185879 -0.00167838 -0.00186341 -0.00164098 -0.00184666 -0.0089243 -0.00153978 0.00566802 -0.00185763 -0.00923077 -0.0131455 -0.00147674 -0.00172806 -0.00595054 -0.00767544 -0.00112481 0.00239428 -0.00187901 -0.00267989 -0.000156716 0.00402089 0.000765625 0.00485714 0.00983784 -0.00563356 -0.00181674 0.00338028 0.00113689
internal_weight=6706 6603 6510 6397 6306 6159 6060 246 5814 242 5572 268 208 5304 5180 642 565 4538 799 3739 3247 665 378 315 240 180 287 2827 492 426
internal_count=6706 6603 6510 6397 6306 6159 6060 246 5814 242 5572 268 208 5304 5180 642 565 4538 799 3739 3247 665 378 315 240 180 287 2827 492 426
is_linear=0
shrinkage=0.035


Tree=126
num_leaves=31
num_cat=0
split_feature=104 214 254 115 115 261 64 183 163 26 82 244 38 90 6 38 190 214 148 148 163 81 246 80 91 82 233 19 27 13
split_gain=10.7642 11.571 9.87766 10.1654 19.4686 14.5601 18.7446 20.6014 18.4826 14.0375 18.9144 13.937 13.5995 25.9874 18.7112 16.0901 19.8888 18.7852 16.4502 17.8142 15.6827 26.8105 28.8893 20.6406 22.8117 34.1208 18.14 25.2566 17.4983 17.2494
threshold=153.50000000000003 0.042499992996454246 44.210400543163168 10665.500000000002 11229.000000000002 528.70501708984386 9.1357351096044166 0.56901350660940453 1.0000000180025095e-35 2.6000000238418584 7684.5000000000009 0.01310001313686371 1789.5000000000002 0.010152250352481004 15.943808133670418 4013.5000000000005 -0.0024500042200088497 0.014100003987550737 2402.5000000000005 1940.0000000000002 0.36941985137466976 4.4254500865936288 0.17071352805694234 -8.3694066138358991 -3.2930928985519197 12180.500000000002 5862.8000488281259 570.50000000000011 17660.000000000004 28.952530246156616
decision_type=2 2 2 2 2 2 2 2 2 2 2 2 2 2 2 2 2 2 2 2 2 2 2 2 2 2 2 2 2 2
left_child=1 -1 3 12 -5 8 7 -7 -6 -10 -11 -9 13 -2 -15 16 18 -17 19 -14 23 29 -23 -19 -25 26 27 -26 -28 -22
right_child=2 -3 -4 4 5 6 -8 11 9 10 -12 -13 15 14 -16 17 -18 20 -20 -21 21 22 -24 24 25 -27 28 -29 -30 -31
leaf_value=-1.1823628483838001e-05 -0.0013193000234983478 -0.00029687612348872408 0.002723479625019243 0.011363344265652843 0.016131784430980824 0.0060761227316357075 -0.0004455667025260252 -0.0015189449917344549 -0.00063198189148432819 0.0069246316840416546 -0.00047869432446322917 0.00038454165147811957 -0.00057058505627149373 0.0079638477656749241 -0.00014918605349099781 0.00020879681635537498 -0.0030088855067956582 -0.0012646650896534035 0.0013460336692447037 -0.004085083988228733 -0.00059574497704924017 0.00066770029219274951 -0.0022523008678499543 5.7990998651732136e-05 -0.0015950840818132039 0.0027633414422052905 -0.00033096232431760692 -0.0057766133579823268 -0.0027513456495535521 0.0060640051998084241
leaf_weight=83 92 90 128 93 73 146 697 74 168 75 67 69 341 141 61 444 182 521 242 75 63 99 169 938 139 163 854 146 74 199
leaf_count=83 92 90 128 93 73 146 697 74 168 75 67 69 341 141 61 444 182 521 242 75 63 99 169 938 139 163 854 146 74 199
internal_value=-0.0023156 -0.0108146 -0.00208244 -0.00227691 0.000286299 -0.000789665 -0.00303734 0.00440476 0.00496134 0.00111111 0.00904762 -0.00496622 -0.00303456 0.00421405 0.0111594 -0.00349699 -0.00786982 -0.0025236 -0.00496229 -0.00914489 -0.00341691 0.00209346 -0.00564103 -0.00444894 -0.00301854 -0.0058798 -0.0079023 -0.015569 -0.00547696 0.00996255
internal_weight=6706 173 6533 6405 1462 1369 986 289 383 310 142 143 4943 294 202 4649 840 3809 658 416 3365 530 268 2835 2314 1376 1213 285 928 262
internal_count=6706 173 6533 6405 1462 1369 986 289 383 310 142 143 4943 294 202 4649 840 3809 658 416 3365 530 268 2835 2314 1376 1213 285 928 262
is_linear=0
shrinkage=0.035


Tree=127
num_leaves=31
num_cat=0
split_feature=82 93 115 4 274 38 38 137 266 207 115 67 165 52 91 118 91 60 93 246 104 4 150 270 65 230 172 17 271 193
split_gain=10.7054 10.1608 13.8139 25.3867 23.7799 15.7378 13.5392 18.1086 16.5005 16.0206 15.1678 14.4979 12.5281 12.517 21.7965 27.6983 21.1239 30.6328 14.3951 18.2862 14.6914 12.4865 12.3431 10.7312 10.6484 15.8791 11.4126 11.4842 11.2064 10.2235
threshold=235.50000000000003 12524.500000000002 10388.500000000002 -1.252175193749349 0.24971779236295308 10348.500000000002 1263.5000000000002 13169.000000000002 0.94732803407326938 0.015533440004993081 9625.0000000000018 5.915129951894909 0.045972088709909494 614.50000000000011 -3.206643626957598 610.50000000000011 -4.9611814348691636 6481.5000000000009 20435.500000000004 -0.20557063365992476 10476.500000000002 -10.151509101096979 0.052499994635581977 40.055755311612224 0.41955000162124639 -0.66020936700217348 -0.45918873629659501 44.210400543163168 4.7729743562727434 0.42697639026264356
decision_type=2 2 2 2 2 2 2 2 2 2 2 2 2 2 2 2 2 2 2 2 2 2 2 2 2 2 2 2 2 2
left_child=-1 2 6 4 5 -4 9 10 -9 -2 24 -12 -5 14 23 29 17 -15 19 -18 22 -6 -21 -3 26 -26 28 -28 -8 -16
right_child=1 13 3 12 21 -7 7 8 -10 -11 11 -13 -14 16 15 -17 18 -19 -20 20 -22 -23 -24 -25 25 -27 27 -29 -30 -31
leaf_value=-0.00034574317839929428 -9.9678328456495607e-05 -0.00033598918139135015 0.012552551547889904 -0.0003545128877952578 -0.00092247615153092863 0.00035181304722077024 -0.000469525183876319 -6.0672318329953737e-05 0.0091922851268403331 0.0077284882208108786 0.0014141763085565198 -0.0011976418655473759 0.00063320916200319745 0.017326879393311959 -9.3372832717126278e-05 -0.0006621211827899132 0.0028677338713100566 -0.00039719098917612996 0.00095521094226018314 -0.0028060373563965056 2.7284230043383433e-05 0.00022326401452249625 -0.00097705127758588575 -0.0016151460864225438 -0.00065572299214956939 0.00491538749524388 -0.00038900897972213972 0.0035657719393596618 0.0020412218703675052 0.0042159405712394191
leaf_weight=103 120 77 142 424 60 76 94 68 60 80 62 239 90 69 90 81 61 95 96 132 67 115 74 250 80 100 3277 89 213 122
leaf_count=103 120 77 142 424 60 76 94 68 60 80 62 239 90 69 90 81 61 95 96 132 67 115 74 250 80 100 3277 89 213 122
internal_value=-0.00234689 -0.00216631 -0.00151187 0.00241776 0.00905779 0.0166368 -0.00230889 -0.00272685 0.01 0.0064878 -0.00313056 -0.0106373 -0.0026975 -0.00505332 -0.008512 -0.00152685 -0.00140234 0.00911243 -0.00547126 -0.00887906 -0.0127158 -0.000583333 -0.0172512 -0.0146536 -0.0025311 0.00567568 -0.00294046 -0.00353011 0.00347756 0.00516129
internal_weight=6706 6603 5389 907 393 218 4482 4282 128 200 4154 301 514 1214 620 293 594 164 430 334 273 175 206 327 3853 180 3673 3366 307 212
internal_count=6706 6603 5389 907 393 218 4482 4282 128 200 4154 301 514 1214 620 293 594 164 430 334 273 175 206 327 3853 180 3673 3366 307 212
is_linear=0
shrinkage=0.035


Tree=128
num_leaves=31
num_cat=0
split_feature=148 274 212 156 38 38 178 274 72 75 271 244 245 65 123 225 188 240 224 154 262 234 11 60 160 195 244 24 213 109
split_gain=16.2814 16.5303 9.52297 9.24202 12.2646 17.8711 14.0466 10.789 11.6645 10.2542 16.2871 12.7459 10.8586 10.3135 11.8546 13.4338 15.4106 15.5751 14.5187 20.1495 12.1234 12.9761 12.1299 11.7937 11.5622 13.1152 10.4796 10.4122 13.3735 13.2819
threshold=29.500000000000004 0.57118823417399722 10.309079744492621 0.50289885936156076 15278.000000000002 10151.500000000002 -0.040049999952316277 -0.69781071595317534 193.50000000000003 -14.705759720323728 15.166161216076546 0.015300001949071886 0.53007002715752416 0.25740000605583196 0.014388475840443027 0.029129351318814767 0.11170001327991487 37.854207881871112 -0.99999999998160594 -0.10000000743876329 -0.18119846193431763 0.0158862736676646 37.792739030419568 7182.0000000000009 0.039999999105930335 0.015936677203651942 0.0030999965965747838 0.051956804063966848 11.320911084000203 0.67374998331069957
decision_type=2 2 2 2 2 2 2 2 2 2 2 2 2 2 2 2 2 2 2 2 2 2 2 2 2 2 2 2 2 2
left_child=1 -1 3 9 5 7 -7 -5 -9 12 -11 -12 13 -2 15 18 17 20 -15 23 -17 22 -22 -20 26 -26 -16 28 -28 -29
right_child=2 -3 -4 4 -6 6 -8 8 -10 10 11 -13 -14 14 24 16 -18 -19 19 -21 21 -23 -24 -25 25 -27 27 29 -30 -31
leaf_value=5.5022527395874954e-05 0.0036584890963901376 -0.00036146034838460022 -0.003142037701433053 -0.0028344073607529437 -0.00042110225804966765 -0.00018666510810921093 0.0038139326014065759 0.0018363883276241897 -3.4870274292260756e-05 -6.1883035227540696e-05 -3.2984103011754198e-05 0.0079148399193512218 0.0024644514793929735 0.006234289249090824 -0.0017586751518248143 -0.0010925801248216705 0.0010923108003418399 0.003711793588177254 0.0027333955251633477 -0.0018778443172251691 0.0016025538148429009 -0.00080800444016507374 -0.00023159035659687122 -0.00040981306782314876 -0.0030326445178159946 -0.00037618730648188164 -0.00029271167874552698 -0.0015399028611525606 0.0092201048853238453 -0.00039026843704692506
leaf_weight=62 90 118 71 63 168 66 188 62 1215 1328 60 63 79 94 78 446 122 71 91 66 87 616 456 67 169 95 121 62 65 367
leaf_count=62 90 118 71 63 168 66 188 62 1215 1328 60 63 79 94 78 446 122 71 91 66 87 616 456 67 169 95 121 62 65 367
internal_value=-0.00224259 -0.0124865 -0.0019507 -0.00180418 0.000356537 0.00131332 0.00972973 -0.000312268 0.000409516 -0.00261494 -0.000168269 0.0117578 -0.00370804 -0.00403251 -0.00437784 -0.00290429 -0.00407654 -0.00495538 0.00368421 -0.00122271 -0.00567391 -0.00375859 0.000191606 0.00558282 -0.00760395 -0.0137918 -0.00516476 -0.00355645 0.00329843 -0.00653226
internal_weight=6706 180 6526 6455 1762 1594 254 1340 1277 4693 1451 123 3242 3163 3073 2116 1798 1676 318 224 1605 1159 543 158 957 264 693 615 186 429
internal_count=6706 180 6526 6455 1762 1594 254 1340 1277 4693 1451 123 3242 3163 3073 2116 1798 1676 318 224 1605 1159 543 158 957 264 693 615 186 429
is_linear=0
shrinkage=0.035


Tree=129
num_leaves=31
num_cat=0
split_feature=148 261 93 71 261 74 27 79 274 271 8 148 148 148 41 13 242 244 71 12 223 237 198 264 72 12 241 61 163 2
split_gain=11.6224 15.5292 9.07735 9.14473 10.2318 10.0001 13.9158 9.99129 14.6282 12.1679 15.5561 14.028 13.4787 24.9072 24.4951 19.472 12.5379 12.056 11.891 11.2737 11.025 10.5732 17.958 11.1318 9.29308 8.7887 9.36703 9.86799 9.11468 11.7454
threshold=29.500000000000004 528.39001464843761 29790.500000000004 419.50000000000006 445.10499572753912 532.50000000000011 2392.5000000000005 0.0095012326455867942 0.17778526922529855 16.799009370816211 -54.791365631708423 13270.500000000002 8527.5000000000018 8059.5000000000009 625.50000000000011 43.257298043021024 57.632383920392144 0.0092000029981136339 7957.0000000000009 11.150707748068729 12.818196729329417 -1.1637228576327761 -0.015450000762939451 14.116177051581859 866.50000000000011 18.3451365381998 -1.2694078839242671 690.50000000000011 0.90697050830864268 636.77502441406261
decision_type=2 2 2 2 2 2 2 2 2 2 2 2 2 2 2 2 2 2 2 2 2 2 2 2 2 2 2 2 2 2
left_child=1 -1 3 -2 -5 -6 -7 8 19 11 18 12 13 21 15 -14 -17 -16 -11 -8 -13 22 -9 25 -22 26 27 -23 29 -28
right_child=2 -3 -4 4 5 6 7 9 -10 10 -12 20 14 -15 17 16 -18 -19 -20 -21 24 23 -24 -25 -26 -27 28 -29 -30 -31
leaf_value=-0.00062533417945428559 -0.0024329664996457679 -3.9622818153282062e-05 -0.00086194728755937546 0.0065365704466115136 -0.0038704213217137682 0.0098317260387837287 -0.0018727378222129008 -0.0015872522228160553 0.00067682703009975035 0.0021302297077488148 0.0098123937028413745 0.0073321662612974682 -0.0030664888410238409 0.017032529636904513 0.0048351490138305994 0.00015462980101586479 -0.0013065723210079084 -0.00063444295459412665 -0.0013578820885465656 -3.9474639164455705e-05 0.0014064243180673766 -9.2820900882504564e-05 0.0025255346906613487 -0.0029821197183573342 -0.0015558393057009524 -0.0012811413709405146 -3.2297719578987527e-05 -0.0034918414023222804 -0.00069713518921486924 -0.00043845065382259525
leaf_weight=76 113 104 91 79 82 110 274 63 144 87 116 78 89 69 88 73 89 109 95 98 63 86 124 83 67 103 3356 78 140 479
leaf_count=76 113 104 91 79 82 110 274 63 144 87 116 78 89 69 88 73 89 109 95 98 63 86 124 83 67 103 3356 78 140 479
internal_value=-0.0023156 -0.010973 -0.0020686 -0.00190761 -0.00172594 -0.0018878 -0.00171992 -0.00194766 -0.00658349 -0.00150993 0.00531353 -0.0019029 -0.00227354 -0.00170192 -0.00803532 -0.0151758 -0.00754491 0.00121287 -0.00112299 -0.0102122 0.00690141 -0.00203011 0.00601563 -0.00238453 0.000518519 -0.00212621 -0.00186655 -0.00994083 -0.00152136 -0.00119401
internal_weight=6706 180 6526 6435 6322 6243 6161 6051 516 5535 298 5237 5029 4581 448 251 162 197 182 372 208 4512 187 4325 130 4242 4139 164 3975 3835
internal_count=6706 180 6526 6435 6322 6243 6161 6051 516 5535 298 5237 5029 4581 448 251 162 197 182 372 208 4512 187 4325 130 4242 4139 164 3975 3835
is_linear=0
shrinkage=0.035


Tree=130
num_leaves=31
num_cat=0
split_feature=38 19 200 102 38 242 11 124 27 164 24 202 183 246 9 126 246 104 177 199 13 38 27 33 6 261 242 113 218 93
split_gain=9.51676 21.0751 15.3509 15.6862 14.3108 16.348 19.8052 14.0583 14.0069 19.5733 16.4253 15.4486 15.1141 14.0738 13.9393 13.1672 12.8778 15.8647 18.1922 16.4448 14.1543 18.6569 18.4387 17.1878 14.6225 13.385 14.4887 14.7737 12.8224 12.4826
threshold=4013.5000000000005 633.50000000000011 -0.011299982666969298 -5.8584788824564571 4411.0000000000009 47.771773200825145 124.05780500233442 -1.8597912384681881 7053.5000000000009 -0.045454547502752428 0.070197027841509746 -0.41730929264689332 0.91660851593338555 0.21980815153738123 67.020335493436178 4382.0000000000009 0.55146946316908652 2422.5000000000005 0.017704454077139799 13.015728639482502 18.94166726996259 12577.500000000002 20723.000000000004 0.45260000228881841 -51.792927725028598 573.95001220703136 20.698467916039778 -2.0374787019102798 11.042936951331212 21330.000000000004
decision_type=2 2 2 2 2 2 2 2 2 2 2 2 2 2 2 2 2 2 2 2 2 2 2 2 2 2 2 2 2 2
left_child=1 2 8 -4 5 -2 -7 -5 11 10 -10 -1 13 15 -14 -13 17 18 28 -19 21 -21 23 29 -24 26 27 -18 -6 -22
right_child=4 -3 3 7 16 6 -8 -9 9 -11 -12 12 14 -15 -16 -17 25 19 -20 20 22 -23 24 -25 -26 -27 -28 -29 -30 -31
leaf_value=-0.00061011166486766503 -0.00060960025817008662 0.0033938353651603481 0.00015058369866125689 -0.0033671074101844097 -0.0012459727683840473 0.011719972653210139 7.9611279880633108e-05 -0.00025535237706042935 -0.00086274407035831903 -0.0015672755781710474 0.00039686643065012006 -0.0026272995594534706 0.00022315717925952983 0.0018841090807243063 -0.00036341218130470256 0.0044610171693506085 -0.00024597581069672194 -0.0047649070409595141 0.010694167777550886 0.021202416314338623 -0.00010423934707073175 -1.8791131250704976e-05 -0.00016873125341852982 0.0041810335743912193 -0.0016490506276428359 -0.0032579337123075014 -0.00012797112466645695 -0.0041286128716708391 0.0033044244865608166 -0.0006315555867699214
leaf_weight=264 75 91 67 121 105 65 73 81 189 206 112 76 66 200 61 65 95 79 84 70 2764 117 91 233 120 74 658 86 166 152
leaf_count=264 75 91 67 121 105 65 73 81 189 206 112 76 66 200 61 65 95 79 84 70 2764 117 91 233 120 74 658 86 166 152
internal_value=-0.00229474 -0.00464776 -0.00564442 -0.0131569 -0.00155419 0.00722477 0.0141958 -0.0179227 -0.00396704 -0.0084082 -0.00263072 -0.000854817 0.00295983 0.00677746 -0.00715909 -0.00167808 -0.00194325 -0.00108003 0.00593056 -0.00177362 -0.00140907 0.00783854 -0.00193462 -0.00125396 -0.0118287 -0.00568083 -0.00435427 -0.0129839 0.00139493 -0.00198904
internal_weight=6706 1599 1508 269 5107 213 138 202 1239 507 301 732 468 341 127 141 4894 3981 355 3626 3547 187 3360 3149 211 913 839 181 271 2916
internal_count=6706 1599 1508 269 5107 213 138 202 1239 507 301 732 468 341 127 141 4894 3981 355 3626 3547 187 3360 3149 211 913 839 181 271 2916
is_linear=0
shrinkage=0.035


Tree=131
num_leaves=31
num_cat=0
split_feature=115 82 70 19 233 129 181 28 214 233 193 59 223 163 4 274 163 153 93 31 153 115 93 170 93 80 193 126 104 114
split_gain=10.9707 11.8772 12.5804 10.0637 17.1504 11.1567 9.8787 18.0267 12.0803 14.9261 11.948 15.5871 15.7133 14.4114 11.9381 18.2342 12.6875 10.8651 21.1892 22.0449 17.1062 15.4598 27.5258 19.2077 15.4351 16.9784 25.1592 19.9497 25.9027 23.076
threshold=25649.000000000004 344.50000000000006 4.8341000080108651 526.50000000000011 5272.9199218750009 529.50000000000011 0.52552500367164623 193.50000000000003 -0.0095999985933303816 5605.5700683593759 -0.8267068850436986 4.0896501541137704 31.702437591022449 -0.52516975468706539 26.755142910930047 0.81974604886874802 0.93532954753437703 0.53378141520052413 5548.5000000000009 -36.066492298812967 0.41327367014934091 10934.500000000002 7957.0000000000009 0.021999992430210117 3981.5000000000005 -3.9657573253400682 0.72033866381361811 3807.0000000000005 6958.5000000000009 4.8039000034332284
decision_type=2 2 2 2 2 2 2 2 2 2 2 2 2 2 2 2 2 2 2 2 2 2 2 2 2 2 2 2 2 2
left_child=1 2 -1 -3 -5 -6 8 -8 9 -7 11 12 -10 -12 16 -16 17 20 -19 -20 21 24 -23 -24 -15 27 -27 28 -26 -29
right_child=-2 3 -4 4 5 6 7 -9 10 -11 13 -13 -14 14 15 -17 -18 18 19 -21 -22 22 23 -25 25 26 -28 29 -30 -31
leaf_value=-0.00048886603171346304 -0.00042432692767008012 -0.0040690719612046919 3.710358671641656e-05 0.007091792551124583 -0.0029258005946385035 0.00053305442280144222 -0.00033052000362453096 0.0090248134184033948 0.0080087664680749959 -0.0015827489566894227 -0.0017370233306352541 -0.0026042798894657529 -0.00012546750342138925 0.00027652603798015041 -0.002019228616115976 0.00018226143882610349 -0.0010787610697478396 -0.00058592291548877854 0.0045839290139126536 -0.00059064802462015101 -0.00074363105114915568 0.014588560054462612 0.00030650587263272194 -0.00084094044992788215 1.6284765336680998e-05 -0.00024777613231462161 -0.0051860102876284519 -0.00074682003821054154 0.0078797599923273558 0.00021894554783764787
leaf_weight=159 101 77 62 65 92 82 77 104 116 109 137 78 83 401 342 64 77 102 245 123 365 105 630 230 734 485 116 1008 98 239
leaf_count=159 101 77 62 65 92 82 77 104 116 109 137 78 83 401 342 64 77 102 245 123 365 105 630 230 734 485 116 1008 98 239
internal_value=-0.00235732 -0.00217625 -0.0100664 -0.00189545 -0.00173558 -0.00192733 -0.00174005 0.00620968 -0.00198611 -0.0105357 -0.00169462 0.00533688 0.0104657 -0.00205321 -0.0017601 -0.00749392 -0.0012835 -0.00105301 0.00397895 0.00788204 -0.00159307 -0.000933103 0.00292268 0.000809249 -0.00214355 -0.00310242 -0.00825908 -0.00159549 0.00259259 -0.00438898
internal_weight=6706 6605 221 6384 6307 6242 6150 181 5969 191 5778 277 199 5501 5364 406 4958 4881 470 368 4411 4046 965 860 3081 2680 601 2079 832 1247
internal_count=6706 6605 221 6384 6307 6242 6150 181 5969 191 5778 277 199 5501 5364 406 4958 4881 470 368 4411 4046 965 860 3081 2680 601 2079 832 1247
is_linear=0
shrinkage=0.035


Tree=132
num_leaves=31
num_cat=0
split_feature=115 89 222 173 33 115 93 111 261 170 271 213 150 97 143 147 135 88 263 273 126 193 234 240 172 7 262 272 163 223
split_gain=11.116 10.9482 14.5485 12.2614 13.9059 11.5731 11.5437 16.8211 19.8725 16.7525 17.4817 17.169 15.6664 16.0013 17.7425 15.8771 20.9668 14.9826 13.4313 13.2748 12.166 11.4056 13.3976 11.2417 10.8683 10.7637 11.6666 11.3576 10.6404 11.904
threshold=25649.000000000004 7.2008640540553115 4.3594940570462102 0.90248211354403496 0.18864999711513522 21529.500000000004 12587.000000000002 22.516296058369111 564.97497558593761 0.0053499937057495126 5.9623824613377812 11.243554711946933 0.043399993330240257 -1.3275214812669132 0.15935000032186511 3.9004499912261967 -1.0604884852872214 0.15340000391006473 -0.018574114908909142 0.21144124185903723 28299.500000000004 0.43275446289591329 1.0000000180025095e-35 0.23248882215498592 -0.58719620904126735 -8.3914296288997594 0.19250644881951831 -0.012549996376037596 0.096107433185161656 11.485610766301347
decision_type=2 2 2 2 2 2 2 2 2 2 2 2 2 2 2 2 2 2 2 2 2 2 2 2 2 2 2 2 2 2
left_child=1 2 -1 5 -5 6 7 8 9 -3 19 -12 17 15 23 16 -14 21 -13 28 24 22 -8 -15 -9 27 -27 -26 -11 -30
right_child=-2 3 -4 4 -6 -7 12 20 -10 10 11 18 13 14 -16 -17 -18 -19 -20 -21 -22 -23 -24 -25 25 26 -28 -29 29 -31
leaf_value=-0.0003377981177598122 -0.00040947548520162916 -0.0009473762586110758 0.0010921120373141293 6.9766915045605811e-05 -0.00043581863566221517 0.0066298074485079709 -0.0010819397553294037 0.00086916427027807506 -0.00020746994090259792 -0.0025222693038065912 -7.9984097597017164e-05 0.0013826062621790703 -0.00018576577811877556 0.0054330365302317253 -0.0021265965883934292 -0.00081393791356903892 0.0095629450899904957 -5.9285429825034488e-06 0.0075207223369228634 0.0047255127535683556 0.0092881421595875334 -0.0038705423938528716 7.7859733913825682e-05 -0.00042521865019276464 -0.0012905658104189084 -0.0016322506940281241 0.00015078308783901792 -0.00023451751854544346 -0.00091943607067335544 0.0041845641108123601
leaf_weight=111 101 61 125 64 191 87 74 147 357 96 120 82 64 67 187 61 77 95 245 85 61 89 62 93 74 199 67 3389 87 88
leaf_count=111 101 61 125 64 191 87 74 147 357 96 120 82 64 67 187 61 77 95 245 85 61 89 62 93 74 199 67 3389 87 88
internal_value=-0.00228431 -0.00210212 0.00522822 -0.00237763 -0.00982692 -0.00205916 -0.00224552 -0.0016134 0.00196982 0.00483314 0.00619431 0.0107633 -0.00596682 -0.00233755 -0.0068608 0.00541063 0.0117466 -0.0120615 0.0148645 0.000387812 -0.00272577 -0.0168913 -0.00992908 0.00169697 -0.00297604 -0.00334628 -0.0100738 -0.00281574 -0.00342391 0.00175
internal_weight=6706 6605 236 6369 255 6114 6027 5158 1221 864 803 447 869 549 347 202 141 320 327 356 3937 225 136 160 3876 3729 266 3463 271 175
internal_count=6706 6605 236 6369 255 6114 6027 5158 1221 864 803 447 869 549 347 202 141 320 327 356 3937 225 136 160 3876 3729 266 3463 271 175
is_linear=0
shrinkage=0.035


Tree=133
num_leaves=31
num_cat=0
split_feature=64 190 274 174 32 17 192 193 203 57 267 82 212 154 237 213 32 169 43 25 60 183 26 148 222 149 157 38 175 153
split_gain=9.99619 14.773 14.7234 15.1008 15.7946 10.8468 10.4597 15.8246 11.0433 13.7908 11.0375 11.9372 11.5372 11.4793 10.4055 10.1503 11.2492 10.4868 18.3193 9.66773 12.1111 16.7102 16.4428 15.4629 14.3824 11.9578 10.3533 12.6419 11.56 13.8175
threshold=7.8231866256806013 -0.0053999945521354667 -0.23606643248712356 0.024096380565384126 0.14314999431371692 -3.013515588324855 0.8818921339718232 0.33599111163587919 0.80452578551582898 0.022347078076170413 -8.4044741294742025 8799.5000000000018 10.158165356447027 -0.075471697309116723 0.18245780622039301 10.370392628382918 0.15204999595880511 14.697856297093752 0.23924999684095385 -6.6477193246374293 1015.0000000000001 0.81837674171144825 2.8925499916076665 266.00000000000006 17.137372473412466 86.500000000000014 0.043209328510379723 15278.000000000002 0.038475271900922002 0.13420565657943645
decision_type=2 2 2 2 2 2 2 2 2 2 2 2 2 2 2 2 2 2 2 2 2 2 2 2 2 2 2 2 2 2
left_child=1 2 -1 -4 14 -6 10 -8 -9 -10 11 13 15 -2 -5 16 -12 18 -17 20 24 23 -23 -22 25 -19 28 -28 -25 -30
right_child=6 -3 3 4 5 -7 7 8 9 -11 12 -13 -14 -15 -16 17 -18 19 -20 -21 21 22 -24 26 -26 -27 27 -29 29 -31
leaf_value=0.0070498957953563359 -0.0026347087116852285 -0.00080836980903577368 0.0013364305770419884 -0.0013800251544774241 -0.00038907643769378305 0.00057645813554211992 -0.00050595131974189055 0.0034769873555191952 -0.00079692898147520734 0.0023056790002857637 -0.0021557850394381649 0.0081494042800222682 -0.0028226766633373647 0.0034968233399772825 0.00020870455931431916 0.0037937467486025248 -6.4089312441759093e-06 -0.0011002258113215358 -0.00030236201854735232 -0.0012799916758092994 -0.0015200214350999709 -3.2723736756345993e-06 0.0044561316422326329 -0.00033009816880031159 7.666073235893607e-05 -0.0001258415165894597 0.00012871563504572914 -0.000889649841900348 -0.00066021809232355848 0.0077073411263879456
leaf_weight=66 78 131 133 149 68 144 186 101 73 71 86 82 85 95 80 77 61 140 88 275 101 171 85 2977 88 77 714 97 60 67
leaf_count=66 78 131 133 149 68 144 186 101 73 71 86 82 85 95 80 77 61 140 88 275 101 171 85 2977 88 77 714 97 60 67
internal_value=-0.00225302 0.0014884 0.00368992 0.00181347 -0.00133408 0.00548387 -0.0027399 0.00248853 0.00826 0.00187919 -0.00315121 0.00390385 -0.00349734 -0.0013764 -0.00762821 -0.00327723 -0.0122039 -0.00300378 0.00555882 -0.00330039 -0.0029103 -0.00242226 0.00616858 -0.00297687 -0.00959677 -0.0143468 -0.00261607 0.000900735 -0.0035349 0.00662879
internal_weight=6706 771 640 574 441 212 5935 431 245 144 5504 255 5249 173 229 5164 147 5017 165 4852 4577 4272 256 4016 305 217 3915 811 3104 127
internal_count=6706 771 640 574 441 212 5935 431 245 144 5504 255 5249 173 229 5164 147 5017 165 4852 4577 4272 256 4016 305 217 3915 811 3104 127
is_linear=0
shrinkage=0.035


Tree=134
num_leaves=31
num_cat=0
split_feature=115 122 193 148 267 203 231 72 102 37 173 208 22 27 206 146 271 60 27 148 213 17 257 264 27 71 193 17 148 104
split_gain=8.69236 9.80294 14.1906 13.23 11.0974 15.7217 10.6832 9.43685 13.3407 11.2735 10.7046 12.5388 12.3322 14.4027 12.2829 12.7549 20.1717 20.6544 19.641 19.2227 15.2804 18.0086 14.4412 14.0171 13.9064 18.7185 19.4691 13.8242 24.6222 21.0307
threshold=25649.000000000004 12.646856540618709 0.86961447200762587 1554.5000000000002 6.5647906913568486 -0.7425572330479876 3.9828215439619012 2450.5000000000005 -3.4038361798388292 3.2664999961853032 0.90248211354403496 -0.067200005054473863 0.14424999803304675 4198.0000000000009 -0.4918556355690496 -1.2913688350270609 6.1261976338446997 14017.000000000002 3053.5000000000005 16151.000000000002 11.320911084000203 -3.2666511410023298 4.6049038939797713 -1.6938250853515411 4932.5000000000009 3744.0000000000005 -0.52826098505017627 -5.6540316791547909 2024.0000000000002 5267.0000000000009
decision_type=2 2 2 2 2 2 2 2 2 2 2 2 2 2 2 2 2 2 2 2 2 2 2 2 2 2 2 2 2 2
left_child=1 2 3 -1 7 -6 -5 10 -9 -10 11 -3 -12 -14 -13 16 20 22 -17 24 21 -16 -18 -24 25 26 -20 28 -26 -30
right_child=-2 4 -4 6 5 -7 -8 8 9 -11 12 14 13 -15 15 18 17 -19 19 -21 -22 -23 23 -25 27 -27 -28 -29 29 -31
leaf_value=0.0041039461908604288 -0.0004188717248991531 0.0002292543963233751 -0.0017095380838023889 0.00033862029010884865 -0.002548862309626023 0.00057767601743876468 -0.00071577812770026847 -0.0024525503396925015 0.00041501094335816892 -0.0010113925459583032 3.3879140465593596e-05 -0.0011650610506867105 -1.6064374688707084e-05 -0.0012228356530436444 -0.0012552314750850287 -0.0015632269550872207 0.0075074681974084453 -0.0019067137208225206 0.0036506272158271201 0.0051276672561249934 -0.0013782560718405611 0.00065525063169004371 -0.0012630423736756048 0.001829320623893204 -0.00076673257923984728 0.0031705584798748369 -0.0036703517123113849 -0.0004451401869530281 0.0083068146816122554 1.7307090060448701e-05
leaf_weight=90 101 323 63 114 77 332 75 223 149 131 64 155 60 100 117 206 205 73 73 96 254 169 116 284 286 248 72 1941 137 372
leaf_count=90 101 323 63 114 77 332 75 223 149 131 64 155 60 100 117 206 205 73 73 96 254 169 116 284 286 248 72 1941 137 372
internal_value=-0.00226345 -0.00210212 0.00363112 0.00702465 -0.00241784 0.00312802 0.00162371 -0.00280765 -0.00737205 -0.00221053 -0.00237211 -0.00203917 -0.00978166 -0.0148485 -0.00248908 -0.00215836 0.000915781 0.00491947 -0.00324942 -0.00256811 -0.00411009 0.0014433 0.00705738 0.00311111 -0.00304882 0.00307789 -0.00676667 -0.00393287 -4.375e-05 0.00456226
internal_weight=6706 6605 342 279 6263 409 189 5854 503 280 5351 5127 224 160 4804 4649 1218 678 3431 3225 540 286 605 400 3129 393 145 2736 795 509
internal_count=6706 6605 342 279 6263 409 189 5854 503 280 5351 5127 224 160 4804 4649 1218 678 3431 3225 540 286 605 400 3129 393 145 2736 795 509
is_linear=0
shrinkage=0.035


Tree=135
num_leaves=31
num_cat=0
split_feature=8 13 25 239 183 10 173 246 158 38 93 60 67 243 123 25 183 185 179 25 70 113 173 243 235 235 267 194 242 7
split_gain=9.22822 13.6694 10.3177 12.7951 11.1198 13.286 10.2327 12.904 12.9696 12.4287 14.4742 12.3025 11.3192 16.6458 12.0154 15.2685 14.2171 13.6979 13.4182 13.1156 12.04 17.0561 15.8138 14.02 16.6184 13.6202 16.1229 13.0738 12.9311 11.9905
threshold=11.530040941555205 14.751036886260241 -6.6477193246374293 -0.16775738868435305 0.95415446332711817 62.727115736629138 -0.90171484682707315 -0.86860469304843224 0.013800002634525301 15278.000000000002 19268.500000000004 5367.5000000000009 3.7479468800042643 2.0297453654709274 0.014388475840443027 -7.7818344001425226 -0.66013026228274529 0.0091119578782774581 18.012225764214314 -12.287866836530634 5.3131499290466317 -1.3498227749749807 0.59652157573439968 2.8405530099545859 -0.2946715653828757 0.23108518664272107 -0.56902971866168428 0.032879281152507753 36.28019301544748 -33.140365943261813
decision_type=2 2 2 2 2 2 2 2 2 2 2 2 2 2 2 2 2 2 2 2 2 2 2 2 2 2 2 2 2 2
left_child=1 -1 4 -4 6 -6 -3 11 12 10 -10 -8 13 -9 16 17 19 -16 29 -14 21 23 -22 25 -25 26 28 -28 -18 -19
right_child=-2 2 3 -5 5 -7 7 8 9 -11 -12 -13 14 -15 15 -17 20 18 -20 -21 22 -23 -24 24 -26 -27 27 -29 -30 -31
leaf_value=0.00037763812972363479 -0.00099882881793003208 -0.0018921562417847327 -0.0023542183360265715 -0.00012863473039199575 2.0205642585058306e-06 -0.00055489976988229775 0.0148222387303104 -0.00049582723686309013 0.00015084793981885893 -0.00073261974509474057 -0.00099350335305019061 -7.8081145956021005e-05 0.004271480072217798 0.0034550517688292045 -0.0037623042021334712 0.0010801618705903865 -0.00019422326081107558 -2.7551443775814813e-05 -0.0017271421283372151 -0.0018853566800141257 -0.00083306673485630041 0.0038802381530940607 0.00034477697140471777 0.00069963782184128678 -0.00032572551628396286 0.0075199846971951553 -0.00072789558876875163 0.00035807318966126883 0.0040273573975336922 -0.00058550714589002747
leaf_weight=130 69 105 150 202 87 117 67 64 1367 130 68 73 60 136 96 137 70 508 201 150 307 97 63 146 1135 71 123 129 107 541
leaf_count=130 69 105 150 202 87 117 67 64 1367 130 68 73 60 136 96 137 70 508 201 150 307 97 63 146 1135 71 123 129 107 541
internal_value=-0.00235732 -0.00221846 -0.00244549 -0.00823529 -0.00210795 -0.0100478 -0.00182757 -0.00162707 -0.00188759 0.000824841 0.00177431 0.00868966 -0.00291245 0.00512195 -0.00332615 -0.00580981 -0.00181892 -0.00694301 -0.00591235 -0.0104186 -0.00099423 0.000148699 -0.00672 -0.000646697 -0.00258554 0.00429703 0.00185484 -0.00381323 0.00980769 -0.00428368
internal_weight=6706 6637 6507 352 6155 204 5951 5846 5706 1565 1435 140 4141 200 3941 1483 2458 1346 1250 210 2248 1878 370 1781 1281 500 429 252 177 1049
internal_count=6706 6637 6507 352 6155 204 5951 5846 5706 1565 1435 140 4141 200 3941 1483 2458 1346 1250 210 2248 1878 370 1781 1281 500 429 252 177 1049
is_linear=0
shrinkage=0.035


Tree=136
num_leaves=31
num_cat=0
split_feature=71 71 170 32 112 102 192 115 104 64 223 7 60 32 32 242 231 207 246 242 193 1 5 17 27 147 44 79 140 93
split_gain=9.46528 11.0829 13.1797 12.2513 11.5196 9.81589 9.78353 11.6758 10.707 9.87194 20.0608 11.7681 16.9832 11.8191 11.428 13.1384 10.6601 12.7221 10.3169 20.3666 12.0415 21.8032 27.6224 12.8187 11.2206 11.2107 12.8045 11.0273 12.4947 23.952
threshold=419.50000000000006 997.00000000000011 1.0000000180025095e-35 0.15155000239610675 0.0089686013954400831 -4.3538202125210068 0.93740079364572504 25649.000000000004 4244.0000000000009 7.927948542334474 29.380957710476636 -7.2997782313570516 1548.0000000000002 0.12705000489950183 0.11734999716281892 36.218658407174075 4.3325121240200835 -0.0073134677408577212 0.55146946316908652 20.698467916039778 0.68249268919487749 682.50000000000011 76.145654963941155 4.8103118820341804 20723.000000000004 3.5370500087738042 0.17880000174045566 0.009677435598829583 564.50000000000011 2182.5000000000005
decision_type=2 2 2 2 2 2 2 2 2 2 2 2 2 2 2 2 2 2 2 2 2 2 2 2 2 2 2 2 2 2
left_child=-1 3 4 -2 -3 -6 7 9 -8 10 11 12 -4 -13 -14 16 17 -16 20 -20 24 23 25 -22 27 26 -23 28 29 -11
right_child=1 2 6 -5 5 -7 8 -9 -10 18 -12 13 14 -15 15 -17 -18 -19 19 -21 21 22 -24 -25 -26 -27 -28 -29 -30 -31
leaf_value=-0.0020946090068088737 -8.944630236548402e-05 0.00010525847220687668 -0.00096263179659006489 0.01081258179340377 -0.00065509312323369271 -0.00090638973846949428 0.0023122738625428359 -0.00045672941408966497 -0.00054806005919354607 -0.0087050506883961289 -0.0025722426583908091 -5.2825261702185438e-05 0.0016670915388018292 0.0023189275747074211 -0.00041272573006764351 0.0057586813547508562 -0.0010836696714542882 0.0011394510291774639 -0.0015715984173252837 -0.00021909411441733864 -0.0024208573296723226 0.00019960501384688636 -0.00047844338959271209 0.0012092327303225639 -0.00052586357751934355 6.6312739038058437e-05 0.0095180518133587532 -8.2336494732544461e-05 -0.0033182483865450566 0.0061105955780186823
leaf_weight=113 82 65 60 61 67 84 116 97 84 65 62 66 61 116 80 142 114 60 142 1191 65 71 107 64 182 79 144 2761 216 89
leaf_count=113 82 65 60 61 67 84 116 97 84 65 62 66 61 116 80 142 114 60 142 1191 65 71 107 64 182 79 144 2761 216 89
internal_value=-0.00232603 -0.00214838 -0.00236406 0.00733108 -0.0107692 -0.0159295 -0.00206443 -0.00231826 0.00546341 -0.00211461 0.00159922 0.00333097 0.000603448 0.0108556 0.00295455 0.000698254 -0.00405405 0.00241379 -0.00266165 -0.00531016 -0.00173727 0.00314019 0.00715517 -0.00914179 -0.0025211 0.0126421 0.0167045 -0.00202009 -0.00765333 0
internal_weight=6706 6593 6450 143 216 151 6234 6034 200 5937 761 699 517 182 457 396 254 140 5176 1333 3843 530 401 129 3313 294 215 3131 370 154
internal_count=6706 6593 6450 143 216 151 6234 6034 200 5937 761 699 517 182 457 396 254 140 5176 1333 3843 530 401 129 3313 294 215 3131 370 154
is_linear=0
shrinkage=0.035


Tree=137
num_leaves=31
num_cat=0
split_feature=267 11 173 272 244 13 246 146 274 92 205 2 203 11 130 122 170 274 200 49 6 225 231 234 172 137 183 38 158 273
split_gain=10.3407 14.9508 14.1815 10.4136 14.2001 11.0786 19.0786 11.9104 10.624 19.7288 21.359 12.2838 10.3624 10.0133 9.61373 18.1712 17.2849 21.1995 15.3078 18.577 13.0733 14.5526 15.4952 11.8292 10.4565 11.3613 10.3719 9.97687 9.94782 12.127
threshold=7.7328062322423738 101.74840478122034 0.31790979714599565 -0.012549996376037596 -0.017700001597404477 116.67697153521286 -0.85773807133473134 -1.2913688350270609 -0.51162959655137963 4.9226999282836923 0.020355935498915578 529.13000488281261 -0.82958251633043789 145.42700000919191 -30.223819287035209 25.080795915846341 0.0049999952316284188 -0.22537821457718471 -0.034700002521276467 17190.500000000004 -0.63427056849565688 0.02363394207109468 8.596696334501333 -0.015908739282033398 0.17892453091835767 11581.500000000002 0.094232699591248886 11708.500000000002 0.015700004994869236 -0.35829379855378701
decision_type=2 2 2 2 2 2 2 2 2 2 2 2 2 2 2 2 2 2 2 2 2 2 2 2 2 2 2 2 2 2
left_child=3 -2 -3 -1 -5 6 -6 -7 9 10 -8 -10 -13 -9 20 16 -16 -18 23 24 21 22 -14 -19 -20 -26 -22 -28 29 -23
right_child=1 2 -4 4 5 7 8 13 11 -11 -12 12 14 -15 15 -17 17 18 19 -21 26 28 -24 -25 25 -27 27 -29 -30 -31
leaf_value=-0.0011478950436073769 0.0025620759142254384 -0.0035685429943345254 0.0004188161685394107 0.0098890116450623018 0.0085633031051646751 8.8213402758812457e-05 0.00012483450721606284 -0.0028970824987724752 0.0093405047382245036 -0.0043132134714214416 -0.0030650319212713645 0.0020089895127072322 0.00093603238547842397 -0.00028541938378327168 -0.00095284042735506458 0.0047449607790479315 0.0055715593328749032 -8.2143569521377083e-05 -0.00019051725491580243 -0.0015593047479915097 -0.0051954197775472138 -0.0012042958654854936 -0.00043444374418036979 0.0061047099647383784 -1.9580167811500128e-05 0.0020482818277649264 -0.00058848178776850534 0.00083336335923828284 -1.2021759824337732e-06 -0.00028059032261521622
leaf_weight=72 140 69 71 69 78 74 161 103 60 84 62 170 180 111 109 99 113 104 556 161 77 110 140 117 207 85 440 64 785 2035
leaf_count=72 140 69 71 69 78 74 161 103 60 84 62 170 180 111 109 99 113 104 556 161 77 110 140 117 207 85 440 64 785 2035
internal_value=-0.00235732 0.00417544 -0.00386207 -0.002645 -0.00248781 -0.00266534 -0.00233839 -0.00931741 -0.00257005 -0.00886218 -0.00322368 -0.00221827 -0.00239338 -0.0134247 -0.00266382 -0.000337404 -0.00134523 -0.00023368 -0.00158704 -0.00341716 -0.00360401 -0.00273118 0.00430769 0.00665929 -0.00131301 0.00400673 -0.0084215 -0.00646365 -0.00350596 -0.00473721
internal_weight=6706 280 140 6426 6354 6285 5997 288 5919 307 223 5612 5552 214 5382 1551 1452 1343 1230 1009 3831 3250 320 221 848 292 581 504 2930 2145
internal_count=6706 280 140 6426 6354 6285 5997 288 5919 307 223 5612 5552 214 5382 1551 1452 1343 1230 1009 3831 3250 320 221 848 292 581 504 2930 2145
is_linear=0
shrinkage=0.035


Tree=138
num_leaves=31
num_cat=0
split_feature=19 233 137 41 90 193 134 170 172 181 33 152 69 153 69 203 218 172 193 38 115 6 60 65 246 213 121 193 115 89
split_gain=10.618 16.1844 12.4722 9.98479 9.08331 14.7562 11.4988 11.0638 12.433 9.09512 10.1257 10.3079 8.87347 12.0672 10.4744 13.5153 15.0197 20.5803 9.99069 22.7866 14.4482 28.2931 22.6612 22.1518 16.9874 15.3159 14.3889 13.3863 11.6874 11.7418
threshold=526.50000000000011 5272.9199218750009 98.500000000000014 534.50000000000011 0.0050000264817343246 -0.95584084636700384 0.009637062189764933 1.0000000180025095e-35 0.12649939048410677 0.44415000081062322 0.60269999504089367 -1.0000000180025095e-35 -3.3061203257651188 0.15747991401512146 -3.8882368725641814 0.8618295836230071 39.566535539885848 0.26186170169224315 0.96630725698554432 1789.5000000000002 10388.500000000002 -10.009828786666558 11708.500000000002 0.33624999225139623 0.72750108038971972 11.669963381908923 0.15155000239610675 0.91506175238395759 9327.0000000000018 16.555115444354978
decision_type=2 2 2 2 2 2 2 2 2 2 2 2 2 2 2 2 2 2 2 2 2 2 2 2 2 2 2 2 2 2
left_child=-1 -2 -3 -4 6 -6 -5 8 -7 12 -11 -12 14 -14 18 16 17 -16 19 28 27 22 24 -24 25 -22 -27 -21 29 -9
right_child=1 2 3 4 5 7 -8 9 -10 10 11 -13 13 -15 15 -17 -18 -19 -20 20 21 -23 23 -25 -26 26 -28 -29 -30 -31
leaf_value=-0.0038019408471213338 0.006796317175636544 0.0076288273990248665 -0.0032727048806249952 -5.1800281268711425e-05 0.0099446703688257782 -6.9174085142197544e-05 -0.00167607855416417 0.0064772033640716382 -0.00089404764039349 0.0022469991500454513 -0.0011515173234248601 0.0001865391116735566 -0.0005451112775477924 0.0012990731047082152 -0.00051419305437164502 -0.0011387726955618747 -0.0010963524683247157 0.0008747167969243195 -0.00024889556302094135 -0.00023393577686962988 0.010536149369649419 -0.00036202589449931661 -0.00049752694850659562 0.00076040292891557844 -4.4539175090826672e-05 0.013298335215148822 -0.0011563830818928957 -0.0021163874598951592 -0.0002810165204819519 3.5367605544492921e-05
leaf_weight=77 65 76 63 87 89 118 85 112 98 190 69 64 109 115 241 159 163 130 244 2949 185 517 142 101 84 75 65 108 62 64
leaf_count=77 65 76 63 87 89 118 85 112 98 190 69 64 109 115 241 159 163 130 244 2949 185 517 142 101 84 75 65 108 62 64
internal_value=-0.00240948 -0.00225279 -0.00242959 -0.00259818 -0.0024549 -0.00223154 -0.0102825 -0.00243962 -0.0101357 -0.00215186 0.00352134 -0.00380435 -0.00248046 0.00427948 -0.00276452 -0.00676934 -0.00402597 -9.30851e-05 -0.00216847 -0.00178563 -0.00238242 0.000924191 0.00575342 -0.00268145 0.0107367 0.0143182 0.00531034 -0.00364631 0.00864198 0.0131492
internal_weight=6706 6629 6564 6488 6425 6253 172 6164 216 5948 323 133 5625 224 5401 693 534 371 4708 4464 4226 1169 652 243 409 325 140 3057 238 176
internal_count=6706 6629 6564 6488 6425 6253 172 6164 216 5948 323 133 5625 224 5401 693 534 371 4708 4464 4226 1169 652 243 409 325 140 3057 238 176
is_linear=0
shrinkage=0.035


Tree=139
num_leaves=31
num_cat=0
split_feature=71 246 60 170 6 267 103 155 159 43 154 129 2 49 148 203 102 102 183 190 114 146 82 38 200 50 61 271 267 5
split_gain=9.22311 9.70986 21.0861 9.32367 12.1374 10.1291 9.24879 13.3428 15.6127 11.66 14.4413 12.2155 18.7291 16.3581 21.4265 22.7348 12.6595 15.4178 12.4319 12.1787 11.9353 10.5998 10.5379 14.7866 12.3464 14.493 12.8017 14.8902 13.3978 13.0693
threshold=419.50000000000006 -0.85773807133473134 5331.5000000000009 1.0000000180025095e-35 35.098294170738633 7.5350837034776639 5.9855999946594247 0.045972088709909494 16.580450865343213 0.24864999949932101 -0.37209303247039616 639.50000000000011 644.04998779296886 12605.500000000002 2153.0000000000005 0.36005154857686311 -2.1981070758391232 -2.5576802083363765 -0.092365184998723107 -0.010700006037950514 5.5540499687194833 -1.1908432997320895 466.00000000000006 1476.0000000000002 -0.014599986374378203 760.50000000000011 292.50000000000006 6.3388112087344384 -1.0147562873585867 18.427280011529909
decision_type=2 2 2 2 2 2 2 2 2 2 2 2 2 2 2 2 2 2 2 2 2 2 2 2 2 2 2 2 2 2
left_child=-1 2 -2 -3 5 6 9 -8 -9 11 -11 13 -13 16 19 18 17 -5 -16 21 22 -15 -12 -24 26 -26 27 28 -25 -29
right_child=1 3 -4 4 -6 -7 7 8 -10 10 20 12 -14 14 15 -17 -18 -19 -20 -21 -22 -23 23 24 25 -27 -28 29 -30 -31
leaf_value=-0.0021238716635361221 0.015467094531997481 -0.00044816627588992164 -0.00026540171689018747 4.0698066249023617e-05 -0.0003590859800392399 0.00045903742939214622 -0.0029902120487359852 0.0022196501137128968 -0.0011114901880327857 0.00091715500836382028 -0.00061921127835210487 0.0069460013657924565 -0.00013781414840806223 -0.0014714539524219056 0.00080607211797722187 0.0080677176474178158 0.0012173725190048651 -0.001102037970921901 -0.0010700701124177255 -0.0034039731730893235 0.001307943735016599 6.750706192264422e-05 0.0023002369218450038 -0.0020140148816786031 0.0010696150880484473 -0.00058688511797617027 -0.0003069993344760164 -0.0019278667370572096 -0.00046664199854657188 0.00014099730492679653
leaf_weight=113 63 202 100 1617 95 253 99 61 112 97 117 126 115 64 90 93 141 258 134 159 62 110 92 114 165 144 1364 177 168 201
leaf_count=113 63 202 100 1617 95 253 99 61 112 97 117 126 115 64 90 93 141 258 134 159 62 110 92 114 165 144 1364 177 168 201
internal_value=-0.0024512 -0.00227569 0.00604167 -0.00249106 -0.00224611 -0.00204708 -0.00234325 -0.00859206 -0.00255618 -0.00203278 -0.00368625 -0.000492788 0.00697154 -0.00117933 -0.00598473 0.000543478 0.000381 -0.000390957 -0.00550218 -0.0121154 -0.00418551 -0.00547486 -0.00456223 -0.00404733 -0.00459581 0.0018949 -0.00558896 -0.00957895 -0.0156098 -0.00493473
internal_weight=6706 6593 163 6430 6228 6133 5880 272 173 5608 2701 2907 241 2666 650 317 2016 1875 224 333 2604 174 2542 2425 2333 309 2024 660 282 378
internal_count=6706 6593 163 6430 6228 6133 5880 272 173 5608 2701 2907 241 2666 650 317 2016 1875 224 333 2604 174 2542 2425 2333 309 2024 660 282 378
is_linear=0
shrinkage=0.035


Tree=140
num_leaves=31
num_cat=0
split_feature=71 246 60 269 180 104 148 109 14 148 222 41 261 206 148 241 104 217 233 133 12 274 11 222 274 183 93 147 147 199
split_gain=9.44498 10.4269 19.9527 9.78612 10.2444 10.1715 23.9857 14.2289 13.2639 12.7484 22.0967 19.3741 12.6855 12.5906 11.8612 10.4262 17.1797 11.1501 15.5239 12.4086 11.0708 10.8539 14.5225 14.1208 30.5343 17.4349 12.5639 26.5618 17.9199 16.7937
threshold=419.50000000000006 -0.85773807133473134 5331.5000000000009 12.001420056301228 0.004699982702732087 15425.500000000002 13270.500000000002 0.68795001506805431 -0.62060337398084353 8387.5000000000018 22.741068189425004 636.50000000000011 525.53500366210949 -0.019973191383277241 7834.0000000000009 -0.35385544302268807 11652.000000000002 84.401916709974657 5609.2150878906259 113.64992074959578 13.347835725302305 0.34818026665259505 181.41384072257142 22.991753008377952 0.11289016810127504 0.48541962263509641 12587.000000000002 2.8765000104904179 2.9775999784469609 13.594884389459988
decision_type=2 2 2 2 2 2 2 2 2 2 2 2 2 2 2 2 2 2 2 2 2 2 2 2 2 2 2 2 2 2
left_child=-1 2 -2 5 -5 6 8 13 -3 14 11 -11 -8 -7 15 16 17 18 -10 -19 -20 22 23 26 -25 -26 28 -28 -17 -30
right_child=1 3 -4 4 -6 7 12 -9 9 10 -12 -13 -14 -15 -16 21 -18 19 20 -21 -22 -23 -24 24 25 -27 27 -29 29 -31
leaf_value=-0.0020495361553123583 0.01492574622337757 -0.0013963796451135892 -0.00025611265679903103 0.0020843219489163887 -0.00053793198522093539 -0.00064268712491228177 -2.7672518596829344e-05 -0.0012107255304259453 0.0030245314610935019 -0.0019965483243546615 0.010775237169996899 2.0601022682258942e-05 0.0065514974144868354 0.00031120915640308667 0.0056760177427707765 -0.00017421056050128894 0.00062453067075560371 -0.002528082494440306 -0.00019925160824878164 -0.00041183561502230255 -0.0021131666127020303 -0.00017871893545158031 0.0041415336229985332 -0.005852211219439042 -0.00073558331249793784 0.0058087239651074271 0.0019851681327540506 -0.00087543145672793485 -0.0005290338939745909 0.00096150482014792024
leaf_weight=113 63 211 100 139 86 175 60 81 117 213 63 96 106 119 106 487 72 60 1184 66 159 1222 107 118 225 86 86 203 87 696
leaf_count=113 63 211 100 139 86 175 60 81 117 213 63 96 106 119 106 487 72 60 1184 66 159 1222 107 118 225 86 86 203 87 696
internal_value=-0.00233646 -0.00215899 0.00645833 -0.00238228 0.00471739 -0.00264332 -0.00227935 -0.00819737 -0.00266714 -0.00232778 -0.00854111 -0.0123726 0.0106433 -0.00444816 -0.00186492 -0.00211546 -0.00437763 -0.00514771 -0.00425256 -0.0149618 -0.0053227 -0.000979831 0.00055 -0.000140492 -0.00572581 0.000110759 0.00140985 -0.00511905 0.0029098 0.00617386
internal_weight=6706 6593 163 6430 225 6205 5830 375 5664 5453 372 309 166 294 5081 4975 1658 1586 1460 126 1343 3317 2095 1988 429 311 1559 289 1270 783
internal_count=6706 6593 163 6430 225 6205 5830 375 5664 5453 372 309 166 294 5081 4975 1658 1586 1460 126 1343 3317 2095 1988 429 311 1559 289 1270 783
is_linear=0
shrinkage=0.035


Tree=141
num_leaves=31
num_cat=0
split_feature=6 42 13 99 93 27 52 48 1 118 270 55 185 156 267 11 32 17 206 145 270 207 19 36 87 8 216 232 21 26
split_gain=10.6863 12.5296 10.9338 10.6522 8.96586 20.6565 15.316 35.4076 18.393 22.3028 17.0995 16.5013 14.0221 11.7956 10.4399 16.202 9.94025 13.389 14.4771 12.7049 12.2938 10.856 14.6541 12.0563 12.409 22.6953 19.3975 15.8553 14.1442 15.9521
threshold=23.086683748634446 24.38625124067784 12.506253253018885 0.30829998850822454 12587.000000000002 7053.5000000000009 629.50000000000011 3.884199976921082 687.50000000000011 610.50000000000011 36.498797576956214 0.17204999923706057 0.019647875999651062 -0.27331937509154786 7.9686208813667401 102.67663943318986 0.1300499960780144 8.6060080928063183 0.32222945449230911 0.026256542592613102 70.993619739684206 -0.067034690219741025 637.50000000000011 -22.47489519231133 0.51555001735687267 -40.351169893154122 33.230142283931137 8.5130600868499346 0.14295000582933429 3.0505499839782719
decision_type=2 2 2 2 2 2 2 2 2 2 2 2 2 2 2 2 2 2 2 2 2 2 2 2 2 2 2 2 2 2
left_child=2 -2 -1 -3 14 -6 8 13 9 -7 -10 -9 -12 -8 16 -16 17 18 19 -4 -19 22 -18 -23 26 -26 27 -25 29 -28
right_child=1 3 4 -5 5 6 7 11 10 -11 12 -13 -14 -15 15 -17 21 20 -20 -21 -22 23 -24 24 25 -27 28 -29 -30 -31
leaf_value=0.0019736760262547351 -0.0042743202570005578 0.00023770035896335476 0.00064123460882588561 -0.00076291722853498727 0.0035375236310295475 0.00058816036639474799 0.0027379205722643843 -0.0030086351978007402 0.00040554455727007864 -0.00047400033605043778 -0.0011403551007396759 -0.00029689397491857117 -0.00019411678445104721 0.014107429159508028 0.0039602466897007355 -0.00075809251580138547 0.00031722902382063604 -0.0011130248216386167 -0.0013993187842814877 -0.00046053416872106708 0.00036787306872425768 -0.0037017591544874946 -0.00045094459170936244 0.0037114800161841864 -0.00028163314861670428 -0.0011938605406250798 -0.00084282515080969769 -0.0003107862834607242 -9.4372332342018709e-06 0.0008407011057229893
leaf_weight=95 76 64 570 115 124 94 60 83 82 65 326 101 103 65 109 110 398 141 65 74 89 60 83 212 1012 359 657 106 1135 73
leaf_count=95 76 64 570 115 124 94 60 83 82 65 326 101 103 65 109 110 398 141 65 74 89 60 83 212 1012 359 657 106 1135 73
internal_value=-0.00232603 -0.00928846 -0.00204384 -0.00399457 -0.00222292 -0.00508574 -0.0067937 -0.000334395 -0.00974815 0.000640244 -0.0129554 -0.01 -0.0157258 0.0137308 -0.00161754 0.00578125 -0.00194483 0.00129767 0.00367647 0.00528505 -0.00595745 -0.00268902 0.00223251 -0.00334623 -0.00306828 -0.00567224 -0.00142367 0.00650155 -0.00278877 -0.00657143
internal_weight=6706 255 6451 179 6356 1103 979 309 670 159 511 184 429 125 5253 219 5034 939 709 644 230 4095 481 3614 3554 1371 2183 318 1865 730
internal_count=6706 255 6451 179 6356 1103 979 309 670 159 511 184 429 125 5253 219 5034 939 709 644 230 4095 481 3614 3554 1371 2183 318 1865 730
is_linear=0
shrinkage=0.035


Tree=142
num_leaves=31
num_cat=0
split_feature=150 150 82 219 32 53 261 71 104 32 256 274 56 214 145 71 60 145 131 203 60 213 162 271 237 72 120 126 9 142
split_gain=8.83071 14.6463 16.6849 16.0446 14.4151 14.2011 12.8515 14.3437 19.1127 15.9827 13.6752 15.8729 12.2218 10.7545 10.7336 10.5857 13.4454 10.4698 10.6691 10.0135 9.81325 10.0533 12.026 10.5503 12.5292 13.1439 11.7147 14.4032 11.5554 9.73122
threshold=0.043000001460313804 0.055700011551380164 12180.500000000002 3.5637982911254968 0.14485000073909762 -15.403998770476266 472.00999450683599 6926.0000000000009 13589.500000000002 0.15394999831914905 85.227973053640369 -0.60203079405319937 11.972064428846641 0.02100000157952309 0.01789154967010918 8376.0000000000018 3655.0000000000005 0.013143082071179623 0.75339999794960033 0.59563761066362209 14017.000000000002 11.669963381908923 -0.060372541577911228 5.9034793796176217 0.27617065197271812 1135.5000000000002 0.6602500081062318 2018.5000000000002 23.904679372983431 0.80314999818801891
decision_type=2 2 2 2 2 2 2 2 2 2 2 2 2 2 2 2 2 2 2 2 2 2 2 2 2 2 2 2 2 2
left_child=4 2 5 -3 15 20 12 10 9 -9 11 -8 -6 -13 -4 16 -1 -17 -19 -15 21 22 -2 24 25 -24 27 -25 -29 -18
right_child=1 3 14 -5 6 -7 7 8 -10 -11 -12 13 -14 19 -16 17 29 18 -20 -21 -22 -23 23 26 -26 -27 -28 28 -30 -31
leaf_value=-0.0020267700481915655 -0.00026714368726291071 -0.00013468517579876967 0.01359502923115225 -0.0010414030808651178 0.012807781057066134 0.0043819501445015539 -0.0017111508384439948 0.0012587445328361541 -0.00079419263312800921 -5.5624864670755787e-05 3.8377956744708457e-05 6.9823532908481204e-05 -0.00010032712629353458 -0.00034457801770656192 0.00032266979088093229 -3.1073930715190829e-05 0.00088885124546072235 5.0775860900628971e-05 -0.0010373827884940302 -0.0026830284482288508 -0.0011681165817300663 -0.0007469676886753513 -0.0011055733569092325 -0.00062393737700672063 -0.0010666418878430596 0.0018031093352365087 0.004726755075911227 0.0086780004492455903 0.00010186670426262924 -0.0004666317051298677
leaf_weight=98 404 2110 103 93 63 60 61 200 127 830 171 90 86 118 77 118 185 64 415 70 96 141 103 81 87 97 192 61 91 214
leaf_count=98 404 2110 103 93 63 60 61 200 127 830 171 90 86 118 77 118 185 64 415 70 96 141 103 81 87 97 192 61 91 214
internal_value=-0.00220086 -0.00108656 0.00146746 -0.00293252 -0.00365009 0.000172779 -0.00172982 -0.00261663 -0.000451807 0.00114976 -0.00747573 -0.0114971 0.00795455 -0.00766784 0.0113514 -0.00681529 -0.00299801 -0.00994186 -0.0122211 -0.0123316 -0.000592784 0.000249604 0.00137377 0.00410042 -0.00107877 0.0037561 0.00756977 0.00220588 0.00847134 -8.66337e-05
internal_weight=6706 3796 1593 2203 2910 1413 1816 1667 1157 1030 510 339 149 278 180 1094 497 597 479 188 1353 1257 1116 712 287 200 425 233 152 399
internal_count=6706 3796 1593 2203 2910 1413 1816 1667 1157 1030 510 339 149 278 180 1094 497 597 479 188 1353 1257 1116 712 287 200 425 233 152 399
is_linear=0
shrinkage=0.035


Tree=143
num_leaves=31
num_cat=0
split_feature=27 27 270 13 146 71 92 261 162 36 270 71 102 274 203 34 267 60 60 244 246 10 173 163 21 173 8 27 161 209
split_gain=9.30786 15.3855 11.4498 20.2792 14.6526 22.0975 19.8347 15.4559 14.4949 15.1651 12.6953 14.1717 14.9852 12.4625 12.9376 22.558 15.2177 14.8246 24.4108 30.3541 17.7021 17.2204 16.8249 21.8414 20.7825 20.3357 18.3797 15.66 15.0448 14.315
threshold=46061.000000000007 32987.500000000007 111.91683993034052 78.482830711877071 -1.2913688350270609 3274.0000000000005 4.3049499988555917 519.30499267578136 -0.18562931533167695 -9.0431070492835897 103.19471510534689 4955.0000000000009 -2.9558748788993041 -0.51162959655137963 -0.49082866852216195 3.0679444065123267 2.9590701283410685 7148.5000000000009 12611.500000000002 0.012899998575448992 -0.25280660432626623 42.532262600762728 0.44591921594037348 -0.10408372302634258 0.17965000122785571 0.63531598628656394 -47.896922365380568 6801.0000000000009 0.13884999789297583 13.285502089635022
decision_type=2 2 2 2 2 2 2 2 2 2 2 2 2 2 2 2 2 2 2 2 2 2 2 2 2 2 2 2 2 2
left_child=1 2 10 -4 5 -5 -6 8 -8 -10 13 -12 -13 -1 15 -15 17 21 20 -20 -19 -16 23 -23 -25 26 -24 -27 -29 -17
right_child=-2 -3 3 4 6 -7 7 -9 9 -11 11 12 -14 14 16 29 -18 18 19 -21 -22 22 25 24 -26 27 -28 28 -30 -31
leaf_value=-0.0019406648898742953 0.00043964404016004824 -0.0010736241740899181 -0.00070809391277124663 0.0088874609418203229 -0.0027793585977715619 -0.00077103567721981689 0.00065122242349221582 0.0040368596152197886 0.00010233497274479309 -0.0017360021816792044 0.012669450390985455 0.00024441620592904889 -0.0013886492646298682 0.0068258493470912509 0.00030013194494646095 0.0020989423828387736 6.228355292487082e-05 0.0012423396394813364 -0.00038804135722717351 0.001772767706813337 -0.00071534724944448413 0.0054261380795635732 0.012309524511634343 -0.0021105238299973443 0.00072389934034414161 4.6964427703946051e-05 1.3968414047896838e-05 0.00033937176299789434 -0.00086844930331465852 -0.0010942485727136776
leaf_weight=179 65 138 203 133 111 106 98 65 67 160 102 137 69 136 445 242 867 108 142 225 1052 65 110 417 63 307 191 77 325 301
leaf_count=179 65 138 203 133 111 106 98 65 67 160 102 137 69 136 445 242 867 108 142 225 1052 65 110 417 63 307 191 77 325 301
internal_value=-0.00221129 -0.00234351 -0.00209204 -0.00564873 -0.00291275 0.00415984 -0.00629447 -0.00248101 -0.00562121 -0.0104095 -0.00148428 0.00536741 0 -0.00189081 -0.00156459 0.00291667 -0.0022596 -0.00328001 -0.00587141 0.00197581 -0.00835193 -0.00129177 -0.00302885 -0.00795455 -0.0105361 -0.000344828 0.00720588 -0.00357843 -0.00808354 -0.000319343
internal_weight=6706 6641 6503 943 740 239 501 390 325 227 5560 308 206 5252 5073 679 4394 3527 1527 367 1160 2000 1555 545 480 1010 301 709 402 543
internal_count=6706 6641 6503 943 740 239 501 390 325 227 5560 308 206 5252 5073 679 4394 3527 1527 367 1160 2000 1555 545 480 1010 301 709 402 543
is_linear=0
shrinkage=0.035


Tree=144
num_leaves=31
num_cat=0
split_feature=115 71 71 170 172 267 103 114 64 127 172 244 240 104 82 204 70 261 8 71 268 159 167 270 11 115 239 148 26 140
split_gain=10.3234 8.13874 9.27439 10.7076 12.8219 9.15265 10.7044 12.6971 10.5519 11.1703 9.94245 9.85774 9.31711 21.2371 18.5997 16.9411 14.6262 19.6073 18.6694 17.8784 18.6836 13.2168 14.8016 17.9466 12.6265 13.4429 11.9193 10.9608 20.8264 18.799
threshold=25649.000000000004 419.50000000000006 791.00000000000011 1.0000000180025095e-35 0.1759017435541185 6.5647906913568486 5.9855999946594247 5.5753500461578378 12.004344022029658 31.500000000000004 0.1351965267569594 0.018399987369775776 4.181957427797923 2005.0000000000002 2758.5000000000005 -0.0098039122979487452 4.337749958038331 521.78500366210949 -69.067489733045036 6768.0000000000009 25.346922608007198 15.031074677125689 0.035585936770553071 58.652524084388212 60.358061934905955 8004.0000000000009 0.098317658088209484 2153.0000000000005 2.8572000265121464 642.50000000000011
decision_type=2 2 2 2 2 2 2 2 2 2 2 2 2 2 2 2 2 2 2 2 2 2 2 2 2 2 2 2 2 2
left_child=1 -1 -3 4 -4 6 7 12 -7 -10 11 -8 27 15 -15 -14 17 18 -16 -18 -21 -17 23 -23 25 -19 -26 29 -29 -5
right_child=-2 2 3 5 -6 8 10 -9 9 -11 -12 -13 13 14 16 21 19 24 -20 20 -22 22 -24 -25 26 -27 -28 28 -30 -31
leaf_value=-0.0018195721237779013 -0.00040039761727596053 0.00614991860029661 -5.6234093869072526e-05 -0.00018554731820683015 -0.00087128391411278334 0.0074413117342314161 -0.0032442252621844676 0.00044835456024421076 0.0014622620581223953 -0.00037872729006955267 9.3319079384279754e-06 -0.00020816517513712665 -0.00098232199957293612 -0.0053691798477735371 0.010161291909459143 -0.00017277431831205588 -0.0040429699926505767 -0.001260084944839331 -0.00053823809565033077 -0.00054733022457526318 0.004737742218881737 -0.00046639751434156225 0.0034349033666848635 0.00109588372922604 -0.0030886439901611682 0.0036643903390876529 -0.00013873020699856786 -8.7400033203898232e-05 0.0012065518884307187 0.0022449280611980863
leaf_weight=113 101 91 128 1492 104 61 108 122 74 235 97 65 121 117 138 140 144 63 147 431 63 127 78 225 111 90 96 1199 531 94
leaf_count=113 101 91 128 1492 104 61 108 122 74 235 97 65 121 117 138 140 144 63 147 431 63 127 78 225 111 90 96 1199 531 94
internal_value=-0.00203397 -0.00185855 -0.00169155 -0.00185217 -0.00915612 -0.00157029 -0.00191161 -0.00157481 0.00373333 0.00100318 -0.00865455 -0.0135674 -0.00183019 -0.00365697 -0.00612811 0.00135776 -0.00486413 -0.00113077 0.00567241 -0.00860031 -0.00533066 0.00389565 0.00691954 0.00372549 -0.00652055 0.00110759 -0.0120519 -0.000674496 0.00125072 -0.00277184
internal_weight=6706 6605 6492 6401 232 6169 5799 5529 370 309 270 173 5407 2091 1400 691 1283 645 285 638 494 570 430 352 360 153 207 3316 1730 1586
internal_count=6706 6605 6492 6401 232 6169 5799 5529 370 309 270 173 5407 2091 1400 691 1283 645 285 638 494 570 430 352 360 153 207 3316 1730 1586
is_linear=0
shrinkage=0.035


Tree=145
num_leaves=31
num_cat=0
split_feature=192 104 115 19 41 52 107 85 25 38 71 11 148 115 151 246 191 274 203 183 115 160 183 183 217 2 270 244 60 173
split_gain=8.92155 9.83541 9.02235 9.05078 10.1813 8.78904 27.8813 20.8052 23.1807 14.9699 19.8264 14.5865 17.8308 21.2269 16.7038 13.8706 14.6247 22.6709 22.6204 18.3622 16.3067 15.7759 15.4833 22.323 18.724 17.2057 18.0642 15.3725 14.6364 16.6648
threshold=0.93740079364572504 4244.0000000000009 25649.000000000004 526.50000000000011 530.50000000000011 575.50000000000011 578.50000000000011 568.50000000000011 -9.1005265044343222 4150.0000000000009 4011.5000000000005 52.311843234984302 1143.5000000000002 404.50000000000006 0.52120000869035732 -0.83004115626657637 0.27117500454187399 -0.56402633901960353 -0.19379712940565377 -0.42006479108617417 6212.5000000000009 0.045400016009807594 -0.086909080939978942 0.15527751988586194 27.312118666824045 604.06500244140636 72.057489108322002 0.0030999965965747838 18999.500000000004 -0.14545786340242425
decision_type=2 2 2 2 2 2 2 2 2 2 2 2 2 2 2 2 2 2 2 2 2 2 2 2 2 2 2 2 2 2
left_child=2 -2 3 -1 -5 7 -7 9 -9 10 -6 -11 -13 -14 -15 -8 17 -17 19 -18 22 -20 -19 -24 -25 26 -26 -22 29 -29
right_child=1 -3 -4 4 5 6 15 8 -10 11 -12 12 13 14 -16 16 18 20 21 -21 27 -23 23 24 25 -27 -28 28 -30 -31
leaf_value=-0.0034383519004979688 0.00208731108625851 -0.00063227232258245426 -0.00048248789425060952 0.0052634659260066309 -0.001973993376238947 0.011795044246224469 0.0065423296015247445 -7.1159068049382888e-05 -0.0024334272574415262 0.0085086170123400365 2.2473020822842694e-05 0.0049129650940838614 0.0097874101716700444 -0.00030795546388016491 -0.0062433394108088918 -0.0021042295687209102 -0.0028949299517924769 -3.5049186637029219e-05 -0.0024777116258704775 0.0045138627927011682 -0.0009583853095990947 5.2603986568490196e-05 0.015617872603889959 0.0089819736078353019 0.0057320178195763233 -0.0027605438536137364 -0.00037601224919107978 -0.00062281270563306157 0.0054800760117565414 -4.0179042408095837e-05
leaf_weight=76 118 90 97 69 270 73 63 165 141 62 258 144 65 294 60 89 140 488 275 148 239 63 86 76 69 66 75 210 65 2572
leaf_count=76 118 90 97 69 270 73 63 165 141 62 258 144 65 294 60 89 140 488 275 148 239 63 86 76 69 66 75 210 65 2572
internal_value=-0.00212785 0.00492958 -0.00235737 -0.00219091 -0.00204028 -0.00219134 -0.00146501 -0.00456626 -0.0126045 -0.00238774 -0.00669794 0.00127778 -0.000554577 -0.00420991 -0.00760446 -0.00180588 -0.00203279 -0.00125619 -0.00698891 0.000238908 -0.000850418 -0.0130612 0.00339884 0.00872679 0.0038488 -0.00162791 0.00516779 -0.00203818 -0.00131311 -0.00170793
internal_weight=6706 208 6498 6401 6325 6256 4797 1459 306 1153 528 625 563 419 354 4724 4661 4035 626 288 3946 338 860 372 286 210 144 3086 2847 2782
internal_count=6706 208 6498 6401 6325 6256 4797 1459 306 1153 528 625 563 419 354 4724 4661 4035 626 288 3946 338 860 372 286 210 144 3086 2847 2782
is_linear=0
shrinkage=0.035


Tree=146
num_leaves=31
num_cat=0
split_feature=60 246 242 70 166 135 173 52 27 13 270 115 270 198 5 148 148 27 134 114 153 27 222 242 264 176 114 63 141 123
split_gain=9.58486 23.4559 17.4794 18.3711 17.5667 15.6849 20.8527 19.2099 18.4501 16.613 24.417 17.6845 16.3944 15.6948 14.9153 23.186 28.5874 20.4165 15.8682 15.7984 19.5768 17.1707 16.1348 22.4105 14.9065 15.1494 14.6117 14.2502 14.0863 14.0597
threshold=9144.5000000000018 0.61904943006997282 18.815618644574297 3.0511000156402592 -0.17691210124473852 -1.3063966596033705 0.85638540393810036 519.50000000000011 14341.000000000002 78.703671375920592 101.98158817213665 4660.5000000000009 77.04001818986643 -0.070250034332275377 54.721167605024199 1382.0000000000002 576.50000000000011 16698.000000000004 0.0098619566748322368 4.5896000862121591 0.12055539522684221 5247.5000000000009 4.920369448003818 63.434591208337899 -2.8892492838500368 -1.2145039334539838 4.7138500213623056 563.50000000000011 32.148011431806239 0.012422348137888622
decision_type=2 2 2 2 2 2 2 2 2 2 2 2 2 2 2 2 2 2 2 2 2 2 2 2 2 2 2 2 2 2
left_child=5 2 4 -4 -2 6 8 -7 9 10 13 -11 -8 -1 17 16 -16 18 -9 -20 21 -21 -22 29 -15 -26 -19 -17 -29 -24
right_child=1 -3 3 -5 -6 7 12 14 -10 11 -12 -13 -14 24 15 27 -18 26 19 20 22 -23 23 -25 25 -27 -28 28 -30 -31
leaf_value=0.0028671257747955674 0.0073228022787482664 -0.001243951928428892 -0.0016632484005173044 -0.00017248858460544944 -0.00022135554512359547 -0.0072315059971535594 -1.3859008987423192e-05 0.00039418299815300375 0.0046691245772291709 0.0085048634448219567 -0.0018137044561074862 -0.0035175024034783341 -0.0044347489871839306 -0.0015690313847549671 -0.00018414411349518546 -5.9254357702885208e-05 0.0046411210190270506 0.00014312793771991073 -0.0003071174538186511 0.0056933426772712041 -0.00032216556221461499 -0.00073756047320506894 0.0089900214975734832 -0.0016447057180132355 -0.0022042742184703386 0.00020077209623446893 -0.0033939314988899573 -8.4771658686596822e-05 -0.0028313398427443227 0.00051758440888946869
leaf_weight=138 64 134 87 1536 73 63 107 397 186 217 63 60 66 151 409 107 144 61 726 76 116 375 129 66 75 439 110 92 263 176
leaf_count=138 64 134 87 1536 73 63 107 397 186 217 63 60 66 151 409 107 144 61 726 76 116 375 129 66 75 439 110 92 263 176
internal_value=-0.00216957 -0.00427593 -0.0031728 -0.00419226 0.00862676 -0.00133693 0.00162575 -0.00268175 0.00312219 0.00143293 -0.000964409 0.00881206 -0.00963483 0.000736386 -0.00229244 -0.00579902 -0.00094086 -0.000688422 0.000287996 -0.0012163 0.00178155 -0.00345395 0.00661585 0.0101463 -0.00151493 0.00134875 -0.0121307 -0.0115418 -0.014875 0.0141129
internal_weight=6706 1894 1760 1623 137 4812 1502 3310 1329 1143 866 277 173 803 3247 1015 553 2232 2061 1664 938 451 487 371 665 514 171 462 355 305
internal_count=6706 1894 1760 1623 137 4812 1502 3310 1329 1143 866 277 173 803 3247 1015 553 2232 2061 1664 938 451 487 371 665 514 171 462 355 305
is_linear=0
shrinkage=0.035


Tree=147
num_leaves=31
num_cat=0
split_feature=71 26 239 156 176 6 145 205 77 275 34 49 39 192 90 195 83 235 124 27 212 42 33 38 70 49 138 23 80 27
split_gain=9.54665 8.04995 12.6802 9.69525 15.7858 18.0363 13.8473 12.2589 11.316 10.2672 9.76706 10.5995 9.55816 8.91405 8.76634 10.3454 17.1706 12.3376 11.3845 16.4556 11.0023 10.9062 12.4564 18.3766 16.1466 10.6873 10.4858 12.428 14.6815 11.3584
threshold=419.50000000000006 3.7781000137329106 -0.16775738868435305 0.38656024847108489 -0.55043290618642449 1.0000000180025095e-35 0.028383153199788985 0.013038997014135512 0.15304999798536303 0.49277328913965862 2.79961947010514 9243.5000000000018 322.50000000000006 0.65957446808194897 0.0050000264817343246 0.013654129050251521 502.50000000000006 -0.062388735759810736 -2.5508429138225117 10230.000000000002 9.6632295711797322 16.528907787575211 0.19645000249147418 9609.5000000000018 5.3131499290466317 2925.0000000000005 17.500000000000004 1.345469516271881 -6.2886702847291458 8688.5000000000018
decision_type=2 2 2 2 2 2 2 2 2 2 2 2 2 2 2 2 2 2 2 2 2 2 2 2 2 2 2 2 2 2
left_child=-1 3 -3 14 6 -6 7 -5 -9 -7 -10 13 -4 -12 -2 16 18 26 19 -16 21 -18 23 -23 -24 -20 -17 -28 -29 -30
right_child=1 2 12 4 5 9 -8 8 10 -11 11 -13 -14 -15 15 17 20 -19 25 -21 -22 22 24 -25 -26 -27 27 28 29 -31
leaf_value=-0.0017502248001437233 -0.00094663043310783915 -0.001929766692169348 -0.00037061006409886245 -0.0017368103923793279 0.00034127840252999673 -0.0008806275387974867 -0.0019607671034510225 -0.00055887118993958994 0.0010812776854095777 9.8148547543132954e-05 -7.0862871434434487e-05 -0.00035758833924447094 0.00051474717772406601 0.0024816691859352842 0.0059640826858856719 1.9591284028263324e-05 -0.00061696195111445647 -0.00012523758707872729 -0.0030236842197377289 -0.0021982693017389694 -0.0011198864398165704 0.0054445572888174474 0.0001754806131450204 -0.00010413904173203482 -0.00079475305886421833 -0.00036345952391133701 -0.00014693421312334087 -0.0040450144057723363 0.00017796669818003708 -0.0014338776137605978
leaf_weight=113 153 98 62 119 920 185 63 75 125 84 100 102 64 73 124 124 77 1136 64 60 189 100 1139 92 217 633 103 155 64 93
leaf_count=113 153 98 62 119 920 185 63 75 125 84 100 102 64 73 124 124 77 1136 64 60 189 100 1139 92 217 633 103 155 64 93
internal_value=-0.00228431 -0.00210594 -0.00855895 -0.00187245 0.000264722 0.0026675 -0.004071 -0.00233723 0.00021875 -0.00523723 0.00259259 -0.001125 -0.0010687 0.00412921 -0.00274404 -0.002448 -0.00110185 -0.00460417 -0.00509594 0.00259259 0.000846619 0.00178221 0.002434 0.0106599 0.00123439 -0.00712963 -0.00894301 -0.0115833 -0.0150158 -0.00712963
internal_weight=6706 6593 224 6369 1846 1189 657 594 475 269 400 275 126 173 4523 4370 2695 1675 881 184 1814 1625 1548 192 1356 697 539 415 312 157
internal_count=6706 6593 224 6369 1846 1189 657 594 475 269 400 275 126 173 4523 4370 2695 1675 881 184 1814 1625 1548 192 1356 697 539 415 312 157
is_linear=0
shrinkage=0.035


Tree=148
num_leaves=31
num_cat=0
split_feature=60 80 60 163 274 162 69 91 193 163 60 223 135 134 72 116 159 264 37 58 163 241 179 273 127 90 234 164 225 27
split_gain=9.73098 18.058 14.9666 23.0453 23.0127 17.7514 16.8601 16.483 16.3494 13.861 13.2574 18.8739 13.1417 17.6146 16.064 15.2306 14.5274 14.5472 14.7168 14.2643 13.575 14.3378 12.7256 12.5769 12.4637 11.6813 13.9934 11.5856 11.3128 26.45
threshold=9144.5000000000018 -8.7910704199221161 12251.500000000002 -0.47010863654321172 0.10215619396982917 0.22506695215403741 -4.6949827737132352 -4.4369107797663689 0.10568091971188774 0.11024078359508031 8785.0000000000018 4.0421226476093066 -1.3063966596033705 0.0097839302469063597 2355.5000000000005 59.500000000000007 17.526722693465878 -0.34523620850934739 1.8910499811172488 -11.394289787452999 -0.11946969462150898 -0.48788700695245873 16.742030497836428 0.27694753725531257 296.50000000000006 0.012861895444231641 0.061988753682351579 0.031746024609752198 0.17148875316506632 17251.000000000004
decision_type=2 2 2 2 2 2 2 2 2 2 2 2 2 2 2 2 2 2 2 2 2 2 2 2 2 2 2 2 2 2
left_child=10 9 4 -4 6 -5 8 -6 -3 -2 12 -12 14 20 16 -15 17 19 -19 24 -14 -22 -21 27 -1 -20 -27 -7 -17 -30
right_child=1 2 3 5 7 23 -8 -9 -10 -11 11 -13 13 15 -16 28 -18 18 25 22 21 -23 -24 -25 -26 26 -28 -29 29 -31
leaf_value=-0.00060352293662119976 -0.0014023548583194897 -0.0012543677070240196 -0.00051311169301020848 0.0013311942711973627 0.00034491436905589705 0.0018901592820138181 0.0012703996737396116 -0.00071903887038393742 0.0055537575300849459 0.0037714849959901305 -0.00033198587055927547 0.0077453819467892494 -0.001941042091832433 -0.0016509976331788318 -0.0024131349552665889 -0.00031830216574374627 0.0047078675977724723 -0.00019833103196947757 0.0020435499911243501 -0.00015291582441004622 -0.00036270926374529032 0.00051797124350518476 -0.0022949755783137921 -0.0006557618706531785 0.0032831358425566776 0.002207026658953809 -0.0026447766870297436 -0.00024125223346289196 0.00021015138108928746 -0.0056407072815178854
leaf_weight=162 209 141 222 346 67 104 155 389 68 65 79 96 75 426 126 1569 79 217 270 122 140 367 75 68 158 195 67 60 525 64
leaf_count=162 209 141 222 346 67 104 155 389 68 65 79 96 75 426 126 1569 79 217 270 122 140 367 75 68 158 195 67 60 525 64
internal_value=-0.00219043 -0.0043128 -0.00288615 0.000521739 -0.00619394 0.0042024 0.000379404 -0.0113883 -0.0060514 -0.0125448 -0.00135146 0.00797222 -0.00171155 -0.00298013 0.00101965 -0.00421784 0.00215185 0.00121164 0.00431698 -0.00328544 0.00250426 0.00458008 -0.0105693 -0.00324895 0.00129231 0.00743017 0.00209738 0.00207101 -0.00300971 0.00111953
internal_weight=6706 1894 1620 800 820 578 364 456 209 274 4812 175 4637 3166 1471 2584 1345 1266 749 517 582 507 197 232 320 532 262 164 2158 589
internal_count=6706 1894 1620 800 820 578 364 456 209 274 4812 175 4637 3166 1471 2584 1345 1266 749 517 582 507 197 232 320 532 262 164 2158 589
is_linear=0
shrinkage=0.035


Tree=149
num_leaves=31
num_cat=0
split_feature=242 261 38 27 68 242 90 215 49 223 27 27 203 58 8 287 200 93 148 242 19 215 203 90 222 143 49 65 49 93
split_gain=9.02574 14.5867 14.3857 17.7523 15.6676 13.471 15.0933 13.0162 12.033 15.1741 14.5675 17.2588 13.9737 13.263 12.3668 12.2451 12.5355 11.9372 14.9182 11.7355 15.6816 18.9652 13.7508 11.4467 13.9568 17.6022 18.8579 40.3713 18.6063 18.3662
threshold=120.21785827942365 470.46000671386724 4150.0000000000009 5360.5000000000009 0.011594289091557507 133.71974380574389 0.0095465850655254338 -0.033700000494718545 12364.500000000002 6.0794213827813897 9412.5000000000018 13428.500000000002 1.0000000180025095e-35 -5.9739990240561278 -39.634476109828547 1.0000000180025095e-35 -0.017949998378753659 21996.500000000004 15567.500000000002 82.962557768501526 577.50000000000011 -0.020000007003545758 0.81671049271899865 0.021164593636735989 13.295379110618189 0.29514999687671667 5885.5000000000009 0.3692499995231629 6907.5000000000009 6225.0000000000009
decision_type=2 2 2 2 2 2 2 2 2 2 2 2 2 2 2 2 2 2 2 2 2 2 2 2 2 2 2 2 2 2
left_child=1 2 3 4 -1 6 -2 17 10 13 15 12 -12 -10 -14 19 -17 18 23 20 -9 22 -22 24 -3 26 27 -26 -28 -30
right_child=5 7 -4 -5 -6 -7 -8 8 9 -11 11 -13 14 -15 -16 16 -18 -19 -20 -21 21 -23 -24 -25 25 -27 28 -29 29 -31
leaf_value=-0.0050597440012772046 -0.0018231944719806796 -0.00019089638662121282 0.0087044735929998635 0.0084188633320061712 0.00012516967136157132 0.00076084461704082793 -5.2166789633210091e-05 -0.0019512029716979679 -0.00066276552281280135 -0.0013639252987593224 -3.7262292002991919e-05 -0.0003628025748056824 0.016649983157656881 0.00062685197762280703 0.00044891165866440066 -0.00040910117118554164 0.00044156742486458402 -0.00049893969890576876 0.0055310965719498418 0.00011907006606869608 -0.0013853460910350586 0.00174383057581685 5.7561538110616491e-05 0.00039633185993867315 0.0064265043975028132 -0.0012794013819099283 -0.0012970472443462962 -0.0008045567354360506 -0.00099147359419439734 0.00059650149574007024
leaf_weight=61 148 2190 156 60 85 75 102 119 84 328 138 163 66 66 94 90 91 153 76 93 197 86 61 276 150 331 91 71 286 719
leaf_count=61 148 2190 156 60 85 75 102 119 84 328 138 163 66 66 94 90 91 153 76 93 197 86 61 276 150 331 91 71 286 719
internal_value=-0.00230517 -0.00201143 0.00476839 -0.00132701 -0.00788079 -0.00795455 -0.0118039 -0.00242281 -0.00503867 -0.00971014 -0.00314214 0.00172747 0.00669967 -0.000451613 0.0135758 -0.00617925 0.00169355 -0.00140869 -0.00105125 -0.0087344 -0.0109936 -0.00702006 -0.011711 -0.00134256 -0.00183971 0.000592861 0.00240923 0.011615 0.000508629 0.00190594
internal_weight=6706 6381 362 206 146 325 250 6019 1676 478 1198 461 298 150 160 737 181 4343 4190 556 463 344 258 4114 3838 1648 1317 221 1096 1005
internal_count=6706 6381 362 206 146 325 250 6019 1676 478 1198 461 298 150 160 737 181 4343 4190 556 463 344 258 4114 3838 1648 1317 221 1096 1005
is_linear=0
shrinkage=0.035


Tree=150
num_leaves=31
num_cat=0
split_feature=58 153 193 54 160 214 90 261 238 115 19 219 224 175 82 148 60 246 148 13 163 2 246 134 261 104 152 112 11 69
split_gain=7.85642 11.1056 21.8075 10.3068 10.4559 14.9694 10.3128 8.94441 16.516 10.0488 14.019 13.7165 9.60715 15.428 9.77992 22.9401 12.0558 14.4831 11.3263 15.9103 12.6577 12.0869 16.1918 16.0691 15.4785 13.8631 13.2555 11.636 11.3366 11.392
threshold=-16.106711391421943 0.19874744599677877 0.58144405816865385 0.18374999612569812 0.096399992704391493 0.098350003361701979 0.0050000264817343246 470.10499572753912 -24.682109929734516 4216.5000000000009 542.50000000000011 -178.90914200925724 0.99999999999239719 0.015921048017502135 18999.500000000004 8802.5000000000018 7148.5000000000009 0.71814720804868371 14524.500000000002 60.178762852927399 0.22650974839104901 579.11499023437511 -0.25839567312762729 0.01594263202450039 519.30499267578136 5660.0000000000009 -0.63994928148715247 0.010037677074997706 22.776853423213215 -4.9976898090787527
decision_type=2 2 2 2 2 2 2 2 2 2 2 2 2 2 2 2 2 2 2 2 2 2 2 2 2 2 2 2 2 2
left_child=1 -1 -3 -2 5 6 -5 8 -8 10 -10 -12 14 -14 16 -16 -9 18 20 -20 21 25 23 -23 -24 -18 -26 -22 29 -28
right_child=3 2 -4 4 -6 -7 7 12 9 -11 11 -13 13 -15 15 -17 17 -19 19 -21 27 22 24 -25 26 -27 28 -29 -30 -31
leaf_value=-0.0012467690449233404 0.00069695992001972797 0.010484819404111917 -0.00099664970494018484 -0.0011894359252893779 -0.0017973177628496776 0.0029419949658954195 -0.0022184570409880442 -3.772898241716963e-05 -0.0017503800715681435 0.0087480193976234299 0.0099280960506109746 0.00012078873286391679 -6.7603525734625806e-05 -0.0010960631540641698 0.0090432658297272834 -0.00033369731238898527 -9.0336491209790383e-05 -0.0048335360273710987 0.0062341530238418522 -0.00016337632354717193 -0.0041089097972403779 0.0014708582888028575 0.0065172246639541636 -0.00078104560603517947 0.0014358326510007472 -0.0025431681517365996 -0.00018434771637062782 -0.0008515214751346707 -0.00037137678898605637 0.00053063005290398765
leaf_weight=131 103 61 105 159 68 90 60 2846 87 67 66 95 143 111 73 85 95 66 61 67 77 214 88 140 70 98 138 153 1027 62
leaf_count=131 103 61 105 159 68 90 60 2846 87 67 66 95 143 111 73 85 95 66 61 67 77 214 88 140 70 98 138 153 1027 62
internal_value=-0.00224259 -0.0077649 -0.00163743 -0.00198082 -0.00216289 -0.00200705 -0.00221843 -0.00197948 0.00322368 0.00645313 0.00304348 0.00906627 -0.0023296 -0.00891892 -0.00200932 0.00644172 -0.00227194 -0.00412114 -0.00362963 0.00631579 -0.00423166 -0.00328859 -0.00234805 0.00428969 -0.00405396 -0.0114899 -0.00502688 -0.0119149 -0.00588068 0.00170732
internal_weight=6706 297 166 6409 6306 6238 6148 5989 375 315 248 161 5614 254 5360 158 5202 2356 2290 128 2162 1932 1739 354 1385 193 1297 230 1227 200
internal_count=6706 297 166 6409 6306 6238 6148 5989 375 315 248 161 5614 254 5360 158 5202 2356 2290 128 2162 1932 1739 354 1385 193 1297 230 1227 200
is_linear=0
shrinkage=0.035


Tree=151
num_leaves=31
num_cat=0
split_feature=287 274 148 140 30 203 271 27 183 137 93 115 115 93 9 137 214 10 115 135 93 126 12 93 13 274 115 124 36 175
split_gain=8.00872 22.1154 14.2717 20.4855 26.7612 20.6632 19.2085 16.4279 14.831 14.113 16.7898 18.2684 22.3406 19.8452 21.8286 18.536 17.6946 17.9069 14.1679 15.9558 13.1477 11.7189 11.3813 11.4089 14.3638 14.7844 15.2761 17.0078 13.8813 13.125
threshold=1.0000000180025095e-35 -0.49404847794545326 266.00000000000006 569.50000000000011 572.25000000000011 0.56606658118645503 15.84626762659062 5247.5000000000009 0.89668587199551741 13741.000000000002 12587.000000000002 10934.500000000002 6823.0000000000009 8973.0000000000018 34.60736699464767 11448.500000000002 0.054249987006187446 120.10057115157717 8513.5000000000018 -0.88395185412084143 9329.0000000000018 152.50000000000003 16.72443056250745 8555.0000000000018 57.622660735772776 -0.29664259638994533 6004.0000000000009 -1.2231486584779041 -11.556150277734917 0.032266381663981998
decision_type=2 2 2 2 2 2 2 2 2 2 2 2 2 2 2 2 2 2 2 2 2 2 2 2 2 2 2 2 2 2
left_child=22 -2 8 5 -5 -4 7 -6 -3 10 11 12 16 18 -15 -13 17 20 -14 -20 -9 -10 23 -1 25 -25 -27 29 -26 -28
right_child=1 2 3 4 6 -7 -8 9 21 -11 -12 15 13 14 -16 -17 -18 -19 19 -21 -22 -23 -24 24 28 26 27 -29 -30 -31
leaf_value=-7.4344339681523542e-05 -0.0031459914381239094 -0.0022247453776659976 -7.8706473058312278e-05 -0.0065567496807645122 0.0081326400108797138 0.0079388572841853876 0.0047148295152761996 -0.00011850041800762741 -0.00031283322838645714 0.0057385261801458764 -0.0016402621052807008 0.012326906834068107 -0.0033145670236846918 0.0025640706437217889 -0.00053880279324245058 -9.8260758669783271e-05 -0.00051253319899145864 0.018003562921284647 5.1279057959389703e-05 -0.0010468203674342889 0.0011292657357201358 0.0012006360093239094 -0.0020384629961019058 0.0050235557916061616 -0.0023195474850367754 0.00057937365161573608 -5.4693621194031875e-05 -0.0013432163168581059 -0.00013938503451651016 -0.00080015723529375119
leaf_weight=2451 77 105 100 61 67 109 143 198 171 111 174 86 125 65 98 74 108 65 82 62 93 95 189 83 168 79 949 114 198 206
leaf_count=2451 77 105 100 61 67 109 143 198 171 111 174 86 125 65 98 74 108 65 82 62 93 95 189 83 168 79 949 114 198 206
internal_value=-0.00220086 -0.000507916 0.000159308 0.00143757 8.65801e-05 0.0116121 0.00101221 -0.0002477 -0.00605053 -0.00111813 -0.00221053 -0.000527804 -0.00248613 -0.00816934 0.00145833 0.0101818 0.00283582 0.0065928 -0.0139234 -0.00610738 0.00271959 -0.00154982 -0.00306506 -0.00268281 -0.00479745 -0.0031929 -0.00408721 -0.00502747 -0.0109434 -0.00371121
internal_weight=6706 2269 2192 1821 1612 209 1551 1408 371 1341 1230 1056 896 432 163 160 464 356 269 144 291 266 4437 4248 1797 1431 1348 1269 366 1155
internal_count=6706 2269 2192 1821 1612 209 1551 1408 371 1341 1230 1056 896 432 163 160 464 356 269 144 291 266 4437 4248 1797 1431 1348 1269 366 1155
is_linear=0
shrinkage=0.035


Tree=152
num_leaves=31
num_cat=0
split_feature=234 58 153 193 50 90 82 1 38 115 90 4 155 50 86 50 173 187 214 173 27 58 175 82 148 83 112 71 221 163
split_gain=8.57693 7.55351 11.1405 19.5815 9.65172 10.061 10.2651 15.8394 11.8219 17.4606 16.7509 11.2774 9.74264 8.6327 12.0531 10.6251 9.96412 15.0563 16.8361 14.0092 23.7137 13.8166 12.4654 9.89225 17.7089 9.30869 12.0883 11.3827 13.0277 13.3399
threshold=-0.46312239596113519 -16.106711391421943 0.19874744599677877 0.58144405816865385 71.500000000000014 0.0050000264817343246 344.50000000000006 722.50000000000011 1789.5000000000002 9832.5000000000018 0.010230235963508411 21.956722489230895 0.018882891513607485 2472.0000000000005 -2.8654868166361198 2081.0000000000005 0.66977834725410179 -0.00040020385005566921 0.042499992996454246 0.58773670011013068 13868.000000000002 -5.927160633347043 0.015759356045075962 2290.5000000000005 825.50000000000011 432.50000000000006 0.0073349380499797747 12560.000000000002 69.312325188193412 0.38430976729114263
decision_type=2 2 2 2 2 2 2 2 2 2 2 2 2 2 2 2 2 2 2 2 2 2 2 2 2 2 2 2 2 2
left_child=-1 2 -2 -4 -3 -6 7 -7 9 10 -8 -12 -10 15 -15 16 19 -18 21 23 -21 -19 -20 24 -14 26 -25 -27 29 -29
right_child=1 4 3 -5 5 6 8 -9 12 -11 11 -13 13 14 -16 -17 17 18 22 20 -22 -23 -24 25 -26 27 -28 28 -30 -31
leaf_value=-0.00051539211578038261 -0.0011992961987907687 0.00034857422706439657 0.01018249474328093 -0.0010968720516298137 -0.00096210455500739288 9.6365994115651956e-05 -0.00046203863497811502 -0.00059237490528238357 0.0030446432741401751 -0.00030188406539293004 0.0071604357230999095 0.00011218271738322629 0.0065024221284792055 0.00031333797111190721 -0.0016684316081405004 0.00084743283878991108 -0.0020664687292296403 0.00092667746241141893 0.00027656482102362103 -0.00051968454144525448 0.006318318809652044 -0.00074543369041699668 -0.001113132965227457 -0.0020830641330301242 -0.0010907447435984411 -1.0194864344549582e-05 -0.00016753814569795634 -0.00029432046198129641 -0.0015527633427204137 0.00082111985813480848
leaf_weight=125 129 140 60 104 159 87 77 114 62 103 87 67 103 86 164 153 87 159 60 96 78 60 135 153 69 2470 855 451 94 119
leaf_count=125 129 140 60 104 159 87 77 114 62 103 87 67 103 86 164 153 87 159 60 96 78 60 135 153 69 2470 855 451 94 119
internal_value=-0.00212785 -0.00195035 -0.00739933 -0.0012426 -0.00169077 -0.00189989 -0.00166416 -0.00934466 -0.00138961 0.00495575 0.0102331 0.0167296 -0.00178238 -0.00194553 -0.00823529 -0.00163202 -0.0019133 -0.00657115 -0.00367542 -0.0013866 0.00821229 0.00296875 -0.011025 -0.00178282 0.00632768 -0.00212684 -0.00504442 -0.00118191 -0.00523169 -0.00316522
internal_weight=6706 6581 293 164 6288 6148 5989 201 5788 334 231 154 5454 5392 250 5142 4989 501 414 4488 174 219 195 4314 172 4142 1008 3134 664 570
internal_count=6706 6581 293 164 6288 6148 5989 201 5788 334 231 154 5454 5392 250 5142 4989 501 414 4488 174 219 195 4314 172 4142 1008 3134 664 570
is_linear=0
shrinkage=0.035


Tree=153
num_leaves=31
num_cat=0
split_feature=20 49 10 155 211 33 159 175 134 115 66 224 140 140 49 6 153 66 261 115 71 93 11 271 65 41 2 153 60 71
split_gain=7.92914 17.5207 13.0783 24.2934 11.8541 9.09886 15.151 14.3288 11.507 9.69609 15.6884 15.0715 11.3859 12.8541 12.2314 24.3712 12.0401 20.8641 12.1191 19.0391 21.6593 21.3528 19.3175 16.7079 16.0098 16.7641 28.9156 17.0895 15.1404 18.2325
threshold=97.183204416593242 8311.0000000000018 23.504385590503993 0.022362231644024951 -0.63813037533129957 0.43234999477863317 14.741203747864331 0.010867969176407291 0.011220957331868274 414.00000000000006 0.35649999976158148 0.99999999999256206 555.50000000000011 562.50000000000011 18866.500000000004 -50.0518147260292 -0.37023119578533698 0.29074999690055853 528.43750000000011 10934.500000000002 5875.0000000000009 5633.0000000000009 98.617095707768257 16.799009370816211 0.27394999563694006 566.50000000000011 574.87500000000011 0.14806640584600422 2045.0000000000002 9924.0000000000018
decision_type=2 2 2 2 2 2 2 2 2 2 2 2 2 2 2 2 2 2 2 2 2 2 2 2 2 2 2 2 2 2
left_child=5 2 3 -2 -4 9 -7 8 -8 -1 11 12 -11 -14 16 -16 17 -15 19 20 21 22 -18 -20 -22 -26 -27 -28 -21 -30
right_child=1 -3 4 -5 -6 6 7 -9 -10 10 -12 -13 13 14 15 -17 18 -19 23 28 24 -23 -24 -25 25 26 27 -29 29 -31
leaf_value=0.0062434902854095883 0.0044388900067081948 0.0037097973656585897 3.1618590189876897e-05 -0.0014167979828661323 -0.0020734884689387473 -0.00093008425877505691 0.0014057838310527896 0.00019545521683669577 0.012741666117493673 0.007825765106414884 -0.003485692883371431 -0.0011968546202751921 -0.0065911100604080855 -0.0012261106485168224 0.0056033100218504765 -0.00059920655321739466 0.001211188077174952 0.00034307926491131791 -0.00013174957409837207 -0.00032263959684133747 0.0043066862557095383 0.0073829768767562313 -0.0010182631512227454 0.0045501673024935891 0.0053370656849954035 -0.0027728334534187411 0.00010223456049408137 -0.00048948410991989664 0.013368612476270469 0.00080521887741815941
leaf_weight=106 61 69 75 69 276 126 63 187 66 60 104 188 71 133 63 335 136 87 2423 71 68 127 164 127 62 121 478 534 94 162
leaf_count=106 61 69 75 69 276 126 63 187 66 60 104 188 71 133 63 335 136 87 2423 71 68 127 164 127 62 121 478 534 94 162
internal_value=-0.0020444 -0.00605405 -0.00842593 0.00103704 -0.0118961 -0.00168155 0.00313199 0.00719626 0.0159328 -0.0020563 -0.00225726 -0.00199492 -0.00164443 -0.00182285 -0.00161175 -0.00746898 -0.00111749 -0.00902222 -0.000727253 0.00129822 -0.00020649 0.0065625 0.00137705 -0.00232877 -0.00251183 -0.00347083 -0.00445958 -0.00247788 0.00896084 0.0128736
internal_weight=6706 550 481 130 351 6156 442 316 129 5714 5608 5504 5316 5256 5185 398 4787 220 4567 2017 1690 427 300 2550 1263 1195 1133 1012 327 256
internal_count=6706 550 481 130 351 6156 442 316 129 5714 5608 5504 5316 5256 5185 398 4787 220 4567 2017 1690 427 300 2550 1263 1195 1133 1012 327 256
is_linear=0
shrinkage=0.035


Tree=154
num_leaves=31
num_cat=0
split_feature=173 93 103 154 164 165 183 203 10 81 9 47 21 165 224 179 125 158 8 153 271 202 94 203 183 71 137 60 208 45
split_gain=9.13434 9.81521 8.99387 15.5888 12.654 9.69409 15.0672 20.7092 13.8905 18.059 22.9571 17.6754 11.9895 11.1386 12.2929 13.9773 16.7771 16.4397 16.9867 13.324 14.9449 12.5993 11.7933 11.7814 14.2132 11.7126 14.7207 11.7083 11.549 11.5943
threshold=-0.90171484682707315 422.00000000000006 6.0509500503540048 -0.20431353907895525 -0.012820519922263242 0.016955251436911695 -0.66013026228274529 -0.56751210435134014 98.402222251574088 4.4254500865936288 169.52578172034617 -5.4124566721619205 0.14154999703168872 0.01963176970404196 0.99999999999256206 17.45597092549454 4.4004499912261972 -0.060800001025199883 -24.263955168284905 0.73059511693553802 3.1224064057581216 0.058823529410322963 939.50000000000011 0.79005759909662998 0.87941617974137787 10022.500000000002 2090.0000000000005 1638.5000000000002 0.038700014352798469 2.8258850685502441
decision_type=2 2 2 2 2 2 2 2 2 2 2 2 2 2 2 2 2 2 2 2 2 2 2 2 2 2 2 2 2 2
left_child=-1 -2 5 -4 -5 6 -3 12 -9 10 -10 -11 -8 25 15 19 17 -17 28 22 -21 -20 27 -18 -25 26 -7 -15 29 -19
right_child=1 2 3 4 -6 13 7 8 9 11 -12 -13 -14 14 -16 16 23 18 21 20 -22 -23 -24 24 -26 -27 -28 -29 -30 -31
leaf_value=-0.0012928214126941358 0.005743805924881178 -0.0013830759867490697 0.00043691888888755667 -0.0043303046555165387 -0.00029954535808204093 0.0028796131297282655 -0.00090590482764968351 -0.0017288911046140023 0.01078757829844945 -0.001972774698183534 -0.00031641807602843106 4.2131774700442104e-06 0.0056347503436998906 0.00049198714325131602 -0.0010672708804407439 0.0011258092024225312 7.074804232424931e-05 0.00010623008533568347 0.0009997781464008489 0.00029890282394013122 -0.00085665368283819199 -0.00074390661161665263 0.00018641233310178032 -0.0011810597171484211 0.00020854034840790933 0.0013217517499428328 -0.00048492605196272302 -9.1917052809505637e-05 -0.002266337371364861 -0.0011931454953026672
leaf_weight=111 87 182 80 79 60 175 70 355 85 63 70 108 112 115 148 88 620 93 67 66 202 105 969 210 63 93 239 1482 102 407
leaf_count=111 87 182 80 79 60 175 70 355 85 63 70 108 112 115 148 88 620 93 67 66 202 105 969 210 63 93 239 1482 102 407
internal_value=-0.00202354 -0.00185076 -0.00200983 -0.00890625 -0.0157986 -0.00176279 -0.00483333 -0.0028629 -0.00566327 -0.000422961 0.00809375 -0.00815341 0.00748663 -0.00114689 -0.00167545 -0.0013485 -0.0037983 -0.00726644 -0.00889602 0.000172596 -0.00717949 0.00079096 0.000952937 -0.000428731 -0.00642086 0.00375977 0.00116945 -0.000895755 -0.0116474 -0.00928713
internal_weight=6706 6595 6508 219 139 6289 1045 863 681 326 155 171 182 5244 4737 4589 1755 862 774 2834 268 172 2566 893 273 507 414 1597 602 500
internal_count=6706 6595 6508 219 139 6289 1045 863 681 326 155 171 182 5244 4737 4589 1755 862 774 2834 268 172 2566 893 273 507 414 1597 602 500
is_linear=0
shrinkage=0.035


Tree=155
num_leaves=31
num_cat=0
split_feature=173 132 214 88 90 261 113 27 10 49 67 116 242 204 7 250 6 38 264 193 155 104 126 126 26 10 61 9 192 10
split_gain=9.47294 8.43925 18.485 14.8831 10.6209 10.7869 19.6597 21.6232 10.5778 10.6678 25.8617 14.946 13.3351 14.8858 13.8635 17.2388 13.2451 15.088 12.8139 12.573 15.0625 15.3413 14.2275 20.5467 14.1798 13.7697 11.4727 10.4089 12.886 12.3569
threshold=-0.90171484682707315 0.5628499984741212 0.098350003361701979 0.52609997987747203 0.0050000264817343246 470.10499572753912 -2.5609612442066871 4490.5000000000009 -13.44360762499459 3134.0000000000005 15.192151546872209 268.50000000000006 58.837883607612461 0.17064006968771281 -84.517458103017105 -2.0012603880698028 1.0000000180025095e-35 3445.0000000000005 -0.19408104052542893 -0.52826098505017627 0.026926214161018917 1297.5000000000002 4836.0000000000009 8335.0000000000018 2.6000000238418584 44.62497935185872 1886.0000000000002 -16.54217612956452 0.3592431893455294 93.411550121509535
decision_type=2 2 2 2 2 2 2 2 2 2 2 2 2 2 2 2 2 2 2 2 2 2 2 2 2 2 2 2 2 2
left_child=-1 2 3 4 -2 6 -6 -8 -7 10 11 -10 14 16 15 -11 17 18 -14 25 -21 -22 -23 24 -24 -19 -16 -3 29 -29
right_child=1 27 -4 -5 5 8 7 -9 9 12 -12 -13 13 -15 26 -17 -18 19 -20 20 21 22 23 -25 -26 -27 -28 28 -30 -31
leaf_value=-0.0012475726632498402 -0.0017674471882443065 0.00047476759323751956 0.0056697570109127769 0.0084256007627001635 0.011581387499370151 -0.00036750863871121646 -0.0035149187295529351 0.0081639492123877708 0.0094920078942344853 -0.00022572190377274289 -0.00042514382862535009 5.1593896593416792e-05 -0.00067726001728450082 0.00020998254229570525 -3.4349839577882131e-05 0.0042891176077601454 -0.0036894119882146322 0.0015146740529776953 0.0029246398424916786 0.0025599688108791895 0.00019746763006118996 -0.0032709175039057252 -0.00051509189228788449 -0.0013909553293228135 0.0066821247208805178 -0.00099207814368154168 -0.0010433386055218792 -0.0064107173221405762 0.00014462662182296085 -0.00078413693490641384
leaf_weight=111 118 73 65 60 94 138 61 76 85 80 100 60 92 79 3494 112 199 90 174 60 63 265 71 131 91 150 280 87 68 79
leaf_count=111 118 73 65 60 94 138 61 76 85 80 100 60 92 79 3494 112 199 90 174 60 63 265 71 131 91 150 280 87 68 79
internal_value=-0.00184622 -0.00167045 -0.00139043 -0.0015904 -0.00176475 -0.0015562 0.0057839 -0.00271127 -0.00185255 -0.00161415 0.00546 0.0147 -0.00193801 -0.00478571 -0.00088139 0.00817259 -0.00563623 -0.00419883 0.00309963 -0.0063121 -0.00872449 -0.0103435 -0.0121847 -0.00669463 0.00167665 0.000571429 -0.00135221 -0.00729167 -0.0108368 -0.0159649
internal_weight=6706 6595 6288 6223 6163 6045 231 137 5814 5676 245 145 5431 1465 3966 192 1386 1187 266 921 681 621 558 293 162 240 3774 307 234 166
internal_count=6706 6595 6288 6223 6163 6045 231 137 5814 5676 245 145 5431 1465 3966 192 1386 1187 266 921 681 621 558 293 162 240 3774 307 234 166
is_linear=0
shrinkage=0.035


Tree=156
num_leaves=31
num_cat=0
split_feature=90 160 272 244 72 32 185 234 222 226 69 25 242 146 27 225 212 105 179 193 254 125 179 8 34 267 202 119 82 71
split_gain=8.58004 11.5627 11.0605 11.8997 10.2675 10.1373 9.7663 10.0024 10.5482 12.5402 9.90722 10.1829 13.3035 10.4785 20.9738 16.1927 14.6815 11.7732 15.9183 12.2297 12.7401 12.2168 11.7057 12.4246 11.1975 11.1332 15.2141 12.7506 11.6274 11.525
threshold=0.021390965588634053 0.014300003647804262 -0.012549996376037596 -0.017700001597404477 700.50000000000011 0.14574999362230304 0.017896671797254016 0.065780642553026084 10.785712939563616 -0.46682995907487695 -3.3061203257651188 -6.6477193246374293 36.878271857052788 -0.60805087243907241 14268.500000000002 0.1644577731842812 9.6632295711797322 412.50000000000006 15.297501842241997 -0.94852803202854263 -27.585028477211111 5.3160500526428232 15.346584106641572 -229.44202620422641 4.6438350387116474 0.038464834657414577 -0.92300956484739738 13.162343783575949 11456.500000000002 7957.0000000000009
decision_type=2 2 2 2 2 2 2 2 2 2 2 2 2 2 2 2 2 2 2 2 2 2 2 2 2 2 2 2 2 2
left_child=2 -2 -1 -4 5 -3 10 8 9 -8 11 13 -13 16 15 -15 17 18 -5 -19 -21 22 -22 -24 -23 26 -25 -28 29 -27
right_child=1 4 3 6 -6 -7 7 -9 -10 -11 -12 12 -14 14 -16 -17 -18 19 -20 20 21 24 23 25 -26 28 27 -29 -30 -31
leaf_value=-0.00079443422509505653 -0.00088391113490196961 -0.00093670448608097041 0.0086946234904581535 -0.0017088050343877228 0.00059612924035070606 0.00024054936074743353 -0.00039349653773060187 -0.001801975221127712 -0.00069263058295849893 0.00055874144188134583 0.00020578843320569532 1.0397843358509463e-05 -0.001887909014497687 3.7685195384750685e-05 -0.0005626460560370953 0.0055599926549051732 -0.0014256030059698686 0.0056159801698449857 -0.00016651289971957898 -0.001628415971757979 0.00049972187536496894 -0.00011455230844737848 -0.0009510328175799885 0.0045904226203336337 -0.0040232903727576959 -1.8860460589225084e-05 -0.00076527131076682469 -5.2979872617226757e-05 -0.00022225410508186524 0.00037355693199893738
leaf_weight=77 107 65 74 141 232 69 105 74 129 101 223 133 179 225 114 119 326 97 936 259 104 156 68 76 60 542 307 662 217 729
leaf_count=77 107 65 74 141 232 69 105 74 129 101 223 133 179 225 114 119 326 97 936 259 104 156 68 76 60 542 307 662 217 729
internal_value=-0.00181493 0.00270921 -0.00216015 -0.00198831 0.00566038 -0.00201439 -0.00216198 -0.00735507 -0.00463235 0.000331754 -0.00178144 -0.00207883 -0.00817035 -0.00170134 0.00332613 0.00762178 -0.00219637 -0.00165405 -0.00481978 -0.000607861 -0.000989011 -0.000322967 0.000322878 -0.000147736 -0.00823529 0.000262017 -0.0025 -0.00370123 0.00220362 0.00348354
internal_weight=6706 473 6233 6156 366 134 6082 409 335 206 5673 5450 312 5138 458 344 4680 4354 1077 3277 3180 2921 2705 2601 216 2533 1045 969 1488 1271
internal_count=6706 473 6233 6156 366 134 6082 409 335 206 5673 5450 312 5138 458 344 4680 4354 1077 3277 3180 2921 2705 2601 216 2533 1045 969 1488 1271
is_linear=0
shrinkage=0.035


Tree=157
num_leaves=31
num_cat=0
split_feature=71 71 104 187 163 148 131 153 69 231 113 124 187 260 210 214 27 163 260 50 109 187 150 27 244 275 176 156 196 26
split_gain=9.6191 8.58097 9.13253 19.3862 15.1968 11.599 10.9522 10.4171 12.0888 10.3332 13.2564 11.5222 12.3584 12.6849 13.1711 15.3602 12.3108 16.8307 12.2856 11.5913 11.2655 13.0385 11.1393 10.7383 10.5133 9.35199 9.34418 13.8613 11.7753 10.0199
threshold=419.50000000000006 997.00000000000011 14012.000000000002 -1.7121584349211049e-05 -0.061054726132204452 13270.500000000002 0.80285000801086437 -0.27069243941228688 -5.8255677874758396 8.2336481102990309 -1.2362809949549303 -1.2299544649242309 2.2711951902623751e-05 0.037132939182305751 -0.13788773120332778 0.018500003963708881 12838.000000000002 0.51774141934847961 0.13082668241517806 1102.5000000000002 0.69934999942779552 -0.00010943619430313306 0.038099993020296104 14352.500000000002 0.0033500045537948613 -0.4400508258067814 1.0000000180025095e-35 -0.38924861463640287 0.083099932668404999 2.3988999128341679
decision_type=2 2 2 2 2 2 2 2 2 2 2 2 2 2 2 2 2 2 2 2 2 2 2 2 2 2 2 2 2 2
left_child=-1 -2 5 4 -4 9 -7 -5 -9 11 26 12 13 14 -3 25 17 -14 22 -17 21 -13 -15 -23 -20 -16 -11 28 -28 -29
right_child=1 2 3 7 -6 6 -8 8 -10 10 -12 20 16 18 15 19 -18 -19 24 -21 -22 23 -24 -25 -26 -27 27 29 -30 -31
leaf_value=-0.0015143700262486932 0.0026110007542816853 0.00044583425947614114 0.001198754311553193 -2.1314432239434857e-05 -0.00039518920897636453 -4.0730618059517944e-05 0.0059448603088660774 -0.0018497381020593868 -0.00025581538125496353 -0.0005095310787825403 -0.0022184768860623733 6.244726752224983e-05 0.00022957223986202121 -0.00022770013867765118 0.000622276422350957 -0.0019793650772253289 0.0036496021290947579 -0.0019097640266249802 -0.001051067429835605 8.4891275026000303e-05 0.0003813355787893325 -0.0004250442112884465 0.0058385407278020935 -0.0019899353548958679 4.9375666071566076e-06 -0.00023414625882492549 0.0012306850378078014 -0.00024715918411009148 -0.0011518165802207358 0.00046694661647916848
leaf_weight=113 143 120 105 75 94 76 83 116 107 1108 85 91 256 74 64 333 137 72 127 90 65 141 148 68 1916 91 80 108 292 328
leaf_count=113 143 120 105 75 94 76 83 116 107 1108 85 91 256 74 64 333 137 72 127 90 65 141 148 68 1916 91 80 108 292 328
internal_value=-0.00165847 -0.00147999 -0.00167002 -0.00620518 0.00223039 -0.00128651 0.00789634 -0.0117822 -0.0155044 -0.00154509 -0.00357677 -0.000469984 0.000163123 -0.00067217 -0.00477952 -0.00696398 0.00543617 0.00168168 0.000601322 -0.0103855 -0.00633784 -0.00918033 0.00832599 -0.0139019 -0.000256348 0.00240625 -0.00295159 -8.61009e-05 -0.00501326 0.00412698
internal_weight=6706 6593 6450 497 199 5953 159 298 223 5794 2001 3793 3428 2963 698 578 465 328 2265 423 365 300 222 209 2043 155 1916 808 372 436
internal_count=6706 6593 6450 497 199 5953 159 298 223 5794 2001 3793 3428 2963 698 578 465 328 2265 423 365 300 222 209 2043 155 1916 808 372 436
is_linear=0
shrinkage=0.035


Tree=158
num_leaves=31
num_cat=0
split_feature=272 244 160 71 19 193 52 214 27 124 59 60 155 126 60 86 244 115 183 33 163 211 148 56 58 200 5 155 213 270
split_gain=9.67032 10.3949 8.9575 9.02982 13.9231 11.185 10.474 8.59106 9.83232 8.85022 13.5454 13.0576 14.3718 8.79926 8.77484 9.22144 8.10925 11.8881 14.485 8.76257 14.9605 15.3123 17.058 20.9506 25.6391 20.0677 19.2704 18.3789 16.0704 15.7837
threshold=-0.012549996376037596 -0.017700001597404477 0.096399992704391493 483.00000000000006 533.50000000000011 -0.94852803202854263 530.50000000000011 -0.012549996376037596 2392.5000000000005 -1.2299544649242309 4.1657500267028817 12611.500000000002 0.045972088709909494 3305.0000000000005 8451.0000000000018 2.6777371119168785 0.0036000050604343419 5633.0000000000009 -0.33835925188157473 0.28634999692440039 0.70698615346790994 0.39258302343350537 2338.5000000000005 6.9680708102710316 -7.3603155863133987 -0.018499992787837979 47.858899243973433 0.045677244753467926 11.27430636847634 81.435112863720775
decision_type=2 2 2 2 2 2 2 2 2 2 2 2 2 2 2 2 2 2 2 2 2 2 2 2 2 2 2 2 2 2
left_child=-1 -2 3 -3 -5 -6 -7 -8 -9 16 -11 12 13 -12 15 -14 17 18 -10 -18 21 22 25 -24 27 28 29 -25 -21 -26
right_child=1 2 -4 4 5 6 7 8 9 10 11 -13 14 -15 -16 -17 19 -19 -20 20 -22 -23 23 24 26 -27 -28 -29 -30 -31
leaf_value=-0.00064488975060841901 0.0079698625699192466 -0.00147571175076623 -0.0016207355059816141 0.0092724324250306571 0.0059989048057215383 -0.0046867273250097716 -0.00075417941540300573 0.0021182408205222517 -0.0012406471854553146 -0.00088591155167205013 -0.0023975228049609334 0.0020667762115310372 -0.00010572170965606865 -0.00025859783521853588 -0.00084216777414201308 0.00081411677178096697 4.764751775906962e-06 -0.00065726171151252405 0.0016113493816515801 -0.0043095074886805368 -0.00067016791441515465 0.00044047363686641641 -0.0028145361904903456 0.0038808115702603447 0.006745081452769172 0.00030934517819777326 -0.0031193790336088959 -0.00067657965238452527 0.00034310494648892548 -0.00051186842373022459
leaf_weight=81 75 114 72 64 90 67 76 79 109 88 112 61 63 85 71 71 3278 325 106 271 143 229 114 302 82 68 169 88 62 91
leaf_count=81 75 114 72 64 90 67 76 79 109 88 112 61 63 85 71 71 3278 325 106 271 143 229 114 302 82 68 169 88 62 91
internal_value=-0.00176278 -0.00161011 -0.00176201 -0.00161962 -0.00143979 -0.00160983 -0.00179083 -0.00163386 -0.00148139 -0.00164692 -0.00585432 -0.00336538 -0.00567568 -0.012302 0.000833333 0.00604317 -0.00121555 -0.00526606 0.00111364 -0.000763974 -0.00286638 -0.00179608 -0.00332668 -0.000493537 0.00170963 -0.00922414 -0.00524496 0.00779747 -0.0127367 0.00294944
internal_weight=6706 6625 6550 6478 6364 6300 6210 6143 6067 5988 551 463 402 197 205 134 5437 540 215 4897 1619 1476 1247 846 732 401 342 390 333 173
internal_count=6706 6625 6550 6478 6364 6300 6210 6143 6067 5988 551 463 402 197 205 134 5437 540 215 4897 1619 1476 1247 846 732 401 342 390 333 173
is_linear=0
shrinkage=0.035


Tree=159
num_leaves=31
num_cat=0
split_feature=173 49 180 49 30 30 59 49 163 142 242 162 174 222 113 105 38 202 150 54 126 183 55 27 103 148 202 236 231 273
split_gain=9.57363 9.67552 19.0564 11.5647 16.2584 16.8124 10.7527 9.9998 9.56065 10.3217 7.90422 7.80027 16.5628 12.0787 12.9902 12.6934 11.5119 11.002 16.0394 15.1996 15.141 11.3319 10.8337 16.3324 10.7908 10.5524 10.3575 15.7238 10.2289 10.1002
threshold=-0.90171484682707315 1382.5000000000002 0.0015499889850616457 2018.0000000000002 522.50000000000011 539.50000000000011 3.1764000654220585 2412.0000000000005 -0.47010863654321172 0.80724999308586132 90.490829192310017 0.24581434767544141 0.14373128680628122 25.284202861648023 -1.3976282268302735 2341.0000000000005 8459.0000000000018 -0.67434883846711735 0.058799996972084052 0.26444999873638159 1326.0000000000002 0.75843136096339536 0.1629000008106232 12305.000000000002 5.9855999946594247 2244.5000000000005 0.20634920634702281 1.5091831321678575 4.6093742329522689 0.126129117833679
decision_type=2 2 2 2 2 2 2 2 2 2 2 2 2 2 2 2 2 2 2 2 2 2 2 2 2 2 2 2 2 2
left_child=-1 2 -2 6 -5 10 -3 -7 9 -9 -6 24 13 14 15 17 29 -13 19 21 -20 22 -19 26 -10 -16 -24 -28 -21 -15
right_child=1 3 -4 4 5 7 -8 8 11 -11 -12 12 -14 16 25 -17 -18 18 20 28 -22 -23 23 -25 -26 -27 27 -29 -30 -31
leaf_value=-0.0012449163072863342 0.007313636229626652 1.1755021076659268e-05 -0.0011933795475261295 0.0056985160419919861 -0.0058153953197602878 0.0028591607295479961 -0.0015157000254540718 -0.00011786902297910296 -4.0019960384773958e-08 -0.0016120206618709264 -0.00025659232089246298 0.00024251030073525111 0.0026094584641953504 -2.9236989796952996e-05 0.0016591135138198866 -0.0018087453163959512 -0.0035316264843104025 -0.00083348864903678001 -6.6848582816747557e-06 -4.857870407880161e-05 -0.0016033258105958377 0.00041722070797848903 -0.00055837541407563766 0.0022957287265560748 -0.00091521068757321306 -0.00023312010489520254 0.00075116114005491404 -0.00085017586059028436 -0.0023013002726723192 -0.00092680232449627263
leaf_weight=111 116 62 61 74 60 63 88 101 3476 84 88 248 130 182 112 122 104 119 94 87 182 102 168 100 166 83 103 69 91 60
leaf_count=111 116 62 61 74 60 63 88 101 3476 84 88 248 130 182 112 122 104 119 94 87 182 102 168 100 166 83 103 69 91 60
internal_value=-0.00179407 -0.00161742 0.00634615 -0.00184182 -0.00160689 -0.00180674 -0.0112903 -0.00151545 -0.00166583 -0.00939474 -0.013268 -0.00141134 -0.00307728 -0.00386017 -0.00261721 -0.0037349 -0.00977208 -0.00273757 -0.00421875 -0.00178318 -0.0114591 0.000683183 -0.00130319 0.00125843 -0.000422265 0.005775 -0.00243478 0.00355932 -0.0107104 -0.00538462
internal_weight=6706 6595 177 6418 6268 6194 150 6046 5983 185 148 5798 2156 2026 1680 1485 346 1363 1115 839 276 661 559 440 3642 195 340 172 178 242
internal_count=6706 6595 177 6418 6268 6194 150 6046 5983 185 148 5798 2156 2026 1680 1485 346 1363 1115 839 276 661 559 440 3642 195 340 172 178 242
is_linear=0
shrinkage=0.035


end of trees

feature_importances:
ib_range_bps=150
call_d50_oi=148
ctx_qqq_ib_range_bps=148
call_d65_oi=147
phys_d50_oi_skew_call_minus_put=145
call_d15_oi=127
put_d35_oi=126
put_d80_oi=121
call_d25_oi=113
call_d80_oi=109
phys_total_option_oi_log=108
call_d35_oi=102
ctx_qqq_spot=101
put_d50_oi=98
phys_d65_oi_skew_call_minus_put=85
ctx_spx_ib_range_bps=82
dist_fib_127_up_bps=81
put_d15_oi=80
phys_d80_oi_skew_call_minus_put=77
phys_d35_oi_skew_call_minus_put=76
ctx_qqq_phys_total_oi_skew_call_minus_put=74
put_d65_oi=70
put_d25_oi=62
dist_ib_high_bps=57
ctx_spx_phys_total_oi_skew_call_minus_put=51
phys_d25_oi_skew_call_minus_put=48
dist_fib_200_up_bps=47
phys_call_iv_slope_low_to_high=46
phys_d15_oi_skew_call_minus_put=44
phys_ib_edge_min_abs_bps=43
spot=42
put_d15_iv=40
call_d15_strike=38
dist_fib_200_dn_bps=37
ctx_qqq_nearest_level_abs_bps=37
ctx_spx_spot=34
ctx_qqq_phys_d35_iv_skew_put_minus_call=33
ctx_spx_phys_d35_iv_skew_put_minus_call=32
dist_fib_161_up_bps=28
put_d80_iv=27
dist_fib_161_dn_bps=26
phys_d15_iv_skew_put_minus_call=25
put_d80_strike=24
dist_fib_127_dn_bps=23
phys_ib_balance=23
call_d50_spread_pct=21
phys_total_oi_skew_call_minus_put=21
phys_fib_any_min_abs_bps=21
ctx_spy_ib_range_bps=21
call_d15_iv=20
put_d50_vega=20
call_d25_strike=19
call_d80_iv=19
phys_d25_iv_skew_put_minus_call=19
phys_d35_volume_skew_call_minus_put=19
put_d15_strike=18
call_d80_strike=18
phys_d50_spread_mean=18
phys_nearest_level_vs_ib_range=18
ctx_qqq_ret_15m_bps_minus_self=18
put_d15_strike_bps=17
call_d50_theta_over_mid=17
call_d50_vega=17
call_d35_strike=16
phys_d15_iv_mean=16
call_d50_iv=15
call_d65_vega=15
put_d65_theta_over_mid=15
phys_fib_up_min_abs_bps=15
phys_fib_up_mean_signed_bps=15
ret_30m_bps=14
call_d65_theta_over_mid=14
phys_d15_mid_skew_call_minus_put=14
phys_d35_iv_skew_put_minus_call=14
nearest_level_name_ib_high=14
call_d35_abs_delta=13
put_d35_iv=13
put_d35_theta_over_mid=13
phys_d15_spread_mean=13
phys_d80_iv_skew_put_minus_call=13
phys_put_iv_slope_low_to_high=13
dist_ib_low_bps=12
put_d25_vega=12
call_d35_volume=12
put_d35_strike=12
put_d80_theta_over_mid=12
phys_call_mid_slope_low_to_high=12
nearest_level_abs_bps=11
call_d15_abs_delta=11
call_d15_mid_bps=11
call_d15_theta_over_mid=11
call_d35_theta_over_mid=11
call_d35_vega=11
put_d35_vega=11
put_d65_strike=11
phys_d35_liquidity_score=11
ctx_spx_ret_30m_bps=11
put_d15_abs_delta=10
put_d25_theta_over_mid=10
call_d35_strike_bps=10
call_d65_mid_bps=10
put_d65_iv=10
put_d65_mid_bps=10
call_d80_mid_bps=10
call_d80_theta_over_mid=10
phys_d35_spread_mean=10
phys_d65_iv_mean=10
phys_d65_spread_mean=10
phys_d80_vega_skew_call_minus_put=10
ctx_qqq_ret_30m_bps=10
call_d15_spread_pct=9
call_d15_vega=9
call_d25_vega=9
put_d25_strike=9
call_d35_mid_bps=9
put_d35_spread_pct=9
put_d50_iv=9
put_d50_theta_over_mid=9
call_d80_volume=9
phys_d25_volume_skew_call_minus_put=9
phys_d65_liquidity_score=9
phys_d80_iv_mean=9
phys_d80_volume_skew_call_minus_put=9
phys_d80_spread_mean=9
minute=8
call_d15_strike_bps=8
put_d35_volume=8
call_d50_mid_bps=8
put_d65_spread_pct=8
call_d80_spread_pct=8
put_d80_spread_pct=8
put_d80_vega=8
phys_d15_vega_skew_call_minus_put=8
phys_d50_liquidity_score=8
phys_d65_iv_skew_put_minus_call=8
phys_d80_mid_skew_call_minus_put=8
phys_d80_theta_skew_call_minus_put=8
put_d15_theta_over_mid=7
call_d25_volume=7
put_d50_spread_pct=7
call_d65_iv=7
call_d65_spread_pct=7
put_d65_vega=7
phys_d15_liquidity_score=7
phys_d35_mid_skew_call_minus_put=7
phys_d50_iv_skew_put_minus_call=7
phys_total_option_volume_log=7
phys_fib_dn_mean_signed_bps=7
call_d25_iv=6
put_d25_strike_bps=6
put_d25_mid_bps=6
call_d35_iv=6
phys_d65_volume_skew_call_minus_put=6
ctx_spx_ret_1m_bps=6
ctx_spx_nearest_level_abs_bps=6
ctx_qqq_ret_5m_bps=6
ctx_qqq_phys_total_volume_skew_call_minus_put=6
put_d25_iv=5
call_d50_strike=5
call_d50_strike_bps=5
put_d50_mid_bps=5
put_d50_volume=5
call_d65_volume=5
put_d80_abs_delta=5
phys_d25_iv_mean=5
phys_d25_mid_skew_call_minus_put=5
phys_d25_spread_mean=5
phys_d25_theta_skew_call_minus_put=5
phys_d50_iv_mean=5
phys_d65_abs_delta_gap=5
phys_d80_abs_delta_gap=5
phys_put_mid_slope_low_to_high=5
phys_abs_ret_15m_bps=5
ctx_spy_spot=5
ctx_spy_phys_total_oi_skew_call_minus_put=5
nearest_level_name_ib_low=5
put_d15_mid_bps=4
call_d25_strike_bps=4
call_d25_abs_delta=4
call_d25_mid_bps=4
call_d25_theta_over_mid=4
put_d25_volume=4
put_d35_strike_bps=4
call_d65_abs_delta=4
put_d65_strike_bps=4
put_d65_volume=4
call_d80_strike_bps=4
call_d80_abs_delta=4
phys_d15_volume_skew_call_minus_put=4
phys_d15_theta_skew_call_minus_put=4
phys_d15_abs_delta_gap=4
phys_d35_iv_mean=4
phys_d35_theta_skew_call_minus_put=4
phys_d50_vega_skew_call_minus_put=4
phys_d65_theta_skew_call_minus_put=4
ctx_spx_ret_1m_bps_minus_self=4
ctx_spx_ret_5m_bps=4
ctx_spx_ret_30m_bps_minus_self=4
ctx_qqq_ret_30m_bps_minus_self=4
put_d15_vega=3
put_d25_abs_delta=3
call_d35_spread_pct=3
put_d65_abs_delta=3
call_d80_vega=3
put_d80_strike_bps=3
phys_d25_liquidity_score=3
phys_d35_vega_skew_call_minus_put=3
phys_d35_abs_delta_gap=3
phys_d50_theta_skew_call_minus_put=3
phys_d65_mid_skew_call_minus_put=3
phys_d80_liquidity_score=3
phys_fib_dn_min_abs_bps=3
phys_abs_ret_30m_bps=3
ctx_spx_ret_5m_bps_minus_self=3
ctx_spx_ret_15m_bps=3
ctx_spx_ret_15m_bps_minus_self=3
ctx_spx_phys_total_volume_skew_call_minus_put=3
ctx_spy_nearest_level_abs_bps=3
nearest_level_name_fib_127_up=3
ret_1m_bps=2
ret_15m_bps=2
call_d15_volume=2
put_d15_spread_pct=2
put_d25_spread_pct=2
call_d50_volume=2
call_d65_strike=2
put_d80_mid_bps=2
put_d80_volume=2
phys_d25_vega_skew_call_minus_put=2
phys_d50_volume_skew_call_minus_put=2
phys_d65_vega_skew_call_minus_put=2
phys_total_volume_skew_call_minus_put=2
phys_momentum_accel_ret_5m_bps_minus_ret_15m_bps=2
phys_abs_ret_5m_bps=2
ctx_spy_ret_30m_bps=2
ctx_qqq_ret_1m_bps=2
ctx_spy_qqq_ret_5m_spread=2
put_d15_volume=1
put_d35_abs_delta=1
call_d50_abs_delta=1
put_d50_strike_bps=1
phys_d50_mid_skew_call_minus_put=1
phys_d50_abs_delta_gap=1
phys_momentum_accel_ret_1m_bps_minus_ret_5m_bps=1
phys_momentum_accel_ret_15m_bps_minus_ret_30m_bps=1
ctx_spy_ret_5m_bps=1
ctx_spy_phys_d35_iv_skew_put_minus_call=1
ctx_qqq_ret_1m_bps_minus_self=1
ctx_qqq_ret_15m_bps=1
nearest_level_name_fib_127_dn=1

parameters:
[boosting: gbdt]
[objective: regression_l1]
[metric: l1]
[tree_learner: serial]
[device_type: cpu]
[data_sample_strategy: bagging]
[data: ]
[valid: ]
[num_iterations: 160]
[learning_rate: 0.035]
[num_leaves: 31]
[num_threads: 4]
[seed: 20260620]
[deterministic: 1]
[force_col_wise: 1]
[force_row_wise: 0]
[histogram_pool_size: -1]
[max_depth: -1]
[min_data_in_leaf: 60]
[min_sum_hessian_in_leaf: 0.001]
[bagging_fraction: 0.85]
[pos_bagging_fraction: 1]
[neg_bagging_fraction: 1]
[bagging_freq: 0]
[bagging_seed: 7346]
[bagging_by_query: 0]
[feature_fraction: 0.85]
[feature_fraction_bynode: 1]
[feature_fraction_seed: 18558]
[extra_trees: 0]
[extra_seed: 9354]
[early_stopping_round: 0]
[early_stopping_min_delta: 0]
[first_metric_only: 0]
[max_delta_step: 0]
[lambda_l1: 0]
[lambda_l2: 5]
[linear_lambda: 0]
[min_gain_to_split: 0]
[drop_rate: 0.1]
[max_drop: 50]
[skip_drop: 0.5]
[xgboost_dart_mode: 0]
[uniform_drop: 0]
[drop_seed: 4721]
[top_rate: 0.2]
[other_rate: 0.1]
[min_data_per_group: 100]
[max_cat_threshold: 32]
[cat_l2: 10]
[cat_smooth: 10]
[max_cat_to_onehot: 4]
[top_k: 20]
[monotone_constraints: ]
[monotone_constraints_method: basic]
[monotone_penalty: 0]
[feature_contri: ]
[forcedsplits_filename: ]
[refit_decay_rate: 0.9]
[cegb_tradeoff: 1]
[cegb_penalty_split: 0]
[cegb_penalty_feature_lazy: ]
[cegb_penalty_feature_coupled: ]
[path_smooth: 0]
[interaction_constraints: ]
[verbosity: -1]
[saved_feature_importance_type: 0]
[use_quantized_grad: 0]
[num_grad_quant_bins: 4]
[quant_train_renew_leaf: 0]
[stochastic_rounding: 1]
[linear_tree: 0]
[max_bin: 255]
[max_bin_by_feature: ]
[min_data_in_bin: 3]
[bin_construct_sample_cnt: 200000]
[data_random_seed: 4106]
[is_enable_sparse: 1]
[enable_bundle: 1]
[use_missing: 1]
[zero_as_missing: 0]
[feature_pre_filter: 1]
[pre_partition: 0]
[two_round: 0]
[header: 0]
[label_column: ]
[weight_column: ]
[group_column: ]
[ignore_column: ]
[categorical_feature: ]
[forcedbins_filename: ]
[precise_float_parser: 0]
[parser_config_file: ]
[objective_seed: 24878]
[num_class: 1]
[is_unbalance: 0]
[scale_pos_weight: 1]
[sigmoid: 1]
[boost_from_average: 1]
[reg_sqrt: 0]
[alpha: 0.9]
[fair_c: 1]
[poisson_max_delta_step: 0.7]
[tweedie_variance_power: 1.5]
[lambdarank_truncation_level: 30]
[lambdarank_norm: 1]
[label_gain: ]
[lambdarank_position_bias_regularization: 0]
[eval_at: ]
[multi_error_top_k: 1]
[auc_mu_weights: ]
[num_machines: 1]
[local_listen_port: 12400]
[time_out: 120]
[machine_list_filename: ]
[machines: ]
[gpu_platform_id: -1]
[gpu_device_id: -1]
[gpu_use_dp: 0]
[num_gpu: 1]

end of parameters

pandas_categorical:[]
